! Date: 08/09/2026  Time: 14:07:35  Created by RADMC3D compiled on Jul 23 2026 22:03    
! Alexander Men’shchikov, DAp IRFU CEA Saclay, France                         
!
! RADIAL PROFILES OF SURFACE DENSITIES (cm^-2)
!
! Distance (pc): 2.60000000E+02  Mass-averaged Tdust (K): 5.24040458E+00
!
!   N   RADIUS(au)     RADIUS(pc)     RADIUS(as)      PROFILE        SLOPE          PROFILEBS      SLOPEBS
!
    1  7.3243883E-01  3.5509148E-06  2.8170724E-03  1.2332177E+24  6.4265573E-03  4.4767518E+23  1.8124909E-02
    2  4.2342392E+01  2.0527889E-04  1.6285535E-01  1.2014788E+24  6.4265573E-03  4.1593633E+23  1.8124909E-02
    3  8.3952346E+01  4.0700686E-04  3.2289364E-01  1.1271422E+24  6.4265573E-03  3.4159973E+23  1.8124909E-02
    4  1.2556230E+02  6.0873484E-04  4.8293192E-01  1.0444411E+24  6.4265573E-03  2.5889855E+23  1.8124909E-02
    5  1.6717225E+02  8.1046281E-04  6.4297020E-01  9.7896168E+23  9.3311047E-02  1.9341918E+23  2.8766090E-01
    6  2.0878221E+02  1.0121908E-03  8.0300848E-01  9.2890629E+23  1.8930083E-01  1.4336378E+23  6.8861386E-01
    7  2.5039216E+02  1.2139188E-03  9.6304677E-01  8.9430737E+23  2.0886442E-01  1.0876486E+23  1.0187052E+00
    8  2.9200211E+02  1.4156467E-03  1.1230850E+00  8.6742773E+23  2.0886442E-01  8.1885224E+22  1.3473640E+00
    9  3.3361207E+02  1.6173747E-03  1.2831233E+00  8.4647271E+23  1.9850900E-01  6.0930205E+22  1.5197646E+00
   10  3.7522202E+02  1.8191027E-03  1.4431616E+00  8.3367627E+23  1.8356583E-01  4.8133759E+22  1.8465150E+00
   11  4.1683197E+02  2.0208306E-03  1.6031999E+00  8.2356489E+23  1.2959783E-01  3.8022379E+22  2.0056756E+00
   12  4.5844193E+02  2.2225586E-03  1.7632382E+00  8.1267412E+23  1.2959783E-01  2.7131610E+22  2.2188441E+00
   13  5.0005188E+02  2.4242866E-03  1.9232765E+00  8.0859608E+23  1.1603465E-01  2.3053573E+22  2.0056756E+00
   14  5.4166183E+02  2.6260146E-03  2.0833147E+00  8.0102046E+23  1.1603465E-01  1.5477955E+22  2.2422690E+00
   15  5.8327179E+02  2.8277425E-03  2.2433530E+00  7.9854897E+23  5.7904957E-02  1.3006460E+22  2.3505929E+00
   16  6.2488174E+02  3.0294705E-03  2.4033913E+00  7.9493225E+23  5.7904957E-02  9.3897380E+21  2.3505929E+00
   17  6.6649169E+02  3.2311985E-03  2.5634296E+00  7.9126281E+23  6.5875203E-02  5.7203008E+21  4.7283811E+00
   18  7.0810165E+02  3.4329265E-03  2.7234679E+00  7.8951521E+23  4.1753083E-02  3.9726976E+21  4.7283811E+00
   19  7.4971160E+02  3.6346544E-03  2.8835062E+00  7.8677322E+23  6.0927843E-02  1.2307171E+21  6.0200822E+00
   20  7.9132155E+02  3.8363824E-03  3.0435444E+00  7.8475987E+23  4.7435702E-02  1.0000000E-99  6.0200822E+00
   21  8.3293151E+02  4.0381104E-03  3.2035827E+00  7.8369318E+23  3.6510386E-02  1.0000000E-99  1.0000000E-99
   22  8.7454146E+02  4.2398384E-03  3.3636210E+00  7.8223938E+23  3.8089260E-02  1.0000000E-99  1.0000000E-99
   23  9.1615141E+02  4.4415663E-03  3.5236593E+00  7.8024208E+23  3.8089260E-02  1.0000000E-99  1.0000000E-99
   24  9.5776137E+02  4.6432943E-03  3.6836976E+00  7.7967153E+23  2.6541710E-02  1.0000000E-99  1.0000000E-99
   25  9.9937132E+02  4.8450223E-03  3.8437358E+00  7.7897627E+23  2.0977485E-02  1.0000000E-99  1.0000000E-99
   26  1.0409813E+03  5.0467502E-03  4.0037741E+00  7.7801772E+23  2.0977485E-02  1.0000000E-99  1.0000000E-99
   27  1.0825912E+03  5.2484782E-03  4.1638124E+00  7.7668145E+23  2.0977485E-02  1.0000000E-99  1.0000000E-99
   28  1.1242012E+03  5.4502062E-03  4.3238507E+00  7.7638194E+23  2.0977485E-02  1.0000000E-99  1.0000000E-99
   29  1.1658111E+03  5.6519342E-03  4.4838890E+00  7.7602427E+23  1.2678657E-02  1.0000000E-99  1.0000000E-99
   30  1.2074211E+03  5.8536621E-03  4.6439273E+00  7.7556933E+23  1.2678657E-02  1.0000000E-99  1.0000000E-99
   31  1.2490310E+03  6.0553901E-03  4.8039655E+00  7.7485488E+23  1.2678657E-02  1.0000000E-99  1.0000000E-99
   32  1.2906410E+03  6.2571181E-03  4.9640038E+00  7.7420241E+23  1.6721398E-02  1.0000000E-99  1.0000000E-99
   33  1.3322509E+03  6.4588461E-03  5.1240421E+00  7.7408774E+23  1.6721398E-02  1.0000000E-99  1.0000000E-99
   34  1.3738609E+03  6.6605740E-03  5.2840804E+00  7.7394451E+23  6.0167191E-03  1.0000000E-99  1.0000000E-99
   35  1.4154709E+03  6.8623020E-03  5.4441187E+00  7.7375639E+23  6.0167191E-03  1.0000000E-99  1.0000000E-99
   36  1.4570808E+03  7.0640300E-03  5.6041569E+00  7.7348014E+23  6.0167191E-03  1.0000000E-99  1.0000000E-99
   37  1.4986908E+03  7.2657580E-03  5.7641952E+00  7.7279841E+23  8.1476196E-03  1.0000000E-99  1.0000000E-99
   38  1.5403007E+03  7.4674859E-03  5.9242335E+00  7.7284238E+23  8.1476196E-03  1.0000000E-99  1.0000000E-99
   39  1.5819107E+03  7.6692139E-03  6.0842718E+00  7.7287921E+23  2.0776683E-03  1.0000000E-99  1.0000000E-99
   40  1.6235206E+03  7.8709419E-03  6.2443101E+00  7.7290483E+23  1.7877199E-03  1.0000000E-99  1.0000000E-99
   41  1.6651306E+03  8.0726699E-03  6.4043484E+00  7.7291196E+23  1.2768687E-03  1.0000000E-99  1.0000000E-99
   42  1.7067405E+03  8.2743978E-03  6.5643866E+00  7.7288479E+23  1.2768687E-03  1.0000000E-99  1.0000000E-99
   43  1.7483505E+03  8.4761258E-03  6.7244249E+00  7.7277059E+23  1.2768687E-03  1.0000000E-99  1.0000000E-99
   44  1.7899604E+03  8.6778538E-03  6.8844632E+00  7.7253134E+23  1.4240583E-03  1.0000000E-99  1.0000000E-99
   45  1.8315704E+03  8.8795817E-03  7.0445015E+00  7.7271657E+23  6.1347171E-03  1.0000000E-99  1.0000000E-99
   46  1.8731803E+03  9.0813097E-03  7.2045398E+00  7.7290560E+23  1.0432149E-02  1.0000000E-99  1.0000000E-99
   47  1.9147903E+03  9.2830377E-03  7.3645780E+00  7.7309708E+23  1.0888687E-02  1.0000000E-99  1.0000000E-99
   48  1.9564002E+03  9.4847657E-03  7.5246163E+00  7.7328851E+23  1.0888687E-02  1.0000000E-99  1.0000000E-99
   49  1.9980102E+03  9.6864936E-03  7.6846546E+00  7.7347476E+23  1.1275049E-02  1.0000000E-99  1.0000000E-99
   50  2.0396202E+03  9.8882216E-03  7.8446929E+00  7.7364343E+23  1.1275049E-02  1.0000000E-99  1.0000000E-99
   51  2.0812301E+03  1.0089950E-02  8.0047312E+00  7.7374516E+23  1.0578379E-02  1.0000000E-99  1.0000000E-99
   52  2.1228401E+03  1.0291678E-02  8.1647695E+00  7.7382960E+23  6.5103784E-03  1.0000000E-99  1.0000000E-99
   53  2.1644500E+03  1.0493406E-02  8.3248077E+00  7.7420567E+23  6.5103784E-03  1.0000000E-99  1.0000000E-99
   54  2.2060600E+03  1.0695134E-02  8.4848460E+00  7.7460247E+23  6.5103784E-03  1.0000000E-99  1.0000000E-99
   55  2.2476699E+03  1.0896861E-02  8.6448843E+00  7.7502220E+23  2.5029977E-02  1.0000000E-99  1.0000000E-99
   56  2.2892799E+03  1.1098589E-02  8.8049226E+00  7.7546744E+23  2.6908839E-02  1.0000000E-99  1.0000000E-99
   57  2.3308898E+03  1.1300317E-02  8.9649609E+00  7.7594117E+23  2.8990389E-02  1.0000000E-99  1.0000000E-99
   58  2.3724998E+03  1.1502045E-02  9.1249992E+00  7.7644659E+23  3.1309612E-02  1.0000000E-99  1.0000000E-99
   59  2.4141097E+03  1.1703773E-02  9.2850374E+00  7.7698600E+23  3.3904223E-02  1.0000000E-99  1.0000000E-99
   60  2.4557197E+03  1.1905501E-02  9.4450757E+00  7.7755369E+23  3.6800426E-02  1.0000000E-99  1.0000000E-99
   61  2.4973296E+03  1.2107229E-02  9.6051140E+00  7.7810586E+23  3.9944136E-02  1.0000000E-99  1.0000000E-99
   62  2.5389396E+03  1.2308957E-02  9.7651523E+00  7.7896699E+23  4.2249590E-02  1.0000000E-99  1.0000000E-99
   63  2.5805495E+03  1.2510685E-02  9.9251906E+00  7.7998004E+23  4.2737772E-02  1.0000000E-99  1.0000000E-99
   64  2.6221595E+03  1.2712413E-02  1.0085229E+01  7.8125182E+23  6.6936443E-02  1.0000000E-99  1.0000000E-99
   65  2.6637695E+03  1.2914141E-02  1.0245267E+01  7.8316705E+23  7.9950299E-02  1.0000000E-99  1.0000000E-99
   66  2.7053794E+03  1.3115869E-02  1.0405305E+01  7.8555558E+23  1.0185145E-01  1.0000000E-99  1.0000000E-99
   67  2.7469894E+03  1.3317597E-02  1.0565344E+01  7.8554179E+23  1.0185145E-01  1.0000000E-99  1.0000000E-99
   68  2.7885993E+03  1.3519325E-02  1.0725382E+01  7.8552780E+23  1.1850015E-03  1.0000000E-99  1.0000000E-99
   69  2.8302093E+03  1.3721053E-02  1.0885420E+01  7.8551359E+23  1.1850015E-03  1.0000000E-99  1.0000000E-99
   70  2.8718192E+03  1.3922781E-02  1.1045459E+01  7.8549918E+23  1.1850015E-03  1.0000000E-99  1.0000000E-99
   71  2.9134292E+03  1.4124509E-02  1.1205497E+01  7.8548455E+23  1.2209483E-03  1.0000000E-99  1.0000000E-99
   72  2.9550391E+03  1.4326237E-02  1.1365535E+01  7.8546971E+23  1.2574343E-03  1.0000000E-99  1.0000000E-99
   73  2.9966491E+03  1.4527965E-02  1.1525573E+01  7.8545467E+23  1.2944594E-03  1.0000000E-99  1.0000000E-99
   74  3.0382590E+03  1.4729693E-02  1.1685612E+01  7.8543941E+23  1.3320238E-03  1.0000000E-99  1.0000000E-99
   75  3.0798690E+03  1.4931421E-02  1.1845650E+01  7.8542394E+23  1.3701277E-03  1.0000000E-99  1.0000000E-99
   76  3.1214789E+03  1.5133149E-02  1.2005688E+01  7.8540826E+23  1.4087712E-03  1.0000000E-99  1.0000000E-99
   77  3.1630889E+03  1.5334877E-02  1.2165727E+01  7.8539237E+23  1.4479543E-03  1.0000000E-99  1.0000000E-99
   78  3.2046988E+03  1.5536605E-02  1.2325765E+01  7.8537626E+23  1.4876773E-03  1.0000000E-99  1.0000000E-99
   79  3.2463088E+03  1.5738333E-02  1.2485803E+01  7.8535995E+23  1.5279402E-03  1.0000000E-99  1.0000000E-99
   80  3.2879188E+03  1.5940061E-02  1.2645841E+01  7.8534343E+23  1.5687432E-03  1.0000000E-99  1.0000000E-99
   81  3.3295287E+03  1.6141789E-02  1.2805880E+01  7.8532669E+23  1.6100865E-03  1.0000000E-99  1.0000000E-99
   82  3.3711387E+03  1.6343517E-02  1.2965918E+01  7.8530975E+23  1.6519700E-03  1.0000000E-99  1.0000000E-99
   83  3.4127486E+03  1.6545245E-02  1.3125956E+01  7.8529259E+23  1.6943940E-03  1.0000000E-99  1.0000000E-99
   84  3.4543586E+03  1.6746973E-02  1.3285994E+01  7.8527522E+23  1.7373587E-03  1.0000000E-99  1.0000000E-99
   85  3.4959685E+03  1.6948701E-02  1.3446033E+01  7.8525765E+23  1.7808641E-03  1.0000000E-99  1.0000000E-99
   86  3.5375785E+03  1.7150429E-02  1.3606071E+01  7.8523986E+23  1.8249104E-03  1.0000000E-99  1.0000000E-99
   87  3.5791884E+03  1.7352157E-02  1.3766109E+01  7.8522186E+23  1.8694977E-03  1.0000000E-99  1.0000000E-99
   88  3.6207984E+03  1.7553885E-02  1.3926148E+01  7.8520365E+23  1.9146263E-03  1.0000000E-99  1.0000000E-99
   89  3.6624083E+03  1.7755613E-02  1.4086186E+01  7.8518523E+23  1.9602961E-03  1.0000000E-99  1.0000000E-99
   90  3.7040183E+03  1.7957341E-02  1.4246224E+01  7.8516659E+23  2.0065074E-03  1.0000000E-99  1.0000000E-99
   91  3.7456282E+03  1.8159069E-02  1.4406262E+01  7.8514775E+23  2.0532603E-03  1.0000000E-99  1.0000000E-99
   92  3.7872382E+03  1.8360796E-02  1.4566301E+01  7.8512869E+23  2.1005551E-03  1.0000000E-99  1.0000000E-99
   93  3.8288481E+03  1.8562524E-02  1.4726339E+01  7.8510943E+23  2.1483917E-03  1.0000000E-99  1.0000000E-99
   94  3.8704581E+03  1.8764252E-02  1.4886377E+01  7.8508995E+23  2.1967704E-03  1.0000000E-99  1.0000000E-99
   95  3.9120681E+03  1.8965980E-02  1.5046416E+01  7.8507026E+23  2.2456914E-03  1.0000000E-99  1.0000000E-99
   96  3.9536780E+03  1.9167708E-02  1.5206454E+01  7.8505036E+23  2.2951547E-03  1.0000000E-99  1.0000000E-99
   97  3.9952880E+03  1.9369436E-02  1.5366492E+01  7.8503025E+23  2.3451606E-03  1.0000000E-99  1.0000000E-99
   98  4.0368979E+03  1.9571164E-02  1.5526530E+01  7.8500993E+23  2.3957093E-03  1.0000000E-99  1.0000000E-99
   99  4.0785079E+03  1.9772892E-02  1.5686569E+01  7.8498940E+23  2.4468008E-03  1.0000000E-99  1.0000000E-99
  100  4.1201178E+03  1.9974620E-02  1.5846607E+01  7.8496866E+23  2.4984353E-03  1.0000000E-99  1.0000000E-99
  101  4.1617278E+03  2.0176348E-02  1.6006645E+01  7.8494770E+23  2.5506131E-03  1.0000000E-99  1.0000000E-99
  102  4.2033377E+03  2.0378076E-02  1.6166684E+01  7.8492654E+23  2.6033343E-03  1.0000000E-99  1.0000000E-99
  103  4.2449477E+03  2.0579804E-02  1.6326722E+01  7.8490516E+23  2.6565990E-03  1.0000000E-99  1.0000000E-99
  104  4.2865576E+03  2.0781532E-02  1.6486760E+01  7.8488357E+23  2.7104074E-03  1.0000000E-99  1.0000000E-99
  105  4.3281676E+03  2.0983260E-02  1.6646798E+01  7.8486177E+23  2.7647597E-03  1.0000000E-99  1.0000000E-99
  106  4.3697775E+03  2.1184988E-02  1.6806837E+01  7.8483976E+23  2.8196561E-03  1.0000000E-99  1.0000000E-99
  107  4.4113875E+03  2.1386716E-02  1.6966875E+01  7.8481754E+23  2.8750968E-03  1.0000000E-99  1.0000000E-99
  108  4.4529974E+03  2.1588444E-02  1.7126913E+01  7.8479511E+23  2.9310819E-03  1.0000000E-99  1.0000000E-99
  109  4.4946074E+03  2.1790172E-02  1.7286952E+01  7.8477246E+23  2.9876116E-03  1.0000000E-99  1.0000000E-99
  110  4.5362174E+03  2.1991900E-02  1.7446990E+01  7.8474961E+23  3.0446861E-03  1.0000000E-99  1.0000000E-99
  111  4.5778273E+03  2.2193628E-02  1.7607028E+01  7.8472654E+23  3.1023055E-03  1.0000000E-99  1.0000000E-99
  112  4.6194373E+03  2.2395356E-02  1.7767066E+01  7.8470326E+23  3.1604702E-03  1.0000000E-99  1.0000000E-99
  113  4.6610472E+03  2.2597084E-02  1.7927105E+01  7.8467977E+23  3.2191802E-03  1.0000000E-99  1.0000000E-99
  114  4.7026572E+03  2.2798812E-02  1.8087143E+01  7.8465607E+23  3.2784357E-03  1.0000000E-99  1.0000000E-99
  115  4.7442671E+03  2.3000540E-02  1.8247181E+01  7.8463216E+23  3.3382370E-03  1.0000000E-99  1.0000000E-99
  116  4.7858771E+03  2.3202268E-02  1.8407220E+01  7.8460804E+23  3.3985843E-03  1.0000000E-99  1.0000000E-99
  117  4.8274870E+03  2.3403996E-02  1.8567258E+01  7.8458370E+23  3.4594776E-03  1.0000000E-99  1.0000000E-99
  118  4.8690970E+03  2.3605724E-02  1.8727296E+01  7.8455916E+23  3.5209173E-03  1.0000000E-99  1.0000000E-99
  119  4.9107069E+03  2.3807452E-02  1.8887334E+01  7.8453440E+23  3.5829035E-03  1.0000000E-99  1.0000000E-99
  120  4.9523169E+03  2.4009180E-02  1.9047373E+01  7.8450943E+23  3.6454364E-03  1.0000000E-99  1.0000000E-99
  121  4.9939268E+03  2.4210908E-02  1.9207411E+01  7.8448425E+23  3.7085163E-03  1.0000000E-99  1.0000000E-99
  122  5.0355368E+03  2.4412636E-02  1.9367449E+01  7.8445885E+23  3.7721433E-03  1.0000000E-99  1.0000000E-99
  123  5.0771467E+03  2.4614364E-02  1.9527487E+01  7.8443325E+23  3.8363176E-03  1.0000000E-99  1.0000000E-99
  124  5.1187567E+03  2.4816092E-02  1.9687526E+01  7.8440743E+23  3.9010395E-03  1.0000000E-99  1.0000000E-99
  125  5.1603667E+03  2.5017820E-02  1.9847564E+01  7.8438141E+23  3.9663092E-03  1.0000000E-99  1.0000000E-99
  126  5.2019766E+03  2.5219548E-02  2.0007602E+01  7.8435517E+23  4.0321268E-03  1.0000000E-99  1.0000000E-99
  127  5.2435866E+03  2.5421276E-02  2.0167641E+01  7.8432872E+23  4.0984926E-03  1.0000000E-99  1.0000000E-99
  128  5.2851965E+03  2.5623004E-02  2.0327679E+01  7.8430205E+23  4.1654068E-03  1.0000000E-99  1.0000000E-99
  129  5.3268065E+03  2.5824732E-02  2.0487717E+01  7.8427518E+23  4.2328696E-03  1.0000000E-99  1.0000000E-99
  130  5.3684164E+03  2.6026459E-02  2.0647755E+01  7.8424809E+23  4.3008813E-03  1.0000000E-99  1.0000000E-99
  131  5.4100264E+03  2.6228187E-02  2.0807794E+01  7.8422080E+23  4.3694420E-03  1.0000000E-99  1.0000000E-99
  132  5.4516363E+03  2.6429915E-02  2.0967832E+01  7.8419329E+23  4.4385520E-03  1.0000000E-99  1.0000000E-99
  133  5.4932463E+03  2.6631643E-02  2.1127870E+01  7.8416557E+23  4.5082116E-03  1.0000000E-99  1.0000000E-99
  134  5.5348562E+03  2.6833371E-02  2.1287909E+01  7.8413763E+23  4.5784208E-03  1.0000000E-99  1.0000000E-99
  135  5.5764662E+03  2.7035099E-02  2.1447947E+01  7.8410949E+23  4.6491800E-03  1.0000000E-99  1.0000000E-99
  136  5.6180761E+03  2.7236827E-02  2.1607985E+01  7.8408113E+23  4.7204894E-03  1.0000000E-99  1.0000000E-99
  137  5.6596861E+03  2.7438555E-02  2.1768023E+01  7.8405256E+23  4.7923493E-03  1.0000000E-99  1.0000000E-99
  138  5.7012960E+03  2.7640283E-02  2.1928062E+01  7.8402378E+23  4.8647598E-03  1.0000000E-99  1.0000000E-99
  139  5.7429060E+03  2.7842011E-02  2.2088100E+01  7.8399479E+23  4.9377211E-03  1.0000000E-99  1.0000000E-99
  140  5.7845160E+03  2.8043739E-02  2.2248138E+01  7.8396559E+23  5.0112337E-03  1.0000000E-99  1.0000000E-99
  141  5.8261259E+03  2.8245467E-02  2.2408177E+01  7.8393617E+23  5.0852976E-03  1.0000000E-99  1.0000000E-99
  142  5.8677359E+03  2.8447195E-02  2.2568215E+01  7.8390654E+23  5.1599131E-03  1.0000000E-99  1.0000000E-99
  143  5.9093458E+03  2.8648923E-02  2.2728253E+01  7.8387670E+23  5.2350804E-03  1.0000000E-99  1.0000000E-99
  144  5.9509558E+03  2.8850651E-02  2.2888291E+01  7.8384665E+23  5.3107999E-03  1.0000000E-99  1.0000000E-99
  145  5.9925657E+03  2.9052379E-02  2.3048330E+01  7.8381639E+23  5.3870717E-03  1.0000000E-99  1.0000000E-99
  146  6.0341757E+03  2.9254107E-02  2.3208368E+01  7.8378591E+23  5.4638961E-03  1.0000000E-99  1.0000000E-99
  147  6.0757856E+03  2.9455835E-02  2.3368406E+01  7.8375522E+23  5.5412734E-03  1.0000000E-99  1.0000000E-99
  148  6.1173956E+03  2.9657563E-02  2.3528445E+01  7.8372432E+23  5.6192037E-03  1.0000000E-99  1.0000000E-99
  149  6.1590055E+03  2.9859291E-02  2.3688483E+01  7.8369321E+23  5.6976875E-03  1.0000000E-99  1.0000000E-99
  150  6.2006155E+03  3.0061019E-02  2.3848521E+01  7.8366188E+23  5.7767248E-03  1.0000000E-99  1.0000000E-99
  151  6.2422254E+03  3.0262747E-02  2.4008559E+01  7.8363035E+23  5.8563160E-03  1.0000000E-99  1.0000000E-99
  152  6.2838354E+03  3.0464475E-02  2.4168598E+01  7.8359860E+23  5.9364613E-03  1.0000000E-99  1.0000000E-99
  153  6.3254453E+03  3.0666203E-02  2.4328636E+01  7.8356664E+23  6.0171611E-03  1.0000000E-99  1.0000000E-99
  154  6.3670553E+03  3.0867931E-02  2.4488674E+01  7.8353446E+23  6.0984154E-03  1.0000000E-99  1.0000000E-99
  155  6.4086653E+03  3.1069659E-02  2.4648713E+01  7.8350208E+23  6.1802247E-03  1.0000000E-99  1.0000000E-99
  156  6.4502752E+03  3.1271387E-02  2.4808751E+01  7.8346948E+23  6.2625892E-03  1.0000000E-99  1.0000000E-99
  157  6.4918852E+03  3.1473115E-02  2.4968789E+01  7.8343667E+23  6.3455092E-03  1.0000000E-99  1.0000000E-99
  158  6.5334951E+03  3.1674843E-02  2.5128827E+01  7.8340364E+23  6.4289849E-03  1.0000000E-99  1.0000000E-99
  159  6.5751051E+03  3.1876571E-02  2.5288866E+01  7.8337041E+23  6.5130165E-03  1.0000000E-99  1.0000000E-99
  160  6.6167150E+03  3.2078299E-02  2.5448904E+01  7.8333696E+23  6.5976045E-03  1.0000000E-99  1.0000000E-99
  161  6.6583250E+03  3.2280027E-02  2.5608942E+01  7.8330330E+23  6.6827490E-03  1.0000000E-99  1.0000000E-99
  162  6.6999349E+03  3.2481755E-02  2.5768980E+01  7.8326943E+23  6.7684504E-03  1.0000000E-99  1.0000000E-99
  163  6.7415449E+03  3.2683483E-02  2.5929019E+01  7.8323534E+23  6.8547088E-03  1.0000000E-99  1.0000000E-99
  164  6.7831548E+03  3.2885211E-02  2.6089057E+01  7.8320104E+23  6.9415247E-03  1.0000000E-99  1.0000000E-99
  165  6.8247648E+03  3.3086939E-02  2.6249095E+01  7.8316653E+23  7.0288982E-03  1.0000000E-99  1.0000000E-99
  166  6.8663747E+03  3.3288667E-02  2.6409134E+01  7.8313181E+23  7.1168298E-03  1.0000000E-99  1.0000000E-99
  167  6.9079847E+03  3.3490394E-02  2.6569172E+01  7.8309687E+23  7.2053195E-03  1.0000000E-99  1.0000000E-99
  168  6.9495946E+03  3.3692122E-02  2.6729210E+01  7.8306172E+23  7.2943678E-03  1.0000000E-99  1.0000000E-99
  169  6.9912046E+03  3.3893850E-02  2.6889248E+01  7.8302636E+23  7.3839750E-03  1.0000000E-99  1.0000000E-99
  170  7.0328146E+03  3.4095578E-02  2.7049287E+01  7.8299079E+23  7.4741413E-03  1.0000000E-99  1.0000000E-99
  171  7.0744245E+03  3.4297306E-02  2.7209325E+01  7.8295500E+23  7.5648670E-03  1.0000000E-99  1.0000000E-99
  172  7.1160345E+03  3.4499034E-02  2.7369363E+01  7.8291900E+23  7.6561525E-03  1.0000000E-99  1.0000000E-99
  173  7.1576444E+03  3.4700762E-02  2.7529402E+01  7.8288279E+23  7.7479979E-03  1.0000000E-99  1.0000000E-99
  174  7.1992544E+03  3.4902490E-02  2.7689440E+01  7.8284636E+23  7.8404037E-03  1.0000000E-99  1.0000000E-99
  175  7.2408643E+03  3.5104218E-02  2.7849478E+01  7.8280973E+23  7.9333702E-03  1.0000000E-99  1.0000000E-99
  176  7.2824743E+03  3.5305946E-02  2.8009516E+01  7.8277288E+23  8.0268975E-03  1.0000000E-99  1.0000000E-99
  177  7.3240842E+03  3.5507674E-02  2.8169555E+01  7.8273581E+23  8.1209862E-03  1.0000000E-99  1.0000000E-99
  178  7.3656942E+03  3.5709402E-02  2.8329593E+01  7.8269853E+23  8.2156363E-03  1.0000000E-99  1.0000000E-99
  179  7.4073041E+03  3.5911130E-02  2.8489631E+01  7.8266104E+23  8.3108484E-03  1.0000000E-99  1.0000000E-99
  180  7.4489141E+03  3.6112858E-02  2.8649670E+01  7.8262334E+23  8.4066226E-03  1.0000000E-99  1.0000000E-99
  181  7.4905240E+03  3.6314586E-02  2.8809708E+01  7.8258543E+23  8.5029593E-03  1.0000000E-99  1.0000000E-99
  182  7.5321340E+03  3.6516314E-02  2.8969746E+01  7.8254730E+23  8.5998588E-03  1.0000000E-99  1.0000000E-99
  183  7.5737439E+03  3.6718042E-02  2.9129784E+01  7.8250895E+23  8.6973215E-03  1.0000000E-99  1.0000000E-99
  184  7.6153539E+03  3.6919770E-02  2.9289823E+01  7.8247040E+23  8.7953476E-03  1.0000000E-99  1.0000000E-99
  185  7.6569639E+03  3.7121498E-02  2.9449861E+01  7.8243163E+23  8.8939375E-03  1.0000000E-99  1.0000000E-99
  186  7.6985738E+03  3.7323226E-02  2.9609899E+01  7.8239265E+23  8.9930915E-03  1.0000000E-99  1.0000000E-99
  187  7.7401838E+03  3.7524954E-02  2.9769938E+01  7.8235345E+23  9.0928099E-03  1.0000000E-99  1.0000000E-99
  188  7.7817937E+03  3.7726682E-02  2.9929976E+01  7.8231405E+23  9.1930931E-03  1.0000000E-99  1.0000000E-99
  189  7.8234037E+03  3.7928410E-02  3.0090014E+01  7.8227442E+23  9.2939413E-03  1.0000000E-99  1.0000000E-99
  190  7.8650136E+03  3.8130138E-02  3.0250052E+01  7.8223459E+23  9.3953550E-03  1.0000000E-99  1.0000000E-99
  191  7.9066236E+03  3.8331866E-02  3.0410091E+01  7.8219454E+23  9.4973344E-03  1.0000000E-99  1.0000000E-99
  192  7.9482335E+03  3.8533594E-02  3.0570129E+01  7.8215428E+23  9.5998800E-03  1.0000000E-99  1.0000000E-99
  193  7.9898435E+03  3.8735322E-02  3.0730167E+01  7.8211381E+23  9.7029919E-03  1.0000000E-99  1.0000000E-99
  194  8.0314534E+03  3.8937050E-02  3.0890206E+01  7.8207312E+23  9.8066707E-03  1.0000000E-99  1.0000000E-99
  195  8.0730634E+03  3.9138778E-02  3.1050244E+01  7.8203221E+23  9.9109165E-03  1.0000000E-99  1.0000000E-99
  196  8.1146733E+03  3.9340506E-02  3.1210282E+01  7.8199110E+23  1.0015730E-02  1.0000000E-99  1.0000000E-99
  197  8.1562833E+03  3.9542234E-02  3.1370320E+01  7.8194977E+23  1.0121111E-02  1.0000000E-99  1.0000000E-99
  198  8.1978932E+03  3.9743962E-02  3.1530359E+01  7.8190823E+23  1.0227060E-02  1.0000000E-99  1.0000000E-99
  199  8.2395032E+03  3.9945690E-02  3.1690397E+01  7.8186647E+23  1.0333578E-02  1.0000000E-99  1.0000000E-99
  200  8.2811132E+03  4.0147418E-02  3.1850435E+01  7.8182450E+23  1.0440665E-02  1.0000000E-99  1.0000000E-99
  201  8.3227231E+03  4.0349146E-02  3.2010473E+01  7.8178232E+23  1.0548320E-02  1.0000000E-99  1.0000000E-99
  202  8.3643331E+03  4.0550874E-02  3.2170512E+01  7.8173992E+23  1.0656546E-02  1.0000000E-99  1.0000000E-99
  203  8.4059430E+03  4.0752602E-02  3.2330550E+01  7.8169731E+23  1.0765341E-02  1.0000000E-99  1.0000000E-99
  204  8.4475530E+03  4.0954330E-02  3.2490588E+01  7.8165448E+23  1.0874707E-02  1.0000000E-99  1.0000000E-99
  205  8.4891629E+03  4.1156057E-02  3.2650627E+01  7.8161144E+23  1.0984643E-02  1.0000000E-99  1.0000000E-99
  206  8.5307729E+03  4.1357785E-02  3.2810665E+01  7.8156819E+23  1.1095150E-02  1.0000000E-99  1.0000000E-99
  207  8.5723828E+03  4.1559513E-02  3.2970703E+01  7.8152472E+23  1.1206229E-02  1.0000000E-99  1.0000000E-99
  208  8.6139928E+03  4.1761241E-02  3.3130741E+01  7.8148104E+23  1.1317879E-02  1.0000000E-99  1.0000000E-99
  209  8.6556027E+03  4.1962969E-02  3.3290780E+01  7.8143715E+23  1.1430102E-02  1.0000000E-99  1.0000000E-99
  210  8.6972127E+03  4.2164697E-02  3.3450818E+01  7.8139304E+23  1.1542897E-02  1.0000000E-99  1.0000000E-99
  211  8.7388226E+03  4.2366425E-02  3.3610856E+01  7.8134872E+23  1.1656265E-02  1.0000000E-99  1.0000000E-99
  212  8.7804326E+03  4.2568153E-02  3.3770895E+01  7.8130418E+23  1.1770206E-02  1.0000000E-99  1.0000000E-99
  213  8.8220425E+03  4.2769881E-02  3.3930933E+01  7.8125943E+23  1.1884721E-02  1.0000000E-99  1.0000000E-99
  214  8.8636525E+03  4.2971609E-02  3.4090971E+01  7.8121447E+23  1.1999810E-02  1.0000000E-99  1.0000000E-99
  215  8.9052625E+03  4.3173337E-02  3.4251009E+01  7.8116929E+23  1.2115473E-02  1.0000000E-99  1.0000000E-99
  216  8.9468724E+03  4.3375065E-02  3.4411048E+01  7.8112389E+23  1.2231711E-02  1.0000000E-99  1.0000000E-99
  217  8.9884824E+03  4.3576793E-02  3.4571086E+01  7.8107828E+23  1.2348524E-02  1.0000000E-99  1.0000000E-99
  218  9.0300923E+03  4.3778521E-02  3.4731124E+01  7.8103246E+23  1.2465912E-02  1.0000000E-99  1.0000000E-99
  219  9.0717023E+03  4.3980249E-02  3.4891163E+01  7.8098643E+23  1.2583877E-02  1.0000000E-99  1.0000000E-99
  220  9.1133122E+03  4.4181977E-02  3.5051201E+01  7.8094017E+23  1.2702418E-02  1.0000000E-99  1.0000000E-99
  221  9.1549222E+03  4.4383705E-02  3.5211239E+01  7.8089371E+23  1.2821536E-02  1.0000000E-99  1.0000000E-99
  222  9.1965321E+03  4.4585433E-02  3.5371277E+01  7.8084703E+23  1.2941230E-02  1.0000000E-99  1.0000000E-99
  223  9.2381421E+03  4.4787161E-02  3.5531316E+01  7.8080014E+23  1.3061503E-02  1.0000000E-99  1.0000000E-99
  224  9.2797520E+03  4.4988889E-02  3.5691354E+01  7.8075303E+23  1.3182353E-02  1.0000000E-99  1.0000000E-99
  225  9.3213620E+03  4.5190617E-02  3.5851392E+01  7.8070570E+23  1.3303781E-02  1.0000000E-99  1.0000000E-99
  226  9.3629719E+03  4.5392345E-02  3.6011431E+01  7.8065816E+23  1.3425789E-02  1.0000000E-99  1.0000000E-99
  227  9.4045819E+03  4.5594073E-02  3.6171469E+01  7.8061041E+23  1.3548375E-02  1.0000000E-99  1.0000000E-99
  228  9.4461918E+03  4.5795801E-02  3.6331507E+01  7.8056244E+23  1.3671541E-02  1.0000000E-99  1.0000000E-99
  229  9.4878018E+03  4.5997529E-02  3.6491545E+01  7.8051426E+23  1.3795287E-02  1.0000000E-99  1.0000000E-99
  230  9.5294118E+03  4.6199257E-02  3.6651584E+01  7.8046587E+23  1.3919613E-02  1.0000000E-99  1.0000000E-99
  231  9.5710217E+03  4.6400985E-02  3.6811622E+01  7.8041725E+23  1.4044520E-02  1.0000000E-99  1.0000000E-99
  232  9.6126317E+03  4.6602713E-02  3.6971660E+01  7.8036843E+23  1.4170009E-02  1.0000000E-99  1.0000000E-99
  233  9.6542416E+03  4.6804441E-02  3.7131699E+01  7.8031939E+23  1.4296079E-02  1.0000000E-99  1.0000000E-99
  234  9.6958516E+03  4.7006169E-02  3.7291737E+01  7.8027013E+23  1.4422731E-02  1.0000000E-99  1.0000000E-99
  235  9.7374615E+03  4.7207897E-02  3.7451775E+01  7.8022066E+23  1.4549965E-02  1.0000000E-99  1.0000000E-99
  236  9.7790715E+03  4.7409625E-02  3.7611813E+01  7.8017097E+23  1.4677783E-02  1.0000000E-99  1.0000000E-99
  237  9.8206814E+03  4.7611353E-02  3.7771852E+01  7.8012107E+23  1.4806183E-02  1.0000000E-99  1.0000000E-99
  238  9.8622914E+03  4.7813081E-02  3.7931890E+01  7.8007095E+23  1.4935168E-02  1.0000000E-99  1.0000000E-99
  239  9.9039013E+03  4.8014809E-02  3.8091928E+01  7.8002062E+23  1.5064737E-02  1.0000000E-99  1.0000000E-99
  240  9.9455113E+03  4.8216537E-02  3.8251966E+01  7.7997007E+23  1.5194890E-02  1.0000000E-99  1.0000000E-99
  241  9.9871212E+03  4.8418265E-02  3.8412005E+01  7.7991931E+23  1.5325628E-02  1.0000000E-99  1.0000000E-99
  242  1.0028731E+04  4.8619993E-02  3.8572043E+01  7.7986833E+23  1.5456952E-02  1.0000000E-99  1.0000000E-99
  243  1.0070341E+04  4.8821720E-02  3.8732081E+01  7.7981714E+23  1.5588862E-02  1.0000000E-99  1.0000000E-99
  244  1.0111951E+04  4.9023448E-02  3.8892120E+01  7.7976573E+23  1.5721358E-02  1.0000000E-99  1.0000000E-99
  245  1.0153561E+04  4.9225176E-02  3.9052158E+01  7.7971411E+23  1.5854441E-02  1.0000000E-99  1.0000000E-99
  246  1.0195171E+04  4.9426904E-02  3.9212196E+01  7.7966227E+23  1.5988112E-02  1.0000000E-99  1.0000000E-99
  247  1.0236781E+04  4.9628632E-02  3.9372234E+01  7.7961021E+23  1.6122370E-02  1.0000000E-99  1.0000000E-99
  248  1.0278391E+04  4.9830360E-02  3.9532273E+01  7.7955794E+23  1.6257216E-02  1.0000000E-99  1.0000000E-99
  249  1.0320001E+04  5.0032088E-02  3.9692311E+01  7.7950546E+23  1.6392651E-02  1.0000000E-99  1.0000000E-99
  250  1.0361611E+04  5.0233816E-02  3.9852349E+01  7.7945276E+23  1.6528675E-02  1.0000000E-99  1.0000000E-99
  251  1.0403221E+04  5.0435544E-02  4.0012388E+01  7.7939984E+23  1.6665289E-02  1.0000000E-99  1.0000000E-99
  252  1.0444831E+04  5.0637272E-02  4.0172426E+01  7.7934671E+23  1.6802493E-02  1.0000000E-99  1.0000000E-99
  253  1.0486441E+04  5.0839000E-02  4.0332464E+01  7.7929336E+23  1.6940287E-02  1.0000000E-99  1.0000000E-99
  254  1.0528051E+04  5.1040728E-02  4.0492502E+01  7.7923980E+23  1.7078672E-02  1.0000000E-99  1.0000000E-99
  255  1.0569661E+04  5.1242456E-02  4.0652541E+01  7.7918601E+23  1.7217648E-02  1.0000000E-99  1.0000000E-99
  256  1.0611271E+04  5.1444184E-02  4.0812579E+01  7.7913202E+23  1.7357216E-02  1.0000000E-99  1.0000000E-99
  257  1.0652880E+04  5.1645912E-02  4.0972617E+01  7.7907781E+23  1.7497377E-02  1.0000000E-99  1.0000000E-99
  258  1.0694490E+04  5.1847640E-02  4.1132656E+01  7.7902338E+23  1.7638131E-02  1.0000000E-99  1.0000000E-99
  259  1.0736100E+04  5.2049368E-02  4.1292694E+01  7.7896874E+23  1.7779478E-02  1.0000000E-99  1.0000000E-99
  260  1.0777710E+04  5.2251096E-02  4.1452732E+01  7.7891388E+23  1.7921418E-02  1.0000000E-99  1.0000000E-99
  261  1.0819320E+04  5.2452824E-02  4.1612770E+01  7.7885880E+23  1.8063953E-02  1.0000000E-99  1.0000000E-99
  262  1.0860930E+04  5.2654552E-02  4.1772809E+01  7.7880351E+23  1.8207083E-02  1.0000000E-99  1.0000000E-99
  263  1.0902540E+04  5.2856280E-02  4.1932847E+01  7.7874800E+23  1.8350808E-02  1.0000000E-99  1.0000000E-99
  264  1.0944150E+04  5.3058008E-02  4.2092885E+01  7.7869227E+23  1.8495128E-02  1.0000000E-99  1.0000000E-99
  265  1.0985760E+04  5.3259736E-02  4.2252924E+01  7.7863633E+23  1.8640045E-02  1.0000000E-99  1.0000000E-99
  266  1.1027370E+04  5.3461464E-02  4.2412962E+01  7.7858018E+23  1.8785558E-02  1.0000000E-99  1.0000000E-99
  267  1.1068980E+04  5.3663192E-02  4.2573000E+01  7.7852380E+23  1.8931669E-02  1.0000000E-99  1.0000000E-99
  268  1.1110590E+04  5.3864920E-02  4.2733038E+01  7.7846721E+23  1.9078377E-02  1.0000000E-99  1.0000000E-99
  269  1.1152200E+04  5.4066648E-02  4.2893077E+01  7.7841041E+23  1.9225684E-02  1.0000000E-99  1.0000000E-99
  270  1.1193810E+04  5.4268376E-02  4.3053115E+01  7.7835338E+23  1.9373589E-02  1.0000000E-99  1.0000000E-99
  271  1.1235420E+04  5.4470104E-02  4.3213153E+01  7.7829614E+23  1.9522094E-02  1.0000000E-99  1.0000000E-99
  272  1.1277030E+04  5.4671832E-02  4.3373192E+01  7.7823869E+23  1.9671198E-02  1.0000000E-99  1.0000000E-99
  273  1.1318640E+04  5.4873560E-02  4.3533230E+01  7.7818101E+23  1.9820902E-02  1.0000000E-99  1.0000000E-99
  274  1.1360250E+04  5.5075288E-02  4.3693268E+01  7.7812312E+23  1.9971207E-02  1.0000000E-99  1.0000000E-99
  275  1.1401860E+04  5.5277016E-02  4.3853306E+01  7.7806502E+23  2.0122114E-02  1.0000000E-99  1.0000000E-99
  276  1.1443470E+04  5.5478744E-02  4.4013345E+01  7.7800669E+23  2.0273622E-02  1.0000000E-99  1.0000000E-99
  277  1.1485080E+04  5.5680472E-02  4.4173383E+01  7.7794815E+23  2.0425732E-02  1.0000000E-99  1.0000000E-99
  278  1.1526690E+04  5.5882200E-02  4.4333421E+01  7.7788940E+23  2.0578445E-02  1.0000000E-99  1.0000000E-99
  279  1.1568299E+04  5.6083928E-02  4.4493459E+01  7.7783042E+23  2.0731761E-02  1.0000000E-99  1.0000000E-99
  280  1.1609909E+04  5.6285655E-02  4.4653498E+01  7.7777123E+23  2.0885681E-02  1.0000000E-99  1.0000000E-99
  281  1.1651519E+04  5.6487383E-02  4.4813536E+01  7.7771182E+23  2.1040206E-02  1.0000000E-99  1.0000000E-99
  282  1.1693129E+04  5.6689111E-02  4.4973574E+01  7.7765220E+23  2.1195335E-02  1.0000000E-99  1.0000000E-99
  283  1.1734739E+04  5.6890839E-02  4.5133613E+01  7.7759235E+23  2.1351070E-02  1.0000000E-99  1.0000000E-99
  284  1.1776349E+04  5.7092567E-02  4.5293651E+01  7.7753230E+23  2.1507411E-02  1.0000000E-99  1.0000000E-99
  285  1.1817959E+04  5.7294295E-02  4.5453689E+01  7.7747202E+23  2.1664358E-02  1.0000000E-99  1.0000000E-99
  286  1.1859569E+04  5.7496023E-02  4.5613727E+01  7.7741152E+23  2.1821912E-02  1.0000000E-99  1.0000000E-99
  287  1.1901179E+04  5.7697751E-02  4.5773766E+01  7.7735081E+23  2.1980074E-02  1.0000000E-99  1.0000000E-99
  288  1.1942789E+04  5.7899479E-02  4.5933804E+01  7.7728988E+23  2.2138843E-02  1.0000000E-99  1.0000000E-99
  289  1.1984399E+04  5.8101207E-02  4.6093842E+01  7.7722874E+23  2.2298222E-02  1.0000000E-99  1.0000000E-99
  290  1.2026009E+04  5.8302935E-02  4.6253881E+01  7.7716737E+23  2.2458209E-02  1.0000000E-99  1.0000000E-99
  291  1.2067619E+04  5.8504663E-02  4.6413919E+01  7.7710579E+23  2.2618807E-02  1.0000000E-99  1.0000000E-99
  292  1.2109229E+04  5.8706391E-02  4.6573957E+01  7.7704399E+23  2.2780014E-02  1.0000000E-99  1.0000000E-99
  293  1.2150839E+04  5.8908119E-02  4.6733995E+01  7.7698197E+23  2.2941833E-02  1.0000000E-99  1.0000000E-99
  294  1.2192449E+04  5.9109847E-02  4.6894034E+01  7.7691974E+23  2.3104263E-02  1.0000000E-99  1.0000000E-99
  295  1.2234059E+04  5.9311575E-02  4.7054072E+01  7.7685729E+23  2.3267304E-02  1.0000000E-99  1.0000000E-99
  296  1.2275669E+04  5.9513303E-02  4.7214110E+01  7.7679462E+23  2.3430959E-02  1.0000000E-99  1.0000000E-99
  297  1.2317279E+04  5.9715031E-02  4.7374149E+01  7.7673173E+23  2.3595226E-02  1.0000000E-99  1.0000000E-99
  298  1.2358889E+04  5.9916759E-02  4.7534187E+01  7.7666862E+23  2.3760107E-02  1.0000000E-99  1.0000000E-99
  299  1.2400499E+04  6.0118487E-02  4.7694225E+01  7.7660530E+23  2.3925602E-02  1.0000000E-99  1.0000000E-99
  300  1.2442108E+04  6.0320215E-02  4.7854263E+01  7.7654176E+23  2.4091712E-02  1.0000000E-99  1.0000000E-99
  301  1.2483718E+04  6.0521943E-02  4.8014302E+01  7.7647800E+23  2.4258437E-02  1.0000000E-99  1.0000000E-99
  302  1.2525328E+04  6.0723671E-02  4.8174340E+01  7.7641402E+23  2.4425779E-02  1.0000000E-99  1.0000000E-99
  303  1.2566938E+04  6.0925399E-02  4.8334378E+01  7.7634982E+23  2.4593736E-02  1.0000000E-99  1.0000000E-99
  304  1.2608548E+04  6.1127127E-02  4.8494417E+01  7.7628541E+23  2.4762311E-02  1.0000000E-99  1.0000000E-99
  305  1.2650158E+04  6.1328855E-02  4.8654455E+01  7.7622077E+23  2.4931504E-02  1.0000000E-99  1.0000000E-99
  306  1.2691768E+04  6.1530583E-02  4.8814493E+01  7.7615592E+23  2.5101314E-02  1.0000000E-99  1.0000000E-99
  307  1.2733378E+04  6.1732311E-02  4.8974531E+01  7.7609085E+23  2.5271744E-02  1.0000000E-99  1.0000000E-99
  308  1.2774988E+04  6.1934039E-02  4.9134570E+01  7.7602556E+23  2.5442793E-02  1.0000000E-99  1.0000000E-99
  309  1.2816598E+04  6.2135767E-02  4.9294608E+01  7.7596006E+23  2.5614461E-02  1.0000000E-99  1.0000000E-99
  310  1.2858208E+04  6.2337495E-02  4.9454646E+01  7.7589433E+23  2.5786751E-02  1.0000000E-99  1.0000000E-99
  311  1.2899818E+04  6.2539223E-02  4.9614685E+01  7.7582839E+23  2.5959662E-02  1.0000000E-99  1.0000000E-99
  312  1.2941428E+04  6.2740951E-02  4.9774723E+01  7.7576223E+23  2.6133194E-02  1.0000000E-99  1.0000000E-99
  313  1.2983038E+04  6.2942679E-02  4.9934761E+01  7.7569584E+23  2.6307349E-02  1.0000000E-99  1.0000000E-99
  314  1.3024648E+04  6.3144407E-02  5.0094799E+01  7.7562924E+23  2.6482127E-02  1.0000000E-99  1.0000000E-99
  315  1.3066258E+04  6.3346135E-02  5.0254838E+01  7.7556242E+23  2.6657529E-02  1.0000000E-99  1.0000000E-99
  316  1.3107868E+04  6.3547863E-02  5.0414876E+01  7.7549539E+23  2.6833554E-02  1.0000000E-99  1.0000000E-99
  317  1.3149478E+04  6.3749591E-02  5.0574914E+01  7.7542813E+23  2.7010205E-02  1.0000000E-99  1.0000000E-99
  318  1.3191088E+04  6.3951318E-02  5.0734952E+01  7.7536065E+23  2.7187481E-02  1.0000000E-99  1.0000000E-99
  319  1.3232698E+04  6.4153046E-02  5.0894991E+01  7.7529296E+23  2.7365383E-02  1.0000000E-99  1.0000000E-99
  320  1.3274308E+04  6.4354774E-02  5.1055029E+01  7.7522504E+23  2.7543912E-02  1.0000000E-99  1.0000000E-99
  321  1.3315918E+04  6.4556502E-02  5.1215067E+01  7.7515691E+23  2.7723068E-02  1.0000000E-99  1.0000000E-99
  322  1.3357527E+04  6.4758230E-02  5.1375106E+01  7.7508856E+23  2.7902852E-02  1.0000000E-99  1.0000000E-99
  323  1.3399137E+04  6.4959958E-02  5.1535144E+01  7.7501998E+23  2.8083264E-02  1.0000000E-99  1.0000000E-99
  324  1.3440747E+04  6.5161686E-02  5.1695182E+01  7.7495119E+23  2.8264306E-02  1.0000000E-99  1.0000000E-99
  325  1.3482357E+04  6.5363414E-02  5.1855220E+01  7.7488218E+23  2.8445978E-02  1.0000000E-99  1.0000000E-99
  326  1.3523967E+04  6.5565142E-02  5.2015259E+01  7.7481295E+23  2.8628280E-02  1.0000000E-99  1.0000000E-99
  327  1.3565577E+04  6.5766870E-02  5.2175297E+01  7.7474350E+23  2.8811213E-02  1.0000000E-99  1.0000000E-99
  328  1.3607187E+04  6.5968598E-02  5.2335335E+01  7.7467383E+23  2.8994777E-02  1.0000000E-99  1.0000000E-99
  329  1.3648797E+04  6.6170326E-02  5.2495374E+01  7.7460394E+23  2.9178974E-02  1.0000000E-99  1.0000000E-99
  330  1.3690407E+04  6.6372054E-02  5.2655412E+01  7.7453383E+23  2.9363805E-02  1.0000000E-99  1.0000000E-99
  331  1.3732017E+04  6.6573782E-02  5.2815450E+01  7.7446350E+23  2.9549268E-02  1.0000000E-99  1.0000000E-99
  332  1.3773627E+04  6.6775510E-02  5.2975488E+01  7.7439295E+23  2.9735366E-02  1.0000000E-99  1.0000000E-99
  333  1.3815237E+04  6.6977238E-02  5.3135527E+01  7.7432219E+23  2.9922099E-02  1.0000000E-99  1.0000000E-99
  334  1.3856847E+04  6.7178966E-02  5.3295565E+01  7.7425120E+23  3.0109468E-02  1.0000000E-99  1.0000000E-99
  335  1.3898457E+04  6.7380694E-02  5.3455603E+01  7.7417999E+23  3.0297473E-02  1.0000000E-99  1.0000000E-99
  336  1.3940067E+04  6.7582422E-02  5.3615642E+01  7.7410856E+23  3.0486115E-02  1.0000000E-99  1.0000000E-99
  337  1.3981677E+04  6.7784150E-02  5.3775680E+01  7.7403691E+23  3.0675394E-02  1.0000000E-99  1.0000000E-99
  338  1.4023287E+04  6.7985878E-02  5.3935718E+01  7.7396504E+23  3.0865312E-02  1.0000000E-99  1.0000000E-99
  339  1.4064897E+04  6.8187606E-02  5.4095756E+01  7.7389295E+23  3.1055869E-02  1.0000000E-99  1.0000000E-99
  340  1.4106507E+04  6.8389334E-02  5.4255795E+01  7.7382064E+23  3.1247065E-02  1.0000000E-99  1.0000000E-99
  341  1.4148117E+04  6.8591062E-02  5.4415833E+01  7.7374811E+23  3.1438901E-02  1.0000000E-99  1.0000000E-99
  342  1.4189727E+04  6.8792790E-02  5.4575871E+01  7.7367536E+23  3.1631379E-02  1.0000000E-99  1.0000000E-99
  343  1.4231336E+04  6.8994518E-02  5.4735910E+01  7.7360239E+23  3.1824498E-02  1.0000000E-99  1.0000000E-99
  344  1.4272946E+04  6.9196246E-02  5.4895948E+01  7.7352920E+23  3.2018259E-02  1.0000000E-99  1.0000000E-99
  345  1.4314556E+04  6.9397974E-02  5.5055986E+01  7.7345578E+23  3.2212663E-02  1.0000000E-99  1.0000000E-99
  346  1.4356166E+04  6.9599702E-02  5.5216024E+01  7.7338215E+23  3.2407711E-02  1.0000000E-99  1.0000000E-99
  347  1.4397776E+04  6.9801430E-02  5.5376063E+01  7.7330830E+23  3.2603403E-02  1.0000000E-99  1.0000000E-99
  348  1.4439386E+04  7.0003158E-02  5.5536101E+01  7.7323422E+23  3.2799741E-02  1.0000000E-99  1.0000000E-99
  349  1.4480996E+04  7.0204886E-02  5.5696139E+01  7.7315993E+23  3.2996724E-02  1.0000000E-99  1.0000000E-99
  350  1.4522606E+04  7.0406614E-02  5.5856178E+01  7.7308541E+23  3.3194353E-02  1.0000000E-99  1.0000000E-99
  351  1.4564216E+04  7.0608342E-02  5.6016216E+01  7.7301067E+23  3.3392630E-02  1.0000000E-99  1.0000000E-99
  352  1.4605826E+04  7.0810070E-02  5.6176254E+01  7.7293571E+23  3.3591554E-02  1.0000000E-99  1.0000000E-99
  353  1.4647436E+04  7.1011798E-02  5.6336292E+01  7.7286053E+23  3.3791127E-02  1.0000000E-99  1.0000000E-99
  354  1.4689046E+04  7.1213526E-02  5.6496331E+01  7.7278513E+23  3.3991349E-02  1.0000000E-99  1.0000000E-99
  355  1.4730656E+04  7.1415253E-02  5.6656369E+01  7.7270951E+23  3.4192221E-02  1.0000000E-99  1.0000000E-99
  356  1.4772266E+04  7.1616981E-02  5.6816407E+01  7.7263366E+23  3.4393744E-02  1.0000000E-99  1.0000000E-99
  357  1.4813876E+04  7.1818709E-02  5.6976446E+01  7.7255760E+23  3.4595918E-02  1.0000000E-99  1.0000000E-99
  358  1.4855486E+04  7.2020437E-02  5.7136484E+01  7.7248131E+23  3.4798745E-02  1.0000000E-99  1.0000000E-99
  359  1.4897096E+04  7.2222165E-02  5.7296522E+01  7.7240480E+23  3.5002224E-02  1.0000000E-99  1.0000000E-99
  360  1.4938706E+04  7.2423893E-02  5.7456560E+01  7.7232807E+23  3.5206357E-02  1.0000000E-99  1.0000000E-99
  361  1.4980316E+04  7.2625621E-02  5.7616599E+01  7.7225112E+23  3.5411143E-02  1.0000000E-99  1.0000000E-99
  362  1.5021926E+04  7.2827349E-02  5.7776637E+01  7.7217395E+23  3.5616585E-02  1.0000000E-99  1.0000000E-99
  363  1.5063536E+04  7.3029077E-02  5.7936675E+01  7.7209655E+23  3.5822683E-02  1.0000000E-99  1.0000000E-99
  364  1.5105146E+04  7.3230805E-02  5.8096713E+01  7.7201894E+23  3.6029437E-02  1.0000000E-99  1.0000000E-99
  365  1.5146755E+04  7.3432533E-02  5.8256752E+01  7.7194110E+23  3.6236848E-02  1.0000000E-99  1.0000000E-99
  366  1.5188365E+04  7.3634261E-02  5.8416790E+01  7.7186304E+23  3.6444918E-02  1.0000000E-99  1.0000000E-99
  367  1.5229975E+04  7.3835989E-02  5.8576828E+01  7.7178475E+23  3.6653646E-02  1.0000000E-99  1.0000000E-99
  368  1.5271585E+04  7.4037717E-02  5.8736867E+01  7.7170625E+23  3.6863033E-02  1.0000000E-99  1.0000000E-99
  369  1.5313195E+04  7.4239445E-02  5.8896905E+01  7.7162752E+23  3.7073081E-02  1.0000000E-99  1.0000000E-99
  370  1.5354805E+04  7.4441173E-02  5.9056943E+01  7.7154857E+23  3.7283789E-02  1.0000000E-99  1.0000000E-99
  371  1.5396415E+04  7.4642901E-02  5.9216981E+01  7.7146940E+23  3.7495159E-02  1.0000000E-99  1.0000000E-99
  372  1.5438025E+04  7.4844629E-02  5.9377020E+01  7.7139000E+23  3.7707192E-02  1.0000000E-99  1.0000000E-99
  373  1.5479635E+04  7.5046357E-02  5.9537058E+01  7.7131039E+23  3.7919888E-02  1.0000000E-99  1.0000000E-99
  374  1.5521245E+04  7.5248085E-02  5.9697096E+01  7.7123055E+23  3.8133247E-02  1.0000000E-99  1.0000000E-99
  375  1.5562855E+04  7.5449813E-02  5.9857135E+01  7.7115048E+23  3.8347272E-02  1.0000000E-99  1.0000000E-99
  376  1.5604465E+04  7.5651541E-02  6.0017173E+01  7.7107020E+23  3.8561962E-02  1.0000000E-99  1.0000000E-99
  377  1.5646075E+04  7.5853269E-02  6.0177211E+01  7.7098969E+23  3.8777318E-02  1.0000000E-99  1.0000000E-99
  378  1.5687685E+04  7.6054997E-02  6.0337249E+01  7.7090896E+23  3.8993341E-02  1.0000000E-99  1.0000000E-99
  379  1.5729295E+04  7.6256725E-02  6.0497288E+01  7.7082801E+23  3.9210032E-02  1.0000000E-99  1.0000000E-99
  380  1.5770905E+04  7.6458453E-02  6.0657326E+01  7.7074683E+23  3.9427392E-02  1.0000000E-99  1.0000000E-99
  381  1.5812515E+04  7.6660181E-02  6.0817364E+01  7.7066543E+23  3.9645421E-02  1.0000000E-99  1.0000000E-99
  382  1.5854125E+04  7.6861909E-02  6.0977403E+01  7.7058381E+23  3.9864120E-02  1.0000000E-99  1.0000000E-99
  383  1.5895735E+04  7.7063637E-02  6.1137441E+01  7.7050196E+23  4.0083491E-02  1.0000000E-99  1.0000000E-99
  384  1.5937345E+04  7.7265365E-02  6.1297479E+01  7.7041989E+23  4.0303533E-02  1.0000000E-99  1.0000000E-99
  385  1.5978955E+04  7.7467093E-02  6.1457517E+01  7.7033760E+23  4.0524247E-02  1.0000000E-99  1.0000000E-99
  386  1.6020564E+04  7.7668821E-02  6.1617556E+01  7.7025508E+23  4.0745635E-02  1.0000000E-99  1.0000000E-99
  387  1.6062174E+04  7.7870549E-02  6.1777594E+01  7.7017234E+23  4.0967697E-02  1.0000000E-99  1.0000000E-99
  388  1.6103784E+04  7.8072277E-02  6.1937632E+01  7.7008938E+23  4.1190434E-02  1.0000000E-99  1.0000000E-99
  389  1.6145394E+04  7.8274005E-02  6.2097671E+01  7.7000619E+23  4.1413846E-02  1.0000000E-99  1.0000000E-99
  390  1.6187004E+04  7.8475733E-02  6.2257709E+01  7.6992278E+23  4.1637935E-02  1.0000000E-99  1.0000000E-99
  391  1.6228614E+04  7.8677461E-02  6.2417747E+01  7.6983915E+23  4.1862702E-02  1.0000000E-99  1.0000000E-99
  392  1.6270224E+04  7.8879189E-02  6.2577785E+01  7.6975529E+23  4.2088146E-02  1.0000000E-99  1.0000000E-99
  393  1.6311834E+04  7.9080916E-02  6.2737824E+01  7.6967121E+23  4.2314270E-02  1.0000000E-99  1.0000000E-99
  394  1.6353444E+04  7.9282644E-02  6.2897862E+01  7.6958690E+23  4.2541074E-02  1.0000000E-99  1.0000000E-99
  395  1.6395054E+04  7.9484372E-02  6.3057900E+01  7.6950237E+23  4.2768558E-02  1.0000000E-99  1.0000000E-99
  396  1.6436664E+04  7.9686100E-02  6.3217939E+01  7.6941762E+23  4.2996723E-02  1.0000000E-99  1.0000000E-99
  397  1.6478274E+04  7.9887828E-02  6.3377977E+01  7.6933264E+23  4.3225571E-02  1.0000000E-99  1.0000000E-99
  398  1.6519884E+04  8.0089556E-02  6.3538015E+01  7.6924744E+23  4.3455102E-02  1.0000000E-99  1.0000000E-99
  399  1.6561494E+04  8.0291284E-02  6.3698053E+01  7.6916201E+23  4.3685317E-02  1.0000000E-99  1.0000000E-99
  400  1.6603104E+04  8.0493012E-02  6.3858092E+01  7.6907636E+23  4.3916217E-02  1.0000000E-99  1.0000000E-99
  401  1.6644714E+04  8.0694740E-02  6.4018130E+01  7.6899048E+23  4.4147802E-02  1.0000000E-99  1.0000000E-99
  402  1.6686324E+04  8.0896468E-02  6.4178168E+01  7.6890438E+23  4.4380074E-02  1.0000000E-99  1.0000000E-99
  403  1.6727934E+04  8.1098196E-02  6.4338206E+01  7.6881806E+23  4.4613033E-02  1.0000000E-99  1.0000000E-99
  404  1.6769544E+04  8.1299924E-02  6.4498245E+01  7.6873151E+23  4.4846681E-02  1.0000000E-99  1.0000000E-99
  405  1.6811154E+04  8.1501652E-02  6.4658283E+01  7.6864473E+23  4.5081017E-02  1.0000000E-99  1.0000000E-99
  406  1.6852764E+04  8.1703380E-02  6.4818321E+01  7.6855773E+23  4.5316044E-02  1.0000000E-99  1.0000000E-99
  407  1.6894373E+04  8.1905108E-02  6.4978360E+01  7.6847051E+23  4.5551761E-02  1.0000000E-99  1.0000000E-99
  408  1.6935983E+04  8.2106836E-02  6.5138398E+01  7.6838306E+23  4.5788170E-02  1.0000000E-99  1.0000000E-99
  409  1.6977593E+04  8.2308564E-02  6.5298436E+01  7.6829539E+23  4.6025271E-02  1.0000000E-99  1.0000000E-99
  410  1.7019203E+04  8.2510292E-02  6.5458474E+01  7.6820749E+23  4.6263065E-02  1.0000000E-99  1.0000000E-99
  411  1.7060813E+04  8.2712020E-02  6.5618513E+01  7.6811936E+23  4.6501554E-02  1.0000000E-99  1.0000000E-99
  412  1.7102423E+04  8.2913748E-02  6.5778551E+01  7.6803101E+23  4.6740738E-02  1.0000000E-99  1.0000000E-99
  413  1.7144033E+04  8.3115476E-02  6.5938589E+01  7.6794243E+23  4.6980618E-02  1.0000000E-99  1.0000000E-99
  414  1.7185643E+04  8.3317204E-02  6.6098628E+01  7.6785363E+23  4.7221195E-02  1.0000000E-99  1.0000000E-99
  415  1.7227253E+04  8.3518932E-02  6.6258666E+01  7.6776461E+23  4.7462469E-02  1.0000000E-99  1.0000000E-99
  416  1.7268863E+04  8.3720660E-02  6.6418704E+01  7.6767535E+23  4.7704442E-02  1.0000000E-99  1.0000000E-99
  417  1.7310473E+04  8.3922388E-02  6.6578742E+01  7.6758587E+23  4.7947115E-02  1.0000000E-99  1.0000000E-99
  418  1.7352083E+04  8.4124116E-02  6.6738781E+01  7.6749617E+23  4.8190488E-02  1.0000000E-99  1.0000000E-99
  419  1.7393693E+04  8.4325844E-02  6.6898819E+01  7.6740624E+23  4.8434562E-02  1.0000000E-99  1.0000000E-99
  420  1.7435303E+04  8.4527572E-02  6.7058857E+01  7.6731608E+23  4.8679339E-02  1.0000000E-99  1.0000000E-99
  421  1.7476913E+04  8.4729300E-02  6.7218896E+01  7.6722570E+23  4.8924819E-02  1.0000000E-99  1.0000000E-99
  422  1.7518523E+04  8.4931028E-02  6.7378934E+01  7.6713509E+23  4.9171003E-02  1.0000000E-99  1.0000000E-99
  423  1.7560133E+04  8.5132756E-02  6.7538972E+01  7.6704426E+23  4.9417891E-02  1.0000000E-99  1.0000000E-99
  424  1.7601743E+04  8.5334484E-02  6.7699010E+01  7.6695320E+23  4.9665486E-02  1.0000000E-99  1.0000000E-99
  425  1.7643353E+04  8.5536212E-02  6.7859049E+01  7.6686191E+23  4.9913787E-02  1.0000000E-99  1.0000000E-99
  426  1.7684963E+04  8.5737940E-02  6.8019087E+01  7.6677040E+23  5.0162796E-02  1.0000000E-99  1.0000000E-99
  427  1.7726573E+04  8.5939668E-02  6.8179125E+01  7.6667866E+23  5.0412514E-02  1.0000000E-99  1.0000000E-99
  428  1.7768183E+04  8.6141396E-02  6.8339164E+01  7.6658669E+23  5.0662941E-02  1.0000000E-99  1.0000000E-99
  429  1.7809792E+04  8.6343124E-02  6.8499202E+01  7.6649450E+23  5.0914079E-02  1.0000000E-99  1.0000000E-99
  430  1.7851402E+04  8.6544851E-02  6.8659240E+01  7.6640208E+23  5.1165928E-02  1.0000000E-99  1.0000000E-99
  431  1.7893012E+04  8.6746579E-02  6.8819278E+01  7.6630943E+23  5.1418489E-02  1.0000000E-99  1.0000000E-99
  432  1.7934622E+04  8.6948307E-02  6.8979317E+01  7.6621655E+23  5.1671764E-02  1.0000000E-99  1.0000000E-99
  433  1.7976232E+04  8.7150035E-02  6.9139355E+01  7.6612345E+23  5.1925753E-02  1.0000000E-99  1.0000000E-99
  434  1.8017842E+04  8.7351763E-02  6.9299393E+01  7.6603012E+23  5.2180457E-02  1.0000000E-99  1.0000000E-99
  435  1.8059452E+04  8.7553491E-02  6.9459432E+01  7.6593657E+23  5.2435877E-02  1.0000000E-99  1.0000000E-99
  436  1.8101062E+04  8.7755219E-02  6.9619470E+01  7.6584279E+23  5.2692015E-02  1.0000000E-99  1.0000000E-99
  437  1.8142672E+04  8.7956947E-02  6.9779508E+01  7.6574878E+23  5.2948870E-02  1.0000000E-99  1.0000000E-99
  438  1.8184282E+04  8.8158675E-02  6.9939546E+01  7.6565454E+23  5.3206445E-02  1.0000000E-99  1.0000000E-99
  439  1.8225892E+04  8.8360403E-02  7.0099585E+01  7.6556007E+23  5.3464739E-02  1.0000000E-99  1.0000000E-99
  440  1.8267502E+04  8.8562131E-02  7.0259623E+01  7.6546538E+23  5.3723754E-02  1.0000000E-99  1.0000000E-99
  441  1.8309112E+04  8.8763859E-02  7.0419661E+01  7.6537046E+23  5.3983491E-02  1.0000000E-99  1.0000000E-99
  442  1.8350722E+04  8.8965587E-02  7.0579699E+01  7.6527531E+23  5.4243951E-02  1.0000000E-99  1.0000000E-99
  443  1.8392332E+04  8.9167315E-02  7.0739738E+01  7.6517994E+23  5.4505135E-02  1.0000000E-99  1.0000000E-99
  444  1.8433942E+04  8.9369043E-02  7.0899776E+01  7.6508433E+23  5.4767044E-02  1.0000000E-99  1.0000000E-99
  445  1.8475552E+04  8.9570771E-02  7.1059814E+01  7.6498850E+23  5.5029678E-02  1.0000000E-99  1.0000000E-99
  446  1.8517162E+04  8.9772499E-02  7.1219853E+01  7.6489244E+23  5.5293040E-02  1.0000000E-99  1.0000000E-99
  447  1.8558772E+04  8.9974227E-02  7.1379891E+01  7.6479615E+23  5.5557129E-02  1.0000000E-99  1.0000000E-99
  448  1.8600382E+04  9.0175955E-02  7.1539929E+01  7.6469963E+23  5.5821947E-02  1.0000000E-99  1.0000000E-99
  449  1.8641992E+04  9.0377683E-02  7.1699967E+01  7.6460289E+23  5.6087494E-02  1.0000000E-99  1.0000000E-99
  450  1.8683601E+04  9.0579411E-02  7.1860006E+01  7.6450592E+23  5.6353773E-02  1.0000000E-99  1.0000000E-99
  451  1.8725211E+04  9.0781139E-02  7.2020044E+01  7.6440871E+23  5.6620783E-02  1.0000000E-99  1.0000000E-99
  452  1.8766821E+04  9.0982867E-02  7.2180082E+01  7.6431128E+23  5.6888526E-02  1.0000000E-99  1.0000000E-99
  453  1.8808431E+04  9.1184595E-02  7.2340121E+01  7.6421362E+23  5.7157003E-02  1.0000000E-99  1.0000000E-99
  454  1.8850041E+04  9.1386323E-02  7.2500159E+01  7.6411573E+23  5.7426214E-02  1.0000000E-99  1.0000000E-99
  455  1.8891651E+04  9.1588051E-02  7.2660197E+01  7.6401762E+23  5.7696162E-02  1.0000000E-99  1.0000000E-99
  456  1.8933261E+04  9.1789779E-02  7.2820235E+01  7.6391927E+23  5.7966846E-02  1.0000000E-99  1.0000000E-99
  457  1.8974871E+04  9.1991507E-02  7.2980274E+01  7.6382069E+23  5.8238269E-02  1.0000000E-99  1.0000000E-99
  458  1.9016481E+04  9.2193235E-02  7.3140312E+01  7.6372189E+23  5.8510430E-02  1.0000000E-99  1.0000000E-99
  459  1.9058091E+04  9.2394963E-02  7.3300350E+01  7.6362286E+23  5.8783331E-02  1.0000000E-99  1.0000000E-99
  460  1.9099701E+04  9.2596691E-02  7.3460389E+01  7.6352359E+23  5.9056973E-02  1.0000000E-99  1.0000000E-99
  461  1.9141311E+04  9.2798419E-02  7.3620427E+01  7.6342410E+23  5.9331357E-02  1.0000000E-99  1.0000000E-99
  462  1.9182921E+04  9.3000147E-02  7.3780465E+01  7.6332438E+23  5.9606484E-02  1.0000000E-99  1.0000000E-99
  463  1.9224531E+04  9.3201875E-02  7.3940503E+01  7.6322443E+23  5.9882355E-02  1.0000000E-99  1.0000000E-99
  464  1.9266141E+04  9.3403603E-02  7.4100542E+01  7.6312424E+23  6.0158972E-02  1.0000000E-99  1.0000000E-99
  465  1.9307751E+04  9.3605331E-02  7.4260580E+01  7.6302383E+23  6.0436335E-02  1.0000000E-99  1.0000000E-99
  466  1.9349361E+04  9.3807059E-02  7.4420618E+01  7.6292319E+23  6.0714445E-02  1.0000000E-99  1.0000000E-99
  467  1.9390971E+04  9.4008787E-02  7.4580657E+01  7.6282232E+23  6.0993303E-02  1.0000000E-99  1.0000000E-99
  468  1.9432581E+04  9.4210514E-02  7.4740695E+01  7.6272122E+23  6.1272911E-02  1.0000000E-99  1.0000000E-99
  469  1.9474191E+04  9.4412242E-02  7.4900733E+01  7.6261989E+23  6.1553269E-02  1.0000000E-99  1.0000000E-99
  470  1.9515801E+04  9.4613970E-02  7.5060771E+01  7.6251833E+23  6.1834379E-02  1.0000000E-99  1.0000000E-99
  471  1.9557411E+04  9.4815698E-02  7.5220810E+01  7.6241653E+23  6.2116241E-02  1.0000000E-99  1.0000000E-99
  472  1.9599020E+04  9.5017426E-02  7.5380848E+01  7.6231451E+23  6.2398857E-02  1.0000000E-99  1.0000000E-99
  473  1.9640630E+04  9.5219154E-02  7.5540886E+01  7.6221226E+23  6.2682228E-02  1.0000000E-99  1.0000000E-99
  474  1.9682240E+04  9.5420882E-02  7.5700925E+01  7.6210978E+23  6.2966355E-02  1.0000000E-99  1.0000000E-99
  475  1.9723850E+04  9.5622610E-02  7.5860963E+01  7.6200706E+23  6.3251238E-02  1.0000000E-99  1.0000000E-99
  476  1.9765460E+04  9.5824338E-02  7.6021001E+01  7.6190412E+23  6.3536880E-02  1.0000000E-99  1.0000000E-99
  477  1.9807070E+04  9.6026066E-02  7.6181039E+01  7.6180094E+23  6.3823281E-02  1.0000000E-99  1.0000000E-99
  478  1.9848680E+04  9.6227794E-02  7.6341078E+01  7.6169753E+23  6.4110442E-02  1.0000000E-99  1.0000000E-99
  479  1.9890290E+04  9.6429522E-02  7.6501116E+01  7.6159389E+23  6.4398365E-02  1.0000000E-99  1.0000000E-99
  480  1.9931900E+04  9.6631250E-02  7.6661154E+01  7.6149002E+23  6.4687050E-02  1.0000000E-99  1.0000000E-99
  481  1.9973510E+04  9.6832978E-02  7.6821192E+01  7.6138592E+23  6.4976499E-02  1.0000000E-99  1.0000000E-99
  482  2.0015120E+04  9.7034706E-02  7.6981231E+01  7.6128159E+23  6.5266712E-02  1.0000000E-99  1.0000000E-99
  483  2.0056730E+04  9.7236434E-02  7.7141269E+01  7.6117703E+23  6.5557691E-02  1.0000000E-99  1.0000000E-99
  484  2.0098340E+04  9.7438162E-02  7.7301307E+01  7.6107223E+23  6.5849438E-02  1.0000000E-99  1.0000000E-99
  485  2.0139950E+04  9.7639890E-02  7.7461346E+01  7.6096721E+23  6.6141952E-02  1.0000000E-99  1.0000000E-99
  486  2.0181560E+04  9.7841618E-02  7.7621384E+01  7.6086195E+23  6.6435235E-02  1.0000000E-99  1.0000000E-99
  487  2.0223170E+04  9.8043346E-02  7.7781422E+01  7.6075646E+23  6.6729289E-02  1.0000000E-99  1.0000000E-99
  488  2.0264780E+04  9.8245074E-02  7.7941460E+01  7.6065073E+23  6.7024115E-02  1.0000000E-99  1.0000000E-99
  489  2.0306390E+04  9.8446802E-02  7.8101499E+01  7.6054478E+23  6.7319713E-02  1.0000000E-99  1.0000000E-99
  490  2.0348000E+04  9.8648530E-02  7.8261537E+01  7.6043859E+23  6.7616085E-02  1.0000000E-99  1.0000000E-99
  491  2.0389610E+04  9.8850258E-02  7.8421575E+01  7.6033217E+23  6.7913231E-02  1.0000000E-99  1.0000000E-99
  492  2.0431220E+04  9.9051986E-02  7.8581614E+01  7.6022552E+23  6.8211154E-02  1.0000000E-99  1.0000000E-99
  493  2.0472829E+04  9.9253714E-02  7.8741652E+01  7.6011864E+23  6.8509855E-02  1.0000000E-99  1.0000000E-99
  494  2.0514439E+04  9.9455442E-02  7.8901690E+01  7.6001152E+23  6.8809333E-02  1.0000000E-99  1.0000000E-99
  495  2.0556049E+04  9.9657170E-02  7.9061728E+01  7.5990417E+23  6.9109591E-02  1.0000000E-99  1.0000000E-99
  496  2.0597659E+04  9.9858898E-02  7.9221767E+01  7.5979659E+23  6.9410630E-02  1.0000000E-99  1.0000000E-99
  497  2.0639269E+04  1.0006063E-01  7.9381805E+01  7.5968878E+23  6.9712451E-02  1.0000000E-99  1.0000000E-99
  498  2.0680879E+04  1.0026235E-01  7.9541843E+01  7.5958073E+23  7.0015055E-02  1.0000000E-99  1.0000000E-99
  499  2.0722489E+04  1.0046408E-01  7.9701882E+01  7.5947245E+23  7.0318444E-02  1.0000000E-99  1.0000000E-99
  500  2.0764099E+04  1.0066581E-01  7.9861920E+01  7.5936394E+23  7.0622618E-02  1.0000000E-99  1.0000000E-99
  501  2.0805709E+04  1.0086754E-01  8.0021958E+01  7.5925519E+23  7.0927578E-02  1.0000000E-99  1.0000000E-99
  502  2.0847319E+04  1.0106927E-01  8.0181996E+01  7.5914621E+23  7.1233327E-02  1.0000000E-99  1.0000000E-99
  503  2.0888929E+04  1.0127099E-01  8.0342035E+01  7.5903700E+23  7.1539864E-02  1.0000000E-99  1.0000000E-99
  504  2.0930539E+04  1.0147272E-01  8.0502073E+01  7.5892755E+23  7.1847192E-02  1.0000000E-99  1.0000000E-99
  505  2.0972149E+04  1.0167445E-01  8.0662111E+01  7.5881787E+23  7.2155312E-02  1.0000000E-99  1.0000000E-99
  506  2.1013759E+04  1.0187618E-01  8.0822150E+01  7.5870795E+23  7.2464224E-02  1.0000000E-99  1.0000000E-99
  507  2.1055369E+04  1.0207791E-01  8.0982188E+01  7.5859781E+23  7.2773930E-02  1.0000000E-99  1.0000000E-99
  508  2.1096979E+04  1.0227963E-01  8.1142226E+01  7.5848742E+23  7.3084431E-02  1.0000000E-99  1.0000000E-99
  509  2.1138589E+04  1.0248136E-01  8.1302264E+01  7.5837681E+23  7.3395729E-02  1.0000000E-99  1.0000000E-99
  510  2.1180199E+04  1.0268309E-01  8.1462303E+01  7.5826596E+23  7.3707824E-02  1.0000000E-99  1.0000000E-99
  511  2.1221809E+04  1.0288482E-01  8.1622341E+01  7.5815487E+23  7.4020718E-02  1.0000000E-99  1.0000000E-99
  512  2.1263419E+04  1.0308655E-01  8.1782379E+01  7.5804355E+23  7.4334412E-02  1.0000000E-99  1.0000000E-99
  513  2.1305029E+04  1.0328827E-01  8.1942418E+01  7.5793200E+23  7.4648908E-02  1.0000000E-99  1.0000000E-99
  514  2.1346639E+04  1.0349000E-01  8.2102456E+01  7.5782021E+23  7.4964206E-02  1.0000000E-99  1.0000000E-99
  515  2.1388248E+04  1.0369173E-01  8.2262494E+01  7.5770819E+23  7.5280308E-02  1.0000000E-99  1.0000000E-99
  516  2.1429858E+04  1.0389346E-01  8.2422532E+01  7.5759593E+23  7.5597215E-02  1.0000000E-99  1.0000000E-99
  517  2.1471468E+04  1.0409519E-01  8.2582571E+01  7.5748344E+23  7.5914928E-02  1.0000000E-99  1.0000000E-99
  518  2.1513078E+04  1.0429691E-01  8.2742609E+01  7.5737071E+23  7.6233449E-02  1.0000000E-99  1.0000000E-99
  519  2.1554688E+04  1.0449864E-01  8.2902647E+01  7.5725775E+23  7.6552779E-02  1.0000000E-99  1.0000000E-99
  520  2.1596298E+04  1.0470037E-01  8.3062685E+01  7.5714455E+23  7.6872919E-02  1.0000000E-99  1.0000000E-99
  521  2.1637908E+04  1.0490210E-01  8.3222724E+01  7.5703112E+23  7.7193870E-02  1.0000000E-99  1.0000000E-99
  522  2.1679518E+04  1.0510383E-01  8.3382762E+01  7.5691745E+23  7.7515635E-02  1.0000000E-99  1.0000000E-99
  523  2.1721128E+04  1.0530555E-01  8.3542800E+01  7.5680355E+23  7.7838213E-02  1.0000000E-99  1.0000000E-99
  524  2.1762738E+04  1.0550728E-01  8.3702839E+01  7.5668941E+23  7.8161606E-02  1.0000000E-99  1.0000000E-99
  525  2.1804348E+04  1.0570901E-01  8.3862877E+01  7.5657503E+23  7.8485816E-02  1.0000000E-99  1.0000000E-99
  526  2.1845958E+04  1.0591074E-01  8.4022915E+01  7.5646042E+23  7.8810844E-02  1.0000000E-99  1.0000000E-99
  527  2.1887568E+04  1.0611246E-01  8.4182953E+01  7.5634558E+23  7.9136691E-02  1.0000000E-99  1.0000000E-99
  528  2.1929178E+04  1.0631419E-01  8.4342992E+01  7.5623049E+23  7.9463359E-02  1.0000000E-99  1.0000000E-99
  529  2.1970788E+04  1.0651592E-01  8.4503030E+01  7.5611517E+23  7.9790848E-02  1.0000000E-99  1.0000000E-99
  530  2.2012398E+04  1.0671765E-01  8.4663068E+01  7.5599962E+23  8.0119161E-02  1.0000000E-99  1.0000000E-99
  531  2.2054008E+04  1.0691938E-01  8.4823107E+01  7.5588383E+23  8.0448297E-02  1.0000000E-99  1.0000000E-99
  532  2.2095618E+04  1.0712110E-01  8.4983145E+01  7.5576780E+23  8.0778260E-02  1.0000000E-99  1.0000000E-99
  533  2.2137228E+04  1.0732283E-01  8.5143183E+01  7.5565153E+23  8.1109050E-02  1.0000000E-99  1.0000000E-99
  534  2.2178838E+04  1.0752456E-01  8.5303221E+01  7.5553503E+23  8.1440668E-02  1.0000000E-99  1.0000000E-99
  535  2.2220448E+04  1.0772629E-01  8.5463260E+01  7.5541829E+23  8.1773116E-02  1.0000000E-99  1.0000000E-99
  536  2.2262057E+04  1.0792802E-01  8.5623298E+01  7.5530132E+23  8.2106395E-02  1.0000000E-99  1.0000000E-99
  537  2.2303667E+04  1.0812974E-01  8.5783336E+01  7.5518411E+23  8.2440506E-02  1.0000000E-99  1.0000000E-99
  538  2.2345277E+04  1.0833147E-01  8.5943375E+01  7.5506666E+23  8.2775452E-02  1.0000000E-99  1.0000000E-99
  539  2.2386887E+04  1.0853320E-01  8.6103413E+01  7.5494897E+23  8.3111232E-02  1.0000000E-99  1.0000000E-99
  540  2.2428497E+04  1.0873493E-01  8.6263451E+01  7.5483105E+23  8.3447849E-02  1.0000000E-99  1.0000000E-99
  541  2.2470107E+04  1.0893666E-01  8.6423489E+01  7.5471289E+23  8.3785304E-02  1.0000000E-99  1.0000000E-99
  542  2.2511717E+04  1.0913838E-01  8.6583528E+01  7.5459449E+23  8.4123598E-02  1.0000000E-99  1.0000000E-99
  543  2.2553327E+04  1.0934011E-01  8.6743566E+01  7.5447585E+23  8.4462733E-02  1.0000000E-99  1.0000000E-99
  544  2.2594937E+04  1.0954184E-01  8.6903604E+01  7.5435698E+23  8.4802710E-02  1.0000000E-99  1.0000000E-99
  545  2.2636547E+04  1.0974357E-01  8.7063643E+01  7.5423786E+23  8.5143530E-02  1.0000000E-99  1.0000000E-99
  546  2.2678157E+04  1.0994530E-01  8.7223681E+01  7.5411851E+23  8.5485195E-02  1.0000000E-99  1.0000000E-99
  547  2.2719767E+04  1.1014702E-01  8.7383719E+01  7.5399892E+23  8.5827706E-02  1.0000000E-99  1.0000000E-99
  548  2.2761377E+04  1.1034875E-01  8.7543757E+01  7.5387910E+23  8.6171065E-02  1.0000000E-99  1.0000000E-99
  549  2.2802987E+04  1.1055048E-01  8.7703796E+01  7.5375903E+23  8.6515272E-02  1.0000000E-99  1.0000000E-99
  550  2.2844597E+04  1.1075221E-01  8.7863834E+01  7.5363873E+23  8.6860330E-02  1.0000000E-99  1.0000000E-99
  551  2.2886207E+04  1.1095394E-01  8.8023872E+01  7.5351819E+23  8.7206240E-02  1.0000000E-99  1.0000000E-99
  552  2.2927817E+04  1.1115566E-01  8.8183911E+01  7.5339741E+23  8.7553003E-02  1.0000000E-99  1.0000000E-99
  553  2.2969427E+04  1.1135739E-01  8.8343949E+01  7.5327639E+23  8.7900621E-02  1.0000000E-99  1.0000000E-99
  554  2.3011037E+04  1.1155912E-01  8.8503987E+01  7.5315513E+23  8.8249095E-02  1.0000000E-99  1.0000000E-99
  555  2.3052647E+04  1.1176085E-01  8.8664025E+01  7.5303363E+23  8.8598426E-02  1.0000000E-99  1.0000000E-99
  556  2.3094257E+04  1.1196258E-01  8.8824064E+01  7.5291189E+23  8.8948616E-02  1.0000000E-99  1.0000000E-99
  557  2.3135866E+04  1.1216430E-01  8.8984102E+01  7.5278992E+23  8.9299667E-02  1.0000000E-99  1.0000000E-99
  558  2.3177476E+04  1.1236603E-01  8.9144140E+01  7.5266770E+23  8.9651579E-02  1.0000000E-99  1.0000000E-99
  559  2.3219086E+04  1.1256776E-01  8.9304178E+01  7.5254525E+23  9.0004355E-02  1.0000000E-99  1.0000000E-99
  560  2.3260696E+04  1.1276949E-01  8.9464217E+01  7.5242255E+23  9.0357996E-02  1.0000000E-99  1.0000000E-99
  561  2.3302306E+04  1.1297122E-01  8.9624255E+01  7.5229962E+23  9.0712502E-02  1.0000000E-99  1.0000000E-99
  562  2.3343916E+04  1.1317294E-01  8.9784293E+01  7.5217644E+23  9.1067877E-02  1.0000000E-99  1.0000000E-99
  563  2.3385526E+04  1.1337467E-01  8.9944332E+01  7.5205303E+23  9.1424120E-02  1.0000000E-99  1.0000000E-99
  564  2.3427136E+04  1.1357640E-01  9.0104370E+01  7.5192937E+23  9.1781234E-02  1.0000000E-99  1.0000000E-99
  565  2.3468746E+04  1.1377813E-01  9.0264408E+01  7.5180548E+23  9.2139220E-02  1.0000000E-99  1.0000000E-99
  566  2.3510356E+04  1.1397986E-01  9.0424446E+01  7.5168135E+23  9.2498080E-02  1.0000000E-99  1.0000000E-99
  567  2.3551966E+04  1.1418158E-01  9.0584485E+01  7.5155697E+23  9.2857815E-02  1.0000000E-99  1.0000000E-99
  568  2.3593576E+04  1.1438331E-01  9.0744523E+01  7.5143235E+23  9.3218426E-02  1.0000000E-99  1.0000000E-99
  569  2.3635186E+04  1.1458504E-01  9.0904561E+01  7.5130750E+23  9.3579916E-02  1.0000000E-99  1.0000000E-99
  570  2.3676796E+04  1.1478677E-01  9.1064600E+01  7.5118240E+23  9.3942285E-02  1.0000000E-99  1.0000000E-99
  571  2.3718406E+04  1.1498850E-01  9.1224638E+01  7.5105706E+23  9.4305535E-02  1.0000000E-99  1.0000000E-99
  572  2.3760016E+04  1.1519022E-01  9.1384676E+01  7.5093148E+23  9.4669667E-02  1.0000000E-99  1.0000000E-99
  573  2.3801626E+04  1.1539195E-01  9.1544714E+01  7.5080566E+23  9.5034684E-02  1.0000000E-99  1.0000000E-99
  574  2.3843236E+04  1.1559368E-01  9.1704753E+01  7.5067960E+23  9.5400587E-02  1.0000000E-99  1.0000000E-99
  575  2.3884846E+04  1.1579541E-01  9.1864791E+01  7.5055330E+23  9.5767376E-02  1.0000000E-99  1.0000000E-99
  576  2.3926456E+04  1.1599714E-01  9.2024829E+01  7.5042675E+23  9.6135055E-02  1.0000000E-99  1.0000000E-99
  577  2.3968066E+04  1.1619886E-01  9.2184868E+01  7.5029996E+23  9.6503623E-02  1.0000000E-99  1.0000000E-99
  578  2.4009676E+04  1.1640059E-01  9.2344906E+01  7.5017294E+23  9.6873084E-02  1.0000000E-99  1.0000000E-99
  579  2.4051285E+04  1.1660232E-01  9.2504944E+01  7.5004567E+23  9.7243437E-02  1.0000000E-99  1.0000000E-99
  580  2.4092895E+04  1.1680405E-01  9.2664982E+01  7.4991815E+23  9.7614686E-02  1.0000000E-99  1.0000000E-99
  581  2.4134505E+04  1.1700578E-01  9.2825021E+01  7.4979040E+23  9.7986831E-02  1.0000000E-99  1.0000000E-99
  582  2.4176115E+04  1.1720750E-01  9.2985059E+01  7.4966240E+23  9.8359874E-02  1.0000000E-99  1.0000000E-99
  583  2.4217725E+04  1.1740923E-01  9.3145097E+01  7.4953416E+23  9.8733817E-02  1.0000000E-99  1.0000000E-99
  584  2.4259335E+04  1.1761096E-01  9.3305136E+01  7.4940568E+23  9.9108661E-02  1.0000000E-99  1.0000000E-99
  585  2.4300945E+04  1.1781269E-01  9.3465174E+01  7.4927696E+23  9.9484408E-02  1.0000000E-99  1.0000000E-99
  586  2.4342555E+04  1.1801442E-01  9.3625212E+01  7.4914799E+23  9.9861059E-02  1.0000000E-99  1.0000000E-99
  587  2.4384165E+04  1.1821614E-01  9.3785250E+01  7.4901878E+23  1.0023862E-01  1.0000000E-99  1.0000000E-99
  588  2.4425775E+04  1.1841787E-01  9.3945289E+01  7.4888933E+23  1.0061708E-01  1.0000000E-99  1.0000000E-99
  589  2.4467385E+04  1.1861960E-01  9.4105327E+01  7.4875963E+23  1.0099646E-01  1.0000000E-99  1.0000000E-99
  590  2.4508995E+04  1.1882133E-01  9.4265365E+01  7.4862969E+23  1.0137674E-01  1.0000000E-99  1.0000000E-99
  591  2.4550605E+04  1.1902306E-01  9.4425404E+01  7.4849951E+23  1.0175794E-01  1.0000000E-99  1.0000000E-99
  592  2.4592215E+04  1.1922478E-01  9.4585442E+01  7.4836908E+23  1.0214005E-01  1.0000000E-99  1.0000000E-99
  593  2.4633825E+04  1.1942651E-01  9.4745480E+01  7.4823841E+23  1.0252307E-01  1.0000000E-99  1.0000000E-99
  594  2.4675435E+04  1.1962824E-01  9.4905518E+01  7.4810750E+23  1.0290702E-01  1.0000000E-99  1.0000000E-99
  595  2.4717045E+04  1.1982997E-01  9.5065557E+01  7.4797634E+23  1.0329188E-01  1.0000000E-99  1.0000000E-99
  596  2.4758655E+04  1.2003170E-01  9.5225595E+01  7.4784494E+23  1.0367767E-01  1.0000000E-99  1.0000000E-99
  597  2.4800265E+04  1.2023342E-01  9.5385633E+01  7.4771329E+23  1.0406437E-01  1.0000000E-99  1.0000000E-99
  598  2.4841875E+04  1.2043515E-01  9.5545671E+01  7.4758140E+23  1.0445200E-01  1.0000000E-99  1.0000000E-99
  599  2.4883485E+04  1.2063688E-01  9.5705710E+01  7.4744926E+23  1.0484056E-01  1.0000000E-99  1.0000000E-99
  600  2.4925094E+04  1.2083861E-01  9.5865748E+01  7.4731689E+23  1.0523004E-01  1.0000000E-99  1.0000000E-99
  601  2.4966704E+04  1.2104033E-01  9.6025786E+01  7.4718426E+23  1.0562045E-01  1.0000000E-99  1.0000000E-99
  602  2.5008314E+04  1.2124206E-01  9.6185825E+01  7.4705139E+23  1.0601179E-01  1.0000000E-99  1.0000000E-99
  603  2.5049924E+04  1.2144379E-01  9.6345863E+01  7.4691828E+23  1.0640407E-01  1.0000000E-99  1.0000000E-99
  604  2.5091534E+04  1.2164552E-01  9.6505901E+01  7.4678492E+23  1.0679727E-01  1.0000000E-99  1.0000000E-99
  605  2.5133144E+04  1.2184725E-01  9.6665939E+01  7.4665132E+23  1.0719142E-01  1.0000000E-99  1.0000000E-99
  606  2.5174754E+04  1.2204897E-01  9.6825978E+01  7.4651747E+23  1.0758650E-01  1.0000000E-99  1.0000000E-99
  607  2.5216364E+04  1.2225070E-01  9.6986016E+01  7.4638337E+23  1.0798252E-01  1.0000000E-99  1.0000000E-99
  608  2.5257974E+04  1.2245243E-01  9.7146054E+01  7.4624903E+23  1.0837948E-01  1.0000000E-99  1.0000000E-99
  609  2.5299584E+04  1.2265416E-01  9.7306093E+01  7.4611444E+23  1.0877738E-01  1.0000000E-99  1.0000000E-99
  610  2.5341194E+04  1.2285589E-01  9.7466131E+01  7.4597961E+23  1.0917623E-01  1.0000000E-99  1.0000000E-99
  611  2.5382804E+04  1.2305761E-01  9.7626169E+01  7.4584453E+23  1.0957602E-01  1.0000000E-99  1.0000000E-99
  612  2.5424414E+04  1.2325934E-01  9.7786207E+01  7.4570921E+23  1.0997676E-01  1.0000000E-99  1.0000000E-99
  613  2.5466024E+04  1.2346107E-01  9.7946246E+01  7.4557364E+23  1.1037845E-01  1.0000000E-99  1.0000000E-99
  614  2.5507634E+04  1.2366280E-01  9.8106284E+01  7.4543782E+23  1.1078109E-01  1.0000000E-99  1.0000000E-99
  615  2.5549244E+04  1.2386453E-01  9.8266322E+01  7.4530176E+23  1.1118469E-01  1.0000000E-99  1.0000000E-99
  616  2.5590854E+04  1.2406625E-01  9.8426361E+01  7.4516545E+23  1.1158924E-01  1.0000000E-99  1.0000000E-99
  617  2.5632464E+04  1.2426798E-01  9.8586399E+01  7.4502889E+23  1.1199474E-01  1.0000000E-99  1.0000000E-99
  618  2.5674074E+04  1.2446971E-01  9.8746437E+01  7.4489208E+23  1.1240121E-01  1.0000000E-99  1.0000000E-99
  619  2.5715684E+04  1.2467144E-01  9.8906475E+01  7.4475503E+23  1.1280863E-01  1.0000000E-99  1.0000000E-99
  620  2.5757294E+04  1.2487317E-01  9.9066514E+01  7.4461773E+23  1.1321701E-01  1.0000000E-99  1.0000000E-99
  621  2.5798904E+04  1.2507489E-01  9.9226552E+01  7.4448019E+23  1.1362636E-01  1.0000000E-99  1.0000000E-99
  622  2.5840513E+04  1.2527662E-01  9.9386590E+01  7.4434240E+23  1.1403668E-01  1.0000000E-99  1.0000000E-99
  623  2.5882123E+04  1.2547835E-01  9.9546629E+01  7.4420435E+23  1.1444796E-01  1.0000000E-99  1.0000000E-99
  624  2.5923733E+04  1.2568008E-01  9.9706667E+01  7.4406607E+23  1.1486021E-01  1.0000000E-99  1.0000000E-99
  625  2.5965343E+04  1.2588181E-01  9.9866705E+01  7.4392753E+23  1.1527343E-01  1.0000000E-99  1.0000000E-99
  626  2.6006953E+04  1.2608353E-01  1.0002674E+02  7.4378874E+23  1.1568762E-01  1.0000000E-99  1.0000000E-99
  627  2.6048563E+04  1.2628526E-01  1.0018678E+02  7.4364971E+23  1.1610279E-01  1.0000000E-99  1.0000000E-99
  628  2.6090173E+04  1.2648699E-01  1.0034682E+02  7.4351043E+23  1.1651894E-01  1.0000000E-99  1.0000000E-99
  629  2.6131783E+04  1.2668872E-01  1.0050686E+02  7.4337090E+23  1.1693606E-01  1.0000000E-99  1.0000000E-99
  630  2.6173393E+04  1.2689045E-01  1.0066690E+02  7.4323112E+23  1.1735416E-01  1.0000000E-99  1.0000000E-99
  631  2.6215003E+04  1.2709217E-01  1.0082693E+02  7.4309109E+23  1.1777324E-01  1.0000000E-99  1.0000000E-99
  632  2.6256613E+04  1.2729390E-01  1.0098697E+02  7.4295082E+23  1.1819331E-01  1.0000000E-99  1.0000000E-99
  633  2.6298223E+04  1.2749563E-01  1.0114701E+02  7.4281029E+23  1.1861436E-01  1.0000000E-99  1.0000000E-99
  634  2.6339833E+04  1.2769736E-01  1.0130705E+02  7.4266952E+23  1.1903640E-01  1.0000000E-99  1.0000000E-99
  635  2.6381443E+04  1.2789909E-01  1.0146709E+02  7.4252849E+23  1.1945943E-01  1.0000000E-99  1.0000000E-99
  636  2.6423053E+04  1.2810081E-01  1.0162713E+02  7.4238722E+23  1.1988345E-01  1.0000000E-99  1.0000000E-99
  637  2.6464663E+04  1.2830254E-01  1.0178716E+02  7.4224570E+23  1.2030847E-01  1.0000000E-99  1.0000000E-99
  638  2.6506273E+04  1.2850427E-01  1.0194720E+02  7.4210393E+23  1.2073448E-01  1.0000000E-99  1.0000000E-99
  639  2.6547883E+04  1.2870600E-01  1.0210724E+02  7.4196190E+23  1.2116148E-01  1.0000000E-99  1.0000000E-99
  640  2.6589493E+04  1.2890773E-01  1.0226728E+02  7.4181963E+23  1.2158949E-01  1.0000000E-99  1.0000000E-99
  641  2.6631103E+04  1.2910945E-01  1.0242732E+02  7.4167711E+23  1.2201849E-01  1.0000000E-99  1.0000000E-99
  642  2.6672713E+04  1.2931118E-01  1.0258736E+02  7.4153434E+23  1.2244850E-01  1.0000000E-99  1.0000000E-99
  643  2.6714322E+04  1.2951291E-01  1.0274739E+02  7.4139131E+23  1.2287951E-01  1.0000000E-99  1.0000000E-99
  644  2.6755932E+04  1.2971464E-01  1.0290743E+02  7.4124804E+23  1.2331153E-01  1.0000000E-99  1.0000000E-99
  645  2.6797542E+04  1.2991637E-01  1.0306747E+02  7.4110451E+23  1.2374455E-01  1.0000000E-99  1.0000000E-99
  646  2.6839152E+04  1.3011809E-01  1.0322751E+02  7.4096074E+23  1.2417859E-01  1.0000000E-99  1.0000000E-99
  647  2.6880762E+04  1.3031982E-01  1.0338755E+02  7.4081671E+23  1.2461364E-01  1.0000000E-99  1.0000000E-99
  648  2.6922372E+04  1.3052155E-01  1.0354759E+02  7.4067243E+23  1.2504970E-01  1.0000000E-99  1.0000000E-99
  649  2.6963982E+04  1.3072328E-01  1.0370762E+02  7.4052790E+23  1.2548678E-01  1.0000000E-99  1.0000000E-99
  650  2.7005592E+04  1.3092501E-01  1.0386766E+02  7.4038312E+23  1.2592488E-01  1.0000000E-99  1.0000000E-99
  651  2.7047202E+04  1.3112673E-01  1.0402770E+02  7.4023809E+23  1.2636400E-01  1.0000000E-99  1.0000000E-99
  652  2.7088812E+04  1.3132846E-01  1.0418774E+02  7.4009281E+23  1.2680414E-01  1.0000000E-99  1.0000000E-99
  653  2.7130422E+04  1.3153019E-01  1.0434778E+02  7.3994727E+23  1.2724530E-01  1.0000000E-99  1.0000000E-99
  654  2.7172032E+04  1.3173192E-01  1.0450782E+02  7.3980148E+23  1.2768749E-01  1.0000000E-99  1.0000000E-99
  655  2.7213642E+04  1.3193365E-01  1.0466785E+02  7.3965544E+23  1.2813071E-01  1.0000000E-99  1.0000000E-99
  656  2.7255252E+04  1.3213537E-01  1.0482789E+02  7.3950915E+23  1.2857496E-01  1.0000000E-99  1.0000000E-99
  657  2.7296862E+04  1.3233710E-01  1.0498793E+02  7.3936260E+23  1.2902024E-01  1.0000000E-99  1.0000000E-99
  658  2.7338472E+04  1.3253883E-01  1.0514797E+02  7.3921581E+23  1.2946656E-01  1.0000000E-99  1.0000000E-99
  659  2.7380082E+04  1.3274056E-01  1.0530801E+02  7.3906876E+23  1.2991391E-01  1.0000000E-99  1.0000000E-99
  660  2.7421692E+04  1.3294229E-01  1.0546804E+02  7.3892145E+23  1.3036230E-01  1.0000000E-99  1.0000000E-99
  661  2.7463302E+04  1.3314401E-01  1.0562808E+02  7.3877389E+23  1.3081173E-01  1.0000000E-99  1.0000000E-99
  662  2.7504912E+04  1.3334574E-01  1.0578812E+02  7.3862608E+23  1.3126220E-01  1.0000000E-99  1.0000000E-99
  663  2.7546522E+04  1.3354747E-01  1.0594816E+02  7.3847802E+23  1.3171371E-01  1.0000000E-99  1.0000000E-99
  664  2.7588132E+04  1.3374920E-01  1.0610820E+02  7.3832970E+23  1.3216628E-01  1.0000000E-99  1.0000000E-99
  665  2.7629741E+04  1.3395093E-01  1.0626824E+02  7.3818113E+23  1.3261989E-01  1.0000000E-99  1.0000000E-99
  666  2.7671351E+04  1.3415265E-01  1.0642827E+02  7.3803231E+23  1.3307455E-01  1.0000000E-99  1.0000000E-99
  667  2.7712961E+04  1.3435438E-01  1.0658831E+02  7.3788323E+23  1.3353027E-01  1.0000000E-99  1.0000000E-99
  668  2.7754571E+04  1.3455611E-01  1.0674835E+02  7.3773390E+23  1.3398704E-01  1.0000000E-99  1.0000000E-99
  669  2.7796181E+04  1.3475784E-01  1.0690839E+02  7.3758431E+23  1.3444486E-01  1.0000000E-99  1.0000000E-99
  670  2.7837791E+04  1.3495957E-01  1.0706843E+02  7.3743447E+23  1.3490375E-01  1.0000000E-99  1.0000000E-99
  671  2.7879401E+04  1.3516129E-01  1.0722847E+02  7.3728437E+23  1.3536370E-01  1.0000000E-99  1.0000000E-99
  672  2.7921011E+04  1.3536302E-01  1.0738850E+02  7.3713402E+23  1.3582471E-01  1.0000000E-99  1.0000000E-99
  673  2.7962621E+04  1.3556475E-01  1.0754854E+02  7.3698341E+23  1.3628678E-01  1.0000000E-99  1.0000000E-99
  674  2.8004231E+04  1.3576648E-01  1.0770858E+02  7.3683255E+23  1.3674993E-01  1.0000000E-99  1.0000000E-99
  675  2.8045841E+04  1.3596820E-01  1.0786862E+02  7.3668143E+23  1.3721414E-01  1.0000000E-99  1.0000000E-99
  676  2.8087451E+04  1.3616993E-01  1.0802866E+02  7.3653006E+23  1.3767943E-01  1.0000000E-99  1.0000000E-99
  677  2.8129061E+04  1.3637166E-01  1.0818870E+02  7.3637843E+23  1.3814579E-01  1.0000000E-99  1.0000000E-99
  678  2.8170671E+04  1.3657339E-01  1.0834873E+02  7.3622655E+23  1.3861322E-01  1.0000000E-99  1.0000000E-99
  679  2.8212281E+04  1.3677512E-01  1.0850877E+02  7.3607441E+23  1.3908174E-01  1.0000000E-99  1.0000000E-99
  680  2.8253891E+04  1.3697684E-01  1.0866881E+02  7.3592201E+23  1.3955133E-01  1.0000000E-99  1.0000000E-99
  681  2.8295501E+04  1.3717857E-01  1.0882885E+02  7.3576936E+23  1.4002201E-01  1.0000000E-99  1.0000000E-99
  682  2.8337111E+04  1.3738030E-01  1.0898889E+02  7.3561645E+23  1.4049378E-01  1.0000000E-99  1.0000000E-99
  683  2.8378721E+04  1.3758203E-01  1.0914893E+02  7.3546329E+23  1.4096663E-01  1.0000000E-99  1.0000000E-99
  684  2.8420331E+04  1.3778376E-01  1.0930896E+02  7.3530987E+23  1.4144057E-01  1.0000000E-99  1.0000000E-99
  685  2.8461941E+04  1.3798548E-01  1.0946900E+02  7.3515619E+23  1.4191560E-01  1.0000000E-99  1.0000000E-99
  686  2.8503550E+04  1.3818721E-01  1.0962904E+02  7.3500225E+23  1.4239172E-01  1.0000000E-99  1.0000000E-99
  687  2.8545160E+04  1.3838894E-01  1.0978908E+02  7.3484806E+23  1.4286895E-01  1.0000000E-99  1.0000000E-99
  688  2.8586770E+04  1.3859067E-01  1.0994912E+02  7.3469361E+23  1.4334727E-01  1.0000000E-99  1.0000000E-99
  689  2.8628380E+04  1.3879240E-01  1.1010916E+02  7.3453890E+23  1.4382669E-01  1.0000000E-99  1.0000000E-99
  690  2.8669990E+04  1.3899412E-01  1.1026919E+02  7.3438394E+23  1.4430721E-01  1.0000000E-99  1.0000000E-99
  691  2.8711600E+04  1.3919585E-01  1.1042923E+02  7.3422871E+23  1.4478884E-01  1.0000000E-99  1.0000000E-99
  692  2.8753210E+04  1.3939758E-01  1.1058927E+02  7.3407323E+23  1.4527158E-01  1.0000000E-99  1.0000000E-99
  693  2.8794820E+04  1.3959931E-01  1.1074931E+02  7.3391749E+23  1.4575542E-01  1.0000000E-99  1.0000000E-99
  694  2.8836430E+04  1.3980104E-01  1.1090935E+02  7.3376150E+23  1.4624038E-01  1.0000000E-99  1.0000000E-99
  695  2.8878040E+04  1.4000276E-01  1.1106938E+02  7.3360524E+23  1.4672646E-01  1.0000000E-99  1.0000000E-99
  696  2.8919650E+04  1.4020449E-01  1.1122942E+02  7.3344872E+23  1.4721364E-01  1.0000000E-99  1.0000000E-99
  697  2.8961260E+04  1.4040622E-01  1.1138946E+02  7.3329195E+23  1.4770195E-01  1.0000000E-99  1.0000000E-99
  698  2.9002870E+04  1.4060795E-01  1.1154950E+02  7.3313492E+23  1.4819138E-01  1.0000000E-99  1.0000000E-99
  699  2.9044480E+04  1.4080968E-01  1.1170954E+02  7.3297763E+23  1.4868194E-01  1.0000000E-99  1.0000000E-99
  700  2.9086090E+04  1.4101140E-01  1.1186958E+02  7.3282007E+23  1.4917362E-01  1.0000000E-99  1.0000000E-99
  701  2.9127700E+04  1.4121313E-01  1.1202961E+02  7.3266226E+23  1.4966643E-01  1.0000000E-99  1.0000000E-99
  702  2.9169310E+04  1.4141486E-01  1.1218965E+02  7.3250419E+23  1.5016037E-01  1.0000000E-99  1.0000000E-99
  703  2.9210920E+04  1.4161659E-01  1.1234969E+02  7.3234586E+23  1.5065544E-01  1.0000000E-99  1.0000000E-99
  704  2.9252530E+04  1.4181832E-01  1.1250973E+02  7.3218727E+23  1.5115165E-01  1.0000000E-99  1.0000000E-99
  705  2.9294140E+04  1.4202004E-01  1.1266977E+02  7.3202842E+23  1.5164899E-01  1.0000000E-99  1.0000000E-99
  706  2.9335750E+04  1.4222177E-01  1.1282981E+02  7.3186931E+23  1.5214748E-01  1.0000000E-99  1.0000000E-99
  707  2.9377360E+04  1.4242350E-01  1.1298984E+02  7.3170994E+23  1.5264711E-01  1.0000000E-99  1.0000000E-99
  708  2.9418969E+04  1.4262523E-01  1.1314988E+02  7.3155031E+23  1.5314788E-01  1.0000000E-99  1.0000000E-99
  709  2.9460579E+04  1.4282696E-01  1.1330992E+02  7.3139041E+23  1.5364980E-01  1.0000000E-99  1.0000000E-99
  710  2.9502189E+04  1.4302868E-01  1.1346996E+02  7.3123026E+23  1.5415288E-01  1.0000000E-99  1.0000000E-99
  711  2.9543799E+04  1.4323041E-01  1.1363000E+02  7.3106984E+23  1.5465710E-01  1.0000000E-99  1.0000000E-99
  712  2.9585409E+04  1.4343214E-01  1.1379004E+02  7.3090917E+23  1.5516248E-01  1.0000000E-99  1.0000000E-99
  713  2.9627019E+04  1.4363387E-01  1.1395007E+02  7.3074823E+23  1.5566902E-01  1.0000000E-99  1.0000000E-99
  714  2.9668629E+04  1.4383560E-01  1.1411011E+02  7.3058703E+23  1.5617671E-01  1.0000000E-99  1.0000000E-99
  715  2.9710239E+04  1.4403732E-01  1.1427015E+02  7.3042557E+23  1.5668557E-01  1.0000000E-99  1.0000000E-99
  716  2.9751849E+04  1.4423905E-01  1.1443019E+02  7.3026384E+23  1.5719559E-01  1.0000000E-99  1.0000000E-99
  717  2.9793459E+04  1.4444078E-01  1.1459023E+02  7.3010186E+23  1.5770678E-01  1.0000000E-99  1.0000000E-99
  718  2.9835069E+04  1.4464251E-01  1.1475027E+02  7.2993961E+23  1.5821914E-01  1.0000000E-99  1.0000000E-99
  719  2.9876679E+04  1.4484424E-01  1.1491030E+02  7.2977710E+23  1.5873268E-01  1.0000000E-99  1.0000000E-99
  720  2.9918289E+04  1.4504596E-01  1.1507034E+02  7.2961432E+23  1.5924738E-01  1.0000000E-99  1.0000000E-99
  721  2.9959899E+04  1.4524769E-01  1.1523038E+02  7.2945129E+23  1.5976327E-01  1.0000000E-99  1.0000000E-99
  722  3.0001509E+04  1.4544942E-01  1.1539042E+02  7.2928799E+23  1.6028033E-01  1.0000000E-99  1.0000000E-99
  723  3.0043119E+04  1.4565115E-01  1.1555046E+02  7.2912442E+23  1.6079858E-01  1.0000000E-99  1.0000000E-99
  724  3.0084729E+04  1.4585288E-01  1.1571050E+02  7.2896060E+23  1.6131801E-01  1.0000000E-99  1.0000000E-99
  725  3.0126339E+04  1.4605460E-01  1.1587053E+02  7.2879651E+23  1.6183863E-01  1.0000000E-99  1.0000000E-99
  726  3.0167949E+04  1.4625633E-01  1.1603057E+02  7.2863215E+23  1.6236044E-01  1.0000000E-99  1.0000000E-99
  727  3.0209559E+04  1.4645806E-01  1.1619061E+02  7.2846754E+23  1.6288344E-01  1.0000000E-99  1.0000000E-99
  728  3.0251169E+04  1.4665979E-01  1.1635065E+02  7.2830265E+23  1.6340764E-01  1.0000000E-99  1.0000000E-99
  729  3.0292778E+04  1.4686152E-01  1.1651069E+02  7.2813751E+23  1.6393303E-01  1.0000000E-99  1.0000000E-99
  730  3.0334388E+04  1.4706324E-01  1.1667072E+02  7.2797209E+23  1.6445963E-01  1.0000000E-99  1.0000000E-99
  731  3.0375998E+04  1.4726497E-01  1.1683076E+02  7.2780642E+23  1.6498743E-01  1.0000000E-99  1.0000000E-99
  732  3.0417608E+04  1.4746670E-01  1.1699080E+02  7.2764048E+23  1.6551643E-01  1.0000000E-99  1.0000000E-99
  733  3.0459218E+04  1.4766843E-01  1.1715084E+02  7.2747427E+23  1.6604664E-01  1.0000000E-99  1.0000000E-99
  734  3.0500828E+04  1.4787016E-01  1.1731088E+02  7.2730780E+23  1.6657806E-01  1.0000000E-99  1.0000000E-99
  735  3.0542438E+04  1.4807188E-01  1.1747092E+02  7.2714106E+23  1.6711070E-01  1.0000000E-99  1.0000000E-99
  736  3.0584048E+04  1.4827361E-01  1.1763095E+02  7.2697406E+23  1.6764455E-01  1.0000000E-99  1.0000000E-99
  737  3.0625658E+04  1.4847534E-01  1.1779099E+02  7.2680679E+23  1.6817962E-01  1.0000000E-99  1.0000000E-99
  738  3.0667268E+04  1.4867707E-01  1.1795103E+02  7.2663926E+23  1.6871592E-01  1.0000000E-99  1.0000000E-99
  739  3.0708878E+04  1.4887880E-01  1.1811107E+02  7.2647146E+23  1.6925343E-01  1.0000000E-99  1.0000000E-99
  740  3.0750488E+04  1.4908052E-01  1.1827111E+02  7.2630339E+23  1.6979218E-01  1.0000000E-99  1.0000000E-99
  741  3.0792098E+04  1.4928225E-01  1.1843115E+02  7.2613506E+23  1.7033215E-01  1.0000000E-99  1.0000000E-99
  742  3.0833708E+04  1.4948398E-01  1.1859118E+02  7.2596646E+23  1.7087336E-01  1.0000000E-99  1.0000000E-99
  743  3.0875318E+04  1.4968571E-01  1.1875122E+02  7.2579759E+23  1.7141580E-01  1.0000000E-99  1.0000000E-99
  744  3.0916928E+04  1.4988744E-01  1.1891126E+02  7.2562846E+23  1.7195948E-01  1.0000000E-99  1.0000000E-99
  745  3.0958538E+04  1.5008916E-01  1.1907130E+02  7.2545906E+23  1.7250440E-01  1.0000000E-99  1.0000000E-99
  746  3.1000148E+04  1.5029089E-01  1.1923134E+02  7.2528939E+23  1.7305056E-01  1.0000000E-99  1.0000000E-99
  747  3.1041758E+04  1.5049262E-01  1.1939138E+02  7.2511945E+23  1.7359797E-01  1.0000000E-99  1.0000000E-99
  748  3.1083368E+04  1.5069435E-01  1.1955141E+02  7.2494925E+23  1.7414663E-01  1.0000000E-99  1.0000000E-99
  749  3.1124978E+04  1.5089608E-01  1.1971145E+02  7.2477877E+23  1.7469654E-01  1.0000000E-99  1.0000000E-99
  750  3.1166587E+04  1.5109780E-01  1.1987149E+02  7.2460803E+23  1.7524771E-01  1.0000000E-99  1.0000000E-99
  751  3.1208197E+04  1.5129953E-01  1.2003153E+02  7.2443702E+23  1.7580013E-01  1.0000000E-99  1.0000000E-99
  752  3.1249807E+04  1.5150126E-01  1.2019157E+02  7.2426575E+23  1.7635381E-01  1.0000000E-99  1.0000000E-99
  753  3.1291417E+04  1.5170299E-01  1.2035161E+02  7.2409420E+23  1.7690876E-01  1.0000000E-99  1.0000000E-99
  754  3.1333027E+04  1.5190471E-01  1.2051164E+02  7.2392238E+23  1.7746497E-01  1.0000000E-99  1.0000000E-99
  755  3.1374637E+04  1.5210644E-01  1.2067168E+02  7.2375030E+23  1.7802245E-01  1.0000000E-99  1.0000000E-99
  756  3.1416247E+04  1.5230817E-01  1.2083172E+02  7.2357794E+23  1.7858120E-01  1.0000000E-99  1.0000000E-99
  757  3.1457857E+04  1.5250990E-01  1.2099176E+02  7.2340532E+23  1.7914122E-01  1.0000000E-99  1.0000000E-99
  758  3.1499467E+04  1.5271163E-01  1.2115180E+02  7.2323243E+23  1.7970253E-01  1.0000000E-99  1.0000000E-99
  759  3.1541077E+04  1.5291335E-01  1.2131183E+02  7.2305926E+23  1.8026511E-01  1.0000000E-99  1.0000000E-99
  760  3.1582687E+04  1.5311508E-01  1.2147187E+02  7.2288583E+23  1.8082898E-01  1.0000000E-99  1.0000000E-99
  761  3.1624297E+04  1.5331681E-01  1.2163191E+02  7.2271213E+23  1.8139413E-01  1.0000000E-99  1.0000000E-99
  762  3.1665907E+04  1.5351854E-01  1.2179195E+02  7.2253815E+23  1.8196057E-01  1.0000000E-99  1.0000000E-99
  763  3.1707517E+04  1.5372027E-01  1.2195199E+02  7.2236391E+23  1.8252830E-01  1.0000000E-99  1.0000000E-99
  764  3.1749127E+04  1.5392199E-01  1.2211203E+02  7.2218939E+23  1.8309733E-01  1.0000000E-99  1.0000000E-99
  765  3.1790737E+04  1.5412372E-01  1.2227206E+02  7.2201460E+23  1.8366765E-01  1.0000000E-99  1.0000000E-99
  766  3.1832347E+04  1.5432545E-01  1.2243210E+02  7.2183954E+23  1.8423928E-01  1.0000000E-99  1.0000000E-99
  767  3.1873957E+04  1.5452718E-01  1.2259214E+02  7.2166421E+23  1.8481221E-01  1.0000000E-99  1.0000000E-99
  768  3.1915567E+04  1.5472891E-01  1.2275218E+02  7.2148861E+23  1.8538644E-01  1.0000000E-99  1.0000000E-99
  769  3.1957177E+04  1.5493063E-01  1.2291222E+02  7.2131274E+23  1.8596199E-01  1.0000000E-99  1.0000000E-99
  770  3.1998787E+04  1.5513236E-01  1.2307226E+02  7.2113659E+23  1.8653885E-01  1.0000000E-99  1.0000000E-99
  771  3.2040397E+04  1.5533409E-01  1.2323229E+02  7.2096017E+23  1.8711702E-01  1.0000000E-99  1.0000000E-99
  772  3.2082006E+04  1.5553582E-01  1.2339233E+02  7.2078348E+23  1.8769651E-01  1.0000000E-99  1.0000000E-99
  773  3.2123616E+04  1.5573755E-01  1.2355237E+02  7.2060652E+23  1.8827732E-01  1.0000000E-99  1.0000000E-99
  774  3.2165226E+04  1.5593927E-01  1.2371241E+02  7.2042928E+23  1.8885946E-01  1.0000000E-99  1.0000000E-99
  775  3.2206836E+04  1.5614100E-01  1.2387245E+02  7.2025177E+23  1.8944293E-01  1.0000000E-99  1.0000000E-99
  776  3.2248446E+04  1.5634273E-01  1.2403249E+02  7.2007399E+23  1.9002773E-01  1.0000000E-99  1.0000000E-99
  777  3.2290056E+04  1.5654446E-01  1.2419252E+02  7.1989593E+23  1.9061386E-01  1.0000000E-99  1.0000000E-99
  778  3.2331666E+04  1.5674619E-01  1.2435256E+02  7.1971760E+23  1.9120133E-01  1.0000000E-99  1.0000000E-99
  779  3.2373276E+04  1.5694791E-01  1.2451260E+02  7.1953900E+23  1.9179013E-01  1.0000000E-99  1.0000000E-99
  780  3.2414886E+04  1.5714964E-01  1.2467264E+02  7.1936012E+23  1.9238029E-01  1.0000000E-99  1.0000000E-99
  781  3.2456496E+04  1.5735137E-01  1.2483268E+02  7.1918097E+23  1.9297178E-01  1.0000000E-99  1.0000000E-99
  782  3.2498106E+04  1.5755310E-01  1.2499272E+02  7.1900154E+23  1.9356463E-01  1.0000000E-99  1.0000000E-99
  783  3.2539716E+04  1.5775483E-01  1.2515275E+02  7.1882184E+23  1.9415883E-01  1.0000000E-99  1.0000000E-99
  784  3.2581326E+04  1.5795655E-01  1.2531279E+02  7.1864186E+23  1.9475439E-01  1.0000000E-99  1.0000000E-99
  785  3.2622936E+04  1.5815828E-01  1.2547283E+02  7.1846161E+23  1.9535130E-01  1.0000000E-99  1.0000000E-99
  786  3.2664546E+04  1.5836001E-01  1.2563287E+02  7.1828108E+23  1.9594958E-01  1.0000000E-99  1.0000000E-99
  787  3.2706156E+04  1.5856174E-01  1.2579291E+02  7.1810028E+23  1.9654922E-01  1.0000000E-99  1.0000000E-99
  788  3.2747766E+04  1.5876347E-01  1.2595295E+02  7.1791920E+23  1.9715023E-01  1.0000000E-99  1.0000000E-99
  789  3.2789376E+04  1.5896519E-01  1.2611298E+02  7.1773784E+23  1.9775261E-01  1.0000000E-99  1.0000000E-99
  790  3.2830986E+04  1.5916692E-01  1.2627302E+02  7.1755621E+23  1.9835637E-01  1.0000000E-99  1.0000000E-99
  791  3.2872596E+04  1.5936865E-01  1.2643306E+02  7.1737430E+23  1.9896151E-01  1.0000000E-99  1.0000000E-99
  792  3.2914206E+04  1.5957038E-01  1.2659310E+02  7.1719212E+23  1.9956803E-01  1.0000000E-99  1.0000000E-99
  793  3.2955815E+04  1.5977211E-01  1.2675314E+02  7.1700966E+23  2.0017593E-01  1.0000000E-99  1.0000000E-99
  794  3.2997425E+04  1.5997383E-01  1.2691317E+02  7.1682692E+23  2.0078522E-01  1.0000000E-99  1.0000000E-99
  795  3.3039035E+04  1.6017556E-01  1.2707321E+02  7.1664390E+23  2.0139590E-01  1.0000000E-99  1.0000000E-99
  796  3.3080645E+04  1.6037729E-01  1.2723325E+02  7.1646061E+23  2.0200798E-01  1.0000000E-99  1.0000000E-99
  797  3.3122255E+04  1.6057902E-01  1.2739329E+02  7.1627704E+23  2.0262145E-01  1.0000000E-99  1.0000000E-99
  798  3.3163865E+04  1.6078075E-01  1.2755333E+02  7.1609319E+23  2.0323633E-01  1.0000000E-99  1.0000000E-99
  799  3.3205475E+04  1.6098247E-01  1.2771337E+02  7.1590907E+23  2.0385261E-01  1.0000000E-99  1.0000000E-99
  800  3.3247085E+04  1.6118420E-01  1.2787340E+02  7.1572466E+23  2.0447030E-01  1.0000000E-99  1.0000000E-99
  801  3.3288695E+04  1.6138593E-01  1.2803344E+02  7.1553998E+23  2.0508940E-01  1.0000000E-99  1.0000000E-99
  802  3.3330305E+04  1.6158766E-01  1.2819348E+02  7.1535501E+23  2.0570991E-01  1.0000000E-99  1.0000000E-99
  803  3.3371915E+04  1.6178939E-01  1.2835352E+02  7.1516977E+23  2.0633184E-01  1.0000000E-99  1.0000000E-99
  804  3.3413525E+04  1.6199111E-01  1.2851356E+02  7.1498425E+23  2.0695520E-01  1.0000000E-99  1.0000000E-99
  805  3.3455135E+04  1.6219284E-01  1.2867360E+02  7.1479845E+23  2.0757998E-01  1.0000000E-99  1.0000000E-99
  806  3.3496745E+04  1.6239457E-01  1.2883363E+02  7.1461237E+23  2.0820619E-01  1.0000000E-99  1.0000000E-99
  807  3.3538355E+04  1.6259630E-01  1.2899367E+02  7.1442601E+23  2.0883382E-01  1.0000000E-99  1.0000000E-99
  808  3.3579965E+04  1.6279803E-01  1.2915371E+02  7.1423937E+23  2.0946290E-01  1.0000000E-99  1.0000000E-99
  809  3.3621575E+04  1.6299975E-01  1.2931375E+02  7.1405245E+23  2.1009341E-01  1.0000000E-99  1.0000000E-99
  810  3.3663185E+04  1.6320148E-01  1.2947379E+02  7.1386525E+23  2.1072537E-01  1.0000000E-99  1.0000000E-99
  811  3.3704795E+04  1.6340321E-01  1.2963383E+02  7.1367777E+23  2.1135877E-01  1.0000000E-99  1.0000000E-99
  812  3.3746405E+04  1.6360494E-01  1.2979386E+02  7.1349001E+23  2.1199362E-01  1.0000000E-99  1.0000000E-99
  813  3.3788015E+04  1.6380667E-01  1.2995390E+02  7.1330197E+23  2.1262992E-01  1.0000000E-99  1.0000000E-99
  814  3.3829625E+04  1.6400839E-01  1.3011394E+02  7.1311364E+23  2.1326768E-01  1.0000000E-99  1.0000000E-99
  815  3.3871234E+04  1.6421012E-01  1.3027398E+02  7.1292504E+23  2.1390690E-01  1.0000000E-99  1.0000000E-99
  816  3.3912844E+04  1.6441185E-01  1.3043402E+02  7.1273615E+23  2.1454758E-01  1.0000000E-99  1.0000000E-99
  817  3.3954454E+04  1.6461358E-01  1.3059406E+02  7.1254698E+23  2.1518973E-01  1.0000000E-99  1.0000000E-99
  818  3.3996064E+04  1.6481531E-01  1.3075409E+02  7.1235753E+23  2.1583335E-01  1.0000000E-99  1.0000000E-99
  819  3.4037674E+04  1.6501703E-01  1.3091413E+02  7.1216779E+23  2.1647845E-01  1.0000000E-99  1.0000000E-99
  820  3.4079284E+04  1.6521876E-01  1.3107417E+02  7.1197777E+23  2.1712502E-01  1.0000000E-99  1.0000000E-99
  821  3.4120894E+04  1.6542049E-01  1.3123421E+02  7.1178747E+23  2.1777307E-01  1.0000000E-99  1.0000000E-99
  822  3.4162504E+04  1.6562222E-01  1.3139425E+02  7.1159689E+23  2.1842261E-01  1.0000000E-99  1.0000000E-99
  823  3.4204114E+04  1.6582395E-01  1.3155428E+02  7.1140602E+23  2.1907364E-01  1.0000000E-99  1.0000000E-99
  824  3.4245724E+04  1.6602567E-01  1.3171432E+02  7.1121487E+23  2.1972615E-01  1.0000000E-99  1.0000000E-99
  825  3.4287334E+04  1.6622740E-01  1.3187436E+02  7.1102344E+23  2.2038017E-01  1.0000000E-99  1.0000000E-99
  826  3.4328944E+04  1.6642913E-01  1.3203440E+02  7.1083172E+23  2.2103568E-01  1.0000000E-99  1.0000000E-99
  827  3.4370554E+04  1.6663086E-01  1.3219444E+02  7.1063971E+23  2.2169270E-01  1.0000000E-99  1.0000000E-99
  828  3.4412164E+04  1.6683258E-01  1.3235448E+02  7.1044743E+23  2.2235122E-01  1.0000000E-99  1.0000000E-99
  829  3.4453774E+04  1.6703431E-01  1.3251451E+02  7.1025485E+23  2.2301126E-01  1.0000000E-99  1.0000000E-99
  830  3.4495384E+04  1.6723604E-01  1.3267455E+02  7.1006200E+23  2.2367281E-01  1.0000000E-99  1.0000000E-99
  831  3.4536994E+04  1.6743777E-01  1.3283459E+02  7.0986885E+23  2.2433588E-01  1.0000000E-99  1.0000000E-99
  832  3.4578604E+04  1.6763950E-01  1.3299463E+02  7.0967542E+23  2.2500047E-01  1.0000000E-99  1.0000000E-99
  833  3.4620214E+04  1.6784122E-01  1.3315467E+02  7.0948171E+23  2.2566658E-01  1.0000000E-99  1.0000000E-99
  834  3.4661824E+04  1.6804295E-01  1.3331471E+02  7.0928771E+23  2.2633423E-01  1.0000000E-99  1.0000000E-99
  835  3.4703434E+04  1.6824468E-01  1.3347474E+02  7.0909342E+23  2.2700341E-01  1.0000000E-99  1.0000000E-99
  836  3.4745043E+04  1.6844641E-01  1.3363478E+02  7.0889885E+23  2.2767413E-01  1.0000000E-99  1.0000000E-99
  837  3.4786653E+04  1.6864814E-01  1.3379482E+02  7.0870399E+23  2.2834638E-01  1.0000000E-99  1.0000000E-99
  838  3.4828263E+04  1.6884986E-01  1.3395486E+02  7.0850885E+23  2.2902019E-01  1.0000000E-99  1.0000000E-99
  839  3.4869873E+04  1.6905159E-01  1.3411490E+02  7.0831341E+23  2.2969554E-01  1.0000000E-99  1.0000000E-99
  840  3.4911483E+04  1.6925332E-01  1.3427494E+02  7.0811769E+23  2.3037244E-01  1.0000000E-99  1.0000000E-99
  841  3.4953093E+04  1.6945505E-01  1.3443497E+02  7.0792168E+23  2.3105090E-01  1.0000000E-99  1.0000000E-99
  842  3.4994703E+04  1.6965678E-01  1.3459501E+02  7.0772539E+23  2.3173092E-01  1.0000000E-99  1.0000000E-99
  843  3.5036313E+04  1.6985850E-01  1.3475505E+02  7.0752880E+23  2.3241251E-01  1.0000000E-99  1.0000000E-99
  844  3.5077923E+04  1.7006023E-01  1.3491509E+02  7.0733193E+23  2.3309566E-01  1.0000000E-99  1.0000000E-99
  845  3.5119533E+04  1.7026196E-01  1.3507513E+02  7.0713477E+23  2.3378039E-01  1.0000000E-99  1.0000000E-99
  846  3.5161143E+04  1.7046369E-01  1.3523517E+02  7.0693732E+23  2.3446669E-01  1.0000000E-99  1.0000000E-99
  847  3.5202753E+04  1.7066542E-01  1.3539520E+02  7.0673958E+23  2.3515458E-01  1.0000000E-99  1.0000000E-99
  848  3.5244363E+04  1.7086714E-01  1.3555524E+02  7.0654155E+23  2.3584404E-01  1.0000000E-99  1.0000000E-99
  849  3.5285973E+04  1.7106887E-01  1.3571528E+02  7.0634323E+23  2.3653510E-01  1.0000000E-99  1.0000000E-99
  850  3.5327583E+04  1.7127060E-01  1.3587532E+02  7.0614462E+23  2.3722775E-01  1.0000000E-99  1.0000000E-99
  851  3.5369193E+04  1.7147233E-01  1.3603536E+02  7.0594572E+23  2.3792199E-01  1.0000000E-99  1.0000000E-99
  852  3.5410803E+04  1.7167406E-01  1.3619540E+02  7.0574654E+23  2.3861784E-01  1.0000000E-99  1.0000000E-99
  853  3.5452413E+04  1.7187578E-01  1.3635543E+02  7.0554706E+23  2.3931529E-01  1.0000000E-99  1.0000000E-99
  854  3.5494023E+04  1.7207751E-01  1.3651547E+02  7.0534729E+23  2.4001435E-01  1.0000000E-99  1.0000000E-99
  855  3.5535633E+04  1.7227924E-01  1.3667551E+02  7.0514723E+23  2.4071502E-01  1.0000000E-99  1.0000000E-99
  856  3.5577243E+04  1.7248097E-01  1.3683555E+02  7.0494687E+23  2.4141731E-01  1.0000000E-99  1.0000000E-99
  857  3.5618853E+04  1.7268270E-01  1.3699559E+02  7.0474623E+23  2.4212122E-01  1.0000000E-99  1.0000000E-99
  858  3.5660462E+04  1.7288442E-01  1.3715562E+02  7.0454530E+23  2.4282676E-01  1.0000000E-99  1.0000000E-99
  859  3.5702072E+04  1.7308615E-01  1.3731566E+02  7.0434407E+23  2.4353392E-01  1.0000000E-99  1.0000000E-99
  860  3.5743682E+04  1.7328788E-01  1.3747570E+02  7.0414255E+23  2.4424272E-01  1.0000000E-99  1.0000000E-99
  861  3.5785292E+04  1.7348961E-01  1.3763574E+02  7.0394074E+23  2.4495316E-01  1.0000000E-99  1.0000000E-99
  862  3.5826902E+04  1.7369134E-01  1.3779578E+02  7.0373863E+23  2.4566524E-01  1.0000000E-99  1.0000000E-99
  863  3.5868512E+04  1.7389306E-01  1.3795582E+02  7.0353623E+23  2.4637896E-01  1.0000000E-99  1.0000000E-99
  864  3.5910122E+04  1.7409479E-01  1.3811585E+02  7.0333354E+23  2.4709434E-01  1.0000000E-99  1.0000000E-99
  865  3.5951732E+04  1.7429652E-01  1.3827589E+02  7.0313056E+23  2.4781137E-01  1.0000000E-99  1.0000000E-99
  866  3.5993342E+04  1.7449825E-01  1.3843593E+02  7.0292728E+23  2.4853006E-01  1.0000000E-99  1.0000000E-99
  867  3.6034952E+04  1.7469998E-01  1.3859597E+02  7.0272371E+23  2.4925041E-01  1.0000000E-99  1.0000000E-99
  868  3.6076562E+04  1.7490170E-01  1.3875601E+02  7.0251984E+23  2.4997243E-01  1.0000000E-99  1.0000000E-99
  869  3.6118172E+04  1.7510343E-01  1.3891605E+02  7.0231568E+23  2.5069613E-01  1.0000000E-99  1.0000000E-99
  870  3.6159782E+04  1.7530516E-01  1.3907608E+02  7.0211122E+23  2.5142150E-01  1.0000000E-99  1.0000000E-99
  871  3.6201392E+04  1.7550689E-01  1.3923612E+02  7.0190647E+23  2.5214855E-01  1.0000000E-99  1.0000000E-99
  872  3.6243002E+04  1.7570862E-01  1.3939616E+02  7.0170142E+23  2.5287729E-01  1.0000000E-99  1.0000000E-99
  873  3.6284612E+04  1.7591034E-01  1.3955620E+02  7.0149608E+23  2.5360771E-01  1.0000000E-99  1.0000000E-99
  874  3.6326222E+04  1.7611207E-01  1.3971624E+02  7.0129044E+23  2.5433983E-01  1.0000000E-99  1.0000000E-99
  875  3.6367832E+04  1.7631380E-01  1.3987628E+02  7.0108451E+23  2.5507365E-01  1.0000000E-99  1.0000000E-99
  876  3.6409442E+04  1.7651553E-01  1.4003631E+02  7.0087828E+23  2.5580917E-01  1.0000000E-99  1.0000000E-99
  877  3.6451052E+04  1.7671726E-01  1.4019635E+02  7.0067175E+23  2.5654640E-01  1.0000000E-99  1.0000000E-99
  878  3.6492662E+04  1.7691898E-01  1.4035639E+02  7.0046493E+23  2.5728535E-01  1.0000000E-99  1.0000000E-99
  879  3.6534271E+04  1.7712071E-01  1.4051643E+02  7.0025781E+23  2.5802600E-01  1.0000000E-99  1.0000000E-99
  880  3.6575881E+04  1.7732244E-01  1.4067647E+02  7.0005039E+23  2.5876838E-01  1.0000000E-99  1.0000000E-99
  881  3.6617491E+04  1.7752417E-01  1.4083651E+02  6.9984267E+23  2.5951249E-01  1.0000000E-99  1.0000000E-99
  882  3.6659101E+04  1.7772590E-01  1.4099654E+02  6.9963466E+23  2.6025832E-01  1.0000000E-99  1.0000000E-99
  883  3.6700711E+04  1.7792762E-01  1.4115658E+02  6.9942634E+23  2.6100589E-01  1.0000000E-99  1.0000000E-99
  884  3.6742321E+04  1.7812935E-01  1.4131662E+02  6.9921773E+23  2.6175520E-01  1.0000000E-99  1.0000000E-99
  885  3.6783931E+04  1.7833108E-01  1.4147666E+02  6.9900882E+23  2.6250626E-01  1.0000000E-99  1.0000000E-99
  886  3.6825541E+04  1.7853281E-01  1.4163670E+02  6.9879962E+23  2.6325906E-01  1.0000000E-99  1.0000000E-99
  887  3.6867151E+04  1.7873454E-01  1.4179674E+02  6.9859011E+23  2.6401361E-01  1.0000000E-99  1.0000000E-99
  888  3.6908761E+04  1.7893626E-01  1.4195677E+02  6.9838030E+23  2.6476993E-01  1.0000000E-99  1.0000000E-99
  889  3.6950371E+04  1.7913799E-01  1.4211681E+02  6.9817019E+23  2.6552800E-01  1.0000000E-99  1.0000000E-99
  890  3.6991981E+04  1.7933972E-01  1.4227685E+02  6.9795978E+23  2.6628785E-01  1.0000000E-99  1.0000000E-99
  891  3.7033591E+04  1.7954145E-01  1.4243689E+02  6.9774908E+23  2.6704946E-01  1.0000000E-99  1.0000000E-99
  892  3.7075201E+04  1.7974318E-01  1.4259693E+02  6.9753807E+23  2.6781286E-01  1.0000000E-99  1.0000000E-99
  893  3.7116811E+04  1.7994490E-01  1.4275696E+02  6.9732676E+23  2.6857803E-01  1.0000000E-99  1.0000000E-99
  894  3.7158421E+04  1.8014663E-01  1.4291700E+02  6.9711515E+23  2.6934499E-01  1.0000000E-99  1.0000000E-99
  895  3.7200031E+04  1.8034836E-01  1.4307704E+02  6.9690324E+23  2.7011374E-01  1.0000000E-99  1.0000000E-99
  896  3.7241641E+04  1.8055009E-01  1.4323708E+02  6.9669102E+23  2.7088429E-01  1.0000000E-99  1.0000000E-99
  897  3.7283251E+04  1.8075182E-01  1.4339712E+02  6.9647851E+23  2.7165664E-01  1.0000000E-99  1.0000000E-99
  898  3.7324861E+04  1.8095354E-01  1.4355716E+02  6.9626569E+23  2.7243079E-01  1.0000000E-99  1.0000000E-99
  899  3.7366471E+04  1.8115527E-01  1.4371719E+02  6.9605257E+23  2.7320676E-01  1.0000000E-99  1.0000000E-99
  900  3.7408080E+04  1.8135700E-01  1.4387723E+02  6.9583914E+23  2.7398454E-01  1.0000000E-99  1.0000000E-99
  901  3.7449690E+04  1.8155873E-01  1.4403727E+02  6.9562542E+23  2.7476414E-01  1.0000000E-99  1.0000000E-99
  902  3.7491300E+04  1.8176045E-01  1.4419731E+02  6.9541139E+23  2.7554557E-01  1.0000000E-99  1.0000000E-99
  903  3.7532910E+04  1.8196218E-01  1.4435735E+02  6.9519705E+23  2.7632883E-01  1.0000000E-99  1.0000000E-99
  904  3.7574520E+04  1.8216391E-01  1.4451739E+02  6.9498242E+23  2.7711392E-01  1.0000000E-99  1.0000000E-99
  905  3.7616130E+04  1.8236564E-01  1.4467742E+02  6.9476747E+23  2.7790085E-01  1.0000000E-99  1.0000000E-99
  906  3.7657740E+04  1.8256737E-01  1.4483746E+02  6.9455223E+23  2.7868963E-01  1.0000000E-99  1.0000000E-99
  907  3.7699350E+04  1.8276909E-01  1.4499750E+02  6.9433668E+23  2.7948026E-01  1.0000000E-99  1.0000000E-99
  908  3.7740960E+04  1.8297082E-01  1.4515754E+02  6.9412082E+23  2.8027274E-01  1.0000000E-99  1.0000000E-99
  909  3.7782570E+04  1.8317255E-01  1.4531758E+02  6.9390466E+23  2.8106709E-01  1.0000000E-99  1.0000000E-99
  910  3.7824180E+04  1.8337428E-01  1.4547762E+02  6.9368819E+23  2.8186330E-01  1.0000000E-99  1.0000000E-99
  911  3.7865790E+04  1.8357601E-01  1.4563765E+02  6.9347142E+23  2.8266138E-01  1.0000000E-99  1.0000000E-99
  912  3.7907400E+04  1.8377773E-01  1.4579769E+02  6.9325434E+23  2.8346134E-01  1.0000000E-99  1.0000000E-99
  913  3.7949010E+04  1.8397946E-01  1.4595773E+02  6.9303695E+23  2.8426317E-01  1.0000000E-99  1.0000000E-99
  914  3.7990620E+04  1.8418119E-01  1.4611777E+02  6.9281926E+23  2.8506690E-01  1.0000000E-99  1.0000000E-99
  915  3.8032230E+04  1.8438292E-01  1.4627781E+02  6.9260126E+23  2.8587252E-01  1.0000000E-99  1.0000000E-99
  916  3.8073840E+04  1.8458465E-01  1.4643785E+02  6.9238295E+23  2.8668003E-01  1.0000000E-99  1.0000000E-99
  917  3.8115450E+04  1.8478637E-01  1.4659788E+02  6.9216434E+23  2.8748944E-01  1.0000000E-99  1.0000000E-99
  918  3.8157060E+04  1.8498810E-01  1.4675792E+02  6.9194541E+23  2.8830076E-01  1.0000000E-99  1.0000000E-99
  919  3.8198670E+04  1.8518983E-01  1.4691796E+02  6.9172618E+23  2.8911400E-01  1.0000000E-99  1.0000000E-99
  920  3.8240280E+04  1.8539156E-01  1.4707800E+02  6.9150664E+23  2.8992915E-01  1.0000000E-99  1.0000000E-99
  921  3.8281890E+04  1.8559329E-01  1.4723804E+02  6.9128679E+23  2.9074623E-01  1.0000000E-99  1.0000000E-99
  922  3.8323499E+04  1.8579501E-01  1.4739807E+02  6.9106663E+23  2.9156523E-01  1.0000000E-99  1.0000000E-99
  923  3.8365109E+04  1.8599674E-01  1.4755811E+02  6.9084617E+23  2.9238617E-01  1.0000000E-99  1.0000000E-99
  924  3.8406719E+04  1.8619847E-01  1.4771815E+02  6.9062539E+23  2.9320905E-01  1.0000000E-99  1.0000000E-99
  925  3.8448329E+04  1.8640020E-01  1.4787819E+02  6.9040430E+23  2.9403387E-01  1.0000000E-99  1.0000000E-99
  926  3.8489939E+04  1.8660193E-01  1.4803823E+02  6.9018290E+23  2.9486064E-01  1.0000000E-99  1.0000000E-99
  927  3.8531549E+04  1.8680365E-01  1.4819827E+02  6.8996120E+23  2.9568937E-01  1.0000000E-99  1.0000000E-99
  928  3.8573159E+04  1.8700538E-01  1.4835830E+02  6.8973918E+23  2.9652005E-01  1.0000000E-99  1.0000000E-99
  929  3.8614769E+04  1.8720711E-01  1.4851834E+02  6.8951685E+23  2.9735271E-01  1.0000000E-99  1.0000000E-99
  930  3.8656379E+04  1.8740884E-01  1.4867838E+02  6.8929421E+23  2.9818734E-01  1.0000000E-99  1.0000000E-99
  931  3.8697989E+04  1.8761057E-01  1.4883842E+02  6.8907125E+23  2.9902394E-01  1.0000000E-99  1.0000000E-99
  932  3.8739599E+04  1.8781229E-01  1.4899846E+02  6.8884799E+23  2.9986253E-01  1.0000000E-99  1.0000000E-99
  933  3.8781209E+04  1.8801402E-01  1.4915850E+02  6.8862441E+23  3.0070310E-01  1.0000000E-99  1.0000000E-99
  934  3.8822819E+04  1.8821575E-01  1.4931853E+02  6.8840052E+23  3.0154568E-01  1.0000000E-99  1.0000000E-99
  935  3.8864429E+04  1.8841748E-01  1.4947857E+02  6.8817631E+23  3.0239025E-01  1.0000000E-99  1.0000000E-99
  936  3.8906039E+04  1.8861921E-01  1.4963861E+02  6.8795179E+23  3.0323682E-01  1.0000000E-99  1.0000000E-99
  937  3.8947649E+04  1.8882093E-01  1.4979865E+02  6.8772696E+23  3.0408541E-01  1.0000000E-99  1.0000000E-99
  938  3.8989259E+04  1.8902266E-01  1.4995869E+02  6.8750182E+23  3.0493602E-01  1.0000000E-99  1.0000000E-99
  939  3.9030869E+04  1.8922439E-01  1.5011873E+02  6.8727636E+23  3.0578864E-01  1.0000000E-99  1.0000000E-99
  940  3.9072479E+04  1.8942612E-01  1.5027876E+02  6.8705059E+23  3.0664330E-01  1.0000000E-99  1.0000000E-99
  941  3.9114089E+04  1.8962785E-01  1.5043880E+02  6.8682450E+23  3.0749999E-01  1.0000000E-99  1.0000000E-99
  942  3.9155699E+04  1.8982957E-01  1.5059884E+02  6.8659809E+23  3.0835872E-01  1.0000000E-99  1.0000000E-99
  943  3.9197308E+04  1.9003130E-01  1.5075888E+02  6.8637137E+23  3.0921950E-01  1.0000000E-99  1.0000000E-99
  944  3.9238918E+04  1.9023303E-01  1.5091892E+02  6.8614434E+23  3.1008233E-01  1.0000000E-99  1.0000000E-99
  945  3.9280528E+04  1.9043476E-01  1.5107896E+02  6.8591699E+23  3.1094722E-01  1.0000000E-99  1.0000000E-99
  946  3.9322138E+04  1.9063649E-01  1.5123899E+02  6.8568932E+23  3.1181417E-01  1.0000000E-99  1.0000000E-99
  947  3.9363748E+04  1.9083821E-01  1.5139903E+02  6.8546133E+23  3.1268319E-01  1.0000000E-99  1.0000000E-99
  948  3.9405358E+04  1.9103994E-01  1.5155907E+02  6.8523303E+23  3.1355428E-01  1.0000000E-99  1.0000000E-99
  949  3.9446968E+04  1.9124167E-01  1.5171911E+02  6.8500441E+23  3.1442746E-01  1.0000000E-99  1.0000000E-99
  950  3.9488578E+04  1.9144340E-01  1.5187915E+02  6.8477547E+23  3.1530272E-01  1.0000000E-99  1.0000000E-99
  951  3.9530188E+04  1.9164513E-01  1.5203919E+02  6.8454622E+23  3.1618008E-01  1.0000000E-99  1.0000000E-99
  952  3.9571798E+04  1.9184685E-01  1.5219922E+02  6.8431665E+23  3.1705954E-01  1.0000000E-99  1.0000000E-99
  953  3.9613408E+04  1.9204858E-01  1.5235926E+02  6.8408675E+23  3.1794110E-01  1.0000000E-99  1.0000000E-99
  954  3.9655018E+04  1.9225031E-01  1.5251930E+02  6.8385654E+23  3.1882478E-01  1.0000000E-99  1.0000000E-99
  955  3.9696628E+04  1.9245204E-01  1.5267934E+02  6.8362601E+23  3.1971057E-01  1.0000000E-99  1.0000000E-99
  956  3.9738238E+04  1.9265377E-01  1.5283938E+02  6.8339516E+23  3.2059849E-01  1.0000000E-99  1.0000000E-99
  957  3.9779848E+04  1.9285549E-01  1.5299941E+02  6.8316399E+23  3.2148853E-01  1.0000000E-99  1.0000000E-99
  958  3.9821458E+04  1.9305722E-01  1.5315945E+02  6.8293250E+23  3.2238072E-01  1.0000000E-99  1.0000000E-99
  959  3.9863068E+04  1.9325895E-01  1.5331949E+02  6.8270069E+23  3.2327504E-01  1.0000000E-99  1.0000000E-99
  960  3.9904678E+04  1.9346068E-01  1.5347953E+02  6.8246856E+23  3.2417152E-01  1.0000000E-99  1.0000000E-99
  961  3.9946288E+04  1.9366241E-01  1.5363957E+02  6.8223610E+23  3.2507015E-01  1.0000000E-99  1.0000000E-99
  962  3.9987898E+04  1.9386413E-01  1.5379961E+02  6.8200333E+23  3.2597094E-01  1.0000000E-99  1.0000000E-99
  963  4.0029508E+04  1.9406586E-01  1.5395964E+02  6.8177023E+23  3.2687390E-01  1.0000000E-99  1.0000000E-99
  964  4.0071118E+04  1.9426759E-01  1.5411968E+02  6.8153681E+23  3.2777903E-01  1.0000000E-99  1.0000000E-99
  965  4.0112727E+04  1.9446932E-01  1.5427972E+02  6.8130307E+23  3.2868634E-01  1.0000000E-99  1.0000000E-99
  966  4.0154337E+04  1.9467105E-01  1.5443976E+02  6.8106900E+23  3.2959584E-01  1.0000000E-99  1.0000000E-99
  967  4.0195947E+04  1.9487277E-01  1.5459980E+02  6.8083462E+23  3.3050754E-01  1.0000000E-99  1.0000000E-99
  968  4.0237557E+04  1.9507450E-01  1.5475984E+02  6.8059990E+23  3.3142143E-01  1.0000000E-99  1.0000000E-99
  969  4.0279167E+04  1.9527623E-01  1.5491987E+02  6.8036487E+23  3.3233753E-01  1.0000000E-99  1.0000000E-99
  970  4.0320777E+04  1.9547796E-01  1.5507991E+02  6.8012951E+23  3.3325584E-01  1.0000000E-99  1.0000000E-99
  971  4.0362387E+04  1.9567969E-01  1.5523995E+02  6.7989382E+23  3.3417638E-01  1.0000000E-99  1.0000000E-99
  972  4.0403997E+04  1.9588141E-01  1.5539999E+02  6.7965782E+23  3.3509913E-01  1.0000000E-99  1.0000000E-99
  973  4.0445607E+04  1.9608314E-01  1.5556003E+02  6.7942148E+23  3.3602412E-01  1.0000000E-99  1.0000000E-99
  974  4.0487217E+04  1.9628487E-01  1.5572007E+02  6.7918482E+23  3.3695135E-01  1.0000000E-99  1.0000000E-99
  975  4.0528827E+04  1.9648660E-01  1.5588010E+02  6.7894783E+23  3.3788083E-01  1.0000000E-99  1.0000000E-99
  976  4.0570437E+04  1.9668832E-01  1.5604014E+02  6.7871052E+23  3.3881256E-01  1.0000000E-99  1.0000000E-99
  977  4.0612047E+04  1.9689005E-01  1.5620018E+02  6.7847288E+23  3.3974654E-01  1.0000000E-99  1.0000000E-99
  978  4.0653657E+04  1.9709178E-01  1.5636022E+02  6.7823491E+23  3.4068280E-01  1.0000000E-99  1.0000000E-99
  979  4.0695267E+04  1.9729351E-01  1.5652026E+02  6.7799662E+23  3.4162132E-01  1.0000000E-99  1.0000000E-99
  980  4.0736877E+04  1.9749524E-01  1.5668030E+02  6.7775800E+23  3.4256213E-01  1.0000000E-99  1.0000000E-99
  981  4.0778487E+04  1.9769696E-01  1.5684033E+02  6.7751905E+23  3.4350522E-01  1.0000000E-99  1.0000000E-99
  982  4.0820097E+04  1.9789869E-01  1.5700037E+02  6.7727977E+23  3.4445060E-01  1.0000000E-99  1.0000000E-99
  983  4.0861707E+04  1.9810042E-01  1.5716041E+02  6.7704017E+23  3.4539829E-01  1.0000000E-99  1.0000000E-99
  984  4.0903317E+04  1.9830215E-01  1.5732045E+02  6.7680023E+23  3.4634828E-01  1.0000000E-99  1.0000000E-99
  985  4.0944927E+04  1.9850388E-01  1.5748049E+02  6.7655997E+23  3.4730059E-01  1.0000000E-99  1.0000000E-99
  986  4.0986536E+04  1.9870560E-01  1.5764052E+02  6.7631937E+23  3.4825521E-01  1.0000000E-99  1.0000000E-99
  987  4.1028146E+04  1.9890733E-01  1.5780056E+02  6.7607845E+23  3.4921217E-01  1.0000000E-99  1.0000000E-99
  988  4.1069756E+04  1.9910906E-01  1.5796060E+02  6.7583719E+23  3.5017146E-01  1.0000000E-99  1.0000000E-99
  989  4.1111366E+04  1.9931079E-01  1.5812064E+02  6.7559560E+23  3.5113309E-01  1.0000000E-99  1.0000000E-99
  990  4.1152976E+04  1.9951252E-01  1.5828068E+02  6.7535369E+23  3.5209707E-01  1.0000000E-99  1.0000000E-99
  991  4.1194586E+04  1.9971424E-01  1.5844072E+02  6.7511144E+23  3.5306341E-01  1.0000000E-99  1.0000000E-99
  992  4.1236196E+04  1.9991597E-01  1.5860075E+02  6.7486886E+23  3.5403211E-01  1.0000000E-99  1.0000000E-99
  993  4.1277806E+04  2.0011770E-01  1.5876079E+02  6.7462594E+23  3.5500318E-01  1.0000000E-99  1.0000000E-99
  994  4.1319416E+04  2.0031943E-01  1.5892083E+02  6.7438270E+23  3.5597663E-01  1.0000000E-99  1.0000000E-99
  995  4.1361026E+04  2.0052116E-01  1.5908087E+02  6.7413912E+23  3.5695246E-01  1.0000000E-99  1.0000000E-99
  996  4.1402636E+04  2.0072288E-01  1.5924091E+02  6.7389521E+23  3.5793069E-01  1.0000000E-99  1.0000000E-99
  997  4.1444246E+04  2.0092461E-01  1.5940095E+02  6.7365096E+23  3.5891132E-01  1.0000000E-99  1.0000000E-99
  998  4.1485856E+04  2.0112634E-01  1.5956098E+02  6.7340638E+23  3.5989435E-01  1.0000000E-99  1.0000000E-99
  999  4.1527466E+04  2.0132807E-01  1.5972102E+02  6.7316147E+23  3.6087980E-01  1.0000000E-99  1.0000000E-99
 1000  4.1569076E+04  2.0152980E-01  1.5988106E+02  6.7291622E+23  3.6186767E-01  1.0000000E-99  1.0000000E-99
 1001  4.1610686E+04  2.0173152E-01  1.6004110E+02  6.7267063E+23  3.6285796E-01  1.0000000E-99  1.0000000E-99
 1002  4.1652296E+04  2.0193325E-01  1.6020114E+02  6.7242471E+23  3.6385070E-01  1.0000000E-99  1.0000000E-99
 1003  4.1693906E+04  2.0213498E-01  1.6036118E+02  6.7217846E+23  3.6484588E-01  1.0000000E-99  1.0000000E-99
 1004  4.1735516E+04  2.0233671E-01  1.6052121E+02  6.7193186E+23  3.6584351E-01  1.0000000E-99  1.0000000E-99
 1005  4.1777126E+04  2.0253844E-01  1.6068125E+02  6.7168494E+23  3.6684360E-01  1.0000000E-99  1.0000000E-99
 1006  4.1818736E+04  2.0274016E-01  1.6084129E+02  6.7143767E+23  3.6784616E-01  1.0000000E-99  1.0000000E-99
 1007  4.1860346E+04  2.0294189E-01  1.6100133E+02  6.7119007E+23  3.6885119E-01  1.0000000E-99  1.0000000E-99
 1008  4.1901955E+04  2.0314362E-01  1.6116137E+02  6.7094213E+23  3.6985870E-01  1.0000000E-99  1.0000000E-99
 1009  4.1943565E+04  2.0334535E-01  1.6132141E+02  6.7069385E+23  3.7086871E-01  1.0000000E-99  1.0000000E-99
 1010  4.1985175E+04  2.0354708E-01  1.6148144E+02  6.7044523E+23  3.7188121E-01  1.0000000E-99  1.0000000E-99
 1011  4.2026785E+04  2.0374880E-01  1.6164148E+02  6.7019627E+23  3.7289622E-01  1.0000000E-99  1.0000000E-99
 1012  4.2068395E+04  2.0395053E-01  1.6180152E+02  6.6994698E+23  3.7391374E-01  1.0000000E-99  1.0000000E-99
 1013  4.2110005E+04  2.0415226E-01  1.6196156E+02  6.6969734E+23  3.7493378E-01  1.0000000E-99  1.0000000E-99
 1014  4.2151615E+04  2.0435399E-01  1.6212160E+02  6.6944737E+23  3.7595635E-01  1.0000000E-99  1.0000000E-99
 1015  4.2193225E+04  2.0455572E-01  1.6228164E+02  6.6919705E+23  3.7698146E-01  1.0000000E-99  1.0000000E-99
 1016  4.2234835E+04  2.0475744E-01  1.6244167E+02  6.6894639E+23  3.7800911E-01  1.0000000E-99  1.0000000E-99
 1017  4.2276445E+04  2.0495917E-01  1.6260171E+02  6.6869540E+23  3.7903931E-01  1.0000000E-99  1.0000000E-99
 1018  4.2318055E+04  2.0516090E-01  1.6276175E+02  6.6844406E+23  3.8007208E-01  1.0000000E-99  1.0000000E-99
 1019  4.2359665E+04  2.0536263E-01  1.6292179E+02  6.6819238E+23  3.8110741E-01  1.0000000E-99  1.0000000E-99
 1020  4.2401275E+04  2.0556436E-01  1.6308183E+02  6.6794035E+23  3.8214532E-01  1.0000000E-99  1.0000000E-99
 1021  4.2442885E+04  2.0576608E-01  1.6324186E+02  6.6768799E+23  3.8318582E-01  1.0000000E-99  1.0000000E-99
 1022  4.2484495E+04  2.0596781E-01  1.6340190E+02  6.6743528E+23  3.8422891E-01  1.0000000E-99  1.0000000E-99
 1023  4.2526105E+04  2.0616954E-01  1.6356194E+02  6.6718222E+23  3.8527460E-01  1.0000000E-99  1.0000000E-99
 1024  4.2567715E+04  2.0637127E-01  1.6372198E+02  6.6692883E+23  3.8632290E-01  1.0000000E-99  1.0000000E-99
 1025  4.2609325E+04  2.0657300E-01  1.6388202E+02  6.6667509E+23  3.8737382E-01  1.0000000E-99  1.0000000E-99
 1026  4.2650935E+04  2.0677472E-01  1.6404206E+02  6.6642100E+23  3.8842736E-01  1.0000000E-99  1.0000000E-99
 1027  4.2692545E+04  2.0697645E-01  1.6420209E+02  6.6616657E+23  3.8948354E-01  1.0000000E-99  1.0000000E-99
 1028  4.2734155E+04  2.0717818E-01  1.6436213E+02  6.6591179E+23  3.9054236E-01  1.0000000E-99  1.0000000E-99
 1029  4.2775764E+04  2.0737991E-01  1.6452217E+02  6.6565667E+23  3.9160384E-01  1.0000000E-99  1.0000000E-99
 1030  4.2817374E+04  2.0758164E-01  1.6468221E+02  6.6540120E+23  3.9266797E-01  1.0000000E-99  1.0000000E-99
 1031  4.2858984E+04  2.0778336E-01  1.6484225E+02  6.6514539E+23  3.9373477E-01  1.0000000E-99  1.0000000E-99
 1032  4.2900594E+04  2.0798509E-01  1.6500229E+02  6.6488923E+23  3.9480425E-01  1.0000000E-99  1.0000000E-99
 1033  4.2942204E+04  2.0818682E-01  1.6516232E+02  6.6463272E+23  3.9587641E-01  1.0000000E-99  1.0000000E-99
 1034  4.2983814E+04  2.0838855E-01  1.6532236E+02  6.6437586E+23  3.9695127E-01  1.0000000E-99  1.0000000E-99
 1035  4.3025424E+04  2.0859028E-01  1.6548240E+02  6.6411865E+23  3.9802883E-01  1.0000000E-99  1.0000000E-99
 1036  4.3067034E+04  2.0879200E-01  1.6564244E+02  6.6386110E+23  3.9910910E-01  1.0000000E-99  1.0000000E-99
 1037  4.3108644E+04  2.0899373E-01  1.6580248E+02  6.6360320E+23  4.0019209E-01  1.0000000E-99  1.0000000E-99
 1038  4.3150254E+04  2.0919546E-01  1.6596252E+02  6.6334494E+23  4.0127781E-01  1.0000000E-99  1.0000000E-99
 1039  4.3191864E+04  2.0939719E-01  1.6612255E+02  6.6308634E+23  4.0236627E-01  1.0000000E-99  1.0000000E-99
 1040  4.3233474E+04  2.0959892E-01  1.6628259E+02  6.6282739E+23  4.0345747E-01  1.0000000E-99  1.0000000E-99
 1041  4.3275084E+04  2.0980064E-01  1.6644263E+02  6.6256808E+23  4.0455143E-01  1.0000000E-99  1.0000000E-99
 1042  4.3316694E+04  2.1000237E-01  1.6660267E+02  6.6230843E+23  4.0564815E-01  1.0000000E-99  1.0000000E-99
 1043  4.3358304E+04  2.1020410E-01  1.6676271E+02  6.6204842E+23  4.0674765E-01  1.0000000E-99  1.0000000E-99
 1044  4.3399914E+04  2.1040583E-01  1.6692275E+02  6.6178806E+23  4.0784992E-01  1.0000000E-99  1.0000000E-99
 1045  4.3441524E+04  2.1060756E-01  1.6708278E+02  6.6152735E+23  4.0895499E-01  1.0000000E-99  1.0000000E-99
 1046  4.3483134E+04  2.1080928E-01  1.6724282E+02  6.6126629E+23  4.1006286E-01  1.0000000E-99  1.0000000E-99
 1047  4.3524744E+04  2.1101101E-01  1.6740286E+02  6.6100487E+23  4.1117354E-01  1.0000000E-99  1.0000000E-99
 1048  4.3566354E+04  2.1121274E-01  1.6756290E+02  6.6074310E+23  4.1228704E-01  1.0000000E-99  1.0000000E-99
 1049  4.3607964E+04  2.1141447E-01  1.6772294E+02  6.6048098E+23  4.1340336E-01  1.0000000E-99  1.0000000E-99
 1050  4.3649573E+04  2.1161620E-01  1.6788297E+02  6.6021850E+23  4.1452252E-01  1.0000000E-99  1.0000000E-99
 1051  4.3691183E+04  2.1181792E-01  1.6804301E+02  6.5995567E+23  4.1564453E-01  1.0000000E-99  1.0000000E-99
 1052  4.3732793E+04  2.1201965E-01  1.6820305E+02  6.5969248E+23  4.1676939E-01  1.0000000E-99  1.0000000E-99
 1053  4.3774403E+04  2.1222138E-01  1.6836309E+02  6.5942893E+23  4.1789712E-01  1.0000000E-99  1.0000000E-99
 1054  4.3816013E+04  2.1242311E-01  1.6852313E+02  6.5916503E+23  4.1902773E-01  1.0000000E-99  1.0000000E-99
 1055  4.3857623E+04  2.1262483E-01  1.6868317E+02  6.5890077E+23  4.2016121E-01  1.0000000E-99  1.0000000E-99
 1056  4.3899233E+04  2.1282656E-01  1.6884320E+02  6.5863616E+23  4.2129759E-01  1.0000000E-99  1.0000000E-99
 1057  4.3940843E+04  2.1302829E-01  1.6900324E+02  6.5837119E+23  4.2243687E-01  1.0000000E-99  1.0000000E-99
 1058  4.3982453E+04  2.1323002E-01  1.6916328E+02  6.5810586E+23  4.2357907E-01  1.0000000E-99  1.0000000E-99
 1059  4.4024063E+04  2.1343175E-01  1.6932332E+02  6.5784017E+23  4.2472419E-01  1.0000000E-99  1.0000000E-99
 1060  4.4065673E+04  2.1363347E-01  1.6948336E+02  6.5757412E+23  4.2587224E-01  1.0000000E-99  1.0000000E-99
 1061  4.4107283E+04  2.1383520E-01  1.6964340E+02  6.5730772E+23  4.2702323E-01  1.0000000E-99  1.0000000E-99
 1062  4.4148893E+04  2.1403693E-01  1.6980343E+02  6.5704095E+23  4.2817717E-01  1.0000000E-99  1.0000000E-99
 1063  4.4190503E+04  2.1423866E-01  1.6996347E+02  6.5677383E+23  4.2933407E-01  1.0000000E-99  1.0000000E-99
 1064  4.4232113E+04  2.1444039E-01  1.7012351E+02  6.5650634E+23  4.3049394E-01  1.0000000E-99  1.0000000E-99
 1065  4.4273723E+04  2.1464211E-01  1.7028355E+02  6.5623849E+23  4.3165680E-01  1.0000000E-99  1.0000000E-99
 1066  4.4315333E+04  2.1484384E-01  1.7044359E+02  6.5597028E+23  4.3282264E-01  1.0000000E-99  1.0000000E-99
 1067  4.4356943E+04  2.1504557E-01  1.7060363E+02  6.5570171E+23  4.3399149E-01  1.0000000E-99  1.0000000E-99
 1068  4.4398553E+04  2.1524730E-01  1.7076366E+02  6.5543278E+23  4.3516335E-01  1.0000000E-99  1.0000000E-99
 1069  4.4440163E+04  2.1544903E-01  1.7092370E+02  6.5516349E+23  4.3633822E-01  1.0000000E-99  1.0000000E-99
 1070  4.4481773E+04  2.1565075E-01  1.7108374E+02  6.5489383E+23  4.3751613E-01  1.0000000E-99  1.0000000E-99
 1071  4.4523383E+04  2.1585248E-01  1.7124378E+02  6.5462381E+23  4.3869708E-01  1.0000000E-99  1.0000000E-99
 1072  4.4564992E+04  2.1605421E-01  1.7140382E+02  6.5435342E+23  4.3988108E-01  1.0000000E-99  1.0000000E-99
 1073  4.4606602E+04  2.1625594E-01  1.7156386E+02  6.5408267E+23  4.4106815E-01  1.0000000E-99  1.0000000E-99
 1074  4.4648212E+04  2.1645767E-01  1.7172389E+02  6.5381155E+23  4.4225828E-01  1.0000000E-99  1.0000000E-99
 1075  4.4689822E+04  2.1665939E-01  1.7188393E+02  6.5354007E+23  4.4345150E-01  1.0000000E-99  1.0000000E-99
 1076  4.4731432E+04  2.1686112E-01  1.7204397E+02  6.5326823E+23  4.4464781E-01  1.0000000E-99  1.0000000E-99
 1077  4.4773042E+04  2.1706285E-01  1.7220401E+02  6.5299601E+23  4.4584723E-01  1.0000000E-99  1.0000000E-99
 1078  4.4814652E+04  2.1726458E-01  1.7236405E+02  6.5272343E+23  4.4704975E-01  1.0000000E-99  1.0000000E-99
 1079  4.4856262E+04  2.1746631E-01  1.7252409E+02  6.5245049E+23  4.4825541E-01  1.0000000E-99  1.0000000E-99
 1080  4.4897872E+04  2.1766803E-01  1.7268412E+02  6.5217717E+23  4.4946419E-01  1.0000000E-99  1.0000000E-99
 1081  4.4939482E+04  2.1786976E-01  1.7284416E+02  6.5190349E+23  4.5067613E-01  1.0000000E-99  1.0000000E-99
 1082  4.4981092E+04  2.1807149E-01  1.7300420E+02  6.5162944E+23  4.5189122E-01  1.0000000E-99  1.0000000E-99
 1083  4.5022702E+04  2.1827322E-01  1.7316424E+02  6.5135502E+23  4.5310947E-01  1.0000000E-99  1.0000000E-99
 1084  4.5064312E+04  2.1847495E-01  1.7332428E+02  6.5108023E+23  4.5433091E-01  1.0000000E-99  1.0000000E-99
 1085  4.5105922E+04  2.1867667E-01  1.7348431E+02  6.5080507E+23  4.5555553E-01  1.0000000E-99  1.0000000E-99
 1086  4.5147532E+04  2.1887840E-01  1.7364435E+02  6.5052953E+23  4.5678335E-01  1.0000000E-99  1.0000000E-99
 1087  4.5189142E+04  2.1908013E-01  1.7380439E+02  6.5025363E+23  4.5801439E-01  1.0000000E-99  1.0000000E-99
 1088  4.5230752E+04  2.1928186E-01  1.7396443E+02  6.4997736E+23  4.5924864E-01  1.0000000E-99  1.0000000E-99
 1089  4.5272362E+04  2.1948359E-01  1.7412447E+02  6.4970071E+23  4.6048613E-01  1.0000000E-99  1.0000000E-99
 1090  4.5313972E+04  2.1968531E-01  1.7428451E+02  6.4942370E+23  4.6172687E-01  1.0000000E-99  1.0000000E-99
 1091  4.5355582E+04  2.1988704E-01  1.7444454E+02  6.4914631E+23  4.6297085E-01  1.0000000E-99  1.0000000E-99
 1092  4.5397192E+04  2.2008877E-01  1.7460458E+02  6.4886854E+23  4.6421811E-01  1.0000000E-99  1.0000000E-99
 1093  4.5438801E+04  2.2029050E-01  1.7476462E+02  6.4859040E+23  4.6546864E-01  1.0000000E-99  1.0000000E-99
 1094  4.5480411E+04  2.2049223E-01  1.7492466E+02  6.4831189E+23  4.6672246E-01  1.0000000E-99  1.0000000E-99
 1095  4.5522021E+04  2.2069395E-01  1.7508470E+02  6.4803301E+23  4.6797959E-01  1.0000000E-99  1.0000000E-99
 1096  4.5563631E+04  2.2089568E-01  1.7524474E+02  6.4775374E+23  4.6924002E-01  1.0000000E-99  1.0000000E-99
 1097  4.5605241E+04  2.2109741E-01  1.7540477E+02  6.4747411E+23  4.7050378E-01  1.0000000E-99  1.0000000E-99
 1098  4.5646851E+04  2.2129914E-01  1.7556481E+02  6.4719409E+23  4.7177087E-01  1.0000000E-99  1.0000000E-99
 1099  4.5688461E+04  2.2150087E-01  1.7572485E+02  6.4691370E+23  4.7304131E-01  1.0000000E-99  1.0000000E-99
 1100  4.5730071E+04  2.2170259E-01  1.7588489E+02  6.4663293E+23  4.7431511E-01  1.0000000E-99  1.0000000E-99
 1101  4.5771681E+04  2.2190432E-01  1.7604493E+02  6.4635179E+23  4.7559228E-01  1.0000000E-99  1.0000000E-99
 1102  4.5813291E+04  2.2210605E-01  1.7620497E+02  6.4607026E+23  4.7687283E-01  1.0000000E-99  1.0000000E-99
 1103  4.5854901E+04  2.2230778E-01  1.7636500E+02  6.4578836E+23  4.7815677E-01  1.0000000E-99  1.0000000E-99
 1104  4.5896511E+04  2.2250951E-01  1.7652504E+02  6.4550608E+23  4.7944412E-01  1.0000000E-99  1.0000000E-99
 1105  4.5938121E+04  2.2271123E-01  1.7668508E+02  6.4522342E+23  4.8073489E-01  1.0000000E-99  1.0000000E-99
 1106  4.5979731E+04  2.2291296E-01  1.7684512E+02  6.4494037E+23  4.8202909E-01  1.0000000E-99  1.0000000E-99
 1107  4.6021341E+04  2.2311469E-01  1.7700516E+02  6.4465695E+23  4.8332672E-01  1.0000000E-99  1.0000000E-99
 1108  4.6062951E+04  2.2331642E-01  1.7716520E+02  6.4437315E+23  4.8462782E-01  1.0000000E-99  1.0000000E-99
 1109  4.6104561E+04  2.2351815E-01  1.7732523E+02  6.4408896E+23  4.8593238E-01  1.0000000E-99  1.0000000E-99
 1110  4.6146171E+04  2.2371987E-01  1.7748527E+02  6.4380440E+23  4.8724041E-01  1.0000000E-99  1.0000000E-99
 1111  4.6187781E+04  2.2392160E-01  1.7764531E+02  6.4351945E+23  4.8855194E-01  1.0000000E-99  1.0000000E-99
 1112  4.6229391E+04  2.2412333E-01  1.7780535E+02  6.4323411E+23  4.8986697E-01  1.0000000E-99  1.0000000E-99
 1113  4.6271001E+04  2.2432506E-01  1.7796539E+02  6.4294839E+23  4.9118552E-01  1.0000000E-99  1.0000000E-99
 1114  4.6312611E+04  2.2452679E-01  1.7812543E+02  6.4266229E+23  4.9250759E-01  1.0000000E-99  1.0000000E-99
 1115  4.6354220E+04  2.2472851E-01  1.7828546E+02  6.4237581E+23  4.9383321E-01  1.0000000E-99  1.0000000E-99
 1116  4.6395830E+04  2.2493024E-01  1.7844550E+02  6.4208893E+23  4.9516238E-01  1.0000000E-99  1.0000000E-99
 1117  4.6437440E+04  2.2513197E-01  1.7860554E+02  6.4180168E+23  4.9649511E-01  1.0000000E-99  1.0000000E-99
 1118  4.6479050E+04  2.2533370E-01  1.7876558E+02  6.4151403E+23  4.9783142E-01  1.0000000E-99  1.0000000E-99
 1119  4.6520660E+04  2.2553543E-01  1.7892562E+02  6.4122600E+23  4.9917133E-01  1.0000000E-99  1.0000000E-99
 1120  4.6562270E+04  2.2573715E-01  1.7908565E+02  6.4093759E+23  5.0051484E-01  1.0000000E-99  1.0000000E-99
 1121  4.6603880E+04  2.2593888E-01  1.7924569E+02  6.4064878E+23  5.0186196E-01  1.0000000E-99  1.0000000E-99
 1122  4.6645490E+04  2.2614061E-01  1.7940573E+02  6.4035959E+23  5.0321272E-01  1.0000000E-99  1.0000000E-99
 1123  4.6687100E+04  2.2634234E-01  1.7956577E+02  6.4007000E+23  5.0456712E-01  1.0000000E-99  1.0000000E-99
 1124  4.6728710E+04  2.2654407E-01  1.7972581E+02  6.3978003E+23  5.0592517E-01  1.0000000E-99  1.0000000E-99
 1125  4.6770320E+04  2.2674579E-01  1.7988585E+02  6.3948967E+23  5.0728690E-01  1.0000000E-99  1.0000000E-99
 1126  4.6811930E+04  2.2694752E-01  1.8004588E+02  6.3919891E+23  5.0865231E-01  1.0000000E-99  1.0000000E-99
 1127  4.6853540E+04  2.2714925E-01  1.8020592E+02  6.3890777E+23  5.1002141E-01  1.0000000E-99  1.0000000E-99
 1128  4.6895150E+04  2.2735098E-01  1.8036596E+02  6.3861623E+23  5.1139423E-01  1.0000000E-99  1.0000000E-99
 1129  4.6936760E+04  2.2755270E-01  1.8052600E+02  6.3832431E+23  5.1277077E-01  1.0000000E-99  1.0000000E-99
 1130  4.6978370E+04  2.2775443E-01  1.8068604E+02  6.3803199E+23  5.1415104E-01  1.0000000E-99  1.0000000E-99
 1131  4.7019980E+04  2.2795616E-01  1.8084608E+02  6.3773927E+23  5.1553506E-01  1.0000000E-99  1.0000000E-99
 1132  4.7061590E+04  2.2815789E-01  1.8100611E+02  6.3744616E+23  5.1692285E-01  1.0000000E-99  1.0000000E-99
 1133  4.7103200E+04  2.2835962E-01  1.8116615E+02  6.3715266E+23  5.1831442E-01  1.0000000E-99  1.0000000E-99
 1134  4.7144810E+04  2.2856134E-01  1.8132619E+02  6.3685877E+23  5.1970978E-01  1.0000000E-99  1.0000000E-99
 1135  4.7186420E+04  2.2876307E-01  1.8148623E+02  6.3656447E+23  5.2110894E-01  1.0000000E-99  1.0000000E-99
 1136  4.7228029E+04  2.2896480E-01  1.8164627E+02  6.3626979E+23  5.2251192E-01  1.0000000E-99  1.0000000E-99
 1137  4.7269639E+04  2.2916653E-01  1.8180631E+02  6.3597470E+23  5.2391873E-01  1.0000000E-99  1.0000000E-99
 1138  4.7311249E+04  2.2936826E-01  1.8196634E+02  6.3567922E+23  5.2532940E-01  1.0000000E-99  1.0000000E-99
 1139  4.7352859E+04  2.2956998E-01  1.8212638E+02  6.3538334E+23  5.2674392E-01  1.0000000E-99  1.0000000E-99
 1140  4.7394469E+04  2.2977171E-01  1.8228642E+02  6.3508706E+23  5.2816232E-01  1.0000000E-99  1.0000000E-99
 1141  4.7436079E+04  2.2997344E-01  1.8244646E+02  6.3479039E+23  5.2958461E-01  1.0000000E-99  1.0000000E-99
 1142  4.7477689E+04  2.3017517E-01  1.8260650E+02  6.3449331E+23  5.3101080E-01  1.0000000E-99  1.0000000E-99
 1143  4.7519299E+04  2.3037690E-01  1.8276654E+02  6.3419584E+23  5.3244092E-01  1.0000000E-99  1.0000000E-99
 1144  4.7560909E+04  2.3057862E-01  1.8292657E+02  6.3389796E+23  5.3387496E-01  1.0000000E-99  1.0000000E-99
 1145  4.7602519E+04  2.3078035E-01  1.8308661E+02  6.3359969E+23  5.3531296E-01  1.0000000E-99  1.0000000E-99
 1146  4.7644129E+04  2.3098208E-01  1.8324665E+02  6.3330101E+23  5.3675491E-01  1.0000000E-99  1.0000000E-99
 1147  4.7685739E+04  2.3118381E-01  1.8340669E+02  6.3300193E+23  5.3820085E-01  1.0000000E-99  1.0000000E-99
 1148  4.7727349E+04  2.3138554E-01  1.8356673E+02  6.3270245E+23  5.3965077E-01  1.0000000E-99  1.0000000E-99
 1149  4.7768959E+04  2.3158726E-01  1.8372676E+02  6.3240256E+23  5.4110471E-01  1.0000000E-99  1.0000000E-99
 1150  4.7810569E+04  2.3178899E-01  1.8388680E+02  6.3210227E+23  5.4256266E-01  1.0000000E-99  1.0000000E-99
 1151  4.7852179E+04  2.3199072E-01  1.8404684E+02  6.3180158E+23  5.4402465E-01  1.0000000E-99  1.0000000E-99
 1152  4.7893789E+04  2.3219245E-01  1.8420688E+02  6.3150048E+23  5.4549070E-01  1.0000000E-99  1.0000000E-99
 1153  4.7935399E+04  2.3239418E-01  1.8436692E+02  6.3119897E+23  5.4696081E-01  1.0000000E-99  1.0000000E-99
 1154  4.7977009E+04  2.3259590E-01  1.8452696E+02  6.3089706E+23  5.4843500E-01  1.0000000E-99  1.0000000E-99
 1155  4.8018619E+04  2.3279763E-01  1.8468699E+02  6.3059475E+23  5.4991329E-01  1.0000000E-99  1.0000000E-99
 1156  4.8060229E+04  2.3299936E-01  1.8484703E+02  6.3029202E+23  5.5139570E-01  1.0000000E-99  1.0000000E-99
 1157  4.8101839E+04  2.3320109E-01  1.8500707E+02  6.2998889E+23  5.5288223E-01  1.0000000E-99  1.0000000E-99
 1158  4.8143448E+04  2.3340282E-01  1.8516711E+02  6.2968535E+23  5.5437291E-01  1.0000000E-99  1.0000000E-99
 1159  4.8185058E+04  2.3360454E-01  1.8532715E+02  6.2938140E+23  5.5586775E-01  1.0000000E-99  1.0000000E-99
 1160  4.8226668E+04  2.3380627E-01  1.8548719E+02  6.2907704E+23  5.5736677E-01  1.0000000E-99  1.0000000E-99
 1161  4.8268278E+04  2.3400800E-01  1.8564722E+02  6.2877227E+23  5.5886997E-01  1.0000000E-99  1.0000000E-99
 1162  4.8309888E+04  2.3420973E-01  1.8580726E+02  6.2846709E+23  5.6037739E-01  1.0000000E-99  1.0000000E-99
 1163  4.8351498E+04  2.3441146E-01  1.8596730E+02  6.2816150E+23  5.6188902E-01  1.0000000E-99  1.0000000E-99
 1164  4.8393108E+04  2.3461318E-01  1.8612734E+02  6.2785549E+23  5.6340490E-01  1.0000000E-99  1.0000000E-99
 1165  4.8434718E+04  2.3481491E-01  1.8628738E+02  6.2754908E+23  5.6492503E-01  1.0000000E-99  1.0000000E-99
 1166  4.8476328E+04  2.3501664E-01  1.8644742E+02  6.2724225E+23  5.6644944E-01  1.0000000E-99  1.0000000E-99
 1167  4.8517938E+04  2.3521837E-01  1.8660745E+02  6.2693500E+23  5.6797813E-01  1.0000000E-99  1.0000000E-99
 1168  4.8559548E+04  2.3542010E-01  1.8676749E+02  6.2662734E+23  5.6951113E-01  1.0000000E-99  1.0000000E-99
 1169  4.8601158E+04  2.3562182E-01  1.8692753E+02  6.2631927E+23  5.7104845E-01  1.0000000E-99  1.0000000E-99
 1170  4.8642768E+04  2.3582355E-01  1.8708757E+02  6.2601078E+23  5.7259011E-01  1.0000000E-99  1.0000000E-99
 1171  4.8684378E+04  2.3602528E-01  1.8724761E+02  6.2570188E+23  5.7413612E-01  1.0000000E-99  1.0000000E-99
 1172  4.8725988E+04  2.3622701E-01  1.8740765E+02  6.2539255E+23  5.7568651E-01  1.0000000E-99  1.0000000E-99
 1173  4.8767598E+04  2.3642874E-01  1.8756768E+02  6.2508281E+23  5.7724128E-01  1.0000000E-99  1.0000000E-99
 1174  4.8809208E+04  2.3663046E-01  1.8772772E+02  6.2477266E+23  5.7880046E-01  1.0000000E-99  1.0000000E-99
 1175  4.8850818E+04  2.3683219E-01  1.8788776E+02  6.2446208E+23  5.8036406E-01  1.0000000E-99  1.0000000E-99
 1176  4.8892428E+04  2.3703392E-01  1.8804780E+02  6.2415108E+23  5.8193210E-01  1.0000000E-99  1.0000000E-99
 1177  4.8934038E+04  2.3723565E-01  1.8820784E+02  6.2383967E+23  5.8350459E-01  1.0000000E-99  1.0000000E-99
 1178  4.8975648E+04  2.3743738E-01  1.8836788E+02  6.2352783E+23  5.8508156E-01  1.0000000E-99  1.0000000E-99
 1179  4.9017257E+04  2.3763910E-01  1.8852791E+02  6.2321557E+23  5.8666302E-01  1.0000000E-99  1.0000000E-99
 1180  4.9058867E+04  2.3784083E-01  1.8868795E+02  6.2290289E+23  5.8824899E-01  1.0000000E-99  1.0000000E-99
 1181  4.9100477E+04  2.3804256E-01  1.8884799E+02  6.2258979E+23  5.8983949E-01  1.0000000E-99  1.0000000E-99
 1182  4.9142087E+04  2.3824429E-01  1.8900803E+02  6.2227627E+23  5.9143453E-01  1.0000000E-99  1.0000000E-99
 1183  4.9183697E+04  2.3844602E-01  1.8916807E+02  6.2196232E+23  5.9303413E-01  1.0000000E-99  1.0000000E-99
 1184  4.9225307E+04  2.3864774E-01  1.8932810E+02  6.2164794E+23  5.9463832E-01  1.0000000E-99  1.0000000E-99
 1185  4.9266917E+04  2.3884947E-01  1.8948814E+02  6.2133314E+23  5.9624710E-01  1.0000000E-99  1.0000000E-99
 1186  4.9308527E+04  2.3905120E-01  1.8964818E+02  6.2101792E+23  5.9786049E-01  1.0000000E-99  1.0000000E-99
 1187  4.9350137E+04  2.3925293E-01  1.8980822E+02  6.2070227E+23  5.9947852E-01  1.0000000E-99  1.0000000E-99
 1188  4.9391747E+04  2.3945466E-01  1.8996826E+02  6.2038619E+23  6.0110120E-01  1.0000000E-99  1.0000000E-99
 1189  4.9433357E+04  2.3965638E-01  1.9012830E+02  6.2006968E+23  6.0272855E-01  1.0000000E-99  1.0000000E-99
 1190  4.9474967E+04  2.3985811E-01  1.9028833E+02  6.1975275E+23  6.0436059E-01  1.0000000E-99  1.0000000E-99
 1191  4.9516577E+04  2.4005984E-01  1.9044837E+02  6.1943538E+23  6.0599734E-01  1.0000000E-99  1.0000000E-99
 1192  4.9558187E+04  2.4026157E-01  1.9060841E+02  6.1911759E+23  6.0763882E-01  1.0000000E-99  1.0000000E-99
 1193  4.9599797E+04  2.4046330E-01  1.9076845E+02  6.1879937E+23  6.0928503E-01  1.0000000E-99  1.0000000E-99
 1194  4.9641407E+04  2.4066502E-01  1.9092849E+02  6.1848071E+23  6.1093602E-01  1.0000000E-99  1.0000000E-99
 1195  4.9683017E+04  2.4086675E-01  1.9108853E+02  6.1816163E+23  6.1259178E-01  1.0000000E-99  1.0000000E-99
 1196  4.9724627E+04  2.4106848E-01  1.9124856E+02  6.1784211E+23  6.1425235E-01  1.0000000E-99  1.0000000E-99
 1197  4.9766237E+04  2.4127021E-01  1.9140860E+02  6.1752216E+23  6.1591774E-01  1.0000000E-99  1.0000000E-99
 1198  4.9807847E+04  2.4147194E-01  1.9156864E+02  6.1720177E+23  6.1758796E-01  1.0000000E-99  1.0000000E-99
 1199  4.9849457E+04  2.4167366E-01  1.9172868E+02  6.1688095E+23  6.1926305E-01  1.0000000E-99  1.0000000E-99
 1200  4.9891067E+04  2.4187539E-01  1.9188872E+02  6.1655970E+23  6.2094302E-01  1.0000000E-99  1.0000000E-99
 1201  4.9932676E+04  2.4207712E-01  1.9204876E+02  6.1623801E+23  6.2262788E-01  1.0000000E-99  1.0000000E-99
 1202  4.9974286E+04  2.4227885E-01  1.9220879E+02  6.1591588E+23  6.2431767E-01  1.0000000E-99  1.0000000E-99
 1203  5.0015896E+04  2.4248057E-01  1.9236883E+02  6.1559332E+23  6.2601239E-01  1.0000000E-99  1.0000000E-99
 1204  5.0057506E+04  2.4268230E-01  1.9252887E+02  6.1527031E+23  6.2771207E-01  1.0000000E-99  1.0000000E-99
 1205  5.0099116E+04  2.4288403E-01  1.9268891E+02  6.1494687E+23  6.2941672E-01  1.0000000E-99  1.0000000E-99
 1206  5.0140726E+04  2.4308576E-01  1.9284895E+02  6.1462300E+23  6.3112638E-01  1.0000000E-99  1.0000000E-99
 1207  5.0182336E+04  2.4328749E-01  1.9300899E+02  6.1429868E+23  6.3284105E-01  1.0000000E-99  1.0000000E-99
 1208  5.0223946E+04  2.4348921E-01  1.9316902E+02  6.1397392E+23  6.3456076E-01  1.0000000E-99  1.0000000E-99
 1209  5.0265556E+04  2.4369094E-01  1.9332906E+02  6.1364871E+23  6.3628553E-01  1.0000000E-99  1.0000000E-99
 1210  5.0307166E+04  2.4389267E-01  1.9348910E+02  6.1332307E+23  6.3801538E-01  1.0000000E-99  1.0000000E-99
 1211  5.0348776E+04  2.4409440E-01  1.9364914E+02  6.1299699E+23  6.3975033E-01  1.0000000E-99  1.0000000E-99
 1212  5.0390386E+04  2.4429613E-01  1.9380918E+02  6.1267046E+23  6.4149041E-01  1.0000000E-99  1.0000000E-99
 1213  5.0431996E+04  2.4449785E-01  1.9396921E+02  6.1234348E+23  6.4323562E-01  1.0000000E-99  1.0000000E-99
 1214  5.0473606E+04  2.4469958E-01  1.9412925E+02  6.1201607E+23  6.4498600E-01  1.0000000E-99  1.0000000E-99
 1215  5.0515216E+04  2.4490131E-01  1.9428929E+02  6.1168820E+23  6.4674156E-01  1.0000000E-99  1.0000000E-99
 1216  5.0556826E+04  2.4510304E-01  1.9444933E+02  6.1135989E+23  6.4850232E-01  1.0000000E-99  1.0000000E-99
 1217  5.0598436E+04  2.4530477E-01  1.9460937E+02  6.1103114E+23  6.5026832E-01  1.0000000E-99  1.0000000E-99
 1218  5.0640046E+04  2.4550649E-01  1.9476941E+02  6.1070193E+23  6.5203956E-01  1.0000000E-99  1.0000000E-99
 1219  5.0681656E+04  2.4570822E-01  1.9492944E+02  6.1037228E+23  6.5381607E-01  1.0000000E-99  1.0000000E-99
 1220  5.0723266E+04  2.4590995E-01  1.9508948E+02  6.1004218E+23  6.5559788E-01  1.0000000E-99  1.0000000E-99
 1221  5.0764876E+04  2.4611168E-01  1.9524952E+02  6.0971163E+23  6.5738499E-01  1.0000000E-99  1.0000000E-99
 1222  5.0806485E+04  2.4631341E-01  1.9540956E+02  6.0938062E+23  6.5917744E-01  1.0000000E-99  1.0000000E-99
 1223  5.0848095E+04  2.4651513E-01  1.9556960E+02  6.0904917E+23  6.6097525E-01  1.0000000E-99  1.0000000E-99
 1224  5.0889705E+04  2.4671686E-01  1.9572964E+02  6.0871726E+23  6.6277844E-01  1.0000000E-99  1.0000000E-99
 1225  5.0931315E+04  2.4691859E-01  1.9588967E+02  6.0838491E+23  6.6458704E-01  1.0000000E-99  1.0000000E-99
 1226  5.0972925E+04  2.4712032E-01  1.9604971E+02  6.0805209E+23  6.6640105E-01  1.0000000E-99  1.0000000E-99
 1227  5.1014535E+04  2.4732205E-01  1.9620975E+02  6.0771883E+23  6.6822052E-01  1.0000000E-99  1.0000000E-99
 1228  5.1056145E+04  2.4752377E-01  1.9636979E+02  6.0738511E+23  6.7004545E-01  1.0000000E-99  1.0000000E-99
 1229  5.1097755E+04  2.4772550E-01  1.9652983E+02  6.0705093E+23  6.7187588E-01  1.0000000E-99  1.0000000E-99
 1230  5.1139365E+04  2.4792723E-01  1.9668987E+02  6.0671630E+23  6.7371182E-01  1.0000000E-99  1.0000000E-99
 1231  5.1180975E+04  2.4812896E-01  1.9684990E+02  6.0638121E+23  6.7555331E-01  1.0000000E-99  1.0000000E-99
 1232  5.1222585E+04  2.4833069E-01  1.9700994E+02  6.0604566E+23  6.7740035E-01  1.0000000E-99  1.0000000E-99
 1233  5.1264195E+04  2.4853241E-01  1.9716998E+02  6.0570965E+23  6.7925298E-01  1.0000000E-99  1.0000000E-99
 1234  5.1305805E+04  2.4873414E-01  1.9733002E+02  6.0537318E+23  6.8111122E-01  1.0000000E-99  1.0000000E-99
 1235  5.1347415E+04  2.4893587E-01  1.9749006E+02  6.0503625E+23  6.8297509E-01  1.0000000E-99  1.0000000E-99
 1236  5.1389025E+04  2.4913760E-01  1.9765010E+02  6.0469887E+23  6.8484462E-01  1.0000000E-99  1.0000000E-99
 1237  5.1430635E+04  2.4933933E-01  1.9781013E+02  6.0436101E+23  6.8671983E-01  1.0000000E-99  1.0000000E-99
 1238  5.1472245E+04  2.4954105E-01  1.9797017E+02  6.0402270E+23  6.8860075E-01  1.0000000E-99  1.0000000E-99
 1239  5.1513855E+04  2.4974278E-01  1.9813021E+02  6.0368393E+23  6.9048739E-01  1.0000000E-99  1.0000000E-99
 1240  5.1555465E+04  2.4994451E-01  1.9829025E+02  6.0334468E+23  6.9237979E-01  1.0000000E-99  1.0000000E-99
 1241  5.1597075E+04  2.5014624E-01  1.9845029E+02  6.0300498E+23  6.9427796E-01  1.0000000E-99  1.0000000E-99
 1242  5.1638685E+04  2.5034797E-01  1.9861033E+02  6.0266481E+23  6.9618194E-01  1.0000000E-99  1.0000000E-99
 1243  5.1680294E+04  2.5054969E-01  1.9877036E+02  6.0232417E+23  6.9809174E-01  1.0000000E-99  1.0000000E-99
 1244  5.1721904E+04  2.5075142E-01  1.9893040E+02  6.0198306E+23  7.0000740E-01  1.0000000E-99  1.0000000E-99
 1245  5.1763514E+04  2.5095315E-01  1.9909044E+02  6.0164149E+23  7.0192893E-01  1.0000000E-99  1.0000000E-99
 1246  5.1805124E+04  2.5115488E-01  1.9925048E+02  6.0129945E+23  7.0385637E-01  1.0000000E-99  1.0000000E-99
 1247  5.1846734E+04  2.5135661E-01  1.9941052E+02  6.0095693E+23  7.0578973E-01  1.0000000E-99  1.0000000E-99
 1248  5.1888344E+04  2.5155833E-01  1.9957055E+02  6.0061395E+23  7.0772905E-01  1.0000000E-99  1.0000000E-99
 1249  5.1929954E+04  2.5176006E-01  1.9973059E+02  6.0027050E+23  7.0967435E-01  1.0000000E-99  1.0000000E-99
 1250  5.1971564E+04  2.5196179E-01  1.9989063E+02  5.9992657E+23  7.1162565E-01  1.0000000E-99  1.0000000E-99
 1251  5.2013174E+04  2.5216352E-01  2.0005067E+02  5.9958217E+23  7.1358298E-01  1.0000000E-99  1.0000000E-99
 1252  5.2054784E+04  2.5236525E-01  2.0021071E+02  5.9923730E+23  7.1554637E-01  1.0000000E-99  1.0000000E-99
 1253  5.2096394E+04  2.5256697E-01  2.0037075E+02  5.9889195E+23  7.1751584E-01  1.0000000E-99  1.0000000E-99
 1254  5.2138004E+04  2.5276870E-01  2.0053078E+02  5.9854613E+23  7.1949142E-01  1.0000000E-99  1.0000000E-99
 1255  5.2179614E+04  2.5297043E-01  2.0069082E+02  5.9819983E+23  7.2147314E-01  1.0000000E-99  1.0000000E-99
 1256  5.2221224E+04  2.5317216E-01  2.0085086E+02  5.9785305E+23  7.2346101E-01  1.0000000E-99  1.0000000E-99
 1257  5.2262834E+04  2.5337389E-01  2.0101090E+02  5.9750579E+23  7.2545508E-01  1.0000000E-99  1.0000000E-99
 1258  5.2304444E+04  2.5357561E-01  2.0117094E+02  5.9715806E+23  7.2745537E-01  1.0000000E-99  1.0000000E-99
 1259  5.2346054E+04  2.5377734E-01  2.0133098E+02  5.9680985E+23  7.2946190E-01  1.0000000E-99  1.0000000E-99
 1260  5.2387664E+04  2.5397907E-01  2.0149101E+02  5.9646115E+23  7.3147470E-01  1.0000000E-99  1.0000000E-99
 1261  5.2429274E+04  2.5418080E-01  2.0165105E+02  5.9611198E+23  7.3349380E-01  1.0000000E-99  1.0000000E-99
 1262  5.2470884E+04  2.5438253E-01  2.0181109E+02  5.9576232E+23  7.3551922E-01  1.0000000E-99  1.0000000E-99
 1263  5.2512494E+04  2.5458425E-01  2.0197113E+02  5.9541218E+23  7.3755100E-01  1.0000000E-99  1.0000000E-99
 1264  5.2554104E+04  2.5478598E-01  2.0213117E+02  5.9506156E+23  7.3958916E-01  1.0000000E-99  1.0000000E-99
 1265  5.2595713E+04  2.5498771E-01  2.0229121E+02  5.9471045E+23  7.4163374E-01  1.0000000E-99  1.0000000E-99
 1266  5.2637323E+04  2.5518944E-01  2.0245124E+02  5.9435886E+23  7.4368475E-01  1.0000000E-99  1.0000000E-99
 1267  5.2678933E+04  2.5539117E-01  2.0261128E+02  5.9400678E+23  7.4574223E-01  1.0000000E-99  1.0000000E-99
 1268  5.2720543E+04  2.5559289E-01  2.0277132E+02  5.9365421E+23  7.4780620E-01  1.0000000E-99  1.0000000E-99
 1269  5.2762153E+04  2.5579462E-01  2.0293136E+02  5.9330115E+23  7.4987670E-01  1.0000000E-99  1.0000000E-99
 1270  5.2803763E+04  2.5599635E-01  2.0309140E+02  5.9294761E+23  7.5195375E-01  1.0000000E-99  1.0000000E-99
 1271  5.2845373E+04  2.5619808E-01  2.0325144E+02  5.9259357E+23  7.5403739E-01  1.0000000E-99  1.0000000E-99
 1272  5.2886983E+04  2.5639981E-01  2.0341147E+02  5.9223905E+23  7.5612764E-01  1.0000000E-99  1.0000000E-99
 1273  5.2928593E+04  2.5660153E-01  2.0357151E+02  5.9188403E+23  7.5822453E-01  1.0000000E-99  1.0000000E-99
 1274  5.2970203E+04  2.5680326E-01  2.0373155E+02  5.9152852E+23  7.6032809E-01  1.0000000E-99  1.0000000E-99
 1275  5.3011813E+04  2.5700499E-01  2.0389159E+02  5.9117252E+23  7.6243836E-01  1.0000000E-99  1.0000000E-99
 1276  5.3053423E+04  2.5720672E-01  2.0405163E+02  5.9081602E+23  7.6455536E-01  1.0000000E-99  1.0000000E-99
 1277  5.3095033E+04  2.5740844E-01  2.0421167E+02  5.9045903E+23  7.6667911E-01  1.0000000E-99  1.0000000E-99
 1278  5.3136643E+04  2.5761017E-01  2.0437170E+02  5.9010154E+23  7.6880967E-01  1.0000000E-99  1.0000000E-99
 1279  5.3178253E+04  2.5781190E-01  2.0453174E+02  5.8974356E+23  7.7094704E-01  1.0000000E-99  1.0000000E-99
 1280  5.3219863E+04  2.5801363E-01  2.0469178E+02  5.8938507E+23  7.7309127E-01  1.0000000E-99  1.0000000E-99
 1281  5.3261473E+04  2.5821536E-01  2.0485182E+02  5.8902609E+23  7.7524238E-01  1.0000000E-99  1.0000000E-99
 1282  5.3303083E+04  2.5841708E-01  2.0501186E+02  5.8866661E+23  7.7740041E-01  1.0000000E-99  1.0000000E-99
 1283  5.3344693E+04  2.5861881E-01  2.0517189E+02  5.8830662E+23  7.7956539E-01  1.0000000E-99  1.0000000E-99
 1284  5.3386303E+04  2.5882054E-01  2.0533193E+02  5.8794614E+23  7.8173735E-01  1.0000000E-99  1.0000000E-99
 1285  5.3427913E+04  2.5902227E-01  2.0549197E+02  5.8758515E+23  7.8391632E-01  1.0000000E-99  1.0000000E-99
 1286  5.3469522E+04  2.5922400E-01  2.0565201E+02  5.8722366E+23  7.8610233E-01  1.0000000E-99  1.0000000E-99
 1287  5.3511132E+04  2.5942572E-01  2.0581205E+02  5.8686167E+23  7.8829542E-01  1.0000000E-99  1.0000000E-99
 1288  5.3552742E+04  2.5962745E-01  2.0597209E+02  5.8649917E+23  7.9049562E-01  1.0000000E-99  1.0000000E-99
 1289  5.3594352E+04  2.5982918E-01  2.0613212E+02  5.8613616E+23  7.9270295E-01  1.0000000E-99  1.0000000E-99
 1290  5.3635962E+04  2.6003091E-01  2.0629216E+02  5.8577265E+23  7.9491746E-01  1.0000000E-99  1.0000000E-99
 1291  5.3677572E+04  2.6023264E-01  2.0645220E+02  5.8540863E+23  7.9713918E-01  1.0000000E-99  1.0000000E-99
 1292  5.3719182E+04  2.6043436E-01  2.0661224E+02  5.8504410E+23  7.9936813E-01  1.0000000E-99  1.0000000E-99
 1293  5.3760792E+04  2.6063609E-01  2.0677228E+02  5.8467906E+23  8.0160436E-01  1.0000000E-99  1.0000000E-99
 1294  5.3802402E+04  2.6083782E-01  2.0693232E+02  5.8431350E+23  8.0384790E-01  1.0000000E-99  1.0000000E-99
 1295  5.3844012E+04  2.6103955E-01  2.0709235E+02  5.8394744E+23  8.0609877E-01  1.0000000E-99  1.0000000E-99
 1296  5.3885622E+04  2.6124128E-01  2.0725239E+02  5.8358087E+23  8.0835702E-01  1.0000000E-99  1.0000000E-99
 1297  5.3927232E+04  2.6144300E-01  2.0741243E+02  5.8321378E+23  8.1062268E-01  1.0000000E-99  1.0000000E-99
 1298  5.3968842E+04  2.6164473E-01  2.0757247E+02  5.8284617E+23  8.1289578E-01  1.0000000E-99  1.0000000E-99
 1299  5.4010452E+04  2.6184646E-01  2.0773251E+02  5.8247805E+23  8.1517636E-01  1.0000000E-99  1.0000000E-99
 1300  5.4052062E+04  2.6204819E-01  2.0789255E+02  5.8210941E+23  8.1746445E-01  1.0000000E-99  1.0000000E-99
 1301  5.4093672E+04  2.6224992E-01  2.0805258E+02  5.8174026E+23  8.1976009E-01  1.0000000E-99  1.0000000E-99
 1302  5.4135282E+04  2.6245164E-01  2.0821262E+02  5.8137058E+23  8.2206331E-01  1.0000000E-99  1.0000000E-99
 1303  5.4176892E+04  2.6265337E-01  2.0837266E+02  5.8100039E+23  8.2437415E-01  1.0000000E-99  1.0000000E-99
 1304  5.4218502E+04  2.6285510E-01  2.0853270E+02  5.8062967E+23  8.2669265E-01  1.0000000E-99  1.0000000E-99
 1305  5.4260112E+04  2.6305683E-01  2.0869274E+02  5.8025844E+23  8.2901884E-01  1.0000000E-99  1.0000000E-99
 1306  5.4301722E+04  2.6325856E-01  2.0885278E+02  5.7988668E+23  8.3135275E-01  1.0000000E-99  1.0000000E-99
 1307  5.4343332E+04  2.6346028E-01  2.0901281E+02  5.7951440E+23  8.3369443E-01  1.0000000E-99  1.0000000E-99
 1308  5.4384941E+04  2.6366201E-01  2.0917285E+02  5.7914159E+23  8.3604391E-01  1.0000000E-99  1.0000000E-99
 1309  5.4426551E+04  2.6386374E-01  2.0933289E+02  5.7876826E+23  8.3840122E-01  1.0000000E-99  1.0000000E-99
 1310  5.4468161E+04  2.6406547E-01  2.0949293E+02  5.7839440E+23  8.4076641E-01  1.0000000E-99  1.0000000E-99
 1311  5.4509771E+04  2.6426720E-01  2.0965297E+02  5.7802001E+23  8.4313951E-01  1.0000000E-99  1.0000000E-99
 1312  5.4551381E+04  2.6446892E-01  2.0981300E+02  5.7764509E+23  8.4552056E-01  1.0000000E-99  1.0000000E-99
 1313  5.4592991E+04  2.6467065E-01  2.0997304E+02  5.7726964E+23  8.4790960E-01  1.0000000E-99  1.0000000E-99
 1314  5.4634601E+04  2.6487238E-01  2.1013308E+02  5.7689367E+23  8.5030666E-01  1.0000000E-99  1.0000000E-99
 1315  5.4676211E+04  2.6507411E-01  2.1029312E+02  5.7651716E+23  8.5271179E-01  1.0000000E-99  1.0000000E-99
 1316  5.4717821E+04  2.6527584E-01  2.1045316E+02  5.7614012E+23  8.5512502E-01  1.0000000E-99  1.0000000E-99
 1317  5.4759431E+04  2.6547756E-01  2.1061320E+02  5.7576254E+23  8.5754639E-01  1.0000000E-99  1.0000000E-99
 1318  5.4801041E+04  2.6567929E-01  2.1077323E+02  5.7538443E+23  8.5997594E-01  1.0000000E-99  1.0000000E-99
 1319  5.4842651E+04  2.6588102E-01  2.1093327E+02  5.7500578E+23  8.6241371E-01  1.0000000E-99  1.0000000E-99
 1320  5.4884261E+04  2.6608275E-01  2.1109331E+02  5.7462660E+23  8.6485974E-01  1.0000000E-99  1.0000000E-99
 1321  5.4925871E+04  2.6628448E-01  2.1125335E+02  5.7424687E+23  8.6731407E-01  1.0000000E-99  1.0000000E-99
 1322  5.4967481E+04  2.6648620E-01  2.1141339E+02  5.7386661E+23  8.6977674E-01  1.0000000E-99  1.0000000E-99
 1323  5.5009091E+04  2.6668793E-01  2.1157343E+02  5.7348581E+23  8.7224779E-01  1.0000000E-99  1.0000000E-99
 1324  5.5050701E+04  2.6688966E-01  2.1173346E+02  5.7310446E+23  8.7472726E-01  1.0000000E-99  1.0000000E-99
 1325  5.5092311E+04  2.6709139E-01  2.1189350E+02  5.7272258E+23  8.7721519E-01  1.0000000E-99  1.0000000E-99
 1326  5.5133921E+04  2.6729312E-01  2.1205354E+02  5.7234015E+23  8.7971163E-01  1.0000000E-99  1.0000000E-99
 1327  5.5175531E+04  2.6749484E-01  2.1221358E+02  5.7195717E+23  8.8221661E-01  1.0000000E-99  1.0000000E-99
 1328  5.5217141E+04  2.6769657E-01  2.1237362E+02  5.7157365E+23  8.8473017E-01  1.0000000E-99  1.0000000E-99
 1329  5.5258750E+04  2.6789830E-01  2.1253366E+02  5.7118958E+23  8.8725237E-01  1.0000000E-99  1.0000000E-99
 1330  5.5300360E+04  2.6810003E-01  2.1269369E+02  5.7080497E+23  8.8978323E-01  1.0000000E-99  1.0000000E-99
 1331  5.5341970E+04  2.6830176E-01  2.1285373E+02  5.7041980E+23  8.9232281E-01  1.0000000E-99  1.0000000E-99
 1332  5.5383580E+04  2.6850348E-01  2.1301377E+02  5.7003409E+23  8.9487115E-01  1.0000000E-99  1.0000000E-99
 1333  5.5425190E+04  2.6870521E-01  2.1317381E+02  5.6964782E+23  8.9742828E-01  1.0000000E-99  1.0000000E-99
 1334  5.5466800E+04  2.6890694E-01  2.1333385E+02  5.6926100E+23  8.9999426E-01  1.0000000E-99  1.0000000E-99
 1335  5.5508410E+04  2.6910867E-01  2.1349389E+02  5.6887363E+23  9.0256912E-01  1.0000000E-99  1.0000000E-99
 1336  5.5550020E+04  2.6931040E-01  2.1365392E+02  5.6848570E+23  9.0515292E-01  1.0000000E-99  1.0000000E-99
 1337  5.5591630E+04  2.6951212E-01  2.1381396E+02  5.6809722E+23  9.0774569E-01  1.0000000E-99  1.0000000E-99
 1338  5.5633240E+04  2.6971385E-01  2.1397400E+02  5.6770818E+23  9.1034748E-01  1.0000000E-99  1.0000000E-99
 1339  5.5674850E+04  2.6991558E-01  2.1413404E+02  5.6731858E+23  9.1295833E-01  1.0000000E-99  1.0000000E-99
 1340  5.5716460E+04  2.7011731E-01  2.1429408E+02  5.6692842E+23  9.1557830E-01  1.0000000E-99  1.0000000E-99
 1341  5.5758070E+04  2.7031904E-01  2.1445412E+02  5.6653770E+23  9.1820742E-01  1.0000000E-99  1.0000000E-99
 1342  5.5799680E+04  2.7052076E-01  2.1461415E+02  5.6614642E+23  9.2084574E-01  1.0000000E-99  1.0000000E-99
 1343  5.5841290E+04  2.7072249E-01  2.1477419E+02  5.6575458E+23  9.2349331E-01  1.0000000E-99  1.0000000E-99
 1344  5.5882900E+04  2.7092422E-01  2.1493423E+02  5.6536217E+23  9.2615017E-01  1.0000000E-99  1.0000000E-99
 1345  5.5924510E+04  2.7112595E-01  2.1509427E+02  5.6496920E+23  9.2881637E-01  1.0000000E-99  1.0000000E-99
 1346  5.5966120E+04  2.7132768E-01  2.1525431E+02  5.6457566E+23  9.3149196E-01  1.0000000E-99  1.0000000E-99
 1347  5.6007730E+04  2.7152940E-01  2.1541434E+02  5.6418156E+23  9.3417699E-01  1.0000000E-99  1.0000000E-99
 1348  5.6049340E+04  2.7173113E-01  2.1557438E+02  5.6378688E+23  9.3687150E-01  1.0000000E-99  1.0000000E-99
 1349  5.6090950E+04  2.7193286E-01  2.1573442E+02  5.6339164E+23  9.3957554E-01  1.0000000E-99  1.0000000E-99
 1350  5.6132560E+04  2.7213459E-01  2.1589446E+02  5.6299582E+23  9.4228916E-01  1.0000000E-99  1.0000000E-99
 1351  5.6174169E+04  2.7233631E-01  2.1605450E+02  5.6259943E+23  9.4501241E-01  1.0000000E-99  1.0000000E-99
 1352  5.6215779E+04  2.7253804E-01  2.1621454E+02  5.6220247E+23  9.4774534E-01  1.0000000E-99  1.0000000E-99
 1353  5.6257389E+04  2.7273977E-01  2.1637457E+02  5.6180494E+23  9.5048799E-01  1.0000000E-99  1.0000000E-99
 1354  5.6298999E+04  2.7294150E-01  2.1653461E+02  5.6140682E+23  9.5324042E-01  1.0000000E-99  1.0000000E-99
 1355  5.6340609E+04  2.7314323E-01  2.1669465E+02  5.6100813E+23  9.5600267E-01  1.0000000E-99  1.0000000E-99
 1356  5.6382219E+04  2.7334495E-01  2.1685469E+02  5.6060887E+23  9.5877481E-01  1.0000000E-99  1.0000000E-99
 1357  5.6423829E+04  2.7354668E-01  2.1701473E+02  5.6020902E+23  9.6155687E-01  1.0000000E-99  1.0000000E-99
 1358  5.6465439E+04  2.7374841E-01  2.1717477E+02  5.5980859E+23  9.6434891E-01  1.0000000E-99  1.0000000E-99
 1359  5.6507049E+04  2.7395014E-01  2.1733480E+02  5.5940758E+23  9.6715098E-01  1.0000000E-99  1.0000000E-99
 1360  5.6548659E+04  2.7415187E-01  2.1749484E+02  5.5900599E+23  9.6996313E-01  1.0000000E-99  1.0000000E-99
 1361  5.6590269E+04  2.7435359E-01  2.1765488E+02  5.5860381E+23  9.7278542E-01  1.0000000E-99  1.0000000E-99
 1362  5.6631879E+04  2.7455532E-01  2.1781492E+02  5.5820104E+23  9.7561789E-01  1.0000000E-99  1.0000000E-99
 1363  5.6673489E+04  2.7475705E-01  2.1797496E+02  5.5779769E+23  9.7846061E-01  1.0000000E-99  1.0000000E-99
 1364  5.6715099E+04  2.7495878E-01  2.1813500E+02  5.5739375E+23  9.8131361E-01  1.0000000E-99  1.0000000E-99
 1365  5.6756709E+04  2.7516051E-01  2.1829503E+02  5.5698922E+23  9.8417697E-01  1.0000000E-99  1.0000000E-99
 1366  5.6798319E+04  2.7536223E-01  2.1845507E+02  5.5658410E+23  9.8705073E-01  1.0000000E-99  1.0000000E-99
 1367  5.6839929E+04  2.7556396E-01  2.1861511E+02  5.5617839E+23  9.8993494E-01  1.0000000E-99  1.0000000E-99
 1368  5.6881539E+04  2.7576569E-01  2.1877515E+02  5.5577208E+23  9.9282966E-01  1.0000000E-99  1.0000000E-99
 1369  5.6923149E+04  2.7596742E-01  2.1893519E+02  5.5536518E+23  9.9573495E-01  1.0000000E-99  1.0000000E-99
 1370  5.6964759E+04  2.7616915E-01  2.1909523E+02  5.5495768E+23  9.9865085E-01  1.0000000E-99  1.0000000E-99
 1371  5.7006369E+04  2.7637087E-01  2.1925526E+02  5.5454959E+23  1.0015774E+00  1.0000000E-99  1.0000000E-99
 1372  5.7047978E+04  2.7657260E-01  2.1941530E+02  5.5414089E+23  1.0045148E+00  1.0000000E-99  1.0000000E-99
 1373  5.7089588E+04  2.7677433E-01  2.1957534E+02  5.5373160E+23  1.0074629E+00  1.0000000E-99  1.0000000E-99
 1374  5.7131198E+04  2.7697606E-01  2.1973538E+02  5.5332170E+23  1.0104218E+00  1.0000000E-99  1.0000000E-99
 1375  5.7172808E+04  2.7717779E-01  2.1989542E+02  5.5291121E+23  1.0133917E+00  1.0000000E-99  1.0000000E-99
 1376  5.7214418E+04  2.7737951E-01  2.2005545E+02  5.5250010E+23  1.0163725E+00  1.0000000E-99  1.0000000E-99
 1377  5.7256028E+04  2.7758124E-01  2.2021549E+02  5.5208839E+23  1.0193644E+00  1.0000000E-99  1.0000000E-99
 1378  5.7297638E+04  2.7778297E-01  2.2037553E+02  5.5167608E+23  1.0223673E+00  1.0000000E-99  1.0000000E-99
 1379  5.7339248E+04  2.7798470E-01  2.2053557E+02  5.5126315E+23  1.0253814E+00  1.0000000E-99  1.0000000E-99
 1380  5.7380858E+04  2.7818643E-01  2.2069561E+02  5.5084962E+23  1.0284066E+00  1.0000000E-99  1.0000000E-99
 1381  5.7422468E+04  2.7838815E-01  2.2085565E+02  5.5043548E+23  1.0314431E+00  1.0000000E-99  1.0000000E-99
 1382  5.7464078E+04  2.7858988E-01  2.2101568E+02  5.5002072E+23  1.0344910E+00  1.0000000E-99  1.0000000E-99
 1383  5.7505688E+04  2.7879161E-01  2.2117572E+02  5.4960535E+23  1.0375502E+00  1.0000000E-99  1.0000000E-99
 1384  5.7547298E+04  2.7899334E-01  2.2133576E+02  5.4918936E+23  1.0406209E+00  1.0000000E-99  1.0000000E-99
 1385  5.7588908E+04  2.7919507E-01  2.2149580E+02  5.4877276E+23  1.0437031E+00  1.0000000E-99  1.0000000E-99
 1386  5.7630518E+04  2.7939679E-01  2.2165584E+02  5.4835554E+23  1.0467968E+00  1.0000000E-99  1.0000000E-99
 1387  5.7672128E+04  2.7959852E-01  2.2181588E+02  5.4793770E+23  1.0499022E+00  1.0000000E-99  1.0000000E-99
 1388  5.7713738E+04  2.7980025E-01  2.2197591E+02  5.4751924E+23  1.0530192E+00  1.0000000E-99  1.0000000E-99
 1389  5.7755348E+04  2.8000198E-01  2.2213595E+02  5.4710016E+23  1.0561481E+00  1.0000000E-99  1.0000000E-99
 1390  5.7796958E+04  2.8020371E-01  2.2229599E+02  5.4668045E+23  1.0592887E+00  1.0000000E-99  1.0000000E-99
 1391  5.7838568E+04  2.8040543E-01  2.2245603E+02  5.4626012E+23  1.0624412E+00  1.0000000E-99  1.0000000E-99
 1392  5.7880178E+04  2.8060716E-01  2.2261607E+02  5.4583916E+23  1.0656057E+00  1.0000000E-99  1.0000000E-99
 1393  5.7921787E+04  2.8080889E-01  2.2277611E+02  5.4541758E+23  1.0687822E+00  1.0000000E-99  1.0000000E-99
 1394  5.7963397E+04  2.8101062E-01  2.2293614E+02  5.4499536E+23  1.0719708E+00  1.0000000E-99  1.0000000E-99
 1395  5.8005007E+04  2.8121235E-01  2.2309618E+02  5.4457252E+23  1.0751715E+00  1.0000000E-99  1.0000000E-99
 1396  5.8046617E+04  2.8141407E-01  2.2325622E+02  5.4414904E+23  1.0783844E+00  1.0000000E-99  1.0000000E-99
 1397  5.8088227E+04  2.8161580E-01  2.2341626E+02  5.4372493E+23  1.0816096E+00  1.0000000E-99  1.0000000E-99
 1398  5.8129837E+04  2.8181753E-01  2.2357630E+02  5.4330018E+23  1.0848472E+00  1.0000000E-99  1.0000000E-99
 1399  5.8171447E+04  2.8201926E-01  2.2373634E+02  5.4287479E+23  1.0880972E+00  1.0000000E-99  1.0000000E-99
 1400  5.8213057E+04  2.8222099E-01  2.2389637E+02  5.4244877E+23  1.0913597E+00  1.0000000E-99  1.0000000E-99
 1401  5.8254667E+04  2.8242271E-01  2.2405641E+02  5.4202211E+23  1.0946347E+00  1.0000000E-99  1.0000000E-99
 1402  5.8296277E+04  2.8262444E-01  2.2421645E+02  5.4159480E+23  1.0979224E+00  1.0000000E-99  1.0000000E-99
 1403  5.8337887E+04  2.8282617E-01  2.2437649E+02  5.4116686E+23  1.1012228E+00  1.0000000E-99  1.0000000E-99
 1404  5.8379497E+04  2.8302790E-01  2.2453653E+02  5.4073827E+23  1.1045359E+00  1.0000000E-99  1.0000000E-99
 1405  5.8421107E+04  2.8322963E-01  2.2469657E+02  5.4030903E+23  1.1078619E+00  1.0000000E-99  1.0000000E-99
 1406  5.8462717E+04  2.8343135E-01  2.2485660E+02  5.3987914E+23  1.1112008E+00  1.0000000E-99  1.0000000E-99
 1407  5.8504327E+04  2.8363308E-01  2.2501664E+02  5.3944861E+23  1.1145527E+00  1.0000000E-99  1.0000000E-99
 1408  5.8545937E+04  2.8383481E-01  2.2517668E+02  5.3901743E+23  1.1179176E+00  1.0000000E-99  1.0000000E-99
 1409  5.8587547E+04  2.8403654E-01  2.2533672E+02  5.3858559E+23  1.1212957E+00  1.0000000E-99  1.0000000E-99
 1410  5.8629157E+04  2.8423827E-01  2.2549676E+02  5.3815310E+23  1.1246870E+00  1.0000000E-99  1.0000000E-99
 1411  5.8670767E+04  2.8443999E-01  2.2565679E+02  5.3771995E+23  1.1280915E+00  1.0000000E-99  1.0000000E-99
 1412  5.8712377E+04  2.8464172E-01  2.2581683E+02  5.3728615E+23  1.1315095E+00  1.0000000E-99  1.0000000E-99
 1413  5.8753987E+04  2.8484345E-01  2.2597687E+02  5.3685169E+23  1.1349408E+00  1.0000000E-99  1.0000000E-99
 1414  5.8795597E+04  2.8504518E-01  2.2613691E+02  5.3641657E+23  1.1383857E+00  1.0000000E-99  1.0000000E-99
 1415  5.8837206E+04  2.8524691E-01  2.2629695E+02  5.3598079E+23  1.1418442E+00  1.0000000E-99  1.0000000E-99
 1416  5.8878816E+04  2.8544863E-01  2.2645699E+02  5.3554434E+23  1.1453163E+00  1.0000000E-99  1.0000000E-99
 1417  5.8920426E+04  2.8565036E-01  2.2661702E+02  5.3510723E+23  1.1488022E+00  1.0000000E-99  1.0000000E-99
 1418  5.8962036E+04  2.8585209E-01  2.2677706E+02  5.3466945E+23  1.1523019E+00  1.0000000E-99  1.0000000E-99
 1419  5.9003646E+04  2.8605382E-01  2.2693710E+02  5.3423101E+23  1.1558156E+00  1.0000000E-99  1.0000000E-99
 1420  5.9045256E+04  2.8625555E-01  2.2709714E+02  5.3379189E+23  1.1593432E+00  1.0000000E-99  1.0000000E-99
 1421  5.9086866E+04  2.8645727E-01  2.2725718E+02  5.3335211E+23  1.1628848E+00  1.0000000E-99  1.0000000E-99
 1422  5.9128476E+04  2.8665900E-01  2.2741722E+02  5.3291165E+23  1.1664406E+00  1.0000000E-99  1.0000000E-99
 1423  5.9170086E+04  2.8686073E-01  2.2757725E+02  5.3247051E+23  1.1700107E+00  1.0000000E-99  1.0000000E-99
 1424  5.9211696E+04  2.8706246E-01  2.2773729E+02  5.3202870E+23  1.1735951E+00  1.0000000E-99  1.0000000E-99
 1425  5.9253306E+04  2.8726419E-01  2.2789733E+02  5.3158621E+23  1.1771938E+00  1.0000000E-99  1.0000000E-99
 1426  5.9294916E+04  2.8746591E-01  2.2805737E+02  5.3114304E+23  1.1808071E+00  1.0000000E-99  1.0000000E-99
 1427  5.9336526E+04  2.8766764E-01  2.2821741E+02  5.3069919E+23  1.1844349E+00  1.0000000E-99  1.0000000E-99
 1428  5.9378136E+04  2.8786937E-01  2.2837745E+02  5.3025466E+23  1.1880773E+00  1.0000000E-99  1.0000000E-99
 1429  5.9419746E+04  2.8807110E-01  2.2853748E+02  5.2980944E+23  1.1917345E+00  1.0000000E-99  1.0000000E-99
 1430  5.9461356E+04  2.8827282E-01  2.2869752E+02  5.2936353E+23  1.1954065E+00  1.0000000E-99  1.0000000E-99
 1431  5.9502966E+04  2.8847455E-01  2.2885756E+02  5.2891694E+23  1.1990935E+00  1.0000000E-99  1.0000000E-99
 1432  5.9544576E+04  2.8867628E-01  2.2901760E+02  5.2846965E+23  1.2027954E+00  1.0000000E-99  1.0000000E-99
 1433  5.9586186E+04  2.8887801E-01  2.2917764E+02  5.2802168E+23  1.2065125E+00  1.0000000E-99  1.0000000E-99
 1434  5.9627796E+04  2.8907974E-01  2.2933768E+02  5.2757301E+23  1.2102447E+00  1.0000000E-99  1.0000000E-99
 1435  5.9669406E+04  2.8928146E-01  2.2949771E+02  5.2712364E+23  1.2139921E+00  1.0000000E-99  1.0000000E-99
 1436  5.9711015E+04  2.8948319E-01  2.2965775E+02  5.2667358E+23  1.2177550E+00  1.0000000E-99  1.0000000E-99
 1437  5.9752625E+04  2.8968492E-01  2.2981779E+02  5.2622282E+23  1.2215333E+00  1.0000000E-99  1.0000000E-99
 1438  5.9794235E+04  2.8988665E-01  2.2997783E+02  5.2577136E+23  1.2253271E+00  1.0000000E-99  1.0000000E-99
 1439  5.9835845E+04  2.9008838E-01  2.3013787E+02  5.2531919E+23  1.2291366E+00  1.0000000E-99  1.0000000E-99
 1440  5.9877455E+04  2.9029010E-01  2.3029791E+02  5.2486632E+23  1.2329618E+00  1.0000000E-99  1.0000000E-99
 1441  5.9919065E+04  2.9049183E-01  2.3045794E+02  5.2441274E+23  1.2368028E+00  1.0000000E-99  1.0000000E-99
 1442  5.9960675E+04  2.9069356E-01  2.3061798E+02  5.2395846E+23  1.2406598E+00  1.0000000E-99  1.0000000E-99
 1443  6.0002285E+04  2.9089529E-01  2.3077802E+02  5.2350346E+23  1.2445328E+00  1.0000000E-99  1.0000000E-99
 1444  6.0043895E+04  2.9109702E-01  2.3093806E+02  5.2304776E+23  1.2484219E+00  1.0000000E-99  1.0000000E-99
 1445  6.0085505E+04  2.9129874E-01  2.3109810E+02  5.2259134E+23  1.2523272E+00  1.0000000E-99  1.0000000E-99
 1446  6.0127115E+04  2.9150047E-01  2.3125813E+02  5.2213420E+23  1.2562488E+00  1.0000000E-99  1.0000000E-99
 1447  6.0168725E+04  2.9170220E-01  2.3141817E+02  5.2167635E+23  1.2601869E+00  1.0000000E-99  1.0000000E-99
 1448  6.0210335E+04  2.9190393E-01  2.3157821E+02  5.2121778E+23  1.2641414E+00  1.0000000E-99  1.0000000E-99
 1449  6.0251945E+04  2.9210566E-01  2.3173825E+02  5.2075848E+23  1.2681126E+00  1.0000000E-99  1.0000000E-99
 1450  6.0293555E+04  2.9230738E-01  2.3189829E+02  5.2029847E+23  1.2721005E+00  1.0000000E-99  1.0000000E-99
 1451  6.0335165E+04  2.9250911E-01  2.3205833E+02  5.1983772E+23  1.2761052E+00  1.0000000E-99  1.0000000E-99
 1452  6.0376775E+04  2.9271084E-01  2.3221836E+02  5.1937626E+23  1.2801269E+00  1.0000000E-99  1.0000000E-99
 1453  6.0418385E+04  2.9291257E-01  2.3237840E+02  5.1891406E+23  1.2841655E+00  1.0000000E-99  1.0000000E-99
 1454  6.0459995E+04  2.9311430E-01  2.3253844E+02  5.1845113E+23  1.2882213E+00  1.0000000E-99  1.0000000E-99
 1455  6.0501605E+04  2.9331602E-01  2.3269848E+02  5.1798747E+23  1.2922944E+00  1.0000000E-99  1.0000000E-99
 1456  6.0543215E+04  2.9351775E-01  2.3285852E+02  5.1752307E+23  1.2963848E+00  1.0000000E-99  1.0000000E-99
 1457  6.0584825E+04  2.9371948E-01  2.3301856E+02  5.1705794E+23  1.3004926E+00  1.0000000E-99  1.0000000E-99
 1458  6.0626434E+04  2.9392121E-01  2.3317859E+02  5.1659207E+23  1.3046180E+00  1.0000000E-99  1.0000000E-99
 1459  6.0668044E+04  2.9412294E-01  2.3333863E+02  5.1612545E+23  1.3087611E+00  1.0000000E-99  1.0000000E-99
 1460  6.0709654E+04  2.9432466E-01  2.3349867E+02  5.1565810E+23  1.3129220E+00  1.0000000E-99  1.0000000E-99
 1461  6.0751264E+04  2.9452639E-01  2.3365871E+02  5.1519000E+23  1.3171007E+00  1.0000000E-99  1.0000000E-99
 1462  6.0792874E+04  2.9472812E-01  2.3381875E+02  5.1472115E+23  1.3212975E+00  1.0000000E-99  1.0000000E-99
 1463  6.0834484E+04  2.9492985E-01  2.3397879E+02  5.1425155E+23  1.3255124E+00  1.0000000E-99  1.0000000E-99
 1464  6.0876094E+04  2.9513158E-01  2.3413882E+02  5.1378121E+23  1.3297456E+00  1.0000000E-99  1.0000000E-99
 1465  6.0917704E+04  2.9533330E-01  2.3429886E+02  5.1331011E+23  1.3339971E+00  1.0000000E-99  1.0000000E-99
 1466  6.0959314E+04  2.9553503E-01  2.3445890E+02  5.1283825E+23  1.3382670E+00  1.0000000E-99  1.0000000E-99
 1467  6.1000924E+04  2.9573676E-01  2.3461894E+02  5.1236564E+23  1.3425556E+00  1.0000000E-99  1.0000000E-99
 1468  6.1042534E+04  2.9593849E-01  2.3477898E+02  5.1189227E+23  1.3468629E+00  1.0000000E-99  1.0000000E-99
 1469  6.1084144E+04  2.9614022E-01  2.3493902E+02  5.1141813E+23  1.3511890E+00  1.0000000E-99  1.0000000E-99
 1470  6.1125754E+04  2.9634194E-01  2.3509905E+02  5.1094324E+23  1.3555340E+00  1.0000000E-99  1.0000000E-99
 1471  6.1167364E+04  2.9654367E-01  2.3525909E+02  5.1046757E+23  1.3598981E+00  1.0000000E-99  1.0000000E-99
 1472  6.1208974E+04  2.9674540E-01  2.3541913E+02  5.0999114E+23  1.3642814E+00  1.0000000E-99  1.0000000E-99
 1473  6.1250584E+04  2.9694713E-01  2.3557917E+02  5.0951394E+23  1.3686840E+00  1.0000000E-99  1.0000000E-99
 1474  6.1292194E+04  2.9714886E-01  2.3573921E+02  5.0903597E+23  1.3731061E+00  1.0000000E-99  1.0000000E-99
 1475  6.1333804E+04  2.9735058E-01  2.3589924E+02  5.0855722E+23  1.3775477E+00  1.0000000E-99  1.0000000E-99
 1476  6.1375414E+04  2.9755231E-01  2.3605928E+02  5.0807770E+23  1.3820090E+00  1.0000000E-99  1.0000000E-99
 1477  6.1417024E+04  2.9775404E-01  2.3621932E+02  5.0759740E+23  1.3864902E+00  1.0000000E-99  1.0000000E-99
 1478  6.1458634E+04  2.9795577E-01  2.3637936E+02  5.0711632E+23  1.3909913E+00  1.0000000E-99  1.0000000E-99
 1479  6.1500243E+04  2.9815750E-01  2.3653940E+02  5.0663445E+23  1.3955124E+00  1.0000000E-99  1.0000000E-99
 1480  6.1541853E+04  2.9835922E-01  2.3669944E+02  5.0615180E+23  1.4000538E+00  1.0000000E-99  1.0000000E-99
 1481  6.1583463E+04  2.9856095E-01  2.3685947E+02  5.0566836E+23  1.4046156E+00  1.0000000E-99  1.0000000E-99
 1482  6.1625073E+04  2.9876268E-01  2.3701951E+02  5.0518413E+23  1.4091978E+00  1.0000000E-99  1.0000000E-99
 1483  6.1666683E+04  2.9896441E-01  2.3717955E+02  5.0469911E+23  1.4138006E+00  1.0000000E-99  1.0000000E-99
 1484  6.1708293E+04  2.9916614E-01  2.3733959E+02  5.0421330E+23  1.4184242E+00  1.0000000E-99  1.0000000E-99
 1485  6.1749903E+04  2.9936786E-01  2.3749963E+02  5.0372669E+23  1.4230687E+00  1.0000000E-99  1.0000000E-99
 1486  6.1791513E+04  2.9956959E-01  2.3765967E+02  5.0323927E+23  1.4277342E+00  1.0000000E-99  1.0000000E-99
 1487  6.1833123E+04  2.9977132E-01  2.3781970E+02  5.0275106E+23  1.4324208E+00  1.0000000E-99  1.0000000E-99
 1488  6.1874733E+04  2.9997305E-01  2.3797974E+02  5.0226205E+23  1.4371288E+00  1.0000000E-99  1.0000000E-99
 1489  6.1916343E+04  3.0017478E-01  2.3813978E+02  5.0177222E+23  1.4418582E+00  1.0000000E-99  1.0000000E-99
 1490  6.1957953E+04  3.0037650E-01  2.3829982E+02  5.0128159E+23  1.4466092E+00  1.0000000E-99  1.0000000E-99
 1491  6.1999563E+04  3.0057823E-01  2.3845986E+02  5.0079015E+23  1.4513820E+00  1.0000000E-99  1.0000000E-99
 1492  6.2041173E+04  3.0077996E-01  2.3861990E+02  5.0029790E+23  1.4561766E+00  1.0000000E-99  1.0000000E-99
 1493  6.2082783E+04  3.0098169E-01  2.3877993E+02  4.9980483E+23  1.4609933E+00  1.0000000E-99  1.0000000E-99
 1494  6.2124393E+04  3.0118342E-01  2.3893997E+02  4.9931094E+23  1.4658322E+00  1.0000000E-99  1.0000000E-99
 1495  6.2166003E+04  3.0138514E-01  2.3910001E+02  4.9881623E+23  1.4706934E+00  1.0000000E-99  1.0000000E-99
 1496  6.2207613E+04  3.0158687E-01  2.3926005E+02  4.9832070E+23  1.4755770E+00  1.0000000E-99  1.0000000E-99
 1497  6.2249223E+04  3.0178860E-01  2.3942009E+02  4.9782435E+23  1.4804834E+00  1.0000000E-99  1.0000000E-99
 1498  6.2290833E+04  3.0199033E-01  2.3958013E+02  4.9732716E+23  1.4854125E+00  1.0000000E-99  1.0000000E-99
 1499  6.2332443E+04  3.0219206E-01  2.3974016E+02  4.9682915E+23  1.4903645E+00  1.0000000E-99  1.0000000E-99
 1500  6.2374053E+04  3.0239378E-01  2.3990020E+02  4.9633030E+23  1.4953397E+00  1.0000000E-99  1.0000000E-99
 1501  6.2415662E+04  3.0259551E-01  2.4006024E+02  4.9583062E+23  1.5003381E+00  1.0000000E-99  1.0000000E-99
 1502  6.2457272E+04  3.0279724E-01  2.4022028E+02  4.9533010E+23  1.5053599E+00  1.0000000E-99  1.0000000E-99
 1503  6.2498882E+04  3.0299897E-01  2.4038032E+02  4.9482874E+23  1.5104054E+00  1.0000000E-99  1.0000000E-99
 1504  6.2540492E+04  3.0320069E-01  2.4054036E+02  4.9432653E+23  1.5154746E+00  1.0000000E-99  1.0000000E-99
 1505  6.2582102E+04  3.0340242E-01  2.4070039E+02  4.9382349E+23  1.5205677E+00  1.0000000E-99  1.0000000E-99
 1506  6.2623712E+04  3.0360415E-01  2.4086043E+02  4.9331959E+23  1.5256848E+00  1.0000000E-99  1.0000000E-99
 1507  6.2665322E+04  3.0380588E-01  2.4102047E+02  4.9281484E+23  1.5308263E+00  1.0000000E-99  1.0000000E-99
 1508  6.2706932E+04  3.0400761E-01  2.4118051E+02  4.9230924E+23  1.5359921E+00  1.0000000E-99  1.0000000E-99
 1509  6.2748542E+04  3.0420933E-01  2.4134055E+02  4.9180278E+23  1.5411825E+00  1.0000000E-99  1.0000000E-99
 1510  6.2790152E+04  3.0441106E-01  2.4150058E+02  4.9129547E+23  1.5463977E+00  1.0000000E-99  1.0000000E-99
 1511  6.2831762E+04  3.0461279E-01  2.4166062E+02  4.9078729E+23  1.5516378E+00  1.0000000E-99  1.0000000E-99
 1512  6.2873372E+04  3.0481452E-01  2.4182066E+02  4.9027825E+23  1.5569031E+00  1.0000000E-99  1.0000000E-99
 1513  6.2914982E+04  3.0501625E-01  2.4198070E+02  4.8976834E+23  1.5621936E+00  1.0000000E-99  1.0000000E-99
 1514  6.2956592E+04  3.0521797E-01  2.4214074E+02  4.8925757E+23  1.5675096E+00  1.0000000E-99  1.0000000E-99
 1515  6.2998202E+04  3.0541970E-01  2.4230078E+02  4.8874592E+23  1.5728512E+00  1.0000000E-99  1.0000000E-99
 1516  6.3039812E+04  3.0562143E-01  2.4246081E+02  4.8823339E+23  1.5782187E+00  1.0000000E-99  1.0000000E-99
 1517  6.3081422E+04  3.0582316E-01  2.4262085E+02  4.8771999E+23  1.5836121E+00  1.0000000E-99  1.0000000E-99
 1518  6.3123032E+04  3.0602489E-01  2.4278089E+02  4.8720571E+23  1.5890318E+00  1.0000000E-99  1.0000000E-99
 1519  6.3164642E+04  3.0622661E-01  2.4294093E+02  4.8669055E+23  1.5944779E+00  1.0000000E-99  1.0000000E-99
 1520  6.3206252E+04  3.0642834E-01  2.4310097E+02  4.8617450E+23  1.5999505E+00  1.0000000E-99  1.0000000E-99
 1521  6.3247862E+04  3.0663007E-01  2.4326101E+02  4.8565756E+23  1.6054499E+00  1.0000000E-99  1.0000000E-99
 1522  6.3289471E+04  3.0683180E-01  2.4342104E+02  4.8513973E+23  1.6109763E+00  1.0000000E-99  1.0000000E-99
 1523  6.3331081E+04  3.0703353E-01  2.4358108E+02  4.8462100E+23  1.6165298E+00  1.0000000E-99  1.0000000E-99
 1524  6.3372691E+04  3.0723525E-01  2.4374112E+02  4.8410138E+23  1.6221107E+00  1.0000000E-99  1.0000000E-99
 1525  6.3414301E+04  3.0743698E-01  2.4390116E+02  4.8358086E+23  1.6277191E+00  1.0000000E-99  1.0000000E-99
 1526  6.3455911E+04  3.0763871E-01  2.4406120E+02  4.8305943E+23  1.6333553E+00  1.0000000E-99  1.0000000E-99
 1527  6.3497521E+04  3.0784044E-01  2.4422124E+02  4.8253710E+23  1.6390195E+00  1.0000000E-99  1.0000000E-99
 1528  6.3539131E+04  3.0804217E-01  2.4438127E+02  4.8201386E+23  1.6447118E+00  1.0000000E-99  1.0000000E-99
 1529  6.3580741E+04  3.0824389E-01  2.4454131E+02  4.8148971E+23  1.6504325E+00  1.0000000E-99  1.0000000E-99
 1530  6.3622351E+04  3.0844562E-01  2.4470135E+02  4.8096464E+23  1.6561817E+00  1.0000000E-99  1.0000000E-99
 1531  6.3663961E+04  3.0864735E-01  2.4486139E+02  4.8043866E+23  1.6619598E+00  1.0000000E-99  1.0000000E-99
 1532  6.3705571E+04  3.0884908E-01  2.4502143E+02  4.7991175E+23  1.6677668E+00  1.0000000E-99  1.0000000E-99
 1533  6.3747181E+04  3.0905081E-01  2.4518147E+02  4.7938392E+23  1.6736031E+00  1.0000000E-99  1.0000000E-99
 1534  6.3788791E+04  3.0925253E-01  2.4534150E+02  4.7885516E+23  1.6794688E+00  1.0000000E-99  1.0000000E-99
 1535  6.3830401E+04  3.0945426E-01  2.4550154E+02  4.7832548E+23  1.6853641E+00  1.0000000E-99  1.0000000E-99
 1536  6.3872011E+04  3.0965599E-01  2.4566158E+02  4.7779486E+23  1.6912894E+00  1.0000000E-99  1.0000000E-99
 1537  6.3913621E+04  3.0985772E-01  2.4582162E+02  4.7726330E+23  1.6972447E+00  1.0000000E-99  1.0000000E-99
 1538  6.3955231E+04  3.1005945E-01  2.4598166E+02  4.7673080E+23  1.7032304E+00  1.0000000E-99  1.0000000E-99
 1539  6.3996841E+04  3.1026117E-01  2.4614169E+02  4.7619736E+23  1.7092466E+00  1.0000000E-99  1.0000000E-99
 1540  6.4038451E+04  3.1046290E-01  2.4630173E+02  4.7566298E+23  1.7152935E+00  1.0000000E-99  1.0000000E-99
 1541  6.4080061E+04  3.1066463E-01  2.4646177E+02  4.7512765E+23  1.7213716E+00  1.0000000E-99  1.0000000E-99
 1542  6.4121671E+04  3.1086636E-01  2.4662181E+02  4.7459136E+23  1.7274808E+00  1.0000000E-99  1.0000000E-99
 1543  6.4163280E+04  3.1106809E-01  2.4678185E+02  4.7405412E+23  1.7336216E+00  1.0000000E-99  1.0000000E-99
 1544  6.4204890E+04  3.1126981E-01  2.4694189E+02  4.7351592E+23  1.7397940E+00  1.0000000E-99  1.0000000E-99
 1545  6.4246500E+04  3.1147154E-01  2.4710192E+02  4.7297676E+23  1.7459985E+00  1.0000000E-99  1.0000000E-99
 1546  6.4288110E+04  3.1167327E-01  2.4726196E+02  4.7243663E+23  1.7522352E+00  1.0000000E-99  1.0000000E-99
 1547  6.4329720E+04  3.1187500E-01  2.4742200E+02  4.7189553E+23  1.7585043E+00  1.0000000E-99  1.0000000E-99
 1548  6.4371330E+04  3.1207673E-01  2.4758204E+02  4.7135347E+23  1.7648062E+00  1.0000000E-99  1.0000000E-99
 1549  6.4412940E+04  3.1227845E-01  2.4774208E+02  4.7081042E+23  1.7711410E+00  1.0000000E-99  1.0000000E-99
 1550  6.4454550E+04  3.1248018E-01  2.4790212E+02  4.7026640E+23  1.7775090E+00  1.0000000E-99  1.0000000E-99
 1551  6.4496160E+04  3.1268191E-01  2.4806215E+02  4.6972140E+23  1.7839106E+00  1.0000000E-99  1.0000000E-99
 1552  6.4537770E+04  3.1288364E-01  2.4822219E+02  4.6917541E+23  1.7903458E+00  1.0000000E-99  1.0000000E-99
 1553  6.4579380E+04  3.1308537E-01  2.4838223E+02  4.6862843E+23  1.7968151E+00  1.0000000E-99  1.0000000E-99
 1554  6.4620990E+04  3.1328709E-01  2.4854227E+02  4.6808046E+23  1.8033187E+00  1.0000000E-99  1.0000000E-99
 1555  6.4662600E+04  3.1348882E-01  2.4870231E+02  4.6753150E+23  1.8098567E+00  1.0000000E-99  1.0000000E-99
 1556  6.4704210E+04  3.1369055E-01  2.4886235E+02  4.6698153E+23  1.8164297E+00  1.0000000E-99  1.0000000E-99
 1557  6.4745820E+04  3.1389228E-01  2.4902238E+02  4.6643057E+23  1.8230377E+00  1.0000000E-99  1.0000000E-99
 1558  6.4787430E+04  3.1409401E-01  2.4918242E+02  4.6587859E+23  1.8296810E+00  1.0000000E-99  1.0000000E-99
 1559  6.4829040E+04  3.1429573E-01  2.4934246E+02  4.6532561E+23  1.8363600E+00  1.0000000E-99  1.0000000E-99
 1560  6.4870650E+04  3.1449746E-01  2.4950250E+02  4.6477161E+23  1.8430750E+00  1.0000000E-99  1.0000000E-99
 1561  6.4912260E+04  3.1469919E-01  2.4966254E+02  4.6421659E+23  1.8498261E+00  1.0000000E-99  1.0000000E-99
 1562  6.4953870E+04  3.1490092E-01  2.4982258E+02  4.6366056E+23  1.8566138E+00  1.0000000E-99  1.0000000E-99
 1563  6.4995480E+04  3.1510265E-01  2.4998261E+02  4.6310350E+23  1.8634382E+00  1.0000000E-99  1.0000000E-99
 1564  6.5037090E+04  3.1530437E-01  2.5014265E+02  4.6254541E+23  1.8702998E+00  1.0000000E-99  1.0000000E-99
 1565  6.5078699E+04  3.1550610E-01  2.5030269E+02  4.6198629E+23  1.8771987E+00  1.0000000E-99  1.0000000E-99
 1566  6.5120309E+04  3.1570783E-01  2.5046273E+02  4.6142613E+23  1.8841354E+00  1.0000000E-99  1.0000000E-99
 1567  6.5161919E+04  3.1590956E-01  2.5062277E+02  4.6086493E+23  1.8911100E+00  1.0000000E-99  1.0000000E-99
 1568  6.5203529E+04  3.1611129E-01  2.5078281E+02  4.6030269E+23  1.8981229E+00  1.0000000E-99  1.0000000E-99
 1569  6.5245139E+04  3.1631301E-01  2.5094284E+02  4.5973941E+23  1.9051745E+00  1.0000000E-99  1.0000000E-99
 1570  6.5286749E+04  3.1651474E-01  2.5110288E+02  4.5917507E+23  1.9122650E+00  1.0000000E-99  1.0000000E-99
 1571  6.5328359E+04  3.1671647E-01  2.5126292E+02  4.5860968E+23  1.9193948E+00  1.0000000E-99  1.0000000E-99
 1572  6.5369969E+04  3.1691820E-01  2.5142296E+02  4.5804323E+23  1.9265641E+00  1.0000000E-99  1.0000000E-99
 1573  6.5411579E+04  3.1711993E-01  2.5158300E+02  4.5747571E+23  1.9337734E+00  1.0000000E-99  1.0000000E-99
 1574  6.5453189E+04  3.1732165E-01  2.5174303E+02  4.5690713E+23  1.9410229E+00  1.0000000E-99  1.0000000E-99
 1575  6.5494799E+04  3.1752338E-01  2.5190307E+02  4.5633748E+23  1.9483129E+00  1.0000000E-99  1.0000000E-99
 1576  6.5536409E+04  3.1772511E-01  2.5206311E+02  4.5576675E+23  1.9556439E+00  1.0000000E-99  1.0000000E-99
 1577  6.5578019E+04  3.1792684E-01  2.5222315E+02  4.5519495E+23  1.9630161E+00  1.0000000E-99  1.0000000E-99
 1578  6.5619629E+04  3.1812856E-01  2.5238319E+02  4.5462206E+23  1.9704299E+00  1.0000000E-99  1.0000000E-99
 1579  6.5661239E+04  3.1833029E-01  2.5254323E+02  4.5404808E+23  1.9778856E+00  1.0000000E-99  1.0000000E-99
 1580  6.5702849E+04  3.1853202E-01  2.5270326E+02  4.5347302E+23  1.9853836E+00  1.0000000E-99  1.0000000E-99
 1581  6.5744459E+04  3.1873375E-01  2.5286330E+02  4.5289686E+23  1.9929243E+00  1.0000000E-99  1.0000000E-99
 1582  6.5786069E+04  3.1893548E-01  2.5302334E+02  4.5231960E+23  2.0005080E+00  1.0000000E-99  1.0000000E-99
 1583  6.5827679E+04  3.1913720E-01  2.5318338E+02  4.5174123E+23  2.0081351E+00  1.0000000E-99  1.0000000E-99
 1584  6.5869289E+04  3.1933893E-01  2.5334342E+02  4.5116176E+23  2.0158058E+00  1.0000000E-99  1.0000000E-99
 1585  6.5910899E+04  3.1954066E-01  2.5350346E+02  4.5058118E+23  2.0235208E+00  1.0000000E-99  1.0000000E-99
 1586  6.5952508E+04  3.1974239E-01  2.5366349E+02  4.4999948E+23  2.0312802E+00  1.0000000E-99  1.0000000E-99
 1587  6.5994118E+04  3.1994412E-01  2.5382353E+02  4.4941666E+23  2.0390844E+00  1.0000000E-99  1.0000000E-99
 1588  6.6035728E+04  3.2014584E-01  2.5398357E+02  4.4883271E+23  2.0469339E+00  1.0000000E-99  1.0000000E-99
 1589  6.6077338E+04  3.2034757E-01  2.5414361E+02  4.4824763E+23  2.0548291E+00  1.0000000E-99  1.0000000E-99
 1590  6.6118948E+04  3.2054930E-01  2.5430365E+02  4.4766142E+23  2.0627703E+00  1.0000000E-99  1.0000000E-99
 1591  6.6160558E+04  3.2075103E-01  2.5446369E+02  4.4707408E+23  2.0707580E+00  1.0000000E-99  1.0000000E-99
 1592  6.6202168E+04  3.2095276E-01  2.5462372E+02  4.4648559E+23  2.0787925E+00  1.0000000E-99  1.0000000E-99
 1593  6.6243778E+04  3.2115448E-01  2.5478376E+02  4.4589595E+23  2.0868743E+00  1.0000000E-99  1.0000000E-99
 1594  6.6285388E+04  3.2135621E-01  2.5494380E+02  4.4530516E+23  2.0950037E+00  1.0000000E-99  1.0000000E-99
 1595  6.6326998E+04  3.2155794E-01  2.5510384E+02  4.4471321E+23  2.1031812E+00  1.0000000E-99  1.0000000E-99
 1596  6.6368608E+04  3.2175967E-01  2.5526388E+02  4.4412010E+23  2.1114072E+00  1.0000000E-99  1.0000000E-99
 1597  6.6410218E+04  3.2196140E-01  2.5542392E+02  4.4352583E+23  2.1196822E+00  1.0000000E-99  1.0000000E-99
 1598  6.6451828E+04  3.2216312E-01  2.5558395E+02  4.4293038E+23  2.1280065E+00  1.0000000E-99  1.0000000E-99
 1599  6.6493438E+04  3.2236485E-01  2.5574399E+02  4.4233376E+23  2.1363806E+00  1.0000000E-99  1.0000000E-99
 1600  6.6535048E+04  3.2256658E-01  2.5590403E+02  4.4173596E+23  2.1448050E+00  1.0000000E-99  1.0000000E-99
 1601  6.6576658E+04  3.2276831E-01  2.5606407E+02  4.4113698E+23  2.1532801E+00  1.0000000E-99  1.0000000E-99
 1602  6.6618268E+04  3.2297004E-01  2.5622411E+02  4.4053680E+23  2.1618063E+00  1.0000000E-99  1.0000000E-99
 1603  6.6659878E+04  3.2317176E-01  2.5638414E+02  4.3993544E+23  2.1703841E+00  1.0000000E-99  1.0000000E-99
 1604  6.6701488E+04  3.2337349E-01  2.5654418E+02  4.3933287E+23  2.1790141E+00  1.0000000E-99  1.0000000E-99
 1605  6.6743098E+04  3.2357522E-01  2.5670422E+02  4.3872909E+23  2.1876965E+00  1.0000000E-99  1.0000000E-99
 1606  6.6784708E+04  3.2377695E-01  2.5686426E+02  4.3812411E+23  2.1964320E+00  1.0000000E-99  1.0000000E-99
 1607  6.6826318E+04  3.2397868E-01  2.5702430E+02  4.3751792E+23  2.2052210E+00  1.0000000E-99  1.0000000E-99
 1608  6.6867927E+04  3.2418040E-01  2.5718434E+02  4.3691050E+23  2.2140640E+00  1.0000000E-99  1.0000000E-99
 1609  6.6909537E+04  3.2438213E-01  2.5734437E+02  4.3630186E+23  2.2229615E+00  1.0000000E-99  1.0000000E-99
 1610  6.6951147E+04  3.2458386E-01  2.5750441E+02  4.3569199E+23  2.2319140E+00  1.0000000E-99  1.0000000E-99
 1611  6.6992757E+04  3.2478559E-01  2.5766445E+02  4.3508088E+23  2.2409219E+00  1.0000000E-99  1.0000000E-99
 1612  6.7034367E+04  3.2498732E-01  2.5782449E+02  4.3446854E+23  2.2499859E+00  1.0000000E-99  1.0000000E-99
 1613  6.7075977E+04  3.2518904E-01  2.5798453E+02  4.3385495E+23  2.2591064E+00  1.0000000E-99  1.0000000E-99
 1614  6.7117587E+04  3.2539077E-01  2.5814457E+02  4.3324011E+23  2.2682839E+00  1.0000000E-99  1.0000000E-99
 1615  6.7159197E+04  3.2559250E-01  2.5830460E+02  4.3262401E+23  2.2775191E+00  1.0000000E-99  1.0000000E-99
 1616  6.7200807E+04  3.2579423E-01  2.5846464E+02  4.3200665E+23  2.2868123E+00  1.0000000E-99  1.0000000E-99
 1617  6.7242417E+04  3.2599596E-01  2.5862468E+02  4.3138803E+23  2.2961642E+00  1.0000000E-99  1.0000000E-99
 1618  6.7284027E+04  3.2619768E-01  2.5878472E+02  4.3076813E+23  2.3055754E+00  1.0000000E-99  1.0000000E-99
 1619  6.7325637E+04  3.2639941E-01  2.5894476E+02  4.3014696E+23  2.3150463E+00  1.0000000E-99  1.0000000E-99
 1620  6.7367247E+04  3.2660114E-01  2.5910480E+02  4.2952450E+23  2.3245775E+00  1.0000000E-99  1.0000000E-99
 1621  6.7408857E+04  3.2680287E-01  2.5926483E+02  4.2890075E+23  2.3341697E+00  1.0000000E-99  1.0000000E-99
 1622  6.7450467E+04  3.2700460E-01  2.5942487E+02  4.2827571E+23  2.3438234E+00  1.0000000E-99  1.0000000E-99
 1623  6.7492077E+04  3.2720632E-01  2.5958491E+02  4.2764937E+23  2.3535391E+00  1.0000000E-99  1.0000000E-99
 1624  6.7533687E+04  3.2740805E-01  2.5974495E+02  4.2702172E+23  2.3633175E+00  1.0000000E-99  1.0000000E-99
 1625  6.7575297E+04  3.2760978E-01  2.5990499E+02  4.2639276E+23  2.3731592E+00  1.0000000E-99  1.0000000E-99
 1626  6.7616907E+04  3.2781151E-01  2.6006503E+02  4.2576249E+23  2.3830648E+00  1.0000000E-99  1.0000000E-99
 1627  6.7658517E+04  3.2801324E-01  2.6022506E+02  4.2513089E+23  2.3930349E+00  1.0000000E-99  1.0000000E-99
 1628  6.7700127E+04  3.2821496E-01  2.6038510E+02  4.2449796E+23  2.4030702E+00  1.0000000E-99  1.0000000E-99
 1629  6.7741736E+04  3.2841669E-01  2.6054514E+02  4.2386370E+23  2.4131712E+00  1.0000000E-99  1.0000000E-99
 1630  6.7783346E+04  3.2861842E-01  2.6070518E+02  4.2322809E+23  2.4233386E+00  1.0000000E-99  1.0000000E-99
 1631  6.7824956E+04  3.2882015E-01  2.6086522E+02  4.2259114E+23  2.4335731E+00  1.0000000E-99  1.0000000E-99
 1632  6.7866566E+04  3.2902188E-01  2.6102526E+02  4.2195284E+23  2.4438753E+00  1.0000000E-99  1.0000000E-99
 1633  6.7908176E+04  3.2922360E-01  2.6118529E+02  4.2131317E+23  2.4542459E+00  1.0000000E-99  1.0000000E-99
 1634  6.7949786E+04  3.2942533E-01  2.6134533E+02  4.2067214E+23  2.4646856E+00  1.0000000E-99  1.0000000E-99
 1635  6.7991396E+04  3.2962706E-01  2.6150537E+02  4.2002974E+23  2.4751950E+00  1.0000000E-99  1.0000000E-99
 1636  6.8033006E+04  3.2982879E-01  2.6166541E+02  4.1938596E+23  2.4857749E+00  1.0000000E-99  1.0000000E-99
 1637  6.8074616E+04  3.3003052E-01  2.6182545E+02  4.1874080E+23  2.4964259E+00  1.0000000E-99  1.0000000E-99
 1638  6.8116226E+04  3.3023224E-01  2.6198548E+02  4.1809424E+23  2.5071489E+00  1.0000000E-99  1.0000000E-99
 1639  6.8157836E+04  3.3043397E-01  2.6214552E+02  4.1744629E+23  2.5179444E+00  1.0000000E-99  1.0000000E-99
 1640  6.8199446E+04  3.3063570E-01  2.6230556E+02  4.1679693E+23  2.5288132E+00  1.0000000E-99  1.0000000E-99
 1641  6.8241056E+04  3.3083743E-01  2.6246560E+02  4.1614616E+23  2.5397561E+00  1.0000000E-99  1.0000000E-99
 1642  6.8282666E+04  3.3103916E-01  2.6262564E+02  4.1549398E+23  2.5507739E+00  1.0000000E-99  1.0000000E-99
 1643  6.8324276E+04  3.3124088E-01  2.6278568E+02  4.1484037E+23  2.5618672E+00  1.0000000E-99  1.0000000E-99
 1644  6.8365886E+04  3.3144261E-01  2.6294571E+02  4.1418533E+23  2.5730369E+00  1.0000000E-99  1.0000000E-99
 1645  6.8407496E+04  3.3164434E-01  2.6310575E+02  4.1352885E+23  2.5842838E+00  1.0000000E-99  1.0000000E-99
 1646  6.8449106E+04  3.3184607E-01  2.6326579E+02  4.1287093E+23  2.5956086E+00  1.0000000E-99  1.0000000E-99
 1647  6.8490716E+04  3.3204780E-01  2.6342583E+02  4.1221156E+23  2.6070121E+00  1.0000000E-99  1.0000000E-99
 1648  6.8532326E+04  3.3224952E-01  2.6358587E+02  4.1155073E+23  2.6184952E+00  1.0000000E-99  1.0000000E-99
 1649  6.8573936E+04  3.3245125E-01  2.6374591E+02  4.1088844E+23  2.6300587E+00  1.0000000E-99  1.0000000E-99
 1650  6.8615546E+04  3.3265298E-01  2.6390594E+02  4.1022467E+23  2.6417035E+00  1.0000000E-99  1.0000000E-99
 1651  6.8657155E+04  3.3285471E-01  2.6406598E+02  4.0955943E+23  2.6534303E+00  1.0000000E-99  1.0000000E-99
 1652  6.8698765E+04  3.3305643E-01  2.6422602E+02  4.0889269E+23  2.6652402E+00  1.0000000E-99  1.0000000E-99
 1653  6.8740375E+04  3.3325816E-01  2.6438606E+02  4.0822447E+23  2.6771338E+00  1.0000000E-99  1.0000000E-99
 1654  6.8781985E+04  3.3345989E-01  2.6454610E+02  4.0755474E+23  2.6891122E+00  1.0000000E-99  1.0000000E-99
 1655  6.8823595E+04  3.3366162E-01  2.6470614E+02  4.0688350E+23  2.7011762E+00  1.0000000E-99  1.0000000E-99
 1656  6.8865205E+04  3.3386335E-01  2.6486617E+02  4.0621075E+23  2.7133267E+00  1.0000000E-99  1.0000000E-99
 1657  6.8906815E+04  3.3406507E-01  2.6502621E+02  4.0553647E+23  2.7255647E+00  1.0000000E-99  1.0000000E-99
 1658  6.8948425E+04  3.3426680E-01  2.6518625E+02  4.0486066E+23  2.7378911E+00  1.0000000E-99  1.0000000E-99
 1659  6.8990035E+04  3.3446853E-01  2.6534629E+02  4.0418332E+23  2.7503069E+00  1.0000000E-99  1.0000000E-99
 1660  6.9031645E+04  3.3467026E-01  2.6550633E+02  4.0350442E+23  2.7628130E+00  1.0000000E-99  1.0000000E-99
 1661  6.9073255E+04  3.3487199E-01  2.6566637E+02  4.0282397E+23  2.7754104E+00  1.0000000E-99  1.0000000E-99
 1662  6.9114865E+04  3.3507371E-01  2.6582640E+02  4.0214196E+23  2.7881001E+00  1.0000000E-99  1.0000000E-99
 1663  6.9156475E+04  3.3527544E-01  2.6598644E+02  4.0145838E+23  2.8008832E+00  1.0000000E-99  1.0000000E-99
 1664  6.9198085E+04  3.3547717E-01  2.6614648E+02  4.0077322E+23  2.8137606E+00  1.0000000E-99  1.0000000E-99
 1665  6.9239695E+04  3.3567890E-01  2.6630652E+02  4.0008648E+23  2.8267334E+00  1.0000000E-99  1.0000000E-99
 1666  6.9281305E+04  3.3588063E-01  2.6646656E+02  3.9939814E+23  2.8398027E+00  1.0000000E-99  1.0000000E-99
 1667  6.9322915E+04  3.3608235E-01  2.6662660E+02  3.9870819E+23  2.8529694E+00  1.0000000E-99  1.0000000E-99
 1668  6.9364525E+04  3.3628408E-01  2.6678663E+02  3.9801664E+23  2.8662348E+00  1.0000000E-99  1.0000000E-99
 1669  6.9406135E+04  3.3648581E-01  2.6694667E+02  3.9732346E+23  2.8795999E+00  1.0000000E-99  1.0000000E-99
 1670  6.9447745E+04  3.3668754E-01  2.6710671E+02  3.9662866E+23  2.8930658E+00  1.0000000E-99  1.0000000E-99
 1671  6.9489355E+04  3.3688927E-01  2.6726675E+02  3.9593222E+23  2.9066337E+00  1.0000000E-99  1.0000000E-99
 1672  6.9530964E+04  3.3709099E-01  2.6742679E+02  3.9523414E+23  2.9203047E+00  1.0000000E-99  1.0000000E-99
 1673  6.9572574E+04  3.3729272E-01  2.6758682E+02  3.9453440E+23  2.9340800E+00  1.0000000E-99  1.0000000E-99
 1674  6.9614184E+04  3.3749445E-01  2.6774686E+02  3.9383299E+23  2.9479608E+00  1.0000000E-99  1.0000000E-99
 1675  6.9655794E+04  3.3769618E-01  2.6790690E+02  3.9312992E+23  2.9619484E+00  1.0000000E-99  1.0000000E-99
 1676  6.9697404E+04  3.3789791E-01  2.6806694E+02  3.9242517E+23  2.9760438E+00  1.0000000E-99  1.0000000E-99
 1677  6.9739014E+04  3.3809963E-01  2.6822698E+02  3.9171872E+23  2.9902484E+00  1.0000000E-99  1.0000000E-99
 1678  6.9780624E+04  3.3830136E-01  2.6838702E+02  3.9101058E+23  3.0045635E+00  1.0000000E-99  1.0000000E-99
 1679  6.9822234E+04  3.3850309E-01  2.6854705E+02  3.9030072E+23  3.0189902E+00  1.0000000E-99  1.0000000E-99
 1680  6.9863844E+04  3.3870482E-01  2.6870709E+02  3.8958915E+23  3.0335300E+00  1.0000000E-99  1.0000000E-99
 1681  6.9905454E+04  3.3890655E-01  2.6886713E+02  3.8887586E+23  3.0481842E+00  1.0000000E-99  1.0000000E-99
 1682  6.9947064E+04  3.3910827E-01  2.6902717E+02  3.8816082E+23  3.0629541E+00  1.0000000E-99  1.0000000E-99
 1683  6.9988674E+04  3.3931000E-01  2.6918721E+02  3.8744404E+23  3.0778410E+00  1.0000000E-99  1.0000000E-99
 1684  7.0030284E+04  3.3951173E-01  2.6934725E+02  3.8672551E+23  3.0928464E+00  1.0000000E-99  1.0000000E-99
 1685  7.0071894E+04  3.3971346E-01  2.6950728E+02  3.8600520E+23  3.1079717E+00  1.0000000E-99  1.0000000E-99
 1686  7.0113504E+04  3.3991519E-01  2.6966732E+02  3.8528313E+23  3.1232182E+00  1.0000000E-99  1.0000000E-99
 1687  7.0155114E+04  3.4011691E-01  2.6982736E+02  3.8455926E+23  3.1385876E+00  1.0000000E-99  1.0000000E-99
 1688  7.0196724E+04  3.4031864E-01  2.6998740E+02  3.8383360E+23  3.1540811E+00  1.0000000E-99  1.0000000E-99
 1689  7.0238334E+04  3.4052037E-01  2.7014744E+02  3.8310614E+23  3.1697005E+00  1.0000000E-99  1.0000000E-99
 1690  7.0279944E+04  3.4072210E-01  2.7030748E+02  3.8237686E+23  3.1854471E+00  1.0000000E-99  1.0000000E-99
 1691  7.0321554E+04  3.4092383E-01  2.7046751E+02  3.8164575E+23  3.2013225E+00  1.0000000E-99  1.0000000E-99
 1692  7.0363164E+04  3.4112555E-01  2.7062755E+02  3.8091280E+23  3.2173283E+00  1.0000000E-99  1.0000000E-99
 1693  7.0404774E+04  3.4132728E-01  2.7078759E+02  3.8017801E+23  3.2334662E+00  1.0000000E-99  1.0000000E-99
 1694  7.0446383E+04  3.4152901E-01  2.7094763E+02  3.7944136E+23  3.2497376E+00  1.0000000E-99  1.0000000E-99
 1695  7.0487993E+04  3.4173074E-01  2.7110767E+02  3.7870284E+23  3.2661444E+00  1.0000000E-99  1.0000000E-99
 1696  7.0529603E+04  3.4193247E-01  2.7126771E+02  3.7796243E+23  3.2826882E+00  1.0000000E-99  1.0000000E-99
 1697  7.0571213E+04  3.4213419E-01  2.7142774E+02  3.7722014E+23  3.2993707E+00  1.0000000E-99  1.0000000E-99
 1698  7.0612823E+04  3.4233592E-01  2.7158778E+02  3.7647594E+23  3.3161936E+00  1.0000000E-99  1.0000000E-99
 1699  7.0654433E+04  3.4253765E-01  2.7174782E+02  3.7572983E+23  3.3331588E+00  1.0000000E-99  1.0000000E-99
 1700  7.0696043E+04  3.4273938E-01  2.7190786E+02  3.7498180E+23  3.3502679E+00  1.0000000E-99  1.0000000E-99
 1701  7.0737653E+04  3.4294111E-01  2.7206790E+02  3.7423183E+23  3.3675230E+00  1.0000000E-99  1.0000000E-99
 1702  7.0779263E+04  3.4314283E-01  2.7222793E+02  3.7347991E+23  3.3849257E+00  1.0000000E-99  1.0000000E-99
 1703  7.0820873E+04  3.4334456E-01  2.7238797E+02  3.7272603E+23  3.4024780E+00  1.0000000E-99  1.0000000E-99
 1704  7.0862483E+04  3.4354629E-01  2.7254801E+02  3.7197017E+23  3.4201819E+00  1.0000000E-99  1.0000000E-99
 1705  7.0904093E+04  3.4374802E-01  2.7270805E+02  3.7121233E+23  3.4380393E+00  1.0000000E-99  1.0000000E-99
 1706  7.0945703E+04  3.4394975E-01  2.7286809E+02  3.7045250E+23  3.4560522E+00  1.0000000E-99  1.0000000E-99
 1707  7.0987313E+04  3.4415147E-01  2.7302813E+02  3.6969066E+23  3.4742226E+00  1.0000000E-99  1.0000000E-99
 1708  7.1028923E+04  3.4435320E-01  2.7318816E+02  3.6892679E+23  3.4925526E+00  1.0000000E-99  1.0000000E-99
 1709  7.1070533E+04  3.4455493E-01  2.7334820E+02  3.6816089E+23  3.5110443E+00  1.0000000E-99  1.0000000E-99
 1710  7.1112143E+04  3.4475666E-01  2.7350824E+02  3.6739295E+23  3.5296999E+00  1.0000000E-99  1.0000000E-99
 1711  7.1153753E+04  3.4495839E-01  2.7366828E+02  3.6662294E+23  3.5485215E+00  1.0000000E-99  1.0000000E-99
 1712  7.1195363E+04  3.4516011E-01  2.7382832E+02  3.6585087E+23  3.5675112E+00  1.0000000E-99  1.0000000E-99
 1713  7.1236973E+04  3.4536184E-01  2.7398836E+02  3.6507670E+23  3.5866715E+00  1.0000000E-99  1.0000000E-99
 1714  7.1278583E+04  3.4556357E-01  2.7414839E+02  3.6430044E+23  3.6060046E+00  1.0000000E-99  1.0000000E-99
 1715  7.1320192E+04  3.4576530E-01  2.7430843E+02  3.6352207E+23  3.6255128E+00  1.0000000E-99  1.0000000E-99
 1716  7.1361802E+04  3.4596703E-01  2.7446847E+02  3.6274157E+23  3.6451984E+00  1.0000000E-99  1.0000000E-99
 1717  7.1403412E+04  3.4616875E-01  2.7462851E+02  3.6195893E+23  3.6650640E+00  1.0000000E-99  1.0000000E-99
 1718  7.1445022E+04  3.4637048E-01  2.7478855E+02  3.6117413E+23  3.6851120E+00  1.0000000E-99  1.0000000E-99
 1719  7.1486632E+04  3.4657221E-01  2.7494859E+02  3.6038717E+23  3.7053449E+00  1.0000000E-99  1.0000000E-99
 1720  7.1528242E+04  3.4677394E-01  2.7510862E+02  3.5959803E+23  3.7257653E+00  1.0000000E-99  1.0000000E-99
 1721  7.1569852E+04  3.4697567E-01  2.7526866E+02  3.5880669E+23  3.7463757E+00  1.0000000E-99  1.0000000E-99
 1722  7.1611462E+04  3.4717739E-01  2.7542870E+02  3.5801314E+23  3.7671788E+00  1.0000000E-99  1.0000000E-99
 1723  7.1653072E+04  3.4737912E-01  2.7558874E+02  3.5721737E+23  3.7881774E+00  1.0000000E-99  1.0000000E-99
 1724  7.1694682E+04  3.4758085E-01  2.7574878E+02  3.5641935E+23  3.8093742E+00  1.0000000E-99  1.0000000E-99
 1725  7.1736292E+04  3.4778258E-01  2.7590882E+02  3.5561908E+23  3.8307720E+00  1.0000000E-99  1.0000000E-99
 1726  7.1777902E+04  3.4798431E-01  2.7606885E+02  3.5481653E+23  3.8523736E+00  1.0000000E-99  1.0000000E-99
 1727  7.1819512E+04  3.4818603E-01  2.7622889E+02  3.5401171E+23  3.8741820E+00  1.0000000E-99  1.0000000E-99
 1728  7.1861122E+04  3.4838776E-01  2.7638893E+02  3.5320457E+23  3.8962001E+00  1.0000000E-99  1.0000000E-99
 1729  7.1902732E+04  3.4858949E-01  2.7654897E+02  3.5239513E+23  3.9184310E+00  1.0000000E-99  1.0000000E-99
 1730  7.1944342E+04  3.4879122E-01  2.7670901E+02  3.5158334E+23  3.9408778E+00  1.0000000E-99  1.0000000E-99
 1731  7.1985952E+04  3.4899294E-01  2.7686905E+02  3.5076921E+23  3.9635436E+00  1.0000000E-99  1.0000000E-99
 1732  7.2027562E+04  3.4919467E-01  2.7702908E+02  3.4995271E+23  3.9864316E+00  1.0000000E-99  1.0000000E-99
 1733  7.2069172E+04  3.4939640E-01  2.7718912E+02  3.4913383E+23  4.0095451E+00  1.0000000E-99  1.0000000E-99
 1734  7.2110782E+04  3.4959813E-01  2.7734916E+02  3.4831255E+23  4.0328874E+00  1.0000000E-99  1.0000000E-99
 1735  7.2152392E+04  3.4979986E-01  2.7750920E+02  3.4748885E+23  4.0564620E+00  1.0000000E-99  1.0000000E-99
 1736  7.2194001E+04  3.5000158E-01  2.7766924E+02  3.4666272E+23  4.0802722E+00  1.0000000E-99  1.0000000E-99
 1737  7.2235611E+04  3.5020331E-01  2.7782927E+02  3.4583413E+23  4.1043217E+00  1.0000000E-99  1.0000000E-99
 1738  7.2277221E+04  3.5040504E-01  2.7798931E+02  3.4500308E+23  4.1286141E+00  1.0000000E-99  1.0000000E-99
 1739  7.2318831E+04  3.5060677E-01  2.7814935E+02  3.4416954E+23  4.1531530E+00  1.0000000E-99  1.0000000E-99
 1740  7.2360441E+04  3.5080850E-01  2.7830939E+02  3.4333349E+23  4.1779422E+00  1.0000000E-99  1.0000000E-99
 1741  7.2402051E+04  3.5101022E-01  2.7846943E+02  3.4249493E+23  4.2029855E+00  1.0000000E-99  1.0000000E-99
 1742  7.2443661E+04  3.5121195E-01  2.7862947E+02  3.4165382E+23  4.2282869E+00  1.0000000E-99  1.0000000E-99
 1743  7.2485271E+04  3.5141368E-01  2.7878950E+02  3.4081014E+23  4.2538504E+00  1.0000000E-99  1.0000000E-99
 1744  7.2526881E+04  3.5161541E-01  2.7894954E+02  3.3996389E+23  4.2796799E+00  1.0000000E-99  1.0000000E-99
 1745  7.2568491E+04  3.5181714E-01  2.7910958E+02  3.3911504E+23  4.3057798E+00  1.0000000E-99  1.0000000E-99
 1746  7.2610101E+04  3.5201886E-01  2.7926962E+02  3.3826357E+23  4.3321542E+00  1.0000000E-99  1.0000000E-99
 1747  7.2651711E+04  3.5222059E-01  2.7942966E+02  3.3740946E+23  4.3588075E+00  1.0000000E-99  1.0000000E-99
 1748  7.2693321E+04  3.5242232E-01  2.7958970E+02  3.3655270E+23  4.3857441E+00  1.0000000E-99  1.0000000E-99
 1749  7.2734931E+04  3.5262405E-01  2.7974973E+02  3.3569325E+23  4.4129685E+00  1.0000000E-99  1.0000000E-99
 1750  7.2776541E+04  3.5282578E-01  2.7990977E+02  3.3483110E+23  4.4404855E+00  1.0000000E-99  1.0000000E-99
 1751  7.2818151E+04  3.5302750E-01  2.8006981E+02  3.3396624E+23  4.4682996E+00  1.0000000E-99  1.0000000E-99
 1752  7.2859761E+04  3.5322923E-01  2.8022985E+02  3.3309863E+23  4.4964157E+00  1.0000000E-99  1.0000000E-99
 1753  7.2901371E+04  3.5343096E-01  2.8038989E+02  3.3222826E+23  4.5248389E+00  1.0000000E-99  1.0000000E-99
 1754  7.2942981E+04  3.5363269E-01  2.8054993E+02  3.3135510E+23  4.5535740E+00  1.0000000E-99  1.0000000E-99
 1755  7.2984591E+04  3.5383442E-01  2.8070996E+02  3.3047914E+23  4.5826262E+00  1.0000000E-99  1.0000000E-99
 1756  7.3026201E+04  3.5403614E-01  2.8087000E+02  3.2960034E+23  4.6120009E+00  1.0000000E-99  1.0000000E-99
 1757  7.3067811E+04  3.5423787E-01  2.8103004E+02  3.2871870E+23  4.6417034E+00  1.0000000E-99  1.0000000E-99
 1758  7.3109420E+04  3.5443960E-01  2.8119008E+02  3.2783418E+23  4.6717391E+00  1.0000000E-99  1.0000000E-99
 1759  7.3151030E+04  3.5464133E-01  2.8135012E+02  3.2694676E+23  4.7021138E+00  1.0000000E-99  1.0000000E-99
 1760  7.3192640E+04  3.5484306E-01  2.8151016E+02  3.2605641E+23  4.7328332E+00  1.0000000E-99  1.0000000E-99
 1761  7.3234250E+04  3.5504478E-01  2.8167019E+02  3.2516313E+23  4.7639031E+00  1.0000000E-99  1.0000000E-99
 1762  7.3275860E+04  3.5524651E-01  2.8183023E+02  3.2426687E+23  4.7953297E+00  1.0000000E-99  1.0000000E-99
 1763  7.3317470E+04  3.5544824E-01  2.8199027E+02  3.2336761E+23  4.8271189E+00  1.0000000E-99  1.0000000E-99
 1764  7.3359080E+04  3.5564997E-01  2.8215031E+02  3.2246534E+23  4.8592772E+00  1.0000000E-99  1.0000000E-99
 1765  7.3400690E+04  3.5585170E-01  2.8231035E+02  3.2156002E+23  4.8918111E+00  1.0000000E-99  1.0000000E-99
 1766  7.3442300E+04  3.5605342E-01  2.8247038E+02  3.2065163E+23  4.9247270E+00  1.0000000E-99  1.0000000E-99
 1767  7.3483910E+04  3.5625515E-01  2.8263042E+02  3.1974014E+23  4.9580317E+00  1.0000000E-99  1.0000000E-99
 1768  7.3525520E+04  3.5645688E-01  2.8279046E+02  3.1882552E+23  4.9917322E+00  1.0000000E-99  1.0000000E-99
 1769  7.3567130E+04  3.5665861E-01  2.8295050E+02  3.1790776E+23  5.0258356E+00  1.0000000E-99  1.0000000E-99
 1770  7.3608740E+04  3.5686034E-01  2.8311054E+02  3.1698681E+23  5.0603490E+00  1.0000000E-99  1.0000000E-99
 1771  7.3650350E+04  3.5706206E-01  2.8327058E+02  3.1606266E+23  5.0952800E+00  1.0000000E-99  1.0000000E-99
 1772  7.3691960E+04  3.5726379E-01  2.8343061E+02  3.1513528E+23  5.1306361E+00  1.0000000E-99  1.0000000E-99
 1773  7.3733570E+04  3.5746552E-01  2.8359065E+02  3.1420463E+23  5.1664251E+00  1.0000000E-99  1.0000000E-99
 1774  7.3775180E+04  3.5766725E-01  2.8375069E+02  3.1327069E+23  5.2026550E+00  1.0000000E-99  1.0000000E-99
 1775  7.3816790E+04  3.5786898E-01  2.8391073E+02  3.1233343E+23  5.2393340E+00  1.0000000E-99  1.0000000E-99
 1776  7.3858400E+04  3.5807070E-01  2.8407077E+02  3.1139281E+23  5.2764704E+00  1.0000000E-99  1.0000000E-99
 1777  7.3900010E+04  3.5827243E-01  2.8423081E+02  3.1044882E+23  5.3140729E+00  1.0000000E-99  1.0000000E-99
 1778  7.3941620E+04  3.5847416E-01  2.8439084E+02  3.0950141E+23  5.3521503E+00  1.0000000E-99  1.0000000E-99
 1779  7.3983229E+04  3.5867589E-01  2.8455088E+02  3.0855055E+23  5.3907115E+00  1.0000000E-99  1.0000000E-99
 1780  7.4024839E+04  3.5887762E-01  2.8471092E+02  3.0759622E+23  5.4297660E+00  1.0000000E-99  1.0000000E-99
 1781  7.4066449E+04  3.5907934E-01  2.8487096E+02  3.0663838E+23  5.4693231E+00  1.0000000E-99  1.0000000E-99
 1782  7.4108059E+04  3.5928107E-01  2.8503100E+02  3.0567700E+23  5.5093926E+00  1.0000000E-99  1.0000000E-99
 1783  7.4149669E+04  3.5948280E-01  2.8519104E+02  3.0471204E+23  5.5499845E+00  1.0000000E-99  1.0000000E-99
 1784  7.4191279E+04  3.5968453E-01  2.8535107E+02  3.0374347E+23  5.5911091E+00  1.0000000E-99  1.0000000E-99
 1785  7.4232889E+04  3.5988626E-01  2.8551111E+02  3.0277125E+23  5.6327769E+00  1.0000000E-99  1.0000000E-99
 1786  7.4274499E+04  3.6008798E-01  2.8567115E+02  3.0179536E+23  5.6749988E+00  1.0000000E-99  1.0000000E-99
 1787  7.4316109E+04  3.6028971E-01  2.8583119E+02  3.0081575E+23  5.7177858E+00  1.0000000E-99  1.0000000E-99
 1788  7.4357719E+04  3.6049144E-01  2.8599123E+02  2.9983239E+23  5.7611493E+00  1.0000000E-99  1.0000000E-99
 1789  7.4399329E+04  3.6069317E-01  2.8615127E+02  2.9884524E+23  5.8051011E+00  1.0000000E-99  1.0000000E-99
 1790  7.4440939E+04  3.6089490E-01  2.8631130E+02  2.9785427E+23  5.8496531E+00  1.0000000E-99  1.0000000E-99
 1791  7.4482549E+04  3.6109662E-01  2.8647134E+02  2.9685943E+23  5.8948178E+00  1.0000000E-99  1.0000000E-99
 1792  7.4524159E+04  3.6129835E-01  2.8663138E+02  2.9586068E+23  5.9406078E+00  1.0000000E-99  1.0000000E-99
 1793  7.4565769E+04  3.6150008E-01  2.8679142E+02  2.9485800E+23  5.9870363E+00  1.0000000E-99  1.0000000E-99
 1794  7.4607379E+04  3.6170181E-01  2.8695146E+02  2.9385132E+23  6.0341165E+00  1.0000000E-99  1.0000000E-99
 1795  7.4648989E+04  3.6190354E-01  2.8711150E+02  2.9284063E+23  6.0818624E+00  1.0000000E-99  1.0000000E-99
 1796  7.4690599E+04  3.6210526E-01  2.8727153E+02  2.9182586E+23  6.1302881E+00  1.0000000E-99  1.0000000E-99
 1797  7.4732209E+04  3.6230699E-01  2.8743157E+02  2.9080699E+23  6.1794082E+00  1.0000000E-99  1.0000000E-99
 1798  7.4773819E+04  3.6250872E-01  2.8759161E+02  2.8978396E+23  6.2292377E+00  1.0000000E-99  1.0000000E-99
 1799  7.4815429E+04  3.6271045E-01  2.8775165E+02  2.8875674E+23  6.2797921E+00  1.0000000E-99  1.0000000E-99
 1800  7.4857039E+04  3.6291218E-01  2.8791169E+02  2.8772528E+23  6.3310873E+00  1.0000000E-99  1.0000000E-99
 1801  7.4898648E+04  3.6311390E-01  2.8807172E+02  2.8668952E+23  6.3831398E+00  1.0000000E-99  1.0000000E-99
 1802  7.4940258E+04  3.6331563E-01  2.8823176E+02  2.8564944E+23  6.4359662E+00  1.0000000E-99  1.0000000E-99
 1803  7.4981868E+04  3.6351736E-01  2.8839180E+02  2.8460497E+23  6.4895841E+00  1.0000000E-99  1.0000000E-99
 1804  7.5023478E+04  3.6371909E-01  2.8855184E+02  2.8355607E+23  6.5440113E+00  1.0000000E-99  1.0000000E-99
 1805  7.5065088E+04  3.6392081E-01  2.8871188E+02  2.8250269E+23  6.5992662E+00  1.0000000E-99  1.0000000E-99
 1806  7.5106698E+04  3.6412254E-01  2.8887192E+02  2.8144478E+23  6.6553679E+00  1.0000000E-99  1.0000000E-99
 1807  7.5148308E+04  3.6432427E-01  2.8903195E+02  2.8038229E+23  6.7123360E+00  1.0000000E-99  1.0000000E-99
 1808  7.5189918E+04  3.6452600E-01  2.8919199E+02  2.7931517E+23  6.7701905E+00  1.0000000E-99  1.0000000E-99
 1809  7.5231528E+04  3.6472773E-01  2.8935203E+02  2.7824336E+23  6.8289525E+00  1.0000000E-99  1.0000000E-99
 1810  7.5273138E+04  3.6492945E-01  2.8951207E+02  2.7716681E+23  6.8886433E+00  1.0000000E-99  1.0000000E-99
 1811  7.5314748E+04  3.6513118E-01  2.8967211E+02  2.7608547E+23  6.9492851E+00  1.0000000E-99  1.0000000E-99
 1812  7.5356358E+04  3.6533291E-01  2.8983215E+02  2.7499927E+23  7.0109008E+00  1.0000000E-99  1.0000000E-99
 1813  7.5397968E+04  3.6553464E-01  2.8999218E+02  2.7390815E+23  7.0735140E+00  1.0000000E-99  1.0000000E-99
 1814  7.5439578E+04  3.6573637E-01  2.9015222E+02  2.7281207E+23  7.1371492E+00  1.0000000E-99  1.0000000E-99
 1815  7.5481188E+04  3.6593809E-01  2.9031226E+02  2.7171096E+23  7.2018315E+00  1.0000000E-99  1.0000000E-99
 1816  7.5522798E+04  3.6613982E-01  2.9047230E+02  2.7060476E+23  7.2675869E+00  1.0000000E-99  1.0000000E-99
 1817  7.5564408E+04  3.6634155E-01  2.9063234E+02  2.6949340E+23  7.3344424E+00  1.0000000E-99  1.0000000E-99
 1818  7.5606018E+04  3.6654328E-01  2.9079238E+02  2.6837683E+23  7.4024257E+00  1.0000000E-99  1.0000000E-99
 1819  7.5647628E+04  3.6674501E-01  2.9095241E+02  2.6725497E+23  7.4715656E+00  1.0000000E-99  1.0000000E-99
 1820  7.5689238E+04  3.6694673E-01  2.9111245E+02  2.6612776E+23  7.5418919E+00  1.0000000E-99  1.0000000E-99
 1821  7.5730848E+04  3.6714846E-01  2.9127249E+02  2.6499514E+23  7.6134352E+00  1.0000000E-99  1.0000000E-99
 1822  7.5772457E+04  3.6735019E-01  2.9143253E+02  2.6385702E+23  7.6862275E+00  1.0000000E-99  1.0000000E-99
 1823  7.5814067E+04  3.6755192E-01  2.9159257E+02  2.6271335E+23  7.7603018E+00  1.0000000E-99  1.0000000E-99
 1824  7.5855677E+04  3.6775365E-01  2.9175261E+02  2.6156404E+23  7.8356920E+00  1.0000000E-99  1.0000000E-99
 1825  7.5897287E+04  3.6795537E-01  2.9191264E+02  2.6040903E+23  7.9124336E+00  1.0000000E-99  1.0000000E-99
 1826  7.5938897E+04  3.6815710E-01  2.9207268E+02  2.5924823E+23  7.9905633E+00  1.0000000E-99  1.0000000E-99
 1827  7.5980507E+04  3.6835883E-01  2.9223272E+02  2.5808157E+23  8.0701189E+00  1.0000000E-99  1.0000000E-99
 1828  7.6022117E+04  3.6856056E-01  2.9239276E+02  2.5690897E+23  8.1511398E+00  1.0000000E-99  1.0000000E-99
 1829  7.6063727E+04  3.6876229E-01  2.9255280E+02  2.5573035E+23  8.2336669E+00  1.0000000E-99  1.0000000E-99
 1830  7.6105337E+04  3.6896401E-01  2.9271284E+02  2.5454562E+23  8.3177426E+00  1.0000000E-99  1.0000000E-99
 1831  7.6146947E+04  3.6916574E-01  2.9287287E+02  2.5335469E+23  8.4034107E+00  1.0000000E-99  1.0000000E-99
 1832  7.6188557E+04  3.6936747E-01  2.9303291E+02  2.5215749E+23  8.4907169E+00  1.0000000E-99  1.0000000E-99
 1833  7.6230167E+04  3.6956920E-01  2.9319295E+02  2.5095392E+23  8.5797086E+00  1.0000000E-99  1.0000000E-99
 1834  7.6271777E+04  3.6977093E-01  2.9335299E+02  2.4974388E+23  8.6704351E+00  1.0000000E-99  1.0000000E-99
 1835  7.6313387E+04  3.6997265E-01  2.9351303E+02  2.4852729E+23  8.7629475E+00  1.0000000E-99  1.0000000E-99
 1836  7.6354997E+04  3.7017438E-01  2.9367306E+02  2.4730404E+23  8.8572991E+00  1.0000000E-99  1.0000000E-99
 1837  7.6396607E+04  3.7037611E-01  2.9383310E+02  2.4607405E+23  8.9535452E+00  1.0000000E-99  1.0000000E-99
 1838  7.6438217E+04  3.7057784E-01  2.9399314E+02  2.4483719E+23  9.0517434E+00  1.0000000E-99  1.0000000E-99
 1839  7.6479827E+04  3.7077957E-01  2.9415318E+02  2.4359338E+23  9.1519536E+00  1.0000000E-99  1.0000000E-99
 1840  7.6521437E+04  3.7098129E-01  2.9431322E+02  2.4234251E+23  9.2542383E+00  1.0000000E-99  1.0000000E-99
 1841  7.6563047E+04  3.7118302E-01  2.9447326E+02  2.4108446E+23  9.3586626E+00  1.0000000E-99  1.0000000E-99
 1842  7.6604657E+04  3.7138475E-01  2.9463329E+02  2.3981912E+23  9.4652942E+00  1.0000000E-99  1.0000000E-99
 1843  7.6646267E+04  3.7158648E-01  2.9479333E+02  2.3854637E+23  9.5742038E+00  1.0000000E-99  1.0000000E-99
 1844  7.6687876E+04  3.7178821E-01  2.9495337E+02  2.3726610E+23  9.6854651E+00  1.0000000E-99  1.0000000E-99
 1845  7.6729486E+04  3.7198993E-01  2.9511341E+02  2.3597818E+23  9.7991552E+00  1.0000000E-99  1.0000000E-99
 1846  7.6771096E+04  3.7219166E-01  2.9527345E+02  2.3468250E+23  9.9153543E+00  1.0000000E-99  1.0000000E-99
 1847  7.6812706E+04  3.7239339E-01  2.9543349E+02  2.3337891E+23  1.0034146E+01  1.0000000E-99  1.0000000E-99
 1848  7.6854316E+04  3.7259512E-01  2.9559352E+02  2.3206728E+23  1.0155619E+01  1.0000000E-99  1.0000000E-99
 1849  7.6895926E+04  3.7279685E-01  2.9575356E+02  2.3074749E+23  1.0279865E+01  1.0000000E-99  1.0000000E-99
 1850  7.6937536E+04  3.7299857E-01  2.9591360E+02  2.2941938E+23  1.0406978E+01  1.0000000E-99  1.0000000E-99
 1851  7.6979146E+04  3.7320030E-01  2.9607364E+02  2.2808281E+23  1.0537061E+01  1.0000000E-99  1.0000000E-99
 1852  7.7020756E+04  3.7340203E-01  2.9623368E+02  2.2673763E+23  1.0670217E+01  1.0000000E-99  1.0000000E-99
 1853  7.7062366E+04  3.7360376E-01  2.9639372E+02  2.2538370E+23  1.0806558E+01  1.0000000E-99  1.0000000E-99
 1854  7.7103976E+04  3.7380549E-01  2.9655375E+02  2.2402084E+23  1.0946198E+01  1.0000000E-99  1.0000000E-99
 1855  7.7145586E+04  3.7400721E-01  2.9671379E+02  2.2264890E+23  1.1089260E+01  1.0000000E-99  1.0000000E-99
 1856  7.7187196E+04  3.7420894E-01  2.9687383E+02  2.2126770E+23  1.1235869E+01  1.0000000E-99  1.0000000E-99
 1857  7.7228806E+04  3.7441067E-01  2.9703387E+02  2.1987708E+23  1.1386160E+01  1.0000000E-99  1.0000000E-99
 1858  7.7270416E+04  3.7461240E-01  2.9719391E+02  2.1847685E+23  1.1540274E+01  1.0000000E-99  1.0000000E-99
 1859  7.7312026E+04  3.7481413E-01  2.9735395E+02  2.1706682E+23  1.1698357E+01  1.0000000E-99  1.0000000E-99
 1860  7.7353636E+04  3.7501585E-01  2.9751398E+02  2.1564681E+23  1.1860565E+01  1.0000000E-99  1.0000000E-99
 1861  7.7395246E+04  3.7521758E-01  2.9767402E+02  2.1421662E+23  1.2027062E+01  1.0000000E-99  1.0000000E-99
 1862  7.7436856E+04  3.7541931E-01  2.9783406E+02  2.1277603E+23  1.2198020E+01  1.0000000E-99  1.0000000E-99
 1863  7.7478466E+04  3.7562104E-01  2.9799410E+02  2.1132484E+23  1.2373620E+01  1.0000000E-99  1.0000000E-99
 1864  7.7520076E+04  3.7582277E-01  2.9815414E+02  2.0986283E+23  1.2554054E+01  1.0000000E-99  1.0000000E-99
 1865  7.7561685E+04  3.7602449E-01  2.9831417E+02  2.0838977E+23  1.2739525E+01  1.0000000E-99  1.0000000E-99
 1866  7.7603295E+04  3.7622622E-01  2.9847421E+02  2.0690543E+23  1.2930246E+01  1.0000000E-99  1.0000000E-99
 1867  7.7644905E+04  3.7642795E-01  2.9863425E+02  2.0540955E+23  1.3126443E+01  1.0000000E-99  1.0000000E-99
 1868  7.7686515E+04  3.7662968E-01  2.9879429E+02  2.0390189E+23  1.3328356E+01  1.0000000E-99  1.0000000E-99
 1869  7.7728125E+04  3.7683141E-01  2.9895433E+02  2.0238218E+23  1.3536238E+01  1.0000000E-99  1.0000000E-99
 1870  7.7769735E+04  3.7703313E-01  2.9911437E+02  2.0085015E+23  1.3750357E+01  1.0000000E-99  1.0000000E-99
 1871  7.7811345E+04  3.7723486E-01  2.9927440E+02  1.9930551E+23  1.3970998E+01  1.0000000E-99  1.0000000E-99
 1872  7.7852955E+04  3.7743659E-01  2.9943444E+02  1.9774798E+23  1.4198465E+01  1.0000000E-99  1.0000000E-99
 1873  7.7894565E+04  3.7763832E-01  2.9959448E+02  1.9617723E+23  1.4433077E+01  1.0000000E-99  1.0000000E-99
 1874  7.7936175E+04  3.7784005E-01  2.9975452E+02  1.9459296E+23  1.4675179E+01  1.0000000E-99  1.0000000E-99
 1875  7.7977785E+04  3.7804177E-01  2.9991456E+02  1.9299482E+23  1.4925133E+01  1.0000000E-99  1.0000000E-99
 1876  7.8019395E+04  3.7824350E-01  3.0007460E+02  1.9138248E+23  1.5183327E+01  1.0000000E-99  1.0000000E-99
 1877  7.8061005E+04  3.7844523E-01  3.0023463E+02  1.8975557E+23  1.5450178E+01  1.0000000E-99  1.0000000E-99
 1878  7.8102615E+04  3.7864696E-01  3.0039467E+02  1.8811370E+23  1.5726125E+01  1.0000000E-99  1.0000000E-99
 1879  7.8144225E+04  3.7884868E-01  3.0055471E+02  1.8645650E+23  1.6011644E+01  1.0000000E-99  1.0000000E-99
 1880  7.8185835E+04  3.7905041E-01  3.0071475E+02  1.8478354E+23  1.6307241E+01  1.0000000E-99  1.0000000E-99
 1881  7.8227445E+04  3.7925214E-01  3.0087479E+02  1.8309439E+23  1.6613458E+01  1.0000000E-99  1.0000000E-99
 1882  7.8269055E+04  3.7945387E-01  3.0103483E+02  1.8138859E+23  1.6930878E+01  1.0000000E-99  1.0000000E-99
 1883  7.8310665E+04  3.7965560E-01  3.0119486E+02  1.7966569E+23  1.7260128E+01  1.0000000E-99  1.0000000E-99
 1884  7.8352275E+04  3.7985732E-01  3.0135490E+02  1.7792517E+23  1.7601881E+01  1.0000000E-99  1.0000000E-99
 1885  7.8393885E+04  3.8005905E-01  3.0151494E+02  1.7616652E+23  1.7956864E+01  1.0000000E-99  1.0000000E-99
 1886  7.8435494E+04  3.8026078E-01  3.0167498E+02  1.7438919E+23  1.8325858E+01  1.0000000E-99  1.0000000E-99
 1887  7.8477104E+04  3.8046251E-01  3.0183502E+02  1.7259260E+23  1.8709711E+01  1.0000000E-99  1.0000000E-99
 1888  7.8518714E+04  3.8066424E-01  3.0199506E+02  1.7077614E+23  1.9109339E+01  1.0000000E-99  1.0000000E-99
 1889  7.8560324E+04  3.8086596E-01  3.0215509E+02  1.6893917E+23  1.9525733E+01  1.0000000E-99  1.0000000E-99
 1890  7.8601934E+04  3.8106769E-01  3.0231513E+02  1.6708102E+23  1.9959972E+01  1.0000000E-99  1.0000000E-99
 1891  7.8643544E+04  3.8126942E-01  3.0247517E+02  1.6520096E+23  2.0413227E+01  1.0000000E-99  1.0000000E-99
 1892  7.8685154E+04  3.8147115E-01  3.0263521E+02  1.6329826E+23  2.0886776E+01  1.0000000E-99  1.0000000E-99
 1893  7.8726764E+04  3.8167288E-01  3.0279525E+02  1.6137209E+23  2.1382013E+01  1.0000000E-99  1.0000000E-99
 1894  7.8768374E+04  3.8187460E-01  3.0295529E+02  1.5942162E+23  2.1900461E+01  1.0000000E-99  1.0000000E-99
 1895  7.8809984E+04  3.8207633E-01  3.0311532E+02  1.5744594E+23  2.2443793E+01  1.0000000E-99  1.0000000E-99
 1896  7.8851594E+04  3.8227806E-01  3.0327536E+02  1.5544408E+23  2.3013844E+01  1.0000000E-99  1.0000000E-99
 1897  7.8893204E+04  3.8247979E-01  3.0343540E+02  1.5341503E+23  2.3612633E+01  1.0000000E-99  1.0000000E-99
 1898  7.8934814E+04  3.8268152E-01  3.0359544E+02  1.5135769E+23  2.4242391E+01  1.0000000E-99  1.0000000E-99
 1899  7.8976424E+04  3.8288324E-01  3.0375548E+02  1.4927089E+23  2.4905583E+01  1.0000000E-99  1.0000000E-99
 1900  7.9018034E+04  3.8308497E-01  3.0391551E+02  1.4715337E+23  2.5604944E+01  1.0000000E-99  1.0000000E-99
 1901  7.9059644E+04  3.8328670E-01  3.0407555E+02  1.4500380E+23  2.6343516E+01  1.0000000E-99  1.0000000E-99
 1902  7.9101254E+04  3.8348843E-01  3.0423559E+02  1.4282072E+23  2.7124692E+01  1.0000000E-99  1.0000000E-99
 1903  7.9142864E+04  3.8369016E-01  3.0439563E+02  1.4060257E+23  2.7952268E+01  1.0000000E-99  1.0000000E-99
 1904  7.9184474E+04  3.8389188E-01  3.0455567E+02  1.3834767E+23  2.8830503E+01  1.0000000E-99  1.0000000E-99
 1905  7.9226084E+04  3.8409361E-01  3.0471571E+02  1.3605418E+23  2.9764198E+01  1.0000000E-99  1.0000000E-99
 1906  7.9267694E+04  3.8429534E-01  3.0487574E+02  1.3372013E+23  3.0758775E+01  1.0000000E-99  1.0000000E-99
 1907  7.9309304E+04  3.8449707E-01  3.0503578E+02  1.3134336E+23  3.1820391E+01  1.0000000E-99  1.0000000E-99
 1908  7.9350913E+04  3.8469880E-01  3.0519582E+02  1.2892148E+23  3.2956060E+01  1.0000000E-99  1.0000000E-99
 1909  7.9392523E+04  3.8490052E-01  3.0535586E+02  1.2645193E+23  3.4173812E+01  1.0000000E-99  1.0000000E-99
 1910  7.9434133E+04  3.8510225E-01  3.0551590E+02  1.2393184E+23  3.5482879E+01  1.0000000E-99  1.0000000E-99
 1911  7.9475743E+04  3.8530398E-01  3.0567594E+02  1.2135807E+23  3.6893933E+01  1.0000000E-99  1.0000000E-99
 1912  7.9517353E+04  3.8550571E-01  3.0583597E+02  1.1872713E+23  3.8419378E+01  1.0000000E-99  1.0000000E-99
 1913  7.9558963E+04  3.8570744E-01  3.0599601E+02  1.1603513E+23  4.0073712E+01  1.0000000E-99  1.0000000E-99
 1914  7.9600573E+04  3.8590916E-01  3.0615605E+02  1.1327771E+23  4.1873992E+01  1.0000000E-99  1.0000000E-99
 1915  7.9642183E+04  3.8611089E-01  3.0631609E+02  1.1044997E+23  4.3840427E+01  1.0000000E-99  1.0000000E-99
 1916  7.9683793E+04  3.8631262E-01  3.0647613E+02  1.0754638E+23  4.5997135E+01  1.0000000E-99  1.0000000E-99
 1917  7.9725403E+04  3.8651435E-01  3.0663617E+02  1.0456061E+23  4.8373142E+01  1.0000000E-99  1.0000000E-99
 1918  7.9767013E+04  3.8671608E-01  3.0679620E+02  1.0148540E+23  5.1003696E+01  1.0000000E-99  1.0000000E-99
 1919  7.9808623E+04  3.8691780E-01  3.0695624E+02  9.8312368E+22  5.3932026E+01  1.0000000E-99  1.0000000E-99
 1920  7.9850233E+04  3.8711953E-01  3.0711628E+02  9.5031712E+22  5.7211742E+01  1.0000000E-99  1.0000000E-99
 1921  7.9891843E+04  3.8732126E-01  3.0727632E+02  9.1631874E+22  6.0910151E+01  1.0000000E-99  1.0000000E-99
 1922  7.9933453E+04  3.8752299E-01  3.0743636E+02  8.8099057E+22  6.5112925E+01  1.0000000E-99  1.0000000E-99
 1923  7.9975063E+04  3.8772472E-01  3.0759640E+02  8.4416566E+22  6.9930836E+01  1.0000000E-99  1.0000000E-99
 1924  8.0016673E+04  3.8792644E-01  3.0775643E+02  8.0563881E+22  7.5509672E+01  1.0000000E-99  1.0000000E-99
 1925  8.0058283E+04  3.8812817E-01  3.0791647E+02  7.6515296E+22  8.2045271E+01  1.0000000E-99  1.0000000E-99
 1926  8.0099893E+04  3.8832990E-01  3.0807651E+02  7.2237881E+22  8.9807038E+01  1.0000000E-99  1.0000000E-99
 1927  8.0141503E+04  3.8853163E-01  3.0823655E+02  6.7688269E+22  9.9176096E+01  1.0000000E-99  1.0000000E-99
 1928  8.0183113E+04  3.8873336E-01  3.0839659E+02  6.2807336E+22  1.1070997E+02  1.0000000E-99  1.0000000E-99
 1929  8.0224722E+04  3.8893508E-01  3.0855662E+02  5.7510786E+22  1.2525817E+02  1.0000000E-99  1.0000000E-99
 1930  8.0266332E+04  3.8913681E-01  3.0871666E+02  5.1670969E+22  1.4418250E+02  1.0000000E-99  1.0000000E-99
 1931  8.0307942E+04  3.8933854E-01  3.0887670E+02  4.5077233E+22  1.6981307E+02  1.0000000E-99  1.0000000E-99
 1932  8.0349552E+04  3.8954027E-01  3.0903674E+02  3.7332213E+22  2.0649877E+02  1.0000000E-99  1.0000000E-99
 1933  8.0391162E+04  3.8974200E-01  3.0919678E+02  2.7479097E+22  2.6341542E+02  1.0000000E-99  1.0000000E-99
 1934  8.0432772E+04  3.8994372E-01  3.0935682E+02  1.0778532E+22  3.6394257E+02  1.0000000E-99  1.0000000E-99
 1935  8.0474382E+04  3.9014545E-01  3.0951685E+02  2.1507633E-06  5.9187683E+02  1.0000000E-99  1.0000000E-99
 1936  8.0515992E+04  3.9034718E-01  3.0967689E+02  2.1507633E-06  5.9187683E+02  1.0000000E-99  1.0000000E-99
 1937  8.0557602E+04  3.9054891E-01  3.0983693E+02  2.1507633E-06  1.0000000E-99  1.0000000E-99  1.0000000E-99
 1938  8.0599212E+04  3.9075064E-01  3.0999697E+02  2.1507633E-06  1.0000000E-99  1.0000000E-99  1.0000000E-99
 1939  8.0640822E+04  3.9095236E-01  3.1015701E+02  2.1507633E-06  1.0000000E-99  1.0000000E-99  1.0000000E-99
 1940  8.0682432E+04  3.9115409E-01  3.1031705E+02  2.1507633E-06  1.0000000E-99  1.0000000E-99  1.0000000E-99
 1941  8.0724042E+04  3.9135582E-01  3.1047708E+02  2.1507633E-06  1.0000000E-99  1.0000000E-99  1.0000000E-99
 1942  8.0765652E+04  3.9155755E-01  3.1063712E+02  2.1507633E-06  1.0000000E-99  1.0000000E-99  1.0000000E-99
 1943  8.0807262E+04  3.9175928E-01  3.1079716E+02  2.1507633E-06  1.0000000E-99  1.0000000E-99  1.0000000E-99
 1944  8.0848872E+04  3.9196100E-01  3.1095720E+02  2.1507633E-06  1.0000000E-99  1.0000000E-99  1.0000000E-99
 1945  8.0890482E+04  3.9216273E-01  3.1111724E+02  2.1507633E-06  1.0000000E-99  1.0000000E-99  1.0000000E-99
 1946  8.0932092E+04  3.9236446E-01  3.1127728E+02  2.1507633E-06  1.0000000E-99  1.0000000E-99  1.0000000E-99
 1947  8.0973702E+04  3.9256619E-01  3.1143731E+02  2.1507633E-06  1.0000000E-99  1.0000000E-99  1.0000000E-99
 1948  8.1015312E+04  3.9276792E-01  3.1159735E+02  2.1507633E-06  1.0000000E-99  1.0000000E-99  1.0000000E-99
 1949  8.1056922E+04  3.9296964E-01  3.1175739E+02  2.1507633E-06  1.0000000E-99  1.0000000E-99  1.0000000E-99
 1950  8.1098532E+04  3.9317137E-01  3.1191743E+02  2.1507633E-06  1.0000000E-99  1.0000000E-99  1.0000000E-99
 1951  8.1140141E+04  3.9337310E-01  3.1207747E+02  2.1507633E-06  1.0000000E-99  1.0000000E-99  1.0000000E-99
 1952  8.1181751E+04  3.9357483E-01  3.1223751E+02  2.1507633E-06  1.0000000E-99  1.0000000E-99  1.0000000E-99
 1953  8.1223361E+04  3.9377655E-01  3.1239754E+02  2.1507633E-06  1.0000000E-99  1.0000000E-99  1.0000000E-99
 1954  8.1264971E+04  3.9397828E-01  3.1255758E+02  2.1507633E-06  1.0000000E-99  1.0000000E-99  1.0000000E-99
 1955  8.1306581E+04  3.9418001E-01  3.1271762E+02  2.1507633E-06  1.0000000E-99  1.0000000E-99  1.0000000E-99
 1956  8.1348191E+04  3.9438174E-01  3.1287766E+02  2.1507633E-06  1.0000000E-99  1.0000000E-99  1.0000000E-99
 1957  8.1389801E+04  3.9458347E-01  3.1303770E+02  2.1507633E-06  1.0000000E-99  1.0000000E-99  1.0000000E-99
 1958  8.1431411E+04  3.9478519E-01  3.1319774E+02  2.1507633E-06  1.0000000E-99  1.0000000E-99  1.0000000E-99
 1959  8.1473021E+04  3.9498692E-01  3.1335777E+02  2.1507633E-06  1.0000000E-99  1.0000000E-99  1.0000000E-99
 1960  8.1514631E+04  3.9518865E-01  3.1351781E+02  2.1507633E-06  1.0000000E-99  1.0000000E-99  1.0000000E-99
 1961  8.1556241E+04  3.9539038E-01  3.1367785E+02  2.1507633E-06  1.0000000E-99  1.0000000E-99  1.0000000E-99
 1962  8.1597851E+04  3.9559211E-01  3.1383789E+02  2.1507633E-06  1.0000000E-99  1.0000000E-99  1.0000000E-99
 1963  8.1639461E+04  3.9579383E-01  3.1399793E+02  2.1507633E-06  1.0000000E-99  1.0000000E-99  1.0000000E-99
 1964  8.1681071E+04  3.9599556E-01  3.1415796E+02  2.1507633E-06  1.0000000E-99  1.0000000E-99  1.0000000E-99
 1965  8.1722681E+04  3.9619729E-01  3.1431800E+02  2.1507633E-06  1.0000000E-99  1.0000000E-99  1.0000000E-99
 1966  8.1764291E+04  3.9639902E-01  3.1447804E+02  2.1507633E-06  1.0000000E-99  1.0000000E-99  1.0000000E-99
 1967  8.1805901E+04  3.9660075E-01  3.1463808E+02  2.1507633E-06  1.0000000E-99  1.0000000E-99  1.0000000E-99
 1968  8.1847511E+04  3.9680247E-01  3.1479812E+02  2.1507633E-06  1.0000000E-99  1.0000000E-99  1.0000000E-99
 1969  8.1889121E+04  3.9700420E-01  3.1495816E+02  2.1507633E-06  1.0000000E-99  1.0000000E-99  1.0000000E-99
 1970  8.1930731E+04  3.9720593E-01  3.1511819E+02  2.1507633E-06  1.0000000E-99  1.0000000E-99  1.0000000E-99
 1971  8.1972341E+04  3.9740766E-01  3.1527823E+02  2.1507633E-06  1.0000000E-99  1.0000000E-99  1.0000000E-99
 1972  8.2013950E+04  3.9760939E-01  3.1543827E+02  2.1507633E-06  1.0000000E-99  1.0000000E-99  1.0000000E-99
 1973  8.2055560E+04  3.9781111E-01  3.1559831E+02  2.1507633E-06  1.0000000E-99  1.0000000E-99  1.0000000E-99
 1974  8.2097170E+04  3.9801284E-01  3.1575835E+02  2.1507633E-06  1.0000000E-99  1.0000000E-99  1.0000000E-99
 1975  8.2138780E+04  3.9821457E-01  3.1591839E+02  2.1507633E-06  1.0000000E-99  1.0000000E-99  1.0000000E-99
 1976  8.2180390E+04  3.9841630E-01  3.1607842E+02  2.1507633E-06  1.0000000E-99  1.0000000E-99  1.0000000E-99
 1977  8.2222000E+04  3.9861803E-01  3.1623846E+02  2.1507633E-06  1.0000000E-99  1.0000000E-99  1.0000000E-99
 1978  8.2263610E+04  3.9881975E-01  3.1639850E+02  2.1507633E-06  1.0000000E-99  1.0000000E-99  1.0000000E-99
 1979  8.2305220E+04  3.9902148E-01  3.1655854E+02  2.1507633E-06  1.0000000E-99  1.0000000E-99  1.0000000E-99
 1980  8.2346830E+04  3.9922321E-01  3.1671858E+02  2.1507633E-06  1.0000000E-99  1.0000000E-99  1.0000000E-99
 1981  8.2388440E+04  3.9942494E-01  3.1687862E+02  2.1507633E-06  1.0000000E-99  1.0000000E-99  1.0000000E-99
 1982  8.2430050E+04  3.9962667E-01  3.1703865E+02  2.1507633E-06  1.0000000E-99  1.0000000E-99  1.0000000E-99
 1983  8.2471660E+04  3.9982839E-01  3.1719869E+02  2.1507633E-06  1.0000000E-99  1.0000000E-99  1.0000000E-99
 1984  8.2513270E+04  4.0003012E-01  3.1735873E+02  2.1507633E-06  1.0000000E-99  1.0000000E-99  1.0000000E-99
 1985  8.2554880E+04  4.0023185E-01  3.1751877E+02  2.1507633E-06  1.0000000E-99  1.0000000E-99  1.0000000E-99
 1986  8.2596490E+04  4.0043358E-01  3.1767881E+02  2.1507633E-06  1.0000000E-99  1.0000000E-99  1.0000000E-99
 1987  8.2638100E+04  4.0063531E-01  3.1783885E+02  2.1507633E-06  1.0000000E-99  1.0000000E-99  1.0000000E-99
 1988  8.2679710E+04  4.0083703E-01  3.1799888E+02  2.1507633E-06  1.0000000E-99  1.0000000E-99  1.0000000E-99
 1989  8.2721320E+04  4.0103876E-01  3.1815892E+02  2.1507633E-06  1.0000000E-99  1.0000000E-99  1.0000000E-99
 1990  8.2762930E+04  4.0124049E-01  3.1831896E+02  2.1507633E-06  1.0000000E-99  1.0000000E-99  1.0000000E-99
 1991  8.2804540E+04  4.0144222E-01  3.1847900E+02  2.1507633E-06  1.0000000E-99  1.0000000E-99  1.0000000E-99
 1992  8.2846150E+04  4.0164395E-01  3.1863904E+02  2.1507633E-06  1.0000000E-99  1.0000000E-99  1.0000000E-99
 1993  8.2887760E+04  4.0184567E-01  3.1879908E+02  2.1507633E-06  1.0000000E-99  1.0000000E-99  1.0000000E-99
 1994  8.2929369E+04  4.0204740E-01  3.1895911E+02  2.1507633E-06  1.0000000E-99  1.0000000E-99  1.0000000E-99
 1995  8.2970979E+04  4.0224913E-01  3.1911915E+02  2.1507633E-06  1.0000000E-99  1.0000000E-99  1.0000000E-99
 1996  8.3012589E+04  4.0245086E-01  3.1927919E+02  2.1507633E-06  1.0000000E-99  1.0000000E-99  1.0000000E-99
 1997  8.3054199E+04  4.0265259E-01  3.1943923E+02  2.1507633E-06  1.0000000E-99  1.0000000E-99  1.0000000E-99
 1998  8.3095809E+04  4.0285431E-01  3.1959927E+02  2.1507633E-06  1.0000000E-99  1.0000000E-99  1.0000000E-99
 1999  8.3137419E+04  4.0305604E-01  3.1975930E+02  2.1507633E-06  1.0000000E-99  1.0000000E-99  1.0000000E-99
 2000  8.3179029E+04  4.0325777E-01  3.1991934E+02  2.1507633E-06  1.0000000E-99  1.0000000E-99  1.0000000E-99
 2001  8.3220639E+04  4.0345950E-01  3.2007938E+02  2.1507633E-06  1.0000000E-99  1.0000000E-99  1.0000000E-99
 2002  8.3262249E+04  4.0366123E-01  3.2023942E+02  2.1507633E-06  1.0000000E-99  1.0000000E-99  1.0000000E-99
 2003  8.3303859E+04  4.0386295E-01  3.2039946E+02  2.1507633E-06  1.0000000E-99  1.0000000E-99  1.0000000E-99
 2004  8.3345469E+04  4.0406468E-01  3.2055950E+02  2.1507633E-06  1.0000000E-99  1.0000000E-99  1.0000000E-99
 2005  8.3387079E+04  4.0426641E-01  3.2071953E+02  2.1507633E-06  1.0000000E-99  1.0000000E-99  1.0000000E-99
 2006  8.3428689E+04  4.0446814E-01  3.2087957E+02  2.1507633E-06  1.0000000E-99  1.0000000E-99  1.0000000E-99
 2007  8.3470299E+04  4.0466987E-01  3.2103961E+02  2.1507633E-06  1.0000000E-99  1.0000000E-99  1.0000000E-99
 2008  8.3511909E+04  4.0487159E-01  3.2119965E+02  2.1507633E-06  1.0000000E-99  1.0000000E-99  1.0000000E-99
 2009  8.3553519E+04  4.0507332E-01  3.2135969E+02  2.1507633E-06  1.0000000E-99  1.0000000E-99  1.0000000E-99
 2010  8.3595129E+04  4.0527505E-01  3.2151973E+02  2.1507633E-06  1.0000000E-99  1.0000000E-99  1.0000000E-99
 2011  8.3636739E+04  4.0547678E-01  3.2167976E+02  2.1507633E-06  1.0000000E-99  1.0000000E-99  1.0000000E-99
 2012  8.3678349E+04  4.0567851E-01  3.2183980E+02  2.1507633E-06  1.0000000E-99  1.0000000E-99  1.0000000E-99
 2013  8.3719959E+04  4.0588023E-01  3.2199984E+02  2.1507633E-06  1.0000000E-99  1.0000000E-99  1.0000000E-99
 2014  8.3761569E+04  4.0608196E-01  3.2215988E+02  2.1507633E-06  1.0000000E-99  1.0000000E-99  1.0000000E-99
 2015  8.3803178E+04  4.0628369E-01  3.2231992E+02  2.1507633E-06  1.0000000E-99  1.0000000E-99  1.0000000E-99
 2016  8.3844788E+04  4.0648542E-01  3.2247996E+02  2.1507633E-06  1.0000000E-99  1.0000000E-99  1.0000000E-99
 2017  8.3886398E+04  4.0668715E-01  3.2263999E+02  2.1507633E-06  1.0000000E-99  1.0000000E-99  1.0000000E-99
 2018  8.3928008E+04  4.0688887E-01  3.2280003E+02  2.1507633E-06  1.0000000E-99  1.0000000E-99  1.0000000E-99
 2019  8.3969618E+04  4.0709060E-01  3.2296007E+02  2.1507633E-06  1.0000000E-99  1.0000000E-99  1.0000000E-99
 2020  8.4011228E+04  4.0729233E-01  3.2312011E+02  2.1507633E-06  1.0000000E-99  1.0000000E-99  1.0000000E-99
 2021  8.4052838E+04  4.0749406E-01  3.2328015E+02  2.1507633E-06  1.0000000E-99  1.0000000E-99  1.0000000E-99
 2022  8.4094448E+04  4.0769579E-01  3.2344019E+02  2.1507633E-06  1.0000000E-99  1.0000000E-99  1.0000000E-99
 2023  8.4136058E+04  4.0789751E-01  3.2360022E+02  2.1507633E-06  1.0000000E-99  1.0000000E-99  1.0000000E-99
 2024  8.4177668E+04  4.0809924E-01  3.2376026E+02  2.1507633E-06  1.0000000E-99  1.0000000E-99  1.0000000E-99
 2025  8.4219278E+04  4.0830097E-01  3.2392030E+02  2.1507633E-06  1.0000000E-99  1.0000000E-99  1.0000000E-99
 2026  8.4260888E+04  4.0850270E-01  3.2408034E+02  2.1507633E-06  1.0000000E-99  1.0000000E-99  1.0000000E-99
 2027  8.4302498E+04  4.0870443E-01  3.2424038E+02  2.1507633E-06  1.0000000E-99  1.0000000E-99  1.0000000E-99
 2028  8.4344108E+04  4.0890615E-01  3.2440041E+02  2.1507633E-06  1.0000000E-99  1.0000000E-99  1.0000000E-99
 2029  8.4385718E+04  4.0910788E-01  3.2456045E+02  2.1507633E-06  1.0000000E-99  1.0000000E-99  1.0000000E-99
 2030  8.4427328E+04  4.0930961E-01  3.2472049E+02  2.1507633E-06  1.0000000E-99  1.0000000E-99  1.0000000E-99
 2031  8.4468938E+04  4.0951134E-01  3.2488053E+02  2.1507633E-06  1.0000000E-99  1.0000000E-99  1.0000000E-99
 2032  8.4510548E+04  4.0971306E-01  3.2504057E+02  2.1507633E-06  1.0000000E-99  1.0000000E-99  1.0000000E-99
 2033  8.4552158E+04  4.0991479E-01  3.2520061E+02  2.1507633E-06  1.0000000E-99  1.0000000E-99  1.0000000E-99
 2034  8.4593768E+04  4.1011652E-01  3.2536064E+02  2.1507633E-06  1.0000000E-99  1.0000000E-99  1.0000000E-99
 2035  8.4635378E+04  4.1031825E-01  3.2552068E+02  2.1507633E-06  1.0000000E-99  1.0000000E-99  1.0000000E-99
 2036  8.4676987E+04  4.1051998E-01  3.2568072E+02  2.1507633E-06  1.0000000E-99  1.0000000E-99  1.0000000E-99
 2037  8.4718597E+04  4.1072170E-01  3.2584076E+02  2.1507633E-06  1.0000000E-99  1.0000000E-99  1.0000000E-99
 2038  8.4760207E+04  4.1092343E-01  3.2600080E+02  2.1507633E-06  1.0000000E-99  1.0000000E-99  1.0000000E-99
 2039  8.4801817E+04  4.1112516E-01  3.2616084E+02  2.1507633E-06  1.0000000E-99  1.0000000E-99  1.0000000E-99
 2040  8.4843427E+04  4.1132689E-01  3.2632087E+02  2.1507633E-06  1.0000000E-99  1.0000000E-99  1.0000000E-99
 2041  8.4885037E+04  4.1152862E-01  3.2648091E+02  2.1507633E-06  1.0000000E-99  1.0000000E-99  1.0000000E-99
 2042  8.4926647E+04  4.1173034E-01  3.2664095E+02  2.1507633E-06  1.0000000E-99  1.0000000E-99  1.0000000E-99
 2043  8.4968257E+04  4.1193207E-01  3.2680099E+02  2.1507633E-06  1.0000000E-99  1.0000000E-99  1.0000000E-99
 2044  8.5009867E+04  4.1213380E-01  3.2696103E+02  2.1507633E-06  1.0000000E-99  1.0000000E-99  1.0000000E-99
 2045  8.5051477E+04  4.1233553E-01  3.2712107E+02  2.1507633E-06  1.0000000E-99  1.0000000E-99  1.0000000E-99
 2046  8.5093087E+04  4.1253726E-01  3.2728110E+02  2.1507633E-06  1.0000000E-99  1.0000000E-99  1.0000000E-99
 2047  8.5134697E+04  4.1273898E-01  3.2744114E+02  2.1507633E-06  1.0000000E-99  1.0000000E-99  1.0000000E-99
 2048  8.5176307E+04  4.1294071E-01  3.2760118E+02  2.1507633E-06  1.0000000E-99  1.0000000E-99  1.0000000E-99
 2049  8.5217917E+04  4.1314244E-01  3.2776122E+02  2.1507633E-06  1.0000000E-99  1.0000000E-99  1.0000000E-99
 2050  8.5259527E+04  4.1334417E-01  3.2792126E+02  2.1507633E-06  1.0000000E-99  1.0000000E-99  1.0000000E-99
 2051  8.5301137E+04  4.1354590E-01  3.2808130E+02  2.1507633E-06  1.0000000E-99  1.0000000E-99  1.0000000E-99
 2052  8.5342747E+04  4.1374762E-01  3.2824133E+02  2.1507633E-06  1.0000000E-99  1.0000000E-99  1.0000000E-99
 2053  8.5384357E+04  4.1394935E-01  3.2840137E+02  2.1507633E-06  1.0000000E-99  1.0000000E-99  1.0000000E-99
 2054  8.5425967E+04  4.1415108E-01  3.2856141E+02  2.1507633E-06  1.0000000E-99  1.0000000E-99  1.0000000E-99
 2055  8.5467577E+04  4.1435281E-01  3.2872145E+02  2.1507633E-06  1.0000000E-99  1.0000000E-99  1.0000000E-99
 2056  8.5509187E+04  4.1455454E-01  3.2888149E+02  2.1507633E-06  1.0000000E-99  1.0000000E-99  1.0000000E-99
 2057  8.5550797E+04  4.1475626E-01  3.2904153E+02  2.1507633E-06  1.0000000E-99  1.0000000E-99  1.0000000E-99
 2058  8.5592406E+04  4.1495799E-01  3.2920156E+02  2.1507633E-06  1.0000000E-99  1.0000000E-99  1.0000000E-99
 2059  8.5634016E+04  4.1515972E-01  3.2936160E+02  2.1507633E-06  1.0000000E-99  1.0000000E-99  1.0000000E-99
 2060  8.5675626E+04  4.1536145E-01  3.2952164E+02  2.1507633E-06  1.0000000E-99  1.0000000E-99  1.0000000E-99
 2061  8.5717236E+04  4.1556318E-01  3.2968168E+02  2.1507633E-06  1.0000000E-99  1.0000000E-99  1.0000000E-99
 2062  8.5758846E+04  4.1576490E-01  3.2984172E+02  2.1507633E-06  1.0000000E-99  1.0000000E-99  1.0000000E-99
 2063  8.5800456E+04  4.1596663E-01  3.3000175E+02  2.1507633E-06  1.0000000E-99  1.0000000E-99  1.0000000E-99
 2064  8.5842066E+04  4.1616836E-01  3.3016179E+02  2.1507633E-06  1.0000000E-99  1.0000000E-99  1.0000000E-99
 2065  8.5883676E+04  4.1637009E-01  3.3032183E+02  2.1507633E-06  1.0000000E-99  1.0000000E-99  1.0000000E-99
 2066  8.5925286E+04  4.1657182E-01  3.3048187E+02  2.1507633E-06  1.0000000E-99  1.0000000E-99  1.0000000E-99
 2067  8.5966896E+04  4.1677354E-01  3.3064191E+02  2.1507633E-06  1.0000000E-99  1.0000000E-99  1.0000000E-99
 2068  8.6008506E+04  4.1697527E-01  3.3080195E+02  2.1507633E-06  1.0000000E-99  1.0000000E-99  1.0000000E-99
 2069  8.6050116E+04  4.1717700E-01  3.3096198E+02  2.1507633E-06  1.0000000E-99  1.0000000E-99  1.0000000E-99
 2070  8.6091726E+04  4.1737873E-01  3.3112202E+02  2.1507633E-06  1.0000000E-99  1.0000000E-99  1.0000000E-99
 2071  8.6133336E+04  4.1758046E-01  3.3128206E+02  2.1507633E-06  1.0000000E-99  1.0000000E-99  1.0000000E-99
 2072  8.6174946E+04  4.1778218E-01  3.3144210E+02  2.1507633E-06  1.0000000E-99  1.0000000E-99  1.0000000E-99
 2073  8.6216556E+04  4.1798391E-01  3.3160214E+02  2.1507633E-06  1.0000000E-99  1.0000000E-99  1.0000000E-99
 2074  8.6258166E+04  4.1818564E-01  3.3176218E+02  2.1507633E-06  1.0000000E-99  1.0000000E-99  1.0000000E-99
 2075  8.6299776E+04  4.1838737E-01  3.3192221E+02  2.1507633E-06  1.0000000E-99  1.0000000E-99  1.0000000E-99
 2076  8.6341386E+04  4.1858910E-01  3.3208225E+02  2.1507633E-06  1.0000000E-99  1.0000000E-99  1.0000000E-99
 2077  8.6382996E+04  4.1879082E-01  3.3224229E+02  2.1507633E-06  1.0000000E-99  1.0000000E-99  1.0000000E-99
 2078  8.6424606E+04  4.1899255E-01  3.3240233E+02  2.1507633E-06  1.0000000E-99  1.0000000E-99  1.0000000E-99
 2079  8.6466215E+04  4.1919428E-01  3.3256237E+02  2.1507633E-06  1.0000000E-99  1.0000000E-99  1.0000000E-99
 2080  8.6507825E+04  4.1939601E-01  3.3272241E+02  2.1507633E-06  1.0000000E-99  1.0000000E-99  1.0000000E-99
 2081  8.6549435E+04  4.1959774E-01  3.3288244E+02  2.1507633E-06  1.0000000E-99  1.0000000E-99  1.0000000E-99
 2082  8.6591045E+04  4.1979946E-01  3.3304248E+02  2.1507633E-06  1.0000000E-99  1.0000000E-99  1.0000000E-99
 2083  8.6632655E+04  4.2000119E-01  3.3320252E+02  2.1507633E-06  1.0000000E-99  1.0000000E-99  1.0000000E-99
 2084  8.6674265E+04  4.2020292E-01  3.3336256E+02  2.1507633E-06  1.0000000E-99  1.0000000E-99  1.0000000E-99
 2085  8.6715875E+04  4.2040465E-01  3.3352260E+02  2.1507633E-06  1.0000000E-99  1.0000000E-99  1.0000000E-99
 2086  8.6757485E+04  4.2060638E-01  3.3368264E+02  2.1507633E-06  1.0000000E-99  1.0000000E-99  1.0000000E-99
 2087  8.6799095E+04  4.2080810E-01  3.3384267E+02  2.1507633E-06  1.0000000E-99  1.0000000E-99  1.0000000E-99
 2088  8.6840705E+04  4.2100983E-01  3.3400271E+02  2.1507633E-06  1.0000000E-99  1.0000000E-99  1.0000000E-99
 2089  8.6882315E+04  4.2121156E-01  3.3416275E+02  2.1507633E-06  1.0000000E-99  1.0000000E-99  1.0000000E-99
 2090  8.6923925E+04  4.2141329E-01  3.3432279E+02  2.1507633E-06  1.0000000E-99  1.0000000E-99  1.0000000E-99
 2091  8.6965535E+04  4.2161502E-01  3.3448283E+02  2.1507633E-06  1.0000000E-99  1.0000000E-99  1.0000000E-99
 2092  8.7007145E+04  4.2181674E-01  3.3464286E+02  2.1507633E-06  1.0000000E-99  1.0000000E-99  1.0000000E-99
 2093  8.7048755E+04  4.2201847E-01  3.3480290E+02  2.1507633E-06  1.0000000E-99  1.0000000E-99  1.0000000E-99
 2094  8.7090365E+04  4.2222020E-01  3.3496294E+02  2.1507633E-06  1.0000000E-99  1.0000000E-99  1.0000000E-99
 2095  8.7131975E+04  4.2242193E-01  3.3512298E+02  2.1507633E-06  1.0000000E-99  1.0000000E-99  1.0000000E-99
 2096  8.7173585E+04  4.2262366E-01  3.3528302E+02  2.1507633E-06  1.0000000E-99  1.0000000E-99  1.0000000E-99
 2097  8.7215195E+04  4.2282538E-01  3.3544306E+02  2.1507633E-06  1.0000000E-99  1.0000000E-99  1.0000000E-99
 2098  8.7256805E+04  4.2302711E-01  3.3560309E+02  2.1507633E-06  1.0000000E-99  1.0000000E-99  1.0000000E-99
 2099  8.7298415E+04  4.2322884E-01  3.3576313E+02  2.1507633E-06  1.0000000E-99  1.0000000E-99  1.0000000E-99
 2100  8.7340025E+04  4.2343057E-01  3.3592317E+02  2.1507633E-06  1.0000000E-99  1.0000000E-99  1.0000000E-99
 2101  8.7381634E+04  4.2363230E-01  3.3608321E+02  2.1507633E-06  1.0000000E-99  1.0000000E-99  1.0000000E-99
 2102  8.7423244E+04  4.2383402E-01  3.3624325E+02  2.1507633E-06  1.0000000E-99  1.0000000E-99  1.0000000E-99
 2103  8.7464854E+04  4.2403575E-01  3.3640329E+02  2.1507633E-06  1.0000000E-99  1.0000000E-99  1.0000000E-99
 2104  8.7506464E+04  4.2423748E-01  3.3656332E+02  2.1507633E-06  1.0000000E-99  1.0000000E-99  1.0000000E-99
 2105  8.7548074E+04  4.2443921E-01  3.3672336E+02  2.1507633E-06  1.0000000E-99  1.0000000E-99  1.0000000E-99
 2106  8.7589684E+04  4.2464093E-01  3.3688340E+02  2.1507633E-06  1.0000000E-99  1.0000000E-99  1.0000000E-99
 2107  8.7631294E+04  4.2484266E-01  3.3704344E+02  2.1507633E-06  1.0000000E-99  1.0000000E-99  1.0000000E-99
 2108  8.7672904E+04  4.2504439E-01  3.3720348E+02  2.1507633E-06  1.0000000E-99  1.0000000E-99  1.0000000E-99
 2109  8.7714514E+04  4.2524612E-01  3.3736352E+02  2.1507633E-06  1.0000000E-99  1.0000000E-99  1.0000000E-99
 2110  8.7756124E+04  4.2544785E-01  3.3752355E+02  2.1507633E-06  1.0000000E-99  1.0000000E-99  1.0000000E-99
 2111  8.7797734E+04  4.2564957E-01  3.3768359E+02  2.1507633E-06  1.0000000E-99  1.0000000E-99  1.0000000E-99
 2112  8.7839344E+04  4.2585130E-01  3.3784363E+02  2.1507633E-06  1.0000000E-99  1.0000000E-99  1.0000000E-99
 2113  8.7880954E+04  4.2605303E-01  3.3800367E+02  2.1507633E-06  1.0000000E-99  1.0000000E-99  1.0000000E-99
 2114  8.7922564E+04  4.2625476E-01  3.3816371E+02  2.1507633E-06  1.0000000E-99  1.0000000E-99  1.0000000E-99
 2115  8.7964174E+04  4.2645649E-01  3.3832375E+02  2.1507633E-06  1.0000000E-99  1.0000000E-99  1.0000000E-99
 2116  8.8005784E+04  4.2665821E-01  3.3848378E+02  2.1507633E-06  1.0000000E-99  1.0000000E-99  1.0000000E-99
 2117  8.8047394E+04  4.2685994E-01  3.3864382E+02  2.1507633E-06  1.0000000E-99  1.0000000E-99  1.0000000E-99
 2118  8.8089004E+04  4.2706167E-01  3.3880386E+02  2.1507633E-06  1.0000000E-99  1.0000000E-99  1.0000000E-99
 2119  8.8130614E+04  4.2726340E-01  3.3896390E+02  2.1507633E-06  1.0000000E-99  1.0000000E-99  1.0000000E-99
 2120  8.8172224E+04  4.2746513E-01  3.3912394E+02  2.1507633E-06  1.0000000E-99  1.0000000E-99  1.0000000E-99
 2121  8.8213834E+04  4.2766685E-01  3.3928398E+02  2.1507633E-06  1.0000000E-99  1.0000000E-99  1.0000000E-99
 2122  8.8255443E+04  4.2786858E-01  3.3944401E+02  2.1507633E-06  1.0000000E-99  1.0000000E-99  1.0000000E-99
 2123  8.8297053E+04  4.2807031E-01  3.3960405E+02  2.1507633E-06  1.0000000E-99  1.0000000E-99  1.0000000E-99
 2124  8.8338663E+04  4.2827204E-01  3.3976409E+02  2.1507633E-06  1.0000000E-99  1.0000000E-99  1.0000000E-99
 2125  8.8380273E+04  4.2847377E-01  3.3992413E+02  2.1507633E-06  1.0000000E-99  1.0000000E-99  1.0000000E-99
 2126  8.8421883E+04  4.2867549E-01  3.4008417E+02  2.1507633E-06  1.0000000E-99  1.0000000E-99  1.0000000E-99
