! Date: 08/09/2026  Time: 12:05:46  Created by RADMC3D compiled on Jul 23 2026 22:03    
! Alexander Men’shchikov, DAp IRFU CEA Saclay, France                         
!
! RADIAL PROFILES OF SURFACE DENSITIES (cm^-2)
!
! Distance (pc): 2.60000000E+02  Mass-averaged Tdust (K): 6.31113857E+00
!
!   N   RADIUS(au)     RADIUS(pc)     RADIUS(as)      PROFILE        SLOPE          PROFILEBS      SLOPEBS
!
    1  1.4619447E+00  7.0876106E-06  5.6228643E-03  4.2278360E+23  9.4495401E-03  2.3089535E+23  1.7588068E-02
    2  8.4515231E+01  4.0973577E-04  3.2505858E-01  4.0688155E+23  9.4495401E-03  2.1499331E+23  1.7588068E-02
    3  1.6756852E+02  8.1238393E-04  6.4449430E-01  3.6963634E+23  9.4495401E-03  1.7774809E+23  1.7588068E-02
    4  2.5062180E+02  1.2150321E-03  9.6393002E-01  3.2819890E+23  9.4495401E-03  1.3631065E+23  1.7588068E-02
    5  3.3367509E+02  1.6176803E-03  1.2833657E+00  2.9538804E+23  1.4026004E-01  1.0349980E+23  2.7794086E-01
    6  4.1672838E+02  2.0203284E-03  1.6028015E+00  2.7030307E+23  2.9536461E-01  7.8414824E+22  6.5936914E-01
    7  4.9978166E+02  2.4229766E-03  1.9222372E+00  2.5296036E+23  3.6487413E-01  6.1072113E+22  9.6207205E-01
    8  5.8283495E+02  2.8256247E-03  2.2416729E+00  2.3948335E+23  3.6487413E-01  4.7595099E+22  1.2487539E+00
    9  6.6588824E+02  3.2282729E-03  2.5611086E+00  2.2897299E+23  3.5613057E-01  3.7084742E+22  1.3753835E+00
   10  7.4894152E+02  3.6309211E-03  2.8805443E+00  2.2254850E+23  3.3689065E-01  3.0660252E+22  1.6185132E+00
   11  8.3199481E+02  4.0335692E-03  3.1999800E+00  2.1746762E+23  2.4212371E-01  2.5579373E+22  1.6218119E+00
   12  9.1504810E+02  4.4362174E-03  3.5194158E+00  2.1199464E+23  2.4212371E-01  2.0106392E+22  1.7228193E+00
   13  9.9810138E+02  4.8388655E-03  3.8388515E+00  2.0993322E+23  2.1960747E-01  1.8044971E+22  1.6185132E+00
   14  1.0811547E+03  5.2415137E-03  4.1582872E+00  2.0611784E+23  2.1960747E-01  1.4229598E+22  1.7228193E+00
   15  1.1642080E+03  5.6441619E-03  4.4777229E+00  2.0485798E+23  1.1247370E-01  1.2969735E+22  1.2525855E+00
   16  1.2472612E+03  6.0468100E-03  4.7971586E+00  2.0302267E+23  1.1247370E-01  1.1134422E+22  1.2525855E+00
   17  1.3303145E+03  6.4494582E-03  5.1165943E+00  2.0115924E+23  1.3059692E-01  9.2709920E+21  2.2141780E+00
   18  1.4133678E+03  6.8521063E-03  5.4360301E+00  2.0025692E+23  8.2839948E-02  8.3686783E+21  1.6907937E+00
   19  1.4964211E+03  7.2547545E-03  5.7554658E+00  1.9885467E+23  1.2306084E-01  6.9664273E+21  2.2141780E+00
   20  1.5794744E+03  7.6574027E-03  6.0749015E+00  1.9781569E+23  9.6981317E-02  5.9274461E+21  2.8410811E+00
   21  1.6625277E+03  8.0600508E-03  6.3943372E+00  1.9724919E+23  7.4234835E-02  5.3609413E+21  1.9601898E+00
   22  1.7455810E+03  8.4626990E-03  6.7137729E+00  1.9648691E+23  7.9429184E-02  4.5986619E+21  2.9900335E+00
   23  1.8286342E+03  8.8653471E-03  7.0332086E+00  1.9545047E+23  7.9429184E-02  3.5622228E+21  2.9900335E+00
   24  1.9116875E+03  9.2679953E-03  7.3526444E+00  1.9512694E+23  5.5962475E-02  3.2386939E+21  2.1436517E+00
   25  1.9947408E+03  9.6706435E-03  7.6720801E+00  1.9473900E+23  4.6795695E-02  2.8507549E+21  3.0000718E+00
   26  2.0777941E+03  1.0073292E-02  7.9915158E+00  1.9421718E+23  4.6795695E-02  2.3289324E+21  3.0000718E+00
   27  2.1608474E+03  1.0475940E-02  8.3109515E+00  1.9350410E+23  4.6795695E-02  1.6158499E+21  3.0000718E+00
   28  2.2439007E+03  1.0878588E-02  8.6303872E+00  1.9330838E+23  4.6795695E-02  1.4201356E+21  3.4232478E+00
   29  2.3269540E+03  1.1281236E-02  8.9498229E+00  1.9308141E+23  3.2324574E-02  1.1931670E+21  4.7914204E+00
   30  2.4100073E+03  1.1683884E-02  9.2692587E+00  1.9280355E+23  3.2324574E-02  9.1530497E+20  4.7914204E+00
   31  2.4930605E+03  1.2086532E-02  9.5886944E+00  1.9239345E+23  3.2324574E-02  5.0520447E+20  4.7914204E+00
   32  2.5761138E+03  1.2489181E-02  9.9081301E+00  1.9201212E+23  4.1064826E-02  1.2387162E+20  7.5595018E+00
   33  2.6591671E+03  1.2891829E-02  1.0227566E+01  1.9189788E+23  4.1064826E-02  9.6319205E+18  1.7540458E+01
   34  2.7422204E+03  1.3294477E-02  1.0547002E+01  1.9176691E+23  2.2199429E-02  1.0000000E-99  1.7540458E+01
   35  2.8252737E+03  1.3697125E-02  1.0866437E+01  1.9161094E+23  2.2199429E-02  1.0000000E-99  1.0000000E-99
   36  2.9083270E+03  1.4099773E-02  1.1185873E+01  1.9140823E+23  2.2199429E-02  1.0000000E-99  1.0000000E-99
   37  2.9913803E+03  1.4502421E-02  1.1505309E+01  1.9099969E+23  2.7269845E-02  1.0000000E-99  1.0000000E-99
   38  3.0744335E+03  1.4905070E-02  1.1824744E+01  1.9095194E+23  2.7269845E-02  1.0000000E-99  1.0000000E-99
   39  3.1574868E+03  1.5307718E-02  1.2144180E+01  1.9089772E+23  1.0654472E-02  1.0000000E-99  1.0000000E-99
   40  3.2405401E+03  1.5710366E-02  1.2463616E+01  1.9083486E+23  1.0654472E-02  1.0000000E-99  1.0000000E-99
   41  3.3235934E+03  1.6113014E-02  1.2783052E+01  1.9075957E+23  1.0654472E-02  1.0000000E-99  1.0000000E-99
   42  3.4066467E+03  1.6515662E-02  1.3102487E+01  1.9066380E+23  1.2684596E-02  1.0000000E-99  1.0000000E-99
   43  3.4897000E+03  1.6918310E-02  1.3421923E+01  1.9052095E+23  1.5592257E-02  1.0000000E-99  1.0000000E-99
   44  3.5727533E+03  1.7320959E-02  1.3741359E+01  1.9031178E+23  2.0346551E-02  1.0000000E-99  1.0000000E-99
   45  3.6558066E+03  1.7723607E-02  1.4060794E+01  1.9031141E+23  2.0346551E-02  1.0000000E-99  1.0000000E-99
   46  3.7388598E+03  1.8126255E-02  1.4380230E+01  1.9030885E+23  6.0003415E-04  1.0000000E-99  1.0000000E-99
   47  3.8219131E+03  1.8528903E-02  1.4699666E+01  1.9030315E+23  6.0003415E-04  1.0000000E-99  1.0000000E-99
   48  3.9049664E+03  1.8931551E-02  1.5019102E+01  1.9029275E+23  6.0003415E-04  1.0000000E-99  1.0000000E-99
   49  3.9880197E+03  1.9334199E-02  1.5338537E+01  1.9027475E+23  1.3637358E-03  1.0000000E-99  1.0000000E-99
   50  4.0710730E+03  1.9736847E-02  1.5657973E+01  1.9024253E+23  2.5419451E-03  1.0000000E-99  1.0000000E-99
   51  4.1541263E+03  2.0139496E-02  1.5977409E+01  1.9017092E+23  4.4941565E-03  1.0000000E-99  1.0000000E-99
   52  4.2371796E+03  2.0542144E-02  1.6296844E+01  1.9008423E+23  8.2149034E-03  1.0000000E-99  1.0000000E-99
   53  4.3202328E+03  2.0944792E-02  1.6616280E+01  1.9013660E+23  1.4191761E-02  1.0000000E-99  1.0000000E-99
   54  4.4032861E+03  2.1347440E-02  1.6935716E+01  1.9019154E+23  1.5170783E-02  1.0000000E-99  1.0000000E-99
   55  4.4863394E+03  2.1750088E-02  1.7255152E+01  1.9024919E+23  1.5170783E-02  1.0000000E-99  1.0000000E-99
   56  4.5693927E+03  2.2152736E-02  1.7574587E+01  1.9030969E+23  1.5170783E-02  1.0000000E-99  1.0000000E-99
   57  4.6524460E+03  2.2555385E-02  1.7894023E+01  1.9037302E+23  1.6220200E-02  1.0000000E-99  1.0000000E-99
   58  4.7354993E+03  2.2958033E-02  1.8213459E+01  1.9043886E+23  1.7331808E-02  1.0000000E-99  1.0000000E-99
   59  4.8185526E+03  2.3360681E-02  1.8532894E+01  1.9050574E+23  1.8473046E-02  1.0000000E-99  1.0000000E-99
   60  4.9016058E+03  2.3763329E-02  1.8852330E+01  1.9056711E+23  1.8849144E-02  1.0000000E-99  1.0000000E-99
   61  4.9846591E+03  2.4165977E-02  1.9171766E+01  1.9059560E+23  1.8849144E-02  1.0000000E-99  1.0000000E-99
   62  5.0677124E+03  2.4568625E-02  1.9491202E+01  1.9074503E+23  1.8849144E-02  1.0000000E-99  1.0000000E-99
   63  5.1507657E+03  2.4971274E-02  1.9810637E+01  1.9092097E+23  1.8849144E-02  1.0000000E-99  1.0000000E-99
   64  5.2338190E+03  2.5373922E-02  2.0130073E+01  1.9114205E+23  4.7427596E-02  1.0000000E-99  1.0000000E-99
   65  5.3168723E+03  2.5776570E-02  2.0449509E+01  1.9147544E+23  5.6714093E-02  1.0000000E-99  1.0000000E-99
   66  5.3999256E+03  2.6179218E-02  2.0768944E+01  1.9189144E+23  7.2351346E-02  1.0000000E-99  1.0000000E-99
   67  5.4829789E+03  2.6581866E-02  2.1088380E+01  1.9188807E+23  7.2351346E-02  1.0000000E-99  1.0000000E-99
   68  5.5660321E+03  2.6984514E-02  2.1407816E+01  1.9188465E+23  1.1850015E-03  1.0000000E-99  1.0000000E-99
   69  5.6490854E+03  2.7387163E-02  2.1727252E+01  1.9188118E+23  1.1850015E-03  1.0000000E-99  1.0000000E-99
   70  5.7321387E+03  2.7789811E-02  2.2046687E+01  1.9187766E+23  1.1850015E-03  1.0000000E-99  1.0000000E-99
   71  5.8151920E+03  2.8192459E-02  2.2366123E+01  1.9187409E+23  1.2209483E-03  1.0000000E-99  1.0000000E-99
   72  5.8982453E+03  2.8595107E-02  2.2685559E+01  1.9187046E+23  1.2574343E-03  1.0000000E-99  1.0000000E-99
   73  5.9812986E+03  2.8997755E-02  2.3004995E+01  1.9186679E+23  1.2944594E-03  1.0000000E-99  1.0000000E-99
   74  6.0643519E+03  2.9400403E-02  2.3324430E+01  1.9186306E+23  1.3320238E-03  1.0000000E-99  1.0000000E-99
   75  6.1474051E+03  2.9803051E-02  2.3643866E+01  1.9185928E+23  1.3701277E-03  1.0000000E-99  1.0000000E-99
   76  6.2304584E+03  3.0205700E-02  2.3963302E+01  1.9185545E+23  1.4087712E-03  1.0000000E-99  1.0000000E-99
   77  6.3135117E+03  3.0608348E-02  2.4282737E+01  1.9185157E+23  1.4479543E-03  1.0000000E-99  1.0000000E-99
   78  6.3965650E+03  3.1010996E-02  2.4602173E+01  1.9184764E+23  1.4876773E-03  1.0000000E-99  1.0000000E-99
   79  6.4796183E+03  3.1413644E-02  2.4921609E+01  1.9184365E+23  1.5279402E-03  1.0000000E-99  1.0000000E-99
   80  6.5626716E+03  3.1816292E-02  2.5241045E+01  1.9183962E+23  1.5687432E-03  1.0000000E-99  1.0000000E-99
   81  6.6457249E+03  3.2218940E-02  2.5560480E+01  1.9183553E+23  1.6100865E-03  1.0000000E-99  1.0000000E-99
   82  6.7287782E+03  3.2621589E-02  2.5879916E+01  1.9183139E+23  1.6519700E-03  1.0000000E-99  1.0000000E-99
   83  6.8118314E+03  3.3024237E-02  2.6199352E+01  1.9182720E+23  1.6943940E-03  1.0000000E-99  1.0000000E-99
   84  6.8948847E+03  3.3426885E-02  2.6518787E+01  1.9182296E+23  1.7373587E-03  1.0000000E-99  1.0000000E-99
   85  6.9779380E+03  3.3829533E-02  2.6838223E+01  1.9181866E+23  1.7808641E-03  1.0000000E-99  1.0000000E-99
   86  7.0609913E+03  3.4232181E-02  2.7157659E+01  1.9181432E+23  1.8249104E-03  1.0000000E-99  1.0000000E-99
   87  7.1440446E+03  3.4634829E-02  2.7477095E+01  1.9180992E+23  1.8694977E-03  1.0000000E-99  1.0000000E-99
   88  7.2270979E+03  3.5037478E-02  2.7796530E+01  1.9180547E+23  1.9146263E-03  1.0000000E-99  1.0000000E-99
   89  7.3101512E+03  3.5440126E-02  2.8115966E+01  1.9180097E+23  1.9602961E-03  1.0000000E-99  1.0000000E-99
   90  7.3932044E+03  3.5842774E-02  2.8435402E+01  1.9179642E+23  2.0065074E-03  1.0000000E-99  1.0000000E-99
   91  7.4762577E+03  3.6245422E-02  2.8754837E+01  1.9179182E+23  2.0532603E-03  1.0000000E-99  1.0000000E-99
   92  7.5593110E+03  3.6648070E-02  2.9074273E+01  1.9178716E+23  2.1005551E-03  1.0000000E-99  1.0000000E-99
   93  7.6423643E+03  3.7050718E-02  2.9393709E+01  1.9178246E+23  2.1483917E-03  1.0000000E-99  1.0000000E-99
   94  7.7254176E+03  3.7453367E-02  2.9713145E+01  1.9177770E+23  2.1967704E-03  1.0000000E-99  1.0000000E-99
   95  7.8084709E+03  3.7856015E-02  3.0032580E+01  1.9177289E+23  2.2456914E-03  1.0000000E-99  1.0000000E-99
   96  7.8915242E+03  3.8258663E-02  3.0352016E+01  1.9176803E+23  2.2951547E-03  1.0000000E-99  1.0000000E-99
   97  7.9745774E+03  3.8661311E-02  3.0671452E+01  1.9176312E+23  2.3451606E-03  1.0000000E-99  1.0000000E-99
   98  8.0576307E+03  3.9063959E-02  3.0990887E+01  1.9175815E+23  2.3957093E-03  1.0000000E-99  1.0000000E-99
   99  8.1406840E+03  3.9466607E-02  3.1310323E+01  1.9175314E+23  2.4468008E-03  1.0000000E-99  1.0000000E-99
  100  8.2237373E+03  3.9869255E-02  3.1629759E+01  1.9174807E+23  2.4984353E-03  1.0000000E-99  1.0000000E-99
  101  8.3067906E+03  4.0271904E-02  3.1949195E+01  1.9174295E+23  2.5506131E-03  1.0000000E-99  1.0000000E-99
  102  8.3898439E+03  4.0674552E-02  3.2268630E+01  1.9173778E+23  2.6033343E-03  1.0000000E-99  1.0000000E-99
  103  8.4728972E+03  4.1077200E-02  3.2588066E+01  1.9173256E+23  2.6565990E-03  1.0000000E-99  1.0000000E-99
  104  8.5559505E+03  4.1479848E-02  3.2907502E+01  1.9172729E+23  2.7104074E-03  1.0000000E-99  1.0000000E-99
  105  8.6390037E+03  4.1882496E-02  3.3226937E+01  1.9172196E+23  2.7647597E-03  1.0000000E-99  1.0000000E-99
  106  8.7220570E+03  4.2285144E-02  3.3546373E+01  1.9171658E+23  2.8196561E-03  1.0000000E-99  1.0000000E-99
  107  8.8051103E+03  4.2687793E-02  3.3865809E+01  1.9171116E+23  2.8750968E-03  1.0000000E-99  1.0000000E-99
  108  8.8881636E+03  4.3090441E-02  3.4185245E+01  1.9170568E+23  2.9310819E-03  1.0000000E-99  1.0000000E-99
  109  8.9712169E+03  4.3493089E-02  3.4504680E+01  1.9170014E+23  2.9876116E-03  1.0000000E-99  1.0000000E-99
  110  9.0542702E+03  4.3895737E-02  3.4824116E+01  1.9169456E+23  3.0446861E-03  1.0000000E-99  1.0000000E-99
  111  9.1373235E+03  4.4298385E-02  3.5143552E+01  1.9168893E+23  3.1023055E-03  1.0000000E-99  1.0000000E-99
  112  9.2203767E+03  4.4701033E-02  3.5462987E+01  1.9168324E+23  3.1604702E-03  1.0000000E-99  1.0000000E-99
  113  9.3034300E+03  4.5103682E-02  3.5782423E+01  1.9167750E+23  3.2191802E-03  1.0000000E-99  1.0000000E-99
  114  9.3864833E+03  4.5506330E-02  3.6101859E+01  1.9167171E+23  3.2784357E-03  1.0000000E-99  1.0000000E-99
  115  9.4695366E+03  4.5908978E-02  3.6421295E+01  1.9166587E+23  3.3382370E-03  1.0000000E-99  1.0000000E-99
  116  9.5525899E+03  4.6311626E-02  3.6740730E+01  1.9165998E+23  3.3985843E-03  1.0000000E-99  1.0000000E-99
  117  9.6356432E+03  4.6714274E-02  3.7060166E+01  1.9165403E+23  3.4594776E-03  1.0000000E-99  1.0000000E-99
  118  9.7186965E+03  4.7116922E-02  3.7379602E+01  1.9164804E+23  3.5209173E-03  1.0000000E-99  1.0000000E-99
  119  9.8017498E+03  4.7519571E-02  3.7699038E+01  1.9164199E+23  3.5829035E-03  1.0000000E-99  1.0000000E-99
  120  9.8848030E+03  4.7922219E-02  3.8018473E+01  1.9163589E+23  3.6454364E-03  1.0000000E-99  1.0000000E-99
  121  9.9678563E+03  4.8324867E-02  3.8337909E+01  1.9162974E+23  3.7085163E-03  1.0000000E-99  1.0000000E-99
  122  1.0050910E+04  4.8727515E-02  3.8657345E+01  1.9162354E+23  3.7721433E-03  1.0000000E-99  1.0000000E-99
  123  1.0133963E+04  4.9130163E-02  3.8976780E+01  1.9161728E+23  3.8363176E-03  1.0000000E-99  1.0000000E-99
  124  1.0217016E+04  4.9532811E-02  3.9296216E+01  1.9161098E+23  3.9010395E-03  1.0000000E-99  1.0000000E-99
  125  1.0300069E+04  4.9935459E-02  3.9615652E+01  1.9160462E+23  3.9663092E-03  1.0000000E-99  1.0000000E-99
  126  1.0383123E+04  5.0338108E-02  3.9935088E+01  1.9159821E+23  4.0321268E-03  1.0000000E-99  1.0000000E-99
  127  1.0466176E+04  5.0740756E-02  4.0254523E+01  1.9159175E+23  4.0984926E-03  1.0000000E-99  1.0000000E-99
  128  1.0549229E+04  5.1143404E-02  4.0573959E+01  1.9158523E+23  4.1654068E-03  1.0000000E-99  1.0000000E-99
  129  1.0632283E+04  5.1546052E-02  4.0893395E+01  1.9157867E+23  4.2328696E-03  1.0000000E-99  1.0000000E-99
  130  1.0715336E+04  5.1948700E-02  4.1212830E+01  1.9157205E+23  4.3008813E-03  1.0000000E-99  1.0000000E-99
  131  1.0798389E+04  5.2351348E-02  4.1532266E+01  1.9156539E+23  4.3694420E-03  1.0000000E-99  1.0000000E-99
  132  1.0881442E+04  5.2753997E-02  4.1851702E+01  1.9155867E+23  4.4385520E-03  1.0000000E-99  1.0000000E-99
  133  1.0964496E+04  5.3156645E-02  4.2171138E+01  1.9155189E+23  4.5082116E-03  1.0000000E-99  1.0000000E-99
  134  1.1047549E+04  5.3559293E-02  4.2490573E+01  1.9154507E+23  4.5784208E-03  1.0000000E-99  1.0000000E-99
  135  1.1130602E+04  5.3961941E-02  4.2810009E+01  1.9153820E+23  4.6491800E-03  1.0000000E-99  1.0000000E-99
  136  1.1213656E+04  5.4364589E-02  4.3129445E+01  1.9153127E+23  4.7204894E-03  1.0000000E-99  1.0000000E-99
  137  1.1296709E+04  5.4767237E-02  4.3448880E+01  1.9152429E+23  4.7923493E-03  1.0000000E-99  1.0000000E-99
  138  1.1379762E+04  5.5169886E-02  4.3768316E+01  1.9151726E+23  4.8647598E-03  1.0000000E-99  1.0000000E-99
  139  1.1462815E+04  5.5572534E-02  4.4087752E+01  1.9151018E+23  4.9377211E-03  1.0000000E-99  1.0000000E-99
  140  1.1545869E+04  5.5975182E-02  4.4407188E+01  1.9150304E+23  5.0112337E-03  1.0000000E-99  1.0000000E-99
  141  1.1628922E+04  5.6377830E-02  4.4726623E+01  1.9149586E+23  5.0852976E-03  1.0000000E-99  1.0000000E-99
  142  1.1711975E+04  5.6780478E-02  4.5046059E+01  1.9148862E+23  5.1599131E-03  1.0000000E-99  1.0000000E-99
  143  1.1795029E+04  5.7183126E-02  4.5365495E+01  1.9148133E+23  5.2350804E-03  1.0000000E-99  1.0000000E-99
  144  1.1878082E+04  5.7585775E-02  4.5684930E+01  1.9147399E+23  5.3107999E-03  1.0000000E-99  1.0000000E-99
  145  1.1961135E+04  5.7988423E-02  4.6004366E+01  1.9146660E+23  5.3870717E-03  1.0000000E-99  1.0000000E-99
  146  1.2044188E+04  5.8391071E-02  4.6323802E+01  1.9145915E+23  5.4638961E-03  1.0000000E-99  1.0000000E-99
  147  1.2127242E+04  5.8793719E-02  4.6643238E+01  1.9145166E+23  5.5412734E-03  1.0000000E-99  1.0000000E-99
  148  1.2210295E+04  5.9196367E-02  4.6962673E+01  1.9144411E+23  5.6192037E-03  1.0000000E-99  1.0000000E-99
  149  1.2293348E+04  5.9599015E-02  4.7282109E+01  1.9143651E+23  5.6976875E-03  1.0000000E-99  1.0000000E-99
  150  1.2376402E+04  6.0001664E-02  4.7601545E+01  1.9142886E+23  5.7767248E-03  1.0000000E-99  1.0000000E-99
  151  1.2459455E+04  6.0404312E-02  4.7920980E+01  1.9142115E+23  5.8563160E-03  1.0000000E-99  1.0000000E-99
  152  1.2542508E+04  6.0806960E-02  4.8240416E+01  1.9141340E+23  5.9364613E-03  1.0000000E-99  1.0000000E-99
  153  1.2625561E+04  6.1209608E-02  4.8559852E+01  1.9140559E+23  6.0171611E-03  1.0000000E-99  1.0000000E-99
  154  1.2708615E+04  6.1612256E-02  4.8879288E+01  1.9139773E+23  6.0984154E-03  1.0000000E-99  1.0000000E-99
  155  1.2791668E+04  6.2014904E-02  4.9198723E+01  1.9138982E+23  6.1802247E-03  1.0000000E-99  1.0000000E-99
  156  1.2874721E+04  6.2417552E-02  4.9518159E+01  1.9138186E+23  6.2625892E-03  1.0000000E-99  1.0000000E-99
  157  1.2957775E+04  6.2820201E-02  4.9837595E+01  1.9137384E+23  6.3455092E-03  1.0000000E-99  1.0000000E-99
  158  1.3040828E+04  6.3222849E-02  5.0157030E+01  1.9136578E+23  6.4289849E-03  1.0000000E-99  1.0000000E-99
  159  1.3123881E+04  6.3625497E-02  5.0476466E+01  1.9135766E+23  6.5130165E-03  1.0000000E-99  1.0000000E-99
  160  1.3206934E+04  6.4028145E-02  5.0795902E+01  1.9134949E+23  6.5976045E-03  1.0000000E-99  1.0000000E-99
  161  1.3289988E+04  6.4430793E-02  5.1115338E+01  1.9134126E+23  6.6827490E-03  1.0000000E-99  1.0000000E-99
  162  1.3373041E+04  6.4833441E-02  5.1434773E+01  1.9133299E+23  6.7684504E-03  1.0000000E-99  1.0000000E-99
  163  1.3456094E+04  6.5236090E-02  5.1754209E+01  1.9132466E+23  6.8547088E-03  1.0000000E-99  1.0000000E-99
  164  1.3539148E+04  6.5638738E-02  5.2073645E+01  1.9131629E+23  6.9415247E-03  1.0000000E-99  1.0000000E-99
  165  1.3622201E+04  6.6041386E-02  5.2393080E+01  1.9130786E+23  7.0288982E-03  1.0000000E-99  1.0000000E-99
  166  1.3705254E+04  6.6444034E-02  5.2712516E+01  1.9129937E+23  7.1168298E-03  1.0000000E-99  1.0000000E-99
  167  1.3788308E+04  6.6846682E-02  5.3031952E+01  1.9129084E+23  7.2053195E-03  1.0000000E-99  1.0000000E-99
  168  1.3871361E+04  6.7249330E-02  5.3351388E+01  1.9128225E+23  7.2943678E-03  1.0000000E-99  1.0000000E-99
  169  1.3954414E+04  6.7651979E-02  5.3670823E+01  1.9127362E+23  7.3839750E-03  1.0000000E-99  1.0000000E-99
  170  1.4037467E+04  6.8054627E-02  5.3990259E+01  1.9126493E+23  7.4741413E-03  1.0000000E-99  1.0000000E-99
  171  1.4120521E+04  6.8457275E-02  5.4309695E+01  1.9125618E+23  7.5648670E-03  1.0000000E-99  1.0000000E-99
  172  1.4203574E+04  6.8859923E-02  5.4629131E+01  1.9124739E+23  7.6561525E-03  1.0000000E-99  1.0000000E-99
  173  1.4286627E+04  6.9262571E-02  5.4948566E+01  1.9123854E+23  7.7479979E-03  1.0000000E-99  1.0000000E-99
  174  1.4369681E+04  6.9665219E-02  5.5268002E+01  1.9122965E+23  7.8404037E-03  1.0000000E-99  1.0000000E-99
  175  1.4452734E+04  7.0067868E-02  5.5587438E+01  1.9122070E+23  7.9333702E-03  1.0000000E-99  1.0000000E-99
  176  1.4535787E+04  7.0470516E-02  5.5906873E+01  1.9121169E+23  8.0268975E-03  1.0000000E-99  1.0000000E-99
  177  1.4618840E+04  7.0873164E-02  5.6226309E+01  1.9120264E+23  8.1209862E-03  1.0000000E-99  1.0000000E-99
  178  1.4701894E+04  7.1275812E-02  5.6545745E+01  1.9119354E+23  8.2156363E-03  1.0000000E-99  1.0000000E-99
  179  1.4784947E+04  7.1678460E-02  5.6865181E+01  1.9118438E+23  8.3108484E-03  1.0000000E-99  1.0000000E-99
  180  1.4868000E+04  7.2081108E-02  5.7184616E+01  1.9117517E+23  8.4066226E-03  1.0000000E-99  1.0000000E-99
  181  1.4951054E+04  7.2483756E-02  5.7504052E+01  1.9116591E+23  8.5029593E-03  1.0000000E-99  1.0000000E-99
  182  1.5034107E+04  7.2886405E-02  5.7823488E+01  1.9115659E+23  8.5998588E-03  1.0000000E-99  1.0000000E-99
  183  1.5117160E+04  7.3289053E-02  5.8142923E+01  1.9114723E+23  8.6973215E-03  1.0000000E-99  1.0000000E-99
  184  1.5200213E+04  7.3691701E-02  5.8462359E+01  1.9113781E+23  8.7953476E-03  1.0000000E-99  1.0000000E-99
  185  1.5283267E+04  7.4094349E-02  5.8781795E+01  1.9112834E+23  8.8939375E-03  1.0000000E-99  1.0000000E-99
  186  1.5366320E+04  7.4496997E-02  5.9101231E+01  1.9111882E+23  8.9930915E-03  1.0000000E-99  1.0000000E-99
  187  1.5449373E+04  7.4899645E-02  5.9420666E+01  1.9110924E+23  9.0928099E-03  1.0000000E-99  1.0000000E-99
  188  1.5532427E+04  7.5302294E-02  5.9740102E+01  1.9109961E+23  9.1930931E-03  1.0000000E-99  1.0000000E-99
  189  1.5615480E+04  7.5704942E-02  6.0059538E+01  1.9108994E+23  9.2939413E-03  1.0000000E-99  1.0000000E-99
  190  1.5698533E+04  7.6107590E-02  6.0378973E+01  1.9108021E+23  9.3953550E-03  1.0000000E-99  1.0000000E-99
  191  1.5781586E+04  7.6510238E-02  6.0698409E+01  1.9107042E+23  9.4973344E-03  1.0000000E-99  1.0000000E-99
  192  1.5864640E+04  7.6912886E-02  6.1017845E+01  1.9106059E+23  9.5998800E-03  1.0000000E-99  1.0000000E-99
  193  1.5947693E+04  7.7315534E-02  6.1337281E+01  1.9105070E+23  9.7029919E-03  1.0000000E-99  1.0000000E-99
  194  1.6030746E+04  7.7718183E-02  6.1656716E+01  1.9104076E+23  9.8066707E-03  1.0000000E-99  1.0000000E-99
  195  1.6113800E+04  7.8120831E-02  6.1976152E+01  1.9103077E+23  9.9109165E-03  1.0000000E-99  1.0000000E-99
  196  1.6196853E+04  7.8523479E-02  6.2295588E+01  1.9102073E+23  1.0015730E-02  1.0000000E-99  1.0000000E-99
  197  1.6279906E+04  7.8926127E-02  6.2615023E+01  1.9101063E+23  1.0121111E-02  1.0000000E-99  1.0000000E-99
  198  1.6362959E+04  7.9328775E-02  6.2934459E+01  1.9100048E+23  1.0227060E-02  1.0000000E-99  1.0000000E-99
  199  1.6446013E+04  7.9731423E-02  6.3253895E+01  1.9099028E+23  1.0333578E-02  1.0000000E-99  1.0000000E-99
  200  1.6529066E+04  8.0134072E-02  6.3573331E+01  1.9098003E+23  1.0440665E-02  1.0000000E-99  1.0000000E-99
  201  1.6612119E+04  8.0536720E-02  6.3892766E+01  1.9096973E+23  1.0548320E-02  1.0000000E-99  1.0000000E-99
  202  1.6695173E+04  8.0939368E-02  6.4212202E+01  1.9095937E+23  1.0656546E-02  1.0000000E-99  1.0000000E-99
  203  1.6778226E+04  8.1342016E-02  6.4531638E+01  1.9094896E+23  1.0765341E-02  1.0000000E-99  1.0000000E-99
  204  1.6861279E+04  8.1744664E-02  6.4851073E+01  1.9093850E+23  1.0874707E-02  1.0000000E-99  1.0000000E-99
  205  1.6944332E+04  8.2147312E-02  6.5170509E+01  1.9092799E+23  1.0984643E-02  1.0000000E-99  1.0000000E-99
  206  1.7027386E+04  8.2549960E-02  6.5489945E+01  1.9091742E+23  1.1095150E-02  1.0000000E-99  1.0000000E-99
  207  1.7110439E+04  8.2952609E-02  6.5809381E+01  1.9090680E+23  1.1206229E-02  1.0000000E-99  1.0000000E-99
  208  1.7193492E+04  8.3355257E-02  6.6128816E+01  1.9089613E+23  1.1317879E-02  1.0000000E-99  1.0000000E-99
  209  1.7276546E+04  8.3757905E-02  6.6448252E+01  1.9088541E+23  1.1430102E-02  1.0000000E-99  1.0000000E-99
  210  1.7359599E+04  8.4160553E-02  6.6767688E+01  1.9087464E+23  1.1542897E-02  1.0000000E-99  1.0000000E-99
  211  1.7442652E+04  8.4563201E-02  6.7087123E+01  1.9086381E+23  1.1656265E-02  1.0000000E-99  1.0000000E-99
  212  1.7525705E+04  8.4965849E-02  6.7406559E+01  1.9085293E+23  1.1770206E-02  1.0000000E-99  1.0000000E-99
  213  1.7608759E+04  8.5368498E-02  6.7725995E+01  1.9084200E+23  1.1884721E-02  1.0000000E-99  1.0000000E-99
  214  1.7691812E+04  8.5771146E-02  6.8045431E+01  1.9083101E+23  1.1999810E-02  1.0000000E-99  1.0000000E-99
  215  1.7774865E+04  8.6173794E-02  6.8364866E+01  1.9081998E+23  1.2115473E-02  1.0000000E-99  1.0000000E-99
  216  1.7857919E+04  8.6576442E-02  6.8684302E+01  1.9080889E+23  1.2231711E-02  1.0000000E-99  1.0000000E-99
  217  1.7940972E+04  8.6979090E-02  6.9003738E+01  1.9079775E+23  1.2348524E-02  1.0000000E-99  1.0000000E-99
  218  1.8024025E+04  8.7381738E-02  6.9323174E+01  1.9078656E+23  1.2465912E-02  1.0000000E-99  1.0000000E-99
  219  1.8107078E+04  8.7784387E-02  6.9642609E+01  1.9077531E+23  1.2583877E-02  1.0000000E-99  1.0000000E-99
  220  1.8190132E+04  8.8187035E-02  6.9962045E+01  1.9076401E+23  1.2702418E-02  1.0000000E-99  1.0000000E-99
  221  1.8273185E+04  8.8589683E-02  7.0281481E+01  1.9075266E+23  1.2821536E-02  1.0000000E-99  1.0000000E-99
  222  1.8356238E+04  8.8992331E-02  7.0600916E+01  1.9074126E+23  1.2941230E-02  1.0000000E-99  1.0000000E-99
  223  1.8439292E+04  8.9394979E-02  7.0920352E+01  1.9072980E+23  1.3061503E-02  1.0000000E-99  1.0000000E-99
  224  1.8522345E+04  8.9797627E-02  7.1239788E+01  1.9071830E+23  1.3182353E-02  1.0000000E-99  1.0000000E-99
  225  1.8605398E+04  9.0200276E-02  7.1559224E+01  1.9070674E+23  1.3303781E-02  1.0000000E-99  1.0000000E-99
  226  1.8688451E+04  9.0602924E-02  7.1878659E+01  1.9069512E+23  1.3425789E-02  1.0000000E-99  1.0000000E-99
  227  1.8771505E+04  9.1005572E-02  7.2198095E+01  1.9068346E+23  1.3548375E-02  1.0000000E-99  1.0000000E-99
  228  1.8854558E+04  9.1408220E-02  7.2517531E+01  1.9067174E+23  1.3671541E-02  1.0000000E-99  1.0000000E-99
  229  1.8937611E+04  9.1810868E-02  7.2836966E+01  1.9065997E+23  1.3795287E-02  1.0000000E-99  1.0000000E-99
  230  1.9020665E+04  9.2213516E-02  7.3156402E+01  1.9064815E+23  1.3919613E-02  1.0000000E-99  1.0000000E-99
  231  1.9103718E+04  9.2616164E-02  7.3475838E+01  1.9063628E+23  1.4044520E-02  1.0000000E-99  1.0000000E-99
  232  1.9186771E+04  9.3018813E-02  7.3795274E+01  1.9062435E+23  1.4170009E-02  1.0000000E-99  1.0000000E-99
  233  1.9269824E+04  9.3421461E-02  7.4114709E+01  1.9061237E+23  1.4296079E-02  1.0000000E-99  1.0000000E-99
  234  1.9352878E+04  9.3824109E-02  7.4434145E+01  1.9060034E+23  1.4422731E-02  1.0000000E-99  1.0000000E-99
  235  1.9435931E+04  9.4226757E-02  7.4753581E+01  1.9058825E+23  1.4549965E-02  1.0000000E-99  1.0000000E-99
  236  1.9518984E+04  9.4629405E-02  7.5073016E+01  1.9057611E+23  1.4677783E-02  1.0000000E-99  1.0000000E-99
  237  1.9602038E+04  9.5032053E-02  7.5392452E+01  1.9056393E+23  1.4806183E-02  1.0000000E-99  1.0000000E-99
  238  1.9685091E+04  9.5434702E-02  7.5711888E+01  1.9055168E+23  1.4935168E-02  1.0000000E-99  1.0000000E-99
  239  1.9768144E+04  9.5837350E-02  7.6031324E+01  1.9053939E+23  1.5064737E-02  1.0000000E-99  1.0000000E-99
  240  1.9851197E+04  9.6239998E-02  7.6350759E+01  1.9052704E+23  1.5194890E-02  1.0000000E-99  1.0000000E-99
  241  1.9934251E+04  9.6642646E-02  7.6670195E+01  1.9051464E+23  1.5325628E-02  1.0000000E-99  1.0000000E-99
  242  2.0017304E+04  9.7045294E-02  7.6989631E+01  1.9050219E+23  1.5456952E-02  1.0000000E-99  1.0000000E-99
  243  2.0100357E+04  9.7447942E-02  7.7309066E+01  1.9048968E+23  1.5588862E-02  1.0000000E-99  1.0000000E-99
  244  2.0183411E+04  9.7850591E-02  7.7628502E+01  1.9047713E+23  1.5721358E-02  1.0000000E-99  1.0000000E-99
  245  2.0266464E+04  9.8253239E-02  7.7947938E+01  1.9046452E+23  1.5854441E-02  1.0000000E-99  1.0000000E-99
  246  2.0349517E+04  9.8655887E-02  7.8267374E+01  1.9045185E+23  1.5988112E-02  1.0000000E-99  1.0000000E-99
  247  2.0432570E+04  9.9058535E-02  7.8586809E+01  1.9043914E+23  1.6122370E-02  1.0000000E-99  1.0000000E-99
  248  2.0515624E+04  9.9461183E-02  7.8906245E+01  1.9042637E+23  1.6257216E-02  1.0000000E-99  1.0000000E-99
  249  2.0598677E+04  9.9863831E-02  7.9225681E+01  1.9041355E+23  1.6392651E-02  1.0000000E-99  1.0000000E-99
  250  2.0681730E+04  1.0026648E-01  7.9545116E+01  1.9040067E+23  1.6528675E-02  1.0000000E-99  1.0000000E-99
  251  2.0764784E+04  1.0066913E-01  7.9864552E+01  1.9038775E+23  1.6665289E-02  1.0000000E-99  1.0000000E-99
  252  2.0847837E+04  1.0107178E-01  8.0183988E+01  1.9037477E+23  1.6802493E-02  1.0000000E-99  1.0000000E-99
  253  2.0930890E+04  1.0147442E-01  8.0503424E+01  1.9036174E+23  1.6940287E-02  1.0000000E-99  1.0000000E-99
  254  2.1013943E+04  1.0187707E-01  8.0822859E+01  1.9034865E+23  1.7078672E-02  1.0000000E-99  1.0000000E-99
  255  2.1096997E+04  1.0227972E-01  8.1142295E+01  1.9033552E+23  1.7217648E-02  1.0000000E-99  1.0000000E-99
  256  2.1180050E+04  1.0268237E-01  8.1461731E+01  1.9032233E+23  1.7357216E-02  1.0000000E-99  1.0000000E-99
  257  2.1263103E+04  1.0308502E-01  8.1781166E+01  1.9030908E+23  1.7497377E-02  1.0000000E-99  1.0000000E-99
  258  2.1346157E+04  1.0348766E-01  8.2100602E+01  1.9029579E+23  1.7638131E-02  1.0000000E-99  1.0000000E-99
  259  2.1429210E+04  1.0389031E-01  8.2420038E+01  1.9028244E+23  1.7779478E-02  1.0000000E-99  1.0000000E-99
  260  2.1512263E+04  1.0429296E-01  8.2739474E+01  1.9026904E+23  1.7921418E-02  1.0000000E-99  1.0000000E-99
  261  2.1595316E+04  1.0469561E-01  8.3058909E+01  1.9025558E+23  1.8063953E-02  1.0000000E-99  1.0000000E-99
  262  2.1678370E+04  1.0509826E-01  8.3378345E+01  1.9024208E+23  1.8207083E-02  1.0000000E-99  1.0000000E-99
  263  2.1761423E+04  1.0550091E-01  8.3697781E+01  1.9022852E+23  1.8350808E-02  1.0000000E-99  1.0000000E-99
  264  2.1844476E+04  1.0590355E-01  8.4017217E+01  1.9021491E+23  1.8495128E-02  1.0000000E-99  1.0000000E-99
  265  2.1927530E+04  1.0630620E-01  8.4336652E+01  1.9020124E+23  1.8640045E-02  1.0000000E-99  1.0000000E-99
  266  2.2010583E+04  1.0670885E-01  8.4656088E+01  1.9018752E+23  1.8785558E-02  1.0000000E-99  1.0000000E-99
  267  2.2093636E+04  1.0711150E-01  8.4975524E+01  1.9017375E+23  1.8931669E-02  1.0000000E-99  1.0000000E-99
  268  2.2176689E+04  1.0751415E-01  8.5294959E+01  1.9015993E+23  1.9078377E-02  1.0000000E-99  1.0000000E-99
  269  2.2259743E+04  1.0791679E-01  8.5614395E+01  1.9014605E+23  1.9225684E-02  1.0000000E-99  1.0000000E-99
  270  2.2342796E+04  1.0831944E-01  8.5933831E+01  1.9013212E+23  1.9373589E-02  1.0000000E-99  1.0000000E-99
  271  2.2425849E+04  1.0872209E-01  8.6253267E+01  1.9011814E+23  1.9522094E-02  1.0000000E-99  1.0000000E-99
  272  2.2508903E+04  1.0912474E-01  8.6572702E+01  1.9010411E+23  1.9671198E-02  1.0000000E-99  1.0000000E-99
  273  2.2591956E+04  1.0952739E-01  8.6892138E+01  1.9009002E+23  1.9820902E-02  1.0000000E-99  1.0000000E-99
  274  2.2675009E+04  1.0993004E-01  8.7211574E+01  1.9007588E+23  1.9971207E-02  1.0000000E-99  1.0000000E-99
  275  2.2758062E+04  1.1033268E-01  8.7531009E+01  1.9006168E+23  2.0122114E-02  1.0000000E-99  1.0000000E-99
  276  2.2841116E+04  1.1073533E-01  8.7850445E+01  1.9004744E+23  2.0273622E-02  1.0000000E-99  1.0000000E-99
  277  2.2924169E+04  1.1113798E-01  8.8169881E+01  1.9003314E+23  2.0425732E-02  1.0000000E-99  1.0000000E-99
  278  2.3007222E+04  1.1154063E-01  8.8489317E+01  1.9001878E+23  2.0578445E-02  1.0000000E-99  1.0000000E-99
  279  2.3090276E+04  1.1194328E-01  8.8808752E+01  1.9000438E+23  2.0731761E-02  1.0000000E-99  1.0000000E-99
  280  2.3173329E+04  1.1234592E-01  8.9128188E+01  1.8998992E+23  2.0885681E-02  1.0000000E-99  1.0000000E-99
  281  2.3256382E+04  1.1274857E-01  8.9447624E+01  1.8997541E+23  2.1040206E-02  1.0000000E-99  1.0000000E-99
  282  2.3339435E+04  1.1315122E-01  8.9767059E+01  1.8996084E+23  2.1195335E-02  1.0000000E-99  1.0000000E-99
  283  2.3422489E+04  1.1355387E-01  9.0086495E+01  1.8994622E+23  2.1351070E-02  1.0000000E-99  1.0000000E-99
  284  2.3505542E+04  1.1395652E-01  9.0405931E+01  1.8993155E+23  2.1507411E-02  1.0000000E-99  1.0000000E-99
  285  2.3588595E+04  1.1435917E-01  9.0725367E+01  1.8991683E+23  2.1664358E-02  1.0000000E-99  1.0000000E-99
  286  2.3671649E+04  1.1476181E-01  9.1044802E+01  1.8990205E+23  2.1821912E-02  1.0000000E-99  1.0000000E-99
  287  2.3754702E+04  1.1516446E-01  9.1364238E+01  1.8988722E+23  2.1980074E-02  1.0000000E-99  1.0000000E-99
  288  2.3837755E+04  1.1556711E-01  9.1683674E+01  1.8987234E+23  2.2138843E-02  1.0000000E-99  1.0000000E-99
  289  2.3920808E+04  1.1596976E-01  9.2003109E+01  1.8985740E+23  2.2298222E-02  1.0000000E-99  1.0000000E-99
  290  2.4003862E+04  1.1637241E-01  9.2322545E+01  1.8984241E+23  2.2458210E-02  1.0000000E-99  1.0000000E-99
  291  2.4086915E+04  1.1677505E-01  9.2641981E+01  1.8982737E+23  2.2618807E-02  1.0000000E-99  1.0000000E-99
  292  2.4169968E+04  1.1717770E-01  9.2961417E+01  1.8981227E+23  2.2780014E-02  1.0000000E-99  1.0000000E-99
  293  2.4253022E+04  1.1758035E-01  9.3280852E+01  1.8979712E+23  2.2941833E-02  1.0000000E-99  1.0000000E-99
  294  2.4336075E+04  1.1798300E-01  9.3600288E+01  1.8978192E+23  2.3104263E-02  1.0000000E-99  1.0000000E-99
  295  2.4419128E+04  1.1838565E-01  9.3919724E+01  1.8976667E+23  2.3267304E-02  1.0000000E-99  1.0000000E-99
  296  2.4502181E+04  1.1878829E-01  9.4239159E+01  1.8975136E+23  2.3430959E-02  1.0000000E-99  1.0000000E-99
  297  2.4585235E+04  1.1919094E-01  9.4558595E+01  1.8973600E+23  2.3595226E-02  1.0000000E-99  1.0000000E-99
  298  2.4668288E+04  1.1959359E-01  9.4878031E+01  1.8972058E+23  2.3760107E-02  1.0000000E-99  1.0000000E-99
  299  2.4751341E+04  1.1999624E-01  9.5197467E+01  1.8970511E+23  2.3925602E-02  1.0000000E-99  1.0000000E-99
  300  2.4834395E+04  1.2039889E-01  9.5516902E+01  1.8968959E+23  2.4091712E-02  1.0000000E-99  1.0000000E-99
  301  2.4917448E+04  1.2080154E-01  9.5836338E+01  1.8967401E+23  2.4258437E-02  1.0000000E-99  1.0000000E-99
  302  2.5000501E+04  1.2120418E-01  9.6155774E+01  1.8965839E+23  2.4425779E-02  1.0000000E-99  1.0000000E-99
  303  2.5083554E+04  1.2160683E-01  9.6475209E+01  1.8964270E+23  2.4593736E-02  1.0000000E-99  1.0000000E-99
  304  2.5166608E+04  1.2200948E-01  9.6794645E+01  1.8962697E+23  2.4762311E-02  1.0000000E-99  1.0000000E-99
  305  2.5249661E+04  1.2241213E-01  9.7114081E+01  1.8961118E+23  2.4931504E-02  1.0000000E-99  1.0000000E-99
  306  2.5332714E+04  1.2281478E-01  9.7433517E+01  1.8959534E+23  2.5101314E-02  1.0000000E-99  1.0000000E-99
  307  2.5415768E+04  1.2321742E-01  9.7752952E+01  1.8957945E+23  2.5271744E-02  1.0000000E-99  1.0000000E-99
  308  2.5498821E+04  1.2362007E-01  9.8072388E+01  1.8956350E+23  2.5442793E-02  1.0000000E-99  1.0000000E-99
  309  2.5581874E+04  1.2402272E-01  9.8391824E+01  1.8954750E+23  2.5614461E-02  1.0000000E-99  1.0000000E-99
  310  2.5664927E+04  1.2442537E-01  9.8711260E+01  1.8953144E+23  2.5786751E-02  1.0000000E-99  1.0000000E-99
  311  2.5747981E+04  1.2482802E-01  9.9030695E+01  1.8951533E+23  2.5959662E-02  1.0000000E-99  1.0000000E-99
  312  2.5831034E+04  1.2523067E-01  9.9350131E+01  1.8949917E+23  2.6133194E-02  1.0000000E-99  1.0000000E-99
  313  2.5914087E+04  1.2563331E-01  9.9669567E+01  1.8948295E+23  2.6307349E-02  1.0000000E-99  1.0000000E-99
  314  2.5997141E+04  1.2603596E-01  9.9989002E+01  1.8946669E+23  2.6482127E-02  1.0000000E-99  1.0000000E-99
  315  2.6080194E+04  1.2643861E-01  1.0030844E+02  1.8945036E+23  2.6657529E-02  1.0000000E-99  1.0000000E-99
  316  2.6163247E+04  1.2684126E-01  1.0062787E+02  1.8943399E+23  2.6833554E-02  1.0000000E-99  1.0000000E-99
  317  2.6246300E+04  1.2724391E-01  1.0094731E+02  1.8941756E+23  2.7010205E-02  1.0000000E-99  1.0000000E-99
  318  2.6329354E+04  1.2764655E-01  1.0126675E+02  1.8940108E+23  2.7187481E-02  1.0000000E-99  1.0000000E-99
  319  2.6412407E+04  1.2804920E-01  1.0158618E+02  1.8938454E+23  2.7365383E-02  1.0000000E-99  1.0000000E-99
  320  2.6495460E+04  1.2845185E-01  1.0190562E+02  1.8936795E+23  2.7543912E-02  1.0000000E-99  1.0000000E-99
  321  2.6578514E+04  1.2885450E-01  1.0222505E+02  1.8935131E+23  2.7723068E-02  1.0000000E-99  1.0000000E-99
  322  2.6661567E+04  1.2925715E-01  1.0254449E+02  1.8933461E+23  2.7902852E-02  1.0000000E-99  1.0000000E-99
  323  2.6744620E+04  1.2965980E-01  1.0286392E+02  1.8931786E+23  2.8083264E-02  1.0000000E-99  1.0000000E-99
  324  2.6827673E+04  1.3006244E-01  1.0318336E+02  1.8930105E+23  2.8264306E-02  1.0000000E-99  1.0000000E-99
  325  2.6910727E+04  1.3046509E-01  1.0350280E+02  1.8928420E+23  2.8445978E-02  1.0000000E-99  1.0000000E-99
  326  2.6993780E+04  1.3086774E-01  1.0382223E+02  1.8926729E+23  2.8628280E-02  1.0000000E-99  1.0000000E-99
  327  2.7076833E+04  1.3127039E-01  1.0414167E+02  1.8925032E+23  2.8811213E-02  1.0000000E-99  1.0000000E-99
  328  2.7159887E+04  1.3167304E-01  1.0446110E+02  1.8923330E+23  2.8994777E-02  1.0000000E-99  1.0000000E-99
  329  2.7242940E+04  1.3207568E-01  1.0478054E+02  1.8921623E+23  2.9178974E-02  1.0000000E-99  1.0000000E-99
  330  2.7325993E+04  1.3247833E-01  1.0509997E+02  1.8919910E+23  2.9363805E-02  1.0000000E-99  1.0000000E-99
  331  2.7409046E+04  1.3288098E-01  1.0541941E+02  1.8918192E+23  2.9549268E-02  1.0000000E-99  1.0000000E-99
  332  2.7492100E+04  1.3328363E-01  1.0573885E+02  1.8916469E+23  2.9735366E-02  1.0000000E-99  1.0000000E-99
  333  2.7575153E+04  1.3368628E-01  1.0605828E+02  1.8914740E+23  2.9922099E-02  1.0000000E-99  1.0000000E-99
  334  2.7658206E+04  1.3408893E-01  1.0637772E+02  1.8913006E+23  3.0109468E-02  1.0000000E-99  1.0000000E-99
  335  2.7741260E+04  1.3449157E-01  1.0669715E+02  1.8911267E+23  3.0297473E-02  1.0000000E-99  1.0000000E-99
  336  2.7824313E+04  1.3489422E-01  1.0701659E+02  1.8909522E+23  3.0486115E-02  1.0000000E-99  1.0000000E-99
  337  2.7907366E+04  1.3529687E-01  1.0733602E+02  1.8907772E+23  3.0675394E-02  1.0000000E-99  1.0000000E-99
  338  2.7990419E+04  1.3569952E-01  1.0765546E+02  1.8906016E+23  3.0865312E-02  1.0000000E-99  1.0000000E-99
  339  2.8073473E+04  1.3610217E-01  1.0797490E+02  1.8904255E+23  3.1055869E-02  1.0000000E-99  1.0000000E-99
  340  2.8156526E+04  1.3650481E-01  1.0829433E+02  1.8902489E+23  3.1247065E-02  1.0000000E-99  1.0000000E-99
  341  2.8239579E+04  1.3690746E-01  1.0861377E+02  1.8900717E+23  3.1438901E-02  1.0000000E-99  1.0000000E-99
  342  2.8322633E+04  1.3731011E-01  1.0893320E+02  1.8898940E+23  3.1631379E-02  1.0000000E-99  1.0000000E-99
  343  2.8405686E+04  1.3771276E-01  1.0925264E+02  1.8897158E+23  3.1824498E-02  1.0000000E-99  1.0000000E-99
  344  2.8488739E+04  1.3811541E-01  1.0957207E+02  1.8895370E+23  3.2018259E-02  1.0000000E-99  1.0000000E-99
  345  2.8571792E+04  1.3851805E-01  1.0989151E+02  1.8893576E+23  3.2212663E-02  1.0000000E-99  1.0000000E-99
  346  2.8654846E+04  1.3892070E-01  1.1021095E+02  1.8891778E+23  3.2407711E-02  1.0000000E-99  1.0000000E-99
  347  2.8737899E+04  1.3932335E-01  1.1053038E+02  1.8889974E+23  3.2603403E-02  1.0000000E-99  1.0000000E-99
  348  2.8820952E+04  1.3972600E-01  1.1084982E+02  1.8888164E+23  3.2799741E-02  1.0000000E-99  1.0000000E-99
  349  2.8904006E+04  1.4012865E-01  1.1116925E+02  1.8886349E+23  3.2996724E-02  1.0000000E-99  1.0000000E-99
  350  2.8987059E+04  1.4053130E-01  1.1148869E+02  1.8884529E+23  3.3194353E-02  1.0000000E-99  1.0000000E-99
  351  2.9070112E+04  1.4093394E-01  1.1180812E+02  1.8882703E+23  3.3392630E-02  1.0000000E-99  1.0000000E-99
  352  2.9153166E+04  1.4133659E-01  1.1212756E+02  1.8880872E+23  3.3591554E-02  1.0000000E-99  1.0000000E-99
  353  2.9236219E+04  1.4173924E-01  1.1244700E+02  1.8879036E+23  3.3791127E-02  1.0000000E-99  1.0000000E-99
  354  2.9319272E+04  1.4214189E-01  1.1276643E+02  1.8877194E+23  3.3991349E-02  1.0000000E-99  1.0000000E-99
  355  2.9402325E+04  1.4254454E-01  1.1308587E+02  1.8875347E+23  3.4192221E-02  1.0000000E-99  1.0000000E-99
  356  2.9485379E+04  1.4294718E-01  1.1340530E+02  1.8873494E+23  3.4393744E-02  1.0000000E-99  1.0000000E-99
  357  2.9568432E+04  1.4334983E-01  1.1372474E+02  1.8871636E+23  3.4595918E-02  1.0000000E-99  1.0000000E-99
  358  2.9651485E+04  1.4375248E-01  1.1404417E+02  1.8869773E+23  3.4798745E-02  1.0000000E-99  1.0000000E-99
  359  2.9734539E+04  1.4415513E-01  1.1436361E+02  1.8867904E+23  3.5002224E-02  1.0000000E-99  1.0000000E-99
  360  2.9817592E+04  1.4455778E-01  1.1468305E+02  1.8866029E+23  3.5206357E-02  1.0000000E-99  1.0000000E-99
  361  2.9900645E+04  1.4496043E-01  1.1500248E+02  1.8864150E+23  3.5411143E-02  1.0000000E-99  1.0000000E-99
  362  2.9983698E+04  1.4536307E-01  1.1532192E+02  1.8862264E+23  3.5616585E-02  1.0000000E-99  1.0000000E-99
  363  3.0066752E+04  1.4576572E-01  1.1564135E+02  1.8860374E+23  3.5822683E-02  1.0000000E-99  1.0000000E-99
  364  3.0149805E+04  1.4616837E-01  1.1596079E+02  1.8858478E+23  3.6029437E-02  1.0000000E-99  1.0000000E-99
  365  3.0232858E+04  1.4657102E-01  1.1628022E+02  1.8856576E+23  3.6236849E-02  1.0000000E-99  1.0000000E-99
  366  3.0315912E+04  1.4697367E-01  1.1659966E+02  1.8854670E+23  3.6444918E-02  1.0000000E-99  1.0000000E-99
  367  3.0398965E+04  1.4737631E-01  1.1691910E+02  1.8852757E+23  3.6653646E-02  1.0000000E-99  1.0000000E-99
  368  3.0482018E+04  1.4777896E-01  1.1723853E+02  1.8850840E+23  3.6863033E-02  1.0000000E-99  1.0000000E-99
  369  3.0565071E+04  1.4818161E-01  1.1755797E+02  1.8848917E+23  3.7073081E-02  1.0000000E-99  1.0000000E-99
  370  3.0648125E+04  1.4858426E-01  1.1787740E+02  1.8846988E+23  3.7283789E-02  1.0000000E-99  1.0000000E-99
  371  3.0731178E+04  1.4898691E-01  1.1819684E+02  1.8845054E+23  3.7495159E-02  1.0000000E-99  1.0000000E-99
  372  3.0814231E+04  1.4938956E-01  1.1851627E+02  1.8843115E+23  3.7707192E-02  1.0000000E-99  1.0000000E-99
  373  3.0897285E+04  1.4979220E-01  1.1883571E+02  1.8841170E+23  3.7919888E-02  1.0000000E-99  1.0000000E-99
  374  3.0980338E+04  1.5019485E-01  1.1915515E+02  1.8839219E+23  3.8133247E-02  1.0000000E-99  1.0000000E-99
  375  3.1063391E+04  1.5059750E-01  1.1947458E+02  1.8837264E+23  3.8347272E-02  1.0000000E-99  1.0000000E-99
  376  3.1146444E+04  1.5100015E-01  1.1979402E+02  1.8835303E+23  3.8561962E-02  1.0000000E-99  1.0000000E-99
  377  3.1229498E+04  1.5140280E-01  1.2011345E+02  1.8833336E+23  3.8777318E-02  1.0000000E-99  1.0000000E-99
  378  3.1312551E+04  1.5180544E-01  1.2043289E+02  1.8831364E+23  3.8993341E-02  1.0000000E-99  1.0000000E-99
  379  3.1395604E+04  1.5220809E-01  1.2075232E+02  1.8829386E+23  3.9210032E-02  1.0000000E-99  1.0000000E-99
  380  3.1478658E+04  1.5261074E-01  1.2107176E+02  1.8827403E+23  3.9427392E-02  1.0000000E-99  1.0000000E-99
  381  3.1561711E+04  1.5301339E-01  1.2139120E+02  1.8825415E+23  3.9645421E-02  1.0000000E-99  1.0000000E-99
  382  3.1644764E+04  1.5341604E-01  1.2171063E+02  1.8823421E+23  3.9864120E-02  1.0000000E-99  1.0000000E-99
  383  3.1727817E+04  1.5381868E-01  1.2203007E+02  1.8821422E+23  4.0083491E-02  1.0000000E-99  1.0000000E-99
  384  3.1810871E+04  1.5422133E-01  1.2234950E+02  1.8819417E+23  4.0303533E-02  1.0000000E-99  1.0000000E-99
  385  3.1893924E+04  1.5462398E-01  1.2266894E+02  1.8817407E+23  4.0524247E-02  1.0000000E-99  1.0000000E-99
  386  3.1976977E+04  1.5502663E-01  1.2298837E+02  1.8815391E+23  4.0745635E-02  1.0000000E-99  1.0000000E-99
  387  3.2060031E+04  1.5542928E-01  1.2330781E+02  1.8813370E+23  4.0967697E-02  1.0000000E-99  1.0000000E-99
  388  3.2143084E+04  1.5583193E-01  1.2362725E+02  1.8811344E+23  4.1190434E-02  1.0000000E-99  1.0000000E-99
  389  3.2226137E+04  1.5623457E-01  1.2394668E+02  1.8809312E+23  4.1413846E-02  1.0000000E-99  1.0000000E-99
  390  3.2309190E+04  1.5663722E-01  1.2426612E+02  1.8807274E+23  4.1637935E-02  1.0000000E-99  1.0000000E-99
  391  3.2392244E+04  1.5703987E-01  1.2458555E+02  1.8805231E+23  4.1862702E-02  1.0000000E-99  1.0000000E-99
  392  3.2475297E+04  1.5744252E-01  1.2490499E+02  1.8803183E+23  4.2088146E-02  1.0000000E-99  1.0000000E-99
  393  3.2558350E+04  1.5784517E-01  1.2522442E+02  1.8801129E+23  4.2314270E-02  1.0000000E-99  1.0000000E-99
  394  3.2641404E+04  1.5824781E-01  1.2554386E+02  1.8799069E+23  4.2541074E-02  1.0000000E-99  1.0000000E-99
  395  3.2724457E+04  1.5865046E-01  1.2586330E+02  1.8797005E+23  4.2768558E-02  1.0000000E-99  1.0000000E-99
  396  3.2807510E+04  1.5905311E-01  1.2618273E+02  1.8794934E+23  4.2996723E-02  1.0000000E-99  1.0000000E-99
  397  3.2890563E+04  1.5945576E-01  1.2650217E+02  1.8792858E+23  4.3225571E-02  1.0000000E-99  1.0000000E-99
  398  3.2973617E+04  1.5985841E-01  1.2682160E+02  1.8790777E+23  4.3455102E-02  1.0000000E-99  1.0000000E-99
  399  3.3056670E+04  1.6026106E-01  1.2714104E+02  1.8788690E+23  4.3685317E-02  1.0000000E-99  1.0000000E-99
  400  3.3139723E+04  1.6066370E-01  1.2746047E+02  1.8786598E+23  4.3916217E-02  1.0000000E-99  1.0000000E-99
  401  3.3222777E+04  1.6106635E-01  1.2777991E+02  1.8784500E+23  4.4147802E-02  1.0000000E-99  1.0000000E-99
  402  3.3305830E+04  1.6146900E-01  1.2809935E+02  1.8782397E+23  4.4380074E-02  1.0000000E-99  1.0000000E-99
  403  3.3388883E+04  1.6187165E-01  1.2841878E+02  1.8780288E+23  4.4613033E-02  1.0000000E-99  1.0000000E-99
  404  3.3471936E+04  1.6227430E-01  1.2873822E+02  1.8778174E+23  4.4846681E-02  1.0000000E-99  1.0000000E-99
  405  3.3554990E+04  1.6267694E-01  1.2905765E+02  1.8776055E+23  4.5081017E-02  1.0000000E-99  1.0000000E-99
  406  3.3638043E+04  1.6307959E-01  1.2937709E+02  1.8773929E+23  4.5316044E-02  1.0000000E-99  1.0000000E-99
  407  3.3721096E+04  1.6348224E-01  1.2969652E+02  1.8771799E+23  4.5551761E-02  1.0000000E-99  1.0000000E-99
  408  3.3804150E+04  1.6388489E-01  1.3001596E+02  1.8769663E+23  4.5788170E-02  1.0000000E-99  1.0000000E-99
  409  3.3887203E+04  1.6428754E-01  1.3033540E+02  1.8767521E+23  4.6025271E-02  1.0000000E-99  1.0000000E-99
  410  3.3970256E+04  1.6469019E-01  1.3065483E+02  1.8765374E+23  4.6263065E-02  1.0000000E-99  1.0000000E-99
  411  3.4053309E+04  1.6509283E-01  1.3097427E+02  1.8763221E+23  4.6501554E-02  1.0000000E-99  1.0000000E-99
  412  3.4136363E+04  1.6549548E-01  1.3129370E+02  1.8761063E+23  4.6740738E-02  1.0000000E-99  1.0000000E-99
  413  3.4219416E+04  1.6589813E-01  1.3161314E+02  1.8758899E+23  4.6980618E-02  1.0000000E-99  1.0000000E-99
  414  3.4302469E+04  1.6630078E-01  1.3193257E+02  1.8756730E+23  4.7221195E-02  1.0000000E-99  1.0000000E-99
  415  3.4385523E+04  1.6670343E-01  1.3225201E+02  1.8754555E+23  4.7462469E-02  1.0000000E-99  1.0000000E-99
  416  3.4468576E+04  1.6710607E-01  1.3257145E+02  1.8752375E+23  4.7704442E-02  1.0000000E-99  1.0000000E-99
  417  3.4551629E+04  1.6750872E-01  1.3289088E+02  1.8750189E+23  4.7947115E-02  1.0000000E-99  1.0000000E-99
  418  3.4634682E+04  1.6791137E-01  1.3321032E+02  1.8747998E+23  4.8190488E-02  1.0000000E-99  1.0000000E-99
  419  3.4717736E+04  1.6831402E-01  1.3352975E+02  1.8745801E+23  4.8434562E-02  1.0000000E-99  1.0000000E-99
  420  3.4800789E+04  1.6871667E-01  1.3384919E+02  1.8743599E+23  4.8679339E-02  1.0000000E-99  1.0000000E-99
  421  3.4883842E+04  1.6911931E-01  1.3416862E+02  1.8741391E+23  4.8924819E-02  1.0000000E-99  1.0000000E-99
  422  3.4966896E+04  1.6952196E-01  1.3448806E+02  1.8739178E+23  4.9171003E-02  1.0000000E-99  1.0000000E-99
  423  3.5049949E+04  1.6992461E-01  1.3480750E+02  1.8736959E+23  4.9417891E-02  1.0000000E-99  1.0000000E-99
  424  3.5133002E+04  1.7032726E-01  1.3512693E+02  1.8734735E+23  4.9665486E-02  1.0000000E-99  1.0000000E-99
  425  3.5216055E+04  1.7072991E-01  1.3544637E+02  1.8732505E+23  4.9913787E-02  1.0000000E-99  1.0000000E-99
  426  3.5299109E+04  1.7113256E-01  1.3576580E+02  1.8730269E+23  5.0162796E-02  1.0000000E-99  1.0000000E-99
  427  3.5382162E+04  1.7153520E-01  1.3608524E+02  1.8728028E+23  5.0412514E-02  1.0000000E-99  1.0000000E-99
  428  3.5465215E+04  1.7193785E-01  1.3640467E+02  1.8725782E+23  5.0662941E-02  1.0000000E-99  1.0000000E-99
  429  3.5548269E+04  1.7234050E-01  1.3672411E+02  1.8723530E+23  5.0914079E-02  1.0000000E-99  1.0000000E-99
  430  3.5631322E+04  1.7274315E-01  1.3704355E+02  1.8721272E+23  5.1165928E-02  1.0000000E-99  1.0000000E-99
  431  3.5714375E+04  1.7314580E-01  1.3736298E+02  1.8719009E+23  5.1418489E-02  1.0000000E-99  1.0000000E-99
  432  3.5797428E+04  1.7354844E-01  1.3768242E+02  1.8716740E+23  5.1671764E-02  1.0000000E-99  1.0000000E-99
  433  3.5880482E+04  1.7395109E-01  1.3800185E+02  1.8714466E+23  5.1925753E-02  1.0000000E-99  1.0000000E-99
  434  3.5963535E+04  1.7435374E-01  1.3832129E+02  1.8712186E+23  5.2180457E-02  1.0000000E-99  1.0000000E-99
  435  3.6046588E+04  1.7475639E-01  1.3864072E+02  1.8709901E+23  5.2435877E-02  1.0000000E-99  1.0000000E-99
  436  3.6129642E+04  1.7515904E-01  1.3896016E+02  1.8707610E+23  5.2692015E-02  1.0000000E-99  1.0000000E-99
  437  3.6212695E+04  1.7556169E-01  1.3927960E+02  1.8705314E+23  5.2948870E-02  1.0000000E-99  1.0000000E-99
  438  3.6295748E+04  1.7596433E-01  1.3959903E+02  1.8703012E+23  5.3206445E-02  1.0000000E-99  1.0000000E-99
  439  3.6378801E+04  1.7636698E-01  1.3991847E+02  1.8700704E+23  5.3464739E-02  1.0000000E-99  1.0000000E-99
  440  3.6461855E+04  1.7676963E-01  1.4023790E+02  1.8698391E+23  5.3723754E-02  1.0000000E-99  1.0000000E-99
  441  3.6544908E+04  1.7717228E-01  1.4055734E+02  1.8696072E+23  5.3983491E-02  1.0000000E-99  1.0000000E-99
  442  3.6627961E+04  1.7757493E-01  1.4087677E+02  1.8693748E+23  5.4243951E-02  1.0000000E-99  1.0000000E-99
  443  3.6711015E+04  1.7797757E-01  1.4119621E+02  1.8691418E+23  5.4505135E-02  1.0000000E-99  1.0000000E-99
  444  3.6794068E+04  1.7838022E-01  1.4151565E+02  1.8689083E+23  5.4767044E-02  1.0000000E-99  1.0000000E-99
  445  3.6877121E+04  1.7878287E-01  1.4183508E+02  1.8686742E+23  5.5029678E-02  1.0000000E-99  1.0000000E-99
  446  3.6960174E+04  1.7918552E-01  1.4215452E+02  1.8684395E+23  5.5293040E-02  1.0000000E-99  1.0000000E-99
  447  3.7043228E+04  1.7958817E-01  1.4247395E+02  1.8682043E+23  5.5557129E-02  1.0000000E-99  1.0000000E-99
  448  3.7126281E+04  1.7999082E-01  1.4279339E+02  1.8679686E+23  5.5821947E-02  1.0000000E-99  1.0000000E-99
  449  3.7209334E+04  1.8039346E-01  1.4311282E+02  1.8677322E+23  5.6087494E-02  1.0000000E-99  1.0000000E-99
  450  3.7292388E+04  1.8079611E-01  1.4343226E+02  1.8674954E+23  5.6353773E-02  1.0000000E-99  1.0000000E-99
  451  3.7375441E+04  1.8119876E-01  1.4375170E+02  1.8672579E+23  5.6620783E-02  1.0000000E-99  1.0000000E-99
  452  3.7458494E+04  1.8160141E-01  1.4407113E+02  1.8670199E+23  5.6888526E-02  1.0000000E-99  1.0000000E-99
  453  3.7541547E+04  1.8200406E-01  1.4439057E+02  1.8667814E+23  5.7157003E-02  1.0000000E-99  1.0000000E-99
  454  3.7624601E+04  1.8240670E-01  1.4471000E+02  1.8665423E+23  5.7426214E-02  1.0000000E-99  1.0000000E-99
  455  3.7707654E+04  1.8280935E-01  1.4502944E+02  1.8663026E+23  5.7696162E-02  1.0000000E-99  1.0000000E-99
  456  3.7790707E+04  1.8321200E-01  1.4534887E+02  1.8660623E+23  5.7966846E-02  1.0000000E-99  1.0000000E-99
  457  3.7873761E+04  1.8361465E-01  1.4566831E+02  1.8658215E+23  5.8238269E-02  1.0000000E-99  1.0000000E-99
  458  3.7956814E+04  1.8401730E-01  1.4598775E+02  1.8655802E+23  5.8510430E-02  1.0000000E-99  1.0000000E-99
  459  3.8039867E+04  1.8441995E-01  1.4630718E+02  1.8653383E+23  5.8783331E-02  1.0000000E-99  1.0000000E-99
  460  3.8122920E+04  1.8482259E-01  1.4662662E+02  1.8650958E+23  5.9056973E-02  1.0000000E-99  1.0000000E-99
  461  3.8205974E+04  1.8522524E-01  1.4694605E+02  1.8648528E+23  5.9331357E-02  1.0000000E-99  1.0000000E-99
  462  3.8289027E+04  1.8562789E-01  1.4726549E+02  1.8646092E+23  5.9606484E-02  1.0000000E-99  1.0000000E-99
  463  3.8372080E+04  1.8603054E-01  1.4758492E+02  1.8643650E+23  5.9882355E-02  1.0000000E-99  1.0000000E-99
  464  3.8455134E+04  1.8643319E-01  1.4790436E+02  1.8641203E+23  6.0158972E-02  1.0000000E-99  1.0000000E-99
  465  3.8538187E+04  1.8683583E-01  1.4822380E+02  1.8638750E+23  6.0436335E-02  1.0000000E-99  1.0000000E-99
  466  3.8621240E+04  1.8723848E-01  1.4854323E+02  1.8636292E+23  6.0714445E-02  1.0000000E-99  1.0000000E-99
  467  3.8704293E+04  1.8764113E-01  1.4886267E+02  1.8633828E+23  6.0993303E-02  1.0000000E-99  1.0000000E-99
  468  3.8787347E+04  1.8804378E-01  1.4918210E+02  1.8631358E+23  6.1272911E-02  1.0000000E-99  1.0000000E-99
  469  3.8870400E+04  1.8844643E-01  1.4950154E+02  1.8628883E+23  6.1553269E-02  1.0000000E-99  1.0000000E-99
  470  3.8953453E+04  1.8884907E-01  1.4982097E+02  1.8626402E+23  6.1834379E-02  1.0000000E-99  1.0000000E-99
  471  3.9036507E+04  1.8925172E-01  1.5014041E+02  1.8623915E+23  6.2116241E-02  1.0000000E-99  1.0000000E-99
  472  3.9119560E+04  1.8965437E-01  1.5045985E+02  1.8621423E+23  6.2398857E-02  1.0000000E-99  1.0000000E-99
  473  3.9202613E+04  1.9005702E-01  1.5077928E+02  1.8618925E+23  6.2682228E-02  1.0000000E-99  1.0000000E-99
  474  3.9285666E+04  1.9045967E-01  1.5109872E+02  1.8616422E+23  6.2966355E-02  1.0000000E-99  1.0000000E-99
  475  3.9368720E+04  1.9086232E-01  1.5141815E+02  1.8613913E+23  6.3251238E-02  1.0000000E-99  1.0000000E-99
  476  3.9451773E+04  1.9126496E-01  1.5173759E+02  1.8611398E+23  6.3536880E-02  1.0000000E-99  1.0000000E-99
  477  3.9534826E+04  1.9166761E-01  1.5205702E+02  1.8608878E+23  6.3823281E-02  1.0000000E-99  1.0000000E-99
  478  3.9617880E+04  1.9207026E-01  1.5237646E+02  1.8606352E+23  6.4110442E-02  1.0000000E-99  1.0000000E-99
  479  3.9700933E+04  1.9247291E-01  1.5269590E+02  1.8603820E+23  6.4398365E-02  1.0000000E-99  1.0000000E-99
  480  3.9783986E+04  1.9287556E-01  1.5301533E+02  1.8601283E+23  6.4687050E-02  1.0000000E-99  1.0000000E-99
  481  3.9867039E+04  1.9327820E-01  1.5333477E+02  1.8598740E+23  6.4976499E-02  1.0000000E-99  1.0000000E-99
  482  3.9950093E+04  1.9368085E-01  1.5365420E+02  1.8596192E+23  6.5266712E-02  1.0000000E-99  1.0000000E-99
  483  4.0033146E+04  1.9408350E-01  1.5397364E+02  1.8593637E+23  6.5557691E-02  1.0000000E-99  1.0000000E-99
  484  4.0116199E+04  1.9448615E-01  1.5429307E+02  1.8591077E+23  6.5849438E-02  1.0000000E-99  1.0000000E-99
  485  4.0199253E+04  1.9488880E-01  1.5461251E+02  1.8588512E+23  6.6141952E-02  1.0000000E-99  1.0000000E-99
  486  4.0282306E+04  1.9529145E-01  1.5493195E+02  1.8585941E+23  6.6435235E-02  1.0000000E-99  1.0000000E-99
  487  4.0365359E+04  1.9569409E-01  1.5525138E+02  1.8583364E+23  6.6729289E-02  1.0000000E-99  1.0000000E-99
  488  4.0448412E+04  1.9609674E-01  1.5557082E+02  1.8580781E+23  6.7024115E-02  1.0000000E-99  1.0000000E-99
  489  4.0531466E+04  1.9649939E-01  1.5589025E+02  1.8578193E+23  6.7319713E-02  1.0000000E-99  1.0000000E-99
  490  4.0614519E+04  1.9690204E-01  1.5620969E+02  1.8575599E+23  6.7616085E-02  1.0000000E-99  1.0000000E-99
  491  4.0697572E+04  1.9730469E-01  1.5652912E+02  1.8573000E+23  6.7913231E-02  1.0000000E-99  1.0000000E-99
  492  4.0780626E+04  1.9770733E-01  1.5684856E+02  1.8570394E+23  6.8211154E-02  1.0000000E-99  1.0000000E-99
  493  4.0863679E+04  1.9810998E-01  1.5716800E+02  1.8567784E+23  6.8509855E-02  1.0000000E-99  1.0000000E-99
  494  4.0946732E+04  1.9851263E-01  1.5748743E+02  1.8565167E+23  6.8809333E-02  1.0000000E-99  1.0000000E-99
  495  4.1029785E+04  1.9891528E-01  1.5780687E+02  1.8562545E+23  6.9109591E-02  1.0000000E-99  1.0000000E-99
  496  4.1112839E+04  1.9931793E-01  1.5812630E+02  1.8559917E+23  6.9410630E-02  1.0000000E-99  1.0000000E-99
  497  4.1195892E+04  1.9972058E-01  1.5844574E+02  1.8557283E+23  6.9712451E-02  1.0000000E-99  1.0000000E-99
  498  4.1278945E+04  2.0012322E-01  1.5876517E+02  1.8554644E+23  7.0015055E-02  1.0000000E-99  1.0000000E-99
  499  4.1361999E+04  2.0052587E-01  1.5908461E+02  1.8551999E+23  7.0318444E-02  1.0000000E-99  1.0000000E-99
  500  4.1445052E+04  2.0092852E-01  1.5940405E+02  1.8549348E+23  7.0622618E-02  1.0000000E-99  1.0000000E-99
  501  4.1528105E+04  2.0133117E-01  1.5972348E+02  1.8546692E+23  7.0927578E-02  1.0000000E-99  1.0000000E-99
  502  4.1611158E+04  2.0173382E-01  1.6004292E+02  1.8544030E+23  7.1233327E-02  1.0000000E-99  1.0000000E-99
  503  4.1694212E+04  2.0213646E-01  1.6036235E+02  1.8541362E+23  7.1539864E-02  1.0000000E-99  1.0000000E-99
  504  4.1777265E+04  2.0253911E-01  1.6068179E+02  1.8538688E+23  7.1847192E-02  1.0000000E-99  1.0000000E-99
  505  4.1860318E+04  2.0294176E-01  1.6100122E+02  1.8536009E+23  7.2155312E-02  1.0000000E-99  1.0000000E-99
  506  4.1943372E+04  2.0334441E-01  1.6132066E+02  1.8533324E+23  7.2464224E-02  1.0000000E-99  1.0000000E-99
  507  4.2026425E+04  2.0374706E-01  1.6164010E+02  1.8530633E+23  7.2773930E-02  1.0000000E-99  1.0000000E-99
  508  4.2109478E+04  2.0414970E-01  1.6195953E+02  1.8527937E+23  7.3084431E-02  1.0000000E-99  1.0000000E-99
  509  4.2192531E+04  2.0455235E-01  1.6227897E+02  1.8525235E+23  7.3395729E-02  1.0000000E-99  1.0000000E-99
  510  4.2275585E+04  2.0495500E-01  1.6259840E+02  1.8522527E+23  7.3707824E-02  1.0000000E-99  1.0000000E-99
  511  4.2358638E+04  2.0535765E-01  1.6291784E+02  1.8519814E+23  7.4020718E-02  1.0000000E-99  1.0000000E-99
  512  4.2441691E+04  2.0576030E-01  1.6323727E+02  1.8517094E+23  7.4334412E-02  1.0000000E-99  1.0000000E-99
  513  4.2524745E+04  2.0616295E-01  1.6355671E+02  1.8514369E+23  7.4648908E-02  1.0000000E-99  1.0000000E-99
  514  4.2607798E+04  2.0656559E-01  1.6387615E+02  1.8511639E+23  7.4964206E-02  1.0000000E-99  1.0000000E-99
  515  4.2690851E+04  2.0696824E-01  1.6419558E+02  1.8508902E+23  7.5280308E-02  1.0000000E-99  1.0000000E-99
  516  4.2773904E+04  2.0737089E-01  1.6451502E+02  1.8506160E+23  7.5597215E-02  1.0000000E-99  1.0000000E-99
  517  4.2856958E+04  2.0777354E-01  1.6483445E+02  1.8503412E+23  7.5914928E-02  1.0000000E-99  1.0000000E-99
  518  4.2940011E+04  2.0817619E-01  1.6515389E+02  1.8500659E+23  7.6233449E-02  1.0000000E-99  1.0000000E-99
  519  4.3023064E+04  2.0857883E-01  1.6547332E+02  1.8497899E+23  7.6552779E-02  1.0000000E-99  1.0000000E-99
  520  4.3106118E+04  2.0898148E-01  1.6579276E+02  1.8495134E+23  7.6872919E-02  1.0000000E-99  1.0000000E-99
  521  4.3189171E+04  2.0938413E-01  1.6611220E+02  1.8492363E+23  7.7193870E-02  1.0000000E-99  1.0000000E-99
  522  4.3272224E+04  2.0978678E-01  1.6643163E+02  1.8489587E+23  7.7515635E-02  1.0000000E-99  1.0000000E-99
  523  4.3355277E+04  2.1018943E-01  1.6675107E+02  1.8486804E+23  7.7838213E-02  1.0000000E-99  1.0000000E-99
  524  4.3438331E+04  2.1059208E-01  1.6707050E+02  1.8484016E+23  7.8161606E-02  1.0000000E-99  1.0000000E-99
  525  4.3521384E+04  2.1099472E-01  1.6738994E+02  1.8481222E+23  7.8485816E-02  1.0000000E-99  1.0000000E-99
  526  4.3604437E+04  2.1139737E-01  1.6770937E+02  1.8478423E+23  7.8810844E-02  1.0000000E-99  1.0000000E-99
  527  4.3687491E+04  2.1180002E-01  1.6802881E+02  1.8475617E+23  7.9136691E-02  1.0000000E-99  1.0000000E-99
  528  4.3770544E+04  2.1220267E-01  1.6834825E+02  1.8472806E+23  7.9463359E-02  1.0000000E-99  1.0000000E-99
  529  4.3853597E+04  2.1260532E-01  1.6866768E+02  1.8469989E+23  7.9790848E-02  1.0000000E-99  1.0000000E-99
  530  4.3936650E+04  2.1300796E-01  1.6898712E+02  1.8467166E+23  8.0119161E-02  1.0000000E-99  1.0000000E-99
  531  4.4019704E+04  2.1341061E-01  1.6930655E+02  1.8464338E+23  8.0448297E-02  1.0000000E-99  1.0000000E-99
  532  4.4102757E+04  2.1381326E-01  1.6962599E+02  1.8461503E+23  8.0778260E-02  1.0000000E-99  1.0000000E-99
  533  4.4185810E+04  2.1421591E-01  1.6994542E+02  1.8458663E+23  8.1109050E-02  1.0000000E-99  1.0000000E-99
  534  4.4268864E+04  2.1461856E-01  1.7026486E+02  1.8455818E+23  8.1440668E-02  1.0000000E-99  1.0000000E-99
  535  4.4351917E+04  2.1502121E-01  1.7058430E+02  1.8452966E+23  8.1773116E-02  1.0000000E-99  1.0000000E-99
  536  4.4434970E+04  2.1542385E-01  1.7090373E+02  1.8450109E+23  8.2106395E-02  1.0000000E-99  1.0000000E-99
  537  4.4518024E+04  2.1582650E-01  1.7122317E+02  1.8447245E+23  8.2440506E-02  1.0000000E-99  1.0000000E-99
  538  4.4601077E+04  2.1622915E-01  1.7154260E+02  1.8444376E+23  8.2775452E-02  1.0000000E-99  1.0000000E-99
  539  4.4684130E+04  2.1663180E-01  1.7186204E+02  1.8441502E+23  8.3111232E-02  1.0000000E-99  1.0000000E-99
  540  4.4767183E+04  2.1703445E-01  1.7218147E+02  1.8438621E+23  8.3447849E-02  1.0000000E-99  1.0000000E-99
  541  4.4850237E+04  2.1743709E-01  1.7250091E+02  1.8435735E+23  8.3785304E-02  1.0000000E-99  1.0000000E-99
  542  4.4933290E+04  2.1783974E-01  1.7282035E+02  1.8432842E+23  8.4123598E-02  1.0000000E-99  1.0000000E-99
  543  4.5016343E+04  2.1824239E-01  1.7313978E+02  1.8429944E+23  8.4462733E-02  1.0000000E-99  1.0000000E-99
  544  4.5099397E+04  2.1864504E-01  1.7345922E+02  1.8427041E+23  8.4802710E-02  1.0000000E-99  1.0000000E-99
  545  4.5182450E+04  2.1904769E-01  1.7377865E+02  1.8424131E+23  8.5143530E-02  1.0000000E-99  1.0000000E-99
  546  4.5265503E+04  2.1945034E-01  1.7409809E+02  1.8421216E+23  8.5485195E-02  1.0000000E-99  1.0000000E-99
  547  4.5348556E+04  2.1985298E-01  1.7441752E+02  1.8418294E+23  8.5827706E-02  1.0000000E-99  1.0000000E-99
  548  4.5431610E+04  2.2025563E-01  1.7473696E+02  1.8415367E+23  8.6171065E-02  1.0000000E-99  1.0000000E-99
  549  4.5514663E+04  2.2065828E-01  1.7505640E+02  1.8412434E+23  8.6515272E-02  1.0000000E-99  1.0000000E-99
  550  4.5597716E+04  2.2106093E-01  1.7537583E+02  1.8409496E+23  8.6860330E-02  1.0000000E-99  1.0000000E-99
  551  4.5680770E+04  2.2146358E-01  1.7569527E+02  1.8406551E+23  8.7206240E-02  1.0000000E-99  1.0000000E-99
  552  4.5763823E+04  2.2186622E-01  1.7601470E+02  1.8403601E+23  8.7553003E-02  1.0000000E-99  1.0000000E-99
  553  4.5846876E+04  2.2226887E-01  1.7633414E+02  1.8400645E+23  8.7900621E-02  1.0000000E-99  1.0000000E-99
  554  4.5929929E+04  2.2267152E-01  1.7665357E+02  1.8397683E+23  8.8249095E-02  1.0000000E-99  1.0000000E-99
  555  4.6012983E+04  2.2307417E-01  1.7697301E+02  1.8394715E+23  8.8598426E-02  1.0000000E-99  1.0000000E-99
  556  4.6096036E+04  2.2347682E-01  1.7729245E+02  1.8391741E+23  8.8948616E-02  1.0000000E-99  1.0000000E-99
  557  4.6179089E+04  2.2387946E-01  1.7761188E+02  1.8388761E+23  8.9299667E-02  1.0000000E-99  1.0000000E-99
  558  4.6262143E+04  2.2428211E-01  1.7793132E+02  1.8385776E+23  8.9651579E-02  1.0000000E-99  1.0000000E-99
  559  4.6345196E+04  2.2468476E-01  1.7825075E+02  1.8382785E+23  9.0004355E-02  1.0000000E-99  1.0000000E-99
  560  4.6428249E+04  2.2508741E-01  1.7857019E+02  1.8379788E+23  9.0357996E-02  1.0000000E-99  1.0000000E-99
  561  4.6511302E+04  2.2549006E-01  1.7888962E+02  1.8376785E+23  9.0712502E-02  1.0000000E-99  1.0000000E-99
  562  4.6594356E+04  2.2589271E-01  1.7920906E+02  1.8373776E+23  9.1067877E-02  1.0000000E-99  1.0000000E-99
  563  4.6677409E+04  2.2629535E-01  1.7952850E+02  1.8370761E+23  9.1424120E-02  1.0000000E-99  1.0000000E-99
  564  4.6760462E+04  2.2669800E-01  1.7984793E+02  1.8367740E+23  9.1781234E-02  1.0000000E-99  1.0000000E-99
  565  4.6843516E+04  2.2710065E-01  1.8016737E+02  1.8364714E+23  9.2139220E-02  1.0000000E-99  1.0000000E-99
  566  4.6926569E+04  2.2750330E-01  1.8048680E+02  1.8361682E+23  9.2498080E-02  1.0000000E-99  1.0000000E-99
  567  4.7009622E+04  2.2790595E-01  1.8080624E+02  1.8358644E+23  9.2857815E-02  1.0000000E-99  1.0000000E-99
  568  4.7092675E+04  2.2830859E-01  1.8112567E+02  1.8355599E+23  9.3218426E-02  1.0000000E-99  1.0000000E-99
  569  4.7175729E+04  2.2871124E-01  1.8144511E+02  1.8352550E+23  9.3579916E-02  1.0000000E-99  1.0000000E-99
  570  4.7258782E+04  2.2911389E-01  1.8176455E+02  1.8349494E+23  9.3942285E-02  1.0000000E-99  1.0000000E-99
  571  4.7341835E+04  2.2951654E-01  1.8208398E+02  1.8346432E+23  9.4305535E-02  1.0000000E-99  1.0000000E-99
  572  4.7424889E+04  2.2991919E-01  1.8240342E+02  1.8343364E+23  9.4669667E-02  1.0000000E-99  1.0000000E-99
  573  4.7507942E+04  2.3032184E-01  1.8272285E+02  1.8340291E+23  9.5034684E-02  1.0000000E-99  1.0000000E-99
  574  4.7590995E+04  2.3072448E-01  1.8304229E+02  1.8337212E+23  9.5400587E-02  1.0000000E-99  1.0000000E-99
  575  4.7674048E+04  2.3112713E-01  1.8336172E+02  1.8334126E+23  9.5767376E-02  1.0000000E-99  1.0000000E-99
  576  4.7757102E+04  2.3152978E-01  1.8368116E+02  1.8331035E+23  9.6135055E-02  1.0000000E-99  1.0000000E-99
  577  4.7840155E+04  2.3193243E-01  1.8400060E+02  1.8327938E+23  9.6503623E-02  1.0000000E-99  1.0000000E-99
  578  4.7923208E+04  2.3233508E-01  1.8432003E+02  1.8324835E+23  9.6873084E-02  1.0000000E-99  1.0000000E-99
  579  4.8006262E+04  2.3273772E-01  1.8463947E+02  1.8321726E+23  9.7243437E-02  1.0000000E-99  1.0000000E-99
  580  4.8089315E+04  2.3314037E-01  1.8495890E+02  1.8318611E+23  9.7614686E-02  1.0000000E-99  1.0000000E-99
  581  4.8172368E+04  2.3354302E-01  1.8527834E+02  1.8315491E+23  9.7986831E-02  1.0000000E-99  1.0000000E-99
  582  4.8255421E+04  2.3394567E-01  1.8559777E+02  1.8312364E+23  9.8359874E-02  1.0000000E-99  1.0000000E-99
  583  4.8338475E+04  2.3434832E-01  1.8591721E+02  1.8309231E+23  9.8733817E-02  1.0000000E-99  1.0000000E-99
  584  4.8421528E+04  2.3475097E-01  1.8623665E+02  1.8306093E+23  9.9108661E-02  1.0000000E-99  1.0000000E-99
  585  4.8504581E+04  2.3515361E-01  1.8655608E+02  1.8302949E+23  9.9484408E-02  1.0000000E-99  1.0000000E-99
  586  4.8587635E+04  2.3555626E-01  1.8687552E+02  1.8299798E+23  9.9861059E-02  1.0000000E-99  1.0000000E-99
  587  4.8670688E+04  2.3595891E-01  1.8719495E+02  1.8296642E+23  1.0023862E-01  1.0000000E-99  1.0000000E-99
  588  4.8753741E+04  2.3636156E-01  1.8751439E+02  1.8293480E+23  1.0061708E-01  1.0000000E-99  1.0000000E-99
  589  4.8836794E+04  2.3676421E-01  1.8783382E+02  1.8290312E+23  1.0099646E-01  1.0000000E-99  1.0000000E-99
  590  4.8919848E+04  2.3716685E-01  1.8815326E+02  1.8287137E+23  1.0137674E-01  1.0000000E-99  1.0000000E-99
  591  4.9002901E+04  2.3756950E-01  1.8847270E+02  1.8283957E+23  1.0175794E-01  1.0000000E-99  1.0000000E-99
  592  4.9085954E+04  2.3797215E-01  1.8879213E+02  1.8280771E+23  1.0214005E-01  1.0000000E-99  1.0000000E-99
  593  4.9169008E+04  2.3837480E-01  1.8911157E+02  1.8277579E+23  1.0252307E-01  1.0000000E-99  1.0000000E-99
  594  4.9252061E+04  2.3877745E-01  1.8943100E+02  1.8274382E+23  1.0290702E-01  1.0000000E-99  1.0000000E-99
  595  4.9335114E+04  2.3918009E-01  1.8975044E+02  1.8271178E+23  1.0329188E-01  1.0000000E-99  1.0000000E-99
  596  4.9418167E+04  2.3958274E-01  1.9006987E+02  1.8267968E+23  1.0367767E-01  1.0000000E-99  1.0000000E-99
  597  4.9501221E+04  2.3998539E-01  1.9038931E+02  1.8264752E+23  1.0406437E-01  1.0000000E-99  1.0000000E-99
  598  4.9584274E+04  2.4038804E-01  1.9070875E+02  1.8261530E+23  1.0445200E-01  1.0000000E-99  1.0000000E-99
  599  4.9667327E+04  2.4079069E-01  1.9102818E+02  1.8258303E+23  1.0484056E-01  1.0000000E-99  1.0000000E-99
  600  4.9750381E+04  2.4119334E-01  1.9134762E+02  1.8255069E+23  1.0523004E-01  1.0000000E-99  1.0000000E-99
  601  4.9833434E+04  2.4159598E-01  1.9166705E+02  1.8251829E+23  1.0562045E-01  1.0000000E-99  1.0000000E-99
  602  4.9916487E+04  2.4199863E-01  1.9198649E+02  1.8248584E+23  1.0601179E-01  1.0000000E-99  1.0000000E-99
  603  4.9999540E+04  2.4240128E-01  1.9230592E+02  1.8245332E+23  1.0640407E-01  1.0000000E-99  1.0000000E-99
  604  5.0082594E+04  2.4280393E-01  1.9262536E+02  1.8242074E+23  1.0679727E-01  1.0000000E-99  1.0000000E-99
  605  5.0165647E+04  2.4320658E-01  1.9294480E+02  1.8238811E+23  1.0719142E-01  1.0000000E-99  1.0000000E-99
  606  5.0248700E+04  2.4360922E-01  1.9326423E+02  1.8235541E+23  1.0758650E-01  1.0000000E-99  1.0000000E-99
  607  5.0331754E+04  2.4401187E-01  1.9358367E+02  1.8232266E+23  1.0798252E-01  1.0000000E-99  1.0000000E-99
  608  5.0414807E+04  2.4441452E-01  1.9390310E+02  1.8228984E+23  1.0837948E-01  1.0000000E-99  1.0000000E-99
  609  5.0497860E+04  2.4481717E-01  1.9422254E+02  1.8225696E+23  1.0877738E-01  1.0000000E-99  1.0000000E-99
  610  5.0580913E+04  2.4521982E-01  1.9454197E+02  1.8222403E+23  1.0917623E-01  1.0000000E-99  1.0000000E-99
  611  5.0663967E+04  2.4562247E-01  1.9486141E+02  1.8219103E+23  1.0957602E-01  1.0000000E-99  1.0000000E-99
  612  5.0747020E+04  2.4602511E-01  1.9518085E+02  1.8215797E+23  1.0997676E-01  1.0000000E-99  1.0000000E-99
  613  5.0830073E+04  2.4642776E-01  1.9550028E+02  1.8212486E+23  1.1037845E-01  1.0000000E-99  1.0000000E-99
  614  5.0913127E+04  2.4683041E-01  1.9581972E+02  1.8209168E+23  1.1078109E-01  1.0000000E-99  1.0000000E-99
  615  5.0996180E+04  2.4723306E-01  1.9613915E+02  1.8205844E+23  1.1118469E-01  1.0000000E-99  1.0000000E-99
  616  5.1079233E+04  2.4763571E-01  1.9645859E+02  1.8202515E+23  1.1158924E-01  1.0000000E-99  1.0000000E-99
  617  5.1162286E+04  2.4803835E-01  1.9677802E+02  1.8199179E+23  1.1199474E-01  1.0000000E-99  1.0000000E-99
  618  5.1245340E+04  2.4844100E-01  1.9709746E+02  1.8195837E+23  1.1240121E-01  1.0000000E-99  1.0000000E-99
  619  5.1328393E+04  2.4884365E-01  1.9741690E+02  1.8192489E+23  1.1280863E-01  1.0000000E-99  1.0000000E-99
  620  5.1411446E+04  2.4924630E-01  1.9773633E+02  1.8189135E+23  1.1321701E-01  1.0000000E-99  1.0000000E-99
  621  5.1494500E+04  2.4964895E-01  1.9805577E+02  1.8185776E+23  1.1362636E-01  1.0000000E-99  1.0000000E-99
  622  5.1577553E+04  2.5005160E-01  1.9837520E+02  1.8182410E+23  1.1403668E-01  1.0000000E-99  1.0000000E-99
  623  5.1660606E+04  2.5045424E-01  1.9869464E+02  1.8179038E+23  1.1444796E-01  1.0000000E-99  1.0000000E-99
  624  5.1743659E+04  2.5085689E-01  1.9901407E+02  1.8175660E+23  1.1486021E-01  1.0000000E-99  1.0000000E-99
  625  5.1826713E+04  2.5125954E-01  1.9933351E+02  1.8172275E+23  1.1527343E-01  1.0000000E-99  1.0000000E-99
  626  5.1909766E+04  2.5166219E-01  1.9965295E+02  1.8168885E+23  1.1568762E-01  1.0000000E-99  1.0000000E-99
  627  5.1992819E+04  2.5206484E-01  1.9997238E+02  1.8165489E+23  1.1610279E-01  1.0000000E-99  1.0000000E-99
  628  5.2075873E+04  2.5246748E-01  2.0029182E+02  1.8162087E+23  1.1651894E-01  1.0000000E-99  1.0000000E-99
  629  5.2158926E+04  2.5287013E-01  2.0061125E+02  1.8158678E+23  1.1693606E-01  1.0000000E-99  1.0000000E-99
  630  5.2241979E+04  2.5327278E-01  2.0093069E+02  1.8155264E+23  1.1735416E-01  1.0000000E-99  1.0000000E-99
  631  5.2325032E+04  2.5367543E-01  2.0125012E+02  1.8151844E+23  1.1777324E-01  1.0000000E-99  1.0000000E-99
  632  5.2408086E+04  2.5407808E-01  2.0156956E+02  1.8148417E+23  1.1819331E-01  1.0000000E-99  1.0000000E-99
  633  5.2491139E+04  2.5448072E-01  2.0188900E+02  1.8144984E+23  1.1861436E-01  1.0000000E-99  1.0000000E-99
  634  5.2574192E+04  2.5488337E-01  2.0220843E+02  1.8141545E+23  1.1903640E-01  1.0000000E-99  1.0000000E-99
  635  5.2657246E+04  2.5528602E-01  2.0252787E+02  1.8138101E+23  1.1945943E-01  1.0000000E-99  1.0000000E-99
  636  5.2740299E+04  2.5568867E-01  2.0284730E+02  1.8134650E+23  1.1988345E-01  1.0000000E-99  1.0000000E-99
  637  5.2823352E+04  2.5609132E-01  2.0316674E+02  1.8131193E+23  1.2030847E-01  1.0000000E-99  1.0000000E-99
  638  5.2906405E+04  2.5649397E-01  2.0348617E+02  1.8127729E+23  1.2073448E-01  1.0000000E-99  1.0000000E-99
  639  5.2989459E+04  2.5689661E-01  2.0380561E+02  1.8124260E+23  1.2116148E-01  1.0000000E-99  1.0000000E-99
  640  5.3072512E+04  2.5729926E-01  2.0412505E+02  1.8120785E+23  1.2158949E-01  1.0000000E-99  1.0000000E-99
  641  5.3155565E+04  2.5770191E-01  2.0444448E+02  1.8117303E+23  1.2201849E-01  1.0000000E-99  1.0000000E-99
  642  5.3238619E+04  2.5810456E-01  2.0476392E+02  1.8113816E+23  1.2244850E-01  1.0000000E-99  1.0000000E-99
  643  5.3321672E+04  2.5850721E-01  2.0508335E+02  1.8110322E+23  1.2287951E-01  1.0000000E-99  1.0000000E-99
  644  5.3404725E+04  2.5890985E-01  2.0540279E+02  1.8106822E+23  1.2331153E-01  1.0000000E-99  1.0000000E-99
  645  5.3487778E+04  2.5931250E-01  2.0572222E+02  1.8103316E+23  1.2374455E-01  1.0000000E-99  1.0000000E-99
  646  5.3570832E+04  2.5971515E-01  2.0604166E+02  1.8099804E+23  1.2417859E-01  1.0000000E-99  1.0000000E-99
  647  5.3653885E+04  2.6011780E-01  2.0636110E+02  1.8096286E+23  1.2461364E-01  1.0000000E-99  1.0000000E-99
  648  5.3736938E+04  2.6052045E-01  2.0668053E+02  1.8092762E+23  1.2504970E-01  1.0000000E-99  1.0000000E-99
  649  5.3819992E+04  2.6092310E-01  2.0699997E+02  1.8089231E+23  1.2548678E-01  1.0000000E-99  1.0000000E-99
  650  5.3903045E+04  2.6132574E-01  2.0731940E+02  1.8085695E+23  1.2592488E-01  1.0000000E-99  1.0000000E-99
  651  5.3986098E+04  2.6172839E-01  2.0763884E+02  1.8082152E+23  1.2636400E-01  1.0000000E-99  1.0000000E-99
  652  5.4069151E+04  2.6213104E-01  2.0795827E+02  1.8078603E+23  1.2680414E-01  1.0000000E-99  1.0000000E-99
  653  5.4152205E+04  2.6253369E-01  2.0827771E+02  1.8075048E+23  1.2724530E-01  1.0000000E-99  1.0000000E-99
  654  5.4235258E+04  2.6293634E-01  2.0859715E+02  1.8071487E+23  1.2768749E-01  1.0000000E-99  1.0000000E-99
  655  5.4318311E+04  2.6333898E-01  2.0891658E+02  1.8067919E+23  1.2813071E-01  1.0000000E-99  1.0000000E-99
  656  5.4401365E+04  2.6374163E-01  2.0923602E+02  1.8064346E+23  1.2857496E-01  1.0000000E-99  1.0000000E-99
  657  5.4484418E+04  2.6414428E-01  2.0955545E+02  1.8060766E+23  1.2902024E-01  1.0000000E-99  1.0000000E-99
  658  5.4567471E+04  2.6454693E-01  2.0987489E+02  1.8057180E+23  1.2946656E-01  1.0000000E-99  1.0000000E-99
  659  5.4650524E+04  2.6494958E-01  2.1019432E+02  1.8053588E+23  1.2991391E-01  1.0000000E-99  1.0000000E-99
  660  5.4733578E+04  2.6535223E-01  2.1051376E+02  1.8049990E+23  1.3036230E-01  1.0000000E-99  1.0000000E-99
  661  5.4816631E+04  2.6575487E-01  2.1083320E+02  1.8046385E+23  1.3081173E-01  1.0000000E-99  1.0000000E-99
  662  5.4899684E+04  2.6615752E-01  2.1115263E+02  1.8042775E+23  1.3126220E-01  1.0000000E-99  1.0000000E-99
  663  5.4982738E+04  2.6656017E-01  2.1147207E+02  1.8039158E+23  1.3171371E-01  1.0000000E-99  1.0000000E-99
  664  5.5065791E+04  2.6696282E-01  2.1179150E+02  1.8035535E+23  1.3216628E-01  1.0000000E-99  1.0000000E-99
  665  5.5148844E+04  2.6736547E-01  2.1211094E+02  1.8031906E+23  1.3261989E-01  1.0000000E-99  1.0000000E-99
  666  5.5231897E+04  2.6776811E-01  2.1243037E+02  1.8028270E+23  1.3307455E-01  1.0000000E-99  1.0000000E-99
  667  5.5314951E+04  2.6817076E-01  2.1274981E+02  1.8024628E+23  1.3353027E-01  1.0000000E-99  1.0000000E-99
  668  5.5398004E+04  2.6857341E-01  2.1306925E+02  1.8020981E+23  1.3398704E-01  1.0000000E-99  1.0000000E-99
  669  5.5481057E+04  2.6897606E-01  2.1338868E+02  1.8017327E+23  1.3444486E-01  1.0000000E-99  1.0000000E-99
  670  5.5564111E+04  2.6937871E-01  2.1370812E+02  1.8013666E+23  1.3490375E-01  1.0000000E-99  1.0000000E-99
  671  5.5647164E+04  2.6978136E-01  2.1402755E+02  1.8010000E+23  1.3536370E-01  1.0000000E-99  1.0000000E-99
  672  5.5730217E+04  2.7018400E-01  2.1434699E+02  1.8006327E+23  1.3582471E-01  1.0000000E-99  1.0000000E-99
  673  5.5813270E+04  2.7058665E-01  2.1466642E+02  1.8002648E+23  1.3628678E-01  1.0000000E-99  1.0000000E-99
  674  5.5896324E+04  2.7098930E-01  2.1498586E+02  1.7998963E+23  1.3674993E-01  1.0000000E-99  1.0000000E-99
  675  5.5979377E+04  2.7139195E-01  2.1530530E+02  1.7995272E+23  1.3721414E-01  1.0000000E-99  1.0000000E-99
  676  5.6062430E+04  2.7179460E-01  2.1562473E+02  1.7991574E+23  1.3767943E-01  1.0000000E-99  1.0000000E-99
  677  5.6145484E+04  2.7219724E-01  2.1594417E+02  1.7987870E+23  1.3814579E-01  1.0000000E-99  1.0000000E-99
  678  5.6228537E+04  2.7259989E-01  2.1626360E+02  1.7984160E+23  1.3861322E-01  1.0000000E-99  1.0000000E-99
  679  5.6311590E+04  2.7300254E-01  2.1658304E+02  1.7980444E+23  1.3908174E-01  1.0000000E-99  1.0000000E-99
  680  5.6394643E+04  2.7340519E-01  2.1690247E+02  1.7976721E+23  1.3955133E-01  1.0000000E-99  1.0000000E-99
  681  5.6477697E+04  2.7380784E-01  2.1722191E+02  1.7972992E+23  1.4002201E-01  1.0000000E-99  1.0000000E-99
  682  5.6560750E+04  2.7421048E-01  2.1754135E+02  1.7969257E+23  1.4049378E-01  1.0000000E-99  1.0000000E-99
  683  5.6643803E+04  2.7461313E-01  2.1786078E+02  1.7965515E+23  1.4096663E-01  1.0000000E-99  1.0000000E-99
  684  5.6726857E+04  2.7501578E-01  2.1818022E+02  1.7961768E+23  1.4144057E-01  1.0000000E-99  1.0000000E-99
  685  5.6809910E+04  2.7541843E-01  2.1849965E+02  1.7958014E+23  1.4191560E-01  1.0000000E-99  1.0000000E-99
  686  5.6892963E+04  2.7582108E-01  2.1881909E+02  1.7954254E+23  1.4239172E-01  1.0000000E-99  1.0000000E-99
  687  5.6976016E+04  2.7622373E-01  2.1913852E+02  1.7950487E+23  1.4286895E-01  1.0000000E-99  1.0000000E-99
  688  5.7059070E+04  2.7662637E-01  2.1945796E+02  1.7946714E+23  1.4334727E-01  1.0000000E-99  1.0000000E-99
  689  5.7142123E+04  2.7702902E-01  2.1977740E+02  1.7942935E+23  1.4382669E-01  1.0000000E-99  1.0000000E-99
  690  5.7225176E+04  2.7743167E-01  2.2009683E+02  1.7939150E+23  1.4430721E-01  1.0000000E-99  1.0000000E-99
  691  5.7308230E+04  2.7783432E-01  2.2041627E+02  1.7935358E+23  1.4478884E-01  1.0000000E-99  1.0000000E-99
  692  5.7391283E+04  2.7823697E-01  2.2073570E+02  1.7931560E+23  1.4527158E-01  1.0000000E-99  1.0000000E-99
  693  5.7474336E+04  2.7863961E-01  2.2105514E+02  1.7927756E+23  1.4575542E-01  1.0000000E-99  1.0000000E-99
  694  5.7557389E+04  2.7904226E-01  2.2137457E+02  1.7923945E+23  1.4624038E-01  1.0000000E-99  1.0000000E-99
  695  5.7640443E+04  2.7944491E-01  2.2169401E+02  1.7920128E+23  1.4672646E-01  1.0000000E-99  1.0000000E-99
  696  5.7723496E+04  2.7984756E-01  2.2201345E+02  1.7916305E+23  1.4721364E-01  1.0000000E-99  1.0000000E-99
  697  5.7806549E+04  2.8025021E-01  2.2233288E+02  1.7912475E+23  1.4770195E-01  1.0000000E-99  1.0000000E-99
  698  5.7889603E+04  2.8065286E-01  2.2265232E+02  1.7908639E+23  1.4819138E-01  1.0000000E-99  1.0000000E-99
  699  5.7972656E+04  2.8105550E-01  2.2297175E+02  1.7904797E+23  1.4868194E-01  1.0000000E-99  1.0000000E-99
  700  5.8055709E+04  2.8145815E-01  2.2329119E+02  1.7900948E+23  1.4917362E-01  1.0000000E-99  1.0000000E-99
  701  5.8138762E+04  2.8186080E-01  2.2361062E+02  1.7897093E+23  1.4966643E-01  1.0000000E-99  1.0000000E-99
  702  5.8221816E+04  2.8226345E-01  2.2393006E+02  1.7893232E+23  1.5016037E-01  1.0000000E-99  1.0000000E-99
  703  5.8304869E+04  2.8266610E-01  2.2424950E+02  1.7889365E+23  1.5065544E-01  1.0000000E-99  1.0000000E-99
  704  5.8387922E+04  2.8306874E-01  2.2456893E+02  1.7885491E+23  1.5115165E-01  1.0000000E-99  1.0000000E-99
  705  5.8470976E+04  2.8347139E-01  2.2488837E+02  1.7881610E+23  1.5164899E-01  1.0000000E-99  1.0000000E-99
  706  5.8554029E+04  2.8387404E-01  2.2520780E+02  1.7877724E+23  1.5214748E-01  1.0000000E-99  1.0000000E-99
  707  5.8637082E+04  2.8427669E-01  2.2552724E+02  1.7873831E+23  1.5264711E-01  1.0000000E-99  1.0000000E-99
  708  5.8720135E+04  2.8467934E-01  2.2584667E+02  1.7869931E+23  1.5314788E-01  1.0000000E-99  1.0000000E-99
  709  5.8803189E+04  2.8508199E-01  2.2616611E+02  1.7866025E+23  1.5364980E-01  1.0000000E-99  1.0000000E-99
  710  5.8886242E+04  2.8548463E-01  2.2648555E+02  1.7862113E+23  1.5415288E-01  1.0000000E-99  1.0000000E-99
  711  5.8969295E+04  2.8588728E-01  2.2680498E+02  1.7858195E+23  1.5465710E-01  1.0000000E-99  1.0000000E-99
  712  5.9052349E+04  2.8628993E-01  2.2712442E+02  1.7854270E+23  1.5516248E-01  1.0000000E-99  1.0000000E-99
  713  5.9135402E+04  2.8669258E-01  2.2744385E+02  1.7850338E+23  1.5566902E-01  1.0000000E-99  1.0000000E-99
  714  5.9218455E+04  2.8709523E-01  2.2776329E+02  1.7846401E+23  1.5617671E-01  1.0000000E-99  1.0000000E-99
  715  5.9301508E+04  2.8749787E-01  2.2808272E+02  1.7842457E+23  1.5668557E-01  1.0000000E-99  1.0000000E-99
  716  5.9384562E+04  2.8790052E-01  2.2840216E+02  1.7838506E+23  1.5719559E-01  1.0000000E-99  1.0000000E-99
  717  5.9467615E+04  2.8830317E-01  2.2872160E+02  1.7834549E+23  1.5770678E-01  1.0000000E-99  1.0000000E-99
  718  5.9550668E+04  2.8870582E-01  2.2904103E+02  1.7830586E+23  1.5821914E-01  1.0000000E-99  1.0000000E-99
  719  5.9633722E+04  2.8910847E-01  2.2936047E+02  1.7826616E+23  1.5873268E-01  1.0000000E-99  1.0000000E-99
  720  5.9716775E+04  2.8951111E-01  2.2967990E+02  1.7822640E+23  1.5924738E-01  1.0000000E-99  1.0000000E-99
  721  5.9799828E+04  2.8991376E-01  2.2999934E+02  1.7818657E+23  1.5976327E-01  1.0000000E-99  1.0000000E-99
  722  5.9882882E+04  2.9031641E-01  2.3031878E+02  1.7814668E+23  1.6028033E-01  1.0000000E-99  1.0000000E-99
  723  5.9965935E+04  2.9071906E-01  2.3063821E+02  1.7810673E+23  1.6079858E-01  1.0000000E-99  1.0000000E-99
  724  6.0048988E+04  2.9112171E-01  2.3095765E+02  1.7806671E+23  1.6131801E-01  1.0000000E-99  1.0000000E-99
  725  6.0132041E+04  2.9152436E-01  2.3127708E+02  1.7802663E+23  1.6183863E-01  1.0000000E-99  1.0000000E-99
  726  6.0215095E+04  2.9192700E-01  2.3159652E+02  1.7798648E+23  1.6236044E-01  1.0000000E-99  1.0000000E-99
  727  6.0298148E+04  2.9232965E-01  2.3191595E+02  1.7794627E+23  1.6288344E-01  1.0000000E-99  1.0000000E-99
  728  6.0381201E+04  2.9273230E-01  2.3223539E+02  1.7790599E+23  1.6340764E-01  1.0000000E-99  1.0000000E-99
  729  6.0464255E+04  2.9313495E-01  2.3255483E+02  1.7786565E+23  1.6393303E-01  1.0000000E-99  1.0000000E-99
  730  6.0547308E+04  2.9353760E-01  2.3287426E+02  1.7782524E+23  1.6445963E-01  1.0000000E-99  1.0000000E-99
  731  6.0630361E+04  2.9394024E-01  2.3319370E+02  1.7778477E+23  1.6498743E-01  1.0000000E-99  1.0000000E-99
  732  6.0713414E+04  2.9434289E-01  2.3351313E+02  1.7774424E+23  1.6551643E-01  1.0000000E-99  1.0000000E-99
  733  6.0796468E+04  2.9474554E-01  2.3383257E+02  1.7770364E+23  1.6604664E-01  1.0000000E-99  1.0000000E-99
  734  6.0879521E+04  2.9514819E-01  2.3415200E+02  1.7766297E+23  1.6657806E-01  1.0000000E-99  1.0000000E-99
  735  6.0962574E+04  2.9555084E-01  2.3447144E+02  1.7762224E+23  1.6711070E-01  1.0000000E-99  1.0000000E-99
  736  6.1045628E+04  2.9595349E-01  2.3479088E+02  1.7758145E+23  1.6764455E-01  1.0000000E-99  1.0000000E-99
  737  6.1128681E+04  2.9635613E-01  2.3511031E+02  1.7754059E+23  1.6817962E-01  1.0000000E-99  1.0000000E-99
  738  6.1211734E+04  2.9675878E-01  2.3542975E+02  1.7749967E+23  1.6871592E-01  1.0000000E-99  1.0000000E-99
  739  6.1294787E+04  2.9716143E-01  2.3574918E+02  1.7745868E+23  1.6925343E-01  1.0000000E-99  1.0000000E-99
  740  6.1377841E+04  2.9756408E-01  2.3606862E+02  1.7741762E+23  1.6979218E-01  1.0000000E-99  1.0000000E-99
  741  6.1460894E+04  2.9796673E-01  2.3638805E+02  1.7737650E+23  1.7033215E-01  1.0000000E-99  1.0000000E-99
  742  6.1543947E+04  2.9836937E-01  2.3670749E+02  1.7733532E+23  1.7087336E-01  1.0000000E-99  1.0000000E-99
  743  6.1627001E+04  2.9877202E-01  2.3702693E+02  1.7729407E+23  1.7141580E-01  1.0000000E-99  1.0000000E-99
  744  6.1710054E+04  2.9917467E-01  2.3734636E+02  1.7725275E+23  1.7195948E-01  1.0000000E-99  1.0000000E-99
  745  6.1793107E+04  2.9957732E-01  2.3766580E+02  1.7721137E+23  1.7250440E-01  1.0000000E-99  1.0000000E-99
  746  6.1876160E+04  2.9997997E-01  2.3798523E+02  1.7716993E+23  1.7305056E-01  1.0000000E-99  1.0000000E-99
  747  6.1959214E+04  3.0038262E-01  2.3830467E+02  1.7712842E+23  1.7359797E-01  1.0000000E-99  1.0000000E-99
  748  6.2042267E+04  3.0078526E-01  2.3862410E+02  1.7708684E+23  1.7414663E-01  1.0000000E-99  1.0000000E-99
  749  6.2125320E+04  3.0118791E-01  2.3894354E+02  1.7704520E+23  1.7469654E-01  1.0000000E-99  1.0000000E-99
  750  6.2208374E+04  3.0159056E-01  2.3926298E+02  1.7700349E+23  1.7524771E-01  1.0000000E-99  1.0000000E-99
  751  6.2291427E+04  3.0199321E-01  2.3958241E+02  1.7696172E+23  1.7580013E-01  1.0000000E-99  1.0000000E-99
  752  6.2374480E+04  3.0239586E-01  2.3990185E+02  1.7691988E+23  1.7635381E-01  1.0000000E-99  1.0000000E-99
  753  6.2457533E+04  3.0279850E-01  2.4022128E+02  1.7687797E+23  1.7690876E-01  1.0000000E-99  1.0000000E-99
  754  6.2540587E+04  3.0320115E-01  2.4054072E+02  1.7683600E+23  1.7746497E-01  1.0000000E-99  1.0000000E-99
  755  6.2623640E+04  3.0360380E-01  2.4086015E+02  1.7679397E+23  1.7802245E-01  1.0000000E-99  1.0000000E-99
  756  6.2706693E+04  3.0400645E-01  2.4117959E+02  1.7675186E+23  1.7858120E-01  1.0000000E-99  1.0000000E-99
  757  6.2789747E+04  3.0440910E-01  2.4149903E+02  1.7670970E+23  1.7914122E-01  1.0000000E-99  1.0000000E-99
  758  6.2872800E+04  3.0481174E-01  2.4181846E+02  1.7666746E+23  1.7970253E-01  1.0000000E-99  1.0000000E-99
  759  6.2955853E+04  3.0521439E-01  2.4213790E+02  1.7662516E+23  1.8026511E-01  1.0000000E-99  1.0000000E-99
  760  6.3038906E+04  3.0561704E-01  2.4245733E+02  1.7658280E+23  1.8082898E-01  1.0000000E-99  1.0000000E-99
  761  6.3121960E+04  3.0601969E-01  2.4277677E+02  1.7654037E+23  1.8139413E-01  1.0000000E-99  1.0000000E-99
  762  6.3205013E+04  3.0642234E-01  2.4309620E+02  1.7649787E+23  1.8196057E-01  1.0000000E-99  1.0000000E-99
  763  6.3288066E+04  3.0682499E-01  2.4341564E+02  1.7645531E+23  1.8252830E-01  1.0000000E-99  1.0000000E-99
  764  6.3371120E+04  3.0722763E-01  2.4373508E+02  1.7641268E+23  1.8309733E-01  1.0000000E-99  1.0000000E-99
  765  6.3454173E+04  3.0763028E-01  2.4405451E+02  1.7636998E+23  1.8366765E-01  1.0000000E-99  1.0000000E-99
  766  6.3537226E+04  3.0803293E-01  2.4437395E+02  1.7632722E+23  1.8423928E-01  1.0000000E-99  1.0000000E-99
  767  6.3620279E+04  3.0843558E-01  2.4469338E+02  1.7628439E+23  1.8481221E-01  1.0000000E-99  1.0000000E-99
  768  6.3703333E+04  3.0883823E-01  2.4501282E+02  1.7624149E+23  1.8538644E-01  1.0000000E-99  1.0000000E-99
  769  6.3786386E+04  3.0924087E-01  2.4533225E+02  1.7619853E+23  1.8596199E-01  1.0000000E-99  1.0000000E-99
  770  6.3869439E+04  3.0964352E-01  2.4565169E+02  1.7615550E+23  1.8653885E-01  1.0000000E-99  1.0000000E-99
  771  6.3952493E+04  3.1004617E-01  2.4597113E+02  1.7611241E+23  1.8711702E-01  1.0000000E-99  1.0000000E-99
  772  6.4035546E+04  3.1044882E-01  2.4629056E+02  1.7606925E+23  1.8769651E-01  1.0000000E-99  1.0000000E-99
  773  6.4118599E+04  3.1085147E-01  2.4661000E+02  1.7602602E+23  1.8827732E-01  1.0000000E-99  1.0000000E-99
  774  6.4201652E+04  3.1125412E-01  2.4692943E+02  1.7598273E+23  1.8885946E-01  1.0000000E-99  1.0000000E-99
  775  6.4284706E+04  3.1165676E-01  2.4724887E+02  1.7593936E+23  1.8944293E-01  1.0000000E-99  1.0000000E-99
  776  6.4367759E+04  3.1205941E-01  2.4756830E+02  1.7589594E+23  1.9002773E-01  1.0000000E-99  1.0000000E-99
  777  6.4450812E+04  3.1246206E-01  2.4788774E+02  1.7585244E+23  1.9061386E-01  1.0000000E-99  1.0000000E-99
  778  6.4533866E+04  3.1286471E-01  2.4820718E+02  1.7580888E+23  1.9120133E-01  1.0000000E-99  1.0000000E-99
  779  6.4616919E+04  3.1326736E-01  2.4852661E+02  1.7576525E+23  1.9179013E-01  1.0000000E-99  1.0000000E-99
  780  6.4699972E+04  3.1367000E-01  2.4884605E+02  1.7572156E+23  1.9238029E-01  1.0000000E-99  1.0000000E-99
  781  6.4783025E+04  3.1407265E-01  2.4916548E+02  1.7567779E+23  1.9297178E-01  1.0000000E-99  1.0000000E-99
  782  6.4866079E+04  3.1447530E-01  2.4948492E+02  1.7563396E+23  1.9356463E-01  1.0000000E-99  1.0000000E-99
  783  6.4949132E+04  3.1487795E-01  2.4980435E+02  1.7559007E+23  1.9415883E-01  1.0000000E-99  1.0000000E-99
  784  6.5032185E+04  3.1528060E-01  2.5012379E+02  1.7554610E+23  1.9475439E-01  1.0000000E-99  1.0000000E-99
  785  6.5115239E+04  3.1568325E-01  2.5044323E+02  1.7550207E+23  1.9535130E-01  1.0000000E-99  1.0000000E-99
  786  6.5198292E+04  3.1608589E-01  2.5076266E+02  1.7545797E+23  1.9594958E-01  1.0000000E-99  1.0000000E-99
  787  6.5281345E+04  3.1648854E-01  2.5108210E+02  1.7541381E+23  1.9654922E-01  1.0000000E-99  1.0000000E-99
  788  6.5364398E+04  3.1689119E-01  2.5140153E+02  1.7536957E+23  1.9715023E-01  1.0000000E-99  1.0000000E-99
  789  6.5447452E+04  3.1729384E-01  2.5172097E+02  1.7532527E+23  1.9775261E-01  1.0000000E-99  1.0000000E-99
  790  6.5530505E+04  3.1769649E-01  2.5204040E+02  1.7528091E+23  1.9835637E-01  1.0000000E-99  1.0000000E-99
  791  6.5613558E+04  3.1809913E-01  2.5235984E+02  1.7523647E+23  1.9896151E-01  1.0000000E-99  1.0000000E-99
  792  6.5696612E+04  3.1850178E-01  2.5267928E+02  1.7519197E+23  1.9956803E-01  1.0000000E-99  1.0000000E-99
  793  6.5779665E+04  3.1890443E-01  2.5299871E+02  1.7514740E+23  2.0017593E-01  1.0000000E-99  1.0000000E-99
  794  6.5862718E+04  3.1930708E-01  2.5331815E+02  1.7510276E+23  2.0078522E-01  1.0000000E-99  1.0000000E-99
  795  6.5945771E+04  3.1970973E-01  2.5363758E+02  1.7505805E+23  2.0139590E-01  1.0000000E-99  1.0000000E-99
  796  6.6028825E+04  3.2011238E-01  2.5395702E+02  1.7501328E+23  2.0200798E-01  1.0000000E-99  1.0000000E-99
  797  6.6111878E+04  3.2051502E-01  2.5427645E+02  1.7496844E+23  2.0262145E-01  1.0000000E-99  1.0000000E-99
  798  6.6194931E+04  3.2091767E-01  2.5459589E+02  1.7492353E+23  2.0323633E-01  1.0000000E-99  1.0000000E-99
  799  6.6277985E+04  3.2132032E-01  2.5491533E+02  1.7487855E+23  2.0385261E-01  1.0000000E-99  1.0000000E-99
  800  6.6361038E+04  3.2172297E-01  2.5523476E+02  1.7483350E+23  2.0447030E-01  1.0000000E-99  1.0000000E-99
  801  6.6444091E+04  3.2212562E-01  2.5555420E+02  1.7478839E+23  2.0508940E-01  1.0000000E-99  1.0000000E-99
  802  6.6527144E+04  3.2252826E-01  2.5587363E+02  1.7474321E+23  2.0570991E-01  1.0000000E-99  1.0000000E-99
  803  6.6610198E+04  3.2293091E-01  2.5619307E+02  1.7469796E+23  2.0633184E-01  1.0000000E-99  1.0000000E-99
  804  6.6693251E+04  3.2333356E-01  2.5651250E+02  1.7465264E+23  2.0695520E-01  1.0000000E-99  1.0000000E-99
  805  6.6776304E+04  3.2373621E-01  2.5683194E+02  1.7460726E+23  2.0757998E-01  1.0000000E-99  1.0000000E-99
  806  6.6859358E+04  3.2413886E-01  2.5715138E+02  1.7456180E+23  2.0820619E-01  1.0000000E-99  1.0000000E-99
  807  6.6942411E+04  3.2454150E-01  2.5747081E+02  1.7451628E+23  2.0883382E-01  1.0000000E-99  1.0000000E-99
  808  6.7025464E+04  3.2494415E-01  2.5779025E+02  1.7447069E+23  2.0946290E-01  1.0000000E-99  1.0000000E-99
  809  6.7108517E+04  3.2534680E-01  2.5810968E+02  1.7442503E+23  2.1009341E-01  1.0000000E-99  1.0000000E-99
  810  6.7191571E+04  3.2574945E-01  2.5842912E+02  1.7437930E+23  2.1072537E-01  1.0000000E-99  1.0000000E-99
  811  6.7274624E+04  3.2615210E-01  2.5874855E+02  1.7433350E+23  2.1135877E-01  1.0000000E-99  1.0000000E-99
  812  6.7357677E+04  3.2655475E-01  2.5906799E+02  1.7428764E+23  2.1199362E-01  1.0000000E-99  1.0000000E-99
  813  6.7440731E+04  3.2695739E-01  2.5938743E+02  1.7424170E+23  2.1262992E-01  1.0000000E-99  1.0000000E-99
  814  6.7523784E+04  3.2736004E-01  2.5970686E+02  1.7419570E+23  2.1326768E-01  1.0000000E-99  1.0000000E-99
  815  6.7606837E+04  3.2776269E-01  2.6002630E+02  1.7414963E+23  2.1390690E-01  1.0000000E-99  1.0000000E-99
  816  6.7689890E+04  3.2816534E-01  2.6034573E+02  1.7410349E+23  2.1454758E-01  1.0000000E-99  1.0000000E-99
  817  6.7772944E+04  3.2856799E-01  2.6066517E+02  1.7405728E+23  2.1518973E-01  1.0000000E-99  1.0000000E-99
  818  6.7855997E+04  3.2897063E-01  2.6098460E+02  1.7401100E+23  2.1583335E-01  1.0000000E-99  1.0000000E-99
  819  6.7939050E+04  3.2937328E-01  2.6130404E+02  1.7396465E+23  2.1647845E-01  1.0000000E-99  1.0000000E-99
  820  6.8022104E+04  3.2977593E-01  2.6162348E+02  1.7391823E+23  2.1712502E-01  1.0000000E-99  1.0000000E-99
  821  6.8105157E+04  3.3017858E-01  2.6194291E+02  1.7387175E+23  2.1777307E-01  1.0000000E-99  1.0000000E-99
  822  6.8188210E+04  3.3058123E-01  2.6226235E+02  1.7382519E+23  2.1842261E-01  1.0000000E-99  1.0000000E-99
  823  6.8271263E+04  3.3098388E-01  2.6258178E+02  1.7377857E+23  2.1907364E-01  1.0000000E-99  1.0000000E-99
  824  6.8354317E+04  3.3138652E-01  2.6290122E+02  1.7373188E+23  2.1972615E-01  1.0000000E-99  1.0000000E-99
  825  6.8437370E+04  3.3178917E-01  2.6322065E+02  1.7368511E+23  2.2038017E-01  1.0000000E-99  1.0000000E-99
  826  6.8520423E+04  3.3219182E-01  2.6354009E+02  1.7363828E+23  2.2103568E-01  1.0000000E-99  1.0000000E-99
  827  6.8603477E+04  3.3259447E-01  2.6385953E+02  1.7359138E+23  2.2169270E-01  1.0000000E-99  1.0000000E-99
  828  6.8686530E+04  3.3299712E-01  2.6417896E+02  1.7354441E+23  2.2235122E-01  1.0000000E-99  1.0000000E-99
  829  6.8769583E+04  3.3339976E-01  2.6449840E+02  1.7349737E+23  2.2301126E-01  1.0000000E-99  1.0000000E-99
  830  6.8852636E+04  3.3380241E-01  2.6481783E+02  1.7345026E+23  2.2367281E-01  1.0000000E-99  1.0000000E-99
  831  6.8935690E+04  3.3420506E-01  2.6513727E+02  1.7340308E+23  2.2433588E-01  1.0000000E-99  1.0000000E-99
  832  6.9018743E+04  3.3460771E-01  2.6545670E+02  1.7335583E+23  2.2500047E-01  1.0000000E-99  1.0000000E-99
  833  6.9101796E+04  3.3501036E-01  2.6577614E+02  1.7330851E+23  2.2566658E-01  1.0000000E-99  1.0000000E-99
  834  6.9184850E+04  3.3541301E-01  2.6609558E+02  1.7326112E+23  2.2633423E-01  1.0000000E-99  1.0000000E-99
  835  6.9267903E+04  3.3581565E-01  2.6641501E+02  1.7321366E+23  2.2700341E-01  1.0000000E-99  1.0000000E-99
  836  6.9350956E+04  3.3621830E-01  2.6673445E+02  1.7316613E+23  2.2767413E-01  1.0000000E-99  1.0000000E-99
  837  6.9434009E+04  3.3662095E-01  2.6705388E+02  1.7311853E+23  2.2834638E-01  1.0000000E-99  1.0000000E-99
  838  6.9517063E+04  3.3702360E-01  2.6737332E+02  1.7307086E+23  2.2902019E-01  1.0000000E-99  1.0000000E-99
  839  6.9600116E+04  3.3742625E-01  2.6769275E+02  1.7302312E+23  2.2969554E-01  1.0000000E-99  1.0000000E-99
  840  6.9683169E+04  3.3782889E-01  2.6801219E+02  1.7297531E+23  2.3037244E-01  1.0000000E-99  1.0000000E-99
  841  6.9766223E+04  3.3823154E-01  2.6833163E+02  1.7292743E+23  2.3105090E-01  1.0000000E-99  1.0000000E-99
  842  6.9849276E+04  3.3863419E-01  2.6865106E+02  1.7287948E+23  2.3173092E-01  1.0000000E-99  1.0000000E-99
  843  6.9932329E+04  3.3903684E-01  2.6897050E+02  1.7283146E+23  2.3241251E-01  1.0000000E-99  1.0000000E-99
  844  7.0015382E+04  3.3943949E-01  2.6928993E+02  1.7278337E+23  2.3309566E-01  1.0000000E-99  1.0000000E-99
  845  7.0098436E+04  3.3984213E-01  2.6960937E+02  1.7273521E+23  2.3378039E-01  1.0000000E-99  1.0000000E-99
  846  7.0181489E+04  3.4024478E-01  2.6992880E+02  1.7268698E+23  2.3446669E-01  1.0000000E-99  1.0000000E-99
  847  7.0264542E+04  3.4064743E-01  2.7024824E+02  1.7263868E+23  2.3515458E-01  1.0000000E-99  1.0000000E-99
  848  7.0347596E+04  3.4105008E-01  2.7056768E+02  1.7259030E+23  2.3584404E-01  1.0000000E-99  1.0000000E-99
  849  7.0430649E+04  3.4145273E-01  2.7088711E+02  1.7254186E+23  2.3653510E-01  1.0000000E-99  1.0000000E-99
  850  7.0513702E+04  3.4185538E-01  2.7120655E+02  1.7249334E+23  2.3722775E-01  1.0000000E-99  1.0000000E-99
  851  7.0596755E+04  3.4225802E-01  2.7152598E+02  1.7244476E+23  2.3792199E-01  1.0000000E-99  1.0000000E-99
  852  7.0679809E+04  3.4266067E-01  2.7184542E+02  1.7239610E+23  2.3861784E-01  1.0000000E-99  1.0000000E-99
  853  7.0762862E+04  3.4306332E-01  2.7216485E+02  1.7234737E+23  2.3931529E-01  1.0000000E-99  1.0000000E-99
  854  7.0845915E+04  3.4346597E-01  2.7248429E+02  1.7229857E+23  2.4001435E-01  1.0000000E-99  1.0000000E-99
  855  7.0928969E+04  3.4386862E-01  2.7280373E+02  1.7224970E+23  2.4071502E-01  1.0000000E-99  1.0000000E-99
  856  7.1012022E+04  3.4427126E-01  2.7312316E+02  1.7220076E+23  2.4141731E-01  1.0000000E-99  1.0000000E-99
  857  7.1095075E+04  3.4467391E-01  2.7344260E+02  1.7215175E+23  2.4212122E-01  1.0000000E-99  1.0000000E-99
  858  7.1178128E+04  3.4507656E-01  2.7376203E+02  1.7210267E+23  2.4282676E-01  1.0000000E-99  1.0000000E-99
  859  7.1261182E+04  3.4547921E-01  2.7408147E+02  1.7205351E+23  2.4353392E-01  1.0000000E-99  1.0000000E-99
  860  7.1344235E+04  3.4588186E-01  2.7440090E+02  1.7200429E+23  2.4424272E-01  1.0000000E-99  1.0000000E-99
  861  7.1427288E+04  3.4628451E-01  2.7472034E+02  1.7195499E+23  2.4495316E-01  1.0000000E-99  1.0000000E-99
  862  7.1510342E+04  3.4668715E-01  2.7503978E+02  1.7190562E+23  2.4566524E-01  1.0000000E-99  1.0000000E-99
  863  7.1593395E+04  3.4708980E-01  2.7535921E+02  1.7185618E+23  2.4637896E-01  1.0000000E-99  1.0000000E-99
  864  7.1676448E+04  3.4749245E-01  2.7567865E+02  1.7180667E+23  2.4709434E-01  1.0000000E-99  1.0000000E-99
  865  7.1759501E+04  3.4789510E-01  2.7599808E+02  1.7175708E+23  2.4781137E-01  1.0000000E-99  1.0000000E-99
  866  7.1842555E+04  3.4829775E-01  2.7631752E+02  1.7170743E+23  2.4853006E-01  1.0000000E-99  1.0000000E-99
  867  7.1925608E+04  3.4870039E-01  2.7663695E+02  1.7165770E+23  2.4925041E-01  1.0000000E-99  1.0000000E-99
  868  7.2008661E+04  3.4910304E-01  2.7695639E+02  1.7160790E+23  2.4997243E-01  1.0000000E-99  1.0000000E-99
  869  7.2091715E+04  3.4950569E-01  2.7727583E+02  1.7155803E+23  2.5069613E-01  1.0000000E-99  1.0000000E-99
  870  7.2174768E+04  3.4990834E-01  2.7759526E+02  1.7150808E+23  2.5142150E-01  1.0000000E-99  1.0000000E-99
  871  7.2257821E+04  3.5031099E-01  2.7791470E+02  1.7145807E+23  2.5214855E-01  1.0000000E-99  1.0000000E-99
  872  7.2340874E+04  3.5071364E-01  2.7823413E+02  1.7140798E+23  2.5287729E-01  1.0000000E-99  1.0000000E-99
  873  7.2423928E+04  3.5111628E-01  2.7855357E+02  1.7135782E+23  2.5360771E-01  1.0000000E-99  1.0000000E-99
  874  7.2506981E+04  3.5151893E-01  2.7887300E+02  1.7130759E+23  2.5433983E-01  1.0000000E-99  1.0000000E-99
  875  7.2590034E+04  3.5192158E-01  2.7919244E+02  1.7125728E+23  2.5507365E-01  1.0000000E-99  1.0000000E-99
  876  7.2673088E+04  3.5232423E-01  2.7951188E+02  1.7120691E+23  2.5580917E-01  1.0000000E-99  1.0000000E-99
  877  7.2756141E+04  3.5272688E-01  2.7983131E+02  1.7115646E+23  2.5654640E-01  1.0000000E-99  1.0000000E-99
  878  7.2839194E+04  3.5312952E-01  2.8015075E+02  1.7110594E+23  2.5728535E-01  1.0000000E-99  1.0000000E-99
  879  7.2922247E+04  3.5353217E-01  2.8047018E+02  1.7105534E+23  2.5802600E-01  1.0000000E-99  1.0000000E-99
  880  7.3005301E+04  3.5393482E-01  2.8078962E+02  1.7100467E+23  2.5876838E-01  1.0000000E-99  1.0000000E-99
  881  7.3088354E+04  3.5433747E-01  2.8110905E+02  1.7095393E+23  2.5951249E-01  1.0000000E-99  1.0000000E-99
  882  7.3171407E+04  3.5474012E-01  2.8142849E+02  1.7090312E+23  2.6025832E-01  1.0000000E-99  1.0000000E-99
  883  7.3254461E+04  3.5514277E-01  2.8174793E+02  1.7085224E+23  2.6100589E-01  1.0000000E-99  1.0000000E-99
  884  7.3337514E+04  3.5554541E-01  2.8206736E+02  1.7080128E+23  2.6175520E-01  1.0000000E-99  1.0000000E-99
  885  7.3420567E+04  3.5594806E-01  2.8238680E+02  1.7075025E+23  2.6250626E-01  1.0000000E-99  1.0000000E-99
  886  7.3503620E+04  3.5635071E-01  2.8270623E+02  1.7069914E+23  2.6325906E-01  1.0000000E-99  1.0000000E-99
  887  7.3586674E+04  3.5675336E-01  2.8302567E+02  1.7064797E+23  2.6401361E-01  1.0000000E-99  1.0000000E-99
  888  7.3669727E+04  3.5715601E-01  2.8334510E+02  1.7059671E+23  2.6476993E-01  1.0000000E-99  1.0000000E-99
  889  7.3752780E+04  3.5755865E-01  2.8366454E+02  1.7054539E+23  2.6552800E-01  1.0000000E-99  1.0000000E-99
  890  7.3835834E+04  3.5796130E-01  2.8398398E+02  1.7049399E+23  2.6628785E-01  1.0000000E-99  1.0000000E-99
  891  7.3918887E+04  3.5836395E-01  2.8430341E+02  1.7044252E+23  2.6704946E-01  1.0000000E-99  1.0000000E-99
  892  7.4001940E+04  3.5876660E-01  2.8462285E+02  1.7039098E+23  2.6781286E-01  1.0000000E-99  1.0000000E-99
  893  7.4084993E+04  3.5916925E-01  2.8494228E+02  1.7033936E+23  2.6857803E-01  1.0000000E-99  1.0000000E-99
  894  7.4168047E+04  3.5957189E-01  2.8526172E+02  1.7028767E+23  2.6934499E-01  1.0000000E-99  1.0000000E-99
  895  7.4251100E+04  3.5997454E-01  2.8558115E+02  1.7023590E+23  2.7011374E-01  1.0000000E-99  1.0000000E-99
  896  7.4334153E+04  3.6037719E-01  2.8590059E+02  1.7018407E+23  2.7088429E-01  1.0000000E-99  1.0000000E-99
  897  7.4417207E+04  3.6077984E-01  2.8622003E+02  1.7013215E+23  2.7165664E-01  1.0000000E-99  1.0000000E-99
  898  7.4500260E+04  3.6118249E-01  2.8653946E+02  1.7008017E+23  2.7243079E-01  1.0000000E-99  1.0000000E-99
  899  7.4583313E+04  3.6158514E-01  2.8685890E+02  1.7002811E+23  2.7320676E-01  1.0000000E-99  1.0000000E-99
  900  7.4666366E+04  3.6198778E-01  2.8717833E+02  1.6997597E+23  2.7398454E-01  1.0000000E-99  1.0000000E-99
  901  7.4749420E+04  3.6239043E-01  2.8749777E+02  1.6992377E+23  2.7476414E-01  1.0000000E-99  1.0000000E-99
  902  7.4832473E+04  3.6279308E-01  2.8781720E+02  1.6987148E+23  2.7554557E-01  1.0000000E-99  1.0000000E-99
  903  7.4915526E+04  3.6319573E-01  2.8813664E+02  1.6981913E+23  2.7632883E-01  1.0000000E-99  1.0000000E-99
  904  7.4998580E+04  3.6359838E-01  2.8845608E+02  1.6976670E+23  2.7711392E-01  1.0000000E-99  1.0000000E-99
  905  7.5081633E+04  3.6400102E-01  2.8877551E+02  1.6971419E+23  2.7790085E-01  1.0000000E-99  1.0000000E-99
  906  7.5164686E+04  3.6440367E-01  2.8909495E+02  1.6966161E+23  2.7868963E-01  1.0000000E-99  1.0000000E-99
  907  7.5247740E+04  3.6480632E-01  2.8941438E+02  1.6960896E+23  2.7948026E-01  1.0000000E-99  1.0000000E-99
  908  7.5330793E+04  3.6520897E-01  2.8973382E+02  1.6955623E+23  2.8027274E-01  1.0000000E-99  1.0000000E-99
  909  7.5413846E+04  3.6561162E-01  2.9005325E+02  1.6950343E+23  2.8106709E-01  1.0000000E-99  1.0000000E-99
  910  7.5496899E+04  3.6601427E-01  2.9037269E+02  1.6945055E+23  2.8186330E-01  1.0000000E-99  1.0000000E-99
  911  7.5579953E+04  3.6641691E-01  2.9069213E+02  1.6939760E+23  2.8266138E-01  1.0000000E-99  1.0000000E-99
  912  7.5663006E+04  3.6681956E-01  2.9101156E+02  1.6934457E+23  2.8346134E-01  1.0000000E-99  1.0000000E-99
  913  7.5746059E+04  3.6722221E-01  2.9133100E+02  1.6929147E+23  2.8426317E-01  1.0000000E-99  1.0000000E-99
  914  7.5829113E+04  3.6762486E-01  2.9165043E+02  1.6923829E+23  2.8506690E-01  1.0000000E-99  1.0000000E-99
  915  7.5912166E+04  3.6802751E-01  2.9196987E+02  1.6918504E+23  2.8587252E-01  1.0000000E-99  1.0000000E-99
  916  7.5995219E+04  3.6843015E-01  2.9228930E+02  1.6913171E+23  2.8668003E-01  1.0000000E-99  1.0000000E-99
  917  7.6078272E+04  3.6883280E-01  2.9260874E+02  1.6907831E+23  2.8748944E-01  1.0000000E-99  1.0000000E-99
  918  7.6161326E+04  3.6923545E-01  2.9292818E+02  1.6902483E+23  2.8830076E-01  1.0000000E-99  1.0000000E-99
  919  7.6244379E+04  3.6963810E-01  2.9324761E+02  1.6897128E+23  2.8911400E-01  1.0000000E-99  1.0000000E-99
  920  7.6327432E+04  3.7004075E-01  2.9356705E+02  1.6891765E+23  2.8992915E-01  1.0000000E-99  1.0000000E-99
  921  7.6410486E+04  3.7044340E-01  2.9388648E+02  1.6886395E+23  2.9074623E-01  1.0000000E-99  1.0000000E-99
  922  7.6493539E+04  3.7084604E-01  2.9420592E+02  1.6881017E+23  2.9156523E-01  1.0000000E-99  1.0000000E-99
  923  7.6576592E+04  3.7124869E-01  2.9452535E+02  1.6875632E+23  2.9238617E-01  1.0000000E-99  1.0000000E-99
  924  7.6659645E+04  3.7165134E-01  2.9484479E+02  1.6870239E+23  2.9320905E-01  1.0000000E-99  1.0000000E-99
  925  7.6742699E+04  3.7205399E-01  2.9516423E+02  1.6864838E+23  2.9403387E-01  1.0000000E-99  1.0000000E-99
  926  7.6825752E+04  3.7245664E-01  2.9548366E+02  1.6859430E+23  2.9486064E-01  1.0000000E-99  1.0000000E-99
  927  7.6908805E+04  3.7285928E-01  2.9580310E+02  1.6854014E+23  2.9568937E-01  1.0000000E-99  1.0000000E-99
  928  7.6991859E+04  3.7326193E-01  2.9612253E+02  1.6848591E+23  2.9652005E-01  1.0000000E-99  1.0000000E-99
  929  7.7074912E+04  3.7366458E-01  2.9644197E+02  1.6843160E+23  2.9735271E-01  1.0000000E-99  1.0000000E-99
  930  7.7157965E+04  3.7406723E-01  2.9676140E+02  1.6837721E+23  2.9818734E-01  1.0000000E-99  1.0000000E-99
  931  7.7241018E+04  3.7446988E-01  2.9708084E+02  1.6832275E+23  2.9902394E-01  1.0000000E-99  1.0000000E-99
  932  7.7324072E+04  3.7487252E-01  2.9740028E+02  1.6826821E+23  2.9986253E-01  1.0000000E-99  1.0000000E-99
  933  7.7407125E+04  3.7527517E-01  2.9771971E+02  1.6821360E+23  3.0070310E-01  1.0000000E-99  1.0000000E-99
  934  7.7490178E+04  3.7567782E-01  2.9803915E+02  1.6815890E+23  3.0154568E-01  1.0000000E-99  1.0000000E-99
  935  7.7573232E+04  3.7608047E-01  2.9835858E+02  1.6810414E+23  3.0239025E-01  1.0000000E-99  1.0000000E-99
  936  7.7656285E+04  3.7648312E-01  2.9867802E+02  1.6804929E+23  3.0323682E-01  1.0000000E-99  1.0000000E-99
  937  7.7739338E+04  3.7688577E-01  2.9899745E+02  1.6799437E+23  3.0408541E-01  1.0000000E-99  1.0000000E-99
  938  7.7822391E+04  3.7728841E-01  2.9931689E+02  1.6793938E+23  3.0493602E-01  1.0000000E-99  1.0000000E-99
  939  7.7905445E+04  3.7769106E-01  2.9963633E+02  1.6788430E+23  3.0578864E-01  1.0000000E-99  1.0000000E-99
  940  7.7988498E+04  3.7809371E-01  2.9995576E+02  1.6782915E+23  3.0664330E-01  1.0000000E-99  1.0000000E-99
  941  7.8071551E+04  3.7849636E-01  3.0027520E+02  1.6777392E+23  3.0749999E-01  1.0000000E-99  1.0000000E-99
  942  7.8154605E+04  3.7889901E-01  3.0059463E+02  1.6771862E+23  3.0835872E-01  1.0000000E-99  1.0000000E-99
  943  7.8237658E+04  3.7930165E-01  3.0091407E+02  1.6766324E+23  3.0921950E-01  1.0000000E-99  1.0000000E-99
  944  7.8320711E+04  3.7970430E-01  3.0123350E+02  1.6760778E+23  3.1008233E-01  1.0000000E-99  1.0000000E-99
  945  7.8403764E+04  3.8010695E-01  3.0155294E+02  1.6755224E+23  3.1094722E-01  1.0000000E-99  1.0000000E-99
  946  7.8486818E+04  3.8050960E-01  3.0187238E+02  1.6749663E+23  3.1181417E-01  1.0000000E-99  1.0000000E-99
  947  7.8569871E+04  3.8091225E-01  3.0219181E+02  1.6744094E+23  3.1268319E-01  1.0000000E-99  1.0000000E-99
  948  7.8652924E+04  3.8131490E-01  3.0251125E+02  1.6738517E+23  3.1355428E-01  1.0000000E-99  1.0000000E-99
  949  7.8735978E+04  3.8171754E-01  3.0283068E+02  1.6732932E+23  3.1442746E-01  1.0000000E-99  1.0000000E-99
  950  7.8819031E+04  3.8212019E-01  3.0315012E+02  1.6727340E+23  3.1530272E-01  1.0000000E-99  1.0000000E-99
  951  7.8902084E+04  3.8252284E-01  3.0346955E+02  1.6721740E+23  3.1618008E-01  1.0000000E-99  1.0000000E-99
  952  7.8985137E+04  3.8292549E-01  3.0378899E+02  1.6716132E+23  3.1705954E-01  1.0000000E-99  1.0000000E-99
  953  7.9068191E+04  3.8332814E-01  3.0410843E+02  1.6710516E+23  3.1794110E-01  1.0000000E-99  1.0000000E-99
  954  7.9151244E+04  3.8373078E-01  3.0442786E+02  1.6704893E+23  3.1882478E-01  1.0000000E-99  1.0000000E-99
  955  7.9234297E+04  3.8413343E-01  3.0474730E+02  1.6699261E+23  3.1971057E-01  1.0000000E-99  1.0000000E-99
  956  7.9317351E+04  3.8453608E-01  3.0506673E+02  1.6693622E+23  3.2059849E-01  1.0000000E-99  1.0000000E-99
  957  7.9400404E+04  3.8493873E-01  3.0538617E+02  1.6687975E+23  3.2148853E-01  1.0000000E-99  1.0000000E-99
  958  7.9483457E+04  3.8534138E-01  3.0570560E+02  1.6682321E+23  3.2238072E-01  1.0000000E-99  1.0000000E-99
  959  7.9566510E+04  3.8574403E-01  3.0602504E+02  1.6676658E+23  3.2327504E-01  1.0000000E-99  1.0000000E-99
  960  7.9649564E+04  3.8614667E-01  3.0634448E+02  1.6670988E+23  3.2417152E-01  1.0000000E-99  1.0000000E-99
  961  7.9732617E+04  3.8654932E-01  3.0666391E+02  1.6665309E+23  3.2507015E-01  1.0000000E-99  1.0000000E-99
  962  7.9815670E+04  3.8695197E-01  3.0698335E+02  1.6659623E+23  3.2597094E-01  1.0000000E-99  1.0000000E-99
  963  7.9898724E+04  3.8735462E-01  3.0730278E+02  1.6653929E+23  3.2687390E-01  1.0000000E-99  1.0000000E-99
  964  7.9981777E+04  3.8775727E-01  3.0762222E+02  1.6648227E+23  3.2777903E-01  1.0000000E-99  1.0000000E-99
  965  8.0064830E+04  3.8815991E-01  3.0794165E+02  1.6642518E+23  3.2868634E-01  1.0000000E-99  1.0000000E-99
  966  8.0147883E+04  3.8856256E-01  3.0826109E+02  1.6636800E+23  3.2959584E-01  1.0000000E-99  1.0000000E-99
  967  8.0230937E+04  3.8896521E-01  3.0858053E+02  1.6631075E+23  3.3050754E-01  1.0000000E-99  1.0000000E-99
  968  8.0313990E+04  3.8936786E-01  3.0889996E+02  1.6625341E+23  3.3142143E-01  1.0000000E-99  1.0000000E-99
  969  8.0397043E+04  3.8977051E-01  3.0921940E+02  1.6619600E+23  3.3233753E-01  1.0000000E-99  1.0000000E-99
  970  8.0480097E+04  3.9017315E-01  3.0953883E+02  1.6613851E+23  3.3325584E-01  1.0000000E-99  1.0000000E-99
  971  8.0563150E+04  3.9057580E-01  3.0985827E+02  1.6608093E+23  3.3417638E-01  1.0000000E-99  1.0000000E-99
  972  8.0646203E+04  3.9097845E-01  3.1017770E+02  1.6602328E+23  3.3509913E-01  1.0000000E-99  1.0000000E-99
  973  8.0729256E+04  3.9138110E-01  3.1049714E+02  1.6596555E+23  3.3602412E-01  1.0000000E-99  1.0000000E-99
  974  8.0812310E+04  3.9178375E-01  3.1081658E+02  1.6590774E+23  3.3695135E-01  1.0000000E-99  1.0000000E-99
  975  8.0895363E+04  3.9218640E-01  3.1113601E+02  1.6584985E+23  3.3788083E-01  1.0000000E-99  1.0000000E-99
  976  8.0978416E+04  3.9258904E-01  3.1145545E+02  1.6579188E+23  3.3881256E-01  1.0000000E-99  1.0000000E-99
  977  8.1061470E+04  3.9299169E-01  3.1177488E+02  1.6573383E+23  3.3974654E-01  1.0000000E-99  1.0000000E-99
  978  8.1144523E+04  3.9339434E-01  3.1209432E+02  1.6567570E+23  3.4068280E-01  1.0000000E-99  1.0000000E-99
  979  8.1227576E+04  3.9379699E-01  3.1241375E+02  1.6561750E+23  3.4162132E-01  1.0000000E-99  1.0000000E-99
  980  8.1310629E+04  3.9419964E-01  3.1273319E+02  1.6555921E+23  3.4256213E-01  1.0000000E-99  1.0000000E-99
  981  8.1393683E+04  3.9460228E-01  3.1305263E+02  1.6550084E+23  3.4350522E-01  1.0000000E-99  1.0000000E-99
  982  8.1476736E+04  3.9500493E-01  3.1337206E+02  1.6544239E+23  3.4445060E-01  1.0000000E-99  1.0000000E-99
  983  8.1559789E+04  3.9540758E-01  3.1369150E+02  1.6538386E+23  3.4539829E-01  1.0000000E-99  1.0000000E-99
  984  8.1642843E+04  3.9581023E-01  3.1401093E+02  1.6532525E+23  3.4634828E-01  1.0000000E-99  1.0000000E-99
  985  8.1725896E+04  3.9621288E-01  3.1433037E+02  1.6526656E+23  3.4730059E-01  1.0000000E-99  1.0000000E-99
  986  8.1808949E+04  3.9661553E-01  3.1464980E+02  1.6520779E+23  3.4825521E-01  1.0000000E-99  1.0000000E-99
  987  8.1892002E+04  3.9701817E-01  3.1496924E+02  1.6514893E+23  3.4921217E-01  1.0000000E-99  1.0000000E-99
  988  8.1975056E+04  3.9742082E-01  3.1528868E+02  1.6509000E+23  3.5017146E-01  1.0000000E-99  1.0000000E-99
  989  8.2058109E+04  3.9782347E-01  3.1560811E+02  1.6503099E+23  3.5113309E-01  1.0000000E-99  1.0000000E-99
  990  8.2141162E+04  3.9822612E-01  3.1592755E+02  1.6497189E+23  3.5209707E-01  1.0000000E-99  1.0000000E-99
  991  8.2224216E+04  3.9862877E-01  3.1624698E+02  1.6491272E+23  3.5306341E-01  1.0000000E-99  1.0000000E-99
  992  8.2307269E+04  3.9903141E-01  3.1656642E+02  1.6485346E+23  3.5403211E-01  1.0000000E-99  1.0000000E-99
  993  8.2390322E+04  3.9943406E-01  3.1688585E+02  1.6479412E+23  3.5500318E-01  1.0000000E-99  1.0000000E-99
  994  8.2473375E+04  3.9983671E-01  3.1720529E+02  1.6473470E+23  3.5597663E-01  1.0000000E-99  1.0000000E-99
  995  8.2556429E+04  4.0023936E-01  3.1752473E+02  1.6467520E+23  3.5695246E-01  1.0000000E-99  1.0000000E-99
  996  8.2639482E+04  4.0064201E-01  3.1784416E+02  1.6461562E+23  3.5793069E-01  1.0000000E-99  1.0000000E-99
  997  8.2722535E+04  4.0104466E-01  3.1816360E+02  1.6455596E+23  3.5891132E-01  1.0000000E-99  1.0000000E-99
  998  8.2805589E+04  4.0144730E-01  3.1848303E+02  1.6449621E+23  3.5989435E-01  1.0000000E-99  1.0000000E-99
  999  8.2888642E+04  4.0184995E-01  3.1880247E+02  1.6443639E+23  3.6087980E-01  1.0000000E-99  1.0000000E-99
 1000  8.2971695E+04  4.0225260E-01  3.1912190E+02  1.6437648E+23  3.6186767E-01  1.0000000E-99  1.0000000E-99
 1001  8.3054748E+04  4.0265525E-01  3.1944134E+02  1.6431649E+23  3.6285796E-01  1.0000000E-99  1.0000000E-99
 1002  8.3137802E+04  4.0305790E-01  3.1976078E+02  1.6425642E+23  3.6385070E-01  1.0000000E-99  1.0000000E-99
 1003  8.3220855E+04  4.0346054E-01  3.2008021E+02  1.6419626E+23  3.6484588E-01  1.0000000E-99  1.0000000E-99
 1004  8.3303908E+04  4.0386319E-01  3.2039965E+02  1.6413603E+23  3.6584351E-01  1.0000000E-99  1.0000000E-99
 1005  8.3386962E+04  4.0426584E-01  3.2071908E+02  1.6407571E+23  3.6684360E-01  1.0000000E-99  1.0000000E-99
 1006  8.3470015E+04  4.0466849E-01  3.2103852E+02  1.6401531E+23  3.6784616E-01  1.0000000E-99  1.0000000E-99
 1007  8.3553068E+04  4.0507114E-01  3.2135795E+02  1.6395483E+23  3.6885119E-01  1.0000000E-99  1.0000000E-99
 1008  8.3636121E+04  4.0547379E-01  3.2167739E+02  1.6389426E+23  3.6985870E-01  1.0000000E-99  1.0000000E-99
 1009  8.3719175E+04  4.0587643E-01  3.2199683E+02  1.6383361E+23  3.7086871E-01  1.0000000E-99  1.0000000E-99
 1010  8.3802228E+04  4.0627908E-01  3.2231626E+02  1.6377288E+23  3.7188121E-01  1.0000000E-99  1.0000000E-99
 1011  8.3885281E+04  4.0668173E-01  3.2263570E+02  1.6371207E+23  3.7289622E-01  1.0000000E-99  1.0000000E-99
 1012  8.3968335E+04  4.0708438E-01  3.2295513E+02  1.6365117E+23  3.7391374E-01  1.0000000E-99  1.0000000E-99
 1013  8.4051388E+04  4.0748703E-01  3.2327457E+02  1.6359019E+23  3.7493378E-01  1.0000000E-99  1.0000000E-99
 1014  8.4134441E+04  4.0788967E-01  3.2359400E+02  1.6352913E+23  3.7595635E-01  1.0000000E-99  1.0000000E-99
 1015  8.4217494E+04  4.0829232E-01  3.2391344E+02  1.6346798E+23  3.7698146E-01  1.0000000E-99  1.0000000E-99
 1016  8.4300548E+04  4.0869497E-01  3.2423288E+02  1.6340675E+23  3.7800911E-01  1.0000000E-99  1.0000000E-99
 1017  8.4383601E+04  4.0909762E-01  3.2455231E+02  1.6334544E+23  3.7903931E-01  1.0000000E-99  1.0000000E-99
 1018  8.4466654E+04  4.0950027E-01  3.2487175E+02  1.6328404E+23  3.8007208E-01  1.0000000E-99  1.0000000E-99
 1019  8.4549708E+04  4.0990291E-01  3.2519118E+02  1.6322256E+23  3.8110741E-01  1.0000000E-99  1.0000000E-99
 1020  8.4632761E+04  4.1030556E-01  3.2551062E+02  1.6316100E+23  3.8214532E-01  1.0000000E-99  1.0000000E-99
 1021  8.4715814E+04  4.1070821E-01  3.2583005E+02  1.6309936E+23  3.8318582E-01  1.0000000E-99  1.0000000E-99
 1022  8.4798867E+04  4.1111086E-01  3.2614949E+02  1.6303762E+23  3.8422891E-01  1.0000000E-99  1.0000000E-99
 1023  8.4881921E+04  4.1151351E-01  3.2646893E+02  1.6297581E+23  3.8527460E-01  1.0000000E-99  1.0000000E-99
 1024  8.4964974E+04  4.1191616E-01  3.2678836E+02  1.6291391E+23  3.8632290E-01  1.0000000E-99  1.0000000E-99
 1025  8.5048027E+04  4.1231880E-01  3.2710780E+02  1.6285193E+23  3.8737382E-01  1.0000000E-99  1.0000000E-99
 1026  8.5131081E+04  4.1272145E-01  3.2742723E+02  1.6278986E+23  3.8842736E-01  1.0000000E-99  1.0000000E-99
 1027  8.5214134E+04  4.1312410E-01  3.2774667E+02  1.6272771E+23  3.8948354E-01  1.0000000E-99  1.0000000E-99
 1028  8.5297187E+04  4.1352675E-01  3.2806610E+02  1.6266548E+23  3.9054236E-01  1.0000000E-99  1.0000000E-99
 1029  8.5380240E+04  4.1392940E-01  3.2838554E+02  1.6260316E+23  3.9160384E-01  1.0000000E-99  1.0000000E-99
 1030  8.5463294E+04  4.1433204E-01  3.2870498E+02  1.6254075E+23  3.9266797E-01  1.0000000E-99  1.0000000E-99
 1031  8.5546347E+04  4.1473469E-01  3.2902441E+02  1.6247826E+23  3.9373477E-01  1.0000000E-99  1.0000000E-99
 1032  8.5629400E+04  4.1513734E-01  3.2934385E+02  1.6241569E+23  3.9480425E-01  1.0000000E-99  1.0000000E-99
 1033  8.5712454E+04  4.1553999E-01  3.2966328E+02  1.6235303E+23  3.9587641E-01  1.0000000E-99  1.0000000E-99
 1034  8.5795507E+04  4.1594264E-01  3.2998272E+02  1.6229029E+23  3.9695127E-01  1.0000000E-99  1.0000000E-99
 1035  8.5878560E+04  4.1634529E-01  3.3030215E+02  1.6222746E+23  3.9802883E-01  1.0000000E-99  1.0000000E-99
 1036  8.5961613E+04  4.1674793E-01  3.3062159E+02  1.6216454E+23  3.9910910E-01  1.0000000E-99  1.0000000E-99
 1037  8.6044667E+04  4.1715058E-01  3.3094103E+02  1.6210154E+23  4.0019209E-01  1.0000000E-99  1.0000000E-99
 1038  8.6127720E+04  4.1755323E-01  3.3126046E+02  1.6203846E+23  4.0127781E-01  1.0000000E-99  1.0000000E-99
 1039  8.6210773E+04  4.1795588E-01  3.3157990E+02  1.6197529E+23  4.0236627E-01  1.0000000E-99  1.0000000E-99
 1040  8.6293827E+04  4.1835853E-01  3.3189933E+02  1.6191203E+23  4.0345747E-01  1.0000000E-99  1.0000000E-99
 1041  8.6376880E+04  4.1876117E-01  3.3221877E+02  1.6184869E+23  4.0455143E-01  1.0000000E-99  1.0000000E-99
 1042  8.6459933E+04  4.1916382E-01  3.3253820E+02  1.6178526E+23  4.0564815E-01  1.0000000E-99  1.0000000E-99
 1043  8.6542986E+04  4.1956647E-01  3.3285764E+02  1.6172175E+23  4.0674765E-01  1.0000000E-99  1.0000000E-99
 1044  8.6626040E+04  4.1996912E-01  3.3317708E+02  1.6165815E+23  4.0784992E-01  1.0000000E-99  1.0000000E-99
 1045  8.6709093E+04  4.2037177E-01  3.3349651E+02  1.6159447E+23  4.0895499E-01  1.0000000E-99  1.0000000E-99
 1046  8.6792146E+04  4.2077442E-01  3.3381595E+02  1.6153070E+23  4.1006286E-01  1.0000000E-99  1.0000000E-99
 1047  8.6875200E+04  4.2117706E-01  3.3413538E+02  1.6146684E+23  4.1117354E-01  1.0000000E-99  1.0000000E-99
 1048  8.6958253E+04  4.2157971E-01  3.3445482E+02  1.6140290E+23  4.1228704E-01  1.0000000E-99  1.0000000E-99
 1049  8.7041306E+04  4.2198236E-01  3.3477425E+02  1.6133886E+23  4.1340336E-01  1.0000000E-99  1.0000000E-99
 1050  8.7124359E+04  4.2238501E-01  3.3509369E+02  1.6127475E+23  4.1452252E-01  1.0000000E-99  1.0000000E-99
 1051  8.7207413E+04  4.2278766E-01  3.3541313E+02  1.6121054E+23  4.1564453E-01  1.0000000E-99  1.0000000E-99
 1052  8.7290466E+04  4.2319030E-01  3.3573256E+02  1.6114625E+23  4.1676939E-01  1.0000000E-99  1.0000000E-99
 1053  8.7373519E+04  4.2359295E-01  3.3605200E+02  1.6108188E+23  4.1789712E-01  1.0000000E-99  1.0000000E-99
 1054  8.7456573E+04  4.2399560E-01  3.3637143E+02  1.6101741E+23  4.1902773E-01  1.0000000E-99  1.0000000E-99
 1055  8.7539626E+04  4.2439825E-01  3.3669087E+02  1.6095286E+23  4.2016121E-01  1.0000000E-99  1.0000000E-99
 1056  8.7622679E+04  4.2480090E-01  3.3701030E+02  1.6088822E+23  4.2129759E-01  1.0000000E-99  1.0000000E-99
 1057  8.7705732E+04  4.2520354E-01  3.3732974E+02  1.6082350E+23  4.2243687E-01  1.0000000E-99  1.0000000E-99
 1058  8.7788786E+04  4.2560619E-01  3.3764918E+02  1.6075868E+23  4.2357907E-01  1.0000000E-99  1.0000000E-99
 1059  8.7871839E+04  4.2600884E-01  3.3796861E+02  1.6069378E+23  4.2472419E-01  1.0000000E-99  1.0000000E-99
 1060  8.7954892E+04  4.2641149E-01  3.3828805E+02  1.6062879E+23  4.2587224E-01  1.0000000E-99  1.0000000E-99
 1061  8.8037946E+04  4.2681414E-01  3.3860748E+02  1.6056372E+23  4.2702323E-01  1.0000000E-99  1.0000000E-99
 1062  8.8120999E+04  4.2721679E-01  3.3892692E+02  1.6049855E+23  4.2817717E-01  1.0000000E-99  1.0000000E-99
 1063  8.8204052E+04  4.2761943E-01  3.3924635E+02  1.6043330E+23  4.2933407E-01  1.0000000E-99  1.0000000E-99
 1064  8.8287105E+04  4.2802208E-01  3.3956579E+02  1.6036796E+23  4.3049394E-01  1.0000000E-99  1.0000000E-99
 1065  8.8370159E+04  4.2842473E-01  3.3988523E+02  1.6030253E+23  4.3165680E-01  1.0000000E-99  1.0000000E-99
 1066  8.8453212E+04  4.2882738E-01  3.4020466E+02  1.6023702E+23  4.3282264E-01  1.0000000E-99  1.0000000E-99
 1067  8.8536265E+04  4.2923003E-01  3.4052410E+02  1.6017141E+23  4.3399149E-01  1.0000000E-99  1.0000000E-99
 1068  8.8619319E+04  4.2963267E-01  3.4084353E+02  1.6010572E+23  4.3516335E-01  1.0000000E-99  1.0000000E-99
 1069  8.8702372E+04  4.3003532E-01  3.4116297E+02  1.6003994E+23  4.3633822E-01  1.0000000E-99  1.0000000E-99
 1070  8.8785425E+04  4.3043797E-01  3.4148240E+02  1.5997406E+23  4.3751613E-01  1.0000000E-99  1.0000000E-99
 1071  8.8868478E+04  4.3084062E-01  3.4180184E+02  1.5990811E+23  4.3869708E-01  1.0000000E-99  1.0000000E-99
 1072  8.8951532E+04  4.3124327E-01  3.4212128E+02  1.5984206E+23  4.3988108E-01  1.0000000E-99  1.0000000E-99
 1073  8.9034585E+04  4.3164592E-01  3.4244071E+02  1.5977592E+23  4.4106815E-01  1.0000000E-99  1.0000000E-99
 1074  8.9117638E+04  4.3204856E-01  3.4276015E+02  1.5970969E+23  4.4225828E-01  1.0000000E-99  1.0000000E-99
 1075  8.9200692E+04  4.3245121E-01  3.4307958E+02  1.5964338E+23  4.4345150E-01  1.0000000E-99  1.0000000E-99
 1076  8.9283745E+04  4.3285386E-01  3.4339902E+02  1.5957697E+23  4.4464781E-01  1.0000000E-99  1.0000000E-99
 1077  8.9366798E+04  4.3325651E-01  3.4371845E+02  1.5951048E+23  4.4584723E-01  1.0000000E-99  1.0000000E-99
 1078  8.9449851E+04  4.3365916E-01  3.4403789E+02  1.5944389E+23  4.4704975E-01  1.0000000E-99  1.0000000E-99
 1079  8.9532905E+04  4.3406180E-01  3.4435733E+02  1.5937722E+23  4.4825541E-01  1.0000000E-99  1.0000000E-99
 1080  8.9615958E+04  4.3446445E-01  3.4467676E+02  1.5931045E+23  4.4946419E-01  1.0000000E-99  1.0000000E-99
 1081  8.9699011E+04  4.3486710E-01  3.4499620E+02  1.5924360E+23  4.5067613E-01  1.0000000E-99  1.0000000E-99
 1082  8.9782065E+04  4.3526975E-01  3.4531563E+02  1.5917666E+23  4.5189122E-01  1.0000000E-99  1.0000000E-99
 1083  8.9865118E+04  4.3567240E-01  3.4563507E+02  1.5910962E+23  4.5310947E-01  1.0000000E-99  1.0000000E-99
 1084  8.9948171E+04  4.3607505E-01  3.4595450E+02  1.5904250E+23  4.5433091E-01  1.0000000E-99  1.0000000E-99
 1085  9.0031225E+04  4.3647769E-01  3.4627394E+02  1.5897528E+23  4.5555553E-01  1.0000000E-99  1.0000000E-99
 1086  9.0114278E+04  4.3688034E-01  3.4659338E+02  1.5890798E+23  4.5678335E-01  1.0000000E-99  1.0000000E-99
 1087  9.0197331E+04  4.3728299E-01  3.4691281E+02  1.5884058E+23  4.5801439E-01  1.0000000E-99  1.0000000E-99
 1088  9.0280384E+04  4.3768564E-01  3.4723225E+02  1.5877310E+23  4.5924864E-01  1.0000000E-99  1.0000000E-99
 1089  9.0363438E+04  4.3808829E-01  3.4755168E+02  1.5870552E+23  4.6048613E-01  1.0000000E-99  1.0000000E-99
 1090  9.0446491E+04  4.3849093E-01  3.4787112E+02  1.5863785E+23  4.6172687E-01  1.0000000E-99  1.0000000E-99
 1091  9.0529544E+04  4.3889358E-01  3.4819055E+02  1.5857009E+23  4.6297085E-01  1.0000000E-99  1.0000000E-99
 1092  9.0612598E+04  4.3929623E-01  3.4850999E+02  1.5850224E+23  4.6421811E-01  1.0000000E-99  1.0000000E-99
 1093  9.0695651E+04  4.3969888E-01  3.4882943E+02  1.5843430E+23  4.6546864E-01  1.0000000E-99  1.0000000E-99
 1094  9.0778704E+04  4.4010153E-01  3.4914886E+02  1.5836626E+23  4.6672246E-01  1.0000000E-99  1.0000000E-99
 1095  9.0861757E+04  4.4050418E-01  3.4946830E+02  1.5829814E+23  4.6797959E-01  1.0000000E-99  1.0000000E-99
 1096  9.0944811E+04  4.4090682E-01  3.4978773E+02  1.5822992E+23  4.6924002E-01  1.0000000E-99  1.0000000E-99
 1097  9.1027864E+04  4.4130947E-01  3.5010717E+02  1.5816161E+23  4.7050378E-01  1.0000000E-99  1.0000000E-99
 1098  9.1110917E+04  4.4171212E-01  3.5042660E+02  1.5809321E+23  4.7177087E-01  1.0000000E-99  1.0000000E-99
 1099  9.1193971E+04  4.4211477E-01  3.5074604E+02  1.5802472E+23  4.7304131E-01  1.0000000E-99  1.0000000E-99
 1100  9.1277024E+04  4.4251742E-01  3.5106548E+02  1.5795614E+23  4.7431511E-01  1.0000000E-99  1.0000000E-99
 1101  9.1360077E+04  4.4292006E-01  3.5138491E+02  1.5788746E+23  4.7559228E-01  1.0000000E-99  1.0000000E-99
 1102  9.1443130E+04  4.4332271E-01  3.5170435E+02  1.5781869E+23  4.7687283E-01  1.0000000E-99  1.0000000E-99
 1103  9.1526184E+04  4.4372536E-01  3.5202378E+02  1.5774983E+23  4.7815677E-01  1.0000000E-99  1.0000000E-99
 1104  9.1609237E+04  4.4412801E-01  3.5234322E+02  1.5768087E+23  4.7944412E-01  1.0000000E-99  1.0000000E-99
 1105  9.1692290E+04  4.4453066E-01  3.5266265E+02  1.5761183E+23  4.8073489E-01  1.0000000E-99  1.0000000E-99
 1106  9.1775344E+04  4.4493330E-01  3.5298209E+02  1.5754269E+23  4.8202909E-01  1.0000000E-99  1.0000000E-99
 1107  9.1858397E+04  4.4533595E-01  3.5330153E+02  1.5747345E+23  4.8332672E-01  1.0000000E-99  1.0000000E-99
 1108  9.1941450E+04  4.4573860E-01  3.5362096E+02  1.5740413E+23  4.8462782E-01  1.0000000E-99  1.0000000E-99
 1109  9.2024503E+04  4.4614125E-01  3.5394040E+02  1.5733471E+23  4.8593238E-01  1.0000000E-99  1.0000000E-99
 1110  9.2107557E+04  4.4654390E-01  3.5425983E+02  1.5726520E+23  4.8724041E-01  1.0000000E-99  1.0000000E-99
 1111  9.2190610E+04  4.4694655E-01  3.5457927E+02  1.5719559E+23  4.8855194E-01  1.0000000E-99  1.0000000E-99
 1112  9.2273663E+04  4.4734919E-01  3.5489870E+02  1.5712589E+23  4.8986697E-01  1.0000000E-99  1.0000000E-99
 1113  9.2356717E+04  4.4775184E-01  3.5521814E+02  1.5705610E+23  4.9118552E-01  1.0000000E-99  1.0000000E-99
 1114  9.2439770E+04  4.4815449E-01  3.5553758E+02  1.5698621E+23  4.9250759E-01  1.0000000E-99  1.0000000E-99
 1115  9.2522823E+04  4.4855714E-01  3.5585701E+02  1.5691623E+23  4.9383321E-01  1.0000000E-99  1.0000000E-99
 1116  9.2605876E+04  4.4895979E-01  3.5617645E+02  1.5684615E+23  4.9516238E-01  1.0000000E-99  1.0000000E-99
 1117  9.2688930E+04  4.4936243E-01  3.5649588E+02  1.5677598E+23  4.9649511E-01  1.0000000E-99  1.0000000E-99
 1118  9.2771983E+04  4.4976508E-01  3.5681532E+02  1.5670572E+23  4.9783142E-01  1.0000000E-99  1.0000000E-99
 1119  9.2855036E+04  4.5016773E-01  3.5713475E+02  1.5663536E+23  4.9917133E-01  1.0000000E-99  1.0000000E-99
 1120  9.2938090E+04  4.5057038E-01  3.5745419E+02  1.5656491E+23  5.0051484E-01  1.0000000E-99  1.0000000E-99
 1121  9.3021143E+04  4.5097303E-01  3.5777363E+02  1.5649436E+23  5.0186196E-01  1.0000000E-99  1.0000000E-99
 1122  9.3104196E+04  4.5137568E-01  3.5809306E+02  1.5642372E+23  5.0321272E-01  1.0000000E-99  1.0000000E-99
 1123  9.3187249E+04  4.5177832E-01  3.5841250E+02  1.5635298E+23  5.0456712E-01  1.0000000E-99  1.0000000E-99
 1124  9.3270303E+04  4.5218097E-01  3.5873193E+02  1.5628214E+23  5.0592517E-01  1.0000000E-99  1.0000000E-99
 1125  9.3353356E+04  4.5258362E-01  3.5905137E+02  1.5621122E+23  5.0728690E-01  1.0000000E-99  1.0000000E-99
 1126  9.3436409E+04  4.5298627E-01  3.5937080E+02  1.5614019E+23  5.0865231E-01  1.0000000E-99  1.0000000E-99
 1127  9.3519463E+04  4.5338892E-01  3.5969024E+02  1.5606907E+23  5.1002141E-01  1.0000000E-99  1.0000000E-99
 1128  9.3602516E+04  4.5379156E-01  3.6000968E+02  1.5599786E+23  5.1139423E-01  1.0000000E-99  1.0000000E-99
 1129  9.3685569E+04  4.5419421E-01  3.6032911E+02  1.5592655E+23  5.1277077E-01  1.0000000E-99  1.0000000E-99
 1130  9.3768622E+04  4.5459686E-01  3.6064855E+02  1.5585514E+23  5.1415104E-01  1.0000000E-99  1.0000000E-99
 1131  9.3851676E+04  4.5499951E-01  3.6096798E+02  1.5578364E+23  5.1553506E-01  1.0000000E-99  1.0000000E-99
 1132  9.3934729E+04  4.5540216E-01  3.6128742E+02  1.5571204E+23  5.1692285E-01  1.0000000E-99  1.0000000E-99
 1133  9.4017782E+04  4.5580481E-01  3.6160685E+02  1.5564034E+23  5.1831442E-01  1.0000000E-99  1.0000000E-99
 1134  9.4100836E+04  4.5620745E-01  3.6192629E+02  1.5556855E+23  5.1970978E-01  1.0000000E-99  1.0000000E-99
 1135  9.4183889E+04  4.5661010E-01  3.6224573E+02  1.5549667E+23  5.2110894E-01  1.0000000E-99  1.0000000E-99
 1136  9.4266942E+04  4.5701275E-01  3.6256516E+02  1.5542468E+23  5.2251192E-01  1.0000000E-99  1.0000000E-99
 1137  9.4349995E+04  4.5741540E-01  3.6288460E+02  1.5535260E+23  5.2391873E-01  1.0000000E-99  1.0000000E-99
 1138  9.4433049E+04  4.5781805E-01  3.6320403E+02  1.5528042E+23  5.2532940E-01  1.0000000E-99  1.0000000E-99
 1139  9.4516102E+04  4.5822069E-01  3.6352347E+02  1.5520814E+23  5.2674392E-01  1.0000000E-99  1.0000000E-99
 1140  9.4599155E+04  4.5862334E-01  3.6384290E+02  1.5513577E+23  5.2816232E-01  1.0000000E-99  1.0000000E-99
 1141  9.4682209E+04  4.5902599E-01  3.6416234E+02  1.5506330E+23  5.2958461E-01  1.0000000E-99  1.0000000E-99
 1142  9.4765262E+04  4.5942864E-01  3.6448178E+02  1.5499073E+23  5.3101080E-01  1.0000000E-99  1.0000000E-99
 1143  9.4848315E+04  4.5983129E-01  3.6480121E+02  1.5491807E+23  5.3244092E-01  1.0000000E-99  1.0000000E-99
 1144  9.4931368E+04  4.6023393E-01  3.6512065E+02  1.5484530E+23  5.3387496E-01  1.0000000E-99  1.0000000E-99
 1145  9.5014422E+04  4.6063658E-01  3.6544008E+02  1.5477244E+23  5.3531296E-01  1.0000000E-99  1.0000000E-99
 1146  9.5097475E+04  4.6103923E-01  3.6575952E+02  1.5469948E+23  5.3675491E-01  1.0000000E-99  1.0000000E-99
 1147  9.5180528E+04  4.6144188E-01  3.6607895E+02  1.5462643E+23  5.3820085E-01  1.0000000E-99  1.0000000E-99
 1148  9.5263582E+04  4.6184453E-01  3.6639839E+02  1.5455327E+23  5.3965077E-01  1.0000000E-99  1.0000000E-99
 1149  9.5346635E+04  4.6224718E-01  3.6671783E+02  1.5448001E+23  5.4110471E-01  1.0000000E-99  1.0000000E-99
 1150  9.5429688E+04  4.6264982E-01  3.6703726E+02  1.5440666E+23  5.4256266E-01  1.0000000E-99  1.0000000E-99
 1151  9.5512741E+04  4.6305247E-01  3.6735670E+02  1.5433321E+23  5.4402465E-01  1.0000000E-99  1.0000000E-99
 1152  9.5595795E+04  4.6345512E-01  3.6767613E+02  1.5425966E+23  5.4549070E-01  1.0000000E-99  1.0000000E-99
 1153  9.5678848E+04  4.6385777E-01  3.6799557E+02  1.5418601E+23  5.4696081E-01  1.0000000E-99  1.0000000E-99
 1154  9.5761901E+04  4.6426042E-01  3.6831500E+02  1.5411226E+23  5.4843500E-01  1.0000000E-99  1.0000000E-99
 1155  9.5844955E+04  4.6466306E-01  3.6863444E+02  1.5403841E+23  5.4991329E-01  1.0000000E-99  1.0000000E-99
 1156  9.5928008E+04  4.6506571E-01  3.6895388E+02  1.5396446E+23  5.5139570E-01  1.0000000E-99  1.0000000E-99
 1157  9.6011061E+04  4.6546836E-01  3.6927331E+02  1.5389042E+23  5.5288223E-01  1.0000000E-99  1.0000000E-99
 1158  9.6094114E+04  4.6587101E-01  3.6959275E+02  1.5381627E+23  5.5437291E-01  1.0000000E-99  1.0000000E-99
 1159  9.6177168E+04  4.6627366E-01  3.6991218E+02  1.5374202E+23  5.5586775E-01  1.0000000E-99  1.0000000E-99
 1160  9.6260221E+04  4.6667631E-01  3.7023162E+02  1.5366767E+23  5.5736677E-01  1.0000000E-99  1.0000000E-99
 1161  9.6343274E+04  4.6707895E-01  3.7055105E+02  1.5359323E+23  5.5886997E-01  1.0000000E-99  1.0000000E-99
 1162  9.6426328E+04  4.6748160E-01  3.7087049E+02  1.5351868E+23  5.6037739E-01  1.0000000E-99  1.0000000E-99
 1163  9.6509381E+04  4.6788425E-01  3.7118993E+02  1.5344403E+23  5.6188902E-01  1.0000000E-99  1.0000000E-99
 1164  9.6592434E+04  4.6828690E-01  3.7150936E+02  1.5336928E+23  5.6340490E-01  1.0000000E-99  1.0000000E-99
 1165  9.6675487E+04  4.6868955E-01  3.7182880E+02  1.5329443E+23  5.6492503E-01  1.0000000E-99  1.0000000E-99
 1166  9.6758541E+04  4.6909219E-01  3.7214823E+02  1.5321948E+23  5.6644944E-01  1.0000000E-99  1.0000000E-99
 1167  9.6841594E+04  4.6949484E-01  3.7246767E+02  1.5314443E+23  5.6797813E-01  1.0000000E-99  1.0000000E-99
 1168  9.6924647E+04  4.6989749E-01  3.7278710E+02  1.5306927E+23  5.6951113E-01  1.0000000E-99  1.0000000E-99
 1169  9.7007701E+04  4.7030014E-01  3.7310654E+02  1.5299402E+23  5.7104845E-01  1.0000000E-99  1.0000000E-99
 1170  9.7090754E+04  4.7070279E-01  3.7342598E+02  1.5291866E+23  5.7259011E-01  1.0000000E-99  1.0000000E-99
 1171  9.7173807E+04  4.7110544E-01  3.7374541E+02  1.5284321E+23  5.7413612E-01  1.0000000E-99  1.0000000E-99
 1172  9.7256860E+04  4.7150808E-01  3.7406485E+02  1.5276765E+23  5.7568651E-01  1.0000000E-99  1.0000000E-99
 1173  9.7339914E+04  4.7191073E-01  3.7438428E+02  1.5269199E+23  5.7724128E-01  1.0000000E-99  1.0000000E-99
 1174  9.7422967E+04  4.7231338E-01  3.7470372E+02  1.5261622E+23  5.7880046E-01  1.0000000E-99  1.0000000E-99
 1175  9.7506020E+04  4.7271603E-01  3.7502315E+02  1.5254036E+23  5.8036406E-01  1.0000000E-99  1.0000000E-99
 1176  9.7589074E+04  4.7311868E-01  3.7534259E+02  1.5246439E+23  5.8193210E-01  1.0000000E-99  1.0000000E-99
 1177  9.7672127E+04  4.7352132E-01  3.7566203E+02  1.5238832E+23  5.8350459E-01  1.0000000E-99  1.0000000E-99
 1178  9.7755180E+04  4.7392397E-01  3.7598146E+02  1.5231214E+23  5.8508156E-01  1.0000000E-99  1.0000000E-99
 1179  9.7838233E+04  4.7432662E-01  3.7630090E+02  1.5223587E+23  5.8666302E-01  1.0000000E-99  1.0000000E-99
 1180  9.7921287E+04  4.7472927E-01  3.7662033E+02  1.5215949E+23  5.8824899E-01  1.0000000E-99  1.0000000E-99
 1181  9.8004340E+04  4.7513192E-01  3.7693977E+02  1.5208300E+23  5.8983949E-01  1.0000000E-99  1.0000000E-99
 1182  9.8087393E+04  4.7553456E-01  3.7725920E+02  1.5200642E+23  5.9143453E-01  1.0000000E-99  1.0000000E-99
 1183  9.8170447E+04  4.7593721E-01  3.7757864E+02  1.5192973E+23  5.9303413E-01  1.0000000E-99  1.0000000E-99
 1184  9.8253500E+04  4.7633986E-01  3.7789808E+02  1.5185293E+23  5.9463832E-01  1.0000000E-99  1.0000000E-99
 1185  9.8336553E+04  4.7674251E-01  3.7821751E+02  1.5177603E+23  5.9624710E-01  1.0000000E-99  1.0000000E-99
 1186  9.8419606E+04  4.7714516E-01  3.7853695E+02  1.5169903E+23  5.9786049E-01  1.0000000E-99  1.0000000E-99
 1187  9.8502660E+04  4.7754781E-01  3.7885638E+02  1.5162193E+23  5.9947852E-01  1.0000000E-99  1.0000000E-99
 1188  9.8585713E+04  4.7795045E-01  3.7917582E+02  1.5154472E+23  6.0110120E-01  1.0000000E-99  1.0000000E-99
 1189  9.8668766E+04  4.7835310E-01  3.7949525E+02  1.5146740E+23  6.0272855E-01  1.0000000E-99  1.0000000E-99
 1190  9.8751820E+04  4.7875575E-01  3.7981469E+02  1.5138998E+23  6.0436059E-01  1.0000000E-99  1.0000000E-99
 1191  9.8834873E+04  4.7915840E-01  3.8013413E+02  1.5131246E+23  6.0599734E-01  1.0000000E-99  1.0000000E-99
 1192  9.8917926E+04  4.7956105E-01  3.8045356E+02  1.5123483E+23  6.0763882E-01  1.0000000E-99  1.0000000E-99
 1193  9.9000979E+04  4.7996369E-01  3.8077300E+02  1.5115710E+23  6.0928503E-01  1.0000000E-99  1.0000000E-99
 1194  9.9084033E+04  4.8036634E-01  3.8109243E+02  1.5107926E+23  6.1093602E-01  1.0000000E-99  1.0000000E-99
 1195  9.9167086E+04  4.8076899E-01  3.8141187E+02  1.5100131E+23  6.1259178E-01  1.0000000E-99  1.0000000E-99
 1196  9.9250139E+04  4.8117164E-01  3.8173131E+02  1.5092326E+23  6.1425235E-01  1.0000000E-99  1.0000000E-99
 1197  9.9333193E+04  4.8157429E-01  3.8205074E+02  1.5084511E+23  6.1591774E-01  1.0000000E-99  1.0000000E-99
 1198  9.9416246E+04  4.8197694E-01  3.8237018E+02  1.5076685E+23  6.1758796E-01  1.0000000E-99  1.0000000E-99
 1199  9.9499299E+04  4.8237958E-01  3.8268961E+02  1.5068848E+23  6.1926305E-01  1.0000000E-99  1.0000000E-99
 1200  9.9582352E+04  4.8278223E-01  3.8300905E+02  1.5061000E+23  6.2094302E-01  1.0000000E-99  1.0000000E-99
 1201  9.9665406E+04  4.8318488E-01  3.8332848E+02  1.5053142E+23  6.2262788E-01  1.0000000E-99  1.0000000E-99
 1202  9.9748459E+04  4.8358753E-01  3.8364792E+02  1.5045273E+23  6.2431767E-01  1.0000000E-99  1.0000000E-99
 1203  9.9831512E+04  4.8399018E-01  3.8396736E+02  1.5037394E+23  6.2601239E-01  1.0000000E-99  1.0000000E-99
 1204  9.9914566E+04  4.8439282E-01  3.8428679E+02  1.5029504E+23  6.2771207E-01  1.0000000E-99  1.0000000E-99
 1205  9.9997619E+04  4.8479547E-01  3.8460623E+02  1.5021603E+23  6.2941672E-01  1.0000000E-99  1.0000000E-99
 1206  1.0008067E+05  4.8519812E-01  3.8492566E+02  1.5013691E+23  6.3112638E-01  1.0000000E-99  1.0000000E-99
 1207  1.0016373E+05  4.8560077E-01  3.8524510E+02  1.5005769E+23  6.3284105E-01  1.0000000E-99  1.0000000E-99
 1208  1.0024678E+05  4.8600342E-01  3.8556453E+02  1.4997836E+23  6.3456076E-01  1.0000000E-99  1.0000000E-99
 1209  1.0032983E+05  4.8640607E-01  3.8588397E+02  1.4989892E+23  6.3628553E-01  1.0000000E-99  1.0000000E-99
 1210  1.0041289E+05  4.8680871E-01  3.8620341E+02  1.4981938E+23  6.3801538E-01  1.0000000E-99  1.0000000E-99
 1211  1.0049594E+05  4.8721136E-01  3.8652284E+02  1.4973972E+23  6.3975033E-01  1.0000000E-99  1.0000000E-99
 1212  1.0057899E+05  4.8761401E-01  3.8684228E+02  1.4965996E+23  6.4149041E-01  1.0000000E-99  1.0000000E-99
 1213  1.0066205E+05  4.8801666E-01  3.8716171E+02  1.4958009E+23  6.4323562E-01  1.0000000E-99  1.0000000E-99
 1214  1.0074510E+05  4.8841931E-01  3.8748115E+02  1.4950011E+23  6.4498600E-01  1.0000000E-99  1.0000000E-99
 1215  1.0082815E+05  4.8882195E-01  3.8780058E+02  1.4942002E+23  6.4674156E-01  1.0000000E-99  1.0000000E-99
 1216  1.0091121E+05  4.8922460E-01  3.8812002E+02  1.4933982E+23  6.4850232E-01  1.0000000E-99  1.0000000E-99
 1217  1.0099426E+05  4.8962725E-01  3.8843946E+02  1.4925951E+23  6.5026832E-01  1.0000000E-99  1.0000000E-99
 1218  1.0107731E+05  4.9002990E-01  3.8875889E+02  1.4917910E+23  6.5203956E-01  1.0000000E-99  1.0000000E-99
 1219  1.0116036E+05  4.9043255E-01  3.8907833E+02  1.4909857E+23  6.5381607E-01  1.0000000E-99  1.0000000E-99
 1220  1.0124342E+05  4.9083520E-01  3.8939776E+02  1.4901794E+23  6.5559788E-01  1.0000000E-99  1.0000000E-99
 1221  1.0132647E+05  4.9123784E-01  3.8971720E+02  1.4893719E+23  6.5738499E-01  1.0000000E-99  1.0000000E-99
 1222  1.0140952E+05  4.9164049E-01  3.9003663E+02  1.4885634E+23  6.5917744E-01  1.0000000E-99  1.0000000E-99
 1223  1.0149258E+05  4.9204314E-01  3.9035607E+02  1.4877537E+23  6.6097525E-01  1.0000000E-99  1.0000000E-99
 1224  1.0157563E+05  4.9244579E-01  3.9067551E+02  1.4869429E+23  6.6277844E-01  1.0000000E-99  1.0000000E-99
 1225  1.0165868E+05  4.9284844E-01  3.9099494E+02  1.4861311E+23  6.6458704E-01  1.0000000E-99  1.0000000E-99
 1226  1.0174174E+05  4.9325108E-01  3.9131438E+02  1.4853181E+23  6.6640105E-01  1.0000000E-99  1.0000000E-99
 1227  1.0182479E+05  4.9365373E-01  3.9163381E+02  1.4845040E+23  6.6822052E-01  1.0000000E-99  1.0000000E-99
 1228  1.0190784E+05  4.9405638E-01  3.9195325E+02  1.4836888E+23  6.7004545E-01  1.0000000E-99  1.0000000E-99
 1229  1.0199090E+05  4.9445903E-01  3.9227268E+02  1.4828725E+23  6.7187588E-01  1.0000000E-99  1.0000000E-99
 1230  1.0207395E+05  4.9486168E-01  3.9259212E+02  1.4820551E+23  6.7371182E-01  1.0000000E-99  1.0000000E-99
 1231  1.0215700E+05  4.9526432E-01  3.9291156E+02  1.4812365E+23  6.7555331E-01  1.0000000E-99  1.0000000E-99
 1232  1.0224006E+05  4.9566697E-01  3.9323099E+02  1.4804169E+23  6.7740035E-01  1.0000000E-99  1.0000000E-99
 1233  1.0232311E+05  4.9606962E-01  3.9355043E+02  1.4795961E+23  6.7925298E-01  1.0000000E-99  1.0000000E-99
 1234  1.0240616E+05  4.9647227E-01  3.9386986E+02  1.4787742E+23  6.8111122E-01  1.0000000E-99  1.0000000E-99
 1235  1.0248922E+05  4.9687492E-01  3.9418930E+02  1.4779512E+23  6.8297509E-01  1.0000000E-99  1.0000000E-99
 1236  1.0257227E+05  4.9727757E-01  3.9450873E+02  1.4771270E+23  6.8484462E-01  1.0000000E-99  1.0000000E-99
 1237  1.0265532E+05  4.9768021E-01  3.9482817E+02  1.4763017E+23  6.8671983E-01  1.0000000E-99  1.0000000E-99
 1238  1.0273838E+05  4.9808286E-01  3.9514761E+02  1.4754753E+23  6.8860075E-01  1.0000000E-99  1.0000000E-99
 1239  1.0282143E+05  4.9848551E-01  3.9546704E+02  1.4746478E+23  6.9048739E-01  1.0000000E-99  1.0000000E-99
 1240  1.0290448E+05  4.9888816E-01  3.9578648E+02  1.4738191E+23  6.9237979E-01  1.0000000E-99  1.0000000E-99
 1241  1.0298754E+05  4.9929081E-01  3.9610591E+02  1.4729893E+23  6.9427796E-01  1.0000000E-99  1.0000000E-99
 1242  1.0307059E+05  4.9969345E-01  3.9642535E+02  1.4721583E+23  6.9618194E-01  1.0000000E-99  1.0000000E-99
 1243  1.0315364E+05  5.0009610E-01  3.9674478E+02  1.4713262E+23  6.9809174E-01  1.0000000E-99  1.0000000E-99
 1244  1.0323670E+05  5.0049875E-01  3.9706422E+02  1.4704930E+23  7.0000740E-01  1.0000000E-99  1.0000000E-99
 1245  1.0331975E+05  5.0090140E-01  3.9738366E+02  1.4696586E+23  7.0192893E-01  1.0000000E-99  1.0000000E-99
 1246  1.0340280E+05  5.0130405E-01  3.9770309E+02  1.4688231E+23  7.0385637E-01  1.0000000E-99  1.0000000E-99
 1247  1.0348586E+05  5.0170670E-01  3.9802253E+02  1.4679864E+23  7.0578973E-01  1.0000000E-99  1.0000000E-99
 1248  1.0356891E+05  5.0210934E-01  3.9834196E+02  1.4671486E+23  7.0772905E-01  1.0000000E-99  1.0000000E-99
 1249  1.0365196E+05  5.0251199E-01  3.9866140E+02  1.4663096E+23  7.0967435E-01  1.0000000E-99  1.0000000E-99
 1250  1.0373502E+05  5.0291464E-01  3.9898083E+02  1.4654695E+23  7.1162565E-01  1.0000000E-99  1.0000000E-99
 1251  1.0381807E+05  5.0331729E-01  3.9930027E+02  1.4646282E+23  7.1358298E-01  1.0000000E-99  1.0000000E-99
 1252  1.0390112E+05  5.0371994E-01  3.9961971E+02  1.4637858E+23  7.1554637E-01  1.0000000E-99  1.0000000E-99
 1253  1.0398418E+05  5.0412258E-01  3.9993914E+02  1.4629422E+23  7.1751584E-01  1.0000000E-99  1.0000000E-99
 1254  1.0406723E+05  5.0452523E-01  4.0025858E+02  1.4620974E+23  7.1949142E-01  1.0000000E-99  1.0000000E-99
 1255  1.0415028E+05  5.0492788E-01  4.0057801E+02  1.4612515E+23  7.2147314E-01  1.0000000E-99  1.0000000E-99
 1256  1.0423334E+05  5.0533053E-01  4.0089745E+02  1.4604044E+23  7.2346101E-01  1.0000000E-99  1.0000000E-99
 1257  1.0431639E+05  5.0573318E-01  4.0121688E+02  1.4595561E+23  7.2545508E-01  1.0000000E-99  1.0000000E-99
 1258  1.0439944E+05  5.0613583E-01  4.0153632E+02  1.4587067E+23  7.2745537E-01  1.0000000E-99  1.0000000E-99
 1259  1.0448250E+05  5.0653847E-01  4.0185576E+02  1.4578561E+23  7.2946190E-01  1.0000000E-99  1.0000000E-99
 1260  1.0456555E+05  5.0694112E-01  4.0217519E+02  1.4570043E+23  7.3147470E-01  1.0000000E-99  1.0000000E-99
 1261  1.0464860E+05  5.0734377E-01  4.0249463E+02  1.4561514E+23  7.3349380E-01  1.0000000E-99  1.0000000E-99
 1262  1.0473166E+05  5.0774642E-01  4.0281406E+02  1.4552973E+23  7.3551922E-01  1.0000000E-99  1.0000000E-99
 1263  1.0481471E+05  5.0814907E-01  4.0313350E+02  1.4544420E+23  7.3755100E-01  1.0000000E-99  1.0000000E-99
 1264  1.0489776E+05  5.0855171E-01  4.0345293E+02  1.4535855E+23  7.3958916E-01  1.0000000E-99  1.0000000E-99
 1265  1.0498082E+05  5.0895436E-01  4.0377237E+02  1.4527278E+23  7.4163374E-01  1.0000000E-99  1.0000000E-99
 1266  1.0506387E+05  5.0935701E-01  4.0409181E+02  1.4518690E+23  7.4368475E-01  1.0000000E-99  1.0000000E-99
 1267  1.0514692E+05  5.0975966E-01  4.0441124E+02  1.4510089E+23  7.4574223E-01  1.0000000E-99  1.0000000E-99
 1268  1.0522998E+05  5.1016231E-01  4.0473068E+02  1.4501477E+23  7.4780620E-01  1.0000000E-99  1.0000000E-99
 1269  1.0531303E+05  5.1056495E-01  4.0505011E+02  1.4492853E+23  7.4987670E-01  1.0000000E-99  1.0000000E-99
 1270  1.0539608E+05  5.1096760E-01  4.0536955E+02  1.4484216E+23  7.5195375E-01  1.0000000E-99  1.0000000E-99
 1271  1.0547914E+05  5.1137025E-01  4.0568898E+02  1.4475568E+23  7.5403739E-01  1.0000000E-99  1.0000000E-99
 1272  1.0556219E+05  5.1177290E-01  4.0600842E+02  1.4466908E+23  7.5612764E-01  1.0000000E-99  1.0000000E-99
 1273  1.0564524E+05  5.1217555E-01  4.0632786E+02  1.4458236E+23  7.5822453E-01  1.0000000E-99  1.0000000E-99
 1274  1.0572830E+05  5.1257820E-01  4.0664729E+02  1.4449552E+23  7.6032809E-01  1.0000000E-99  1.0000000E-99
 1275  1.0581135E+05  5.1298084E-01  4.0696673E+02  1.4440855E+23  7.6243836E-01  1.0000000E-99  1.0000000E-99
 1276  1.0589440E+05  5.1338349E-01  4.0728616E+02  1.4432147E+23  7.6455536E-01  1.0000000E-99  1.0000000E-99
 1277  1.0597746E+05  5.1378614E-01  4.0760560E+02  1.4423427E+23  7.6667911E-01  1.0000000E-99  1.0000000E-99
 1278  1.0606051E+05  5.1418879E-01  4.0792503E+02  1.4414694E+23  7.6880967E-01  1.0000000E-99  1.0000000E-99
 1279  1.0614356E+05  5.1459144E-01  4.0824447E+02  1.4405949E+23  7.7094704E-01  1.0000000E-99  1.0000000E-99
 1280  1.0622662E+05  5.1499408E-01  4.0856391E+02  1.4397193E+23  7.7309127E-01  1.0000000E-99  1.0000000E-99
 1281  1.0630967E+05  5.1539673E-01  4.0888334E+02  1.4388424E+23  7.7524238E-01  1.0000000E-99  1.0000000E-99
 1282  1.0639272E+05  5.1579938E-01  4.0920278E+02  1.4379642E+23  7.7740041E-01  1.0000000E-99  1.0000000E-99
 1283  1.0647578E+05  5.1620203E-01  4.0952221E+02  1.4370849E+23  7.7956539E-01  1.0000000E-99  1.0000000E-99
 1284  1.0655883E+05  5.1660468E-01  4.0984165E+02  1.4362043E+23  7.8173735E-01  1.0000000E-99  1.0000000E-99
 1285  1.0664188E+05  5.1700733E-01  4.1016108E+02  1.4353225E+23  7.8391632E-01  1.0000000E-99  1.0000000E-99
 1286  1.0672494E+05  5.1740997E-01  4.1048052E+02  1.4344395E+23  7.8610233E-01  1.0000000E-99  1.0000000E-99
 1287  1.0680799E+05  5.1781262E-01  4.1079996E+02  1.4335552E+23  7.8829542E-01  1.0000000E-99  1.0000000E-99
 1288  1.0689104E+05  5.1821527E-01  4.1111939E+02  1.4326697E+23  7.9049562E-01  1.0000000E-99  1.0000000E-99
 1289  1.0697409E+05  5.1861792E-01  4.1143883E+02  1.4317830E+23  7.9270295E-01  1.0000000E-99  1.0000000E-99
 1290  1.0705715E+05  5.1902057E-01  4.1175826E+02  1.4308950E+23  7.9491746E-01  1.0000000E-99  1.0000000E-99
 1291  1.0714020E+05  5.1942321E-01  4.1207770E+02  1.4300058E+23  7.9713918E-01  1.0000000E-99  1.0000000E-99
 1292  1.0722325E+05  5.1982586E-01  4.1239713E+02  1.4291154E+23  7.9936813E-01  1.0000000E-99  1.0000000E-99
 1293  1.0730631E+05  5.2022851E-01  4.1271657E+02  1.4282236E+23  8.0160436E-01  1.0000000E-99  1.0000000E-99
 1294  1.0738936E+05  5.2063116E-01  4.1303601E+02  1.4273307E+23  8.0384790E-01  1.0000000E-99  1.0000000E-99
 1295  1.0747241E+05  5.2103381E-01  4.1335544E+02  1.4264365E+23  8.0609877E-01  1.0000000E-99  1.0000000E-99
 1296  1.0755547E+05  5.2143646E-01  4.1367488E+02  1.4255410E+23  8.0835702E-01  1.0000000E-99  1.0000000E-99
 1297  1.0763852E+05  5.2183910E-01  4.1399431E+02  1.4246443E+23  8.1062268E-01  1.0000000E-99  1.0000000E-99
 1298  1.0772157E+05  5.2224175E-01  4.1431375E+02  1.4237464E+23  8.1289578E-01  1.0000000E-99  1.0000000E-99
 1299  1.0780463E+05  5.2264440E-01  4.1463318E+02  1.4228471E+23  8.1517636E-01  1.0000000E-99  1.0000000E-99
 1300  1.0788768E+05  5.2304705E-01  4.1495262E+02  1.4219467E+23  8.1746445E-01  1.0000000E-99  1.0000000E-99
 1301  1.0797073E+05  5.2344970E-01  4.1527206E+02  1.4210449E+23  8.1976009E-01  1.0000000E-99  1.0000000E-99
 1302  1.0805379E+05  5.2385234E-01  4.1559149E+02  1.4201419E+23  8.2206331E-01  1.0000000E-99  1.0000000E-99
 1303  1.0813684E+05  5.2425499E-01  4.1591093E+02  1.4192376E+23  8.2437415E-01  1.0000000E-99  1.0000000E-99
 1304  1.0821989E+05  5.2465764E-01  4.1623036E+02  1.4183320E+23  8.2669265E-01  1.0000000E-99  1.0000000E-99
 1305  1.0830295E+05  5.2506029E-01  4.1654980E+02  1.4174252E+23  8.2901884E-01  1.0000000E-99  1.0000000E-99
 1306  1.0838600E+05  5.2546294E-01  4.1686923E+02  1.4165171E+23  8.3135275E-01  1.0000000E-99  1.0000000E-99
 1307  1.0846905E+05  5.2586559E-01  4.1718867E+02  1.4156077E+23  8.3369443E-01  1.0000000E-99  1.0000000E-99
 1308  1.0855211E+05  5.2626823E-01  4.1750811E+02  1.4146970E+23  8.3604391E-01  1.0000000E-99  1.0000000E-99
 1309  1.0863516E+05  5.2667088E-01  4.1782754E+02  1.4137851E+23  8.3840122E-01  1.0000000E-99  1.0000000E-99
 1310  1.0871821E+05  5.2707353E-01  4.1814698E+02  1.4128718E+23  8.4076641E-01  1.0000000E-99  1.0000000E-99
 1311  1.0880127E+05  5.2747618E-01  4.1846641E+02  1.4119573E+23  8.4313951E-01  1.0000000E-99  1.0000000E-99
 1312  1.0888432E+05  5.2787883E-01  4.1878585E+02  1.4110414E+23  8.4552056E-01  1.0000000E-99  1.0000000E-99
 1313  1.0896737E+05  5.2828147E-01  4.1910528E+02  1.4101243E+23  8.4790960E-01  1.0000000E-99  1.0000000E-99
 1314  1.0905043E+05  5.2868412E-01  4.1942472E+02  1.4092059E+23  8.5030666E-01  1.0000000E-99  1.0000000E-99
 1315  1.0913348E+05  5.2908677E-01  4.1974416E+02  1.4082862E+23  8.5271179E-01  1.0000000E-99  1.0000000E-99
 1316  1.0921653E+05  5.2948942E-01  4.2006359E+02  1.4073652E+23  8.5512502E-01  1.0000000E-99  1.0000000E-99
 1317  1.0929959E+05  5.2989207E-01  4.2038303E+02  1.4064428E+23  8.5754639E-01  1.0000000E-99  1.0000000E-99
 1318  1.0938264E+05  5.3029471E-01  4.2070246E+02  1.4055192E+23  8.5997594E-01  1.0000000E-99  1.0000000E-99
 1319  1.0946569E+05  5.3069736E-01  4.2102190E+02  1.4045943E+23  8.6241371E-01  1.0000000E-99  1.0000000E-99
 1320  1.0954875E+05  5.3110001E-01  4.2134133E+02  1.4036680E+23  8.6485974E-01  1.0000000E-99  1.0000000E-99
 1321  1.0963180E+05  5.3150266E-01  4.2166077E+02  1.4027405E+23  8.6731407E-01  1.0000000E-99  1.0000000E-99
 1322  1.0971485E+05  5.3190531E-01  4.2198021E+02  1.4018116E+23  8.6977674E-01  1.0000000E-99  1.0000000E-99
 1323  1.0979791E+05  5.3230796E-01  4.2229964E+02  1.4008814E+23  8.7224779E-01  1.0000000E-99  1.0000000E-99
 1324  1.0988096E+05  5.3271060E-01  4.2261908E+02  1.3999498E+23  8.7472726E-01  1.0000000E-99  1.0000000E-99
 1325  1.0996401E+05  5.3311325E-01  4.2293851E+02  1.3990170E+23  8.7721519E-01  1.0000000E-99  1.0000000E-99
 1326  1.1004707E+05  5.3351590E-01  4.2325795E+02  1.3980828E+23  8.7971163E-01  1.0000000E-99  1.0000000E-99
 1327  1.1013012E+05  5.3391855E-01  4.2357738E+02  1.3971473E+23  8.8221661E-01  1.0000000E-99  1.0000000E-99
 1328  1.1021317E+05  5.3432120E-01  4.2389682E+02  1.3962104E+23  8.8473017E-01  1.0000000E-99  1.0000000E-99
 1329  1.1029623E+05  5.3472384E-01  4.2421626E+02  1.3952723E+23  8.8725237E-01  1.0000000E-99  1.0000000E-99
 1330  1.1037928E+05  5.3512649E-01  4.2453569E+02  1.3943327E+23  8.8978323E-01  1.0000000E-99  1.0000000E-99
 1331  1.1046233E+05  5.3552914E-01  4.2485513E+02  1.3933919E+23  8.9232281E-01  1.0000000E-99  1.0000000E-99
 1332  1.1054539E+05  5.3593179E-01  4.2517456E+02  1.3924497E+23  8.9487115E-01  1.0000000E-99  1.0000000E-99
 1333  1.1062844E+05  5.3633444E-01  4.2549400E+02  1.3915061E+23  8.9742828E-01  1.0000000E-99  1.0000000E-99
 1334  1.1071149E+05  5.3673709E-01  4.2581343E+02  1.3905612E+23  8.9999426E-01  1.0000000E-99  1.0000000E-99
 1335  1.1079455E+05  5.3713973E-01  4.2613287E+02  1.3896150E+23  9.0256912E-01  1.0000000E-99  1.0000000E-99
 1336  1.1087760E+05  5.3754238E-01  4.2645231E+02  1.3886674E+23  9.0515292E-01  1.0000000E-99  1.0000000E-99
 1337  1.1096065E+05  5.3794503E-01  4.2677174E+02  1.3877184E+23  9.0774569E-01  1.0000000E-99  1.0000000E-99
 1338  1.1104371E+05  5.3834768E-01  4.2709118E+02  1.3867681E+23  9.1034748E-01  1.0000000E-99  1.0000000E-99
 1339  1.1112676E+05  5.3875033E-01  4.2741061E+02  1.3858164E+23  9.1295833E-01  1.0000000E-99  1.0000000E-99
 1340  1.1120981E+05  5.3915297E-01  4.2773005E+02  1.3848633E+23  9.1557830E-01  1.0000000E-99  1.0000000E-99
 1341  1.1129287E+05  5.3955562E-01  4.2804948E+02  1.3839089E+23  9.1820742E-01  1.0000000E-99  1.0000000E-99
 1342  1.1137592E+05  5.3995827E-01  4.2836892E+02  1.3829531E+23  9.2084574E-01  1.0000000E-99  1.0000000E-99
 1343  1.1145897E+05  5.4036092E-01  4.2868836E+02  1.3819959E+23  9.2349331E-01  1.0000000E-99  1.0000000E-99
 1344  1.1154203E+05  5.4076357E-01  4.2900779E+02  1.3810374E+23  9.2615017E-01  1.0000000E-99  1.0000000E-99
 1345  1.1162508E+05  5.4116622E-01  4.2932723E+02  1.3800774E+23  9.2881637E-01  1.0000000E-99  1.0000000E-99
 1346  1.1170813E+05  5.4156886E-01  4.2964666E+02  1.3791161E+23  9.3149196E-01  1.0000000E-99  1.0000000E-99
 1347  1.1179119E+05  5.4197151E-01  4.2996610E+02  1.3781534E+23  9.3417699E-01  1.0000000E-99  1.0000000E-99
 1348  1.1187424E+05  5.4237416E-01  4.3028553E+02  1.3771893E+23  9.3687150E-01  1.0000000E-99  1.0000000E-99
 1349  1.1195729E+05  5.4277681E-01  4.3060497E+02  1.3762238E+23  9.3957554E-01  1.0000000E-99  1.0000000E-99
 1350  1.1204035E+05  5.4317946E-01  4.3092441E+02  1.3752570E+23  9.4228916E-01  1.0000000E-99  1.0000000E-99
 1351  1.1212340E+05  5.4358210E-01  4.3124384E+02  1.3742887E+23  9.4501241E-01  1.0000000E-99  1.0000000E-99
 1352  1.1220645E+05  5.4398475E-01  4.3156328E+02  1.3733190E+23  9.4774534E-01  1.0000000E-99  1.0000000E-99
 1353  1.1228951E+05  5.4438740E-01  4.3188271E+02  1.3723479E+23  9.5048799E-01  1.0000000E-99  1.0000000E-99
 1354  1.1237256E+05  5.4479005E-01  4.3220215E+02  1.3713754E+23  9.5324042E-01  1.0000000E-99  1.0000000E-99
 1355  1.1245561E+05  5.4519270E-01  4.3252158E+02  1.3704015E+23  9.5600267E-01  1.0000000E-99  1.0000000E-99
 1356  1.1253867E+05  5.4559534E-01  4.3284102E+02  1.3694262E+23  9.5877481E-01  1.0000000E-99  1.0000000E-99
 1357  1.1262172E+05  5.4599799E-01  4.3316046E+02  1.3684495E+23  9.6155687E-01  1.0000000E-99  1.0000000E-99
 1358  1.1270477E+05  5.4640064E-01  4.3347989E+02  1.3674714E+23  9.6434891E-01  1.0000000E-99  1.0000000E-99
 1359  1.1278782E+05  5.4680329E-01  4.3379933E+02  1.3664918E+23  9.6715098E-01  1.0000000E-99  1.0000000E-99
 1360  1.1287088E+05  5.4720594E-01  4.3411876E+02  1.3655108E+23  9.6996313E-01  1.0000000E-99  1.0000000E-99
 1361  1.1295393E+05  5.4760859E-01  4.3443820E+02  1.3645284E+23  9.7278542E-01  1.0000000E-99  1.0000000E-99
 1362  1.1303698E+05  5.4801123E-01  4.3475763E+02  1.3635445E+23  9.7561789E-01  1.0000000E-99  1.0000000E-99
 1363  1.1312004E+05  5.4841388E-01  4.3507707E+02  1.3625592E+23  9.7846061E-01  1.0000000E-99  1.0000000E-99
 1364  1.1320309E+05  5.4881653E-01  4.3539651E+02  1.3615725E+23  9.8131361E-01  1.0000000E-99  1.0000000E-99
 1365  1.1328614E+05  5.4921918E-01  4.3571594E+02  1.3605844E+23  9.8417697E-01  1.0000000E-99  1.0000000E-99
 1366  1.1336920E+05  5.4962183E-01  4.3603538E+02  1.3595948E+23  9.8705073E-01  1.0000000E-99  1.0000000E-99
 1367  1.1345225E+05  5.5002447E-01  4.3635481E+02  1.3586037E+23  9.8993494E-01  1.0000000E-99  1.0000000E-99
 1368  1.1353530E+05  5.5042712E-01  4.3667425E+02  1.3576112E+23  9.9282966E-01  1.0000000E-99  1.0000000E-99
 1369  1.1361836E+05  5.5082977E-01  4.3699368E+02  1.3566172E+23  9.9573495E-01  1.0000000E-99  1.0000000E-99
 1370  1.1370141E+05  5.5123242E-01  4.3731312E+02  1.3556218E+23  9.9865085E-01  1.0000000E-99  1.0000000E-99
 1371  1.1378446E+05  5.5163507E-01  4.3763256E+02  1.3546249E+23  1.0015774E+00  1.0000000E-99  1.0000000E-99
 1372  1.1386752E+05  5.5203772E-01  4.3795199E+02  1.3536266E+23  1.0045148E+00  1.0000000E-99  1.0000000E-99
 1373  1.1395057E+05  5.5244036E-01  4.3827143E+02  1.3526268E+23  1.0074629E+00  1.0000000E-99  1.0000000E-99
 1374  1.1403362E+05  5.5284301E-01  4.3859086E+02  1.3516255E+23  1.0104218E+00  1.0000000E-99  1.0000000E-99
 1375  1.1411668E+05  5.5324566E-01  4.3891030E+02  1.3506228E+23  1.0133917E+00  1.0000000E-99  1.0000000E-99
 1376  1.1419973E+05  5.5364831E-01  4.3922973E+02  1.3496186E+23  1.0163725E+00  1.0000000E-99  1.0000000E-99
 1377  1.1428278E+05  5.5405096E-01  4.3954917E+02  1.3486129E+23  1.0193644E+00  1.0000000E-99  1.0000000E-99
 1378  1.1436584E+05  5.5445360E-01  4.3986861E+02  1.3476057E+23  1.0223673E+00  1.0000000E-99  1.0000000E-99
 1379  1.1444889E+05  5.5485625E-01  4.4018804E+02  1.3465970E+23  1.0253814E+00  1.0000000E-99  1.0000000E-99
 1380  1.1453194E+05  5.5525890E-01  4.4050748E+02  1.3455869E+23  1.0284066E+00  1.0000000E-99  1.0000000E-99
 1381  1.1461500E+05  5.5566155E-01  4.4082691E+02  1.3445752E+23  1.0314431E+00  1.0000000E-99  1.0000000E-99
 1382  1.1469805E+05  5.5606420E-01  4.4114635E+02  1.3435621E+23  1.0344910E+00  1.0000000E-99  1.0000000E-99
 1383  1.1478110E+05  5.5646685E-01  4.4146578E+02  1.3425474E+23  1.0375502E+00  1.0000000E-99  1.0000000E-99
 1384  1.1486416E+05  5.5686949E-01  4.4178522E+02  1.3415313E+23  1.0406209E+00  1.0000000E-99  1.0000000E-99
 1385  1.1494721E+05  5.5727214E-01  4.4210466E+02  1.3405136E+23  1.0437031E+00  1.0000000E-99  1.0000000E-99
 1386  1.1503026E+05  5.5767479E-01  4.4242409E+02  1.3394945E+23  1.0467968E+00  1.0000000E-99  1.0000000E-99
 1387  1.1511332E+05  5.5807744E-01  4.4274353E+02  1.3384738E+23  1.0499022E+00  1.0000000E-99  1.0000000E-99
 1388  1.1519637E+05  5.5848009E-01  4.4306296E+02  1.3374516E+23  1.0530192E+00  1.0000000E-99  1.0000000E-99
 1389  1.1527942E+05  5.5888273E-01  4.4338240E+02  1.3364279E+23  1.0561481E+00  1.0000000E-99  1.0000000E-99
 1390  1.1536248E+05  5.5928538E-01  4.4370183E+02  1.3354026E+23  1.0592887E+00  1.0000000E-99  1.0000000E-99
 1391  1.1544553E+05  5.5968803E-01  4.4402127E+02  1.3343759E+23  1.0624412E+00  1.0000000E-99  1.0000000E-99
 1392  1.1552858E+05  5.6009068E-01  4.4434071E+02  1.3333476E+23  1.0656057E+00  1.0000000E-99  1.0000000E-99
 1393  1.1561164E+05  5.6049333E-01  4.4466014E+02  1.3323178E+23  1.0687822E+00  1.0000000E-99  1.0000000E-99
 1394  1.1569469E+05  5.6089597E-01  4.4497958E+02  1.3312864E+23  1.0719708E+00  1.0000000E-99  1.0000000E-99
 1395  1.1577774E+05  5.6129862E-01  4.4529901E+02  1.3302535E+23  1.0751715E+00  1.0000000E-99  1.0000000E-99
 1396  1.1586080E+05  5.6170127E-01  4.4561845E+02  1.3292190E+23  1.0783844E+00  1.0000000E-99  1.0000000E-99
 1397  1.1594385E+05  5.6210392E-01  4.4593788E+02  1.3281830E+23  1.0816096E+00  1.0000000E-99  1.0000000E-99
 1398  1.1602690E+05  5.6250657E-01  4.4625732E+02  1.3271455E+23  1.0848472E+00  1.0000000E-99  1.0000000E-99
 1399  1.1610996E+05  5.6290922E-01  4.4657676E+02  1.3261064E+23  1.0880972E+00  1.0000000E-99  1.0000000E-99
 1400  1.1619301E+05  5.6331186E-01  4.4689619E+02  1.3250657E+23  1.0913597E+00  1.0000000E-99  1.0000000E-99
 1401  1.1627606E+05  5.6371451E-01  4.4721563E+02  1.3240235E+23  1.0946347E+00  1.0000000E-99  1.0000000E-99
 1402  1.1635912E+05  5.6411716E-01  4.4753506E+02  1.3229797E+23  1.0979224E+00  1.0000000E-99  1.0000000E-99
 1403  1.1644217E+05  5.6451981E-01  4.4785450E+02  1.3219343E+23  1.1012228E+00  1.0000000E-99  1.0000000E-99
 1404  1.1652522E+05  5.6492246E-01  4.4817393E+02  1.3208874E+23  1.1045359E+00  1.0000000E-99  1.0000000E-99
 1405  1.1660828E+05  5.6532510E-01  4.4849337E+02  1.3198388E+23  1.1078619E+00  1.0000000E-99  1.0000000E-99
 1406  1.1669133E+05  5.6572775E-01  4.4881281E+02  1.3187887E+23  1.1112008E+00  1.0000000E-99  1.0000000E-99
 1407  1.1677438E+05  5.6613040E-01  4.4913224E+02  1.3177371E+23  1.1145527E+00  1.0000000E-99  1.0000000E-99
 1408  1.1685744E+05  5.6653305E-01  4.4945168E+02  1.3166838E+23  1.1179176E+00  1.0000000E-99  1.0000000E-99
 1409  1.1694049E+05  5.6693570E-01  4.4977111E+02  1.3156289E+23  1.1212957E+00  1.0000000E-99  1.0000000E-99
 1410  1.1702354E+05  5.6733835E-01  4.5009055E+02  1.3145725E+23  1.1246870E+00  1.0000000E-99  1.0000000E-99
 1411  1.1710660E+05  5.6774099E-01  4.5040998E+02  1.3135144E+23  1.1280915E+00  1.0000000E-99  1.0000000E-99
 1412  1.1718965E+05  5.6814364E-01  4.5072942E+02  1.3124547E+23  1.1315095E+00  1.0000000E-99  1.0000000E-99
 1413  1.1727270E+05  5.6854629E-01  4.5104886E+02  1.3113934E+23  1.1349408E+00  1.0000000E-99  1.0000000E-99
 1414  1.1735576E+05  5.6894894E-01  4.5136829E+02  1.3103306E+23  1.1383857E+00  1.0000000E-99  1.0000000E-99
 1415  1.1743881E+05  5.6935159E-01  4.5168773E+02  1.3092660E+23  1.1418442E+00  1.0000000E-99  1.0000000E-99
 1416  1.1752186E+05  5.6975423E-01  4.5200716E+02  1.3081999E+23  1.1453163E+00  1.0000000E-99  1.0000000E-99
 1417  1.1760492E+05  5.7015688E-01  4.5232660E+02  1.3071322E+23  1.1488022E+00  1.0000000E-99  1.0000000E-99
 1418  1.1768797E+05  5.7055953E-01  4.5264603E+02  1.3060628E+23  1.1523019E+00  1.0000000E-99  1.0000000E-99
 1419  1.1777102E+05  5.7096218E-01  4.5296547E+02  1.3049918E+23  1.1558156E+00  1.0000000E-99  1.0000000E-99
 1420  1.1785408E+05  5.7136483E-01  4.5328491E+02  1.3039191E+23  1.1593432E+00  1.0000000E-99  1.0000000E-99
 1421  1.1793713E+05  5.7176748E-01  4.5360434E+02  1.3028448E+23  1.1628848E+00  1.0000000E-99  1.0000000E-99
 1422  1.1802018E+05  5.7217012E-01  4.5392378E+02  1.3017689E+23  1.1664406E+00  1.0000000E-99  1.0000000E-99
 1423  1.1810324E+05  5.7257277E-01  4.5424321E+02  1.3006913E+23  1.1700107E+00  1.0000000E-99  1.0000000E-99
 1424  1.1818629E+05  5.7297542E-01  4.5456265E+02  1.2996121E+23  1.1735951E+00  1.0000000E-99  1.0000000E-99
 1425  1.1826934E+05  5.7337807E-01  4.5488208E+02  1.2985312E+23  1.1771938E+00  1.0000000E-99  1.0000000E-99
 1426  1.1835240E+05  5.7378072E-01  4.5520152E+02  1.2974487E+23  1.1808071E+00  1.0000000E-99  1.0000000E-99
 1427  1.1843545E+05  5.7418336E-01  4.5552096E+02  1.2963644E+23  1.1844349E+00  1.0000000E-99  1.0000000E-99
 1428  1.1851850E+05  5.7458601E-01  4.5584039E+02  1.2952786E+23  1.1880773E+00  1.0000000E-99  1.0000000E-99
 1429  1.1860156E+05  5.7498866E-01  4.5615983E+02  1.2941910E+23  1.1917345E+00  1.0000000E-99  1.0000000E-99
 1430  1.1868461E+05  5.7539131E-01  4.5647926E+02  1.2931018E+23  1.1954065E+00  1.0000000E-99  1.0000000E-99
 1431  1.1876766E+05  5.7579396E-01  4.5679870E+02  1.2920108E+23  1.1990935E+00  1.0000000E-99  1.0000000E-99
 1432  1.1885071E+05  5.7619661E-01  4.5711813E+02  1.2909182E+23  1.2027954E+00  1.0000000E-99  1.0000000E-99
 1433  1.1893377E+05  5.7659925E-01  4.5743757E+02  1.2898239E+23  1.2065125E+00  1.0000000E-99  1.0000000E-99
 1434  1.1901682E+05  5.7700190E-01  4.5775701E+02  1.2887280E+23  1.2102447E+00  1.0000000E-99  1.0000000E-99
 1435  1.1909987E+05  5.7740455E-01  4.5807644E+02  1.2876303E+23  1.2139921E+00  1.0000000E-99  1.0000000E-99
 1436  1.1918293E+05  5.7780720E-01  4.5839588E+02  1.2865309E+23  1.2177550E+00  1.0000000E-99  1.0000000E-99
 1437  1.1926598E+05  5.7820985E-01  4.5871531E+02  1.2854298E+23  1.2215333E+00  1.0000000E-99  1.0000000E-99
 1438  1.1934903E+05  5.7861249E-01  4.5903475E+02  1.2843270E+23  1.2253271E+00  1.0000000E-99  1.0000000E-99
 1439  1.1943209E+05  5.7901514E-01  4.5935418E+02  1.2832224E+23  1.2291366E+00  1.0000000E-99  1.0000000E-99
 1440  1.1951514E+05  5.7941779E-01  4.5967362E+02  1.2821162E+23  1.2329618E+00  1.0000000E-99  1.0000000E-99
 1441  1.1959819E+05  5.7982044E-01  4.5999306E+02  1.2810082E+23  1.2368028E+00  1.0000000E-99  1.0000000E-99
 1442  1.1968125E+05  5.8022309E-01  4.6031249E+02  1.2798985E+23  1.2406598E+00  1.0000000E-99  1.0000000E-99
 1443  1.1976430E+05  5.8062573E-01  4.6063193E+02  1.2787871E+23  1.2445328E+00  1.0000000E-99  1.0000000E-99
 1444  1.1984735E+05  5.8102838E-01  4.6095136E+02  1.2776739E+23  1.2484219E+00  1.0000000E-99  1.0000000E-99
 1445  1.1993041E+05  5.8143103E-01  4.6127080E+02  1.2765590E+23  1.2523272E+00  1.0000000E-99  1.0000000E-99
 1446  1.2001346E+05  5.8183368E-01  4.6159023E+02  1.2754423E+23  1.2562488E+00  1.0000000E-99  1.0000000E-99
 1447  1.2009651E+05  5.8223633E-01  4.6190967E+02  1.2743239E+23  1.2601869E+00  1.0000000E-99  1.0000000E-99
 1448  1.2017957E+05  5.8263898E-01  4.6222911E+02  1.2732037E+23  1.2641414E+00  1.0000000E-99  1.0000000E-99
 1449  1.2026262E+05  5.8304162E-01  4.6254854E+02  1.2720818E+23  1.2681126E+00  1.0000000E-99  1.0000000E-99
 1450  1.2034567E+05  5.8344427E-01  4.6286798E+02  1.2709581E+23  1.2721005E+00  1.0000000E-99  1.0000000E-99
 1451  1.2042873E+05  5.8384692E-01  4.6318741E+02  1.2698326E+23  1.2761052E+00  1.0000000E-99  1.0000000E-99
 1452  1.2051178E+05  5.8424957E-01  4.6350685E+02  1.2687054E+23  1.2801269E+00  1.0000000E-99  1.0000000E-99
 1453  1.2059483E+05  5.8465222E-01  4.6382628E+02  1.2675763E+23  1.2841655E+00  1.0000000E-99  1.0000000E-99
 1454  1.2067789E+05  5.8505486E-01  4.6414572E+02  1.2664455E+23  1.2882213E+00  1.0000000E-99  1.0000000E-99
 1455  1.2076094E+05  5.8545751E-01  4.6446516E+02  1.2653129E+23  1.2922944E+00  1.0000000E-99  1.0000000E-99
 1456  1.2084399E+05  5.8586016E-01  4.6478459E+02  1.2641785E+23  1.2963848E+00  1.0000000E-99  1.0000000E-99
 1457  1.2092705E+05  5.8626281E-01  4.6510403E+02  1.2630423E+23  1.3004926E+00  1.0000000E-99  1.0000000E-99
 1458  1.2101010E+05  5.8666546E-01  4.6542346E+02  1.2619043E+23  1.3046180E+00  1.0000000E-99  1.0000000E-99
 1459  1.2109315E+05  5.8706811E-01  4.6574290E+02  1.2607645E+23  1.3087611E+00  1.0000000E-99  1.0000000E-99
 1460  1.2117621E+05  5.8747075E-01  4.6606233E+02  1.2596228E+23  1.3129220E+00  1.0000000E-99  1.0000000E-99
 1461  1.2125926E+05  5.8787340E-01  4.6638177E+02  1.2584794E+23  1.3171007E+00  1.0000000E-99  1.0000000E-99
 1462  1.2134231E+05  5.8827605E-01  4.6670121E+02  1.2573341E+23  1.3212975E+00  1.0000000E-99  1.0000000E-99
 1463  1.2142537E+05  5.8867870E-01  4.6702064E+02  1.2561870E+23  1.3255124E+00  1.0000000E-99  1.0000000E-99
 1464  1.2150842E+05  5.8908135E-01  4.6734008E+02  1.2550381E+23  1.3297456E+00  1.0000000E-99  1.0000000E-99
 1465  1.2159147E+05  5.8948399E-01  4.6765951E+02  1.2538873E+23  1.3339971E+00  1.0000000E-99  1.0000000E-99
 1466  1.2167453E+05  5.8988664E-01  4.6797895E+02  1.2527347E+23  1.3382670E+00  1.0000000E-99  1.0000000E-99
 1467  1.2175758E+05  5.9028929E-01  4.6829838E+02  1.2515802E+23  1.3425556E+00  1.0000000E-99  1.0000000E-99
 1468  1.2184063E+05  5.9069194E-01  4.6861782E+02  1.2504239E+23  1.3468629E+00  1.0000000E-99  1.0000000E-99
 1469  1.2192369E+05  5.9109459E-01  4.6893726E+02  1.2492657E+23  1.3511890E+00  1.0000000E-99  1.0000000E-99
 1470  1.2200674E+05  5.9149724E-01  4.6925669E+02  1.2481056E+23  1.3555340E+00  1.0000000E-99  1.0000000E-99
 1471  1.2208979E+05  5.9189988E-01  4.6957613E+02  1.2469437E+23  1.3598981E+00  1.0000000E-99  1.0000000E-99
 1472  1.2217285E+05  5.9230253E-01  4.6989556E+02  1.2457799E+23  1.3642814E+00  1.0000000E-99  1.0000000E-99
 1473  1.2225590E+05  5.9270518E-01  4.7021500E+02  1.2446142E+23  1.3686840E+00  1.0000000E-99  1.0000000E-99
 1474  1.2233895E+05  5.9310783E-01  4.7053443E+02  1.2434466E+23  1.3731061E+00  1.0000000E-99  1.0000000E-99
 1475  1.2242201E+05  5.9351048E-01  4.7085387E+02  1.2422772E+23  1.3775477E+00  1.0000000E-99  1.0000000E-99
 1476  1.2250506E+05  5.9391312E-01  4.7117331E+02  1.2411058E+23  1.3820090E+00  1.0000000E-99  1.0000000E-99
 1477  1.2258811E+05  5.9431577E-01  4.7149274E+02  1.2399326E+23  1.3864902E+00  1.0000000E-99  1.0000000E-99
 1478  1.2267117E+05  5.9471842E-01  4.7181218E+02  1.2387574E+23  1.3909913E+00  1.0000000E-99  1.0000000E-99
 1479  1.2275422E+05  5.9512107E-01  4.7213161E+02  1.2375803E+23  1.3955124E+00  1.0000000E-99  1.0000000E-99
 1480  1.2283727E+05  5.9552372E-01  4.7245105E+02  1.2364013E+23  1.4000538E+00  1.0000000E-99  1.0000000E-99
 1481  1.2292033E+05  5.9592636E-01  4.7277048E+02  1.2352204E+23  1.4046156E+00  1.0000000E-99  1.0000000E-99
 1482  1.2300338E+05  5.9632901E-01  4.7308992E+02  1.2340376E+23  1.4091978E+00  1.0000000E-99  1.0000000E-99
 1483  1.2308643E+05  5.9673166E-01  4.7340936E+02  1.2328528E+23  1.4138006E+00  1.0000000E-99  1.0000000E-99
 1484  1.2316949E+05  5.9713431E-01  4.7372879E+02  1.2316661E+23  1.4184242E+00  1.0000000E-99  1.0000000E-99
 1485  1.2325254E+05  5.9753696E-01  4.7404823E+02  1.2304774E+23  1.4230687E+00  1.0000000E-99  1.0000000E-99
 1486  1.2333559E+05  5.9793961E-01  4.7436766E+02  1.2292868E+23  1.4277342E+00  1.0000000E-99  1.0000000E-99
 1487  1.2341865E+05  5.9834225E-01  4.7468710E+02  1.2280942E+23  1.4324208E+00  1.0000000E-99  1.0000000E-99
 1488  1.2350170E+05  5.9874490E-01  4.7500653E+02  1.2268997E+23  1.4371288E+00  1.0000000E-99  1.0000000E-99
 1489  1.2358475E+05  5.9914755E-01  4.7532597E+02  1.2257031E+23  1.4418582E+00  1.0000000E-99  1.0000000E-99
 1490  1.2366781E+05  5.9955020E-01  4.7564541E+02  1.2245047E+23  1.4466092E+00  1.0000000E-99  1.0000000E-99
 1491  1.2375086E+05  5.9995285E-01  4.7596484E+02  1.2233042E+23  1.4513820E+00  1.0000000E-99  1.0000000E-99
 1492  1.2383391E+05  6.0035549E-01  4.7628428E+02  1.2221017E+23  1.4561766E+00  1.0000000E-99  1.0000000E-99
 1493  1.2391697E+05  6.0075814E-01  4.7660371E+02  1.2208973E+23  1.4609933E+00  1.0000000E-99  1.0000000E-99
 1494  1.2400002E+05  6.0116079E-01  4.7692315E+02  1.2196909E+23  1.4658322E+00  1.0000000E-99  1.0000000E-99
 1495  1.2408307E+05  6.0156344E-01  4.7724258E+02  1.2184824E+23  1.4706934E+00  1.0000000E-99  1.0000000E-99
 1496  1.2416613E+05  6.0196609E-01  4.7756202E+02  1.2172719E+23  1.4755770E+00  1.0000000E-99  1.0000000E-99
 1497  1.2424918E+05  6.0236874E-01  4.7788146E+02  1.2160595E+23  1.4804834E+00  1.0000000E-99  1.0000000E-99
 1498  1.2433223E+05  6.0277138E-01  4.7820089E+02  1.2148450E+23  1.4854125E+00  1.0000000E-99  1.0000000E-99
 1499  1.2441529E+05  6.0317403E-01  4.7852033E+02  1.2136285E+23  1.4903645E+00  1.0000000E-99  1.0000000E-99
 1500  1.2449834E+05  6.0357668E-01  4.7883976E+02  1.2124099E+23  1.4953397E+00  1.0000000E-99  1.0000000E-99
 1501  1.2458139E+05  6.0397933E-01  4.7915920E+02  1.2111893E+23  1.5003381E+00  1.0000000E-99  1.0000000E-99
 1502  1.2466444E+05  6.0438198E-01  4.7947863E+02  1.2099667E+23  1.5053599E+00  1.0000000E-99  1.0000000E-99
 1503  1.2474750E+05  6.0478462E-01  4.7979807E+02  1.2087420E+23  1.5104054E+00  1.0000000E-99  1.0000000E-99
 1504  1.2483055E+05  6.0518727E-01  4.8011751E+02  1.2075152E+23  1.5154746E+00  1.0000000E-99  1.0000000E-99
 1505  1.2491360E+05  6.0558992E-01  4.8043694E+02  1.2062864E+23  1.5205677E+00  1.0000000E-99  1.0000000E-99
 1506  1.2499666E+05  6.0599257E-01  4.8075638E+02  1.2050555E+23  1.5256848E+00  1.0000000E-99  1.0000000E-99
 1507  1.2507971E+05  6.0639522E-01  4.8107581E+02  1.2038225E+23  1.5308263E+00  1.0000000E-99  1.0000000E-99
 1508  1.2516276E+05  6.0679787E-01  4.8139525E+02  1.2025875E+23  1.5359921E+00  1.0000000E-99  1.0000000E-99
 1509  1.2524582E+05  6.0720051E-01  4.8171468E+02  1.2013503E+23  1.5411825E+00  1.0000000E-99  1.0000000E-99
 1510  1.2532887E+05  6.0760316E-01  4.8203412E+02  1.2001111E+23  1.5463977E+00  1.0000000E-99  1.0000000E-99
 1511  1.2541192E+05  6.0800581E-01  4.8235356E+02  1.1988697E+23  1.5516378E+00  1.0000000E-99  1.0000000E-99
 1512  1.2549498E+05  6.0840846E-01  4.8267299E+02  1.1976263E+23  1.5569031E+00  1.0000000E-99  1.0000000E-99
 1513  1.2557803E+05  6.0881111E-01  4.8299243E+02  1.1963807E+23  1.5621936E+00  1.0000000E-99  1.0000000E-99
 1514  1.2566108E+05  6.0921375E-01  4.8331186E+02  1.1951330E+23  1.5675096E+00  1.0000000E-99  1.0000000E-99
 1515  1.2574414E+05  6.0961640E-01  4.8363130E+02  1.1938832E+23  1.5728512E+00  1.0000000E-99  1.0000000E-99
 1516  1.2582719E+05  6.1001905E-01  4.8395073E+02  1.1926312E+23  1.5782187E+00  1.0000000E-99  1.0000000E-99
 1517  1.2591024E+05  6.1042170E-01  4.8427017E+02  1.1913771E+23  1.5836121E+00  1.0000000E-99  1.0000000E-99
 1518  1.2599330E+05  6.1082435E-01  4.8458961E+02  1.1901208E+23  1.5890318E+00  1.0000000E-99  1.0000000E-99
 1519  1.2607635E+05  6.1122700E-01  4.8490904E+02  1.1888624E+23  1.5944779E+00  1.0000000E-99  1.0000000E-99
 1520  1.2615940E+05  6.1162964E-01  4.8522848E+02  1.1876018E+23  1.5999505E+00  1.0000000E-99  1.0000000E-99
 1521  1.2624246E+05  6.1203229E-01  4.8554791E+02  1.1863391E+23  1.6054499E+00  1.0000000E-99  1.0000000E-99
 1522  1.2632551E+05  6.1243494E-01  4.8586735E+02  1.1850741E+23  1.6109763E+00  1.0000000E-99  1.0000000E-99
 1523  1.2640856E+05  6.1283759E-01  4.8618678E+02  1.1838070E+23  1.6165298E+00  1.0000000E-99  1.0000000E-99
 1524  1.2649162E+05  6.1324024E-01  4.8650622E+02  1.1825377E+23  1.6221107E+00  1.0000000E-99  1.0000000E-99
 1525  1.2657467E+05  6.1364288E-01  4.8682566E+02  1.1812662E+23  1.6277191E+00  1.0000000E-99  1.0000000E-99
 1526  1.2665772E+05  6.1404553E-01  4.8714509E+02  1.1799925E+23  1.6333553E+00  1.0000000E-99  1.0000000E-99
 1527  1.2674078E+05  6.1444818E-01  4.8746453E+02  1.1787166E+23  1.6390195E+00  1.0000000E-99  1.0000000E-99
 1528  1.2682383E+05  6.1485083E-01  4.8778396E+02  1.1774384E+23  1.6447118E+00  1.0000000E-99  1.0000000E-99
 1529  1.2690688E+05  6.1525348E-01  4.8810340E+02  1.1761581E+23  1.6504325E+00  1.0000000E-99  1.0000000E-99
 1530  1.2698994E+05  6.1565612E-01  4.8842283E+02  1.1748755E+23  1.6561817E+00  1.0000000E-99  1.0000000E-99
 1531  1.2707299E+05  6.1605877E-01  4.8874227E+02  1.1735906E+23  1.6619598E+00  1.0000000E-99  1.0000000E-99
 1532  1.2715604E+05  6.1646142E-01  4.8906171E+02  1.1723035E+23  1.6677668E+00  1.0000000E-99  1.0000000E-99
 1533  1.2723910E+05  6.1686407E-01  4.8938114E+02  1.1710142E+23  1.6736031E+00  1.0000000E-99  1.0000000E-99
 1534  1.2732215E+05  6.1726672E-01  4.8970058E+02  1.1697225E+23  1.6794688E+00  1.0000000E-99  1.0000000E-99
 1535  1.2740520E+05  6.1766937E-01  4.9002001E+02  1.1684286E+23  1.6853641E+00  1.0000000E-99  1.0000000E-99
 1536  1.2748826E+05  6.1807201E-01  4.9033945E+02  1.1671325E+23  1.6912894E+00  1.0000000E-99  1.0000000E-99
 1537  1.2757131E+05  6.1847466E-01  4.9065888E+02  1.1658340E+23  1.6972447E+00  1.0000000E-99  1.0000000E-99
 1538  1.2765436E+05  6.1887731E-01  4.9097832E+02  1.1645333E+23  1.7032304E+00  1.0000000E-99  1.0000000E-99
 1539  1.2773742E+05  6.1927996E-01  4.9129776E+02  1.1632302E+23  1.7092466E+00  1.0000000E-99  1.0000000E-99
 1540  1.2782047E+05  6.1968261E-01  4.9161719E+02  1.1619248E+23  1.7152935E+00  1.0000000E-99  1.0000000E-99
 1541  1.2790352E+05  6.2008525E-01  4.9193663E+02  1.1606171E+23  1.7213716E+00  1.0000000E-99  1.0000000E-99
 1542  1.2798658E+05  6.2048790E-01  4.9225606E+02  1.1593071E+23  1.7274808E+00  1.0000000E-99  1.0000000E-99
 1543  1.2806963E+05  6.2089055E-01  4.9257550E+02  1.1579948E+23  1.7336216E+00  1.0000000E-99  1.0000000E-99
 1544  1.2815268E+05  6.2129320E-01  4.9289493E+02  1.1566801E+23  1.7397940E+00  1.0000000E-99  1.0000000E-99
 1545  1.2823574E+05  6.2169585E-01  4.9321437E+02  1.1553631E+23  1.7459985E+00  1.0000000E-99  1.0000000E-99
 1546  1.2831879E+05  6.2209850E-01  4.9353381E+02  1.1540437E+23  1.7522352E+00  1.0000000E-99  1.0000000E-99
 1547  1.2840184E+05  6.2250114E-01  4.9385324E+02  1.1527219E+23  1.7585043E+00  1.0000000E-99  1.0000000E-99
 1548  1.2848490E+05  6.2290379E-01  4.9417268E+02  1.1513978E+23  1.7648062E+00  1.0000000E-99  1.0000000E-99
 1549  1.2856795E+05  6.2330644E-01  4.9449211E+02  1.1500713E+23  1.7711410E+00  1.0000000E-99  1.0000000E-99
 1550  1.2865100E+05  6.2370909E-01  4.9481155E+02  1.1487424E+23  1.7775090E+00  1.0000000E-99  1.0000000E-99
 1551  1.2873406E+05  6.2411174E-01  4.9513098E+02  1.1474111E+23  1.7839106E+00  1.0000000E-99  1.0000000E-99
 1552  1.2881711E+05  6.2451438E-01  4.9545042E+02  1.1460773E+23  1.7903458E+00  1.0000000E-99  1.0000000E-99
 1553  1.2890016E+05  6.2491703E-01  4.9576986E+02  1.1447412E+23  1.7968151E+00  1.0000000E-99  1.0000000E-99
 1554  1.2898322E+05  6.2531968E-01  4.9608929E+02  1.1434027E+23  1.8033187E+00  1.0000000E-99  1.0000000E-99
 1555  1.2906627E+05  6.2572233E-01  4.9640873E+02  1.1420617E+23  1.8098567E+00  1.0000000E-99  1.0000000E-99
 1556  1.2914932E+05  6.2612498E-01  4.9672816E+02  1.1407182E+23  1.8164297E+00  1.0000000E-99  1.0000000E-99
 1557  1.2923238E+05  6.2652763E-01  4.9704760E+02  1.1393724E+23  1.8230377E+00  1.0000000E-99  1.0000000E-99
 1558  1.2931543E+05  6.2693027E-01  4.9736703E+02  1.1380240E+23  1.8296810E+00  1.0000000E-99  1.0000000E-99
 1559  1.2939848E+05  6.2733292E-01  4.9768647E+02  1.1366732E+23  1.8363600E+00  1.0000000E-99  1.0000000E-99
 1560  1.2948154E+05  6.2773557E-01  4.9800591E+02  1.1353200E+23  1.8430750E+00  1.0000000E-99  1.0000000E-99
 1561  1.2956459E+05  6.2813822E-01  4.9832534E+02  1.1339642E+23  1.8498261E+00  1.0000000E-99  1.0000000E-99
 1562  1.2964764E+05  6.2854087E-01  4.9864478E+02  1.1326059E+23  1.8566138E+00  1.0000000E-99  1.0000000E-99
 1563  1.2973070E+05  6.2894351E-01  4.9896421E+02  1.1312452E+23  1.8634382E+00  1.0000000E-99  1.0000000E-99
 1564  1.2981375E+05  6.2934616E-01  4.9928365E+02  1.1298819E+23  1.8702998E+00  1.0000000E-99  1.0000000E-99
 1565  1.2989680E+05  6.2974881E-01  4.9960308E+02  1.1285161E+23  1.8771987E+00  1.0000000E-99  1.0000000E-99
 1566  1.2997986E+05  6.3015146E-01  4.9992252E+02  1.1271478E+23  1.8841354E+00  1.0000000E-99  1.0000000E-99
 1567  1.3006291E+05  6.3055411E-01  5.0024196E+02  1.1257769E+23  1.8911100E+00  1.0000000E-99  1.0000000E-99
 1568  1.3014596E+05  6.3095675E-01  5.0056139E+02  1.1244035E+23  1.8981229E+00  1.0000000E-99  1.0000000E-99
 1569  1.3022902E+05  6.3135940E-01  5.0088083E+02  1.1230276E+23  1.9051745E+00  1.0000000E-99  1.0000000E-99
 1570  1.3031207E+05  6.3176205E-01  5.0120026E+02  1.1216490E+23  1.9122650E+00  1.0000000E-99  1.0000000E-99
 1571  1.3039512E+05  6.3216470E-01  5.0151970E+02  1.1202679E+23  1.9193948E+00  1.0000000E-99  1.0000000E-99
 1572  1.3047818E+05  6.3256735E-01  5.0183913E+02  1.1188842E+23  1.9265641E+00  1.0000000E-99  1.0000000E-99
 1573  1.3056123E+05  6.3297000E-01  5.0215857E+02  1.1174979E+23  1.9337734E+00  1.0000000E-99  1.0000000E-99
 1574  1.3064428E+05  6.3337264E-01  5.0247801E+02  1.1161090E+23  1.9410229E+00  1.0000000E-99  1.0000000E-99
 1575  1.3072733E+05  6.3377529E-01  5.0279744E+02  1.1147175E+23  1.9483129E+00  1.0000000E-99  1.0000000E-99
 1576  1.3081039E+05  6.3417794E-01  5.0311688E+02  1.1133234E+23  1.9556439E+00  1.0000000E-99  1.0000000E-99
 1577  1.3089344E+05  6.3458059E-01  5.0343631E+02  1.1119266E+23  1.9630161E+00  1.0000000E-99  1.0000000E-99
 1578  1.3097649E+05  6.3498324E-01  5.0375575E+02  1.1105272E+23  1.9704299E+00  1.0000000E-99  1.0000000E-99
 1579  1.3105955E+05  6.3538588E-01  5.0407518E+02  1.1091251E+23  1.9778856E+00  1.0000000E-99  1.0000000E-99
 1580  1.3114260E+05  6.3578853E-01  5.0439462E+02  1.1077204E+23  1.9853836E+00  1.0000000E-99  1.0000000E-99
 1581  1.3122565E+05  6.3619118E-01  5.0471406E+02  1.1063129E+23  1.9929243E+00  1.0000000E-99  1.0000000E-99
 1582  1.3130871E+05  6.3659383E-01  5.0503349E+02  1.1049028E+23  2.0005080E+00  1.0000000E-99  1.0000000E-99
 1583  1.3139176E+05  6.3699648E-01  5.0535293E+02  1.1034900E+23  2.0081351E+00  1.0000000E-99  1.0000000E-99
 1584  1.3147481E+05  6.3739913E-01  5.0567236E+02  1.1020745E+23  2.0158058E+00  1.0000000E-99  1.0000000E-99
 1585  1.3155787E+05  6.3780177E-01  5.0599180E+02  1.1006563E+23  2.0235208E+00  1.0000000E-99  1.0000000E-99
 1586  1.3164092E+05  6.3820442E-01  5.0631123E+02  1.0992354E+23  2.0312802E+00  1.0000000E-99  1.0000000E-99
 1587  1.3172397E+05  6.3860707E-01  5.0663067E+02  1.0978117E+23  2.0390844E+00  1.0000000E-99  1.0000000E-99
 1588  1.3180703E+05  6.3900972E-01  5.0695011E+02  1.0963852E+23  2.0469339E+00  1.0000000E-99  1.0000000E-99
 1589  1.3189008E+05  6.3941237E-01  5.0726954E+02  1.0949561E+23  2.0548291E+00  1.0000000E-99  1.0000000E-99
 1590  1.3197313E+05  6.3981501E-01  5.0758898E+02  1.0935241E+23  2.0627703E+00  1.0000000E-99  1.0000000E-99
 1591  1.3205619E+05  6.4021766E-01  5.0790841E+02  1.0920893E+23  2.0707580E+00  1.0000000E-99  1.0000000E-99
 1592  1.3213924E+05  6.4062031E-01  5.0822785E+02  1.0906518E+23  2.0787925E+00  1.0000000E-99  1.0000000E-99
 1593  1.3222229E+05  6.4102296E-01  5.0854728E+02  1.0892115E+23  2.0868743E+00  1.0000000E-99  1.0000000E-99
 1594  1.3230535E+05  6.4142561E-01  5.0886672E+02  1.0877683E+23  2.0950037E+00  1.0000000E-99  1.0000000E-99
 1595  1.3238840E+05  6.4182826E-01  5.0918616E+02  1.0863223E+23  2.1031812E+00  1.0000000E-99  1.0000000E-99
 1596  1.3247145E+05  6.4223090E-01  5.0950559E+02  1.0848735E+23  2.1114072E+00  1.0000000E-99  1.0000000E-99
 1597  1.3255451E+05  6.4263355E-01  5.0982503E+02  1.0834219E+23  2.1196822E+00  1.0000000E-99  1.0000000E-99
 1598  1.3263756E+05  6.4303620E-01  5.1014446E+02  1.0819673E+23  2.1280065E+00  1.0000000E-99  1.0000000E-99
 1599  1.3272061E+05  6.4343885E-01  5.1046390E+02  1.0805100E+23  2.1363806E+00  1.0000000E-99  1.0000000E-99
 1600  1.3280367E+05  6.4384150E-01  5.1078333E+02  1.0790497E+23  2.1448050E+00  1.0000000E-99  1.0000000E-99
 1601  1.3288672E+05  6.4424414E-01  5.1110277E+02  1.0775865E+23  2.1532801E+00  1.0000000E-99  1.0000000E-99
 1602  1.3296977E+05  6.4464679E-01  5.1142221E+02  1.0761204E+23  2.1618063E+00  1.0000000E-99  1.0000000E-99
 1603  1.3305283E+05  6.4504944E-01  5.1174164E+02  1.0746514E+23  2.1703841E+00  1.0000000E-99  1.0000000E-99
 1604  1.3313588E+05  6.4545209E-01  5.1206108E+02  1.0731795E+23  2.1790141E+00  1.0000000E-99  1.0000000E-99
 1605  1.3321893E+05  6.4585474E-01  5.1238051E+02  1.0717047E+23  2.1876965E+00  1.0000000E-99  1.0000000E-99
 1606  1.3330199E+05  6.4625738E-01  5.1269995E+02  1.0702268E+23  2.1964320E+00  1.0000000E-99  1.0000000E-99
 1607  1.3338504E+05  6.4666003E-01  5.1301938E+02  1.0687461E+23  2.2052210E+00  1.0000000E-99  1.0000000E-99
 1608  1.3346809E+05  6.4706268E-01  5.1333882E+02  1.0672623E+23  2.2140640E+00  1.0000000E-99  1.0000000E-99
 1609  1.3355115E+05  6.4746533E-01  5.1365826E+02  1.0657755E+23  2.2229615E+00  1.0000000E-99  1.0000000E-99
 1610  1.3363420E+05  6.4786798E-01  5.1397769E+02  1.0642858E+23  2.2319140E+00  1.0000000E-99  1.0000000E-99
 1611  1.3371725E+05  6.4827063E-01  5.1429713E+02  1.0627930E+23  2.2409219E+00  1.0000000E-99  1.0000000E-99
 1612  1.3380031E+05  6.4867327E-01  5.1461656E+02  1.0612972E+23  2.2499859E+00  1.0000000E-99  1.0000000E-99
 1613  1.3388336E+05  6.4907592E-01  5.1493600E+02  1.0597983E+23  2.2591064E+00  1.0000000E-99  1.0000000E-99
 1614  1.3396641E+05  6.4947857E-01  5.1525543E+02  1.0582964E+23  2.2682839E+00  1.0000000E-99  1.0000000E-99
 1615  1.3404947E+05  6.4988122E-01  5.1557487E+02  1.0567915E+23  2.2775191E+00  1.0000000E-99  1.0000000E-99
 1616  1.3413252E+05  6.5028387E-01  5.1589431E+02  1.0552834E+23  2.2868123E+00  1.0000000E-99  1.0000000E-99
 1617  1.3421557E+05  6.5068651E-01  5.1621374E+02  1.0537723E+23  2.2961642E+00  1.0000000E-99  1.0000000E-99
 1618  1.3429863E+05  6.5108916E-01  5.1653318E+02  1.0522580E+23  2.3055754E+00  1.0000000E-99  1.0000000E-99
 1619  1.3438168E+05  6.5149181E-01  5.1685261E+02  1.0507407E+23  2.3150463E+00  1.0000000E-99  1.0000000E-99
 1620  1.3446473E+05  6.5189446E-01  5.1717205E+02  1.0492202E+23  2.3245775E+00  1.0000000E-99  1.0000000E-99
 1621  1.3454779E+05  6.5229711E-01  5.1749148E+02  1.0476965E+23  2.3341697E+00  1.0000000E-99  1.0000000E-99
 1622  1.3463084E+05  6.5269976E-01  5.1781092E+02  1.0461697E+23  2.3438234E+00  1.0000000E-99  1.0000000E-99
 1623  1.3471389E+05  6.5310240E-01  5.1813036E+02  1.0446397E+23  2.3535391E+00  1.0000000E-99  1.0000000E-99
 1624  1.3479695E+05  6.5350505E-01  5.1844979E+02  1.0431065E+23  2.3633175E+00  1.0000000E-99  1.0000000E-99
 1625  1.3488000E+05  6.5390770E-01  5.1876923E+02  1.0415701E+23  2.3731592E+00  1.0000000E-99  1.0000000E-99
 1626  1.3496305E+05  6.5431035E-01  5.1908866E+02  1.0400305E+23  2.3830648E+00  1.0000000E-99  1.0000000E-99
 1627  1.3504611E+05  6.5471300E-01  5.1940810E+02  1.0384877E+23  2.3930349E+00  1.0000000E-99  1.0000000E-99
 1628  1.3512916E+05  6.5511564E-01  5.1972753E+02  1.0369416E+23  2.4030702E+00  1.0000000E-99  1.0000000E-99
 1629  1.3521221E+05  6.5551829E-01  5.2004697E+02  1.0353922E+23  2.4131712E+00  1.0000000E-99  1.0000000E-99
 1630  1.3529527E+05  6.5592094E-01  5.2036641E+02  1.0338396E+23  2.4233386E+00  1.0000000E-99  1.0000000E-99
 1631  1.3537832E+05  6.5632359E-01  5.2068584E+02  1.0322837E+23  2.4335731E+00  1.0000000E-99  1.0000000E-99
 1632  1.3546137E+05  6.5672624E-01  5.2100528E+02  1.0307245E+23  2.4438753E+00  1.0000000E-99  1.0000000E-99
 1633  1.3554443E+05  6.5712889E-01  5.2132471E+02  1.0291619E+23  2.4542459E+00  1.0000000E-99  1.0000000E-99
 1634  1.3562748E+05  6.5753153E-01  5.2164415E+02  1.0275961E+23  2.4646856E+00  1.0000000E-99  1.0000000E-99
 1635  1.3571053E+05  6.5793418E-01  5.2196358E+02  1.0260268E+23  2.4751950E+00  1.0000000E-99  1.0000000E-99
 1636  1.3579359E+05  6.5833683E-01  5.2228302E+02  1.0244543E+23  2.4857749E+00  1.0000000E-99  1.0000000E-99
 1637  1.3587664E+05  6.5873948E-01  5.2260246E+02  1.0228783E+23  2.4964259E+00  1.0000000E-99  1.0000000E-99
 1638  1.3595969E+05  6.5914213E-01  5.2292189E+02  1.0212989E+23  2.5071489E+00  1.0000000E-99  1.0000000E-99
 1639  1.3604275E+05  6.5954477E-01  5.2324133E+02  1.0197161E+23  2.5179444E+00  1.0000000E-99  1.0000000E-99
 1640  1.3612580E+05  6.5994742E-01  5.2356076E+02  1.0181299E+23  2.5288132E+00  1.0000000E-99  1.0000000E-99
 1641  1.3620885E+05  6.6035007E-01  5.2388020E+02  1.0165402E+23  2.5397561E+00  1.0000000E-99  1.0000000E-99
 1642  1.3629191E+05  6.6075272E-01  5.2419963E+02  1.0149471E+23  2.5507739E+00  1.0000000E-99  1.0000000E-99
 1643  1.3637496E+05  6.6115537E-01  5.2451907E+02  1.0133505E+23  2.5618672E+00  1.0000000E-99  1.0000000E-99
 1644  1.3645801E+05  6.6155802E-01  5.2483851E+02  1.0117504E+23  2.5730369E+00  1.0000000E-99  1.0000000E-99
 1645  1.3654106E+05  6.6196066E-01  5.2515794E+02  1.0101468E+23  2.5842838E+00  1.0000000E-99  1.0000000E-99
 1646  1.3662412E+05  6.6236331E-01  5.2547738E+02  1.0085397E+23  2.5956086E+00  1.0000000E-99  1.0000000E-99
 1647  1.3670717E+05  6.6276596E-01  5.2579681E+02  1.0069290E+23  2.6070121E+00  1.0000000E-99  1.0000000E-99
 1648  1.3679022E+05  6.6316861E-01  5.2611625E+02  1.0053148E+23  2.6184952E+00  1.0000000E-99  1.0000000E-99
 1649  1.3687328E+05  6.6357126E-01  5.2643568E+02  1.0036969E+23  2.6300587E+00  1.0000000E-99  1.0000000E-99
 1650  1.3695633E+05  6.6397390E-01  5.2675512E+02  1.0020755E+23  2.6417035E+00  1.0000000E-99  1.0000000E-99
 1651  1.3703938E+05  6.6437655E-01  5.2707456E+02  1.0004505E+23  2.6534303E+00  1.0000000E-99  1.0000000E-99
 1652  1.3712244E+05  6.6477920E-01  5.2739399E+02  9.9882184E+22  2.6652402E+00  1.0000000E-99  1.0000000E-99
 1653  1.3720549E+05  6.6518185E-01  5.2771343E+02  9.9718953E+22  2.6771338E+00  1.0000000E-99  1.0000000E-99
 1654  1.3728854E+05  6.6558450E-01  5.2803286E+02  9.9555356E+22  2.6891122E+00  1.0000000E-99  1.0000000E-99
 1655  1.3737160E+05  6.6598714E-01  5.2835230E+02  9.9391389E+22  2.7011762E+00  1.0000000E-99  1.0000000E-99
 1656  1.3745465E+05  6.6638979E-01  5.2867173E+02  9.9227053E+22  2.7133267E+00  1.0000000E-99  1.0000000E-99
 1657  1.3753770E+05  6.6679244E-01  5.2899117E+02  9.9062344E+22  2.7255647E+00  1.0000000E-99  1.0000000E-99
 1658  1.3762076E+05  6.6719509E-01  5.2931061E+02  9.8897261E+22  2.7378911E+00  1.0000000E-99  1.0000000E-99
 1659  1.3770381E+05  6.6759774E-01  5.2963004E+02  9.8731802E+22  2.7503069E+00  1.0000000E-99  1.0000000E-99
 1660  1.3778686E+05  6.6800039E-01  5.2994948E+02  9.8565966E+22  2.7628130E+00  1.0000000E-99  1.0000000E-99
 1661  1.3786992E+05  6.6840303E-01  5.3026891E+02  9.8399749E+22  2.7754104E+00  1.0000000E-99  1.0000000E-99
 1662  1.3795297E+05  6.6880568E-01  5.3058835E+02  9.8233151E+22  2.7881001E+00  1.0000000E-99  1.0000000E-99
 1663  1.3803602E+05  6.6920833E-01  5.3090778E+02  9.8066170E+22  2.8008832E+00  1.0000000E-99  1.0000000E-99
 1664  1.3811908E+05  6.6961098E-01  5.3122722E+02  9.7898803E+22  2.8137606E+00  1.0000000E-99  1.0000000E-99
 1665  1.3820213E+05  6.7001363E-01  5.3154666E+02  9.7731048E+22  2.8267334E+00  1.0000000E-99  1.0000000E-99
 1666  1.3828518E+05  6.7041627E-01  5.3186609E+02  9.7562904E+22  2.8398027E+00  1.0000000E-99  1.0000000E-99
 1667  1.3836824E+05  6.7081892E-01  5.3218553E+02  9.7394368E+22  2.8529694E+00  1.0000000E-99  1.0000000E-99
 1668  1.3845129E+05  6.7122157E-01  5.3250496E+02  9.7225438E+22  2.8662348E+00  1.0000000E-99  1.0000000E-99
 1669  1.3853434E+05  6.7162422E-01  5.3282440E+02  9.7056113E+22  2.8795999E+00  1.0000000E-99  1.0000000E-99
 1670  1.3861740E+05  6.7202687E-01  5.3314383E+02  9.6886391E+22  2.8930658E+00  1.0000000E-99  1.0000000E-99
 1671  1.3870045E+05  6.7242952E-01  5.3346327E+02  9.6716268E+22  2.9066337E+00  1.0000000E-99  1.0000000E-99
 1672  1.3878350E+05  6.7283216E-01  5.3378271E+02  9.6545743E+22  2.9203047E+00  1.0000000E-99  1.0000000E-99
 1673  1.3886656E+05  6.7323481E-01  5.3410214E+02  9.6374815E+22  2.9340800E+00  1.0000000E-99  1.0000000E-99
 1674  1.3894961E+05  6.7363746E-01  5.3442158E+02  9.6203480E+22  2.9479608E+00  1.0000000E-99  1.0000000E-99
 1675  1.3903266E+05  6.7404011E-01  5.3474101E+02  9.6031736E+22  2.9619484E+00  1.0000000E-99  1.0000000E-99
 1676  1.3911572E+05  6.7444276E-01  5.3506045E+02  9.5859582E+22  2.9760438E+00  1.0000000E-99  1.0000000E-99
 1677  1.3919877E+05  6.7484540E-01  5.3537989E+02  9.5687016E+22  2.9902484E+00  1.0000000E-99  1.0000000E-99
 1678  1.3928182E+05  6.7524805E-01  5.3569932E+02  9.5514034E+22  3.0045635E+00  1.0000000E-99  1.0000000E-99
 1679  1.3936488E+05  6.7565070E-01  5.3601876E+02  9.5340635E+22  3.0189902E+00  1.0000000E-99  1.0000000E-99
 1680  1.3944793E+05  6.7605335E-01  5.3633819E+02  9.5166816E+22  3.0335300E+00  1.0000000E-99  1.0000000E-99
 1681  1.3953098E+05  6.7645600E-01  5.3665763E+02  9.4992576E+22  3.0481842E+00  1.0000000E-99  1.0000000E-99
 1682  1.3961404E+05  6.7685865E-01  5.3697706E+02  9.4817911E+22  3.0629541E+00  1.0000000E-99  1.0000000E-99
 1683  1.3969709E+05  6.7726129E-01  5.3729650E+02  9.4642819E+22  3.0778410E+00  1.0000000E-99  1.0000000E-99
 1684  1.3978014E+05  6.7766394E-01  5.3761594E+02  9.4467299E+22  3.0928464E+00  1.0000000E-99  1.0000000E-99
 1685  1.3986320E+05  6.7806659E-01  5.3793537E+02  9.4291347E+22  3.1079717E+00  1.0000000E-99  1.0000000E-99
 1686  1.3994625E+05  6.7846924E-01  5.3825481E+02  9.4114962E+22  3.1232182E+00  1.0000000E-99  1.0000000E-99
 1687  1.4002930E+05  6.7887189E-01  5.3857424E+02  9.3938140E+22  3.1385876E+00  1.0000000E-99  1.0000000E-99
 1688  1.4011236E+05  6.7927453E-01  5.3889368E+02  9.3760880E+22  3.1540811E+00  1.0000000E-99  1.0000000E-99
 1689  1.4019541E+05  6.7967718E-01  5.3921311E+02  9.3583179E+22  3.1697005E+00  1.0000000E-99  1.0000000E-99
 1690  1.4027846E+05  6.8007983E-01  5.3953255E+02  9.3405034E+22  3.1854471E+00  1.0000000E-99  1.0000000E-99
 1691  1.4036152E+05  6.8048248E-01  5.3985199E+02  9.3226442E+22  3.2013225E+00  1.0000000E-99  1.0000000E-99
 1692  1.4044457E+05  6.8088513E-01  5.4017142E+02  9.3047402E+22  3.2173283E+00  1.0000000E-99  1.0000000E-99
 1693  1.4052762E+05  6.8128777E-01  5.4049086E+02  9.2867911E+22  3.2334662E+00  1.0000000E-99  1.0000000E-99
 1694  1.4061068E+05  6.8169042E-01  5.4081029E+02  9.2687965E+22  3.2497376E+00  1.0000000E-99  1.0000000E-99
 1695  1.4069373E+05  6.8209307E-01  5.4112973E+02  9.2507563E+22  3.2661444E+00  1.0000000E-99  1.0000000E-99
 1696  1.4077678E+05  6.8249572E-01  5.4144916E+02  9.2326701E+22  3.2826882E+00  1.0000000E-99  1.0000000E-99
 1697  1.4085984E+05  6.8289837E-01  5.4176860E+02  9.2145378E+22  3.2993707E+00  1.0000000E-99  1.0000000E-99
 1698  1.4094289E+05  6.8330102E-01  5.4208804E+02  9.1963590E+22  3.3161936E+00  1.0000000E-99  1.0000000E-99
 1699  1.4102594E+05  6.8370366E-01  5.4240747E+02  9.1781334E+22  3.3331588E+00  1.0000000E-99  1.0000000E-99
 1700  1.4110900E+05  6.8410631E-01  5.4272691E+02  9.1598608E+22  3.3502679E+00  1.0000000E-99  1.0000000E-99
 1701  1.4119205E+05  6.8450896E-01  5.4304634E+02  9.1415408E+22  3.3675230E+00  1.0000000E-99  1.0000000E-99
 1702  1.4127510E+05  6.8491161E-01  5.4336578E+02  9.1231733E+22  3.3849257E+00  1.0000000E-99  1.0000000E-99
 1703  1.4135816E+05  6.8531426E-01  5.4368521E+02  9.1047579E+22  3.4024780E+00  1.0000000E-99  1.0000000E-99
 1704  1.4144121E+05  6.8571690E-01  5.4400465E+02  9.0862943E+22  3.4201819E+00  1.0000000E-99  1.0000000E-99
 1705  1.4152426E+05  6.8611955E-01  5.4432409E+02  9.0677822E+22  3.4380393E+00  1.0000000E-99  1.0000000E-99
 1706  1.4160732E+05  6.8652220E-01  5.4464352E+02  9.0492214E+22  3.4560522E+00  1.0000000E-99  1.0000000E-99
 1707  1.4169037E+05  6.8692485E-01  5.4496296E+02  9.0306114E+22  3.4742226E+00  1.0000000E-99  1.0000000E-99
 1708  1.4177342E+05  6.8732750E-01  5.4528239E+02  9.0119521E+22  3.4925526E+00  1.0000000E-99  1.0000000E-99
 1709  1.4185648E+05  6.8773015E-01  5.4560183E+02  8.9932432E+22  3.5110443E+00  1.0000000E-99  1.0000000E-99
 1710  1.4193953E+05  6.8813279E-01  5.4592126E+02  8.9744842E+22  3.5296999E+00  1.0000000E-99  1.0000000E-99
 1711  1.4202258E+05  6.8853544E-01  5.4624070E+02  8.9556749E+22  3.5485215E+00  1.0000000E-99  1.0000000E-99
 1712  1.4210564E+05  6.8893809E-01  5.4656014E+02  8.9368150E+22  3.5675112E+00  1.0000000E-99  1.0000000E-99
 1713  1.4218869E+05  6.8934074E-01  5.4687957E+02  8.9179042E+22  3.5866715E+00  1.0000000E-99  1.0000000E-99
 1714  1.4227174E+05  6.8974339E-01  5.4719901E+02  8.8989421E+22  3.6060046E+00  1.0000000E-99  1.0000000E-99
 1715  1.4235479E+05  6.9014603E-01  5.4751844E+02  8.8799284E+22  3.6255128E+00  1.0000000E-99  1.0000000E-99
 1716  1.4243785E+05  6.9054868E-01  5.4783788E+02  8.8608627E+22  3.6451984E+00  1.0000000E-99  1.0000000E-99
 1717  1.4252090E+05  6.9095133E-01  5.4815731E+02  8.8417448E+22  3.6650640E+00  1.0000000E-99  1.0000000E-99
 1718  1.4260395E+05  6.9135398E-01  5.4847675E+02  8.8225743E+22  3.6851120E+00  1.0000000E-99  1.0000000E-99
 1719  1.4268701E+05  6.9175663E-01  5.4879619E+02  8.8033508E+22  3.7053449E+00  1.0000000E-99  1.0000000E-99
 1720  1.4277006E+05  6.9215928E-01  5.4911562E+02  8.7840740E+22  3.7257653E+00  1.0000000E-99  1.0000000E-99
 1721  1.4285311E+05  6.9256192E-01  5.4943506E+02  8.7647436E+22  3.7463757E+00  1.0000000E-99  1.0000000E-99
 1722  1.4293617E+05  6.9296457E-01  5.4975449E+02  8.7453592E+22  3.7671788E+00  1.0000000E-99  1.0000000E-99
 1723  1.4301922E+05  6.9336722E-01  5.5007393E+02  8.7259204E+22  3.7881774E+00  1.0000000E-99  1.0000000E-99
 1724  1.4310227E+05  6.9376987E-01  5.5039336E+02  8.7064268E+22  3.8093742E+00  1.0000000E-99  1.0000000E-99
 1725  1.4318533E+05  6.9417252E-01  5.5071280E+02  8.6868782E+22  3.8307720E+00  1.0000000E-99  1.0000000E-99
 1726  1.4326838E+05  6.9457516E-01  5.5103224E+02  8.6672741E+22  3.8523736E+00  1.0000000E-99  1.0000000E-99
 1727  1.4335143E+05  6.9497781E-01  5.5135167E+02  8.6476142E+22  3.8741820E+00  1.0000000E-99  1.0000000E-99
 1728  1.4343449E+05  6.9538046E-01  5.5167111E+02  8.6278980E+22  3.8962001E+00  1.0000000E-99  1.0000000E-99
 1729  1.4351754E+05  6.9578311E-01  5.5199054E+02  8.6081252E+22  3.9184310E+00  1.0000000E-99  1.0000000E-99
 1730  1.4360059E+05  6.9618576E-01  5.5230998E+02  8.5882954E+22  3.9408778E+00  1.0000000E-99  1.0000000E-99
 1731  1.4368365E+05  6.9658841E-01  5.5262941E+02  8.5684082E+22  3.9635436E+00  1.0000000E-99  1.0000000E-99
 1732  1.4376670E+05  6.9699105E-01  5.5294885E+02  8.5484632E+22  3.9864316E+00  1.0000000E-99  1.0000000E-99
 1733  1.4384975E+05  6.9739370E-01  5.5326829E+02  8.5284600E+22  4.0095451E+00  1.0000000E-99  1.0000000E-99
 1734  1.4393281E+05  6.9779635E-01  5.5358772E+02  8.5083981E+22  4.0328874E+00  1.0000000E-99  1.0000000E-99
 1735  1.4401586E+05  6.9819900E-01  5.5390716E+02  8.4882772E+22  4.0564620E+00  1.0000000E-99  1.0000000E-99
 1736  1.4409891E+05  6.9860165E-01  5.5422659E+02  8.4680969E+22  4.0802722E+00  1.0000000E-99  1.0000000E-99
 1737  1.4418197E+05  6.9900429E-01  5.5454603E+02  8.4478567E+22  4.1043217E+00  1.0000000E-99  1.0000000E-99
 1738  1.4426502E+05  6.9940694E-01  5.5486546E+02  8.4275561E+22  4.1286141E+00  1.0000000E-99  1.0000000E-99
 1739  1.4434807E+05  6.9980959E-01  5.5518490E+02  8.4071949E+22  4.1531530E+00  1.0000000E-99  1.0000000E-99
 1740  1.4443113E+05  7.0021224E-01  5.5550434E+02  8.3867724E+22  4.1779422E+00  1.0000000E-99  1.0000000E-99
 1741  1.4451418E+05  7.0061489E-01  5.5582377E+02  8.3662883E+22  4.2029855E+00  1.0000000E-99  1.0000000E-99
 1742  1.4459723E+05  7.0101753E-01  5.5614321E+02  8.3457420E+22  4.2282869E+00  1.0000000E-99  1.0000000E-99
 1743  1.4468029E+05  7.0142018E-01  5.5646264E+02  8.3251333E+22  4.2538504E+00  1.0000000E-99  1.0000000E-99
 1744  1.4476334E+05  7.0182283E-01  5.5678208E+02  8.3044615E+22  4.2796799E+00  1.0000000E-99  1.0000000E-99
 1745  1.4484639E+05  7.0222548E-01  5.5710151E+02  8.2837262E+22  4.3057798E+00  1.0000000E-99  1.0000000E-99
 1746  1.4492945E+05  7.0262813E-01  5.5742095E+02  8.2629269E+22  4.3321542E+00  1.0000000E-99  1.0000000E-99
 1747  1.4501250E+05  7.0303078E-01  5.5774039E+02  8.2420632E+22  4.3588075E+00  1.0000000E-99  1.0000000E-99
 1748  1.4509555E+05  7.0343342E-01  5.5805982E+02  8.2211346E+22  4.3857441E+00  1.0000000E-99  1.0000000E-99
 1749  1.4517861E+05  7.0383607E-01  5.5837926E+02  8.2001404E+22  4.4129685E+00  1.0000000E-99  1.0000000E-99
 1750  1.4526166E+05  7.0423872E-01  5.5869869E+02  8.1790804E+22  4.4404855E+00  1.0000000E-99  1.0000000E-99
 1751  1.4534471E+05  7.0464137E-01  5.5901813E+02  8.1579539E+22  4.4682996E+00  1.0000000E-99  1.0000000E-99
 1752  1.4542777E+05  7.0504402E-01  5.5933756E+02  8.1367604E+22  4.4964157E+00  1.0000000E-99  1.0000000E-99
 1753  1.4551082E+05  7.0544666E-01  5.5965700E+02  8.1154994E+22  4.5248389E+00  1.0000000E-99  1.0000000E-99
 1754  1.4559387E+05  7.0584931E-01  5.5997644E+02  8.0941704E+22  4.5535740E+00  1.0000000E-99  1.0000000E-99
 1755  1.4567693E+05  7.0625196E-01  5.6029587E+02  8.0727728E+22  4.5826262E+00  1.0000000E-99  1.0000000E-99
 1756  1.4575998E+05  7.0665461E-01  5.6061531E+02  8.0513061E+22  4.6120009E+00  1.0000000E-99  1.0000000E-99
 1757  1.4584303E+05  7.0705726E-01  5.6093474E+02  8.0297697E+22  4.6417034E+00  1.0000000E-99  1.0000000E-99
 1758  1.4592609E+05  7.0745991E-01  5.6125418E+02  8.0081631E+22  4.6717391E+00  1.0000000E-99  1.0000000E-99
 1759  1.4600914E+05  7.0786255E-01  5.6157361E+02  7.9864856E+22  4.7021138E+00  1.0000000E-99  1.0000000E-99
 1760  1.4609219E+05  7.0826520E-01  5.6189305E+02  7.9647368E+22  4.7328332E+00  1.0000000E-99  1.0000000E-99
 1761  1.4617525E+05  7.0866785E-01  5.6221249E+02  7.9429161E+22  4.7639031E+00  1.0000000E-99  1.0000000E-99
 1762  1.4625830E+05  7.0907050E-01  5.6253192E+02  7.9210227E+22  4.7953297E+00  1.0000000E-99  1.0000000E-99
 1763  1.4634135E+05  7.0947315E-01  5.6285136E+02  7.8990562E+22  4.8271189E+00  1.0000000E-99  1.0000000E-99
 1764  1.4642441E+05  7.0987579E-01  5.6317079E+02  7.8770159E+22  4.8592772E+00  1.0000000E-99  1.0000000E-99
 1765  1.4650746E+05  7.1027844E-01  5.6349023E+02  7.8549012E+22  4.8918111E+00  1.0000000E-99  1.0000000E-99
 1766  1.4659051E+05  7.1068109E-01  5.6380966E+02  7.8327115E+22  4.9247270E+00  1.0000000E-99  1.0000000E-99
 1767  1.4667357E+05  7.1108374E-01  5.6412910E+02  7.8104461E+22  4.9580317E+00  1.0000000E-99  1.0000000E-99
 1768  1.4675662E+05  7.1148639E-01  5.6444854E+02  7.7881044E+22  4.9917322E+00  1.0000000E-99  1.0000000E-99
 1769  1.4683967E+05  7.1188904E-01  5.6476797E+02  7.7656857E+22  5.0258356E+00  1.0000000E-99  1.0000000E-99
 1770  1.4692273E+05  7.1229168E-01  5.6508741E+02  7.7431894E+22  5.0603490E+00  1.0000000E-99  1.0000000E-99
 1771  1.4700578E+05  7.1269433E-01  5.6540684E+02  7.7206147E+22  5.0952800E+00  1.0000000E-99  1.0000000E-99
 1772  1.4708883E+05  7.1309698E-01  5.6572628E+02  7.6979610E+22  5.1306361E+00  1.0000000E-99  1.0000000E-99
 1773  1.4717189E+05  7.1349963E-01  5.6604571E+02  7.6752276E+22  5.1664251E+00  1.0000000E-99  1.0000000E-99
 1774  1.4725494E+05  7.1390228E-01  5.6636515E+02  7.6524138E+22  5.2026550E+00  1.0000000E-99  1.0000000E-99
 1775  1.4733799E+05  7.1430492E-01  5.6668459E+02  7.6295188E+22  5.2393340E+00  1.0000000E-99  1.0000000E-99
 1776  1.4742105E+05  7.1470757E-01  5.6700402E+02  7.6065420E+22  5.2764704E+00  1.0000000E-99  1.0000000E-99
 1777  1.4750410E+05  7.1511022E-01  5.6732346E+02  7.5834825E+22  5.3140729E+00  1.0000000E-99  1.0000000E-99
 1778  1.4758715E+05  7.1551287E-01  5.6764289E+02  7.5603397E+22  5.3521503E+00  1.0000000E-99  1.0000000E-99
 1779  1.4767021E+05  7.1591552E-01  5.6796233E+02  7.5371127E+22  5.3907115E+00  1.0000000E-99  1.0000000E-99
 1780  1.4775326E+05  7.1631816E-01  5.6828176E+02  7.5138008E+22  5.4297660E+00  1.0000000E-99  1.0000000E-99
 1781  1.4783631E+05  7.1672081E-01  5.6860120E+02  7.4904031E+22  5.4693231E+00  1.0000000E-99  1.0000000E-99
 1782  1.4791937E+05  7.1712346E-01  5.6892064E+02  7.4669190E+22  5.5093926E+00  1.0000000E-99  1.0000000E-99
 1783  1.4800242E+05  7.1752611E-01  5.6924007E+02  7.4433474E+22  5.5499845E+00  1.0000000E-99  1.0000000E-99
 1784  1.4808547E+05  7.1792876E-01  5.6955951E+02  7.4196878E+22  5.5911091E+00  1.0000000E-99  1.0000000E-99
 1785  1.4816853E+05  7.1833141E-01  5.6987894E+02  7.3959390E+22  5.6327769E+00  1.0000000E-99  1.0000000E-99
 1786  1.4825158E+05  7.1873405E-01  5.7019838E+02  7.3721004E+22  5.6749988E+00  1.0000000E-99  1.0000000E-99
 1787  1.4833463E+05  7.1913670E-01  5.7051781E+02  7.3481711E+22  5.7177858E+00  1.0000000E-99  1.0000000E-99
 1788  1.4841768E+05  7.1953935E-01  5.7083725E+02  7.3241501E+22  5.7611493E+00  1.0000000E-99  1.0000000E-99
 1789  1.4850074E+05  7.1994200E-01  5.7115669E+02  7.3000365E+22  5.8051011E+00  1.0000000E-99  1.0000000E-99
 1790  1.4858379E+05  7.2034465E-01  5.7147612E+02  7.2758295E+22  5.8496531E+00  1.0000000E-99  1.0000000E-99
 1791  1.4866684E+05  7.2074729E-01  5.7179556E+02  7.2515280E+22  5.8948178E+00  1.0000000E-99  1.0000000E-99
 1792  1.4874990E+05  7.2114994E-01  5.7211499E+02  7.2271312E+22  5.9406078E+00  1.0000000E-99  1.0000000E-99
 1793  1.4883295E+05  7.2155259E-01  5.7243443E+02  7.2026381E+22  5.9870363E+00  1.0000000E-99  1.0000000E-99
 1794  1.4891600E+05  7.2195524E-01  5.7275386E+02  7.1780476E+22  6.0341165E+00  1.0000000E-99  1.0000000E-99
 1795  1.4899906E+05  7.2235789E-01  5.7307330E+02  7.1533588E+22  6.0818624E+00  1.0000000E-99  1.0000000E-99
 1796  1.4908211E+05  7.2276054E-01  5.7339274E+02  7.1285707E+22  6.1302881E+00  1.0000000E-99  1.0000000E-99
 1797  1.4916516E+05  7.2316318E-01  5.7371217E+02  7.1036822E+22  6.1794082E+00  1.0000000E-99  1.0000000E-99
 1798  1.4924822E+05  7.2356583E-01  5.7403161E+02  7.0786922E+22  6.2292377E+00  1.0000000E-99  1.0000000E-99
 1799  1.4933127E+05  7.2396848E-01  5.7435104E+02  7.0535998E+22  6.2797921E+00  1.0000000E-99  1.0000000E-99
 1800  1.4941432E+05  7.2437113E-01  5.7467048E+02  7.0284037E+22  6.3310873E+00  1.0000000E-99  1.0000000E-99
 1801  1.4949738E+05  7.2477378E-01  5.7498991E+02  7.0031029E+22  6.3831398E+00  1.0000000E-99  1.0000000E-99
 1802  1.4958043E+05  7.2517642E-01  5.7530935E+02  6.9776962E+22  6.4359662E+00  1.0000000E-99  1.0000000E-99
 1803  1.4966348E+05  7.2557907E-01  5.7562879E+02  6.9521824E+22  6.4895841E+00  1.0000000E-99  1.0000000E-99
 1804  1.4974654E+05  7.2598172E-01  5.7594822E+02  6.9265605E+22  6.5440113E+00  1.0000000E-99  1.0000000E-99
 1805  1.4982959E+05  7.2638437E-01  5.7626766E+02  6.9008291E+22  6.5992662E+00  1.0000000E-99  1.0000000E-99
 1806  1.4991264E+05  7.2678702E-01  5.7658709E+02  6.8749871E+22  6.6553679E+00  1.0000000E-99  1.0000000E-99
 1807  1.4999570E+05  7.2718967E-01  5.7690653E+02  6.8490332E+22  6.7123360E+00  1.0000000E-99  1.0000000E-99
 1808  1.5007875E+05  7.2759231E-01  5.7722596E+02  6.8229660E+22  6.7701905E+00  1.0000000E-99  1.0000000E-99
 1809  1.5016180E+05  7.2799496E-01  5.7754540E+02  6.7967844E+22  6.8289525E+00  1.0000000E-99  1.0000000E-99
 1810  1.5024486E+05  7.2839761E-01  5.7786484E+02  6.7704870E+22  6.8886433E+00  1.0000000E-99  1.0000000E-99
 1811  1.5032791E+05  7.2880026E-01  5.7818427E+02  6.7440724E+22  6.9492851E+00  1.0000000E-99  1.0000000E-99
 1812  1.5041096E+05  7.2920291E-01  5.7850371E+02  6.7175393E+22  7.0109008E+00  1.0000000E-99  1.0000000E-99
 1813  1.5049402E+05  7.2960555E-01  5.7882314E+02  6.6908862E+22  7.0735140E+00  1.0000000E-99  1.0000000E-99
 1814  1.5057707E+05  7.3000820E-01  5.7914258E+02  6.6641117E+22  7.1371492E+00  1.0000000E-99  1.0000000E-99
 1815  1.5066012E+05  7.3041085E-01  5.7946201E+02  6.6372144E+22  7.2018315E+00  1.0000000E-99  1.0000000E-99
 1816  1.5074318E+05  7.3081350E-01  5.7978145E+02  6.6101926E+22  7.2675869E+00  1.0000000E-99  1.0000000E-99
 1817  1.5082623E+05  7.3121615E-01  5.8010089E+02  6.5830450E+22  7.3344424E+00  1.0000000E-99  1.0000000E-99
 1818  1.5090928E+05  7.3161879E-01  5.8042032E+02  6.5557699E+22  7.4024257E+00  1.0000000E-99  1.0000000E-99
 1819  1.5099234E+05  7.3202144E-01  5.8073976E+02  6.5283657E+22  7.4715656E+00  1.0000000E-99  1.0000000E-99
 1820  1.5107539E+05  7.3242409E-01  5.8105919E+02  6.5008309E+22  7.5418919E+00  1.0000000E-99  1.0000000E-99
 1821  1.5115844E+05  7.3282674E-01  5.8137863E+02  6.4731637E+22  7.6134352E+00  1.0000000E-99  1.0000000E-99
 1822  1.5124150E+05  7.3322939E-01  5.8169806E+02  6.4453624E+22  7.6862275E+00  1.0000000E-99  1.0000000E-99
 1823  1.5132455E+05  7.3363204E-01  5.8201750E+02  6.4174253E+22  7.7603018E+00  1.0000000E-99  1.0000000E-99
 1824  1.5140760E+05  7.3403468E-01  5.8233694E+02  6.3893506E+22  7.8356920E+00  1.0000000E-99  1.0000000E-99
 1825  1.5149066E+05  7.3443733E-01  5.8265637E+02  6.3611365E+22  7.9124336E+00  1.0000000E-99  1.0000000E-99
 1826  1.5157371E+05  7.3483998E-01  5.8297581E+02  6.3327812E+22  7.9905633E+00  1.0000000E-99  1.0000000E-99
 1827  1.5165676E+05  7.3524263E-01  5.8329524E+02  6.3042826E+22  8.0701189E+00  1.0000000E-99  1.0000000E-99
 1828  1.5173982E+05  7.3564528E-01  5.8361468E+02  6.2756389E+22  8.1511398E+00  1.0000000E-99  1.0000000E-99
 1829  1.5182287E+05  7.3604792E-01  5.8393411E+02  6.2468481E+22  8.2336669E+00  1.0000000E-99  1.0000000E-99
 1830  1.5190592E+05  7.3645057E-01  5.8425355E+02  6.2179082E+22  8.3177426E+00  1.0000000E-99  1.0000000E-99
 1831  1.5198898E+05  7.3685322E-01  5.8457299E+02  6.1888169E+22  8.4034107E+00  1.0000000E-99  1.0000000E-99
 1832  1.5207203E+05  7.3725587E-01  5.8489242E+02  6.1595723E+22  8.4907169E+00  1.0000000E-99  1.0000000E-99
 1833  1.5215508E+05  7.3765852E-01  5.8521186E+02  6.1301720E+22  8.5797086E+00  1.0000000E-99  1.0000000E-99
 1834  1.5223814E+05  7.3806117E-01  5.8553129E+02  6.1006139E+22  8.6704351E+00  1.0000000E-99  1.0000000E-99
 1835  1.5232119E+05  7.3846381E-01  5.8585073E+02  6.0708956E+22  8.7629475E+00  1.0000000E-99  1.0000000E-99
 1836  1.5240424E+05  7.3886646E-01  5.8617016E+02  6.0410148E+22  8.8572991E+00  1.0000000E-99  1.0000000E-99
 1837  1.5248730E+05  7.3926911E-01  5.8648960E+02  6.0109691E+22  8.9535452E+00  1.0000000E-99  1.0000000E-99
 1838  1.5257035E+05  7.3967176E-01  5.8680904E+02  5.9807559E+22  9.0517434E+00  1.0000000E-99  1.0000000E-99
 1839  1.5265340E+05  7.4007441E-01  5.8712847E+02  5.9503728E+22  9.1519536E+00  1.0000000E-99  1.0000000E-99
 1840  1.5273646E+05  7.4047705E-01  5.8744791E+02  5.9198170E+22  9.2542383E+00  1.0000000E-99  1.0000000E-99
 1841  1.5281951E+05  7.4087970E-01  5.8776734E+02  5.8890860E+22  9.3586626E+00  1.0000000E-99  1.0000000E-99
 1842  1.5290256E+05  7.4128235E-01  5.8808678E+02  5.8581769E+22  9.4652942E+00  1.0000000E-99  1.0000000E-99
 1843  1.5298562E+05  7.4168500E-01  5.8840621E+02  5.8270869E+22  9.5742038E+00  1.0000000E-99  1.0000000E-99
 1844  1.5306867E+05  7.4208765E-01  5.8872565E+02  5.7958131E+22  9.6854651E+00  1.0000000E-99  1.0000000E-99
 1845  1.5315172E+05  7.4249030E-01  5.8904509E+02  5.7643526E+22  9.7991552E+00  1.0000000E-99  1.0000000E-99
 1846  1.5323478E+05  7.4289294E-01  5.8936452E+02  5.7327022E+22  9.9153543E+00  1.0000000E-99  1.0000000E-99
 1847  1.5331783E+05  7.4329559E-01  5.8968396E+02  5.7008588E+22  1.0034146E+01  1.0000000E-99  1.0000000E-99
 1848  1.5340088E+05  7.4369824E-01  5.9000339E+02  5.6688191E+22  1.0155619E+01  1.0000000E-99  1.0000000E-99
 1849  1.5348394E+05  7.4410089E-01  5.9032283E+02  5.6365798E+22  1.0279865E+01  1.0000000E-99  1.0000000E-99
 1850  1.5356699E+05  7.4450354E-01  5.9064226E+02  5.6041374E+22  1.0406978E+01  1.0000000E-99  1.0000000E-99
 1851  1.5365004E+05  7.4490618E-01  5.9096170E+02  5.5714885E+22  1.0537061E+01  1.0000000E-99  1.0000000E-99
 1852  1.5373310E+05  7.4530883E-01  5.9128114E+02  5.5386292E+22  1.0670217E+01  1.0000000E-99  1.0000000E-99
 1853  1.5381615E+05  7.4571148E-01  5.9160057E+02  5.5055560E+22  1.0806558E+01  1.0000000E-99  1.0000000E-99
 1854  1.5389920E+05  7.4611413E-01  5.9192001E+02  5.4722648E+22  1.0946198E+01  1.0000000E-99  1.0000000E-99
 1855  1.5398226E+05  7.4651678E-01  5.9223944E+02  5.4387517E+22  1.1089260E+01  1.0000000E-99  1.0000000E-99
 1856  1.5406531E+05  7.4691943E-01  5.9255888E+02  5.4050126E+22  1.1235869E+01  1.0000000E-99  1.0000000E-99
 1857  1.5414836E+05  7.4732207E-01  5.9287831E+02  5.3710431E+22  1.1386160E+01  1.0000000E-99  1.0000000E-99
 1858  1.5423141E+05  7.4772472E-01  5.9319775E+02  5.3368390E+22  1.1540274E+01  1.0000000E-99  1.0000000E-99
 1859  1.5431447E+05  7.4812737E-01  5.9351719E+02  5.3023957E+22  1.1698357E+01  1.0000000E-99  1.0000000E-99
 1860  1.5439752E+05  7.4853002E-01  5.9383662E+02  5.2677084E+22  1.1860565E+01  1.0000000E-99  1.0000000E-99
 1861  1.5448057E+05  7.4893267E-01  5.9415606E+02  5.2327723E+22  1.2027062E+01  1.0000000E-99  1.0000000E-99
 1862  1.5456363E+05  7.4933531E-01  5.9447549E+02  5.1975824E+22  1.2198020E+01  1.0000000E-99  1.0000000E-99
 1863  1.5464668E+05  7.4973796E-01  5.9479493E+02  5.1621336E+22  1.2373620E+01  1.0000000E-99  1.0000000E-99
 1864  1.5472973E+05  7.5014061E-01  5.9511436E+02  5.1264204E+22  1.2554054E+01  1.0000000E-99  1.0000000E-99
 1865  1.5481279E+05  7.5054326E-01  5.9543380E+02  5.0904372E+22  1.2739525E+01  1.0000000E-99  1.0000000E-99
 1866  1.5489584E+05  7.5094591E-01  5.9575324E+02  5.0541784E+22  1.2930246E+01  1.0000000E-99  1.0000000E-99
 1867  1.5497889E+05  7.5134855E-01  5.9607267E+02  5.0176379E+22  1.3126443E+01  1.0000000E-99  1.0000000E-99
 1868  1.5506195E+05  7.5175120E-01  5.9639211E+02  4.9808095E+22  1.3328356E+01  1.0000000E-99  1.0000000E-99
 1869  1.5514500E+05  7.5215385E-01  5.9671154E+02  4.9436868E+22  1.3536238E+01  1.0000000E-99  1.0000000E-99
 1870  1.5522805E+05  7.5255650E-01  5.9703098E+02  4.9062632E+22  1.3750357E+01  1.0000000E-99  1.0000000E-99
 1871  1.5531111E+05  7.5295915E-01  5.9735041E+02  4.8685316E+22  1.3970998E+01  1.0000000E-99  1.0000000E-99
 1872  1.5539416E+05  7.5336180E-01  5.9766985E+02  4.8304849E+22  1.4198465E+01  1.0000000E-99  1.0000000E-99
 1873  1.5547721E+05  7.5376444E-01  5.9798929E+02  4.7921155E+22  1.4433077E+01  1.0000000E-99  1.0000000E-99
 1874  1.5556027E+05  7.5416709E-01  5.9830872E+02  4.7534157E+22  1.4675179E+01  1.0000000E-99  1.0000000E-99
 1875  1.5564332E+05  7.5456974E-01  5.9862816E+02  4.7143773E+22  1.4925133E+01  1.0000000E-99  1.0000000E-99
 1876  1.5572637E+05  7.5497239E-01  5.9894759E+02  4.6749919E+22  1.5183327E+01  1.0000000E-99  1.0000000E-99
 1877  1.5580943E+05  7.5537504E-01  5.9926703E+02  4.6352505E+22  1.5450178E+01  1.0000000E-99  1.0000000E-99
 1878  1.5589248E+05  7.5577768E-01  5.9958646E+02  4.5951439E+22  1.5726125E+01  1.0000000E-99  1.0000000E-99
 1879  1.5597553E+05  7.5618033E-01  5.9990590E+02  4.5546625E+22  1.6011644E+01  1.0000000E-99  1.0000000E-99
 1880  1.5605859E+05  7.5658298E-01  6.0022534E+02  4.5137963E+22  1.6307241E+01  1.0000000E-99  1.0000000E-99
 1881  1.5614164E+05  7.5698563E-01  6.0054477E+02  4.4725346E+22  1.6613458E+01  1.0000000E-99  1.0000000E-99
 1882  1.5622469E+05  7.5738828E-01  6.0086421E+02  4.4308664E+22  1.6930878E+01  1.0000000E-99  1.0000000E-99
 1883  1.5630775E+05  7.5779093E-01  6.0118364E+02  4.3887802E+22  1.7260128E+01  1.0000000E-99  1.0000000E-99
 1884  1.5639080E+05  7.5819357E-01  6.0150308E+02  4.3462638E+22  1.7601881E+01  1.0000000E-99  1.0000000E-99
 1885  1.5647385E+05  7.5859622E-01  6.0182251E+02  4.3033043E+22  1.7956864E+01  1.0000000E-99  1.0000000E-99
 1886  1.5655691E+05  7.5899887E-01  6.0214195E+02  4.2598886E+22  1.8325858E+01  1.0000000E-99  1.0000000E-99
 1887  1.5663996E+05  7.5940152E-01  6.0246139E+02  4.2160024E+22  1.8709711E+01  1.0000000E-99  1.0000000E-99
 1888  1.5672301E+05  7.5980417E-01  6.0278082E+02  4.1716308E+22  1.9109339E+01  1.0000000E-99  1.0000000E-99
 1889  1.5680607E+05  7.6020681E-01  6.0310026E+02  4.1267583E+22  1.9525733E+01  1.0000000E-99  1.0000000E-99
 1890  1.5688912E+05  7.6060946E-01  6.0341969E+02  4.0813683E+22  1.9959972E+01  1.0000000E-99  1.0000000E-99
 1891  1.5697217E+05  7.6101211E-01  6.0373913E+02  4.0354434E+22  2.0413227E+01  1.0000000E-99  1.0000000E-99
 1892  1.5705523E+05  7.6141476E-01  6.0405856E+02  3.9889651E+22  2.0886776E+01  1.0000000E-99  1.0000000E-99
 1893  1.5713828E+05  7.6181741E-01  6.0437800E+02  3.9419137E+22  2.1382013E+01  1.0000000E-99  1.0000000E-99
 1894  1.5722133E+05  7.6222006E-01  6.0469744E+02  3.8942686E+22  2.1900461E+01  1.0000000E-99  1.0000000E-99
 1895  1.5730439E+05  7.6262270E-01  6.0501687E+02  3.8460076E+22  2.2443793E+01  1.0000000E-99  1.0000000E-99
 1896  1.5738744E+05  7.6302535E-01  6.0533631E+02  3.7971074E+22  2.3013844E+01  1.0000000E-99  1.0000000E-99
 1897  1.5747049E+05  7.6342800E-01  6.0565574E+02  3.7475427E+22  2.3612633E+01  1.0000000E-99  1.0000000E-99
 1898  1.5755355E+05  7.6383065E-01  6.0597518E+02  3.6972871E+22  2.4242391E+01  1.0000000E-99  1.0000000E-99
 1899  1.5763660E+05  7.6423330E-01  6.0629461E+02  3.6463117E+22  2.4905583E+01  1.0000000E-99  1.0000000E-99
 1900  1.5771965E+05  7.6463594E-01  6.0661405E+02  3.5945862E+22  2.5604944E+01  1.0000000E-99  1.0000000E-99
 1901  1.5780271E+05  7.6503859E-01  6.0693349E+02  3.5420775E+22  2.6343516E+01  1.0000000E-99  1.0000000E-99
 1902  1.5788576E+05  7.6544124E-01  6.0725292E+02  3.4887503E+22  2.7124692E+01  1.0000000E-99  1.0000000E-99
 1903  1.5796881E+05  7.6584389E-01  6.0757236E+02  3.4345666E+22  2.7952268E+01  1.0000000E-99  1.0000000E-99
 1904  1.5805187E+05  7.6624654E-01  6.0789179E+02  3.3794850E+22  2.8830503E+01  1.0000000E-99  1.0000000E-99
 1905  1.5813492E+05  7.6664918E-01  6.0821123E+02  3.3234610E+22  2.9764198E+01  1.0000000E-99  1.0000000E-99
 1906  1.5821797E+05  7.6705183E-01  6.0853066E+02  3.2664460E+22  3.0758775E+01  1.0000000E-99  1.0000000E-99
 1907  1.5830103E+05  7.6745448E-01  6.0885010E+02  3.2083873E+22  3.1820391E+01  1.0000000E-99  1.0000000E-99
 1908  1.5838408E+05  7.6785713E-01  6.0916954E+02  3.1492271E+22  3.2956060E+01  1.0000000E-99  1.0000000E-99
 1909  1.5846713E+05  7.6825978E-01  6.0948897E+02  3.0889021E+22  3.4173812E+01  1.0000000E-99  1.0000000E-99
 1910  1.5855019E+05  7.6866243E-01  6.0980841E+02  3.0273427E+22  3.5482879E+01  1.0000000E-99  1.0000000E-99
 1911  1.5863324E+05  7.6906507E-01  6.1012784E+02  2.9644720E+22  3.6893933E+01  1.0000000E-99  1.0000000E-99
 1912  1.5871629E+05  7.6946772E-01  6.1044728E+02  2.9002047E+22  3.8419378E+01  1.0000000E-99  1.0000000E-99
 1913  1.5879935E+05  7.6987037E-01  6.1076671E+02  2.8344458E+22  4.0073712E+01  1.0000000E-99  1.0000000E-99
 1914  1.5888240E+05  7.7027302E-01  6.1108615E+02  2.7670890E+22  4.1873992E+01  1.0000000E-99  1.0000000E-99
 1915  1.5896545E+05  7.7067567E-01  6.1140559E+02  2.6980146E+22  4.3840427E+01  1.0000000E-99  1.0000000E-99
 1916  1.5904851E+05  7.7107831E-01  6.1172502E+02  2.6270872E+22  4.5997135E+01  1.0000000E-99  1.0000000E-99
 1917  1.5913156E+05  7.7148096E-01  6.1204446E+02  2.5541522E+22  4.8373142E+01  1.0000000E-99  1.0000000E-99
 1918  1.5921461E+05  7.7188361E-01  6.1236389E+02  2.4790327E+22  5.1003696E+01  1.0000000E-99  1.0000000E-99
 1919  1.5929767E+05  7.7228626E-01  6.1268333E+02  2.4015235E+22  5.3932026E+01  1.0000000E-99  1.0000000E-99
 1920  1.5938072E+05  7.7268891E-01  6.1300276E+02  2.3213853E+22  5.7211742E+01  1.0000000E-99  1.0000000E-99
 1921  1.5946377E+05  7.7309156E-01  6.1332220E+02  2.2383359E+22  6.0910151E+01  1.0000000E-99  1.0000000E-99
 1922  1.5954683E+05  7.7349420E-01  6.1364164E+02  2.1520380E+22  6.5112925E+01  1.0000000E-99  1.0000000E-99
 1923  1.5962988E+05  7.7389685E-01  6.1396107E+02  2.0620841E+22  6.9930836E+01  1.0000000E-99  1.0000000E-99
 1924  1.5971293E+05  7.7429950E-01  6.1428051E+02  1.9679727E+22  7.5509672E+01  1.0000000E-99  1.0000000E-99
 1925  1.5979599E+05  7.7470215E-01  6.1459994E+02  1.8690759E+22  8.2045271E+01  1.0000000E-99  1.0000000E-99
 1926  1.5987904E+05  7.7510480E-01  6.1491938E+02  1.7645895E+22  8.9807038E+01  1.0000000E-99  1.0000000E-99
 1927  1.5996209E+05  7.7550744E-01  6.1523881E+02  1.6534539E+22  9.9176096E+01  1.0000000E-99  1.0000000E-99
 1928  1.6004515E+05  7.7591009E-01  6.1555825E+02  1.5342250E+22  1.1070997E+02  1.0000000E-99  1.0000000E-99
 1929  1.6012820E+05  7.7631274E-01  6.1587769E+02  1.4048436E+22  1.2525817E+02  1.0000000E-99  1.0000000E-99
 1930  1.6021125E+05  7.7671539E-01  6.1619712E+02  1.2621916E+22  1.4418250E+02  1.0000000E-99  1.0000000E-99
 1931  1.6029430E+05  7.7711804E-01  6.1651656E+02  1.1011232E+22  1.6981307E+02  1.0000000E-99  1.0000000E-99
 1932  1.6037736E+05  7.7752069E-01  6.1683599E+02  9.1193192E+21  2.0649877E+02  1.0000000E-99  1.0000000E-99
 1933  1.6046041E+05  7.7792333E-01  6.1715543E+02  6.7124511E+21  2.6341542E+02  1.0000000E-99  1.0000000E-99
 1934  1.6054346E+05  7.7832598E-01  6.1747486E+02  2.6329237E+21  3.6394257E+02  1.0000000E-99  1.0000000E-99
 1935  1.6062652E+05  7.7872863E-01  6.1779430E+02  2.1507633E-06  5.9187683E+02  1.0000000E-99  1.0000000E-99
 1936  1.6070957E+05  7.7913128E-01  6.1811374E+02  2.1507633E-06  5.9187683E+02  1.0000000E-99  1.0000000E-99
 1937  1.6079262E+05  7.7953393E-01  6.1843317E+02  2.1507633E-06  1.0000000E-99  1.0000000E-99  1.0000000E-99
 1938  1.6087568E+05  7.7993657E-01  6.1875261E+02  2.1507633E-06  1.0000000E-99  1.0000000E-99  1.0000000E-99
 1939  1.6095873E+05  7.8033922E-01  6.1907204E+02  2.1507633E-06  1.0000000E-99  1.0000000E-99  1.0000000E-99
 1940  1.6104178E+05  7.8074187E-01  6.1939148E+02  2.1507633E-06  1.0000000E-99  1.0000000E-99  1.0000000E-99
 1941  1.6112484E+05  7.8114452E-01  6.1971091E+02  2.1507633E-06  1.0000000E-99  1.0000000E-99  1.0000000E-99
 1942  1.6120789E+05  7.8154717E-01  6.2003035E+02  2.1507633E-06  1.0000000E-99  1.0000000E-99  1.0000000E-99
 1943  1.6129094E+05  7.8194982E-01  6.2034979E+02  2.1507633E-06  1.0000000E-99  1.0000000E-99  1.0000000E-99
 1944  1.6137400E+05  7.8235246E-01  6.2066922E+02  2.1507633E-06  1.0000000E-99  1.0000000E-99  1.0000000E-99
 1945  1.6145705E+05  7.8275511E-01  6.2098866E+02  2.1507633E-06  1.0000000E-99  1.0000000E-99  1.0000000E-99
 1946  1.6154010E+05  7.8315776E-01  6.2130809E+02  2.1507633E-06  1.0000000E-99  1.0000000E-99  1.0000000E-99
 1947  1.6162316E+05  7.8356041E-01  6.2162753E+02  2.1507633E-06  1.0000000E-99  1.0000000E-99  1.0000000E-99
 1948  1.6170621E+05  7.8396306E-01  6.2194696E+02  2.1507633E-06  1.0000000E-99  1.0000000E-99  1.0000000E-99
 1949  1.6178926E+05  7.8436570E-01  6.2226640E+02  2.1507633E-06  1.0000000E-99  1.0000000E-99  1.0000000E-99
 1950  1.6187232E+05  7.8476835E-01  6.2258584E+02  2.1507633E-06  1.0000000E-99  1.0000000E-99  1.0000000E-99
 1951  1.6195537E+05  7.8517100E-01  6.2290527E+02  2.1507633E-06  1.0000000E-99  1.0000000E-99  1.0000000E-99
 1952  1.6203842E+05  7.8557365E-01  6.2322471E+02  2.1507633E-06  1.0000000E-99  1.0000000E-99  1.0000000E-99
 1953  1.6212148E+05  7.8597630E-01  6.2354414E+02  2.1507633E-06  1.0000000E-99  1.0000000E-99  1.0000000E-99
 1954  1.6220453E+05  7.8637894E-01  6.2386358E+02  2.1507633E-06  1.0000000E-99  1.0000000E-99  1.0000000E-99
 1955  1.6228758E+05  7.8678159E-01  6.2418301E+02  2.1507633E-06  1.0000000E-99  1.0000000E-99  1.0000000E-99
 1956  1.6237064E+05  7.8718424E-01  6.2450245E+02  2.1507633E-06  1.0000000E-99  1.0000000E-99  1.0000000E-99
 1957  1.6245369E+05  7.8758689E-01  6.2482189E+02  2.1507633E-06  1.0000000E-99  1.0000000E-99  1.0000000E-99
 1958  1.6253674E+05  7.8798954E-01  6.2514132E+02  2.1507633E-06  1.0000000E-99  1.0000000E-99  1.0000000E-99
 1959  1.6261980E+05  7.8839219E-01  6.2546076E+02  2.1507633E-06  1.0000000E-99  1.0000000E-99  1.0000000E-99
 1960  1.6270285E+05  7.8879483E-01  6.2578019E+02  2.1507633E-06  1.0000000E-99  1.0000000E-99  1.0000000E-99
 1961  1.6278590E+05  7.8919748E-01  6.2609963E+02  2.1507633E-06  1.0000000E-99  1.0000000E-99  1.0000000E-99
 1962  1.6286896E+05  7.8960013E-01  6.2641906E+02  2.1507633E-06  1.0000000E-99  1.0000000E-99  1.0000000E-99
 1963  1.6295201E+05  7.9000278E-01  6.2673850E+02  2.1507633E-06  1.0000000E-99  1.0000000E-99  1.0000000E-99
 1964  1.6303506E+05  7.9040543E-01  6.2705794E+02  2.1507633E-06  1.0000000E-99  1.0000000E-99  1.0000000E-99
 1965  1.6311812E+05  7.9080807E-01  6.2737737E+02  2.1507633E-06  1.0000000E-99  1.0000000E-99  1.0000000E-99
 1966  1.6320117E+05  7.9121072E-01  6.2769681E+02  2.1507633E-06  1.0000000E-99  1.0000000E-99  1.0000000E-99
 1967  1.6328422E+05  7.9161337E-01  6.2801624E+02  2.1507633E-06  1.0000000E-99  1.0000000E-99  1.0000000E-99
 1968  1.6336728E+05  7.9201602E-01  6.2833568E+02  2.1507633E-06  1.0000000E-99  1.0000000E-99  1.0000000E-99
 1969  1.6345033E+05  7.9241867E-01  6.2865511E+02  2.1507633E-06  1.0000000E-99  1.0000000E-99  1.0000000E-99
 1970  1.6353338E+05  7.9282132E-01  6.2897455E+02  2.1507633E-06  1.0000000E-99  1.0000000E-99  1.0000000E-99
 1971  1.6361644E+05  7.9322396E-01  6.2929399E+02  2.1507633E-06  1.0000000E-99  1.0000000E-99  1.0000000E-99
 1972  1.6369949E+05  7.9362661E-01  6.2961342E+02  2.1507633E-06  1.0000000E-99  1.0000000E-99  1.0000000E-99
 1973  1.6378254E+05  7.9402926E-01  6.2993286E+02  2.1507633E-06  1.0000000E-99  1.0000000E-99  1.0000000E-99
 1974  1.6386560E+05  7.9443191E-01  6.3025229E+02  2.1507633E-06  1.0000000E-99  1.0000000E-99  1.0000000E-99
 1975  1.6394865E+05  7.9483456E-01  6.3057173E+02  2.1507633E-06  1.0000000E-99  1.0000000E-99  1.0000000E-99
 1976  1.6403170E+05  7.9523720E-01  6.3089116E+02  2.1507633E-06  1.0000000E-99  1.0000000E-99  1.0000000E-99
 1977  1.6411476E+05  7.9563985E-01  6.3121060E+02  2.1507633E-06  1.0000000E-99  1.0000000E-99  1.0000000E-99
 1978  1.6419781E+05  7.9604250E-01  6.3153004E+02  2.1507633E-06  1.0000000E-99  1.0000000E-99  1.0000000E-99
 1979  1.6428086E+05  7.9644515E-01  6.3184947E+02  2.1507633E-06  1.0000000E-99  1.0000000E-99  1.0000000E-99
 1980  1.6436392E+05  7.9684780E-01  6.3216891E+02  2.1507633E-06  1.0000000E-99  1.0000000E-99  1.0000000E-99
 1981  1.6444697E+05  7.9725045E-01  6.3248834E+02  2.1507633E-06  1.0000000E-99  1.0000000E-99  1.0000000E-99
 1982  1.6453002E+05  7.9765309E-01  6.3280778E+02  2.1507633E-06  1.0000000E-99  1.0000000E-99  1.0000000E-99
 1983  1.6461308E+05  7.9805574E-01  6.3312721E+02  2.1507633E-06  1.0000000E-99  1.0000000E-99  1.0000000E-99
 1984  1.6469613E+05  7.9845839E-01  6.3344665E+02  2.1507633E-06  1.0000000E-99  1.0000000E-99  1.0000000E-99
 1985  1.6477918E+05  7.9886104E-01  6.3376609E+02  2.1507633E-06  1.0000000E-99  1.0000000E-99  1.0000000E-99
 1986  1.6486224E+05  7.9926369E-01  6.3408552E+02  2.1507633E-06  1.0000000E-99  1.0000000E-99  1.0000000E-99
 1987  1.6494529E+05  7.9966633E-01  6.3440496E+02  2.1507633E-06  1.0000000E-99  1.0000000E-99  1.0000000E-99
 1988  1.6502834E+05  8.0006898E-01  6.3472439E+02  2.1507633E-06  1.0000000E-99  1.0000000E-99  1.0000000E-99
 1989  1.6511140E+05  8.0047163E-01  6.3504383E+02  2.1507633E-06  1.0000000E-99  1.0000000E-99  1.0000000E-99
 1990  1.6519445E+05  8.0087428E-01  6.3536326E+02  2.1507633E-06  1.0000000E-99  1.0000000E-99  1.0000000E-99
 1991  1.6527750E+05  8.0127693E-01  6.3568270E+02  2.1507633E-06  1.0000000E-99  1.0000000E-99  1.0000000E-99
 1992  1.6536056E+05  8.0167957E-01  6.3600214E+02  2.1507633E-06  1.0000000E-99  1.0000000E-99  1.0000000E-99
 1993  1.6544361E+05  8.0208222E-01  6.3632157E+02  2.1507633E-06  1.0000000E-99  1.0000000E-99  1.0000000E-99
 1994  1.6552666E+05  8.0248487E-01  6.3664101E+02  2.1507633E-06  1.0000000E-99  1.0000000E-99  1.0000000E-99
 1995  1.6560972E+05  8.0288752E-01  6.3696044E+02  2.1507633E-06  1.0000000E-99  1.0000000E-99  1.0000000E-99
 1996  1.6569277E+05  8.0329017E-01  6.3727988E+02  2.1507633E-06  1.0000000E-99  1.0000000E-99  1.0000000E-99
 1997  1.6577582E+05  8.0369282E-01  6.3759931E+02  2.1507633E-06  1.0000000E-99  1.0000000E-99  1.0000000E-99
 1998  1.6585888E+05  8.0409546E-01  6.3791875E+02  2.1507633E-06  1.0000000E-99  1.0000000E-99  1.0000000E-99
 1999  1.6594193E+05  8.0449811E-01  6.3823819E+02  2.1507633E-06  1.0000000E-99  1.0000000E-99  1.0000000E-99
 2000  1.6602498E+05  8.0490076E-01  6.3855762E+02  2.1507633E-06  1.0000000E-99  1.0000000E-99  1.0000000E-99
 2001  1.6610803E+05  8.0530341E-01  6.3887706E+02  2.1507633E-06  1.0000000E-99  1.0000000E-99  1.0000000E-99
 2002  1.6619109E+05  8.0570606E-01  6.3919649E+02  2.1507633E-06  1.0000000E-99  1.0000000E-99  1.0000000E-99
 2003  1.6627414E+05  8.0610870E-01  6.3951593E+02  2.1507633E-06  1.0000000E-99  1.0000000E-99  1.0000000E-99
 2004  1.6635719E+05  8.0651135E-01  6.3983536E+02  2.1507633E-06  1.0000000E-99  1.0000000E-99  1.0000000E-99
 2005  1.6644025E+05  8.0691400E-01  6.4015480E+02  2.1507633E-06  1.0000000E-99  1.0000000E-99  1.0000000E-99
 2006  1.6652330E+05  8.0731665E-01  6.4047424E+02  2.1507633E-06  1.0000000E-99  1.0000000E-99  1.0000000E-99
 2007  1.6660635E+05  8.0771930E-01  6.4079367E+02  2.1507633E-06  1.0000000E-99  1.0000000E-99  1.0000000E-99
 2008  1.6668941E+05  8.0812195E-01  6.4111311E+02  2.1507633E-06  1.0000000E-99  1.0000000E-99  1.0000000E-99
 2009  1.6677246E+05  8.0852459E-01  6.4143254E+02  2.1507633E-06  1.0000000E-99  1.0000000E-99  1.0000000E-99
 2010  1.6685551E+05  8.0892724E-01  6.4175198E+02  2.1507633E-06  1.0000000E-99  1.0000000E-99  1.0000000E-99
 2011  1.6693857E+05  8.0932989E-01  6.4207141E+02  2.1507633E-06  1.0000000E-99  1.0000000E-99  1.0000000E-99
 2012  1.6702162E+05  8.0973254E-01  6.4239085E+02  2.1507633E-06  1.0000000E-99  1.0000000E-99  1.0000000E-99
 2013  1.6710467E+05  8.1013519E-01  6.4271029E+02  2.1507633E-06  1.0000000E-99  1.0000000E-99  1.0000000E-99
 2014  1.6718773E+05  8.1053783E-01  6.4302972E+02  2.1507633E-06  1.0000000E-99  1.0000000E-99  1.0000000E-99
 2015  1.6727078E+05  8.1094048E-01  6.4334916E+02  2.1507633E-06  1.0000000E-99  1.0000000E-99  1.0000000E-99
 2016  1.6735383E+05  8.1134313E-01  6.4366859E+02  2.1507633E-06  1.0000000E-99  1.0000000E-99  1.0000000E-99
 2017  1.6743689E+05  8.1174578E-01  6.4398803E+02  2.1507633E-06  1.0000000E-99  1.0000000E-99  1.0000000E-99
 2018  1.6751994E+05  8.1214843E-01  6.4430746E+02  2.1507633E-06  1.0000000E-99  1.0000000E-99  1.0000000E-99
 2019  1.6760299E+05  8.1255108E-01  6.4462690E+02  2.1507633E-06  1.0000000E-99  1.0000000E-99  1.0000000E-99
 2020  1.6768605E+05  8.1295372E-01  6.4494634E+02  2.1507633E-06  1.0000000E-99  1.0000000E-99  1.0000000E-99
 2021  1.6776910E+05  8.1335637E-01  6.4526577E+02  2.1507633E-06  1.0000000E-99  1.0000000E-99  1.0000000E-99
 2022  1.6785215E+05  8.1375902E-01  6.4558521E+02  2.1507633E-06  1.0000000E-99  1.0000000E-99  1.0000000E-99
 2023  1.6793521E+05  8.1416167E-01  6.4590464E+02  2.1507633E-06  1.0000000E-99  1.0000000E-99  1.0000000E-99
 2024  1.6801826E+05  8.1456432E-01  6.4622408E+02  2.1507633E-06  1.0000000E-99  1.0000000E-99  1.0000000E-99
 2025  1.6810131E+05  8.1496696E-01  6.4654351E+02  2.1507633E-06  1.0000000E-99  1.0000000E-99  1.0000000E-99
 2026  1.6818437E+05  8.1536961E-01  6.4686295E+02  2.1507633E-06  1.0000000E-99  1.0000000E-99  1.0000000E-99
 2027  1.6826742E+05  8.1577226E-01  6.4718239E+02  2.1507633E-06  1.0000000E-99  1.0000000E-99  1.0000000E-99
 2028  1.6835047E+05  8.1617491E-01  6.4750182E+02  2.1507633E-06  1.0000000E-99  1.0000000E-99  1.0000000E-99
 2029  1.6843353E+05  8.1657756E-01  6.4782126E+02  2.1507633E-06  1.0000000E-99  1.0000000E-99  1.0000000E-99
 2030  1.6851658E+05  8.1698020E-01  6.4814069E+02  2.1507633E-06  1.0000000E-99  1.0000000E-99  1.0000000E-99
 2031  1.6859963E+05  8.1738285E-01  6.4846013E+02  2.1507633E-06  1.0000000E-99  1.0000000E-99  1.0000000E-99
 2032  1.6868269E+05  8.1778550E-01  6.4877956E+02  2.1507633E-06  1.0000000E-99  1.0000000E-99  1.0000000E-99
 2033  1.6876574E+05  8.1818815E-01  6.4909900E+02  2.1507633E-06  1.0000000E-99  1.0000000E-99  1.0000000E-99
 2034  1.6884879E+05  8.1859080E-01  6.4941844E+02  2.1507633E-06  1.0000000E-99  1.0000000E-99  1.0000000E-99
 2035  1.6893185E+05  8.1899345E-01  6.4973787E+02  2.1507633E-06  1.0000000E-99  1.0000000E-99  1.0000000E-99
 2036  1.6901490E+05  8.1939609E-01  6.5005731E+02  2.1507633E-06  1.0000000E-99  1.0000000E-99  1.0000000E-99
 2037  1.6909795E+05  8.1979874E-01  6.5037674E+02  2.1507633E-06  1.0000000E-99  1.0000000E-99  1.0000000E-99
 2038  1.6918101E+05  8.2020139E-01  6.5069618E+02  2.1507633E-06  1.0000000E-99  1.0000000E-99  1.0000000E-99
 2039  1.6926406E+05  8.2060404E-01  6.5101561E+02  2.1507633E-06  1.0000000E-99  1.0000000E-99  1.0000000E-99
 2040  1.6934711E+05  8.2100669E-01  6.5133505E+02  2.1507633E-06  1.0000000E-99  1.0000000E-99  1.0000000E-99
 2041  1.6943017E+05  8.2140933E-01  6.5165449E+02  2.1507633E-06  1.0000000E-99  1.0000000E-99  1.0000000E-99
 2042  1.6951322E+05  8.2181198E-01  6.5197392E+02  2.1507633E-06  1.0000000E-99  1.0000000E-99  1.0000000E-99
 2043  1.6959627E+05  8.2221463E-01  6.5229336E+02  2.1507633E-06  1.0000000E-99  1.0000000E-99  1.0000000E-99
 2044  1.6967933E+05  8.2261728E-01  6.5261279E+02  2.1507633E-06  1.0000000E-99  1.0000000E-99  1.0000000E-99
 2045  1.6976238E+05  8.2301993E-01  6.5293223E+02  2.1507633E-06  1.0000000E-99  1.0000000E-99  1.0000000E-99
 2046  1.6984543E+05  8.2342258E-01  6.5325166E+02  2.1507633E-06  1.0000000E-99  1.0000000E-99  1.0000000E-99
 2047  1.6992849E+05  8.2382522E-01  6.5357110E+02  2.1507633E-06  1.0000000E-99  1.0000000E-99  1.0000000E-99
 2048  1.7001154E+05  8.2422787E-01  6.5389054E+02  2.1507633E-06  1.0000000E-99  1.0000000E-99  1.0000000E-99
 2049  1.7009459E+05  8.2463052E-01  6.5420997E+02  2.1507633E-06  1.0000000E-99  1.0000000E-99  1.0000000E-99
 2050  1.7017765E+05  8.2503317E-01  6.5452941E+02  2.1507633E-06  1.0000000E-99  1.0000000E-99  1.0000000E-99
 2051  1.7026070E+05  8.2543582E-01  6.5484884E+02  2.1507633E-06  1.0000000E-99  1.0000000E-99  1.0000000E-99
 2052  1.7034375E+05  8.2583846E-01  6.5516828E+02  2.1507633E-06  1.0000000E-99  1.0000000E-99  1.0000000E-99
 2053  1.7042681E+05  8.2624111E-01  6.5548771E+02  2.1507633E-06  1.0000000E-99  1.0000000E-99  1.0000000E-99
 2054  1.7050986E+05  8.2664376E-01  6.5580715E+02  2.1507633E-06  1.0000000E-99  1.0000000E-99  1.0000000E-99
 2055  1.7059291E+05  8.2704641E-01  6.5612659E+02  2.1507633E-06  1.0000000E-99  1.0000000E-99  1.0000000E-99
 2056  1.7067597E+05  8.2744906E-01  6.5644602E+02  2.1507633E-06  1.0000000E-99  1.0000000E-99  1.0000000E-99
 2057  1.7075902E+05  8.2785171E-01  6.5676546E+02  2.1507633E-06  1.0000000E-99  1.0000000E-99  1.0000000E-99
 2058  1.7084207E+05  8.2825435E-01  6.5708489E+02  2.1507633E-06  1.0000000E-99  1.0000000E-99  1.0000000E-99
 2059  1.7092513E+05  8.2865700E-01  6.5740433E+02  2.1507633E-06  1.0000000E-99  1.0000000E-99  1.0000000E-99
 2060  1.7100818E+05  8.2905965E-01  6.5772376E+02  2.1507633E-06  1.0000000E-99  1.0000000E-99  1.0000000E-99
 2061  1.7109123E+05  8.2946230E-01  6.5804320E+02  2.1507633E-06  1.0000000E-99  1.0000000E-99  1.0000000E-99
 2062  1.7117429E+05  8.2986495E-01  6.5836264E+02  2.1507633E-06  1.0000000E-99  1.0000000E-99  1.0000000E-99
 2063  1.7125734E+05  8.3026759E-01  6.5868207E+02  2.1507633E-06  1.0000000E-99  1.0000000E-99  1.0000000E-99
 2064  1.7134039E+05  8.3067024E-01  6.5900151E+02  2.1507633E-06  1.0000000E-99  1.0000000E-99  1.0000000E-99
 2065  1.7142345E+05  8.3107289E-01  6.5932094E+02  2.1507633E-06  1.0000000E-99  1.0000000E-99  1.0000000E-99
 2066  1.7150650E+05  8.3147554E-01  6.5964038E+02  2.1507633E-06  1.0000000E-99  1.0000000E-99  1.0000000E-99
 2067  1.7158955E+05  8.3187819E-01  6.5995981E+02  2.1507633E-06  1.0000000E-99  1.0000000E-99  1.0000000E-99
 2068  1.7167261E+05  8.3228084E-01  6.6027925E+02  2.1507633E-06  1.0000000E-99  1.0000000E-99  1.0000000E-99
 2069  1.7175566E+05  8.3268348E-01  6.6059869E+02  2.1507633E-06  1.0000000E-99  1.0000000E-99  1.0000000E-99
 2070  1.7183871E+05  8.3308613E-01  6.6091812E+02  2.1507633E-06  1.0000000E-99  1.0000000E-99  1.0000000E-99
 2071  1.7192176E+05  8.3348878E-01  6.6123756E+02  2.1507633E-06  1.0000000E-99  1.0000000E-99  1.0000000E-99
 2072  1.7200482E+05  8.3389143E-01  6.6155699E+02  2.1507633E-06  1.0000000E-99  1.0000000E-99  1.0000000E-99
 2073  1.7208787E+05  8.3429408E-01  6.6187643E+02  2.1507633E-06  1.0000000E-99  1.0000000E-99  1.0000000E-99
 2074  1.7217092E+05  8.3469672E-01  6.6219586E+02  2.1507633E-06  1.0000000E-99  1.0000000E-99  1.0000000E-99
 2075  1.7225398E+05  8.3509937E-01  6.6251530E+02  2.1507633E-06  1.0000000E-99  1.0000000E-99  1.0000000E-99
 2076  1.7233703E+05  8.3550202E-01  6.6283474E+02  2.1507633E-06  1.0000000E-99  1.0000000E-99  1.0000000E-99
 2077  1.7242008E+05  8.3590467E-01  6.6315417E+02  2.1507633E-06  1.0000000E-99  1.0000000E-99  1.0000000E-99
 2078  1.7250314E+05  8.3630732E-01  6.6347361E+02  2.1507633E-06  1.0000000E-99  1.0000000E-99  1.0000000E-99
 2079  1.7258619E+05  8.3670996E-01  6.6379304E+02  2.1507633E-06  1.0000000E-99  1.0000000E-99  1.0000000E-99
 2080  1.7266924E+05  8.3711261E-01  6.6411248E+02  2.1507633E-06  1.0000000E-99  1.0000000E-99  1.0000000E-99
 2081  1.7275230E+05  8.3751526E-01  6.6443191E+02  2.1507633E-06  1.0000000E-99  1.0000000E-99  1.0000000E-99
 2082  1.7283535E+05  8.3791791E-01  6.6475135E+02  2.1507633E-06  1.0000000E-99  1.0000000E-99  1.0000000E-99
 2083  1.7291840E+05  8.3832056E-01  6.6507079E+02  2.1507633E-06  1.0000000E-99  1.0000000E-99  1.0000000E-99
 2084  1.7300146E+05  8.3872321E-01  6.6539022E+02  2.1507633E-06  1.0000000E-99  1.0000000E-99  1.0000000E-99
 2085  1.7308451E+05  8.3912585E-01  6.6570966E+02  2.1507633E-06  1.0000000E-99  1.0000000E-99  1.0000000E-99
 2086  1.7316756E+05  8.3952850E-01  6.6602909E+02  2.1507633E-06  1.0000000E-99  1.0000000E-99  1.0000000E-99
 2087  1.7325062E+05  8.3993115E-01  6.6634853E+02  2.1507633E-06  1.0000000E-99  1.0000000E-99  1.0000000E-99
 2088  1.7333367E+05  8.4033380E-01  6.6666796E+02  2.1507633E-06  1.0000000E-99  1.0000000E-99  1.0000000E-99
 2089  1.7341672E+05  8.4073645E-01  6.6698740E+02  2.1507633E-06  1.0000000E-99  1.0000000E-99  1.0000000E-99
 2090  1.7349978E+05  8.4113909E-01  6.6730684E+02  2.1507633E-06  1.0000000E-99  1.0000000E-99  1.0000000E-99
 2091  1.7358283E+05  8.4154174E-01  6.6762627E+02  2.1507633E-06  1.0000000E-99  1.0000000E-99  1.0000000E-99
 2092  1.7366588E+05  8.4194439E-01  6.6794571E+02  2.1507633E-06  1.0000000E-99  1.0000000E-99  1.0000000E-99
 2093  1.7374894E+05  8.4234704E-01  6.6826514E+02  2.1507633E-06  1.0000000E-99  1.0000000E-99  1.0000000E-99
 2094  1.7383199E+05  8.4274969E-01  6.6858458E+02  2.1507633E-06  1.0000000E-99  1.0000000E-99  1.0000000E-99
 2095  1.7391504E+05  8.4315234E-01  6.6890401E+02  2.1507633E-06  1.0000000E-99  1.0000000E-99  1.0000000E-99
 2096  1.7399810E+05  8.4355498E-01  6.6922345E+02  2.1507633E-06  1.0000000E-99  1.0000000E-99  1.0000000E-99
 2097  1.7408115E+05  8.4395763E-01  6.6954289E+02  2.1507633E-06  1.0000000E-99  1.0000000E-99  1.0000000E-99
 2098  1.7416420E+05  8.4436028E-01  6.6986232E+02  2.1507633E-06  1.0000000E-99  1.0000000E-99  1.0000000E-99
 2099  1.7424726E+05  8.4476293E-01  6.7018176E+02  2.1507633E-06  1.0000000E-99  1.0000000E-99  1.0000000E-99
 2100  1.7433031E+05  8.4516558E-01  6.7050119E+02  2.1507633E-06  1.0000000E-99  1.0000000E-99  1.0000000E-99
 2101  1.7441336E+05  8.4556822E-01  6.7082063E+02  2.1507633E-06  1.0000000E-99  1.0000000E-99  1.0000000E-99
 2102  1.7449642E+05  8.4597087E-01  6.7114006E+02  2.1507633E-06  1.0000000E-99  1.0000000E-99  1.0000000E-99
 2103  1.7457947E+05  8.4637352E-01  6.7145950E+02  2.1507633E-06  1.0000000E-99  1.0000000E-99  1.0000000E-99
 2104  1.7466252E+05  8.4677617E-01  6.7177894E+02  2.1507633E-06  1.0000000E-99  1.0000000E-99  1.0000000E-99
 2105  1.7474558E+05  8.4717882E-01  6.7209837E+02  2.1507633E-06  1.0000000E-99  1.0000000E-99  1.0000000E-99
 2106  1.7482863E+05  8.4758147E-01  6.7241781E+02  2.1507633E-06  1.0000000E-99  1.0000000E-99  1.0000000E-99
 2107  1.7491168E+05  8.4798411E-01  6.7273724E+02  2.1507633E-06  1.0000000E-99  1.0000000E-99  1.0000000E-99
 2108  1.7499474E+05  8.4838676E-01  6.7305668E+02  2.1507633E-06  1.0000000E-99  1.0000000E-99  1.0000000E-99
 2109  1.7507779E+05  8.4878941E-01  6.7337611E+02  2.1507633E-06  1.0000000E-99  1.0000000E-99  1.0000000E-99
 2110  1.7516084E+05  8.4919206E-01  6.7369555E+02  2.1507633E-06  1.0000000E-99  1.0000000E-99  1.0000000E-99
 2111  1.7524390E+05  8.4959471E-01  6.7401499E+02  2.1507633E-06  1.0000000E-99  1.0000000E-99  1.0000000E-99
 2112  1.7532695E+05  8.4999735E-01  6.7433442E+02  2.1507633E-06  1.0000000E-99  1.0000000E-99  1.0000000E-99
 2113  1.7541000E+05  8.5040000E-01  6.7465386E+02  2.1507633E-06  1.0000000E-99  1.0000000E-99  1.0000000E-99
 2114  1.7549306E+05  8.5080265E-01  6.7497329E+02  2.1507633E-06  1.0000000E-99  1.0000000E-99  1.0000000E-99
 2115  1.7557611E+05  8.5120530E-01  6.7529273E+02  2.1507633E-06  1.0000000E-99  1.0000000E-99  1.0000000E-99
 2116  1.7565916E+05  8.5160795E-01  6.7561216E+02  2.1507633E-06  1.0000000E-99  1.0000000E-99  1.0000000E-99
 2117  1.7574222E+05  8.5201059E-01  6.7593160E+02  2.1507633E-06  1.0000000E-99  1.0000000E-99  1.0000000E-99
 2118  1.7582527E+05  8.5241324E-01  6.7625104E+02  2.1507633E-06  1.0000000E-99  1.0000000E-99  1.0000000E-99
 2119  1.7590832E+05  8.5281589E-01  6.7657047E+02  2.1507633E-06  1.0000000E-99  1.0000000E-99  1.0000000E-99
 2120  1.7599138E+05  8.5321854E-01  6.7688991E+02  2.1507633E-06  1.0000000E-99  1.0000000E-99  1.0000000E-99
 2121  1.7607443E+05  8.5362119E-01  6.7720934E+02  2.1507633E-06  1.0000000E-99  1.0000000E-99  1.0000000E-99
 2122  1.7615748E+05  8.5402384E-01  6.7752878E+02  2.1507633E-06  1.0000000E-99  1.0000000E-99  1.0000000E-99
 2123  1.7624054E+05  8.5442648E-01  6.7784821E+02  2.1507633E-06  1.0000000E-99  1.0000000E-99  1.0000000E-99
 2124  1.7632359E+05  8.5482913E-01  6.7816765E+02  2.1507633E-06  1.0000000E-99  1.0000000E-99  1.0000000E-99
 2125  1.7640664E+05  8.5523178E-01  6.7848709E+02  2.1507633E-06  1.0000000E-99  1.0000000E-99  1.0000000E-99
 2126  1.7648970E+05  8.5563443E-01  6.7880652E+02  2.1507633E-06  1.0000000E-99  1.0000000E-99  1.0000000E-99
