# recovery quantities vs truncation radius
#   generated by tabulate_recovery.py
#   frac is normalised to 1 at r = R_conv (full footprint)
#   peak_over_rim is the model counterpart of an observed peak/noise
#   reliable = 1 where frac >= 0.20
#   absorp = 1 where the central pixel is negative (absorption
#            against a warmer background; expected at 70/100 um for
#            cold cores, and a flag for the depression models).
#            Such rows carry no frac: the profile is not a
#            declining positive source and truncation is undefined.
#    i   j   k  band      SD_emb      r_as   r_Rconv        peak       I_rim    peak_rim      frac  fwhm_rec     cfoot   cpeakmean  rel absorp
     4   1   1    SD  3.3900e+22     12.05    0.5022  2.2143e+21  1.0951e+20  2.0220e+01    0.7479     13.58    1.7747      2.2803    1      0
     4   1   1    SD  3.3900e+22     12.27    0.5111  2.2143e+21  1.0951e+20  2.0220e+01    0.7479     13.58    1.8064      2.2803    1      0
     4   1   1    SD  3.3900e+22     13.39    0.5578  2.2143e+21  1.0951e+20  2.0220e+01    0.7867     13.58    1.9714      2.6987    1      0
     4   1   1    SD  3.3900e+22     14.26    0.5942  2.2143e+21  1.0951e+20  2.0220e+01    0.8018     13.58    2.1000      2.9951    1      0
     4   1   1    SD  3.3900e+22     14.64    0.6100  2.2143e+21  1.0951e+20  2.0220e+01    0.8018     13.58    2.1556      2.9951    1      0
     4   1   1    SD  3.3900e+22     15.62    0.6508  2.2143e+21  3.2937e+19  6.7230e+01    0.9183     14.02    2.2285      3.4956    1      0
     4   1   1    SD  3.3900e+22     16.52    0.6884  2.2143e+21  3.2937e+19  6.7230e+01    0.9246     14.02    2.3572      3.7841    1      0
     4   1   1    SD  3.3900e+22     17.42    0.7260  2.2143e+21  3.2937e+19  6.7230e+01    0.9261     14.02    2.4857      3.9336    1      0
     4   1   1    SD  3.3900e+22     18.51    0.7714  2.2143e+21  7.5368e+18  2.9380e+02    0.9785     14.16    2.6143      4.5121    1      0
     4   1   1    SD  3.3900e+22     19.42    0.8093  2.2143e+21  7.5368e+18  2.9380e+02    0.9821     14.16    2.7429      5.0900    1      0
     4   1   1    SD  3.3900e+22     20.33    0.8472  2.2143e+21  7.5368e+18  2.9380e+02    0.9828     14.16    2.8714      5.3836    1      0
     4   1   1    SD  3.3900e+22     21.30    0.8873  2.2143e+21  1.5074e+18  1.4690e+03    0.9988     14.20    3.0000      5.8980    1      0
     4   1   1    SD  3.3900e+22     24.00    1.0000  2.2143e+21  1.5074e+18  1.4690e+03    1.0000     14.20    3.3809      7.0617    1      0
     4   1   1   160  3.3900e+22      9.30    0.3446  1.2177e-02  3.1935e-03  3.8130e+00    0.3552     14.37    1.2953      1.5873    1      0
     4   1   1   160  3.3900e+22     10.10    0.3742  1.2177e-02  3.1935e-03  3.8130e+00    0.3983     14.37    1.4066      1.8058    1      0
     4   1   1   160  3.3900e+22     11.09    0.4108  1.2177e-02  3.1935e-03  3.8130e+00    0.4189     14.37    1.5441      2.0887    1      0
     4   1   1   160  3.3900e+22     12.32    0.4564  1.2177e-02  1.2557e-03  9.6968e+00    0.6256     16.54    1.4903      1.8513    1      0
     4   1   1   160  3.3900e+22     13.90    0.5148  1.2177e-02  1.2557e-03  9.6968e+00    0.6877     16.54    1.6809      2.3714    1      0
     4   1   1   160  3.3900e+22     14.18    0.5250  1.2177e-02  1.2557e-03  9.6968e+00    0.6877     16.54    1.7142      2.3714    1      0
     4   1   1   160  3.3900e+22     16.09    0.5957  1.2177e-02  4.3690e-04  2.7870e+01    0.8505     17.46    1.8428      2.6587    1      0
     4   1   1   160  3.3900e+22     16.26    0.6023  1.2177e-02  4.3690e-04  2.7870e+01    0.8596     17.46    1.8630      2.8671    1      0
     4   1   1   160  3.3900e+22     17.21    0.6373  1.2177e-02  4.3690e-04  2.7870e+01    0.8619     17.46    1.9715      2.9773    1      0
     4   1   1   160  3.3900e+22     18.71    0.6929  1.2177e-02  1.1508e-04  1.0581e+02    0.9487     17.82    2.1000      3.3291    1      0
     4   1   1   160  3.3900e+22     19.85    0.7353  1.2177e-02  1.1508e-04  1.0581e+02    0.9550     17.82    2.2286      3.7447    1      0
     4   1   1   160  3.3900e+22     21.12    0.7821  1.2177e-02  2.5714e-05  4.7354e+02    0.9851     17.92    2.3572      3.9776    1      0
     4   1   1   160  3.3900e+22     22.27    0.8248  1.2177e-02  2.5714e-05  4.7354e+02    0.9892     17.92    2.4858      4.7052    1      0
     4   1   1   160  3.3900e+22     23.42    0.8674  1.2177e-02  2.5714e-05  4.7354e+02    0.9896     17.92    2.6142      4.9161    1      0
     4   1   1   160  3.3900e+22     24.61    0.9114  1.2177e-02  3.9239e-06  3.1032e+03    0.9996     17.94    2.7429      5.6135    1      0
     4   1   1   160  3.3900e+22     25.76    0.9541  1.2177e-02  3.9239e-06  3.1032e+03    0.9999     17.94    2.8714      6.1386    1      0
     4   1   1   160  3.3900e+22     26.91    0.9968  1.2177e-02  3.9239e-06  3.1032e+03    1.0000     17.94    3.0000      6.5596    1      0
     4   1   1   160  3.3900e+22     27.00    1.0000  1.2177e-02  3.9239e-06  3.1032e+03    1.0000     17.94    3.0096      6.5596    1      0
     4   1   1   250  3.3900e+22     19.01    0.5760  1.2055e+00  4.1971e-02  2.8723e+01    0.8430     18.55    2.0494      3.1862    1      0
     4   1   1   250  3.3900e+22     19.48    0.5902  1.2055e+00  4.1971e-02  2.8723e+01    0.8478     18.55    2.1000      3.3647    1      0
     4   1   1   250  3.3900e+22     20.74    0.6285  1.2055e+00  4.1971e-02  2.8723e+01    0.8500     18.55    2.2364      3.5520    1      0
     4   1   1   250  3.3900e+22     22.22    0.6734  1.2055e+00  1.6204e-02  7.4396e+01    0.9294     18.85    2.3572      4.0532    1      0
     4   1   1   250  3.3900e+22     23.43    0.7101  1.2055e+00  1.6204e-02  7.4396e+01    0.9310     18.85    2.4857      4.4122    1      0
     4   1   1   250  3.3900e+22     24.82    0.7521  1.2055e+00  4.9731e-03  2.4241e+02    0.9743     18.99    2.6143      4.8730    1      0
     4   1   1   250  3.3900e+22     26.04    0.7891  1.2055e+00  4.9731e-03  2.4241e+02    0.9756     18.99    2.7429      5.3072    1      0
     4   1   1   250  3.3900e+22     27.33    0.8281  1.2055e+00  1.2096e-03  9.9662e+02    0.9932     19.03    2.8715      5.6636    1      0
     4   1   1   250  3.3900e+22     28.55    0.8651  1.2055e+00  1.2096e-03  9.9662e+02    0.9944     19.03    3.0000      6.3503    1      0
     4   1   1   250  3.3900e+22     33.00    1.0000  1.2055e+00  3.1838e-04  3.7865e+03    1.0000     19.04    3.4658      8.1308    1      0
     4   1   1   350  3.3900e+22     31.04    0.7391  1.0959e+00  1.0683e-02  1.0258e+02    0.9483     24.98    2.4857      4.3263    1      0
     4   1   1   350  3.3900e+22     32.65    0.7774  1.0959e+00  1.0683e-02  1.0258e+02    0.9497     24.98    2.6143      4.7253    1      0
     4   1   1   350  3.3900e+22     34.40    0.8190  1.0959e+00  4.5520e-03  2.4075e+02    0.9775     25.08    2.7429      5.2109    1      0
     4   1   1   350  3.3900e+22     36.07    0.8589  1.0959e+00  1.7975e-03  6.0968e+02    0.9912     25.13    2.8714      5.3964    1      0
     4   1   1   350  3.3900e+22     37.69    0.8974  1.0959e+00  1.7975e-03  6.0968e+02    0.9925     25.13    3.0000      6.0738    1      0
     4   1   1   350  3.3900e+22     42.00    1.0000  1.0959e+00  6.2657e-04  1.7490e+03    1.0000     25.15    3.3405      7.4434    1      0
     4   1   2    SD  3.3900e+22     12.62    0.4673  2.6472e+21  1.9061e+20  1.3888e+01    0.7085     14.47    1.7434      2.3750    1      0
     4   1   2    SD  3.3900e+22     13.13    0.4864  2.6472e+21  1.9061e+20  1.3888e+01    0.7205     14.47    1.8149      2.4994    1      0
     4   1   2    SD  3.3900e+22     14.27    0.5284  2.6472e+21  1.9061e+20  1.3888e+01    0.7368     14.47    1.9714      2.7644    1      0
     4   1   2    SD  3.3900e+22     15.63    0.5788  2.6472e+21  6.6134e+19  4.0028e+01    0.8743     15.09    2.0717      3.1571    1      0
     4   1   2    SD  3.3900e+22     15.84    0.5867  2.6472e+21  6.6134e+19  4.0028e+01    0.8743     15.09    2.1000      3.1571    1      0
     4   1   2    SD  3.3900e+22     16.81    0.6226  2.6472e+21  6.6134e+19  4.0028e+01    0.8819     15.09    2.2286      3.4114    1      0
     4   1   2    SD  3.3900e+22     17.78    0.6585  2.6472e+21  6.6134e+19  4.0028e+01    0.8859     15.09    2.3572      3.8162    1      0
     4   1   2    SD  3.3900e+22     19.05    0.7054  2.6472e+21  1.7785e+19  1.4885e+02    0.9591     15.32    2.4857      4.2497    1      0
     4   1   2    SD  3.3900e+22     20.03    0.7419  2.6472e+21  1.7785e+19  1.4885e+02    0.9615     15.32    2.6143      4.5021    1      0
     4   1   2    SD  3.3900e+22     21.11    0.7817  2.6472e+21  4.2103e+18  6.2874e+02    0.9868     15.39    2.7428      4.7952    1      0
     4   1   2    SD  3.3900e+22     22.10    0.8184  2.6472e+21  4.2103e+18  6.2874e+02    0.9904     15.39    2.8715      5.6761    1      0
     4   1   2    SD  3.3900e+22     23.09    0.8550  2.6472e+21  4.2103e+18  6.2874e+02    0.9907     15.39    3.0000      5.9309    1      0
     4   1   2    SD  3.3900e+22     27.00    1.0000  2.6472e+21  6.9994e+17  3.7820e+03    1.0000     15.41    3.5047      7.9186    1      0
     4   1   2   160  3.3900e+22      9.83    0.3641  5.7918e-02  1.3612e-02  4.2549e+00    0.4154     13.51    1.4558      1.9298    1      0
     4   1   2   160  3.3900e+22     10.34    0.3830  5.7918e-02  1.3612e-02  4.2549e+00    0.4154     13.51    1.5312      1.9298    1      0
     4   1   2   160  3.3900e+22     10.85    0.4018  5.7918e-02  1.3612e-02  4.2549e+00    0.4350     13.51    1.6063      2.2410    1      0
     4   1   2   160  3.3900e+22     12.13    0.4494  5.7918e-02  5.4331e-03  1.0660e+01    0.6322     15.42    1.5740      1.9892    1      0
     4   1   2   160  3.3900e+22     13.79    0.5106  5.7918e-02  5.4331e-03  1.0660e+01    0.6913     15.42    1.7885      2.5615    1      0
     4   1   2   160  3.3900e+22     14.28    0.5290  5.7918e-02  5.4331e-03  1.0660e+01    0.6913     15.42    1.8531      2.5615    1      0
     4   1   2   160  3.3900e+22     15.99    0.5921  5.7918e-02  1.9965e-03  2.9010e+01    0.8457     16.22    1.9714      2.8777    1      0
     4   1   2   160  3.3900e+22     16.27    0.6024  5.7918e-02  1.9965e-03  2.9010e+01    0.8543     16.22    2.0057      3.1047    1      0
     4   1   2   160  3.3900e+22     17.03    0.6307  5.7918e-02  1.9965e-03  2.9010e+01    0.8566     16.22    2.1000      3.2241    1      0
     4   1   2   160  3.3900e+22     18.44    0.6831  5.7918e-02  5.6759e-04  1.0204e+02    0.9436     16.55    2.2286      3.5958    1      0
     4   1   2   160  3.3900e+22     19.51    0.7225  5.7918e-02  5.6759e-04  1.0204e+02    0.9500     16.55    2.3571      4.0439    1      0
     4   1   2   160  3.3900e+22     20.57    0.7619  5.7918e-02  5.6759e-04  1.0204e+02    0.9513     16.55    2.4857      4.2743    1      0
     4   1   2   160  3.3900e+22     21.77    0.8062  5.7918e-02  1.4025e-04  4.1297e+02    0.9860     16.65    2.6143      4.8423    1      0
     4   1   2   160  3.3900e+22     22.84    0.8458  5.7918e-02  1.4025e-04  4.1297e+02    0.9870     16.65    2.7428      5.0663    1      0
     4   1   2   160  3.3900e+22     23.93    0.8863  5.7918e-02  1.4025e-04  4.1297e+02    0.9876     16.65    2.8740      5.5212    1      0
     4   1   2   160  3.3900e+22     25.02    0.9266  5.7918e-02  2.4198e-05  2.3935e+03    0.9997     16.68    3.0000      6.2579    1      0
     4   1   2   160  3.3900e+22     27.00    1.0000  5.7918e-02  2.4198e-05  2.3935e+03    1.0000     16.68    3.2375      7.0488    1      0
     4   1   2   250  3.3900e+22     15.02    0.4553  1.6475e+00  1.6579e-01  9.9371e+00    0.6394     18.41    1.6321      2.2642    1      0
     4   1   2   250  3.3900e+22     16.61    0.5034  1.6475e+00  1.6579e-01  9.9371e+00    0.6651     18.41    1.8047      2.6064    1      0
     4   1   2   250  3.3900e+22     16.96    0.5141  1.6475e+00  1.6579e-01  9.9371e+00    0.6651     18.41    1.8429      2.6064    1      0
     4   1   2   250  3.3900e+22     18.94    0.5740  1.6475e+00  7.4528e-02  2.2106e+01    0.8048     19.22    1.9715      2.8527    1      0
     4   1   2   250  3.3900e+22     19.77    0.5992  1.6475e+00  7.4528e-02  2.2106e+01    0.8159     19.22    2.0581      3.1856    1      0
     4   1   2   250  3.3900e+22     20.18    0.6115  1.6475e+00  7.4528e-02  2.2106e+01    0.8184     19.22    2.1000      3.3615    1      0
     4   1   2   250  3.3900e+22     21.84    0.6619  1.6475e+00  3.0882e-02  5.3349e+01    0.9091     19.60    2.2286      3.7964    1      0
     4   1   2   250  3.3900e+22     23.10    0.7001  1.6475e+00  3.0882e-02  5.3349e+01    0.9104     19.60    2.3571      3.9624    1      0
     4   1   2   250  3.3900e+22     24.59    0.7452  1.6475e+00  1.0258e-02  1.6061e+02    0.9634     19.78    2.4857      4.3660    1      0
     4   1   2   250  3.3900e+22     25.86    0.7837  1.6475e+00  1.0258e-02  1.6061e+02    0.9663     19.78    2.6143      4.9251    1      0
     4   1   2   250  3.3900e+22     27.22    0.8250  1.6475e+00  2.7675e-03  5.9531e+02    0.9899     19.85    2.7428      5.2305    1      0
     4   1   2   250  3.3900e+22     28.50    0.8636  1.6475e+00  2.7675e-03  5.9531e+02    0.9916     19.85    2.8714      5.8621    1      0
     4   1   2   250  3.3900e+22     29.78    0.9023  1.6475e+00  2.7675e-03  5.9531e+02    0.9917     19.85    3.0000      6.1014    1      0
     4   1   2   250  3.3900e+22     33.00    1.0000  1.6475e+00  7.9186e-04  2.0806e+03    1.0000     19.87    3.3219      7.4881    1      0
     4   1   2   350  3.3900e+22     28.19    0.6712  1.5162e+00  3.7443e-02  4.0494e+01    0.8861     25.30    2.2286      3.5398    1      0
     4   1   2   350  3.3900e+22     29.93    0.7126  1.5162e+00  3.7443e-02  4.0494e+01    0.8894     25.30    2.3660      3.8833    1      0
     4   1   2   350  3.3900e+22     31.74    0.7556  1.5162e+00  1.8145e-02  8.3560e+01    0.9403     25.53    2.4857      4.2576    1      0
     4   1   2   350  3.3900e+22     33.54    0.7985  1.5162e+00  8.0276e-03  1.8888e+02    0.9711     25.66    2.6143      4.5788    1      0
     4   1   2   350  3.3900e+22     35.19    0.8378  1.5162e+00  8.0276e-03  1.8888e+02    0.9732     25.66    2.7428      5.1855    1      0
     4   1   2   350  3.3900e+22     36.92    0.8790  1.5162e+00  3.2902e-03  4.6084e+02    0.9905     25.71    2.8714      5.6258    1      0
     4   1   2   350  3.3900e+22     38.57    0.9184  1.5162e+00  3.2902e-03  4.6084e+02    0.9909     25.71    3.0000      6.0444    1      0
     4   1   2   350  3.3900e+22     42.00    1.0000  1.5162e+00  1.1975e-03  1.2661e+03    1.0000     25.74    3.2634      7.1114    1      0
     4   1   2   500  3.3900e+22     45.16    0.7526  6.2497e-01  6.2604e-03  9.9829e+01    0.9482     36.43    2.4790      4.3186    1      0
     4   1   2   500  3.3900e+22     47.62    0.7937  6.2497e-01  6.2604e-03  9.9829e+01    0.9497     36.43    2.6143      4.7690    1      0
     4   1   2   500  3.3900e+22     50.15    0.8358  6.2497e-01  3.2988e-03  1.8945e+02    0.9729     36.57    2.7428      5.1730    1      0
     4   1   2   500  3.3900e+22     52.60    0.8767  6.2497e-01  1.7283e-03  3.6162e+02    0.9868     36.64    2.8714      5.6725    1      0
     4   1   2   500  3.3900e+22     55.02    0.9169  6.2497e-01  9.0144e-04  6.9330e+02    0.9950     36.68    3.0000      6.0737    1      0
     4   1   2   500  3.3900e+22     60.00    1.0000  6.2497e-01  4.6426e-04  1.3462e+03    1.0000     36.70    3.2700      7.1772    1      0
     4   1   3    SD  3.3900e+22      9.46    0.3153  2.8348e+21  7.6733e+20  3.6944e+00    0.3229     13.65    1.3855      1.6677    1      0
     4   1   3    SD  3.3900e+22     10.35    0.3451  2.8348e+21  7.6733e+20  3.6944e+00    0.3600     13.65    1.5166      1.9087    1      0
     4   1   3    SD  3.3900e+22     11.48    0.3828  2.8348e+21  7.6733e+20  3.6944e+00    0.3776     13.65    1.6820      2.2132    1      0
     4   1   3    SD  3.3900e+22     11.53    0.3843  2.8348e+21  7.6733e+20  3.6944e+00    0.3776     13.65    1.6885      2.2132    1      0
     4   1   3    SD  3.3900e+22     12.85    0.4282  2.8348e+21  3.4537e+20  8.2079e+00    0.6046     15.77    1.6295      2.2561    1      0
     4   1   3    SD  3.3900e+22     13.00    0.4332  2.8348e+21  3.4537e+20  8.2079e+00    0.6046     15.77    1.6487      2.2561    1      0
     4   1   3    SD  3.3900e+22     14.66    0.4887  2.8348e+21  3.4537e+20  8.2079e+00    0.6216     15.77    1.8598      2.4825    1      0
     4   1   3    SD  3.3900e+22     15.12    0.5041  2.8348e+21  1.4590e+20  1.9430e+01    0.7710     16.76    1.8042      2.5376    1      0
     4   1   3    SD  3.3900e+22     16.52    0.5508  2.8348e+21  1.4590e+20  1.9430e+01    0.7954     16.76    1.9715      2.9457    1      0
     4   1   3    SD  3.3900e+22     17.36    0.5787  2.8348e+21  1.4590e+20  1.9430e+01    0.7980     16.76    2.0712      3.0571    1      0
     4   1   3    SD  3.3900e+22     17.76    0.5919  2.8348e+21  1.4590e+20  1.9430e+01    0.8007     16.76    2.1184      3.2882    1      0
     4   1   3    SD  3.3900e+22     19.22    0.6405  2.8348e+21  4.9808e+19  5.6914e+01    0.9136     17.25    2.2286      3.7514    1      0
     4   1   3    SD  3.3900e+22     20.32    0.6775  2.8348e+21  4.9808e+19  5.6914e+01    0.9153     17.25    2.3572      3.9631    1      0
     4   1   3    SD  3.3900e+22     21.65    0.7217  2.8348e+21  1.4922e+19  1.8997e+02    0.9675     17.42    2.4857      4.4247    1      0
     4   1   3    SD  3.3900e+22     22.77    0.7590  2.8348e+21  1.4922e+19  1.8997e+02    0.9691     17.42    2.6143      4.6265    1      0
     4   1   3    SD  3.3900e+22     23.90    0.7965  2.8348e+21  1.4922e+19  1.8997e+02    0.9700     17.42    2.7436      5.0399    1      0
     4   1   3    SD  3.3900e+22     25.09    0.8365  2.8348e+21  3.2594e+18  8.6973e+02    0.9925     17.48    2.8715      5.6636    1      0
     4   1   3    SD  3.3900e+22     26.22    0.8739  2.8348e+21  3.2594e+18  8.6973e+02    0.9931     17.48    3.0000      6.1726    1      0
     4   1   3    SD  3.3900e+22     30.00    1.0000  2.8348e+21  4.8112e+17  5.8921e+03    1.0000     17.49    3.4301      8.0708    1      0
     4   1   3   160  3.3900e+22      9.15    0.3049  9.4163e-02  2.9626e-02  3.1784e+00    0.2828     14.22    1.2867      1.6063    1      0
     4   1   3   160  3.3900e+22      9.95    0.3317  9.4163e-02  2.9626e-02  3.1784e+00    0.3171     14.22    1.4000      1.8277    1      0
     4   1   3   160  3.3900e+22     10.53    0.3511  9.4163e-02  2.9626e-02  3.1784e+00    0.3171     14.22    1.4816      1.8277    1      0
     4   1   3   160  3.3900e+22     10.79    0.3596  9.4163e-02  2.9626e-02  3.1784e+00    0.3171     14.22    1.5175      1.8277    1      0
     4   1   3   160  3.3900e+22     10.92    0.3641  9.4163e-02  2.9626e-02  3.1784e+00    0.3338     14.22    1.5366      2.1119    1      0
     4   1   3   160  3.3900e+22     12.09    0.4031  9.4163e-02  1.4133e-02  6.6624e+00    0.5193     16.68    1.4497      1.8332    1      0
     4   1   3   160  3.3900e+22     13.47    0.4489  9.4163e-02  1.4133e-02  6.6624e+00    0.5766     16.68    1.6145      2.3246    1      0
     4   1   3   160  3.3900e+22     15.14    0.5048  9.4163e-02  6.2207e-03  1.5137e+01    0.7367     17.94    1.6881      2.3472    1      0
     4   1   3   160  3.3900e+22     15.26    0.5087  9.4163e-02  6.2207e-03  1.5137e+01    0.7367     17.94    1.7012      2.3472    1      0
     4   1   3   160  3.3900e+22     16.53    0.5511  9.4163e-02  6.2207e-03  1.5137e+01    0.7629     17.94    1.8428      2.7141    1      0
     4   1   3   160  3.3900e+22     17.87    0.5956  9.4163e-02  6.2207e-03  1.5137e+01    0.7688     17.94    1.9917      3.0267    1      0
     4   1   3   160  3.3900e+22     17.98    0.5993  9.4163e-02  6.2207e-03  1.5137e+01    0.7688     17.94    2.0040      3.0267    1      0
     4   1   3   160  3.3900e+22     19.46    0.6488  9.4163e-02  2.2023e-03  4.2757e+01    0.8966     18.54    2.1000      3.4110    1      0
     4   1   3   160  3.3900e+22     20.66    0.6885  9.4163e-02  2.2023e-03  4.2757e+01    0.8985     18.54    2.2285      3.6023    1      0
     4   1   3   160  3.3900e+22     22.11    0.7371  9.4163e-02  6.7689e-04  1.3911e+02    0.9621     18.76    2.3572      4.1749    1      0
     4   1   3   160  3.3900e+22     23.32    0.7773  9.4163e-02  6.7689e-04  1.3911e+02    0.9629     18.76    2.4857      4.3600    1      0
     4   1   3   160  3.3900e+22     24.63    0.8209  9.4163e-02  1.5077e-04  6.2453e+02    0.9901     18.84    2.6143      4.9096    1      0
     4   1   3   160  3.3900e+22     25.84    0.8612  9.4163e-02  1.5077e-04  6.2453e+02    0.9914     18.84    2.7428      5.5477    1      0
     4   1   3   160  3.3900e+22     27.08    0.9025  9.4163e-02  2.2620e-05  4.1629e+03    0.9992     18.86    2.8715      5.7859    1      0
     4   1   3   160  3.3900e+22     28.29    0.9429  9.4163e-02  2.2620e-05  4.1629e+03    0.9998     18.86    3.0000      6.3314    1      0
     4   1   3   160  3.3900e+22     30.00    1.0000  9.4163e-02  2.2620e-05  4.1629e+03    1.0000     18.86    3.1816      7.2440    1      0
     4   1   3   250  3.3900e+22     15.66    0.4349  2.0111e+00  2.7637e-01  7.2771e+00    0.5773     19.28    1.6239      2.2809    1      0
     4   1   3   250  3.3900e+22     16.53    0.4591  2.0111e+00  2.7637e-01  7.2771e+00    0.5874     19.28    1.7142      2.4433    1      0
     4   1   3   250  3.3900e+22     17.77    0.4937  2.0111e+00  2.7637e-01  7.2771e+00    0.5935     19.28    1.8433      2.7172    1      0
     4   1   3   250  3.3900e+22     17.86    0.4962  2.0111e+00  2.7637e-01  7.2771e+00    0.5935     19.28    1.8528      2.7172    1      0
     4   1   3   250  3.3900e+22     20.04    0.5566  2.0111e+00  1.3783e-01  1.4591e+01    0.7492     20.33    1.9714      2.9213    1      0
     4   1   3   250  3.3900e+22     21.23    0.5898  2.0111e+00  6.3551e-02  3.1646e+01    0.8539     20.89    2.0331      3.1318    1      0
     4   1   3   250  3.3900e+22     21.93    0.6092  2.0111e+00  6.3551e-02  3.1646e+01    0.8614     20.89    2.1000      3.4131    1      0
     4   1   3   250  3.3900e+22     23.27    0.6465  2.0111e+00  6.3551e-02  3.1646e+01    0.8630     20.89    2.2286      3.5608    1      0
     4   1   3   250  3.3900e+22     24.97    0.6936  2.0111e+00  2.4058e-02  8.3597e+01    0.9366     21.18    2.3572      3.9988    1      0
     4   1   3   250  3.3900e+22     26.33    0.7314  2.0111e+00  2.4058e-02  8.3597e+01    0.9389     21.18    2.4857      4.3499    1      0
     4   1   3   250  3.3900e+22     27.85    0.7737  2.0111e+00  7.5431e-03  2.6662e+02    0.9774     21.31    2.6143      4.8428    1      0
     4   1   3   250  3.3900e+22     29.22    0.8118  2.0111e+00  7.5431e-03  2.6662e+02    0.9784     21.31    2.7428      5.1171    1      0
     4   1   3   250  3.3900e+22     30.65    0.8514  2.0111e+00  2.4828e-03  8.1004e+02    0.9931     21.35    2.8715      5.7444    1      0
     4   1   3   250  3.3900e+22     32.02    0.8895  2.0111e+00  2.4828e-03  8.1004e+02    0.9936     21.35    3.0000      6.1552    1      0
     4   1   3   250  3.3900e+22     36.00    1.0000  2.0111e+00  6.8202e-04  2.9488e+03    1.0000     21.36    3.3706      7.4929    1      0
     4   1   3   350  3.3900e+22     25.25    0.5612  1.9339e+00  1.2740e-01  1.5180e+01    0.7541     25.62    1.9714      2.9124    1      0
     4   1   3   350  3.3900e+22     27.04    0.6008  1.9339e+00  6.4144e-02  3.0150e+01    0.8471     26.23    2.0613      3.0721    1      0
     4   1   3   350  3.3900e+22     27.54    0.6121  1.9339e+00  6.4144e-02  3.0150e+01    0.8498     26.23    2.1000      3.1591    1      0
     4   1   3   350  3.3900e+22     29.23    0.6495  1.9339e+00  6.4144e-02  3.0150e+01    0.8572     26.23    2.2286      3.5161    1      0
     4   1   3   350  3.3900e+22     31.27    0.6949  1.9339e+00  3.2921e-02  5.8745e+01    0.9164     26.53    2.3571      3.8917    1      0
     4   1   3   350  3.3900e+22     33.19    0.7375  1.9339e+00  1.5417e-02  1.2544e+02    0.9553     26.70    2.4857      4.2535    1      0
     4   1   3   350  3.3900e+22     34.91    0.7757  1.9339e+00  1.5417e-02  1.2544e+02    0.9577     26.70    2.6143      4.6398    1      0
     4   1   3   350  3.3900e+22     36.74    0.8164  1.9339e+00  6.7553e-03  2.8628e+02    0.9808     26.79    2.7428      5.1996    1      0
     4   1   3   350  3.3900e+22     38.46    0.8546  1.9339e+00  6.7553e-03  2.8628e+02    0.9813     26.79    2.8714      5.5857    1      0
     4   1   3   350  3.3900e+22     40.24    0.8942  1.9339e+00  2.6388e-03  7.3287e+02    0.9939     26.83    3.0000      5.9972    1      0
     4   1   3   350  3.3900e+22     45.00    1.0000  1.9339e+00  1.0227e-03  1.8909e+03    1.0000     26.84    3.3528      7.4116    1      0
     4   1   3   500  3.3900e+22     40.80    0.6799  8.2295e-01  2.7376e-02  3.0061e+01    0.8595     36.61    2.2286      3.5945    1      0
     4   1   3   500  3.3900e+22     43.58    0.7263  8.2295e-01  1.6934e-02  4.8598e+01    0.9063     36.98    2.3571      3.9807    1      0
     4   1   3   500  3.3900e+22     46.26    0.7710  8.2295e-01  9.9434e-03  8.2763e+01    0.9415     37.22    2.4857      4.3531    1      0
     4   1   3   500  3.3900e+22     48.86    0.8144  8.2295e-01  5.3724e-03  1.5318e+02    0.9677     37.38    2.6143      4.8048    1      0
     4   1   3   500  3.3900e+22     51.39    0.8565  8.2295e-01  2.8868e-03  2.8507e+02    0.9838     37.47    2.7429      5.2342    1      0
     4   1   3   500  3.3900e+22     53.80    0.8966  8.2295e-01  2.8868e-03  2.8507e+02    0.9844     37.47    2.8714      5.6349    1      0
     4   1   3   500  3.3900e+22     56.27    0.9379  8.2295e-01  1.5440e-03  5.3301e+02    0.9941     37.52    3.0000      6.1228    1      0
     4   1   3   500  3.3900e+22     60.00    1.0000  8.2295e-01  8.1540e-04  1.0093e+03    1.0000     37.54    3.1964      6.8890    1      0
     4   1   4    SD  3.3900e+22      9.21    0.2791  2.6422e+21  1.0043e+21  2.6310e+00    0.2132     14.36    1.2824      1.5926    1      0
     4   1   4    SD  3.3900e+22      9.29    0.2816  2.6422e+21  1.0043e+21  2.6310e+00    0.2132     14.36    1.2942      1.5926    1      0
     4   1   4    SD  3.3900e+22     10.01    0.3032  2.6422e+21  1.0043e+21  2.6310e+00    0.2396     14.36    1.3932      1.8078    1      0
     4   1   4    SD  3.3900e+22     10.97    0.3323  2.6422e+21  1.0043e+21  2.6310e+00    0.2527     14.36    1.5272      2.0848    1      0
     4   1   4    SD  3.3900e+22     11.24    0.3407  2.6422e+21  1.0043e+21  2.6310e+00    0.2527     14.36    1.5656      2.0848    1      0
     4   1   4    SD  3.3900e+22     12.11    0.3668  2.6422e+21  5.6501e+20  4.6764e+00    0.4076     17.14    1.4125      1.7851    1      0
     4   1   4    SD  3.3900e+22     13.39    0.4058  2.6422e+21  5.6501e+20  4.6764e+00    0.4414     17.14    1.5625      2.0517    1      0
     4   1   4    SD  3.3900e+22     14.98    0.4541  2.6422e+21  5.6501e+20  4.6764e+00    0.4563     17.14    1.7483      2.2454    1      0
     4   1   4    SD  3.3900e+22     15.44    0.4680  2.6422e+21  3.0069e+20  8.7871e+00    0.6291     18.73    1.6495      2.3678    1      0
     4   1   4    SD  3.3900e+22     17.05    0.5168  2.6422e+21  3.0069e+20  8.7871e+00    0.6425     18.73    1.8215      2.6308    1      0
     4   1   4    SD  3.3900e+22     17.47    0.5295  2.6422e+21  3.0069e+20  8.7871e+00    0.6425     18.73    1.8660      2.6308    1      0
     4   1   4    SD  3.3900e+22     19.37    0.5869  2.6422e+21  1.3720e+20  1.9258e+01    0.7996     19.65    1.9714      3.0677    1      0
     4   1   4    SD  3.3900e+22     20.16    0.6108  2.6422e+21  1.3720e+20  1.9258e+01    0.8022     19.65    2.0517      3.2363    1      0
     4   1   4    SD  3.3900e+22     20.90    0.6333  2.6422e+21  1.3720e+20  1.9258e+01    0.8022     19.65    2.1271      3.2363    1      0
     4   1   4    SD  3.3900e+22     22.41    0.6790  2.6422e+21  5.5586e+19  4.7534e+01    0.9029     20.11    2.2286      3.6245    1      0
     4   1   4    SD  3.3900e+22     23.70    0.7182  2.6422e+21  5.5586e+19  4.7534e+01    0.9049     20.11    2.3572      3.9433    1      0
     4   1   4    SD  3.3900e+22     25.26    0.7655  2.6422e+21  1.7269e+19  1.5301e+02    0.9641     20.33    2.4857      4.3010    1      0
     4   1   4    SD  3.3900e+22     26.57    0.8051  2.6422e+21  1.7269e+19  1.5301e+02    0.9658     20.33    2.6143      4.6818    1      0
     4   1   4    SD  3.3900e+22     27.98    0.8478  2.6422e+21  3.9631e+18  6.6669e+02    0.9917     20.40    2.7429      5.2671    1      0
     4   1   4    SD  3.3900e+22     29.29    0.8876  2.6422e+21  3.9631e+18  6.6669e+02    0.9924     20.40    2.8714      5.5678    1      0
     4   1   4    SD  3.3900e+22     30.63    0.9281  2.6422e+21  9.3346e+17  2.8306e+03    0.9997     20.42    3.0000      6.2885    1      0
     4   1   4    SD  3.3900e+22     33.00    1.0000  2.6422e+21  9.3346e+17  2.8306e+03    1.0000     20.42    3.2324      7.1174    1      0
     4   1   4   160  3.3900e+22      9.73    0.2947  8.6716e-02  3.7379e-02  2.3199e+00    0.2098     15.06    1.2918      1.7181    1      0
     4   1   4   160  3.3900e+22     10.55    0.3197  8.6716e-02  3.7379e-02  2.3199e+00    0.2098     15.06    1.4014      1.7181    1      0
     4   1   4   160  3.3900e+22     10.87    0.3293  8.6716e-02  3.7379e-02  2.3199e+00    0.2222     15.06    1.4432      1.9731    1      0
     4   1   4   160  3.3900e+22     11.52    0.3490  8.6716e-02  3.7379e-02  2.3199e+00    0.2222     15.06    1.5297      1.9731    1      0
     4   1   4   160  3.3900e+22     12.62    0.3823  8.6716e-02  2.1646e-02  4.0061e+00    0.3991     18.28    1.3802      1.8351    1      0
     4   1   4   160  3.3900e+22     12.66    0.3835  8.6716e-02  2.1646e-02  4.0061e+00    0.3991     18.28    1.3847      1.8351    1      0
     4   1   4   160  3.3900e+22     13.89    0.4210  8.6716e-02  2.1646e-02  4.0061e+00    0.4241     18.28    1.5200      2.0902    1      0
     4   1   4   160  3.3900e+22     15.45    0.4682  8.6716e-02  1.1616e-02  7.4650e+00    0.6052     19.99    1.5459      2.1806    1      0
     4   1   4   160  3.3900e+22     17.43    0.5283  8.6716e-02  1.1616e-02  7.4650e+00    0.6195     19.99    1.7445      2.4178    1      0
     4   1   4   160  3.3900e+22     17.86    0.5412  8.6716e-02  1.1616e-02  7.4650e+00    0.6229     19.99    1.7868      2.5949    1      0
     4   1   4   160  3.3900e+22     19.41    0.5883  8.6716e-02  5.2717e-03  1.6449e+01    0.7879     21.07    1.8429      2.7964    1      0
     4   1   4   160  3.3900e+22     20.45    0.6198  8.6716e-02  5.2717e-03  1.6449e+01    0.7907     21.07    1.9415      2.9491    1      0
     4   1   4   160  3.3900e+22     21.17    0.6415  8.6716e-02  2.1005e-03  4.1283e+01    0.8842     21.61    1.9594      2.8156    1      0
     4   1   4   160  3.3900e+22     22.69    0.6875  8.6716e-02  2.1005e-03  4.1283e+01    0.8987     21.61    2.1000      3.2906    1      0
     4   1   4   160  3.3900e+22     24.29    0.7361  8.6716e-02  6.3565e-04  1.3642e+02    0.9619     21.86    2.2227      3.7638    1      0
     4   1   4   160  3.3900e+22     25.76    0.7806  8.6716e-02  6.3565e-04  1.3642e+02    0.9645     21.86    2.3571      4.1060    1      0
     4   1   4   160  3.3900e+22     27.27    0.8264  8.6716e-02  1.4063e-04  6.1664e+02    0.9907     21.94    2.4857      4.5036    1      0
     4   1   4   160  3.3900e+22     28.68    0.8691  8.6716e-02  1.4063e-04  6.1664e+02    0.9924     21.94    2.6143      5.0470    1      0
     4   1   4   160  3.3900e+22     30.12    0.9126  8.6716e-02  3.2066e-05  2.7043e+03    0.9994     21.96    2.7428      5.4291    1      0
     4   1   4   160  3.3900e+22     31.53    0.9554  8.6716e-02  3.2066e-05  2.7043e+03    0.9999     21.96    2.8714      5.9741    1      0
     4   1   4   160  3.3900e+22     32.94    0.9982  8.6716e-02  3.2066e-05  2.7043e+03    1.0000     21.96    3.0000      6.3844    1      0
     4   1   4   160  3.3900e+22     33.00    1.0000  8.6716e-02  3.2066e-05  2.7043e+03    1.0000     21.96    3.0055      6.4528    1      0
     4   1   4   250  3.3900e+22     12.81    0.3284  2.0563e+00  6.6412e-01  3.0963e+00    0.3009     18.42    1.3903      1.8956    1      0
     4   1   4   250  3.3900e+22     13.65    0.3501  2.0563e+00  6.6412e-01  3.0963e+00    0.3123     18.42    1.4822      2.0655    1      0
     4   1   4   250  3.3900e+22     14.08    0.3611  2.0563e+00  6.6412e-01  3.0963e+00    0.3123     18.42    1.5290      2.0655    1      0
     4   1   4   250  3.3900e+22     15.60    0.3999  2.0563e+00  4.1876e-01  4.9105e+00    0.4628     20.39    1.5298      2.1148    1      0
     4   1   4   250  3.3900e+22     17.43    0.4469  2.0563e+00  4.1876e-01  4.9105e+00    0.4749     20.39    1.7097      2.3386    1      0
     4   1   4   250  3.3900e+22     17.51    0.4491  2.0563e+00  4.1876e-01  4.9105e+00    0.4780     20.39    1.7178      2.5077    1      0
     4   1   4   250  3.3900e+22     19.87    0.5095  2.0563e+00  2.3935e-01  8.5913e+00    0.6372     21.83    1.8203      2.6234    1      0
     4   1   4   250  3.3900e+22     20.11    0.5158  2.0563e+00  2.3935e-01  8.5913e+00    0.6372     21.83    1.8429      2.6234    1      0
     4   1   4   250  3.3900e+22     22.40    0.5745  2.0563e+00  1.2740e-01  1.6141e+01    0.7703     22.73    1.9715      2.9766    1      0
     4   1   4   250  3.3900e+22     23.56    0.6040  2.0563e+00  1.2740e-01  1.6141e+01    0.7732     22.73    2.0729      3.2332    1      0
     4   1   4   250  3.3900e+22     24.12    0.6186  2.0563e+00  5.7391e-02  3.5830e+01    0.8658     23.29    2.0717      3.0543    1      0
     4   1   4   250  3.3900e+22     25.95    0.6654  2.0563e+00  5.7391e-02  3.5830e+01    0.8787     23.29    2.2286      3.6817    1      0
     4   1   4   250  3.3900e+22     27.78    0.7124  2.0563e+00  2.2146e-02  9.2853e+01    0.9435     23.57    2.3571      4.0104    1      0
     4   1   4   250  3.3900e+22     29.30    0.7512  2.0563e+00  2.2146e-02  9.2853e+01    0.9454     23.57    2.4857      4.2336    1      0
     4   1   4   250  3.3900e+22     30.95    0.7937  2.0563e+00  8.7196e-03  2.3583e+02    0.9765     23.68    2.6143      4.8018    1      0
     4   1   4   250  3.3900e+22     32.48    0.8327  2.0563e+00  8.7196e-03  2.3583e+02    0.9774     23.68    2.7428      5.2477    1      0
     4   1   4   250  3.3900e+22     34.06    0.8735  2.0563e+00  2.9511e-03  6.9679e+02    0.9929     23.73    2.8714      5.6248    1      0
     4   1   4   250  3.3900e+22     35.59    0.9126  2.0563e+00  2.9511e-03  6.9679e+02    0.9933     23.73    3.0000      6.0664    1      0
     4   1   4   250  3.3900e+22     39.00    1.0000  2.0563e+00  8.9555e-04  2.2962e+03    1.0000     23.74    3.2851      7.1361    1      0
     4   1   4   350  3.3900e+22     21.33    0.4445  2.1373e+00  3.3505e-01  6.3792e+00    0.5447     25.61    1.6660      2.3101    1      0
     4   1   4   350  3.3900e+22     24.31    0.5064  2.1373e+00  1.9944e-01  1.0717e+01    0.6817     26.86    1.8098      2.6255    1      0
     4   1   4   350  3.3900e+22     24.38    0.5079  2.1373e+00  1.9944e-01  1.0717e+01    0.6817     26.86    1.8152      2.6255    1      0
     4   1   4   350  3.3900e+22     27.07    0.5640  2.1373e+00  1.0936e-01  1.9544e+01    0.7892     27.69    1.9554      2.8190    1      0
     4   1   4   350  3.3900e+22     28.92    0.6025  2.1373e+00  1.0936e-01  1.9544e+01    0.8007     27.69    2.0888      3.2179    1      0
     4   1   4   350  3.3900e+22     29.08    0.6058  2.1373e+00  1.0936e-01  1.9544e+01    0.8007     27.69    2.1000      3.2179    1      0
     4   1   4   350  3.3900e+22     31.36    0.6532  2.1373e+00  6.0712e-02  3.5204e+01    0.8743     28.14    2.2285      3.5944    1      0
     4   1   4   350  3.3900e+22     33.49    0.6976  2.1373e+00  3.1132e-02  6.8653e+01    0.9251     28.41    2.3572      3.8007    1      0
     4   1   4   350  3.3900e+22     35.31    0.7357  2.1373e+00  3.1132e-02  6.8653e+01    0.9289     28.41    2.4857      4.2966    1      0
     4   1   4   350  3.3900e+22     37.34    0.7778  2.1373e+00  1.4940e-02  1.4306e+02    0.9626     28.56    2.6143      4.6749    1      0
     4   1   4   350  3.3900e+22     39.28    0.8183  2.1373e+00  6.4869e-03  3.2948e+02    0.9831     28.64    2.7429      5.1221    1      0
     4   1   4   350  3.3900e+22     41.12    0.8566  2.1373e+00  6.4869e-03  3.2948e+02    0.9840     28.64    2.8714      5.5683    1      0
     4   1   4   350  3.3900e+22     43.01    0.8961  2.1373e+00  2.7841e-03  7.6770e+02    0.9944     28.67    3.0000      6.1152    1      0
     4   1   4   350  3.3900e+22     48.00    1.0000  2.1373e+00  1.0992e-03  1.9445e+03    1.0000     28.69    3.3461      7.3455    1      0
     4   1   4   500  3.3900e+22     36.25    0.5754  9.6902e-01  6.3736e-02  1.5204e+01    0.7551     37.10    1.9540      2.9093    1      0
     4   1   4   500  3.3900e+22     38.85    0.6166  9.6902e-01  6.3736e-02  1.5204e+01    0.7607     37.10    2.0940      3.2668    1      0
     4   1   4   500  3.3900e+22     39.24    0.6229  9.6902e-01  4.0781e-02  2.3762e+01    0.8271     37.80    2.0762      3.2477    1      0
     4   1   4   500  3.3900e+22     42.62    0.6766  9.6902e-01  2.6030e-02  3.7228e+01    0.8800     38.25    2.2286      3.6016    1      0
     4   1   4   500  3.3900e+22     45.45    0.7214  9.6902e-01  1.5832e-02  6.1208e+01    0.9214     38.56    2.3571      3.9826    1      0
     4   1   4   500  3.3900e+22     47.93    0.7607  9.6902e-01  1.5832e-02  6.1208e+01    0.9229     38.56    2.4857      4.3489    1      0
     4   1   4   500  3.3900e+22     50.69    0.8046  9.6902e-01  8.9037e-03  1.0883e+02    0.9542     38.77    2.6148      4.7283    1      0
     4   1   4   500  3.3900e+22     53.34    0.8466  9.6902e-01  4.9768e-03  1.9471e+02    0.9743     38.89    2.7428      5.1961    1      0
     4   1   4   500  3.3900e+22     55.93    0.8878  9.6902e-01  2.7724e-03  3.4953e+02    0.9869     38.96    2.8714      5.6819    1      0
     4   1   4   500  3.3900e+22     58.49    0.9285  9.6902e-01  1.5214e-03  6.3695e+02    0.9949     39.00    3.0000      6.2015    1      0
     4   1   4   500  3.3900e+22     63.00    1.0000  9.6902e-01  7.9554e-04  1.2181e+03    1.0000     39.02    3.2292      7.0381    1      0
     4   1   5    SD  3.3900e+22      9.13    0.2537  2.1395e+21  1.0438e+21  2.0498e+00    0.1338     14.89    1.2271      1.5439    0      0
     4   1   5    SD  3.3900e+22      9.86    0.2739  2.1395e+21  1.0438e+21  2.0498e+00    0.1515     14.89    1.3246      1.7395    0      0
     4   1   5    SD  3.3900e+22     10.28    0.2854  2.1395e+21  1.0438e+21  2.0498e+00    0.1515     14.89    1.3802      1.7395    0      0
     4   1   5    SD  3.3900e+22     10.73    0.2980  2.1395e+21  1.0438e+21  2.0498e+00    0.1515     14.89    1.4409      1.7395    0      0
     4   1   5    SD  3.3900e+22     11.69    0.3247  2.1395e+21  1.0438e+21  2.0498e+00    0.1606     14.89    1.5702      1.9963    0      0
     4   1   5    SD  3.3900e+22     12.84    0.3567  2.1395e+21  6.8888e+20  3.1058e+00    0.2996     18.25    1.4072      1.9204    1      0
     4   1   5    SD  3.3900e+22     14.09    0.3915  2.1395e+21  6.8888e+20  3.1058e+00    0.3107     18.25    1.5444      2.0943    1      0
     4   1   5    SD  3.3900e+22     15.62    0.4338  2.1395e+21  4.3918e+20  4.8716e+00    0.4590     20.19    1.5472      2.1434    1      0
     4   1   5    SD  3.3900e+22     17.51    0.4863  2.1395e+21  4.3918e+20  4.8716e+00    0.4741     20.19    1.7343      2.5419    1      0
     4   1   5    SD  3.3900e+22     17.64    0.4899  2.1395e+21  4.3918e+20  4.8716e+00    0.4741     20.19    1.7473      2.5419    1      0
     4   1   5    SD  3.3900e+22     19.92    0.5534  2.1395e+21  2.5460e+20  8.4034e+00    0.6326     21.62    1.8428      2.6540    1      0
     4   1   5    SD  3.3900e+22     19.96    0.5544  2.1395e+21  2.5460e+20  8.4034e+00    0.6326     21.62    1.8461      2.6540    1      0
     4   1   5    SD  3.3900e+22     22.22    0.6172  2.1395e+21  1.3600e+20  1.5732e+01    0.7691     22.54    1.9714      2.9978    1      0
     4   1   5    SD  3.3900e+22     23.58    0.6549  2.1395e+21  1.3600e+20  1.5732e+01    0.7722     22.54    2.0918      3.2557    1      0
     4   1   5    SD  3.3900e+22     23.77    0.6602  2.1395e+21  1.3600e+20  1.5732e+01    0.7722     22.54    2.1087      3.2557    1      0
     4   1   5    SD  3.3900e+22     25.78    0.7161  2.1395e+21  5.9563e+19  3.5921e+01    0.8825     23.13    2.2286      3.5705    1      0
     4   1   5    SD  3.3900e+22     27.61    0.7671  2.1395e+21  2.1357e+19  1.0018e+02    0.9488     23.43    2.3572      3.7884    1      0
     4   1   5    SD  3.3900e+22     29.12    0.8089  2.1395e+21  2.1357e+19  1.0018e+02    0.9537     23.43    2.4857      4.2309    1      0
     4   1   5    SD  3.3900e+22     30.77    0.8546  2.1395e+21  7.5444e+18  2.8359e+02    0.9842     23.54    2.6143      4.6901    1      0
     4   1   5    SD  3.3900e+22     32.28    0.8967  2.1395e+21  7.5444e+18  2.8359e+02    0.9853     23.54    2.7428      5.0224    1      0
     4   1   5    SD  3.3900e+22     33.85    0.9404  2.1395e+21  2.1307e+18  1.0041e+03    0.9995     23.58    2.8714      5.5753    1      0
     4   1   5    SD  3.3900e+22     35.37    0.9825  2.1395e+21  2.1307e+18  1.0041e+03    1.0000     23.58    3.0000      6.0729    1      0
     4   1   5    SD  3.3900e+22     36.00    1.0000  2.1395e+21  2.1307e+18  1.0041e+03    1.0000     23.58    3.0535      6.0729    1      0
     4   1   5   160  3.3900e+22      9.17    0.3397  7.9058e-02  3.5412e-02  2.2325e+00    0.1772     15.10    1.2152      1.5244    0      0
     4   1   5   160  3.3900e+22      9.88    0.3661  7.9058e-02  3.5412e-02  2.2325e+00    0.2011     15.10    1.3095      1.7144    1      0
     4   1   5   160  3.3900e+22     10.14    0.3756  7.9058e-02  3.5412e-02  2.2325e+00    0.2011     15.10    1.3437      1.7144    1      0
     4   1   5   160  3.3900e+22     10.74    0.3977  7.9058e-02  3.5412e-02  2.2325e+00    0.2011     15.10    1.4228      1.7144    1      0
     4   1   5   160  3.3900e+22     11.68    0.4326  7.9058e-02  3.5412e-02  2.2325e+00    0.2133     15.10    1.5474      1.9653    1      0
     4   1   5   160  3.3900e+22     12.81    0.4745  7.9058e-02  2.0816e-02  3.7980e+00    0.4010     18.49    1.3857      1.8910    1      0
     4   1   5   160  3.3900e+22     14.03    0.5198  7.9058e-02  2.0816e-02  3.7980e+00    0.4160     18.49    1.5180      2.0618    1      0
     4   1   5   160  3.3900e+22     15.02    0.5564  7.9058e-02  1.0966e-02  7.2091e+00    0.5907     20.36    1.4759      1.9928    1      0
     4   1   5   160  3.3900e+22     15.54    0.5756  7.9058e-02  1.0966e-02  7.2091e+00    0.6082     20.36    1.5268      2.1267    1      0
     4   1   5   160  3.3900e+22     17.45    0.6461  7.9058e-02  1.0966e-02  7.2091e+00    0.6234     20.36    1.7139      2.3547    1      0
     4   1   5   160  3.3900e+22     18.27    0.6766  7.9058e-02  4.4556e-03  1.7743e+01    0.7959     21.59    1.6920      2.4206    1      0
     4   1   5   160  3.3900e+22     19.90    0.7369  7.9058e-02  4.4556e-03  1.7743e+01    0.8103     21.59    1.8429      2.6921    1      0
     4   1   5   160  3.3900e+22     20.13    0.7454  7.9058e-02  4.4556e-03  1.7743e+01    0.8135     21.59    1.8642      2.8381    1      0
     4   1   5   160  3.3900e+22     21.90    0.8111  7.9058e-02  1.1572e-03  6.8317e+01    0.9349     22.22    1.9714      3.1478    1      0
     4   1   5   160  3.3900e+22     23.33    0.8641  7.9058e-02  1.1572e-03  6.8317e+01    0.9366     22.22    2.1000      3.2841    1      0
     4   1   5   160  3.3900e+22     25.04    0.9274  7.9058e-02 -1.7507e-04         nan    0.9985     22.47    2.2286      3.7428    1      0
     4   1   5   160  3.3900e+22     26.48    0.9809  7.9058e-02 -1.7507e-04         nan    1.0000     22.47    2.3571      4.0756    1      0
     4   1   5   160  3.3900e+22     26.76    0.9912  7.9058e-02 -1.7507e-04         nan    1.0000     22.47    2.3819      4.0756    1      0
     4   1   5   160  3.3900e+22     27.00    1.0000  7.9058e-02 -1.7507e-04         nan    1.0000     22.47    2.4030      4.1432    1      0
     4   1   5   250  3.3900e+22     12.05    0.2870  1.8315e+00  7.4442e-01  2.4603e+00    0.1993     19.01    1.2679      1.6095    0      0
     4   1   5   250  3.3900e+22     13.13    0.3126  1.8315e+00  7.4442e-01  2.4603e+00    0.2189     19.01    1.3813      1.8240    1      0
     4   1   5   250  3.3900e+22     14.35    0.3416  1.8315e+00  7.4442e-01  2.4603e+00    0.2277     19.01    1.5093      1.9835    1      0
     4   1   5   250  3.3900e+22     15.76    0.3752  1.8315e+00  5.1661e-01  3.5453e+00    0.3530     21.30    1.4792      1.9968    1      0
     4   1   5   250  3.3900e+22     17.46    0.4158  1.8315e+00  5.1661e-01  3.5453e+00    0.3632     21.30    1.6393      2.2021    1      0
     4   1   5   250  3.3900e+22     19.54    0.4652  1.8315e+00  3.3345e-01  5.4926e+00    0.5119     23.15    1.6880      2.4143    1      0
     4   1   5   250  3.3900e+22     19.84    0.4724  1.8315e+00  3.3345e-01  5.4926e+00    0.5119     23.15    1.7143      2.4143    1      0
     4   1   5   250  3.3900e+22     22.30    0.5308  1.8315e+00  2.0326e-01  9.0106e+00    0.6507     24.46    1.8228      2.6673    1      0
     4   1   5   250  3.3900e+22     22.54    0.5367  1.8315e+00  2.0326e-01  9.0106e+00    0.6507     24.46    1.8429      2.6673    1      0
     4   1   5   250  3.3900e+22     25.07    0.5968  1.8315e+00  1.0782e-01  1.6986e+01    0.7790     25.43    1.9715      2.9450    1      0
     4   1   5   250  3.3900e+22     26.38    0.6280  1.8315e+00  1.0782e-01  1.6986e+01    0.7836     25.43    2.0744      3.1927    1      0
     4   1   5   250  3.3900e+22     27.02    0.6433  1.8315e+00  5.0957e-02  3.5942e+01    0.8706     26.01    2.0778      3.1162    1      0
     4   1   5   250  3.3900e+22     28.98    0.6900  1.8315e+00  5.0957e-02  3.5942e+01    0.8804     26.01    2.2286      3.5688    1      0
     4   1   5   250  3.3900e+22     30.97    0.7374  1.8315e+00  2.4274e-02  7.5451e+01    0.9357     26.28    2.3572      3.9663    1      0
     4   1   5   250  3.3900e+22     32.66    0.7776  1.8315e+00  2.4274e-02  7.5451e+01    0.9375     26.28    2.4857      4.3306    1      0
     4   1   5   250  3.3900e+22     34.53    0.8223  1.8315e+00  1.0236e-02  1.7892e+02    0.9721     26.42    2.6143      4.7504    1      0
     4   1   5   250  3.3900e+22     36.32    0.8648  1.8315e+00  3.8848e-03  4.7146e+02    0.9901     26.48    2.7428      5.1691    1      0
     4   1   5   250  3.3900e+22     38.02    0.9053  1.8315e+00  3.8848e-03  4.7146e+02    0.9910     26.48    2.8714      5.6091    1      0
     4   1   5   250  3.3900e+22     39.77    0.9468  1.8315e+00  1.2522e-03  1.4627e+03    0.9997     26.51    3.0000      6.0971    1      0
     4   1   5   250  3.3900e+22     42.00    1.0000  1.8315e+00  1.2522e-03  1.4627e+03    1.0000     26.51    3.1685      6.7568    1      0
     4   1   5   350  3.3900e+22     23.11    0.4530  2.0306e+00  4.2198e-01  4.8121e+00    0.4696     26.61    1.7365      2.4610    1      0
     4   1   5   350  3.3900e+22     23.25    0.4559  2.0306e+00  4.2198e-01  4.8121e+00    0.4696     26.61    1.7477      2.4610    1      0
     4   1   5   350  3.3900e+22     26.25    0.5147  2.0306e+00  2.7077e-01  7.4994e+00    0.6035     28.18    1.8627      2.7293    1      0
     4   1   5   350  3.3900e+22     26.36    0.5168  2.0306e+00  2.7077e-01  7.4994e+00    0.6035     28.18    1.8702      2.7293    1      0
     4   1   5   350  3.3900e+22     28.89    0.5665  2.0306e+00  1.6255e-01  1.2492e+01    0.7227     29.31    1.9715      2.9410    1      0
     4   1   5   350  3.3900e+22     31.27    0.6131  2.0306e+00  9.8495e-02  2.0616e+01    0.8083     29.98    2.0863      3.1652    1      0
     4   1   5   350  3.3900e+22     31.48    0.6172  2.0306e+00  9.8495e-02  2.0616e+01    0.8095     29.98    2.1000      3.2347    1      0
     4   1   5   350  3.3900e+22     33.98    0.6663  2.0306e+00  5.5769e-02  3.6411e+01    0.8778     30.49    2.2286      3.5382    1      0
     4   1   5   350  3.3900e+22     36.22    0.7101  2.0306e+00  2.9637e-02  6.8516e+01    0.9265     30.81    2.3507      3.8328    1      0
     4   1   5   350  3.3900e+22     38.30    0.7509  2.0306e+00  2.9637e-02  6.8516e+01    0.9297     30.81    2.4857      4.2544    1      0
     4   1   5   350  3.3900e+22     40.52    0.7945  2.0306e+00  1.4440e-02  1.4063e+02    0.9630     31.00    2.6143      4.6909    1      0
     4   1   5   350  3.3900e+22     42.64    0.8360  2.0306e+00  6.9828e-03  2.9080e+02    0.9817     31.09    2.7429      5.0670    1      0
     4   1   5   350  3.3900e+22     44.64    0.8752  2.0306e+00  6.9828e-03  2.9080e+02    0.9825     31.09    2.8714      5.5750    1      0
     4   1   5   350  3.3900e+22     46.71    0.9158  2.0306e+00  3.1189e-03  6.5106e+02    0.9936     31.14    3.0000      6.0302    1      0
     4   1   5   350  3.3900e+22     51.00    1.0000  2.0306e+00  1.2040e-03  1.6866e+03    1.0000     31.16    3.2734      7.1006    1      0
     4   1   5   500  3.3900e+22     34.23    0.5186  9.8381e-01  1.1870e-01  8.2880e+00    0.6279     37.30    1.8350      2.7621    1      0
     4   1   5   500  3.3900e+22     34.37    0.5208  9.8381e-01  1.1870e-01  8.2880e+00    0.6279     37.30    1.8429      2.7621    1      0
     4   1   5   500  3.3900e+22     37.88    0.5740  9.8381e-01  8.2413e-02  1.1938e+01    0.7130     38.43    1.9715      2.9918    1      0
     4   1   5   500  3.3900e+22     40.70    0.6167  9.8381e-01  5.4764e-02  1.7965e+01    0.7883     39.29    2.0719      3.2379    1      0
     4   1   5   500  3.3900e+22     41.26    0.6251  9.8381e-01  5.4764e-02  1.7965e+01    0.7891     39.29    2.1000      3.3242    1      0
     4   1   5   500  3.3900e+22     44.62    0.6761  9.8381e-01  3.6395e-02  2.7031e+01    0.8471     39.86    2.2387      3.7120    1      0
     4   1   5   500  3.3900e+22     47.47    0.7192  9.8381e-01  2.3096e-02  4.2597e+01    0.8947     40.28    2.3571      4.0546    1      0
     4   1   5   500  3.3900e+22     50.42    0.7640  9.8381e-01  1.3634e-02  7.2158e+01    0.9331     40.57    2.4857      4.3816    1      0
     4   1   5   500  3.3900e+22     53.26    0.8070  9.8381e-01  7.9839e-03  1.2322e+02    0.9590     40.75    2.6143      4.7917    1      0
     4   1   5   500  3.3900e+22     56.02    0.8488  9.8381e-01  4.6770e-03  2.1035e+02    0.9760     40.85    2.7429      5.2210    1      0
     4   1   5   500  3.3900e+22     58.74    0.8900  9.8381e-01  2.7005e-03  3.6430e+02    0.9873     40.91    2.8714      5.6830    1      0
     4   1   5   500  3.3900e+22     61.42    0.9307  9.8381e-01  1.4836e-03  6.6314e+02    0.9949     40.95    3.0000      6.1731    1      0
     4   1   5   500  3.3900e+22     66.00    1.0000  9.8381e-01  7.5127e-04  1.3095e+03    1.0000     40.97    3.2217      7.1010    1      0
     4   2   1    SD  3.3900e+22     12.96    0.4798  5.4381e+21  3.9531e+20  1.3756e+01    0.7188     14.50    1.7869      2.4939    1      0
     4   2   1    SD  3.3900e+22     13.16    0.4873  5.4381e+21  3.9531e+20  1.3756e+01    0.7188     14.50    1.8147      2.4939    1      0
     4   2   1    SD  3.3900e+22     14.29    0.5294  5.4381e+21  3.9531e+20  1.3756e+01    0.7351     14.50    1.9715      2.7582    1      0
     4   2   1    SD  3.3900e+22     15.65    0.5797  5.4381e+21  1.3754e+20  3.9539e+01    0.8733     15.12    2.0705      3.1480    1      0
     4   2   1    SD  3.3900e+22     15.87    0.5879  5.4381e+21  1.3754e+20  3.9539e+01    0.8733     15.12    2.1000      3.1480    1      0
     4   2   1    SD  3.3900e+22     16.85    0.6239  5.4381e+21  1.3754e+20  3.9539e+01    0.8809     15.12    2.2286      3.4014    1      0
     4   2   1    SD  3.3900e+22     18.06    0.6690  5.4381e+21  3.7099e+19  1.4658e+02    0.9512     15.36    2.3520      3.7388    1      0
     4   2   1    SD  3.3900e+22     19.09    0.7070  5.4381e+21  3.7099e+19  1.4658e+02    0.9586     15.36    2.4857      4.2353    1      0
     4   2   1    SD  3.3900e+22     20.08    0.7436  5.4381e+21  3.7099e+19  1.4658e+02    0.9610     15.36    2.6142      4.4867    1      0
     4   2   1    SD  3.3900e+22     21.16    0.7836  5.4381e+21  8.8057e+18  6.1756e+02    0.9867     15.43    2.7429      4.7778    1      0
     4   2   1    SD  3.3900e+22     22.15    0.8203  5.4381e+21  8.8057e+18  6.1756e+02    0.9902     15.43    2.8715      5.6553    1      0
     4   2   1    SD  3.3900e+22     23.14    0.8570  5.4381e+21  8.8057e+18  6.1756e+02    0.9905     15.43    2.9999      5.9091    1      0
     4   2   1    SD  3.3900e+22     27.00    1.0000  5.4381e+21  1.4677e+18  3.7052e+03    1.0000     15.44    3.4964      7.8887    1      0
     4   2   1   250  3.3900e+22     16.68    0.5053  2.9746e+00  3.0490e-01  9.7561e+00    0.6612     18.47    1.8059      2.5954    1      0
     4   2   1   250  3.3900e+22     17.02    0.5157  2.9746e+00  3.0490e-01  9.7561e+00    0.6641     18.47    1.8429      2.6907    1      0
     4   2   1   250  3.3900e+22     19.01    0.5761  2.9746e+00  1.3780e-01  2.1587e+01    0.8077     19.29    1.9715      3.0025    1      0
     4   2   1   250  3.3900e+22     19.84    0.6013  2.9746e+00  1.3780e-01  2.1587e+01    0.8129     19.29    2.0577      3.1682    1      0
     4   2   1   250  3.3900e+22     20.25    0.6137  2.9746e+00  1.3780e-01  2.1587e+01    0.8154     19.29    2.1000      3.3430    1      0
     4   2   1   250  3.3900e+22     21.93    0.6645  2.9746e+00  5.7400e-02  5.1823e+01    0.9072     19.68    2.2285      3.7717    1      0
     4   2   1   250  3.3900e+22     23.20    0.7029  2.9746e+00  5.7400e-02  5.1823e+01    0.9085     19.68    2.3571      3.9366    1      0
     4   2   1   250  3.3900e+22     24.69    0.7483  2.9746e+00  1.9177e-02  1.5511e+02    0.9625     19.87    2.4857      4.3342    1      0
     4   2   1   250  3.3900e+22     25.97    0.7870  2.9746e+00  1.9177e-02  1.5511e+02    0.9654     19.87    2.6143      4.8889    1      0
     4   2   1   250  3.3900e+22     27.34    0.8285  2.9746e+00  5.2079e-03  5.7118e+02    0.9896     19.94    2.7429      5.1896    1      0
     4   2   1   250  3.3900e+22     28.62    0.8674  2.9746e+00  5.2079e-03  5.7118e+02    0.9913     19.94    2.8714      5.8160    1      0
     4   2   1   250  3.3900e+22     29.91    0.9062  2.9746e+00  5.2079e-03  5.7118e+02    0.9914     19.94    3.0000      6.0534    1      0
     4   2   1   250  3.3900e+22     33.00    1.0000  2.9746e+00  1.4978e-03  1.9860e+03    1.0000     19.95    3.3075      7.4276    1      0
     4   2   1   350  3.3900e+22     28.24    0.6723  2.8592e+00  7.1469e-02  4.0007e+01    0.8851     25.34    2.2286      3.5308    1      0
     4   2   1   350  3.3900e+22     30.05    0.7155  2.8592e+00  3.4705e-02  8.2387e+01    0.9358     25.58    2.3499      3.8721    1      0
     4   2   1   350  3.3900e+22     31.79    0.7569  2.8592e+00  3.4705e-02  8.2387e+01    0.9397     25.58    2.4857      4.2455    1      0
     4   2   1   350  3.3900e+22     33.59    0.7999  2.8592e+00  1.5388e-02  1.8581e+02    0.9717     25.70    2.6143      4.7495    1      0
     4   2   1   350  3.3900e+22     35.25    0.8392  2.8592e+00  1.5388e-02  1.8581e+02    0.9729     25.70    2.7429      5.1695    1      0
     4   2   1   350  3.3900e+22     36.98    0.8805  2.8592e+00  6.3210e-03  4.5234e+02    0.9904     25.76    2.8714      5.6075    1      0
     4   2   1   350  3.3900e+22     38.64    0.9200  2.8592e+00  6.3210e-03  4.5234e+02    0.9908     25.76    3.0000      6.0247    1      0
     4   2   1   350  3.3900e+22     42.00    1.0000  2.8592e+00  2.3063e-03  1.2397e+03    1.0000     25.79    3.2577      7.0875    1      0
     4   2   1   500  3.3900e+22     45.29    0.7549  1.2108e+00  1.2201e-02  9.9237e+01    0.9480     36.46    2.4847      4.3138    1      0
     4   2   1   500  3.3900e+22     47.66    0.7943  1.2108e+00  1.2201e-02  9.9237e+01    0.9495     36.46    2.6143      4.7636    1      0
     4   2   1   500  3.3900e+22     50.19    0.8364  1.2108e+00  6.4341e-03  1.8818e+02    0.9728     36.59    2.7429      5.1669    1      0
     4   2   1   500  3.3900e+22     52.64    0.8773  1.2108e+00  3.3734e-03  3.5892e+02    0.9868     36.67    2.8714      5.6654    1      0
     4   2   1   500  3.3900e+22     55.05    0.9176  1.2108e+00  1.7608e-03  6.8762e+02    0.9949     36.70    3.0000      6.0659    1      0
     4   2   1   500  3.3900e+22     60.00    1.0000  1.2108e+00  9.0754e-04  1.3341e+03    1.0000     36.72    3.2676      7.1678    1      0
     4   2   2    SD  3.3900e+22      9.52    0.3174  5.9435e+21  1.6397e+21  3.6247e+00    0.3541     13.71    1.3894      1.9006    1      0
     4   2   2    SD  3.3900e+22     10.43    0.3475  5.9435e+21  1.6397e+21  3.6247e+00    0.3541     13.71    1.5210      1.9006    1      0
     4   2   2    SD  3.3900e+22     11.56    0.3854  5.9435e+21  1.6397e+21  3.6247e+00    0.3715     13.71    1.6869      2.2030    1      0
     4   2   2    SD  3.3900e+22     12.09    0.4029  5.9435e+21  7.4516e+20  7.9761e+00    0.5579     15.86    1.5246      1.9294    1      0
     4   2   2    SD  3.3900e+22     12.54    0.4179  5.9435e+21  7.4516e+20  7.9761e+00    0.5861     15.86    1.5813      2.1365    1      0
     4   2   2    SD  3.3900e+22     12.93    0.4311  5.9435e+21  7.4516e+20  7.9761e+00    0.5980     15.86    1.6310      2.2410    1      0
     4   2   2    SD  3.3900e+22     14.63    0.4876  5.9435e+21  7.4516e+20  7.9761e+00    0.6149     15.86    1.8449      2.4651    1      0
     4   2   2    SD  3.3900e+22     14.75    0.4916  5.9435e+21  7.4516e+20  7.9761e+00    0.6149     15.86    1.8600      2.4651    1      0
     4   2   2    SD  3.3900e+22     16.64    0.5548  5.9435e+21  3.1737e+20  1.8727e+01    0.7903     16.89    1.9714      2.9183    1      0
     4   2   2    SD  3.3900e+22     17.45    0.5817  5.9435e+21  3.1737e+20  1.8727e+01    0.7930     16.89    2.0668      3.0285    1      0
     4   2   2    SD  3.3900e+22     17.78    0.5925  5.9435e+21  3.1737e+20  1.8727e+01    0.7957     16.89    2.1054      3.2572    1      0
     4   2   2    SD  3.3900e+22     19.37    0.6458  5.9435e+21  1.0926e+20  5.4395e+01    0.9108     17.39    2.2286      3.7088    1      0
     4   2   2    SD  3.3900e+22     20.49    0.6830  5.9435e+21  1.0926e+20  5.4395e+01    0.9125     17.39    2.3571      3.9179    1      0
     4   2   2    SD  3.3900e+22     21.84    0.7279  5.9435e+21  3.2974e+19  1.8025e+02    0.9662     17.57    2.4857      4.3690    1      0
     4   2   2    SD  3.3900e+22     22.96    0.7655  5.9435e+21  3.2974e+19  1.8025e+02    0.9685     17.57    2.6142      4.7712    1      0
     4   2   2    SD  3.3900e+22     24.18    0.8060  5.9435e+21  7.2512e+18  8.1965e+02    0.9902     17.63    2.7429      4.9912    1      0
     4   2   2    SD  3.3900e+22     25.31    0.8438  5.9435e+21  7.2512e+18  8.1965e+02    0.9922     17.63    2.8714      5.5881    1      0
     4   2   2    SD  3.3900e+22     26.45    0.8815  5.9435e+21  7.2512e+18  8.1965e+02    0.9928     17.63    3.0000      6.0902    1      0
     4   2   2    SD  3.3900e+22     30.00    1.0000  5.9435e+21  1.0778e+18  5.5143e+03    1.0000     17.65    3.4003      7.9610    1      0
     4   2   2   160  3.3900e+22      6.78    0.2259  5.0022e-02  4.1349e-02  1.2098e+00    0.0436     13.98    0.9698      1.1691    0      0
     4   2   2   160  3.3900e+22      7.63    0.2543  5.0022e-02  4.1349e-02  1.2098e+00    0.0436     13.98    1.0917      1.1691    0      0
     4   2   2   160  3.3900e+22      8.11    0.2703  5.0022e-02  4.1349e-02  1.2098e+00    0.0436     13.98    1.1604      1.1691    0      0
     4   2   2   160  3.3900e+22      8.64    0.2880  5.0022e-02  4.1349e-02  1.2098e+00    0.0459     13.98    1.2362      1.3219    0      0
     4   2   2   160  3.3900e+22      9.11    0.3038  5.0022e-02  2.9249e-02  1.7102e+00    0.1444     18.85    0.9670      1.1664    0      0
     4   2   2   160  3.3900e+22      9.61    0.3205  5.0022e-02  2.9249e-02  1.7102e+00    0.1687     18.85    1.0201      1.2736    0      0
     4   2   2   160  3.3900e+22     10.12    0.3375  5.0022e-02  2.9249e-02  1.7102e+00    0.1687     18.85    1.0743      1.2736    0      0
     4   2   2   160  3.3900e+22     10.80    0.3600  5.0022e-02  2.9249e-02  1.7102e+00    0.1687     18.85    1.1458      1.2736    0      0
     4   2   2   160  3.3900e+22     11.47    0.3825  5.0022e-02  2.9249e-02  1.7102e+00    0.1820     18.85    1.2175      1.4362    0      0
     4   2   2   160  3.3900e+22     12.32    0.4106  5.0022e-02  1.6382e-02  3.0535e+00    0.3595     22.04    1.1179      1.2821    1      0
     4   2   2   160  3.3900e+22     13.18    0.4393  5.0022e-02  1.6382e-02  3.0535e+00    0.3992     22.04    1.1959      1.4374    1      0
     4   2   2   160  3.3900e+22     14.22    0.4739  5.0022e-02  1.6382e-02  3.0535e+00    0.4170     22.04    1.2900      1.5565    1      0
     4   2   2   160  3.3900e+22     15.08    0.5027  5.0022e-02  7.9848e-03  6.2647e+00    0.6122     24.11    1.2509      1.5551    1      0
     4   2   2   160  3.3900e+22     15.51    0.5169  5.0022e-02  7.9848e-03  6.2647e+00    0.6318     24.11    1.2861      1.6558    1      0
     4   2   2   160  3.3900e+22     17.18    0.5727  5.0022e-02  7.9848e-03  6.2647e+00    0.6485     24.11    1.4249      1.8306    1      0
     4   2   2   160  3.3900e+22     17.59    0.5864  5.0022e-02  7.9848e-03  6.2647e+00    0.6524     24.11    1.4590      1.9637    1      0
     4   2   2   160  3.3900e+22     19.71    0.6570  5.0022e-02  3.0773e-03  1.6255e+01    0.8327     25.26    1.5607      2.1595    1      0
     4   2   2   160  3.3900e+22     20.03    0.6675  5.0022e-02  3.0773e-03  1.6255e+01    0.8327     25.26    1.5857      2.1595    1      0
     4   2   2   160  3.3900e+22     22.06    0.7355  5.0022e-02  1.0050e-03  4.9772e+01    0.9352     25.74    1.7143      2.5938    1      0
     4   2   2   160  3.3900e+22     23.72    0.7906  5.0022e-02  1.0050e-03  4.9772e+01    0.9371     25.74    1.8428      2.8228    1      0
     4   2   2   160  3.3900e+22     25.55    0.8517  5.0022e-02  2.3518e-04  2.1270e+02    0.9837     25.92    1.9714      3.1841    1      0
     4   2   2   160  3.3900e+22     27.27    0.9089  5.0022e-02  3.6900e-05  1.3556e+03    0.9990     25.97    2.1000      3.6512    1      0
     4   2   2   160  3.3900e+22     28.93    0.9645  5.0022e-02  3.6900e-05  1.3556e+03    0.9999     25.97    2.2286      4.0952    1      0
     4   2   2   160  3.3900e+22     30.00    1.0000  5.0022e-02  3.6900e-05  1.3556e+03    1.0000     25.97    2.3106      4.4303    1      0
     4   2   2   250  3.3900e+22     15.79    0.4386  3.8025e+00  5.4148e-01  7.0225e+00    0.5685     19.41    1.6269      2.2616    1      0
     4   2   2   250  3.3900e+22     16.64    0.4621  3.8025e+00  5.4148e-01  7.0225e+00    0.5786     19.41    1.7143      2.4219    1      0
     4   2   2   250  3.3900e+22     18.02    0.5005  3.8025e+00  2.7264e-01  1.3947e+01    0.7198     20.48    1.7591      2.4548    1      0
     4   2   2   250  3.3900e+22     18.33    0.5093  3.8025e+00  2.7264e-01  1.3947e+01    0.7293     20.48    1.7900      2.5944    1      0
     4   2   2   250  3.3900e+22     20.19    0.5609  3.8025e+00  2.7264e-01  1.3947e+01    0.7446     20.48    1.9714      3.0454    1      0
     4   2   2   250  3.3900e+22     21.40    0.5944  3.8025e+00  1.2685e-01  2.9977e+01    0.8484     21.07    2.0315      3.0900    1      0
     4   2   2   250  3.3900e+22     22.12    0.6145  3.8025e+00  1.2685e-01  2.9977e+01    0.8561     21.07    2.1000      3.3667    1      0
     4   2   2   250  3.3900e+22     23.48    0.6521  3.8025e+00  1.2685e-01  2.9977e+01    0.8585     21.07    2.2285      3.6609    1      0
     4   2   2   250  3.3900e+22     25.20    0.7000  3.8025e+00  4.8478e-02  7.8439e+01    0.9336     21.38    2.3572      3.9367    1      0
     4   2   2   250  3.3900e+22     26.57    0.7382  3.8025e+00  4.8478e-02  7.8439e+01    0.9360     21.38    2.4857      4.2820    1      0
     4   2   2   250  3.3900e+22     28.12    0.7812  3.8025e+00  1.5354e-02  2.4766e+02    0.9761     21.51    2.6143      4.7611    1      0
     4   2   2   250  3.3900e+22     29.51    0.8196  3.8025e+00  1.5354e-02  2.4766e+02    0.9772     21.51    2.7428      5.0305    1      0
     4   2   2   250  3.3900e+22     30.95    0.8597  3.8025e+00  5.0921e-03  7.4675e+02    0.9929     21.56    2.8714      5.7777    1      0
     4   2   2   250  3.3900e+22     32.33    0.8982  3.8025e+00  5.0921e-03  7.4675e+02    0.9933     21.56    3.0000      6.1822    1      0
     4   2   2   250  3.3900e+22     36.00    1.0000  3.8025e+00  1.4095e-03  2.6979e+03    1.0000     21.57    3.3378      7.3589    1      0
     4   2   2   350  3.3900e+22     25.34    0.5631  3.8050e+00  2.5634e-01  1.4844e+01    0.7504     25.71    1.9714      2.8975    1      0
     4   2   2   350  3.3900e+22     27.14    0.6031  3.8050e+00  1.2967e-01  2.9343e+01    0.8442     26.33    2.0613      3.0537    1      0
     4   2   2   350  3.3900e+22     27.43    0.6096  3.8050e+00  1.2967e-01  2.9343e+01    0.8470     26.33    2.0837      3.1400    1      0
     4   2   2   350  3.3900e+22     29.34    0.6520  3.8050e+00  1.2967e-01  2.9343e+01    0.8544     26.33    2.2285      3.4944    1      0
     4   2   2   350  3.3900e+22     31.40    0.6978  3.8050e+00  6.6828e-02  5.6937e+01    0.9152     26.64    2.3571      3.9522    1      0
     4   2   2   350  3.3900e+22     33.33    0.7406  3.8050e+00  3.1436e-02  1.2104e+02    0.9541     26.82    2.4857      4.2217    1      0
     4   2   2   350  3.3900e+22     35.05    0.7790  3.8050e+00  3.1436e-02  1.2104e+02    0.9568     26.82    2.6143      4.6912    1      0
     4   2   2   350  3.3900e+22     36.90    0.8199  3.8050e+00  1.3834e-02  2.7504e+02    0.9802     26.90    2.7429      5.1581    1      0
     4   2   2   350  3.3900e+22     38.63    0.8584  3.8050e+00  1.3834e-02  2.7504e+02    0.9807     26.90    2.8715      5.5410    1      0
     4   2   2   350  3.3900e+22     40.42    0.8982  3.8050e+00  5.4293e-03  7.0084e+02    0.9938     26.94    3.0000      6.1160    1      0
     4   2   2   350  3.3900e+22     45.00    1.0000  3.8050e+00  2.1133e-03  1.8005e+03    1.0000     26.96    3.3381      7.3489    1      0
     4   2   2   500  3.3900e+22     40.87    0.6487  1.6597e+00  5.5886e-02  2.9698e+01    0.8559     36.67    2.2285      3.6818    1      0
     4   2   2   500  3.3900e+22     43.66    0.6930  1.6597e+00  3.4623e-02  4.7937e+01    0.9020     37.04    2.3571      3.9695    1      0
     4   2   2   500  3.3900e+22     46.35    0.7357  1.6597e+00  2.0363e-02  8.1504e+01    0.9374     37.29    2.4857      4.3398    1      0
     4   2   2   500  3.3900e+22     48.96    0.7771  1.6597e+00  1.1023e-02  1.5057e+02    0.9638     37.46    2.6143      4.7891    1      0
     4   2   2   500  3.3900e+22     51.49    0.8173  1.6597e+00  5.9338e-03  2.7970e+02    0.9800     37.54    2.7429      5.2163    1      0
     4   2   2   500  3.3900e+22     53.90    0.8556  1.6597e+00  5.9338e-03  2.7970e+02    0.9806     37.54    2.8714      5.6157    1      0
     4   2   2   500  3.3900e+22     56.39    0.8950  1.6597e+00  3.1792e-03  5.2204e+02    0.9904     37.59    3.0000      6.1455    1      0
     4   2   2   500  3.3900e+22     63.00    1.0000  1.6597e+00  8.4318e-04  1.9684e+03    1.0000     37.63    3.3481      7.5242    1      0
     4   2   3    SD  3.3900e+22      9.44    0.2861  5.7233e+21  2.2816e+21  2.5085e+00    0.1991     14.48    1.3046      1.5813    0      0
     4   2   3    SD  3.3900e+22     10.24    0.3104  5.7233e+21  2.2816e+21  2.5085e+00    0.2240     14.48    1.4151      1.7926    1      0
     4   2   3    SD  3.3900e+22     11.23    0.3403  5.7233e+21  2.2816e+21  2.5085e+00    0.2365     14.48    1.5515      2.0655    1      0
     4   2   3    SD  3.3900e+22     12.40    0.3758  5.7233e+21  1.3186e+21  4.3404e+00    0.4093     17.38    1.4271      1.9345    1      0
     4   2   3    SD  3.3900e+22     13.70    0.4151  5.7233e+21  1.3186e+21  4.3404e+00    0.4336     17.38    1.5763      2.2107    1      0
     4   2   3    SD  3.3900e+22     15.32    0.4641  5.7233e+21  7.1934e+20  7.9563e+00    0.6064     19.04    1.6090      2.3161    1      0
     4   2   3    SD  3.3900e+22     16.32    0.4945  5.7233e+21  7.1934e+20  7.9563e+00    0.6169     19.04    1.7143      2.4814    1      0
     4   2   3    SD  3.3900e+22     17.40    0.5272  5.7233e+21  7.1934e+20  7.9563e+00    0.6199     19.04    1.8275      2.5709    1      0
     4   2   3    SD  3.3900e+22     17.55    0.5319  5.7233e+21  7.1934e+20  7.9563e+00    0.6232     19.04    1.8440      2.7599    1      0
     4   2   3    SD  3.3900e+22     19.76    0.5988  5.7233e+21  3.3681e+20  1.6993e+01    0.7822     20.05    1.9714      2.9754    1      0
     4   2   3    SD  3.3900e+22     20.55    0.6228  5.7233e+21  3.3681e+20  1.6993e+01    0.7849     20.05    2.0502      3.1381    1      0
     4   2   3    SD  3.3900e+22     21.60    0.6545  5.7233e+21  1.3959e+20  4.1000e+01    0.8850     20.57    2.1000      3.2036    1      0
     4   2   3    SD  3.3900e+22     22.92    0.6945  5.7233e+21  1.3959e+20  4.1000e+01    0.8938     20.57    2.2286      3.6448    1      0
     4   2   3    SD  3.3900e+22     24.54    0.7436  5.7233e+21  4.4310e+19  1.2917e+02    0.9578     20.82    2.3572      3.9826    1      0
     4   2   3    SD  3.3900e+22     25.88    0.7841  5.7233e+21  4.4310e+19  1.2917e+02    0.9613     20.82    2.4857      4.4899    1      0
     4   2   3    SD  3.3900e+22     27.33    0.8282  5.7233e+21  1.0387e+19  5.5102e+02    0.9893     20.91    2.6143      4.7533    1      0
     4   2   3    SD  3.3900e+22     28.68    0.8690  5.7233e+21  1.0387e+19  5.5102e+02    0.9912     20.91    2.7429      5.3257    1      0
     4   2   3    SD  3.3900e+22     30.04    0.9104  5.7233e+21  2.4812e+18  2.3067e+03    0.9993     20.93    2.8707      5.7231    1      0
     4   2   3    SD  3.3900e+22     31.40    0.9514  5.7233e+21  2.4812e+18  2.3067e+03    0.9999     20.93    3.0000      6.2971    1      0
     4   2   3    SD  3.3900e+22     33.00    1.0000  5.7233e+21  2.4812e+18  2.3067e+03    1.0000     20.93    3.1533      6.8016    1      0
     4   2   3   160  3.3900e+22      9.04    0.2738  9.4769e-02  5.9090e-02  1.6038e+00    0.1007     17.72    1.0197      1.3126    0      0
     4   2   3   160  3.3900e+22      9.62    0.2914  9.4769e-02  5.9090e-02  1.6038e+00    0.1166     17.72    1.0850      1.4462    0      0
     4   2   3   160  3.3900e+22     10.21    0.3095  9.4769e-02  5.9090e-02  1.6038e+00    0.1166     17.72    1.1523      1.4462    0      0
     4   2   3   160  3.3900e+22     10.73    0.3253  9.4769e-02  5.9090e-02  1.6038e+00    0.1166     17.72    1.2113      1.4462    0      0
     4   2   3   160  3.3900e+22     10.95    0.3319  9.4769e-02  5.9090e-02  1.6038e+00    0.1253     17.72    1.2360      1.6366    0      0
     4   2   3   160  3.3900e+22     11.06    0.3352  9.4769e-02  5.9090e-02  1.6038e+00    0.1253     17.72    1.2480      1.6366    0      0
     4   2   3   160  3.3900e+22     11.74    0.3557  9.4769e-02  5.9090e-02  1.6038e+00    0.1253     17.72    1.3244      1.6366    0      0
     4   2   3   160  3.3900e+22     12.59    0.3816  9.4769e-02  3.9146e-02  2.4209e+00    0.2707     21.28    1.1834      1.4958    1      0
     4   2   3   160  3.3900e+22     13.54    0.4103  9.4769e-02  3.9146e-02  2.4209e+00    0.2924     21.28    1.2724      1.6767    1      0
     4   2   3   160  3.3900e+22     14.60    0.4423  9.4769e-02  3.9146e-02  2.4209e+00    0.2924     21.28    1.3717      1.6767    1      0
     4   2   3   160  3.3900e+22     15.85    0.4802  9.4769e-02  2.3313e-02  4.0651e+00    0.4769     24.01    1.3197      1.7031    1      0
     4   2   3   160  3.3900e+22     17.34    0.5256  9.4769e-02  2.3313e-02  4.0651e+00    0.4920     24.01    1.4445      1.8735    1      0
     4   2   3   160  3.3900e+22     18.03    0.5465  9.4769e-02  1.1664e-02  8.1250e+00    0.6646     25.77    1.3998      1.8048    1      0
     4   2   3   160  3.3900e+22     19.29    0.5847  9.4769e-02  1.1664e-02  8.1250e+00    0.6924     25.77    1.4976      2.1004    1      0
     4   2   3   160  3.3900e+22     21.02    0.6368  9.4769e-02  5.0374e-03  1.8813e+01    0.8223     26.76    1.5704      2.0768    1      0
     4   2   3   160  3.3900e+22     22.17    0.6718  9.4769e-02  5.0374e-03  1.8813e+01    0.8422     26.76    1.6566      2.4088    1      0
     4   2   3   160  3.3900e+22     22.94    0.6952  9.4769e-02  5.0374e-03  1.8813e+01    0.8444     26.76    1.7143      2.5112    1      0
     4   2   3   160  3.3900e+22     25.13    0.7615  9.4769e-02  1.6422e-03  5.7709e+01    0.9391     27.27    1.8428      2.7993    1      0
     4   2   3   160  3.3900e+22     26.89    0.8147  9.4769e-02  1.6422e-03  5.7709e+01    0.9420     27.27    1.9714      3.1441    1      0
     4   2   3   160  3.3900e+22     28.84    0.8738  9.4769e-02  3.9120e-04  2.4225e+02    0.9866     27.46    2.1000      3.5801    1      0
     4   2   3   160  3.3900e+22     30.65    0.9288  9.4769e-02  9.3880e-05  1.0095e+03    0.9995     27.51    2.2286      4.0289    1      0
     4   2   3   160  3.3900e+22     32.42    0.9824  9.4769e-02  9.3880e-05  1.0095e+03    1.0000     27.51    2.3571      4.4140    1      0
     4   2   3   160  3.3900e+22     33.00    1.0000  9.4769e-02  9.3880e-05  1.0095e+03    1.0000     27.51    2.3994      4.5590    1      0
     4   2   3   250  3.3900e+22     12.03    0.3084  4.1964e+00  1.4326e+00  2.9292e+00    0.2587     18.59    1.2936      1.6471    1      0
     4   2   3   250  3.3900e+22     13.12    0.3363  4.1964e+00  1.4326e+00  2.9292e+00    0.2831     18.59    1.4109      1.8735    1      0
     4   2   3   250  3.3900e+22     14.40    0.3694  4.1964e+00  1.4326e+00  2.9292e+00    0.2941     18.59    1.5494      2.0400    1      0
     4   2   3   250  3.3900e+22     15.94    0.4086  4.1964e+00  9.2064e-01  4.5581e+00    0.4412     20.65    1.5432      2.0791    1      0
     4   2   3   250  3.3900e+22     17.82    0.4568  4.1964e+00  9.2064e-01  4.5581e+00    0.4562     20.65    1.7255      2.4628    1      0
     4   2   3   250  3.3900e+22     18.61    0.4771  4.1964e+00  5.3731e-01  7.8100e+00    0.6026     22.19    1.6767      2.3117    1      0
     4   2   3   250  3.3900e+22     20.27    0.5197  4.1964e+00  5.3731e-01  7.8100e+00    0.6186     22.19    1.8266      2.6986    1      0
     4   2   3   250  3.3900e+22     20.61    0.5285  4.1964e+00  5.3731e-01  7.8100e+00    0.6186     22.19    1.8576      2.6986    1      0
     4   2   3   250  3.3900e+22     22.85    0.5858  4.1964e+00  2.9183e-01  1.4380e+01    0.7545     23.18    1.9714      3.0125    1      0
     4   2   3   250  3.3900e+22     23.98    0.6149  4.1964e+00  2.9183e-01  1.4380e+01    0.7554     23.18    2.0691      3.1388    1      0
     4   2   3   250  3.3900e+22     25.00    0.6411  4.1964e+00  1.3430e-01  3.1247e+01    0.8630     23.81    2.1000      3.2731    1      0
     4   2   3   250  3.3900e+22     26.53    0.6804  4.1964e+00  1.3430e-01  3.1247e+01    0.8667     23.81    2.2286      3.5540    1      0
     4   2   3   250  3.3900e+22     28.46    0.7297  4.1964e+00  5.2984e-02  7.9201e+01    0.9378     24.15    2.3571      3.9618    1      0
     4   2   3   250  3.3900e+22     30.18    0.7738  4.1964e+00  2.1218e-02  1.9778e+02    0.9720     24.28    2.4857      4.3924    1      0
     4   2   3   250  3.3900e+22     31.74    0.8138  4.1964e+00  2.1218e-02  1.9778e+02    0.9737     24.28    2.6142      4.7086    1      0
     4   2   3   250  3.3900e+22     33.38    0.8559  4.1964e+00  7.3015e-03  5.7473e+02    0.9911     24.34    2.7428      5.1200    1      0
     4   2   3   250  3.3900e+22     34.95    0.8960  4.1964e+00  7.3015e-03  5.7473e+02    0.9921     24.34    2.8714      5.5930    1      0
     4   2   3   250  3.3900e+22     36.54    0.9370  4.1964e+00  2.2481e-03  1.8666e+03    0.9998     24.36    3.0000      6.2435    1      0
     4   2   3   250  3.3900e+22     39.00    1.0000  4.1964e+00  2.2481e-03  1.8666e+03    1.0000     24.36    3.2018      6.8226    1      0
     4   2   3   350  3.3900e+22     21.27    0.4430  4.5267e+00  7.4425e-01  6.0823e+00    0.5319     25.81    1.6477      2.2855    1      0
     4   2   3   350  3.3900e+22     21.60    0.4499  4.5267e+00  7.4425e-01  6.0823e+00    0.5319     25.81    1.6734      2.2855    1      0
     4   2   3   350  3.3900e+22     24.27    0.5056  4.5267e+00  4.4794e-01  1.0106e+01    0.6697     27.11    1.7900      2.5898    1      0
     4   2   3   350  3.3900e+22     24.59    0.5123  4.5267e+00  4.4794e-01  1.0106e+01    0.6697     27.11    1.8138      2.5898    1      0
     4   2   3   350  3.3900e+22     27.09    0.5645  4.5267e+00  2.4862e-01  1.8207e+01    0.7791     27.99    1.9360      2.7733    1      0
     4   2   3   350  3.3900e+22     29.24    0.6091  4.5267e+00  2.4862e-01  1.8207e+01    0.7908     27.99    2.0892      3.1642    1      0
     4   2   3   350  3.3900e+22     29.50    0.6146  4.5267e+00  2.4862e-01  1.8207e+01    0.7908     27.99    2.1079      3.1642    1      0
     4   2   3   350  3.3900e+22     31.73    0.6609  4.5267e+00  1.3949e-01  3.2451e+01    0.8669     28.47    2.2286      3.5261    1      0
     4   2   3   350  3.3900e+22     33.90    0.7063  4.5267e+00  7.2336e-02  6.2579e+01    0.9217     28.77    2.3571      3.8686    1      0
     4   2   3   350  3.3900e+22     35.81    0.7461  4.5267e+00  7.2336e-02  6.2579e+01    0.9239     28.77    2.4899      4.2059    1      0
     4   2   3   350  3.3900e+22     37.82    0.7878  4.5267e+00  3.5094e-02  1.2899e+02    0.9599     28.93    2.6143      4.6426    1      0
     4   2   3   350  3.3900e+22     39.79    0.8290  4.5267e+00  1.5411e-02  2.9373e+02    0.9818     29.02    2.7428      5.0723    1      0
     4   2   3   350  3.3900e+22     41.66    0.8679  4.5267e+00  1.5411e-02  2.9373e+02    0.9825     29.02    2.8715      5.4354    1      0
     4   2   3   350  3.3900e+22     43.58    0.9080  4.5267e+00  6.6830e-03  6.7735e+02    0.9939     29.05    3.0000      6.0372    1      0
     4   2   3   350  3.3900e+22     48.00    1.0000  4.5267e+00  2.6647e-03  1.6988e+03    1.0000     29.07    3.3021      7.1618    1      0
     4   2   3   500  3.3900e+22     36.44    0.5784  2.1047e+00  1.4308e-01  1.4710e+01    0.7508     37.30    1.9540      2.9341    1      0
     4   2   3   500  3.3900e+22     39.08    0.6204  2.1047e+00  9.1987e-02  2.2880e+01    0.8206     38.02    2.0560      3.1337    1      0
     4   2   3   500  3.3900e+22     39.92    0.6336  2.1047e+00  9.1987e-02  2.2880e+01    0.8233     38.02    2.1000      3.2650    1      0
     4   2   3   500  3.3900e+22     42.88    0.6807  2.1047e+00  5.8988e-02  3.5680e+01    0.8768     38.48    2.2286      3.6119    1      0
     4   2   3   500  3.3900e+22     45.73    0.7260  2.1047e+00  3.6053e-02  5.8378e+01    0.9189     38.81    2.3571      3.9852    1      0
     4   2   3   500  3.3900e+22     48.50    0.7699  2.1047e+00  2.0388e-02  1.0323e+02    0.9514     39.03    2.4857      4.3865    1      0
     4   2   3   500  3.3900e+22     51.18    0.8123  2.1047e+00  1.1456e-02  1.8371e+02    0.9722     39.15    2.6143      4.7685    1      0
     4   2   3   500  3.3900e+22     53.69    0.8523  2.1047e+00  1.1456e-02  1.8371e+02    0.9732     39.15    2.7428      5.2205    1      0
     4   2   3   500  3.3900e+22     56.31    0.8938  2.1047e+00  6.4146e-03  3.2811e+02    0.9863     39.22    2.8714      5.6567    1      0
     4   2   3   500  3.3900e+22     58.89    0.9348  2.1047e+00  3.5377e-03  5.9493e+02    0.9946     39.26    3.0000      6.1275    1      0
     4   2   3   500  3.3900e+22     63.00    1.0000  2.1047e+00  1.8594e-03  1.1319e+03    1.0000     39.29    3.2072      6.9527    1      0
     4   2   4    SD  3.3900e+22      9.03    0.2315  4.8862e+21  2.5984e+21  1.8804e+00    0.1068     14.99    1.2045      1.5347    0      0
     4   2   4    SD  3.3900e+22      9.74    0.2498  4.8862e+21  2.5984e+21  1.8804e+00    0.1211     14.99    1.2997      1.7270    0      0
     4   2   4    SD  3.3900e+22     10.56    0.2708  4.8862e+21  2.5984e+21  1.8804e+00    0.1211     14.99    1.4087      1.7270    0      0
     4   2   4    SD  3.3900e+22     10.56    0.2708  4.8862e+21  2.5984e+21  1.8804e+00    0.1211     14.99    1.4088      1.7270    0      0
     4   2   4    SD  3.3900e+22     11.29    0.2894  4.8862e+21  2.5984e+21  1.8804e+00    0.1284     14.99    1.5055      1.9801    0      0
     4   2   4    SD  3.3900e+22     11.49    0.2947  4.8862e+21  2.5984e+21  1.8804e+00    0.1284     14.99    1.5330      1.9801    0      0
     4   2   4    SD  3.3900e+22     12.61    0.3233  4.8862e+21  1.8229e+21  2.6804e+00    0.2375     18.46    1.3656      1.8165    1      0
     4   2   4    SD  3.3900e+22     13.78    0.3532  4.8862e+21  1.8229e+21  2.6804e+00    0.2533     18.46    1.4922      2.0616    1      0
     4   2   4    SD  3.3900e+22     15.21    0.3901  4.8862e+21  1.2457e+21  3.9224e+00    0.3716     20.58    1.4786      1.9603    1      0
     4   2   4    SD  3.3900e+22     16.87    0.4325  4.8862e+21  1.2457e+21  3.9224e+00    0.3916     20.58    1.6397      2.2278    1      0
     4   2   4    SD  3.3900e+22     18.72    0.4799  4.8862e+21  7.8630e+20  6.2142e+00    0.5347     22.26    1.6817      2.2920    1      0
     4   2   4    SD  3.3900e+22     18.93    0.4853  4.8862e+21  7.8630e+20  6.2142e+00    0.5347     22.26    1.7007      2.2920    1      0
     4   2   4    SD  3.3900e+22     21.50    0.5514  4.8862e+21  4.5965e+20  1.0630e+01    0.6800     23.45    1.8336      2.5892    1      0
     4   2   4    SD  3.3900e+22     21.56    0.5529  4.8862e+21  4.5965e+20  1.0630e+01    0.6800     23.45    1.8386      2.5892    1      0
     4   2   4    SD  3.3900e+22     23.12    0.5928  4.8862e+21  4.5965e+20  1.0630e+01    0.6923     23.45    1.9714      2.9222    1      0
     4   2   4    SD  3.3900e+22     25.35    0.6499  4.8862e+21  2.2297e+20  2.1914e+01    0.8205     24.34    2.0827      3.1033    1      0
     4   2   4    SD  3.3900e+22     25.56    0.6553  4.8862e+21  2.2297e+20  2.1914e+01    0.8215     24.34    2.1000      3.1554    1      0
     4   2   4    SD  3.3900e+22     27.70    0.7102  4.8862e+21  8.9068e+19  5.4859e+01    0.9157     24.86    2.2286      3.5850    1      0
     4   2   4    SD  3.3900e+22     29.30    0.7512  4.8862e+21  8.9068e+19  5.4859e+01    0.9185     24.86    2.3571      3.7809    1      0
     4   2   4    SD  3.3900e+22     31.16    0.7989  4.8862e+21  3.4138e+19  1.4313e+02    0.9652     25.07    2.4857      4.2350    1      0
     4   2   4    SD  3.3900e+22     32.77    0.8403  4.8862e+21  3.4138e+19  1.4313e+02    0.9666     25.07    2.6143      4.6259    1      0
     4   2   4    SD  3.3900e+22     34.51    0.8848  4.8862e+21  1.0439e+19  4.6806e+02    0.9905     25.16    2.7429      5.1202    1      0
     4   2   4    SD  3.3900e+22     36.17    0.9274  4.8862e+21  2.6359e+18  1.8538e+03    0.9995     25.19    2.8714      5.5168    1      0
     4   2   4    SD  3.3900e+22     37.79    0.9689  4.8862e+21  2.6359e+18  1.8538e+03    0.9999     25.19    3.0000      5.9968    1      0
     4   2   4    SD  3.3900e+22     39.00    1.0000  4.8862e+21  2.6359e+18  1.8538e+03    1.0000     25.19    3.0963      6.2377    1      0
     4   2   4   160  3.3900e+22      9.30    0.2385  1.1019e-01  7.4730e-02  1.4745e+00    0.0657     17.20    1.0818      1.3573    0      0
     4   2   4   160  3.3900e+22      9.57    0.2453  1.1019e-01  7.4730e-02  1.4745e+00    0.0759     17.20    1.1127      1.4985    0      0
     4   2   4   160  3.3900e+22      9.88    0.2534  1.1019e-01  7.4730e-02  1.4745e+00    0.0759     17.20    1.1494      1.4985    0      0
     4   2   4   160  3.3900e+22     10.59    0.2714  1.1019e-01  7.4730e-02  1.4745e+00    0.0759     17.20    1.2312      1.4985    0      0
     4   2   4   160  3.3900e+22     11.33    0.2906  1.1019e-01  7.4730e-02  1.4745e+00    0.0815     17.20    1.3179      1.6972    0      0
     4   2   4   160  3.3900e+22     11.80    0.3025  1.1019e-01  7.4730e-02  1.4745e+00    0.0815     17.20    1.3722      1.6972    0      0
     4   2   4   160  3.3900e+22     12.21    0.3131  1.1019e-01  5.5690e-02  1.9786e+00    0.1629     21.00    1.1630      1.4211    0      0
     4   2   4   160  3.3900e+22     13.12    0.3363  1.1019e-01  5.5690e-02  1.9786e+00    0.1813     21.00    1.2493      1.5893    0      0
     4   2   4   160  3.3900e+22     14.10    0.3616  1.1019e-01  5.5690e-02  1.9786e+00    0.1897     21.00    1.3432      1.7176    0      0
     4   2   4   160  3.3900e+22     15.05    0.3860  1.1019e-01  3.9157e-02  2.8140e+00    0.3085     24.02    1.2536      1.6163    1      0
     4   2   4   160  3.3900e+22     15.28    0.3917  1.1019e-01  3.9157e-02  2.8140e+00    0.3085     24.02    1.2720      1.6163    1      0
     4   2   4   160  3.3900e+22     16.57    0.4247  1.1019e-01  3.9157e-02  2.8140e+00    0.3287     24.02    1.3794      1.8165    1      0
     4   2   4   160  3.3900e+22     18.12    0.4647  1.1019e-01  2.4969e-02  4.4129e+00    0.4737     26.25    1.3806      1.7618    1      0
     4   2   4   160  3.3900e+22     19.98    0.5122  1.1019e-01  2.4969e-02  4.4129e+00    0.4972     26.25    1.5217      2.0351    1      0
     4   2   4   160  3.3900e+22     21.00    0.5384  1.1019e-01  2.4969e-02  4.4129e+00    0.5005     26.25    1.5996      2.1399    1      0
     4   2   4   160  3.3900e+22     22.40    0.5743  1.1019e-01  1.4533e-02  7.5819e+00    0.6573     27.90    1.6057      2.2325    1      0
     4   2   4   160  3.3900e+22     24.23    0.6213  1.1019e-01  6.9518e-03  1.5850e+01    0.8002     29.09    1.6659      2.3816    1      0
     4   2   4   160  3.3900e+22     25.87    0.6634  1.1019e-01  6.9518e-03  1.5850e+01    0.8091     29.09    1.7785      2.6650    1      0
     4   2   4   160  3.3900e+22     27.10    0.6950  1.1019e-01  2.7251e-03  4.0435e+01    0.9022     29.76    1.8216      2.6118    1      0
     4   2   4   160  3.3900e+22     29.33    0.7521  1.1019e-01  2.7251e-03  4.0435e+01    0.9125     29.76    1.9714      2.9907    1      0
     4   2   4   160  3.3900e+22     31.53    0.8085  1.1019e-01  1.0274e-03  1.0725e+02    0.9638     30.03    2.1000      3.4258    1      0
     4   2   4   160  3.3900e+22     33.61    0.8617  1.1019e-01  3.0870e-04  3.5694e+02    0.9894     30.16    2.2286      3.8597    1      0
     4   2   4   160  3.3900e+22     35.55    0.9114  1.1019e-01  3.0870e-04  3.5694e+02    0.9903     30.16    2.3571      4.2026    1      0
     4   2   4   160  3.3900e+22     37.54    0.9625  1.1019e-01  7.6657e-05  1.4374e+03    0.9999     30.20    2.4857      4.6672    1      0
     4   2   4   160  3.3900e+22     39.00    1.0000  1.1019e-01  7.6657e-05  1.4374e+03    1.0000     30.20    2.5826      4.9340    1      0
     4   2   4   250  3.3900e+22     12.97    0.2882  4.0010e+00  1.8423e+00  2.1718e+00    0.1760     19.30    1.3442      1.7889    0      0
     4   2   4   250  3.3900e+22     13.37    0.2971  4.0010e+00  1.8423e+00  2.1718e+00    0.1760     19.30    1.3856      1.7889    0      0
     4   2   4   250  3.3900e+22     14.10    0.3132  4.0010e+00  1.8423e+00  2.1718e+00    0.1833     19.30    1.4609      1.9428    0      0
     4   2   4   250  3.3900e+22     15.43    0.3428  4.0010e+00  1.3456e+00  2.9735e+00    0.2916     21.80    1.4153      1.9375    1      0
     4   2   4   250  3.3900e+22     16.96    0.3770  4.0010e+00  1.3456e+00  2.9735e+00    0.2985     21.80    1.5565      2.0631    1      0
     4   2   4   250  3.3900e+22     16.98    0.3774  4.0010e+00  1.3456e+00  2.9735e+00    0.3006     21.80    1.5581      2.1332    1      0
     4   2   4   250  3.3900e+22     18.78    0.4173  4.0010e+00  9.2286e-01  4.3355e+00    0.4258     23.93    1.5697      2.0914    1      0
     4   2   4   250  3.3900e+22     21.02    0.4672  4.0010e+00  6.0035e-01  6.6645e+00    0.5548     25.51    1.6484      2.1836    1      0
     4   2   4   250  3.3900e+22     21.05    0.4678  4.0010e+00  6.0035e-01  6.6645e+00    0.5548     25.51    1.6505      2.1836    1      0
     4   2   4   250  3.3900e+22     23.88    0.5306  4.0010e+00  6.0035e-01  6.6645e+00    0.5768     25.51    1.8720      2.7205    1      0
     4   2   4   250  3.3900e+22     24.15    0.5366  4.0010e+00  3.4392e-01  1.1633e+01    0.6976     26.77    1.8043      2.4693    1      0
     4   2   4   250  3.3900e+22     26.44    0.5875  4.0010e+00  3.4392e-01  1.1633e+01    0.7153     26.77    1.9755      2.9459    1      0
     4   2   4   250  3.3900e+22     28.16    0.6257  4.0010e+00  1.7692e-01  2.2615e+01    0.8249     27.58    2.0417      3.0701    1      0
     4   2   4   250  3.3900e+22     28.96    0.6436  4.0010e+00  1.7692e-01  2.2615e+01    0.8284     27.58    2.1000      3.2339    1      0
     4   2   4   250  3.3900e+22     31.21    0.6935  4.0010e+00  9.0551e-02  4.4185e+01    0.8995     28.01    2.2286      3.5444    1      0
     4   2   4   250  3.3900e+22     33.29    0.7398  4.0010e+00  4.1140e-02  9.7254e+01    0.9473     28.25    2.3572      3.8479    1      0
     4   2   4   250  3.3900e+22     35.11    0.7802  4.0010e+00  4.1140e-02  9.7254e+01    0.9504     28.25    2.4857      4.2734    1      0
     4   2   4   250  3.3900e+22     37.08    0.8240  4.0010e+00  1.6757e-02  2.3878e+02    0.9784     28.37    2.6143      4.6830    1      0
     4   2   4   250  3.3900e+22     38.92    0.8649  4.0010e+00  1.6757e-02  2.3878e+02    0.9791     28.37    2.7441      5.0300    1      0
     4   2   4   250  3.3900e+22     40.80    0.9068  4.0010e+00  5.8017e-03  6.8964e+02    0.9939     28.42    2.8714      5.6990    1      0
     4   2   4   250  3.3900e+22     42.66    0.9480  4.0010e+00  1.9215e-03  2.0822e+03    0.9998     28.44    3.0000      6.1297    1      0
     4   2   4   250  3.3900e+22     45.00    1.0000  4.0010e+00  1.9215e-03  2.0822e+03    1.0000     28.44    3.1645      6.6642    1      0
     4   2   4   350  3.3900e+22     19.55    0.3620  4.6896e+00  1.5529e+00  3.0200e+00    0.3049     25.18    1.5526      2.1526    1      0
     4   2   4   350  3.3900e+22     21.24    0.3934  4.6896e+00  1.1292e+00  4.1531e+00    0.4113     27.19    1.5626      2.1287    1      0
     4   2   4   350  3.3900e+22     21.67    0.4012  4.6896e+00  1.1292e+00  4.1531e+00    0.4155     27.19    1.5937      2.2116    1      0
     4   2   4   350  3.3900e+22     23.65    0.4379  4.6896e+00  1.1292e+00  4.1531e+00    0.4224     27.19    1.7395      2.4848    1      0
     4   2   4   350  3.3900e+22     24.24    0.4489  4.6896e+00  7.5294e-01  6.2285e+00    0.5442     28.97    1.6733      2.3534    1      0
     4   2   4   350  3.3900e+22     27.39    0.5073  4.6896e+00  4.7193e-01  9.9372e+00    0.6650     30.35    1.8052      2.5282    1      0
     4   2   4   350  3.3900e+22     27.61    0.5113  4.6896e+00  4.7193e-01  9.9372e+00    0.6650     30.35    1.8196      2.5282    1      0
     4   2   4   350  3.3900e+22     30.04    0.5562  4.6896e+00  2.9735e-01  1.5771e+01    0.7604     31.30    1.9195      2.7964    1      0
     4   2   4   350  3.3900e+22     32.71    0.6057  4.6896e+00  2.9735e-01  1.5771e+01    0.7694     31.30    2.0902      3.2522    1      0
     4   2   4   350  3.3900e+22     33.28    0.6163  4.6896e+00  1.7562e-01  2.6703e+01    0.8410     31.96    2.0829      3.1560    1      0
     4   2   4   350  3.3900e+22     35.62    0.6596  4.6896e+00  1.7562e-01  2.6703e+01    0.8467     31.96    2.2291      3.5583    1      0
     4   2   4   350  3.3900e+22     38.16    0.7067  4.6896e+00  9.7426e-02  4.8135e+01    0.9049     32.38    2.3571      3.9141    1      0
     4   2   4   350  3.3900e+22     40.57    0.7512  4.6896e+00  4.9680e-02  9.4396e+01    0.9462     32.64    2.4857      4.3211    1      0
     4   2   4   350  3.3900e+22     42.84    0.7933  4.6896e+00  2.5059e-02  1.8714e+02    0.9707     32.77    2.6143      4.7042    1      0
     4   2   4   350  3.3900e+22     45.05    0.8342  4.6896e+00  1.1670e-02  4.0185e+02    0.9860     32.85    2.7429      5.1375    1      0
     4   2   4   350  3.3900e+22     47.16    0.8733  4.6896e+00  1.1670e-02  4.0185e+02    0.9867     32.85    2.8714      5.6258    1      0
     4   2   4   350  3.3900e+22     49.33    0.9134  4.6896e+00  4.7141e-03  9.9481e+02    0.9957     32.88    3.0000      6.1297    1      0
     4   2   4   350  3.3900e+22     54.00    1.0000  4.6896e+00  1.8492e-03  2.5360e+03    1.0000     32.90    3.2827      7.2238    1      0
     4   2   4   500  3.3900e+22     30.47    0.4416  2.3883e+00  4.3946e-01  5.4347e+00    0.5019     36.44    1.6725      2.3429    1      0
     4   2   4   500  3.3900e+22     30.79    0.4462  2.3883e+00  4.3946e-01  5.4347e+00    0.5038     36.44    1.6898      2.3916    1      0
     4   2   4   500  3.3900e+22     35.00    0.5072  2.3883e+00  3.2164e-01  7.4254e+00    0.5994     37.98    1.8429      2.7461    1      0
     4   2   4   500  3.3900e+22     35.16    0.5096  2.3883e+00  3.2164e-01  7.4254e+00    0.6000     37.98    1.8517      2.7947    1      0
     4   2   4   500  3.3900e+22     38.77    0.5619  2.3883e+00  2.2722e-01  1.0511e+01    0.6861     39.22    1.9774      3.0233    1      0
     4   2   4   500  3.3900e+22     41.77    0.6054  2.3883e+00  1.5390e-01  1.5519e+01    0.7641     40.18    2.0796      3.2629    1      0
     4   2   4   500  3.3900e+22     42.87    0.6213  2.3883e+00  1.0419e-01  2.2923e+01    0.8231     40.83    2.1000      3.3027    1      0
     4   2   4   500  3.3900e+22     46.03    0.6671  2.3883e+00  6.7433e-02  3.5418e+01    0.8756     41.31    2.2286      3.6860    1      0
     4   2   4   500  3.3900e+22     49.09    0.7115  2.3883e+00  4.0704e-02  5.8675e+01    0.9179     41.66    2.3571      4.0124    1      0
     4   2   4   500  3.3900e+22     52.04    0.7542  2.3883e+00  2.4360e-02  9.8043e+01    0.9475     41.87    2.4857      4.3962    1      0
     4   2   4   500  3.3900e+22     54.90    0.7956  2.3883e+00  1.4569e-02  1.6393e+02    0.9672     42.00    2.6143      4.7801    1      0
     4   2   4   500  3.3900e+22     57.71    0.8364  2.3883e+00  8.5871e-03  2.7813e+02    0.9808     42.08    2.7429      5.3024    1      0
     4   2   4   500  3.3900e+22     60.49    0.8767  2.3883e+00  4.8186e-03  4.9564e+02    0.9900     42.13    2.8714      5.7263    1      0
     4   2   4   500  3.3900e+22     63.25    0.9167  2.3883e+00  2.4973e-03  9.5638e+02    0.9962     42.17    3.0000      6.1763    1      0
     4   2   4   500  3.3900e+22     69.00    1.0000  2.3883e+00  1.2917e-03  1.8490e+03    1.0000     42.18    3.2715      7.3260    1      0
     4   2   5    SD  3.3900e+22      9.02    0.1879  3.7628e+21  2.4296e+21  1.5487e+00    0.0549     15.48    1.1650      1.4903    0      0
     4   2   5    SD  3.3900e+22      9.40    0.1959  3.7628e+21  2.4296e+21  1.5487e+00    0.0549     15.48    1.2145      1.4903    0      0
     4   2   5    SD  3.3900e+22     10.10    0.2103  3.7628e+21  2.4296e+21  1.5487e+00    0.0626     15.48    1.3043      1.6695    0      0
     4   2   5    SD  3.3900e+22     10.95    0.2282  3.7628e+21  2.4296e+21  1.5487e+00    0.0666     15.48    1.4151      1.9086    0      0
     4   2   5    SD  3.3900e+22     11.90    0.2480  3.7628e+21  2.4296e+21  1.5487e+00    0.0666     15.48    1.5376      1.9086    0      0
     4   2   5    SD  3.3900e+22     12.94    0.2696  3.7628e+21  1.9114e+21  1.9686e+00    0.1328     19.19    1.3490      1.8008    0      0
     4   2   5    SD  3.3900e+22     14.09    0.2934  3.7628e+21  1.9114e+21  1.9686e+00    0.1383     19.19    1.4682      1.9562    0      0
     4   2   5    SD  3.3900e+22     14.45    0.3010  3.7628e+21  1.9114e+21  1.9686e+00    0.1383     19.19    1.5058      1.9562    0      0
     4   2   5    SD  3.3900e+22     15.45    0.3219  3.7628e+21  1.4824e+21  2.5383e+00    0.2211     21.72    1.4229      1.9437    1      0
     4   2   5    SD  3.3900e+22     16.95    0.3531  3.7628e+21  1.4824e+21  2.5383e+00    0.2264     21.72    1.5606      2.0689    1      0
     4   2   5    SD  3.3900e+22     18.57    0.3868  3.7628e+21  1.1039e+21  3.4086e+00    0.3273     23.96    1.5501      2.0819    1      0
     4   2   5    SD  3.3900e+22     18.75    0.3906  3.7628e+21  1.1039e+21  3.4086e+00    0.3273     23.96    1.5654      2.0819    1      0
     4   2   5    SD  3.3900e+22     20.87    0.4348  3.7628e+21  1.1039e+21  3.4086e+00    0.3384     23.96    1.7424      2.4126    1      0
     4   2   5    SD  3.3900e+22     21.93    0.4569  3.7628e+21  7.9773e+20  4.7169e+00    0.4510     25.73    1.7049      2.4644    1      0
     4   2   5    SD  3.3900e+22     23.47    0.4890  3.7628e+21  7.9773e+20  4.7169e+00    0.4539     25.73    1.8245      2.6697    1      0
     4   2   5    SD  3.3900e+22     24.15    0.5030  3.7628e+21  5.2786e+20  7.1284e+00    0.5665     27.29    1.7695      2.3822    1      0
     4   2   5    SD  3.3900e+22     26.84    0.5592  3.7628e+21  5.2786e+20  7.1284e+00    0.5838     27.29    1.9670      2.9219    1      0
     4   2   5    SD  3.3900e+22     27.26    0.5680  3.7628e+21  3.2309e+20  1.1647e+01    0.6970     28.48    1.9147      2.7275    1      0
     4   2   5    SD  3.3900e+22     30.70    0.6395  3.7628e+21  1.9223e+20  1.9574e+01    0.8003     29.23    2.1000      3.1462    1      0
     4   2   5    SD  3.3900e+22     31.66    0.6595  3.7628e+21  1.9223e+20  1.9574e+01    0.8033     29.23    2.1656      3.2849    1      0
     4   2   5    SD  3.3900e+22     32.89    0.6852  3.7628e+21  1.9223e+20  1.9574e+01    0.8053     29.23    2.2500      3.5023    1      0
     4   2   5    SD  3.3900e+22     35.07    0.7307  3.7628e+21  1.0183e+20  3.6950e+01    0.8844     29.76    2.3571      3.7606    1      0
     4   2   5    SD  3.3900e+22     37.40    0.7791  3.7628e+21  4.7056e+19  7.9965e+01    0.9407     30.09    2.4857      4.0906    1      0
     4   2   5    SD  3.3900e+22     39.60    0.8250  3.7628e+21  1.7821e+19  2.1115e+02    0.9756     30.30    2.6143      4.4952    1      0
     4   2   5    SD  3.3900e+22     41.55    0.8656  3.7628e+21  1.7821e+19  2.1115e+02    0.9767     30.30    2.7429      4.8151    1      0
     4   2   5    SD  3.3900e+22     43.61    0.9086  3.7628e+21  6.0351e+18  6.2349e+02    0.9930     30.38    2.8715      5.3279    1      0
     4   2   5    SD  3.3900e+22     45.61    0.9503  3.7628e+21  1.6606e+18  2.2660e+03    0.9998     30.41    3.0000      5.7758    1      0
     4   2   5    SD  3.3900e+22     48.00    1.0000  3.7628e+21  1.6606e+18  2.2660e+03    1.0000     30.41    3.1570      6.3162    1      0
     4   2   5   160  3.3900e+22      9.60    0.2908  8.8267e-02  6.1691e-02  1.4308e+00    0.0642     16.74    1.1463      1.5418    0      0
     4   2   5   160  3.3900e+22     10.23    0.3101  8.8267e-02  6.1691e-02  1.4308e+00    0.0642     16.74    1.2226      1.5418    0      0
     4   2   5   160  3.3900e+22     11.01    0.3337  8.8267e-02  6.1691e-02  1.4308e+00    0.0688     16.74    1.3156      1.7489    0      0
     4   2   5   160  3.3900e+22     11.85    0.3590  8.8267e-02  6.1691e-02  1.4308e+00    0.0688     16.74    1.4152      1.7489    0      0
     4   2   5   160  3.3900e+22     12.42    0.3765  8.8267e-02  4.7888e-02  1.8432e+00    0.1481     20.73    1.1984      1.5642    0      0
     4   2   5   160  3.3900e+22     12.76    0.3867  8.8267e-02  4.7888e-02  1.8432e+00    0.1529     20.73    1.2309      1.6217    0      0
     4   2   5   160  3.3900e+22     13.70    0.4152  8.8267e-02  4.7888e-02  1.8432e+00    0.1600     20.73    1.3217      1.7521    0      0
     4   2   5   160  3.3900e+22     14.82    0.4491  8.8267e-02  4.7888e-02  1.8432e+00    0.1600     20.73    1.4296      1.7521    0      0
     4   2   5   160  3.3900e+22     16.01    0.4853  8.8267e-02  3.5072e-02  2.5167e+00    0.2775     24.01    1.3340      1.7169    1      0
     4   2   5   160  3.3900e+22     17.38    0.5267  8.8267e-02  3.5072e-02  2.5167e+00    0.2874     24.01    1.4479      1.8809    1      0
     4   2   5   160  3.3900e+22     18.96    0.5746  8.8267e-02  2.3175e-02  3.8088e+00    0.4357     26.59    1.4260      1.8193    1      0
     4   2   5   160  3.3900e+22     20.81    0.6307  8.8267e-02  2.3175e-02  3.8088e+00    0.4525     26.59    1.5652      2.0992    1      0
     4   2   5   160  3.3900e+22     23.13    0.7008  8.8267e-02  1.3636e-02  6.4732e+00    0.6219     28.67    1.6134      2.2340    1      0
     4   2   5   160  3.3900e+22     23.24    0.7043  8.8267e-02  1.3636e-02  6.4732e+00    0.6219     28.67    1.6214      2.2340    1      0
     4   2   5   160  3.3900e+22     26.02    0.7885  8.8267e-02  5.9810e-03  1.4758e+01    0.7972     30.36    1.7143      2.5032    1      0
     4   2   5   160  3.3900e+22     26.31    0.7974  8.8267e-02  5.9810e-03  1.4758e+01    0.7972     30.36    1.7336      2.5032    1      0
     4   2   5   160  3.3900e+22     28.99    0.8784  8.8267e-02  1.2737e-03  6.9301e+01    0.9312     31.46    1.8429      2.7546    1      0
     4   2   5   160  3.3900e+22     31.46    0.9532  8.8267e-02 -6.5775e-04         nan    0.9990     31.91    1.9714      3.1262    1      0
     4   2   5   160  3.3900e+22     33.00    1.0000  8.8267e-02 -6.5775e-04         nan    1.0000     31.91    2.0682      3.3736    1      0
     4   2   5   250  3.3900e+22     12.60    0.2470  3.3208e+00  1.8955e+00  1.7519e+00    0.0997     19.71    1.2780      1.6730    0      0
     4   2   5   250  3.3900e+22     12.97    0.2543  3.3208e+00  1.8955e+00  1.7519e+00    0.1027     19.71    1.3160      1.7382    0      0
     4   2   5   250  3.3900e+22     14.05    0.2754  3.3208e+00  1.8955e+00  1.7519e+00    0.1072     19.71    1.4252      1.8843    0      0
     4   2   5   250  3.3900e+22     15.34    0.3007  3.3208e+00  1.5177e+00  2.1880e+00    0.1779     22.56    1.3593      1.8527    0      0
     4   2   5   250  3.3900e+22     16.15    0.3167  3.3208e+00  1.5177e+00  2.1880e+00    0.1779     22.56    1.4316      1.8527    0      0
     4   2   5   250  3.3900e+22     16.69    0.3273  3.3208e+00  1.5177e+00  2.1880e+00    0.1824     22.56    1.4796      1.9687    0      0
     4   2   5   250  3.3900e+22     18.31    0.3590  3.3208e+00  1.1671e+00  2.8453e+00    0.2730     25.12    1.4576      1.9607    1      0
     4   2   5   250  3.3900e+22     20.14    0.3949  3.3208e+00  1.1671e+00  2.8453e+00    0.2831     25.12    1.6031      2.2654    1      0
     4   2   5   250  3.3900e+22     22.33    0.4378  3.3208e+00  8.7050e-01  3.8148e+00    0.3889     27.20    1.6419      2.2902    1      0
     4   2   5   250  3.3900e+22     24.45    0.4793  3.3208e+00  5.9984e-01  5.5362e+00    0.5095     29.09    1.6805      2.3359    1      0
     4   2   5   250  3.3900e+22     25.01    0.4904  3.3208e+00  5.9984e-01  5.5362e+00    0.5129     29.09    1.7192      2.4080    1      0
     4   2   5   250  3.3900e+22     27.87    0.5465  3.3208e+00  3.8890e-01  8.5389e+00    0.6369     30.65    1.8191      2.6186    1      0
     4   2   5   250  3.3900e+22     28.47    0.5583  3.3208e+00  3.8890e-01  8.5389e+00    0.6409     30.65    1.8583      2.7527    1      0
     4   2   5   250  3.3900e+22     31.30    0.6136  3.3208e+00  2.4989e-01  1.3289e+01    0.7391     31.75    1.9714      2.9095    1      0
     4   2   5   250  3.3900e+22     33.58    0.6584  3.3208e+00  1.4928e-01  2.2245e+01    0.8250     32.55    2.0632      3.1659    1      0
     4   2   5   250  3.3900e+22     34.18    0.6701  3.3208e+00  1.4928e-01  2.2245e+01    0.8256     32.55    2.1000      3.1953    1      0
     4   2   5   250  3.3900e+22     36.86    0.7228  3.3208e+00  8.2309e-02  4.0345e+01    0.8941     33.08    2.2286      3.5778    1      0
     4   2   5   250  3.3900e+22     39.12    0.7670  3.3208e+00  4.0573e-02  8.1848e+01    0.9426     33.41    2.3416      3.8951    1      0
     4   2   5   250  3.3900e+22     41.53    0.8142  3.3208e+00  4.0573e-02  8.1848e+01    0.9447     33.41    2.4857      4.2285    1      0
     4   2   5   250  3.3900e+22     43.90    0.8607  3.3208e+00  1.9166e-02  1.7327e+02    0.9736     33.58    2.6143      4.6870    1      0
     4   2   5   250  3.3900e+22     46.18    0.9054  3.3208e+00  8.0241e-03  4.1385e+02    0.9906     33.67    2.7428      5.1440    1      0
     4   2   5   250  3.3900e+22     48.40    0.9490  3.3208e+00  2.7583e-03  1.2039e+03    0.9997     33.71    2.8714      5.5963    1      0
     4   2   5   250  3.3900e+22     50.57    0.9915  3.3208e+00  2.7583e-03  1.2039e+03    1.0000     33.71    3.0000      6.0306    1      0
     4   2   5   250  3.3900e+22     51.00    1.0000  3.3208e+00  2.7583e-03  1.2039e+03    1.0000     33.71    3.0256      6.1396    1      0
     4   2   5   350  3.3900e+22     18.66    0.3109  4.1788e+00  1.8008e+00  2.3205e+00    0.2003     25.99    1.4356      1.8762    1      0
     4   2   5   350  3.3900e+22     20.40    0.3400  4.1788e+00  1.8008e+00  2.3205e+00    0.2083     25.99    1.5700      2.1620    1      0
     4   2   5   350  3.3900e+22     22.44    0.3740  4.1788e+00  1.4176e+00  2.9478e+00    0.2953     28.41    1.5801      2.1617    1      0
     4   2   5   350  3.3900e+22     23.29    0.3882  4.1788e+00  1.4176e+00  2.9478e+00    0.2969     28.41    1.6399      2.2473    1      0
     4   2   5   350  3.3900e+22     24.86    0.4144  4.1788e+00  1.0479e+00  3.9880e+00    0.4029     30.79    1.6149      2.2428    1      0
     4   2   5   350  3.3900e+22     27.84    0.4639  4.1788e+00  7.4188e-01  5.6327e+00    0.5172     32.87    1.6935      2.4037    1      0
     4   2   5   350  3.3900e+22     28.05    0.4674  4.1788e+00  7.4188e-01  5.6327e+00    0.5172     32.87    1.7062      2.4037    1      0
     4   2   5   350  3.3900e+22     31.65    0.5275  4.1788e+00  5.2496e-01  7.9601e+00    0.6199     34.35    1.8429      2.6867    1      0
     4   2   5   350  3.3900e+22     31.70    0.5283  4.1788e+00  5.2496e-01  7.9601e+00    0.6199     34.35    1.8458      2.6867    1      0
     4   2   5   350  3.3900e+22     35.00    0.5833  4.1788e+00  3.5506e-01  1.1769e+01    0.7139     35.50    1.9714      3.0009    1      0
     4   2   5   350  3.3900e+22     37.53    0.6254  4.1788e+00  2.2879e-01  1.8265e+01    0.7939     36.37    2.0634      3.1774    1      0
     4   2   5   350  3.3900e+22     38.19    0.6365  4.1788e+00  2.2879e-01  1.8265e+01    0.7951     36.37    2.1000      3.3024    1      0
     4   2   5   350  3.3900e+22     41.23    0.6872  4.1788e+00  1.3834e-01  3.0208e+01    0.8628     37.00    2.2286      3.6268    1      0
     4   2   5   350  3.3900e+22     44.07    0.7345  4.1788e+00  8.2640e-02  5.0566e+01    0.9107     37.39    2.3571      3.9533    1      0
     4   2   5   350  3.3900e+22     46.79    0.7798  4.1788e+00  4.6034e-02  9.0776e+01    0.9465     37.65    2.4857      4.3396    1      0
     4   2   5   350  3.3900e+22     49.42    0.8237  4.1788e+00  2.3032e-02  1.8143e+02    0.9720     37.81    2.6143      4.7628    1      0
     4   2   5   350  3.3900e+22     51.97    0.8661  4.1788e+00  1.1210e-02  3.7276e+02    0.9869     37.89    2.7428      5.2335    1      0
     4   2   5   350  3.3900e+22     54.46    0.9077  4.1788e+00  5.3464e-03  7.8160e+02    0.9952     37.93    2.8714      5.7010    1      0
     4   2   5   350  3.3900e+22     56.90    0.9484  4.1788e+00  5.3464e-03  7.8160e+02    0.9955     37.93    3.0003      6.1156    1      0
     4   2   5   350  3.3900e+22     60.00    1.0000  4.1788e+00  2.4611e-03  1.6979e+03    1.0000     37.95    3.1618      6.7904    1      0
     4   2   5   500  3.3900e+22     30.12    0.4016  2.3377e+00  5.6954e-01  4.1046e+00    0.4081     38.04    1.5835      2.1770    1      0
     4   2   5   500  3.3900e+22     33.06    0.4409  2.3377e+00  4.3914e-01  5.3234e+00    0.4944     39.93    1.6562      2.2950    1      0
     4   2   5   500  3.3900e+22     33.72    0.4495  2.3377e+00  4.3914e-01  5.3234e+00    0.4990     39.93    1.6888      2.4188    1      0
     4   2   5   500  3.3900e+22     38.44    0.5126  2.3377e+00  3.2883e-01  7.1092e+00    0.5887     41.52    1.8517      2.7966    1      0
     4   2   5   500  3.3900e+22     38.83    0.5178  2.3377e+00  3.2883e-01  7.1092e+00    0.5887     41.52    1.8705      2.7966    1      0
     4   2   5   500  3.3900e+22     43.24    0.5766  2.3377e+00  1.7156e-01  1.3626e+01    0.7397     43.87    1.9714      3.0498    1      0
     4   2   5   500  3.3900e+22     45.67    0.6089  2.3377e+00  1.1900e-01  1.9646e+01    0.8012     44.66    2.0451      3.1826    1      0
     4   2   5   500  3.3900e+22     46.89    0.6253  2.3377e+00  1.1900e-01  1.9646e+01    0.8033     44.66    2.1000      3.3672    1      0
     4   2   5   500  3.3900e+22     50.58    0.6744  2.3377e+00  7.8014e-02  2.9965e+01    0.8591     45.28    2.2342      3.6902    1      0
     4   2   5   500  3.3900e+22     53.85    0.7180  2.3377e+00  5.0754e-02  4.6060e+01    0.9010     45.69    2.3572      4.0440    1      0
     4   2   5   500  3.3900e+22     57.34    0.7645  2.3377e+00  2.1022e-02  1.1120e+02    0.9533     46.14    2.4857      4.4419    1      0
     4   2   5   500  3.3900e+22     60.47    0.8062  2.3377e+00  1.2871e-02  1.8163e+02    0.9706     46.26    2.6143      4.8640    1      0
     4   2   5   500  3.3900e+22     63.55    0.8474  2.3377e+00  7.3725e-03  3.1709e+02    0.9833     46.34    2.7429      5.2784    1      0
     4   2   5   500  3.3900e+22     66.60    0.8880  2.3377e+00  4.1974e-03  5.5694e+02    0.9915     46.39    2.8714      5.7794    1      0
     4   2   5   500  3.3900e+22     69.63    0.9284  2.3377e+00  2.3654e-03  9.8831e+02    0.9966     46.42    3.0000      6.2891    1      0
     4   2   5   500  3.3900e+22     75.00    1.0000  2.3377e+00  1.2612e-03  1.8536e+03    1.0000     46.43    3.2304      7.2632    1      0
     4   3   1    SD  3.3900e+22      9.55    0.3184  1.2158e+22  3.3835e+21  3.5935e+00    0.3514     13.73    1.3909      1.8969    1      0
     4   3   1    SD  3.3900e+22     10.46    0.3486  1.2158e+22  3.3835e+21  3.5935e+00    0.3514     13.73    1.5232      1.8969    1      0
     4   3   1    SD  3.3900e+22     10.70    0.3568  1.2158e+22  3.3835e+21  3.5935e+00    0.3514     13.73    1.5588      1.8969    1      0
     4   3   1    SD  3.3900e+22     11.60    0.3866  1.2158e+22  3.3835e+21  3.5935e+00    0.3688     13.73    1.6892      2.1983    1      0
     4   3   1    SD  3.3900e+22     12.97    0.4324  1.2158e+22  1.5442e+21  7.8733e+00    0.5950     15.90    1.6315      2.2341    1      0
     4   3   1    SD  3.3900e+22     13.42    0.4473  1.2158e+22  1.5442e+21  7.8733e+00    0.6119     15.90    1.6879      2.4571    1      0
     4   3   1    SD  3.3900e+22     14.79    0.4929  1.2158e+22  1.5442e+21  7.8733e+00    0.6119     15.90    1.8599      2.4571    1      0
     4   3   1    SD  3.3900e+22     15.05    0.5018  1.2158e+22  6.6007e+20  1.8420e+01    0.7633     16.94    1.7771      2.5051    1      0
     4   3   1    SD  3.3900e+22     16.70    0.5567  1.2158e+22  6.6007e+20  1.8420e+01    0.7880     16.94    1.9714      2.9058    1      0
     4   3   1    SD  3.3900e+22     17.49    0.5831  1.2158e+22  6.6007e+20  1.8420e+01    0.7934     16.94    2.0650      3.2430    1      0
     4   3   1    SD  3.3900e+22     18.17    0.6055  1.2158e+22  2.2808e+20  5.3307e+01    0.8940     17.45    2.0819      3.0958    1      0
     4   3   1    SD  3.3900e+22     19.45    0.6482  1.2158e+22  2.2808e+20  5.3307e+01    0.9095     17.45    2.2286      3.6894    1      0
     4   3   1    SD  3.3900e+22     20.57    0.6856  1.2158e+22  2.2808e+20  5.3307e+01    0.9113     17.45    2.3572      3.8973    1      0
     4   3   1    SD  3.3900e+22     21.92    0.7308  1.2158e+22  6.9044e+19  1.7610e+02    0.9673     17.64    2.4858      4.5416    1      0
     4   3   1    SD  3.3900e+22     23.06    0.7685  1.2158e+22  6.9044e+19  1.7610e+02    0.9680     17.64    2.6142      4.7435    1      0
     4   3   1    SD  3.3900e+22     24.28    0.8092  1.2158e+22  1.5227e+19  7.9846e+02    0.9915     17.70    2.7428      5.3556    1      0
     4   3   1    SD  3.3900e+22     25.41    0.8472  1.2158e+22  1.5227e+19  7.9846e+02    0.9920     17.70    2.8714      5.5539    1      0
     4   3   1    SD  3.3900e+22     26.55    0.8851  1.2158e+22  1.5227e+19  7.9846e+02    0.9926     17.70    3.0000      6.0529    1      0
     4   3   1    SD  3.3900e+22     30.00    1.0000  1.2158e+22  2.2700e+18  5.3561e+03    1.0000     17.72    3.3865      7.9113    1      0
     4   3   1   250  3.3900e+22     15.89    0.4415  6.8685e+00  1.0065e+00  6.8240e+00    0.5615     19.51    1.6291      2.2456    1      0
     4   3   1   250  3.3900e+22     16.73    0.4646  6.8685e+00  1.0065e+00  6.8240e+00    0.5716     19.51    1.7143      2.4043    1      0
     4   3   1   250  3.3900e+22     18.14    0.5038  6.8685e+00  5.1052e-01  1.3454e+01    0.7137     20.62    1.7593      2.4329    1      0
     4   3   1   250  3.3900e+22     19.00    0.5277  6.8685e+00  5.1052e-01  1.3454e+01    0.7300     20.62    1.8429      2.7155    1      0
     4   3   1   250  3.3900e+22     20.32    0.5645  6.8685e+00  5.1052e-01  1.3454e+01    0.7386     20.62    1.9714      3.0165    1      0
     4   3   1   250  3.3900e+22     21.53    0.5981  6.8685e+00  2.3916e-01  2.8719e+01    0.8441     21.22    2.0293      3.0559    1      0
     4   3   1   250  3.3900e+22     22.28    0.6189  6.8685e+00  2.3916e-01  2.8719e+01    0.8519     21.22    2.1000      3.3289    1      0
     4   3   1   250  3.3900e+22     23.65    0.6568  6.8685e+00  2.3916e-01  2.8719e+01    0.8543     21.22    2.2286      3.6196    1      0
     4   3   1   250  3.3900e+22     25.40    0.7054  6.8685e+00  9.2050e-02  7.4617e+01    0.9313     21.55    2.3572      3.8865    1      0
     4   3   1   250  3.3900e+22     26.78    0.7439  6.8685e+00  9.2050e-02  7.4617e+01    0.9337     21.55    2.4857      4.2270    1      0
     4   3   1   250  3.3900e+22     28.35    0.7875  6.8685e+00  2.9369e-02  2.3387e+02    0.9757     21.69    2.6143      4.8279    1      0
     4   3   1   250  3.3900e+22     29.74    0.8262  6.8685e+00  2.9369e-02  2.3387e+02    0.9765     21.69    2.7429      5.1625    1      0
     4   3   1   250  3.3900e+22     31.20    0.8667  6.8685e+00  9.7937e-03  7.0132e+02    0.9926     21.73    2.8715      5.6947    1      0
     4   3   1   250  3.3900e+22     32.60    0.9055  6.8685e+00  9.7937e-03  7.0132e+02    0.9930     21.73    3.0000      6.2264    1      0
     4   3   1   250  3.3900e+22     36.00    1.0000  6.8685e+00  2.7255e-03  2.5201e+03    1.0000     21.75    3.3108      7.2511    1      0
     4   3   1   350  3.3900e+22     25.40    0.5645  7.1847e+00  4.9199e-01  1.4603e+01    0.7477     25.77    1.9714      2.8864    1      0
     4   3   1   350  3.3900e+22     27.21    0.6048  7.1847e+00  2.4973e-01  2.8770e+01    0.8449     26.41    2.0612      3.1259    1      0
     4   3   1   350  3.3900e+22     27.73    0.6161  7.1847e+00  2.4973e-01  2.8770e+01    0.8494     26.41    2.1000      3.3001    1      0
     4   3   1   350  3.3900e+22     29.42    0.6539  7.1847e+00  2.4973e-01  2.8770e+01    0.8524     26.41    2.2286      3.4784    1      0
     4   3   1   350  3.3900e+22     31.49    0.6999  7.1847e+00  1.2907e-01  5.5663e+01    0.9138     26.72    2.3571      3.9319    1      0
     4   3   1   350  3.3900e+22     33.43    0.7430  7.1847e+00  6.0906e-02  1.1796e+02    0.9533     26.90    2.4857      4.1982    1      0
     4   3   1   350  3.3900e+22     35.16    0.7814  7.1847e+00  6.0906e-02  1.1796e+02    0.9561     26.90    2.6143      4.7509    1      0
     4   3   1   350  3.3900e+22     37.02    0.8226  7.1847e+00  2.6884e-02  2.6724e+02    0.9798     26.99    2.7429      5.1275    1      0
     4   3   1   350  3.3900e+22     38.76    0.8614  7.1847e+00  2.6884e-02  2.6724e+02    0.9803     26.99    2.8725      5.5081    1      0
     4   3   1   350  3.3900e+22     40.55    0.9011  7.1847e+00  1.0584e-02  6.7881e+02    0.9937     27.03    3.0000      6.0784    1      0
     4   3   1   350  3.3900e+22     45.00    1.0000  7.1847e+00  4.1318e-03  1.7389e+03    1.0000     27.05    3.3272      7.3028    1      0
     4   3   1   500  3.3900e+22     40.91    0.6494  3.2195e+00  1.0930e-01  2.9456e+01    0.8550     36.72    2.2286      3.6753    1      0
     4   3   1   500  3.3900e+22     43.72    0.6939  3.2195e+00  6.7784e-02  4.7497e+01    0.9016     37.09    2.3572      4.0085    1      0
     4   3   1   500  3.3900e+22     46.41    0.7367  3.2195e+00  3.9910e-02  8.0669e+01    0.9369     37.34    2.4857      4.3308    1      0
     4   3   1   500  3.3900e+22     49.02    0.7782  3.2195e+00  2.1630e-02  1.4884e+02    0.9635     37.51    2.6143      4.7785    1      0
     4   3   1   500  3.3900e+22     51.56    0.8184  3.2195e+00  1.1658e-02  2.7617e+02    0.9798     37.60    2.7429      5.2043    1      0
     4   3   1   500  3.3900e+22     53.99    0.8569  3.2195e+00  1.1658e-02  2.7617e+02    0.9804     37.60    2.8720      5.6027    1      0
     4   3   1   500  3.3900e+22     56.47    0.8963  3.2195e+00  6.2534e-03  5.1485e+02    0.9903     37.64    3.0000      6.1308    1      0
     4   3   1   500  3.3900e+22     63.00    1.0000  3.2195e+00  1.6623e-03  1.9368e+03    1.0000     37.68    3.3435      7.5056    1      0
     4   3   2    SD  3.3900e+22      9.54    0.2890  1.1883e+22  4.8348e+21  2.4579e+00    0.2176     14.53    1.3128      1.7857    1      0
     4   3   2    SD  3.3900e+22     10.35    0.3136  1.1883e+22  4.8348e+21  2.4579e+00    0.2176     14.53    1.4247      1.7857    1      0
     4   3   2    SD  3.3900e+22     11.35    0.3438  1.1883e+22  4.8348e+21  2.4579e+00    0.2298     14.53    1.5620      2.0566    1      0
     4   3   2    SD  3.3900e+22     12.10    0.3666  1.1883e+22  2.8248e+21  4.2068e+00    0.3774     17.49    1.3836      1.7519    1      0
     4   3   2    SD  3.3900e+22     12.51    0.3790  1.1883e+22  2.8248e+21  4.2068e+00    0.4002     17.49    1.4303      1.9222    1      0
     4   3   2    SD  3.3900e+22     13.83    0.4190  1.1883e+22  2.8248e+21  4.2068e+00    0.4242     17.49    1.5812      2.1952    1      0
     4   3   2    SD  3.3900e+22     15.45    0.4683  1.1883e+22  1.5559e+21  7.6376e+00    0.5970     19.18    1.6116      2.2935    1      0
     4   3   2    SD  3.3900e+22     16.28    0.4934  1.1883e+22  1.5559e+21  7.6376e+00    0.6075     19.18    1.6978      2.4564    1      0
     4   3   2    SD  3.3900e+22     17.54    0.5316  1.1883e+22  1.5559e+21  7.6376e+00    0.6139     19.18    1.8293      2.7315    1      0
     4   3   2    SD  3.3900e+22     17.91    0.5428  1.1883e+22  1.5559e+21  7.6376e+00    0.6139     19.18    1.8679      2.7315    1      0
     4   3   2    SD  3.3900e+22     19.94    0.6042  1.1883e+22  7.3559e+20  1.6155e+01    0.7750     20.23    1.9715      2.9359    1      0
     4   3   2    SD  3.3900e+22     20.71    0.6275  1.1883e+22  7.3559e+20  1.6155e+01    0.7777     20.23    2.0473      3.0961    1      0
     4   3   2    SD  3.3900e+22     21.81    0.6610  1.1883e+22  3.0737e+20  3.8661e+01    0.8843     20.78    2.1000      3.2955    1      0
     4   3   2    SD  3.3900e+22     23.15    0.7015  1.1883e+22  3.0737e+20  3.8661e+01    0.8895     20.78    2.2286      3.5868    1      0
     4   3   2    SD  3.3900e+22     24.80    0.7515  1.1883e+22  9.8299e+19  1.2089e+02    0.9575     21.04    2.3571      4.0524    1      0
     4   3   2    SD  3.3900e+22     26.15    0.7925  1.1883e+22  9.8299e+19  1.2089e+02    0.9595     21.04    2.4857      4.4098    1      0
     4   3   2    SD  3.3900e+22     27.63    0.8373  1.1883e+22  2.3207e+19  5.1207e+02    0.9887     21.14    2.6142      4.6641    1      0
     4   3   2    SD  3.3900e+22     28.99    0.8785  1.1883e+22  2.3207e+19  5.1207e+02    0.9907     21.14    2.7428      5.2253    1      0
     4   3   2    SD  3.3900e+22     30.38    0.9207  1.1883e+22  5.5684e+18  2.1341e+03    0.9995     21.16    2.8715      5.7537    1      0
     4   3   2    SD  3.3900e+22     31.74    0.9619  1.1883e+22  5.5684e+18  2.1341e+03    0.9999     21.16    3.0000      6.1761    1      0
     4   3   2    SD  3.3900e+22     33.00    1.0000  1.1883e+22  5.5684e+18  2.1341e+03    1.0000     21.16    3.1189      6.6708    1      0
     4   3   2   250  3.3900e+22     12.13    0.3110  7.8345e+00  2.7819e+00  2.8163e+00    0.2475     18.74    1.2946      1.6331    1      0
     4   3   2   250  3.3900e+22     12.24    0.3138  7.8345e+00  2.7819e+00  2.8163e+00    0.2475     18.74    1.3062      1.6331    1      0
     4   3   2   250  3.3900e+22     13.35    0.3423  7.8345e+00  2.7819e+00  2.8163e+00    0.2712     18.74    1.4247      1.8554    1      0
     4   3   2   250  3.3900e+22     14.64    0.3753  7.8345e+00  2.7819e+00  2.8163e+00    0.2819     18.74    1.5624      2.0192    1      0
     4   3   2   250  3.3900e+22     16.18    0.4147  7.8345e+00  1.8092e+00  4.3303e+00    0.4359     20.87    1.5504      2.1889    1      0
     4   3   2   250  3.3900e+22     18.08    0.4636  7.8345e+00  1.0691e+00  7.3279e+00    0.5787     22.48    1.6082      2.1568    1      0
     4   3   2   250  3.3900e+22     18.63    0.4778  7.8345e+00  1.0691e+00  7.3279e+00    0.5884     22.48    1.6574      2.2715    1      0
     4   3   2   250  3.3900e+22     20.54    0.5267  7.8345e+00  1.0691e+00  7.3279e+00    0.6045     22.48    1.8271      2.6495    1      0
     4   3   2   250  3.3900e+22     21.68    0.5559  7.8345e+00  5.8734e-01  1.3339e+01    0.7362     23.54    1.8422      2.7163    1      0
     4   3   2   250  3.3900e+22     23.20    0.5949  7.8345e+00  5.8734e-01  1.3339e+01    0.7429     23.54    1.9714      2.9466    1      0
     4   3   2   250  3.3900e+22     24.25    0.6218  7.8345e+00  2.7341e-01  2.8655e+01    0.8523     24.23    2.0015      3.0852    1      0
     4   3   2   250  3.3900e+22     25.45    0.6524  7.8345e+00  2.7341e-01  2.8655e+01    0.8551     24.23    2.1000      3.1905    1      0
     4   3   2   250  3.3900e+22     27.42    0.7030  7.8345e+00  1.0910e-01  7.1814e+01    0.9292     24.61    2.2286      3.5428    1      0
     4   3   2   250  3.3900e+22     29.00    0.7436  7.8345e+00  1.0910e-01  7.1814e+01    0.9346     24.61    2.3571      3.9541    1      0
     4   3   2   250  3.3900e+22     30.76    0.7888  7.8345e+00  4.4050e-02  1.7786e+02    0.9706     24.75    2.4857      4.3637    1      0
     4   3   2   250  3.3900e+22     32.36    0.8296  7.8345e+00  4.4050e-02  1.7786e+02    0.9722     24.75    2.6143      4.7756    1      0
     4   3   2   250  3.3900e+22     34.04    0.8727  7.8345e+00  1.5279e-02  5.1276e+02    0.9911     24.82    2.7428      5.2169    1      0
     4   3   2   250  3.3900e+22     35.63    0.9136  7.8345e+00  1.5279e-02  5.1276e+02    0.9917     24.82    2.8714      5.6259    1      0
     4   3   2   250  3.3900e+22     37.26    0.9555  7.8345e+00  4.7358e-03  1.6543e+03    0.9999     24.84    3.0000      6.2518    1      0
     4   3   2   250  3.3900e+22     39.00    1.0000  7.8345e+00  4.7358e-03  1.6543e+03    1.0000     24.84    3.1398      6.6091    1      0
     4   3   2   350  3.3900e+22     21.03    0.4381  8.8379e+00  1.4956e+00  5.9093e+00    0.5156     25.94    1.6210      2.1359    1      0
     4   3   2   350  3.3900e+22     21.75    0.4532  8.8379e+00  1.4956e+00  5.9093e+00    0.5291     25.94    1.6769      2.3607    1      0
     4   3   2   350  3.3900e+22     23.94    0.4987  8.8379e+00  1.4956e+00  5.9093e+00    0.5368     25.94    1.8453      2.6576    1      0
     4   3   2   350  3.3900e+22     24.76    0.5158  8.8379e+00  9.0574e-01  9.7577e+00    0.6660     27.28    1.8152      2.6498    1      0
     4   3   2   350  3.3900e+22     27.78    0.5788  8.8379e+00  5.0605e-01  1.7464e+01    0.7815     28.19    1.9714      2.9730    1      0
     4   3   2   350  3.3900e+22     29.42    0.6129  8.8379e+00  5.0605e-01  1.7464e+01    0.7850     28.19    2.0875      3.1306    1      0
     4   3   2   350  3.3900e+22     29.63    0.6173  8.8379e+00  5.0605e-01  1.7464e+01    0.7857     28.19    2.1023      3.2133    1      0
     4   3   2   350  3.3900e+22     31.96    0.6659  8.8379e+00  2.8553e-01  3.0953e+01    0.8632     28.69    2.2286      3.5608    1      0
     4   3   2   350  3.3900e+22     34.17    0.7120  8.8379e+00  1.4892e-01  5.9347e+01    0.9191     29.00    2.3571      3.8542    1      0
     4   3   2   350  3.3900e+22     36.25    0.7553  8.8379e+00  7.2645e-02  1.2166e+02    0.9566     29.17    2.4857      4.2891    1      0
     4   3   2   350  3.3900e+22     38.13    0.7943  8.8379e+00  7.2645e-02  1.2166e+02    0.9583     29.17    2.6143      4.6496    1      0
     4   3   2   350  3.3900e+22     40.13    0.8360  8.8379e+00  3.2079e-02  2.7550e+02    0.9812     29.26    2.7428      5.0684    1      0
     4   3   2   350  3.3900e+22     42.06    0.8763  8.8379e+00  1.3980e-02  6.3216e+02    0.9929     29.30    2.8711      5.4840    1      0
     4   3   2   350  3.3900e+22     43.95    0.9157  8.8379e+00  1.3980e-02  6.3216e+02    0.9937     29.30    3.0000      6.0163    1      0
     4   3   2   350  3.3900e+22     48.00    1.0000  8.8379e+00  5.6001e-03  1.5782e+03    1.0000     29.32    3.2741      7.0507    1      0
     4   3   2   500  3.3900e+22     33.40    0.5302  4.2242e+00  4.3260e-01  9.7646e+00    0.6631     36.43    1.8338      2.6312    1      0
     4   3   2   500  3.3900e+22     36.47    0.5789  4.2242e+00  2.9240e-01  1.4447e+01    0.7478     37.41    1.9496      2.9221    1      0
     4   3   2   500  3.3900e+22     39.21    0.6223  4.2242e+00  1.8846e-01  2.2415e+01    0.8200     38.14    2.0558      3.2060    1      0
     4   3   2   500  3.3900e+22     40.05    0.6357  4.2242e+00  1.8846e-01  2.2415e+01    0.8214     38.14    2.1000      3.2943    1      0
     4   3   2   500  3.3900e+22     43.03    0.6830  4.2242e+00  1.2114e-01  3.4870e+01    0.8757     38.62    2.2286      3.6794    1      0
     4   3   2   500  3.3900e+22     45.90    0.7286  4.2242e+00  7.4225e-02  5.6910e+01    0.9180     38.94    2.3571      4.0469    1      0
     4   3   2   500  3.3900e+22     48.68    0.7727  4.2242e+00  4.2091e-02  1.0036e+02    0.9503     39.17    2.4857      4.3602    1      0
     4   3   2   500  3.3900e+22     51.37    0.8154  4.2242e+00  2.3715e-02  1.7812e+02    0.9719     39.30    2.6143      4.8195    1      0
     4   3   2   500  3.3900e+22     53.90    0.8555  4.2242e+00  2.3715e-02  1.7812e+02    0.9726     39.30    2.7428      5.1876    1      0
     4   3   2   500  3.3900e+22     56.53    0.8973  4.2242e+00  1.3312e-02  3.1733e+02    0.9860     39.37    2.8715      5.6605    1      0
     4   3   2   500  3.3900e+22     59.12    0.9384  4.2242e+00  7.3596e-03  5.7397e+02    0.9945     39.41    3.0000      6.1675    1      0
     4   3   2   500  3.3900e+22     63.00    1.0000  4.2242e+00  3.8776e-03  1.0894e+03    1.0000     39.44    3.1948      6.9054    1      0
     4   3   3    SD  3.3900e+22      9.13    0.2342  1.0378e+22  5.7067e+21  1.8186e+00    0.0978     15.04    1.2143      1.5304    0      0
     4   3   3    SD  3.3900e+22      9.26    0.2375  1.0378e+22  5.7067e+21  1.8186e+00    0.0978     15.04    1.2318      1.5304    0      0
     4   3   3    SD  3.3900e+22      9.99    0.2561  1.0378e+22  5.7067e+21  1.8186e+00    0.1110     15.04    1.3278      1.7212    0      0
     4   3   3    SD  3.3900e+22     10.87    0.2786  1.0378e+22  5.7067e+21  1.8186e+00    0.1178     15.04    1.4448      1.9727    0      0
     4   3   3    SD  3.3900e+22     11.83    0.3032  1.0378e+22  5.7067e+21  1.8186e+00    0.1178     15.04    1.5725      1.9727    0      0
     4   3   3    SD  3.3900e+22     12.05    0.3090  1.0378e+22  4.0901e+21  2.5374e+00    0.2058     18.56    1.2985      1.6542    1      0
     4   3   3    SD  3.3900e+22     12.95    0.3320  1.0378e+22  4.0901e+21  2.5374e+00    0.2255     18.56    1.3953      1.8800    1      0
     4   3   3    SD  3.3900e+22     14.17    0.3634  1.0378e+22  4.0901e+21  2.5374e+00    0.2342     18.56    1.5271      2.0469    1      0
     4   3   3    SD  3.3900e+22     15.62    0.4005  1.0378e+22  2.8581e+21  3.6311e+00    0.3585     20.75    1.5053      2.0631    1      0
     4   3   3    SD  3.3900e+22     17.35    0.4449  1.0378e+22  2.8581e+21  3.6311e+00    0.3687     20.75    1.6720      2.2767    1      0
     4   3   3    SD  3.3900e+22     18.14    0.4653  1.0378e+22  1.8492e+21  5.6123e+00    0.4978     22.55    1.6093      2.1393    1      0
     4   3   3    SD  3.3900e+22     19.43    0.4983  1.0378e+22  1.8492e+21  5.6123e+00    0.5190     22.55    1.7236      2.4877    1      0
     4   3   3    SD  3.3900e+22     20.88    0.5354  1.0378e+22  1.8492e+21  5.6123e+00    0.5220     22.55    1.8518      2.6181    1      0
     4   3   3    SD  3.3900e+22     22.12    0.5673  1.0378e+22  1.1066e+21  9.3781e+00    0.6643     23.87    1.8536      2.7300    1      0
     4   3   3    SD  3.3900e+22     24.38    0.6252  1.0378e+22  5.4961e+20  1.8883e+01    0.7981     24.90    1.9584      2.8986    1      0
     4   3   3    SD  3.3900e+22     25.88    0.6637  1.0378e+22  5.4961e+20  1.8883e+01    0.8066     24.90    2.0789      3.2452    1      0
     4   3   3    SD  3.3900e+22     26.15    0.6704  1.0378e+22  5.4961e+20  1.8883e+01    0.8066     24.90    2.1000      3.2452    1      0
     4   3   3    SD  3.3900e+22     28.42    0.7287  1.0378e+22  2.2442e+20  4.6245e+01    0.9067     25.50    2.2285      3.5271    1      0
     4   3   3    SD  3.3900e+22     30.21    0.7747  1.0378e+22  8.7295e+19  1.1889e+02    0.9584     25.76    2.3457      3.8563    1      0
     4   3   3    SD  3.3900e+22     32.02    0.8209  1.0378e+22  8.7295e+19  1.1889e+02    0.9614     25.76    2.4857      4.2229    1      0
     4   3   3    SD  3.3900e+22     33.82    0.8671  1.0378e+22  2.7047e+19  3.8371e+02    0.9883     25.87    2.6143      4.6413    1      0
     4   3   3    SD  3.3900e+22     35.48    0.9097  1.0378e+22  2.7047e+19  3.8371e+02    0.9892     25.87    2.7428      5.0531    1      0
     4   3   3    SD  3.3900e+22     37.20    0.9538  1.0378e+22  6.8990e+18  1.5043e+03    0.9999     25.91    2.8714      5.6051    1      0
     4   3   3    SD  3.3900e+22     38.86    0.9965  1.0378e+22  6.8990e+18  1.5043e+03    1.0000     25.91    3.0000      5.9253    1      0
     4   3   3    SD  3.3900e+22     39.00    1.0000  1.0378e+22  6.8990e+18  1.5043e+03    1.0000     25.91    3.0106      5.9253    1      0
     4   3   3   160  3.3900e+22     17.10    0.3801  3.0246e-02  5.9320e-02  5.0988e-01    0.0813       nan       nan         nan    0      0
     4   3   3   160  3.3900e+22     17.28    0.3840  3.0246e-02  5.9320e-02  5.0988e-01    0.0813       nan       nan         nan    0      0
     4   3   3   160  3.3900e+22     17.51    0.3892  3.0246e-02  5.9320e-02  5.0988e-01    0.0838       nan       nan         nan    0      0
     4   3   3   160  3.3900e+22     17.79    0.3953  3.0246e-02  5.9320e-02  5.0988e-01    0.0838       nan       nan         nan    0      0
     4   3   3   160  3.3900e+22     18.14    0.4031  3.0246e-02  4.3125e-02  7.0136e-01    0.2050       nan       nan         nan    1      0
     4   3   3   160  3.3900e+22     18.56    0.4125  3.0246e-02  4.3125e-02  7.0136e-01    0.2147       nan       nan         nan    1      0
     4   3   3   160  3.3900e+22     19.09    0.4243  3.0246e-02  4.3125e-02  7.0136e-01    0.2220       nan       nan         nan    1      0
     4   3   3   160  3.3900e+22     19.71    0.4380  3.0246e-02  4.3125e-02  7.0136e-01    0.2286       nan       nan         nan    1      0
     4   3   3   160  3.3900e+22     20.49    0.4554  3.0246e-02  4.3125e-02  7.0136e-01    0.2322       nan       nan         nan    1      0
     4   3   3   160  3.3900e+22     21.42    0.4761  3.0246e-02  2.7813e-02  1.0875e+00    0.4104     47.52    0.9016      0.0700    1      0
     4   3   3   160  3.3900e+22     22.59    0.5020  3.0246e-02  2.7813e-02  1.0875e+00    0.4247     47.52    0.9507      0.0744    1      0
     4   3   3   160  3.3900e+22     24.03    0.5340  3.0246e-02  1.4587e-02  2.0735e+00    0.6210     50.45    0.9526      0.3644    1      0
     4   3   3   160  3.3900e+22     25.96    0.5770  3.0246e-02  1.4587e-02  2.0735e+00    0.6493     50.45    1.0293      0.4263    1      0
     4   3   3   160  3.3900e+22     28.90    0.6422  3.0246e-02  6.1955e-03  4.8820e+00    0.8233     52.35    1.1040      0.6278    1      0
     4   3   3   160  3.3900e+22     31.92    0.7093  3.0246e-02  2.4626e-03  1.2282e+01    0.9196     53.20    1.2000      0.7911    1      0
     4   3   3   160  3.3900e+22     35.59    0.7910  3.0246e-02  7.7580e-04  3.8987e+01    0.9714     53.58    1.3286      0.9724    1      0
     4   3   3   160  3.3900e+22     39.15    0.8700  3.0246e-02  3.7511e-05  8.0634e+02    0.9983     53.75    1.4568      1.2096    1      0
     4   3   3   160  3.3900e+22     42.62    0.9471  3.0246e-02  6.1988e-06  4.8794e+03    1.0000     53.76    1.5857      1.4040    1      0
     4   3   3   160  3.3900e+22     45.00    1.0000  3.0246e-02  6.1988e-06  4.8794e+03    1.0000     53.76    1.6743      1.5459    1      0
     4   3   3   250  3.3900e+22     12.36    0.2746  7.8100e+00  3.8086e+00  2.0507e+00    0.1439     19.46    1.2697      1.5671    0      0
     4   3   3   250  3.3900e+22     12.90    0.2866  7.8100e+00  3.8086e+00  2.0507e+00    0.1588     19.46    1.3253      1.7687    0      0
     4   3   3   250  3.3900e+22     13.40    0.2977  7.8100e+00  3.8086e+00  2.0507e+00    0.1588     19.46    1.3765      1.7687    0      0
     4   3   3   250  3.3900e+22     14.60    0.3244  7.8100e+00  3.8086e+00  2.0507e+00    0.1655     19.46    1.5002      1.9194    0      0
     4   3   3   250  3.3900e+22     15.93    0.3540  7.8100e+00  2.8390e+00  2.7510e+00    0.2672     22.09    1.4423      1.9048    1      0
     4   3   3   250  3.3900e+22     17.52    0.3893  7.8100e+00  2.8390e+00  2.7510e+00    0.2780     22.09    1.5861      2.2422    1      0
     4   3   3   250  3.3900e+22     19.36    0.4302  7.8100e+00  1.9908e+00  3.9231e+00    0.4074     24.37    1.5889      2.2514    1      0
     4   3   3   250  3.3900e+22     21.62    0.4805  7.8100e+00  1.3233e+00  5.9020e+00    0.5337     26.09    1.6576      2.2512    1      0
     4   3   3   250  3.3900e+22     22.31    0.4958  7.8100e+00  1.3233e+00  5.9020e+00    0.5433     26.09    1.7104      2.4312    1      0
     4   3   3   250  3.3900e+22     24.52    0.5449  7.8100e+00  7.7568e-01  1.0069e+01    0.6801     27.50    1.7831      2.5343    1      0
     4   3   3   250  3.3900e+22     25.34    0.5631  7.8100e+00  7.7568e-01  1.0069e+01    0.6838     27.50    1.8429      2.6154    1      0
     4   3   3   250  3.3900e+22     28.04    0.6232  7.8100e+00  4.0815e-01  1.9135e+01    0.8052     28.45    1.9714      2.9293    1      0
     4   3   3   250  3.3900e+22     28.77    0.6394  7.8100e+00  4.0815e-01  1.9135e+01    0.8089     28.45    2.0228      3.0843    1      0
     4   3   3   250  3.3900e+22     30.40    0.6756  7.8100e+00  2.1251e-01  3.6751e+01    0.8835     28.95    2.1000      3.2151    1      0
     4   3   3   250  3.3900e+22     32.26    0.7170  7.8100e+00  2.1251e-01  3.6751e+01    0.8881     28.95    2.2285      3.5132    1      0
     4   3   3   250  3.3900e+22     34.47    0.7660  7.8100e+00  9.8124e-02  7.9594e+01    0.9428     29.25    2.3571      3.9614    1      0
     4   3   3   250  3.3900e+22     36.54    0.8119  7.8100e+00  4.0528e-02  1.9271e+02    0.9746     29.40    2.4857      4.3380    1      0
     4   3   3   250  3.3900e+22     38.43    0.8539  7.8100e+00  4.0528e-02  1.9271e+02    0.9757     29.40    2.6143      4.7359    1      0
     4   3   3   250  3.3900e+22     40.41    0.8980  7.8100e+00  1.4215e-02  5.4943e+02    0.9927     29.47    2.7428      5.2127    1      0
     4   3   3   250  3.3900e+22     42.34    0.9409  7.8100e+00  4.7574e-03  1.6417e+03    0.9996     29.49    2.8714      5.5780    1      0
     4   3   3   250  3.3900e+22     44.23    0.9830  7.8100e+00  4.7574e-03  1.6417e+03    1.0000     29.49    3.0000      6.0431    1      0
     4   3   3   250  3.3900e+22     45.00    1.0000  7.8100e+00  4.7574e-03  1.6417e+03    1.0000     29.49    3.0519      6.2585    1      0
     4   3   3   350  3.3900e+22     18.15    0.3361  9.5808e+00  3.3268e+00  2.8798e+00    0.2749     25.38    1.4303      1.8483    1      0
     4   3   3   350  3.3900e+22     19.94    0.3693  9.5808e+00  3.3268e+00  2.8798e+00    0.2894     25.38    1.5712      2.1292    1      0
     4   3   3   350  3.3900e+22     20.57    0.3809  9.5808e+00  3.3268e+00  2.8798e+00    0.2914     25.38    1.6209      2.2374    1      0
     4   3   3   350  3.3900e+22     22.09    0.4091  9.5808e+00  2.4474e+00  3.9148e+00    0.4013     27.47    1.6085      2.2624    1      0
     4   3   3   350  3.3900e+22     24.68    0.4570  9.5808e+00  1.6538e+00  5.7931e+00    0.5252     29.36    1.6813      2.3119    1      0
     4   3   3   350  3.3900e+22     25.10    0.4648  9.5808e+00  1.6538e+00  5.7931e+00    0.5286     29.36    1.7100      2.3834    1      0
     4   3   3   350  3.3900e+22     28.08    0.5200  9.5808e+00  1.0513e+00  9.1129e+00    0.6527     30.89    1.8180      2.6030    1      0
     4   3   3   350  3.3900e+22     28.46    0.5271  9.5808e+00  1.0513e+00  9.1129e+00    0.6566     30.89    1.8429      2.7368    1      0
     4   3   3   350  3.3900e+22     31.46    0.5825  9.5808e+00  6.7049e-01  1.4289e+01    0.7522     31.91    1.9714      2.9728    1      0
     4   3   3   350  3.3900e+22     33.23    0.6153  9.5808e+00  4.0091e-01  2.3898e+01    0.8288     32.64    2.0362      3.0662    1      0
     4   3   3   350  3.3900e+22     34.27    0.6346  9.5808e+00  4.0091e-01  2.3898e+01    0.8338     32.64    2.1000      3.3329    1      0
     4   3   3   350  3.3900e+22     36.89    0.6832  9.5808e+00  2.2504e-01  4.2573e+01    0.8951     33.11    2.2286      3.6154    1      0
     4   3   3   350  3.3900e+22     39.21    0.7262  9.5808e+00  1.1612e-01  8.2509e+01    0.9393     33.40    2.3481      3.9488    1      0
     4   3   3   350  3.3900e+22     41.51    0.7687  9.5808e+00  1.1612e-01  8.2509e+01    0.9413     33.40    2.4857      4.2876    1      0
     4   3   3   350  3.3900e+22     43.86    0.8122  9.5808e+00  5.9178e-02  1.6190e+02    0.9682     33.55    2.6143      4.7592    1      0
     4   3   3   350  3.3900e+22     46.13    0.8543  9.5808e+00  2.7826e-02  3.4432e+02    0.9850     33.64    2.7429      5.2237    1      0
     4   3   3   350  3.3900e+22     48.36    0.8955  9.5808e+00  1.1352e-02  8.4398e+02    0.9947     33.68    2.8714      5.5687    1      0
     4   3   3   350  3.3900e+22     50.52    0.9356  9.5808e+00  1.1352e-02  8.4398e+02    0.9952     33.68    3.0000      6.1190    1      0
     4   3   3   350  3.3900e+22     54.00    1.0000  9.5808e+00  4.4919e-03  2.1329e+03    1.0000     33.70    3.2047      6.9481    1      0
     4   3   3   500  3.3900e+22     31.09    0.4506  5.0443e+00  9.6167e-01  5.2453e+00    0.4953     36.68    1.6954      2.4214    1      0
     4   3   3   500  3.3900e+22     35.50    0.5145  5.0443e+00  7.0783e-01  7.1264e+00    0.5898     38.26    1.8556      2.7678    1      0
     4   3   3   500  3.3900e+22     35.97    0.5213  5.0443e+00  7.0783e-01  7.1264e+00    0.5898     38.26    1.8802      2.7678    1      0
     4   3   3   500  3.3900e+22     39.93    0.5787  5.0443e+00  3.4284e-01  1.4713e+01    0.7526     40.54    1.9696      2.9759    1      0
     4   3   3   500  3.3900e+22     42.12    0.6104  5.0443e+00  2.3350e-01  2.1603e+01    0.8142     41.23    2.0433      3.1610    1      0
     4   3   3   500  3.3900e+22     43.29    0.6273  5.0443e+00  2.3350e-01  2.1603e+01    0.8172     41.23    2.1000      3.3725    1      0
     4   3   3   500  3.3900e+22     46.50    0.6740  5.0443e+00  1.5207e-01  3.3172e+01    0.8697     41.73    2.2286      3.6294    1      0
     4   3   3   500  3.3900e+22     49.63    0.7193  5.0443e+00  9.2417e-02  5.4582e+01    0.9140     42.11    2.3571      4.0186    1      0
     4   3   3   500  3.3900e+22     52.65    0.7630  5.0443e+00  5.5666e-02  9.0616e+01    0.9448     42.36    2.4857      4.4258    1      0
     4   3   3   500  3.3900e+22     55.56    0.8052  5.0443e+00  3.3493e-02  1.5061e+02    0.9655     42.51    2.6143      4.8508    1      0
     4   3   3   500  3.3900e+22     58.42    0.8466  5.0443e+00  1.9854e-02  2.5406e+02    0.9796     42.60    2.7429      5.3065    1      0
     4   3   3   500  3.3900e+22     61.24    0.8875  5.0443e+00  1.1206e-02  4.5015e+02    0.9894     42.65    2.8714      5.7539    1      0
     4   3   3   500  3.3900e+22     64.03    0.9280  5.0443e+00  5.8430e-03  8.6330e+02    0.9961     42.69    3.0000      6.2443    1      0
     4   3   3   500  3.3900e+22     69.00    1.0000  5.0443e+00  3.0394e-03  1.6596e+03    1.0000     42.71    3.2312      7.1786    1      0
     4   3   4    SD  3.3900e+22      9.20    0.1916  8.2893e+21  5.5727e+21  1.4875e+00    0.0450     15.51    1.1860      1.4880    0      0
     4   3   4    SD  3.3900e+22      9.89    0.2060  8.2893e+21  5.5727e+21  1.4875e+00    0.0513     15.51    1.2753      1.6664    0      0
     4   3   4    SD  3.3900e+22     10.71    0.2232  8.2893e+21  5.5727e+21  1.4875e+00    0.0513     15.51    1.3815      1.6664    0      0
     4   3   4    SD  3.3900e+22     11.61    0.2418  8.2893e+21  5.5727e+21  1.4875e+00    0.0545     15.51    1.4966      1.9046    0      0
     4   3   4    SD  3.3900e+22     12.64    0.2634  8.2893e+21  4.5052e+21  1.8400e+00    0.1062     19.24    1.3145      1.7252    0      0
     4   3   4    SD  3.3900e+22     13.73    0.2861  8.2893e+21  4.5052e+21  1.8400e+00    0.1138     19.24    1.4274      1.9489    0      0
     4   3   4    SD  3.3900e+22     15.05    0.3135  8.2893e+21  3.6099e+21  2.2963e+00    0.1768     21.82    1.3790      1.8212    0      0
     4   3   4    SD  3.3900e+22     16.45    0.3427  8.2893e+21  3.6099e+21  2.2963e+00    0.1876     21.82    1.5076      2.0556    0      0
     4   3   4    SD  3.3900e+22     18.14    0.3779  8.2893e+21  2.8051e+21  2.9551e+00    0.2681     24.14    1.5026      1.9640    1      0
     4   3   4    SD  3.3900e+22     18.36    0.3825  8.2893e+21  2.8051e+21  2.9551e+00    0.2736     24.14    1.5209      2.0606    1      0
     4   3   4    SD  3.3900e+22     20.07    0.4182  8.2893e+21  2.8051e+21  2.9551e+00    0.2813     24.14    1.6628      2.2693    1      0
     4   3   4    SD  3.3900e+22     21.04    0.4383  8.2893e+21  2.1324e+21  3.8872e+00    0.3685     26.03    1.6163      2.1152    1      0
     4   3   4    SD  3.3900e+22     22.41    0.4668  8.2893e+21  2.1324e+21  3.8872e+00    0.3825     26.03    1.7213      2.4210    1      0
     4   3   4    SD  3.3900e+22     25.25    0.5259  8.2893e+21  1.5072e+21  5.4998e+00    0.5009     27.79    1.8168      2.5424    1      0
     4   3   4    SD  3.3900e+22     25.61    0.5335  8.2893e+21  1.5072e+21  5.4998e+00    0.5020     27.79    1.8428      2.5828    1      0
     4   3   4    SD  3.3900e+22     28.81    0.6002  8.2893e+21  9.9518e+20  8.3295e+00    0.6295     29.23    1.9714      2.8848    1      0
     4   3   4    SD  3.3900e+22     29.02    0.6046  8.2893e+21  9.9518e+20  8.3295e+00    0.6295     29.23    1.9856      2.8848    1      0
     4   3   4    SD  3.3900e+22     31.81    0.6627  8.2893e+21  6.3359e+20  1.3083e+01    0.7367     30.29    2.1000      3.0816    1      0
     4   3   4    SD  3.3900e+22     33.65    0.7010  8.2893e+21  3.5920e+20  2.3077e+01    0.8320     31.21    2.1562      3.2477    1      0
     4   3   4    SD  3.3900e+22     34.78    0.7246  8.2893e+21  3.5920e+20  2.3077e+01    0.8349     31.21    2.2286      3.3979    1      0
     4   3   4    SD  3.3900e+22     37.51    0.7814  8.2893e+21  1.7635e+20  4.7005e+01    0.9109     31.83    2.3571      3.7009    1      0
     4   3   4    SD  3.3900e+22     39.99    0.8332  8.2893e+21  7.0647e+19  1.1733e+02    0.9616     32.18    2.4857      4.0163    1      0
     4   3   4    SD  3.3900e+22     42.26    0.8805  8.2893e+21  2.5018e+19  3.3133e+02    0.9874     32.33    2.6143      4.4167    1      0
     4   3   4    SD  3.3900e+22     44.34    0.9238  8.2893e+21  2.5018e+19  3.3133e+02    0.9886     32.33    2.7429      4.8372    1      0
     4   3   4    SD  3.3900e+22     46.51    0.9689  8.2893e+21  7.1390e+18  1.1611e+03    0.9999     32.39    2.8714      5.2719    1      0
     4   3   4    SD  3.3900e+22     48.00    1.0000  8.2893e+21  7.1390e+18  1.1611e+03    1.0000     32.39    2.9637      5.5809    1      0
     4   3   4   160  3.3900e+22     14.65    0.2874  9.8060e-02  9.2633e-02  1.0586e+00    0.0276     28.15    1.0413      0.5640    0      0
     4   3   4   160  3.3900e+22     15.27    0.2995  9.8060e-02  8.0228e-02  1.2223e+00    0.0700     31.69    0.9640      0.8559    0      0
     4   3   4   160  3.3900e+22     15.88    0.3113  9.8060e-02  8.0228e-02  1.2223e+00    0.0743     31.69    1.0021      0.8863    0      0
     4   3   4   160  3.3900e+22     16.59    0.3252  9.8060e-02  8.0228e-02  1.2223e+00    0.0775     31.69    1.0469      0.9263    0      0
     4   3   4   160  3.3900e+22     17.42    0.3415  9.8060e-02  8.0228e-02  1.2223e+00    0.0785     31.69    1.0992      0.9520    0      0
     4   3   4   160  3.3900e+22     18.32    0.3593  9.8060e-02  6.5698e-02  1.4926e+00    0.1530     35.20    1.0411      1.0619    0      0
     4   3   4   160  3.3900e+22     19.36    0.3795  9.8060e-02  6.5698e-02  1.4926e+00    0.1601     35.20    1.0997      1.1492    0      0
     4   3   4   160  3.3900e+22     20.52    0.4023  9.8060e-02  6.5698e-02  1.4926e+00    0.1619     35.20    1.1658      1.2027    0      0
     4   3   4   160  3.3900e+22     21.90    0.4294  9.8060e-02  5.1400e-02  1.9078e+00    0.2651     38.27    1.1444      1.2927    1      0
     4   3   4   160  3.3900e+22     23.30    0.4569  9.8060e-02  5.1400e-02  1.9078e+00    0.2670     38.27    1.2178      1.3414    1      0
     4   3   4   160  3.3900e+22     23.49    0.4606  9.8060e-02  5.1400e-02  1.9078e+00    0.2680     38.27    1.2277      1.3944    1      0
     4   3   4   160  3.3900e+22     25.40    0.4980  9.8060e-02  3.6888e-02  2.6583e+00    0.3993     41.27    1.2310      1.4048    1      0
     4   3   4   160  3.3900e+22     27.74    0.5440  9.8060e-02  2.4476e-02  4.0065e+00    0.5466     43.86    1.2651      1.5473    1      0
     4   3   4   160  3.3900e+22     29.64    0.5812  9.8060e-02  2.4476e-02  4.0065e+00    0.5524     43.86    1.3516      1.6637    1      0
     4   3   4   160  3.3900e+22     30.71    0.6022  9.8060e-02  1.5535e-02  6.3121e+00    0.6767     45.73    1.3431      1.6849    1      0
     4   3   4   160  3.3900e+22     34.36    0.6738  9.8060e-02  8.7279e-03  1.1235e+01    0.7998     47.16    1.4572      1.9510    1      0
     4   3   4   160  3.3900e+22     34.88    0.6840  9.8060e-02  8.7279e-03  1.1235e+01    0.7998     47.16    1.4792      1.9510    1      0
     4   3   4   160  3.3900e+22     38.14    0.7479  9.8060e-02  4.2207e-03  2.3233e+01    0.8923     48.11    1.5857      2.2034    1      0
     4   3   4   160  3.3900e+22     41.69    0.8175  9.8060e-02  1.6545e-03  5.9268e+01    0.9533     48.64    1.7143      2.5217    1      0
     4   3   4   160  3.3900e+22     45.08    0.8838  9.8060e-02  1.5865e-04  6.1810e+02    0.9949     48.95    1.8418      2.8946    1      0
     4   3   4   160  3.3900e+22     48.27    0.9465  9.8060e-02  3.0366e-05  3.2293e+03    0.9998     48.97    1.9714      3.2748    1      0
     4   3   4   160  3.3900e+22     51.00    1.0000  9.8060e-02  3.0366e-05  3.2293e+03    1.0000     48.97    2.0828      3.6646    1      0
     4   3   4   250  3.3900e+22     12.87    0.2384  6.9462e+00  4.2680e+00  1.6275e+00    0.0805     19.83    1.2983      1.7246    0      0
     4   3   4   250  3.3900e+22     13.92    0.2577  6.9462e+00  4.2680e+00  1.6275e+00    0.0841     19.83    1.4036      1.8685    0      0
     4   3   4   250  3.3900e+22     14.06    0.2603  6.9462e+00  4.2680e+00  1.6275e+00    0.0841     19.83    1.4177      1.8685    0      0
     4   3   4   250  3.3900e+22     15.18    0.2810  6.9462e+00  3.5292e+00  1.9682e+00    0.1360     22.79    1.3316      1.7294    0      0
     4   3   4   250  3.3900e+22     16.48    0.3051  6.9462e+00  3.5292e+00  1.9682e+00    0.1450     22.79    1.4458      1.9433    0      0
     4   3   4   250  3.3900e+22     18.02    0.3336  6.9462e+00  2.8243e+00  2.4595e+00    0.2154     25.48    1.4142      1.8379    1      0
     4   3   4   250  3.3900e+22     19.73    0.3654  6.9462e+00  2.8243e+00  2.4595e+00    0.2271     25.48    1.5489      2.1139    1      0
     4   3   4   250  3.3900e+22     20.36    0.3770  6.9462e+00  2.8243e+00  2.4595e+00    0.2288     25.48    1.5979      2.2208    1      0
     4   3   4   250  3.3900e+22     21.76    0.4029  6.9462e+00  2.2039e+00  3.1518e+00    0.3172     27.75    1.5680      2.1475    1      0
     4   3   4   250  3.3900e+22     24.12    0.4467  6.9462e+00  1.6071e+00  4.3221e+00    0.4228     29.94    1.6117      2.1144    1      0
     4   3   4   250  3.3900e+22     26.06    0.4826  6.9462e+00  1.6071e+00  4.3221e+00    0.4381     29.94    1.7411      2.4967    1      0
     4   3   4   250  3.3900e+22     26.99    0.4997  6.9462e+00  1.6071e+00  4.3221e+00    0.4384     29.94    1.8029      2.5774    1      0
     4   3   4   250  3.3900e+22     29.67    0.5494  6.9462e+00  1.1108e+00  6.2535e+00    0.5589     31.94    1.8574      2.6713    1      0
     4   3   4   250  3.3900e+22     30.63    0.5673  6.9462e+00  7.5667e-01  9.1800e+00    0.6598     33.38    1.8353      2.6552    1      0
     4   3   4   250  3.3900e+22     33.14    0.6138  6.9462e+00  4.8044e-01  1.4458e+01    0.7559     34.50    1.9211      2.7992    1      0
     4   3   4   250  3.3900e+22     35.84    0.6638  6.9462e+00  4.8044e-01  1.4458e+01    0.7632     34.50    2.0776      3.1467    1      0
     4   3   4   250  3.3900e+22     37.08    0.6867  6.9462e+00  2.8100e-01  2.4720e+01    0.8441     35.31    2.1000      3.2283    1      0
     4   3   4   250  3.3900e+22     39.96    0.7399  6.9462e+00  1.4694e-01  4.7272e+01    0.9092     35.86    2.2286      3.5153    1      0
     4   3   4   250  3.3900e+22     42.62    0.7894  6.9462e+00  7.3076e-02  9.5055e+01    0.9512     36.17    2.3571      3.8880    1      0
     4   3   4   250  3.3900e+22     45.17    0.8364  6.9462e+00  3.2075e-02  2.1656e+02    0.9778     36.34    2.4857      4.3096    1      0
     4   3   4   250  3.3900e+22     47.50    0.8797  6.9462e+00  3.2075e-02  2.1656e+02    0.9789     36.34    2.6143      4.7609    1      0
     4   3   4   250  3.3900e+22     49.96    0.9252  6.9462e+00  1.1561e-02  6.0081e+02    0.9937     36.43    2.7429      5.2025    1      0
     4   3   4   250  3.3900e+22     52.35    0.9694  6.9462e+00  3.8479e-03  1.8052e+03    0.9999     36.46    2.8714      5.6008    1      0
     4   3   4   250  3.3900e+22     54.00    1.0000  6.9462e+00  3.8479e-03  1.8052e+03    1.0000     36.46    2.9620      5.9542    1      0
     4   3   4   350  3.3900e+22     18.11    0.2874  9.1142e+00  4.3052e+00  2.1170e+00    0.1649     26.27    1.3786      1.7690    0      0
     4   3   4   350  3.3900e+22     19.72    0.3130  9.1142e+00  4.3052e+00  2.1170e+00    0.1744     26.27    1.5016      2.0285    0      0
     4   3   4   350  3.3900e+22     21.61    0.3430  9.1142e+00  3.4809e+00  2.6184e+00    0.2471     28.84    1.4984      1.9709    1      0
     4   3   4   350  3.3900e+22     22.97    0.3646  9.1142e+00  3.4809e+00  2.6184e+00    0.2542     28.84    1.5929      2.2018    1      0
     4   3   4   350  3.3900e+22     23.75    0.3770  9.1142e+00  3.4809e+00  2.6184e+00    0.2549     28.84    1.6470      2.2907    1      0
     4   3   4   350  3.3900e+22     26.29    0.4173  9.1142e+00  2.6597e+00  3.4268e+00    0.3551     31.49    1.6696      2.3525    1      0
     4   3   4   350  3.3900e+22     29.40    0.4667  9.1142e+00  1.9544e+00  4.6635e+00    0.4629     33.82    1.7383      2.4334    1      0
     4   3   4   350  3.3900e+22     30.18    0.4790  9.1142e+00  1.4319e+00  6.3651e+00    0.5556     35.55    1.6975      2.4128    1      0
     4   3   4   350  3.3900e+22     33.44    0.5308  9.1142e+00  1.0051e+00  9.0678e+00    0.6513     36.97    1.8088      2.5741    1      0
     4   3   4   350  3.3900e+22     33.84    0.5371  9.1142e+00  1.0051e+00  9.0678e+00    0.6544     36.97    1.8305      2.6682    1      0
     4   3   4   350  3.3900e+22     37.54    0.5958  9.1142e+00  6.7262e-01  1.3550e+01    0.7446     38.08    1.9715      2.9768    1      0
     4   3   4   350  3.3900e+22     39.41    0.6256  9.1142e+00  4.2308e-01  2.1542e+01    0.8192     38.91    2.0258      3.1048    1      0
     4   3   4   350  3.3900e+22     40.86    0.6485  9.1142e+00  4.2308e-01  2.1542e+01    0.8227     38.91    2.1000      3.3636    1      0
     4   3   4   350  3.3900e+22     43.96    0.6977  9.1142e+00  2.6205e-01  3.4780e+01    0.8797     39.45    2.2286      3.6364    1      0
     4   3   4   350  3.3900e+22     46.93    0.7449  9.1142e+00  1.5126e-01  6.0255e+01    0.9244     39.82    2.3572      4.0036    1      0
     4   3   4   350  3.3900e+22     49.79    0.7903  9.1142e+00  7.8550e-02  1.1603e+02    0.9577     40.06    2.4857      4.4023    1      0
     4   3   4   350  3.3900e+22     52.53    0.8339  9.1142e+00  3.9539e-02  2.3051e+02    0.9780     40.19    2.6143      4.8479    1      0
     4   3   4   350  3.3900e+22     55.21    0.8763  9.1142e+00  1.9425e-02  4.6919e+02    0.9896     40.26    2.7428      5.2753    1      0
     4   3   4   350  3.3900e+22     57.85    0.9182  9.1142e+00  9.1887e-03  9.9189e+02    0.9962     40.29    2.8714      5.7762    1      0
     4   3   4   350  3.3900e+22     60.46    0.9597  9.1142e+00  4.0029e-03  2.2769e+03    0.9999     40.31    3.0000      6.2670    1      0
     4   3   4   350  3.3900e+22     63.00    1.0000  9.1142e+00  4.0029e-03  2.2769e+03    1.0000     40.31    3.1259      6.6969    1      0
     4   3   4   500  3.3900e+22     28.15    0.3753  5.3337e+00  1.7852e+00  2.9877e+00    0.3002     36.38    1.5474      2.1246    1      0
     4   3   4   500  3.3900e+22     31.16    0.4154  5.3337e+00  1.4360e+00  3.7142e+00    0.3809     38.68    1.6111      2.2646    1      0
     4   3   4   500  3.3900e+22     34.85    0.4647  5.3337e+00  1.1263e+00  4.7354e+00    0.4667     40.72    1.7121      2.4633    1      0
     4   3   4   500  3.3900e+22     35.83    0.4778  5.3337e+00  1.1263e+00  4.7354e+00    0.4677     40.72    1.7602      2.5510    1      0
     4   3   4   500  3.3900e+22     39.72    0.5296  5.3337e+00  6.3330e-01  8.4221e+00    0.6339     44.02    1.8047      2.6610    1      0
     4   3   4   500  3.3900e+22     40.56    0.5408  5.3337e+00  6.3330e-01  8.4221e+00    0.6360     44.02    1.8428      2.7674    1      0
     4   3   4   500  3.3900e+22     45.22    0.6030  5.3337e+00  3.2971e-01  1.6177e+01    0.7724     46.08    1.9629      3.0147    1      0
     4   3   4   500  3.3900e+22     47.06    0.6274  5.3337e+00  3.2971e-01  1.6177e+01    0.7754     46.08    2.0425      3.2543    1      0
     4   3   4   500  3.3900e+22     49.16    0.6554  5.3337e+00  2.2100e-01  2.4135e+01    0.8346     46.81    2.1000      3.3594    1      0
     4   3   4   500  3.3900e+22     52.73    0.7030  5.3337e+00  1.4685e-01  3.6319e+01    0.8820     47.32    2.2286      3.7133    1      0
     4   3   4   500  3.3900e+22     56.16    0.7489  5.3337e+00  9.7018e-02  5.4976e+01    0.9173     47.65    2.3572      4.0790    1      0
     4   3   4   500  3.3900e+22     59.51    0.7935  5.3337e+00  6.3268e-02  8.4302e+01    0.9436     47.88    2.4857      4.4550    1      0
     4   3   4   500  3.3900e+22     62.81    0.8375  5.3337e+00  3.9501e-02  1.3502e+02    0.9639     48.04    2.6148      4.8797    1      0
     4   3   4   500  3.3900e+22     66.11    0.8815  5.3337e+00  1.3412e-02  3.9767e+02    0.9889     48.21    2.7429      5.3522    1      0
     4   3   4   500  3.3900e+22     69.24    0.9233  5.3337e+00  7.6980e-03  6.9287e+02    0.9955     48.24    2.8705      5.7949    1      0
     4   3   4   500  3.3900e+22     72.39    0.9653  5.3337e+00  4.1806e-03  1.2758e+03    0.9999     48.27    2.9998      6.3267    1      0
     4   3   4   500  3.3900e+22     75.00    1.0000  5.3337e+00  4.1806e-03  1.2758e+03    1.0000     48.27    3.1077      6.7824    1      0
     4   3   5    SD  3.3900e+22     11.73    0.1862  6.1499e+21  4.7759e+21  1.2877e+00    0.0230     15.98    1.4675      1.8396    0      0
     4   3   5    SD  3.3900e+22     12.04    0.1912  6.1499e+21  4.1656e+21  1.4763e+00    0.0436     19.88    1.2116      1.5263    0      0
     4   3   5    SD  3.3900e+22     12.71    0.2017  6.1499e+21  4.1656e+21  1.4763e+00    0.0468     19.88    1.2782      1.6532    0      0
     4   3   5    SD  3.3900e+22     13.75    0.2182  6.1499e+21  4.1656e+21  1.4763e+00    0.0503     19.88    1.3828      1.8604    0      0
     4   3   5    SD  3.3900e+22     14.98    0.2378  6.1499e+21  4.1656e+21  1.4763e+00    0.0503     19.88    1.5073      1.8604    0      0
     4   3   5    SD  3.3900e+22     16.25    0.2580  6.1499e+21  3.6058e+21  1.7056e+00    0.0875     22.90    1.4193      1.9295    0      0
     4   3   5    SD  3.3900e+22     17.72    0.2813  6.1499e+21  3.6058e+21  1.7056e+00    0.0890     22.90    1.5476      2.1317    0      0
     4   3   5    SD  3.3900e+22     18.55    0.2944  6.1499e+21  3.0593e+21  2.0102e+00    0.1344     25.68    1.4443      1.9029    0      0
     4   3   5    SD  3.3900e+22     19.35    0.3071  6.1499e+21  3.0593e+21  2.0102e+00    0.1387     25.68    1.5067      2.0882    0      0
     4   3   5    SD  3.3900e+22     21.27    0.3376  6.1499e+21  2.5639e+21  2.3986e+00    0.1943     28.12    1.5126      2.0319    0      0
     4   3   5    SD  3.3900e+22     23.44    0.3721  6.1499e+21  2.5639e+21  2.3986e+00    0.2003     28.12    1.6673      2.3633    1      0
     4   3   5    SD  3.3900e+22     25.99    0.4125  6.1499e+21  2.0725e+21  2.9674e+00    0.2766     30.58    1.6993      2.4294    1      0
     4   3   5    SD  3.3900e+22     27.11    0.4303  6.1499e+21  1.6467e+21  3.7345e+00    0.3506     32.86    1.6498      2.2224    1      0
     4   3   5    SD  3.3900e+22     29.05    0.4610  6.1499e+21  1.6467e+21  3.7345e+00    0.3596     32.86    1.7676      2.5095    1      0
     4   3   5    SD  3.3900e+22     32.79    0.5205  6.1499e+21  1.3156e+21  4.6746e+00    0.4403     34.64    1.8933      2.8006    1      0
     4   3   5    SD  3.3900e+22     32.92    0.5226  6.1499e+21  1.3156e+21  4.6746e+00    0.4403     34.64    1.9008      2.8006    1      0
     4   3   5    SD  3.3900e+22     36.79    0.5840  6.1499e+21  7.7159e+20  7.9704e+00    0.6061     37.59    1.9575      2.9188    1      0
     4   3   5    SD  3.3900e+22     37.77    0.5996  6.1499e+21  7.7159e+20  7.9704e+00    0.6077     37.59    2.0096      3.0082    1      0
     4   3   5    SD  3.3900e+22     40.74    0.6466  6.1499e+21  5.5211e+20  1.1139e+01    0.6936     38.80    2.1000      3.1846    1      0
     4   3   5    SD  3.3900e+22     44.27    0.7026  6.1499e+21  3.8303e+20  1.6056e+01    0.7709     39.73    2.2286      3.4430    1      0
     4   3   5    SD  3.3900e+22     44.38    0.7045  6.1499e+21  3.8303e+20  1.6056e+01    0.7711     39.73    2.2345      3.4830    1      0
     4   3   5    SD  3.3900e+22     48.15    0.7643  6.1499e+21  1.2855e+20  4.7839e+01    0.9064     41.12    2.3418      3.6572    1      0
     4   3   5    SD  3.3900e+22     51.52    0.8178  6.1499e+21  6.0558e+19  1.0155e+02    0.9535     41.50    2.4833      4.0748    1      0
     4   3   5    SD  3.3900e+22     54.49    0.8650  6.1499e+21  2.5306e+19  2.4302e+02    0.9802     41.69    2.6143      4.4483    1      0
     4   3   5    SD  3.3900e+22     57.29    0.9093  6.1499e+21  9.0971e+18  6.7603e+02    0.9937     41.78    2.7423      4.8053    1      0
     4   3   5    SD  3.3900e+22     60.03    0.9528  6.1499e+21  2.6466e+18  2.3237e+03    0.9998     41.81    2.8712      5.2855    1      0
     4   3   5    SD  3.3900e+22     62.72    0.9956  6.1499e+21  2.6466e+18  2.3237e+03    1.0000     41.81    3.0000      5.7552    1      0
     4   3   5    SD  3.3900e+22     63.00    1.0000  6.1499e+21  2.6466e+18  2.3237e+03    1.0000     41.81    3.0133      5.7552    1      0
     4   3   5   160  3.3900e+22     15.72    0.2758  9.1126e-02  7.6575e-02  1.1900e+00    0.0447     30.62    1.0269      1.0846    0      0
     4   3   5   160  3.3900e+22     16.44    0.2884  9.1126e-02  7.6575e-02  1.1900e+00    0.0467     30.62    1.0736      1.1338    0      0
     4   3   5   160  3.3900e+22     17.25    0.3026  9.1126e-02  7.6575e-02  1.1900e+00    0.0473     30.62    1.1265      1.1655    0      0
     4   3   5   160  3.3900e+22     18.18    0.3189  9.1126e-02  6.6235e-02  1.3758e+00    0.0920     34.44    1.0555      1.1463    0      0
     4   3   5   160  3.3900e+22     19.14    0.3359  9.1126e-02  6.6235e-02  1.3758e+00    0.0976     34.44    1.1116      1.2334    0      0
     4   3   5   160  3.3900e+22     20.22    0.3547  9.1126e-02  6.6235e-02  1.3758e+00    0.1010     34.44    1.1740      1.3398    0      0
     4   3   5   160  3.3900e+22     21.47    0.3766  9.1126e-02  5.5059e-02  1.6551e+00    0.1684     38.02    1.1292      1.2920    0      0
     4   3   5   160  3.3900e+22     22.79    0.3999  9.1126e-02  5.5059e-02  1.6551e+00    0.1739     38.02    1.1990      1.3759    0      0
     4   3   5   160  3.3900e+22     23.55    0.4132  9.1126e-02  5.5059e-02  1.6551e+00    0.1760     38.02    1.2388      1.4820    0      0
     4   3   5   160  3.3900e+22     24.38    0.4277  9.1126e-02  4.2849e-02  2.1267e+00    0.2730     41.56    1.1732      1.4114    1      0
     4   3   5   160  3.3900e+22     26.22    0.4601  9.1126e-02  4.2849e-02  2.1267e+00    0.2801     41.56    1.2619      1.5565    1      0
     4   3   5   160  3.3900e+22     28.42    0.4987  9.1126e-02  3.1916e-02  2.8552e+00    0.3950     44.53    1.2766      1.6009    1      0
     4   3   5   160  3.3900e+22     30.07    0.5276  9.1126e-02  2.3552e-02  3.8691e+00    0.4978     46.78    1.2859      1.6127    1      0
     4   3   5   160  3.3900e+22     31.21    0.5475  9.1126e-02  2.3552e-02  3.8691e+00    0.5047     46.78    1.3344      1.7110    1      0
     4   3   5   160  3.3900e+22     34.86    0.6115  9.1126e-02  1.6545e-02  5.5079e+00    0.6169     48.60    1.4344      1.9076    1      0
     4   3   5   160  3.3900e+22     35.53    0.6233  9.1126e-02  1.6545e-02  5.5079e+00    0.6183     48.60    1.4621      1.9757    1      0
     4   3   5   160  3.3900e+22     40.14    0.7042  9.1126e-02  6.6049e-03  1.3797e+01    0.8118     51.04    1.5728      2.1889    1      0
     4   3   5   160  3.3900e+22     40.47    0.7100  9.1126e-02  6.6049e-03  1.3797e+01    0.8133     51.04    1.5857      2.2474    1      0
     4   3   5   160  3.3900e+22     44.34    0.7780  9.1126e-02  3.7872e-03  2.4062e+01    0.8840     51.74    1.7143      2.5216    1      0
     4   3   5   160  3.3900e+22     48.37    0.8485  9.1126e-02  7.1971e-04  1.2661e+02    0.9728     52.49    1.8428      2.8037    1      0
     4   3   5   160  3.3900e+22     51.86    0.9099  9.1126e-02  2.1588e-04  4.2212e+02    0.9926     52.61    1.9714      3.2573    1      0
     4   3   5   160  3.3900e+22     55.29    0.9700  9.1126e-02  4.1356e-05  2.2034e+03    0.9999     52.66    2.1000      3.6496    1      0
     4   3   5   160  3.3900e+22     57.00    1.0000  9.1126e-02  4.1356e-05  2.2034e+03    1.0000     52.66    2.1650      3.8403    1      0
     4   3   5   250  3.3900e+22     12.22    0.1852  5.5266e+00  4.0034e+00  1.3805e+00    0.0337     20.23    1.2085      1.4956    0      0
     4   3   5   250  3.3900e+22     12.70    0.1925  5.5266e+00  4.0034e+00  1.3805e+00    0.0362     20.23    1.2558      1.6165    0      0
     4   3   5   250  3.3900e+22     13.70    0.2076  5.5266e+00  4.0034e+00  1.3805e+00    0.0391     20.23    1.3547      1.8148    0      0
     4   3   5   250  3.3900e+22     14.88    0.2254  5.5266e+00  4.0034e+00  1.3805e+00    0.0391     20.23    1.4707      1.8148    0      0
     4   3   5   250  3.3900e+22     16.09    0.2438  5.5266e+00  3.5312e+00  1.5651e+00    0.0681     23.52    1.3683      1.7603    0      0
     4   3   5   250  3.3900e+22     17.43    0.2642  5.5266e+00  3.5312e+00  1.5651e+00    0.0706     23.52    1.4823      1.9274    0      0
     4   3   5   250  3.3900e+22     18.99    0.2877  5.5266e+00  3.0513e+00  1.8112e+00    0.1126     26.51    1.4326      1.9134    0      0
     4   3   5   250  3.3900e+22     20.66    0.3130  5.5266e+00  3.0513e+00  1.8112e+00    0.1153     26.51    1.5583      2.1006    0      0
     4   3   5   250  3.3900e+22     22.57    0.3420  5.5266e+00  2.5985e+00  2.1269e+00    0.1685     29.28    1.5419      2.0763    0      0
     4   3   5   250  3.3900e+22     24.79    0.3756  5.5266e+00  2.1330e+00  2.5910e+00    0.2385     32.21    1.5393      2.1226    1      0
     4   3   5   250  3.3900e+22     26.73    0.4050  5.5266e+00  2.1330e+00  2.5910e+00    0.2414     32.21    1.6600      2.2867    1      0
     4   3   5   250  3.3900e+22     27.41    0.4153  5.5266e+00  1.7176e+00  3.2176e+00    0.3149     34.85    1.5733      2.1310    1      0
     4   3   5   250  3.3900e+22     30.52    0.4623  5.5266e+00  1.3866e+00  3.9858e+00    0.3951     36.93    1.6524      2.2984    1      0
     4   3   5   250  3.3900e+22     32.84    0.4975  5.5266e+00  1.3866e+00  3.9858e+00    0.4010     36.93    1.7781      2.5992    1      0
     4   3   5   250  3.3900e+22     34.26    0.5191  5.5266e+00  1.0916e+00  5.0629e+00    0.4831     38.78    1.7672      2.6085    1      0
     4   3   5   250  3.3900e+22     35.97    0.5450  5.5266e+00  1.0916e+00  5.0629e+00    0.4842     38.78    1.8553      2.7015    1      0
     4   3   5   250  3.3900e+22     39.09    0.5923  5.5266e+00  6.0800e-01  9.0897e+00    0.6504     41.80    1.8705      2.6999    1      0
     4   3   5   250  3.3900e+22     41.49    0.6286  5.5266e+00  6.0800e-01  9.0897e+00    0.6570     41.80    1.9850      2.9963    1      0
     4   3   5   250  3.3900e+22     45.58    0.6906  5.5266e+00  2.9306e-01  1.8858e+01    0.8039     43.87    2.0776      3.1856    1      0
     4   3   5   250  3.3900e+22     45.88    0.6952  5.5266e+00  2.9306e-01  1.8858e+01    0.8050     43.87    2.0916      3.2515    1      0
     4   3   5   250  3.3900e+22     49.74    0.7537  5.5266e+00  1.7712e-01  3.1202e+01    0.8732     44.64    2.2286      3.5933    1      0
     4   3   5   250  3.3900e+22     53.21    0.8062  5.5266e+00  1.0084e-01  5.4808e+01    0.9233     45.15    2.3571      3.9228    1      0
     4   3   5   250  3.3900e+22     56.49    0.8560  5.5266e+00  5.4425e-02  1.0154e+02    0.9572     45.46    2.4857      4.2790    1      0
     4   3   5   250  3.3900e+22     59.65    0.9038  5.5266e+00  2.7335e-02  2.0218e+02    0.9791     45.63    2.6143      4.6894    1      0
     4   3   5   250  3.3900e+22     62.74    0.9507  5.5266e+00  1.2158e-02  4.5457e+02    0.9925     45.74    2.7437      5.1336    1      0
     4   3   5   250  3.3900e+22     65.74    0.9960  5.5266e+00  4.4689e-03  1.2367e+03    1.0000     45.79    2.8714      5.5496    1      0
     4   3   5   250  3.3900e+22     66.00    1.0000  5.5266e+00  4.4689e-03  1.2367e+03    1.0000     45.79    2.8829      5.6539    1      0
     4   3   5   350  3.3900e+22     18.69    0.2492  7.6764e+00  4.5779e+00  1.6768e+00    0.0894     26.92    1.3885      1.7914    0      0
     4   3   5   350  3.3900e+22     20.26    0.2702  7.6764e+00  4.5779e+00  1.6768e+00    0.0933     26.92    1.5053      2.0569    0      0
     4   3   5   350  3.3900e+22     22.06    0.2941  7.6764e+00  3.9671e+00  1.9350e+00    0.1387     29.91    1.4752      2.0221    0      0
     4   3   5   350  3.3900e+22     24.08    0.3211  7.6764e+00  3.3208e+00  2.3116e+00    0.1943     33.11    1.4546      1.8857    0      0
     4   3   5   350  3.3900e+22     26.33    0.3510  7.6764e+00  3.3208e+00  2.3116e+00    0.2028     33.11    1.5902      2.2111    1      0
     4   3   5   350  3.3900e+22     26.40    0.3520  7.6764e+00  3.3208e+00  2.3116e+00    0.2028     33.11    1.5945      2.2111    1      0
     4   3   5   350  3.3900e+22     29.10    0.3879  7.6764e+00  2.7276e+00  2.8143e+00    0.2750     36.05    1.6141      2.2518    1      0
     4   3   5   350  3.3900e+22     32.34    0.4312  7.6764e+00  2.2422e+00  3.4235e+00    0.3486     38.37    1.6858      2.4304    1      0
     4   3   5   350  3.3900e+22     35.14    0.4685  7.6764e+00  1.8015e+00  4.2611e+00    0.4277     40.47    1.7366      2.5640    1      0
     4   3   5   350  3.3900e+22     36.26    0.4835  7.6764e+00  1.4087e+00  5.4492e+00    0.5056     42.35    1.7127      2.4622    1      0
     4   3   5   350  3.3900e+22     40.57    0.5410  7.6764e+00  1.0657e+00  7.2033e+00    0.5932     44.03    1.8428      2.7464    1      0
     4   3   5   350  3.3900e+22     41.30    0.5506  7.6764e+00  1.0657e+00  7.2033e+00    0.5941     44.03    1.8758      2.8180    1      0
     4   3   5   350  3.3900e+22     45.03    0.6004  7.6764e+00  5.7608e-01  1.3325e+01    0.7373     46.44    1.9395      2.9162    1      0
     4   3   5   350  3.3900e+22     48.64    0.6486  7.6764e+00  3.8738e-01  1.9816e+01    0.8081     47.36    2.0540      3.1936    1      0
     4   3   5   350  3.3900e+22     49.73    0.6631  7.6764e+00  3.8738e-01  1.9816e+01    0.8100     47.36    2.1000      3.3399    1      0
     4   3   5   350  3.3900e+22     53.51    0.7134  7.6764e+00  2.5408e-01  3.0212e+01    0.8655     48.02    2.2286      3.6516    1      0
     4   3   5   350  3.3900e+22     57.42    0.7657  7.6764e+00  1.0189e-01  7.5343e+01    0.9378     48.72    2.3571      3.9774    1      0
     4   3   5   350  3.3900e+22     60.80    0.8107  7.6764e+00  5.9344e-02  1.2935e+02    0.9625     48.92    2.4857      4.4110    1      0
     4   3   5   350  3.3900e+22     64.12    0.8549  7.6764e+00  3.1209e-02  2.4596e+02    0.9799     49.05    2.6143      4.7751    1      0
     4   3   5   350  3.3900e+22     67.37    0.8983  7.6764e+00  1.5890e-02  4.8310e+02    0.9905     49.12    2.7428      5.2226    1      0
     4   3   5   350  3.3900e+22     70.58    0.9411  7.6764e+00  7.8186e-03  9.8181e+02    0.9965     49.16    2.8714      5.7222    1      0
     4   3   5   350  3.3900e+22     73.77    0.9836  7.6764e+00  3.5082e-03  2.1881e+03    1.0000     49.18    3.0000      6.2037    1      0
     4   3   5   350  3.3900e+22     75.00    1.0000  7.6764e+00  3.5082e-03  2.1881e+03    1.0000     49.18    3.0500      6.4264    1      0
     4   3   5   500  3.3900e+22     27.30    0.3138  4.9257e+00  2.2002e+00  2.2387e+00    0.1901     37.82    1.4439      1.9365    0      0
     4   3   5   500  3.3900e+22     29.88    0.3435  4.9257e+00  2.2002e+00  2.2387e+00    0.1952     37.82    1.5804      2.2045    0      0
     4   3   5   500  3.3900e+22     32.89    0.3780  4.9257e+00  1.8794e+00  2.6210e+00    0.2539     40.57    1.6212      2.3162    1      0
     4   3   5   500  3.3900e+22     35.39    0.4068  4.9257e+00  1.5765e+00  3.1245e+00    0.3195     43.16    1.6401      2.3710    1      0
     4   3   5   500  3.3900e+22     36.42    0.4186  4.9257e+00  1.2953e+00  3.8026e+00    0.3871     45.54    1.5992      2.2573    1      0
     4   3   5   500  3.3900e+22     40.71    0.4679  4.9257e+00  1.0399e+00  4.7368e+00    0.4661     47.71    1.7064      2.4900    1      0
     4   3   5   500  3.3900e+22     41.23    0.4739  4.9257e+00  1.0399e+00  4.7368e+00    0.4669     47.71    1.7280      2.5543    1      0
     4   3   5   500  3.3900e+22     46.42    0.5336  4.9257e+00  6.5064e-01  7.5706e+00    0.6080     50.73    1.8303      2.7257    1      0
     4   3   5   500  3.3900e+22     46.74    0.5373  4.9257e+00  6.5064e-01  7.5706e+00    0.6085     50.73    1.8429      2.7671    1      0
     4   3   5   500  3.3900e+22     51.91    0.5967  4.9257e+00  3.6162e-01  1.3621e+01    0.7432     52.95    1.9608      3.0165    1      0
     4   3   5   500  3.3900e+22     54.87    0.6307  4.9257e+00  2.6760e-01  1.8407e+01    0.7958     53.67    2.0446      3.1782    1      0
     4   3   5   500  3.3900e+22     56.46    0.6490  4.9257e+00  2.6760e-01  1.8407e+01    0.7973     53.67    2.1041      3.3535    1      0
     4   3   5   500  3.3900e+22     60.94    0.7005  4.9257e+00  1.3828e-01  3.5621e+01    0.8805     54.69    2.2286      3.6726    1      0
     4   3   5   500  3.3900e+22     64.89    0.7458  4.9257e+00  9.2744e-02  5.3111e+01    0.9151     55.05    2.3571      4.0265    1      0
     4   3   5   500  3.3900e+22     68.75    0.7902  4.9257e+00  6.1691e-02  7.9845e+01    0.9408     55.30    2.4862      4.4125    1      0
     4   3   5   500  3.3900e+22     72.67    0.8353  4.9257e+00  2.5545e-02  1.9282e+02    0.9742     55.59    2.6143      4.8449    1      0
     4   3   5   500  3.3900e+22     76.35    0.8776  4.9257e+00  1.5539e-02  3.1698e+02    0.9849     55.67    2.7428      5.2254    1      0
     4   3   5   500  3.3900e+22     80.00    0.9196  4.9257e+00  9.3469e-03  5.2699e+02    0.9921     55.72    2.8714      5.7276    1      0
     4   3   5   500  3.3900e+22     83.63    0.9613  4.9257e+00  5.4731e-03  9.0000e+02    0.9969     55.75    3.0000      6.2359    1      0
     4   3   5   500  3.3900e+22     87.00    1.0000  4.9257e+00  3.0898e-03  1.5942e+03    1.0000     55.77    3.1199      6.6984    1      0
     4   4   1    SD  3.3900e+22      9.37    0.2839  2.4201e+22  9.9396e+21  2.4349e+00    0.1905     14.55    1.2877      1.5737    0      0
     4   4   1    SD  3.3900e+22      9.58    0.2902  2.4201e+22  9.9396e+21  2.4349e+00    0.2146     14.55    1.3161      1.7824    1      0
     4   4   1    SD  3.3900e+22     10.37    0.3141  2.4201e+22  9.9396e+21  2.4349e+00    0.2146     14.55    1.4246      1.7824    1      0
     4   4   1    SD  3.3900e+22     10.40    0.3152  2.4201e+22  9.9396e+21  2.4349e+00    0.2146     14.55    1.4292      1.7824    1      0
     4   4   1    SD  3.3900e+22     11.40    0.3455  2.4201e+22  9.9396e+21  2.4349e+00    0.2267     14.55    1.5668      2.0524    1      0
     4   4   1    SD  3.3900e+22     12.56    0.3805  2.4201e+22  5.8359e+21  4.1470e+00    0.3960     17.54    1.4316      1.9163    1      0
     4   4   1    SD  3.3900e+22     13.89    0.4208  2.4201e+22  5.8359e+21  4.1470e+00    0.4199     17.54    1.5832      2.1878    1      0
     4   4   1    SD  3.3900e+22     15.52    0.4702  2.4201e+22  3.2281e+21  7.4972e+00    0.5928     19.25    1.6126      2.2829    1      0
     4   4   1    SD  3.3900e+22     16.50    0.4999  2.4201e+22  3.2281e+21  7.4972e+00    0.6033     19.25    1.7143      2.4447    1      0
     4   4   1    SD  3.3900e+22     17.61    0.5337  2.4201e+22  3.2281e+21  7.4972e+00    0.6097     19.25    1.8304      2.7183    1      0
     4   4   1    SD  3.3900e+22     18.64    0.5648  2.4201e+22  1.5325e+21  1.5792e+01    0.7589     20.31    1.8350      2.6203    1      0
     4   4   1    SD  3.3900e+22     20.02    0.6068  2.4201e+22  1.5325e+21  1.5792e+01    0.7717     20.31    1.9714      2.9176    1      0
     4   4   1    SD  3.3900e+22     20.77    0.6295  2.4201e+22  1.5325e+21  1.5792e+01    0.7745     20.31    2.0453      3.0767    1      0
     4   4   1    SD  3.3900e+22     21.92    0.6642  2.4201e+22  6.4261e+20  3.7661e+01    0.8859     20.87    2.1000      3.4124    1      0
     4   4   1    SD  3.3900e+22     23.26    0.7048  2.4201e+22  6.4261e+20  3.7661e+01    0.8875     20.87    2.2286      3.5602    1      0
     4   4   1    SD  3.3900e+22     24.93    0.7553  2.4201e+22  2.0615e+20  1.1740e+02    0.9566     21.15    2.3572      4.0189    1      0
     4   4   1    SD  3.3900e+22     26.28    0.7965  2.4201e+22  2.0615e+20  1.1740e+02    0.9586     21.15    2.4857      4.3732    1      0
     4   4   1    SD  3.3900e+22     27.77    0.8416  2.4201e+22  4.8808e+19  4.9586e+02    0.9897     21.25    2.6142      4.9005    1      0
     4   4   1    SD  3.3900e+22     29.14    0.8830  2.4201e+22  4.8808e+19  4.9586e+02    0.9905     21.25    2.7428      5.1795    1      0
     4   4   1    SD  3.3900e+22     30.54    0.9254  2.4201e+22  1.1732e+19  2.0629e+03    0.9995     21.27    2.8715      5.7024    1      0
     4   4   1    SD  3.3900e+22     31.91    0.9668  2.4201e+22  1.1732e+19  2.0629e+03    0.9999     21.27    3.0000      6.2609    1      0
     4   4   1    SD  3.3900e+22     33.00    1.0000  2.4201e+22  1.1732e+19  2.0629e+03    1.0000     21.27    3.1028      6.6113    1      0
     4   4   1   250  3.3900e+22     12.45    0.3192  1.3218e+01  4.8882e+00  2.7040e+00    0.2522     18.89    1.3175      1.7625    1      0
     4   4   1   250  3.3900e+22     13.33    0.3419  1.3218e+01  4.8882e+00  2.7040e+00    0.2591     18.89    1.4113      1.8358    1      0
     4   4   1   250  3.3900e+22     13.57    0.3479  1.3218e+01  4.8882e+00  2.7040e+00    0.2695     18.89    1.4364      1.9967    1      0
     4   4   1   250  3.3900e+22     14.89    0.3818  1.3218e+01  4.8882e+00  2.7040e+00    0.2695     18.89    1.5761      1.9967    1      0
     4   4   1   250  3.3900e+22     16.43    0.4213  1.3218e+01  3.2172e+00  4.1084e+00    0.4212     21.10    1.5573      2.1560    1      0
     4   4   1   250  3.3900e+22     16.73    0.4289  1.3218e+01  3.2172e+00  4.1084e+00    0.4212     21.10    1.5855      2.1560    1      0
     4   4   1   250  3.3900e+22     18.34    0.4704  1.3218e+01  1.9244e+00  6.8685e+00    0.5739     22.81    1.6087      2.2291    1      0
     4   4   1   250  3.3900e+22     19.48    0.4994  1.3218e+01  1.9244e+00  6.8685e+00    0.5870     22.81    1.7079      2.4674    1      0
     4   4   1   250  3.3900e+22     20.82    0.5337  1.3218e+01  1.9244e+00  6.8685e+00    0.5901     22.81    1.8255      2.5980    1      0
     4   4   1   250  3.3900e+22     21.88    0.5611  1.3218e+01  1.0687e+00  1.2367e+01    0.7288     23.94    1.8284      2.7622    1      0
     4   4   1   250  3.3900e+22     23.89    0.6127  1.3218e+01  1.0687e+00  1.2367e+01    0.7321     23.94    1.9966      2.9985    1      0
     4   4   1   250  3.3900e+22     24.52    0.6286  1.3218e+01  5.0286e-01  2.6285e+01    0.8441     24.70    1.9855      3.0036    1      0
     4   4   1   250  3.3900e+22     25.93    0.6649  1.3218e+01  5.0286e-01  2.6285e+01    0.8511     24.70    2.1000      3.3707    1      0
     4   4   1   250  3.3900e+22     27.97    0.7171  1.3218e+01  2.0274e-01  6.5195e+01    0.9281     25.10    2.2285      3.6366    1      0
     4   4   1   250  3.3900e+22     29.58    0.7585  1.3218e+01  2.0274e-01  6.5195e+01    0.9308     25.10    2.3572      3.9404    1      0
     4   4   1   250  3.3900e+22     31.39    0.8050  1.3218e+01  8.2468e-02  1.6028e+02    0.9697     25.26    2.4857      4.4260    1      0
     4   4   1   250  3.3900e+22     33.11    0.8491  1.3218e+01  2.8803e-02  4.5890e+02    0.9893     25.33    2.6143      4.7056    1      0
     4   4   1   250  3.3900e+22     34.74    0.8908  1.3218e+01  2.8803e-02  4.5890e+02    0.9908     25.33    2.7428      5.2465    1      0
     4   4   1   250  3.3900e+22     36.41    0.9336  1.3218e+01  8.9788e-03  1.4721e+03    0.9996     25.36    2.8714      5.7525    1      0
     4   4   1   250  3.3900e+22     38.04    0.9754  1.3218e+01  8.9788e-03  1.4721e+03    1.0000     25.36    3.0000      6.2450    1      0
     4   4   1   250  3.3900e+22     39.00    1.0000  1.3218e+01  8.9788e-03  1.4721e+03    1.0000     25.36    3.0758      6.3932    1      0
     4   4   1   350  3.3900e+22     21.89    0.4561  1.5988e+01  2.7777e+00  5.7560e+00    0.5266     26.07    1.6797      2.4357    1      0
     4   4   1   350  3.3900e+22     21.98    0.4579  1.5988e+01  2.7777e+00  5.7560e+00    0.5266     26.07    1.6864      2.4357    1      0
     4   4   1   350  3.3900e+22     24.92    0.5191  1.5988e+01  1.6914e+00  9.4528e+00    0.6595     27.44    1.8164      2.6280    1      0
     4   4   1   350  3.3900e+22     25.03    0.5215  1.5988e+01  1.6914e+00  9.4528e+00    0.6595     27.44    1.8246      2.6280    1      0
     4   4   1   350  3.3900e+22     27.97    0.5826  1.5988e+01  9.5046e-01  1.6822e+01    0.7761     28.37    1.9714      2.9438    1      0
     4   4   1   350  3.3900e+22     29.58    0.6162  1.5988e+01  9.5046e-01  1.6822e+01    0.7804     28.37    2.0851      3.1815    1      0
     4   4   1   350  3.3900e+22     30.18    0.6286  1.5988e+01  5.3886e-01  2.9671e+01    0.8545     28.89    2.0889      3.2230    1      0
     4   4   1   350  3.3900e+22     32.19    0.6707  1.5988e+01  5.3886e-01  2.9671e+01    0.8592     28.89    2.2286      3.5211    1      0
     4   4   1   350  3.3900e+22     34.43    0.7173  1.5988e+01  2.8243e-01  5.6611e+01    0.9177     29.21    2.3571      3.9520    1      0
     4   4   1   350  3.3900e+22     36.53    0.7611  1.5988e+01  1.3841e-01  1.1552e+02    0.9555     29.40    2.4857      4.3036    1      0
     4   4   1   350  3.3900e+22     38.42    0.8005  1.5988e+01  1.3841e-01  1.1552e+02    0.9569     29.40    2.6143      4.6969    1      0
     4   4   1   350  3.3900e+22     40.45    0.8426  1.5988e+01  6.1401e-02  2.6039e+02    0.9807     29.49    2.7428      5.1398    1      0
     4   4   1   350  3.3900e+22     42.41    0.8835  1.5988e+01  2.6868e-02  5.9508e+02    0.9928     29.54    2.8714      5.4765    1      0
     4   4   1   350  3.3900e+22     44.30    0.9230  1.5988e+01  2.6868e-02  5.9508e+02    0.9934     29.54    3.0000      6.0018    1      0
     4   4   1   350  3.3900e+22     48.00    1.0000  1.5988e+01  1.0802e-02  1.4801e+03    1.0000     29.56    3.2480      6.9497    1      0
     4   4   1   500  3.3900e+22     33.07    0.5249  7.9650e+00  8.2628e-01  9.6395e+00    0.6585     36.51    1.8114      2.5760    1      0
     4   4   1   500  3.3900e+22     36.07    0.5725  7.9650e+00  5.5953e-01  1.4235e+01    0.7415     37.51    1.9234      2.7763    1      0
     4   4   1   500  3.3900e+22     39.30    0.6237  7.9650e+00  3.6134e-01  2.2043e+01    0.8179     38.25    2.0549      3.1937    1      0
     4   4   1   500  3.3900e+22     40.16    0.6374  7.9650e+00  3.6134e-01  2.2043e+01    0.8194     38.25    2.1000      3.2815    1      0
     4   4   1   500  3.3900e+22     43.15    0.6849  7.9650e+00  2.3272e-01  3.4226e+01    0.8740     38.73    2.2286      3.6637    1      0
     4   4   1   500  3.3900e+22     46.04    0.7307  7.9650e+00  1.4287e-01  5.5749e+01    0.9168     39.06    2.3571      4.0282    1      0
     4   4   1   500  3.3900e+22     48.83    0.7751  7.9650e+00  8.1196e-02  9.8096e+01    0.9495     39.29    2.4857      4.3387    1      0
     4   4   1   500  3.3900e+22     51.53    0.8180  7.9650e+00  4.5843e-02  1.7374e+02    0.9714     39.42    2.6143      4.7945    1      0
     4   4   1   500  3.3900e+22     54.11    0.8589  7.9650e+00  2.5783e-02  3.0892e+02    0.9852     39.50    2.7401      5.2471    1      0
     4   4   1   500  3.3900e+22     56.71    0.9001  7.9650e+00  2.5783e-02  3.0892e+02    0.9858     39.50    2.8714      5.6705    1      0
     4   4   1   500  3.3900e+22     59.31    0.9414  7.9650e+00  1.4282e-02  5.5771e+02    0.9944     39.54    3.0000      6.1737    1      0
     4   4   1   500  3.3900e+22     63.00    1.0000  7.9650e+00  7.5388e-03  1.0565e+03    1.0000     39.57    3.1846      6.8666    1      0
     4   4   2    SD  3.3900e+22      9.38    0.2405  2.1360e+22  1.1922e+22  1.7917e+00    0.0940     15.06    1.2450      1.5284    0      0
     4   4   2    SD  3.3900e+22     10.10    0.2590  2.1360e+22  1.1922e+22  1.7917e+00    0.1067     15.06    1.3411      1.7184    0      0
     4   4   2    SD  3.3900e+22     10.99    0.2818  2.1360e+22  1.1922e+22  1.7917e+00    0.1132     15.06    1.4589      1.9691    0      0
     4   4   2    SD  3.3900e+22     11.98    0.3072  2.1360e+22  1.1922e+22  1.7917e+00    0.1132     15.06    1.5905      1.9691    0      0
     4   4   2    SD  3.3900e+22     11.98    0.3073  2.1360e+22  1.1922e+22  1.7917e+00    0.1132     15.06    1.5911      1.9691    0      0
     4   4   2    SD  3.3900e+22     12.97    0.3326  2.1360e+22  8.6232e+21  2.4771e+00    0.2176     18.61    1.3942      1.8740    1      0
     4   4   2    SD  3.3900e+22     13.10    0.3359  2.1360e+22  8.6232e+21  2.4771e+00    0.2176     18.61    1.4080      1.8740    1      0
     4   4   2    SD  3.3900e+22     14.36    0.3681  2.1360e+22  8.6232e+21  2.4771e+00    0.2262     18.61    1.5430      2.0399    1      0
     4   4   2    SD  3.3900e+22     15.06    0.3861  2.1360e+22  6.0819e+21  3.5121e+00    0.3368     20.84    1.4450      1.9287    1      0
     4   4   2    SD  3.3900e+22     15.81    0.4054  2.1360e+22  6.0819e+21  3.5121e+00    0.3479     20.84    1.5174      2.0518    1      0
     4   4   2    SD  3.3900e+22     17.56    0.4503  2.1360e+22  6.0819e+21  3.5121e+00    0.3606     20.84    1.6856      2.4244    1      0
     4   4   2    SD  3.3900e+22     18.96    0.4861  2.1360e+22  3.9741e+21  5.3748e+00    0.4950     22.69    1.6709      2.2312    1      0
     4   4   2    SD  3.3900e+22     19.66    0.5041  2.1360e+22  3.9741e+21  5.3748e+00    0.5072     22.69    1.7327      2.4655    1      0
     4   4   2    SD  3.3900e+22     21.65    0.5552  2.1360e+22  2.3999e+21  8.9003e+00    0.6485     24.08    1.7986      2.5937    1      0
     4   4   2    SD  3.3900e+22     22.35    0.5730  2.1360e+22  2.3999e+21  8.9003e+00    0.6534     24.08    1.8565      2.6961    1      0
     4   4   2    SD  3.3900e+22     24.71    0.6337  2.1360e+22  1.2025e+21  1.7764e+01    0.7901     25.16    1.9642      2.8527    1      0
     4   4   2    SD  3.3900e+22     26.10    0.6692  2.1360e+22  1.2025e+21  1.7764e+01    0.7988     25.16    2.0742      3.1926    1      0
     4   4   2    SD  3.3900e+22     27.03    0.6931  2.1360e+22  4.9490e+20  4.3161e+01    0.8932     25.81    2.0946      3.1027    1      0
     4   4   2    SD  3.3900e+22     28.76    0.7374  2.1360e+22  4.9490e+20  4.3161e+01    0.9037     25.81    2.2286      3.5513    1      0
     4   4   2    SD  3.3900e+22     30.74    0.7882  2.1360e+22  1.9351e+20  1.1038e+02    0.9573     26.08    2.3571      3.8651    1      0
     4   4   2    SD  3.3900e+22     32.42    0.8312  2.1360e+22  1.9351e+20  1.1038e+02    0.9596     26.08    2.4857      4.2264    1      0
     4   4   2    SD  3.3900e+22     34.25    0.8783  2.1360e+22  6.0222e+19  3.5469e+02    0.9884     26.20    2.6143      4.7628    1      0
     4   4   2    SD  3.3900e+22     35.98    0.9226  2.1360e+22  6.0222e+19  3.5469e+02    0.9886     26.20    2.7463      4.9425    1      0
     4   4   2    SD  3.3900e+22     37.68    0.9662  2.1360e+22  1.5413e+19  1.3858e+03    0.9999     26.24    2.8715      5.5693    1      0
     4   4   2    SD  3.3900e+22     39.00    1.0000  2.1360e+22  1.5413e+19  1.3858e+03    1.0000     26.24    2.9720      5.7930    1      0
     4   4   2   250  3.3900e+22     12.77    0.2838  1.3641e+01  7.0069e+00  1.9468e+00    0.1443     19.65    1.3000      1.7468    0      0
     4   4   2   250  3.3900e+22     13.80    0.3067  1.3641e+01  7.0069e+00  1.9468e+00    0.1505     19.65    1.4047      1.8941    0      0
     4   4   2   250  3.3900e+22     15.08    0.3350  1.3641e+01  5.3116e+00  2.5682e+00    0.2380     22.41    1.3457      1.7654    1      0
     4   4   2   250  3.3900e+22     16.28    0.3618  1.3641e+01  5.3116e+00  2.5682e+00    0.2529     22.41    1.4535      1.9894    1      0
     4   4   2   250  3.3900e+22     16.41    0.3646  1.3641e+01  5.3116e+00  2.5682e+00    0.2529     22.41    1.4645      1.9894    1      0
     4   4   2   250  3.3900e+22     18.02    0.4003  1.3641e+01  3.7901e+00  3.5991e+00    0.3645     24.82    1.4517      1.9019    1      0
     4   4   2   250  3.3900e+22     18.53    0.4118  1.3641e+01  3.7901e+00  3.5991e+00    0.3721     24.82    1.4932      1.9948    1      0
     4   4   2   250  3.3900e+22     19.87    0.4416  1.3641e+01  3.7901e+00  3.5991e+00    0.3827     24.82    1.6015      2.1960    1      0
     4   4   2   250  3.3900e+22     22.16    0.4925  1.3641e+01  2.5605e+00  5.3275e+00    0.5183     26.68    1.6611      2.3567    1      0
     4   4   2   250  3.3900e+22     23.66    0.5257  1.3641e+01  2.5605e+00  5.3275e+00    0.5217     26.68    1.7731      2.5528    1      0
     4   4   2   250  3.3900e+22     25.03    0.5562  1.3641e+01  1.5259e+00  8.9399e+00    0.6620     28.25    1.7717      2.5188    1      0
     4   4   2   250  3.3900e+22     26.59    0.5909  1.3641e+01  1.5259e+00  8.9399e+00    0.6675     28.25    1.8825      2.7242    1      0
     4   4   2   250  3.3900e+22     28.91    0.6424  1.3641e+01  8.1547e-01  1.6728e+01    0.7929     29.33    1.9714      2.9517    1      0
     4   4   2   250  3.3900e+22     29.26    0.6502  1.3641e+01  8.1547e-01  1.6728e+01    0.7929     29.33    1.9954      2.9517    1      0
     4   4   2   250  3.3900e+22     31.41    0.6980  1.3641e+01  4.2944e-01  3.1764e+01    0.8768     29.91    2.1000      3.2751    1      0
     4   4   2   250  3.3900e+22     33.77    0.7504  1.3641e+01  2.0036e-01  6.8083e+01    0.9352     30.30    2.2285      3.5892    1      0
     4   4   2   250  3.3900e+22     35.72    0.7937  1.3641e+01  2.0036e-01  6.8083e+01    0.9375     30.30    2.3572      3.9019    1      0
     4   4   2   250  3.3900e+22     37.92    0.8427  1.3641e+01  8.3478e-02  1.6341e+02    0.9727     30.51    2.4857      4.3142    1      0
     4   4   2   250  3.3900e+22     40.01    0.8891  1.3641e+01  2.9511e-02  4.6224e+02    0.9914     30.61    2.6143      4.7282    1      0
     4   4   2   250  3.3900e+22     42.00    0.9333  1.3641e+01  2.9511e-02  4.6224e+02    0.9920     30.61    2.7444      5.2039    1      0
     4   4   2   250  3.3900e+22     43.99    0.9776  1.3641e+01  9.9385e-03  1.3725e+03    1.0000     30.64    2.8714      5.7133    1      0
     4   4   2   250  3.3900e+22     45.00    1.0000  1.3641e+01  9.9385e-03  1.3725e+03    1.0000     30.64    2.9372      5.9169    1      0
     4   4   2   350  3.3900e+22     18.43    0.3413  1.7890e+01  6.4400e+00  2.7780e+00    0.2698     25.55    1.4424      1.9199    1      0
     4   4   2   350  3.3900e+22     20.24    0.3749  1.7890e+01  6.4400e+00  2.7780e+00    0.2800     25.55    1.5845      2.2167    1      0
     4   4   2   350  3.3900e+22     20.26    0.3752  1.7890e+01  6.4400e+00  2.7780e+00    0.2800     25.55    1.5860      2.2167    1      0
     4   4   2   350  3.3900e+22     22.40    0.4149  1.7890e+01  4.7765e+00  3.7455e+00    0.3881     27.71    1.6172      2.2362    1      0
     4   4   2   350  3.3900e+22     25.00    0.4629  1.7890e+01  3.2576e+00  5.4918e+00    0.5147     29.68    1.6848      2.3490    1      0
     4   4   2   350  3.3900e+22     28.41    0.5260  1.7890e+01  2.0906e+00  8.5575e+00    0.6418     31.33    1.8133      2.6232    1      0
     4   4   2   350  3.3900e+22     28.87    0.5346  1.7890e+01  2.0906e+00  8.5575e+00    0.6437     31.33    1.8428      2.6889    1      0
     4   4   2   350  3.3900e+22     31.95    0.5917  1.7890e+01  1.3438e+00  1.3313e+01    0.7421     32.41    1.9714      2.9762    1      0
     4   4   2   350  3.3900e+22     33.58    0.6218  1.7890e+01  8.0982e-01  2.2092e+01    0.8227     33.19    2.0234      3.1125    1      0
     4   4   2   350  3.3900e+22     34.85    0.6453  1.7890e+01  8.0982e-01  2.2092e+01    0.8252     33.19    2.1000      3.2581    1      0
     4   4   2   350  3.3900e+22     37.55    0.6954  1.7890e+01  4.5792e-01  3.9068e+01    0.8895     33.70    2.2286      3.5829    1      0
     4   4   2   350  3.3900e+22     40.09    0.7424  1.7890e+01  2.3797e-01  7.5177e+01    0.9363     34.02    2.3571      3.9544    1      0
     4   4   2   350  3.3900e+22     42.49    0.7868  1.7890e+01  1.2202e-01  1.4661e+02    0.9649     34.18    2.4857      4.3580    1      0
     4   4   2   350  3.3900e+22     44.72    0.8281  1.7890e+01  1.2202e-01  1.4661e+02    0.9661     34.18    2.6161      4.7930    1      0
     4   4   2   350  3.3900e+22     47.01    0.8706  1.7890e+01  5.7698e-02  3.1007e+02    0.9840     34.28    2.7429      5.2645    1      0
     4   4   2   350  3.3900e+22     49.28    0.9127  1.7890e+01  2.3672e-02  7.5577e+02    0.9947     34.33    2.8714      5.7282    1      0
     4   4   2   350  3.3900e+22     51.52    0.9541  1.7890e+01  9.4123e-03  1.9007e+03    0.9998     34.35    3.0000      6.2384    1      0
     4   4   2   350  3.3900e+22     54.00    1.0000  1.7890e+01  9.4123e-03  1.9007e+03    1.0000     34.35    3.1443      6.7455    1      0
     4   4   2   500  3.3900e+22     31.30    0.4536  9.8245e+00  1.9172e+00  5.1245e+00    0.4887     36.84    1.6992      2.4079    1      0
     4   4   2   500  3.3900e+22     31.70    0.4594  9.8245e+00  1.9172e+00  5.1245e+00    0.4900     36.84    1.7208      2.4578    1      0
     4   4   2   500  3.3900e+22     35.72    0.5176  9.8245e+00  1.4161e+00  6.9376e+00    0.5832     38.46    1.8573      2.7496    1      0
     4   4   2   500  3.3900e+22     35.72    0.5177  9.8245e+00  1.4161e+00  6.9376e+00    0.5832     38.46    1.8577      2.7496    1      0
     4   4   2   500  3.3900e+22     40.22    0.5828  9.8245e+00  6.9112e-01  1.4215e+01    0.7477     40.80    1.9714      2.9902    1      0
     4   4   2   500  3.3900e+22     42.36    0.6139  9.8245e+00  4.7242e-01  2.0796e+01    0.8094     41.50    2.0412      3.1312    1      0
     4   4   2   500  3.3900e+22     43.58    0.6316  9.8245e+00  4.7242e-01  2.0796e+01    0.8124     41.50    2.1000      3.3404    1      0
     4   4   2   500  3.3900e+22     46.84    0.6788  9.8245e+00  3.0880e-01  3.1815e+01    0.8663     42.03    2.2286      3.6478    1      0
     4   4   2   500  3.3900e+22     50.02    0.7250  9.8245e+00  1.8843e-01  5.2139e+01    0.9114     42.44    2.3571      4.0460    1      0
     4   4   2   500  3.3900e+22     53.07    0.7691  9.8245e+00  1.1393e-01  8.6235e+01    0.9428     42.70    2.4857      4.3733    1      0
     4   4   2   500  3.3900e+22     56.02    0.8118  9.8245e+00  6.8785e-02  1.4283e+02    0.9642     42.85    2.6143      4.8258    1      0
     4   4   2   500  3.3900e+22     58.90    0.8537  9.8245e+00  4.0908e-02  2.4016e+02    0.9787     42.95    2.7429      5.2388    1      0
     4   4   2   500  3.3900e+22     61.75    0.8949  9.8245e+00  2.3163e-02  4.2414e+02    0.9889     43.01    2.8714      5.7132    1      0
     4   4   2   500  3.3900e+22     64.57    0.9358  9.8245e+00  1.2119e-02  8.1065e+02    0.9959     43.05    3.0000      6.2641    1      0
     4   4   2   500  3.3900e+22     69.00    1.0000  9.8245e+00  6.3240e-03  1.5535e+03    1.0000     43.07    3.2043      7.0821    1      0
     4   4   3    SD  3.3900e+22      9.44    0.1850  1.7341e+22  1.1858e+22  1.4624e+00    0.0412     15.52    1.2157      1.4868    0      0
     4   4   3    SD  3.3900e+22     10.13    0.1986  1.7341e+22  1.1858e+22  1.4624e+00    0.0469     15.52    1.3049      1.6649    0      0
     4   4   3    SD  3.3900e+22     10.98    0.2154  1.7341e+22  1.1858e+22  1.4624e+00    0.0499     15.52    1.4153      1.9026    0      0
     4   4   3    SD  3.3900e+22     11.94    0.2341  1.7341e+22  1.1858e+22  1.4624e+00    0.0499     15.52    1.5380      1.9026    0      0
     4   4   3    SD  3.3900e+22     12.13    0.2378  1.7341e+22  9.6916e+21  1.7893e+00    0.0910     19.26    1.2591      1.5849    0      0
     4   4   3    SD  3.3900e+22     12.47    0.2445  1.7341e+22  9.6916e+21  1.7893e+00    0.0974     19.26    1.2947      1.7224    0      0
     4   4   3    SD  3.3900e+22     12.97    0.2543  1.7341e+22  9.6916e+21  1.7893e+00    0.1003     19.26    1.3464      1.7915    0      0
     4   4   3    SD  3.3900e+22     14.10    0.2765  1.7341e+22  9.6916e+21  1.7893e+00    0.1044     19.26    1.4642      1.9454    0      0
     4   4   3    SD  3.3900e+22     15.31    0.3002  1.7341e+22  7.8639e+21  2.2051e+00    0.1686     21.87    1.3999      1.9261    0      0
     4   4   3    SD  3.3900e+22     15.46    0.3031  1.7341e+22  7.8639e+21  2.2051e+00    0.1686     21.87    1.4133      1.9261    0      0
     4   4   3    SD  3.3900e+22     16.93    0.3319  1.7341e+22  7.8639e+21  2.2051e+00    0.1727     21.87    1.5477      2.0492    0      0
     4   4   3    SD  3.3900e+22     18.68    0.3662  1.7341e+22  6.2064e+21  2.7941e+00    0.2529     24.23    1.5414      2.0506    1      0
     4   4   3    SD  3.3900e+22     20.70    0.4058  1.7341e+22  6.2064e+21  2.7941e+00    0.2619     24.23    1.7080      2.3733    1      0
     4   4   3    SD  3.3900e+22     23.10    0.4529  1.7341e+22  4.8010e+21  3.6120e+00    0.3575     26.18    1.7647      2.4976    1      0
     4   4   3    SD  3.3900e+22     23.91    0.4687  1.7341e+22  4.8010e+21  3.6120e+00    0.3584     26.18    1.8263      2.5996    1      0
     4   4   3    SD  3.3900e+22     26.01    0.5100  1.7341e+22  3.4651e+21  5.0045e+00    0.4751     28.03    1.8560      2.7093    1      0
     4   4   3    SD  3.3900e+22     26.41    0.5178  1.7341e+22  3.4651e+21  5.0045e+00    0.4751     28.03    1.8844      2.7093    1      0
     4   4   3    SD  3.3900e+22     29.52    0.5787  1.7341e+22  2.3387e+21  7.4147e+00    0.5986     29.59    1.9950      2.8267    1      0
     4   4   3    SD  3.3900e+22     29.60    0.5804  1.7341e+22  2.3387e+21  7.4147e+00    0.5994     29.59    2.0008      2.9001    1      0
     4   4   3    SD  3.3900e+22     32.91    0.6454  1.7341e+22  1.5158e+21  1.1440e+01    0.7115     30.86    2.1328      3.1936    1      0
     4   4   3    SD  3.3900e+22     34.37    0.6739  1.7341e+22  8.7360e+20  1.9850e+01    0.8132     31.92    2.1535      3.2816    1      0
     4   4   3    SD  3.3900e+22     36.36    0.7130  1.7341e+22  4.3474e+20  3.9888e+01    0.8929     32.64    2.2283      3.3892    1      0
     4   4   3    SD  3.3900e+22     38.55    0.7559  1.7341e+22  4.3474e+20  3.9888e+01    0.8972     32.64    2.3624      3.7501    1      0
     4   4   3    SD  3.3900e+22     41.09    0.8057  1.7341e+22  1.7620e+20  9.8416e+01    0.9538     33.06    2.4857      4.1081    1      0
     4   4   3    SD  3.3900e+22     43.46    0.8522  1.7341e+22  6.2945e+19  2.7550e+02    0.9822     33.25    2.6143      4.5028    1      0
     4   4   3    SD  3.3900e+22     45.70    0.8961  1.7341e+22  1.8083e+19  9.5899e+02    0.9950     33.32    2.7428      4.9123    1      0
     4   4   3    SD  3.3900e+22     47.85    0.9382  1.7341e+22  1.8083e+19  9.5899e+02    0.9953     33.32    2.8717      5.3128    1      0
     4   4   3    SD  3.3900e+22     50.02    0.9808  1.7341e+22  3.6028e+18  4.8132e+03    1.0000     33.35    3.0000      5.8529    1      0
     4   4   3    SD  3.3900e+22     51.00    1.0000  1.7341e+22  3.6028e+18  4.8132e+03    1.0000     33.35    3.0588      6.0131    1      0
     4   4   3   250  3.3900e+22     12.51    0.2317  1.2644e+01  8.1723e+00  1.5472e+00    0.0663     19.96    1.2540      1.6470    0      0
     4   4   3   250  3.3900e+22     13.51    0.2501  1.2644e+01  8.1723e+00  1.5472e+00    0.0714     19.96    1.3536      1.8516    0      0
     4   4   3   250  3.3900e+22     14.64    0.2711  1.2644e+01  8.1723e+00  1.5472e+00    0.0714     19.96    1.4673      1.8516    0      0
     4   4   3   250  3.3900e+22     14.90    0.2760  1.2644e+01  8.1723e+00  1.5472e+00    0.0714     19.96    1.4938      1.8516    0      0
     4   4   3   250  3.3900e+22     15.02    0.2781  1.2644e+01  6.8895e+00  1.8353e+00    0.1168     23.03    1.3042      1.7088    0      0
     4   4   3   250  3.3900e+22     15.90    0.2945  1.2644e+01  6.8895e+00  1.8353e+00    0.1214     23.03    1.3810      1.8068    0      0
     4   4   3   250  3.3900e+22     17.31    0.3205  1.2644e+01  6.8895e+00  1.8353e+00    0.1256     23.03    1.5029      1.9809    0      0
     4   4   3   250  3.3900e+22     18.90    0.3501  1.2644e+01  5.6360e+00  2.2435e+00    0.1920     25.83    1.4638      1.8908    0      0
     4   4   3   250  3.3900e+22     20.70    0.3832  1.2644e+01  5.6360e+00  2.2435e+00    0.1997     25.83    1.6024      2.1789    0      0
     4   4   3   250  3.3900e+22     22.76    0.4215  1.2644e+01  4.4995e+00  2.8102e+00    0.2843     28.28    1.6099      2.1713    1      0
     4   4   3   250  3.3900e+22     24.20    0.4481  1.2644e+01  3.3672e+00  3.7551e+00    0.3894     30.78    1.5725      2.1727    1      0
     4   4   3   250  3.3900e+22     25.19    0.4664  1.2644e+01  3.3672e+00  3.7551e+00    0.3923     30.78    1.6367      2.2374    1      0
     4   4   3   250  3.3900e+22     27.28    0.5052  1.2644e+01  2.3890e+00  5.2927e+00    0.5065     33.07    1.6500      2.2624    1      0
     4   4   3   250  3.3900e+22     28.09    0.5202  1.2644e+01  2.3890e+00  5.2927e+00    0.5121     33.07    1.6990      2.3751    1      0
     4   4   3   250  3.3900e+22     31.71    0.5872  1.2644e+01  1.6627e+00  7.6046e+00    0.6246     34.76    1.8243      2.6272    1      0
     4   4   3   250  3.3900e+22     32.83    0.6079  1.2644e+01  1.6627e+00  7.6046e+00    0.6269     34.76    1.8884      2.7974    1      0
     4   4   3   250  3.3900e+22     36.55    0.6769  1.2644e+01  6.4144e-01  1.9713e+01    0.8193     37.18    1.9661      2.9669    1      0
     4   4   3   250  3.3900e+22     36.81    0.6816  1.2644e+01  6.4144e-01  1.9713e+01    0.8205     37.18    1.9800      3.0128    1      0
     4   4   3   250  3.3900e+22     39.79    0.7369  1.2644e+01  3.4094e-01  3.7087e+01    0.8939     37.90    2.1000      3.2589    1      0
     4   4   3   250  3.3900e+22     42.68    0.7904  1.2644e+01  1.7177e-01  7.3611e+01    0.9427     38.30    2.2286      3.6310    1      0
     4   4   3   250  3.3900e+22     45.41    0.8410  1.2644e+01  7.6240e-02  1.6585e+02    0.9738     38.53    2.3572      4.0063    1      0
     4   4   3   250  3.3900e+22     47.89    0.8869  1.2644e+01  7.6240e-02  1.6585e+02    0.9748     38.53    2.4857      4.3773    1      0
     4   4   3   250  3.3900e+22     50.52    0.9356  1.2644e+01  2.7768e-02  4.5536e+02    0.9924     38.65    2.6143      4.8171    1      0
     4   4   3   250  3.3900e+22     53.06    0.9827  1.2644e+01  9.3202e-03  1.3567e+03    1.0000     38.69    2.7429      5.2638    1      0
     4   4   3   250  3.3900e+22     54.00    1.0000  1.2644e+01  9.3202e-03  1.3567e+03    1.0000     38.69    2.7912      5.4583    1      0
     4   4   3   350  3.3900e+22     18.68    0.2965  1.7617e+01  8.7571e+00  2.0118e+00    0.1535     26.47    1.4111      1.8319    0      0
     4   4   3   350  3.3900e+22     19.00    0.3016  1.7617e+01  8.7571e+00  2.0118e+00    0.1562     26.47    1.4356      1.9192    0      0
     4   4   3   350  3.3900e+22     20.34    0.3229  1.7617e+01  8.7571e+00  2.0118e+00    0.1599     26.47    1.5370      2.1072    0      0
     4   4   3   350  3.3900e+22     22.26    0.3533  1.7617e+01  7.1739e+00  2.4558e+00    0.2321     29.16    1.5266      2.0887    1      0
     4   4   3   350  3.3900e+22     24.47    0.3884  1.7617e+01  5.5662e+00  3.1650e+00    0.3236     31.97    1.5304      2.0808    1      0
     4   4   3   350  3.3900e+22     25.50    0.4048  1.7617e+01  5.5662e+00  3.1650e+00    0.3270     31.97    1.5952      2.1749    1      0
     4   4   3   350  3.3900e+22     27.06    0.4295  1.7617e+01  4.1567e+00  4.2383e+00    0.4239     34.48    1.5695      2.1070    1      0
     4   4   3   350  3.3900e+22     30.20    0.4794  1.7617e+01  3.0889e+00  5.7033e+00    0.5279     36.37    1.6609      2.3461    1      0
     4   4   3   350  3.3900e+22     30.49    0.4840  1.7617e+01  3.0889e+00  5.7033e+00    0.5279     36.37    1.6768      2.3461    1      0
     4   4   3   350  3.3900e+22     34.25    0.5436  1.7617e+01  2.1994e+00  8.0101e+00    0.6313     37.94    1.8054      2.6968    1      0
     4   4   3   350  3.3900e+22     35.82    0.5686  1.7617e+01  2.1994e+00  8.0101e+00    0.6325     37.94    1.8884      2.7939    1      0
     4   4   3   350  3.3900e+22     39.48    0.6267  1.7617e+01  9.5111e-01  1.8523e+01    0.8019     40.14    1.9671      3.0145    1      0
     4   4   3   350  3.3900e+22     40.20    0.6381  1.7617e+01  9.5111e-01  1.8523e+01    0.8027     40.14    2.0029      3.0553    1      0
     4   4   3   350  3.3900e+22     42.81    0.6795  1.7617e+01  5.9592e-01  2.9563e+01    0.8644     40.77    2.1000      3.3106    1      0
     4   4   3   350  3.3900e+22     45.91    0.7288  1.7617e+01  3.4769e-01  5.0670e+01    0.9146     41.21    2.2286      3.7095    1      0
     4   4   3   350  3.3900e+22     48.91    0.7763  1.7617e+01  1.8248e-01  9.6542e+01    0.9516     41.50    2.3572      4.0609    1      0
     4   4   3   350  3.3900e+22     51.77    0.8218  1.7617e+01  9.2691e-02  1.9006e+02    0.9744     41.65    2.4857      4.4390    1      0
     4   4   3   350  3.3900e+22     54.56    0.8660  1.7617e+01  4.5888e-02  3.8392e+02    0.9878     41.74    2.6143      4.8570    1      0
     4   4   3   350  3.3900e+22     57.28    0.9093  1.7617e+01  2.1853e-02  8.0617e+02    0.9954     41.78    2.7422      5.2715    1      0
     4   4   3   350  3.3900e+22     60.01    0.9525  1.7617e+01  9.5779e-03  1.8394e+03    0.9998     41.80    2.8711      5.8063    1      0
     4   4   3   350  3.3900e+22     62.70    0.9953  1.7617e+01  9.5779e-03  1.8394e+03    1.0000     41.80    3.0000      6.3226    1      0
     4   4   3   350  3.3900e+22     63.00    1.0000  1.7617e+01  9.5779e-03  1.8394e+03    1.0000     41.80    3.0143      6.3226    1      0
     4   4   3   500  3.3900e+22     28.61    0.3815  1.0782e+01  3.7568e+00  2.8700e+00    0.2898     36.66    1.5612      2.2064    1      0
     4   4   3   500  3.3900e+22     31.66    0.4221  1.0782e+01  3.0427e+00  3.5436e+00    0.3673     39.03    1.6223      2.2849    1      0
     4   4   3   500  3.3900e+22     35.38    0.4718  1.0782e+01  2.4039e+00  4.4852e+00    0.4519     41.15    1.7197      2.5171    1      0
     4   4   3   500  3.3900e+22     35.40    0.4720  1.0782e+01  2.4039e+00  4.4852e+00    0.4519     41.15    1.7207      2.5171    1      0
     4   4   3   500  3.3900e+22     40.29    0.5371  1.0782e+01  1.3726e+00  7.8551e+00    0.6198     44.63    1.8052      2.6836    1      0
     4   4   3   500  3.3900e+22     41.34    0.5512  1.0782e+01  1.3726e+00  7.8551e+00    0.6214     44.63    1.8524      2.7896    1      0
     4   4   3   500  3.3900e+22     46.16    0.6155  1.0782e+01  7.2535e-01  1.4865e+01    0.7618     46.83    1.9714      3.0719    1      0
     4   4   3   500  3.3900e+22     47.67    0.6356  1.0782e+01  7.2535e-01  1.4865e+01    0.7630     46.83    2.0358      3.2473    1      0
     4   4   3   500  3.3900e+22     50.02    0.6669  1.0782e+01  4.9010e-01  2.2000e+01    0.8252     47.63    2.1000      3.3982    1      0
     4   4   3   500  3.3900e+22     53.68    0.7157  1.0782e+01  3.2810e-01  3.2862e+01    0.8741     48.17    2.2286      3.7340    1      0
     4   4   3   500  3.3900e+22     57.46    0.7662  1.0782e+01  1.4322e-01  7.5282e+01    0.9379     48.76    2.3571      4.0631    1      0
     4   4   3   500  3.3900e+22     60.81    0.8108  1.0782e+01  8.9981e-02  1.1983e+02    0.9604     48.93    2.4857      4.5138    1      0
     4   4   3   500  3.3900e+22     64.11    0.8548  1.0782e+01  5.2967e-02  2.0356e+02    0.9771     49.04    2.6143      4.8888    1      0
     4   4   3   500  3.3900e+22     67.36    0.8981  1.0782e+01  3.0930e-02  3.4860e+02    0.9881     49.11    2.7429      5.3444    1      0
     4   4   3   500  3.3900e+22     70.57    0.9410  1.0782e+01  1.7847e-02  6.0413e+02    0.9952     49.16    2.8714      5.8503    1      0
     4   4   3   500  3.3900e+22     73.77    0.9836  1.0782e+01  9.7432e-03  1.1066e+03    1.0000     49.18    3.0000      6.3355    1      0
     4   4   3   500  3.3900e+22     75.00    1.0000  1.0782e+01  9.7432e-03  1.1066e+03    1.0000     49.18    3.0500      6.5629    1      0
     4   4   4    SD  3.3900e+22      9.18    0.1456  1.3193e+22  1.0417e+22  1.2664e+00    0.0161     15.99    1.1473      1.4469    0      0
     4   4   4    SD  3.3900e+22     12.31    0.1954  1.3193e+22  9.1808e+21  1.4370e+00    0.0372     19.90    1.2372      1.5250    0      0
     4   4   4    SD  3.3900e+22     12.58    0.1996  1.3193e+22  9.1808e+21  1.4370e+00    0.0400     19.90    1.2641      1.6516    0      0
     4   4   4    SD  3.3900e+22     13.29    0.2110  1.3193e+22  9.1808e+21  1.4370e+00    0.0412     19.90    1.3359      1.7156    0      0
     4   4   4    SD  3.3900e+22     14.40    0.2286  1.3193e+22  9.1808e+21  1.4370e+00    0.0430     19.90    1.4477      1.8584    0      0
     4   4   4    SD  3.3900e+22     14.55    0.2310  1.3193e+22  9.1808e+21  1.4370e+00    0.0430     19.90    1.4626      1.8584    0      0
     4   4   4    SD  3.3900e+22     15.68    0.2489  1.3193e+22  8.0427e+21  1.6403e+00    0.0729     22.93    1.3675      1.8147    0      0
     4   4   4    SD  3.3900e+22     17.00    0.2699  1.3193e+22  8.0427e+21  1.6403e+00    0.0754     22.93    1.4831      1.9901    0      0
     4   4   4    SD  3.3900e+22     18.63    0.2957  1.3193e+22  6.9276e+21  1.9044e+00    0.1153     25.73    1.4481      1.8982    0      0
     4   4   4    SD  3.3900e+22     20.36    0.3232  1.3193e+22  6.9276e+21  1.9044e+00    0.1199     25.73    1.5825      2.1873    0      0
     4   4   4    SD  3.3900e+22     21.13    0.3354  1.3193e+22  5.9106e+21  2.2321e+00    0.1637     28.20    1.4987      1.9133    0      0
     4   4   4    SD  3.3900e+22     22.37    0.3551  1.3193e+22  5.9106e+21  2.2321e+00    0.1709     28.20    1.5867      2.1768    0      0
     4   4   4    SD  3.3900e+22     24.72    0.3923  1.3193e+22  4.8932e+21  2.6962e+00    0.2346     30.73    1.6088      2.1752    1      0
     4   4   4    SD  3.3900e+22     27.54    0.4371  1.3193e+22  4.0012e+21  3.2972e+00    0.3066     33.08    1.6649      2.2590    1      0
     4   4   4    SD  3.3900e+22     27.82    0.4416  1.3193e+22  4.0012e+21  3.2972e+00    0.3100     33.08    1.6821      2.3708    1      0
     4   4   4    SD  3.3900e+22     30.86    0.4899  1.3193e+22  3.2947e+21  4.0043e+00    0.3813     34.94    1.7667      2.4953    1      0
     4   4   4    SD  3.3900e+22     33.59    0.5332  1.3193e+22  2.6594e+21  4.9608e+00    0.4585     36.63    1.8341      2.6595    1      0
     4   4   4    SD  3.3900e+22     34.99    0.5554  1.3193e+22  2.6594e+21  4.9608e+00    0.4614     36.63    1.9107      2.8272    1      0
     4   4   4    SD  3.3900e+22     37.87    0.6011  1.3193e+22  2.0841e+21  6.3301e+00    0.5427     38.18    1.9840      2.9367    1      0
     4   4   4    SD  3.3900e+22     40.05    0.6357  1.3193e+22  1.5589e+21  8.4628e+00    0.6281     39.59    2.0232      2.9995    1      0
     4   4   4    SD  3.3900e+22     42.56    0.6756  1.3193e+22  1.1270e+21  1.1707e+01    0.7097     40.75    2.0890      3.1068    1      0
     4   4   4    SD  3.3900e+22     46.50    0.7381  1.3193e+22  7.3661e+20  1.7910e+01    0.7969     41.80    2.2248      3.3798    1      0
     4   4   4    SD  3.3900e+22     46.58    0.7393  1.3193e+22  7.3661e+20  1.7910e+01    0.7973     41.80    2.2286      3.4142    1      0
     4   4   4    SD  3.3900e+22     50.38    0.7997  1.3193e+22  4.0851e+20  3.2295e+01    0.8792     42.75    2.3571      3.7148    1      0
     4   4   4    SD  3.3900e+22     54.32    0.8622  1.3193e+22  8.4711e+19  1.5574e+02    0.9719     43.70    2.4857      4.0219    1      0
     4   4   4    SD  3.3900e+22     57.33    0.9100  1.3193e+22  3.0996e+19  4.2563e+02    0.9912     43.86    2.6140      4.4198    1      0
     4   4   4    SD  3.3900e+22     60.24    0.9562  1.3193e+22  9.1456e+18  1.4425e+03    0.9997     43.93    2.7428      4.8156    1      0
     4   4   4    SD  3.3900e+22     63.00    1.0000  1.3193e+22  9.1456e+18  1.4425e+03    1.0000     43.93    2.8684      5.2101    1      0
     4   4   4   250  3.3900e+22     13.60    0.1970  1.0788e+01  8.1319e+00  1.3266e+00    0.0306     20.31    1.3389      1.8048    0      0
     4   4   4   250  3.3900e+22     14.72    0.2133  1.0788e+01  8.1319e+00  1.3266e+00    0.0306     20.31    1.4497      1.8048    0      0
     4   4   4   250  3.3900e+22     15.10    0.2188  1.0788e+01  7.2902e+00  1.4798e+00    0.0515     23.67    1.2756      1.6559    0      0
     4   4   4   250  3.3900e+22     15.93    0.2309  1.0788e+01  7.2902e+00  1.4798e+00    0.0537     23.67    1.3459      1.7475    0      0
     4   4   4   250  3.3900e+22     17.22    0.2495  1.0788e+01  7.2902e+00  1.4798e+00    0.0556     23.67    1.4547      1.9127    0      0
     4   4   4   250  3.3900e+22     18.75    0.2717  1.0788e+01  6.4243e+00  1.6792e+00    0.0879     26.71    1.4035      1.8093    0      0
     4   4   4   250  3.3900e+22     20.35    0.2950  1.0788e+01  6.4243e+00  1.6792e+00    0.0917     26.71    1.5237      2.0790    0      0
     4   4   4   250  3.3900e+22     22.19    0.3217  1.0788e+01  5.5953e+00  1.9280e+00    0.1351     29.59    1.5003      2.0490    0      0
     4   4   4   250  3.3900e+22     24.30    0.3521  1.0788e+01  4.7274e+00  2.2820e+00    0.1918     32.67    1.4875      2.0276    0      0
     4   4   4   250  3.3900e+22     26.21    0.3798  1.0788e+01  4.7274e+00  2.2820e+00    0.1958     32.67    1.6044      2.2468    0      0
     4   4   4   250  3.3900e+22     26.69    0.3868  1.0788e+01  4.7274e+00  2.2820e+00    0.1958     32.67    1.6341      2.2468    0      0
     4   4   4   250  3.3900e+22     29.53    0.4280  1.0788e+01  3.9353e+00  2.7413e+00    0.2639     35.49    1.6643      2.2922    1      0
     4   4   4   250  3.3900e+22     32.93    0.4772  1.0788e+01  3.2847e+00  3.2843e+00    0.3338     37.76    1.7440      2.5258    1      0
     4   4   4   250  3.3900e+22     33.00    0.4783  1.0788e+01  2.6842e+00  4.0190e+00    0.4021     39.84    1.6567      2.2891    1      0
     4   4   4   250  3.3900e+22     36.92    0.5351  1.0788e+01  2.1306e+00  5.0633e+00    0.4892     41.76    1.7684      2.5646    1      0
     4   4   4   250  3.3900e+22     39.37    0.5706  1.0788e+01  1.6241e+00  6.6423e+00    0.5748     43.58    1.8067      2.6177    1      0
     4   4   4   250  3.3900e+22     41.87    0.6069  1.0788e+01  1.6241e+00  6.6423e+00    0.5794     43.58    1.9217      2.9020    1      0
     4   4   4   250  3.3900e+22     45.06    0.6530  1.0788e+01  8.4525e-01  1.2763e+01    0.7399     46.40    1.9423      2.8704    1      0
     4   4   4   250  3.3900e+22     48.40    0.7015  1.0788e+01  5.3055e-01  2.0333e+01    0.8225     47.54    2.0364      3.0846    1      0
     4   4   4   250  3.3900e+22     49.91    0.7234  1.0788e+01  5.3055e-01  2.0333e+01    0.8254     47.54    2.1000      3.2536    1      0
     4   4   4   250  3.3900e+22     54.37    0.7880  1.0788e+01  1.7271e-01  6.2460e+01    0.9334     48.80    2.2286      3.5666    1      0
     4   4   4   250  3.3900e+22     57.85    0.8384  1.0788e+01  8.8667e-02  1.2167e+02    0.9647     49.09    2.3571      3.9328    1      0
     4   4   4   250  3.3900e+22     61.22    0.8872  1.0788e+01  4.0187e-02  2.6844e+02    0.9842     49.25    2.4857      4.3196    1      0
     4   4   4   250  3.3900e+22     64.50    0.9347  1.0788e+01  1.5042e-02  7.1717e+02    0.9952     49.34    2.6143      4.7513    1      0
     4   4   4   250  3.3900e+22     67.71    0.9814  1.0788e+01  5.1770e-03  2.0838e+03    1.0000     49.37    2.7429      5.2138    1      0
     4   4   4   250  3.3900e+22     69.00    1.0000  1.0788e+01  5.1770e-03  2.0838e+03    1.0000     49.37    2.7950      5.3697    1      0
     4   4   4   350  3.3900e+22     18.23    0.2431  1.5651e+01  9.8538e+00  1.5883e+00    0.0723     27.05    1.3480      1.7053    0      0
     4   4   4   350  3.3900e+22     19.71    0.2629  1.5651e+01  9.8538e+00  1.5883e+00    0.0768     27.05    1.4576      1.9477    0      0
     4   4   4   350  3.3900e+22     21.45    0.2861  1.5651e+01  8.6806e+00  1.8029e+00    0.1131     30.12    1.4247      1.8694    0      0
     4   4   4   350  3.3900e+22     23.37    0.3116  1.5651e+01  8.6806e+00  1.8029e+00    0.1166     30.12    1.5517      2.0824    0      0
     4   4   4   350  3.3900e+22     25.53    0.3404  1.5651e+01  7.4202e+00  2.1092e+00    0.1693     33.44    1.5268      2.0599    0      0
     4   4   4   350  3.3900e+22     26.87    0.3583  1.5651e+01  7.4202e+00  2.1092e+00    0.1712     33.44    1.6073      2.2543    0      0
     4   4   4   350  3.3900e+22     27.98    0.3731  1.5651e+01  6.2414e+00  2.5076e+00    0.2322     36.52    1.5323      2.1138    1      0
     4   4   4   350  3.3900e+22     30.86    0.4115  1.5651e+01  5.2530e+00  2.9794e+00    0.2972     39.00    1.5826      2.1942    1      0
     4   4   4   350  3.3900e+22     34.25    0.4567  1.5651e+01  4.3315e+00  3.6132e+00    0.3724     41.31    1.6582      2.4100    1      0
     4   4   4   350  3.3900e+22     37.02    0.4936  1.5651e+01  3.4823e+00  4.4943e+00    0.4498     43.47    1.7033      2.4508    1      0
     4   4   4   350  3.3900e+22     38.30    0.5107  1.5651e+01  3.4823e+00  4.4943e+00    0.4519     43.47    1.7624      2.5815    1      0
     4   4   4   350  3.3900e+22     43.32    0.5776  1.5651e+01  2.0972e+00  7.4627e+00    0.6114     47.01    1.8429      2.7767    1      0
     4   4   4   350  3.3900e+22     43.46    0.5794  1.5651e+01  2.0972e+00  7.4627e+00    0.6114     47.01    1.8488      2.7767    1      0
     4   4   4   350  3.3900e+22     48.72    0.6496  1.5651e+01  1.0730e+00  1.4585e+01    0.7641     49.52    1.9677      2.9789    1      0
     4   4   4   350  3.3900e+22     50.73    0.6764  1.5651e+01  1.0730e+00  1.4585e+01    0.7667     49.52    2.0491      3.1693    1      0
     4   4   4   350  3.3900e+22     52.87    0.7049  1.5651e+01  7.2236e-01  2.1666e+01    0.8302     50.35    2.1000      3.2954    1      0
     4   4   4   350  3.3900e+22     57.06    0.7608  1.5651e+01  3.0239e-01  5.1756e+01    0.9179     51.35    2.2223      3.5555    1      0
     4   4   4   350  3.3900e+22     60.87    0.8116  1.5651e+01  1.7949e-01  8.7194e+01    0.9501     51.64    2.3572      4.0025    1      0
     4   4   4   350  3.3900e+22     64.43    0.8591  1.5651e+01  9.6189e-02  1.6271e+02    0.9730     51.84    2.4857      4.3868    1      0
     4   4   4   350  3.3900e+22     67.91    0.9055  1.5651e+01  4.9765e-02  3.1449e+02    0.9870     51.95    2.6143      4.7899    1      0
     4   4   4   350  3.3900e+22     71.33    0.9511  1.5651e+01  2.4829e-02  6.3033e+02    0.9952     52.01    2.7429      5.2668    1      0
     4   4   4   350  3.3900e+22     74.72    0.9963  1.5651e+01  1.1284e-02  1.3869e+03    1.0000     52.04    2.8714      5.7174    1      0
     4   4   4   350  3.3900e+22     75.00    1.0000  1.5651e+01  1.1284e-02  1.3869e+03    1.0000     52.04    2.8821      5.7763    1      0
     4   4   4   500  3.3900e+22     28.42    0.3266  1.0460e+01  5.0005e+00  2.0919e+00    0.1711     38.18    1.4888      2.0508    0      0
     4   4   4   500  3.3900e+22     31.12    0.3577  1.0460e+01  4.3278e+00  2.4170e+00    0.2241     41.06    1.5158      2.1046    1      0
     4   4   4   500  3.3900e+22     34.22    0.3934  1.0460e+01  3.6832e+00  2.8400e+00    0.2861     43.79    1.5630      2.2492    1      0
     4   4   4   500  3.3900e+22     36.15    0.4156  1.0460e+01  3.0740e+00  3.4028e+00    0.3497     46.36    1.5598      2.1771    1      0
     4   4   4   500  3.3900e+22     37.86    0.4352  1.0460e+01  3.0740e+00  3.4028e+00    0.3539     46.36    1.6336      2.3400    1      0
     4   4   4   500  3.3900e+22     41.71    0.4794  1.0460e+01  2.5098e+00  4.1677e+00    0.4278     48.65    1.7147      2.5197    1      0
     4   4   4   500  3.3900e+22     42.35    0.4868  1.0460e+01  2.0471e+00  5.1100e+00    0.4927     50.39    1.6808      2.3919    1      0
     4   4   4   500  3.3900e+22     48.12    0.5531  1.0460e+01  1.2379e+00  8.4499e+00    0.6390     53.44    1.8008      2.6206    1      0
     4   4   4   500  3.3900e+22     48.27    0.5549  1.0460e+01  1.2379e+00  8.4499e+00    0.6390     53.44    1.8066      2.6206    1      0
     4   4   4   500  3.3900e+22     54.17    0.6227  1.0460e+01  7.0396e-01  1.4859e+01    0.7637     55.49    1.9525      2.9768    1      0
     4   4   4   500  3.3900e+22     56.65    0.6511  1.0460e+01  7.0396e-01  1.4859e+01    0.7662     55.49    2.0417      3.2083    1      0
     4   4   4   500  3.3900e+22     59.00    0.6782  1.0460e+01  5.2323e-01  1.9992e+01    0.8147     56.19    2.1000      3.3261    1      0
     4   4   4   500  3.3900e+22     63.77    0.7330  1.0460e+01  2.5588e-01  4.0879e+01    0.8972     57.23    2.2286      3.6559    1      0
     4   4   4   500  3.3900e+22     67.83    0.7796  1.0460e+01  1.7277e-01  6.0546e+01    0.9277     57.55    2.3571      4.0148    1      0
     4   4   4   500  3.3900e+22     71.80    0.8253  1.0460e+01  1.1533e-01  9.0697e+01    0.9504     57.77    2.4857      4.3927    1      0
     4   4   4   500  3.3900e+22     75.87    0.8721  1.0460e+01  4.5301e-02  2.3091e+02    0.9809     58.04    2.6143      4.8118    1      0
     4   4   4   500  3.3900e+22     79.70    0.9161  1.0460e+01  2.7573e-02  3.7937e+02    0.9899     58.11    2.7429      5.2705    1      0
     4   4   4   500  3.3900e+22     83.50    0.9597  1.0460e+01  1.6323e-02  6.4082e+02    0.9960     58.16    2.8714      5.7549    1      0
     4   4   4   500  3.3900e+22     87.00    1.0000  1.0460e+01  9.3132e-03  1.1232e+03    1.0000     58.18    2.9905      6.1976    1      0
     4   4   5    SD  3.3900e+22      9.87    0.1175  9.5415e+21  8.3014e+21  1.1494e+00    0.0065     16.33    1.2095      1.5834    0      0
     4   4   5    SD  3.3900e+22     12.31    0.1465  9.5415e+21  7.6928e+21  1.2403e+00    0.0136     20.39    1.2076      1.4842    0      0
     4   4   5    SD  3.3900e+22     16.34    0.1946  9.5415e+21  7.0839e+21  1.3469e+00    0.0290     23.87    1.3694      1.8333    0      0
     4   4   5    SD  3.3900e+22     17.30    0.2059  9.5415e+21  7.0839e+21  1.3469e+00    0.0293     23.87    1.4493      1.8927    0      0
     4   4   5    SD  3.3900e+22     17.70    0.2107  9.5415e+21  7.0839e+21  1.3469e+00    0.0296     23.87    1.4831      2.0207    0      0
     4   4   5    SD  3.3900e+22     19.20    0.2286  9.5415e+21  6.4566e+21  1.4778e+00    0.0474     26.98    1.4232      1.8725    0      0
     4   4   5    SD  3.3900e+22     20.87    0.2484  9.5415e+21  6.4566e+21  1.4778e+00    0.0486     26.98    1.5470      2.0540    0      0
     4   4   5    SD  3.3900e+22     22.72    0.2704  9.5415e+21  5.8380e+21  1.6344e+00    0.0726     30.03    1.5129      2.0141    0      0
     4   4   5    SD  3.3900e+22     24.75    0.2947  9.5415e+21  5.1772e+21  1.8430e+00    0.1054     33.29    1.4872      2.0402    0      0
     4   4   5    SD  3.3900e+22     27.18    0.3236  9.5415e+21  4.5448e+21  2.0994e+00    0.1438     36.39    1.4940      2.0228    0      0
     4   4   5    SD  3.3900e+22     29.38    0.3498  9.5415e+21  4.5448e+21  2.0994e+00    0.1471     36.39    1.6150      2.2201    0      0
     4   4   5    SD  3.3900e+22     29.88    0.3557  9.5415e+21  4.5448e+21  2.0994e+00    0.1475     36.39    1.6421      2.3048    0      0
     4   4   5    SD  3.3900e+22     33.07    0.3937  9.5415e+21  3.5209e+21  2.7100e+00    0.2309     41.29    1.6018      2.1930    1      0
     4   4   5    SD  3.3900e+22     35.89    0.4273  9.5415e+21  3.5209e+21  2.7100e+00    0.2354     41.29    1.7387      2.4929    1      0
     4   4   5    SD  3.3900e+22     36.79    0.4380  9.5415e+21  3.0590e+21  3.1191e+00    0.2846     43.52    1.6910      2.4434    1      0
     4   4   5    SD  3.3900e+22     41.34    0.4921  9.5415e+21  2.6274e+21  3.6316e+00    0.3414     45.61    1.8127      2.6790    1      0
     4   4   5    SD  3.3900e+22     44.57    0.5305  9.5415e+21  2.2660e+21  4.2108e+00    0.3948     47.36    1.8819      2.7994    1      0
     4   4   5    SD  3.3900e+22     46.97    0.5592  9.5415e+21  1.9242e+21  4.9586e+00    0.4523     48.95    1.9189      2.9190    1      0
     4   4   5    SD  3.3900e+22     49.71    0.5918  9.5415e+21  1.5983e+21  5.9696e+00    0.5143     50.43    1.9714      2.9937    1      0
     4   4   5    SD  3.3900e+22     54.15    0.6447  9.5415e+21  1.0857e+21  8.7882e+00    0.6291     52.76    2.0528      3.0968    1      0
     4   4   5    SD  3.3900e+22     55.40    0.6595  9.5415e+21  1.0857e+21  8.7882e+00    0.6312     52.76    2.1000      3.2422    1      0
     4   4   5    SD  3.3900e+22     60.90    0.7250  9.5415e+21  6.7477e+20  1.4140e+01    0.7461     54.66    2.2286      3.4592    1      0
     4   4   5    SD  3.3900e+22     63.43    0.7551  9.5415e+21  4.7925e+20  1.9909e+01    0.8083     55.58    2.2822      3.5135    1      0
     4   4   5    SD  3.3900e+22     66.25    0.7887  9.5415e+21  3.1484e+20  3.0306e+01    0.8667     56.36    2.3508      3.6402    1      0
     4   4   5    SD  3.3900e+22     70.80    0.8429  9.5415e+21  1.8710e+20  5.0998e+01    0.9182     56.97    2.4857      3.9925    1      0
     4   4   5    SD  3.3900e+22     75.19    0.8951  9.5415e+21  3.8745e+19  2.4626e+02    0.9818     57.67    2.6075      4.2679    1      0
     4   4   5    SD  3.3900e+22     79.26    0.9435  9.5415e+21  1.3582e+19  7.0250e+02    0.9948     57.79    2.7428      4.7018    1      0
     4   4   5    SD  3.3900e+22     83.04    0.9885  9.5415e+21  3.9511e+18  2.4149e+03    1.0000     57.84    2.8714      5.1247    1      0
     4   4   5    SD  3.3900e+22     84.00    1.0000  9.5415e+21  3.9511e+18  2.4149e+03    1.0000     57.84    2.9047      5.2098    1      0
     4   4   5   160  3.3900e+22     28.49    0.3392  6.6091e-02  8.0936e-02  8.1658e-01    0.0412       nan       nan         nan    0      0
     4   4   5   160  3.3900e+22     29.16    0.3472  6.6091e-02  8.0936e-02  8.1658e-01    0.0412       nan       nan         nan    0      0
     4   4   5   160  3.3900e+22     29.94    0.3564  6.6091e-02  8.0936e-02  8.1658e-01    0.0415       nan       nan         nan    0      0
     4   4   5   160  3.3900e+22     31.00    0.3690  6.6091e-02  7.3262e-02  9.0212e-01    0.0742       nan       nan         nan    0      0
     4   4   5   160  3.3900e+22     32.15    0.3827  6.6091e-02  7.3262e-02  9.0212e-01    0.0751       nan       nan         nan    0      0
     4   4   5   160  3.3900e+22     33.60    0.4000  6.6091e-02  6.5376e-02  1.0109e+00    0.1169     71.73    0.9368      0.0326    0      0
     4   4   5   160  3.3900e+22     35.33    0.4206  6.6091e-02  6.5376e-02  1.0109e+00    0.1189     71.73    0.9851      0.0349    0      0
     4   4   5   160  3.3900e+22     37.47    0.4460  6.6091e-02  5.7839e-02  1.1427e+00    0.1673     74.72    1.0030      0.3207    0      0
     4   4   5   160  3.3900e+22     40.14    0.4779  6.6091e-02  5.0715e-02  1.3032e+00    0.2211     77.55    1.0352      0.5188    1      0
     4   4   5   160  3.3900e+22     43.43    0.5170  6.6091e-02  4.4619e-02  1.4812e+00    0.2760     80.09    1.0844      0.6883    1      0
     4   4   5   160  3.3900e+22     47.54    0.5659  6.6091e-02  3.8623e-02  1.7112e+00    0.3368     82.62    1.1508      0.8602    1      0
     4   4   5   160  3.3900e+22     52.49    0.6249  6.6091e-02  2.7468e-02  2.4061e+00    0.4712     87.87    1.1947      1.0609    1      0
     4   4   5   160  3.3900e+22     52.56    0.6257  6.6091e-02  2.7468e-02  2.4061e+00    0.4712     87.87    1.1962      1.0609    1      0
     4   4   5   160  3.3900e+22     58.58    0.6973  6.6091e-02  1.8631e-02  3.5473e+00    0.6053     92.26    1.2698      1.2527    1      0
     4   4   5   160  3.3900e+22     64.15    0.7636  6.6091e-02  1.0037e-02  6.5846e+00    0.7631     96.56    1.3286      1.4080    1      0
     4   4   5   160  3.3900e+22     65.84    0.7839  6.6091e-02  1.0037e-02  6.5846e+00    0.7644     96.56    1.3637      1.4681    1      0
     4   4   5   160  3.3900e+22     73.42    0.8740  6.6091e-02  1.7018e-03  3.8835e+01    0.9534    100.77    1.4571      1.6935    1      0
     4   4   5   160  3.3900e+22     80.49    0.9582  6.6091e-02  2.1064e-04  3.1375e+02    0.9951    101.52    1.5857      1.9735    1      0
     4   4   5   160  3.3900e+22     84.00    1.0000  6.6091e-02  5.6379e-05  1.1723e+03    1.0000    101.60    1.6536      2.1477    1      0
     4   4   5   250  3.3900e+22     14.43    0.1659  8.5252e+00  7.1516e+00  1.1921e+00    0.0120     20.64    1.3985      1.7661    0      0
     4   4   5   250  3.3900e+22     14.84    0.1705  8.5252e+00  7.1516e+00  1.1921e+00    0.0120     20.64    1.4377      1.7661    0      0
     4   4   5   250  3.3900e+22     15.80    0.1817  8.5252e+00  6.6673e+00  1.2787e+00    0.0219     24.29    1.3011      1.6922    0      0
     4   4   5   250  3.3900e+22     17.59    0.2022  8.5252e+00  6.6673e+00  1.2787e+00    0.0230     24.29    1.4484      1.9722    0      0
     4   4   5   250  3.3900e+22     18.98    0.2181  8.5252e+00  6.1528e+00  1.3856e+00    0.0378     27.60    1.3753      1.8186    0      0
     4   4   5   250  3.3900e+22     20.55    0.2361  8.5252e+00  6.1528e+00  1.3856e+00    0.0387     27.60    1.4890      1.9926    0      0
     4   4   5   250  3.3900e+22     22.29    0.2562  8.5252e+00  5.6290e+00  1.5145e+00    0.0592     30.92    1.4414      1.9429    0      0
     4   4   5   250  3.3900e+22     24.16    0.2777  8.5252e+00  5.0524e+00  1.6874e+00    0.0853     34.49    1.4008      1.7999    0      0
     4   4   5   250  3.3900e+22     26.32    0.3025  8.5252e+00  5.0524e+00  1.6874e+00    0.0893     34.49    1.5261      2.1038    0      0
     4   4   5   250  3.3900e+22     28.77    0.3306  8.5252e+00  4.4854e+00  1.9006e+00    0.1256     37.89    1.5184      2.1148    0      0
     4   4   5   250  3.3900e+22     31.50    0.3620  8.5252e+00  4.0023e+00  2.1301e+00    0.1634     40.71    1.5475      2.1673    0      0
     4   4   5   250  3.3900e+22     34.71    0.3990  8.5252e+00  3.5364e+00  2.4107e+00    0.2074     43.40    1.5998      2.2719    1      0
     4   4   5   250  3.3900e+22     38.49    0.4424  8.5252e+00  3.0975e+00  2.7523e+00    0.2565     45.91    1.6767      2.4545    1      0
     4   4   5   250  3.3900e+22     41.87    0.4813  8.5252e+00  2.6819e+00  3.1788e+00    0.3102     48.26    1.7350      2.5739    1      0
     4   4   5   250  3.3900e+22     43.05    0.4949  8.5252e+00  2.3298e+00  3.6592e+00    0.3616     50.10    1.7188      2.5260    1      0
     4   4   5   250  3.3900e+22     48.67    0.5594  8.5252e+00  1.6672e+00  5.1135e+00    0.4799     53.54    1.8179      2.6579    1      0
     4   4   5   250  3.3900e+22     49.59    0.5700  8.5252e+00  1.6672e+00  5.1135e+00    0.4815     53.54    1.8524      2.7518    1      0
     4   4   5   250  3.3900e+22     55.49    0.6379  8.5252e+00  1.1450e+00  7.4455e+00    0.6016     56.30    1.9714      2.9867    1      0
     4   4   5   250  3.3900e+22     55.71    0.6403  8.5252e+00  1.1450e+00  7.4455e+00    0.6016     56.30    1.9790      2.9867    1      0
     4   4   5   250  3.3900e+22     61.45    0.7063  8.5252e+00  7.2425e-01  1.1771e+01    0.7201     58.53    2.1000      3.1914    1      0
     4   4   5   250  3.3900e+22     64.69    0.7436  8.5252e+00  5.2992e-01  1.6088e+01    0.7838     59.55    2.1725      3.3530    1      0
     4   4   5   250  3.3900e+22     67.38    0.7745  8.5252e+00  3.7019e-01  2.3029e+01    0.8406     60.47    2.2286      3.4415    1      0
     4   4   5   250  3.3900e+22     72.91    0.8380  8.5252e+00  1.4603e-01  5.8380e+01    0.9313     61.86    2.3571      3.7568    1      0
     4   4   5   250  3.3900e+22     77.46    0.8904  8.5252e+00  7.9088e-02  1.0779e+02    0.9627     62.28    2.4877      4.1202    1      0
     4   4   5   250  3.3900e+22     81.90    0.9414  8.5252e+00  1.7757e-02  4.8011e+02    0.9937     62.66    2.6143      4.5200    1      0
     4   4   5   250  3.3900e+22     86.02    0.9887  8.5252e+00  6.9907e-03  1.2195e+03    1.0000     62.72    2.7429      4.9561    1      0
     4   4   5   250  3.3900e+22     87.00    1.0000  8.5252e+00  6.9907e-03  1.2195e+03    1.0000     62.72    2.7741      5.0095    1      0
     4   4   5   350  3.3900e+22     18.16    0.1953  1.2723e+01  9.3966e+00  1.3540e+00    0.0321     27.68    1.3122      1.6589    0      0
     4   4   5   350  3.3900e+22     19.63    0.2110  1.2723e+01  9.3966e+00  1.3540e+00    0.0341     27.68    1.4181      1.8915    0      0
     4   4   5   350  3.3900e+22     21.28    0.2288  1.2723e+01  8.6484e+00  1.4711e+00    0.0515     31.07    1.3701      1.8036    0      0
     4   4   5   350  3.3900e+22     23.04    0.2477  1.2723e+01  8.6484e+00  1.4711e+00    0.0533     31.07    1.4830      2.0052    0      0
     4   4   5   350  3.3900e+22     24.96    0.2684  1.2723e+01  7.8161e+00  1.6277e+00    0.0792     34.73    1.4376      1.9404    0      0
     4   4   5   350  3.3900e+22     27.24    0.2929  1.2723e+01  6.9878e+00  1.8207e+00    0.1111     38.22    1.4253      1.9095    0      0
     4   4   5   350  3.3900e+22     27.30    0.2936  1.2723e+01  6.9878e+00  1.8207e+00    0.1111     38.22    1.4285      1.9095    0      0
     4   4   5   350  3.3900e+22     29.72    0.3195  1.2723e+01  6.9878e+00  1.8207e+00    0.1141     38.22    1.5549      2.1710    0      0
     4   4   5   350  3.3900e+22     32.54    0.3499  1.2723e+01  6.2719e+00  2.0285e+00    0.1500     41.17    1.5806      2.2724    0      0
     4   4   5   350  3.3900e+22     35.78    0.3847  1.2723e+01  5.5726e+00  2.2830e+00    0.1915     44.00    1.6265      2.3120    0      0
     4   4   5   350  3.3900e+22     37.93    0.4079  1.2723e+01  4.9045e+00  2.5940e+00    0.2376     46.68    1.6254      2.3172    1      0
     4   4   5   350  3.3900e+22     39.63    0.4261  1.2723e+01  4.2639e+00  2.9838e+00    0.2882     49.12    1.6137      2.2993    1      0
     4   4   5   350  3.3900e+22     44.20    0.4752  1.2723e+01  3.7152e+00  3.4244e+00    0.3415     51.10    1.7299      2.5146    1      0
     4   4   5   350  3.3900e+22     45.28    0.4869  1.2723e+01  3.1856e+00  3.9938e+00    0.3956     53.01    1.7086      2.4486    1      0
     4   4   5   350  3.3900e+22     49.76    0.5351  1.2723e+01  2.6710e+00  4.7632e+00    0.4605     54.86    1.8140      2.6872    1      0
     4   4   5   350  3.3900e+22     50.85    0.5468  1.2723e+01  2.6710e+00  4.7632e+00    0.4609     54.86    1.8537      2.7344    1      0
     4   4   5   350  3.3900e+22     56.76    0.6103  1.2723e+01  1.8479e+00  6.8849e+00    0.5803     57.85    1.9623      2.9655    1      0
     4   4   5   350  3.3900e+22     58.21    0.6259  1.2723e+01  1.5153e+00  8.3959e+00    0.6359     59.05    1.9714      2.9590    1      0
     4   4   5   350  3.3900e+22     64.49    0.6935  1.2723e+01  9.1425e-01  1.3916e+01    0.7540     61.42    2.1000      3.2326    1      0
     4   4   5   350  3.3900e+22     66.23    0.7122  1.2723e+01  6.7898e-01  1.8738e+01    0.8057     62.41    2.1226      3.2465    1      0
     4   4   5   350  3.3900e+22     70.41    0.7571  1.2723e+01  4.9129e-01  2.5896e+01    0.8535     63.19    2.2286      3.5345    1      0
     4   4   5   350  3.3900e+22     75.83    0.8154  1.2723e+01  2.1741e-01  5.8519e+01    0.9291     64.34    2.3571      3.8310    1      0
     4   4   5   350  3.3900e+22     80.39    0.8644  1.2723e+01  1.3597e-01  9.3566e+01    0.9552     64.68    2.4857      4.1837    1      0
     4   4   5   350  3.3900e+22     85.05    0.9145  1.2723e+01  4.4887e-02  2.8344e+02    0.9866     65.06    2.6143      4.6185    1      0
     4   4   5   350  3.3900e+22     89.38    0.9610  1.2723e+01  2.3494e-02  5.4153e+02    0.9950     65.15    2.7436      5.0357    1      0
     4   4   5   350  3.3900e+22     93.00    1.0000  1.2723e+01  1.1413e-02  1.1147e+03    1.0000     65.20    2.8526      5.4043    1      0
     4   4   5   500  3.3900e+22     27.15    0.2586  9.0866e+00  5.4944e+00  1.6538e+00    0.0856     39.18    1.3860      1.8136    0      0
     4   4   5   500  3.3900e+22     29.48    0.2808  9.0866e+00  5.4944e+00  1.6538e+00    0.0886     39.18    1.5047      2.0289    0      0
     4   4   5   500  3.3900e+22     32.08    0.3055  9.0866e+00  4.9981e+00  1.8180e+00    0.1185     42.43    1.5120      2.1039    0      0
     4   4   5   500  3.3900e+22     35.05    0.3338  9.0866e+00  4.5008e+00  2.0189e+00    0.1542     45.55    1.5388      2.1792    0      0
     4   4   5   500  3.3900e+22     38.44    0.3661  9.0866e+00  4.0128e+00  2.2644e+00    0.1955     48.53    1.5843      2.2916    0      0
     4   4   5   500  3.3900e+22     38.97    0.3712  9.0866e+00  4.0128e+00  2.2644e+00    0.1955     48.53    1.6061      2.2916    0      0
     4   4   5   500  3.3900e+22     42.43    0.4041  9.0866e+00  3.1142e+00  2.9178e+00    0.2880     53.47    1.5870      2.2426    1      0
     4   4   5   500  3.3900e+22     47.11    0.4486  9.0866e+00  2.7024e+00  3.3624e+00    0.3431     55.70    1.6915      2.4699    1      0
     4   4   5   500  3.3900e+22     51.21    0.4877  9.0866e+00  1.9477e+00  4.6653e+00    0.4574     59.75    1.7139      2.4448    1      0
     4   4   5   500  3.3900e+22     52.80    0.5029  9.0866e+00  1.9477e+00  4.6653e+00    0.4600     59.75    1.7673      2.5796    1      0
     4   4   5   500  3.3900e+22     58.01    0.5524  9.0866e+00  1.3829e+00  6.5709e+00    0.5694     63.14    1.8374      2.7385    1      0
     4   4   5   500  3.3900e+22     60.11    0.5725  9.0866e+00  1.1367e+00  7.9936e+00    0.6235     64.63    1.8604      2.7551    1      0
     4   4   5   500  3.3900e+22     66.09    0.6294  9.0866e+00  7.2066e-01  1.2609e+01    0.7316     67.14    1.9688      2.9944    1      0
     4   4   5   500  3.3900e+22     70.52    0.6716  9.0866e+00  5.6628e-01  1.6046e+01    0.7790     68.07    2.0719      3.2526    1      0
     4   4   5   500  3.3900e+22     71.94    0.6851  9.0866e+00  5.6628e-01  1.6046e+01    0.7794     68.07    2.1136      3.3407    1      0
     4   4   5   500  3.3900e+22     77.76    0.7405  9.0866e+00  3.2101e-01  2.8307e+01    0.8614     69.55    2.2360      3.6380    1      0
     4   4   5   500  3.3900e+22     83.04    0.7909  9.0866e+00  1.6994e-01  5.3471e+01    0.9203     70.46    2.3571      3.9869    1      0
     4   4   5   500  3.3900e+22     88.24    0.8404  9.0866e+00  8.0717e-02  1.1257e+02    0.9603     71.00    2.4857      4.3654    1      0
     4   4   5   500  3.3900e+22     93.14    0.8871  9.0866e+00  3.4672e-02  2.6207e+02    0.9837     71.28    2.6135      4.7421    1      0
     4   4   5   500  3.3900e+22     97.86    0.9320  9.0866e+00  2.2109e-02  4.1100e+02    0.9911     71.35    2.7428      5.2194    1      0
     4   4   5   500  3.3900e+22    102.55    0.9767  9.0866e+00  7.6977e-03  1.1804e+03    0.9999     71.44    2.8709      5.7089    1      0
     4   4   5   500  3.3900e+22    105.00    1.0000  9.0866e+00  7.6977e-03  1.1804e+03    1.0000     71.44    2.9395      5.9753    1      0
     4   4   6    SD  3.3900e+22     15.47    0.1394  6.6340e+21  5.5892e+21  1.1869e+00    0.0101     24.44    1.2663      1.6783    0      0
     4   4   6    SD  3.3900e+22     21.75    0.1959  6.6340e+21  4.9737e+21  1.3338e+00    0.0276     31.34    1.3879      1.8471    0      0
     4   4   6    SD  3.3900e+22     22.12    0.1993  6.6340e+21  4.9737e+21  1.3338e+00    0.0279     31.34    1.4121      1.9108    0      0
     4   4   6    SD  3.3900e+22     23.59    0.2125  6.6340e+21  4.9737e+21  1.3338e+00    0.0282     31.34    1.5053      2.0626    0      0
     4   4   6    SD  3.3900e+22     25.56    0.2303  6.6340e+21  4.6140e+21  1.4378e+00    0.0426     35.24    1.4505      1.9363    0      0
     4   4   6    SD  3.3900e+22     27.72    0.2497  6.6340e+21  4.2542e+21  1.5594e+00    0.0611     38.85    1.4269      1.9586    0      0
     4   4   6    SD  3.3900e+22     30.21    0.2722  6.6340e+21  3.9318e+21  1.6873e+00    0.0811     42.02    1.4381      1.9666    0      0
     4   4   6    SD  3.3900e+22     32.96    0.2969  6.6340e+21  3.9318e+21  1.6873e+00    0.0827     42.02    1.5689      2.2139    0      0
     4   4   6    SD  3.3900e+22     36.08    0.3250  6.6340e+21  3.2964e+21  2.0125e+00    0.1323     48.14    1.4988      2.0209    0      0
     4   4   6    SD  3.3900e+22     37.58    0.3386  6.6340e+21  3.2964e+21  2.0125e+00    0.1347     48.14    1.5614      2.2010    0      0
     4   4   6    SD  3.3900e+22     39.72    0.3578  6.6340e+21  2.9856e+21  2.2220e+00    0.1665     50.73    1.5658      2.2020    0      0
     4   4   6    SD  3.3900e+22     43.81    0.3947  6.6340e+21  2.7130e+21  2.4453e+00    0.2004     53.01    1.6529      2.3922    1      0
     4   4   6    SD  3.3900e+22     48.73    0.4390  6.6340e+21  2.1722e+21  3.0540e+00    0.2783     57.52    1.6946      2.4147    1      0
     4   4   6    SD  3.3900e+22     49.71    0.4478  6.6340e+21  2.1722e+21  3.0540e+00    0.2795     57.52    1.7284      2.5202    1      0
     4   4   6    SD  3.3900e+22     54.72    0.4929  6.6340e+21  1.7280e+21  3.8392e+00    0.3609     61.36    1.7834      2.5707    1      0
     4   4   6    SD  3.3900e+22     56.68    0.5106  6.6340e+21  1.7280e+21  3.8392e+00    0.3625     61.36    1.8473      2.7464    1      0
     4   4   6    SD  3.3900e+22     62.02    0.5587  6.6340e+21  1.3614e+21  4.8728e+00    0.4463     64.77    1.9150      2.9042    1      0
     4   4   6    SD  3.3900e+22     66.52    0.5992  6.6340e+21  1.0325e+21  6.4249e+00    0.5358     67.84    1.9609      2.9421    1      0
     4   4   6    SD  3.3900e+22     71.50    0.6442  6.6340e+21  8.9642e+20  7.4006e+00    0.5801     69.11    2.0692      3.2004    1      0
     4   4   6    SD  3.3900e+22     73.75    0.6644  6.6340e+21  7.6691e+20  8.6503e+00    0.6242     70.32    2.0973      3.2326    1      0
     4   4   6    SD  3.3900e+22     81.67    0.7358  6.6340e+21  4.5200e+20  1.4677e+01    0.7497     73.29    2.2286      3.5011    1      0
     4   4   6    SD  3.3900e+22     84.52    0.7614  6.6340e+21  3.6590e+20  1.8131e+01    0.7894     74.12    2.2807      3.5960    1      0
     4   4   6    SD  3.3900e+22     88.23    0.7949  6.6340e+21  2.8785e+20  2.3047e+01    0.8287     74.86    2.3572      3.7687    1      0
     4   4   6    SD  3.3900e+22     94.61    0.8524  6.6340e+21  1.5536e+20  4.2700e+01    0.9017     76.12    2.4857      4.0792    1      0
     4   4   6    SD  3.3900e+22    100.73    0.9075  6.6340e+21  5.9417e+19  1.1165e+02    0.9611     77.04    2.6151      4.4054    1      0
     4   4   6    SD  3.3900e+22    106.25    0.9572  6.6340e+21  1.2210e+19  5.4333e+02    0.9938     77.49    2.7422      4.7752    1      0
     4   4   6    SD  3.3900e+22    111.00    1.0000  6.6340e+21  4.2011e+18  1.5791e+03    1.0000     77.57    2.8620      5.1707    1      0
     4   4   6   160  3.3900e+22     30.95    0.3684  7.4663e-02  7.4168e-02  1.0067e+00    0.0380     65.71    0.9419      0.0570    0      0
     4   4   6   160  3.3900e+22     31.79    0.3785  7.4663e-02  7.4168e-02  1.0067e+00    0.0384     65.71    0.9676      0.0577    0      0
     4   4   6   160  3.3900e+22     32.78    0.3902  7.4663e-02  7.4168e-02  1.0067e+00    0.0389     65.71    0.9976      0.0608    0      0
     4   4   6   160  3.3900e+22     33.97    0.4043  7.4663e-02  6.8103e-02  1.0963e+00    0.0703     68.76    0.9880      0.4847    0      0
     4   4   6   160  3.3900e+22     35.25    0.4197  7.4663e-02  6.8103e-02  1.0963e+00    0.0716     68.76    1.0255      0.5135    0      0
     4   4   6   160  3.3900e+22     36.78    0.4379  7.4663e-02  6.1239e-02  1.2192e+00    0.1136     72.13    1.0199      0.7283    0      0
     4   4   6   160  3.3900e+22     38.58    0.4592  7.4663e-02  6.1239e-02  1.2192e+00    0.1150     72.13    1.0696      0.7735    0      0
     4   4   6   160  3.3900e+22     40.60    0.4833  7.4663e-02  5.3713e-02  1.3900e+00    0.1698     75.42    1.0766      0.9127    0      0
     4   4   6   160  3.3900e+22     42.94    0.5112  7.4663e-02  4.6761e-02  1.5967e+00    0.2276     78.42    1.0952      1.0073    1      0
     4   4   6   160  3.3900e+22     45.83    0.5456  7.4663e-02  3.9922e-02  1.8702e+00    0.2942     81.15    1.1297      1.1216    1      0
     4   4   6   160  3.3900e+22     49.41    0.5882  7.4663e-02  3.3426e-02  2.2337e+00    0.3660     83.74    1.1801      1.2318    1      0
     4   4   6   160  3.3900e+22     50.52    0.6015  7.4663e-02  3.3426e-02  2.2337e+00    0.3671     83.74    1.2067      1.2742    1      0
     4   4   6   160  3.3900e+22     54.24    0.6457  7.4663e-02  2.3451e-02  3.1838e+00    0.4951     88.02    1.2325      1.3696    1      0
     4   4   6   160  3.3900e+22     60.49    0.7201  7.4663e-02  1.5363e-02  4.8599e+00    0.6264     91.53    1.3216      1.5542    1      0
     4   4   6   160  3.3900e+22     60.73    0.7230  7.4663e-02  1.5363e-02  4.8599e+00    0.6267     91.53    1.3269      1.5631    1      0
     4   4   6   160  3.3900e+22     68.68    0.8176  7.4663e-02  8.3160e-03  8.9783e+00    0.7655     94.62    1.4516      1.8317    1      0
     4   4   6   160  3.3900e+22     69.78    0.8307  7.4663e-02  5.6936e-03  1.3114e+01    0.8226     95.78    1.4571      1.8279    1      0
     4   4   6   160  3.3900e+22     77.40    0.9215  7.4663e-02  1.6636e-03  4.4881e+01    0.9250     97.62    1.5857      2.1090    1      0
     4   4   6   160  3.3900e+22     84.00    1.0000  7.4663e-02 -8.9407e-04         nan    1.0000     98.81    1.7003      2.3754    1      0
     4   4   6   250  3.3900e+22     15.40    0.1351  6.2301e+00  5.3978e+00  1.1542e+00    0.0080     24.63    1.2502      1.6606    0      0
     4   4   6   250  3.3900e+22     23.01    0.2018  6.2301e+00  4.8764e+00  1.2776e+00    0.0232     31.87    1.4437      1.9425    0      0
     4   4   6   250  3.3900e+22     23.15    0.2030  6.2301e+00  4.8764e+00  1.2776e+00    0.0232     31.87    1.4524      1.9425    0      0
     4   4   6   250  3.3900e+22     24.89    0.2183  6.2301e+00  4.5596e+00  1.3664e+00    0.0357     36.07    1.3800      1.8587    0      0
     4   4   6   250  3.3900e+22     26.89    0.2359  6.2301e+00  4.5596e+00  1.3664e+00    0.0364     36.07    1.4910      2.0589    0      0
     4   4   6   250  3.3900e+22     29.07    0.2550  6.2301e+00  4.2346e+00  1.4713e+00    0.0530     39.89    1.4575      1.9850    0      0
     4   4   6   250  3.3900e+22     31.59    0.2771  6.2301e+00  3.9361e+00  1.5828e+00    0.0718     43.34    1.4578      2.0079    0      0
     4   4   6   250  3.3900e+22     34.37    0.3015  6.2301e+00  3.6333e+00  1.7147e+00    0.0947     46.75    1.4701      2.0776    0      0
     4   4   6   250  3.3900e+22     37.46    0.3286  6.2301e+00  3.3313e+00  1.8702e+00    0.1213     49.81    1.5040      2.1035    0      0
     4   4   6   250  3.3900e+22     41.03    0.3599  6.2301e+00  3.0285e+00  2.0572e+00    0.1531     52.68    1.5577      2.2317    0      0
     4   4   6   250  3.3900e+22     43.85    0.3847  6.2301e+00  2.7601e+00  2.2572e+00    0.1850     55.19    1.5892      2.2716    0      0
     4   4   6   250  3.3900e+22     45.18    0.3963  6.2301e+00  2.4918e+00  2.5002e+00    0.2198     57.67    1.5670      2.1945    1      0
     4   4   6   250  3.3900e+22     49.98    0.4384  6.2301e+00  2.2225e+00  2.8031e+00    0.2631     60.17    1.6615      2.4045    1      0
     4   4   6   250  3.3900e+22     54.68    0.4797  6.2301e+00  1.7773e+00  3.5053e+00    0.3437     64.64    1.6919      2.4268    1      0
     4   4   6   250  3.3900e+22     55.92    0.4906  6.2301e+00  1.7773e+00  3.5053e+00    0.3451     64.64    1.7303      2.5383    1      0
     4   4   6   250  3.3900e+22     63.20    0.5544  6.2301e+00  1.2280e+00  5.0736e+00    0.4740     70.10    1.8031      2.6381    1      0
     4   4   6   250  3.3900e+22     64.99    0.5701  6.2301e+00  1.2280e+00  5.0736e+00    0.4759     70.10    1.8541      2.8014    1      0
     4   4   6   250  3.3900e+22     72.52    0.6362  6.2301e+00  7.9969e-01  7.7906e+00    0.6083     74.35    1.9508      2.9512    1      0
     4   4   6   250  3.3900e+22     72.97    0.6401  6.2301e+00  7.9969e-01  7.7906e+00    0.6088     74.35    1.9629      2.9874    1      0
     4   4   6   250  3.3900e+22     81.46    0.7146  6.2301e+00  4.7456e-01  1.3128e+01    0.7373     77.58    2.1000      3.2495    1      0
     4   4   6   250  3.3900e+22     85.36    0.7487  6.2301e+00  3.8493e-01  1.6185e+01    0.7793     78.47    2.1755      3.4460    1      0
     4   4   6   250  3.3900e+22     88.33    0.7749  6.2301e+00  3.0394e-01  2.0498e+01    0.8192     79.27    2.2286      3.5579    1      0
     4   4   6   250  3.3900e+22     94.99    0.8333  6.2301e+00  1.6998e-01  3.6651e+01    0.8922     80.60    2.3571      3.8495    1      0
     4   4   6   250  3.3900e+22    101.33    0.8889  6.2301e+00  7.6149e-02  8.1815e+01    0.9498     81.53    2.4857      4.1710    1      0
     4   4   6   250  3.3900e+22    107.29    0.9412  6.2301e+00  2.4181e-02  2.5765e+02    0.9855     82.04    2.6155      4.5433    1      0
     4   4   6   250  3.3900e+22    112.78    0.9893  6.2301e+00  5.3088e-03  1.1735e+03    1.0000     82.23    2.7429      4.9795    1      0
     4   4   6   250  3.3900e+22    114.00    1.0000  6.2301e+00  5.3088e-03  1.1735e+03    1.0000     82.23    2.7727      5.0556    1      0
     4   4   6   350  3.3900e+22     21.16    0.1764  9.5184e+00  7.4989e+00  1.2693e+00    0.0206     31.87    1.3282      1.6607    0      0
     4   4   6   350  3.3900e+22     23.41    0.1951  9.5184e+00  7.4989e+00  1.2693e+00    0.0219     31.87    1.4693      1.9427    0      0
     4   4   6   350  3.3900e+22     25.30    0.2108  9.5184e+00  7.0278e+00  1.3544e+00    0.0337     36.05    1.4035      1.8599    0      0
     4   4   6   350  3.3900e+22     27.32    0.2277  9.5184e+00  6.5446e+00  1.4544e+00    0.0486     39.85    1.3713      1.8168    0      0
     4   4   6   350  3.3900e+22     29.59    0.2466  9.5184e+00  6.5446e+00  1.4544e+00    0.0500     39.85    1.4850      2.0367    0      0
     4   4   6   350  3.3900e+22     30.69    0.2558  9.5184e+00  6.1006e+00  1.5602e+00    0.0669     43.30    1.4178      1.9345    0      0
     4   4   6   350  3.3900e+22     32.16    0.2680  9.5184e+00  6.1006e+00  1.5602e+00    0.0677     43.30    1.4856      2.0502    0      0
     4   4   6   350  3.3900e+22     35.00    0.2917  9.5184e+00  5.6489e+00  1.6850e+00    0.0893     46.72    1.4985      2.1144    0      0
     4   4   6   350  3.3900e+22     38.16    0.3180  9.5184e+00  5.1972e+00  1.8315e+00    0.1146     49.80    1.5327      2.1655    0      0
     4   4   6   350  3.3900e+22     41.85    0.3487  9.5184e+00  4.7421e+00  2.0072e+00    0.1446     52.69    1.5883      2.2880    0      0
     4   4   6   350  3.3900e+22     45.48    0.3790  9.5184e+00  3.9286e+00  2.4228e+00    0.2087     57.78    1.5742      2.2083    1      0
     4   4   6   350  3.3900e+22     46.07    0.3839  9.5184e+00  3.9286e+00  2.4228e+00    0.2095     57.78    1.5948      2.2724    1      0
     4   4   6   350  3.3900e+22     50.99    0.4249  9.5184e+00  3.5158e+00  2.7074e+00    0.2504     60.37    1.6890      2.4236    1      0
     4   4   6   350  3.3900e+22     56.93    0.4744  9.5184e+00  2.8264e+00  3.3676e+00    0.3308     65.03    1.7510      2.5881    1      0
     4   4   6   350  3.3900e+22     57.32    0.4776  9.5184e+00  2.5339e+00  3.7564e+00    0.3691     66.99    1.7113      2.4809    1      0
     4   4   6   350  3.3900e+22     64.24    0.5353  9.5184e+00  1.9679e+00  4.8369e+00    0.4593     70.75    1.8160      2.7089    1      0
     4   4   6   350  3.3900e+22     65.76    0.5480  9.5184e+00  1.9679e+00  4.8369e+00    0.4598     70.75    1.8590      2.7806    1      0
     4   4   6   350  3.3900e+22     73.66    0.6138  9.5184e+00  1.2935e+00  7.3588e+00    0.5924     75.23    1.9582      2.9885    1      0
     4   4   6   350  3.3900e+22     75.21    0.6268  9.5184e+00  1.1013e+00  8.6428e+00    0.6360     76.50    1.9663      2.9753    1      0
     4   4   6   350  3.3900e+22     82.57    0.6881  9.5184e+00  7.7951e-01  1.2211e+01    0.7212     78.64    2.1000      3.2863    1      0
     4   4   6   350  3.3900e+22     86.64    0.7220  9.5184e+00  6.3906e-01  1.4894e+01    0.7623     79.56    2.1779      3.4664    1      0
     4   4   6   350  3.3900e+22     90.40    0.7533  9.5184e+00  4.0130e-01  2.3719e+01    0.8379     81.13    2.2286      3.5401    1      0
     4   4   6   350  3.3900e+22     96.94    0.8079  9.5184e+00  2.3045e-01  4.1304e+01    0.9008     82.26    2.3571      3.8658    1      0
     4   4   6   350  3.3900e+22    103.22    0.8602  9.5184e+00  1.0940e-01  8.7008e+01    0.9506     83.05    2.4857      4.1793    1      0
     4   4   6   350  3.3900e+22    109.13    0.9094  9.5184e+00  4.3875e-02  2.1694e+02    0.9809     83.49    2.6143      4.5748    1      0
     4   4   6   350  3.3900e+22    114.76    0.9564  9.5184e+00  1.4244e-02  6.6823e+02    0.9961     83.68    2.7429      4.9877    1      0
     4   4   6   350  3.3900e+22    120.00    1.0000  9.5184e+00  7.4275e-03  1.2815e+03    1.0000     83.73    2.8665      5.4261    1      0
     4   4   6   500  3.3900e+22     28.78    0.2180  7.1699e+00  5.1341e+00  1.3965e+00    0.0417     40.20    1.4318      1.9658    0      0
     4   4   6   500  3.3900e+22     31.21    0.2364  7.1699e+00  4.8187e+00  1.4879e+00    0.0566     43.75    1.4269      1.9469    0      0
     4   4   6   500  3.3900e+22     31.91    0.2418  7.1699e+00  4.8187e+00  1.4879e+00    0.0570     43.75    1.4591      2.0243    0      0
     4   4   6   500  3.3900e+22     33.90    0.2568  7.1699e+00  4.4942e+00  1.5954e+00    0.0750     47.31    1.4329      1.9660    0      0
     4   4   6   500  3.3900e+22     36.79    0.2787  7.1699e+00  4.1656e+00  1.7212e+00    0.0974     50.44    1.4589      2.0379    0      0
     4   4   6   500  3.3900e+22     40.14    0.3041  7.1699e+00  3.8302e+00  1.8720e+00    0.1238     53.51    1.5002      2.0790    0      0
     4   4   6   500  3.3900e+22     43.88    0.3325  7.1699e+00  3.5272e+00  2.0328e+00    0.1521     56.21    1.5615      2.2148    0      0
     4   4   6   500  3.3900e+22     45.12    0.3418  7.1699e+00  3.2183e+00  2.2279e+00    0.1827     58.94    1.5312      2.1310    0      0
     4   4   6   500  3.3900e+22     48.26    0.3656  7.1699e+00  2.9013e+00  2.4713e+00    0.2194     61.87    1.5599      2.1521    1      0
     4   4   6   500  3.3900e+22     53.30    0.4037  7.1699e+00  2.6186e+00  2.7381e+00    0.2592     64.56    1.6510      2.3856    1      0
     4   4   6   500  3.3900e+22     59.32    0.4494  7.1699e+00  2.1297e+00  3.3667e+00    0.3359     69.12    1.7164      2.5258    1      0
     4   4   6   500  3.3900e+22     60.38    0.4574  7.1699e+00  1.9007e+00  3.7723e+00    0.3762     71.24    1.6951      2.4652    1      0
     4   4   6   500  3.3900e+22     66.78    0.5059  7.1699e+00  1.4746e+00  4.8624e+00    0.4655     75.14    1.7774      2.6307    1      0
     4   4   6   500  3.3900e+22     70.73    0.5358  7.1699e+00  1.2951e+00  5.5360e+00    0.5091     76.78    1.8425      2.7732    1      0
     4   4   6   500  3.3900e+22     76.35    0.5784  7.1699e+00  9.6559e-01  7.4254e+00    0.5976     79.75    1.9148      2.8884    1      0
     4   4   6   500  3.3900e+22     80.17    0.6073  7.1699e+00  8.2761e-01  8.6634e+00    0.6402     80.98    1.9799      3.0504    1      0
     4   4   6   500  3.3900e+22     87.79    0.6651  7.1699e+00  4.8674e-01  1.4730e+01    0.7589     84.04    2.0894      3.2681    1      0
     4   4   6   500  3.3900e+22     89.84    0.6806  7.1699e+00  4.8674e-01  1.4730e+01    0.7595     84.04    2.1381      3.3865    1      0
     4   4   6   500  3.3900e+22     95.47    0.7233  7.1699e+00  3.2044e-01  2.2375e+01    0.8283     85.68    2.2286      3.6049    1      0
     4   4   6   500  3.3900e+22    102.88    0.7794  7.1699e+00  1.4912e-01  4.8080e+01    0.9106     87.38    2.3548      3.9250    1      0
     4   4   6   500  3.3900e+22    109.44    0.8291  7.1699e+00  8.1086e-02  8.8423e+01    0.9487     88.05    2.4857      4.3005    1      0
     4   4   6   500  3.3900e+22    115.63    0.8760  7.1699e+00  4.0275e-02  1.7802e+02    0.9741     88.46    2.6143      4.6951    1      0
     4   4   6   500  3.3900e+22    121.61    0.9213  7.1699e+00  1.7974e-02  3.9891e+02    0.9895     88.68    2.7429      5.1411    1      0
     4   4   6   500  3.3900e+22    127.47    0.9657  7.1699e+00  7.2546e-03  9.8833e+02    0.9977     88.78    2.8714      5.6040    1      0
     4   4   6   500  3.3900e+22    132.00    1.0000  7.1699e+00  4.3969e-03  1.6307e+03    1.0000     88.81    2.9726      5.9829    1      0
     4   5   1    SD  3.3900e+22      9.44    0.2419  4.3330e+22  2.4356e+22  1.7790e+00    0.0922     15.08    1.2516      1.5274    0      0
     4   5   1    SD  3.3900e+22      9.90    0.2539  4.3330e+22  2.4356e+22  1.7790e+00    0.1047     15.08    1.3138      1.7170    0      0
     4   5   1    SD  3.3900e+22     10.16    0.2605  4.3330e+22  2.4356e+22  1.7790e+00    0.1047     15.08    1.3478      1.7170    0      0
     4   5   1    SD  3.3900e+22     11.05    0.2833  4.3330e+22  2.4356e+22  1.7790e+00    0.1111     15.08    1.4659      1.9673    0      0
     4   5   1    SD  3.3900e+22     11.96    0.3067  4.3330e+22  2.4356e+22  1.7790e+00    0.1111     15.08    1.5868      1.9673    0      0
     4   5   1    SD  3.3900e+22     12.06    0.3092  4.3330e+22  1.7693e+22  2.4489e+00    0.1952     18.63    1.2946      1.6475    0      0
     4   5   1    SD  3.3900e+22     13.17    0.3378  4.3330e+22  1.7693e+22  2.4489e+00    0.2140     18.63    1.4142      1.8711    1      0
     4   5   1    SD  3.3900e+22     14.45    0.3704  4.3330e+22  1.7693e+22  2.4489e+00    0.2224     18.63    1.5508      2.0365    1      0
     4   5   1    SD  3.3900e+22     15.90    0.4078  4.3330e+22  1.2533e+22  3.4573e+00    0.3429     20.88    1.5232      2.0462    1      0
     4   5   1    SD  3.3900e+22     17.66    0.4529  4.3330e+22  1.2533e+22  3.4573e+00    0.3555     20.88    1.6918      2.4173    1      0
     4   5   1    SD  3.3900e+22     18.43    0.4725  4.3330e+22  8.2266e+21  5.2670e+00    0.4894     22.76    1.6193      2.2219    1      0
     4   5   1    SD  3.3900e+22     19.76    0.5068  4.3330e+22  8.2266e+21  5.2670e+00    0.5016     22.76    1.7368      2.4548    1      0
     4   5   1    SD  3.3900e+22     22.08    0.5662  4.3330e+22  4.9885e+21  8.6858e+00    0.6483     24.18    1.8266      2.6800    1      0
     4   5   1    SD  3.3900e+22     22.45    0.5757  4.3330e+22  4.9885e+21  8.6858e+00    0.6483     24.18    1.8573      2.6800    1      0
     4   5   1    SD  3.3900e+22     24.05    0.6165  4.3330e+22  2.5094e+21  1.7267e+01    0.7769     25.29    1.9013      2.6500    1      0
     4   5   1    SD  3.3900e+22     26.20    0.6717  4.3330e+22  2.5094e+21  1.7267e+01    0.7951     25.29    2.0714      3.1678    1      0
     4   5   1    SD  3.3900e+22     26.66    0.6836  4.3330e+22  2.5094e+21  1.7267e+01    0.7951     25.29    2.1082      3.1678    1      0
     4   5   1    SD  3.3900e+22     28.92    0.7416  4.3330e+22  1.0365e+21  4.1803e+01    0.9016     25.96    2.2285      3.5188    1      0
     4   5   1    SD  3.3900e+22     30.93    0.7930  4.3330e+22  4.0624e+20  1.0666e+02    0.9572     26.24    2.3571      3.9148    1      0
     4   5   1    SD  3.3900e+22     32.61    0.8362  4.3330e+22  4.0624e+20  1.0666e+02    0.9589     26.24    2.4857      4.2749    1      0
     4   5   1    SD  3.3900e+22     34.47    0.8837  4.3330e+22  1.2669e+20  3.4201e+02    0.9881     26.37    2.6143      4.7129    1      0
     4   5   1    SD  3.3900e+22     36.22    0.9287  4.3330e+22  3.2478e+19  1.3341e+03    0.9993     26.41    2.7429      5.0693    1      0
     4   5   1    SD  3.3900e+22     37.92    0.9722  4.3330e+22  3.2478e+19  1.3341e+03    0.9999     26.41    2.8715      5.5097    1      0
     4   5   1    SD  3.3900e+22     39.00    1.0000  4.3330e+22  3.2478e+19  1.3341e+03    1.0000     26.41    2.9535      5.7310    1      0
     4   5   1   250  3.3900e+22     12.21    0.2714  2.1477e+01  1.1682e+01  1.8385e+00    0.1165     19.87    1.2295      1.5306    0      0
     4   5   1   250  3.3900e+22     13.21    0.2935  2.1477e+01  1.1682e+01  1.8385e+00    0.1290     19.87    1.3297      1.7214    0      0
     4   5   1   250  3.3900e+22     14.30    0.3178  2.1477e+01  1.1682e+01  1.8385e+00    0.1347     19.87    1.4398      1.8647    0      0
     4   5   1   250  3.3900e+22     15.55    0.3455  2.1477e+01  9.0169e+00  2.3819e+00    0.2250     22.79    1.3645      1.8319    1      0
     4   5   1   250  3.3900e+22     16.97    0.3771  2.1477e+01  9.0169e+00  2.3819e+00    0.2308     22.79    1.4892      1.9464    1      0
     4   5   1   250  3.3900e+22     18.57    0.4128  2.1477e+01  6.5528e+00  3.2776e+00    0.3459     25.35    1.4652      1.9400    1      0
     4   5   1   250  3.3900e+22     20.46    0.4546  2.1477e+01  6.5528e+00  3.2776e+00    0.3588     25.35    1.6136      2.2416    1      0
     4   5   1   250  3.3900e+22     21.33    0.4740  2.1477e+01  4.5008e+00  4.7719e+00    0.4816     27.40    1.5569      2.1090    1      0
     4   5   1   250  3.3900e+22     22.73    0.5050  2.1477e+01  4.5008e+00  4.7719e+00    0.4912     27.40    1.6590      2.2733    1      0
     4   5   1   250  3.3900e+22     24.76    0.5503  2.1477e+01  2.7263e+00  7.8777e+00    0.6383     29.16    1.6982      2.4127    1      0
     4   5   1   250  3.3900e+22     25.58    0.5685  2.1477e+01  2.7263e+00  7.8777e+00    0.6396     29.16    1.7544      2.4514    1      0
     4   5   1   250  3.3900e+22     26.91    0.5979  2.1477e+01  2.7263e+00  7.8777e+00    0.6444     29.16    1.8451      2.6927    1      0
     4   5   1   250  3.3900e+22     29.80    0.6622  2.1477e+01  1.4789e+00  1.4523e+01    0.7765     30.46    1.9567      2.9193    1      0
     4   5   1   250  3.3900e+22     30.79    0.6843  2.1477e+01  7.8706e-01  2.7288e+01    0.8624     31.24    1.9714      2.9690    1      0
     4   5   1   250  3.3900e+22     33.09    0.7353  2.1477e+01  3.7066e-01  5.7943e+01    0.9252     31.71    2.0871      3.1961    1      0
     4   5   1   250  3.3900e+22     35.33    0.7851  2.1477e+01  3.7066e-01  5.7943e+01    0.9310     31.71    2.2285      3.6819    1      0
     4   5   1   250  3.3900e+22     37.65    0.8368  2.1477e+01  1.5562e-01  1.3801e+02    0.9696     31.95    2.3571      4.0615    1      0
     4   5   1   250  3.3900e+22     39.85    0.8855  2.1477e+01  5.5387e-02  3.8777e+02    0.9904     32.06    2.4857      4.4450    1      0
     4   5   1   250  3.3900e+22     41.93    0.9317  2.1477e+01  5.5387e-02  3.8777e+02    0.9911     32.06    2.6153      4.8919    1      0
     4   5   1   250  3.3900e+22     44.03    0.9784  2.1477e+01  1.8751e-02  1.1454e+03    1.0000     32.10    2.7429      5.3672    1      0
     4   5   1   250  3.3900e+22     45.00    1.0000  2.1477e+01  1.8751e-02  1.1454e+03    1.0000     32.10    2.8035      5.5584    1      0
     4   5   1   350  3.3900e+22     18.01    0.3335  3.1019e+01  1.1569e+01  2.6811e+00    0.2533     25.73    1.3998      1.8168    1      0
     4   5   1   350  3.3900e+22     18.71    0.3465  3.1019e+01  1.1569e+01  2.6811e+00    0.2590     25.73    1.4544      1.9027    1      0
     4   5   1   350  3.3900e+22     20.55    0.3805  3.1019e+01  1.1569e+01  2.6811e+00    0.2690     25.73    1.5974      2.1956    1      0
     4   5   1   350  3.3900e+22     21.04    0.3896  3.1019e+01  8.6482e+00  3.5867e+00    0.3603     27.95    1.5053      1.9373    1      0
     4   5   1   350  3.3900e+22     22.71    0.4206  3.1019e+01  8.6482e+00  3.5867e+00    0.3752     27.95    1.6252      2.2096    1      0
     4   5   1   350  3.3900e+22     25.31    0.4688  3.1019e+01  5.9496e+00  5.2135e+00    0.5013     30.01    1.6869      2.3145    1      0
     4   5   1   350  3.3900e+22     26.88    0.4978  3.1019e+01  5.9496e+00  5.2135e+00    0.5067     30.01    1.7912      2.5798    1      0
     4   5   1   350  3.3900e+22     28.74    0.5321  3.1019e+01  3.8518e+00  8.0530e+00    0.6311     31.78    1.8082      2.6411    1      0
     4   5   1   350  3.3900e+22     29.84    0.5526  3.1019e+01  3.8518e+00  8.0530e+00    0.6322     31.78    1.8777      2.7446    1      0
     4   5   1   350  3.3900e+22     33.09    0.6127  3.1019e+01  1.5134e+00  2.0496e+01    0.8098     33.76    1.9603      2.8763    1      0
     4   5   1   350  3.3900e+22     33.91    0.6279  3.1019e+01  1.5134e+00  2.0496e+01    0.8143     33.76    2.0088      3.0427    1      0
     4   5   1   350  3.3900e+22     35.45    0.6564  3.1019e+01  1.5134e+00  2.0496e+01    0.8178     33.76    2.1000      3.3016    1      0
     4   5   1   350  3.3900e+22     38.23    0.7079  3.1019e+01  8.6129e-01  3.6014e+01    0.8845     34.31    2.2286      3.6341    1      0
     4   5   1   350  3.3900e+22     40.84    0.7564  3.1019e+01  4.5038e-01  6.8872e+01    0.9337     34.65    2.3571      4.0654    1      0
     4   5   1   350  3.3900e+22     43.30    0.8019  3.1019e+01  2.3214e-01  1.3362e+02    0.9636     34.84    2.4857      4.4491    1      0
     4   5   1   350  3.3900e+22     45.67    0.8458  3.1019e+01  1.1028e-01  2.8126e+02    0.9823     34.94    2.6143      4.7769    1      0
     4   5   1   350  3.3900e+22     47.94    0.8878  3.1019e+01  1.1028e-01  2.8126e+02    0.9830     34.94    2.7441      5.2214    1      0
     4   5   1   350  3.3900e+22     50.24    0.9305  3.1019e+01  4.5458e-02  6.8236e+02    0.9945     35.00    2.8714      5.7197    1      0
     4   5   1   350  3.3900e+22     52.53    0.9728  3.1019e+01  1.8146e-02  1.7094e+03    1.0000     35.02    3.0000      6.3165    1      0
     4   5   1   350  3.3900e+22     54.00    1.0000  3.1019e+01  1.8146e-02  1.7094e+03    1.0000     35.02    3.0840      6.5500    1      0
     4   5   1   500  3.3900e+22     31.49    0.4563  1.8038e+01  3.5936e+00  5.0195e+00    0.4841     36.99    1.7023      2.4453    1      0
     4   5   1   500  3.3900e+22     32.91    0.4770  1.8038e+01  3.5936e+00  5.0195e+00    0.4860     36.99    1.7794      2.6029    1      0
     4   5   1   500  3.3900e+22     35.91    0.5204  1.8038e+01  2.6626e+00  6.7746e+00    0.5773     38.64    1.8585      2.7331    1      0
     4   5   1   500  3.3900e+22     36.77    0.5329  1.8038e+01  1.9051e+00  9.4683e+00    0.6622     39.98    1.8397      2.7516    1      0
     4   5   1   500  3.3900e+22     40.45    0.5862  1.8038e+01  1.3079e+00  1.3792e+01    0.7440     41.03    1.9714      3.0466    1      0
     4   5   1   500  3.3900e+22     42.58    0.6171  1.8038e+01  8.9678e-01  2.0114e+01    0.8061     41.76    2.0394      3.1606    1      0
     4   5   1   500  3.3900e+22     43.84    0.6354  1.8038e+01  8.9678e-01  2.0114e+01    0.8085     41.76    2.1000      3.3503    1      0
     4   5   1   500  3.3900e+22     47.16    0.6834  1.8038e+01  5.8803e-01  3.0675e+01    0.8632     42.32    2.2286      3.6882    1      0
     4   5   1   500  3.3900e+22     50.38    0.7301  1.8038e+01  3.6002e-01  5.0103e+01    0.9090     42.75    2.3571      4.0413    1      0
     4   5   1   500  3.3900e+22     53.46    0.7747  1.8038e+01  2.1835e-01  8.2609e+01    0.9412     43.01    2.4857      4.4323    1      0
     4   5   1   500  3.3900e+22     56.43    0.8178  1.8038e+01  1.3221e-01  1.3644e+02    0.9631     43.17    2.6143      4.8416    1      0
     4   5   1   500  3.3900e+22     59.34    0.8600  1.8038e+01  7.8837e-02  2.2880e+02    0.9781     43.27    2.7428      5.2818    1      0
     4   5   1   500  3.3900e+22     62.22    0.9017  1.8038e+01  4.4758e-02  4.0301e+02    0.9886     43.33    2.8714      5.7825    1      0
     4   5   1   500  3.3900e+22     65.06    0.9429  1.8038e+01  2.3482e-02  7.6817e+02    0.9958     43.37    3.0000      6.2911    1      0
     4   5   1   500  3.3900e+22     69.00    1.0000  1.8038e+01  1.2283e-02  1.4685e+03    1.0000     43.40    3.1801      6.9967    1      0
     4   5   2    SD  3.3900e+22      9.54    0.1870  3.5448e+22  2.4431e+22  1.4510e+00    0.0451     15.53    1.2279      1.6641    0      0
     4   5   2    SD  3.3900e+22     10.24    0.2008  3.5448e+22  2.4431e+22  1.4510e+00    0.0451     15.53    1.3190      1.6641    0      0
     4   5   2    SD  3.3900e+22     11.11    0.2177  3.5448e+22  2.4431e+22  1.4510e+00    0.0480     15.53    1.4301      1.9017    0      0
     4   5   2    SD  3.3900e+22     11.96    0.2346  3.5448e+22  2.4431e+22  1.4510e+00    0.0480     15.53    1.5407      1.9017    0      0
     4   5   2    SD  3.3900e+22     11.97    0.2347  3.5448e+22  2.4431e+22  1.4510e+00    0.0480     15.53    1.5414      1.9017    0      0
     4   5   2    SD  3.3900e+22     12.09    0.2370  3.5448e+22  2.0068e+22  1.7664e+00    0.0876     19.28    1.2539      1.5837    0      0
     4   5   2    SD  3.3900e+22     13.12    0.2572  3.5448e+22  2.0068e+22  1.7664e+00    0.0965     19.28    1.3612      1.7900    0      0
     4   5   2    SD  3.3900e+22     14.28    0.2800  3.5448e+22  2.0068e+22  1.7664e+00    0.1005     19.28    1.4815      1.9436    0      0
     4   5   2    SD  3.3900e+22     15.64    0.3067  3.5448e+22  1.6375e+22  2.1648e+00    0.1625     21.90    1.4285      1.9233    0      0
     4   5   2    SD  3.3900e+22     17.15    0.3362  3.5448e+22  1.6375e+22  2.1648e+00    0.1677     21.90    1.5660      2.1152    0      0
     4   5   2    SD  3.3900e+22     18.02    0.3534  3.5448e+22  1.3012e+22  2.7243e+00    0.2393     24.28    1.4847      1.9504    1      0
     4   5   2    SD  3.3900e+22     18.92    0.3710  3.5448e+22  1.3012e+22  2.7243e+00    0.2443     24.28    1.5589      2.0458    1      0
     4   5   2    SD  3.3900e+22     20.98    0.4114  3.5448e+22  1.3012e+22  2.7243e+00    0.2530     24.28    1.7284      2.3672    1      0
     4   5   2    SD  3.3900e+22     22.65    0.4441  3.5448e+22  1.0141e+22  3.4956e+00    0.3449     26.25    1.7256      2.3914    1      0
     4   5   2    SD  3.3900e+22     23.41    0.4590  3.5448e+22  1.0141e+22  3.4956e+00    0.3465     26.25    1.7834      2.4875    1      0
     4   5   2    SD  3.3900e+22     26.05    0.5107  3.5448e+22  7.3832e+21  4.8012e+00    0.4626     28.15    1.8508      2.6916    1      0
     4   5   2    SD  3.3900e+22     26.34    0.5164  3.5448e+22  7.3832e+21  4.8012e+00    0.4626     28.15    1.8714      2.6916    1      0
     4   5   2    SD  3.3900e+22     29.82    0.5848  3.5448e+22  5.0277e+21  7.0506e+00    0.5873     29.77    2.0039      2.9087    1      0
     4   5   2    SD  3.3900e+22     29.92    0.5867  3.5448e+22  5.0277e+21  7.0506e+00    0.5873     29.77    2.0106      2.9087    1      0
     4   5   2    SD  3.3900e+22     33.07    0.6485  3.5448e+22  1.9034e+21  1.8624e+01    0.7965     32.26    2.0503      2.9232    1      0
     4   5   2    SD  3.3900e+22     34.63    0.6790  3.5448e+22  1.9034e+21  1.8624e+01    0.8052     32.26    2.1468      3.2292    1      0
     4   5   2    SD  3.3900e+22     36.30    0.7118  3.5448e+22  9.5213e+20  3.7231e+01    0.8878     33.03    2.1978      3.3267    1      0
     4   5   2    SD  3.3900e+22     39.11    0.7669  3.5448e+22  3.8760e+20  9.1455e+01    0.9472     33.49    2.3356      3.6049    1      0
     4   5   2    SD  3.3900e+22     41.63    0.8162  3.5448e+22  3.8760e+20  9.1455e+01    0.9514     33.49    2.4857      4.0236    1      0
     4   5   2    SD  3.3900e+22     44.04    0.8636  3.5448e+22  1.3892e+20  2.5517e+02    0.9814     33.70    2.6143      4.4581    1      0
     4   5   2    SD  3.3900e+22     46.32    0.9083  3.5448e+22  4.0009e+19  8.8600e+02    0.9949     33.78    2.7429      4.9078    1      0
     4   5   2    SD  3.3900e+22     48.53    0.9515  3.5448e+22  7.9893e+18  4.4370e+03    0.9999     33.80    2.8714      5.4098    1      0
     4   5   2    SD  3.3900e+22     50.70    0.9942  3.5448e+22  7.9893e+18  4.4370e+03    1.0000     33.80    3.0000      5.7746    1      0
     4   5   2    SD  3.3900e+22     51.00    1.0000  3.5448e+22  7.9893e+18  4.4370e+03    1.0000     33.80    3.0176      5.8790    1      0
     4   5   2   250  3.3900e+22     12.24    0.2266  2.0503e+01  1.3985e+01  1.4661e+00    0.0511     20.11    1.2170      1.5081    0      0
     4   5   2   250  3.3900e+22     13.19    0.2443  2.0503e+01  1.3985e+01  1.4661e+00    0.0567     20.11    1.3119      1.6925    0      0
     4   5   2   250  3.3900e+22     14.24    0.2637  2.0503e+01  1.3985e+01  1.4661e+00    0.0593     20.11    1.4164      1.8314    0      0
     4   5   2   250  3.3900e+22     15.47    0.2866  2.0503e+01  1.2022e+01  1.7055e+00    0.1025     23.33    1.3265      1.7789    0      0
     4   5   2   250  3.3900e+22     16.76    0.3104  2.0503e+01  1.2022e+01  1.7055e+00    0.1053     23.33    1.4369      1.8869    0      0
     4   5   2   250  3.3900e+22     18.25    0.3381  2.0503e+01  1.0047e+01  2.0407e+00    0.1651     26.27    1.3899      1.8501    0      0
     4   5   2   250  3.3900e+22     19.88    0.3681  2.0503e+01  1.0047e+01  2.0407e+00    0.1706     26.27    1.5133      2.0275    0      0
     4   5   2   250  3.3900e+22     21.75    0.4028  2.0503e+01  8.1921e+00  2.5027e+00    0.2471     28.95    1.5025      2.0327    1      0
     4   5   2   250  3.3900e+22     21.84    0.4045  2.0503e+01  8.1921e+00  2.5027e+00    0.2499     28.95    1.5090      2.1056    1      0
     4   5   2   250  3.3900e+22     23.85    0.4417  2.0503e+01  8.1921e+00  2.5027e+00    0.2521     28.95    1.6477      2.2762    1      0
     4   5   2   250  3.3900e+22     26.27    0.4865  2.0503e+01  6.2706e+00  3.2697e+00    0.3576     31.83    1.6508      2.3161    1      0
     4   5   2   250  3.3900e+22     29.14    0.5396  2.0503e+01  4.5451e+00  4.5109e+00    0.4764     34.46    1.6909      2.3701    1      0
     4   5   2   250  3.3900e+22     31.18    0.5774  2.0503e+01  3.2159e+00  6.3755e+00    0.5868     36.49    1.7088      2.4259    1      0
     4   5   2   250  3.3900e+22     32.68    0.6052  2.0503e+01  3.2159e+00  6.3755e+00    0.5908     36.49    1.7912      2.6354    1      0
     4   5   2   250  3.3900e+22     35.79    0.6628  2.0503e+01  2.1146e+00  9.6959e+00    0.7017     38.17    1.8756      2.7652    1      0
     4   5   2   250  3.3900e+22     37.61    0.6964  2.0503e+01  1.2745e+00  1.6087e+01    0.8003     39.44    1.9069      2.8836    1      0
     4   5   2   250  3.3900e+22     39.10    0.7241  2.0503e+01  6.8466e-01  2.9946e+01    0.8766     40.34    1.9388      2.8878    1      0
     4   5   2   250  3.3900e+22     42.89    0.7943  2.0503e+01  3.4779e-01  5.8952e+01    0.9346     40.85    2.1000      3.3379    1      0
     4   5   2   250  3.3900e+22     45.84    0.8490  2.0503e+01  1.5540e-01  1.3193e+02    0.9704     41.14    2.2286      3.7519    1      0
     4   5   2   250  3.3900e+22     48.67    0.9012  2.0503e+01  5.6949e-02  3.6002e+02    0.9907     41.29    2.3571      4.1314    1      0
     4   5   2   250  3.3900e+22     51.39    0.9517  2.0503e+01  1.9207e-02  1.0675e+03    0.9997     41.35    2.4857      4.6160    1      0
     4   5   2   250  3.3900e+22     54.00    1.0000  2.0503e+01  1.9207e-02  1.0675e+03    1.0000     41.35    2.6119      4.9907    1      0
     4   5   2   350  3.3900e+22     19.22    0.3051  3.1237e+01  1.6258e+01  1.9213e+00    0.1453     26.69    1.4403      1.9850    0      0
     4   5   2   350  3.3900e+22     20.93    0.3323  3.1237e+01  1.6258e+01  1.9213e+00    0.1465     26.69    1.5688      2.0836    0      0
     4   5   2   350  3.3900e+22     22.86    0.3629  3.1237e+01  1.3466e+01  2.3197e+00    0.2161     29.49    1.5503      2.1389    1      0
     4   5   2   350  3.3900e+22     25.10    0.3983  3.1237e+01  1.0579e+01  2.9527e+00    0.3053     32.47    1.5456      2.1025    1      0
     4   5   2   350  3.3900e+22     26.82    0.4258  3.1237e+01  1.0579e+01  2.9527e+00    0.3090     32.47    1.6520      2.2649    1      0
     4   5   2   350  3.3900e+22     27.72    0.4400  3.1237e+01  8.0005e+00  3.9043e+00    0.4089     35.15    1.5771      2.2131    1      0
     4   5   2   350  3.3900e+22     30.87    0.4899  3.1237e+01  6.0091e+00  5.1982e+00    0.5068     37.19    1.6598      2.3301    1      0
     4   5   2   350  3.3900e+22     32.37    0.5138  3.1237e+01  6.0091e+00  5.1982e+00    0.5116     37.19    1.7406      2.5301    1      0
     4   5   2   350  3.3900e+22     34.90    0.5540  3.1237e+01  4.3230e+00  7.2256e+00    0.6098     38.91    1.7943      2.6120    1      0
     4   5   2   350  3.3900e+22     37.12    0.5893  3.1237e+01  2.9607e+00  1.0550e+01    0.7035     40.29    1.8429      2.7632    1      0
     4   5   2   350  3.3900e+22     40.77    0.6472  3.1237e+01  1.9045e+00  1.6402e+01    0.7891     41.36    1.9714      3.0150    1      0
     4   5   2   350  3.3900e+22     40.81    0.6478  3.1237e+01  1.9045e+00  1.6402e+01    0.7901     41.36    1.9733      3.0950    1      0
     4   5   2   350  3.3900e+22     44.19    0.7014  3.1237e+01  1.2023e+00  2.5981e+01    0.8551     42.08    2.1000      3.3230    1      0
     4   5   2   350  3.3900e+22     47.49    0.7537  3.1237e+01  7.0623e-01  4.4230e+01    0.9078     42.62    2.2286      3.7490    1      0
     4   5   2   350  3.3900e+22     50.65    0.8039  3.1237e+01  3.7308e-01  8.3725e+01    0.9477     42.97    2.3571      4.0517    1      0
     4   5   2   350  3.3900e+22     53.65    0.8517  3.1237e+01  1.9054e-01  1.6394e+02    0.9725     43.17    2.4857      4.4745    1      0
     4   5   2   350  3.3900e+22     56.56    0.8978  3.1237e+01  9.4749e-02  3.2968e+02    0.9870     43.27    2.6143      4.9190    1      0
     4   5   2   350  3.3900e+22     59.42    0.9431  3.1237e+01  4.5295e-02  6.8962e+02    0.9953     43.33    2.7428      5.4143    1      0
     4   5   2   350  3.3900e+22     62.24    0.9880  3.1237e+01  1.9921e-02  1.5681e+03    1.0000     43.35    2.8714      5.9376    1      0
     4   5   2   350  3.3900e+22     63.00    1.0000  3.1237e+01  1.9921e-02  1.5681e+03    1.0000     43.35    2.9064      6.0077    1      0
     4   5   2   500  3.3900e+22     28.98    0.3864  2.0264e+01  7.2826e+00  2.7825e+00    0.2800     36.89    1.5711      2.1891    1      0
     4   5   2   500  3.3900e+22     29.36    0.3914  2.0264e+01  7.2826e+00  2.7825e+00    0.2800     36.89    1.5916      2.1891    1      0
     4   5   2   500  3.3900e+22     32.05    0.4273  2.0264e+01  5.9279e+00  3.4184e+00    0.3570     39.32    1.6299      2.3106    1      0
     4   5   2   500  3.3900e+22     35.82    0.4776  2.0264e+01  4.7077e+00  4.3044e+00    0.4401     41.51    1.7256      2.4896    1      0
     4   5   2   500  3.3900e+22     35.84    0.4778  2.0264e+01  4.7077e+00  4.3044e+00    0.4401     41.51    1.7266      2.4896    1      0
     4   5   2   500  3.3900e+22     40.71    0.5428  2.0264e+01  2.7171e+00  7.4578e+00    0.6089     45.14    1.8036      2.6797    1      0
     4   5   2   500  3.3900e+22     42.39    0.5652  2.0264e+01  2.0238e+00  1.0013e+01    0.6796     46.41    1.8266      2.6863    1      0
     4   5   2   500  3.3900e+22     46.78    0.6237  2.0264e+01  1.4503e+00  1.3972e+01    0.7530     47.46    1.9714      3.0646    1      0
     4   5   2   500  3.3900e+22     48.11    0.6414  2.0264e+01  9.8510e-01  2.0571e+01    0.8140     48.29    1.9926      3.0728    1      0
     4   5   2   500  3.3900e+22     50.99    0.6799  2.0264e+01  9.8510e-01  2.0571e+01    0.8177     48.29    2.1120      3.3782    1      0
     4   5   2   500  3.3900e+22     54.83    0.7311  2.0264e+01  4.4263e-01  4.5781e+01    0.9053     49.21    2.2286      3.7018    1      0
     4   5   2   500  3.3900e+22     58.29    0.7772  2.0264e+01  2.9164e-01  6.9483e+01    0.9353     49.46    2.3571      4.1334    1      0
     4   5   2   500  3.3900e+22     61.70    0.8227  2.0264e+01  1.8392e-01  1.1018e+02    0.9582     49.64    2.4857      4.4619    1      0
     4   5   2   500  3.3900e+22     65.06    0.8674  2.0264e+01  1.0869e-01  1.8645e+02    0.9759     49.77    2.6143      4.9299    1      0
     4   5   2   500  3.3900e+22     68.36    0.9115  2.0264e+01  6.3686e-02  3.1818e+02    0.9874     49.85    2.7429      5.3316    1      0
     4   5   2   500  3.3900e+22     71.63    0.9551  2.0264e+01  3.6864e-02  5.4970e+02    0.9949     49.89    2.8714      5.8619    1      0
     4   5   2   500  3.3900e+22     74.88    0.9984  2.0264e+01  2.0185e-02  1.0039e+03    1.0000     49.92    3.0000      6.3330    1      0
     4   5   2   500  3.3900e+22     75.00    1.0000  2.0264e+01  2.0185e-02  1.0039e+03    1.0000     49.92    3.0047      6.3983    1      0
     4   5   3    SD  3.3900e+22      9.28    0.1473  2.7281e+22  2.1703e+22  1.2570e+00    0.0150     16.00    1.1604      1.4466    0      0
     4   5   3    SD  3.3900e+22     12.54    0.1990  2.7281e+22  1.9214e+22  1.4199e+00    0.0373     19.90    1.2598      1.6508    0      0
     4   5   3    SD  3.3900e+22     13.48    0.2139  2.7281e+22  1.9214e+22  1.4199e+00    0.0401     19.90    1.3542      1.8573    0      0
     4   5   3    SD  3.3900e+22     13.55    0.2151  2.7281e+22  1.9214e+22  1.4199e+00    0.0401     19.90    1.3619      1.8573    0      0
     4   5   3    SD  3.3900e+22     14.73    0.2338  2.7281e+22  1.9214e+22  1.4199e+00    0.0401     19.90    1.4798      1.8573    0      0
     4   5   3    SD  3.3900e+22     16.00    0.2540  2.7281e+22  1.6919e+22  1.6124e+00    0.0681     22.95    1.3947      1.8132    0      0
     4   5   3    SD  3.3900e+22     17.40    0.2762  2.7281e+22  1.6919e+22  1.6124e+00    0.0705     22.95    1.5164      1.9884    0      0
     4   5   3    SD  3.3900e+22     19.03    0.3021  2.7281e+22  1.4666e+22  1.8601e+00    0.1096     25.76    1.4778      1.9872    0      0
     4   5   3    SD  3.3900e+22     20.82    0.3306  2.7281e+22  1.4666e+22  1.8601e+00    0.1121     25.76    1.6170      2.1844    0      0
     4   5   3    SD  3.3900e+22     22.26    0.3534  2.7281e+22  1.2606e+22  2.1641e+00    0.1601     28.24    1.5766      2.1726    0      0
     4   5   3    SD  3.3900e+22     22.90    0.3634  2.7281e+22  1.2606e+22  2.1641e+00    0.1609     28.24    1.6215      2.2584    0      0
     4   5   3    SD  3.3900e+22     25.37    0.4027  2.7281e+22  1.0537e+22  2.5892e+00    0.2218     30.80    1.6478      2.2337    1      0
     4   5   3    SD  3.3900e+22     26.62    0.4226  2.7281e+22  1.0537e+22  2.5892e+00    0.2244     30.80    1.7290      2.4080    1      0
     4   5   3    SD  3.3900e+22     28.20    0.4476  2.7281e+22  8.7121e+21  3.1314e+00    0.2916     33.18    1.6996      2.3612    1      0
     4   5   3    SD  3.3900e+22     31.66    0.5025  2.7281e+22  7.2546e+21  3.7605e+00    0.3621     35.09    1.8045      2.5844    1      0
     4   5   3    SD  3.3900e+22     32.79    0.5204  2.7281e+22  7.2546e+21  3.7605e+00    0.3636     35.09    1.8688      2.7507    1      0
     4   5   3    SD  3.3900e+22     35.88    0.5695  2.7281e+22  5.9299e+21  4.6006e+00    0.4377     36.84    1.9481      2.8538    1      0
     4   5   3    SD  3.3900e+22     39.03    0.6195  2.7281e+22  3.5738e+21  7.6336e+00    0.5987     39.97    1.9528      2.8045    1      0
     4   5   3    SD  3.3900e+22     40.98    0.6504  2.7281e+22  3.5738e+21  7.6336e+00    0.6054     39.97    2.0503      3.1089    1      0
     4   5   3    SD  3.3900e+22     43.31    0.6875  2.7281e+22  2.6160e+21  1.0429e+01    0.6897     41.25    2.1000      3.1841    1      0
     4   5   3    SD  3.3900e+22     47.18    0.7488  2.7281e+22  1.7293e+21  1.5776e+01    0.7798     42.47    2.2217      3.4084    1      0
     4   5   3    SD  3.3900e+22     48.32    0.7670  2.7281e+22  9.6908e+20  2.8152e+01    0.8621     43.58    2.2178      3.2894    1      0
     4   5   3    SD  3.3900e+22     52.21    0.8287  2.7281e+22  4.7399e+20  5.7556e+01    0.9298     44.30    2.3571      3.6629    1      0
     4   5   3    SD  3.3900e+22     55.54    0.8817  2.7281e+22  2.0373e+20  1.3391e+02    0.9699     44.69    2.4857      4.0551    1      0
     4   5   3    SD  3.3900e+22     58.66    0.9311  2.7281e+22  7.4886e+19  3.6430e+02    0.9907     44.88    2.6143      4.4157    1      0
     4   5   3    SD  3.3900e+22     61.65    0.9786  2.7281e+22  2.2174e+19  1.2303e+03    0.9999     44.95    2.7428      4.8211    1      0
     4   5   3    SD  3.3900e+22     63.00    1.0000  2.7281e+22  2.2174e+19  1.2303e+03    1.0000     44.95    2.8028      4.9960    1      0
     4   5   3   250  3.3900e+22     14.43    0.2092  1.8352e+01  1.4322e+01  1.2813e+00    0.0247     20.39    1.4160      1.7950    0      0
     4   5   3   250  3.3900e+22     15.64    0.2266  1.8352e+01  1.3015e+01  1.4100e+00    0.0437     23.82    1.3129      1.7345    0      0
     4   5   3   250  3.3900e+22     16.86    0.2443  1.8352e+01  1.3015e+01  1.4100e+00    0.0449     23.82    1.4150      1.8377    0      0
     4   5   3   250  3.3900e+22     18.34    0.2659  1.8352e+01  1.1653e+01  1.5749e+00    0.0722     26.93    1.3625      1.7910    0      0
     4   5   3   250  3.3900e+22     19.21    0.2784  1.8352e+01  1.1653e+01  1.5749e+00    0.0736     26.93    1.4267      1.8747    0      0
     4   5   3   250  3.3900e+22     19.86    0.2879  1.8352e+01  1.1653e+01  1.5749e+00    0.0747     26.93    1.4752      1.9596    0      0
     4   5   3   250  3.3900e+22     21.64    0.3136  1.8352e+01  1.0326e+01  1.7772e+00    0.1109     29.92    1.4461      1.9515    0      0
     4   5   3   250  3.3900e+22     23.59    0.3419  1.8352e+01  1.0326e+01  1.7772e+00    0.1133     29.92    1.5766      2.1824    0      0
     4   5   3   250  3.3900e+22     25.81    0.3740  1.8352e+01  8.9090e+00  2.0599e+00    0.1647     33.18    1.5557      2.2045    0      0
     4   5   3   250  3.3900e+22     27.10    0.3927  1.8352e+01  7.5833e+00  2.4200e+00    0.2185     36.21    1.4967      1.9900    1      0
     4   5   3   250  3.3900e+22     28.34    0.4108  1.8352e+01  7.5833e+00  2.4200e+00    0.2241     36.21    1.5655      2.1854    1      0
     4   5   3   250  3.3900e+22     31.32    0.4540  1.8352e+01  6.4604e+00  2.8407e+00    0.2876     38.68    1.6196      2.3026    1      0
     4   5   3   250  3.3900e+22     34.77    0.5039  1.8352e+01  5.3907e+00  3.4043e+00    0.3595     41.04    1.6943      2.4222    1      0
     4   5   3   250  3.3900e+22     38.22    0.5540  1.8352e+01  4.3672e+00  4.2022e+00    0.4407     43.33    1.7644      2.5777    1      0
     4   5   3   250  3.3900e+22     38.75    0.5616  1.8352e+01  4.3672e+00  4.2022e+00    0.4410     43.33    1.7886      2.6166    1      0
     4   5   3   250  3.3900e+22     43.50    0.6304  1.8352e+01  2.5776e+00  7.1196e+00    0.6156     47.37    1.8363      2.7191    1      0
     4   5   3   250  3.3900e+22     43.77    0.6344  1.8352e+01  2.5776e+00  7.1196e+00    0.6161     47.37    1.8480      2.7498    1      0
     4   5   3   250  3.3900e+22     49.67    0.7199  1.8352e+01  1.1609e+00  1.5809e+01    0.7972     50.41    1.9705      2.9904    1      0
     4   5   3   250  3.3900e+22     49.69    0.7202  1.8352e+01  1.1609e+00  1.5809e+01    0.7972     50.41    1.9714      2.9904    1      0
     4   5   3   250  3.3900e+22     54.39    0.7883  1.8352e+01  3.8548e-01  4.7607e+01    0.9213     52.05    2.0898      3.2397    1      0
     4   5   3   250  3.3900e+22     58.44    0.8470  1.8352e+01  1.9931e-01  9.2076e+01    0.9584     52.45    2.2286      3.6303    1      0
     4   5   3   250  3.3900e+22     62.09    0.8998  1.8352e+01  9.0868e-02  2.0196e+02    0.9813     52.68    2.3571      4.0181    1      0
     4   5   3   250  3.3900e+22     65.65    0.9514  1.8352e+01  3.4202e-02  5.3657e+02    0.9943     52.80    2.4867      4.3775    1      0
     4   5   3   250  3.3900e+22     69.00    1.0000  1.8352e+01  1.1823e-02  1.5522e+03    1.0000     52.85    2.6114      4.8380    1      0
     4   5   3   350  3.3900e+22     18.98    0.2530  2.8642e+01  1.8762e+01  1.5266e+00    0.0659     27.17    1.3966      1.8525    0      0
     4   5   3   350  3.3900e+22     20.54    0.2739  2.8642e+01  1.8762e+01  1.5266e+00    0.0676     27.17    1.5118      2.0311    0      0
     4   5   3   350  3.3900e+22     22.31    0.2975  2.8642e+01  1.6711e+01  1.7139e+00    0.1018     30.32    1.4714      1.9882    0      0
     4   5   3   350  3.3900e+22     24.31    0.3241  2.8642e+01  1.4478e+01  1.9783e+00    0.1482     33.75    1.4404      1.9514    0      0
     4   5   3   350  3.3900e+22     26.54    0.3538  2.8642e+01  1.4478e+01  1.9783e+00    0.1515     33.75    1.5723      2.1592    0      0
     4   5   3   350  3.3900e+22     29.10    0.3880  2.8642e+01  1.2356e+01  2.3182e+00    0.2095     36.96    1.5745      2.1824    1      0
     4   5   3   350  3.3900e+22     32.07    0.4275  2.8642e+01  1.0540e+01  2.7174e+00    0.2709     39.59    1.6198      2.2864    1      0
     4   5   3   350  3.3900e+22     32.51    0.4334  2.8642e+01  1.0540e+01  2.7174e+00    0.2716     39.59    1.6420      2.3822    1      0
     4   5   3   350  3.3900e+22     35.52    0.4736  2.8642e+01  8.8146e+00  3.2495e+00    0.3408     42.10    1.6876      2.4363    1      0
     4   5   3   350  3.3900e+22     39.59    0.5279  2.8642e+01  5.6801e+00  5.0426e+00    0.4974     46.68    1.6963      2.4467    1      0
     4   5   3   350  3.3900e+22     39.68    0.5291  2.8642e+01  5.6801e+00  5.0426e+00    0.4974     46.68    1.6999      2.4467    1      0
     4   5   3   350  3.3900e+22     44.73    0.5965  2.8642e+01  4.4451e+00  6.4436e+00    0.5791     48.45    1.8466      2.7911    1      0
     4   5   3   350  3.3900e+22     44.79    0.5972  2.8642e+01  4.4451e+00  6.4436e+00    0.5791     48.45    1.8490      2.7911    1      0
     4   5   3   350  3.3900e+22     51.03    0.6804  2.8642e+01  1.5834e+00  1.8090e+01    0.8061     52.29    1.9517      2.8985    1      0
     4   5   3   350  3.3900e+22     51.80    0.6906  2.8642e+01  1.5834e+00  1.8090e+01    0.8093     52.29    1.9809      3.0407    1      0
     4   5   3   350  3.3900e+22     55.66    0.7421  2.8642e+01  1.0507e+00  2.7261e+01    0.8657     53.01    2.1000      3.3141    1      0
     4   5   3   350  3.3900e+22     59.71    0.7962  2.8642e+01  6.7319e-01  4.2547e+01    0.9094     53.52    2.2316      3.6458    1      0
     4   5   3   350  3.3900e+22     63.80    0.8507  2.8642e+01  2.1688e-01  1.3207e+02    0.9689     54.14    2.3572      4.0290    1      0
     4   5   3   350  3.3900e+22     67.47    0.8996  2.8642e+01  1.1279e-01  2.5394e+02    0.9850     54.28    2.4857      4.4327    1      0
     4   5   3   350  3.3900e+22     71.06    0.9475  2.8642e+01  5.6524e-02  5.0673e+02    0.9944     54.36    2.6143      4.8401    1      0
     4   5   3   350  3.3900e+22     74.62    0.9949  2.8642e+01  2.5791e-02  1.1106e+03    1.0000     54.41    2.7429      5.3230    1      0
     4   5   3   350  3.3900e+22     75.00    1.0000  2.8642e+01  2.5791e-02  1.1106e+03    1.0000     54.41    2.7570      5.3778    1      0
     4   5   3   500  3.3900e+22     29.15    0.3238  2.0173e+01  1.0045e+01  2.0082e+00    0.1590     38.44    1.5163      2.0802    0      0
     4   5   3   500  3.3900e+22     31.89    0.3544  2.0173e+01  8.7570e+00  2.3037e+00    0.2096     41.43    1.5397      2.1671    1      0
     4   5   3   500  3.3900e+22     35.08    0.3898  2.0173e+01  7.5104e+00  2.6861e+00    0.2680     44.25    1.5855      2.2590    1      0
     4   5   3   500  3.3900e+22     36.35    0.4039  2.0173e+01  6.3190e+00  3.1925e+00    0.3300     46.94    1.5489      2.1754    1      0
     4   5   3   500  3.3900e+22     38.75    0.4305  2.0173e+01  6.3190e+00  3.1925e+00    0.3338     46.94    1.6510      2.3914    1      0
     4   5   3   500  3.3900e+22     43.25    0.4806  2.0173e+01  4.2770e+00  4.7167e+00    0.4724     51.15    1.6912      2.4638    1      0
     4   5   3   500  3.3900e+22     43.99    0.4888  2.0173e+01  4.2770e+00  4.7167e+00    0.4733     51.15    1.7201      2.5193    1      0
     4   5   3   500  3.3900e+22     49.08    0.5453  2.0173e+01  2.6293e+00  7.6724e+00    0.6195     54.46    1.8025      2.6669    1      0
     4   5   3   500  3.3900e+22     51.10    0.5678  2.0173e+01  2.0030e+00  1.0071e+01    0.6852     55.74    1.8335      2.7100    1      0
     4   5   3   500  3.3900e+22     55.92    0.6213  2.0173e+01  1.5173e+00  1.3295e+01    0.7471     56.73    1.9714      3.0416    1      0
     4   5   3   500  3.3900e+22     57.63    0.6403  2.0173e+01  1.1350e+00  1.7773e+01    0.7969     57.51    2.0041      3.0911    1      0
     4   5   3   500  3.3900e+22     61.06    0.6785  2.0173e+01  8.1929e-01  2.4623e+01    0.8442     58.16    2.1000      3.3345    1      0
     4   5   3   500  3.3900e+22     65.39    0.7265  2.0173e+01  5.6210e-01  3.5889e+01    0.8863     58.68    2.2286      3.6520    1      0
     4   5   3   500  3.3900e+22     69.90    0.7766  2.0173e+01  2.5607e-01  7.8780e+01    0.9422     59.31    2.3571      4.0073    1      0
     4   5   3   500  3.3900e+22     73.94    0.8216  2.0173e+01  1.6400e-01  1.2301e+02    0.9620     59.50    2.4857      4.4068    1      0
     4   5   3   500  3.3900e+22     77.98    0.8665  2.0173e+01  1.0153e-01  1.9870e+02    0.9763     59.62    2.6159      4.8322    1      0
     4   5   3   500  3.3900e+22     81.95    0.9106  2.0173e+01  3.6868e-02  5.4718e+02    0.9926     59.76    2.7429      5.3379    1      0
     4   5   3   500  3.3900e+22     85.84    0.9538  2.0173e+01  2.1109e-02  9.5568e+02    0.9971     59.79    2.8714      5.7864    1      0
     4   5   3   500  3.3900e+22     89.71    0.9968  2.0173e+01  1.1713e-02  1.7224e+03    1.0000     59.81    3.0000      6.2937    1      0
     4   5   3   500  3.3900e+22     90.00    1.0000  2.0173e+01  1.1713e-02  1.7224e+03    1.0000     59.81    3.0097      6.3207    1      0
     4   5   4    SD  3.3900e+22     10.02    0.1193  2.0070e+22  1.7575e+22  1.1419e+00    0.0057     16.33    1.2276      1.5831    0      0
     4   5   4    SD  3.3900e+22     12.95    0.1542  2.0070e+22  1.6350e+22  1.2276e+00    0.0134     20.39    1.2704      1.6616    0      0
     4   5   4    SD  3.3900e+22     14.90    0.1774  2.0070e+22  1.6350e+22  1.2276e+00    0.0141     20.39    1.4617      1.7967    0      0
     4   5   4    SD  3.3900e+22     16.86    0.2008  2.0070e+22  1.5122e+22  1.3272e+00    0.0258     23.88    1.4124      1.8323    0      0
     4   5   4    SD  3.3900e+22     18.28    0.2177  2.0070e+22  1.3856e+22  1.4484e+00    0.0414     27.00    1.3545      1.7870    0      0
     4   5   4    SD  3.3900e+22     19.04    0.2267  2.0070e+22  1.3856e+22  1.4484e+00    0.0422     27.00    1.4106      1.8711    0      0
     4   5   4    SD  3.3900e+22     19.84    0.2362  2.0070e+22  1.3856e+22  1.4484e+00    0.0429     27.00    1.4697      1.9553    0      0
     4   5   4    SD  3.3900e+22     21.59    0.2570  2.0070e+22  1.2606e+22  1.5921e+00    0.0631     30.06    1.4365      1.8758    0      0
     4   5   4    SD  3.3900e+22     23.52    0.2800  2.0070e+22  1.2606e+22  1.5921e+00    0.0653     30.06    1.5651      2.1729    0      0
     4   5   4    SD  3.3900e+22     25.73    0.3063  2.0070e+22  1.1268e+22  1.7812e+00    0.0948     33.33    1.5438      2.1300    0      0
     4   5   4    SD  3.3900e+22     28.21    0.3358  2.0070e+22  9.9834e+21  2.0103e+00    0.1301     36.45    1.5478      2.1143    0      0
     4   5   4    SD  3.3900e+22     31.10    0.3702  2.0070e+22  8.9121e+21  2.2520e+00    0.1676     38.99    1.5951      2.2349    0      0
     4   5   4    SD  3.3900e+22     34.47    0.4103  2.0070e+22  7.8935e+21  2.5426e+00    0.2104     41.41    1.6649      2.3991    1      0
     4   5   4    SD  3.3900e+22     38.42    0.4573  2.0070e+22  6.9441e+21  2.8902e+00    0.2569     43.68    1.7591      2.5612    1      0
     4   5   4    SD  3.3900e+22     39.00    0.4643  2.0070e+22  6.9441e+21  2.8902e+00    0.2570     43.68    1.7858      2.5999    1      0
     4   5   4    SD  3.3900e+22     43.25    0.5149  2.0070e+22  5.2974e+21  3.7887e+00    0.3559     47.63    1.8163      2.6856    1      0
     4   5   4    SD  3.3900e+22     44.60    0.5309  2.0070e+22  5.2974e+21  3.7887e+00    0.3566     47.63    1.8728      2.7778    1      0
     4   5   4    SD  3.3900e+22     49.22    0.5859  2.0070e+22  3.8809e+21  5.1716e+00    0.4681     50.83    1.9367      2.9051    1      0
     4   5   4    SD  3.3900e+22     51.42    0.6121  2.0070e+22  3.2803e+21  6.1184e+00    0.5243     52.17    1.9711      2.9422    1      0
     4   5   4    SD  3.3900e+22     56.62    0.6740  2.0070e+22  2.7520e+21  7.2930e+00    0.5829     53.36    2.1221      3.2678    1      0
     4   5   4    SD  3.3900e+22     56.77    0.6759  2.0070e+22  2.7520e+21  7.2930e+00    0.5829     53.36    2.1281      3.2678    1      0
     4   5   4    SD  3.3900e+22     63.13    0.7515  2.0070e+22  1.2980e+21  1.5462e+01    0.7696     56.73    2.2256      3.3364    1      0
     4   5   4    SD  3.3900e+22     65.36    0.7781  2.0070e+22  1.2980e+21  1.5462e+01    0.7725     56.73    2.3044      3.5440    1      0
     4   5   4    SD  3.3900e+22     68.73    0.8182  2.0070e+22  8.6883e+20  2.3100e+01    0.8401     57.73    2.3811      3.7113    1      0
     4   5   4    SD  3.3900e+22     73.50    0.8750  2.0070e+22  2.6442e+20  7.5901e+01    0.9468     59.14    2.4857      3.8829    1      0
     4   5   4    SD  3.3900e+22     77.78    0.9260  2.0070e+22  1.1097e+20  1.8086e+02    0.9780     59.50    2.6146      4.2062    1      0
     4   5   4    SD  3.3900e+22     81.92    0.9752  2.0070e+22  1.1458e+19  1.7516e+03    0.9999     59.73    2.7428      4.6479    1      0
     4   5   4    SD  3.3900e+22     84.00    1.0000  2.0070e+22  1.1458e+19  1.7516e+03    1.0000     59.73    2.8126      4.8372    1      0
     4   5   4   250  3.3900e+22     12.04    0.1338  1.5230e+01  1.3106e+01  1.1621e+00    0.0078     20.73    1.1617      1.4556    0      0
     4   5   4   250  3.3900e+22     18.90    0.2100  1.5230e+01  1.1512e+01  1.3230e+00    0.0286     27.83    1.3581      1.7200    0      0
     4   5   4   250  3.3900e+22     20.43    0.2270  1.5230e+01  1.1512e+01  1.3230e+00    0.0299     27.83    1.4680      1.9704    0      0
     4   5   4   250  3.3900e+22     22.13    0.2459  1.5230e+01  1.0661e+01  1.4286e+00    0.0461     31.26    1.4162      1.9172    0      0
     4   5   4   250  3.3900e+22     23.94    0.2660  1.5230e+01  1.0661e+01  1.4286e+00    0.0466     31.26    1.5320      2.0691    0      0
     4   5   4   250  3.3900e+22     26.05    0.2894  1.5230e+01  9.7122e+00  1.5681e+00    0.0703     34.96    1.4901      2.0704    0      0
     4   5   4   250  3.3900e+22     28.36    0.3151  1.5230e+01  8.7679e+00  1.7370e+00    0.0993     38.46    1.4748      2.0296    0      0
     4   5   4   250  3.3900e+22     31.00    0.3444  1.5230e+01  7.9523e+00  1.9152e+00    0.1304     41.42    1.4967      2.0813    0      0
     4   5   4   250  3.3900e+22     33.98    0.3776  1.5230e+01  7.1548e+00  2.1287e+00    0.1667     44.25    1.5358      2.1460    0      0
     4   5   4   250  3.3900e+22     37.49    0.4165  1.5230e+01  6.3905e+00  2.3832e+00    0.2085     46.95    1.5971      2.2678    1      0
     4   5   4   250  3.3900e+22     41.59    0.4621  1.5230e+01  5.6527e+00  2.6943e+00    0.2556     49.39    1.6843      2.4304    1      0
     4   5   4   250  3.3900e+22     44.91    0.4990  1.5230e+01  5.0139e+00  3.0375e+00    0.3021     51.41    1.7472      2.5785    1      0
     4   5   4   250  3.3900e+22     46.47    0.5164  1.5230e+01  4.3872e+00  3.4715e+00    0.3529     53.39    1.7409      2.5175    1      0
     4   5   4   250  3.3900e+22     52.29    0.5810  1.5230e+01  3.2119e+00  4.7418e+00    0.4695     57.12    1.8309      2.6574    1      0
     4   5   4   250  3.3900e+22     53.13    0.5903  1.5230e+01  3.2119e+00  4.7418e+00    0.4705     57.12    1.8603      2.7408    1      0
     4   5   4   250  3.3900e+22     59.15    0.6572  1.5230e+01  2.2558e+00  6.7514e+00    0.5899     60.18    1.9656      2.9279    1      0
     4   5   4   250  3.3900e+22     59.88    0.6653  1.5230e+01  2.2558e+00  6.7514e+00    0.5901     60.18    1.9897      2.9940    1      0
     4   5   4   250  3.3900e+22     67.34    0.7482  1.5230e+01  9.5865e-01  1.5887e+01    0.7947     64.95    2.0734      3.1057    1      0
     4   5   4   250  3.3900e+22     68.55    0.7617  1.5230e+01  9.5865e-01  1.5887e+01    0.7957     64.95    2.1108      3.2353    1      0
     4   5   4   250  3.3900e+22     75.47    0.8386  1.5230e+01  2.1433e-01  7.1058e+01    0.9461     67.73    2.2286      3.4600    1      0
     4   5   4   250  3.3900e+22     80.30    0.8922  1.5230e+01  1.0797e-01  1.4106e+02    0.9727     68.13    2.3571      3.8109    1      0
     4   5   4   250  3.3900e+22     85.09    0.9455  1.5230e+01  1.9479e-02  7.8186e+02    0.9962     68.46    2.4857      4.2373    1      0
     4   5   4   250  3.3900e+22     89.55    0.9950  1.5230e+01  6.8944e-03  2.2090e+03    1.0000     68.51    2.6143      4.6642    1      0
     4   5   4   250  3.3900e+22     90.00    1.0000  1.5230e+01  6.8944e-03  2.2090e+03    1.0000     68.51    2.6273      4.6975    1      0
     4   5   4   350  3.3900e+22     19.23    0.2003  2.4134e+01  1.8400e+01  1.3116e+00    0.0280     27.78    1.3842      1.8825    0      0
     4   5   4   350  3.3900e+22     20.79    0.2166  2.4134e+01  1.8400e+01  1.3116e+00    0.0282     27.78    1.4966      1.9748    0      0
     4   5   4   350  3.3900e+22     22.50    0.2343  2.4134e+01  1.7087e+01  1.4124e+00    0.0436     31.22    1.4413      1.9199    0      0
     4   5   4   350  3.3900e+22     24.35    0.2536  2.4134e+01  1.5616e+01  1.5455e+00    0.0650     34.96    1.3929      1.8733    0      0
     4   5   4   350  3.3900e+22     26.46    0.2756  2.4134e+01  1.5616e+01  1.5455e+00    0.0665     34.96    1.5137      2.0701    0      0
     4   5   4   350  3.3900e+22     28.84    0.3004  2.4134e+01  1.4138e+01  1.7070e+00    0.0948     38.52    1.4974      2.0719    0      0
     4   5   4   350  3.3900e+22     30.08    0.3133  2.4134e+01  1.2849e+01  1.8783e+00    0.1226     41.57    1.4472      1.9566    0      0
     4   5   4   350  3.3900e+22     31.46    0.3277  2.4134e+01  1.2849e+01  1.8783e+00    0.1250     41.57    1.5136      2.1134    0      0
     4   5   4   350  3.3900e+22     34.51    0.3595  2.4134e+01  1.1576e+01  2.0848e+00    0.1609     44.49    1.5516      2.2034    0      0
     4   5   4   350  3.3900e+22     37.03    0.3858  2.4134e+01  1.0345e+01  2.3330e+00    0.2009     47.30    1.5657      2.2144    1      0
     4   5   4   350  3.3900e+22     37.99    0.3958  2.4134e+01  1.0345e+01  2.3330e+00    0.2018     47.30    1.6064      2.3134    1      0
     4   5   4   350  3.3900e+22     42.07    0.4382  2.4134e+01  8.1029e+00  2.9784e+00    0.2913     51.95    1.6197      2.2624    1      0
     4   5   4   350  3.3900e+22     44.88    0.4675  2.4134e+01  8.1029e+00  2.9784e+00    0.2947     51.95    1.7278      2.5424    1      0
     4   5   4   350  3.3900e+22     46.89    0.4885  2.4134e+01  7.0750e+00  3.4111e+00    0.3464     54.04    1.7353      2.5396    1      0
     4   5   4   350  3.3900e+22     52.65    0.5484  2.4134e+01  5.1508e+00  4.6855e+00    0.4637     57.95    1.8169      2.6713    1      0
     4   5   4   350  3.3900e+22     54.51    0.5678  2.4134e+01  4.3495e+00  5.5486e+00    0.5203     59.58    1.8298      2.6544    1      0
     4   5   4   350  3.3900e+22     59.58    0.6206  2.4134e+01  3.6300e+00  6.6485e+00    0.5804     61.19    1.9472      2.9304    1      0
     4   5   4   350  3.3900e+22     62.08    0.6467  2.4134e+01  2.9331e+00  8.2282e+00    0.6420     62.81    1.9766      2.9961    1      0
     4   5   4   350  3.3900e+22     68.58    0.7144  2.4134e+01  1.7125e+00  1.4093e+01    0.7663     65.65    2.0892      3.2354    1      0
     4   5   4   350  3.3900e+22     70.06    0.7298  2.4134e+01  1.2568e+00  1.9202e+01    0.8187     66.72    2.1000      3.2324    1      0
     4   5   4   350  3.3900e+22     76.15    0.7932  2.4134e+01  5.7055e-01  4.2299e+01    0.9088     68.34    2.2286      3.5209    1      0
     4   5   4   350  3.3900e+22     81.53    0.8493  2.4134e+01  2.1632e-01  1.1157e+02    0.9629     69.18    2.3572      3.8659    1      0
     4   5   4   350  3.3900e+22     86.25    0.8985  2.4134e+01  1.2116e-01  1.9919e+02    0.9797     69.40    2.4857      4.2619    1      0
     4   5   4   350  3.3900e+22     90.99    0.9478  2.4134e+01  3.1243e-02  7.7245e+02    0.9965     69.61    2.6143      4.6794    1      0
     4   5   4   350  3.3900e+22     95.52    0.9950  2.4134e+01  1.4744e-02  1.6369e+03    1.0000     69.65    2.7429      5.1448    1      0
     4   5   4   350  3.3900e+22     96.00    1.0000  2.4134e+01  1.4744e-02  1.6369e+03    1.0000     69.65    2.7566      5.1901    1      0
     4   5   4   500  3.3900e+22     28.35    0.2625  1.8033e+01  1.1386e+01  1.5837e+00    0.0761     39.37    1.4403      1.9724    0      0
     4   5   4   500  3.3900e+22     30.83    0.2854  1.8033e+01  1.0447e+01  1.7260e+00    0.1016     42.68    1.4447      1.9702    0      0
     4   5   4   500  3.3900e+22     32.68    0.3026  1.8033e+01  1.0447e+01  1.7260e+00    0.1031     42.68    1.5316      2.1753    0      0
     4   5   4   500  3.3900e+22     33.56    0.3107  1.8033e+01  9.4991e+00  1.8984e+00    0.1331     45.88    1.4629      2.0374    0      0
     4   5   4   500  3.3900e+22     36.67    0.3396  1.8033e+01  8.5592e+00  2.1068e+00    0.1702     48.92    1.4994      2.1223    0      0
     4   5   4   500  3.3900e+22     38.96    0.3608  1.8033e+01  8.5592e+00  2.1068e+00    0.1713     48.92    1.5929      2.2663    0      0
     4   5   4   500  3.3900e+22     40.22    0.3724  1.8033e+01  7.6256e+00  2.3648e+00    0.2125     51.67    1.5567      2.1770    1      0
     4   5   4   500  3.3900e+22     44.37    0.4108  1.8033e+01  6.7983e+00  2.6525e+00    0.2572     54.10    1.6400      2.3574    1      0
     4   5   4   500  3.3900e+22     49.19    0.4555  1.8033e+01  5.1498e+00  3.5016e+00    0.3614     58.83    1.6724      2.3872    1      0
     4   5   4   500  3.3900e+22     52.07    0.4821  1.8033e+01  4.4248e+00  4.0753e+00    0.4171     61.01    1.7070      2.4538    1      0
     4   5   4   500  3.3900e+22     55.03    0.5095  1.8033e+01  3.7871e+00  4.7616e+00    0.4715     63.04    1.7457      2.5117    1      0
     4   5   4   500  3.3900e+22     61.64    0.5707  1.8033e+01  2.6825e+00  6.7222e+00    0.5828     66.57    1.8520      2.7573    1      0
     4   5   4   500  3.3900e+22     62.36    0.5774  1.8033e+01  2.6825e+00  6.7222e+00    0.5833     66.57    1.8736      2.8216    1      0
     4   5   4   500  3.3900e+22     69.39    0.6425  1.8033e+01  1.3865e+00  1.3006e+01    0.7440     70.67    1.9639      2.9876    1      0
     4   5   4   500  3.3900e+22     72.67    0.6729  1.8033e+01  1.0669e+00  1.6903e+01    0.7925     71.68    2.0276      3.1574    1      0
     4   5   4   500  3.3900e+22     76.00    0.7037  1.8033e+01  8.0339e-01  2.2446e+01    0.8354     72.52    2.0959      3.3096    1      0
     4   5   4   500  3.3900e+22     82.12    0.7604  1.8033e+01  4.3334e-01  4.1613e+01    0.9027     73.70    2.2286      3.6479    1      0
     4   5   4   500  3.3900e+22     87.70    0.8121  1.8033e+01  2.0926e-01  8.6172e+01    0.9495     74.41    2.3571      4.0182    1      0
     4   5   4   500  3.3900e+22     92.94    0.8605  1.8033e+01  1.3888e-01  1.2985e+02    0.9661     74.64    2.4903      4.3993    1      0
     4   5   4   500  3.3900e+22     97.90    0.9065  1.8033e+01  5.8492e-02  3.0829e+02    0.9864     74.90    2.6143      4.8247    1      0
     4   5   4   500  3.3900e+22    102.88    0.9526  1.8033e+01  2.0605e-02  8.7517e+02    0.9972     75.02    2.7428      5.3037    1      0
     4   5   4   500  3.3900e+22    107.74    0.9976  1.8033e+01  1.1798e-02  1.5284e+03    1.0000     75.04    2.8714      5.7827    1      0
     4   5   4   500  3.3900e+22    108.00    1.0000  1.8033e+01  1.1798e-02  1.5284e+03    1.0000     75.04    2.8783      5.7884    1      0
     4   5   5    SD  3.3900e+22     11.57    0.1015  1.4312e+22  1.3298e+22  1.0762e+00    0.0019     16.60    1.3941      1.7662    0      0
     4   5   5    SD  3.3900e+22     20.19    0.1771  1.4312e+22  1.1589e+22  1.2350e+00    0.0149     27.90    1.4471      1.9597    0      0
     4   5   5    SD  3.3900e+22     23.01    0.2018  1.4312e+22  1.0962e+22  1.3056e+00    0.0231     31.35    1.4675      1.9826    0      0
     4   5   5    SD  3.3900e+22     24.96    0.2190  1.4312e+22  1.0234e+22  1.3985e+00    0.0349     35.27    1.4154      1.9066    0      0
     4   5   5    SD  3.3900e+22     27.05    0.2372  1.4312e+22  9.5050e+21  1.5057e+00    0.0491     38.89    1.3908      1.8287    0      0
     4   5   5    SD  3.3900e+22     29.39    0.2578  1.4312e+22  9.5050e+21  1.5057e+00    0.0508     38.89    1.5114      2.0474    0      0
     4   5   5    SD  3.3900e+22     32.08    0.2814  1.4312e+22  8.8505e+21  1.6171e+00    0.0678     42.07    1.5251      2.1223    0      0
     4   5   5    SD  3.3900e+22     35.09    0.3078  1.4312e+22  8.1978e+21  1.7458e+00    0.0881     45.20    1.5526      2.1984    0      0
     4   5   5    SD  3.3900e+22     36.60    0.3211  1.4312e+22  7.5568e+21  1.8939e+00    0.1105     48.23    1.5180      2.1343    0      0
     4   5   5    SD  3.3900e+22     38.52    0.3379  1.4312e+22  7.5568e+21  1.8939e+00    0.1115     48.23    1.5974      2.3116    0      0
     4   5   5    SD  3.3900e+22     42.43    0.3722  1.4312e+22  6.3623e+21  2.2495e+00    0.1646     53.15    1.5967      2.2562    0      0
     4   5   5    SD  3.3900e+22     47.04    0.4126  1.4312e+22  5.8052e+21  2.4654e+00    0.1968     55.44    1.6968      2.4789    0      0
     4   5   5    SD  3.3900e+22     49.16    0.4312  1.4312e+22  5.2460e+21  2.7282e+00    0.2315     57.75    1.7026      2.4424    1      0
     4   5   5    SD  3.3900e+22     52.54    0.4608  1.4312e+22  4.7562e+21  3.0091e+00    0.2671     59.76    1.7582      2.5697    1      0
     4   5   5    SD  3.3900e+22     58.31    0.5115  1.4312e+22  3.9258e+21  3.6456e+00    0.3369     63.54    1.8353      2.7326    1      0
     4   5   5    SD  3.3900e+22     59.14    0.5188  1.4312e+22  3.9258e+21  3.6456e+00    0.3371     63.54    1.8616      2.7676    1      0
     4   5   5    SD  3.3900e+22     67.44    0.5915  1.4312e+22  2.8288e+21  5.0593e+00    0.4543     68.57    1.9668      2.9797    1      0
     4   5   5    SD  3.3900e+22     67.66    0.5935  1.4312e+22  2.8288e+21  5.0593e+00    0.4543     68.57    1.9732      2.9797    1      0
     4   5   5    SD  3.3900e+22     75.34    0.6608  1.4312e+22  1.9605e+21  7.3002e+00    0.5745     72.58    2.0760      3.1629    1      0
     4   5   5    SD  3.3900e+22     77.91    0.6834  1.4312e+22  1.9605e+21  7.3002e+00    0.5756     72.58    2.1469      3.3403    1      0
     4   5   5    SD  3.3900e+22     83.37    0.7313  1.4312e+22  1.4815e+21  9.6606e+00    0.6567     74.82    2.2286      3.4970    1      0
     4   5   5    SD  3.3900e+22     90.95    0.7978  1.4312e+22  8.1913e+20  1.7472e+01    0.7899     77.92    2.3345      3.6374    1      0
     4   5   5    SD  3.3900e+22     91.83    0.8055  1.4312e+22  8.1913e+20  1.7472e+01    0.7905     77.92    2.3571      3.7251    1      0
     4   5   5    SD  3.3900e+22     99.67    0.8743  1.4312e+22  2.4995e+20  5.7259e+01    0.9288     80.61    2.4731      3.8630    1      0
     4   5   5    SD  3.3900e+22    106.58    0.9349  1.4312e+22  5.2939e+19  2.7035e+02    0.9850     81.54    2.6143      4.2577    1      0
     4   5   5    SD  3.3900e+22    112.11    0.9834  1.4312e+22  5.2870e+18  2.7070e+03    1.0000     81.76    2.7425      4.6432    1      0
     4   5   5    SD  3.3900e+22    114.00    1.0000  1.4312e+22  5.2870e+18  2.7070e+03    1.0000     81.76    2.7886      4.7656    1      0
     4   5   5   250  3.3900e+22     13.95    0.1192  1.2062e+01  1.1057e+01  1.0908e+00    0.0031     21.02    1.3272      1.7203    0      0
     4   5   5   250  3.3900e+22     25.00    0.2137  1.2062e+01  9.2122e+00  1.3093e+00    0.0267     36.45    1.3716      1.8328    0      0
     4   5   5   250  3.3900e+22     26.97    0.2305  1.2062e+01  9.2122e+00  1.3093e+00    0.0272     36.45    1.4798      2.0298    0      0
     4   5   5   250  3.3900e+22     29.15    0.2491  1.2062e+01  8.6422e+00  1.3957e+00    0.0398     40.33    1.4457      1.9574    0      0
     4   5   5   250  3.3900e+22     31.65    0.2705  1.2062e+01  8.1168e+00  1.4860e+00    0.0540     43.81    1.4449      1.9804    0      0
     4   5   5   250  3.3900e+22     34.40    0.2940  1.2062e+01  7.5815e+00  1.5909e+00    0.0715     47.28    1.4553      2.0489    0      0
     4   5   5   250  3.3900e+22     34.44    0.2944  1.2062e+01  7.5815e+00  1.5909e+00    0.0715     47.28    1.4571      2.0489    0      0
     4   5   5   250  3.3900e+22     37.46    0.3202  1.2062e+01  7.0451e+00  1.7120e+00    0.0919     50.30    1.4895      2.0739    0      0
     4   5   5   250  3.3900e+22     40.98    0.3503  1.2062e+01  6.5041e+00  1.8545e+00    0.1164     53.23    1.5396      2.1988    0      0
     4   5   5   250  3.3900e+22     45.01    0.3847  1.2062e+01  5.5342e+00  2.1795e+00    0.1682     58.36    1.5426      2.1375    0      0
     4   5   5   250  3.3900e+22     46.92    0.4010  1.2062e+01  5.5342e+00  2.1795e+00    0.1697     58.36    1.6079      2.2972    0      0
     4   5   5   250  3.3900e+22     49.69    0.4247  1.2062e+01  5.0403e+00  2.3930e+00    0.2026     61.04    1.6280      2.3395    1      0
     4   5   5   250  3.3900e+22     55.26    0.4723  1.2062e+01  4.2095e+00  2.8653e+00    0.2684     65.79    1.6799      2.4298    1      0
     4   5   5   250  3.3900e+22     56.56    0.4835  1.2062e+01  4.2095e+00  2.8653e+00    0.2689     65.79    1.7197      2.5151    1      0
     4   5   5   250  3.3900e+22     62.05    0.5304  1.2062e+01  3.5000e+00  3.4462e+00    0.3384     69.77    1.7789      2.6593    1      0
     4   5   5   250  3.3900e+22     67.97    0.5810  1.2062e+01  2.8355e+00  4.2538e+00    0.4167     73.49    1.8500      2.7675    1      0
     4   5   5   250  3.3900e+22     70.33    0.6012  1.2062e+01  2.5494e+00  4.7311e+00    0.4552     75.09    1.8734      2.8259    1      0
     4   5   5   250  3.3900e+22     77.26    0.6604  1.2062e+01  2.0028e+00  6.0224e+00    0.5390     78.14    1.9774      3.0225    1      0
     4   5   5   250  3.3900e+22     80.44    0.6875  1.2062e+01  1.7595e+00  6.8552e+00    0.5808     79.49    2.0239      3.0877    1      0
     4   5   5   250  3.3900e+22     87.00    0.7436  1.2062e+01  1.2961e+00  9.3062e+00    0.6698     82.06    2.1203      3.2674    1      0
     4   5   5   250  3.3900e+22     92.50    0.7906  1.2062e+01  8.5370e-01  1.4129e+01    0.7671     84.58    2.1874      3.3833    1      0
     4   5   5   250  3.3900e+22     96.85    0.8278  1.2062e+01  4.7714e-01  2.5279e+01    0.8606     86.92    2.2286      3.4391    1      0
     4   5   5   250  3.3900e+22    104.95    0.8970  1.2062e+01  1.9037e-01  6.3360e+01    0.9416     88.70    2.3664      3.7537    1      0
     4   5   5   250  3.3900e+22    111.52    0.9532  1.2062e+01  2.3866e-02  5.0539e+02    0.9946     89.73    2.4857      4.0887    1      0
     4   5   5   250  3.3900e+22    117.00    1.0000  1.2062e+01  9.3457e-03  1.2906e+03    1.0000     89.82    2.6052      4.4723    1      0
     4   5   5   350  3.3900e+22     21.80    0.1773  1.9161e+01  1.5502e+01  1.2360e+00    0.0166     31.98    1.3638      1.8021    0      0
     4   5   5   350  3.3900e+22     25.12    0.2043  1.9161e+01  1.4638e+01  1.3090e+00    0.0261     36.18    1.3887      1.8509    0      0
     4   5   5   350  3.3900e+22     27.12    0.2205  1.9161e+01  1.3749e+01  1.3936e+00    0.0375     40.03    1.3552      1.7680    0      0
     4   5   5   350  3.3900e+22     29.34    0.2386  1.9161e+01  1.3749e+01  1.3936e+00    0.0388     40.03    1.4662      1.9760    0      0
     4   5   5   350  3.3900e+22     31.87    0.2591  1.9161e+01  1.2929e+01  1.4820e+00    0.0527     43.51    1.4651      1.9978    0      0
     4   5   5   350  3.3900e+22     34.66    0.2818  1.9161e+01  1.2092e+01  1.5846e+00    0.0697     46.97    1.4757      2.0652    0      0
     4   5   5   350  3.3900e+22     37.75    0.3069  1.9161e+01  1.1251e+01  1.7030e+00    0.0898     50.06    1.5081      2.1186    0      0
     4   5   5   350  3.3900e+22     41.27    0.3356  1.9161e+01  1.0400e+01  1.8424e+00    0.1137     53.01    1.5572      2.2114    0      0
     4   5   5   350  3.3900e+22     45.37    0.3688  1.9161e+01  8.8650e+00  2.1614e+00    0.1650     58.22    1.5585      2.1650    0      0
     4   5   5   350  3.3900e+22     48.12    0.3912  1.9161e+01  8.0772e+00  2.3722e+00    0.1971     60.95    1.5789      2.1901    0      0
     4   5   5   350  3.3900e+22     50.04    0.4068  1.9161e+01  8.0772e+00  2.3722e+00    0.1990     60.95    1.6420      2.3635    0      0
     4   5   5   350  3.3900e+22     55.63    0.4522  1.9161e+01  6.7433e+00  2.8414e+00    0.2650     65.83    1.6900      2.4603    1      0
     4   5   5   350  3.3900e+22     56.53    0.4596  1.9161e+01  6.7433e+00  2.8414e+00    0.2653     65.83    1.7174      2.5121    1      0
     4   5   5   350  3.3900e+22     62.29    0.5064  1.9161e+01  5.5985e+00  3.4225e+00    0.3350     69.94    1.7812      2.6502    1      0
     4   5   5   350  3.3900e+22     68.85    0.5597  1.9161e+01  4.5240e+00  4.2353e+00    0.4141     73.78    1.8663      2.8200    1      0
     4   5   5   350  3.3900e+22     70.49    0.5731  1.9161e+01  4.0604e+00  4.7189e+00    0.4528     75.43    1.8689      2.8092    1      0
     4   5   5   350  3.3900e+22     78.53    0.6385  1.9161e+01  2.7798e+00  6.8927e+00    0.5787     79.98    1.9638      2.9598    1      0
     4   5   5   350  3.3900e+22     80.55    0.6549  1.9161e+01  2.7798e+00  6.8927e+00    0.5797     79.98    2.0143      3.0752    1      0
     4   5   5   350  3.3900e+22     87.80    0.7138  1.9161e+01  1.7007e+00  1.1266e+01    0.7124     83.78    2.0957      3.2033    1      0
     4   5   5   350  3.3900e+22     92.94    0.7556  1.9161e+01  1.3769e+00  1.3916e+01    0.7590     85.03    2.1860      3.3980    1      0
     4   5   5   350  3.3900e+22     97.10    0.7894  1.9161e+01  8.4127e-01  2.2776e+01    0.8418     87.14    2.2286      3.4717    1      0
     4   5   5   350  3.3900e+22    105.30    0.8561  1.9161e+01  2.8034e-01  6.8348e+01    0.9422     89.35    2.3571      3.7517    1      0
     4   5   5   350  3.3900e+22    111.89    0.9097  1.9161e+01  1.0617e-01  1.8048e+02    0.9787     90.03    2.4857      4.1198    1      0
     4   5   5   350  3.3900e+22    118.06    0.9599  1.9161e+01  3.1286e-02  6.1244e+02    0.9960     90.32    2.6143      4.5214    1      0
     4   5   5   350  3.3900e+22    123.00    1.0000  1.9161e+01  1.5366e-02  1.2470e+03    1.0000     90.38    2.7217      4.8738    1      0
     4   5   5   500  3.3900e+22     26.25    0.1944  1.4892e+01  1.1684e+01  1.2745e+00    0.0226     36.34    1.4443      1.9758    0      0
     4   5   5   500  3.3900e+22     28.39    0.2103  1.4892e+01  1.1038e+01  1.3491e+00    0.0331     40.28    1.4096      1.9175    0      0
     4   5   5   500  3.3900e+22     30.71    0.2275  1.4892e+01  1.0436e+01  1.4270e+00    0.0450     43.86    1.4007      1.9048    0      0
     4   5   5   500  3.3900e+22     33.32    0.2468  1.4892e+01  9.8141e+00  1.5174e+00    0.0596     47.46    1.4040      1.8967    0      0
     4   5   5   500  3.3900e+22     36.17    0.2679  1.4892e+01  9.1820e+00  1.6218e+00    0.0775     50.60    1.4295      1.9468    0      0
     4   5   5   500  3.3900e+22     39.41    0.2920  1.4892e+01  8.5340e+00  1.7450e+00    0.0992     53.73    1.4673      2.0187    0      0
     4   5   5   500  3.3900e+22     42.99    0.3185  1.4892e+01  7.9458e+00  1.8742e+00    0.1225     56.47    1.5227      2.1534    0      0
     4   5   5   500  3.3900e+22     45.62    0.3379  1.4892e+01  7.3424e+00  2.0282e+00    0.1481     59.27    1.5394      2.1353    0      0
     4   5   5   500  3.3900e+22     47.11    0.3490  1.4892e+01  7.3424e+00  2.0282e+00    0.1491     59.27    1.5898      2.2730    0      0
     4   5   5   500  3.3900e+22     51.90    0.3844  1.4892e+01  6.1582e+00  2.4182e+00    0.2108     65.11    1.5940      2.2718    1      0
     4   5   5   500  3.3900e+22     57.49    0.4258  1.4892e+01  5.1738e+00  2.8782e+00    0.2752     69.89    1.6451      2.3528    1      0
     4   5   5   500  3.3900e+22     61.88    0.4584  1.4892e+01  4.7041e+00  3.1657e+00    0.3123     72.15    1.7152      2.5510    1      0
     4   5   5   500  3.3900e+22     64.16    0.4752  1.4892e+01  4.2317e+00  3.5191e+00    0.3514     74.40    1.7247      2.5266    1      0
     4   5   5   500  3.3900e+22     72.20    0.5348  1.4892e+01  3.0369e+00  4.9036e+00    0.4702     80.02    1.8046      2.6415    1      0
     4   5   5   500  3.3900e+22     75.07    0.5561  1.4892e+01  2.6765e+00  5.5639e+00    0.5129     81.69    1.8380      2.7099    1      0
     4   5   5   500  3.3900e+22     82.21    0.6089  1.4892e+01  2.0459e+00  7.2786e+00    0.5977     84.67    1.9419      2.9325    1      0
     4   5   5   500  3.3900e+22     84.34    0.6247  1.4892e+01  1.7579e+00  8.4711e+00    0.6395     86.13    1.9584      2.9401    1      0
     4   5   5   500  3.3900e+22     94.25    0.6982  1.4892e+01  1.0314e+00  1.4438e+01    0.7629     89.84    2.0982      3.2810    1      0
     4   5   5   500  3.3900e+22     95.49    0.7073  1.4892e+01  1.0314e+00  1.4438e+01    0.7631     89.84    2.1257      3.3389    1      0
     4   5   5   500  3.3900e+22    102.98    0.7628  1.4892e+01  5.1397e-01  2.8974e+01    0.8677     92.42    2.2286      3.5479    1      0
     4   5   5   500  3.3900e+22    110.45    0.8182  1.4892e+01  2.9080e-01  5.1209e+01    0.9205     93.53    2.3620      3.9023    1      0
     4   5   5   500  3.3900e+22    117.40    0.8696  1.4892e+01  1.0295e-01  1.4465e+02    0.9705     94.46    2.4857      4.2493    1      0
     4   5   5   500  3.3900e+22    123.85    0.9174  1.4892e+01  4.4941e-02  3.3136e+02    0.9882     94.75    2.6143      4.6616    1      0
     4   5   5   500  3.3900e+22    130.13    0.9639  1.4892e+01  1.7439e-02  8.5393e+02    0.9975     94.89    2.7428      5.0924    1      0
     4   5   5   500  3.3900e+22    135.00    1.0000  1.4892e+01  1.0473e-02  1.4220e+03    1.0000     94.92    2.8445      5.4637    1      0
     4   5   6    SD  3.3900e+22     10.17    0.0665  9.9541e+21  9.5710e+21  1.0400e+00    0.0005     16.76    1.2140      1.5433    0      0
     4   5   6    SD  3.3900e+22     31.36    0.2050  9.9541e+21  7.5804e+21  1.3131e+00    0.0241     44.17    1.4202      1.9610    0      0
     4   5   6    SD  3.3900e+22     34.01    0.2223  9.9541e+21  7.2413e+21  1.3746e+00    0.0321     47.82    1.4223      1.9562    0      0
     4   5   6    SD  3.3900e+22     36.90    0.2411  9.9541e+21  6.8880e+21  1.4451e+00    0.0421     51.05    1.4455      2.0036    0      0
     4   5   6    SD  3.3900e+22     40.12    0.2622  9.9541e+21  6.5272e+21  1.5250e+00    0.0539     54.30    1.4777      2.0394    0      0
     4   5   6    SD  3.3900e+22     43.76    0.2860  9.9541e+21  6.1924e+21  1.6075e+00    0.0669     57.16    1.5311      2.1637    0      0
     4   5   6    SD  3.3900e+22     47.79    0.3123  9.9541e+21  5.8437e+21  1.7034e+00    0.0820     60.14    1.5891      2.2714    0      0
     4   5   6    SD  3.3900e+22     51.59    0.3372  9.9541e+21  5.1473e+21  1.9338e+00    0.1176     66.52    1.5510      2.1795    0      0
     4   5   6    SD  3.3900e+22     52.46    0.3429  9.9541e+21  5.1473e+21  1.9338e+00    0.1181     66.52    1.5772      2.2456    0      0
     4   5   6    SD  3.3900e+22     57.78    0.3777  9.9541e+21  4.5522e+21  2.1867e+00    0.1567     71.79    1.6098      2.3190    0      0
     4   5   6    SD  3.3900e+22     63.98    0.4181  9.9541e+21  3.9657e+21  2.5101e+00    0.2032     76.78    1.6665      2.4142    1      0
     4   5   6    SD  3.3900e+22     65.61    0.4288  9.9541e+21  3.9657e+21  2.5101e+00    0.2036     76.78    1.7091      2.5032    1      0
     4   5   6    SD  3.3900e+22     71.39    0.4666  9.9541e+21  3.4481e+21  2.8869e+00    0.2529     81.11    1.7602      2.6188    1      0
     4   5   6    SD  3.3900e+22     80.38    0.5253  9.9541e+21  2.7530e+21  3.6157e+00    0.3340     87.11    1.8454      2.7615    1      0
     4   5   6    SD  3.3900e+22     80.81    0.5282  9.9541e+21  2.7530e+21  3.6157e+00    0.3341     87.11    1.8554      2.8151    1      0
     4   5   6    SD  3.3900e+22     91.48    0.5979  9.9541e+21  1.9956e+21  4.9882e+00    0.4482     93.74    1.9518      2.9769    1      0
     4   5   6    SD  3.3900e+22     93.76    0.6128  9.9541e+21  1.8360e+21  5.4216e+00    0.4764     95.12    1.9714      2.9896    1      0
     4   5   6    SD  3.3900e+22    103.76    0.6782  9.9541e+21  1.3947e+21  7.1374e+00    0.5657     98.82    2.1000      3.2531    1      0
     4   5   6    SD  3.3900e+22    105.73    0.6911  9.9541e+21  1.2651e+21  7.8681e+00    0.5947     99.90    2.1168      3.2646    1      0
     4   5   6    SD  3.3900e+22    114.59    0.7489  9.9541e+21  9.1936e+20  1.0827e+01    0.6820    102.83    2.2286      3.4691    1      0
     4   5   6    SD  3.3900e+22    124.31    0.8125  9.9541e+21  6.2354e+20  1.5964e+01    0.7694    105.47    2.3571      3.7383    1      0
     4   5   6    SD  3.3900e+22    124.73    0.8152  9.9541e+21  6.2354e+20  1.5964e+01    0.7695    105.47    2.3650      3.7546    1      0
     4   5   6    SD  3.3900e+22    134.81    0.8811  9.9541e+21  3.5662e+20  2.7912e+01    0.8605    107.86    2.4998      4.0379    1      0
     4   5   6    SD  3.3900e+22    144.15    0.9421  9.9541e+21  5.7877e+19  1.7199e+02    0.9777    110.75    2.6030      4.1922    1      0
     4   5   6    SD  3.3900e+22    152.55    0.9971  9.9541e+21  8.6022e+18  1.1572e+03    1.0000    111.23    2.7429      4.6101    1      0
     4   5   6    SD  3.3900e+22    153.00    1.0000  9.9541e+21  8.6022e+18  1.1572e+03    1.0000    111.23    2.7510      4.6351    1      0
     4   5   6   160  3.3900e+22     60.07    0.3778  2.3740e-02  6.5859e-02  3.6047e-01    0.0589       nan       nan         nan    0      0
     4   5   6   160  3.3900e+22     60.93    0.3832  2.3740e-02  6.5859e-02  3.6047e-01    0.0596       nan       nan         nan    0      0
     4   5   6   160  3.3900e+22     62.03    0.3901  2.3740e-02  6.5859e-02  3.6047e-01    0.0599       nan       nan         nan    0      0
     4   5   6   160  3.3900e+22     63.45    0.3990  2.3740e-02  6.1672e-02  3.8495e-01    0.0801       nan       nan         nan    0      0
     4   5   6   160  3.3900e+22     65.34    0.4110  2.3740e-02  6.1672e-02  3.8495e-01    0.0808       nan       nan         nan    0      0
     4   5   6   160  3.3900e+22     68.02    0.4278  2.3740e-02  5.8237e-02  4.0765e-01    0.1002       nan       nan         nan    0      0
     4   5   6   160  3.3900e+22     71.73    0.4511  2.3740e-02  5.5355e-02  4.2888e-01    0.1185       nan       nan         nan    0      0
     4   5   6   160  3.3900e+22     76.78    0.4829  2.3740e-02  4.9895e-02  4.7580e-01    0.1584       nan       nan         nan    0      0
     4   5   6   160  3.3900e+22     82.36    0.5180  2.3740e-02  4.4307e-02  5.3582e-01    0.2072       nan       nan         nan    1      0
     4   5   6   160  3.3900e+22     88.18    0.5546  2.3740e-02  3.8106e-02  6.2300e-01    0.2707       nan       nan         nan    1      0
     4   5   6   160  3.3900e+22     95.07    0.5979  2.3740e-02  3.2390e-02  7.3296e-01    0.3389       nan       nan         nan    1      0
     4   5   6   160  3.3900e+22    104.56    0.6576  2.3740e-02  2.5248e-02  9.4027e-01    0.4389       nan       nan         nan    1      0
     4   5   6   160  3.3900e+22    116.62    0.7334  2.3740e-02  1.7191e-02  1.3809e+00    0.5775    223.81    1.0421      0.2144    1      0
     4   5   6   160  3.3900e+22    131.32    0.8259  2.3740e-02  8.4846e-03  2.7980e+00    0.7660    237.49    1.1059      0.4786    1      0
     4   5   6   160  3.3900e+22    150.84    0.9487  2.3740e-02  1.5931e-04  1.4902e+02    0.9949    251.62    1.1989      0.7547    1      0
     4   5   6   160  3.3900e+22    159.00    1.0000  2.3740e-02  8.8802e-06  2.6734e+03    1.0000    251.88    1.2625      0.8357    1      0
     4   5   6   250  3.3900e+22     19.01    0.1196  8.9783e+00  8.1907e+00  1.0962e+00    0.0034     28.54    1.3322      1.7377    0      0
     4   5   6   250  3.3900e+22     33.65    0.2116  8.9783e+00  6.9066e+00  1.3000e+00    0.0254     48.93    1.3752      1.8829    0      0
     4   5   6   250  3.3900e+22     36.35    0.2286  8.9783e+00  6.6062e+00  1.3591e+00    0.0338     52.48    1.3855      1.8815    0      0
     4   5   6   250  3.3900e+22     39.25    0.2469  8.9783e+00  6.2931e+00  1.4267e+00    0.0441     56.00    1.4018      1.9114    0      0
     4   5   6   250  3.3900e+22     42.59    0.2679  8.9783e+00  5.9978e+00  1.4969e+00    0.0555     59.21    1.4387      1.9610    0      0
     4   5   6   250  3.3900e+22     46.19    0.2905  8.9783e+00  5.6858e+00  1.5791e+00    0.0693     62.72    1.4728      2.0506    0      0
     4   5   6   250  3.3900e+22     50.28    0.3162  8.9783e+00  5.3593e+00  1.6753e+00    0.0857     66.40    1.5144      2.1357    0      0
     4   5   6   250  3.3900e+22     54.92    0.3454  8.9783e+00  4.7646e+00  1.8844e+00    0.1203     72.70    1.5109      2.1175    0      0
     4   5   6   250  3.3900e+22     60.29    0.3792  8.9783e+00  4.2197e+00  2.1277e+00    0.1596     78.14    1.5431      2.1736    0      0
     4   5   6   250  3.3900e+22     62.19    0.3911  8.9783e+00  4.2197e+00  2.1277e+00    0.1605     78.14    1.5917      2.3125    0      0
     4   5   6   250  3.3900e+22     66.50    0.4182  8.9783e+00  3.6859e+00  2.4359e+00    0.2066     83.25    1.5975      2.2869    1      0
     4   5   6   250  3.3900e+22     74.01    0.4655  8.9783e+00  3.2154e+00  2.7923e+00    0.2564     87.99    1.6822      2.4631    1      0
     4   5   6   250  3.3900e+22     78.93    0.4964  8.9783e+00  2.7860e+00  3.2227e+00    0.3088     92.22    1.7117      2.5256    1      0
     4   5   6   250  3.3900e+22     83.07    0.5225  8.9783e+00  2.5897e+00  3.4670e+00    0.3361     94.11    1.7654      2.6396    1      0
     4   5   6   250  3.3900e+22     90.17    0.5671  8.9783e+00  2.0459e+00  4.3884e+00    0.4210     99.19    1.8181      2.6928    1      0
     4   5   6   250  3.3900e+22     94.21    0.5925  8.9783e+00  1.8879e+00  4.7557e+00    0.4502    100.64    1.8721      2.8372    1      0
     4   5   6   250  3.3900e+22    103.35    0.6500  8.9783e+00  1.4478e+00  6.2014e+00    0.5395    104.84    1.9714      3.0003    1      0
     4   5   6   250  3.3900e+22    108.32    0.6813  8.9783e+00  1.1936e+00  7.5221e+00    0.5988    107.31    2.0188      3.0672    1      0
     4   5   6   250  3.3900e+22    115.14    0.7241  8.9783e+00  9.6521e-01  9.3019e+00    0.6590    109.65    2.1000      3.2499    1      0
     4   5   6   250  3.3900e+22    126.59    0.7962  8.9783e+00  5.6025e-01  1.6025e+01    0.7822    113.90    2.2229      3.4773    1      0
     4   5   6   250  3.3900e+22    126.92    0.7982  8.9783e+00  5.6025e-01  1.6025e+01    0.7823    113.90    2.2286      3.4917    1      0
     4   5   6   250  3.3900e+22    137.77    0.8665  8.9783e+00  2.9117e-01  3.0835e+01    0.8791    116.89    2.3571      3.7670    1      0
     4   5   6   250  3.3900e+22    148.74    0.9355  8.9783e+00  4.9130e-02  1.8274e+02    0.9788    119.59    2.4876      4.0602    1      0
     4   5   6   250  3.3900e+22    156.97    0.9872  8.9783e+00  4.3304e-03  2.0733e+03    1.0000    120.09    2.6143      4.4410    1      0
     4   5   6   250  3.3900e+22    159.00    1.0000  8.9783e+00  4.3304e-03  2.0733e+03    1.0000    120.09    2.6481      4.5568    1      0
     4   5   6   350  3.3900e+22     33.48    0.2029  1.4267e+01  1.0911e+01  1.3076e+00    0.0256     48.70    1.3747      1.8349    0      0
     4   5   6   350  3.3900e+22     36.24    0.2196  1.4267e+01  1.0437e+01  1.3670e+00    0.0340     52.15    1.3896      1.8705    0      0
     4   5   6   350  3.3900e+22     36.27    0.2198  1.4267e+01  1.0437e+01  1.3670e+00    0.0341     52.15    1.3908      1.8959    0      0
     4   5   6   350  3.3900e+22     39.16    0.2374  1.4267e+01  9.9447e+00  1.4347e+00    0.0443     55.61    1.4086      1.9286    0      0
     4   5   6   350  3.3900e+22     42.55    0.2579  1.4267e+01  9.4809e+00  1.5048e+00    0.0555     58.73    1.4491      1.9801    0      0
     4   5   6   350  3.3900e+22     46.18    0.2799  1.4267e+01  8.9909e+00  1.5868e+00    0.0692     62.14    1.4865      2.0715    0      0
     4   5   6   350  3.3900e+22     50.33    0.3050  1.4267e+01  8.4780e+00  1.6829e+00    0.0854     65.78    1.5301      2.1762    0      0
     4   5   6   350  3.3900e+22     55.04    0.3336  1.4267e+01  7.5451e+00  1.8909e+00    0.1196     72.06    1.5275      2.1392    0      0
     4   5   6   350  3.3900e+22     60.44    0.3663  1.4267e+01  6.6909e+00  2.1323e+00    0.1586     77.47    1.5605      2.2200    0      0
     4   5   6   350  3.3900e+22     60.78    0.3684  1.4267e+01  6.6909e+00  2.1323e+00    0.1589     77.47    1.5692      2.2575    0      0
     4   5   6   350  3.3900e+22     66.74    0.4045  1.4267e+01  5.8487e+00  2.4394e+00    0.2053     82.62    1.6157      2.3289    1      0
     4   5   6   350  3.3900e+22     74.20    0.4497  1.4267e+01  5.1000e+00  2.7975e+00    0.2550     87.38    1.6983      2.5008    1      0
     4   5   6   350  3.3900e+22     74.92    0.4540  1.4267e+01  5.1000e+00  2.7975e+00    0.2551     87.38    1.7147      2.5313    1      0
     4   5   6   350  3.3900e+22     83.24    0.5045  1.4267e+01  4.1029e+00  3.4774e+00    0.3349     93.62    1.7783      2.6619    1      0
     4   5   6   350  3.3900e+22     90.62    0.5492  1.4267e+01  3.2406e+00  4.4026e+00    0.4199     98.77    1.8349      2.7336    1      0
     4   5   6   350  3.3900e+22     94.38    0.5720  1.4267e+01  2.9900e+00  4.7716e+00    0.4488    100.24    1.8830      2.8496    1      0
     4   5   6   350  3.3900e+22    101.80    0.6170  1.4267e+01  2.5177e+00  5.6667e+00    0.5076    103.06    1.9756      3.0182    1      0
     4   5   6   350  3.3900e+22    108.49    0.6575  1.4267e+01  1.8865e+00  7.5628e+00    0.5977    106.97    2.0284      3.0949    1      0
     4   5   6   350  3.3900e+22    114.78    0.6957  1.4267e+01  1.5230e+00  9.3680e+00    0.6577    109.32    2.1000      3.2325    1      0
     4   5   6   350  3.3900e+22    126.12    0.7644  1.4267e+01  8.8230e-01  1.6170e+01    0.7801    113.60    2.2204      3.4500    1      0
     4   5   6   350  3.3900e+22    126.70    0.7679  1.4267e+01  8.8230e-01  1.6170e+01    0.7805    113.60    2.2306      3.4980    1      0
     4   5   6   350  3.3900e+22    137.21    0.8315  1.4267e+01  4.8328e-01  2.9522e+01    0.8708    116.42    2.3571      3.7755    1      0
     4   5   6   350  3.3900e+22    147.55    0.8943  1.4267e+01  1.2818e-01  1.1131e+02    0.9630    118.94    2.4811      4.0478    1      0
     4   5   6   350  3.3900e+22    156.40    0.9479  1.4267e+01  2.7206e-02  5.2441e+02    0.9933    119.66    2.6141      4.4369    1      0
     4   5   6   350  3.3900e+22    164.30    0.9957  1.4267e+01  7.3325e-03  1.9457e+03    1.0000    119.80    2.7429      4.8771    1      0
     4   5   6   350  3.3900e+22    165.00    1.0000  1.4267e+01  7.3325e-03  1.9457e+03    1.0000    119.80    2.7546      4.9040    1      0
     4   5   6   500  3.3900e+22     34.25    0.1969  1.1402e+01  8.8288e+00  1.2915e+00    0.0241     48.75    1.4051      1.9689    0      0
     4   5   6   500  3.3900e+22     37.02    0.2128  1.1402e+01  8.4634e+00  1.3473e+00    0.0318     52.22    1.4180      1.9444    0      0
     4   5   6   500  3.3900e+22     37.64    0.2163  1.1402e+01  8.4634e+00  1.3473e+00    0.0320     52.22    1.4418      1.9996    0      0
     4   5   6   500  3.3900e+22     40.06    0.2302  1.1402e+01  8.0830e+00  1.4107e+00    0.0413     55.69    1.4388      1.9710    0      0
     4   5   6   500  3.3900e+22     43.47    0.2498  1.1402e+01  7.7234e+00  1.4763e+00    0.0519     58.84    1.4776      2.0601    0      0
     4   5   6   500  3.3900e+22     47.22    0.2714  1.1402e+01  7.3421e+00  1.5530e+00    0.0646     62.30    1.5157      2.1351    0      0
     4   5   6   500  3.3900e+22     51.46    0.2957  1.1402e+01  6.5606e+00  1.7380e+00    0.0953     69.33    1.4844      2.0742    0      0
     4   5   6   500  3.3900e+22     56.20    0.3230  1.1402e+01  6.2066e+00  1.8371e+00    0.1127     72.40    1.5524      2.2214    0      0
     4   5   6   500  3.3900e+22     61.24    0.3519  1.1402e+01  5.5269e+00  2.0631e+00    0.1499     77.98    1.5706      2.2506    0      0
     4   5   6   500  3.3900e+22     61.67    0.3544  1.1402e+01  5.5269e+00  2.0631e+00    0.1500     77.98    1.5818      2.2634    0      0
     4   5   6   500  3.3900e+22     68.05    0.3911  1.1402e+01  4.8490e+00  2.3515e+00    0.1953     83.33    1.6334      2.3740    0      0
     4   5   6   500  3.3900e+22     75.56    0.4343  1.1402e+01  3.9460e+00  2.8896e+00    0.2694     90.78    1.6649      2.4226    1      0
     4   5   6   500  3.3900e+22     80.45    0.4624  1.1402e+01  3.6776e+00  3.1005e+00    0.2960     92.89    1.7323      2.5584    1      0
     4   5   6   500  3.3900e+22     84.56    0.4859  1.1402e+01  3.1716e+00  3.5951e+00    0.3500     96.82    1.7466      2.5725    1      0
     4   5   6   500  3.3900e+22     93.76    0.5388  1.1402e+01  2.4993e+00  4.5621e+00    0.4361    101.85    1.8410      2.7409    1      0
     4   5   6   500  3.3900e+22     95.62    0.5495  1.1402e+01  2.4993e+00  4.5621e+00    0.4366    101.85    1.8776      2.8377    1      0
     4   5   6   500  3.3900e+22    106.05    0.6095  1.1402e+01  1.7437e+00  6.5392e+00    0.5560    107.81    1.9674      2.9764    1      0
     4   5   6   500  3.3900e+22    109.66    0.6302  1.1402e+01  1.5787e+00  7.2224e+00    0.5866    109.19    2.0086      3.0748    1      0
     4   5   6   500  3.3900e+22    118.61    0.6817  1.1402e+01  1.1328e+00  1.0065e+01    0.6774    112.97    2.1000      3.2527    1      0
     4   5   6   500  3.3900e+22    127.98    0.7355  1.1402e+01  7.5543e-01  1.5094e+01    0.7669    116.29    2.2011      3.4745    1      0
     4   5   6   500  3.3900e+22    130.68    0.7510  1.1402e+01  6.4563e-01  1.7661e+01    0.7954    117.27    2.2286      3.5241    1      0
     4   5   6   500  3.3900e+22    141.64    0.8140  1.1402e+01  2.9452e-01  3.8715e+01    0.8969    120.41    2.3527      3.8017    1      0
     4   5   6   500  3.3900e+22    151.41    0.8702  1.1402e+01  1.3122e-01  8.6892e+01    0.9517    121.83    2.4857      4.1469    1      0
     4   5   6   500  3.3900e+22    160.21    0.9207  1.1402e+01  4.7194e-02  2.4160e+02    0.9834    122.56    2.6144      4.5303    1      0
     4   5   6   500  3.3900e+22    168.42    0.9679  1.1402e+01  1.3220e-02  8.6248e+02    0.9977    122.85    2.7418      4.9522    1      0
     4   5   6   500  3.3900e+22    174.00    1.0000  1.1402e+01  8.1870e-03  1.3927e+03    1.0000    122.90    2.8316      5.2579    1      0
     4   5   7    SD  3.3900e+22     12.52    0.0596  6.7695e+21  6.5499e+21  1.0335e+00    0.0004     21.20    1.1808      1.5230    0      0
     4   5   7    SD  3.3900e+22     17.88    0.0851  6.7695e+21  6.4621e+21  1.0476e+00    0.0008     25.11    1.4238      1.8798    0      0
     4   5   7    SD  3.3900e+22     21.82    0.1039  6.7695e+21  6.2503e+21  1.0831e+00    0.0023     32.73    1.3331      1.7474    0      0
     4   5   7    SD  3.3900e+22     42.49    0.2023  6.7695e+21  5.1754e+21  1.3080e+00    0.0242     59.84    1.4202      1.9327    0      0
     4   5   7    SD  3.3900e+22     46.00    0.2190  6.7695e+21  5.0001e+21  1.3539e+00    0.0305     63.52    1.4484      2.0167    0      0
     4   5   7    SD  3.3900e+22     49.89    0.2376  6.7695e+21  4.8098e+21  1.4075e+00    0.0382     67.43    1.4798      2.0723    0      0
     4   5   7    SD  3.3900e+22     54.20    0.2581  6.7695e+21  4.4548e+21  1.5196e+00    0.0547     74.29    1.4592      2.0281    0      0
     4   5   7    SD  3.3900e+22     59.05    0.2812  6.7695e+21  4.2881e+21  1.5787e+00    0.0644     77.39    1.5261      2.1637    0      0
     4   5   7    SD  3.3900e+22     64.50    0.3071  6.7695e+21  3.9304e+21  1.7223e+00    0.0874     83.66    1.5419      2.1981    0      0
     4   5   7    SD  3.3900e+22     70.66    0.3365  6.7695e+21  3.5948e+21  1.8831e+00    0.1134     89.75    1.5745      2.2736    0      0
     4   5   7    SD  3.3900e+22     72.64    0.3459  6.7695e+21  3.4266e+21  1.9756e+00    0.1280     92.65    1.5680      2.2573    0      0
     4   5   7    SD  3.3900e+22     77.70    0.3700  6.7695e+21  3.2629e+21  2.0747e+00    0.1438     95.45    1.6280      2.3697    0      0
     4   5   7    SD  3.3900e+22     85.91    0.4091  6.7695e+21  2.8108e+21  2.4084e+00    0.1937    102.64    1.6740      2.4523    0      0
     4   5   7    SD  3.3900e+22     93.53    0.4454  6.7695e+21  2.3972e+21  2.8240e+00    0.2496    109.53    1.7078      2.4900    1      0
     4   5   7    SD  3.3900e+22     95.61    0.4553  6.7695e+21  2.3972e+21  2.8240e+00    0.2499    109.53    1.7459      2.5838    1      0
     4   5   7    SD  3.3900e+22    107.33    0.5111  6.7695e+21  1.9064e+21  3.5510e+00    0.3326    118.20    1.8160      2.7214    1      0
     4   5   7    SD  3.3900e+22    112.39    0.5352  6.7695e+21  1.6916e+21  4.0018e+00    0.3754    121.97    1.8429      2.7663    1      0
     4   5   7    SD  3.3900e+22    121.78    0.5799  6.7695e+21  1.3989e+21  4.8393e+00    0.4422    126.95    1.9185      2.9195    1      0
     4   5   7    SD  3.3900e+22    128.40    0.6114  6.7695e+21  1.2249e+21  5.5264e+00    0.4870    129.81    1.9783      3.0407    1      0
     4   5   7    SD  3.3900e+22    140.44    0.6688  6.7695e+21  9.2334e+20  7.3316e+00    0.5760    134.94    2.0816      3.2368    1      0
     4   5   7    SD  3.3900e+22    142.94    0.6806  6.7695e+21  8.5530e+20  7.9148e+00    0.5984    136.13    2.1000      3.2751    1      0
     4   5   7    SD  3.3900e+22    157.08    0.7480  6.7695e+21  5.5986e+20  1.2091e+01    0.7079    141.44    2.2210      3.5111    1      0
     4   5   7    SD  3.3900e+22    166.08    0.7909  6.7695e+21  4.1764e+20  1.6209e+01    0.7696    144.04    2.3060      3.6915    1      0
     4   5   7    SD  3.3900e+22    171.26    0.8155  6.7695e+21  3.3506e+20  2.0204e+01    0.8086    145.52    2.3538      3.7852    1      0
     4   5   7    SD  3.3900e+22    184.04    0.8764  6.7695e+21  1.9258e+20  3.5153e+01    0.8835    148.06    2.4861      4.0872    1      0
     4   5   7    SD  3.3900e+22    196.06    0.9336  6.7695e+21  8.0397e+19  8.4201e+01    0.9505    150.06    2.6131      4.3879    1      0
     4   5   7    SD  3.3900e+22    207.49    0.9881  6.7695e+21  6.2714e+18  1.0794e+03    0.9999    151.42    2.7406      4.7195    1      0
     4   5   7    SD  3.3900e+22    210.00    1.0000  6.7695e+21  6.2714e+18  1.0794e+03    1.0000    151.42    2.7738      4.8247    1      0
     4   5   7   160  3.3900e+22      7.95    0.0500  6.3311e-02  6.3559e-02  9.9610e-01    0.0000       nan       nan         nan    0      0
     4   5   7   160  3.3900e+22      7.95    0.0500  6.3311e-02  6.3559e-02  9.9610e-01    0.0000       nan       nan         nan    0      0
     4   5   7   160  3.3900e+22      7.95    0.0500  6.3311e-02  6.3559e-02  9.9610e-01    0.0000       nan       nan         nan    0      0
     4   5   7   160  3.3900e+22      7.95    0.0500  6.3311e-02  6.3559e-02  9.9610e-01    0.0000       nan       nan         nan    0      0
     4   5   7   160  3.3900e+22      7.95    0.0500  6.3311e-02  6.3559e-02  9.9610e-01    0.0000       nan       nan         nan    0      0
     4   5   7   160  3.3900e+22      7.95    0.0500  6.3311e-02  6.3559e-02  9.9610e-01    0.0000       nan       nan         nan    0      0
     4   5   7   160  3.3900e+22      7.95    0.0500  6.3311e-02  6.3559e-02  9.9610e-01    0.0000       nan       nan         nan    0      0
     4   5   7   160  3.3900e+22      7.95    0.0500  6.3311e-02  6.3559e-02  9.9610e-01    0.0000       nan       nan         nan    0      0
     4   5   7   160  3.3900e+22      7.95    0.0500  6.3311e-02  6.3559e-02  9.9610e-01    0.0000       nan       nan         nan    0      0
     4   5   7   160  3.3900e+22      7.95    0.0500  6.3311e-02  6.3559e-02  9.9610e-01    0.0000       nan       nan         nan    0      0
     4   5   7   160  3.3900e+22      7.95    0.0500  6.3311e-02  6.3559e-02  9.9610e-01    0.0000       nan       nan         nan    0      0
     4   5   7   160  3.3900e+22     11.60    0.0729  6.3311e-02  6.5833e-02  9.6169e-01    0.0000       nan       nan         nan    0      0
     4   5   7   160  3.3900e+22     59.32    0.3731  6.3311e-02  7.9887e-02  7.9250e-01    0.0296       nan       nan         nan    0      0
     4   5   7   160  3.3900e+22     60.58    0.3810  6.3311e-02  7.6420e-02  8.2846e-01    0.0429       nan       nan         nan    0      0
     4   5   7   160  3.3900e+22     62.15    0.3909  6.3311e-02  7.6420e-02  8.2846e-01    0.0433       nan       nan         nan    0      0
     4   5   7   160  3.3900e+22     64.24    0.4040  6.3311e-02  7.3040e-02  8.6680e-01    0.0586       nan       nan         nan    0      0
     4   5   7   160  3.3900e+22     67.00    0.4214  6.3311e-02  6.9942e-02  9.0519e-01    0.0745       nan       nan         nan    0      0
     4   5   7   160  3.3900e+22     70.32    0.4423  6.3311e-02  6.6728e-02  9.4879e-01    0.0932       nan       nan         nan    0      0
     4   5   7   160  3.3900e+22     77.45    0.4871  6.3311e-02  5.8534e-02  1.0816e+00    0.1490    152.70    1.0145      0.2326    0      0
     4   5   7   160  3.3900e+22     81.39    0.5119  6.3311e-02  4.9454e-02  1.2802e+00    0.2203    158.86    1.0247      0.5043    1      0
     4   5   7   160  3.3900e+22     86.06    0.5413  6.3311e-02  4.5081e-02  1.4044e+00    0.2601    161.76    1.0641      0.6300    1      0
     4   5   7   160  3.3900e+22     92.46    0.5815  6.3311e-02  3.7512e-02  1.6877e+00    0.3342    166.74    1.1090      0.7975    1      0
     4   5   7   160  3.3900e+22    103.20    0.6491  6.3311e-02  2.7815e-02  2.2762e+00    0.4481    173.34    1.1907      1.0194    1      0
     4   5   7   160  3.3900e+22    104.00    0.6541  6.3311e-02  2.7815e-02  2.2762e+00    0.4483    173.34    1.2000      1.0343    1      0
     4   5   7   160  3.3900e+22    116.29    0.7314  6.3311e-02  1.8913e-02  3.3475e+00    0.5819    179.91    1.2928      1.2454    1      0
     4   5   7   160  3.3900e+22    121.98    0.7672  6.3311e-02  1.4510e-02  4.3634e+00    0.6586    183.63    1.3286      1.3337    1      0
     4   5   7   160  3.3900e+22    131.15    0.8248  6.3311e-02  9.1026e-03  6.9553e+00    0.7649    188.71    1.3900      1.4732    1      0
     4   5   7   160  3.3900e+22    140.60    0.8843  6.3311e-02  5.1768e-03  1.2230e+01    0.8532    192.92    1.4577      1.6280    1      0
     4   5   7   160  3.3900e+22    159.00    1.0000  6.3311e-02 -2.4571e-04         nan    1.0000    199.68    1.5926      1.9406    1      0
     4   5   7   250  3.3900e+22     44.89    0.2078  6.4194e+00  5.1473e+00  1.2471e+00    0.0202     62.07    1.4465      2.0142    0      0
     4   5   7   250  3.3900e+22     48.41    0.2241  6.4194e+00  4.8133e+00  1.3337e+00    0.0322     70.31    1.3770      1.8736    0      0
     4   5   7   250  3.3900e+22     52.25    0.2419  6.4194e+00  4.6420e+00  1.3829e+00    0.0400     74.19    1.4085      1.9323    0      0
     4   5   7   250  3.3900e+22     56.47    0.2614  6.4194e+00  4.4778e+00  1.4336e+00    0.0483     77.77    1.4522      2.0407    0      0
     4   5   7   250  3.3900e+22     61.21    0.2834  6.4194e+00  4.1488e+00  1.5473e+00    0.0672     84.39    1.4506      2.0313    0      0
     4   5   7   250  3.3900e+22     64.10    0.2968  6.4194e+00  3.9717e+00  1.6163e+00    0.0789     88.02    1.4565      2.0356    0      0
     4   5   7   250  3.3900e+22     66.58    0.3082  6.4194e+00  3.8048e+00  1.6872e+00    0.0910     91.33    1.4580      2.0386    0      0
     4   5   7   250  3.3900e+22     72.68    0.3365  6.4194e+00  3.4772e+00  1.8462e+00    0.1183     97.39    1.4926      2.1190    0      0
     4   5   7   250  3.3900e+22     79.58    0.3684  6.4194e+00  3.1572e+00  2.0333e+00    0.1497    102.88    1.5471      2.2123    0      0
     4   5   7   250  3.3900e+22     87.61    0.4056  6.4194e+00  2.7090e+00  2.3697e+00    0.2019    110.84    1.5807      2.2657    1      0
     4   5   7   250  3.3900e+22     87.84    0.4067  6.4194e+00  2.7090e+00  2.3697e+00    0.2020    110.84    1.5850      2.2783    1      0
     4   5   7   250  3.3900e+22     97.22    0.4501  6.4194e+00  2.3146e+00  2.7734e+00    0.2583    118.15    1.6457      2.4045    1      0
     4   5   7   250  3.3900e+22    106.17    0.4915  6.4194e+00  1.9518e+00  3.2890e+00    0.3204    124.69    1.7028      2.5189    1      0
     4   5   7   250  3.3900e+22    109.03    0.5048  6.4194e+00  1.8415e+00  3.4860e+00    0.3415    126.62    1.7221      2.5467    1      0
     4   5   7   250  3.3900e+22    123.45    0.5715  6.4194e+00  1.3493e+00  4.7577e+00    0.4518    135.14    1.8270      2.7385    1      0
     4   5   7   250  3.3900e+22    124.52    0.5765  6.4194e+00  1.3493e+00  4.7577e+00    0.4520    135.14    1.8429      2.7821    1      0
     4   5   7   250  3.3900e+22    140.92    0.6524  6.4194e+00  9.5530e-01  6.7198e+00    0.5640    142.38    1.9795      3.0681    1      0
     4   5   7   250  3.3900e+22    142.02    0.6575  6.4194e+00  8.8584e-01  7.2467e+00    0.5864    143.67    1.9769      3.0390    1      0
     4   5   7   250  3.3900e+22    155.58    0.7203  6.4194e+00  6.3670e-01  1.0082e+01    0.6761    148.17    2.1000      3.3011    1      0
     4   5   7   250  3.3900e+22    167.32    0.7746  6.4194e+00  4.3362e-01  1.4804e+01    0.7612    151.86    2.2037      3.5144    1      0
     4   5   7   250  3.3900e+22    170.90    0.7912  6.4194e+00  3.8836e-01  1.6530e+01    0.7820    152.68    2.2386      3.5965    1      0
     4   5   7   250  3.3900e+22    183.72    0.8505  6.4194e+00  1.9943e-01  3.2189e+01    0.8778    156.15    2.3530      3.8236    1      0
     4   5   7   250  3.3900e+22    196.83    0.9113  6.4194e+00  8.4023e-02  7.6401e+01    0.9458    158.37    2.4858      4.1481    1      0
     4   5   7   250  3.3900e+22    208.73    0.9663  6.4194e+00  1.3208e-02  4.8602e+02    0.9925    159.73    2.6136      4.4947    1      0
     4   5   7   250  3.3900e+22    216.00    1.0000  6.4194e+00  2.8803e-03  2.2287e+03    1.0000    159.93    2.7012      4.7716    1      0
     4   5   7   350  3.3900e+22     25.60    0.1169  1.0181e+01  9.3611e+00  1.0876e+00    0.0030     37.53    1.3642      1.7905    0      0
     4   5   7   350  3.3900e+22     44.59    0.2036  1.0181e+01  8.0822e+00  1.2596e+00    0.0207     61.25    1.4559      2.0013    0      0
     4   5   7   350  3.3900e+22     48.15    0.2199  1.0181e+01  7.5551e+00  1.3475e+00    0.0327     69.31    1.3894      1.8761    0      0
     4   5   7   350  3.3900e+22     52.05    0.2377  1.0181e+01  7.2872e+00  1.3971e+00    0.0404     73.14    1.4233      1.9683    0      0
     4   5   7   350  3.3900e+22     56.36    0.2573  1.0181e+01  7.0316e+00  1.4478e+00    0.0486     76.61    1.4714      2.0661    0      0
     4   5   7   350  3.3900e+22     61.19    0.2794  1.0181e+01  6.5194e+00  1.5616e+00    0.0673     83.13    1.4723      2.0712    0      0
     4   5   7   350  3.3900e+22     61.44    0.2805  1.0181e+01  6.5194e+00  1.5616e+00    0.0673     83.13    1.4782      2.0712    0      0
     4   5   7   350  3.3900e+22     66.61    0.3042  1.0181e+01  5.9808e+00  1.7022e+00    0.0909     90.03    1.4797      2.0952    0      0
     4   5   7   350  3.3900e+22     72.75    0.3322  1.0181e+01  5.4688e+00  1.8616e+00    0.1179     96.14    1.5134      2.1561    0      0
     4   5   7   350  3.3900e+22     79.73    0.3641  1.0181e+01  4.9730e+00  2.0472e+00    0.1487    101.53    1.5707      2.2589    0      0
     4   5   7   350  3.3900e+22     80.55    0.3678  1.0181e+01  4.9730e+00  2.0472e+00    0.1487    101.53    1.5868      2.2824    0      0
     4   5   7   350  3.3900e+22     87.89    0.4013  1.0181e+01  4.2796e+00  2.3789e+00    0.1999    109.34    1.6076      2.3179    0      0
     4   5   7   350  3.3900e+22     97.59    0.4456  1.0181e+01  3.6603e+00  2.7814e+00    0.2559    116.68    1.6728      2.4493    1      0
     4   5   7   350  3.3900e+22    104.72    0.4782  1.0181e+01  3.2666e+00  3.1166e+00    0.2975    121.34    1.7261      2.5713    1      0
     4   5   7   350  3.3900e+22    109.39    0.4995  1.0181e+01  2.9109e+00  3.4974e+00    0.3394    125.40    1.7447      2.6006    1      0
     4   5   7   350  3.3900e+22    122.11    0.5576  1.0181e+01  2.2795e+00  4.4663e+00    0.4269    132.28    1.8462      2.7854    1      0
     4   5   7   350  3.3900e+22    123.89    0.5657  1.0181e+01  2.1385e+00  4.7606e+00    0.4489    133.90    1.8505      2.7878    1      0
     4   5   7   350  3.3900e+22    139.12    0.6352  1.0181e+01  1.5176e+00  6.7085e+00    0.5606    141.14    1.9714      3.0279    1      0
     4   5   7   350  3.3900e+22    142.45    0.6505  1.0181e+01  1.4077e+00  7.2323e+00    0.5832    142.44    2.0001      3.0903    1      0
     4   5   7   350  3.3900e+22    154.38    0.7049  1.0181e+01  1.0141e+00  1.0039e+01    0.6727    147.03    2.1000      3.2845    1      0
     4   5   7   350  3.3900e+22    167.85    0.7665  1.0181e+01  6.9572e-01  1.4633e+01    0.7573    150.72    2.2273      3.5662    1      0
     4   5   7   350  3.3900e+22    168.62    0.7699  1.0181e+01  6.2472e-01  1.6297e+01    0.7778    151.56    2.2251      3.5342    1      0
     4   5   7   350  3.3900e+22    182.13    0.8316  1.0181e+01  3.7829e-01  2.6912e+01    0.8559    154.47    2.3582      3.8371    1      0
     4   5   7   350  3.3900e+22    195.52    0.8928  1.0181e+01  1.4513e-01  7.0151e+01    0.9411    157.28    2.4862      4.1231    1      0
     4   5   7   350  3.3900e+22    207.06    0.9455  1.0181e+01  3.7319e-02  2.7280e+02    0.9862    158.62    2.6107      4.4584    1      0
     4   5   7   350  3.3900e+22    218.01    0.9955  1.0181e+01  7.7445e-03  1.3146e+03    1.0000    158.99    2.7424      4.8886    1      0
     4   5   7   350  3.3900e+22    219.00    1.0000  1.0181e+01  7.7445e-03  1.3146e+03    1.0000    158.99    2.7549      4.9322    1      0
     4   5   7   500  3.3900e+22     44.92    0.1970  8.2649e+00  6.5683e+00  1.2583e+00    0.0201     60.84    1.4767      2.0641    0      0
     4   5   7   500  3.3900e+22     48.56    0.2130  8.2649e+00  6.1503e+00  1.3438e+00    0.0317     68.84    1.4108      1.9387    0      0
     4   5   7   500  3.3900e+22     52.58    0.2306  8.2649e+00  5.9381e+00  1.3918e+00    0.0391     72.66    1.4472      2.0297    0      0
     4   5   7   500  3.3900e+22     54.79    0.2403  8.2649e+00  5.7355e+00  1.4410e+00    0.0466     76.10    1.4400      1.9946    0      0
     4   5   7   500  3.3900e+22     56.97    0.2499  8.2649e+00  5.7355e+00  1.4410e+00    0.0469     76.10    1.4973      2.1274    0      0
     4   5   7   500  3.3900e+22     61.87    0.2714  8.2649e+00  5.3285e+00  1.5511e+00    0.0649     82.64    1.4974      2.1465    0      0
     4   5   7   500  3.3900e+22     67.36    0.2954  8.2649e+00  4.8988e+00  1.6871e+00    0.0877     89.56    1.5042      2.1280    0      0
     4   5   7   500  3.3900e+22     73.55    0.3226  8.2649e+00  4.4893e+00  1.8410e+00    0.1138     95.76    1.5361      2.2015    0      0
     4   5   7   500  3.3900e+22     80.68    0.3539  8.2649e+00  4.0921e+00  2.0197e+00    0.1435    101.23    1.5940      2.2957    0      0
     4   5   7   500  3.3900e+22     83.17    0.3648  8.2649e+00  3.9026e+00  2.1178e+00    0.1593    103.88    1.6012      2.3117    0      0
     4   5   7   500  3.3900e+22     88.99    0.3903  8.2649e+00  3.5338e+00  2.3388e+00    0.1935    109.15    1.6307      2.3624    0      0
     4   5   7   500  3.3900e+22     98.73    0.4330  8.2649e+00  3.0295e+00  2.7281e+00    0.2487    116.68    1.6923      2.5066    1      0
     4   5   7   500  3.3900e+22    105.48    0.4626  8.2649e+00  2.5568e+00  3.2326e+00    0.3102    123.64    1.7063      2.5060    1      0
     4   5   7   500  3.3900e+22    110.49    0.4846  8.2649e+00  2.4134e+00  3.4246e+00    0.3317    125.69    1.7580      2.6325    1      0
     4   5   7   500  3.3900e+22    122.37    0.5367  8.2649e+00  1.8943e+00  4.3631e+00    0.4186    132.81    1.8429      2.7785    1      0
     4   5   7   500  3.3900e+22    124.95    0.5480  8.2649e+00  1.7784e+00  4.6475e+00    0.4406    134.47    1.8584      2.8117    1      0
     4   5   7   500  3.3900e+22    141.28    0.6196  8.2649e+00  1.1750e+00  7.0337e+00    0.5744    143.33    1.9714      3.0154    1      0
     4   5   7   500  3.3900e+22    143.64    0.6300  8.2649e+00  1.1750e+00  7.0337e+00    0.5747    143.33    2.0044      3.1103    1      0
     4   5   7   500  3.3900e+22    156.39    0.6859  8.2649e+00  7.7864e-01  1.0615e+01    0.6855    149.06    2.0983      3.2651    1      0
     4   5   7   500  3.3900e+22    169.21    0.7421  8.2649e+00  5.2894e-01  1.5625e+01    0.7688    152.72    2.2159      3.5287    1      0
     4   5   7   500  3.3900e+22    170.79    0.7491  8.2649e+00  5.2894e-01  1.5625e+01    0.7689    152.72    2.2366      3.5889    1      0
     4   5   7   500  3.3900e+22    183.77    0.8060  8.2649e+00  2.8380e-01  2.9122e+01    0.8641    156.35    2.3507      3.8156    1      0
     4   5   7   500  3.3900e+22    197.06    0.8643  8.2649e+00  1.4169e-01  5.8330e+01    0.9281    158.55    2.4857      4.1519    1      0
     4   5   7   500  3.3900e+22    209.12    0.9172  8.2649e+00  5.3998e-02  1.5306e+02    0.9725    159.91    2.6154      4.5175    1      0
     4   5   7   500  3.3900e+22    220.19    0.9657  8.2649e+00  1.4255e-02  5.7981e+02    0.9950    160.53    2.7432      4.9204    1      0
     4   5   7   500  3.3900e+22    228.00    1.0000  8.2649e+00  6.2379e-03  1.3250e+03    1.0000    160.65    2.8384      5.2469    1      0
     4   6   1    SD  3.3900e+22      9.58    0.1878  7.1660e+22  4.9576e+22  1.4455e+00    0.0443     15.53    1.2331      1.6638    0      0
     4   6   1    SD  3.3900e+22     10.30    0.2019  7.1660e+22  4.9576e+22  1.4455e+00    0.0443     15.53    1.3259      1.6638    0      0
     4   6   1    SD  3.3900e+22     11.16    0.2189  7.1660e+22  4.9576e+22  1.4455e+00    0.0471     15.53    1.4374      1.9012    0      0
     4   6   1    SD  3.3900e+22     11.76    0.2305  7.1660e+22  4.9576e+22  1.4455e+00    0.0471     15.53    1.5138      1.9012    0      0
     4   6   1    SD  3.3900e+22     11.89    0.2332  7.1660e+22  4.9576e+22  1.4455e+00    0.0471     15.53    1.5314      1.9012    0      0
     4   6   1    SD  3.3900e+22     12.15    0.2383  7.1660e+22  4.0818e+22  1.7556e+00    0.0860     19.28    1.2608      1.5832    0      0
     4   6   1    SD  3.3900e+22     13.19    0.2587  7.1660e+22  4.0818e+22  1.7556e+00    0.0947     19.28    1.3684      1.7892    0      0
     4   6   1    SD  3.3900e+22     14.37    0.2817  7.1660e+22  4.0818e+22  1.7556e+00    0.0987     19.28    1.4900      1.9427    0      0
     4   6   1    SD  3.3900e+22     15.73    0.3084  7.1660e+22  3.3395e+22  2.1458e+00    0.1597     21.91    1.4359      1.9219    0      0
     4   6   1    SD  3.3900e+22     17.25    0.3383  7.1660e+22  3.3395e+22  2.1458e+00    0.1648     21.91    1.5749      2.1135    0      0
     4   6   1    SD  3.3900e+22     18.26    0.3581  7.1660e+22  2.6621e+22  2.6919e+00    0.2403     24.30    1.5031      2.0434    1      0
     4   6   1    SD  3.3900e+22     19.04    0.3733  7.1660e+22  2.6621e+22  2.6919e+00    0.2440     24.30    1.5672      2.1459    1      0
     4   6   1    SD  3.3900e+22     21.12    0.4141  7.1660e+22  2.0818e+22  3.4422e+00    0.3269     26.29    1.6067      2.0878    1      0
     4   6   1    SD  3.3900e+22     21.83    0.4280  7.1660e+22  2.0818e+22  3.4422e+00    0.3366     26.29    1.6608      2.3001    1      0
     4   6   1    SD  3.3900e+22     23.55    0.4619  7.1660e+22  2.0818e+22  3.4422e+00    0.3422     26.29    1.7922      2.5838    1      0
     4   6   1    SD  3.3900e+22     26.33    0.5163  7.1660e+22  1.5218e+22  4.7090e+00    0.4568     28.20    1.8672      2.6830    1      0
     4   6   1    SD  3.3900e+22     26.49    0.5194  7.1660e+22  1.5218e+22  4.7090e+00    0.4568     28.20    1.8784      2.6830    1      0
     4   6   1    SD  3.3900e+22     30.07    0.5896  7.1660e+22  6.8126e+21  1.0519e+01    0.6846     31.28    1.9228      2.7057    1      0
     4   6   1    SD  3.3900e+22     30.54    0.5988  7.1660e+22  6.8126e+21  1.0519e+01    0.6874     31.28    1.9527      2.7628    1      0
     4   6   1    SD  3.3900e+22     33.98    0.6663  7.1660e+22  3.9623e+21  1.8085e+01    0.7990     32.43    2.0956      3.0922    1      0
     4   6   1    SD  3.3900e+22     34.75    0.6813  7.1660e+22  3.9623e+21  1.8085e+01    0.8015     32.43    2.1429      3.2043    1      0
     4   6   1    SD  3.3900e+22     36.61    0.7178  7.1660e+22  1.9865e+21  3.6074e+01    0.8866     33.23    2.2035      3.3495    1      0
     4   6   1    SD  3.3900e+22     39.72    0.7789  7.1660e+22  8.1021e+20  8.8446e+01    0.9483     33.70    2.3572      3.7227    1      0
     4   6   1    SD  3.3900e+22     41.89    0.8214  7.1660e+22  8.1021e+20  8.8446e+01    0.9504     33.70    2.4857      4.0910    1      0
     4   6   1    SD  3.3900e+22     44.33    0.8692  7.1660e+22  2.9079e+20  2.4644e+02    0.9810     33.91    2.6143      4.4643    1      0
     4   6   1    SD  3.3900e+22     46.63    0.9142  7.1660e+22  8.3837e+19  8.5476e+02    0.9948     34.00    2.7429      4.9078    1      0
     4   6   1    SD  3.3900e+22     48.85    0.9578  7.1660e+22  1.6757e+19  4.2766e+03    0.9999     34.02    2.8714      5.4553    1      0
     4   6   1    SD  3.3900e+22     51.00    1.0000  7.1660e+22  1.6757e+19  4.2766e+03    1.0000     34.02    2.9978      5.8165    1      0
     4   6   1   250  3.3900e+22     12.21    0.2143  2.9842e+01  2.1740e+01  1.3727e+00    0.0398     20.37    1.1990      1.4857    0      0
     4   6   1   250  3.3900e+22     13.14    0.2306  2.9842e+01  2.1740e+01  1.3727e+00    0.0442     20.37    1.2900      1.6633    0      0
     4   6   1   250  3.3900e+22     14.15    0.2482  2.9842e+01  2.1740e+01  1.3727e+00    0.0463     20.37    1.3889      1.7976    0      0
     4   6   1   250  3.3900e+22     14.24    0.2499  2.9842e+01  2.1740e+01  1.3727e+00    0.0463     20.37    1.3983      1.7976    0      0
     4   6   1   250  3.3900e+22     15.35    0.2692  2.9842e+01  1.9099e+01  1.5625e+00    0.0821     23.85    1.2870      1.7343    0      0
     4   6   1   250  3.3900e+22     16.55    0.2904  2.9842e+01  1.9099e+01  1.5625e+00    0.0844     23.85    1.3882      1.8375    0      0
     4   6   1   250  3.3900e+22     17.69    0.3103  2.9842e+01  1.9099e+01  1.5625e+00    0.0860     23.85    1.4833      2.0260    0      0
     4   6   1   250  3.3900e+22     17.95    0.3149  2.9842e+01  1.9099e+01  1.5625e+00    0.0860     23.85    1.5051      2.0260    0      0
     4   6   1   250  3.3900e+22     19.45    0.3412  2.9842e+01  1.6328e+01  1.8277e+00    0.1409     26.98    1.4416      1.9555    0      0
     4   6   1   250  3.3900e+22     19.74    0.3463  2.9842e+01  1.6328e+01  1.8277e+00    0.1409     26.98    1.4633      1.9555    0      0
     4   6   1   250  3.3900e+22     21.14    0.3709  2.9842e+01  1.3600e+01  2.1943e+00    0.2028     30.04    1.4076      1.7767    1      0
     4   6   1   250  3.3900e+22     22.99    0.4033  2.9842e+01  1.3600e+01  2.1943e+00    0.2142     30.04    1.5305      2.0886    1      0
     4   6   1   250  3.3900e+22     25.09    0.4402  2.9842e+01  1.0640e+01  2.8048e+00    0.3110     33.41    1.5022      2.0311    1      0
     4   6   1   250  3.3900e+22     27.49    0.4823  2.9842e+01  7.8677e+00  3.7930e+00    0.4233     36.53    1.5051      2.0168    1      0
     4   6   1   250  3.3900e+22     30.27    0.5311  2.9842e+01  5.6515e+00  5.2805e+00    0.5419     38.93    1.5554      2.1598    1      0
     4   6   1   250  3.3900e+22     33.69    0.5911  2.9842e+01  3.7662e+00  7.9237e+00    0.6626     40.97    1.6448      2.3492    1      0
     4   6   1   250  3.3900e+22     36.38    0.6382  2.9842e+01  2.2955e+00  1.3000e+01    0.7693     42.57    1.7089      2.4787    1      0
     4   6   1   250  3.3900e+22     38.47    0.6748  2.9842e+01  2.2955e+00  1.3000e+01    0.7751     42.57    1.8071      2.7351    1      0
     4   6   1   250  3.3900e+22     40.29    0.7068  2.9842e+01  1.2454e+00  2.3963e+01    0.8628     43.72    1.8428      2.8074    1      0
     4   6   1   250  3.3900e+22     43.76    0.7677  2.9842e+01  6.3745e-01  4.6815e+01    0.9239     44.39    1.9714      3.1669    1      0
     4   6   1   250  3.3900e+22     47.02    0.8249  2.9842e+01  2.8666e-01  1.0410e+02    0.9632     44.78    2.1000      3.5493    1      0
     4   6   1   250  3.3900e+22     50.12    0.8793  2.9842e+01  1.0567e-01  2.8242e+02    0.9860     44.98    2.2286      3.9371    1      0
     4   6   1   250  3.3900e+22     53.10    0.9316  2.9842e+01  3.5804e-02  8.3349e+02    0.9960     45.05    2.3571      4.3700    1      0
     4   6   1   250  3.3900e+22     56.03    0.9830  2.9842e+01  1.1363e-02  2.6263e+03    1.0000     45.08    2.4857      4.8537    1      0
     4   6   1   250  3.3900e+22     57.00    1.0000  2.9842e+01  1.1363e-02  2.6263e+03    1.0000     45.08    2.5287      5.0135    1      0
     4   6   1   350  3.3900e+22     18.26    0.2898  5.1554e+01  2.8159e+01  1.8308e+00    0.1278     26.96    1.3542      1.7892    0      0
     4   6   1   350  3.3900e+22     19.79    0.3141  5.1554e+01  2.8159e+01  1.8308e+00    0.1323     26.96    1.4681      1.9578    0      0
     4   6   1   350  3.3900e+22     20.72    0.3289  5.1554e+01  2.8159e+01  1.8308e+00    0.1334     26.96    1.5369      2.0546    0      0
     4   6   1   350  3.3900e+22     21.56    0.3422  5.1554e+01  2.3574e+01  2.1869e+00    0.1931     29.92    1.4412      1.8850    0      0
     4   6   1   350  3.3900e+22     23.51    0.3731  5.1554e+01  2.3574e+01  2.1869e+00    0.1997     29.92    1.5715      2.1853    0      0
     4   6   1   350  3.3900e+22     25.75    0.4088  5.1554e+01  1.8739e+01  2.7512e+00    0.2872     33.08    1.5570      2.1507    1      0
     4   6   1   350  3.3900e+22     27.55    0.4373  5.1554e+01  1.4336e+01  3.5961e+00    0.3818     35.96    1.5323      2.0557    1      0
     4   6   1   350  3.3900e+22     28.37    0.4503  5.1554e+01  1.4336e+01  3.5961e+00    0.3883     35.96    1.5778      2.2069    1      0
     4   6   1   350  3.3900e+22     31.52    0.5003  5.1554e+01  1.0871e+01  4.7424e+00    0.4877     38.15    1.6524      2.3523    1      0
     4   6   1   350  3.3900e+22     33.57    0.5329  5.1554e+01  7.8919e+00  6.5326e+00    0.5859     40.03    1.6776      2.4144    1      0
     4   6   1   350  3.3900e+22     35.54    0.5641  5.1554e+01  7.8919e+00  6.5326e+00    0.5903     40.03    1.7758      2.6116    1      0
     4   6   1   350  3.3900e+22     38.93    0.6179  5.1554e+01  5.4495e+00  9.4603e+00    0.6873     41.57    1.8731      2.8022    1      0
     4   6   1   350  3.3900e+22     41.38    0.6569  5.1554e+01  3.5324e+00  1.4595e+01    0.7758     42.81    1.9335      2.9656    1      0
     4   6   1   350  3.3900e+22     43.00    0.6826  5.1554e+01  2.2442e+00  2.2973e+01    0.8436     43.65    1.9703      3.1027    1      0
     4   6   1   350  3.3900e+22     46.46    0.7375  5.1554e+01  1.3258e+00  3.8886e+01    0.8997     44.25    2.1000      3.3786    1      0
     4   6   1   350  3.3900e+22     49.76    0.7898  5.1554e+01  7.0422e-01  7.3208e+01    0.9431     44.66    2.2286      3.7858    1      0
     4   6   1   350  3.3900e+22     52.90    0.8396  5.1554e+01  3.6128e-01  1.4270e+02    0.9699     44.88    2.3572      4.1495    1      0
     4   6   1   350  3.3900e+22     55.93    0.8877  5.1554e+01  1.8033e-01  2.8588e+02    0.9858     45.00    2.4857      4.6023    1      0
     4   6   1   350  3.3900e+22     58.90    0.9349  5.1554e+01  8.6489e-02  5.9608e+02    0.9948     45.06    2.6143      5.0201    1      0
     4   6   1   350  3.3900e+22     61.84    0.9816  5.1554e+01  3.8148e-02  1.3514e+03    1.0000     45.09    2.7429      5.5317    1      0
     4   6   1   350  3.3900e+22     63.00    1.0000  5.1554e+01  3.8148e-02  1.3514e+03    1.0000     45.09    2.7943      5.6981    1      0
     4   6   1   500  3.3900e+22     28.95    0.3712  3.6059e+01  1.3339e+01  2.7033e+00    0.2702     37.12    1.5600      2.1720    1      0
     4   6   1   500  3.3900e+22     29.36    0.3763  3.6059e+01  1.3339e+01  2.7033e+00    0.2702     37.12    1.5816      2.1720    1      0
     4   6   1   500  3.3900e+22     32.45    0.4160  3.6059e+01  1.0906e+01  3.3064e+00    0.3463     39.62    1.6381      2.3371    1      0
     4   6   1   500  3.3900e+22     36.24    0.4646  3.6059e+01  6.7513e+00  5.3411e+00    0.5065     43.90    1.6511      2.3313    1      0
     4   6   1   500  3.3900e+22     38.72    0.4964  3.6059e+01  6.7513e+00  5.3411e+00    0.5126     43.90    1.7640      2.6062    1      0
     4   6   1   500  3.3900e+22     41.17    0.5278  3.6059e+01  5.0684e+00  7.1145e+00    0.5975     45.65    1.8039      2.7115    1      0
     4   6   1   500  3.3900e+22     42.97    0.5509  3.6059e+01  3.7911e+00  9.5116e+00    0.6709     46.97    1.8295      2.7857    1      0
     4   6   1   500  3.3900e+22     47.96    0.6149  3.6059e+01  2.7282e+00  1.3217e+01    0.7429     48.07    1.9956      3.1369    1      0
     4   6   1   500  3.3900e+22     48.59    0.6230  3.6059e+01  1.8611e+00  1.9375e+01    0.8059     48.90    1.9875      3.1012    1      0
     4   6   1   500  3.3900e+22     51.95    0.6660  3.6059e+01  1.2567e+00  2.8693e+01    0.8586     49.48    2.1000      3.3914    1      0
     4   6   1   500  3.3900e+22     55.57    0.7125  3.6059e+01  8.4240e-01  4.2805e+01    0.8989     49.87    2.2286      3.7474    1      0
     4   6   1   500  3.3900e+22     59.10    0.7577  3.6059e+01  5.5680e-01  6.4762e+01    0.9293     50.15    2.3571      4.0990    1      0
     4   6   1   500  3.3900e+22     62.57    0.8021  3.6059e+01  3.5221e-01  1.0238e+02    0.9531     50.34    2.4857      4.4951    1      0
     4   6   1   500  3.3900e+22     66.07    0.8470  3.6059e+01  1.2267e-01  2.9396e+02    0.9829     50.56    2.6134      4.8896    1      0
     4   6   1   500  3.3900e+22     69.41    0.8898  3.6059e+01  7.1176e-02  5.0662e+02    0.9911     50.61    2.7429      5.3939    1      0
     4   6   1   500  3.3900e+22     72.71    0.9321  3.6059e+01  3.9064e-02  9.2308e+02    0.9966     50.64    2.8714      5.9299    1      0
     4   6   1   500  3.3900e+22     75.99    0.9742  3.6059e+01  2.0629e-02  1.7480e+03    1.0000     50.66    3.0000      6.4341    1      0
     4   6   1   500  3.3900e+22     78.00    1.0000  3.6059e+01  2.0629e-02  1.7480e+03    1.0000     50.66    3.0794      6.7389    1      0
     4   6   2    SD  3.3900e+22      9.34    0.1482  5.5456e+22  4.4273e+22  1.2526e+00    0.0145     16.00    1.1671      1.4464    0      0
     4   6   2    SD  3.3900e+22     12.65    0.2007  5.5456e+22  3.9278e+22  1.4119e+00    0.0361     19.91    1.2704      1.6504    0      0
     4   6   2    SD  3.3900e+22     13.68    0.2171  5.5456e+22  3.9278e+22  1.4119e+00    0.0388     19.91    1.3738      1.8569    0      0
     4   6   2    SD  3.3900e+22     14.89    0.2363  5.5456e+22  3.9278e+22  1.4119e+00    0.0388     19.91    1.4954      1.8569    0      0
     4   6   2    SD  3.3900e+22     16.16    0.2564  5.5456e+22  3.4670e+22  1.5995e+00    0.0677     22.95    1.4076      1.9237    0      0
     4   6   2    SD  3.3900e+22     17.59    0.2792  5.5456e+22  3.4670e+22  1.5995e+00    0.0689     22.95    1.5324      2.1251    0      0
     4   6   2    SD  3.3900e+22     18.70    0.2968  5.5456e+22  3.0142e+22  1.8398e+00    0.1044     25.77    1.4513      1.8947    0      0
     4   6   2    SD  3.3900e+22     19.20    0.3048  5.5456e+22  3.0142e+22  1.8398e+00    0.1062     25.77    1.4901      1.9860    0      0
     4   6   2    SD  3.3900e+22     21.06    0.3342  5.5456e+22  2.5996e+22  2.1333e+00    0.1486     28.26    1.4902      1.9082    0      0
     4   6   2    SD  3.3900e+22     22.57    0.3583  5.5456e+22  2.5996e+22  2.1333e+00    0.1552     28.26    1.5976      2.1705    0      0
     4   6   2    SD  3.3900e+22     23.17    0.3677  5.5456e+22  2.5996e+22  2.1333e+00    0.1561     28.26    1.6395      2.2562    0      0
     4   6   2    SD  3.3900e+22     25.62    0.4067  5.5456e+22  2.1822e+22  2.5413e+00    0.2159     30.83    1.6622      2.2648    1      0
     4   6   2    SD  3.3900e+22     26.73    0.4242  5.5456e+22  2.1822e+22  2.5413e+00    0.2178     30.83    1.7337      2.4046    1      0
     4   6   2    SD  3.3900e+22     28.52    0.4527  5.5456e+22  1.8133e+22  3.0584e+00    0.2857     33.23    1.7164      2.4728    1      0
     4   6   2    SD  3.3900e+22     32.04    0.5085  5.5456e+22  1.5173e+22  3.6549e+00    0.3531     35.16    1.8224      2.6313    1      0
     4   6   2    SD  3.3900e+22     33.25    0.5278  5.5456e+22  1.2470e+22  4.4472e+00    0.4212     36.94    1.8005      2.5382    1      0
     4   6   2    SD  3.3900e+22     36.31    0.5764  5.5456e+22  9.9628e+21  5.5663e+00    0.5022     38.60    1.8815      2.7216    1      0
     4   6   2    SD  3.3900e+22     38.28    0.6076  5.5456e+22  9.9628e+21  5.5663e+00    0.5065     38.60    1.9835      2.9538    1      0
     4   6   2    SD  3.3900e+22     41.37    0.6566  5.5456e+22  7.6027e+21  7.2943e+00    0.5942     40.16    2.0601      3.0855    1      0
     4   6   2    SD  3.3900e+22     43.57    0.6916  5.5456e+22  5.5932e+21  9.9149e+00    0.6795     41.49    2.1000      3.1527    1      0
     4   6   2    SD  3.3900e+22     47.48    0.7537  5.5456e+22  3.7141e+21  1.4931e+01    0.7720     42.81    2.2185      3.4335    1      0
     4   6   2    SD  3.3900e+22     48.32    0.7669  5.5456e+22  2.0898e+21  2.6537e+01    0.8565     43.98    2.1971      3.2404    1      0
     4   6   2    SD  3.3900e+22     52.74    0.8372  5.5456e+22  1.0252e+21  5.4091e+01    0.9277     44.75    2.3572      3.6883    1      0
     4   6   2    SD  3.3900e+22     56.14    0.8912  5.5456e+22  4.4163e+20  1.2557e+02    0.9688     45.17    2.4857      4.0392    1      0
     4   6   2    SD  3.3900e+22     59.31    0.9415  5.5456e+22  1.6260e+20  3.4105e+02    0.9903     45.38    2.6143      4.4187    1      0
     4   6   2    SD  3.3900e+22     62.34    0.9896  5.5456e+22  4.8210e+19  1.1503e+03    1.0000     45.46    2.7429      4.8432    1      0
     4   6   2    SD  3.3900e+22     63.00    1.0000  5.5456e+22  4.8210e+19  1.1503e+03    1.0000     45.46    2.7718      4.9004    1      0
     4   6   2   250  3.3900e+22     14.69    0.2128  2.7447e+01  2.2501e+01  1.2198e+00    0.0180     20.53    1.4304      1.7769    0      0
     4   6   2   250  3.3900e+22     14.87    0.2154  2.7447e+01  2.2501e+01  1.2198e+00    0.0180     20.53    1.4480      1.7769    0      0
     4   6   2   250  3.3900e+22     15.78    0.2287  2.7447e+01  2.0819e+01  1.3184e+00    0.0324     24.11    1.3091      1.7095    0      0
     4   6   2   250  3.3900e+22     16.98    0.2461  2.7447e+01  2.0819e+01  1.3184e+00    0.0336     24.11    1.4089      1.8684    0      0
     4   6   2   250  3.3900e+22     18.44    0.2672  2.7447e+01  1.9014e+01  1.4435e+00    0.0546     27.37    1.3475      1.7547    0      0
     4   6   2   250  3.3900e+22     19.91    0.2886  2.7447e+01  1.9014e+01  1.4435e+00    0.0565     27.37    1.4551      1.9175    0      0
     4   6   2   250  3.3900e+22     21.61    0.3132  2.7447e+01  1.7195e+01  1.5963e+00    0.0846     30.64    1.4105      1.8319    0      0
     4   6   2   250  3.3900e+22     23.46    0.3401  2.7447e+01  1.7195e+01  1.5963e+00    0.0876     30.64    1.5314      2.1191    0      0
     4   6   2   250  3.3900e+22     25.53    0.3700  2.7447e+01  1.5174e+01  1.8088e+00    0.1294     34.25    1.4910      2.0023    0      0
     4   6   2   250  3.3900e+22     27.83    0.4034  2.7447e+01  1.3208e+01  2.0781e+00    0.1817     37.63    1.4792      2.0372    0      0
     4   6   2   250  3.3900e+22     30.49    0.4419  2.7447e+01  1.1469e+01  2.3931e+00    0.2374     40.52    1.5050      2.0532    1      0
     4   6   2   250  3.3900e+22     33.47    0.4850  2.7447e+01  9.7494e+00  2.8153e+00    0.3040     43.37    1.5433      2.1036    1      0
     4   6   2   250  3.3900e+22     35.53    0.5149  2.7447e+01  9.7494e+00  2.8153e+00    0.3093     43.37    1.6385      2.3464    1      0
     4   6   2   250  3.3900e+22     36.79    0.5332  2.7447e+01  8.0369e+00  3.4152e+00    0.3862     46.19    1.5927      2.2691    1      0
     4   6   2   250  3.3900e+22     40.57    0.5880  2.7447e+01  6.3508e+00  4.3218e+00    0.4783     48.88    1.6602      2.3885    1      0
     4   6   2   250  3.3900e+22     45.06    0.6530  2.7447e+01  3.4974e+00  7.8480e+00    0.6632     53.11    1.6965      2.4031    1      0
     4   6   2   250  3.3900e+22     45.16    0.6545  2.7447e+01  3.4974e+00  7.8480e+00    0.6642     53.11    1.7004      2.4265    1      0
     4   6   2   250  3.3900e+22     50.75    0.7355  2.7447e+01  2.2504e+00  1.2197e+01    0.7691     54.99    1.8456      2.7211    1      0
     4   6   2   250  3.3900e+22     51.92    0.7525  2.7447e+01  1.3488e+00  2.0349e+01    0.8493     56.37    1.8422      2.7370    1      0
     4   6   2   250  3.3900e+22     56.45    0.8181  2.7447e+01  7.5861e-01  3.6181e+01    0.9110     57.27    1.9714      3.0493    1      0
     4   6   2   250  3.3900e+22     61.06    0.8849  2.7447e+01  1.8058e-01  1.5200e+02    0.9778     58.15    2.1000      3.4152    1      0
     4   6   2   250  3.3900e+22     64.99    0.9418  2.7447e+01  6.8252e-02  4.0214e+02    0.9934     58.32    2.2286      3.8309    1      0
     4   6   2   250  3.3900e+22     68.82    0.9973  2.7447e+01  2.3672e-02  1.1595e+03    1.0000     58.39    2.3571      4.2441    1      0
     4   6   2   250  3.3900e+22     69.00    1.0000  2.7447e+01  2.3672e-02  1.1595e+03    1.0000     58.39    2.3634      4.2544    1      0
     4   6   2   350  3.3900e+22     18.40    0.2359  4.7997e+01  3.2922e+01  1.4579e+00    0.0550     27.38    1.3441      1.7533    0      0
     4   6   2   350  3.3900e+22     19.87    0.2547  4.7997e+01  3.2922e+01  1.4579e+00    0.0570     27.38    1.4511      1.9159    0      0
     4   6   2   350  3.3900e+22     21.57    0.2765  4.7997e+01  2.9663e+01  1.6181e+00    0.0852     30.66    1.4065      1.8304    0      0
     4   6   2   350  3.3900e+22     23.41    0.3002  4.7997e+01  2.9663e+01  1.6181e+00    0.0880     30.66    1.5272      2.0365    0      0
     4   6   2   350  3.3900e+22     25.47    0.3266  4.7997e+01  2.6044e+01  1.8429e+00    0.1305     34.27    1.4866      2.0006    0      0
     4   6   2   350  3.3900e+22     25.70    0.3294  4.7997e+01  2.6044e+01  1.8429e+00    0.1312     34.27    1.4996      2.0601    0      0
     4   6   2   350  3.3900e+22     27.77    0.3560  4.7997e+01  2.2531e+01  2.1303e+00    0.1831     37.65    1.4750      2.0364    0      0
     4   6   2   350  3.3900e+22     30.42    0.3900  4.7997e+01  1.9455e+01  2.4671e+00    0.2385     40.51    1.5021      2.0551    1      0
     4   6   2   350  3.3900e+22     33.41    0.4284  4.7997e+01  1.6466e+01  2.9148e+00    0.3038     43.27    1.5444      2.1117    1      0
     4   6   2   350  3.3900e+22     35.91    0.4604  4.7997e+01  1.6466e+01  2.9148e+00    0.3090     43.27    1.6597      2.3565    1      0
     4   6   2   350  3.3900e+22     36.83    0.4721  4.7997e+01  1.3583e+01  3.5335e+00    0.3818     45.92    1.6037      2.2911    1      0
     4   6   2   350  3.3900e+22     40.88    0.5241  4.7997e+01  1.0855e+01  4.4218e+00    0.4668     48.39    1.6895      2.4936    1      0
     4   6   2   350  3.3900e+22     41.89    0.5371  4.7997e+01  1.0855e+01  4.4218e+00    0.4670     48.39    1.7313      2.5593    1      0
     4   6   2   350  3.3900e+22     45.85    0.5878  4.7997e+01  6.4696e+00  7.4188e+00    0.6286     52.03    1.7625      2.5868    1      0
     4   6   2   350  3.3900e+22     49.31    0.6322  4.7997e+01  4.5701e+00  1.0502e+01    0.7152     53.60    1.8397      2.7369    1      0
     4   6   2   350  3.3900e+22     52.78    0.6767  4.7997e+01  3.1293e+00  1.5338e+01    0.7897     54.82    1.9256      2.9212    1      0
     4   6   2   350  3.3900e+22     54.91    0.7040  4.7997e+01  2.0886e+00  2.2981e+01    0.8482     55.71    1.9714      3.0005    1      0
     4   6   2   350  3.3900e+22     59.16    0.7585  4.7997e+01  1.3448e+00  3.5691e+01    0.8968     56.35    2.1000      3.3455    1      0
     4   6   2   350  3.3900e+22     63.65    0.8160  4.7997e+01  4.3697e-01  1.0984e+02    0.9621     57.12    2.2286      3.7226    1      0
     4   6   2   350  3.3900e+22     67.53    0.8658  4.7997e+01  2.2804e-01  2.1047e+02    0.9801     57.30    2.3571      4.1134    1      0
     4   6   2   350  3.3900e+22     71.33    0.9146  4.7997e+01  1.1461e-01  4.1877e+02    0.9906     57.40    2.4857      4.5495    1      0
     4   6   2   350  3.3900e+22     75.10    0.9629  4.7997e+01  2.2117e-02  2.1701e+03    0.9999     57.48    2.6134      4.9924    1      0
     4   6   2   350  3.3900e+22     78.00    1.0000  4.7997e+01  2.2117e-02  2.1701e+03    1.0000     57.48    2.7142      5.3772    1      0
     4   6   2   500  3.3900e+22     27.42    0.3046  3.6377e+01  1.8821e+01  1.9328e+00    0.1444     38.75    1.4150      1.8806    0      0
     4   6   2   500  3.3900e+22     29.86    0.3317  3.6377e+01  1.8821e+01  1.9328e+00    0.1485     38.75    1.5408      2.1378    0      0
     4   6   2   500  3.3900e+22     32.63    0.3625  3.6377e+01  1.6509e+01  2.2035e+00    0.1970     41.84    1.5596      2.2302    0      0
     4   6   2   500  3.3900e+22     35.80    0.3977  3.6377e+01  1.4250e+01  2.5527e+00    0.2530     44.77    1.5991      2.2654    1      0
     4   6   2   500  3.3900e+22     38.44    0.4271  3.6377e+01  1.2069e+01  3.0142e+00    0.3168     47.59    1.6154      2.3519    1      0
     4   6   2   500  3.3900e+22     39.50    0.4389  3.6377e+01  1.0004e+01  3.6363e+00    0.3843     49.99    1.5804      2.2496    1      0
     4   6   2   500  3.3900e+22     44.02    0.4891  3.6377e+01  8.2731e+00  4.3971e+00    0.4547     51.96    1.6945      2.4657    1      0
     4   6   2   500  3.3900e+22     45.25    0.5028  3.6377e+01  6.6536e+00  5.4673e+00    0.5239     53.80    1.6820      2.4113    1      0
     4   6   2   500  3.3900e+22     49.84    0.5538  3.6377e+01  5.1485e+00  7.0656e+00    0.6034     55.53    1.7951      2.6660    1      0
     4   6   2   500  3.3900e+22     52.45    0.5827  3.6377e+01  3.9439e+00  9.2238e+00    0.6722     56.92    1.8429      2.7599    1      0
     4   6   2   500  3.3900e+22     58.02    0.6447  3.6377e+01  2.2557e+00  1.6127e+01    0.7858     58.86    1.9714      3.0501    1      0
     4   6   2   500  3.3900e+22     58.36    0.6484  3.6377e+01  2.2557e+00  1.6127e+01    0.7863     58.86    1.9829      3.0896    1      0
     4   6   2   500  3.3900e+22     62.92    0.6991  3.6377e+01  1.6350e+00  2.2249e+01    0.8352     59.57    2.1123      3.3758    1      0
     4   6   2   500  3.3900e+22     67.58    0.7508  3.6377e+01  7.6770e-01  4.7385e+01    0.9125     60.65    2.2286      3.6945    1      0
     4   6   2   500  3.3900e+22     72.14    0.8015  3.6377e+01  3.3198e-01  1.0958e+02    0.9584     61.21    2.3570      4.0420    1      0
     4   6   2   500  3.3900e+22     76.28    0.8475  3.6377e+01  2.0610e-01  1.7650e+02    0.9742     61.37    2.4857      4.4568    1      0
     4   6   2   500  3.3900e+22     80.36    0.8929  3.6377e+01  1.2628e-01  2.8808e+02    0.9849     61.48    2.6143      4.8898    1      0
     4   6   2   500  3.3900e+22     84.46    0.9384  3.6377e+01  4.3152e-02  8.4301e+02    0.9968     61.59    2.7429      5.3523    1      0
     4   6   2   500  3.3900e+22     88.45    0.9828  3.6377e+01  2.3990e-02  1.5164e+03    1.0000     61.61    2.8714      5.8896    1      0
     4   6   2   500  3.3900e+22     90.00    1.0000  3.6377e+01  2.3990e-02  1.5164e+03    1.0000     61.61    2.9216      6.0619    1      0
     4   6   3    SD  3.3900e+22     10.10    0.1202  4.1126e+22  3.6122e+22  1.1385e+00    0.0054     16.33    1.2367      1.5829    0      0
     4   6   3    SD  3.3900e+22     13.30    0.1584  4.1126e+22  3.3662e+22  1.2217e+00    0.0127     20.40    1.3047      1.6613    0      0
     4   6   3    SD  3.3900e+22     16.22    0.1931  4.1126e+22  3.1197e+22  1.3183e+00    0.0245     23.89    1.3578      1.8318    0      0
     4   6   3    SD  3.3900e+22     17.14    0.2040  4.1126e+22  3.1197e+22  1.3183e+00    0.0247     23.89    1.4351      1.8911    0      0
     4   6   3    SD  3.3900e+22     18.56    0.2210  4.1126e+22  2.8654e+22  1.4352e+00    0.0393     27.00    1.3748      1.7863    0      0
     4   6   3    SD  3.3900e+22     20.15    0.2399  4.1126e+22  2.8654e+22  1.4352e+00    0.0410     27.00    1.4925      2.0515    0      0
     4   6   3    SD  3.3900e+22     20.17    0.2401  4.1126e+22  2.8654e+22  1.4352e+00    0.0410     27.00    1.4935      2.0515    0      0
     4   6   3    SD  3.3900e+22     21.97    0.2615  4.1126e+22  2.6141e+22  1.5733e+00    0.0614     30.07    1.4611      2.0108    0      0
     4   6   3    SD  3.3900e+22     23.90    0.2845  4.1126e+22  2.6141e+22  1.5733e+00    0.0619     30.07    1.5896      2.1717    0      0
     4   6   3    SD  3.3900e+22     26.17    0.3115  4.1126e+22  2.3447e+22  1.7540e+00    0.0905     33.35    1.5693      2.1907    0      0
     4   6   3    SD  3.3900e+22     28.73    0.3421  4.1126e+22  2.0860e+22  1.9716e+00    0.1248     36.48    1.5752      2.2130    0      0
     4   6   3    SD  3.3900e+22     31.65    0.3768  4.1126e+22  1.8697e+22  2.1996e+00    0.1599     39.03    1.6217      2.2769    0      0
     4   6   3    SD  3.3900e+22     35.11    0.4180  4.1126e+22  1.6638e+22  2.4719e+00    0.2005     41.46    1.6936      2.4369    1      0
     4   6   3    SD  3.3900e+22     38.66    0.4603  4.1126e+22  1.4713e+22  2.7952e+00    0.2449     43.75    1.7674      2.5939    1      0
     4   6   3    SD  3.3900e+22     39.23    0.4671  4.1126e+22  1.2898e+22  3.1887e+00    0.2909     45.92    1.7088      2.4599    1      0
     4   6   3    SD  3.3900e+22     44.18    0.5259  4.1126e+22  1.1359e+22  3.6205e+00    0.3406     47.76    1.8502      2.7360    1      0
     4   6   3    SD  3.3900e+22     44.20    0.5262  4.1126e+22  1.1359e+22  3.6205e+00    0.3406     47.76    1.8510      2.7360    1      0
     4   6   3    SD  3.3900e+22     50.24    0.5981  4.1126e+22  8.4452e+21  4.8698e+00    0.4498     51.02    1.9696      2.9638    1      0
     4   6   3    SD  3.3900e+22     50.68    0.6033  4.1126e+22  8.4452e+21  4.8698e+00    0.4500     51.02    1.9868      2.9899    1      0
     4   6   3    SD  3.3900e+22     56.51    0.6728  4.1126e+22  6.0838e+21  6.7599e+00    0.5625     53.65    2.1067      3.2137    1      0
     4   6   3    SD  3.3900e+22     57.66    0.6865  4.1126e+22  5.0605e+21  8.1269e+00    0.6178     54.82    2.1037      3.1526    1      0
     4   6   3    SD  3.3900e+22     62.56    0.7447  4.1126e+22  4.0117e+21  1.0252e+01    0.6841     56.04    2.2327      3.4346    1      0
     4   6   3    SD  3.3900e+22     66.12    0.7871  4.1126e+22  1.9764e+21  2.0808e+01    0.8253     58.40    2.2645      3.3827    1      0
     4   6   3    SD  3.3900e+22     69.56    0.8282  4.1126e+22  1.1980e+21  3.4329e+01    0.8891     59.30    2.3463      3.5199    1      0
     4   6   3    SD  3.3900e+22     74.55    0.8875  4.1126e+22  6.0664e+20  6.7793e+01    0.9428     59.98    2.4857      3.8806    1      0
     4   6   3    SD  3.3900e+22     79.34    0.9445  4.1126e+22  9.0346e+19  4.5521e+02    0.9929     60.70    2.6143      4.2469    1      0
     4   6   3    SD  3.3900e+22     83.36    0.9924  4.1126e+22  2.6457e+19  1.5544e+03    1.0000     60.79    2.7429      4.6362    1      0
     4   6   3    SD  3.3900e+22     84.00    1.0000  4.1126e+22  2.6457e+19  1.5544e+03    1.0000     60.79    2.7638      4.6820    1      0
     4   6   3   250  3.3900e+22     17.50    0.1945  2.4087e+01  2.0234e+01  1.1904e+00    0.0131     24.53    1.4267      1.9437    0      0
     4   6   3   250  3.3900e+22     20.49    0.2277  2.4087e+01  1.9106e+01  1.2607e+00    0.0224     28.00    1.4637      1.9544    0      0
     4   6   3   250  3.3900e+22     22.17    0.2463  2.4087e+01  1.7925e+01  1.3437e+00    0.0349     31.53    1.4059      1.8960    0      0
     4   6   3   250  3.3900e+22     23.94    0.2660  2.4087e+01  1.7925e+01  1.3437e+00    0.0353     31.53    1.5183      2.0457    0      0
     4   6   3   250  3.3900e+22     25.99    0.2888  2.4087e+01  1.6585e+01  1.4523e+00    0.0538     35.41    1.4678      2.0388    0      0
     4   6   3   250  3.3900e+22     27.82    0.3092  2.4087e+01  1.5223e+01  1.5822e+00    0.0766     39.08    1.4240      1.9452    0      0
     4   6   3   250  3.3900e+22     28.19    0.3133  2.4087e+01  1.5223e+01  1.5822e+00    0.0766     39.08    1.4429      1.9452    0      0
     4   6   3   250  3.3900e+22     30.70    0.3411  2.4087e+01  1.4019e+01  1.7182e+00    0.1021     42.27    1.4524      1.9932    0      0
     4   6   3   250  3.3900e+22     33.54    0.3727  2.4087e+01  1.2815e+01  1.8796e+00    0.1328     45.33    1.4800      2.0669    0      0
     4   6   3   250  3.3900e+22     36.73    0.4081  2.4087e+01  1.1632e+01  2.0707e+00    0.1685     48.29    1.5210      2.1586    0      0
     4   6   3   250  3.3900e+22     40.41    0.4491  2.4087e+01  1.0463e+01  2.3021e+00    0.2098     50.91    1.5876      2.2746    1      0
     4   6   3   250  3.3900e+22     44.68    0.4964  2.4087e+01  9.4265e+00  2.5552e+00    0.2521     53.23    1.6787      2.4603    1      0
     4   6   3   250  3.3900e+22     48.18    0.5353  2.4087e+01  7.3199e+00  3.2906e+00    0.3520     57.89    1.6646      2.3282    1      0
     4   6   3   250  3.3900e+22     49.61    0.5513  2.4087e+01  7.3199e+00  3.2906e+00    0.3547     57.89    1.7142      2.4710    1      0
     4   6   3   250  3.3900e+22     55.26    0.6140  2.4087e+01  5.4431e+00  4.4252e+00    0.4711     62.28    1.7745      2.5682    1      0
     4   6   3   250  3.3900e+22     61.59    0.6844  2.4087e+01  3.6993e+00  6.5112e+00    0.6051     66.63    1.8489      2.7022    1      0
     4   6   3   250  3.3900e+22     62.11    0.6901  2.4087e+01  3.6993e+00  6.5112e+00    0.6057     66.63    1.8644      2.7647    1      0
     4   6   3   250  3.3900e+22     68.92    0.7658  2.4087e+01  2.0168e+00  1.1943e+01    0.7611     70.82    1.9464      2.9030    1      0
     4   6   3   250  3.3900e+22     72.15    0.8017  2.4087e+01  8.3388e-01  2.8885e+01    0.8883     73.80    1.9554      2.8813    1      0
     4   6   3   250  3.3900e+22     79.09    0.8788  2.4087e+01  2.3287e-01  1.0343e+02    0.9670     75.32    2.1000      3.2723    1      0
     4   6   3   250  3.3900e+22     84.41    0.9378  2.4087e+01  4.2294e-02  5.6950e+02    0.9952     75.81    2.2269      3.6330    1      0
     4   6   3   250  3.3900e+22     89.42    0.9936  2.4087e+01  1.5006e-02  1.6051e+03    1.0000     75.87    2.3571      4.0700    1      0
     4   6   3   250  3.3900e+22     90.00    1.0000  2.4087e+01  1.5006e-02  1.6051e+03    1.0000     75.87    2.3723      4.1226    1      0
     4   6   3   350  3.3900e+22     20.23    0.2107  4.1815e+01  3.2848e+01  1.2730e+00    0.0234     27.88    1.4510      1.9654    0      0
     4   6   3   350  3.3900e+22     21.91    0.2283  4.1815e+01  3.0756e+01  1.3596e+00    0.0364     31.37    1.3969      1.9080    0      0
     4   6   3   350  3.3900e+22     23.67    0.2466  4.1815e+01  3.0756e+01  1.3596e+00    0.0367     31.37    1.5090      2.0588    0      0
     4   6   3   350  3.3900e+22     24.63    0.2566  4.1815e+01  2.8388e+01  1.4730e+00    0.0545     35.20    1.3994      1.8581    0      0
     4   6   3   350  3.3900e+22     25.68    0.2675  4.1815e+01  2.8388e+01  1.4730e+00    0.0556     35.20    1.4590      1.9953    0      0
     4   6   3   350  3.3900e+22     27.91    0.2907  4.1815e+01  2.5983e+01  1.6093e+00    0.0793     38.86    1.4364      1.9583    0      0
     4   6   3   350  3.3900e+22     30.35    0.3161  4.1815e+01  2.3857e+01  1.7527e+00    0.1051     42.03    1.4440      1.9684    0      0
     4   6   3   350  3.3900e+22     33.19    0.3457  4.1815e+01  2.1732e+01  1.9242e+00    0.1361     45.08    1.4724      2.0127    0      0
     4   6   3   350  3.3900e+22     36.35    0.3787  4.1815e+01  1.9644e+01  2.1286e+00    0.1730     48.07    1.5126      2.1118    0      0
     4   6   3   350  3.3900e+22     36.84    0.3838  4.1815e+01  1.9644e+01  2.1286e+00    0.1740     48.07    1.5329      2.1720    0      0
     4   6   3   350  3.3900e+22     39.98    0.4164  4.1815e+01  1.7582e+01  2.3783e+00    0.2154     50.68    1.5777      2.2041    1      0
     4   6   3   350  3.3900e+22     44.19    0.4603  4.1815e+01  1.5755e+01  2.6541e+00    0.2598     52.99    1.6677      2.3919    1      0
     4   6   3   350  3.3900e+22     48.04    0.5004  4.1815e+01  1.2062e+01  3.4667e+00    0.3616     57.62    1.6675      2.3232    1      0
     4   6   3   350  3.3900e+22     49.05    0.5109  4.1815e+01  1.2062e+01  3.4667e+00    0.3643     57.62    1.7027      2.4450    1      0
     4   6   3   350  3.3900e+22     54.76    0.5704  4.1815e+01  8.8640e+00  4.7175e+00    0.4799     61.82    1.7717      2.5519    1      0
     4   6   3   350  3.3900e+22     60.39    0.6291  4.1815e+01  6.0931e+00  6.8628e+00    0.6035     65.73    1.8376      2.6866    1      0
     4   6   3   350  3.3900e+22     61.44    0.6400  4.1815e+01  6.0931e+00  6.8628e+00    0.6046     65.73    1.8695      2.7486    1      0
     4   6   3   350  3.3900e+22     68.37    0.7122  4.1815e+01  3.6186e+00  1.1556e+01    0.7383     69.22    1.9755      2.9640    1      0
     4   6   3   350  3.3900e+22     69.96    0.7288  4.1815e+01  2.6737e+00  1.5640e+01    0.7954     70.55    1.9833      2.9657    1      0
     4   6   3   350  3.3900e+22     76.23    0.7941  4.1815e+01  1.2279e+00  3.4055e+01    0.8963     72.60    2.1000      3.2491    1      0
     4   6   3   350  3.3900e+22     82.12    0.8554  4.1815e+01  4.6947e-01  8.9070e+01    0.9578     73.69    2.2286      3.6109    1      0
     4   6   3   350  3.3900e+22     87.27    0.9091  4.1815e+01  1.3954e-01  2.9967e+02    0.9884     74.17    2.3533      3.9754    1      0
     4   6   3   350  3.3900e+22     92.31    0.9615  4.1815e+01  6.8424e-02  6.1112e+02    0.9960     74.27    2.4857      4.4031    1      0
     4   6   3   350  3.3900e+22     96.00    1.0000  4.1815e+01  3.2362e-02  1.2921e+03    1.0000     74.32    2.5833      4.7505    1      0
     4   6   3   500  3.3900e+22     27.08    0.2507  3.3222e+01  2.1710e+01  1.5303e+00    0.0659     39.57    1.3689      1.7934    0      0
     4   6   3   500  3.3900e+22     29.34    0.2717  3.3222e+01  2.1710e+01  1.5303e+00    0.0682     39.57    1.4833      2.0048    0      0
     4   6   3   500  3.3900e+22     31.86    0.2950  3.3222e+01  2.0046e+01  1.6573e+00    0.0918     42.94    1.4841      2.0318    0      0
     4   6   3   500  3.3900e+22     34.70    0.3213  3.3222e+01  1.8352e+01  1.8102e+00    0.1207     46.23    1.5013      2.1033    0      0
     4   6   3   500  3.3900e+22     37.91    0.3511  3.3222e+01  1.6658e+01  1.9944e+00    0.1546     49.32    1.5374      2.1598    0      0
     4   6   3   500  3.3900e+22     41.57    0.3849  3.3222e+01  1.4958e+01  2.2211e+00    0.1946     52.19    1.5932      2.2575    0      0
     4   6   3   500  3.3900e+22     44.65    0.4134  3.3222e+01  1.3435e+01  2.4728e+00    0.2356     54.73    1.6317      2.3736    1      0
     4   6   3   500  3.3900e+22     45.77    0.4238  3.3222e+01  1.1899e+01  2.7920e+00    0.2811     57.23    1.5994      2.2550    1      0
     4   6   3   500  3.3900e+22     50.65    0.4689  3.3222e+01  1.0345e+01  3.2114e+00    0.3366     59.76    1.6950      2.4389    1      0
     4   6   3   500  3.3900e+22     54.03    0.5003  3.3222e+01  7.7248e+00  4.3007e+00    0.4418     64.46    1.6766      2.3614    1      0
     4   6   3   500  3.3900e+22     56.48    0.5230  3.3222e+01  7.7248e+00  4.3007e+00    0.4455     64.46    1.7524      2.5739    1      0
     4   6   3   500  3.3900e+22     63.74    0.5902  3.3222e+01  4.5256e+00  7.3409e+00    0.6155     70.15    1.8173      2.6941    1      0
     4   6   3   500  3.3900e+22     65.33    0.6049  3.3222e+01  4.5256e+00  7.3409e+00    0.6168     70.15    1.8624      2.7944    1      0
     4   6   3   500  3.3900e+22     72.42    0.6706  3.3222e+01  2.2605e+00  1.4697e+01    0.7739     74.16    1.9531      2.9673    1      0
     4   6   3   500  3.3900e+22     73.90    0.6843  3.3222e+01  2.2605e+00  1.4697e+01    0.7752     74.16    1.9930      3.0789    1      0
     4   6   3   500  3.3900e+22     79.70    0.7380  3.3222e+01  1.2765e+00  2.6025e+01    0.8598     75.91    2.1000      3.3402    1      0
     4   6   3   500  3.3900e+22     85.80    0.7944  3.3222e+01  6.5814e-01  5.0479e+01    0.9215     77.00    2.2286      3.6701    1      0
     4   6   3   500  3.3900e+22     91.49    0.8472  3.3222e+01  3.0144e-01  1.1021e+02    0.9623     77.63    2.3571      4.0692    1      0
     4   6   3   500  3.3900e+22     96.87    0.8969  3.3222e+01  1.2764e-01  2.6027e+02    0.9848     77.94    2.4857      4.4823    1      0
     4   6   3   500  3.3900e+22    102.01    0.9446  3.3222e+01  4.5178e-02  7.3536e+02    0.9968     78.09    2.6129      4.8929    1      0
     4   6   3   500  3.3900e+22    107.14    0.9920  3.3222e+01  2.5922e-02  1.2816e+03    1.0000     78.12    2.7429      5.3862    1      0
     4   6   3   500  3.3900e+22    108.00    1.0000  3.3222e+01  2.5922e-02  1.2816e+03    1.0000     78.12    2.7650      5.4561    1      0
     4   6   4    SD  3.3900e+22     11.40    0.1000  2.9667e+22  2.7632e+22  1.0736e+00    0.0018     16.61    1.3725      1.7661    0      0
     4   6   4    SD  3.3900e+22     20.09    0.1763  2.9667e+22  2.4198e+22  1.2260e+00    0.0135     27.90    1.4403      1.8689    0      0
     4   6   4    SD  3.3900e+22     23.61    0.2071  2.9667e+22  2.2938e+22  1.2934e+00    0.0213     31.36    1.5053      2.0605    0      0
     4   6   4    SD  3.3900e+22     25.58    0.2244  2.9667e+22  2.1473e+22  1.3816e+00    0.0322     35.29    1.4499      1.9336    0      0
     4   6   4    SD  3.3900e+22     27.73    0.2432  2.9667e+22  2.0006e+22  1.4829e+00    0.0462     38.91    1.4252      1.9551    0      0
     4   6   4    SD  3.3900e+22     30.21    0.2650  2.9667e+22  1.8687e+22  1.5876e+00    0.0614     42.10    1.4354      1.9621    0      0
     4   6   4    SD  3.3900e+22     32.95    0.2890  2.9667e+22  1.8687e+22  1.5876e+00    0.0626     42.10    1.5653      2.2087    0      0
     4   6   4    SD  3.3900e+22     36.04    0.3161  2.9667e+22  1.6077e+22  1.8453e+00    0.1005     48.27    1.4932      2.0137    0      0
     4   6   4    SD  3.3900e+22     36.98    0.3244  2.9667e+22  1.6077e+22  1.8453e+00    0.1021     48.27    1.5323      2.1618    0      0
     4   6   4    SD  3.3900e+22     39.65    0.3478  2.9667e+22  1.4792e+22  2.0056e+00    0.1267     50.90    1.5578      2.1920    0      0
     4   6   4    SD  3.3900e+22     43.67    0.3831  2.9667e+22  1.3660e+22  2.1718e+00    0.1528     53.22    1.6412      2.3526    0      0
     4   6   4    SD  3.3900e+22     48.53    0.4257  2.9667e+22  1.1393e+22  2.6040e+00    0.2137     57.86    1.6777      2.3947    1      0
     4   6   4    SD  3.3900e+22     49.96    0.4383  2.9667e+22  1.1393e+22  2.6040e+00    0.2147     57.86    1.7271      2.5207    1      0
     4   6   4    SD  3.3900e+22     54.28    0.4761  2.9667e+22  9.4993e+21  3.1230e+00    0.2789     61.92    1.7532      2.5228    1      0
     4   6   4    SD  3.3900e+22     60.28    0.5288  2.9667e+22  7.9013e+21  3.7547e+00    0.3469     65.56    1.8391      2.6806    1      0
     4   6   4    SD  3.3900e+22     61.17    0.5366  2.9667e+22  7.9013e+21  3.7547e+00    0.3478     65.56    1.8662      2.7585    1      0
     4   6   4    SD  3.3900e+22     69.00    0.6052  2.9667e+22  6.4209e+21  4.6204e+00    0.4244     68.93    2.0018      3.0506    1      0
     4   6   4    SD  3.3900e+22     69.79    0.6122  2.9667e+22  5.7875e+21  5.1260e+00    0.4607     70.38    1.9834      2.9777    1      0
     4   6   4    SD  3.3900e+22     76.88    0.6744  2.9667e+22  4.5834e+21  6.4727e+00    0.5414     73.14    2.1023      3.2375    1      0
     4   6   4    SD  3.3900e+22     80.42    0.7055  2.9667e+22  4.0507e+21  7.3240e+00    0.5813     74.37    2.1627      3.3352    1      0
     4   6   4    SD  3.3900e+22     85.89    0.7534  2.9667e+22  3.0372e+21  9.7677e+00    0.6657     76.72    2.2390      3.4709    1      0
     4   6   4    SD  3.3900e+22     92.74    0.8135  2.9667e+22  2.0243e+21  1.4656e+01    0.7630     79.08    2.3455      3.6674    1      0
     4   6   4    SD  3.3900e+22     94.25    0.8267  2.9667e+22  1.5302e+21  1.9387e+01    0.8148     80.23    2.3493      3.6450    1      0
     4   6   4    SD  3.3900e+22    103.21    0.9053  2.9667e+22  3.1695e+20  9.3602e+01    0.9579     83.07    2.4849      3.8423    1      0
     4   6   4    SD  3.3900e+22    109.41    0.9597  2.9667e+22  4.6590e+19  6.3677e+02    0.9950     83.70    2.6143      4.2117    1      0
     4   6   4    SD  3.3900e+22    114.00    1.0000  2.9667e+22  1.3441e+19  2.2072e+03    1.0000     83.78    2.7215      4.5200    1      0
     4   6   4   250  3.3900e+22     12.21    0.1017  2.0140e+01  1.8702e+01  1.0769e+00    0.0020     20.86    1.1701      1.4463    0      0
     4   6   4   250  3.3900e+22     27.11    0.2259  2.0140e+01  1.5238e+01  1.3217e+00    0.0287     40.54    1.3375      1.7440    0      0
     4   6   4   250  3.3900e+22     29.26    0.2438  2.0140e+01  1.5238e+01  1.3217e+00    0.0298     40.54    1.4435      1.9473    0      0
     4   6   4   250  3.3900e+22     31.70    0.2642  2.0140e+01  1.4455e+01  1.3932e+00    0.0408     44.18    1.4351      1.9630    0      0
     4   6   4   250  3.3900e+22     34.38    0.2865  2.0140e+01  1.3649e+01  1.4755e+00    0.0545     47.84    1.4373      2.0241    0      0
     4   6   4   250  3.3900e+22     37.33    0.3111  2.0140e+01  1.2832e+01  1.5695e+00    0.0706     50.93    1.4659      2.0424    0      0
     4   6   4   250  3.3900e+22     40.71    0.3392  2.0140e+01  1.1997e+01  1.6787e+00    0.0900     54.05    1.5063      2.1056    0      0
     4   6   4   250  3.3900e+22     44.51    0.3710  2.0140e+01  1.1242e+01  1.7916e+00    0.1105     56.76    1.5686      2.2132    0      0
     4   6   4   250  3.3900e+22     47.67    0.3973  2.0140e+01  1.0468e+01  1.9240e+00    0.1341     59.53    1.6017      2.3071    0      0
     4   6   4   250  3.3900e+22     48.89    0.4074  2.0140e+01  9.6691e+00  2.0829e+00    0.1611     62.56    1.5631      2.2155    0      0
     4   6   4   250  3.3900e+22     53.98    0.4498  2.0140e+01  8.9499e+00  2.2503e+00    0.1900     65.31    1.6529      2.3887    0      0
     4   6   4   250  3.3900e+22     59.91    0.4993  2.0140e+01  7.6817e+00  2.6218e+00    0.2483     70.05    1.7105      2.5204    1      0
     4   6   4   250  3.3900e+22     63.41    0.5284  2.0140e+01  6.4514e+00  3.1218e+00    0.3159     74.60    1.7001      2.4563    1      0
     4   6   4   250  3.3900e+22     66.94    0.5578  2.0140e+01  5.8900e+00  3.4194e+00    0.3525     76.66    1.7464      2.5524    1      0
     4   6   4   250  3.3900e+22     75.27    0.6273  2.0140e+01  4.3394e+00  4.6412e+00    0.4705     82.26    1.8302      2.7006    1      0
     4   6   4   250  3.3900e+22     75.70    0.6309  2.0140e+01  4.3394e+00  4.6412e+00    0.4706     82.26    1.8406      2.7106    1      0
     4   6   4   250  3.3900e+22     84.91    0.7076  2.0140e+01  2.9305e+00  6.8725e+00    0.6065     87.67    1.9370      2.8954    1      0
     4   6   4   250  3.3900e+22     86.50    0.7208  2.0140e+01  2.9305e+00  6.8725e+00    0.6072     87.67    1.9734      2.9747    1      0
     4   6   4   250  3.3900e+22     95.22    0.7935  2.0140e+01  1.5378e+00  1.3097e+01    0.7715     93.12    2.0451      3.0636    1      0
     4   6   4   250  3.3900e+22    100.72    0.8393  2.0140e+01  7.5280e-01  2.6753e+01    0.8796     96.16    2.0947      3.1528    1      0
     4   6   4   250  3.3900e+22    109.77    0.9147  2.0140e+01  1.2748e-01  1.5798e+02    0.9780     98.51    2.2286      3.4651    1      0
     4   6   4   250  3.3900e+22    116.56    0.9714  2.0140e+01  2.2719e-02  8.8648e+02    0.9971     98.90    2.3571      3.8464    1      0
     4   6   4   250  3.3900e+22    120.00    1.0000  2.0140e+01  8.0178e-03  2.5119e+03    1.0000     98.96    2.4253      4.0753    1      0
     4   6   4   350  3.3900e+22     18.10    0.1437  3.4409e+01  2.9697e+01  1.1586e+00    0.0080     28.35    1.2769      1.6116    0      0
     4   6   4   350  3.3900e+22     26.64    0.2115  3.4409e+01  2.7116e+01  1.2689e+00    0.0215     36.29    1.4685      1.9798    0      0
     4   6   4   350  3.3900e+22     28.77    0.2283  3.4409e+01  2.5657e+01  1.3411e+00    0.0315     40.20    1.4314      1.9657    0      0
     4   6   4   350  3.3900e+22     31.21    0.2477  3.4409e+01  2.4302e+01  1.4159e+00    0.0428     43.75    1.4266      1.9468    0      0
     4   6   4   350  3.3900e+22     33.56    0.2663  3.4409e+01  2.2909e+01  1.5020e+00    0.0567     47.31    1.4186      1.9662    0      0
     4   6   4   350  3.3900e+22     33.90    0.2690  3.4409e+01  2.2909e+01  1.5020e+00    0.0567     47.31    1.4329      1.9662    0      0
     4   6   4   350  3.3900e+22     36.79    0.2920  3.4409e+01  2.1498e+01  1.6006e+00    0.0737     50.43    1.4589      2.0384    0      0
     4   6   4   350  3.3900e+22     40.16    0.3187  3.4409e+01  2.0057e+01  1.7155e+00    0.0936     53.50    1.5011      2.0796    0      0
     4   6   4   350  3.3900e+22     43.88    0.3483  3.4409e+01  1.8755e+01  1.8347e+00    0.1150     56.20    1.5617      2.2151    0      0
     4   6   4   350  3.3900e+22     44.42    0.3526  3.4409e+01  1.8755e+01  1.8347e+00    0.1151     56.20    1.5809      2.2402    0      0
     4   6   4   350  3.3900e+22     48.24    0.3829  3.4409e+01  1.6048e+01  2.1441e+00    0.1663     61.90    1.5588      2.1500    0      0
     4   6   4   350  3.3900e+22     53.23    0.4224  3.4409e+01  1.4813e+01  2.3229e+00    0.1969     64.63    1.6470      2.3803    0      0
     4   6   4   350  3.3900e+22     59.09    0.4690  3.4409e+01  1.2641e+01  2.7220e+00    0.2567     69.35    1.7042      2.4793    1      0
     4   6   4   350  3.3900e+22     63.26    0.5020  3.4409e+01  1.0546e+01  3.2628e+00    0.3256     73.83    1.7134      2.4623    1      0
     4   6   4   350  3.3900e+22     66.09    0.5245  3.4409e+01  9.5933e+00  3.5867e+00    0.3625     75.86    1.7424      2.5379    1      0
     4   6   4   350  3.3900e+22     73.34    0.5820  3.4409e+01  7.8233e+00  4.3982e+00    0.4412     79.59    1.8429      2.7468    1      0
     4   6   4   350  3.3900e+22     74.41    0.5906  3.4409e+01  7.8233e+00  4.3982e+00    0.4416     79.59    1.8699      2.8144    1      0
     4   6   4   350  3.3900e+22     83.67    0.6641  3.4409e+01  5.4033e+00  6.3681e+00    0.5710     84.70    1.9758      2.9989    1      0
     4   6   4   350  3.3900e+22     84.16    0.6680  3.4409e+01  4.6420e+00  7.4124e+00    0.6165     86.45    1.9471      2.8833    1      0
     4   6   4   350  3.3900e+22     95.46    0.7576  3.4409e+01  2.5560e+00  1.3462e+01    0.7653     91.23    2.0929      3.1938    1      0
     4   6   4   350  3.3900e+22     96.28    0.7641  3.4409e+01  1.9828e+00  1.7354e+01    0.8103     92.52    2.0814      3.1366    1      0
     4   6   4   350  3.3900e+22    106.38    0.8442  3.4409e+01  6.7329e-01  5.1105e+01    0.9285     95.46    2.2286      3.4736    1      0
     4   6   4   350  3.3900e+22    113.76    0.9028  3.4409e+01  2.5707e-01  1.3385e+02    0.9718     96.39    2.3604      3.8254    1      0
     4   6   4   350  3.3900e+22    120.39    0.9555  3.4409e+01  3.7508e-02  9.1738e+02    0.9973     96.87    2.4857      4.2150    1      0
     4   6   4   350  3.3900e+22    126.00    1.0000  3.4409e+01  1.7536e-02  1.9622e+03    1.0000     96.91    2.6003      4.5954    1      0
     4   6   4   500  3.3900e+22     24.49    0.1814  2.8126e+01  2.2538e+01  1.2479e+00    0.0188     36.42    1.3448      1.7874    0      0
     4   6   4   500  3.3900e+22     27.42    0.2031  2.8126e+01  2.1401e+01  1.3143e+00    0.0277     40.39    1.3577      1.7881    0      0
     4   6   4   500  3.3900e+22     29.62    0.2194  2.8126e+01  2.1401e+01  1.3143e+00    0.0285     40.39    1.4665      2.0029    0      0
     4   6   4   500  3.3900e+22     32.11    0.2379  2.8126e+01  2.0335e+01  1.3831e+00    0.0391     44.01    1.4594      2.0093    0      0
     4   6   4   500  3.3900e+22     34.84    0.2581  2.8126e+01  1.9231e+01  1.4626e+00    0.0521     47.67    1.4615      2.0294    0      0
     4   6   4   500  3.3900e+22     37.81    0.2801  2.8126e+01  1.8102e+01  1.5537e+00    0.0678     50.83    1.4877      2.0743    0      0
     4   6   4   500  3.3900e+22     41.20    0.3052  2.8126e+01  1.6939e+01  1.6604e+00    0.0868     54.03    1.5251      2.1562    0      0
     4   6   4   500  3.3900e+22     45.04    0.3336  2.8126e+01  1.4780e+01  1.9031e+00    0.1287     59.72    1.5083      2.0748    0      0
     4   6   4   500  3.3900e+22     49.38    0.3658  2.8126e+01  1.3638e+01  2.0624e+00    0.1573     62.92    1.5696      2.2169    0      0
     4   6   4   500  3.3900e+22     53.20    0.3941  2.8126e+01  1.2602e+01  2.2319e+00    0.1861     65.84    1.6162      2.3285    0      0
     4   6   4   500  3.3900e+22     54.39    0.4029  2.8126e+01  1.1645e+01  2.4153e+00    0.2144     68.44    1.5893      2.2587    1      0
     4   6   4   500  3.3900e+22     60.19    0.4458  2.8126e+01  9.8680e+00  2.8503e+00    0.2773     73.24    1.6436      2.3504    1      0
     4   6   4   500  3.3900e+22     66.72    0.4942  2.8126e+01  8.1380e+00  3.4562e+00    0.3522     77.84    1.7143      2.5067    1      0
     4   6   4   500  3.3900e+22     67.06    0.4968  2.8126e+01  8.1380e+00  3.4562e+00    0.3522     77.84    1.7231      2.5067    1      0
     4   6   4   500  3.3900e+22     75.19    0.5570  2.8126e+01  5.8786e+00  4.7845e+00    0.4720     83.67    1.7973      2.6297    1      0
     4   6   4   500  3.3900e+22     77.69    0.5755  2.8126e+01  5.8786e+00  4.7845e+00    0.4735     83.67    1.8569      2.7753    1      0
     4   6   4   500  3.3900e+22     85.02    0.6298  2.8126e+01  3.9618e+00  7.0995e+00    0.6017     89.05    1.9094      2.8755    1      0
     4   6   4   500  3.3900e+22     89.53    0.6632  2.8126e+01  3.3885e+00  8.3005e+00    0.6465     90.65    1.9753      3.0247    1      0
     4   6   4   500  3.3900e+22     97.77    0.7242  2.8126e+01  1.9546e+00  1.4390e+01    0.7720     94.57    2.0676      3.1962    1      0
     4   6   4   500  3.3900e+22    100.13    0.7417  2.8126e+01  1.5543e+00  1.8096e+01    0.8116     95.67    2.0933      3.2385    1      0
     4   6   4   500  3.3900e+22    109.14    0.8085  2.8126e+01  6.9033e-01  4.0744e+01    0.9076     97.95    2.2286      3.5530    1      0
     4   6   4   500  3.3900e+22    116.65    0.8641  2.8126e+01  3.5796e-01  7.8573e+01    0.9503     98.82    2.3608      3.8962    1      0
     4   6   4   500  3.3900e+22    123.61    0.9157  2.8126e+01  1.0867e-01  2.5882e+02    0.9861     99.48    2.4852      4.2856    1      0
     4   6   4   500  3.3900e+22    130.26    0.9649  2.8126e+01  4.2387e-02  6.6357e+02    0.9970     99.65    2.6143      4.7289    1      0
     4   6   4   500  3.3900e+22    135.00    1.0000  2.8126e+01  2.5510e-02  1.1026e+03    1.0000     99.70    2.7082      5.0380    1      0
     4   6   5    SD  3.3900e+22     19.49    0.1249  2.0984e+22  1.8800e+22  1.1162e+00    0.0041     28.45    1.3703      1.8198    0      0
     4   6   5    SD  3.3900e+22     24.06    0.1542  2.0984e+22  1.7573e+22  1.1941e+00    0.0099     36.52    1.3174      1.6890    0      0
     4   6   5    SD  3.3900e+22     32.65    0.2093  2.0984e+22  1.6207e+22  1.2947e+00    0.0213     44.19    1.4780      2.0814    0      0
     4   6   5    SD  3.3900e+22     35.36    0.2267  2.0984e+22  1.5524e+22  1.3517e+00    0.0284     47.84    1.4783      2.0888    0      0
     4   6   5    SD  3.3900e+22     38.38    0.2460  2.0984e+22  1.4811e+22  1.4167e+00    0.0371     51.08    1.5028      2.1047    0      0
     4   6   5    SD  3.3900e+22     41.76    0.2677  2.0984e+22  1.4083e+22  1.4900e+00    0.0475     54.33    1.5372      2.1681    0      0
     4   6   5    SD  3.3900e+22     45.63    0.2925  2.0984e+22  1.2702e+22  1.6521e+00    0.0713     60.20    1.5159      2.0905    0      0
     4   6   5    SD  3.3900e+22     48.67    0.3120  2.0984e+22  1.1972e+22  1.7527e+00    0.0869     63.53    1.5322      2.1361    0      0
     4   6   5    SD  3.3900e+22     49.90    0.3199  2.0984e+22  1.1972e+22  1.7527e+00    0.0873     63.53    1.5709      2.2276    0      0
     4   6   5    SD  3.3900e+22     54.82    0.3514  2.0984e+22  1.0666e+22  1.9673e+00    0.1202     69.36    1.5807      2.2370    0      0
     4   6   5    SD  3.3900e+22     60.53    0.3880  2.0984e+22  9.4878e+21  2.2116e+00    0.1570     74.43    1.6267      2.3295    0      0
     4   6   5    SD  3.3900e+22     67.23    0.4310  2.0984e+22  8.3375e+21  2.5168e+00    0.2007     79.24    1.6968      2.4734    1      0
     4   6   5    SD  3.3900e+22     67.73    0.4342  2.0984e+22  8.3375e+21  2.5168e+00    0.2009     79.24    1.7094      2.5088    1      0
     4   6   5    SD  3.3900e+22     75.20    0.4821  2.0984e+22  6.8362e+21  3.0695e+00    0.2707     85.53    1.7584      2.5662    1      0
     4   6   5    SD  3.3900e+22     81.73    0.5239  2.0984e+22  5.9736e+21  3.5127e+00    0.3202     89.36    1.8292      2.7203    1      0
     4   6   5    SD  3.3900e+22     84.82    0.5437  2.0984e+22  5.5677e+21  3.7688e+00    0.3460     91.12    1.8618      2.7763    1      0
     4   6   5    SD  3.3900e+22     94.40    0.6051  2.0984e+22  4.4732e+21  4.6910e+00    0.4257     95.77    1.9714      3.0096    1      0
     4   6   5    SD  3.3900e+22     96.74    0.6202  2.0984e+22  4.1556e+21  5.0495e+00    0.4516     97.09    1.9930      3.0213    1      0
     4   6   5    SD  3.3900e+22    105.08    0.6736  2.0984e+22  3.2391e+21  6.4781e+00    0.5363    100.86    2.0838      3.1724    1      0
     4   6   5    SD  3.3900e+22    111.83    0.7168  2.0984e+22  2.7108e+21  7.7408e+00    0.5932    103.10    2.1692      3.3453    1      0
     4   6   5    SD  3.3900e+22    116.11    0.7443  2.0984e+22  2.4610e+21  8.5264e+00    0.6225    104.20    2.2286      3.4799    1      0
     4   6   5    SD  3.3900e+22    127.67    0.8184  2.0984e+22  1.5272e+21  1.3740e+01    0.7450    108.34    2.3567      3.7000    1      0
     4   6   5    SD  3.3900e+22    130.12    0.8341  2.0984e+22  1.2953e+21  1.6200e+01    0.7791    109.46    2.3775      3.7084    1      0
     4   6   5    SD  3.3900e+22    140.93    0.9034  2.0984e+22  5.6379e+20  3.7219e+01    0.8977    112.97    2.4951      3.9074    1      0
     4   6   5    SD  3.3900e+22    151.16    0.9690  2.0984e+22  2.6327e+19  7.9705e+02    0.9960    115.66    2.6140      4.1746    1      0
     4   6   5    SD  3.3900e+22    156.00    1.0000  2.0984e+22  7.2777e+18  2.8833e+03    1.0000    115.75    2.6954      4.4180    1      0
     4   6   5   250  3.3900e+22     14.07    0.0885  1.6203e+01  1.5523e+01  1.0438e+00    0.0008     21.01    1.3393      1.7220    0      0
     4   6   5   250  3.3900e+22     17.41    0.1095  1.6203e+01  1.5264e+01  1.0615e+00    0.0015     24.83    1.4027      1.7936    0      0
     4   6   5   250  3.3900e+22     36.15    0.2274  1.6203e+01  1.2395e+01  1.3072e+00    0.0261     52.81    1.3691      1.8421    0      0
     4   6   5   250  3.3900e+22     39.02    0.2454  1.6203e+01  1.1883e+01  1.3635e+00    0.0340     56.35    1.3848      1.8523    0      0
     4   6   5   250  3.3900e+22     42.25    0.2657  1.6203e+01  1.1399e+01  1.4214e+00    0.0430     59.60    1.4179      1.9141    0      0
     4   6   5   250  3.3900e+22     45.83    0.2882  1.6203e+01  1.0887e+01  1.4883e+00    0.0540     63.17    1.4508      2.0140    0      0
     4   6   5   250  3.3900e+22     49.82    0.3134  1.6203e+01  1.0349e+01  1.5656e+00    0.0669     66.88    1.4900      2.0988    0      0
     4   6   5   250  3.3900e+22     54.30    0.3415  1.6203e+01  9.3659e+00  1.7300e+00    0.0942     73.24    1.4827      2.0694    0      0
     4   6   5   250  3.3900e+22     59.51    0.3743  1.6203e+01  8.9175e+00  1.8170e+00    0.1097     75.98    1.5664      2.2531    0      0
     4   6   5   250  3.3900e+22     65.32    0.4108  1.6203e+01  7.9837e+00  2.0295e+00    0.1454     81.54    1.6023      2.3103    0      0
     4   6   5   250  3.3900e+22     65.45    0.4116  1.6203e+01  7.9837e+00  2.0295e+00    0.1454     81.54    1.6054      2.3103    0      0
     4   6   5   250  3.3900e+22     72.44    0.4556  1.6203e+01  6.7312e+00  2.4072e+00    0.2049     89.16    1.6250      2.3337    1      0
     4   6   5   250  3.3900e+22     80.72    0.5077  1.6203e+01  5.9703e+00  2.7139e+00    0.2503     93.66    1.7237      2.5515    1      0
     4   6   5   250  3.3900e+22     80.75    0.5079  1.6203e+01  5.9703e+00  2.7139e+00    0.2503     93.66    1.7243      2.5515    1      0
     4   6   5   250  3.3900e+22     90.60    0.5698  1.6203e+01  4.6184e+00  3.5084e+00    0.3484    101.31    1.7885      2.6329    1      0
     4   6   5   250  3.3900e+22     96.40    0.6063  1.6203e+01  4.0387e+00  4.0119e+00    0.3998    104.69    1.8417      2.7214    1      0
     4   6   5   250  3.3900e+22    102.42    0.6442  1.6203e+01  3.4687e+00  4.6712e+00    0.4570    108.05    1.8958      2.8249    1      0
     4   6   5   250  3.3900e+22    109.70    0.6899  1.6203e+01  2.9562e+00  5.4810e+00    0.5151    111.29    1.9714      2.9790    1      0
     4   6   5   250  3.3900e+22    116.75    0.7343  1.6203e+01  2.4764e+00  6.5429e+00    0.5754    114.35    2.0420      3.1267    1      0
     4   6   5   250  3.3900e+22    126.56    0.7960  1.6203e+01  1.5491e+00  1.0459e+01    0.7103    120.54    2.1000      3.1824    1      0
     4   6   5   250  3.3900e+22    132.57    0.8338  1.6203e+01  1.0769e+00  1.5046e+01    0.7897    123.60    2.1451      3.2465    1      0
     4   6   5   250  3.3900e+22    142.44    0.8958  1.6203e+01  4.2010e-01  3.8569e+01    0.9129    127.83    2.2286      3.3825    1      0
     4   6   5   250  3.3900e+22    153.40    0.9648  1.6203e+01  3.2790e-02  4.9414e+02    0.9952    130.29    2.3547      3.6902    1      0
     4   6   5   250  3.3900e+22    159.00    1.0000  1.6203e+01  1.3011e-02  1.2453e+03    1.0000    130.42    2.4383      3.9361    1      0
     4   6   5   350  3.3900e+22     35.53    0.2154  2.7093e+01  2.1277e+01  1.2734e+00    0.0212     48.83    1.4553      2.0319    0      0
     4   6   5   350  3.3900e+22     38.41    0.2328  2.7093e+01  2.0447e+01  1.3251e+00    0.0281     52.31    1.4686      2.0388    0      0
     4   6   5   350  3.3900e+22     40.04    0.2427  2.7093e+01  1.9583e+01  1.3835e+00    0.0362     55.78    1.4356      1.9669    0      0
     4   6   5   350  3.3900e+22     41.61    0.2522  2.7093e+01  1.9583e+01  1.3835e+00    0.0365     55.78    1.4920      2.0652    0      0
     4   6   5   350  3.3900e+22     45.18    0.2738  2.7093e+01  1.7907e+01  1.5130e+00    0.0561     62.39    1.4483      1.9860    0      0
     4   6   5   350  3.3900e+22     49.14    0.2978  2.7093e+01  1.7002e+01  1.5935e+00    0.0695     66.07    1.4875      2.0755    0      0
     4   6   5   350  3.3900e+22     53.65    0.3251  2.7093e+01  1.6145e+01  1.6781e+00    0.0839     69.36    1.5469      2.2017    0      0
     4   6   5   350  3.3900e+22     58.77    0.3562  2.7093e+01  1.4598e+01  1.8559e+00    0.1136     75.12    1.5647      2.2344    0      0
     4   6   5   350  3.3900e+22     63.91    0.3874  2.7093e+01  1.3034e+01  2.0787e+00    0.1501     80.66    1.5847      2.2707    0      0
     4   6   5   350  3.3900e+22     64.67    0.3919  2.7093e+01  1.3034e+01  2.0787e+00    0.1503     80.66    1.6035      2.3177    0      0
     4   6   5   350  3.3900e+22     71.57    0.4338  2.7093e+01  1.1619e+01  2.3318e+00    0.1903     85.68    1.6707      2.4602    0      0
     4   6   5   350  3.3900e+22     79.71    0.4831  2.7093e+01  9.6591e+00  2.8049e+00    0.2579     92.73    1.7191      2.5345    1      0
     4   6   5   350  3.3900e+22     79.80    0.4836  2.7093e+01  9.6591e+00  2.8049e+00    0.2580     92.73    1.7210      2.5433    1      0
     4   6   5   350  3.3900e+22     89.47    0.5422  2.7093e+01  7.9510e+00  3.4075e+00    0.3319     98.55    1.8157      2.7170    1      0
     4   6   5   350  3.3900e+22     92.62    0.5613  2.7093e+01  7.4199e+00  3.6514e+00    0.3582    100.31    1.8466      2.7766    1      0
     4   6   5   350  3.3900e+22    101.36    0.6143  2.7093e+01  5.9912e+00  4.5221e+00    0.4384    105.22    1.9266      2.9122    1      0
     4   6   5   350  3.3900e+22    107.64    0.6524  2.7093e+01  5.1042e+00  5.3079e+00    0.4962    108.35    1.9869      3.0289    1      0
     4   6   5   350  3.3900e+22    115.75    0.7015  2.7093e+01  3.9063e+00  6.9357e+00    0.5857    112.87    2.0512      3.1265    1      0
     4   6   5   350  3.3900e+22    121.63    0.7372  2.7093e+01  3.1455e+00  8.6134e+00    0.6505    115.84    2.1000      3.2236    1      0
     4   6   5   350  3.3900e+22    132.09    0.8006  2.7093e+01  1.7008e+00  1.5929e+01    0.7919    121.56    2.1734      3.3045    1      0
     4   6   5   350  3.3900e+22    136.88    0.8296  2.7093e+01  1.3706e+00  1.9767e+01    0.8290    122.84    2.2286      3.4373    1      0
     4   6   5   350  3.3900e+22    149.66    0.9070  2.7093e+01  3.7556e-01  7.2141e+01    0.9498    126.68    2.3628      3.7156    1      0
     4   6   5   350  3.3900e+22    158.86    0.9628  2.7093e+01  8.0735e-02  3.3558e+02    0.9909    127.80    2.4860      4.0524    1      0
     4   6   5   350  3.3900e+22    165.00    1.0000  2.7093e+01  2.1869e-02  1.2389e+03    1.0000    128.02    2.5777      4.3394    1      0
     4   6   5   500  3.3900e+22     36.04    0.2036  2.2432e+01  1.7078e+01  1.3134e+00    0.0260     52.29    1.3785      1.8131    0      0
     4   6   5   500  3.3900e+22     38.95    0.2201  2.2432e+01  1.7078e+01  1.3134e+00    0.0267     52.29    1.4898      2.0696    0      0
     4   6   5   500  3.3900e+22     42.22    0.2386  2.2432e+01  1.5721e+01  1.4269e+00    0.0429     58.95    1.4325      1.9389    0      0
     4   6   5   500  3.3900e+22     45.84    0.2590  2.2432e+01  1.5019e+01  1.4935e+00    0.0538     62.45    1.4681      2.0393    0      0
     4   6   5   500  3.3900e+22     48.10    0.2717  2.2432e+01  1.4280e+01  1.5708e+00    0.0660     66.18    1.4535      1.9869    0      0
     4   6   5   500  3.3900e+22     49.90    0.2819  2.2432e+01  1.4280e+01  1.5708e+00    0.0667     66.18    1.5080      2.1230    0      0
     4   6   5   500  3.3900e+22     54.35    0.3071  2.2432e+01  1.2920e+01  1.7362e+00    0.0941     72.64    1.4964      2.1023    0      0
     4   6   5   500  3.3900e+22     59.54    0.3364  2.2432e+01  1.2298e+01  1.8240e+00    0.1095     75.43    1.5787      2.2713    0      0
     4   6   5   500  3.3900e+22     61.55    0.3478  2.2432e+01  1.1654e+01  1.9248e+00    0.1263     78.31    1.5721      2.2379    0      0
     4   6   5   500  3.3900e+22     65.41    0.3696  2.2432e+01  1.0994e+01  2.0404e+00    0.1457     81.15    1.6122      2.3230    0      0
     4   6   5   500  3.3900e+22     72.30    0.4084  2.2432e+01  9.2247e+00  2.4317e+00    0.2065     89.03    1.6241      2.3370    1      0
     4   6   5   500  3.3900e+22     80.37    0.4541  2.2432e+01  8.1459e+00  2.7537e+00    0.2530     93.70    1.7155      2.5277    1      0
     4   6   5   500  3.3900e+22     80.80    0.4565  2.2432e+01  8.1459e+00  2.7537e+00    0.2531     93.70    1.7248      2.5767    1      0
     4   6   5   500  3.3900e+22     90.06    0.5088  2.2432e+01  6.2426e+00  3.5933e+00    0.3528    101.54    1.7739      2.6009    1      0
     4   6   5   500  3.3900e+22     95.19    0.5378  2.2432e+01  5.8254e+00  3.8507e+00    0.3795    103.29    1.8432      2.7524    1      0
     4   6   5   500  3.3900e+22    101.80    0.5752  2.2432e+01  5.0235e+00  4.4653e+00    0.4344    106.71    1.9080      2.8763    1      0
     4   6   5   500  3.3900e+22    110.52    0.6244  2.2432e+01  3.9090e+00  5.7385e+00    0.5226    111.71    1.9785      3.0143    1      0
     4   6   5   500  3.3900e+22    115.99    0.6553  2.2432e+01  3.2382e+00  6.9271e+00    0.5834    114.82    2.0203      3.0947    1      0
     4   6   5   500  3.3900e+22    126.65    0.7156  2.2432e+01  2.0144e+00  1.1135e+01    0.7122    120.70    2.0987      3.2191    1      0
     4   6   5   500  3.3900e+22    133.10    0.7520  2.2432e+01  1.4843e+00  1.5113e+01    0.7767    123.17    2.1613      3.3300    1      0
     4   6   5   500  3.3900e+22    139.95    0.7907  2.2432e+01  1.0255e+00  2.1874e+01    0.8378    125.30    2.2337      3.4917    1      0
     4   6   5   500  3.3900e+22    150.95    0.8528  2.2432e+01  3.7559e-01  5.9723e+01    0.9349    128.28    2.3536      3.7539    1      0
     4   6   5   500  3.3900e+22    160.75    0.9082  2.2432e+01  1.3721e-01  1.6349e+02    0.9760    129.36    2.4854      4.1110    1      0
     4   6   5   500  3.3900e+22    169.67    0.9586  2.2432e+01  3.8865e-02  5.7717e+02    0.9949    129.81    2.6143      4.5130    1      0
     4   6   5   500  3.3900e+22    177.00    1.0000  2.2432e+01  1.4516e-02  1.5453e+03    1.0000    129.92    2.7248      4.8852    1      0
     4   6   6    SD  3.3900e+22     10.65    0.0500  1.4632e+22  1.4352e+22  1.0195e+00    0.0001     16.85    1.2642      1.5328    0      0
     4   6   6    SD  3.3900e+22     11.04    0.0518  1.4632e+22  1.4352e+22  1.0195e+00    0.0001     16.85    1.3108      1.7381    0      0
     4   6   6    SD  3.3900e+22     14.62    0.0686  1.4632e+22  1.4189e+22  1.0312e+00    0.0003     21.20    1.3792      1.6968    0      0
     4   6   6    SD  3.3900e+22     45.08    0.2117  1.4632e+22  1.1062e+22  1.3227e+00    0.0245     63.56    1.4187      1.9242    0      0
     4   6   6    SD  3.3900e+22     48.90    0.2296  1.4632e+22  1.0677e+22  1.3704e+00    0.0308     67.47    1.4495      2.0197    0      0
     4   6   6    SD  3.3900e+22     53.09    0.2492  1.4632e+22  1.0308e+22  1.4195e+00    0.0376     71.08    1.4936      2.1011    0      0
     4   6   6    SD  3.3900e+22     57.76    0.2712  1.4632e+22  9.6207e+21  1.5209e+00    0.0521     77.47    1.4911      2.1086    0      0
     4   6   6    SD  3.3900e+22     63.01    0.2958  1.4632e+22  8.8948e+21  1.6450e+00    0.0705     83.77    1.5045      2.0814    0      0
     4   6   6    SD  3.3900e+22     68.96    0.3237  1.4632e+22  8.5461e+21  1.7121e+00    0.0815     86.90    1.5871      2.2957    0      0
     4   6   6    SD  3.3900e+22     75.33    0.3536  1.4632e+22  7.5355e+21  1.9417e+00    0.1168     95.64    1.5752      2.2573    0      0
     4   6   6    SD  3.3900e+22     75.74    0.3556  1.4632e+22  7.5355e+21  1.9417e+00    0.1169     95.64    1.5838      2.2738    0      0
     4   6   6    SD  3.3900e+22     83.59    0.3924  1.4632e+22  6.9110e+21  2.1172e+00    0.1439    100.54    1.6628      2.4415    0      0
     4   6   6    SD  3.3900e+22     92.69    0.4352  1.4632e+22  6.0254e+21  2.4283e+00    0.1891    107.67    1.7218      2.5425    0      0
     4   6   6    SD  3.3900e+22     94.17    0.4421  1.4632e+22  5.7588e+21  2.5407e+00    0.2045    109.94    1.7133      2.5148    1      0
     4   6   6    SD  3.3900e+22    103.67    0.4867  1.4632e+22  4.9804e+21  2.9379e+00    0.2557    116.71    1.7766      2.6459    1      0
     4   6   6    SD  3.3900e+22    113.07    0.5308  1.4632e+22  4.2894e+21  3.4111e+00    0.3097    122.71    1.8429      2.7818    1      0
     4   6   6    SD  3.3900e+22    116.87    0.5487  1.4632e+22  4.0742e+21  3.5913e+00    0.3284    124.53    1.8770      2.8549    1      0
     4   6   6    SD  3.3900e+22    130.42    0.6123  1.4632e+22  3.1220e+21  4.6866e+00    0.4242    132.31    1.9714      3.0123    1      0
     4   6   6    SD  3.3900e+22    133.36    0.6261  1.4632e+22  2.9556e+21  4.9505e+00    0.4435    133.74    1.9943      3.0524    1      0
     4   6   6    SD  3.3900e+22    147.05    0.6904  1.4632e+22  2.1962e+21  6.6622e+00    0.5433    140.37    2.0951      3.2136    1      0
     4   6   6    SD  3.3900e+22    154.20    0.7240  1.4632e+22  1.9251e+21  7.6003e+00    0.5850    142.81    2.1596      3.3609    1      0
     4   6   6    SD  3.3900e+22    162.27    0.7618  1.4632e+22  1.5665e+21  9.3403e+00    0.6450    145.98    2.2231      3.4711    1      0
     4   6   6    SD  3.3900e+22    177.79    0.8347  1.4632e+22  1.0271e+21  1.4246e+01    0.7495    150.72    2.3593      3.7384    1      0
     4   6   6    SD  3.3900e+22    180.99    0.8497  1.4632e+22  9.2339e+20  1.5846e+01    0.7717    151.65    2.3869      3.7880    1      0
     4   6   6    SD  3.3900e+22    193.53    0.9086  1.4632e+22  5.0111e+20  2.9199e+01    0.8701    155.44    2.4900      3.9606    1      0
     4   6   6    SD  3.3900e+22    208.87    0.9806  1.4632e+22  3.2067e+19  4.5628e+02    0.9939    159.86    2.6130      4.1663    1      0
     4   6   6    SD  3.3900e+22    213.00    1.0000  1.4632e+22  1.1111e+19  1.3169e+03    1.0000    160.06    2.6615      4.3082    1      0
     4   6   6   250  3.3900e+22     31.96    0.1460  1.2317e+01  1.1159e+01  1.1038e+00    0.0044     47.15    1.3559      1.8445    0      0
     4   6   6   250  3.3900e+22     32.45    0.1482  1.2317e+01  1.1159e+01  1.1038e+00    0.0044     47.15    1.3766      1.9191    0      0
     4   6   6   250  3.3900e+22     48.86    0.2231  1.2317e+01  9.6184e+00  1.2806e+00    0.0237     71.29    1.3708      1.8852    0      0
     4   6   6   250  3.3900e+22     52.68    0.2406  1.2317e+01  9.3239e+00  1.3210e+00    0.0294     75.07    1.4035      1.9427    0      0
     4   6   6   250  3.3900e+22     57.00    0.2603  1.2317e+01  9.0419e+00  1.3622e+00    0.0354     78.59    1.4505      2.0376    0      0
     4   6   6   250  3.3900e+22     61.80    0.2822  1.2317e+01  8.4763e+00  1.4531e+00    0.0493     85.18    1.4510      2.0264    0      0
     4   6   6   250  3.3900e+22     67.21    0.3069  1.2317e+01  7.8826e+00  1.5626e+00    0.0670     92.06    1.4601      2.0502    0      0
     4   6   6   250  3.3900e+22     73.33    0.3348  1.2317e+01  7.3155e+00  1.6837e+00    0.0871     98.07    1.4954      2.1181    0      0
     4   6   6   250  3.3900e+22     80.26    0.3665  1.2317e+01  6.7589e+00  1.8224e+00    0.1104    103.64    1.5489      2.2080    0      0
     4   6   6   250  3.3900e+22     88.06    0.4021  1.2317e+01  5.9695e+00  2.0633e+00    0.1498    111.84    1.5747      2.2473    0      0
     4   6   6   250  3.3900e+22     88.25    0.4030  1.2317e+01  5.9695e+00  2.0633e+00    0.1499    111.84    1.5781      2.2598    0      0
     4   6   6   250  3.3900e+22     97.68    0.4460  1.2317e+01  5.2588e+00  2.3422e+00    0.1933    119.54    1.6343      2.3829    0      0
     4   6   6   250  3.3900e+22    108.96    0.4975  1.2317e+01  4.3823e+00  2.8107e+00    0.2591    128.49    1.6960      2.4874    1      0
     4   6   6   250  3.3900e+22    109.81    0.5014  1.2317e+01  4.3823e+00  2.8107e+00    0.2592    128.49    1.7093      2.5150    1      0
     4   6   6   250  3.3900e+22    122.49    0.5593  1.2317e+01  3.6207e+00  3.4019e+00    0.3306    136.20    1.7986      2.6988    1      0
     4   6   6   250  3.3900e+22    130.46    0.5957  1.2317e+01  3.1152e+00  3.9539e+00    0.3868    141.59    1.8429      2.7748    1      0
     4   6   6   250  3.3900e+22    139.09    0.6351  1.2317e+01  2.6621e+00  4.6269e+00    0.4444    146.38    1.9003      2.8760    1      0
     4   6   6   250  3.3900e+22    148.84    0.6796  1.2317e+01  2.2425e+00  5.4927e+00    0.5051    150.75    1.9746      3.0148    1      0
     4   6   6   250  3.3900e+22    159.71    0.7293  1.2317e+01  1.7409e+00  7.0753e+00    0.5884    156.05    2.0470      3.1392    1      0
     4   6   6   250  3.3900e+22    167.58    0.7652  1.2317e+01  1.5084e+00  8.1658e+00    0.6319    158.61    2.1132      3.2741    1      0
     4   6   6   250  3.3900e+22    184.31    0.8416  1.2317e+01  8.5909e-01  1.4337e+01    0.7709    165.83    2.2229      3.4550    1      0
     4   6   6   250  3.3900e+22    184.98    0.8446  1.2317e+01  8.5909e-01  1.4337e+01    0.7710    165.83    2.2309      3.4733    1      0
     4   6   6   250  3.3900e+22    205.10    0.9365  1.2317e+01  1.2220e-01  1.0079e+02    0.9645    174.21    2.3546      3.6362    1      0
     4   6   6   250  3.3900e+22    218.16    0.9962  1.2317e+01  5.8298e-03  2.1128e+03    1.0000    175.56    2.4853      4.0024    1      0
     4   6   6   250  3.3900e+22    219.00    1.0000  1.2317e+01  5.8298e-03  2.1128e+03    1.0000    175.56    2.4949      4.0303    1      0
     4   6   6   350  3.3900e+22     30.31    0.1347  2.0296e+01  1.8175e+01  1.1167e+00    0.0048     46.37    1.3074      1.7497    0      0
     4   6   6   350  3.3900e+22     48.11    0.2138  2.0296e+01  1.5593e+01  1.3016e+00    0.0248     69.74    1.3797      1.8615    0      0
     4   6   6   350  3.3900e+22     51.98    0.2310  2.0296e+01  1.5107e+01  1.3435e+00    0.0307     73.55    1.4135      1.9535    0      0
     4   6   6   350  3.3900e+22     56.26    0.2500  2.0296e+01  1.4644e+01  1.3860e+00    0.0370     77.03    1.4606      2.0512    0      0
     4   6   6   350  3.3900e+22     61.08    0.2715  2.0296e+01  1.3714e+01  1.4800e+00    0.0512     83.53    1.4625      2.0458    0      0
     4   6   6   350  3.3900e+22     66.47    0.2954  2.0296e+01  1.2734e+01  1.5939e+00    0.0692     90.45    1.4697      2.0625    0      0
     4   6   6   350  3.3900e+22     72.56    0.3225  2.0296e+01  1.1799e+01  1.7201e+00    0.0899     96.55    1.5030      2.1167    0      0
     4   6   6   350  3.3900e+22     79.49    0.3533  2.0296e+01  1.0890e+01  1.8637e+00    0.1137    102.00    1.5586      2.2350    0      0
     4   6   6   350  3.3900e+22     81.05    0.3602  2.0296e+01  1.0455e+01  1.9413e+00    0.1259    104.68    1.5484      2.1799    0      0
     4   6   6   350  3.3900e+22     87.44    0.3886  2.0296e+01  9.6062e+00  2.1128e+00    0.1534    110.02    1.5895      2.2661    0      0
     4   6   6   350  3.3900e+22     96.83    0.4304  2.0296e+01  8.4418e+00  2.4043e+00    0.1978    117.64    1.6463      2.3961    0      0
     4   6   6   350  3.3900e+22    105.84    0.4704  2.0296e+01  7.3414e+00  2.7646e+00    0.2479    124.68    1.6978      2.4896    1      0
     4   6   6   350  3.3900e+22    107.97    0.4799  2.0296e+01  7.3414e+00  2.7646e+00    0.2482    124.68    1.7321      2.5760    1      0
     4   6   6   350  3.3900e+22    121.43    0.5397  2.0296e+01  5.7665e+00  3.5197e+00    0.3374    134.25    1.8090      2.7044    1      0
     4   6   6   350  3.3900e+22    126.93    0.5641  2.0296e+01  5.2103e+00  3.8954e+00    0.3749    137.75    1.8429      2.7603    1      0
     4   6   6   350  3.3900e+22    137.94    0.6131  2.0296e+01  4.4513e+00  4.5596e+00    0.4327    142.70    1.9332      2.9549    1      0
     4   6   6   350  3.3900e+22    143.63    0.6384  2.0296e+01  3.9815e+00  5.0977e+00    0.4724    145.71    1.9714      3.0274    1      0
     4   6   6   350  3.3900e+22    158.59    0.7049  2.0296e+01  2.9215e+00  6.9474e+00    0.5758    152.45    2.0805      3.2261    1      0
     4   6   6   350  3.3900e+22    161.34    0.7171  2.0296e+01  2.7347e+00  7.4219e+00    0.5963    153.66    2.1000      3.2607    1      0
     4   6   6   350  3.3900e+22    179.59    0.7982  2.0296e+01  1.6662e+00  1.2181e+01    0.7293    160.77    2.2342      3.5011    1      0
     4   6   6   350  3.3900e+22    183.46    0.8154  2.0296e+01  1.3269e+00  1.5296e+01    0.7774    163.08    2.2499      3.4977    1      0
     4   6   6   350  3.3900e+22    197.69    0.8786  2.0296e+01  6.5441e-01  3.1015e+01    0.8831    167.72    2.3574      3.6966    1      0
     4   6   6   350  3.3900e+22    213.28    0.9479  2.0296e+01  6.8645e-02  2.9567e+02    0.9879    171.83    2.4824      3.9619    1      0
     4   6   6   350  3.3900e+22    225.00    1.0000  2.0296e+01  1.0076e-02  2.0143e+03    1.0000    172.25    2.6125      4.3634    1      0
     4   6   6   500  3.3900e+22     28.84    0.1232  1.6927e+01  1.5396e+01  1.0994e+00    0.0035     41.95    1.3747      1.8707    0      0
     4   6   6   500  3.3900e+22     43.96    0.1879  1.6927e+01  1.3772e+01  1.2291e+00    0.0155     60.99    1.4418      1.9900    0      0
     4   6   6   500  3.3900e+22     48.25    0.2062  1.6927e+01  1.2989e+01  1.3032e+00    0.0245     69.01    1.3983      1.8863    0      0
     4   6   6   500  3.3900e+22     52.18    0.2230  1.6927e+01  1.2591e+01  1.3444e+00    0.0303     72.84    1.4327      1.9788    0      0
     4   6   6   500  3.3900e+22     56.51    0.2415  1.6927e+01  1.2210e+01  1.3863e+00    0.0364     76.30    1.4813      2.0909    0      0
     4   6   6   500  3.3900e+22     61.33    0.2621  1.6927e+01  1.1445e+01  1.4789e+00    0.0504     82.86    1.4803      2.0796    0      0
     4   6   6   500  3.3900e+22     66.77    0.2854  1.6927e+01  1.0636e+01  1.5915e+00    0.0683     89.83    1.4866      2.1004    0      0
     4   6   6   500  3.3900e+22     72.84    0.3113  1.6927e+01  9.8620e+00  1.7164e+00    0.0888     96.07    1.5165      2.1577    0      0
     4   6   6   500  3.3900e+22     79.78    0.3410  1.6927e+01  9.1080e+00  1.8585e+00    0.1123    101.58    1.5709      2.2566    0      0
     4   6   6   500  3.3900e+22     84.28    0.3602  1.6927e+01  8.3922e+00  2.0170e+00    0.1377    106.96    1.5758      2.2364    0      0
     4   6   6   500  3.3900e+22     87.79    0.3752  1.6927e+01  8.0403e+00  2.1053e+00    0.1519    109.69    1.6007      2.3015    0      0
     4   6   6   500  3.3900e+22     97.13    0.4151  1.6927e+01  7.0652e+00  2.3958e+00    0.1963    117.46    1.6539      2.4133    0      0
     4   6   6   500  3.3900e+22    107.22    0.4582  1.6927e+01  6.1390e+00  2.7573e+00    0.2468    124.66    1.7201      2.5525    1      0
     4   6   6   500  3.3900e+22    108.18    0.4623  1.6927e+01  5.8552e+00  2.8909e+00    0.2638    126.78    1.7065      2.4981    1      0
     4   6   6   500  3.3900e+22    121.55    0.5194  1.6927e+01  4.8136e+00  3.5165e+00    0.3367    134.43    1.8084      2.7094    1      0
     4   6   6   500  3.3900e+22    127.15    0.5434  1.6927e+01  4.3459e+00  3.8950e+00    0.3744    137.99    1.8429      2.7596    1      0
     4   6   6   500  3.3900e+22    137.99    0.5897  1.6927e+01  3.7068e+00  4.5664e+00    0.4325    143.03    1.9295      2.9484    1      0
     4   6   6   500  3.3900e+22    145.44    0.6215  1.6927e+01  3.1193e+00  5.4266e+00    0.4931    147.54    1.9714      3.0162    1      0
     4   6   6   500  3.3900e+22    158.50    0.6774  1.6927e+01  2.4190e+00  6.9974e+00    0.5765    152.94    2.0728      3.2133    1      0
     4   6   6   500  3.3900e+22    163.15    0.6972  1.6927e+01  2.1042e+00  8.0442e+00    0.6184    155.38    2.1000      3.2434    1      0
     4   6   6   500  3.3900e+22    181.10    0.7739  1.6927e+01  1.2252e+00  1.3815e+01    0.7537    162.53    2.2286      3.4722    1      0
     4   6   6   500  3.3900e+22    183.38    0.7837  1.6927e+01  1.0897e+00  1.5534e+01    0.7771    163.66    2.2410      3.4872    1      0
     4   6   6   500  3.3900e+22    197.93    0.8458  1.6927e+01  5.9221e-01  2.8583e+01    0.8705    167.79    2.3593      3.7367    1      0
     4   6   6   500  3.3900e+22    213.30    0.9116  1.6927e+01  1.3365e-01  1.2665e+02    0.9691    171.66    2.4851      4.0080    1      0
     4   6   6   500  3.3900e+22    225.54    0.9638  1.6927e+01  2.9455e-02  5.7468e+02    0.9951    172.54    2.6143      4.3978    1      0
     4   6   6   500  3.3900e+22    234.00    1.0000  1.6927e+01  1.1386e-02  1.4867e+03    1.0000    172.70    2.7099      4.7091    1      0
     4   6   7    SD  3.3900e+22     14.85    0.0500  1.0052e+22  9.9059e+21  1.0148e+00    0.0001     21.77    1.3643      1.6285    0      0
     4   6   7    SD  3.3900e+22     24.29    0.0818  1.0052e+22  9.5763e+21  1.0497e+00    0.0009     38.07    1.2758      1.6793    0      0
     4   6   7    SD  3.3900e+22     38.27    0.1288  1.0052e+22  9.0916e+21  1.1057e+00    0.0036     54.23    1.4112      1.9359    0      0
     4   6   7    SD  3.3900e+22     62.16    0.2093  1.0052e+22  7.8119e+21  1.2868e+00    0.0209     84.58    1.4699      2.0790    0      0
     4   6   7    SD  3.3900e+22     67.33    0.2267  1.0052e+22  7.4454e+21  1.3501e+00    0.0289     92.14    1.4614      2.0477    0      0
     4   6   7    SD  3.3900e+22     73.08    0.2461  1.0052e+22  7.0862e+21  1.4186e+00    0.0383     98.82    1.4792      2.0886    0      0
     4   6   7    SD  3.3900e+22     79.44    0.2675  1.0052e+22  6.7225e+21  1.4953e+00    0.0494    105.24    1.5096      2.1445    0      0
     4   6   7    SD  3.3900e+22     86.66    0.2918  1.0052e+22  6.3663e+21  1.5789e+00    0.0621    111.67    1.5521      2.2303    0      0
     4   6   7    SD  3.3900e+22     94.76    0.3190  1.0052e+22  5.8394e+21  1.7214e+00    0.0842    121.35    1.5617      2.2507    0      0
     4   6   7    SD  3.3900e+22    101.57    0.3420  1.0052e+22  5.4970e+21  1.8287e+00    0.1011    127.20    1.5970      2.3251    0      0
     4   6   7    SD  3.3900e+22    103.97    0.3501  1.0052e+22  5.3239e+21  1.8881e+00    0.1104    129.99    1.5997      2.3190    0      0
     4   6   7    SD  3.3900e+22    114.58    0.3858  1.0052e+22  4.6825e+21  2.1467e+00    0.1499    140.69    1.6288      2.3570    0      0
     4   6   7    SD  3.3900e+22    127.01    0.4276  1.0052e+22  4.0913e+21  2.4569e+00    0.1948    150.47    1.6882      2.4735    0      0
     4   6   7    SD  3.3900e+22    132.79    0.4471  1.0052e+22  3.8155e+21  2.6346e+00    0.2189    154.92    1.7143      2.5160    1      0
     4   6   7    SD  3.3900e+22    141.80    0.4774  1.0052e+22  3.4293e+21  2.9312e+00    0.2566    161.39    1.7572      2.6041    1      0
     4   6   7    SD  3.3900e+22    157.27    0.5295  1.0052e+22  2.8388e+21  3.5409e+00    0.3245    171.34    1.8357      2.7597    1      0
     4   6   7    SD  3.3900e+22    159.64    0.5375  1.0052e+22  2.7320e+21  3.6793e+00    0.3383    173.14    1.8441      2.7652    1      0
     4   6   7    SD  3.3900e+22    181.03    0.6095  1.0052e+22  2.0570e+21  4.8867e+00    0.4389    184.45    1.9630      2.9934    1      0
     4   6   7    SD  3.3900e+22    181.73    0.6119  1.0052e+22  2.0570e+21  4.8867e+00    0.4390    184.45    1.9705      3.0180    1      0
     4   6   7    SD  3.3900e+22    204.19    0.6875  1.0052e+22  1.4457e+21  6.9533e+00    0.5550    195.26    2.0915      3.2430    1      0
     4   6   7    SD  3.3900e+22    210.58    0.7090  1.0052e+22  1.3140e+21  7.6502e+00    0.5842    197.62    2.1311      3.3250    1      0
     4   6   7    SD  3.3900e+22    225.61    0.7596  1.0052e+22  1.0161e+21  9.8929e+00    0.6566    202.73    2.2257      3.5154    1      0
     4   6   7    SD  3.3900e+22    245.70    0.8273  1.0052e+22  7.0300e+20  1.4299e+01    0.7446    208.14    2.3609      3.7972    1      0
     4   6   7    SD  3.3900e+22    248.80    0.8377  1.0052e+22  6.6099e+20  1.5208e+01    0.7575    208.87    2.3824      3.8461    1      0
     4   6   7    SD  3.3900e+22    265.32    0.8933  1.0052e+22  3.9345e+20  2.5549e+01    0.8467    213.66    2.4835      4.0255    1      0
     4   6   7    SD  3.3900e+22    287.23    0.9671  1.0052e+22  6.9772e+19  1.4407e+02    0.9724    219.60    2.6160      4.2454    1      0
     4   6   7    SD  3.3900e+22    297.00    1.0000  1.0052e+22  4.7628e+18  2.1105e+03    1.0000    220.80    2.6902      4.4384    1      0
     4   6   7   160  3.3900e+22    117.13    0.3866  2.5077e-02  6.7615e-02  3.7088e-01    0.0530       nan       nan         nan    0      0
     4   6   7   160  3.3900e+22    118.71    0.3918  2.5077e-02  6.7615e-02  3.7088e-01    0.0533       nan       nan         nan    0      0
     4   6   7   160  3.3900e+22    120.75    0.3985  2.5077e-02  6.5232e-02  3.8443e-01    0.0634       nan       nan         nan    0      0
     4   6   7   160  3.3900e+22    123.52    0.4077  2.5077e-02  6.3106e-02  3.9738e-01    0.0732       nan       nan         nan    0      0
     4   6   7   160  3.3900e+22    127.40    0.4205  2.5077e-02  6.1218e-02  4.0964e-01    0.0826       nan       nan         nan    0      0
     4   6   7   160  3.3900e+22    133.19    0.4396  2.5077e-02  5.7999e-02  4.3237e-01    0.1000       nan       nan         nan    0      0
     4   6   7   160  3.3900e+22    142.40    0.4700  2.5077e-02  5.4457e-02  4.6049e-01    0.1218       nan       nan         nan    0      0
     4   6   7   160  3.3900e+22    154.54    0.5100  2.5077e-02  4.9805e-02  5.0351e-01    0.1562       nan       nan         nan    0      0
     4   6   7   160  3.3900e+22    160.68    0.5303  2.5077e-02  4.6772e-02  5.3616e-01    0.1816       nan       nan         nan    0      0
     4   6   7   160  3.3900e+22    164.51    0.5429  2.5077e-02  4.5177e-02  5.5509e-01    0.1959       nan       nan         nan    0      0
     4   6   7   160  3.3900e+22    175.81    0.5802  2.5077e-02  3.8868e-02  6.4519e-01    0.2581       nan       nan         nan    1      0
     4   6   7   160  3.3900e+22    190.23    0.6278  2.5077e-02  3.1989e-02  7.8394e-01    0.3377       nan       nan         nan    1      0
     4   6   7   160  3.3900e+22    234.54    0.7741  2.5077e-02  1.6258e-02  1.5425e+00    0.5894     14.53   32.2853      0.2887    1      0
     4   6   7   160  3.3900e+22    265.81    0.8772  2.5077e-02  8.5388e-03  2.9369e+00    0.7607    470.94    1.1288      0.5393    1      0
     4   6   7   160  3.3900e+22    303.00    1.0000  2.5077e-02  8.0764e-06  3.1050e+03    1.0000    502.71    1.2055      0.8056    1      0
     4   6   7   250  3.3900e+22     15.00    0.0500  9.1370e+00  9.0139e+00  1.0137e+00    0.0001     20.57    1.4587      2.0503    0      0
     4   6   7   250  3.3900e+22     15.00    0.0500  9.1370e+00  9.0139e+00  1.0137e+00    0.0001     20.57    1.4587      2.0503    0      0
     4   6   7   250  3.3900e+22     33.28    0.1109  9.1370e+00  8.5228e+00  1.0721e+00    0.0019     49.67    1.3399      1.7911    0      0
     4   6   7   250  3.3900e+22     66.67    0.2222  9.1370e+00  7.1390e+00  1.2799e+00    0.0228     93.84    1.4209      1.9885    0      0
     4   6   7   250  3.3900e+22     71.93    0.2398  9.1370e+00  6.9900e+00  1.3072e+00    0.0267     97.47    1.4758      2.0906    0      0
     4   6   7   250  3.3900e+22     77.55    0.2585  9.1370e+00  6.6638e+00  1.3711e+00    0.0360    104.93    1.4782      2.0872    0      0
     4   6   7   250  3.3900e+22     83.88    0.2796  9.1370e+00  6.3438e+00  1.4403e+00    0.0467    112.36    1.4930      2.1269    0      0
     4   6   7   250  3.3900e+22     90.98    0.3033  9.1370e+00  5.8570e+00  1.5600e+00    0.0659    123.58    1.4725      2.0831    0      0
     4   6   7   250  3.3900e+22     99.15    0.3305  9.1370e+00  5.3903e+00  1.6951e+00    0.0884    133.03    1.4907      2.1082    0      0
     4   6   7   250  3.3900e+22    108.37    0.3612  9.1370e+00  4.9207e+00  1.8569e+00    0.1154    142.44    1.5217      2.1709    0      0
     4   6   7   250  3.3900e+22    118.77    0.3959  9.1370e+00  4.4728e+00  2.0428e+00    0.1459    150.86    1.5746      2.2836    0      0
     4   6   7   250  3.3900e+22    119.18    0.3973  9.1370e+00  4.4728e+00  2.0428e+00    0.1459    150.86    1.5800      2.2999    0      0
     4   6   7   250  3.3900e+22    131.20    0.4373  9.1370e+00  3.9222e+00  2.3296e+00    0.1902    161.04    1.6294      2.3861    0      0
     4   6   7   250  3.3900e+22    146.26    0.4875  9.1370e+00  3.3104e+00  2.7601e+00    0.2505    172.45    1.6963      2.5120    1      0
     4   6   7   250  3.3900e+22    153.12    0.5104  9.1370e+00  2.9744e+00  3.0719e+00    0.2894    178.64    1.7143      2.5334    1      0
     4   6   7   250  3.3900e+22    164.39    0.5480  9.1370e+00  2.6646e+00  3.4290e+00    0.3301    184.37    1.7832      2.6844    1      0
     4   6   7   250  3.3900e+22    178.59    0.5953  9.1370e+00  2.1926e+00  4.1673e+00    0.4013    193.54    1.8455      2.7988    1      0
     4   6   7   250  3.3900e+22    186.55    0.6218  9.1370e+00  1.9443e+00  4.6993e+00    0.4440    198.41    1.8805      2.8571    1      0
     4   6   7   250  3.3900e+22    201.82    0.6727  9.1370e+00  1.5642e+00  5.8414e+00    0.5183    205.48    1.9644      3.0221    1      0
     4   6   7   250  3.3900e+22    214.86    0.7162  9.1370e+00  1.2987e+00  7.0354e+00    0.5777    210.45    2.0419      3.1790    1      0
     4   6   7   250  3.3900e+22    225.98    0.7533  9.1370e+00  1.0614e+00  8.6087e+00    0.6369    215.04    2.1017      3.2868    1      0
     4   6   7   250  3.3900e+22    247.93    0.8264  9.1370e+00  6.9455e-01  1.3155e+01    0.7424    222.20    2.2317      3.5406    1      0
     4   6   7   250  3.3900e+22    251.88    0.8396  9.1370e+00  6.4848e-01  1.4090e+01    0.7571    223.11    2.2579      3.6016    1      0
     4   6   7   250  3.3900e+22    269.73    0.8991  9.1370e+00  3.7556e-01  2.4329e+01    0.8512    228.55    2.3604      3.7941    1      0
     4   6   7   250  3.3900e+22    292.56    0.9752  9.1370e+00  3.0841e-02  2.9626e+02    0.9893    235.48    2.4847      3.9931    1      0
     4   6   7   250  3.3900e+22    300.00    1.0000  9.1370e+00  6.7783e-03  1.3480e+03    1.0000    235.97    2.5427      4.1616    1      0
     4   6   7   350  3.3900e+22     15.30    0.0500  1.4776e+01  1.4495e+01  1.0194e+00    0.0001     25.04    1.2222      1.6240    0      0
     4   6   7   350  3.3900e+22     31.19    0.1019  1.4776e+01  1.3883e+01  1.0644e+00    0.0015     46.10    1.3531      1.8249    0      0
     4   6   7   350  3.3900e+22     65.51    0.2141  1.4776e+01  1.1637e+01  1.2697e+00    0.0207     89.66    1.4612      2.0509    0      0
     4   6   7   350  3.3900e+22     70.73    0.2312  1.4776e+01  1.1145e+01  1.3258e+00    0.0282     97.00    1.4583      2.0580    0      0
     4   6   7   350  3.3900e+22     75.24    0.2459  1.4776e+01  1.0619e+01  1.3915e+00    0.0375    104.13    1.4452      2.0156    0      0
     4   6   7   350  3.3900e+22     76.51    0.2500  1.4776e+01  1.0619e+01  1.3915e+00    0.0376    104.13    1.4695      2.0708    0      0
     4   6   7   350  3.3900e+22     82.94    0.2710  1.4776e+01  1.0106e+01  1.4621e+00    0.0484    111.16    1.4923      2.1079    0      0
     4   6   7   350  3.3900e+22     90.11    0.2945  1.4776e+01  9.3219e+00  1.5851e+00    0.0679    121.94    1.4779      2.0821    0      0
     4   6   7   350  3.3900e+22     98.25    0.3211  1.4776e+01  8.8273e+00  1.6739e+00    0.0826    128.12    1.5337      2.2126    0      0
     4   6   7   350  3.3900e+22    107.51    0.3514  1.4776e+01  8.0614e+00  1.8329e+00    0.1088    137.28    1.5664      2.2687    0      0
     4   6   7   350  3.3900e+22    117.62    0.3844  1.4776e+01  7.1067e+00  2.0792e+00    0.1483    148.68    1.5821      2.2868    0      0
     4   6   7   350  3.3900e+22    118.11    0.3860  1.4776e+01  7.1067e+00  2.0792e+00    0.1483    148.68    1.5888      2.3011    0      0
     4   6   7   350  3.3900e+22    130.54    0.4266  1.4776e+01  6.2291e+00  2.3721e+00    0.1929    158.73    1.6448      2.4114    0      0
     4   6   7   350  3.3900e+22    145.47    0.4754  1.4776e+01  5.2444e+00  2.8175e+00    0.2539    170.21    1.7092      2.5349    1      0
     4   6   7   350  3.3900e+22    145.89    0.4768  1.4776e+01  5.2444e+00  2.8175e+00    0.2539    170.21    1.7143      2.5456    1      0
     4   6   7   350  3.3900e+22    163.52    0.5344  1.4776e+01  4.2112e+00  3.5087e+00    0.3340    182.06    1.7963      2.6975    1      0
     4   6   7   350  3.3900e+22    174.29    0.5696  1.4776e+01  3.6071e+00  4.0963e+00    0.3902    189.15    1.8429      2.7728    1      0
     4   6   7   350  3.3900e+22    185.73    0.6070  1.4776e+01  3.1926e+00  4.6282e+00    0.4339    194.17    1.9130      2.9341    1      0
     4   6   7   350  3.3900e+22    197.17    0.6443  1.4776e+01  2.6910e+00  5.4910e+00    0.4928    200.16    1.9701      3.0312    1      0
     4   6   7   350  3.3900e+22    214.10    0.6997  1.4776e+01  2.0421e+00  7.2356e+00    0.5813    207.67    2.0620      3.2023    1      0
     4   6   7   350  3.3900e+22    220.49    0.7206  1.4776e+01  1.8474e+00  7.9984e+00    0.6111    209.94    2.1006      3.2774    1      0
     4   6   7   350  3.3900e+22    242.19    0.7915  1.4776e+01  1.2408e+00  1.1909e+01    0.7156    217.30    2.2291      3.5379    1      0
     4   6   7   350  3.3900e+22    251.19    0.8209  1.4776e+01  1.0123e+00  1.4597e+01    0.7602    220.10    2.2825      3.6424    1      0
     4   6   7   350  3.3900e+22    264.32    0.8638  1.4776e+01  6.5086e-01  2.2702e+01    0.8376    224.59    2.3538      3.7571    1      0
     4   6   7   350  3.3900e+22    286.42    0.9360  1.4776e+01  1.7210e-01  8.5855e+01    0.9551    230.62    2.4839      4.0002    1      0
     4   6   7   350  3.3900e+22    304.09    0.9938  1.4776e+01  9.4438e-03  1.5646e+03    1.0000    232.68    2.6138      4.3551    1      0
     4   6   7   350  3.3900e+22    306.00    1.0000  1.4776e+01  9.4438e-03  1.5646e+03    1.0000    232.68    2.6302      4.4036    1      0
     4   6   7   500  3.3900e+22     28.93    0.0918  1.2294e+01  1.1659e+01  1.0545e+00    0.0011     42.06    1.3753      1.8589    0      0
     4   6   7   500  3.3900e+22     60.11    0.1908  1.2294e+01  9.8544e+00  1.2475e+00    0.0175     85.38    1.4080      1.9374    0      0
     4   6   7   500  3.3900e+22     65.20    0.2070  1.2294e+01  9.6416e+00  1.2750e+00    0.0210     89.54    1.4565      2.0538    0      0
     4   6   7   500  3.3900e+22     70.47    0.2237  1.2294e+01  9.2326e+00  1.3315e+00    0.0285     96.79    1.4562      2.0557    0      0
     4   6   7   500  3.3900e+22     76.33    0.2423  1.2294e+01  8.7982e+00  1.3973e+00    0.0379    103.74    1.4717      2.0549    0      0
     4   6   7   500  3.3900e+22     82.81    0.2629  1.2294e+01  8.3759e+00  1.4677e+00    0.0486    110.58    1.4978      2.1212    0      0
     4   6   7   500  3.3900e+22     90.06    0.2859  1.2294e+01  7.7286e+00  1.5907e+00    0.0680    121.19    1.4862      2.0963    0      0
     4   6   7   500  3.3900e+22     98.25    0.3119  1.2294e+01  7.3190e+00  1.6797e+00    0.0827    127.36    1.5429      2.2272    0      0
     4   6   7   500  3.3900e+22    107.52    0.3413  1.2294e+01  6.6857e+00  1.8388e+00    0.1088    136.40    1.5765      2.2834    0      0
     4   6   7   500  3.3900e+22    113.31    0.3597  1.2294e+01  6.2871e+00  1.9554e+00    0.1277    142.28    1.5928      2.3217    0      0
     4   6   7   500  3.3900e+22    118.19    0.3752  1.2294e+01  5.8992e+00  2.0839e+00    0.1480    147.78    1.5995      2.3202    0      0
     4   6   7   500  3.3900e+22    130.70    0.4149  1.2294e+01  5.1730e+00  2.3765e+00    0.1924    157.85    1.6560      2.4324    0      0
     4   6   7   500  3.3900e+22    143.36    0.4551  1.2294e+01  4.5108e+00  2.7254e+00    0.2408    167.26    1.7143      2.5462    1      0
     4   6   7   500  3.3900e+22    145.48    0.4618  1.2294e+01  4.3510e+00  2.8254e+00    0.2538    169.50    1.7165      2.5458    1      0
     4   6   7   500  3.3900e+22    163.49    0.5190  1.2294e+01  3.4895e+00  3.5230e+00    0.3342    181.48    1.8018      2.7062    1      0
     4   6   7   500  3.3900e+22    170.53    0.5414  1.2294e+01  3.2305e+00  3.8055e+00    0.3624    185.07    1.8429      2.7895    1      0
     4   6   7   500  3.3900e+22    185.69    0.5895  1.2294e+01  2.6440e+00  4.6497e+00    0.4341    193.59    1.9183      2.9430    1      0
     4   6   7   500  3.3900e+22    196.71    0.6245  1.2294e+01  2.2269e+00  5.5205e+00    0.4931    199.64    1.9707      3.0362    1      0
     4   6   7   500  3.3900e+22    214.03    0.6795  1.2294e+01  1.6875e+00  7.2849e+00    0.5817    207.18    2.0662      3.2107    1      0
     4   6   7   500  3.3900e+22    219.51    0.6969  1.2294e+01  1.5259e+00  8.0568e+00    0.6114    209.45    2.0961      3.2631    1      0
     4   6   7   500  3.3900e+22    242.20    0.7689  1.2294e+01  1.0231e+00  1.2016e+01    0.7158    216.82    2.2342      3.5475    1      0
     4   6   7   500  3.3900e+22    251.11    0.7972  1.2294e+01  8.3207e-01  1.4775e+01    0.7607    219.66    2.2863      3.6485    1      0
     4   6   7   500  3.3900e+22    263.71    0.8372  1.2294e+01  5.8991e-01  2.0840e+01    0.8226    223.29    2.3621      3.7976    1      0
     4   6   7   500  3.3900e+22    285.39    0.9060  1.2294e+01  1.7748e-01  6.9267e+01    0.9426    229.59    2.4862      4.0199    1      0
     4   6   7   500  3.3900e+22    302.91    0.9616  1.2294e+01  4.3408e-02  2.8321e+02    0.9873    231.65    2.6153      4.3679    1      0
     4   6   7   500  3.3900e+22    315.00    1.0000  1.2294e+01  8.5911e-03  1.4310e+03    1.0000    232.18    2.7134      4.6763    1      0
     4   6   8    SD  3.3900e+22     20.70    0.0500  6.7808e+21  6.6999e+21  1.0121e+00    0.0001     32.41    1.2773      1.5156    0      0
     4   6   8    SD  3.3900e+22     31.86    0.0769  6.7808e+21  6.5454e+21  1.0360e+00    0.0006     48.95    1.3017      1.6737    0      0
     4   6   8    SD  3.3900e+22     84.57    0.2043  6.7808e+21  5.2699e+21  1.2867e+00    0.0221    118.05    1.4328      1.9897    0      0
     4   6   8    SD  3.3900e+22     86.18    0.2082  6.7808e+21  5.2699e+21  1.2867e+00    0.0222    118.05    1.4601      2.0579    0      0
     4   6   8    SD  3.3900e+22     91.58    0.2212  6.7808e+21  5.0918e+21  1.3317e+00    0.0280    125.44    1.4600      2.0578    0      0
     4   6   8    SD  3.3900e+22     99.30    0.2398  6.7808e+21  4.8261e+21  1.4050e+00    0.0382    135.51    1.4655      2.0431    0      0
     4   6   8    SD  3.3900e+22    107.86    0.2605  6.7808e+21  4.6427e+21  1.4605e+00    0.0466    142.57    1.5132      2.1644    0      0
     4   6   8    SD  3.3900e+22    117.53    0.2839  6.7808e+21  4.2832e+21  1.5831e+00    0.0655    155.43    1.5124      2.1417    0      0
     4   6   8    SD  3.3900e+22    128.31    0.3099  6.7808e+21  4.0172e+21  1.6879e+00    0.0824    164.95    1.5557      2.2468    0      0
     4   6   8    SD  3.3900e+22    139.52    0.3370  6.7808e+21  3.6741e+21  1.8456e+00    0.1078    176.88    1.5776      2.2767    0      0
     4   6   8    SD  3.3900e+22    140.59    0.3396  6.7808e+21  3.6741e+21  1.8456e+00    0.1079    176.88    1.5897      2.3122    0      0
     4   6   8    SD  3.3900e+22    154.71    0.3737  6.7808e+21  3.2563e+21  2.0824e+00    0.1453    191.04    1.6197      2.3579    0      0
     4   6   8    SD  3.3900e+22    171.06    0.4132  6.7808e+21  2.7996e+21  2.4221e+00    0.1959    206.32    1.6582      2.4196    0      0
     4   6   8    SD  3.3900e+22    185.53    0.4481  6.7808e+21  2.5218e+21  2.6889e+00    0.2326    215.43    1.7223      2.5591    1      0
     4   6   8    SD  3.3900e+22    190.36    0.4598  6.7808e+21  2.3827e+21  2.8459e+00    0.2528    220.02    1.7305      2.5625    1      0
     4   6   8    SD  3.3900e+22    213.57    0.5159  6.7808e+21  1.8941e+21  3.5801e+00    0.3353    236.38    1.8070      2.7040    1      0
     4   6   8    SD  3.3900e+22    221.00    0.5338  6.7808e+21  1.7917e+21  3.7845e+00    0.3554    239.80    1.8432      2.7869    1      0
     4   6   8    SD  3.3900e+22    243.07    0.5871  6.7808e+21  1.3944e+21  4.8629e+00    0.4433    253.18    1.9201      2.9163    1      0
     4   6   8    SD  3.3900e+22    256.09    0.6186  6.7808e+21  1.2069e+21  5.6183e+00    0.4918    259.63    1.9728      3.0196    1      0
     4   6   8    SD  3.3900e+22    279.56    0.6753  6.7808e+21  9.0299e+20  7.5093e+00    0.5821    270.27    2.0688      3.2081    1      0
     4   6   8    SD  3.3900e+22    285.50    0.6896  6.7808e+21  8.4126e+20  8.0604e+00    0.6025    272.42    2.0960      3.2662    1      0
     4   6   8    SD  3.3900e+22    314.36    0.7593  6.7808e+21  5.7383e+20  1.1817e+01    0.7013    281.77    2.2313      3.5556    1      0
     4   6   8    SD  3.3900e+22    331.44    0.8006  6.7808e+21  4.2927e+20  1.5796e+01    0.7632    286.91    2.3104      3.7192    1      0
     4   6   8    SD  3.3900e+22    341.00    0.8237  6.7808e+21  3.5960e+20  1.8856e+01    0.7955    289.40    2.3566      3.8164    1      0
     4   6   8    SD  3.3900e+22    366.50    0.8853  6.7808e+21  1.9411e+20  3.4933e+01    0.8809    295.35    2.4818      4.0835    1      0
     4   6   8    SD  3.3900e+22    390.66    0.9436  6.7808e+21  9.6681e+19  7.0136e+01    0.9384    298.87    2.6142      4.4196    1      0
     4   6   8    SD  3.3900e+22    414.00    1.0000  6.7808e+21  2.8084e+18  2.4145e+03    1.0000    302.27    2.7393      4.7197    1      0
     4   6   8   160  3.3900e+22     15.60    0.0500  9.3588e-02  7.0245e-02  1.3323e+00    0.0007     17.63    1.7701      2.6398    0      0
     4   6   8   160  3.3900e+22     15.60    0.0500  9.3588e-02  7.0245e-02  1.3323e+00    0.0007     17.63    1.7701      2.6398    0      0
     4   6   8   160  3.3900e+22     15.60    0.0500  9.3588e-02  7.0245e-02  1.3323e+00    0.0007     17.63    1.7701      2.6398    0      0
     4   6   8   160  3.3900e+22     17.38    0.0557  9.3588e-02  7.0245e-02  1.3323e+00    0.0007     17.63    1.9715      2.9618    0      0
     4   6   8   160  3.3900e+22     18.54    0.0594  9.3588e-02  7.0194e-02  1.3333e+00    0.0007     17.66    2.0999      3.5214    0      0
     4   6   8   160  3.3900e+22     19.67    0.0631  9.3588e-02  7.0194e-02  1.3333e+00    0.0007     17.66    2.2285      3.5214    0      0
     4   6   8   160  3.3900e+22     20.80    0.0667  9.3588e-02  7.0194e-02  1.3333e+00    0.0007     17.66    2.3556      3.5214    0      0
     4   6   8   160  3.3900e+22     21.32    0.0683  9.3588e-02  7.1070e-02  1.3169e+00    0.0007     17.15    2.4857      3.0571    0      0
     4   6   8   160  3.3900e+22     22.42    0.0719  9.3588e-02  7.1070e-02  1.3169e+00    0.0007     17.15    2.6142      3.0571    0      0
     4   6   8   160  3.3900e+22     23.52    0.0754  9.3588e-02  7.1070e-02  1.3169e+00    0.0007     17.15    2.7428      3.0571    0      0
     4   6   8   160  3.3900e+22     23.89    0.0766  9.3588e-02  7.1070e-02  1.3169e+00    0.0007     17.15    2.7849      3.0571    0      0
     4   6   8   160  3.3900e+22     24.55    0.0787  9.3588e-02  7.2441e-02  1.2919e+00    0.0006     16.37    3.0000      2.4334    0      0
     4   6   8   160  3.3900e+22    114.41    0.3667  9.3588e-02  7.5138e-02  1.2456e+00    0.0273     14.82   15.4369      2.6490    0      0
     4   6   8   160  3.3900e+22    117.06    0.3752  9.3588e-02  7.3337e-02  1.2761e+00    0.0349     15.85   14.7664      2.4470    0      0
     4   6   8   160  3.3900e+22    120.19    0.3852  9.3588e-02  7.1540e-02  1.3082e+00    0.0433     16.88   14.2375      2.3205    0      0
     4   6   8   160  3.3900e+22    124.19    0.3981  9.3588e-02  6.9937e-02  1.3382e+00    0.0513     17.80   13.9521      2.2990    0      0
     4   6   8   160  3.3900e+22    130.54    0.4184  9.3588e-02  6.7657e-02  1.3833e+00    0.0636     19.01   13.7340      2.2502    0      0
     4   6   8   160  3.3900e+22    141.87    0.4547  9.3588e-02  6.3805e-02  1.4668e+00    0.0875     21.02   13.4982      2.2136    0      0
     4   6   8   160  3.3900e+22    144.15    0.4620  9.3588e-02  6.1968e-02  1.5103e+00    0.0999     21.98   13.1176      2.1223    0      0
     4   6   8   160  3.3900e+22    148.41    0.4757  9.3588e-02  5.9791e-02  1.5652e+00    0.1156     23.11   12.8418      2.0794    0      0
     4   6   8   160  3.3900e+22    154.46    0.4951  9.3588e-02  5.5005e-02  1.7014e+00    0.1519     26.29   11.7508      1.9612    0      0
     4   6   8   160  3.3900e+22    161.98    0.5192  9.3588e-02  5.0629e-02  1.8485e+00    0.1878     29.53   10.9695      1.9358    0      0
     4   6   8   160  3.3900e+22    171.26    0.5489  9.3588e-02  4.2124e-02  2.2217e+00    0.2651    262.77    1.3035      1.8411    1      0
     4   6   8   160  3.3900e+22    184.86    0.5925  9.3588e-02  3.5598e-02  2.6290e+00    0.3336    284.57    1.2992      1.9199    1      0
     4   6   8   160  3.3900e+22    203.18    0.6512  9.3588e-02  2.8456e-02  3.2888e+00    0.4206    296.61    1.3700      2.0661    1      0
     4   6   8   160  3.3900e+22    206.82    0.6629  9.3588e-02  2.7511e-02  3.4018e+00    0.4335    297.91    1.3885      2.1047    1      0
     4   6   8   160  3.3900e+22    231.46    0.7419  9.3588e-02  1.7650e-02  5.3024e+00    0.5897    310.48    1.4910      2.2298    1      0
     4   6   8   160  3.3900e+22    259.60    0.8321  9.3588e-02  8.8720e-03  1.0549e+01    0.7636    322.29    1.6110      2.4173    1      0
     4   6   8   160  3.3900e+22    312.00    1.0000  9.3588e-02 -1.5829e-04         nan    1.0000    334.89    1.8633      2.9466    1      0
     4   6   8   250  3.3900e+22     20.85    0.0500  6.5697e+00  6.4294e+00  1.0218e+00    0.0001     25.50    1.6355      2.2081    0      0
     4   6   8   250  3.3900e+22     20.85    0.0500  6.5697e+00  6.4294e+00  1.0218e+00    0.0001     25.50    1.6355      2.2081    0      0
     4   6   8   250  3.3900e+22     20.85    0.0500  6.5697e+00  6.4294e+00  1.0218e+00    0.0001     25.50    1.6355      2.2081    0      0
     4   6   8   250  3.3900e+22     71.17    0.1707  6.5697e+00  5.5938e+00  1.1745e+00    0.0095     97.87    1.4545      2.0856    0      0
     4   6   8   250  3.3900e+22     88.07    0.2112  6.5697e+00  5.1384e+00  1.2785e+00    0.0216    121.50    1.4498      2.0692    0      0
     4   6   8   250  3.3900e+22     95.28    0.2285  6.5697e+00  4.9801e+00  1.3192e+00    0.0272    128.59    1.4819      2.1253    0      0
     4   6   8   250  3.3900e+22    103.12    0.2473  6.5697e+00  4.7284e+00  1.3894e+00    0.0374    139.28    1.4808      2.1088    0      0
     4   6   8   250  3.3900e+22    111.55    0.2675  6.5697e+00  4.4701e+00  1.4697e+00    0.0499    149.84    1.4888      2.1121    0      0
     4   6   8   250  3.3900e+22    121.00    0.2902  6.5697e+00  4.2091e+00  1.5608e+00    0.0648    160.15    1.5111      2.1591    0      0
     4   6   8   250  3.3900e+22    131.84    0.3162  6.5697e+00  3.9574e+00  1.6601e+00    0.0813    170.25    1.5488      2.2498    0      0
     4   6   8   250  3.3900e+22    144.30    0.3460  6.5697e+00  3.5492e+00  1.8510e+00    0.1133    185.93    1.5522      2.2392    0      0
     4   6   8   250  3.3900e+22    157.99    0.3789  6.5697e+00  3.2196e+00  2.0405e+00    0.1445    198.43    1.5923      2.3330    0      0
     4   6   8   250  3.3900e+22    173.89    0.4170  6.5697e+00  2.8361e+00  2.3165e+00    0.1875    211.78    1.6422      2.4208    0      0
     4   6   8   250  3.3900e+22    193.12    0.4631  6.5697e+00  2.3529e+00  2.7922e+00    0.2536    228.60    1.6896      2.4984    1      0
     4   6   8   250  3.3900e+22    199.96    0.4795  6.5697e+00  2.2295e+00  2.9467e+00    0.2732    232.84    1.7176      2.5621    1      0
     4   6   8   250  3.3900e+22    216.86    0.5201  6.5697e+00  1.8831e+00  3.4888e+00    0.3347    244.80    1.7718      2.6579    1      0
     4   6   8   250  3.3900e+22    236.82    0.5679  6.5697e+00  1.5675e+00  4.1912e+00    0.4009    255.96    1.8504      2.8204    1      0
     4   6   8   250  3.3900e+22    245.69    0.5892  6.5697e+00  1.4263e+00  4.6060e+00    0.4341    261.05    1.8824      2.8813    1      0
     4   6   8   250  3.3900e+22    269.64    0.6466  6.5697e+00  1.0881e+00  6.0378e+00    0.5246    273.59    1.9711      3.0605    1      0
     4   6   8   250  3.3900e+22    282.14    0.6766  6.5697e+00  9.0061e-01  7.2948e+00    0.5826    280.54    2.0114      3.1213    1      0
     4   6   8   250  3.3900e+22    302.56    0.7256  6.5697e+00  7.1187e-01  9.2288e+00    0.6485    287.43    2.1053      3.3325    1      0
     4   6   8   250  3.3900e+22    330.24    0.7919  6.5697e+00  4.4402e-01  1.4796e+01    0.7574    297.06    2.2233      3.5563    1      0
     4   6   8   250  3.3900e+22    332.77    0.7980  6.5697e+00  4.4402e-01  1.4796e+01    0.7575    297.06    2.2404      3.6070    1      0
     4   6   8   250  3.3900e+22    358.10    0.8588  6.5697e+00  2.6240e-01  2.5037e+01    0.8451    303.66    2.3586      3.8584    1      0
     4   6   8   250  3.3900e+22    383.09    0.9187  6.5697e+00  1.3647e-01  4.8140e+01    0.9147    308.21    2.4859      4.1613    1      0
     4   6   8   250  3.3900e+22    408.58    0.9798  6.5697e+00  1.2753e-02  5.1515e+02    0.9934    312.67    2.6135      4.4428    1      0
     4   6   8   250  3.3900e+22    417.00    1.0000  6.5697e+00  3.2718e-03  2.0080e+03    1.0000    313.02    2.6643      4.6002    1      0
     4   6   8   350  3.3900e+22     21.00    0.0500  1.0442e+01  1.0271e+01  1.0166e+00    0.0001     27.92    1.5045      2.0093    0      0
     4   6   8   350  3.3900e+22     21.00    0.0500  1.0442e+01  1.0271e+01  1.0166e+00    0.0001     27.92    1.5045      2.0093    0      0
     4   6   8   350  3.3900e+22     22.93    0.0546  1.0442e+01  1.0229e+01  1.0208e+00    0.0001     31.66    1.4484      1.9529    0      0
     4   6   8   350  3.3900e+22     87.31    0.2079  1.0442e+01  8.1373e+00  1.2832e+00    0.0223    122.03    1.4309      2.0043    0      0
     4   6   8   350  3.3900e+22     94.39    0.2247  1.0442e+01  7.8790e+00  1.3253e+00    0.0281    129.10    1.4623      2.0808    0      0
     4   6   8   350  3.3900e+22    102.24    0.2434  1.0442e+01  7.4751e+00  1.3969e+00    0.0384    139.76    1.4630      2.0599    0      0
     4   6   8   350  3.3900e+22    110.78    0.2638  1.0442e+01  7.2009e+00  1.4501e+00    0.0467    146.85    1.5087      2.1684    0      0
     4   6   8   350  3.3900e+22    120.39    0.2867  1.0442e+01  6.6535e+00  1.5693e+00    0.0657    160.26    1.5025      2.1269    0      0
     4   6   8   350  3.3900e+22    131.23    0.3125  1.0442e+01  6.2516e+00  1.6702e+00    0.0825    170.10    1.5430      2.2258    0      0
     4   6   8   350  3.3900e+22    143.61    0.3419  1.0442e+01  5.7299e+00  1.8223e+00    0.1079    182.36    1.5750      2.2935    0      0
     4   6   8   350  3.3900e+22    149.40    0.3557  1.0442e+01  5.4677e+00  1.9097e+00    0.1223    188.44    1.5857      2.3133    0      0
     4   6   8   350  3.3900e+22    157.56    0.3751  1.0442e+01  5.0835e+00  2.0541e+00    0.1457    197.46    1.5958      2.3316    0      0
     4   6   8   350  3.3900e+22    173.65    0.4134  1.0442e+01  4.4844e+00  2.3285e+00    0.1880    210.53    1.6496      2.4318    0      0
     4   6   8   350  3.3900e+22    192.98    0.4595  1.0442e+01  3.7222e+00  2.8052e+00    0.2540    227.25    1.6984      2.5095    1      0
     4   6   8   350  3.3900e+22    197.26    0.4697  1.0442e+01  3.6218e+00  2.8830e+00    0.2639    229.45    1.7194      2.5566    1      0
     4   6   8   350  3.3900e+22    216.58    0.5157  1.0442e+01  2.9728e+00  3.5125e+00    0.3357    243.64    1.7779      2.6612    1      0
     4   6   8   350  3.3900e+22    233.51    0.5560  1.0442e+01  2.5553e+00  4.0864e+00    0.3904    252.92    1.8465      2.8063    1      0
     4   6   8   350  3.3900e+22    245.43    0.5844  1.0442e+01  2.2515e+00  4.6378e+00    0.4350    259.71    1.8901      2.8860    1      0
     4   6   8   350  3.3900e+22    267.61    0.6372  1.0442e+01  1.7181e+00  6.0773e+00    0.5252    271.93    1.9682      3.0346    1      0
     4   6   8   350  3.3900e+22    282.37    0.6723  1.0442e+01  1.4303e+00  7.3004e+00    0.5816    278.59    2.0272      3.1482    1      0
     4   6   8   350  3.3900e+22    298.41    0.7105  1.0442e+01  1.1752e+00  8.8853e+00    0.6373    284.43    2.0983      3.3006    1      0
     4   6   8   350  3.3900e+22    327.27    0.7792  1.0442e+01  7.4638e-01  1.3990e+01    0.7453    294.16    2.2251      3.5493    1      0
     4   6   8   350  3.3900e+22    333.01    0.7929  1.0442e+01  6.7064e-01  1.5570e+01    0.7667    295.91    2.2507      3.5967    1      0
     4   6   8   350  3.3900e+22    354.93    0.8451  1.0442e+01  4.4735e-01  2.3341e+01    0.8349    301.09    2.3577      3.8437    1      0
     4   6   8   350  3.3900e+22    380.56    0.9061  1.0442e+01  2.3628e-01  4.4191e+01    0.9079    306.03    2.4871      4.1477    1      0
     4   6   8   350  3.3900e+22    405.72    0.9660  1.0442e+01  4.5492e-02  2.2953e+02    0.9834    310.43    2.6140      4.4354    1      0
     4   6   8   350  3.3900e+22    420.00    1.0000  1.0442e+01  7.4112e-03  1.4089e+03    1.0000    311.31    2.6983      4.6847    1      0
     4   6   8   500  3.3900e+22     87.04    0.2043  8.6400e+00  6.7223e+00  1.2853e+00    0.0225    122.01    1.4268      1.9748    0      0
     4   6   8   500  3.3900e+22     93.15    0.2187  8.6400e+00  6.5064e+00  1.3279e+00    0.0283    129.14    1.4426      2.0120    0      0
     4   6   8   500  3.3900e+22     94.11    0.2209  8.6400e+00  6.5064e+00  1.3279e+00    0.0284    129.14    1.4575      2.0533    0      0
     4   6   8   500  3.3900e+22    101.90    0.2392  8.6400e+00  6.2864e+00  1.3744e+00    0.0351    136.13    1.4971      2.1364    0      0
     4   6   8   500  3.3900e+22    110.57    0.2595  8.6400e+00  5.9455e+00  1.4532e+00    0.0470    146.88    1.5055      2.1546    0      0
     4   6   8   500  3.3900e+22    120.27    0.2823  8.6400e+00  5.4955e+00  1.5722e+00    0.0659    160.15    1.5019      2.1259    0      0
     4   6   8   500  3.3900e+22    131.10    0.3077  8.6400e+00  5.1625e+00  1.6736e+00    0.0828    169.90    1.5433      2.2251    0      0
     4   6   8   500  3.3900e+22    143.46    0.3368  8.6400e+00  4.7291e+00  1.8270e+00    0.1082    182.07    1.5758      2.2899    0      0
     4   6   8   500  3.3900e+22    147.07    0.3452  8.6400e+00  4.5131e+00  1.9144e+00    0.1225    188.04    1.5642      2.2415    0      0
     4   6   8   500  3.3900e+22    157.49    0.3697  8.6400e+00  4.1986e+00  2.0578e+00    0.1458    196.91    1.5996      2.3324    0      0
     4   6   8   500  3.3900e+22    173.75    0.4079  8.6400e+00  3.7080e+00  2.3301e+00    0.1878    209.86    1.6558      2.4395    0      0
     4   6   8   500  3.3900e+22    193.10    0.4533  8.6400e+00  3.0789e+00  2.8062e+00    0.2537    226.63    1.7041      2.5193    1      0
     4   6   8   500  3.3900e+22    195.28    0.4584  8.6400e+00  2.9953e+00  2.8845e+00    0.2635    228.86    1.7066      2.5172    1      0
     4   6   8   500  3.3900e+22    216.56    0.5084  8.6400e+00  2.4558e+00  3.5182e+00    0.3358    243.20    1.7810      2.6649    1      0
     4   6   8   500  3.3900e+22    232.20    0.5451  8.6400e+00  2.1117e+00  4.0915e+00    0.3903    252.46    1.8395      2.7810    1      0
     4   6   8   500  3.3900e+22    245.43    0.5761  8.6400e+00  1.8603e+00  4.6443e+00    0.4350    259.23    1.8935      2.8903    1      0
     4   6   8   500  3.3900e+22    266.50    0.6256  8.6400e+00  1.4715e+00  5.8717e+00    0.5138    269.92    1.9747      3.0527    1      0
     4   6   8   500  3.3900e+22    282.46    0.6631  8.6400e+00  1.1835e+00  7.3003e+00    0.5812    277.93    2.0326      3.1574    1      0
     4   6   8   500  3.3900e+22    297.41    0.6981  8.6400e+00  9.7092e-01  8.8988e+00    0.6373    283.80    2.0959      3.2820    1      0
     4   6   8   500  3.3900e+22    326.72    0.7669  8.6400e+00  6.4977e-01  1.3297e+01    0.7345    292.62    2.2330      3.5780    1      0
     4   6   8   500  3.3900e+22    333.32    0.7824  8.6400e+00  5.5764e-01  1.5494e+01    0.7656    295.18    2.2584      3.6167    1      0
     4   6   8   500  3.3900e+22    353.19    0.8291  8.6400e+00  3.9465e-01  2.1893e+01    0.8254    299.76    2.3565      3.8433    1      0
     4   6   8   500  3.3900e+22    379.64    0.8912  8.6400e+00  1.9680e-01  4.3903e+01    0.9075    305.42    2.4861      4.1318    1      0
     4   6   8   500  3.3900e+22    404.25    0.9489  8.6400e+00  6.2866e-02  1.3744e+02    0.9711    309.19    2.6148      4.4497    1      0
     4   6   8   500  3.3900e+22    426.00    1.0000  8.6400e+00  7.9426e-03  1.0878e+03    1.0000    310.74    2.7418      4.8250    1      0
