#__________________________________________________________________________________________________________________________________
#
# Command: /Users/amenshch/bin/+GETSF/SCRIPTS/collect
#
# Models: /Users/amenshch/Astronomy/+SIMULATIONS_IMAGES/260801_RT_BES_radmc3d_subdivision
#
# CATALOG OF RT MODELS OF BONNOR-EBERT SPHERES COMPUTED WITH RADMC-3D
#
# NOTE2: M_SED4/M_SED3 has a clean gap between 1.29 and 1.39 because the grid is noiseless and the 160 µm zero-crossing is sharp;
#        to avoid using contaminated masses in mass corrections, use M_SED3 when M_SED4/M_SED3 > 1.3
#__________________________________________________________________________________________________________________________________
#
# TABULATED QUANTITIES
#
#  n ................ BE model sequential number
#  i ................ number of BE model in the grid SD_emb(i)
#  j ................ number of BE model in the grid T_BE(j)  
#  k ................ number of BE model in the grid rho_BE(k)
#  SD_emb ........... surface density (cm^-2) of cloud embedding BE sphere
#  T_BE ............. temperature of BE sphere (K)
#  rho_BE ........... central density of BE sphere (g/cm^-3)
#  M_BE ............. mass of BE sphere (Msun)
#  R_BE_as .......... radius of BE sphere (")
#  R_BE_au .......... radius of BE sphere (AU)
#  R_BE_pc .......... radius of BE sphere (pc) for distance 260.0 pc
#  Td_avg ........... dust temperature (K) of model (mass-averaged)
#  Td_emb ........... dust temperature (K) of embedding cloud just outside model
#  T_SED4bs ......... model SED temperature (K) (160-500 μm, interpolated background)
#  M_SED4bs ......... model SED mass (Msun) (160-500 μm, interpolated background)
#  Chi2_4bs ......... chi^2 value for SED fit (160-500 μm, interpolated background)
#  T_SED4bsl ........ model SED temperature (K) (160-500 μm, true crater background)
#  M_SED4bsl ........ model SED mass (Msun) (160-500 μm, true crater background)
#  Chi2_4bsl ........ chi^2 value for SED fit (160-500 μm, true crater background)
#  T_SED3bs ......... model SED temperature (K) (250-500 μm, interpolated background)
#  M_SED3bs ......... model SED mass (Msun) (250-500 μm, interpolated background)
#  Chi2_3bs ......... chi^2 value for SED fit (250-500 μm, interpolated background)
#  T_SED3bsl ........ model SED temperature (K) (250-500 μm, true crater background)
#  M_SED3bsl ........ model SED mass (Msun) (250-500 μm, true crater background)
#  Chi2_3bsl ........ chi^2 value for SED fit (250-500 μm, true crater background)
#  ICSDbs ........... surface density (cm^-2) at model center (interpolated background)
#  IC070bs .......... intensity at  70 μm (MJy/sr) at model center (interpolated background)
#  IC100bs .......... intensity at 100 μm (MJy/sr) at model center (interpolated background)
#  IC160bs .......... intensity at 160 μm (MJy/sr) at model center (interpolated background)
#  IC250bs .......... intensity at 250 μm (MJy/sr) at model center (interpolated background)
#  IC350bs .......... intensity at 350 μm (MJy/sr) at model center (interpolated background)
#  IC500bs .......... intensity at 500 μm (MJy/sr) at model center (interpolated background)
#  FXSDbs ........... total surface density (interpolated background)
#  FX070bs .......... total flux at  70 μm (Jy) (interpolated background)
#  FX100bs .......... total flux at 100 μm (Jy) (interpolated background)
#  FX160bs .......... total flux at 160 μm (Jy) (interpolated background)
#  FX250bs .......... total flux at 250 μm (Jy) (interpolated background)
#  FX350bs .......... total flux at 350 μm (Jy) (interpolated background)
#  FX500bs .......... total flux at 500 μm (Jy) (interpolated background)
#  FWHMSDbs ......... full width at half-maximum (") of surface density image (interpolated background)
#  FWHM070bs ........ full width at half-maximum (") of  70 μm intensity image (interpolated background)
#  FWHM100bs ........ full width at half-maximum (") of 100 μm intensity image (interpolated background)
#  FWHM160bs ........ full width at half-maximum (") of 160 μm intensity image (interpolated background)
#  FWHM250bs ........ full width at half-maximum (") of 250 μm intensity image (interpolated background)
#  FWHM350bs ........ full width at half-maximum (") of 350 μm intensity image (interpolated background)
#  FWHM500bs ........ full width at half-maximum (") of 500 μm intensity image (interpolated background)
#  ICSDbsl .......... surface density (cm^-2) at model center (true crater background)
#  IC070bsl ......... intensity at  70 μm (MJy/sr) at model center (true crater background)
#  IC100bsl ......... intensity at 100 μm (MJy/sr) at model center (true crater background)
#  IC160bsl ......... intensity at 160 μm (MJy/sr) at model center (true crater background)
#  IC250bsl ......... intensity at 250 μm (MJy/sr) at model center (true crater background)
#  IC350bsl ......... intensity at 350 μm (MJy/sr) at model center (true crater background)
#  IC500bsl ......... intensity at 500 μm (MJy/sr) at model center (true crater background)
#  FXSDbsl .......... total surface density (true crater background)
#  FX070bsl ......... total flux at  70 μm (Jy) (true crater background)
#  FX100bsl ......... total flux at 100 μm (Jy) (true crater background)
#  FX160bsl ......... total flux at 160 μm (Jy) (true crater background)
#  FX250bsl ......... total flux at 250 μm (Jy) (true crater background)
#  FX350bsl ......... total flux at 350 μm (Jy) (true crater background)
#  FX500bsl ......... total flux at 500 μm (Jy) (true crater background)
#  FWHMSDbsl ........ full width at half-maximum (") of surface density image (true crater background)
#  FWHM070bsl ....... full width at half-maximum (") of  70 μm intensity image (true crater background)
#  FWHM100bsl ....... full width at half-maximum (") of 100 μm intensity image (true crater background)
#  FWHM160bsl ....... full width at half-maximum (") of 160 μm intensity image (true crater background)
#  FWHM250bsl ....... full width at half-maximum (") of 250 μm intensity image (true crater background)
#  FWHM350bsl ....... full width at half-maximum (") of 350 μm intensity image (true crater background)
#  FWHM500bsl ....... full width at half-maximum (") of 500 μm intensity image (true crater background)
#__________________________________________________________________________________________________________________________________
#
# n    i  j  k    SD_emb     T_BE       rho_BE        M_BE        R_BE_as      R_BE_au      R_BE_pc      Td_avg       Td_emb     Td_SED4bs  M_SED4bs   Chi2_4bs   T_SED4bsl  M_SED4bsl  Chi2_4bsl  T_SED3bs   M_SED3bs   Chi2_3bs   T_SED3bsl  M_SED3bsl  Chi2_3bsl    ICSDbs    IC070bs    IC100bs    IC160bs    IC250bs    IC350bs    IC500bs     FXSDbs    FX070bs    FX100bs    FX160bs    FX250bs    FX350bs    FX500bs   FWHMSDbs   FWHM070bs  FWHM100bs  FWHM160bs  FWHM250bs  FWHM350bs  FWHM500bs    ICSDbsl   IC070bsl   IC100bsl   IC160bsl   IC250bsl   IC350bsl   IC500bsl   FXSDbsl   FX070bsl   FX100bsl   FX160bsl   FX250bsl   FX350bsl   FX500bsl  FWHMSDbsl  FWHM070bsl FWHM100bsl FWHM160bsl FWHM250bsl FWHM350bsl FWHM500bsl
#
 001  01 01 01  4.240E+21  8.249E+00  2.56850E-17  7.99667E-03  1.45987E+00  3.79565E+02  1.84016E-03  8.61672E+00  1.17385E+01  8.825E+00  7.027E-03  7.660E-02  8.860E+00  6.952E-03  5.262E-02  8.908E+00  6.737E-03  4.573E-03  8.928E+00  6.719E-03  5.314E-03  1.057E+21 -3.397E-01 -3.600E-01  5.315E-01  1.326E+00  8.435E-01  2.786E-01  5.310E+18 -6.978E-04 -9.074E-04  2.690E-03  1.195E-02  1.408E-02  9.827E-03  1.374E+01  8.782E+00  9.727E+00  1.379E+01  1.840E+01  2.504E+01  3.639E+01  1.059E+21 -3.397E-01 -3.547E-01  5.510E-01  1.342E+00  8.496E-01  2.800E-01  5.320E+18 -6.978E-04 -8.942E-04  2.788E-03  1.209E-02  1.419E-02  9.876E-03  1.374E+01  8.782E+00  9.727E+00  1.378E+01  1.840E+01  2.504E+01  3.639E+01
 002  01 01 02  4.240E+21  9.607E+00  6.08090E-18  7.99145E-03  2.27995E+00  5.92788E+02  2.87388E-03  9.59529E+00  1.19323E+01  9.742E+00  7.085E-03  4.256E-03  9.778E+00  7.059E-03  2.159E-03  9.763E+00  7.022E-03  1.061E-03  9.789E+00  7.027E-03  1.332E-03  1.033E+21 -3.518E-01 -2.560E-01  1.402E+00  2.406E+00  1.320E+00  3.889E-01  5.289E+18 -7.563E-04 -6.590E-04  7.260E-03  2.194E-02  2.217E-02  1.376E-02  1.387E+01  8.990E+00  9.835E+00  1.395E+01  1.851E+01  2.511E+01  3.643E+01  1.037E+21 -3.518E-01 -2.432E-01  1.451E+00  2.445E+00  1.335E+00  3.924E-01  5.312E+18 -7.562E-04 -6.257E-04  7.507E-03  2.230E-02  2.242E-02  1.388E-02  1.387E+01  8.990E+00  9.832E+00  1.395E+01  1.851E+01  2.511E+01  3.643E+01
 003  01 01 03  4.240E+21  1.097E+01  1.36740E-18  7.99552E-03  3.68475E+00  9.58035E+02  4.64462E-03  1.07209E+01  1.20483E+01  1.072E+01  7.320E-03  2.413E-03  1.076E+01  7.368E-03  1.189E-03  1.074E+01  7.262E-03  3.738E-06  1.077E+01  7.328E-03  1.872E-05  9.775E+20 -3.161E-01  6.493E-02  3.196E+00  4.142E+00  1.991E+00  5.305E-01  5.241E+18 -7.580E-04  2.504E-04  1.741E-02  3.884E-02  3.396E-02  1.890E-02  1.419E+01  9.511E+00  1.248E+01  1.431E+01  1.876E+01  2.530E+01  3.659E+01  9.888E+20 -3.161E-01  9.719E-02  3.321E+00  4.245E+00  2.031E+00  5.397E-01  5.301E+18 -7.578E-04  3.407E-04  1.807E-02  3.980E-02  3.464E-02  1.923E-02  1.419E+01  9.511E+00  1.172E+01  1.430E+01  1.876E+01  2.530E+01  3.659E+01
 004  01 01 04  4.240E+21  1.189E+01  3.36660E-19  7.98602E-03  5.82818E+00  1.51533E+03  7.34641E-03  1.16418E+01  1.22612E+01  1.158E+01  7.265E-03  2.181E-03  1.162E+01  7.455E-03  1.454E-03  1.160E+01  7.208E-03  1.782E-05  1.164E+01  7.408E-03  7.761E-06  8.562E+20 -2.252E-01  5.744E-01  5.251E+00  5.736E+00  2.553E+00  6.419E-01  5.163E+18 -6.968E-04  2.238E-03  3.222E-02  5.753E-02  4.514E-02  2.326E-02  1.510E+01  1.094E+01  1.236E+01  1.525E+01  1.944E+01  2.576E+01  3.687E+01  8.819E+20 -2.252E-01  6.471E-01  5.549E+00  5.988E+00  2.653E+00  6.651E-01  5.313E+18 -6.966E-04  2.483E-03  3.396E-02  6.000E-02  4.689E-02  2.410E-02  1.510E+01  1.094E+01  1.224E+01  1.523E+01  1.943E+01  2.575E+01  3.687E+01
 005  01 02 01  4.240E+21  7.374E+00  5.64020E-17  1.88554E-02  1.69581E+00  4.40911E+02  2.13757E-03  8.04828E+00  1.17611E+01  8.184E+00  1.741E-02  6.209E-01  8.225E+00  1.710E-02  4.928E-01  8.400E+00  1.537E-02  8.403E-03  8.418E+00  1.531E-02  9.594E-03  2.486E+21 -6.640E-01 -8.525E-01  5.548E-01  2.042E+00  1.448E+00  5.194E-01  1.253E+19 -1.380E-03 -2.166E-03  2.839E-03  1.846E-02  2.421E-02  1.833E-02  1.375E+01  8.836E+00  9.768E+00  1.386E+01  1.842E+01  2.506E+01  3.640E+01  2.489E+21 -6.640E-01 -8.455E-01  5.809E-01  2.064E+00  1.456E+00  5.213E-01  1.254E+19 -1.380E-03 -2.148E-03  2.970E-03  1.865E-02  2.434E-02  1.840E-02  1.375E+01  8.836E+00  9.769E+00  1.385E+01  1.842E+01  2.506E+01  3.640E+01
 006  01 02 02  4.240E+21  8.449E+00  1.38020E-17  1.88358E-02  2.46378E+00  6.40582E+02  3.10558E-03  8.80046E+00  1.19010E+01  9.019E+00  1.638E-02  3.418E-02  9.055E+00  1.623E-02  2.118E-02  9.075E+00  1.594E-02  4.055E-03  9.096E+00  1.590E-02  4.737E-03  2.431E+21 -7.733E-01 -7.891E-01  1.507E+00  3.478E+00  2.158E+00  6.986E-01  1.249E+19 -1.680E-03 -2.068E-03  7.894E-03  3.184E-02  3.631E-02  2.473E-02  1.390E+01  9.040E+00  9.927E+00  1.403E+01  1.855E+01  2.513E+01  3.645E+01  2.436E+21 -7.733E-01 -7.745E-01  1.563E+00  3.523E+00  2.176E+00  7.027E-01  1.252E+19 -1.680E-03 -2.030E-03  8.179E-03  3.226E-02  3.661E-02  2.488E-02  1.390E+01  9.040E+00  9.927E+00  1.403E+01  1.855E+01  2.513E+01  3.645E+01
 007  01 02 03  4.240E+21  9.831E+00  3.20450E-18  1.88535E-02  3.81549E+00  9.92028E+02  4.80942E-03  9.78887E+00  1.19071E+01  9.931E+00  1.678E-02  2.394E-03  9.966E+00  1.674E-02  1.284E-03  9.947E+00  1.667E-02  8.248E-04  9.973E+00  1.670E-02  1.038E-03  2.314E+21 -7.369E-01 -4.811E-01  3.691E+00  6.141E+00  3.328E+00  9.696E-01  1.250E+19 -1.798E-03 -1.300E-03  2.054E-02  5.809E-02  5.697E-02  3.458E-02  1.426E+01  9.602E+00  1.009E+01  1.448E+01  1.886E+01  2.536E+01  3.658E+01  2.326E+21 -7.368E-01 -4.485E-01  3.819E+00  6.247E+00  3.370E+00  9.791E-01  1.257E+19 -1.798E-03 -1.207E-03  2.122E-02  5.907E-02  5.767E-02  3.492E-02  1.426E+01  9.602E+00  1.007E+01  1.447E+01  1.886E+01  2.536E+01  3.658E+01
 008  01 02 04  4.240E+21  1.112E+01  7.45810E-19  1.88457E-02  6.05312E+00  1.57381E+03  7.62995E-03  1.08676E+01  1.20384E+01  1.086E+01  1.730E-02  2.400E-03  1.090E+01  1.744E-02  1.276E-03  1.088E+01  1.716E-02  1.274E-06  1.091E+01  1.734E-02  1.113E-05  2.031E+21 -5.603E-01  1.928E-01  7.233E+00  9.672E+00  4.740E+00  1.275E+00  1.238E+19 -1.784E-03  1.117E-03  4.583E-02  9.839E-02  8.440E-02  4.635E-02  1.516E+01  1.110E+01  1.593E+01  1.550E+01  1.957E+01  2.589E+01  3.692E+01  2.058E+21 -5.602E-01  2.636E-01  7.531E+00  9.927E+00  4.842E+00  1.299E+00  1.254E+19 -1.783E-03  1.360E-03  4.760E-02  1.009E-01  8.619E-02  4.721E-02  1.516E+01  1.110E+01  1.476E+01  1.547E+01  1.956E+01  2.588E+01  3.692E+01
 009  01 02 05  4.240E+21  1.199E+01  1.76430E-19  1.88465E-02  9.66994E+00  2.51419E+03  1.21889E-02  1.17653E+01  1.22755E+01  1.169E+01  1.709E-02  2.148E-03  1.173E+01  1.763E-02  1.473E-03  1.172E+01  1.696E-02  3.119E-05  1.176E+01  1.751E-02  1.805E-05  1.495E+21 -2.953E-01  8.952E-01  9.717E+00  1.178E+01  5.620E+00  1.476E+00  1.211E+19 -1.594E-03  6.254E-03  8.191E-02  1.423E-01  1.102E-01  5.623E-02  1.779E+01  1.503E+01  1.754E+01  1.823E+01  2.144E+01  2.720E+01  3.783E+01  1.549E+21 -2.953E-01  1.026E+00  1.036E+01  1.238E+01  5.872E+00  1.538E+00  1.253E+19 -1.593E-03  6.938E-03  8.676E-02  1.491E-01  1.150E-01  5.853E-02  1.777E+01  1.502E+01  1.714E+01  1.816E+01  2.141E+01  2.718E+01  3.782E+01
 010  01 02 06  4.240E+21  1.246E+01  4.10680E-20  1.88607E-02  1.56213E+01  4.06153E+03  1.96906E-02  1.23424E+01  1.25263E+01  1.226E+01  1.616E-02  1.393E-03  1.230E+01  1.765E-02  9.459E-04  1.228E+01  1.606E-02  3.261E-05  1.232E+01  1.755E-02  2.163E-05  7.908E+20 -1.028E-01  8.419E-01  7.398E+00  9.474E+00  4.965E+00  1.405E+00  1.146E+19 -1.250E-03  1.202E-02  1.106E-01  1.691E-01  1.232E-01  6.028E-02  2.496E+01  2.417E+01  2.622E+01  2.549E+01  2.684E+01  3.100E+01  4.030E+01  8.749E+20 -1.028E-01  1.022E+00  8.453E+00  1.063E+01  5.520E+00  1.553E+00  1.254E+19 -1.248E-03  1.397E-02  1.241E-01  1.876E-01  1.362E-01  6.643E-02  2.479E+01  2.417E+01  2.556E+01  2.519E+01  2.666E+01  3.090E+01  4.024E+01
 011  01 03 01  4.240E+21  6.950E+00  9.50600E-17  4.44717E-02  2.59487E+00  6.74666E+02  3.27083E-03  7.92870E+00  1.18894E+01  8.205E+00  3.839E-02  4.254E-01  8.253E+00  3.760E-02  3.094E-01  8.381E+00  3.469E-02  1.635E-02  8.402E+00  3.452E-02  1.833E-02  5.765E+21 -1.314E+00 -1.870E+00  1.224E+00  4.476E+00  3.199E+00  1.161E+00  2.947E+19 -2.860E-03 -4.879E-03  6.530E-03  4.104E-02  5.384E-02  4.110E-02  1.385E+01  9.046E+00  9.897E+00  1.416E+01  1.856E+01  2.514E+01  3.645E+01  5.772E+21 -1.314E+00 -1.852E+00  1.294E+00  4.534E+00  3.222E+00  1.166E+00  2.950E+19 -2.860E-03 -4.831E-03  6.890E-03  4.157E-02  5.422E-02  4.128E-02  1.386E+01  9.046E+00  9.896E+00  1.415E+01  1.856E+01  2.513E+01  3.645E+01
 012  01 03 02  4.240E+21  7.609E+00  2.81640E-17  4.44430E-02  3.09176E+00  8.03858E+02  3.89716E-03  8.34341E+00  1.16410E+01  8.584E+00  3.872E-02  1.627E-01  8.622E+00  3.820E-02  1.175E-01  8.700E+00  3.639E-02  7.729E-03  8.720E+00  3.626E-02  8.796E-03  5.665E+21 -1.609E+00 -1.887E+00  2.024E+00  5.967E+00  4.013E+00  1.382E+00  2.949E+19 -3.630E-03 -5.086E-03  1.098E-02  5.535E-02  6.795E-02  4.903E-02  1.398E+01  9.214E+00  1.006E+01  1.428E+01  1.866E+01  2.523E+01  3.650E+01  5.673E+21 -1.609E+00 -1.865E+00  2.110E+00  6.038E+00  4.040E+00  1.388E+00  2.954E+19 -3.630E-03 -5.026E-03  1.142E-02  5.600E-02  6.841E-02  4.926E-02  1.398E+01  9.214E+00  1.006E+01  1.426E+01  1.865E+01  2.523E+01  3.650E+01
 013  01 03 03  4.240E+21  8.693E+00  7.21000E-18  4.44524E-02  4.25237E+00  1.10562E+03  5.36010E-03  9.03194E+00  1.18730E+01  9.278E+00  3.831E-02  1.007E-02  9.313E+00  3.804E-02  6.046E-03  9.305E+00  3.783E-02  3.543E-03  9.328E+00  3.777E-02  4.116E-03  5.388E+21 -1.603E+00 -1.582E+00  4.279E+00  9.226E+00  5.607E+00  1.781E+00  2.945E+19 -4.045E-03 -4.555E-03  2.467E-02  8.846E-02  9.658E-02  6.371E-02  1.433E+01  9.768E+00  1.041E+01  1.474E+01  1.898E+01  2.545E+01  3.663E+01  5.403E+21 -1.603E+00 -1.543E+00  4.435E+00  9.357E+00  5.658E+00  1.793E+00  2.953E+19 -4.045E-03 -4.441E-03  2.552E-02  8.969E-02  9.747E-02  6.413E-02  1.433E+01  9.767E+00  1.041E+01  1.472E+01  1.897E+01  2.545E+01  3.663E+01
 014  01 03 04  4.240E+21  1.003E+01  1.73250E-18  4.44056E-02  6.37422E+00  1.65730E+03  8.03469E-03  9.98066E+00  1.18628E+01  1.009E+01  3.980E-02  1.848E-03  1.013E+01  3.977E-02  8.776E-04  1.011E+01  3.956E-02  4.933E-04  1.014E+01  3.967E-02  6.480E-04  4.748E+21 -1.283E+00 -8.273E-01  8.465E+00  1.457E+01  8.049E+00  2.362E+00  2.937E+19 -4.241E-03 -2.427E-03  5.640E-02  1.513E-01  1.447E-01  8.618E-02  1.530E+01  1.134E+01  1.061E+01  1.597E+01  1.980E+01  2.599E+01  3.701E+01  4.777E+21 -1.283E+00 -7.542E-01  8.780E+00  1.484E+01  8.160E+00  2.388E+00  2.955E+19 -4.240E-03 -2.169E-03  5.830E-02  1.540E-01  1.466E-01  8.713E-02  1.530E+01  1.134E+01  1.052E+01  1.593E+01  1.979E+01  2.599E+01  3.701E+01
 015  01 03 05  4.240E+21  1.128E+01  3.99040E-19  4.44462E-02  1.00450E+01  2.61169E+03  1.26616E-02  1.10313E+01  1.21262E+01  1.100E+01  4.073E-02  2.467E-03  1.104E+01  4.119E-02  1.387E-03  1.103E+01  4.040E-02  7.132E-07  1.106E+01  4.094E-02  1.511E-06  3.500E+21 -7.313E-01  3.047E-01  1.327E+01  1.991E+01  1.050E+01  2.955E+00  2.907E+19 -4.158E-03  4.128E-03  1.204E-01  2.486E-01  2.093E-01  1.133E-01  1.808E+01  1.550E+01  2.334E+01  1.910E+01  2.190E+01  2.741E+01  3.798E+01  3.557E+21 -7.313E-01  4.306E-01  1.391E+01  2.053E+01  1.077E+01  3.020E+00  2.952E+19 -4.157E-03  4.817E-03  1.255E-01  2.558E-01  2.144E-01  1.158E-01  1.807E+01  1.550E+01  2.148E+01  1.902E+01  2.187E+01  2.740E+01  3.797E+01
 016  01 03 06  4.240E+21  1.209E+01  9.32180E-20  4.43806E-02  1.60221E+01  4.16575E+03  2.01958E-02  1.18805E+01  1.23432E+01  1.181E+01  4.007E-02  1.982E-03  1.185E+01  4.154E-02  1.377E-03  1.183E+01  3.978E-02  3.229E-05  1.187E+01  4.129E-02  1.973E-05  1.913E+21 -2.905E-01  1.008E+00  1.292E+01  1.888E+01  1.056E+01  3.122E+00  2.840E+19 -3.640E-03  1.712E-02  2.067E-01  3.496E-01  2.674E-01  1.353E-01  2.529E+01  2.451E+01  2.905E+01  2.657E+01  2.743E+01  3.132E+01  4.044E+01  1.997E+21 -2.905E-01  1.177E+00  1.394E+01  2.002E+01  1.111E+01  3.272E+00  2.951E+19 -3.638E-03  1.901E-02  2.200E-01  3.683E-01  2.805E-01  1.415E-01  2.522E+01  2.451E+01  2.818E+01  2.634E+01  2.732E+01  3.126E+01  4.041E+01
 017  01 03 07  4.240E+21  1.252E+01  2.02530E-20  4.44331E-02  2.64071E+01  6.86586E+03  3.32862E-02  1.24180E+01  1.25732E+01  1.233E+01  3.687E-02  1.375E-03  1.238E+01  4.159E-02  8.694E-04  1.235E+01  3.664E-02  3.411E-05  1.240E+01  4.138E-02  2.060E-05  7.217E+20 -8.396E-02  7.659E-01  6.983E+00  1.018E+01  6.567E+00  2.351E+00  2.613E+19 -2.781E-03  2.951E-02  2.629E-01  3.960E-01  2.865E-01  1.395E-01  4.236E+01  4.208E+01  4.528E+01  4.332E+01  4.246E+01  4.301E+01  4.826E+01  8.275E+20 -8.396E-02  9.736E-01  8.326E+00  1.190E+01  7.605E+00  2.699E+00  2.956E+19 -2.780E-03  3.577E-02  3.058E-01  4.552E-01  3.278E-01  1.591E-01  4.206E+01  4.208E+01  4.415E+01  4.274E+01  4.203E+01  4.269E+01  4.806E+01
 018  01 04 01  4.240E+21  6.813E+00  1.18870E-16  1.04825E-01  6.18082E+00  1.60701E+03  7.79091E-03  8.49261E+00  1.21151E+01  9.216E+00  7.627E-02  4.384E-02  9.255E+00  7.563E-02  5.774E-02  9.171E+00  7.795E-02  2.462E-02  9.197E+00  7.776E-02  2.621E-02  1.248E+22 -2.785E+00 -3.494E+00  7.109E+00  1.652E+01  1.049E+01  3.485E+00  6.939E+19 -7.681E-03 -9.944E-03  4.732E-02  1.670E-01  1.850E-01  1.258E-01  1.445E+01  1.019E+01  1.035E+01  1.597E+01  1.952E+01  2.573E+01  3.681E+01  1.251E+22 -2.785E+00 -3.422E+00  7.414E+00  1.678E+01  1.060E+01  3.510E+00  6.956E+19 -7.681E-03 -9.693E-03  4.914E-02  1.696E-01  1.868E-01  1.267E-01  1.445E+01  1.019E+01  1.032E+01  1.593E+01  1.951E+01  2.573E+01  3.681E+01
 019  01 04 02  4.240E+21  7.237E+00  4.13520E-17  1.04791E-01  5.52626E+00  1.43683E+03  6.96585E-03  8.46269E+00  1.18977E+01  8.972E+00  8.193E-02  1.655E-02  9.007E+00  8.114E-02  1.813E-02  8.978E+00  8.168E-02  1.618E-02  8.999E+00  8.146E-02  1.751E-02  1.246E+22 -3.046E+00 -3.708E+00  5.953E+00  1.535E+01  1.007E+01  3.407E+00  6.934E+19 -8.240E-03 -1.095E-02  3.816E-02  1.527E-01  1.762E-01  1.227E-01  1.445E+01  1.012E+01  1.055E+01  1.563E+01  1.933E+01  2.564E+01  3.678E+01  1.248E+22 -3.046E+00 -3.650E+00  6.194E+00  1.555E+01  1.015E+01  3.426E+00  6.947E+19 -8.240E-03 -1.076E-02  3.955E-02  1.547E-01  1.776E-01  1.233E-01  1.446E+01  1.012E+01  1.054E+01  1.559E+01  1.933E+01  2.564E+01  3.678E+01
 020  01 04 03  4.240E+21  7.911E+00  1.35860E-17  1.04785E-01  5.88834E+00  1.53097E+03  7.42224E-03  8.71995E+00  1.19588E+01  9.061E+00  8.718E-02  1.447E-02  9.098E+00  8.638E-02  1.013E-02  9.088E+00  8.606E-02  7.739E-03  9.110E+00  8.586E-02  8.677E-03  1.198E+22 -3.140E+00 -3.525E+00  6.748E+00  1.711E+01  1.112E+01  3.710E+00  6.951E+19 -9.149E-03 -1.119E-02  4.450E-02  1.737E-01  1.970E-01  1.343E-01  1.478E+01  1.055E+01  1.097E+01  1.588E+01  1.954E+01  2.577E+01  3.689E+01  1.201E+22 -3.140E+00 -3.459E+00  7.028E+00  1.735E+01  1.122E+01  3.733E+00  6.967E+19 -9.149E-03 -1.097E-02  4.614E-02  1.760E-01  1.987E-01  1.351E-01  1.478E+01  1.055E+01  1.097E+01  1.584E+01  1.953E+01  2.577E+01  3.689E+01
 021  01 04 04  4.240E+21  8.961E+00  3.74990E-18  1.04807E-01  7.49144E+00  1.94778E+03  9.44295E-03  9.31146E+00  1.18519E+01  9.552E+00  9.055E-02  3.720E-03  9.588E+00  9.009E-02  3.123E-03  9.564E+00  9.009E-02  2.674E-03  9.588E+00  9.006E-02  3.120E-03  1.063E+22 -2.617E+00 -2.656E+00  1.023E+01  2.266E+01  1.405E+01  4.482E+00  6.949E+19 -9.725E-03 -9.612E-03  7.746E-02  2.490E-01  2.598E-01  1.656E-01  1.575E+01  1.211E+01  1.180E+01  1.720E+01  2.040E+01  2.637E+01  3.725E+01  1.067E+22 -2.617E+00 -2.568E+00  1.063E+01  2.303E+01  1.420E+01  4.517E+00  6.973E+19 -9.724E-03 -9.258E-03  8.007E-02  2.528E-01  2.625E-01  1.669E-01  1.574E+01  1.211E+01  1.178E+01  1.714E+01  2.039E+01  2.637E+01  3.725E+01
 022  01 04 05  4.240E+21  1.027E+01  9.05320E-19  1.04771E-01  1.08732E+01  2.82703E+03  1.37056E-02  1.02133E+01  1.20255E+01  1.029E+01  9.428E-02  1.010E-03  1.033E+01  9.441E-02  5.206E-04  1.030E+01  9.389E-02  3.613E-04  1.033E+01  9.433E-02  4.856E-04  7.896E+21 -1.607E+00 -1.130E+00  1.518E+01  3.001E+01  1.805E+01  5.564E+00  6.876E+19 -9.947E-03 -3.359E-03  1.587E-01  3.995E-01  3.712E-01  2.165E-01  1.849E+01  1.624E+01  1.196E+01  2.079E+01  2.268E+01  2.788E+01  3.824E+01  7.958E+21 -1.607E+00 -1.002E+00  1.587E+01  3.069E+01  1.835E+01  5.639E+00  6.928E+19 -9.946E-03 -2.587E-03  1.644E-01  4.078E-01  3.771E-01  2.193E-01  1.848E+01  1.624E+01  1.157E+01  2.066E+01  2.265E+01  2.787E+01  3.824E+01
 023  01 04 06  4.240E+21  1.142E+01  2.14560E-19  1.04659E-01  1.67240E+01  4.34824E+03  2.10806E-02  1.11950E+01  1.21387E+01  1.116E+01  9.603E-02  2.299E-03  1.120E+01  9.736E-02  1.359E-03  1.119E+01  9.528E-02  4.522E-06  1.122E+01  9.677E-02  7.402E-08  4.424E+21 -7.272E-01  3.609E-01  1.727E+01  3.162E+01  1.975E+01  6.298E+00  6.843E+19 -9.667E-03  1.421E-02  3.187E-01  6.311E-01  5.207E-01  2.781E-01  2.585E+01  2.525E+01  2.991E+01  2.907E+01  2.869E+01  3.201E+01  4.094E+01  4.510E+21 -7.272E-01  5.201E-01  1.826E+01  3.275E+01  2.032E+01  6.454E+00  6.964E+19 -9.664E-03  1.612E-02  3.324E-01  6.507E-01  5.346E-01  2.847E-01  2.583E+01  2.525E+01  2.906E+01  2.880E+01  2.860E+01  3.196E+01  4.092E+01
 024  01 04 07  4.240E+21  1.217E+01  4.90530E-20  1.04824E-01  2.66893E+01  6.93923E+03  3.36419E-02  1.19909E+01  1.23562E+01  1.191E+01  9.373E-02  1.843E-03  1.196E+01  9.811E-02  1.268E-03  1.194E+01  9.306E-02  3.304E-05  1.198E+01  9.753E-02  2.051E-05  1.851E+21 -2.534E-01  1.038E+00  1.308E+01  2.142E+01  1.461E+01  5.428E+00  6.641E+19 -8.279E-03  4.599E-02  5.175E-01  8.543E-01  6.457E-01  3.240E-01  4.209E+01  4.160E+01  4.857E+01  4.455E+01  4.307E+01  4.334E+01  4.842E+01  1.952E+21 -2.534E-01  1.225E+00  1.432E+01  2.304E+01  1.558E+01  5.757E+00  6.969E+19 -8.278E-03  5.158E-02  5.567E-01  9.092E-01  6.843E-01  3.425E-01  4.198E+01  4.160E+01  4.752E+01  4.412E+01  4.281E+01  4.317E+01  4.832E+01
 025  01 04 08  4.240E+21  1.255E+01  1.11470E-20  1.04631E-01  4.31251E+01  1.12125E+04  5.43591E-02  1.24613E+01  1.25941E+01  1.238E+01  8.637E-02  1.305E-03  1.242E+01  9.766E-02  8.274E-04  1.240E+01  8.584E-02  3.164E-05  1.244E+01  9.719E-02  1.987E-05  6.605E+20 -7.302E-02  7.264E-01  6.565E+00  9.789E+00  6.863E+00  3.023E+00  6.124E+19 -6.300E-03  7.275E-02  6.331E-01  9.442E-01  6.800E-01  3.300E-01  7.104E+01  6.968E+01  7.575E+01  7.274E+01  7.081E+01  6.928E+01  6.907E+01  7.630E+20 -7.302E-02  9.273E-01  7.881E+00  1.155E+01  8.030E+00  3.508E+00  6.941E+19 -6.293E-03  8.801E-02  7.366E-01  1.086E+00  7.790E-01  3.769E-01  7.014E+01  6.966E+01  7.359E+01  7.142E+01  6.969E+01  6.836E+01  6.837E+01
 026  01 05 01  4.240E+21  6.785E+00  1.24820E-16  2.47109E-01  1.79566E+01  4.66872E+03  2.26343E-02  9.60588E+00  1.22555E+01  1.040E+01  1.827E-01  5.800E-02  1.046E+01  1.834E-01  6.729E-02  1.031E+01  1.890E-01  1.211E-02  1.036E+01  1.904E-01  1.274E-02  1.881E+22 -3.600E+00 -4.341E+00  1.808E+01  4.439E+01  3.052E+01  1.044E+01  1.623E+20 -2.045E-02 -3.293E-03  3.480E-01  8.113E-01  7.448E-01  4.390E-01  1.718E+01  1.306E+01  1.066E+01  2.973E+01  2.678E+01  3.042E+01  3.977E+01  1.891E+22 -3.600E+00 -4.158E+00  1.926E+01  4.581E+01  3.126E+01  1.065E+01  1.641E+20 -2.045E-02 -5.864E-04  3.677E-01  8.393E-01  7.647E-01  4.485E-01  1.722E+01  1.306E+01  1.037E+01  2.956E+01  2.683E+01  3.046E+01  3.979E+01
 027  01 05 02  4.240E+21  7.118E+00  4.81960E-17  2.47131E-01  1.51755E+01  3.94563E+03  1.91287E-02  9.33199E+00  1.22277E+01  1.009E+01  1.830E-01  6.760E-02  1.014E+01  1.829E-01  7.946E-02  9.996E+00  1.899E-01  1.462E-02  1.004E+01  1.904E-01  1.549E-02  2.063E+22 -4.135E+00 -5.031E+00  1.710E+01  4.341E+01  2.955E+01  1.001E+01  1.631E+20 -2.085E-02 -1.167E-02  2.667E-01  6.830E-01  6.575E-01  4.017E-01  1.685E+01  1.299E+01  1.117E+01  2.635E+01  2.473E+01  2.901E+01  3.885E+01  2.072E+22 -4.135E+00 -4.868E+00  1.809E+01  4.452E+01  3.009E+01  1.015E+01  1.642E+20 -2.085E-02 -9.954E-03  2.791E-01  7.007E-01  6.701E-01  4.077E-01  1.687E+01  1.299E+01  1.097E+01  2.617E+01  2.474E+01  2.903E+01  3.886E+01
 028  01 05 03  4.240E+21  7.606E+00  1.79050E-17  2.47172E-01  1.25067E+01  3.25175E+03  1.57647E-02  9.13747E+00  1.19849E+01  9.726E+00  1.909E-01  3.914E-02  9.766E+00  1.901E-01  4.962E-02  9.666E+00  1.959E-01  1.197E-02  9.695E+00  1.959E-01  1.286E-02  2.150E+22 -4.537E+00 -5.380E+00  1.562E+01  4.147E+01  2.829E+01  9.595E+00  1.635E+20 -2.171E-02 -1.888E-02  1.982E-01  5.784E-01  5.888E-01  3.734E-01  1.685E+01  1.324E+01  1.199E+01  2.350E+01  2.321E+01  2.805E+01  3.824E+01  2.157E+22 -4.537E+00 -5.242E+00  1.639E+01  4.227E+01  2.865E+01  9.687E+00  1.642E+20 -2.170E-02 -1.785E-02  2.056E-01  5.890E-01  5.964E-01  3.770E-01  1.686E+01  1.324E+01  1.188E+01  2.331E+01  2.320E+01  2.805E+01  3.824E+01
 029  01 05 04  4.240E+21  8.321E+00  6.05910E-18  2.47078E-01  1.18553E+01  3.08238E+03  1.49436E-02  9.22768E+00  1.19953E+01  9.621E+00  2.028E-01  1.050E-02  9.652E+00  2.020E-01  1.493E-02  9.597E+00  2.049E-01  6.122E-03  9.619E+00  2.049E-01  6.680E-03  2.005E+22 -4.116E+00 -4.799E+00  1.529E+01  4.164E+01  2.869E+01  9.772E+00  1.635E+20 -2.242E-02 -2.097E-02  1.879E-01  5.790E-01  5.986E-01  3.813E-01  1.765E+01  1.461E+01  1.318E+01  2.312E+01  2.328E+01  2.814E+01  3.828E+01  2.010E+22 -4.116E+00 -4.680E+00  1.592E+01  4.227E+01  2.897E+01  9.842E+00  1.640E+20 -2.242E-02 -2.020E-02  1.934E-01  5.869E-01  6.042E-01  3.840E-01  1.765E+01  1.461E+01  1.311E+01  2.293E+01  2.326E+01  2.814E+01  3.828E+01
 030  01 05 05  4.240E+21  9.300E+00  1.85050E-18  2.47062E-01  1.37345E+01  3.57097E+03  1.73123E-02  9.67746E+00  1.20560E+01  9.905E+00  2.138E-01  1.886E-03  9.942E+00  2.133E-01  3.116E-03  9.903E+00  2.140E-01  1.853E-03  9.930E+00  2.143E-01  2.182E-03  1.574E+22 -2.932E+00 -3.188E+00  1.679E+01  4.474E+01  3.132E+01  1.072E+01  1.633E+20 -2.322E-02 -1.712E-02  2.570E-01  7.270E-01  7.169E-01  4.383E-01  2.027E+01  1.843E+01  1.513E+01  2.623E+01  2.545E+01  2.953E+01  3.927E+01  1.582E+22 -2.932E+00 -3.045E+00  1.763E+01  4.566E+01  3.175E+01  1.083E+01  1.641E+20 -2.322E-02 -1.589E-02  2.660E-01  7.400E-01  7.262E-01  4.428E-01  2.028E+01  1.843E+01  1.496E+01  2.600E+01  2.542E+01  2.952E+01  3.926E+01
 031  01 05 06  4.240E+21  1.049E+01  4.85040E-19  2.46990E-01  1.86879E+01  4.85884E+03  2.35560E-02  1.04562E+01  1.20366E+01  1.052E+01  2.228E-01  9.116E-04  1.056E+01  2.237E-01  3.525E-04  1.054E+01  2.218E-01  1.663E-04  1.057E+01  2.233E-01  2.434E-04  9.488E+21 -1.566E+00 -1.128E+00  1.837E+01  4.518E+01  3.299E+01  1.179E+01  1.626E+20 -2.350E-02 -1.988E-04  4.549E-01  1.069E+00  9.602E-01  5.461E-01  2.717E+01  2.663E+01  1.601E+01  3.462E+01  3.188E+01  3.398E+01  4.203E+01  9.579E+21 -1.566E+00 -9.698E-01  1.940E+01  4.642E+01  3.365E+01  1.197E+01  1.641E+20 -2.350E-02  2.120E-03  4.719E-01  1.093E+00  9.776E-01  5.545E-01  2.717E+01  2.663E+01  1.504E+01  3.425E+01  3.179E+01  3.394E+01  4.201E+01
 032  01 05 07  4.240E+21  1.157E+01  1.14730E-19  2.47050E-01  2.81430E+01  7.31719E+03  3.54743E-02  1.13644E+01  1.21385E+01  1.132E+01  2.257E-01  2.220E-03  1.136E+01  2.299E-01  1.337E-03  1.134E+01  2.239E-01  1.041E-05  1.138E+01  2.285E-01  2.113E-06  4.294E+21 -6.481E-01  5.103E-01  1.772E+01  3.562E+01  2.694E+01  1.086E+01  1.605E+20 -2.236E-02  4.527E-02  8.359E-01  1.592E+00  1.289E+00  6.788E-01  4.274E+01  4.249E+01  4.213E+01  4.918E+01  4.602E+01  4.539E+01  4.969E+01  4.396E+21 -6.481E-01  6.869E-01  1.891E+01  3.720E+01  2.792E+01  1.120E+01  1.641E+20 -2.235E-02  5.100E-02  8.772E-01  1.650E+00  1.330E+00  6.987E-01  4.272E+01  4.249E+01  4.566E+01  4.876E+01  4.580E+01  4.528E+01  4.963E+01
 033  01 05 08  4.240E+21  1.224E+01  2.67150E-20  2.47133E-01  4.41417E+01  1.14768E+04  5.56405E-02  1.20804E+01  1.24303E+01  1.200E+01  2.198E-01  1.685E-03  1.204E+01  2.306E-01  1.177E-03  1.203E+01  2.182E-01  3.225E-05  1.206E+01  2.293E-01  2.090E-05  1.684E+21 -2.192E-01  1.057E+00  1.258E+01  2.080E+01  1.529E+01  6.962E+00  1.557E+20 -1.878E-02  1.208E-01  1.284E+00  2.077E+00  1.555E+00  7.751E-01  7.075E+01  6.895E+01  8.022E+01  7.493E+01  7.225E+01  7.025E+01  6.980E+01  1.783E+21 -2.192E-01  1.242E+00  1.381E+01  2.246E+01  1.640E+01  7.427E+00  1.638E+20 -1.877E-02  1.351E-01  1.383E+00  2.214E+00  1.651E+00  8.208E-01  7.043E+01  6.895E+01  7.879E+01  7.410E+01  7.167E+01  6.979E+01  6.948E+01
 034  01 05 09  4.240E+21  1.257E+01  6.13310E-21  2.46814E-01  7.06715E+01  1.83746E+04  8.90813E-02  1.25023E+01  1.26215E+01  1.241E+01  1.960E-01  1.358E-03  1.246E+01  2.309E-01  7.891E-04  1.243E+01  1.947E-01  3.315E-05  1.248E+01  2.298E-01  1.918E-05  5.735E+20 -6.283E-02  6.496E-01  5.823E+00  8.705E+00  6.211E+00  2.925E+00  1.389E+20 -1.434E-02  1.704E-01  1.464E+00  2.169E+00  1.557E+00  7.537E-01  1.182E+02  1.149E+02  1.258E+02  1.211E+02  1.183E+02  1.158E+02  1.131E+02  6.868E+20 -6.283E-02  8.698E-01  7.280E+00  1.068E+01  7.564E+00  3.544E+00  1.642E+20 -1.432E-02  2.175E-01  1.784E+00  2.609E+00  1.863E+00  8.990E-01  1.171E+02  1.149E+02  1.220E+02  1.191E+02  1.168E+02  1.146E+02  1.120E+02
 035  01 06 03  4.240E+21  7.473E+00  2.15010E-17  5.82632E-01  3.73074E+01  9.69991E+03  4.70259E-02  1.02247E+01  1.23810E+01  1.085E+01  4.506E-01  3.791E-02  1.092E+01  4.572E-01  4.323E-02  1.077E+01  4.637E-01  6.594E-03  1.083E+01  4.715E-01  6.904E-03  2.506E+22 -4.828E+00 -5.668E+00  2.047E+01  5.952E+01  4.802E+01  1.979E+01  3.798E+20 -5.081E-02  3.733E-02  1.223E+00  2.524E+00  2.178E+00  1.221E+00  1.947E+01  1.487E+01  1.254E+01  5.426E+01  3.941E+01  4.039E+01  4.777E+01  2.518E+22 -4.828E+00 -5.467E+00  2.184E+01  6.138E+01  4.925E+01  2.029E+01  3.871E+20 -5.081E-02  4.940E-02  1.309E+00  2.645E+00  2.263E+00  1.262E+00  1.954E+01  1.487E+01  1.224E+01  5.446E+01  3.997E+01  4.076E+01  4.801E+01
 036  01 06 04  4.240E+21  8.048E+00  7.79170E-18  5.82537E-01  2.97705E+01  7.74033E+03  3.75256E-02  9.92593E+00  1.23141E+01  1.049E+01  4.588E-01  3.854E-02  1.054E+01  4.606E-01  4.501E-02  1.041E+01  4.721E-01  6.916E-03  1.045E+01  4.752E-01  7.360E-03  2.585E+22 -4.814E+00 -5.675E+00  1.954E+01  6.181E+01  5.131E+01  2.092E+01  3.831E+20 -5.257E-02  7.243E-04  9.339E-01  2.136E+00  1.938E+00  1.127E+00  2.123E+01  1.697E+01  1.453E+01  4.879E+01  3.760E+01  3.800E+01  4.508E+01  2.595E+22 -4.814E+00 -5.504E+00  2.068E+01  6.332E+01  5.225E+01  2.125E+01  3.868E+20 -5.257E-02  6.823E-03  9.769E-01  2.197E+00  1.981E+00  1.147E+00  2.128E+01  1.697E+01  1.422E+01  4.855E+01  3.774E+01  3.811E+01  4.514E+01
 037  01 06 05  4.240E+21  8.800E+00  2.64340E-18  5.82629E-01  2.51986E+01  6.55163E+03  3.17628E-02  9.84372E+00  1.20980E+01  1.022E+01  4.812E-01  1.469E-02  1.027E+01  4.816E-01  2.036E-02  1.018E+01  4.892E-01  3.879E-03  1.021E+01  4.915E-01  4.344E-03  2.276E+22 -3.931E+00 -4.614E+00  1.838E+01  6.100E+01  5.200E+01  2.122E+01  3.832E+20 -5.393E-02 -2.102E-02  7.732E-01  1.944E+00  1.832E+00  1.089E+00  2.464E+01  2.170E+01  1.787E+01  4.379E+01  3.726E+01  3.736E+01  4.426E+01  2.287E+22 -3.931E+00 -4.436E+00  1.959E+01  6.261E+01  5.297E+01  2.155E+01  3.864E+20 -5.393E-02 -1.620E-02  8.086E-01  1.995E+00  1.869E+00  1.107E+00  2.469E+01  2.170E+01  1.747E+01  4.350E+01  3.727E+01  3.739E+01  4.428E+01
 038  01 06 06  4.240E+21  9.701E+00  8.74300E-19  5.82354E-01  2.63476E+01  6.85038E+03  3.32111E-02  1.01298E+01  1.21135E+01  1.033E+01  5.065E-01  1.979E-03  1.036E+01  5.071E-01  3.381E-03  1.032E+01  5.089E-01  1.151E-03  1.035E+01  5.108E-01  1.335E-03  1.611E+22 -2.592E+00 -2.688E+00  1.857E+01  5.724E+01  4.981E+01  2.113E+01  3.834E+20 -5.486E-02 -1.450E-02  8.876E-01  2.186E+00  2.022E+00  1.180E+00  3.129E+01  2.984E+01  2.179E+01  4.516E+01  4.201E+01  4.097E+01  4.645E+01  1.619E+22 -2.592E+00 -2.537E+00  1.957E+01  5.855E+01  5.059E+01  2.139E+01  3.859E+20 -5.485E-02 -1.053E-02  9.159E-01  2.226E+00  2.051E+00  1.193E+00  3.132E+01  2.984E+01  2.124E+01  4.835E+01  4.189E+01  4.093E+01  4.644E+01
 039  01 06 07  4.240E+21  1.076E+01  2.47620E-19  5.82434E-01  3.32683E+01  8.64976E+03  4.19346E-02  1.07601E+01  1.20830E+01  1.080E+01  5.267E-01  7.664E-04  1.084E+01  5.306E-01  2.682E-04  1.081E+01  5.245E-01  6.836E-05  1.084E+01  5.296E-01  1.120E-04  8.772E+21 -1.347E+00 -7.180E-01  1.910E+01  4.860E+01  4.180E+01  1.916E+01  3.820E+20 -5.479E-02  2.844E-02  1.337E+00  2.905E+00  2.514E+00  1.391E+00  4.525E+01  4.467E+01  4.340E+01  6.025E+01  5.435E+01  5.177E+01  5.410E+01  8.870E+21 -1.347E+00 -5.511E-01  2.024E+01  5.013E+01  4.279E+01  1.954E+01  3.866E+20 -5.479E-02  3.574E-02  1.389E+00  2.980E+00  2.567E+00  1.417E+00  4.530E+01  4.467E+01  4.605E+01  6.006E+01  5.417E+01  5.168E+01  5.407E+01
 040  01 06 08  4.240E+21  1.171E+01  6.08320E-20  5.82383E-01  4.80276E+01  1.24872E+04  6.05387E-02  1.15445E+01  1.22822E+01  1.149E+01  5.308E-01  1.949E-03  1.153E+01  5.416E-01  1.263E-03  1.151E+01  5.269E-01  1.461E-05  1.155E+01  5.384E-01  5.644E-06  3.812E+21 -5.527E-01  7.235E-01  1.767E+01  3.478E+01  2.776E+01  1.345E+01  3.773E+20 -5.117E-02  1.440E-01  2.220E+00  4.047E+00  3.208E+00  1.665E+00  7.245E+01  7.045E+01  6.969E+01  8.349E+01  7.841E+01  7.527E+01  7.402E+01  3.907E+21 -5.527E-01  8.929E-01  1.881E+01  3.634E+01  2.881E+01  1.391E+01  3.861E+20 -5.116E-02  1.589E-01  2.325E+00  4.193E+00  3.311E+00  1.715E+00  7.240E+01  7.045E+01  6.870E+01  8.270E+01  7.805E+01  7.501E+01  7.384E+01
 041  01 06 09  4.240E+21  1.231E+01  1.42620E-20  5.82312E-01  7.39522E+01  1.92276E+04  9.32166E-02  1.21765E+01  1.24734E+01  1.209E+01  5.105E-01  1.601E-03  1.214E+01  5.447E-01  1.078E-03  1.212E+01  5.071E-01  3.305E-05  1.216E+01  5.417E-01  2.096E-05  1.455E+21 -1.831E-01  1.033E+00  1.157E+01  1.889E+01  1.404E+01  6.794E+00  3.618E+20 -4.240E-02  3.129E-01  3.157E+00  5.004E+00  3.709E+00  1.837E+00  1.189E+02  1.139E+02  1.343E+02  1.265E+02  1.221E+02  1.190E+02  1.158E+02  1.562E+21 -1.831E-01  1.232E+00  1.290E+01  2.072E+01  1.530E+01  7.373E+00  3.870E+20 -4.238E-02  3.576E-01  3.466E+00  5.433E+00  4.010E+00  1.980E+00  1.186E+02  1.139E+02  1.313E+02  1.251E+02  1.213E+02  1.183E+02  1.153E+02
 042  01 06 10  4.240E+21  1.260E+01  3.28300E-21  5.82443E-01  1.17329E+02  3.05056E+04  1.47893E-01  1.25445E+01  1.26421E+01  1.245E+01  4.486E-01  1.371E-03  1.251E+01  5.444E-01  7.510E-04  1.247E+01  4.458E-01  3.391E-05  1.252E+01  5.419E-01  1.863E-05  4.875E+20 -5.222E-02  5.793E-01  5.088E+00  7.563E+00  5.413E+00  2.591E+00  3.179E+20 -3.236E-02  4.059E-01  3.429E+00  5.040E+00  3.603E+00  1.740E+00  1.967E+02  1.897E+02  2.072E+02  2.016E+02  1.984E+02  1.953E+02  1.912E+02  6.009E+20 -5.222E-02  8.011E-01  6.555E+00  9.556E+00  6.788E+00  3.235E+00  3.870E+20 -3.234E-02  5.360E-01  4.311E+00  6.249E+00  4.444E+00  2.138E+00  1.949E+02  1.897E+02  2.009E+02  1.981E+02  1.956E+02  1.931E+02  1.893E+02
 043  01 07 04  4.240E+21  7.884E+00  9.85580E-18  1.37369E+00  8.83882E+01  2.29809E+04  1.11413E-01  1.10219E+01  1.25212E+01  1.144E+01  1.090E+00  1.420E-02  1.153E+01  1.144E+00  1.604E-02  1.138E+01  1.110E+00  2.463E-03  1.147E+01  1.166E+00  2.502E-03  2.710E+22 -5.008E+00 -5.626E+00  2.263E+01  6.731E+01  5.706E+01  2.555E+01  8.689E+20 -1.135E-01  3.077E-01  4.475E+00  8.044E+00  6.442E+00  3.406E+00  2.161E+01  1.678E+01  1.387E+01  8.132E+01  4.928E+01  4.907E+01  5.908E+01  2.722E+22 -5.008E+00 -5.403E+00  2.414E+01  6.938E+01  5.849E+01  2.622E+01  9.126E+20 -1.135E-01  3.842E-01  5.009E+00  8.786E+00  6.962E+00  3.653E+00  2.169E+01  1.678E+01  1.345E+01  8.496E+01  5.082E+01  5.019E+01  6.023E+01
 044  01 07 05  4.240E+21  8.607E+00  3.12550E-18  1.37337E+00  7.08816E+01  1.84292E+04  8.93461E-02  1.07087E+01  1.24674E+01  1.113E+01  1.111E+00  1.910E-02  1.120E+01  1.137E+00  2.241E-02  1.106E+01  1.135E+00  3.013E-03  1.113E+01  1.164E+00  3.203E-03  2.550E+22 -4.317E+00 -4.807E+00  2.190E+01  6.907E+01  6.163E+01  2.879E+01  8.874E+20 -1.201E-01  1.846E-01  3.673E+00  7.112E+00  5.921E+00  3.220E+00  2.608E+01  2.227E+01  1.769E+01  8.438E+01  5.443E+01  5.202E+01  5.956E+01  2.561E+22 -4.317E+00 -4.605E+00  2.326E+01  7.094E+01  6.293E+01  2.939E+01  9.119E+20 -1.201E-01  2.270E-01  3.968E+00  7.525E+00  6.211E+00  3.358E+00  2.618E+01  2.227E+01  1.715E+01  8.619E+01  5.561E+01  5.282E+01  6.028E+01
 045  01 07 06  4.240E+21  9.320E+00  1.15640E-18  1.37346E+00  5.69999E+01  1.48200E+04  7.18482E-02  1.05420E+01  1.22825E+01  1.085E+01  1.152E+00  1.057E-02  1.091E+01  1.166E+00  1.398E-02  1.080E+01  1.170E+00  1.961E-03  1.085E+01  1.187E+00  2.203E-03  2.037E+22 -3.221E+00 -3.378E+00  2.085E+01  6.557E+01  6.064E+01  2.978E+01  8.959E+20 -1.252E-01  9.069E-02  3.078E+00  6.461E+00  5.574E+00  3.101E+00  3.393E+01  3.122E+01  2.320E+01  8.662E+01  6.316E+01  5.830E+01  6.219E+01  2.048E+22 -3.221E+00 -3.184E+00  2.218E+01  6.741E+01  6.191E+01  3.035E+01  9.120E+20 -1.252E-01  1.171E-01  3.266E+00  6.726E+00  5.761E+00  3.191E+00  3.407E+01  3.122E+01  2.229E+01  8.571E+01  6.392E+01  5.888E+01  6.261E+01
 046  01 07 07  4.240E+21  1.016E+01  3.89970E-19  1.37324E+00  5.34607E+01  1.38998E+04  6.73871E-02  1.06715E+01  1.22241E+01  1.082E+01  1.207E+00  1.198E-03  1.086E+01  1.217E+00  2.223E-03  1.081E+01  1.212E+00  5.208E-04  1.084E+01  1.225E+00  6.324E-04  1.335E+22 -2.026E+00 -1.668E+00  2.037E+01  5.803E+01  5.352E+01  2.745E+01  8.999E+20 -1.275E-01  7.860E-02  3.128E+00  6.699E+00  5.791E+00  3.212E+00  4.878E+01  4.703E+01  2.915E+01  8.997E+01  7.562E+01  6.931E+01  6.930E+01  1.344E+22 -2.026E+00 -1.497E+00  2.153E+01  5.964E+01  5.462E+01  2.793E+01  9.114E+20 -1.275E-01  9.754E-02  3.262E+00  6.888E+00  5.925E+00  3.276E+00  4.899E+01  4.703E+01  6.336E+01  9.099E+01  7.571E+01  6.950E+01  6.944E+01
 047  01 07 08  4.240E+21  1.106E+01  1.19540E-19  1.37325E+00  6.18722E+01  1.60868E+04  7.79898E-02  1.11254E+01  1.22731E+01  1.113E+01  1.242E+00  7.165E-04  1.118E+01  1.261E+00  2.285E-04  1.114E+01  1.237E+00  1.476E-05  1.118E+01  1.258E+00  3.569E-05  7.184E+21 -1.069E+00 -1.355E-01  1.995E+01  4.706E+01  4.091E+01  2.122E+01  8.951E+20 -1.260E-01  1.779E-01  4.042E+00  8.039E+00  6.663E+00  3.574E+00  7.486E+01  7.263E+01  8.502E+01  1.073E+02  9.559E+01  8.954E+01  8.685E+01  7.291E+21 -1.069E+00  4.775E-02  2.121E+01  4.881E+01  4.211E+01  2.177E+01  9.127E+20 -1.260E-01  2.063E-01  4.245E+00  8.326E+00  6.866E+00  3.671E+00  7.523E+01  7.263E+01  9.434E+01  1.066E+02  9.551E+01  8.965E+01  8.697E+01
 048  01 07 09  4.240E+21  1.186E+01  3.14740E-20  1.37342E+00  8.40321E+01  2.18484E+04  1.05922E-01  1.17435E+01  1.23396E+01  1.168E+01  1.240E+00  1.801E-03  1.172E+01  1.281E+00  1.123E-03  1.170E+01  1.231E+00  2.009E-05  1.174E+01  1.274E+00  8.921E-06  3.196E+21 -4.502E-01  9.155E-01  1.702E+01  3.210E+01  2.552E+01  1.291E+01  8.802E+20 -1.158E-01  4.447E-01  5.876E+00  1.024E+01  7.946E+00  4.062E+00  1.202E+02  1.146E+02  1.583E+02  1.426E+02  1.337E+02  1.286E+02  1.247E+02  3.303E+21 -4.502E-01  1.106E+00  1.832E+01  3.389E+01  2.676E+01  1.349E+01  9.124E+20 -1.158E-01  4.992E-01  6.259E+00  1.078E+01  8.324E+00  4.243E+00  1.207E+02  1.146E+02  1.395E+02  1.415E+02  1.334E+02  1.286E+02  1.247E+02
 049  01 07 10  4.240E+21  1.237E+01  7.63470E-21  1.37342E+00  1.25096E+02  3.25249E+04  1.57683E-01  1.22687E+01  1.25289E+01  1.218E+01  1.177E+00  1.534E-03  1.223E+01  1.285E+00  9.847E-04  1.220E+01  1.169E+00  3.316E-05  1.225E+01  1.278E+00  2.069E-05  1.239E+21 -1.506E-01  9.956E-01  1.046E+01  1.676E+01  1.243E+01  6.094E+00  8.339E+20 -9.496E-02  7.968E-01  7.670E+00  1.193E+01  8.766E+00  4.313E+00  1.952E+02  1.856E+02  2.222E+02  2.088E+02  2.031E+02  1.994E+02  1.952E+02  1.352E+21 -1.506E-01  1.208E+00  1.189E+01  1.872E+01  1.379E+01  6.734E+00  9.128E+20 -9.494E-02  9.376E-01  8.644E+00  1.328E+01  9.709E+00  4.762E+00  1.959E+02  1.856E+02  2.176E+02  2.074E+02  2.026E+02  1.992E+02  1.952E+02
 050  01 08 06  4.240E+21  9.225E+00  1.23450E-18  3.23789E+00  1.66944E+02  4.34055E+04  2.10433E-01  1.13866E+01  1.25951E+01  1.161E+01  2.613E+00  6.604E-03  1.172E+01  2.801E+00  8.022E-03  1.157E+01  2.645E+00  1.079E-03  1.167E+01  2.840E+00  1.127E-03  2.156E+22 -3.372E+00 -3.255E+00  2.388E+01  7.074E+01  6.493E+01  3.242E+01  2.003E+21 -2.588E-01  9.445E-01  1.200E+01  2.081E+01  1.633E+01  8.481E+00  3.466E+01  3.164E+01  2.215E+01  1.162E+02  7.207E+01  6.542E+01  7.128E+01  2.168E+22 -3.372E+00 -3.031E+00  2.538E+01  7.280E+01  6.636E+01  3.309E+01  2.152E+21 -2.588E-01  1.215E+00  1.386E+01  2.338E+01  1.812E+01  9.331E+00  3.482E+01  3.164E+01  2.105E+01  1.217E+02  7.420E+01  6.680E+01  7.255E+01
 051  01 08 07  4.240E+21  9.863E+00  5.05270E-19  3.23812E+00  1.36445E+02  3.54756E+04  1.71988E-01  1.12374E+01  1.25375E+01  1.141E+01  2.716E+00  4.196E-03  1.150E+01  2.835E+00  5.937E-03  1.138E+01  2.743E+00  7.402E-04  1.146E+01  2.868E+00  8.500E-04  1.612E+22 -2.423E+00 -1.934E+00  2.333E+01  6.555E+01  6.074E+01  3.169E+01  2.052E+21 -2.747E-01  7.239E-01  1.089E+01  1.987E+01  1.595E+01  8.407E+00  4.808E+01  4.602E+01  2.781E+01  1.302E+02  8.900E+01  7.983E+01  8.237E+01  1.623E+22 -2.423E+00 -1.717E+00  2.480E+01  6.757E+01  6.214E+01  3.235E+01  2.151E+21 -2.746E-01  8.979E-01  1.210E+01  2.155E+01  1.713E+01  8.967E+00  4.842E+01  4.602E+01  8.919E+01  1.346E+02  9.125E+01  8.139E+01  8.371E+01
 052  01 08 08  4.240E+21  1.064E+01  1.71070E-19  3.23748E+00  1.15610E+02  3.00585E+04  1.45726E-01  1.12454E+01  1.23891E+01  1.131E+01  2.838E+00  3.088E-04  1.138E+01  2.918E+00  8.740E-04  1.130E+01  2.843E+00  1.666E-04  1.136E+01  2.931E+00  2.310E-04  1.001E+22 -1.478E+00 -6.031E-01  2.204E+01  5.559E+01  5.019E+01  2.686E+01  2.082E+21 -2.855E-01  6.096E-01  1.054E+01  1.989E+01  1.615E+01  8.550E+00  7.572E+01  7.365E+01  9.974E+01  1.509E+02  1.176E+02  1.068E+02  1.053E+02  1.012E+22 -1.478E+00 -3.972E-01  2.345E+01  5.754E+01  5.155E+01  2.750E+01  2.152E+21 -2.855E-01  7.263E-01  1.137E+01  2.105E+01  1.696E+01  8.939E+00  7.640E+01  7.365E+01  1.355E+02  1.532E+02  1.198E+02  1.085E+02  1.068E+02
 053  01 08 09  4.240E+21  1.137E+01  5.60060E-20  3.23804E+00  1.20909E+02  3.14364E+04  1.52406E-01  1.15168E+01  1.23820E+01  1.149E+01  2.899E+00  7.294E-04  1.154E+01  2.989E+00  2.515E-04  1.150E+01  2.886E+00  3.821E-07  1.155E+01  2.981E+00  6.541E-06  5.513E+21 -8.007E-01  4.515E-01  2.025E+01  4.343E+01  3.673E+01  1.936E+01  2.078E+21 -2.812E-01  7.998E-01  1.212E+01  2.205E+01  1.750E+01  9.097E+00  1.205E+02  1.159E+02  1.877E+02  1.802E+02  1.557E+02  1.463E+02  1.426E+02  5.626E+21 -8.007E-01  6.519E-01  2.162E+01  4.534E+01  3.806E+01  1.999E+01  2.151E+21 -2.812E-01  9.224E-01  1.299E+01  2.327E+01  1.835E+01  9.507E+00  1.219E+02  1.159E+02  1.924E+02  1.810E+02  1.576E+02  1.482E+02  1.443E+02
 054  01 08 10  4.240E+21  1.201E+01  1.59410E-20  3.23733E+00  1.51830E+02  3.94759E+04  1.91382E-01  1.19544E+01  1.24235E+01  1.187E+01  2.861E+00  1.643E-03  1.193E+01  3.023E+00  9.798E-04  1.190E+01  2.842E+00  2.441E-05  1.195E+01  3.007E+00  1.160E-05  2.578E+21 -3.508E-01  1.069E+00  1.589E+01  2.849E+01  2.228E+01  1.131E+01  2.030E+21 -2.563E-01  1.339E+00  1.541E+01  2.566E+01  1.948E+01  9.807E+00  1.943E+02  1.841E+02  2.730E+02  2.332E+02  2.181E+02  2.115E+02  2.076E+02  2.695E+21 -3.508E-01  1.280E+00  1.733E+01  3.048E+01  2.367E+01  1.197E+01  2.152E+21 -2.563E-01  1.547E+00  1.688E+01  2.771E+01  2.091E+01  1.049E+01  1.970E+02  1.841E+02  2.685E+02  2.343E+02  2.203E+02  2.139E+02  2.100E+02
 055  01 09 07  4.240E+21  9.858E+00  4.89160E-19  7.63367E+00  3.87318E+02  1.00703E+05  4.88214E-01  1.19082E+01  1.26816E+01  1.192E+01  5.646E+00  1.236E-03  1.210E+01  6.816E+00  1.916E-03  1.190E+01  5.675E+00  3.020E-04  1.208E+01  6.863E+00  3.066E-04  1.623E+22 -2.417E+00 -1.748E+00  2.436E+01  6.660E+01  6.164E+01  3.239E+01  4.198E+21 -5.313E-01  2.946E+00  3.157E+01  5.136E+01  3.888E+01  1.962E+01  4.981E+01  4.745E+01  9.790E+01  1.497E+02  9.775E+01  8.569E+01  8.778E+01  1.635E+22 -2.417E+00 -1.503E+00  2.598E+01  6.880E+01  6.316E+01  3.311E+01  5.072E+21 -5.312E-01  4.595E+00  4.276E+01  6.670E+01  4.953E+01  2.467E+01  5.019E+01  4.745E+01  1.275E+02  1.589E+02  1.012E+02  8.787E+01  8.961E+01
 056  01 09 08  4.240E+21  1.047E+01  1.99870E-19  7.63205E+00  3.27751E+02  8.52151E+04  4.13129E-01  1.18090E+01  1.26525E+01  1.181E+01  6.043E+00  6.239E-04  1.196E+01  6.863E+00  1.378E-03  1.180E+01  6.064E+00  1.800E-04  1.194E+01  6.902E+00  2.258E-04  1.128E+22 -1.648E+00 -6.208E-01  2.381E+01  5.954E+01  5.400E+01  2.909E+01  4.449E+21 -5.694E-01  2.764E+00  3.156E+01  5.267E+01  4.032E+01  2.050E+01  7.426E+01  7.182E+01  2.818E+02  1.767E+02  1.285E+02  1.136E+02  1.113E+02  1.140E+22 -1.648E+00 -3.806E-01  2.541E+01  6.173E+01  5.552E+01  2.980E+01  5.072E+21 -5.694E-01  3.918E+00  3.945E+01  6.352E+01  4.787E+01  2.408E+01  7.505E+01  7.182E+01  3.158E+02  1.865E+02  1.329E+02  1.166E+02  1.138E+02
 057  01 09 09  4.240E+21  1.111E+01  7.25200E-20  7.63264E+00  2.68409E+02  6.97863E+04  3.38329E-01  1.17786E+01  1.25698E+01  1.175E+01  6.444E+00  4.990E-05  1.185E+01  6.974E+00  1.321E-04  1.175E+01  6.439E+00  2.819E-05  1.185E+01  6.984E+00  5.613E-05  6.998E+21 -1.011E+00  2.989E-01  2.222E+01  4.947E+01  4.286E+01  2.301E+01  4.666E+21 -6.021E-01  2.670E+00  3.223E+01  5.483E+01  4.224E+01  2.153E+01  1.191E+02  1.145E+02  1.958E+02  2.164E+02  1.745E+02  1.590E+02  1.535E+02  7.120E+21 -1.011E+00  5.288E-01  2.377E+01  5.160E+01  4.433E+01  2.371E+01  5.073E+21 -6.021E-01  3.401E+00  3.729E+01  6.182E+01  4.712E+01  2.385E+01  1.209E+02  1.145E+02  1.963E+02  2.263E+02  1.803E+02  1.636E+02  1.574E+02
 058  01 09 10  4.240E+21  1.168E+01  2.51990E-20  7.63138E+00  2.52682E+02  6.56973E+04  3.18505E-01  1.19055E+01  1.25176E+01  1.183E+01  6.600E+00  8.824E-04  1.191E+01  7.077E+00  3.252E-04  1.185E+01  6.567E+00  4.001E-06  1.192E+01  7.056E+00  3.018E-09  3.989E+21 -5.608E-01  9.314E-01  1.935E+01  3.762E+01  3.061E+01  1.598E+01  4.711E+21 -6.007E-01  2.968E+00  3.471E+01  5.819E+01  4.439E+01  2.243E+01  1.916E+02  1.817E+02  3.538E+02  2.710E+02  2.389E+02  2.259E+02  2.198E+02  4.111E+21 -5.608E-01  1.156E+00  2.087E+01  3.972E+01  3.208E+01  1.667E+01  5.072E+21 -6.006E-01  3.599E+00  3.912E+01  6.433E+01  4.868E+01  2.448E+01  1.959E+02  1.817E+02  3.600E+02  2.806E+02  2.468E+02  2.329E+02  2.261E+02
 059  01 10 09  4.240E+21  1.096E+01  8.86400E-20  1.79907E+01  8.02066E+02  2.08537E+05  1.01100E+00  1.22279E+01  1.27274E+01  1.200E+01  1.107E+01  2.812E-04  1.230E+01  1.645E+01  1.216E-04  1.201E+01  1.104E+01  1.369E-05  1.230E+01  1.648E+01  4.137E-05  7.912E+21 -1.137E+00  1.091E-01  2.115E+01  4.841E+01  4.349E+01  2.407E+01  7.997E+21 -1.122E+00  5.968E+00  6.487E+01  1.045E+02  7.825E+01  3.909E+01  1.112E+02  1.067E+02  3.534E+02  2.327E+02  1.845E+02  1.649E+02  1.543E+02  8.041E+21 -1.137E+00  3.664E-01  2.284E+01  5.071E+01  4.508E+01  2.482E+01  1.196E+22 -1.122E+00  1.356E+01  1.162E+02  1.745E+02  1.268E+02  6.205E+01  1.130E+02  1.067E+02  4.225E+02  2.482E+02  1.927E+02  1.708E+02  1.589E+02
 060  01 10 10  4.240E+21  1.153E+01  3.05940E-20  1.79937E+01  6.61756E+02  1.72056E+05  8.34142E-01  1.22016E+01  1.27005E+01  1.204E+01  1.299E+01  6.853E-04  1.223E+01  1.661E+01  3.317E-05  1.205E+01  1.293E+01  9.208E-07  1.223E+01  1.659E+01  4.622E-06  4.720E+21 -6.622E-01  8.631E-01  2.037E+01  4.094E+01  3.410E+01  1.807E+01  9.291E+21 -1.197E+00  7.429E+00  7.773E+01  1.244E+02  9.281E+01  4.620E+01  1.866E+02  1.747E+02  4.570E+02  2.976E+02  2.544E+02  2.357E+02  2.256E+02  4.848E+21 -6.622E-01  1.115E+00  2.204E+01  4.322E+01  3.567E+01  1.881E+01  1.196E+22 -1.197E+00  1.247E+01  1.120E+02  1.713E+02  1.254E+02  6.161E+01  1.915E+02  1.747E+02  5.093E+02  3.152E+02  2.665E+02  2.457E+02  2.341E+02
 061  02 01 01  8.490E+21  8.058E+00  2.58740E-17  7.99879E-03  1.45930E+00  3.79419E+02  1.83945E-03  8.20418E+00  9.89582E+00  7.795E+00  9.581E-03  2.754E+00  7.840E+00  9.407E-03  2.419E+00  8.239E+00  7.326E-03  6.840E-04  8.258E+00  7.319E-03  4.282E-04  1.055E+21 -3.121E-01 -3.588E-01  1.651E-01  8.509E-01  6.337E-01  2.299E-01  5.304E+18 -6.411E-04 -9.062E-04  8.360E-04  7.663E-03  1.058E-02  8.108E-03  1.374E+01  8.782E+00  9.737E+00  1.379E+01  1.839E+01  2.503E+01  3.639E+01  1.059E+21 -3.121E-01 -3.584E-01  1.747E-01  8.637E-01  6.399E-01  2.316E-01  5.322E+18 -6.410E-04 -9.051E-04  8.840E-04  7.778E-03  1.068E-02  8.168E-03  1.374E+01  8.782E+00  9.737E+00  1.379E+01  1.839E+01  2.503E+01  3.639E+01
 062  02 01 02  8.490E+21  9.124E+00  6.03840E-18  7.99370E-03  2.28991E+00  5.95376E+02  2.88642E-03  8.90655E+00  1.00736E+01  8.705E+00  8.111E-03  3.820E-01  8.743E+00  8.093E-03  3.266E-01  8.896E+00  7.355E-03  4.241E-04  8.919E+00  7.393E-03  2.689E-04  1.028E+21 -3.262E-01 -3.376E-01  5.027E-01  1.416E+00  9.163E-01  3.007E-01  5.265E+18 -7.017E-04 -8.838E-04  2.596E-03  1.289E-02  1.539E-02  1.063E-02  1.387E+01  8.995E+00  9.921E+00  1.393E+01  1.849E+01  2.510E+01  3.644E+01  1.037E+21 -3.261E-01 -3.365E-01  5.271E-01  1.448E+00  9.324E-01  3.051E-01  5.311E+18 -7.015E-04 -8.810E-04  2.721E-03  1.319E-02  1.566E-02  1.079E-02  1.387E+01  8.994E+00  9.921E+00  1.393E+01  1.849E+01  2.510E+01  3.644E+01
 063  02 01 03  8.490E+21  9.995E+00  1.40330E-18  7.99110E-03  3.66011E+00  9.51629E+02  4.61356E-03  9.60115E+00  1.02111E+01  9.440E+00  7.693E-03  9.353E-02  9.478E+00  7.812E-03  7.794E-02  9.549E+00  7.329E-03  4.244E-04  9.577E+00  7.474E-03  3.110E-04  9.686E+20 -3.026E-01 -2.598E-01  1.051E+00  2.139E+00  1.239E+00  3.751E-01  5.193E+18 -7.262E-04 -7.374E-04  5.696E-03  2.002E-02  2.111E-02  1.336E-02  1.419E+01  9.513E+00  1.034E+01  1.427E+01  1.875E+01  2.531E+01  3.658E+01  9.905E+20 -3.025E-01 -2.568E-01  1.113E+00  2.221E+00  1.280E+00  3.862E-01  5.309E+18 -7.255E-04 -7.291E-04  6.024E-03  2.079E-02  2.180E-02  1.375E-02  1.419E+01  9.512E+00  1.034E+01  1.426E+01  1.875E+01  2.531E+01  3.658E+01
 064  02 01 04  8.490E+21  1.052E+01  3.15330E-19  7.98981E-03  5.96482E+00  1.55085E+03  7.51865E-03  1.01548E+01  1.04036E+01  1.001E+01  7.283E-03  3.639E-02  1.005E+01  7.689E-03  2.867E-02  1.009E+01  7.064E-03  2.996E-04  1.012E+01  7.484E-03  2.207E-04  8.232E+20 -2.314E-01 -1.326E-01  1.527E+00  2.646E+00  1.448E+00  4.204E-01  5.005E+18 -7.374E-04 -4.632E-04  9.395E-03  2.661E-02  2.567E-02  1.525E-02  1.515E+01  1.112E+01  1.156E+01  1.525E+01  1.944E+01  2.580E+01  3.693E+01  8.755E+20 -2.312E-01 -1.242E-01  1.685E+00  2.862E+00  1.557E+00  4.501E-01  5.314E+18 -7.356E-04 -4.355E-04  1.032E-02  2.874E-02  2.757E-02  1.632E-02  1.513E+01  1.112E+01  1.159E+01  1.521E+01  1.942E+01  2.579E+01  3.692E+01
 065  02 02 01  8.490E+21  7.308E+00  5.61430E-17  1.88527E-02  1.70111E+00  4.42289E+02  2.14425E-03  7.75607E+00  9.89558E+00  6.794E+00  3.484E-02  1.726E+01  6.884E+00  3.282E-02  1.482E+01  7.824E+00  1.708E-02  1.108E-03  7.841E+00  1.704E-02  7.175E-04  2.483E+21 -5.191E-01 -8.029E-01  9.301E-02  1.366E+00  1.132E+00  4.427E-01  1.252E+19 -1.083E-03 -2.043E-03  4.844E-04  1.234E-02  1.892E-02  1.562E-02  1.376E+01  8.855E+00  9.779E+00  1.399E+01  1.841E+01  2.505E+01  3.641E+01  2.488E+21 -5.191E-01 -8.023E-01  1.059E-01  1.383E+00  1.140E+00  4.451E-01  1.254E+19 -1.083E-03 -2.042E-03  5.492E-04  1.249E-02  1.906E-02  1.571E-02  1.376E+01  8.855E+00  9.779E+00  1.396E+01  1.841E+01  2.505E+01  3.641E+01
 066  02 02 02  8.490E+21  8.237E+00  1.36710E-17  1.88447E-02  2.47815E+00  6.44318E+02  3.12370E-03  8.35040E+00  1.00217E+01  8.024E+00  2.119E-02  1.682E+00  8.067E+00  2.089E-02  1.466E+00  8.381E+00  1.721E-02  4.999E-04  8.401E+00  1.721E-02  2.901E-04  2.426E+21 -7.105E-01 -8.101E-01  5.047E-01  2.215E+00  1.607E+00  5.720E-01  1.248E+19 -1.545E-03 -2.141E-03  2.645E-03  2.027E-02  2.704E-02  2.025E-02  1.390E+01  9.043E+00  9.966E+00  1.403E+01  1.854E+01  2.514E+01  3.646E+01  2.436E+21 -7.104E-01 -8.089E-01  5.325E-01  2.253E+00  1.626E+00  5.771E-01  1.253E+19 -1.545E-03 -2.137E-03  2.787E-03  2.061E-02  2.736E-02  2.043E-02  1.390E+01  9.043E+00  9.966E+00  1.403E+01  1.854E+01  2.514E+01  3.646E+01
 067  02 02 03  8.490E+21  9.273E+00  3.22810E-18  1.88457E-02  3.81856E+00  9.92824E+02  4.81328E-03  9.02920E+00  1.00726E+01  8.851E+00  1.887E-02  2.819E-01  8.887E+00  1.887E-02  2.402E-01  9.019E+00  1.735E-02  3.374E-04  9.043E+00  1.746E-02  2.101E-04  2.302E+21 -6.838E-01 -7.099E-01  1.307E+00  3.525E+00  2.263E+00  7.367E-01  1.243E+19 -1.671E-03 -2.053E-03  7.223E-03  3.322E-02  3.867E-02  2.626E-02  1.426E+01  9.609E+00  1.044E+01  1.443E+01  1.883E+01  2.534E+01  3.657E+01  2.325E+21 -6.836E-01 -7.070E-01  1.371E+00  3.612E+00  2.306E+00  7.485E-01  1.256E+19 -1.671E-03 -2.044E-03  7.565E-03  3.403E-02  3.940E-02  2.668E-02  1.426E+01  9.609E+00  1.044E+01  1.441E+01  1.882E+01  2.534E+01  3.657E+01
 068  02 02 04  8.490E+21  1.009E+01  7.47810E-19  1.88415E-02  6.06502E+00  1.57690E+03  7.64494E-03  9.69805E+00  1.02187E+01  9.541E+00  1.799E-02  7.818E-02  9.579E+00  1.834E-02  6.455E-02  9.642E+00  1.721E-02  3.805E-04  9.672E+00  1.762E-02  2.767E-04  2.001E+21 -5.352E-01 -4.671E-01  2.358E+00  4.921E+00  2.909E+00  8.902E-01  1.220E+19 -1.719E-03 -1.659E-03  1.477E-02  4.982E-02  5.169E-02  3.233E-02  1.517E+01  1.116E+01  1.166E+01  1.539E+01  1.952E+01  2.586E+01  3.691E+01  2.055E+21 -5.350E-01 -4.598E-01  2.514E+00  5.139E+00  3.019E+00  9.207E-01  1.252E+19 -1.717E-03 -1.636E-03  1.569E-02  5.198E-02  5.363E-02  3.344E-02  1.516E+01  1.116E+01  1.166E+01  1.536E+01  1.951E+01  2.586E+01  3.691E+01
 069  02 02 05  8.490E+21  1.056E+01  1.70400E-19  1.88380E-02  9.80045E+00  2.54812E+03  1.23534E-02  1.02125E+01  1.04315E+01  1.007E+01  1.695E-02  3.349E-02  1.011E+01  1.808E-02  2.596E-02  1.014E+01  1.646E-02  2.872E-04  1.018E+01  1.762E-02  2.074E-04  1.420E+21 -3.061E-01 -1.811E-01  2.734E+00  5.284E+00  3.113E+00  9.472E-01  1.166E+19 -1.732E-03 -9.933E-04  2.304E-02  6.399E-02  6.117E-02  3.613E-02  1.795E+01  1.548E+01  1.489E+01  1.824E+01  2.148E+01  2.721E+01  3.789E+01  1.531E+21 -3.061E-01 -1.655E-01  3.070E+00  5.796E+00  3.388E+00  1.026E+00  1.251E+19 -1.728E-03 -9.173E-04  2.562E-02  6.988E-02  6.643E-02  3.909E-02  1.790E+01  1.546E+01  1.498E+01  1.813E+01  2.143E+01  2.718E+01  3.787E+01
 070  02 02 06  8.490E+21  1.077E+01  4.18860E-20  1.88319E-02  1.55350E+01  4.03909E+03  1.95818E-02  1.04927E+01  1.05638E+01  1.035E+01  1.501E-02  2.483E-02  1.040E+01  1.796E-02  1.559E-02  1.041E+01  1.464E-02  2.673E-04  1.046E+01  1.761E-02  1.567E-04  7.134E+20 -1.384E-01 -4.918E-02  1.743E+00  3.704E+00  2.443E+00  8.104E-01  1.037E+19 -1.735E-03 -4.942E-04  2.603E-02  6.602E-02  6.059E-02  3.477E-02  2.502E+01  2.457E+01  2.103E+01  2.547E+01  2.682E+01  3.099E+01  4.031E+01  8.818E+20 -1.384E-01 -2.579E-02  2.284E+00  4.661E+00  3.025E+00  9.931E-01  1.251E+19 -1.724E-03 -2.708E-04  3.282E-02  8.132E-02  7.412E-02  4.235E-02  2.465E+01  2.455E+01  2.159E+01  2.486E+01  2.646E+01  3.078E+01  4.018E+01
 071  02 03 01  8.490E+21  6.920E+00  9.47880E-17  4.44542E-02  2.60218E+00  6.76566E+02  3.28004E-03  7.64870E+00  9.99811E+00  6.686E+00  8.442E-02  1.988E+01  6.803E+00  7.792E-02  1.646E+01  7.787E+00  3.899E-02  1.002E-04  7.806E+00  3.885E-02  5.174E-06  5.759E+21 -1.004E+00 -1.773E+00  1.641E-01  2.971E+00  2.498E+00  9.906E-01  2.944E+19 -2.206E-03 -4.648E-03  9.377E-04  2.719E-02  4.200E-02  3.505E-02  1.386E+01  9.087E+00  9.920E+00  1.471E+01  1.854E+01  2.512E+01  3.644E+01  5.772E+21 -1.004E+00 -1.772E+00  1.971E-01  3.016E+00  2.520E+00  9.967E-01  2.951E+19 -2.206E-03 -4.644E-03  1.107E-03  2.760E-02  4.238E-02  3.527E-02  1.386E+01  9.087E+00  9.920E+00  1.457E+01  1.854E+01  2.512E+01  3.644E+01
 072  02 03 02  8.490E+21  7.521E+00  2.79330E-17  4.44519E-02  3.10967E+00  8.08513E+02  3.91973E-03  7.99306E+00  9.85402E+00  7.484E+00  5.808E-02  5.141E+00  7.540E+00  5.648E-02  4.475E+00  8.071E+00  4.002E-02  3.712E-04  8.089E+00  3.995E-02  1.729E-04  5.652E+21 -1.327E+00 -1.815E+00  5.462E-01  3.911E+00  3.074E+00  1.158E+00  2.944E+19 -3.026E-03 -4.932E-03  3.004E-03  3.619E-02  5.201E-02  4.110E-02  1.398E+01  9.269E+00  1.011E+01  1.439E+01  1.863E+01  2.520E+01  3.651E+01  5.668E+21 -1.326E+00 -1.814E+00  5.889E-01  3.969E+00  3.103E+00  1.166E+00  2.953E+19 -3.025E-03 -4.927E-03  3.226E-03  3.673E-02  5.250E-02  4.138E-02  1.398E+01  9.269E+00  1.011E+01  1.436E+01  1.863E+01  2.520E+01  3.651E+01
 073  02 03 03  8.490E+21  8.423E+00  7.26290E-18  4.44698E-02  4.26608E+00  1.10918E+03  5.37739E-03  8.51345E+00  1.00172E+01  8.264E+00  4.747E-02  9.669E-01  8.304E+00  4.701E-02  8.366E-01  8.545E+00  4.059E-02  3.035E-04  8.566E+00  4.064E-02  1.559E-04  5.374E+21 -1.472E+00 -1.693E+00  1.471E+00  5.716E+00  4.077E+00  1.430E+00  2.939E+19 -3.720E-03 -5.030E-03  8.443E-03  5.453E-02  7.009E-02  5.113E-02  1.433E+01  9.779E+00  1.059E+01  1.470E+01  1.892E+01  2.542E+01  3.662E+01  5.404E+21 -1.471E+00 -1.689E+00  1.550E+00  5.823E+00  4.131E+00  1.445E+00  2.955E+19 -3.719E-03 -5.020E-03  8.867E-03  5.554E-02  7.101E-02  5.166E-02  1.433E+01  9.778E+00  1.059E+01  1.468E+01  1.892E+01  2.542E+01  3.662E+01
 074  02 03 04  8.490E+21  9.420E+00  1.72800E-18  4.44743E-02  6.41598E+00  1.66815E+03  8.08733E-03  9.15942E+00  1.00649E+01  8.987E+00  4.402E-02  2.132E-01  9.024E+00  4.416E-02  1.800E-01  9.137E+00  4.092E-02  3.705E-04  9.163E+00  4.130E-02  2.405E-04  4.712E+21 -1.187E+00 -1.277E+00  3.022E+00  8.260E+00  5.403E+00  1.774E+00  2.920E+19 -3.953E-03 -4.714E-03  1.981E-02  8.513E-02  9.683E-02  6.468E-02  1.532E+01  1.140E+01  1.192E+01  1.581E+01  1.971E+01  2.595E+01  3.700E+01  4.772E+21 -1.186E+00 -1.270E+00  3.186E+00  8.494E+00  5.523E+00  1.808E+00  2.957E+19 -3.951E-03 -4.691E-03  2.080E-02  8.747E-02  9.896E-02  6.590E-02  1.531E+01  1.140E+01  1.192E+01  1.577E+01  1.970E+01  2.595E+01  3.700E+01
 075  02 03 05  8.490E+21  1.018E+01  4.00770E-19  4.44511E-02  1.00761E+01  2.61978E+03  1.27009E-02  9.79310E+00  1.02812E+01  9.638E+00  4.207E-02  6.639E-02  9.677E+00  4.312E-02  5.439E-02  9.733E+00  4.038E-02  3.633E-04  9.764E+00  4.155E-02  2.650E-04  3.438E+21 -6.981E-01 -6.431E-01  4.302E+00  1.000E+01  6.364E+00  2.040E+00  2.862E+19 -4.053E-03 -3.692E-03  3.807E-02  1.236E-01  1.263E-01  7.815E-02  1.810E+01  1.570E+01  1.529E+01  1.879E+01  2.177E+01  2.736E+01  3.794E+01  3.552E+21 -6.980E-01 -6.294E-01  4.633E+00  1.052E+01  6.645E+00  2.122E+00  2.952E+19 -4.048E-03 -3.625E-03  4.065E-02  1.297E-01  1.317E-01  8.122E-02  1.808E+01  1.570E+01  1.532E+01  1.869E+01  2.173E+01  2.734E+01  3.793E+01
 076  02 03 06  8.490E+21  1.061E+01  8.86510E-20  4.43821E-02  1.63381E+01  4.24791E+03  2.05942E-02  1.02762E+01  1.04591E+01  1.013E+01  3.952E-02  3.046E-02  1.018E+01  4.261E-02  2.314E-02  1.020E+01  3.843E-02  2.731E-04  1.024E+01  4.159E-02  1.938E-04  1.772E+21 -3.012E-01 -1.775E-01  3.527E+00  8.235E+00  5.718E+00  1.970E+00  2.722E+19 -4.085E-03 -2.084E-03  5.700E-02  1.548E-01  1.465E-01  8.595E-02  2.580E+01  2.558E+01  2.309E+01  2.666E+01  2.762E+01  3.149E+01  4.061E+01  1.941E+21 -3.012E-01 -1.557E-01  4.054E+00  9.195E+00  6.315E+00  2.161E+00  2.953E+19 -4.072E-03 -1.863E-03  6.406E-02  1.709E-01  1.608E-01  9.401E-02  2.564E+01  2.557E+01  2.338E+01  2.629E+01  2.742E+01  3.137E+01  4.055E+01
 077  02 03 07  8.490E+21  1.079E+01  2.17810E-20  4.44046E-02  2.58332E+01  6.71664E+03  3.25627E-02  1.05224E+01  1.05862E+01  1.037E+01  3.470E-02  2.486E-02  1.043E+01  4.237E-02  1.479E-02  1.044E+01  3.383E-02  2.707E-04  1.049E+01  4.155E-02  1.492E-04  6.742E+20 -1.234E-01 -4.344E-02  1.670E+00  4.070E+00  3.305E+00  1.381E+00  2.396E+19 -4.098E-03 -1.065E-03  6.160E-02  1.549E-01  1.416E-01  8.101E-02  4.203E+01  4.212E+01  3.468E+01  4.294E+01  4.200E+01  4.258E+01  4.794E+01  8.639E+20 -1.234E-01 -1.740E-02  2.290E+00  5.346E+00  4.256E+00  1.748E+00  2.953E+19 -4.063E-03 -4.446E-04  7.948E-02  1.950E-01  1.769E-01  1.008E-01  4.093E+01  4.211E+01  3.560E+01  4.138E+01  4.080E+01  4.178E+01  4.746E+01
 078  02 04 01  8.490E+21  6.792E+00  1.18920E-16  1.04809E-01  6.20526E+00  1.61337E+03  7.82172E-03  8.06884E+00  1.01987E+01  8.066E+00  1.034E-01  1.163E+00  8.120E+00  1.016E-01  9.543E-01  8.362E+00  8.700E-02  2.492E-03  8.389E+00  8.696E-02  3.155E-03  1.244E+22 -2.214E+00 -3.590E+00  2.040E+00  1.012E+01  7.662E+00  2.828E+00  6.925E+19 -6.330E-03 -1.103E-02  1.396E-02  1.011E-01  1.344E-01  1.019E-01  1.445E+01  1.041E+01  1.073E+01  1.626E+01  1.939E+01  2.566E+01  3.678E+01  1.250E+22 -2.214E+00 -3.583E+00  2.198E+00  1.034E+01  7.777E+00  2.860E+00  6.960E+19 -6.329E-03 -1.101E-02  1.490E-02  1.033E-01  1.364E-01  1.030E-01  1.445E+01  1.041E+01  1.073E+01  1.617E+01  1.939E+01  2.566E+01  3.678E+01
 079  02 04 02  8.490E+21  7.188E+00  4.09040E-17  1.04839E-01  5.56446E+00  1.44676E+03  7.01399E-03  8.07356E+00  1.00438E+01  7.866E+00  1.144E-01  2.069E+00  7.914E+00  1.123E-01  1.778E+00  8.252E+00  9.072E-02  3.283E-04  8.273E+00  9.063E-02  5.677E-04  1.243E+22 -2.440E+00 -3.695E+00  1.712E+00  9.746E+00  7.541E+00  2.814E+00  6.928E+19 -6.810E-03 -1.141E-02  1.128E-02  9.609E-02  1.315E-01  1.012E-01  1.446E+01  1.031E+01  1.078E+01  1.589E+01  1.924E+01  2.560E+01  3.674E+01  1.248E+22 -2.439E+00 -3.690E+00  1.831E+00  9.913E+00  7.626E+00  2.837E+00  6.954E+19 -6.809E-03 -1.139E-02  1.196E-02  9.771E-02  1.330E-01  1.020E-01  1.446E+01  1.030E+01  1.078E+01  1.581E+01  1.924E+01  2.560E+01  3.674E+01
 080  02 04 03  8.490E+21  7.787E+00  1.34390E-17  1.04769E-01  5.94409E+00  1.54546E+03  7.49252E-03  8.28596E+00  1.00764E+01  8.029E+00  1.146E-01  1.551E+00  8.074E+00  1.129E-01  1.333E+00  8.371E+00  9.382E-02  2.965E-05  8.393E+00  9.382E-02  2.465E-08  1.192E+22 -2.735E+00 -3.526E+00  2.175E+00  1.090E+01  8.295E+00  3.042E+00  6.930E+19 -8.108E-03 -1.174E-02  1.446E-02  1.097E-01  1.464E-01  1.100E-01  1.479E+01  1.066E+01  1.125E+01  1.595E+01  1.944E+01  2.574E+01  3.688E+01  1.198E+22 -2.735E+00 -3.520E+00  2.317E+00  1.110E+01  8.399E+00  3.071E+00  6.961E+19 -8.106E-03 -1.173E-02  1.530E-02  1.116E-01  1.482E-01  1.111E-01  1.479E+01  1.066E+01  1.125E+01  1.588E+01  1.943E+01  2.574E+01  3.688E+01
 081  02 04 04  8.490E+21  8.642E+00  3.74410E-18  1.04779E-01  7.55854E+00  1.96522E+03  9.52753E-03  8.71637E+00  1.00262E+01  8.525E+00  1.072E-01  5.289E-01  8.564E+00  1.066E-01  4.523E-01  8.742E+00  9.555E-02  1.710E-04  8.765E+00  9.586E-02  7.308E-05  1.056E+22 -2.385E+00 -2.871E+00  3.674E+00  1.381E+01  1.003E+01  3.538E+00  6.905E+19 -8.921E-03 -1.168E-02  2.729E-02  1.495E-01  1.840E-01  1.303E-01  1.575E+01  1.215E+01  1.256E+01  1.699E+01  2.023E+01  2.627E+01  3.718E+01  1.063E+22 -2.385E+00 -2.862E+00  3.879E+00  1.412E+01  1.019E+01  3.583E+00  6.954E+19 -8.918E-03 -1.165E-02  2.862E-02  1.526E-01  1.869E-01  1.319E-01  1.575E+01  1.215E+01  1.256E+01  1.692E+01  2.022E+01  2.627E+01  3.718E+01
 082  02 04 05  8.490E+21  9.572E+00  9.13410E-19  1.04725E-01  1.09339E+01  2.84281E+03  1.37821E-02  9.30492E+00  1.01767E+01  9.138E+00  1.023E-01  1.495E-01  9.176E+00  1.030E-01  1.244E-01  9.267E+00  9.621E-02  2.269E-04  9.295E+00  9.740E-02  1.330E-04  7.811E+21 -1.482E+00 -1.702E+00  5.479E+00  1.678E+01  1.190E+01  4.109E+00  6.819E+19 -9.301E-03 -1.065E-02  5.476E-02  2.188E-01  2.426E-01  1.593E-01  1.851E+01  1.637E+01  1.602E+01  2.018E+01  2.240E+01  2.775E+01  3.816E+01  7.936E+21 -1.482E+00 -1.689E+00  5.829E+00  1.735E+01  1.222E+01  4.202E+00  6.925E+19 -9.296E-03 -1.058E-02  5.767E-02  2.256E-01  2.489E-01  1.629E-01  1.851E+01  1.637E+01  1.603E+01  2.005E+01  2.237E+01  2.774E+01  3.816E+01
 083  02 04 06  8.490E+21  1.026E+01  2.14310E-19  1.04713E-01  1.68467E+01  4.38013E+03  2.12352E-02  9.89006E+00  1.03070E+01  9.739E+00  9.850E-02  5.600E-02  9.779E+00  1.015E-01  4.553E-02  9.828E+00  9.486E-02  3.418E-04  9.867E+00  9.792E-02  1.014E-03  4.310E+21 -6.927E-01 -6.526E-01  5.604E+00  1.572E+01  1.181E+01  4.293E+00  6.723E+19 -9.568E-03 -8.110E-03  9.847E-02  3.077E-01  3.093E-01  1.892E-01  2.598E+01  2.579E+01  2.392E+01  2.810E+01  2.830E+01  3.185E+01  4.092E+01  4.482E+21 -6.927E-01 -6.331E-01  6.116E+00  1.667E+01  1.242E+01  4.490E+00  6.967E+19 -9.554E-03 -7.908E-03  1.056E-01  3.242E-01  3.241E-01  1.976E-01  2.593E+01  2.579E+01  2.401E+01  2.779E+01  2.819E+01  3.179E+01  4.089E+01
 084  02 04 07  8.490E+21  1.064E+01  5.00790E-20  1.04742E-01  2.66330E+01  6.92458E+03  3.35708E-02  1.03164E+01  1.04821E+01  1.017E+01  9.213E-02  2.881E-02  1.022E+01  1.001E-01  2.157E-02  1.024E+01  8.966E-02  2.648E-04  1.028E+01  9.775E-02  1.856E-04  1.779E+21 -2.816E-01 -1.605E-01  3.606E+00  9.465E+00  7.962E+00  3.421E+00  6.352E+19 -9.574E-03 -4.497E-03  1.378E-01  3.691E-01  3.473E-01  2.029E-01  4.201E+01  4.269E+01  3.718E+01  4.369E+01  4.250E+01  4.299E+01  4.823E+01  1.969E+21 -2.816E-01 -1.363E-01  4.207E+00  1.072E+01  8.913E+00  3.795E+00  6.941E+19 -9.551E-03 -3.904E-03  1.560E-01  4.105E-01  3.841E-01  2.235E-01  4.166E+01  4.264E+01  3.764E+01  4.296E+01  4.204E+01  4.266E+01  4.804E+01
 085  02 05 01  8.490E+21  6.764E+00  1.25830E-16  2.47135E-01  1.80391E+01  4.69016E+03  2.27382E-02  8.83465E+00  1.03523E+01  9.063E+00  2.112E-01  7.032E-02  9.132E+00  2.130E-01  4.523E-02  9.148E+00  2.027E-01  2.555E-03  9.200E+00  2.062E-01  3.039E-03  1.865E+22 -2.851E+00 -4.665E+00  5.759E+00  2.513E+01  2.037E+01  7.783E+00  1.607E+20 -1.817E-02 -2.398E-02  1.057E-01  4.259E-01  4.795E-01  3.227E-01  1.715E+01  1.403E+01  1.274E+01  2.875E+01  2.545E+01  2.977E+01  3.946E+01  1.885E+22 -2.851E+00 -4.643E+00  6.358E+00  2.630E+01  2.115E+01  8.046E+00  1.641E+20 -1.817E-02 -2.372E-02  1.157E-01  4.490E-01  5.003E-01  3.345E-01  1.723E+01  1.403E+01  1.271E+01  2.858E+01  2.558E+01  2.986E+01  3.951E+01
 086  02 05 02  8.490E+21  7.075E+00  4.81170E-17  2.47117E-01  1.52996E+01  3.97789E+03  1.92851E-02  8.67042E+00  1.03229E+01  8.831E+00  2.183E-01  1.380E-01  8.892E+00  2.182E-01  9.712E-02  8.946E+00  2.060E-01  2.271E-03  8.989E+00  2.079E-01  2.803E-03  2.043E+22 -3.260E+00 -5.202E+00  5.456E+00  2.530E+01  2.030E+01  7.661E+00  1.618E+20 -1.818E-02 -2.531E-02  8.319E-02  3.754E-01  4.399E-01  3.045E-01  1.685E+01  1.385E+01  1.290E+01  2.599E+01  2.380E+01  2.857E+01  3.865E+01  2.061E+22 -3.260E+00 -5.182E+00  5.974E+00  2.625E+01  2.089E+01  7.849E+00  1.641E+20 -1.818E-02 -2.513E-02  8.979E-02  3.907E-01  4.537E-01  3.124E-01  1.690E+01  1.385E+01  1.288E+01  2.575E+01  2.385E+01  2.860E+01  3.868E+01
 087  02 05 03  8.490E+21  7.535E+00  1.72310E-17  2.47172E-01  1.26173E+01  3.28049E+03  1.59040E-02  8.56658E+00  1.01605E+01  8.577E+00  2.339E-01  3.366E-01  8.625E+00  2.324E-01  2.677E-01  8.749E+00  2.134E-01  7.206E-04  8.780E+00  2.142E-01  1.029E-03  2.128E+22 -3.704E+00 -5.405E+00  5.133E+00  2.514E+01  2.011E+01  7.557E+00  1.627E+20 -1.905E-02 -2.659E-02  6.437E-02  3.362E-01  4.113E-01  2.923E-01  1.688E+01  1.390E+01  1.344E+01  2.334E+01  2.261E+01  2.777E+01  3.812E+01  2.142E+22 -3.704E+00 -5.389E+00  5.538E+00  2.583E+01  2.051E+01  7.677E+00  1.641E+20 -1.905E-02 -2.649E-02  6.831E-02  3.454E-01  4.196E-01  2.970E-01  1.690E+01  1.390E+01  1.343E+01  2.307E+01  2.262E+01  2.778E+01  3.813E+01
 088  02 05 04  8.490E+21  8.141E+00  5.94810E-18  2.47101E-01  1.20588E+01  3.13528E+03  1.52001E-02  8.65731E+00  1.01432E+01  8.550E+00  2.447E-01  4.344E-01  8.588E+00  2.434E-01  3.681E-01  8.746E+00  2.205E-01  1.038E-05  8.770E+00  2.211E-01  5.754E-05  1.977E+22 -3.698E+00 -4.806E+00  5.382E+00  2.570E+01  2.062E+01  7.750E+00  1.628E+20 -2.058E-02 -2.716E-02  6.465E-02  3.463E-01  4.251E-01  3.013E-01  1.773E+01  1.476E+01  1.476E+01  2.274E+01  2.282E+01  2.795E+01  3.821E+01  1.989E+22 -3.698E+00 -4.792E+00  5.725E+00  2.626E+01  2.094E+01  7.846E+00  1.640E+20 -2.057E-02 -2.708E-02  6.774E-02  3.535E-01  4.316E-01  3.050E-01  1.773E+01  1.476E+01  1.475E+01  2.250E+01  2.280E+01  2.795E+01  3.821E+01
 089  02 05 05  8.490E+21  8.910E+00  1.82730E-18  2.47022E-01  1.39792E+01  3.63460E+03  1.76208E-02  8.97223E+00  1.01806E+01  8.827E+00  2.438E-01  2.688E-01  8.867E+00  2.437E-01  2.243E-01  8.990E+00  2.246E-01  1.288E-04  9.017E+00  2.261E-01  5.088E-05  1.544E+22 -2.641E+00 -3.362E+00  6.283E+00  2.683E+01  2.181E+01  8.262E+00  1.622E+20 -2.144E-02 -2.669E-02  9.092E-02  4.215E-01  4.930E-01  3.365E-01  2.040E+01  1.865E+01  1.815E+01  2.528E+01  2.487E+01  2.934E+01  3.916E+01  1.560E+22 -2.641E+00 -3.346E+00  6.719E+00  2.760E+01  2.227E+01  8.406E+00  1.640E+20 -2.143E-02 -2.658E-02  9.566E-02  4.327E-01  5.032E-01  3.423E-01  2.040E+01  1.864E+01  1.815E+01  2.502E+01  2.483E+01  2.933E+01  3.916E+01
 090  02 05 06  8.490E+21  9.728E+00  4.78510E-19  2.46879E-01  1.90049E+01  4.94127E+03  2.39556E-02  9.46861E+00  1.02104E+01  9.317E+00  2.382E-01  1.110E-01  9.357E+00  2.410E-01  9.154E-02  9.433E+00  2.259E-01  3.087E-04  9.462E+00  2.297E-01  2.038E-04  9.227E+21 -1.424E+00 -1.675E+00  6.819E+00  2.515E+01  2.145E+01  8.567E+00  1.609E+20 -2.216E-02 -2.392E-02  1.550E-01  5.728E-01  6.165E-01  3.960E-01  2.737E+01  2.713E+01  2.531E+01  3.276E+01  3.095E+01  3.363E+01  4.201E+01  9.411E+21 -1.424E+00 -1.656E+00  7.348E+00  2.620E+01  2.215E+01  8.808E+00  1.641E+20 -2.214E-02 -2.370E-02  1.639E-01  5.938E-01  6.355E-01  4.068E-01  2.738E+01  2.713E+01  2.533E+01  3.238E+01  3.086E+01  3.359E+01  4.199E+01
 091  02 05 07  8.490E+21  1.034E+01  1.15000E-19  2.46996E-01  2.84151E+01  7.38793E+03  3.58172E-02  9.98756E+00  1.03678E+01  9.839E+00  2.297E-01  4.750E-02  9.879E+00  2.382E-01  3.830E-02  9.923E+00  2.219E-01  3.198E-04  9.955E+00  2.309E-01  2.347E-04  4.173E+21 -6.227E-01 -5.646E-01  5.740E+00  1.765E+01  1.599E+01  7.322E+00  1.572E+20 -2.249E-02 -1.748E-02  2.527E-01  7.609E-01  7.532E-01  4.558E-01  4.290E+01  4.363E+01  3.888E+01  4.745E+01  4.490E+01  4.488E+01  4.955E+01  4.366E+21 -6.227E-01 -5.426E-01  6.327E+00  1.891E+01  1.696E+01  7.722E+00  1.640E+20 -2.246E-02 -1.689E-02  2.727E-01  8.069E-01  7.943E-01  4.791E-01  4.283E+01  4.362E+01  3.901E+01  4.678E+01  4.461E+01  4.471E+01  4.945E+01
 092  02 05 08  8.490E+21  1.068E+01  2.65770E-20  2.46852E-01  4.45125E+01  1.15732E+04  5.61079E-02  1.03697E+01  1.05079E+01  1.023E+01  2.140E-01  2.706E-02  1.027E+01  2.358E-01  1.962E-02  1.030E+01  2.085E-01  2.594E-04  1.033E+01  2.305E-01  1.759E-04  1.572E+21 -2.462E-01 -1.292E-01  3.327E+00  8.878E+00  8.088E+00  4.270E+00  1.477E+20 -2.253E-02 -9.348E-03  3.356E-01  8.832E-01  8.246E-01  4.789E-01  7.142E+01  7.222E+01  6.111E+01  7.444E+01  7.201E+01  7.025E+01  7.004E+01  1.767E+21 -2.462E-01 -1.035E-01  3.953E+00  1.024E+01  9.242E+00  4.840E+00  1.637E+20 -2.248E-02 -7.624E-03  3.859E-01  9.966E-01  9.250E-01  5.354E-01  7.069E+01  7.220E+01  6.165E+01  7.301E+01  7.092E+01  6.942E+01  6.942E+01
 093  02 06 03  8.490E+21  7.394E+00  2.16400E-17  5.82475E-01  3.78373E+01  9.83770E+03  4.76939E-02  9.25732E+00  1.04453E+01  9.394E+00  4.989E-01  3.216E-02  9.477E+00  5.131E-01  1.790E-02  9.454E+00  4.850E-01  1.349E-03  9.522E+00  5.027E-01  1.454E-03  2.470E+22 -3.767E+00 -5.892E+00  6.747E+00  3.492E+01  3.236E+01  1.455E+01  3.722E+20 -4.750E-02 -5.189E-02  3.578E-01  1.251E+00  1.333E+00  8.591E-01  1.939E+01  1.614E+01  1.470E+01  4.823E+01  3.412E+01  3.768E+01  4.643E+01  2.493E+22 -3.767E+00 -5.865E+00  7.446E+00  3.645E+01  3.365E+01  1.516E+01  3.870E+20 -4.749E-02 -5.058E-02  4.024E-01  1.353E+00  1.424E+00  9.107E-01  1.953E+01  1.614E+01  1.465E+01  4.956E+01  3.498E+01  3.833E+01  4.689E+01
 094  02 06 04  8.490E+21  7.909E+00  7.70020E-18  5.82699E-01  3.04537E+01  7.91797E+03  3.83869E-02  9.09860E+00  1.03908E+01  9.166E+00  5.215E-01  6.902E-02  9.230E+00  5.272E-01  4.616E-02  9.251E+00  5.001E-01  1.408E-03  9.300E+00  5.095E-01  1.222E-03  2.537E+22 -4.125E+00 -5.750E+00  6.809E+00  3.736E+01  3.535E+01  1.572E+01  3.782E+20 -4.894E-02 -5.692E-02  2.918E-01  1.128E+00  1.249E+00  8.260E-01  2.119E+01  1.754E+01  1.683E+01  4.490E+01  3.359E+01  3.618E+01  4.436E+01  2.558E+22 -4.125E+00 -5.726E+00  7.443E+00  3.874E+01  3.645E+01  1.619E+01  3.870E+20 -4.893E-02 -5.618E-02  3.176E-01  1.188E+00  1.302E+00  8.561E-01  2.131E+01  1.754E+01  1.678E+01  4.489E+01  3.399E+01  3.645E+01  4.453E+01
 095  02 06 05  8.490E+21  8.520E+00  2.65560E-18  5.82447E-01  2.59746E+01  6.75339E+03  3.27409E-02  9.07692E+00  1.02588E+01  9.031E+00  5.467E-01  1.334E-01  9.084E+00  5.497E-01  1.010E-01  9.148E+00  5.157E-01  1.113E-03  9.186E+00  5.225E-01  6.884E-04  2.228E+22 -3.527E+00 -4.676E+00  6.937E+00  3.752E+01  3.627E+01  1.618E+01  3.799E+20 -5.011E-02 -5.979E-02  2.610E-01  1.084E+00  1.226E+00  8.204E-01  2.459E+01  2.171E+01  2.090E+01  4.312E+01  3.444E+01  3.622E+01  4.389E+01  2.249E+22 -3.527E+00 -4.655E+00  7.551E+00  3.884E+01  3.729E+01  1.659E+01  3.866E+20 -5.010E-02 -5.931E-02  2.797E-01  1.128E+00  1.266E+00  8.428E-01  2.470E+01  2.171E+01  2.086E+01  4.280E+01  3.458E+01  3.632E+01  4.394E+01
 096  02 06 06  8.490E+21  9.215E+00  8.48470E-19  5.82343E-01  2.71814E+01  7.06717E+03  3.42621E-02  9.27851E+00  1.02546E+01  9.166E+00  5.572E-01  1.257E-01  9.204E+00  5.607E-01  1.038E-01  9.284E+00  5.267E-01  2.561E-04  9.312E+00  5.327E-01  1.298E-04  1.554E+22 -2.305E+00 -2.945E+00  7.305E+00  3.432E+01  3.397E+01  1.582E+01  3.798E+20 -5.113E-02 -5.850E-02  3.086E-01  1.213E+00  1.339E+00  8.781E-01  3.154E+01  3.032E+01  2.828E+01  4.599E+01  3.944E+01  3.997E+01  4.622E+01  1.572E+22 -2.305E+00 -2.925E+00  7.831E+00  3.544E+01  3.482E+01  1.616E+01  3.853E+20 -5.108E-02 -5.802E-02  3.244E-01  1.249E+00  1.372E+00  8.968E-01  3.162E+01  3.032E+01  2.824E+01  4.549E+01  3.940E+01  3.996E+01  4.622E+01
 097  02 06 07  8.490E+21  9.895E+00  2.43900E-19  5.82448E-01  3.41331E+01  8.87461E+03  4.30247E-02  9.65748E+00  1.02673E+01  9.513E+00  5.530E-01  7.718E-02  9.556E+00  5.640E-01  6.215E-02  9.613E+00  5.292E-01  2.830E-04  9.646E+00  5.422E-01  1.842E-04  8.464E+21 -1.223E+00 -1.398E+00  7.074E+00  2.686E+01  2.676E+01  1.360E+01  3.766E+20 -5.238E-02 -5.175E-02  4.418E-01  1.505E+00  1.569E+00  9.852E-01  4.546E+01  4.570E+01  4.103E+01  5.727E+01  5.175E+01  5.058E+01  5.387E+01  8.667E+21 -1.223E+00 -1.377E+00  7.680E+00  2.819E+01  2.786E+01  1.410E+01  3.869E+20 -5.236E-02 -5.094E-02  4.717E-01  1.574E+00  1.631E+00  1.021E+00  4.561E+01  4.570E+01  4.098E+01  5.671E+01  5.164E+01  5.055E+01  5.386E+01
 098  02 06 08  8.490E+21  1.042E+01  6.08040E-20  5.82335E-01  4.88149E+01  1.26919E+04  6.15311E-02  1.00920E+01  1.04013E+01  9.945E+00  5.339E-01  4.033E-02  9.988E+00  5.592E-01  3.174E-02  1.002E+01  5.170E-01  2.988E-04  1.006E+01  5.436E-01  2.153E-04  3.666E+21 -5.369E-01 -4.528E-01  5.526E+00  1.684E+01  1.619E+01  8.895E+00  3.664E+20 -5.287E-02 -3.668E-02  6.489E-01  1.881E+00  1.831E+00  1.096E+00  7.247E+01  7.326E+01  6.309E+01  8.065E+01  7.622E+01  7.399E+01  7.356E+01  3.864E+21 -5.369E-01 -4.288E-01  6.142E+00  1.820E+01  1.736E+01  9.491E+00  3.861E+20 -5.282E-02 -3.479E-02  7.085E-01  2.017E+00  1.953E+00  1.164E+00  7.252E+01  7.326E+01  6.304E+01  7.977E+01  7.582E+01  7.375E+01  7.339E+01
 099  02 06 09  8.490E+21  1.071E+01  1.42700E-20  5.81851E-01  7.47146E+01  1.94258E+04  9.41777E-02  1.04174E+01  1.05344E+01  1.027E+01  4.844E-01  2.706E-02  1.032E+01  5.562E-01  1.802E-02  1.034E+01  4.718E-01  2.713E-04  1.038E+01  5.444E-01  1.675E-04  1.335E+21 -2.138E-01 -1.049E-01  2.914E+00  7.777E+00  7.207E+00  4.053E+00  3.341E+20 -5.302E-02 -1.979E-02  7.855E-01  2.042E+00  1.896E+00  1.096E+00  1.190E+02  1.195E+02  9.874E+01  1.252E+02  1.211E+02  1.183E+02  1.155E+02  1.552E+21 -2.138E-01 -7.744E-02  3.613E+00  9.324E+00  8.554E+00  4.784E+00  3.867E+20 -5.295E-02 -1.442E-02  9.505E-01  2.415E+00  2.226E+00  1.282E+00  1.187E+02  1.195E+02  9.757E+01  1.230E+02  1.201E+02  1.175E+02  1.149E+02
 100  02 07 04  8.490E+21  7.832E+00  8.56300E-18  1.37338E+00  8.83741E+01  2.29773E+04  1.11395E-01  9.72865E+00  1.05372E+01  9.749E+00  1.134E+00  2.131E-02  9.870E+00  1.237E+00  9.412E-03  9.804E+00  1.108E+00  2.722E-04  9.906E+00  1.219E+00  4.068E-04  2.662E+22 -4.073E+00 -5.946E+00  7.615E+00  4.047E+01  3.939E+01  1.908E+01  8.280E+20 -1.175E-01 -9.847E-02  1.158E+00  3.547E+00  3.566E+00  2.198E+00  2.184E+01  1.840E+01  1.701E+01  6.478E+01  4.003E+01  4.359E+01  5.494E+01  2.685E+22 -4.073E+00 -5.917E+00  8.376E+00  4.216E+01  4.087E+01  1.989E+01  9.125E+20 -1.175E-01 -9.021E-02  1.421E+00  4.144E+00  4.095E+00  2.495E+00  2.200E+01  1.840E+01  1.694E+01  6.971E+01  4.152E+01  4.500E+01  5.668E+01
 101  02 07 05  8.490E+21  8.421E+00  2.85730E-18  1.37338E+00  7.22226E+01  1.87779E+04  9.10364E-02  9.58211E+00  1.05021E+01  9.594E+00  1.195E+00  2.978E-02  9.683E+00  1.250E+00  1.630E-02  9.656E+00  1.163E+00  1.860E-04  9.730E+00  1.225E+00  3.213E-04  2.451E+22 -3.763E+00 -5.032E+00  7.812E+00  4.187E+01  4.256E+01  2.145E+01  8.624E+20 -1.192E-01 -1.117E-01  1.046E+00  3.400E+00  3.506E+00  2.198E+00  2.644E+01  2.288E+01  2.188E+01  6.905E+01  4.503E+01  4.690E+01  5.620E+01  2.473E+22 -3.763E+00 -5.005E+00  8.507E+00  4.341E+01  4.390E+01  2.218E+01  9.120E+20 -1.192E-01 -1.068E-01  1.200E+00  3.748E+00  3.815E+00  2.372E+00  2.664E+01  2.288E+01  2.178E+01  7.202E+01  4.638E+01  4.796E+01  5.738E+01
 102  02 07 06  8.490E+21  8.949E+00  1.11210E-18  1.37327E+00  5.97054E+01  1.55234E+04  7.52586E-02  9.52284E+00  1.04112E+01  9.476E+00  1.248E+00  5.120E-02  9.543E+00  1.281E+00  3.434E-02  9.557E+00  1.204E+00  7.362E-06  9.610E+00  1.244E+00  4.920E-05  1.953E+22 -2.833E+00 -3.705E+00  7.944E+00  3.984E+01  4.174E+01  2.206E+01  8.790E+20 -1.205E-01 -1.212E-01  9.664E-01  3.306E+00  3.473E+00  2.202E+00  3.393E+01  3.164E+01  2.939E+01  7.381E+01  5.273E+01  5.277E+01  5.958E+01  1.975E+22 -2.833E+00 -3.680E+00  8.610E+00  4.132E+01  4.303E+01  2.274E+01  9.121E+20 -1.205E-01 -1.181E-01  1.066E+00  3.535E+00  3.677E+00  2.317E+00  3.422E+01  3.164E+01  2.925E+01  7.531E+01  5.391E+01  5.369E+01  6.036E+01
 103  02 07 07  8.490E+21  9.534E+00  3.80120E-19  1.37285E+00  5.61473E+01  1.45983E+04  7.07736E-02  9.61674E+00  1.03623E+01  9.508E+00  1.285E+00  6.511E-02  9.558E+00  1.312E+00  4.980E-02  9.600E+00  1.234E+00  9.182E-05  9.639E+00  1.266E+00  3.688E-05  1.277E+22 -1.800E+00 -2.216E+00  7.891E+00  3.403E+01  3.583E+01  1.993E+01  8.860E+20 -1.222E-01 -1.213E-01  1.024E+00  3.482E+00  3.634E+00  2.288E+00  4.852E+01  4.768E+01  4.299E+01  8.211E+01  6.621E+01  6.418E+01  6.738E+01  1.297E+22 -1.800E+00 -2.192E+00  8.506E+00  3.540E+01  3.702E+01  2.055E+01  9.122E+20 -1.221E-01 -1.188E-01  1.103E+00  3.661E+00  3.794E+00  2.379E+00  4.900E+01  4.768E+01  4.274E+01  8.221E+01  6.701E+01  6.482E+01  6.781E+01
 104  02 07 08  8.490E+21  1.008E+01  1.17440E-19  1.37245E+00  6.43716E+01  1.67366E+04  8.11402E-02  9.87493E+00  1.03896E+01  9.730E+00  1.277E+00  5.388E-02  9.779E+00  1.321E+00  4.160E-02  9.817E+00  1.230E+00  2.649E-04  9.856E+00  1.279E+00  1.711E-04  6.866E+21 -9.727E-01 -1.037E+00  7.061E+00  2.509E+01  2.559E+01  1.471E+01  8.744E+20 -1.237E-01 -1.061E-01  1.266E+00  3.965E+00  3.992E+00  2.446E+00  7.408E+01  7.462E+01  6.447E+01  9.917E+01  8.818E+01  8.503E+01  8.498E+01  7.076E+21 -9.727E-01 -1.012E+00  7.708E+00  2.654E+01  2.685E+01  1.539E+01  9.117E+20 -1.236E-01 -1.028E-01  1.377E+00  4.220E+00  4.220E+00  2.575E+00  7.496E+01  7.462E+01  6.399E+01  9.898E+01  8.885E+01  8.566E+01  8.544E+01
 105  02 07 09  8.490E+21  1.050E+01  3.09510E-20  1.37366E+00  8.65657E+01  2.25071E+04  1.09116E-01  1.02081E+01  1.04576E+01  1.006E+01  1.225E+00  3.495E-02  1.011E+01  1.319E+00  2.579E-02  1.013E+01  1.189E+00  2.881E-04  1.017E+01  1.286E+00  1.942E-04  3.003E+21 -4.423E-01 -3.327E-01  5.054E+00  1.489E+01  1.438E+01  8.294E+00  8.421E+20 -1.247E-01 -7.368E-02  1.648E+00  4.597E+00  4.401E+00  2.602E+00  1.193E+02  1.209E+02  1.013E+02  1.356E+02  1.283E+02  1.253E+02  1.231E+02  3.222E+21 -4.423E-01 -3.067E-01  5.740E+00  1.642E+01  1.572E+01  9.033E+00  9.132E+20 -1.246E-01 -6.702E-02  1.865E+00  5.091E+00  4.841E+00  2.850E+00  1.208E+02  1.209E+02  9.991E+01  1.353E+02  1.291E+02  1.261E+02  1.238E+02
 106  02 07 10  8.490E+21  1.074E+01  7.52700E-21  1.37306E+00  1.27661E+02  3.31918E+04  1.60916E-01  1.04658E+01  1.05604E+01  1.031E+01  1.077E+00  2.778E-02  1.038E+01  1.312E+00  1.656E-02  1.038E+01  1.049E+00  2.905E-04  1.043E+01  1.285E+00  1.595E-04  1.094E+21 -1.817E-01 -8.202E-02  2.472E+00  6.542E+00  6.080E+00  3.479E+00  7.424E+20 -1.247E-01 -4.182E-02  1.804E+00  4.638E+00  4.280E+00  2.465E+00  1.935E+02  1.967E+02  1.616E+02  2.051E+02  1.996E+02  1.969E+02  1.938E+02  1.327E+21 -1.817E-01 -5.325E-02  3.223E+00  8.212E+00  7.546E+00  4.293E+00  9.127E+20 -1.246E-01 -2.502E-02  2.340E+00  5.850E+00  5.353E+00  3.067E+00  1.966E+02  1.967E+02  1.522E+02  2.047E+02  2.010E+02  1.985E+02  1.953E+02
 107  02 08 06  8.490E+21  8.821E+00  1.32550E-18  3.23741E+00  1.78096E+02  4.63050E+04  2.24490E-01  1.00040E+01  1.05858E+01  9.886E+00  2.559E+00  2.879E-02  1.005E+01  2.990E+00  1.066E-02  9.952E+00  2.490E+00  6.847E-07  1.009E+01  2.941E+00  4.297E-05  2.127E+22 -3.062E+00 -4.024E+00  8.951E+00  4.341E+01  4.503E+01  2.393E+01  1.814E+21 -2.834E-01 -2.028E-01  2.958E+00  8.694E+00  8.547E+00  5.167E+00  3.336E+01  3.070E+01  2.853E+01  8.249E+01  5.460E+01  5.529E+01  6.450E+01  2.150E+22 -3.062E+00 -3.993E+00  9.721E+00  4.511E+01  4.653E+01  2.476E+01  2.151E+21 -2.833E-01 -1.674E-01  4.032E+00  1.111E+01  1.068E+01  6.363E+00  3.369E+01  3.070E+01  2.835E+01  8.871E+01  5.682E+01  5.701E+01  6.638E+01
 108  02 08 07  8.490E+21  9.352E+00  4.77630E-19  3.23783E+00  1.45775E+02  3.79014E+04  1.83749E-01  9.93348E+00  1.05508E+01  9.813E+00  2.750E+00  3.485E-02  9.932E+00  3.030E+00  1.745E-02  9.885E+00  2.669E+00  1.881E-05  9.984E+00  2.966E+00  1.472E-06  1.517E+22 -2.109E+00 -2.633E+00  8.878E+00  3.857E+01  4.075E+01  2.296E+01  1.927E+21 -2.861E-01 -2.228E-01  2.965E+00  8.957E+00  8.907E+00  5.423E+00  4.794E+01  4.703E+01  4.223E+01  9.602E+01  7.141E+01  6.964E+01  7.596E+01  1.541E+22 -2.109E+00 -2.604E+00  9.633E+00  4.025E+01  4.223E+01  2.379E+01  2.152E+21 -2.861E-01 -2.005E-01  3.669E+00  1.055E+01  1.032E+01  6.215E+00  4.864E+01  4.703E+01  4.184E+01  1.021E+02  7.424E+01  7.178E+01  7.810E+01
 109  02 08 08  8.490E+21  9.846E+00  1.64480E-19  3.23840E+00  1.25068E+02  3.25176E+04  1.57648E-01  9.95847E+00  1.04932E+01  9.820E+00  2.881E+00  4.170E-02  9.901E+00  3.079E+00  2.687E-02  9.899E+00  2.789E+00  1.367E-04  9.964E+00  3.000E+00  5.249E-05  9.397E+21 -1.304E+00 -1.475E+00  8.201E+00  3.088E+01  3.221E+01  1.887E+01  1.993E+21 -2.890E-01 -2.267E-01  3.121E+00  9.432E+00  9.366E+00  5.689E+00  7.438E+01  7.520E+01  6.503E+01  1.180E+02  9.784E+01  9.429E+01  9.737E+01  9.626E+21 -1.304E+00 -1.448E+00  8.925E+00  3.250E+01  3.363E+01  1.966E+01  2.152E+21 -2.890E-01 -2.117E-01  3.610E+00  1.055E+01  1.036E+01  6.246E+00  7.586E+01  7.520E+01  6.415E+01  1.237E+02  1.015E+02  9.728E+01  1.001E+02
 110  02 08 09  8.490E+21  1.027E+01  5.33430E-20  3.23790E+00  1.29194E+02  3.35904E+04  1.62849E-01  1.01074E+01  1.04791E+01  9.951E+00  2.882E+00  3.974E-02  1.002E+01  3.103E+00  2.768E-02  1.003E+01  2.792E+00  2.622E-04  1.008E+01  3.022E+00  1.549E-04  5.098E+21 -7.243E-01 -6.797E-01  6.645E+00  2.160E+01  2.171E+01  1.284E+01  1.981E+21 -2.915E-01 -1.993E-01  3.524E+00  1.019E+01  9.912E+00  5.927E+00  1.182E+02  1.213E+02  1.010E+02  1.533E+02  1.385E+02  1.343E+02  1.345E+02  5.327E+21 -7.243E-01 -6.529E-01  7.366E+00  2.322E+01  2.314E+01  1.363E+01  2.152E+21 -2.914E-01 -1.838E-01  4.044E+00  1.138E+01  1.097E+01  6.523E+00  1.215E+02  1.213E+02  9.882E+01  1.590E+02  1.433E+02  1.387E+02  1.385E+02
 111  02 08 10  8.490E+21  1.058E+01  1.52230E-20  3.23791E+00  1.59665E+02  4.15129E+04  2.01257E-01  1.03261E+01  1.05141E+01  1.017E+01  2.738E+00  3.152E-02  1.023E+01  3.100E+00  2.095E-02  1.024E+01  2.661E+00  2.882E-04  1.029E+01  3.029E+00  1.744E-04  2.333E+21 -3.501E-01 -2.249E-01  4.406E+00  1.245E+01  1.191E+01  6.937E+00  1.885E+21 -2.928E-01 -1.410E-01  4.060E+00  1.092E+01  1.029E+01  6.012E+00  1.907E+02  1.976E+02  1.620E+02  2.133E+02  2.040E+02  2.009E+02  2.000E+02  2.567E+21 -3.501E-01 -1.970E-01  5.148E+00  1.411E+01  1.337E+01  7.753E+00  2.152E+21 -2.928E-01 -1.159E-01  4.888E+00  1.280E+01  1.196E+01  6.951E+00  1.977E+02  1.976E+02  1.543E+02  2.209E+02  2.116E+02  2.082E+02  2.068E+02
 112  02 09 07  8.490E+21  9.343E+00  4.68670E-19  7.63334E+00  4.11654E+02  1.07030E+05  5.18890E-01  1.02878E+01  1.06321E+01  9.916E+00  4.527E+00  7.595E-02  1.027E+01  7.155E+00  1.112E-02  1.003E+01  4.332E+00  3.277E-04  1.032E+01  7.035E+00  5.614E-06  1.533E+22 -2.108E+00 -2.623E+00  9.604E+00  4.069E+01  4.276E+01  2.399E+01  3.088E+21 -6.698E-01 -4.307E-01  5.315E+00  1.577E+01  1.535E+01  9.183E+00  4.926E+01  4.825E+01  4.284E+01  9.691E+01  7.189E+01  7.069E+01  7.802E+01  1.558E+22 -2.108E+00 -2.590E+00  1.043E+01  4.253E+01  4.437E+01  2.489E+01  5.073E+21 -6.696E-01 -2.213E-01  1.173E+01  3.014E+01  2.801E+01  1.627E+01  5.005E+01  4.825E+01  4.234E+01  1.055E+02  7.537E+01  7.328E+01  8.073E+01
 113  02 09 08  8.490E+21  9.734E+00  1.97550E-19  7.63424E+00  3.61639E+02  9.40262E+04  4.55845E-01  1.02580E+01  1.06194E+01  9.966E+00  5.174E+00  5.517E-02  1.022E+01  7.195E+00  1.362E-02  1.006E+01  4.983E+00  2.749E-04  1.027E+01  7.061E+00  2.251E-05  1.068E+22 -1.464E+00 -1.670E+00  9.422E+00  3.523E+01  3.640E+01  2.105E+01  3.546E+21 -6.741E-01 -4.240E-01  6.382E+00  1.849E+01  1.791E+01  1.067E+01  7.131E+01  7.200E+01  6.300E+01  1.181E+02  9.493E+01  9.205E+01  9.713E+01  1.093E+22 -1.464E+00 -1.638E+00  1.024E+01  3.705E+01  3.800E+01  2.194E+01  5.073E+21 -6.740E-01 -2.672E-01  1.129E+01  2.950E+01  2.762E+01  1.611E+01  7.291E+01  7.200E+01  6.197E+01  1.281E+02  1.001E+02  9.605E+01  1.010E+02
 114  02 09 09  8.490E+21  1.015E+01  6.50560E-20  7.63423E+00  2.98211E+02  7.75349E+04  3.75895E-01  1.02553E+01  1.06007E+01  1.004E+01  5.892E+00  4.180E-02  1.019E+01  7.259E+00  1.819E-02  1.012E+01  5.702E+00  2.803E-04  1.024E+01  7.103E+00  8.398E-05  6.232E+21 -8.707E-01 -8.555E-01  7.599E+00  2.526E+01  2.558E+01  1.521E+01  4.047E+21 -6.802E-01 -4.023E-01  7.779E+00  2.190E+01  2.101E+01  1.244E+01  1.185E+02  1.227E+02  9.979E+01  1.657E+02  1.455E+02  1.403E+02  1.410E+02  6.480E+21 -8.707E-01 -8.246E-01  8.406E+00  2.705E+01  2.716E+01  1.609E+01  5.074E+21 -6.801E-01 -3.017E-01  1.103E+01  2.924E+01  2.750E+01  1.608E+01  1.228E+02  1.227E+02  9.693E+01  1.798E+02  1.544E+02  1.477E+02  1.479E+02
 115  02 09 10  8.490E+21  1.044E+01  2.30800E-20  7.63488E+00  2.79285E+02  7.26141E+04  3.52038E-01  1.03189E+01  1.05669E+01  1.013E+01  6.105E+00  3.615E-02  1.023E+01  7.293E+00  1.968E-02  1.021E+01  5.922E+00  3.089E-04  1.029E+01  7.131E+00  1.429E-04  3.531E+21 -5.105E-01 -3.986E-01  5.730E+00  1.714E+01  1.678E+01  9.930E+00  4.194E+21 -6.847E-01 -3.530E-01  8.752E+00  2.387E+01  2.260E+01  1.325E+01  1.866E+02  1.966E+02  1.575E+02  2.272E+02  2.107E+02  2.052E+02  2.039E+02  3.776E+21 -5.105E-01 -3.689E-01  6.519E+00  1.890E+01  1.833E+01  1.080E+01  5.074E+21 -6.846E-01 -2.691E-01  1.152E+01  3.013E+01  2.814E+01  1.636E+01  1.966E+02  1.966E+02  1.486E+02  2.471E+02  2.261E+02  2.190E+02  2.168E+02
 116  02 10 09  8.490E+21  1.004E+01  8.57320E-20  1.79948E+01  8.91490E+02  2.31788E+05  1.12372E+00  1.04598E+01  1.06558E+01  8.517E+00  3.976E+00  2.058E-01  1.040E+01  1.704E+01  1.255E-02  8.517E+00  3.976E+00  2.058E-01  1.045E+01  1.673E+01  6.491E-05  7.312E+21 -1.006E+00 -1.058E+00  7.607E+00  2.665E+01  2.798E+01  1.698E+01  2.095E+21 -1.582E+00 -1.270E+00 -9.790E-01  5.154E+00  7.014E+00  4.857E+00  1.063E+02  1.095E+02  9.028E+01  1.464E+02  1.347E+02  1.310E+02  1.306E+02  7.572E+21 -1.006E+00 -1.023E+00  8.475E+00  2.856E+01  2.966E+01  1.792E+01  1.196E+22 -1.582E+00 -2.357E-01  3.115E+01  7.702E+01  7.023E+01  4.018E+01  1.100E+02  1.095E+02  8.750E+01  1.646E+02  1.442E+02  1.385E+02  1.374E+02
 117  02 10 10  8.490E+21  1.038E+01  2.65840E-20  1.79933E+01  7.52084E+02  1.95542E+05  9.48000E-01  1.04599E+01  1.06448E+01  9.838E+00  7.811E+00  2.197E-01  1.039E+01  1.710E+01  1.437E-02  1.002E+01  7.244E+00  2.134E-03  1.044E+01  1.678E+01  1.021E-04  4.043E+21 -5.753E-01 -4.821E-01  6.100E+00  1.877E+01  1.867E+01  1.114E+01  5.013E+21 -1.593E+00 -9.948E-01  8.347E+00  2.630E+01  2.570E+01  1.532E+01  1.843E+02  1.951E+02  1.529E+02  2.359E+02  2.156E+02  2.080E+02  2.053E+02  4.301E+21 -5.753E-01 -4.488E-01  6.956E+00  2.067E+01  2.033E+01  1.207E+01  1.196E+22 -1.593E+00 -2.826E-01  3.084E+01  7.672E+01  7.010E+01  4.015E+01  1.955E+02  1.951E+02  1.440E+02  2.628E+02  2.362E+02  2.255E+02  2.212E+02
 118  03 02 01  1.700E+22  7.191E+00  5.60160E-17  1.88549E-02  1.70840E+00  4.44184E+02  2.15344E-03  7.46734E+00  8.50861E+00  7.364E+00  1.845E-02  1.949E-02  7.377E+00  1.845E-02  1.797E-02  7.364E+00  1.845E-02  1.949E-02  7.377E+00  1.845E-02  1.797E-02  2.478E+21 -2.908E-01 -7.345E-01 -9.697E-02  9.282E-01  8.867E-01  3.761E-01  1.250E+19 -6.104E-04 -1.871E-03 -4.837E-04  8.379E-03  1.482E-02  1.327E-02  1.376E+01  8.881E+00  9.784E+00  1.369E+01  1.841E+01  2.504E+01  3.640E+01  2.488E+21 -2.907E-01 -7.344E-01 -9.159E-02  9.415E-01  8.952E-01  3.789E-01  1.255E+19 -6.101E-04 -1.871E-03 -4.566E-04  8.498E-03  1.496E-02  1.337E-02  1.376E+01  8.881E+00  9.784E+00  1.368E+01  1.841E+01  2.504E+01  3.640E+01
 119  03 02 02  1.700E+22  7.900E+00  1.36540E-17  1.88340E-02  2.49031E+00  6.47480E+02  3.13903E-03  7.91272E+00  8.63587E+00  6.696E+00  3.935E-02  2.030E+01  6.780E+00  3.751E-02  1.785E+01  7.809E+00  1.811E-02  9.051E-03  7.825E+00  1.821E-02  8.201E-03  2.413E+21 -5.479E-01 -7.572E-01  8.387E-02  1.408E+00  1.186E+00  4.630E-01  1.241E+19 -1.201E-03 -2.003E-03  4.451E-04  1.286E-02  1.995E-02  1.639E-02  1.390E+01  9.079E+00  9.970E+00  1.413E+01  1.852E+01  2.514E+01  3.646E+01  2.434E+21 -5.477E-01 -7.570E-01  9.572E-02  1.437E+00  1.205E+00  4.693E-01  1.252E+19 -1.200E-03 -2.002E-03  5.058E-04  1.313E-02  2.026E-02  1.661E-02  1.390E+01  9.079E+00  9.970E+00  1.409E+01  1.852E+01  2.514E+01  3.646E+01
 120  03 02 03  1.700E+22  8.576E+00  3.17600E-18  1.88411E-02  3.85575E+00  1.00250E+03  4.86017E-03  8.34182E+00  8.72173E+00  7.772E+00  2.361E-02  3.091E+00  7.816E+00  2.364E-02  2.756E+00  8.242E+00  1.777E-02  4.342E-03  8.261E+00  1.809E-02  3.834E-03  2.274E+21 -6.093E-01 -7.055E-01  3.593E-01  1.980E+00  1.510E+00  5.513E-01  1.229E+19 -1.494E-03 -2.057E-03  1.975E-03  1.860E-02  2.578E-02  1.965E-02  1.426E+01  9.628E+00  1.049E+01  1.439E+01  1.878E+01  2.530E+01  3.659E+01  2.322E+21 -6.089E-01 -7.051E-01  3.876E-01  2.049E+00  1.555E+00  5.661E-01  1.255E+19 -1.492E-03 -2.056E-03  2.126E-03  1.925E-02  2.654E-02  2.018E-02  1.426E+01  9.626E+00  1.049E+01  1.437E+01  1.878E+01  2.530E+01  3.658E+01
 121  03 02 04  1.700E+22  9.009E+00  7.45170E-19  1.88593E-02  6.09711E+00  1.58525E+03  7.68540E-03  8.67847E+00  8.85996E+00  8.279E+00  2.019E-02  1.088E+00  8.326E+00  2.096E-02  9.274E-01  8.579E+00  1.710E-02  2.692E-03  8.603E+00  1.799E-02  2.253E-03  1.944E+21 -4.803E-01 -5.561E-01  5.863E-01  2.336E+00  1.701E+00  6.005E-01  1.188E+19 -1.549E-03 -2.037E-03  3.643E-03  2.357E-02  3.019E-02  2.181E-02  1.519E+01  1.118E+01  1.186E+01  1.533E+01  1.949E+01  2.584E+01  3.692E+01  2.054E+21 -4.799E-01 -5.557E-01  6.549E-01  2.509E+00  1.814E+00  6.383E-01  1.254E+19 -1.546E-03 -2.034E-03  4.048E-03  2.528E-02  3.219E-02  2.317E-02  1.518E+01  1.117E+01  1.186E+01  1.528E+01  1.948E+01  2.584E+01  3.691E+01
 122  03 03 01  1.700E+22  6.867E+00  9.42740E-17  4.44462E-02  2.61640E+00  6.80265E+02  3.29797E-03  7.37293E+00  8.58839E+00  7.308E+00  4.266E-02  1.790E-02  7.324E+00  4.265E-02  1.610E-02  7.308E+00  4.266E-02  1.790E-02  7.324E+00  4.265E-02  1.610E-02  5.742E+21 -5.263E-01 -1.611E+00 -2.660E-01  1.999E+00  1.952E+00  8.416E-01  2.936E+19 -1.175E-03 -4.228E-03 -1.325E-03  1.826E-02  3.281E-02  2.977E-02  1.386E+01  9.165E+00  9.928E+00  1.368E+01  1.853E+01  2.512E+01  3.644E+01  5.767E+21 -5.261E-01 -1.611E+00 -2.525E-01  2.033E+00  1.974E+00  8.490E-01  2.949E+19 -1.174E-03 -4.228E-03 -1.256E-03  1.857E-02  3.318E-02  3.003E-02  1.386E+01  9.164E+00  9.927E+00  1.367E+01  1.852E+01  2.512E+01  3.644E+01
 123  03 03 02  1.700E+22  7.366E+00  2.77240E-17  4.44709E-02  3.13736E+00  8.15714E+02  3.95464E-03  7.65071E+00  8.63266E+00  7.560E+00  4.291E-02  1.277E-02  7.575E+00  4.300E-02  1.159E-02  7.560E+00  4.291E-02  1.277E-02  7.575E+00  4.300E-02  1.159E-02  5.633E+21 -7.799E-01 -1.666E+00 -7.672E-02  2.587E+00  2.352E+00  9.661E-01  2.938E+19 -1.824E-03 -4.543E-03 -3.471E-04  2.389E-02  3.976E-02  3.427E-02  1.400E+01  9.395E+00  1.013E+01  1.310E+01  1.862E+01  2.518E+01  3.650E+01  5.666E+21 -7.796E-01 -1.666E+00 -5.854E-02  2.632E+00  2.382E+00  9.758E-01  2.955E+19 -1.823E-03 -4.542E-03 -2.524E-04  2.430E-02  4.026E-02  3.462E-02  1.400E+01  9.395E+00  1.013E+01  1.284E+01  1.862E+01  2.518E+01  3.650E+01
 124  03 03 03  1.700E+22  8.031E+00  7.25850E-18  4.44198E-02  4.29921E+00  1.11779E+03  5.41915E-03  8.02298E+00  8.65458E+00  7.083E+00  7.442E-02  1.120E+01  7.146E+00  7.247E-02  9.953E+00  7.924E+00  4.248E-02  7.215E-03  7.941E+00  4.282E-02  6.478E-03  5.334E+21 -1.192E+00 -1.589E+00  3.157E-01  3.534E+00  2.940E+00  1.137E+00  2.920E+19 -3.069E-03 -4.757E-03  1.834E-03  3.358E-02  5.047E-02  4.064E-02  1.434E+01  9.882E+00  1.063E+01  1.481E+01  1.888E+01  2.539E+01  3.664E+01  5.394E+21 -1.192E+00 -1.589E+00  3.494E-01  3.619E+00  2.996E+00  1.156E+00  2.953E+19 -3.067E-03 -4.755E-03  2.017E-03  3.438E-02  5.142E-02  4.130E-02  1.434E+01  9.881E+00  1.063E+01  1.475E+01  1.888E+01  2.539E+01  3.664E+01
 125  03 03 04  1.700E+22  8.653E+00  1.73640E-18  4.44297E-02  6.45221E+00  1.67758E+03  8.13301E-03  8.40850E+00  8.77415E+00  7.878E+00  5.367E-02  2.507E+00  7.923E+00  5.404E-02  2.217E+00  8.307E+00  4.160E-02  4.005E-03  8.328E+00  4.254E-02  3.507E-03  4.640E+21 -1.055E+00 -1.281E+00  8.240E-01  4.501E+00  3.513E+00  1.300E+00  2.877E+19 -3.518E-03 -4.822E-03  5.318E-03  4.601E-02  6.276E-02  4.733E-02  1.532E+01  1.140E+01  1.205E+01  1.567E+01  1.963E+01  2.591E+01  3.698E+01  4.762E+21 -1.055E+00 -1.281E+00  8.962E-01  4.688E+00  3.638E+00  1.341E+00  2.951E+19 -3.514E-03 -4.818E-03  5.754E-03  4.788E-02  6.497E-02  4.885E-02  1.532E+01  1.140E+01  1.205E+01  1.562E+01  1.962E+01  2.591E+01  3.697E+01
 126  03 03 05  1.700E+22  9.054E+00  3.93870E-19  4.44277E-02  1.01877E+01  2.64880E+03  1.28416E-02  8.72455E+00  8.87763E+00  8.338E+00  4.656E-02  9.740E-01  8.387E+00  4.884E-02  8.157E-01  8.624E+00  3.980E-02  2.555E-03  8.650E+00  4.232E-02  2.095E-03  3.289E+21 -6.179E-01 -7.678E-01  1.044E+00  4.617E+00  3.632E+00  1.349E+00  2.767E+19 -3.643E-03 -4.773E-03  9.113E-03  5.682E-02  7.205E-02  5.169E-02  1.819E+01  1.583E+01  1.607E+01  1.862E+01  2.172E+01  2.737E+01  3.792E+01  3.522E+21 -6.178E-01 -7.677E-01  1.191E+00  5.031E+00  3.926E+00  1.451E+00  2.952E+19 -3.634E-03 -4.764E-03  1.027E-02  6.169E-02  7.773E-02  5.556E-02  1.816E+01  1.582E+01  1.605E+01  1.847E+01  2.167E+01  2.735E+01  3.790E+01
 127  03 03 06  1.700E+22  9.244E+00  9.28020E-20  4.43990E-02  1.61624E+01  4.20223E+03  2.03727E-02  8.91905E+00  8.96725E+00  8.570E+00  4.086E-02  6.495E-01  8.644E+00  4.699E-02  4.636E-01  8.813E+00  3.596E-02  2.183E-03  8.851E+00  4.220E-02  1.485E-03  1.643E+21 -2.800E-01 -3.488E-01  6.891E-01  3.207E+00  2.841E+00  1.158E+00  2.502E+19 -3.722E-03 -4.700E-03  1.090E-02  5.929E-02  7.218E-02  5.033E-02  2.566E+01  2.528E+01  2.516E+01  2.631E+01  2.734E+01  3.135E+01  4.051E+01  1.980E+21 -2.800E-01 -3.488E-01  9.170E-01  3.946E+00  3.436E+00  1.386E+00  2.953E+19 -3.697E-03 -4.673E-03  1.388E-02  7.153E-02  8.633E-02  5.992E-02  2.534E+01  2.525E+01  2.513E+01  2.559E+01  2.701E+01  3.114E+01  4.039E+01
 128  03 04 01  1.700E+22  6.755E+00  1.18990E-16  1.04810E-01  6.25085E+00  1.62522E+03  7.87919E-03  7.66225E+00  8.76910E+00  5.997E+00  3.399E-01  4.673E+01  6.251E+00  2.804E-01  3.544E+01  7.695E+00  9.543E-02  4.056E-03  7.719E+00  9.591E-02  3.227E-03  1.238E+22 -1.215E+00 -3.282E+00 -2.068E-03  6.163E+00  5.553E+00  2.274E+00  6.893E+19 -3.866E-03 -1.023E-02  7.756E-04  6.082E-02  9.693E-02  8.180E-02  1.446E+01  1.111E+01  1.081E+01  2.551E+01  1.926E+01  2.560E+01  3.674E+01  1.249E+22 -1.215E+00 -3.281E+00  6.591E-02  6.336E+00  5.669E+00  2.313E+00  6.961E+19 -3.865E-03 -1.023E-02  1.182E-03  6.255E-02  9.896E-02  8.320E-02  1.446E+01  1.111E+01  1.081E+01  2.272E+01  1.927E+01  2.560E+01  3.675E+01
 129  03 04 02  1.700E+22  7.100E+00  4.00950E-17  1.04838E-01  5.63027E+00  1.46387E+03  7.09695E-03  7.69710E+00  8.67198E+00  5.550E+00  5.134E-01  6.934E+01  5.873E+00  3.876E-01  5.259E+01  7.660E+00  9.839E-02  7.508E-03  7.677E+00  9.870E-02  6.587E-03  1.235E+22 -1.360E+00 -3.373E+00 -3.471E-02  6.196E+00  5.619E+00  2.305E+00  6.898E+19 -4.135E-03 -1.053E-02  3.533E-04  6.056E-02  9.770E-02  8.279E-02  1.447E+01  1.083E+01  1.084E+01  1.683E+01  1.916E+01  2.557E+01  3.671E+01  1.244E+22 -1.360E+00 -3.372E+00  1.575E-02  6.323E+00  5.703E+00  2.333E+00  6.948E+19 -4.133E-03 -1.053E-02  6.432E-04  6.179E-02  9.916E-02  8.379E-02  1.448E+01  1.083E+01  1.084E+01  2.452E+01  1.916E+01  2.557E+01  3.671E+01
 130  03 04 03  1.700E+22  7.586E+00  1.30300E-17  1.04772E-01  6.05294E+00  1.57376E+03  7.62972E-03  7.86948E+00  8.68319E+00  6.586E+00  2.330E-01  2.371E+01  6.691E+00  2.185E-01  2.033E+01  7.787E+00  9.985E-02  8.010E-03  7.805E+00  1.004E-01  7.110E-03  1.181E+22 -1.681E+00 -3.233E+00  2.611E-01  6.958E+00  6.153E+00  2.475E+00  6.896E+19 -5.447E-03 -1.094E-02  2.083E-03  6.948E-02  1.083E-01  8.946E-02  1.481E+01  1.124E+01  1.132E+01  1.801E+01  1.937E+01  2.574E+01  3.682E+01  1.192E+22 -1.680E+00 -3.232E+00  3.232E-01  7.120E+00  6.261E+00  2.512E+00  6.961E+19 -5.444E-03 -1.093E-02  2.449E-03  7.108E-02  1.102E-01  9.078E-02  1.481E+01  1.124E+01  1.132E+01  1.737E+01  1.937E+01  2.573E+01  3.682E+01
 131  03 04 04  1.700E+22  8.192E+00  3.65320E-18  1.04844E-01  7.71031E+00  2.00468E+03  9.71883E-03  8.15973E+00  8.68239E+00  7.420E+00  1.500E-01  6.136E+00  7.474E+00  1.480E-01  5.453E+00  8.058E+00  9.984E-02  5.660E-03  8.077E+00  1.010E-01  5.020E-03  1.040E+22 -2.000E+00 -2.677E+00  9.217E-01  8.312E+00  7.059E+00  2.759E+00  6.848E+19 -7.718E-03 -1.122E-02  6.899E-03  8.909E-02  1.293E-01  1.017E-01  1.580E+01  1.238E+01  1.275E+01  1.707E+01  2.010E+01  2.623E+01  3.721E+01  1.055E+22 -2.000E+00 -2.676E+00  1.013E+00  8.556E+00  7.225E+00  2.816E+00  6.950E+19 -7.712E-03 -1.121E-02  7.491E-03  9.164E-02  1.323E-01  1.038E-01  1.580E+01  1.238E+01  1.275E+01  1.694E+01  2.010E+01  2.623E+01  3.721E+01
 132  03 04 05  1.700E+22  8.739E+00  9.18290E-19  1.04744E-01  1.10481E+01  2.87252E+03  1.39262E-02  8.48616E+00  8.79611E+00  7.997E+00  1.216E-01  1.956E+00  8.043E+00  1.233E-01  1.710E+00  8.382E+00  9.719E-02  3.270E-03  8.405E+00  1.000E-01  2.806E-03  7.637E+21 -1.307E+00 -1.701E+00  1.502E+00  8.927E+00  7.568E+00  2.954E+00  6.715E+19 -8.287E-03 -1.128E-02  1.450E-02  1.144E-01  1.533E-01  1.142E-01  1.858E+01  1.645E+01  1.662E+01  1.972E+01  2.217E+01  2.766E+01  3.812E+01  7.892E+21 -1.307E+00 -1.701E+00  1.656E+00  9.380E+00  7.897E+00  3.071E+00  6.932E+19 -8.277E-03 -1.127E-02  1.580E-02  1.200E-01  1.598E-01  1.187E-01  1.858E+01  1.644E+01  1.661E+01  1.957E+01  2.214E+01  2.765E+01  3.811E+01
 133  03 04 06  1.700E+22  9.092E+00  2.12940E-19  1.04726E-01  1.70278E+01  4.42722E+03  2.14635E-02  8.76625E+00  8.89139E+00  8.390E+00  1.080E-01  8.839E-01  8.443E+00  1.143E-01  7.270E-01  8.665E+00  9.301E-02  2.437E-03  8.693E+00  9.982E-02  1.957E-03  4.089E+21 -6.131E-01 -7.922E-01  1.337E+00  7.098E+00  6.595E+00  2.785E+00  6.467E+19 -8.587E-03 -1.121E-02  2.272E-02  1.371E-01  1.723E-01  1.228E-01  2.618E+01  2.596E+01  2.578E+01  2.744E+01  2.805E+01  3.178E+01  4.093E+01  4.434E+21 -6.131E-01 -7.922E-01  1.563E+00  7.854E+00  7.220E+00  3.030E+00  6.966E+19 -8.558E-03 -1.118E-02  2.590E-02  1.503E-01  1.877E-01  1.333E-01  2.608E+01  2.594E+01  2.577E+01  2.701E+01  2.789E+01  3.169E+01  4.088E+01
 134  03 04 07  1.700E+22  9.261E+00  4.91970E-20  1.04706E-01  2.69352E+01  7.00316E+03  3.39518E-02  8.94022E+00  8.98005E+00  8.588E+00  9.389E-02  6.481E-01  8.669E+00  1.103E-01  4.406E-01  8.832E+00  8.264E-02  2.243E-03  8.872E+00  9.934E-02  1.442E-03  1.557E+21 -2.510E-01 -3.158E-01  6.597E-01  3.490E+00  3.772E+00  1.937E+00  5.747E+19 -8.698E-03 -1.098E-02  2.560E-02  1.381E-01  1.675E-01  1.165E-01  4.270E+01  4.298E+01  4.272E+01  4.401E+01  4.275E+01  4.338E+01  4.860E+01  1.938E+21 -2.510E-01 -3.158E-01  9.237E-01  4.473E+00  4.742E+00  2.399E+00  6.955E+19 -8.677E-03 -1.096E-02  3.368E-02  1.711E-01  2.056E-01  1.422E-01  4.206E+01  4.296E+01  4.270E+01  4.245E+01  4.190E+01  4.275E+01  4.820E+01
 135  03 05 01  1.700E+22  6.728E+00  1.27600E-16  2.47103E-01  1.81747E+01  4.72541E+03  2.29091E-02  8.13861E+00  8.88621E+00  7.652E+00  2.970E-01  3.953E+00  7.773E+00  2.945E-01  2.920E+00  8.178E+00  2.148E-01  1.098E-03  8.230E+00  2.233E-01  6.116E-04  1.834E+22 -1.440E+00 -4.257E+00  8.006E-01  1.369E+01  1.320E+01  5.662E+00  1.570E+20 -1.323E-02 -2.481E-02  2.037E-02  2.131E-01  2.988E-01  2.313E-01  1.709E+01  1.856E+01  1.326E+01  3.029E+01  2.410E+01  2.909E+01  3.914E+01  1.875E+22 -1.440E+00 -4.257E+00  1.065E+00  1.462E+01  1.400E+01  5.992E+00  1.641E+20 -1.323E-02 -2.481E-02  2.477E-02  2.317E-01  3.204E-01  2.461E-01  1.726E+01  1.856E+01  1.326E+01  3.189E+01  2.437E+01  2.927E+01  3.925E+01
 136  03 05 02  1.700E+22  7.000E+00  4.79100E-17  2.47163E-01  1.55229E+01  4.03596E+03  1.95666E-02  8.06272E+00  8.86355E+00  7.461E+00  3.267E-01  5.678E+00  7.566E+00  3.191E-01  4.462E+00  8.078E+00  2.208E-01  1.834E-03  8.117E+00  2.259E-01  1.239E-03  2.009E+22 -1.648E+00 -4.722E+00  7.400E-01  1.441E+01  1.369E+01  5.772E+00  1.595E+20 -1.276E-02 -2.514E-02  1.615E-02  2.009E-01  2.889E-01  2.273E-01  1.685E+01  1.758E+01  1.333E+01  2.784E+01  2.289E+01  2.813E+01  3.846E+01  2.044E+22 -1.648E+00 -4.722E+00  9.634E-01  1.514E+01  1.428E+01  5.999E+00  1.641E+20 -1.276E-02 -2.513E-02  1.900E-02  2.128E-01  3.028E-01  2.368E-01  1.695E+01  1.758E+01  1.333E+01  2.961E+01  2.300E+01  2.821E+01  3.851E+01
 137  03 05 03  1.700E+22  7.374E+00  1.73740E-17  2.47144E-01  1.29482E+01  3.36653E+03  1.63212E-02  8.03179E+00  8.77429E+00  7.268E+00  3.653E-01  8.133E+00  7.363E+00  3.541E-01  6.687E+00  7.995E+00  2.276E-01  3.721E-03  8.025E+00  2.311E-01  2.935E-03  2.086E+22 -1.942E+00 -4.891E+00  7.593E-01  1.494E+01  1.403E+01  5.852E+00  1.608E+20 -1.320E-02 -2.560E-02  1.277E-02  1.921E-01  2.827E-01  2.253E-01  1.694E+01  1.692E+01  1.380E+01  2.686E+01  2.208E+01  2.755E+01  3.803E+01  2.118E+22 -1.942E+00 -4.891E+00  9.532E-01  1.554E+01  1.449E+01  6.022E+00  1.641E+20 -1.320E-02 -2.559E-02  1.473E-02  2.005E-01  2.926E-01  2.321E-01  1.698E+01  1.692E+01  1.380E+01  2.653E+01  2.212E+01  2.758E+01  3.805E+01
 138  03 05 04  1.700E+22  7.836E+00  5.97620E-18  2.47188E-01  1.23894E+01  3.22125E+03  1.56168E-02  8.11121E+00  8.75502E+00  7.366E+00  3.578E-01  6.844E+00  7.428E+00  3.515E-01  5.994E+00  8.037E+00  2.324E-01  4.896E-03  8.058E+00  2.351E-01  4.241E-03  1.939E+22 -2.258E+00 -4.376E+00  1.117E+00  1.556E+01  1.454E+01  6.048E+00  1.617E+20 -1.556E-02 -2.611E-02  1.493E-02  2.037E-01  2.969E-01  2.346E-01  1.785E+01  1.725E+01  1.517E+01  2.449E+01  2.241E+01  2.778E+01  3.814E+01  1.965E+22 -2.258E+00 -4.376E+00  1.275E+00  1.603E+01  1.489E+01  6.175E+00  1.642E+20 -1.556E-02 -2.611E-02  1.639E-02  2.099E-01  3.042E-01  2.396E-01  1.787E+01  1.725E+01  1.517E+01  2.390E+01  2.241E+01  2.779E+01  3.814E+01
 139  03 05 05  1.700E+22  8.367E+00  1.77890E-18  2.46991E-01  1.43902E+01  3.74144E+03  1.81388E-02  8.31534E+00  8.78521E+00  7.725E+00  3.128E-01  3.454E+00  7.777E+00  3.126E-01  3.025E+00  8.220E+00  2.315E-01  4.375E-03  8.242E+00  2.360E-01  3.789E-03  1.491E+22 -2.265E+00 -3.085E+00  1.708E+00  1.555E+01  1.476E+01  6.228E+00  1.603E+20 -1.896E-02 -2.650E-02  2.421E-02  2.378E-01  3.313E-01  2.535E-01  2.061E+01  1.888E+01  1.891E+01  2.487E+01  2.438E+01  2.926E+01  3.915E+01  1.523E+22 -2.265E+00 -3.085E+00  1.903E+00  1.618E+01  1.525E+01  6.414E+00  1.639E+20 -1.894E-02 -2.648E-02  2.639E-02  2.472E-01  3.423E-01  2.611E-01  2.064E+01  1.888E+01  1.891E+01  2.453E+01  2.437E+01  2.925E+01  3.915E+01
 140  03 05 06  1.700E+22  8.829E+00  4.74440E-19  2.46944E-01  1.94137E+01  5.04755E+03  2.44709E-02  8.57398E+00  8.82754E+00  8.128E+00  2.770E-01  1.521E+00  8.175E+00  2.833E-01  1.309E+00  8.473E+00  2.275E-01  3.152E-03  8.498E+00  2.361E-01  2.670E-03  8.868E+21 -1.239E+00 -1.664E+00  1.891E+00  1.308E+01  1.327E+01  6.010E+00  1.578E+20 -1.971E-02 -2.660E-02  4.011E-02  2.884E-01  3.783E-01  2.778E-01  2.761E+01  2.735E+01  2.708E+01  3.120E+01  3.014E+01  3.332E+01  4.197E+01  9.232E+21 -1.239E+00 -1.664E+00  2.124E+00  1.391E+01  1.399E+01  6.308E+00  1.643E+20 -1.968E-02 -2.656E-02  4.411E-02  3.053E-01  3.980E-01  2.913E-01  2.763E+01  2.734E+01  2.707E+01  3.080E+01  3.008E+01  3.329E+01  4.195E+01
 141  03 05 07  1.700E+22  9.132E+00  1.12010E-19  2.46895E-01  2.90131E+01  7.54341E+03  3.65710E-02  8.81090E+00  8.92400E+00  8.446E+00  2.495E-01  8.006E-01  8.500E+00  2.666E-01  6.452E-01  8.710E+00  2.165E-01  2.332E-03  8.739E+00  2.348E-01  1.834E-03  3.880E+21 -5.424E-01 -7.059E-01  1.331E+00  7.753E+00  8.675E+00  4.627E+00  1.506E+20 -2.015E-02 -2.618E-02  5.654E-02  3.302E-01  4.109E-01  2.909E-01  4.350E+01  4.417E+01  4.376E+01  4.620E+01  4.433E+01  4.487E+01  4.978E+01  4.254E+21 -5.424E-01 -7.059E-01  1.585E+00  8.711E+00  9.646E+00  5.107E+00  1.640E+20 -2.010E-02 -2.613E-02  6.528E-02  3.661E-01  4.525E-01  3.192E-01  4.335E+01  4.417E+01  4.376E+01  4.526E+01  4.398E+01  4.462E+01  4.961E+01
 142  03 05 08  1.700E+22  9.276E+00  2.63670E-20  2.46901E-01  4.50078E+01  1.17020E+04  5.67323E-02  8.95938E+00  8.98664E+00  8.572E+00  1.982E-01  7.432E-01  8.693E+00  2.599E-01  4.208E-01  8.834E+00  1.728E-01  2.668E-03  8.892E+00  2.346E-01  1.405E-03  1.275E+21 -2.202E-01 -2.775E-01  5.344E-01  2.967E+00  3.472E+00  2.169E+00  1.198E+20 -2.046E-02 -2.578E-02  5.271E-02  2.892E-01  3.508E-01  2.437E-01  7.100E+01  7.253E+01  7.221E+01  7.341E+01  7.073E+01  6.953E+01  6.986E+01  1.748E+21 -2.202E-01 -2.775E-01  8.572E-01  4.245E+00  4.892E+00  3.036E+00  1.643E+20 -2.041E-02 -2.574E-02  8.171E-02  4.099E-01  4.905E-01  3.384E-01  7.112E+01  7.252E+01  7.220E+01  7.191E+01  7.036E+01  6.930E+01  6.962E+01
 143  03 06 03  1.700E+22  7.316E+00  1.88650E-17  5.82559E-01  3.78413E+01  9.83874E+03  4.76989E-02  8.39290E+00  8.93708E+00  7.932E+00  6.399E-01  2.322E+00  8.069E+00  6.578E-01  1.572E+00  8.349E+00  5.006E-01  1.739E-03  8.417E+00  5.382E-01  9.807E-04  2.426E+22 -1.673E+00 -5.321E+00  9.931E-01  1.993E+01  2.136E+01  1.048E+01  3.575E+20 -3.653E-02 -5.988E-02  6.882E-02  5.739E-01  7.732E-01  5.805E-01  1.944E+01  2.464E+01  1.543E+01  4.459E+01  2.959E+01  3.487E+01  4.482E+01  2.471E+22 -1.673E+00 -5.321E+00  1.298E+00  2.112E+01  2.265E+01  1.122E+01  3.869E+20 -3.652E-02 -5.987E-02  8.779E-02  6.526E-01  8.645E-01  6.427E-01  1.973E+01  2.464E+01  1.543E+01  4.656E+01  3.071E+01  3.584E+01  4.563E+01
 144  03 06 04  1.700E+22  7.679E+00  7.51010E-18  5.82584E-01  3.16062E+01  8.21760E+03  3.98395E-02  8.34793E+00  8.91280E+00  7.853E+00  6.796E-01  2.681E+00  7.949E+00  6.847E-01  2.059E+00  8.295E+00  5.217E-01  2.352E-03  8.341E+00  5.437E-01  1.649E-03  2.450E+22 -1.933E+00 -5.139E+00  1.275E+00  2.177E+01  2.357E+01  1.149E+01  3.691E+20 -3.758E-02 -6.070E-02  6.459E-02  5.719E-01  7.809E-01  5.911E-01  2.113E+01  2.565E+01  1.739E+01  4.546E+01  3.008E+01  3.454E+01  4.373E+01  2.490E+22 -1.933E+00 -5.139E+00  1.547E+00  2.281E+01  2.466E+01  1.206E+01  3.867E+20 -3.755E-02 -6.067E-02  7.600E-02  6.189E-01  8.354E-01  6.282E-01  2.137E+01  2.565E+01  1.739E+01  4.571E+01  3.073E+01  3.501E+01  4.405E+01
 145  03 06 05  1.700E+22  8.121E+00  2.56270E-18  5.82544E-01  2.72457E+01  7.08387E+03  3.43431E-02  8.36687E+00  8.85011E+00  7.832E+00  6.980E-01  2.806E+00  7.908E+00  7.029E-01  2.289E+00  8.284E+00  5.326E-01  3.353E-03  8.319E+00  5.511E-01  2.641E-03  2.125E+22 -2.250E+00 -4.178E+00  1.711E+00  2.201E+01  2.426E+01  1.191E+01  3.718E+20 -4.179E-02 -6.160E-02  6.419E-02  5.779E-01  7.922E-01  6.002E-01  2.463E+01  2.661E+01  2.186E+01  4.239E+01  3.177E+01  3.520E+01  4.365E+01  2.168E+22 -2.250E+00 -4.178E+00  1.984E+00  2.306E+01  2.533E+01  1.244E+01  3.865E+20 -4.175E-02 -6.155E-02  7.313E-02  6.159E-01  8.367E-01  6.306E-01  2.489E+01  2.661E+01  2.186E+01  4.174E+01  3.216E+01  3.546E+01  4.381E+01
 146  03 06 06  1.700E+22  8.555E+00  8.24590E-19  5.82468E-01  2.84416E+01  7.39482E+03  3.58506E-02  8.48676E+00  8.84795E+00  8.005E+00  6.742E-01  1.967E+00  8.055E+00  6.822E-01  1.699E+00  8.392E+00  5.384E-01  3.338E-03  8.416E+00  5.537E-01  2.829E-03  1.478E+22 -1.960E+00 -2.708E+00  2.101E+00  1.937E+01  2.206E+01  1.141E+01  3.740E+20 -4.524E-02 -6.205E-02  8.127E-02  6.391E-01  8.542E-01  6.354E-01  3.174E+01  3.042E+01  3.013E+01  4.352E+01  3.716E+01  3.922E+01  4.620E+01  1.513E+22 -1.960E+00 -2.708E+00  2.338E+00  2.025E+01  2.295E+01  1.185E+01  3.859E+20 -4.519E-02 -6.199E-02  8.888E-02  6.705E-01  8.907E-01  6.603E-01  3.196E+01  3.042E+01  3.013E+01  4.309E+01  3.728E+01  3.930E+01  4.623E+01
 147  03 06 07  1.700E+22  8.922E+00  2.36770E-19  5.82474E-01  3.54328E+01  9.21252E+03  4.46629E-02  8.67146E+00  8.86989E+00  8.264E+00  6.283E-01  1.159E+00  8.312E+00  6.483E-01  9.814E-01  8.572E+00  5.293E-01  2.768E-03  8.597E+00  5.538E-01  2.297E-03  7.998E+21 -1.045E+00 -1.409E+00  1.947E+00  1.364E+01  1.609E+01  9.231E+00  3.677E+20 -4.640E-02 -6.194E-02  1.107E-01  7.258E-01  9.310E-01  6.731E-01  4.583E+01  4.601E+01  4.542E+01  5.396E+01  4.939E+01  4.972E+01  5.391E+01  8.359E+21 -1.045E+00 -1.409E+00  2.193E+00  1.458E+01  1.709E+01  9.772E+00  3.861E+20 -4.633E-02 -6.186E-02  1.227E-01  7.747E-01  9.877E-01  7.117E-01  4.610E+01  4.601E+01  4.542E+01  5.333E+01  4.941E+01  4.973E+01  5.389E+01
 148  03 06 08  1.700E+22  9.165E+00  5.99180E-20  5.82582E-01  5.00348E+01  1.30091E+04  6.30688E-02  8.85456E+00  8.94386E+00  8.485E+00  5.633E-01  7.709E-01  8.556E+00  6.246E-01  5.752E-01  8.747E+00  4.900E-01  2.386E-03  8.784E+00  5.539E-01  1.715E-03  3.353E+21 -4.687E-01 -6.097E-01  1.211E+00  7.106E+00  8.483E+00  5.391E+00  3.407E+20 -4.744E-02 -6.137E-02  1.344E-01  7.684E-01  9.489E-01  6.681E-01  7.230E+01  7.358E+01  7.303E+01  7.746E+01  7.388E+01  7.285E+01  7.341E+01  3.780E+21 -4.687E-01 -6.097E-01  1.502E+00  8.252E+00  9.764E+00  6.187E+00  3.872E+20 -4.734E-02 -6.124E-02  1.646E-01  8.934E-01  1.094E+00  7.665E-01  7.294E+01  7.358E+01  7.303E+01  7.678E+01  7.408E+01  7.305E+01  7.350E+01
 149  03 07 04  1.700E+22  7.675E+00  7.28690E-18  1.37324E+00  8.96179E+01  2.33007E+04  1.12963E-01  8.64553E+00  8.98426E+00  8.132E+00  1.299E+00  1.786E+00  8.365E+00  1.486E+00  8.522E-01  8.511E+00  1.048E+00  2.720E-03  8.635E+00  1.282E+00  1.128E-03  2.558E+22 -1.597E+00 -5.242E+00  1.337E+00  2.332E+01  2.609E+01  1.368E+01  7.366E+20 -9.595E-02 -1.402E-01  1.876E-01  1.370E+00  1.781E+00  1.300E+00  2.208E+01  3.223E+01  1.802E+01  5.598E+01  3.356E+01  3.919E+01  5.093E+01  2.606E+22 -1.597E+00 -5.242E+00  1.669E+00  2.463E+01  2.759E+01  1.467E+01  9.121E+20 -9.592E-02 -1.402E-01  3.031E-01  1.847E+00  2.332E+00  1.674E+00  2.242E+01  3.223E+01  1.802E+01  6.397E+01  3.516E+01  4.097E+01  5.358E+01
 150  03 07 05  1.700E+22  8.021E+00  3.01970E-18  1.37372E+00  7.78068E+01  2.02298E+04  9.80754E-02  8.60799E+00  8.97240E+00  8.129E+00  1.390E+00  1.680E+00  8.297E+00  1.511E+00  9.890E-01  8.495E+00  1.129E+00  2.614E-03  8.583E+00  1.290E+00  1.376E-03  2.368E+22 -1.799E+00 -4.574E+00  1.649E+00  2.407E+01  2.780E+01  1.506E+01  7.924E+20 -9.874E-02 -1.421E-01  2.005E-01  1.457E+00  1.901E+00  1.392E+00  2.566E+01  3.447E+01  2.232E+01  5.727E+01  3.716E+01  4.176E+01  5.260E+01  2.413E+22 -1.799E+00 -4.574E+00  1.962E+00  2.530E+01  2.920E+01  1.598E+01  9.132E+20 -9.867E-02 -1.420E-01  2.803E-01  1.784E+00  2.279E+00  1.648E+00  2.608E+01  3.447E+01  2.232E+01  6.298E+01  3.875E+01  4.339E+01  5.473E+01
 151  03 07 06  1.700E+22  8.411E+00  1.04470E-18  1.37339E+00  6.41801E+01  1.66868E+04  8.08989E-02  8.60164E+00  8.93857E+00  8.141E+00  1.455E+00  1.570E+00  8.251E+00  1.536E+00  1.109E+00  8.494E+00  1.191E+00  2.851E-03  8.552E+00  1.299E+00  1.907E-03  1.821E+22 -2.080E+00 -3.297E+00  2.062E+00  2.243E+01  2.688E+01  1.541E+01  8.306E+20 -1.052E-01 -1.438E-01  2.141E-01  1.535E+00  2.003E+00  1.467E+00  3.377E+01  3.532E+01  3.141E+01  6.182E+01  4.471E+01  4.795E+01  5.686E+01  1.866E+22 -2.080E+00 -3.297E+00  2.367E+00  2.364E+01  2.825E+01  1.630E+01  9.122E+20 -1.052E-01 -1.437E-01  2.669E-01  1.753E+00  2.257E+00  1.639E+00  3.442E+01  3.532E+01  3.141E+01  6.563E+01  4.641E+01  4.958E+01  5.853E+01
 152  03 07 07  1.700E+22  8.740E+00  3.67230E-19  1.37336E+00  6.03527E+01  1.56917E+04  7.60745E-02  8.65819E+00  8.92006E+00  8.230E+00  1.465E+00  1.283E+00  8.303E+00  1.531E+00  1.006E+00  8.553E+00  1.223E+00  2.850E-03  8.591E+00  1.305E+00  2.167E-03  1.194E+22 -1.510E+00 -2.081E+00  2.204E+00  1.823E+01  2.231E+01  1.363E+01  8.501E+20 -1.078E-01 -1.448E-01  2.455E-01  1.652E+00  2.128E+00  1.543E+00  4.769E+01  4.740E+01  4.661E+01  6.831E+01  5.716E+01  5.900E+01  6.525E+01  1.235E+22 -1.510E+00 -2.081E+00  2.482E+00  1.932E+01  2.354E+01  1.442E+01  9.119E+20 -1.077E-01 -1.447E-01  2.858E-01  1.817E+00  2.319E+00  1.673E+00  4.878E+01  4.740E+01  4.661E+01  7.091E+01  5.891E+01  6.050E+01  6.645E+01
 153  03 07 08  1.700E+22  9.017E+00  1.12250E-19  1.37329E+00  6.82109E+01  1.77348E+04  8.59797E-02  8.77443E+00  8.93277E+00  8.382E+00  1.397E+00  9.464E-01  8.450E+00  1.497E+00  7.328E-01  8.666E+00  1.197E+00  2.610E-03  8.703E+00  1.306E+00  1.969E-03  6.312E+21 -8.175E-01 -1.094E+00  1.803E+00  1.192E+01  1.463E+01  9.483E+00  8.316E+20 -1.097E-01 -1.445E-01  2.896E-01  1.765E+00  2.218E+00  1.581E+00  7.315E+01  7.498E+01  7.393E+01  8.627E+01  7.989E+01  8.027E+01  8.326E+01  6.724E+21 -8.175E-01 -1.094E+00  2.086E+00  1.304E+01  1.589E+01  1.030E+01  9.124E+20 -1.096E-01 -1.444E-01  3.424E-01  1.982E+00  2.469E+00  1.751E+00  7.525E+01  7.498E+01  7.393E+01  8.890E+01  8.224E+01  8.226E+01  8.471E+01
 154  03 07 09  1.700E+22  9.204E+00  3.01200E-20  1.37368E+00  8.99597E+01  2.33895E+04  1.13394E-01  8.90371E+00  8.96641E+00  8.532E+00  1.265E+00  7.384E-01  8.618E+00  1.460E+00  5.059E-01  8.790E+00  1.104E+00  2.440E-03  8.834E+00  1.304E+00  1.591E-03  2.689E+21 -3.809E-01 -4.924E-01  1.050E+00  6.006E+00  7.272E+00  4.882E+00  7.671E+20 -1.114E-01 -1.431E-01  3.205E-01  1.789E+00  2.189E+00  1.531E+00  1.170E+02  1.212E+02  1.204E+02  1.238E+02  1.207E+02  1.204E+02  1.208E+02  3.112E+21 -3.809E-01 -4.924E-01  1.344E+00  7.166E+00  8.592E+00  5.756E+00  9.126E+20 -1.112E-01 -1.429E-01  4.170E-01  2.184E+00  2.646E+00  1.841E+00  1.210E+02  1.212E+02  1.204E+02  1.273E+02  1.244E+02  1.236E+02  1.232E+02
 155  03 08 06  1.700E+22  8.357E+00  1.15910E-18  3.23760E+00  1.88473E+02  4.90030E+04  2.37570E-01  8.80067E+00  9.00804E+00  8.104E+00  2.589E+00  2.447E+00  8.518E+00  3.466E+00  6.357E-01  8.553E+00  2.011E+00  5.694E-03  8.756E+00  3.055E+00  1.397E-03  1.943E+22 -1.676E+00 -3.488E+00  2.154E+00  2.374E+01  2.847E+01  1.651E+01  1.381E+21 -2.460E-01 -3.298E-01  3.529E-01  2.714E+00  3.505E+00  2.535E+00  3.371E+01  4.346E+01  3.114E+01  6.818E+01  4.581E+01  4.981E+01  6.014E+01  1.991E+22 -1.676E+00 -3.488E+00  2.491E+00  2.507E+01  2.999E+01  1.753E+01  2.151E+21 -2.459E-01 -3.297E-01  8.679E-01  4.825E+00  5.939E+00  4.182E+00  3.443E+01  4.346E+01  3.114E+01  7.647E+01  4.814E+01  5.215E+01  6.325E+01
 156  03 08 07  1.700E+22  8.660E+00  4.34320E-19  3.23790E+00  1.60212E+02  4.16551E+04  2.01947E-01  8.79128E+00  8.99783E+00  8.247E+00  2.837E+00  1.561E+00  8.492E+00  3.492E+00  6.741E-01  8.609E+00  2.322E+00  3.970E-03  8.735E+00  3.066E+00  1.603E-03  1.373E+22 -1.705E+00 -2.373E+00  2.256E+00  2.002E+01  2.477E+01  1.536E+01  1.605E+21 -2.525E-01 -3.331E-01  4.813E-01  3.275E+00  4.173E+00  2.996E+00  4.751E+01  4.722E+01  4.629E+01  7.746E+01  6.007E+01  6.232E+01  7.060E+01  1.420E+22 -1.705E+00 -2.373E+00  2.586E+00  2.133E+01  2.626E+01  1.636E+01  2.152E+21 -2.523E-01 -3.330E-01  8.443E-01  4.769E+00  5.897E+00  4.163E+00  4.902E+01  4.722E+01  4.629E+01  8.630E+01  6.365E+01  6.551E+01  7.431E+01
 157  03 08 08  1.700E+22  8.920E+00  1.48990E-19  3.23862E+00  1.38886E+02  3.61103E+04  1.75065E-01  8.81570E+00  8.98120E+00  8.362E+00  2.987E+00  1.118E+00  8.508E+00  3.496E+00  6.540E-01  8.672E+00  2.524E+00  3.174E-03  8.749E+00  3.076E+00  1.764E-03  8.332E+21 -1.049E+00 -1.423E+00  2.120E+00  1.486E+01  1.843E+01  1.207E+01  1.748E+21 -2.555E-01 -3.357E-01  5.990E-01  3.738E+00  4.694E+00  3.340E+00  7.316E+01  7.600E+01  7.451E+01  9.255E+01  8.365E+01  8.469E+01  9.049E+01  8.798E+21 -1.049E+00 -1.423E+00  2.442E+00  1.614E+01  1.990E+01  1.305E+01  2.152E+21 -2.554E-01 -3.355E-01  8.642E-01  4.834E+00  5.961E+00  4.199E+00  7.657E+01  7.600E+01  7.451E+01  1.021E+02  8.930E+01  8.986E+01  9.583E+01
 158  03 08 09  1.700E+22  9.111E+00  4.88820E-20  3.23779E+00  1.41091E+02  3.66836E+04  1.77845E-01  8.87572E+00  8.97783E+00  8.462E+00  2.914E+00  9.010E-01  8.581E+00  3.463E+00  5.578E-01  8.744E+00  2.506E+00  2.864E-03  8.806E+00  3.077E+00  1.684E-03  4.440E+21 -5.894E-01 -7.781E-01  1.518E+00  9.244E+00  1.136E+01  7.682E+00  1.737E+21 -2.587E-01 -3.357E-01  6.703E-01  3.922E+00  4.849E+00  3.413E+00  1.144E+02  1.225E+02  1.209E+02  1.249E+02  1.214E+02  1.219E+02  1.254E+02  4.904E+21 -5.894E-01 -7.781E-01  1.838E+00  1.052E+01  1.282E+01  8.662E+00  2.151E+21 -2.585E-01 -3.355E-01  9.415E-01  5.045E+00  6.147E+00  4.294E+00  1.224E+02  1.225E+02  1.209E+02  1.396E+02  1.316E+02  1.314E+02  1.347E+02
 159  03 08 10  1.700E+22  9.240E+00  1.46570E-20  3.23756E+00  1.69083E+02  4.39615E+04  2.13128E-01  8.95165E+00  8.99396E+00  8.532E+00  2.566E+00  8.625E-01  8.678E+00  3.417E+00  4.480E-01  8.813E+00  2.213E+00  3.079E-03  8.883E+00  3.074E+00  1.484E-03  1.970E+21 -2.974E-01 -3.810E-01  8.286E-01  4.604E+00  5.561E+00  3.796E+00  1.531E+21 -2.616E-01 -3.338E-01  6.456E-01  3.647E+00  4.445E+00  3.096E+00  1.779E+02  1.973E+02  1.965E+02  1.766E+02  1.800E+02  1.811E+02  1.831E+02  2.447E+21 -2.974E-01 -3.810E-01  1.158E+00  5.919E+00  7.069E+00  4.810E+00  2.152E+21 -2.615E-01 -3.337E-01  1.053E+00  5.336E+00  6.397E+00  4.419E+00  1.971E+02  1.973E+02  1.965E+02  2.036E+02  2.014E+02  2.014E+02  2.027E+02
 160  03 09 07  1.700E+22  8.652E+00  4.32210E-19  7.63234E+00  4.48034E+02  1.16489E+05  5.64746E-01  8.92803E+00  9.02680E+00  8.532E+00  2.566E+00  8.625E-01  8.655E+00  8.076E+00  4.909E-01  8.813E+00  2.213E+00  3.079E-03  8.869E+00  7.228E+00  1.450E-03  1.390E+22 -1.560E+00 -2.379E+00  2.414E+00  2.093E+01  2.587E+01  1.599E+01  3.102E+20 -5.924E-01 -7.657E-01 -7.718E-01 -6.950E-01 -1.757E-01  1.228E-01  4.838E+01  5.272E+01  4.722E+01  7.178E+01  6.016E+01  6.264E+01  7.144E+01  1.441E+22 -1.560E+00 -2.379E+00  2.771E+00  2.234E+01  2.748E+01  1.708E+01  5.072E+21 -5.922E-01 -7.653E-01  2.413E+00  1.242E+01  1.493E+01  1.034E+01  5.011E+01  5.272E+01  4.722E+01  8.151E+01  6.387E+01  6.607E+01  7.570E+01
 161  03 09 08  1.700E+22  8.880E+00  1.67720E-19  7.63326E+00  4.01525E+02  1.04397E+05  5.06122E-01  8.92664E+00  9.02275E+00  8.092E+00  2.159E+00  8.359E-02  8.648E+00  8.094E+00  4.963E-01  8.092E+00  2.159E+00  8.359E-02  8.863E+00  7.239E+00  1.518E-03  9.158E+21 -1.134E+00 -1.539E+00  2.600E+00  1.718E+01  2.083E+01  1.335E+01  1.287E+21 -5.969E-01 -7.709E-01 -1.274E-01  1.971E+00  2.907E+00  2.211E+00  7.168E+01  7.469E+01  7.366E+01  7.713E+01  7.691E+01  8.076E+01  8.925E+01  9.660E+21 -1.134E+00 -1.539E+00  2.953E+00  1.858E+01  2.244E+01  1.443E+01  5.073E+21 -5.966E-01 -7.706E-01  2.396E+00  1.238E+01  1.491E+01  1.033E+01  7.544E+01  7.469E+01  7.366E+01  9.056E+01  8.348E+01  8.683E+01  9.578E+01
 162  03 09 09  1.700E+22  9.051E+00  6.42810E-20  7.63394E+00  3.46732E+02  9.01504E+04  4.37056E-01  8.93342E+00  9.01774E+00  8.027E+00  4.684E+00  3.863E+00  8.653E+00  8.094E+00  4.878E-01  8.598E+00  3.400E+00  1.112E-02  8.866E+00  7.247E+00  1.549E-03  5.624E+21 -7.224E-01 -9.629E-01  1.879E+00  1.160E+01  1.422E+01  9.534E+00  2.274E+21 -6.020E-01 -7.759E-01  5.569E-01  4.750E+00  6.096E+00  4.359E+00  1.090E+02  1.178E+02  1.158E+02  1.184E+02  1.157E+02  1.171E+02  1.223E+02  6.123E+21 -7.224E-01 -9.629E-01  2.228E+00  1.299E+01  1.581E+01  1.061E+01  5.074E+21 -6.017E-01 -7.756E-01  2.413E+00  1.243E+01  1.495E+01  1.035E+01  1.178E+02  1.178E+02  1.158E+02  1.391E+02  1.285E+02  1.290E+02  1.343E+02
 163  03 09 10  1.700E+22  9.187E+00  2.12630E-20  7.63299E+00  3.15558E+02  8.20452E+04  3.97761E-01  8.95775E+00  9.01716E+00  8.357E+00  4.976E+00  1.646E+00  8.683E+00  8.062E+00  4.527E-01  8.741E+00  4.050E+00  5.754E-03  8.889E+00  7.248E+00  1.505E-03  2.956E+21 -4.125E-01 -5.363E-01  1.186E+00  6.736E+00  8.179E+00  5.581E+00  2.762E+21 -6.083E-01 -7.788E-01  9.725E-01  6.316E+00  7.834E+00  5.502E+00  1.726E+02  1.962E+02  1.941E+02  1.740E+02  1.764E+02  1.775E+02  1.805E+02  3.454E+21 -4.125E-01 -5.363E-01  1.532E+00  8.117E+00  9.763E+00  6.648E+00  5.073E+21 -6.081E-01 -7.785E-01  2.498E+00  1.264E+01  1.513E+01  1.044E+01  1.957E+02  1.962E+02  1.941E+02  2.116E+02  2.045E+02  2.041E+02  2.069E+02
 164  03 10 09  1.700E+22  9.012E+00  7.95380E-20  1.79980E+01  1.00911E+03  2.62368E+05  1.27198E+00  9.00699E+00  9.03510E+00  8.357E+00  4.976E+00  1.646E+00  8.740E+00  1.891E+01  4.170E-01  8.741E+00  4.050E+00  5.754E-03  8.941E+00  1.708E+01  1.453E-03  6.390E+21 -8.044E-01 -1.083E+00  1.814E+00  1.211E+01  1.535E+01  1.054E+01 -1.350E+22 -1.405E+00 -1.788E+00 -1.070E+01 -3.931E+01 -4.427E+01 -2.960E+01  1.006E+02  1.084E+02  1.053E+02  1.129E+02  1.166E+02  1.159E+02  1.178E+02  6.913E+21 -8.044E-01 -1.083E+00  2.182E+00  1.357E+01  1.702E+01  1.167E+01  1.196E+22 -1.405E+00 -1.788E+00  6.289E+00  3.091E+01  3.662E+01  2.509E+01  1.085E+02  1.084E+02  1.053E+02  1.291E+02  1.282E+02  1.265E+02  1.287E+02
 165  03 10 10  1.700E+22  9.161E+00  2.51070E-20  1.79988E+01  8.87833E+02  2.30837E+05  1.11911E+00  9.00817E+00  9.03236E+00  8.357E+00  4.976E+00  1.646E+00  8.742E+00  1.890E+01  4.087E-01  8.741E+00  4.050E+00  5.754E-03  8.941E+00  1.708E+01  1.432E-03  3.424E+21 -4.633E-01 -6.081E-01  1.253E+00  7.458E+00  9.269E+00  6.428E+00 -7.515E+21 -1.416E+00 -1.799E+00 -6.657E+00 -2.274E+01 -2.521E+01 -1.672E+01  1.668E+02  1.912E+02  1.886E+02  1.495E+02  1.667E+02  1.718E+02  1.737E+02  3.942E+21 -4.633E-01 -6.081E-01  1.617E+00  8.907E+00  1.093E+01  7.546E+00  1.196E+22 -1.416E+00 -1.799E+00  6.305E+00  3.092E+01  3.663E+01  2.510E+01  1.901E+02  1.912E+02  1.886E+02  1.937E+02  1.980E+02  2.005E+02  2.016E+02
 166  04 03 01  3.390E+22  6.780E+00  9.34370E-17  4.44426E-02  2.64076E+00  6.86598E+02  3.32868E-03  7.08906E+00  7.75497E+00  6.884E+00  4.611E-02  7.349E-02  6.899E+00  4.627E-02  6.911E-02  6.884E+00  4.611E-02  7.349E-02  6.899E+00  4.627E-02  6.911E-02  5.714E+21  2.000E-18 -1.386E+00 -4.605E-01  1.324E+00  1.508E+00  7.062E-01  2.923E+19  1.000E-19 -3.642E-03 -2.343E-03  1.208E-02  2.533E-02  2.498E-02  1.386E+01  3.600E+01  9.934E+00  1.382E+01  1.851E+01  2.511E+01  3.644E+01  5.762E+21  2.000E-18 -1.386E+00 -4.560E-01  1.354E+00  1.532E+00  7.155E-01  2.948E+19  1.000E-19 -3.640E-03 -2.320E-03  1.235E-02  2.573E-02  2.531E-02  1.386E+01  3.600E+01  9.933E+00  1.382E+01  1.851E+01  2.511E+01  3.644E+01
 167  04 03 02  3.390E+22  7.131E+00  2.77410E-17  4.44577E-02  3.17176E+00  8.24659E+02  3.99800E-03  7.30740E+00  7.79515E+00  7.110E+00  4.528E-02  4.692E-02  7.125E+00  4.565E-02  4.411E-02  7.110E+00  4.528E-02  4.692E-02  7.125E+00  4.565E-02  4.411E-02  5.591E+21 -4.000E-19 -1.443E+00 -3.662E-01  1.681E+00  1.773E+00  7.938E-01  2.921E+19 -0.000E+00 -3.946E-03 -1.895E-03  1.552E-02  2.997E-02  2.816E-02  1.401E+01  3.000E+01  1.014E+01  1.394E+01  1.862E+01  2.520E+01  3.649E+01  5.659E+21 -4.000E-19 -1.443E+00 -3.597E-01  1.723E+00  1.807E+00  8.072E-01  2.957E+19 -0.000E+00 -3.944E-03 -1.861E-03  1.591E-02  3.055E-02  2.863E-02  1.401E+01  3.000E+01  1.014E+01  1.394E+01  1.862E+01  2.520E+01  3.649E+01
 168  04 03 03  3.390E+22  7.545E+00  7.13730E-18  4.44738E-02  4.37029E+00  1.13628E+03  5.50874E-03  7.57276E+00  7.83872E+00  7.395E+00  4.398E-02  2.604E-02  7.411E+00  4.482E-02  2.421E-02  7.395E+00  4.398E-02  2.604E-02  7.411E+00  4.482E-02  2.421E-02  5.268E+21 -2.000E-19 -1.391E+00 -1.864E-01  2.172E+00  2.110E+00  8.992E-01  2.895E+19 -0.000E+00 -4.198E-03 -9.944E-04  2.062E-02  3.622E-02  3.213E-02  1.438E+01  4.200E+01  1.068E+01  1.416E+01  1.889E+01  2.538E+01  3.662E+01  5.389E+21 -2.000E-19 -1.390E+00 -1.736E-01  2.251E+00  2.175E+00  9.244E-01  2.961E+19 -0.000E+00 -4.193E-03 -9.253E-04  2.137E-02  3.733E-02  3.303E-02  1.438E+01  4.200E+01  1.068E+01  1.416E+01  1.889E+01  2.537E+01  3.662E+01
 169  04 03 04  3.390E+22  7.861E+00  1.72280E-18  4.44189E-02  6.52769E+00  1.69720E+03  8.22814E-03  7.80214E+00  7.92974E+00  5.372E+00  2.569E-01  7.891E+01  5.855E+00  1.737E-01  5.321E+01  7.641E+00  4.190E-02  1.605E-02  7.661E+00  4.398E-02  1.440E-02  4.494E+21  0.000E+00 -1.138E+00  9.672E-03  2.477E+00  2.306E+00  9.571E-01  2.799E+19 -0.000E+00 -4.323E-03  1.046E-04  2.528E-02  4.119E-02  3.486E-02  1.536E+01  4.200E+01  1.210E+01  2.192E+01  1.961E+01  2.590E+01  3.697E+01  4.742E+21  0.000E+00 -1.137E+00  3.803E-02  2.654E+00  2.454E+00  1.015E+00  2.950E+19 -0.000E+00 -4.315E-03  2.751E-04  2.705E-02  4.381E-02  3.696E-02  1.535E+01  4.200E+01  1.209E+01  1.682E+01  1.960E+01  2.590E+01  3.697E+01
 170  04 03 05  3.390E+22  8.036E+00  3.98400E-19  4.44115E-02  1.02166E+01  2.65631E+03  1.28780E-02  7.95338E+00  7.99964E+00  6.635E+00  8.725E-02  2.225E+01  6.840E+00  8.606E-02  1.599E+01  7.799E+00  3.859E-02  1.239E-02  7.827E+00  4.363E-02  1.006E-02  3.068E+21  0.000E+00 -7.066E-01  9.413E-02  2.207E+00  2.131E+00  9.062E-01  2.595E+19  0.000E+00 -4.423E-03  8.676E-04  2.713E-02  4.227E-02  3.474E-02  1.825E+01  4.800E+01  1.612E+01  1.925E+01  2.171E+01  2.738E+01  3.792E+01  3.520E+21  0.000E+00 -7.062E-01  1.520E-01  2.578E+00  2.460E+00  1.040E+00  2.955E+19  0.000E+00 -4.401E-03  1.315E-03  3.149E-02  4.865E-02  3.982E-02  1.816E+01  4.800E+01  1.609E+01  1.851E+01  2.162E+01  2.733E+01  3.789E+01
 171  04 04 01  3.390E+22  6.694E+00  1.19020E-16  1.04828E-01  6.32838E+00  1.64538E+03  7.97691E-03  7.28508E+00  7.89783E+00  7.147E+00  1.030E-01  3.794E-02  7.171E+00  1.043E-01  3.400E-02  7.147E+00  1.030E-01  3.794E-02  7.171E+00  1.043E-01  3.400E-02  1.224E+22 -2.000E-19 -2.791E+00 -8.051E-01  3.753E+00  4.025E+00  1.821E+00  6.828E+19 -0.000E+00 -8.758E-03 -4.238E-03  3.680E-02  7.006E-02  6.545E-02  1.447E+01  4.200E+01  1.085E+01  1.406E+01  1.919E+01  2.557E+01  3.673E+01  1.246E+22 -2.000E-19 -2.791E+00 -7.797E-01  3.908E+00  4.154E+00  1.872E+00  6.961E+19 -0.000E+00 -8.756E-03 -4.087E-03  3.834E-02  7.234E-02  6.729E-02  1.448E+01  4.200E+01  1.084E+01  1.403E+01  1.920E+01  2.557E+01  3.674E+01
 172  04 04 02  3.390E+22  6.950E+00  3.99700E-17  1.04812E-01  5.74067E+00  1.49257E+03  7.23611E-03  7.33081E+00  7.83961E+00  7.153E+00  1.046E-01  4.154E-02  7.175E+00  1.061E-01  3.774E-02  7.153E+00  1.046E-01  4.154E-02  7.175E+00  1.061E-01  3.774E-02  1.218E+22  0.000E+00 -2.884E+00 -7.849E-01  3.865E+00  4.122E+00  1.857E+00  6.817E+19 -0.000E+00 -9.078E-03 -4.213E-03  3.762E-02  7.156E-02  6.668E-02  1.449E+01  2.232E+01  1.089E+01  1.419E+01  1.911E+01  2.554E+01  3.671E+01  1.241E+22  0.000E+00 -2.884E+00 -7.623E-01  4.020E+00  4.252E+00  1.908E+00  6.953E+19 -0.000E+00 -9.075E-03 -4.082E-03  3.914E-02  7.384E-02  6.853E-02  1.450E+01  2.232E+01  1.089E+01  1.417E+01  1.912E+01  2.555E+01  3.671E+01
 173  04 04 03  3.390E+22  7.283E+00  1.27400E-17  1.04820E-01  6.20490E+00  1.61328E+03  7.82127E-03  7.46667E+00  7.84723E+00  7.282E+00  1.045E-01  3.325E-02  7.300E+00  1.062E-01  3.077E-02  7.282E+00  1.045E-01  3.325E-02  7.300E+00  1.062E-01  3.077E-02  1.163E+22  0.000E+00 -2.775E+00 -5.969E-01  4.359E+00  4.496E+00  1.985E+00  6.827E+19 -0.000E+00 -9.504E-03 -3.325E-03  4.343E-02  7.912E-02  7.176E-02  1.487E+01  4.200E+01  1.138E+01  1.446E+01  1.937E+01  2.571E+01  3.686E+01  1.186E+22  0.000E+00 -2.775E+00 -5.733E-01  4.515E+00  4.627E+00  2.037E+00  6.964E+19 -0.000E+00 -9.497E-03 -3.186E-03  4.497E-02  8.142E-02  7.363E-02  1.487E+01  4.200E+01  1.138E+01  1.445E+01  1.937E+01  2.571E+01  3.686E+01
 174  04 04 04  3.390E+22  7.631E+00  3.63760E-18  1.04793E-01  7.86568E+00  2.04508E+03  9.91467E-03  7.65732E+00  7.87858E+00  7.483E+00  1.022E-01  2.274E-02  7.501E+00  1.051E-01  2.087E-02  7.483E+00  1.022E-01  2.274E-02  7.501E+00  1.051E-01  2.087E-02  1.015E+22  0.000E+00 -2.316E+00 -2.614E-01  4.913E+00  4.905E+00  2.125E+00  6.745E+19  0.000E+00 -9.864E-03 -1.520E-03  5.258E-02  8.988E-02  7.834E-02  1.588E+01  2.772E+01  1.285E+01  1.480E+01  2.009E+01  2.627E+01  3.724E+01  1.047E+22  0.000E+00 -2.315E+00 -2.257E-01  5.146E+00  5.105E+00  2.205E+00  6.957E+19  0.000E+00 -9.851E-03 -1.288E-03  5.503E-02  9.351E-02  8.127E-02  1.588E+01  2.772E+01  1.285E+01  1.466E+01  2.009E+01  2.627E+01  3.724E+01
 175  04 04 05  3.390E+22  7.903E+00  9.02550E-19  1.04746E-01  1.12662E+01  2.92920E+03  1.42010E-02  7.84312E+00  7.94813E+00  5.924E+00  3.665E-01  5.036E+01  6.223E+00  3.071E-01  3.655E+01  7.683E+00  9.737E-02  1.517E-02  7.705E+00  1.036E-01  1.335E-02  7.267E+21  0.000E+00 -1.489E+00  4.825E-02  4.761E+00  4.842E+00  2.131E+00  6.513E+19 -0.000E+00 -1.017E-02  6.935E-04  6.122E-02  9.856E-02  8.274E-02  1.877E+01  4.310E+01  1.689E+01  2.561E+01  2.219E+01  2.774E+01  3.821E+01  7.781E+21  0.000E+00 -1.489E+00  1.100E-01  5.188E+00  5.232E+00  2.294E+00  6.961E+19 -0.000E+00 -1.014E-02  1.211E-03  6.651E-02  1.064E-01  8.899E-02  1.875E+01  4.310E+01  1.688E+01  2.150E+01  2.216E+01  2.772E+01  3.820E+01
 176  04 04 06  3.390E+22  8.053E+00  2.12260E-19  1.04800E-01  1.72184E+01  4.47677E+03  2.17037E-02  7.96850E+00  8.01809E+00  6.648E+00  1.986E-01  2.207E+01  6.887E+00  1.978E-01  1.492E+01  7.810E+00  8.815E-02  1.271E-02  7.842E+00  1.028E-01  9.882E-03  3.685E+21  0.000E+00 -7.207E-01  1.052E-01  3.231E+00  3.706E+00  1.803E+00  5.923E+19  0.000E+00 -1.038E-02  2.029E-03  6.264E-02  9.731E-02  7.978E-02  2.641E+01  0.000E+00  2.601E+01  2.988E+01  2.809E+01  3.187E+01  4.100E+01  4.390E+21  0.000E+00 -7.207E-01  1.980E-01  3.942E+00  4.450E+00  2.146E+00  6.967E+19  0.000E+00 -1.032E-02  3.321E-03  7.532E-02  1.159E-01  9.457E-02  2.623E+01  0.000E+00  2.598E+01  2.721E+01  2.786E+01  3.172E+01  4.090E+01
 177  04 05 01  3.390E+22  6.670E+00  1.30290E-16  2.47109E-01  1.83971E+01  4.78326E+03  2.31896E-02  7.58404E+00  7.97698E+00  7.440E+00  2.221E-01  2.271E-02  7.503E+00  2.406E-01  1.699E-02  7.440E+00  2.221E-01  2.271E-02  7.503E+00  2.406E-01  1.699E-02  1.780E+22  0.000E+00 -3.575E+00 -9.770E-01  7.480E+00  8.612E+00  4.121E+00  1.499E+20  0.000E+00 -2.137E-02 -5.037E-03  1.092E-01  1.891E-01  1.663E-01  1.693E+01  0.000E+00  1.337E+01  1.420E+01  2.317E+01  2.860E+01  3.888E+01  1.861E+22  0.000E+00 -3.575E+00 -8.747E-01  8.321E+00  9.535E+00  4.566E+00  1.643E+20  0.000E+00 -2.137E-02 -3.391E-03  1.263E-01  2.142E-01  1.864E-01  1.728E+01  0.000E+00  1.337E+01  1.341E+01  2.370E+01  2.896E+01  3.912E+01
 178  04 05 02  3.390E+22  6.880E+00  4.74190E-17  2.47090E-01  1.58732E+01  4.12703E+03  2.00081E-02  7.55544E+00  7.96653E+00  7.405E+00  2.314E-01  2.444E-02  7.449E+00  2.430E-01  1.989E-02  7.405E+00  2.314E-01  2.444E-02  7.449E+00  2.430E-01  1.989E-02  1.950E+22  0.000E+00 -3.965E+00 -1.056E+00  8.186E+00  9.244E+00  4.341E+00  1.549E+20  0.000E+00 -2.167E-02 -5.684E-03  1.097E-01  1.920E-01  1.700E-01  1.683E+01  0.000E+00  1.344E+01  1.442E+01  2.234E+01  2.787E+01  3.834E+01  2.019E+22  0.000E+00 -3.965E+00 -9.686E-01  8.848E+00  9.921E+00  4.648E+00  1.641E+20  0.000E+00 -2.166E-02 -4.583E-03  1.207E-01  2.081E-01  1.830E-01  1.703E+01  0.000E+00  1.344E+01  1.392E+01  2.257E+01  2.802E+01  3.844E+01
 179  04 05 03  3.390E+22  7.150E+00  1.67820E-17  2.47109E-01  1.34043E+01  3.48512E+03  1.68961E-02  7.56055E+00  7.93330E+00  7.394E+00  2.382E-01  2.627E-02  7.424E+00  2.464E-01  2.279E-02  7.394E+00  2.382E-01  2.627E-02  7.424E+00  2.464E-01  2.279E-02  2.018E+22  0.000E+00 -4.097E+00 -1.003E+00  8.824E+00  9.773E+00  4.519E+00  1.578E+20  0.000E+00 -2.216E-02 -5.849E-03  1.116E-01  1.960E-01  1.739E-01  1.702E+01  0.000E+00  1.398E+01  1.489E+01  2.183E+01  2.746E+01  3.802E+01  2.079E+22  0.000E+00 -4.097E+00 -9.286E-01  9.363E+00  1.029E+01  4.745E+00  1.643E+20  0.000E+00 -2.214E-02 -5.100E-03  1.192E-01  2.073E-01  1.830E-01  1.712E+01  0.000E+00  1.398E+01  1.456E+01  2.192E+01  2.752E+01  3.806E+01
 180  04 05 04  3.390E+22  7.446E+00  5.65960E-18  2.47139E-01  1.29288E+01  3.36150E+03  1.62968E-02  7.62861E+00  7.90961E+00  7.452E+00  2.382E-01  2.439E-02  7.477E+00  2.468E-01  2.168E-02  7.452E+00  2.382E-01  2.439E-02  7.477E+00  2.468E-01  2.168E-02  1.845E+22  0.000E+00 -3.646E+00 -7.080E-01  9.122E+00  1.002E+01  4.618E+00  1.572E+20  0.000E+00 -2.268E-02 -4.490E-03  1.186E-01  2.047E-01  1.795E-01  1.800E+01  0.000E+00  1.545E+01  1.553E+01  2.227E+01  2.779E+01  3.821E+01  1.908E+22  0.000E+00 -3.646E+00 -6.368E-01  9.668E+00  1.054E+01  4.846E+00  1.638E+20  0.000E+00 -2.266E-02 -3.798E-03  1.261E-01  2.159E-01  1.885E-01  1.808E+01  0.000E+00  1.544E+01  1.515E+01  2.232E+01  2.783E+01  3.823E+01
 181  04 05 05  3.390E+22  7.730E+00  1.72130E-18  2.47161E-01  1.49621E+01  3.89014E+03  1.88597E-02  7.75311E+00  7.93161E+00  7.584E+00  2.350E-01  1.891E-02  7.606E+00  2.458E-01  1.685E-02  7.584E+00  2.350E-01  1.891E-02  7.606E+00  2.458E-01  1.685E-02  1.411E+22  0.000E+00 -2.602E+00 -2.352E-01  8.768E+00  9.840E+00  4.642E+00  1.562E+20  0.000E+00 -2.338E-02 -1.237E-03  1.339E-01  2.220E-01  1.898E-01  2.090E+01  0.000E+00  1.928E+01  1.527E+01  2.434E+01  2.928E+01  3.924E+01  1.477E+22  0.000E+00 -2.602E+00 -1.570E-01  9.369E+00  1.044E+01  4.910E+00  1.642E+20  0.000E+00 -2.334E-02 -3.459E-04  1.432E-01  2.357E-01  2.008E-01  2.097E+01  0.000E+00  1.927E+01  1.327E+01  2.436E+01  2.929E+01  3.925E+01
 182  04 05 06  3.390E+22  7.945E+00  4.63080E-19  2.47123E-01  1.99995E+01  5.19988E+03  2.52094E-02  7.88612E+00  7.97284E+00  6.224E+00  6.739E-01  3.712E+01  6.483E+00  6.035E-01  2.673E+01  7.726E+00  2.250E-01  1.454E-02  7.750E+00  2.441E-01  1.238E-02  8.228E+21  0.000E+00 -1.439E+00  8.277E-02  6.686E+00  8.157E+00  4.193E+00  1.507E+20  0.000E+00 -2.394E-02  2.663E-03  1.474E-01  2.345E-01  1.953E-01  2.800E+01  0.000E+00  2.763E+01  3.687E+01  3.003E+01  3.341E+01  4.198E+01  8.961E+21  0.000E+00 -1.439E+00  1.777E-01  7.456E+00  9.015E+00  4.613E+00  1.644E+20  0.000E+00 -2.386E-02  4.316E-03  1.638E-01  2.586E-01  2.146E-01  2.809E+01  0.000E+00  2.762E+01  3.386E+01  3.000E+01  3.338E+01  4.195E+01
 183  04 05 07  3.390E+22  8.069E+00  1.12900E-19  2.47044E-01  2.93907E+01  7.64158E+03  3.70469E-02  7.98359E+00  8.01461E+00  6.638E+00  4.559E-01  2.268E+01  6.931E+00  4.550E-01  1.397E+01  7.819E+00  1.998E-01  1.335E-02  7.858E+00  2.421E-01  9.728E-03  3.435E+21  0.000E+00 -6.456E-01  9.079E-02  3.386E+00  4.676E+00  2.872E+00  1.340E+20  0.000E+00 -2.432E-02  4.552E-03  1.432E-01  2.220E-01  1.816E-01  4.344E+01  0.000E+00  4.399E+01  5.088E+01  4.393E+01  4.481E+01  4.989E+01  4.226E+21  0.000E+00 -6.456E-01  1.999E-01  4.313E+00  5.871E+00  3.575E+00  1.641E+20  0.000E+00 -2.416E-02  8.340E-03  1.799E-01  2.755E-01  2.243E-01  4.342E+01  0.000E+00  4.392E+01  4.548E+01  4.364E+01  4.455E+01  4.968E+01
 184  04 06 03  3.390E+22  7.098E+00  1.92180E-17  5.82683E-01  3.94470E+01  1.02562E+04  4.97229E-02  7.75289E+00  8.00396E+00  7.549E+00  4.861E-01  2.339E-02  4.998E+00  5.205E+00  9.976E+01  7.549E+00  4.861E-01  2.339E-02  7.639E+00  5.722E-01  1.491E-02  2.313E+22  0.000E+00 -4.397E+00 -1.210E+00  1.102E+01  1.371E+01  7.313E+00  3.232E+20  0.000E+00 -5.220E-02 -7.058E-03  2.674E-01  4.485E-01  3.855E-01  1.912E+01  0.000E+00  1.546E+01  1.514E+01  2.697E+01  3.294E+01  4.352E+01  2.403E+22  0.000E+00 -4.397E+00 -1.088E+00  1.210E+01  1.520E+01  8.330E+00  3.872E+20  0.000E+00 -5.218E-02  6.242E-04  3.447E-01  5.616E-01  4.757E-01  1.971E+01  0.000E+00  1.546E+01  1.403E+01  2.868E+01  3.480E+01  4.531E+01
 185  04 06 04  3.390E+22  7.352E+00  7.16410E-18  5.82734E-01  3.33731E+01  8.67702E+03  4.20668E-02  7.74670E+00  7.99358E+00  7.558E+00  5.172E-01  2.173E-02  7.618E+00  5.753E-01  1.612E-02  7.558E+00  5.172E-01  2.173E-02  7.618E+00  5.753E-01  1.612E-02  2.310E+22  0.000E+00 -4.219E+00 -1.018E+00  1.221E+01  1.529E+01  8.163E+00  3.436E+20  0.000E+00 -5.291E-02 -5.838E-03  2.871E-01  4.801E-01  4.121E-01  2.092E+01  0.000E+00  1.754E+01  1.597E+01  2.790E+01  3.327E+01  4.313E+01  2.396E+22  0.000E+00 -4.219E+00 -9.028E-01  1.322E+01  1.665E+01  9.022E+00  3.869E+20  0.000E+00 -5.288E-02 -6.460E-04  3.392E-01  5.563E-01  4.730E-01  2.146E+01  0.000E+00  1.754E+01  1.472E+01  2.911E+01  3.437E+01  4.402E+01
 186  04 06 05  3.390E+22  7.615E+00  2.36640E-18  5.82750E-01  2.91033E+01  7.56685E+03  3.66846E-02  7.77756E+00  7.97477E+00  7.603E+00  5.402E-01  1.931E-02  5.153E+00  4.427E+00  9.108E+01  7.603E+00  5.402E-01  1.931E-02  7.637E+00  5.775E-01  1.608E-02  1.970E+22  0.000E+00 -3.394E+00 -5.629E-01  1.235E+01  1.582E+01  8.631E+00  3.592E+20  0.000E+00 -5.407E-02 -2.548E-03  3.136E-01  5.173E-01  4.405E-01  2.474E+01  0.000E+00  2.228E+01  1.696E+01  3.047E+01  3.486E+01  4.384E+01  2.046E+22  0.000E+00 -3.394E+00 -4.593E-01  1.323E+01  1.694E+01  9.284E+00  3.868E+20  0.000E+00 -5.395E-02  8.995E-04  3.469E-01  5.660E-01  4.794E-01  2.527E+01  0.000E+00  2.228E+01  1.498E+01  3.117E+01  3.534E+01  4.415E+01
 187  04 06 06  3.390E+22  7.826E+00  7.84970E-19  5.82429E-01  3.02095E+01  7.85446E+03  3.80790E-02  7.84550E+00  7.97175E+00  5.579E+00  2.681E+00  6.835E+01  6.167E+00  1.789E+00  3.914E+01  7.672E+00  5.257E-01  1.698E-02  7.705E+00  5.764E-01  1.403E-02  1.347E+22  0.000E+00 -2.243E+00 -1.156E-01  1.021E+01  1.361E+01  7.866E+00  3.504E+20  0.000E+00 -5.507E-02  2.005E-03  3.269E-01  5.283E-01  4.441E-01  3.152E+01  0.000E+00  3.056E+01  1.467E+01  3.566E+01  3.887E+01  4.641E+01  1.434E+22  0.000E+00 -2.243E+00 -4.350E-03  1.121E+01  1.494E+01  8.670E+00  3.870E+20  0.000E+00 -5.498E-02  6.180E-03  3.704E-01  5.923E-01  4.953E-01  3.240E+01  0.000E+00  3.056E+01  4.691E+01  3.651E+01  3.946E+01  4.676E+01
 188  04 06 07  3.390E+22  7.987E+00  2.28270E-19  5.82449E-01  3.70590E+01  9.63535E+03  4.67128E-02  7.92998E+00  7.99508E+00  6.434E+00  1.337E+00  2.923E+01  6.689E+00  1.240E+00  2.027E+01  7.768E+00  5.155E-01  1.410E-02  7.797E+00  5.715E-01  1.146E-02  7.281E+21  0.000E+00 -1.205E+00  1.084E-01  6.672E+00  9.447E+00  6.131E+00  3.454E+20  0.000E+00 -5.592E-02  8.562E-03  3.520E-01  5.533E-01  4.570E-01  4.579E+01  0.000E+00  4.612E+01  6.359E+01  4.820E+01  4.956E+01  5.437E+01  8.006E+21  0.000E+00 -1.205E+00  2.118E-01  7.538E+00  1.061E+01  6.887E+00  3.857E+20  0.000E+00 -5.570E-02  1.383E-02  4.011E-01  6.249E-01  5.140E-01  4.665E+01  0.000E+00  4.612E+01  5.748E+01  4.872E+01  4.988E+01  5.449E+01
 189  04 06 08  3.390E+22  8.085E+00  5.85330E-20  5.82551E-01  5.15250E+01  1.33965E+04  6.49472E-02  7.99914E+00  8.02529E+00  6.534E+00  1.065E+00  2.667E+01  6.975E+00  1.048E+00  1.305E+01  7.820E+00  4.312E-01  1.512E-02  7.874E+00  5.705E-01  9.567E-03  2.818E+21  0.000E+00 -5.454E-01  6.276E-02  2.886E+00  4.288E+00  3.126E+00  2.878E+20  0.000E+00 -5.675E-02  8.480E-03  3.092E-01  4.796E-01  3.919E-01  7.085E+01  0.000E+00  7.361E+01  8.491E+01  7.203E+01  7.191E+01  7.340E+01  3.672E+21  0.000E+00 -5.454E-01  1.822E-01  3.931E+00  5.760E+00  4.205E+00  3.868E+20  0.000E+00 -5.660E-02  2.098E-02  4.303E-01  6.563E-01  5.326E-01  7.340E+01  0.000E+00  7.361E+01  7.808E+01  7.379E+01  7.328E+01  7.419E+01
 190  04 07 04  3.390E+22  7.347E+00  7.03120E-18  1.37372E+00  9.42050E+01  2.44933E+04  1.18745E-01  7.87646E+00  8.02207E+00  7.518E+00  8.177E-01  4.444E-02  6.403E+00  3.559E+00  3.007E+01  7.518E+00  8.177E-01  4.444E-02  7.753E+00  1.350E+00  1.307E-02  2.404E+22  0.000E+00 -4.267E+00 -1.214E+00  1.245E+01  1.629E+01  9.251E+00  5.227E+20  0.000E+00 -1.241E-01 -2.560E-02  4.347E-01  7.408E-01  6.362E-01  2.172E+01  0.000E+00  1.816E+01  1.709E+01  3.002E+01  3.615E+01  4.739E+01  2.500E+22  0.000E+00 -4.267E+00 -1.083E+00  1.364E+01  1.798E+01  1.058E+01  9.126E+20  0.000E+00 -1.240E-01  2.128E-02  9.090E-01  1.434E+00  1.189E+00  2.243E+01  0.000E+00  1.816E+01  1.570E+01  3.252E+01  3.917E+01  5.231E+01
 191  04 07 05  3.390E+22  7.549E+00  2.95600E-18  1.37350E+00  8.42684E+01  2.19098E+04  1.06220E-01  7.87603E+00  8.02031E+00  7.610E+00  9.760E-01  2.862E-02  6.384E+00  3.606E+00  3.072E+01  7.610E+00  9.760E-01  2.862E-02  7.748E+00  1.352E+00  1.321E-02  2.205E+22  0.000E+00 -3.720E+00 -8.963E-01  1.297E+01  1.741E+01  1.022E+01  6.378E+20  0.000E+00 -1.253E-01 -1.369E-02  5.700E-01  9.417E-01  7.976E-01  2.499E+01  0.000E+00  2.225E+01  1.816E+01  3.333E+01  3.878E+01  4.952E+01  2.293E+22  0.000E+00 -3.720E+00 -7.719E-01  1.406E+01  1.897E+01  1.143E+01  9.120E+20  0.000E+00 -1.252E-01  2.064E-02  9.050E-01  1.430E+00  1.187E+00  2.587E+01  0.000E+00  2.225E+01  1.633E+01  3.559E+01  4.133E+01  5.345E+01
 192  04 07 06  3.390E+22  7.763E+00  9.75000E-19  1.37366E+00  7.07149E+01  1.83859E+04  8.91360E-02  7.89303E+00  8.02888E+00  7.682E+00  1.096E+00  2.063E-02  6.464E+00  3.415E+00  2.772E+01  7.682E+00  1.096E+00  2.063E-02  7.758E+00  1.355E+00  1.303E-02  1.652E+22  0.000E+00 -2.651E+00 -3.505E-01  1.188E+01  1.659E+01  1.038E+01  7.249E+20  0.000E+00 -1.273E-01 -4.953E-05  6.878E-01  1.110E+00  9.298E-01  3.308E+01  0.000E+00  3.172E+01  1.829E+01  4.048E+01  4.488E+01  5.434E+01  1.739E+22  0.000E+00 -2.651E+00 -2.294E-01  1.294E+01  1.811E+01  1.155E+01  9.124E+20  0.000E+00 -1.272E-01  2.339E-02  9.163E-01  1.444E+00  1.195E+00  3.447E+01  0.000E+00  3.172E+01  3.887E+01  4.315E+01  4.766E+01  5.784E+01
 193  04 07 07  3.390E+22  7.917E+00  3.37610E-19  1.37371E+00  6.60805E+01  1.71809E+04  8.32943E-02  7.92434E+00  8.00837E+00  6.101E+00  3.830E+00  4.332E+01  6.632E+00  3.049E+00  2.210E+01  7.740E+00  1.148E+00  1.694E-02  7.789E+00  1.353E+00  1.212E-02  1.060E+22  0.000E+00 -1.684E+00 -8.687E-03  9.029E+00  1.312E+01  8.889E+00  7.642E+20  0.000E+00 -1.293E-01  1.128E-02  7.624E-01  1.209E+00  1.003E+00  4.663E+01  0.000E+00  4.737E+01  6.811E+01  5.250E+01  5.574E+01  6.345E+01  1.141E+22  0.000E+00 -1.684E+00  1.062E-01  1.002E+01  1.454E+01  9.962E+00  9.119E+20  0.000E+00 -1.290E-01  3.015E-02  9.426E-01  1.472E+00  1.212E+00  4.913E+01  0.000E+00  4.737E+01  8.232E+01  5.597E+01  5.906E+01  6.662E+01
 194  04 07 08  3.390E+22  8.030E+00  1.04440E-19  1.37288E+00  7.31538E+01  1.90200E+04  9.22103E-02  7.97103E+00  8.01487E+00  6.383E+00  2.930E+00  3.195E+01  6.849E+00  2.666E+00  1.606E+01  7.789E+00  1.074E+00  1.599E-02  7.841E+00  1.350E+00  1.068E-02  5.419E+21  0.000E+00 -9.153E-01  8.429E-02  5.246E+00  7.870E+00  5.774E+00  7.158E+20  0.000E+00 -1.312E-01  1.670E-02  7.471E-01  1.169E+00  9.610E-01  7.018E+01  0.000E+00  7.498E+01  8.069E+01  7.394E+01  7.583E+01  8.076E+01  6.273E+21  0.000E+00 -9.153E-01  2.037E-01  6.296E+00  9.371E+00  6.926E+00  9.126E+20  0.000E+00 -1.310E-01  4.140E-02  9.871E-01  1.520E+00  1.240E+00  7.581E+01  0.000E+00  7.498E+01  9.538E+01  8.027E+01  8.163E+01  8.564E+01
 195  04 08 06  3.390E+22  7.736E+00  1.09430E-18  3.23876E+00  2.06677E+02  5.37360E+04  2.60516E-01  7.95224E+00  8.03199E+00  4.252E+00  6.958E+00  3.533E+01  6.729E+00  6.804E+00  1.952E+01  4.252E+00  6.958E+00  3.533E+01  7.822E+00  3.187E+00  1.206E-02  1.761E+22  0.000E+00 -2.783E+00 -5.689E-01  1.181E+01  1.676E+01  1.067E+01  2.876E+20  0.000E+00 -2.956E-01 -1.451E-01  9.505E-03  2.169E-01  2.517E-01  3.276E+01  0.000E+00  3.136E+01  2.420E+01  4.022E+01  4.544E+01  5.573E+01  1.856E+22  0.000E+00 -2.783E+00 -4.360E-01  1.300E+01  1.848E+01  1.203E+01  2.152E+21  0.000E+00 -2.952E-01  8.239E-02  2.289E+00  3.544E+00  2.901E+00  3.434E+01  0.000E+00  3.136E+01  1.979E+01  4.390E+01  4.940E+01  6.141E+01
 196  04 08 07  3.390E+22  7.885E+00  3.95530E-19  3.23855E+00  1.80370E+02  4.68963E+04  2.27357E-01  7.96196E+00  8.03049E+00  7.412E+00  1.279E+00  1.051E-01  6.775E+00  6.609E+00  1.819E+01  7.412E+00  1.279E+00  1.051E-01  7.830E+00  3.187E+00  1.169E-02  1.203E+22  0.000E+00 -1.875E+00 -1.933E-01  9.436E+00  1.400E+01  9.656E+00  7.604E+20  0.000E+00 -2.989E-01 -8.201E-02  6.073E-01  1.082E+00  9.363E-01  4.607E+01  0.000E+00  4.729E+01  2.857E+01  5.363E+01  5.721E+01  6.562E+01  1.297E+22  0.000E+00 -1.875E+00 -6.249E-02  1.061E+01  1.569E+01  1.099E+01  2.152E+21  0.000E+00 -2.985E-01  8.805E-02  2.308E+00  3.564E+00  2.913E+00  4.930E+01  0.000E+00  4.729E+01  1.321E+02  5.951E+01  6.306E+01  7.281E+01
 197  04 08 08  3.390E+22  7.993E+00  1.38450E-19  3.23769E+00  1.57258E+02  4.08871E+04  1.98224E-01  7.98194E+00  8.03934E+00  7.671E+00  1.694E+00  3.640E-02  6.863E+00  6.259E+00  1.586E+01  7.671E+00  1.694E+00  3.640E-02  7.850E+00  3.183E+00  1.100E-02  7.147E+21  0.000E+00 -1.157E+00  7.413E-03  6.437E+00  9.829E+00  7.285E+00  1.086E+21  0.000E+00 -3.028E-01 -2.946E-02  1.050E+00  1.709E+00  1.426E+00  6.837E+01  0.000E+00  7.472E+01  1.587E+02  7.570E+01  7.731E+01  8.305E+01  8.095E+21  0.000E+00 -1.157E+00  1.376E-01  7.611E+00  1.153E+01  8.623E+00  2.151E+21  0.000E+00 -3.025E-01  9.991E-02  2.349E+00  3.608E+00  2.938E+00  7.596E+01  0.000E+00  7.472E+01  1.396E+02  8.642E+01  8.761E+01  9.429E+01
 198  04 08 09  3.390E+22  8.067E+00  4.64400E-20  3.23735E+00  1.55174E+02  4.03451E+04  1.95596E-01  8.00414E+00  8.03001E+00  7.740E+00  1.755E+00  2.863E-02  6.958E+00  5.916E+00  1.360E+01  7.740E+00  1.755E+00  2.863E-02  7.875E+00  3.178E+00  1.018E-02  3.658E+21  0.000E+00 -6.586E-01  3.945E-02  3.608E+00  5.586E+00  4.350E+00  1.139E+21  0.000E+00 -3.070E-01 -9.550E-03  1.164E+00  1.855E+00  1.531E+00  1.027E+02  0.000E+00  1.203E+02  9.255E+01  1.080E+02  1.087E+02  1.120E+02  4.592E+21  0.000E+00 -6.586E-01  1.681E-01  4.765E+00  7.257E+00  5.668E+00  2.151E+21  0.000E+00 -3.067E-01  1.143E-01  2.401E+00  3.661E+00  2.969E+00  1.210E+02  0.000E+00  1.203E+02  1.566E+02  1.292E+02  1.291E+02  1.328E+02
 199  04 09 08  3.390E+22  7.976E+00  1.58110E-19  7.63457E+00  4.59750E+02  1.19535E+05  5.79515E-01  8.00271E+00  8.03763E+00  7.740E+00  1.755E+00  2.863E-02  6.912E+00  1.441E+01  1.485E+01  7.740E+00  1.755E+00  2.863E-02  7.871E+00  7.510E+00  1.116E-02  7.883E+21  0.000E+00 -1.246E+00 -1.053E-01  6.607E+00  1.027E+01  7.650E+00 -4.925E+21  0.000E+00 -7.007E-01 -9.367E-01 -6.567E+00 -9.226E+00 -7.217E+00  6.641E+01  0.000E+00  7.300E+01  3.150E+02  7.162E+01  7.464E+01  8.165E+01  8.890E+21  0.000E+00 -1.246E+00  3.212E-02  7.860E+00  1.208E+01  9.087E+00  5.074E+21  0.000E+00 -7.001E-01  2.538E-01  5.649E+00  8.630E+00  6.999E+00  7.424E+01  0.000E+00  7.300E+01  2.151E+02  8.429E+01  8.649E+01  9.474E+01
 200  04 09 09  3.390E+22  8.048E+00  5.72060E-20  7.63388E+00  4.01631E+02  1.04424E+05  5.06255E-01  8.01556E+00  8.03825E+00  7.740E+00  1.755E+00  2.863E-02  6.970E+00  1.393E+01  1.348E+01  7.740E+00  1.755E+00  2.863E-02  7.885E+00  7.501E+00  1.057E-02  4.472E+21  0.000E+00 -7.682E-01 -2.018E-02  4.094E+00  6.459E+00  5.068E+00 -2.477E+21  0.000E+00 -7.083E-01 -6.265E-01 -3.510E+00 -4.789E+00 -3.699E+00  9.905E+01  0.000E+00  1.177E+02  5.618E+02  1.063E+02  1.068E+02  1.103E+02  5.473E+21  0.000E+00 -7.682E-01  1.160E-01  5.337E+00  8.259E+00  6.495E+00  5.073E+21  0.000E+00 -7.077E-01  2.750E-01  5.717E+00  8.698E+00  7.039E+00  1.185E+02  0.000E+00  1.177E+02  2.178E+02  1.324E+02  1.314E+02  1.357E+02
 201  04 10 09  3.390E+22  8.047E+00  5.65930E-20  1.79955E+01  1.12991E+03  2.93776E+05  1.42425E+00  8.02088E+00  8.03943E+00  7.740E+00  1.755E+00  2.863E-02  6.965E+00  3.303E+01  1.370E+01  7.740E+00  1.755E+00  2.863E-02  7.889E+00  1.770E+01  1.102E-02  4.489E+21  0.000E+00 -7.647E-01 -1.067E-01  3.679E+00  5.996E+00  4.828E+00 -5.207E+22  0.000E+00 -1.643E+00 -6.825E+00 -6.457E+01 -9.372E+01 -7.439E+01  1.001E+02  0.000E+00  1.205E+02  1.691E+03  1.074E+02  1.084E+02  1.116E+02  5.536E+21  0.000E+00 -7.647E-01  3.418E-02  4.978E+00  7.879E+00  6.322E+00  1.196E+22  0.000E+00 -1.642E+00  6.464E-01  1.354E+01  2.058E+01  1.664E+01  1.211E+02  0.000E+00  1.205E+02  3.135E+02  1.367E+02  1.360E+02  1.400E+02
 202  04 10 10  3.390E+22  8.089E+00  2.28540E-20  1.79986E+01  1.03961E+03  2.70299E+05  1.31043E+00  8.02931E+00  8.04056E+00  7.740E+00  1.755E+00  2.863E-02  7.002E+00  3.232E+01  1.285E+01  7.740E+00  1.755E+00  2.863E-02  7.898E+00  1.769E+01  1.058E-02  2.502E+21  0.000E+00 -4.928E-01 -8.098E-02  2.116E+00  3.509E+00  2.905E+00 -4.195E+22  0.000E+00 -1.658E+00 -5.619E+00 -5.214E+01 -7.556E+01 -5.996E+01  1.388E+02  0.000E+00  1.865E+02  1.534E+03  1.418E+02  1.439E+02  1.459E+02  3.544E+21  0.000E+00 -4.928E-01  5.908E-02  3.411E+00  5.385E+00  4.394E+00  1.196E+22  0.000E+00 -1.657E+00  6.808E-01  1.365E+01  2.069E+01  1.670E+01  1.875E+02  0.000E+00  1.865E+02  3.554E+02  2.104E+02  2.054E+02  2.055E+02
 203  05 04 01  6.790E+22  6.612E+00  1.18920E-16  1.04821E-01  6.43254E+00  1.67246E+03  8.10821E-03  6.88788E+00  7.25368E+00  6.545E+00  1.152E-01  2.026E-01  6.582E+00  1.186E-01  1.793E-01  6.545E+00  1.152E-01  2.026E-01  6.582E+00  1.186E-01  1.793E-01  1.194E+22  0.000E+00 -2.028E+00 -1.122E+00  1.995E+00  2.715E+00  1.385E+00  6.665E+19  0.000E+00 -6.499E-03 -6.220E-03  1.948E-02  4.717E-02  4.974E-02  1.447E+01  0.000E+00  1.097E+01  1.442E+01  1.916E+01  2.554E+01  3.672E+01  1.241E+22  0.000E+00 -2.028E+00 -1.122E+00  2.154E+00  2.885E+00  1.462E+00  6.955E+19  0.000E+00 -6.496E-03 -6.218E-03  2.108E-02  5.017E-02  5.255E-02  1.450E+01  0.000E+00  1.096E+01  1.442E+01  1.918E+01  2.555E+01  3.673E+01
 204  05 04 02  6.790E+22  6.760E+00  3.92950E-17  1.04830E-01  5.89526E+00  1.53277E+03  7.43097E-03  6.93657E+00  7.22545E+00  6.593E+00  1.151E-01  1.812E-01  6.622E+00  1.185E-01  1.644E-01  6.593E+00  1.151E-01  1.812E-01  6.622E+00  1.185E-01  1.644E-01  1.190E+22  2.000E-19 -2.251E+00 -1.108E+00  2.137E+00  2.838E+00  1.432E+00  6.689E+19  0.000E+00 -7.156E-03 -6.188E-03  2.078E-02  4.925E-02  5.142E-02  1.452E+01  2.400E+01  1.094E+01  1.448E+01  1.910E+01  2.554E+01  3.671E+01  1.236E+22  2.000E-19 -2.251E+00 -1.107E+00  2.285E+00  2.996E+00  1.504E+00  6.959E+19  0.000E+00 -7.152E-03 -6.186E-03  2.224E-02  5.202E-02  5.401E-02  1.454E+01  2.400E+01  1.094E+01  1.448E+01  1.911E+01  2.554E+01  3.672E+01
 205  05 04 03  6.790E+22  6.932E+00  1.25270E-17  1.04853E-01  6.39012E+00  1.66143E+03  8.05474E-03  7.03360E+00  7.23454E+00  6.717E+00  1.130E-01  1.352E-01  6.737E+00  1.163E-01  1.256E-01  6.717E+00  1.130E-01  1.352E-01  6.737E+00  1.163E-01  1.256E-01  1.137E+22  0.000E+00 -2.170E+00 -1.003E+00  2.408E+00  3.065E+00  1.518E+00  6.718E+19  0.000E+00 -7.527E-03 -5.888E-03  2.400E-02  5.398E-02  5.489E-02  1.492E+01  0.000E+00  1.146E+01  1.486E+01  1.938E+01  2.571E+01  3.686E+01  1.177E+22  0.000E+00 -2.168E+00 -1.003E+00  2.543E+00  3.208E+00  1.583E+00  6.961E+19  0.000E+00 -7.512E-03 -5.881E-03  2.534E-02  5.649E-02  5.724E-02  1.493E+01  0.000E+00  1.145E+01  1.486E+01  1.937E+01  2.571E+01  3.686E+01
 206  05 04 04  6.790E+22  7.088E+00  3.54870E-18  1.04741E-01  8.08321E+00  2.10163E+03  1.01889E-02  7.15152E+00  7.26513E+00  6.861E+00  1.068E-01  9.741E-02  6.885E+00  1.134E-01  8.811E-02  6.861E+00  1.068E-01  9.741E-02  6.885E+00  1.134E-01  8.811E-02  9.657E+21  0.000E+00 -1.806E+00 -7.988E-01  2.528E+00  3.140E+00  1.542E+00  6.500E+19  0.000E+00 -7.867E-03 -5.333E-03  2.716E-02  5.768E-02  5.691E-02  1.600E+01  0.000E+00  1.301E+01  1.593E+01  2.016E+01  2.629E+01  3.721E+01  1.034E+22  0.000E+00 -1.805E+00 -7.982E-01  2.769E+00  3.402E+00  1.663E+00  6.961E+19  0.000E+00 -7.845E-03 -5.325E-03  2.972E-02  6.248E-02  6.140E-02  1.601E+01  0.000E+00  1.300E+01  1.592E+01  2.016E+01  2.629E+01  3.721E+01
 207  05 04 05  6.790E+22  7.194E+00  8.98360E-19  1.04768E-01  1.14550E+01  2.97831E+03  1.44391E-02  7.25112E+00  7.30245E+00  6.979E+00  9.762E-02  7.757E-02  7.011E+00  1.113E-01  6.595E-02  6.979E+00  9.762E-02  7.757E-02  7.011E+00  1.113E-01  6.595E-02  6.650E+21  0.000E+00 -1.174E+00 -5.274E-01  2.209E+00  2.841E+00  1.437E+00  6.058E+19  0.000E+00 -8.192E-03 -4.751E-03  2.867E-02  5.824E-02  5.603E-02  1.892E+01  0.000E+00  1.707E+01  1.880E+01  2.230E+01  2.784E+01  3.831E+01  7.698E+21  0.000E+00 -1.174E+00 -5.270E-01  2.631E+00  3.330E+00  1.674E+00  6.988E+19  0.000E+00 -8.148E-03 -4.736E-03  3.398E-02  6.811E-02  6.519E-02  1.890E+01  0.000E+00  1.704E+01  1.878E+01  2.224E+01  2.781E+01  3.829E+01
 208  05 05 01  6.790E+22  6.595E+00  1.33610E-16  2.47083E-01  1.86822E+01  4.85736E+03  2.35488E-02  7.06772E+00  7.29572E+00  6.693E+00  2.289E-01  1.699E-01  6.802E+00  2.698E-01  1.156E-01  6.693E+00  2.289E-01  1.699E-01  6.802E+00  2.698E-01  1.156E-01  1.673E+22  0.000E+00 -2.514E+00 -1.599E+00  3.468E+00  5.085E+00  2.755E+00  1.344E+20  0.000E+00 -1.615E-02 -1.324E-02  4.706E-02  1.073E-01  1.092E-01  1.659E+01  0.000E+00  1.393E+01  1.673E+01  2.224E+01  2.800E+01  3.853E+01  1.838E+22  0.000E+00 -2.514E+00 -1.599E+00  4.275E+00  6.223E+00  3.398E+00  1.643E+20  0.000E+00 -1.614E-02 -1.324E-02  6.379E-02  1.387E-01  1.385E-01  1.735E+01  0.000E+00  1.393E+01  1.672E+01  2.341E+01  2.882E+01  3.908E+01
 209  05 05 02  6.790E+22  6.722E+00  4.66390E-17  2.47136E-01  1.63617E+01  4.25405E+03  2.06240E-02  7.06374E+00  7.29257E+00  6.712E+00  2.434E-01  1.545E-01  6.785E+00  2.714E-01  1.184E-01  6.712E+00  2.434E-01  1.545E-01  6.785E+00  2.714E-01  1.184E-01  1.839E+22  0.000E+00 -2.955E+00 -1.722E+00  3.978E+00  5.683E+00  3.024E+00  1.435E+20  0.000E+00 -1.680E-02 -1.342E-02  5.126E-02  1.159E-01  1.176E-01  1.666E+01  0.000E+00  1.366E+01  1.662E+01  2.182E+01  2.758E+01  3.819E+01  1.983E+22  0.000E+00 -2.955E+00 -1.721E+00  4.646E+00  6.567E+00  3.496E+00  1.641E+20  0.000E+00 -1.679E-02 -1.342E-02  6.283E-02  1.375E-01  1.378E-01  1.712E+01  0.000E+00  1.366E+01  1.662E+01  2.241E+01  2.797E+01  3.845E+01
 210  05 05 03  6.790E+22  6.868E+00  1.63200E-17  2.47099E-01  1.40531E+01  3.65381E+03  1.77139E-02  7.08043E+00  7.28334E+00  6.749E+00  2.520E-01  1.363E-01  6.796E+00  2.717E-01  1.146E-01  6.749E+00  2.520E-01  1.363E-01  6.796E+00  2.717E-01  1.146E-01  1.899E+22  0.000E+00 -3.125E+00 -1.724E+00  4.450E+00  6.190E+00  3.244E+00  1.498E+20  0.000E+00 -1.744E-02 -1.340E-02  5.573E-02  1.239E-01  1.249E-01  1.704E+01  0.000E+00  1.411E+01  1.690E+01  2.167E+01  2.741E+01  3.802E+01  2.025E+22  0.000E+00 -3.125E+00 -1.724E+00  4.995E+00  6.867E+00  3.589E+00  1.641E+20  0.000E+00 -1.742E-02 -1.339E-02  6.376E-02  1.389E-01  1.389E-01  1.729E+01  0.000E+00  1.411E+01  1.690E+01  2.191E+01  2.757E+01  3.812E+01
 211  05 05 04  6.790E+22  7.011E+00  5.45980E-18  2.47086E-01  1.35904E+01  3.53351E+03  1.71307E-02  7.13070E+00  7.27389E+00  6.821E+00  2.509E-01  1.127E-01  6.854E+00  2.690E-01  9.867E-02  6.821E+00  2.509E-01  1.127E-01  6.854E+00  2.690E-01  9.867E-02  1.730E+22  0.000E+00 -2.770E+00 -1.498E+00  4.647E+00  6.380E+00  3.340E+00  1.511E+20  0.000E+00 -1.797E-02 -1.288E-02  6.076E-02  1.312E-01  1.304E-01  1.817E+01  0.000E+00  1.571E+01  1.801E+01  2.230E+01  2.787E+01  3.828E+01  1.850E+22  0.000E+00 -2.769E+00 -1.498E+00  5.152E+00  7.000E+00  3.652E+00  1.639E+20  0.000E+00 -1.792E-02 -1.286E-02  6.793E-02  1.446E-01  1.429E-01  1.834E+01  0.000E+00  1.570E+01  1.800E+01  2.241E+01  2.795E+01  3.833E+01
 212  05 05 05  6.790E+22  7.129E+00  1.68400E-18  2.47154E-01  1.55736E+01  4.04913E+03  1.96305E-02  7.20239E+00  7.28892E+00  6.911E+00  2.403E-01  9.091E-02  6.944E+00  2.654E-01  7.862E-02  6.911E+00  2.403E-01  9.091E-02  6.944E+00  2.654E-01  7.862E-02  1.306E+22  0.000E+00 -2.006E+00 -1.076E+00  4.237E+00  5.972E+00  3.221E+00  1.469E+20  0.000E+00 -1.858E-02 -1.197E-02  6.505E-02  1.356E-01  1.322E-01  2.101E+01  0.000E+00  1.951E+01  2.087E+01  2.430E+01  2.942E+01  3.933E+01  1.440E+22  0.000E+00 -2.006E+00 -1.076E+00  4.845E+00  6.751E+00  3.627E+00  1.642E+20  0.000E+00 -1.850E-02 -1.194E-02  7.476E-02  1.537E-01  1.491E-01  2.121E+01  0.000E+00  1.950E+01  2.085E+01  2.440E+01  2.948E+01  3.936E+01
 213  05 05 06  6.790E+22  7.211E+00  4.50800E-19  2.46997E-01  2.06145E+01  5.35976E+03  2.59845E-02  7.27051E+00  7.31604E+00  6.989E+00  2.188E-01  7.853E-02  7.031E+00  2.618E-01  6.279E-02  6.989E+00  2.188E-01  7.853E-02  7.031E+00  2.618E-01  6.279E-02  7.203E+21  0.000E+00 -1.112E+00 -5.865E-01  2.892E+00  4.500E+00  2.682E+00  1.352E+20  0.000E+00 -1.921E-02 -1.095E-02  6.501E-02  1.316E-01  1.263E-01  2.829E+01  0.000E+00  2.809E+01  2.824E+01  3.030E+01  3.376E+01  4.222E+01  8.683E+21  0.000E+00 -1.112E+00 -5.865E-01  3.646E+00  5.576E+00  3.300E+00  1.645E+20  0.000E+00 -1.905E-02 -1.090E-02  8.182E-02  1.628E-01  1.552E-01  2.860E+01  0.000E+00  2.807E+01  2.820E+01  3.035E+01  3.376E+01  4.220E+01
 214  05 06 03  6.790E+22  6.831E+00  2.02210E-17  5.82482E-01  4.16059E+01  1.08175E+04  5.24441E-02  7.17900E+00  7.31217E+00  6.702E+00  4.256E-01  2.088E-01  6.911E+00  6.313E-01  9.344E-02  6.702E+00  4.256E-01  2.088E-01  6.911E+00  6.313E-01  9.344E-02  2.132E+22  0.000E+00 -3.314E+00 -1.995E+00  5.104E+00  7.787E+00  4.486E+00  2.412E+20  0.000E+00 -4.098E-02 -2.901E-02  8.832E-02  2.019E-01  2.038E-01  1.837E+01  0.000E+00  1.540E+01  1.857E+01  2.426E+01  3.029E+01  4.084E+01  2.315E+22  0.000E+00 -3.314E+00 -1.995E+00  6.138E+00  9.618E+00  5.976E+00  3.871E+20  0.000E+00 -4.094E-02 -2.899E-02  1.709E-01  3.563E-01  3.474E-01  1.962E+01  0.000E+00  1.540E+01  1.857E+01  2.763E+01  3.428E+01  4.541E+01
 215  05 06 04  6.790E+22  6.973E+00  6.67740E-18  5.82661E-01  3.55848E+01  9.25205E+03  4.48546E-02  7.18769E+00  7.30950E+00  6.820E+00  5.051E-01  1.359E-01  6.919E+00  6.303E-01  8.991E-02  6.820E+00  5.051E-01  1.359E-01  6.919E+00  6.303E-01  8.991E-02  2.118E+22  0.000E+00 -3.145E+00 -1.884E+00  5.861E+00  9.018E+00  5.347E+00  2.988E+20  0.000E+00 -4.170E-02 -2.883E-02  1.220E-01  2.646E-01  2.619E-01  2.051E+01  0.000E+00  1.763E+01  2.060E+01  2.610E+01  3.196E+01  4.227E+01  2.278E+22  0.000E+00 -3.145E+00 -1.884E+00  6.762E+00  1.056E+01  6.508E+00  3.868E+20  0.000E+00 -4.163E-02 -2.880E-02  1.723E-01  3.580E-01  3.486E-01  2.161E+01  0.000E+00  1.763E+01  2.060E+01  2.838E+01  3.422E+01  4.428E+01
 216  05 06 05  6.790E+22  7.083E+00  2.32530E-18  5.82560E-01  3.14737E+01  8.18316E+03  3.96725E-02  7.21064E+00  7.30741E+00  6.878E+00  5.146E-01  1.114E-01  6.948E+00  6.271E-01  8.210E-02  6.878E+00  5.146E-01  1.114E-01  6.948E+00  6.271E-01  8.210E-02  1.779E+22  0.000E+00 -2.551E+00 -1.524E+00  5.720E+00  9.012E+00  5.507E+00  3.094E+20  0.000E+00 -4.270E-02 -2.815E-02  1.336E-01  2.827E-01  2.770E-01  2.385E+01  0.000E+00  2.219E+01  2.419E+01  2.858E+01  3.378E+01  4.334E+01  1.950E+22  0.000E+00 -2.551E+00 -1.524E+00  6.667E+00  1.061E+01  6.653E+00  3.868E+20  0.000E+00 -4.252E-02 -2.807E-02  1.774E-01  3.646E-01  3.531E-01  2.529E+01  0.000E+00  2.219E+01  2.419E+01  3.067E+01  3.555E+01  4.461E+01
 217  05 06 06  6.790E+22  7.170E+00  7.33840E-19  5.82621E-01  3.22699E+01  8.39017E+03  4.06761E-02  7.24969E+00  7.30890E+00  6.957E+00  5.401E-01  8.759E-02  6.998E+00  6.196E-01  7.108E-02  6.957E+00  5.401E-01  8.759E-02  6.998E+00  6.196E-01  7.108E-02  1.214E+22  0.000E+00 -1.668E+00 -9.733E-01  4.703E+00  7.872E+00  5.242E+00  3.309E+20  0.000E+00 -4.360E-02 -2.666E-02  1.544E-01  3.167E-01  3.057E-01  3.153E+01  0.000E+00  3.096E+01  3.181E+01  3.536E+01  3.926E+01  4.709E+01  1.348E+22  0.000E+00 -1.668E+00 -9.733E-01  5.454E+00  9.105E+00  6.102E+00  3.857E+20  0.000E+00 -4.340E-02 -2.657E-02  1.862E-01  3.753E-01  3.599E-01  3.292E+01  0.000E+00  3.096E+01  3.181E+01  3.665E+01  4.005E+01  4.749E+01
 218  05 06 07  6.790E+22  7.227E+00  2.19810E-19  5.82612E-01  3.87858E+01  1.00843E+04  4.88895E-02  7.29083E+00  7.32247E+00  6.999E+00  4.910E-01  8.284E-02  7.052E+00  6.140E-01  6.121E-02  6.999E+00  4.910E-01  8.284E-02  7.052E+00  6.140E-01  6.121E-02  6.253E+21  0.000E+00 -9.190E-01 -5.085E-01  2.772E+00  4.976E+00  3.718E+00  3.017E+20  0.000E+00 -4.462E-02 -2.504E-02  1.475E-01  2.980E-01  2.850E-01  4.468E+01  0.000E+00  4.632E+01  4.611E+01  4.712E+01  4.949E+01  5.495E+01  7.669E+21  0.000E+00 -9.190E-01 -5.085E-01  3.583E+00  6.363E+00  4.776E+00  3.858E+20  0.000E+00 -4.434E-02 -2.492E-02  1.966E-01  3.883E-01  3.685E-01  4.710E+01  0.000E+00  4.632E+01  4.610E+01  4.897E+01  5.057E+01  5.538E+01
 219  05 07 04  6.790E+22  6.969E+00  6.66620E-18  1.37365E+00  9.98836E+01  2.59697E+04  1.25903E-01  7.24906E+00  7.32025E+00  6.999E+00  4.910E-01  8.284E-02  6.986E+00  1.479E+00  8.178E-02  6.999E+00  4.910E-01  8.284E-02  6.986E+00  1.479E+00  8.178E-02  2.181E+22  0.000E+00 -3.171E+00 -2.003E+00  5.871E+00  9.327E+00  5.645E+00  3.362E+19  0.000E+00 -9.767E-02 -6.393E-02 -6.108E-02 -4.480E-02 -1.468E-02  2.095E+01  0.000E+00  1.818E+01  2.133E+01  2.678E+01  3.260E+01  4.201E+01  2.373E+22  0.000E+00 -3.171E+00 -2.003E+00  6.980E+00  1.136E+01  7.499E+00  9.126E+20  0.000E+00 -9.754E-02 -6.386E-02  4.375E-01  8.877E-01  8.518E-01  2.247E+01  0.000E+00  1.818E+01  2.133E+01  3.079E+01  3.794E+01  5.146E+01
 220  05 07 05  6.790E+22  7.059E+00  2.82660E-18  1.37332E+00  9.17102E+01  2.38446E+04  1.15601E-01  7.25358E+00  7.32193E+00  6.021E+00  6.072E-01  1.815E+00  6.993E+00  1.475E+00  7.886E-02  6.021E+00  6.072E-01  1.815E+00  6.993E+00  1.475E+00  7.886E-02  1.974E+22  0.000E+00 -2.747E+00 -1.754E+00  6.009E+00  9.811E+00  6.202E+00  2.221E+20  0.000E+00 -9.874E-02 -6.347E-02  4.649E-02  1.564E-01  1.721E-01  2.386E+01  0.000E+00  2.213E+01  2.424E+01  2.950E+01  3.505E+01  4.432E+01  2.157E+22  0.000E+00 -2.747E+00 -1.754E+00  7.072E+00  1.175E+01  7.965E+00  9.122E+20  0.000E+00 -9.849E-02 -6.334E-02  4.401E-01  8.903E-01  8.534E-01  2.579E+01  0.000E+00  2.213E+01  2.424E+01  3.371E+01  4.014E+01  5.276E+01
 221  05 07 06  6.790E+22  7.144E+00  9.66310E-19  1.37354E+00  7.89403E+01  2.05245E+04  9.95042E-02  7.26629E+00  7.32137E+00  6.770E+00  7.943E-01  2.150E-01  7.010E+00  1.469E+00  7.351E-02  6.770E+00  7.943E-01  2.150E-01  7.010E+00  1.469E+00  7.351E-02  1.475E+22  0.000E+00 -1.982E+00 -1.249E+00  5.358E+00  9.179E+00  6.279E+00  4.448E+20  0.000E+00 -1.006E-01 -6.232E-02  1.797E-01  4.012E-01  3.974E-01  3.094E+01  0.000E+00  3.110E+01  3.200E+01  3.558E+01  4.048E+01  4.937E+01  1.648E+22  0.000E+00 -1.982E+00 -1.249E+00  6.364E+00  1.101E+01  7.921E+00  9.121E+20  0.000E+00 -1.001E-01 -6.207E-02  4.477E-01  8.991E-01  8.592E-01  3.392E+01  0.000E+00  3.110E+01  3.200E+01  4.060E+01  4.616E+01  5.728E+01
 222  05 07 07  6.790E+22  7.203E+00  3.18190E-19  1.37327E+00  7.24113E+01  1.88269E+04  9.12743E-02  7.28621E+00  7.32578E+00  6.908E+00  9.205E-01  1.303E-01  7.039E+00  1.460E+00  6.659E-02  6.908E+00  9.205E-01  1.303E-01  7.039E+00  1.460E+00  6.659E-02  9.006E+21  0.000E+00 -1.244E+00 -7.473E-01  3.790E+00  6.875E+00  5.188E+00  5.437E+20  0.000E+00 -1.025E-01 -6.023E-02  2.476E-01  5.203E-01  5.041E-01  4.334E+01  0.000E+00  4.735E+01  4.695E+01  4.645E+01  5.045E+01  5.827E+01  1.067E+22  0.000E+00 -1.244E+00 -7.473E-01  4.759E+00  8.626E+00  6.749E+00  9.122E+20  0.000E+00 -1.021E-01 -6.002E-02  4.601E-01  9.141E-01  8.690E-01  4.909E+01  0.000E+00  4.735E+01  4.695E+01  5.412E+01  5.826E+01  6.693E+01
 223  05 08 06  6.790E+22  7.128E+00  1.18120E-18  3.23886E+00  2.29228E+02  5.95993E+04  2.88941E-01  7.29141E+00  7.32518E+00  6.908E+00  9.205E-01  1.303E-01  7.033E+00  3.469E+00  7.419E-02  6.908E+00  9.205E-01  1.303E-01  7.033E+00  3.469E+00  7.419E-02  1.602E+22  0.000E+00 -2.126E+00 -1.396E+00  5.511E+00  9.442E+00  6.417E+00 -2.504E+21  0.000E+00 -2.327E-01 -1.434E-01 -1.564E+00 -2.786E+00 -2.541E+00  2.964E+01  0.000E+00  2.963E+01  3.172E+01  3.378E+01  3.937E+01  4.836E+01  1.795E+22  0.000E+00 -2.126E+00 -1.396E+00  6.634E+00  1.151E+01  8.325E+00  2.152E+21  0.000E+00 -2.320E-01 -1.430E-01  1.085E+00  2.164E+00  2.056E+00  3.284E+01  0.000E+00  2.963E+01  3.172E+01  3.962E+01  4.632E+01  5.917E+01
 224  05 08 07  6.790E+22  7.192E+00  3.77250E-19  3.23845E+00  2.03614E+02  5.29396E+04  2.56655E-01  7.30031E+00  7.32754E+00  6.908E+00  9.205E-01  1.303E-01  7.047E+00  3.455E+00  6.954E-02  6.908E+00  9.205E-01  1.303E-01  7.047E+00  3.455E+00  6.954E-02  1.018E+22  0.000E+00 -1.373E+00 -8.745E-01  4.063E+00  7.420E+00  5.593E+00 -1.436E+21  0.000E+00 -2.357E-01 -1.406E-01 -9.493E-01 -1.642E+00 -1.480E+00  4.178E+01  0.000E+00  4.648E+01  4.671E+01  4.465E+01  4.929E+01  5.677E+01  1.208E+22  0.000E+00 -1.373E+00 -8.745E-01  5.171E+00  9.459E+00  7.471E+00  2.152E+21  0.000E+00 -2.352E-01 -1.403E-01  1.100E+00  2.180E+00  2.067E+00  4.850E+01  0.000E+00  4.648E+01  4.671E+01  5.517E+01  6.018E+01  7.099E+01
 225  05 08 08  6.790E+22  7.232E+00  1.25040E-19  3.23740E+00  1.76675E+02  4.59355E+04  2.22699E-01  7.31185E+00  7.34126E+00  6.908E+00  9.205E-01  1.303E-01  7.066E+00  3.436E+00  6.433E-02  6.908E+00  9.205E-01  1.303E-01  7.066E+00  3.436E+00  6.433E-02  5.475E+21  0.000E+00 -8.297E-01 -4.962E-01  2.408E+00  4.631E+00  3.830E+00 -5.211E+20  0.000E+00 -2.397E-01 -1.372E-01 -4.138E-01 -6.521E-01 -5.666E-01  6.011E+01  0.000E+00  7.550E+01  7.267E+01  6.196E+01  6.490E+01  6.981E+01  7.366E+21  0.000E+00 -8.297E-01 -4.962E-01  3.511E+00  6.657E+00  5.694E+00  2.151E+21  0.000E+00 -2.390E-01 -1.368E-01  1.118E+00  2.200E+00  2.079E+00  7.657E+01  0.000E+00  7.550E+01  7.267E+01  8.265E+01  8.556E+01  9.340E+01
 226  05 09 08  6.790E+22  7.225E+00  1.49450E-19  7.63429E+00  5.18664E+02  1.34853E+05  6.53775E-01  7.31763E+00  7.32807E+00  6.908E+00  9.205E-01  1.303E-01  7.064E+00  8.141E+00  6.868E-02  6.908E+00  9.205E-01  1.303E-01  7.064E+00  8.141E+00  6.868E-02  6.196E+21  0.000E+00 -9.047E-01 -5.444E-01  2.760E+00  5.212E+00  4.210E+00 -2.062E+22  0.000E+00 -5.521E-01 -3.246E-01 -1.195E+01 -2.210E+01 -2.046E+01  5.690E+01  0.000E+00  7.149E+01  7.655E+01  5.489E+01  5.964E+01  6.599E+01  8.224E+21  0.000E+00 -9.047E-01 -5.444E-01  3.936E+00  7.386E+00  6.220E+00  5.074E+21  0.000E+00 -5.511E-01 -3.240E-01  2.642E+00  5.207E+00  4.918E+00  7.275E+01  0.000E+00  7.149E+01  7.655E+01  7.389E+01  7.979E+01  9.022E+01
