  ID   i   j   k    SD_emb    T_BE       M_BE      FWHM_pc   xi_max contr_rho   peak_exc  contrast detect hole       rho_c    rho_edge     rho_emb      r0_AU   R_out_AU  R_cloud_AU      N_tot    a_BE  stab
   1   1   1   1  5.30e+20  11.604      0.00196   0.003376   0.5781     1.056  2.572e+20     1.485      1    0  4.8556e-18  4.5967e-18  7.0488e-21     674.06     389.69    11690.75 6.5070e+21   69.00   sub
   2   1   2   1  5.30e+20  10.765   0.00290678   0.003376   0.7291     1.090  3.811e+20     1.719      1    0  6.8324e-18  6.2673e-18  6.8832e-21     547.31     399.07    11972.12 9.0531e+21   35.60   sub
   3   1   2   2  5.30e+20  11.933   0.00290678 0.00431755   0.6093     1.063  3.778e+20     1.713      1    0  3.2668e-18  3.0742e-18  5.4099e-21     833.37     507.75    15232.46 5.7591e+21   59.33   sub
   4   1   2   3  5.30e+20  13.237   0.00290678 0.00552168   0.5071     1.043  3.723e+20     1.702      1    0  1.5156e-18  1.4528e-18  4.2035e-21    1288.62     653.47    19604.18 3.6714e+21  100.83   sub
   5   1   3   1  5.30e+20   9.944   0.00431092   0.003376   0.9307     1.148  5.647e+20     2.065      1    0  9.9452e-18  8.6595e-18  6.7690e-21     436.02     405.80    12174.04 1.2929e+22   18.13   sub
   6   1   3   2  5.30e+20  11.041   0.00431092 0.00431755   0.7731     1.102  5.594e+20     2.056      1    0  4.7011e-18  4.2676e-18  5.3174e-21     668.22     516.58    15497.53 8.0950e+21   30.22   sub
   7   1   3   3  5.30e+20  12.238   0.00431092 0.00552168   0.6451     1.070  5.519e+20     2.041      1    0  2.2387e-18  2.0916e-18  4.1765e-21    1019.49     657.70    19730.94 5.1606e+21   50.37   sub
   8   1   3   4  5.30e+20  13.351   0.00431092 0.00706165   0.5522     1.051  5.411e+20     2.021      1    0  1.1673e-18  1.1103e-18  3.3734e-21    1474.64     814.28    24428.48 3.5373e+21   78.78   sub
   9   1   4   1  5.30e+20   9.187   0.00639332   0.003376   1.1996     1.251  8.371e+20     2.579      1    0  1.4736e-17  1.1779e-17  6.6509e-21     344.29     413.01    12390.16 1.8705e+22    9.31   sub
  10   1   4   2  5.30e+20  10.157   0.00639332 0.00431755   0.9954     1.171  8.297e+20     2.565      1    0  7.0487e-18  6.0218e-18  5.2719e-21     523.43     521.04    15631.08 1.1742e+22   15.13   sub
  11   1   4   3  5.30e+20  11.232   0.00639332 0.00552168   0.8317     1.118  8.185e+20     2.544      1    0  3.4276e-18  3.0661e-18  4.1843e-21     789.32     656.47    19694.11 7.5051e+21   24.66   sub
  12   1   4   4  5.30e+20  12.405   0.00639332 0.00706165   0.6974     1.082  8.008e+20     2.511      1    0  1.6690e-18  1.5420e-18  3.3134e-21    1188.75     829.01    24870.34 4.8654e+21   40.37   sub
  13   1   4   5  5.30e+20  13.629   0.00639332 0.00903109   0.5882     1.058  7.740e+20     2.460      1    0  8.1874e-19  7.7362e-19  2.6248e-21    1779.04    1046.49    31394.78 3.2348e+21   65.63   sub
  14   1   4   6  5.30e+20  13.796   0.00639332  0.0115498   0.5102     1.044  7.269e+20     2.372      1    0  3.6746e-19  3.5206e-19  2.0153e-21    2671.67    1363.03    40890.98 2.1184e+21   99.08   sub
  15   1   5   1  5.30e+20   8.546   0.00948164   0.003376   1.5526     1.433  1.240e+21     3.339      1    0  2.1479e-17  1.4990e-17  6.4326e-21     275.05     427.02    12810.72 2.6718e+22    4.99   sub
  16   1   5   2  5.30e+20   9.408   0.00948164 0.00431755   1.2792     1.287  1.230e+21     3.320      1    0  1.0220e-17  7.9396e-18  5.1327e-21     418.36     535.17    16055.14 1.6710e+22    7.92   sub
  17   1   5   3  5.30e+20  10.363   0.00948164 0.00552168   1.0677     1.197  1.213e+21     3.289      1    0  5.0434e-18  4.2130e-18  4.1161e-21     625.03     667.34    20020.32 1.0729e+22   12.57   sub
  18   1   5   4  5.30e+20  11.541   0.00948164 0.00706165   0.8794     1.132  1.184e+21     3.234      1    0  2.3271e-18  2.0554e-18  3.2166e-21     971.02     853.95    25618.65 6.6644e+21   21.15   sub
  19   1   5   5  5.30e+20  12.711   0.00948164 0.00903109   0.7396     1.093  1.143e+21     3.156      1    0  1.1482e-18  1.0507e-18  2.5600e-21    1450.75    1073.01    32190.32 4.3781e+21   34.20   sub
  20   1   5   6  5.30e+20  13.796   0.00948164  0.0115498   0.6219     1.065  1.075e+21     3.028      1    0  5.3515e-19  5.0235e-19  1.9950e-21    2213.89    1376.89    41306.82 2.8510e+21   55.93   sub
  21   1   5   7  5.30e+20  13.796   0.00948164   0.014771   0.5574     1.052  9.931e+20     2.874      1    0  2.8136e-19  2.6737e-19  1.6140e-21    3053.26    1701.92    51057.72 2.0445e+21   76.66   sub
  22   1   6   1  5.30e+20   8.006    0.0140618   0.003376   2.0361     1.781  1.838e+21     4.468      1    0  3.1232e-17  1.7540e-17  6.1110e-21     220.76     449.50    13484.88 3.7839e+22    2.82   sub
  23   1   6   2  5.30e+20   8.722    0.0140618 0.00431755   1.6719     1.507  1.821e+21     4.436      1    0  1.5212e-17  1.0091e-17  4.9759e-21     330.17     552.03    16560.91 2.4107e+22    4.23   sub
  24   1   6   3  5.30e+20   9.597    0.0140618 0.00552168   1.3765     1.335  1.796e+21     4.389      1    0  7.3208e-18  5.4831e-18  3.9973e-21     499.23     687.18    20615.37 1.5233e+22    6.62   sub
  25   1   6   4  5.30e+20  10.620    0.0140618 0.00706165   1.1366     1.224  1.754e+21     4.310      1    0  3.4959e-18  2.8551e-18  3.1798e-21     760.00     863.85    25915.61 9.6131e+21   10.68   sub
  26   1   6   5  5.30e+20  11.730    0.0140618 0.00903109   0.9484     1.154  1.692e+21     4.193      1    0  1.7073e-18  1.4790e-18  2.5341e-21    1142.93    1083.97    32519.07 6.2062e+21   17.23   sub
  27   1   6   6  5.30e+20  12.966    0.0140618  0.0115498   0.7907     1.106  1.596e+21     4.011      1    0  8.1495e-19  7.3662e-19  1.9974e-21    1739.24    1375.19    41255.72 4.0161e+21   28.38   sub
  28   1   6   7  5.30e+20  13.796    0.0140618   0.014771   0.6765     1.077  1.459e+21     3.753      1    0  3.9750e-19  3.6894e-19  1.5808e-21    2568.75    1737.69    52130.77 2.6976e+21   44.00   sub
  29   1   6   8  5.30e+20  13.796    0.0140618  0.0188905   0.5981     1.060  1.273e+21     3.402      1    0  1.9359e-19  1.8257e-19  1.2476e-21    3680.86    2201.68    66050.42 1.8747e+21   62.55   sub
  30   1   6   9  5.30e+20  13.796    0.0140618   0.024159   0.5270     1.047  1.033e+21     2.949      1    0  9.1929e-20  8.7827e-20  9.7583e-22    5341.51    2814.89    84446.76 1.3499e+21   90.19   sub
  31   1   7   1  5.30e+20   7.580    0.0208544   0.003376   2.7193     2.505  2.720e+21     6.132      1    0  4.4516e-17  1.7767e-17  5.6142e-21     179.92     489.27    14678.19 5.2263e+22    1.74   sub
  32   1   7   2  5.30e+20   8.161    0.0208544 0.00431755   2.2110     1.938  2.696e+21     6.086      1    0  2.2187e-17  1.1447e-17  4.6979e-21     264.44     584.70    17540.97 3.4056e+22    2.42   sub
  33   1   7   3  5.30e+20   8.903    0.0208544 0.00552168   1.8041     1.598  2.657e+21     6.014      1    0  1.0802e-17  6.7577e-18  3.8462e-21     395.87     714.17    21425.09 2.1774e+22    3.59   sub
  34   1   7   4  5.30e+20   9.802    0.0208544 0.00706165   1.4795     1.391  2.596e+21     5.899      1    0  5.2030e-18  3.7417e-18  3.1023e-21     598.47     885.43    26562.84 1.3815e+22    5.58   sub
  35   1   7   5  5.30e+20  10.833    0.0208544 0.00903109   1.2218     1.261  2.503e+21     5.722      1    0  2.5104e-18  1.9910e-18  2.4821e-21     905.77    1106.66    33199.80 8.8049e+21    8.89   sub
  36   1   7   6  5.30e+20  12.010    0.0208544  0.0115498   1.0099     1.176  2.356e+21     5.446      1    0  1.1880e-18  1.0105e-18  1.9618e-21    1386.38    1400.15    42004.42 5.6008e+21   14.56   sub
  37   1   7   7  5.30e+20  13.219    0.0208544   0.014771   0.8463     1.122  2.153e+21     5.063      1    0  5.8021e-19  5.1704e-19  1.5595e-21    2081.24    1761.33    52839.80 3.6939e+21   23.51   sub
  38   1   7   8  5.30e+20  13.796    0.0208544  0.0188905   0.7293     1.090  1.871e+21     4.531      1    0  2.7974e-19  2.5660e-19  1.2300e-21    3062.05    2233.16    66994.84 2.4827e+21   35.58   sub
  39   1   7   9  5.30e+20  13.796    0.0208544   0.024159   0.6370     1.069  1.492e+21     3.815      1    0  1.2726e-19  1.1910e-19  9.4983e-22    4539.88    2891.95    86758.50 1.6881e+21   52.22   sub
  40   1   7  10  5.30e+20  13.796    0.0208544  0.0308968   0.5719     1.055  1.163e+21     3.194      1    0  6.7635e-20  6.4103e-20  7.7127e-22    6227.38    3561.47   106843.98 1.2912e+21   71.18   sub
  41   1   8   1  5.30e+20   7.287    0.0309281   0.003376   3.6961     4.139  4.014e+21     8.574      1    0  5.9187e-17  1.4301e-17  4.8575e-21     152.99     565.48    16964.54 6.7941e+22    1.23   sub
  42   1   8   2  5.30e+20   7.737    0.0309281 0.00431755   2.9679     2.848  3.980e+21     8.510      1    0  3.0882e-17  1.0842e-17  4.2407e-21     218.25     647.74    19432.10 4.6083e+22    1.55   sub
  43   1   8   3  5.30e+20   8.342    0.0309281 0.00552168   2.3936     2.123  3.923e+21     8.402      1    0  1.5480e-17  7.2932e-18  3.5851e-21     320.10     766.18    22985.53 3.0280e+22    2.12   sub
  44   1   8   4  5.30e+20   9.124    0.0309281 0.00706165   1.9352     1.698  3.831e+21     8.228      1    0  7.4732e-18  4.4016e-18  2.9461e-21     481.78     932.36    27970.75 1.9340e+22    3.12   sub
  45   1   8   5  5.30e+20  10.019    0.0309281 0.00903109   1.5904     1.456  3.693e+21     7.968      1    0  3.6851e-18  2.5314e-18  2.4023e-21     718.96    1143.42    34302.51 1.2498e+22    4.73   sub
  46   1   8   6  5.30e+20  11.085    0.0309281  0.0115498   1.3064     1.300  3.479e+21     7.564      1    0  1.7612e-18  1.3545e-18  1.9220e-21    1093.94    1429.17    42875.09 7.9514e+21    7.52   sub
  47   1   8   7  5.30e+20  12.229    0.0309281   0.014771   1.0868     1.204  3.178e+21     6.997      1    0  8.6001e-19  7.1402e-19  1.5372e-21    1644.22    1786.98    53609.30 5.1776e+21   12.00   sub
  48   1   8   8  5.30e+20  13.549    0.0309281  0.0188905   0.8967     1.138  2.732e+21     6.155      1    0  3.9540e-19  3.4759e-19  1.2002e-21    2552.42    2288.75    68662.47 3.3192e+21   20.06   sub
  49   1   8   9  5.30e+20  13.796    0.0309281   0.024159   0.7852     1.105  2.228e+21     5.203      1    0  1.9497e-19  1.7646e-19  9.5374e-22    3667.84    2880.10    86402.89 2.2775e+21   28.93   sub
  50   1   8  10  5.30e+20  13.796    0.0309281  0.0308968   0.6953     1.082  1.686e+21     4.182      1    0  9.6377e-20  8.9085e-20  7.5732e-22    5216.80    3627.09   108812.72 1.6255e+21   40.72   sub
  51   1   8  11  5.30e+20  13.796    0.0309281  0.0395137   0.6106     1.063  1.153e+21     3.176      1    0  4.5176e-20  4.2502e-20  5.9036e-22    7619.68    4652.88   139586.49 1.1926e+21   58.95   sub
  52   1   8  12  5.30e+20  13.796    0.0309281  0.0505338   0.5430     1.050  7.738e+20     2.460      1    0  2.2658e-20  2.1587e-20  4.7020e-22   10759.30    5841.94   175258.31 9.4899e+20   82.71   sub
  53   1   9   1  5.30e+20   7.100    0.0458681   0.003376   5.1900     8.401  5.896e+21    12.125      1    0  7.2961e-17  8.6853e-18  3.8912e-21     136.02     705.92    21177.53 8.2599e+22    1.03   sub
  54   1   9   2  5.30e+20   7.442    0.0458681 0.00431755   4.0827     5.018  5.847e+21    12.032      1    0  4.0305e-17  8.0329e-18  3.5910e-21     187.36     764.93    22948.00 5.8811e+22    1.15   sub
  55   1   9   3  5.30e+20   7.914    0.0458681 0.00552168   3.2418     3.281  5.766e+21    11.880      1    0  2.1262e-17  6.4796e-18  3.1852e-21     266.02     862.39    25871.63 4.0389e+22    1.40   sub
  56   1   9   4  5.30e+20   8.546    0.0458681 0.00706165   2.5889     2.343  5.632e+21    11.626      1    0  1.0690e-17  4.5616e-18  2.7215e-21     389.86    1009.32    30279.59 2.6727e+22    1.87   sub
  57   1   9   5  5.30e+20   9.312    0.0458681 0.00903109   2.1002     1.836  5.430e+21    11.246      1    0  5.3540e-18  2.9157e-18  2.2745e-21     575.05    1207.70    36231.06 1.7541e+22    2.66   sub
  58   1   9   6  5.30e+20  10.242    0.0458681  0.0115498   1.7123     1.534  5.121e+21    10.662      1    0  2.6137e-18  1.7034e-18  1.8585e-21     863.13    1477.98    44339.53 1.1313e+22    4.02   sub
  59   1   9   7  5.30e+20  11.345    0.0458681   0.014771   1.3981     1.346  4.654e+21     9.780      1    0  1.2357e-18  9.1778e-19  1.4870e-21    1321.18    1847.21    55416.33 7.1828e+21    6.38   sub
  60   1   9   8  5.30e+20  12.528    0.0458681  0.0188905   1.1569     1.233  4.033e+21     8.610      1    0  5.9457e-19  4.8229e-19  1.1863e-21    2001.53    2315.52    69465.64 4.6615e+21   10.21   sub
  61   1   9   9  5.30e+20  13.745    0.0458681   0.024159   0.9689     1.161  3.290e+21     7.208      1    0  2.9139e-19  2.5092e-19  9.4666e-22    2994.74    2901.65    87049.47 3.1181e+21   16.27   sub
  62   1   9  10  5.30e+20  13.796    0.0458681  0.0308968   0.8493     1.123  2.455e+21     5.633      1    0  1.3915e-19  1.2390e-19  7.4494e-22    4341.58    3687.34   110620.31 2.1181e+21   23.28   sub
  63   1   9  11  5.30e+20  13.796    0.0458681  0.0395137   0.7455     1.094  1.683e+21     4.175      1    0  6.5678e-20  6.0016e-20  5.8304e-22    6319.50    4711.26   141337.70 1.4960e+21   33.45   sub
  64   1   9  12  5.30e+20  13.796    0.0458681  0.0505338   0.6577     1.073  1.104e+21     3.082      1    0  3.1717e-20  2.9555e-20  4.5924e-22    9093.80    5981.35   179440.55 1.1261e+21   47.66   sub
  65   1   9  13  5.30e+20  13.796    0.0458681  0.0646273   0.5857     1.058  7.250e+20     2.368      1    0  1.6080e-20  1.5202e-20  3.6722e-22   12771.48    7480.08   224402.54 9.0977e+20   66.46   sub
  66   1   9  14  5.30e+20  13.796    0.0458681  0.0826515   0.5111     1.044  4.343e+20     1.819      1    0  7.2115e-21  6.9082e-21  2.8183e-22   19071.22    9746.42   292392.64 7.5289e+20   98.59   sub
  67   1  10   1  5.30e+20   6.981    0.0680248   0.003376   7.7612    22.186  8.570e+21    17.169      1    0  8.5287e-17  3.8441e-18  2.8370e-21     124.75     968.23    29047.03 9.5059e+22    1.01 super
  68   1  10   2  5.30e+20   7.261    0.0680248 0.00431755   5.8105    10.922  8.506e+21    17.048      1    0  4.8201e-17  4.4131e-18  2.7935e-21     169.23     983.32    29499.70 6.9691e+22    1.00   sub
  69   1  10   3  5.30e+20   7.624    0.0680248 0.00552168   4.5074     6.156  8.394e+21    16.839      1    0  2.7066e-17  4.3964e-18  2.6334e-21     231.42    1043.09    31292.66 5.0411e+22    1.08   sub
  70   1  10   4  5.30e+20   8.115    0.0680248 0.00706165   3.5393     3.822  8.209e+21    16.489      1    0  1.4467e-17  3.7852e-18  2.3765e-21     326.57    1155.82    34674.66 3.5103e+22    1.28   sub
  71   1  10   5  5.30e+20   8.756    0.0680248 0.00903109   2.8122     2.628  7.911e+21    15.927      1    0  7.4229e-18  2.8244e-18  2.0626e-21     473.57    1331.77    39953.11 2.3645e+22    1.66   sub
  72   1  10   6  5.30e+20   9.541    0.0680248  0.0115498   2.2671     1.993  7.467e+21    15.088      1    0  3.7404e-18  1.8772e-18  1.7399e-21     696.39    1578.77    47362.99 1.5653e+22    2.32   sub
  73   1  10   7  5.30e+20  10.485    0.0680248   0.014771   1.8416     1.626  6.812e+21    13.852      1    0  1.8369e-18  1.1298e-18  1.4318e-21    1041.73    1918.44    57553.34 1.0180e+22    3.44   sub
  74   1  10   8  5.30e+20  11.582    0.0680248  0.0188905   1.5051     1.405  5.905e+21    12.142      1    0  8.8297e-19  6.2841e-19  1.1557e-21    1579.20    2376.85    71305.36 6.5610e+21    5.36   sub
  75   1  10   9  5.30e+20  12.774    0.0680248   0.024159   1.2432     1.271  4.794e+21    10.046      1    0  4.2540e-19  3.3482e-19  9.2473e-22    2389.41    2970.46    89113.87 4.2843e+21    8.51   sub
  76   1  10  10  5.30e+20  13.796    0.0680248  0.0308968   1.0450     1.189  3.596e+21     7.785      1    0  2.0497e-19  1.7246e-19  7.3482e-22    3577.21    3738.15   112144.63 2.8574e+21   13.30   sub
  77   1  10  11  5.30e+20  13.796    0.0680248  0.0395137   0.9150     1.143  2.467e+21     5.654      1    0  9.6784e-20  8.4648e-20  5.7669e-22    5205.82    4763.14   142894.12 1.9484e+21   18.99   sub
  78   1  10  12  5.30e+20  13.796    0.0680248  0.0505338   0.8080     1.111  1.637e+21     4.088      1    0  4.7526e-20  4.2772e-20  4.5760e-22    7428.89    6002.76   180082.77 1.4162e+21   26.72   sub
  79   1  10  13  5.30e+20  13.796    0.0680248  0.0646273   0.7131     1.086  1.049e+21     2.979      1    0  2.3088e-20  2.1256e-20  3.6138e-22   10658.52    7601.08   228032.55 1.0792e+21   37.90   sub
  80   1  10  14  5.30e+20  13.796    0.0680248  0.0826515   0.6225     1.065  6.326e+20     2.194      1    0  1.0455e-20  9.8128e-21  2.7858e-22   15839.26    9860.33   295810.00 8.5470e+20   55.78   sub
  81   1  10  15  5.30e+20  13.796    0.0680248   0.105703   0.5582     1.052  4.174e+20     1.788      1    0  5.5099e-21  5.2352e-21  2.2556e-22   21818.30   12178.24   365347.31 7.4221e+20   76.36   sub
  82   1  11   1  5.30e+20   6.925     0.100884   0.003376  12.2686    69.812  1.211e+22    23.847      1    0  9.1750e-17  1.3142e-18  1.8690e-21     119.79    1469.71    44091.21 1.0227e+23    1.16  deep
  83   1  11   2  5.30e+20   7.156     0.100884 0.00431755   8.7622    30.089  1.209e+22    23.818      1    0  5.3851e-17  1.7898e-18  1.9723e-21     158.95    1392.73    41781.94 7.7645e+22    1.04 super
  84   1  11   3  5.30e+20   7.442     0.100884 0.00552168   6.5571    14.613  1.198e+22    23.607      1    0  3.1948e-17  2.1862e-18  1.9906e-21     210.44    1379.90    41396.95 5.8814e+22    1.00 super
  85   1  11   4  5.30e+20   7.837     0.100884 0.00706165   4.9638     7.598  1.174e+22    23.150      1    0  1.7860e-17  2.3507e-18  1.9159e-21     288.84    1433.75    43012.41 4.2721e+22    1.04   sub
  86   1  11   5  5.30e+20   8.347     0.100884 0.00903109   3.8560     4.485  1.133e+22    22.384      1    0  9.6926e-18  2.1612e-18  1.7605e-21     404.63    1560.28    46808.26 3.0195e+22    1.19   sub
  87   1  11   6  5.30e+20   8.981     0.100884  0.0115498   3.0627     2.991  1.072e+22    21.225      1    0  5.1466e-18  1.7205e-18  1.5571e-21     575.99    1764.06    52921.72 2.0875e+22    1.49   sub
  88   1  11   7  5.30e+20   9.772     0.100884   0.014771   2.4571     2.192  9.810e+21    19.510      1    0  2.6282e-18  1.1993e-18  1.3296e-21     840.79    2065.89    61976.74 1.4007e+22    2.03   sub
  89   1  11   8  5.30e+20  10.747     0.100884  0.0188905   1.9795     1.734  8.519e+21    17.073      1    0  1.2816e-18  7.3929e-19  1.0989e-21    1262.70    2499.55    74986.38 9.1188e+21    2.98   sub
  90   1  11   9  5.30e+20  11.833     0.100884   0.024159   1.6199     1.474  6.953e+21    14.118      1    0  6.2757e-19  4.2572e-19  8.9557e-22    1893.39    3067.18    92015.43 5.9745e+21    4.54   sub
  91   1  11  10  5.30e+20  13.039     0.100884  0.0308968   1.3340     1.314  5.225e+21    10.858      1    0  3.0156e-19  2.2954e-19  7.1813e-22    2867.23    3825.00   114750.10 3.9193e+21    7.15   sub
  92   1  11  11  5.30e+20  13.796     0.100884  0.0395137   1.1298     1.222  3.620e+21     7.831      1    0  1.4394e-19  1.1783e-19  5.6957e-22    4268.68    4822.67   144679.98 2.6195e+21   10.85   sub
  93   1  11  12  5.30e+20  13.796     0.100884  0.0505338   0.9919     1.169  2.386e+21     5.501      1    0  6.9511e-20  5.9449e-20  4.5083e-22    6142.75    6092.89   182786.67 1.8235e+21   15.28   sub
  94   1  11  13  5.30e+20  13.796     0.100884  0.0646273   0.8690     1.129  1.504e+21     3.837      1    0  3.2790e-20  2.9044e-20  3.5344e-22    8943.78    7771.87   233156.14 1.3174e+21   21.86   sub
  95   1  11  14  5.30e+20  13.796     0.100884  0.0826515   0.7625     1.099  9.323e+20     2.759      1    0  1.5466e-20  1.4076e-20  2.7663e-22   13022.55    9929.74   297892.08 1.0088e+21   31.40   sub
  96   1  11  15  5.30e+20  13.796     0.100884   0.105703   0.6775     1.078  5.977e+20     2.128      1    0  7.7880e-21  7.2268e-21  2.2094e-22   18351.78   12432.47   372974.06 8.3382e+20   43.82   sub
  97   1  11  16  5.30e+20  13.796     0.100884   0.135182   0.5988     1.060  3.727e+20     1.703      1    0  3.7852e-21  3.5693e-21  1.7427e-22   26323.84   15762.54   472876.30 7.1822e+20   62.36   sub
  98   1  11  17  5.30e+20  13.796     0.100884   0.172884   0.5278     1.047  2.286e+20     1.431      1    0  1.8027e-21  1.7220e-21  1.3643e-22   38144.50   20133.29   603998.66 6.4499e+20   89.78   sub
  99   1  12   1  5.30e+20   6.884     0.149617   0.003376  20.9612   247.047  1.597e+22    31.141      1    0  9.8874e-17  4.0022e-19  1.1390e-21     115.06    2411.70    72351.01 1.0826e+23    1.40  deep
 100   1  12   2  5.30e+20   7.100     0.149617 0.00431755  14.1338    98.617  1.628e+22    31.721      1    0  5.7273e-17  5.8077e-19  1.2659e-21     153.52    2169.86    65095.89 8.2557e+22    1.22  deep
 101   1  12   3  5.30e+20   7.338     0.149617 0.00552168  10.1743    43.813  1.635e+22    31.843      1    0  3.5346e-17  8.0676e-19  1.3589e-21     198.67    2021.35    60640.45 6.4676e+22    1.08 super
 102   1  12   4  5.30e+20   7.649     0.149617 0.00706165   7.4253    19.865  1.618e+22    31.527      1    0  2.1038e-17  1.0590e-18  1.4070e-21     262.92    1952.26    58567.77 4.9388e+22    1.01 super
 103   1  12   5  5.30e+20   8.058     0.149617 0.00903109   5.5385     9.758  1.572e+22    30.666      1    0  1.1992e-17  1.2289e-18  1.3876e-21     357.43    1979.58    59387.54 3.6506e+22    1.01   sub
 104   1  12   6  5.30e+20   8.584     0.149617  0.0115498   4.2388     5.414  1.491e+22    29.139      1    0  6.5741e-18  1.2142e-18  1.3006e-21     498.25    2111.99    63359.62 2.6125e+22    1.12   sub
 105   1  12   7  5.30e+20   9.230     0.149617   0.014771   3.3351     3.443  1.371e+22    26.872      1    0  3.5314e-18  1.0257e-18  1.1684e-21     704.93    2351.04    70531.11 1.8296e+22    1.36   sub
 106   1  12   8  5.30e+20  10.026     0.149617  0.0188905   2.6625     2.433  1.204e+22    23.714      1    0  1.8301e-18  7.5208e-19  1.0109e-21    1020.59    2717.31    81519.35 1.2456e+22    1.79   sub
 107   1  12   9  5.30e+20  10.987     0.149617   0.024159   2.1451     1.877  9.897e+21    19.673      1    0  9.1335e-19  4.8667e-19  8.4672e-22    1512.34    3244.12    97323.55 8.2694e+21    2.56   sub
 108   1  12  10  5.30e+20  12.091     0.149617  0.0308968   1.7457     1.557  7.518e+21    15.186      1    0  4.4570e-19  2.8622e-19  6.9283e-22    2271.09    3964.70   118941.15 5.4386e+21    3.85   sub
 109   1  12  11  5.30e+20  13.323     0.149617  0.0395137   1.4297     1.363  5.242e+21    10.891      1    0  2.1183e-19  1.5540e-19  5.5560e-22    3458.02    4943.95   148318.55 3.5699e+21    6.05   sub
 110   1  12  12  5.30e+20  13.796     0.149617  0.0505338   1.2262     1.263  3.483e+21     7.573      1    0  1.0273e-19  8.1347e-20  4.4335e-22    5052.94    6195.75   185872.49 2.4249e+21    8.81   sub
 111   1  12  13  5.30e+20  13.796     0.149617  0.0646273   1.0752     1.200  2.238e+21     5.223      1    0  4.9680e-20  4.1402e-20  3.5161e-22    7266.07    7812.18   234365.29 1.7052e+21   12.35   sub
 112   1  12  14  5.30e+20  13.796     0.149617  0.0826515   0.9423     1.152  1.400e+21     3.642      1    0  2.3653e-20  2.0526e-20  2.7681e-22   10530.53    9923.25   297697.43 1.2503e+21   17.53   sub
 113   1  12  15  5.30e+20  13.796     0.149617   0.105703   0.8297     1.117  8.763e+20     2.653      1    0  1.1439e-20  1.0238e-20  2.1864e-22   15142.26   12563.70   376911.03 9.7560e+20   24.83   sub
 114   1  12  16  5.30e+20  13.796     0.149617   0.135182   0.7301     1.090  5.414e+20     2.021      1    0  5.4714e-21  5.0177e-21  1.7182e-22   21894.85   15986.44   479593.19 8.0339e+20   35.46   sub
 115   1  12  17  5.30e+20  13.796     0.149617   0.172884   0.6381     1.069  3.231e+20     1.610      1    0  2.4970e-21  2.3363e-21  1.3282e-22   32410.14   20680.55   620416.56 6.9248e+20   51.97   sub
 116   1  12  18  5.30e+20  13.796     0.149617     0.2211   0.5726     1.055  2.125e+20     1.401      1    0  1.3237e-21  1.2544e-21  1.0777e-22   44513.35   25489.30   764678.94 6.3662e+20   70.93   sub
 117   1  13   1  5.30e+20   6.847      0.22189   0.003376  36.6293   806.159  1.871e+22    36.298      1    0  1.0846e-16  1.3454e-19  6.8452e-22     109.55    4012.84   120385.34 1.1438e+23    1.61  deep
 118   1  13   2  5.30e+20   7.048      0.22189 0.00431755  24.6939   354.483  1.965e+22    38.084      1    0  6.2568e-17  1.7650e-19  7.6008e-22     146.35    3613.91   108417.36 8.7611e+22    1.47  deep
 119   1  13   3  5.30e+20   7.255      0.22189 0.00552168  17.5435   164.584  2.027e+22    39.253      1    0  3.9596e-17  2.4058e-19  8.3891e-22     186.64    3274.32    98229.58 7.0109e+22    1.32  deep
 120   1  13   4  5.30e+20   7.556      0.22189 0.00706165  11.7328    62.517  2.061e+22    39.888      1    0  2.2765e-17  3.6415e-19  9.3201e-22     251.20    2947.25    88417.53 5.3316e+22    1.14 super
 121   1  13   5  5.30e+20   7.888      0.22189 0.00903109   8.4008    27.063  2.041e+22    39.513      1    0  1.3677e-17  5.0539e-19  9.8743e-22     331.14    2781.82    83454.66 4.1149e+22    1.03 super
 122   1  13   6  5.30e+20   8.322      0.22189  0.0115498   6.1296    12.410  1.962e+22    38.017      1    0  7.8230e-18  6.3041e-19  9.9645e-22     449.73    2756.64    82699.27 3.0670e+22    1.00   sub
 123   1  13   7  5.30e+20   8.834      0.22189   0.014771   4.6942     6.718  1.827e+22    35.467      1    0  4.4810e-18  6.6701e-19  9.5581e-22     612.21    2873.85    86215.58 2.2634e+22    1.06   sub
 124   1  13   8  5.30e+20   9.494      0.22189  0.0188905   3.6455     4.034  1.620e+22    31.570      1    0  2.4220e-18  6.0041e-19  8.7281e-22     863.30    3147.15    94414.50 1.6013e+22    1.25   sub
 125   1  13   9  5.30e+20  10.300      0.22189   0.024159   2.8878     2.733  1.353e+22    26.534      1    0  1.2666e-18  4.6347e-19  7.6499e-22    1243.42    3590.70   107720.94 1.1028e+22    1.61   sub
 126   1  13  10  5.30e+20  11.286      0.22189  0.0308968   2.3060     2.031  1.041e+22    20.649      1    0  6.2911e-19  3.0968e-19  6.4498e-22    1846.85    4258.84   127765.21 7.3481e+21    2.25   sub
 127   1  13  11  5.30e+20  12.385      0.22189  0.0395137   1.8747     1.651  7.470e+21    15.095      1    0  3.1078e-19  1.8826e-19  5.3230e-22    2752.59    5160.34   154810.32 4.8998e+21    3.32   sub
 128   1  13  12  5.30e+20  13.608      0.22189  0.0505338   1.5345     1.422  4.993e+21    10.421      1    0  1.4894e-19  1.0473e-19  4.2950e-22    4167.90    6395.43   191862.93 3.2565e+21    5.13   sub
 129   1  13  13  5.30e+20  13.796      0.22189  0.0646273   1.3294     1.311  3.238e+21     7.109      1    0  7.2447e-20  5.5243e-20  3.4341e-22    6016.99    7998.91   239967.24 2.2338e+21    7.21   sub
 130   1  13  14  5.30e+20  13.796      0.22189  0.0826515   1.1598     1.234  2.029e+21     4.829      1    0  3.4397e-20  2.7874e-20  2.7123e-22    8732.37   10127.60   303827.96 1.5750e+21   10.15   sub
 131   1  13  15  5.30e+20  13.796      0.22189   0.105703   1.0155     1.178  1.262e+21     3.380      1    0  1.6403e-20  1.3928e-20  2.1391e-22   12645.23   12841.01   385230.31 1.1718e+21   14.35   sub
 132   1  13  16  5.30e+20  13.796      0.22189   0.135182   0.8877     1.135  7.683e+20     2.450      1    0  7.6553e-21  6.7464e-21  1.6717e-22   18510.10   16431.10   492933.13 9.1800e+20   20.62   sub
 133   1  13  17  5.30e+20  13.796      0.22189   0.172884   0.7864     1.105  4.870e+20     1.919      1    0  3.8210e-21  3.4573e-21  1.3332e-22   26200.19   20604.24   618127.13 7.7498e+20   28.81   sub
 134   1  13  18  5.30e+20  13.796      0.22189     0.2211   0.6962     1.082  3.059e+20     1.577      1    0  1.8870e-21  1.7439e-21  1.0583e-22   37282.13   25955.86   778675.89 6.8348e+20   40.56   sub
 135   1  14   1  5.30e+20   6.873     0.329075   0.003376  54.5790  1753.725  2.038e+22    39.445      1    0  9.9030e-17  5.6469e-20  4.3814e-22     114.87    6269.37   188081.19 1.1008e+23    1.69  deep
 136   1  14   2  5.30e+20   7.036     0.329075 0.00431755  40.5690   988.016  2.143e+22    41.426      1    0  6.3473e-17  6.4243e-20  4.6641e-22     145.17    5889.39   176681.56 8.8949e+22    1.64  deep
 137   1  14   3  5.30e+20   7.242     0.329075 0.00552168  28.8658   494.464  2.252e+22    43.490      1    0  3.9592e-17  8.0070e-20  5.1026e-22     186.49    5383.21   161496.44 7.0984e+22    1.54  deep
 138   1  14   4  5.30e+20   7.481     0.329075 0.00706165  20.2871   229.542  2.340e+22    45.143      1    0  2.4899e-17  1.0847e-19  5.6652e-22     239.00    4848.66   145459.87 5.6829e+22    1.38  deep
 139   1  14   5  5.30e+20   7.804     0.329075 0.00903109  13.5089    88.380  2.388e+22    46.056      1    0  1.4566e-17  1.6481e-19  6.3710e-22     319.16    4311.49   129344.82 4.3798e+22    1.20  deep
 140   1  14   6  5.30e+20   8.156     0.329075  0.0115498   9.5207    37.082  2.359e+22    45.515      1    0  8.8371e-18  2.3831e-19  6.8874e-22     418.90    3988.26   119647.75 3.4152e+22    1.06 super
 141   1  14   7  5.30e+20   8.575     0.329075   0.014771   6.9691    16.973  2.249e+22    43.429      1    0  5.3045e-18  3.1252e-19  7.1098e-22     554.38    3863.50   115905.03 2.6270e+22    1.00 super
 142   1  14   8  5.30e+20   9.122     0.329075  0.0188905   5.1797     8.363  2.037e+22    39.427      1    0  2.9903e-18  3.5757e-19  6.9633e-22     761.58    3944.75   118342.62 1.9354e+22    1.03   sub
 143   1  14   9  5.30e+20   9.782     0.329075   0.024159   3.9921     4.799  1.744e+22    33.910      1    0  1.6499e-18  3.4382e-19  6.4809e-22    1061.69    4238.40   127152.08 1.3945e+22    1.16   sub
 144   1  14  10  5.30e+20  10.588     0.329075  0.0308968   3.1406     3.114  1.393e+22    27.292      1    0  8.7490e-19  2.8093e-19  5.7662e-22    1516.85    4763.77   142913.04 9.7469e+21    1.45   sub
 145   1  14  11  5.30e+20  11.556     0.329075  0.0395137   2.5044     2.245  1.030e+22    20.431      1    0  4.4442e-19  1.9798e-19  4.9328e-22    2223.49    5568.57   167057.24 6.6244e+21    1.97   sub
 146   1  14  12  5.30e+20  12.673     0.329075  0.0505338   2.0211     1.768  7.091e+21    14.379      1    0  2.1830e-19  1.2347e-19  4.0909e-22    3322.30    6714.57   201437.14 4.4346e+21    2.86   sub
 147   1  14  13  5.30e+20  13.796     0.329075  0.0646273   1.6600     1.500  4.660e+21     9.793      1    0  1.0595e-19  7.0645e-20  3.3257e-22    4975.64    8259.45   247783.56 2.9911e+21    4.30   sub
 148   1  14  14  5.30e+20  13.796     0.329075  0.0826515   1.4431     1.370  2.966e+21     6.596      1    0  5.1078e-20  3.7272e-20  2.6563e-22    7165.96   10341.13   310234.04 2.0605e+21    5.92   sub
 149   1  14  15  5.30e+20  13.796     0.329075   0.105703   1.2578     1.277  1.853e+21     4.497      1    0  2.4402e-20  1.9105e-20  2.1064e-22   10367.65   13040.29   391208.79 1.4738e+21    8.26   sub
 150   1  14  16  5.30e+20  13.796     0.329075   0.135182   1.1038     1.211  1.164e+21     3.197      1    0  1.1892e-20  9.8190e-21  1.6756e-22   14850.98   16393.23   491796.76 1.1185e+21   11.53   sub
 151   1  14  17  5.30e+20  13.796     0.329075   0.172884   0.9684     1.161  7.206e+20     2.360      1    0  5.7050e-21  4.9135e-21  1.3229e-22   21441.84   20763.38   622901.43 8.9261e+20   16.29   sub
 152   1  14  18  5.30e+20  13.796     0.329075     0.2211   0.8503     1.123  4.431e+20     1.836      1    0  2.7222e-21  2.4232e-21  1.0407e-22   31040.93   26395.09   791852.56 7.5237e+20   23.20   sub
 153   1  15   3  5.30e+20   7.227     0.488036 0.00552168  47.0434  1319.374  2.356e+22    45.454      1    0  4.0301e-17  3.0546e-20  3.1622e-22     184.65    8686.58   260597.26 7.2074e+22    1.67  deep
 154   1  15   4  5.30e+20   7.467     0.488036 0.00706165  33.4164   669.432  2.473e+22    47.652      1    0  2.5003e-17  3.7350e-20  3.4498e-22     238.28    7962.51   238875.16 5.7531e+22    1.59  deep
 155   1  15   5  5.30e+20   7.751     0.488036 0.00903109  22.9231   301.337  2.558e+22    49.269      1    0  1.5286e-17  5.0728e-20  3.8593e-22     310.50    7117.51   213525.38 4.5585e+22    1.44  deep
 156   1  15   6  5.30e+20   8.050     0.488036  0.0115498  16.0787   134.183  2.582e+22    49.725      1    0  9.7091e-18  7.2357e-20  4.3029e-22     397.03    6383.77   191513.11 3.6701e+22    1.28  deep
 157   1  15   7  5.30e+20   8.442     0.488036   0.014771  10.9179    52.270  2.521e+22    48.557      1    0  5.7647e-18  1.1029e-19  4.7682e-22     527.65    5760.77   172823.14 2.8467e+22    1.11 super
 158   1  15   8  5.30e+20   8.885     0.488036  0.0188905   7.8001    22.465  2.357e+22    45.473      1    0  3.4525e-18  1.5368e-19  5.0345e-22     699.49    5456.05   163681.45 2.1999e+22    1.02 super
 159   1  15   9  5.30e+20   9.432     0.488036   0.024159   5.7445    10.631  2.085e+22    40.338      1    0  1.9921e-18  1.8739e-19  5.0400e-22     948.76    5450.15   163504.52 1.6518e+22    1.01   sub
 160   1  15  10  5.30e+20  10.096     0.488036  0.0308968   4.3757     5.783  1.731e+22    33.663      1    0  1.1130e-18  1.9246e-19  4.7801e-22    1313.29    5746.50   172395.12 1.2067e+22    1.10   sub
 161   1  15  11  5.30e+20  10.892     0.488036  0.0395137   3.4257     3.607  1.345e+22    26.376      1    0  6.0278e-19  1.6714e-19  4.3262e-22    1853.47    6349.36   190480.92 8.5955e+21    1.32   sub
 162   1  15  12  5.30e+20  11.852     0.488036  0.0505338   2.7191     2.505  9.704e+21    19.310      1    0  3.1063e-19  1.2400e-19  3.7508e-22    2693.33    7323.40   219702.05 5.9336e+21    1.74   sub
 163   1  15  13  5.30e+20  12.949     0.488036  0.0646273   2.1908     1.919  6.601e+21    13.455      1    0  1.5505e-19  8.0798e-20  3.1467e-22    3984.67    8729.42   261882.53 4.0396e+21    2.46   sub
 164   1  15  14  5.30e+20  13.796     0.488036  0.0826515   1.8138     1.606  4.285e+21     9.084      1    0  7.5380e-20  4.6950e-20  2.5673e-22    5898.79   10699.45   320983.42 2.7478e+21    3.55   sub
 165   1  15  15  5.30e+20  13.796     0.488036   0.105703   1.5703     1.443  2.701e+21     6.096      1    0  3.6173e-20  2.5059e-20  2.0543e-22    8515.29   13371.33   401140.05 1.9076e+21    4.86   sub
 166   1  15  16  5.30e+20  13.796     0.488036   0.135182   1.3665     1.330  1.687e+21     4.184      1    0  1.7365e-20  1.3056e-20  1.6356e-22   12290.13   16794.38   503831.43 1.3834e+21    6.74   sub
 167   1  15  17  5.30e+20  13.796     0.488036   0.172884   1.1946     1.249  1.051e+21     2.983      1    0  8.3704e-21  6.7021e-21  1.2989e-22   17701.77   21147.39   634421.72 1.0589e+21    9.41   sub
 168   1  15  18  5.30e+20  13.796     0.488036     0.2211   1.0466     1.189  6.499e+20     2.226      1    0  4.0158e-21  3.3772e-21  1.0270e-22   25556.59   26746.52   802395.68 8.5621e+20   13.25   sub
 169   1  16   4  5.30e+20   7.472     0.723783 0.00706165  52.3884  1622.187  2.549e+22    49.089      1    0  2.4456e-17  1.5076e-20  2.1755e-22     241.01   12626.38   378791.49 5.7268e+22    1.69  deep
 170   1  16   5  5.30e+20   7.669     0.723783 0.00903109  40.8568  1001.894  2.624e+22    50.517      1    0  1.7200e-17  1.7168e-20  2.3091e-22     291.16   11895.90   356877.02 4.8591e+22    1.64  deep
 171   1  16   6  5.30e+20   7.998     0.723783  0.0115498  27.4823   445.808  2.688e+22    51.718      1    0  1.0188e-17  2.2853e-20  2.5872e-22     386.33   10617.34   318520.06 3.8050e+22    1.52  deep
 172   1  16   7  5.30e+20   8.326     0.723783   0.014771  19.0312   198.538  2.673e+22    51.429      1    0  6.4084e-18  3.2278e-20  2.9041e-22     497.00    9458.43   283752.86 3.0601e+22    1.36  deep
 173   1  16   8  5.30e+20   8.756     0.723783  0.0188905  12.5293    73.521  2.549e+22    49.086      1    0  3.7372e-18  5.0831e-20  3.2848e-22     667.42    8362.30   250868.97 2.3647e+22    1.16  deep
 174   1  16   9  5.30e+20   9.226     0.723783   0.024159   8.7352    29.856  2.321e+22    44.799      1    0  2.2281e-18  7.4630e-20  3.5441e-22     887.27    7750.45   232513.39 1.8335e+22    1.04 super
 175   1  16  10  5.30e+20   9.790     0.723783  0.0308968   6.3198    13.359  1.996e+22    38.659      1    0  1.2918e-18  9.6699e-20  3.6210e-22    1200.37    7586.03   227580.92 1.3888e+22    1.00   sub
 176   1  16  11  5.30e+20  10.446     0.723783  0.0395137   4.7895     7.020  1.623e+22    31.627      1    0  7.3973e-19  1.0538e-19  3.5001e-22    1638.57    7847.98   235439.27 1.0350e+22    1.05   sub
 177   1  16  12  5.30e+20  11.221     0.723783  0.0505338   3.7407     4.233  1.245e+22    24.486      1    0  4.1164e-19  9.7253e-20  3.2257e-22    2276.52    8515.69   255470.80 7.5384e+21    1.22   sub
 178   1  16  13  5.30e+20  12.165     0.723783  0.0646273   2.9566     2.832  8.895e+21    17.783      1    0  2.1586e-19  7.6228e-20  2.8382e-22    3273.33    9678.03   290340.86 5.2966e+21    1.56   sub
 179   1  16  14  5.30e+20  13.263     0.723783  0.0826515   2.3664     2.094  5.984e+21    12.290      1    0  1.0790e-19  5.1537e-20  2.4011e-22    4834.29   11439.87   343196.00 3.6402e+21    2.16   sub
 180   1  16  15  5.30e+20  13.796     0.723783   0.105703   1.9781     1.732  3.851e+21     8.267      1    0  5.2476e-20  3.0292e-20  1.9642e-22    7069.88   13984.78   419543.39 2.4981e+21    2.98   sub
 181   1  16  16  5.30e+20  13.796     0.723783   0.135182   1.7133     1.535  2.453e+21     5.628      1    0  2.5725e-20  1.6759e-20  1.5878e-22   10097.51   17299.62   518988.73 1.7721e+21    4.01   sub
 182   1  16  17  5.30e+20  13.796     0.723783   0.172884   1.4854     1.394  1.526e+21     3.880      1    0  1.2300e-20  8.8241e-21  1.2663e-22   14602.99   21691.39   650741.83 1.2987e+21    5.53   sub
 183   1  16  18  5.30e+20  13.796     0.723783     0.2211   1.2924     1.293  9.414e+20     2.776      1    0  5.8458e-21  4.5194e-21  1.0034e-22   21182.13   27375.73   821271.93 1.0027e+21    7.72   sub
 184   1  17   5  5.30e+20   7.725      1.07341 0.00903109  59.6244  2072.828  2.690e+22    51.764      1    0  1.5504e-17  7.4795e-21  1.4968e-22     307.78   18351.49   550544.61 4.6523e+22    1.70  deep
 185   1  17   6  5.30e+20   7.884      1.07341  0.0115498  49.8648  1475.981  2.729e+22    52.490      1    0  1.1971e-17  8.1104e-21  1.5567e-22     353.85   17644.89   529346.76 4.1282e+22    1.68  deep
 186   1  17   7  5.30e+20   8.299      1.07341   0.014771  31.6260   597.920  2.743e+22    52.761      1    0  6.4887e-18  1.0852e-20  1.7613e-22     493.13   15595.78   467873.42 3.1115e+22    1.57  deep
 187   1  17   8  5.30e+20   8.666      1.07341  0.0188905  21.5756   263.519  2.659e+22    51.175      1    0  4.0119e-18  1.5224e-20  1.9866e-22     640.86   13826.92   414807.70 2.4897e+22    1.41  deep
 188   1  17   9  5.30e+20   9.121      1.07341   0.024159  14.1071    98.167  2.459e+22    47.391      1    0  2.3516e-18  2.3955e-20  2.2674e-22     858.74   12114.37   363431.03 1.9367e+22    1.22  deep
 189   1  17  10  5.30e+20   9.567      1.07341  0.0308968   9.9928    41.878  2.202e+22    42.545      1    0  1.4711e-18  3.5129e-20  2.4720e-22    1111.98   11111.77   333353.16 1.5450e+22    1.08 super
 190   1  17  11  5.30e+20  10.130      1.07341  0.0395137   7.1373    18.006  1.858e+22    36.048      1    0  8.6827e-19  4.8222e-20  2.5841e-22    1489.33   10629.84   318895.12 1.1889e+22    1.00 super
 191   1  17  12  5.30e+20  10.785      1.07341  0.0505338   5.3277     8.919  1.487e+22    29.050      1    0  5.0255e-19  5.6343e-20  2.5524e-22    2019.99   10762.00   322860.05 8.9770e+21    1.02   sub
 192   1  17  13  5.30e+20  11.563      1.07341  0.0646273   4.1048     5.072  1.125e+22    22.225      1    0  2.8107e-19  5.5412e-20  2.3927e-22    2796.74   11480.07   344402.12 6.6078e+21    1.14   sub
 193   1  17  14  5.30e+20  12.498      1.07341  0.0826515   3.2201     3.245  7.997e+21    16.088      1    0  1.4901e-19  4.5924e-20  2.1362e-22    3993.27   12858.65   385759.37 4.7106e+21    1.41   sub
 194   1  17  15  5.30e+20  13.594      1.07341   0.105703   2.5581     2.307  5.350e+21    11.094      1    0  7.4599e-20  3.2337e-20  1.8242e-22    5886.13   15057.56   451726.72 3.2714e+21    1.90   sub
 195   1  17  16  5.30e+20  13.796      1.07341   0.135182   2.1729     1.902  3.486e+21     7.577      1    0  3.7312e-20  1.9613e-20  1.5077e-22    8384.27   18218.50   546555.11 2.2976e+21    2.50   sub
 196   1  17  17  5.30e+20  13.796      1.07341   0.172884   1.8671     1.645  2.195e+21     5.142      1    0  1.7988e-20  1.0934e-20  1.2183e-22   12075.46   22545.87   676376.22 1.6363e+21    3.35   sub
 197   1  17  18  5.30e+20  13.796      1.07341     0.2211   1.6174     1.473  1.377e+21     3.599      1    0  8.7133e-21  5.9173e-21  9.7886e-23   17350.06   28061.83   841854.75 1.2218e+21    4.55   sub
 198   1  18   7  5.30e+20   8.147      1.59192   0.014771  58.3667  1991.196  2.788e+22    53.596      1    0  7.9555e-18  3.9953e-21  1.0665e-22     441.26   25754.80   772643.94 3.4358e+22    1.70  deep
 199   1  18   8  5.30e+20   8.567      1.59192  0.0188905  38.3997   885.981  2.731e+22    52.522      1    0  4.4656e-18  5.0403e-21  1.1844e-22     603.95   23191.37   695741.14 2.6390e+22    1.63  deep
 200   1  18   9  5.30e+20   9.019      1.59192   0.024159  24.7697   356.843  2.557e+22    49.239      1    0  2.5589e-18  7.1709e-21  1.3547e-22     818.58   20276.09   608282.78 2.0452e+22    1.47  deep
 201   1  18  10  5.30e+20   9.419      1.59192  0.0308968  17.2176   157.558  2.338e+22    45.108      1    0  1.6335e-18  1.0368e-20  1.5237e-22    1047.04   18027.63   540828.83 1.6622e+22    1.31  deep
 202   1  18  11  5.30e+20   9.939      1.59192  0.0395137  11.4470    58.807  2.016e+22    39.031      1    0  9.6332e-19  1.6381e-20  1.7133e-22    1400.56   16032.15   480964.44 1.2963e+22    1.13 super
 203   1  18  12  5.30e+20  10.531      1.59192  0.0505338   7.9462    23.534  1.656e+22    32.245      1    0  5.6229e-19  2.3892e-20  1.8319e-22    1886.99   14994.32   449829.54 9.9844e+21    1.02 super
 204   1  18  13  5.30e+20  11.175      1.59192  0.0646273   5.8912    11.286  1.315e+22    25.816      1    0  3.3254e-19  2.9465e-20  1.8447e-22    2527.63   14890.66   446719.89 7.6762e+21    1.00   sub
 205   1  18  14  5.30e+20  11.941      1.59192  0.0826515   4.4999     6.135  9.920e+21    19.717      1    0  1.8893e-19  3.0797e-20  1.7609e-22    3466.52   15599.08   467972.39 5.7430e+21    1.08   sub
 206   1  18  15  5.30e+20  12.856      1.59192   0.105703   3.5089     3.763  7.070e+21    14.340      1    0  1.0179e-19  2.7046e-20  1.5975e-22    4900.42   17195.30   515859.05 4.1671e+21    1.29   sub
 207   1  18  16  5.30e+20  13.796      1.59192   0.135182   2.7992     2.611  4.769e+21     9.999      1    0  5.2002e-20  1.9919e-20  1.3817e-22    7101.99   19879.91   596397.34 2.9526e+21    1.67   sub
 208   1  18  17  5.30e+20  13.796      1.59192   0.172884   2.3841     2.112  3.098e+21     6.845      1    0  2.5954e-20  1.2287e-20  1.1461e-22   10052.75   23966.52   718995.54 2.0927e+21    2.13   sub
 209   1  18  18  5.30e+20  13.796      1.59192     0.2211   2.0399     1.784  1.959e+21     4.695      1    0  1.2580e-20  7.0522e-21  9.3258e-23   14439.26   29454.59   883637.80 1.5142e+21    2.81   sub
 210   1  19   8  5.30e+20   8.647      2.36091  0.0188905  55.7890  1828.214  2.731e+22    52.531      1    0  3.9850e-18  2.1797e-21  7.6659e-23     642.28   35832.40  1074972.07 2.5184e+22    1.69  deep
 211   1  19   9  5.30e+20   9.008      2.36091   0.024159  40.1995   970.310  2.587e+22    49.813      1    0  2.5483e-18  2.6263e-21  8.3352e-23     819.78   32954.89   988646.71 2.0574e+22    1.64  deep
 212   1  19  10  5.30e+20   9.448      2.36091  0.0308968  27.0812   432.109  2.347e+22    45.279      1    0  1.5416e-18  3.5677e-21  9.3968e-23    1079.42   29231.93   876958.03 1.6388e+22    1.51  deep
 213   1  19  11  5.30e+20   9.810      2.36091  0.0395137  19.8008   217.287  2.122e+22    41.036      1    0  1.0497e-18  4.8310e-21  1.0407e-22    1332.99   26394.36   791830.84 1.3758e+22    1.37  deep
 214   1  19  12  5.30e+20  10.352      2.36091  0.0505338  13.0049    80.553  1.783e+22    34.648      1    0  6.1897e-19  7.6840e-21  1.1845e-22    1783.16   23189.78   695693.33 1.0782e+22    1.18  deep
 215   1  19  13  5.30e+20  10.907      2.36091  0.0646273   9.1293    33.364  1.466e+22    28.657      1    0  3.7811e-19  1.1333e-20  1.2848e-22    2341.93   21380.26   641407.68 8.5407e+21    1.05 super
 216   1  19  14  5.30e+20  11.571      2.36091  0.0826515   6.5861    14.772  1.148e+22    22.660      1    0  2.2164e-19  1.5004e-20  1.3238e-22    3150.56   20749.81   622494.28 6.5877e+21    1.00 super
 217   1  19  15  5.30e+20  12.355      2.36091   0.105703   4.9258     7.469  8.571e+21    17.171      1    0  1.2494e-19  1.6729e-20  1.2861e-22    4335.98   21358.31   640749.40 4.9520e+21    1.04   sub
 218   1  19  16  5.30e+20  13.246      2.36091   0.135182   3.8201     4.405  6.150e+21    12.604      1    0  6.8491e-20  1.5548e-20  1.1858e-22    6063.86   23164.85   694945.50 3.6607e+21    1.20   sub
 219   1  19  17  5.30e+20  13.796      2.36091   0.172884   3.0997     3.049  4.183e+21     8.893      1    0  3.5720e-20  1.1715e-20  1.0342e-22    8569.05   26561.42   796842.66 2.6428e+21    1.47   sub
 220   1  19  18  5.30e+20  13.796      2.36091     0.2211   2.6240     2.386  2.736e+21     6.162      1    0  1.7988e-20  7.5396e-21  8.6692e-23   12075.40   31685.29   950558.76 1.9057e+21    1.83   sub
 221   1  20  10  5.30e+20   9.409      3.50135  0.0308968  44.7323  1196.559  2.384e+22    45.978      1    0  1.5839e-18  1.3237e-21  5.7780e-23    1062.77   47540.21  1426206.33 1.6703e+22    1.66  deep
 222   1  20  11  5.30e+20   9.723      3.50135  0.0395137  34.4036   710.308  2.191e+22    42.338      1    0  1.1251e-18  1.5839e-21  6.2287e-23    1281.85   44100.22  1323006.59 1.4335e+22    1.60  deep
 223   1  20  12  5.30e+20  10.213      3.50135  0.0505338  22.9804   302.995  1.881e+22    36.499      1    0  6.8207e-19  2.2511e-21  7.0842e-23    1687.28   38774.28  1163228.30 1.1455e+22    1.44  deep
 224   1  20  13  5.30e+20  10.796      3.50135  0.0646273  14.7337   108.993  1.537e+22    29.997      1    0  3.9410e-19  3.6159e-21  8.1691e-23    2282.18   33624.94  1008748.21 8.9373e+21    1.24  deep
 225   1  20  14  5.30e+20  11.331      3.50135  0.0826515  10.4109    46.411  1.263e+22    24.835      1    0  2.4811e-19  5.3460e-21  8.9540e-23    2946.68   30677.58   920327.45 7.2208e+21    1.09 super
 226   1  20  15  5.30e+20  11.987      3.50135   0.105703   7.4126    19.781  9.885e+21    19.651      1    0  1.4730e-19  7.4463e-21  9.4206e-23    3933.58   29158.02   874740.57 5.6467e+21    1.01 super
 227   1  20  16  5.30e+20  12.753      3.50135   0.135182   5.4783     9.513  7.420e+21    15.000      1    0  8.4283e-20  8.8600e-21  9.3484e-23    5363.59   29383.21   881496.30 4.3154e+21    1.01   sub
 228   1  20  17  5.30e+20  13.628      3.50135   0.172884   4.1988     5.310  5.351e+21    11.096      1    0  4.6579e-20  8.7714e-21  8.7714e-23    7458.31   31316.08   939482.49 3.2363e+21    1.13   sub
 229   1  20  18  5.30e+20  13.796      3.50135     0.2211   3.4597     3.670  3.665e+21     7.915      1    0  2.4684e-20  6.7260e-21  7.7022e-23   10308.24   35663.34  1069900.24 2.3745e+21    1.31   sub
 230   1  21  11  5.30e+20   9.767      5.19269  0.0395137  52.3803  1621.706  2.171e+22    41.962      1    0  1.0609e-18  6.5421e-22  3.9638e-23    1323.00   69299.09  2078972.62 1.4041e+22    1.69  deep
 231   1  21  12  5.30e+20  10.224      5.19269  0.0505338  36.7189   810.121  1.882e+22    36.505      1    0  6.6213e-19  8.1732e-22  4.3661e-23    1713.40   62914.13  1887423.91 1.1401e+22    1.62  deep
 232   1  21  13  5.30e+20  10.676      5.19269  0.0646273  25.8455   391.086  1.611e+22    31.387      1    0  4.2689e-19  1.0915e-21  4.8739e-23    2180.59   56358.33  1690750.03 9.3918e+21    1.49  deep
 233   1  21  14  5.30e+20  11.164      5.19269  0.0826515  17.9467   173.485  1.349e+22    26.454      1    0  2.7331e-19  1.5754e-21  5.4921e-23    2786.84   50014.61  1500438.19 7.7069e+21    1.33  deep
 234   1  21  15  5.30e+20  11.802      5.19269   0.105703  11.7529    62.784  1.063e+22    21.065      1    0  1.5892e-19  2.5313e-21  6.2198e-23    3757.62   44162.90  1324887.10 6.0427e+21    1.14 super
 235   1  21  16  5.30e+20  12.469      5.19269   0.135182   8.2197    25.621  8.279e+21    16.621      1    0  9.4247e-20  3.6786e-21  6.6633e-23    5015.30   41224.09  1236722.65 4.7588e+21    1.03 super
 236   1  21  17  5.30e+20  13.203      5.19269   0.172884   6.0533    12.042  6.287e+21    12.862      1    0  5.5261e-20  4.5891e-21  6.7329e-23    6739.76   40797.64  1223929.33 3.7132e+21    1.00   sub
 237   1  21  18  5.30e+20  13.796      5.19269     0.2211   4.6973     6.728  4.579e+21     9.640      1    0  3.1227e-20  4.6416e-21  6.3807e-23    9164.85   43049.80  1291494.07 2.8363e+21    1.06   sub
 238   1  22  12  5.30e+20  10.220      7.70104  0.0505338  57.7325  1950.551  1.888e+22    36.626      1    0  6.5777e-19  3.3722e-22  2.7683e-23    1718.70   99224.64  2976739.08 1.1423e+22    1.69  deep
 239   1  22  13  5.30e+20  10.595      7.70104  0.0646273  43.9820  1157.758  1.661e+22    32.335      1    0  4.5406e-19  3.9219e-22  2.9652e-23    2106.27   92638.10  2779142.96 9.7169e+21    1.66  deep
 240   1  22  14  5.30e+20  11.063      7.70104  0.0826515  31.2202   582.188  1.403e+22    27.479      1    0  2.9238e-19  5.0221e-22  3.2804e-23    2682.11   83736.19  2512085.82 8.0240e+21    1.56  deep
 241   1  22  15  5.30e+20  11.654      7.70104   0.105703  20.3616   231.448  1.127e+22    22.259      1    0  1.7289e-19  7.4699e-22  3.7684e-23    3579.91   72892.78  2186783.44 6.3859e+21    1.39  deep
 242   1  22  16  5.30e+20  12.282      7.70104   0.135182  13.4123    86.851  8.897e+21    17.787      1    0  1.0243e-19  1.1794e-21  4.2894e-23    4774.60   64038.61  1921158.35 5.0804e+21    1.19  deep
 243   1  22  17  5.30e+20  12.914      7.70104   0.172884   9.4099    36.006  7.017e+21    14.240      1    0  6.2602e-20  1.7387e-21  4.6612e-23    6262.64   58931.06  1767931.77 4.0869e+21    1.06 super
 244   1  22  18  5.30e+20  13.655      7.70104     0.2211   6.7594    15.743  5.315e+21    11.029      1    0  3.6418e-20  2.3133e-21  4.8130e-23    8443.24   57071.47  1712144.02 3.2087e+21    1.00 super
 245   1  23  14  5.30e+20  11.031       11.421  0.0826515  50.6099  1518.550  1.421e+22    27.815      1    0  2.9728e-19  1.9576e-22  2.0434e-23    2656.07  134423.19  4032695.79 8.1275e+21    1.68  deep
 246   1  23  15  5.30e+20  11.611       11.421   0.105703  33.9017   689.399  1.146e+22    22.625      1    0  1.7575e-19  2.5493e-22  2.2862e-23    3544.08  120150.20  3604505.90 6.4907e+21    1.59  deep
 247   1  23  16  5.30e+20  12.190       11.421   0.135182  22.6786   294.305  9.221e+21    18.397      1    0  1.0673e-19  3.6266e-22  2.5993e-23    4659.83  105678.45  3170353.49 5.2499e+21    1.44  deep
 248   1  23  17  5.30e+20  12.744       11.421   0.172884  15.7140   127.091  7.486e+21    15.124      1    0  6.7755e-20  5.3312e-22  2.9231e-23    5980.07   93970.57  2819117.11 4.3283e+21    1.27  deep
 249   1  23  18  5.30e+20  13.397       11.421     0.2211  10.7284    50.034  5.859e+21    12.055      1    0  4.0747e-20  8.1440e-22  3.2384e-23    7906.39   84822.87  2544685.98 3.4851e+21    1.10 super
 250   1  24  16  5.30e+20  12.037       16.938   0.135182  40.4516   982.376  9.765e+21    19.425      1    0  1.1940e-19  1.2154e-22  1.5510e-23    4378.03  177098.62  5312958.56 5.5459e+21    1.64  deep
 251   1  24  17  5.30e+20  12.688       16.938   0.172884  26.2213   403.374  7.647e+21    15.429      1    0  6.8905e-20  1.7082e-22  1.7705e-23    5916.79  155146.04  4654381.25 4.4125e+21    1.50  deep
 252   1  24  18  5.30e+20  13.202       16.938     0.2211  18.6963   190.627  6.305e+21    12.895      1    0  4.5355e-20  2.3793e-22  1.9749e-23    7439.30  139087.12  4172613.75 3.7138e+21    1.35  deep
 253   1  25  17  5.30e+20  12.458        25.12   0.172884  48.5535  1402.287  8.327e+21    16.711      1    0  8.2315e-20  5.8701e-23  1.0547e-23    5364.17  260449.01  7813470.30 4.7767e+21    1.68  deep
 254   1  25  18  5.30e+20  13.205        25.12     0.2211  30.1553   541.754  6.293e+21    12.874      1    0  4.4184e-20  8.1557e-23  1.2084e-23    7538.00  227310.84  6819325.16 3.7107e+21    1.55  deep
 255   2   1   1  1.06e+21  11.404      0.00196   0.003376   0.5829     1.057  2.571e+20     1.243      1    0  4.8355e-18  4.5736e-18  1.4076e-20     669.63     390.30    11708.94 7.0197e+21   67.39   sub
 256   2   2   1  1.06e+21  10.635   0.00290678   0.003376   0.7331     1.091  3.810e+20     1.359      1    0  6.8000e-18  6.2318e-18  1.3742e-20     545.30     399.78    11993.36 9.5551e+21   35.06   sub
 257   2   2   2  1.06e+21  11.714   0.00290678 0.00431755   0.6138     1.064  3.777e+20     1.356      1    0  3.2256e-18  3.0328e-18  1.0772e-20     830.93     509.99    15299.62 6.2445e+21   58.09   sub
 258   2   2   3  1.06e+21  12.786   0.00290678 0.00552168   0.5189     1.045  3.726e+20     1.352      1    0  1.5639e-18  1.4962e-18  8.4917e-21    1246.76     646.96    19408.66 4.2671e+21   94.32   sub
 259   2   3   1  1.06e+21   9.854   0.00431092   0.003376   0.9356     1.150  5.648e+20     1.533      1    0  9.9714e-18  8.6701e-18  1.3546e-20     433.47     405.56    12166.83 1.3479e+22   17.88   sub
 260   2   3   2  1.06e+21  10.872   0.00431092 0.00431755   0.7804     1.104  5.598e+20     1.528      1    0  4.7389e-18  4.2943e-18  1.0659e-20     660.45     515.39    15461.68 8.6638e+21   29.43   sub
 261   2   3   3  1.06e+21  11.942   0.00431092 0.00552168   0.6552     1.073  5.520e+20     1.521      1    0  2.2764e-18  2.1224e-18  8.3962e-21     998.68     654.31    19629.32 5.7412e+21   48.20   sub
 262   2   3   4  1.06e+21  12.923   0.00431092 0.00706165   0.5619     1.053  5.413e+20     1.511      1    0  1.1722e-18  1.1131e-18  6.7539e-21    1447.73     813.42    24402.65 4.0750e+21   74.92   sub
 263   2   4   1  1.06e+21   9.134   0.00639332   0.003376   1.2035     1.253  8.372e+20     1.790      1    0  1.4741e-17  1.1767e-17  1.3300e-20     343.22     413.07    12392.10 1.9236e+22    9.23   sub
 264   2   4   2  1.06e+21  10.063   0.00639332 0.00431755   0.9999     1.172  8.294e+20     1.782      1    0  7.0282e-18  5.9964e-18  1.0531e-20     521.75     521.68    15650.43 1.2249e+22   14.96   sub
 265   2   4   3  1.06e+21  11.063   0.00639332 0.00552168   0.8380     1.120  8.187e+20     1.772      1    0  3.4202e-18  3.0544e-18  8.3598e-21     784.20     657.16    19714.77 8.0236e+21   24.15   sub
 266   2   4   4  1.06e+21  12.115   0.00639332 0.00706165   0.7059     1.084  8.007e+20     1.755      1    0  1.6678e-18  1.5380e-18  6.6227e-21    1175.19     829.53    24885.81 5.3923e+21   39.01   sub
 267   2   4   5  1.06e+21  13.182   0.00639332 0.00903109   0.5969     1.060  7.733e+20     1.730      1    0  8.0738e-19  7.6161e-19  5.2236e-21    1761.84    1051.72    31551.50 3.7391e+21   62.92   sub
 268   2   4   6  1.06e+21  13.796   0.00639332  0.0115498   0.5102     1.044  7.269e+20     1.686      1    0  3.6746e-19  3.5206e-19  4.0305e-21    2671.67    1363.03    40890.98 2.6484e+21   99.08   sub
 269   2   5   1  1.06e+21   8.513   0.00948164   0.003376   1.5564     1.435  1.240e+21     2.170      1    0  2.1502e-17  1.4983e-17  1.2866e-20     274.36     427.01    12810.30 2.7261e+22    4.96   sub
 270   2   5   2  1.06e+21   9.343   0.00948164 0.00431755   1.2848     1.290  1.230e+21     2.160      1    0  1.0249e-17  7.9458e-18  1.0271e-20     416.32     534.89    16046.65 1.7267e+22    7.84   sub
 271   2   5   3  1.06e+21  10.252   0.00948164 0.00552168   1.0741     1.200  1.213e+21     2.145      1    0  5.0476e-18  4.2080e-18  8.2311e-21     621.41     667.43    20023.03 1.1262e+22   12.38   sub
 272   2   5   4  1.06e+21  11.356   0.00948164 0.00706165   0.8854     1.134  1.184e+21     2.117      1    0  2.3040e-18  2.0317e-18  6.4099e-21     968.02     857.08    25712.27 7.1525e+21   20.77   sub
 273   2   5   5  1.06e+21  12.400   0.00948164 0.00903109   0.7474     1.095  1.142e+21     2.077      1    0  1.1331e-18  1.0350e-18  5.0955e-21    1442.43    1078.15    32344.39 4.8735e+21   33.21   sub
 274   2   5   6  1.06e+21  13.516   0.00948164  0.0115498   0.6266     1.066  1.073e+21     2.012      1    0  5.2589e-19  4.9320e-19  3.9661e-21    2210.56    1385.18    41555.35 3.3539e+21   54.74   sub
 275   2   5   7  1.06e+21  13.796   0.00948164   0.014771   0.5574     1.052  9.931e+20     1.937      1    0  2.8136e-19  2.6737e-19  3.2280e-21    3053.26    1701.92    51057.72 2.5745e+21   76.66   sub
 276   2   6   1  1.06e+21   7.987    0.0140618   0.003376   2.0390     1.783  1.838e+21     2.734      1    0  3.1220e-17  1.7508e-17  1.2217e-20     220.54     449.69    13490.60 3.8353e+22    2.81   sub
 277   2   6   2  1.06e+21   8.683    0.0140618 0.00431755   1.6768     1.511  1.821e+21     2.718      1    0  1.5233e-17  1.0084e-17  9.9523e-21     329.20     552.01    16560.23 2.4653e+22    4.20   sub
 278   2   6   3  1.06e+21   9.529    0.0140618 0.00552168   1.3815     1.338  1.796e+21     2.694      1    0  7.3077e-18  5.4628e-18  7.9867e-21     497.91     687.86    20635.72 1.5742e+22    6.56   sub
 279   2   6   4  1.06e+21  10.501    0.0140618 0.00706165   1.1425     1.227  1.754e+21     2.655      1    0  3.4775e-18  2.8345e-18  6.3459e-21     757.73     865.72    25971.59 1.0109e+22   10.54   sub
 280   2   6   5  1.06e+21  11.511    0.0140618 0.00903109   0.9583     1.158  1.692e+21     2.597      1    0  1.7103e-18  1.4774e-18  5.0682e-21    1131.19    1083.97    32519.08 6.7406e+21   16.76   sub
 281   2   6   6  1.06e+21  12.590    0.0140618  0.0115498   0.8040     1.110  1.597e+21     2.507      1    0  8.2157e-19  7.4013e-19  4.0030e-21    1706.89    1372.41    41172.22 4.5635e+21   27.09   sub
 282   2   6   7  1.06e+21  13.632    0.0140618   0.014771   0.6810     1.078  1.460e+21     2.377      1    0  3.9880e-19  3.6978e-19  3.1643e-21    2549.33    1736.15    52084.60 3.2320e+21   43.18   sub
 283   2   6   8  1.06e+21  13.796    0.0140618  0.0188905   0.5981     1.060  1.273e+21     2.201      1    0  1.9359e-19  1.8257e-19  2.4952e-21    3680.86    2201.68    66050.42 2.4047e+21   62.55   sub
 284   2   6   9  1.06e+21  13.796    0.0140618   0.024159   0.5270     1.047  1.033e+21     1.975      1    0  9.1929e-20  8.7827e-20  1.9517e-21    5341.51    2814.89    84446.76 1.8799e+21   90.19   sub
 285   2   7   1  1.06e+21   7.568    0.0208544   0.003376   2.7221     2.509  2.720e+21     3.566      1    0  4.4498e-17  1.7735e-17  1.1224e-20     179.82     489.48    14684.52 5.2771e+22    1.74   sub
 286   2   7   2  1.06e+21   8.138    0.0208544 0.00431755   2.2148     1.942  2.695e+21     3.543      1    0  2.2177e-17  1.1421e-17  9.3909e-21     264.14     585.00    17550.14 3.4569e+22    2.42   sub
 287   2   7   3  1.06e+21   8.860    0.0208544 0.00552168   1.8094     1.602  2.657e+21     3.507      1    0  1.0803e-17  6.7422e-18  7.6890e-21     394.89     714.50    21434.90 2.2300e+22    3.57   sub
 288   2   7   4  1.06e+21   9.723    0.0208544 0.00706165   1.4861     1.394  2.597e+21     3.450      1    0  5.2000e-18  3.7295e-18  6.2000e-21     596.25     886.08    26582.51 1.4335e+22    5.52   sub
 289   2   7   5  1.06e+21  10.694    0.0208544 0.00903109   1.2301     1.265  2.502e+21     3.360      1    0  2.5065e-18  1.9821e-18  4.9587e-21     900.63    1107.89    33236.60 9.3234e+21    8.74   sub
 290   2   7   6  1.06e+21  11.770    0.0208544  0.0115498   1.0202     1.179  2.355e+21     3.222      1    0  1.1834e-18  1.0034e-18  3.9161e-21    1375.13    1402.85    42085.56 6.1156e+21   14.18   sub
 291   2   7   7  1.06e+21  12.831    0.0208544   0.014771   0.8581     1.126  2.150e+21     3.028      1    0  5.7468e-19  5.1050e-19  3.1072e-21    2060.36    1768.08    53042.37 4.2025e+21   22.63   sub
 292   2   7   8  1.06e+21  13.796    0.0208544  0.0188905   0.7293     1.090  1.871e+21     2.766      1    0  2.7974e-19  2.5660e-19  2.4601e-21    3062.05    2233.16    66994.84 3.0127e+21   35.58   sub
 293   2   7   9  1.06e+21  13.796    0.0208544   0.024159   0.6370     1.069  1.492e+21     2.407      1    0  1.2726e-19  1.1910e-19  1.8997e-21    4539.88    2891.95    86758.50 2.2181e+21   52.22   sub
 294   2   7  10  1.06e+21  13.796    0.0208544  0.0308968   0.5719     1.055  1.163e+21     2.097      1    0  6.7635e-20  6.4103e-20  1.5425e-21    6227.38    3561.47   106843.98 1.8212e+21   71.18   sub
 295   2   8   1  1.06e+21   7.279    0.0309281   0.003376   3.6995     4.146  4.014e+21     4.787      1    0  5.9185e-17  1.4276e-17  9.7114e-21     152.91     565.70    16970.91 6.8458e+22    1.23   sub
 296   2   8   2  1.06e+21   7.723    0.0309281 0.00431755   2.9714     2.854  3.980e+21     4.755      1    0  3.0864e-17  1.0816e-17  8.4764e-21     218.12     648.12    19443.61 4.6585e+22    1.55   sub
 297   2   8   3  1.06e+21   8.315    0.0309281 0.00552168   2.3988     2.128  3.923e+21     4.701      1    0  1.5480e-17  7.2743e-18  7.1663e-21     319.58     766.60    22998.06 3.0801e+22    2.11   sub
 298   2   8   4  1.06e+21   9.071    0.0309281 0.00706165   1.9427     1.704  3.831e+21     4.614      1    0  7.4849e-18  4.3932e-18  5.8911e-21     480.03     932.54    27976.34 1.9882e+22    3.09   sub
 299   2   8   5  1.06e+21   9.928    0.0309281 0.00903109   1.5989     1.461  3.693e+21     4.484      1    0  3.6865e-18  2.5233e-18  4.8017e-21     715.57    1144.11    34323.45 1.3025e+22    4.67   sub
 300   2   8   6  1.06e+21  10.922    0.0309281  0.0115498   1.3180     1.306  3.480e+21     4.283      1    0  1.7662e-18  1.3526e-18  3.8443e-21    1084.29    1429.06    42871.95 8.4914e+21    7.36   sub
 301   2   8   7  1.06e+21  11.963    0.0309281   0.014771   1.0993     1.209  3.176e+21     3.996      1    0  8.5799e-19  7.0944e-19  3.0694e-21    1628.15    1789.86    53695.67 5.6978e+21   11.65   sub
 302   2   8   8  1.06e+21  13.066    0.0309281  0.0188905   0.9173     1.144  2.744e+21     3.589      1    0  4.0349e-19  3.5266e-19  2.4138e-21    2481.27    2275.99    68279.63 3.8849e+21   18.86   sub
 303   2   8   9  1.06e+21  13.796    0.0309281   0.024159   0.7852     1.105  2.228e+21     3.102      1    0  1.9497e-19  1.7646e-19  1.9075e-21    3667.84    2880.10    86402.89 2.8075e+21   28.93   sub
 304   2   8  10  1.06e+21  13.796    0.0309281  0.0308968   0.6953     1.082  1.686e+21     2.591      1    0  9.6377e-20  8.9085e-20  1.5146e-21    5216.80    3627.09   108812.72 2.1555e+21   40.72   sub
 305   2   8  11  1.06e+21  13.796    0.0309281  0.0395137   0.6106     1.063  1.153e+21     2.088      1    0  4.5176e-20  4.2502e-20  1.1807e-21    7619.68    4652.88   139586.49 1.7226e+21   58.95   sub
 306   2   8  12  1.06e+21  13.796    0.0309281  0.0505338   0.5430     1.050  7.738e+20     1.730      1    0  2.2658e-20  2.1587e-20  9.4039e-22   10759.30    5841.94   175258.31 1.4790e+21   82.71   sub
 307   2   9   1  1.06e+21   7.094    0.0458681   0.003376   5.1936     8.414  5.897e+21     6.563      1    0  7.2939e-17  8.6689e-18  7.7787e-21     135.99     706.25    21187.49 8.3099e+22    1.03   sub
 308   2   9   2  1.06e+21   7.432    0.0458681 0.00431755   4.0874     5.029  5.846e+21     6.515      1    0  4.0301e-17  8.0135e-18  7.1780e-21     187.25     765.35    22960.64 5.9323e+22    1.14   sub
 309   2   9   3  1.06e+21   7.897    0.0458681 0.00552168   3.2463     3.289  5.766e+21     6.439      1    0  2.1240e-17  6.4580e-18  6.3650e-21     265.87     863.11    25893.33 4.0882e+22    1.40   sub
 310   2   9   4  1.06e+21   8.513    0.0458681 0.00706165   2.5964     2.352  5.633e+21     6.314      1    0  1.0700e-17  4.5483e-18  5.4403e-21     388.93    1009.83    30294.85 2.7261e+22    1.86   sub
 311   2   9   5  1.06e+21   9.254    0.0458681 0.00903109   2.1088     1.844  5.430e+21     6.123      1    0  5.3578e-18  2.9055e-18  4.5460e-21     573.05    1208.47    36254.09 1.8070e+22    2.64   sub
 312   2   9   6  1.06e+21  10.138    0.0458681  0.0115498   1.7229     1.542  5.120e+21     5.831      1    0  2.6159e-18  1.6969e-18  3.7145e-21     858.41    1478.98    44369.43 1.1843e+22    3.96   sub
 313   2   9   7  1.06e+21  11.165    0.0458681   0.014771   1.4105     1.353  4.651e+21     5.388      1    0  1.2346e-18  9.1253e-19  2.9703e-21    1311.27    1849.58    55487.51 7.7047e+21    6.25   sub
 314   2   9   8  1.06e+21  12.210    0.0458681  0.0188905   1.1750     1.240  4.039e+21     4.811      1    0  5.9977e-19  4.8350e-19  2.3765e-21    1967.37    2311.71    69351.22 5.2122e+21    9.81   sub
 315   2   9   9  1.06e+21  13.265    0.0458681   0.024159   0.9865     1.167  3.283e+21     4.097      1    0  2.8999e-19  2.4841e-19  1.8883e-21    2949.05    2909.38    87281.43 3.6381e+21   15.50   sub
 316   2   9  10  1.06e+21  13.796    0.0458681  0.0308968   0.8493     1.123  2.455e+21     3.316      1    0  1.3915e-19  1.2390e-19  1.4899e-21    4341.58    3687.34   110620.31 2.6481e+21   23.28   sub
 317   2   9  11  1.06e+21  13.796    0.0458681  0.0395137   0.7455     1.094  1.683e+21     2.587      1    0  6.5678e-20  6.0016e-20  1.1661e-21    6319.50    4711.26   141337.70 2.0260e+21   33.45   sub
 318   2   9  12  1.06e+21  13.796    0.0458681  0.0505338   0.6577     1.073  1.104e+21     2.041      1    0  3.1717e-20  2.9555e-20  9.1848e-22    9093.80    5981.35   179440.55 1.6561e+21   47.66   sub
 319   2   9  13  1.06e+21  13.796    0.0458681  0.0646273   0.5857     1.058  7.250e+20     1.684      1    0  1.6080e-20  1.5202e-20  7.3445e-22   12771.48    7480.08   224402.54 1.4398e+21   66.46   sub
 320   2   9  14  1.06e+21  13.796    0.0458681  0.0826515   0.5111     1.044  4.343e+20     1.410      1    0  7.2115e-21  6.9082e-21  5.6367e-22   19071.22    9746.42   292392.64 1.2829e+21   98.59   sub
 321   2  10   1  1.06e+21   6.977    0.0680248   0.003376   7.7641    22.207  8.569e+21     9.084      1    0  8.5214e-17  3.8372e-18  5.6710e-21     124.77     968.74    29062.26 9.5527e+22    1.01 super
 322   2  10   2  1.06e+21   7.254    0.0680248 0.00431755   5.8155    10.945  8.505e+21     9.023      1    0  4.8170e-17  4.4012e-18  5.5830e-21     169.21     984.01    29520.42 7.0177e+22    1.00   sub
 323   2  10   3  1.06e+21   7.611    0.0680248 0.00552168   4.5144     6.177  8.393e+21     8.918      1    0  2.7063e-17  4.3816e-18  5.2627e-21     231.24    1043.90    31316.99 5.0920e+22    1.08   sub
 324   2  10   4  1.06e+21   8.095    0.0680248 0.00706165   3.5449     3.833  8.207e+21     8.742      1    0  1.4444e-17  3.7681e-18  4.7475e-21     326.43    1157.19    34715.59 3.5584e+22    1.28   sub
 325   2  10   5  1.06e+21   8.720    0.0680248 0.00903109   2.8190     2.637  7.910e+21     8.462      1    0  7.4065e-18  2.8082e-18  4.1190e-21     473.13    1333.75    40012.55 2.4131e+22    1.66   sub
 326   2  10   6  1.06e+21   9.477    0.0680248  0.0115498   2.2758     2.001  7.463e+21     8.040      1    0  3.7310e-18  1.8644e-18  3.4737e-21     694.93    1581.50    47445.13 1.6150e+22    2.30   sub
 327   2  10   7  1.06e+21  10.371    0.0680248   0.014771   1.8531     1.635  6.807e+21     7.422      1    0  1.8335e-18  1.1217e-18  2.8587e-21    1037.03    1921.75    57652.38 1.0692e+22    3.40   sub
 328   2  10   8  1.06e+21  11.386    0.0680248  0.0188905   1.5187     1.413  5.896e+21     6.562      1    0  8.7931e-19  6.2234e-19  2.3055e-21    1569.03    2382.84    71485.13 7.0701e+21    5.25   sub
 329   2  10   9  1.06e+21  12.448    0.0680248   0.024159   1.2592     1.278  4.778e+21     5.507      1    0  4.2215e-19  3.3035e-19  1.8426e-21    2367.80    2981.55    89446.43 4.7924e+21    8.24   sub
 330   2  10  10  1.06e+21  13.479    0.0680248  0.0308968   1.0591     1.194  3.603e+21     4.399      1    0  2.0611e-19  1.7265e-19  1.4710e-21    3526.06    3734.60   112037.87 3.3947e+21   12.84   sub
 331   2  10  11  1.06e+21  13.796    0.0680248  0.0395137   0.9150     1.143  2.467e+21     3.327      1    0  9.6784e-20  8.4648e-20  1.1534e-21    5205.82    4763.14   142894.12 2.4784e+21   18.99   sub
 332   2  10  12  1.06e+21  13.796    0.0680248  0.0505338   0.8080     1.111  1.637e+21     2.544      1    0  4.7526e-20  4.2772e-20  9.1520e-22    7428.89    6002.76   180082.77 1.9462e+21   26.72   sub
 333   2  10  13  1.06e+21  13.796    0.0680248  0.0646273   0.7131     1.086  1.049e+21     1.989      1    0  2.3088e-20  2.1256e-20  7.2276e-22   10658.52    7601.08   228032.55 1.6092e+21   37.90   sub
 334   2  10  14  1.06e+21  13.796    0.0680248  0.0826515   0.6225     1.065  6.326e+20     1.597      1    0  1.0455e-20  9.8128e-21  5.5715e-22   15839.26    9860.33   295810.00 1.3847e+21   55.78   sub
 335   2  10  15  1.06e+21  13.796    0.0680248   0.105703   0.5582     1.052  4.174e+20     1.394      1    0  5.5099e-21  5.2352e-21  4.5111e-22   21818.30   12178.24   365347.31 1.2722e+21   76.36   sub
 336   2  11   1  1.06e+21   6.922     0.100884   0.003376  12.2809    69.985  1.211e+22    12.422      1    0  9.1763e-17  1.3112e-18  3.7355e-21     119.75    1470.68    44120.47 1.0279e+23    1.16  deep
 337   2  11   2  1.06e+21   7.150     0.100884 0.00431755   8.7659    30.120  1.209e+22    12.408      1    0  5.3775e-17  1.7854e-18  3.9416e-21     159.00    1393.77    41813.13 7.8095e+22    1.04 super
 338   2  11   3  1.06e+21   7.433     0.100884 0.00552168   6.5634    14.648  1.198e+22    12.301      1    0  3.1908e-17  2.1783e-18  3.9773e-21     210.45    1381.28    41438.35 5.9281e+22    1.00 super
 339   2  11   4  1.06e+21   7.822     0.100884 0.00706165   4.9727     7.628  1.174e+22    12.072      1    0  1.7848e-17  2.3397e-18  3.8273e-21     288.66    1435.41    43062.20 4.3215e+22    1.04   sub
 340   2  11   5  1.06e+21   8.321     0.100884 0.00903109   3.8652     4.505  1.133e+22    11.689      1    0  9.6822e-18  2.1490e-18  3.5162e-21     404.22    1562.42    46872.53 3.0689e+22    1.19   sub
 341   2  11   6  1.06e+21   8.939     0.100884  0.0115498   3.0714     3.005  1.071e+22    11.106      1    0  5.1325e-18  1.7080e-18  3.1084e-21     575.43    1767.39    53021.63 2.1357e+22    1.49   sub
 342   2  11   7  1.06e+21   9.697     0.100884   0.014771   2.4691     2.205  9.803e+21    10.248      1    0  2.6244e-18  1.1902e-18  2.6546e-21     838.16    2069.55    62086.42 1.4514e+22    2.01   sub
 343   2  11   8  1.06e+21  10.613     0.100884  0.0188905   1.9953     1.746  8.514e+21     9.032      1    0  1.2823e-18  7.3424e-19  2.1949e-21    1254.40    2502.91    75087.22 9.6444e+21    2.93   sub
 344   2  11   9  1.06e+21  11.611     0.100884   0.024159   1.6371     1.485  6.939e+21     7.546      1    0  6.2584e-19  4.2145e-19  1.7868e-21    1878.12    3074.61    92238.27 6.4895e+21    4.43   sub
 345   2  11  10  1.06e+21  12.667     0.100884  0.0308968   1.3555     1.324  5.215e+21     5.920      1    0  3.0128e-19  2.2747e-19  1.4335e-21    2827.32    3832.52   114975.71 4.4437e+21    6.87   sub
 346   2  11  11  1.06e+21  13.717     0.100884  0.0395137   1.1328     1.223  3.615e+21     4.410      1    0  1.4361e-19  1.1744e-19  1.1380e-21    4261.45    4827.38   144821.43 3.1460e+21   10.78   sub
 347   2  11  12  1.06e+21  13.796     0.100884  0.0505338   0.9919     1.169  2.386e+21     3.251      1    0  6.9511e-20  5.9449e-20  9.0166e-22    6142.75    6092.89   182786.67 2.3535e+21   15.28   sub
 348   2  11  13  1.06e+21  13.796     0.100884  0.0646273   0.8690     1.129  1.504e+21     2.419      1    0  3.2790e-20  2.9044e-20  7.0687e-22    8943.78    7771.87   233156.14 1.8474e+21   21.86   sub
 349   2  11  14  1.06e+21  13.796     0.100884  0.0826515   0.7625     1.099  9.323e+20     1.879      1    0  1.5466e-20  1.4076e-20  5.5326e-22   13022.55    9929.74   297892.08 1.5388e+21   31.40   sub
 350   2  11  15  1.06e+21  13.796     0.100884   0.105703   0.6775     1.078  5.977e+20     1.564      1    0  7.7880e-21  7.2268e-21  4.4189e-22   18351.78   12432.47   372974.06 1.3638e+21   43.82   sub
 351   2  11  16  1.06e+21  13.796     0.100884   0.135182   0.5988     1.060  3.727e+20     1.352      1    0  3.7852e-21  3.5693e-21  3.4853e-22   26323.84   15762.54   472876.30 1.2482e+21   62.36   sub
 352   2  11  17  1.06e+21  13.796     0.100884   0.172884   0.5278     1.047  2.286e+20     1.216      1    0  1.8027e-21  1.7220e-21  2.7287e-22   38144.50   20133.29   603998.66 1.1750e+21   89.78   sub
 353   2  12   1  1.06e+21   6.881     0.149617   0.003376  20.9701   247.283  1.597e+22    16.068      1    0  9.8809e-17  3.9958e-19  2.2767e-21     115.07    2412.98    72389.43 1.0873e+23    1.40  deep
 354   2  12   2  1.06e+21   7.095     0.149617 0.00431755  14.1435    98.780  1.628e+22    16.357      1    0  5.7218e-17  5.7925e-19  2.5298e-21     153.54    2171.63    65148.83 8.3021e+22    1.22  deep
 355   2  12   3  1.06e+21   7.329     0.149617 0.00552168  10.1967    44.055  1.634e+22    16.417      1    0  3.5369e-17  8.0284e-19  2.7143e-21     198.49    2023.96    60718.95 6.5201e+22    1.09 super
 356   2  12   4  1.06e+21   7.638     0.149617 0.00706165   7.4330    19.917  1.617e+22    16.257      1    0  2.0994e-17  1.0540e-18  2.8102e-21     263.00    1954.91    58647.28 4.9837e+22    1.01 super
 357   2  12   5  1.06e+21   8.039     0.149617 0.00903109   5.5504     9.807  1.571e+22    15.825      1    0  1.1976e-17  1.2212e-18  2.7707e-21     357.23    1982.79    59483.61 3.6988e+22    1.01   sub
 358   2  12   6  1.06e+21   8.555     0.149617  0.0115498   4.2479     5.438  1.490e+22    15.056      1    0  6.5520e-18  1.2048e-18  2.5957e-21     498.23    2116.45    63493.56 2.6586e+22    1.12   sub
 359   2  12   7  1.06e+21   9.179     0.149617   0.014771   3.3481     3.466  1.370e+22    13.922      1    0  3.5241e-18  1.0168e-18  2.3317e-21     703.70    2356.07    70682.09 1.8788e+22    1.35   sub
 360   2  12   8  1.06e+21   9.937     0.149617  0.0188905   2.6791     2.454  1.203e+22    12.345      1    0  1.8297e-18  7.4552e-19  2.0179e-21    1016.18    2722.44    81673.20 1.2972e+22    1.78   sub
 361   2  12   9  1.06e+21  10.838     0.149617   0.024159   2.1633     1.893  9.879e+21    10.320      1    0  9.1216e-19  4.8174e-19  1.6896e-21    1503.02    3251.53    97545.84 8.7843e+21    2.52   sub
 362   2  12  10  1.06e+21  11.842     0.149617  0.0308968   1.7667     1.572  7.498e+21     8.074      1    0  4.4464e-19  2.8288e-19  1.3819e-21    2250.22    3975.48   119264.53 5.9551e+21    3.76   sub
 363   2  12  11  1.06e+21  12.900     0.149617  0.0395137   1.4576     1.378  5.247e+21     5.950      1    0  2.1299e-19  1.5452e-19  1.1107e-21    3393.35    4946.14   148384.34 4.1067e+21    5.78   sub
 364   2  12  12  1.06e+21  13.796     0.149617  0.0505338   1.2262     1.263  3.483e+21     4.286      1    0  1.0273e-19  8.1347e-20  8.8669e-22    5052.94    6195.75   185872.49 2.9549e+21    8.81   sub
 365   2  12  13  1.06e+21  13.796     0.149617  0.0646273   1.0752     1.200  2.238e+21     3.111      1    0  4.9680e-20  4.1402e-20  7.0323e-22    7266.07    7812.18   234365.29 2.2352e+21   12.35   sub
 366   2  12  14  1.06e+21  13.796     0.149617  0.0826515   0.9423     1.152  1.400e+21     2.321      1    0  2.3653e-20  2.0526e-20  5.5362e-22   10530.53    9923.25   297697.43 1.7803e+21   17.53   sub
 367   2  12  15  1.06e+21  13.796     0.149617   0.105703   0.8297     1.117  8.763e+20     1.827      1    0  1.1439e-20  1.0238e-20  4.3727e-22   15142.26   12563.70   376911.03 1.5056e+21   24.83   sub
 368   2  12  16  1.06e+21  13.796     0.149617   0.135182   0.7301     1.090  5.414e+20     1.511      1    0  5.4714e-21  5.0177e-21  3.4365e-22   21894.85   15986.44   479593.19 1.3334e+21   35.46   sub
 369   2  12  17  1.06e+21  13.796     0.149617   0.172884   0.6381     1.069  3.231e+20     1.305      1    0  2.4970e-21  2.3363e-21  2.6565e-22   32410.14   20680.55   620416.56 1.2225e+21   51.97   sub
 370   2  12  18  1.06e+21  13.796     0.149617     0.2211   0.5726     1.055  2.125e+20     1.200      1    0  1.3237e-21  1.2544e-21  2.1553e-22   44513.35   25489.30   764678.94 1.1666e+21   70.93   sub
 371   2  13   1  1.06e+21   6.844      0.22189   0.003376  36.6679   807.866  1.870e+22    18.643      1    0  1.0851e-16  1.3431e-19  1.3682e-21     109.51    4015.36   120460.86 1.1491e+23    1.61  deep
 372   2  13   2  1.06e+21   7.044      0.22189 0.00431755  24.7184   355.246  1.965e+22    19.534      1    0  6.2542e-17  1.7605e-19  1.5188e-21     146.33    3617.05   108511.52 8.8096e+22    1.47  deep
 373   2  13   3  1.06e+21   7.248      0.22189 0.00552168  17.5677   165.112  2.026e+22    20.115      1    0  3.9572e-17  2.3967e-19  1.6758e-21     186.61    3278.29    98348.57 7.0589e+22    1.32  deep
 374   2  13   4  1.06e+21   7.544      0.22189 0.00706165  11.7682    62.986  2.060e+22    20.430      1    0  2.2783e-17  3.6171e-19  1.8605e-21     250.91    2952.76    88582.84 5.3836e+22    1.14 super
 375   2  13   5  1.06e+21   7.874      0.22189 0.00903109   8.4099    27.137  2.039e+22    20.238      1    0  1.3634e-17  5.0239e-19  1.9714e-21     331.37    2786.78    83603.37 4.1582e+22    1.03 super
 376   2  13   6  1.06e+21   8.298      0.22189  0.0115498   6.1443    12.481  1.960e+22    19.487      1    0  7.8035e-18  6.2523e-19  1.9885e-21     449.65    2762.77    82883.07 3.1133e+22    1.00   sub
 377   2  13   7  1.06e+21   8.799      0.22189   0.014771   4.7054     6.753  1.823e+22    18.201      1    0  4.4599e-18  6.6044e-19  1.9064e-21     612.44    2881.79    86453.68 2.3083e+22    1.06   sub
 378   2  13   8  1.06e+21   9.430      0.22189  0.0188905   3.6669     4.078  1.618e+22    16.266      1    0  2.4233e-18  5.9424e-19  1.7418e-21     860.16    3154.10    94623.03 1.6530e+22    1.24   sub
 379   2  13   9  1.06e+21  10.194      0.22189   0.024159   2.9102     2.765  1.351e+22    13.749      1    0  1.2676e-18  4.5851e-19  1.5266e-21    1236.54    3598.59   107957.60 1.1550e+22    1.59   sub
 380   2  13  10  1.06e+21  11.108      0.22189  0.0308968   2.3317     2.058  1.041e+22    10.816      1    0  6.3086e-19  3.0658e-19  1.2877e-21    1829.68    4266.33   127989.76 7.8802e+21    2.21   sub
 381   2  13  11  1.06e+21  12.110      0.22189  0.0395137   1.8975     1.668  7.424e+21     8.004      1    0  3.0834e-19  1.8483e-19  1.0595e-21    2732.66    5185.15   155554.58 5.4013e+21    3.24   sub
 382   2  13  12  1.06e+21  13.132      0.22189  0.0505338   1.5694     1.443  5.012e+21     5.728      1    0  1.5049e-19  1.0429e-19  8.5942e-22    4073.25    6392.38   191771.41 3.8003e+21    4.87   sub
 383   2  13  13  1.06e+21  13.796      0.22189  0.0646273   1.3294     1.311  3.238e+21     4.055      1    0  7.2447e-20  5.5243e-20  6.8681e-22    6016.99    7998.91   239967.24 2.7638e+21    7.21   sub
 384   2  13  14  1.06e+21  13.796      0.22189  0.0826515   1.1598     1.234  2.029e+21     2.915      1    0  3.4397e-20  2.7874e-20  5.4245e-22    8732.37   10127.60   303827.96 2.1050e+21   10.15   sub
 385   2  13  15  1.06e+21  13.796      0.22189   0.105703   1.0155     1.178  1.262e+21     2.190      1    0  1.6403e-20  1.3928e-20  4.2783e-22   12645.23   12841.01   385230.31 1.7018e+21   14.35   sub
 386   2  13  16  1.06e+21  13.796      0.22189   0.135182   0.8877     1.135  7.683e+20     1.725      1    0  7.6553e-21  6.7464e-21  3.3435e-22   18510.10   16431.10   492933.13 1.4480e+21   20.62   sub
 387   2  13  17  1.06e+21  13.796      0.22189   0.172884   0.7864     1.105  4.870e+20     1.459      1    0  3.8210e-21  3.4573e-21  2.6663e-22   26200.19   20604.24   618127.13 1.3050e+21   28.81   sub
 388   2  13  18  1.06e+21  13.796      0.22189     0.2211   0.6962     1.082  3.059e+20     1.289      1    0  1.8870e-21  1.7439e-21  2.1166e-22   37282.13   25955.86   778675.89 1.2135e+21   40.56   sub
 389   2  14   1  1.06e+21   6.870     0.329075   0.003376  54.6074  1755.460  2.037e+22    20.215      1    0  9.8992e-17  5.6391e-20  8.7585e-22     114.87    6272.48   188174.45 1.1056e+23    1.69  deep
 390   2  14   2  1.06e+21   7.033     0.329075 0.00431755  40.4731   983.404  2.143e+22    21.212      1    0  6.3148e-17  6.4214e-20  9.3281e-22     145.51    5889.43   176682.86 8.9233e+22    1.64  deep
 391   2  14   3  1.06e+21   7.234     0.329075 0.00552168  28.9849   498.754  2.249e+22    22.221      1    0  3.9716e-17  7.9629e-20  1.0185e-21     186.09    5393.85   161815.57 7.1589e+22    1.54  deep
 392   2  14   4  1.06e+21   7.472     0.329075 0.00706165  20.3123   230.187  2.337e+22    23.050      1    0  2.4858e-17  1.0799e-19  1.1314e-21     239.06    4855.79   145673.65 5.7280e+22    1.39  deep
 393   2  14   5  1.06e+21   7.790     0.329075 0.00903109  13.5340    88.781  2.385e+22    23.499      1    0  1.4535e-17  1.6372e-19  1.2716e-21     319.21    4320.24   129607.27 4.4250e+22    1.20  deep
 394   2  14   6  1.06e+21   8.133     0.329075  0.0115498   9.5774    37.639  2.356e+22    23.228      1    0  8.8616e-18  2.3544e-19  1.3732e-21     417.71    4000.60   120018.14 3.4698e+22    1.07 super
 395   2  14   7  1.06e+21   8.546     0.329075   0.014771   6.9868    17.080  2.244e+22    22.168      1    0  5.2832e-18  3.0932e-19  1.4178e-21     554.58    3874.73   116241.78 2.6716e+22    1.00 super
 396   2  14   8  1.06e+21   9.076     0.329075  0.0188905   5.2043     8.453  2.032e+22    20.168      1    0  2.9842e-18  3.5301e-19  1.3882e-21     760.41    3957.38   118721.27 1.9838e+22    1.03   sub
 397   2  14   9  1.06e+21   9.705     0.329075   0.024159   4.0210     4.868  1.741e+22    17.423      1    0  1.6509e-18  3.3916e-19  1.2923e-21    1057.19    4251.01   127530.31 1.4460e+22    1.16   sub
 398   2  14  10  1.06e+21  10.465     0.329075  0.0308968   3.1697     3.162  1.391e+22    14.120      1    0  8.7578e-19  2.7701e-19  1.1499e-21    1507.28    4777.62   143328.66 1.0267e+22    1.43   sub
 399   2  14  11  1.06e+21  11.367     0.329075  0.0395137   2.5293     2.273  1.024e+22    10.662      1    0  4.4171e-19  1.9430e-19  9.8193e-22    2211.98    5594.82   167844.48 7.1205e+21    1.94   sub
 400   2  14  12  1.06e+21  12.357     0.329075  0.0505338   2.0516     1.794  7.058e+21     7.658      1    0  2.1747e-19  1.2123e-19  8.1468e-22    3286.85    6743.38   202301.53 4.9478e+21    2.78   sub
 401   2  14  13  1.06e+21  13.359     0.329075  0.0646273   1.6941     1.522  4.671e+21     5.407      1    0  1.0674e-19  7.0122e-20  6.6477e-22    4878.09    8264.16   247924.88 3.5287e+21    4.11   sub
 402   2  14  14  1.06e+21  13.796     0.329075  0.0826515   1.4431     1.370  2.966e+21     3.798      1    0  5.1078e-20  3.7272e-20  5.3125e-22    7165.96   10341.13   310234.04 2.5905e+21    5.92   sub
 403   2  14  15  1.06e+21  13.796     0.329075   0.105703   1.2578     1.277  1.853e+21     2.748      1    0  2.4402e-20  1.9105e-20  4.2129e-22   10367.65   13040.29   391208.79 2.0038e+21    8.26   sub
 404   2  14  16  1.06e+21  13.796     0.329075   0.135182   1.1038     1.211  1.164e+21     2.098      1    0  1.1892e-20  9.8190e-21  3.3512e-22   14850.98   16393.23   491796.76 1.6485e+21   11.53   sub
 405   2  14  17  1.06e+21  13.796     0.329075   0.172884   0.9684     1.161  7.206e+20     1.680      1    0  5.7050e-21  4.9135e-21  2.6459e-22   21441.84   20763.38   622901.43 1.4226e+21   16.29   sub
 406   2  14  18  1.06e+21  13.796     0.329075     0.2211   0.8503     1.123  4.431e+20     1.418      1    0  2.7222e-21  2.4232e-21  2.0813e-22   31040.93   26395.09   791852.56 1.2824e+21   23.20   sub
 407   2  15   3  1.06e+21   7.219     0.488036 0.00552168  47.2106  1328.448  2.353e+22    23.200      1    0  4.0414e-17  3.0422e-20  6.3144e-22     184.29    8700.34   261010.09 7.2668e+22    1.67  deep
 408   2  15   4  1.06e+21   7.456     0.488036 0.00706165  33.5463   674.751  2.469e+22    24.294      1    0  2.5053e-17  3.7129e-20  6.8846e-22     237.87    7979.70   239390.97 5.8081e+22    1.59  deep
 409   2  15   5  1.06e+21   7.737     0.488036 0.00903109  22.9970   303.478  2.554e+22    25.097      1    0  1.5282e-17  5.0357e-20  7.6997e-22     310.26    7134.99   214049.72 4.6073e+22    1.44  deep
 410   2  15   6  1.06e+21   8.031     0.488036  0.0115498  16.1476   135.546  2.578e+22    25.317      1    0  9.7073e-18  7.1616e-20  8.5785e-22     396.60    6404.09   192122.74 3.7191e+22    1.28  deep
 411   2  15   7  1.06e+21   8.411     0.488036   0.014771  11.0065    53.335  2.516e+22    24.735      1    0  5.7863e-18  1.0849e-19  9.4948e-22     525.70    5786.05   173581.45 2.9014e+22    1.11 super
 412   2  15   8  1.06e+21   8.850     0.488036  0.0188905   7.8204    22.613  2.349e+22    23.158      1    0  3.4313e-18  1.5174e-19  1.0032e-21     700.26    5476.36   164290.75 2.2428e+22    1.02 super
 413   2  15   9  1.06e+21   9.376     0.488036   0.024159   5.7743    10.762  2.077e+22    20.595      1    0  1.9839e-18  1.8434e-19  1.0037e-21     947.92    5473.64   164209.05 1.6984e+22    1.01   sub
 414   2  15  10  1.06e+21  10.006     0.488036  0.0308968   4.4127     5.886  1.726e+22    17.282      1    0  1.1125e-18  1.8900e-19  9.5206e-22    1307.66    5770.38   173111.36 1.2572e+22    1.09   sub
 415   2  15  11  1.06e+21  10.750     0.488036  0.0395137   3.4622     3.675  1.341e+22    13.650      1    0  6.0275e-19  1.6403e-19  8.6171e-22    1841.44    6375.38   191261.50 9.1085e+21    1.31   sub
 416   2  15  12  1.06e+21  11.634     0.488036  0.0505338   2.7515     2.547  9.646e+21    10.100      1    0  3.0886e-19  1.2125e-19  7.4609e-22    2676.16    7363.34   220900.32 6.4326e+21    1.71   sub
 417   2  15  13  1.06e+21  12.596     0.488036  0.0646273   2.2283     1.955  6.567e+21     7.196      1    0  1.5446e-19  7.9017e-20  6.2612e-22    3937.65    8774.26   263227.90 4.5528e+21    2.39   sub
 418   2  15  14  1.06e+21  13.591     0.488036  0.0826515   1.8300     1.617  4.278e+21     5.036      1    0  7.5322e-20  4.6571e-20  5.1255e-22    5857.15   10718.37   321550.96 3.2747e+21    3.49   sub
 419   2  15  15  1.06e+21  13.796     0.488036   0.105703   1.5703     1.443  2.701e+21     3.548      1    0  3.6173e-20  2.5059e-20  4.1086e-22    8515.29   13371.33   401140.05 2.4376e+21    4.86   sub
 420   2  15  16  1.06e+21  13.796     0.488036   0.135182   1.3665     1.330  1.687e+21     2.592      1    0  1.7365e-20  1.3056e-20  3.2712e-22   12290.13   16794.38   503831.43 1.9134e+21    6.74   sub
 421   2  15  17  1.06e+21  13.796     0.488036   0.172884   1.1946     1.249  1.051e+21     1.991      1    0  8.3704e-21  6.7021e-21  2.5978e-22   17701.77   21147.39   634421.72 1.5889e+21    9.41   sub
 422   2  15  18  1.06e+21  13.796     0.488036     0.2211   1.0466     1.189  6.499e+20     1.613      1    0  4.0158e-21  3.3772e-21  2.0540e-22   25556.59   26746.52   802395.68 1.3862e+21   13.25   sub
 423   2  16   4  1.06e+21   7.463     0.723783 0.00706165  52.4716  1627.102  2.546e+22    25.016      1    0  2.4434e-17  1.5017e-20  4.3448e-22     240.98   12644.41   379332.25 5.7737e+22    1.69  deep
 424   2  16   5  1.06e+21   7.655     0.723783 0.00903109  41.0472  1011.123  2.620e+22    25.716      1    0  1.7241e-17  1.7051e-20  4.6064e-22     290.55   11926.28   357788.40 4.9137e+22    1.64  deep
 425   2  16   6  1.06e+21   7.976     0.723783  0.0115498  27.7158   453.868  2.682e+22    26.306      1    0  1.0243e-17  2.2568e-20  5.1515e-22     384.77   10664.35   319930.62 3.8637e+22    1.52  deep
 426   2  16   7  1.06e+21   8.303     0.723783   0.014771  19.0958   200.080  2.666e+22    26.151      1    0  6.3901e-18  3.1938e-20  5.7883e-22     497.02    9491.04   284731.21 3.1050e+22    1.36  deep
 427   2  16   8  1.06e+21   8.722     0.723783  0.0188905  12.5889    74.383  2.540e+22    24.966      1    0  3.7251e-18  5.0080e-20  6.5405e-22     667.22    8399.58   251987.44 2.4103e+22    1.17  deep
 428   2  16   9  1.06e+21   9.183     0.723783   0.024159   8.7581    30.053  2.310e+22    22.788      1    0  2.2087e-18  7.3492e-20  7.0554e-22     889.07    7786.61   233598.16 1.8751e+22    1.04 super
 429   2  16  10  1.06e+21   9.686     0.723783  0.0308968   6.4777    14.185  2.008e+22    19.939      1    0  1.3288e-18  9.3675e-20  7.2043e-22    1177.22    7625.68   228770.34 1.4593e+22    1.00  crit
 430   2  16  11  1.06e+21  10.339     0.723783  0.0395137   4.8356     7.169  1.616e+22    16.245      1    0  7.3779e-19  1.0291e-19  6.9603e-22    1632.26    7892.95   236788.53 1.0842e+22    1.05   sub
 431   2  16  12  1.06e+21  11.067     0.723783  0.0505338   3.7749     4.306  1.235e+22    12.648      1    0  4.0773e-19  9.4684e-20  6.4064e-22    2271.68    8575.35   257260.51 8.0108e+21    1.21   sub
 432   2  16  13  1.06e+21  11.917     0.723783  0.0646273   2.9970     2.892  8.829e+21     9.330      1    0  2.1433e-19  7.4122e-20  5.6378e-22    3251.41    9744.53   292336.02 5.7926e+21    1.53   sub
 433   2  16  14  1.06e+21  12.860     0.723783  0.0826515   2.4161     2.147  5.965e+21     6.628      1    0  1.0797e-19  5.0296e-20  4.7782e-22    4758.67   11497.55   344926.35 4.1622e+21    2.08   sub
 434   2  16  15  1.06e+21  13.796     0.723783   0.105703   1.9781     1.732  3.851e+21     4.633      1    0  5.2476e-20  3.0292e-20  3.9284e-22    7069.88   13984.78   419543.39 3.0281e+21    2.98   sub
 435   2  16  16  1.06e+21  13.796     0.723783   0.135182   1.7133     1.535  2.453e+21     3.314      1    0  2.5725e-20  1.6759e-20  3.1756e-22   10097.51   17299.62   518988.73 2.3021e+21    4.01   sub
 436   2  16  17  1.06e+21  13.796     0.723783   0.172884   1.4854     1.394  1.526e+21     2.440      1    0  1.2300e-20  8.8241e-21  2.5327e-22   14602.99   21691.39   650741.83 1.8287e+21    5.53   sub
 437   2  16  18  1.06e+21  13.796     0.723783     0.2211   1.2924     1.293  9.414e+20     1.888      1    0  5.8458e-21  4.5194e-21  2.0068e-22   21182.13   27375.73   821271.93 1.5327e+21    7.72   sub
 438   2  17   5  1.06e+21   7.712      1.07341 0.00903109  59.7197  2079.069  2.686e+22    26.343      1    0  1.5474e-17  7.4428e-21  2.9884e-22     307.83   18383.55   551506.47 4.6973e+22    1.70  deep
 439   2  17   6  1.06e+21   7.866      1.07341  0.0115498  50.1432  1491.827  2.723e+22    26.693      1    0  1.2006e-17  8.0479e-21  3.1043e-22     352.93   17697.15   530914.58 4.1828e+22    1.68  deep
 440   2  17   7  1.06e+21   8.272      1.07341   0.014771  31.8988   608.593  2.737e+22    26.819      1    0  6.5153e-18  1.0706e-20  3.5053e-22     491.32   15672.42   470172.63 3.1662e+22    1.57  deep
 441   2  17   8  1.06e+21   8.632      1.07341  0.0188905  21.7602   268.564  2.652e+22    26.018      1    0  4.0181e-18  1.4961e-20  3.9504e-22     639.09   13906.73   417201.85 2.5402e+22    1.42  deep
 442   2  17   9  1.06e+21   9.079      1.07341   0.024159  14.1703    99.233  2.447e+22    24.089      1    0  2.3369e-18  2.3550e-20  4.5109e-22     859.46   12178.82   365364.64 1.9799e+22    1.22  deep
 443   2  17  10  1.06e+21   9.527      1.07341  0.0308968   9.9326    41.247  2.179e+22    21.556      1    0  1.4358e-18  3.4809e-20  4.9244e-22    1123.17   11156.03   334681.02 1.5761e+22    1.08 super
 444   2  17  11  1.06e+21  10.050      1.07341  0.0395137   7.1791    18.268  1.843e+22    18.389      1    0  8.5921e-19  4.7033e-20  5.1316e-22    1491.23   10705.74   321172.33 1.2324e+22    1.00 super
 445   2  17  12  1.06e+21  10.660      1.07341  0.0505338   5.3842     9.139  1.477e+22    14.933      1    0  4.9961e-19  5.4669e-20  5.0658e-22    2014.17   10844.66   325339.76 9.4536e+21    1.02   sub
 446   2  17  13  1.06e+21  11.382      1.07341  0.0646273   4.1504     5.187  1.114e+22    11.511      1    0  2.7803e-19  5.3604e-20  4.7444e-22    2789.93   11579.39   347381.65 7.0796e+21    1.13   sub
 447   2  17  14  1.06e+21  12.217      1.07341  0.0826515   3.2688     3.327  7.917e+21     8.469      1    0  1.4743e-19  4.4310e-20  4.2342e-22    3969.28   12974.71   389241.24 5.1993e+21    1.39   sub
 448   2  17  15  1.06e+21  13.135      1.07341   0.105703   2.6217     2.383  5.339e+21     6.036      1    0  7.4836e-20  3.1403e-20  3.6274e-22    5776.77   15145.09   454352.79 3.7967e+21    1.84   sub
 449   2  17  16  1.06e+21  13.796      1.07341   0.135182   2.1729     1.902  3.486e+21     4.289      1    0  3.7312e-20  1.9613e-20  3.0155e-22    8384.27   18218.50   546555.11 2.8276e+21    2.50   sub
 450   2  17  17  1.06e+21  13.796      1.07341   0.172884   1.8671     1.645  2.195e+21     3.071      1    0  1.7988e-20  1.0934e-20  2.4367e-22   12075.46   22545.87   676376.22 2.1663e+21    3.35   sub
 451   2  17  18  1.06e+21  13.796      1.07341     0.2211   1.6174     1.473  1.377e+21     2.299      1    0  8.7133e-21  5.9173e-21  1.9577e-22   17350.06   28061.83   841854.75 1.7518e+21    4.55   sub
 452   2  18   7  1.06e+21   8.124      1.59192   0.014771  58.7679  2017.086  2.781e+22    27.237      1    0  7.9853e-18  3.9588e-21  2.1256e-22     439.80   25845.90   775376.92 3.4905e+22    1.70  deep
 453   2  18   8  1.06e+21   8.553      1.59192  0.0188905  38.0159   868.411  2.718e+22    26.642      1    0  4.3694e-18  5.0315e-21  2.3689e-22     610.05   23191.49   695744.57 2.6615e+22    1.62  deep
 454   2  18   9  1.06e+21   8.977      1.59192   0.024159  24.9377   362.098  2.547e+22    25.024      1    0  2.5513e-18  7.0460e-21  2.6934e-22     817.93   20397.14   611914.15 2.0910e+22    1.48  deep
 455   2  18  10  1.06e+21   9.364      1.59192  0.0308968  17.3702   160.830  2.327e+22    22.951      1    0  1.6282e-18  1.0124e-20  3.0245e-22    1045.69   18163.94   544918.30 1.7084e+22    1.31  deep
 456   2  18  11  1.06e+21   9.864      1.59192  0.0395137  11.5556    60.203  2.003e+22    19.899      1    0  9.5781e-19  1.5910e-20  3.3976e-22    1399.29   16169.62   485088.73 1.3419e+22    1.13 super
 457   2  18  12  1.06e+21  10.403      1.59192  0.0505338   8.1322    24.941  1.657e+22    16.632      1    0  5.6947e-19  2.2833e-20  3.6249e-22    1863.67   15155.73   454671.89 1.0543e+22    1.02 super
 458   2  18  13  1.06e+21  11.027      1.59192  0.0646273   5.9594    11.600  1.303e+22    13.291      1    0  3.2917e-19  2.8377e-20  3.6528e-22    2523.73   15039.88   451196.49 8.1387e+21    1.00   sub
 459   2  18  14  1.06e+21  11.714      1.59192  0.0826515   4.5809     6.373  9.860e+21    10.302      1    0  1.8846e-19  2.9573e-20  3.4886e-22    3437.72   15747.72   472431.57 6.2439e+21    1.07   sub
 460   2  18  15  1.06e+21  12.538      1.59192   0.105703   3.5662     3.875  6.971e+21     7.576      1    0  1.0013e-19  2.5841e-20  3.1573e-22    4879.14   17400.11   522003.24 4.6461e+21    1.27   sub
 461   2  18  16  1.06e+21  13.414      1.59192   0.135182   2.8531     2.684  4.737e+21     5.469      1    0  5.1729e-20  1.9271e-20  2.7423e-22    7021.54   20033.04   600991.31 3.4663e+21    1.63   sub
 462   2  18  17  1.06e+21  13.796      1.59192   0.172884   2.3841     2.112  3.098e+21     3.922      1    0  2.5954e-20  1.2287e-20  2.2923e-22   10052.75   23966.52   718995.54 2.6227e+21    2.13   sub
 463   2  18  18  1.06e+21  13.796      1.59192     0.2211   2.0399     1.784  1.959e+21     2.848      1    0  1.2580e-20  7.0522e-21  1.8652e-22   14439.26   29454.59   883637.80 2.0442e+21    2.81   sub
 464   2  19   8  1.06e+21   8.616      2.36091  0.0188905  56.0090  1841.893  2.722e+22    26.678      1    0  3.9716e-18  2.1563e-21  1.5272e-22     642.25   35971.67  1079150.08 2.5630e+22    1.69  deep
 465   2  19   9  1.06e+21   8.988      2.36091   0.024159  39.6587   944.638  2.566e+22    25.207      1    0  2.4750e-18  2.6200e-21  1.6671e-22     830.95   32954.40   988631.96 2.0788e+22    1.64  deep
 466   2  19  10  1.06e+21   9.366      2.36091  0.0308968  27.9792   463.033  2.351e+22    23.182      1    0  1.5826e-18  3.4178e-21  1.8510e-22    1060.77   29679.42   890382.69 1.7069e+22    1.52  deep
 467   2  19  11  1.06e+21   9.745      2.36091  0.0395137  19.9483   220.970  2.107e+22    20.878      1    0  1.0409e-18  4.7108e-21  2.0643e-22    1334.11   26613.08   798392.28 1.4191e+22    1.38  deep
 468   2  19  12  1.06e+21  10.259      2.36091  0.0505338  13.1400    82.613  1.768e+22    17.684      1    0  6.1333e-19  7.4241e-21  2.3444e-22    1783.33   23433.01   702990.16 1.1225e+22    1.18  deep
 469   2  19  13  1.06e+21  10.803      2.36091  0.0646273   9.1251    33.325  1.439e+22    14.579      1    0  3.6698e-19  1.1012e-20  2.5449e-22    2365.73   21587.52   647625.53 8.9136e+21    1.05 super
 470   2  19  14  1.06e+21  11.399      2.36091  0.0826515   6.6657    15.213  1.133e+22    11.685      1    0  2.1805e-19  1.4334e-20  2.6143e-22    3152.57   21014.17   630425.14 7.0354e+21    1.00 super
 471   2  19  15  1.06e+21  12.091      2.36091   0.105703   5.0241     7.806  8.487e+21     9.007      1    0  1.2400e-19  1.5885e-20  2.5396e-22    4305.66   21631.96   648958.74 5.4400e+21    1.04   sub
 472   2  19  16  1.06e+21  12.868      2.36091   0.135182   3.9034     4.592  6.070e+21     6.727      1    0  6.7627e-20  1.4727e-20  2.3399e-22    6014.76   23478.25   704347.44 4.1504e+21    1.18   sub
 473   2  19  17  1.06e+21  13.690      2.36091   0.172884   3.1192     3.080  4.183e+21     4.946      1    0  3.5780e-20  1.1616e-20  2.0650e-22    8529.25   26604.36   798130.67 3.1727e+21    1.46   sub
 474   2  19  18  1.06e+21  13.796      2.36091     0.2211   2.6240     2.386  2.736e+21     3.581      1    0  1.7988e-20  7.5396e-21  1.7338e-22   12075.40   31685.29   950558.76 2.4357e+21    1.83   sub
 475   2  20  10  1.06e+21   9.333      3.50135  0.0308968  45.9629  1261.335  2.386e+22    23.506      1    0  1.6198e-18  1.2842e-21  1.1420e-22    1046.67   48108.02  1443240.61 1.7355e+22    1.67  deep
 476   2  20  11  1.06e+21   9.691      3.50135  0.0395137  33.7644   683.727  2.157e+22    21.345      1    0  1.0801e-18  1.5797e-21  1.2458e-22    1306.08   44099.17  1322975.24 1.4559e+22    1.59  deep
 477   2  20  12  1.06e+21  10.167      3.50135  0.0505338  22.4827   288.724  1.841e+22    18.368      1    0  6.4985e-19  2.2508e-21  1.4168e-22    1724.67   38775.10  1163252.95 1.1694e+22    1.43  deep
 478   2  20  13  1.06e+21  10.662      3.50135  0.0646273  15.1190   115.939  1.531e+22    15.444      1    0  3.9620e-19  3.4173e-21  1.6064e-22    2261.98   34198.96  1025968.73 9.4470e+21    1.25  deep
 479   2  20  14  1.06e+21  11.206      3.50135  0.0826515  10.3756    46.018  1.233e+22    12.633      1    0  2.3847e-19  5.1822e-21  1.7714e-22    2989.04   31012.90   930386.97 7.5814e+21    1.09 super
 480   2  20  15  1.06e+21  11.786      3.50135   0.105703   7.5018    20.379  9.701e+21    10.152      1    0  1.4375e-19  7.0538e-21  1.8549e-22    3948.11   29617.84   888535.21 6.0801e+21    1.01 super
 481   2  20  16  1.06e+21  12.449      3.50135   0.135182   5.5982    10.006  7.314e+21     7.900      1    0  8.3114e-20  8.3066e-21  1.8389e-22    5336.45   29874.68   896240.38 4.7915e+21    1.01   sub
 482   2  20  17  1.06e+21  13.198      3.50135   0.172884   4.3003     5.578  5.256e+21     5.959      1    0  4.5704e-20  8.1944e-21  1.7241e-22    7409.77   31864.18   955925.30 3.7185e+21    1.11   sub
 483   2  20  18  1.06e+21  13.796      3.50135     0.2211   3.4597     3.670  3.665e+21     4.458      1    0  2.4684e-20  6.7260e-21  1.5404e-22   10308.24   35663.34  1069900.24 2.9045e+21    1.31   sub
 484   2  21  11  1.06e+21   9.737      5.19269  0.0395137  51.2948  1558.122  2.133e+22    21.123      1    0  1.0130e-18  6.5016e-22  7.9225e-23    1351.85   69343.07  2080292.24 1.4239e+22    1.68  deep
 485   2  21  12  1.06e+21  10.112      5.19269  0.0505338  37.9074   863.470  1.884e+22    18.773      1    0  6.7541e-19  7.8221e-22  8.5900e-23    1687.14   63954.98  1918649.43 1.1984e+22    1.62  deep
 486   2  21  13  1.06e+21  10.595      5.19269  0.0646273  25.5873   382.741  1.577e+22    15.880      1    0  4.1061e-19  1.0728e-21  9.6937e-23    2214.91   56673.43  1700202.85 9.7163e+21    1.49  deep
 487   2  21  14  1.06e+21  11.021      5.19269  0.0826515  18.2710   180.806  1.334e+22    13.588      1    0  2.7056e-19  1.4964e-21  1.0805e-22    2782.88   50846.07  1525381.98 8.1592e+21    1.34  deep
 488   2  21  15  1.06e+21  11.638      5.19269   0.105703  11.7591    62.866  1.036e+22    10.770      1    0  1.5253e-19  2.4263e-21  1.2266e-22    3808.78   44787.95  1343638.45 6.4233e+21    1.14 super
 489   2  21  16  1.06e+21  12.195      5.19269   0.135182   8.4570    27.521  8.182e+21     8.719      1    0  9.3564e-20  3.3997e-21  1.3049e-22    4978.04   42099.49  1262984.74 5.2403e+21    1.03 super
 490   2  21  17  1.06e+21  12.849      5.19269   0.172884   6.1942    12.727  6.156e+21     6.808      1    0  5.3979e-20  4.2414e-21  1.3184e-22    6727.38   41670.50  1250115.09 4.1769e+21    1.00   sub
 491   2  21  18  1.06e+21  13.542      5.19269     0.2211   4.7493     6.891  4.500e+21     5.245      1    0  3.0530e-20  4.4305e-21  1.2596e-22    9183.27   43613.76  1308412.76 3.3263e+21    1.06   sub
 492   2  22  12  1.06e+21  10.135      7.70104  0.0505338  58.2396  1983.023  1.872e+22    18.662      1    0  6.5184e-19  3.2871e-22  5.4864e-23    1719.35  100134.30  3004029.07 1.1860e+22    1.70  deep
 493   2  22  13  1.06e+21  10.457      7.70104  0.0646273  45.6544  1244.964  1.666e+22    16.713      1    0  4.6542e-19  3.7384e-22  5.8223e-23    2066.77   94357.37  2830721.16 1.0305e+22    1.67  deep
 494   2  22  14  1.06e+21  10.951      7.70104  0.0826515  31.1586   579.815  1.375e+22    13.971      1    0  2.8271e-19  4.8758e-22  6.4970e-23    2713.80   84558.33  2536749.95 8.3914e+21    1.56  deep
 495   2  22  15  1.06e+21  11.482      7.70104   0.105703  20.6679   239.359  1.108e+22    11.448      1    0  1.6932e-19  7.0738e-22  7.4028e-23    3590.68   74212.03  2226360.98 6.8148e+21    1.39  deep
 496   2  22  16  1.06e+21  12.050      7.70104   0.135182  13.6872    91.240  8.722e+21     9.228      1    0  1.0011e-19  1.0972e-21  8.3905e-23    4783.71   65475.35  1964260.58 5.5205e+21    1.20  deep
 497   2  22  17  1.06e+21  12.581      7.70104   0.172884   9.7812    39.686  6.937e+21     7.544      1    0  6.2389e-20  1.5721e-21  9.0708e-23    6191.94   60564.74  1816942.12 4.5770e+21    1.07 super
 498   2  22  18  1.06e+21  13.207      7.70104     0.2211   7.0488    17.457  5.254e+21     5.956      1    0  3.6331e-20  2.0811e-21  9.3751e-23    8313.41   58599.44  1757983.24 3.7083e+21    1.00 super
 499   2  23  14  1.06e+21  10.856       11.421  0.0826515  52.9222  1653.847  1.429e+22    14.478      1    0  3.0673e-19  1.8546e-22  4.0017e-23    2594.10  137285.78  4118573.49 8.7199e+21    1.69  deep
 500   2  23  15  1.06e+21  11.399       11.421   0.105703  35.5295   758.163  1.147e+22    11.823      1    0  1.7963e-19  2.3692e-22  4.4516e-23    3473.47  123410.68  3702320.37 7.0354e+21    1.61  deep
 501   2  23  16  1.06e+21  11.947       11.421   0.135182  23.5070   318.435  9.118e+21     9.602      1    0  1.0638e-19  3.3406e-22  5.0574e-23    4621.03  108626.61  3258798.28 5.7292e+21    1.45  deep
 502   2  23  17  1.06e+21  12.435       11.421   0.172884  16.4199   140.990  7.398e+21     7.980      1    0  6.7622e-20  4.7962e-22  5.6585e-23    5912.90   97088.97  2912669.01 4.8150e+21    1.29  deep
 503   2  23  18  1.06e+21  13.018       11.421     0.2211  11.1091    54.582  5.725e+21     6.401      1    0  3.9840e-20  7.2991e-22  6.2743e-23    7881.79   87559.20  2626775.92 3.9477e+21    1.12 super
 504   2  24  16  1.06e+21  11.781       16.938   0.135182  42.6799  1091.687  9.783e+21    10.229      1    0  1.2258e-19  1.1228e-22  3.0112e-23    4274.67  182442.43  5473272.94 6.0914e+21    1.65  deep
 505   2  24  17  1.06e+21  12.324       16.938   0.172884  28.7218   489.299  7.764e+21     8.324      1    0  7.3038e-20  1.4927e-22  3.3771e-23    5663.87  162676.58  4880297.44 5.0070e+21    1.53  deep
 506   2  24  18  1.06e+21  12.859       16.938     0.2211  19.3106   205.253  6.144e+21     6.796      1    0  4.4132e-20  2.1501e-22  3.8222e-23    7443.11  143731.24  4311937.09 4.1628e+21    1.36  deep
 507   2  25  17  1.06e+21  12.235        25.12   0.172884  48.7026  1410.588  8.056e+21     8.600      1    0  7.8387e-20  5.5570e-23  2.0707e-23    5447.45  265305.04  7959151.16 5.1670e+21    1.68  deep
 508   2  25  18  1.06e+21  12.791        25.12     0.2211  32.8094   644.808  6.327e+21     6.969      1    0  4.6042e-20  7.1404e-23  2.3040e-23    7267.64  238447.11  7153413.33 4.2604e+21    1.58  deep
 509   3   1   1  2.12e+21  11.058      0.00196   0.003376   0.5911     1.059  2.569e+20     1.121      1    0  4.7857e-18  4.5195e-18  2.8046e-20     662.82     391.76    11752.94 8.0375e+21   64.74   sub
 510   3   2   1  2.12e+21  10.401   0.00290678   0.003376   0.7403     1.093  3.808e+20     1.180      1    0  6.7311e-18  6.1583e-18  2.7381e-20     542.01     401.28    12038.25 1.0556e+22   34.11   sub
 511   3   2   2  2.12e+21  11.333   0.00290678 0.00431755   0.6215     1.065  3.775e+20     1.178      1    0  3.1449e-18  2.9524e-18  2.1357e-20     827.72     514.47    15434.01 7.2166e+21   56.03   sub
 512   3   2   3  2.12e+21  12.111   0.00290678 0.00552168   0.5366     1.048  3.728e+20     1.176      1    0  1.6184e-18  1.5436e-18  1.7168e-20    1192.81     640.01    19200.40 5.4000e+21   85.60   sub
 513   3   3   1  2.12e+21   9.690   0.00431092   0.003376   0.9446     1.153  5.649e+20     1.266      1    0  1.0008e-17  8.6797e-18  2.7111e-20     429.04     405.27    12158.17 1.4565e+22   17.42   sub
 514   3   3   2  2.12e+21  10.580   0.00431092 0.00431755   0.7930     1.107  5.600e+20     1.264      1    0  4.7909e-18  4.3279e-18  2.1383e-20     647.99     513.84    15415.23 9.7761e+21   28.15   sub
 515   3   3   3  2.12e+21  11.464   0.00431092 0.00552168   0.6714     1.076  5.521e+20     1.260      1    0  2.3224e-18  2.1579e-18  1.6893e-20     968.75     650.41    19512.27 6.8619e+21   44.96   sub
 516   3   3   4  2.12e+21  12.257   0.00431092 0.00706165   0.5769     1.056  5.410e+20     1.255      1    0  1.1680e-18  1.1059e-18  1.3484e-20    1412.52     814.85    24445.51 5.1265e+21   69.43   sub
 517   3   4   1  2.12e+21   9.033   0.00639332   0.003376   1.2109     1.256  8.373e+20     1.395      1    0  1.4745e-17  1.1739e-17  2.6587e-20     341.29     413.26    12397.71 2.0293e+22    9.09   sub
 518   3   4   2  2.12e+21   9.890   0.00639332 0.00431755   1.0080     1.175  8.300e+20     1.392      1    0  6.9838e-18  5.9437e-18  2.1007e-20     518.89     523.05    15691.43 1.3258e+22   14.64   sub
 519   3   4   3  2.12e+21  10.765   0.00639332 0.00552168   0.8491     1.123  8.185e+20     1.386      1    0  3.3985e-18  3.0263e-18  1.6674e-20     776.04     658.94    19768.18 9.0516e+21   23.29   sub
 520   3   4   4  2.12e+21  11.635   0.00639332 0.00706165   0.7199     1.088  8.007e+20     1.378      1    0  1.6563e-18  1.5225e-18  1.3206e-20    1155.70     831.99    24959.61 6.4305e+21   36.90   sub
 521   3   4   5  2.12e+21  12.479   0.00639332 0.00903109   0.6106     1.063  7.715e+20     1.364      1    0  7.8223e-19  7.3593e-19  1.0332e-20    1741.56    1063.42    31902.51 4.7422e+21   58.95   sub
 522   3   4   6  2.12e+21  13.174   0.00639332  0.0115498   0.5256     1.046  7.295e+20     1.344      1    0  3.8148e-19  3.6454e-19  8.1577e-21    2562.43    1346.89    40406.69 3.7480e+21   90.87   sub
 523   3   5   1  2.12e+21   8.449   0.00948164   0.003376   1.5638     1.440  1.240e+21     1.585      1    0  2.1541e-17  1.4964e-17  2.5731e-20     273.07     427.02    12810.53 2.8343e+22    4.91   sub
 524   3   5   2  2.12e+21   9.222   0.00948164 0.00431755   1.2952     1.295  1.230e+21     1.580      1    0  1.0296e-17  7.9516e-18  2.0557e-20     412.68     534.49    16034.75 1.8368e+22    7.68   sub
 525   3   5   3  2.12e+21  10.051   0.00948164 0.00552168   1.0856     1.204  1.213e+21     1.572      1    0  5.0478e-18  4.1925e-18  1.6450e-20     615.28     667.93    20037.81 1.2317e+22   12.04   sub
 526   3   5   4  2.12e+21  10.988   0.00948164 0.00706165   0.9031     1.140  1.184e+21     1.558      1    0  2.3369e-18  2.0507e-18  1.2868e-20     945.50     853.87    25616.19 8.2664e+21   19.68   sub
 527   3   5   5  2.12e+21  11.873   0.00948164 0.00903109   0.7622     1.099  1.140e+21     1.538      1    0  1.1138e-18  1.0138e-18  1.0126e-20    1423.60    1085.12    32553.54 5.8883e+21   31.43   sub
 528   3   5   6  2.12e+21  12.653   0.00948164  0.0115498   0.6521     1.072  1.076e+21     1.508      1    0  5.4448e-19  5.0797e-19  8.0163e-21    2101.94    1370.65    41119.41 4.4659e+21   48.85   sub
 529   3   5   7  2.12e+21  13.268   0.00948164   0.014771   0.5687     1.054  9.931e+20     1.468      1    0  2.8169e-19  2.6714e-19  6.4559e-21    2992.46    1701.93    51057.81 3.6352e+21   72.33   sub
 530   3   6   1  2.12e+21   7.949    0.0140618   0.003376   2.0446     1.788  1.838e+21     1.867      1    0  3.1192e-17  1.7446e-17  2.4413e-20     220.12     450.07    13502.11 3.9378e+22    2.80   sub
 531   3   6   2  2.12e+21   8.609    0.0140618 0.00431755   1.6861     1.517  1.821e+21     1.859      1    0  1.5270e-17  1.0067e-17  1.9904e-20     327.41     552.02    16560.71 2.5739e+22    4.15   sub
 532   3   6   3  2.12e+21   9.403    0.0140618 0.00552168   1.3908     1.343  1.795e+21     1.847      1    0  7.2788e-18  5.4216e-18  1.5941e-20     495.59     689.27    20678.22 1.6757e+22    6.46   sub
 533   3   6   4  2.12e+21  10.267    0.0140618 0.00706165   1.1574     1.233  1.754e+21     1.827      1    0  3.4904e-18  2.8308e-18  1.2694e-20     747.85     865.54    25966.05 1.1185e+22   10.20   sub
 534   3   6   5  2.12e+21  11.136    0.0140618 0.00903109   0.9750     1.163  1.692e+21     1.798      1    0  1.7084e-18  1.4685e-18  1.0122e-20    1113.27    1085.45    32563.54 7.7928e+21   16.00   sub
 535   3   6   6  2.12e+21  11.996    0.0140618  0.0115498   0.8251     1.116  1.597e+21     1.753      1    0  8.2468e-19  7.3895e-19  8.0074e-21    1662.99    1372.16    41164.88 5.6298e+21   25.21   sub
 536   3   6   7  2.12e+21  12.765    0.0140618   0.014771   0.7051     1.084  1.461e+21     1.689      1    0  4.0089e-19  3.6974e-19  6.3329e-21    2460.45    1734.99    52049.65 4.2981e+21   39.12   sub
 537   3   6   8  2.12e+21  13.427    0.0140618  0.0188905   0.6050     1.062  1.269e+21     1.598      1    0  1.9075e-19  1.7966e-19  4.9647e-21    3658.32    2213.11    66393.29 3.4512e+21   60.55   sub
 538   3   6   9  2.12e+21  13.796    0.0140618   0.024159   0.5270     1.047  1.033e+21     1.487      1    0  9.1929e-20  8.7827e-20  3.9033e-21    5341.51    2814.89    84446.76 2.9399e+21   90.19   sub
 539   3   7   1  2.12e+21   7.545    0.0208544   0.003376   2.7274     2.516  2.720e+21     2.283      1    0  4.4460e-17  1.7672e-17  2.2428e-20     179.63     489.90    14697.09 5.3786e+22    1.73   sub
 540   3   7   2  2.12e+21   8.095    0.0208544 0.00431755   2.2220     1.949  2.695e+21     2.271      1    0  2.2157e-17  1.1370e-17  1.8762e-20     263.55     585.62    17568.59 3.5594e+22    2.40   sub
 541   3   7   3  2.12e+21   8.779    0.0208544 0.00552168   1.8194     1.610  2.656e+21     2.253      1    0  1.0801e-17  6.7105e-18  1.5363e-20     393.09     715.20    21456.06 2.3346e+22    3.53   sub
 542   3   7   4  2.12e+21   9.578    0.0208544 0.00706165   1.4983     1.401  2.596e+21     2.225      1    0  5.1899e-18  3.7038e-18  1.2379e-20     592.36     887.56    26626.69 1.5369e+22    5.42   sub
 543   3   7   5  2.12e+21  10.446    0.0208544 0.00903109   1.2450     1.271  2.501e+21     2.180      1    0  2.4947e-18  1.9623e-18  9.8912e-21     892.24    1110.83    33324.85 1.0352e+22    8.48   sub
 544   3   7   6  2.12e+21  11.330    0.0208544  0.0115498   1.0441     1.188  2.358e+21     2.112      1    0  1.2024e-18  1.0120e-18  7.8621e-21    1338.47    1397.52    41925.59 7.2247e+21   13.33   sub
 545   3   7   7  2.12e+21  12.211    0.0208544   0.014771   0.8771     1.131  2.141e+21     2.010      1    0  5.6128e-19  4.9606e-19  6.1593e-21    2033.76    1783.87    53516.16 5.2114e+21   21.31   sub
 546   3   7   8  2.12e+21  12.954    0.0208544  0.0188905   0.7495     1.095  1.857e+21     1.876      1    0  2.7128e-19  2.4766e-19  4.8654e-21    3013.14    2258.29    67748.84 4.0320e+21   32.95   sub
 547   3   7   9  2.12e+21  13.578    0.0208544   0.024159   0.6437     1.070  1.499e+21     1.707      1    0  1.2895e-19  1.2052e-19  3.8151e-21    4474.28    2880.01    86400.33 3.2881e+21   50.69   sub
 548   3   7  10  2.12e+21  13.796    0.0208544  0.0308968   0.5719     1.055  1.163e+21     1.548      1    0  6.7635e-20  6.4103e-20  3.0851e-21    6227.38    3561.47   106843.98 2.8812e+21   71.18   sub
 549   3   8   1  2.12e+21   7.264    0.0309281   0.003376   3.7060     4.159  4.013e+21     2.893      1    0  5.9182e-17  1.4229e-17  1.9408e-20     152.76     566.12    16983.53 6.9491e+22    1.23   sub
 550   3   8   2  2.12e+21   7.696    0.0309281 0.00431755   2.9784     2.864  3.979e+21     2.877      1    0  3.0826e-17  1.0764e-17  1.6933e-20     217.86     648.88    19466.45 4.7590e+22    1.54   sub
 551   3   8   3  2.12e+21   8.263    0.0309281 0.00552168   2.4088     2.139  3.923e+21     2.850      1    0  1.5477e-17  7.2366e-18  1.4317e-20     318.60     767.45    23023.56 3.1840e+22    2.09   sub
 552   3   8   4  2.12e+21   8.973    0.0309281 0.00706165   1.9567     1.715  3.831e+21     2.807      1    0  7.5029e-18  4.3749e-18  1.1776e-20     476.85     933.06    27991.89 2.0957e+22    3.05   sub
 553   3   8   5  2.12e+21   9.762    0.0309281 0.00903109   1.6145     1.471  3.693e+21     2.742      1    0  3.6849e-18  2.5055e-18  9.5891e-21     709.72    1145.83    34375.03 1.4072e+22    4.57   sub
 554   3   8   6  2.12e+21  10.635    0.0309281  0.0115498   1.3382     1.316  3.479e+21     2.641      1    0  1.7700e-18  1.3452e-18  7.6822e-21    1068.81    1430.24    42907.33 9.5548e+21    7.09   sub
 555   3   8   7  2.12e+21  11.517    0.0309281   0.014771   1.1203     1.218  3.170e+21     2.495      1    0  8.5017e-19  6.9815e-19  6.1115e-21    1604.83    1797.83    53934.96 6.7255e+21   11.09   sub
 556   3   8   8  2.12e+21  12.343    0.0309281  0.0188905   0.9481     1.154  2.753e+21     2.298      1    0  4.1028e-19  3.5545e-19  4.8459e-21    2391.60    2267.38    68021.51 4.9733e+21   17.25   sub
 557   3   8   9  2.12e+21  13.067    0.0309281   0.024159   0.8098     1.112  2.237e+21     2.055      1    0  1.9787e-19  1.7799e-19  3.8291e-21    3543.39    2869.48    86084.52 3.8834e+21   26.55   sub
 558   3   8  10  2.12e+21  13.648    0.0309281  0.0308968   0.6992     1.083  1.686e+21     1.796      1    0  9.6404e-20  8.9033e-20  3.0290e-21    5188.11    3627.38   108821.43 3.2156e+21   40.08   sub
 559   3   8  11  2.12e+21  13.796    0.0309281  0.0395137   0.6106     1.063  1.153e+21     1.544      1    0  4.5176e-20  4.2502e-20  2.3614e-21    7619.68    4652.88   139586.49 2.7826e+21   58.95   sub
 560   3   8  12  2.12e+21  13.796    0.0309281  0.0505338   0.5430     1.050  7.738e+20     1.365      1    0  2.2658e-20  2.1587e-20  1.8808e-21   10759.30    5841.94   175258.31 2.5390e+21   82.71   sub
 561   3   9   1  2.12e+21   7.084    0.0458681   0.003376   5.2007     8.440  5.897e+21     3.782      1    0  7.2895e-17  8.6367e-18  1.5543e-20     135.93     706.91    21207.21 8.4100e+22    1.03   sub
 562   3   9   2  2.12e+21   7.413    0.0458681 0.00431755   4.0966     5.052  5.847e+21     3.758      1    0  4.0291e-17  7.9754e-18  1.4340e-20     187.03     766.19    22985.68 6.0345e+22    1.14   sub
 563   3   9   3  2.12e+21   7.864    0.0458681 0.00552168   3.2552     3.304  5.764e+21     3.719      1    0  2.1198e-17  6.4157e-18  1.2709e-20     265.59     864.54    25936.27 4.1868e+22    1.39   sub
 564   3   9   4  2.12e+21   8.450    0.0458681 0.00706165   2.6108     2.370  5.632e+21     3.657      1    0  1.0715e-17  4.5218e-18  1.0869e-20     387.20    1010.89    30326.85 2.8324e+22    1.85   sub
 565   3   9   5  2.12e+21   9.145    0.0458681 0.00903109   2.1251     1.859  5.429e+21     3.561      1    0  5.3615e-18  2.8848e-18  9.0793e-21     569.47    1210.16    36304.90 1.9122e+22    2.60   sub
 566   3   9   6  2.12e+21   9.951    0.0458681  0.0115498   1.7422     1.555  5.118e+21     3.414      1    0  2.6162e-18  1.6827e-18  7.4164e-21     850.38    1481.51    44445.43 1.2892e+22    3.87   sub
 567   3   9   7  2.12e+21  10.835    0.0458681   0.014771   1.4370     1.367  4.655e+21     3.196      1    0  1.2456e-18  9.1114e-19  5.9455e-21    1286.01    1848.03    55440.76 8.7954e+21    5.98   sub
 568   3   9   8  2.12e+21  11.696    0.0458681  0.0188905   1.2043     1.253  4.042e+21     2.907      1    0  6.0370e-19  4.8174e-19  4.7535e-21    1919.28    2311.44    69343.25 6.2849e+21    9.22   sub
 569   3   9   9  2.12e+21  12.527    0.0458681   0.024159   1.0136     1.177  3.257e+21     2.536      1    0  2.8452e-19  2.4173e-19  3.7464e-21    2893.30    2932.78    87983.32 4.6628e+21   14.42   sub
 570   3   9  10  2.12e+21  13.222    0.0458681  0.0308968   0.8660     1.128  2.436e+21     2.149      1    0  1.3694e-19  1.2139e-19  2.9612e-21    4284.50    3710.42   111312.49 3.6903e+21   22.07   sub
 571   3   9  11  2.12e+21  13.779    0.0458681  0.0395137   0.7459     1.094  1.682e+21     1.793      1    0  6.5632e-20  5.9969e-20  2.3316e-21    6317.77    4712.43   141372.90 3.0855e+21   33.40   sub
 572   3   9  12  2.12e+21  13.796    0.0458681  0.0505338   0.6577     1.073  1.104e+21     1.521      1    0  3.1717e-20  2.9555e-20  1.8370e-21    9093.80    5981.35   179440.55 2.7161e+21   47.66   sub
 573   3   9  13  2.12e+21  13.796    0.0458681  0.0646273   0.5857     1.058  7.250e+20     1.342      1    0  1.6080e-20  1.5202e-20  1.4689e-21   12771.48    7480.08   224402.54 2.4998e+21   66.46   sub
 574   3   9  14  2.12e+21  13.796    0.0458681  0.0826515   0.5111     1.044  4.343e+20     1.205      1    0  7.2115e-21  6.9082e-21  1.1273e-21   19071.22    9746.42   292392.64 2.3429e+21   98.59   sub
 575   3  10   1  2.12e+21   6.970    0.0680248   0.003376   7.7699    22.248  8.569e+21     5.042      1    0  8.5070e-17  3.8236e-18  1.1330e-20     124.81     969.75    29092.41 9.6464e+22    1.01 super
 576   3  10   2  2.12e+21   7.240    0.0680248 0.00431755   5.8253    10.988  8.505e+21     5.012      1    0  4.8107e-17  4.3780e-18  1.1150e-20     169.16     985.38    29561.38 7.1150e+22    1.00   sub
 577   3  10   3  2.12e+21   7.587    0.0680248 0.00552168   4.5279     6.216  8.393e+21     4.959      1    0  2.7056e-17  4.3526e-18  1.0509e-20     230.90    1045.50    31365.11 5.1938e+22    1.08   sub
 578   3  10   4  2.12e+21   8.056    0.0680248 0.00706165   3.5559     3.855  8.205e+21     4.870      1    0  1.4396e-17  3.7347e-18  9.4729e-21     326.18    1159.88    34796.36 3.6547e+22    1.28   sub
 579   3  10   5  2.12e+21   8.649    0.0680248 0.00903109   2.8352     2.660  7.906e+21     4.729      1    0  7.3984e-18  2.7818e-18  8.2204e-21     471.44    1336.61    40098.31 2.5152e+22    1.64   sub
 580   3  10   6  2.12e+21   9.358    0.0680248  0.0115498   2.2921     2.017  7.455e+21     4.516      1    0  3.7113e-18  1.8396e-18  6.9235e-21     692.38    1586.99    47609.77 1.7142e+22    2.28   sub
 581   3  10   7  2.12e+21  10.164    0.0680248   0.014771   1.8740     1.650  6.796e+21     4.206      1    0  1.8243e-18  1.1054e-18  5.6966e-21    1029.22    1928.78    57863.41 1.1708e+22    3.32   sub
 582   3  10   8  2.12e+21  11.035    0.0680248  0.0188905   1.5457     1.429  5.886e+21     3.776      1    0  8.7769e-19  6.1430e-19  4.5978e-21    1546.07    2389.74    71692.27 8.1143e+21    5.04   sub
 583   3  10   9  2.12e+21  11.896    0.0680248   0.024159   1.2904     1.293  4.765e+21     3.247      1    0  4.2079e-19  3.2555e-19  3.6727e-21    2318.35    2991.66    89749.92 5.8390e+21    7.75   sub
 584   3  10  10  2.12e+21  12.661    0.0680248  0.0308968   1.0957     1.208  3.598e+21     2.697      1    0  2.0639e-19  1.7086e-19  2.9364e-21    3415.14    3741.81   112254.26 4.4532e+21   11.75   sub
 585   3  10  11  2.12e+21  13.341    0.0680248  0.0395137   0.9334     1.149  2.482e+21     2.171      1    0  9.8022e-20  8.5284e-20  2.3141e-21    5086.86    4748.00   142439.86 3.5495e+21   17.99   sub
 586   3  10  12  2.12e+21  13.796    0.0680248  0.0505338   0.8080     1.111  1.637e+21     1.772      1    0  4.7526e-20  4.2772e-20  1.8304e-21    7428.89    6002.76   180082.77 3.0062e+21   26.72   sub
 587   3  10  13  2.12e+21  13.796    0.0680248  0.0646273   0.7131     1.086  1.049e+21     1.495      1    0  2.3088e-20  2.1256e-20  1.4455e-21   10658.52    7601.08   228032.55 2.6692e+21   37.90   sub
 588   3  10  14  2.12e+21  13.796    0.0680248  0.0826515   0.6225     1.065  6.326e+20     1.298      1    0  1.0455e-20  9.8128e-21  1.1143e-21   15839.26    9860.33   295810.00 2.4447e+21   55.78   sub
 589   3  10  15  2.12e+21  13.796    0.0680248   0.105703   0.5582     1.052  4.174e+20     1.197      1    0  5.5099e-21  5.2352e-21  9.0222e-22   21818.30   12178.24   365347.31 2.3322e+21   76.36   sub
 590   3  11   1  2.12e+21   6.914     0.100884   0.003376  12.3051    70.325  1.211e+22     6.710      1    0  9.1787e-17  1.3052e-18  7.4612e-21     119.67    1472.61    44178.23 1.0382e+23    1.16  deep
 591   3  11   2  2.12e+21   7.126     0.100884 0.00431755   8.9229    31.497  1.209e+22     6.704      1    0  5.5177e-17  1.7518e-18  7.8580e-21     156.70    1398.25    41947.63 8.0163e+22    1.05 super
 592   3  11   3  2.12e+21   7.415     0.100884 0.00552168   6.5758    14.715  1.198e+22     6.649      1    0  3.1827e-17  2.1629e-18  7.9389e-21     210.47    1384.00    41520.10 6.0217e+22    1.00 super
 593   3  11   4  2.12e+21   7.792     0.100884 0.00706165   4.9902     7.688  1.173e+22     6.534      1    0  1.7823e-17  2.3182e-18  7.6372e-21     288.30    1438.68    43160.45 4.4202e+22    1.04   sub
 594   3  11   5  2.12e+21   8.269     0.100884 0.00903109   3.8873     4.555  1.132e+22     6.342      1    0  9.6888e-18  2.1269e-18  7.0168e-21     402.82    1565.87    46976.23 3.1728e+22    1.19   sub
 595   3  11   6  2.12e+21   8.856     0.100884  0.0115498   3.0903     3.034  1.070e+22     6.048      1    0  5.1143e-18  1.6854e-18  6.1964e-21     573.80    1773.19    53195.70 2.2347e+22    1.48   sub
 596   3  11   7  2.12e+21   9.558     0.100884   0.014771   2.4915     2.230  9.787e+21     5.617      1    0  2.6150e-18  1.1726e-18  5.2901e-21     833.61    2076.98    62309.55 1.5524e+22    1.98   sub
 597   3  11   8  2.12e+21  10.373     0.100884  0.0188905   2.0235     1.770  8.498e+21     5.009      1    0  1.2808e-18  7.2365e-19  4.3761e-21    1240.84    2510.81    75324.39 1.0684e+22    2.86   sub
 598   3  11   9  2.12e+21  11.227     0.100884   0.024159   1.6676     1.505  6.911e+21     4.260      1    0  6.2208e-19  4.1343e-19  3.5568e-21    1852.40    3089.12    92673.54 7.5188e+21    4.25   sub
 599   3  11  10  2.12e+21  12.073     0.100884  0.0308968   1.3899     1.342  5.179e+21     3.443      1    0  2.9821e-19  2.2220e-19  2.8495e-21    2774.38    3855.99   115679.62 5.4750e+21    6.47   sub
 600   3  11  11  2.12e+21  12.828     0.100884  0.0395137   1.1756     1.241  3.614e+21     2.704      1    0  1.4418e-19  1.1620e-19  2.2724e-21    4112.89    4835.27   145058.24 4.2076e+21    9.80   sub
 601   3  11  12  2.12e+21  13.468     0.100884  0.0505338   1.0033     1.173  2.373e+21     2.119      1    0  6.8994e-20  5.8802e-20  1.7976e-21    6092.09    6112.36   183370.86 3.4065e+21   14.82   sub
 602   3  11  13  2.12e+21  13.796     0.100884  0.0646273   0.8690     1.129  1.504e+21     1.709      1    0  3.2790e-20  2.9044e-20  1.4137e-21    8943.78    7771.87   233156.14 2.9074e+21   21.86   sub
 603   3  11  14  2.12e+21  13.796     0.100884  0.0826515   0.7625     1.099  9.323e+20     1.440      1    0  1.5466e-20  1.4076e-20  1.1065e-21   13022.55    9929.74   297892.08 2.5988e+21   31.40   sub
 604   3  11  15  2.12e+21  13.796     0.100884   0.105703   0.6775     1.078  5.977e+20     1.282      1    0  7.7880e-21  7.2268e-21  8.8377e-22   18351.78   12432.47   372974.06 2.4238e+21   43.82   sub
 605   3  11  16  2.12e+21  13.796     0.100884   0.135182   0.5988     1.060  3.727e+20     1.176      1    0  3.7852e-21  3.5693e-21  6.9706e-22   26323.84   15762.54   472876.30 2.3082e+21   62.36   sub
 606   3  11  17  2.12e+21  13.796     0.100884   0.172884   0.5278     1.047  2.286e+20     1.108      1    0  1.8027e-21  1.7220e-21  5.4574e-22   38144.50   20133.29   603998.66 2.2350e+21   89.78   sub
 607   3  12   1  2.12e+21   6.875     0.149617   0.003376  20.9877   247.749  1.597e+22     8.531      1    0  9.8682e-17  3.9831e-19  4.5487e-21     115.09    2415.52    72465.47 1.0967e+23    1.40  deep
 608   3  12   2  2.12e+21   7.085     0.149617 0.00431755  14.1626    99.103  1.627e+22     8.675      1    0  5.7110e-17  5.7627e-19  5.0514e-21     153.58    2175.12    65253.53 8.3952e+22    1.22  deep
 609   3  12   3  2.12e+21   7.313     0.149617 0.00552168  10.2405    44.532  1.633e+22     8.704      1    0  3.5412e-17  7.9521e-19  5.4149e-21     198.15    2029.11    60873.44 6.6249e+22    1.09 super
 610   3  12   4  2.12e+21   7.616     0.149617 0.00706165   7.4483    20.019  1.616e+22     8.622      1    0  2.0907e-17  1.0443e-18  5.6054e-21     263.17    1960.14    58804.21 5.0739e+22    1.01 super
 611   3  12   5  2.12e+21   8.002     0.149617 0.00903109   5.5737     9.904  1.570e+22     8.405      1    0  1.1945e-17  1.2062e-18  5.5239e-21     356.87    1989.09    59672.65 3.7951e+22    1.01   sub
 612   3  12   6  2.12e+21   8.492     0.149617  0.0115498   4.2771     5.516  1.488e+22     8.021      1    0  6.5519e-18  1.1879e-18  5.1750e-21     496.41    2123.19    63695.56 2.7608e+22    1.11   sub
 613   3  12   7  2.12e+21   9.075     0.149617   0.014771   3.3807     3.524  1.368e+22     7.454      1    0  3.5321e-18  1.0022e-18  4.6500e-21     698.93    2362.87    70886.14 1.9841e+22    1.34   sub
 614   3  12   8  2.12e+21   9.774     0.149617  0.0188905   2.7091     2.492  1.200e+22     6.659      1    0  1.8255e-18  7.3244e-19  4.0197e-21    1008.96    2733.41    82002.39 1.3993e+22    1.75   sub
 615   3  12   9  2.12e+21  10.571     0.149617   0.024159   2.1970     1.925  9.846e+21     5.644      1    0  9.0965e-19  4.7256e-19  3.3645e-21    1486.43    3265.69    97970.80 9.8148e+21    2.45   sub
 616   3  12  10  2.12e+21  11.416     0.149617  0.0308968   1.8040     1.598  7.459e+21     4.518      1    0  4.4234e-19  2.7674e-19  2.7495e-21    2215.16    3996.14   119884.14 6.9880e+21    3.59   sub
 617   3  12  11  2.12e+21  12.241     0.149617  0.0395137   1.5009     1.403  5.223e+21     3.464      1    0  2.1241e-19  1.5143e-19  2.2115e-21    3310.15    4968.33   149050.03 5.1544e+21    5.40   sub
 618   3  12  12  2.12e+21  12.984     0.149617  0.0505338   1.2641     1.280  3.443e+21     2.624      1    0  1.0115e-19  7.9014e-20  1.7594e-21    4940.12    6245.03   187350.78 3.9921e+21    8.16   sub
 619   3  12  13  2.12e+21  13.572     0.149617  0.0646273   1.0847     1.204  2.237e+21     2.055      1    0  4.9681e-20  4.1276e-20  1.4056e-21    7206.86    7816.97   234509.13 3.2947e+21   12.07   sub
 620   3  12  14  2.12e+21  13.796     0.149617  0.0826515   0.9423     1.152  1.400e+21     1.660      1    0  2.3653e-20  2.0526e-20  1.1072e-21   10530.53    9923.25   297697.43 2.8403e+21   17.53   sub
 621   3  12  15  2.12e+21  13.796     0.149617   0.105703   0.8297     1.117  8.763e+20     1.413      1    0  1.1439e-20  1.0238e-20  8.7454e-22   15142.26   12563.70   376911.03 2.5656e+21   24.83   sub
 622   3  12  16  2.12e+21  13.796     0.149617   0.135182   0.7301     1.090  5.414e+20     1.255      1    0  5.4714e-21  5.0177e-21  6.8730e-22   21894.85   15986.44   479593.19 2.3934e+21   35.46   sub
 623   3  12  17  2.12e+21  13.796     0.149617   0.172884   0.6381     1.069  3.231e+20     1.152      1    0  2.4970e-21  2.3363e-21  5.3129e-22   32410.14   20680.55   620416.56 2.2825e+21   51.97   sub
 624   3  12  18  2.12e+21  13.796     0.149617     0.2211   0.5726     1.055  2.125e+20     1.100      1    0  1.3237e-21  1.2544e-21  4.3106e-22   44513.35   25489.30   764678.94 2.2266e+21   70.93   sub
 625   3  13   1  2.12e+21   6.838      0.22189   0.003376  36.7441   811.237  1.869e+22     9.815      1    0  1.0859e-16  1.3386e-19  2.7330e-21     109.41    4020.33   120609.81 1.1597e+23    1.62  deep
 626   3  13   2  2.12e+21   7.034      0.22189 0.00431755  24.7668   356.753  1.963e+22    10.259      1    0  6.2490e-17  1.7516e-19  3.0325e-21     146.29    3623.25   108697.51 8.9067e+22    1.47  deep
 627   3  13   3  2.12e+21   7.234      0.22189 0.00552168  17.6153   166.153  2.024e+22    10.547      1    0  3.9524e-17  2.3788e-19  3.3436e-21     186.55    3286.11    98583.35 7.1549e+22    1.32  deep
 628   3  13   4  2.12e+21   7.522      0.22189 0.00706165  11.8373    63.906  2.057e+22    10.701      1    0  2.2815e-17  3.5701e-19  3.7075e-21     250.36    2963.58    88907.31 5.4874e+22    1.14 super
 629   3  13   5  2.12e+21   7.846      0.22189 0.00903109   8.4280    27.284  2.035e+22    10.601      1    0  1.3548e-17  4.9655e-19  3.9289e-21     331.82    2796.56    83896.79 4.2452e+22    1.03 super
 630   3  13   6  2.12e+21   8.253      0.22189  0.0115498   6.1727    12.621  1.955e+22    10.222      1    0  7.7648e-18  6.1524e-19  3.9597e-21     449.53    2774.81    83244.32 3.2061e+22    1.00   sub
 631   3  13   7  2.12e+21   8.731      0.22189   0.014771   4.7271     6.821  1.817e+22     9.569      1    0  4.4186e-18  6.4781e-19  3.7922e-21     612.93    2897.36    86920.72 2.3984e+22    1.06   sub
 632   3  13   8  2.12e+21   9.311      0.22189  0.0188905   3.7069     4.161  1.614e+22     8.613      1    0  2.4235e-18  5.8241e-19  3.4682e-21     854.65    3168.05    95041.62 1.7556e+22    1.23   sub
 633   3  13   9  2.12e+21  10.004      0.22189   0.024159   2.9510     2.823  1.347e+22     7.354      1    0  1.2673e-18  4.4885e-19  3.0393e-21    1225.06    3615.11   108453.20 1.2583e+22    1.56   sub
 634   3  13  10  2.12e+21  10.795      0.22189  0.0308968   2.3788     2.107  1.039e+22     5.899      1    0  6.3368e-19  3.0079e-19  2.5665e-21    1799.69    4281.03   128430.76 8.9413e+21    2.14   sub
 635   3  13  11  2.12e+21  11.634      0.22189  0.0395137   1.9423     1.703  7.372e+21     4.477      1    0  3.0649e-19  1.7992e-19  2.1057e-21    2686.49    5218.02   156540.68 6.4327e+21    3.09   sub
 636   3  13  12  2.12e+21  12.411      0.22189  0.0505338   1.6223     1.476  4.999e+21     3.358      1    0  1.5078e-19  1.0218e-19  1.7121e-21    3955.90    6417.57   192527.08 4.8561e+21    4.52   sub
 637   3  13  13  2.12e+21  13.119      0.22189  0.0646273   1.3666     1.330  3.225e+21     2.521      1    0  7.2253e-20  5.4323e-20  1.3685e-21    5875.36    8029.08   240872.29 3.8177e+21    6.74   sub
 638   3  13  14  2.12e+21  13.696      0.22189  0.0826515   1.1649     1.236  2.032e+21     1.959      1    0  3.4488e-20  2.7899e-20  1.0855e-21    8689.38   10122.21   303666.41 3.1667e+21   10.03   sub
 639   3  13  15  2.12e+21  13.796      0.22189   0.105703   1.0155     1.178  1.262e+21     1.595      1    0  1.6403e-20  1.3928e-20  8.5565e-22   12645.23   12841.01   385230.31 2.7618e+21   14.35   sub
 640   3  13  16  2.12e+21  13.796      0.22189   0.135182   0.8877     1.135  7.683e+20     1.362      1    0  7.6553e-21  6.7464e-21  6.6870e-22   18510.10   16431.10   492933.13 2.5080e+21   20.62   sub
 641   3  13  17  2.12e+21  13.796      0.22189   0.172884   0.7864     1.105  4.870e+20     1.230      1    0  3.8210e-21  3.4573e-21  5.3326e-22   26200.19   20604.24   618127.13 2.3650e+21   28.81   sub
 642   3  13  18  2.12e+21  13.796      0.22189     0.2211   0.6962     1.082  3.059e+20     1.144      1    0  1.8870e-21  1.7439e-21  4.2331e-22   37282.13   25955.86   778675.89 2.2735e+21   40.56   sub
 643   3  14   1  2.12e+21   6.864     0.329075   0.003376  54.6636  1758.889  2.035e+22    10.600      1    0  9.8915e-17  5.6237e-20  1.7500e-21     114.86    6278.63   188358.87 1.1153e+23    1.69  deep
 644   3  14   2  2.12e+21   7.028     0.329075 0.00431755  40.2816   974.232  2.142e+22    11.105      1    0  6.2503e-17  6.4157e-20  1.8656e-21     146.21    5889.49   176684.61 8.9803e+22    1.64  deep
 645   3  14   3  2.12e+21   7.218     0.329075 0.00552168  29.2167   507.151  2.244e+22    11.587      1    0  3.9955e-17  7.8782e-20  2.0292e-21     185.32    5414.57   162436.97 7.2792e+22    1.54  deep
 646   3  14   4  2.12e+21   7.454     0.329075 0.00706165  20.3620   231.459  2.333e+22    12.004      1    0  2.4776e-17  1.0704e-19  2.2562e-21     239.16    4869.85   146095.65 5.8185e+22    1.39  deep
 647   3  14   5  2.12e+21   7.764     0.329075 0.00903109  13.5833    89.568  2.379e+22    12.221      1    0  1.4476e-17  1.6162e-19  2.5331e-21     319.32    4337.47   130124.22 4.5155e+22    1.20  deep
 648   3  14   6  2.12e+21   8.087     0.329075  0.0115498   9.6860    38.722  2.350e+22    12.085      1    0  8.9056e-18  2.2999e-19  2.7300e-21     415.51    4024.66   120739.78 3.5780e+22    1.07 super
 649   3  14   7  2.12e+21   8.492     0.329075   0.014771   7.0211    17.288  2.234e+22    11.538      1    0  5.2412e-18  3.0317e-19  2.8196e-21     555.01    3896.76   116902.72 2.7611e+22    1.00 super
 650   3  14   8  2.12e+21   8.987     0.329075  0.0188905   5.2510     8.628  2.022e+22    10.540      1    0  2.9710e-18  3.4437e-19  2.7592e-21     758.35    3982.10   119463.07 2.0805e+22    1.02   sub
 651   3  14   9  2.12e+21   9.563     0.329075   0.024159   4.0745     4.997  1.734e+22     9.177      1    0  1.6508e-18  3.3032e-19  2.5695e-21    1049.49    4276.16   128284.93 1.5482e+22    1.15   sub
 652   3  14  10  2.12e+21  10.246     0.329075  0.0308968   3.2208     3.246  1.384e+22     7.526      1    0  8.7439e-19  2.6937e-19  2.2855e-21    1492.61    4807.44   144223.20 1.1290e+22    1.41   sub
 653   3  14  11  2.12e+21  11.033     0.329075  0.0395137   2.5755     2.327  1.014e+22     5.783      1    0  4.3693e-19  1.8773e-19  1.9471e-21    2191.09    5643.06   169291.75 8.1200e+21    1.89   sub
 654   3  14  12  2.12e+21  11.814     0.329075  0.0505338   2.1148     1.849  7.062e+21     4.331      1    0  2.1948e-19  1.1868e-19  1.6241e-21    3199.01    6765.31   202959.26 6.0173e+21    2.63   sub
 655   3  14  13  2.12e+21  12.576     0.329075  0.0646273   1.7567     1.565  4.659e+21     3.198      1    0  1.0701e-19  6.8385e-20  1.3231e-21    4726.99    8304.09   249122.76 4.5844e+21    3.80   sub
 656   3  14  14  2.12e+21  13.255     0.329075  0.0826515   1.4770     1.389  2.965e+21     2.399      1    0  5.1212e-20  3.6866e-20  1.0605e-21    7014.84   10360.68   310820.53 3.6506e+21    5.60   sub
 657   3  14  15  2.12e+21  13.796     0.329075   0.105703   1.2578     1.277  1.853e+21     1.874      1    0  2.4402e-20  1.9105e-20  8.4258e-22   10367.65   13040.29   391208.79 3.0638e+21    8.26   sub
 658   3  14  16  2.12e+21  13.796     0.329075   0.135182   1.1038     1.211  1.164e+21     1.549      1    0  1.1892e-20  9.8190e-21  6.7024e-22   14850.98   16393.23   491796.76 2.7085e+21   11.53   sub
 659   3  14  17  2.12e+21  13.796     0.329075   0.172884   0.9684     1.161  7.206e+20     1.340      1    0  5.7050e-21  4.9135e-21  5.2918e-22   21441.84   20763.38   622901.43 2.4826e+21   16.29   sub
 660   3  14  18  2.12e+21  13.796     0.329075     0.2211   0.8503     1.123  4.431e+20     1.209      1    0  2.7222e-21  2.4232e-21  4.1627e-22   31040.93   26395.09   791852.56 2.3424e+21   23.20   sub
 661   3  15   3  2.12e+21   7.203     0.488036 0.00552168  47.5364  1346.214  2.348e+22    12.074      1    0  4.0634e-17  3.0184e-20  1.2590e-21     183.59    8727.17   261815.00 7.3850e+22    1.67  deep
 662   3  15   4  2.12e+21   7.435     0.488036 0.00706165  33.7993   685.168  2.463e+22    12.616      1    0  2.5149e-17  3.6704e-20  1.3712e-21     237.08    8013.26   240397.78 5.9176e+22    1.59  deep
 663   3  15   5  2.12e+21   7.710     0.488036 0.00903109  23.1413   307.676  2.547e+22    13.012      1    0  1.5274e-17  4.9642e-20  1.5326e-21     309.80    7169.26   215077.71 4.7048e+22    1.44  deep
 664   3  15   6  2.12e+21   7.993     0.488036  0.0115498  16.2815   138.210  2.568e+22    13.114      1    0  9.7023e-18  7.0200e-20  1.7051e-21     395.78    6443.82   193314.51 3.8170e+22    1.28  deep
 665   3  15   7  2.12e+21   8.352     0.488036   0.014771  11.1750    55.394  2.507e+22    12.824      1    0  5.8244e-18  1.0514e-19  1.8830e-21     522.14    5834.95   175048.42 3.0098e+22    1.12 super
 666   3  15   8  2.12e+21   8.783     0.488036  0.0188905   7.8598    22.899  2.333e+22    12.003      1    0  3.3901e-18  1.4805e-19  1.9919e-21     701.82    5516.17   165485.14 2.3292e+22    1.02 super
 667   3  15   9  2.12e+21   9.270     0.488036   0.024159   5.8324    11.020  2.062e+22    10.726      1    0  1.9681e-18  1.7859e-19  1.9907e-21     946.32    5519.30   165579.09 1.7923e+22    1.00   sub
 668   3  15  10  2.12e+21   9.839     0.488036  0.0308968   4.4810     6.080  1.715e+22     9.090      1    0  1.1099e-18  1.8255e-19  1.8887e-21    1298.25    5817.42   174522.48 1.3575e+22    1.09   sub
 669   3  15  11  2.12e+21  10.507     0.488036  0.0395137   3.5169     3.779  1.327e+22     7.259      1    0  5.9612e-19  1.5775e-19  1.7066e-21    1830.61    6438.08   193142.54 1.0085e+22    1.29   sub
 670   3  15  12  2.12e+21  11.260     0.488036  0.0505338   2.8072     2.621  9.521e+21     5.491      1    0  3.0445e-19  1.1614e-19  1.4760e-21    2651.75    7444.05   223321.60 7.4236e+21    1.67   sub
 671   3  15  13  2.12e+21  12.027     0.488036  0.0646273   2.2890     2.014  6.477e+21     4.055      1    0  1.5214e-19  7.5531e-20  1.2382e-21    3876.87    8873.97   266219.13 5.5653e+21    2.28   sub
 672   3  15  14  2.12e+21  12.761     0.488036  0.0826515   1.8954     1.667  4.217e+21     2.989      1    0  7.4165e-20  4.4499e-20  1.0135e-21    5719.56   10840.69   325220.83 4.3038e+21    3.25   sub
 673   3  15  15  2.12e+21  13.386     0.488036   0.105703   1.5989     1.461  2.702e+21     2.274      1    0  3.6281e-20  2.4833e-20  8.2051e-22    8375.34   13391.02   401730.75 3.4983e+21    4.67   sub
 674   3  15  16  2.12e+21  13.796     0.488036   0.135182   1.3665     1.330  1.687e+21     1.796      1    0  1.7365e-20  1.3056e-20  6.5423e-22   12290.13   16794.38   503831.43 2.9734e+21    6.74   sub
 675   3  15  17  2.12e+21  13.796     0.488036   0.172884   1.1946     1.249  1.051e+21     1.496      1    0  8.3704e-21  6.7021e-21  5.1957e-22   17701.77   21147.39   634421.72 2.6489e+21    9.41   sub
 676   3  15  18  2.12e+21  13.796     0.488036     0.2211   1.0466     1.189  6.499e+20     1.307      1    0  4.0158e-21  3.3772e-21  4.1080e-22   25556.59   26746.52   802395.68 2.4462e+21   13.25   sub
 677   3  16   4  2.12e+21   7.444     0.723783 0.00706165  52.6349  1636.774  2.540e+22    12.980      1    0  2.4389e-17  1.4900e-20  8.6652e-22     240.90   12679.92   380397.70 5.8677e+22    1.69  deep
 678   3  16   5  2.12e+21   7.628     0.723783 0.00903109  41.4170  1029.147  2.611e+22    13.317      1    0  1.7319e-17  1.6828e-20  9.1674e-22     289.38   11985.39   359561.65 5.0225e+22    1.65  deep
 679   3  16   6  2.12e+21   7.934     0.723783  0.0115498  28.1629   469.472  2.672e+22    13.602      1    0  1.0345e-17  2.2035e-20  1.0217e-21     381.87   10754.61   322638.28 3.9797e+22    1.53  deep
 680   3  16   7  2.12e+21   8.258     0.723783   0.014771  19.2206   203.078  2.653e+22    13.514      1    0  6.3535e-18  3.1286e-20  1.1499e-21     497.11    9554.84   286645.13 3.1949e+22    1.36  deep
 681   3  16   8  2.12e+21   8.658     0.723783  0.0188905  12.7038    76.061  2.524e+22    12.908      1    0  3.7010e-18  4.8659e-20  1.2969e-21     666.91    8472.35   254170.53 2.5015e+22    1.17  deep
 682   3  16   9  2.12e+21   9.070     0.723783   0.024159   8.9953    32.145  2.305e+22    11.871      1    0  2.2460e-18  6.9871e-20  1.3940e-21     876.23    7881.98   236459.49 1.9898e+22    1.05 super
 683   3  16  10  2.12e+21   9.561     0.723783  0.0308968   6.5465    14.556  1.986e+22    10.370      1    0  1.3111e-18  9.0077e-20  1.4254e-21    1177.46    7708.23   231246.93 1.5499e+22    1.00 super
 684   3  16  11  2.12e+21  10.142     0.723783  0.0395137   4.9216     7.454  1.602e+22     8.555      1    0  7.3343e-19  9.8390e-20  1.3769e-21    1621.42    7979.92   239397.58 1.1825e+22    1.04   sub
 685   3  16  12  2.12e+21  10.791     0.723783  0.0505338   3.8363     4.441  1.215e+22     6.731      1    0  3.9974e-19  9.0017e-20  1.2642e-21    2265.46    8690.92   260727.48 8.9570e+21    1.20   sub
 686   3  16  13  2.12e+21  11.496     0.723783  0.0646273   3.0657     2.996  8.689e+21     5.099      1    0  2.1056e-19  7.0279e-20  1.1124e-21    3221.86    9877.22   296316.53 6.7781e+21    1.49   sub
 687   3  16  14  2.12e+21  12.223     0.723783  0.0826515   2.4955     2.235  5.899e+21     3.782      1    0  1.0700e-19  4.7884e-20  9.4477e-22    4660.21   11629.74   348892.19 5.1890e+21    1.98   sub
 688   3  16  15  2.12e+21  12.922     0.723783   0.105703   2.0595     1.801  3.826e+21     2.805      1    0  5.2360e-20  2.9077e-20  7.7882e-22    6849.96   14107.83   423234.94 4.0759e+21    2.76   sub
 689   3  16  16  2.12e+21  13.509     0.723783   0.135182   1.7350     1.550  2.452e+21     2.156      1    0  2.5752e-20  1.6616e-20  6.3409e-22    9986.96   17327.79   519833.72 3.3614e+21    3.90   sub
 690   3  16  17  2.12e+21  13.796     0.723783   0.172884   1.4854     1.394  1.526e+21     1.720      1    0  1.2300e-20  8.8241e-21  5.0654e-22   14602.99   21691.39   650741.83 2.8887e+21    5.53   sub
 691   3  16  18  2.12e+21  13.796     0.723783     0.2211   1.2924     1.293  9.414e+20     1.444      1    0  5.8458e-21  4.5194e-21  4.0136e-22   21182.13   27375.73   821271.93 2.5927e+21    7.72   sub
 692   3  17   5  2.12e+21   7.688      1.07341 0.00903109  59.9066  2091.333  2.678e+22    13.633      1    0  1.5416e-17  7.3714e-21  5.9563e-22     307.92   18446.71   553401.26 4.7876e+22    1.70  deep
 693   3  17   6  2.12e+21   7.847      1.07341  0.0115498  49.7704  1470.623  2.715e+22    13.809      1    0  1.1763e-17  7.9990e-21  6.1991e-22     356.12   17724.18   531725.52 4.2422e+22    1.68  deep
 694   3  17   7  2.12e+21   8.220      1.07341   0.014771  32.4206   629.236  2.724e+22    13.850      1    0  6.5639e-18  1.0432e-20  6.9455e-22     487.95   15819.65   474589.48 3.2748e+22    1.58  deep
 695   3  17   8  2.12e+21   8.566      1.07341  0.0188905  22.1130   278.324  2.637e+22    13.441      1    0  4.0281e-18  1.4473e-20  7.8144e-22     635.85   14060.58   421817.31 2.6410e+22    1.42  deep
 696   3  17   9  2.12e+21   8.999      1.07341   0.024159  14.2920   101.301  2.426e+22    12.441      1    0  2.3083e-18  2.2786e-20  8.9296e-22     860.94   12304.60   369138.00 2.0669e+22    1.22  deep
 697   3  17  10  2.12e+21   9.396      1.07341  0.0308968  10.2003    44.093  2.169e+22    11.231      1    0  1.4485e-18  3.2851e-20  9.6998e-22    1110.51   11327.49   339824.70 1.6817e+22    1.09 super
 698   3  17  11  2.12e+21   9.868      1.07341  0.0395137   7.3926    19.648  1.837e+22     9.667      1    0  8.6905e-19  4.4231e-20  1.0115e-21    1469.32   10862.03   325860.90 1.3392e+22    1.01 super
 699   3  17  12  2.12e+21  10.432      1.07341  0.0505338   5.4907     9.563  1.458e+22     7.879      1    0  4.9393e-19  5.1649e-20  9.9860e-22    2003.90   11002.91   330087.44 1.0412e+22    1.01   sub
 700   3  17  13  2.12e+21  11.067      1.07341  0.0646273   4.2246     5.377  1.091e+22     6.146      1    0  2.7072e-19  5.0346e-20  9.3292e-22    2787.86   11777.50   353325.08 8.0111e+21    1.12   sub
 701   3  17  14  2.12e+21  11.741      1.07341  0.0826515   3.3550     3.478  7.768e+21     4.664      1    0  1.4439e-19  4.1515e-20  8.3294e-22    3931.82   13191.13   395733.78 6.1821e+21    1.35   sub
 702   3  17  15  2.12e+21  12.424      1.07341   0.105703   2.7245     2.512  5.291e+21     3.496      1    0  7.4591e-20  2.9692e-20  7.1664e-22    5627.32   15331.82   459954.70 4.8340e+21    1.74   sub
 703   3  17  16  2.12e+21  13.077      1.07341   0.135182   2.2453     1.971  3.451e+21     2.628      1    0  3.7005e-20  1.8772e-20  5.9699e-22    8196.84   18404.66   552139.78 3.8704e+21    2.36   sub
 704   3  17  17  2.12e+21  13.641      1.07341   0.172884   1.8787     1.654  2.189e+21     2.032      1    0  1.7928e-20  1.0840e-20  4.8627e-22   12027.30   22595.52   677865.71 3.2231e+21    3.31   sub
 705   3  17  18  2.12e+21  13.796      1.07341     0.2211   1.6174     1.473  1.377e+21     1.650      1    0  8.7133e-21  5.9173e-21  3.9154e-22   17350.06   28061.83   841854.75 2.8118e+21    4.55   sub
 706   3  18   7  2.12e+21   8.099      1.59192   0.014771  58.2740  1985.233  2.768e+22    14.058      1    0  7.7916e-18  3.9248e-21  4.2414e-22     444.54   25905.36   777160.80 3.5498e+22    1.70  deep
 707   3  18   8  2.12e+21   8.524      1.59192  0.0188905  37.2611   834.284  2.693e+22    13.701      1    0  4.1835e-18  5.0145e-21  4.7377e-22     622.41   23191.52   695745.73 2.7076e+22    1.62  deep
 708   3  18   9  2.12e+21   8.899      1.59192   0.024159  25.2596   372.265  2.527e+22    12.919      1    0  2.5360e-18  6.8124e-21  5.3255e-22     816.79   20631.78   618953.49 2.1829e+22    1.48  deep
 709   3  18  10  2.12e+21   9.261      1.59192  0.0308968  17.6569   167.065  2.305e+22    11.875      1    0  1.6168e-18  9.6777e-21  5.9631e-22    1043.55   18425.88   552776.33 1.8009e+22    1.32  deep
 710   3  18  11  2.12e+21   9.740      1.59192  0.0395137  11.6072    60.872  1.967e+22    10.281      1    0  9.2953e-19  1.5270e-20  6.7065e-22    1411.46   16383.21   491496.36 1.4222e+22    1.13 super
 711   3  18  12  2.12e+21  10.225      1.59192  0.0505338   8.2200    25.623  1.623e+22     8.658      1    0  5.5304e-19  2.1583e-20  7.1294e-22    1874.87   15411.47   462344.05 1.1396e+22    1.03 super
 712   3  18  13  2.12e+21  10.760      1.59192  0.0646273   6.0860    12.198  1.279e+22     7.035      1    0  3.2265e-19  2.6451e-20  7.1698e-22    2518.03   15324.62   459738.57 9.0708e+21    1.00   sub
 713   3  18  14  2.12e+21  11.342      1.59192  0.0826515   4.6903     6.706  9.646e+21     5.550      1    0  1.8380e-19  2.7409e-20  6.8392e-22    3425.24   16065.33   481959.75 7.1913e+21    1.06   sub
 714   3  18  15  2.12e+21  11.981      1.59192   0.105703   3.6955     4.137  6.877e+21     4.244      1    0  9.9253e-20  2.3989e-20  6.2062e-22    4790.68   17704.08   531122.28 5.6596e+21    1.23   sub
 715   3  18  16  2.12e+21  12.627      1.59192   0.135182   2.9822     2.869  4.694e+21     3.214      1    0  5.1658e-20  1.8003e-20  5.4046e-22    6817.03   20329.77   609893.22 4.5058e+21    1.54   sub
 716   3  18  17  2.12e+21  13.235      1.59192   0.172884   2.4499     2.184  3.079e+21     2.453      1    0  2.5884e-20  1.1854e-20  4.5486e-22    9859.81   24155.57   724667.10 3.6738e+21    2.04   sub
 717   3  18  18  2.12e+21  13.760      1.59192     0.2211   2.0430     1.787  1.958e+21     1.923      1    0  1.2574e-20  7.0383e-21  3.7286e-22   14424.12   29468.43   884052.89 3.1037e+21    2.80   sub
 718   3  19   8  2.12e+21   8.558      2.36091  0.0188905  56.4348  1868.497  2.704e+22    13.754      1    0  3.9451e-18  2.1114e-21  3.0316e-22     642.22   36243.62  1087308.66 2.6527e+22    1.69  deep
 719   3  19   9  2.12e+21   8.885      2.36091   0.024159  41.0866  1013.036  2.558e+22    13.068      1    0  2.5378e-18  2.5051e-21  3.2777e-22     815.89   33522.13  1005664.02 2.1992e+22    1.64  deep
 720   3  19  10  2.12e+21   9.223      2.36091  0.0308968  29.5568   519.574  2.355e+22    12.110      1    0  1.6503e-18  3.1763e-21  3.6063e-22    1030.81   30467.49   914024.79 1.8360e+22    1.54  deep
 721   3  19  11  2.12e+21   9.620      2.36091  0.0395137  20.2262   227.989  2.079e+22    10.805      1    0  1.0237e-18  4.4901e-21  4.0642e-22    1336.64   27035.07   811052.02 1.5064e+22    1.38  deep
 722   3  19  12  2.12e+21  10.087      2.36091  0.0505338  13.3916    86.524  1.740e+22     9.207      1    0  6.0215e-19  6.9594e-21  4.5974e-22    1784.64   23899.19   716975.56 1.2117e+22    1.19  deep
 723   3  19  13  2.12e+21  10.573      2.36091  0.0646273   9.3053    35.006  1.409e+22     7.647      1    0  3.5767e-19  1.0217e-20  4.9806e-22    2370.76   22060.64   661819.33 9.8051e+21    1.06 super
 724   3  19  14  2.12e+21  11.089      2.36091  0.0826515   6.8111    16.041  1.104e+22     6.207      1    0  2.1127e-19  1.3171e-20  5.1066e-22    3158.96   21516.12   645483.51 7.9412e+21    1.00 super
 725   3  19  15  2.12e+21  11.638      2.36091   0.105703   5.2035     8.450  8.335e+21     4.932      1    0  1.2221e-19  1.4462e-20  4.9625e-22    4255.10   22141.19   664235.70 6.4232e+21    1.03   sub
 726   3  19  16  2.12e+21  12.228      2.36091   0.135182   4.0845     5.022  6.007e+21     3.833      1    0  6.7587e-20  1.3458e-20  4.5867e-22    5864.91   23955.16   718654.68 5.1797e+21    1.15   sub
 727   3  19  17  2.12e+21  12.833      2.36091   0.172884   3.2710     3.331  4.116e+21     2.942      1    0  3.5412e-20  1.0631e-20  4.0468e-22    8300.62   27150.98   814529.47 4.1998e+21    1.39   sub
 728   3  19  18  2.12e+21  13.391      2.36091     0.2211   2.6800     2.455  2.728e+21     2.287      1    0  1.8006e-20  7.3336e-21  3.4479e-22   11891.02   31867.47   956024.14 3.4920e+21    1.78   sub
 729   3  20  10  2.12e+21   9.197      3.50135  0.0308968  48.1629  1380.642  2.386e+22    12.255      1    0  1.6811e-18  1.2176e-21  2.2368e-22    1019.91   49121.75  1473652.59 1.8608e+22    1.67  deep
 730   3  20  11  2.12e+21   9.605      3.50135  0.0395137  33.1217   657.426  2.102e+22    10.917      1    0  1.0192e-18  1.5502e-21  2.4782e-22    1338.59   44336.47  1330094.03 1.5171e+22    1.58  deep
 731   3  20  12  2.12e+21  10.021      3.50135  0.0505338  22.5796   291.479  1.800e+22     9.489      1    0  6.2650e-19  2.1494e-21  2.7904e-22    1743.84   39375.31  1181259.17 1.2487e+22    1.43  deep
 732   3  20  13  2.12e+21  10.425      3.50135  0.0646273  15.7879   128.513  1.517e+22     8.154      1    0  3.9768e-19  3.0944e-21  3.1173e-22    2232.53   35246.88  1057406.41 1.0444e+22    1.27  deep
 733   3  20  14  2.12e+21  10.917      3.50135  0.0826515  10.7098    49.818  1.208e+22     6.697      1    0  2.3381e-19  4.6933e-21  3.4434e-22    2979.42   31909.02   957270.62 8.5090e+21    1.10 super
 734   3  20  15  2.12e+21  11.396      3.50135   0.105703   7.7980    22.450  9.508e+21     5.485      1    0  1.4147e-19  6.3014e-21  3.6003e-22    3913.56   30517.89   915536.80 7.0418e+21    1.02 super
 735   3  20  16  2.12e+21  11.937      3.50135   0.135182   5.8102    10.921  7.117e+21     4.357      1    0  8.0834e-20  7.4016e-21  3.5689e-22    5298.70   30786.58   923597.45 5.7514e+21    1.00   sub
 736   3  20  17  2.12e+21  12.482      3.50135   0.172884   4.5246     6.206  5.171e+21     3.439      1    0  4.5374e-20  7.3108e-21  3.3578e-22    7232.10   32722.47   981674.20 4.7363e+21    1.08   sub
 737   3  20  18  2.12e+21  13.046      3.50135     0.2211   3.5898     3.922  3.559e+21     2.679      1    0  2.3879e-20  6.0890e-21  3.0032e-22   10191.70   36586.09  1097582.61 3.9111e+21    1.26   sub
 738   3  21  11  2.12e+21   9.608      5.19269  0.0395137  52.1990  1611.015  2.108e+22    10.943      1    0  1.0036e-18  6.2296e-22  1.5602e-22    1349.11   70422.33  2112670.04 1.5152e+22    1.69  deep
 739   3  21  12  2.12e+21   9.914      5.19269  0.0505338  40.0062   961.098  1.884e+22     9.887      1    0  6.9660e-19  7.2480e-22  1.6696e-22    1644.92   65807.05  1974211.56 1.3113e+22    1.64  deep
 740   3  21  13  2.12e+21  10.379      5.19269  0.0646273  26.4376   410.520  1.553e+22     8.327      1    0  4.0667e-19  9.9062e-22  1.8866e-22    2202.85   58238.08  1747142.46 1.0653e+22    1.50  deep
 741   3  21  14  2.12e+21  10.762      5.19269  0.0826515  18.8401   194.005  1.305e+22     7.157      1    0  2.6460e-19  1.3639e-21  2.0972e-22    2780.79   52390.40  1571712.13 9.0647e+21    1.35  deep
 742   3  21  15  2.12e+21  11.258      5.19269   0.105703  12.4856    72.891  1.024e+22     5.830      1    0  1.5339e-19  2.1044e-21  2.3558e-22    3735.48   46639.49  1399184.60 7.4296e+21    1.16  deep
 743   3  21  16  2.12e+21  11.724      5.19269   0.135182   8.9155    31.432  8.021e+21     4.784      1    0  9.2584e-20  2.9456e-21  2.5116e-22    4906.77   43746.50  1312394.91 6.2201e+21    1.04 super
 744   3  21  17  2.12e+21  12.228      5.19269   0.172884   6.5596    14.627  6.039e+21     3.849      1    0  5.3549e-20  3.6610e-21  2.5421e-22    6589.07   43221.43  1296642.84 5.1789e+21    1.00 super
 745   3  21  18  2.12e+21  12.747      5.19269     0.2211   5.0122     7.764  4.377e+21     3.064      1    0  2.9831e-20  3.8421e-21  2.4321e-22    9013.35   45176.47  1355294.13 4.3245e+21    1.04   sub
 746   3  22  12  2.12e+21   9.976      7.70104  0.0505338  59.1923  2044.626  1.842e+22     9.687      1    0  6.4029e-19  3.1316e-22  1.0785e-22    1721.15  101878.96  3056368.71 1.2741e+22    1.70  deep
 747   3  22  13  2.12e+21  10.217      7.70104  0.0646273  48.5518  1402.197  1.669e+22     8.873      1    0  4.8308e-19  3.4451e-22  1.1285e-22    2005.26   97359.24  2920777.18 1.1437e+22    1.68  deep
 748   3  22  14  2.12e+21  10.749      7.70104  0.0826515  30.7837   565.463  1.316e+22     7.206      1    0  2.6216e-19  4.6361e-22  1.2784e-22    2792.04   85949.29  2578478.74 9.1129e+21    1.56  deep
 749   3  22  15  2.12e+21  11.164      7.70104   0.105703  21.3582   257.636  1.076e+22     6.075      1    0  1.6396e-19  6.3639e-22  1.4298e-22    3597.99   76846.68  2305400.49 7.7092e+21    1.41  deep
 750   3  22  16  2.12e+21  11.642      7.70104   0.135182  14.1691    99.213  8.399e+21     4.962      1    0  9.5708e-20  9.6467e-22  1.6125e-22    4809.06   68140.31  2044209.18 6.4143e+21    1.22  deep
 751   3  22  17  2.12e+21  12.066      7.70104   0.172884  10.1695    43.761  6.644e+21     4.134      1    0  5.9265e-20  1.3543e-21  1.7366e-22    6221.63   63270.89  1898126.55 5.4880e+21    1.08 super
 752   3  22  18  2.12e+21  12.521      7.70104     0.2211   7.4477    20.015  5.064e+21     3.389      1    0  3.5065e-20  1.7519e-21  1.7905e-22    8239.55   61365.52  1840965.66 4.6731e+21    1.01 super
 753   3  23  14  2.12e+21  10.562       11.421  0.0826515  56.8304  1893.352  1.436e+22     7.771      1    0  3.2087e-19  1.6947e-22  7.7284e-23    2501.65  142169.46  4265083.80 9.8533e+21    1.69  deep
 754   3  23  15  2.12e+21  11.042       11.421   0.105703  38.2702   880.034  1.144e+22     6.394      1    0  1.8471e-19  2.0989e-22  8.5161e-23    3371.29  129019.85  3870595.53 8.0905e+21    1.63  deep
 755   3  23  16  2.12e+21  11.536       11.421   0.135182  24.8571   359.573  8.894e+21     5.195      1    0  1.0463e-19  2.9098e-22  9.6544e-23    4578.46  113807.35  3414220.59 6.6764e+21    1.48  deep
 756   3  23  17  2.12e+21  11.926       11.421   0.172884  17.5431   164.576  7.195e+21     4.394      1    0  6.6401e-20  4.0347e-22  1.0718e-22    5843.72  102517.06  3075511.81 5.7733e+21    1.32  deep
 757   3  23  18  2.12e+21  12.390       11.421     0.2211  11.7897    63.272  5.493e+21     3.591      1    0  3.8223e-20  6.0411e-22  1.1871e-22    7850.60   92556.08  2776682.38 4.8907e+21    1.14 super
 758   3  24  16  2.12e+21  11.536       16.938   0.135182  39.9188   956.949  8.890e+21     5.193      1    0  1.0279e-19  1.0741e-22  5.9585e-23    4619.37  184399.93  5531997.96 6.6752e+21    1.64  deep
 759   3  24  17  2.12e+21  11.905       16.938   0.172884  28.8770   494.867  7.283e+21     4.435      1    0  6.6413e-20  1.3420e-22  6.5177e-23    5837.86  168579.72  5057391.63 5.8196e+21    1.54  deep
 760   3  24  18  2.12e+21  12.287       16.938     0.2211  20.3065   230.039  5.847e+21     3.758      1    0  4.1701e-20  1.8128e-22  7.2294e-23    7484.46  151983.51  4559505.27 5.0728e+21    1.39  deep
 761   3  25  17  2.12e+21  11.878        25.12   0.172884  47.0870  1321.738  7.383e+21     4.482      1    0  6.7632e-20  5.1169e-23  4.0382e-23    5778.43  272088.88  8162666.39 5.8773e+21    1.67  deep
 762   3  25  18  2.12e+21  12.264        25.12     0.2211  33.4964   672.706  5.919e+21     3.792      1    0  4.1981e-20  6.2405e-23  4.4014e-23    7452.67  249637.42  7489122.72 5.1135e+21    1.59  deep
 763   4   1   1  4.24e+21  10.513      0.00196   0.003376   0.6040     1.062  2.570e+20     1.061      1    0  4.6687e-18  4.3981e-18  5.5605e-20     654.32     395.20    11855.99 1.0059e+22   60.83   sub
 764   4   1   2  4.24e+21  11.148      0.00196 0.00431755   0.5152     1.045  2.547e+20     1.060      1    0  2.1857e-18  2.0923e-18  4.3313e-20     984.77     507.35    15220.46 7.7557e+21   96.31   sub
 765   4   2   1  4.24e+21  10.009   0.00290678   0.003376   0.7524     1.096  3.809e+20     1.090      1    0  6.5864e-18  6.0089e-18  5.4336e-20     537.53     404.42    12132.71 1.2551e+22   32.60   sub
 766   4   2   2  4.24e+21  10.697   0.00290678 0.00431755   0.6395     1.069  3.773e+20     1.089      1    0  3.1234e-18  2.9216e-18  4.2586e-20     806.94     516.01    15480.43 9.3108e+21   51.65   sub
 767   4   2   3  4.24e+21  11.212   0.00290678 0.00552168   0.5601     1.053  3.729e+20     1.088      1    0  1.6527e-18  1.5698e-18  3.4547e-20    1135.70     636.08    19082.37 7.5643e+21   75.61   sub
 768   4   3   1  4.24e+21   9.409   0.00431092   0.003376   0.9599     1.158  5.649e+20     1.133      1    0  1.0038e-17  8.6670e-18  5.4228e-20     422.15     405.23    12156.97 1.6703e+22   16.68   sub
 769   4   3   2  4.24e+21  10.120   0.00431092 0.00431755   0.8129     1.113  5.600e+20     1.132      1    0  4.8358e-18  4.3467e-18  4.2856e-20     630.78     512.76    15382.81 1.1939e+22   26.27   sub
 770   4   3   3  4.24e+21  10.774   0.00431092 0.00552168   0.6948     1.082  5.525e+20     1.130      1    0  2.3533e-18  2.1755e-18  3.3901e-20     932.95     648.21    19446.41 9.0207e+21   40.79   sub
 771   4   3   4  4.24e+21  11.341   0.00431092 0.00706165   0.5975     1.060  5.406e+20     1.127      1    0  1.1375e-18  1.0729e-18  2.6711e-20    1376.83     822.68    24680.47 7.1924e+21   62.74   sub
 772   4   3   5  4.24e+21  11.822   0.00431092 0.00903109   0.5123     1.044  5.201e+20     1.123      1    0  5.2133e-19  4.9930e-19  2.0657e-20    2076.40    1063.79    31913.64 5.9986e+21   97.88   sub
 773   4   4   1  4.24e+21   8.853   0.00639332   0.003376   1.2240     1.262  8.375e+20     1.198      1    0  1.4728e-17  1.1671e-17  5.3105e-20     338.07     413.80    12414.11 2.2388e+22    8.85   sub
 774   4   4   2  4.24e+21   9.580   0.00639332 0.00431755   1.0250     1.181  8.300e+20     1.196      1    0  6.9717e-18  5.9025e-18  4.1945e-20     511.13     523.90    15717.04 1.5358e+22   14.00   sub
 775   4   4   3  4.24e+21  10.287   0.00639332 0.00552168   0.8669     1.128  8.182e+20     1.193      1    0  3.3403e-18  2.9603e-18  3.3126e-20     765.21     663.38    19901.47 1.1088e+22   22.00   sub
 776   4   4   4  4.24e+21  10.925   0.00639332 0.00706165   0.7407     1.093  7.996e+20     1.189      1    0  1.6169e-18  1.4792e-18  2.6176e-20    1133.45     839.51    25185.23 8.4792e+21   34.07   sub
 777   4   4   5  4.24e+21  11.505   0.00639332 0.00903109   0.6299     1.067  7.685e+20     1.181      1    0  7.3517e-19  6.8901e-19  2.0226e-20    1724.94    1086.45    32593.63 6.7546e+21   53.94   sub
 778   4   4   6  4.24e+21  11.862   0.00639332  0.0115498   0.5583     1.052  7.322e+20     1.173      1    0  3.9696e-19  3.7717e-19  1.6514e-20    2383.60    1330.67    39920.12 5.9105e+21   76.32   sub
 779   4   5   1  4.24e+21   8.331   0.00948164   0.003376   1.5772     1.448  1.240e+21     1.292      1    0  2.1596e-17  1.4917e-17  5.1445e-20     270.83     427.15    12814.52 3.0489e+22    4.82   sub
 780   4   5   2  4.24e+21   9.011   0.00948164 0.00431755   1.3133     1.304  1.230e+21     1.290      1    0  1.0355e-17  7.9436e-18  4.1136e-20     406.75     534.20    16026.09 2.0536e+22    7.42   sub
 781   4   5   3  4.24e+21   9.714   0.00948164 0.00552168   1.1049     1.212  1.213e+21     1.286      1    0  5.0263e-18  4.1486e-18  3.2812e-20     606.16     669.73    20091.80 1.4400e+22   11.50   sub
 782   4   5   4  4.24e+21  10.418   0.00948164 0.00706165   0.9327     1.149  1.185e+21     1.279      1    0  2.3928e-18  2.0823e-18  2.5895e-20     909.82     848.60    25458.07 1.0477e+22   18.03   sub
 783   4   5   5  4.24e+21  11.041   0.00948164 0.00903109   0.7965     1.108  1.143e+21     1.269      1    0  1.1541e-18  1.0416e-18  2.0458e-20    1348.67    1074.16    32224.89 8.0943e+21   27.81   sub
 784   4   5   6  4.24e+21  11.550   0.00948164  0.0115498   0.6876     1.080  1.080e+21     1.255      1    0  5.6442e-19  5.2259e-19  1.6201e-20    1972.47    1356.37    40691.07 6.6405e+21   42.01   sub
 785   4   5   7  4.24e+21  11.949   0.00948164   0.014771   0.5970     1.060  9.882e+20     1.233      1    0  2.7364e-19  2.5812e-19  1.2774e-20    2881.42    1720.23    51606.90 5.7251e+21   62.90   sub
 786   4   5   8  4.24e+21  12.254   0.00948164  0.0188905   0.5172     1.045  8.539e+20     1.201      1    0  1.2687e-19  1.2141e-19  9.9152e-21    4285.37    2216.29    66488.64 5.1313e+21   95.24   sub
 787   4   6   1  4.24e+21   7.877    0.0140618   0.003376   2.0565     1.798  1.838e+21     1.433      1    0  3.1202e-17  1.7353e-17  4.8773e-20     219.09     450.55    13516.52 4.1481e+22    2.77   sub
 788   4   6   2  4.24e+21   8.475    0.0140618 0.00431755   1.7028     1.528  1.822e+21     1.430      1    0  1.5320e-17  1.0026e-17  3.9791e-20     324.32     552.25    16567.61 2.7889e+22    4.06   sub
 789   4   6   3  4.24e+21   9.177    0.0140618 0.00552168   1.4086     1.352  1.795e+21     1.423      1    0  7.2393e-18  5.3549e-18  3.1779e-20     490.92     691.50    20744.99 1.8811e+22    6.27   sub
 790   4   6   4  4.24e+21   9.873    0.0140618 0.00706165   1.1848     1.245  1.755e+21     1.414      1    0  3.5313e-18  2.8371e-18  2.5439e-20     729.07     863.82    25914.69 1.3365e+22    9.61   sub
 791   4   6   5  4.24e+21  10.560    0.0140618 0.00903109   1.0008     1.172  1.691e+21     1.399      1    0  1.6879e-18  1.4397e-18  2.0132e-20    1090.62    1091.52    32745.73 9.8618e+21   14.92   sub
 792   4   6   6  4.24e+21  11.162    0.0140618  0.0115498   0.8547     1.125  1.594e+21     1.376      1    0  8.1312e-19  7.2298e-19  1.5915e-20    1615.54    1380.78    41423.39 7.7135e+21   22.88   sub
 793   4   6   7  4.24e+21  11.656    0.0140618   0.014771   0.7360     1.092  1.455e+21     1.343      1    0  3.9126e-19  3.5833e-19  1.2546e-20    2379.89    1751.59    52547.85 6.3812e+21   34.68   sub
 794   4   6   8  4.24e+21  12.057    0.0140618  0.0188905   0.6313     1.067  1.246e+21     1.294      1    0  1.7727e-19  1.6610e-19  9.6799e-21    3595.93    2270.15    68104.62 5.5069e+21   53.58   sub
 795   4   6   9  4.24e+21  12.282    0.0140618   0.024159   0.5628     1.053  1.045e+21     1.247      1    0  9.5506e-20  9.0670e-20  7.8967e-21    4944.77    2782.80    83484.11 5.0803e+21   74.57   sub
 796   4   7   1  4.24e+21   7.502    0.0208544   0.003376   2.7375     2.529  2.719e+21     1.641      1    0  4.4383e-17  1.7550e-17  4.4780e-20     179.26     490.73    14721.87 5.5815e+22    1.73   sub
 797   4   7   2  4.24e+21   8.013    0.0208544 0.00431755   2.2356     1.962  2.695e+21     1.636      1    0  2.2109e-17  1.1270e-17  3.7445e-20     262.51     586.86    17605.73 3.7639e+22    2.38   sub
 798   4   7   3  4.24e+21   8.630    0.0208544 0.00552168   1.8377     1.623  2.657e+21     1.627      1    0  1.0786e-17  6.6455e-18  3.0658e-20     390.04     716.77    21503.07 2.5423e+22    3.46   sub
 799   4   7   4  4.24e+21   9.326    0.0208544 0.00706165   1.5197     1.413  2.595e+21     1.612      1    0  5.1586e-18  3.6495e-18  2.4665e-20     586.27     890.93    26727.99 1.7421e+22    5.24   sub
 800   4   7   5  4.24e+21  10.038    0.0208544 0.00903109   1.2695     1.283  2.498e+21     1.589      1    0  2.4614e-18  1.9190e-18  1.9659e-20     880.55    1117.83    33534.91 1.2389e+22    8.07   sub
 801   4   7   6  4.24e+21  10.682    0.0208544  0.0115498   1.0794     1.202  2.359e+21     1.556      1    0  1.2134e-18  1.0098e-18  1.5736e-20    1293.76    1396.45    41893.51 9.3683e+21   12.22   sub
 802   4   7   7  4.24e+21  11.284    0.0208544   0.014771   0.9164     1.144  2.144e+21     1.506      1    0  5.6870e-19  4.9718e-19  1.2346e-20    1942.29    1779.97    53399.21 7.3541e+21   18.91   sub
 803   4   7   8  4.24e+21  11.745    0.0208544  0.0188905   0.7912     1.106  1.863e+21     1.439      1    0  2.7634e-19  2.4975e-19  9.7710e-21    2842.62    2249.00    67469.93 6.1731e+21   28.33   sub
 804   4   7   9  4.24e+21  12.087    0.0208544   0.024159   0.6894     1.080  1.523e+21     1.359      1    0  1.3574e-19  1.2563e-19  7.7466e-21    4114.60    2836.73    85101.91 5.4472e+21   41.70   sub
 805   4   7  10  4.24e+21  12.338    0.0208544  0.0308968   0.6016     1.061  1.142e+21     1.269      1    0  6.5148e-20  6.1400e-20  6.0870e-21    6000.51    3610.13   108304.01 4.9818e+21   61.51   sub
 806   4   7  11  4.24e+21  12.508    0.0208544  0.0395137   0.5270     1.047  7.897e+20     1.186      1    0  3.1163e-20  2.9772e-20  4.7732e-21    8735.60    4603.85   138115.40 4.6946e+21   90.17   sub
 807   4   8   1  4.24e+21   7.234    0.0309281   0.003376   3.7185     4.186  4.014e+21     1.947      1    0  5.9169e-17  1.4136e-17  3.8760e-20     152.47     566.94    17008.35 7.1555e+22    1.23   sub
 808   4   8   2  4.24e+21   7.644    0.0309281 0.00431755   2.9916     2.884  3.978e+21     1.938      1    0  3.0749e-17  1.0664e-17  3.3788e-20     217.40     650.38    19511.32 4.9598e+22    1.53   sub
 809   4   8   3  4.24e+21   8.167    0.0309281 0.00552168   2.4274     2.159  3.922e+21     1.925      1    0  1.5463e-17  7.1628e-18  2.8569e-20     316.89     769.19    23075.76 3.3909e+22    2.07   sub
 810   4   8   4  4.24e+21   8.799    0.0309281 0.00706165   1.9817     1.735  3.829e+21     1.903      1    0  7.5222e-18  4.3348e-18  2.3514e-20     471.58     934.54    28036.07 2.3082e+22    2.97   sub
 811   4   8   5  4.24e+21   9.478    0.0309281 0.00903109   1.6412     1.488  3.690e+21     1.870      1    0  3.6694e-18  2.4667e-18  1.9107e-20     700.78    1150.13    34503.80 1.6141e+22    4.41   sub
 812   4   8   6  4.24e+21  10.177    0.0309281  0.0115498   1.3704     1.332  3.475e+21     1.820      1    0  1.7626e-18  1.3232e-18  1.5305e-20    1047.71    1435.82    43074.70 1.1642e+22    6.69   sub
 813   4   8   7  4.24e+21  10.836    0.0309281   0.014771   1.1547     1.232  3.160e+21     1.745      1    0  8.3753e-19  6.7987e-19  1.2134e-20    1568.38    1811.06    54331.78 8.7930e+21   10.26   sub
 814   4   8   8  4.24e+21  11.382    0.0309281  0.0188905   0.9890     1.168  2.747e+21     1.648      1    0  4.0855e-19  3.4971e-19  9.6546e-21    2301.47    2276.11    68283.27 7.0808e+21   15.40   sub
 815   4   8   9  4.24e+21  11.826    0.0309281   0.024159   0.8517     1.124  2.226e+21     1.525      1    0  1.9591e-19  1.7433e-19  7.6161e-21    3387.83    2885.32    86559.62 5.9892e+21   23.10   sub
 816   4   8  10  4.24e+21  12.156    0.0309281  0.0308968   0.7386     1.093  1.662e+21     1.392      1    0  9.3675e-20  8.5738e-20  5.9894e-21    4967.15    3668.95   110068.36 5.3135e+21   34.33   sub
 817   4   8  11  4.24e+21  12.393    0.0309281  0.0395137   0.6409     1.069  1.128e+21     1.266      1    0  4.3480e-20  4.0658e-20  4.6574e-21    7361.63    4718.25   141547.37 4.8854e+21   51.32   sub
 818   4   8  12  4.24e+21  12.528    0.0309281  0.0505338   0.5715     1.055  7.786e+20     1.184      1    0  2.2929e-20  2.1733e-20  3.7728e-21   10192.11    5824.63   174739.03 4.6620e+21   71.33   sub
 819   4   9   1  4.24e+21   7.063    0.0458681   0.003376   5.2145     8.491  5.897e+21     2.391      1    0  7.2806e-17  8.5741e-18  3.1030e-20     135.81     708.19    21245.77 8.6104e+22    1.03   sub
 820   4   9   2  4.24e+21   7.377    0.0458681 0.00431755   4.1142     5.096  5.847e+21     2.379      1    0  4.0267e-17  7.9020e-18  2.8620e-20     186.63     767.83    23034.78 6.2388e+22    1.14   sub
 821   4   9   3  4.24e+21   7.802    0.0458681 0.00552168   3.2720     3.333  5.763e+21     2.359      1    0  2.1111e-17  6.3345e-18  2.5336e-20     265.08     867.34    26020.27 4.3842e+22    1.38   sub
 822   4   9   4  4.24e+21   8.334    0.0458681 0.00706165   2.6371     2.402  5.630e+21     2.328      1    0  1.0734e-17  4.4692e-18  2.1689e-20     384.21    1013.18    30395.27 3.0434e+22    1.82   sub
 823   4   9   5  4.24e+21   8.952    0.0458681 0.00903109   2.1539     1.885  5.427e+21     2.280      1    0  5.3575e-18  2.8425e-18  1.8101e-20     563.63    1214.00    36419.91 2.1204e+22    2.54   sub
 824   4   9   6  4.24e+21   9.634    0.0458681  0.0115498   1.7747     1.577  5.113e+21     2.206      1    0  2.6056e-18  1.6518e-18  1.4769e-20     838.42    1487.95    44638.61 1.4963e+22    3.72   sub
 825   4   9   7  4.24e+21  10.322    0.0458681   0.014771   1.4782     1.390  4.653e+21     2.097      1    0  1.2505e-18  8.9977e-19  1.1867e-20    1252.76    1851.82    55554.74 1.0919e+22    5.59   sub
 826   4   9   8  4.24e+21  10.956    0.0458681  0.0188905   1.2466     1.272  4.028e+21     1.950      1    0  5.9915e-19  4.7100e-19  9.4543e-21    1864.52    2324.33    69730.01 8.3760e+21    8.45   sub
 827   4   9   9  4.24e+21  11.481    0.0458681   0.024159   1.0665     1.197  3.277e+21     1.773      1    0  2.9123e-19  2.4337e-19  7.5261e-21    2737.74    2919.81    87594.38 6.8171e+21   12.61   sub
 828   4   9  10  4.24e+21  11.912    0.0458681  0.0308968   0.9142     1.143  2.426e+21     1.572      1    0  1.3642e-19  1.1934e-19  5.8992e-21    4074.52    3725.04   111751.35 5.8037e+21   19.03   sub
 829   4   9  11  4.24e+21  12.209    0.0458681  0.0395137   0.7964     1.108  1.693e+21     1.399      1    0  6.6653e-20  6.0160e-20  4.6757e-21    5901.39    4699.83   140994.80 5.2140e+21   27.81   sub
 830   4   9  12  4.24e+21  12.416    0.0458681  0.0505338   0.6980     1.083  1.122e+21     1.265      1    0  3.2676e-20  3.0186e-20  3.7041e-21    8499.45    5932.58   177977.30 4.8474e+21   40.27   sub
 831   4   9  13  4.24e+21  12.562    0.0458681  0.0646273   0.6096     1.063  7.035e+20     1.166      1    0  1.5355e-20  1.4449e-20  2.8904e-21   12471.25    7602.78   228083.49 4.6080e+21   59.23   sub
 832   4   9  14  4.24e+21  12.649    0.0458681  0.0826515   0.5395     1.049  4.507e+20     1.106      1    0  7.6466e-21  7.2895e-21  2.2968e-21   17734.25    9567.68   287030.27 4.4716e+21   84.26   sub
 833   4  10   1  4.24e+21   6.955    0.0680248   0.003376   7.7811    22.329  8.567e+21     3.021      1    0  8.4788e-17  3.7972e-18  2.2615e-20     124.88     971.72    29151.46 9.8344e+22    1.01 super
 834   4  10   2  4.24e+21   7.213    0.0680248 0.00431755   5.8442    11.073  8.502e+21     3.005      1    0  4.7982e-17  4.3332e-18  2.2241e-20     169.06     988.05    29641.37 7.3098e+22    1.00   sub
 835   4  10   3  4.24e+21   7.541    0.0680248 0.00552168   4.5537     6.292  8.390e+21     2.979      1    0  2.7036e-17  4.2970e-18  2.0956e-20     230.28    1048.64    31459.24 5.3972e+22    1.08   sub
 836   4  10   4  4.24e+21   7.982    0.0680248 0.00706165   3.5767     3.896  8.199e+21     2.934      1    0  1.4302e-17  3.6711e-18  1.8861e-20     325.75    1165.12    34953.63 3.8476e+22    1.27   sub
 837   4  10   5  4.24e+21   8.512    0.0680248 0.00903109   2.8708     2.709  7.903e+21     2.864      1    0  7.4250e-18  2.7409e-18  1.6396e-20     466.85    1340.26    40207.78 2.7278e+22    1.62   sub
 838   4  10   6  4.24e+21   9.137    0.0680248  0.0115498   2.3267     2.053  7.445e+21     2.756      1    0  3.6994e-18  1.8024e-18  1.3782e-20     685.28    1594.41    47832.24 1.9199e+22    2.22   sub
 839   4  10   7  4.24e+21   9.815    0.0680248   0.014771   1.9092     1.677  6.772e+21     2.597      1    0  1.8005e-18  1.0734e-18  1.1305e-20    1018.08    1943.76    58312.77 1.3726e+22    3.20   sub
 840   4  10   8  4.24e+21  10.468    0.0680248  0.0188905   1.5964     1.459  5.887e+21     2.388      1    0  8.8590e-19  6.0702e-19  9.1842e-21    1498.84    2392.70    71781.00 1.0255e+22    4.69   sub
 841   4  10   9  4.24e+21  11.078    0.0680248   0.024159   1.3452     1.319  4.769e+21     2.125      1    0  4.2534e-19  3.2240e-19  7.3411e-21    2225.25    2993.39    89801.79 7.9759e+21    7.00   sub
 842   4  10  10  4.24e+21  11.596    0.0680248  0.0308968   1.1432     1.227  3.542e+21     1.835      1    0  2.0073e-19  1.6358e-19  5.8001e-21    3314.20    3788.74   113662.12 6.5257e+21   10.53   sub
 843   4  10  11  4.24e+21  11.977    0.0680248  0.0395137   0.9886     1.168  2.477e+21     1.584      1    0  9.8203e-20  8.4069e-20  4.6160e-21    4815.38    4760.61   142818.20 5.6683e+21   15.41   sub
 844   4  10  12  4.24e+21  12.262    0.0680248  0.0505338   0.8572     1.125  1.619e+21     1.382      1    0  4.6855e-20  4.1633e-20  3.6341e-21    7053.90    6046.80   181404.09 5.1163e+21   22.69   sub
 845   4  10  13  4.24e+21  12.459    0.0680248  0.0646273   0.7468     1.095  1.022e+21     1.241      1    0  2.2212e-20  2.0291e-20  2.8495e-21   10326.94    7711.87   231355.97 4.7747e+21   33.29   sub
 846   4  10  14  4.24e+21  12.586    0.0680248  0.0826515   0.6553     1.073  6.420e+20     1.151      1    0  1.0712e-20  9.9874e-21  2.2438e-21   14945.78    9793.62   293808.60 4.5697e+21   48.18   sub
 847   4  10  15  4.24e+21  12.662    0.0680248   0.105703   0.5824     1.057  4.151e+20     1.098      1    0  5.4701e-21  5.1743e-21  1.7985e-21   20978.69   12218.22   366546.71 4.4511e+21   67.54   sub
 848   4  10  16  4.24e+21  12.721    0.0680248   0.135182   0.5053     1.043  2.421e+20     1.057      1    0  2.4037e-21  2.3049e-21  1.3711e-21   31720.62   16026.87   480806.13 4.3622e+21  101.91   sub
 849   4  11   1  4.24e+21   6.900     0.100884   0.003376  12.3522    70.990  1.210e+22     3.854      1    0  9.1831e-17  1.2936e-18  1.4885e-20     119.52    1476.36    44290.86 1.0588e+23    1.16  deep
 850   4  11   2  4.24e+21   7.105     0.100884 0.00431755   8.9526    31.761  1.209e+22     3.851      1    0  5.5044e-17  1.7330e-18  1.5669e-20     156.66    1402.47    42074.17 8.2097e+22    1.05 super
 851   4  11   3  4.24e+21   7.382     0.100884 0.00552168   6.6002    14.849  1.197e+22     3.822      1    0  3.1674e-17  2.1330e-18  1.5817e-20     210.50    1389.31    41679.38 6.2101e+22    1.00 super
 852   4  11   4  4.24e+21   7.734     0.100884 0.00706165   5.0235     7.804  1.172e+22     3.765      1    0  1.7771e-17  2.2773e-18  1.5207e-20     287.66    1445.05    43351.60 4.6177e+22    1.04   sub
 853   4  11   5  4.24e+21   8.172     0.100884 0.00903109   3.9282     4.649  1.131e+22     3.669      1    0  9.6934e-18  2.0850e-18  1.3973e-20     400.36    1572.71    47181.37 3.3792e+22    1.18   sub
 854   4  11   6  4.24e+21   8.697     0.100884  0.0115498   3.1366     3.108  1.069e+22     3.521      1    0  5.1334e-18  1.6517e-18  1.2345e-20     567.54    1780.12    53403.75 2.4462e+22    1.45   sub
 855   4  11   7  4.24e+21   9.313     0.100884   0.014771   2.5308     2.275  9.754e+21     3.301      1    0  2.5912e-18  1.1390e-18  1.0504e-20     826.65    2092.06    62761.76 1.7531e+22    1.94   sub
 856   4  11   8  4.24e+21   9.969     0.100884  0.0188905   2.0751     1.814  8.479e+21     3.000      1    0  1.2825e-18  7.0689e-19  8.7111e-21    1215.69    2522.63    75679.04 1.2785e+22    2.72   sub
 857   4  11   9  4.24e+21  10.609     0.100884   0.024159   1.7280     1.545  6.912e+21     2.630      1    0  6.2880e-19  4.0700e-19  7.1006e-21    1791.02    3094.81    92844.23 9.6597e+21    3.94   sub
 858   4  11  10  4.24e+21  11.200     0.100884  0.0308968   1.4518     1.375  5.174e+21     2.220      1    0  3.0020e-19  2.1830e-19  5.6833e-21    2663.33    3866.56   115996.73 7.5995e+21    5.83   sub
 859   4  11  11  4.24e+21  11.680     0.100884  0.0395137   1.2379     1.268  3.603e+21     1.850      1    0  1.4446e-19  1.1391e-19  4.5276e-21    3920.70    4853.56   145606.72 6.3244e+21    8.60   sub
 860   4  11  12  4.24e+21  12.042     0.100884  0.0505338   1.0680     1.197  2.386e+21     1.563      1    0  7.0009e-20  5.8477e-20  3.5980e-21    5718.69    6107.47   183223.95 5.5357e+21   12.56   sub
 861   4  11  13  4.24e+21  12.311     0.100884  0.0646273   0.9238     1.146  1.507e+21     1.355      1    0  3.3031e-20  2.8817e-20  2.8258e-21    8417.78    7776.60   233297.88 5.0297e+21   18.50   sub
 862   4  11  14  4.24e+21  12.485     0.100884  0.0826515   0.8089     1.111  9.557e+20     1.225      1    0  1.6114e-20  1.4499e-20  2.2384e-21   12137.16    9817.43   294522.88 4.7314e+21   26.64   sub
 863   4  11  15  4.24e+21  12.602     0.100884   0.105703   0.7106     1.086  5.995e+20     1.141      1    0  7.8352e-21  7.2176e-21  1.7685e-21   17486.78   12425.79   372773.59 4.5448e+21   38.28   sub
 864   4  11  16  4.24e+21  12.682     0.100884   0.135182   0.6193     1.065  3.593e+20     1.085      1    0  3.5833e-21  3.3654e-21  1.3678e-21   25940.11   16065.75   481972.37 4.4214e+21   56.60   sub
 865   4  11  17  4.24e+21  12.724     0.100884   0.172884   0.5531     1.052  2.335e+20     1.055      1    0  1.8628e-21  1.7716e-21  1.1025e-21   36037.71   19931.99   597959.57 4.3575e+21   78.41   sub
 866   4  12   1  4.24e+21   6.863     0.149617   0.003376  21.0222   248.662  1.595e+22     4.763      1    0  9.8432e-17  3.9584e-19  9.0787e-21     115.14    2420.48    72614.41 1.1157e+23    1.40  deep
 867   4  12   2  4.24e+21   7.066     0.149617 0.00431755  14.1999    99.733  1.625e+22     4.834      1    0  5.6898e-17  5.7050e-19  1.0071e-20     153.66    2181.94    65458.31 8.5820e+22    1.22  deep
 868   4  12   3  4.24e+21   7.281     0.149617 0.00552168  10.3246    45.454  1.631e+22     4.847      1    0  3.5488e-17  7.8076e-19  1.0777e-20     197.50    2039.09    61172.78 6.8339e+22    1.09 super
 869   4  12   4  4.24e+21   7.573     0.149617 0.00706165   7.4777    20.217  1.613e+22     4.805      1    0  2.0738e-17  1.0258e-18  1.1153e-20     263.50    1970.33    59109.98 5.2552e+22    1.01 super
 870   4  12   5  4.24e+21   7.932     0.149617 0.00903109   5.6178    10.088  1.567e+22     4.695      1    0  1.1883e-17  1.1779e-18  1.0980e-20     356.24    2001.31    60039.26 3.9880e+22    1.01   sub
 871   4  12   6  4.24e+21   8.376     0.149617  0.0115498   4.3309     5.660  1.485e+22     4.503      1    0  6.5448e-18  1.1563e-18  1.0286e-20     493.29    2136.38    64091.28 2.9640e+22    1.11   sub
 872   4  12   7  4.24e+21   8.891     0.149617   0.014771   3.4386     3.631  1.365e+22     4.219      1    0  3.5380e-18  9.7450e-19  9.2454e-21     691.23    2376.85    71305.64 2.1923e+22    1.32   sub
 873   4  12   8  4.24e+21   9.495     0.149617  0.0188905   2.7599     2.558  1.193e+22     3.813      1    0  1.8094e-18  7.0726e-19  7.9713e-21     998.87    2756.74    82702.26 1.6007e+22    1.71   sub
 874   4  12   9  4.24e+21  10.134     0.149617   0.024159   2.2538     1.980  9.775e+21     3.305      1    0  9.0195e-19  4.5563e-19  6.6710e-21    1461.57    3294.11    98823.43 1.1866e+22    2.34   sub
 875   4  12  10  4.24e+21  10.761     0.149617  0.0308968   1.8670     1.645  7.398e+21     2.745      1    0  4.3927e-19  2.6704e-19  5.4539e-21    2158.14    4029.18   120875.46 9.0682e+21    3.35   sub
 876   4  12  11  4.24e+21  11.316     0.149617  0.0395137   1.5700     1.443  5.195e+21     2.225      1    0  2.1228e-19  1.4707e-19  4.3964e-21    3183.62    4998.44   149953.24 7.2622e+21    4.87   sub
 877   4  12  12  4.24e+21  11.768     0.149617  0.0505338   1.3375     1.315  3.449e+21     1.813      1    0  1.0223e-19  7.7714e-20  3.5118e-21    4678.34    6257.46   187723.82 6.1189e+21    7.10   sub
 878   4  12  13  4.24e+21  12.118     0.149617  0.0646273   1.1465     1.228  2.185e+21     1.515      1    0  4.8119e-20  3.9169e-20  2.7699e-21    6919.50    7933.40   238002.07 5.3869e+21   10.45   sub
 879   4  12  14  4.24e+21  12.353     0.149617  0.0826515   0.9979     1.171  1.390e+21     1.328      1    0  2.3477e-20  2.0042e-20  2.2017e-21   10002.04    9980.99   299429.80 4.9552e+21   15.04   sub
 880   4  12  15  4.24e+21  12.519     0.149617   0.105703   0.8687     1.129  8.588e+20     1.203      1    0  1.1119e-20  9.8492e-21  1.7290e-21   14631.06   12709.64   381289.34 4.6766e+21   21.88   sub
 881   4  12  16  4.24e+21  12.627     0.149617   0.135182   0.7581     1.098  5.240e+20     1.124      1    0  5.2150e-21  4.7512e-21  1.3510e-21   21456.22   16265.88   487976.31 4.5046e+21   31.91   sub
 882   4  12  17  4.24e+21  12.691     0.149617   0.172884   0.6719     1.076  3.339e+20     1.079      1    0  2.6273e-21  2.4409e-21  1.0792e-21   30304.37   20361.43   610842.87 4.4079e+21   44.86   sub
 883   4  12  18  4.24e+21  12.733     0.149617     0.2211   0.5942     1.060  2.091e+20     1.049      0    0  1.2939e-21  1.2212e-21  8.5492e-22   43255.44   25704.18   771125.30 4.3449e+21   63.74   sub
 884   4  13   1  4.24e+21   6.826      0.22189   0.003376  36.8920   817.804  1.866e+22     5.401      1    0  1.0876e-16  1.3299e-19  5.4529e-21     109.24    4029.99   120899.58 1.1809e+23    1.62  deep
 885   4  13   2  4.24e+21   7.016      0.22189 0.00431755  24.8609   359.692  1.959e+22     5.621      1    0  6.2388e-17  1.7345e-19  6.0448e-21     146.23    3635.35   109060.37 9.1013e+22    1.48  deep
 886   4  13   3  4.24e+21   7.208      0.22189 0.00552168  17.7076   168.180  2.020e+22     5.763      1    0  3.9429e-17  2.3445e-19  6.6564e-21     186.44    3301.35    99040.43 7.3474e+22    1.32  deep
 887   4  13   4  4.24e+21   7.479      0.22189 0.00706165  11.9689    65.679  2.051e+22     5.837      1    0  2.2869e-17  3.4820e-19  7.3632e-21     249.35    2984.43    89532.90 5.6943e+22    1.15 super
 888   4  13   5  4.24e+21   7.792      0.22189 0.00903109   8.4626    27.567  2.028e+22     5.783      1    0  1.3382e-17  4.8546e-19  7.8047e-21     332.71    2815.60    84467.87 4.4204e+22    1.03 super
 889   4  13   6  4.24e+21   8.166      0.22189  0.0115498   6.2278    12.894  1.946e+22     5.590      1    0  7.6917e-18  5.9653e-19  7.8537e-21     449.28    2798.03    83941.02 3.3931e+22    1.00   sub
 890   4  13   7  4.24e+21   8.604      0.22189   0.014771   4.7701     6.957  1.804e+22     5.255      1    0  4.3450e-18  6.2453e-19  7.5080e-21     613.59    2926.87    87806.19 2.5817e+22    1.06   sub
 891   4  13   8  4.24e+21   9.106      0.22189  0.0188905   3.7667     4.289  1.602e+22     4.779      1    0  2.3985e-18  5.5929e-19  6.8667e-21     849.60    3200.19    96005.80 1.9520e+22    1.21   sub
 892   4  13   9  4.24e+21   9.687      0.22189   0.024159   3.0142     2.917  1.334e+22     4.147      1    0  1.2531e-18  4.2952e-19  6.0135e-21    1212.33    3654.25   109627.56 1.4586e+22    1.52   sub
 893   4  13  10  4.24e+21  10.302      0.22189  0.0308968   2.4531     2.187  1.031e+22     3.431      1    0  6.3190e-19  2.8892e-19  5.0882e-21    1760.56    4318.84   129565.28 1.1018e+22    2.03   sub
 894   4  13  11  4.24e+21  10.906      0.22189  0.0395137   2.0236     1.770  7.341e+21     2.731      1    0  3.0782e-19  1.7391e-19  4.1841e-21    2595.42    5251.97   157559.03 8.5449e+21    2.86   sub
 895   4  13  12  4.24e+21  11.425      0.22189  0.0505338   1.7029     1.528  4.970e+21     2.172      1    0  1.5077e-19  9.8672e-20  3.3997e-21    3795.68    6463.76   193912.70 6.9641e+21    4.06   sub
 896   4  13  13  4.24e+21  11.854      0.22189  0.0646273   1.4462     1.372  3.204e+21     1.756      1    0  7.2083e-20  5.2535e-20  2.7175e-21    5591.66    8086.45   242593.55 5.9283e+21    5.89   sub
 897   4  13  14  4.24e+21  12.171      0.22189  0.0826515   1.2436     1.271  2.030e+21     1.479      1    0  3.4647e-20  2.7265e-20  2.1622e-21    8172.26   10163.35   304900.64 5.2862e+21    8.50   sub
 898   4  13  15  4.24e+21  12.390      0.22189   0.105703   1.0807     1.202  1.280e+21     1.302      1    0  1.6842e-20  1.4011e-20  1.7193e-21   11826.42   12781.29   383438.68 4.8914e+21   12.18   sub
 899   4  13  16  4.24e+21  12.542      0.22189   0.135182   0.9409     1.152  7.902e+20     1.186      1    0  8.0131e-21  6.9567e-21  1.3538e-21   17250.64   16231.75   486952.51 4.6392e+21   17.60   sub
 900   4  13  17  4.24e+21  12.639      0.22189   0.172884   0.8254     1.116  4.913e+20     1.116      1    0  3.8800e-21  3.4765e-21  1.0699e-21   24885.95   20539.66   616189.88 4.4872e+21   25.19   sub
 901   4  13  18  4.24e+21  12.701      0.22189     0.2211   0.7251     1.089  3.032e+20     1.072      1    0  1.8645e-21  1.7119e-21  8.4214e-22   35988.24   26094.29   782828.61 4.3921e+21   36.17   sub
 902   4  14   1  4.24e+21   6.852     0.329075   0.003376  54.7732  1765.591  2.032e+22     5.793      1    0  9.8764e-17  5.5938e-20  3.4933e-21     114.85    6290.65   188719.61 1.1348e+23    1.69  deep
 903   4  14   2  4.24e+21   7.017     0.329075 0.00431755  39.9017   956.135  2.142e+22     6.052      1    0  6.1238e-17  6.4047e-20  3.7312e-21     147.60    5889.49   176684.70 9.0954e+22    1.64  deep
 904   4  14   3  4.24e+21   7.186     0.329075 0.00552168  29.6568   523.253  2.235e+22     6.271      1    0  4.0400e-17  7.7210e-20  4.0292e-21     183.90    5453.91   163617.43 7.5172e+22    1.55  deep
 905   4  14   4  4.24e+21   7.419     0.329075 0.00706165  20.4582   233.930  2.324e+22     6.482      1    0  2.4617e-17  1.0523e-19  4.4872e-21     239.38    4897.26   146917.87 6.0003e+22    1.39  deep
 906   4  14   5  4.24e+21   7.712     0.329075 0.00903109  13.6779    91.091  2.367e+22     6.583      1    0  1.4359e-17  1.5763e-19  5.0275e-21     319.56    4370.91   131127.34 4.6975e+22    1.20  deep
 907   4  14   6  4.24e+21   8.027     0.329075  0.0115498   9.5529    37.398  2.327e+22     6.489      1    0  8.4786e-18  2.2671e-19  5.4220e-21     424.26    4052.93   121588.00 3.6921e+22    1.06 super
 908   4  14   7  4.24e+21   8.389     0.329075   0.014771   7.0856    17.684  2.215e+22     6.225      1    0  5.1602e-18  2.9180e-19  5.5785e-21     555.95    3939.21   118176.36 2.9413e+22    1.00 super
 909   4  14   8  4.24e+21   8.825     0.329075  0.0188905   5.3391     8.963  2.005e+22     5.728      1    0  2.9461e-18  3.2869e-19  5.4540e-21     754.65    4029.14   120874.05 2.2749e+22    1.02   sub
 910   4  14   9  4.24e+21   9.324     0.329075   0.024159   4.1534     5.194  1.714e+22     5.042      1    0  1.6300e-18  3.1381e-19  5.0733e-21    1042.87    4331.48   129944.34 1.7435e+22    1.13   sub
 911   4  14  10  4.24e+21   9.889     0.329075  0.0308968   3.2963     3.375  1.363e+22     4.214      1    0  8.5891e-19  2.5451e-19  4.5059e-21    1479.54    4876.97   146309.21 1.3262e+22    1.37   sub
 912   4  14  11  4.24e+21  10.474     0.329075  0.0395137   2.6748     2.449  1.009e+22     3.380      1    0  4.3976e-19  1.7959e-19  3.8609e-21    2127.93    5691.68   170750.34 1.0230e+22    1.78   sub
 913   4  14  12  4.24e+21  11.038     0.329075  0.0505338   2.2066     1.934  6.991e+21     2.649      1    0  2.1845e-19  1.1295e-19  3.2130e-21    3099.48    6839.38   205181.27 8.1040e+21    2.43   sub
 914   4  14  13  4.24e+21  11.536     0.329075  0.0646273   1.8468     1.630  4.603e+21     2.086      1    0  1.0601e-19  6.5046e-20  2.6160e-21    4548.43    8400.06   252001.90 6.6767e+21    3.42   sub
 915   4  14  14  4.24e+21  11.933     0.329075  0.0826515   1.5673     1.442  2.940e+21     1.694      1    0  5.0989e-20  3.5367e-20  2.1019e-21    6670.59   10454.77   313643.24 5.7589e+21    4.89   sub
 916   4  14  15  4.24e+21  12.225     0.329075   0.105703   1.3466     1.320  1.853e+21     1.437      1    0  2.4565e-20  1.8610e-20  1.6776e-21    9727.41   13098.68   392960.31 5.1840e+21    6.98   sub
 917   4  14  16  4.24e+21  12.432     0.329075   0.135182   1.1642     1.236  1.148e+21     1.271      1    0  1.1686e-20  9.4556e-21  1.3273e-21   14221.88   16556.73   496701.92 4.8201e+21   10.05   sub
 918   4  14  17  4.24e+21  12.569     0.329075   0.172884   1.0133     1.177  7.082e+20     1.167      1    0  5.5721e-21  4.7346e-21  1.0472e-21   20709.07   20984.40   629532.14 4.5963e+21   14.43   sub
 919   4  14  18  4.24e+21  12.659     0.329075     0.2211   0.8833     1.133  4.309e+20     1.102      1    0  2.6146e-21  2.3069e-21  8.1996e-22   30339.94   26799.94   803998.05 4.4562e+21   20.90   sub
 920   4  15   3  4.24e+21   7.174     0.488036 0.00552168  48.1569  1380.312  2.337e+22     6.512      1    0  4.1047e-17  2.9737e-20  2.5033e-21     182.28    8778.25   263347.57 7.6194e+22    1.67  deep
 921   4  15   4  4.24e+21   7.395     0.488036 0.00706165  34.2808   705.167  2.450e+22     6.778      1    0  2.5324e-17  3.5912e-20  2.7206e-21     235.62    8077.29   242318.81 6.1353e+22    1.59  deep
 922   4  15   5  4.24e+21   7.659     0.488036 0.00903109  23.4165   315.758  2.532e+22     6.971      1    0  1.5253e-17  4.8306e-20  3.0372e-21     308.98    7235.17   217055.22 4.9001e+22    1.45  deep
 923   4  15   6  4.24e+21   7.923     0.488036  0.0115498  16.5253   143.128  2.550e+22     7.015      1    0  9.6809e-18  6.7638e-20  3.3710e-21     394.47    6518.81   195564.19 4.0113e+22    1.29  deep
 924   4  15   7  4.24e+21   8.281     0.488036   0.014771  11.0710    54.117  2.477e+22     6.841      1    0  5.5809e-18  1.0313e-19  3.7372e-21     531.13    5880.08   176402.40 3.1492e+22    1.12 super
 925   4  15   8  4.24e+21   8.656     0.488036  0.0188905   7.9343    23.446  2.302e+22     6.429      1    0  3.3124e-18  1.4127e-19  3.9292e-21     704.88    5592.74   167782.29 2.5041e+22    1.02 super
 926   4  15   9  4.24e+21   9.078     0.488036   0.024159   5.9395    11.507  2.034e+22     5.796      1    0  1.9374e-18  1.6836e-19  3.9199e-21     943.86    5606.04   168181.32 1.9812e+22    1.00   sub
 927   4  15  10  4.24e+21   9.549     0.488036  0.0308968   4.6061     6.448  1.695e+22     4.998      1    0  1.1046e-18  1.7130e-19  3.7213e-21    1282.02    5905.10   177153.03 1.5589e+22    1.07   sub
 928   4  15  11  4.24e+21  10.103     0.488036  0.0395137   3.6074     3.957  1.299e+22     4.063      1    0  5.8106e-19  1.4684e-19  3.3503e-21    1818.19    6559.02   196770.55 1.2030e+22    1.26   sub
 929   4  15  12  4.24e+21  10.646     0.488036  0.0505338   2.9251     2.786  9.438e+21     3.226      1    0  3.0470e-19  1.0937e-19  2.9148e-21    2577.42    7539.15   226174.37 9.5094e+21    1.58   sub
 930   4  15  13  4.24e+21  11.178     0.488036  0.0646273   2.4034     2.133  6.427e+21     2.516      1    0  1.5234e-19  7.1421e-20  2.4479e-21    3735.10    8977.04   269311.13 7.6647e+21    2.10   sub
 931   4  15  14  4.24e+21  11.645     0.488036  0.0826515   2.0048     1.754  4.183e+21     1.987      1    0  7.4059e-20  4.2214e-20  2.0048e-21    5467.58   10961.40   328841.96 6.4080e+21    2.91   sub
 932   4  15  15  4.24e+21  12.006     0.488036   0.105703   1.7036     1.528  2.683e+21     1.633      1    0  3.6239e-20  2.3709e-20  1.6253e-21    7936.45   13520.74   405622.28 5.6094e+21    4.06   sub
 933   4  15  16  4.24e+21  12.277     0.488036   0.135182   1.4591     1.379  1.678e+21     1.396      1    0  1.7353e-20  1.2582e-20  1.2985e-21   11598.16   16922.82   507684.62 5.0891e+21    5.76   sub
 934   4  15  17  4.24e+21  12.466     0.488036   0.172884   1.2599     1.278  1.038e+21     1.245      1    0  8.2614e-21  6.4632e-21  1.0297e-21   16938.05   21340.12   640203.63 4.7628e+21    8.23   sub
 935   4  15  18  4.24e+21  12.588     0.488036     0.2211   1.1004     1.210  6.505e+20     1.153      1    0  4.0356e-21  3.3358e-21  8.2008e-22   24352.24   26795.99   803879.67 4.5665e+21   11.62   sub
 936   4  16   4  4.24e+21   7.409     0.723783 0.00706165  52.9502  1655.512  2.528e+22     6.963      1    0  2.4299e-17  1.4678e-20  1.7237e-21     240.77   12748.87   382466.25 6.0563e+22    1.69  deep
 937   4  16   5  4.24e+21   7.577     0.723783 0.00903109  42.1160  1063.573  2.595e+22     7.119      1    0  1.7459e-17  1.6416e-20  1.8165e-21     287.24   12097.52   362925.54 5.2387e+22    1.65  deep
 938   4  16   6  4.24e+21   7.861     0.723783  0.0115498  28.8544   494.055  2.651e+22     7.253      1    0  1.0460e-17  2.1172e-20  2.0147e-21     378.01   10907.13   327213.84 4.1969e+22    1.54  deep
 939   4  16   7  4.24e+21   8.174     0.723783   0.014771  19.4502   208.646  2.628e+22     7.198      1    0  6.2791e-18  3.0094e-20  2.2710e-21     497.50    9676.42   290292.64 3.3754e+22    1.37  deep
 940   4  16   8  4.24e+21   8.538     0.723783  0.0188905  12.9179    79.241  2.494e+22     6.883      1    0  3.6531e-18  4.6101e-20  2.5519e-21     666.61    8611.17   258335.15 2.6850e+22    1.18  deep
 941   4  16   9  4.24e+21   8.911     0.723783   0.024159   9.0395    32.544  2.255e+22     6.317      1    0  2.1513e-18  6.6104e-20  2.7393e-21     887.46    8022.18   240665.30 2.1495e+22    1.05 super
 942   4  16  10  4.24e+21   9.336     0.723783  0.0308968   6.6727    15.252  1.947e+22     5.593      1    0  1.2778e-18  8.3783e-20  2.7943e-21    1178.58    7864.29   235928.62 1.7333e+22    1.00 super
 943   4  16  11  4.24e+21   9.804     0.723783  0.0395137   5.0775     7.994  1.576e+22     4.716      1    0  7.2501e-19  9.0698e-20  2.6992e-21    1603.40    8141.21   244236.32 1.3802e+22    1.03   sub
 944   4  16  12  4.24e+21  10.308     0.723783  0.0505338   3.9843     4.780  1.197e+22     3.822      1    0  3.9654e-19  8.2955e-20  2.4809e-21    2223.15    8857.77   265733.00 1.0987e+22    1.16   sub
 945   4  16  13  4.24e+21  10.818     0.723783  0.0646273   3.2117     3.231  8.596e+21     3.027      1    0  2.1044e-19  6.5136e-20  2.1886e-21    3126.35   10040.85   301225.42 8.8567e+21    1.41   sub
 946   4  16  14  4.24e+21  11.318     0.723783  0.0826515   2.6233     2.385  5.796e+21     2.367      1    0  1.0556e-19  4.4261e-20  1.8554e-21    4514.95   11843.88   355316.38 7.2581e+21    1.83   sub
 947   4  16  15  4.24e+21  11.739     0.723783   0.105703   2.1910     1.919  3.803e+21     1.897      1    0  5.2557e-20  2.7384e-20  1.5391e-21    6516.67   14277.97   428339.15 6.1856e+21    2.46   sub
 948   4  16  16  4.24e+21  12.078     0.723783   0.135182   1.8513     1.633  2.416e+21     1.570      1    0  2.5458e-20  1.5588e-20  1.2498e-21    9497.50   17582.51   527475.42 5.4640e+21    3.41   sub
 949   4  16  17  4.24e+21  12.325     0.723783   0.172884   1.5844     1.452  1.517e+21     1.358      1    0  1.2287e-20  8.4614e-21  1.0043e-21   13810.13   21881.18   656435.54 5.0042e+21    4.77   sub
 950   4  16  18  4.24e+21  12.496     0.723783     0.2211   1.3672     1.330  9.421e+20     1.222      1    0  5.8849e-21  4.4234e-21  7.9991e-22   20092.93   27471.59   824147.55 4.7131e+21    6.73   sub
 951   4  17   6  4.24e+21   7.820      1.07341  0.0115498  48.4030  1393.932  2.701e+22     7.370      1    0  1.1088e-17  7.9543e-21  1.2398e-21     366.18   17724.00   531720.08 4.3287e+22    1.68  deep
 952   4  17   7  4.24e+21   8.124      1.07341   0.014771  33.3813   667.999  2.700e+22     7.369      1    0  6.6460e-18  9.9492e-21  1.3655e-21     482.09   16092.85   482785.44 3.4894e+22    1.59  deep
 953   4  17   8  4.24e+21   8.445      1.07341  0.0188905  22.7607   296.657  2.610e+22     7.156      1    0  4.0404e-18  1.3620e-20  1.5316e-21     630.38   14347.83   430435.00 2.8413e+22    1.44  deep
 954   4  17   9  4.24e+21   8.830      1.07341   0.024159  14.8168   110.472  2.398e+22     6.655      1    0  2.3159e-18  2.0963e-20  1.7419e-21     851.43   12615.45   378463.56 2.2676e+22    1.24  deep
 955   4  17  10  4.24e+21   9.205      1.07341  0.0308968  10.3368    45.588  2.119e+22     5.997      1    0  1.3963e-18  3.0629e-20  1.8989e-21    1119.51   11572.19   347165.73 1.8538e+22    1.09 super
 956   4  17  11  4.24e+21   9.605      1.07341  0.0395137   7.5349    20.605  1.787e+22     5.215      1    0  8.3590e-19  4.0568e-20  1.9732e-21    1478.02   11136.74   334102.10 1.5175e+22    1.01 super
 957   4  17  12  4.24e+21  10.046      1.07341  0.0505338   5.6788    10.347  1.424e+22     4.359      1    0  4.8277e-19  4.6658e-20  1.9454e-21    1989.07   11295.59   338867.80 1.2343e+22    1.01   sub
 958   4  17  13  4.24e+21  10.521      1.07341  0.0646273   4.4129     5.887  1.070e+22     3.524      1    0  2.6736e-19  4.5419e-20  1.8206e-21    2735.21   12070.24   362107.34 1.0027e+22    1.09   sub
 959   4  17  14  4.24e+21  10.998      1.07341  0.0826515   3.5274     3.799  7.629e+21     2.799      1    0  1.4286e-19  3.7604e-20  1.6284e-21    3825.82   13495.08   404852.52 8.2340e+21    1.29   sub
 960   4  17  15  4.24e+21  11.452      1.07341   0.105703   2.8754     2.715  5.171e+21     2.220      1    0  7.3098e-20  2.6920e-20  1.4003e-21    5457.63   15692.95   470788.48 6.8936e+21    1.61   sub
 961   4  17  16  4.24e+21  11.838      1.07341   0.135182   2.3920     2.121  3.395e+21     1.801      1    0  3.6612e-20  1.7264e-20  1.1717e-21    7840.67   18754.62   562638.65 5.9628e+21    2.12   sub
 962   4  17  17  4.24e+21  12.148      1.07341   0.172884   2.0145     1.762  2.160e+21     1.509      1    0  1.7791e-20  1.0094e-20  9.5738e-22   11393.91   22953.20   688595.91 5.3289e+21    2.88   sub
 963   4  17  18  4.24e+21  12.368      1.07341     0.2211   1.7251     1.543  1.371e+21     1.323      1    0  8.7272e-21  5.6560e-21  7.7604e-22   16414.93   28316.88   849506.50 4.9285e+21    3.95   sub
 964   4  18   7  4.24e+21   8.069      1.59192   0.014771  56.0819  1846.434  2.741e+22     7.466      1    0  7.1898e-18  3.8939e-21  8.4828e-22     461.92   25905.23   777156.80 3.6231e+22    1.69  deep
 965   4  18   8  4.24e+21   8.466      1.59192  0.0188905  35.8047   770.057  2.641e+22     7.228      1    0  3.8367e-18  4.9824e-21  9.4756e-22     647.71   23191.19   695735.65 2.8043e+22    1.61  deep
 966   4  18   9  4.24e+21   8.754      1.59192   0.024159  25.8535   391.345  2.490e+22     6.872      1    0  2.5048e-18  6.4006e-21  1.0428e-21     815.13   21073.87   632216.17 2.3678e+22    1.49  deep
 967   4  18  10  4.24e+21   9.073      1.59192  0.0308968  18.1765   178.657  2.265e+22     6.343      1    0  1.5929e-18  8.9159e-21  1.1618e-21    1040.64   18915.14   567454.31 1.9866e+22    1.33  deep
 968   4  18  11  4.24e+21   9.496      1.59192  0.0395137  11.8778    64.448  1.916e+22     5.518      1    0  8.9744e-19  1.3925e-20  1.3044e-21    1418.38   16847.21   505416.44 1.5999e+22    1.14 super
 969   4  18  12  4.24e+21   9.867      1.59192  0.0505338   8.6514    29.141  1.598e+22     4.769      1    0  5.5249e-19  1.8960e-20  1.3784e-21    1842.68   15941.83   478254.92 1.3400e+22    1.04 super
 970   4  18  13  4.24e+21  10.314      1.59192  0.0646273   6.3059    13.288  1.237e+22     3.918      1    0  3.1053e-19  2.3368e-20  1.3868e-21    2512.93   15846.24   475387.17 1.0959e+22    1.00   sub
 971   4  18  14  4.24e+21  10.744      1.59192  0.0826515   4.8876     7.341  9.307e+21     3.195      1    0  1.7662e-19  2.4061e-20  1.3221e-21    3400.75   16621.48   498644.48 9.1328e+21    1.05   sub
 972   4  18  15  4.24e+21  11.183      1.59192   0.105703   3.8764     4.531  6.628e+21     2.563      1    0  9.5324e-20  2.1039e-20  1.2003e-21    4722.71   18307.32   549219.50 7.6517e+21    1.19   sub
 973   4  18  16  4.24e+21  11.580      1.59192   0.135182   3.1678     3.158  4.577e+21     2.079      1    0  5.0581e-20  1.6015e-20  1.0515e-21    6597.40   20899.34   626980.26 6.5670e+21    1.43   sub
 974   4  18  17  4.24e+21  11.934      1.59192   0.172884   2.6179     2.378  3.006e+21     1.709      1    0  2.5359e-20  1.0662e-20  8.8741e-22    9459.05   24762.99   742889.79 5.7573e+21    1.84   sub
 975   4  18  18  4.24e+21  12.208      1.59192     0.2211   2.2062     1.934  1.943e+21     1.458      1    0  1.2617e-20  6.5252e-21  7.3439e-22   13562.96   29922.57   897677.05 5.2165e+21    2.43   sub
 976   4  19   8  4.24e+21   8.449      2.36091  0.0188905  57.2342  1918.872  2.670e+22     7.297      1    0  3.8936e-18  2.0291e-21  5.9775e-22     642.32   36762.74  1102882.27 2.8336e+22    1.69  deep
 977   4  19   9  4.24e+21   8.703      2.36091   0.024159  43.7785  1147.327  2.544e+22     6.999      1    0  2.6563e-18  2.3152e-21  6.3600e-22     789.24   34551.92  1036557.47 2.4378e+22    1.66  deep
 978   4  19  10  4.24e+21   9.005      2.36091  0.0308968  31.6020   596.984  2.341e+22     6.520      1    0  1.7113e-18  2.8666e-21  6.9520e-22    1000.23   31609.42   948282.55 2.0601e+22    1.57  deep
 979   4  19  11  4.24e+21   9.394      2.36091  0.0395137  20.7159   240.609  2.025e+22     5.777      1    0  9.9034e-19  4.1160e-21  7.8989e-22    1342.95   27820.40   834612.04 1.6830e+22    1.39  deep
 980   4  19  12  4.24e+21   9.785      2.36091  0.0505338  13.8269    93.516  1.687e+22     4.978      1    0  5.8029e-19  6.2053e-21  8.8761e-22    1790.53   24757.46   742723.74 1.3922e+22    1.21  deep
 981   4  19  13  4.24e+21  10.158      2.36091  0.0646273   9.8071    39.950  1.373e+22     4.239      1    0  3.5117e-19  8.7901e-21  9.5547e-22    2345.13   22998.97   689969.14 1.1739e+22    1.07 super
 982   4  19  14  4.24e+21  10.552      2.36091  0.0826515   7.1866    18.315  1.071e+22     3.527      1    0  2.0610e-19  1.1253e-20  9.8006e-22    3119.99   22422.14   672664.05 9.8940e+21    1.00 super
 983   4  19  15  4.24e+21  10.947      2.36091   0.105703   5.5007     9.604  8.061e+21     2.901      1    0  1.1857e-19  1.2346e-20  9.5349e-22    4189.80   23046.84   691405.34 8.4035e+21    1.01   sub
 984   4  19  16  4.24e+21  11.350      2.36091   0.135182   4.3113     5.607  5.751e+21     2.356      1    0  6.4447e-20  1.1494e-20  8.8086e-22    5786.42   24947.21   748416.39 7.1698e+21    1.11   sub
 985   4  19  17  4.24e+21  11.707      2.36091   0.172884   3.4992     3.745  3.998e+21     1.943      1    0  3.4586e-20  9.2361e-21  7.8285e-22    8022.06   28070.40   842112.08 6.2608e+21    1.29   sub
 986   4  19  18  4.24e+21  12.023      2.36091     0.2211   2.8788     2.720  2.652e+21     1.625      1    0  1.7571e-20  6.4598e-21  6.6925e-22   11405.82   32834.95   985048.56 5.5739e+21    1.61   sub
 987   4  20  10  4.24e+21   8.971      3.50135  0.0308968  51.8256  1589.086  2.379e+22     6.611      1    0  1.7744e-18  1.1166e-21  4.3248e-22     980.44   50811.97  1524359.06 2.0984e+22    1.68  deep
 988   4  20  11  4.24e+21   9.334      3.50135  0.0395137  35.6632   763.931  2.089e+22     5.928      1    0  1.0559e-18  1.3822e-21  4.7530e-22    1296.41   46234.24  1387027.09 1.7350e+22    1.61  deep
 989   4  20  12  4.24e+21   9.710      3.50135  0.0505338  23.8759   329.455  1.764e+22     5.159      1    0  6.2271e-19  1.8901e-21  5.3455e-22    1721.78   41109.16  1233274.75 1.4428e+22    1.46  deep
 990   4  20  13  4.24e+21  10.036      3.50135  0.0646273  16.8594   150.007  1.483e+22     4.498      1    0  3.9482e-19  2.6320e-21  5.9290e-22    2198.38   37063.42  1111902.53 1.2400e+22    1.30  deep
 991   4  20  14  4.24e+21  10.415      3.50135  0.0826515  11.5271    59.835  1.179e+22     3.782      1    0  2.3204e-19  3.8781e-21  6.5259e-22    2921.24   33673.51  1010205.36 1.0490e+22    1.13 super
 992   4  20  15  4.24e+21  10.798      3.50135   0.105703   8.1981    25.452  9.061e+21     3.137      1    0  1.3390e-19  5.2610e-21  6.8456e-22    3915.65   32100.87   963026.18 8.9293e+21    1.02 super
 993   4  20  16  4.24e+21  11.167      3.50135   0.135182   6.1539    12.528  6.778e+21     2.599      1    0  7.6671e-20  6.1198e-21  6.7858e-22    5262.29   32383.76   971512.68 7.6989e+21    1.00   sub
 994   4  20  17  4.24e+21  11.519      3.50135   0.172884   4.8015     7.058  4.900e+21     2.156      1    0  4.2699e-20  6.0494e-21  6.3904e-22    7161.78   34387.52  1031625.46 6.7192e+21    1.05   sub
 995   4  20  18  4.24e+21  11.840      3.50135     0.2211   3.8545     4.481  3.414e+21     1.805      1    0  2.2938e-20  5.1185e-21  5.7549e-22    9906.63   38184.89  1145546.81 5.9586e+21    1.19   sub
 996   4  21  11  4.24e+21   9.375      5.19269  0.0395137  53.8192  1707.617  2.061e+22     5.862      1    0  9.8449e-19  5.7653e-22  3.0346e-22    1345.54   72415.71  2172471.21 1.6995e+22    1.69  deep
 997   4  21  12  4.24e+21   9.590      5.19269  0.0505338  43.4362  1129.867  1.875e+22     5.421      1    0  7.2493e-19  6.4161e-22  3.1900e-22    1585.91   68886.00  2066579.94 1.5282e+22    1.66  deep
 998   4  21  13  4.24e+21  10.012      5.19269  0.0646273  27.8952   460.101  1.509e+22     4.559      1    0  3.9767e-19  8.6430e-22  3.6006e-22    2187.87   61031.11  1830933.26 1.2536e+22    1.52  deep
 999   4  21  14  4.24e+21  10.327      5.19269  0.0826515  19.7768   216.690  1.252e+22     3.952      1    0  2.5262e-19  1.1658e-21  3.9856e-22    2787.90   55135.67  1654070.24 1.0897e+22    1.37  deep
1000   4  21  15  4.24e+21  10.698      5.19269   0.105703  13.2653    84.549  9.775e+21     3.306      1    0  1.4609e-19  1.7279e-21  4.4397e-22    3731.24   49495.96  1484878.73 9.3085e+21    1.19  deep
1001   4  21  16  4.24e+21  11.036      5.19269   0.135182   9.4507    36.400  7.573e+21     2.786      1    0  8.6658e-20  2.3807e-21  4.7254e-22    4920.61   46503.42  1395102.66 8.1102e+21    1.06 super
1002   4  21  17  4.24e+21  11.356      5.19269   0.172884   7.0640    17.551  5.748e+21     2.356      1    0  5.1054e-20  2.9089e-21  4.7836e-22    6503.08   45937.84  1378135.18 7.1520e+21    1.00 super
1003   4  21  18  4.24e+21  11.669      5.19269     0.2211   5.4333     9.332  4.187e+21     1.987      1    0  2.8705e-20  3.0758e-21  4.6005e-22    8791.46   47766.35  1432990.37 6.3493e+21    1.02   sub
1004   4  22  13  4.24e+21   9.971      7.70104  0.0646273  46.4264  1286.097  1.546e+22     4.646      1    0  4.1545e-19  3.2303e-22  2.2158e-22    2136.18   99175.07  2975252.02 1.2771e+22    1.67  deep
1005   4  22  14  4.24e+21  10.252      7.70104  0.0826515  34.6693   721.483  1.314e+22     4.098      1    0  2.7605e-19  3.8261e-22  2.3854e-22    2657.21   92123.52  2763705.54 1.1262e+22    1.60  deep
1006   4  22  15  4.24e+21  10.654      7.70104   0.105703  22.1152   278.386  1.010e+22     3.381      1    0  1.5061e-19  5.4102e-22  2.7095e-22    3667.33   81103.73  2433111.93 9.4783e+21    1.42  deep
1007   4  22  16  4.24e+21  10.942      7.70104   0.135182  15.8410   129.540  8.168e+21     2.927      1    0  9.5575e-20  7.3781e-22  2.9734e-22    4665.50   73906.16  2217184.89 8.4215e+21    1.27  deep
1008   4  22  17  4.24e+21  11.246      7.70104   0.172884  11.2039    55.750  6.355e+21     2.499      1    0  5.7381e-20  1.0292e-21  3.2130e-22    6104.41   68393.03  2051790.81 7.4631e+21    1.12 super
1009   4  22  18  4.24e+21  11.563      7.70104     0.2211   7.9814    23.797  4.699e+21     2.108      1    0  3.2109e-20  1.3493e-21  3.3275e-22    8274.36   66041.28  1981238.27 6.6087e+21    1.02 super
1010   4  23  14  4.24e+21  10.282       11.421  0.0826515  52.9342  1654.556  1.290e+22     4.043      1    0  2.6070e-19  1.5756e-22  1.5160e-22    2738.40  144954.71  4348641.44 1.1113e+22    1.69  deep
1011   4  23  15  4.24e+21  10.589       11.421   0.105703  38.3435   883.395  1.057e+22     3.492      1    0  1.6344e-19  1.8501e-22  1.6329e-22    3509.79  134577.39  4037321.58 9.7400e+21    1.63  deep
1012   4  23  16  4.24e+21  10.910       11.421   0.135182  26.4657   411.452  8.376e+21     2.976      1    0  9.7804e-20  2.3771e-22  1.8029e-22    4605.34  121883.37  3656501.18 8.5303e+21    1.50  deep
1013   4  23  17  4.24e+21  11.171       11.421   0.172884  19.1434   201.222  6.789e+21     2.601      1    0  6.2754e-20  3.1186e-22  1.9732e-22    5817.59  111368.66  3341059.84 7.6875e+21    1.36  deep
1014   4  23  18  4.24e+21  11.474       11.421     0.2211  12.9676    79.989  5.147e+21     2.214      1    0  3.5838e-20  4.4803e-22  2.1720e-22    7801.89  101171.59  3035147.80 6.8365e+21    1.18  deep
1015   4  24  16  4.24e+21  10.802       16.938   0.135182  47.8765  1364.857  9.085e+21     3.143      1    1  1.1516e-19  8.4378e-23  1.0869e-22    4222.91  202177.89  6065336.67 8.9165e+21    1.67  deep
1016   4  24  17  4.24e+21  11.145       16.938   0.172884  31.9523   610.696  6.936e+21     2.636      1    1  6.4171e-20  1.0508e-22  1.1968e-22    5746.41  183610.73  5508321.87 7.7653e+21    1.57  deep
1017   4  24  18  4.24e+21  11.402       16.938     0.2211  22.6931   294.718  5.515e+21     2.301      1    0  3.9754e-20  1.3489e-22  1.3113e-22    7384.49  167576.65  5027299.56 7.0260e+21    1.44  deep
1018   4  25  17  4.24e+21  11.029        25.12   0.172884  57.8047  1955.165  7.619e+21     2.797      1    1  7.7873e-20  3.9829e-23  7.3262e-23    5189.05  299951.66  8998549.80 8.1336e+21    1.69  deep
1019   4  25  18  4.24e+21  11.417        25.12     0.2211  35.8563   772.294  5.430e+21     2.281      1    1  3.7877e-20  4.9045e-23  8.0958e-23    7570.15  271437.37  8143121.01 6.9865e+21    1.61  deep
1020   5   1   1  8.49e+21   9.757      0.00196   0.003376   0.6219     1.065  2.565e+20     1.030      0    0  4.4299e-18  4.1584e-18  1.0933e-19     647.12     402.45    12073.60 1.4106e+22   55.93   sub
1021   5   1   2  8.49e+21  10.083      0.00196 0.00431755   0.5475     1.050  2.550e+20     1.030      0    0  2.3133e-18  2.2022e-18  8.8284e-20     910.35     498.41    14952.37 1.2139e+22   80.75   sub
1022   5   2   1  8.49e+21   9.389   0.00290678   0.003376   0.7797     1.103  3.808e+20     1.045      0    0  6.6791e-18  6.0535e-18  1.0916e-19     516.98     403.08    12092.32 1.6872e+22   29.51   sub
1023   5   2   2  8.49e+21   9.815   0.00290678 0.00431755   0.6742     1.077  3.778e+20     1.044      0    0  3.2839e-18  3.0495e-18  8.6583e-20     753.82     508.20    15246.02 1.3728e+22   44.43   sub
1024   5   2   3  8.49e+21  10.150   0.00290678 0.00552168   0.5878     1.058  3.728e+20     1.044      0    0  1.6295e-18  1.5398e-18  6.8783e-20    1088.23     639.72    19191.46 1.1781e+22   65.76   sub
1025   5   2   4  8.49e+21  10.435   0.00290678 0.00706165   0.5043     1.043  3.636e+20     1.043      0    0  7.1845e-19  6.8900e-19  5.2508e-20    1661.77     838.00    25140.13 1.0400e+22  102.48   sub
1026   5   3   1  8.49e+21   8.978   0.00431092   0.003376   0.9835     1.166  5.646e+20     1.066      1    0  1.0000e-17  8.5743e-18  1.0829e-19     413.13     406.32    12189.48 2.0910e+22   15.63   sub
1027   5   3   2  8.49e+21   9.476   0.00431092 0.00431755   0.8408     1.121  5.600e+20     1.066      1    0  4.8177e-18  4.2994e-18  8.5582e-20     611.51     514.14    15424.34 1.6162e+22   23.93   sub
1028   5   3   3  8.49e+21   9.894   0.00431092 0.00552168   0.7246     1.089  5.522e+20     1.065      1    0  2.3267e-18  2.1365e-18  6.7533e-20     899.18     651.56    19546.86 1.3230e+22   36.23   sub
1029   5   3   4  8.49e+21  10.242   0.00431092 0.00706165   0.6223     1.065  5.391e+20     1.063      1    0  1.0631e-18  9.9788e-19  5.2244e-20    1353.39     842.23    25267.04 1.1310e+22   55.83   sub
1030   5   3   5  8.49e+21  10.451   0.00431092 0.00903109   0.5519     1.051  5.224e+20     1.062      1    0  5.5795e-19  5.3074e-19  4.2250e-20    1887.15    1041.45    31243.46 1.0328e+22   78.91   sub
1031   5   4   1  8.49e+21   8.557   0.00639332   0.003376   1.2457     1.272  8.372e+20     1.099      1    0  1.4637e-17  1.1510e-17  1.0595e-19     333.40     415.31    12459.29 2.6545e+22    8.47   sub
1032   5   4   2  8.49e+21   9.086   0.00639332 0.00431755   1.0577     1.193  8.293e+20     1.098      1    0  7.0960e-18  5.9465e-18  8.4310e-20     493.41     521.90    15657.12 1.9724e+22   12.89   sub
1033   5   4   3  8.49e+21   9.596   0.00639332 0.00552168   0.8958     1.137  8.176e+20     1.096      1    0  3.2695e-18  2.8748e-18  6.5753e-20     747.03     669.20    20075.90 1.5234e+22   20.12   sub
1034   5   4   4  8.49e+21   9.986   0.00639332 0.00706165   0.7743     1.102  7.991e+20     1.094      1    0  1.5957e-18  1.4482e-18  5.2100e-20    1090.75     844.56    25336.77 1.2688e+22   30.08   sub
1035   5   4   5  8.49e+21  10.280   0.00639332 0.00903109   0.6757     1.077  7.718e+20     1.091      1    0  7.9024e-19  7.3358e-19  4.1408e-20    1572.63    1062.62    31878.74 1.1125e+22   44.15   sub
1036   5   4   6  8.49e+21  10.495   0.00639332  0.0115498   0.5923     1.059  7.305e+20     1.086      1    0  3.8912e-19  3.6739e-19  3.2808e-20    2264.48    1341.18    40235.55 1.0137e+22   64.35   sub
1037   5   4   7  8.49e+21  10.657   0.00639332   0.014771   0.5143     1.044  6.632e+20     1.078      1    0  1.7765e-19  1.7009e-19  2.5333e-20    3377.14    1736.96    52108.68 9.4684e+21   96.78   sub
1038   5   5   1  8.49e+21   8.131   0.00948164   0.003376   1.6002     1.462  1.240e+21     1.146      1    0  2.1635e-17  1.4801e-17  1.0287e-19     267.30     427.74    12832.15 3.4739e+22    4.66   sub
1039   5   5   2  8.49e+21   8.673   0.00948164 0.00431755   1.3423     1.318  1.230e+21     1.145      1    0  1.0388e-17  7.8822e-18  8.2273e-20     398.43     534.83    16044.80 2.4797e+22    7.04   sub
1040   5   5   3  8.49e+21   9.206   0.00948164 0.00552168   1.1339     1.223  1.212e+21     1.143      1    0  4.9418e-18  4.0398e-18  6.5204e-20     595.13     674.84    20245.06 1.8524e+22   10.75   sub
1041   5   5   4  8.49e+21   9.664   0.00948164 0.00706165   0.9719     1.162  1.185e+21     1.140      1    0  2.4110e-18  2.0743e-18  5.1863e-20     872.96     848.41    25452.41 1.4749e+22   16.14   sub
1042   5   5   5  8.49e+21  10.045   0.00948164 0.00903109   0.8374     1.120  1.143e+21     1.135      1    0  1.1596e-18  1.0357e-18  4.0943e-20    1283.33    1074.71    32241.41 1.2351e+22   24.20   sub
1043   5   5   6  8.49e+21  10.333   0.00948164  0.0115498   0.7269     1.090  1.078e+21     1.127      1    0  5.5791e-19  5.1203e-19  3.2258e-20    1876.51    1364.05    40921.61 1.0869e+22   35.91   sub
1044   5   5   7  8.49e+21  10.553   0.00948164   0.014771   0.6270     1.066  9.746e+20     1.115      1    0  2.5108e-19  2.3545e-19  2.4827e-20    2826.83    1772.31    53169.35 9.8912e+21   54.65   sub
1045   5   5   8  8.49e+21  10.670   0.00948164  0.0188905   0.5606     1.053  8.652e+20     1.102      1    0  1.3465e-19  1.2788e-19  2.0221e-20    3881.48    2176.06    65281.91 9.4165e+21   75.40   sub
1046   5   6   1  8.49e+21   7.745    0.0140618   0.003376   2.0805     1.819  1.837e+21     1.216      1    0  3.1345e-17  1.7232e-17  9.7577e-20     216.75     450.94    13528.25 4.5792e+22    2.71   sub
1047   5   6   2  8.49e+21   8.249    0.0140618 0.00431755   1.7311     1.547  1.822e+21     1.215      1    0  1.5356e-17  9.9255e-18  7.9536e-20     319.58     553.23    16596.97 3.2139e+22    3.92   sub
1048   5   6   3  8.49e+21   8.794    0.0140618 0.00552168   1.4461     1.372  1.794e+21     1.211      1    0  7.3242e-18  5.3382e-18  6.3688e-20     477.78     690.90    20726.85 2.3147e+22    5.89   sub
1049   5   6   4  8.49e+21   9.304    0.0140618 0.00706165   1.2244     1.262  1.755e+21     1.207      1    0  3.5393e-18  2.8044e-18  5.0834e-20     706.97     865.60    25967.94 1.7613e+22    8.84   sub
1050   5   6   5  8.49e+21   9.755    0.0140618 0.00903109   1.0451     1.189  1.690e+21     1.199      1    0  1.6967e-18  1.4275e-18  4.0271e-20    1045.52    1092.65    32779.51 1.4121e+22   13.30   sub
1051   5   6   6  8.49e+21  10.132    0.0140618  0.0115498   0.8934     1.137  1.588e+21     1.187      1    0  7.8351e-19  6.8939e-19  3.1409e-20    1568.03    1400.92    42027.47 1.1874e+22   20.26   sub
1052   5   6   7  8.49e+21  10.389    0.0140618   0.014771   0.7793     1.103  1.450e+21     1.171      1    0  3.8562e-19  3.4953e-19  2.4948e-20    2263.23    1763.77    52913.00 1.0608e+22   29.55   sub
1053   5   6   8  8.49e+21  10.570    0.0140618  0.0188905   0.6842     1.079  1.267e+21     1.149      1    0  1.9101e-19  1.7699e-19  1.9827e-20    3243.64    2219.29    66578.84 9.8195e+21   42.61   sub
1054   5   6   9  8.49e+21  10.697    0.0140618   0.024159   0.6003     1.061  1.032e+21     1.122      1    0  9.2155e-20  8.6875e-20  1.5604e-20    4697.85    2819.97    84599.01 9.3097e+21   61.92   sub
1055   5   6  10  8.49e+21  10.781    0.0140618  0.0308968   0.5272     1.047  7.723e+20     1.091      1    0  4.3964e-20  4.2001e-20  1.2224e-20    6828.26    3599.56   107986.87 8.9914e+21   90.10   sub
1056   5   7   1  8.49e+21   7.422    0.0208544   0.003376   2.7561     2.553  2.718e+21     1.320      1    0  4.4220e-17  1.7319e-17  8.9374e-20     178.63     492.33    14769.99 5.9881e+22    1.71   sub
1057   5   7   2  8.49e+21   7.869    0.0208544 0.00431755   2.2596     1.985  2.695e+21     1.317      1    0  2.1994e-17  1.1079e-17  7.4664e-20     260.81     589.33    17679.97 4.1726e+22    2.33   sub
1058   5   7   3  8.49e+21   8.381    0.0208544 0.00552168   1.8684     1.646  2.655e+21     1.313      1    0  1.0723e-17  6.5142e-18  6.1091e-20     385.49     720.26    21607.79 2.9554e+22    3.34   sub
1059   5   7   4  8.49e+21   8.912    0.0208544 0.00706165   1.5606     1.438  2.594e+21     1.306      1    0  5.1732e-18  3.5983e-18  4.9264e-20     572.31     893.18    26795.48 2.1668e+22    4.93   sub
1060   5   7   5  8.49e+21   9.411    0.0208544 0.00903109   1.3185     1.306  2.499e+21     1.294      1    0  2.4914e-18  1.9075e-18  3.9378e-20     847.48    1117.43    33522.90 1.6686e+22    7.35   sub
1061   5   7   6  8.49e+21   9.842    0.0208544  0.0115498   1.1251     1.220  2.354e+21     1.277      1    0  1.1954e-18  9.8007e-19  3.1258e-20    1251.13    1407.67    42230.24 1.3558e+22   10.97   sub
1062   5   7   7  8.49e+21  10.178    0.0208544   0.014771   0.9711     1.162  2.148e+21     1.253      1    0  5.7950e-19  4.9869e-19  2.4797e-20    1827.34    1774.48    53234.48 1.1637e+22   16.17   sub
1063   5   7   8  8.49e+21  10.429    0.0208544  0.0188905   0.8427     1.121  1.864e+21     1.220      1    0  2.7799e-19  2.4796e-19  1.9552e-20    2670.72    2250.49    67514.62 1.0427e+22   23.79   sub
1064   5   7   9  8.49e+21  10.604    0.0208544   0.024159   0.7349     1.092  1.510e+21     1.178      1    0  1.3282e-19  1.2167e-19  1.5368e-20    3896.12    2863.29    85898.82 9.6783e+21   34.82   sub
1065   5   7  10  8.49e+21  10.726    0.0208544  0.0308968   0.6394     1.069  1.108e+21     1.131      1    0  6.1141e-20  5.7191e-20  1.1916e-20    5775.22    3692.78   110783.32 9.2004e+21   51.66   sub
1066   5   7  11  8.49e+21  10.791    0.0208544  0.0395137   0.5718     1.055  8.047e+20     1.095      1    0  3.2336e-20  3.0648e-20  9.6608e-21    7965.50    4554.66   136639.75 8.9554e+21   71.22   sub
1067   5   8   1  8.49e+21   7.181    0.0309281   0.003376   3.7393     4.230  4.014e+21     1.473      1    0  5.9014e-17  1.3952e-17  7.7365e-20     152.10     568.75    17062.62 7.5611e+22    1.22   sub
1068   5   8   2  8.49e+21   7.549    0.0309281 0.00431755   3.0159     2.920  3.978e+21     1.469      1    0  3.0588e-17  1.0476e-17  6.7356e-20     216.61     653.27    19597.99 5.3625e+22    1.52   sub
1069   5   8   3  8.49e+21   7.998    0.0309281 0.00552168   2.4602     2.195  3.921e+21     1.462      1    0  1.5419e-17  7.0245e-18  5.6951e-20     314.04     772.62    23178.59 3.8043e+22    2.02   sub
1070   5   8   4  8.49e+21   8.512    0.0309281 0.00706165   2.0227     1.769  3.828e+21     1.451      1    0  7.5174e-18  4.2486e-18  4.6885e-20     463.97     938.50    28155.09 2.7279e+22    2.86   sub
1071   5   8   5  8.49e+21   9.026    0.0309281 0.00903109   1.6892     1.519  3.688e+21     1.434      1    0  3.6724e-18  2.4179e-18  3.8106e-20     683.60    1154.73    34641.83 2.0367e+22    4.14   sub
1072   5   8   6  8.49e+21   9.517    0.0309281  0.0115498   1.4209     1.358  3.469e+21     1.409      1    0  1.7484e-18  1.2871e-18  3.0441e-20    1017.32    1445.47    43364.23 1.5834e+22    6.14   sub
1073   5   8   7  8.49e+21   9.919    0.0309281   0.014771   1.2154     1.258  3.164e+21     1.373      1    0  8.5146e-19  6.7681e-19  2.4326e-20    1488.24    1808.81    54264.21 1.3081e+22    9.01   sub
1074   5   8   8  8.49e+21  10.240    0.0309281  0.0188905   1.0461     1.189  2.741e+21     1.323      1    0  4.0797e-19  3.4314e-19  1.9254e-20    2184.50    2285.28    68558.47 1.1322e+22   13.27   sub
1075   5   8   9  8.49e+21  10.480    0.0309281   0.024159   0.9029     1.140  2.200e+21     1.259      1    0  1.9034e-19  1.6703e-19  1.5062e-20    3235.45    2921.37    87641.18 1.0203e+22   19.69   sub
1076   5   8  10  8.49e+21  10.633    0.0309281  0.0308968   0.7919     1.107  1.659e+21     1.195      1    0  9.3718e-20  8.4684e-20  1.1964e-20    4644.53    3677.88   110336.30 9.5621e+21   28.26   sub
1077   5   8  11  8.49e+21  10.736    0.0309281  0.0395137   0.6970     1.082  1.162e+21     1.137      1    0  4.6084e-20  4.2581e-20  9.4857e-21    6655.41    4638.72   139161.71 9.1598e+21   40.43   sub
1078   5   8  12  8.49e+21  10.808    0.0309281  0.0505338   0.6102     1.063  7.504e+20     1.088      1    0  2.1625e-20  2.0347e-20  7.3978e-21    9747.82    5947.93   178437.95 8.8955e+21   59.07   sub
1079   5   8  13  8.49e+21  10.849    0.0309281  0.0646273   0.5412     1.049  4.885e+20     1.058      1    0  1.0809e-20  1.0301e-20  5.8856e-21   13814.40    7476.17   224284.96 8.7458e+21   83.50   sub
1080   5   9   1  8.49e+21   7.025    0.0458681   0.003376   5.2406     8.588  5.894e+21     1.694      1    0  7.2627e-17  8.4563e-18  6.1917e-20     135.61     710.66    21319.71 9.0126e+22    1.02   sub
1081   5   9   2  8.49e+21   7.312    0.0458681 0.00431755   4.1389     5.158  5.845e+21     1.688      1    0  3.9996e-17  7.7547e-18  5.7024e-20     186.44     771.64    23149.07 6.6303e+22    1.14   sub
1082   5   9   3  8.49e+21   7.690    0.0458681 0.00552168   3.3025     3.385  5.760e+21     1.678      1    0  2.0937e-17  6.1843e-18  5.0420e-20     264.26     872.71    26181.16 4.7804e+22    1.37   sub
1083   5   9   4  8.49e+21   8.136    0.0458681 0.00706165   2.6822     2.458  5.627e+21     1.663      1    0  1.0737e-17  4.3679e-18  4.3221e-20     379.57    1018.07    30542.21 3.4616e+22    1.78   sub
1084   5   9   5  8.49e+21   8.635    0.0458681 0.00903109   2.2025     1.930  5.420e+21     1.638      1    0  5.3363e-18  2.7647e-18  3.6019e-20     554.65    1221.64    36649.06 2.5361e+22    2.44   sub
1085   5   9   6  8.49e+21   9.142    0.0458681  0.0115498   1.8298     1.617  5.104e+21     1.601      1    0  2.5943e-18  1.6042e-18  2.9378e-20     818.55    1497.76    44932.86 1.9149e+22    3.49   sub
1086   5   9   7  8.49e+21   9.616    0.0458681   0.014771   1.5352     1.423  4.634e+21     1.546      1    0  1.2332e-18  8.6689e-19  2.3539e-20    1217.60    1869.31    56079.29 1.5088e+22    5.12   sub
1087   5   9   8  8.49e+21  10.000    0.0458681  0.0188905   1.3105     1.302  4.016e+21     1.473      1    0  5.9765e-19  4.5896e-19  1.8826e-20    1783.56    2337.34    70120.25 1.2607e+22    7.46   sub
1088   5   9   9  8.49e+21  10.298    0.0458681   0.024159   1.1277     1.221  3.250e+21     1.383      1    0  2.8677e-19  2.3491e-19  1.4932e-20    2612.99    2946.74    88402.31 1.1034e+22   10.90   sub
1089   5   9  10  8.49e+21  10.511    0.0458681  0.0308968   0.9800     1.165  2.439e+21     1.287      1    0  1.3898e-19  1.1928e-19  1.1840e-20    3791.94    3716.29   111488.76 1.0069e+22   15.78   sub
1090   5   9  11  8.49e+21  10.659    0.0458681  0.0395137   0.8541     1.124  1.683e+21     1.198      1    0  6.6274e-20  5.8937e-20  9.3168e-21    5529.84    4722.86   141685.71 9.4584e+21   22.92   sub
1091   5   9  12  8.49e+21  10.758    0.0458681  0.0505338   0.7464     1.095  1.092e+21     1.129      1    0  3.1351e-20  2.8642e-20  7.2989e-21    8077.12    6028.53   180856.00 9.0800e+21   33.34   sub
1092   5   9  13  8.49e+21  10.819    0.0458681  0.0646273   0.6566     1.073  6.960e+20     1.082      1    0  1.5137e-20  1.4109e-20  5.7492e-21   11657.08    7653.48   229604.47 8.8541e+21   47.91   sub
1093   5   9  14  8.49e+21  10.856    0.0458681  0.0826515   0.5840     1.057  4.523e+20     1.053      1    0  7.7025e-21  7.2838e-21  4.6029e-21   16369.33    9559.50   286785.10 8.7225e+21   67.02   sub
1094   5   9  15  8.49e+21  10.883    0.0458681   0.105703   0.5080     1.043  2.668e+20     1.031      0    1  3.4181e-21  3.2760e-21  3.5204e-21   24603.77   12498.99   374969.79 8.6255e+21  100.31   sub
1095   5  10   1  8.49e+21   6.926    0.0680248   0.003376   7.8025    22.483  8.564e+21     2.009      1    0  8.4247e-17  3.7472e-18  4.5107e-20     125.02     975.50    29265.03 1.0213e+23    1.02 super
1096   5  10   2  8.49e+21   7.163    0.0680248 0.00431755   5.8798    11.234  8.498e+21     2.001      1    0  4.7738e-17  4.2494e-18  4.4305e-20     168.91     993.14    29794.32 7.7017e+22    1.00   sub
1097   5  10   3  8.49e+21   7.457    0.0680248 0.00552168   4.6010     6.433  8.385e+21     1.988      1    0  2.6982e-17  4.1944e-18  4.1721e-20     229.22    1054.65    31639.60 5.8041e+22    1.07   sub
1098   5  10   4  8.49e+21   7.845    0.0680248 0.00706165   3.6217     3.986  8.189e+21     1.965      1    0  1.4200e-17  3.5629e-18  3.7488e-20     324.09    1173.74    35212.17 4.2479e+22    1.26   sub
1099   5  10   5  8.49e+21   8.281    0.0680248 0.00903109   2.9309     2.794  7.896e+21     1.930      1    0  7.4406e-18  2.6627e-18  3.2637e-20     460.01    1348.22    40446.61 3.1478e+22    1.57   sub
1100   5  10   6  8.49e+21   8.771    0.0680248  0.0115498   2.3938     2.123  7.437e+21     1.876      1    0  3.7202e-18  1.7526e-18  2.7455e-20     669.51    1602.67    48080.10 2.3445e+22    2.12   sub
1101   5  10   7  8.49e+21   9.266    0.0680248   0.014771   1.9798     1.734  6.760e+21     1.796      1    0  1.8076e-18  1.0426e-18  2.2513e-20     987.22    1954.50    58635.00 1.7962e+22    2.98   sub
1102   5  10   8  8.49e+21   9.708    0.0680248  0.0188905   1.6647     1.503  5.853e+21     1.689      1    0  8.7654e-19  5.8329e-19  1.8215e-20    1451.09    2415.62    72468.53 1.4441e+22    4.27   sub
1103   5  10   9  8.49e+21  10.076    0.0680248   0.024159   1.4148     1.355  4.727e+21     1.557      1    0  4.1921e-19  3.0934e-19  1.4549e-20    2137.72    3024.38    90731.28 1.2177e+22    6.20   sub
1104   5  10  10  8.49e+21  10.348    0.0680248  0.0308968   1.2205     1.260  3.557e+21     1.419      1    0  2.0453e-19  1.6229e-19  1.1624e-20    3101.53    3785.50   113565.13 1.0797e+22    8.91   sub
1105   5  10  11  8.49e+21  10.547    0.0680248  0.0395137   1.0587     1.194  2.472e+21     1.291      1    0  9.8526e-20  8.2540e-20  9.2127e-21    4511.28    4776.22   143286.63 9.9174e+21   12.85   sub
1106   5  10  12  8.49e+21  10.684    0.0680248  0.0505338   0.9203     1.145  1.606e+21     1.189      1    0  4.6468e-20  4.0580e-20  7.2315e-21    6611.81    6084.72   182541.57 9.3595e+21   18.69   sub
1107   5  10  13  8.49e+21  10.771    0.0680248  0.0646273   0.8087     1.111  1.034e+21     1.122      1    0  2.2726e-20  2.0449e-20  5.7319e-21    9492.37    7676.57   230297.19 9.0319e+21   26.65   sub
1108   5  10  14  8.49e+21  10.827    0.0680248  0.0826515   0.7119     1.086  6.536e+20     1.077      1    0  1.1045e-20  1.0171e-20  4.5277e-21   13651.91    9718.43   291552.89 8.8260e+21   38.09   sub
1109   5  10  15  8.49e+21  10.865    0.0680248   0.105703   0.6209     1.065  3.924e+20     1.046      0    0  5.0277e-21  4.7205e-21  3.4964e-21   20269.90   12584.79   377543.57 8.6893e+21   56.21   sub
1110   5  10  16  8.49e+21  10.885    0.0680248   0.135182   0.5555     1.052  2.567e+20     1.030      0    1  2.6310e-21  2.5011e-21  2.8244e-21   28045.84   15579.38   467381.52 8.6197e+21   77.43   sub
1111   5  11   1  8.49e+21   6.874     0.100884   0.003376  12.4273    72.057  1.209e+22     2.424      1    0  9.1746e-17  1.2732e-18  2.9667e-20     119.35    1483.18    44495.55 1.0993e+23    1.16  deep
1112   5  11   2  8.49e+21   7.064     0.100884 0.00431755   9.0086    32.264  1.208e+22     2.422      1    0  5.4784e-17  1.6980e-18  3.1195e-20     156.58    1410.54    42316.14 8.5989e+22    1.05 super
1113   5  11   3  8.49e+21   7.318     0.100884 0.00552168   6.6460    15.103  1.195e+22     2.408      1    0  3.1380e-17  2.0778e-18  3.1442e-20     210.57    1399.44    41983.16 6.5899e+22    1.00 super
1114   5  11   4  8.49e+21   7.629     0.100884 0.00706165   5.0878     8.030  1.170e+22     2.378      1    0  1.7690e-17  2.2029e-18  3.0202e-20     286.35    1456.89    43706.76 5.0178e+22    1.03   sub
1115   5  11   5  8.49e+21   8.003     0.100884 0.00903109   4.0008     4.819  1.129e+22     2.330      1    0  9.6852e-18  2.0097e-18  2.7748e-20     396.37    1585.78    47573.50 3.7912e+22    1.16   sub
1116   5  11   6  8.49e+21   8.432     0.100884  0.0115498   3.2133     3.233  1.067e+22     2.256      1    0  5.1386e-18  1.5892e-18  2.4516e-20     558.55    1794.79    53843.59 2.8636e+22    1.41   sub
1117   5  11   7  8.49e+21   8.913     0.100884   0.014771   2.6047     2.362  9.712e+21     2.144      1    0  2.5737e-18  1.0894e-18  2.0819e-20     811.42    2113.54    63406.26 2.1662e+22    1.85   sub
1118   5  11   8  8.49e+21   9.373     0.100884  0.0188905   2.1596     1.890  8.449e+21     1.995      1    0  1.2870e-18  6.8094e-19  1.7315e-20    1176.71    2541.19    76235.62 1.7013e+22    2.53   sub
1119   5  11   9  8.49e+21   9.795     0.100884   0.024159   1.8095     1.602  6.858e+21     1.808      1    0  6.2395e-19  3.8938e-19  1.4075e-20    1727.63    3126.17    93785.18 1.3857e+22    3.57   sub
1120   5  11  10  8.49e+21  10.145     0.100884  0.0308968   1.5323     1.421  5.115e+21     1.602      1    0  2.9639e-19  2.0859e-19  1.1256e-20    2551.05    3909.08   117272.28 1.1807e+22    5.14   sub
1121   5  11  11  8.49e+21  10.399     0.100884  0.0395137   1.3190     1.306  3.576e+21     1.421      1    0  1.4391e-19  1.1016e-19  8.9999e-21    3706.65    4889.11   146673.33 1.0561e+22    7.35   sub
1122   5  11  12  8.49e+21  10.584     0.100884  0.0505338   1.1398     1.226  2.340e+21     1.276      1    0  6.8254e-20  5.5686e-20  7.1100e-21    5429.86    6188.74   185662.32 9.7600e+21   10.61   sub
1123   5  11  13  8.49e+21  10.705     0.100884  0.0646273   0.9955     1.171  1.506e+21     1.177      1    0  3.3161e-20  2.8330e-20  5.6417e-21    7834.28    7799.39   233981.79 9.2796e+21   15.13   sub
1124   5  11  14  8.49e+21  10.787     0.100884  0.0826515   0.8690     1.129  9.366e+20     1.110      1    0  1.5676e-20  1.3885e-20  4.4270e-21   11438.07    9939.44   298183.35 8.9714e+21   21.86   sub
1125   5  11  15  8.49e+21  10.839     0.100884   0.105703   0.7602     1.098  5.749e+20     1.068      1    0  7.3689e-21  6.7103e-21  3.4614e-21   16722.94   12712.13   381363.93 8.7821e+21   31.67   sub
1126   5  11  16  8.49e+21  10.869     0.100884   0.135182   0.6746     1.077  3.673e+20     1.043      0    0  3.7145e-21  3.4490e-21  2.7656e-21   23586.30   15910.23   477307.00 8.6755e+21   44.36   sub
1127   5  11  17  8.49e+21  10.889     0.100884   0.172884   0.5964     1.060  2.295e+20     1.027      0    1  1.8179e-21  1.7151e-21  2.1863e-21   33746.00   20125.97   603779.25 8.6054e+21   63.08   sub
1128   5  11  18  8.49e+21  10.902     0.100884     0.2211   0.5244     1.046  1.395e+20     1.016      0    1  8.5581e-22  8.1798e-22  1.7051e-21   49213.30   25805.31   774159.21 8.5600e+21   91.51   sub
1129   5  12   1  8.49e+21   6.841     0.149617   0.003376  21.0882   250.413  1.593e+22     2.877      1    0  9.7951e-17  3.9116e-19  1.8107e-20     115.23    2430.03    72900.80 1.1539e+23    1.40  deep
1130   5  12   2  8.49e+21   7.030     0.149617 0.00431755  14.2707   100.937  1.622e+22     2.911      1    0  5.6490e-17  5.5966e-19  2.0046e-20     153.81    2195.03    65850.94 8.9587e+22    1.22  deep
1131   5  12   3  8.49e+21   7.229     0.149617 0.00552168  10.3650    45.901  1.627e+22     2.917      1    0  3.4995e-17  7.6241e-19  2.1421e-20     198.18    2054.14    61624.24 7.1936e+22    1.09 super
1132   5  12   4  8.49e+21   7.493     0.149617 0.00706165   7.5333    20.594  1.608e+22     2.894      1    0  2.0421e-17  9.9162e-19  2.2114e-20     264.12    1989.74    59692.07 5.6226e+22    1.01 super
1133   5  12   5  8.49e+21   7.805     0.149617 0.00903109   5.6988    10.433  1.561e+22     2.838      1    0  1.1761e-17  1.1272e-18  2.1737e-20     355.21    2024.29    60728.77 4.3768e+22    1.01   sub
1134   5  12   6  8.49e+21   8.175     0.149617  0.0115498   4.4278     5.929  1.479e+22     2.742      1    0  6.5267e-18  1.1009e-18  2.0363e-20     488.01    2160.83    64824.96 3.3721e+22    1.09   sub
1135   5  12   7  8.49e+21   8.596     0.149617   0.014771   3.5225     3.790  1.356e+22     2.597      1    0  3.4932e-18  9.2182e-19  1.8263e-20     684.00    2409.37    72281.13 2.5941e+22    1.29   sub
1136   5  12   8  8.49e+21   9.054     0.149617  0.0188905   2.8452     2.673  1.181e+22     2.391      1    0  1.7801e-18  6.6589e-19  1.5727e-20     983.34    2797.79    83933.65 2.0070e+22    1.64   sub
1137   5  12   9  8.49e+21   9.494     0.149617   0.024159   2.3465     2.073  9.667e+21     2.139      1    0  8.9151e-19  4.3007e-19  1.3178e-20    1422.94    3338.94   100168.21 1.6015e+22    2.19   sub
1138   5  12  10  8.49e+21   9.891     0.149617  0.0308968   1.9606     1.718  7.299e+21     1.860      1    0  4.3359e-19  2.5235e-19  1.0776e-20    2082.60    4083.23   122496.92 1.3251e+22    3.04   sub
1139   5  12  11  8.49e+21  10.208     0.149617  0.0395137   1.6647     1.503  5.136e+21     1.605      1    0  2.1065e-19  1.4018e-19  8.7084e-21    3035.33    5052.80   151583.94 1.1482e+22    4.27   sub
1140   5  12  12  8.49e+21  10.447     0.149617  0.0505338   1.4273     1.362  3.407e+21     1.401      1    0  1.0120e-19  7.4308e-20  6.9589e-21    4430.24    6323.11   189693.25 1.0348e+22    6.07   sub
1141   5  12  13  8.49e+21  10.612     0.149617  0.0646273   1.2366     1.268  2.199e+21     1.259      1    0  4.8986e-20  3.8646e-20  5.5442e-21    6417.86    7936.50   238094.87 9.6460e+21    8.62   sub
1142   5  12  14  8.49e+21  10.724     0.149617  0.0826515   1.0786     1.201  1.395e+21     1.164      1    0  2.3755e-20  1.9774e-20  4.4034e-21    9264.43    9992.67   299779.97 9.2085e+21   12.24   sub
1143   5  12  15  8.49e+21  10.798     0.149617   0.105703   0.9418     1.152  8.657e+20     1.102      1    0  1.1306e-20  9.8126e-21  3.4671e-21   13475.60   12691.24   380737.23 8.9303e+21   17.56   sub
1144   5  12  16  8.49e+21  10.844     0.149617   0.135182   0.8275     1.117  5.395e+20     1.064      1    0  5.4710e-21  4.8993e-21  2.7392e-21   19412.77   16063.65   481909.39 8.7625e+21   25.01   sub
1145   5  12  17  8.49e+21  10.874     0.149617   0.172884   0.7275     1.090  3.330e+20     1.039      0    0  2.6234e-21  2.4073e-21  2.1546e-21   28072.57   20422.53   612675.82 8.6575e+21   35.83   sub
1146   5  12  18  8.49e+21  10.894     0.149617     0.2211   0.6339     1.068  1.969e+20     1.023      0    1  1.1833e-21  1.1081e-21  1.6591e-21   41837.37   26521.76   795652.81 8.5888e+21   52.95   sub
1147   5  13   1  8.49e+21   6.804      0.22189   0.003376  37.1722   830.300  1.861e+22     3.192      1    0  1.0906e-16  1.3135e-19  1.0869e-20     108.91    4048.32   121449.60 1.2232e+23    1.62  deep
1148   5  13   2  8.49e+21   6.982      0.22189 0.00431755  25.0393   365.295  1.953e+22     3.300      1    0  6.2188e-17  1.7024e-19  1.2027e-20     146.11    3658.43   109752.87 9.4928e+22    1.48  deep
1149   5  13   3  8.49e+21   7.159      0.22189 0.00552168  17.8813   172.026  2.011e+22     3.369      1    0  3.9242e-17  2.2812e-19  1.3212e-20     186.25    3330.31    99909.35 7.7348e+22    1.33  deep
1150   5  13   4  8.49e+21   7.423      0.22189 0.00706165  11.8263    63.760  2.040e+22     3.403      1    0  2.1892e-17  3.4335e-19  1.4654e-20     253.90    3002.70    90080.86 5.9822e+22    1.14 super
1151   5  13   5  8.49e+21   7.676      0.22189 0.00903109   8.6640    29.247  2.017e+22     3.375      1    0  1.3430e-17  4.5918e-19  1.5406e-20     329.66    2856.13    85684.03 4.8329e+22    1.04 super
1152   5  13   6  8.49e+21   7.988      0.22189  0.0115498   6.4479    14.027  1.937e+22     3.282      1    0  7.8416e-18  5.5904e-19  1.5507e-20     440.08    2837.60    85127.86 3.8321e+22    1.00  crit
1153   5  13   7  8.49e+21   8.366      0.22189   0.014771   4.8945     7.364  1.788e+22     3.107      1    0  4.3107e-18  5.8540e-19  1.4800e-20     607.45    2973.18    89195.32 2.9828e+22    1.05   sub
1154   5  13   8  8.49e+21   8.774      0.22189  0.0188905   3.8566     4.486  1.577e+22     2.858      1    0  2.3289e-18  5.1912e-19  1.3480e-20     846.36    3264.11    97923.31 2.3400e+22    1.19   sub
1155   5  13   9  8.49e+21   9.192      0.22189   0.024159   3.1235     3.087  1.314e+22     2.548      1    0  1.2327e-18  3.9933e-19  1.1831e-20    1190.70    3719.11   111573.23 1.8658e+22    1.46   sub
1156   5  13  10  8.49e+21   9.612      0.22189  0.0308968   2.5585     2.307  1.010e+22     2.190      1    0  6.1741e-19  2.6759e-19  9.9967e-21    1720.41    4401.63   132048.90 1.5122e+22    1.90   sub
1157   5  13  11  8.49e+21   9.970      0.22189  0.0395137   2.1442     1.876  7.291e+21     1.859      1    0  3.0960e-19  1.6504e-19  8.2937e-21    2474.33    5305.42   159162.67 1.2781e+22    2.56   sub
1158   5  13  12  8.49e+21  10.267      0.22189  0.0505338   1.8130     1.605  4.913e+21     1.579      1    0  1.4995e-19  9.3433e-20  6.7269e-21    3607.97    6541.19   196235.62 1.1188e+22    3.56   sub
1159   5  13  13  8.49e+21  10.489      0.22189  0.0646273   1.5487     1.431  3.169e+21     1.373      1    0  7.1567e-20  5.0028e-20  5.3824e-21    5278.85    8175.11   245253.44 1.0161e+22    5.02   sub
1160   5  13  14  8.49e+21  10.641      0.22189  0.0826515   1.3397     1.317  2.020e+21     1.238      1    0  3.4653e-20  2.6322e-20  4.2987e-21    7640.80   10236.09   307082.62 9.5315e+21    7.07   sub
1161   5  13  15  8.49e+21  10.744      0.22189   0.105703   1.1626     1.235  1.256e+21     1.148      1    0  1.6469e-20  1.3333e-20  3.3983e-21   11137.34   12948.18   388445.51 9.1295e+21   10.08   sub
1162   5  13  16  8.49e+21  10.811      0.22189   0.135182   1.0145     1.177  7.772e+20     1.092      1    0  7.8499e-21  6.6677e-21  2.6805e-21   16181.61   16415.69   492470.72 8.8827e+21   14.39   sub
1163   5  13  17  8.49e+21  10.854      0.22189   0.172884   0.8854     1.134  4.729e+20     1.056      1    0  3.6743e-21  3.2401e-21  2.0970e-21   23698.90   20983.35   629500.51 8.7279e+21   20.77   sub
1164   5  13  18  8.49e+21  10.879      0.22189     0.2211   0.7825     1.104  2.978e+20     1.035      0    1  1.8201e-21  1.6485e-21  1.6682e-21   33710.88   26377.38   791321.44 8.6394e+21   29.22   sub
1165   5  14   1  8.49e+21   6.830     0.329075   0.003376  54.9825  1778.419  2.026e+22     3.387      1    0  9.8474e-17  5.5371e-20  6.9692e-21     114.83    6313.71   189411.34 1.1739e+23    1.69  deep
1166   5  14   2  8.49e+21   6.984     0.329075 0.00431755  40.0567   963.504  2.134e+22     3.513      1    0  6.0785e-17  6.3088e-20  7.4320e-21     147.80    5920.57   177617.04 9.4687e+22    1.64  deep
1167   5  14   3  8.49e+21   7.130     0.329075 0.00552168  30.4566   553.068  2.218e+22     3.612      1    0  4.1185e-17  7.4466e-20  7.9633e-21     181.42    5525.56   165766.90 7.9861e+22    1.56  deep
1168   5  14   4  8.49e+21   7.354     0.329075 0.00706165  20.6390   238.606  2.308e+22     3.719      1    0  2.4314e-17  1.0190e-19  8.8903e-21     239.81    4949.43   148482.87 6.3680e+22    1.39  deep
1169   5  14   5  8.49e+21   7.618     0.329075 0.00903109  13.8531    93.946  2.345e+22     3.762      1    0  1.4137e-17  1.5048e-19  9.9235e-21     320.08    4434.07   133022.04 5.0659e+22    1.21  deep
1170   5  14   6  8.49e+21   7.886     0.329075  0.0115498   9.8967    40.874  2.308e+22     3.718      1    0  8.6047e-18  2.1052e-19  1.0651e-20     417.42    4131.08   123932.49 4.1224e+22    1.08 super
1171   5  14   7  8.49e+21   8.204     0.329075   0.014771   7.2028    18.418  2.181e+22     3.569      1    0  5.0119e-18  2.7212e-19  1.0950e-20     557.89    4018.36   120550.72 3.3083e+22    1.00 super
1172   5  14   8  8.49e+21   8.549     0.329075  0.0188905   5.4945     9.578  1.973e+22     3.324      1    0  2.8975e-18  3.0251e-19  1.0692e-20     748.98    4115.22   123456.64 2.6674e+22    1.01   sub
1173   5  14   9  8.49e+21   8.943     0.329075   0.024159   4.2710     5.499  1.673e+22     2.971      1    0  1.5747e-18  2.8634e-19  9.9145e-21    1039.12    4438.12   133143.68 2.1307e+22    1.11   sub
1174   5  14  10  8.49e+21   9.331     0.329075  0.0308968   3.4440     3.641  1.339e+22     2.577      1    0  8.5027e-19  2.3355e-19  8.8451e-21    1444.45    4974.72   149241.47 1.7376e+22    1.31   sub
1175   5  14  11  8.49e+21   9.722     0.329075  0.0395137   2.8051     2.619  9.850e+21     2.160      1    0  4.2968e-19  1.6409e-19  7.5629e-21    2074.11    5818.07   174541.97 1.4342e+22    1.67   sub
1176   5  14  12  8.49e+21  10.059     0.329075  0.0505338   2.3339     2.060  6.834e+21     1.805      1    0  2.1390e-19  1.0384e-19  6.3051e-21    2990.13    6978.72   209361.65 1.2271e+22    2.21   sub
1177   5  14  13  8.49e+21  10.330     0.329075  0.0646273   1.9693     1.725  4.517e+21     1.532      1    0  1.0431e-19  6.0462e-20  5.1492e-21    4339.18    8545.28   256358.42 1.0884e+22    3.01   sub
1178   5  14  14  8.49e+21  10.527     0.329075  0.0826515   1.6858     1.517  2.917e+21     1.344      1    0  5.0935e-20  3.3585e-20  4.1639e-21    6268.60   10567.45   317023.65 9.9983e+21    4.15   sub
1179   5  14  15  8.49e+21  10.667     0.329075   0.105703   1.4527     1.376  1.837e+21     1.216      1    0  2.4458e-20  1.7779e-20  3.3263e-21    9106.29   13228.52   396855.69 9.4263e+21    5.82   sub
1180   5  14  16  8.49e+21  10.761     0.329075   0.135182   1.2593     1.278  1.141e+21     1.134      1    0  1.1656e-20  9.1212e-21  2.6374e-21   13248.70   16683.59   500507.84 9.0667e+21    8.24   sub
1181   5  14  17  8.49e+21  10.820     0.329075   0.172884   1.1021     1.210  7.152e+20     1.084      1    0  5.6887e-21  4.6995e-21  2.0994e-21   19016.38   20958.85   628765.43 8.8500e+21   11.57   sub
1182   5  14  18  8.49e+21  10.859     0.329075     0.2211   0.9650     1.160  4.418e+20     1.052      1    0  2.7280e-21  2.3519e-21  1.6575e-21   27509.44   26546.90   796406.89 8.7118e+21   16.45   sub
1183   5  15   3  8.49e+21   7.119     0.488036 0.00552168  49.2905  1443.514  2.318e+22     3.730      1    0  4.1781e-17  2.8944e-20  4.9598e-21     179.99    8871.61   266148.19 8.0827e+22    1.68  deep
1184   5  15   4  8.49e+21   7.322     0.488036 0.00706165  35.1586   742.256  2.427e+22     3.858      1    0  2.5624e-17  3.4522e-20  5.3695e-21     233.08    8194.76   245842.85 6.5679e+22    1.60  deep
1185   5  15   5  8.49e+21   7.564     0.488036 0.00903109  23.9208   330.807  2.505e+22     3.950      1    0  1.5201e-17  4.5952e-20  5.9803e-21     307.59    7357.80   220734.02 5.2923e+22    1.46  deep
1186   5  15   6  8.49e+21   7.797     0.488036  0.0115498  16.9644   152.202  2.517e+22     3.965      1    0  9.6266e-18  6.3249e-20  6.6096e-21     392.42    6657.27   199717.99 4.4013e+22    1.30  deep
1187   5  15   7  8.49e+21   8.091     0.488036   0.014771  11.5818    60.542  2.443e+22     3.878      1    0  5.6480e-18  9.3290e-20  7.2796e-21     521.90    6044.53   181335.85 3.5675e+22    1.13 super
1188   5  15   8  8.49e+21   8.415     0.488036  0.0188905   8.2022    25.484  2.259e+22     3.661      1    0  3.2654e-18  1.2814e-19  7.6640e-21     699.98    5741.36   172240.85 2.8934e+22    1.02 super
1189   5  15   9  8.49e+21   8.756     0.488036   0.024159   6.1265    12.395  1.983e+22     3.336      1    0  1.8811e-18  1.5176e-19  7.6346e-21     940.74    5763.46   172903.72 2.3648e+22    1.00   sub
1190   5  15  10  8.49e+21   9.117     0.488036  0.0308968   4.7465     6.882  1.638e+22     2.929      1    0  1.0528e-18  1.5297e-19  7.2248e-21    1283.12    6090.37   182711.20 1.9408e+22    1.06   sub
1191   5  15  11  8.49e+21   9.480     0.488036  0.0395137   3.7911     4.341  1.269e+22     2.495      1    0  5.7225e-19  1.3181e-19  6.5398e-21    1774.76    6728.34   201850.05 1.6124e+22    1.21   sub
1192   5  15  12  8.49e+21   9.834     0.488036  0.0505338   3.0807     3.019  9.155e+21     2.078      1    0  2.9555e-19  9.7884e-20  5.6787e-21    2515.20    7748.54   232456.33 1.3606e+22    1.48   sub
1193   5  15  13  8.49e+21  10.141     0.488036  0.0646273   2.5535     2.301  6.259e+21     1.737      1    0  1.4863e-19  6.4581e-20  4.7844e-21    3601.69    9196.91   275907.15 1.1829e+22    1.91   sub
1194   5  15  14  8.49e+21  10.381     0.488036  0.0826515   2.1572     1.888  4.150e+21     1.489      1    0  7.4347e-20  3.9381e-20  3.9587e-21    5152.44   11115.08   333452.44 1.0644e+22    2.53   sub
1195   5  15  15  8.49e+21  10.564     0.488036   0.105703   1.8363     1.622  2.649e+21     1.312      1    0  3.5987e-20  2.2186e-20  3.2074e-21    7470.86   13718.67   411559.99 9.8430e+21    3.46   sub
1196   5  15  16  8.49e+21  10.691     0.488036   0.135182   1.5788     1.449  1.665e+21     1.196      1    0  1.7318e-20  1.1954e-20  2.5724e-21   10834.15   17105.09   513152.68 9.3327e+21    4.81   sub
1197   5  15  17  8.49e+21  10.776     0.488036   0.172884   1.3672     1.330  1.036e+21     1.122      1    0  8.3002e-21  6.2388e-21  2.0484e-21   15711.06   21480.78   644423.52 9.0117e+21    6.73   sub
1198   5  15  18  8.49e+21  10.830     0.488036     0.2211   1.1919     1.248  6.440e+20     1.076      1    0  3.9997e-21  3.2055e-21  1.6270e-21   22689.47   27044.58   811337.48 8.8133e+21    9.46   sub
1199   5  16   4  8.49e+21   7.343     0.723783 0.00706165  53.5399  1690.794  2.507e+22     3.953      1    0  2.4126e-17  1.4269e-20  3.4165e-21     240.55   12879.26   386377.89 6.4368e+22    1.69  deep
1200   5  16   5  8.49e+21   7.484     0.723783 0.00903109  43.3767  1126.842  2.565e+22     4.021      1    0  1.7692e-17  1.5701e-20  3.5770e-21     283.59   12301.22   369036.69 5.6679e+22    1.66  deep
1201   5  16   6  8.49e+21   7.791     0.723783  0.0115498  27.5904   449.532  2.617e+22     4.082      1    0  9.4782e-18  2.1085e-20  4.0341e-21     395.33   10907.40   327221.91 4.4212e+22    1.52  deep
1202   5  16   7  8.49e+21   8.022     0.723783   0.014771  19.8653   218.893  2.582e+22     4.042      1    0  6.1381e-18  2.8042e-20  4.4436e-21     498.48    9902.34   297070.19 3.7417e+22    1.38  deep
1203   5  16   8  8.49e+21   8.327     0.723783  0.0188905  13.2941    84.997  2.440e+22     3.874      1    0  3.5600e-18  4.1884e-20  4.9632e-21     666.88    8865.58   265967.41 3.0568e+22    1.19  deep
1204   5  16   9  8.49e+21   8.634     0.723783   0.024159   9.3900    35.814  2.202e+22     3.594      1    0  2.1092e-18  5.8895e-20  5.3118e-21     882.20    8283.79   248513.76 2.5369e+22    1.06 super
1205   5  16  10  8.49e+21   8.942     0.723783  0.0308968   7.0135    17.242  1.901e+22     3.239      1    0  1.2618e-18  7.3182e-20  5.4051e-21    1160.72    8140.78   244223.37 2.1322e+22    1.00 super
1206   5  16  11  8.49e+21   9.284     0.723783  0.0395137   5.3365     8.953  1.530e+22     2.803      1    0  7.0819e-19  7.9098e-20  5.2228e-21    1578.73    8424.97   252748.95 1.7797e+22    1.02   sub
1207   5  16  12  8.49e+21   9.624     0.723783  0.0505338   4.2025     5.320  1.159e+22     2.365      1    0  3.8503e-19  7.2375e-20  4.8029e-21    2180.01    9161.48   274844.48 1.5031e+22    1.12   sub
1208   5  16  13  8.49e+21   9.938     0.723783  0.0646273   3.4079     3.574  8.322e+21     1.980      1    0  2.0424e-19  5.7148e-20  4.2449e-21    3041.66   10365.66   310969.70 1.2965e+22    1.33   sub
1209   5  16  14  8.49e+21  10.218     0.723783  0.0826515   2.8059     2.620  5.643e+21     1.665      1    0  1.0324e-19  3.9408e-20  3.6150e-21    4337.94   12171.89   365156.60 1.1431e+22    1.67   sub
1210   5  16  15  8.49e+21  10.437     0.723783   0.105703   2.3560     2.083  3.714e+21     1.437      1    0  5.1542e-20  2.4746e-20  3.0100e-21    6204.79   14618.56   438556.91 1.0392e+22    2.17   sub
1211   5  16  16  8.49e+21  10.601     0.723783   0.135182   1.9999     1.750  2.373e+21     1.279      1    0  2.5105e-20  1.4344e-20  2.4556e-21    8960.11   17918.99   537569.77 9.6923e+21    2.92   sub
1212   5  16  17  8.49e+21  10.713     0.723783   0.172884   1.7205     1.540  1.507e+21     1.178      1    0  1.2306e-20  7.9916e-21  1.9879e-21   12865.25   22134.34   664030.33 9.2494e+21    3.98   sub
1213   5  16  18  8.49e+21  10.790     0.723783     0.2211   1.4852     1.394  9.360e+20     1.110      1    0  5.8804e-21  4.2191e-21  1.5862e-21   18677.90   27740.29   832208.62 8.9600e+21    5.53   sub
1214   5  17   6  8.49e+21   7.763      1.07341  0.0115498  45.8275  1254.137  2.670e+22     4.144      1    0  9.8673e-18  7.8678e-21  2.4826e-21     386.76   17724.22   531726.63 4.5168e+22    1.67  deep
1215   5  17   7  8.49e+21   7.973      1.07341   0.014771  34.3653   708.705  2.655e+22     4.127      1    0  6.5867e-18  9.2941e-21  2.6691e-21     479.71   16485.54   494566.33 3.8735e+22    1.60  deep
1216   5  17   8  8.49e+21   8.289      1.07341  0.0188905  22.2194   281.299  2.532e+22     3.982      1    0  3.6778e-18  1.3074e-20  3.0253e-21     654.60   14544.81   436344.17 3.1324e+22    1.43  deep
1217   5  17   9  8.49e+21   8.544      1.07341   0.024159  15.8057   128.856  2.350e+22     3.768      1    0  2.3339e-18  1.8112e-20  3.3368e-21     834.30   13186.71   395601.43 2.6748e+22    1.27  deep
1218   5  17  10  8.49e+21   8.841      1.07341  0.0308968  11.0148    53.436  2.069e+22     3.437      1    0  1.3911e-18  2.6033e-20  3.6342e-21    1099.23   12107.81   363234.26 2.2543e+22    1.11 super
1219   5  17  11  8.49e+21   9.155      1.07341  0.0395137   7.9045    23.226  1.721e+22     3.027      1    0  8.0355e-19  3.4597e-20  3.7822e-21    1471.79   11633.79   349013.57 1.9021e+22    1.02 super
1220   5  17  12  8.49e+21   9.462      1.07341  0.0505338   5.9850    11.719  1.367e+22     2.610      1    0  4.6248e-19  3.9464e-20  3.7277e-21    1972.29   11804.07   354122.10 1.6269e+22    1.00   sub
1221   5  17  13  8.49e+21   9.762      1.07341  0.0646273   4.6956     6.722  1.031e+22     2.215      1    0  2.5866e-19  3.8478e-20  3.4983e-21    2678.73   12578.14   377344.18 1.4073e+22    1.06   sub
1222   5  17  14  8.49e+21  10.046      1.07341  0.0826515   3.7722     4.300  7.359e+21     1.867      1    0  1.3831e-19  3.2162e-20  3.1390e-21    3716.05   14017.77   420532.98 1.2346e+22    1.21   sub
1223   5  17  15  8.49e+21  10.293      1.07341   0.105703   3.0911     3.036  5.003e+21     1.589      1    0  7.0997e-20  2.3387e-20  2.7113e-21    5250.20   16229.07   486872.16 1.1060e+22    1.48   sub
1224   5  17  16  8.49e+21  10.489      1.07341   0.135182   2.5811     2.334  3.295e+21     1.388      1    0  3.5622e-20  1.5262e-20  2.2784e-21    7482.19   19312.12   579363.72 1.0163e+22    1.88   sub
1225   5  17  17  8.49e+21  10.632      1.07341   0.172884   2.1927     1.921  2.138e+21     1.252      1    0  1.7813e-20  9.2737e-21  1.8839e-21   10652.43   23357.27   700718.08 9.5685e+21    2.46   sub
1226   5  17  18  8.49e+21  10.735      1.07341     0.2211   1.8721     1.649  1.345e+21     1.158      1    0  8.5879e-21  5.2085e-21  1.5246e-21   15416.17   28860.37   865811.23 9.1656e+21    3.33   sub
1227   5  18   7  8.49e+21   8.004      1.59192   0.014771  52.0148  1600.178  2.682e+22     4.159      1    0  6.1348e-18  3.8338e-21  1.6986e-21     498.04   25905.41   777162.38 3.7898e+22    1.68  deep
1228   5  18   8  8.49e+21   8.231      1.59192  0.0188905  38.7082   900.208  2.600e+22     4.063      1    0  4.0133e-18  4.4582e-21  1.8204e-21     624.44   24170.92   725127.53 3.2522e+22    1.63  deep
1229   5  18   9  8.49e+21   8.516      1.59192   0.024159  26.3945   409.092  2.413e+22     3.842      1    0  2.3840e-18  5.8275e-21  2.0228e-21     824.13   21752.54   652576.17 2.7203e+22    1.50  deep
1230   5  18  10  8.49e+21   8.758      1.59192  0.0308968  19.0204   198.280  2.193e+22     3.583      1    0  1.5409e-18  7.7711e-21  2.2253e-21    1039.57   19772.98   593189.48 2.3613e+22    1.35  deep
1231   5  18  11  8.49e+21   9.064      1.59192  0.0395137  12.7709    77.050  1.859e+22     3.190      1    0  8.8595e-19  1.1498e-20  2.4704e-21    1394.72   17811.78   534353.36 1.9955e+22    1.17  deep
1232   5  18  12  8.49e+21   9.356      1.59192  0.0505338   9.0627    32.754  1.516e+22     2.786      1    0  5.1718e-19  1.5790e-20  2.6181e-21    1854.52   16806.96   504208.72 1.7161e+22    1.05 super
1233   5  18  13  8.49e+21   9.634      1.59192  0.0646273   6.7716    15.813  1.189e+22     2.400      1    0  3.0063e-19  1.9012e-20  2.6324e-21    2468.40   16715.13   501453.75 1.4957e+22    1.00 super
1234   5  18  14  8.49e+21   9.899      1.59192  0.0826515   5.2688     8.694  8.951e+21     2.054      1    0  1.7128e-19  1.9700e-20  2.5194e-21    3314.85   17465.13   523953.95 1.3202e+22    1.02   sub
1235   5  18  15  8.49e+21  10.149      1.59192   0.105703   4.1949     5.300  6.395e+21     1.753      1    0  9.2791e-20  1.7507e-20  2.3002e-21    4560.20   19129.65   573889.54 1.1785e+22    1.13   sub
1236   5  18  16  8.49e+21  10.361      1.59192   0.135182   3.4320     3.618  4.417e+21     1.520      1    0  4.9107e-20  1.3572e-20  2.0243e-21    6333.60   21737.01   652110.17 1.0737e+22    1.32   sub
1237   5  18  17  8.49e+21  10.536      1.59192   0.172884   2.8430     2.670  2.914e+21     1.343      1    0  2.4703e-20  9.2512e-21  1.7188e-21    9004.99   25600.94   768028.30 9.9611e+21    1.64   sub
1238   5  18  18  8.49e+21  10.663      1.59192     0.2211   2.4027     2.132  1.899e+21     1.224      1    0  1.2410e-20  5.8202e-21  1.4328e-21   12781.17   30709.38   921281.28 9.4445e+21    2.10   sub
1239   5  19   8  8.49e+21   8.255      2.36091  0.0188905  58.6553  2009.805  2.609e+22     4.073      1    0  3.7963e-18  1.8889e-21  1.1667e-21     642.99   37714.54  1131436.08 3.2013e+22    1.70  deep
1240   5  19   9  8.49e+21   8.417      2.36091   0.024159  47.9926  1371.249  2.510e+22     3.956      1    0  2.8162e-18  2.0538e-21  1.2163e-21     753.81   36177.15  1085314.63 2.8904e+22    1.67  deep
1241   5  19  10  8.49e+21   8.740      2.36091  0.0308968  31.4991   592.979  2.233e+22     3.630      1    0  1.5564e-18  2.6247e-21  1.3519e-21    1033.29   32547.52   976425.50 2.3861e+22    1.57  deep
1242   5  19  11  8.49e+21   8.996      2.36091  0.0395137  22.1661   279.807  1.958e+22     3.306      1    0  9.6837e-19  3.4608e-21  1.4936e-21    1329.04   29459.55   883786.59 2.0696e+22    1.43  deep
1243   5  19  12  8.49e+21   9.288      2.36091  0.0505338  14.8066   110.289  1.614e+22     2.901      1    0  5.5648e-19  5.0457e-21  1.6682e-21    1781.38   26376.16   791284.78 1.7758e+22    1.24  deep
1244   5  19  13  8.49e+21   9.533      2.36091  0.0646273  10.7089    49.807  1.320e+22     2.555      1    0  3.4237e-19  6.8739e-21  1.7858e-21    2300.80   24639.12   739173.68 1.5715e+22    1.10 super
1245   5  19  14  8.49e+21   9.790      2.36091  0.0826515   7.8180    22.595  1.022e+22     2.204      1    0  1.9833e-19  8.7776e-21  1.8372e-21    3063.44   23949.96   718498.66 1.3893e+22    1.02 super
1246   5  19  15  8.49e+21  10.032      2.36091   0.105703   5.9422    11.520  7.613e+21     1.897      1    0  1.1185e-19  9.7093e-21  1.7932e-21    4129.40   24537.82   736134.49 1.2424e+22    1.00   sub
1247   5  19  16  8.49e+21  10.246      2.36091   0.135182   4.7009     6.739  5.497e+21     1.647      1    0  6.2026e-20  9.2042e-21  1.6703e-21    5604.12   26344.23   790327.02 1.1292e+22    1.06   sub
1248   5  19  17  8.49e+21  10.432      2.36091   0.172884   3.8028     4.367  3.804e+21     1.448      1    0  3.2931e-20  7.5411e-21  1.4910e-21    7760.77   29512.39   885371.56 1.0413e+22    1.21   sub
1249   5  19  18  8.49e+21  10.579      2.36091     0.2211   3.1489     3.128  2.566e+21     1.302      1    0  1.7135e-20  5.4782e-21  1.2897e-21   10834.52   34117.34  1023520.22 9.7810e+21    1.44   sub
1250   5  20  10  8.49e+21   8.627      3.50135  0.0308968  57.3923  1928.899  2.352e+22     3.771      1    0  1.8939e-18  9.8186e-22  8.2384e-22     930.62   53410.65  1602319.64 2.5472e+22    1.69  deep
1251   5  20  11  8.49e+21   8.965      3.50135  0.0395137  37.3057   836.284  2.005e+22     3.361      1    0  1.0080e-18  1.2054e-21  9.0706e-22    1300.34   48510.12  1455303.49 2.1053e+22    1.62  deep
1252   5  20  12  8.49e+21   9.231      3.50135  0.0505338  25.7498   387.985  1.692e+22     2.993      1    0  6.0335e-19  1.5551e-21  1.0019e-21    1705.54   43917.38  1317521.27 1.8286e+22    1.49  deep
1253   5  20  13  8.49e+21   9.460      3.50135  0.0646273  18.3822   183.350  1.415e+22     2.667      1    0  3.8005e-19  2.0728e-21  1.1003e-21    2175.45   39989.54  1199686.34 1.6287e+22    1.34  deep
1254   5  20  14  8.49e+21   9.721      3.50135  0.0826515  12.4651    72.597  1.107e+22     2.303      1    0  2.1658e-19  2.9833e-21  1.2084e-21    2921.22   36413.21  1092396.34 1.4352e+22    1.16  deep
1255   5  20  15  8.49e+21   9.941      3.50135   0.105703   9.0802    32.913  8.609e+21     2.014      1    0  1.2875e-19  3.9118e-21  1.2648e-21    3831.40   34789.68  1043690.27 1.2950e+22    1.05 super
1256   5  20  16  8.49e+21  10.156      3.50135   0.135182   6.7584    15.737  6.383e+21     1.752      1    0  7.2461e-20  4.6045e-21  1.2612e-21    5162.18   34887.87  1046636.03 1.1749e+22    1.00 super
1257   5  20  17  8.49e+21  10.337      3.50135   0.172884   5.3023     8.822  4.663e+21     1.549      1    0  4.1034e-20  4.6514e-21  1.1991e-21    6920.60   36695.17  1100855.04 1.0850e+22    1.02   sub
1258   5  20  18  8.49e+21  10.498      3.50135     0.2211   4.2378     5.412  3.247e+21     1.382      1    0  2.1939e-20  4.0539e-21  1.0886e-21    9538.09   40420.70  1212620.97 1.0125e+22    1.12   sub
1259   5  21  11  8.49e+21   8.992      5.19269  0.0395137  56.4861  1871.713  1.980e+22     3.333      1    1  9.4735e-19  5.0614e-22  5.7988e-22    1343.35   75880.49  2276414.62 2.0750e+22    1.69  deep
1260   5  21  12  8.49e+21   9.200      5.19269  0.0505338  43.0905  1112.350  1.735e+22     3.044      1    1  6.3138e-19  5.6761e-22  6.1351e-22    1664.44   71721.67  2151650.14 1.8582e+22    1.65  deep
1261   5  21  13  8.49e+21   9.432      5.19269  0.0646273  30.9615   572.251  1.453e+22     2.712      1    0  3.9325e-19  6.8719e-22  6.6551e-22    2135.47   66117.38  1983521.47 1.6514e+22    1.56  deep
1262   5  21  14  8.49e+21   9.676      5.19269  0.0826515  21.1337   251.623  1.162e+22     2.369      1    0  2.3089e-19  9.1759e-22  7.3762e-22    2822.69   59653.94  1789618.29 1.4663e+22    1.40  deep
1263   5  21  15  8.49e+21   9.906      5.19269   0.105703  14.3623   102.507  9.008e+21     2.061      1    0  1.3267e-19  1.2943e-21  8.1312e-22    3767.82   54114.75  1623442.65 1.3157e+22    1.22  deep
1264   5  21  16  8.49e+21  10.088      5.19269   0.135182  10.5539    48.024  7.090e+21     1.835      1    0  8.1637e-20  1.6999e-21  8.6017e-22    4846.97   51154.67  1534640.14 1.2115e+22    1.10 super
1265   5  21  17  8.49e+21  10.265      5.19269   0.172884   7.8325    22.700  5.342e+21     1.629      1    0  4.7454e-20  2.0905e-21  8.7601e-22    6413.02   50229.88  1506896.35 1.1197e+22    1.02 super
1266   5  21  18  8.49e+21  10.424      5.19269     0.2211   6.0038    11.807  3.891e+21     1.458      1    0  2.6633e-20  2.2556e-21  8.4961e-22    8626.22   51790.30  1553709.07 1.0450e+22    1.00   sub
1267   5  22  13  8.49e+21   9.383      7.70104  0.0646273  52.6037  1634.926  1.516e+22     2.786      1    1  4.3084e-19  2.6352e-22  4.1108e-22    2034.80  107038.26  3211147.82 1.6929e+22    1.69  deep
1268   5  22  14  8.49e+21   9.617      7.70104  0.0826515  37.4193   841.389  1.233e+22     2.452      1    1  2.5857e-19  3.0731e-22  4.4219e-22    2659.28   99508.40  2985252.14 1.5080e+22    1.62  deep
1269   5  22  15  8.49e+21   9.855      7.70104   0.105703  25.2019   370.433  9.596e+21     2.130      1    1  1.4664e-19  3.9585e-22  4.8845e-22    3574.53   90084.89  2702546.58 1.3477e+22    1.48  deep
1270   5  22  16  8.49e+21  10.029      7.70104   0.135182  18.1819   178.781  7.704e+21     1.907      1    1  9.1985e-20  5.1452e-22  5.3154e-22    4552.99   82782.11  2483463.24 1.2438e+22    1.33  deep
1271   5  22  17  8.49e+21  10.217      7.70104   0.172884  12.4718    72.694  5.809e+21     1.684      1    0  5.2031e-20  7.1576e-22  5.7742e-22    6110.13   76204.44  2286133.12 1.1436e+22    1.16  deep
1272   5  22  18  8.49e+21  10.368      7.70104     0.2211   9.0290    32.448  4.348e+21     1.512      1    0  2.9856e-20  9.2011e-22  5.9976e-22    8125.51   73364.97  2200948.96 1.0682e+22    1.05 super
1273   5  23  14  8.49e+21   9.659       11.421  0.0826515  55.1347  1787.770  1.184e+22     2.395      1    1  2.3240e-19  1.3000e-22  2.8391e-22    2811.03  154985.16  4649554.69 1.4782e+22    1.69  deep
1274   5  23  15  8.49e+21   9.851       11.421   0.105703  40.7324   995.885  9.643e+21     2.136      1    1  1.4562e-19  1.4622e-22  3.0122e-22    3586.26  146077.10  4382312.93 1.3502e+22    1.64  deep
1275   5  23  16  8.49e+21   9.991       11.421   0.135182  31.6177   597.594  8.110e+21     1.955      1    1  9.9959e-20  1.6727e-22  3.1924e-22    4359.34  137832.10  4134963.03 1.2655e+22    1.57  deep
1276   5  23  17  8.49e+21  10.185       11.421   0.172884  21.1117   251.037  6.121e+21     1.721      1    1  5.5580e-20  2.2140e-22  3.5310e-22    5902.67  124615.19  3738455.70 1.1597e+22    1.40  deep
1277   5  23  18  8.49e+21  10.340       11.421     0.2211  14.5928   106.507  4.647e+21     1.547      1    1  3.2027e-20  3.0071e-22  3.8486e-22    7834.77  114330.94  3429928.08 1.0834e+22    1.23  deep
1278   5  24  16  8.49e+21   9.982       16.938   0.135182  50.8969  1535.083  8.200e+21     1.966      1    1  1.0118e-19  6.5910e-23  1.9961e-22    4331.08  220438.46  6613153.83 1.2707e+22    1.68  deep
1279   5  24  17  8.49e+21  10.146       16.938   0.172884  37.1396   828.841  6.511e+21     1.767      1    1  6.1973e-20  7.4771e-23  2.1236e-22    5579.06  207203.64  6216109.06 1.1804e+22    1.62  deep
1280   5  24  18  8.49e+21  10.308       16.938     0.2211  25.3912   376.456  4.941e+21     1.582      1    1  3.5110e-20  9.3265e-23  2.3195e-22    7471.35  189706.32  5691189.54 1.0986e+22    1.48  deep
1281   5  25  17  8.49e+21  10.174        25.12   0.172884  55.0264  1781.118  6.221e+21     1.733      1    1  5.5939e-20  3.1407e-23  1.3599e-22    5880.30  323571.72  9707151.74 1.1658e+22    1.69  deep
1282   5  25  18  8.49e+21  10.301        25.12     0.2211  41.4502  1030.769  4.996e+21     1.588      1    1  3.5458e-20  3.4400e-23  1.4283e-22    7432.11  308061.99  9241859.72 1.1020e+22    1.65  deep
1283   6   1   1  1.70e+22   8.828      0.00196   0.003376   0.6576     1.073  2.569e+20     1.015      0    0  4.5443e-18  4.2347e-18  2.2047e-19     607.74     399.63    11988.76 2.2706e+22   47.70   sub
1284   6   1   2  1.70e+22   9.001      0.00196 0.00431755   0.5803     1.057  2.550e+20     1.015      0    0  2.3172e-18  2.1928e-18  1.7667e-19     859.35     498.71    14961.26 2.0650e+22   68.24   sub
1285   6   2   1  1.70e+22   8.626   0.00290678   0.003376   0.8180     1.114  3.809e+20     1.022      0    0  6.8260e-18  6.1276e-18  2.1975e-19     490.15     400.94    12028.12 2.5494e+22   25.82   sub
1286   6   2   2  1.70e+22   8.863   0.00290678 0.00431755   0.7116     1.086  3.777e+20     1.022      0    0  3.3113e-18  3.0496e-18  1.7356e-19     713.39     507.64    15229.30 2.2261e+22   38.13   sub
1287   6   2   3  1.70e+22   9.046   0.00290678 0.00552168   0.6167     1.064  3.722e+20     1.022      0    0  1.5281e-18  1.4359e-18  1.3466e-19    1060.91     654.28    19628.35 2.0150e+22   57.30   sub
1288   6   2   4  1.70e+22   9.155   0.00290678 0.00706165   0.5471     1.050  3.647e+20     1.021      0    0  7.8381e-19  7.4622e-19  1.0807e-19    1490.21     815.28    24458.43 1.9022e+22   80.92   sub
1289   6   3   1  1.70e+22   8.399   0.00431092   0.003376   1.0151     1.178  5.647e+20     1.033      0    0  9.7854e-18  8.3100e-18  2.1486e-19     403.96     410.06    12301.85 2.9226e+22   14.37   sub
1290   6   3   2  1.70e+22   8.694   0.00431092 0.00431755   0.8746     1.131  5.595e+20     1.033      0    0  4.6634e-18  4.1244e-18  1.6921e-19     595.36     520.70    15620.96 2.4499e+22   21.48   sub
1291   6   3   3  1.70e+22   8.920   0.00431092 0.00552168   0.7577     1.097  5.515e+20     1.032      0    0  2.2071e-18  2.0110e-18  1.3266e-19     876.60     664.16    19924.87 2.1572e+22   31.97   sub
1292   6   3   4  1.70e+22   9.071   0.00431092 0.00706165   0.6668     1.075  5.397e+20     1.032      0    0  1.1050e-18  1.0277e-18  1.0577e-19    1249.30     832.98    24989.32 1.9890e+22   45.85   sub
1293   6   3   5  1.70e+22   9.175   0.00431092 0.00903109   0.5887     1.058  5.219e+20     1.031      0    0  5.5175e-19  5.2129e-19  8.4175e-20    1778.12    1046.71    31401.34 1.8823e+22   65.50   sub
1294   6   4   1  1.70e+22   8.127   0.00639332   0.003376   1.2779     1.287  8.371e+20     1.049      0    0  1.4404e-17  1.1196e-17  2.1052e-19     327.51     418.52    12555.67 3.4837e+22    7.94   sub
1295   6   4   2  1.70e+22   8.456   0.00639332 0.00431755   1.0996     1.209  8.301e+20     1.049      0    0  7.1013e-18  5.8713e-18  1.6840e-19     475.81     523.20    15695.90 2.8220e+22   11.64   sub
1296   6   4   3  1.70e+22   8.737   0.00639332 0.00552168   0.9476     1.154  8.183e+20     1.048      0    0  3.3955e-18  2.9422e-18  1.3294e-19     699.44     662.77    19882.95 2.3903e+22   17.27   sub
1297   6   4   4  1.70e+22   8.946   0.00639332 0.00706165   0.8239     1.116  7.999e+20     1.047      0    0  1.6407e-18  1.4706e-18  1.0503e-19    1018.20     838.87    25166.17 2.1269e+22   25.32   sub
1298   6   4   5  1.70e+22   9.095   0.00639332 0.00903109   0.7200     1.088  7.716e+20     1.045      0    0  7.9175e-19  7.2779e-19  8.2803e-20    1477.83    1064.06    31921.78 1.9635e+22   36.89   sub
1299   6   4   6  1.70e+22   9.203   0.00639332  0.0115498   0.6244     1.066  7.241e+20     1.043      0    0  3.5760e-19  3.3552e-19  6.3792e-20    2211.97    1381.17    41435.02 1.8556e+22   55.30   sub
1300   6   4   7  1.70e+22   9.259   0.00639332   0.014771   0.5588     1.053  6.697e+20     1.039      0    0  1.8981e-19  1.8033e-19  5.1775e-20    3045.44    1701.71    51051.43 1.8021e+22   76.12   sub
1301   6   5   1  1.70e+22   7.824   0.00948164   0.003376   1.6354     1.484  1.241e+21     1.073      1    0  2.1563e-17  1.4531e-17  2.0512e-19     262.65     429.53    12886.02 4.3140e+22    4.44   sub
1302   6   5   2  1.70e+22   8.200   0.00948164 0.00431755   1.3830     1.339  1.230e+21     1.072      1    0  1.0301e-17  7.6959e-18  1.6376e-19     389.03     538.02    16140.63 3.3184e+22    6.55   sub
1303   6   5   3  1.70e+22   8.525   0.00948164 0.00552168   1.1839     1.244  1.212e+21     1.071      1    0  4.9793e-18  4.0017e-18  1.3044e-19     570.54     675.46    20263.81 2.7062e+22    9.63   sub
1304   6   5   4  1.70e+22   8.794   0.00948164 0.00706165   1.0171     1.178  1.184e+21     1.070      1    0  2.3480e-18  1.9927e-18  1.0265e-19     843.86     858.29    25748.81 2.3139e+22   14.29   sub
1305   6   5   5  1.70e+22   8.992   0.00948164 0.00903109   0.8808     1.133  1.139e+21     1.067      1    0  1.1102e-18  9.8023e-19  8.0613e-20    1240.94    1092.96    32788.80 2.0745e+22   21.07   sub
1306   6   5   6  1.70e+22   9.125   0.00948164  0.0115498   0.7706     1.101  1.074e+21     1.063      1    0  5.3847e-19  4.8912e-19  6.3700e-20    1795.01    1383.15    41494.59 1.9321e+22   30.49   sub
1307   6   5   7  1.70e+22   9.212   0.00948164   0.014771   0.6802     1.078  9.844e+20     1.058      1    0  2.6876e-19  2.4924e-19  5.0741e-20    2552.86    1736.41    52092.21 1.8464e+22   43.33   sub
1308   6   5   8  1.70e+22   9.272   0.00948164  0.0188905   0.5990     1.061  8.581e+20     1.050      1    0  1.3032e-19  1.2289e-19  3.9995e-20    3677.89    2202.95    66088.56 1.7906e+22   62.30   sub
1309   6   5   9  1.70e+22   9.311   0.00948164   0.024159   0.5267     1.047  6.964e+20     1.041      0    0  6.1949e-20  5.9187e-20  3.1294e-20    5345.66    2815.44    84463.06 1.7553e+22   90.34   sub
1310   6   6   1  1.70e+22   7.534    0.0140618   0.003376   2.1189     1.853  1.836e+21     1.108      1    0  3.1460e-17  1.6978e-17  1.9487e-19     213.38     452.13    13563.87 5.4309e+22    2.62   sub
1311   6   6   2  1.70e+22   7.909    0.0140618 0.00431755   1.7736     1.577  1.821e+21     1.107      1    0  1.5295e-17  9.7005e-18  1.5843e-19     313.55     556.13    16683.90 4.0530e+22    3.73   sub
1312   6   6   3  1.70e+22   8.274    0.0140618 0.00552168   1.4969     1.400  1.795e+21     1.106      1    0  7.3220e-18  5.2285e-18  1.2698e-19     463.53     693.85    20815.60 3.1616e+22    5.43   sub
1313   6   6   4  1.70e+22   8.594    0.0140618 0.00706165   1.2738     1.285  1.752e+21     1.103      1    0  3.4608e-18  2.6939e-18  1.0067e-19     687.13     875.25    26257.40 2.5967e+22    8.01   sub
1314   6   6   5  1.70e+22   8.833    0.0140618 0.00903109   1.1033     1.211  1.690e+21     1.099      1    0  1.7047e-18  1.4077e-18  8.0459e-20     992.58    1095.06    32851.81 2.2635e+22   11.54   sub
1315   6   6   6  1.70e+22   9.017    0.0140618  0.0115498   0.9573     1.157  1.593e+21     1.094      1    0  8.1757e-19  7.0642e-19  6.3558e-20    1448.04    1386.25    41587.40 2.0473e+22   16.80   sub
1316   6   6   7  1.70e+22   9.143    0.0140618   0.014771   0.8358     1.119  1.453e+21     1.085      1    0  3.9330e-19  3.5144e-19  5.0139e-20    2102.36    1757.26    52717.79 1.9142e+22   24.33   sub
1317   6   6   8  1.70e+22   9.228    0.0140618  0.0188905   0.7319     1.091  1.261e+21     1.074      1    0  1.8805e-19  1.7238e-19  3.9409e-20    3054.54    2235.73    67072.00 1.8314e+22   35.22   sub
1318   6   6   9  1.70e+22   9.286    0.0140618   0.024159   0.6378     1.069  1.007e+21     1.059      1    0  8.5945e-20  8.0420e-20  3.0481e-20    4532.25    2890.52    86715.67 1.7782e+22   52.05   sub
1319   6   6  10  1.70e+22   9.315    0.0140618  0.0308968   0.5715     1.055  7.841e+20     1.046      0    0  4.5612e-20  4.3233e-20  2.4741e-20    6231.33    3561.24   106837.16 1.7513e+22   71.33   sub
1320   6   7   1  1.70e+22   7.285    0.0208544   0.003376   2.7879     2.595  2.718e+21     1.160      1    0  4.3878e-17  1.6906e-17  1.7788e-19     177.67     495.33    14859.77 6.8029e+22    1.68   sub
1321   6   7   2  1.70e+22   7.636    0.0208544 0.00431755   2.2984     2.024  2.694e+21     1.158      1    0  2.1731e-17  1.0738e-17  1.4831e-19     258.48     594.09    17822.66 4.9894e+22    2.27   sub
1322   6   7   3  1.70e+22   8.008    0.0208544 0.00552168   1.9143     1.681  2.654e+21     1.156      1    0  1.0541e-17  6.2695e-18  1.2110e-19     380.06     727.55    21826.43 3.7771e+22    3.18   sub
1323   6   7   4  1.70e+22   8.348    0.0208544 0.00706165   1.6222     1.476  2.594e+21     1.153      1    0  5.1932e-18  3.5196e-18  9.8248e-20     552.84     896.78    26903.52 3.0169e+22    4.52   sub
1324   6   7   5  1.70e+22   8.649    0.0208544 0.00903109   1.3807     1.337  2.496e+21     1.147      1    0  2.4777e-18  1.8527e-18  7.8326e-20     814.68    1124.87    33746.13 2.5141e+22    6.57   sub
1325   6   7   6  1.70e+22   8.880    0.0208544  0.0115498   1.1904     1.247  2.353e+21     1.138      1    0  1.1986e-18  9.6113e-19  6.2366e-20    1186.80    1412.75    42382.51 2.2062e+22    9.49   sub
1326   6   7   7  1.70e+22   9.050    0.0208544   0.014771   1.0308     1.183  2.140e+21     1.126      1    0  5.7031e-19  4.8199e-19  4.9208e-20    1736.98    1790.49    53714.66 2.0106e+22   13.79   sub
1327   6   7   8  1.70e+22   9.170    0.0208544  0.0188905   0.8946     1.137  1.841e+21     1.108      1    0  2.6594e-19  2.3392e-19  3.8468e-20    2560.39    2290.40    68712.08 1.8878e+22   20.19   sub
1328   6   7   9  1.70e+22   9.242    0.0208544   0.024159   0.7882     1.106  1.503e+21     1.088      1    0  1.3180e-19  1.1921e-19  3.0614e-20    3651.30    2878.04    86341.31 1.8180e+22   28.62   sub
1329   6   7  10  1.70e+22   9.290    0.0208544  0.0308968   0.6957     1.082  1.137e+21     1.067      1    0  6.4990e-20  6.0066e-20  2.4291e-20    5213.30    3627.09   108812.73 1.7739e+22   40.64   sub
1330   6   7  11  1.70e+22   9.323    0.0208544  0.0395137   0.6101     1.063  7.783e+20     1.046      0    0  3.0507e-20  2.8704e-20  1.8946e-20    7622.49    4650.49   139514.80 1.7447e+22   59.10   sub
1331   6   7  12  1.70e+22   9.342    0.0208544  0.0505338   0.5417     1.049  5.213e+20     1.031      0    1  1.5253e-20  1.4536e-20  1.5075e-20   10790.60    5844.76   175342.89 1.7282e+22   83.29   sub
1332   6   8   1  1.70e+22   7.089    0.0309281   0.003376   3.7714     4.299  4.013e+21     1.236      1    0  5.8493e-17  1.3608e-17  1.5391e-19     151.79     572.47    17174.05 8.3608e+22    1.21   sub
1333   6   8   2  1.70e+22   7.389    0.0309281 0.00431755   3.0567     2.982  3.976e+21     1.234      1    0  3.0259e-17  1.0147e-17  1.3378e-19     215.47     658.60    19758.08 6.1703e+22    1.50   sub
1334   6   8   3  1.70e+22   7.731    0.0309281 0.00552168   2.5125     2.254  3.918e+21     1.230      1    0  1.5279e-17  6.7789e-18  1.1306e-19     310.17     779.30    23378.94 4.6282e+22    1.96   sub
1335   6   8   4  1.70e+22   8.088    0.0309281 0.00706165   2.0902     1.827  3.826e+21     1.225      1    0  7.5432e-18  4.1277e-18  9.3360e-20     451.51     943.73    28312.02 3.5758e+22    2.69   sub
1336   6   8   5  1.70e+22   8.420    0.0309281 0.00903109   1.7614     1.568  3.685e+21     1.217      1    0  3.6835e-18  2.3491e-18  7.5880e-20     659.23    1161.14    34834.26 2.8853e+22    3.78   sub
1337   6   8   6  1.70e+22   8.705    0.0309281  0.0115498   1.4965     1.400  3.467e+21     1.204      1    0  1.7598e-18  1.2569e-18  6.0711e-20     969.77    1451.26    43537.87 2.4348e+22    5.43   sub
1338   6   8   7  1.70e+22   8.925    0.0309281   0.014771   1.2833     1.289  3.148e+21     1.185      1    0  8.3429e-19  6.4716e-19  4.8141e-20    1426.17    1830.18    54905.39 2.1515e+22    7.86   sub
1339   6   8   8  1.70e+22   9.077    0.0309281  0.0188905   1.1159     1.216  2.734e+21     1.161      1    0  4.0743e-19  3.3506e-19  3.8362e-20    2058.10    2296.70    68901.14 1.9821e+22   11.20   sub
1340   6   8   9  1.70e+22   9.183    0.0309281   0.024159   0.9735     1.163  2.218e+21     1.130      1    0  1.9634e-19  1.6884e-19  3.0349e-20    2982.03    2903.12    87093.73 1.8744e+22   16.06   sub
1341   6   8  10  1.70e+22   9.254    0.0309281  0.0308968   0.8514     1.124  1.654e+21     1.097      1    0  9.3680e-20  8.3368e-20  2.3879e-20    4333.76    3689.68   110690.31 1.8070e+22   23.12   sub
1342   6   8  11  1.70e+22   9.300    0.0309281  0.0395137   0.7456     1.094  1.134e+21     1.067      1    0  4.4279e-20  4.0462e-20  1.8700e-20    6319.16    4711.48   141344.50 1.7651e+22   33.44   sub
1343   6   8  12  1.70e+22   9.328    0.0309281  0.0505338   0.6566     1.073  7.434e+20     1.044      0    0  2.1352e-20  1.9901e-20  1.4723e-20    9113.71    5984.27   179528.05 1.7402e+22   47.89   sub
1344   6   8  13  1.70e+22   9.345    0.0309281  0.0646273   0.5845     1.058  4.893e+20     1.029      0    1  1.0858e-20  1.0267e-20  1.1785e-20   12791.57    7476.26   224287.92 1.7256e+22   66.86   sub
1345   6   9   1  1.70e+22   6.956    0.0458681   0.003376   5.2872     8.764  5.893e+21     1.347      1    0  7.2284e-17  8.2473e-18  1.2320e-19     135.26     715.16    21454.91 9.8213e+22    1.02   sub
1346   6   9   2  1.70e+22   7.200    0.0458681 0.00431755   4.1801     5.262  5.841e+21     1.344      1    0  3.9441e-17  7.4949e-18  1.1314e-19     186.29     778.74    23362.06 7.4155e+22    1.13   sub
1347   6   9   3  1.70e+22   7.500    0.0458681 0.00552168   3.3586     3.485  5.755e+21     1.339      1    0  2.0699e-17  5.9401e-18  9.9947e-20     262.47     881.54    26446.10 5.5890e+22    1.35   sub
1348   6   9   4  1.70e+22   7.833    0.0458681 0.00706165   2.7498     2.545  5.620e+21     1.331      1    0  1.0641e-17  4.1813e-18  8.5653e-20     374.09    1028.65    30859.55 4.2867e+22    1.71   sub
1349   6   9   5  1.70e+22   8.179    0.0458681 0.00903109   2.2748     2.000  5.409e+21     1.318      1    0  5.2639e-18  2.6317e-18  7.1263e-20     543.52    1236.36    37090.92 3.3646e+22    2.31   sub
1350   6   9   6  1.70e+22   8.500    0.0458681  0.0115498   1.9051     1.674  5.084e+21     1.299      1    0  2.5441e-18  1.5196e-18  5.8029e-20     796.99    1518.33    45549.83 2.7477e+22    3.21   sub
1351   6   9   7  1.70e+22   8.758    0.0458681   0.014771   1.6242     1.477  4.631e+21     1.272      1    0  1.2477e-18  8.4489e-19  4.6957e-20    1155.21    1876.33    56289.82 2.3618e+22    4.51   sub
1352   6   9   8  1.70e+22   8.963    0.0458681  0.0188905   1.3910     1.343  3.996e+21     1.235      1    0  5.9289e-19  4.4157e-19  3.7362e-20    1695.33    2358.22    70746.62 2.1079e+22    6.46   sub
1353   6   9   9  1.70e+22   9.103    0.0458681   0.024159   1.2074     1.255  3.246e+21     1.191      1    0  2.8865e-19  2.3009e-19  2.9800e-20    2448.70    2956.60    88698.10 1.9546e+22    9.16   sub
1354   6   9  10  1.70e+22   9.201    0.0458681  0.0308968   1.0517     1.191  2.427e+21     1.143      1    0  1.3862e-19  1.1639e-19  2.3583e-20    3552.43    3736.04   112081.10 1.8572e+22   13.08   sub
1355   6   9  11  1.70e+22   9.266    0.0458681  0.0395137   0.9171     1.144  1.665e+21     1.098      1    0  6.5377e-20  5.7144e-20  1.8506e-20    5191.13    4760.88   142826.40 1.7957e+22   18.87   sub
1356   6   9  12  1.70e+22   9.306    0.0458681  0.0505338   0.8078     1.111  1.104e+21     1.065      1    0  3.2044e-20  2.8840e-20  1.4678e-20    7430.63    6002.83   180084.85 1.7597e+22   26.73   sub
1357   6   9  13  1.70e+22   9.331    0.0458681  0.0646273   0.7121     1.086  7.074e+20     1.042      0    0  1.5576e-20  1.4344e-20  1.1594e-20   10672.48    7599.36   227980.85 1.7370e+22   38.06   sub
1358   6   9  14  1.70e+22   9.349    0.0458681  0.0826515   0.6214     1.065  4.277e+20     1.025      0    1  7.0785e-21  6.6454e-21  8.9481e-21   15846.28    9846.40   295391.93 1.7220e+22   56.07   sub
1359   6   9  15  1.70e+22   9.358    0.0458681   0.105703   0.5564     1.052  2.813e+20     1.017      0    1  3.7125e-21  3.5285e-21  7.2335e-21   21891.26   12180.49   365414.71 1.7143e+22   77.06   sub
1360   6  10   1  1.70e+22   6.874    0.0680248   0.003376   7.8414    22.765  8.559e+21     1.503      1    0  8.3257e-17  3.6573e-18  8.9679e-20     125.29     982.48    29474.27 1.0980e+23    1.02 super
1361   6  10   2  1.70e+22   7.075    0.0680248 0.00431755   5.9433    11.525  8.490e+21     1.499      1    0  4.7285e-17  4.1028e-18  8.7894e-20     168.67    1002.43    30072.77 8.4922e+22    1.00   sub
1362   6  10   3  1.70e+22   7.318    0.0680248 0.00552168   4.6656     6.630  8.374e+21     1.493      1    0  2.6606e-17  4.0133e-18  8.2583e-20     228.67    1066.90    32006.89 6.5937e+22    1.07   sub
1363   6  10   4  1.70e+22   7.613    0.0680248 0.00706165   3.7160     4.180  8.179e+21     1.481      1    0  1.4221e-17  3.4017e-18  7.4318e-20     319.04    1185.54    35566.33 5.0845e+22    1.23   sub
1364   6  10   5  1.70e+22   7.938    0.0680248 0.00903109   3.0157     2.920  7.873e+21     1.463      1    0  7.3515e-18  2.5180e-18  6.4481e-20     453.10    1366.40    40992.08 3.9690e+22    1.52   sub
1365   6  10   6  1.70e+22   8.266    0.0680248  0.0115498   2.4871     2.225  7.411e+21     1.436      1    0  3.6911e-18  1.6588e-18  5.4292e-20     652.50    1622.85    48685.48 3.1794e+22    1.99   sub
1366   6  10   7  1.70e+22   8.565    0.0680248   0.014771   2.0803     1.819  6.738e+21     1.396      1    0  1.8103e-18  9.9535e-19  4.4657e-20     948.42    1972.98    59189.50 2.6426e+22    2.71   sub
1367   6  10   8  1.70e+22   8.809    0.0680248  0.0188905   1.7664     1.572  5.840e+21     1.344      1    0  8.8456e-19  5.6283e-19  3.6250e-20    1375.97    2430.54    72916.18 2.2954e+22    3.76   sub
1368   6  10   9  1.70e+22   8.998    0.0680248   0.024159   1.5103     1.408  4.712e+21     1.277      1    0  4.2153e-19  2.9937e-19  2.8959e-20    2014.53    3042.49    91274.56 2.0683e+22    5.32   sub
1369   6  10  10  1.70e+22   9.129    0.0680248  0.0308968   1.3052     1.300  3.521e+21     1.207      1    0  2.0227e-19  1.5564e-19  2.3045e-20    2929.35    3823.28   114698.33 1.9281e+22    7.54   sub
1370   6  10  11  1.70e+22   9.218    0.0680248  0.0395137   1.1346     1.224  2.435e+21     1.143      1    0  9.6698e-20  7.9030e-20  1.8241e-20    4257.37    4830.22   144906.73 1.8405e+22   10.74   sub
1371   6  10  12  1.70e+22   9.276    0.0680248  0.0505338   0.9933     1.170  1.608e+21     1.095      1    0  4.6835e-20  4.0038e-20  1.4456e-20    6136.33    6094.95   182848.40 1.7872e+22   15.22   sub
1372   6  10  13  1.70e+22   9.313    0.0680248  0.0646273   0.8685     1.129  1.014e+21     1.060      1    0  2.2123e-20  1.9598e-20  1.1339e-20    8946.54    7770.16   233104.91 1.7531e+22   21.89   sub
1373   6  10  14  1.70e+22   9.337    0.0680248  0.0826515   0.7607     1.098  6.276e+20     1.037      0    0  1.0401e-20  9.4703e-21  8.8660e-21   13064.24    9937.66   298129.78 1.7322e+22   31.61   sub
1374   6  10  15  1.70e+22   9.350    0.0680248   0.105703   0.6755     1.077  4.026e+20     1.024      0    1  5.2431e-21  4.8674e-21  7.0837e-21   18413.84   12437.93   373137.82 1.7205e+22   44.19   sub
1375   6  10  16  1.70e+22   9.359    0.0680248   0.135182   0.5972     1.060  2.518e+20     1.015      0    1  2.5600e-21  2.4148e-21  5.5956e-21   26364.57   15745.65   472369.61 1.7127e+22   62.83   sub
1376   6  10  17  1.70e+22   9.365    0.0680248   0.172884   0.5256     1.046  1.537e+20     1.009      0    1  1.2102e-21  1.1565e-21  4.3701e-21   38357.62   20161.21   604836.18 1.7077e+22   90.87   sub
1377   6  11   1  1.70e+22   6.827     0.100884   0.003376  12.5337    73.584  1.208e+22     1.710      1    0  9.1239e-17  1.2399e-18  5.8937e-20     119.27    1494.95    44848.40 1.1786e+23    1.16  deep
1378   6  11   2  1.70e+22   6.992     0.100884 0.00431755   9.1086    33.174  1.206e+22     1.709      1    0  5.4293e-17  1.6366e-18  6.1819e-20     156.47    1425.25    42757.45 9.3837e+22    1.05 super
1379   6  11   3  1.70e+22   7.207     0.100884 0.00552168   6.7269    15.557  1.192e+22     1.701      1    0  3.0845e-17  1.9826e-18  6.2143e-20     210.77    1417.81    42534.24 7.3593e+22    1.00 super
1380   6  11   4  1.70e+22   7.453     0.100884 0.00706165   5.1977     8.429  1.167e+22     1.687      1    0  1.7523e-17  2.0789e-18  5.9610e-20     284.37    1478.06    44341.90 5.8224e+22    1.03   sub
1381   6  11   5  1.70e+22   7.734     0.100884 0.00903109   4.1229     5.117  1.126e+22     1.662      1    0  9.6609e-18  1.8878e-18  5.4776e-20     390.14    1608.50    48255.09 4.6185e+22    1.14   sub
1382   6  11   6  1.70e+22   8.049     0.100884  0.0115498   3.3120     3.402  1.060e+22     1.623      1    0  5.0176e-18  1.4749e-18  4.8170e-20     552.27    1829.10    54872.95 3.6715e+22    1.37   sub
1383   6  11   7  1.70e+22   8.354     0.100884   0.014771   2.7250     2.513  9.658e+21     1.568      1    0  2.5689e-18  1.0224e-18  4.1121e-20     786.30    2142.63    64278.91 3.0061e+22    1.74   sub
1384   6  11   8  1.70e+22   8.633     0.100884  0.0188905   2.2697     1.995  8.363e+21     1.492      1    0  1.2669e-18  6.3497e-19  3.4103e-20    1138.25    2583.53    77505.94 2.5379e+22    2.31   sub
1385   6  11   9  1.70e+22   8.864     0.100884   0.024159   1.9132     1.681  6.752e+21     1.397      1    0  6.0915e-19  3.6248e-19  2.7686e-20    1663.34    3182.36    95470.78 2.2251e+22    3.19   sub
1386   6  11  10  1.70e+22   9.031     0.100884  0.0308968   1.6418     1.488  5.095e+21     1.300      1    0  2.9887e-19  2.0086e-19  2.2390e-20    2396.85    3935.15   118054.63 2.0316e+22    4.40   sub
1387   6  11  11  1.70e+22   9.153     0.100884  0.0395137   1.4132     1.354  3.527e+21     1.207      1    0  1.4200e-19  1.0485e-19  1.7810e-20    3500.67    4947.01   148410.43 1.9044e+22    6.22   sub
1388   6  11  12  1.70e+22   9.232     0.100884  0.0505338   1.2310     1.265  2.347e+21     1.138      1    0  6.9197e-20  5.4699e-20  1.4211e-20    5036.48    6200.07   186002.11 1.8277e+22    8.72   sub
1389   6  11  13  1.70e+22   9.284     0.100884  0.0646273   1.0763     1.200  1.509e+21     1.089      1    0  3.3501e-20  2.7908e-20  1.1278e-20    7258.85    7812.57   234376.97 1.7792e+22   12.31   sub
1390   6  11  14  1.70e+22   9.318     0.100884  0.0826515   0.9414     1.152  9.440e+20     1.056      1    0  1.5943e-20  1.3839e-20  8.8783e-21   10541.63    9923.88   297716.53 1.7486e+22   17.58   sub
1391   6  11  15  1.70e+22   9.339     0.100884   0.105703   0.8280     1.117  5.910e+20     1.035      0    1  7.7158e-21  6.9085e-21  7.0142e-21   15170.21   12561.29   376838.72 1.7301e+22   24.97   sub
1392   6  11  16  1.70e+22   9.353     0.100884   0.135182   0.7284     1.090  3.655e+20     1.022      0    1  3.6967e-21  3.3916e-21  5.5155e-21   21932.31   15974.42   479232.61 1.7185e+22   35.71   sub
1393   6  11  17  1.70e+22   9.361     0.100884   0.172884   0.6354     1.068  2.171e+20     1.013      0    1  1.6742e-21  1.5673e-21  4.2528e-21   32605.22   20717.26   621517.88 1.7109e+22   52.60   sub
1394   6  11  18  1.70e+22   9.366     0.100884     0.2211   0.5707     1.055  1.433e+20     1.008      0    1  8.9321e-22  8.4675e-22  3.4577e-21   44649.46   25481.50   764445.08 1.7072e+22   71.62   sub
1395   6  12   1  1.70e+22   6.798     0.149617   0.003376  21.3092   256.318  1.589e+22     1.935      1    0  9.7723e-17  3.8126e-19  3.5953e-20     115.00    2450.64    73519.15 1.2347e+23    1.41  deep
1396   6  12   2  1.70e+22   6.961     0.149617 0.00431755  14.4844   104.615  1.617e+22     1.951      1    0  5.6231e-17  5.3751e-19  3.9650e-20     153.41    2222.10    66663.14 9.7573e+22    1.23  deep
1397   6  12   3  1.70e+22   7.133     0.149617 0.00552168  10.4932    47.336  1.620e+22     1.953      1    0  3.4404e-17  7.2679e-19  4.2289e-20     198.55    2083.43    62503.00 7.9550e+22    1.10 super
1398   6  12   4  1.70e+22   7.341     0.149617 0.00706165   7.7615    22.188  1.601e+22     1.942      1    0  2.0495e-17  9.2370e-19  4.3502e-20     260.95    2025.37    60760.97 6.4517e+22    1.01 super
1399   6  12   5  1.70e+22   7.594     0.149617 0.00903109   5.8381    11.046  1.550e+22     1.912      1    0  1.1541e-17  1.0449e-18  4.2669e-20     353.70    2064.89    61946.83 5.1643e+22    1.00   sub
1400   6  12   6  1.70e+22   7.862     0.149617  0.0115498   4.5894     6.398  1.468e+22     1.864      1    0  6.4882e-18  1.0141e-18  3.9996e-20     479.99    2202.91    66087.16 4.1933e+22    1.07   sub
1401   6  12   7  1.70e+22   8.160     0.149617   0.014771   3.6561     4.056  1.340e+22     1.788      1    0  3.4171e-18  8.4255e-19  3.5765e-20     673.81    2463.49    73904.68 3.4068e+22    1.24   sub
1402   6  12   8  1.70e+22   8.442     0.149617  0.0188905   2.9938     2.887  1.169e+22     1.688      1    0  1.7752e-18  6.1497e-19  3.0951e-20     950.86    2846.66    85399.87 2.8458e+22    1.53   sub
1403   6  12   9  1.70e+22   8.698     0.149617   0.024159   2.4859     2.224  9.550e+21     1.562      1    0  8.8728e-19  3.9900e-19  2.5961e-20    1365.24    3393.85   101815.55 2.4438e+22    1.99   sub
1404   6  12  10  1.70e+22   8.906     0.149617  0.0308968   2.0959     1.832  7.239e+21     1.426      1    0  4.3596e-19  2.3791e-19  2.1331e-20    1970.80    4130.55   123916.59 2.1741e+22    2.67   sub
1405   6  12  11  1.70e+22   9.062     0.149617  0.0395137   1.7879     1.587  5.099e+21     1.300      1    0  2.1158e-19  1.3333e-19  1.7268e-20    2853.66    5102.18   153065.54 1.9980e+22    3.66   sub
1406   6  12  12  1.70e+22   9.174     0.149617  0.0505338   1.5347     1.422  3.367e+21     1.198      1    0  1.0044e-19  7.0619e-20  1.3777e-20    4167.17    6395.36   191860.66 1.8839e+22    5.13   sub
1407   6  12  13  1.70e+22   9.246     0.149617  0.0646273   1.3340     1.314  2.183e+21     1.128      1    0  4.8867e-20  3.7198e-20  1.1012e-20    5997.67    8000.81   240024.31 1.8149e+22    7.15   sub
1408   6  12  14  1.70e+22   9.294     0.149617  0.0826515   1.1604     1.234  1.369e+21     1.081      1    0  2.3201e-20  1.8797e-20  8.7003e-21    8727.06   10126.89   303806.71 1.7705e+22   10.13   sub
1409   6  12  15  1.70e+22   9.324     0.149617   0.105703   1.0144     1.177  8.514e+20     1.050      1    0  1.1073e-20  9.4051e-21  6.8643e-21   12653.41   12835.46   385063.73 1.7433e+22   14.39   sub
1410   6  12  16  1.70e+22   9.344     0.149617   0.135182   0.8860     1.134  5.191e+20     1.031      0    1  5.1766e-21  4.5640e-21  5.3678e-21   18525.19   16414.07   492421.97 1.7262e+22   20.73   sub
1411   6  12  17  1.70e+22   9.355     0.149617   0.172884   0.7838     1.104  3.279e+20     1.019      0    1  2.5703e-21  2.3272e-21  4.2733e-21   26305.81   20617.90   618536.88 1.7165e+22   29.08   sub
1412   6  12  18  1.70e+22   9.362     0.149617     0.2211   0.6939     1.082  2.062e+20     1.012      0    1  1.2720e-21  1.1761e-21  3.3944e-21   37408.73   25956.20   778686.03 1.7103e+22   40.95   sub
1413   6  13   1  1.70e+22   6.764      0.22189   0.003376  37.6742   852.888  1.852e+22     2.089      1    0  1.0958e-16  1.2848e-19  2.1588e-20     108.33    4081.31   122439.37 1.3079e+23    1.62  deep
1414   6  13   2  1.70e+22   6.921      0.22189 0.00431755  25.3599   375.459  1.941e+22     2.142      1    0  6.1806e-17  1.6462e-19  2.3810e-20     145.91    3700.38   111011.45 1.0282e+23    1.48  deep
1415   6  13   3  1.70e+22   7.073      0.22189 0.00552168  18.1893   178.948  1.996e+22     2.174      1    0  3.8882e-17  2.1728e-19  2.6047e-20     185.97    3382.60   101477.94 8.5166e+22    1.33  deep
1416   6  13   4  1.70e+22   7.283      0.22189 0.00706165  12.2637    69.744  2.021e+22     2.189      1    0  2.2049e-17  3.1614e-19  2.8667e-20     250.61    3073.42    92202.48 6.8147e+22    1.16  deep
1417   6  13   5  1.70e+22   7.493      0.22189 0.00903109   8.9235    31.503  1.995e+22     2.173      1    0  1.3260e-17  4.2091e-19  3.0123e-20     327.78    2924.93    87747.82 5.6230e+22    1.05 super
1418   6  13   6  1.70e+22   7.739      0.22189  0.0115498   6.6158    14.935  1.909e+22     2.123      1    0  7.5885e-18  5.0810e-19  3.0244e-20     440.34    2913.19    87395.78 4.6010e+22    1.00 super
1419   6  13   7  1.70e+22   8.002      0.22189   0.014771   5.0993     8.072  1.762e+22     2.036      1    0  4.2473e-18  5.2620e-19  2.8868e-20     598.51    3052.02    91560.71 3.7932e+22    1.03   sub
1420   6  13   8  1.70e+22   8.268      0.22189  0.0188905   4.0652     4.975  1.555e+22     1.915      1    0  2.3286e-18  4.6809e-19  2.6379e-20     821.63    3340.07   100202.19 3.1744e+22    1.15   sub
1421   6  13   9  1.70e+22   8.532      0.22189   0.024159   3.2953     3.373  1.288e+22     1.757      1    0  1.2117e-18  3.5924e-19  2.3109e-20    1157.00    3812.69   114380.61 2.6953e+22    1.37   sub
1422   6  13  10  1.70e+22   8.762      0.22189  0.0308968   2.7293     2.518  9.951e+21     1.585      1    0  6.1694e-19  2.4498e-19  1.9645e-20    1643.26    4484.96   134548.83 2.3561e+22    1.73   sub
1423   6  13  11  1.70e+22   8.953      0.22189  0.0395137   2.2877     2.013  7.115e+21     1.419      1    0  3.0278e-19  1.5041e-19  1.6244e-20    2371.02    5424.11   162723.23 2.1192e+22    2.28   sub
1424   6  13  12  1.70e+22   9.095      0.22189  0.0505338   1.9427     1.704  4.797e+21     1.282      1    0  1.4653e-19  8.6007e-20  1.3203e-20    3435.15    6673.37   200201.11 1.9637e+22    3.09   sub
1425   6  13  13  1.70e+22   9.192      0.22189  0.0646273   1.6723     1.508  3.144e+21     1.185      1    0  7.1579e-20  4.7475e-20  1.0663e-20    4941.20    8263.05   247891.62 1.8661e+22    4.23   sub
1426   6  13  14  1.70e+22   9.258      0.22189  0.0826515   1.4472     1.373  2.000e+21     1.118      1    0  3.4467e-20  2.5110e-20  8.5194e-21    7146.31   10341.96   310258.65 1.8032e+22    5.88   sub
1427   6  13  15  1.70e+22   9.302      0.22189   0.105703   1.2578     1.277  1.250e+21     1.074      1    0  1.6453e-20  1.2882e-20  6.7565e-21   10367.44   13040.42   391212.57 1.7636e+22    8.26   sub
1428   6  13  16  1.70e+22   9.328      0.22189   0.135182   1.1023     1.211  7.854e+20     1.046      0    0  8.0232e-21  6.6277e-21  5.3761e-21   14868.04   16388.62   491658.56 1.7397e+22   11.57   sub
1429   6  13  17  1.70e+22   9.346      0.22189   0.172884   0.9660     1.160  4.860e+20     1.029      0    1  3.8475e-21  3.3160e-21  4.2442e-21   21490.22   20759.20   622776.13 1.7245e+22   16.40   sub
1430   6  13  18  1.70e+22   9.357      0.22189     0.2211   0.8480     1.123  2.991e+20     1.018      0    1  1.8386e-21  1.6377e-21  3.3403e-21   31105.38   26376.83   791304.86 1.7150e+22   23.38   sub
1431   6  14   1  1.70e+22   6.789     0.329075   0.003376  55.3631  1801.844  2.016e+22     2.186      1    0  9.7934e-17  5.4352e-20  1.3862e-20     114.81    6355.96   190678.85 1.2529e+23    1.69  deep
1432   6  14   2  1.70e+22   6.914     0.329075 0.00431755  41.3911  1027.880  2.111e+22     2.242      1    0  6.2314e-17  6.0624e-20  1.4656e-20     145.24    6011.67   180350.06 1.0387e+23    1.65  deep
1433   6  14   3  1.70e+22   7.035     0.329075 0.00552168  31.8004   604.734  2.189e+22     2.288      1    0  4.2425e-17  7.0156e-20  1.5604e-20     177.56    5646.38   169391.43 8.9010e+22    1.57  deep
1434   6  14   4  1.70e+22   7.240     0.329075 0.00706165  20.9583   246.971  2.280e+22     2.341      1    0  2.3767e-17  9.6234e-20  1.7469e-20     240.66    5043.74   151312.19 7.1163e+22    1.40  deep
1435   6  14   5  1.70e+22   7.454     0.329075 0.00903109  14.1547    98.969  2.307e+22     2.357      1    0  1.3736e-17  1.3879e-19  1.9378e-20     321.22    4546.71   136401.35 5.8164e+22    1.22  deep
1436   6  14   6  1.70e+22   7.653     0.329075  0.0115498  10.3305    45.519  2.265e+22     2.332      1    0  8.5300e-18  1.8740e-19  2.0650e-20     413.02    4266.68   128000.40 4.9221e+22    1.09 super
1437   6  14   7  1.70e+22   7.892     0.329075   0.014771   7.5249    20.536  2.134e+22     2.255      1    0  4.9195e-18  2.3955e-19  2.1201e-20     552.27    4155.73   124671.92 4.1041e+22    1.01 super
1438   6  14   8  1.70e+22   8.135     0.329075  0.0188905   5.7433    10.626  1.920e+22     2.129      1    0  2.8102e-18  2.6447e-19  2.0678e-20     741.89    4260.86   127825.94 3.4635e+22    1.01   sub
1439   6  14   9  1.70e+22   8.379     0.329075   0.024159   4.5327     6.230  1.635e+22     1.962      1    0  1.5625e-18  2.5080e-19  1.9250e-20    1009.76    4576.90   137306.86 2.9585e+22    1.08   sub
1440   6  14  10  1.70e+22   8.620     0.329075  0.0308968   3.6416     4.026  1.294e+22     1.761      1    0  8.2087e-19  2.0389e-19  1.7123e-20    1412.95    5145.39   154361.81 2.5585e+22    1.25   sub
1441   6  14  11  1.70e+22   8.825     0.329075  0.0395137   3.0052     2.904  9.633e+21     1.567      1    0  4.2561e-19  1.4657e-19  1.4766e-20    1985.48    5966.76   179002.74 2.2747e+22    1.53   sub
1442   6  14  12  1.70e+22   8.994     0.329075  0.0505338   2.5115     2.253  6.704e+21     1.394      1    0  2.1213e-19  9.4162e-20  1.2356e-20    2839.25    7130.78   213923.32 2.0721e+22    1.96   sub
1443   6  14  13  1.70e+22   9.120     0.329075  0.0646273   2.1323     1.865  4.481e+21     1.264      1    0  1.0497e-19  5.6281e-20  1.0167e-20    4064.19    8666.25   259987.50 1.9381e+22    2.59   sub
1444   6  14  14  1.70e+22   9.209     0.329075  0.0826515   1.8247     1.613  2.886e+21     1.170      1    0  5.0808e-20  3.1490e-20  8.2253e-21    5870.38   10711.72   321351.59 1.8494e+22    3.51   sub
1445   6  14  15  1.70e+22   9.269     0.329075   0.105703   1.5737     1.446  1.822e+21     1.107      1    0  2.4406e-20  1.6883e-20  6.5887e-21    8497.70   13372.52   401175.61 1.7929e+22    4.84   sub
1446   6  14  16  1.70e+22   9.308     0.329075   0.135182   1.3660     1.330  1.138e+21     1.067      1    0  1.1710e-20  8.8060e-21  5.2466e-21   12293.53   16793.11   503793.19 1.7576e+22    6.75   sub
1447   6  14  17  1.70e+22   9.333     0.329075   0.172884   1.1924     1.248  7.084e+20     1.042      0    0  5.6418e-21  4.5208e-21  4.1664e-21   17734.76   21146.91   634407.16 1.7357e+22    9.45   sub
1448   6  14  18  1.70e+22   9.349     0.329075     0.2211   1.0435     1.188  4.378e+20     1.026      0    1  2.7037e-21  2.2760e-21  3.2931e-21   25639.76   26754.75   802642.38 1.7220e+22   13.36   sub
1449   6  15   3  1.70e+22   7.027     0.488036 0.00552168  51.2080  1553.085  2.285e+22     2.344      1    0  4.2964e-17  2.7664e-20  9.7574e-21     176.33    9029.76   270892.83 8.9908e+22    1.68  deep
1450   6  15   4  1.70e+22   7.199     0.488036 0.00706165  36.6388   806.578  2.387e+22     2.404      1    0  2.6069e-17  3.2320e-20  1.0495e-20     229.13    8395.04   251851.15 7.4233e+22    1.61  deep
1451   6  15   5  1.70e+22   7.406     0.488036 0.00903109  24.7220   355.355  2.458e+22     2.446      1    0  1.5030e-17  4.2295e-20  1.1644e-20     306.08    7566.80   227003.99 6.0750e+22    1.47  deep
1452   6  15   6  1.70e+22   7.589     0.488036  0.0115498  17.6748   167.458  2.461e+22     2.448      1    0  9.4842e-18  5.6636e-20  1.2780e-20     390.05    6894.13   206823.98 5.1839e+22    1.32  deep
1453   6  15   7  1.70e+22   7.834     0.488036   0.014771  11.7468    62.702  2.365e+22     2.391      1    0  5.2562e-18  8.3828e-20  1.4090e-20     532.32    6252.97   187589.22 4.2829e+22    1.14 super
1454   6  15   8  1.70e+22   8.041     0.488036  0.0188905   8.6827    29.406  2.193e+22     2.290      1    0  3.2052e-18  1.0900e-19  1.4693e-20     690.64    5996.61   179898.25 3.6924e+22    1.04 super
1455   6  15   9  1.70e+22   8.266     0.488036   0.024159   6.5330    14.482  1.924e+22     2.132      1    0  1.8543e-18  1.2804e-19  1.4649e-20     920.62    6014.38   180431.43 3.1789e+22    1.00 super
1456   6  15  10  1.70e+22   8.494     0.488036  0.0308968   5.0552     7.915  1.581e+22     1.930      1    0  1.0243e-18  1.2941e-19  1.3880e-20    1255.68    6347.71   190431.20 2.7568e+22    1.03   sub
1457   6  15  11  1.70e+22   8.700     0.488036  0.0395137   4.0626     4.968  1.228e+22     1.722      1    0  5.5964e-19  1.1264e-19  1.2615e-20    1719.22    6984.44   209533.09 2.4413e+22    1.15   sub
1458   6  15  12  1.70e+22   8.886     0.488036  0.0505338   3.3151     3.407  8.882e+21     1.522      1    0  2.8953e-19  8.4968e-20  1.1002e-20    2415.69    8008.14   240244.07 2.1978e+22    1.37   sub
1459   6  15  13  1.70e+22   9.035     0.488036  0.0646273   2.7634     2.563  6.128e+21     1.360      1    0  1.4728e-19  5.7464e-20  9.3359e-21    3415.15    9437.40   283122.07 2.0277e+22    1.70   sub
1460   6  15  14  1.70e+22   9.148     0.488036  0.0826515   2.3291     2.055  4.034e+21     1.237      1    0  7.2453e-20  3.5258e-20  7.7211e-21    4899.48   11411.14   342334.33 1.9096e+22    2.21   sub
1461   6  15  15  1.70e+22   9.227     0.488036   0.105703   1.9883     1.741  2.596e+21     1.153      1    0  3.5403e-20  2.0338e-20  6.2951e-21    7039.26   13996.23   419887.04 1.8327e+22    2.95   sub
1462   6  15  16  1.70e+22   9.279     0.488036   0.135182   1.7158     1.537  1.654e+21     1.097      1    0  1.7350e-20  1.1290e-20  5.0922e-21   10083.89   17302.22   519066.72 1.7838e+22    4.00   sub
1463   6  15  17  1.70e+22   9.315     0.488036   0.172884   1.4843     1.393  1.029e+21     1.061      1    0  8.2945e-21  5.9534e-21  4.0624e-21   14612.05   21688.57   650656.96 1.7518e+22    5.54   sub
1464   6  15  18  1.70e+22   9.337     0.488036     0.2211   1.2894     1.292  6.343e+20     1.037      0    1  3.9366e-21  3.0468e-21  3.2178e-21   21235.99   27381.40   821442.11 1.7318e+22    7.77   sub
1465   6  16   4  1.70e+22   7.227     0.723783 0.00706165  54.5731  1753.363  2.469e+22     2.453      1    0  2.3802e-17  1.3575e-20  6.7194e-21     240.27   13112.42   393372.45 7.2073e+22    1.69  deep
1466   6  16   5  1.70e+22   7.395     0.723783 0.00903109  40.4782   983.650  2.535e+22     2.491      1    0  1.5180e-17  1.5433e-20  7.1521e-21     304.34   12319.03   369570.88 6.1331e+22    1.64  deep
1467   6  16   6  1.70e+22   7.572     0.723783  0.0115498  29.4505   515.677  2.555e+22     2.503      1    0  9.6594e-18  1.8731e-20  7.7494e-21     386.05   11369.46   341083.73 5.2597e+22    1.54  deep
1468   6  16   7  1.70e+22   7.771     0.723783   0.014771  20.5393   236.022  2.505e+22     2.474      1    0  5.8837e-18  2.4928e-20  8.5604e-21     501.11   10292.42   308772.64 4.4903e+22    1.39  deep
1469   6  16   8  1.70e+22   7.994     0.723783  0.0188905  13.8809    94.403  2.349e+22     2.382      1    0  3.3888e-18  3.5897e-20  9.4779e-21     669.70    9296.09   278882.75 3.8153e+22    1.21  deep
1470   6  16   9  1.70e+22   8.198     0.723783   0.024159   9.9722    41.661  2.115e+22     2.244      1    0  2.0280e-18  4.8679e-20  1.0078e-20     876.70    8742.64   262279.06 3.3214e+22    1.08 super
1471   6  16  10  1.70e+22   8.398     0.723783  0.0308968   7.4623    20.113  1.815e+22     2.068      1    0  1.2028e-18  5.9803e-20  1.0248e-20    1152.11    8597.45   257923.47 2.9249e+22    1.01 super
1472   6  16  11  1.70e+22   8.599     0.723783  0.0395137   5.7168    10.511  1.461e+22     1.859      1    0  6.7772e-19  6.4480e-20  9.9229e-21    1553.17    8879.15   266374.36 2.5895e+22    1.01   sub
1473   6  16  12  1.70e+22   8.780     0.723783  0.0505338   4.5473     6.273  1.116e+22     1.656      1    0  3.7536e-19  5.9836e-20  9.1875e-21    2108.90    9589.88   287696.33 2.3320e+22    1.08   sub
1474   6  16  13  1.70e+22   8.943     0.723783  0.0646273   3.6838     4.113  7.997e+21     1.470      1    0  1.9744e-19  4.8004e-20  8.1502e-21    2934.54   10810.36   324310.72 2.1308e+22    1.24   sub
1475   6  16  14  1.70e+22   9.073     0.723783  0.0826515   3.0481     2.969  5.479e+21     1.322      1    0  1.0119e-19  3.4083e-20  7.0007e-21    4128.92   12585.41   377562.29 1.9861e+22    1.50   sub
1476   6  16  15  1.70e+22   9.173     0.723783   0.105703   2.5571     2.306  3.608e+21     1.212      1    0  5.0318e-20  2.1823e-20  5.8527e-21    5887.14   15054.18   451625.28 1.8849e+22    1.91   sub
1477   6  16  16  1.70e+22   9.241     0.723783   0.135182   2.1817     1.911  2.348e+21     1.138      1    0  2.5134e-20  1.3156e-20  4.8302e-21    8360.91   18240.74   547222.10 1.8190e+22    2.48   sub
1478   6  16  17  1.70e+22   9.289     0.723783   0.172884   1.8685     1.646  1.480e+21     1.087      1    0  1.2124e-20  7.3655e-21  3.9069e-21   12069.44   22551.64   676549.23 1.7746e+22    3.34   sub
1479   6  16  18  1.70e+22   9.321     0.723783     0.2211   1.6156     1.471  9.290e+20     1.055      1    0  5.8761e-21  3.9936e-21  3.1404e-21   17365.88   28055.90   841676.99 1.7467e+22    4.56   sub
1480   6  17   6  1.70e+22   7.560      1.07341  0.0115498  47.8180  1361.641  2.605e+22     2.532      1    0  9.8107e-18  7.2051e-21  4.8137e-21     382.77   18303.27   549098.08 5.3110e+22    1.67  deep
1481   6  17   7  1.70e+22   7.747      1.07341   0.014771  34.6068   718.847  2.571e+22     2.513      1    0  6.1136e-18  8.5048e-21  5.1869e-21     490.84   16986.45   509593.53 4.5727e+22    1.60  deep
1482   6  17   8  1.70e+22   7.951      1.07341  0.0188905  23.9364   331.277  2.449e+22     2.441      1    0  3.6528e-18  1.1026e-20  5.7218e-21     643.31   15398.46   461953.69 3.9331e+22    1.46  deep
1483   6  17   9  1.70e+22   8.130      1.07341   0.024159  17.1926   157.025  2.265e+22     2.333      1    0  2.3049e-18  1.4679e-20  6.2579e-21     818.91   14079.22   422376.70 3.4758e+22    1.31  deep
1484   6  17  10  1.70e+22   8.339      1.07341  0.0308968  11.7732    63.053  1.966e+22     2.156      1    0  1.3160e-18  2.0872e-20  6.8180e-21    1097.63   12922.61   387678.44 3.0336e+22    1.14 super
1485   6  17  11  1.70e+22   8.531      1.07341  0.0395137   8.5112    27.967  1.629e+22     1.958      1    0  7.5945e-19  2.7155e-20  7.0836e-21    1461.39   12438.17   373145.05 2.6968e+22    1.03 super
1486   6  17  12  1.70e+22   8.698      1.07341  0.0505338   6.5289    14.460  1.303e+22     1.767      1    0  4.4599e-19  3.0842e-20  7.0080e-21    1925.64   12572.35   377170.49 2.4440e+22    1.00 super
1487   6  17  13  1.70e+22   8.861      1.07341  0.0646273   5.0925     8.047  9.764e+21     1.574      1    0  2.4545e-19  3.0501e-20  6.6039e-21    2619.84   13341.57   400247.10 2.2293e+22    1.03   sub
1488   6  17  14  1.70e+22   8.995      1.07341  0.0826515   4.1218     5.115  7.065e+21     1.416      1    0  1.3415e-19  2.6227e-20  5.9866e-21    3570.61   14717.42   441522.48 2.0709e+22    1.14   sub
1489   6  17  15  1.70e+22   9.110      1.07341   0.105703   3.3772     3.518  4.829e+21     1.284      1    0  6.9135e-20  1.9652e-20  5.2124e-21    5005.20   16903.40   507102.05 1.9483e+22    1.34   sub
1490   6  17  16  1.70e+22   9.196      1.07341   0.135182   2.8185     2.637  3.199e+21     1.188      1    0  3.4853e-20  1.3218e-20  4.4137e-21    7082.55   19962.20   598866.13 1.8625e+22    1.66   sub
1491   6  17  17  1.70e+22   9.256      1.07341   0.172884   2.3921     2.121  2.088e+21     1.123      1    0  1.7503e-20  8.2529e-21  3.6733e-21   10026.94   23985.52   719565.56 1.8053e+22    2.12   sub
1492   6  17  18  1.70e+22   9.299      1.07341     0.2211   2.0404     1.784  1.320e+21     1.078      1    0  8.4821e-21  4.7538e-21  2.9911e-21   14436.98   29456.64   883699.14 1.7664e+22    2.81   sub
1493   6  18   7  1.70e+22   7.762      1.59192   0.014771  53.1965  1670.211  2.598e+22     2.528      1    0  5.8227e-18  3.4862e-21  3.2900e-21     503.43   26780.51   803415.29 4.5221e+22    1.69  deep
1494   6  18   8  1.70e+22   7.886      1.59192  0.0188905  43.1644  1116.086  2.532e+22     2.489      1    0  4.2429e-18  3.8016e-21  3.4338e-21     594.44   25658.69   769760.78 4.1222e+22    1.65  deep
1495   6  18   9  1.70e+22   8.141      1.59192   0.024159  27.1582   434.726  2.287e+22     2.345      1    0  2.1794e-18  5.0132e-21  3.8496e-21     842.74   22887.21   686616.22 3.4504e+22    1.51  deep
1496   6  18  10  1.70e+22   8.292      1.59192  0.0308968  20.2355   228.228  2.075e+22     2.221      1    0  1.4430e-18  6.3225e-21  4.1656e-21    1045.24   21150.92   634527.48 3.1267e+22    1.38  deep
1497   6  18  11  1.70e+22   8.484      1.59192  0.0395137  13.7502    92.264  1.745e+22     2.027      1    0  8.2409e-19  8.9319e-21  4.5800e-21    1399.05   19237.22   577116.65 2.7741e+22    1.20  deep
1498   6  18  12  1.70e+22   8.643      1.59192  0.0505338  10.0311    42.282  1.437e+22     1.845      1    0  4.9663e-19  1.1746e-20  4.8287e-21    1818.97   18246.34   547390.29 2.5242e+22    1.08 super
1499   6  18  13  1.70e+22   8.795      1.59192  0.0646273   7.4833    20.254  1.124e+22     1.661      1    0  2.8741e-19  1.4190e-20  4.8813e-21    2412.03   18049.88   541496.27 2.3130e+22    1.01 super
1500   6  18  14  1.70e+22   8.932      1.59192  0.0826515   5.7786    10.781  8.417e+21     1.495      1    0  1.6151e-19  1.4981e-20  4.7021e-21    3242.60   18737.82   562134.59 2.1435e+22    1.00   sub
1501   6  18  15  1.70e+22   9.046      1.59192   0.105703   4.6330     6.530  6.115e+21     1.360      1    0  8.9837e-20  1.3758e-20  4.3464e-21    4375.38   20271.23   608136.94 2.0155e+22    1.07   sub
1502   6  18  16  1.70e+22   9.143      1.59192   0.135182   3.7630     4.280  4.209e+21     1.248      1    0  4.7007e-20  1.0982e-20  3.8503e-21    6081.14   22883.26   686497.90 1.9143e+22    1.22   sub
1503   6  18  17  1.70e+22   9.216      1.59192   0.172884   3.1232     3.087  2.820e+21     1.166      1    0  2.4133e-20  7.8187e-21  3.3106e-21    8521.18   26613.77   798413.12 1.8425e+22    1.46   sub
1504   6  18  18  1.70e+22   9.270      1.59192     0.2211   2.6306     2.394  1.844e+21     1.108      1    0  1.2134e-20  5.0685e-21  2.7791e-21   12051.74   31703.90   951117.09 1.7928e+22    1.83   sub
1505   6  19   9  1.70e+22   8.128      2.36091   0.024159  44.4714  1183.005  2.322e+22     2.366      1    1  2.2230e-18  1.8791e-21  2.3762e-21     833.76   37078.66  1112359.82 3.4807e+22    1.66  deep
1506   6  19  10  1.70e+22   8.286      2.36091  0.0308968  33.0923   656.233  2.104e+22     2.238      1    1  1.4368e-18  2.1894e-21  2.5427e-21    1047.10   34650.85  1039525.38 3.1391e+22    1.58  deep
1507   6  19  11  1.70e+22   8.451      2.36091  0.0395137  23.4976   318.156  1.823e+22     2.072      1    1  8.8055e-19  2.7677e-21  2.7758e-21    1350.84   31741.54   952246.09 2.8298e+22    1.45  deep
1508   6  19  12  1.70e+22   8.595      2.36091  0.0505338  17.0473   153.944  1.547e+22     1.910      1    0  5.5529e-19  3.6071e-21  3.0128e-21    1715.46   29243.87   877316.12 2.5959e+22    1.30  deep
1509   6  19  13  1.70e+22   8.752      2.36091  0.0646273  11.8181    63.649  1.225e+22     1.720      1    0  3.1656e-19  4.9736e-21  3.2518e-21    2292.65   27094.71   812841.41 2.3702e+22    1.14 super
1510   6  19  14  1.70e+22   8.882      2.36091  0.0826515   8.6874    29.446  9.510e+21     1.559      1    0  1.8480e-19  6.2760e-21  3.3550e-21    3022.93   26261.33   787839.77 2.2029e+22    1.04 super
1511   6  19  15  1.70e+22   8.997      2.36091   0.105703   6.6158    14.935  7.126e+21     1.419      1    0  1.0533e-19  7.0527e-21  3.3047e-21    4029.95   26661.23   799836.92 2.0685e+22    1.00 super
1512   6  19  16  1.70e+22   9.095      2.36091   0.135182   5.2060     8.460  5.157e+21     1.303      1    0  5.8413e-20  6.9047e-21  3.1105e-21    5440.96   28325.88   849776.26 1.9630e+22    1.03   sub
1513   6  19  17  1.70e+22   9.175      2.36091   0.172884   4.2028     5.321  3.604e+21     1.212      1    0  3.1362e-20  5.8945e-21  2.8109e-21    7458.13   31344.77   940343.13 1.8823e+22    1.12   sub
1514   6  19  18  1.70e+22   9.236      2.36091     0.2211   3.4783     3.705  2.466e+21     1.145      1    0  1.6616e-20  4.4846e-21  2.4640e-21   10280.05   35757.59  1072727.67 1.8241e+22    1.30   sub
1515   6  20  10  1.70e+22   8.286      3.50135  0.0308968  52.1877  1610.347  2.113e+22     2.243      1    1  1.4157e-18  8.7910e-22  1.6004e-21    1054.93   55054.34  1651630.09 3.1375e+22    1.69  deep
1516   6  20  11  1.70e+22   8.402      3.50135  0.0395137  41.8063  1048.263  1.920e+22     2.130      1    1  1.0049e-18  9.5859e-22  1.6715e-21    1260.87   52712.50  1581375.03 2.9163e+22    1.65  deep
1517   6  20  12  1.70e+22   8.597      3.50135  0.0505338  27.3193   440.220  1.550e+22     1.912      1    1  5.3567e-19  1.2168e-21  1.8462e-21    1746.86   47723.03  1431690.95 2.5919e+22    1.51  deep
1518   6  20  13  1.70e+22   8.718      3.50135  0.0646273  20.2385   228.303  1.303e+22     1.767      1    1  3.4672e-19  1.5187e-21  1.9912e-21    2186.40   44249.31  1327479.18 2.4171e+22    1.38  deep
1519   6  20  14  1.70e+22   8.856      3.50135  0.0826515  13.8539    93.958  1.012e+22     1.595      1    1  1.9621e-19  2.0883e-21  2.1711e-21    2929.33   40582.55  1217476.35 2.2357e+22    1.21  deep
1520   6  20  15  1.70e+22   8.961      3.50135   0.105703  10.1942    44.028  7.905e+21     1.465      1    0  1.1798e-19  2.6796e-21  2.2743e-21    3800.15   38739.52  1162185.46 2.1096e+22    1.09 super
1521   6  20  16  1.70e+22   9.059      3.50135   0.135182   7.5909    20.989  5.894e+21     1.347      1    0  6.7013e-20  3.1928e-21  2.2894e-21    5069.78   38483.97  1154519.13 2.0010e+22    1.01 super
1522   6  20  17  1.70e+22   9.139      3.50135   0.172884   5.9184    11.410  4.321e+21     1.254      1    0  3.8048e-20  3.3345e-21  2.2030e-21    6757.65   39994.21  1199826.37 1.9188e+22    1.00   sub
1523   6  20  18  1.70e+22   9.204      3.50135     0.2211   4.7270     6.821  3.057e+21     1.180      1    0  2.0790e-20  3.0481e-21  2.0316e-21    9174.64   43368.53  1301056.01 1.8540e+22    1.06   sub
1524   6  21  12  1.70e+22   8.578      5.19269  0.0505338  45.6151  1242.883  1.593e+22     1.937      1    1  5.6429e-19  4.5401e-22  1.1362e-21    1700.06   77548.19  2326445.70 2.6220e+22    1.67  deep
1525   6  21  13  1.70e+22   8.713      5.19269  0.0646273  33.0848   655.931  1.316e+22     1.774      1    1  3.4525e-19  5.2636e-22  1.2158e-21    2190.46   72470.84  2174125.20 2.4234e+22    1.58  deep
1526   6  21  14  1.70e+22   8.832      5.19269  0.0826515  23.7501   325.677  1.066e+22     1.627      1    1  2.1127e-19  6.4872e-22  1.3159e-21    2819.16   66955.22  2008656.69 2.2659e+22    1.46  deep
1527   6  21  15  1.70e+22   8.929      5.19269   0.105703  17.3677   160.775  8.591e+21     1.505      1    1  1.3264e-19  8.2503e-22  1.4180e-21    3577.55   62133.76  1864012.93 2.1466e+22    1.31  deep
1528   6  21  16  1.70e+22   9.035      5.19269   0.135182  11.9278    65.122  6.409e+21     1.377      1    1  7.3178e-20  1.1237e-21  1.5246e-21    4844.91   57789.35  1733680.43 2.0276e+22    1.14 super
1529   6  21  17  1.70e+22   9.109      5.19269   0.172884   8.9787    31.996  4.920e+21     1.289      1    1  4.4033e-20  1.3762e-21  1.5647e-21    6271.30   56308.35  1689250.44 1.9494e+22    1.05 super
1530   6  21  18  1.70e+22   9.178      5.19269     0.2211   6.7765    15.841  3.573e+21     1.210      1    0  2.4464e-20  1.5444e-21  1.5395e-21    8445.43   57230.20  1716905.96 1.8801e+22    1.00 super
1531   6  22  13  1.70e+22   8.714      7.70104  0.0646273  52.1845  1610.157  1.317e+22     1.775      1    1  3.4023e-19  2.1130e-22  7.6514e-22    2206.63  115151.88  3454556.34 2.4226e+22    1.69  deep
1532   6  22  14  1.70e+22   8.796      7.70104  0.0826515  42.2647  1070.960  1.143e+22     1.672      1    1  2.4274e-19  2.2666e-22  7.9423e-22    2624.74  110934.11  3328023.45 2.3117e+22    1.65  deep
1533   6  22  15  1.70e+22   8.930      7.70104   0.105703  27.9846   463.223  8.594e+21     1.506      1    1  1.2894e-19  2.7835e-22  8.6765e-22    3628.67  101547.13  3046413.89 2.1462e+22    1.52  deep
1534   6  22  16  1.70e+22   9.011      7.70104   0.135182  20.5925   237.399  6.899e+21     1.406      1    1  8.1371e-20  3.4276e-22  9.3246e-22    4588.53   94489.21  2834676.17 2.0534e+22    1.39  deep
1535   6  22  17  1.70e+22   9.096      7.70104   0.172884  14.1799    99.396  5.174e+21     1.304      1    1  4.5706e-20  4.5984e-22  1.0101e-21    6151.18   87223.38  2616701.53 1.9623e+22    1.22  deep
1536   6  22  18  1.70e+22   9.156      7.70104     0.2211  10.5284    47.734  3.983e+21     1.234      1    1  2.7634e-20  5.7892e-22  1.0544e-21    7937.08   83565.13  2506953.90 1.9009e+22    1.10 super
1537   6  23  15  1.70e+22   8.924       11.421   0.105703  45.5364  1238.725  8.717e+21     1.513      1    1  1.3095e-19  1.0571e-22  5.3753e-22    3599.58  163911.98  4917359.31 2.1530e+22    1.67  deep
1538   6  23  16  1.70e+22   9.001       11.421   0.135182  34.6670   721.389  7.115e+21     1.419      1    1  8.4930e-20  1.1773e-22  5.6620e-22    4488.77  155612.28  4668368.40 2.0650e+22    1.60  deep
1539   6  23  17  1.70e+22   9.079       11.421   0.172884  24.6164   352.077  5.514e+21     1.324      1    1  5.0226e-20  1.4266e-22  6.1053e-22    5862.45  144312.79  4329383.62 1.9800e+22    1.47  deep
1540   6  23  18  1.70e+22   9.138       11.421     0.2211  18.0618   176.065  4.352e+21     1.256      1    1  3.1295e-20  1.7775e-22  6.5471e-22    7450.75  134573.63  4037208.77 1.9198e+22    1.33  deep
1541   6  24  16  1.70e+22   9.007       16.938   0.135182  53.3183  1677.499  6.978e+21     1.410      1    1  8.0703e-20  4.8109e-23  3.5873e-22    4606.45  245607.68  7368230.27 2.0579e+22    1.69  deep
1542   6  24  17  1.70e+22   9.070       16.938   0.172884  41.3280  1024.795  5.701e+21     1.335      1    1  5.2958e-20  5.1677e-23  3.7361e-22    5706.23  235826.81  7074804.35 1.9901e+22    1.65  deep
1543   6  24  18  1.70e+22   9.128       16.938     0.2211  30.8675   568.659  4.543e+21     1.267      1    1  3.3330e-20  5.8612e-23  3.9557e-22    7215.75  222732.20  6681965.88 1.9298e+22    1.56  deep
1544   6  25  18  1.70e+22   9.125        25.12     0.2211  49.7116  1467.292  4.586e+21     1.270      1    1  3.3710e-20  2.2974e-23  2.4706e-22    7173.93  356627.61 10698828.32 1.9326e+22    1.68  deep
1545   7   1   1  3.39e+22   7.937      0.00196   0.003376   0.6982     1.083  2.568e+20     1.008      0    0  4.6830e-18  4.3259e-18  4.4330e-19     567.67     396.34    11890.16 3.9715e+22   40.24   sub
1546   7   1   2  3.39e+22   8.022      0.00196 0.00431755   0.6100     1.063  2.547e+20     1.008      0    0  2.1983e-18  2.0684e-18  3.4579e-19     832.94     508.10    15243.12 3.7421e+22   59.12   sub
1547   7   2   1  3.39e+22   7.851   0.00290678   0.003376   0.8569     1.125  3.810e+20     1.011      0    0  6.7173e-18  5.9692e-18  4.3499e-19     471.39     403.91    12117.35 4.2292e+22   22.72   sub
1548   7   2   2  3.39e+22   7.962   0.00290678 0.00431755   0.7470     1.095  3.774e+20     1.011      0    0  3.1817e-18  2.9063e-18  3.4096e-19     689.78     515.30    15458.90 3.9018e+22   33.26   sub
1549   7   2   3  3.39e+22   8.036   0.00290678 0.00552168   0.6560     1.073  3.722e+20     1.011      0    0  1.5368e-18  1.4326e-18  2.6862e-19     997.06     654.07    19622.01 3.7059e+22   48.02   sub
1550   7   2   4  3.39e+22   8.081   0.00290678 0.00706165   0.5830     1.057  3.648e+20     1.011      0    0  7.8347e-19  7.4101e-19  2.1520e-19    1400.40     816.44    24493.23 3.5920e+22   67.34   sub
1551   7   3   1  3.39e+22   7.731   0.00431092   0.003376   1.0658     1.196  5.646e+20     1.017      0    0  1.0029e-17  8.3830e-18  4.3061e-19     382.83     408.02    12240.54 4.6303e+22   12.63   sub
1552   7   3   2  3.39e+22   7.878   0.00431092 0.00431755   0.9236     1.146  5.597e+20     1.017      0    0  4.7330e-18  4.1294e-18  3.3817e-19     562.55     519.55    15586.58 4.1460e+22   18.51   sub
1553   7   3   3  3.39e+22   7.977   0.00431092 0.00552168   0.8093     1.112  5.518e+20     1.016      0    0  2.3097e-18  2.0779e-18  2.6789e-19     810.35     655.85    19675.62 3.8605e+22   26.59   sub
1554   7   3   4  3.39e+22   8.045   0.00431092 0.00706165   0.7112     1.086  5.398e+20     1.016      0    0  1.1226e-18  1.0339e-18  2.1162e-19    1167.31     830.23    24906.82 3.6817e+22   38.19   sub
1555   7   3   5  3.39e+22   8.093   0.00431092 0.00903109   0.6199     1.065  5.193e+20     1.015      0    0  5.1260e-19  4.8138e-19  1.6359e-19    1732.56    1073.97    32219.13 3.5634e+22   56.46   sub
1556   7   4   1  3.39e+22   7.588   0.00639332   0.003376   1.3315     1.312  8.368e+20     1.025      0    0  1.4646e-17  1.1159e-17  4.2044e-19     313.85     417.89    12536.66 5.1890e+22    7.18   sub
1557   7   4   2  3.39e+22   7.771   0.00639332 0.00431755   1.1450     1.228  8.295e+20     1.024      0    0  6.9010e-18  5.6202e-18  3.3161e-19     462.72     529.83    15894.78 4.4887e+22   10.48   sub
1558   7   4   3  3.39e+22   7.902   0.00639332 0.00552168   0.9979     1.171  8.179e+20     1.024      0    0  3.3646e-18  2.8723e-18  2.6349e-19     668.22     666.79    20003.82 4.0748e+22   15.04   sub
1559   7   4   4  3.39e+22   7.997   0.00639332 0.00706165   0.8692     1.129  7.988e+20     1.024      0    0  1.5924e-18  1.4104e-18  2.0687e-19     977.13     849.30    25478.85 3.8079e+22   21.85   sub
1560   7   4   5  3.39e+22   8.061   0.00639332 0.00903109   0.7589     1.098  7.687e+20     1.023      0    0  7.4731e-19  6.8073e-19  1.6167e-19    1432.04    1086.74    32602.21 3.6433e+22   31.82   sub
1561   7   4   6  3.39e+22   8.098   0.00639332  0.0115498   0.6728     1.077  7.277e+20     1.021      0    0  3.7685e-19  3.5005e-19  1.2919e-19    2021.31    1359.95    40798.53 3.5509e+22   44.69   sub
1562   7   4   7  3.39e+22   8.124   0.00639332   0.014771   0.5949     1.060  6.668e+20     1.020      0    0  1.8522e-19  1.7479e-19  1.0227e-19    2887.74    1717.90    51537.02 3.4904e+22   63.54   sub
1563   7   5   1  3.39e+22   7.420   0.00948164   0.003376   1.6866     1.517  1.240e+21     1.037      0    0  2.1540e-17  1.4197e-17  4.0704e-19     255.93     431.64    12949.33 5.9949e+22    4.15   sub
1564   7   5   2  3.39e+22   7.632   0.00948164 0.00431755   1.4405     1.369  1.229e+21     1.036      0    0  1.0319e-17  7.5375e-18  3.2525e-19     375.00     540.18    16205.51 5.0057e+22    5.94   sub
1565   7   5   3  3.39e+22   7.800   0.00948164 0.00552168   1.2424     1.270  1.212e+21     1.036      0    0  4.9677e-18  3.9111e-18  2.5883e-19     546.38     678.81    20364.34 4.3920e+22    8.52   sub
1566   7   5   4  3.39e+22   7.923   0.00948164 0.00706165   1.0809     1.202  1.184e+21     1.035      0    0  2.4137e-18  2.0078e-18  2.0576e-19     789.97     853.89    25616.61 4.0137e+22   12.17   sub
1567   7   5   5  3.39e+22   8.010   0.00948164 0.00903109   0.9417     1.152  1.141e+21     1.034      0    0  1.1487e-18  9.9705e-19  1.6203e-19    1151.43    1084.33    32529.88 3.7723e+22   17.56   sub
1568   7   5   6  3.39e+22   8.067   0.00948164  0.0115498   0.8262     1.116  1.077e+21     1.032      0    0  5.5601e-19  4.9806e-19  1.2803e-19    1660.90    1372.29    41168.83 3.6266e+22   25.12   sub
1569   7   5   7  3.39e+22   8.105   0.00948164   0.014771   0.7259     1.089  9.827e+20     1.029      0    0  2.6700e-19  2.4510e-19  1.0076e-19    2402.32    1743.79    52313.72 3.5356e+22   36.05   sub
1570   7   5   8  3.39e+22   8.130   0.00948164  0.0188905   0.6313     1.067  8.400e+20     1.025      0    0  1.1953e-19  1.1199e-19  7.7392e-20    3596.17    2270.20    68106.02 3.4754e+22   53.59   sub
1571   7   5   9  3.39e+22   8.143   0.00948164   0.024159   0.5677     1.054  7.048e+20     1.021      0    1  6.4395e-20  6.1079e-20  6.3124e-20    4903.17    2783.34    83500.11 3.4467e+22   72.73   sub
1572   7   6   1  3.39e+22   7.242    0.0140618   0.003376   2.1720     1.902  1.838e+21     1.054      1    0  3.1386e-17  1.6506e-17  3.8621e-19     209.45     454.92    13647.68 7.1033e+22    2.50   sub
1573   7   6   2  3.39e+22   7.472    0.0140618 0.00431755   1.8335     1.620  1.821e+21     1.054      1    0  1.5220e-17  9.3954e-18  3.1366e-19     305.51     560.15    16804.51 5.7275e+22    3.48   sub
1574   7   6   3  3.39e+22   7.673    0.0140618 0.00552168   1.5622     1.439  1.794e+21     1.053      1    0  7.2990e-18  5.0737e-18  2.5157e-19     447.08     698.41    20952.24 4.8436e+22    4.92   sub
1575   7   6   4  3.39e+22   7.830    0.0140618 0.00706165   1.3456     1.319  1.752e+21     1.052      1    0  3.5206e-18  2.6682e-18  2.0080e-19     650.28     875.00    26249.89 4.2939e+22    7.00   sub
1576   7   6   5  3.39e+22   7.947    0.0140618 0.00903109   1.1646     1.236  1.687e+21     1.050      0    0  1.6751e-18  1.3552e-18  1.5885e-19     949.70    1106.05    33181.58 3.9455e+22   10.04   sub
1577   7   6   6  3.39e+22   8.026    0.0140618  0.0115498   1.0141     1.177  1.588e+21     1.047      0    0  7.9796e-19  6.7786e-19  1.2529e-19    1382.88    1402.31    42069.37 3.7310e+22   14.41   sub
1578   7   6   7  3.39e+22   8.079    0.0140618   0.014771   0.8841     1.134  1.441e+21     1.042      0    0  3.7419e-19  3.3008e-19  9.8082e-20    2026.10    1791.31    53739.38 3.5968e+22   20.85   sub
1579   7   6   8  3.39e+22   8.111    0.0140618  0.0188905   0.7800     1.103  1.254e+21     1.037      0    0  1.8449e-19  1.6720e-19  7.7907e-20    2891.21    2255.20    67656.08 3.5195e+22   29.47   sub
1580   7   6   9  3.39e+22   8.132    0.0140618   0.024159   0.6903     1.081  1.027e+21     1.030      0    0  9.1551e-20  8.4717e-20  6.1939e-20    4109.46    2836.57    85097.24 3.4714e+22   41.56   sub
1581   7   6  10  3.39e+22   8.146    0.0140618  0.0308968   0.6069     1.062  7.658e+20     1.023      0    1  4.3391e-20  4.0853e-20  4.8459e-20    5974.23    3625.69   108770.80 3.4396e+22   60.00   sub
1582   7   7   1  3.39e+22   7.080    0.0208544   0.003376   2.8392     2.665  2.718e+21     1.080      1    0  4.3441e-17  1.6300e-17  3.5154e-19     176.03     499.79    14993.70 8.4434e+22    1.64   sub
1583   7   7   2  3.39e+22   7.305    0.0208544 0.00431755   2.3688     2.096  2.694e+21     1.079      1    0  2.1814e-17  1.0406e-17  2.9395e-19     252.33     597.71    17931.40 6.6739e+22    2.15   sub
1584   7   7   3  3.39e+22   7.526    0.0208544 0.00552168   1.9919     1.744  2.653e+21     1.078      1    0  1.0614e-17  6.0870e-18  2.4023e-19     367.17     731.37    21941.04 5.4673e+22    2.94   sub
1585   7   7   4  3.39e+22   7.711    0.0208544 0.00706165   1.6992     1.526  2.592e+21     1.076      1    0  5.1897e-18  3.4020e-18  1.9454e-19     531.52     903.13    27093.92 4.7008e+22    4.08   sub
1586   7   7   5  3.39e+22   7.859    0.0208544 0.00903109   1.4584     1.379  2.495e+21     1.074      1    0  2.4867e-18  1.8035e-18  1.5541e-19     775.17    1130.52    33915.57 4.2029e+22    5.77   sub
1587   7   7   6  3.39e+22   7.966    0.0208544  0.0115498   1.2605     1.278  2.347e+21     1.069      1    0  1.1836e-18  9.2576e-19  1.2322e-19    1131.24    1425.88    42776.44 3.8904e+22    8.22   sub
1588   7   7   7  3.39e+22   8.037    0.0208544   0.014771   1.1013     1.210  2.141e+21     1.063      1    0  5.7818e-19  4.7776e-19  9.8129e-20    1625.70    1790.45    53713.55 3.7026e+22   11.59   sub
1589   7   7   8  3.39e+22   8.085    0.0208544  0.0188905   0.9631     1.159  1.856e+21     1.055      1    0  2.7721e-19  2.3912e-19  7.7473e-20    2354.86    2267.84    68035.33 3.5825e+22   16.54   sub
1590   7   7   9  3.39e+22   8.116    0.0208544   0.024159   0.8446     1.122  1.504e+21     1.044      0    0  1.3275e-19  1.1835e-19  6.1016e-20    3409.38    2879.49    86384.70 3.5084e+22   23.64   sub
1591   7   7  10  3.39e+22   8.136    0.0208544  0.0308968   0.7410     1.093  1.119e+21     1.033      0    0  6.2932e-20  5.7568e-20  4.7823e-20    4957.76    3673.85   110215.54 3.4622e+22   34.02   sub
1592   7   7  11  3.39e+22   8.148    0.0208544  0.0395137   0.6514     1.072  7.681e+20     1.023      0    1  2.9874e-20  2.7875e-20  3.7455e-20    7201.17    4690.80   140724.08 3.4341e+22   49.00   sub
1593   7   7  12  3.39e+22   8.155    0.0208544  0.0505338   0.5812     1.057  5.229e+20     1.015      0    1  1.5365e-20  1.4537e-20  3.0091e-20   10045.46    5838.80   175164.07 3.4183e+22   67.94   sub
1594   7   8   1  3.39e+22   6.945    0.0309281   0.003376   3.8214     4.408  4.011e+21     1.118      1    0  5.7582e-17  1.3064e-17  3.0362e-19     151.43     578.67    17360.09 9.9635e+22    1.20   sub
1595   7   8   2  3.39e+22   7.148    0.0309281 0.00431755   3.1308     3.099  3.974e+21     1.117      1    0  3.0117e-17  9.7192e-18  2.6417e-19     212.43     665.09    19952.84 7.8269e+22    1.45   sub
1596   7   8   3  3.39e+22   7.370    0.0309281 0.00552168   2.5888     2.343  3.914e+21     1.115      1    0  1.5077e-17  6.4339e-18  2.2262e-19     304.85     789.21    23676.29 6.2791e+22    1.87   sub
1597   7   8   4  3.39e+22   7.573    0.0309281 0.00706165   2.1792     1.908  3.823e+21     1.113      1    0  7.5353e-18  3.9489e-18  1.8444e-19     437.12     952.58    28577.45 5.2546e+22    2.49   sub
1598   7   8   5  3.39e+22   7.750    0.0309281 0.00903109   1.8480     1.631  3.679e+21     1.109      1    0  3.6506e-18  2.2387e-18  1.4965e-19     635.31    1174.04    35221.09 4.5626e+22    3.42   sub
1599   7   8   6  3.39e+22   7.886    0.0309281  0.0115498   1.5841     1.452  3.461e+21     1.102      1    0  1.7608e-18  1.2127e-18  1.2019e-19     922.77    1461.79    43853.68 4.1217e+22    4.77   sub
1600   7   8   7  3.39e+22   7.984    0.0309281   0.014771   1.3681     1.331  3.147e+21     1.093      1    0  8.4321e-19  6.3359e-19  9.5719e-20    1341.71    1835.54    55066.06 3.8428e+22    6.72   sub
1601   7   8   8  3.39e+22   8.050    0.0309281  0.0188905   1.1905     1.247  2.725e+21     1.080      1    0  4.0630e-19  3.2578e-19  7.6037e-20    1940.84    2310.65    69319.53 3.6707e+22    9.49   sub
1602   7   8   9  3.39e+22   8.093    0.0309281   0.024159   1.0395     1.186  2.204e+21     1.065      1    0  1.9437e-19  1.6382e-19  6.0072e-20    2813.68    2924.78    87743.29 3.5628e+22   13.49   sub
1603   7   8  10  3.39e+22   8.122    0.0309281  0.0308968   0.9080     1.141  1.632e+21     1.048      0    0  9.1462e-20  8.0150e-20  4.7093e-20    4108.89    3730.82   111924.69 3.4951e+22   19.39   sub
1604   7   8  11  3.39e+22   8.139    0.0309281  0.0395137   0.8016     1.109  1.143e+21     1.034      0    0  4.5075e-20  4.0632e-20  3.7410e-20    5859.06    4696.46   140893.70 3.4558e+22   27.32   sub
1605   7   8  12  3.39e+22   8.149    0.0309281  0.0505338   0.7076     1.085  7.557e+20     1.022      0    1  2.2006e-20  2.0285e-20  2.9590e-20    8390.96    5937.58   178127.26 3.4309e+22   38.74   sub
1606   7   8  13  3.39e+22   8.157    0.0309281  0.0646273   0.6186     1.065  4.661e+20     1.014      0    1  1.0077e-20  9.4657e-21  2.2894e-20   12405.35    7674.43   230232.98 3.4144e+22   56.79   sub
1607   7   9   1  3.39e+22   6.846    0.0458681   0.003376   5.3647     9.062  5.891e+21     1.174      1    0  7.1753e-17  7.9175e-18  2.4316e-19     134.69     722.56    21676.81 1.1444e+23    1.02   sub
1608   7   9   2  3.39e+22   7.026    0.0458681 0.00431755   4.2438     5.428  5.833e+21     1.172      1    0  3.8504e-17  7.0941e-18  2.2227e-19     186.26     790.47    23713.96 8.9962e+22    1.12   sub
1609   7   9   3  3.39e+22   7.220    0.0458681 0.00552168   3.4661     3.682  5.750e+21     1.170      1    0  2.0758e-17  5.6376e-18  1.9712e-19     257.15     891.32    26739.63 7.2626e+22    1.31   sub
1610   7   9   4  3.39e+22   7.432    0.0458681 0.00706165   2.8429     2.670  5.609e+21     1.165      1    0  1.0445e-17  3.9115e-18  1.6802e-19     367.83    1045.70    31370.90 5.9305e+22    1.64   sub
1611   7   9   5  3.39e+22   7.624    0.0458681 0.00903109   2.3810     2.109  5.397e+21     1.159      1    0  5.2456e-18  2.4872e-18  1.4038e-19     525.66    1251.60    37547.93 5.0403e+22    2.13   sub
1612   7   9   6  3.39e+22   7.788    0.0458681  0.0115498   2.0117     1.760  5.073e+21     1.150      1    0  2.5501e-18  1.4488e-18  1.1461e-19     762.00    1532.93    45987.95 4.4329e+22    2.89   sub
1613   7   9   7  3.39e+22   7.910    0.0458681   0.014771   1.7252     1.543  4.618e+21     1.136      1    0  1.2507e-18  8.1055e-19  9.2874e-20    1096.57    1891.77    56753.23 4.0492e+22    3.95   sub
1614   7   9   8  3.39e+22   8.001    0.0458681  0.0188905   1.4855     1.394  3.988e+21     1.118      1    0  5.9749e-19  4.2864e-19  7.4128e-20    1595.57    2370.18    71105.27 3.7980e+22    5.53   sub
1615   7   9   9  3.39e+22   8.062    0.0458681   0.024159   1.2864     1.291  3.211e+21     1.095      1    0  2.8322e-19  2.1944e-19  5.8710e-20    2326.35    2992.58    89777.52 3.6405e+22    7.81   sub
1616   7   9  10  3.39e+22   8.100    0.0458681  0.0308968   1.1246     1.219  2.408e+21     1.071      1    0  1.3740e-19  1.1267e-19  4.6665e-20    3348.00    3765.04   112951.19 3.5458e+22   10.98   sub
1617   7   9  11  3.39e+22   8.125    0.0458681  0.0395137   0.9856     1.167  1.672e+21     1.049      0    0  6.6306e-20  5.6813e-20  3.6929e-20    4826.91    4757.62   142728.55 3.4864e+22   15.54   sub
1618   7   9  12  3.39e+22   8.142    0.0458681  0.0505338   0.8633     1.127  1.087e+21     1.032      0    1  3.1398e-20  2.7853e-20  2.8986e-20    7021.44    6061.31   181839.41 3.4488e+22   22.26   sub
1619   7   9  13  3.39e+22   8.152    0.0458681  0.0646273   0.7561     1.097  6.807e+20     1.020      0    1  1.4699e-20  1.3398e-20  2.2630e-20   10268.49    7763.70   232911.01 3.4256e+22   32.15   sub
1620   7   9  14  3.39e+22   8.158    0.0458681  0.0826515   0.6710     1.076  4.381e+20     1.013      0    1  7.3649e-21  6.8438e-21  1.8044e-20   14511.59    9736.82   292104.46 3.4125e+22   45.04   sub
1621   7   9  15  3.39e+22   8.161    0.0458681   0.105703   0.5944     1.060  2.769e+20     1.008      0    1  3.6294e-21  3.4254e-21  1.4296e-20   20676.65   12289.45   368683.49 3.4041e+22   63.70   sub
1622   7  10   1  3.39e+22   6.789    0.0680248   0.003376   7.9057    23.236  8.548e+21     1.252      1    0  8.1617e-17  3.5126e-18  1.7672e-19     125.76     994.21    29826.23 1.2530e+23    1.02 super
1623   7  10   2  3.39e+22   6.936    0.0680248 0.00431755   6.0458    12.006  8.478e+21     1.250      1    0  4.6537e-17  3.8761e-18  1.7264e-19     168.33    1017.71    30531.29 1.0084e+23    1.00   sub
1624   7  10   3  3.39e+22   7.111    0.0680248 0.00552168   4.7464     6.882  8.351e+21     1.246      1    0  2.5711e-17  3.7361e-18  1.6143e-19     229.31    1088.40    32651.88 8.1550e+22    1.06   sub
1625   7  10   4  3.39e+22   7.302    0.0680248 0.00706165   3.8216     4.408  8.152e+21     1.240      1    0  1.3837e-17  3.1390e-18  1.4515e-19     316.75    1210.48    36314.31 6.6943e+22    1.20   sub
1626   7  10   5  3.39e+22   7.494    0.0680248 0.00903109   3.1385     3.111  7.843e+21     1.231      1    0  7.2410e-18  2.3275e-18  1.2620e-19     443.58    1392.18    41765.39 5.6201e+22    1.45   sub
1627   7  10   6  3.39e+22   7.674    0.0680248  0.0115498   2.6078     2.366  7.371e+21     1.217      1    0  3.6311e-18  1.5346e-18  1.0629e-19     633.87    1653.01    49590.37 4.8427e+22    1.85   sub
1628   7  10   7  3.39e+22   7.821    0.0680248   0.014771   2.2041     1.932  6.706e+21     1.198      1    0  1.8086e-18  9.3630e-19  8.7915e-20     906.72    1998.47    59954.06 4.3252e+22    2.44   sub
1629   7  10   8  3.39e+22   7.936    0.0680248  0.0188905   1.8755     1.651  5.787e+21     1.171      1    0  8.7175e-19  5.2787e-19  7.1206e-20    1315.58    2467.42    74022.60 3.9760e+22    3.32   sub
1630   7  10   9  3.39e+22   8.016    0.0680248   0.024159   1.6157     1.471  4.690e+21     1.138      1    0  4.2333e-19  2.8769e-19  5.7311e-20    1897.40    3065.63    91968.93 3.7573e+22    4.56   sub
1631   7  10  10  3.39e+22   8.072    0.0680248  0.0308968   1.3957     1.345  3.486e+21     1.103      1    0  2.0050e-19  1.4905e-19  4.5500e-20    2766.61    3861.48   115844.43 3.6157e+22    6.40   sub
1632   7  10  11  3.39e+22   8.107    0.0680248  0.0395137   1.2193     1.260  2.438e+21     1.072      1    0  9.7795e-20  7.7628e-20  3.6296e-20    3969.90    4840.62   145218.61 3.5310e+22    8.93   sub
1633   7  10  12  3.39e+22   8.129    0.0680248  0.0505338   1.0673     1.197  1.609e+21     1.047      0    0  4.7200e-20  3.9434e-20  2.8767e-20    5722.36    6107.44   183223.21 3.4774e+22   12.59   sub
1634   7  10  13  3.39e+22   8.144    0.0680248  0.0646273   0.9342     1.150  1.020e+21     1.030      0    1  2.2413e-20  1.9496e-20  2.2627e-20    8311.61    7764.91   232947.43 3.4435e+22   17.95   sub
1635   7  10  14  3.39e+22   8.153    0.0680248  0.0826515   0.8228     1.115  6.449e+20     1.019      0    1  1.0888e-20  9.7618e-21  1.7896e-20   11931.73    9817.72   294531.49 3.4232e+22   25.41   sub
1636   7  10  15  3.39e+22   8.158    0.0680248   0.105703   0.7245     1.089  4.016e+20     1.012      0    1  5.2340e-21  4.8063e-21  1.4087e-20   17214.95   12472.51   374175.24 3.4104e+22   36.24   sub
1637   7  10  16  3.39e+22   8.162    0.0680248   0.135182   0.6307     1.067  2.369e+20     1.007      0    1  2.3369e-21  2.1898e-21  1.0810e-20   25769.63   16252.69   487580.80 3.4020e+22   53.73   sub
1638   7  10  17  3.39e+22   8.164    0.0680248   0.172884   0.5676     1.054  1.578e+20     1.005      0    1  1.2607e-21  1.1958e-21  8.8211e-21   35088.70   19917.78   597533.46 3.3979e+22   72.74   sub
1639   7  11   1  3.39e+22   6.751     0.100884   0.003376  12.7074    76.113  1.205e+22     1.355      1    0  9.0359e-17  1.1872e-18  1.1601e-19     119.19    1514.53    45436.01 1.3380e+23    1.17  deep
1640   7  11   2  3.39e+22   6.879     0.100884 0.00431755   9.1885    33.911  1.202e+22     1.355      1    0  5.2624e-17  1.5518e-18  1.2129e-19     157.65    1448.61    43458.19 1.0900e+23    1.05 super
1641   7  11   3  3.39e+22   7.023     0.100884 0.00552168   6.9760    17.015  1.189e+22     1.351      1    0  3.1081e-17  1.8267e-18  1.2151e-19     207.27    1445.90    43377.12 9.0297e+22    1.00 super
1642   7  11   4  3.39e+22   7.197     0.100884 0.00706165   5.3663     9.069  1.162e+22     1.343      1    0  1.7241e-17  1.9012e-18  1.1622e-19     281.71    1511.72    45351.55 7.4382e+22    1.02   sub
1643   7  11   5  3.39e+22   7.382     0.100884 0.00903109   4.2458     5.433  1.117e+22     1.329      1    0  9.2461e-18  1.7019e-18  1.0621e-19     389.61    1654.23    49626.95 6.2065e+22    1.12   sub
1644   7  11   6  3.39e+22   7.555     0.100884  0.0115498   3.4783     3.705  1.053e+22     1.311      1    0  4.9810e-18  1.3444e-18  9.4061e-20     537.01    1867.88    56036.50 5.3334e+22    1.30   sub
1645   7  11   7  3.39e+22   7.721     0.100884   0.014771   2.8701     2.708  9.558e+21     1.282      1    0  2.5166e-18  9.2937e-19  8.0155e-20     763.72    2191.95    65758.41 4.6672e+22    1.62   sub
1646   7  11   8  3.39e+22   7.854     0.100884  0.0188905   2.4137     2.144  8.285e+21     1.244      1    0  1.2606e-18  5.8795e-19  6.6879e-20    1088.40    2627.08    78812.33 4.2179e+22    2.09   sub
1647   7  11   9  3.39e+22   7.959     0.100884   0.024159   2.0463     1.789  6.697e+21     1.198      1    0  6.1048e-19  3.4118e-19  5.4537e-20    1574.36    3221.57    96647.25 3.9118e+22    2.79   sub
1648   7  11  10  3.39e+22   8.030     0.100884  0.0308968   1.7610     1.568  5.060e+21     1.149      1    0  3.0008e-19  1.9139e-19  4.4231e-20    2255.63    3972.28   119168.27 3.7204e+22    3.78   sub
1649   7  11  11  3.39e+22   8.081     0.100884  0.0395137   1.5179     1.412  3.508e+21     1.103      1    0  1.4253e-19  1.0091e-19  3.5256e-20    3283.14    4983.45   149503.50 3.5938e+22    5.26   sub
1650   7  11  12  3.39e+22   8.113     0.100884  0.0505338   1.3208     1.307  2.326e+21     1.069      1    0  6.8820e-20  5.2647e-20  2.8099e-20    4734.16    6252.84   187585.11 3.5167e+22    7.32   sub
1651   7  11  13  3.39e+22   8.134     0.100884  0.0646273   1.1498     1.230  1.475e+21     1.044      0    0  3.2518e-20  2.6440e-20  2.2158e-20    6896.05    7929.34   237880.29 3.4674e+22   10.37   sub
1652   7  11  14  3.39e+22   8.146     0.100884  0.0826515   1.0084     1.175  9.320e+20     1.027      0    1  1.5704e-20  1.3364e-20  1.7545e-20    9930.98   10013.97   300419.00 3.4379e+22   14.62   sub
1653   7  11  15  3.39e+22   8.155     0.100884   0.105703   0.8816     1.133  5.717e+20     1.017      0    1  7.3564e-21  6.4937e-21  1.3727e-20   14517.40   12799.22   383976.51 3.4191e+22   21.01   sub
1654   7  11  16  3.39e+22   8.159     0.100884   0.135182   0.7784     1.103  3.590e+20     1.011      0    1  3.6059e-21  3.2692e-21  1.0882e-20   20741.60   16146.05   484381.36 3.4081e+22   29.64   sub
1655   7  11  17  3.39e+22   8.162     0.100884   0.172884   0.6898     1.081  2.267e+20     1.007      0    1  1.7921e-21  1.6585e-21  8.6552e-21   29427.43   20299.37   608981.06 3.4014e+22   41.63   sub
1656   7  11  18  3.39e+22   8.164     0.100884     0.2211   0.6070     1.062  1.385e+20     1.004      0    1  8.4936e-22  7.9966e-22  6.7713e-21   42750.13   25947.21   778416.26 3.3969e+22   59.98   sub
1657   7  12   1  3.39e+22   6.726     0.149617   0.003376  21.8003   269.665  1.581e+22     1.466      1    0  9.8150e-17  3.6397e-19  7.0605e-20     114.15    2488.43    74653.01 1.4011e+23    1.42  deep
1658   7  12   2  3.39e+22   6.847     0.149617 0.00431755  14.9952   113.683  1.607e+22     1.474      1    0  5.6694e-17  4.9871e-19  7.7321e-20     151.53    2272.29    68168.65 1.1427e+23    1.24  deep
1659   7  12   3  3.39e+22   6.981     0.149617 0.00552168  10.7141    49.868  1.609e+22     1.475      1    0  3.3515e-17  6.7207e-19  8.2402e-20     199.01    2132.19    63965.61 9.5073e+22    1.10 super
1660   7  12   4  3.39e+22   7.131     0.149617 0.00706165   7.9115    23.278  1.585e+22     1.468      1    0  1.9580e-17  8.4115e-19  8.4396e-20     263.14    2081.80    62454.13 7.9785e+22    1.02 super
1661   7  12   5  3.39e+22   7.293     0.149617 0.00903109   6.0461    12.007  1.533e+22     1.452      1    0  1.1183e-17  9.3137e-19  8.2530e-20     352.11    2128.87    63866.03 6.7547e+22    1.00   sub
1662   7  12   6  3.39e+22   7.461     0.149617  0.0115498   4.7523     6.901  1.445e+22     1.426      1    0  6.1628e-18  8.9309e-19  7.7058e-20     479.78    2280.04    68401.20 5.7805e+22    1.06   sub
1663   7  12   7  3.39e+22   7.623     0.149617   0.014771   3.8388     4.446  1.317e+22     1.389      1    0  3.3058e-18  7.4348e-19  6.9122e-20     662.14    2541.83    76254.93 5.0430e+22    1.20   sub
1664   7  12   8  3.39e+22   7.765     0.149617  0.0188905   3.1751     3.170  1.150e+22     1.339      1    0  1.7423e-18  5.4958e-19  6.0113e-20     920.53    2922.74    87682.13 4.5096e+22    1.43   sub
1665   7  12   9  3.39e+22   7.887     0.149617   0.024159   2.6513     2.419  9.381e+21     1.277      1    0  8.7484e-19  3.6158e-19  5.0617e-20    1309.19    3471.06   104131.71 4.1196e+22    1.81   sub
1666   7  12  10  3.39e+22   7.979     0.149617  0.0308968   2.2448     1.971  7.121e+21     1.210      1    0  4.3207e-19  2.1924e-19  4.1772e-20    1873.73    4206.08   126182.52 3.8571e+22    2.36   sub
1667   7  12  11  3.39e+22   8.046     0.149617  0.0395137   1.9123     1.680  4.982e+21     1.147      1    0  2.0657e-19  1.2298e-19  3.3764e-20    2721.21    5203.69   156110.63 3.6812e+22    3.19   sub
1668   7  12  12  3.39e+22   8.089     0.149617  0.0505338   1.6527     1.495  3.350e+21     1.099      1    0  1.0100e-19  6.7563e-20  2.7245e-20    3902.11    6448.84   193465.12 3.5734e+22    4.34   sub
1669   7  12  13  3.39e+22   8.118     0.149617  0.0646273   1.4327     1.365  2.158e+21     1.064      1    0  4.8457e-20  3.5505e-20  2.1729e-20    5643.78    8085.83   242575.04 3.5037e+22    6.02   sub
1670   7  12  14  3.39e+22   8.137     0.149617  0.0826515   1.2490     1.273  1.366e+21     1.040      0    0  2.3310e-20  1.8308e-20  1.7268e-20    8146.55   10174.92   305247.67 3.4604e+22    8.41   sub
1671   7  12  15  3.39e+22   8.148     0.149617   0.105703   1.0951     1.208  8.615e+20     1.025      0    1  1.1338e-20  9.3882e-21  1.3726e-20   11689.06   12800.24   384007.08 3.4339e+22   11.77   sub
1672   7  12  16  3.39e+22   8.156     0.149617   0.135182   0.9599     1.158  5.339e+20     1.016      0    1  5.4265e-21  4.6852e-21  1.0828e-20   16903.88   16226.38   486791.39 3.4170e+22   16.68   sub
1673   7  12  17  3.39e+22   8.160     0.149617   0.172884   0.8434     1.121  3.298e+20     1.010      0    1  2.6007e-21  2.3193e-21  8.5289e-21   24424.38   20599.97   617998.98 3.4066e+22   23.73   sub
1674   7  12  18  3.39e+22   8.163     0.149617     0.2211   0.7408     1.093  2.016e+20     1.006      0    1  1.2325e-21  1.1275e-21  6.6838e-21   35485.07   26286.66   788599.83 3.4001e+22   34.05   sub
1675   7  13   1  3.39e+22   6.700      0.22189   0.003376  38.4803   889.686  1.837e+22     1.542      1    0  1.1034e-16  1.2402e-19  4.2493e-20     107.45    4134.68   124040.46 1.4758e+23    1.63  deep
1676   7  13   2  3.39e+22   6.823      0.22189 0.00431755  25.8774   392.125  1.922e+22     1.567      1    0  6.1134e-17  1.5591e-19  4.6611e-20     145.66    3769.43   113083.03 1.1868e+23    1.49  deep
1677   7  13   3  3.39e+22   6.936      0.22189 0.00552168  18.6611   189.805  1.972e+22     1.582      1    0  3.8201e-17  2.0126e-19  5.0675e-20     185.79    3467.08   104012.26 1.0087e+23    1.35  deep
1678   7  13   4  3.39e+22   7.084      0.22189 0.00706165  12.7389    76.578  1.991e+22     1.587      1    0  2.1676e-17  2.8305e-19  5.5328e-20     249.28    3175.54    95266.05 8.4028e+22    1.17  deep
1679   7  13   5  3.39e+22   7.233      0.22189 0.00903109   9.1899    33.924  1.957e+22     1.577      1    0  1.2647e-17  3.7281e-19  5.7978e-20     329.75    3030.38    90911.45 7.1652e+22    1.05 super
1680   7  13   6  3.39e+22   7.379      0.22189  0.0115498   6.9799    17.039  1.873e+22     1.552      1    0  7.4631e-18  4.3801e-19  5.8055e-20     433.58    3026.36    90790.77 6.2230e+22    1.00 super
1681   7  13   7  3.39e+22   7.536      0.22189   0.014771   5.3862     9.147  1.722e+22     1.508      1    0  4.1345e-18  4.5202e-19  5.5411e-20     588.68    3170.77    95122.97 5.4203e+22    1.02   sub
1682   7  13   8  3.39e+22   7.684      0.22189  0.0188905   4.2852     5.537  1.508e+22     1.445      1    0  2.2207e-18  4.0105e-19  5.0549e-20     811.10    3475.76   104272.72 4.8024e+22    1.11   sub
1683   7  13   9  3.39e+22   7.810      0.22189   0.024159   3.5178     3.781  1.254e+22     1.370      1    0  1.1856e-18  3.1360e-19  4.4627e-20    1119.16    3937.00   118110.10 4.3585e+22    1.29   sub
1684   7  13  10  3.39e+22   7.917      0.22189  0.0308968   2.9251     2.786  9.700e+21     1.286      1    0  6.0613e-19  2.1756e-19  3.8116e-20    1575.83    4609.53   138285.91 4.0309e+22    1.58   sub
1685   7  13  11  3.39e+22   7.998      0.22189  0.0395137   2.4642     2.199  6.995e+21     1.206      1    0  3.0172e-19  1.3718e-19  3.1759e-20    2245.00    5532.13   165963.80 3.8038e+22    2.02   sub
1686   7  13  12  3.39e+22   8.057      0.22189  0.0505338   2.0991     1.835  4.764e+21     1.141      1    0  1.4782e-19  8.0541e-20  2.6001e-20    3219.07    6757.26   202717.88 3.6528e+22    2.66   sub
1687   7  13  13  3.39e+22   8.097      0.22189  0.0646273   1.8037     1.598  3.118e+21     1.092      1    0  7.1680e-20  4.4851e-20  2.1020e-20    4634.18    8358.59   250757.58 3.5550e+22    3.60   sub
1688   7  13  14  3.39e+22   8.123      0.22189  0.0826515   1.5581     1.436  1.981e+21     1.058      1    0  3.4308e-20  2.3888e-20  1.6806e-20    6709.38   10454.04   313621.10 3.4923e+22    4.95   sub
1689   7  13  15  3.39e+22   8.140      0.22189   0.105703   1.3559     1.325  1.248e+21     1.037      0    1  1.6548e-20  1.2492e-20  1.3399e-20    9670.52   13112.25   393367.44 3.4536e+22    6.87   sub
1690   7  13  16  3.39e+22   8.150      0.22189   0.135182   1.1838     1.244  7.772e+20     1.023      0    1  7.9408e-21  6.3821e-21  1.0625e-20   13969.19   16536.72   496101.48 3.4293e+22    9.63   sub
1691   7  13  17  3.39e+22   8.157      0.22189   0.172884   1.0362     1.185  4.805e+20     1.014      0    1  3.7979e-21  3.2043e-21  8.3908e-21   20207.40   20939.08   628172.54 3.4142e+22   13.60   sub
1692   7  13  18  3.39e+22   8.161      0.22189     0.2211   0.9067     1.141  2.931e+20     1.009      0    1  1.7884e-21  1.5677e-21  6.5786e-21   29455.37   26707.35   801220.43 3.4047e+22   19.46   sub
1693   7  14   1  3.39e+22   6.722     0.329075   0.003376  55.9888  1840.636  1.999e+22     1.590      1    0  9.7016e-17  5.2708e-20  2.7340e-20     114.78    6426.35   192790.49 1.4116e+23    1.69  deep
1694   7  14   2  3.39e+22   6.807     0.329075 0.00431755  43.4078  1128.425  2.077e+22     1.613      1    0  6.4485e-17  5.7146e-20  2.8571e-20     141.67    6149.53   184485.80 1.2164e+23    1.66  deep
1695   7  14   3  3.39e+22   6.937     0.329075 0.00552168  30.0289   537.037  2.174e+22     1.641      1    0  3.7076e-17  6.9038e-20  3.1021e-20     188.61    5663.71   169911.43 1.0068e+23    1.55  deep
1696   7  14   4  3.39e+22   7.052     0.329075 0.00706165  21.9367   273.428  2.231e+22     1.658      1    0  2.3612e-17  8.6355e-20  3.3611e-20     238.29    5227.30   156819.03 8.7248e+22    1.42  deep
1697   7  14   5  3.39e+22   7.198     0.329075 0.00903109  15.0052   113.864  2.249e+22     1.663      1    0  1.3627e-17  1.1968e-19  3.6949e-20     316.90    4755.07   142652.24 7.4299e+22    1.24  deep
1698   7  14   6  3.39e+22   7.338     0.329075  0.0115498  10.7224    49.964  2.194e+22     1.647      1    0  8.0578e-18  1.6127e-19  3.9378e-20     416.11    4461.72   133851.59 6.4654e+22    1.10 super
1699   7  14   7  3.39e+22   7.479     0.329075   0.014771   7.9242    23.371  2.059e+22     1.607      1    0  4.6868e-18  2.0054e-19  4.0252e-20     550.83    4364.85   130945.38 5.6896e+22    1.02 super
1700   7  14   8  3.39e+22   7.616     0.329075  0.0188905   6.0817    12.178  1.845e+22     1.544      1    0  2.6725e-18  2.1946e-19  3.9248e-20     736.07    4476.52   134295.63 5.0728e+22    1.00   sub
1701   7  14   9  3.39e+22   7.744     0.329075   0.024159   4.8033     7.064  1.561e+22     1.460      1    0  1.4705e-18  2.0816e-19  3.6555e-20    1000.64    4806.40   144192.04 4.5831e+22    1.05   sub
1702   7  14  10  3.39e+22   7.855     0.329075  0.0308968   3.9000     4.584  1.243e+22     1.367      1    0  7.8947e-19  1.7222e-19  3.2754e-20    1375.43    5364.14   160924.15 4.2147e+22    1.18   sub
1703   7  14  11  3.39e+22   7.945     0.329075  0.0395137   3.2387     3.276  9.335e+21     1.275      1    0  4.1652e-19  1.2714e-19  2.8486e-20    1904.41    6167.89   185036.78 3.9488e+22    1.40   sub
1704   7  14  12  3.39e+22   8.017     0.329075  0.0505338   2.7135     2.498  6.550e+21     1.193      1    0  2.0962e-19  8.3919e-20  2.4012e-20    2696.55    7316.95   219508.51 3.7547e+22    1.75   sub
1705   7  14  13  3.39e+22   8.069     0.329075  0.0646273   2.2954     2.021  4.359e+21     1.129      1    0  1.0236e-19  5.0652e-20  1.9771e-20    3871.50    8886.60   266597.88 3.6219e+22    2.27   sub
1706   7  14  14  3.39e+22   8.104     0.329075  0.0826515   1.9651     1.722  2.825e+21     1.083      1    0  4.9844e-20  2.8950e-20  1.6081e-20    5559.97   10925.67   327770.24 3.5363e+22    3.02   sub
1707   7  14  15  3.39e+22   8.127     0.329075   0.105703   1.6994     1.526  1.809e+21     1.053      1    0  2.4419e-20  1.6005e-20  1.2997e-20    7954.78   13518.67   405560.09 3.4823e+22    4.08   sub
1708   7  14  16  3.39e+22   8.142     0.329075   0.135182   1.4730     1.387  1.131e+21     1.033      0    1  1.1706e-20  8.4404e-21  1.0372e-20   11499.64   16939.47   508184.06 3.4472e+22    5.64   sub
1709   7  14  17  3.39e+22   8.152     0.329075   0.172884   1.2795     1.287  6.958e+20     1.021      0    1  5.5256e-21  4.2922e-21  8.1990e-21   16748.05   21428.80   642863.91 3.4250e+22    7.92   sub
1710   7  14  18  3.39e+22   8.158     0.329075     0.2211   1.1221     1.219  4.353e+20     1.013      0    1  2.6941e-21  2.2110e-21  6.5255e-21   23994.00   26924.58   807737.33 3.4119e+22   11.05   sub
1711   7  15   3  3.39e+22   6.889     0.488036 0.00552168  54.0563  1721.950  2.237e+22     1.660      1    0  4.4580e-17  2.5889e-20  1.8962e-20     171.41    9265.83   277974.77 1.0748e+23    1.69  deep
1712   7  15   4  3.39e+22   7.022     0.488036 0.00706165  38.2714   880.091  2.333e+22     1.688      1    0  2.6018e-17  2.9563e-20  2.0266e-20     226.52    8669.43   260082.91 9.0408e+22    1.63  deep
1713   7  15   5  3.39e+22   7.170     0.488036 0.00903109  25.8984   392.805  2.389e+22     1.705      1    0  1.4685e-17  3.7386e-20  2.2267e-20     304.67    7890.51   236715.38 7.6497e+22    1.49  deep
1714   7  15   6  3.39e+22   7.292     0.488036  0.0115498  18.6625   189.840  2.379e+22     1.702      1    0  9.1801e-18  4.8357e-20  2.4225e-20     388.62    7252.72   217581.49 6.7562e+22    1.35  deep
1715   7  15   7  3.39e+22   7.437     0.488036   0.014771  12.7642    76.950  2.278e+22     1.672      1    0  5.2015e-18  6.7596e-20  2.6401e-20     521.38    6655.01   199650.20 5.9062e+22    1.17  deep
1716   7  15   8  3.39e+22   7.566     0.488036  0.0188905   9.2648    34.624  2.092e+22     1.617      1    0  3.0408e-18  8.7822e-20  2.7571e-20     687.81    6372.39   191171.60 5.2847e+22    1.06 super
1717   7  15   9  3.39e+22   7.685     0.488036   0.024159   7.0315    17.352  1.833e+22     1.541      1    0  1.7722e-18  1.0213e-19  2.7519e-20     907.99    6384.50   191534.85 4.8004e+22    1.00 super
1718   7  15  10  3.39e+22   7.797     0.488036  0.0308968   5.4657     9.462  1.508e+22     1.445      1    0  9.8533e-19  1.0413e-19  2.6207e-20    1226.59    6704.15   201124.62 4.4015e+22    1.01   sub
1719   7  15  11  3.39e+22   7.895     0.488036  0.0395137   4.3756     5.783  1.167e+22     1.344      1    0  5.3209e-19  9.2013e-20  2.3907e-20    1679.56    7349.15   220474.39 4.0954e+22    1.10   sub
1720   7  15  12  3.39e+22   7.974     0.488036  0.0505338   3.5846     3.911  8.520e+21     1.251      1    0  2.7926e-19  7.1398e-20  2.1036e-20    2330.03    8352.30   250568.90 3.8686e+22    1.27   sub
1721   7  15  13  3.39e+22   8.035     0.488036  0.0646273   2.9973     2.892  5.953e+21     1.176      1    0  1.4451e-19  4.9970e-20  1.8029e-20    3251.28    9745.00   292349.98 3.7091e+22    1.53   sub
1722   7  15  14  3.39e+22   8.080     0.488036  0.0826515   2.5256     2.269  3.952e+21     1.117      1    0  7.1652e-20  3.1579e-20  1.5024e-20    4630.30   11694.12   350823.62 3.5956e+22    1.94   sub
1723   7  15  15  3.39e+22   8.110     0.488036   0.105703   2.1584     1.889  2.574e+21     1.076      1    0  3.5540e-20  1.8815e-20  1.2358e-20    6586.96   14217.06   426511.67 3.5217e+22    2.53   sub
1724   7  15  16  3.39e+22   8.131     0.488036   0.135182   1.8529     1.634  1.629e+21     1.048      0    0  1.7161e-20  1.0500e-20  9.9901e-21    9491.48   17587.07   527612.01 3.4725e+22    3.40   sub
1725   7  15  17  3.39e+22   8.145     0.488036   0.172884   1.6033     1.464  1.023e+21     1.030      0    1  8.2924e-21  5.6652e-21  8.0189e-21   13665.40   21910.28   657308.26 3.4415e+22    4.64   sub
1726   7  15  18  3.39e+22   8.153     0.488036     0.2211   1.3905     1.342  6.310e+20     1.019      0    1  3.9353e-21  2.9315e-21  6.3662e-21   19847.32   27598.09   827942.57 3.4217e+22    6.46   sub
1727   7  16   4  3.39e+22   7.048     0.723783 0.00706165  56.1752  1852.256  2.411e+22     1.711      1    1  2.3248e-17  1.2551e-20  1.3028e-20     240.08   13486.45   404593.42 8.7664e+22    1.69  deep
1728   7  16   5  3.39e+22   7.151     0.723783 0.00903109  43.5239  1134.330  2.457e+22     1.725      1    0  1.5526e-17  1.3688e-20  1.3641e-20     295.92   12879.71   386391.23 7.8030e+22    1.66  deep
1729   7  16   6  3.39e+22   7.294     0.723783  0.0115498  30.0350   537.266  2.461e+22     1.726      1    0  8.9113e-18  1.6586e-20  1.4829e-20     394.48   11848.23   355446.94 6.7469e+22    1.55  deep
1730   7  16   7  3.39e+22   7.406     0.723783   0.014771  21.9901   274.906  2.401e+22     1.708      1    0  5.6767e-18  2.0650e-20  1.6042e-20     498.05   10952.25   328567.57 6.0709e+22    1.42  deep
1731   7  16   8  3.39e+22   7.536     0.723783  0.0188905  15.1355   116.240  2.240e+22     1.661      1    0  3.2800e-18  2.8218e-20  1.7563e-20     660.94   10003.57   300107.13 5.4189e+22    1.25  deep
1732   7  16   9  3.39e+22   7.649     0.723783   0.024159  10.9351    52.476  2.009e+22     1.593      1    0  1.9555e-18  3.7264e-20  1.8631e-20     862.37    9430.14   282904.19 4.9390e+22    1.11 super
1733   7  16  10  3.39e+22   7.760     0.723783  0.0308968   7.9922    23.878  1.694e+22     1.500      1    0  1.1020e-18  4.6154e-20  1.8999e-20    1157.06    9247.47   277424.00 4.5270e+22    1.02 super
1734   7  16  11  3.39e+22   7.853     0.723783  0.0395137   6.1830    12.672  1.369e+22     1.404      1    0  6.3136e-19  4.9825e-20  1.8478e-20    1537.77    9508.13   285243.92 4.2231e+22    1.00   sub
1735   7  16  12  3.39e+22   7.933     0.723783  0.0505338   4.9198     7.448  1.047e+22     1.309      1    0  3.5067e-19  4.7081e-20  1.7220e-20    2073.92   10203.20   306095.90 3.9834e+22    1.04   sub
1736   7  16  13  3.39e+22   7.999     0.723783  0.0646273   4.0121     4.846  7.633e+21     1.225      1    0  1.8966e-19  3.9135e-20  1.5465e-20    2831.75   11361.14   340834.13 3.8020e+22    1.16   sub
1737   7  16  14  3.39e+22   8.052     0.723783  0.0826515   3.3167     3.410  5.276e+21     1.156      1    0  9.8090e-20  2.8763e-20  1.3409e-20    3950.47   13102.37   393070.96 3.6659e+22    1.37   sub
1738   7  16  15  3.39e+22   8.090     0.723783   0.105703   2.7848     2.591  3.524e+21     1.104      1    0  4.9656e-20  1.9162e-20  1.1336e-20    5565.60   15499.24   464977.21 3.5708e+22    1.68   sub
1739   7  16  16  3.39e+22   8.117     0.723783   0.135182   2.3649     2.092  2.292e+21     1.068      1    0  2.4659e-20  1.1787e-20  9.3913e-21    7910.99   18708.35   561250.53 3.5063e+22    2.16   sub
1740   7  16  17  3.39e+22   8.135     0.723783   0.172884   2.0229     1.769  1.455e+21     1.043      0    1  1.1989e-20  6.7753e-21  7.6466e-21   11358.51   22976.89   689306.68 3.4634e+22    2.86   sub
1741   7  16  18  3.39e+22   8.147     0.723783     0.2211   1.7491     1.559  9.227e+20     1.027      0    1  5.8823e-21  3.7719e-21  6.1903e-21   16227.35   28382.58   851477.50 3.4364e+22    3.84   sub
1742   7  17   6  3.39e+22   7.244      1.07341  0.0115498  54.0655  1722.508  2.513e+22     1.741      1    1  1.0715e-17  6.2206e-21  9.0644e-21     358.51   19383.11   581493.37 7.0890e+22    1.69  deep
1743   7  17   7  3.39e+22   7.380      1.07341   0.014771  38.1525   874.647  2.470e+22     1.729      1    1  6.2107e-18  7.1009e-21  9.6887e-21     475.30   18134.05   544021.40 6.2202e+22    1.63  deep
1744   7  17   8  3.39e+22   7.514      1.07341  0.0188905  25.9459   394.354  2.328e+22     1.687      1    1  3.5050e-18  8.8879e-21  1.0606e-20     638.45   16565.12   496953.70 5.5205e+22    1.49  deep
1745   7  17   9  3.39e+22   7.616      1.07341   0.024159  18.8231   193.606  2.139e+22     1.631      1    1  2.1917e-18  1.1321e-20  1.1483e-20     812.83   15299.94   458998.09 5.0714e+22    1.35  deep
1746   7  17  10  3.39e+22   7.728      1.07341  0.0308968  12.9457    79.659  1.843e+22     1.544      1    0  1.2361e-18  1.5517e-20  1.2448e-20    1090.26   14114.13   423423.93 4.6414e+22    1.18  deep
1747   7  17  11  3.39e+22   7.820      1.07341  0.0395137   9.4114    36.020  1.526e+22     1.450      1    0  7.1579e-19  1.9872e-20  1.2953e-20    1441.26   13564.24   406927.35 4.3260e+22    1.06 super
1748   7  17  12  3.39e+22   7.899      1.07341  0.0505338   7.1517    18.096  1.213e+22     1.358      1    0  4.1362e-19  2.2857e-20  1.2893e-20    1905.50   13627.60   408827.97 4.0825e+22    1.00 super
1749   7  17  13  3.39e+22   7.967      1.07341  0.0646273   5.6086    10.049  9.204e+21     1.271      1    0  2.3290e-19  2.3176e-20  1.2284e-20    2550.19   14302.99   429089.56 3.8899e+22    1.01   sub
1750   7  17  14  3.39e+22   8.022      1.07341  0.0826515   4.5152     6.179  6.681e+21     1.197      1    0  1.2733e-19  2.0607e-20  1.1243e-20    3461.02   15627.06   468811.72 3.7411e+22    1.08   sub
1751   7  17  15  3.39e+22   8.066      1.07341   0.105703   3.7002     4.147  4.636e+21     1.137      1    0  6.6923e-20  1.6137e-20  9.9187e-21    4787.13   17713.51   531405.35 3.6286e+22    1.23   sub
1752   7  17  16  3.39e+22   8.100      1.07341   0.135182   3.0774     3.014  3.097e+21     1.091      1    0  3.3994e-20  1.1277e-20  8.4823e-21    6730.66   20713.15   621394.65 3.5474e+22    1.48   sub
1753   7  17  17  3.39e+22   8.123      1.07341   0.172884   2.5998     2.357  2.027e+21     1.060      1    0  1.7070e-20  7.2438e-21  7.1049e-21    9511.65   24728.64   741859.23 3.4923e+22    1.86   sub
1754   7  17  18  3.39e+22   8.139      1.07341     0.2211   2.2216     1.948  1.307e+21     1.039      0    1  8.4926e-21  4.3589e-21  5.8590e-21   13498.19   29987.54   899626.20 3.4557e+22    2.40   sub
1755   7  18   7  3.39e+22   7.403      1.59192   0.014771  56.2413  1856.389  2.482e+22     1.732      1    1  5.5814e-18  3.0066e-21  6.2209e-21     502.17   28242.89   847286.82 6.0899e+22    1.69  deep
1756   7  18   8  3.39e+22   7.495      1.59192  0.0188905  43.9398  1155.590  2.385e+22     1.703      1    1  3.7559e-18  3.2502e-21  6.4915e-21     615.97   27065.37   811961.17 5.6124e+22    1.66  deep
1757   7  18   9  3.39e+22   7.614      1.59192   0.024159  30.6491   560.347  2.174e+22     1.641      1    1  2.1650e-18  3.8637e-21  7.0105e-21     817.70   25061.65   751849.57 5.0812e+22    1.56  deep
1758   7  18  10  3.39e+22   7.703      1.59192  0.0308968  22.4923   288.996  1.947e+22     1.574      1    1  1.3681e-18  4.7340e-21  7.5500e-21    1034.62   23270.94   698128.33 4.7330e+22    1.43  deep
1759   7  18  11  3.39e+22   7.796      1.59192  0.0395137  15.6227   125.347  1.639e+22     1.484      1    1  7.9084e-19  6.3092e-21  8.2146e-21    1369.05   21388.30   641649.12 4.4047e+22    1.26  deep
1760   7  18  12  3.39e+22   7.877      1.59192  0.0505338  11.1269    54.802  1.325e+22     1.391      1    1  4.5561e-19  8.3138e-21  8.7094e-21    1812.99   20173.07   605192.19 4.1497e+22    1.12 super
1761   7  18  13  3.39e+22   7.944      1.59192  0.0646273   8.2521    25.875  1.032e+22     1.305      1    0  2.6150e-19  1.0106e-20  8.8590e-21    2403.30   19832.38   594971.26 3.9525e+22    1.03 super
1762   7  18  14  3.39e+22   7.997      1.59192  0.0826515   6.4554    14.067  7.909e+21     1.233      1    0  1.5331e-19  1.0899e-20  8.6424e-21    3149.21   20329.40   609882.09 3.8074e+22    1.00  crit
1763   7  18  15  3.39e+22   8.045      1.59192   0.105703   5.0867     8.026  5.689e+21     1.168      1    0  8.3238e-20  1.0370e-20  8.0578e-21    4286.58   21804.51   654135.28 3.6836e+22    1.03   sub
1764   7  18  16  3.39e+22   8.080      1.59192   0.135182   4.1470     5.178  4.009e+21     1.118      1    0  4.5104e-20  8.7105e-21  7.2593e-21    5836.18   24202.91   726087.17 3.5942e+22    1.13   sub
1765   7  18  17  3.39e+22   8.108      1.59192   0.172884   3.4298     3.614  2.719e+21     1.080      1    0  2.3477e-20  6.4957e-21  6.3217e-21    8103.32   27792.58   833777.52 3.5274e+22    1.32   sub
1766   7  18  18  3.39e+22   8.128      1.59192     0.2211   2.8730     2.712  1.788e+21     1.053      1    1  1.1843e-20  4.3670e-21  5.3536e-21   11422.98   32818.46   984553.82 3.4799e+22    1.62   sub
1767   7  19   9  3.39e+22   7.573      2.36091   0.024159  54.8799  1772.130  2.275e+22     1.671      1    1  2.5999e-18  1.4671e-21  4.3019e-21     744.19   40840.99  1225229.83 5.2534e+22    1.69  deep
1768   7  19  10  3.39e+22   7.701      2.36091  0.0308968  36.4713   799.187  1.967e+22     1.580      1    1  1.3537e-18  1.6938e-21  4.6320e-21    1040.03   37931.12  1137933.67 4.7388e+22    1.61  deep
1769   7  19  11  3.39e+22   7.792      2.36091  0.0395137  25.6137   383.591  1.671e+22     1.493      1    1  7.9128e-19  2.0628e-21  5.0133e-21    1368.25   35046.00  1051380.12 4.4205e+22    1.49  deep
1770   7  19  12  3.39e+22   7.854      2.36091  0.0505338  19.2769   204.437  1.430e+22     1.422      1    1  5.1610e-19  2.5245e-21  5.3582e-21    1700.99   32789.81   983694.15 4.2192e+22    1.36  deep
1771   7  19  13  3.39e+22   7.926      2.36091  0.0646273  13.3198    85.399  1.122e+22     1.331      1    1  2.8945e-19  3.3894e-21  5.7810e-21    2281.70   30391.83   911754.78 4.0042e+22    1.19  deep
1772   7  19  14  3.39e+22   7.982      2.36091  0.0826515   9.7124    38.988  8.671e+21     1.256      1    1  1.6722e-19  4.2891e-21  6.0050e-21    3012.46   29258.26   877747.80 3.8483e+22    1.07 super
1773   7  19  15  3.39e+22   8.026      2.36091   0.105703   7.4500    20.031  6.613e+21     1.195      1    1  9.8318e-20  4.9083e-21  5.9863e-21    3939.51   29349.51   880485.27 3.7323e+22    1.01 super
1774   7  19  16  3.39e+22   8.064      2.36091   0.135182   5.8006    10.878  4.805e+21     1.142      1    1  5.4573e-20  5.0167e-21  5.7146e-21    5300.32   30744.94   922348.24 3.6352e+22    1.00   sub
1775   7  19  17  3.39e+22   8.093      2.36091   0.172884   4.6720     6.649  3.417e+21     1.101      1    1  3.0007e-20  4.5129e-21  5.2516e-21    7160.92   33455.78  1003673.34 3.5629e+22    1.06   sub
1776   7  19  18  3.39e+22   8.117      2.36091     0.2211   3.8149     4.393  2.328e+21     1.069      1    1  1.5682e-20  3.5694e-21  4.6427e-21    9919.98   37843.28  1135298.40 3.5072e+22    1.20   sub
1777   7  20  10  3.39e+22   7.703      3.50135  0.0308968  56.8997  1897.725  1.971e+22     1.581      1    1  1.3272e-18  6.9935e-22  2.9395e-21    1050.45   59770.48  1793114.47 4.7331e+22    1.69  deep
1778   7  20  11  3.39e+22   7.764      3.50135  0.0395137  45.8515  1255.411  1.777e+22     1.524      1    1  9.2840e-19  7.3952e-22  3.0389e-21    1260.92   57815.02  1734450.68 4.5151e+22    1.67  deep
1779   7  20  12  3.39e+22   7.846      3.50135  0.0505338  32.3277   625.541  1.468e+22     1.433      1    1  5.3402e-19  8.5369e-22  3.2517e-21    1671.37   54031.62  1620948.47 4.2435e+22    1.58  deep
1780   7  20  13  3.39e+22   7.918      3.50135  0.0646273  22.1392   279.056  1.162e+22     1.343      1    1  2.9959e-19  1.0736e-21  3.5402e-21    2241.65   49628.26  1488847.90 4.0269e+22    1.42  deep
1781   7  20  14  3.39e+22   7.965      3.50135  0.0826515  16.4502   141.605  9.475e+21     1.279      1    1  1.8967e-19  1.3394e-21  3.7798e-21    2825.67   46482.93  1394487.79 3.8934e+22    1.29  deep
1782   7  20  15  3.39e+22   8.014      3.50135   0.105703  11.5899    60.647  7.178e+21     1.212      1    1  1.0675e-19  1.7602e-21  4.0125e-21    3778.02   43786.81  1313604.45 3.7620e+22    1.13 super
1783   7  20  16  3.39e+22   8.050      3.50135   0.135182   8.6896    29.465  5.452e+21     1.161      1    1  6.2590e-20  2.1242e-21  4.0887e-21    4945.14   42971.09  1289132.70 3.6686e+22    1.04 super
1784   7  20  17  3.39e+22   8.081      3.50135   0.172884   6.6662    15.215  3.999e+21     1.118      1    1  3.5332e-20  2.3222e-21  3.9968e-21    6594.32   43958.77  1318763.06 3.5925e+22    1.00 super
1785   7  20  18  3.39e+22   8.105      3.50135     0.2211   5.2887     8.770  2.869e+21     1.085      1    1  1.9640e-20  2.2395e-21  3.7505e-21    8857.77   46846.31  1405389.15 3.5345e+22    1.02   sub
1786   7  21  12  3.39e+22   7.819      5.19269  0.0505338  57.4640  1933.452  1.581e+22     1.466      1    1  6.4242e-19  3.3227e-22  2.0100e-21    1521.16   87412.17  2622365.12 4.3316e+22    1.69  deep
1787   7  21  13  3.39e+22   7.907      5.19269  0.0646273  37.8971   862.999  1.212e+22     1.358      1    1  3.2284e-19  3.7410e-22  2.1484e-21    2157.95   81780.00  2453400.03 4.0579e+22    1.62  deep
1788   7  21  14  3.39e+22   7.956      5.19269  0.0826515  28.1446   468.827  9.905e+21     1.292      1    1  2.0245e-19  4.3181e-22  2.2837e-21    2733.55   76934.45  2308033.53 3.9178e+22    1.53  deep
1789   7  21  15  3.39e+22   8.002      5.19269   0.105703  19.9743   221.623  7.753e+21     1.229      1    1  1.1942e-19  5.3883e-22  2.4643e-21    3569.41   71296.39  2138891.82 3.7931e+22    1.38  deep
1790   7  21  16  3.39e+22   8.043      5.19269   0.135182  13.8308    93.580  5.818e+21     1.172      1    1  6.6648e-20  7.1220e-22  2.6520e-21    4790.02   66249.88  1987496.31 3.6875e+22    1.21  deep
1791   7  21  17  3.39e+22   8.071      5.19269   0.172884  10.3229    45.434  4.476e+21     1.132      1    1  4.0126e-20  8.8317e-22  2.7522e-21    6184.07   63837.31  1915119.25 3.6169e+22    1.09 super
1792   7  21  18  3.39e+22   8.096      5.19269     0.2211   7.7880    22.378  3.317e+21     1.098      1    1  2.2994e-20  1.0275e-21  2.7574e-21    8181.69   63718.87  1911565.97 3.5572e+22    1.02 super
1793   7  22  13  3.39e+22   7.910      7.70104  0.0646273  58.3504  1990.147  1.200e+22     1.354      1    1  3.1100e-19  1.5627e-22  1.3692e-21    2199.08  128317.52  3849525.67 4.0491e+22    1.70  deep
1794   7  22  14  3.39e+22   7.941      7.70104  0.0826515  49.2870  1443.316  1.061e+22     1.313      1    1  2.3289e-19  1.6136e-22  1.4000e-21    2546.19  125494.03  3764820.84 3.9604e+22    1.68  deep
1795   7  22  15  3.39e+22   7.994      7.70104   0.105703  34.4020   710.242  8.138e+21     1.240      1    1  1.2925e-19  1.8198e-22  1.4893e-21    3429.22  117971.94  3539158.27 3.8143e+22    1.60  deep
1796   7  22  16  3.39e+22   8.036      7.70104   0.135182  23.6063   321.385  6.139e+21     1.181      1    1  7.1683e-20  2.2304e-22  1.6121e-21    4616.83  108986.48  3269594.25 3.7044e+22    1.45  deep
1797   7  22  17  3.39e+22   8.063      7.70104   0.172884  17.4749   163.093  4.862e+21     1.143      1    1  4.4848e-20  2.7498e-22  1.7197e-21    5846.58  102168.43  3065052.82 3.6368e+22    1.32  deep
1798   7  22  18  3.39e+22   8.090      7.70104     0.2211  12.2177    69.100  3.592e+21     1.106      1    1  2.4918e-20  3.6060e-22  1.8304e-21    7856.67   95990.18  2879705.48 3.5712e+22    1.15  deep
1799   7  23  15  3.39e+22   8.002       11.421   0.105703  51.3318  1560.271  7.792e+21     1.230      1    1  1.1635e-19  7.4570e-23  9.4656e-22    3616.00  185615.64  5568469.05 3.7949e+22    1.68  deep
1800   7  23  16  3.39e+22   8.027       11.421   0.135182  41.6052  1038.368  6.593e+21     1.194      1    1  8.1666e-20  7.8648e-23  9.7688e-22    4322.89  179854.74  5395642.23 3.7289e+22    1.65  deep
1801   7  23  17  3.39e+22   8.063       11.421   0.172884  28.4249   478.722  4.892e+21     1.144      1    1  4.4242e-20  9.2417e-23  1.0501e-21    5886.27  167316.35  5019490.44 3.6384e+22    1.53  deep
1802   7  23  18  3.39e+22   8.085       11.421     0.2211  20.8085   243.032  3.831e+21     1.113      1    1  2.7167e-20  1.1178e-22  1.1225e-21    7522.09  156523.65  4695709.46 3.5835e+22    1.40  deep
1803   7  24  17  3.39e+22   8.061       16.938   0.172884  46.1106  1269.207  4.953e+21     1.146      1    1  4.4843e-20  3.5331e-23  6.5176e-22    5846.18  269571.12  8087133.59 3.6420e+22    1.67  deep
1804   7  24  18  3.39e+22   8.081       16.938     0.2211  35.5367   758.473  4.003e+21     1.118      1    1  2.9111e-20  3.8381e-23  6.8054e-22    7264.91  258170.93  7745127.79 3.5925e+22    1.61  deep
1805   7  25  18  3.39e+22   8.084        25.12     0.2211  53.9913  1718.014  3.874e+21     1.114      1    1  2.7124e-20  1.5788e-23  4.3231e-22    7527.43  406415.54 12192466.22 3.5866e+22    1.69  deep
1806   8   1   1  6.79e+22   7.206      0.00196   0.003376   0.7315     1.091  2.569e+20     1.004      0    0  4.5943e-18  4.2120e-18  8.8091e-19     546.09     399.48    11984.49 7.3636e+22   35.28   sub
1807   8   1   2  6.79e+22   7.238      0.00196 0.00431755   0.6380     1.069  2.543e+20     1.004      0    0  2.0998e-18  1.9647e-18  6.8135e-19     809.52     516.49    15494.77 7.1313e+22   51.99   sub
1808   8   2   1  6.79e+22   7.175   0.00290678   0.003376   0.8927     1.136  3.808e+20     1.006      0    0  6.4794e-18  5.7022e-18  8.5917e-19     458.84     409.59    12287.84 7.6083e+22   20.31   sub
1809   8   2   2  6.79e+22   7.214   0.00290678 0.00431755   0.7879     1.106  3.776e+20     1.006      0    0  3.2176e-18  2.9104e-18  6.8413e-19     652.90     514.39    15431.68 7.3050e+22   28.66   sub
1810   8   2   3  6.79e+22   7.240   0.00290678 0.00552168   0.6960     1.082  3.725e+20     1.005      0    0  1.5871e-18  1.4668e-18  5.4289e-19     931.33     648.21    19446.38 7.1124e+22   40.59   sub
1811   8   2   4  6.79e+22   7.258   0.00290678 0.00706165   0.6105     1.063  3.641e+20     1.005      0    0  7.4409e-19  7.0007e-19  4.2325e-19    1361.85     831.45    24943.35 6.9850e+22   58.98   sub
1812   8   3   1  6.79e+22   7.126   0.00431092   0.003376   1.1124     1.215  5.647e+20     1.008      0    0  9.9672e-18  8.2063e-18  8.5808e-19     368.68     410.11    12303.35 8.0228e+22   11.30   sub
1813   8   3   2  6.79e+22   7.182   0.00431092 0.00431755   0.9722     1.162  5.599e+20     1.008      0    0  4.7959e-18  4.1258e-18  6.7839e-19     533.60     518.74    15562.29 7.5513e+22   16.12   sub
1814   8   3   3  6.79e+22   7.221   0.00431092 0.00552168   0.8512     1.124  5.518e+20     1.008      0    0  2.2879e-18  2.0362e-18  5.3371e-19     774.61     659.36    19780.91 7.2569e+22   23.14   sub
1815   8   3   4  6.79e+22   7.246   0.00431092 0.00706165   0.7459     1.094  5.392e+20     1.008      0    0  1.0807e-18  9.8741e-19  4.1785e-19    1129.06     842.19    25265.56 7.0741e+22   33.40   sub
1816   8   3   5  6.79e+22   7.261   0.00431092 0.00903109   0.6574     1.073  5.198e+20     1.008      0    0  5.2199e-19  4.8645e-19  3.2916e-19    1626.29    1069.11    32073.33 6.9654e+22   47.73   sub
1817   8   4   1  6.79e+22   7.067   0.00639332   0.003376   1.3834     1.339  8.368e+20     1.012      0    0  1.4526e-17  1.0851e-17  8.3643e-19     304.13     420.73    12621.91 8.5746e+22    6.54   sub
1818   8   4   2  6.79e+22   7.140   0.00639332 0.00431755   1.2037     1.253  8.298e+20     1.012      0    0  7.0476e-18  5.6251e-18  6.6614e-19     438.87     528.28    15848.35 7.9013e+22    9.23   sub
1819   8   4   3  6.79e+22   7.192   0.00639332 0.00552168   1.0504     1.191  8.180e+20     1.012      0    0  3.3833e-18  2.8418e-18  5.2701e-19     635.72     667.75    20032.36 7.4758e+22   13.13   sub
1820   8   4   4  6.79e+22   7.227   0.00639332 0.00706165   0.9171     1.144  7.988e+20     1.012      0    0  1.5965e-18  1.3954e-18  4.1360e-19     927.74     850.84    25525.12 7.2079e+22   18.87   sub
1821   8   4   5  6.79e+22   7.249   0.00639332 0.00903109   0.8084     1.111  7.707e+20     1.011      0    0  7.8266e-19  7.0429e-19  3.2804e-19    1327.01    1072.75    32182.58 7.0508e+22   26.68   sub
1822   8   4   6  6.79e+22   7.263   0.00639332  0.0115498   0.7128     1.086  7.281e+20     1.011      0    0  3.8024e-19  3.5010e-19  2.5908e-19    1905.72    1358.31    40749.22 6.9516e+22   37.96   sub
1823   8   4   7  6.79e+22   7.273   0.00639332   0.014771   0.6220     1.065  6.592e+20     1.010      0    1  1.7250e-19  1.6192e-19  1.9984e-19    2831.30    1760.95    52828.41 6.8857e+22   55.92   sub
1824   8   5   1  6.79e+22   6.991   0.00948164   0.003376   1.7489     1.559  1.241e+21     1.018      0    0  2.1646e-17  1.3881e-17  8.1203e-19     247.79     433.37    13001.09 9.3946e+22    3.84   sub
1825   8   5   2  6.79e+22   7.085   0.00948164 0.00431755   1.5027     1.404  1.229e+21     1.018      0    0  1.0314e-17  7.3480e-18  6.4805e-19     361.38     543.02    16290.75 8.4001e+22    5.38   sub
1826   8   5   3  6.79e+22   7.153   0.00948164 0.00552168   1.3015     1.298  1.211e+21     1.018      0    0  4.9337e-18  3.8014e-18  5.1497e-19     525.04     683.35    20500.62 7.7847e+22    7.59   sub
1827   8   5   4  6.79e+22   7.201   0.00948164 0.00706165   1.1337     1.223  1.183e+21     1.017      0    0  2.3629e-18  1.9317e-18  4.0778e-19     761.19     862.99    25889.64 7.4035e+22   10.76   sub
1828   8   5   5  6.79e+22   7.232   0.00948164 0.00903109   0.9934     1.170  1.140e+21     1.017      0    0  1.1436e-18  9.7761e-19  3.2306e-19    1096.54    1089.29    32678.69 7.1704e+22   15.22   sub
1829   8   5   6  6.79e+22   7.253   0.00948164  0.0115498   0.8691     1.129  1.073e+21     1.016      0    0  5.3984e-19  4.7816e-19  2.5335e-19    1598.27    1389.01    41670.25 7.0217e+22   21.85   sub
1830   8   5   7  6.79e+22   7.266   0.00948164   0.014771   0.7617     1.099  9.747e+20     1.014      0    0  2.5439e-19  2.3157e-19  1.9824e-19    2330.39    1775.16    53254.91 6.9308e+22   31.49   sub
1831   8   5   8  6.79e+22   7.274   0.00948164  0.0188905   0.6765     1.077  8.533e+20     1.013      0    1  1.2814e-19  1.1893e-19  1.5835e-19    3285.23    2222.33    66669.92 6.8794e+22   44.01   sub
1832   8   5   9  6.79e+22   7.279   0.00948164   0.024159   0.5980     1.060  6.970e+20     1.010      0    1  6.2428e-20  5.8878e-20  1.2500e-19    4708.29    2815.36    84460.71 6.8454e+22   62.61   sub
1833   8   6   1  6.79e+22   6.908    0.0140618   0.003376   2.2360     1.962  1.837e+21     1.027      0    0  3.1180e-17  1.5890e-17  7.6683e-19     205.24     458.91    13767.43 1.0473e+23    2.38   sub
1834   8   6   2  6.79e+22   7.017    0.0140618 0.00431755   1.8984     1.669  1.819e+21     1.027      0    0  1.4973e-17  8.9710e-18  6.2099e-19     298.51     566.69    17000.71 9.0936e+22    3.24   sub
1835   8   6   3  6.79e+22   7.102    0.0140618 0.00552168   1.6344     1.483  1.794e+21     1.026      0    0  7.3103e-18  4.9284e-18  5.0099e-19     429.77     702.43    21072.98 8.2395e+22    4.45   sub
1836   8   6   4  6.79e+22   7.166    0.0140618 0.00706165   1.4097     1.353  1.750e+21     1.026      0    0  3.4627e-18  2.5602e-18  3.9796e-19     627.26     884.29    26528.56 7.6811e+22    6.25   sub
1837   8   6   5  6.79e+22   7.208    0.0140618 0.00903109   1.2303     1.265  1.687e+21     1.025      0    0  1.6901e-18  1.3363e-18  3.1763e-19     900.52    1107.92    33237.57 7.3472e+22    8.73   sub
1838   8   6   6  6.79e+22   7.237    0.0140618  0.0115498   1.0766     1.201  1.591e+21     1.023      0    0  8.1809e-19  6.8146e-19  2.5204e-19    1296.89    1396.24    41887.10 7.1358e+22   12.30   sub
1839   8   6   7  6.79e+22   7.256    0.0140618   0.014771   0.9423     1.152  1.448e+21     1.021      0    0  3.8945e-19  3.3798e-19  1.9843e-19    1882.10    1773.43    53202.94 7.0020e+22   17.54   sub
1840   8   6   8  6.79e+22   7.268    0.0140618  0.0188905   0.8290     1.117  1.259e+21     1.019      0    0  1.8839e-19  1.6863e-19  1.5674e-19    2708.30    2245.11    67353.45 6.9211e+22   24.89   sub
1841   8   6   9  6.79e+22   7.275    0.0140618   0.024159   0.7292     1.090  1.021e+21     1.015      0    1  9.0185e-20  8.2724e-20  1.2322e-19    3916.30    2855.89    85676.72 6.8705e+22   35.59   sub
1842   8   6  10  6.79e+22   7.280    0.0140618  0.0308968   0.6366     1.068  7.452e+20     1.011      0    1  4.0991e-20  3.8365e-20  9.5126e-20    5810.88    3699.41   110982.32 6.8377e+22   52.31   sub
1843   8   7   1  6.79e+22   6.824    0.0208544   0.003376   2.9204     2.779  2.718e+21     1.040      0    0  4.3666e-17  1.5711e-17  6.9905e-19     172.38     503.41    15102.32 1.1836e+23    1.58   sub
1844   8   7   2  6.79e+22   6.938    0.0208544 0.00431755   2.4509     2.185  2.693e+21     1.040      0    0  2.1768e-17  9.9638e-18  5.8327e-19     246.17     603.34    18100.18 1.0053e+23    2.04   sub
1845   8   7   3  6.79e+22   7.039    0.0208544 0.00552168   2.0773     1.816  2.652e+21     1.039      0    0  1.0619e-17  5.8471e-18  4.7721e-19     355.00     737.44    22123.07 8.8577e+22    2.72   sub
1846   8   7   4  6.79e+22   7.118    0.0208544 0.00706165   1.7810     1.582  2.590e+21     1.038      0    0  5.1759e-18  3.2718e-18  3.8641e-19     511.33     910.71    27321.26 8.0926e+22    3.69   sub
1847   8   7   5  6.79e+22   7.177    0.0208544 0.00903109   1.5321     1.421  2.490e+21     1.037      0    0  2.4536e-18  1.7270e-18  3.0800e-19     745.75    1142.55    34276.55 7.5927e+22    5.15   sub
1848   8   7   6  6.79e+22   7.216    0.0208544  0.0115498   1.3335     1.313  2.346e+21     1.035      0    0  1.1933e-18  9.0851e-19  2.4612e-19    1072.25    1429.81    42894.44 7.2914e+22    7.15   sub
1849   8   7   7  6.79e+22   7.242    0.0208544   0.014771   1.1610     1.235  2.131e+21     1.031      0    0  5.6675e-19  4.5908e-19  1.9446e-19    1558.72    1809.70    54290.85 7.0976e+22   10.12   sub
1850   8   7   8  6.79e+22   7.259    0.0208544  0.0188905   1.0152     1.178  1.842e+21     1.027      0    0  2.7017e-19  2.2942e-19  1.5336e-19    2260.24    2294.62    68838.67 6.9789e+22   14.36   sub
1851   8   7   9  6.79e+22   7.270    0.0208544   0.024159   0.8869     1.134  1.476e+21     1.022      0    1  1.2621e-19  1.1125e-19  1.1990e-19    3309.35    2935.09    88052.84 6.9043e+22   20.67   sub
1852   8   7  10  6.79e+22   7.276    0.0208544  0.0308968   0.7850     1.105  1.116e+21     1.016      0    1  6.2839e-20  5.6878e-20  9.5537e-20    4692.07    3683.50   110505.15 6.8620e+22   28.95   sub
1853   8   7  11  6.79e+22   7.280    0.0208544  0.0395137   0.6949     1.082  7.835e+20     1.012      0    1  3.1066e-20  2.8718e-20  7.5864e-20    6675.04    4638.67   139160.14 6.8352e+22   40.77   sub
1854   8   7  12  6.79e+22   7.283    0.0208544  0.0505338   0.6103     1.063  5.059e+20     1.007      0    1  1.4576e-20  1.3714e-20  5.9157e-20    9746.87    5948.74   178462.15 6.8173e+22   59.03   sub
1855   8   8   1  6.79e+22   6.755    0.0309281   0.003376   3.9008     4.586  4.008e+21     1.059      1    0  5.6876e-17  1.2402e-17  6.0035e-19     150.27     586.17    17585.19 1.3282e+23    1.18   sub
1856   8   8   2  6.79e+22   6.861    0.0309281 0.00431755   3.2303     3.262  3.972e+21     1.059      1    0  3.0060e-17  9.2154e-18  5.2296e-19     208.32     672.92    20187.64 1.1196e+23    1.40   sub
1857   8   8   3  6.79e+22   6.968    0.0309281 0.00552168   2.6948     2.474  3.912e+21     1.058      1    0  1.5134e-17  6.1171e-18  4.4137e-19     295.87     797.31    23919.32 9.6680e+22    1.76   sub
1858   8   8   4  6.79e+22   7.062    0.0309281 0.00706165   2.2732     1.999  3.817e+21     1.056      1    0  7.4278e-18  3.7165e-18  3.6413e-19     425.15     966.44    28993.08 8.6266e+22    2.31   sub
1859   8   8   5  6.79e+22   7.135    0.0309281 0.00903109   1.9350     1.698  3.668e+21     1.054      1    0  3.5726e-18  2.1044e-18  2.9513e-19     616.22    1192.38    35771.44 7.9401e+22    3.12   sub
1860   8   8   6  6.79e+22   7.187    0.0309281  0.0115498   1.6696     1.506  3.452e+21     1.051      1    0  1.7465e-18  1.1597e-18  2.3830e-19     884.52    1476.78    44303.40 7.5144e+22    4.24   sub
1861   8   8   7  6.79e+22   7.223    0.0309281   0.014771   1.4469     1.373  3.139e+21     1.046      0    0  8.4164e-19  6.1321e-19  1.9040e-19    1277.35    1848.24    55447.25 7.2405e+22    5.88   sub
1862   8   8   8  6.79e+22   7.247    0.0309281  0.0188905   1.2585     1.278  2.711e+21     1.040      0    0  4.0164e-19  3.1438e-19  1.5098e-19    1852.14    2330.91    69927.43 7.0676e+22    8.25   sub
1863   8   8   9  6.79e+22   7.262    0.0309281   0.024159   1.1033     1.211  2.204e+21     1.032      0    0  1.9585e-19  1.6173e-19  1.2013e-19    2655.04    2929.43    87882.99 6.9632e+22   11.54   sub
1864   8   8  10  6.79e+22   7.271    0.0309281  0.0308968   0.9672     1.161  1.648e+21     1.024      0    1  9.3947e-20  8.0939e-20  9.4846e-20    3836.06    3710.34   111310.05 6.8967e+22   16.35   sub
1865   8   8  11  6.79e+22   7.277    0.0309281  0.0395137   0.8491     1.123  1.137e+21     1.017      0    1  4.4863e-20  3.9949e-20  7.4629e-20    5553.45    4715.43   141462.87 6.8555e+22   23.29   sub
1866   8   8  12  6.79e+22   7.281    0.0309281  0.0505338   0.7452     1.094  7.373e+20     1.011      0    1  2.1184e-20  1.9360e-20  5.8419e-20    8083.85    6023.93   180718.02 6.8298e+22   33.49   sub
1867   8   8  13  6.79e+22   7.284    0.0309281  0.0646273   0.6572     1.073  4.696e+20     1.007      0    1  1.0216e-20  9.5211e-21  4.5993e-20   11642.49    7651.33   229540.03 6.8146e+22   47.78   sub
1868   8   9   1  6.79e+22   6.700    0.0458681   0.003376   5.4703     9.481  5.886e+21     1.087      1    0  7.0950e-17  7.4836e-18  4.8009e-19     134.00     733.01    21990.23 1.4748e+23    1.01   sub
1869   8   9   2  6.79e+22   6.798    0.0458681 0.00431755   4.3714     5.771  5.829e+21     1.086      1    0  3.8342e-17  6.6439e-18  4.3847e-19     183.60     802.59    24077.70 1.2345e+23    1.10   sub
1870   8   9   3  6.79e+22   6.901    0.0458681 0.00552168   3.5709     3.884  5.738e+21     1.084      1    0  2.0209e-17  5.2030e-18  3.8677e-19     254.80     909.87    27296.19 1.0572e+23    1.27   sub
1871   8   9   4  6.79e+22   6.998    0.0458681 0.00706165   2.9729     2.856  5.600e+21     1.082      1    0  1.0459e-17  3.6625e-18  3.3190e-19     356.66    1060.30    31809.09 9.3133e+22    1.55   sub
1872   8   9   5  6.79e+22   7.083    0.0458681 0.00903109   2.4969     2.236  5.383e+21     1.079      1    0  5.1965e-18  2.3239e-18  2.7687e-19     509.05    1271.04    38131.22 8.4186e+22    1.98   sub
1873   8   9   6  6.79e+22   7.148    0.0458681  0.0115498   2.1256     1.859  5.062e+21     1.075      1    0  2.5632e-18  1.3788e-18  2.2737e-19     728.15    1547.75    46432.38 7.8295e+22    2.60   sub
1874   8   9   7  6.79e+22   7.196    0.0458681   0.014771   1.8227     1.612  4.597e+21     1.068      1    0  1.2408e-18  7.6976e-19  1.8387e-19    1050.05    1913.90    57416.97 7.4422e+22    3.52   sub
1875   8   9   8  6.79e+22   7.229    0.0458681  0.0188905   1.5737     1.446  3.971e+21     1.058      1    0  5.9598e-19  4.1228e-19  1.4725e-19    1518.58    2389.86    71695.87 7.1955e+22    4.84   sub
1876   8   9   9  6.79e+22   7.250    0.0458681   0.024159   1.3670     1.330  3.209e+21     1.047      0    0  2.8589e-19  2.1491e-19  1.1724e-19    2195.84    3001.61    90048.33 7.0411e+22    6.73   sub
1877   8   9  10  6.79e+22   7.264    0.0458681  0.0308968   1.1938     1.249  2.402e+21     1.035      0    0  1.3781e-19  1.1037e-19  9.3115e-20    3165.77    3779.29   113378.81 6.9456e+22    9.42   sub
1878   8   9  11  6.79e+22   7.273    0.0458681  0.0395137   1.0451     1.189  1.663e+21     1.024      0    1  6.6076e-20  5.5595e-20  7.3611e-20    4574.58    4780.67   143420.21 6.8860e+22   13.30   sub
1879   8   9  12  6.79e+22   7.278    0.0458681  0.0505338   0.9146     1.143  1.080e+21     1.016      0    1  3.1189e-20  2.7281e-20  5.7765e-20    6660.97    6092.06   182761.88 6.8485e+22   19.01   sub
1880   8   9  13  6.79e+22   7.282    0.0458681  0.0646273   0.8075     1.111  6.973e+20     1.010      0    1  1.5318e-20  1.3787e-20  4.5839e-20    9506.89    7677.14   230314.23 6.8265e+22   26.76   sub
1881   8   9  14  6.79e+22   7.284    0.0458681  0.0826515   0.7127     1.086  4.406e+20     1.006      0    1  7.4445e-21  6.8545e-21  3.6205e-20   13639.03    9719.98   291599.45 6.8126e+22   37.97   sub
1882   8   9  15  6.79e+22   7.285    0.0458681   0.105703   0.6222     1.065  2.638e+20     1.004      0    1  3.3746e-21  3.1676e-21  2.7919e-20   20259.51   12604.60   378137.89 6.8034e+22   55.87   sub
1883   8  10   1  6.79e+22   6.667    0.0680248   0.003376   8.0841    24.573  8.537e+21     1.126      1    0  8.1076e-17  3.2994e-18  3.4813e-19     125.04    1010.85    30325.46 1.5842e+23    1.02 super
1884   8  10   2  6.79e+22   6.753    0.0680248 0.00431755   6.1845    12.679  8.459e+21     1.125      1    0  4.5473e-17  3.5865e-18  3.3865e-19     168.03    1039.16    31174.86 1.3346e+23    1.00   sub
1885   8  10   3  6.79e+22   6.845    0.0680248 0.00552168   4.9054     7.400  8.329e+21     1.123      1    0  2.5284e-17  3.4167e-18  3.1621e-19     226.87    1112.90    33387.09 1.1467e+23    1.04   sub
1886   8  10   4  6.79e+22   6.939    0.0680248 0.00706165   3.9813     4.773  8.124e+21     1.120      1    0  1.3659e-17  2.8618e-18  2.8441e-19     310.79    1237.33    37119.93 1.0038e+23    1.17   sub
1887   8  10   5  6.79e+22   7.028    0.0680248 0.00903109   3.2861     3.357  7.808e+21     1.115      1    0  7.1296e-18  2.1237e-18  2.4737e-19     432.91    1422.58    42677.49 8.9783e+22    1.38   sub
1888   8  10   6  6.79e+22   7.103    0.0680248  0.0115498   2.7495     2.545  7.335e+21     1.108      1    0  3.6072e-18  1.4176e-18  2.0918e-19     611.88    1682.34    50470.34 8.2241e+22    1.71   sub
1889   8  10   7  6.79e+22   7.163    0.0680248   0.014771   2.3224     2.048  6.647e+21     1.098      1    0  1.7674e-18  8.6292e-19  1.7262e-19     877.83    2038.65    61159.40 7.7044e+22    2.23   sub
1890   8  10   8  6.79e+22   7.206    0.0680248  0.0188905   1.9867     1.739  5.743e+21     1.085      1    0  8.6447e-19  4.9700e-19  1.4071e-19    1258.87    2500.98    75029.30 7.3690e+22    2.96   sub
1891   8  10   9  6.79e+22   7.234    0.0680248   0.024159   1.7162     1.537  4.663e+21     1.069      1    0  4.2370e-19  2.7567e-19  1.1380e-19    1801.74    3092.23    92766.87 7.1555e+22    4.00   sub
1892   8  10  10  6.79e+22   7.254    0.0680248  0.0308968   1.4855     1.394  3.482e+21     1.051      1    0  2.0252e-19  1.4529e-19  9.0778e-20    2609.58    3876.61   116298.39 7.0162e+22    5.53   sub
1893   8  10  11  6.79e+22   7.267    0.0680248  0.0395137   1.2911     1.293  2.405e+21     1.035      0    0  9.6204e-20  7.4411e-20  7.1923e-20    3789.55    4892.83   146785.05 6.9290e+22    7.74   sub
1894   8  10  12  6.79e+22   7.274    0.0680248  0.0505338   1.1297     1.222  1.587e+21     1.023      0    1  4.6404e-20  3.7986e-20  5.7058e-20    5459.36    6167.57   185027.19 6.8761e+22   10.85   sub
1895   8  10  13  6.79e+22   7.279    0.0680248  0.0646273   0.9915     1.169  1.017e+21     1.015      0    1  2.2412e-20  1.9170e-20  4.5166e-20    7858.17    7791.46   233743.87 6.8433e+22   15.30   sub
1896   8  10  14  6.79e+22   7.282    0.0680248  0.0826515   0.8685     1.129  6.318e+20     1.009      0    1  1.0576e-20  9.3691e-21  3.5413e-20   11441.67    9937.22   298116.56 6.8225e+22   21.89   sub
1897   8  10  15  6.79e+22   7.284    0.0680248   0.105703   0.7618     1.099  3.882e+20     1.006      0    1  4.9806e-21  4.5337e-21  2.7703e-20   16675.23   12703.00   381090.04 6.8097e+22   31.48   sub
1898   8  10  16  6.79e+22   7.285    0.0680248   0.135182   0.6768     1.078  2.480e+20     1.004      0    1  2.5093e-21  2.3288e-21  2.2130e-20   23494.47   15901.90   477056.99 6.8025e+22   43.94   sub
1899   8  10  17  6.79e+22   7.286    0.0680248   0.172884   0.5984     1.060  1.544e+20     1.002      0    1  1.2212e-21  1.1517e-21  1.7462e-20   33679.68   20152.50   604575.11 6.7978e+22   62.49   sub
1900   8  11   1  6.79e+22   6.647     0.100884   0.003376  12.9463    79.668  1.201e+22     1.177      1    0  8.9046e-17  1.1177e-18  2.2817e-19     119.13    1542.29    46268.59 1.6640e+23    1.18  deep
1901   8  11   2  6.79e+22   6.721     0.100884 0.00431755   9.4280    36.180  1.197e+22     1.176      1    0  5.1614e-17  1.4266e-18  2.3722e-19     157.34    1483.45    44503.42 1.4159e+23    1.06 super
1902   8  11   3  6.79e+22   6.803     0.100884 0.00552168   7.1451    18.054  1.182e+22     1.174      1    0  2.9848e-17  1.6532e-18  2.3660e-19     208.17    1487.37    44621.08 1.2249e+23    1.00 super
1903   8  11   4  6.79e+22   6.890     0.100884 0.00706165   5.5811     9.934  1.154e+22     1.170      1    0  1.6834e-17  1.6945e-18  2.2603e-19     278.96    1556.90    46707.04 1.0738e+23    1.01   sub
1904   8  11   5  6.79e+22   6.977     0.100884 0.00903109   4.4704     6.049  1.110e+22     1.163      1    0  9.1915e-18  1.5194e-18  2.0722e-19     379.88    1698.21    50946.20 9.5639e+22    1.09   sub
1905   8  11   6  6.79e+22   7.057     0.100884  0.0115498   3.6470     4.037  1.041e+22     1.153      1    0  4.8183e-18  1.1935e-18  1.8286e-19     527.69    1924.48    57734.54 8.6730e+22    1.25   sub
1906   8  11   7  6.79e+22   7.124     0.100884   0.014771   3.0356     2.950  9.458e+21     1.139      1    0  2.4795e-18  8.4058e-19  1.5686e-19     739.07    2243.50    67304.86 8.0423e+22    1.51   sub
1907   8  11   8  6.79e+22   7.176     0.100884  0.0188905   2.5526     2.300  8.164e+21     1.120      1    0  1.2306e-18  5.3497e-19  1.3093e-19    1052.94    2687.70    80631.10 7.5980e+22    1.91   sub
1908   8  11   9  6.79e+22   7.213     0.100884   0.024159   2.1805     1.909  6.648e+21     1.098      1    0  6.1378e-19  3.2144e-19  1.0797e-19    1494.81    3259.47    97784.17 7.3096e+22    2.48   sub
1909   8  11  10  6.79e+22   7.240     0.100884  0.0308968   1.8692     1.647  4.986e+21     1.073      1    0  2.9601e-19  1.7977e-19  8.7304e-20    2156.41    4030.84   120925.27 7.1154e+22    3.34   sub
1910   8  11  11  6.79e+22   7.257     0.100884  0.0395137   1.6171     1.472  3.495e+21     1.051      1    0  1.4347e-19  9.7446e-20  7.0173e-20    3101.12    5014.88   150446.42 6.9936e+22    4.55   sub
1911   8  11  12  6.79e+22   7.269     0.100884  0.0505338   1.4005     1.348  2.293e+21     1.034      0    1  6.7787e-20  5.0301e-20  5.5651e-20    4515.17    6323.50   189705.06 6.9149e+22    6.35   sub
1912   8  11  13  6.79e+22   7.276     0.100884  0.0646273   1.2260     1.263  1.486e+21     1.022      0    1  3.3117e-20  2.6225e-20  4.4413e-20    6462.93    7923.53   237705.75 6.8681e+22    8.81   sub
1913   8  11  14  6.79e+22   7.280     0.100884  0.0826515   1.0746     1.200  9.409e+20     1.014      0    1  1.6014e-20  1.3348e-20  3.5224e-20    9296.76    9990.74   299722.12 6.8384e+22   12.36   sub
1914   8  11  15  6.79e+22   7.283     0.100884   0.105703   0.9417     1.152  5.837e+20     1.009      0    1  7.6227e-21  6.6164e-21  2.7728e-20   13477.61   12691.36   380740.73 6.8197e+22   17.57   sub
1915   8  11  16  6.79e+22   7.284     0.100884   0.135182   0.8291     1.117  3.637e+20     1.005      0    1  3.6880e-21  3.3013e-21  2.1903e-20   19378.57   16066.45   481993.38 6.8084e+22   24.88   sub
1916   8  11  17  6.79e+22   7.286     0.100884   0.172884   0.7296     1.090  2.242e+20     1.003      0    1  1.7648e-21  1.6187e-21  1.7217e-20   28015.47   20440.24   613207.09 6.8013e+22   35.54   sub
1917   8  11  18  6.79e+22   7.286     0.100884     0.2211   0.6374     1.069  1.334e+20     1.002      0    1  8.0372e-22  7.5211e-22  1.3299e-20   41516.41   26460.78   793823.44 6.7967e+22   52.14   sub
1918   8  12   1  6.79e+22   6.630     0.149617   0.003376  22.4597   288.071  1.570e+22     1.231      1    0  9.8549e-17  3.4210e-19  1.3854e-19     113.10    2540.16    76204.81 1.7365e+23    1.43  deep
1919   8  12   2  6.79e+22   6.700     0.149617 0.00431755  15.6504   125.876  1.593e+22     1.235      1    0  5.6978e-17  4.5266e-19  1.5039e-19     149.52    2340.00    70199.87 1.4775e+23    1.26  deep
1920   8  12   3  6.79e+22   6.778     0.149617 0.00552168  11.1172    54.682  1.593e+22     1.235      1    0  3.2811e-17  6.0004e-19  1.5973e-19     198.18    2203.17    66095.19 1.2770e+23    1.12 super
1921   8  12   4  6.79e+22   6.858     0.149617 0.00706165   8.2335    25.729  1.567e+22     1.231      1    0  1.8960e-17  7.3690e-19  1.6298e-19     262.25    2159.24    64777.11 1.1239e+23    1.03 super
1922   8  12   5  6.79e+22   6.940     0.149617 0.00903109   6.3034    13.276  1.511e+22     1.222      1    0  1.0700e-17  8.0601e-19  1.5898e-19     351.16    2213.50    66405.00 1.0025e+23    1.00   sub
1923   8  12   6  6.79e+22   7.015     0.149617  0.0115498   5.0221     7.799  1.424e+22     1.210      1    0  6.0242e-18  7.7244e-19  1.4892e-19     470.53    2363.08    70892.47 9.1152e+22    1.04   sub
1924   8  12   7  6.79e+22   7.083     0.149617   0.014771   4.0888     5.033  1.299e+22     1.191      1    0  3.2829e-18  6.5230e-19  1.3438e-19     640.49    2618.85    78565.51 8.4136e+22    1.14   sub
1925   8  12   8  6.79e+22   7.143     0.149617  0.0188905   3.3619     3.490  1.124e+22     1.166      1    0  1.6866e-18  4.8320e-19  1.1665e-19     897.33    3016.72    90501.66 7.8738e+22    1.35   sub
1926   8  12   9  6.79e+22   7.189     0.149617   0.024159   2.8146     2.632  9.169e+21     1.135      1    0  8.5218e-19  3.2384e-19  9.8726e-20    1266.42    3564.50   106935.01 7.5000e+22    1.66   sub
1927   8  12  10  6.79e+22   7.222     0.149617  0.0308968   2.3916     2.120  6.997e+21     1.103      1    0  4.2743e-19  2.0159e-19  8.2101e-20    1792.27    4286.31   128589.17 7.2497e+22    2.12   sub
1928   8  12  11  6.79e+22   7.245     0.149617  0.0395137   2.0416     1.785  4.936e+21     1.073      1    0  2.0709e-19  1.1600e-19  6.6836e-20    2579.04    5265.27   157958.10 7.0795e+22    2.81   sub
1929   8  12  12  6.79e+22   7.260     0.149617  0.0505338   1.7640     1.570  3.336e+21     1.049      0    0  1.0167e-19  6.4763e-20  5.4143e-20    3684.65    6499.59   194987.81 6.9731e+22    3.77   sub
1930   8  12  13  6.79e+22   7.270     0.149617  0.0646273   1.5240     1.416  2.139e+21     1.031      0    1  4.8202e-20  3.4041e-20  4.3120e-20    5355.11    8161.18   244835.27 6.9028e+22    5.21   sub
1931   8  12  14  6.79e+22   7.277     0.149617  0.0826515   1.3291     1.311  1.362e+21     1.020      0    1  2.3353e-20  1.7810e-20  3.4401e-20    7696.85   10229.61   306888.23 6.8602e+22    7.21   sub
1932   8  12  15  6.79e+22   7.281     0.149617   0.105703   1.1591     1.234  8.463e+20     1.012      0    1  1.1084e-20  8.9840e-21  2.7168e-20   11175.41   12953.16   388594.79 6.8331e+22   10.16   sub
1933   8  12  16  6.79e+22   7.283     0.149617   0.135182   1.0149     1.177  5.239e+20     1.008      0    1  5.2909e-21  4.4935e-21  2.1434e-20   16177.68   16418.34   492550.12 6.8165e+22   14.38   sub
1934   8  12  17  6.79e+22   7.285     0.149617   0.172884   0.8871     1.135  3.182e+20     1.005      0    1  2.4700e-21  2.1771e-21  1.6752e-20   23679.82   21006.55   630196.51 6.8060e+22   20.66   sub
1935   8  12  18  6.79e+22   7.286     0.149617     0.2211   0.7856     1.105  2.012e+20     1.003      0    1  1.2309e-21  1.1140e-21  1.3352e-20   33546.50   26355.59   790667.70 6.8001e+22   28.89   sub
1936   8  13   1  6.79e+22   6.628      0.22189   0.003376  36.6043   805.053  1.834e+22     1.270      1    0  9.8298e-17  1.2210e-19  8.4908e-20     113.23    4144.59   124337.59 1.7454e+23    1.61  deep
1937   8  13   2  6.79e+22   6.695      0.22189 0.00431755  25.7000   386.376  1.901e+22     1.280      1    0  5.7143e-17  1.4790e-19  9.1744e-20     149.25    3835.79   115073.68 1.4908e+23    1.49  deep
1938   8  13   3  6.79e+22   6.754      0.22189 0.00552168  19.2827   204.576  1.938e+22     1.285      1    0  3.7170e-17  1.8169e-19  9.8190e-20     185.87    3583.98   107519.33 1.3316e+23    1.36  deep
1939   8  13   4  6.79e+22   6.835      0.22189 0.00706165  13.2809    84.791  1.950e+22     1.287      1    0  2.0913e-17  2.4664e-19  1.0629e-19     249.28    3310.70    99321.08 1.1638e+23    1.19  deep
1940   8  13   5  6.79e+22   6.913      0.22189 0.00903109   9.5773    37.638  1.909e+22     1.281      1    0  1.1973e-17  3.1810e-19  1.1090e-19     331.34    3173.30    95199.03 1.0395e+23    1.07 super
1941   8  13   6  6.79e+22   6.980      0.22189  0.0115498   7.3914    19.640  1.825e+22     1.269      1    0  7.1956e-18  3.6637e-19  1.1086e-19     429.46    3174.33    95229.82 9.5179e+22    1.01 super
1942   8  13   7  6.79e+22   7.050      0.22189   0.014771   5.7181    10.516  1.672e+22     1.246      1    0  3.9767e-18  3.7814e-19  1.0600e-19     580.58    3319.82    99594.54 8.7411e+22    1.01   sub
1943   8  13   8  6.79e+22   7.109      0.22189  0.0188905   4.6012     6.434  1.471e+22     1.217      1    0  2.1979e-18  3.4163e-19  9.7529e-20     784.19    3608.24   108247.27 8.1709e+22    1.07   sub
1944   8  13   9  6.79e+22   7.160      0.22189   0.024159   3.7528     4.259  1.216e+22     1.179      1    0  1.1512e-18  2.7031e-19  8.6230e-20    1087.47    4081.07   122432.22 7.7274e+22    1.22   sub
1945   8  13  10  6.79e+22   7.200      0.22189  0.0308968   3.1191     3.080  9.407e+21     1.139      1    0  5.8914e-19  1.9128e-19  7.4016e-20    1524.33    4754.53   142635.96 7.4117e+22    1.46   sub
1946   8  13  11  6.79e+22   7.229      0.22189  0.0395137   2.6308     2.394  6.826e+21     1.101      1    0  2.9631e-19  1.2376e-19  6.2109e-20    2153.71    5666.02   169980.57 7.1948e+22    1.83   sub
1947   8  13  12  6.79e+22   7.249      0.22189  0.0505338   2.2421     1.968  4.686e+21     1.069      1    0  1.4653e-19  7.4455e-20  5.1178e-20    3066.90    6876.17   206285.06 7.0491e+22    2.36   sub
1948   8  13  13  6.79e+22   7.263      0.22189  0.0646273   1.9166     1.683  3.044e+21     1.045      0    0  6.9874e-20  4.1514e-20  4.1302e-20    4445.62    8520.46   255613.80 6.9512e+22    3.18   sub
1949   8  13  14  6.79e+22   7.272      0.22189  0.0826515   1.6602     1.500  1.963e+21     1.029      0    1  3.4150e-20  2.2770e-20  3.3314e-20    6362.86   10563.36   316900.87 6.8915e+22    4.30   sub
1950   8  13  15  6.79e+22   7.278      0.22189   0.105703   1.4426     1.370  1.238e+21     1.018      0    1  1.6464e-20  1.2016e-20  2.6609e-20    9167.58   13225.12   396753.68 6.8531e+22    5.92   sub
1951   8  13  16  6.79e+22   7.281      0.22189   0.135182   1.2571     1.277  7.698e+20     1.011      0    1  7.8690e-21  6.1624e-21  2.1105e-20   13263.80   16674.33   500230.03 6.8289e+22    8.27   sub
1952   8  13  17  6.79e+22   7.284      0.22189   0.172884   1.1031     1.211  4.822e+20     1.007      0    1  3.8346e-21  3.1669e-21  1.6788e-20   19003.35   20962.31   628869.29 6.8143e+22   11.55   sub
1953   8  13  18  6.79e+22   7.285      0.22189     0.2211   0.9676     1.161  2.979e+20     1.004      0    1  1.8392e-21  1.5844e-21  1.3253e-20   27442.28   26552.28   796568.40 6.8050e+22   16.33   sub
1954   8  14   1  6.79e+22   6.630     0.329075   0.003376  56.8560  1894.966  1.975e+22     1.291      1    1  9.5683e-17  5.0493e-20  5.3925e-20     114.78    6525.87   195776.00 1.7370e+23    1.69  deep
1955   8  14   2  6.79e+22   6.673     0.329075 0.00431755  45.9471  1260.493  2.034e+22     1.300      1    1  6.6973e-17  5.3132e-20  5.5648e-20     137.63    6323.87   189716.07 1.5649e+23    1.67  deep
1956   8  14   3  6.79e+22   6.746     0.329075 0.00552168  32.3644   627.000  2.118e+22     1.312      1    0  3.8492e-17  6.1391e-20  5.9567e-20     182.54    5907.76   177232.70 1.3509e+23    1.58  deep
1957   8  14   4  6.79e+22   6.824     0.329075 0.00706165  22.2608   282.462  2.173e+22     1.320      1    0  2.1898e-17  7.7527e-20  6.4947e-20     243.40    5418.39   162551.56 1.1846e+23    1.43  deep
1958   8  14   5  6.79e+22   6.888     0.329075 0.00903109  16.3009   138.598  2.177e+22     1.321      1    0  1.3682e-17  9.8720e-20  6.9779e-20     309.38    5043.20   151295.94 1.0764e+23    1.28  deep
1959   8  14   6  6.79e+22   6.964     0.329075  0.0115498  11.3633    57.745  2.111e+22     1.311      1    0  7.6531e-18  1.3253e-19  7.4457e-20     415.93    4726.38   141791.40 9.7219e+22    1.13 super
1960   8  14   7  6.79e+22   7.027     0.329075   0.014771   8.4896    27.789  1.977e+22     1.291      1    0  4.4922e-18  1.6165e-19  7.6011e-20     545.34    4629.75   138892.43 8.9896e+22    1.03 super
1961   8  14   8  6.79e+22   7.083     0.329075  0.0188905   6.5660    14.662  1.774e+22     1.261      1    0  2.5979e-18  1.7719e-19  7.4439e-20     720.00    4727.51   141825.24 8.4119e+22    1.00 super
1962   8  14   9  6.79e+22   7.135     0.329075   0.024159   5.1782     8.357  1.501e+22     1.221      1    0  1.4298e-18  1.7108e-19  6.9769e-20     974.07    5043.96   151318.67 7.9411e+22    1.03   sub
1963   8  14  10  6.79e+22   7.178     0.329075  0.0308968   4.1949     5.300  1.197e+22     1.176      1    0  7.6807e-19  1.4491e-19  6.2936e-20    1332.94    5591.56   167746.73 7.5873e+22    1.13   sub
1964   8  14  11  6.79e+22   7.210     0.329075  0.0395137   3.4760     3.701  9.026e+21     1.133      1    0  4.0597e-19  1.0970e-19  5.5093e-20    1837.62    6387.61   191628.43 7.3319e+22    1.30   sub
1965   8  14  12  6.79e+22   7.236     0.329075  0.0505338   2.9079     2.761  6.371e+21     1.094      1    0  2.0541e-19  7.4387e-20  4.6763e-20    2587.95    7525.44   225763.13 7.1456e+22    1.59   sub
1966   8  14  13  6.79e+22   7.254     0.329075  0.0646273   2.4640     2.199  4.303e+21     1.063      1    0  1.0228e-19  4.6506e-20  3.8894e-20    3672.06    9047.89   271436.60 7.0194e+22    2.02   sub
1967   8  14  14  6.79e+22   7.266     0.329075  0.0826515   2.1067     1.842  2.808e+21     1.041      0    1  5.0139e-20  2.7218e-20  3.1824e-20    5248.91   11057.98   331739.49 6.9357e+22    2.65   sub
1968   8  14  15  6.79e+22   7.274     0.329075   0.105703   1.8138     1.606  1.790e+21     1.026      0    1  2.4299e-20  1.5135e-20  2.5718e-20    7543.90   13683.47   410503.95 6.8814e+22    3.55   sub
1969   8  14  16  6.79e+22   7.279     0.329075   0.135182   1.5696     1.443  1.122e+21     1.017      0    1  1.1659e-20  8.0794e-21  2.0579e-20   10894.67   17100.26   513007.89 6.8468e+22    4.87   sub
1970   8  14  17  6.79e+22   7.282     0.329075   0.172884   1.3657     1.330  6.989e+20     1.010      0    1  5.5988e-21  4.2108e-21  1.6387e-20   15725.22   21475.45   644263.50 6.8252e+22    6.75   sub
1971   8  14  18  6.79e+22   7.284     0.329075     0.2211   1.1937     1.249  4.343e+20     1.006      0    1  2.6978e-21  2.1608e-21  1.3012e-20   22656.65   27044.94   811348.19 6.8118e+22    9.43   sub
1972   8  15   3  6.79e+22   6.719     0.488036 0.00552168  57.5848  1941.140  2.179e+22     1.321      1    1  4.6337e-17  2.3871e-20  3.6805e-20     166.04    9561.48   286844.44 1.4203e+23    1.69  deep
1973   8  15   4  6.79e+22   6.813     0.488036 0.00706165  37.7103   854.524  2.274e+22     1.335      1    1  2.3189e-17  2.7137e-20  3.9483e-20     236.35    8912.97   267388.98 1.2044e+23    1.62  deep
1974   8  15   5  6.79e+22   6.877     0.488036 0.00903109  27.7265   454.236  2.302e+22     1.339      1    1  1.4450e-17  3.1812e-20  4.2193e-20     300.81    8340.41   250212.30 1.0934e+23    1.52  deep
1975   8  15   6  6.79e+22   6.943     0.488036  0.0115498  19.7860   216.919  2.277e+22     1.335      1    1  8.6961e-18  4.0089e-20  4.5651e-20     389.60    7708.68   231260.46 9.9928e+22    1.37  deep
1976   8  15   7  6.79e+22   7.011     0.488036   0.014771  13.6422    90.514  2.165e+22     1.319      1    0  4.8822e-18  5.3938e-20  4.9369e-20     522.51    7128.19   213845.63 9.1655e+22    1.20  deep
1977   8  15   8  6.79e+22   7.066     0.488036  0.0188905   9.9818    41.762  1.981e+22     1.292      1    0  2.8613e-18  6.8516e-20  5.1450e-20     685.23    6839.79   205193.60 8.5781e+22    1.08 super
1978   8  15   9  6.79e+22   7.115     0.488036   0.024159   7.5544    20.738  1.728e+22     1.255      1    0  1.6537e-18  7.9739e-20  5.1503e-20     904.48    6832.82   204984.68 8.1142e+22    1.01 super
1979   8  15  10  6.79e+22   7.158     0.488036  0.0308968   5.8968    11.311  1.428e+22     1.210      1    0  9.3222e-19  8.2414e-20  4.9393e-20    1208.24    7124.72   213741.66 7.7478e+22    1.00   sub
1980   8  15  11  6.79e+22   7.193     0.488036  0.0395137   4.7213     6.803  1.112e+22     1.164      1    0  5.0894e-19  7.4812e-20  4.5469e-20    1639.28    7739.60   232187.85 7.4633e+22    1.06   sub
1981   8  15  12  6.79e+22   7.222     0.488036  0.0505338   3.8542     4.481  8.151e+21     1.120      1    0  2.6781e-19  5.9770e-20  4.0325e-20    2264.24    8726.84   261805.34 7.2486e+22    1.19   sub
1982   8  15  13  6.79e+22   7.242     0.488036  0.0646273   3.2275     3.257  5.780e+21     1.085      1    0  1.4151e-19  4.3444e-20  3.4954e-20    3119.32   10067.72   302031.61 7.1004e+22    1.41   sub
1983   8  15  14  6.79e+22   7.257     0.488036  0.0826515   2.7164     2.502  3.878e+21     1.057      1    1  7.1025e-20  2.8391e-20  2.9392e-20    4407.65   11972.80   359184.14 6.9921e+22    1.74   sub
1984   8  15  15  6.79e+22   7.268     0.488036   0.105703   2.3039     2.029  2.505e+21     1.037      0    1  3.4585e-20  1.7043e-20  2.4165e-20    6321.05   14562.83   436884.76 6.9182e+22    2.26   sub
1985   8  15  16  6.79e+22   7.275     0.488036   0.135182   1.9778     1.732  1.601e+21     1.024      0    1  1.6916e-20  9.7660e-21  1.9677e-20    9042.63   17884.71   536541.28 6.8711e+22    2.98   sub
1986   8  15  17  6.79e+22   7.280     0.488036   0.172884   1.7124     1.534  1.016e+21     1.015      0    1  8.2919e-21  5.4040e-21  1.5907e-20   12919.48   22123.33   663699.91 6.8412e+22    4.02   sub
1987   8  15  18  6.79e+22   7.282     0.488036     0.2211   1.4844     1.393  6.312e+20     1.009      0    1  3.9654e-21  2.8460e-21  1.2687e-20   18686.06   27737.74   832132.24 6.8217e+22    5.54   sub
1988   8  16   4  6.79e+22   6.816     0.723783 0.00706165  58.2415  1983.146  2.336e+22     1.344      1    1  2.2450e-17  1.1320e-20  2.5148e-20     240.26   13993.36   419800.68 1.1988e+23    1.70  deep
1989   8  16   5  6.79e+22   6.856     0.723783 0.00903109  48.8273  1417.548  2.360e+22     1.348      1    1  1.6691e-17  1.1775e-20  2.5790e-20     279.46   13645.24   409357.34 1.1276e+23    1.68  deep
1990   8  16   6  6.79e+22   6.929     0.723783  0.0115498  34.2690   704.674  2.359e+22     1.347      1    1  9.4686e-18  1.3437e-20  2.7530e-20     373.01   12782.82   383484.70 1.0171e+23    1.59  deep
1991   8  16   7  6.79e+22   7.000     0.723783   0.014771  23.0881   306.125  2.269e+22     1.334      1    1  5.1783e-18  1.6916e-20  3.0065e-20     506.98   11705.11   351153.41 9.2825e+22    1.44  deep
1992   8  16   8  6.79e+22   7.049     0.723783  0.0188905  17.0465   153.929  2.132e+22     1.314      1    1  3.2589e-18  2.1171e-20  3.2192e-20     641.28   10931.54   327946.27 8.7555e+22    1.30  deep
1993   8  16   9  6.79e+22   7.104     0.723783   0.024159  11.7508    62.756  1.873e+22     1.276      1    1  1.7830e-18  2.8411e-20  3.4409e-20     870.34   10227.17   306815.08 8.2225e+22    1.14 super
1994   8  16  10  6.79e+22   7.142     0.723783  0.0308968   8.9268    31.532  1.613e+22     1.238      1    1  1.0799e-18  3.4247e-20  3.5156e-20    1121.34   10009.99   300299.85 7.8830e+22    1.05 super
1995   8  16  11  6.79e+22   7.179     0.723783  0.0395137   6.7611    15.753  1.292e+22     1.190      1    0  5.9942e-19  3.8052e-20  3.4493e-20    1508.96   10202.25   306067.59 7.5780e+22    1.00 super
1996   8  16  12  6.79e+22   7.207     0.723783  0.0505338   5.3715     9.089  9.974e+21     1.147      1    0  3.3735e-19  3.7117e-20  3.2507e-20    2015.41   10825.68   324770.46 7.3568e+22    1.02   sub
1997   8  16  13  6.79e+22   7.231     0.723783  0.0646273   4.3368     5.676  7.259e+21     1.107      1    0  1.8068e-19  3.1831e-20  2.9417e-20    2758.40   11962.63   358879.04 7.1823e+22    1.10   sub
1998   8  16  14  6.79e+22   7.248     0.723783  0.0826515   3.5792     3.901  5.076e+21     1.075      1    1  9.4830e-20  2.4312e-20  2.5792e-20    3812.12   13644.22   409326.57 7.0557e+22    1.27   sub
1999   8  16  15  6.79e+22   7.261     0.723783   0.105703   3.0037     2.902  3.441e+21     1.051      1    1  4.8916e-20  1.6858e-20  2.2053e-20    5312.47   15957.34   478720.28 6.9667e+22    1.53   sub
2000   8  16  16  6.79e+22   7.270     0.723783   0.135182   2.5371     2.282  2.239e+21     1.033      0    1  2.4209e-20  1.0607e-20  1.8357e-20    7556.23   19170.63   575119.02 6.9037e+22    1.93   sub
2001   8  16  17  6.79e+22   7.276     0.723783   0.172884   2.1724     1.902  1.445e+21     1.021      0    1  1.2029e-20  6.3245e-21  1.5105e-20   10724.25   23297.88   698936.47 6.8629e+22    2.50   sub
2002   8  16  18  6.79e+22   7.280     0.723783     0.2211   1.8661     1.644  9.080e+20     1.013      0    1  5.7999e-21  3.5273e-21  1.2207e-20   15448.52   28828.80   864864.04 6.8356e+22    3.35   sub
2003   8  17   6  6.79e+22   6.930      1.07341  0.0115498  53.9313  1714.389  2.399e+22     1.353      1    1  9.3394e-18  5.4477e-21  1.7373e-20     375.59   20256.11   607683.26 1.0168e+23    1.69  deep
2004   8  17   7  6.79e+22   6.986      1.07341   0.014771  40.3826   979.067  2.340e+22     1.345      1    1  5.7949e-18  5.9188e-21  1.8202e-20     478.75   19333.12   579993.49 9.4520e+22    1.64  deep
2005   8  17   8  6.79e+22   7.050      1.07341  0.0188905  27.3011   439.597  2.174e+22     1.320      1    1  3.1391e-18  7.1408e-21  1.9726e-20     653.45   17839.79   535193.69 8.7451e+22    1.51  deep
2006   8  17   9  6.79e+22   7.090      1.07341   0.024159  20.4112   232.721  1.994e+22     1.294      1    1  2.0117e-18  8.6442e-21  2.1062e-20     818.59   16708.39   501251.65 8.3482e+22    1.39  deep
2007   8  17  10  6.79e+22   7.135      1.07341  0.0308968  14.1012    98.068  1.705e+22     1.251      1    1  1.1249e-18  1.1470e-20  2.2725e-20    1098.16   15485.35   464560.38 7.9423e+22    1.22  deep
2008   8  17  11  6.79e+22   7.168      1.07341  0.0395137  10.4377    46.712  1.425e+22     1.210      1    1  6.7146e-19  1.4375e-20  2.3666e-20    1424.64   14870.05   446101.42 7.6656e+22    1.09 super
2009   8  17  12  6.79e+22   7.197      1.07341  0.0505338   7.8773    23.027  1.134e+22     1.167      1    1  3.8741e-19  1.6825e-20  2.3772e-20    1879.31   14803.83   444114.93 7.4381e+22    1.02 super
2010   8  17  13  6.79e+22   7.221      1.07341  0.0646273   6.1111    12.319  8.595e+21     1.127      1    1  2.1668e-19  1.7589e-20  2.2878e-20    2517.07   15381.94   461458.19 7.2570e+22    1.00   sub
2011   8  17  14  6.79e+22   7.239      1.07341  0.0826515   4.8906     7.351  6.273e+21     1.092      1    1  1.1906e-19  1.6198e-20  2.1164e-20    3400.02   16628.03   498841.05 7.1198e+22    1.05   sub
2012   8  17  15  6.79e+22   7.254      1.07341   0.105703   4.0118     4.846  4.434e+21     1.065      1    1  6.4286e-20  1.3267e-20  1.8939e-20    4631.70   18581.40   557442.05 7.0184e+22    1.16   sub
2013   8  17  16  6.79e+22   7.265      1.07341   0.135182   3.3269     3.428  2.999e+21     1.044      0    1  3.3141e-20  9.6669e-21  1.6385e-20    6455.67   21477.49   644324.83 6.9425e+22    1.36   sub
2014   8  17  17  6.79e+22   7.272      1.07341   0.172884   2.7995     2.611  1.978e+21     1.029      0    1  1.6762e-20  6.4196e-21  1.3841e-20    9082.29   25425.87   762776.14 6.8899e+22    1.67   sub
2015   8  17  18  6.79e+22   7.278      1.07341     0.2211   2.3832     2.111  1.282e+21     1.019      0    1  8.3664e-21  3.9625e-21  1.1482e-20   12860.07   30648.06   919441.93 6.8544e+22    2.13   sub
2016   8  18   7  6.79e+22   6.996      1.59192   0.014771  59.6985  2077.679  2.347e+22     1.346      1    1  5.2474e-18  2.5256e-21  1.1709e-20     503.46   30055.89   901676.61 9.3364e+22    1.70  deep
2017   8  18   8  6.79e+22   7.042      1.59192  0.0188905  45.9458  1260.424  2.227e+22     1.328      1    1  3.3631e-18  2.6682e-21  1.2139e-20     630.94   28989.21   869676.17 8.8295e+22    1.67  deep
2018   8  18   9  6.79e+22   7.087      1.59192   0.024159  33.8254   686.244  2.037e+22     1.300      1    1  2.0494e-18  2.9865e-21  1.2831e-20     810.82   27426.42   822792.55 8.3802e+22    1.59  deep
2019   8  18  10  6.79e+22   7.126      1.59192  0.0308968  24.3802   344.786  1.792e+22     1.264      1    1  1.2311e-18  3.5707e-21  1.3759e-20    1049.07   25576.38   767291.29 8.0179e+22    1.47  deep
2020   8  18  11  6.79e+22   7.157      1.59192  0.0395137  17.9536   173.638  1.542e+22     1.227      1    1  7.6667e-19  4.4153e-21  1.4713e-20    1332.27   23919.00   717570.10 7.7525e+22    1.33  deep
2021   8  18  12  6.79e+22   7.189      1.59192  0.0505338  12.5518    73.846  1.234e+22     1.182      1    1  4.2886e-19  5.8075e-21  1.5705e-20    1785.19   22407.46   672223.90 7.4997e+22    1.17  deep
2022   8  18  13  6.79e+22   7.212      1.59192  0.0646273   9.2680    34.655  9.670e+21     1.142      1    1  2.4771e-19  7.1479e-21  1.6138e-20    2352.81   21805.94   654178.30 7.3180e+22    1.06 super
2023   8  18  14  6.79e+22   7.231      1.59192  0.0826515   7.1010    17.779  7.345e+21     1.108      1    1  1.4195e-19  7.9842e-21  1.5924e-20    3112.11   22099.12   662973.48 7.1778e+22    1.00 super
2024   8  18  15  6.79e+22   7.247      1.59192   0.105703   5.5927     9.982  5.375e+21     1.079      1    1  7.9095e-20  7.9234e-21  1.5076e-20    4173.63   23341.73   700251.76 7.0677e+22    1.01   sub
2025   8  18  16  6.79e+22   7.259      1.59192   0.135182   4.5243     6.206  3.817e+21     1.056      1    1  4.3152e-20  6.9538e-21  1.3754e-20    5655.15   25585.64   767569.08 6.9846e+22    1.08   sub
2026   8  18  17  6.79e+22   7.268      1.59192   0.172884   3.7201     4.189  2.613e+21     1.038      0    1  2.2677e-20  5.4134e-21  1.2119e-20    7805.82   29038.64   871159.06 6.9221e+22    1.23   sub
2027   8  18  18  6.79e+22   7.274      1.59192     0.2211   3.0995     3.049  1.731e+21     1.025      0    1  1.1515e-20  3.7767e-21  1.0360e-20   10959.47   33968.67  1019060.17 6.8771e+22    1.47   sub
2028   8  19   9  6.79e+22   7.088      2.36091   0.024159  52.7236  1642.036  2.042e+22     1.301      1    1  1.9847e-18  1.2087e-21  8.0999e-21     824.04   43446.13  1303383.89 8.3644e+22    1.69  deep
2029   8  19  10  6.79e+22   7.115      2.36091  0.0308968  42.9752  1106.530  1.881e+22     1.277      1    1  1.4066e-18  1.2712e-21  8.3498e-21     980.70   42145.75  1264372.39 8.1147e+22    1.65  deep
2030   8  19  11  6.79e+22   7.153      2.36091  0.0395137  30.3893   550.531  1.593e+22     1.235      1    1  8.0502e-19  1.4623e-21  8.9095e-21    1299.74   39498.22  1184946.54 7.7894e+22    1.55  deep
2031   8  19  12  6.79e+22   7.184      2.36091  0.0505338  21.1973   253.321  1.298e+22     1.191      1    1  4.5925e-19  1.8129e-21  9.6269e-21    1724.50   36554.87  1096645.99 7.5402e+22    1.40  deep
2032   8  19  13  6.79e+22   7.207      2.36091  0.0646273  15.0423   114.538  1.033e+22     1.152      1    1  2.6691e-19  2.3303e-21  1.0325e-20    2265.84   34083.39  1022501.73 7.3558e+22    1.25  deep
2033   8  19  14  6.79e+22   7.225      2.36091  0.0826515  11.1594    55.201  8.157e+21     1.120      1    1  1.6073e-19  2.9118e-21  1.0787e-20    2923.45   32624.00   978720.03 7.2223e+22    1.12 super
2034   8  19  15  6.79e+22   7.242      2.36091   0.105703   8.2256    25.667  6.068e+21     1.089      1    1  8.9451e-20  3.4851e-21  1.0905e-20    3923.24   32270.90   968126.86 7.1040e+22    1.03 super
2035   8  19  16  6.79e+22   7.253      2.36091   0.135182   6.4540    14.059  4.533e+21     1.067      1    1  5.1979e-20  3.6972e-21  1.0586e-20    5150.77   33242.82   997284.59 7.0215e+22    1.00  crit
2036   8  19  17  6.79e+22   7.263      2.36091   0.172884   5.1067     8.098  3.210e+21     1.047      0    1  2.8167e-20  3.4783e-21  9.8419e-21    7001.87   35756.37  1072691.00 6.9525e+22    1.03   sub
2037   8  19  18  6.79e+22   7.270      2.36091     0.2211   4.1677     5.231  2.236e+21     1.033      0    1  1.5183e-20  2.9027e-21  8.8493e-21    9541.73   39766.90  1193006.96 6.9026e+22    1.13   sub
2038   8  20  11  6.79e+22   7.151      3.50135  0.0395137  48.9961  1426.987  1.613e+22     1.238      1    1  8.1428e-19  5.7063e-22  5.5583e-21    1292.19   63312.49  1899374.66 7.8021e+22    1.68  deep
2039   8  20  12  6.79e+22   7.177      3.50135  0.0505338  37.1162   827.799  1.371e+22     1.202      1    1  5.1285e-19  6.1954e-22  5.8126e-21    1631.16   60542.57  1816277.14 7.5917e+22    1.62  deep
2040   8  20  13  6.79e+22   7.203      3.50135  0.0646273  25.8240   390.389  1.087e+22     1.160      1    1  2.8798e-19  7.3767e-22  6.2490e-21    2180.72   56314.98  1689449.55 7.3878e+22    1.49  deep
2041   8  20  14  6.79e+22   7.221      3.50135  0.0826515  18.9568   196.768  8.759e+21     1.129      1    1  1.7753e-19  9.0222e-22  6.6756e-21    2780.84   52715.94  1581478.30 7.2560e+22    1.35  deep
2042   8  20  15  6.79e+22   7.238      3.50135   0.105703  13.2152    83.772  6.613e+21     1.097      1    1  9.8864e-20  1.1802e-21  7.1377e-21    3730.76   49302.68  1479080.32 7.1329e+22    1.19  deep
2043   8  20  16  6.79e+22   7.250      3.50135   0.135182   9.6789    38.650  4.972e+21     1.073      1    1  5.6599e-20  1.4644e-21  7.3675e-21    4934.99   47765.09  1432952.76 7.0441e+22    1.07 super
2044   8  20  17  6.79e+22   7.259      3.50135   0.172884   7.4629    20.118  3.735e+21     1.055      1    1  3.3208e-20  1.6507e-21  7.3143e-21    6446.84   48112.42  1443372.63 6.9792e+22    1.01 super
2045   8  20  18  6.79e+22   7.267      3.50135     0.2211   5.8323    11.020  2.686e+21     1.040      0    1  1.8421e-20  1.6716e-21  6.9669e-21    8660.63   50511.59  1515347.77 6.9254e+22    1.00   sub
2046   8  21  12  6.79e+22   7.182      5.19269  0.0505338  55.1438  1788.331  1.326e+22     1.195      1    1  4.6225e-19  2.5848e-22  3.7131e-21    1718.68   94774.29  2843228.57 7.5551e+22    1.69  deep
2047   8  21  13  6.79e+22   7.201      5.19269  0.0646273  42.9661  1106.072  1.117e+22     1.165      1    1  3.0123e-19  2.7235e-22  3.8419e-21    2131.84   91597.00  2747909.99 7.4067e+22    1.65  deep
2048   8  21  14  6.79e+22   7.220      5.19269  0.0826515  31.1077   577.858  8.875e+21     1.131      1    1  1.7772e-19  3.0754e-22  4.0704e-21    2779.21   86454.87  2593646.06 7.2620e+22    1.56  deep
2049   8  21  15  6.79e+22   7.234      5.19269   0.105703  22.8710   299.833  7.079e+21     1.104      1    1  1.0937e-19  3.6476e-22  4.3389e-21    3546.23   81105.85  2433175.42 7.1581e+22    1.44  deep
2050   8  21  16  6.79e+22   7.246      5.19269   0.135182  16.3589   139.761  5.460e+21     1.080      1    1  6.4345e-20  4.6039e-22  4.6489e-21    4627.27   75696.86  2270905.72 7.0696e+22    1.28  deep
2051   8  21  17  6.79e+22   7.257      5.19269   0.172884  11.6220    61.065  4.067e+21     1.060      1    1  3.6213e-20  5.9303e-22  4.9056e-21    6172.48   71736.74  2152102.33 6.9962e+22    1.13 super
2052   8  21  18  6.79e+22   7.264      5.19269     0.2211   8.7135    29.669  3.043e+21     1.045      0    1  2.1026e-20  7.0869e-22  4.9831e-21    8104.76   70620.57  2118617.05 6.9434e+22    1.04 super
2053   8  22  14  6.79e+22   7.213      7.70104  0.0826515  55.0240  1780.970  9.664e+21     1.142      1    1  2.1215e-19  1.1912e-22  2.5154e-21    2542.59  139903.31  4197099.41 7.3095e+22    1.69  deep
2054   8  22  15  6.79e+22   7.234      7.70104   0.105703  36.9429   820.069  7.096e+21     1.105      1    1  1.0771e-19  1.3135e-22  2.6658e-21    3573.31  132008.32  3960249.69 7.1588e+22    1.62  deep
2055   8  22  16  6.79e+22   7.245      7.70104   0.135182  27.7890   456.406  5.694e+21     1.084      1    1  6.8084e-20  1.4917e-22  2.8155e-21    4497.87  124991.31  3749739.44 7.0820e+22    1.52  deep
2056   8  22  17  6.79e+22   7.254      7.70104   0.172884  19.9797   221.758  4.400e+21     1.065      1    1  4.0465e-20  1.8247e-22  3.0169e-21    5838.20  116645.51  3499365.43 7.0134e+22    1.38  deep
2057   8  22  18  6.79e+22   7.263      7.70104     0.2211  13.8891    94.538  3.255e+21     1.048      0    1  2.2471e-20  2.3769e-22  3.2322e-21    7839.08  108877.50  3266324.90 6.9542e+22    1.21  deep
2058   8  23  15  6.79e+22   7.234       11.421   0.105703  57.8326  1956.945  7.089e+21     1.104      1    1  1.0640e-19  5.4372e-23  1.6925e-21    3595.27  207923.69  6237710.75 7.1586e+22    1.69  deep
2059   8  23  16  6.79e+22   7.241       11.421   0.135182  48.5958  1404.643  6.133e+21     1.090      1    1  7.8322e-20  5.5760e-23  1.7272e-21    4192.63  203744.17  6112325.03 7.1058e+22    1.68  deep
2060   8  23  17  6.79e+22   7.253       11.421   0.172884  34.4974   714.246  4.639e+21     1.068      1    1  4.4077e-20  6.1712e-23  1.8238e-21    5593.19  192950.48  5788514.48 7.0260e+22    1.60  deep
2061   8  23  18  6.79e+22   7.261       11.421     0.2211  23.7491   325.646  3.444e+21     1.051      1    1  2.4274e-20  7.4542e-23  1.9648e-21    7541.56  179105.05  5373151.61 6.9639e+22    1.46  deep
2062   8  24  17  6.79e+22   7.254       16.938   0.172884  51.3441  1560.987  4.410e+21     1.065      1    1  3.9433e-20  2.5262e-23  1.1589e-21    5914.04  303651.01  9109530.18 7.0144e+22    1.68  deep
2063   8  24  18  6.79e+22   7.259       16.938     0.2211  41.8742  1051.609  3.709e+21     1.055      1    1  2.7768e-20  2.6405e-23  1.1920e-21    7050.20  295221.11  8856633.34 6.9779e+22    1.65  deep
