  ID   i   j   k    SD_emb    T_BE       M_BE  FWHM_pc   xi_max contr_rho   peak_exc  contrast detect hole       rho_c    rho_edge     rho_emb      r0_AU   R_out_AU  R_cloud_AU      N_tot    a_BE  stab
   1   1   8   1  3.75e+20  11.608     0.0016   0.0030   0.5508     1.051  2.085e+20     1.556      1    0  5.5916e-18  5.3199e-18  5.6166e-21     628.24     346.03    10380.97 6.4970e+21   79.36   sub
   2   1   9   1  3.75e+20  10.723     0.0024   0.0030   0.6980     1.083  3.089e+20     1.824      1    0  8.0082e-18  7.3978e-18  5.5184e-21     504.55     352.20    10565.85 9.2120e+21   40.26   sub
   3   1   9   2  3.75e+20  11.868     0.0024   0.0038   0.5868     1.058  3.073e+20     1.820      1    0  3.9388e-18  3.7227e-18  4.3757e-21     756.89     444.16    13324.93 5.8981e+21   66.09   sub
   4   1  10   1  3.75e+20   9.955     0.0035   0.0030   0.8811     1.133  4.583e+20     2.222      1    0  1.1143e-17  9.8374e-18  5.3521e-21     412.15     363.14    10894.16 1.2864e+22   21.05   sub
   5   1  10   2  3.75e+20  11.001     0.0035   0.0038   0.7401     1.093  4.554e+20     2.214      1    0  5.5134e-18  5.0445e-18  4.2637e-21     615.93     455.83    13675.04 8.2243e+21   34.14   sub
   6   1  10   3  3.75e+20  12.232     0.0035   0.0049   0.6167     1.064  4.502e+20     2.201      1    0  2.6195e-18  2.4616e-18  3.3448e-21     942.24     581.06    17431.69 5.1712e+21   57.31   sub
   7   1  10   4  3.75e+20  13.508     0.0035   0.0063   0.5192     1.045  4.427e+20     2.181      1    0  1.2836e-18  1.2279e-18  2.6463e-21    1414.48     734.44    22033.21 3.3632e+21   94.15   sub
   8   1  11   1  3.75e+20   9.169     0.0052   0.0030   1.1389     1.225  6.797e+20     2.813      1    0  1.6761e-17  1.3679e-17  5.2916e-21     322.49     367.29    11018.56 1.8887e+22   10.63   sub
   9   1  11   2  3.75e+20  10.114     0.0052   0.0038   0.9515     1.155  6.758e+20     2.802      1    0  8.2147e-18  7.1101e-18  4.2219e-21     483.83     460.34    13810.33 1.1970e+22   17.08   sub
  10   1  11   3  3.75e+20  11.234     0.0052   0.0049   0.7913     1.107  6.684e+20     2.782      1    0  3.9234e-18  3.5457e-18  3.3290e-21     737.82     583.82    17514.70 7.4998e+21   28.32   sub
  11   1  11   4  3.75e+20  12.469     0.0052   0.0063   0.6605     1.074  6.564e+20     2.750      1    0  1.8823e-18  1.7530e-18  2.6219e-21    1122.24     741.26    22237.93 4.7586e+21   47.09   sub
  12   1  11   5  3.75e+20  13.677     0.0052   0.0080   0.5619     1.053  6.399e+20     2.706      1    0  9.6282e-19  9.1421e-19  2.1048e-21    1643.41     923.38    27701.35 3.1861e+21   74.92   sub
  13   1  12   1  3.75e+20   8.498     0.0077   0.0030   1.4800     1.391  1.009e+21     3.691      1    0  2.5010e-17  1.7982e-17  5.1665e-21     254.17     376.18    11285.32 2.7503e+22    5.58   sub
  14   1  12   2  3.75e+20   9.343     0.0077   0.0038   1.2258     1.263  1.002e+21     3.673      1    0  1.2070e-17  9.5589e-18  4.1330e-21     383.62     470.25    14107.35 1.7273e+22    8.81   sub
  15   1  12   3  3.75e+20  10.364     0.0077   0.0049   1.0127     1.177  9.907e+20     3.642      1    0  5.7060e-18  4.8493e-18  3.2660e-21     587.65     595.09    17852.67 1.0724e+22   14.46   sub
  16   1  12   4  3.75e+20  11.470     0.0077   0.0063   0.8466     1.122  9.738e+20     3.597      1    0  2.7956e-18  2.4910e-18  2.5994e-21     883.20     747.69    22430.67 6.8463e+21   23.49   sub
  17   1  12   5  3.75e+20  12.687     0.0077   0.0080   0.7098     1.085  9.469e+20     3.525      1    0  1.3690e-18  1.2613e-18  2.0627e-21    1327.39     942.22    28266.46 4.4131e+21   38.40   sub
  18   1  12   6  3.75e+20  13.796     0.0077   0.0102   0.6000     1.061  9.051e+20     3.413      1    0  6.6007e-19  6.2228e-19  1.6249e-21    1993.41    1196.12    35883.58 2.8655e+21   61.99   sub
  19   1  12   7  3.75e+20  13.796     0.0077   0.0131   0.5295     1.047  8.420e+20     3.245      1    0  3.1643e-19  3.0218e-19  1.2749e-21    2879.08    1524.47    45734.10 1.9031e+21   88.95   sub
  20   1  13   1  3.75e+20   7.971     0.0114   0.0030   1.9269     1.691  1.496e+21     4.989      1    0  3.5875e-17  2.1212e-17  4.9075e-21     205.53     396.04    11881.10 3.8780e+22    3.14   sub
  21   1  13   2  3.75e+20   8.670     0.0114   0.0038   1.5936     1.458  1.486e+21     4.962      1    0  1.7744e-17  1.2172e-17  4.0013e-21     304.80     485.73    14571.76 2.4843e+22    4.71   sub
  22   1  13   3  3.75e+20   9.552     0.0114   0.0049   1.3127     1.303  1.469e+21     4.917      1    0  8.5000e-18  6.5221e-18  3.2031e-21     462.22     606.76    18202.76 1.5570e+22    7.43   sub
  23   1  13   4  3.75e+20  10.555     0.0114   0.0063   1.0906     1.206  1.443e+21     4.849      1    0  4.1452e-18  3.4372e-18  2.5612e-21     695.78     758.83    22764.89 9.8835e+21   11.89   sub
  24   1  13   5  3.75e+20  11.783     0.0114   0.0080   0.8963     1.137  1.399e+21     4.732      1    0  1.9074e-18  1.6770e-18  2.0008e-21    1083.75     971.36    29140.88 6.0856e+21   20.09   sub
  25   1  13   6  3.75e+20  13.035     0.0114   0.0102   0.7501     1.096  1.336e+21     4.562      1    0  9.2802e-19  8.4712e-19  1.5856e-21    1634.17    1225.73    36771.88 3.9250e+21   32.88   sub
  26   1  13   7  3.75e+20  13.796     0.0114   0.0131   0.6405     1.069  1.237e+21     4.299      1    0  4.3934e-19  4.1086e-19  1.2418e-21    2443.38    1565.06    46951.91 2.5382e+21   51.41   sub
  27   1  13   8  3.75e+20  13.796     0.0114   0.0168   0.5743     1.056  1.121e+21     3.989      1    0  2.3177e-19  2.1957e-19  1.0059e-21    3364.04    1932.05    57961.55 1.7898e+21   70.32   sub
  28   1  14   1  3.75e+20   7.540     0.0169   0.0030   2.5606     2.310  2.215e+21     6.907      1    0  5.1412e-17  2.2258e-17  4.5453e-21     166.99     427.59    12827.73 5.4004e+22    1.90   sub
  29   1  14   2  3.75e+20   8.112     0.0169   0.0038   2.0966     1.833  2.202e+21     6.871      1    0  2.5781e-17  1.4064e-17  3.7900e-21     244.59     512.80    15384.03 3.5176e+22    2.67   sub
  30   1  14   3  3.75e+20   8.848     0.0169   0.0049   1.7186     1.539  2.177e+21     6.806      1    0  1.2608e-17  8.1945e-18  3.0959e-21     365.28     627.77    18833.23 2.2448e+22    3.98   sub
  31   1  14   4  3.75e+20   9.778     0.0169   0.0063   1.4041     1.350  2.135e+21     6.694      1    0  5.9425e-18  4.4035e-18  2.4748e-21     559.33     785.33    23560.04 1.3967e+22    6.31   sub
  32   1  14   5  3.75e+20  10.819     0.0169   0.0080   1.1619     1.235  2.075e+21     6.532      1    0  2.8793e-18  2.3316e-18  1.9791e-21     845.21     982.03    29460.96 8.8554e+21   10.10   sub
  33   1  14   6  3.75e+20  11.970     0.0169   0.0102   0.9683     1.161  1.982e+21     6.285      1    0  1.4085e-18  1.2131e-18  1.5789e-21    1271.14    1230.91    36927.22 5.6822e+21   16.29   sub
  34   1  14   7  3.75e+20  13.252     0.0169   0.0131   0.8076     1.111  1.842e+21     5.911      1    0  6.7816e-19  6.1039e-19  1.2486e-21    1927.49    1556.60    46697.90 3.6541e+21   26.76   sub
  35   1  14   8  3.75e+20  13.796     0.0169   0.0168   0.6986     1.083  1.647e+21     5.393      1    0  3.3093e-19  3.0566e-19  9.8813e-22    2815.31    1966.88    59006.31 2.4143e+21   40.16   sub
  36   1  14   9  3.75e+20  13.796     0.0169   0.0214   0.6129     1.063  1.376e+21     4.670      1    0  1.5419e-19  1.4500e-19  7.6880e-22    4124.39    2528.02    75840.74 1.6036e+21   58.31   sub
  37   1  14  10  3.75e+20  13.796     0.0169   0.0274   0.5460     1.050  1.095e+21     3.921      1    0  7.8168e-20  7.4433e-20  6.1450e-22    5792.64    3162.80    94883.92 1.1575e+21   81.39   sub
  38   1  15   1  3.75e+20   7.228     0.0251   0.0030   3.4829     3.714  3.279e+21     9.745      1    0  7.0697e-17  1.9036e-17  4.0024e-21     139.42     485.59    14567.85 7.2027e+22    1.30   sub
  39   1  15   2  3.75e+20   7.688     0.0251   0.0038   2.7958     2.606  3.257e+21     9.685      1    0  3.5958e-17  1.3798e-17  3.4480e-21     201.61     563.66    16909.92 4.7898e+22    1.68   sub
  40   1  15   3  3.75e+20   8.288     0.0251   0.0049   2.2685     1.994  3.219e+21     9.584      1    0  1.8037e-17  9.0454e-18  2.8985e-21     295.57     670.52    20115.66 3.1341e+22    2.32   sub
  41   1  15   4  3.75e+20   9.048     0.0251   0.0063   1.8500     1.632  3.160e+21     9.428      1    0  8.8574e-18  5.4266e-18  2.3837e-21     440.71     815.33    24460.01 2.0126e+22    3.41   sub
  42   1  15   5  3.75e+20   9.980     0.0251   0.0080   1.5129     1.410  3.069e+21     9.183      1    0  4.2573e-18  3.0203e-18  1.9243e-21     667.61    1010.02    30300.63 1.2719e+22    5.30   sub
  43   1  15   6  3.75e+20  11.049     0.0251   0.0102   1.2471     1.272  2.927e+21     8.806      1    0  2.0541e-18  1.6144e-18  1.5410e-21    1011.28    1261.21    37836.19 8.0683e+21    8.44   sub
  44   1  15   7  3.75e+20  12.253     0.0251   0.0131   1.0326     1.184  2.716e+21     8.244      1    0  9.8510e-19  8.3207e-19  1.2239e-21    1537.83    1587.93    47637.98 5.1327e+21   13.73   sub
  45   1  15   8  3.75e+20  13.555     0.0251   0.0168   0.8602     1.126  2.420e+21     7.453      1    0  4.7341e-19  4.2031e-19  9.6838e-22    2333.16    2006.99    60209.74 3.3130e+21   22.48   sub
  46   1  15   9  3.75e+20  13.796     0.0251   0.0214   0.7487     1.095  2.024e+21     6.397      1    0  2.2447e-19  2.0496e-19  7.5940e-22    3418.33    2559.30    76778.87 2.1680e+21   33.05   sub
  47   1  15  10  3.75e+20  13.796     0.0251   0.0274   0.6619     1.074  1.584e+21     5.225      1    0  1.0975e-19  1.0218e-19  6.0060e-22    4888.76    3235.99    97079.79 1.4906e+21   46.81   sub
  48   1  15  11  3.75e+20  13.796     0.0251   0.0350   0.5885     1.058  1.163e+21     4.101      1    0  5.5174e-20  5.2130e-20  4.7895e-22    6894.85    4057.93   121737.77 1.0818e+21   65.53   sub
  49   1  15  12  3.75e+20  13.796     0.0251   0.0448   0.5148     1.045  7.569e+20     3.019      1    0  2.5104e-20  2.4033e-20  3.6934e-22   10221.66    5262.15   157864.56 7.9382e+20   96.52   sub
  50   1  16   1  3.75e+20   7.045     0.0373   0.0030   4.8153     7.103  4.835e+21    13.893      1    0  8.6931e-17  1.2239e-17  3.2515e-21     124.13     597.73    17932.02 8.7929e+22    1.05   sub
  51   1  16   2  3.75e+20   7.386     0.0373   0.0038   3.8153     4.394  4.801e+21    13.802      1    0  4.7419e-17  1.0791e-17  2.9602e-21     172.09     656.56    19696.82 6.1856e+22    1.20   sub
  52   1  16   3  3.75e+20   7.855     0.0373   0.0049   3.0532     2.977  4.748e+21    13.661      1    0  2.4914e-17  8.3693e-18  2.6000e-21     244.83     747.51    22425.43 4.2175e+22    1.50   sub
  53   1  16   4  3.75e+20   8.469     0.0373   0.0063   2.4639     2.199  4.663e+21    13.434      1    0  1.2688e-17  5.7694e-18  2.2142e-21     356.25     877.78    26333.39 2.7986e+22    2.02   sub
  54   1  16   5  3.75e+20   9.263     0.0373   0.0080   1.9924     1.744  4.525e+21    13.067      1    0  6.2002e-18  3.5551e-18  1.8304e-21     532.95    1061.82    31854.68 1.7992e+22    2.94   sub
  55   1  16   6  3.75e+20  10.197     0.0373   0.0102   1.6296     1.480  4.318e+21    12.514      1    0  3.0330e-18  2.0490e-18  1.4917e-21     799.51    1302.88    39086.28 1.1537e+22    4.48   sub
  56   1  16   7  3.75e+20  11.290     0.0373   0.0131   1.3387     1.316  4.007e+21    11.686      1    0  1.4608e-18  1.1100e-18  1.1977e-21    1212.20    1622.73    48681.77 7.3364e+21    7.09   sub
  57   1  16   8  3.75e+20  12.499     0.0373   0.0168   1.1087     1.213  3.573e+21    10.528      1    0  7.0637e-19  5.8228e-19  9.5572e-22    1834.18    2033.58    61007.51 4.7088e+21   11.40   sub
  58   1  16   9  3.75e+20  13.796     0.0373   0.0214   0.9210     1.145  2.992e+21     8.978      1    0  3.3453e-19  2.9208e-19  7.5366e-22    2800.12    2578.81    77364.36 3.0278e+21   18.66   sub
  59   1  16  10  3.75e+20  13.796     0.0373   0.0274   0.8129     1.113  2.345e+21     7.252      1    0  1.6385e-19  1.4728e-19  5.9756e-22    4000.99    3252.43    97572.89 2.0296e+21   26.27   sub
  60   1  16  11  3.75e+20  13.796     0.0373   0.0350   0.7171     1.087  1.691e+21     5.509      1    0  7.9375e-20  7.3012e-20  4.7150e-22    5748.41    4122.00   123660.05 1.3987e+21   37.32   sub
  61   1  16  12  3.75e+20  13.796     0.0373   0.0448   0.6252     1.066  1.091e+21     3.910      1    0  3.5701e-20  3.3491e-20  3.6268e-22    8571.43    5358.83   160764.85 9.7749e+20   55.10   sub
  62   1  16  13  3.75e+20  13.796     0.0373   0.0572   0.5617     1.053  7.467e+20     2.991      1    0  1.9036e-20  1.8076e-20  2.9479e-22   11738.20    6592.94   197788.12 7.7184e+20   75.00   sub
  63   1  17   1  3.75e+20   6.923     0.0553   0.0030   7.1012    17.780  7.076e+21    19.870      1    0  1.0315e-16  5.8011e-18  2.4229e-21     112.96     802.15    24064.64 1.0265e+23    1.00 super
  64   1  17   2  3.75e+20   7.187     0.0553   0.0038   5.4187     9.275  7.032e+21    19.752      1    0  5.8655e-17  6.3241e-18  2.3500e-21     152.63     827.04    24811.31 7.5156e+22    1.02   sub
  65   1  17   3  3.75e+20   7.555     0.0553   0.0049   4.2109     5.342  6.955e+21    19.546      1    0  3.2099e-17  6.0093e-18  2.1818e-21     211.55     890.80    26723.94 5.3322e+22    1.12   sub
  66   1  17   4  3.75e+20   8.044     0.0553   0.0063   3.3339     3.441  6.830e+21    19.215      1    0  1.7079e-17  4.9638e-18  1.9481e-21     299.25     997.68    29930.34 3.6843e+22    1.36   sub
  67   1  17   5  3.75e+20   8.670     0.0553   0.0080   2.6764     2.451  6.638e+21    18.702      1    0  8.8531e-18  3.6123e-18  1.6828e-21     431.51    1154.91    34647.32 2.4837e+22    1.78   sub
  68   1  17   6  3.75e+20   9.465     0.0553   0.0102   2.1606     1.891  6.336e+21    17.897      1    0  4.4182e-18  2.3365e-18  1.4095e-21     638.19    1378.91    41367.29 1.6248e+22    2.53   sub
  69   1  17   7  3.75e+20  10.424     0.0553   0.0131   1.7570     1.565  5.884e+21    16.690      1    0  2.1580e-18  1.3789e-18  1.1543e-21     958.31    1683.78    50513.51 1.0451e+22    3.80   sub
  70   1  17   8  3.75e+20  11.554     0.0553   0.0168   1.4345     1.366  5.230e+21    14.947      1    0  1.0289e-18  7.5335e-19  9.2722e-22    1461.15    2096.08    62882.45 6.6311e+21    6.00   sub
  71   1  17   9  3.75e+20  12.779     0.0553   0.0214   1.1861     1.245  4.400e+21    12.733      1    0  4.9793e-19  3.9986e-19  7.4177e-22    2208.96    2620.15    78604.50 4.2771e+21    9.58   sub
  72   1  17  10  3.75e+20  13.796     0.0553   0.0274   0.9975     1.171  3.426e+21    10.136      1    0  2.3867e-19  2.0377e-19  5.8774e-22    3315.09    3306.77    99203.19 2.7839e+21   15.05   sub
  73   1  17  11  3.75e+20  13.796     0.0553   0.0350   0.8735     1.130  2.432e+21     7.487      1    0  1.1237e-19  9.9407e-20  4.6052e-22    4831.40    4220.32   126609.64 1.8396e+21   21.55   sub
  74   1  17  12  3.75e+20  13.796     0.0553   0.0448   0.7685     1.100  1.625e+21     5.334      1    0  5.3807e-20  4.8900e-20  3.6224e-22    6981.87    5365.27   160958.00 1.2746e+21   30.73   sub
  75   1  17  13  3.75e+20  13.796     0.0553   0.0572   0.6822     1.079  1.072e+21     3.860      1    0  2.6985e-20  2.5014e-20  2.8896e-22    9858.98    6726.07   201781.99 9.4434e+20   42.96   sub
  76   1  17  14  3.75e+20  13.796     0.0553   0.0732   0.6020     1.061  6.769e+20     2.805      1    0  1.2995e-20  1.2247e-20  2.2723e-22   14206.88    8553.09   256592.66 7.2557e+20   61.40   sub
  77   1  17  15  3.75e+20  13.796     0.0553   0.0936   0.5321     1.048  4.238e+20     2.130      1    0  6.2851e-21  5.9994e-21  1.7881e-22   20428.39   10869.07   326071.98 5.9138e+20   87.72   sub
  78   1  18   1  3.75e+20   6.864     0.0821   0.0030  11.0493    53.854  1.016e+22    28.103      1    0  1.1195e-16  2.0788e-18  1.6292e-21     107.97    1192.96    35788.82 1.1149e+23    1.11 super
  79   1  18   2  3.75e+20   7.071     0.0821   0.0038   8.1297    24.922  1.014e+22    28.036      1    0  6.7210e-17  2.6968e-18  1.6903e-21     141.43    1149.81    34494.41 8.5308e+22    1.02 super
  80   1  18   3  3.75e+20   7.367     0.0821   0.0049   6.0475    12.014  1.005e+22    27.794      1    0  3.8314e-17  3.1891e-18  1.6809e-21     191.19    1156.23    34687.02 6.2971e+22    1.00   sub
  81   1  18   4  3.75e+20   7.740     0.0821   0.0063   4.6792     6.671  9.886e+21    27.363      1    0  2.1810e-17  3.2693e-18  1.5991e-21     259.75    1215.42    36462.46 4.5981e+22    1.06   sub
  82   1  18   5  3.75e+20   8.247     0.0821   0.0080   3.6569     4.057  9.609e+21    26.625      1    0  1.1730e-17  2.8909e-18  1.4536e-21     365.62    1337.05    40111.61 3.2170e+22    1.24   sub
  83   1  18   6  3.75e+20   8.890     0.0821   0.0102   2.9103     2.765  9.185e+21    25.494      1    0  6.1423e-18  2.2216e-18  1.2731e-21     524.57    1526.65    45799.61 2.1939e+22    1.59   sub
  84   1  18   7  3.75e+20   9.714     0.0821   0.0131   2.3276     2.053  8.527e+21    23.740      1    0  3.0575e-18  1.4889e-18  1.0744e-21     777.20    1809.00    54270.08 1.4400e+22    2.22   sub
  85   1  18   8  3.75e+20  10.689     0.0821   0.0168   1.8859     1.659  7.605e+21    21.279      1    0  1.5031e-18  9.0584e-19  8.8630e-22    1162.79    2192.86    65785.92 9.3408e+21    3.28   sub
  86   1  18   9  3.75e+20  11.824     0.0821   0.0214   1.5389     1.425  6.388e+21    18.034      1    0  7.2477e-19  5.0870e-19  7.1709e-22    1761.19    2710.33    81309.81 5.9941e+21    5.09   sub
  87   1  18  10  3.75e+20  13.080     0.0821   0.0274   1.2672     1.282  4.978e+21    14.275      1    0  3.4800e-19  2.7153e-19  5.7376e-22    2673.18    3387.40   101621.96 3.8673e+21    8.11   sub
  88   1  18  11  3.75e+20  13.796     0.0821   0.0350   1.0825     1.203  3.621e+21    10.656      1    0  1.7142e-19  1.4252e-19  4.5899e-22    3911.65    4234.36   127030.82 2.5711e+21   12.13   sub
  89   1  18  12  3.75e+20  13.796     0.0821   0.0448   0.9491     1.155  2.426e+21     7.468      1    0  8.1846e-20  7.0887e-20  3.6172e-22    5660.99    5373.07   161192.18 1.7237e+21   17.20   sub
  90   1  18  13  3.75e+20  13.796     0.0821   0.0572   0.8352     1.119  1.567e+21     5.180      1    0  3.9472e-20  3.5277e-20  2.8546e-22    8151.63    6808.43   204252.83 1.2078e+21   24.38   sub
  91   1  18  14  3.75e+20  13.796     0.0821   0.0732   0.7346     1.092  9.845e+20     3.625      1    0  1.8821e-20  1.7243e-20  2.2413e-22   11804.99    8671.46   260143.81 8.8496e+20   34.87   sub
  92   1  18  15  3.75e+20  13.796     0.0821   0.0936   0.6438     1.070  6.009e+20     2.602      1    0  8.7422e-21  8.1700e-21  1.7427e-22   17321.29   11152.31   334569.23 6.8165e+20   50.65   sub
  93   1  18  16  3.75e+20  13.796     0.0821   0.1196   0.5765     1.056  3.940e+20     2.051      1    0  4.5767e-21  4.3339e-21  1.4082e-22   23939.52   13801.84   414055.19 5.7455e+20   69.55   sub
  94   1  19   1  3.75e+20   6.808     0.1218   0.0030  19.3367   205.885  1.389e+22    38.038      1    0  1.2689e-16  6.1631e-19  9.9514e-22     101.00    1953.02    58590.72 1.2144e+23    1.36  deep
  95   1  19   2  3.75e+20   7.009     0.1218   0.0038  13.0653    81.471  1.406e+22    38.488      1    0  7.2744e-17  8.9289e-19  1.0991e-21     135.35    1768.35    53050.60 9.1847e+22    1.18  deep
  96   1  19   3  3.75e+20   7.250     0.1218   0.0049   9.3152    35.101  1.407e+22    38.508      1    0  4.3391e-17  1.2362e-18  1.1706e-21     178.23    1660.23    49806.93 7.0472e+22    1.06 super
  97   1  19   4  3.75e+20   7.568     0.1218   0.0063   6.7931    15.936  1.391e+22    38.092      1    0  2.5074e-17  1.5734e-18  1.1943e-21     239.56    1627.33    48819.94 5.2746e+22    1.00 super
  98   1  19   5  3.75e+20   7.960     0.1218   0.0080   5.1783     8.358  1.358e+22    37.214      1    0  1.4488e-17  1.7335e-18  1.1612e-21     323.21    1673.67    50209.98 3.9078e+22    1.03   sub
  99   1  19   6  3.75e+20   8.472     0.1218   0.0102   4.0195     4.864  1.302e+22    35.710      1    0  8.0044e-18  1.6457e-18  1.0779e-21     448.59    1803.12    54093.64 2.7939e+22    1.16   sub
 100   1  19   7  3.75e+20   9.125     0.1218   0.0131   3.1722     3.166  1.215e+22    33.392      1    0  4.2500e-18  1.3426e-18  9.5893e-22     638.93    2026.78    60803.27 1.9322e+22    1.43   sub
 101   1  19   8  3.75e+20   9.955     0.1218   0.0168   2.5248     2.268  1.087e+22    29.978      1    0  2.1479e-18  9.4699e-19  8.2004e-22     938.71    2370.06    71101.80 1.2868e+22    1.94   sub
 102   1  19   9  3.75e+20  10.947     0.1218   0.0214   2.0344     1.779  9.179e+21    25.477      1    0  1.0596e-18  5.9552e-19  6.8164e-22    1401.51    2851.25    85537.43 8.4060e+21    2.83   sub
 103   1  19  10  3.75e+20  12.084     0.1218   0.0274   1.6576     1.498  7.207e+21    20.219      1    0  5.1585e-19  3.4432e-19  5.5557e-22    2110.44    3498.28   104948.37 5.4521e+21    4.31   sub
 104   1  19  11  3.75e+20  13.339     0.1218   0.0350   1.3641     1.329  5.228e+21    14.942      1    0  2.4958e-19  1.8782e-19  4.4696e-22    3187.71    4348.37   130451.23 3.5518e+21    6.77   sub
 105   1  19  12  3.75e+20  13.796     0.1218   0.0448   1.1693     1.238  3.519e+21    10.385      1    0  1.1941e-19  9.6449e-20  3.5463e-22    4686.75    5480.40   164412.08 2.3361e+21    9.93   sub
 106   1  19  13  3.75e+20  13.796     0.1218   0.0572   1.0238     1.181  2.265e+21     7.041      1    0  5.6968e-20  4.8249e-20  2.7978e-22    6785.43    6946.76   208402.68 1.5797e+21   14.05   sub
 107   1  19  14  3.75e+20  13.796     0.1218   0.0732   0.8959     1.137  1.412e+21     4.767      1    0  2.6766e-20  2.3534e-20  2.1915e-22    9899.25    8868.54   266056.06 1.1066e+21   20.11   sub
 108   1  19  15  3.75e+20  13.796     0.1218   0.0936   0.7930     1.107  9.020e+20     3.405      1    0  1.3305e-20  1.2019e-20  1.7455e-22   14040.56   11134.70   334041.07 8.3574e+20   28.14   sub
 109   1  19  16  3.75e+20  13.796     0.1218   0.1196   0.7015     1.083  5.683e+20     2.516      1    0  6.5425e-21  6.0392e-21  1.3837e-22   20022.47   14045.66   421369.71 6.6285e+20   39.70   sub
 110   1  19  17  3.75e+20  13.796     0.1218   0.1529   0.6148     1.064  3.430e+20     1.915      1    0  3.0314e-21  2.8497e-21  1.0746e-22   29414.83   18085.56   542566.91 5.4778e+20   57.80   sub
 111   1  19  18  3.75e+20  13.796     0.1218   0.1955   0.5484     1.051  2.202e+20     1.587      1    0  1.5491e-21  1.4745e-21  8.6124e-23   41148.01   22566.83   677004.87 4.8562e+20   80.35   sub
 112   1  20   1  3.75e+20   6.788     0.1808   0.0030  32.7582   642.746  1.718e+22    46.811      1    0  1.3255e-16  2.0623e-19  6.0126e-22      98.68    3232.42    96972.55 1.2547e+23    1.58  deep
 113   1  20   2  3.75e+20   6.952     0.1808   0.0038  23.0567   305.211  1.780e+22    48.476      1    0  8.1128e-17  2.6581e-19  6.6039e-22     127.64    2943.00    88290.11 9.8690e+22    1.44  deep
 114   1  20   3  3.75e+20   7.184     0.1808   0.0049  15.4160   121.441  1.830e+22    49.810      1    0  4.6941e-17  3.8654e-19  7.3909e-22     170.58    2629.62    78888.67 7.5375e+22    1.26  deep
 115   1  20   4  3.75e+20   7.465     0.1808   0.0063  10.5945    48.488  1.846e+22    50.223      1    0  2.7492e-17  5.6700e-19  8.0738e-22     227.21    2407.20    72216.15 5.7618e+22    1.10 super
 116   1  20   5  3.75e+20   7.777     0.1808   0.0080   7.7855    22.361  1.826e+22    49.698      1    0  1.6809e-17  7.5171e-19  8.4166e-22     296.60    2309.16    69274.90 4.4686e+22    1.02 super
 117   1  20   6  3.75e+20   8.200     0.1808   0.0102   5.7663    10.727  1.765e+22    48.067      1    0  9.6359e-18  8.9830e-19  8.3795e-22     402.23    2319.39    69581.60 3.3186e+22    1.01   sub
 118   1  20   7  3.75e+20   8.725     0.1808   0.0131   4.4194     5.905  1.659e+22    45.234      1    0  5.4012e-18  9.1470e-19  7.9355e-22     554.18    2449.17    73474.97 2.4072e+22    1.09   sub
 119   1  20   8  3.75e+20   9.379     0.1808   0.0168   3.4658     3.681  1.501e+22    41.022      1    0  2.9290e-18  7.9563e-19  7.1869e-22     780.28    2704.27    81128.03 1.6955e+22    1.31   sub
 120   1  20   9  3.75e+20  10.211     0.1808   0.0214   2.7440     2.537  1.282e+22    35.178      1    0  1.5045e-18  5.9290e-19  6.2352e-22    1135.94    3117.05    93511.63 1.1467e+22    1.72   sub
 121   1  20  10  3.75e+20  11.199     0.1808   0.0274   2.2054     1.933  1.021e+22    28.225      1    0  7.5404e-19  3.9011e-19  5.2444e-22    1680.38    3705.91   111177.31 7.6035e+21    2.43   sub
 122   1  20  11  3.75e+20  12.350     0.1808   0.0350   1.7884     1.587  7.489e+21    20.970      1    0  3.6735e-19  2.3144e-19  4.2984e-22    2528.24    4521.59   135647.63 4.9599e+21    3.66   sub
 123   1  20  12  3.75e+20  13.622     0.1808   0.0448   1.4660     1.383  5.119e+21    14.651      1    0  1.7707e-19  1.2803e-19  3.4666e-22    3824.44    5606.51   168195.23 3.2428e+21    5.70   sub
 124   1  20  13  3.75e+20  13.796     0.1808   0.0572   1.2666     1.281  3.303e+21     9.808      1    0  8.3984e-20  6.5545e-20  2.7458e-22    5588.47    7078.26   212347.66 2.1363e+21    8.12   sub
 125   1  20  14  3.75e+20  13.796     0.1808   0.0732   1.1120     1.214  2.119e+21     6.651      1    0  4.1049e-20  3.3801e-20  2.1865e-22    7993.59    8888.74   266662.13 1.4754e+21   11.31   sub
 126   1  20  15  3.75e+20  13.796     0.1808   0.0936   0.9759     1.164  1.329e+21     4.544      1    0  1.9749e-20  1.6971e-20  1.7281e-22   11524.37   11246.37   337391.23 1.0544e+21   15.96   sub
 127   1  20  16  3.75e+20  13.796     0.1808   0.1196   0.8564     1.125  8.209e+20     3.189      1    0  9.3951e-21  8.3498e-21  1.3582e-22   16708.57   14309.23   429276.97 7.9085e+20   22.75   sub
 128   1  20  17  3.75e+20  13.796     0.1808   0.1529   0.7512     1.096  5.008e+20     2.335      1    0  4.4169e-21  4.0308e-21  1.0618e-22   24368.76   18304.81   549144.29 6.2730e+20   32.75   sub
 129   1  20  18  3.75e+20  13.796     0.1808   0.1955   0.6651     1.075  3.143e+20     1.838      1    0  2.1783e-21  2.0267e-21  8.4215e-23   34700.38   23078.28   692348.55 5.3288e+20   46.18   sub
 130   1  20  19  3.75e+20  13.796     0.1808   0.2500   0.5906     1.059  1.986e+20     1.530      1    0  1.0877e-21  1.0272e-21  6.7008e-23   49107.15   29004.47   870133.96 4.7457e+20   64.87   sub
 131   1  21   1  3.75e+20   6.732     0.2683   0.0030  58.9469  2028.682  1.876e+22    51.015      1    0  1.6089e-16  7.9306e-20  3.6966e-22      89.19    5257.59   157727.80 1.3867e+23    1.70  deep
 132   1  21   2  3.75e+20   6.959     0.2683   0.0038  36.7247   810.377  2.022e+22    54.933      1    0  7.8237e-17  9.6544e-20  4.0697e-22     130.04    4775.67   143270.21 9.7862e+22    1.62  deep
 133   1  21   3  3.75e+20   7.176     0.2683   0.0049  25.0979   367.142  2.129e+22    57.780      1    0  4.6347e-17  1.2624e-19  4.5135e-22     171.57    4306.06   129181.94 7.6025e+22    1.48  deep
 134   1  21   4  3.75e+20   7.366     0.2683   0.0063  18.7222   191.235  2.193e+22    59.468      1    0  3.1468e-17  1.6455e-19  4.9209e-22     210.96    3949.58   118487.50 6.3017e+22    1.35  deep
 135   1  21   5  3.75e+20   7.681     0.2683   0.0080  12.4607    72.536  2.236e+22    60.634      1    0  1.8192e-17  2.5081e-19  5.5050e-22     283.33    3530.52   105915.69 4.8132e+22    1.16  deep
 136   1  21   6  3.75e+20   8.041     0.2683   0.0102   8.7470    29.957  2.211e+22    59.956      1    0  1.0768e-17  3.5945e-19  5.8969e-22     376.80    3295.86    98875.91 3.6923e+22    1.04 super
 137   1  21   7  3.75e+20   8.455     0.2683   0.0131   6.4839    14.218  2.119e+22    57.494      1    0  6.4488e-18  4.5355e-19  6.0037e-22     499.27    3237.24    97117.18 2.8234e+22    1.00  crit
 138   1  21   8  3.75e+20   9.012     0.2683   0.0168   4.8482     7.210  1.938e+22    52.688      1    0  3.5847e-18  4.9716e-19  5.7983e-22     691.38    3351.92   100557.50 2.0520e+22    1.05   sub
 139   1  21   9  3.75e+20   9.670     0.2683   0.0214   3.7768     4.310  1.692e+22    46.115      1    0  1.9832e-18  4.6010e-19  5.3448e-22     962.80    3636.35   109090.36 1.4707e+22    1.21   sub
 140   1  21  10  3.75e+20  10.488     0.2683   0.0274   2.9850     2.874  1.381e+22    37.815      1    0  1.0465e-18  3.6416e-19  4.7167e-22    1380.41    4120.55   123616.41 1.0166e+22    1.54   sub
 141   1  21  11  3.75e+20  11.489     0.2683   0.0350   2.3826     2.111  1.039e+22    28.699      1    0  5.2647e-19  2.4942e-19  4.0046e-22    2036.94    4853.26   145597.89 6.7957e+21    2.13   sub
 142   1  21  12  3.75e+20  12.672     0.2683   0.0448   1.9170     1.683  7.200e+21    20.201      1    0  2.5412e-19  1.5095e-19  3.2927e-22    3079.11    5902.65   177079.50 4.4358e+21    3.17   sub
 143   1  21  13  3.75e+20  13.796     0.2683   0.0572   1.5846     1.452  4.823e+21    13.860      1    0  1.2551e-19  8.6424e-20  2.6829e-22    4571.47    7244.17   217325.03 2.9594e+21    4.77   sub
 144   1  21  14  3.75e+20  13.796     0.2683   0.0732   1.3775     1.336  3.068e+21     9.183      1    0  5.9982e-20  4.4908e-20  2.1337e-22    6612.72    9108.75   273262.55 1.9716e+21    6.61   sub
 145   1  21  15  3.75e+20  13.796     0.2683   0.0936   1.2051     1.254  1.940e+21     6.174      1    0  2.9064e-20  2.3186e-20  1.6976e-22    9499.72   11448.51   343455.18 1.3680e+21    9.20   sub
 146   1  21  16  3.75e+20  13.796     0.2683   0.1196   1.0563     1.193  1.211e+21     4.230      1    0  1.3994e-20  1.1733e-20  1.3440e-22   13690.48   14460.58   433817.54 9.8896e+20   12.93   sub
 147   1  21  17  3.75e+20  13.796     0.2683   0.1529   0.9253     1.147  7.445e+20     2.985      1    0  6.6347e-21  5.7858e-21  1.0564e-22   19882.89   18398.29   551948.80 7.5022e+20   18.42   sub
 148   1  21  18  3.75e+20  13.796     0.2683   0.1955   0.8164     1.114  4.651e+20     2.240      1    0  3.2417e-21  2.9112e-21  8.3695e-23   28445.10   23221.63   696648.87 6.0866e+20   25.97   sub
 149   1  21  19  3.75e+20  13.796     0.2683   0.2500   0.7198     1.088  2.878e+20     1.768      1    0  1.5664e-21  1.4400e-21  6.5987e-23   40920.00   29453.38   883601.53 5.1932e+20   36.92   sub
 150   1  22   2  3.75e+20   6.957     0.3981   0.0038  57.7622  1952.446  2.143e+22    58.140      1    0  7.7722e-17  3.9807e-20  2.5792e-22     130.45    7535.34   226060.09 9.8071e+22    1.69  deep
 151   1  22   3  3.75e+20   7.090     0.3981   0.0049  46.2623  1277.311  2.228e+22    60.423      1    0  5.5533e-17  4.3476e-20  2.6966e-22     155.80    7207.45   216223.57 8.3537e+22    1.67  deep
 152   1  22   4  3.75e+20   7.364     0.3981   0.0063  30.3331   548.419  2.373e+22    64.269      1    0  3.0805e-17  5.6170e-20  3.0054e-22     213.20    6466.89   194006.72 6.3101e+22    1.55  deep
 153   1  22   5  3.75e+20   7.618     0.3981   0.0080  21.3056   256.221  2.459e+22    66.570      1    0  1.9422e-17  7.5802e-20  3.3404e-22     273.09    5818.32   174549.69 5.0624e+22    1.41  deep
 154   1  22   6  3.75e+20   7.959     0.3981   0.0102  14.1331    98.605  2.498e+22    67.609      1    0  1.1394e-17  1.1555e-19  3.7735e-22     364.43    5150.53   154515.83 3.9110e+22    1.22  deep
 155   1  22   7  3.75e+20   8.321     0.3981   0.0131   9.9556    41.488  2.452e+22    66.396      1    0  6.9864e-18  1.6840e-19  4.1024e-22     475.87    4737.54   142126.29 3.0689e+22    1.08 super
 156   1  22   8  3.75e+20   8.764     0.3981   0.0168   7.1951    18.369  2.311e+22    62.621      1    0  4.1637e-18  2.2667e-19  4.2700e-22     632.60    4551.63   136549.04 2.3539e+22    1.00 super
 157   1  22   9  3.75e+20   9.298     0.3981   0.0214   5.3996     9.199  2.074e+22    56.308      1    0  2.4288e-18  2.6402e-19  4.2190e-22     853.14    4606.60   138198.11 1.7670e+22    1.02   sub
 158   1  22  10  3.75e+20   9.965     0.3981   0.0274   4.1498     5.185  1.749e+22    47.653      1    0  1.3554e-18  2.6141e-19  3.9615e-22    1182.26    4906.11   147183.29 1.2810e+22    1.13   sub
 159   1  22  11  3.75e+20  10.789     0.3981   0.0350   3.2503     3.296  1.372e+22    37.598      1    0  7.2236e-19  2.1918e-19  3.5484e-22    1685.14    5477.20   164316.05 8.9634e+21    1.39   sub
 160   1  22  12  3.75e+20  11.808     0.3981   0.0448   2.5709     2.322  9.909e+21    27.423      1    0  3.6323e-19  1.5643e-19  3.0407e-22    2486.15    6391.64   191749.21 6.0290e+21    1.89   sub
 161   1  22  13  3.75e+20  12.942     0.3981   0.0572   2.0796     1.818  6.809e+21    19.157      1    0  1.8208e-19  1.0015e-19  2.5423e-22    3676.04    7644.82   229344.70 4.0490e+21    2.71   sub
 162   1  22  14  3.75e+20  13.796     0.3981   0.0732   1.7299     1.546  4.463e+21    12.901      1    0  8.9291e-20  5.7746e-20  2.0730e-22    5419.86    9375.70   281270.98 2.7058e+21    3.93   sub
 163   1  22  15  3.75e+20  13.796     0.3981   0.0936   1.4986     1.401  2.811e+21     8.495      1    0  4.2597e-20  3.0396e-20  1.6527e-22    7846.97   11759.83   352794.87 1.8158e+21    5.42   sub
 164   1  22  16  3.75e+20  13.796     0.3981   0.1196   1.3054     1.300  1.755e+21     5.681      1    0  2.0400e-20  1.5696e-20  1.3130e-22   11338.96   14802.11   444063.19 1.2654e+21    7.54   sub
 165   1  22  17  3.75e+20  13.796     0.3981   0.1529   1.1400     1.226  1.085e+21     3.894      1    0  9.7146e-21  7.9253e-21  1.0376e-22   16431.54   18731.33   561939.88 9.2211e+20   10.60   sub
 166   1  22  18  3.75e+20  13.796     0.3981   0.1955   1.0013     1.173  6.755e+20     2.801      1    0  4.7067e-21  4.0140e-21  8.2227e-23   23606.53   23636.12   709083.66 7.1444e+20   14.90   sub
 167   1  22  19  3.75e+20  13.796     0.3981   0.2500   0.8765     1.131  4.111e+20     2.096      1    0  2.2121e-21  1.9554e-21  6.4395e-23   34434.19   30181.54   905446.26 5.8115e+20   21.35   sub
 168   1  23   4  3.75e+20   7.260     0.5908   0.0063  55.7003  1822.704  2.409e+22    65.247      1    0  3.7566e-17  2.0610e-20  1.8203e-22     191.69   10677.12   320313.74 6.9734e+22    1.69  deep
 169   1  23   5  3.75e+20   7.539     0.5908   0.0080  38.1896   876.342  2.543e+22    68.805      1    0  2.1891e-17  2.4980e-20  1.9889e-22     255.88    9771.86   293155.86 5.4080e+22    1.63  deep
 170   1  23   6  3.75e+20   7.879     0.5908   0.0102  24.8162   358.294  2.632e+22    71.197      1    0  1.2428e-17  3.4686e-20  2.2557e-22     347.19    8615.94   258478.26 4.1414e+22    1.47  deep
 171   1  23   7  3.75e+20   8.189     0.5908   0.0131  17.3865   161.180  2.639e+22    71.386      1    0  7.9179e-18  4.9125e-20  2.5209e-22     443.44    7709.78   231293.50 3.3421e+22    1.31  deep
 172   1  23   8  3.75e+20   8.623     0.5908   0.0168  11.4182    58.440  2.543e+22    68.808      1    0  4.5475e-18  7.7815e-20  2.8349e-22     600.43    6855.81   205674.31 2.5533e+22    1.13 super
 173   1  23   9  3.75e+20   9.073     0.5908   0.0214   8.1522    25.095  2.350e+22    63.674      1    0  2.7570e-18  1.0986e-19  3.0140e-22     791.00    6448.39   193451.62 1.9866e+22    1.02 super
 174   1  23  10  3.75e+20   9.632     0.5908   0.0274   5.9731    11.664  2.051e+22    55.687      1    0  1.6021e-18  1.3736e-19  3.0434e-22    1069.12    6385.98   191579.55 1.4977e+22    1.00   sub
 175   1  23  11  3.75e+20  10.284     0.5908   0.0350   4.5716     6.345  1.693e+22    46.153      1    0  9.2026e-19  1.4503e-19  2.9165e-22    1457.65    6663.84   199915.21 1.1102e+22    1.08   sub
 176   1  23  12  3.75e+20  11.119     0.5908   0.0448   3.5390     3.822  1.292e+22    35.446      1    0  4.9321e-19  1.2906e-19  2.6526e-22    2070.30    7326.88   219806.49 7.8468e+21    1.28   sub
 177   1  23  13  3.75e+20  12.114     0.5908   0.0572   2.7961     2.607  9.220e+21    25.586      1    0  2.5449e-19  9.7637e-20  2.3105e-22    3008.35    8411.73   252351.91 5.3941e+21    1.68   sub
 178   1  23  14  3.75e+20  13.247     0.5908   0.0732   2.2502     1.976  6.258e+21    17.689      1    0  1.2826e-19  6.4909e-20  1.9491e-22    4431.38    9971.38   299141.35 3.6594e+21    2.35   sub
 179   1  23  15  3.75e+20  13.796     0.5908   0.0936   1.8844     1.658  4.028e+21    11.742      1    0  6.2143e-20  3.7476e-20  1.5876e-22    6496.73   12242.27   367268.20 2.4449e+21    3.29   sub
 180   1  23  16  3.75e+20  13.796     0.5908   0.1196   1.6329     1.482  2.555e+21     7.814      1    0  3.0217e-20  2.0385e-20  1.2775e-22    9316.78   15213.82   456414.73 1.6729e+21    4.46   sub
 181   1  23  17  3.75e+20  13.796     0.5908   0.1529   1.4166     1.356  1.585e+21     5.225      1    0  1.4361e-20  1.0590e-20  1.0152e-22   13514.35   19144.02   574320.49 1.1744e+21    6.18   sub
 182   1  23  18  3.75e+20  13.796     0.5908   0.1955   1.2391     1.269  9.914e+20     3.644      1    0  6.9781e-21  5.5003e-21  8.0902e-23   19387.49   24023.40   720702.11 8.7331e+20    8.58   sub
 183   1  23  19  3.75e+20  13.796     0.5908   0.2500   1.0871     1.205  6.179e+20     2.648      1    0  3.3883e-21  2.8128e-21  6.4259e-23   27822.88   30245.46   907363.77 6.8491e+20   12.00   sub
 184   1  24   5  3.75e+20   7.599     0.8767   0.0080  55.5161  1811.298  2.626e+22    71.029      1    0  1.9445e-17  1.0735e-20  1.2843e-22     272.58   15132.68   453980.38 5.1427e+22    1.69  deep
 185   1  24   6  3.75e+20   7.878     0.8767   0.0102  39.9781   959.765  2.705e+22    73.121      1    0  1.2247e-17  1.2761e-20  1.3902e-22     349.70   13980.53   419415.89 4.1465e+22    1.64  deep
 186   1  24   7  3.75e+20   8.186     0.8767   0.0131  28.1656   469.567  2.726e+22    73.694      1    0  7.7440e-18  1.6492e-20  1.5392e-22     448.31   12626.86   378805.66 3.3486e+22    1.53  deep
 187   1  24   8  3.75e+20   8.505     0.8767   0.0168  20.0247   222.891  2.679e+22    72.438      1    0  5.0489e-18  2.2652e-20  1.7150e-22     565.92   11332.33   339969.82 2.7395e+22    1.38  deep
 188   1  24   9  3.75e+20   8.945     0.8767   0.0214  13.2122    83.725  2.519e+22    68.163      1    0  2.9754e-18  3.5538e-20  1.9458e-22     756.01    9988.54   299656.12 2.1287e+22    1.19  deep
 189   1  24  10  3.75e+20   9.422     0.8767   0.0274   9.1930    33.952  2.266e+22    61.425      1    0  1.7920e-18  5.2781e-20  2.1145e-22     999.83    9191.39   275741.65 1.6595e+22    1.05 super
 190   1  24  11  3.75e+20   9.979     0.8767   0.0350   6.6723    15.250  1.936e+22    52.637      1    0  1.0636e-18  6.9743e-20  2.1809e-22    1335.64    8911.78   267353.46 1.2725e+22    1.00 super
 191   1  24  12  3.75e+20  10.657     0.8767   0.0448   5.0002     7.723  1.556e+22    42.494      1    0  6.0743e-19  7.8654e-20  2.1282e-22    1826.42    9132.41   273972.26 9.4656e+21    1.04   sub
 192   1  24  13  3.75e+20  11.484     0.8767   0.0572   3.8479     4.467  1.171e+22    32.240      1    0  3.3187e-19  7.4299e-20  1.9692e-22    2564.98    9869.87   296096.10 6.8088e+21    1.19   sub
 193   1  24  14  3.75e+20  12.444     0.8767   0.0732   3.0435     2.962  8.379e+21    23.345      1    0  1.7683e-19  5.9702e-20  1.7458e-22    3657.74   11132.38   333971.39 4.8007e+21    1.50   sub
 194   1  24  15  3.75e+20  13.566     0.8767   0.0936   2.4385     2.171  5.673e+21    16.129      1    0  9.0022e-20  4.1465e-20  1.4890e-22    5352.76   13052.71   391581.22 3.3005e+21    2.05   sub
 195   1  24  16  3.75e+20  13.796     0.8767   0.1196   2.0632     1.804  3.637e+21    10.699      1    0  4.3795e-20  2.4278e-20  1.2172e-22    7738.86   15967.05   479011.52 2.2255e+21    2.75   sub
 196   1  24  17  3.75e+20  13.796     0.8767   0.1529   1.7825     1.583  2.311e+21     7.163      1    0  2.1412e-20  1.3526e-20  9.8512e-23   11067.87   19728.86   591865.69 1.5421e+21    3.69   sub
 197   1  24  18  3.75e+20  13.796     0.8767   0.1955   1.5416     1.426  1.433e+21     4.821      1    0  1.0185e-20  7.1407e-21  7.8561e-23   16047.39   24739.32   742179.64 1.0955e+21    5.07   sub
 198   1  24  19  3.75e+20  13.796     0.8767   0.2500   1.3453     1.319  8.963e+20     3.390      1    0  4.9470e-21  3.7496e-21  6.2743e-23   23026.19   30976.19   929285.73 8.2464e+20    7.00   sub
 199   1  25   7  3.75e+20   8.158     1.3010   0.0131  46.3084  1279.778  2.774e+22    74.967      1    0  7.9378e-18  6.2025e-21  9.4942e-23     442.05   20470.78   614123.55 3.4104e+22    1.67  deep
 200   1  25   8  3.75e+20   8.475     1.3010   0.0168  33.3801   667.948  2.740e+22    74.056      1    0  5.1350e-18  7.6878e-21  1.0394e-22     560.16   18698.25   560947.38 2.7895e+22    1.59  deep
 201   1  25   9  3.75e+20   8.886     1.3010   0.0214  22.1623   279.701  2.606e+22    70.486      1    0  3.0721e-18  1.0983e-20  1.1825e-22     741.59   16435.28   493058.38 2.1982e+22    1.43  deep
 202   1  25  10  3.75e+20   9.294     1.3010   0.0274  15.3003   119.283  2.401e+22    65.036      1    0  1.9383e-18  1.6250e-20  1.3304e-22     954.79   14608.63   438259.04 1.7704e+22    1.25  deep
 203   1  25  11  3.75e+20   9.789     1.3010   0.0350  10.4767    47.149  2.106e+22    57.169      1    0  1.1722e-18  2.4861e-20  1.4723e-22    1260.04   13201.06   396031.84 1.3898e+22    1.10 super
 204   1  25  12  3.75e+20  10.351     1.3010   0.0448   7.4966    20.344  1.766e+22    48.097      1    0  7.0417e-19  3.4613e-20  1.5508e-22    1671.72   12532.15   375964.51 1.0786e+22    1.01 super
 205   1  25  13  3.75e+20  11.023     1.3010   0.0572   5.5532     9.819  1.403e+22    38.408      1    0  4.0899e-19  4.1654e-20  1.5460e-22    2263.72   12570.99   377129.84 8.1507e+21    1.01   sub
 206   1  25  14  3.75e+20  11.847     1.3010   0.0732   4.2244     5.377  1.048e+22    28.947      1    0  2.2603e-19  4.2039e-20  1.4574e-22    3156.71   13335.23   400056.75 5.9444e+21    1.12   sub
 207   1  25  15  3.75e+20  12.800     1.3010   0.0936   3.3143     3.406  7.477e+21    20.939      1    0  1.2164e-19  3.5712e-20  1.3110e-22    4472.78   14824.30   444729.03 4.2472e+21    1.37   sub
 208   1  25  16  3.75e+20  13.796     1.3010   0.1196   2.6588     2.429  5.073e+21    14.527      1    0  6.2675e-20  2.5806e-20  1.1300e-22    6469.08   17199.89   515996.67 2.9618e+21    1.80   sub
 209   1  25  17  3.75e+20  13.796     1.3010   0.1529   2.2656     1.991  3.264e+21     9.704      1    0  3.0824e-20  1.5480e-20  9.2994e-23    9224.63   20899.50   626984.88 2.0252e+21    2.32   sub
 210   1  25  18  3.75e+20  13.796     1.3010   0.1955   1.9413     1.703  2.052e+21     6.473      1    0  1.4826e-20  8.7077e-21  7.5270e-23   13300.70   25821.03   774630.88 1.4075e+21    3.10   sub
 211   1  25  19  3.75e+20  13.796     1.3010   0.2500   1.6830     1.515  1.298e+21     4.463      1    0  7.2719e-21  4.8007e-21  6.0806e-23   18991.82   31963.17   958895.17 1.0266e+21    4.17   sub
 212   1  26   8  3.75e+20   8.497     1.9307   0.0168  51.6283  1577.548  2.765e+22    74.733      1    0  4.9251e-18  3.1220e-21  6.5730e-23     572.72   29568.67   887060.21 2.7523e+22    1.68  deep
 213   1  26   9  3.75e+20   8.801     1.9307   0.0214  38.7327   901.341  2.673e+22    72.279      1    0  3.3398e-18  3.7054e-21  7.0889e-23     707.84   27416.54   822496.27 2.3045e+22    1.63  deep
 214   1  26  10  3.75e+20   9.267     1.9307   0.0274  25.1869   369.960  2.452e+22    66.386      1    0  1.9379e-18  5.2382e-21  8.0929e-23     953.48   24015.24   720457.16 1.7955e+22    1.48  deep
 215   1  26  11  3.75e+20   9.626     1.9307   0.0350  18.3880   183.483  2.241e+22    60.771      1    0  1.3175e-18  7.1803e-21  8.9679e-23    1178.61   21672.27   650167.98 1.5019e+22    1.34  deep
 216   1  26  12  3.75e+20  10.206     1.9307   0.0448  11.7851    63.211  1.882e+22    51.192      1    0  7.4701e-19  1.1818e-20  1.0232e-22    1611.71   18994.23   569826.81 1.1491e+22    1.14 super
 217   1  26  13  3.75e+20  10.754     1.9307   0.0572   8.4361    27.350  1.564e+22    42.709      1    0  4.6176e-19  1.6883e-20  1.0948e-22    2104.27   17751.88   532556.34 9.0934e+21    1.03 super
 218   1  26  14  3.75e+20  11.444     1.9307   0.0732   6.1228    12.377  1.224e+22    33.650      1    0  2.6794e-19  2.1649e-20  1.1139e-22    2849.63   17447.80   523433.87 6.9146e+21    1.00   sub
 219   1  26  15  3.75e+20  12.217     1.9307   0.0936   4.6749     6.658  9.272e+21    25.726      1    0  1.5465e-19  2.3227e-20  1.0727e-22    3875.60   18118.09   543542.63 5.1986e+21    1.06   sub
 220   1  26  16  3.75e+20  13.183     1.9307   0.1196   3.6123     3.967  6.577e+21    18.538      1    0  8.2877e-20  2.0893e-20  9.7837e-23    5499.30   19864.95   595948.62 3.7376e+21    1.26   sub
 221   1  26  17  3.75e+20  13.796     1.9307   0.1529   2.9439     2.813  4.489e+21    12.970      1    0  4.3475e-20  1.5454e-20  8.4997e-23    7767.31   22865.90   685976.91 2.6481e+21    1.57   sub
 222   1  26  18  3.75e+20  13.796     1.9307   0.1955   2.4940     2.233  2.905e+21     8.748      1    0  2.1563e-20  9.6570e-21  7.0658e-23   11029.10   27506.15   825184.46 1.8381e+21    1.98   sub
 223   1  26  19  3.75e+20  13.796     1.9307   0.2500   2.1359     1.868  1.859e+21     5.958      1    0  1.0639e-20  5.6944e-21  5.7953e-23   15701.46   33536.22  1006086.50 1.3083e+21    2.58   sub
 224   1  27   9  3.75e+20   8.837     2.8651   0.0214  58.6384  2008.711  2.678e+22    72.403      1    0  3.1611e-18  1.5737e-21  4.5461e-23     729.07   42751.38  1282541.45 2.2585e+22    1.70  deep
 225   1  27  10  3.75e+20   9.099     2.8651   0.0274  46.7805  1305.152  2.560e+22    69.257      1    0  2.3107e-18  1.7704e-21  4.8016e-23     865.25   40477.02  1214310.54 1.9595e+22    1.67  deep
 226   1  27  11  3.75e+20   9.589     2.8651   0.0350  30.6773   561.420  2.283e+22    61.892      1    0  1.3371e-18  2.3816e-21  5.4256e-23    1167.69   35821.63  1074648.76 1.5290e+22    1.56  deep
 227   1  27  12  3.75e+20  10.059     2.8651   0.0448  20.7239   240.817  1.991e+22    54.103      1    0  8.2600e-19  3.4300e-21  6.1634e-23    1521.61   31533.66   946009.94 1.2273e+22    1.39  deep
 228   1  27  13  3.75e+20  10.611     2.8651   0.0572  13.6571    90.755  1.660e+22    45.256      1    0  4.9201e-19  5.4213e-21  7.0280e-23    2024.90   27654.37   829631.02 9.6530e+21    1.20  deep
 229   1  27  14  3.75e+20  11.176     2.8651   0.0732   9.5761    37.626  1.359e+22    37.249      1    0  3.0333e-19  8.0618e-21  7.6682e-23    2646.75   25345.38   760361.42 7.6706e+21    1.07 super
 230   1  27  15  3.75e+20  11.875     2.8651   0.0936   6.8167    16.073  1.056e+22    29.161      1    0  1.7653e-19  1.0983e-20  7.9724e-23    3576.26   24378.19   731345.58 5.8824e+21    1.00 super
 231   1  27  16  3.75e+20  12.645     2.8651   0.1196   5.1412     8.222  8.003e+21    22.341      1    0  1.0286e-19  1.2510e-20  7.8197e-23    4834.42   24854.52   745635.54 4.4781e+21    1.03   sub
 232   1  27  17  3.75e+20  13.571     2.8651   0.1529   3.9621     4.728  5.758e+21    16.355      1    0  5.6663e-20  1.1985e-20  7.2693e-23    6748.05   26736.33   802089.96 3.2955e+21    1.17   sub
 233   1  27  18  3.75e+20  13.796     2.8651   0.1955   3.2670     3.324  3.918e+21    11.447      1    0  2.9732e-20  8.9443e-21  6.3339e-23    9392.42   30684.66   920539.94 2.3498e+21    1.39   sub
 234   1  27  19  3.75e+20  13.796     2.8651   0.2500   2.7528     2.549  2.565e+21     7.840      1    0  1.4971e-20  5.8734e-21  5.3340e-23   13236.19   36436.57  1093097.18 1.6634e+21    1.71   sub
 235   1  28  11  3.75e+20   9.456     4.2518   0.0350  54.2002  1730.677  2.374e+22    64.311      1    0  1.5258e-18  8.8162e-22  3.3035e-23    1085.46   58832.43  1764972.75 1.6323e+22    1.69  deep
 236   1  28  12  3.75e+20   9.970     4.2518   0.0448  35.9656   777.049  2.057e+22    55.860      1    0  8.8485e-19  1.1387e-21  3.6921e-23    1463.62   52639.90  1579196.97 1.2780e+22    1.61  deep
 237   1  28  13  3.75e+20  10.510     4.2518   0.0572  23.4890   317.901  1.727e+22    47.060      1    0  5.2181e-19  1.6414e-21  4.2283e-23    1956.85   45964.56  1378936.78 1.0074e+22    1.45  deep
 238   1  28  14  3.75e+20  11.007     4.2518   0.0732  16.2403   137.386  1.452e+22    39.721      1    0  3.3240e-19  2.4195e-21  4.7695e-23    2509.15   40749.21  1222476.22 8.2042e+21    1.28  deep
 239   1  28  15  3.75e+20  11.632     4.2518   0.0936  10.8744    51.752  1.159e+22    31.915      1    0  1.9725e-19  3.8115e-21  5.3377e-23    3348.34   36411.27  1092337.95 6.4394e+21    1.11 super
 240   1  28  16  3.75e+20  12.289     4.2518   0.1196   7.7725    22.268  9.134e+21    25.358      1    0  1.1944e-19  5.3637e-21  5.6536e-23    4422.88   34377.07  1031312.03 5.0691e+21    1.01 super
 241   1  28  17  3.75e+20  13.079     4.2518   0.1529   5.7058    10.463  6.875e+21    19.334      1    0  6.8757e-20  6.5713e-21  5.6640e-23    6013.86   34313.97  1029419.24 3.8678e+21    1.01   sub
 242   1  28  18  3.75e+20  13.796     4.2518   0.1955   4.4063     5.868  4.965e+21    14.239      1    0  3.8241e-20  6.5169e-21  5.3259e-23    8281.88   36492.14  1094764.11 2.8800e+21    1.10   sub
 243   1  28  19  3.75e+20  13.796     4.2518   0.2500   3.6342     4.011  3.371e+21     9.990      1    0  2.0015e-20  4.9898e-21  4.6716e-23   11447.66   41603.55  1248106.53 2.0695e+21    1.25   sub
 244   1  29  12  3.75e+20  10.032     6.3096   0.0448  53.9674  1716.568  2.024e+22    54.970      1    0  8.2104e-19  4.7831e-22  2.3629e-23    1524.14   82253.87  2467616.14 1.2424e+22    1.69  deep
 245   1  29  13  3.75e+20  10.341     6.3096   0.0572  42.9154  1103.517  1.833e+22    49.876      1    0  6.0307e-19  5.4650e-22  2.5082e-23    1805.57   77486.75  2324602.37 1.0832e+22    1.65  deep
 246   1  29  14  3.75e+20  10.901     6.3096   0.0732  28.2880   473.881  1.512e+22    41.323      1    0  3.5553e-19  7.5025e-22  2.8456e-23    2414.45   68299.96  2048998.80 8.5627e+21    1.53  deep
 247   1  29  15  3.75e+20  11.448     6.3096   0.0936  19.0523   199.040  1.243e+22    34.140      1    0  2.1963e-19  1.1035e-21  3.2404e-23    3148.05   59977.46  1799323.66 6.9032e+21    1.36  deep
 248   1  29  16  3.75e+20  12.102     6.3096   0.1196  12.4671    72.626  9.800e+21    27.133      1    0  1.2873e-19  1.7725e-21  3.6874e-23    4227.78   52707.94  1581238.35 5.4176e+21    1.16  deep
 249   1  29  17  3.75e+20  12.778     6.3096   0.1529   8.7069    29.613  7.675e+21    21.467      1    0  7.7386e-20  2.6133e-21  3.9839e-23    5603.00   48784.77  1463542.99 4.2788e+21    1.04 super
 250   1  29  18  3.75e+20  13.571     6.3096   0.1955   6.2829    13.172  5.783e+21    16.422      1    0  4.4630e-20  3.3884e-21  4.0683e-23    7603.61   47772.72  1433181.65 3.2952e+21    1.00   sub
 251   1  29  19  3.75e+20  13.796     6.3096   0.2500   4.9801     7.653  4.180e+21    12.146      1    0  2.5142e-20  3.2851e-21  3.8209e-23   10213.80   50865.51  1525965.43 2.4771e+21    1.04   sub
 252   1  30  14  3.75e+20  10.783     9.3633   0.0732  49.0327  1429.039  1.578e+22    43.088      1    0  3.9086e-19  2.7351e-22  1.7307e-23    2290.26  112297.42  3368922.66 8.9853e+21    1.68  deep
 253   1  30  15  3.75e+20  11.402     9.3633   0.0936  31.8293   605.866  1.266e+22    34.752      1    0  2.2341e-19  3.6875e-22  1.9603e-23    3114.94   99146.20  2974386.02 7.0276e+21    1.57  deep
 254   1  30  16  3.75e+20  11.972     9.3633   0.1196  21.4455   259.991  1.029e+22    28.442      1    0  1.3766e-19  5.2949e-22  2.2288e-23    4066.20   87201.66  2616049.70 5.6791e+21    1.41  deep
 255   1  30  17  3.75e+20  12.631     9.3633   0.1529  14.0373    96.998  8.103e+21    22.607      1    0  8.1405e-20  8.3924e-22  2.5491e-23    5431.53   76244.09  2287322.66 4.4984e+21    1.21  deep
 256   1  30  18  3.75e+20  13.277     9.3633   0.1955   9.8627    40.522  6.429e+21    18.145      1    0  5.0392e-20  1.2436e-21  2.7843e-23    7077.56   69804.04  2094121.11 3.6244e+21    1.07 super
 257   1  30  19  3.75e+20  13.796     9.3633   0.2500   7.2018    18.412  4.856e+21    13.949      1    0  2.9421e-20  1.5980e-21  2.8582e-23    9441.95   67998.82  2039964.62 2.8183e+21    1.00 super
 258   1  31  15  3.75e+20  11.168    13.8950   0.0936  58.7098  2013.328  1.377e+22    37.729      1    0  2.7182e-19  1.3501e-22  1.1845e-23    2794.87  164086.33  4922589.91 7.6964e+21    1.70  deep
 259   1  31  16  3.75e+20  11.813    13.8950   0.1196  38.4831   889.817  1.091e+22    30.080      1    0  1.5423e-19  1.7333e-22  1.3235e-23    3816.05  146853.41  4405602.28 6.0185e+21    1.63  deep
 260   1  31  17  3.75e+20  12.487    13.8950   0.1529  24.6138   351.996  8.540e+21    23.773      1    0  8.8270e-20  2.5077e-22  1.5225e-23    5186.17  127651.49  3829544.82 4.7282e+21    1.47  deep
 261   1  31  18  3.75e+20  13.059    13.8950   0.1955  17.0766   154.564  6.954e+21    19.543      1    0  5.6384e-20  3.6479e-22  1.7151e-23    6635.80  113317.04  3399511.19 3.8941e+21    1.30  deep
 262   1  31  19  3.75e+20  13.778    13.8950   0.2500  11.3314    57.342  5.384e+21    15.357      1    0  3.3080e-20  5.7689e-22  1.9274e-23    8898.87  100836.33  3025089.82 3.0859e+21    1.12 super
 263   1  32  17  3.75e+20  12.447    20.6199   0.1529  40.6035   989.672  8.660e+21    24.094      1    0  8.9646e-20  9.0582e-23  9.3163e-24    5137.91  208617.04  6258511.32 4.7948e+21    1.64  deep
 264   1  32  18  3.75e+20  13.077    20.6199   0.1955  27.2375   437.427  6.905e+21    19.415      1    0  5.4094e-20  1.2366e-22  1.0525e-23    6779.60  184659.73  5539791.78 3.8703e+21    1.51  deep
 265   1  32  19  3.75e+20  13.593    20.6199   0.2500  19.7193   215.262  5.748e+21    16.328      1    0  3.6365e-20  1.6893e-22  1.1691e-23    8430.20  166237.39  4987121.64 3.2727e+21    1.37  deep
 266   1  33  19  3.75e+20  13.453    30.5995   0.2500  34.7237   723.779  6.030e+21    17.081      1    0  3.9616e-20  5.4735e-23  6.9658e-24    8035.23  279012.53  8370375.80 3.4225e+21    1.60  deep
 267   2   8   1  7.50e+20  11.456     0.0016   0.0030   0.5547     1.052  2.085e+20     1.278      1    0  5.6063e-18  5.3301e-18  1.1242e-20     623.31     345.78    10373.37 6.8821e+21   77.73   sub
 268   2   9   1  7.50e+20  10.627     0.0024   0.0030   0.7013     1.083  3.089e+20     1.412      1    0  8.0078e-18  7.3921e-18  1.1035e-20     502.31     352.25    10567.54 9.5860e+21   39.74   sub
 269   2   9   2  7.50e+20  11.709     0.0024   0.0038   0.5904     1.059  3.073e+20     1.410      1    0  3.9197e-18  3.7021e-18  8.7362e-21     753.63     444.94    13348.24 6.2548e+21   64.94   sub
 270   2  10   1  7.50e+20   9.898     0.0035   0.0030   0.8832     1.133  4.586e+20     1.611      1    0  1.1103e-17  9.7968e-18  1.0690e-20     411.69     363.61    10908.35 1.3208e+22   20.91   sub
 271   2  10   2  7.50e+20  10.898     0.0035   0.0038   0.7431     1.094  4.552e+20     1.607      1    0  5.4868e-18  5.0167e-18  8.5125e-21     614.51     456.63    13698.99 8.5734e+21   33.76   sub
 272   2  10   3  7.50e+20  12.055     0.0035   0.0049   0.6201     1.065  4.504e+20     1.601      1    0  2.5901e-18  2.4322e-18  6.6636e-21     940.70     583.33    17499.86 5.5097e+21   56.40   sub
 273   2  10   4  7.50e+20  13.152     0.0035   0.0063   0.5280     1.047  4.429e+20     1.591      1    0  1.3080e-18  1.2494e-18  5.3242e-21    1382.66     730.07    21902.13 3.7754e+21   89.68   sub
 274   2  11   1  7.50e+20   9.134     0.0052   0.0030   1.1409     1.226  6.796e+20     1.906      1    0  1.6731e-17  1.3645e-17  1.0575e-20     322.17     367.56    11026.70 1.9238e+22   10.58   sub
 275   2  11   2  7.50e+20  10.045     0.0052   0.0038   0.9550     1.157  6.758e+20     1.901      1    0  8.2200e-18  7.1072e-18  8.4439e-21     482.02     460.34    13810.30 1.2348e+22   16.91   sub
 276   2  11   3  7.50e+20  11.105     0.0052   0.0049   0.7966     1.108  6.685e+20     1.891      1    0  3.9377e-18  3.5540e-18  6.6643e-21     732.24     583.27    17498.07 7.8909e+21   27.80   sub
 277   2  11   4  7.50e+20  12.239     0.0052   0.0063   0.6679     1.075  6.565e+20     1.875      1    0  1.8991e-18  1.7659e-18  5.2577e-21    1106.94     739.31    22179.27 5.1586e+21   45.63   sub
 278   2  11   5  7.50e+20  13.332     0.0052   0.0080   0.5692     1.055  6.398e+20     1.853      1    0  9.6261e-19  9.1278e-19  4.2082e-21    1622.70     923.69    27710.60 3.5601e+21   72.15   sub
 279   2  12   1  7.50e+20   8.476     0.0077   0.0030   1.4821     1.392  1.009e+21     2.345      1    0  2.5006e-17  1.7963e-17  1.0331e-20     253.86     376.26    11287.92 2.7872e+22    5.56   sub
 280   2  12   2  7.50e+20   9.301     0.0077   0.0038   1.2287     1.264  1.002e+21     2.336      1    0  1.2063e-17  9.5438e-18  8.2628e-21     382.88     470.43    14112.92 1.7639e+22    8.76   sub
 281   2  12   3  7.50e+20  10.290     0.0077   0.0049   1.0159     1.178  9.904e+20     2.321      1    0  5.6875e-18  4.8287e-18  6.5235e-21     586.50     595.85    17875.65 1.1075e+22   14.33   sub
 282   2  12   4  7.50e+20  11.337     0.0077   0.0063   0.8513     1.124  9.735e+20     2.298      1    0  2.7862e-18  2.4796e-18  5.1917e-21     879.54     748.72    22461.46 7.2057e+21   23.13   sub
 283   2  12   5  7.50e+20  12.457     0.0077   0.0080   0.7162     1.087  9.466e+20     2.262      1    0  1.3647e-18  1.2555e-18  4.1199e-21    1317.36     943.49    28304.73 4.7787e+21   37.44   sub
 284   2  12   6  7.50e+20  13.634     0.0077   0.0102   0.6030     1.061  9.046e+20     2.206      1    0  6.5585e-19  6.1795e-19  3.2424e-21    1988.09    1198.81    35964.33 3.2297e+21   61.12   sub
 285   2  12   7  7.50e+20  13.796     0.0077   0.0131   0.5295     1.047  8.420e+20     2.123      1    0  3.1643e-19  3.0218e-19  2.5498e-21    2879.08    1524.47    45734.10 2.2781e+21   88.95   sub
 286   2  13   1  7.50e+20   7.957     0.0114   0.0030   1.9292     1.693  1.496e+21     2.995      1    0  3.5895e-17  2.1202e-17  9.8146e-21     205.29     396.05    11881.48 3.9165e+22    3.13   sub
 287   2  13   2  7.50e+20   8.644     0.0114   0.0038   1.5964     1.459  1.486e+21     2.981      1    0  1.7746e-17  1.2159e-17  8.0010e-21     304.33     485.82    14574.70 2.5216e+22    4.69   sub
 288   2  13   3  7.50e+20   9.502     0.0114   0.0049   1.3167     1.305  1.469e+21     2.959      1    0  8.5076e-18  6.5182e-18  6.4063e-21     460.82     606.76    18202.83 1.5951e+22    7.38   sub
 289   2  13   4  7.50e+20  10.469     0.0114   0.0063   1.0953     1.208  1.443e+21     2.924      1    0  4.1416e-18  3.4291e-18  5.1194e-21     693.24     759.28    22778.43 1.0251e+22   11.76   sub
 290   2  13   5  7.50e+20  11.609     0.0114   0.0080   0.9048     1.140  1.400e+21     2.866      1    0  1.9253e-18  1.6887e-18  4.0122e-21    1070.70     968.81    29064.26 6.4945e+21   19.57   sub
 291   2  13   6  7.50e+20  12.784     0.0114   0.0102   0.7560     1.097  1.334e+21     2.779      1    0  9.1654e-19  8.3545e-19  3.1572e-21    1628.48    1231.18    36935.41 4.2700e+21   32.16   sub
 292   2  13   7  7.50e+20  13.796     0.0114   0.0131   0.6405     1.069  1.237e+21     2.650      1    0  4.3934e-19  4.1086e-19  2.4837e-21    2443.38    1565.06    46951.91 2.9132e+21   51.41   sub
 293   2  13   8  7.50e+20  13.796     0.0114   0.0168   0.5743     1.056  1.121e+21     2.494      1    0  2.3177e-19  2.1957e-19  2.0119e-21    3364.04    1932.05    57961.55 2.1648e+21   70.32   sub
 294   2  14   1  7.50e+20   7.533     0.0169   0.0030   2.5621     2.312  2.216e+21     3.955      1    0  5.1385e-17  2.2229e-17  9.0876e-21     166.95     427.73    12832.02 5.4355e+22    1.90   sub
 295   2  14   2  7.50e+20   8.096     0.0169   0.0038   2.0993     1.836  2.202e+21     3.936      1    0  2.5789e-17  1.4050e-17  7.5787e-21     244.32     512.89    15386.79 3.5552e+22    2.66   sub
 296   2  14   3  7.50e+20   8.819     0.0169   0.0049   1.7221     1.541  2.177e+21     3.903      1    0  1.2611e-17  8.1838e-18  6.1904e-21     364.63     627.92    18837.72 2.2823e+22    3.97   sub
 297   2  14   4  7.50e+20   9.720     0.0169   0.0063   1.4093     1.352  2.136e+21     3.847      1    0  5.9539e-18  4.4029e-18  4.9507e-21     557.13     785.16    23554.76 1.4355e+22    6.26   sub
 298   2  14   5  7.50e+20  10.714     0.0169   0.0080   1.1688     1.238  2.075e+21     3.767      1    0  2.8889e-18  2.3339e-18  3.9607e-21     839.69     981.40    29442.08 9.2468e+21    9.95   sub
 299   2  14   6  7.50e+20  11.798     0.0169   0.0102   0.9756     1.164  1.981e+21     3.642      1    0  1.4068e-18  1.2090e-18  3.1553e-21    1262.74    1231.93    36957.93 6.0515e+21   15.97   sub
 300   2  14   7  7.50e+20  12.954     0.0169   0.0131   0.8175     1.114  1.842e+21     3.456      1    0  6.7972e-19  6.1024e-19  2.4978e-21    1903.49    1556.20    46685.94 4.0330e+21   25.86   sub
 301   2  14   8  7.50e+20  13.796     0.0169   0.0168   0.6986     1.083  1.647e+21     3.197      1    0  3.3093e-19  3.0566e-19  1.9763e-21    2815.31    1966.88    59006.31 2.7893e+21   40.16   sub
 302   2  14   9  7.50e+20  13.796     0.0169   0.0214   0.6129     1.063  1.376e+21     2.835      1    0  1.5419e-19  1.4500e-19  1.5376e-21    4124.39    2528.02    75840.74 1.9786e+21   58.31   sub
 303   2  14  10  7.50e+20  13.796     0.0169   0.0274   0.5460     1.050  1.095e+21     2.460      1    0  7.8168e-20  7.4433e-20  1.2290e-21    5792.64    3162.80    94883.92 1.5325e+21   81.39   sub
 304   2  15   1  7.50e+20   7.223     0.0251   0.0030   3.4845     3.717  3.279e+21     5.372      1    0  7.0671e-17  1.9014e-17  8.0024e-21     139.40     485.74    14572.09 7.2379e+22    1.30   sub
 305   2  15   2  7.50e+20   7.678     0.0251   0.0038   2.7978     2.609  3.257e+21     5.342      1    0  3.5937e-17  1.3775e-17  6.8932e-21     201.55     563.90    16917.00 4.8249e+22    1.67   sub
 306   2  15   3  7.50e+20   8.271     0.0251   0.0049   2.2713     1.997  3.218e+21     5.291      1    0  1.8023e-17  9.0261e-18  5.7939e-21     295.38     670.89    20126.60 3.1694e+22    2.31   sub
 307   2  15   4  7.50e+20   9.015     0.0251   0.0063   1.8539     1.635  3.161e+21     5.215      1    0  8.8510e-18  5.4131e-18  4.7646e-21     440.06     815.83    24474.75 2.0487e+22    3.40   sub
 308   2  15   5  7.50e+20   9.920     0.0251   0.0080   1.5177     1.412  3.068e+21     5.091      1    0  4.2505e-18  3.0095e-18  3.8449e-21     666.11    1010.97    30329.04 1.3078e+22    5.26   sub
 309   2  15   6  7.50e+20  10.941     0.0251   0.0102   1.2533     1.275  2.926e+21     4.901      1    0  2.0482e-18  1.6063e-18  3.0777e-21    1007.75    1262.97    37889.08 8.4265e+21    8.34   sub
 310   2  15   7  7.50e+20  12.047     0.0251   0.0131   1.0431     1.188  2.718e+21     4.624      1    0  9.9124e-19  8.3450e-19  2.4513e-21    1520.12    1585.70    47571.13 5.5254e+21   13.37   sub
 311   2  15   8  7.50e+20  13.241     0.0251   0.0168   0.8692     1.129  2.414e+21     4.219      1    0  4.6849e-19  4.1494e-19  1.9291e-21    2318.12    2014.98    60449.36 3.6667e+21   21.84   sub
 312   2  15   9  7.50e+20  13.796     0.0251   0.0214   0.7487     1.095  2.024e+21     3.699      1    0  2.2447e-19  2.0496e-19  1.5188e-21    3418.33    2559.30    76778.87 2.5430e+21   33.05   sub
 313   2  15  10  7.50e+20  13.796     0.0251   0.0274   0.6619     1.074  1.584e+21     3.113      1    0  1.0975e-19  1.0218e-19  1.2012e-21    4888.76    3235.99    97079.79 1.8656e+21   46.81   sub
 314   2  15  11  7.50e+20  13.796     0.0251   0.0350   0.5885     1.058  1.163e+21     2.551      1    0  5.5174e-20  5.2130e-20  9.5790e-22    6894.85    4057.93   121737.77 1.4568e+21   65.53   sub
 315   2  15  12  7.50e+20  13.796     0.0251   0.0448   0.5148     1.045  7.569e+20     2.009      1    0  2.5104e-20  2.4033e-20  7.3869e-22   10221.66    5262.15   157864.56 1.1688e+21   96.52   sub
 316   2  16   1  7.50e+20   7.042     0.0373   0.0030   4.8175     7.110  4.835e+21     7.446      1    0  8.6920e-17  1.2225e-17  6.5013e-21     124.11     597.90    17936.87 8.8287e+22    1.05   sub
 317   2  16   2  7.50e+20   7.380     0.0373   0.0038   3.8173     4.399  4.801e+21     7.401      1    0  4.7388e-17  1.0773e-17  5.9178e-21     172.07     656.85    19705.40 6.2198e+22    1.20   sub
 318   2  16   3  7.50e+20   7.843     0.0373   0.0049   3.0559     2.981  4.748e+21     7.330      1    0  2.4894e-17  8.3512e-18  5.1971e-21     244.75     747.93    22437.89 4.2522e+22    1.50   sub
 319   2  16   4  7.50e+20   8.449     0.0373   0.0063   2.4678     2.203  4.662e+21     7.216      1    0  1.2681e-17  5.7553e-18  4.4258e-21     355.90     878.28    26348.50 2.8346e+22    2.01   sub
 320   2  16   5  7.50e+20   9.223     0.0373   0.0080   1.9977     1.748  4.525e+21     7.033      1    0  6.2006e-18  3.5463e-18  3.6589e-21     531.79    1062.36    31870.70 1.8362e+22    2.93   sub
 321   2  16   6  7.50e+20  10.128     0.0373   0.0102   1.6358     1.484  4.317e+21     6.757      1    0  3.0295e-18  2.0413e-18  2.9807e-21     797.23    1304.08    39122.38 1.1900e+22    4.44   sub
 322   2  16   7  7.50e+20  11.164     0.0373   0.0131   1.3470     1.320  4.006e+21     6.342      1    0  1.4605e-18  1.1063e-18  2.3937e-21    1205.54    1623.88    48716.54 7.7076e+21    6.98   sub
 323   2  16   8  7.50e+20  12.289     0.0373   0.0168   1.1180     1.217  3.569e+21     5.758      1    0  7.0316e-19  5.7786e-19  1.9074e-21    1822.83    2037.94    61138.26 5.0689e+21   11.15   sub
 324   2  16   9  7.50e+20  13.459     0.0373   0.0214   0.9345     1.150  2.998e+21     4.997      1    0  3.3738e-19  2.9344e-19  1.5104e-21    2754.01    2573.52    77205.54 3.4165e+21   17.94   sub
 325   2  16  10  7.50e+20  13.796     0.0373   0.0274   0.8129     1.113  2.345e+21     4.126      1    0  1.6385e-19  1.4728e-19  1.1951e-21    4000.99    3252.43    97572.89 2.4046e+21   26.27   sub
 326   2  16  11  7.50e+20  13.796     0.0373   0.0350   0.7171     1.087  1.691e+21     3.254      1    0  7.9375e-20  7.3012e-20  9.4301e-22    5748.41    4122.00   123660.05 1.7737e+21   37.32   sub
 327   2  16  12  7.50e+20  13.796     0.0373   0.0448   0.6252     1.066  1.091e+21     2.455      1    0  3.5701e-20  3.3491e-20  7.2536e-22    8571.43    5358.83   160764.85 1.3525e+21   55.10   sub
 328   2  16  13  7.50e+20  13.796     0.0373   0.0572   0.5617     1.053  7.467e+20     1.996      1    0  1.9036e-20  1.8076e-20  5.8958e-22   11738.20    6592.94   197788.12 1.1468e+21   75.00   sub
 329   2  17   1  7.50e+20   6.920     0.0553   0.0030   7.1030    17.792  7.076e+21    10.435      1    0  1.0310e-16  5.7947e-18  4.8443e-21     112.97     802.41    24072.16 1.0298e+23    1.00 super
 330   2  17   2  7.50e+20   7.182     0.0553   0.0038   5.4218     9.287  7.032e+21    10.376      1    0  5.8638e-17  6.3139e-18  4.6980e-21     152.60     827.38    24821.45 7.5506e+22    1.02   sub
 331   2  17   3  7.50e+20   7.548     0.0553   0.0049   4.2135     5.348  6.955e+21    10.273      1    0  3.2068e-17  5.9959e-18  4.3610e-21     211.55     891.34    26740.08 5.3656e+22    1.12   sub
 332   2  17   4  7.50e+20   8.031     0.0553   0.0063   3.3373     3.447  6.829e+21    10.106      1    0  1.7060e-17  4.9495e-18  3.8932e-21     299.17     998.43    29952.96 3.7183e+22    1.36   sub
 333   2  17   5  7.50e+20   8.645     0.0553   0.0080   2.6818     2.458  6.637e+21     9.850      1    0  8.8517e-18  3.6018e-18  3.3636e-21     430.92    1155.65    34669.38 2.5202e+22    1.78   sub
 334   2  17   6  7.50e+20   9.420     0.0553   0.0102   2.1669     1.897  6.335e+21     9.447      1    0  4.4154e-18  2.3279e-18  2.8166e-21     636.90    1380.07    41402.14 1.6611e+22    2.51   sub
 335   2  17   7  7.50e+20  10.344     0.0553   0.0131   1.7647     1.570  5.881e+21     8.842      1    0  2.1557e-18  1.3727e-18  2.3061e-21     955.17    1685.55    50566.56 1.0815e+22    3.77   sub
 336   2  17   8  7.50e+20  11.407     0.0553   0.0168   1.4456     1.372  5.231e+21     7.974      1    0  1.0314e-18  7.5188e-19  1.8543e-21    1450.06    2096.25    62887.50 7.0128e+21    5.89   sub
 337   2  17   9  7.50e+20  12.531     0.0553   0.0214   1.1994     1.251  4.401e+21     6.868      1    0  4.9918e-19  3.9902e-19  1.4834e-21    2184.70    2620.41    78612.35 4.6563e+21    9.31   sub
 338   2  17  10  7.50e+20  13.708     0.0553   0.0274   1.0005     1.172  3.423e+21     5.564      1    0  2.3817e-19  2.0316e-19  1.1745e-21    3307.93    3309.66    99289.89 3.1553e+21   14.93   sub
 339   2  17  11  7.50e+20  13.796     0.0553   0.0350   0.8735     1.130  2.432e+21     4.243      1    0  1.1237e-19  9.9407e-20  9.2104e-22    4831.40    4220.32   126609.64 2.2146e+21   21.55   sub
 340   2  17  12  7.50e+20  13.796     0.0553   0.0448   0.7685     1.100  1.625e+21     3.167      1    0  5.3807e-20  4.8900e-20  7.2449e-22    6981.87    5365.27   160958.00 1.6496e+21   30.73   sub
 341   2  17  13  7.50e+20  13.796     0.0553   0.0572   0.6822     1.079  1.072e+21     2.430      1    0  2.6985e-20  2.5014e-20  5.7791e-22    9858.98    6726.07   201781.99 1.3193e+21   42.96   sub
 342   2  17  14  7.50e+20  13.796     0.0553   0.0732   0.6020     1.061  6.769e+20     1.903      1    0  1.2995e-20  1.2247e-20  4.5446e-22   14206.88    8553.09   256592.66 1.1006e+21   61.40   sub
 343   2  17  15  7.50e+20  13.796     0.0553   0.0936   0.5321     1.048  4.238e+20     1.565      1    0  6.2851e-21  5.9994e-21  3.5763e-22   20428.39   10869.07   326071.98 9.6638e+20   87.72   sub
 344   2  18   1  7.50e+20   6.862     0.0821   0.0030  11.0574    53.952  1.016e+22    14.551      1    0  1.1199e-16  2.0757e-18  3.2570e-21     107.93    1193.44    35803.27 1.1187e+23    1.11 super
 345   2  18   2  7.50e+20   7.068     0.0821   0.0038   8.1321    24.941  1.014e+22    14.517      1    0  6.7157e-17  2.6927e-18  3.3791e-21     141.45    1150.33    34509.92 8.5633e+22    1.02 super
 346   2  18   3  7.50e+20   7.361     0.0821   0.0049   6.0515    12.033  1.005e+22    14.396      1    0  3.8289e-17  3.1819e-18  3.3598e-21     191.18    1156.93    34707.96 6.3309e+22    1.00   sub
 347   2  18   4  7.50e+20   7.731     0.0821   0.0063   4.6825     6.682  9.884e+21    14.179      1    0  2.1781e-17  3.2597e-18  3.1955e-21     259.78    1216.41    36492.16 4.6307e+22    1.06   sub
 348   2  18   5  7.50e+20   8.230     0.0821   0.0080   3.6636     4.071  9.609e+21    13.812      1    0  1.1731e-17  2.8816e-18  2.9052e-21     365.21    1337.98    40139.49 3.2536e+22    1.24   sub
 349   2  18   6  7.50e+20   8.860     0.0821   0.0102   2.9177     2.775  9.184e+21    13.245      1    0  6.1430e-18  2.2135e-18  2.5442e-21     523.65    1527.83    45834.84 2.2306e+22    1.58   sub
 350   2  18   7  7.50e+20   9.659     0.0821   0.0131   2.3370     2.063  8.527e+21    12.369      1    0  3.0617e-18  1.4840e-18  2.1476e-21     774.48    1809.94    54298.31 1.4780e+22    2.20   sub
 351   2  18   8  7.50e+20  10.601     0.0821   0.0168   1.8943     1.666  7.597e+21    11.129      1    0  1.4985e-18  8.9956e-19  1.7694e-21    1159.75    2196.87    65906.14 9.6931e+21    3.25   sub
 352   2  18   9  7.50e+20  11.655     0.0821   0.0214   1.5531     1.433  6.392e+21     9.523      1    0  7.2818e-19  5.0809e-19  1.4347e-21    1744.47    2709.35    81280.59 6.3825e+21    4.99   sub
 353   2  18  10  7.50e+20  12.809     0.0821   0.0274   1.2813     1.288  4.969e+21     7.625      1    0  3.4709e-19  2.6944e-19  1.1453e-21    2648.86    3393.89   101816.60 4.2339e+21    7.89   sub
 354   2  18  11  7.50e+20  13.796     0.0821   0.0350   1.0825     1.203  3.621e+21     5.828      1    0  1.7142e-19  1.4252e-19  9.1798e-22    3911.65    4234.36   127030.82 2.9461e+21   12.13   sub
 355   2  18  12  7.50e+20  13.796     0.0821   0.0448   0.9491     1.155  2.426e+21     4.234      1    0  8.1846e-20  7.0887e-20  7.2344e-22    5660.99    5373.07   161192.18 2.0987e+21   17.20   sub
 356   2  18  13  7.50e+20  13.796     0.0821   0.0572   0.8352     1.119  1.567e+21     3.090      1    0  3.9472e-20  3.5277e-20  5.7092e-22    8151.63    6808.43   204252.83 1.5828e+21   24.38   sub
 357   2  18  14  7.50e+20  13.796     0.0821   0.0732   0.7346     1.092  9.845e+20     2.313      1    0  1.8821e-20  1.7243e-20  4.4826e-22   11804.99    8671.46   260143.81 1.2600e+21   34.87   sub
 358   2  18  15  7.50e+20  13.796     0.0821   0.0936   0.6438     1.070  6.009e+20     1.801      1    0  8.7422e-21  8.1700e-21  3.4854e-22   17321.29   11152.31   334569.23 1.0567e+21   50.65   sub
 359   2  18  16  7.50e+20  13.796     0.0821   0.1196   0.5765     1.056  3.940e+20     1.525      1    0  4.5767e-21  4.3339e-21  2.8163e-22   23939.52   13801.84   414055.19 9.4955e+20   69.55   sub
 360   2  19   1  7.50e+20   6.806     0.1218   0.0030  19.3425   206.025  1.389e+22    19.517      1    0  1.2685e-16  6.1571e-19  1.9897e-21     101.00    1953.64    58609.33 1.2178e+23    1.36  deep
 361   2  19   2  7.50e+20   7.006     0.1218   0.0038  13.0717    81.569  1.406e+22    19.742      1    0  7.2712e-17  8.9142e-19  2.1970e-21     135.35    1769.23    53077.00 9.2185e+22    1.18  deep
 362   2  19   3  7.50e+20   7.244     0.1218   0.0049   9.3252    35.196  1.406e+22    19.752      1    0  4.3392e-17  1.2329e-18  2.3396e-21     178.16    1661.42    49842.68 7.0830e+22    1.06 super
 363   2  19   4  7.50e+20   7.561     0.1218   0.0063   6.7982    15.966  1.391e+22    19.542      1    0  2.5045e-17  1.5687e-18  2.3866e-21     239.58    1628.70    48861.06 5.3071e+22    1.00 super
 364   2  19   5  7.50e+20   7.948     0.1218   0.0080   5.1858     8.385  1.358e+22    19.102      1    0  1.4479e-17  1.7267e-18  2.3202e-21     323.05    1675.29    50258.60 3.9424e+22    1.03   sub
 365   2  19   6  7.50e+20   8.451     0.1218   0.0102   4.0287     4.886  1.301e+22    18.350      1    0  8.0053e-18  1.6384e-18  2.1537e-21     448.01    1804.87    54146.16 2.8303e+22    1.16   sub
 366   2  19   7  7.50e+20   9.090     0.1218   0.0131   3.1818     3.181  1.214e+22    17.190      1    0  4.2505e-18  1.3361e-18  1.9159e-21     637.65    2028.89    60866.56 1.9688e+22    1.43   sub
 367   2  19   8  7.50e+20   9.897     0.1218   0.0168   2.5336     2.278  1.086e+22    15.475      1    0  2.1427e-18  9.4052e-19  1.6372e-21     937.09    2374.18    71225.51 1.3217e+22    1.93   sub
 368   2  19   9  7.50e+20  10.843     0.1218   0.0214   2.0458     1.789  9.167e+21    13.223      1    0  1.0577e-18  5.9127e-19  1.3610e-21    1396.09    2856.12    85683.48 8.7664e+21    2.80   sub
 369   2  19  10  7.50e+20  11.901     0.1218   0.0274   1.6730     1.508  7.204e+21    10.605      1    0  5.1655e-19  3.4250e-19  1.1101e-21    2092.94    3501.48   105044.34 5.8274e+21    4.22   sub
 370   2  19  11  7.50e+20  13.043     0.1218   0.0350   1.3801     1.337  5.210e+21     7.947      1    0  2.4841e-19  1.8579e-19  8.9140e-22    3159.58    4360.65   130819.47 3.9144e+21    6.58   sub
 371   2  19  12  7.50e+20  13.796     0.1218   0.0448   1.1693     1.238  3.519e+21     5.693      1    0  1.1941e-19  9.6449e-20  7.0927e-22    4686.75    5480.40   164412.08 2.7111e+21    9.93   sub
 372   2  19  13  7.50e+20  13.796     0.1218   0.0572   1.0238     1.181  2.265e+21     4.021      1    0  5.6968e-20  4.8249e-20  5.5955e-22    6785.43    6946.76   208402.68 1.9547e+21   14.05   sub
 373   2  19  14  7.50e+20  13.796     0.1218   0.0732   0.8959     1.137  1.412e+21     2.883      1    0  2.6766e-20  2.3534e-20  4.3830e-22    9899.25    8868.54   266056.06 1.4816e+21   20.11   sub
 374   2  19  15  7.50e+20  13.796     0.1218   0.0936   0.7930     1.107  9.020e+20     2.203      1    0  1.3305e-20  1.2019e-20  3.4910e-22   14040.56   11134.70   334041.07 1.2107e+21   28.14   sub
 375   2  19  16  7.50e+20  13.796     0.1218   0.1196   0.7015     1.083  5.683e+20     1.758      1    0  6.5425e-21  6.0392e-21  2.7675e-22   20022.47   14045.66   421369.71 1.0379e+21   39.70   sub
 376   2  19  17  7.50e+20  13.796     0.1218   0.1529   0.6148     1.064  3.430e+20     1.457      1    0  3.0314e-21  2.8497e-21  2.1493e-22   29414.83   18085.56   542566.91 9.2278e+20   57.80   sub
 377   2  19  18  7.50e+20  13.796     0.1218   0.1955   0.5484     1.051  2.202e+20     1.294      1    0  1.5491e-21  1.4745e-21  1.7225e-22   41148.01   22566.83   677004.87 8.6062e+20   80.35   sub
 378   2  20   1  7.50e+20   6.786     0.1808   0.0030  32.7799   643.620  1.718e+22    23.901      1    0  1.3259e-16  2.0601e-19  1.2021e-21      98.65    3233.67    97010.15 1.2585e+23    1.58  deep
 379   2  20   2  7.50e+20   6.950     0.1808   0.0038  23.0289   304.403  1.780e+22    24.736      1    0  8.0912e-17  2.6580e-19  1.3208e-21     127.80    2943.02    88290.46 9.8918e+22    1.44  deep
 380   2  20   3  7.50e+20   7.179     0.1808   0.0049  15.4346   121.790  1.830e+22    25.398      1    0  4.6946e-17  3.8547e-19  1.4769e-21     170.52    2631.84    78955.27 7.5733e+22    1.26  deep
 381   2  20   4  7.50e+20   7.457     0.1808   0.0063  10.6200    48.779  1.845e+22    25.603      1    0  2.7529e-17  5.6435e-19  1.6128e-21     226.94    2410.14    72304.17 5.8012e+22    1.10 super
 382   2  20   5  7.50e+20   7.768     0.1808   0.0080   7.7917    22.405  1.825e+22    25.337      1    0  1.6778e-17  7.4886e-19  1.6815e-21     296.69    2311.74    69352.12 4.4998e+22    1.02 super
 383   2  20   6  7.50e+20   8.185     0.1808   0.0102   5.7756    10.768  1.764e+22    24.520      1    0  9.6231e-18  8.9368e-19  1.6736e-21     402.13    2322.53    69675.82 3.3519e+22    1.00   sub
 384   2  20   7  7.50e+20   8.699     0.1808   0.0131   4.4314     5.939  1.658e+22    23.104      1    0  5.3995e-18  9.0923e-19  1.5849e-21     553.45    2452.57    73577.14 2.4428e+22    1.09   sub
 385   2  20   8  7.50e+20   9.339     0.1808   0.0168   3.4769     3.702  1.499e+22    20.992      1    0  2.9254e-18  7.9014e-19  1.4350e-21     779.07    2708.74    81262.20 1.7306e+22    1.30   sub
 386   2  20   9  7.50e+20  10.143     0.1808   0.0214   2.7556     2.553  1.280e+22    18.062      1    0  1.5010e-18  5.8801e-19  1.2445e-21    1133.50    3123.43    93702.79 1.1817e+22    1.71   sub
 387   2  20  10  7.50e+20  11.081     0.1808   0.0274   2.2197     1.947  1.019e+22    14.588      1    0  7.5284e-19  3.8676e-19  1.0468e-21    1672.88    3713.32   111399.69 7.9647e+21    2.41   sub
 388   2  20  11  7.50e+20  12.148     0.1808   0.0350   1.8062     1.600  7.477e+21    10.969      1    0  3.6724e-19  2.2953e-19  8.5817e-22    2507.80    4529.49   135884.65 5.3294e+21    3.59   sub
 389   2  20  12  7.50e+20  13.286     0.1808   0.0448   1.4867     1.395  5.109e+21     7.812      1    0  1.7692e-19  1.2686e-19  6.9194e-22    3778.65    5617.65   168529.42 3.6132e+21    5.52   sub
 390   2  20  13  7.50e+20  13.796     0.1808   0.0572   1.2666     1.281  3.303e+21     5.404      1    0  8.3984e-20  6.5545e-20  5.4916e-22    5588.47    7078.26   212347.66 2.5113e+21    8.12   sub
 391   2  20  14  7.50e+20  13.796     0.1808   0.0732   1.1120     1.214  2.119e+21     3.825      1    0  4.1049e-20  3.3801e-20  4.3730e-22    7993.59    8888.74   266662.13 1.8504e+21   11.31   sub
 392   2  20  15  7.50e+20  13.796     0.1808   0.0936   0.9759     1.164  1.329e+21     2.772      1    0  1.9749e-20  1.6971e-20  3.4563e-22   11524.37   11246.37   337391.23 1.4294e+21   15.96   sub
 393   2  20  16  7.50e+20  13.796     0.1808   0.1196   0.8564     1.125  8.209e+20     2.095      1    0  9.3951e-21  8.3498e-21  2.7165e-22   16708.57   14309.23   429276.97 1.1658e+21   22.75   sub
 394   2  20  17  7.50e+20  13.796     0.1808   0.1529   0.7512     1.096  5.008e+20     1.668      1    0  4.4169e-21  4.0308e-21  2.1235e-22   24368.76   18304.81   549144.29 1.0023e+21   32.75   sub
 395   2  20  18  7.50e+20  13.796     0.1808   0.1955   0.6651     1.075  3.143e+20     1.419      1    0  2.1783e-21  2.0267e-21  1.6843e-22   34700.38   23078.28   692348.55 9.0788e+20   46.18   sub
 396   2  20  19  7.50e+20  13.796     0.1808   0.2500   0.5906     1.059  1.986e+20     1.265      1    0  1.0877e-21  1.0272e-21  1.3402e-22   49107.15   29004.47   870133.96 8.4957e+20   64.87   sub
 397   2  21   1  7.50e+20   6.730     0.2683   0.0030  58.9766  2030.605  1.875e+22    26.002      1    0  1.6093e-16  7.9252e-20  7.3913e-22      89.17    5258.96   157768.90 1.3905e+23    1.70  deep
 398   2  21   2  7.50e+20   6.956     0.2683   0.0038  36.7731   812.525  2.022e+22    27.955      1    0  7.8303e-17  9.6370e-20  8.1338e-22     129.96    4778.89   143366.65 9.8258e+22    1.62  deep
 399   2  21   3  7.50e+20   7.170     0.2683   0.0049  25.1624   369.183  2.128e+22    29.371      1    0  4.6434e-17  1.2578e-19  9.0156e-22     171.35    4311.49   129344.67 7.6449e+22    1.48  deep
 400   2  21   4  7.50e+20   7.360     0.2683   0.0063  18.7403   191.660  2.191e+22    30.218      1    0  3.1445e-17  1.6406e-19  9.8323e-22     210.95    3953.37   118600.96 6.3347e+22    1.35  deep
 401   2  21   5  7.50e+20   7.673     0.2683   0.0080  12.4784    72.788  2.235e+22    30.796      1    0  1.8176e-17  2.4971e-19  1.0996e-21     283.30    3535.15   106054.42 4.8463e+22    1.16  deep
 402   2  21   6  7.50e+20   8.029     0.2683   0.0102   8.7541    30.019  2.209e+22    30.450      1    0  1.0739e-17  3.5773e-19  1.1777e-21     377.04    3300.65    99019.58 3.7224e+22    1.04 super
 403   2  21   7  7.50e+20   8.437     0.2683   0.0131   6.4956    14.281  2.116e+22    29.214      1    0  6.4345e-18  4.5057e-19  1.1986e-21     499.28    3243.10    97293.11 2.8556e+22    1.00  crit
 404   2  21   8  7.50e+20   8.981     0.2683   0.0168   4.8633     7.260  1.936e+22    26.811      1    0  3.5807e-18  4.9319e-19  1.1574e-21     690.57    3358.48   100754.51 2.0866e+22    1.05   sub
 405   2  21   9  7.50e+20   9.623     0.2683   0.0214   3.7886     4.336  1.688e+22    23.508      1    0  1.9762e-18  4.5576e-19  1.0663e-21     962.20    3645.43   109362.92 1.5039e+22    1.21   sub
 406   2  21  10  7.50e+20  10.410     0.2683   0.0274   2.9996     2.895  1.377e+22    19.361      1    0  1.0434e-18  3.6036e-19  9.4090e-22    1377.25    4131.24   123937.26 1.0514e+22    1.53   sub
 407   2  21  11  7.50e+20  11.352     0.2683   0.0350   2.4020     2.131  1.037e+22    14.828      1    0  5.2658e-19  2.4705e-19  7.9934e-22    2024.50    4862.86   145885.75 7.1641e+21    2.10   sub
 408   2  21  12  7.50e+20  12.437     0.2683   0.0448   1.9401     1.702  7.197e+21    10.595      1    0  2.5470e-19  1.4968e-19  6.5756e-22    3046.95    5911.33   177339.82 4.8116e+21    3.10   sub
 409   2  21  13  7.50e+20  13.535     0.2683   0.0572   1.6025     1.463  4.819e+21     7.426      1    0  1.2562e-19  8.5851e-20  5.3591e-22    4526.10    7253.20   217595.88 3.3335e+21    4.65   sub
 410   2  21  14  7.50e+20  13.796     0.2683   0.0732   1.3775     1.336  3.068e+21     5.091      1    0  5.9982e-20  4.4908e-20  4.2674e-22    6612.72    9108.75   273262.55 2.3466e+21    6.61   sub
 411   2  21  15  7.50e+20  13.796     0.2683   0.0936   1.2051     1.254  1.940e+21     3.587      1    0  2.9064e-20  2.3186e-20  3.3953e-22    9499.72   11448.51   343455.18 1.7430e+21    9.20   sub
 412   2  21  16  7.50e+20  13.796     0.2683   0.1196   1.0563     1.193  1.211e+21     2.615      1    0  1.3994e-20  1.1733e-20  2.6880e-22   13690.48   14460.58   433817.54 1.3640e+21   12.93   sub
 413   2  21  17  7.50e+20  13.796     0.2683   0.1529   0.9253     1.147  7.445e+20     1.993      1    0  6.6347e-21  5.7858e-21  2.1127e-22   19882.89   18398.29   551948.80 1.1252e+21   18.42   sub
 414   2  21  18  7.50e+20  13.796     0.2683   0.1955   0.8164     1.114  4.651e+20     1.620      1    0  3.2417e-21  2.9112e-21  1.6739e-22   28445.10   23221.63   696648.87 9.8366e+20   25.97   sub
 415   2  21  19  7.50e+20  13.796     0.2683   0.2500   0.7198     1.088  2.878e+20     1.384      1    0  1.5664e-21  1.4400e-21  1.3197e-22   40920.00   29453.38   883601.53 8.9432e+20   36.92   sub
 416   2  22   2  7.50e+20   6.954     0.3981   0.0038  57.7854  1953.931  2.142e+22    29.560      1    0  7.7690e-17  3.9761e-20  5.1563e-22     130.46    7538.48   226154.49 9.8408e+22    1.69  deep
 417   2  22   3  7.50e+20   7.085     0.3981   0.0049  46.3358  1281.241  2.227e+22    30.694      1    0  5.5588e-17  4.3386e-20  5.3888e-22     155.67    7213.21   216396.15 8.3930e+22    1.67  deep
 418   2  22   4  7.50e+20   7.358     0.3981   0.0063  30.4094   551.289  2.371e+22    32.607      1    0  3.0846e-17  5.5952e-20  6.0024e-22     212.96    6475.87   194276.14 6.3493e+22    1.55  deep
 419   2  22   5  7.50e+20   7.610     0.3981   0.0080  21.3593   257.664  2.457e+22    33.754      1    0  1.9433e-17  7.5418e-20  6.6696e-22     272.86    5828.06   174841.84 5.0987e+22    1.41  deep
 420   2  22   6  7.50e+20   7.948     0.3981   0.0102  14.1525    98.933  2.495e+22    34.266      1    0  1.1372e-17  1.1494e-19  7.5346e-22     364.52    5158.94   154768.17 3.9424e+22    1.22  deep
 421   2  22   7  7.50e+20   8.302     0.3981   0.0131  10.0005    41.958  2.449e+22    33.659      1    0  6.9977e-18  1.6678e-19  8.1841e-22     474.93    4749.54   142486.19 3.1065e+22    1.08 super
 422   2  22   8  7.50e+20   8.741     0.3981   0.0168   7.2088    18.456  2.306e+22    31.748      1    0  4.1490e-18  2.2480e-19  8.5197e-22     632.90    4562.43   136872.86 2.3849e+22    1.00 super
 423   2  22   9  7.50e+20   9.261     0.3981   0.0214   5.4190     9.276  2.070e+22    28.595      1    0  2.4237e-18  2.6129e-19  8.4157e-22     852.33    4618.82   138564.49 1.8006e+22    1.02   sub
 424   2  22  10  7.50e+20   9.910     0.3981   0.0274   4.1644     5.222  1.743e+22    24.246      1    0  1.3488e-18  2.5828e-19  7.8973e-22    1181.93    4922.02   147660.74 1.3135e+22    1.13   sub
 425   2  22  11  7.50e+20  10.698     0.3981   0.0350   3.2682     3.326  1.367e+22    19.230      1    0  7.1929e-19  2.1624e-19  7.0726e-22    1681.63    5495.96   164878.76 9.3052e+21    1.39   sub
 426   2  22  12  7.50e+20  11.644     0.3981   0.0448   2.5982     2.355  9.908e+21    14.210      1    0  3.6458e-19  1.5484e-19  6.0712e-22    2464.22    6402.51   192075.41 6.4087e+21    1.86   sub
 427   2  22  13  7.50e+20  12.679     0.3981   0.0572   2.1082     1.843  6.808e+21    10.077      1    0  1.8267e-19  9.9093e-20  5.0755e-22    3632.64    7658.48   229754.45 4.4258e+21    2.64   sub
 428   2  22  14  7.50e+20  13.783     0.3981   0.0732   1.7308     1.547  4.463e+21     6.950      1    0  8.9292e-20  5.7723e-20  4.1456e-22    5417.44    9376.42   281292.72 3.0808e+21    3.92   sub
 429   2  22  15  7.50e+20  13.796     0.3981   0.0936   1.4986     1.401  2.811e+21     4.747      1    0  4.2597e-20  3.0396e-20  3.3054e-22    7846.97   11759.83   352794.87 2.1908e+21    5.42   sub
 430   2  22  16  7.50e+20  13.796     0.3981   0.1196   1.3054     1.300  1.755e+21     3.341      1    0  2.0400e-20  1.5696e-20  2.6260e-22   11338.96   14802.11   444063.19 1.6404e+21    7.54   sub
 431   2  22  17  7.50e+20  13.796     0.3981   0.1529   1.1400     1.226  1.085e+21     2.447      1    0  9.7146e-21  7.9253e-21  2.0752e-22   16431.54   18731.33   561939.88 1.2971e+21   10.60   sub
 432   2  22  18  7.50e+20  13.796     0.3981   0.1955   1.0013     1.173  6.755e+20     1.901      1    0  4.7067e-21  4.0140e-21  1.6445e-22   23606.53   23636.12   709083.66 1.0894e+21   14.90   sub
 433   2  22  19  7.50e+20  13.796     0.3981   0.2500   0.8765     1.131  4.111e+20     1.548      1    0  2.2121e-21  1.9554e-21  1.2879e-22   34434.19   30181.54   905446.26 9.5615e+20   21.35   sub
 434   2  23   4  7.50e+20   7.254     0.5908   0.0063  55.8098  1829.500  2.407e+22    33.097      1    0  3.7611e-17  2.0558e-20  3.6370e-22     191.50   10687.54   320626.12 7.0126e+22    1.69  deep
 435   2  23   5  7.50e+20   7.531     0.5908   0.0080  38.2800   880.482  2.540e+22    34.868      1    0  2.1908e-17  2.4882e-20  3.9720e-22     255.65    9786.10   293582.87 5.4448e+22    1.63  deep
 436   2  23   6  7.50e+20   7.869     0.5908   0.0102  24.8670   359.882  2.629e+22    36.056      1    0  1.2417e-17  3.4503e-20  4.5034e-22     347.11    8631.46   258943.90 4.1745e+22    1.48  deep
 437   2  23   7  7.50e+20   8.174     0.5908   0.0131  17.4335   162.196  2.635e+22    36.139      1    0  7.9092e-18  4.8763e-20  5.0299e-22     443.28    7727.88   231836.36 3.3751e+22    1.31  deep
 438   2  23   8  7.50e+20   8.609     0.5908   0.0168  11.3783    57.935  2.535e+22    34.801      1    0  4.4972e-18  7.7626e-20  5.6626e-22     603.29    6864.43   205932.95 2.5742e+22    1.13 super
 439   2  23   9  7.50e+20   9.045     0.5908   0.0214   8.1679    25.217  2.343e+22    32.242      1    0  2.7426e-18  1.0876e-19  6.0100e-22     791.84    6467.66   194029.82 2.0165e+22    1.02 super
 440   2  23  10  7.50e+20   9.587     0.5908   0.0274   5.9971    11.776  2.044e+22    28.255      1    0  1.5962e-18  1.3555e-19  6.0655e-22    1068.61    6408.48   192254.39 1.5302e+22    1.00   sub
 441   2  23  11  7.50e+20  10.214     0.5908   0.0350   4.6005     6.432  1.689e+22    23.514      1    0  9.1902e-19  1.4289e-19  5.8125e-22    1453.62    6687.40   200622.12 1.1453e+22    1.07   sub
 442   2  23  12  7.50e+20  11.014     0.5908   0.0448   3.5605     3.864  1.285e+22    18.131      1    0  4.9006e-19  1.2684e-19  5.2812e-22    2067.16    7360.17   220805.19 8.1809e+21    1.27   sub
 443   2  23  13  7.50e+20  11.944     0.5908   0.0572   2.8199     2.639  9.161e+21    13.215      1    0  2.5262e-19  9.5737e-20  4.5976e-22    2998.17    8454.50   253634.98 5.7373e+21    1.66   sub
 444   2  23  14  7.50e+20  12.969     0.5908   0.0732   2.2780     2.003  6.217e+21     9.289      1    0  1.2732e-19  6.3552e-20  3.8775e-22    4400.71   10024.68   300740.49 4.0128e+21    2.30   sub
 445   2  23  15  7.50e+20  13.796     0.5908   0.0936   1.8844     1.658  4.028e+21     6.371      1    0  6.2143e-20  3.7476e-20  3.1751e-22    6496.73   12242.27   367268.20 2.8199e+21    3.29   sub
 446   2  23  16  7.50e+20  13.796     0.5908   0.1196   1.6329     1.482  2.555e+21     4.407      1    0  3.0217e-20  2.0385e-20  2.5550e-22    9316.78   15213.82   456414.73 2.0479e+21    4.46   sub
 447   2  23  17  7.50e+20  13.796     0.5908   0.1529   1.4166     1.356  1.585e+21     3.113      1    0  1.4361e-20  1.0590e-20  2.0304e-22   13514.35   19144.02   574320.49 1.5494e+21    6.18   sub
 448   2  23  18  7.50e+20  13.796     0.5908   0.1955   1.2391     1.269  9.914e+20     2.322      1    0  6.9781e-21  5.5003e-21  1.6180e-22   19387.49   24023.40   720702.11 1.2483e+21    8.58   sub
 449   2  23  19  7.50e+20  13.796     0.5908   0.2500   1.0871     1.205  6.179e+20     1.824      1    0  3.3883e-21  2.8128e-21  1.2852e-22   27822.88   30245.46   907363.77 1.0599e+21   12.00   sub
 450   2  24   5  7.50e+20   7.591     0.8767   0.0080  55.5803  1815.271  2.624e+22    35.981      1    0  1.9427e-17  1.0702e-20  2.5658e-22     272.57   15149.77   454493.15 5.1752e+22    1.69  deep
 451   2  24   6  7.50e+20   7.872     0.8767   0.0102  39.8034   951.479  2.702e+22    37.027      1    0  1.2132e-17  1.2751e-20  2.7804e-22     351.24   13980.45   419413.38 4.1630e+22    1.64  deep
 452   2  24   7  7.50e+20   8.166     0.8767   0.0131  28.4243   478.702  2.722e+22    37.291      1    0  7.7993e-18  1.6293e-20  3.0651e-22     446.15   12681.61   380448.21 3.3944e+22    1.53  deep
 453   2  24   8  7.50e+20   8.486     0.8767   0.0168  20.0722   224.088  2.673e+22    36.644      1    0  5.0348e-18  2.2468e-20  3.4209e-22     566.09   11362.65   340879.49 2.7705e+22    1.38  deep
 454   2  24   9  7.50e+20   8.918     0.8767   0.0214  13.2569    84.418  2.512e+22    34.490      1    0  2.9659e-18  3.5133e-20  3.8780e-22     756.09   10023.44   300703.06 2.1601e+22    1.19  deep
 455   2  24  10  7.50e+20   9.380     0.8767   0.0274   9.2574    34.555  2.261e+22    31.143      1    0  1.7927e-18  5.1881e-20  4.2098e-22     997.40    9233.39   277001.80 1.6948e+22    1.06 super
 456   2  24  11  7.50e+20   9.926     0.8767   0.0350   6.7002    15.407  1.927e+22    26.699      1    0  1.0571e-18  6.8616e-20  4.3420e-22    1336.12    8952.31   268569.40 1.3038e+22    1.00 super
 457   2  24  12  7.50e+20  10.573     0.8767   0.0448   5.0368     7.850  1.550e+22    21.666      1    0  6.0567e-19  7.7154e-20  4.2362e-22    1821.79    9175.94   275278.09 9.8079e+21    1.04   sub
 458   2  24  13  7.50e+20  11.354     0.8767   0.0572   3.8825     4.544  1.166e+22    16.550      1    0  3.3073e-19  7.2777e-20  3.9188e-22    2554.84    9919.04   297571.12 7.1571e+21    1.19   sub
 459   2  24  14  7.50e+20  12.248     0.8767   0.0732   3.0733     3.008  8.315e+21    12.087      1    0  1.7527e-19  5.8271e-20  3.4699e-22    3645.10   11202.31   336069.37 5.1419e+21    1.49   sub
 460   2  24  15  7.50e+20  13.246     0.8767   0.0936   2.4760     2.213  5.644e+21     8.526      1    0  8.9659e-20  4.0522e-20  2.9621e-22    5299.87   13122.48   393674.47 3.6611e+21    2.00   sub
 461   2  24  16  7.50e+20  13.796     0.8767   0.1196   2.0632     1.804  3.637e+21     5.850      1    0  4.3795e-20  2.4278e-20  2.4344e-22    7738.86   15967.05   479011.52 2.6005e+21    2.75   sub
 462   2  24  17  7.50e+20  13.796     0.8767   0.1529   1.7825     1.583  2.311e+21     4.081      1    0  2.1412e-20  1.3526e-20  1.9702e-22   11067.87   19728.86   591865.69 1.9171e+21    3.69   sub
 463   2  24  18  7.50e+20  13.796     0.8767   0.1955   1.5416     1.426  1.433e+21     2.911      1    0  1.0185e-20  7.1407e-21  1.5712e-22   16047.39   24739.32   742179.64 1.4705e+21    5.07   sub
 464   2  24  19  7.50e+20  13.796     0.8767   0.2500   1.3453     1.319  8.963e+20     2.195      1    0  4.9470e-21  3.7496e-21  1.2549e-22   23026.19   30976.19   929285.73 1.1996e+21    7.00   sub
 465   2  25   7  7.50e+20   8.139     1.3010   0.0131  46.6656  1298.959  2.769e+22    37.922      1    0  7.9871e-18  6.1488e-21  1.8924e-22     440.17   20540.60   616218.10 3.4546e+22    1.67  deep
 466   2  25   8  7.50e+20   8.465     1.3010   0.0168  33.1698   659.379  2.732e+22    37.426      1    0  5.0647e-18  7.6810e-21  2.0788e-22     563.71   18698.24   560947.13 2.8062e+22    1.58  deep
 467   2  25   9  7.50e+20   8.862     1.3010   0.0214  22.2104   281.047  2.598e+22    35.639      1    0  3.0576e-18  1.0879e-20  2.3576e-22     742.33   16487.44   494623.17 2.2278e+22    1.43  deep
 468   2  25  10  7.50e+20   9.256     1.3010   0.0274  15.4234   121.580  2.395e+22    32.940      1    0  1.9398e-18  1.5955e-20  2.6460e-22     952.46   14690.10   440703.05 1.8056e+22    1.26  deep
 469   2  25  11  7.50e+20   9.728     1.3010   0.0350  10.6281    48.873  2.105e+22    29.073      1    0  1.1816e-18  2.4178e-20  2.9233e-22    1251.12   13297.01   398910.32 1.4301e+22    1.10 super
 470   2  25  12  7.50e+20  10.287     1.3010   0.0448   7.5288    20.564  1.755e+22    24.397      1    0  6.9789e-19  3.3938e-20  3.0841e-22    1674.06   12603.74   378112.26 1.1089e+22    1.01 super
 471   2  25  13  7.50e+20  10.924     1.3010   0.0572   5.5990    10.009  1.395e+22    19.601      1    0  4.0686e-19  4.0650e-20  3.0728e-22    2259.37   12650.11   379503.27 8.4840e+21    1.01   sub
 472   2  25  14  7.50e+20  11.700     1.3010   0.0732   4.2616     5.474  1.040e+22    14.864      1    0  2.2402e-19  4.0921e-20  2.8945e-22    3151.21   13429.32   402879.68 6.2757e+21    1.12   sub
 473   2  25  15  7.50e+20  12.571     1.3010   0.0936   3.3549     3.478  7.419e+21    10.892      1    0  1.2066e-19  3.4691e-20  2.6032e-22    4450.82   14932.08   447962.48 4.5923e+21    1.35   sub
 474   2  25  16  7.50e+20  13.539     1.3010   0.1196   2.6937     2.473  5.058e+21     7.744      1    0  6.2622e-20  2.5325e-20  2.2507e-22    6411.30   17270.22   518106.62 3.3299e+21    1.76   sub
 475   2  25  17  7.50e+20  13.796     1.3010   0.1529   2.2656     1.991  3.264e+21     5.352      1    0  3.0824e-20  1.5480e-20  1.8599e-22    9224.63   20899.50   626984.88 2.4002e+21    2.32   sub
 476   2  25  18  7.50e+20  13.796     1.3010   0.1955   1.9413     1.703  2.052e+21     3.736      1    0  1.4826e-20  8.7077e-21  1.5054e-22   13300.70   25821.03   774630.88 1.7825e+21    3.10   sub
 477   2  25  19  7.50e+20  13.796     1.3010   0.2500   1.6830     1.515  1.298e+21     2.731      1    0  7.2719e-21  4.8007e-21  1.2161e-22   18991.82   31963.17   958895.17 1.4016e+21    4.17   sub
 478   2  26   8  7.50e+20   8.478     1.9307   0.0168  51.7814  1586.497  2.759e+22    37.788      1    0  4.9174e-18  3.0995e-21  1.3112e-22     572.52   29646.06   889381.91 2.7846e+22    1.68  deep
 479   2  26   9  7.50e+20   8.771     1.9307   0.0214  39.1011   918.463  2.668e+22    36.579      1    0  3.3581e-18  3.6562e-21  1.4107e-22     704.69   27554.28   826628.50 2.3446e+22    1.63  deep
 480   2  26  10  7.50e+20   9.238     1.9307   0.0274  25.1910   370.088  2.441e+22    33.543      1    0  1.9204e-18  5.1890e-21  1.6135e-22     956.33   24090.96   722728.88 1.8224e+22    1.48  deep
 481   2  26  11  7.50e+20   9.583     1.9307   0.0350  18.4955   185.960  2.232e+22    30.763      1    0  1.3121e-18  7.0558e-21  1.7835e-22    1178.38   21794.74   653842.26 1.5334e+22    1.34  deep
 482   2  26  12  7.50e+20  10.136     1.9307   0.0448  11.9459    65.366  1.878e+22    26.041      1    0  7.4945e-19  1.1465e-20  2.0292e-22    1603.54   19155.65   574669.42 1.1856e+22    1.14 super
 483   2  26  13  7.50e+20  10.678     1.9307   0.0572   8.4718    27.642  1.550e+22    21.670      1    0  4.5593e-19  1.6494e-20  2.1744e-22    2110.13   17876.50   536295.05 9.3864e+21    1.03 super
 484   2  26  14  7.50e+20  11.326     1.9307   0.0732   6.1763    12.638  1.214e+22    17.192      1    0  2.6547e-19  2.1005e-20  2.2098e-22    2848.05   17590.43   527712.98 7.2361e+21    1.00   sub
 485   2  26  15  7.50e+20  12.053     1.9307   0.0936   4.7132     6.777  9.159e+21    13.212      1    0  1.5220e-19  2.2457e-20  2.1254e-22    3880.30   18288.83   548664.82 5.5138e+21    1.06   sub
 486   2  26  16  7.50e+20  12.901     1.9307   0.1196   3.6807     4.107  6.559e+21     9.746      1    0  8.3057e-20  2.0225e-20  1.9433e-22    5434.32   20002.33   600069.80 4.1047e+21    1.24   sub
 487   2  26  17  7.50e+20  13.796     1.9307   0.1529   2.9439     2.813  4.489e+21     6.985      1    0  4.3475e-20  1.5454e-20  1.6999e-22    7767.31   22865.90   685976.91 3.0231e+21    1.57   sub
 488   2  26  18  7.50e+20  13.796     1.9307   0.1955   2.4940     2.233  2.905e+21     4.874      1    0  2.1563e-20  9.6570e-21  1.4132e-22   11029.10   27506.15   825184.46 2.2131e+21    1.98   sub
 489   2  26  19  7.50e+20  13.796     1.9307   0.2500   2.1359     1.868  1.859e+21     3.479      1    0  1.0639e-20  5.6944e-21  1.1591e-22   15701.46   33536.22  1006086.50 1.6833e+21    2.58   sub
 490   2  27   9  7.50e+20   8.813     2.8651   0.0214  58.8051  2019.491  2.670e+22    36.602      1    0  3.1512e-18  1.5604e-21  9.0648e-23     729.20   42880.80  1286423.93 2.2895e+22    1.70  deep
 491   2  27  10  7.50e+20   9.060     2.8651   0.0274  47.3073  1333.709  2.556e+22    35.077      1    0  2.3264e-18  1.7443e-21  9.5486e-23     860.51   40708.18  1221245.41 1.9998e+22    1.67  deep
 492   2  27  11  7.50e+20   9.567     2.8651   0.0350  30.3178   547.842  2.262e+22    31.153      1    0  1.3029e-18  2.3782e-21  1.0851e-22    1181.55   35822.07  1074662.00 1.5453e+22    1.55  deep
 493   2  27  12  7.50e+20  10.006     2.8651   0.0448  20.8318   243.642  1.980e+22    27.394      1    0  8.1969e-19  3.3643e-21  1.2248e-22    1523.41   31735.45   952063.44 1.2573e+22    1.40  deep
 494   2  27  13  7.50e+20  10.537     2.8651   0.0572  13.7566    92.368  1.648e+22    22.968      1    0  4.8774e-19  5.2805e-21  1.3942e-22    2026.64   27879.68   836390.51 9.9589e+21    1.20  deep
 495   2  27  14  7.50e+20  11.053     2.8651   0.0732   9.7896    39.771  1.359e+22    19.123      1    0  3.0617e-19  7.6984e-21  1.5156e-22    2619.90   25647.72   769431.69 8.0535e+21    1.07 super
 496   2  27  15  7.50e+20  11.694     2.8651   0.0936   7.0114    17.230  1.061e+22    15.152      1    0  1.7998e-19  1.0446e-20  1.5774e-22    3514.68   24642.94   739288.14 6.2919e+21    1.00 super
 497   2  27  16  7.50e+20  12.432     2.8651   0.1196   5.2220     8.519  7.937e+21    11.583      1    0  1.0216e-19  1.1992e-20  1.5475e-22    4809.99   25117.96   753538.70 4.8198e+21    1.02   sub
 498   2  27  17  7.50e+20  13.249     2.8651   0.1529   4.0481     4.933  5.731e+21     8.642      1    0  5.6667e-20  1.1487e-20  1.4402e-22    6667.22   26989.73   809691.95 3.6574e+21    1.15   sub
 499   2  27  18  7.50e+20  13.796     2.8651   0.1955   3.2670     3.324  3.918e+21     6.223      1    0  2.9732e-20  8.9443e-21  1.2668e-22    9392.42   30684.66   920539.94 2.7248e+21    1.39   sub
 500   2  27  19  7.50e+20  13.796     2.8651   0.2500   2.7528     2.549  2.565e+21     4.420      1    0  1.4971e-20  5.8734e-21  1.0668e-22   13236.19   36436.57  1093097.18 2.0384e+21    1.71   sub
 501   2  28  11  7.50e+20   9.406     4.2518   0.0350  54.9438  1776.045  2.372e+22    32.621      1    0  1.5392e-18  8.6662e-22  6.5632e-23    1077.93   59225.49  1776764.61 1.6728e+22    1.69  deep
 502   2  28  12  7.50e+20   9.906     4.2518   0.0448  36.5180   801.246  2.054e+22    28.383      1    0  8.9030e-19  1.1111e-21  7.3182e-23    1454.50   53115.32  1593459.62 1.3157e+22    1.61  deep
 503   2  28  13  7.50e+20  10.433     4.2518   0.0572  23.7852   326.728  1.719e+22    23.919      1    0  5.2079e-19  1.5940e-21  8.3736e-23    1951.65   46420.42  1392612.55 1.0407e+22    1.46  deep
 504   2  28  14  7.50e+20  10.907     4.2518   0.0732  16.4939   142.491  1.444e+22    20.256      1    0  3.3171e-19  2.3280e-21  9.4254e-23    2500.35   41240.57  1237217.10 8.5405e+21    1.29  deep
 505   2  28  15  7.50e+20  11.478     4.2518   0.0936  11.1954    55.645  1.160e+22    16.471      1    0  1.9982e-19  3.5910e-21  1.0507e-22    3304.64   36996.68  1109900.44 6.8259e+21    1.12 super
 506   2  28  16  7.50e+20  12.127     4.2518   0.1196   7.8414    22.764  8.992e+21    12.989      1    0  1.1698e-19  5.1388e-21  1.1166e-22    4439.45   34811.35  1044340.55 5.3700e+21    1.02 super
 507   2  28  17  7.50e+20  12.834     4.2518   0.1529   5.8016    10.883  6.789e+21    10.052      1    0  6.7862e-20  6.2356e-21  1.1173e-22    5996.30   34788.40  1043651.95 4.1990e+21    1.00   sub
 508   2  28  18  7.50e+20  13.619     4.2518   0.1955   4.4589     6.017  4.946e+21     7.595      1    0  3.8184e-20  6.3464e-21  1.0586e-22    8234.64   36717.55  1101526.43 3.2460e+21    1.09   sub
 509   2  28  19  7.50e+20  13.796     4.2518   0.2500   3.6342     4.011  3.371e+21     5.495      1    0  2.0015e-20  4.9898e-21  9.3431e-23   11447.66   41603.55  1248106.53 2.4445e+21    1.25   sub
 510   2  29  12  7.50e+20   9.977     6.3096   0.0448  54.3239  1738.191  2.014e+22    27.847      1    0  8.1718e-19  4.7014e-22  4.6965e-23    1523.55   82765.10  2482953.06 1.2739e+22    1.69  deep
 511   2  29  13  7.50e+20  10.275     6.3096   0.0572  43.2618  1121.013  1.822e+22    25.295      1    0  5.9983e-19  5.3508e-22  4.9787e-23    1804.69   78073.87  2342215.98 1.1147e+22    1.66  deep
 512   2  29  14  7.50e+20  10.807     6.3096   0.0732  28.7264   489.465  1.504e+22    21.056      1    0  3.5502e-19  7.2532e-22  5.6247e-23    2405.69   69106.76  2073202.94 8.8989e+21    1.53  deep
 513   2  29  15  7.50e+20  11.334     6.3096   0.0936  19.2831   204.587  1.230e+22    17.405      1    0  2.1726e-19  1.0620e-21  6.4007e-23    3149.33   60729.03  1821870.96 7.2130e+21    1.36  deep
 514   2  29  16  7.50e+20  11.944     6.3096   0.1196  12.6719    75.593  9.691e+21    13.921      1    0  1.2730e-19  1.6840e-21  7.2628e-23    4223.56   53520.49  1605614.71 5.7365e+21    1.17  deep
 515   2  29  17  7.50e+20  12.547     6.3096   0.1529   8.9508    31.745  7.629e+21    11.172      1    0  7.7466e-20  2.4402e-21  7.8258e-23    5549.24   49669.99  1490099.63 4.6313e+21    1.05 super
 516   2  29  18  7.50e+20  13.234     6.3096   0.1955   6.5206    14.415  5.790e+21     8.721      1    0  4.5324e-20  3.1442e-21  8.0007e-23    7450.88   48584.10  1457523.01 3.6748e+21    1.00 super
 517   2  29  19  7.50e+20  13.796     6.3096   0.2500   4.9801     7.653  4.180e+21     6.573      1    0  2.5142e-20  3.2851e-21  7.6419e-23   10213.80   50865.51  1525965.43 2.8521e+21    1.04   sub
 518   2  30  14  7.50e+20  10.748     9.3633   0.0732  47.8048  1360.917  1.539e+22    21.523      1    0  3.7032e-19  2.7211e-22  3.4614e-23    2349.09  112297.76  3368932.76 9.1151e+21    1.67  deep
 519   2  30  15  7.50e+20  11.264     9.3633   0.0936  32.8310   645.675  1.266e+22    17.880      1    0  2.2655e-19  3.5088e-22  3.8509e-23    3074.52  100939.58  3028187.43 7.4123e+21    1.58  deep
 520   2  30  16  7.50e+20  11.806     9.3633   0.1196  22.0893   277.664  1.025e+22    14.664      1    0  1.3836e-19  4.9831e-22  4.3690e-23    4027.73   88969.63  2669089.00 6.0349e+21    1.42  deep
 521   2  30  17  7.50e+20  12.442     9.3633   0.1529  14.2457   100.512  7.966e+21    11.621      1    0  7.9743e-20  7.9337e-22  5.0098e-23    5446.52   77589.43  2327682.96 4.8033e+21    1.22  deep
 522   2  30  18  7.50e+20  13.015     9.3633   0.1955  10.1049    43.067  6.335e+21     9.446      1    0  4.9705e-20  1.1541e-21  5.4520e-23    7055.61   71296.10  2138882.91 3.9517e+21    1.08 super
 523   2  30  19  7.50e+20  13.649     9.3633   0.2500   7.3756    19.536  4.898e+21     7.531      1    0  3.0065e-20  1.5389e-21  5.6727e-23    9290.45   68523.03  2055690.77 3.2150e+21    1.01 super
 524   2  31  15  7.50e+20  11.132    13.8950   0.0936  56.7753  1889.883  1.332e+22    18.761      1    0  2.5340e-19  1.3408e-22  2.3689e-23    2890.10  164086.43  4922592.76 7.8053e+21    1.69  deep
 525   2  31  16  7.50e+20  11.746    13.8950   0.1196  37.1911   831.148  1.050e+22    14.994      1    0  1.4323e-19  1.7233e-22  2.6469e-23    3948.66  146855.20  4405656.04 6.1702e+21    1.62  deep
 526   2  31  17  7.50e+20  12.299    13.8950   0.1529  25.1732   369.524  8.437e+21    12.249      1    0  8.7397e-20  2.3651e-22  2.9853e-23    5172.50  130208.50  3906255.06 5.0511e+21    1.48  deep
 527   2  31  18  7.50e+20  12.817    13.8950   0.1955  17.5662   165.079  6.860e+21    10.147      1    0  5.5803e-20  3.3804e-22  3.3485e-23    6608.35  116083.51  3482505.37 4.2221e+21    1.32  deep
 528   2  31  19  7.50e+20  13.484    13.8950   0.2500  11.5265    59.827  5.242e+21     7.990      1    0  3.1968e-20  5.3433e-22  3.7658e-23    8955.02  103220.37  3096611.14 3.3893e+21    1.13 super
 529   2  32  17  7.50e+20  12.286    20.6199   0.1529  40.7941   998.864  8.474e+21    12.299      1    0  8.6898e-20  8.6997e-23  1.8378e-23    5184.68  211504.23  6345126.83 5.0736e+21    1.64  deep
 530   2  32  18  7.50e+20  12.777    20.6199   0.1955  29.1647   505.260  6.968e+21    10.290      1    0  5.6300e-20  1.1143e-22  2.0290e-23    6568.86  191578.47  5747354.17 4.2796e+21    1.54  deep
 531   2  32  19  7.50e+20  13.313    20.6199   0.2500  20.1737   226.658  5.618e+21     8.491      1    0  3.5422e-20  1.5628e-22  2.2794e-23    8453.07  170530.21  5115906.32 3.5822e+21    1.38  deep
 532   2  33  19  7.50e+20  13.300    30.5995   0.2500  32.9026   648.563  5.639e+21     8.518      1    0  3.5044e-20  5.4033e-23  1.3908e-23    8494.48  279490.70  8384721.10 3.5973e+21    1.58  deep
 533   3   8   1  1.50e+21  11.186     0.0016   0.0030   0.5618     1.053  2.085e+20     1.139      1    0  5.6208e-18  5.3371e-18  2.2497e-20     615.12     345.57    10367.00 7.6416e+21   74.95   sub
 534   3   9   1  1.50e+21  10.451     0.0024   0.0030   0.7072     1.085  3.088e+20     1.206      1    0  7.9993e-18  7.3745e-18  2.2056e-20     498.40     352.47    10574.12 1.0328e+22   38.80   sub
 535   3   9   2  1.50e+21  11.425     0.0024   0.0038   0.5968     1.060  3.070e+20     1.205      1    0  3.8782e-18  3.6585e-18  1.7406e-20     748.39     446.63    13398.84 6.9650e+21   62.96   sub
 536   3  10   1  1.50e+21   9.789     0.0035   0.0030   0.8873     1.135  4.587e+20     1.306      1    0  1.1024e-17  9.7164e-18  2.1325e-20     410.88     364.56    10936.78 1.3897e+22   20.65   sub
 537   3  10   2  1.50e+21  10.707     0.0035   0.0038   0.7486     1.095  4.555e+20     1.304      1    0  5.4328e-18  4.9609e-18  1.6964e-20     612.14     458.26    13747.85 9.2707e+21   33.06   sub
 538   3  10   3  1.50e+21  11.738     0.0035   0.0049   0.6262     1.066  4.502e+20     1.300      1    0  2.5328e-18  2.3755e-18  1.3225e-20     938.68     587.83    17635.03 6.1885e+21   54.83   sub
 539   3  10   4  1.50e+21  12.586     0.0035   0.0063   0.5420     1.049  4.432e+20     1.295      1    0  1.3372e-18  1.2742e-18  1.0722e-20    1337.72     725.07    21752.23 4.5693e+21   83.13   sub
 540   3  11   1  1.50e+21   9.066     0.0052   0.0030   1.1447     1.228  6.800e+20     1.453      1    0  1.6670e-17  1.3578e-17  2.1120e-20     321.56     368.10    11043.06 1.9940e+22   10.49   sub
 541   3  11   2  1.50e+21   9.916     0.0052   0.0038   0.9617     1.159  6.758e+20     1.451      1    0  8.2246e-18  7.0974e-18  1.6884e-20     478.77     460.44    13813.12 1.3100e+22   16.60   sub
 542   3  11   3  1.50e+21  10.873     0.0052   0.0049   0.8060     1.111  6.685e+20     1.446      1    0  3.9568e-18  3.5627e-18  1.3344e-20     722.80     582.61    17478.25 8.6617e+21   26.90   sub
 543   3  11   4  1.50e+21  11.849     0.0052   0.0063   0.6804     1.078  6.569e+20     1.438      1    0  1.9199e-18  1.7804e-18  1.0548e-20    1083.25     737.03    22110.85 5.9392e+21   43.29   sub
 544   3  11   5  1.50e+21  12.766     0.0052   0.0080   0.5813     1.057  6.397e+20     1.426      1    0  9.5594e-19  9.0444e-19  8.3933e-21    1593.43     926.23    27786.85 4.2963e+21   67.92   sub
 545   3  12   1  1.50e+21   8.434     0.0077   0.0030   1.4863     1.394  1.009e+21     1.673      1    0  2.4995e-17  1.7926e-17  2.0652e-20     253.28     376.44    11293.33 2.8608e+22    5.52   sub
 546   3  12   2  1.50e+21   9.222     0.0077   0.0038   1.2341     1.266  1.002e+21     1.668      1    0  1.2047e-17  9.5124e-18  1.6512e-20     381.51     470.83    14124.82 1.8370e+22    8.67   sub
 547   3  12   3  1.50e+21  10.135     0.0077   0.0049   1.0253     1.181  9.908e+20     1.661      1    0  5.7215e-18  4.8436e-18  1.3065e-20     580.33     595.02    17850.57 1.1862e+22   13.99   sub
 548   3  12   4  1.50e+21  11.095     0.0077   0.0063   0.8598     1.126  9.731e+20     1.649      1    0  2.7650e-18  2.4551e-18  1.0352e-20     873.46     750.97    22529.08 7.9210e+21   22.51   sub
 549   3  12   5  1.50e+21  12.059     0.0077   0.0080   0.7272     1.090  9.463e+20     1.631      1    0  1.3523e-18  1.2410e-18  8.2107e-21    1302.04     946.83    28405.02 5.5031e+21   35.87   sub
 550   3  12   6  1.50e+21  13.030     0.0077   0.0102   0.6141     1.064  9.024e+20     1.602      1    0  6.3701e-19  5.9890e-19  6.4195e-21    1972.07    1211.03    36330.83 3.9312e+21   58.00   sub
 551   3  12   7  1.50e+21  13.796     0.0077   0.0131   0.5295     1.047  8.420e+20     1.561      1    0  3.1643e-19  3.0218e-19  5.0996e-21    2879.08    1524.47    45734.10 3.0281e+21   88.95   sub
 552   3  13   1  1.50e+21   7.930     0.0114   0.0030   1.9337     1.697  1.496e+21     1.997      1    0  3.5933e-17  2.1180e-17  1.9628e-20     204.83     396.08    11882.42 3.9932e+22    3.12   sub
 553   3  13   2  1.50e+21   8.595     0.0114   0.0038   1.6018     1.463  1.486e+21     1.990      1    0  1.7747e-17  1.2133e-17  1.5995e-20     303.44     486.03    14581.02 2.5961e+22    4.65   sub
 554   3  13   3  1.50e+21   9.409     0.0114   0.0049   1.3243     1.309  1.469e+21     1.979      1    0  8.5188e-18  6.5083e-18  1.2811e-20     458.24     606.84    18205.35 1.6709e+22    7.27   sub
 555   3  13   4  1.50e+21  10.309     0.0114   0.0063   1.1039     1.211  1.443e+21     1.962      1    0  4.1314e-18  3.4111e-18  1.0225e-20     688.78     760.34    22810.05 1.0982e+22   11.53   sub
 556   3  13   5  1.50e+21  11.306     0.0114   0.0080   0.9197     1.145  1.401e+21     1.934      1    0  1.9511e-18  1.7041e-18  8.0533e-21    1049.62     965.34    28960.09 7.2925e+21   18.73   sub
 557   3  13   6  1.50e+21  12.298     0.0114   0.0102   0.7734     1.102  1.336e+21     1.890      1    0  9.3026e-19  8.4441e-19  6.3404e-21    1585.36    1226.13    36783.93 5.0530e+21   30.18   sub
 558   3  13   7  1.50e+21  13.209     0.0114   0.0131   0.6584     1.073  1.242e+21     1.828      1    0  4.5277e-19  4.2186e-19  5.0137e-21    2355.11    1550.57    46517.13 3.7060e+21   47.53   sub
 559   3  13   8  1.50e+21  13.796     0.0114   0.0168   0.5743     1.056  1.121e+21     1.747      1    0  2.3177e-19  2.1957e-19  4.0238e-21    3364.04    1932.05    57961.55 2.9148e+21   70.32   sub
 560   3  14   1  1.50e+21   7.518     0.0169   0.0030   2.5650     2.315  2.217e+21     2.478      1    0  5.1331e-17  2.2173e-17  1.8163e-20     166.87     428.02    12840.55 5.5059e+22    1.90   sub
 561   3  14   2  1.50e+21   8.066     0.0169   0.0038   2.1045     1.840  2.202e+21     2.468      1    0  2.5801e-17  1.4021e-17  1.5152e-20     243.80     513.08    15392.51 3.6302e+22    2.65   sub
 562   3  14   3  1.50e+21   8.762     0.0169   0.0049   1.7288     1.546  2.177e+21     2.451      1    0  1.2614e-17  8.1618e-18  1.2374e-20     363.40     628.25    18847.46 2.3568e+22    3.93   sub
 563   3  14   4  1.50e+21   9.610     0.0169   0.0063   1.4195     1.358  2.136e+21     2.424      1    0  5.9784e-18  4.4034e-18  9.9068e-21     552.82     784.72    23541.74 1.5136e+22    6.15   sub
 564   3  14   5  1.50e+21  10.522     0.0169   0.0080   1.1813     1.243  2.075e+21     2.383      1    0  2.9028e-18  2.3350e-18  7.9272e-21     830.17     980.69    29420.72 1.0019e+22    9.68   sub
 565   3  14   6  1.50e+21  11.494     0.0169   0.0102   0.9884     1.168  1.981e+21     2.320      1    0  1.4004e-18  1.1989e-18  6.2961e-21    1249.19    1234.75    37042.53 6.7828e+21   15.42   sub
 566   3  14   7  1.50e+21  12.458     0.0169   0.0131   0.8341     1.119  1.841e+21     2.227      1    0  6.7851e-19  6.0656e-19  4.9883e-21    1868.35    1558.46    46753.87 4.7773e+21   24.46   sub
 567   3  14   8  1.50e+21  13.353     0.0169   0.0168   0.7102     1.085  1.646e+21     2.098      1    0  3.3021e-19  3.0421e-19  3.9476e-21    2772.76    1969.33    59079.89 3.5357e+21   38.34   sub
 568   3  14   9  1.50e+21  13.796     0.0169   0.0214   0.6129     1.063  1.376e+21     1.917      1    0  1.5419e-19  1.4500e-19  3.0752e-21    4124.39    2528.02    75840.74 2.7286e+21   58.31   sub
 569   3  14  10  1.50e+21  13.796     0.0169   0.0274   0.5460     1.050  1.095e+21     1.730      1    0  7.8168e-20  7.4433e-20  2.4580e-21    5792.64    3162.80    94883.92 2.2825e+21   81.39   sub
 570   3  15   1  1.50e+21   7.214     0.0251   0.0030   3.4876     3.723  3.279e+21     3.186      1    0  7.0621e-17  1.8971e-17  1.5996e-20     139.36     486.02    14580.52 7.3082e+22    1.30   sub
 571   3  15   2  1.50e+21   7.660     0.0251   0.0038   2.8018     2.614  3.256e+21     3.171      1    0  3.5894e-17  1.3731e-17  1.3775e-20     201.43     564.37    16931.06 4.8950e+22    1.67   sub
 572   3  15   3  1.50e+21   8.236     0.0251   0.0049   2.2767     2.002  3.219e+21     3.146      1    0  1.7994e-17  8.9878e-18  1.1575e-20     295.00     671.61    20148.44 3.2402e+22    2.30   sub
 573   3  15   4  1.50e+21   8.951     0.0251   0.0063   1.8613     1.641  3.161e+21     3.108      1    0  8.8371e-18  5.3862e-18  9.5175e-21     438.85     816.83    24504.77 2.1208e+22    3.37   sub
 574   3  15   5  1.50e+21   9.805     0.0251   0.0080   1.5268     1.418  3.067e+21     3.045      1    0  4.2356e-18  2.9877e-18  7.6749e-21     663.41    1012.93    30387.81 1.3793e+22    5.19   sub
 575   3  15   6  1.50e+21  10.742     0.0251   0.0102   1.2645     1.280  2.924e+21     2.949      1    0  2.0352e-18  1.5895e-18  6.1373e-21    1001.75    1266.71    38001.41 9.1398e+21    8.15   sub
 576   3  15   7  1.50e+21  11.692     0.0251   0.0131   1.0613     1.195  2.720e+21     2.813      1    0  9.9831e-19  8.3564e-19  4.9086e-21    1492.24    1583.79    47513.64 6.2945e+21   12.77   sub
 577   3  15   8  1.50e+21  12.715     0.0251   0.0168   0.8844     1.134  2.402e+21     2.602      1    0  4.5790e-19  4.0389e-19  3.8257e-21    2297.74    2032.08    60962.35 4.3710e+21   20.83   sub
 578   3  15   9  1.50e+21  13.585     0.0251   0.0214   0.7535     1.096  2.018e+21     2.345      1    0  2.2233e-19  2.0279e-19  3.0273e-21    3408.31    2568.04    77041.13 3.2814e+21   32.47   sub
 579   3  15  10  1.50e+21  13.796     0.0251   0.0274   0.6619     1.074  1.584e+21     2.056      1    0  1.0975e-19  1.0218e-19  2.4024e-21    4888.76    3235.99    97079.79 2.6156e+21   46.81   sub
 580   3  15  11  1.50e+21  13.796     0.0251   0.0350   0.5885     1.058  1.163e+21     1.775      1    0  5.5174e-20  5.2130e-20  1.9158e-21    6894.85    4057.93   121737.77 2.2068e+21   65.53   sub
 581   3  15  12  1.50e+21  13.796     0.0251   0.0448   0.5148     1.045  7.569e+20     1.505      1    0  2.5104e-20  2.4033e-20  1.4774e-21   10221.66    5262.15   157864.56 1.9188e+21   96.52   sub
 582   3  16   1  1.50e+21   7.035     0.0373   0.0030   4.8218     7.124  4.835e+21     4.223      1    0  8.6897e-17  1.2198e-17  1.2996e-20     124.07     598.22    17946.50 8.9005e+22    1.05   sub
 583   3  16   2  1.50e+21   7.368     0.0373   0.0038   3.8211     4.407  4.801e+21     4.201      1    0  4.7326e-17  1.0738e-17  1.1825e-20     172.05     657.41    19722.40 6.2882e+22    1.20   sub
 584   3  16   3  1.50e+21   7.822     0.0373   0.0049   3.0611     2.989  4.747e+21     4.165      1    0  2.4855e-17  8.3157e-18  1.0383e-20     244.60     748.75    22462.61 4.3215e+22    1.49   sub
 585   3  16   4  1.50e+21   8.408     0.0373   0.0063   2.4753     2.212  4.661e+21     4.107      1    0  1.2668e-17  5.7275e-18  8.8414e-21     355.23     879.29    26378.79 2.9064e+22    2.00   sub
 586   3  16   5  1.50e+21   9.147     0.0373   0.0080   2.0079     1.757  4.524e+21     4.016      1    0  6.1995e-18  3.5286e-18  7.3101e-21     529.65    1063.48    31904.45 1.9099e+22    2.90   sub
 587   3  16   6  1.50e+21   9.997     0.0373   0.0102   1.6473     1.492  4.315e+21     3.877      1    0  3.0211e-18  2.0255e-18  5.9498e-21     793.18    1306.62    39198.63 1.2622e+22    4.37   sub
 588   3  16   7  1.50e+21  10.936     0.0373   0.0131   1.3622     1.328  4.004e+21     3.669      1    0  1.4576e-18  1.0977e-18  4.7786e-21    1194.33    1626.87    48806.16 8.4433e+21    6.79   sub
 589   3  16   8  1.50e+21  11.921     0.0373   0.0168   1.1342     1.223  3.559e+21     3.373      1    0  6.9537e-19  5.6838e-19  3.7964e-21    1805.41    2047.76    61432.76 5.7840e+21   10.74   sub
 590   3  16   9  1.50e+21  12.849     0.0373   0.0214   0.9589     1.158  3.002e+21     3.001      1    0  3.3982e-19  2.9348e-19  3.0238e-21    2681.26    2571.01    77130.29 4.1769e+21   16.73   sub
 591   3  16  10  1.50e+21  13.708     0.0373   0.0274   0.8157     1.113  2.345e+21     2.563      1    0  1.6394e-19  1.4725e-19  2.3903e-21    3987.23    3252.33    97569.86 3.1551e+21   26.03   sub
 592   3  16  11  1.50e+21  13.796     0.0373   0.0350   0.7171     1.087  1.691e+21     2.127      1    0  7.9375e-20  7.3012e-20  1.8860e-21    5748.41    4122.00   123660.05 2.5237e+21   37.32   sub
 593   3  16  12  1.50e+21  13.796     0.0373   0.0448   0.6252     1.066  1.091e+21     1.728      1    0  3.5701e-20  3.3491e-20  1.4507e-21    8571.43    5358.83   160764.85 2.1025e+21   55.10   sub
 594   3  16  13  1.50e+21  13.796     0.0373   0.0572   0.5617     1.053  7.467e+20     1.498      1    0  1.9036e-20  1.8076e-20  1.1792e-21   11738.20    6592.94   197788.12 1.8968e+21   75.00   sub
 595   3  17   1  1.50e+21   6.915     0.0553   0.0030   7.1067    17.815  7.076e+21     5.717      1    0  1.0301e-16  5.7821e-18  9.6826e-21     112.98     802.90    24087.08 1.0366e+23    1.00 super
 596   3  17   2  1.50e+21   7.173     0.0553   0.0038   5.4279     9.311  7.031e+21     5.687      1    0  5.8603e-17  6.2938e-18  9.3885e-21     152.55     828.05    24841.55 7.6208e+22    1.02   sub
 597   3  17   3  1.50e+21   7.533     0.0553   0.0049   4.2185     5.361  6.954e+21     5.636      1    0  3.2006e-17  5.9697e-18  8.7115e-21     211.54     892.40    26772.08 5.4324e+22    1.12   sub
 598   3  17   4  1.50e+21   8.004     0.0553   0.0063   3.3447     3.460  6.829e+21     5.553      1    0  1.7032e-17  4.9227e-18  7.7757e-21     298.92     999.80    29994.05 3.7878e+22    1.35   sub
 599   3  17   5  1.50e+21   8.597     0.0553   0.0080   2.6922     2.471  6.636e+21     5.424      1    0  8.8477e-18  3.5810e-18  6.7185e-21     429.81    1157.13    34713.81 2.5929e+22    1.77   sub
 600   3  17   6  1.50e+21   9.336     0.0553   0.0102   2.1788     1.908  6.332e+21     5.222      1    0  4.4087e-18  2.3109e-18  5.6235e-21     634.51    1382.45    41473.43 1.7334e+22    2.49   sub
 601   3  17   7  1.50e+21  10.197     0.0553   0.0131   1.7789     1.580  5.877e+21     4.918      1    0  2.1498e-18  1.3602e-18  4.6020e-21     949.63    1689.31    50679.37 1.1539e+22    3.70   sub
 602   3  17   8  1.50e+21  11.145     0.0553   0.0168   1.4654     1.383  5.229e+21     4.486      1    0  1.0337e-18  7.4759e-19  3.7053e-21    1431.76    2098.10    62943.07 7.7657e+21    5.71   sub
 603   3  17   9  1.50e+21  12.110     0.0553   0.0214   1.2220     1.261  4.396e+21     3.931      1    0  4.9906e-19  3.9576e-19  2.9617e-21    2147.94    2624.85    78745.51 5.4017e+21    8.88   sub
 604   3  17  10  1.50e+21  13.061     0.0553   0.0274   1.0253     1.181  3.409e+21     3.272      1    0  2.3642e-19  2.0015e-19  2.3396e-21    3240.88    3322.90    99686.92 3.8912e+21   13.99   sub
 605   3  17  11  1.50e+21  13.796     0.0553   0.0350   0.8735     1.130  2.432e+21     2.622      1    0  1.1237e-19  9.9407e-20  1.8421e-21    4831.40    4220.32   126609.64 2.9646e+21   21.55   sub
 606   3  17  12  1.50e+21  13.796     0.0553   0.0448   0.7685     1.100  1.625e+21     2.083      1    0  5.3807e-20  4.8900e-20  1.4490e-21    6981.87    5365.27   160958.00 2.3996e+21   30.73   sub
 607   3  17  13  1.50e+21  13.796     0.0553   0.0572   0.6822     1.079  1.072e+21     1.715      1    0  2.6985e-20  2.5014e-20  1.1558e-21    9858.98    6726.07   201781.99 2.0693e+21   42.96   sub
 608   3  17  14  1.50e+21  13.796     0.0553   0.0732   0.6020     1.061  6.769e+20     1.451      1    0  1.2995e-20  1.2247e-20  9.0893e-22   14206.88    8553.09   256592.66 1.8506e+21   61.40   sub
 609   3  17  15  1.50e+21  13.796     0.0553   0.0936   0.5321     1.048  4.238e+20     1.283      1    0  6.2851e-21  5.9994e-21  7.1525e-22   20428.39   10869.07   326071.98 1.7164e+21   87.72   sub
 610   3  18   1  1.50e+21   6.857     0.0821   0.0030  11.0734    54.147  1.016e+22     7.775      1    0  1.1206e-16  2.0695e-18  6.5088e-21     107.86    1194.40    35831.90 1.1263e+23    1.12 super
 611   3  18   2  1.50e+21   7.061     0.0821   0.0038   8.1369    24.977  1.014e+22     7.758      1    0  6.7054e-17  2.6846e-18  6.7522e-21     141.50    1151.36    34540.70 8.6284e+22    1.02 super
 612   3  18   3  1.50e+21   7.349     0.0821   0.0049   6.0595    12.071  1.004e+22     7.696      1    0  3.8239e-17  3.1678e-18  6.7116e-21     191.16    1158.31    34749.39 6.3985e+22    1.00   sub
 613   3  18   4  1.50e+21   7.713     0.0821   0.0063   4.6892     6.702  9.882e+21     7.588      1    0  2.1721e-17  3.2408e-18  6.3808e-21     259.83    1218.37    36550.98 4.6960e+22    1.06   sub
 614   3  18   5  1.50e+21   8.196     0.0821   0.0080   3.6766     4.098  9.607e+21     7.405      1    0  1.1734e-17  2.8632e-18  5.8023e-21     364.42    1339.84    40195.10 3.3267e+22    1.24   sub
 615   3  18   6  1.50e+21   8.802     0.0821   0.0102   2.9318     2.796  9.180e+21     7.120      1    0  6.1432e-18  2.1974e-18  5.0805e-21     521.93    1530.20    45906.04 2.3039e+22    1.57   sub
 616   3  18   7  1.50e+21   9.556     0.0821   0.0131   2.3547     2.081  8.525e+21     6.683      1    0  3.0680e-18  1.4740e-18  4.2902e-21     769.55    1812.06    54361.73 1.5535e+22    2.17   sub
 617   3  18   8  1.50e+21  10.436     0.0821   0.0168   1.9099     1.678  7.581e+21     6.054      1    0  1.4886e-18  8.8717e-19  3.5257e-21    1154.52    2205.02    66150.63 1.0396e+22    3.20   sub
 618   3  18   9  1.50e+21  11.358     0.0821   0.0214   1.5781     1.448  6.395e+21     5.263      1    0  7.3211e-19  5.0553e-19  2.8684e-21    1717.47    2710.26    81307.83 7.1454e+21    4.81   sub
 619   3  18  10  1.50e+21  12.324     0.0821   0.0274   1.3118     1.303  4.984e+21     4.323      1    0  3.5116e-19  2.6954e-19  2.2943e-21    2583.12    3388.47   101654.09 5.0060e+21    7.45   sub
 620   3  18  11  1.50e+21  13.225     0.0821   0.0350   1.1064     1.212  3.607e+21     3.405      1    0  1.7056e-19  1.4070e-19  1.8300e-21    3839.49    4248.15   127444.41 3.6866e+21   11.46   sub
 621   3  18  12  1.50e+21  13.796     0.0821   0.0448   0.9491     1.155  2.426e+21     2.617      1    0  8.1846e-20  7.0887e-20  1.4469e-21    5660.99    5373.07   161192.18 2.8487e+21   17.20   sub
 622   3  18  13  1.50e+21  13.796     0.0821   0.0572   0.8352     1.119  1.567e+21     2.045      1    0  3.9472e-20  3.5277e-20  1.1418e-21    8151.63    6808.43   204252.83 2.3328e+21   24.38   sub
 623   3  18  14  1.50e+21  13.796     0.0821   0.0732   0.7346     1.092  9.845e+20     1.656      1    0  1.8821e-20  1.7243e-20  8.9652e-22   11804.99    8671.46   260143.81 2.0100e+21   34.87   sub
 624   3  18  15  1.50e+21  13.796     0.0821   0.0936   0.6438     1.070  6.009e+20     1.401      1    0  8.7422e-21  8.1700e-21  6.9709e-22   17321.29   11152.31   334569.23 1.8067e+21   50.65   sub
 625   3  18  16  1.50e+21  13.796     0.0821   0.1196   0.5765     1.056  3.940e+20     1.263      1    0  4.5767e-21  4.3339e-21  5.6327e-22   23939.52   13801.84   414055.19 1.6995e+21   69.55   sub
 626   3  19   1  1.50e+21   6.803     0.1218   0.0030  19.3539   206.303  1.389e+22    10.257      1    0  1.2678e-16  6.1452e-19  3.9768e-21     101.01    1954.88    58646.26 1.2247e+23    1.36  deep
 627   3  19   2  1.50e+21   7.000     0.1218   0.0038  13.0845    81.764  1.405e+22    10.369      1    0  7.2649e-17  8.8853e-19  4.3897e-21     135.35    1770.98    53129.38 9.2862e+22    1.18  deep
 628   3  19   3  1.50e+21   7.235     0.1218   0.0049   9.3450    35.384  1.406e+22    10.373      1    0  4.3393e-17  1.2263e-18  4.6726e-21     178.04    1663.78    49913.48 7.1546e+22    1.06 super
 629   3  19   4  1.50e+21   7.547     0.1218   0.0063   6.8083    16.024  1.390e+22    10.267      1    0  2.4988e-17  1.5594e-18  4.7653e-21     239.62    1631.42    48942.55 5.3723e+22    1.00 super
 630   3  19   5  1.50e+21   7.923     0.1218   0.0080   5.2005     8.440  1.357e+22    10.047      1    0  1.4461e-17  1.7135e-18  4.6316e-21     322.75    1678.50    50354.86 4.0118e+22    1.03   sub
 631   3  19   6  1.50e+21   8.410     0.1218   0.0102   4.0464     4.929  1.301e+22     9.671      1    0  8.0058e-18  1.6242e-18  4.2990e-21     446.90    1808.36    54250.68 2.9029e+22    1.15   sub
 632   3  19   7  1.50e+21   9.022     0.1218   0.0131   3.2004     3.212  1.213e+22     9.089      1    0  4.2501e-18  1.3232e-18  3.8237e-21     635.28    2033.13    60994.02 2.0416e+22    1.42   sub
 633   3  19   8  1.50e+21   9.787     0.1218   0.0168   2.5502     2.298  1.083e+22     8.223      1    0  2.1319e-18  9.2791e-19  3.2631e-21     934.22    2382.42    71472.62 1.3913e+22    1.91   sub
 634   3  19   9  1.50e+21  10.643     0.1218   0.0214   2.0715     1.811  9.164e+21     7.109      1    0  1.0615e-18  5.8613e-19  2.7182e-21    1380.64    2859.99    85799.84 9.5235e+21    2.73   sub
 635   3  19  10  1.50e+21  11.569     0.1218   0.0274   1.7034     1.528  7.209e+21     5.806      1    0  5.2010e-19  3.4031e-19  2.2193e-21    2056.52    3503.01   105090.30 6.5922e+21    4.06   sub
 636   3  19  11  1.50e+21  12.542     0.1218   0.0350   1.4082     1.352  5.173e+21     4.449      1    0  2.4591e-19  1.8193e-19  1.7729e-21    3114.01    4385.06   131551.69 4.6388e+21    6.27   sub
 637   3  19  12  1.50e+21  13.412     0.1218   0.0448   1.1888     1.246  3.529e+21     3.353      1    0  1.2020e-19  9.6437e-20  1.4197e-21    4605.98    5475.81   164274.30 3.4680e+21    9.52   sub
 638   3  19  13  1.50e+21  13.796     0.1218   0.0572   1.0238     1.181  2.265e+21     2.510      1    0  5.6968e-20  4.8249e-20  1.1191e-21    6785.43    6946.76   208402.68 2.7047e+21   14.05   sub
 639   3  19  14  1.50e+21  13.796     0.1218   0.0732   0.8959     1.137  1.412e+21     1.942      1    0  2.6766e-20  2.3534e-20  8.7660e-22    9899.25    8868.54   266056.06 2.2316e+21   20.11   sub
 640   3  19  15  1.50e+21  13.796     0.1218   0.0936   0.7930     1.107  9.020e+20     1.601      1    0  1.3305e-20  1.2019e-20  6.9819e-22   14040.56   11134.70   334041.07 1.9607e+21   28.14   sub
 641   3  19  16  1.50e+21  13.796     0.1218   0.1196   0.7015     1.083  5.683e+20     1.379      1    0  6.5425e-21  6.0392e-21  5.5349e-22   20022.47   14045.66   421369.71 1.7879e+21   39.70   sub
 642   3  19  17  1.50e+21  13.796     0.1218   0.1529   0.6148     1.064  3.430e+20     1.229      1    0  3.0314e-21  2.8497e-21  4.2985e-22   29414.83   18085.56   542566.91 1.6728e+21   57.80   sub
 643   3  19  18  1.50e+21  13.796     0.1218   0.1955   0.5484     1.051  2.202e+20     1.147      1    0  1.5491e-21  1.4745e-21  3.4449e-22   41148.01   22566.83   677004.87 1.6106e+21   80.35   sub
 644   3  20   1  1.50e+21   6.783     0.1808   0.0030  32.8230   645.351  1.717e+22    12.446      1    0  1.3266e-16  2.0557e-19  2.4023e-21      98.59    3236.15    97084.63 1.2660e+23    1.58  deep
 645   3  20   2  1.50e+21   6.947     0.1808   0.0038  22.9734   302.794  1.780e+22    12.867      1    0  8.0480e-17  2.6579e-19  2.6415e-21     128.11    2943.04    88291.10 9.9375e+22    1.44  deep
 646   3  20   3  1.50e+21   7.170     0.1808   0.0049  15.4713   122.480  1.829e+22    13.192      1    0  4.6954e-17  3.8336e-19  2.9490e-21     170.39    2636.24    79087.07 7.6451e+22    1.26  deep
 647   3  20   4  1.50e+21   7.442     0.1808   0.0063  10.6699    49.355  1.844e+22    13.293      1    0  2.7599e-17  5.5919e-19  3.2179e-21     226.42    2415.92    72477.74 5.8797e+22    1.10 super
 648   3  20   5  1.50e+21   7.750     0.1808   0.0080   7.8038    22.492  1.824e+22    13.158      1    0  1.6717e-17  7.4325e-19  3.3555e-21     296.89    2316.84    69505.09 4.5625e+22    1.02 super
 649   3  20   6  1.50e+21   8.155     0.1808   0.0102   5.7939    10.849  1.762e+22    12.747      1    0  9.5975e-18  8.8467e-19  3.3384e-21     401.93    2328.74    69862.07 3.4187e+22    1.00   sub
 650   3  20   7  1.50e+21   8.650     0.1808   0.0131   4.4546     6.004  1.656e+22    12.038      1    0  5.3954e-18  8.9858e-19  3.1611e-21     552.08    2459.32    73779.66 2.5139e+22    1.09   sub
 651   3  20   8  1.50e+21   9.263     0.1808   0.0168   3.4960     3.739  1.496e+22    10.973      1    0  2.9124e-18  7.7901e-19  2.8597e-21     777.62    2718.52    81555.71 1.7989e+22    1.30   sub
 652   3  20   9  1.50e+21  10.016     0.1808   0.0214   2.7773     2.581  1.275e+22     9.503      1    0  1.4933e-18  5.7852e-19  2.4789e-21    1129.22    3136.17    94085.04 1.2516e+22    1.69   sub
 653   3  20  10  1.50e+21  10.867     0.1808   0.0274   2.2459     1.972  1.015e+22     7.767      1    0  7.4948e-19  3.8010e-19  2.0849e-21    1660.34    3728.87   111866.19 8.6820e+21    2.36   sub
 654   3  20  11  1.50e+21  11.792     0.1808   0.0350   1.8382     1.623  7.452e+21     5.968      1    0  3.6666e-19  2.2585e-19  1.7103e-21    2472.75    4545.51   136365.28 6.0663e+21    3.46   sub
 655   3  20  12  1.50e+21  12.735     0.1808   0.0448   1.5207     1.414  5.072e+21     4.381      1    0  1.7545e-19  1.2407e-19  1.3761e-21    3714.81    5649.24   169477.28 4.3423e+21    5.23   sub
 656   3  20  13  1.50e+21  13.611     0.1808   0.0572   1.2747     1.285  3.289e+21     3.193      1    0  8.3501e-20  6.4976e-20  1.0955e-21    5566.99    7096.13   212883.85 3.2538e+21    7.99   sub
 657   3  20  14  1.50e+21  13.796     0.1808   0.0732   1.1120     1.214  2.119e+21     2.413      1    0  4.1049e-20  3.3801e-20  8.7461e-22    7993.59    8888.74   266662.13 2.6004e+21   11.31   sub
 658   3  20  15  1.50e+21  13.796     0.1808   0.0936   0.9759     1.164  1.329e+21     1.886      1    0  1.9749e-20  1.6971e-20  6.9126e-22   11524.37   11246.37   337391.23 2.1794e+21   15.96   sub
 659   3  20  16  1.50e+21  13.796     0.1808   0.1196   0.8564     1.125  8.209e+20     1.547      1    0  9.3951e-21  8.3498e-21  5.4330e-22   16708.57   14309.23   429276.97 1.9158e+21   22.75   sub
 660   3  20  17  1.50e+21  13.796     0.1808   0.1529   0.7512     1.096  5.008e+20     1.334      1    0  4.4169e-21  4.0308e-21  4.2471e-22   24368.76   18304.81   549144.29 1.7523e+21   32.75   sub
 661   3  20  18  1.50e+21  13.796     0.1808   0.1955   0.6651     1.075  3.143e+20     1.210      1    0  2.1783e-21  2.0267e-21  3.3686e-22   34700.38   23078.28   692348.55 1.6579e+21   46.18   sub
 662   3  20  19  1.50e+21  13.796     0.1808   0.2500   0.5906     1.059  1.986e+20     1.132      1    0  1.0877e-21  1.0272e-21  2.6803e-22   49107.15   29004.47   870133.96 1.5996e+21   64.87   sub
 663   3  21   1  1.50e+21   6.728     0.2683   0.0030  59.0125  2032.937  1.875e+22    13.497      1    0  1.6091e-16  7.9153e-20  1.4776e-21      89.16    5261.37   157841.14 1.3977e+23    1.70  deep
 664   3  21   2  1.50e+21   6.949     0.2683   0.0038  36.8688   816.774  2.020e+22    14.466      1    0  7.8433e-17  9.6028e-20  1.6246e-21     129.79    4785.24   143557.14 9.9050e+22    1.62  deep
 665   3  21   3  1.50e+21   7.160     0.2683   0.0049  25.2892   373.207  2.125e+22    15.168      1    0  4.6605e-17  1.2488e-19  1.7987e-21     170.91    4322.15   129664.52 7.7292e+22    1.48  deep
 666   3  21   4  1.50e+21   7.349     0.2683   0.0063  18.7762   192.501  2.189e+22    15.594      1    0  3.1398e-17  1.6311e-19  1.9627e-21     210.95    3960.86   118825.73 6.4008e+22    1.35  deep
 667   3  21   5  1.50e+21   7.656     0.2683   0.0080  12.5132    73.288  2.232e+22    15.878      1    0  1.8143e-17  2.4755e-19  2.1934e-21     283.25    3544.30   106328.85 4.9124e+22    1.16  deep
 668   3  21   6  1.50e+21   8.006     0.2683   0.0102   8.7682    30.141  2.205e+22    15.697      1    0  1.0681e-17  3.5436e-19  2.3486e-21     377.52    3310.14    99304.06 3.7829e+22    1.04 super
 669   3  21   7  1.50e+21   8.400     0.2683   0.0131   6.5184    14.403  2.111e+22    15.075      1    0  6.4061e-18  4.4476e-19  2.3886e-21     499.31    3254.68    97640.43 2.9201e+22    1.00 super
 670   3  21   8  1.50e+21   8.922     0.2683   0.0168   4.8926     7.357  1.931e+22    13.873      1    0  3.5722e-18  4.8553e-19  2.3059e-21     689.08    3371.45   101143.45 2.1557e+22    1.05   sub
 671   3  21   9  1.50e+21   9.534     0.2683   0.0214   3.8113     4.386  1.681e+22    12.205      1    0  1.9620e-18  4.4739e-19  2.1222e-21     961.18    3663.33   109899.81 1.5703e+22    1.20   sub
 672   3  21  10  1.50e+21  10.263     0.2683   0.0274   3.0270     2.937  1.370e+22    10.133      1    0  1.0368e-18  3.5306e-19  1.8721e-21    1371.83    4152.53   124576.03 1.1207e+22    1.51   sub
 673   3  21  11  1.50e+21  11.104     0.2683   0.0350   2.4369     2.169  1.033e+22     7.887      1    0  5.2562e-19  2.4231e-19  1.5918e-21    2004.13    4883.77   146513.09 7.8930e+21    2.06   sub
 674   3  21  12  1.50e+21  12.027     0.2683   0.0448   1.9830     1.736  7.195e+21     5.797      1    0  2.5612e-19  1.4751e-19  1.3121e-21    2987.95    5925.00   177749.93 5.5666e+21    2.97   sub
 675   3  21  13  1.50e+21  12.927     0.2683   0.0572   1.6443     1.490  4.789e+21     4.193      1    0  1.2494e-19  8.3877e-20  1.0660e-21    4435.32    7292.91   218787.28 4.0684e+21    4.39   sub
 676   3  21  14  1.50e+21  13.768     0.2683   0.0732   1.3789     1.336  3.067e+21     3.045      1    0  5.9952e-20  4.4861e-20  8.5324e-22    6607.71    9111.29   273338.68 3.0960e+21    6.59   sub
 677   3  21  15  1.50e+21  13.796     0.2683   0.0936   1.2051     1.254  1.940e+21     2.294      1    0  2.9064e-20  2.3186e-20  6.7905e-22    9499.72   11448.51   343455.18 2.4930e+21    9.20   sub
 678   3  21  16  1.50e+21  13.796     0.2683   0.1196   1.0563     1.193  1.211e+21     1.807      1    0  1.3994e-20  1.1733e-20  5.3761e-22   13690.48   14460.58   433817.54 2.1140e+21   12.93   sub
 679   3  21  17  1.50e+21  13.796     0.2683   0.1529   0.9253     1.147  7.445e+20     1.496      1    0  6.6347e-21  5.7858e-21  4.2255e-22   19882.89   18398.29   551948.80 1.8752e+21   18.42   sub
 680   3  21  18  1.50e+21  13.796     0.2683   0.1955   0.8164     1.114  4.651e+20     1.310      1    0  3.2417e-21  2.9112e-21  3.3478e-22   28445.10   23221.63   696648.87 1.7337e+21   25.97   sub
 681   3  21  19  1.50e+21  13.796     0.2683   0.2500   0.7198     1.088  2.878e+20     1.192      1    0  1.5664e-21  1.4400e-21  2.6395e-22   40920.00   29453.38   883601.53 1.6443e+21   36.92   sub
 682   3  22   2  1.50e+21   6.949     0.3981   0.0038  57.8315  1956.875  2.141e+22    15.271      1    0  7.7627e-17  3.9669e-20  1.0304e-21     130.46    7544.73   226341.81 9.9083e+22    1.69  deep
 683   3  22   3  1.50e+21   7.077     0.3981   0.0049  46.4806  1289.005  2.224e+22    15.829      1    0  5.5696e-17  4.3209e-20  1.0761e-21     155.43    7224.56   216736.66 8.4716e+22    1.67  deep
 684   3  22   4  1.50e+21   7.345     0.3981   0.0063  30.5593   556.948  2.367e+22    16.777      1    0  3.0927e-17  5.5529e-20  1.1972e-21     212.49    6493.54   194806.24 6.4275e+22    1.56  deep
 685   3  22   5  1.50e+21   7.592     0.3981   0.0080  21.4647   260.511  2.452e+22    17.346      1    0  1.9452e-17  7.4669e-20  1.3295e-21     272.41    5847.25   175417.36 5.1713e+22    1.41  deep
 686   3  22   6  1.50e+21   7.926     0.3981   0.0102  14.1908    99.580  2.489e+22    17.595      1    0  1.1328e-17  1.1376e-19  1.5021e-21     364.71    5175.58   155267.29 4.0051e+22    1.22  deep
 687   3  22   7  1.50e+21   8.265     0.3981   0.0131  10.0874    42.880  2.444e+22    17.291      1    0  7.0183e-18  1.6367e-19  1.6288e-21     473.17    4773.06   143191.92 3.1813e+22    1.08 super
 688   3  22   8  1.50e+21   8.669     0.3981   0.0168   7.3701    19.500  2.308e+22    16.389      1    0  4.2536e-18  2.1813e-19  1.6946e-21     622.47    4587.68   137630.36 2.4864e+22    1.01 super
 689   3  22   9  1.50e+21   9.190     0.3981   0.0214   5.4576     9.430  2.061e+22    14.740      1    0  2.4143e-18  2.5603e-19  1.6745e-21     850.69    4642.71   139281.39 1.8684e+22    1.01   sub
 690   3  22  10  1.50e+21   9.806     0.3981   0.0274   4.1923     5.294  1.732e+22    12.544      1    0  1.3355e-18  2.5229e-19  1.5695e-21    1181.51    4953.27   148598.12 1.3786e+22    1.13   sub
 691   3  22  11  1.50e+21  10.530     0.3981   0.0350   3.3016     3.384  1.357e+22    10.046      1    0  7.1285e-19  2.1065e-19  1.4050e-21    1675.85    5533.02   165990.55 9.9876e+21    1.37   sub
 692   3  22  12  1.50e+21  11.355     0.3981   0.0448   2.6463     2.413  9.887e+21     7.592      1    0  3.6582e-19  1.5159e-19  1.2093e-21    2429.29    6428.67   192859.99 7.1551e+21    1.81   sub
 693   3  22  13  1.50e+21  12.236     0.3981   0.0572   2.1565     1.887  6.782e+21     5.521      1    0  1.8264e-19  9.6779e-20  1.0101e-21    3568.96    7696.37   230891.01 5.1648e+21    2.53   sub
 694   3  22  14  1.50e+21  13.120     0.3981   0.0732   1.7805     1.582  4.432e+21     3.955      1    0  8.8802e-20  5.6149e-20  8.2384e-22    5300.00    9436.48   283094.26 3.8158e+21    3.70   sub
 695   3  22  15  1.50e+21  13.796     0.3981   0.0936   1.4986     1.401  2.811e+21     2.874      1    0  4.2597e-20  3.0396e-20  6.6108e-22    7846.97   11759.83   352794.87 2.9408e+21    5.42   sub
 696   3  22  16  1.50e+21  13.796     0.3981   0.1196   1.3054     1.300  1.755e+21     2.170      1    0  2.0400e-20  1.5696e-20  5.2521e-22   11338.96   14802.11   444063.19 2.3904e+21    7.54   sub
 697   3  22  17  1.50e+21  13.796     0.3981   0.1529   1.1400     1.226  1.085e+21     1.723      1    0  9.7146e-21  7.9253e-21  4.1503e-22   16431.54   18731.33   561939.88 2.0471e+21   10.60   sub
 698   3  22  18  1.50e+21  13.796     0.3981   0.1955   1.0013     1.173  6.755e+20     1.450      1    0  4.7067e-21  4.0140e-21  3.2891e-22   23606.53   23636.12   709083.66 1.8394e+21   14.90   sub
 699   3  22  19  1.50e+21  13.796     0.3981   0.2500   0.8765     1.131  4.111e+20     1.274      1    0  2.2121e-21  1.9554e-21  2.5758e-22   34434.19   30181.54   905446.26 1.7061e+21   21.35   sub
 700   3  23   4  1.50e+21   7.243     0.5908   0.0063  56.0253  1842.910  2.403e+22    17.023      1    0  3.7699e-17  2.0456e-20  7.2601e-22     191.13   10708.05   321241.51 7.0907e+22    1.69  deep
 701   3  23   5  1.50e+21   7.515     0.5908   0.0080  38.4577   888.645  2.535e+22    17.900      1    0  2.1939e-17  2.4689e-20  7.9214e-22     255.19    9814.12   294423.74 5.5185e+22    1.63  deep
 702   3  23   6  1.50e+21   7.847     0.5908   0.0102  24.9669   363.015  2.623e+22    18.485      1    0  1.2395e-17  3.4144e-20  8.9749e-22     346.94    8662.10   259862.86 4.2406e+22    1.48  deep
 703   3  23   7  1.50e+21   8.145     0.5908   0.0131  17.5257   164.197  2.627e+22    18.516      1    0  7.8916e-18  4.8062e-20  1.0014e-21     442.98    7763.52   232905.73 3.4412e+22    1.32  deep
 704   3  23   8  1.50e+21   8.561     0.5908   0.0168  11.5103    59.618  2.527e+22    17.849      1    0  4.5144e-18  7.5721e-20  1.1248e-21     600.45    6911.38   207341.48 2.6489e+22    1.13 super
 705   3  23   9  1.50e+21   8.990     0.5908   0.0214   8.1986    25.456  2.329e+22    16.528      1    0  2.7146e-18  1.0664e-19  1.1950e-21     793.51    6505.64   195169.28 2.0766e+22    1.02 super
 706   3  23  10  1.50e+21   9.502     0.5908   0.0274   6.0430    11.993  2.031e+22    14.541      1    0  1.5844e-18  1.3212e-19  1.2048e-21    1067.78    6452.61   193578.15 1.5955e+22    1.00   sub
 707   3  23  11  1.50e+21  10.085     0.5908   0.0350   4.6476     6.574  1.677e+22    12.178      1    0  9.1264e-19  1.3882e-19  1.1540e-21    1449.47    6736.61   202098.32 1.2129e+22    1.07   sub
 708   3  23  12  1.50e+21  10.820     0.5908   0.0448   3.6003     3.943  1.271e+22     9.475      1    0  4.8364e-19  1.2267e-19  1.0470e-21    2062.42    7425.41   222762.28 8.8495e+21    1.26   sub
 709   3  23  13  1.50e+21  11.615     0.5908   0.0572   2.8803     2.722  9.139e+21     7.093      1    0  2.5349e-19  9.3120e-20  9.1450e-22    2951.48    8501.03   255030.79 6.4809e+21    1.61   sub
 710   3  23  14  1.50e+21  12.482     0.5908   0.0732   2.3325     2.058  6.166e+21     5.110      1    0  1.2644e-19  6.1423e-20  7.6933e-22    4332.35   10105.04   303151.08 4.7372e+21    2.21   sub
 711   3  23  15  1.50e+21  13.343     0.5908   0.0936   1.9177     1.684  3.984e+21     3.656      1    0  6.1283e-20  3.6391e-20  6.3007e-22    6434.00   12338.59   370157.55 3.5468e+21    3.17   sub
 712   3  23  16  1.50e+21  13.796     0.5908   0.1196   1.6329     1.482  2.555e+21     2.704      1    0  3.0217e-20  2.0385e-20  5.1099e-22    9316.78   15213.82   456414.73 2.7979e+21    4.46   sub
 713   3  23  17  1.50e+21  13.796     0.5908   0.1529   1.4166     1.356  1.585e+21     2.056      1    0  1.4361e-20  1.0590e-20  4.0609e-22   13514.35   19144.02   574320.49 2.2994e+21    6.18   sub
 714   3  23  18  1.50e+21  13.796     0.5908   0.1955   1.2391     1.269  9.914e+20     1.661      1    0  6.9781e-21  5.5003e-21  3.2361e-22   19387.49   24023.40   720702.11 1.9983e+21    8.58   sub
 715   3  23  19  1.50e+21  13.796     0.5908   0.2500   1.0871     1.205  6.179e+20     1.412      1    0  3.3883e-21  2.8128e-21  2.5704e-22   27822.88   30245.46   907363.77 1.8099e+21   12.00   sub
 716   3  24   5  1.50e+21   7.576     0.8767   0.0080  55.7070  1823.124  2.619e+22    18.457      1    0  1.9390e-17  1.0635e-20  5.1201e-22     272.56   15183.59   455507.72 5.2404e+22    1.69  deep
 717   3  24   6  1.50e+21   7.854     0.8767   0.0102  39.7985   951.243  2.696e+22    18.971      1    0  1.2046e-17  1.2664e-20  5.5480e-22     352.08   14012.42   420372.53 4.2188e+22    1.64  deep
 718   3  24   7  1.50e+21   8.126     0.8767   0.0131  28.9194   496.394  2.714e+22    19.090      1    0  7.9033e-18  1.5921e-20  6.0800e-22     442.14   12786.47   383594.22 3.4845e+22    1.54  deep
 719   3  24   8  1.50e+21   8.450     0.8767   0.0168  20.1653   226.443  2.662e+22    18.748      1    0  5.0069e-18  2.2111e-20  6.8060e-22     566.44   11422.42   342672.69 2.8326e+22    1.38  deep
 720   3  24   9  1.50e+21   8.866     0.8767   0.0214  13.3438    85.774  2.498e+22    17.656      1    0  2.9469e-18  3.4357e-20  7.7033e-22     756.31   10092.01   302760.40 2.2230e+22    1.19  deep
 721   3  24  10  1.50e+21   9.300     0.8767   0.0274   9.3805    35.723  2.250e+22    16.001      1    0  1.7931e-18  5.0193e-20  8.3456e-22     993.04    9315.24   279457.08 1.7650e+22    1.06 super
 722   3  24  11  1.50e+21   9.824     0.8767   0.0350   6.7551    15.718  1.910e+22    13.734      1    0  1.0449e-18  6.6476e-20  8.6077e-22    1337.01    9031.63   270948.93 1.3669e+22    1.00 super
 723   3  24  12  1.50e+21  10.414     0.8767   0.0448   5.1078     8.102  1.538e+22    11.257      1    0  6.0238e-19  7.4352e-20  8.3953e-22    1812.94    9260.12   277803.74 1.0496e+22    1.03   sub
 724   3  24  13  1.50e+21  11.107     0.8767   0.0572   3.9586     4.720  1.161e+22     8.737      1    0  3.3082e-19  7.0093e-20  7.7728e-22    2526.58   10001.79   300053.57 7.8822e+21    1.17   sub
 725   3  24  14  1.50e+21  11.878     0.8767   0.0732   3.1472     3.125  8.279e+21     6.520      1    0  1.7549e-19  5.6157e-20  6.8859e-22    3587.28   11289.97   338699.20 5.8766e+21    1.45   sub
 726   3  24  15  1.50e+21  12.714     0.8767   0.0936   2.5383     2.284  5.570e+21     4.714      1    0  8.8422e-20  3.8719e-20  5.8578e-22    5228.50   13271.41   398142.25 4.3735e+21    1.93   sub
 727   3  24  16  1.50e+21  13.517     0.8767   0.1196   2.0920     1.829  3.642e+21     3.428      1    0  4.4001e-20  2.4056e-20  4.8625e-22    7642.42   15988.00   479640.10 3.3531e+21    2.68   sub
 728   3  24  17  1.50e+21  13.796     0.8767   0.1529   1.7825     1.583  2.311e+21     2.541      1    0  2.1412e-20  1.3526e-20  3.9405e-22   11067.87   19728.86   591865.69 2.6671e+21    3.69   sub
 729   3  24  18  1.50e+21  13.796     0.8767   0.1955   1.5416     1.426  1.433e+21     1.955      1    0  1.0185e-20  7.1407e-21  3.1424e-22   16047.39   24739.32   742179.64 2.2205e+21    5.07   sub
 730   3  24  19  1.50e+21  13.796     0.8767   0.2500   1.3453     1.319  8.963e+20     1.598      1    0  4.9470e-21  3.7496e-21  2.5097e-22   23026.19   30976.19   929285.73 1.9496e+21    7.00   sub
 731   3  25   7  1.50e+21   8.102     1.3010   0.0131  47.3527  1336.186  2.760e+22    19.402      1    0  8.0804e-18  6.0474e-21  3.7602e-22     436.61   20674.86   620245.91 3.5421e+22    1.67  deep
 732   3  25   8  1.50e+21   8.442     1.3010   0.0168  32.8575   646.741  2.717e+22    19.115      1    0  4.9472e-18  7.6495e-21  4.1538e-22     569.60   18715.70   561470.91 2.8453e+22    1.58  deep
 733   3  25   9  1.50e+21   8.808     1.3010   0.0214  22.4695   288.351  2.586e+22    18.241      1    0  3.0572e-18  1.0602e-20  4.6749e-22     740.09   16629.44   498883.12 2.2967e+22    1.43  deep
 734   3  25  10  1.50e+21   9.182     1.3010   0.0274  15.6582   126.024  2.384e+22    16.892      1    0  1.9415e-18  1.5406e-20  5.2359e-22     948.25   14847.80   445434.09 1.8756e+22    1.26  deep
 735   3  25  11  1.50e+21   9.638     1.3010   0.0350  10.7364    50.128  2.088e+22    14.919      1    0  1.1706e-18  2.3352e-20  5.7874e-22    1251.14   13432.80   402984.06 1.4935e+22    1.10 super
 736   3  25  12  1.50e+21  10.166     1.3010   0.0448   7.5905    20.987  1.733e+22    12.551      1    0  6.8572e-19  3.2674e-20  6.1005e-22    1678.87   12743.54   382306.30 1.1699e+22    1.01 super
 737   3  25  13  1.50e+21  10.739     1.3010   0.0572   5.6845    10.371  1.380e+22    10.199      1    0  4.0245e-19  3.8804e-20  6.0718e-22    2252.38   12803.66   384109.88 9.1510e+21    1.01   sub
 738   3  25  14  1.50e+21  11.415     1.3010   0.0732   4.3583     5.735  1.032e+22     7.883      1    0  2.2352e-19  3.8974e-20  5.7243e-22    3116.09   13580.92   407427.68 6.9905e+21    1.10   sub
 739   3  25  15  1.50e+21  12.148     1.3010   0.0936   3.4520     3.655  7.389e+21     5.926      1    0  1.2106e-19  3.3117e-20  5.1560e-22    4367.87   15077.78   452333.41 5.3296e+21    1.31   sub
 740   3  25  16  1.50e+21  12.945     1.3010   0.1196   2.7723     2.575  4.989e+21     4.326      1    0  6.1785e-20  2.3997e-20  4.4431e-22    6311.40   17497.24   524917.19 4.0449e+21    1.70   sub
 741   3  25  17  1.50e+21  13.716     1.3010   0.1529   2.2732     1.999  3.258e+21     3.172      1    0  3.0758e-20  1.5390e-20  3.7143e-22    9207.73   20930.58   627917.36 3.1471e+21    2.31   sub
 742   3  25  18  1.50e+21  13.796     1.3010   0.1955   1.9413     1.703  2.052e+21     2.368      1    0  1.4826e-20  8.7077e-21  3.0108e-22   13300.70   25821.03   774630.88 2.5325e+21    3.10   sub
 743   3  25  19  1.50e+21  13.796     1.3010   0.2500   1.6830     1.515  1.298e+21     1.866      1    0  7.2719e-21  4.8007e-21  2.4322e-22   18991.82   31963.17   958895.17 2.1516e+21    4.17   sub
 744   3  26   8  1.50e+21   8.440     1.9307   0.0168  52.0807  1604.054  2.748e+22    19.317      1    0  4.9018e-18  3.0559e-21  2.6089e-22     572.15   29798.18   893945.52 2.8495e+22    1.69  deep
 745   3  26   9  1.50e+21   8.713     1.9307   0.0214  39.8054   951.573  2.659e+22    18.729      1    0  3.3916e-18  3.5643e-21  2.7946e-22     698.86   27818.43   834552.76 2.4239e+22    1.64  deep
 746   3  26  10  1.50e+21   9.146     1.9307   0.0274  26.0662   398.281  2.440e+22    17.265      1    0  1.9678e-18  4.9408e-21  3.1727e-22     940.03   24503.03   735090.90 1.9114e+22    1.49  deep
 747   3  26  11  1.50e+21   9.500     1.9307   0.0350  18.7026   190.775  2.214e+22    15.762      1    0  1.3014e-18  6.8216e-21  3.5283e-22    1178.11   22033.60   661008.07 1.5967e+22    1.35  deep
 748   3  26  12  1.50e+21  10.005     1.9307   0.0448  12.2453    69.486  1.869e+22    13.460      1    0  7.5287e-19  1.0835e-20  3.9941e-22    1589.53   19464.32   583929.47 1.2576e+22    1.16  deep
 749   3  26  13  1.50e+21  10.505     1.9307   0.0572   8.6799    29.382  1.540e+22    11.269      1    0  4.5636e-19  1.5532e-20  4.2812e-22    2092.04   18158.60   544757.88 1.0093e+22    1.04 super
 750   3  26  14  1.50e+21  11.107     1.9307   0.0732   6.2782    13.148  1.196e+22     8.971      1    0  2.6077e-19  1.9834e-20  4.3515e-22    2845.64   17865.46   535963.81 7.8849e+21    1.00   sub
 751   3  26  15  1.50e+21  11.746     1.9307   0.0936   4.7980     7.047  8.979e+21     6.986      1    0  1.4858e-19  2.1085e-20  4.1793e-22    3876.96   18601.48   558044.54 6.1693e+21    1.05   sub
 752   3  26  16  1.50e+21  12.441     1.9307   0.1196   3.7807     4.319  6.459e+21     5.306      1    0  8.1857e-20  1.8953e-20  3.8251e-22    5375.63   20323.89   609716.60 4.8041e+21    1.21   sub
 753   3  26  17  1.50e+21  13.183     1.9307   0.1529   3.0332     2.946  4.417e+21     3.944      1    0  4.2777e-20  1.4520e-20  3.3483e-22    7654.70   23217.90   696536.94 3.7368e+21    1.51   sub
 754   3  26  18  1.50e+21  13.796     1.9307   0.1955   2.4940     2.233  2.905e+21     2.937      1    0  2.1563e-20  9.6570e-21  2.8263e-22   11029.10   27506.15   825184.46 2.9631e+21    1.98   sub
 755   3  26  19  1.50e+21  13.796     1.9307   0.2500   2.1359     1.868  1.859e+21     2.239      1    0  1.0639e-20  5.6944e-21  2.3181e-22   15701.46   33536.22  1006086.50 2.4333e+21    2.58   sub
 756   3  27   9  1.50e+21   8.766     2.8651   0.0214  59.1304  2040.601  2.656e+22    18.704      1    0  3.1317e-18  1.5347e-21  1.8023e-22     729.49   43135.18  1294055.48 2.3518e+22    1.70  deep
 757   3  27  10  1.50e+21   8.988     2.8651   0.0274  48.3071  1388.616  2.548e+22    17.985      1    0  2.3551e-18  1.6960e-21  1.8893e-22     851.81   41148.35  1234450.63 2.0793e+22    1.68  deep
 758   3  27  11  1.50e+21   9.500     2.8651   0.0350  30.2511   545.341  2.233e+22    15.890      1    0  1.2711e-18  2.3308e-21  2.1559e-22    1192.04   36060.54  1081816.15 1.5971e+22    1.55  deep
 759   3  27  12  1.50e+21   9.903     2.8651   0.0448  21.0395   249.119  1.957e+22    14.044      1    0  8.0740e-19  3.2410e-21  2.4197e-22    1527.09   32129.22   963876.47 1.3177e+22    1.40  deep
 760   3  27  13  1.50e+21  10.396     2.8651   0.0572  13.9455    95.470  1.624e+22    11.829      1    0  4.7940e-19  5.0215e-21  2.7454e-22    2030.53   28316.68   849500.28 1.0575e+22    1.21  deep
 761   3  27  14  1.50e+21  10.891     2.8651   0.0732   9.8003    39.881  1.323e+22     9.823      1    0  2.9347e-19  7.3588e-21  2.9864e-22    2656.23   26031.90   780956.91 8.5983e+21    1.07 super
 762   3  27  15  1.50e+21  11.442     2.8651   0.0936   7.1266    17.939  1.038e+22     7.922      1    0  1.7504e-19  9.7577e-21  3.0943e-22    3525.34   25123.82   753714.52 6.9193e+21    1.00 super
 763   3  27  16  1.50e+21  12.057     2.8651   0.1196   5.3695     9.081  7.809e+21     6.206      1    0  1.0070e-19  1.1089e-20  3.0345e-22    4771.20   25618.86   768565.75 5.5052e+21    1.02   sub
 764   3  27  17  1.50e+21  12.729     2.8651   0.1529   4.1732     5.245  5.619e+21     4.746      1    0  5.5564e-20  1.0594e-20  2.8227e-22    6599.60   27541.65   826249.41 4.3509e+21    1.13   sub
 765   3  27  18  1.50e+21  13.431     2.8651   0.1955   3.3231     3.422  3.864e+21     3.576      1    0  2.9266e-20  8.5534e-21  2.5045e-22    9340.88   31040.37   931211.17 3.4478e+21    1.36   sub
 766   3  27  19  1.50e+21  13.796     2.8651   0.2500   2.7528     2.549  2.565e+21     2.710      1    0  1.4971e-20  5.8734e-21  2.1336e-22   13236.19   36436.57  1093097.18 2.7884e+21    1.71   sub
 767   3  28  11  1.50e+21   9.314     4.2518   0.0350  56.3408  1862.608  2.366e+22    16.772      1    0  1.5631e-18  8.3921e-22  1.2964e-22    1064.36   59967.04  1799011.24 1.7527e+22    1.69  deep
 768   3  28  12  1.50e+21   9.788     4.2518   0.0448  37.5514   847.339  2.046e+22    14.640      1    0  8.9953e-19  1.0616e-21  1.4393e-22    1438.35   54012.06  1620361.80 1.3902e+22    1.62  deep
 769   3  28  13  1.50e+21  10.291     4.2518   0.0572  24.3188   342.904  1.702e+22    12.346      1    0  5.1772e-19  1.5098e-21  1.6444e-22    1944.07   47277.40  1418321.98 1.1068e+22    1.47  deep
 770   3  28  14  1.50e+21  10.723     4.2518   0.0732  16.9604   152.117  1.428e+22    10.522      1    0  3.2977e-19  2.1679e-21  1.8435e-22    2486.45   42171.16  1265134.78 9.2101e+21    1.30  deep
 771   3  28  15  1.50e+21  11.260     4.2518   0.0936  11.3428    57.486  1.132e+22     8.546      1    0  1.9319e-19  3.3607e-21  2.0589e-22    3328.91   37759.09  1132772.57 7.4228e+21    1.12 super
 772   3  28  16  1.50e+21  11.830     4.2518   0.1196   7.9685    23.701  8.727e+21     6.818      1    0  1.1242e-19  4.7431e-21  2.1811e-22    4472.96   35642.97  1069289.07 5.9820e+21    1.02 super
 773   3  28  17  1.50e+21  12.404     4.2518   0.1529   5.9768    11.681  6.629e+21     5.419      1    0  6.6167e-20  5.6646e-21  2.1787e-22    5970.05   35681.71  1070451.21 4.8679e+21    1.00   sub
 774   3  28  18  1.50e+21  13.012     4.2518   0.1955   4.6443     6.564  4.865e+21     4.243      1    0  3.7762e-20  5.7527e-21  2.0681e-22    8094.05   37591.13  1127733.80 3.9553e+21    1.07   sub
 775   3  28  19  1.50e+21  13.671     4.2518   0.2500   3.6631     4.070  3.368e+21     3.245      1    0  2.0032e-20  4.9217e-21  1.8632e-22   11390.73   41725.11  1251753.28 3.1928e+21    1.24   sub
 776   3  29  12  1.50e+21   9.872     6.3096   0.0448  55.0066  1779.898  1.993e+22    14.289      1    0  8.0950e-19  4.5480e-22  9.2818e-23    1522.67   83756.84  2512705.13 1.3371e+22    1.69  deep
 777   3  29  13  1.50e+21  10.216     6.3096   0.0572  41.6222  1039.204  1.757e+22    12.712      1    0  5.5204e-19  5.3122e-22  9.9575e-23    1875.76   78073.31  2342199.19 1.1440e+22    1.65  deep
 778   3  29  14  1.50e+21  10.716     6.3096   0.0732  27.5354   447.634  1.437e+22    10.579      1    0  3.2344e-19  7.2256e-22  1.1249e-22    2509.78   69107.67  2073230.07 9.2386e+21    1.52  deep
 779   3  29  15  1.50e+21  11.122     6.3096   0.0936  19.7029   214.857  1.206e+22     9.043      1    0  2.1249e-19  9.8897e-22  1.2507e-22    3154.67   62156.08  1864682.26 7.8359e+21    1.37  deep
 780   3  29  16  1.50e+21  11.657     6.3096   0.1196  13.0436    81.140  9.479e+21     7.320      1    0  1.2440e-19  1.5331e-21  1.4120e-22    4220.99   55056.94  1651708.13 6.3778e+21    1.18  deep
 781   3  29  17  1.50e+21  12.191     6.3096   0.1529   9.1351    33.417  7.368e+21     5.912      1    0  7.4013e-20  2.2148e-21  1.5207e-22    5596.18   51121.79  1533653.78 5.2472e+21    1.05 super
 782   3  29  18  1.50e+21  12.746     6.3096   0.1955   6.7196    15.516  5.595e+21     4.730      1    0  4.3507e-20  2.8040e-21  1.5502e-22    7463.16   50149.17  1504475.08 4.3261e+21    1.00 super
 783   3  29  19  1.50e+21  13.324     6.3096   0.2500   5.1410     8.222  4.113e+21     3.742      1    0  2.4815e-20  3.0183e-21  1.4966e-22   10103.79   51943.71  1558311.45 3.5687e+21    1.03   sub
 784   3  30  14  1.50e+21  10.676     9.3633   0.0732  45.4424  1233.762  1.463e+22    10.753      1    0  3.3238e-19  2.6940e-22  6.9229e-23    2471.18  112296.22  3368886.53 9.3934e+21    1.66  deep
 785   3  30  15  1.50e+21  11.020     9.3633   0.0936  34.6088   718.934  1.264e+22     9.424      1    0  2.3125e-19  3.2166e-22  7.4628e-23    3009.96  104171.33  3125139.85 8.1634e+21    1.60  deep
 786   3  30  16  1.50e+21  11.530     9.3633   0.1196  22.9013   300.708  1.006e+22     7.710      1    0  1.3647e-19  4.5383e-22  8.4700e-23    4007.82   91784.47  2753534.20 6.6919e+21    1.44  deep
 787   3  30  17  1.50e+21  12.057     9.3633   0.1529  15.0971   115.539  7.868e+21     6.245      1    0  7.9927e-20  6.9178e-22  9.6152e-23    5355.47   80852.34  2425570.23 5.5056e+21    1.25  deep
 788   3  30  18  1.50e+21  12.550     9.3633   0.1955  10.6025    48.579  6.184e+21     5.123      1    0  4.8764e-20  1.0038e-21  1.0482e-22    6995.12   74166.06  2224981.90 4.6261e+21    1.10 super
 789   3  30  19  1.50e+21  13.092     9.3633   0.2500   7.5941    21.011  4.673e+21     4.116      1    0  2.8306e-20  1.3472e-21  1.0917e-22    9377.29   71211.98  2136359.34 3.8517e+21    1.01 super
 790   3  31  15  1.50e+21  11.055    13.8950   0.0936  53.1054  1664.767  1.245e+22     9.298      1    0  2.2016e-19  1.3224e-22  4.7379e-23    3089.81  164085.67  4922570.06 8.0488e+21    1.69  deep
 791   3  31  16  1.50e+21  11.527    13.8950   0.1196  37.0009   822.652  1.008e+22     7.719      1    0  1.3423e-19  1.6317e-22  5.1998e-23    4040.70  149509.36  4485280.74 6.6978e+21    1.62  deep
 792   3  31  17  1.50e+21  11.986    13.8950   0.1529  25.6502   384.769  8.141e+21     6.427      1    0  8.3360e-20  2.1665e-22  5.7966e-23    5228.61  134115.19  4023455.77 5.6487e+21    1.49  deep
 793   3  31  18  1.50e+21  12.398    13.8950   0.1955  18.4015   183.794  6.672e+21     5.448      1    0  5.4414e-20  2.9606e-22  6.4188e-23    6581.78  121114.83  3633444.84 4.8776e+21    1.34  deep
 794   3  31  19  1.50e+21  12.935    13.8950   0.2500  12.1715    68.458  5.080e+21     4.387      1    0  3.1081e-20  4.5402e-22  7.1804e-23    8895.23  108268.54  3248056.20 4.0580e+21    1.15  deep
 795   3  32  17  1.50e+21  11.860    20.6199   0.1529  45.3446  1228.610  8.635e+21     6.756      1    0  9.3621e-20  7.6201e-23  3.4934e-23    4907.71  222537.87  6676136.11 5.9154e+21    1.66  deep
 796   3  32  18  1.50e+21  12.359    20.6199   0.1955  30.6989   562.240  6.798e+21     5.532      1    0  5.5337e-20  9.8422e-23  3.8862e-23    6516.38  200045.86  6001375.67 4.9449e+21    1.56  deep
 797   3  32  19  1.50e+21  12.825    20.6199   0.2500  20.9404   246.500  5.377e+21     4.585      1    0  3.3607e-20  1.3634e-22  4.3584e-23    8518.05  178371.67  5351149.97 4.2107e+21    1.40  deep
 798   3  33  19  1.50e+21  12.721    30.5995   0.2500  36.8295   815.025  5.664e+21     4.776      1    0  3.6910e-20  4.5287e-23  2.6077e-23    8094.78  298126.49  8943794.70 4.3630e+21    1.62  deep
 799   4   8   1  3.00e+21  10.744     0.0016   0.0030   0.5733     1.055  2.085e+20     1.069      1    0  5.6116e-18  5.3172e-18  4.4951e-20     603.32     345.90    10376.89 9.1331e+21   70.68   sub
 800   4   9   1  3.00e+21  10.147     0.0024   0.0030   0.7175     1.087  3.090e+20     1.103      1    0  7.9604e-18  7.3215e-18  4.4020e-20     492.29     353.21    10596.33 1.1797e+22   37.25   sub
 801   4   9   2  3.00e+21  10.955     0.0024   0.0038   0.6073     1.062  3.071e+20     1.102      1    0  3.7891e-18  3.5671e-18  3.4530e-20     741.40     450.28    13508.48 8.3794e+21   59.87   sub
 802   4   9   3  3.00e+21  11.697     0.0024   0.0049   0.5175     1.045  3.037e+20     1.101      1    0  1.8003e-18  1.7227e-18  2.7031e-20    1111.46     575.19    17255.80 6.2826e+21   95.06   sub
 803   4  10   1  3.00e+21   9.559     0.0035   0.0030   0.9008     1.139  4.581e+20     1.153      1    0  1.1193e-17  9.8279e-18  4.2833e-20     402.95     363.00    10889.87 1.5517e+22   19.81   sub
 804   4  10   2  3.00e+21  10.377     0.0035   0.0038   0.7582     1.098  4.550e+20     1.152      1    0  5.3240e-18  4.8504e-18  3.3685e-20     608.74     461.58    13847.30 1.0664e+22   31.90   sub
 805   4  10   3  3.00e+21  11.149     0.0035   0.0049   0.6454     1.070  4.503e+20     1.150      1    0  2.5887e-18  2.4185e-18  2.6623e-20     904.88     584.02    17520.67 7.7547e+21   50.30   sub
 806   4  10   4  3.00e+21  11.778     0.0035   0.0063   0.5620     1.053  4.435e+20     1.148      1    0  1.3560e-18  1.2875e-18  2.1529e-20    1285.09     722.21    21666.44 6.0965e+21   74.87   sub
 807   4  11   1  3.00e+21   8.927     0.0052   0.0030   1.1553     1.232  6.794e+20     1.226      1    0  1.6748e-17  1.3592e-17  4.2274e-20     318.35     367.80    11033.99 2.1488e+22   10.25   sub
 808   4  11   2  3.00e+21   9.687     0.0052   0.0038   0.9735     1.163  6.756e+20     1.225      1    0  8.2164e-18  7.0656e-18  3.3734e-20     473.44     460.92    13827.45 1.4587e+22   16.06   sub
 809   4  11   3  3.00e+21  10.487     0.0052   0.0049   0.8218     1.115  6.685e+20     1.223      1    0  3.9690e-18  3.5594e-18  2.6693e-20     708.76     582.48    17474.38 1.0173e+22   25.49   sub
 810   4  11   4  3.00e+21  11.249     0.0052   0.0063   0.6996     1.083  6.568e+20     1.219      1    0  1.9319e-18  1.7840e-18  2.1122e-20    1052.16     736.12    22083.53 7.4553e+21   40.00   sub
 811   4  11   5  3.00e+21  11.939     0.0052   0.0080   0.5989     1.060  6.386e+20     1.213      1    0  9.3174e-19  8.7859e-19  1.6633e-20    1560.81     934.78    28043.52 5.7476e+21   62.32   sub
 812   4  11   6  3.00e+21  12.542     0.0052   0.0102   0.5116     1.044  6.082e+20     1.203      1    0  4.2772e-19  4.0970e-19  1.2871e-20    2361.19    1208.00    36239.94 4.6385e+21   98.28   sub
 813   4  12   1  3.00e+21   8.353     0.0077   0.0030   1.4941     1.399  1.009e+21     1.336      1    0  2.4967e-17  1.7849e-17  4.1261e-20     252.21     376.83    11304.89 3.0077e+22    5.45   sub
 814   4  12   2  3.00e+21   9.077     0.0077   0.0038   1.2442     1.271  1.002e+21     1.334      1    0  1.2006e-17  9.4463e-18  3.2962e-20     379.13     471.70    14151.04 1.9824e+22    8.49   sub
 815   4  12   3  3.00e+21   9.862     0.0077   0.0049   1.0424     1.188  9.912e+20     1.330      1    0  5.7846e-18  4.8710e-18  2.6198e-20     569.33     593.48    17804.50 1.3431e+22   13.39   sub
 816   4  12   4  3.00e+21  10.689     0.0077   0.0063   0.8741     1.131  9.725e+20     1.324      1    0  2.7170e-18  2.4033e-18  2.0568e-20     864.84     755.95    22678.44 9.3433e+21   21.51   sub
 817   4  12   5  3.00e+21  11.435     0.0077   0.0080   0.7444     1.094  9.450e+20     1.315      1    0  1.3206e-18  1.2071e-18  1.6279e-20    1283.05     955.12    28653.71 6.9383e+21   33.59   sub
 818   4  12   6  3.00e+21  12.135     0.0077   0.0102   0.6317     1.067  8.987e+20     1.300      1    0  6.0732e-19  5.6897e-19  1.2628e-20    1949.09    1231.30    36938.97 5.3539e+21   53.48   sub
 819   4  12   7  3.00e+21  12.592     0.0077   0.0131   0.5578     1.052  8.450e+20     1.282      1    0  3.2673e-19  3.1047e-19  1.0298e-20    2706.88    1509.77    45293.05 4.5601e+21   76.53   sub
 820   4  13   1  3.00e+21   7.878     0.0114   0.0030   1.9422     1.703  1.496e+21     1.499      1    0  3.5999e-17  2.1134e-17  3.9247e-20     203.98     396.17    11885.02 4.1460e+22    3.09   sub
 821   4  13   2  3.00e+21   8.502     0.0114   0.0038   1.6118     1.469  1.485e+21     1.495      1    0  1.7742e-17  1.2078e-17  3.1959e-20     301.84     486.51    14595.19 2.7443e+22    4.59   sub
 822   4  13   3  3.00e+21   9.239     0.0114   0.0049   1.3380     1.316  1.469e+21     1.490      1    0  8.5281e-18  6.4818e-18  2.5604e-20     453.85     607.26    18217.89 1.8210e+22    7.09   sub
 823   4  13   4  3.00e+21  10.030     0.0114   0.0063   1.1189     1.217  1.443e+21     1.481      1    0  4.1028e-18  3.3707e-18  2.0381e-20     681.77     762.87    22885.96 1.2432e+22   11.13   sub
 824   4  13   5  3.00e+21  10.823     0.0114   0.0080   0.9433     1.153  1.401e+21     1.467      1    0  1.9772e-18  1.7153e-18  1.6156e-20    1020.17     962.38    28871.30 8.8389e+21   17.48   sub
 825   4  13   6  3.00e+21  11.563     0.0114   0.0102   0.8019     1.109  1.338e+21     1.446      1    0  9.5278e-19  8.5879e-19  1.2764e-20    1519.04    1218.12    36543.47 6.6068e+21   27.29   sub
 826   4  13   7  3.00e+21  12.193     0.0114   0.0131   0.6893     1.080  1.246e+21     1.415      1    0  4.6524e-19  4.3061e-19  1.0105e-20    2232.21    1538.64    46159.33 5.2443e+21   41.72   sub
 827   4  13   8  3.00e+21  12.703     0.0114   0.0168   0.5964     1.060  1.115e+21     1.372      1    0  2.2585e-19  2.1307e-19  7.9720e-21    3270.11    1950.37    58511.05 4.3898e+21   63.07   sub
 828   4  13   9  3.00e+21  13.109     0.0114   0.0214   0.5144     1.044  9.295e+20     1.310      1    0  1.0395e-19  9.9521e-20  6.1731e-21    4896.57    2518.71    75561.24 3.8301e+21   96.75   sub
 829   4  14   1  3.00e+21   7.487     0.0169   0.0030   2.5723     2.324  2.217e+21     1.739      1    0  5.1327e-17  2.2090e-17  3.6297e-20     166.53     428.36    12850.85 5.6533e+22    1.89   sub
 830   4  14   2  3.00e+21   8.007     0.0169   0.0038   2.1146     1.849  2.202e+21     1.734      1    0  2.5818e-17  1.3962e-17  3.0280e-20     242.83     513.49    15404.62 3.7797e+22    2.63   sub
 831   4  14   3  3.00e+21   8.656     0.0169   0.0049   1.7414     1.554  2.177e+21     1.726      1    0  1.2613e-17  8.1159e-18  2.4720e-20     361.20     628.98    18869.50 2.5052e+22    3.87   sub
 832   4  14   4  3.00e+21   9.413     0.0169   0.0063   1.4377     1.367  2.136e+21     1.712      1    0  6.0114e-18  4.3960e-18  1.9821e-20     545.63     784.43    23533.02 1.6673e+22    5.97   sub
 833   4  14   5  3.00e+21  10.197     0.0169   0.0080   1.2026     1.252  2.075e+21     1.692      1    0  2.9151e-18  2.3276e-18  1.5853e-20     815.53     980.79    29423.56 1.1535e+22    9.25   sub
 834   4  14   6  3.00e+21  11.000     0.0169   0.0102   1.0093     1.175  1.978e+21     1.659      1    0  1.3807e-18  1.1746e-18  1.2517e-20    1230.71    1242.18    37265.51 8.2289e+21   14.59   sub
 835   4  14   7  3.00e+21  11.716     0.0169   0.0131   0.8589     1.126  1.837e+21     1.612      1    0  6.6758e-19  5.9291e-19  9.9098e-21    1826.66    1568.98    47069.40 6.2392e+21   22.57   sub
 836   4  14   8  3.00e+21  12.327     0.0169   0.0168   0.7371     1.092  1.638e+21     1.546      1    0  3.2227e-19  2.9506e-19  7.8216e-21    2696.73    1987.86    59635.80 5.0013e+21   34.53   sub
 837   4  14   9  3.00e+21  12.845     0.0169   0.0214   0.6298     1.067  1.354e+21     1.451      1    0  1.4586e-19  1.3670e-19  6.0336e-21    4091.81    2576.97    77309.18 4.1834e+21   53.95   sub
 838   4  14  10  3.00e+21  13.143     0.0169   0.0274   0.5605     1.053  1.099e+21     1.366      1    0  7.8891e-20  7.4926e-20  4.9286e-21    5628.01    3154.72    94641.46 3.7870e+21   75.43   sub
 839   4  15   1  3.00e+21   7.195     0.0251   0.0030   3.4935     3.734  3.278e+21     2.093      1    0  7.0521e-17  1.8886e-17  3.1955e-20     139.28     486.57    14597.13 7.4491e+22    1.30   sub
 840   4  15   2  3.00e+21   7.625     0.0251   0.0038   2.8095     2.625  3.256e+21     2.085      1    0  3.5809e-17  1.3644e-17  2.7505e-20     201.21     565.29    16958.78 5.0353e+22    1.66   sub
 841   4  15   3  3.00e+21   8.171     0.0251   0.0049   2.2869     2.012  3.219e+21     2.073      1    0  1.7936e-17  8.9131e-18  2.3101e-20     294.31     673.06    20191.81 3.3816e+22    2.28   sub
 842   4  15   4  3.00e+21   8.833     0.0251   0.0063   1.8751     1.651  3.160e+21     2.053      1    0  8.8052e-18  5.3329e-18  1.8987e-20     436.71     818.88    24566.41 2.2645e+22    3.32   sub
 843   4  15   5  3.00e+21   9.588     0.0251   0.0080   1.5471     1.430  3.066e+21     2.022      1    0  4.2432e-18  2.9681e-18  1.5333e-20     655.45    1014.06    30421.68 1.5295e+22    5.03   sub
 844   4  15   6  3.00e+21  10.385     0.0251   0.0102   1.2880     1.291  2.923e+21     1.974      1    0  2.0330e-18  1.5742e-18  1.2249e-20     985.51    1269.38    38081.51 1.0626e+22    7.79   sub
 845   4  15   7  3.00e+21  11.136     0.0251   0.0131   1.0899     1.206  2.719e+21     1.906      1    0  1.0001e-18  8.2949e-19  9.8048e-21    1455.00    1585.79    47573.55 7.7945e+21   11.91   sub
 846   4  15   8  3.00e+21  11.856     0.0251   0.0168   0.9223     1.146  2.415e+21     1.805      1    0  4.7160e-19  4.1161e-19  7.7106e-21    2186.28    2016.49    60494.64 5.9240e+21   18.58   sub
 847   4  15   9  3.00e+21  12.437     0.0251   0.0214   0.7926     1.107  2.032e+21     1.677      1    0  2.2855e-19  2.0648e-19  6.0988e-21    3216.47    2549.42    76482.47 4.8122e+21   28.18   sub
 848   4  15  10  3.00e+21  12.882     0.0251   0.0274   0.6883     1.080  1.597e+21     1.532      1    0  1.1219e-19  1.0386e-19  4.8348e-21    4672.25    3215.94    96478.30 4.1313e+21   41.89   sub
 849   4  15  11  3.00e+21  13.216     0.0251   0.0350   0.5997     1.061  1.151e+21     1.384      1    0  5.4140e-20  5.1044e-20  3.8059e-21    6812.48    4085.28   122558.37 3.6977e+21   62.09   sub
 850   4  15  12  3.00e+21  13.452     0.0251   0.0448   0.5232     1.046  7.657e+20     1.255      1    0  2.5611e-20  2.4483e-20  2.9736e-21    9993.06    5228.80   156864.03 3.4244e+21   92.07   sub
 851   4  16   1  3.00e+21   7.022     0.0373   0.0030   4.8302     7.151  4.834e+21     2.611      1    0  8.6852e-17  1.2145e-17  2.5964e-20     123.98     598.85    17965.47 9.0440e+22    1.05   sub
 852   4  16   2  3.00e+21   7.345     0.0373   0.0038   3.8287     4.424  4.801e+21     2.600      1    0  4.7205e-17  1.0670e-17  2.3611e-20     172.00     658.53    19755.85 6.4252e+22    1.20   sub
 853   4  16   3  3.00e+21   7.780     0.0373   0.0049   3.0712     3.005  4.745e+21     2.582      1    0  2.4778e-17  8.2465e-18  2.0721e-20     244.33     750.38    22511.29 4.4604e+22    1.49   sub
 854   4  16   4  3.00e+21   8.331     0.0373   0.0063   2.4895     2.228  4.661e+21     2.554      1    0  1.2638e-17  5.6731e-18  1.7642e-20     354.02     881.31    26439.42 3.0498e+22    1.99   sub
 855   4  16   5  3.00e+21   9.008     0.0373   0.0080   2.0266     1.773  4.523e+21     2.508      1    0  6.1914e-18  3.4928e-18  1.4587e-20     525.95    1065.91    31977.22 2.0565e+22    2.85   sub
 856   4  16   6  3.00e+21   9.760     0.0373   0.0102   1.6697     1.506  4.313e+21     2.438      1    0  3.0125e-18  2.0003e-18  1.1865e-20     784.84    1310.45    39313.64 1.4088e+22    4.24   sub
 857   4  16   7  3.00e+21  10.551     0.0373   0.0131   1.3876     1.341  3.997e+21     2.332      1    0  1.4458e-18  1.0782e-18  9.5123e-21    1177.93    1634.54    49036.33 9.8971e+21    6.50   sub
 858   4  16   8  3.00e+21  11.309     0.0373   0.0168   1.1675     1.237  3.557e+21     2.186      1    0  6.9653e-19  5.6295e-19  7.5797e-21    1756.99    2051.30    61538.97 7.2825e+21    9.97   sub
 859   4  16   9  3.00e+21  11.982     0.0373   0.0214   0.9936     1.170  2.991e+21     1.997      1    0  3.3692e-19  2.8799e-19  6.0178e-21    2600.28    2583.74    77512.12 5.6581e+21   15.21   sub
 860   4  16  10  3.00e+21  12.542     0.0373   0.0274   0.8527     1.124  2.330e+21     1.777      1    0  1.6196e-19  1.4408e-19  4.7522e-21    3837.02    3271.82    98154.75 4.6397e+21   23.03   sub
 861   4  16  11  3.00e+21  12.972     0.0373   0.0350   0.7376     1.092  1.671e+21     1.557      1    0  7.7696e-20  7.1131e-20  3.7417e-21    5634.06    4155.46   124663.85 4.0086e+21   34.47   sub
 862   4  16  12  3.00e+21  13.295     0.0373   0.0448   0.6374     1.069  1.092e+21     1.364      1    0  3.5782e-20  3.3484e-20  2.9022e-21    8404.80    5357.37   160721.12 3.6032e+21   52.13   sub
 863   4  16  13  3.00e+21  13.477     0.0373   0.0572   0.5684     1.054  7.466e+20     1.249      1    0  1.9036e-20  1.8053e-20  2.3578e-21   11601.82    6594.53   197835.98 3.3968e+21   72.46   sub
 864   4  17   1  3.00e+21   6.906     0.0553   0.0030   7.1140    17.860  7.075e+21     3.358      1    0  1.0283e-16  5.7573e-18  1.9341e-20     113.00     803.88    24116.50 1.0502e+23    1.00 super
 865   4  17   2  3.00e+21   7.156     0.0553   0.0038   5.4398     9.359  7.030e+21     3.343      1    0  5.8533e-17  6.2545e-18  1.8747e-20     152.46     829.37    24881.10 7.7610e+22    1.02   sub
 866   4  17   3  3.00e+21   7.505     0.0553   0.0049   4.2284     5.387  6.951e+21     3.317      1    0  3.1884e-17  5.9185e-18  1.7382e-20     211.55     894.50    26834.94 5.5664e+22    1.12   sub
 867   4  17   4  3.00e+21   7.949     0.0553   0.0063   3.3645     3.495  6.828e+21     3.276      1    0  1.7058e-17  4.8803e-18  1.5525e-20     297.66    1001.50    30044.96 3.9374e+22    1.35   sub
 868   4  17   5  3.00e+21   8.506     0.0553   0.0080   2.7112     2.495  6.634e+21     3.211      1    0  8.8301e-18  3.5391e-18  1.3400e-20     427.96    1160.29    34808.79 2.7369e+22    1.75   sub
 869   4  17   6  3.00e+21   9.178     0.0553   0.0102   2.2022     1.930  6.328e+21     3.109      1    0  4.4033e-18  2.2816e-18  1.1215e-20     629.51    1386.33    41589.91 1.8799e+22    2.44   sub
 870   4  17   7  3.00e+21   9.932     0.0553   0.0131   1.8063     1.600  5.870e+21     2.957      1    0  2.1439e-18  1.3399e-18  9.1723e-21     938.48    1695.13    50854.02 1.3005e+22    3.59   sub
 871   4  17   8  3.00e+21  10.714     0.0553   0.0168   1.4979     1.401  5.221e+21     2.740      1    0  1.0310e-18  7.3590e-19  7.3844e-21    1405.64    2105.57    63167.08 9.2443e+21    5.42   sub
 872   4  17   9  3.00e+21  11.463     0.0553   0.0214   1.2568     1.277  4.375e+21     2.458      1    0  4.9320e-19  3.8629e-19  5.8854e-21    2102.08    2641.85    79255.43 6.8650e+21    8.28   sub
 873   4  17  10  3.00e+21  12.101     0.0553   0.0274   1.0720     1.199  3.429e+21     2.143      1    0  2.4132e-19  2.0131e-19  4.6972e-21    3087.71    3310.09    99302.69 5.4195e+21   12.44   sub
 874   4  17  11  3.00e+21  12.650     0.0553   0.0350   0.9154     1.144  2.436e+21     1.812      1    0  1.1315e-19  9.8952e-20  3.6841e-21    4610.42    4220.33   126610.03 4.4693e+21   18.97   sub
 875   4  17  12  3.00e+21  13.043     0.0553   0.0448   0.7948     1.107  1.648e+21     1.549      1    0  5.5218e-20  4.9860e-20  2.9193e-21    6701.43    5326.07   159782.15 3.9145e+21   27.97   sub
 876   4  17  13  3.00e+21  13.322     0.0553   0.0572   0.6952     1.082  1.075e+21     1.358      1    0  2.7115e-20  2.5064e-20  2.3140e-21    9665.07    6719.13   201573.77 3.5710e+21   40.73   sub
 877   4  17  14  3.00e+21  13.522     0.0553   0.0732   0.6070     1.062  6.717e+20     1.224      1    0  1.2843e-20  1.2092e-20  1.8104e-21   14148.29    8588.32   257649.72 3.3478e+21   59.96   sub
 878   4  17  15  3.00e+21  13.647     0.0553   0.0936   0.5355     1.048  4.253e+20     1.142      1    0  6.3210e-21  6.0300e-21  1.4330e-21   20260.03   10849.80   325493.97 3.2172e+21   86.08   sub
 879   4  18   1  3.00e+21   6.848     0.0821   0.0030  11.1048    54.530  1.016e+22     4.387      1    0  1.1219e-16  2.0575e-18  1.2997e-20     107.73    1196.27    35888.11 1.1414e+23    1.12 super
 880   4  18   2  3.00e+21   7.049     0.0821   0.0038   8.1462    25.049  1.013e+22     4.378      1    0  6.6850e-17  2.6688e-18  1.3481e-20     141.59    1153.38    34601.37 8.7589e+22    1.02 super
 881   4  18   3  3.00e+21   7.327     0.0821   0.0049   6.0754    12.147  1.004e+22     4.347      1    0  3.8145e-17  3.1402e-18  1.3392e-20     191.10    1161.02    34830.62 6.5345e+22    1.00   sub
 882   4  18   4  3.00e+21   7.678     0.0821   0.0063   4.7020     6.742  9.876e+21     4.292      1    0  2.1605e-17  3.2043e-18  1.2721e-20     259.93    1222.21    36666.43 4.8269e+22    1.06   sub
 883   4  18   5  3.00e+21   8.131     0.0821   0.0080   3.7013     4.150  9.603e+21     4.201      1    0  1.1734e-17  2.8277e-18  1.1573e-20     362.98    1343.52    40305.54 3.4724e+22    1.23   sub
 884   4  18   6  3.00e+21   8.695     0.0821   0.0102   2.9579     2.834  9.174e+21     4.058      1    0  6.1373e-18  2.1659e-18  1.0128e-20     518.99    1535.11    46053.37 2.4491e+22    1.56   sub
 885   4  18   7  3.00e+21   9.371     0.0821   0.0131   2.3866     2.115  8.519e+21     3.840      1    0  3.0739e-18  1.4534e-18  8.5572e-21     761.33    1816.98    54509.29 1.7026e+22    2.13   sub
 886   4  18   8  3.00e+21  10.132     0.0821   0.0168   1.9448     1.705  7.569e+21     3.523      1    0  1.4883e-18  8.7267e-19  7.0272e-21    1137.67    2212.59    66377.60 1.1877e+22    3.08   sub
 887   4  18   9  3.00e+21  10.880     0.0821   0.0214   1.6183     1.473  6.383e+21     3.128      1    0  7.3278e-19  4.9746e-19  5.7186e-21    1680.13    2718.88    81566.44 8.6368e+21    4.55   sub
 888   4  18  10  3.00e+21  11.605     0.0821   0.0274   1.3570     1.325  4.976e+21     2.659      1    0  3.5195e-19  2.6558e-19  4.5761e-21    2503.83    3397.68   101930.51 6.5037e+21    6.85   sub
 889   4  18  11  3.00e+21  12.247     0.0821   0.0350   1.1480     1.229  3.550e+21     2.183      1    0  1.6618e-19  1.3520e-19  3.6183e-21    3743.15    4297.19   128915.60 5.1451e+21   10.41   sub
 890   4  18  12  3.00e+21  12.735     0.0821   0.0448   0.9895     1.168  2.414e+21     1.805      1    0  8.1459e-20  6.9717e-20  2.8822e-21    5451.86    5394.52   161835.64 4.3424e+21   15.38   sub
 891   4  18  13  3.00e+21  13.113     0.0821   0.0572   0.8558     1.125  1.554e+21     1.518      1    0  3.8967e-20  3.4637e-20  2.2714e-21    7998.66    6845.18   205355.44 3.8251e+21   22.80   sub
 892   4  18  14  3.00e+21  13.380     0.0821   0.0732   0.7444     1.094  9.748e+20     1.325      1    0  1.8542e-20  1.6948e-20  1.7833e-21   11712.96    8718.81   261564.42 3.5048e+21   33.59   sub
 893   4  18  15  3.00e+21  13.558     0.0821   0.0936   0.6510     1.072  6.057e+20     1.202      1    0  8.8527e-21  8.2610e-21  1.3996e-21   17064.07   11108.97   333269.22 3.3092e+21   49.08   sub
 894   4  18  16  3.00e+21  13.664     0.0821   0.1196   0.5792     1.057  3.934e+20     1.131      1    0  4.5680e-21  4.3235e-21  1.1257e-21   23847.94   13811.94   414358.34 3.1993e+21   68.64   sub
 895   4  18  17  3.00e+21  13.749     0.0821   0.1529   0.5006     1.042  2.266e+20     1.076      1    0  1.9743e-21  1.8945e-21  8.5352e-22   36387.35   18216.59   546497.81 3.1141e+21  104.66   sub
 896   4  19   1  3.00e+21   6.796     0.1218   0.0030  19.3764   206.849  1.388e+22     5.627      1    0  1.2663e-16  6.1218e-19  7.9437e-21     101.01    1957.30    58719.03 1.2384e+23    1.36  deep
 897   4  19   2  3.00e+21   6.988     0.1218   0.0038  13.1096    82.147  1.405e+22     5.682      1    0  7.2525e-17  8.8287e-19  8.7625e-21     135.35    1774.42    53232.48 9.4217e+22    1.18  deep
 898   4  19   3  3.00e+21   7.215     0.1218   0.0049   9.3835    35.752  1.405e+22     5.684      1    0  4.3391e-17  1.2137e-18  9.3192e-21     177.80    1668.41    50052.34 7.2978e+22    1.06 super
 899   4  19   4  3.00e+21   7.518     0.1218   0.0063   6.8280    16.139  1.389e+22     5.630      1    0  2.4875e-17  1.5414e-18  9.4995e-21     239.71    1636.75    49102.55 5.5031e+22    1.00 super
 900   4  19   5  3.00e+21   7.876     0.1218   0.0080   5.2288     8.545  1.356e+22     5.519      1    0  1.4424e-17  1.6881e-18  9.2287e-21     322.21    1684.78    50543.49 4.1504e+22    1.02   sub
 901   4  19   6  3.00e+21   8.332     0.1218   0.0102   4.0800     5.011  1.299e+22     5.331      1    0  8.0030e-18  1.5971e-18  8.5654e-21     444.91    1815.24    54457.28 3.0474e+22    1.15   sub
 902   4  19   7  3.00e+21   8.898     0.1218   0.0131   3.2317     3.264  1.211e+22     5.037      1    0  4.2340e-18  1.2971e-18  7.6112e-21     632.12    2042.82    61284.66 2.1834e+22    1.40   sub
 903   4  19   8  3.00e+21   9.579     0.1218   0.0168   2.5863     2.340  1.081e+22     4.602      1    0  2.1253e-18  9.0814e-19  6.4942e-21     925.72    2394.18    71825.29 1.5360e+22    1.87   sub
 904   4  19   9  3.00e+21  10.299     0.1218   0.0214   2.1172     1.851  9.153e+21     4.051      1    0  1.0670e-18  5.7628e-19  5.4209e-21    1354.72    2868.22    86046.71 1.1029e+22    2.62   sub
 905   4  19  10  3.00e+21  11.044     0.1218   0.0274   1.7515     1.561  7.190e+21     3.397      1    0  5.2088e-19  3.3365e-19  4.4214e-21    2007.77    3516.57   105497.03 8.0838e+21    3.83   sub
 906   4  19  11  3.00e+21  11.751     0.1218   0.0350   1.4649     1.382  5.190e+21     2.730      1    0  2.4936e-19  1.8038e-19  3.5460e-21    2993.24    4384.78   131543.48 6.1590e+21    5.71   sub
 907   4  19  12  3.00e+21  12.351     0.1218   0.0448   1.2429     1.270  3.509e+21     2.170      1    0  1.1975e-19  9.4258e-20  2.8249e-21    4428.40    5503.95   165118.50 4.9582e+21    8.51   sub
 908   4  19  13  3.00e+21  12.819     0.1218   0.0572   1.0689     1.198  2.290e+21     1.763      1    0  5.8191e-20  4.8592e-20  2.2477e-21    6471.78    6917.51   207525.39 4.2197e+21   12.54   sub
 909   4  19  14  3.00e+21  13.178     0.1218   0.0732   0.9217     1.146  1.433e+21     1.478      1    0  2.7433e-20  2.3948e-20  1.7651e-21    9556.82    8808.81   264264.43 3.7431e+21   18.61   sub
 910   4  19  15  3.00e+21  13.417     0.1218   0.0936   0.8056     1.110  9.057e+20     1.302      1    0  1.3399e-20  1.2066e-20  1.3988e-21   13798.21   11115.75   333472.38 3.4627e+21   26.94   sub
 911   4  19  16  3.00e+21  13.579     0.1218   0.1196   0.7071     1.085  5.678e+20     1.189      1    0  6.5358e-21  6.0254e-21  1.1063e-21   19874.57   14054.04   421621.13 3.2876e+21   38.81   sub
 912   4  19  17  3.00e+21  13.691     0.1218   0.1529   0.6167     1.064  3.417e+20     1.114      1    0  3.0144e-21  2.8326e-21  8.5803e-22   29385.78   18120.83   543625.03 3.1721e+21   57.31   sub
 913   4  19  18  3.00e+21  13.753     0.1218   0.1955   0.5494     1.051  2.203e+20     1.073      1    0  1.5504e-21  1.4754e-21  6.8915e-22   41067.37   22561.43   676842.80 3.1107e+21   79.95   sub
 914   4  20   1  3.00e+21   6.776     0.1808   0.0030  32.9073   648.752  1.716e+22     6.719      1    0  1.3281e-16  2.0472e-19  4.7973e-21      98.49    3241.02    97230.73 1.2811e+23    1.58  deep
 915   4  20   2  3.00e+21   6.940     0.1808   0.0038  22.8634   299.614  1.780e+22     6.932      1    0  7.9630e-17  2.6577e-19  5.2830e-21     128.72    2943.07    88292.10 1.0030e+23    1.44  deep
 916   4  20   3  3.00e+21   7.153     0.1808   0.0049  15.5430   123.834  1.827e+22     7.089      1    0  4.6968e-17  3.7928e-19  5.8787e-21     170.16    2644.84    79345.23 7.7886e+22    1.26  deep
 917   4  20   4  3.00e+21   7.413     0.1808   0.0063  10.7659    50.473  1.842e+22     7.139      1    0  2.7729e-17  5.4938e-19  6.4059e-21     225.45    2427.18    72815.38 6.0357e+22    1.10 super
 918   4  20   5  3.00e+21   7.715     0.1808   0.0080   7.8273    22.663  1.820e+22     7.068      1    0  1.6598e-17  7.3241e-19  6.6821e-21     297.27    2326.84    69805.25 4.6885e+22    1.02 super
 919   4  20   6  3.00e+21   8.097     0.1808   0.0102   5.8304    11.011  1.758e+22     6.861      1    0  9.5509e-18  8.6738e-19  6.6423e-21     401.48    2340.80    70224.14 3.5534e+22    1.00   sub
 920   4  20   7  3.00e+21   8.557     0.1808   0.0131   4.4982     6.130  1.652e+22     6.506      1    0  5.3842e-18  8.7840e-19  6.2883e-21     549.68    2472.57    74177.10 2.6555e+22    1.08   sub
 921   4  20   8  3.00e+21   9.122     0.1808   0.0168   3.5313     3.807  1.489e+22     5.964      1    0  2.8857e-18  7.5807e-19  5.6794e-21     775.25    2737.66    82129.68 1.9355e+22    1.28   sub
 922   4  20   9  3.00e+21   9.787     0.1808   0.0214   2.8162     2.634  1.267e+22     5.223      1    0  1.4766e-18  5.6067e-19  4.9181e-21    1122.60    3161.44    94843.27 1.3908e+22    1.66   sub
 923   4  20  10  3.00e+21  10.503     0.1808   0.0274   2.2903     2.016  1.006e+22     4.354      1    0  7.4029e-19  3.6727e-19  4.1335e-21    1642.36    3761.49   112844.66 1.0104e+22    2.28   sub
 924   4  20  11  3.00e+21  11.228     0.1808   0.0350   1.8890     1.662  7.374e+21     3.458      1    0  3.6220e-19  2.1796e-19  3.3903e-21    2427.74    4586.08   137582.32 7.5162e+21    3.27   sub
 925   4  20  12  3.00e+21  11.892     0.1808   0.0448   1.5842     1.452  5.070e+21     2.690      1    0  1.7675e-19  1.2173e-19  2.7442e-21    3576.59    5665.85   169975.61 5.8468e+21    4.77   sub
 926   4  20  13  3.00e+21  12.462     0.1808   0.0572   1.3430     1.318  3.312e+21     2.104      1    0  8.5012e-20  6.4491e-20  2.1929e-21    5279.38    7090.36   212710.94 4.7692e+21    7.03   sub
 927   4  20  14  3.00e+21  12.918     0.1808   0.0732   1.1472     1.229  2.083e+21     1.694      1    0  4.0068e-20  3.2608e-20  1.7310e-21    7829.26    8982.01   269460.26 4.0812e+21   10.43   sub
 928   4  20  15  3.00e+21  13.234     0.1808   0.0936   0.9961     1.171  1.320e+21     1.440      1    0  1.9578e-20  1.6722e-20  1.3768e-21   11336.71   11292.86   338785.66 3.6749e+21   15.11   sub
 929   4  20  16  3.00e+21  13.462     0.1808   0.1196   0.8659     1.128  8.152e+20     1.272      1    0  9.3009e-21  8.2450e-21  1.0824e-21   16588.74   14364.77   430942.99 3.4129e+21   22.07   sub
 930   4  20  17  3.00e+21  13.614     0.1808   0.1529   0.7552     1.097  4.979e+20     1.166      1    0  4.3794e-21  3.9927e-21  8.4684e-22   24311.07   18360.45   550813.58 3.2508e+21   32.26   sub
 931   4  20  18  3.00e+21  13.705     0.1808   0.1955   0.6677     1.075  3.149e+20     1.105      1    0  2.1847e-21  2.0315e-21  6.7431e-22   34535.29   23058.23   691746.77 3.1582e+21   45.67   sub
 932   4  20  19  3.00e+21  13.764     0.1808   0.2500   0.5912     1.059  1.985e+20     1.066      1    0  1.0867e-21  1.0262e-21  5.3589e-22   49073.29   29013.78   870413.44 3.0995e+21   64.68   sub
 933   4  21   1  3.00e+21   6.725     0.2683   0.0030  58.7368  2015.070  1.875e+22     7.250      1    0  1.5934e-16  7.9075e-20  2.9552e-21      89.58    5261.41   157842.28 1.4055e+23    1.70  deep
 934   4  21   2  3.00e+21   6.937     0.2683   0.0038  37.0555   825.087  2.017e+22     7.722      1    0  7.8685e-17  9.5365e-20  3.2408e-21     129.47    4797.63   143928.85 1.0063e+23    1.62  deep
 935   4  21   3  3.00e+21   7.140     0.2683   0.0049  25.5341   381.032  2.120e+22     8.066      1    0  4.6931e-17  1.2317e-19  3.5803e-21     170.08    4342.77   130282.98 7.8967e+22    1.49  deep
 936   4  21   4  3.00e+21   7.327     0.2683   0.0063  18.8462   194.149  2.184e+22     8.282      1    0  3.1306e-17  1.6125e-19  3.9110e-21     210.95    3975.56   119266.82 6.5332e+22    1.35  deep
 937   4  21   5  3.00e+21   7.623     0.2683   0.0080  12.5807    74.264  2.226e+22     8.419      1    0  1.8077e-17  2.4341e-19  4.3648e-21     283.15    3562.19   106865.84 5.0450e+22    1.17  deep
 938   4  21   6  3.00e+21   7.939     0.2683   0.0102   8.9772    31.982  2.200e+22     8.335      1    0  1.0920e-17  3.4144e-19  4.6585e-21     371.78    3337.59   100127.69 3.9668e+22    1.05 super
 939   4  21   7  3.00e+21   8.331     0.2683   0.0131   6.5620    14.640  2.102e+22     8.006      1    0  6.3503e-18  4.3376e-19  4.7443e-21     499.43    3277.25    98317.47 3.0497e+22    1.00 super
 940   4  21   8  3.00e+21   8.808     0.2683   0.0168   4.9513     7.555  1.922e+22     7.407      1    0  3.5597e-18  4.7117e-19  4.5783e-21     685.90    3396.09   101882.81 2.2956e+22    1.04   sub
 941   4  21   9  3.00e+21   9.370     0.2683   0.0214   3.8530     4.478  1.666e+22     6.554      1    0  1.9339e-18  4.3187e-19  4.2045e-21     959.78    3698.04   110941.15 1.7036e+22    1.19   sub
 942   4  21  10  3.00e+21  10.003     0.2683   0.0274   3.0755     3.011  1.356e+22     5.520      1    0  1.0225e-18  3.3954e-19  3.7069e-21    1363.82    4194.43   125832.86 1.2589e+22    1.48   sub
 943   4  21  11  3.00e+21  10.690     0.2683   0.0350   2.4961     2.235  1.024e+22     4.412      1    0  5.2160e-19  2.3335e-19  3.1556e-21    1973.98    4927.23   147816.89 9.3377e+21    1.98   sub
 944   4  21  12  3.00e+21  11.397     0.2683   0.0448   2.0488     1.791  7.139e+21     3.380      1    0  2.5503e-19  1.4236e-19  2.6035e-21    2914.88    5971.98   179159.29 7.0395e+21    2.79   sub
 945   4  21  13  3.00e+21  12.026     0.2683   0.0572   1.7177     1.538  4.782e+21     2.594      1    0  1.2568e-19  8.1715e-20  2.1222e-21    4265.37    7326.55   219796.42 5.5682e+21    3.99   sub
 946   4  21  14  3.00e+21  12.571     0.2683   0.0732   1.4520     1.375  3.058e+21     2.019      1    0  6.0086e-20  4.3690e-20  1.6978e-21    6307.00    9157.87   274736.24 4.5925e+21    5.83   sub
 947   4  21  15  3.00e+21  12.988     0.2683   0.0936   1.2442     1.271  1.928e+21     1.643      1    0  2.8873e-20  2.2717e-20  1.3513e-21    9247.95   11505.99   345179.77 3.9869e+21    8.49   sub
 948   4  21  16  3.00e+21  13.285     0.2683   0.1196   1.0786     1.201  1.213e+21     1.404      1    0  1.4050e-20  1.1696e-20  1.0751e-21   13407.74   14462.23   433866.82 3.6150e+21   12.24   sub
 949   4  21  17  3.00e+21  13.495     0.2683   0.1529   0.9373     1.151  7.475e+20     1.249      1    0  6.6798e-21  5.8052e-21  8.4642e-22   19598.79   18369.48   551084.33 3.3767e+21   17.79   sub
 950   4  21  18  3.00e+21  13.630     0.2683   0.1955   0.8216     1.115  4.651e+20     1.155      1    0  3.2428e-21  2.9084e-21  6.6946e-22   28269.30   23225.06   696751.89 3.2337e+21   25.51   sub
 951   4  21  19  3.00e+21  13.719     0.2683   0.2500   0.7217     1.088  2.875e+20     1.096      1    0  1.5641e-21  1.4372e-21  5.2759e-22   40836.61   29470.62   884118.54 3.1442e+21   36.65   sub
 952   4  22   2  3.00e+21   6.939     0.3981   0.0038  57.9221  1962.665  2.138e+22     8.126      1    0  7.7502e-17  3.9488e-20  2.0575e-21     130.47    7557.02   226710.56 1.0043e+23    1.69  deep
 953   4  22   3  3.00e+21   7.061     0.3981   0.0049  46.7623  1304.168  2.219e+22     8.397      1    0  5.5904e-17  4.2866e-20  2.1456e-21     154.97    7246.66   217399.70 8.6284e+22    1.67  deep
 954   4  22   4  3.00e+21   7.319     0.3981   0.0063  30.8492   567.958  2.359e+22     8.863      1    0  3.1079e-17  5.4721e-20  2.3819e-21     211.60    6527.77   195832.96 6.5832e+22    1.56  deep
 955   4  22   5  3.00e+21   7.559     0.3981   0.0080  21.6685   266.052  2.443e+22     9.143      1    0  1.9487e-17  7.3246e-20  2.6422e-21     271.57    5884.49   176534.79 5.3161e+22    1.41  deep
 956   4  22   6  3.00e+21   7.883     0.3981   0.0102  14.2651   100.842  2.478e+22     9.261      1    0  1.1244e-17  1.1150e-19  2.9854e-21     365.10    5208.13   156243.75 4.1312e+22    1.22  deep
 957   4  22   7  3.00e+21   8.195     0.3981   0.0131  10.2513    44.648  2.432e+22     9.108      1    0  7.0522e-18  1.5795e-19  3.2269e-21     470.03    4818.36   144550.94 3.3297e+22    1.09 super
 958   4  22   8  3.00e+21   8.585     0.3981   0.0168   7.4216    19.841  2.291e+22     8.636      1    0  4.1961e-18  2.1149e-19  3.3591e-21     623.68    4628.70   138861.13 2.6115e+22    1.01 super
 959   4  22   9  3.00e+21   9.057     0.3981   0.0214   5.5292     9.720  2.044e+22     7.814      1    0  2.3943e-18  2.4633e-19  3.3159e-21     848.05    4689.00   140669.98 2.0037e+22    1.01   sub
 960   4  22  10  3.00e+21   9.615     0.3981   0.0274   4.2435     5.427  1.709e+22     6.696      1    0  1.3097e-18  2.4134e-19  3.1013e-21    1181.46    5013.50   150405.10 1.5095e+22    1.12   sub
 961   4  22  11  3.00e+21  10.225     0.3981   0.0350   3.3699     3.505  1.341e+22     5.471      1    0  7.0513e-19  2.0119e-19  2.7787e-21    1660.46    5595.56   167866.77 1.1393e+22    1.34   sub
 962   4  22  12  3.00e+21  10.887     0.3981   0.0448   2.7234     2.511  9.800e+21     4.267      1    0  3.6424e-19  1.4508e-19  2.3950e-21    2383.81    6492.09   194762.85 8.6129e+21    1.74   sub
 963   4  22  13  3.00e+21  11.555     0.3981   0.0572   2.2338     1.960  6.710e+21     3.237      1    0  1.8122e-19  9.2455e-20  1.9991e-21    3481.70    7777.53   233325.84 6.6292e+21    2.38   sub
 964   4  22  14  3.00e+21  12.167     0.3981   0.0732   1.8603     1.640  4.387e+21     2.462      1    0  8.8113e-20  5.3729e-20  1.6312e-21    5123.74    9531.91   285957.23 5.2935e+21    3.37   sub
 965   4  22  15  3.00e+21  12.673     0.3981   0.0936   1.5734     1.445  2.797e+21     1.932      1    0  4.2575e-20  2.9456e-20  1.3136e-21    7522.87   11836.29   355088.80 4.4347e+21    4.84   sub
 966   4  22  16  3.00e+21  13.061     0.3981   0.1196   1.3471     1.320  1.757e+21     1.586      1    0  2.0504e-20  1.5531e-20  1.0489e-21   11004.71   14824.03   444720.99 3.8917e+21    6.98   sub
 967   4  22  17  3.00e+21  13.342     0.3981   0.1529   1.1616     1.235  1.087e+21     1.362      1    0  9.7501e-21  7.8962e-21  8.2985e-22   16129.81   18736.33   562089.94 3.5479e+21   10.10   sub
 968   4  22  18  3.00e+21  13.531     0.3981   0.1955   1.0103     1.176  6.720e+20     1.224      1    0  4.6722e-21  3.9736e-21  6.5584e-22   23465.71   23707.43   711223.02 3.3377e+21   14.55   sub
 969   4  22  19  3.00e+21  13.658     0.3981   0.2500   0.8802     1.132  4.095e+20     1.136      1    0  2.1993e-21  1.9421e-21  5.1406e-22   34361.67   30246.07   907382.14 3.2053e+21   21.10   sub
 970   4  23   4  3.00e+21   7.222     0.5908   0.0063  56.4433  1869.027  2.396e+22     8.986      1    0  3.7868e-17  2.0261e-20  1.4466e-21     190.42   10747.88   322436.29 7.2464e+22    1.69  deep
 971   4  23   5  3.00e+21   7.492     0.5908   0.0080  38.3917   885.609  2.528e+22     9.428      1    0  2.1677e-17  2.4477e-20  1.5799e-21     256.34    9841.30   295239.09 5.6280e+22    1.63  deep
 972   4  23   6  3.00e+21   7.806     0.5908   0.0102  25.1602   369.112  2.610e+22     9.701      1    0  1.2350e-17  3.3459e-20  1.7827e-21     346.65    8721.77   261653.15 4.3733e+22    1.48  deep
 973   4  23   7  3.00e+21   8.089     0.5908   0.0131  17.7030   168.077  2.612e+22     9.707      1    0  7.8559e-18  4.6740e-20  1.9850e-21     442.45    7832.72   234981.68 3.5736e+22    1.32  deep
 974   4  23   8  3.00e+21   8.471     0.5908   0.0168  11.7564    62.831  2.512e+22     9.374      1    0  4.5414e-18  7.2280e-20  2.2209e-21     595.50    7001.00   210030.01 2.7966e+22    1.14 super
 975   4  23   9  3.00e+21   8.864     0.5908   0.0214   8.3955    27.021  2.316e+22     8.718      1    0  2.7343e-18  1.0119e-19  2.3589e-21     785.09    6591.24   197737.29 2.2251e+22    1.03 super
 976   4  23  10  3.00e+21   9.343     0.5908   0.0274   6.1306    12.415  2.007e+22     7.689      1    0  1.5622e-18  1.2583e-19  2.3784e-21    1066.35    6537.37   196120.97 1.7271e+22    1.00   sub
 977   4  23  11  3.00e+21   9.864     0.5908   0.0350   4.7107     6.769  1.647e+22     6.489      1    0  8.8951e-19  1.3140e-19  2.2731e-21    1452.03    6840.03   205201.03 1.3417e+22    1.06   sub
 978   4  23  12  3.00e+21  10.454     0.5908   0.0448   3.7089     4.165  1.263e+22     5.209      1    0  4.8483e-19  1.1639e-19  2.0705e-21    2024.70    7509.42   225282.47 1.0317e+22    1.23   sub
 979   4  23  13  3.00e+21  11.088     0.5908   0.0572   2.9785     2.864  9.055e+21     4.018      1    0  2.5275e-19  8.8252e-20  1.8075e-21    2888.06    8602.11   258063.19 7.9423e+21    1.54   sub
 980   4  23  14  3.00e+21  11.722     0.5908   0.0732   2.4339     2.166  6.133e+21     3.044      1    0  1.2683e-19  5.8556e-20  1.5239e-21    4191.92   10202.78   306083.31 6.2243e+21    2.06   sub
 981   4  23  15  3.00e+21  12.302     0.5908   0.0936   2.0198     1.767  3.977e+21     2.326      1    0  6.1759e-20  3.4954e-20  1.2509e-21    6154.01   12429.58   372887.50 5.0453e+21    2.87   sub
 982   4  23  16  3.00e+21  12.767     0.5908   0.1196   1.7098     1.533  2.548e+21     1.849      1    0  3.0294e-20  1.9766e-20  1.0159e-21    8951.34   15305.27   459158.08 4.2947e+21    4.03   sub
 983   4  23  17  3.00e+21  13.130     0.5908   0.1529   1.4595     1.379  1.592e+21     1.531      1    0  1.4507e-20  1.0517e-20  8.1209e-22   13118.01   19146.03   574380.85 3.8031e+21    5.76   sub
 984   4  23  18  3.00e+21  13.388     0.5908   0.1955   1.2578     1.277  9.851e+20     1.328      1    0  6.9203e-21  5.4182e-21  6.4454e-22   19178.80   24122.96   723688.87 3.4951e+21    8.26   sub
 985   4  23  19  3.00e+21  13.558     0.5908   0.2500   1.0970     1.208  6.169e+20     1.206      1    0  3.3825e-21  2.7990e-21  5.1344e-22   27605.85   30282.43   908472.78 3.3094e+21   11.72   sub
 986   4  24   5  3.00e+21   7.547     0.8767   0.0080  55.9539  1838.462  2.609e+22     9.696      1    0  1.9317e-17  1.0507e-20  1.0196e-21     272.54   15249.80   457493.96 5.3712e+22    1.69  deep
 987   4  24   6  3.00e+21   7.800     0.8767   0.0102  40.7047   994.549  2.680e+22     9.934      1    0  1.2256e-17  1.2324e-20  1.0981e-21     347.85   14159.28   424778.48 4.3913e+22    1.64  deep
 988   4  24   7  3.00e+21   8.054     0.8767   0.0131  29.8326   529.748  2.698e+22     9.992      1    0  8.0884e-18  1.5268e-20  1.1978e-21     435.10   12980.23   389407.01 3.6603e+22    1.55  deep
 989   4  24   8  3.00e+21   8.380     0.8767   0.0168  20.3382   230.850  2.641e+22     9.803      1    0  4.9509e-18  2.1446e-20  1.3476e-21     567.29   11537.59   346127.60 2.9572e+22    1.39  deep
 990   4  24   9  3.00e+21   8.767     0.8767   0.0214  13.5065    88.342  2.473e+22     9.242      1    0  2.9090e-18  3.2929e-20  1.5208e-21     756.97   10224.04   306721.07 2.3495e+22    1.20  deep
 991   4  24  10  3.00e+21   9.164     0.8767   0.0274   9.5210    37.085  2.222e+22     8.405      1    0  1.7661e-18  4.7623e-20  1.6441e-21     993.26    9456.85   283705.56 1.8932e+22    1.06 super
 992   4  24  11  3.00e+21   9.606     0.8767   0.0350   6.9865    17.078  1.900e+22     7.333      1    0  1.0568e-18  6.1878e-20  1.6929e-21    1314.61    9184.52   275535.60 1.5165e+22    1.00 super
 993   4  24  12  3.00e+21  10.132     0.8767   0.0448   5.2376     8.577  1.517e+22     6.055      1    0  5.9555e-19  6.9433e-20  1.6506e-21    1798.49    9419.70   282591.11 1.1877e+22    1.02   sub
 994   4  24  13  3.00e+21  10.691     0.8767   0.0572   4.0956     5.050  1.150e+22     4.832      1    0  3.3058e-19  6.5467e-20  1.5310e-21    2479.69   10155.89   304676.56 9.3332e+21    1.14   sub
 995   4  24  14  3.00e+21  11.297     0.8767   0.0732   3.2638     3.319  8.161e+21     3.720      1    0  1.7371e-19  5.2344e-20  1.3548e-21    3516.30   11476.37   344291.01 7.3176e+21    1.39   sub
 996   4  24  15  3.00e+21  11.891     0.8767   0.0936   2.6580     2.428  5.519e+21     2.840      1    0  8.8268e-20  3.6357e-20  1.1559e-21    5060.82   13451.72   403551.53 5.8496e+21    1.80   sub
 997   4  24  16  3.00e+21  12.422     0.8767   0.1196   2.2067     1.934  3.609e+21     2.203      1    0  4.3877e-20  2.2686e-20  9.6037e-22    7336.59   16189.93   485697.81 4.8372e+21    2.43   sub
 998   4  24  17  3.00e+21  12.863     0.8767   0.1529   1.8568     1.637  2.291e+21     1.764      1    0  2.1272e-20  1.2992e-20  7.8094e-22   10722.31   19909.60   597288.01 4.1571e+21    3.39   sub
 999   4  24  18  3.00e+21  13.194     0.8767   0.1955   1.5848     1.452  1.439e+21     1.480      1    0  1.0287e-20  7.0830e-21  6.2825e-22   15616.08   24748.75   742462.50 3.7237e+21    4.76   sub
1000   4  24  19  3.00e+21  13.430     0.8767   0.2500   1.3649     1.329  8.939e+20     1.298      1    0  4.9337e-21  3.7117e-21  5.0073e-22   22749.47   31051.14   931534.33 3.4484e+21    6.76   sub
1001   4  25   7  3.00e+21   8.033     1.3010   0.0131  48.6304  1406.568  2.743e+22    10.144      1    0  8.2492e-18  5.8648e-21  7.4307e-22     430.28   20924.51   627735.38 3.7138e+22    1.68  deep
1002   4  25   8  3.00e+21   8.356     1.3010   0.0168  33.7820   684.451  2.700e+22     9.999      1    0  5.0192e-18  7.3332e-21  8.1808e-22     562.60   19005.73   570172.02 3.0022e+22    1.59  deep
1003   4  25   9  3.00e+21   8.705     1.3010   0.0214  22.9559   302.285  2.563e+22     9.544      1    0  3.0539e-18  1.0103e-20  9.2004e-22     736.18   16899.67   506990.21 2.4342e+22    1.44  deep
1004   4  25  10  3.00e+21   9.047     1.3010   0.0274  16.0912   134.430  2.361e+22     8.870      1    0  1.9415e-18  1.4442e-20  1.0266e-21     941.23   15145.49   454364.68 2.0147e+22    1.28  deep
1005   4  25  11  3.00e+21   9.463     1.3010   0.0350  10.9950    53.196  2.059e+22     7.864      1    0  1.1575e-18  2.1760e-20  1.1343e-21    1246.73   13707.81   411234.21 1.6261e+22    1.11 super
1006   4  25  12  3.00e+21   9.917     1.3010   0.0448   7.8406    22.759  1.712e+22     6.705      1    0  6.8309e-19  3.0014e-20  1.1936e-21    1661.35   13026.08   390782.39 1.3096e+22    1.02 super
1007   4  25  13  3.00e+21  10.413     1.3010   0.0572   5.8411    11.059  1.352e+22     5.506      1    0  3.9409e-19  3.5635e-20  1.1876e-21    2241.40   13092.20   392765.93 1.0497e+22    1.00   sub
1008   4  25  14  3.00e+21  10.941     1.3010   0.0732   4.5309     6.225  1.019e+22     4.395      1    0  2.2229e-19  3.5710e-20  1.1218e-21    3059.12   13860.72   415821.46 8.4238e+21    1.08   sub
1009   4  25  15  3.00e+21  11.515     1.3010   0.0936   3.5782     3.899  7.193e+21     3.398      1    0  1.1756e-19  3.0154e-20  1.0069e-21    4315.52   15441.58   463247.31 6.7288e+21    1.27   sub
1010   4  25  16  3.00e+21  12.056     1.3010   0.1196   2.9132     2.769  4.915e+21     2.638      1    0  6.1234e-20  2.2115e-20  8.7235e-22    6118.20   17823.41   534702.40 5.5086e+21    1.59   sub
1011   4  25  17  3.00e+21  12.548     1.3010   0.1529   2.4091     2.139  3.222e+21     2.074      1    0  3.0641e-20  1.4324e-20  7.3143e-22    8823.89   21257.34   637720.12 4.6296e+21    2.09   sub
1012   4  25  18  3.00e+21  12.955     1.3010   0.1955   2.0205     1.767  2.049e+21     1.683      1    0  1.4898e-20  8.4289e-21  5.9848e-22   12858.16   25979.58   779387.51 4.0311e+21    2.86   sub
1013   4  25  19  3.00e+21  13.253     1.3010   0.2500   1.7255     1.543  1.301e+21     1.434      1    0  7.3173e-21  4.7414e-21  4.8559e-22   18556.66   32019.20   960576.04 3.6527e+21    3.95   sub
1014   4  26   8  3.00e+21   8.368     1.9307   0.0168  52.6533  1637.864  2.726e+22    10.085      1    0  4.8708e-18  2.9739e-21  5.1669e-22     571.52   30092.22   902766.48 2.9797e+22    1.69  deep
1015   4  26   9  3.00e+21   8.605     1.9307   0.0214  41.1017  1013.774  2.642e+22     9.806      1    0  3.4493e-18  3.4024e-21  5.4927e-22     688.72   28307.41   849222.32 2.5800e+22    1.64  deep
1016   4  26  10  3.00e+21   8.986     1.9307   0.0274  27.5931   449.624  2.434e+22     9.112      1    0  2.0438e-18  4.5456e-21  6.1631e-22     914.29   25227.97   756839.19 2.0815e+22    1.52  deep
1017   4  26  11  3.00e+21   9.346     1.9307   0.0350  19.0879   199.891  2.180e+22     8.268      1    0  1.2802e-18  6.4043e-21  6.9138e-22    1178.16   22488.71   674661.24 1.7241e+22    1.36  deep
1018   4  26  12  3.00e+21   9.786     1.9307   0.0448  12.6395    75.120  1.840e+22     7.132      1    0  7.4455e-19  9.9115e-21  7.7816e-22    1580.83   19980.90   599427.14 1.3914e+22    1.17  deep
1019   4  26  13  3.00e+21  10.214     1.9307   0.0572   8.9935    32.128  1.513e+22     6.044      1    0  4.5062e-19  1.4026e-20  8.3280e-22    2075.94   18669.85   560095.50 1.1450e+22    1.05 super
1020   4  26  14  3.00e+21  10.694     1.9307   0.0732   6.5829    14.754  1.182e+22     4.939      1    0  2.6131e-19  1.7711e-20  8.4674e-22    2789.40   18362.46   550873.71 9.3229e+21    1.00 super
1021   4  26  15  3.00e+21  11.207     1.9307   0.0936   5.0094     7.755  8.799e+21     3.933      1    0  1.4642e-19  1.8881e-20  8.1364e-22    3814.78   19109.62   573288.59 7.5789e+21    1.04   sub
1022   4  26  16  3.00e+21  11.725     1.9307   0.1196   3.9526     4.706  6.291e+21     3.097      1    0  7.9815e-20  1.6962e-20  7.4435e-22    5284.81   20888.56   626656.85 6.2190e+21    1.17   sub
1023   4  26  17  3.00e+21  12.217     1.9307   0.1529   3.2072     3.223  4.342e+21     2.447      1    0  4.2362e-20  1.3142e-20  6.5471e-22    7404.75   23748.55   712456.53 5.1998e+21    1.42   sub
1024   4  26  18  3.00e+21  12.671     1.9307   0.1955   2.6368     2.402  2.855e+21     1.952      1    0  2.1282e-20  8.8617e-21  5.5423e-22   10639.44   28054.10   841623.12 4.4380e+21    1.82   sub
1025   4  26  19  3.00e+21  13.034     1.9307   0.2500   2.2124     1.940  1.844e+21     1.615      1    0  1.0579e-20  5.4542e-21  4.5916e-22   15305.62   33862.44  1015873.18 3.9256e+21    2.42   sub
1026   4  27   9  3.00e+21   8.675     2.8651   0.0214  59.7507  2081.102  2.628e+22     9.759      1    0  3.0937e-18  1.4866e-21  3.5639e-22     730.15   43626.91  1308807.19 2.4773e+22    1.70  deep
1027   4  27  10  3.00e+21   8.856     2.8651   0.0274  50.1243  1490.749  2.532e+22     9.438      1    0  2.4034e-18  1.6122e-21  3.7060e-22     837.00   41953.86  1258615.93 2.2354e+22    1.68  deep
1028   4  27  11  3.00e+21   9.313     2.8651   0.0350  31.9152   609.240  2.223e+22     8.412      1    0  1.3059e-18  2.1435e-21  4.1839e-22    1164.39   37161.90  1114856.94 1.7537e+22    1.57  deep
1029   4  27  12  3.00e+21   9.691     2.8651   0.0448  21.9102   272.694  1.931e+22     7.438      1    0  8.0677e-19  2.9585e-21  4.6959e-22    1511.20   33110.58   993317.35 1.4560e+22    1.42  deep
1030   4  27  13  3.00e+21  10.142     2.8651   0.0572  14.2878   101.229  1.581e+22     6.270      1    0  4.6354e-19  4.5791e-21  5.3356e-22    2039.56   29140.72   874221.61 1.1824e+22    1.22  deep
1031   4  27  14  3.00e+21  10.529     2.8651   0.0732  10.3078    45.268  1.301e+22     5.337      1    0  2.9184e-19  6.4469e-21  5.7593e-22    2619.09   26997.05   809911.62 9.9894e+21    1.09 super
1032   4  27  15  3.00e+21  10.981     2.8651   0.0936   7.4607    20.102  1.013e+22     4.376      1    0  1.7156e-19  8.5341e-21  5.9739e-22    3488.53   26026.88   780806.33 8.2898e+21    1.01 super
1033   4  27  16  3.00e+21  11.454     2.8651   0.1196   5.6236    10.112  7.578e+21     3.526      1    0  9.7852e-20  9.6767e-21  5.8608e-22    4717.54   26529.35   795880.62 6.8874e+21    1.01   sub
1034   4  27  17  3.00e+21  11.932     2.8651   0.1529   4.3903     5.823  5.443e+21     2.814      1    0  5.3867e-20  9.2499e-21  5.4572e-22    6489.56   28491.24   854737.16 5.7619e+21    1.10   sub
1035   4  27  18  3.00e+21  12.383     2.8651   0.1955   3.5320     3.808  3.773e+21     2.258      1    0  2.8761e-20  7.5528e-21  4.8654e-22    9047.79   31956.65   958699.46 4.9026e+21    1.28   sub
1036   4  27  19  3.00e+21  12.787     2.8651   0.2500   2.8988     2.748  2.519e+21     1.840      1    0  1.4766e-20  5.3726e-21  4.1801e-22   12831.46   37196.08  1115882.35 4.2655e+21    1.60   sub
1037   4  28  11  3.00e+21   9.149     4.2518   0.0350  58.8381  2021.627  2.353e+22     8.843      1    0  1.6022e-18  7.9254e-22  2.5362e-22    1041.92   61304.58  1839137.29 1.9088e+22    1.70  deep
1038   4  28  12  3.00e+21   9.625     4.2518   0.0448  37.6741   852.885  1.992e+22     7.641      1    0  8.5994e-19  1.0083e-21  2.8291e-22    1458.78   54958.02  1648740.68 1.5025e+22    1.62  deep
1039   4  28  13  3.00e+21  10.039     4.2518   0.0572  25.2349   371.480  1.668e+22     6.559      1    0  5.0962e-19  1.3719e-21  3.1838e-22    1935.27   48836.35  1465090.64 1.2384e+22    1.48  deep
1040   4  28  14  3.00e+21  10.403     4.2518   0.0732  17.7541   169.205  1.396e+22     5.654      1    0  3.2418e-19  1.9159e-21  3.5454e-22    2470.10   43854.34  1315630.29 1.0542e+22    1.32  deep
1041   4  28  15  3.00e+21  10.846     4.2518   0.0936  11.9048    64.812  1.100e+22     4.665      1    0  1.8821e-19  2.9039e-21  3.9457e-22    3310.08   39405.87  1182176.24 8.7559e+21    1.14 super
1042   4  28  16  3.00e+21  11.279     4.2518   0.1196   8.4594    27.541  8.501e+21     3.834      1    0  1.1048e-19  4.0114e-21  4.1718e-22    4405.78   37270.31  1118109.30 7.3686e+21    1.03 super
1043   4  28  17  3.00e+21  11.723     4.2518   0.1529   6.2695    13.104  6.345e+21     3.115      1    0  6.3009e-20  4.8085e-21  4.1698e-22    5947.48   37287.87  1118636.01 6.2236e+21    1.00   sub
1044   4  28  18  3.00e+21  12.144     4.2518   0.1955   4.8821     7.322  4.629e+21     2.543      1    0  3.5642e-20  4.8676e-21  3.9569e-22    8048.69   39294.22  1178826.62 5.3361e+21    1.05   sub
1045   4  28  19  3.00e+21  12.549     4.2518   0.2500   3.8984     4.581  3.238e+21     2.079      1    0  1.9254e-20  4.2034e-21  3.5828e-22   11131.92   43396.58  1301897.36 4.6276e+21    1.18   sub
1046   4  29  12  3.00e+21   9.678     6.3096   0.0448  56.2625  1857.709  1.956e+22     7.518      1    0  7.9440e-19  4.2762e-22  1.8158e-22    1521.94   85628.25  2568847.63 1.4647e+22    1.69  deep
1047   4  29  13  3.00e+21  10.025     6.3096   0.0572  41.0592  1011.706  1.683e+22     6.609      1    0  5.0979e-19  5.0389e-22  1.9584e-22    1933.64   79393.49  2381804.65 1.2461e+22    1.64  deep
1048   4  29  14  3.00e+21  10.354     6.3096   0.0732  30.0757   538.781  1.435e+22     5.785      1    0  3.3621e-19  6.2401e-22  2.1364e-22    2419.78   72776.71  2183301.37 1.0769e+22    1.55  deep
1049   4  29  15  3.00e+21  10.752     6.3096   0.0936  20.4293   233.187  1.162e+22     4.874      1    0  2.0334e-19  8.7202e-22  2.4004e-22    3170.68   64774.88  1943246.27 9.1008e+21    1.39  deep
1050   4  29  16  3.00e+21  11.175     6.3096   0.1196  13.6644    90.872  9.088e+21     4.029      1    0  1.1862e-19  1.3053e-21  2.6886e-22    4232.20   57830.32  1734909.45 7.6752e+21    1.20  deep
1051   4  29  17  3.00e+21  11.576     6.3096   0.1529   9.6319    38.180  7.031e+21     3.344      1    0  7.0284e-20  1.8408e-21  2.8847e-22    5595.92   53899.39  1616981.74 6.5759e+21    1.07 super
1052   4  29  18  3.00e+21  11.957     6.3096   0.1955   7.1703    18.212  5.362e+21     2.787      1    0  4.1771e-20  2.2935e-21  2.9393e-22    7377.40   52897.91  1586937.19 5.7087e+21    1.00 super
1053   4  29  19  3.00e+21  12.336     6.3096   0.2500   5.5145     9.660  3.948e+21     2.316      1    0  2.3911e-20  2.4754e-21  2.8470e-22    9903.71   54613.77  1638412.96 4.9858e+21    1.01   sub
1054   4  30  14  3.00e+21  10.329     9.3633   0.0732  48.9667  1425.341  1.456e+22     5.853      1    0  3.4267e-19  2.4041e-22  1.3264e-22    2393.88  117220.20  3516605.88 1.0890e+22    1.68  deep
1055   4  30  15  3.00e+21  10.715     9.3633   0.0936  34.2248   702.830  1.188e+22     4.959      1    0  2.0874e-19  2.9701e-22  1.4542e-22    3123.99  106917.83  3207535.02 9.2416e+21    1.59  deep
1056   4  30  16  3.00e+21  11.103     9.3633   0.1196  23.3834   314.779  9.505e+21     4.168      1    0  1.2596e-19  4.0014e-22  1.6242e-22    4093.79   95726.72  2871801.46 7.8972e+21    1.45  deep
1057   4  30  17  3.00e+21  11.443     9.3633   0.1529  16.6156   144.973  7.688e+21     3.563      1    0  7.9918e-20  5.5126e-22  1.7935e-22    5217.50   86692.09  2600762.70 6.9177e+21    1.29  deep
1058   4  30  18  3.00e+21  11.828     9.3633   0.1955  11.4173    58.429  5.907e+21     2.969      1    0  4.6714e-20  7.9950e-22  1.9628e-22    6938.23   79215.64  2376469.13 5.9863e+21    1.13 super
1059   4  30  19  3.00e+21  12.196     9.3633   0.2500   8.2037    25.495  4.448e+21     2.483      1    0  2.7015e-20  1.0596e-21  2.0457e-22    9264.62   76003.96  2280118.77 5.2386e+21    1.03 super
1060   4  31  15  3.00e+21  10.736    13.8950   0.0936  52.9456  1655.237  1.174e+22     4.914      1    0  2.0059e-19  1.2119e-22  9.2058e-23    3190.02  168897.35  5066920.40 9.1602e+21    1.69  deep
1061   4  31  16  3.00e+21  10.988    13.8950   0.1196  42.0588  1060.740  1.018e+22     4.392      1    0  1.4415e-19  1.3589e-22  9.7108e-23    3806.91  160114.01  4803420.37 8.2683e+21    1.65  deep
1062   4  31  17  3.00e+21  11.379    13.8950   0.1529  28.6199   485.657  8.014e+21     3.671      1    0  8.4946e-20  1.7491e-22  1.0765e-22    5046.53  144430.96  4332928.80 7.0899e+21    1.53  deep
1063   4  31  18  3.00e+21  11.734    13.8950   0.1955  19.6767   214.210  6.318e+21     3.106      1    0  5.1334e-20  2.3964e-22  1.1987e-22    6592.27  129714.33  3891429.89 6.1985e+21    1.37  deep
1064   4  31  19  3.00e+21  12.099    13.8950   0.2500  13.2705    84.630  4.813e+21     2.604      1    0  2.9536e-20  3.4901e-22  1.3276e-22    8824.99  117112.05  3513361.61 5.4237e+21    1.19  deep
1065   4  32  17  3.00e+21  11.329    20.6199   0.1529  47.9069  1366.531  8.266e+21     3.755      1    1  8.9744e-20  6.5673e-23  6.6248e-23    4899.02  234697.00  7040910.10 7.2278e+21    1.67  deep
1066   4  32  18  3.00e+21  11.665    20.6199   0.1955  34.2413   703.518  6.625e+21     3.208      1    0  5.5575e-20  7.8995e-23  7.1881e-23    6317.10  216305.34  6489160.16 6.3602e+21    1.59  deep
1067   4  32  19  3.00e+21  12.057    20.6199   0.2500  22.1311   278.830  4.973e+21     2.658      1    0  3.0479e-20  1.0931e-22  8.1011e-23    8672.29  191927.26  5757817.90 5.5068e+21    1.42  deep
1068   4  33  19  3.00e+21  11.993    30.5995   0.2500  38.3630   884.292  5.211e+21     2.737      1    1  3.3107e-20  3.7439e-23  4.8836e-23    8299.09  318377.83  9551334.96 5.6345e+21    1.63  deep
1069   5   8   1  6.00e+21  10.097     0.0016   0.0030   0.5902     1.059  2.081e+20     1.035      0    0  5.5221e-18  5.2158e-18  8.9366e-20     589.60     347.97    10439.06 1.2065e+22   65.02   sub
1070   5   9   1  6.00e+21   9.670     0.0024   0.0030   0.7336     1.091  3.092e+20     1.052      1    0  7.8365e-18  7.1810e-18  8.7515e-20     484.37     355.33    10659.84 1.4701e+22   35.00   sub
1071   5   9   2  6.00e+21  10.263     0.0024   0.0038   0.6229     1.065  3.069e+20     1.051      1    0  3.6122e-18  3.3902e-18  6.7928e-20     734.96     457.79    13733.62 1.1208e+22   55.69   sub
1072   5   9   3  6.00e+21  10.676     0.0024   0.0049   0.5468     1.050  3.039e+20     1.051      1    0  1.8932e-18  1.8025e-18  5.4920e-20    1035.44     566.21    16986.38 9.3925e+21   81.03   sub
1073   5  10   1  6.00e+21   9.191     0.0035   0.0030   0.9229     1.146  4.586e+20     1.076      1    0  1.1417e-17  9.9633e-18  8.6128e-20     391.21     361.05    10831.47 1.8674e+22   18.55   sub
1074   5  10   2  6.00e+21   9.800     0.0035   0.0038   0.7855     1.105  4.550e+20     1.076      1    0  5.4993e-18  4.9771e-18  6.8011e-20     582.08     457.23    13716.82 1.3825e+22   28.90   sub
1075   5  10   3  6.00e+21  10.331     0.0035   0.0049   0.6758     1.077  4.505e+20     1.075      1    0  2.6948e-18  2.5015e-18  5.3894e-20     853.73     576.99    17309.78 1.0880e+22   44.12   sub
1076   5  10   4  6.00e+21  10.761     0.0035   0.0063   0.5872     1.058  4.432e+20     1.074      1    0  1.3376e-18  1.2642e-18  4.2823e-20    1236.75     726.16    21784.77 9.0665e+21   65.98   sub
1077   5  10   5  6.00e+21  11.145     0.0035   0.0080   0.5009     1.042  4.288e+20     1.071      1    0  5.8346e-19  5.5985e-19  3.2577e-20    1905.68     954.55    28636.56 7.7671e+21  104.50   sub
1078   5  11   1  6.00e+21   8.688     0.0052   0.0030   1.1746     1.240  6.798e+20     1.113      1    0  1.6906e-17  1.3631e-17  8.4701e-20     312.57     367.13    11013.96 2.4589e+22    9.82   sub
1079   5  11   2  6.00e+21   9.314     0.0052   0.0038   0.9928     1.170  6.755e+20     1.113      1    0  8.1574e-18  6.9746e-18  6.7227e-20     465.93     462.56    13876.83 1.7523e+22   15.24   sub
1080   5  11   3  6.00e+21   9.911     0.0052   0.0049   0.8454     1.122  6.683e+20     1.111      1    0  3.9401e-18  3.5120e-18  5.3191e-20     691.54     584.62    17538.59 1.3132e+22   23.58   sub
1081   5  11   4  6.00e+21  10.432     0.0052   0.0063   0.7258     1.089  6.564e+20     1.109      1    0  1.9072e-18  1.7508e-18  4.2013e-20    1019.78     740.17    22205.18 1.0414e+22   36.06   sub
1082   5  11   5  6.00e+21  10.880     0.0052   0.0080   0.6215     1.065  6.367e+20     1.106      1    0  8.7583e-19  8.2223e-19  3.2559e-20    1536.85     955.09    28652.63 8.6350e+21   56.05   sub
1083   5  11   6  6.00e+21  11.162     0.0052   0.0102   0.5492     1.051  6.115e+20     1.102      1    0  4.5770e-19  4.3559e-19  2.6295e-20    2153.32    1182.60    35478.14 7.7128e+21   80.02   sub
1084   5  12   1  6.00e+21   8.208     0.0077   0.0030   1.5082     1.407  1.008e+21     1.168      1    0  2.4888e-17  1.7691e-17  8.2338e-20     250.41     377.67    11330.09 3.3001e+22    5.34   sub
1085   5  12   2  6.00e+21   8.827     0.0077   0.0038   1.2614     1.279  1.002e+21     1.167      1    0  1.1904e-17  9.3075e-18  6.5653e-20     375.48     473.65    14209.50 2.2715e+22    8.20   sub
1086   5  12   3  6.00e+21   9.436     0.0077   0.0049   1.0691     1.198  9.913e+20     1.165      1    0  5.8376e-18  4.8743e-18  5.2467e-20     554.36     592.69    17780.79 1.6483e+22   12.53   sub
1087   5  12   4  6.00e+21  10.051     0.0077   0.0063   0.9020     1.139  9.724e+20     1.162      1    0  2.7036e-18  2.3731e-18  4.1004e-20     840.74     758.37    22751.13 1.2316e+22   19.74   sub
1088   5  12   5  6.00e+21  10.546     0.0077   0.0080   0.7756     1.102  9.445e+20     1.157      1    0  1.3135e-18  1.1916e-18  3.2450e-20    1235.53     958.30    28749.04 9.9202e+21   29.94   sub
1089   5  12   6  6.00e+21  10.931     0.0077   0.0102   0.6742     1.077  9.033e+20     1.151      1    0  6.4921e-19  6.0285e-19  2.5777e-20    1789.22    1206.35    36190.48 8.4581e+21   44.42   sub
1090   5  12   7  6.00e+21  11.219     0.0077   0.0131   0.5900     1.059  8.430e+20     1.141      1    0  3.2146e-19  3.0364e-19  2.0462e-20    2575.97    1519.73    45591.79 7.5420e+21   65.08   sub
1091   5  12   8  6.00e+21  11.447     0.0077   0.0168   0.5098     1.044  7.448e+20     1.124      1    0  1.4459e-19  1.3854e-19  1.5723e-20    3879.61    1977.82    59334.57 6.9069e+21   99.29   sub
1092   5  13   1  6.00e+21   7.783     0.0114   0.0030   1.9579     1.716  1.496e+21     1.249      1    0  3.6095e-17  2.1035e-17  7.8444e-20     202.47     396.42    11892.46 4.4493e+22    3.04   sub
1093   5  13   2  6.00e+21   8.337     0.0114   0.0038   1.6297     1.480  1.486e+21     1.248      1    0  1.7706e-17  1.1961e-17  6.3775e-20     299.20     487.60    14627.88 3.0386e+22    4.48   sub
1094   5  13   3  6.00e+21   8.955     0.0114   0.0049   1.3611     1.327  1.469e+21     1.245      1    0  8.5112e-18  6.4124e-18  5.1083e-20     447.25     608.75    18262.50 2.1173e+22    6.80   sub
1095   5  13   4  6.00e+21   9.586     0.0114   0.0063   1.1429     1.227  1.442e+21     1.240      1    0  4.0285e-18  3.2832e-18  4.0450e-20     672.63     768.77    23063.18 1.5308e+22   10.53   sub
1096   5  13   5  6.00e+21  10.139     0.0114   0.0080   0.9769     1.164  1.401e+21     1.234      1    0  1.9806e-18  1.7015e-18  3.2267e-20     986.55     963.72    28911.67 1.1838e+22   15.92   sub
1097   5  13   6  6.00e+21  10.622     0.0114   0.0102   0.8384     1.120  1.338e+21     1.223      1    0  9.5402e-19  8.5190e-19  2.5492e-20    1454.96    1219.88    36596.40 9.6056e+21   24.12   sub
1098   5  13   7  6.00e+21  11.001     0.0114   0.0131   0.7256     1.089  1.243e+21     1.207      1    0  4.6020e-19  4.2249e-19  2.0104e-20    2131.83    1546.78    46403.42 8.2257e+21   36.10   sub
1099   5  13   8  6.00e+21  11.297     0.0114   0.0168   0.6249     1.066  1.097e+21     1.183      1    0  2.0869e-19  1.9578e-19  1.5513e-20    3208.11    2004.59    60137.85 7.3175e+21   55.18   sub
1100   5  13   9  6.00e+21  11.462     0.0114   0.0214   0.5570     1.052  9.461e+20     1.158      1    0  1.1097e-19  1.0546e-19  1.2599e-20    4431.52    2468.14    74044.34 6.8663e+21   76.84   sub
1101   5  14   1  6.00e+21   7.428     0.0169   0.0030   2.5878     2.342  2.217e+21     1.370      1    0  5.1442e-17  2.1964e-17  7.2527e-20     165.69     428.76    12862.75 5.9563e+22    1.87   sub
1102   5  14   2  6.00e+21   7.901     0.0169   0.0038   2.1328     1.866  2.202e+21     1.367      1    0  2.5828e-17  1.3845e-17  6.0457e-20     241.17     514.36    15430.88 4.0769e+22    2.59   sub
1103   5  14   3  6.00e+21   8.469     0.0169   0.0049   1.7634     1.569  2.176e+21     1.363      1    0  1.2587e-17  8.0201e-18  4.9306e-20     357.66     630.69    18920.60 2.7995e+22    3.77   sub
1104   5  14   4  6.00e+21   9.090     0.0169   0.0063   1.4675     1.384  2.136e+21     1.356      1    0  6.0350e-18  4.3610e-18  3.9598e-20     535.13     785.31    23559.44 1.9688e+22    5.69   sub
1105   5  14   5  6.00e+21   9.699     0.0169   0.0080   1.2354     1.267  2.074e+21     1.346      1    0  2.9051e-18  2.2930e-18  3.1596e-20     796.70     984.21    29526.27 1.4503e+22    8.64   sub
1106   5  14   6  6.00e+21  10.250     0.0169   0.0102   1.0509     1.191  1.979e+21     1.330      1    0  1.4010e-18  1.1766e-18  2.5090e-20    1179.40    1239.38    37181.52 1.1271e+22   13.11   sub
1107   5  14   7  6.00e+21  10.735     0.0169   0.0131   0.8943     1.137  1.828e+21     1.305      1    0  6.4649e-19  5.6870e-19  1.9571e-20    1776.78    1588.93    47667.77 9.1667e+21   20.21   sub
1108   5  14   8  6.00e+21  11.077     0.0169   0.0168   0.7771     1.103  1.632e+21     1.272      1    0  3.1739e-19  2.8784e-19  1.5534e-20    2575.92    2001.83    60055.00 7.9786e+21   29.78   sub
1109   5  14   9  6.00e+21  11.323     0.0169   0.0214   0.6808     1.078  1.382e+21     1.230      1    0  1.5739e-19  1.4595e-19  1.2351e-20    3698.39    2517.77    75533.02 7.2432e+21   43.22   sub
1110   5  14  10  6.00e+21  11.499     0.0169   0.0274   0.5972     1.060  1.085e+21     1.181      1    0  7.6625e-20  7.2279e-20  9.7490e-21    5341.46    3189.72    95691.67 6.7711e+21   62.85   sub
1111   5  14  11  6.00e+21  11.620     0.0169   0.0350   0.5224     1.046  7.727e+20     1.129      1    0  3.5999e-20  3.4420e-20  7.5990e-21    7833.99    4092.18   122765.43 6.4669e+21   92.52   sub
1112   5  15   1  6.00e+21   7.160     0.0251   0.0030   3.5049     3.756  3.279e+21     1.547      1    0  7.0324e-17  1.8724e-17  6.3769e-20     139.13     487.65    14629.37 7.7311e+22    1.29   sub
1113   5  15   2  6.00e+21   7.559     0.0251   0.0038   2.8240     2.644  3.255e+21     1.543      1    0  3.5640e-17  1.3478e-17  5.4836e-20     200.81     567.09    17012.66 5.3163e+22    1.65   sub
1114   5  15   3  6.00e+21   8.052     0.0251   0.0049   2.3056     2.031  3.217e+21     1.536      1    0  1.7814e-17  8.7707e-18  4.6008e-20     293.16     675.90    20276.99 3.6642e+22    2.25   sub
1115   5  15   4  6.00e+21   8.625     0.0251   0.0063   1.8993     1.670  3.159e+21     1.526      1    0  8.7307e-18  5.2291e-18  3.7780e-20     433.38     823.09    24692.84 2.5508e+22    3.23   sub
1116   5  15   5  6.00e+21   9.226     0.0251   0.0080   1.5844     1.452  3.067e+21     1.511      1    0  4.2774e-18  2.9458e-18  3.0650e-20     640.37    1014.58    30437.29 1.8336e+22    4.77   sub
1117   5  15   6  6.00e+21   9.824     0.0251   0.0102   1.3312     1.312  2.924e+21     1.487      1    0  2.0566e-18  1.5672e-18  2.4512e-20     953.00    1268.63    38058.79 1.3669e+22    7.18   sub
1118   5  15   7  6.00e+21  10.362     0.0251   0.0131   1.1295     1.222  2.711e+21     1.452      1    0  9.8289e-19  8.0465e-19  1.9445e-20    1415.79    1599.20    47975.98 1.0731e+22   10.86   sub
1119   5  15   8  6.00e+21  10.794     0.0251   0.0168   0.9717     1.162  2.418e+21     1.403      1    0  4.7832e-19  4.1154e-19  1.5449e-20    2071.32    2012.80    60384.09 8.9462e+21   16.14   sub
1120   5  15   9  6.00e+21  11.129     0.0251   0.0214   0.8408     1.121  2.033e+21     1.339      1    0  2.2989e-19  2.0516e-19  1.2191e-20    3033.75    2550.75    76522.44 7.8164e+21   23.93   sub
1121   5  15  10  6.00e+21  11.369     0.0251   0.0274   0.7320     1.091  1.584e+21     1.264      1    0  1.1024e-19  1.0105e-19  9.5939e-21    4428.04    3241.29    97238.58 7.1167e+21   35.21   sub
1122   5  15  11  6.00e+21  11.542     0.0251   0.0350   0.6342     1.068  1.105e+21     1.184      1    0  5.0048e-20  4.6864e-20  7.4051e-21    6621.63    4199.32   125979.71 6.6615e+21   52.89   sub
1123   5  15  12  6.00e+21  11.633     0.0251   0.0448   0.5679     1.054  7.852e+20     1.131      1    0  2.6812e-20  2.5430e-20  6.0292e-21    9082.33    5157.63   154728.99 6.4371e+21   72.65   sub
1124   5  16   1  6.00e+21   6.996     0.0373   0.0030   4.8463     7.204  4.833e+21     1.806      1    0  8.6759e-17  1.2043e-17  5.1821e-20     123.82     600.08    18002.26 9.3312e+22    1.05   sub
1125   5  16   2  6.00e+21   7.301     0.0373   0.0038   3.8431     4.456  4.798e+21     1.800      1    0  4.6967e-17  1.0540e-17  4.7067e-20     171.91     660.69    19820.59 6.6999e+22    1.20   sub
1126   5  16   3  6.00e+21   7.699     0.0373   0.0049   3.0929     3.039  4.745e+21     1.791      1    0  2.4694e-17  8.1271e-18  4.1295e-20     243.47     753.03    22590.93 4.7458e+22    1.47   sub
1127   5  16   4  6.00e+21   8.192     0.0373   0.0063   2.5151     2.257  4.659e+21     1.776      1    0  1.2570e-17  5.5695e-18  3.5124e-20     352.00     885.33    26559.88 3.3356e+22    1.96   sub
1128   5  16   5  6.00e+21   8.766     0.0373   0.0080   2.0611     1.802  4.521e+21     1.753      1    0  6.1846e-18  3.4318e-18  2.9064e-20     519.11    1069.95    32098.54 2.3517e+22    2.76   sub
1129   5  16   6  6.00e+21   9.359     0.0373   0.0102   1.7146     1.536  4.313e+21     1.719      1    0  3.0405e-18  1.9796e-18  2.3707e-20     765.01    1311.69    39350.83 1.7129e+22    4.00   sub
1130   5  16   7  6.00e+21   9.951     0.0373   0.0131   1.4348     1.366  3.994e+21     1.666      1    0  1.4492e-18  1.0609e-18  1.8968e-20    1142.59    1639.44    49183.18 1.2892e+22    6.00   sub
1131   5  16   8  6.00e+21  10.458     0.0373   0.0168   1.2205     1.260  3.558e+21     1.593      1    0  7.0298e-19  5.5778e-19  1.5149e-20    1681.79    2052.66    61579.79 1.0299e+22    8.91   sub
1132   5  16   9  6.00e+21  10.875     0.0373   0.0214   1.0467     1.189  2.986e+21     1.498      1    0  3.3735e-19  2.8370e-19  1.2001e-20    2475.64    2591.15    77734.59 8.6548e+21   13.25   sub
1133   5  16  10  6.00e+21  11.199     0.0373   0.0274   0.9000     1.139  2.296e+21     1.383      1    0  1.5700e-19  1.3788e-19  9.3819e-21    3682.67    3314.52    99435.57 7.6033e+21   19.86   sub
1134   5  16  11  6.00e+21  11.410     0.0373   0.0350   0.7877     1.106  1.664e+21     1.277      1    0  7.7356e-20  6.9971e-20  7.4542e-21    5295.68    4171.66   125149.84 7.0041e+21   28.67   sub
1135   5  16  12  6.00e+21  11.555     0.0373   0.0448   0.6928     1.081  1.132e+21     1.189      1    0  3.8170e-20  3.5301e-20  5.9169e-21    7586.50    5255.57   157667.06 6.6288e+21   41.14   sub
1136   5  16  13  6.00e+21  11.655     0.0373   0.0572   0.6069     1.062  7.224e+20     1.120      1    0  1.8092e-20  1.7034e-20  4.6297e-21   11066.94    6716.69   201500.82 6.3832e+21   59.99   sub
1137   5  16  14  6.00e+21  11.716     0.0373   0.0732   0.5366     1.048  4.624e+20     1.077      1    0  8.9173e-21  8.5051e-21  3.6663e-21   15804.93    8481.64   254449.30 6.2395e+21   85.56   sub
1138   5  17   1  6.00e+21   6.888     0.0553   0.0030   7.1281    17.948  7.074e+21     2.179      1    0  1.0247e-16  5.7096e-18  3.8592e-20     113.04     805.79    24173.60 1.0774e+23    1.00 super
1139   5  17   2  6.00e+21   7.124     0.0553   0.0038   5.4626     9.450  7.029e+21     2.172      1    0  5.8394e-17  6.1795e-18  3.7379e-20     152.29     831.92    24957.67 8.0420e+22    1.01   sub
1140   5  17   3  6.00e+21   7.451     0.0553   0.0049   4.2471     5.436  6.949e+21     2.158      1    0  3.1648e-17  5.8217e-18  3.4608e-20     211.57     898.54    26956.34 5.8353e+22    1.12   sub
1141   5  17   4  6.00e+21   7.849     0.0553   0.0063   3.4008     3.561  6.826e+21     2.138      1    0  1.7091e-17  4.7996e-18  3.0945e-20     295.50    1004.91    30147.31 4.2345e+22    1.33   sub
1142   5  17   5  6.00e+21   8.345     0.0553   0.0080   2.7448     2.539  6.627e+21     2.105      1    0  8.7817e-18  3.4593e-18  2.6654e-20     425.05    1166.69    35000.84 3.0231e+22    1.72   sub
1143   5  17   6  6.00e+21   8.909     0.0553   0.0102   2.2423     1.968  6.320e+21     2.053      1    0  4.3786e-18  2.2246e-18  2.2297e-20     621.98    1394.64    41839.15 2.1702e+22    2.36   sub
1144   5  17   7  6.00e+21   9.502     0.0553   0.0131   1.8536     1.635  5.859e+21     1.977      1    0  2.1353e-18  1.3061e-18  1.8239e-20     919.81    1704.96    51148.72 1.5952e+22    3.40   sub
1145   5  17   8  6.00e+21  10.072     0.0553   0.0168   1.5502     1.431  5.205e+21     1.867      1    0  1.0246e-18  7.1581e-19  1.4674e-20    1367.07    2119.20    63575.94 1.2202e+22    5.01   sub
1146   5  17   9  6.00e+21  10.559     0.0553   0.0214   1.3160     1.305  4.368e+21     1.728      1    0  4.9504e-19  3.7938e-19  1.1733e-20    2013.80    2650.26    79507.89 9.8638e+21    7.39   sub
1147   5  17  10  6.00e+21  10.952     0.0553   0.0274   1.1279     1.221  3.397e+21     1.566      1    0  2.3739e-19  1.9445e-19  9.3088e-21    2961.68    3340.58   100217.30 8.3875e+21   10.90   sub
1148   5  17  11  6.00e+21  11.239     0.0553   0.0350   0.9777     1.164  2.451e+21     1.409      1    0  1.1524e-19  9.8979e-20  7.3865e-21    4306.10    4209.95   126298.40 7.4838e+21   15.88   sub
1149   5  17  12  6.00e+21  11.445     0.0553   0.0448   0.8506     1.123  1.642e+21     1.274      1    0  5.5116e-20  4.9059e-20  5.8181e-21    6283.30    5344.77   160343.16 6.9117e+21   23.18   sub
1150   5  17  13  6.00e+21  11.584     0.0553   0.0572   0.7428     1.094  1.050e+21     1.175      1    0  2.6182e-20  2.3940e-20  4.5643e-21    9171.57    6812.99   204389.72 6.5570e+21   33.79   sub
1151   5  17  14  6.00e+21  11.673     0.0553   0.0732   0.6513     1.072  6.583e+20     1.110      1    0  1.2474e-20  1.1639e-20  3.5794e-21   13338.68    8687.57   260627.07 6.3407e+21   49.02   sub
1152   5  17  15  6.00e+21  11.725     0.0553   0.0936   0.5803     1.057  4.294e+20     1.072      1    0  6.4273e-21  6.0821e-21  2.8775e-21   18623.29   10806.73   324201.99 6.2194e+21   68.26   sub
1153   5  17  16  6.00e+21  11.765     0.0553   0.1196   0.5030     1.043  2.497e+20     1.042      0    0  2.8019e-21  2.6876e-21  2.1879e-21   28254.76   14213.01   426390.44 6.1263e+21  103.22   sub
1154   5  18   1  6.00e+21   6.831     0.0821   0.0030  11.1649    55.268  1.016e+22     2.693      1    0  1.1245e-16  2.0346e-18  2.5916e-20     107.47    1199.88    35996.48 1.1717e+23    1.12 super
1155   5  18   2  6.00e+21   7.024     0.0821   0.0038   8.1641    25.188  1.013e+22     2.688      1    0  6.6455e-17  2.6384e-18  2.6870e-20     141.76    1157.31    34719.16 9.0213e+22    1.02 super
1156   5  18   3  6.00e+21   7.285     0.0821   0.0049   6.1057    12.293  1.004e+22     2.673      1    0  3.7961e-17  3.0879e-18  2.6664e-20     191.01    1166.25    34987.54 6.8071e+22    1.00   sub
1157   5  18   4  6.00e+21   7.612     0.0821   0.0063   4.7264     6.819  9.867e+21     2.645      1    0  2.1381e-17  3.1357e-18  2.5289e-20     260.16    1229.63    36888.81 5.0904e+22    1.06   sub
1158   5  18   5  6.00e+21   8.016     0.0821   0.0080   3.7427     4.237  9.592e+21     2.599      1    0  1.1690e-17  2.7589e-18  2.3011e-20     361.08    1351.40    40541.93 3.7573e+22    1.22   sub
1159   5  18   6  6.00e+21   8.509     0.0821   0.0102   3.0003     2.896  9.156e+21     2.526      1    0  6.0906e-18  2.1028e-18  2.0111e-20     515.37    1546.26    46387.79 2.7329e+22    1.53   sub
1160   5  18   7  6.00e+21   9.064     0.0821   0.0131   2.4395     2.172  8.501e+21     2.417      1    0  3.0679e-18  1.4124e-18  1.7008e-20     749.47    1828.36    54850.68 1.9963e+22    2.05   sub
1161   5  18   8  6.00e+21   9.646     0.0821   0.0168   2.0069     1.756  7.557e+21     2.260      1    0  1.4956e-18  8.5165e-19  1.3992e-20    1107.35    2222.40    66671.96 1.4874e+22    2.90   sub
1162   5  18   9  6.00e+21  10.185     0.0821   0.0214   1.6802     1.513  6.352e+21     2.059      1    0  7.2896e-19  4.8182e-19  1.1355e-20    1629.86    2738.57    82157.16 1.1598e+22    4.18   sub
1163   5  18  10  6.00e+21  10.657     0.0821   0.0274   1.4205     1.358  4.934e+21     1.822      1    0  3.4806e-19  2.5625e-19  9.0728e-21    2412.77    3427.45   102823.59 9.4668e+21    6.14   sub
1164   5  18  11  6.00e+21  11.018     0.0821   0.0350   1.2206     1.260  3.572e+21     1.595      1    0  1.6959e-19  1.3455e-19  7.2486e-21    3514.67    4290.00   128699.91 8.1673e+21    8.91   sub
1165   5  18  12  6.00e+21  11.289     0.0821   0.0448   1.0558     1.193  2.409e+21     1.401      1    0  8.1684e-20  6.8494e-20  5.7460e-21    5125.92    5411.87   162356.02 7.3413e+21   12.95   sub
1166   5  18  13  6.00e+21  11.481     0.0821   0.0572   0.9155     1.144  1.536e+21     1.256      1    0  3.8448e-20  3.3621e-20  4.5077e-21    7534.97    6898.54   206956.12 6.8160e+21   18.96   sub
1167   5  18  14  6.00e+21  11.603     0.0821   0.0732   0.8039     1.110  9.831e+20     1.164      1    0  1.8856e-20  1.6987e-20  3.5762e-21   10816.18    8695.45   260863.53 6.5095e+21   27.10   sub
1168   5  18  15  6.00e+21  11.683     0.0821   0.0936   0.7076     1.085  6.201e+20     1.103      1    0  9.2034e-21  8.4837e-21  2.8287e-21   15535.39   10993.06   329791.81 6.3168e+21   38.74   sub
1169   5  18  16  6.00e+21  11.738     0.0821   0.1196   0.6178     1.064  3.736e+20     1.062      1    0  4.2295e-21  3.9735e-21  2.1912e-21   22970.42   14191.45   425743.36 6.1891e+21   57.00   sub
1170   5  18  17  6.00e+21  11.767     0.0821   0.1529   0.5515     1.051  2.422e+20     1.040      0    0  2.1871e-21  2.0805e-21  1.7631e-21   31983.32   17637.94   529138.34 6.1220e+21   79.07   sub
1171   5  19   1  6.00e+21   6.783     0.1218   0.0030  19.4200   207.909  1.387e+22     3.312      1    0  1.2634e-16  6.0769e-19  1.5849e-20     101.03    1962.01    58860.25 1.2659e+23    1.36  deep
1172   5  19   2  6.00e+21   6.966     0.1218   0.0038  13.1579    82.888  1.404e+22     3.339      1    0  7.2282e-17  8.7205e-19  1.7459e-20     135.36    1781.07    53432.22 9.6937e+22    1.19  deep
1173   5  19   3  6.00e+21   7.190     0.1218   0.0049   9.3042    34.997  1.403e+22     3.339      1    0  4.2238e-17  1.2069e-18  1.8578e-20     179.90    1673.88    50216.30 7.4869e+22    1.06 super
1174   5  19   4  6.00e+21   7.445     0.1218   0.0063   6.9929    17.117  1.388e+22     3.314      1    0  2.5536e-17  1.4918e-18  1.8888e-20     235.44    1646.38    49391.26 5.8652e+22    1.00 super
1175   5  19   5  6.00e+21   7.789     0.1218   0.0080   5.2814     8.742  1.353e+22     3.256      1    0  1.4347e-17  1.6411e-18  1.8326e-20     321.29    1696.86    50905.76 4.4277e+22    1.02   sub
1176   5  19   6  6.00e+21   8.195     0.1218   0.0102   4.1341     5.145  1.296e+22     3.160      1    0  7.9534e-18  1.5457e-18  1.6995e-20     442.62    1829.80    54894.02 3.3283e+22    1.14   sub
1177   5  19   7  6.00e+21   8.685     0.1218   0.0131   3.2834     3.352  1.206e+22     3.010      1    0  4.1828e-18  1.2477e-18  1.5074e-20     628.31    2062.96    61888.94 2.4626e+22    1.38   sub
1178   5  19   8  6.00e+21   9.225     0.1218   0.0168   2.6585     2.428  1.078e+22     2.797      1    0  2.1361e-18  8.7964e-19  1.2909e-20     906.12    2408.87    72266.07 1.8348e+22    1.80   sub
1179   5  19   9  6.00e+21   9.777     0.1218   0.0214   2.1872     1.916  9.103e+21     2.517      1    0  1.0632e-18  5.5497e-19  1.0752e-20    1322.26    2892.08    86762.34 1.3977e+22    2.47   sub
1180   5  19  10  6.00e+21  10.298     0.1218   0.0274   1.8238     1.613  7.131e+21     2.189      1    0  5.1705e-19  3.2059e-19  8.7623e-21    1945.90    3548.90   106466.99 1.1038e+22    3.51   sub
1181   5  19  11  6.00e+21  10.747     0.1218   0.0350   1.5377     1.424  5.128e+21     1.855      1    0  2.4613e-19  1.7284e-19  7.0185e-21    2881.26    4430.64   132919.25 9.1200e+21    5.10   sub
1182   5  19  12  6.00e+21  11.086     0.1218   0.0448   1.3188     1.306  3.487e+21     1.581      1    0  1.1949e-19  9.1477e-20  5.6141e-21    4200.00    5539.06   166171.94 7.9485e+21    7.35   sub
1183   5  19  13  6.00e+21  11.340     0.1218   0.0572   1.1372     1.225  2.249e+21     1.375      1    0  5.6852e-20  4.6423e-20  4.4404e-21    6158.12    7003.04   210091.10 7.1974e+21   10.67   sub
1184   5  19  14  6.00e+21  11.509     0.1218   0.0732   0.9917     1.169  1.436e+21     1.239      1    0  2.7644e-20  2.3644e-20  3.5246e-21    8896.83    8822.61   264678.41 6.7449e+21   15.29   sub
1185   5  19  15  6.00e+21  11.625     0.1218   0.0936   0.8650     1.128  8.910e+20     1.149      1    0  1.3113e-20  1.1627e-20  2.7688e-21   12982.98   11230.88   336926.37 6.4552e+21   22.13   sub
1186   5  19  16  6.00e+21  11.700     0.1218   0.1196   0.7560     1.097  5.451e+20     1.091      1    0  6.1575e-21  5.6128e-21  2.1642e-21   19007.06   14368.96   431068.79 6.2760e+21   32.17   sub
1187   5  19  17  6.00e+21  11.744     0.1218   0.1529   0.6698     1.076  3.463e+20     1.058      1    0  3.0836e-21  2.8662e-21  1.7254e-21   26909.05   18023.17   540695.18 6.1745e+21   45.27   sub
1188   5  19  18  6.00e+21  11.773     0.1218   0.1955   0.5931     1.059  2.178e+20     1.036      0    0  1.5258e-21  1.4404e-21  1.3688e-21   38300.46   22717.32   681519.57 6.1094e+21   64.09   sub
1189   5  19  19  6.00e+21  11.792     0.1218   0.2500   0.5201     1.045  1.310e+20     1.022      0    1  7.0818e-22  6.7737e-22  1.0626e-21   56265.47   29265.06   877951.89 6.0657e+21   93.68   sub
1190   5  20   1  6.00e+21   6.762     0.1808   0.0030  33.0695   655.311  1.713e+22     3.855      1    0  1.3308e-16  2.0309e-19  9.5670e-21      98.29    3250.40    97511.98 1.3113e+23    1.58  deep
1191   5  20   2  6.00e+21   6.926     0.1808   0.0038  22.6467   293.392  1.779e+22     3.965      1    0  7.7970e-17  2.6575e-19  1.0566e-20     129.96    2943.10    88293.06 1.0216e+23    1.43  deep
1192   5  20   3  6.00e+21   7.120     0.1808   0.0049  15.6797   126.435  1.823e+22     4.038      1    0  4.6987e-17  3.7163e-19  1.1684e-20     169.73    2661.36    79840.78 8.0755e+22    1.26  deep
1193   5  20   4  6.00e+21   7.358     0.1808   0.0063  10.9447    52.591  1.837e+22     4.062      1    0  2.7953e-17  5.3151e-19  1.2700e-20     223.72    2448.52    73455.56 6.3446e+22    1.11 super
1194   5  20   5  6.00e+21   7.648     0.1808   0.0080   7.8721    22.989  1.814e+22     4.023      1    0  1.6371e-17  7.1214e-19  1.3255e-20     298.03    2346.11    70383.26 4.9425e+22    1.02 super
1195   5  20   6  6.00e+21   7.991     0.1808   0.0102   5.8980    11.317  1.751e+22     3.918      1    0  9.4584e-18  8.3575e-19  1.3155e-20     400.78    2363.85    70915.39 3.8236e+22    1.00   sub
1196   5  20   7  6.00e+21   8.388     0.1808   0.0131   4.5819     6.376  1.645e+22     3.741      1    0  5.3701e-18  8.4227e-19  1.2454e-20     544.97    2496.98    74909.42 2.9418e+22    1.07   sub
1197   5  20   8  6.00e+21   8.877     0.1808   0.0168   3.5928     3.928  1.476e+22     3.460      1    0  2.8309e-18  7.2077e-19  1.1210e-20     772.14    2774.13    83223.80 2.2092e+22    1.26   sub
1198   5  20   9  6.00e+21   9.389     0.1808   0.0214   2.9053     2.758  1.261e+22     3.101      1    0  1.4816e-18  5.3727e-19  9.7512e-21    1097.66    3188.99    95669.69 1.6874e+22    1.59   sub
1199   5  20  10  6.00e+21   9.920     0.1808   0.0274   2.3791     2.107  9.997e+21     2.666      1    0  7.4136e-19  3.5184e-19  8.1947e-21    1595.03    3794.71   113841.28 1.3074e+22    2.14   sub
1200   5  20  11  6.00e+21  10.417     0.1808   0.0350   1.9762     1.731  7.305e+21     2.217      1    0  3.6055e-19  2.0831e-19  6.7136e-21    2343.78    4631.85   138955.60 1.0480e+22    2.99   sub
1201   5  20  12  6.00e+21  10.829     0.1808   0.0448   1.6705     1.507  5.015e+21     1.836      1    0  1.7536e-19  1.1640e-19  5.4328e-21    3426.42    5723.87   171716.02 8.8188e+21    4.24   sub
1202   5  20  13  6.00e+21  11.150     0.1808   0.0572   1.4268     1.362  3.274e+21     1.546      1    0  8.4142e-20  6.1796e-20  4.3420e-21    5019.48    7161.78   214853.30 7.7498e+21    6.08   sub
1203   5  20  14  6.00e+21  11.378     0.1808   0.0732   1.2336     1.266  2.097e+21     1.350      1    0  4.0806e-20  3.2228e-20  3.4621e-21    7281.14    8981.92   269457.56 7.0902e+21    8.67   sub
1204   5  20  15  6.00e+21  11.535     0.1808   0.0936   1.0741     1.200  1.324e+21     1.221      1    0  1.9783e-20  1.6492e-20  2.7497e-21   10529.20   11309.12   339273.49 6.6775e+21   12.38   sub
1205   5  20  16  6.00e+21  11.642     0.1808   0.1196   0.9366     1.150  8.189e+20     1.136      1    0  9.4043e-21  8.1747e-21  2.1642e-21   15341.42   14368.58   431057.55 6.4149e+21   17.83   sub
1206   5  20  17  6.00e+21  11.708     0.1808   0.1529   0.8229     1.115  5.107e+20     1.085      1    0  4.5669e-21  4.0945e-21  1.7117e-21   22077.75   18166.70   545001.08 6.2574e+21   25.40   sub
1207   5  20  18  6.00e+21  11.751     0.1808   0.1955   0.7236     1.089  3.158e+20     1.053      1    0  2.1990e-21  2.0197e-21  1.3482e-21   31874.33   23065.46   691963.68 6.1586e+21   36.37   sub
1208   5  20  19  6.00e+21  11.780     0.1808   0.2500   0.6290     1.067  1.850e+20     1.031      0    1  9.7931e-22  9.1798e-22  1.0338e-21   47822.68   30080.99   902429.59 6.0927e+21   54.15   sub
1209   5  21   1  6.00e+21   6.719     0.2683   0.0030  58.1900  1979.836  1.876e+22     4.127      1    0  1.5625e-16  7.8923e-20  5.9103e-21      90.42    5261.39   157841.74 1.4214e+23    1.70  deep
1210   5  21   2  6.00e+21   6.915     0.2683   0.0038  37.4109   841.009  2.010e+22     4.350      1    0  7.9156e-17  9.4120e-20  6.4499e-21     128.87    4821.24   144637.19 1.0377e+23    1.62  deep
1211   5  21   3  6.00e+21   7.103     0.2683   0.0049  25.9921   395.860  2.110e+22     4.517      1    0  4.7526e-17  1.2006e-19  7.0974e-21     168.57    4381.42   131442.48 8.2278e+22    1.49  deep
1212   5  21   4  6.00e+21   7.286     0.2683   0.0063  18.9799   197.315  2.176e+22     4.626      1    0  3.1128e-17  1.5776e-19  7.7666e-21     210.95    4003.88   120116.41 6.7992e+22    1.35  deep
1213   5  21   5  6.00e+21   7.560     0.2683   0.0080  12.7084    76.128  2.214e+22     4.690      1    0  1.7947e-17  2.3575e-19  8.6464e-21     283.00    3596.49   107894.61 5.3113e+22    1.17  deep
1214   5  21   6  6.00e+21   7.850     0.2683   0.0102   9.0871    32.977  2.186e+22     4.644      1    0  1.0815e-17  3.2795e-19  9.2119e-21     371.48    3375.69   101270.58 4.2328e+22    1.05 super
1215   5  21   7  6.00e+21   8.203     0.2683   0.0131   6.6442    15.093  2.084e+22     4.473      1    0  6.2459e-18  4.1383e-19  9.3661e-21     499.70    3320.13    99604.03 3.3115e+22    1.00 super
1216   5  21   8  6.00e+21   8.608     0.2683   0.0168   5.0566     7.920  1.905e+22     4.175      1    0  3.5311e-18  4.4584e-19  9.0328e-21     680.81    3442.63   103278.91 2.5754e+22    1.03   sub
1217   5  21   9  6.00e+21   9.066     0.2683   0.0214   3.9646     4.734  1.652e+22     3.753      1    0  1.9311e-18  4.0793e-19  8.3019e-21     944.78    3745.71   112371.42 1.9938e+22    1.17   sub
1218   5  21  10  6.00e+21   9.555     0.2683   0.0274   3.1878     3.191  1.345e+22     3.242      1    0  1.0254e-18  3.2132e-19  7.3288e-21    1331.03    4243.08   127292.46 1.5545e+22    1.42   sub
1219   5  21  11  6.00e+21  10.066     0.2683   0.0350   2.5916     2.347  1.006e+22     2.677      1    0  5.1306e-19  2.1863e-19  6.2125e-21    1931.38    5005.46   150163.76 1.2232e+22    1.87   sub
1220   5  21  12  6.00e+21  10.519     0.2683   0.0448   2.1594     1.890  7.110e+21     2.185      1    0  2.5715e-19  1.3607e-19  5.1639e-21    2788.72    6021.96   180658.88 1.0036e+22    2.53   sub
1221   5  21  13  6.00e+21  10.907     0.2683   0.0572   1.8182     1.609  4.726e+21     1.788      1    0  1.2476e-19  7.7556e-20  4.1951e-21    4076.92    7412.53   222375.93 8.5415e+21    3.54   sub
1222   5  21  14  6.00e+21  11.208     0.2683   0.0732   1.5480     1.430  3.024e+21     1.504      1    0  5.9588e-20  4.1667e-20  3.3593e-21    5980.06    9256.85   277705.45 7.5759e+21    5.03   sub
1223   5  21  15  6.00e+21  11.418     0.2683   0.0936   1.3362     1.315  1.919e+21     1.320      1    0  2.8882e-20  2.1967e-20  2.6844e-21    8669.77   11584.24   347527.22 6.9828e+21    7.12   sub
1224   5  21  16  6.00e+21  11.565     0.2683   0.1196   1.1573     1.233  1.189e+21     1.198      1    0  1.3699e-20  1.1110e-20  2.1209e-21   12669.36   14661.81   439854.29 6.6027e+21   10.20   sub
1225   5  21  17  6.00e+21  11.660     0.2683   0.1529   1.0102     1.176  7.379e+20     1.123      1    0  6.5804e-21  5.5965e-21  1.6771e-21   18354.35   18542.25   556267.42 6.3720e+21   14.55   sub
1226   5  21  18  6.00e+21  11.722     0.2683   0.1955   0.8817     1.133  4.495e+20     1.075      1    0  3.0901e-21  2.7277e-21  1.3134e-21   26855.21   23677.13   710313.94 6.2258e+21   21.01   sub
1227   5  21  19  6.00e+21  11.759     0.2683   0.2500   0.7774     1.103  2.809e+20     1.047      0    0  1.5143e-21  1.3732e-21  1.0411e-21   38423.54   29869.55   896086.43 6.1409e+21   29.75   sub
1228   5  22   2  6.00e+21   6.919     0.3981   0.0038  58.0970  1973.865  2.132e+22     4.554      1    0  7.7260e-17  3.9142e-20  4.1020e-21     130.49    7580.84   227425.19 1.0315e+23    1.69  deep
1229   5  22   3  6.00e+21   7.031     0.3981   0.0049  47.2962  1333.110  2.209e+22     4.682      1    0  5.6291e-17  4.2225e-20  4.2665e-21     154.11    7288.61   218658.44 8.9405e+22    1.67  deep
1230   5  22   4  6.00e+21   7.272     0.3981   0.0063  31.3921   588.830  2.344e+22     4.907      1    0  3.1353e-17  5.3247e-20  4.7172e-21     209.99    6592.13   197763.87 6.8924e+22    1.57  deep
1231   5  22   5  6.00e+21   7.497     0.3981   0.0080  22.0496   276.560  2.426e+22     5.043      1    0  1.9542e-17  7.0662e-20  5.2221e-21     270.07    5954.85   178645.54 5.6048e+22    1.42  deep
1232   5  22   6  6.00e+21   7.796     0.3981   0.0102  14.5094   105.050  2.457e+22     5.096      1    0  1.1191e-17  1.0653e-19  5.8889e-21     363.94    5280.57   158417.21 4.4044e+22    1.23  deep
1233   5  22   7  6.00e+21   8.098     0.3981   0.0131  10.2225    44.335  2.402e+22     5.003      1    0  6.7710e-18  1.5272e-19  6.3791e-21     476.87    4874.76   146242.86 3.5505e+22    1.09 super
1234   5  22   8  6.00e+21   8.431     0.3981   0.0168   7.5164    20.479  2.258e+22     4.763      1    0  4.0885e-18  1.9964e-19  6.6072e-21     626.16    4706.45   141193.43 2.8650e+22    1.01 super
1235   5  22   9  6.00e+21   8.823     0.3981   0.0214   5.6600    10.266  2.014e+22     4.356      1    0  2.3567e-18  2.2955e-19  6.5121e-21     843.68    4775.23   143257.01 2.2767e+22    1.01   sub
1236   5  22  10  6.00e+21   9.265     0.3981   0.0274   4.3876     5.816  1.686e+22     3.810      1    0  1.3036e-18  2.2415e-19  6.0970e-21    1162.44    5100.28   153008.48 1.7970e+22    1.10   sub
1237   5  22  11  6.00e+21   9.729     0.3981   0.0350   3.5035     3.753  1.323e+22     3.205      1    0  7.0127e-19  1.8685e-19  5.4652e-21    1624.05    5689.94   170698.30 1.4299e+22    1.29   sub
1238   5  22  12  6.00e+21  10.207     0.3981   0.0448   2.8360     2.661  9.574e+21     2.596      1    0  3.5553e-19  1.3362e-19  4.6932e-21    2336.34    6625.90   198776.92 1.1486e+22    1.64   sub
1239   5  22  13  6.00e+21  10.632     0.3981   0.0572   2.3514     2.078  6.588e+21     2.098      1    0  1.7849e-19  8.5894e-20  3.9298e-21    3365.28    7913.00   237390.05 9.5675e+21    2.18   sub
1240   5  22  14  6.00e+21  10.991     0.3981   0.0732   1.9746     1.730  4.317e+21     1.719      1    0  8.6967e-20  5.0284e-20  3.2127e-21    4901.79    9679.27   290377.97 8.2587e+21    2.99   sub
1241   5  22  15  6.00e+21  11.260     0.3981   0.0936   1.6849     1.516  2.774e+21     1.462      1    0  4.2473e-20  2.8016e-20  2.5996e-21    7099.54   11962.10   358862.97 7.4238e+21    4.16   sub
1242   5  22  16  6.00e+21  11.455     0.3981   0.1196   1.4488     1.374  1.742e+21     1.290      1    0  2.0404e-20  1.4855e-20  2.0775e-21   10331.43   14968.36   449050.79 6.8843e+21    5.86   sub
1243   5  22  17  6.00e+21  11.588     0.3981   0.1529   1.2550     1.276  1.083e+21     1.180      1    0  9.7611e-21  7.6501e-21  1.6493e-21   15023.67   18854.17   565625.15 6.5460e+21    8.31   sub
1244   5  22  18  6.00e+21  11.673     0.3981   0.1955   1.0974     1.209  6.782e+20     1.113      1    0  4.7632e-21  3.9411e-21  1.3128e-21   21585.32   23686.67   710600.07 6.3408e+21   11.70   sub
1245   5  22  19  6.00e+21  11.729     0.3981   0.2500   0.9602     1.158  4.185e+20     1.070      1    0  2.2829e-21  1.9709e-21  1.0363e-21   31253.82   30008.63   900258.77 6.2099e+21   16.67   sub
1246   5  23   4  6.00e+21   7.182     0.5908   0.0063  57.2305  1918.632  2.382e+22     4.970      1    0  3.8178e-17  1.9898e-20  2.8732e-21     189.11   10823.09   324692.68 7.5561e+22    1.69  deep
1247   5  23   5  6.00e+21   7.462     0.5908   0.0080  37.4728   843.799  2.521e+22     5.201      1    0  2.0569e-17  2.4377e-20  3.1598e-21     262.62    9841.28   295238.45 5.7778e+22    1.62  deep
1248   5  23   6  6.00e+21   7.728     0.5908   0.0102  25.5228   380.671  2.587e+22     5.312      1    0  1.2262e-17  3.2211e-20  3.5196e-21     346.17    8835.16   265054.83 4.6397e+22    1.49  deep
1249   5  23   7  6.00e+21   7.985     0.5908   0.0131  18.0313   175.381  2.583e+22     5.305      1    0  7.7836e-18  4.4381e-20  3.9050e-21     441.64    7963.37   238901.10 3.8396e+22    1.33  deep
1250   5  23   8  6.00e+21   8.342     0.5908   0.0168  11.7934    63.320  2.469e+22     5.115      1    0  4.3618e-18  6.8884e-20  4.3727e-21     603.01    7111.49   213344.57 3.0286e+22    1.14 super
1251   5  23   9  6.00e+21   8.679     0.5908   0.0214   8.5013    27.885  2.266e+22     4.777      1    0  2.6334e-18  9.4437e-20  4.6210e-21     791.57    6729.37   201881.22 2.4720e+22    1.03 super
1252   5  23  10  6.00e+21   9.067     0.5908   0.0274   6.2865    13.190  1.962e+22     4.270      1    0  1.5201e-18  1.1525e-19  4.6450e-21    1064.92    6694.59   200837.72 1.9931e+22    1.00   sub
1253   5  23  11  6.00e+21   9.477     0.5908   0.0350   4.8570     7.239  1.605e+22     3.675      1    0  8.6421e-19  1.1937e-19  4.4339e-21    1443.95    7013.35   210400.52 1.6148e+22    1.05   sub
1254   5  23  12  6.00e+21   9.916     0.5908   0.0448   3.8426     4.455  1.225e+22     3.042      1    0  4.6828e-19  1.0512e-19  4.0331e-21    2006.51    7710.27   231308.24 1.3098e+22    1.20   sub
1255   5  23  13  6.00e+21  10.343     0.5908   0.0572   3.1205     3.082  8.829e+21     2.472      1    0  2.4677e-19  8.0064e-20  3.5302e-21    2822.88    8808.75   264262.55 1.0823e+22    1.46   sub
1256   5  23  14  6.00e+21  10.742     0.5908   0.0732   2.5671     2.317  5.969e+21     1.995      1    0  1.2335e-19  5.3228e-20  2.9771e-21    4068.98   10445.29   313358.70 9.1398e+21    1.89   sub
1257   5  23  15  6.00e+21  11.060     0.5908   0.0936   2.1623     1.893  3.951e+21     1.658      1    0  6.2019e-20  3.2771e-20  2.4699e-21    5822.74   12590.40   377712.13 8.0339e+21    2.52   sub
1258   5  23  16  6.00e+21  11.310     0.5908   0.1196   1.8354     1.621  2.516e+21     1.419      1    0  3.0061e-20  1.8541e-20  2.0033e-21    8457.77   15523.05   465691.59 7.2791e+21    3.47   sub
1259   5  23  17  6.00e+21  11.489     0.5908   0.1529   1.5747     1.446  1.579e+21     1.263      1    0  1.4468e-20  1.0004e-20  1.6071e-21   12287.22   19348.97   580468.99 6.7968e+21    4.83   sub
1260   5  23  18  6.00e+21  11.609     0.5908   0.1955   1.3625     1.328  9.830e+20     1.164      1    0  6.9519e-21  5.2348e-21  1.2809e-21   17818.32   24277.82   728334.66 6.4942e+21    6.79   sub
1261   5  23  19  6.00e+21  11.688     0.5908   0.2500   1.1865     1.245  6.100e+20     1.102      1    0  3.3451e-21  2.6860e-21  1.0169e-21   25773.57   30580.53   917416.04 6.3060e+21    9.57   sub
1262   5  24   5  6.00e+21   7.491     0.8767   0.0080  56.4227  1867.738  2.590e+22     5.317      1    0  1.9175e-17  1.0267e-20  2.0223e-21     272.53   15376.75   461302.36 5.6342e+22    1.69  deep
1263   5  24   6  6.00e+21   7.704     0.8767   0.0102  42.3224  1073.827  2.652e+22     5.420      1    0  1.2615e-17  1.1748e-20  2.1563e-21     340.75   14421.55   432646.42 4.7273e+22    1.65  deep
1264   5  24   7  6.00e+21   7.928     0.8767   0.0131  31.4198   589.901  2.668e+22     5.447      1    0  8.3890e-18  1.4221e-20  2.3349e-21     423.88   13318.27   399548.19 3.9985e+22    1.57  deep
1265   5  24   8  6.00e+21   8.251     0.8767   0.0168  20.6580   239.099  2.601e+22     5.335      1    0  4.8445e-18  2.0261e-20  2.6453e-21     569.05   11755.47   352664.18 3.2094e+22    1.39  deep
1266   5  24   9  6.00e+21   8.589     0.8767   0.0214  13.8001    93.078  2.425e+22     5.041      1    0  2.8364e-18  3.0473e-20  2.9698e-21     758.76   10471.03   314130.88 2.6053e+22    1.21  deep
1267   5  24  10  6.00e+21   8.926     0.8767   0.0274   9.7544    39.413  2.168e+22     4.613      1    0  1.7101e-18  4.3388e-20  3.2001e-21     996.19    9717.23   291516.97 2.1506e+22    1.07 super
1268   5  24  11  6.00e+21   9.289     0.8767   0.0350   7.1644    18.175  1.841e+22     4.068      1    0  1.0123e-18  5.5698e-20  3.2862e-21    1320.80    9462.78   283883.52 1.7752e+22    1.00 super
1269   5  24  12  6.00e+21   9.676     0.8767   0.0448   5.4611     9.444  1.478e+22     3.463      1    0  5.8220e-19  6.1650e-20  3.2033e-21    1777.61    9707.70   291230.97 1.4660e+22    1.01   sub
1270   5  24  13  6.00e+21  10.092     0.8767   0.0572   4.2569     5.462  1.106e+22     2.843      1    0  3.1549e-19  5.7761e-20  2.9620e-21    2466.18   10498.34   314950.23 1.2088e+22    1.12   sub
1271   5  24  14  6.00e+21  10.476     0.8767   0.0732   3.4493     3.650  7.964e+21     2.327      1    0  1.7050e-19  4.6705e-20  2.6377e-21    3417.93   11789.41   353682.37 1.0219e+22    1.31   sub
1272   5  24  15  6.00e+21  10.842     0.8767   0.0936   2.8199     2.639  5.362e+21     1.894      1    0  8.5824e-20  3.2525e-20  2.2501e-21    4900.91   13820.33   414609.89 8.7698e+21    1.66   sub
1273   5  24  16  6.00e+21  11.134     0.8767   0.1196   2.3614     2.089  3.531e+21     1.589      1    0  4.3098e-20  2.0636e-20  1.8789e-21    7008.49   16550.14   496504.20 7.7987e+21    2.16   sub
1274   5  24  17  6.00e+21  11.361     0.8767   0.1529   1.9987     1.749  2.252e+21     1.375      1    0  2.1000e-20  1.2005e-20  1.5341e-21   10141.89   20270.17   608105.11 7.1379e+21    2.92   sub
1275   5  24  18  6.00e+21  11.519     0.8767   0.1955   1.7163     1.537  1.430e+21     1.238      1    0  1.0299e-20  6.7007e-21  1.2425e-21   14582.32   25027.81   750834.30 6.7191e+21    4.00   sub
1276   5  24  19  6.00e+21  11.629     0.8767   0.2500   1.4802     1.391  8.881e+20     1.148      1    0  4.9293e-21  3.5439e-21  9.9196e-22   21178.65   31348.76   940462.79 6.4456e+21    5.57   sub
1277   5  25   7  6.00e+21   7.911     1.3010   0.0131  50.8758  1533.862  2.712e+22     5.520      1    0  8.5300e-18  5.5612e-21  1.4556e-21     419.92   21363.75   640912.55 4.0468e+22    1.68  deep
1278   5  25   8  6.00e+21   8.204     1.3010   0.0168  35.4053   752.820  2.667e+22     5.444      1    0  5.1312e-18  6.8160e-21  1.5930e-21     551.34   19520.53   585615.75 3.3093e+22    1.60  deep
1279   5  25   9  6.00e+21   8.523     1.3010   0.0214  23.8205   327.789  2.521e+22     5.202      1    0  3.0396e-18  9.2729e-21  1.7879e-21     730.16   17392.92   521787.60 2.7088e+22    1.46  deep
1280   5  25  10  6.00e+21   8.813     1.3010   0.0274  16.8211   149.210  2.317e+22     4.861      1    0  1.9290e-18  1.2928e-20  1.9836e-21     931.98   15676.97   470309.08 2.2900e+22    1.30  deep
1281   5  25  11  6.00e+21   9.163     1.3010   0.0350  11.4548    58.907  2.007e+22     4.346      1    0  1.1317e-18  1.9212e-20  2.1880e-21    1240.72   14212.22   426366.65 1.8940e+22    1.13 super
1282   5  25  12  6.00e+21   9.524     1.3010   0.0448   8.1714    25.244  1.658e+22     3.763      1    0  6.6087e-19  2.6179e-20  2.2990e-21    1655.30   13526.04   405781.08 1.5780e+22    1.02 super
1283   5  25  13  6.00e+21   9.896     1.3010   0.0572   6.1039    12.285  1.303e+22     3.171      1    0  3.7853e-19  3.0813e-20  2.2852e-21    2229.41   13608.04   408241.11 1.3224e+22    1.00   sub
1284   5  25  14  6.00e+21  10.266     1.3010   0.0732   4.7453     6.878  9.750e+21     2.625      1    0  2.1136e-19  3.0729e-20  2.1565e-21    3038.86   14420.25   432607.39 1.1191e+22    1.06   sub
1285   5  25  15  6.00e+21  10.619     1.3010   0.0936   3.8036     4.369  6.974e+21     2.162      1    0  1.1447e-19  2.6202e-20  1.9467e-21    4199.77   15974.19   479225.59 9.6180e+21    1.21   sub
1286   5  25  16  6.00e+21  10.939     1.3010   0.1196   3.1110     3.067  4.763e+21     1.794      1    0  5.9486e-20  1.9395e-20  1.6905e-21    5912.93   18394.97   551849.03 8.4320e+21    1.46   sub
1287   5  25  17  6.00e+21  11.205     1.3010   0.1529   2.5866     2.341  3.131e+21     1.522      1    0  2.9839e-20  1.2748e-20  1.4228e-21    8449.66   21856.24   655687.27 7.5841e+21    1.87   sub
1288   5  25  18  6.00e+21  11.404     1.3010   0.1955   2.1914     1.920  2.030e+21     1.338      1    0  1.4923e-20  7.7740e-21  1.1773e-21   12053.33   26413.78   792413.41 7.0220e+21    2.46   sub
1289   5  25  19  6.00e+21  11.550     1.3010   0.2500   1.8683     1.646  1.277e+21     1.213      1    0  7.2078e-21  4.3792e-21  9.5360e-22   17454.47   32609.67   978290.22 6.6411e+21    3.34   sub
1290   5  26   8  6.00e+21   8.235     1.9307   0.0168  53.7047  1700.715  2.685e+22     5.474      1    0  4.8094e-18  2.8279e-21  1.0148e-21     570.58   30642.95   919288.64 3.2422e+22    1.69  deep
1291   5  26   9  6.00e+21   8.420     1.9307   0.0214  43.3416  1125.064  2.608e+22     5.346      1    0  3.5359e-18  3.1429e-21  1.0663e-21     672.85   29162.56   874876.79 2.8850e+22    1.66  deep
1292   5  26  10  6.00e+21   8.788     1.9307   0.0274  27.9492   461.983  2.367e+22     4.946      1    0  1.9514e-18  4.2240e-21  1.2024e-21     925.33   25862.06   775861.85 2.3219e+22    1.52  deep
1293   5  26  11  6.00e+21   9.078     1.9307   0.0350  19.7428   215.846  2.118e+22     4.530      1    0  1.2377e-18  5.7344e-21  1.3339e-21    1180.84   23313.18   699395.45 1.9816e+22    1.37  deep
1294   5  26  12  6.00e+21   9.428     1.9307   0.0448  13.2073    83.650  1.778e+22     3.964      1    0  7.1804e-19  8.5839e-21  1.4902e-21    1580.01   20867.61   626028.27 1.6547e+22    1.19  deep
1295   5  26  13  6.00e+21   9.772     1.9307   0.0572   9.2888    34.850  1.439e+22     3.398      1    0  4.2067e-19  1.2071e-20  1.5930e-21    2101.52   19520.51   585615.39 1.4011e+22    1.06 super
1296   5  26  14  6.00e+21  10.088     1.9307   0.0732   7.0044    17.187  1.141e+22     2.902      1    0  2.5389e-19  1.4772e-20  1.6153e-21    2748.55   19251.81   577554.23 1.2113e+22    1.00 super
1297   5  26  15  6.00e+21  10.430     1.9307   0.0936   5.3499     9.005  8.489e+21     2.415      1    0  1.4212e-19  1.5782e-20  1.5560e-21    3735.48   19984.52   599535.52 1.0422e+22    1.02   sub
1298   5  26  16  6.00e+21  10.754     1.9307   0.1196   4.2246     5.377  6.042e+21     2.007      1    0  7.6790e-20  1.4281e-20  1.4265e-21    5160.10   21799.24   653977.08 9.0929e+21    1.12   sub
1299   5  26  17  6.00e+21  11.031     1.9307   0.1529   3.4513     3.654  4.196e+21     1.699      1    0  4.1130e-20  1.1255e-20  1.2618e-21    7140.77   24644.97   739349.17 8.1269e+21    1.31   sub
1300   5  26  18  6.00e+21  11.270     1.9307   0.1955   2.8486     2.678  2.768e+21     1.461      1    0  2.0720e-20  7.7373e-21  1.0735e-21   10169.10   28967.21   869016.20 7.3948e+21    1.63   sub
1301   5  26  19  6.00e+21  11.447     1.9307   0.2500   2.4013     2.131  1.803e+21     1.301      1    0  1.0412e-20  4.8865e-21  8.9569e-22   14458.13   34717.97  1041539.21 6.9055e+21    2.10   sub
1302   5  27  10  6.00e+21   8.754     2.8651   0.0274  46.4146  1285.464  2.411e+22     5.018      1    0  2.0302e-18  1.5793e-21  7.3994e-22     905.45   42025.85  1260775.54 2.3670e+22    1.67  deep
1303   5  27  11  6.00e+21   9.009     2.8651   0.0350  34.6186   719.348  2.197e+22     4.662      1    0  1.3502e-18  1.8769e-21  7.9751e-22    1126.33   38991.93  1169757.91 2.0558e+22    1.60  deep
1304   5  27  12  6.00e+21   9.376     2.8651   0.0448  22.3100   283.845  1.845e+22     4.075      1    0  7.5201e-19  2.6494e-21  9.0530e-22    1539.65   34349.55  1030486.61 1.6983e+22    1.43  deep
1305   5  27  13  6.00e+21   9.671     2.8651   0.0572  15.6719   126.286  1.550e+22     3.584      1    0  4.6839e-19  3.7089e-21  1.0015e-21    1981.29   31050.67   931519.99 1.4698e+22    1.26  deep
1306   5  27  14  6.00e+21   9.986     2.8651   0.0732  10.9594    52.767  1.244e+22     3.074      1    0  2.7883e-19  5.2841e-21  1.0874e-21    2609.48   28598.26   857947.80 1.2684e+22    1.11 super
1307   5  27  15  6.00e+21  10.305     2.8651   0.0936   7.9124    23.285  9.586e+21     2.598      1    0  1.6117e-19  6.9216e-21  1.1272e-21    3486.54   27587.04   827611.28 1.1004e+22    1.02 super
1308   5  27  16  6.00e+21  10.602     2.8651   0.1196   6.0177    11.873  7.188e+21     2.198      1    0  9.2591e-20  7.7985e-21  1.1075e-21    4665.83   28077.67   842330.06 9.6881e+21    1.00   sub
1309   5  27  17  6.00e+21  10.881     2.8651   0.1529   4.7289     6.827  5.185e+21     1.864      1    0  5.1360e-20  7.5234e-21  1.0361e-21    6346.72   30013.11   900393.24 8.6318e+21    1.06   sub
1310   5  27  18  6.00e+21  11.128     2.8651   0.1955   3.8169     4.398  3.604e+21     1.601      1    0  2.7494e-20  6.2517e-21  9.2872e-22    8772.30   33483.13  1004493.86 7.8175e+21    1.20   sub
1311   5  27  19  6.00e+21  11.330     2.8651   0.2500   3.1545     3.137  2.438e+21     1.406      1    0  1.4387e-20  4.5868e-21  8.0566e-22   12235.95   38597.72  1157931.67 7.2252e+21    1.44   sub
1312   5  28  11  6.00e+21   9.036     4.2518   0.0350  52.9512  1655.573  2.182e+22     4.637      1    0  1.2774e-18  7.7156e-22  5.0639e-22    1159.71   61407.89  1842236.68 2.0261e+22    1.69  deep
1313   5  28  12  6.00e+21   9.327     4.2518   0.0448  38.1226   873.280  1.902e+22     4.170      1    0  7.9820e-19  9.1402e-22  5.4725e-22    1490.55   56823.65  1704709.38 1.7407e+22    1.63  deep
1314   5  28  13  6.00e+21   9.646     4.2518   0.0572  25.9869   395.692  1.583e+22     3.638      1    0  4.7371e-19  1.1972e-21  6.0816e-22    1967.60   51132.02  1533960.65 1.4874e+22    1.49  deep
1315   5  28  14  6.00e+21   9.897     4.2518   0.0732  18.9721   197.130  1.335e+22     3.225      1    0  3.1041e-19  1.5746e-21  6.6572e-22    2462.11   46711.31  1401339.31 1.3215e+22    1.35  deep
1316   5  28  15  6.00e+21  10.213     4.2518   0.0936  12.7884    77.310  1.042e+22     2.737      1    0  1.7806e-19  2.3032e-21  7.3635e-22    3302.26   42230.78  1266923.38 1.1456e+22    1.17  deep
1317   5  28  16  6.00e+21  10.497     4.2518   0.1196   9.1437    33.497  8.030e+21     2.338      1    0  1.0424e-19  3.1121e-21  7.7725e-22    4375.54   40008.72  1200261.50 1.0127e+22    1.05 super
1318   5  28  17  6.00e+21  10.765     4.2518   0.1529   6.8245    16.118  6.010e+21     2.002      1    0  5.9869e-20  3.7143e-21  7.7933e-22    5846.82   39901.78  1197053.25 9.0541e+21    1.00 super
1319   5  28  18  6.00e+21  10.999     4.2518   0.1955   5.3461     8.990  4.418e+21     1.736      1    0  3.4297e-20  3.8150e-21  7.4492e-22    7808.55   41744.93  1252347.92 8.2302e+21    1.02   sub
1320   5  28  19  6.00e+21  11.217     4.2518   0.2500   4.2528     5.451  3.079e+21     1.513      1    0  1.8360e-20  3.3682e-21  6.7844e-22   10777.73   45835.23  1375057.04 7.5479e+21    1.12   sub
1321   5  29  12  6.00e+21   9.346     6.3096   0.0448  58.4166  1994.408  1.888e+22     4.147      1    0  7.6571e-19  3.8393e-22  3.4944e-22    1523.38   88990.56  2669716.95 1.7241e+22    1.70  deep
1322   5  29  13  6.00e+21   9.533     6.3096   0.0572  47.4861  1343.465  1.700e+22     3.833      1    0  5.6249e-19  4.1868e-22  3.6480e-22    1795.10   85242.47  2557273.99 1.5709e+22    1.67  deep
1323   5  29  14  6.00e+21   9.880     6.3096   0.0732  31.3499   587.195  1.355e+22     3.258      1    0  3.1234e-19  5.3192e-22  4.0448e-22    2452.34   76880.57  2306417.04 1.3320e+22    1.57  deep
1324   5  29  15  6.00e+21  10.143     6.3096   0.0936  22.2159   281.204  1.107e+22     2.846      1    0  1.9501e-19  6.9348e-22  4.4511e-22    3144.72   69862.84  2095885.21 1.1817e+22    1.43  deep
1325   5  29  16  6.00e+21  10.431     6.3096   0.1196  14.9689   113.207  8.582e+21     2.430      1    0  1.1239e-19  9.9274e-22  4.9452e-22    4200.85   62882.26  1886467.80 1.0416e+22    1.24  deep
1326   5  29  17  6.00e+21  10.685     6.3096   0.1529  10.5865    48.396  6.601e+21     2.100      1    0  6.6086e-20  1.3655e-21  5.2980e-22    5544.37   58695.36  1760860.65 9.3575e+21    1.10 super
1327   5  29  18  6.00e+21  10.908     6.3096   0.1955   7.8887    23.110  5.022e+21     1.837      1    0  3.9169e-20  1.6949e-21  5.4173e-22    7276.58   57402.44  1722073.30 8.5374e+21    1.02 super
1328   5  29  19  6.00e+21  11.117     6.3096   0.2500   6.0427    11.991  3.683e+21     1.614      1    0  2.2245e-20  1.8551e-21  5.2794e-22    9747.53   58901.58  1767047.52 7.8526e+21    1.00   sub
1329   5  30  14  6.00e+21   9.759     9.3633   0.0732  57.1242  1911.904  1.475e+22     3.458      1    1  3.8017e-19  1.9884e-22  2.4640e-22    2209.25  126201.51  3786045.45 1.4092e+22    1.69  deep
1330   5  30  15  6.00e+21  10.117     9.3633   0.0936  37.1240   828.145  1.133e+22     2.888      1    1  2.0093e-19  2.4262e-22  2.7073e-22    3094.02  114862.19  3445865.84 1.1958e+22    1.62  deep
1331   5  30  16  6.00e+21  10.379     9.3633   0.1196  25.9216   393.560  9.029e+21     2.505      1    0  1.2118e-19  3.0792e-22  2.9729e-22    4035.23  104599.43  3137983.00 1.0656e+22    1.49  deep
1332   5  30  17  6.00e+21  10.600     9.3633   0.1529  18.5846   188.024  7.246e+21     2.208      1    0  7.6095e-20  4.0471e-22  3.2513e-22    5146.42   95644.14  2869324.33 9.6945e+21    1.34  deep
1333   5  30  18  6.00e+21  10.842     9.3633   0.1955  12.6728    75.606  5.477e+21     1.913      1    0  4.3248e-20  5.7202e-22  3.5542e-22    6904.01   87493.03  2624790.93 8.7692e+21    1.17  deep
1334   5  30  19  6.00e+21  11.045     9.3633   0.2500   9.1645    33.688  4.132e+21     1.689      1    0  2.5153e-20  7.4663e-22  3.7136e-22    9137.22   83737.95  2512138.39 8.0799e+21    1.05 super
1335   5  31  15  6.00e+21  10.139    13.8950   0.0936  56.6250  1880.428  1.112e+22     2.854      1    1  1.9053e-19  1.0132e-22  1.7265e-22    3180.80  180112.54  5403376.07 1.1838e+22    1.69  deep
1336   5  31  16  6.00e+21  10.340    13.8950   0.1196  43.8326  1150.095  9.355e+21     2.559      1    1  1.2890e-19  1.1208e-22  1.8166e-22    3905.36  171181.88  5135456.27 1.0835e+22    1.66  deep
1337   5  31  17  6.00e+21  10.601    13.8950   0.1529  30.0061   536.189  7.241e+21     2.207      1    1  7.4129e-20  1.3825e-22  1.9875e-22    5214.42  156464.55  4693936.51 9.6911e+21    1.55  deep
1338   5  31  18  6.00e+21  10.795    13.8950   0.1955  21.7579   268.501  5.810e+21     1.968      1    1  4.6897e-20  1.7466e-22  2.1604e-22    6615.47  143938.80  4318163.88 8.9410e+21    1.42  deep
1339   5  31  19  6.00e+21  11.000    13.8950   0.2500  14.9451   112.777  4.421e+21     1.737      1    0  2.7103e-20  2.4033e-22  2.3687e-22    8784.37  131283.36  3938500.67 8.2270e+21    1.24  deep
1340   5  32  17  6.00e+21  10.515    20.6199   0.1529  53.9780  1717.209  7.908e+21     2.318      1    1  8.8559e-20  5.1571e-23  1.2125e-22    4751.23  256461.89  7693856.83 1.0051e+22    1.69  deep
1341   5  32  18  6.00e+21  10.739    20.6199   0.1955  38.5630   893.497  6.203e+21     2.034      1    1  5.2805e-20  5.9099e-23  1.2968e-22    6218.34  239797.82  7193934.56 9.1486e+21    1.63  deep
1342   5  32  19  6.00e+21  10.963    20.6199   0.2500  25.8351   390.748  4.663e+21     1.777      1    1  2.9291e-20  7.4961e-23  1.4269e-22    8435.49  217931.41  6537942.45 8.3522e+21    1.49  deep
1343   5  33  19  6.00e+21  10.939    30.5995   0.2500  43.3216  1124.049  4.806e+21     1.801      1    1  3.0844e-20  2.7440e-23  8.7415e-23    8211.51  355736.13 10672083.86 8.4325e+21    1.66  deep
1344   6   8   1  1.20e+22   9.275     0.0016   0.0030   0.6116     1.063  2.084e+20     1.017      0    0  5.2756e-18  4.9624e-18  1.7589e-19     578.14     353.59    10607.66 1.7880e+22   58.68   sub
1345   6   8   2  1.20e+22   9.534     0.0016   0.0038   0.5356     1.048  2.071e+20     1.017      0    0  2.6289e-18  2.5078e-18  1.3983e-19     830.38     444.78    13343.31 1.5703e+22   86.04   sub
1346   6   9   1  1.20e+22   9.016     0.0024   0.0030   0.7557     1.097  3.091e+20     1.026      0    0  7.5416e-18  6.8749e-18  1.7263e-19     476.77     360.28    10808.36 2.0476e+22   32.20   sub
1347   6   9   2  1.20e+22   9.339     0.0024   0.0038   0.6569     1.073  3.071e+20     1.026      0    0  3.7148e-18  3.4622e-18  1.3694e-19     691.37     454.16    13624.84 1.7302e+22   47.84   sub
1348   6   9   3  1.20e+22   9.574     0.0024   0.0049   0.5785     1.056  3.039e+20     1.025      0    0  1.9005e-18  1.7991e-18  1.0986e-19     978.67     566.12    16983.48 1.5399e+22   68.88   sub
1349   6  10   1  1.20e+22   8.675     0.0035   0.0030   0.9538     1.156  4.588e+20     1.038      0    0  1.1574e-17  1.0011e-17  1.7273e-19     377.49     360.05    10801.58 2.4775e+22   16.97   sub
1350   6  10   2  1.20e+22   9.070     0.0035   0.0038   0.8202     1.115  4.555e+20     1.038      0    0  5.5896e-18  5.0149e-18  1.3652e-19     555.42     455.55    13666.49 1.9901e+22   25.63   sub
1351   6  10   3  1.20e+22   9.386     0.0035   0.0049   0.7110     1.086  4.503e+20     1.038      0    0  2.7141e-18  2.5000e-18  1.0788e-19     810.87     576.52    17295.71 1.6898e+22   38.22   sub
1352   6  10   4  1.20e+22   9.636     0.0035   0.0063   0.6150     1.064  4.424e+20     1.037      0    0  1.2601e-18  1.1845e-18  8.3870e-20    1205.80     741.54    22246.17 1.4945e+22   57.76   sub
1353   6  10   5  1.20e+22   9.792     0.0035   0.0080   0.5437     1.050  4.311e+20     1.036      0    0  6.4108e-19  6.1070e-19  6.7128e-20    1704.08     926.48    27794.44 1.3880e+22   82.40   sub
1354   6  11   1  1.20e+22   8.323     0.0052   0.0030   1.2038     1.253  6.799e+20     1.057      1    0  1.7020e-17  1.3584e-17  1.6943e-19     304.92     367.07    11012.11 3.0648e+22    9.23   sub
1355   6  11   2  1.20e+22   8.775     0.0052   0.0038   1.0222     1.180  6.755e+20     1.056      1    0  8.0381e-18  6.8113e-18  1.3355e-19     455.57     465.68    13970.38 2.3397e+22   14.10   sub
1356   6  11   3  1.20e+22   9.160     0.0052   0.0049   0.8761     1.131  6.677e+20     1.056      1    0  3.8154e-18  3.3730e-18  1.0507e-19     675.62     591.90    17757.00 1.8973e+22   21.38   sub
1357   6  11   4  1.20e+22   9.463     0.0052   0.0063   0.7569     1.097  6.555e+20     1.055      1    0  1.8144e-18  1.6535e-18  8.2518e-20     995.77     753.69    22610.66 1.6265e+22   32.06   sub
1358   6  11   5  1.20e+22   9.672     0.0052   0.0080   0.6638     1.075  6.376e+20     1.053      1    0  9.0444e-19  8.4172e-19  6.5706e-20    1425.91     946.54    28396.27 1.4689e+22   46.43   sub
1359   6  11   6  1.20e+22   9.819     0.0052   0.0102   0.5858     1.058  6.111e+20     1.051      1    0  4.5521e-19  4.3032e-19  5.2426e-20    2025.07    1186.30    35589.05 1.3705e+22   66.42   sub
1360   6  11   7  1.20e+22   9.933     0.0052   0.0131   0.5073     1.043  5.636e+20     1.047      0    0  2.0218e-19  1.9380e-19  4.0112e-20    3056.32    1550.49    46514.79 1.2994e+22  100.71   sub
1361   6  12   1  1.20e+22   7.970     0.0077   0.0030   1.5314     1.420  1.009e+21     1.084      1    0  2.4678e-17  1.7374e-17  1.6389e-19     247.79     379.48    11384.44 3.8815e+22    5.15   sub
1362   6  12   2  1.20e+22   8.429     0.0077   0.0038   1.2939     1.294  1.002e+21     1.084      1    0  1.1898e-17  9.1935e-18  1.3097e-19     367.01     474.86    14245.95 2.8684e+22    7.70   sub
1363   6  12   3  1.20e+22   8.849     0.0077   0.0049   1.1059     1.212  9.909e+20     1.083      1    0  5.8141e-18  4.7971e-18  1.0454e-19     537.93     594.92    17847.69 2.2439e+22   11.47   sub
1364   6  12   4  1.20e+22   9.215     0.0077   0.0063   0.9496     1.155  9.733e+20     1.081      1    0  2.7897e-18  2.4159e-18  8.2646e-20     792.48     752.52    22575.74 1.8438e+22   17.17   sub
1365   6  12   5  1.20e+22   9.498     0.0077   0.0080   0.8228     1.115  9.456e+20     1.079      1    0  1.3484e-18  1.2090e-18  6.5315e-20    1157.24     952.20    28566.09 1.5983e+22   25.41   sub
1366   6  12   6  1.20e+22   9.705     0.0077   0.0102   0.7176     1.087  9.033e+20     1.075      1    0  6.5240e-19  6.0004e-19  5.1539e-20    1681.71    1206.71    36201.32 1.4463e+22   37.24   sub
1367   6  12   7  1.20e+22   9.857     0.0077   0.0131   0.6219     1.065  8.344e+20     1.070      1    0  2.9706e-19  2.7885e-19  3.9813e-20    2511.74    1562.14    46864.33 1.3462e+22   55.93   sub
1368   6  12   8  1.20e+22   9.940     0.0077   0.0168   0.5550     1.052  7.554e+20     1.063      1    0  1.5613e-19  1.4843e-19  3.2209e-20    3479.15    1930.93    57928.00 1.2954e+22   77.63   sub
1369   6  13   1  1.20e+22   7.621     0.0114   0.0030   1.9845     1.738  1.495e+21     1.125      1    0  3.6187e-17  2.0826e-17  1.5662e-19     200.11     397.11    11913.20 5.0499e+22    2.96   sub
1370   6  13   2  1.20e+22   8.069     0.0114   0.0038   1.6587     1.499  1.486e+21     1.124      1    0  1.7574e-17  1.1725e-17  1.2691e-19     295.45     490.06    14701.93 3.6227e+22    4.30   sub
1371   6  13   3  1.20e+22   8.527     0.0114   0.0049   1.3957     1.345  1.469e+21     1.122      1    0  8.4079e-18  6.2506e-18  1.0147e-19     439.12     612.89    18386.83 2.7024e+22    6.40   sub
1372   6  13   4  1.20e+22   8.935     0.0114   0.0063   1.1912     1.247  1.442e+21     1.120      1    0  4.0988e-18  3.2857e-18  8.1095e-20     643.80     766.92    23007.51 2.1396e+22    9.48   sub
1373   6  13   5  1.20e+22   9.290     0.0114   0.0080   1.0191     1.179  1.399e+21     1.117      1    0  1.9342e-18  1.6406e-18  6.3861e-20     955.62     973.88    29216.40 1.7737e+22   14.22   sub
1374   6  13   6  1.20e+22   9.560     0.0114   0.0102   0.8796     1.132  1.333e+21     1.111      1    0  9.1540e-19  8.0848e-19  5.0174e-20    1409.14    1239.54    37186.27 1.5503e+22   21.14   sub
1375   6  13   7  1.20e+22   9.749     0.0114   0.0131   0.7669     1.100  1.236e+21     1.103      1    0  4.4151e-19  4.0140e-19  3.9578e-20    2048.93    1571.40    47142.07 1.4162e+22   30.90   sub
1376   6  13   8  1.20e+22   9.872     0.0114   0.0168   0.6762     1.077  1.109e+21     1.092      1    0  2.2094e-19  2.0507e-19  3.1554e-20    2914.72    1971.03    59130.88 1.3367e+22   44.05   sub
1377   6  13   9  1.20e+22   9.958     0.0114   0.0214   0.5958     1.060  9.385e+20     1.078      1    0  1.0818e-19  1.0207e-19  2.4950e-20    4183.43    2492.69    74780.61 1.2851e+22   63.25   sub
1378   6  13  10  1.20e+22  10.016     0.0114   0.0274   0.5222     1.046  7.274e+20     1.061      1    0  5.0683e-20  4.8460e-20  1.9429e-20    6129.62    3201.00    96030.13 1.2514e+22   92.60   sub
1379   6  14   1  1.20e+22   7.323     0.0169   0.0030   2.6151     2.375  2.217e+21     1.185      1    0  5.1592e-17  2.1723e-17  1.4477e-19     164.28     429.61    12888.20 6.5579e+22    1.84   sub
1380   6  14   2  1.20e+22   7.721     0.0169   0.0038   2.1637     1.894  2.200e+21     1.183      1    0  2.5786e-17  1.3616e-17  1.2047e-19     238.60     516.26    15487.73 4.6667e+22    2.52   sub
1381   6  14   3  1.20e+22   8.169     0.0169   0.0049   1.7997     1.595  2.176e+21     1.181      1    0  1.2513e-17  7.8437e-18  9.8088e-20     352.31     634.05    19021.64 3.3864e+22    3.61   sub
1382   6  14   4  1.20e+22   8.618     0.0169   0.0063   1.5111     1.409  2.135e+21     1.178      1    0  5.9991e-18  4.2592e-18  7.8754e-20     522.62     789.72    23691.49 2.5604e+22    5.31   sub
1383   6  14   5  1.20e+22   9.025     0.0169   0.0080   1.2811     1.288  2.071e+21     1.173      1    0  2.8535e-18  2.2152e-18  6.2604e-20     775.44     993.44    29803.21 2.0384e+22    7.89   sub
1384   6  14   6  1.20e+22   9.344     0.0169   0.0102   1.1048     1.212  1.978e+21     1.165      1    0  1.4032e-18  1.1582e-18  5.0031e-20    1125.17    1243.09    37292.74 1.7265e+22   11.50   sub
1385   6  14   7  1.20e+22   9.595     0.0169   0.0131   0.9558     1.157  1.836e+21     1.153      1    0  6.7378e-19  5.8244e-19  3.9545e-20    1645.41    1572.70    47181.11 1.5248e+22   16.87   sub
1386   6  14   8  1.20e+22   9.772     0.0169   0.0168   0.8329     1.118  1.637e+21     1.136      1    0  3.2478e-19  2.9043e-19  3.1219e-20    2391.83    1992.17    59765.02 1.4005e+22   24.56   sub
1387   6  14   9  1.20e+22   9.894     0.0169   0.0214   0.7287     1.090  1.377e+21     1.115      1    0  1.5585e-19  1.4298e-19  2.4568e-20    3474.16    2531.52    75945.47 1.3233e+22   35.67   sub
1388   6  14  10  1.20e+22   9.979     0.0169   0.0274   0.6327     1.068  1.047e+21     1.087      1    0  7.0252e-20  6.5803e-20  1.8916e-20    5196.75    3287.90    98637.13 1.2727e+22   53.25   sub
1389   6  14  11  1.20e+22  10.022     0.0169   0.0350   0.5679     1.054  7.904e+20     1.066      1    0  3.7760e-20  3.5814e-20  1.5417e-20    7103.54    4034.03   121020.82 1.2481e+22   72.65   sub
1390   6  15   1  1.20e+22   7.096     0.0251   0.0030   3.5258     3.796  3.279e+21     1.273      1    0  6.9940e-17  1.8425e-17  1.2701e-19     138.88     489.67    14690.10 8.2968e+22    1.29   sub
1391   6  15   2  1.20e+22   7.435     0.0251   0.0038   2.8605     2.694  3.256e+21     1.271      1    0  3.5758e-17  1.3271e-17  1.0935e-19     198.83     568.74    17062.08 5.9165e+22    1.63   sub
1392   6  15   3  1.20e+22   7.839     0.0251   0.0049   2.3493     2.076  3.218e+21     1.268      1    0  1.7901e-17  8.6233e-18  9.1745e-20     288.54     677.89    20336.68 4.2662e+22    2.18   sub
1393   6  15   4  1.20e+22   8.285     0.0251   0.0063   1.9447     1.705  3.157e+21     1.263      1    0  8.6884e-18  5.0949e-18  7.5109e-20     425.80     828.04    24841.07 3.1394e+22    3.09   sub
1394   6  15   5  1.20e+22   8.710     0.0251   0.0080   1.6374     1.485  3.065e+21     1.255      1    0  4.2652e-18  2.8719e-18  6.0959e-20     623.10    1020.24    30607.17 2.4278e+22    4.43   sub
1395   6  15   6  1.20e+22   9.098     0.0251   0.0102   1.3870     1.341  2.920e+21     1.243      1    0  2.0367e-18  1.5192e-18  4.8654e-20     921.59    1278.28    38348.42 1.9599e+22    6.50   sub
1396   6  15   7  1.20e+22   9.405     0.0251   0.0131   1.1920     1.248  2.710e+21     1.226      1    0  9.8893e-19  7.9256e-19  3.8802e-20    1344.69    1602.82    48084.71 1.6738e+22    9.46   sub
1397   6  15   8  1.20e+22   9.642     0.0251   0.0168   1.0288     1.183  2.407e+21     1.201      1    0  4.7013e-19  3.9757e-19  3.0614e-20    1974.62    2031.50    60944.87 1.4906e+22   13.86   sub
1398   6  15   9  1.20e+22   9.811     0.0251   0.0214   0.8904     1.136  2.000e+21     1.167      1    0  2.1859e-19  1.9249e-19  2.3912e-20    2921.25    2600.95    78028.52 1.3753e+22   20.45   sub
1399   6  15  10  1.20e+22   9.915     0.0251   0.0274   0.7838     1.104  1.571e+21     1.131      1    0  1.0856e-19  9.8292e-20  1.9042e-20    4167.17    3266.05    97981.53 1.3104e+22   29.08   sub
1400   6  15  11  1.20e+22   9.985     0.0251   0.0350   0.6917     1.081  1.143e+21     1.095      1    0  5.3741e-20  4.9715e-20  1.5129e-20    5943.42    4110.80   123323.93 1.2693e+22   41.32   sub
1401   6  15  12  1.20e+22  10.032     0.0251   0.0448   0.6071     1.062  7.609e+20     1.063      1    0  2.5466e-20  2.3975e-20  1.1836e-20    8654.45    5254.49   157634.59 1.2422e+22   59.93   sub
1402   6  15  13  1.20e+22  10.060     0.0251   0.0572   0.5377     1.049  4.974e+20     1.041      0    0  1.2578e-20  1.1994e-20  9.3796e-21   12331.72    6630.72   198921.49 1.2264e+22   85.08   sub
1403   6  16   1  1.20e+22   6.949     0.0373   0.0030   4.8760     7.302  4.833e+21     1.403      1    0  8.6567e-17  1.1855e-17  1.0325e-19     123.54     602.38    18071.53 9.9063e+22    1.05   sub
1404   6  16   2  1.20e+22   7.219     0.0373   0.0038   3.8750     4.527  4.798e+21     1.400      1    0  4.6714e-17  1.0318e-17  9.3634e-20     171.41     664.22    19926.49 7.2675e+22    1.19   sub
1405   6  16   3  1.20e+22   7.553     0.0373   0.0049   3.1417     3.116  4.744e+21     1.395      1    0  2.4787e-17  7.9544e-18  8.2246e-20     240.69     756.19    22685.60 5.3442e+22    1.45   sub
1406   6  16   4  1.20e+22   7.961     0.0373   0.0063   2.5578     2.306  4.654e+21     1.388      1    0  1.2415e-17  5.3825e-18  6.9639e-20     349.16     893.08    26792.46 3.9061e+22    1.91   sub
1407   6  16   5  1.20e+22   8.382     0.0373   0.0080   2.1236     1.857  4.519e+21     1.377      1    0  6.2303e-18  3.3546e-18  5.7907e-20     505.75    1074.03    32220.76 2.9538e+22    2.61   sub
1408   6  16   6  1.20e+22   8.800     0.0373   0.0102   1.7772     1.579  4.307e+21     1.359      1    0  3.0288e-18  1.9179e-18  4.7083e-20     743.25    1320.91    39627.45 2.3062e+22    3.71   sub
1409   6  16   7  1.20e+22   9.170     0.0373   0.0131   1.5032     1.404  3.988e+21     1.332      1    0  1.4503e-18  1.0329e-18  3.7733e-20    1096.45    1648.23    49446.99 1.8871e+22    5.38   sub
1410   6  16   8  1.20e+22   9.467     0.0373   0.0168   1.2847     1.290  3.538e+21     1.295      1    0  6.8962e-19  5.3466e-19  2.9965e-20    1615.54    2075.56    62266.69 1.6231e+22    7.84   sub
1411   6  16   9  1.20e+22   9.678     0.0373   0.0214   1.1142     1.215  2.978e+21     1.248      1    0  3.3712e-19  2.7739e-19  2.3891e-20    2336.28    2603.18    78095.39 1.4646e+22   11.25   sub
1412   6  16  10  1.20e+22   9.829     0.0373   0.0274   0.9702     1.162  2.322e+21     1.193      1    0  1.6254e-19  1.3992e-19  1.8906e-20    3390.76    3289.67    98690.02 1.3637e+22   16.21   sub
1413   6  16  11  1.20e+22   9.932     0.0373   0.0350   0.8477     1.123  1.664e+21     1.139      1    0  7.7785e-20  6.9289e-20  1.4890e-20    4927.00    4176.84   125305.06 1.3006e+22   23.40   sub
1414   6  16  12  1.20e+22   9.998     0.0373   0.0448   0.7422     1.093  1.108e+21     1.092      1    0  3.6908e-20  3.3753e-20  1.1675e-20    7176.68    5326.88   159806.41 1.2614e+22   33.86   sub
1415   6  16  13  1.20e+22  10.040     0.0373   0.0572   0.6520     1.072  7.085e+20     1.059      1    0  1.7586e-20  1.6407e-20  9.1559e-21   10418.69    6792.70   203780.91 1.2376e+22   48.87   sub
1416   6  16  14  1.20e+22  10.065     0.0373   0.0732   0.5813     1.057  4.660e+20     1.039      0    0  9.0437e-21  8.5565e-21  7.3556e-21   14546.00    8455.26   253657.86 1.2241e+22   67.92   sub
1417   6  16  15  1.20e+22  10.083     0.0373   0.0936   0.5049     1.043  2.739e+20     1.023      0    1  3.9686e-21  3.8056e-21  5.6048e-21   21978.52   11096.36   332890.70 1.2140e+22  102.13   sub
1418   6  17   1  1.20e+22   6.854     0.0553   0.0030   7.1543    18.112  7.071e+21     1.589      1    0  1.0181e-16  5.6212e-18  7.6841e-20     113.13     809.38    24281.26 1.1321e+23    1.00 super
1419   6  17   2  1.20e+22   7.064     0.0553   0.0038   5.5042     9.618  7.027e+21     1.586      1    0  5.8119e-17  6.0427e-18  7.4331e-20     152.01     836.71    25101.25 8.6056e+22    1.01   sub
1420   6  17   3  1.20e+22   7.346     0.0553   0.0049   4.3031     5.585  6.945e+21     1.579      1    0  3.1636e-17  5.6645e-18  6.8788e-20     210.11     904.13    27123.97 6.4191e+22    1.11   sub
1421   6  17   4  1.20e+22   7.679     0.0553   0.0063   3.4623     3.675  6.822e+21     1.568      1    0  1.7101e-17  4.6535e-18  6.1478e-20     292.19    1011.63    30348.93 4.8232e+22    1.31   sub
1422   6  17   5  1.20e+22   8.081     0.0553   0.0080   2.7999     2.612  6.616e+21     1.551      1    0  8.6640e-18  3.3175e-18  5.2749e-20     421.10    1179.03    35371.02 3.5935e+22    1.67   sub
1423   6  17   6  1.20e+22   8.501     0.0553   0.0102   2.3032     2.029  6.301e+21     1.525      1    0  4.3014e-18  2.1203e-18  4.4052e-20     612.97    1411.81    42354.39 2.7461e+22    2.26   sub
1424   6  17   7  1.20e+22   8.904     0.0553   0.0131   1.9195     1.685  5.829e+21     1.486      1    0  2.0867e-18  1.2381e-18  3.5973e-20     900.71    1728.91    51867.16 2.1763e+22    3.17   sub
1425   6  17   8  1.20e+22   9.240     0.0553   0.0168   1.6312     1.481  5.195e+21     1.433      1    0  1.0302e-18  6.9547e-19  2.9195e-20    1305.91    2130.25    63907.46 1.8197e+22    4.47   sub
1426   6  17   9  1.20e+22   9.518     0.0553   0.0214   1.3920     1.343  4.340e+21     1.362      1    0  4.9021e-19  3.6495e-19  2.3253e-20    1921.37    2674.64    80239.26 1.5824e+22    6.45   sub
1427   6  17  10  1.20e+22   9.715     0.0553   0.0274   1.2053     1.254  3.392e+21     1.283      1    0  2.3896e-19  1.9062e-19  1.8559e-20    2780.23    3351.14   100534.27 1.4390e+22    9.20   sub
1428   6  17  11  1.20e+22   9.855     0.0553   0.0350   1.0477     1.190  2.436e+21     1.203      1    0  1.1467e-19  9.6400e-20  1.4685e-20    4042.22    4235.21   127056.33 1.3475e+22   13.21   sub
1429   6  17  12  1.20e+22   9.950     0.0553   0.0448   0.9123     1.143  1.617e+21     1.135      1    0  5.3994e-20  4.7260e-20  1.1518e-20    5919.07    5399.76   161992.93 1.2897e+22   19.14   sub
1430   6  17  13  1.20e+22  10.008     0.0553   0.0572   0.8034     1.110  1.057e+21     1.088      1    0  2.6550e-20  2.3922e-20  9.1441e-21    8465.49    6801.45   204043.51 1.2561e+22   27.14   sub
1431   6  17  14  1.20e+22  10.045     0.0553   0.0732   0.7083     1.085  6.733e+20     1.056      1    0  1.2959e-20  1.1943e-20  7.2325e-21   12140.03    8599.10   257972.93 1.2349e+22   38.63   sub
1432   6  17  15  1.20e+22  10.071     0.0553   0.0936   0.6188     1.065  4.073e+20     1.034      0    1  5.9373e-21  5.5769e-21  5.5969e-21   17957.78   11112.16   333364.77 1.2208e+22   56.75   sub
1433   6  17  16  1.20e+22  10.084     0.0553   0.1196   0.5531     1.052  2.656e+20     1.022      0    1  3.0835e-21  2.9325e-21  4.5096e-21   24935.14   13791.15   413734.38 1.2135e+22   78.41   sub
1434   6  18   1  1.20e+22   6.799     0.0821   0.0030  11.2755    56.641  1.015e+22     1.846      1    0  1.1289e-16  1.9930e-18  5.1544e-20     107.01    1206.60    36198.15 1.2321e+23    1.12 super
1435   6  18   2  1.20e+22   6.978     0.0821   0.0038   8.1975    25.447  1.012e+22     1.843      1    0  6.5717e-17  2.5825e-18  5.3398e-20     142.08    1164.71    34941.18 9.5508e+22    1.02 super
1436   6  18   3  1.20e+22   7.207     0.0821   0.0049   6.1609    12.562  1.003e+22     1.835      1    0  3.7608e-17  2.9936e-18  5.2885e-20     190.88    1176.02    35280.56 7.3556e+22    1.00   sub
1437   6  18   4  1.20e+22   7.492     0.0821   0.0063   4.7744     6.971  9.848e+21     1.821      1    0  2.1014e-17  3.0145e-18  5.0034e-20     260.35    1243.02    37290.57 5.6288e+22    1.06   sub
1438   6  18   5  1.20e+22   7.825     0.0821   0.0080   3.8021     4.365  9.568e+21     1.797      1    0  1.1488e-17  2.6317e-18  4.5456e-20     359.86    1368.22    41046.54 4.3109e+22    1.21   sub
1439   6  18   6  1.20e+22   8.209     0.0821   0.0102   3.0686     3.001  9.122e+21     1.760      1    0  5.9822e-18  1.9936e-18  3.9680e-20     510.78    1567.38    47021.42 3.2990e+22    1.49   sub
1440   6  18   7  1.20e+22   8.607     0.0821   0.0131   2.5195     2.262  8.461e+21     1.705      1    0  3.0291e-18  1.3391e-18  3.3584e-20     734.99    1851.85    55555.36 2.5779e+22    1.95   sub
1441   6  18   8  1.20e+22   8.983     0.0821   0.0168   2.1003     1.836  7.533e+21     1.628      1    0  1.5009e-18  8.1733e-19  2.7760e-20    1066.73    2240.42    67212.56 2.0847e+22    2.66   sub
1442   6  18   9  1.20e+22   9.308     0.0821   0.0214   1.7735     1.577  6.326e+21     1.527      1    0  7.3123e-19  4.6380e-19  2.2542e-20    1555.66    2758.98    82769.53 1.7581e+22    3.73   sub
1443   6  18  10  1.20e+22   9.566     0.0821   0.0274   1.5113     1.409  4.912e+21     1.409      1    0  3.4911e-19  2.4783e-19  1.8029e-20    2282.53    3449.53   103486.04 1.5458e+22    5.31   sub
1444   6  18  11  1.20e+22   9.752     0.0821   0.0350   1.3027     1.298  3.531e+21     1.294      1    0  1.6758e-19  1.2907e-19  1.4353e-20    3326.21    4333.10   129992.92 1.4142e+22    7.57   sub
1445   6  18  12  1.20e+22   9.879     0.0821   0.0448   1.1313     1.222  2.377e+21     1.198      1    0  8.0450e-20  6.5822e-20  1.1377e-20    4831.93    5466.50   163995.12 1.3324e+22   10.81   sub
1446   6  18  13  1.20e+22   9.963     0.0821   0.0572   0.9894     1.168  1.544e+21     1.129      1    0  3.8979e-20  3.3361e-20  9.0176e-21    6971.02    6896.90   206906.98 1.2821e+22   15.38   sub
1447   6  18  14  1.20e+22  10.018     0.0821   0.0732   0.8650     1.128  9.677e+20     1.081      1    0  1.8469e-20  1.6377e-20  7.0804e-21   10155.27    8783.82   263514.72 1.2501e+22   22.14   sub
1448   6  18  15  1.20e+22  10.053     0.0821   0.0936   0.7568     1.097  5.948e+20     1.050      0    0  8.6561e-21  7.8888e-21  5.5303e-21   14859.84   11245.91   337377.41 1.2304e+22   32.07   sub
1449   6  18  16  1.20e+22  10.073     0.0821   0.1196   0.6715     1.076  3.800e+20     1.032      0    1  4.3502e-21  4.0419e-21  4.4141e-21   20982.28   14089.77   422693.20 1.2192e+22   44.94   sub
1450   6  18  17  1.20e+22  10.087     0.0821   0.1529   0.5946     1.060  2.387e+20     1.020      0    1  2.1437e-21  2.0231e-21  3.4972e-21   29909.69   17783.58   533507.26 1.2120e+22   63.64   sub
1451   6  18  18  1.20e+22  10.095     0.0821   0.1955   0.5222     1.046  1.445e+20     1.012      0    1  1.0021e-21  9.5818e-22  2.7212e-21   43764.39   22854.98   685649.41 1.2073e+22   92.59   sub
1452   6  19   1  1.20e+22   6.758     0.1218   0.0030  19.5015   209.900  1.386e+22     2.155      1    0  1.2580e-16  5.9934e-19  3.1556e-20     101.06    1970.87    59126.18 1.3213e+23    1.37  deep
1453   6  19   2  1.20e+22   6.924     0.1218   0.0038  13.2477    84.275  1.401e+22     2.168      1    0  7.1822e-17  8.5223e-19  3.4676e-20     135.39    1793.57    53807.20 1.0241e+23    1.19  deep
1454   6  19   3  1.20e+22   7.117     0.1218   0.0049   9.5057    36.935  1.401e+22     2.167      1    0  4.2706e-17  1.1563e-18  3.6757e-20     178.00    1692.00    50759.95 8.1031e+22    1.06 super
1455   6  19   4  1.20e+22   7.350     0.1218   0.0063   7.0613    17.534  1.385e+22     2.154      1    0  2.5126e-17  1.4330e-18  3.7348e-20     235.83    1665.23    49956.98 6.3967e+22    1.00 super
1456   6  19   5  1.20e+22   7.637     0.1218   0.0080   5.3779     9.114  1.349e+22     2.124      1    0  1.4214e-17  1.5595e-18  3.6184e-20     319.61    1718.82    51564.54 4.9883e+22    1.02   sub
1457   6  19   6  1.20e+22   7.973     0.1218   0.0102   4.2071     5.332  1.289e+22     2.074      1    0  7.7546e-18  1.4544e-18  3.3436e-20     442.13    1860.07    55802.01 3.8726e+22    1.12   sub
1458   6  19   7  1.20e+22   8.339     0.1218   0.0131   3.3772     3.518  1.198e+22     1.998      1    0  4.1183e-18  1.1706e-18  2.9680e-20     620.48    2095.49    62864.61 3.0336e+22    1.34   sub
1459   6  19   8  1.20e+22   8.717     0.1218   0.0168   2.7599     2.558  1.069e+22     1.891      1    0  2.1119e-18  8.2549e-19  2.5438e-20     885.87    2444.91    73347.28 2.4180e+22    1.71   sub
1460   6  19   9  1.20e+22   9.076     0.1218   0.0214   2.2864     2.012  8.993e+21     1.749      1    0  1.0439e-18  5.1891e-19  2.1157e-20    1285.66    2939.56    88186.91 1.9834e+22    2.29   sub
1461   6  19  10  1.20e+22   9.383     0.1218   0.0274   1.9194     1.685  7.002e+21     1.584      1    0  5.0342e-19  2.9871e-19  1.7213e-20    1882.48    3613.26   108397.71 1.6923e+22    3.17   sub
1462   6  19  11  1.20e+22   9.612     0.1218   0.0350   1.6428     1.489  5.107e+21     1.426      1    0  2.4791e-19  1.6654e-19  1.3944e-20    2715.13    4460.28   133808.35 1.5118e+22    4.40   sub
1463   6  19  12  1.20e+22   9.785     0.1218   0.0448   1.4104     1.353  3.437e+21     1.286      1    0  1.1778e-19  8.7059e-20  1.1095e-20    3974.41    5605.61   168168.16 1.3921e+22    6.25   sub
1464   6  19  13  1.20e+22   9.899     0.1218   0.0572   1.2273     1.263  2.254e+21     1.188      1    0  5.7554e-20  4.5555e-20  8.8612e-21    5718.48    7018.58   210557.33 1.3202e+22    8.79   sub
1465   6  19  14  1.20e+22   9.976     0.1218   0.0732   1.0719     1.199  1.437e+21     1.120      1    0  2.7854e-20  2.3237e-20  7.0316e-21    8251.66    8844.77   265343.22 1.2746e+22   12.45   sub
1466   6  19  15  1.20e+22  10.026     0.1218   0.0936   0.9368     1.150  8.943e+20     1.075      1    0  1.3246e-20  1.1513e-20  5.5341e-21   11996.16   11238.09   337142.59 1.2457e+22   17.81   sub
1467   6  19  16  1.20e+22  10.057     0.1218   0.1196   0.8241     1.116  5.596e+20     1.047      0    0  6.4314e-21  5.7643e-21  4.3766e-21   17242.52   14210.24   426307.34 1.2283e+22   25.29   sub
1468   6  19  17  1.20e+22  10.077     0.1218   0.1529   0.7252     1.089  3.464e+20     1.029      0    1  3.0925e-21  2.8393e-21  3.4455e-21   24890.13   18050.71   541521.23 1.2175e+22   36.15   sub
1469   6  19  18  1.20e+22  10.090     0.1218   0.1955   0.6313     1.067  2.040e+20     1.017      0    1  1.3848e-21  1.2975e-21  2.6468e-21   37219.00   23497.94   704938.28 1.2102e+22   53.57   sub
1470   6  19  19  1.20e+22  10.096     0.1218   0.2500   0.5680     1.054  1.356e+20     1.011      0    1  7.4657e-22  7.0808e-22  2.1592e-21   50706.68   28803.27   864098.13 1.2068e+22   72.59   sub
1471   6  20   1  1.20e+22   6.738     0.1808   0.0030  33.3696   667.518  1.709e+22     2.424      1    0  1.3358e-16  2.0011e-19  1.9032e-20      97.93    3267.79    98033.67 1.3715e+23    1.59  deep
1472   6  20   2  1.20e+22   6.899     0.1808   0.0038  22.2264   281.496  1.777e+22     2.481      1    0  7.4817e-17  2.6578e-19  2.1132e-20     132.41    2943.04    88291.10 1.0596e+23    1.43  deep
1473   6  20   3  1.20e+22   7.059     0.1808   0.0049  15.9287   131.244  1.815e+22     2.513      1    0  4.6995e-17  3.5808e-19  2.3104e-20     168.99    2691.86    80755.94 8.6493e+22    1.27  deep
1474   6  20   4  1.20e+22   7.269     0.1808   0.0063  11.1569    55.170  1.828e+22     2.524      1    0  2.7904e-17  5.0578e-19  2.5048e-20     222.55    2482.96    74488.76 6.9125e+22    1.12 super
1475   6  20   5  1.20e+22   7.528     0.1808   0.0080   7.9536    23.589  1.802e+22     2.502      1    0  1.5958e-17  6.7651e-19  2.6111e-20     299.47    2381.86    71455.88 5.4589e+22    1.02 super
1476   6  20   6  1.20e+22   7.807     0.1808   0.0102   6.0181    11.875  1.737e+22     2.448      1    0  9.2877e-18  7.8214e-19  2.5851e-20     399.77    2405.82    72174.63 4.3698e+22    1.00   sub
1477   6  20   7  1.20e+22   8.123     0.1808   0.0131   4.6904     6.706  1.627e+22     2.356      1    0  5.2373e-18  7.8097e-19  2.4417e-20     543.05    2547.10    76412.90 3.4911e+22    1.06   sub
1478   6  20   8  1.20e+22   8.472     0.1808   0.0168   3.7352     4.221  1.463e+22     2.219      1    0  2.8255e-18  6.6938e-19  2.2053e-20     755.02    2820.17    84605.18 2.7946e+22    1.22   sub
1479   6  20   9  1.20e+22   8.829     0.1808   0.0214   3.0297     2.941  1.243e+22     2.036      1    0  1.4592e-18  4.9618e-19  1.9139e-20    1072.58    3249.62    97488.58 2.2686e+22    1.51   sub
1480   6  20  10  1.20e+22   9.160     0.1808   0.0274   2.5043     2.245  9.849e+21     1.821      1    0  7.3333e-19  3.2670e-19  1.6115e-20    1541.09    3859.41   115782.27 1.8970e+22    1.97   sub
1481   6  20  11  1.20e+22   9.439     0.1808   0.0350   2.1042     1.840  7.245e+21     1.604      1    0  3.6221e-19  1.9687e-19  1.3279e-20    2225.85    4683.68   140510.41 1.6460e+22    2.65   sub
1482   6  20  12  1.20e+22   9.656     0.1808   0.0448   1.7888     1.588  4.976e+21     1.415      1    0  1.7575e-19  1.1071e-19  1.0757e-20    3231.95    5781.44   173443.16 1.4805e+22    3.66   sub
1483   6  20  13  1.20e+22   9.814     0.1808   0.0572   1.5323     1.421  3.237e+21     1.270      1    0  8.3547e-20  5.8801e-20  8.5886e-21    4725.93    7241.35   217240.54 1.3732e+22    5.14   sub
1484   6  20  14  1.20e+22   9.919     0.1808   0.0732   1.3300     1.312  2.081e+21     1.173      1    0  4.0659e-20  3.0997e-20  6.8665e-21    6810.33    9057.43   271722.83 1.3083e+22    7.20   sub
1485   6  20  15  1.20e+22   9.990     0.1808   0.0936   1.1554     1.232  1.297e+21     1.108      1    0  1.9272e-20  1.5640e-20  5.4221e-21    9927.45   11470.34   344110.10 1.2663e+22   10.24   sub
1486   6  20  16  1.20e+22  10.034     0.1808   0.1196   1.0108     1.176  8.083e+20     1.067      1    0  9.2631e-21  7.8769e-21  4.2876e-21   14351.18   14505.46   435163.74 1.2410e+22   14.53   sub
1487   6  20  17  1.20e+22  10.063     0.1808   0.1529   0.8830     1.133  4.929e+20     1.041      0    0  4.3425e-21  3.8318e-21  3.3557e-21   20990.42   18533.79   556013.77 1.2248e+22   20.92   sub
1488   6  20  18  1.20e+22  10.080     0.1808   0.1955   0.7797     1.103  3.094e+20     1.026      0    1  2.1380e-21  1.9377e-21  2.6640e-21   29940.04   23345.57   700367.20 1.2155e+22   29.50   sub
1489   6  20  19  1.20e+22  10.091     0.1808   0.2500   0.6907     1.081  1.949e+20     1.016      0    1  1.0623e-21  9.8290e-22  2.1188e-21   42497.48   29352.48   880574.32 1.2098e+22   41.48   sub
1490   6  21   1  1.20e+22   6.707     0.2683   0.0030  57.1451  1913.227  1.878e+22     2.565      1    0  1.5043e-16  7.8629e-20  1.1821e-20      92.07    5261.38   157841.40 1.4544e+23    1.69  deep
1491   6  21   2  1.20e+22   6.873     0.2683   0.0038  38.0572   870.293  1.998e+22     2.665      1    0  7.9988e-17  9.1910e-20  1.2786e-20     127.81    4864.28   145928.29 1.1002e+23    1.63  deep
1492   6  21   3  1.20e+22   7.037     0.2683   0.0049  26.8015   422.668  2.092e+22     2.744      1    0  4.8533e-17  1.1482e-19  1.3976e-20     166.04    4450.01   133500.45 8.8775e+22    1.51  deep
1493   6  21   4  1.20e+22   7.210     0.2683   0.0063  19.2237   203.152  2.159e+22     2.800      1    0  3.0787e-17  1.5155e-19  1.5332e-20     211.01    4056.43   121692.99 7.3355e+22    1.36  deep
1494   6  21   5  1.20e+22   7.448     0.2683   0.0080  12.9373    79.532  2.193e+22     2.828      1    0  1.7697e-17  2.2252e-19  1.6995e-20     282.87    3659.57   109787.20 5.8484e+22    1.18  deep
1495   6  21   6  1.20e+22   7.700     0.2683   0.0102   9.2007    34.024  2.159e+22     2.799      1    0  1.0462e-17  3.0750e-19  1.8071e-20     374.07    3441.66   103249.91 4.7432e+22    1.05 super
1496   6  21   7  1.20e+22   7.984     0.2683   0.0131   6.7874    15.903  2.052e+22     2.710      1    0  6.0567e-18  3.8084e-19  1.8304e-20     500.62    3397.85   101935.61 3.8432e+22    1.00 super
1497   6  21   8  1.20e+22   8.285     0.2683   0.0168   5.2369     8.575  1.875e+22     2.563      1    0  3.4770e-18  4.0548e-19  1.7644e-20     673.09    3524.94   105748.28 3.1396e+22    1.02   sub
1498   6  21   9  1.20e+22   8.610     0.2683   0.0214   4.1420     5.165  1.625e+22     2.354      1    0  1.9138e-18  3.7051e-19  1.6235e-20     924.86    3830.75   114922.47 2.5727e+22    1.13   sub
1499   6  21  10  1.20e+22   8.945     0.2683   0.0274   3.3307     3.435  1.311e+22     2.092      1    0  9.9496e-19  2.8965e-19  1.4282e-20    1307.43    4354.70   130641.10 2.1278e+22    1.36   sub
1500   6  21  11  1.20e+22   9.245     0.2683   0.0350   2.7486     2.544  9.903e+21     1.825      1    0  5.1068e-19  2.0078e-19  1.2196e-20    1855.24    5099.41   152982.24 1.8155e+22    1.72   sub
1501   6  21  12  1.20e+22   9.504     0.2683   0.0448   2.2945     2.020  6.935e+21     1.578      1    0  2.5114e-19  1.2434e-19  1.0106e-20    2682.28    6154.37   184631.05 1.5941e+22    2.27   sub
1502   6  21  13  1.20e+22   9.701     0.2683   0.0572   1.9436     1.704  4.618e+21     1.385      1    0  1.2195e-19  7.1549e-20  8.2281e-21    3889.01    7558.63   226758.92 1.4485e+22    3.09   sub
1503   6  21  14  1.20e+22   9.841     0.2683   0.0732   1.6694     1.506  3.000e+21     1.250      1    0  5.9558e-20  3.9552e-20  6.6469e-21    5604.82    9356.67   280700.21 1.3565e+22    4.24   sub
1504   6  21  15  1.20e+22   9.937     0.2683   0.0936   1.4429     1.370  1.900e+21     1.158      1    0  2.8706e-20  2.0948e-20  5.3129e-21    8112.59   11705.98   351179.48 1.2974e+22    5.92   sub
1505   6  21  16  1.20e+22  10.001     0.2683   0.1196   1.2539     1.275  1.186e+21     1.099      1    0  1.3754e-20  1.0784e-20  4.2185e-21   11757.45   14742.95   442288.54 1.2602e+22    8.33   sub
1506   6  21  17  1.20e+22  10.040     0.2683   0.1529   1.0983     1.209  7.444e+20     1.062      1    0  6.7066e-21  5.5474e-21  3.3565e-21   16871.18   18529.01   555870.24 1.2375e+22   11.68   sub
1507   6  21  18  1.20e+22  10.066     0.2683   0.1955   0.9621     1.159  4.601e+20     1.038      0    0  3.2153e-21  2.7743e-21  2.6495e-21   24397.54   23473.31   704199.43 1.2231e+22   16.58   sub
1508   6  21  19  1.20e+22  10.083     0.2683   0.2500   0.8448     1.122  2.835e+20     1.024      0    1  1.5408e-21  1.3736e-21  2.0871e-21   35271.79   29799.37   893980.98 1.2142e+22   23.62   sub
1509   6  22   2  1.20e+22   6.882     0.3981   0.0038  58.4231  1994.823  2.122e+22     2.768      1    0  7.6803e-17  3.8501e-20  8.1559e-21     130.52    7625.58   228767.48 1.0860e+23    1.70  deep
1510   6  22   3  1.20e+22   6.977     0.3981   0.0049  48.2603  1386.026  2.191e+22     2.826      1    0  5.6962e-17  4.1097e-20  8.4449e-21     152.60    7364.61   220938.15 9.5595e+22    1.67  deep
1511   6  22   4  1.20e+22   7.188     0.3981   0.0063  32.3535   626.564  2.319e+22     2.932      1    0  3.1802e-17  5.0756e-20  9.2730e-21     207.30    6706.93   201207.88 7.5040e+22    1.58  deep
1512   6  22   5  1.20e+22   7.387     0.3981   0.0080  22.7226   295.564  2.396e+22     2.997      1    0  1.9608e-17  6.6340e-20  1.0227e-20     267.63    6081.28   182438.47 6.1802e+22    1.44  deep
1513   6  22   6  1.20e+22   7.636     0.3981   0.0102  15.1528   116.558  2.421e+22     3.018      1    0  1.1299e-17  9.6939e-20  1.1450e-20     358.45    5431.57   162947.23 4.9908e+22    1.25  deep
1514   6  22   7  1.20e+22   7.881     0.3981   0.0131  10.7447    50.224  2.364e+22     2.970      1    0  6.8446e-18  1.3628e-19  1.2372e-20     467.87    5027.10   150813.06 4.1378e+22    1.10 super
1515   6  22   8  1.20e+22   8.154     0.3981   0.0168   7.8116    22.549  2.211e+22     2.843      1    0  4.0233e-18  1.7843e-19  1.2826e-20     620.74    4849.01   145470.39 3.4207e+22    1.02 super
1516   6  22   9  1.20e+22   8.451     0.3981   0.0214   5.8791    11.231  1.961e+22     2.634      1    0  2.2882e-18  2.0374e-19  1.2624e-20     837.99    4926.66   147799.69 2.8296e+22    1.00   sub
1517   6  22  10  1.20e+22   8.747     0.3981   0.0274   4.6254     6.507  1.650e+22     2.375      1    0  1.2924e-18  1.9863e-19  1.1853e-20    1134.36    5246.92   157407.61 2.3764e+22    1.07   sub
1518   6  22  11  1.20e+22   9.054     0.3981   0.0350   3.6925     4.131  1.284e+22     2.070      1    0  6.8290e-19  1.6530e-19  1.0609e-20    1587.67    5862.53   175875.91 2.0068e+22    1.23   sub
1519   6  22  12  1.20e+22   9.329     0.3981   0.0448   3.0246     2.933  9.380e+21     1.782      1    0  3.5248e-19  1.2017e-19  9.1666e-21    2243.20    6784.73   203541.92 1.7394e+22    1.51   sub
1520   6  22  13  1.20e+22   9.560     0.3981   0.0572   2.5188     2.261  6.455e+21     1.538      1    0  1.7631e-19  7.7971e-20  7.6899e-21    3210.84    8087.62   242628.46 1.5503e+22    1.95   sub
1521   6  22  14  1.20e+22   9.736     0.3981   0.0732   2.1333     1.866  4.285e+21     1.357      1    0  8.7475e-20  4.6877e-20  6.3373e-21    4600.21    9813.84   294415.08 1.4247e+22    2.59   sub
1522   6  22  15  1.20e+22   9.865     0.3981   0.0936   1.8222     1.612  2.747e+21     1.229      1    0  4.2381e-20  2.6297e-20  5.1306e-21    6652.53   12122.07   363662.11 1.3411e+22    3.52   sub
1523   6  22  16  1.20e+22   9.953     0.3981   0.1196   1.5694     1.443  1.728e+21     1.144      1    0  2.0357e-20  1.4108e-20  4.1102e-21    9641.59   15131.60   453947.97 1.2877e+22    4.87   sub
1524   6  22  17  1.20e+22  10.011     0.3981   0.1529   1.3619     1.328  1.079e+21     1.090      1    0  9.7919e-21  7.3751e-21  3.2756e-21   13941.68   18987.07   569612.23 1.2544e+22    6.80   sub
1525   6  22  18  1.20e+22  10.047     0.3981   0.1955   1.1880     1.246  6.707e+20     1.056      1    0  4.7129e-21  3.7822e-21  2.6003e-21   20132.71   23917.98   717539.26 1.2337e+22    9.54   sub
1526   6  22  19  1.20e+22  10.071     0.3981   0.2500   1.0393     1.186  4.141e+20     1.035      0    1  2.2575e-21  1.9028e-21  2.0548e-21   29122.91   30266.74   908002.20 1.2208e+22   13.50   sub
1527   6  23   4  1.20e+22   7.109     0.5908   0.0063  58.6362  2008.571  2.357e+22     2.964      1    0  3.8701e-17  1.9268e-20  5.6755e-21     186.88   10958.14   328744.10 8.1701e+22    1.70  deep
1528   6  23   5  1.20e+22   7.402     0.5908   0.0080  35.7455   767.492  2.504e+22     3.086      1    0  1.8567e-17  2.4191e-20  6.3197e-21     275.31    9841.17   295235.07 6.0959e+22    1.61  deep
1529   6  23   6  1.20e+22   7.604     0.5908   0.0102  25.6290   384.084  2.547e+22     3.122      1    0  1.1755e-17  3.0606e-20  6.9199e-21     350.68    8987.62   269628.57 5.1238e+22    1.49  deep
1530   6  23   7  1.20e+22   7.805     0.5908   0.0131  18.5877   188.096  2.532e+22     3.110      1    0  7.6325e-18  4.0577e-20  7.5881e-21     440.94    8196.11   245883.16 4.3750e+22    1.34  deep
1531   6  23   8  1.20e+22   8.077     0.5908   0.0168  12.4943    73.016  2.417e+22     3.014      1    0  4.3811e-18  6.0001e-20  8.4079e-21     592.03    7397.01   221910.27 3.6035e+22    1.16  deep
1532   6  23   9  1.20e+22   8.334     0.5908   0.0214   9.0135    32.308  2.214e+22     2.845      1    0  2.6262e-18  8.1285e-20  8.8830e-21     776.77    7001.41   210042.32 3.0431e+22    1.05 super
1533   6  23  10  1.20e+22   8.616     0.5908   0.0274   6.6608    15.185  1.910e+22     2.592      1    0  1.5015e-18  9.8879e-20  8.9391e-21    1044.53    6957.43   208722.76 2.5631e+22    1.00 super
1534   6  23  11  1.20e+22   8.896     0.5908   0.0350   5.1473     8.244  1.556e+22     2.297      1    0  8.4521e-19  1.0252e-19  8.5416e-21    1414.58    7281.25   218437.50 2.1868e+22    1.03   sub
1535   6  23  12  1.20e+22   9.161     0.5908   0.0448   4.1152     5.098  1.197e+22     1.997      1    0  4.6526e-19  9.1258e-20  7.8110e-21    1934.82    7962.22   238866.51 1.8966e+22    1.14   sub
1536   6  23  13  1.20e+22   9.413     0.5908   0.0572   3.3336     3.440  8.541e+21     1.712      1    0  2.3980e-19  6.9707e-20  6.8293e-21    2731.84    9106.86   273205.90 1.6674e+22    1.36   sub
1537   6  23  14  1.20e+22   9.616     0.5908   0.0732   2.7710     2.573  5.860e+21     1.488      1    0  1.2259e-19  4.7645e-20  5.8118e-21    3861.90   10701.22   321036.57 1.5089e+22    1.70   sub
1538   6  23  15  1.20e+22   9.776     0.5908   0.0936   2.3301     2.056  3.843e+21     1.320      1    0  6.0476e-20  2.9414e-20  4.8145e-21    5543.92   12917.97   387539.15 1.3980e+22    2.21   sub
1539   6  23  16  1.20e+22   9.891     0.5908   0.1196   1.9857     1.739  2.466e+21     1.205      1    0  2.9567e-20  1.7007e-20  3.9274e-21    7974.88   15835.53   475065.95 1.3254e+22    2.96   sub
1540   6  23  17  1.20e+22   9.968     0.5908   0.1529   1.7117     1.534  1.569e+21     1.131      1    0  1.4498e-20  9.4516e-21  3.1779e-21   11432.99   19570.24   587107.33 1.2792e+22    4.02   sub
1541   6  23  18  1.20e+22  10.020     0.5908   0.1955   1.4801     1.391  9.761e+20     1.081      1    0  6.9422e-21  4.9911e-21  2.5365e-21   16565.48   24519.12   735573.60 1.2491e+22    5.57   sub
1542   6  23  19  1.20e+22  10.054     0.5908   0.2500   1.2848     1.290  6.005e+20     1.050      1    0  3.2895e-21  2.5502e-21  2.0081e-21   24105.73   30971.70   929150.88 1.2301e+22    7.84   sub
1543   6  24   5  1.20e+22   7.389     0.8767   0.0080  57.2709  1921.196  2.557e+22     3.131      1    0  1.8909e-17  9.8426e-21  3.9840e-21     272.57   15610.56   468316.75 6.1660e+22    1.69  deep
1544   6  24   6  1.20e+22   7.546     0.8767   0.0102  44.9881  1209.908  2.604e+22     3.170      1    0  1.3158e-17  1.0876e-20  4.1867e-21     330.20   14855.02   445650.55 5.3749e+22    1.66  deep
1545   6  24   7  1.20e+22   7.806     0.8767   0.0131  29.9964   535.828  2.608e+22     3.174      1    0  7.4310e-18  1.3868e-20  4.6393e-21     446.91   13405.84   402175.18 4.3713e+22    1.55  deep
1546   6  24   8  1.20e+22   8.025     0.8767   0.0168  21.3194   256.591  2.533e+22     3.111      1    0  4.6860e-18  1.8263e-20  5.1124e-21     570.62   12165.24   364957.31 3.7333e+22    1.41  deep
1547   6  24   9  1.20e+22   8.291     0.8767   0.0214  14.2896   101.259  2.343e+22     2.952      1    0  2.7056e-18  2.6720e-20  5.7020e-21     763.31   10907.31   327219.32 3.1276e+22    1.22  deep
1548   6  24  10  1.20e+22   8.534     0.8767   0.0274  10.2423    44.550  2.087e+22     2.739      1    0  1.6400e-18  3.6811e-20  6.1045e-21     994.70   10188.01   305640.18 2.6909e+22    1.09 super
1549   6  24  11  1.20e+22   8.784     0.8767   0.0350   7.5754    20.882  1.766e+22     2.471      1    0  9.6997e-19  4.6450e-20  6.2568e-21    1312.16    9940.11   298203.40 2.3273e+22    1.01 super
1550   6  24  12  1.20e+22   9.033     0.8767   0.0448   5.8061    10.903  1.414e+22     2.179      1    0  5.5763e-19  5.1145e-20  6.1038e-21    1754.93   10189.32   305679.59 2.0296e+22    1.00   sub
1551   6  24  13  1.20e+22   9.268     0.8767   0.0572   4.6025     6.438  1.075e+22     1.896      1    0  3.1220e-19  4.8497e-20  5.6879e-21    2375.71   10934.26   328027.71 1.7943e+22    1.07   sub
1552   6  24  14  1.20e+22   9.488     0.8767   0.0732   3.7096     4.167  7.661e+21     1.638      1    0  1.6472e-19  3.9529e-20  5.0661e-21    3309.31   12276.27   368288.15 1.6064e+22    1.23   sub
1553   6  24  15  1.20e+22   9.671     0.8767   0.0936   3.0556     2.980  5.218e+21     1.435      1    0  8.4319e-20  2.8290e-20  4.3587e-21    4669.67   14268.61   428058.16 1.4699e+22    1.50   sub
1554   6  24  16  1.20e+22   9.812     0.8767   0.1196   2.5580     2.307  3.430e+21     1.286      1    0  4.2042e-20  1.8225e-20  3.6499e-21    6661.24   17039.75   511192.54 1.3748e+22    1.90   sub
1555   6  24  17  1.20e+22   9.911     0.8767   0.1529   2.1793     1.908  2.229e+21     1.186      1    0  2.1027e-20  1.1019e-20  3.0146e-21    9466.81   20630.86   618925.65 1.3127e+22    2.49   sub
1556   6  24  18  1.20e+22   9.982     0.8767   0.1955   1.8650     1.643  1.405e+21     1.117      1    0  1.0160e-20  6.1818e-21  2.4399e-21   13667.85   25490.55   764716.57 1.2707e+22    3.36   sub
1557   6  24  19  1.20e+22  10.029     0.8767   0.2500   1.6116     1.469  8.814e+20     1.073      1    0  4.9250e-21  3.3529e-21  1.9614e-21   19675.94   31709.04   951271.29 1.2442e+22    4.59   sub
1558   6  25   7  1.20e+22   7.715     1.3010   0.0131  54.4965  1748.695  2.658e+22     3.215      1    0  8.9389e-18  5.1117e-21  2.8172e-21     405.09   22076.07   662282.14 4.6870e+22    1.69  deep
1559   6  25   8  1.20e+22   7.960     1.3010   0.0168  38.0152   868.378  2.609e+22     3.174      1    0  5.2732e-18  6.0725e-21  3.0539e-21     535.72   20365.43   610962.76 3.9083e+22    1.62  deep
1560   6  25   9  1.20e+22   8.230     1.3010   0.0214  25.1402   368.479  2.446e+22     3.038      1    0  2.9805e-18  8.0887e-21  3.4144e-21     724.54   18215.13   546453.84 3.2546e+22    1.48  deep
1561   6  25  10  1.20e+22   8.446     1.3010   0.0274  17.9341   173.202  2.238e+22     2.865      1    0  1.8831e-18  1.0872e-20  3.7553e-21     923.46   16561.50   496844.88 2.8385e+22    1.33  deep
1562   6  25  11  1.20e+22   8.713     1.3010   0.0350  11.9969    66.059  1.906e+22     2.588      1    0  1.0564e-18  1.5992e-20  4.1398e-21    1252.25   15023.12   450693.48 2.4229e+22    1.15 super
1563   6  25  12  1.20e+22   8.943     1.3010   0.0448   8.7391    29.889  1.578e+22     2.315      1    0  6.2856e-19  2.1030e-20  4.3271e-21    1644.67   14372.90   431186.93 2.1311e+22    1.04 super
1564   6  25  13  1.20e+22   9.164     1.3010   0.0572   6.6115    14.911  1.247e+22     2.039      1    0  3.6593e-19  2.4541e-20  4.3110e-21    2182.07   14426.68   432800.39 1.8932e+22    1.00 super
1565   6  25  14  1.20e+22   9.377     1.3010   0.0732   5.1455     8.238  9.332e+21     1.778      1    0  2.0393e-19  2.4755e-20  4.0879e-21    2956.71   15213.80   456414.00 1.6976e+22    1.03   sub
1566   6  25  15  1.20e+22   9.562     1.3010   0.0936   4.1413     5.164  6.717e+21     1.560      1    0  1.1140e-19  2.1574e-20  3.7175e-21    4039.78   16729.98   501899.31 1.5490e+22    1.13   sub
1567   6  25  16  1.20e+22   9.721     1.3010   0.1196   3.3876     3.537  4.597e+21     1.383      1    0  5.7850e-20  1.6357e-20  3.2481e-21    5652.33   19147.68   574430.25 1.4349e+22    1.34   sub
1568   6  25  17  1.20e+22   9.845     1.3010   0.1529   2.8196     2.638  3.039e+21     1.253      1    0  2.9162e-20  1.1053e-20  2.7532e-21    8011.61   22589.80   677693.95 1.3538e+22    1.66   sub
1569   6  25  18  1.20e+22   9.933     1.3010   0.1955   2.3899     2.118  1.982e+21     1.165      1    0  1.4663e-20  6.9212e-21  2.2931e-21   11348.84   27122.15   813664.65 1.2998e+22    2.12   sub
1570   6  25  19  1.20e+22   9.996     1.3010   0.2500   2.0370     1.781  1.254e+21     1.104      1    0  7.1152e-21  3.9942e-21  1.8682e-21   16343.05   33290.17   998705.19 1.2629e+22    2.82   sub
1571   6  26   8  1.20e+22   8.009     1.9307   0.0168  55.4993  1810.260  2.614e+22     3.178      1    0  4.6921e-18  2.5919e-21  1.9671e-21     569.69   31617.26   948517.74 3.7746e+22    1.69  deep
1572   6  26   9  1.20e+22   8.226     1.9307   0.0214  40.5918   989.111  2.476e+22     3.063      1    0  2.9505e-18  2.9830e-21  2.1044e-21     728.08   29553.99   886619.74 3.2614e+22    1.64  deep
1573   6  26  10  1.20e+22   8.408     1.9307   0.0274  30.7689   564.901  2.307e+22     2.923      1    0  1.9948e-18  3.5312e-21  2.2579e-21     895.20   27544.39   826331.60 2.9060e+22    1.56  deep
1574   6  26  11  1.20e+22   8.653     1.9307   0.0350  20.7540   241.605  2.013e+22     2.677      1    0  1.1608e-18  4.8046e-21  2.5171e-21    1190.51   24707.88   741236.49 2.5083e+22    1.40  deep
1575   6  26  12  1.20e+22   8.892     1.9307   0.0448  14.0474    97.167  1.676e+22     2.396      1    0  6.6864e-19  6.8814e-21  2.7844e-21    1590.07   22336.31   670089.30 2.1915e+22    1.21  deep
1576   6  26  13  1.20e+22   9.089     1.9307   0.0572  10.2722    44.877  1.378e+22     2.148      1    0  4.1064e-19  9.1503e-21  2.9515e-21    2051.35   21071.78   632153.41 1.9701e+22    1.09 super
1577   6  26  14  1.20e+22   9.293     1.9307   0.0732   7.5543    20.737  1.067e+22     1.889      1    0  2.3541e-19  1.1352e-20  3.0051e-21    2739.66   20696.21   620886.27 1.7710e+22    1.01 super
1578   6  26  15  1.20e+22   9.475     1.9307   0.0936   5.8297    11.008  8.001e+21     1.667      1    0  1.3410e-19  1.2182e-20  2.9108e-21    3665.10   21366.34   640990.17 1.6170e+22    1.00   sub
1579   6  26  16  1.20e+22   9.632     1.9307   0.1196   4.6521     6.588  5.799e+21     1.483      1    0  7.4671e-20  1.1334e-20  2.6995e-21    4952.35   23038.69   691160.84 1.4972e+22    1.07   sub
1580   6  26  17  1.20e+22   9.769     1.9307   0.1529   3.7711     4.298  3.996e+21     1.333      1    0  3.9279e-20  9.1389e-21  2.3983e-21    6876.61   25932.29   777968.84 1.4026e+22    1.21   sub
1581   6  26  18  1.20e+22   9.875     1.9307   0.1955   3.1253     3.090  2.680e+21     1.223      1    0  2.0232e-20  6.5480e-21  2.0658e-21    9633.15   30106.35   903190.43 1.3351e+22    1.46   sub
1582   6  26  19  1.20e+22   9.953     1.9307   0.2500   2.6287     2.392  1.752e+21     1.146      1    0  1.0179e-20  4.2560e-21  1.7352e-21   13634.73   35841.72  1075251.55 1.2880e+22    1.83   sub
1583   6  27  10  1.20e+22   8.395     2.8651   0.0274  49.8518  1475.241  2.337e+22     2.947      1    1  2.0275e-18  1.3743e-21  1.4061e-21     887.24   44230.29  1326908.75 2.9306e+22    1.68  deep
1584   6  27  11  1.20e+22   8.614     2.8651   0.0350  35.7130   766.086  2.079e+22     2.733      1    0  1.2425e-18  1.6219e-21  1.5168e-21    1148.12   41002.73  1230081.86 2.5663e+22    1.61  deep
1585   6  27  12  1.20e+22   8.843     2.8651   0.0448  24.4192   345.986  1.761e+22     2.468      1    0  7.2800e-19  2.1041e-21  1.6760e-21    1519.67   37109.00  1113269.92 2.2518e+22    1.47  deep
1586   6  27  13  1.20e+22   9.027     2.8651   0.0572  17.5712   165.188  1.483e+22     2.236      1    0  4.5874e-19  2.7771e-21  1.8299e-21    1934.27   33987.43  1019623.04 2.0355e+22    1.32  deep
1587   6  27  14  1.20e+22   9.243     2.8651   0.0732  11.8410    63.955  1.150e+22     1.959      1    0  2.5410e-19  3.9731e-21  1.9972e-21    2629.85   31140.02   934200.74 1.8172e+22    1.14 super
1588   6  27  15  1.20e+22   9.411     2.8651   0.0936   8.7451    29.941  8.971e+21     1.748      1    0  1.5129e-19  5.0528e-21  2.0679e-21    3439.11   30075.32   902259.72 1.6686e+22    1.04 super
1589   6  27  16  1.20e+22   9.566     2.8651   0.1196   6.6616    15.190  6.748e+21     1.562      1    0  8.7369e-20  5.7519e-21  2.0463e-21    4562.44   30393.00   911789.93 1.5465e+22    1.00 super
1590   6  27  17  1.20e+22   9.701     2.8651   0.1529   5.2331     8.561  4.897e+21     1.408      1    0  4.8832e-20  5.7044e-21  1.9338e-21    6145.80   32161.57   964847.03 1.4487e+22    1.02   sub
1591   6  27  18  1.20e+22   9.816     2.8651   0.1955   4.2106     5.341  3.419e+21     1.285      1    0  2.6229e-20  4.9110e-21  1.7511e-21    8435.08   35516.58  1065497.46 1.3725e+22    1.12   sub
1592   6  27  19  1.20e+22   9.903     2.8651   0.2500   3.4806     3.709  2.343e+21     1.195      1    0  1.3942e-20  3.7585e-21  1.5376e-21   11621.12   40448.44  1213453.11 1.3177e+22    1.30   sub
1593   6  28  11  1.20e+22   8.641     4.2518   0.0350  53.9839  1717.567  2.053e+22     2.711      1    1  1.1561e-18  6.7308e-22  9.6644e-22    1192.08   64352.97  1930589.01 2.5270e+22    1.69  deep
1594   6  28  12  1.20e+22   8.806     4.2518   0.0448  41.7503  1045.503  1.823e+22     2.519      1    1  7.8261e-19  7.4855e-22  1.0185e-21    1462.63   61065.16  1831954.89 2.2988e+22    1.65  deep
1595   6  28  13  1.20e+22   9.016     4.2518   0.0572  28.9967   499.182  1.507e+22     2.256      1    1  4.6088e-19  9.2326e-22  1.1121e-21    1928.55   55921.65  1677649.52 2.0482e+22    1.54  deep
1596   6  28  14  1.20e+22   9.192     4.2518   0.0732  20.5891   237.312  1.234e+22     2.028      1    1  2.8328e-19  1.1937e-21  1.2161e-21    2483.81   51139.45  1534183.56 1.8659e+22    1.39  deep
1597   6  28  15  1.20e+22   9.374     4.2518   0.0936  14.0404    97.050  9.563e+21     1.797      1    0  1.6141e-19  1.6632e-21  1.3331e-21    3322.88   46654.53  1399636.00 1.7002e+22    1.21  deep
1598   6  28  16  1.20e+22   9.511     4.2518   0.1196  10.4028    46.321  7.540e+21     1.628      1    0  9.9370e-20  2.1452e-21  1.4014e-21    4265.95   44377.85  1331335.46 1.5879e+22    1.09 super
1599   6  28  17  1.20e+22   9.645     4.2518   0.1529   7.7545    22.138  5.669e+21     1.472      1    0  5.7452e-20  2.5951e-21  1.4196e-21    5649.55   43809.49  1314284.62 1.4883e+22    1.01 super
1600   6  28  18  1.20e+22   9.763     4.2518   0.1955   5.9441    11.529  4.099e+21     1.342      1    0  3.1812e-20  2.7593e-21  1.3698e-21    7638.52   45404.36  1362130.81 1.4070e+22    1.00   sub
1601   6  28  19  1.20e+22   9.858     4.2518   0.2500   4.7348     6.845  2.901e+21     1.242      1    0  1.7404e-20  2.5425e-21  1.2658e-21   10377.13   49133.64  1474009.34 1.3459e+22    1.06   sub
1602   6  29  13  1.20e+22   9.004     6.3096   0.0572  47.2188  1328.894  1.529e+22     2.274      1    1  4.6920e-19  3.5308e-22  6.8957e-22    1910.08   90191.46  2705743.92 2.0617e+22    1.67  deep
1603   6  29  14  1.20e+22   9.169     6.3096   0.0732  34.8248   728.058  1.272e+22     2.060      1    1  2.9641e-19  4.0712e-22  7.3640e-22    2425.16   84455.90  2533677.07 1.8882e+22    1.60  deep
1604   6  29  15  1.20e+22   9.338     6.3096   0.0936  24.3373   343.471  1.012e+22     1.844      1    1  1.7584e-19  5.1196e-22  8.0423e-22    3177.52   77332.37  2319971.24 1.7312e+22    1.47  deep
1605   6  29  16  1.20e+22   9.471     6.3096   0.1196  17.6824   167.626  8.141e+21     1.678      1    1  1.1035e-19  6.5832e-22  8.7070e-22    4039.55   71429.06  2142871.84 1.6198e+22    1.32  deep
1606   6  29  17  1.20e+22   9.614     6.3096   0.1529  12.1415    68.042  6.101e+21     1.508      1    1  6.1622e-20  9.0564e-22  9.4051e-22    5446.37   66126.96  1983808.75 1.5105e+22    1.15  deep
1607   6  29  18  1.20e+22   9.720     6.3096   0.1955   9.0439    32.583  4.662e+21     1.388      1    0  3.6771e-20  1.1285e-21  9.7003e-22    7089.30   64114.72  1923441.73 1.4356e+22    1.05 super
1608   6  29  19  1.20e+22   9.819     6.3096   0.2500   6.7997    15.975  3.387e+21     1.282      1    0  2.0456e-20  1.2805e-21  9.5743e-22    9553.07   64958.45  1948753.61 1.3704e+22    1.00 super
1609   6  30  14  1.20e+22   9.184     9.3633   0.0732  53.4210  1683.657  1.251e+22     2.043      1    1  2.8089e-19  1.6683e-22  4.6695e-22    2493.22  133190.12  3995703.48 1.8742e+22    1.69  deep
1610   6  30  15  1.20e+22   9.301     9.3633   0.0936  42.4122  1078.305  1.070e+22     1.892      1    1  1.9530e-19  1.8111e-22  4.8732e-22    3009.10  127622.57  3828676.97 1.7643e+22    1.65  deep
1611   6  30  16  1.20e+22   9.459     9.3633   0.1196  29.4353   515.123  8.320e+21     1.693      1    1  1.1244e-19  2.1828e-22  5.2830e-22    3999.37  117722.75  3531682.47 1.6293e+22    1.54  deep
1612   6  30  17  1.20e+22   9.585     9.3633   0.1529  20.8020   242.859  6.507e+21     1.542      1    1  6.7326e-20  2.7722e-22  5.7465e-22    5202.76  108227.53  3246825.83 1.5316e+22    1.40  deep
1613   6  30  18  1.20e+22   9.703     9.3633   0.1955  14.2852   101.184  4.889e+21     1.407      1    1  3.8002e-20  3.7557e-22  6.2485e-22    6967.54   99532.48  2985974.27 1.4471e+22    1.22  deep
1614   6  30  19  1.20e+22   9.786     9.3633   0.2500  10.6764    49.430  3.802e+21     1.317      1    1  2.3420e-20  4.7380e-22  6.5355e-22    8913.33   95162.02  2854860.49 1.3914e+22    1.10 super
1615   6  31  16  1.20e+22   9.451    13.8950   0.1196  47.7850  1359.830  8.436e+21     1.703      1    1  1.1425e-19  8.4021e-23  3.2819e-22    3965.80  189505.81  5685174.44 1.6357e+22    1.67  deep
1616   6  31  17  1.20e+22   9.564    13.8950   0.1529  35.7143   766.143  6.802e+21     1.567      1    1  7.2309e-20  9.4381e-23  3.4725e-22    5014.78  179099.72  5372991.48 1.5473e+22    1.61  deep
1617   6  31  18  1.20e+22   9.678    13.8950   0.1955  24.9489   362.451  5.222e+21     1.435      1    1  4.1992e-20  1.1586e-22  3.7657e-22    6619.73  165155.08  4954652.54 1.4644e+22    1.48  deep
1618   6  31  19  1.20e+22   9.761    13.8950   0.2500  18.2418   180.141  4.124e+21     1.344      1    1  2.6189e-20  1.4538e-22  4.0500e-22    8418.16  153562.35  4606870.37 1.4079e+22    1.34  deep
1619   6  32  17  1.20e+22   9.578    20.6199   0.1529  54.0886  1723.905  6.594e+21     1.550      1    1  6.7186e-20  3.8973e-23  2.2086e-22    5206.25  281598.86  8447965.76 1.5368e+22    1.69  deep
1620   6  32  18  1.20e+22   9.681    20.6199   0.1955  39.8230   952.403  5.187e+21     1.432      1    1  4.0818e-20  4.2857e-23  2.3257e-22    6715.04  267412.67  8022380.19 1.4629e+22    1.64  deep
1621   6  32  19  1.20e+22   9.743    20.6199   0.2500  31.7271   601.866  4.356e+21     1.363      1    1  2.8599e-20  4.7516e-23  2.4356e-22    8048.23  255346.85  7660405.36 1.4200e+22    1.57  deep
1622   6  33  19  1.20e+22   9.739    30.5995   0.2500  51.0822  1545.794  4.396e+21     1.366      1    1  2.8974e-20  1.8744e-23  1.5230e-22    7994.21  408361.51 12250845.33 1.4229e+22    1.68  deep
1623   7   8   1  2.40e+22   8.371     0.0016   0.0030   0.6406     1.069  2.082e+20     1.009      0    0  5.0880e-18  4.7581e-18  3.4716e-19     559.30     358.29    10748.77 2.9735e+22   51.39   sub
1624   7   8   2  2.40e+22   8.483     0.0016   0.0038   0.5707     1.055  2.069e+20     1.009      0    0  2.6878e-18  2.5480e-18  2.8139e-19     774.63     442.05    13261.35 2.7755e+22   71.64   sub
1625   7   9   1  2.40e+22   8.224     0.0024   0.0030   0.7976     1.108  3.089e+20     1.013      0    0  7.8152e-18  7.0518e-18  3.4866e-19     447.29     356.76    10702.76 3.2668e+22   27.70   sub
1626   7   9   2  2.40e+22   8.389     0.0024   0.0038   0.6979     1.082  3.071e+20     1.013      0    0  3.8317e-18  3.5397e-18  2.7623e-19     645.18     450.29    13508.76 2.9406e+22   40.28   sub
1627   7   9   3  2.40e+22   8.512     0.0024   0.0049   0.6090     1.063  3.035e+20     1.013      0    0  1.8054e-18  1.6991e-18  2.1574e-19     946.77     576.55    17296.40 2.7281e+22   59.41   sub
1628   7  10   1  2.40e+22   8.050     0.0035   0.0030   0.9913     1.169  4.584e+20     1.019      0    0  1.1498e-17  9.8352e-18  3.4393e-19     364.85     361.66    10849.75 3.6700e+22   15.31   sub
1629   7  10   2  2.40e+22   8.265     0.0035   0.0038   0.8584     1.126  4.555e+20     1.019      0    0  5.4919e-18  4.8783e-18  2.7090e-19     534.93     459.16    13774.70 3.1799e+22   22.61   sub
1630   7  10   3  2.40e+22   8.425     0.0035   0.0049   0.7468     1.095  4.502e+20     1.019      0    0  2.6085e-18  2.3829e-18  2.1256e-19     783.61     585.18    17555.33 2.8765e+22   33.29   sub
1631   7  10   4  2.40e+22   8.533     0.0035   0.0063   0.6543     1.072  4.423e+20     1.018      0    0  1.2573e-18  1.1724e-18  1.6735e-19    1135.93     743.26    22297.89 2.6937e+22   48.38   sub
1632   7  10   5  2.40e+22   8.600     0.0035   0.0080   0.5814     1.057  4.311e+20     1.018      0    0  6.4412e-19  6.0941e-19  1.3429e-19    1593.24     926.26    27787.70 2.5884e+22   67.89   sub
1633   7  11   1  2.40e+22   7.843     0.0052   0.0030   1.2424     1.270  6.805e+20     1.028      0    0  1.6921e-17  1.3322e-17  3.3727e-19     296.86     368.80    11064.15 4.2543e+22    8.52   sub
1634   7  11   2  2.40e+22   8.097     0.0052   0.0038   1.0715     1.199  6.759e+20     1.028      0    0  8.2241e-18  6.8616e-18  2.6831e-19     432.64     463.59    13907.80 3.5549e+22   12.46   sub
1635   7  11   3  2.40e+22   8.303     0.0052   0.0049   0.9256     1.147  6.679e+20     1.028      0    0  3.8862e-18  3.3887e-18  2.1085e-19     637.34     589.91    17697.44 3.1047e+22   18.41   sub
1636   7  11   4  2.40e+22   8.446     0.0052   0.0063   0.8091     1.111  6.562e+20     1.027      0    0  1.8953e-18  1.7052e-18  1.6702e-19     920.49     744.73    22341.97 2.8384e+22   26.62   sub
1637   7  11   5  2.40e+22   8.546     0.0052   0.0080   0.7100     1.085  6.381e+20     1.027      0    0  9.2249e-19  8.4990e-19  1.3201e-19    1327.16     942.24    28267.14 2.6721e+22   38.38   sub
1638   7  11   6  2.40e+22   8.617     0.0052   0.0102   0.6185     1.065  6.073e+20     1.025      0    0  4.2326e-19  3.9759e-19  1.0221e-19    1967.41    1216.93    36507.84 2.5623e+22   56.81   sub
1639   7  11   7  2.40e+22   8.656     0.0052   0.0131   0.5518     1.051  5.692e+20     1.024      0    0  2.1945e-19  2.0875e-19  8.2315e-20    2738.46    1511.11    45333.33 2.5049e+22   78.93   sub
1640   7  12   1  2.40e+22   7.611     0.0077   0.0030   1.5759     1.447  1.009e+21     1.042      0    0  2.4944e-17  1.7239e-17  3.2771e-19     240.85     379.56    11386.79 5.0945e+22    4.83   sub
1641   7  12   2  2.40e+22   7.902     0.0077   0.0038   1.3435     1.318  1.002e+21     1.042      0    0  1.2010e-17  9.1092e-18  2.6177e-19     353.68     475.18    14255.25 4.0749e+22    7.02   sub
1642   7  12   3  2.40e+22   8.152     0.0077   0.0049   1.1511     1.230  9.897e+20     1.041      0    0  5.6753e-18  4.6125e-18  2.0677e-19     522.58     601.57    18047.01 3.4252e+22   10.34   sub
1643   7  12   4  2.40e+22   8.337     0.0077   0.0063   0.9995     1.172  9.728e+20     1.041      0    0  2.7598e-18  2.3548e-18  1.6421e-19     757.86     757.50    22725.01 3.0380e+22   14.97   sub
1644   7  12   5  2.40e+22   8.475     0.0077   0.0080   0.8689     1.129  9.437e+20     1.039      0    0  1.3091e-18  1.1596e-18  1.2903e-19    1109.39     963.99    28919.66 2.7899e+22   21.86   sub
1645   7  12   6  2.40e+22   8.569     0.0077   0.0102   0.7577     1.097  8.987e+20     1.037      0    0  6.1536e-19  5.6070e-19  1.0090e-19    1627.09    1232.78    36983.49 2.6366e+22   31.97   sub
1646   7  12   7  2.40e+22   8.625     0.0077   0.0131   0.6708     1.076  8.383e+20     1.035      0    0  3.0966e-19  2.8776e-19  8.0574e-20    2301.23    1543.75    46312.47 2.5501e+22   45.06   sub
1647   7  12   8  2.40e+22   8.663     0.0077   0.0168   0.5933     1.059  7.521e+20     1.031      0    0  1.5302e-19  1.4444e-19  6.3898e-20    3280.90    1946.63    58398.90 2.4940e+22   64.03   sub
1648   7  13   1  2.40e+22   7.377     0.0114   0.0030   2.0248     1.771  1.496e+21     1.062      1    0  3.6152e-17  2.0412e-17  3.1189e-19     196.96     398.81    11964.31 6.2384e+22    2.85   sub
1649   7  13   2  2.40e+22   7.677     0.0114   0.0038   1.7113     1.534  1.485e+21     1.062      1    0  1.7744e-17  1.1570e-17  2.5344e-19     286.80     490.80    14723.98 4.8313e+22    4.02   sub
1650   7  13   3  2.40e+22   7.960     0.0114   0.0049   1.4537     1.376  1.469e+21     1.061      1    0  8.4907e-18  6.1695e-18  2.0267e-19     422.19     613.75    18412.41 3.9078e+22    5.81   sub
1651   7  13   4  2.40e+22   8.193     0.0114   0.0063   1.2478     1.273  1.442e+21     1.060      1    0  4.0730e-18  3.2004e-18  1.6119e-19     618.42     771.65    23149.56 3.3333e+22    8.43   sub
1652   7  13   5  2.40e+22   8.367     0.0114   0.0080   1.0829     1.203  1.400e+21     1.058      1    0  1.9849e-18  1.6500e-18  1.2830e-19     895.22     969.46    29083.78 2.9822e+22   12.12   sub
1653   7  13   6  2.40e+22   8.494     0.0114   0.0102   0.9415     1.152  1.335e+21     1.056      1    0  9.4541e-19  8.2063e-19  1.0108e-19    1306.98    1230.58    36917.29 2.7571e+22   17.57   sub
1654   7  13   7  2.40e+22   8.578     0.0114   0.0131   0.8250     1.116  1.241e+21     1.052      1    0  4.5807e-19  4.1046e-19  7.9901e-20    1886.94    1556.76    46702.76 2.6212e+22   25.22   sub
1655   7  13   8  2.40e+22   8.634     0.0114   0.0168   0.7244     1.089  1.107e+21     1.046      0    0  2.2045e-19  2.0244e-19  6.2924e-20    2728.89    1976.76    59302.85 2.5363e+22   36.26   sub
1656   7  13   9  2.40e+22   8.673     0.0114   0.0214   0.6291     1.067  9.119e+20     1.038      0    0  9.8220e-20  9.2069e-20  4.8259e-20    4097.40    2577.50    77325.01 2.4797e+22   54.13   sub
1657   7  13  10  2.40e+22   8.692     0.0114   0.0274   0.5660     1.054  7.405e+20     1.031      0    0  5.3189e-20  5.0466e-20  3.9428e-20    5573.97    3154.77    94643.16 2.4530e+22   73.35   sub
1658   7  14   1  2.40e+22   7.158     0.0169   0.0030   2.6586     2.428  2.216e+21     1.092      1    0  5.1693e-17  2.1286e-17  2.8836e-19     162.25     431.35    12940.58 7.7508e+22    1.80   sub
1659   7  14   2  2.40e+22   7.448     0.0169   0.0038   2.2124     1.940  2.201e+21     1.092      1    0  2.5681e-17  1.3241e-17  2.3942e-19     234.83     519.53    15585.93 5.8474e+22    2.42   sub
1660   7  14   3  2.40e+22   7.747     0.0169   0.0049   1.8566     1.637  2.175e+21     1.091      1    0  1.2458e-17  7.6099e-18  1.9485e-19     343.84     638.37    19151.24 4.5730e+22    3.39   sub
1661   7  14   4  2.40e+22   8.016     0.0169   0.0063   1.5764     1.447  2.135e+21     1.089      1    0  6.0178e-18  4.1583e-18  1.5680e-19     503.23     793.27    23798.23 3.7585e+22    4.82   sub
1662   7  14   5  2.40e+22   8.235     0.0169   0.0080   1.3517     1.323  2.071e+21     1.086      1    0  2.8957e-18  2.1895e-18  1.2515e-19     735.31     993.90    29817.10 3.2438e+22    6.92   sub
1663   7  14   6  2.40e+22   8.401     0.0169   0.0102   1.1670     1.237  1.974e+21     1.082      1    0  1.3812e-18  1.1165e-18  9.9117e-20    1075.35    1254.94    37648.24 2.9196e+22    9.99   sub
1664   7  14   7  2.40e+22   8.517     0.0169   0.0131   1.0140     1.177  1.829e+21     1.076      1    0  6.5779e-19  5.5881e-19  7.8185e-20    1569.01    1590.93    47727.76 2.7189e+22   14.41   sub
1665   7  14   8  2.40e+22   8.596     0.0169   0.0168   0.8832     1.133  1.620e+21     1.067      1    0  3.0919e-19  2.7281e-19  6.1257e-20    2299.12    2030.56    60916.80 2.5937e+22   20.91   sub
1666   7  14   9  2.40e+22   8.645     0.0169   0.0214   0.7782     1.103  1.365e+21     1.057      1    0  1.5204e-19  1.3785e-19  4.8615e-20    3287.92    2558.58    76757.47 2.5211e+22   29.67   sub
1667   7  14  10  2.40e+22   8.676     0.0169   0.0274   0.6885     1.080  1.076e+21     1.045      0    0  7.5609e-20  6.9992e-20  3.8679e-20    4670.71    3215.89    96476.57 2.4762e+22   41.86   sub
1668   7  14  11  2.40e+22   8.696     0.0169   0.0350   0.6056     1.062  7.706e+20     1.032      0    0  3.6000e-20  3.3902e-20  3.0306e-20    6777.08    4104.39   123131.83 2.4466e+22   60.36   sub
1669   7  15   1  2.40e+22   6.987     0.0251   0.0030   3.5608     3.864  3.278e+21     1.137      1    0  6.9229e-17  1.7915e-17  2.5217e-19     138.53     493.26    14797.83 9.4348e+22    1.27   sub
1670   7  15   2  2.40e+22   7.241     0.0251   0.0038   2.9187     2.777  3.254e+21     1.136      1    0  3.5863e-17  1.2916e-17  2.1752e-19     195.92     571.84    17155.08 7.1094e+22    1.58   sub
1671   7  15   3  2.40e+22   7.528     0.0251   0.0049   2.4149     2.145  3.217e+21     1.134      1    0  1.7940e-17  8.3624e-18  1.8236e-19     282.45     682.08    20462.45 5.4586e+22    2.09   sub
1672   7  15   4  2.40e+22   7.817     0.0251   0.0063   2.0179     1.765  3.156e+21     1.132      1    0  8.7263e-18  4.9433e-18  1.4937e-19     412.69     832.77    24982.98 4.3368e+22    2.87   sub
1673   7  15   5  2.40e+22   8.068     0.0251   0.0080   1.7141     1.536  3.063e+21     1.128      1    0  4.2818e-18  2.7885e-18  1.2125e-19     598.52    1025.90    30777.14 3.6259e+22    4.01   sub
1674   7  15   6  2.40e+22   8.275     0.0251   0.0102   1.4652     1.383  2.918e+21     1.122      1    0  2.0502e-18  1.4829e-18  9.6912e-20     876.01    1283.50    38504.97 3.1603e+22    5.71   sub
1675   7  15   7  2.40e+22   8.430     0.0251   0.0131   1.2625     1.279  2.701e+21     1.113      1    0  9.7501e-19  7.6208e-19  7.6847e-20    1282.09    1618.61    48558.41 2.8678e+22    8.19   sub
1676   7  15   8  2.40e+22   8.533     0.0251   0.0168   1.1015     1.210  2.410e+21     1.100      1    0  4.7727e-19  3.9436e-19  6.1250e-20    1843.74    2030.80    60924.12 2.6926e+22   11.59   sub
1677   7  15   9  2.40e+22   8.605     0.0251   0.0214   0.9621     1.159  2.023e+21     1.084      1    0  2.2902e-19  1.9761e-19  4.8374e-20    2672.74    2571.37    77140.98 2.5804e+22   16.58   sub
1678   7  15  10  2.40e+22   8.652     0.0251   0.0274   0.8433     1.121  1.575e+21     1.066      1    0  1.0985e-19  9.7971e-20  3.8119e-20    3869.54    3263.08    97892.37 2.5110e+22   23.74   sub
1679   7  15  11  2.40e+22   8.681     0.0251   0.0350   0.7398     1.093  1.124e+21     1.047      0    0  5.2185e-20  4.7751e-20  2.9897e-20    5624.01    4160.45   124813.37 2.4678e+22   34.18   sub
1680   7  15  12  2.40e+22   8.700     0.0251   0.0448   0.6496     1.071  7.457e+20     1.031      0    1  2.4672e-20  2.3029e-20  2.3384e-20    8188.18    5319.21   159576.44 2.4413e+22   49.38   sub
1681   7  15  13  2.40e+22   8.711     0.0251   0.0572   0.5800     1.057  5.010e+20     1.021      0    1  1.2751e-20  1.2066e-20  1.8816e-20   11396.72    6610.53   198315.82 2.4266e+22   68.34   sub
1682   7  16   1  2.40e+22   6.869     0.0373   0.0030   4.9285     7.478  4.830e+21     1.201      1    0  8.6273e-17  1.1537e-17  2.0513e-19     123.04     606.39    18191.63 1.1065e+23    1.04   sub
1683   7  16   2  2.40e+22   7.080     0.0373   0.0038   3.9429     4.683  4.797e+21     1.200      1    0  4.6748e-17  9.9824e-18  1.8592e-19     169.68     669.05    20071.42 8.4484e+22    1.17   sub
1684   7  16   3  2.40e+22   7.328     0.0373   0.0049   3.2161     3.238  4.742e+21     1.198      1    0  2.4793e-17  7.6565e-18  1.6315e-19     237.06     762.41    22872.38 6.5270e+22    1.41   sub
1685   7  16   4  2.40e+22   7.609     0.0373   0.0063   2.6418     2.408  4.651e+21     1.194      1    0  1.2466e-17  5.1775e-18  1.3821e-19     340.67     899.98    26999.32 5.0999e+22    1.82   sub
1686   7  16   5  2.40e+22   7.880     0.0373   0.0080   2.2069     1.934  4.513e+21     1.188      1    0  6.1987e-18  3.2046e-18  1.1464e-19     491.63    1084.98    32549.44 4.1393e+22    2.43   sub
1687   7  16   6  2.40e+22   8.122     0.0373   0.0102   1.8619     1.641  4.297e+21     1.179      1    0  3.0020e-18  1.8293e-18  9.3149e-20     717.21    1335.35    40060.51 3.4944e+22    3.37   sub
1688   7  16   7  2.40e+22   8.313     0.0373   0.0131   1.5914     1.456  3.981e+21     1.166      1    0  1.4541e-18  9.9842e-19  7.4970e-20    1042.55    1659.16    49774.79 3.0851e+22    4.72   sub
1689   7  16   8  2.40e+22   8.455     0.0373   0.0168   1.3705     1.332  3.534e+21     1.147      1    0  6.9604e-19  5.2251e-19  5.9722e-20    1519.68    2082.76    62482.70 2.8240e+22    6.69   sub
1690   7  16   9  2.40e+22   8.552     0.0373   0.0214   1.1909     1.247  2.965e+21     1.124      1    0  3.3591e-19  2.6931e-19  4.7475e-20    2200.07    2620.05    78601.38 2.6631e+22    9.48   sub
1691   7  16  10  2.40e+22   8.617     0.0373   0.0274   1.0386     1.186  2.304e+21     1.096      1    0  1.6074e-19  1.3551e-19  3.7513e-20    3192.60    3315.84    99475.23 2.5620e+22   13.52   sub
1692   7  16  11  2.40e+22   8.660     0.0373   0.0350   0.9065     1.141  1.636e+21     1.068      1    0  7.5631e-20  6.6304e-20  2.9408e-20    4665.88    4229.68   126890.47 2.4985e+22   19.48   sub
1693   7  16  12  2.40e+22   8.686     0.0373   0.0448   0.8001     1.109  1.112e+21     1.046      0    0  3.7330e-20  3.3663e-20  2.3373e-20    6651.08    5321.75   159652.65 2.4617e+22   27.45   sub
1694   7  16  13  2.40e+22   8.702     0.0373   0.0572   0.7064     1.085  7.239e+20     1.030      0    1  1.8261e-20  1.6837e-20  1.8499e-20    9518.73    6723.89   201716.64 2.4384e+22   38.93   sub
1695   7  16  14  2.40e+22   8.713     0.0373   0.0732   0.6178     1.064  4.435e+20     1.018      0    1  8.3893e-21  7.8816e-21  1.4328e-20   14052.34    8681.48   260444.34 2.4229e+22   57.01   sub
1696   7  16  15  2.40e+22   8.719     0.0373   0.0936   0.5520     1.051  2.900e+20     1.012      0    1  4.3395e-21  4.1278e-21  1.1529e-20   19545.07   10788.90   323666.89 2.4148e+22   78.85   sub
1697   7  17   1  2.40e+22   6.794     0.0553   0.0030   7.2001    18.401  7.068e+21     1.295      1    0  1.0063e-16  5.4688e-18  1.5248e-19     113.30     815.75    24472.56 1.2428e+23    1.00 super
1698   7  17   2  2.40e+22   6.962     0.0553   0.0038   5.5763     9.914  7.020e+21     1.293      1    0  5.7633e-17  5.8132e-18  1.4719e-19     151.55     845.08    25352.43 9.7421e+22    1.01   sub
1699   7  17   3  2.40e+22   7.178     0.0553   0.0049   4.3941     5.834  6.939e+21     1.289      1    0  3.1545e-17  5.4071e-18  1.3610e-19     208.00     913.95    27418.59 7.5853e+22    1.10   sub
1700   7  17   4  2.40e+22   7.426     0.0553   0.0063   3.5413     3.826  6.809e+21     1.284      1    0  1.6799e-17  4.3906e-18  1.2116e-19     289.91    1026.66    30799.71 5.9645e+22    1.28   sub
1701   7  17   5  2.40e+22   7.691     0.0553   0.0080   2.9012     2.752  6.604e+21     1.275      1    0  8.6482e-18  3.1428e-18  1.0427e-19     411.20    1192.97    35788.96 4.7762e+22    1.60   sub
1702   7  17   6  2.40e+22   7.948     0.0553   0.0102   2.4118     2.142  6.291e+21     1.262      1    0  4.3284e-18  2.0208e-18  8.7289e-20     590.85    1424.99    42749.73 3.9425e+22    2.09   sub
1703   7  17   7  2.40e+22   8.174     0.0553   0.0131   2.0272     1.773  5.818e+21     1.242      1    0  2.1034e-18  1.1862e-18  7.1383e-20     859.56    1742.52    52275.67 3.3754e+22    2.85   sub
1704   7  17   8  2.40e+22   8.348     0.0553   0.0168   1.7330     1.548  5.179e+21     1.216      1    0  1.0339e-18  6.6775e-19  5.7933e-20    1238.95    2147.08    64412.39 3.0178e+22    3.91   sub
1705   7  17   9  2.40e+22   8.479     0.0553   0.0214   1.4884     1.396  4.331e+21     1.180      1    0  4.9408e-19  3.5404e-19  4.6266e-20    1806.30    2688.50    80655.11 2.7826e+22    5.50   sub
1706   7  17  10  2.40e+22   8.570     0.0553   0.0274   1.2871     1.291  3.351e+21     1.140      1    0  2.3455e-19  1.8169e-19  3.6669e-20    2635.58    3392.15   101764.50 2.6351e+22    7.80   sub
1707   7  17  11  2.40e+22   8.628     0.0553   0.0350   1.1241     1.219  2.417e+21     1.101      1    0  1.1388e-19  9.3401e-20  2.9156e-20    3795.21    4266.21   127986.43 2.5463e+22   11.00   sub
1708   7  17  12  2.40e+22   8.666     0.0553   0.0448   0.9847     1.167  1.629e+21     1.068      1    0  5.5010e-20  4.7147e-20  2.3081e-20    5472.69    5389.13   161673.87 2.4906e+22   15.58   sub
1709   7  17  13  2.40e+22   8.690     0.0553   0.0572   0.8623     1.127  1.042e+21     1.043      0    0  2.6088e-20  2.3149e-20  1.8126e-20    7958.19    6862.45   205873.37 2.4553e+22   22.33   sub
1710   7  17  14  2.40e+22   8.706     0.0553   0.0732   0.7552     1.097  6.477e+20     1.027      0    1  1.2233e-20  1.1152e-20  1.4159e-20   11632.23    8785.24   263557.08 2.4335e+22   32.25   sub
1711   7  17  15  2.40e+22   8.715     0.0553   0.0936   0.6699     1.076  4.146e+20     1.017      0    1  6.1169e-21  5.6854e-21  1.1282e-20   16457.99   11025.31   330759.33 2.4212e+22   45.24   sub
1712   7  17  16  2.40e+22   8.720     0.0553   0.1196   0.5937     1.059  2.619e+20     1.011      0    1  3.0237e-21  2.8540e-21  8.9475e-21   23416.41   13901.83   417054.91 2.4133e+22   63.92   sub
1713   7  18   1  2.40e+22   6.745     0.0821   0.0030  11.4642    59.027  1.014e+22     1.423      1    0  1.1356e-16  1.9239e-18  1.0210e-19     106.27    1218.29    36548.66 1.3522e+23    1.13 super
1714   7  18   2  2.40e+22   6.889     0.0821   0.0038   8.3880    26.959  1.011e+22     1.421      1    0  6.6343e-17  2.4608e-18  1.0554e-19     140.50    1178.55    35356.41 1.0759e+23    1.03 super
1715   7  18   3  2.40e+22   7.078     0.0821   0.0049   6.2554    13.033  1.001e+22     1.417      1    0  3.6995e-17  2.8386e-18  1.0426e-19     190.72    1193.04    35791.21 8.4668e+22    1.00   sub
1716   7  18   4  2.40e+22   7.289     0.0821   0.0063   4.8964     7.370  9.826e+21     1.409      1    0  2.0850e-17  2.8290e-18  9.8538e-20     257.80    1262.32    37869.75 6.7807e+22    1.05   sub
1717   7  18   5  2.40e+22   7.529     0.0821   0.0080   3.9112     4.610  9.533e+21     1.397      1    0  1.1278e-17  2.4465e-18  8.9269e-20     356.26    1393.39    41801.67 5.4547e+22    1.18   sub
1718   7  18   6  2.40e+22   7.773     0.0821   0.0102   3.2003     3.212  9.092e+21     1.379      1    0  5.9856e-18  1.8636e-18  7.8220e-20     496.89    1590.20    47706.12 4.4837e+22    1.42   sub
1719   7  18   7  2.40e+22   8.014     0.0821   0.0131   2.6426     2.409  8.416e+21     1.351      1    0  3.0073e-18  1.2485e-18  6.6126e-20     711.82    1881.06    56431.87 3.7612e+22    1.81   sub
1720   7  18   8  2.40e+22   8.220     0.0821   0.0168   2.2206     1.947  7.483e+21     1.312      1    0  1.4930e-18  7.6667e-19  5.4749e-20    1023.10    2271.94    68158.22 3.2753e+22    2.40   sub
1721   7  18   9  2.40e+22   8.385     0.0821   0.0214   1.8830     1.657  6.257e+21     1.261      1    0  7.1991e-19  4.3443e-19  4.4393e-20    1488.06    2801.96    84058.73 2.9489e+22    3.29   sub
1722   7  18  10  2.40e+22   8.501     0.0821   0.0274   1.6191     1.474  4.887e+21     1.204      1    0  3.5059e-19  2.3791e-19  3.5779e-20    2147.17    3476.55   104296.49 2.7448e+22    4.54   sub
1723   7  18  11  2.40e+22   8.584     0.0821   0.0350   1.3966     1.346  3.494e+21     1.146      1    0  1.6617e-19  1.2349e-19  2.8418e-20    3134.03    4377.02   131310.62 2.6120e+22    6.40   sub
1724   7  18  12  2.40e+22   8.637     0.0821   0.0448   1.2192     1.260  2.376e+21     1.099      1    0  8.1156e-20  6.4424e-20  2.2682e-20    4498.20    5484.04   164521.33 2.5326e+22    8.94   sub
1725   7  18  13  2.40e+22   8.671     0.0821   0.0572   1.0666     1.197  1.543e+21     1.064      1    0  3.9197e-20  3.2755e-20  1.7982e-20    6485.46    6917.41   207522.41 2.4822e+22   12.61   sub
1726   7  18  14  2.40e+22   8.694     0.0821   0.0732   0.9333     1.149  9.699e+20     1.040      0    0  1.8622e-20  1.6203e-20  1.4146e-20    9421.25    8793.16   263794.75 2.4503e+22   17.99   sub
1727   7  18  15  2.40e+22   8.707     0.0821   0.0936   0.8220     1.115  6.112e+20     1.025      0    1  9.0583e-21  8.1231e-21  1.1193e-20   13518.89   11113.00   333389.90 2.4312e+22   25.47   sub
1728   7  18  16  2.40e+22   8.716     0.0821   0.1196   0.7239     1.089  3.799e+20     1.016      0    1  4.3606e-21  4.0048e-21  8.8145e-21   19494.10   14111.59   423347.69 2.4192e+22   36.33   sub
1729   7  18  17  2.40e+22   8.722     0.0821   0.1529   0.6299     1.067  2.236e+20     1.009      0    1  1.9440e-21  1.8219e-21  6.7610e-21   29206.20   18397.71   551931.30 2.4113e+22   53.92   sub
1730   7  18  18  2.40e+22   8.724     0.0821   0.1955   0.5672     1.054  1.491e+20     1.006      0    1  1.0516e-21  9.9750e-22  5.5217e-21   39716.84   22526.76   675802.84 2.4075e+22   72.91   sub
1731   7  19   1  2.40e+22   6.715     0.1218   0.0030  19.6447   213.418  1.383e+22     1.576      1    0  1.2484e-16  5.8494e-19  6.2613e-20     101.13    1986.59    59597.57 1.4331e+23    1.37  deep
1732   7  19   2  2.40e+22   6.852     0.1218   0.0038  13.4028    86.700  1.398e+22     1.582      1    0  7.0991e-17  8.1881e-19  6.8509e-20     135.47    1815.61    54468.42 1.1347e+23    1.19  deep
1733   7  19   3  2.40e+22   7.005     0.1218   0.0049   9.6966    38.828  1.396e+22     1.582      1    0  4.2324e-17  1.0900e-18  7.2314e-20     177.39    1720.09    51602.64 9.2301e+22    1.07 super
1734   7  19   4  2.40e+22   7.191     0.1218   0.0063   7.1765    18.252  1.378e+22     1.574      1    0  2.4423e-17  1.3381e-18  7.3255e-20     236.60    1697.99    50939.69 7.4800e+22    1.00 super
1735   7  19   5  2.40e+22   7.398     0.1218   0.0080   5.5342     9.740  1.341e+22     1.559      1    0  1.3969e-17  1.4341e-18  7.0832e-20     317.31    1756.07    52682.08 6.1199e+22    1.01   sub
1736   7  19   6  2.40e+22   7.629     0.1218   0.0102   4.3598     5.739  1.279e+22     1.533      1    0  7.6173e-18  1.3272e-18  6.5382e-20     436.36    1902.44    57073.26 5.0205e+22    1.10   sub
1737   7  19   7  2.40e+22   7.860     0.1218   0.0131   3.5312     3.806  1.188e+22     1.495      1    0  4.0642e-18  1.0677e-18  5.8092e-20     606.37    2141.18    64235.49 4.2016e+22    1.28   sub
1738   7  19   8  2.40e+22   8.079     0.1218   0.0168   2.9080     2.761  1.058e+22     1.441      1    0  2.0867e-18  7.5565e-19  4.9855e-20     857.96    2494.95    74848.35 3.5977e+22    1.59   sub
1739   7  19   9  2.40e+22   8.267     0.1218   0.0214   2.4321     2.164  8.905e+21     1.371      1    0  1.0430e-18  4.8194e-19  4.1660e-20    1227.63    2985.75    89572.52 3.1761e+22    2.06   sub
1740   7  19  10  2.40e+22   8.417     0.1218   0.0274   2.0557     1.797  6.948e+21     1.290      1    0  5.0629e-19  2.8167e-19  3.4034e-20    1777.87    3654.80   109644.10 2.8902e+22    2.77   sub
1741   7  19  11  2.40e+22   8.522     0.1218   0.0350   1.7650     1.571  5.069e+21     1.211      1    0  2.4881e-19  1.5842e-19  2.7616e-20    2551.90    4504.15   135124.54 2.7104e+22    3.76   sub
1742   7  19  12  2.40e+22   8.598     0.1218   0.0448   1.5192     1.413  3.419e+21     1.142      1    0  1.1829e-19  8.3704e-20  2.2025e-20    3717.30    5647.51   169425.30 2.5916e+22    5.25   sub
1743   7  19  13  2.40e+22   8.646     0.1218   0.0572   1.3211     1.307  2.233e+21     1.093      1    0  5.7197e-20  4.3751e-20  1.7563e-20    5360.96    7082.14   212464.27 2.5192e+22    7.32   sub
1744   7  19  14  2.40e+22   8.678     0.1218   0.0732   1.1495     1.230  1.405e+21     1.059      1    0  2.7041e-20  2.1990e-20  1.3853e-20    7811.14    8978.88   269366.46 2.4729e+22   10.38   sub
1745   7  19  15  2.40e+22   8.697     0.1218   0.0936   1.0080     1.175  8.841e+20     1.037      0    0  1.3078e-20  1.1130e-20  1.0975e-20   11244.64   11334.06   340021.79 2.4452e+22   14.64   sub
1746   7  19  16  2.40e+22   8.710     0.1218   0.1196   0.8813     1.133  5.412e+20     1.023      0    1  6.1330e-21  5.4143e-21  8.5896e-21   16432.16   14481.11   434433.38 2.4274e+22   21.04   sub
1747   7  19  17  2.40e+22   8.718     0.1218   0.1529   0.7780     1.103  3.393e+20     1.014      0    1  3.0054e-21  2.7250e-21  6.8084e-21   23483.77   18269.45   548083.56 2.4171e+22   29.69   sub
1748   7  19  18  2.40e+22   8.722     0.1218   0.1955   0.6895     1.080  2.143e+20     1.009      0    1  1.4955e-21  1.3841e-21  5.4176e-21   33299.90   22959.69   688790.63 2.4108e+22   41.69   sub
1749   7  19  19  2.40e+22   8.725     0.1218   0.2500   0.6068     1.062  1.309e+20     1.005      0    1  7.0977e-22  6.6826e-22  4.2403e-21   48344.56   29334.25   880027.55 2.4066e+22   60.03   sub
1750   7  20   1  2.40e+22   6.695     0.1808   0.0030  33.8852   688.719  1.701e+22     1.709      1    0  1.3439e-16  1.9513e-19  3.7718e-20      97.32    3297.81    98934.35 1.4916e+23    1.59  deep
1751   7  20   2  2.40e+22   6.832     0.1808   0.0038  22.4851   288.793  1.768e+22     1.737      1    0  7.3983e-17  2.5618e-19  4.1750e-20     132.50    2979.31    89379.45 1.1701e+23    1.43  deep
1752   7  20   3  2.40e+22   6.958     0.1808   0.0049  16.3448   139.479  1.802e+22     1.751      1    0  4.6929e-17  3.3646e-19  4.5327e-20     167.89    2744.20    82325.87 9.7981e+22    1.28  deep
1753   7  20   4  2.40e+22   7.127     0.1808   0.0063  11.3983    58.188  1.813e+22     1.755      1    0  2.7341e-17  4.6988e-19  4.9018e-20     222.63    2537.58    76127.40 8.0076e+22    1.13 super
1754   7  20   5  2.40e+22   7.319     0.1808   0.0080   8.2205    25.627  1.785e+22     1.744      1    0  1.5730e-17  6.1381e-19  5.0874e-20     297.42    2444.98    73349.32 6.5857e+22    1.03 super
1755   7  20   6  2.40e+22   7.523     0.1808   0.0102   6.2100    12.805  1.715e+22     1.715      1    0  8.9958e-18  7.0251e-19  5.0232e-20     398.75    2476.22    74286.46 5.4803e+22    1.00   sub
1756   7  20   7  2.40e+22   7.735     0.1808   0.0131   4.8650     7.266  1.600e+22     1.667      1    0  5.0422e-18  6.9397e-19  4.7342e-20     540.06    2627.39    78821.80 4.6155e+22    1.05   sub
1757   7  20   8  2.40e+22   7.948     0.1808   0.0168   3.9044     4.594  1.433e+22     1.597      1    0  2.7204e-18  5.9212e-19  4.2744e-20     745.32    2910.02    87300.61 3.9406e+22    1.18   sub
1758   7  20   9  2.40e+22   8.141     0.1808   0.0214   3.2148     3.236  1.222e+22     1.509      1    0  1.4432e-18  4.4598e-19  3.7360e-20    1035.64    3329.41    99882.25 3.4493e+22    1.41   sub
1759   7  20  10  2.40e+22   8.313     0.1808   0.0274   2.6722     2.446  9.670e+21     1.403      1    0  7.2567e-19  2.9673e-19  3.1541e-20    1475.78    3943.65   118309.47 3.0852e+22    1.79   sub
1760   7  20  11  2.40e+22   8.446     0.1808   0.0350   2.2542     1.980  7.110e+21     1.296      1    0  3.5795e-19  1.8079e-19  2.6052e-20    2118.09    4774.53   143235.90 2.8386e+22    2.34   sub
1761   7  20  12  2.40e+22   8.545     0.1808   0.0448   1.9163     1.683  4.853e+21     1.202      1    0  1.7130e-19  1.0179e-19  2.1077e-20    3079.65    5901.63   177048.92 2.6737e+22    3.18   sub
1762   7  20  13  2.40e+22   8.610     0.1808   0.0572   1.6546     1.496  3.219e+21     1.134      1    0  8.3941e-20  5.6102e-20  1.7023e-20    4416.10    7306.85   219205.54 2.5726e+22    4.33   sub
1763   7  20  14  2.40e+22   8.654     0.1808   0.0732   1.4336     1.365  2.058e+21     1.086      1    0  4.0339e-20  2.9547e-20  1.3586e-20    6386.60    9155.55   274666.39 2.5071e+22    6.01   sub
1764   7  20  15  2.40e+22   8.682     0.1808   0.0936   1.2492     1.273  1.297e+21     1.054      1    0  1.9415e-20  1.5248e-20  1.0799e-20    9220.84   11518.31   345549.27 2.4664e+22    8.41   sub
1765   7  20  16  2.40e+22   8.700     0.1808   0.1196   1.0950     1.208  8.161e+20     1.034      0    1  9.4526e-21  7.8270e-21  8.5869e-21   13228.43   14485.53   434565.93 2.4414e+22   11.77   sub
1766   7  20  17  2.40e+22   8.712     0.1808   0.1529   0.9598     1.158  5.052e+20     1.021      0    1  4.5279e-21  3.9094e-21  6.7757e-21   19125.84   18357.61   550728.19 2.4255e+22   16.69   sub
1767   7  20  18  2.40e+22   8.719     0.1808   0.1955   0.8434     1.121  3.119e+20     1.013      0    1  2.1719e-21  1.9369e-21  5.3387e-21   27626.13   23298.84   698965.12 2.4157e+22   23.73   sub
1768   7  20  19  2.40e+22   8.723     0.1808   0.2500   0.7408     1.093  1.907e+20     1.008      0    1  1.0302e-21  9.4242e-22  4.1849e-21   40123.43   29722.53   891676.03 2.4096e+22   34.05   sub
1769   7  21   1  2.40e+22   6.685     0.2683   0.0030  55.2385  1794.164  1.881e+22     1.784      1    0  1.4009e-16  7.8079e-20  2.3641e-20      95.25    5261.39   157841.64 1.5251e+23    1.69  deep
1770   7  21   2  2.40e+22   6.804     0.2683   0.0038  39.1393   920.246  1.979e+22     1.825      1    0  8.1309e-17  8.8356e-20  2.5197e-20     126.13    4936.62   148098.48 1.2236e+23    1.63  deep
1771   7  21   3  2.40e+22   6.931     0.2683   0.0049  28.1023   467.343  2.064e+22     1.860      1    0  5.0027e-17  1.0705e-19  2.7271e-20     162.30    4561.11   136833.23 1.0144e+23    1.53  deep
1772   7  21   4  2.40e+22   7.082     0.2683   0.0063  19.6227   212.877  2.132e+22     1.888      1    0  3.0152e-17  1.4164e-19  2.9996e-20     211.33    4146.80   124404.13 8.4219e+22    1.37  deep
1773   7  21   5  2.40e+22   7.265     0.2683   0.0080  13.3112    85.264  2.157e+22     1.899      1    0  1.7246e-17  2.0227e-19  3.3019e-20     283.01    3767.17   113015.04 6.9391e+22    1.19  deep
1774   7  21   6  2.40e+22   7.441     0.2683   0.0102   9.6556    38.417  2.120e+22     1.883      1    0  1.0376e-17  2.7009e-19  3.4887e-20     369.25    3565.36   106960.76 5.8843e+22    1.07 super
1775   7  21   7  2.40e+22   7.638     0.2683   0.0131   7.1346    17.988  2.009e+22     1.837      1    0  5.9541e-18  3.3100e-19  3.5302e-20     493.86    3523.46   105703.89 4.9828e+22    1.00 super
1776   7  21   8  2.40e+22   7.834     0.2683   0.0168   5.5096     9.640  1.828e+22     1.762      1    0  3.3802e-18  3.5065e-19  3.4010e-20     663.82    3657.37   109721.06 4.2812e+22    1.01   sub
1777   7  21   9  2.40e+22   8.030     0.2683   0.0214   4.3638     5.750  1.574e+22     1.656      1    0  1.8372e-18  3.1951e-19  3.1269e-20     911.59    3977.99   119339.74 3.7208e+22    1.10   sub
1778   7  21  10  2.40e+22   8.207     0.2683   0.0274   3.5519     3.847  1.275e+22     1.531      1    0  9.7454e-19  2.5333e-19  2.7676e-20    1265.33    4494.37   134831.11 3.3037e+22    1.28   sub
1779   7  21  11  2.40e+22   8.356     0.2683   0.0350   2.9482     2.820  9.660e+21     1.402      1    0  5.0334e-19  1.7852e-19  2.3748e-20    1776.57    5237.71   157131.37 3.0024e+22    1.56   sub
1780   7  21  12  2.40e+22   8.475     0.2683   0.0448   2.4753     2.212  6.821e+21     1.284      1    0  2.5048e-19  1.1325e-19  1.9813e-20    2536.35    6278.11   188343.26 2.7891e+22    2.00   sub
1781   7  21  13  2.40e+22   8.562     0.2683   0.0572   2.1054     1.841  4.588e+21     1.191      1    0  1.2307e-19  6.6853e-20  1.6245e-20    3636.78    7656.83   229704.79 2.6477e+22    2.65   sub
1782   7  21  14  2.40e+22   8.621     0.2683   0.0732   1.8067     1.600  2.977e+21     1.124      1    0  5.9700e-20  3.7305e-20  1.3139e-20    5239.90    9466.84   284005.27 2.5556e+22    3.58   sub
1783   7  21  15  2.40e+22   8.661     0.2683   0.0936   1.5597     1.437  1.883e+21     1.078      1    0  2.8607e-20  1.9906e-20  1.0511e-20    7587.14   11833.81   355014.43 2.4966e+22    4.94   sub
1784   7  21  16  2.40e+22   8.687     0.2683   0.1196   1.3567     1.325  1.183e+21     1.049      0    0  1.3803e-20  1.0417e-20  8.3818e-21   10938.74   14840.11   445203.20 2.4600e+22    6.86   sub
1785   7  21  17  2.40e+22   8.703     0.2683   0.1529   1.1843     1.244  7.359e+20     1.031      0    1  6.6309e-21  5.3283e-21  6.6486e-21   15796.93   18708.53   561255.88 2.4371e+22    9.62   sub
1786   7  21  18  2.40e+22   8.713     0.2683   0.1955   1.0366     1.185  4.548e+20     1.019      0    1  3.1744e-21  2.6779e-21  5.2525e-21   22844.54   23681.32   710439.49 2.4229e+22   13.59   sub
1787   7  21  19  2.40e+22   8.720     0.2683   0.2500   0.9071     1.141  2.774e+20     1.012      0    1  1.4963e-21  1.3115e-21  4.1195e-21   33286.62   30194.88   905846.36 2.4139e+22   19.44   sub
1788   7  22   2  2.40e+22   6.818     0.3981   0.0038  58.9916  2031.582  2.104e+22     1.877      1    0  7.5989e-17  3.7404e-20  1.6144e-20     130.60    7704.59   231137.61 1.1965e+23    1.70  deep
1789   7  22   3  2.40e+22   6.887     0.3981   0.0049  49.8561  1475.487  2.162e+22     1.901      1    0  5.7997e-17  3.9307e-20  1.6604e-20     150.26    7491.17   224735.03 1.0784e+23    1.68  deep
1790   7  22   4  2.40e+22   7.053     0.3981   0.0063  33.9003   689.343  2.277e+22     1.949      1    0  3.2425e-17  4.7038e-20  1.8042e-20     203.36    6894.11   206823.31 8.7105e+22    1.59  deep
1791   7  22   5  2.40e+22   7.242     0.3981   0.0080  22.2346   281.725  2.355e+22     1.981      1    0  1.7850e-17  6.3360e-20  2.0143e-20     277.73    6175.22   185256.50 7.1022e+22    1.43  deep
1792   7  22   6  2.40e+22   7.393     0.3981   0.0102  16.1061   134.723  2.363e+22     1.984      1    0  1.1334e-17  8.4127e-20  2.1930e-20     352.16    5671.94   170158.29 6.1455e+22    1.28  deep
1793   7  22   7  2.40e+22   7.580     0.3981   0.0131  11.1798    55.452  2.292e+22     1.955      1    0  6.5476e-18  1.1808e-19  2.3716e-20     469.14    5244.91   157347.25 5.2261e+22    1.12 super
1794   7  22   8  2.40e+22   7.760     0.3981   0.0168   8.1891    25.382  2.132e+22     1.889      1    0  3.8353e-18  1.5110e-19  2.4490e-20     620.23    5079.16   152374.73 4.5273e+22    1.02 super
1795   7  22   9  2.40e+22   7.943     0.3981   0.0214   6.1994    12.753  1.882e+22     1.784      1    0  2.1740e-18  1.7047e-19  2.4073e-20     833.46    5166.97   155009.16 3.9555e+22    1.00   sub
1796   7  22  10  2.40e+22   8.113     0.3981   0.0274   4.8850     7.332  1.571e+22     1.655      1    0  1.2144e-18  1.6563e-19  2.2593e-20    1127.03    5505.57   165166.97 3.5148e+22    1.05   sub
1797   7  22  11  2.40e+22   8.268     0.3981   0.0350   3.9490     4.697  1.232e+22     1.513      1    0  6.5626e-19  1.3971e-19  2.0352e-20    1547.67    6111.84   183355.15 3.1749e+22    1.17   sub
1798   7  22  12  2.40e+22   8.398     0.3981   0.0448   3.2606     3.313  9.087e+21     1.379      1    0  3.4481e-19  1.0407e-19  1.7728e-20    2151.89    7016.40   210492.12 2.9242e+22    1.39   sub
1799   7  22  13  2.40e+22   8.502     0.3981   0.0572   2.7260     2.514  6.307e+21     1.263      1    0  1.7421e-19  6.9295e-20  1.4979e-20    3046.16    8303.84   249115.14 2.7432e+22    1.74   sub
1800   7  22  14  2.40e+22   8.580     0.3981   0.0732   2.3015     2.027  4.161e+21     1.173      1    0  8.5105e-20  4.1988e-20  1.2345e-20    4378.19   10076.22   302286.64 2.6184e+22    2.26   sub
1801   7  22  15  2.40e+22   8.633     0.3981   0.0936   1.9692     1.725  2.688e+21     1.112      1    0  4.1591e-20  2.4109e-20  1.0055e-20    6282.12   12370.81   371124.17 2.5382e+22    3.01   sub
1802   7  22  16  2.40e+22   8.668     0.3981   0.1196   1.7019     1.527  1.717e+21     1.072      1    0  2.0392e-20  1.3351e-20  8.1299e-21    8989.84   15299.95   458998.56 2.4872e+22    4.07   sub
1803   7  22  17  2.40e+22   8.691     0.3981   0.1529   1.4745     1.388  1.072e+21     1.045      0    0  9.7797e-21  7.0470e-21  6.4896e-21   12998.60   19167.00   575009.89 2.4541e+22    5.62   sub
1804   7  22  18  2.40e+22   8.706     0.3981   0.1955   1.2807     1.288  6.593e+20     1.027      0    1  4.6233e-21  3.5896e-21  5.1328e-21   18921.52   24233.53   727005.94 2.4331e+22    7.90   sub
1805   7  22  19  2.40e+22   8.715     0.3981   0.2500   1.1230     1.219  4.121e+20     1.017      0    1  2.2534e-21  1.8488e-21  4.0848e-21   27116.59   30450.83   913524.88 2.4207e+22   11.02   sub
1806   7  23   4  2.40e+22   7.040     0.5908   0.0063  54.9849  1778.571  2.350e+22     1.979      1    0  3.3468e-17  1.8818e-20  1.1312e-20     199.98   10996.08   329882.29 8.8460e+22    1.69  deep
1807   7  23   5  2.40e+22   7.208     0.5908   0.0080  38.5610   893.407  2.442e+22     2.017      1    0  1.9447e-17  2.1768e-20  1.2151e-20     265.46   10236.40   307092.06 7.3503e+22    1.63  deep
1808   7  23   6  2.40e+22   7.368     0.5908   0.0102  27.3462   441.139  2.478e+22     2.033      1    0  1.1863e-17  2.6893e-20  1.3236e-20     343.64    9397.27   281918.15 6.2858e+22    1.51  deep
1809   7  23   7  2.40e+22   7.527     0.5908   0.0131  19.4332   208.232  2.451e+22     2.021      1    0  7.3476e-18  3.5286e-20  1.4504e-20     441.31    8576.15   257284.46 5.4636e+22    1.36  deep
1810   7  23   8  2.40e+22   7.710     0.5908   0.0168  13.2043    83.604  2.323e+22     1.968      1    0  4.1928e-18  5.0150e-20  1.5931e-20     591.30    7807.72   234231.67 4.7046e+22    1.19  deep
1811   7  23   9  2.40e+22   7.875     0.5908   0.0214   9.5723    37.589  2.114e+22     1.881      1    0  2.4935e-18  6.6336e-20  1.6770e-20     774.88    7417.36   222520.81 4.1557e+22    1.07 super
1812   7  23  10  2.40e+22   8.038     0.5908   0.0274   7.1413    18.030  1.821e+22     1.759      1    0  1.4340e-18  7.9530e-20  1.6872e-20    1032.34    7372.27   221168.24 3.7005e+22    1.00 super
1813   7  23  11  2.40e+22   8.188     0.5908   0.0350   5.5497     9.804  1.484e+22     1.619      1    0  8.1151e-19  8.2773e-20  1.6182e-20    1385.06    7686.62   230598.61 3.3439e+22    1.01   sub
1814   7  23  12  2.40e+22   8.324     0.5908   0.0448   4.4301     5.935  1.138e+22     1.474      1    0  4.4256e-19  7.4568e-20  1.4848e-20    1891.04    8377.57   251327.21 3.0631e+22    1.09   sub
1815   7  23  13  2.40e+22   8.440     0.5908   0.0572   3.6087     3.960  8.196e+21     1.341      1    0  2.3146e-19  5.8456e-20  1.3091e-20    2633.04    9501.87   285056.09 2.8495e+22    1.26   sub
1816   7  23  14  2.40e+22   8.529     0.5908   0.0732   3.0111     2.913  5.689e+21     1.237      1    0  1.2014e-19  4.1246e-20  1.1244e-20    3673.83   11062.31   331869.15 2.7004e+22    1.52   sub
1817   7  23  15  2.40e+22   8.596     0.5908   0.0936   2.5333     2.278  3.758e+21     1.157      1    0  5.9671e-20  2.6196e-20  9.3821e-21    5233.50   13257.85   397735.39 2.5939e+22    1.93   sub
1818   7  23  16  2.40e+22   8.642     0.5908   0.1196   2.1635     1.894  2.444e+21     1.102      1    0  2.9671e-20  1.5669e-20  7.7259e-21    7441.68   16099.82   482994.56 2.5244e+22    2.52   sub
1819   7  23  17  2.40e+22   8.674     0.5908   0.1529   1.8561     1.637  1.544e+21     1.064      1    0  1.4337e-20  8.7594e-21  6.2483e-21   10725.34   19907.15   597214.56 2.4780e+22    3.39   sub
1820   7  23  18  2.40e+22   8.695     0.5908   0.1955   1.6057     1.465  9.691e+20     1.040      0    1  6.9377e-21  4.7349e-21  5.0183e-21   15436.33   24786.60   743597.87 2.4487e+22    4.63   sub
1821   7  23  19  2.40e+22   8.708     0.5908   0.2500   1.3922     1.343  5.977e+20     1.025      0    1  3.2928e-21  2.4513e-21  3.9845e-21   22423.61   31217.72   936531.65 2.4300e+22    6.44   sub
1822   7  24   5  2.40e+22   7.222     0.8767   0.0080  58.6746  2011.053  2.501e+22     2.042      1    0  1.8442e-17  9.1701e-21  7.7694e-21     272.86   16009.83   480295.02 7.2493e+22    1.70  deep
1823   7  24   6  2.40e+22   7.313     0.8767   0.0102  48.9036  1421.811  2.531e+22     2.054      1    0  1.3845e-17  9.7375e-21  8.0259e-21     316.91   15498.05   464941.53 6.6202e+22    1.68  deep
1824   7  24   7  2.40e+22   7.502     0.8767   0.0131  33.1417   658.238  2.528e+22     2.053      1    0  7.7521e-18  1.1777e-20  8.7499e-21     428.94   14215.67   426470.16 5.5809e+22    1.58  deep
1825   7  24   8  2.40e+22   7.679     0.8767   0.0168  22.4866   288.836  2.430e+22     2.012      1    0  4.4671e-18  1.5466e-20  9.6760e-21     571.68   12855.16   385654.80 4.8230e+22    1.43  deep
1826   7  24   9  2.40e+22   7.831     0.8767   0.0214  15.9556   131.769  2.258e+22     1.941      1    0  2.7349e-18  2.0755e-20  1.0566e-20     737.82   11772.34   353170.31 4.2928e+22    1.27  deep
1827   7  24  10  2.40e+22   7.990     0.8767   0.0274  11.1685    55.312  1.986e+22     1.827      1    0  1.5789e-18  2.8545e-20  1.1354e-20     980.92   10955.36   328660.66 3.8248e+22    1.12 super
1828   7  24  11  2.40e+22   8.134     0.8767   0.0350   8.2154    25.587  1.667e+22     1.695      1    0  9.1705e-19  3.5840e-20  1.1659e-20    1298.64   10668.87   320066.11 3.4654e+22    1.03 super
1829   7  24  12  2.40e+22   8.267     0.8767   0.0448   6.2638    13.075  1.325e+22     1.552      1    0  5.1859e-19  3.9662e-20  1.1406e-20    1740.95   10905.01   327150.33 3.1765e+22    1.00   sub
1830   7  24  13  2.40e+22   8.380     0.8767   0.0572   4.9762     7.640  1.009e+22     1.420      1    0  2.9122e-19  3.8116e-20  1.0687e-20    2339.01   11639.50   349184.87 2.9575e+22    1.04   sub
1831   7  24  14  2.40e+22   8.475     0.8767   0.0732   4.0471     4.931  7.314e+21     1.305      1    0  1.5829e-19  3.2104e-20  9.6330e-21    3190.58   12912.56   387376.88 2.7886e+22    1.15   sub
1832   7  24  15  2.40e+22   8.554     0.8767   0.0936   3.3315     3.436  5.016e+21     1.209      1    0  8.1527e-20  2.3724e-20  8.3595e-21    4466.34   14879.65   446389.37 2.6597e+22    1.36   sub
1833   7  24  16  2.40e+22   8.611     0.8767   0.1196   2.7942     2.604  3.344e+21     1.139      1    0  4.1394e-20  1.5897e-20  7.0782e-21    6289.15   17573.19   527195.75 2.5706e+22    1.68   sub
1834   7  24  17  2.40e+22   8.652     0.8767   0.1529   2.3721     2.100  2.175e+21     1.091      1    0  2.0637e-20  9.8286e-21  5.8733e-21    8928.22   21178.38   635351.32 2.5100e+22    2.15   sub
1835   7  24  18  2.40e+22   8.680     0.8767   0.1955   2.0274     1.773  1.380e+21     1.057      1    0  1.0033e-20  5.6576e-21  4.7836e-21   12825.78   26002.93   780088.02 2.4694e+22    2.84   sub
1836   7  24  19  2.40e+22   8.698     0.8767   0.2500   1.7525     1.562  8.748e+20     1.036      0    1  4.9274e-21  3.1548e-21  3.8743e-21   18320.25   32105.60   963168.02 2.4439e+22    3.82   sub
1837   7  25   7  2.40e+22   7.453     1.3010   0.0131  57.6196  1943.357  2.575e+22     2.073      1    1  8.9076e-18  4.5836e-21  5.4125e-21     398.85   22981.36   689440.90 5.8232e+22    1.69  deep
1838   7  25   8  2.40e+22   7.662     1.3010   0.0168  37.6234   850.593  2.485e+22     2.035      1    1  4.6227e-18  5.4347e-21  5.8894e-21     561.36   21120.46   633613.90 4.8875e+22    1.62  deep
1839   7  25   9  2.40e+22   7.812     1.3010   0.0214  26.8125   423.037  2.327e+22     1.970      1    0  2.8252e-18  6.6784e-21  6.3980e-21     725.08   19441.31   583239.17 4.3517e+22    1.51  deep
1840   7  25  10  2.40e+22   7.946     1.3010   0.0274  19.3912   207.208  2.115e+22     1.881      1    0  1.7764e-18  8.5732e-21  6.9559e-21     922.18   17882.17   536465.23 3.9476e+22    1.36  deep
1841   7  25  11  2.40e+22   8.095     1.3010   0.0350  13.2580    84.435  1.798e+22     1.749      1    0  1.0076e-18  1.1933e-20  7.5909e-21    1235.95   16386.21   491586.41 3.5579e+22    1.19  deep
1842   7  25  12  2.40e+22   8.215     1.3010   0.0448   9.7661    39.532  1.494e+22     1.623      1    0  6.0670e-19  1.5347e-20  7.9382e-21    1604.47   15669.38   470081.27 3.2861e+22    1.07 super
1843   7  25  13  2.40e+22   8.328     1.3010   0.0572   7.3395    19.299  1.177e+22     1.491      1    0  3.4982e-19  1.8126e-20  7.9661e-21    2127.44   15614.44   468433.27 3.0563e+22    1.01 super
1844   7  25  14  2.40e+22   8.429     1.3010   0.0732   5.6666    10.295  8.784e+21     1.366      1    0  1.9298e-19  1.8746e-20  7.6174e-21    2881.70   16329.33   489879.87 2.8691e+22    1.01   sub
1845   7  25  15  2.40e+22   8.510     1.3010   0.0936   4.5549     6.295  6.369e+21     1.265      1    0  1.0629e-19  1.6884e-20  6.9995e-21    3901.50   17770.77   533123.07 2.7313e+22    1.08   sub
1846   7  25  16  2.40e+22   8.576     1.3010   0.1196   3.7232     4.196  4.408e+21     1.184      1    0  5.5947e-20  1.3335e-20  6.1885e-21    5398.42   20099.49   602984.74 2.6255e+22    1.23   sub
1847   7  25  17  2.40e+22   8.626     1.3010   0.1529   3.0901     3.034  2.937e+21     1.122      1    0  2.8407e-20  9.3623e-21  5.2976e-21    7598.29   23479.59   704387.80 2.5488e+22    1.48   sub
1848   7  25  18  2.40e+22   8.661     1.3010   0.1955   2.6095     2.368  1.925e+21     1.080      1    0  1.4314e-20  6.0443e-21  4.4441e-21   10725.72   27988.93   839667.80 2.4969e+22    1.85   sub
1849   7  25  19  2.40e+22   8.685     1.3010   0.2500   2.2276     1.954  1.240e+21     1.052      1    1  7.1142e-21  3.6407e-21  3.6651e-21   15235.33   33938.03  1018140.95 2.4622e+22    2.39   sub
1850   7  26   8  2.40e+22   7.668     1.9307   0.0168  58.2099  1981.113  2.504e+22     2.043      1    1  4.4871e-18  2.2649e-21  3.7489e-21     570.00   33179.84   995395.34 4.8646e+22    1.70  deep
1851   7  26   9  2.40e+22   7.761     1.9307   0.0214  48.0263  1373.103  2.415e+22     2.006      1    1  3.3057e-18  2.4075e-21  3.8765e-21     668.12   32087.18   962615.32 4.5239e+22    1.67  deep
1852   7  26  10  2.40e+22   7.926     1.9307   0.0274  32.9197   649.251  2.175e+22     1.906      1    1  1.8648e-18  2.8723e-21  4.2033e-21     898.94   29592.89   887786.79 4.0035e+22    1.58  deep
1853   7  26  11  2.40e+22   8.075     1.9307   0.0350  22.2703   282.729  1.868e+22     1.778      1    1  1.0549e-18  3.7313e-21  4.6298e-21    1206.37   26866.26   805987.81 3.6072e+22    1.43  deep
1854   7  26  12  2.40e+22   8.185     1.9307   0.0448  16.1883   136.353  1.593e+22     1.664      1    1  6.5942e-19  4.8361e-21  5.0017e-21    1536.21   24868.71   746061.19 3.3508e+22    1.28  deep
1855   7  26  13  2.40e+22   8.296     1.9307   0.0572  11.5201    59.744  1.284e+22     1.535      1    0  3.8523e-19  6.4479e-21  5.3361e-21    2023.44   23310.19   699305.66 3.1186e+22    1.13 super
1856   7  26  14  2.40e+22   8.394     1.9307   0.0732   8.4465    27.435  9.923e+21     1.413      1    0  2.2013e-19  8.0236e-21  5.4693e-21    2692.54   22742.56   682276.77 2.9319e+22    1.03 super
1857   7  26  15  2.40e+22   8.474     1.9307   0.0936   6.5143    14.381  7.499e+21     1.312      1    0  1.2676e-19  8.8143e-21  5.3561e-21    3565.02   23223.53   696705.79 2.7913e+22    1.00 super
1858   7  26  16  2.40e+22   8.543     1.9307   0.1196   5.1290     8.178  5.400e+21     1.225      1    0  6.9397e-20  8.4856e-21  5.0128e-21    4837.93   24813.88   744416.34 2.6769e+22    1.03   sub
1859   7  26  17  2.40e+22   8.597     1.9307   0.1529   4.1672     5.229  3.793e+21     1.158      1    0  3.7521e-20  7.1753e-21  4.5224e-21    6600.21   27504.20   825126.14 2.5924e+22    1.13   sub
1860   7  26  18  2.40e+22   8.639     1.9307   0.1955   3.4478     3.648  2.581e+21     1.108      1    0  1.9680e-20  5.3953e-21  3.9492e-21    9135.39   31496.81   944904.20 2.5301e+22    1.31   sub
1861   7  26  19  2.40e+22   8.669     1.9307   0.2500   2.8855     2.730  1.698e+21     1.071      1    0  9.9441e-21  3.6431e-21  3.3483e-21   12874.46   37149.22  1114476.72 2.4853e+22    1.61   sub
1862   7  27  10  2.40e+22   7.870     2.8651   0.0274  58.9453  2028.575  2.282e+22     1.951      1    1  2.2537e-18  1.1110e-21  2.5898e-21     814.82   48029.64  1440889.21 4.1698e+22    1.70  deep
1863   7  27  11  2.40e+22   8.056     2.8651   0.0350  37.8602   861.324  1.925e+22     1.802      1    1  1.1195e-18  1.2997e-21  2.8088e-21    1169.69   44284.71  1328541.40 3.6553e+22    1.62  deep
1864   7  27  12  2.40e+22   8.168     2.8651   0.0448  27.4842   445.873  1.649e+22     1.687      1    1  6.9264e-19  1.5534e-21  3.0225e-21    1497.37   41153.92  1234617.54 3.3887e+22    1.52  deep
1865   7  27  13  2.40e+22   8.270     2.8651   0.0572  19.6648   213.915  1.367e+22     1.570      1    1  4.2233e-19  1.9743e-21  3.2782e-21    1929.52   37943.59  1138307.80 3.1702e+22    1.37  deep
1866   7  27  14  2.40e+22   8.372     2.8651   0.0732  13.5324    88.755  1.066e+22     1.444      1    1  2.3791e-19  2.6806e-21  3.5537e-21    2586.51   35001.76  1050052.78 2.9728e+22    1.20  deep
1867   7  27  15  2.40e+22   8.449     2.8651   0.0936   9.9578    41.510  8.305e+21     1.346      1    1  1.4125e-19  3.4027e-21  3.7041e-21    3372.32   33580.70  1007420.93 2.8343e+22    1.08 super
1868   7  27  16  2.40e+22   8.516     2.8651   0.1196   7.5053    20.404  6.239e+21     1.260      1    0  8.1085e-20  3.9740e-21  3.7088e-21    4468.63   33538.62  1006158.70 2.7205e+22    1.01 super
1869   7  27  17  2.40e+22   8.572     2.8651   0.1529   5.8472    11.087  4.548e+21     1.189      1    0  4.5451e-20  4.0996e-21  3.5525e-21    5988.18   35013.81  1050414.21 2.6310e+22    1.00   sub
1870   7  27  18  2.40e+22   8.617     2.8651   0.1955   4.6941     6.718  3.227e+21     1.134      1    0  2.4942e-20  3.7129e-21  3.2696e-21    8104.39   38042.99  1141289.59 2.5629e+22    1.06   sub
1871   7  27  19  2.40e+22   8.652     2.8651   0.2500   3.8314     4.430  2.203e+21     1.092      1    0  1.3091e-20  2.9551e-21  2.8962e-21   11209.52   42948.46  1288453.83 2.5107e+22    1.20   sub
1872   7  28  11  2.40e+22   8.062     4.2518   0.0350  58.3440  1989.733  1.918e+22     1.799      1    1  1.0798e-18  5.4270e-22  1.7894e-21    1191.42   69512.35  2085370.61 3.6398e+22    1.70  deep
1873   7  28  12  2.40e+22   8.131     4.2518   0.0448  48.7317  1412.214  1.750e+22     1.729      1    1  8.0414e-19  5.6941e-22  1.8409e-21    1386.56   67569.70  2027091.08 3.4724e+22    1.68  deep
1874   7  28  13  2.40e+22   8.251     4.2518   0.0572  33.9044   689.510  1.426e+22     1.594      1    1  4.5524e-19  6.6024e-22  1.9763e-21    1856.36   62938.83  1888164.91 3.2087e+22    1.59  deep
1875   7  28  14  2.40e+22   8.358     4.2518   0.0732  22.8047   297.923  1.112e+22     1.463      1    1  2.5041e-19  8.4053e-22  2.1653e-21    2519.05   57446.23  1723386.76 2.9987e+22    1.44  deep
1876   7  28  15  2.40e+22   8.427     4.2518   0.0936  16.8327   149.451  9.013e+21     1.376      1    1  1.5808e-19  1.0577e-21  2.3212e-21    3183.54   53587.59  1607627.63 2.8731e+22    1.30  deep
1877   7  28  16  2.40e+22   8.497     4.2518   0.1196  11.8678    64.314  6.845e+21     1.285      1    1  8.9993e-20  1.3993e-21  2.4737e-21    4236.90   50282.55  1508476.63 2.7522e+22    1.14 super
1878   7  28  17  2.40e+22   8.553     4.2518   0.1529   8.7397    29.894  5.126e+21     1.214      1    1  5.1505e-20  1.7229e-21  2.5329e-21    5619.05   49108.70  1473260.94 2.6607e+22    1.04 super
1879   7  28  18  2.40e+22   8.598     4.2518   0.1955   6.7137    15.483  3.774e+21     1.157      1    1  2.9354e-20  1.8959e-21  2.4827e-21    7462.67   50102.20  1503066.04 2.5906e+22    1.00 super
1880   7  28  19  2.40e+22   8.634     4.2518   0.2500   5.3285     8.922  2.718e+21     1.113      1    1  1.6439e-20  1.8425e-21  2.3360e-21    9992.89   53246.71  1597401.16 2.5367e+22    1.02   sub
1881   7  29  13  2.40e+22   8.241     6.3096   0.0572  55.2633  1795.690  1.458e+22     1.608      1    1  4.7489e-19  2.6446e-22  1.2392e-21    1816.39  100379.85  3011395.43 3.2308e+22    1.69  deep
1882   7  29  14  2.40e+22   8.338     6.3096   0.0732  39.7631   949.569  1.174e+22     1.489      1    1  2.7782e-19  2.9257e-22  1.3096e-21    2388.72   94982.80  2849483.93 3.0366e+22    1.64  deep
1883   7  29  15  2.40e+22   8.419     6.3096   0.0936  28.1593   469.344  9.263e+21     1.386      1    1  1.6258e-19  3.4641e-22  1.4078e-21    3137.71   88355.55  2650666.41 2.8865e+22    1.53  deep
1884   7  29  16  2.40e+22   8.482     6.3096   0.1196  20.2509   228.621  7.311e+21     1.305      1    1  9.8452e-20  4.3064e-22  1.5176e-21    4047.28   81961.22  2458836.54 2.7769e+22    1.38  deep
1885   7  29  17  2.40e+22   8.542     6.3096   0.1529  13.9883    96.182  5.481e+21     1.228      1    1  5.5113e-20  5.7301e-22  1.6381e-21    5428.38   75934.04  2278021.07 2.6790e+22    1.21  deep
1886   7  29  18  2.40e+22   8.586     6.3096   0.1955  10.2306    44.423  4.144e+21     1.173      1    1  3.2171e-20  7.2421e-22  1.7068e-21    7123.32   72875.74  2186272.10 2.6094e+22    1.09 super
1887   7  29  19  2.40e+22   8.620     6.3096   0.2500   7.8355    22.722  3.123e+21     1.130      1    1  1.9051e-20  8.3847e-22  1.7115e-21    9275.16   72675.30  2180259.13 2.5572e+22    1.02 super
1888   7  30  14  2.40e+22   8.350     9.3633   0.0732  59.3824  2057.014  1.139e+22     1.474      1    1  2.5542e-19  1.2417e-22  8.4020e-22    2493.05  148043.13  4441293.82 3.0137e+22    1.70  deep
1889   7  30  15  2.40e+22   8.405     9.3633   0.0936  47.7432  1357.538  9.688e+21     1.404      1    1  1.7671e-19  1.3017e-22  8.6634e-22    3007.26  143576.37  4307291.10 2.9110e+22    1.67  deep
1890   7  30  16  2.40e+22   8.480     9.3633   0.1196  33.1725   659.492  7.387e+21     1.308      1    1  9.8315e-20  1.4908e-22  9.2595e-22    4049.55  134333.83  4030015.00 2.7809e+22    1.58  deep
1891   7  30  17  2.40e+22   8.531     9.3633   0.1529  24.1014   336.273  5.815e+21     1.242      1    1  5.9948e-20  1.7827e-22  9.9219e-22    5201.56  125365.15  3760954.38 2.6964e+22    1.46  deep
1892   7  30  18  2.40e+22   8.571     9.3633   0.1955  17.7626   169.393  4.595e+21     1.191      1    1  3.7411e-20  2.2085e-22  1.0610e-21    6599.94  117232.40  3516972.14 2.6326e+22    1.32  deep
1893   7  30  19  2.40e+22   8.611     9.3633   0.2500  12.4347    72.164  3.408e+21     1.142      1    1  2.0961e-20  2.9047e-22  1.1319e-21    8837.63  109893.61  3296808.27 2.5716e+22    1.16  deep
1894   7  31  16  2.40e+22   8.480    13.8950   0.1196  52.2921  1616.502  7.368e+21     1.307      1    1  9.6696e-20  5.9818e-23  5.8252e-22    4083.41  213530.24  6405907.09 2.7801e+22    1.69  deep
1895   7  31  17  2.40e+22   8.515    13.8950   0.1529  43.0056  1108.061  6.304e+21     1.263      1    1  6.9676e-20  6.2881e-23  6.0004e-22    4820.25  207297.55  6218926.48 2.7225e+22    1.65  deep
1896   7  31  18  2.40e+22   8.567    13.8950   0.1955  29.6763   523.973  4.714e+21     1.196      1    1  3.8432e-20  7.3347e-23  6.4383e-22    6510.19  193198.62  5795958.52 2.6389e+22    1.55  deep
1897   7  31  19  2.40e+22   8.604    13.8950   0.2500  21.0300   248.869  3.604e+21     1.150      1    1  2.2498e-20  9.0402e-23  6.9364e-22    8527.10  179325.11  5379753.28 2.5817e+22    1.40  deep
1898   7  32  18  2.40e+22   8.565    20.6199   0.1955  48.0505  1374.436  4.771e+21     1.199      1    1  3.8985e-20  2.8365e-23  4.0054e-22    6462.98  310549.36  9316480.90 2.6423e+22    1.67  deep
1899   7  32  19  2.40e+22   8.597    20.6199   0.2500  36.5802   803.988  3.817e+21     1.159      1    1  2.4808e-20  3.0856e-23  4.1892e-22    8117.04  296922.67  8907680.13 2.5929e+22    1.61  deep
1900   7  33  19  2.40e+22   8.602    30.5995   0.2500  54.7886  1766.534  3.649e+21     1.152      1    1  2.2611e-20  1.2799e-23  2.6695e-22    8504.72  465961.70 13978850.94 2.5852e+22    1.69  deep
1901   8   8   1  4.80e+22   7.542     0.0016   0.0030   0.6822     1.079  2.081e+20     1.004      0    0  5.3689e-18  4.9770e-18  7.0564e-19     516.79     352.55    10576.43 5.3937e+22   42.97   sub
1902   8   8   2  4.80e+22   7.593     0.0016   0.0038   0.6003     1.061  2.069e+20     1.004      0    0  2.5953e-18  2.4466e-18  5.5564e-19     745.84     447.72    13431.59 5.1665e+22   61.91   sub
1903   8   9   1  4.80e+22   7.484     0.0024   0.0030   0.8384     1.120  3.089e+20     1.006      0    0  7.8440e-18  7.0045e-18  6.9671e-19     425.91     357.07    10712.05 5.6677e+22   24.13   sub
1904   8   9   2  4.80e+22   7.555     0.0024   0.0038   0.7339     1.091  3.071e+20     1.006      0    0  3.7479e-18  3.4341e-18  5.4750e-19     619.10     454.38    13631.26 5.3321e+22   34.95   sub
1905   8   9   3  4.80e+22   7.605     0.0024   0.0049   0.6403     1.069  3.033e+20     1.006      0    0  1.7276e-18  1.6157e-18  4.2468e-19     914.83     585.79    17573.63 5.1184e+22   51.46   sub
1906   8  10   1  4.80e+22   7.408     0.0035   0.0030   1.0350     1.185  4.585e+20     1.010      0    0  1.1425e-17  9.6425e-18  6.8455e-19     351.12     363.41    10902.35 6.0624e+22   13.65   sub
1907   8  10   2  4.80e+22   7.505     0.0035   0.0038   0.8986     1.138  4.553e+20     1.009      0    0  5.3423e-18  4.6938e-18  5.3566e-19     516.82     464.43    13932.76 5.5645e+22   19.94   sub
1908   8  10   3  4.80e+22   7.567     0.0035   0.0049   0.7914     1.107  4.504e+20     1.009      0    0  2.6442e-18  2.3895e-18  4.2612e-19     737.64     583.80    17514.09 5.2802e+22   28.30   sub
1909   8  10   4  4.80e+22   7.609     0.0035   0.0063   0.6982     1.083  4.426e+20     1.009      0    0  1.3018e-18  1.2025e-18  3.3797e-19    1054.18     736.08    22082.28 5.1002e+22   40.23   sub
1910   8  10   5  4.80e+22   7.638     0.0035   0.0080   0.6118     1.063  4.297e+20     1.009      0    0  6.0866e-19  5.7250e-19  2.6326e-19    1544.67     944.98    28349.30 4.9813e+22   58.63   sub
1911   8  11   1  4.80e+22   7.311     0.0052   0.0030   1.2886     1.292  6.799e+20     1.014      0    0  1.6719e-17  1.2943e-17  6.6956e-19     288.34     371.55    11146.44 6.6355e+22    7.78   sub
1912   8  11   2  4.80e+22   7.430     0.0052   0.0038   1.1201     1.218  6.751e+20     1.014      0    0  8.1323e-18  6.6786e-18  5.3291e-19     416.78     466.82    14004.65 5.9439e+22   11.10   sub
1913   8  11   3  4.80e+22   7.517     0.0052   0.0049   0.9775     1.164  6.680e+20     1.014      0    0  3.9279e-18  3.3738e-18  4.2193e-19     603.21     589.61    17688.33 5.5083e+22   15.89   sub
1914   8  11   4  4.80e+22   7.578     0.0052   0.0063   0.8545     1.125  6.559e+20     1.014      0    0  1.8725e-18  1.6650e-18  3.3191e-19     877.15     749.51    22485.25 5.2342e+22   22.89   sub
1915   8  11   5  4.80e+22   7.618     0.0052   0.0080   0.7480     1.095  6.366e+20     1.013      0    0  8.8420e-19  8.0751e-19  2.5986e-19    1279.86     957.34    28720.35 5.0642e+22   33.14   sub
1916   8  11   6  4.80e+22   7.643     0.0052   0.0102   0.6597     1.074  6.079e+20     1.013      0    0  4.3050e-19  4.0099e-19  2.0524e-19    1837.21    1212.09    36362.64 4.9639e+22   47.25   sub
1917   8  11   7  4.80e+22   7.658     0.0052   0.0131   0.5866     1.058  5.684e+20     1.012      0    0  2.1761e-19  2.0568e-19  1.6396e-19    2586.63    1517.24    45517.08 4.9042e+22   66.17   sub
1918   8  12   1  4.80e+22   7.190     0.0077   0.0030   1.6287     1.480  1.009e+21     1.021      0    0  2.4940e-17  1.6856e-17  6.5240e-19     234.12     381.32    11439.54 7.4867e+22    4.48   sub
1919   8  12   2  4.80e+22   7.340     0.0077   0.0038   1.3964     1.345  1.002e+21     1.021      0    0  1.1837e-17  8.7980e-18  5.1887e-19     343.36     479.45    14383.46 6.4545e+22    6.40   sub
1920   8  12   3  4.80e+22   7.451     0.0077   0.0049   1.2131     1.257  9.903e+20     1.021      0    0  5.7832e-18  4.6006e-18  4.1434e-19     494.92     600.40    18012.03 5.8353e+22    9.05   sub
1921   8  12   4  4.80e+22   7.532     0.0077   0.0063   1.0570     1.193  9.728e+20     1.020      0    0  2.7851e-18  2.3344e-18  3.2823e-19     717.05     757.92    22737.68 5.4404e+22   12.91   sub
1922   8  12   5  4.80e+22   7.588     0.0077   0.0080   0.9219     1.146  9.439e+20     1.020      0    0  1.3169e-18  1.1496e-18  2.5782e-19    1046.63     964.92    28947.65 5.1907e+22   18.60   sub
1923   8  12   6  4.80e+22   7.623     0.0077   0.0102   0.8116     1.112  9.017e+20     1.019      0    0  6.4439e-19  5.7939e-19  2.0438e-19    1499.71    1217.24    36517.08 5.0436e+22   26.39   sub
1924   8  12   7  4.80e+22   7.646     0.0077   0.0131   0.7150     1.087  8.389e+20     1.017      0    0  3.1265e-19  2.8772e-19  1.6135e-19    2156.30    1541.84    46255.19 4.9508e+22   37.61   sub
1925   8  12   8  4.80e+22   7.662     0.0077   0.0168   0.6234     1.066  7.402e+20     1.015      0    0  1.4140e-19  1.3269e-19  1.2433e-19    3209.65    2000.83    60024.87 4.8891e+22   55.56   sub
1926   8  13   1  4.80e+22   7.061     0.0114   0.0030   2.0823     1.821  1.496e+21     1.031      0    0  3.6243e-17  1.9908e-17  6.2076e-19     192.46     400.75    12022.62 8.6320e+22    2.70   sub
1927   8  13   2  4.80e+22   7.226     0.0114   0.0038   1.7731     1.576  1.486e+21     1.031      0    0  1.7697e-17  1.1227e-17  5.0358e-19     278.62     494.01    14820.23 7.2187e+22    3.73   sub
1928   8  13   3  4.80e+22   7.367     0.0114   0.0049   1.5173     1.412  1.468e+21     1.031      0    0  8.4317e-18  5.9709e-18  4.0228e-19     407.57     618.41    18552.43 6.2960e+22    5.26   sub
1929   8  13   4  4.80e+22   7.471     0.0114   0.0063   1.3126     1.303  1.441e+21     1.030      0    0  4.0670e-18  3.1207e-18  3.2068e-19     591.00     775.76    23272.85 5.7295e+22    7.43   sub
1930   8  13   5  4.80e+22   7.547     0.0114   0.0080   1.1396     1.226  1.398e+21     1.029      0    0  1.9336e-18  1.5777e-18  2.5342e-19     861.43     981.65    29449.57 5.3707e+22   10.61   sub
1931   8  13   6  4.80e+22   7.596     0.0114   0.0102   0.9978     1.171  1.334e+21     1.028      0    0  9.3872e-19  8.0140e-19  2.0101e-19    1240.38    1237.63    37129.00 5.1546e+22   15.04   sub
1932   8  13   7  4.80e+22   7.630     0.0114   0.0131   0.8721     1.130  1.235e+21     1.026      0    0  4.4292e-19  3.9199e-19  1.5763e-19    1809.73    1578.25    47347.59 5.0159e+22   21.65   sub
1933   8  13   8  4.80e+22   7.651     0.0114   0.0168   0.7653     1.100  1.097e+21     1.023      0    0  2.1079e-19  1.9171e-19  1.2374e-19    2626.92    2010.40    60312.12 4.9321e+22   31.08   sub
1934   8  13   9  4.80e+22   7.663     0.0114   0.0214   0.6791     1.078  9.311e+20     1.019      0    1  1.0595e-19  9.8275e-20  9.8778e-20    3708.35    2518.51    75555.28 4.8837e+22   43.51   sub
1935   8  13  10  4.80e+22   7.671     0.0114   0.0274   0.5997     1.061  7.297e+20     1.015      0    1  5.1376e-20  4.8438e-20  7.7854e-20    5328.14    3195.38    95861.43 4.8518e+22   62.08   sub
1936   8  14   1  4.80e+22   6.933     0.0169   0.0030   2.7168     2.502  2.216e+21     1.046      0    0  5.1510e-17  2.0586e-17  5.7241e-19     159.97     434.60    13038.14 1.0120e+23    1.74   sub
1937   8  14   2  4.80e+22   7.105     0.0169   0.0038   2.2750     2.000  2.200e+21     1.046      0    0  2.5355e-17  1.2675e-17  4.7375e-19     230.83     525.12    15753.57 8.2054e+22    2.31   sub
1938   8  14   3  4.80e+22   7.266     0.0169   0.0049   1.9214     1.687  2.174e+21     1.045      0    0  1.2171e-17  7.2149e-18  3.8429e-19     336.91     647.35    19420.46 6.9315e+22    3.16   sub
1939   8  14   4  4.80e+22   7.392     0.0169   0.0063   1.6507     1.494  2.133e+21     1.044      0    0  5.9863e-18  4.0078e-18  3.1104e-19     484.55     799.82    23994.65 6.1484e+22    4.35   sub
1940   8  14   5  4.80e+22   7.491     0.0169   0.0080   1.4225     1.359  2.069e+21     1.043      0    0  2.8636e-18  2.1067e-18  2.4798e-19     705.22    1003.18    30095.40 5.6346e+22    6.12   sub
1941   8  14   6  4.80e+22   7.558     0.0169   0.0102   1.2377     1.268  1.973e+21     1.041      0    0  1.3891e-18  1.0955e-18  1.9762e-19    1017.11    1258.85    37765.57 5.3199e+22    8.60   sub
1942   8  14   7  4.80e+22   7.604     0.0169   0.0131   1.0823     1.203  1.833e+21     1.038      0    0  6.7437e-19  5.6071e-19  1.5699e-19    1464.15    1584.65    47539.41 5.1233e+22   12.13   sub
1943   8  14   8  4.80e+22   7.634     0.0169   0.0168   0.9469     1.154  1.630e+21     1.034      0    0  3.2178e-19  2.7888e-19  1.2371e-19    2123.83    2010.97    60329.14 4.9985e+22   17.31   sub
1944   8  14   9  4.80e+22   7.653     0.0169   0.0214   0.8324     1.118  1.371e+21     1.029      0    0  1.5542e-19  1.3900e-19  9.7678e-20    3059.73    2546.86    76405.71 4.9227e+22   24.61   sub
1945   8  14  10  4.80e+22   7.665     0.0169   0.0274   0.7318     1.091  1.067e+21     1.022      0    1  7.4302e-20  6.8115e-20  7.6758e-20    4428.77    3241.02    97230.64 4.8753e+22   35.24   sub
1946   8  14  11  4.80e+22   7.673     0.0169   0.0350   0.6399     1.069  7.489e+20     1.016      0    1  3.4131e-20  3.1922e-20  5.9464e-20    6537.83    4183.60   125507.91 4.8449e+22   51.55   sub
1947   8  15   1  4.80e+22   6.829     0.0251   0.0030   3.6169     3.976  3.278e+21     1.068      1    0  6.8372e-17  1.7196e-17  4.9913e-19     137.80     498.42    14952.53 1.1755e+23    1.26   sub
1948   8  15   2  4.80e+22   6.985     0.0251   0.0038   2.9926     2.885  3.254e+21     1.068      1    0  3.5613e-17  1.2344e-17  4.3049e-19     193.10     577.88    17336.29 9.4669e+22    1.53   sub
1949   8  15   3  4.80e+22   7.149     0.0251   0.0049   2.4957     2.235  3.214e+21     1.067      1    0  1.7778e-17  7.9552e-18  3.6052e-19     276.49     690.04    20701.26 7.8254e+22    1.98   sub
1950   8  15   4  4.80e+22   7.296     0.0251   0.0063   2.1095     1.845  3.154e+21     1.066      1    0  8.7689e-18  4.7537e-18  2.9650e-19     397.73     839.03    25170.89 6.7327e+22    2.64   sub
1951   8  15   5  4.80e+22   7.417     0.0251   0.0080   1.7996     1.595  3.059e+21     1.064      1    0  4.2513e-18  2.6650e-18  2.4002e-19     575.93    1036.45    31093.46 6.0142e+22    3.61   sub
1952   8  15   6  4.80e+22   7.508     0.0251   0.0102   1.5460     1.429  2.912e+21     1.061      1    0  2.0296e-18  1.4203e-18  1.9187e-19     838.64    1296.54    38896.19 5.5520e+22    5.04   sub
1953   8  15   7  4.80e+22   7.570     0.0251   0.0131   1.3424     1.318  2.700e+21     1.056      1    0  9.8437e-19  7.4693e-19  1.5326e-19    1209.15    1623.21    48696.17 5.2690e+22    7.04   sub
1954   8  15   8  4.80e+22   7.612     0.0251   0.0168   1.1683     1.238  2.397e+21     1.050      0    0  4.6954e-19  3.7939e-19  1.2128e-19    1755.64    2051.16    61534.76 5.0886e+22    9.96   sub
1955   8  15   9  4.80e+22   7.639     0.0251   0.0214   1.0206     1.180  2.004e+21     1.042      0    0  2.2353e-19  1.8951e-19  9.5628e-20    2549.05    2601.47    78044.02 4.9771e+22   14.16   sub
1956   8  15  10  4.80e+22   7.657     0.0251   0.0274   0.8916     1.136  1.542e+21     1.032      0    0  1.0476e-19  9.2218e-20  7.4844e-20    3727.86    3323.87    99716.01 4.9074e+22   20.37   sub
1957   8  15  11  4.80e+22   7.667     0.0251   0.0350   0.7891     1.106  1.122e+21     1.023      0    1  5.2183e-20  4.7186e-20  5.9652e-20    5285.32    4170.43   125112.99 4.8677e+22   28.54   sub
1958   8  15  12  4.80e+22   7.674     0.0251   0.0448   0.6981     1.083  7.630e+20     1.016      0    1  2.5740e-20  2.3778e-20  4.7335e-20    7528.72    5255.54   157666.22 4.8424e+22   40.26   sub
1959   8  15  13  4.80e+22   7.678     0.0251   0.0572   0.6124     1.063  4.822e+20     1.010      0    1  1.2012e-20  1.1297e-20  3.6847e-20   11024.23    6751.55   202546.52 4.8256e+22   58.45   sub
1960   8  16   1  4.80e+22   6.750     0.0373   0.0030   5.0078     7.749  4.830e+21     1.101      1    0  8.5759e-17  1.1067e-17  4.0608e-19     122.33     612.62    18378.59 1.3400e+23    1.04   sub
1961   8  16   2  4.80e+22   6.885     0.0373   0.0038   4.0419     4.918  4.794e+21     1.100      1    0  4.6738e-17  9.5035e-18  3.6778e-19     167.35     676.42    20292.68 1.0816e+23    1.15   sub
1962   8  16   3  4.80e+22   7.040     0.0373   0.0049   3.3016     3.384  4.735e+21     1.099      1    0  2.4295e-17  7.1794e-18  3.2102e-19     234.71     774.93    23248.01 8.8515e+22    1.37   sub
1963   8  16   4  4.80e+22   7.193     0.0373   0.0063   2.7441     2.538  4.646e+21     1.097      1    0  1.2369e-17  4.8744e-18  2.7265e-19     332.50     912.41    27372.33 7.4695e+22    1.72   sub
1964   8  16   5  4.80e+22   7.332     0.0373   0.0080   2.3018     2.027  4.501e+21     1.094      1    0  6.0611e-18  2.9899e-18  2.2536e-19     479.57    1103.88    33116.39 6.5038e+22    2.26   sub
1965   8  16   6  4.80e+22   7.442     0.0373   0.0102   1.9583     1.716  4.284e+21     1.089      1    0  2.9585e-18  1.7238e-18  1.8369e-19     691.58    1354.32    40629.57 5.8778e+22    3.04   sub
1966   8  16   7  4.80e+22   7.523     0.0373   0.0131   1.6856     1.516  3.969e+21     1.083      1    0  1.4478e-18  9.5471e-19  1.4849e-19     993.96    1675.38    50261.34 5.4797e+22    4.16   sub
1967   8  16   8  4.80e+22   7.580     0.0373   0.0168   1.4575     1.378  3.524e+21     1.073      1    0  6.9619e-19  5.0510e-19  1.1863e-19    1438.82    2097.13    62913.76 5.2222e+22    5.78   sub
1968   8  16   9  4.80e+22   7.619     0.0373   0.0214   1.2651     1.281  2.942e+21     1.061      1    0  3.3070e-19  2.5823e-19  9.3952e-20    2092.93    2647.86    79435.93 5.0595e+22    8.14   sub
1969   8  16  10  4.80e+22   7.643     0.0373   0.0274   1.1089     1.213  2.301e+21     1.048      0    0  1.6170e-19  1.3329e-19  7.4833e-20    2997.76    3324.35    99730.59 4.9622e+22   11.39   sub
1970   8  16  11  4.80e+22   7.659     0.0373   0.0350   0.9721     1.162  1.653e+21     1.034      0    0  7.7752e-20  6.6890e-20  5.9135e-20    4327.59    4206.83   126204.88 4.9001e+22   16.13   sub
1971   8  16  12  4.80e+22   7.669     0.0373   0.0448   0.8529     1.124  1.105e+21     1.023      0    1  3.7074e-20  3.2980e-20  4.6512e-20    6271.18    5348.61   160458.37 4.8614e+22   23.01   sub
1972   8  16  13  4.80e+22   7.675     0.0373   0.0572   0.7482     1.095  7.033e+20     1.015      0    1  1.7478e-20  1.5961e-20  3.6391e-20    9137.33    6836.10   205082.90 4.8373e+22   33.12   sub
1973   8  16  14  4.80e+22   7.679     0.0373   0.0732   0.6610     1.074  4.475e+20     1.009      0    1  8.5264e-21  7.9398e-21  2.8760e-20   13085.25    8649.81   259494.36 4.8232e+22   46.99   sub
1974   8  16  15  4.80e+22   7.681     0.0373   0.0936   0.5879     1.058  2.878e+20     1.006      0    1  4.2954e-21  4.0589e-21  2.2950e-20   18438.57   10839.59   325187.58 4.8147e+22   65.75   sub
1975   8  17   1  4.80e+22   6.696     0.0553   0.0030   7.3940    19.658  7.064e+21     1.147      1    0  1.0229e-16  5.2037e-18  3.0158e-19     111.56     824.89    24746.61 1.4875e+23    1.01 super
1976   8  17   2  4.80e+22   6.813     0.0553   0.0038   5.6845    10.371  7.014e+21     1.146      1    0  5.6857e-17  5.4822e-18  2.8994e-19     150.94     858.02    25740.74 1.2044e+23    1.01   sub
1977   8  17   3  4.80e+22   6.947     0.0553   0.0049   4.5278     6.216  6.930e+21     1.144      1    0  3.1407e-17  5.0527e-18  2.6792e-19     205.07     928.53    27856.00 9.9361e+22    1.08   sub
1978   8  17   4  4.80e+22   7.095     0.0553   0.0063   3.6616     4.067  6.794e+21     1.142      1    0  1.6521e-17  4.0622e-18  2.3777e-19     285.74    1046.28    31388.48 8.3017e+22    1.24   sub
1979   8  17   5  4.80e+22   7.237     0.0553   0.0080   3.0251     2.934  6.585e+21     1.137      1    0  8.5288e-18  2.9071e-18  2.0474e-19     401.66    1215.04    36451.17 7.1371e+22    1.51   sub
1980   8  17   6  4.80e+22   7.364     0.0553   0.0102   2.5300     2.274  6.263e+21     1.130      1    0  4.2542e-18  1.8707e-18  1.7140e-19     573.66    1451.37    43541.23 6.3140e+22    1.94   sub
1981   8  17   7  4.80e+22   7.463     0.0553   0.0131   2.1499     1.881  5.802e+21     1.121      1    0  2.1157e-18  1.1247e-18  1.4130e-19     818.93    1760.58    52817.49 5.7722e+22    2.55   sub
1982   8  17   8  4.80e+22   7.538     0.0553   0.0168   1.8386     1.624  5.147e+21     1.107      1    0  1.0241e-18  6.3073e-19  1.1438e-19    1182.97    2175.05    65251.53 5.4103e+22    3.46   sub
1983   8  17   9  4.80e+22   7.590     0.0553   0.0214   1.5860     1.453  4.309e+21     1.090      1    0  4.9381e-19  3.3984e-19  9.1755e-20    1709.49    2711.26    81337.77 5.1805e+22    4.76   sub
1984   8  17  10  4.80e+22   7.625     0.0553   0.0274   1.3752     1.335  3.343e+21     1.070      1    0  2.3614e-19  1.7695e-19  7.3009e-20    2477.73    3407.43   102222.82 5.0352e+22    6.64   sub
1985   8  17  11  4.80e+22   7.647     0.0553   0.0350   1.2011     1.252  2.410e+21     1.050      1    0  1.1430e-19  9.1316e-20  5.8074e-20    3566.48    4283.70   128511.09 4.9462e+22    9.28   sub
1986   8  17  12  4.80e+22   7.661     0.0553   0.0448   1.0515     1.191  1.622e+21     1.034      0    0  5.4955e-20  4.6145e-20  4.5956e-20    5148.36    5413.28   162398.26 4.8903e+22   13.09   sub
1987   8  17  13  4.80e+22   7.670     0.0553   0.0572   0.9203     1.145  1.038e+21     1.022      0    1  2.6008e-20  2.2712e-20  3.6098e-20    7488.21    6891.63   206748.75 4.8551e+22   18.69   sub
1988   8  17  14  4.80e+22   7.676     0.0553   0.0732   0.8121     1.112  6.634e+20     1.014      0    1  1.2742e-20  1.1456e-20  2.8624e-20   10701.84    8690.92   260727.61 4.8344e+22   26.35   sub
1989   8  17  15  4.80e+22   7.679     0.0553   0.0936   0.7163     1.087  4.167e+20     1.009      0    1  6.1771e-21  5.6829e-21  2.2591e-20   15373.98   11012.05   330361.61 4.8213e+22   37.43   sub
1990   8  17  16  4.80e+22   7.682     0.0553   0.1196   0.6246     1.066  2.478e+20     1.005      0    1  2.7831e-21  2.6111e-21  1.7387e-20   22907.64   14308.19   429245.75 4.8125e+22   55.25   sub
1991   8  18   1  4.80e+22   6.673     0.0821   0.0030  11.4030    58.248  1.013e+22     1.211      1    0  1.0891e-16  1.8698e-18  2.0213e-19     107.93    1230.75    36922.65 1.5630e+23    1.13 super
1992   8  18   2  4.80e+22   6.769     0.0821   0.0038   8.4759    27.676  1.009e+22     1.210      1    0  6.4316e-17  2.3239e-18  2.0749e-19     141.45    1198.96    35968.80 1.2968e+23    1.03 super
1993   8  18   3  4.80e+22   6.882     0.0821   0.0049   6.5080    14.348  9.986e+21     1.208      1    0  3.7474e-17  2.6119e-18  2.0457e-19     186.86    1216.06    36481.90 1.0863e+23    1.00 super
1994   8  18   4  4.80e+22   7.016     0.0821   0.0063   5.0719     7.974  9.793e+21     1.204      1    0  2.0591e-17  2.5823e-18  1.9272e-19     254.52    1290.88    38726.40 9.1097e+22    1.03   sub
1995   8  18   5  4.80e+22   7.149     0.0821   0.0080   4.0949     5.048  9.498e+21     1.198      1    0  1.1267e-17  2.2320e-18  1.7491e-19     347.33    1422.28    42668.38 7.8232e+22    1.14   sub
1996   8  18   6  4.80e+22   7.282     0.0821   0.0102   3.3397     3.451  9.024e+21     1.188      1    0  5.7914e-18  1.6782e-18  1.5235e-19     488.95    1632.94    48988.34 6.8220e+22    1.36   sub
1997   8  18   7  4.80e+22   7.395     0.0821   0.0131   2.7863     2.593  8.349e+21     1.174      1    0  2.9549e-18  1.1394e-18  1.2944e-19     689.79    1921.97    57659.09 6.1338e+22    1.68   sub
1998   8  18   8  4.80e+22   7.486     0.0821   0.0168   2.3522     2.079  7.408e+21     1.154      1    0  1.4676e-18  7.0597e-19  1.0740e-19     984.77    2316.36    69490.77 5.6586e+22    2.18   sub
1999   8  18   9  4.80e+22   7.553     0.0821   0.0214   2.0056     1.755  6.200e+21     1.129      1    0  7.1565e-19  4.0778e-19  8.7566e-20    1416.55    2840.99    85229.58 5.3429e+22    2.90   sub
2000   8  18  10  4.80e+22   7.599     0.0821   0.0274   1.7302     1.546  4.854e+21     1.101      1    0  3.5127e-19  2.2714e-19  7.0899e-20    2028.05    3508.85   105265.63 5.1432e+22    3.93   sub
2001   8  18  11  4.80e+22   7.631     0.0821   0.0350   1.4955     1.400  3.486e+21     1.073      1    0  1.6768e-19  1.1980e-19  5.6553e-20    2941.47    4398.96   131968.92 5.0122e+22    5.44   sub
2002   8  18  12  4.80e+22   7.651     0.0821   0.0448   1.3003     1.297  2.346e+21     1.049      0    0  8.0119e-20  6.1760e-20  4.4901e-20    4260.99    5540.52   166215.58 4.9310e+22    7.61   sub
2003   8  18  13  4.80e+22   7.664     0.0821   0.0572   1.1357     1.224  1.517e+21     1.032      0    1  3.8360e-20  3.1340e-20  3.5543e-20    6163.15    6999.26   209977.79 4.8808e+22   10.71   sub
2004   8  18  14  4.80e+22   7.672     0.0821   0.0732   0.9969     1.171  9.654e+20     1.020      0    1  1.8572e-20  1.5859e-20  2.8160e-20    8862.22    8834.41   265032.41 4.8501e+22   15.08   sub
2005   8  18  15  4.80e+22   7.677     0.0821   0.0936   0.8728     1.130  5.964e+20     1.012      0    1  8.7493e-21  7.7418e-21  2.2069e-20   12915.91   11272.61   338178.30 4.8305e+22   21.60   sub
2006   8  18  16  4.80e+22   7.680     0.0821   0.1196   0.7673     1.100  3.689e+20     1.008      0    1  4.1789e-21  3.7989e-21  1.7345e-20   18692.43   14342.80   430283.91 4.8187e+22   30.85   sub
2007   8  18  17  4.80e+22   7.682     0.0821   0.1529   0.6812     1.079  2.348e+20     1.005      0    1  2.0977e-21  1.9449e-21  1.3840e-20   26386.49   17975.42   539262.49 4.8118e+22   43.14   sub
2008   8  18  18  4.80e+22   7.683     0.0821   0.1955   0.6013     1.061  1.452e+20     1.003      0    1  1.0123e-21  9.5415e-22  1.0891e-20   37985.68   22842.31   685269.39 4.8073e+22   61.60   sub
2009   8  19   1  4.80e+22   6.648     0.1218   0.0030  19.8656   218.901  1.379e+22     1.287      1    0  1.2331e-16  5.6331e-19  1.2369e-19     101.24    2011.21    60336.28 1.6603e+23    1.38  deep
2010   8  19   2  4.80e+22   6.742     0.1218   0.0038  13.6354    90.405  1.391e+22     1.290      1    0  6.9640e-17  7.7031e-19  1.3447e-19     135.67    1849.97    55499.02 1.3598e+23    1.20  deep
2011   8  19   3  4.80e+22   6.842     0.1218   0.0049   9.9900    41.848  1.389e+22     1.289      1    0  4.1750e-17  9.9766e-19  1.4108e-19     176.51    1763.38    52901.27 1.1521e+23    1.08 super
2012   8  19   4  4.80e+22   6.958     0.1218   0.0063   7.4679    20.151  1.369e+22     1.285      1    0  2.4189e-17  1.2004e-18  1.4245e-19     233.85    1746.40    52391.95 9.8004e+22    1.01 super
2013   8  19   5  4.80e+22   7.083     0.1218   0.0080   5.7535    10.671  1.330e+22     1.277      1    0  1.3595e-17  1.2740e-18  1.3739e-19     314.72    1810.76    54322.67 8.4203e+22    1.01   sub
2014   8  19   6  4.80e+22   7.205     0.1218   0.0102   4.5950     6.415  1.268e+22     1.264      1    0  7.5582e-18  1.1782e-18  1.2718e-19     425.71    1956.13    58683.97 7.3769e+22    1.07   sub
2015   8  19   7  4.80e+22   7.323     0.1218   0.0131   3.7261     4.202  1.174e+22     1.245      1    0  3.9848e-18  9.4834e-19  1.1295e-19     591.11    2202.56    66076.71 6.5590e+22    1.23   sub
2016   8  19   8  4.80e+22   7.426     0.1218   0.0168   3.0751     3.011  1.041e+22     1.217      1    0  2.0282e-18  6.7365e-19  9.6959e-20     834.35    2565.75    76972.53 5.9637e+22    1.48   sub
2017   8  19   9  4.80e+22   7.507     0.1218   0.0214   2.5825     2.336  8.740e+21     1.182      1    0  1.0164e-18  4.3514e-19  8.1290e-20    1185.01    3060.32    91809.62 5.5560e+22    1.88   sub
2018   8  19  10  4.80e+22   7.566     0.1218   0.0274   2.2019     1.930  6.882e+21     1.143      1    0  5.0827e-19  2.6341e-19  6.7159e-20    1682.26    3704.23   111126.94 5.2873e+22    2.44   sub
2019   8  19  11  4.80e+22   7.608     0.1218   0.0350   1.8834     1.657  4.977e+21     1.104      1    0  2.4455e-19  1.4754e-19  5.4309e-20    2432.09    4580.66   137419.86 5.1048e+22    3.29   sub
2020   8  19  12  4.80e+22   7.636     0.1218   0.0448   1.6288     1.480  3.403e+21     1.071      1    0  1.1896e-19  8.0392e-20  4.3719e-20    3493.43    5690.21   170706.31 4.9912e+22    4.48   sub
2021   8  19  13  4.80e+22   7.654     0.1218   0.0572   1.4103     1.353  2.200e+21     1.046      0    0  5.6353e-20  4.1656e-20  3.4711e-20    5081.82    7167.00   215010.06 4.9175e+22    6.25   sub
2022   8  19  14  4.80e+22   7.666     0.1218   0.0732   1.2337     1.266  1.413e+21     1.029      0    1  2.7497e-20  2.1715e-20  2.7696e-20    7280.41    8982.14   269464.33 4.8735e+22    8.67   sub
2023   8  19  15  4.80e+22   7.673     0.1218   0.0936   1.0817     1.202  8.923e+20     1.019      0    1  1.3334e-20  1.1089e-20  2.1988e-20   10459.76   11313.81   339414.21 4.8456e+22   12.15   sub
2024   8  19  16  4.80e+22   7.677     0.1218   0.1196   0.9481     1.154  5.531e+20     1.012      0    1  6.3644e-21  5.5140e-21  1.7327e-20   15144.39   14357.70   430730.92 4.8280e+22   17.25   sub
2025   8  19  17  4.80e+22   7.680     0.1218   0.1529   0.8342     1.119  3.436e+20     1.007      0    1  3.0713e-21  2.7456e-21  1.3677e-20   21804.56   18189.59   545687.74 4.8173e+22   24.46   sub
2026   8  19  18  4.80e+22   7.682     0.1218   0.1955   0.7337     1.091  2.112e+20     1.004      0    1  1.4656e-21  1.3430e-21  1.0741e-20   31567.89   23161.07   694832.21 4.8106e+22   34.98   sub
2027   8  19  19  4.80e+22   7.683     0.1218   0.2500   0.6427     1.070  1.269e+20     1.003      0    1  6.7849e-22  6.3423e-22  8.3424e-21   46400.06   29820.34   894610.24 4.8064e+22   50.92   sub
2028   8  20   1  4.80e+22   6.631     0.1808   0.0030  34.6545   720.862  1.689e+22     1.352      1    0  1.3549e-16  1.8795e-19  7.4417e-20      96.46    3342.94   100288.10 1.7312e+23    1.60  deep
2029   8  20   2  4.80e+22   6.726     0.1808   0.0038  23.1349   307.489  1.751e+22     1.365      1    0  7.3853e-17  2.4018e-19  8.1720e-20     131.59    3044.21    91326.35 1.4027e+23    1.44  deep
2030   8  20   3  4.80e+22   6.810     0.1808   0.0049  16.9335   151.553  1.783e+22     1.371      1    0  4.6607e-17  3.0753e-19  8.8142e-20     166.68    2822.41    84672.25 1.2104e+23    1.30  deep
2031   8  20   4  4.80e+22   6.923     0.1808   0.0063  11.7652    62.946  1.790e+22     1.373      1    0  2.6517e-17  4.2127e-19  9.4905e-20     222.80    2621.27    78638.05 1.0254e+23    1.14 super
2032   8  20   5  4.80e+22   7.034     0.1808   0.0080   8.6722    29.316  1.760e+22     1.367      1    0  1.5598e-17  5.3206e-19  9.7968e-20     292.81    2539.31    76179.41 8.9104e+22    1.04 super
2033   8  20   6  4.80e+22   7.149     0.1808   0.0102   6.5828    14.754  1.689e+22     1.352      1    0  8.9061e-18  6.0365e-19  9.6734e-20     390.67    2571.72    77151.69 7.8182e+22    1.00 super
2034   8  20   7  4.80e+22   7.263     0.1808   0.0131   5.1541     8.269  1.570e+22     1.327      1    0  4.9312e-18  5.9634e-19  9.1212e-20     529.17    2727.40    81821.99 6.9544e+22    1.03   sub
2035   8  20   8  4.80e+22   7.365     0.1808   0.0168   4.1610     5.214  1.405e+22     1.293      1    0  2.6782e-18  5.1369e-19  8.2681e-20     723.09    3008.82    90264.61 6.3041e+22    1.13   sub
2036   8  20   9  4.80e+22   7.454     0.1808   0.0214   3.4212     3.598  1.191e+22     1.248      1    0  1.4015e-18  3.8950e-19  7.2311e-20    1005.58    3440.29   103208.84 5.8169e+22    1.32   sub
2037   8  20  10  4.80e+22   7.526     0.1808   0.0274   2.8510     2.681  9.414e+21     1.196      1    0  7.0636e-19  2.6343e-19  6.1308e-20    1423.29    4057.78   121733.51 5.4658e+22    1.63   sub
2038   8  20  11  4.80e+22   7.578     0.1808   0.0350   2.4169     2.147  6.978e+21     1.145      1    0  3.5469e-19  1.6516e-19  5.1070e-20    2015.51    4871.20   146135.86 5.2317e+22    2.08   sub
2039   8  20  12  4.80e+22   7.616     0.1808   0.0448   2.0604     1.802  4.812e+21     1.100      1    0  1.7219e-19  9.5580e-20  4.1635e-20    2899.89    5975.04   179251.07 5.0724e+22    2.76   sub
2040   8  20  13  4.80e+22   7.641     0.1808   0.0572   1.7774     1.579  3.200e+21     1.067      1    0  8.4335e-20  5.3397e-20  3.3723e-20    4150.33    7376.91   221307.42 4.9720e+22    3.71   sub
2041   8  20  14  4.80e+22   7.657     0.1808   0.0732   1.5343     1.422  2.033e+21     1.042      0    0  3.9958e-20  2.8099e-20  2.6862e-20    6036.12    9261.26   277837.91 4.9059e+22    5.13   sub
2042   8  20  15  4.80e+22   7.668     0.1808   0.0936   1.3388     1.316  1.293e+21     1.027      0    1  1.9463e-20  1.4789e-20  2.1471e-20    8654.44   11586.33   347589.87 4.8662e+22    7.08   sub
2043   8  20  16  4.80e+22   7.674     0.1808   0.1196   1.1682     1.238  8.037e+20     1.017      0    1  9.2832e-21  7.5011e-21  1.6986e-20   12536.84   14645.40   439362.11 4.8407e+22    9.96   sub
2044   8  20  17  4.80e+22   7.678     0.1808   0.1529   1.0224     1.180  4.964e+20     1.010      0    1  4.4263e-21  3.7505e-21  1.3398e-20   18160.74   18567.39   557021.82 4.8250e+22   14.10   sub
2045   8  20  18  4.80e+22   7.681     0.1808   0.1955   0.8944     1.137  3.024e+20     1.006      0    1  2.0783e-21  1.8282e-21  1.0493e-20   26507.43   23709.04   711271.17 4.8152e+22   20.20   sub
2046   8  20  19  4.80e+22   7.682     0.1808   0.2500   0.7918     1.107  1.909e+20     1.004      0    1  1.0340e-21  9.3432e-22  8.3593e-21   37584.94   29759.82   892794.73 4.8096e+22   28.27   sub
2047   8  21   1  4.80e+22   6.642     0.2683   0.0030  52.0972  1605.023  1.886e+22     1.393      1    0  1.2381e-16  7.7142e-20  4.7283e-20     100.99    5261.40   157841.96 1.6836e+23    1.69  deep
2048   8  21   2  4.80e+22   6.703     0.2683   0.0038  40.7043   994.532  1.951e+22     1.406      1    0  8.3058e-17  8.3515e-20  4.9340e-20     123.87    5042.00   151259.94 1.4673e+23    1.64  deep
2049   8  21   3  4.80e+22   6.806     0.2683   0.0049  27.6910   453.007  2.040e+22     1.425      1    0  4.6266e-17  1.0213e-19  5.3717e-20     167.24    4631.16   138934.67 1.2177e+23    1.52  deep
2050   8  21   4  4.80e+22   6.896     0.2683   0.0063  20.2045   227.440  2.091e+22     1.436      1    0  2.9157e-17  1.2820e-19  5.8064e-20     212.05    4284.44   128533.06 1.0649e+23    1.38  deep
2051   8  21   5  4.80e+22   7.010     0.2683   0.0080  13.8252    93.488  2.105e+22     1.439      1    0  1.6521e-17  1.7672e-19  6.3353e-20     284.03    3926.76   117802.90 9.1727e+22    1.21  deep
2052   8  21   6  4.80e+22   7.113     0.2683   0.0102  10.1086    43.106  2.060e+22     1.429      1    0  9.8908e-18  2.2945e-19  6.6557e-20     369.76    3737.76   112132.89 8.1390e+22    1.08 super
2053   8  21   7  4.80e+22   7.218     0.2683   0.0131   7.5496    20.706  1.946e+22     1.405      1    0  5.7044e-18  2.7550e-19  6.7183e-20     490.48    3702.92   111087.61 7.2769e+22    1.01 super
2054   8  21   8  4.80e+22   7.316     0.2683   0.0168   5.8546    11.120  1.764e+22     1.368      1    0  3.2340e-18  2.9083e-19  6.4790e-20     655.84    3839.66   115189.69 6.6010e+22    1.00   sub
2055   8  21   9  4.80e+22   7.405     0.2683   0.0214   4.6786     6.670  1.522e+22     1.317      1    0  1.7880e-18  2.6807e-19  5.9920e-20     887.38    4151.75   124552.42 6.0772e+22    1.06   sub
2056   8  21  10  4.80e+22   7.483     0.2683   0.0274   3.8028     4.367  1.229e+22     1.256      1    0  9.4139e-19  2.1558e-19  5.3214e-20    1229.37    4674.97   140249.21 5.6709e+22    1.21   sub
2057   8  21  11  4.80e+22   7.544     0.2683   0.0350   3.1645     3.153  9.354e+21     1.195      1    0  4.9049e-19  1.5556e-19  4.5972e-20    1710.01    5411.37   162341.05 5.3846e+22    1.44   sub
2058   8  21  12  4.80e+22   7.590     0.2683   0.0448   2.6615     2.432  6.655e+21     1.139      1    0  2.4657e-19  1.0138e-19  3.8637e-20    2419.24    6438.77   193162.95 5.1808e+22    1.80   sub
2059   8  21  13  4.80e+22   7.623     0.2683   0.0572   2.2618     1.987  4.495e+21     1.094      1    0  1.2138e-19  6.1074e-20  3.1830e-20    3455.50    7815.79   234473.75 5.0432e+22    2.33   sub
2060   8  21  14  4.80e+22   7.646     0.2683   0.0732   1.9337     1.697  2.905e+21     1.061      1    0  5.8231e-20  3.4322e-20  2.5749e-20    4996.34    9661.44   289843.32 4.9519e+22    3.12   sub
2061   8  21  15  4.80e+22   7.660     0.2683   0.0936   1.6746     1.509  1.867e+21     1.039      0    1  2.8543e-20  1.8912e-20  2.0797e-20    7143.08   11962.05   358861.36 4.8958e+22    4.22   sub
2062   8  21  16  4.80e+22   7.669     0.2683   0.1196   1.4544     1.377  1.174e+21     1.024      0    1  1.3760e-20  9.9960e-21  1.6617e-20   10293.94   14971.28   449138.46 4.8596e+22    5.81   sub
2063   8  21  17  4.80e+22   7.675     0.2683   0.1529   1.2655     1.281  7.262e+20     1.015      0    1  6.5371e-21  5.1039e-21  1.3157e-20   14940.79   18907.68   567230.43 4.8366e+22    8.14   sub
2064   8  21  18  4.80e+22   7.679     0.2683   0.1955   1.1108     1.214  4.553e+20     1.009      0    1  3.1947e-21  2.6317e-21  1.0477e-20   21377.38   23744.93   712347.83 4.8229e+22   11.34   sub
2065   8  21  19  4.80e+22   7.681     0.2683   0.2500   0.9746     1.163  2.816e+20     1.006      0    1  1.5366e-21  1.3209e-21  8.2797e-21   30828.73   30046.01   901380.29 4.8141e+22   16.01   sub
2066   8  22   2  4.80e+22   6.719     0.3981   0.0038  59.8615  2088.370  2.077e+22     1.433      1    0  7.4701e-17  3.5770e-20  3.1780e-20     130.77    7828.02   234840.66 1.4216e+23    1.70  deep
2067   8  22   3  4.80e+22   6.793     0.3981   0.0049  46.4007  1284.722  2.155e+22     1.449      1    0  4.9099e-17  3.8217e-20  3.3058e-20     162.18    7525.43   225762.77 1.2454e+23    1.67  deep
2068   8  22   4  4.80e+22   6.893     0.3981   0.0063  32.9850   651.889  2.239e+22     1.466      1    0  2.8942e-17  4.4397e-20  3.5442e-20     212.80    7019.10   210573.14 1.0691e+23    1.58  deep
2069   8  22   5  4.80e+22   6.989     0.3981   0.0080  23.7047   324.318  2.284e+22     1.476      1    0  1.7760e-17  5.4760e-20  3.8367e-20     273.53    6484.04   194521.31 9.4153e+22    1.45  deep
2070   8  22   6  4.80e+22   7.080     0.3981   0.0102  17.2976   159.268  2.282e+22     1.475      1    0  1.1174e-17  7.0156e-20  4.1437e-20     347.08    6003.59   180107.55 8.4493e+22    1.31  deep
2071   8  22   7  4.80e+22   7.192     0.3981   0.0131  11.7780    63.117  2.195e+22     1.457      1    0  6.1408e-18  9.7292e-20  4.4761e-20     471.87    5557.76   166732.88 7.4754e+22    1.14 super
2072   8  22   8  4.80e+22   7.282     0.3981   0.0168   8.7589    30.060  2.036e+22     1.424      1    0  3.6418e-18  1.2115e-19  4.6064e-20     616.59    5400.60   162017.94 6.8230e+22    1.04 super
2073   8  22   9  4.80e+22   7.368     0.3981   0.0214   6.7006    15.408  1.799e+22     1.375      1    0  2.0966e-18  1.3607e-19  4.5422e-20     817.38    5476.87   164306.23 6.2909e+22    1.00 super
2074   8  22  10  4.80e+22   7.444     0.3981   0.0274   5.2864     8.761  1.505e+22     1.313      1    0  1.1754e-18  1.3416e-19  4.2886e-20    1097.31    5800.76   174022.70 5.8713e+22    1.02   sub
2075   8  22  11  4.80e+22   7.511     0.3981   0.0350   4.2469     5.436  1.174e+22     1.245      1    0  6.2579e-19  1.1513e-19  3.8778e-20    1510.57    6415.31   192459.43 5.5391e+22    1.12   sub
2076   8  22  12  4.80e+22   7.561     0.3981   0.0448   3.5181     3.781  8.748e+21     1.182      1    0  3.3429e-19  8.8411e-20  3.4098e-20    2073.77    7295.71   218871.34 5.3060e+22    1.29   sub
2077   8  22  13  4.80e+22   7.601     0.3981   0.0572   2.9439     2.813  6.133e+21     1.128      1    0  1.7103e-19  6.0796e-20  2.9071e-20    2906.84    8557.37   256721.05 5.1347e+22    1.57   sub
2078   8  22  14  4.80e+22   7.630     0.3981   0.0732   2.4882     2.226  4.100e+21     1.085      1    0  8.4918e-20  3.8143e-20  2.4191e-20    4133.12   10283.88   308516.29 5.0156e+22    1.99   sub
2079   8  22  15  4.80e+22   7.649     0.3981   0.0936   2.1273     1.861  2.671e+21     1.056      1    0  4.1854e-20  2.2496e-20  1.9839e-20    5894.71   12539.70   376190.91 4.9375e+22    2.60   sub
2080   8  22  16  4.80e+22   7.662     0.3981   0.1196   1.8297     1.617  1.697e+21     1.035      0    1  2.0268e-20  1.2534e-20  1.6038e-20    8477.99   15511.93   465357.98 4.8863e+22    3.49   sub
2081   8  22  17  4.80e+22   7.671     0.3981   0.1529   1.5835     1.452  1.064e+21     1.022      0    1  9.7611e-21  6.7247e-21  1.2853e-20   12223.36   19355.85   580675.54 4.8537e+22    4.77   sub
2082   8  22  18  4.80e+22   7.676     0.3981   0.1955   1.3761     1.335  6.604e+20     1.014      0    1  4.6677e-21  3.4965e-21  1.0224e-20   17682.40   24333.04   729991.10 4.8332e+22    6.63   sub
2083   8  22  19  4.80e+22   7.679     0.3981   0.2500   1.2036     1.253  4.115e+20     1.009      0    1  2.2605e-21  1.8043e-21  8.1328e-21   25414.62   30588.86   917665.83 4.8206e+22    9.23   sub
2084   8  23   4  4.80e+22   6.893     0.5908   0.0063  52.1572  1608.553  2.317e+22     1.483      1    1  2.8593e-17  1.7776e-20  2.2279e-20     214.09   11166.31   334989.36 1.0692e+23    1.69  deep
2085   8  23   5  4.80e+22   6.958     0.5908   0.0080  42.2484  1070.145  2.360e+22     1.492      1    1  2.0408e-17  1.9070e-20  2.3127e-20     254.61   10756.96   322708.88 9.7888e+22    1.65  deep
2086   8  23   6  4.80e+22   7.081     0.5908   0.0102  27.7479   454.979  2.385e+22     1.497      1    1  1.0778e-17  2.3690e-20  2.5367e-20     353.43    9806.94   294208.35 8.4320e+22    1.52  deep
2087   8  23   7  4.80e+22   7.164     0.5908   0.0131  20.5001   235.009  2.341e+22     1.488      1    0  6.8972e-18  2.9349e-20  2.7308e-20     444.37    9109.72   273291.58 7.7005e+22    1.39  deep
2088   8  23   8  4.80e+22   7.262     0.5908   0.0168  14.0639    97.442  2.200e+22     1.458      1    0  3.8973e-18  3.9996e-20  2.9720e-20     595.19    8370.67   251120.00 6.9634e+22    1.21  deep
2089   8  23   9  4.80e+22   7.344     0.5908   0.0214  10.2150    44.253  1.985e+22     1.414      1    0  2.2893e-18  5.1732e-20  3.1185e-20     780.95    7977.38   239321.40 6.4336e+22    1.09 super
2090   8  23  10  4.80e+22   7.413     0.5908   0.0274   7.8042    22.495  1.724e+22     1.359      1    0  1.3699e-18  6.0899e-20  3.1427e-20    1014.29    7915.77   237473.08 6.0354e+22    1.02 super
2091   8  23  11  4.80e+22   7.480     0.5908   0.0350   6.0100    11.837  1.397e+22     1.291      1    0  7.6221e-19  6.4393e-20  3.0304e-20    1365.92    8209.24   246277.27 5.6886e+22    1.00   sub
2092   8  23  12  4.80e+22   7.535     0.5908   0.0448   4.7842     7.003  1.072e+22     1.223      1    0  4.1531e-19  5.9308e-20  2.7997e-20    1857.27    8885.61   266568.30 5.4248e+22    1.05   sub
2093   8  23  13  4.80e+22   7.578     0.5908   0.0572   3.9158     4.620  7.844e+21     1.163      1    0  2.2299e-19  4.8262e-20  2.4993e-20    2541.96    9953.72   298611.46 5.2311e+22    1.18   sub
2094   8  23  14  4.80e+22   7.611     0.5908   0.0732   3.2641     3.319  5.499e+21     1.115      1    0  1.1705e-19  3.5265e-20  2.1676e-20    3516.18   11477.01   344310.44 5.0909e+22    1.39   sub
2095   8  23  15  4.80e+22   7.636     0.5908   0.0936   2.7448     2.539  3.678e+21     1.077      1    0  5.8991e-20  2.3239e-20  1.8270e-20    4960.95   13616.83   408504.96 4.9900e+22    1.72   sub
2096   8  23  16  4.80e+22   7.653     0.5908   0.1196   2.3286     2.054  2.378e+21     1.050      0    1  2.8930e-20  1.4081e-20  1.5064e-20    7092.16   16514.72   495441.68 4.9211e+22    2.22   sub
2097   8  23  17  4.80e+22   7.665     0.5908   0.1529   1.9972     1.748  1.518e+21     1.032      0    1  1.4151e-20  8.0955e-21  1.2275e-20   10147.88   20267.26   608017.79 4.8767e+22    2.93   sub
2098   8  23  18  4.80e+22   7.672     0.5908   0.1955   1.7285     1.545  9.632e+20     1.020      0    1  6.9450e-21  4.4943e-21  9.9312e-21   14492.46   25049.61   751488.35 4.8484e+22    3.94   sub
2099   8  23  19  4.80e+22   7.677     0.5908   0.2500   1.4970     1.400  5.971e+20     1.012      0    1  3.3144e-21  2.3666e-21  7.9188e-21   20985.28   31415.53   942465.76 4.8300e+22    5.43   sub
2100   8  24   6  4.80e+22   7.075     0.8767   0.0102  45.3228  1227.464  2.441e+22     1.509      1    1  1.0984e-17  8.9487e-21  1.5685e-20     349.94   15860.37   475810.97 8.4938e+22    1.66  deep
2101   8  24   7  4.80e+22   7.154     0.8767   0.0131  34.3409   707.682  2.410e+22     1.502      1    1  7.1260e-18  1.0069e-20  1.6581e-20     436.89   15003.24   450097.09 7.7800e+22    1.60  deep
2102   8  24   8  4.80e+22   7.242     0.8767   0.0168  24.3584   344.119  2.303e+22     1.480      1    1  4.2540e-18  1.2362e-20  1.7952e-20     568.92   13857.97   415739.18 7.1009e+22    1.47  deep
2103   8  24   9  4.80e+22   7.315     0.8767   0.0214  17.8028   170.282  2.139e+22     1.446      1    1  2.6618e-18  1.5632e-20  1.9333e-20     722.81   12868.11   386043.28 6.6124e+22    1.32  deep
2104   8  24  10  4.80e+22   7.394     0.8767   0.0274  12.3469    70.915  1.866e+22     1.389      1    0  1.4949e-18  2.1080e-20  2.0778e-20     969.70   11972.85   359185.58 6.1424e+22    1.16  deep
2105   8  24  11  4.80e+22   7.455     0.8767   0.0350   9.1559    33.609  1.573e+22     1.328      1    0  8.8066e-19  2.6203e-20  2.1417e-20    1268.68   11615.89   348476.58 5.8110e+22    1.05 super
2106   8  24  12  4.80e+22   7.510     0.8767   0.0448   6.9891    17.094  1.261e+22     1.263      1    0  5.0535e-19  2.9562e-20  2.1176e-20    1680.87   11747.73   352431.81 5.5438e+22    1.00 super
2107   8  24  13  4.80e+22   7.556     0.8767   0.0572   5.4690     9.476  9.552e+21     1.199      1    0  2.7833e-19  2.9374e-20  2.0022e-20    2271.89   12425.01   372750.24 5.3293e+22    1.01   sub
2108   8  24  14  4.80e+22   7.593     0.8767   0.0732   4.4106     5.880  6.930e+21     1.144      1    0  1.5043e-19  2.5582e-20  1.8207e-20    3097.89   13663.62   409908.73 5.1687e+22    1.09   sub
2109   8  24  15  4.80e+22   7.622     0.8767   0.0936   3.6257     3.994  4.813e+21     1.100      1    0  7.8708e-20  1.9708e-20  1.5991e-20    4290.75   15556.88   466706.51 5.0495e+22    1.25   sub
2110   8  24  16  4.80e+22   7.642     0.8767   0.1196   3.0361     2.951  3.250e+21     1.068      1    0  4.0566e-20  1.3749e-20  1.3691e-20    5984.80   18170.34   545110.23 4.9659e+22    1.51   sub
2111   8  24  17  4.80e+22   7.657     0.8767   0.1529   2.5613     2.311  2.112e+21     1.044      0    1  2.0093e-20  8.6958e-21  1.1411e-20    8511.92   21801.91   654057.20 4.9069e+22    1.90   sub
2112   8  24  18  4.80e+22   7.667     0.8767   0.1955   2.1946     1.923  1.368e+21     1.028      0    1  1.0055e-20  5.2296e-21  9.4147e-21   12040.54   26423.79   792713.62 4.8688e+22    2.46   sub
2113   8  24  19  4.80e+22   7.674     0.8767   0.2500   1.8828     1.657  8.576e+20     1.018      0    1  4.8362e-21  2.9187e-21  7.6074e-21   17368.66   32701.56   981046.86 4.8430e+22    3.29   sub
2114   8  25   7  4.80e+22   7.160     1.3010   0.0131  53.1124  1665.188  2.440e+22     1.508      1    1  6.8229e-18  4.0974e-21  1.0486e-20     446.66   23723.24   711697.31 7.7339e+22    1.69  deep
2115   8  25   8  4.80e+22   7.221     1.3010   0.0168  42.5548  1085.422  2.373e+22     1.494      1    1  4.7604e-18  4.3858e-21  1.0886e-20     537.02   22852.86   685585.83 7.2547e+22    1.65  deep
2116   8  25   9  4.80e+22   7.306     1.3010   0.0214  29.9082   532.548  2.200e+22     1.458      1    1  2.7531e-18  5.1696e-21  1.1710e-20     710.32   21244.35   637330.45 6.6673e+22    1.55  deep
2117   8  25  10  4.80e+22   7.379     1.3010   0.0274  20.9621   247.073  1.960e+22     1.408      1    1  1.6105e-18  6.5185e-21  1.2715e-20     933.34   19564.87   586946.15 6.2234e+22    1.40  deep
2118   8  25  11  4.80e+22   7.445     1.3010   0.0350  14.5640   106.003  1.659e+22     1.346      1    1  9.1815e-19  8.6616e-21  1.3757e-20    1241.63   18083.11   542493.38 5.8650e+22    1.23  deep
2119   8  25  12  4.80e+22   7.496     1.3010   0.0448  10.6876    49.560  1.369e+22     1.285      1    1  5.4617e-19  1.1020e-20  1.4410e-20    1615.37   17264.45   517933.37 5.6090e+22    1.10 super
2120   8  25  13  4.80e+22   7.541     1.3010   0.0572   7.9847    23.822  1.073e+22     1.224      1    1  3.1237e-19  1.3113e-20  1.4543e-20    2142.42   17106.55   513196.43 5.3967e+22    1.02 super
2121   8  25  14  4.80e+22   7.578     1.3010   0.0732   6.2137    12.823  8.138e+21     1.170      1    1  1.7775e-19  1.3862e-20  1.4063e-20    2846.94   17689.93   530698.03 5.2346e+22    1.00   sub
2122   8  25  15  4.80e+22   7.607     1.3010   0.0936   4.9765     7.641  5.950e+21     1.124      1    1  9.8937e-20  1.2948e-20  1.3075e-20    3823.38   19027.19   570815.69 5.1096e+22    1.04   sub
2123   8  25  16  4.80e+22   7.630     1.3010   0.1196   4.0774     5.005  4.208e+21     1.088      1    1  5.3763e-20  1.0742e-20  1.1746e-20    5194.44   21180.02   635400.65 5.0154e+22    1.15   sub
2124   8  25  17  4.80e+22   7.648     1.3010   0.1529   3.3710     3.507  2.837e+21     1.059      1    1  2.7654e-20  7.8860e-21  1.0178e-20    7251.12   24443.20   733295.90 4.9438e+22    1.34   sub
2125   8  25  18  4.80e+22   7.660     1.3010   0.1955   2.8291     2.651  1.865e+21     1.039      0    1  1.3930e-20  5.2542e-21  8.5998e-21   10225.18   28927.84   867835.20 4.8940e+22    1.65   sub
2126   8  25  19  4.80e+22   7.669     1.3010   0.2500   2.4106     2.141  1.214e+21     1.025      0    1  7.0146e-21  3.2768e-21  7.1580e-21   14417.36   34754.41  1042632.16 4.8610e+22    2.09   sub
2127   8  26   9  4.80e+22   7.302     1.9307   0.0214  48.4371  1395.826  2.232e+22     1.465      1    1  2.7941e-18  2.0018e-21  7.2863e-21     704.88   34142.48  1024274.43 6.6942e+22    1.68  deep
2128   8  26  10  4.80e+22   7.365     1.9307   0.0274  36.3800   795.172  2.034e+22     1.424      1    1  1.7632e-18  2.2174e-21  7.6733e-21     891.17   32420.61   972618.32 6.3054e+22    1.61  deep
2129   8  26  11  4.80e+22   7.431     1.9307   0.0350  25.3340   374.634  1.747e+22     1.364      1    1  1.0088e-18  2.6928e-21  8.2976e-21    1183.44   29981.41   899442.18 5.9361e+22    1.48  deep
2130   8  26  12  4.80e+22   7.479     1.9307   0.0448  18.5465   187.140  1.485e+22     1.309      1    1  6.2657e-19  3.3481e-21  8.9038e-21    1506.49   27940.05   838201.58 5.6904e+22    1.34  deep
2131   8  26  13  4.80e+22   7.528     1.9307   0.0572  12.8959    78.911  1.176e+22     1.245      1    1  3.5084e-19  4.4460e-21  9.5510e-21    2019.78   26046.83   781405.00 5.4579e+22    1.18  deep
2132   8  26  14  4.80e+22   7.565     1.9307   0.0732   9.4902    36.783  9.158e+21     1.191      1    1  2.0354e-19  5.5335e-21  9.8613e-21    2658.24   25227.15   756814.46 5.2913e+22    1.06 super
2133   8  26  15  4.80e+22   7.595     1.9307   0.0936   7.2058    18.437  6.888e+21     1.143      1    1  1.1562e-19  6.2710e-21  9.7689e-21    3534.05   25465.80   763973.85 5.1594e+22    1.00 super
2134   8  26  16  4.80e+22   7.619     1.9307   0.1196   5.6886    10.389  5.064e+21     1.106      1    1  6.5391e-20  6.2942e-21  9.2915e-21    4706.65   26774.25   803227.65 5.0598e+22    1.01   sub
2135   8  26  17  4.80e+22   7.638     1.9307   0.1529   4.6027     6.438  3.611e+21     1.075      1    1  3.6037e-20  5.5974e-21  8.5144e-21    6347.97   29217.78   876533.54 4.9833e+22    1.07   sub
2136   8  26  18  4.80e+22   7.653     1.9307   0.1955   3.7673     4.290  2.460e+21     1.051      1    1  1.8815e-20  4.3859e-21  7.5091e-21    8793.90   33129.37   993881.07 4.9241e+22    1.21   sub
2137   8  26  19  4.80e+22   7.663     1.9307   0.2500   3.1450     3.122  1.644e+21     1.034      0    1  9.6914e-21  3.1047e-21  6.4512e-21   12261.27   38562.27  1156868.07 4.8826e+22    1.45   sub
2138   8  27  10  4.80e+22   7.375     2.8651   0.0274  54.5931  1754.585  2.008e+22     1.418      1    1  1.6149e-18  9.2039e-22  4.8904e-21     931.80   50869.68  1526090.51 6.2491e+22    1.69  deep
2139   8  27  11  4.80e+22   7.429     2.8651   0.0350  41.2825  1022.578  1.769e+22     1.369      1    1  1.0152e-18  9.9282e-22  5.1090e-21    1179.50   48692.83  1460784.96 5.9494e+22    1.65  deep
2140   8  27  12  4.80e+22   7.478     2.8651   0.0448  30.2209   544.207  1.500e+22     1.313      1    1  6.1905e-19  1.1375e-21  5.4318e-21    1515.50   45799.60  1373987.91 5.6960e+22    1.55  deep
2141   8  27  13  4.80e+22   7.518     2.8651   0.0572  22.2855   283.157  1.251e+22     1.261      1    1  3.8694e-19  1.3665e-21  5.8081e-21    1921.95   42831.68  1284950.34 5.5054e+22    1.43  deep
2142   8  27  14  4.80e+22   7.556     2.8651   0.0732  15.7045   126.910  9.876e+21     1.206      1    1  2.2413e-19  1.7660e-21  6.2571e-21    2531.66   39758.38  1192751.26 5.3319e+22    1.27  deep
2143   8  27  15  4.80e+22   7.586     2.8651   0.0936  11.3490    57.564  7.627e+21     1.159      1    1  1.3021e-19  2.2620e-21  6.5863e-21    3328.14   37771.00  1133130.08 5.1991e+22    1.12 super
2144   8  27  16  4.80e+22   7.611     2.8651   0.1196   8.4528    27.487  5.739e+21     1.120      1    1  7.4621e-20  2.7148e-21  6.6835e-21    4403.51   37222.13  1116663.84 5.0949e+22    1.03 super
2145   8  27  17  4.80e+22   7.630     2.8651   0.1529   6.5576    14.616  4.245e+21     1.088      1    1  4.2697e-20  2.9213e-21  6.5085e-21    5828.81   38222.79  1146683.57 5.0157e+22    1.00 super
2146   8  27  18  4.80e+22   7.646     2.8651   0.1955   5.1969     8.426  3.025e+21     1.063      1    1  2.3442e-20  2.7821e-21  6.0790e-21    7874.57   40923.41  1227702.44 4.9527e+22    1.03   sub
2147   8  27  19  4.80e+22   7.658     2.8651   0.2500   4.2173     5.358  2.095e+21     1.044      0    1  1.2518e-20  2.3363e-21  5.4699e-21   10784.38   45480.72  1364421.64 4.9053e+22    1.12   sub
2148   8  28  12  4.80e+22   7.463     4.2518   0.0448  52.8983  1652.422  1.593e+22     1.332      1    1  7.1841e-19  4.3476e-22  3.3463e-21    1405.38   74342.25  2230267.55 5.7720e+22    1.69  deep
2149   8  28  13  4.80e+22   7.513     4.2518   0.0572  37.2404   833.355  1.284e+22     1.267      1    1  4.0124e-19  4.8147e-22  3.5404e-21    1886.85   70267.20  2108016.12 5.5256e+22    1.62  deep
2150   8  28  14  4.80e+22   7.553     4.2518   0.0732  25.8868   392.430  1.008e+22     1.210      1    1  2.2605e-19  5.7602e-22  3.8127e-21    2520.50   65247.78  1957433.50 5.3424e+22    1.49  deep
2151   8  28  15  4.80e+22   7.578     4.2518   0.0936  19.4578   208.830  8.225e+21     1.171      1    1  1.4509e-19  6.9478e-22  4.0572e-21    3151.27   61316.54  1839496.20 5.2320e+22    1.37  deep
2152   8  28  16  4.80e+22   7.605     4.2518   0.1196  13.5230    88.605  6.187e+21     1.129      1    1  8.0893e-20  9.1296e-22  4.3513e-21    4227.77   57172.32  1715169.69 5.1183e+22    1.20  deep
2153   8  28  17  4.80e+22   7.624     4.2518   0.1529   9.9578    41.510  4.685e+21     1.098      1    1  4.7135e-20  1.1355e-21  4.5050e-21    5545.57   55221.73  1656651.98 5.0383e+22    1.08 super
2154   8  28  18  4.80e+22   7.640     4.2518   0.1955   7.5675    20.828  3.476e+21     1.072      1    1  2.7071e-20  1.2997e-21  4.4878e-21    7325.08   55432.70  1662981.07 4.9756e+22    1.01 super
2155   8  28  19  4.80e+22   7.652     4.2518   0.2500   5.9331    11.478  2.520e+21     1.053      1    1  1.5245e-20  1.3282e-21  4.2922e-21    9768.75   57959.28  1738778.46 4.9268e+22    1.00   sub
2156   8  29  13  4.80e+22   7.517     6.3096   0.0572  56.6984  1885.045  1.260e+22     1.263      1    1  3.7746e-19  2.0024e-22  2.2548e-21    1945.88  110328.13  3309843.90 5.5076e+22    1.69  deep
2157   8  29  14  4.80e+22   7.542     6.3096   0.0732  46.0533  1266.152  1.087e+22     1.226      1    1  2.6413e-19  2.0861e-22  2.3183e-21    2330.06  107306.97  3219209.08 5.3915e+22    1.67  deep
2158   8  29  15  4.80e+22   7.574     6.3096   0.0936  33.0034   652.632  8.531e+21     1.178      1    1  1.5301e-19  2.3445e-22  2.4570e-21    3067.87  101250.09  3037502.70 5.2490e+22    1.58  deep
2159   8  29  16  4.80e+22   7.601     6.3096   0.1196  22.7276   295.709  6.462e+21     1.135      1    1  8.5093e-20  2.8776e-22  2.6560e-21    4121.18   93664.63  2809938.88 5.1328e+22    1.44  deep
2160   8  29  17  4.80e+22   7.618     6.3096   0.1529  16.9447   151.789  5.142e+21     1.107      1    1  5.3620e-20  3.5326e-22  2.8247e-21    5197.45   88069.38  2642081.40 5.0620e+22    1.30  deep
2161   8  29  18  4.80e+22   7.636     6.3096   0.1955  11.7851    63.211  3.767e+21     1.078      1    1  2.9295e-20  4.6344e-22  2.9985e-21    7039.80   82965.04  2488951.17 4.9904e+22    1.14 super
2162   8  29  19  4.80e+22   7.647     6.3096   0.2500   8.9866    32.067  2.877e+21     1.060      1    1  1.7682e-20  5.5142e-22  3.0528e-21    9068.03   81491.05  2444731.39 4.9448e+22    1.05 super
2163   8  30  15  4.80e+22   7.564     9.3633   0.0936  58.4010  1993.398  9.330e+21     1.194      1    1  1.8419e-19  9.2401e-23  1.5245e-21    2794.16  163181.53  4895445.90 5.2960e+22    1.70  deep
2164   8  30  16  4.80e+22   7.597     9.3633   0.1196  39.3823   931.627  6.836e+21     1.142      1    1  9.3886e-20  1.0078e-22  1.6105e-21    3922.20  154465.56  4633966.91 5.1532e+22    1.63  deep
2165   8  30  17  4.80e+22   7.618     9.3633   0.1529  27.6975   453.232  5.195e+21     1.108      1    1  5.3264e-20  1.1752e-22  1.7224e-21    5214.58  144430.64  4332919.16 5.0648e+22    1.52  deep
2166   8  30  18  4.80e+22   7.632     9.3633   0.1955  20.4366   233.373  4.093e+21     1.085      1    1  3.3040e-20  1.4158e-22  1.8369e-21    6627.02  135433.71  4063011.41 5.0072e+22    1.39  deep
2167   8  30  19  4.80e+22   7.646     9.3633   0.2500  14.1843    99.469  3.028e+21     1.063      1    1  1.8370e-20  1.8468e-22  1.9716e-21    8895.49  126176.05  3785281.43 4.9525e+22    1.22  deep
2168   8  31  16  4.80e+22   7.599    13.8950   0.1196  59.2314  2047.170  6.622e+21     1.138      1    1  8.7034e-20  4.2514e-23  1.0308e-21    4074.40  241332.43  7239972.89 5.1418e+22    1.70  deep
2169   8  31  17  4.80e+22   7.614    13.8950   0.1529  46.9778  1315.818  5.451e+21     1.114      1    1  5.8003e-20  4.4081e-23  1.0600e-21    4995.91  234697.06  7040911.76 5.0786e+22    1.67  deep
2170   8  31  18  4.80e+22   7.631    13.8950   0.1955  33.9618   691.890  4.182e+21     1.087      1    1  3.3806e-20  4.8860e-23  1.1182e-21    6551.01  222484.15  6674524.43 5.0119e+22    1.59  deep
2171   8  31  19  4.80e+22   7.643    13.8950   0.2500  24.5951   351.417  3.231e+21     1.067      1    1  2.0215e-20  5.7524e-23  1.1930e-21    8478.41  208527.56  6255826.88 4.9630e+22    1.47  deep
2172   8  32  18  4.80e+22   7.631    20.6199   0.1955  52.8767  1651.135  4.124e+21     1.086      1    1  3.2635e-20  1.9765e-23  7.0560e-22    6667.76  352569.07 10577071.98 5.0095e+22    1.69  deep
2173   8  32  19  4.80e+22   7.641    20.6199   0.2500  41.5336  1034.857  3.357e+21     1.070      1    1  2.1550e-20  2.0825e-23  7.2951e-22    8210.58  341014.86 10230445.73 4.9698e+22    1.65  deep
2174   9   8   1  9.60e+22   6.928     0.0016   0.0030   0.7130     1.086  2.080e+20     1.002      0    0  5.3783e-18  4.9517e-18  1.4102e-18     494.87     352.83    10584.87 1.0194e+23   37.92   sub
2175   9   8   2  9.60e+22   6.946     0.0016   0.0038   0.6219     1.065  2.066e+20     1.002      0    0  2.4429e-18  2.2932e-18  1.0882e-18     735.23     457.22    13716.58 9.9518e+22   55.94   sub
2176   9   9   1  9.60e+22   6.909     0.0024   0.0030   0.8700     1.129  3.090e+20     1.003      0    0  7.6320e-18  6.7581e-18  1.3784e-18     414.88     360.95    10828.65 1.0451e+23   21.79   sub
2177   9   9   2  9.60e+22   6.933     0.0024   0.0038   0.7623     1.099  3.068e+20     1.003      0    0  3.6068e-18  3.2828e-18  1.0796e-18     604.54     460.85    13825.42 1.0118e+23   31.42   sub
2178   9   9   3  9.60e+22   6.948     0.0024   0.0049   0.6766     1.077  3.036e+20     1.003      0    0  1.8171e-18  1.6864e-18  8.6246e-19     852.61     576.89    17306.79 9.9289e+22   43.98   sub
2179   9  10   1  9.60e+22   6.881     0.0035   0.0030   1.0795     1.202  4.580e+20     1.005      0    0  1.1588e-17  9.6437e-18  1.3717e-18     336.00     362.72    10881.71 1.0872e+23   12.22   sub
2180   9  10   2  9.60e+22   6.914     0.0035   0.0038   0.9439     1.153  4.554e+20     1.005      0    0  5.5240e-18  4.7917e-18  1.0805e-18     487.83     460.46    13813.89 1.0380e+23   17.46   sub
2181   9  10   3  9.60e+22   6.936     0.0035   0.0049   0.8298     1.117  4.505e+20     1.005      0    0  2.6723e-18  2.3917e-18  8.5360e-19     702.47     582.88    17486.46 1.0083e+23   24.82   sub
2182   9  10   4  9.60e+22   6.950     0.0035   0.0063   0.7296     1.090  4.424e+20     1.005      0    0  1.2801e-18  1.1741e-18  6.7119e-19    1016.01     741.29    22238.79 9.8966e+22   35.54   sub
2183   9  10   5  9.60e+22   6.959     0.0035   0.0080   0.6369     1.069  4.286e+20     1.004      0    0  5.8294e-19  5.4555e-19  5.1848e-19    1506.60     959.62    28788.66 9.7760e+22   52.24   sub
2184   9  11   1  9.60e+22   6.846     0.0052   0.0030   1.3393     1.316  6.800e+20     1.007      0    0  1.6915e-17  1.2850e-17  1.3392e-18     277.40     371.53    11145.88 1.1445e+23    7.08   sub
2185   9  11   2  9.60e+22   6.890     0.0052   0.0038   1.1648     1.236  6.755e+20     1.007      0    0  8.0547e-18  6.5160e-18  1.0592e-18     403.28     469.74    14092.35 1.0734e+23   10.03   sub
2186   9  11   3  9.60e+22   6.920     0.0052   0.0049   1.0169     1.178  6.673e+20     1.007      0    0  3.8290e-18  3.2500e-18  8.3471e-19     586.19     596.07    17882.18 1.0295e+23   14.30   sub
2187   9  11   4  9.60e+22   6.941     0.0052   0.0063   0.8879     1.135  6.550e+20     1.007      0    0  1.7915e-18  1.5787e-18  6.5293e-19     858.24     762.03    22860.75 1.0021e+23   20.61   sub
2188   9  11   5  9.60e+22   6.952     0.0052   0.0080   0.7859     1.105  6.369e+20     1.007      0    0  8.9431e-19  8.0929e-19  5.2073e-19    1215.75     955.49    28664.57 9.8659e+22   28.86   sub
2189   9  11   6  9.60e+22   6.960     0.0052   0.0102   0.6955     1.082  6.090e+20     1.006      0    1  4.4219e-19  4.0871e-19  4.1353e-19    1729.91    1203.17    36095.14 9.7667e+22   40.68   sub
2190   9  11   7  9.60e+22   6.965     0.0052   0.0131   0.6107     1.063  5.649e+20     1.006      0    1  2.0742e-19  1.9514e-19  3.2244e-19    2526.80    1543.08    46292.28 9.7009e+22   58.93   sub
2191   9  12   1  9.60e+22   6.802     0.0077   0.0030   1.6814     1.514  1.009e+21     1.011      0    0  2.4852e-17  1.6418e-17  1.2972e-18     228.11     383.56    11506.66 1.2273e+23    4.18   sub
2192   9  12   2  9.60e+22   6.857     0.0077   0.0038   1.4538     1.376  1.002e+21     1.010      0    0  1.1958e-17  8.6885e-18  1.0365e-18     330.19     480.04    14401.26 1.1261e+23    5.81   sub
2193   9  12   3  9.60e+22   6.898     0.0077   0.0049   1.2620     1.279  9.898e+20     1.010      0    0  5.6937e-18  4.4510e-18  8.2148e-19     479.93     605.67    18170.18 1.0622e+23    8.19   sub
2194   9  12   4  9.60e+22   6.924     0.0077   0.0063   1.1057     1.212  9.721e+20     1.010      0    0  2.7822e-18  2.2957e-18  6.5416e-19     687.89     760.59    22817.76 1.0239e+23   11.48   sub
2195   9  12   5  9.60e+22   6.943     0.0077   0.0080   0.9689     1.161  9.443e+20     1.010      0    0  1.3366e-18  1.1510e-18  5.1677e-19     993.75     962.79    28883.85 9.9939e+22   16.27   sub
2196   9  12   6  9.60e+22   6.954     0.0077   0.0102   0.8502     1.123  9.008e+20     1.009      0    0  6.3842e-19  5.6833e-19  4.0667e-19    1439.10    1223.47    36704.14 9.8417e+22   23.21   sub
2197   9  12   7  9.60e+22   6.962     0.0077   0.0131   0.7459     1.094  8.348e+20     1.009      0    1  3.0155e-19  2.7553e-19  3.1837e-19    2095.08    1562.79    46883.69 9.7471e+22   33.39   sub
2198   9  12   8  9.60e+22   6.966     0.0077   0.0168   0.6581     1.073  7.443e+20     1.008      0    1  1.4594e-19  1.3598e-19  2.5095e-19    3012.58    1982.67    59480.18 9.6909e+22   47.58   sub
2199   9  13   1  9.60e+22   6.749     0.0114   0.0030   2.1444     1.876  1.495e+21     1.016      0    0  3.6365e-17  1.9384e-17  1.2352e-18     187.85     402.81    12084.35 1.3427e+23    2.56   sub
2200   9  13   2  9.60e+22   6.816     0.0114   0.0038   1.8345     1.621  1.485e+21     1.015      0    0  1.7607e-17  1.0863e-17  9.9971e-19     271.29     497.69    14930.76 1.2002e+23    3.47   sub
2201   9  13   3  9.60e+22   6.867     0.0114   0.0049   1.5817     1.450  1.467e+21     1.015      0    0  8.4813e-18  5.8474e-18  8.0173e-19     392.35     620.59    18617.72 1.1097e+23    4.79   sub
2202   9  13   4  9.60e+22   6.904     0.0114   0.0063   1.3714     1.333  1.440e+21     1.015      0    0  4.0624e-18  3.0486e-18  6.3823e-19     568.44     779.57    23387.21 1.0526e+23    6.68   sub
2203   9  13   5  9.60e+22   6.929     0.0114   0.0080   1.1970     1.250  1.398e+21     1.015      0    0  1.9632e-18  1.5706e-18  5.0739e-19     819.18     980.60    29418.01 1.0175e+23    9.36   sub
2204   9  13   6  9.60e+22   6.946     0.0114   0.0102   1.0475     1.189  1.334e+21     1.014      0    0  9.4269e-19  7.9255e-19  4.0134e-19    1183.56    1239.72    37191.75 9.9549e+22   13.22   sub
2205   9  13   7  9.60e+22   6.956     0.0114   0.0131   0.9165     1.144  1.235e+21     1.013      0    0  4.4555e-19  3.8951e-19  3.1509e-19    1722.90    1579.04    47371.09 9.8164e+22   18.90   sub
2206   9  13   8  9.60e+22   6.963     0.0114   0.0168   0.8090     1.111  1.104e+21     1.011      0    1  2.1876e-19  1.9683e-19  2.5002e-19    2459.93    1989.99    59699.74 9.7352e+22   26.63   sub
2207   9  13   9  9.60e+22   6.967     0.0114   0.0214   0.7138     1.086  9.311e+20     1.010      0    1  1.0630e-19  9.7848e-20  1.9747e-19    3530.03    2519.63    75588.91 9.6838e+22   37.80   sub
2208   9  13  10  9.60e+22   6.970     0.0114   0.0274   0.6229     1.066  7.103e+20     1.007      0    1  4.8122e-20  4.5163e-20  1.5221e-19    5247.51    3268.74    98062.34 9.6495e+22   55.68   sub
2209   9  14   1  9.60e+22   6.697     0.0169   0.0030   2.7770     2.581  2.216e+21     1.023      0    0  5.0899e-17  1.9721e-17  1.1328e-18     158.16     439.22    13176.53 1.4858e+23    1.69   sub
2210   9  14   2  9.60e+22   6.768     0.0169   0.0038   2.3458     2.072  2.199e+21     1.023      0    0  2.5201e-17  1.2161e-17  9.3862e-19     225.97     530.08    15902.43 1.2977e+23    2.19   sub
2211   9  14   3  9.60e+22   6.830     0.0169   0.0049   2.0006     1.751  2.173e+21     1.023      0    0  1.2298e-17  7.0240e-18  7.6535e-19     324.94     650.09    19502.70 1.1737e+23    2.92   sub
2212   9  14   4  9.60e+22   6.876     0.0169   0.0063   1.7253     1.543  2.133e+21     1.022      0    0  6.0351e-18  3.9109e-18  6.1960e-19     465.43     803.01    24090.37 1.0950e+23    3.95   sub
2213   9  14   5  9.60e+22   6.910     0.0169   0.0080   1.4910     1.397  2.069e+21     1.022      0    0  2.8834e-18  2.0639e-18  4.9434e-19     675.03    1006.49    30194.69 1.0436e+23    5.48   sub
2214   9  14   6  9.60e+22   6.934     0.0169   0.0102   1.2954     1.295  1.970e+21     1.021      0    0  1.3742e-18  1.0612e-18  3.9215e-19     979.42    1268.76    38062.85 1.0115e+23    7.68   sub
2215   9  14   7  9.60e+22   6.948     0.0169   0.0131   1.1322     1.223  1.826e+21     1.019      0    0  6.6101e-19  5.4067e-19  3.1086e-19    1413.70    1600.55    48016.36 9.9184e+22   10.79   sub
2216   9  14   8  9.60e+22   6.958     0.0169   0.0168   0.9935     1.170  1.626e+21     1.017      0    0  3.1976e-19  2.7334e-19  2.4621e-19    2033.95    2020.81    60624.25 9.7973e+22   15.21   sub
2217   9  14   9  9.60e+22   6.964     0.0169   0.0214   0.8701     1.129  1.358e+21     1.014      0    1  1.5089e-19  1.3362e-19  1.9305e-19    2962.17    2577.25    77317.50 9.7201e+22   21.79   sub
2218   9  14  10  9.60e+22   6.968     0.0169   0.0274   0.7638     1.099  1.049e+21     1.011      0    1  7.1462e-20  6.5019e-20  1.5130e-19    4305.53    3288.40    98652.12 9.6733e+22   31.26   sub
2219   9  14  11  9.60e+22   6.970     0.0169   0.0350   0.6784     1.078  7.682e+20     1.008      0    1  3.5976e-20  3.3377e-20  1.2084e-19    6069.09    4117.45   123523.49 9.6465e+22   43.65   sub
2220   9  15   1  9.60e+22   6.649     0.0251   0.0030   3.7010     4.149  3.276e+21     1.034      0    0  6.8501e-17  1.6511e-17  9.8959e-19     135.85     502.78    15083.35 1.6531e+23    1.23   sub
2221   9  15   2  9.60e+22   6.720     0.0251   0.0038   3.0664     2.997  3.250e+21     1.034      0    0  3.4948e-17  1.1660e-17  8.4862e-19     191.20     586.30    17588.94 1.4189e+23    1.49   sub
2222   9  15   3  9.60e+22   6.787     0.0251   0.0049   2.5751     2.327  3.211e+21     1.033      0    0  1.7446e-17  7.4973e-18  7.1044e-19     271.96     700.33    21009.94 1.2573e+23    1.89   sub
2223   9  15   4  9.60e+22   6.842     0.0251   0.0063   2.1963     1.924  3.152e+21     1.033      0    0  8.7373e-18  4.5406e-18  5.8711e-19     385.86     847.45    25423.64 1.1518e+23    2.45   sub
2224   9  15   5  9.60e+22   6.886     0.0251   0.0080   1.8784     1.654  3.055e+21     1.032      0    0  4.2088e-18  2.5452e-18  4.7491e-19     557.72    1047.65    31429.60 1.0801e+23    3.31   sub
2225   9  15   6  9.60e+22   6.916     0.0251   0.0102   1.6237     1.476  2.910e+21     1.030      0    0  2.0456e-18  1.3855e-18  3.8219e-19     801.76    1301.82    39054.66 1.0353e+23    4.51   sub
2226   9  15   7  9.60e+22   6.937     0.0251   0.0131   1.4047     1.350  2.689e+21     1.028      0    0  9.6586e-19  7.1554e-19  3.0311e-19    1168.60    1641.49    49244.65 1.0062e+23    6.31   sub
2227   9  15   8  9.60e+22   6.951     0.0251   0.0168   1.2294     1.264  2.396e+21     1.025      0    0  4.7299e-19  3.7410e-19  2.4211e-19    1671.50    2055.03    61650.92 9.8893e+22    8.75   sub
2228   9  15   9  9.60e+22   6.959     0.0251   0.0214   1.0776     1.201  2.014e+21     1.021      0    1  2.2911e-19  1.9079e-19  1.9214e-19    2403.11    2589.55    77686.49 9.7796e+22   12.27   sub
2229   9  15  10  9.60e+22   6.965     0.0251   0.0274   0.9443     1.153  1.565e+21     1.016      0    1  1.0923e-19  9.4742e-20  1.5134e-19    3481.70    3287.63    98628.94 9.7102e+22   17.44   sub
2230   9  15  11  9.60e+22   6.968     0.0251   0.0350   0.8312     1.118  1.127e+21     1.012      0    1  5.2821e-20  4.7256e-20  1.1953e-19    5008.10    4162.51   124875.18 9.6682e+22   24.71   sub
2231   9  15  12  9.60e+22   6.970     0.0251   0.0448   0.7313     1.091  7.537e+20     1.008      0    1  2.5260e-20  2.3160e-20  9.3936e-20    7243.08    5296.64   158899.25 9.6418e+22   35.31   sub
2232   9  15  13  9.60e+22   6.972     0.0251   0.0572   0.6396     1.069  4.710e+20     1.005      0    1  1.1588e-20  1.0839e-20  7.2739e-20   10695.13    6840.19   205205.63 9.6249e+22   51.63   sub
2233   9  16   1  9.60e+22   6.615     0.0373   0.0030   5.1023     8.082  4.827e+21     1.050      1    0  8.5144e-17  1.0535e-17  8.0235e-19     121.54     620.11    18603.25 1.8122e+23    1.03   sub
2234   9  16   2  9.60e+22   6.676     0.0373   0.0038   4.1441     5.171  4.790e+21     1.050      0    0  4.6281e-17  8.9505e-18  7.2499e-19     165.60     686.28    20588.45 1.5545e+23    1.13   sub
2235   9  16   3  9.60e+22   6.742     0.0373   0.0049   3.4093     3.576  4.732e+21     1.049      0    0  2.4076e-17  6.7319e-18  6.3248e-19     230.74     786.66    23599.81 1.3602e+23    1.33   sub
2236   9  16   4  9.60e+22   6.804     0.0373   0.0063   2.8424     2.670  4.637e+21     1.048      0    0  1.2126e-17  4.5424e-18  5.3591e-19     326.63     928.42    27852.50 1.2219e+23    1.64   sub
2237   9  16   5  9.60e+22   6.855     0.0373   0.0080   2.4100     2.140  4.496e+21     1.047      0    0  6.0963e-18  2.8486e-18  4.4650e-19     462.37    1114.33    33429.76 1.1299e+23    2.09   sub
2238   9  16   6  9.60e+22   6.894     0.0373   0.0102   2.0531     1.795  4.275e+21     1.045      0    0  2.9539e-18  1.6454e-18  3.6378e-19     666.15    1367.70    41031.02 1.0671e+23    2.78   sub
2239   9  16   7  9.60e+22   6.922     0.0373   0.0131   1.7717     1.575  3.962e+21     1.041      0    0  1.4509e-18  9.2099e-19  2.9487e-19     952.38    1687.33    50619.92 1.0277e+23    3.73   sub
2240   9  16   8  9.60e+22   6.941     0.0373   0.0168   1.5292     1.419  3.507e+21     1.037      0    0  6.8785e-19  4.8472e-19  2.3490e-19    1385.09    2118.12    63543.51 1.0017e+23    5.17   sub
2241   9  16   9  9.60e+22   6.953     0.0373   0.0214   1.3337     1.314  2.943e+21     1.031      0    0  3.3439e-19  2.5457e-19  1.8763e-19    1988.27    2651.72    79551.74 9.8606e+22    7.15   sub
2242   9  16  10  9.60e+22   6.961     0.0373   0.0274   1.1632     1.235  2.280e+21     1.024      0    1  1.5913e-19  1.2880e-19  1.4832e-19    2883.83    3354.49   100634.79 9.7601e+22   10.07   sub
2243   9  16  11  9.60e+22   6.966     0.0373   0.0350   1.0178     1.179  1.628e+21     1.017      0    1  7.5767e-20  6.4290e-20  1.1693e-19    4180.83    4255.08   127652.44 9.6982e+22   14.27   sub
2244   9  16  12  9.60e+22   6.969     0.0373   0.0448   0.8902     1.136  1.076e+21     1.011      0    1  3.5525e-20  3.1286e-20  9.1524e-20    6107.02    5436.25   163087.37 9.6596e+22   20.47   sub
2245   9  16  13  9.60e+22   6.971     0.0373   0.0572   0.7884     1.106  7.081e+20     1.007      0    1  1.7720e-20  1.6025e-20  7.2973e-20    8648.23    6818.20   204545.97 9.6376e+22   28.61   sub
2246   9  16  14  9.60e+22   6.972     0.0373   0.0732   0.6978     1.082  4.543e+20     1.005      0    1  8.7449e-21  8.0787e-21  5.7915e-20   12311.51    8590.89   257726.79 9.6235e+22   40.30   sub
2247   9  16  15  9.60e+22   6.972     0.0373   0.0936   0.6124     1.063  2.781e+20     1.003      0    1  4.0817e-21  3.8388e-21  4.5085e-20   18021.53   11035.65   331069.40 9.6142e+22   58.47   sub
2248   9  17   1  9.60e+22   6.592     0.0553   0.0030   7.4769    20.211  7.058e+21     1.074      1    0  1.0002e-16  4.9486e-18  5.9448e-19     111.94     836.94    25108.27 1.9499e+23    1.01 super
2249   9  17   2  9.60e+22   6.645     0.0553   0.0038   5.8117    10.928  7.004e+21     1.073      1    0  5.5897e-17  5.1152e-18  5.6946e-19     150.34     873.71    26211.21 1.6725e+23    1.00   sub
2250   9  17   3  9.60e+22   6.704     0.0553   0.0049   4.6640     6.625  6.918e+21     1.072      1    0  3.0904e-17  4.6650e-18  5.2529e-19     203.08     947.19    28415.57 1.4648e+23    1.07   sub
2251   9  17   4  9.60e+22   6.766     0.0553   0.0063   3.7933     4.346  6.777e+21     1.071      1    0  1.6224e-17  3.7329e-18  4.6581e-19     281.58    1068.13    32043.92 1.3035e+23    1.21   sub
2252   9  17   5  9.60e+22   6.821     0.0553   0.0080   3.1548     3.137  6.565e+21     1.068      1    0  8.4258e-18  2.6857e-18  4.0200e-19     392.32    1237.67    37130.20 1.1901e+23    1.44   sub
2253   9  17   6  9.60e+22   6.867     0.0553   0.0102   2.6530     2.422  6.243e+21     1.065      1    0  4.2365e-18  1.7495e-18  3.3782e-19     555.14    1472.79    44183.84 1.1099e+23    1.80   sub
2254   9  17   7  9.60e+22   6.902     0.0553   0.0131   2.2549     1.981  5.772e+21     1.060      1    0  2.0893e-18  1.0549e-18  2.7841e-19     792.52    1787.07    53612.12 1.0558e+23    2.34   sub
2255   9  17   8  9.60e+22   6.927     0.0553   0.0168   1.9259     1.690  5.100e+21     1.053      1    0  9.9870e-19  5.9080e-19  2.2497e-19    1148.39    2211.64    66349.34 1.0197e+23    3.15   sub
2256   9  17   9  9.60e+22   6.944     0.0553   0.0214   1.6675     1.505  4.279e+21     1.045      0    0  4.8938e-19  3.2525e-19  1.8166e-19    1642.47    2738.89    82166.85 9.9766e+22    4.25   sub
2257   9  17  10  9.60e+22   6.955     0.0553   0.0274   1.4485     1.373  3.329e+21     1.035      0    0  2.3625e-19  1.7202e-19  1.4519e-19    2365.78    3426.87   102806.10 9.8344e+22    5.86   sub
2258   9  17  11  9.60e+22   6.962     0.0553   0.0350   1.2612     1.279  2.383e+21     1.025      0    1  1.1263e-19  8.8075e-20  1.1508e-19    3428.13    4323.52   129705.71 9.7444e+22    8.21   sub
2259   9  17  12  9.60e+22   6.966     0.0553   0.0448   1.1067     1.212  1.617e+21     1.017      0    1  5.4987e-20  4.5357e-20  9.1600e-20    4907.83    5431.73   162951.95 9.6901e+22   11.45   sub
2260   9  17  13  9.60e+22   6.969     0.0553   0.0572   0.9709     1.162  1.045e+21     1.011      0    1  2.6421e-20  2.2738e-20  7.2362e-20    7081.66    6875.79   206273.74 9.6556e+22   16.18   sub
2261   9  17  14  9.60e+22   6.971     0.0553   0.0732   0.8524     1.124  6.576e+20     1.007      0    1  1.2601e-20  1.1211e-20  5.6917e-20   10255.57    8741.66   262249.73 9.6341e+22   23.05   sub
2262   9  17  15  9.60e+22   6.972     0.0553   0.0936   0.7480     1.095  4.057e+20     1.004      0    1  5.9401e-21  5.4249e-21  4.4530e-20   14938.21   11173.18   335195.43 9.6207e+22   33.14   sub
2263   9  17  16  9.60e+22   6.973     0.0553   0.1196   0.6609     1.074  2.541e+20     1.003      0    1  2.8965e-21  2.6973e-21  3.5187e-20   21393.39   14139.89   424196.77 9.6129e+22   47.01   sub
2264   9  18   1  9.60e+22   6.579     0.0821   0.0030  11.7358    62.558  1.011e+22     1.105      1    0  1.0985e-16  1.7560e-18  3.9731e-19     106.71    1252.28    37568.52 2.0420e+23    1.14 super
2265   9  18   2  9.60e+22   6.624     0.0821   0.0038   8.7106    29.644  1.006e+22     1.105      1    0  6.3738e-17  2.1501e-18  4.0636e-19     140.56    1224.39    36731.80 1.7667e+23    1.04 super
2266   9  18   3  9.60e+22   6.677     0.0821   0.0049   6.6679    15.225  9.949e+21     1.104      1    0  3.6282e-17  2.3831e-18  3.9891e-19     187.06    1247.26    37417.82 1.5500e+23    1.00 super
2267   9  18   4  9.60e+22   6.733     0.0821   0.0063   5.2657     8.683  9.754e+21     1.102      1    0  2.0239e-17  2.3310e-18  3.7570e-19     251.50    1324.32    39729.74 1.3824e+23    1.02   sub
2268   9  18   5  9.60e+22   6.790     0.0821   0.0080   4.2373     5.410  9.434e+21     1.098      1    0  1.0795e-17  1.9952e-18  3.3955e-19     345.81    1465.32    43959.49 1.2517e+23    1.12   sub
2269   9  18   6  9.60e+22   6.838     0.0821   0.0102   3.5088     3.763  8.976e+21     1.094      1    0  5.7581e-18  1.5301e-18  2.9843e-19     475.16    1667.22    50016.59 1.1595e+23    1.29   sub
2270   9  18   7  9.60e+22   6.878     0.0821   0.0131   2.9337     2.798  8.297e+21     1.086      1    0  2.9394e-18  1.0504e-18  2.5426e-19     667.02    1956.84    58705.12 1.0917e+23    1.57   sub
2271   9  18   8  9.60e+22   6.909     0.0821   0.0168   2.4797     2.217  7.355e+21     1.077      1    0  1.4613e-18  6.5917e-19  2.1161e-19     948.16    2351.19    70535.70 1.0450e+23    2.00   sub
2272   9  18   9  9.60e+22   6.932     0.0821   0.0214   2.1190     1.853  6.167e+21     1.064      1    0  7.1905e-19  3.8803e-19  1.7344e-19    1353.81    2868.66    86059.79 1.0141e+23    2.62   sub
2273   9  18  10  9.60e+22   6.947     0.0821   0.0274   1.8226     1.612  4.806e+21     1.050      1    0  3.4844e-19  2.1616e-19  1.4022e-19    1946.90    3548.43   106452.98 9.9396e+22    3.52   sub
2274   9  18  11  9.60e+22   6.957     0.0821   0.0350   1.5769     1.448  3.464e+21     1.036      0    0  1.6758e-19  1.1577e-19  1.1231e-19    2809.34    4430.14   132904.17 9.8113e+22    4.82   sub
2275   9  18  12  9.60e+22   6.963     0.0821   0.0448   1.3710     1.332  2.339e+21     1.024      0    1  8.0331e-20  6.0292e-20  8.9394e-20    4059.56    5565.76   166972.89 9.7308e+22    6.69   sub
2276   9  18  13  9.60e+22   6.967     0.0821   0.0572   1.1987     1.251  1.523e+21     1.016      0    1  3.8824e-20  3.1042e-20  7.1060e-20    5841.07    7001.78   210053.38 9.6812e+22    9.33   sub
2277   9  18  14  9.60e+22   6.970     0.0821   0.0732   1.0502     1.190  9.659e+20     1.010      0    1  1.8661e-20  1.5676e-20  5.6222e-20    8426.57    8849.61   265488.36 9.6501e+22   13.13   sub
2278   9  18  15  9.60e+22   6.971     0.0821   0.0936   0.9197     1.145  5.989e+20     1.006      0    1  8.8320e-21  7.7142e-21  4.4161e-20   12250.16   11266.73   338002.00 9.6306e+22   18.72   sub
2279   9  18  16  9.60e+22   6.972     0.0821   0.1196   0.8119     1.112  3.770e+20     1.004      0    1  4.3289e-21  3.8921e-21  3.5022e-20   17498.89   14206.70   426200.97 9.6191e+22   26.37   sub
2280   9  18  17  9.60e+22   6.973     0.0821   0.1529   0.7162     1.087  2.346e+20     1.002      0    1  2.0987e-21  1.9309e-21  2.7641e-20   25132.73   18000.57   540017.07 9.6118e+22   37.44   sub
2281   9  18  18  9.60e+22   6.973     0.0821   0.1955   0.6246     1.066  1.387e+20     1.001      0    1  9.4549e-22  8.8706e-22  2.1272e-20   37445.74   23389.36   701680.86 9.6070e+22   55.24   sub
2282   9  19   1  9.60e+22   6.569     0.1218   0.0030  20.1248   225.418  1.373e+22     1.143      1    0  1.2146e-16  5.3883e-19  2.4381e-19     101.40    2040.71    61221.39 2.1249e+23    1.38  deep
2283   9  19   2  9.60e+22   6.613     0.1218   0.0038  13.9093    94.872  1.384e+22     1.144      1    0  6.7958e-17  7.1631e-19  2.6298e-19     136.02    1891.95    56758.40 1.8216e+23    1.21  deep
2284   9  19   3  9.60e+22   6.657     0.1218   0.0049  10.3739    45.999  1.380e+22     1.144      1    0  4.1295e-17  8.9773e-19  2.7395e-19     175.08    1816.22    54486.55 1.6214e+23    1.09 super
2285   9  19   4  9.60e+22   6.709     0.1218   0.0063   7.7788    22.312  1.359e+22     1.142      1    0  2.3720e-17  1.0631e-18  2.7582e-19     231.90    1803.90    54117.06 1.4488e+23    1.01 super
2286   9  19   5  9.60e+22   6.763     0.1218   0.0080   5.9901    11.743  1.317e+22     1.137      1    0  1.3138e-17  1.1188e-18  2.6551e-19     312.83    1873.90    56216.98 1.3106e+23    1.00   sub
2287   9  19   6  9.60e+22   6.812     0.1218   0.0102   4.7671     6.948  1.250e+22     1.130      1    0  7.1418e-18  1.0279e-18  2.4508e-19     425.86    2030.12    60903.54 1.2061e+23    1.06   sub
2288   9  19   7  9.60e+22   6.855     0.1218   0.0131   3.9008     4.586  1.156e+22     1.120      1    0  3.8310e-18  8.3535e-19  2.1868e-19     583.26    2275.20    68256.06 1.1297e+23    1.18   sub
2289   9  19   8  9.60e+22   6.889     0.1218   0.0168   3.2535     3.301  1.029e+22     1.107      1    0  2.0163e-18  6.1078e-19  1.8974e-19     805.99    2622.31    78669.33 1.0747e+23    1.39   sub
2290   9  19   9  9.60e+22   6.917     0.1218   0.0214   2.7349     2.526  8.647e+21     1.090      1    0  1.0155e-18  4.0208e-19  1.5987e-19    1137.95    3112.23    93366.80 1.0349e+23    1.73   sub
2291   9  19  10  9.60e+22   6.936     0.1218   0.0274   2.3181     2.044  6.749e+21     1.070      1    0  4.9623e-19  2.4280e-19  1.3166e-19    1630.22    3779.01   113370.25 1.0076e+23    2.23   sub
2292   9  19  11  9.60e+22   6.950     0.1218   0.0350   1.9889     1.741  4.919e+21     1.051      1    0  2.4313e-19  1.3964e-19  1.0731e-19    2331.22    4636.49   139094.81 9.9018e+22    2.95   sub
2293   9  19  12  9.60e+22   6.958     0.1218   0.0448   1.7212     1.540  3.385e+21     1.035      0    1  1.1930e-19  7.7448e-20  8.6805e-20    3330.06    5731.78   171953.54 9.7906e+22    3.97   sub
2294   9  19  13  9.60e+22   6.964     0.1218   0.0572   1.4912     1.397  2.204e+21     1.023      0    1  5.7009e-20  4.0803e-20  6.9234e-20    4819.26    7186.48   215594.49 9.7180e+22    5.48   sub
2295   9  19  14  9.60e+22   6.968     0.1218   0.0732   1.2978     1.296  1.398e+21     1.015      0    1  2.7196e-20  2.0983e-20  5.4930e-20    6979.31    9057.81   271734.35 9.6727e+22    7.65   sub
2296   9  19  15  9.60e+22   6.970     0.1218   0.0936   1.1347     1.224  8.774e+20     1.009      0    1  1.3043e-20  1.0659e-20  4.3501e-20   10079.69   11437.61   343128.39 9.6449e+22   10.73   sub
2297   9  19  16  9.60e+22   6.971     0.1218   0.1196   0.9964     1.171  5.490e+20     1.006      0    1  6.3115e-21  5.3905e-21  3.4458e-20   14491.48   14439.36   433180.65 9.6278e+22   15.10   sub
2298   9  19  17  9.60e+22   6.972     0.1218   0.1529   0.8726     1.130  3.358e+20     1.003      0    1  2.9732e-21  2.6309e-21  2.7003e-20   21115.09   18425.23   552756.93 9.6169e+22   21.61   sub
2299   9  19  18  9.60e+22   6.973     0.1218   0.1955   0.7673     1.100  2.065e+20     1.002      0    1  1.4197e-21  1.2906e-21  2.1221e-20   30557.99   23445.86   703375.79 9.6104e+22   30.86   sub
2300   9  19  19  9.60e+22   6.973     0.1218   0.2500   0.6813     1.079  1.310e+20     1.001      0    1  7.1269e-22  6.6079e-22  1.6933e-20   43130.16   29383.31   881499.34 9.6066e+22   43.13   sub
2301   9  20   1  9.60e+22   6.567     0.1808   0.0030  33.1301   657.769  1.687e+22     1.176      1    0  1.2224e-16  1.8585e-19  1.4860e-19     101.06    3348.23   100446.85 2.1418e+23    1.58  deep
2302   9  20   2  9.60e+22   6.604     0.1808   0.0038  23.8814   329.619  1.732e+22     1.180      1    0  7.3523e-17  2.2305e-19  1.5943e-19     130.68    3120.82    93624.69 1.8730e+23    1.46  deep
2303   9  20   3  9.60e+22   6.643     0.1808   0.0049  17.5884   165.564  1.760e+22     1.183      1    0  4.5999e-17  2.7783e-19  1.7071e-19     165.71    2914.54    87436.27 1.6777e+23    1.32  deep
2304   9  20   4  9.60e+22   6.696     0.1808   0.0063  12.2208    69.144  1.763e+22     1.184      1    0  2.5651e-17  3.7098e-19  1.8275e-19     222.78    2722.51    81675.29 1.4888e+23    1.15  deep
2305   9  20   5  9.60e+22   6.743     0.1808   0.0080   9.1162    33.243  1.730e+22     1.180      1    0  1.5190e-17  4.5693e-19  1.8787e-19     290.51    2648.31    79449.23 1.3591e+23    1.05 super
2306   9  20   6  9.60e+22   6.789     0.1808   0.0102   6.9691    16.974  1.658e+22     1.173      1    0  8.7230e-18  5.1391e-19  1.8560e-19     384.66    2680.77    80423.16 1.2537e+23    1.00 super
2307   9  20   7  9.60e+22   6.833     0.1808   0.0131   5.4493     9.397  1.538e+22     1.160      1    0  4.7927e-18  5.1005e-19  1.7538e-19     520.62    2837.03    85110.84 1.1687e+23    1.01   sub
2308   9  20   8  9.60e+22   6.870     0.1808   0.0168   4.3919     5.828  1.371e+22     1.143      1    0  2.5855e-18  4.4363e-19  1.5939e-19     710.76    3121.62    93648.55 1.1052e+23    1.10   sub
2309   9  20   9  9.60e+22   6.900     0.1808   0.0214   3.6089     3.960  1.159e+22     1.121      1    0  1.3513e-18  3.4123e-19  1.3991e-19     985.35    3556.06   106681.92 1.0582e+23    1.26   sub
2310   9  20  10  9.60e+22   6.923     0.1808   0.0274   3.0249     2.934  9.236e+21     1.096      1    0  6.9905e-19  2.3829e-19  1.1987e-19    1372.22    4150.86   124525.88 1.0254e+23    1.51   sub
2311   9  20  11  9.60e+22   6.940     0.1808   0.0350   2.5520     2.300  6.812e+21     1.071      1    0  3.4637e-19  1.5061e-19  9.9887e-20    1951.86    4981.10   149433.00 1.0021e+23    1.91   sub
2312   9  20  12  9.60e+22   6.952     0.1808   0.0448   2.1852     1.914  4.774e+21     1.050      0    0  1.7284e-19  9.0311e-20  8.2335e-20    2765.34    6042.95   181288.49 9.8711e+22    2.47   sub
2313   9  20  13  9.60e+22   6.960     0.1808   0.0572   1.8756     1.652  3.153e+21     1.033      0    1  8.3289e-20  5.0432e-20  6.6552e-20    3985.93    7476.07   224282.13 9.7696e+22    3.32   sub
2314   9  20  14  9.60e+22   6.965     0.1808   0.0732   1.6245     1.477  2.037e+21     1.021      0    1  4.0442e-20  2.7381e-20  5.3522e-20    5722.24    9296.01   278880.29 9.7063e+22    4.51   sub
2315   9  20  15  9.60e+22   6.968     0.1808   0.0936   1.4078     1.351  1.273e+21     1.013      0    1  1.9125e-20  1.4151e-20  4.2462e-20    8323.14   11717.49   351524.57 9.6652e+22    6.27   sub
2316   9  20  16  9.60e+22   6.970     0.1808   0.1196   1.2327     1.266  8.046e+20     1.008      0    1  9.3445e-21  7.3823e-21  3.3892e-20   11908.80   14680.23   440406.86 9.6408e+22    8.69   sub
2317   9  20  17  9.60e+22   6.972     0.1808   0.1529   1.0812     1.202  5.028e+20     1.005      0    1  4.5302e-21  3.7680e-21  2.6904e-20   17105.13   18493.45   554803.45 9.6254e+22   12.17   sub
2318   9  20  18  9.60e+22   6.972     0.1808   0.1955   0.9479     1.154  3.098e+20     1.003      0    1  2.1622e-21  1.8734e-21  2.1199e-20   24760.78   23469.93   704097.80 9.6156e+22   17.26   sub
2319   9  20  19  9.60e+22   6.973     0.1808   0.2500   0.8342     1.119  1.918e+20     1.002      0    1  1.0435e-21  9.3281e-22  1.6734e-20   35643.70   29733.47   892003.96 9.6096e+22   24.46   sub
2320   9  21   1  9.60e+22   6.568     0.2683   0.0030  51.8868  1592.672  1.872e+22     1.195      1    1  1.1887e-16  7.4635e-20  9.3555e-20     102.50    5318.20   159545.87 2.1326e+23    1.68  deep
2321   9  21   2  9.60e+22   6.592     0.2683   0.0038  42.4377  1079.575  1.920e+22     1.200      1    1  8.4771e-17  7.8522e-20  9.6425e-20     121.59    5159.94   154798.30 1.9497e+23    1.65  deep
2322   9  21   3  9.60e+22   6.641     0.2683   0.0049  28.9740   498.362  1.999e+22     1.208      1    1  4.6205e-17  9.2714e-20  1.0388e-19     165.31    4789.55   143686.60 1.6889e+23    1.54  deep
2323   9  21   4  9.60e+22   6.685     0.2683   0.0063  20.8447   243.980  2.043e+22     1.213      1    0  2.7911e-17  1.1440e-19  1.1185e-19     213.39    4448.14   133444.10 1.5239e+23    1.40  deep
2324   9  21   5  9.60e+22   6.735     0.2683   0.0080  14.4272   103.625  2.047e+22     1.213      1    0  1.5736e-17  1.5185e-19  1.2090e-19     285.26    4115.48   123464.39 1.3792e+23    1.23  deep
2325   9  21   6  9.60e+22   6.777     0.2683   0.0102  10.5931    48.472  1.994e+22     1.208      1    0  9.3398e-18  1.9269e-19  1.2645e-19     371.44    3934.67   118040.01 1.2779e+23    1.10 super
2326   9  21   7  9.60e+22   6.818     0.2683   0.0131   7.9654    23.678  1.878e+22     1.196      1    0  5.4011e-18  2.2811e-19  1.2750e-19     489.89    3902.22   117066.48 1.1958e+23    1.02 super
2327   9  21   8  9.60e+22   6.854     0.2683   0.0168   6.1914    12.713  1.699e+22     1.177      1    0  3.0659e-18  2.4116e-19  1.2326e-19     651.95    4036.44   121093.34 1.1315e+23    1.00   sub
2328   9  21   9  9.60e+22   6.885     0.2683   0.0214   4.9545     7.566  1.464e+22     1.153      1    0  1.7029e-18  2.2507e-19  1.1454e-19     876.74    4343.79   130313.78 1.0820e+23    1.04   sub
2329   9  21  10  9.60e+22   6.910     0.2683   0.0274   4.0577     4.956  1.194e+22     1.124      1    0  9.2405e-19  1.8644e-19  1.0284e-19    1192.33    4838.11   145143.32 1.0449e+23    1.15   sub
2330   9  21  11  9.60e+22   6.930     0.2683   0.0350   3.3536     3.476  9.046e+21     1.094      1    0  4.7461e-19  1.3655e-19  8.9045e-20    1666.15    5587.57   167627.04 1.0166e+23    1.35   sub
2331   9  21  12  9.60e+22   6.944     0.2683   0.0448   2.8174     2.635  6.467e+21     1.067      1    0  2.3994e-19  9.1047e-20  7.5282e-20    2345.78    6609.07   198272.23 9.9705e+22    1.66   sub
2332   9  21  13  9.60e+22   6.954     0.2683   0.0572   2.3997     2.129  4.429e+21     1.046      0    1  1.2056e-19  5.6627e-20  6.2607e-20    3311.70    7947.07   238412.07 9.8401e+22    2.11   sub
2333   9  21  14  9.60e+22   6.961     0.2683   0.0732   2.0506     1.793  2.886e+21     1.030      0    1  5.8370e-20  3.2552e-20  5.0952e-20    4761.86    9764.89   292946.84 9.7511e+22    2.78   sub
2334   9  21  15  9.60e+22   6.966     0.2683   0.0936   1.7732     1.576  1.862e+21     1.019      0    1  2.8678e-20  1.8192e-20  4.1288e-20    6795.70   12050.47   361514.03 9.6956e+22    3.73   sub
2335   9  21  16  9.60e+22   6.969     0.2683   0.1196   1.5323     1.421  1.159e+21     1.012      0    1  1.3582e-20  9.5589e-21  3.2876e-20    9876.99   15134.07   454022.24 9.6589e+22    5.14   sub
2336   9  21  17  9.60e+22   6.971     0.2683   0.1529   1.3377     1.316  7.291e+20     1.008      0    1  6.6125e-21  5.0264e-21  2.6272e-20   14157.01   18938.15   568144.54 9.6368e+22    7.10   sub
2337   9  21  18  9.60e+22   6.972     0.2683   0.1955   1.1677     1.237  4.502e+20     1.005      0    1  3.1532e-21  2.5483e-21  2.0782e-20   20502.89   23941.08   718232.31 9.6226e+22    9.97   sub
2338   9  21  19  9.60e+22   6.972     0.2683   0.2500   1.0222     1.180  2.771e+20     1.003      0    1  1.5036e-21  1.2741e-21  1.6392e-20   29692.52   30352.23   910566.99 9.6139e+22   14.10   sub
2339   9  22   3  9.60e+22   6.638     0.3981   0.0049  47.0405  1319.217  2.114e+22     1.220      1    1  4.6927e-17  3.5572e-20  6.4494e-20     164.00    7714.55   231436.60 1.6999e+23    1.67  deep
2340   9  22   4  9.60e+22   6.676     0.3981   0.0063  35.8169   770.584  2.171e+22     1.226      1    1  3.0105e-17  3.9068e-20  6.7650e-20     205.34    7354.68   220640.43 1.5521e+23    1.61  deep
2341   9  22   5  9.60e+22   6.724     0.3981   0.0080  25.1688   369.386  2.209e+22     1.230      1    1  1.7391e-17  4.7080e-20  7.2913e-20     271.12    6823.79   204713.76 1.4086e+23    1.48  deep
2342   9  22   6  9.60e+22   6.762     0.3981   0.0102  18.4538   184.997  2.197e+22     1.229      1    1  1.0805e-17  5.8407e-20  7.8161e-20     344.95    6365.62   190968.59 1.3115e+23    1.34  deep
2343   9  22   7  9.60e+22   6.805     0.3981   0.0131  12.8385    78.054  2.109e+22     1.220      1    1  6.0501e-18  7.7512e-20  8.3801e-20     462.45    5937.23   178116.97 1.2197e+23    1.17  deep
2344   9  22   8  9.60e+22   6.841     0.3981   0.0168   9.4096    36.003  1.946e+22     1.203      1    0  3.4826e-18  9.6731e-20  8.6521e-20     611.14    5750.60   172518.02 1.1531e+23    1.06 super
2345   9  22   9  9.60e+22   6.872     0.3981   0.0214   7.1820    18.287  1.717e+22     1.179      1    0  1.9989e-18  1.0931e-19  8.5690e-20     808.46    5806.36   174190.94 1.1021e+23    1.00 super
2346   9  22  10  9.60e+22   6.897     0.3981   0.0274   5.6625    10.277  1.439e+22     1.150      1    0  1.1272e-18  1.0968e-19  8.1465e-20    1078.59    6107.50   183224.97 1.0625e+23    1.01   sub
2347   9  22  11  9.60e+22   6.918     0.3981   0.0350   4.5788     6.366  1.140e+22     1.119      1    0  6.1994e-19  9.7376e-20  7.4599e-20    1456.63    6669.61   200088.21 1.0322e+23    1.07   sub
2348   9  22  12  9.60e+22   6.935     0.3981   0.0448   3.7520     4.257  8.450e+21     1.088      1    0  3.2469e-19  7.6276e-20  6.5805e-20    2015.20    7560.95   226828.40 1.0090e+23    1.22   sub
2349   9  22  13  9.60e+22   6.948     0.3981   0.0572   3.1284     3.095  5.948e+21     1.062      1    1  1.6638e-19  5.3761e-20  5.6444e-20    2817.72    8814.90   264446.90 9.9250e+22    1.46   sub
2350   9  22  14  9.60e+22   6.957     0.3981   0.0732   2.6435     2.410  4.019e+21     1.042      0    1  8.3744e-20  3.4751e-20  4.7359e-20    3974.14   10505.73   315171.85 9.8117e+22    1.81   sub
2351   9  22  15  9.60e+22   6.963     0.3981   0.0936   2.2539     1.980  2.627e+21     1.027      0    1  4.1320e-20  2.0873e-20  3.9001e-20    5660.15   12757.17   382715.05 9.7353e+22    2.34   sub
2352   9  22  16  9.60e+22   6.967     0.3981   0.1196   1.9289     1.693  1.659e+21     1.017      0    1  1.9761e-20  1.1674e-20  3.1507e-20    8187.09   15791.72   473751.50 9.6843e+22    3.14   sub
2353   9  22  17  9.60e+22   6.969     0.3981   0.1529   1.6722     1.508  1.054e+21     1.011      0    1  9.6904e-21  6.4273e-21  2.5444e-20   11693.47   19554.21   586626.25 9.6532e+22    4.23   sub
2354   9  22  18  9.60e+22   6.971     0.3981   0.1955   1.4533     1.376  6.584e+20     1.007      0    1  4.6745e-21  3.3971e-21  2.0331e-20   16838.32   24471.74   734152.32 9.6331e+22    5.82   sub
2355   9  22  19  9.60e+22   6.972     0.3981   0.2500   1.2651     1.281  4.056e+20     1.004      0    1  2.2215e-21  1.7346e-21  1.6100e-20   24427.33   30904.19   927125.83 9.6203e+22    8.14   sub
2356   9  23   4  9.60e+22   6.682     0.5908   0.0063  54.2055  1730.996  2.250e+22     1.234      1    1  2.7895e-17  1.6115e-20  4.3011e-20     213.41   11567.92   347037.62 1.5332e+23    1.69  deep
2357   9  23   5  9.60e+22   6.723     0.5908   0.0080  40.6576   992.281  2.289e+22     1.238      1    1  1.7246e-17  1.7380e-20  4.4951e-20     272.24   11068.66   332059.85 1.4105e+23    1.64  deep
2358   9  23   6  9.60e+22   6.759     0.5908   0.0102  30.7669   564.826  2.290e+22     1.239      1    1  1.1064e-17  1.9588e-20  4.7452e-20     340.80   10485.30   314559.00 1.3202e+23    1.56  deep
2359   9  23   7  9.60e+22   6.796     0.5908   0.0131  22.1130   278.325  2.235e+22     1.233      1    1  6.6422e-18  2.3865e-20  5.1013e-20     441.07    9753.35   292600.43 1.2378e+23    1.42  deep
2360   9  23   8  9.60e+22   6.832     0.5908   0.0168  15.5878   124.682  2.101e+22     1.219      1    1  3.8501e-18  3.0879e-20  5.4953e-20     580.85    9054.08   271622.36 1.1696e+23    1.26  deep
2361   9  23   9  9.60e+22   6.863     0.5908   0.0214  11.2436    56.243  1.892e+22     1.197      1    1  2.2296e-18  3.9641e-20  5.7846e-20     764.99    8601.23   258036.76 1.1170e+23    1.12 super
2362   9  23  10  9.60e+22   6.888     0.5908   0.0274   8.4284    27.287  1.630e+22     1.170      1    1  1.2934e-18  4.7398e-20  5.8665e-20    1006.25    8481.07   254432.22 1.0768e+23    1.03 super
2363   9  23  11  9.60e+22   6.909     0.5908   0.0350   6.5290    14.461  1.335e+22     1.139      1    1  7.3790e-19  5.1028e-20  5.7115e-20    1334.25    8711.27   261338.02 1.0453e+23    1.00 super
2364   9  23  12  9.60e+22   6.927     0.5908   0.0448   5.1683     8.321  1.030e+22     1.107      1    1  4.0374e-19  4.8520e-20  5.3301e-20    1806.12    9334.61   280038.35 1.0202e+23    1.03   sub
2365   9  23  13  9.60e+22   6.941     0.5908   0.0572   4.2006     5.315  7.560e+21     1.079      1    1  2.1645e-19  4.0724e-20  4.7970e-20    2469.15   10371.96   311158.87 1.0016e+23    1.13   sub
2366   9  23  14  9.60e+22   6.951     0.5908   0.0732   3.4890     3.725  5.338e+21     1.056      1    1  1.1440e-19  3.0709e-20  4.1957e-20    3398.81   11858.52   355755.63 9.8829e+22    1.30   sub
2367   9  23  15  9.60e+22   6.959     0.5908   0.0936   2.9258     2.787  3.599e+21     1.037      0    1  5.8119e-20  2.0854e-20  3.5642e-20    4771.15   13959.39   418781.61 9.7861e+22    1.58   sub
2368   9  23  16  9.60e+22   6.964     0.5908   0.1196   2.4799     2.217  2.353e+21     1.025      0    1  2.8891e-20  1.3032e-20  2.9637e-20    6769.61   16787.84   503635.20 9.7199e+22    2.00   sub
2369   9  23  17  9.60e+22   6.967     0.5908   0.1529   2.1228     1.856  1.511e+21     1.016      0    1  1.4219e-20  7.6590e-21  2.4283e-20    9652.19   20489.22   614676.52 9.6764e+22    2.61   sub
2370   9  23  18  9.60e+22   6.970     0.5908   0.1955   1.8276     1.616  9.524e+20     1.010      0    1  6.8873e-21  4.2630e-21  1.9627e-20   13870.87   25350.21   760506.26 9.6479e+22    3.50   sub
2371   9  23  19  9.60e+22   6.971     0.5908   0.2500   1.5825     1.451  5.945e+20     1.006      0    1  3.3159e-21  2.2854e-21  1.5726e-20   19992.63   31638.47   949154.09 9.6298e+22    4.78   sub
2372   9  24   6  9.60e+22   6.750     0.8767   0.0102  52.2973  1616.807  2.342e+22     1.244      1    1  1.2249e-17  7.5758e-21  2.9392e-20     323.68   16927.69   507830.71 1.3416e+23    1.69  deep
2373   9  24   7  9.60e+22   6.789     0.8767   0.0131  37.9839   866.951  2.303e+22     1.240      1    1  7.1964e-18  8.3009e-21  3.0928e-20     423.52   16087.13   482613.83 1.2522e+23    1.62  deep
2374   9  24   8  9.60e+22   6.830     0.8767   0.0168  25.5331   381.000  2.167e+22     1.226      1    1  3.8464e-18  1.0095e-20  3.3536e-20     581.05   14836.07   445082.15 1.1727e+23    1.49  deep
2375   9  24   9  9.60e+22   6.854     0.8767   0.0214  19.3630   206.524  2.016e+22     1.210      1    1  2.5055e-18  1.2132e-20  3.5629e-20     721.21   13964.78   418943.44 1.1307e+23    1.36  deep
2376   9  24  10  9.60e+22   6.882     0.8767   0.0274  13.4542    87.513  1.751e+22     1.182      1    1  1.3979e-18  1.5973e-20  3.8223e-20     967.50   13016.99   390509.56 1.0858e+23    1.20  deep
2377   9  24  11  9.60e+22   6.903     0.8767   0.0350   9.9726    41.665  1.477e+22     1.154      1    1  8.2500e-19  1.9801e-20  3.9557e-20    1261.25   12577.92   377337.70 1.0549e+23    1.08 super
2378   9  24  12  9.60e+22   6.920     0.8767   0.0448   7.5377    20.624  1.180e+22     1.123      1    1  4.6912e-19  2.2747e-20  3.9414e-20    1674.72   12623.48   378704.36 1.0295e+23    1.01 super
2379   9  24  13  9.60e+22   6.935     0.8767   0.0572   5.9017    11.334  9.034e+21     1.094      1    1  2.6323e-19  2.3225e-20  3.7670e-20    2238.01   13207.97   396239.00 1.0101e+23    1.00   sub
2380   9  24  14  9.60e+22   6.946     0.8767   0.0732   4.7341     6.843  6.595e+21     1.069      1    1  1.4314e-19  2.0917e-20  3.4601e-20    3037.42   14379.43   431382.98 9.9511e+22    1.06   sub
2381   9  24  15  9.60e+22   6.954     0.8767   0.0936   3.8782     4.535  4.622e+21     1.048      0    1  7.5708e-20  1.6696e-20  3.0699e-20    4179.07   16207.11   486213.45 9.8398e+22    1.19   sub
2382   9  24  16  9.60e+22   6.961     0.8767   0.1196   3.2485     3.293  3.173e+21     1.033      0    1  3.9912e-20  1.2121e-20  2.6599e-20    5758.25   18705.72   561171.74 9.7621e+22    1.40   sub
2383   9  24  17  9.60e+22   6.965     0.8767   0.1529   2.7366     2.528  2.088e+21     1.022      0    1  2.0073e-20  7.9408e-21  2.2384e-20    8122.28   22227.47   666824.16 9.7057e+22    1.73   sub
2384   9  24  18  9.60e+22   6.968     0.8767   0.1955   2.3238     2.050  1.336e+21     1.014      0    1  9.8211e-21  4.7919e-21  1.8435e-20   11614.44   26989.17   809674.97 9.6673e+22    2.22   sub
2385   9  24  19  9.60e+22   6.970     0.8767   0.2500   1.9951     1.746  8.486e+20     1.009      0    1  4.8078e-21  2.7531e-21  1.5021e-20   16602.32   33123.19   993695.57 9.6426e+22    2.93   sub
2386   9  25   7  9.60e+22   6.796     1.3010   0.0131  56.4658  1870.436  2.321e+22     1.242      1    1  6.5103e-18  3.4806e-21  1.9779e-20     445.49   25154.76   754642.73 1.2394e+23    1.69  deep
2387   9  25   8  9.60e+22   6.820     1.3010   0.0168  45.5583  1239.881  2.246e+22     1.234      1    1  4.5074e-18  3.6353e-21  2.0362e-20     536.34   24434.86   733045.70 1.1923e+23    1.67  deep
2388   9  25   9  9.60e+22   6.851     1.3010   0.0214  32.6552   638.613  2.074e+22     1.216      1    1  2.6172e-18  4.0983e-21  2.1598e-20     705.46   23037.05   691111.60 1.1366e+23    1.58  deep
2389   9  25  10  9.60e+22   6.879     1.3010   0.0274  22.5309   290.092  1.820e+22     1.190      1    1  1.4627e-18  5.0422e-21  2.3354e-20     945.57   21304.52   639135.71 1.0912e+23    1.43  deep
2390   9  25  11  9.60e+22   6.897     1.3010   0.0350  16.8051   148.879  1.588e+22     1.165      1    1  9.2320e-19  6.2010e-21  2.4842e-20    1191.79   20028.20   600846.15 1.0634e+23    1.30  deep
2391   9  25  12  9.60e+22   6.915     1.3010   0.0448  11.9750    65.760  1.295e+22     1.135      1    1  5.2637e-19  8.0044e-21  2.6290e-20    1580.43   18925.63   567768.86 1.0369e+23    1.15 super
2392   9  25  13  9.60e+22   6.929     1.3010   0.0572   8.9279    31.541  1.025e+22     1.107      1    1  3.0532e-19  9.6801e-21  2.6829e-20    2077.24   18545.27   556358.05 1.0172e+23    1.05 super
2393   9  25  14  9.60e+22   6.941     1.3010   0.0732   6.7812    15.868  7.696e+21     1.080      1    1  1.6888e-19  1.0643e-20  2.6247e-20    2795.41   18956.31   568689.26 1.0011e+23    1.00 super
2394   9  25  15  9.60e+22   6.950     1.3010   0.0936   5.4041     9.217  5.684e+21     1.059      1    1  9.5197e-20  1.0328e-20  2.4712e-20    3725.65   20133.89   604016.77 9.8961e+22    1.02   sub
2395   9  25  16  9.60e+22   6.957     1.3010   0.1196   4.3728     5.775  4.007e+21     1.042      0    1  5.1135e-20  8.8545e-21  2.2371e-20    5086.00   22240.28   667208.34 9.8052e+22    1.10   sub
2396   9  25  17  9.60e+22   6.962     1.3010   0.1529   3.6057     3.953  2.735e+21     1.028      0    1  2.6712e-20  6.7566e-21  1.9602e-20    7039.62   25382.74   761482.21 9.7386e+22    1.26   sub
2397   9  25  18  9.60e+22   6.966     1.3010   0.1955   3.0283     2.939  1.832e+21     1.019      0    1  1.3810e-20  4.6993e-21  1.6777e-20    9793.11   29656.64   889699.18 9.6923e+22    1.51   sub
2398   9  25  19  9.60e+22   6.969     1.3010   0.2500   2.5577     2.306  1.183e+21     1.012      0    1  6.8353e-21  2.9637e-21  1.3972e-20   13922.56   35609.34  1068280.31 9.6594e+22    1.91   sub
2399   9  26   9  9.60e+22   6.840     1.9307   0.0214  57.8302  1956.791  2.162e+22     1.225      1    1  3.1477e-18  1.6086e-21  1.3385e-20     642.77   37171.75  1115152.60 1.1550e+23    1.69  deep
2400   9  26  10  9.60e+22   6.874     1.9307   0.0274  38.8890   908.588  1.889e+22     1.197      1    1  1.6018e-18  1.7629e-21  1.4164e-20     903.28   35127.64  1053829.20 1.0988e+23    1.63  deep
2401   9  26  11  9.60e+22   6.894     1.9307   0.0350  28.3787   477.087  1.641e+22     1.171      1    1  9.6547e-19  2.0237e-21  1.5047e-20    1165.19   33066.60   991998.07 1.0673e+23    1.53  deep
2402   9  26  12  9.60e+22   6.912     1.9307   0.0448  20.3228   230.456  1.371e+22     1.143      1    1  5.7205e-19  2.4823e-21  1.6153e-20    1515.62   30801.66   924049.75 1.0420e+23    1.39  deep
2403   9  26  13  9.60e+22   6.927     1.9307   0.0572  14.1025    98.090  1.081e+22     1.113      1    1  3.1822e-19  3.2442e-21  1.7342e-20    2034.36   28689.54   860686.28 1.0204e+23    1.22  deep
2404   9  26  14  9.60e+22   6.938     1.9307   0.0732  10.5224    47.665  8.564e+21     1.089      1    1  1.9103e-19  4.0077e-21  1.7995e-20    2627.70   27649.63   829488.95 1.0060e+23    1.10 super
2405   9  26  15  9.60e+22   6.947     1.9307   0.0936   7.9102    23.268  6.463e+21     1.067      1    1  1.0868e-19  4.6708e-21  1.8043e-20    3486.08   27575.63   827269.01 9.9374e+22    1.02 super
2406   9  26  16  9.60e+22   6.954     1.9307   0.1196   6.1574    12.545  4.745e+21     1.049      0    1  6.0981e-20  4.8609e-21  1.7354e-20    4656.33   28670.73   860121.84 9.8435e+22    1.00   sub
2407   9  26  17  9.60e+22   6.960     1.9307   0.1529   4.9412     7.521  3.398e+21     1.035      0    1  3.3700e-20  4.4810e-21  1.6069e-20    6266.18   30962.19   928865.62 9.7725e+22    1.04   sub
2408   9  26  18  9.60e+22   6.964     1.9307   0.1955   4.0581     4.957  2.375e+21     1.025      0    1  1.8270e-20  3.6856e-21  1.4403e-20    8512.82   34545.44  1036363.20 9.7198e+22    1.15   sub
2409   9  26  19  9.60e+22   6.967     1.9307   0.2500   3.3610     3.489  1.589e+21     1.017      0    1  9.3892e-21  2.6912e-21  1.2463e-20   11877.74   39920.51  1197615.41 9.6799e+22    1.35   sub
2410   9  27  10  9.60e+22   6.876     2.8651   0.0274  58.9532  2029.092  1.874e+22     1.195      1    1  1.5036e-18  7.4100e-22  9.0508e-21     932.47   54972.26  1649167.71 1.0951e+23    1.70  deep
2411   9  27  11  9.60e+22   6.890     2.8651   0.0350  48.6832  1409.506  1.711e+22     1.178      1    1  1.0753e-18  7.6290e-22  9.2597e-21    1103.71   53732.11  1611963.29 1.0741e+23    1.68  deep
2412   9  27  12  9.60e+22   6.911     2.8651   0.0448  33.4691   671.588  1.393e+22     1.145      1    1  5.7662e-19  8.5859e-22  9.8481e-21    1509.51   50521.81  1515654.27 1.0433e+23    1.59  deep
2413   9  27  13  9.60e+22   6.924     2.8651   0.0572  24.3775   344.704  1.145e+22     1.119      1    1  3.4856e-19  1.0112e-21  1.0502e-20    1943.41   47375.33  1421259.82 1.0244e+23    1.47  deep
2414   9  27  14  9.60e+22   6.934     2.8651   0.0732  18.0313   175.380  9.324e+21     1.097      1    1  2.1674e-19  1.2358e-21  1.1188e-20    2466.35   44471.37  1334141.17 1.0104e+23    1.33  deep
2415   9  27  15  9.60e+22   6.944     2.8651   0.0936  12.6496    75.266  7.080e+21     1.074      1    1  1.2097e-19  1.6072e-21  1.1906e-20    3303.72   41790.61  1253718.28 9.9706e+22    1.17  deep
2416   9  27  16  9.60e+22   6.952     2.8651   0.1196   9.3942    35.854  5.378e+21     1.056      1    1  7.0315e-20  1.9611e-21  1.2216e-20    4335.49   40728.47  1221854.02 9.8765e+22    1.06 super
2417   9  27  17  9.60e+22   6.957     2.8651   0.1529   7.1587    18.139  3.964e+21     1.041      0    1  3.9758e-20  2.1918e-21  1.2049e-20    5768.12   41291.97  1238759.24 9.8015e+22    1.00 super
2418   9  27  18  9.60e+22   6.962     2.8651   0.1955   5.6557    10.248  2.869e+21     1.030      0    1  2.2308e-20  2.1768e-21  1.1421e-20    7702.84   43565.07  1306951.96 9.7449e+22    1.01   sub
2419   9  27  19  9.60e+22   6.965     2.8651   0.2500   4.5837     6.381  2.027e+21     1.021      0    1  1.2255e-20  1.9205e-21  1.0442e-20   10395.34   47649.52  1429485.48 9.7020e+22    1.07   sub
2420   9  28  12  9.60e+22   6.911     4.2518   0.0448  52.5128  1629.543  1.392e+22     1.145      1    1  5.6312e-19  3.4557e-22  6.2027e-21    1527.53   80214.93  2406447.85 1.0428e+23    1.69  deep
2421   9  28  13  9.60e+22   6.920     4.2518   0.0572  43.0974  1112.698  1.223e+22     1.127      1    1  4.0091e-19  3.6031e-22  6.3727e-21    1811.58   78074.23  2342226.80 1.0297e+23    1.65  deep
2422   9  28  14  9.60e+22   6.933     4.2518   0.0732  30.7237   563.183  9.704e+21     1.101      1    1  2.3002e-19  4.0843e-22  6.7650e-21    2393.81   73546.90  2206407.06 1.0126e+23    1.56  deep
2423   9  28  15  9.60e+22   6.943     4.2518   0.0936  21.4975   261.398  7.501e+21     1.078      1    1  1.3071e-19  5.0004e-22  7.2831e-21    3177.81   68314.97  2049449.04 9.9936e+22    1.41  deep
2424   9  28  16  9.60e+22   6.950     4.2518   0.1196  15.3167   119.587  5.765e+21     1.060      1    1  7.6026e-20  6.3573e-22  7.7917e-21    4169.01   63855.53  1915666.03 9.8968e+22    1.25  deep
2425   9  28  17  9.60e+22   6.956     4.2518   0.1529  11.1107    54.603  4.354e+21     1.045      0    1  4.3870e-20  8.0344e-22  8.1560e-21    5490.48   61003.33  1830100.02 9.8215e+22    1.12 super
2426   9  28  18  9.60e+22   6.960     4.2518   0.1955   8.4158    27.185  3.273e+21     1.034      0    1  2.5686e-20  9.4485e-22  8.2366e-21    7177.76   60406.69  1812200.65 9.7654e+22    1.03 super
2427   9  28  19  9.60e+22   6.964     4.2518   0.2500   6.5293    14.462  2.393e+21     1.025      0    1  1.4589e-20  1.0087e-21  7.9989e-21    9526.54   62201.60  1866048.07 9.7204e+22    1.00 super
2428   9  29  14  9.60e+22   6.932     6.3096   0.0732  49.5587  1458.640  9.827e+21     1.102      1    1  2.3301e-19  1.5974e-22  4.2213e-21    2378.32  117866.56  3535996.86 1.0133e+23    1.68  deep
2429   9  29  15  9.60e+22   6.941     6.3096   0.0936  37.6708   852.735  7.988e+21     1.083      1    1  1.4639e-19  1.7167e-22  4.3991e-21    3002.34  113100.64  3393019.05 1.0021e+23    1.62  deep
2430   9  29  16  9.60e+22   6.949     6.3096   0.1196  25.4776   379.222  5.929e+21     1.062      1    1  7.7942e-20  2.0553e-22  4.7431e-21    4117.26  104897.96  3146938.69 9.9054e+22    1.49  deep
2431   9  29  17  9.60e+22   6.954     6.3096   0.1529  19.2164   202.975  4.759e+21     1.050      0    1  4.9909e-20  2.4589e-22  5.0304e-21    5147.03   98907.17  2967215.20 9.8426e+22    1.36  deep
2432   9  29  18  9.60e+22   6.959     6.3096   0.1955  13.4077    86.777  3.525e+21     1.037      0    1  2.7742e-20  3.1969e-22  5.3734e-21    6906.12   92594.97  2777849.14 9.7782e+22    1.19  deep
2433   9  29  19  9.60e+22   6.963     6.3096   0.2500   9.9584    41.517  2.661e+21     1.028      0    1  1.6304e-20  3.9271e-22  5.5447e-21    9010.81   89733.66  2692009.74 9.7340e+22    1.08 super
2434   9  30  15  9.60e+22   6.942     9.3633   0.0936  55.6215  1817.820  7.614e+21     1.079      1    1  1.3042e-19  7.1744e-23  2.8118e-21    3181.26  176946.54  5308396.17 9.9996e+22    1.69  deep
2435   9  30  16  9.60e+22   6.948     9.3633   0.1196  44.2021  1169.086  6.312e+21     1.066      1    1  8.7358e-20  7.4723e-23  2.8947e-21    3888.58  171883.61  5156508.27 9.9263e+22    1.66  deep
2436   9  30  17  9.60e+22   6.954     9.3633   0.1529  32.0815   615.789  4.881e+21     1.051      1    1  5.1337e-20  8.3369e-23  3.0561e-21    5074.72  162804.50  4884135.04 9.8491e+22    1.57  deep
2437   9  30  18  9.60e+22   6.959     9.3633   0.1955  22.3788   285.784  3.668e+21     1.038      0    1  2.8925e-20  1.0121e-22  3.2874e-21    6763.10  151350.00  4540499.93 9.7856e+22    1.43  deep
2438   9  30  19  9.60e+22   6.962     9.3633   0.2500  16.7659   148.065  2.900e+21     1.030      0    1  1.8263e-20  1.2334e-22  3.4859e-21    8513.26  142732.42  4281972.70 9.7461e+22    1.30  deep
2439   9  31  17  9.60e+22   6.952    13.8950   0.1529  56.6804  1883.914  5.355e+21     1.056      1    1  6.1519e-20  3.2655e-23  1.8938e-21    4635.12  262720.62  7881618.61 9.8747e+22    1.69  deep
2440   9  31  18  9.60e+22   6.958    13.8950   0.1955  38.4411   887.883  3.857e+21     1.040      0    1  3.1457e-20  3.5430e-23  1.9959e-21    6484.83  249283.95  7478518.64 9.7956e+22    1.63  deep
2441   9  31  19  9.60e+22   6.961    13.8950   0.2500  28.6274   485.926  3.033e+21     1.032      0    1  1.9459e-20  4.0046e-23  2.1074e-21    8247.13  236093.71  7082811.33 9.7531e+22    1.53  deep
2442   9  32  18  9.60e+22   6.958    20.6199   0.1955  58.7169  2013.785  3.767e+21     1.039      0    1  2.9861e-20  1.4828e-23  1.2731e-21    6656.02  390820.64 11724619.32 9.7915e+22    1.70  deep
2443   9  32  19  9.60e+22   6.960    20.6199   0.2500  49.5735  1459.478  3.245e+21     1.034      0    1  2.2096e-20  1.5140e-23  1.2969e-21    7738.92  383645.52 11509365.67 9.7645e+22    1.68  deep
