#__________________________________________________________________________________________________________________________________
#
# Command: /Users/amenshch/bin/+GETSF/SCRIPTS/collect
#
# Models: /Users/amenshch/Astronomy/+SIMULATIONS_IMAGES/260721_RT_BES_radmc3d
#
# CATALOG OF RT MODELS OF BONNOR-EBERT SPHERES COMPUTED WITH RADMC-3D
#
# NOTE2: M_SED4/M_SED3 has a clean gap between 1.29 and 1.39 because the grid is noiseless and the 160 µm zero-crossing is sharp;
#        to avoid using contaminated masses in mass corrections, use M_SED3 when M_SED4/M_SED3 > 1.3
#__________________________________________________________________________________________________________________________________
#
# TABULATED QUANTITIES
#
#  n ................ BE model sequential number
#  i ................ number of BE model in the grid SD_emb(i)
#  j ................ number of BE model in the grid T_BE(j)  
#  k ................ number of BE model in the grid rho_BE(k)
#  SD_emb ........... surface density (cm^-2) of cloud embedding BE sphere
#  T_BE ............. temperature of BE sphere (K)
#  rho_BE ........... central density of BE sphere (g/cm^-3)
#  M_BE ............. mass of BE sphere (Msun)
#  R_BE_as .......... radius of BE sphere (")
#  R_BE_au .......... radius of BE sphere (AU)
#  R_BE_pc .......... radius of BE sphere (pc) for distance 260.0 pc
#  Td_avg ........... dust temperature (K) of model (mass-averaged)
#  Td_emb ........... dust temperature (K) of embedding cloud just outside model
#  T_SED4bs ......... model SED temperature (K) (160-500 μm, interpolated background)
#  M_SED4bs ......... model SED mass (Msun) (160-500 μm, interpolated background)
#  Chi2_4bs ......... chi^2 value for SED fit (160-500 μm, interpolated background)
#  T_SED4bsl ........ model SED temperature (K) (160-500 μm, true crater background)
#  M_SED4bsl ........ model SED mass (Msun) (160-500 μm, true crater background)
#  Chi2_4bsl ........ chi^2 value for SED fit (160-500 μm, true crater background)
#  T_SED3bs ......... model SED temperature (K) (250-500 μm, interpolated background)
#  M_SED3bs ......... model SED mass (Msun) (250-500 μm, interpolated background)
#  Chi2_3bs ......... chi^2 value for SED fit (250-500 μm, interpolated background)
#  T_SED3bsl ........ model SED temperature (K) (250-500 μm, true crater background)
#  M_SED3bsl ........ model SED mass (Msun) (250-500 μm, true crater background)
#  Chi2_3bsl ........ chi^2 value for SED fit (250-500 μm, true crater background)
#  ICSDbs ........... surface density (cm^-2) at model center (interpolated background)
#  IC070bs .......... intensity at  70 μm (MJy/sr) at model center (interpolated background)
#  IC100bs .......... intensity at 100 μm (MJy/sr) at model center (interpolated background)
#  IC160bs .......... intensity at 160 μm (MJy/sr) at model center (interpolated background)
#  IC250bs .......... intensity at 250 μm (MJy/sr) at model center (interpolated background)
#  IC350bs .......... intensity at 350 μm (MJy/sr) at model center (interpolated background)
#  IC500bs .......... intensity at 500 μm (MJy/sr) at model center (interpolated background)
#  FXSDbs ........... total surface density (interpolated background)
#  FX070bs .......... total flux at  70 μm (Jy) (interpolated background)
#  FX100bs .......... total flux at 100 μm (Jy) (interpolated background)
#  FX160bs .......... total flux at 160 μm (Jy) (interpolated background)
#  FX250bs .......... total flux at 250 μm (Jy) (interpolated background)
#  FX350bs .......... total flux at 350 μm (Jy) (interpolated background)
#  FX500bs .......... total flux at 500 μm (Jy) (interpolated background)
#  FWHMSDbs ......... full width at half-maximum (") of surface density image (interpolated background)
#  FWHM070bs ........ full width at half-maximum (") of  70 μm intensity image (interpolated background)
#  FWHM100bs ........ full width at half-maximum (") of 100 μm intensity image (interpolated background)
#  FWHM160bs ........ full width at half-maximum (") of 160 μm intensity image (interpolated background)
#  FWHM250bs ........ full width at half-maximum (") of 250 μm intensity image (interpolated background)
#  FWHM350bs ........ full width at half-maximum (") of 350 μm intensity image (interpolated background)
#  FWHM500bs ........ full width at half-maximum (") of 500 μm intensity image (interpolated background)
#  ICSDbsl .......... surface density (cm^-2) at model center (true crater background)
#  IC070bsl ......... intensity at  70 μm (MJy/sr) at model center (true crater background)
#  IC100bsl ......... intensity at 100 μm (MJy/sr) at model center (true crater background)
#  IC160bsl ......... intensity at 160 μm (MJy/sr) at model center (true crater background)
#  IC250bsl ......... intensity at 250 μm (MJy/sr) at model center (true crater background)
#  IC350bsl ......... intensity at 350 μm (MJy/sr) at model center (true crater background)
#  IC500bsl ......... intensity at 500 μm (MJy/sr) at model center (true crater background)
#  FXSDbsl .......... total surface density (true crater background)
#  FX070bsl ......... total flux at  70 μm (Jy) (true crater background)
#  FX100bsl ......... total flux at 100 μm (Jy) (true crater background)
#  FX160bsl ......... total flux at 160 μm (Jy) (true crater background)
#  FX250bsl ......... total flux at 250 μm (Jy) (true crater background)
#  FX350bsl ......... total flux at 350 μm (Jy) (true crater background)
#  FX500bsl ......... total flux at 500 μm (Jy) (true crater background)
#  FWHMSDbsl ........ full width at half-maximum (") of surface density image (true crater background)
#  FWHM070bsl ....... full width at half-maximum (") of  70 μm intensity image (true crater background)
#  FWHM100bsl ....... full width at half-maximum (") of 100 μm intensity image (true crater background)
#  FWHM160bsl ....... full width at half-maximum (") of 160 μm intensity image (true crater background)
#  FWHM250bsl ....... full width at half-maximum (") of 250 μm intensity image (true crater background)
#  FWHM350bsl ....... full width at half-maximum (") of 350 μm intensity image (true crater background)
#  FWHM500bsl ....... full width at half-maximum (") of 500 μm intensity image (true crater background)
#__________________________________________________________________________________________________________________________________
#
# n    i  j  k    SD_emb     T_BE       rho_BE        M_BE        R_BE_as      R_BE_au      R_BE_pc      Td_avg       Td_emb     Td_SED4bs  M_SED4bs   Chi2_4bs   T_SED4bsl  M_SED4bsl  Chi2_4bsl  T_SED3bs   M_SED3bs   Chi2_3bs   T_SED3bsl  M_SED3bsl  Chi2_3bsl    ICSDbs    IC070bs    IC100bs    IC160bs    IC250bs    IC350bs    IC500bs     FXSDbs    FX070bs    FX100bs    FX160bs    FX250bs    FX350bs    FX500bs   FWHMSDbs   FWHM070bs  FWHM100bs  FWHM160bs  FWHM250bs  FWHM350bs  FWHM500bs    ICSDbsl   IC070bsl   IC100bsl   IC160bsl   IC250bsl   IC350bsl   IC500bsl   FXSDbsl   FX070bsl   FX100bsl   FX160bsl   FX250bsl   FX350bsl   FX500bsl  FWHMSDbsl  FWHM070bsl FWHM100bsl FWHM160bsl FWHM250bsl FWHM350bsl FWHM500bsl
#
 001  01 01 01  3.000E+21  8.309E+00  2.57000E-17  7.99540E-03  1.45873E+00  3.79270E+02  1.83873E-03  8.80062E+00  1.27640E+01  9.304E+00  6.296E-03  2.758E-02  9.336E+00  6.242E-03  3.875E-02  9.265E+00  6.413E-03  1.371E-02  9.284E+00  6.395E-03  1.482E-02  1.057E+21 -3.549E-01 -3.289E-01  8.439E-01  1.623E+00  9.573E-01  3.027E-01  5.312E+18 -7.288E-04 -8.263E-04  4.271E-03  1.463E-02  1.598E-02  1.068E-02  1.374E+01  8.781E+00  9.712E+00  1.379E+01  1.840E+01  2.504E+01  3.639E+01  1.058E+21 -3.544E-01 -3.191E-01  8.687E-01  1.639E+00  9.630E-01  3.040E-01  5.319E+18 -7.279E-04 -8.017E-04  4.396E-03  1.477E-02  1.608E-02  1.072E-02  1.374E+01  8.781E+00  9.711E+00  1.378E+01  1.840E+01  2.504E+01  3.639E+01
 002  01 01 02  3.000E+21  9.787E+00  6.07770E-18  7.99227E-03  2.27883E+00  5.92496E+02  2.87246E-03  9.91650E+00  1.29775E+01  1.026E+01  6.696E-03  1.793E-02  1.030E+01  6.671E-03  2.406E-02  1.021E+01  6.825E-03  3.593E-03  1.024E+01  6.824E-03  4.015E-03  1.034E+21 -3.628E-01 -1.131E-01  2.161E+00  3.035E+00  1.545E+00  4.343E-01  5.297E+18 -7.790E-04 -2.684E-04  1.120E-02  2.770E-02  2.596E-02  1.536E-02  1.387E+01  8.985E+00  9.459E+00  1.396E+01  1.852E+01  2.512E+01  3.643E+01  1.037E+21 -3.617E-01 -8.930E-02  2.223E+00  3.076E+00  1.559E+00  4.374E-01  5.313E+18 -7.767E-04 -2.065E-04  1.152E-02  2.807E-02  2.620E-02  1.547E-02  1.387E+01  8.986E+00  9.350E+00  1.396E+01  1.852E+01  2.511E+01  3.643E+01
 003  01 01 03  3.000E+21  1.140E+01  1.33860E-18  7.98919E-03  3.70671E+00  9.63743E+02  4.67230E-03  1.12780E+01  1.30799E+01  1.136E+01  7.175E-03  7.015E-04  1.140E+01  7.203E-03  1.442E-03  1.135E+01  7.202E-03  1.954E-04  1.138E+01  7.245E-03  2.586E-04  9.789E+20 -3.082E-01  5.367E-01  5.073E+00  5.486E+00  2.436E+00  6.150E-01  5.252E+18 -7.352E-04  1.700E-03  2.772E-02  5.150E-02  4.155E-02  2.191E-02  1.420E+01  9.486E+00  1.099E+01  1.434E+01  1.877E+01  2.530E+01  3.657E+01  9.870E+20 -3.054E-01  5.967E-01  5.232E+00  5.594E+00  2.474E+00  6.232E-01  5.295E+18 -7.286E-04  1.868E-03  2.857E-02  5.250E-02  4.219E-02  2.220E-02  1.420E+01  9.487E+00  1.092E+01  1.433E+01  1.877E+01  2.530E+01  3.657E+01
 004  01 01 04  3.000E+21  1.255E+01  3.40300E-19  7.99269E-03  5.80574E+00  1.50949E+03  7.31812E-03  1.23915E+01  1.32906E+01  1.236E+01  7.264E-03  3.117E-04  1.240E+01  7.394E-03  1.261E-04  1.237E+01  7.242E-03  2.557E-09  1.241E+01  7.380E-03  1.553E-06  8.653E+20 -1.796E-01  1.592E+00  8.615E+00  7.867E+00  3.221E+00  7.646E-01  5.211E+18 -5.271E-04  6.154E-03  5.297E-02  7.895E-02  5.696E-02  2.771E-02  1.509E+01  1.061E+01  1.230E+01  1.527E+01  1.945E+01  2.577E+01  3.686E+01  8.834E+20 -1.731E-01  1.723E+00  8.987E+00  8.124E+00  3.313E+00  7.847E-01  5.317E+18 -5.085E-04  6.598E-03  5.516E-02  8.148E-02  5.858E-02  2.843E-02  1.509E+01  1.061E+01  1.223E+01  1.525E+01  1.944E+01  2.577E+01  3.686E+01
 005  01 02 01  3.000E+21  7.792E+00  3.88060E-17  1.22740E-02  1.53852E+00  4.00016E+02  1.93930E-03  8.43407E+00  1.29184E+01  8.939E+00  9.538E-03  2.266E-02  8.972E+00  9.432E-03  3.220E-02  8.921E+00  9.625E-03  1.925E-02  8.939E+00  9.591E-03  2.078E-02  1.618E+21 -5.112E-01 -5.345E-01  8.514E-01  1.914E+00  1.206E+00  4.012E-01  8.143E+18 -1.054E-03 -1.348E-03  4.324E-03  1.728E-02  2.014E-02  1.416E-02  1.375E+01  8.800E+00  9.736E+00  1.381E+01  1.840E+01  2.505E+01  3.639E+01  1.620E+21 -5.107E-01 -5.235E-01  8.796E-01  1.933E+00  1.212E+00  4.026E-01  8.150E+18 -1.053E-03 -1.320E-03  4.466E-03  1.744E-02  2.025E-02  1.421E-02  1.375E+01  8.800E+00  9.736E+00  1.381E+01  1.840E+01  2.505E+01  3.639E+01
 006  01 02 02  3.000E+21  9.141E+00  9.03940E-18  1.22662E-02  2.35789E+00  6.13052E+02  2.97212E-03  9.43525E+00  1.28511E+01  9.887E+00  9.940E-03  3.344E-02  9.919E+00  9.885E-03  4.311E-02  9.826E+00  1.020E-02  7.263E-03  9.848E+00  1.018E-02  7.934E-03  1.589E+21 -5.459E-01 -3.389E-01  2.303E+00  3.626E+00  1.959E+00  5.773E-01  8.144E+18 -1.176E-03 -8.554E-04  1.199E-02  3.314E-02  3.294E-02  2.043E-02  1.387E+01  8.996E+00  9.737E+00  1.399E+01  1.853E+01  2.512E+01  3.644E+01  1.593E+21 -5.448E-01 -3.140E-01  2.367E+00  3.669E+00  1.974E+00  5.805E-01  8.161E+18 -1.173E-03 -7.907E-04  1.231E-02  3.353E-02  3.319E-02  2.054E-02  1.387E+01  8.996E+00  9.725E+00  1.398E+01  1.853E+01  2.512E+01  3.644E+01
 007  01 02 03  3.000E+21  1.071E+01  2.12580E-18  1.22653E-02  3.71092E+00  9.64840E+02  4.67761E-03  1.06778E+01  1.28807E+01  1.088E+01  1.075E-02  5.244E-03  1.091E+01  1.075E-02  7.685E-03  1.085E+01  1.086E-02  9.761E-04  1.087E+01  1.089E-02  1.148E-03  1.509E+21 -4.929E-01  2.442E-01  5.324E+00  6.511E+00  3.082E+00  8.166E-01  8.095E+18 -1.180E-03  8.855E-04  2.927E-02  6.124E-02  5.261E-02  2.910E-02  1.420E+01  9.506E+00  1.199E+01  1.438E+01  1.880E+01  2.531E+01  3.657E+01  1.517E+21 -4.902E-01  3.033E-01  5.482E+00  6.617E+00  3.120E+00  8.247E-01  8.138E+18 -1.174E-03  1.051E-03  3.011E-02  6.223E-02  5.324E-02  2.939E-02  1.420E+01  9.507E+00  1.163E+01  1.438E+01  1.879E+01  2.531E+01  3.657E+01
 008  01 02 04  3.000E+21  1.211E+01  4.98640E-19  1.22694E-02  5.93264E+00  1.54249E+03  7.47808E-03  1.19466E+01  1.30798E+01  1.195E+01  1.117E-02  7.210E-05  1.199E+01  1.129E-02  1.608E-05  1.196E+01  1.116E-02  6.111E-06  1.199E+01  1.129E-02  1.602E-05  1.329E+21 -3.274E-01  1.457E+00  1.017E+01  1.022E+01  4.385E+00  1.076E+00  8.049E+18 -9.926E-04  5.980E-03  6.355E-02  1.033E-01  7.784E-02  3.904E-02  1.512E+01  1.081E+01  1.275E+01  1.539E+01  1.949E+01  2.581E+01  3.695E+01  1.348E+21 -3.211E-01  1.587E+00  1.055E+01  1.048E+01  4.480E+00  1.096E+00  8.159E+18 -9.744E-04  6.426E-03  6.577E-02  1.059E-01  7.950E-02  3.979E-02  1.512E+01  1.082E+01  1.264E+01  1.537E+01  1.948E+01  2.581E+01  3.695E+01
 009  01 02 05  3.000E+21  1.304E+01  1.17770E-19  1.22751E-02  9.53038E+00  2.47790E+03  1.20130E-02  1.29240E+01  1.34043E+01  1.287E+01  1.105E-02  4.434E-04  1.291E+01  1.143E-02  2.696E-04  1.288E+01  1.101E-02  1.040E-05  1.292E+01  1.140E-02  5.678E-06  9.820E+20 -9.831E-02  2.399E+00  1.295E+01  1.208E+01  5.089E+00  1.228E+00  7.876E+18 -4.083E-04  1.551E-02  1.072E-01  1.445E-01  9.930E-02  4.666E-02  1.767E+01  1.292E+01  1.660E+01  1.802E+01  2.134E+01  2.714E+01  3.777E+01  1.020E+21 -8.629E-02  2.640E+00  1.375E+01  1.268E+01  5.321E+00  1.280E+00  8.160E+18 -3.528E-04  1.676E-02  1.133E-01  1.514E-01  1.037E-01  4.863E-02  1.764E+01  1.282E+01  1.640E+01  1.796E+01  2.131E+01  2.713E+01  3.776E+01
 010  01 03 01  3.000E+21  7.394E+00  5.64790E-17  1.88559E-02  1.69422E+00  4.40497E+02  2.13556E-03  8.17999E+00  1.28078E+01  8.687E+00  1.469E-02  3.297E-02  8.720E+00  1.450E-02  2.738E-02  8.714E+00  1.448E-02  2.435E-02  8.731E+00  1.442E-02  2.612E-02  2.487E+21 -7.260E-01 -8.485E-01  9.557E-01  2.468E+00  1.620E+00  5.577E-01  1.254E+19 -1.506E-03 -2.151E-03  4.883E-03  2.231E-02  2.710E-02  1.968E-02  1.375E+01  8.829E+00  9.758E+00  1.385E+01  1.842E+01  2.506E+01  3.640E+01  2.489E+21 -7.254E-01 -8.354E-01  9.890E-01  2.490E+00  1.628E+00  5.593E-01  1.254E+19 -1.505E-03 -2.118E-03  5.051E-03  2.251E-02  2.723E-02  1.974E-02  1.375E+01  8.829E+00  9.758E+00  1.385E+01  1.842E+01  2.506E+01  3.640E+01
 011  01 03 02  3.000E+21  8.520E+00  1.38360E-17  1.88357E-02  2.45974E+00  6.39534E+02  3.10050E-03  9.00338E+00  1.29588E+01  9.497E+00  1.487E-02  3.625E-02  9.530E+00  1.476E-02  4.896E-02  9.443E+00  1.524E-02  1.171E-02  9.463E+00  1.520E-02  1.272E-02  2.433E+21 -8.058E-01 -6.832E-01  2.355E+00  4.264E+00  2.457E+00  7.618E-01  1.250E+19 -1.750E-03 -1.767E-03  1.234E-02  3.907E-02  4.137E-02  2.697E-02  1.390E+01  9.036E+00  9.859E+00  1.403E+01  1.855E+01  2.513E+01  3.645E+01  2.436E+21 -8.046E-01 -6.559E-01  2.426E+00  4.311E+00  2.474E+00  7.654E-01  1.252E+19 -1.747E-03 -1.695E-03  1.270E-02  3.950E-02  4.165E-02  2.710E-02  1.390E+01  9.036E+00  9.856E+00  1.403E+01  1.855E+01  2.513E+01  3.645E+01
 012  01 03 03  3.000E+21  1.005E+01  3.18060E-18  1.88625E-02  3.82078E+00  9.93402E+02  4.81608E-03  1.01483E+01  1.29383E+01  1.046E+01  1.600E-02  1.455E-02  1.050E+01  1.596E-02  1.943E-02  1.042E+01  1.628E-02  2.690E-03  1.044E+01  1.629E-02  3.023E-03  2.317E+21 -7.569E-01 -1.117E-01  5.670E+00  7.789E+00  3.921E+00  1.089E+00  1.252E+19 -1.842E-03 -1.035E-04  3.163E-02  7.378E-02  6.714E-02  3.885E-02  1.426E+01  9.588E+00  7.433E+00  1.450E+01  1.887E+01  2.536E+01  3.658E+01  2.325E+21 -7.541E-01 -5.086E-02  5.833E+00  7.900E+00  3.960E+00  1.097E+00  1.256E+19 -1.836E-03  6.957E-05  3.251E-02  7.481E-02  6.780E-02  3.915E-02  1.426E+01  9.589E+00  6.068E+00  1.449E+01  1.887E+01  2.536E+01  3.658E+01
 013  01 03 04  3.000E+21  1.158E+01  7.34390E-19  1.88446E-02  6.07648E+00  1.57988E+03  7.65939E-03  1.14522E+01  1.30444E+01  1.152E+01  1.702E-02  2.586E-04  1.156E+01  1.711E-02  6.799E-04  1.152E+01  1.705E-02  1.023E-04  1.155E+01  1.717E-02  1.441E-04  2.036E+21 -5.437E-01  1.138E+00  1.148E+01  1.286E+01  5.823E+00  1.484E+00  1.243E+19 -1.697E-03  5.182E-03  7.335E-02  1.312E-01  1.038E-01  5.399E-02  1.518E+01  1.097E+01  1.359E+01  1.557E+01  1.961E+01  2.591E+01  3.694E+01  2.054E+21 -5.375E-01  1.268E+00  1.186E+01  1.312E+01  5.920E+00  1.505E+00  1.254E+19 -1.679E-03  5.632E-03  7.560E-02  1.339E-01  1.055E-01  5.475E-02  1.517E+01  1.098E+01  1.337E+01  1.555E+01  1.960E+01  2.590E+01  3.694E+01
 014  01 03 05  3.000E+21  1.271E+01  1.75040E-19  1.88219E-02  9.68199E+00  2.51732E+03  1.22041E-02  1.25624E+01  1.32948E+01  1.252E+01  1.713E-02  3.811E-04  1.256E+01  1.750E-02  1.888E-04  1.254E+01  1.708E-02  4.612E-06  1.257E+01  1.745E-02  1.204E-06  1.508E+21 -2.271E-01  2.457E+00  1.610E+01  1.630E+01  7.150E+00  1.772E+00  1.223E+19 -1.077E-03  1.716E-02  1.371E-01  1.977E-01  1.404E-01  6.753E-02  1.781E+01  1.390E+01  1.753E+01  1.835E+01  2.149E+01  2.722E+01  3.785E+01  1.545E+21 -2.158E-01  2.690E+00  1.689E+01  1.691E+01  7.380E+00  1.824E+00  1.252E+19 -1.024E-03  1.838E-02  1.430E-01  2.046E-01  1.448E-01  6.949E-02  1.779E+01  1.390E+01  1.726E+01  1.829E+01  2.147E+01  2.721E+01  3.784E+01
 015  01 03 06  3.000E+21  1.337E+01  3.90430E-20  1.88358E-02  1.58671E+01  4.12544E+03  2.00004E-02  1.33267E+01  1.36032E+01  1.326E+01  1.650E-02  3.927E-04  1.330E+01  1.756E-02  2.577E-04  1.328E+01  1.644E-02  1.273E-05  1.331E+01  1.751E-02  8.369E-06  7.932E+20 -1.285E-02  2.232E+00  1.277E+01  1.354E+01  6.515E+00  1.738E+00  1.175E+19  1.206E-04  3.303E-02  1.970E-01  2.467E-01  1.636E-01  7.504E-02  2.528E+01  2.175E+01  2.675E+01  2.597E+01  2.716E+01  3.120E+01  4.038E+01  8.526E+20  3.518E-03  2.555E+00  1.409E+01  1.473E+01  7.035E+00  1.868E+00  1.253E+19  2.907E-04  3.664E-02  2.141E-01  2.660E-01  1.759E-01  8.048E-02  2.515E+01  2.788E+01  2.625E+01  2.572E+01  2.702E+01  3.112E+01  4.033E+01
 016  01 04 01  3.000E+21  7.128E+00  7.58820E-17  2.89463E-02  2.00170E+00  5.20443E+02  2.52314E-03  8.05010E+00  1.30048E+01  8.556E+00  2.246E-02  5.277E-02  8.592E+00  2.213E-02  3.798E-02  8.601E+00  2.190E-02  2.729E-02  8.618E+00  2.181E-02  2.934E-02  3.793E+21 -1.006E+00 -1.268E+00  1.222E+00  3.409E+00  2.297E+00  8.063E-01  1.921E+19 -2.119E-03 -3.242E-03  6.316E-03  3.096E-02  3.849E-02  2.848E-02  1.379E+01  8.899E+00  9.802E+00  1.393E+01  1.846E+01  2.508E+01  3.642E+01  3.796E+21 -1.005E+00 -1.249E+00  1.269E+00  3.441E+00  2.308E+00  8.086E-01  1.922E+19 -2.117E-03 -3.195E-03  6.557E-03  3.125E-02  3.867E-02  2.857E-02  1.379E+01  8.899E+00  9.802E+00  1.393E+01  1.846E+01  2.508E+01  3.642E+01
 017  01 04 02  3.000E+21  8.017E+00  2.02870E-17  2.89627E-02  2.67500E+00  6.95500E+02  3.37184E-03  8.68262E+00  1.28625E+01  9.234E+00  2.234E-02  3.959E-02  9.266E+00  2.214E-02  5.378E-02  9.186E+00  2.286E-02  1.742E-02  9.205E+00  2.279E-02  1.872E-02  3.729E+21 -1.179E+00 -1.148E+00  2.668E+00  5.370E+00  3.245E+00  1.045E+00  1.924E+19 -2.588E-03 -3.003E-03  1.414E-02  4.943E-02  5.475E-02  3.704E-02  1.392E+01  9.091E+00  9.921E+00  1.412E+01  1.858E+01  2.518E+01  3.648E+01  3.733E+21 -1.177E+00 -1.116E+00  2.749E+00  5.425E+00  3.264E+00  1.049E+00  1.926E+19 -2.585E-03 -2.920E-03  1.456E-02  4.993E-02  5.507E-02  3.719E-02  1.392E+01  9.091E+00  9.920E+00  1.411E+01  1.858E+01  2.518E+01  3.648E+01
 018  01 04 03  3.000E+21  9.359E+00  4.93240E-18  2.89425E-02  3.94351E+00  1.02531E+03  4.97079E-03  9.64744E+00  1.30065E+01  1.006E+01  2.378E-02  2.529E-02  1.009E+01  2.367E-02  3.327E-02  1.000E+01  2.432E-02  5.447E-03  1.002E+01  2.430E-02  6.007E-03  3.546E+21 -1.140E+00 -6.427E-01  5.918E+00  9.213E+00  4.938E+00  1.440E+00  1.919E+19 -2.799E-03 -1.632E-03  3.335E-02  8.761E-02  8.472E-02  5.142E-02  1.425E+01  9.627E+00  9.795E+00  1.456E+01  1.890E+01  2.540E+01  3.660E+01  3.555E+21 -1.137E+00 -5.784E-01  6.092E+00  9.331E+00  4.980E+00  1.449E+00  1.924E+19 -2.792E-03 -1.448E-03  3.429E-02  8.871E-02  8.544E-02  5.174E-02  1.425E+01  9.628E+00  9.733E+00  1.455E+01  1.889E+01  2.540E+01  3.660E+01
 019  01 04 04  3.000E+21  1.093E+01  1.13860E-18  2.89527E-02  6.16441E+00  1.60275E+03  7.77023E-03  1.08915E+01  1.30332E+01  1.105E+01  2.557E-02  2.858E-03  1.109E+01  2.560E-02  4.539E-03  1.103E+01  2.577E-02  5.686E-04  1.106E+01  2.586E-02  6.912E-04  3.121E+21 -8.670E-01  5.781E-01  1.219E+01  1.544E+01  7.450E+00  1.988E+00  1.911E+19 -2.757E-03  3.355E-03  7.937E-02  1.589E-01  1.333E-01  7.241E-02  1.521E+01  1.108E+01  1.594E+01  1.575E+01  1.970E+01  2.593E+01  3.700E+01  3.141E+21 -8.609E-01  7.107E-01  1.258E+01  1.572E+01  7.551E+00  2.011E+00  1.923E+19 -2.739E-03  3.817E-03  8.171E-02  1.616E-01  1.351E-01  7.321E-02  1.521E+01  1.108E+01  1.514E+01  1.572E+01  1.970E+01  2.593E+01  3.700E+01
 020  01 04 05  3.000E+21  1.229E+01  2.61670E-19  2.89459E-02  9.85989E+00  2.56357E+03  1.24284E-02  1.21335E+01  1.32073E+01  1.212E+01  2.639E-02  1.636E-04  1.216E+01  2.674E-02  3.249E-05  1.213E+01  2.634E-02  5.177E-07  1.216E+01  2.671E-02  4.345E-06  2.306E+21 -4.261E-01  2.194E+00  1.889E+01  2.119E+01  9.764E+00  2.502E+00  1.895E+19 -2.179E-03  1.724E-02  1.668E-01  2.614E-01  1.933E-01  9.571E-02  1.796E+01  1.453E+01  1.888E+01  1.877E+01  2.171E+01  2.732E+01  3.795E+01  2.345E+21 -4.152E-01  2.424E+00  1.968E+01  2.181E+01  1.000E+01  2.556E+00  1.925E+19 -2.127E-03  1.848E-02  1.729E-01  2.684E-01  1.979E-01  9.774E-02  1.795E+01  1.455E+01  1.855E+01  1.871E+01  2.169E+01  2.730E+01  3.795E+01
 021  01 04 06  3.000E+21  1.316E+01  5.82690E-20  2.89469E-02  1.60990E+01  4.18575E+03  2.02928E-02  1.30702E+01  1.34965E+01  1.301E+01  2.590E-02  4.294E-04  1.305E+01  2.698E-02  2.720E-04  1.303E+01  2.581E-02  1.192E-05  1.306E+01  2.690E-02  7.210E-06  1.225E+21 -8.031E-02  2.609E+00  1.695E+01  1.912E+01  9.493E+00  2.588E+00  1.845E+19 -5.940E-04  4.148E-02  2.712E-01  3.558E-01  2.414E-01  1.124E-01  2.552E+01  1.853E+01  2.788E+01  2.656E+01  2.750E+01  3.138E+01  4.049E+01  1.285E+21 -6.484E-02  2.923E+00  1.825E+01  2.031E+01  1.002E+01  2.720E+00  1.925E+19 -4.306E-04  4.507E-02  2.885E-01  3.754E-01  2.538E-01  1.179E-01  2.543E+01  1.787E+01  2.737E+01  2.635E+01  2.738E+01  3.132E+01  4.046E+01
 022  01 05 01  3.000E+21  6.959E+00  9.51420E-17  4.44516E-02  2.59157E+00  6.73809E+02  3.26668E-03  8.05193E+00  1.29519E+01  8.721E+00  3.213E-02  4.529E-02  8.760E+00  3.166E-02  6.216E-02  8.697E+00  3.253E-02  3.888E-02  8.718E+00  3.238E-02  4.156E-02  5.764E+21 -1.453E+00 -1.833E+00  2.139E+00  5.401E+00  3.571E+00  1.244E+00  2.946E+19 -3.153E-03 -4.749E-03  1.136E-02  4.956E-02  6.013E-02  4.402E-02  1.385E+01  9.029E+00  9.863E+00  1.413E+01  1.857E+01  2.514E+01  3.645E+01  5.769E+21 -1.452E+00 -1.799E+00  2.228E+00  5.461E+00  3.592E+00  1.248E+00  2.949E+19 -3.150E-03 -4.660E-03  1.182E-02  5.011E-02  6.048E-02  4.418E-02  1.385E+01  9.029E+00  9.861E+00  1.412E+01  1.857E+01  2.514E+01  3.645E+01
 023  01 05 02  3.000E+21  7.637E+00  2.82330E-17  4.44717E-02  3.08746E+00  8.02741E+02  3.89174E-03  8.50166E+00  1.26617E+01  9.064E+00  3.408E-02  2.587E-02  9.098E+00  3.373E-02  3.612E-02  9.041E+00  3.448E-02  2.036E-02  9.060E+00  3.436E-02  2.187E-02  5.672E+21 -1.706E+00 -1.824E+00  3.288E+00  7.264E+00  4.529E+00  1.494E+00  2.953E+19 -3.841E-03 -4.867E-03  1.780E-02  6.745E-02  7.673E-02  5.304E-02  1.398E+01  9.204E+00  1.001E+01  1.426E+01  1.867E+01  2.523E+01  3.650E+01  5.678E+21 -1.704E+00 -1.783E+00  3.397E+00  7.337E+00  4.555E+00  1.500E+00  2.956E+19 -3.837E-03 -4.755E-03  1.837E-02  6.813E-02  7.717E-02  5.324E-02  1.398E+01  9.205E+00  1.001E+01  1.425E+01  1.867E+01  2.523E+01  3.650E+01
 024  01 05 03  3.000E+21  8.778E+00  7.24230E-18  4.44602E-02  4.24085E+00  1.10262E+03  5.34559E-03  9.26168E+00  1.29213E+01  9.771E+00  3.521E-02  4.624E-02  9.804E+00  3.499E-02  5.839E-02  9.702E+00  3.628E-02  9.960E-03  9.723E+00  3.622E-02  1.079E-02  5.396E+21 -1.670E+00 -1.272E+00  6.625E+00  1.139E+01  6.431E+00  1.954E+00  2.948E+19 -4.200E-03 -3.423E-03  3.828E-02  1.094E-01  1.109E-01  6.991E-02  1.432E+01  9.749E+00  1.007E+01  1.476E+01  1.900E+01  2.546E+01  3.664E+01  5.406E+21 -1.667E+00 -1.200E+00  6.824E+00  1.153E+01  6.479E+00  1.964E+00  2.954E+19 -4.192E-03 -3.211E-03  3.936E-02  1.107E-01  1.117E-01  7.029E-02  1.432E+01  9.750E+00  1.005E+01  1.474E+01  1.900E+01  2.546E+01  3.664E+01
 025  01 05 04  3.000E+21  1.027E+01  1.72480E-18  4.44320E-02  6.37279E+00  1.65692E+03  8.03289E-03  1.03708E+01  1.28724E+01  1.065E+01  3.817E-02  1.063E-02  1.068E+01  3.812E-02  1.440E-02  1.061E+01  3.875E-02  1.840E-03  1.063E+01  3.880E-02  2.092E-03  4.759E+21 -1.320E+00 -1.076E-01  1.302E+01  1.860E+01  9.548E+00  2.669E+00  2.944E+19 -4.319E-03  1.138E-03  8.752E-02  1.940E-01  1.719E-01  9.747E-02  1.530E+01  1.128E+01  1.951E+01  1.605E+01  1.984E+01  2.602E+01  3.702E+01  4.779E+21 -1.313E+00  2.715E-02  1.342E+01  1.888E+01  9.652E+00  2.692E+00  2.956E+19 -4.301E-03  1.617E-03  8.992E-02  1.968E-01  1.738E-01  9.829E-02  1.530E+01  1.128E+01  1.803E+01  1.602E+01  1.983E+01  2.601E+01  3.702E+01
 026  01 05 05  3.000E+21  1.175E+01  4.03790E-19  4.44451E-02  9.99035E+00  2.59749E+03  1.25928E-02  1.16277E+01  1.31523E+01  1.167E+01  4.021E-02  6.879E-05  1.171E+01  4.049E-02  2.815E-04  1.167E+01  4.024E-02  5.082E-05  1.170E+01  4.059E-02  7.947E-05  3.532E+21 -7.235E-01  1.581E+00  2.084E+01  2.639E+01  1.289E+01  3.441E+00  2.920E+19 -3.879E-03  1.508E-02  1.912E-01  3.307E-01  2.571E-01  1.320E-01  1.803E+01  1.495E+01  2.101E+01  1.923E+01  2.193E+01  2.742E+01  3.800E+01  3.572E+21 -7.131E-01  1.809E+00  2.164E+01  2.702E+01  1.314E+01  3.497E+00  2.952E+19 -3.829E-03  1.633E-02  1.974E-01  3.380E-01  2.618E-01  1.341E-01  1.802E+01  1.496E+01  2.041E+01  1.916E+01  2.191E+01  2.741E+01  3.799E+01
 027  01 05 06  3.000E+21  1.283E+01  9.35390E-20  4.43912E-02  1.59842E+01  4.15589E+03  2.01480E-02  1.27004E+01  1.33769E+01  1.265E+01  4.023E-02  4.146E-04  1.269E+01  4.127E-02  2.248E-04  1.267E+01  4.009E-02  7.174E-06  1.270E+01  4.116E-02  2.885E-06  1.943E+21 -2.204E-01  2.698E+00  2.137E+01  2.619E+01  1.347E+01  3.757E+00  2.870E+19 -2.181E-03  4.590E-02  3.464E-01  4.870E-01  3.415E-01  1.628E-01  2.522E+01  2.112E+01  2.908E+01  2.683E+01  2.752E+01  3.135E+01  4.044E+01  2.003E+21 -2.060E-01  3.003E+00  2.265E+01  2.737E+01  1.400E+01  3.889E+00  2.950E+19 -2.033E-03  4.934E-02  3.633E-01  5.063E-01  3.538E-01  1.683E-01  2.518E+01  2.108E+01  2.848E+01  2.664E+01  2.743E+01  3.131E+01  4.042E+01
 028  01 05 07  3.000E+21  1.343E+01  2.10800E-20  4.44518E-02  2.60418E+01  6.77087E+03  3.28257E-02  1.33971E+01  1.36429E+01  1.333E+01  3.816E-02  4.021E-04  1.337E+01  4.141E-02  2.548E-04  1.334E+01  3.803E-02  1.485E-05  1.338E+01  4.129E-02  9.732E-06  7.744E+20 -3.197E-03  2.132E+00  1.272E+01  1.530E+01  8.990E+00  3.000E+00  2.718E+19  6.117E-04  8.071E-02  4.707E-01  5.828E-01  3.845E-01  1.756E-01  4.164E+01  4.016E+01  4.486E+01  4.299E+01  4.201E+01  4.253E+01  4.789E+01  8.491E+20  1.544E-02  2.503E+00  1.439E+01  1.706E+01  9.946E+00  3.299E+00  2.953E+19  1.127E-03  9.170E-02  5.230E-01  6.417E-01  4.218E-01  1.922E-01  4.140E+01  5.052E+01  4.411E+01  4.256E+01  4.166E+01  4.231E+01  4.776E+01
 029  01 06 01  3.000E+21  6.864E+00  1.10300E-16  6.82704E-02  3.77755E+00  9.82164E+02  4.76160E-03  8.25556E+00  1.28938E+01  9.129E+00  4.638E-02  1.355E-01  9.168E+00  4.586E-02  1.686E-01  9.034E+00  4.861E-02  4.479E-02  9.057E+00  4.840E-02  4.737E-02  8.657E+21 -2.166E+00 -2.537E+00  4.740E+00  1.006E+01  6.288E+00  2.103E+00  4.528E+19 -5.029E-03 -6.701E-03  2.679E-02  9.485E-02  1.072E-01  7.483E-02  1.402E+01  9.347E+00  9.963E+00  1.460E+01  1.882E+01  2.530E+01  3.655E+01  8.667E+21 -2.163E+00 -2.469E+00  4.927E+00  1.019E+01  6.333E+00  2.113E+00  4.533E+19 -5.022E-03 -6.506E-03  2.779E-02  9.604E-02  1.080E-01  7.518E-02  1.402E+01  9.347E+00  9.952E+00  1.458E+01  1.882E+01  2.530E+01  3.655E+01
 030  01 06 02  3.000E+21  7.395E+00  3.56680E-17  6.82775E-02  3.90377E+00  1.01498E+03  4.92070E-03  8.46510E+00  1.29842E+01  9.144E+00  4.986E-02  7.664E-02  9.173E+00  4.943E-02  9.571E-02  9.074E+00  5.160E-02  2.815E-02  9.091E+00  5.144E-02  2.971E-02  8.527E+21 -2.409E+00 -2.555E+00  5.082E+00  1.090E+01  6.812E+00  2.257E+00  4.536E+19 -5.746E-03 -6.970E-03  2.895E-02  1.034E-01  1.166E-01  8.045E-02  1.414E+01  9.483E+00  1.013E+01  1.467E+01  1.888E+01  2.534E+01  3.657E+01  8.534E+21 -2.406E+00 -2.499E+00  5.233E+00  1.100E+01  6.848E+00  2.264E+00  4.540E+19 -5.739E-03 -6.809E-03  2.976E-02  1.044E-01  1.172E-01  8.072E-02  1.414E+01  9.484E+00  1.013E+01  1.465E+01  1.888E+01  2.534E+01  3.657E+01
 031  01 06 03  3.000E+21  8.288E+00  1.04040E-17  6.82295E-02  4.77819E+00  1.24233E+03  6.02290E-03  9.00191E+00  1.27902E+01  9.561E+00  5.295E-02  4.858E-02  9.593E+00  5.257E-02  6.238E-02  9.495E+00  5.452E-02  1.379E-02  9.516E+00  5.439E-02  1.483E-02  8.134E+21 -2.392E+00 -2.188E+00  7.795E+00  1.478E+01  8.711E+00  2.735E+00  4.530E+19 -6.304E-03 -6.219E-03  4.697E-02  1.446E-01  1.515E-01  9.825E-02  1.449E+01  1.000E+01  1.036E+01  1.512E+01  1.920E+01  2.555E+01  3.675E+01  8.147E+21 -2.388E+00 -2.101E+00  8.037E+00  1.494E+01  8.771E+00  2.748E+00  4.537E+19 -6.294E-03 -5.953E-03  4.832E-02  1.462E-01  1.526E-01  9.872E-02  1.449E+01  1.000E+01  1.035E+01  1.510E+01  1.919E+01  2.555E+01  3.675E+01
 032  01 06 04  3.000E+21  9.625E+00  2.60560E-18  6.82067E-02  6.73241E+00  1.75043E+03  8.48619E-03  9.91053E+00  1.29820E+01  1.029E+01  5.660E-02  2.379E-02  1.032E+01  5.640E-02  3.066E-02  1.023E+01  5.788E-02  4.151E-03  1.026E+01  5.787E-02  4.602E-03  7.185E+21 -1.943E+00 -1.008E+00  1.386E+01  2.235E+01  1.221E+01  3.576E+00  4.515E+19 -6.605E-03 -1.927E-03  9.725E-02  2.375E-01  2.218E-01  1.311E-01  1.542E+01  1.151E+01  9.253E+00  1.644E+01  2.005E+01  2.614E+01  3.712E+01  7.208E+21 -1.936E+00 -8.612E-01  1.431E+01  2.267E+01  1.233E+01  3.602E+00  4.529E+19 -6.584E-03 -1.386E-03  1.000E-01  2.407E-01  2.239E-01  1.320E-01  1.542E+01  1.151E+01  8.889E+00  1.640E+01  2.004E+01  2.614E+01  3.711E+01
 033  01 06 05  3.000E+21  1.116E+01  6.07470E-19  6.82498E-02  1.03062E+01  2.67961E+03  1.29909E-02  1.11207E+01  1.30069E+01  1.126E+01  6.084E-02  1.648E-03  1.129E+01  6.101E-02  2.780E-03  1.124E+01  6.120E-02  3.445E-04  1.127E+01  6.150E-02  4.297E-04  5.337E+21 -1.125E+00  7.607E-01  2.224E+01  3.215E+01  1.678E+01  4.691E+00  4.508E+19 -6.376E-03  1.207E-02  2.182E-01  4.155E-01  3.398E-01  1.811E-01  1.821E+01  1.542E+01  2.368E+01  2.003E+01  2.235E+01  2.771E+01  3.807E+01  5.378E+21 -1.115E+00  9.872E-01  2.305E+01  3.279E+01  1.703E+01  4.748E+00  4.540E+19 -6.325E-03  1.335E-02  2.246E-01  4.230E-01  3.446E-01  1.833E-01  1.821E+01  1.543E+01  2.385E+01  1.994E+01  2.233E+01  2.770E+01  3.806E+01
 034  01 06 06  3.000E+21  1.244E+01  1.40450E-19  6.81806E-02  1.63085E+01  4.24020E+03  2.05568E-02  1.22982E+01  1.31865E+01  1.228E+01  6.214E-02  2.427E-04  1.231E+01  6.313E-02  7.742E-05  1.229E+01  6.197E-02  3.130E-07  1.232E+01  6.304E-02  4.752E-07  2.947E+21 -4.223E-01  2.379E+00  2.476E+01  3.385E+01  1.839E+01  5.323E+00  4.451E+19 -4.723E-03  4.813E-02  4.306E-01  6.533E-01  4.756E-01  2.328E-01  2.553E+01  2.277E+01  2.889E+01  2.803E+01  2.813E+01  3.168E+01  4.066E+01  3.007E+21 -4.086E-01  2.674E+00  2.602E+01  3.502E+01  1.891E+01  5.457E+00  4.534E+19 -4.578E-03  5.157E-02  4.476E-01  6.730E-01  4.882E-01  2.384E-01  2.550E+01  2.280E+01  3.086E+01  2.782E+01  2.805E+01  3.164E+01  4.064E+01
 035  01 06 07  3.000E+21  1.323E+01  3.18980E-20  6.82152E-02  2.63455E+01  6.84982E+03  3.32084E-02  1.31584E+01  1.35517E+01  1.310E+01  6.097E-02  3.972E-04  1.314E+01  6.336E-02  2.690E-04  1.312E+01  6.076E-02  1.190E-05  1.315E+01  6.318E-02  7.920E-06  1.223E+21 -6.003E-02  2.611E+00  1.739E+01  2.210E+01  1.336E+01  4.557E+00  4.344E+19 -7.618E-04  1.061E-01  6.700E-01  8.640E-01  5.813E-01  2.692E-01  4.195E+01  2.754E+01  4.653E+01  4.395E+01  4.265E+01  4.298E+01  4.815E+01  1.284E+21 -4.453E-02  2.914E+00  1.874E+01  2.351E+01  1.412E+01  4.787E+00  4.520E+19 -3.702E-04  1.143E-01  7.087E-01  9.078E-01  6.090E-01  2.815E-01  4.168E+01  2.562E+01  4.564E+01  4.347E+01  4.232E+01  4.275E+01  4.802E+01
 036  01 06 08  3.000E+21  1.360E+01  7.75700E-21  6.82861E-02  4.19016E+01  1.08944E+04  5.28168E-02  1.36162E+01  1.37525E+01  1.354E+01  5.540E-02  3.829E-04  1.359E+01  6.362E-02  2.317E-04  1.356E+01  5.521E-02  1.744E-05  1.360E+01  6.346E-02  1.157E-05  4.458E+20  2.066E-02  1.491E+00  8.274E+00  9.845E+00  6.202E+00  2.525E+00  3.946E+19  2.782E-03  1.403E-01  7.609E-01  9.070E-01  5.877E-01  2.651E-01  6.913E+01  5.980E+01  7.319E+01  7.077E+01  6.895E+01  6.756E+01  6.753E+01  5.220E+20  4.058E-02  1.875E+00  1.003E+01  1.176E+01  7.350E+00  2.970E+00  4.539E+19  4.188E-03  1.691E-01  8.957E-01  1.058E+00  6.827E-01  3.072E-01  6.840E+01  7.612E+01  7.174E+01  6.952E+01  6.800E+01  6.676E+01  6.691E+01
 037  01 07 01  3.000E+21  6.820E+00  1.18850E-16  1.04861E-01  6.17487E+00  1.60547E+03  7.78341E-03  8.68148E+00  1.31793E+01  9.748E+00  6.886E-02  2.279E-01  9.783E+00  6.839E-02  2.539E-01  9.593E+00  7.366E-02  4.202E-02  9.618E+00  7.347E-02  4.377E-02  1.249E+22 -3.027E+00 -3.018E+00  1.137E+01  2.051E+01  1.203E+01  3.813E+00  6.946E+19 -8.225E-03 -7.378E-03  7.568E-02  2.085E-01  2.127E-01  1.377E-01  1.445E+01  1.011E+01  9.719E+00  1.597E+01  1.957E+01  2.576E+01  3.683E+01  1.251E+22 -3.021E+00 -2.885E+00  1.176E+01  2.078E+01  1.213E+01  3.835E+00  6.958E+19 -8.206E-03 -6.911E-03  7.802E-02  2.113E-01  2.144E-01  1.385E-01  1.445E+01  1.011E+01  9.643E+00  1.594E+01  1.957E+01  2.576E+01  3.683E+01
 038  01 07 02  3.000E+21  7.252E+00  4.14890E-17  1.04816E-01  5.51661E+00  1.43432E+03  6.95367E-03  8.63429E+00  1.29414E+01  9.470E+00  7.331E-02  1.485E-01  9.503E+00  7.274E-02  1.732E-01  9.355E+00  7.732E-02  3.238E-02  9.376E+00  7.709E-02  3.405E-02  1.248E+22 -3.292E+00 -3.383E+00  9.486E+00  1.878E+01  1.142E+01  3.699E+00  6.946E+19 -8.809E-03 -9.268E-03  6.072E-02  1.876E-01  2.002E-01  1.332E-01  1.445E+01  1.006E+01  1.019E+01  1.561E+01  1.938E+01  2.567E+01  3.678E+01  1.250E+22 -3.287E+00 -3.273E+00  9.802E+00  1.900E+01  1.150E+01  3.716E+00  6.955E+19 -8.795E-03 -8.907E-03  6.255E-02  1.897E-01  2.016E-01  1.339E-01  1.445E+01  1.006E+01  1.016E+01  1.558E+01  1.937E+01  2.567E+01  3.678E+01
 039  01 07 03  3.000E+21  7.953E+00  1.36010E-17  1.04853E-01  5.87478E+00  1.52744E+03  7.40515E-03  8.91416E+00  1.30189E+01  9.550E+00  7.893E-02  7.797E-02  9.583E+00  7.833E-02  9.597E-02  9.465E+00  8.201E-02  1.820E-02  9.487E+00  8.180E-02  1.945E-02  1.200E+22 -3.285E+00 -3.175E+00  1.057E+01  2.094E+01  1.265E+01  4.042E+00  6.961E+19 -9.534E-03 -9.292E-03  6.984E-02  2.135E-01  2.244E-01  1.464E-01  1.478E+01  1.053E+01  1.055E+01  1.590E+01  1.959E+01  2.579E+01  3.689E+01  1.202E+22 -3.279E+00 -3.054E+00  1.093E+01  2.119E+01  1.274E+01  4.062E+00  6.972E+19 -9.519E-03 -8.881E-03  7.192E-02  2.159E-01  2.260E-01  1.471E-01  1.478E+01  1.053E+01  1.052E+01  1.587E+01  1.958E+01  2.579E+01  3.689E+01
 040  01 07 04  3.000E+21  9.073E+00  3.74280E-18  1.04835E-01  7.47449E+00  1.94337E+03  9.42159E-03  9.58437E+00  1.28784E+01  1.006E+01  8.454E-02  3.984E-02  1.009E+01  8.413E-02  4.947E-02  9.991E+00  8.699E-02  7.253E-03  1.001E+01  8.690E-02  7.885E-03  1.065E+22 -2.731E+00 -2.091E+00  1.565E+01  2.816E+01  1.626E+01  4.958E+00  6.964E+19 -1.008E-02 -5.640E-03  1.197E-01  3.116E-01  3.015E-01  1.834E-01  1.575E+01  1.206E+01  1.045E+01  1.730E+01  2.048E+01  2.642E+01  3.728E+01  1.068E+22 -2.723E+00 -1.927E+00  1.616E+01  2.854E+01  1.640E+01  4.989E+00  6.981E+19 -1.005E-02 -4.985E-03  1.230E-01  3.155E-01  3.040E-01  1.846E-01  1.575E+01  1.206E+01  1.030E+01  1.725E+01  2.047E+01  2.641E+01  3.728E+01
 041  01 07 05  3.000E+21  1.053E+01  9.13640E-19  1.04717E-01  1.08110E+01  2.81086E+03  1.36272E-02  1.06352E+01  1.30616E+01  1.086E+01  9.102E-02  7.913E-03  1.089E+01  9.102E-02  1.092E-02  1.082E+01  9.224E-02  1.216E-03  1.085E+01  9.248E-02  1.410E-03  7.947E+21 -1.668E+00 -2.656E-01  2.304E+01  3.827E+01  2.145E+01  6.305E+00  6.890E+19 -1.001E-02  7.330E-03  2.450E-01  5.136E-01  4.425E-01  2.455E-01  1.844E+01  1.593E+01  2.101E+01  2.103E+01  2.279E+01  2.793E+01  3.829E+01  7.991E+21 -1.657E+00 -3.127E-02  2.390E+01  3.897E+01  2.173E+01  6.369E+00  6.927E+19 -9.957E-03  8.740E-03  2.521E-01  5.220E-01  4.480E-01  2.480E-01  1.843E+01  1.594E+01  1.863E+01  2.091E+01  2.276E+01  2.792E+01  3.828E+01
 042  01 07 06  3.000E+21  1.194E+01  2.15280E-19  1.04684E-01  1.66647E+01  4.33281E+03  2.10058E-02  1.18335E+01  1.31555E+01  1.186E+01  9.513E-02  2.258E-05  1.190E+01  9.599E-02  9.161E-05  1.186E+01  9.511E-02  2.071E-05  1.190E+01  9.611E-02  3.759E-05  4.468E+21 -7.177E-01  1.684E+00  2.692E+01  4.197E+01  2.435E+01  7.373E+00  6.881E+19 -8.687E-03  4.583E-02  5.114E-01  8.475E-01  6.450E-01  3.259E-01  2.579E+01  2.401E+01  2.853E+01  2.966E+01  2.892E+01  3.210E+01  4.096E+01  4.528E+21 -7.046E-01  1.972E+00  2.816E+01  4.313E+01  2.488E+01  7.509E+00  6.965E+19 -8.545E-03  4.928E-02  5.286E-01  8.674E-01  6.578E-01  3.317E-01  2.577E+01  2.403E+01  3.322E+01  2.942E+01  2.885E+01  3.207E+01  4.095E+01
 043  01 07 07  3.000E+21  1.294E+01  4.99420E-20  1.04736E-01  2.64751E+01  6.88353E+03  3.33718E-02  1.28332E+01  1.33881E+01  1.278E+01  9.448E-02  4.426E-04  1.282E+01  9.748E-02  2.529E-04  1.279E+01  9.414E-02  1.059E-05  1.283E+01  9.721E-02  5.369E-06  1.905E+21 -1.810E-01  2.742E+00  2.179E+01  3.000E+01  1.884E+01  6.595E+00  6.736E+19 -4.216E-03  1.218E-01  8.728E-01  1.197E+00  8.293E-01  3.920E-01  4.174E+01  3.380E+01  4.850E+01  4.489E+01  4.314E+01  4.326E+01  4.831E+01  1.977E+21 -1.650E-01  3.076E+00  2.333E+01  3.165E+01  1.974E+01  6.877E+00  6.963E+19 -3.783E-03  1.317E-01  9.209E-01  1.252E+00  8.645E-01  4.077E-01  4.165E+01  3.348E+01  4.784E+01  4.452E+01  4.293E+01  4.313E+01  4.823E+01
 044  01 07 08  3.000E+21  1.348E+01  1.13800E-20  1.04797E-01  4.28004E+01  1.11281E+04  5.39499E-02  1.34617E+01  1.36809E+01  1.340E+01  9.047E-02  3.858E-04  1.344E+01  9.733E-02  2.602E-04  1.341E+01  9.017E-02  1.778E-05  1.345E+01  9.706E-02  1.276E-05  7.078E+20  8.671E-03  2.053E+00  1.206E+01  1.479E+01  9.466E+00  3.911E+00  6.445E+19  2.475E-03  2.036E-01  1.157E+00  1.414E+00  9.276E-01  4.219E-01  7.024E+01  7.359E+01  7.515E+01  7.252E+01  7.043E+01  6.884E+01  6.860E+01  7.744E+20  2.616E-02  2.387E+00  1.358E+01  1.645E+01  1.046E+01  4.293E+00  6.943E+19  3.666E-03  2.276E-01  1.270E+00  1.540E+00  1.007E+00  4.571E-01  6.954E+01  6.623E+01  7.371E+01  7.144E+01  6.951E+01  6.809E+01  6.804E+01
 045  01 07 09  3.000E+21  1.371E+01  2.79340E-21  1.04643E-01  6.78518E+01  1.76415E+04  8.55270E-02  1.37606E+01  1.38311E+01  1.368E+01  7.707E-02  4.474E-04  1.374E+01  9.741E-02  2.302E-04  1.370E+01  7.679E-02  2.823E-05  1.375E+01  9.716E-02  1.722E-05  2.343E+20  1.798E-02  8.780E-01  4.695E+00  5.501E+00  3.501E+00  1.526E+00  5.489E+19  5.665E-03  2.176E-01  1.132E+00  1.318E+00  8.444E-01  3.779E-01  1.167E+02  1.286E+02  1.212E+02  1.186E+02  1.161E+02  1.138E+02  1.109E+02  3.087E+20  3.843E-02  1.261E+00  6.436E+00  7.413E+00  4.681E+00  2.026E+00  6.952E+19  9.392E-03  2.909E-01  1.471E+00  1.695E+00  1.081E+00  4.825E-01  1.139E+02  1.199E+02  1.167E+02  1.148E+02  1.129E+02  1.107E+02  1.083E+02
 046  01 08 01  3.000E+21  6.780E+00  1.31700E-16  1.60977E-01  1.07753E+01  2.80157E+03  1.35822E-02  9.30903E+00  1.32370E+01  1.047E+01  1.074E-01  2.009E-01  1.051E+01  1.071E-01  2.177E-01  1.030E+01  1.147E-01  3.000E-02  1.033E+01  1.147E-01  3.113E-02  1.633E+22 -3.603E+00 -3.195E+00  2.197E+01  3.903E+01  2.277E+01  7.034E+00  1.065E+20 -1.320E-02  3.741E-04  2.227E-01  4.897E-01  4.473E-01  2.662E-01  1.554E+01  1.151E+01  8.233E+00  2.041E+01  2.188E+01  2.721E+01  3.770E+01  1.638E+22 -3.591E+00 -2.939E+00  2.291E+01  3.980E+01  2.308E+01  7.105E+00  1.069E+20 -1.314E-02  1.984E-03  2.307E-01  4.991E-01  4.534E-01  2.689E-01  1.555E+01  1.150E+01  7.841E+00  2.032E+01  2.188E+01  2.721E+01  3.771E+01
 047  01 08 02  3.000E+21  7.173E+00  4.55230E-17  1.60981E-01  8.79416E+00  2.28648E+03  1.10850E-02  9.03452E+00  1.29120E+01  1.002E+01  1.102E-01  1.965E-01  1.006E+01  1.096E-01  2.157E-01  9.868E+00  1.175E-01  3.075E-02  9.893E+00  1.173E-01  3.199E-02  1.714E+22 -4.086E+00 -3.946E+00  1.819E+01  3.426E+01  2.045E+01  6.458E+00  1.066E+20 -1.381E-02 -8.095E-03  1.554E-01  3.927E-01  3.836E-01  2.395E-01  1.526E+01  1.125E+01  9.640E+00  1.849E+01  2.085E+01  2.658E+01  3.731E+01  1.717E+22 -4.077E+00 -3.756E+00  1.881E+01  3.472E+01  2.063E+01  6.498E+00  1.068E+20 -1.377E-02 -7.209E-03  1.598E-01  3.978E-01  3.869E-01  2.410E-01  1.526E+01  1.125E+01  9.487E+00  1.842E+01  2.084E+01  2.658E+01  3.731E+01
 048  01 08 03  3.000E+21  7.767E+00  1.57200E-17  1.60949E-01  8.04906E+00  2.09276E+03  1.01458E-02  9.04141E+00  1.29889E+01  9.799E+00  1.174E-01  1.235E-01  9.832E+00  1.167E-01  1.420E-01  9.682E+00  1.234E-01  2.139E-02  9.705E+00  1.232E-01  2.258E-02  1.685E+22 -4.187E+00 -4.112E+00  1.639E+01  3.282E+01  2.003E+01  6.406E+00  1.067E+20 -1.456E-02 -1.143E-02  1.333E-01  3.685E-01  3.726E-01  2.369E-01  1.545E+01  1.154E+01  1.053E+01  1.799E+01  2.063E+01  2.646E+01  3.726E+01  1.688E+22 -4.179E+00 -3.936E+00  1.695E+01  3.324E+01  2.019E+01  6.442E+00  1.069E+20 -1.453E-02 -1.067E-02  1.371E-01  3.730E-01  3.755E-01  2.382E-01  1.545E+01  1.154E+01  1.043E+01  1.792E+01  2.063E+01  2.646E+01  3.726E+01
 049  01 08 04  3.000E+21  8.644E+00  5.06000E-18  1.60948E-01  8.91112E+00  2.31689E+03  1.12324E-02  9.42493E+00  1.30587E+01  9.983E+00  1.259E-01  5.906E-02  1.002E+01  1.252E-01  7.144E-02  9.899E+00  1.304E-01  1.044E-02  9.923E+00  1.302E-01  1.125E-02  1.517E+22 -3.592E+00 -3.283E+00  1.863E+01  3.711E+01  2.254E+01  7.112E+00  1.066E+20 -1.522E-02 -9.609E-03  1.671E-01  4.428E-01  4.339E-01  2.674E-01  1.634E+01  1.295E+01  1.105E+01  1.903E+01  2.134E+01  2.693E+01  3.760E+01  1.521E+22 -3.583E+00 -3.084E+00  1.931E+01  3.762E+01  2.274E+01  7.156E+00  1.069E+20 -1.518E-02 -8.657E-03  1.719E-01  4.485E-01  4.376E-01  2.691E-01  1.634E+01  1.295E+01  1.090E+01  1.894E+01  2.133E+01  2.693E+01  3.760E+01
 050  01 08 05  3.000E+21  9.935E+00  1.34210E-18  1.60856E-01  1.17647E+01  3.05882E+03  1.48294E-02  1.02386E+01  1.29660E+01  1.059E+01  1.354E-01  1.760E-02  1.062E+01  1.352E-01  2.252E-02  1.054E+01  1.381E-01  2.883E-03  1.056E+01  1.382E-01  3.209E-03  1.154E+22 -2.348E+00 -1.430E+00  2.402E+01  4.598E+01  2.777E+01  8.601E+00  1.070E+20 -1.566E-02  2.518E-03  2.971E-01  6.665E-01  5.960E-01  3.407E-01  1.913E+01  1.689E+01  9.394E+00  2.316E+01  2.388E+01  2.858E+01  3.859E+01  1.158E+22 -2.337E+00 -1.189E+00  2.494E+01  4.674E+01  2.808E+01  8.673E+00  1.074E+20 -1.559E-02  4.166E-03  3.054E-01  6.762E-01  6.022E-01  3.436E-01  1.913E+01  1.689E+01  8.537E+00  2.299E+01  2.385E+01  2.857E+01  3.859E+01
 051  01 08 06  3.000E+21  1.137E+01  3.29150E-19  1.60826E-01  1.72948E+01  4.49664E+03  2.18000E-02  1.13525E+01  1.31570E+01  1.145E+01  1.441E-01  7.270E-04  1.148E+01  1.448E-01  1.449E-03  1.144E+01  1.446E-01  1.860E-04  1.147E+01  1.456E-01  2.454E-04  6.664E+21 -1.121E+00  7.354E-01  2.764E+01  4.990E+01  3.128E+01  9.994E+00  1.059E+20 -1.461E-02  3.932E-02  5.900E-01  1.073E+00  8.574E-01  4.490E-01  2.623E+01  2.491E+01  2.744E+01  3.173E+01  3.017E+01  3.274E+01  4.134E+01  6.727E+21 -1.108E+00  1.023E+00  2.891E+01  5.112E+01  3.184E+01  1.014E+01  1.068E+20 -1.446E-02  4.304E-02  6.087E-01  1.095E+00  8.714E-01  4.553E-01  2.622E+01  2.492E+01  3.610E+01  3.149E+01  3.009E+01  3.271E+01  4.133E+01
 052  01 08 07  3.000E+21  1.258E+01  7.54010E-20  1.60737E-01  2.71051E+01  7.04732E+03  3.41659E-02  1.24628E+01  1.33171E+01  1.243E+01  1.465E-01  2.905E-04  1.247E+01  1.490E-01  1.270E-04  1.244E+01  1.460E-01  2.550E-06  1.248E+01  1.487E-01  2.915E-07  2.893E+21 -3.630E-01  2.538E+00  2.548E+01  3.869E+01  2.559E+01  9.328E+00  1.048E+20 -9.936E-03  1.342E-01  1.113E+00  1.635E+00  1.171E+00  5.669E-01  4.224E+01  3.698E+01  5.130E+01  4.724E+01  4.462E+01  4.429E+01  4.893E+01  2.958E+21 -3.486E-01  2.839E+00  2.686E+01  4.016E+01  2.640E+01  9.582E+00  1.068E+20 -9.547E-03  1.430E-01  1.156E+00  1.684E+00  1.203E+00  5.810E-01  4.217E+01  3.698E+01  4.771E+01  4.681E+01  4.440E+01  4.417E+01  4.886E+01
 053  01 08 08  3.000E+21  1.329E+01  1.74820E-20  1.60944E-01  4.32327E+01  1.12405E+04  5.44948E-02  1.32397E+01  1.35685E+01  1.317E+01  1.415E-01  4.460E-04  1.322E+01  1.500E-01  2.862E-04  1.319E+01  1.410E-01  1.920E-05  1.323E+01  1.496E-01  1.304E-05  1.105E+21 -4.128E-02  2.486E+00  1.628E+01  2.105E+01  1.380E+01  5.799E+00  1.008E+20 -6.138E-04  2.623E-01  1.615E+00  2.055E+00  1.374E+00  6.333E-01  7.020E+01  4.204E+01  7.755E+01  7.366E+01  7.128E+01  6.943E+01  6.907E+01  1.181E+21 -2.328E-02  2.849E+00  1.796E+01  2.290E+01  1.493E+01  6.241E+00  1.070E+20  7.030E-04  2.908E-01  1.751E+00  2.210E+00  1.472E+00  6.769E-01  6.990E+01  6.069E+01  7.616E+01  7.299E+01  7.073E+01  6.902E+01  6.877E+01
 054  01 08 09  3.000E+21  1.363E+01  4.11210E-21  1.60649E-01  6.92071E+01  1.79938E+04  8.72354E-02  1.36617E+01  1.37612E+01  1.359E+01  1.283E-01  3.972E-04  1.364E+01  1.497E-01  2.345E-04  1.360E+01  1.279E-01  2.111E-05  1.365E+01  1.493E-01  1.399E-05  3.843E+20  2.180E-02  1.329E+00  7.312E+00  8.715E+00  5.592E+00  2.451E+00  9.138E+19  7.445E-03  3.369E-01  1.802E+00  2.131E+00  1.376E+00  6.188E-01  1.172E+02  9.792E+01  1.230E+02  1.198E+02  1.171E+02  1.147E+02  1.119E+02  4.593E+20  4.178E-02  1.709E+00  9.048E+00  1.063E+01  6.778E+00  2.955E+00  1.068E+20  1.123E-02  4.128E-01  2.155E+00  2.525E+00  1.624E+00  7.286E-01  1.155E+02  1.254E+02  1.200E+02  1.172E+02  1.151E+02  1.129E+02  1.103E+02
 055  01 09 01  3.000E+21  6.791E+00  1.24500E-16  2.47158E-01  1.79375E+01  4.66374E+03  2.26102E-02  9.97198E+00  1.33085E+01  1.106E+01  1.732E-01  1.240E-01  1.112E+01  1.737E-01  1.333E-01  1.091E+01  1.827E-01  1.767E-02  1.095E+01  1.835E-01  1.826E-02  1.886E+22 -3.900E+00 -3.468E+00  2.806E+01  5.641E+01  3.618E+01  1.181E+01  1.629E+20 -2.035E-02  2.923E-02  5.622E-01  1.066E+00  8.978E-01  5.002E-01  1.719E+01  1.266E+01  8.070E+00  3.050E+01  2.741E+01  3.073E+01  3.991E+01  1.893E+22 -3.885E+00 -3.136E+00  2.955E+01  5.788E+01  3.687E+01  1.200E+01  1.641E+20 -2.015E-02  3.420E-02  5.871E-01  1.095E+00  9.164E-01  5.085E-01  1.722E+01  1.263E+01  1.994E+01  3.035E+01  2.743E+01  3.076E+01  3.993E+01
 056  01 09 02  3.000E+21  7.131E+00  4.82180E-17  2.47193E-01  1.51427E+01  3.93710E+03  1.90873E-02  9.63846E+00  1.32842E+01  1.070E+01  1.713E-01  1.659E-01  1.075E+01  1.711E-01  1.791E-01  1.054E+01  1.821E-01  2.281E-02  1.057E+01  1.823E-01  2.367E-02  2.069E+22 -4.477E+00 -4.303E+00  2.653E+01  5.458E+01  3.461E+01  1.119E+01  1.635E+20 -2.129E-02  1.034E-02  4.259E-01  8.818E-01  7.798E-01  4.514E-01  1.685E+01  1.266E+01  9.039E+00  2.685E+01  2.516E+01  2.922E+01  3.895E+01  2.075E+22 -4.463E+00 -4.005E+00  2.780E+01  5.574E+01  3.512E+01  1.132E+01  1.643E+20 -2.116E-02  1.354E-02  4.418E-01  9.003E-01  7.917E-01  4.568E-01  1.686E+01  1.264E+01  8.612E+00  2.668E+01  2.516E+01  2.923E+01  3.895E+01
 057  01 09 03  3.000E+21  7.636E+00  1.78530E-17  2.47080E-01  1.24421E+01  3.23495E+03  1.56833E-02  9.39433E+00  1.29905E+01  1.028E+01  1.766E-01  1.519E-01  1.032E+01  1.759E-01  1.675E-01  1.014E+01  1.870E-01  2.129E-02  1.016E+01  1.869E-01  2.229E-02  2.155E+22 -4.804E+00 -4.817E+00  2.407E+01  5.137E+01  3.264E+01  1.059E+01  1.635E+20 -2.235E-02 -5.701E-03  3.102E-01  7.290E-01  6.847E-01  4.132E-01  1.683E+01  1.307E+01  1.024E+01  2.378E+01  2.347E+01  2.817E+01  3.830E+01  2.160E+22 -4.792E+00 -4.562E+00  2.506E+01  5.221E+01  3.299E+01  1.067E+01  1.640E+20 -2.227E-02 -3.794E-03  3.197E-01  7.401E-01  6.919E-01  4.164E-01  1.684E+01  1.306E+01  9.979E+00  2.360E+01  2.346E+01  2.817E+01  3.830E+01
 058  01 09 04  3.000E+21  8.379E+00  6.09400E-18  2.47151E-01  1.17952E+01  3.06675E+03  1.48678E-02  9.48514E+00  1.30386E+01  1.014E+01  1.883E-01  8.944E-02  1.017E+01  1.876E-01  1.010E-01  1.003E+01  1.968E-01  1.307E-02  1.006E+01  1.966E-01  1.379E-02  2.013E+22 -4.323E+00 -4.311E+00  2.323E+01  5.127E+01  3.300E+01  1.077E+01  1.637E+20 -2.312E-02 -1.005E-02  2.904E-01  7.234E-01  6.927E-01  4.210E-01  1.762E+01  1.448E+01  1.138E+01  2.340E+01  2.350E+01  2.824E+01  3.832E+01  2.017E+22 -4.313E+00 -4.091E+00  2.406E+01  5.194E+01  3.327E+01  1.083E+01  1.641E+20 -2.306E-02 -8.604E-03  2.976E-01  7.318E-01  6.982E-01  4.235E-01  1.763E+01  1.448E+01  1.118E+01  2.323E+01  2.348E+01  2.823E+01  3.832E+01
 059  01 09 05  3.000E+21  9.443E+00  1.84660E-18  2.47007E-01  1.36684E+01  3.55379E+03  1.72290E-02  1.00062E+01  1.28099E+01  1.044E+01  2.024E-01  3.175E-02  1.048E+01  2.019E-01  3.890E-02  1.037E+01  2.078E-01  4.837E-03  1.040E+01  2.079E-01  5.291E-03  1.581E+22 -3.069E+00 -2.620E+00  2.516E+01  5.568E+01  3.649E+01  1.196E+01  1.635E+20 -2.380E-02 -1.701E-03  3.963E-01  9.205E-01  8.413E-01  4.901E-01  2.025E+01  1.824E+01  1.204E+01  2.671E+01  2.575E+01  2.965E+01  3.933E+01  1.586E+22 -3.057E+00 -2.358E+00  2.623E+01  5.661E+01  3.689E+01  1.206E+01  1.641E+20 -2.371E-02  5.503E-04  4.076E-01  9.338E-01  8.500E-01  4.940E-01  2.025E+01  1.823E+01  1.154E+01  2.649E+01  2.571E+01  2.964E+01  3.932E+01
 060  01 09 06  3.000E+21  1.080E+01  4.83790E-19  2.46943E-01  1.86093E+01  4.83841E+03  2.34570E-02  1.09318E+01  1.30618E+01  1.113E+01  2.165E-01  4.644E-03  1.116E+01  2.170E-01  6.633E-03  1.110E+01  2.188E-01  7.403E-04  1.112E+01  2.197E-01  8.736E-04  9.541E+21 -1.621E+00 -2.862E-01  2.743E+01  5.750E+01  3.938E+01  1.345E+01  1.630E+20 -2.325E-02  3.429E-02  7.104E-01  1.391E+00  1.157E+00  6.252E-01  2.715E+01  2.594E+01  2.934E+01  3.559E+01  3.240E+01  3.420E+01  4.209E+01  9.605E+21 -1.608E+00  1.584E-03  2.872E+01  5.877E+01  3.999E+01  1.361E+01  1.641E+20 -2.308E-02  3.852E-02  7.317E-01  1.416E+00  1.173E+00  6.324E-01  2.715E+01  2.595E+01  2.835E+01  3.524E+01  3.231E+01  3.417E+01  4.207E+01
 061  01 09 07  3.000E+21  1.212E+01  1.15470E-19  2.46891E-01  2.79681E+01  7.27171E+03  3.52538E-02  1.20412E+01  1.31419E+01  1.205E+01  2.243E-01  6.068E-05  1.209E+01  2.272E-01  1.524E-05  1.205E+01  2.240E-01  4.972E-06  1.208E+01  2.273E-01  1.427E-05  4.352E+21 -6.316E-01  1.895E+00  2.752E+01  4.722E+01  3.331E+01  1.278E+01  1.616E+20 -1.917E-02  1.344E-01  1.351E+00  2.152E+00  1.606E+00  7.999E-01  4.260E+01  3.906E+01  4.108E+01  5.012E+01  4.666E+01  4.568E+01  4.976E+01  4.426E+21 -6.169E-01  2.219E+00  2.904E+01  4.888E+01  3.425E+01  1.308E+01  1.642E+20 -1.873E-02  1.450E-01  1.404E+00  2.214E+00  1.645E+00  8.176E-01  4.259E+01  3.906E+01  5.428E+01  4.974E+01  4.647E+01  4.558E+01  4.971E+01
 062  01 09 08  3.000E+21  1.304E+01  2.67000E-20  2.46917E-01  4.40038E+01  1.14410E+04  5.54667E-02  1.29604E+01  1.34827E+01  1.291E+01  2.217E-01  4.554E-04  1.294E+01  2.295E-01  2.811E-04  1.292E+01  2.209E-01  1.665E-05  1.295E+01  2.288E-01  1.048E-05  1.715E+21 -1.371E-01  2.768E+00  2.093E+01  2.897E+01  1.962E+01  8.446E+00  1.581E+20 -7.425E-03  3.221E-01  2.194E+00  2.936E+00  2.011E+00  9.427E-01  7.061E+01  5.309E+01  8.047E+01  7.587E+01  7.283E+01  7.066E+01  6.997E+01  1.785E+21 -1.207E-01  3.101E+00  2.248E+01  3.068E+01  2.066E+01  8.855E+00  1.639E+20 -6.235E-03  3.481E-01  2.318E+00  3.078E+00  2.101E+00  9.829E-01  7.039E+01  5.194E+01  7.946E+01  7.518E+01  7.241E+01  7.030E+01  6.972E+01
 063  01 09 09  3.000E+21  1.353E+01  5.90320E-21  2.47092E-01  7.14389E+01  1.85741E+04  9.00486E-02  1.35321E+01  1.37071E+01  1.346E+01  2.067E-01  4.308E-04  1.351E+01  2.302E-01  2.745E-04  1.348E+01  2.060E-01  2.572E-05  1.352E+01  2.295E-01  1.830E-05  5.945E+20  1.449E-02  1.812E+00  1.049E+01  1.284E+01  8.348E+00  3.692E+00  1.473E+20  7.559E-03  4.895E-01  2.728E+00  3.298E+00  2.152E+00  9.749E-01  1.197E+02  1.144E+02  1.271E+02  1.230E+02  1.203E+02  1.176E+02  1.147E+02  6.710E+20  3.403E-02  2.191E+00  1.224E+01  1.478E+01  9.551E+00  4.206E+00  1.642E+20  1.151E-02  5.708E-01  3.110E+00  3.727E+00  2.422E+00  1.095E+00  1.186E+02  1.144E+02  1.247E+02  1.213E+02  1.189E+02  1.164E+02  1.137E+02
 064  01 10 02  3.000E+21  7.123E+00  4.81820E-17  3.79452E-01  2.57236E+01  6.68813E+03  3.24245E-02  1.03205E+01  1.33747E+01  1.132E+01  2.740E-01  1.005E-01  1.138E+01  2.755E-01  1.072E-01  1.118E+01  2.876E-01  1.349E-02  1.122E+01  2.897E-01  1.389E-02  2.237E+22 -4.647E+00 -4.319E+00  2.975E+01  6.650E+01  4.731E+01  1.707E+01  2.497E+20 -3.129E-02  7.547E-02  1.067E+00  1.904E+00  1.552E+00  8.420E-01  1.822E+01  1.343E+01  2.218E+01  4.202E+01  3.415E+01  3.540E+01  4.308E+01  2.245E+22 -4.631E+00 -3.974E+00  3.135E+01  6.822E+01  4.825E+01  1.736E+01  2.521E+20 -3.087E-02  8.553E-02  1.117E+00  1.962E+00  1.589E+00  8.585E-01  1.827E+01  1.339E+01  2.531E+01  4.185E+01  3.427E+01  3.549E+01  4.314E+01
 065  01 10 03  3.000E+21  7.561E+00  1.94930E-17  3.79459E-01  2.12916E+01  5.53581E+03  2.68380E-02  9.97905E+00  1.33303E+01  1.094E+01  2.730E-01  1.292E-01  1.098E+01  2.731E-01  1.388E-01  1.078E+01  2.882E-01  1.652E-02  1.082E+01  2.890E-01  1.714E-02  2.417E+22 -5.070E+00 -5.002E+00  2.846E+01  6.756E+01  4.793E+01  1.687E+01  2.504E+20 -3.336E-02  3.571E-02  8.079E-01  1.581E+00  1.354E+00  7.631E-01  1.865E+01  1.419E+01  1.051E+01  3.704E+01  3.096E+01  3.292E+01  4.128E+01  2.424E+22 -5.056E+00 -4.694E+00  2.986E+01  6.899E+01  4.865E+01  1.707E+01  2.518E+20 -3.310E-02  4.169E-02  8.374E-01  1.615E+00  1.376E+00  7.730E-01  1.867E+01  1.416E+01  1.006E+01  3.682E+01  3.097E+01  3.295E+01  4.130E+01
 066  01 10 04  3.000E+21  8.201E+00  7.04290E-18  3.79495E-01  1.76017E+01  4.57644E+03  2.21869E-02  9.77752E+00  1.30586E+01  1.054E+01  2.839E-01  1.063E-01  1.058E+01  2.832E-01  1.185E-01  1.041E+01  2.980E-01  1.368E-02  1.044E+01  2.982E-01  1.445E-02  2.399E+22 -4.807E+00 -4.985E+00  2.664E+01  6.689E+01  4.750E+01  1.654E+01  2.509E+20 -3.505E-02  5.386E-03  6.129E-01  1.348E+00  1.219E+00  7.118E-01  1.963E+01  1.611E+01  1.211E+01  3.305E+01  2.878E+01  3.144E+01  4.026E+01  2.406E+22 -4.794E+00 -4.689E+00  2.796E+01  6.817E+01  4.811E+01  1.670E+01  2.519E+20 -3.489E-02  9.468E-03  6.334E-01  1.372E+00  1.235E+00  7.188E-01  1.965E+01  1.610E+01  1.176E+01  3.278E+01  2.876E+01  3.144E+01  4.026E+01
 067  01 10 05  3.000E+21  9.088E+00  2.34320E-18  3.79372E-01  1.74244E+01  4.53034E+03  2.19634E-02  9.97786E+00  1.30914E+01  1.050E+01  3.028E-01  5.034E-02  1.054E+01  3.020E-01  5.981E-02  1.041E+01  3.131E-01  6.790E-03  1.044E+01  3.133E-01  7.374E-03  2.006E+22 -3.723E+00 -3.631E+00  2.601E+01  6.653E+01  4.821E+01  1.699E+01  2.507E+20 -3.608E-02  1.883E-03  6.247E-01  1.415E+00  1.285E+00  7.468E-01  2.221E+01  1.992E+01  1.351E+01  3.331E+01  2.984E+01  3.215E+01  4.082E+01  2.012E+22 -3.710E+00 -3.330E+00  2.736E+01  6.784E+01  4.882E+01  1.715E+01  2.518E+20 -3.592E-02  5.963E-03  6.454E-01  1.440E+00  1.300E+00  7.539E-01  2.222E+01  1.990E+01  1.302E+01  3.354E+01  2.979E+01  3.214E+01  4.082E+01
 068  01 10 06  3.000E+21  1.027E+01  6.87970E-19  3.79427E-01  2.10768E+01  5.47997E+03  2.65673E-02  1.06259E+01  1.29567E+01  1.092E+01  3.248E-01  1.128E-02  1.096E+01  3.249E-01  1.462E-02  1.088E+01  3.300E-01  1.607E-03  1.090E+01  3.309E-01  1.818E-03  1.302E+22 -2.203E+00 -1.301E+00  2.697E+01  6.466E+01  4.871E+01  1.802E+01  2.519E+20 -3.636E-02  3.224E-02  9.203E-01  1.890E+00  1.615E+00  8.918E-01  2.886E+01  2.757E+01  3.415E+01  3.885E+01  3.623E+01  3.662E+01  4.352E+01  1.309E+22 -2.190E+00 -1.012E+00  2.830E+01  6.602E+01  4.939E+01  1.821E+01  2.532E+20 -3.614E-02  3.760E-02  9.471E-01  1.921E+00  1.635E+00  9.009E-01  2.887E+01  2.757E+01  3.814E+01  3.853E+01  3.613E+01  3.659E+01  4.351E+01
 069  01 10 07  3.000E+21  1.161E+01  1.73970E-19  3.79252E-01  2.96171E+01  7.70044E+03  3.73323E-02  1.16233E+01  1.31766E+01  1.169E+01  3.412E-01  3.159E-04  1.173E+01  3.435E-01  7.216E-04  1.168E+01  3.421E-01  9.195E-05  1.171E+01  3.450E-01  1.274E-04  6.391E+21 -9.823E-01  1.087E+00  2.836E+01  5.520E+01  4.182E+01  1.709E+01  2.491E+20 -3.273E-02  1.332E-01  1.644E+00  2.827E+00  2.194E+00  1.125E+00  4.346E+01  4.103E+01  5.734E+01  5.329E+01  4.988E+01  4.808E+01  5.124E+01  6.459E+21 -9.685E-01  1.385E+00  2.976E+01  5.673E+01  4.268E+01  1.737E+01  2.517E+20 -3.230E-02  1.436E-01  1.696E+00  2.887E+00  2.233E+00  1.143E+00  4.346E+01  4.104E+01  4.590E+01  5.396E+01  4.969E+01  4.799E+01  5.120E+01
 070  01 10 08  3.000E+21  1.272E+01  4.02710E-20  3.79185E-01  4.54397E+01  1.18143E+04  5.72767E-02  1.26305E+01  1.33421E+01  1.258E+01  3.424E-01  3.896E-04  1.263E+01  3.521E-01  1.747E-04  1.260E+01  3.413E-01  7.407E-06  1.264E+01  3.513E-01  2.465E-06  2.580E+21 -2.940E-01  2.659E+00  2.468E+01  3.727E+01  2.633E+01  1.171E+01  2.445E+20 -2.020E-02  3.650E-01  2.837E+00  4.042E+00  2.854E+00  1.366E+00  7.138E+01  5.933E+01  7.778E+01  7.948E+01  7.542E+01  7.285E+01  7.178E+01  2.660E+21 -2.774E-01  3.018E+00  2.639E+01  3.919E+01  2.751E+01  1.218E+01  2.521E+20 -1.887E-02  3.968E-01  2.993E+00  4.223E+00  2.969E+00  1.418E+00  7.137E+01  5.893E+01  8.466E+01  7.901E+01  7.513E+01  7.267E+01  7.166E+01
 071  01 10 09  3.000E+21  1.336E+01  9.32450E-21  3.78859E-01  7.17920E+01  1.86659E+04  9.04937E-02  1.33304E+01  1.36297E+01  1.326E+01  3.301E-01  4.583E-04  1.331E+01  3.525E-01  3.016E-04  1.328E+01  3.289E-01  2.592E-05  1.332E+01  3.515E-01  1.871E-05  9.644E+20 -1.935E-02  2.378E+00  1.501E+01  1.921E+01  1.274E+01  5.710E+00  2.352E+20  2.427E-03  6.616E-01  3.944E+00  4.939E+00  3.276E+00  1.502E+00  1.184E+02  9.874E+01  1.288E+02  1.237E+02  1.203E+02  1.174E+02  1.144E+02  1.039E+21 -1.084E-03  2.738E+00  1.669E+01  2.107E+01  1.390E+01  6.206E+00  2.515E+20  6.064E-03  7.381E-01  4.306E+00  5.348E+00  3.535E+00  1.617E+00  1.178E+02  1.071E+02  1.269E+02  1.224E+02  1.194E+02  1.166E+02  1.137E+02
 072  01 10 10  3.000E+21  1.366E+01  2.14840E-21  3.78900E-01  1.15206E+02  2.99536E+04  1.45217E-01  1.37055E+01  1.38008E+01  1.362E+01  2.883E-01  4.420E-04  1.368E+01  3.529E-01  2.417E-04  1.364E+01  2.872E-01  2.758E-05  1.369E+01  3.520E-01  1.745E-05  3.171E+20  2.017E-02  1.126E+00  6.144E+00  7.311E+00  4.714E+00  2.102E+00  2.053E+20  1.836E-02  7.789E-01  4.121E+00  4.845E+00  3.118E+00  1.400E+00  1.969E+02  2.194E+02  2.045E+02  2.013E+02  1.982E+02  1.949E+02  1.908E+02  3.966E+20  4.124E-02  1.529E+00  7.989E+00  9.354E+00  5.991E+00  2.659E+00  2.519E+20  2.974E-02  1.008E+00  5.190E+00  6.036E+00  3.867E+00  1.731E+00  1.940E+02  2.083E+02  1.990E+02  1.970E+02  1.945E+02  1.920E+02  1.881E+02
 073  01 11 03  3.000E+21  7.498E+00  2.14450E-17  5.82569E-01  3.71309E+01  9.65402E+03  4.68034E-02  1.06853E+01  1.34431E+01  1.158E+01  4.330E-01  7.656E-02  1.164E+01  4.373E-01  8.128E-02  1.145E+01  4.519E-01  9.757E-03  1.150E+01  4.570E-01  1.002E-02  2.517E+22 -5.160E+00 -4.790E+00  3.101E+01  7.390E+01  5.631E+01  2.243E+01  3.819E+20 -4.660E-02  1.754E-01  2.004E+00  3.380E+00  2.670E+00  1.412E+00  1.950E+01  1.454E+01  3.320E+01  5.684E+01  4.221E+01  4.177E+01  4.844E+01  2.525E+22 -5.143E+00 -4.431E+00  3.271E+01  7.579E+01  5.744E+01  2.285E+01  3.870E+20 -4.569E-02  1.969E-01  2.109E+00  3.501E+00  2.747E+00  1.447E+00  1.955E+01  1.450E+01  3.256E+01  5.683E+01  4.262E+01  4.204E+01  4.861E+01
 074  01 11 04  3.000E+21  8.093E+00  7.81780E-18  5.82684E-01  2.95665E+01  7.68730E+03  3.72686E-02  1.03144E+01  1.33712E+01  1.114E+01  4.362E-01  9.511E-02  1.119E+01  4.373E-01  1.024E-01  1.100E+01  4.573E-01  1.138E-02  1.104E+01  4.593E-01  1.185E-02  2.601E+22 -5.057E+00 -5.007E+00  2.924E+01  7.601E+01  5.969E+01  2.348E+01  3.844E+20 -5.119E-02  8.835E-02  1.491E+00  2.790E+00  2.327E+00  1.281E+00  2.124E+01  1.683E+01  1.232E+01  4.889E+01  3.950E+01  3.888E+01  4.544E+01  2.608E+22 -5.042E+00 -4.690E+00  3.072E+01  7.762E+01  6.061E+01  2.379E+01  3.872E+20 -5.070E-02  9.982E-02  1.548E+00  2.855E+00  2.369E+00  1.300E+00  2.128E+01  1.679E+01  2.677E+01  4.867E+01  3.958E+01  3.896E+01  4.549E+01
 075  01 11 05  3.000E+21  8.881E+00  2.68520E-18  5.82563E-01  2.49731E+01  6.49301E+03  3.14786E-02  1.01967E+01  1.31241E+01  1.081E+01  4.563E-01  6.543E-02  1.085E+01  4.561E-01  7.377E-02  1.070E+01  4.743E-01  7.809E-03  1.074E+01  4.754E-01  8.323E-03  2.301E+22 -4.148E+00 -4.088E+00  2.720E+01  7.485E+01  6.037E+01  2.374E+01  3.843E+20 -5.408E-02  3.873E-02  1.210E+00  2.494E+00  2.171E+00  1.226E+00  2.458E+01  2.141E+01  1.480E+01  4.271E+01  3.856E+01  3.794E+01  4.445E+01  2.308E+22 -4.134E+00 -3.776E+00  2.867E+01  7.643E+01  6.123E+01  2.401E+01  3.864E+20 -5.376E-02  4.698E-02  1.251E+00  2.543E+00  2.202E+00  1.241E+00  2.461E+01  2.137E+01  1.413E+01  4.245E+01  3.853E+01  3.795E+01  4.446E+01
 076  01 11 06  3.000E+21  9.866E+00  8.91870E-19  5.82602E-01  2.60489E+01  6.77271E+03  3.28346E-02  1.05235E+01  1.31528E+01  1.090E+01  4.863E-01  2.367E-02  1.094E+01  4.864E-01  2.808E-02  1.084E+01  4.978E-01  2.959E-03  1.086E+01  4.990E-01  3.228E-03  1.636E+22 -2.738E+00 -2.077E+00  2.704E+01  7.066E+01  5.823E+01  2.378E+01  3.846E+20 -5.499E-02  4.936E-02  1.367E+00  2.797E+00  2.399E+00  1.332E+00  3.112E+01  2.920E+01  3.394E+01  4.928E+01  4.302E+01  4.144E+01  4.658E+01  1.643E+22 -2.725E+00 -1.793E+00  2.837E+01  7.208E+01  5.900E+01  2.402E+01  3.865E+20 -5.468E-02  5.699E-02  1.405E+00  2.842E+00  2.428E+00  1.345E+00  3.114E+01  2.917E+01  3.300E+01  4.563E+01  4.291E+01  4.141E+01  4.657E+01
 077  01 11 07  3.000E+21  1.110E+01  2.50240E-19  5.82125E-01  3.29139E+01  8.55760E+03  4.14879E-02  1.12873E+01  1.30836E+01  1.143E+01  5.159E-01  2.397E-03  1.147E+01  5.184E-01  3.672E-03  1.141E+01  5.197E-01  3.738E-04  1.144E+01  5.233E-01  4.595E-04  8.896E+21 -1.397E+00  2.221E-01  2.821E+01  6.157E+01  4.996E+01  2.200E+01  3.836E+20 -5.269E-02  1.413E-01  2.097E+00  3.814E+00  3.054E+00  1.604E+00  4.509E+01  4.286E+01  4.455E+01  6.040E+01  5.550E+01  5.243E+01  5.430E+01  8.969E+21 -1.383E+00  5.339E-01  2.970E+01  6.323E+01  5.093E+01  2.234E+01  3.871E+20 -5.213E-02  1.552E-01  2.166E+00  3.895E+00  3.106E+00  1.627E+00  4.513E+01  4.283E+01  4.411E+01  5.843E+01  5.533E+01  5.236E+01  5.427E+01
 078  01 11 08  3.000E+21  1.232E+01  6.09470E-20  5.81988E-01  4.76846E+01  1.23980E+04  6.01064E-02  1.22667E+01  1.33153E+01  1.226E+01  5.287E-01  1.204E-04  1.229E+01  5.362E-01  2.007E-05  1.226E+01  5.277E-01  7.820E-10  1.230E+01  5.358E-01  1.451E-06  3.858E+21 -5.192E-01  2.266E+00  2.762E+01  4.617E+01  3.429E+01  1.585E+01  3.798E+20 -4.047E-02  4.031E-01  3.623E+00  5.514E+00  4.024E+00  1.973E+00  7.232E+01  6.301E+01  7.357E+01  8.482E+01  7.950E+01  7.608E+01  7.437E+01  3.927E+21 -5.044E-01  2.574E+00  2.908E+01  4.781E+01  3.530E+01  1.626E+01  3.862E+20 -3.925E-02  4.306E-01  3.756E+00  5.668E+00  4.122E+00  2.016E+00  7.229E+01  6.290E+01  7.299E+01  8.432E+01  7.918E+01  7.585E+01  7.423E+01
 079  01 11 09  3.000E+21  1.314E+01  1.42820E-20  5.82246E-01  7.35859E+01  1.91323E+04  9.27549E-02  1.30834E+01  1.35138E+01  1.302E+01  5.173E-01  4.692E-04  1.306E+01  5.423E-01  2.859E-04  1.304E+01  5.154E-01  2.035E-05  1.308E+01  5.408E-01  1.316E-05  1.490E+21 -9.732E-02  2.714E+00  1.950E+01  2.655E+01  1.814E+01  8.290E+00  3.687E+20 -1.143E-02  8.354E-01  5.445E+00  7.130E+00  4.833E+00  2.249E+00  1.187E+02  8.109E+01  1.346E+02  1.276E+02  1.230E+02  1.197E+02  1.162E+02  1.568E+21 -7.946E-02  3.079E+00  2.121E+01  2.847E+01  1.934E+01  8.808E+00  3.872E+20 -7.653E-03  9.187E-01  5.845E+00  7.586E+00  5.122E+00  2.378E+00  1.185E+02  7.686E+01  1.330E+02  1.267E+02  1.224E+02  1.192E+02  1.158E+02
 080  01 11 10  3.000E+21  1.356E+01  3.34030E-21  5.82427E-01  1.16339E+02  3.02483E+04  1.46646E-01  1.35759E+01  1.37419E+01  1.350E+01  4.770E-01  4.103E-04  1.355E+01  5.424E-01  2.490E-04  1.352E+01  4.753E-01  2.109E-05  1.356E+01  5.410E-01  1.411E-05  5.296E+20  1.753E-02  1.669E+00  9.536E+00  1.164E+01  7.596E+00  3.413E+00  3.398E+20  2.045E-02  1.167E+00  6.418E+00  7.707E+00  5.011E+00  2.265E+00  1.950E+02  1.567E+02  2.061E+02  2.013E+02  1.977E+02  1.944E+02  1.901E+02  6.089E+20  3.779E-02  2.063E+00  1.135E+01  1.366E+01  8.861E+00  3.967E+00  3.870E+20  3.150E-02  1.395E+00  7.487E+00  8.905E+00  5.766E+00  2.600E+00  1.937E+02  2.164E+02  2.026E+02  1.986E+02  1.955E+02  1.927E+02  1.886E+02
 081  01 12 03  3.000E+21  7.547E+00  1.93130E-17  8.94778E-01  5.99771E+01  1.55941E+04  7.56011E-02  1.12919E+01  1.35331E+01  1.204E+01  6.880E-01  4.169E-02  1.211E+01  7.036E-01  4.379E-02  1.193E+01  7.104E-01  5.312E-03  1.200E+01  7.272E-01  5.378E-03  2.597E+22 -5.234E+00 -4.605E+00  3.297E+01  7.791E+01  6.055E+01  2.545E+01  5.804E+20 -6.130E-02  4.775E-01  4.232E+00  6.512E+00  4.883E+00  2.477E+00  2.011E+01  1.495E+01  4.043E+01  7.679E+01  4.947E+01  4.840E+01  5.690E+01  2.605E+22 -5.216E+00 -4.217E+00  3.480E+01  7.998E+01  6.184E+01  2.600E+01  5.945E+20 -5.860E-02  5.394E-01  4.533E+00  6.856E+00  5.102E+00  2.575E+00  2.016E+01  1.490E+01  4.288E+01  7.809E+01  5.059E+01  4.919E+01  5.752E+01
 082  01 12 04  3.000E+21  8.032E+00  8.35910E-18  8.94412E-01  5.15483E+01  1.34026E+04  6.49766E-02  1.09755E+01  1.34974E+01  1.176E+01  6.829E-01  5.996E-02  1.182E+01  6.916E-01  6.352E-02  1.163E+01  7.094E-01  7.154E-03  1.169E+01  7.194E-01  7.345E-03  2.689E+22 -5.164E+00 -4.758E+00  3.189E+01  8.042E+01  6.465E+01  2.758E+01  5.846E+20 -6.870E-02  3.476E-01  3.533E+00  5.749E+00  4.451E+00  2.315E+00  2.173E+01  1.699E+01  4.083E+01  7.321E+01  4.976E+01  4.769E+01  5.451E+01  2.696E+22 -5.147E+00 -4.401E+00  3.357E+01  8.231E+01  6.582E+01  2.806E+01  5.938E+20 -6.693E-02  3.878E-01  3.728E+00  5.973E+00  4.593E+00  2.378E+00  2.178E+01  1.694E+01  4.165E+01  7.357E+01  5.048E+01  4.818E+01  5.487E+01
 083  01 12 05  3.000E+21  8.769E+00  2.89640E-18  8.94388E-01  4.02234E+01  1.04581E+04  5.07015E-02  1.06452E+01  1.32165E+01  1.131E+01  6.982E-01  6.262E-02  1.136E+01  7.012E-01  6.831E-02  1.120E+01  7.257E-01  7.007E-03  1.124E+01  7.302E-01  7.358E-03  2.472E+22 -4.380E+00 -4.053E+00  2.969E+01  8.019E+01  6.772E+01  2.970E+01  5.888E+20 -7.789E-02  1.875E-01  2.678E+00  4.843E+00  3.952E+00  2.132E+00  2.589E+01  2.207E+01  4.212E+01  6.760E+01  5.155E+01  4.791E+01  5.221E+01  2.479E+22 -4.365E+00 -3.725E+00  3.124E+01  8.192E+01  6.877E+01  3.010E+01  5.940E+20 -7.696E-02  2.094E-01  2.785E+00  4.966E+00  4.031E+00  2.167E+00  2.595E+01  2.201E+01  4.092E+01  6.736E+01  5.175E+01  4.809E+01  5.232E+01
 084  01 12 06  3.000E+21  9.606E+00  1.05130E-18  8.94320E-01  3.59454E+01  9.34581E+03  4.53091E-02  1.06591E+01  1.31850E+01  1.112E+01  7.316E-01  3.408E-02  1.115E+01  7.327E-01  3.834E-02  1.103E+01  7.527E-01  3.809E-03  1.106E+01  7.552E-01  4.064E-03  1.895E+22 -3.135E+00 -2.463E+00  2.835E+01  7.565E+01  6.567E+01  2.972E+01  5.885E+20 -8.172E-02  1.299E-01  2.419E+00  4.652E+00  3.885E+00  2.120E+00  3.316E+01  3.036E+01  4.206E+01  5.768E+01  5.464E+01  5.032E+01  5.300E+01  1.901E+22 -3.121E+00 -2.181E+00  2.967E+01  7.711E+01  6.653E+01  3.003E+01  5.918E+20 -8.112E-02  1.436E-01  2.486E+00  4.729E+00  3.934E+00  2.143E+00  3.322E+01  3.029E+01  5.899E+01  6.444E+01  5.456E+01  5.032E+01  5.301E+01
 085  01 12 07  3.000E+21  1.068E+01  3.32670E-19  8.94550E-01  3.95076E+01  1.02720E+04  4.97992E-02  1.11163E+01  1.32235E+01  1.134E+01  7.767E-01  7.099E-03  1.138E+01  7.795E-01  9.190E-03  1.130E+01  7.868E-01  8.934E-04  1.133E+01  7.912E-01  1.023E-03  1.151E+22 -1.812E+00 -4.415E-01  2.847E+01  6.703E+01  5.715E+01  2.708E+01  5.889E+20 -8.126E-02  1.903E-01  2.979E+00  5.505E+00  4.460E+00  2.367E+00  4.716E+01  4.451E+01  5.579E+01  7.299E+01  6.475E+01  6.002E+01  6.007E+01  1.158E+22 -1.797E+00 -1.377E-01  2.992E+01  6.865E+01  5.813E+01  2.745E+01  5.935E+20 -8.047E-02  2.092E-01  3.072E+00  5.614E+00  4.530E+00  2.399E+00  4.724E+01  4.443E+01  6.271E+01  6.847E+01  6.458E+01  5.996E+01  6.006E+01
 086  01 12 08  3.000E+21  1.187E+01  8.99410E-20  8.94080E-01  5.19748E+01  1.35135E+04  6.55142E-02  1.19310E+01  1.32197E+01  1.196E+01  8.054E-01  4.131E-05  1.201E+01  8.163E-01  2.357E-04  1.196E+01  8.060E-01  2.410E-05  1.200E+01  8.182E-01  4.479E-05  5.527E+21 -8.073E-01  1.575E+00  2.879E+01  5.374E+01  4.211E+01  2.030E+01  5.841E+20 -7.097E-02  4.431E-01  4.617E+00  7.473E+00  5.627E+00  2.822E+00  7.317E+01  6.585E+01  1.000E+02  9.377E+01  8.632E+01  8.161E+01  7.905E+01  5.608E+21 -7.917E-01  1.924E+00  3.048E+01  5.566E+01  4.331E+01  2.080E+01  5.941E+20 -6.937E-02  4.834E-01  4.819E+00  7.707E+00  5.777E+00  2.890E+00  7.333E+01  6.566E+01  9.958E+01  9.322E+01  8.612E+01  8.153E+01  7.903E+01
 087  01 12 09  3.000E+21  1.285E+01  2.15810E-20  8.93544E-01  7.68426E+01  1.99791E+04  9.68600E-02  1.27971E+01  1.34618E+01  1.275E+01  8.047E-01  4.056E-04  1.279E+01  8.303E-01  2.123E-04  1.276E+01  8.020E-01  1.284E-05  1.280E+01  8.282E-01  6.519E-06  2.248E+21 -2.257E-01  2.800E+00  2.378E+01  3.492E+01  2.472E+01  1.157E+01  5.744E+20 -3.789E-02  1.007E+00  7.301E+00  1.007E+01  7.003E+00  3.317E+00  1.194E+02  9.226E+01  1.421E+02  1.341E+02  1.278E+02  1.235E+02  1.196E+02  2.324E+21 -2.088E-01  3.150E+00  2.544E+01  3.678E+01  2.589E+01  1.208E+01  5.939E+20 -3.408E-02  1.092E+00  7.715E+00  1.055E+01  7.305E+00  3.452E+00  1.194E+02  9.088E+01  1.412E+02  1.332E+02  1.273E+02  1.231E+02  1.194E+02
 088  01 12 10  3.000E+21  1.342E+01  5.01180E-21  8.93525E-01  1.19688E+02  3.11188E+04  1.50866E-01  1.34133E+01  1.36572E+01  1.334E+01  7.630E-01  4.281E-04  1.339E+01  8.323E-01  2.691E-04  1.336E+01  7.603E-01  2.074E-05  1.340E+01  8.300E-01  1.413E-05  8.285E+20 -2.905E-03  2.218E+00  1.353E+01  1.708E+01  1.133E+01  5.144E+00  5.435E+20  1.379E-02  1.634E+00  9.482E+00  1.171E+01  7.716E+00  3.521E+00  1.958E+02  1.836E+02  2.129E+02  2.054E+02  2.008E+02  1.974E+02  1.930E+02  9.081E+20  1.656E-02  2.604E+00  1.533E+01  1.909E+01  1.259E+01  5.697E+00  5.938E+20  2.495E-02  1.870E+00  1.060E+01  1.297E+01  8.514E+00  3.875E+00  1.954E+02  1.898E+02  2.095E+02  2.035E+02  1.996E+02  1.964E+02  1.922E+02
 089  01 13 04  3.000E+21  7.925E+00  9.82710E-18  1.37370E+00  8.78494E+01  2.28408E+04  1.10734E-01  1.16500E+01  1.36022E+01  1.228E+01  1.075E+00  2.923E-02  1.236E+01  1.111E+00  3.040E-02  1.218E+01  1.105E+00  3.606E-03  1.226E+01  1.142E+00  3.610E-03  2.727E+22 -5.244E+00 -4.509E+00  3.408E+01  8.299E+01  6.653E+01  2.890E+01  8.828E+20 -8.136E-02  9.578E-01  7.615E+00  1.119E+01  8.183E+00  4.068E+00  2.165E+01  1.660E+01  4.860E+01  9.110E+01  5.451E+01  5.196E+01  6.108E+01  2.736E+22 -5.225E+00 -4.114E+00  3.595E+01  8.508E+01  6.784E+01  2.947E+01  9.127E+20 -7.531E-02  1.092E+00  8.262E+00  1.193E+01  8.650E+00  4.276E+00  2.171E+01  1.655E+01  5.414E+01  9.453E+01  5.594E+01  5.285E+01  6.201E+01
 090  01 13 05  3.000E+21  8.682E+00  3.14480E-18  1.37356E+00  7.01015E+01  1.82264E+04  8.83628E-02  1.12457E+01  1.35394E+01  1.189E+01  1.080E+00  4.398E-02  1.195E+01  1.097E+00  4.690E-02  1.178E+01  1.116E+00  4.889E-03  1.184E+01  1.135E+00  5.047E-03  2.573E+22 -4.528E+00 -3.827E+00  3.251E+01  8.433E+01  7.132E+01  3.238E+01  8.958E+20 -1.013E-01  6.411E-01  6.061E+00  9.624E+00  7.339E+00  3.765E+00  2.612E+01  2.199E+01  5.410E+01  9.247E+01  6.004E+01  5.499E+01  6.133E+01  2.581E+22 -4.511E+00 -3.472E+00  3.418E+01  8.622E+01  7.250E+01  3.289E+01  9.122E+20 -9.801E-02  7.141E-01  6.412E+00  1.003E+01  7.595E+00  3.879E+00  2.618E+01  2.192E+01  5.489E+01  9.248E+01  6.101E+01  5.566E+01  6.186E+01
 091  01 13 06  3.000E+21  9.459E+00  1.15400E-18  1.37302E+00  5.59752E+01  1.45536E+04  7.05567E-02  1.10229E+01  1.32988E+01  1.153E+01  1.114E+00  3.556E-02  1.158E+01  1.122E+00  3.970E-02  1.143E+01  1.147E+00  3.731E-03  1.148E+01  1.158E+00  3.980E-03  2.056E+22 -3.369E+00 -2.483E+00  3.056E+01  8.007E+01  7.024E+01  3.352E+01  9.006E+20 -1.159E-01  4.035E-01  4.916E+00  8.523E+00  6.772E+00  3.568E+00  3.406E+01  3.085E+01  7.638E+01  9.174E+01  6.860E+01  6.123E+01  6.353E+01  2.064E+22 -3.353E+00 -2.141E+00  3.219E+01  8.191E+01  7.138E+01  3.400E+01  9.111E+20 -1.140E-01  4.481E-01  5.134E+00  8.776E+00  6.933E+00  3.641E+00  3.416E+01  3.073E+01  8.077E+01  9.153E+01  6.906E+01  6.163E+01  6.380E+01
 092  01 13 07  3.000E+21  1.039E+01  3.97800E-19  1.37359E+00  5.25476E+01  1.36624E+04  6.62362E-02  1.11675E+01  1.32561E+01  1.146E+01  1.173E+00  1.255E-02  1.150E+01  1.180E+00  1.521E-02  1.141E+01  1.194E+00  1.352E-03  1.144E+01  1.203E+00  1.510E-03  1.361E+22 -2.131E+00 -7.810E-01  2.960E+01  7.177E+01  6.269E+01  3.115E+01  9.035E+20 -1.209E-01  3.604E-01  4.902E+00  8.754E+00  6.999E+00  3.685E+00  4.870E+01  4.579E+01  6.433E+01  8.627E+01  7.933E+01  7.160E+01  7.018E+01  1.368E+22 -2.116E+00 -4.594E-01  3.114E+01  7.351E+01  6.377E+01  3.159E+01  9.122E+20 -1.194E-01  3.964E-01  5.079E+00  8.960E+00  7.131E+00  3.744E+00  4.886E+01  4.563E+01  7.882E+01  9.314E+01  7.931E+01  7.172E+01  7.029E+01
 093  01 13 08  3.000E+21  1.146E+01  1.22790E-19  1.37325E+00  6.07360E+01  1.57914E+04  7.65576E-02  1.17167E+01  1.33122E+01  1.181E+01  1.226E+00  9.089E-04  1.185E+01  1.237E+00  1.589E-03  1.180E+01  1.231E+00  1.371E-04  1.183E+01  1.245E+00  1.824E-04  7.382E+21 -1.105E+00  1.028E+00  2.976E+01  6.030E+01  4.932E+01  2.462E+01  9.010E+20 -1.137E-01  5.714E-01  6.396E+00  1.067E+01  8.175E+00  4.157E+00  7.457E+01  6.828E+01  9.669E+01  1.085E+02  9.802E+01  9.119E+01  8.747E+01  7.457E+21 -1.090E+00  1.355E+00  3.133E+01  6.208E+01  5.043E+01  2.510E+01  9.128E+20 -1.116E-01  6.207E-01  6.640E+00  1.095E+01  8.355E+00  4.238E+00  7.481E+01  6.803E+01  9.622E+01  1.084E+02  9.784E+01  9.117E+01  8.751E+01
 094  01 13 09  3.000E+21  1.251E+01  3.20230E-20  1.37210E+00  8.27796E+01  2.15227E+04  1.04344E-01  1.25051E+01  1.33690E+01  1.248E+01  1.241E+00  2.097E-04  1.252E+01  1.269E+00  6.113E-05  1.249E+01  1.238E+00  4.141E-06  1.253E+01  1.268E+00  6.364E-07  3.281E+21 -4.065E-01  2.590E+00  2.716E+01  4.341E+01  3.201E+01  1.540E+01  8.895E+20 -8.075E-02  1.195E+00  9.679E+00  1.408E+01  1.005E+01  4.847E+00  1.199E+02  9.871E+01  1.421E+02  1.449E+02  1.357E+02  1.300E+02  1.253E+02  3.357E+21 -3.902E-01  2.933E+00  2.879E+01  4.526E+01  3.318E+01  1.591E+01  9.120E+20 -7.654E-02  1.291E+00  1.015E+01  1.462E+01  1.039E+01  5.002E+00  1.202E+02  9.789E+01  1.381E+02  1.441E+02  1.353E+02  1.298E+02  1.253E+02
 095  01 13 10  3.000E+21  1.323E+01  7.67970E-21  1.37356E+00  1.24031E+02  3.22481E+04  1.56341E-01  1.32009E+01  1.36015E+01  1.313E+01  1.202E+00  4.587E-04  1.318E+01  1.279E+00  2.765E-04  1.315E+01  1.197E+00  2.105E-05  1.319E+01  1.275E+00  1.368E-05  1.281E+21 -6.231E-02  2.635E+00  1.795E+01  2.392E+01  1.628E+01  7.523E+00  8.563E+20 -1.162E-02  2.144E+00  1.341E+01  1.720E+01  1.154E+01  5.334E+00  1.951E+02  1.187E+02  2.232E+02  2.118E+02  2.051E+02  2.007E+02  1.960E+02  1.363E+21 -4.336E-02  3.022E+00  1.977E+01  2.597E+01  1.757E+01  8.090E+00  9.129E+20  8.287E-05  2.402E+00  1.464E+01  1.860E+01  1.243E+01  5.730E+00  1.956E+02  1.053E+02  2.203E+02  2.105E+02  2.046E+02  2.004E+02  1.959E+02
 096  01 14 05  3.000E+21  8.586E+00  3.53720E-18  2.10886E+00  1.21274E+02  3.15312E+04  1.52865E-01  1.18677E+01  1.36514E+01  1.239E+01  1.671E+00  2.349E-02  1.248E+01  1.739E+00  2.439E-02  1.230E+01  1.713E+00  2.709E-03  1.239E+01  1.783E+00  2.706E-03  2.645E+22 -4.663E+00 -3.659E+00  3.477E+01  8.722E+01  7.318E+01  3.337E+01  1.345E+21 -1.125E-01  1.673E+00  1.264E+01  1.819E+01  1.314E+01  6.470E+00  2.572E+01  2.134E+01  6.629E+01  1.075E+02  6.327E+01  5.755E+01  6.508E+01  2.653E+22 -4.643E+00 -3.264E+00  3.662E+01  8.930E+01  7.449E+01  3.395E+01  1.400E+21 -1.007E-01  1.927E+00  1.386E+01  1.956E+01  1.401E+01  6.857E+00  2.579E+01  2.126E+01  7.418E+01  1.107E+02  6.475E+01  5.854E+01  6.596E+01
 097  01 14 06  3.000E+21  9.360E+00  1.25000E-18  2.10891E+00  9.61240E+01  2.49922E+04  1.21164E-01  1.15454E+01  1.35794E+01  1.204E+01  1.707E+00  2.847E-02  1.211E+01  1.741E+00  3.083E-02  1.195E+01  1.753E+00  2.947E-03  1.201E+01  1.791E+00  3.075E-03  2.161E+22 -3.514E+00 -2.261E+00  3.328E+01  8.414E+01  7.350E+01  3.549E+01  1.370E+21 -1.462E-01  1.185E+00  1.047E+01  1.619E+01  1.214E+01  6.136E+00  3.427E+01  3.067E+01  1.527E+02  1.143E+02  7.578E+01  6.663E+01  7.066E+01  2.169E+22 -3.496E+00 -1.896E+00  3.500E+01  8.608E+01  7.472E+01  3.602E+01  1.402E+21 -1.397E-01  1.328E+00  1.115E+01  1.697E+01  1.264E+01  6.356E+00  3.437E+01  3.052E+01  1.518E+02  1.163E+02  7.708E+01  6.753E+01  7.139E+01
 098  01 14 07  3.000E+21  1.020E+01  4.53060E-19  2.10905E+00  7.87391E+01  2.04722E+04  9.92505E-02  1.14296E+01  1.33650E+01  1.177E+01  1.776E+00  1.645E-02  1.182E+01  1.795E+00  1.903E-02  1.170E+01  1.813E+00  1.629E-03  1.175E+01  1.835E+00  1.779E-03  1.519E+22 -2.360E+00 -8.069E-01  3.172E+01  7.648E+01  6.722E+01  3.395E+01  1.381E+21 -1.687E-01  8.626E-01  9.138E+00  1.512E+01  1.167E+01  5.999E+00  4.918E+01  4.597E+01  9.644E+01  1.207E+02  9.277E+01  8.157E+01  8.114E+01  1.527E+22 -2.344E+00 -4.640E-01  3.335E+01  7.833E+01  6.838E+01  3.445E+01  1.401E+21 -1.649E-01  9.504E-01  9.566E+00  1.561E+01  1.198E+01  6.140E+00  4.938E+01  4.573E+01  1.294E+02  1.206E+02  9.358E+01  8.226E+01  8.168E+01
 099  01 14 08  3.000E+21  1.114E+01  1.53450E-19  2.10844E+00  7.79775E+01  2.02741E+04  9.82905E-02  1.16851E+01  1.33348E+01  1.184E+01  1.855E+00  3.122E-03  1.188E+01  1.874E+00  4.268E-03  1.181E+01  1.871E+00  3.491E-04  1.185E+01  1.893E+00  4.179E-04  9.072E+21 -1.364E+00  6.979E-01  3.087E+01  6.562E+01  5.517E+01  2.819E+01  1.381E+21 -1.702E-01  9.205E-01  9.875E+00  1.630E+01  1.246E+01  6.336E+00  7.535E+01  6.967E+01  1.263E+02  1.334E+02  1.144E+02  1.037E+02  9.939E+01  9.146E+21 -1.348E+00  1.027E+00  3.244E+01  6.740E+01  5.630E+01  2.868E+01  1.400E+21 -1.667E-01  1.001E+00  1.027E+01  1.675E+01  1.275E+01  6.467E+00  7.569E+01  6.928E+01  1.234E+02  1.339E+02  1.145E+02  1.041E+02  9.970E+01
 100  01 14 09  3.000E+21  1.215E+01  4.49170E-20  2.10925E+00  9.45474E+01  2.45823E+04  1.19177E-01  1.22801E+01  1.32900E+01  1.228E+01  1.900E+00  9.112E-06  1.233E+01  1.938E+00  4.515E-05  1.229E+01  1.899E+00  3.930E-06  1.233E+01  1.940E+00  1.214E-05  4.505E+21 -6.149E-01  2.201E+00  2.925E+01  5.079E+01  3.900E+01  1.929E+01  1.371E+21 -1.422E-01  1.507E+00  1.324E+01  2.001E+01  1.456E+01  7.131E+00  1.202E+02  1.028E+02  1.387E+02  1.634E+02  1.485E+02  1.403E+02  1.347E+02  4.586E+21 -5.983E-01  2.557E+00  3.096E+01  5.273E+01  4.024E+01  1.983E+01  1.403E+21 -1.365E-01  1.643E+00  1.391E+01  2.078E+01  1.506E+01  7.351E+00  1.209E+02  1.019E+02  1.656E+02  1.627E+02  1.485E+02  1.406E+02  1.351E+02
 101  01 14 10  3.000E+21  1.299E+01  1.13280E-20  2.10795E+00  1.32808E+02  3.45301E+04  1.67405E-01  1.29767E+01  1.35165E+01  1.292E+01  1.875E+00  3.984E-04  1.296E+01  1.960E+00  2.131E-04  1.293E+01  1.869E+00  1.377E-05  1.297E+01  1.955E+00  7.388E-06  1.890E+21 -1.583E-01  2.859E+00  2.222E+01  3.152E+01  2.209E+01  1.042E+01  1.338E+21 -6.042E-02  2.758E+00  1.868E+01  2.494E+01  1.706E+01  7.992E+00  1.959E+02  1.395E+02  2.400E+02  2.240E+02  2.136E+02  2.079E+02  2.027E+02  1.971E+21 -1.403E-01  3.232E+00  2.399E+01  3.351E+01  2.335E+01  1.097E+01  1.401E+21 -4.789E-02  3.039E+00  2.003E+01  2.648E+01  1.804E+01  8.430E+00  1.969E+02  1.341E+02  2.375E+02  2.230E+02  2.135E+02  2.081E+02  2.031E+02
 102  01 15 06  3.000E+21  9.323E+00  1.28250E-18  3.23856E+00  1.65341E+02  4.29886E+04  2.08412E-01  1.20809E+01  1.36910E+01  1.248E+01  2.605E+00  1.712E-02  1.258E+01  2.733E+00  1.799E-02  1.240E+01  2.661E+00  1.843E-03  1.250E+01  2.793E+00  1.857E-03  2.201E+22 -3.558E+00 -1.994E+00  3.548E+01  8.712E+01  7.550E+01  3.651E+01  2.050E+21 -1.566E-01  2.830E+00  2.070E+01  2.935E+01  2.101E+01  1.026E+01  3.441E+01  3.061E+01  2.048E+02  1.298E+02  7.917E+01  6.921E+01  7.365E+01  2.210E+22 -3.538E+00 -1.594E+00  3.734E+01  8.921E+01  7.682E+01  3.709E+01  2.152E+21 -1.342E-01  3.307E+00  2.296E+01  3.191E+01  2.263E+01  1.098E+01  3.453E+01  3.044E+01  2.116E+02  1.350E+02  8.107E+01  7.036E+01  7.469E+01
 103  01 15 07  3.000E+21  1.005E+01  5.13020E-19  3.23840E+00  1.33259E+02  3.46473E+04  1.67973E-01  1.18650E+01  1.36180E+01  1.221E+01  2.682E+00  1.555E-02  1.229E+01  2.760E+00  1.743E-02  1.214E+01  2.736E+00  1.532E-03  1.221E+01  2.819E+00  1.634E-03  1.641E+22 -2.531E+00 -6.713E-01  3.413E+01  8.057E+01  7.059E+01  3.574E+01  2.085E+21 -2.047E-01  2.185E+00  1.812E+01  2.723E+01  2.005E+01  9.970E+00  4.822E+01  4.479E+01  1.915E+02  1.437E+02  9.868E+01  8.536E+01  8.576E+01  1.650E+22 -2.512E+00 -2.825E-01  3.597E+01  8.264E+01  7.189E+01  3.631E+01  2.152E+21 -1.911E-01  2.486E+00  1.956E+01  2.887E+01  2.109E+01  1.043E+01  4.845E+01  4.449E+01  1.953E+02  1.472E+02  1.006E+02  8.668E+01  8.686E+01
 104  01 15 08  3.000E+21  1.094E+01  1.74780E-19  3.23783E+00  1.12471E+02  2.92425E+04  1.41770E-01  1.18574E+01  1.34283E+01  1.205E+01  2.804E+00  5.332E-03  1.210E+01  2.853E+00  6.761E-03  1.201E+01  2.837E+00  5.234E-04  1.206E+01  2.891E+00  6.057E-04  1.026E+22 -1.534E+00  6.535E-01  3.237E+01  6.970E+01  5.937E+01  3.070E+01  2.107E+21 -2.352E-01  1.829E+00  1.706E+01  2.679E+01  2.004E+01  1.004E+01  7.600E+01  7.042E+01  1.711E+02  1.632E+02  1.280E+02  1.134E+02  1.094E+02  1.034E+22 -1.517E+00  1.015E+00  3.409E+01  7.165E+01  6.061E+01  3.124E+01  2.152E+21 -2.268E-01  2.023E+00  1.801E+01  2.788E+01  2.073E+01  1.035E+01  7.646E+01  6.987E+01  1.767E+02  1.650E+02  1.295E+02  1.147E+02  1.105E+02
 105  01 15 09  3.000E+21  1.186E+01  5.67860E-20  3.23734E+00  1.17963E+02  3.06704E+04  1.48692E-01  1.22014E+01  1.34254E+01  1.224E+01  2.891E+00  2.206E-04  1.229E+01  2.948E+00  5.325E-04  1.223E+01  2.897E+00  3.991E-05  1.228E+01  2.959E+00  6.195E-05  5.650E+21 -7.957E-01  1.953E+00  3.091E+01  5.664E+01  4.477E+01  2.259E+01  2.103E+21 -2.197E-01  2.230E+00  1.969E+01  2.994E+01  2.189E+01  1.077E+01  1.212E+02  1.060E+02  1.990E+02  1.913E+02  1.648E+02  1.528E+02  1.469E+02  5.730E+21 -7.789E-01  2.309E+00  3.262E+01  5.857E+01  4.600E+01  2.313E+01  2.152E+21 -2.108E-01  2.439E+00  2.071E+01  3.111E+01  2.264E+01  1.110E+01  1.221E+02  1.049E+02  2.000E+02  1.910E+02  1.657E+02  1.539E+02  1.479E+02
 106  01 15 10  3.000E+21  1.271E+01  1.62650E-20  3.23648E+00  1.48702E+02  3.86625E+04  1.87439E-01  1.27699E+01  1.34487E+01  1.272E+01  2.893E+00  2.428E-04  1.277E+01  3.000E+00  8.536E-05  1.273E+01  2.886E+00  4.800E-06  1.278E+01  2.995E+00  1.038E-06  2.669E+21 -2.894E-01  2.871E+00  2.593E+01  3.929E+01  2.843E+01  1.369E+01  2.069E+21 -1.397E-01  3.559E+00  2.594E+01  3.592E+01  2.503E+01  1.188E+01  1.950E+02  1.499E+02  2.695E+02  2.419E+02  2.246E+02  2.164E+02  2.109E+02  2.751E+21 -2.715E-01  3.246E+00  2.772E+01  4.131E+01  2.971E+01  1.425E+01  2.151E+21 -1.241E-01  3.916E+00  2.767E+01  3.791E+01  2.629E+01  1.244E+01  1.967E+02  1.463E+02  2.687E+02  2.416E+02  2.256E+02  2.176E+02  2.122E+02
 107  01 16 06  3.000E+21  9.334E+00  1.24870E-18  4.97149E+00  2.70192E+02  7.02498E+04  3.40576E-01  1.25324E+01  1.37644E+01  1.280E+01  3.911E+00  8.905E-03  1.293E+01  4.295E+00  8.948E-03  1.274E+01  3.971E+00  1.019E-03  1.287E+01  4.362E+00  9.655E-04  2.199E+22 -3.528E+00 -1.736E+00  3.665E+01  8.832E+01  7.628E+01  3.700E+01  3.011E+21 -1.366E-01  5.652E+00  3.709E+01  4.964E+01  3.442E+01  1.640E+01  3.486E+01  3.089E+01  2.382E+02  1.411E+02  8.282E+01  7.154E+01  7.593E+01  2.208E+22 -3.506E+00 -1.309E+00  3.863E+01  9.052E+01  7.766E+01  3.761E+01  3.303E+21 -6.976E-02  7.050E+00  4.367E+01  5.702E+01  3.908E+01  1.846E+01  3.498E+01  3.070E+01  2.637E+02  1.484E+02  8.507E+01  7.292E+01  7.710E+01
 108  01 16 07  3.000E+21  1.003E+01  5.08470E-19  4.97102E+00  2.28340E+02  5.93684E+04  2.87822E-01  1.23255E+01  1.37275E+01  1.259E+01  4.035E+00  1.019E-02  1.270E+01  4.295E+00  1.104E-02  1.253E+01  4.102E+00  1.042E-03  1.264E+01  4.370E+00  1.068E-03  1.658E+22 -2.533E+00 -3.754E-01  3.595E+01  8.283E+01  7.208E+01  3.652E+01  3.099E+21 -2.083E-01  4.808E+00  3.403E+01  4.742E+01  3.357E+01  1.622E+01  4.903E+01  4.508E+01  2.562E+02  1.606E+02  1.034E+02  8.892E+01  8.913E+01  1.666E+22 -2.512E+00  3.992E-02  3.789E+01  8.499E+01  7.344E+01  3.713E+01  3.303E+21 -1.630E-01  5.772E+00  3.859E+01  5.256E+01  3.682E+01  1.766E+01  4.928E+01  4.473E+01  2.697E+02  1.670E+02  1.060E+02  9.051E+01  9.046E+01
 109  01 16 08  3.000E+21  1.084E+01  1.85940E-19  4.97283E+00  1.81740E+02  4.72524E+04  2.29083E-01  1.21847E+01  1.35633E+01  1.237E+01  4.216E+00  6.002E-03  1.245E+01  4.374E+00  7.297E-03  1.233E+01  4.270E+00  5.760E-04  1.240E+01  4.435E+00  6.477E-04  1.093E+22 -1.616E+00  8.233E-01  3.397E+01  7.237E+01  6.181E+01  3.216E+01  3.177E+21 -2.815E-01  3.967E+00  3.125E+01  4.573E+01  3.306E+01  1.619E+01  7.657E+01  7.056E+01  2.554E+02  1.855E+02  1.376E+02  1.198E+02  1.151E+02  1.101E+22 -1.596E+00  1.224E+00  3.585E+01  7.449E+01  6.316E+01  3.276E+01  3.306E+21 -2.551E-01  4.552E+00  3.406E+01  4.892E+01  3.509E+01  1.709E+01  7.710E+01  6.985E+01  2.559E+02  1.906E+02  1.406E+02  1.219E+02  1.168E+02
 110  01 16 09  3.000E+21  1.164E+01  6.79830E-20  4.96999E+00  1.63822E+02  4.25938E+04  2.06498E-01  1.22825E+01  1.34986E+01  1.235E+01  4.366E+00  9.729E-04  1.241E+01  4.490E+00  1.574E-03  1.233E+01  4.388E+00  1.138E-04  1.239E+01  4.519E+00  1.503E-04  6.646E+21 -9.430E-01  1.863E+00  3.253E+01  6.139E+01  4.942E+01  2.528E+01  3.202E+21 -3.032E-01  3.860E+00  3.181E+01  4.712E+01  3.409E+01  1.665E+01  1.202E+02  1.064E+02  2.682E+02  2.196E+02  1.777E+02  1.613E+02  1.544E+02  6.730E+21 -9.248E-01  2.245E+00  3.435E+01  6.345E+01  5.073E+01  2.585E+01  3.303E+21 -2.838E-01  4.306E+00  3.398E+01  4.960E+01  3.567E+01  1.736E+01  1.214E+02  1.050E+02  2.665E+02  2.223E+02  1.806E+02  1.638E+02  1.565E+02
 111  01 16 10  3.000E+21  1.245E+01  2.13600E-20  4.97068E+00  1.80533E+02  4.69385E+04  2.27561E-01  1.26612E+01  1.35228E+01  1.263E+01  4.426E+00  5.058E-05  1.269E+01  4.586E+00  2.941E-06  1.264E+01  4.420E+00  1.559E-07  1.269E+01  4.586E+00  2.934E-06  3.463E+21 -4.185E-01  2.816E+00  2.879E+01  4.594E+01  3.410E+01  1.671E+01  3.179E+21 -2.391E-01  5.028E+00  3.775E+01  5.315E+01  3.736E+01  1.785E+01  1.946E+02  1.559E+02  3.223E+02  2.672E+02  2.389E+02  2.268E+02  2.203E+02  3.546E+21 -4.003E-01  3.199E+00  3.061E+01  4.801E+01  3.541E+01  1.729E+01  3.303E+21 -2.154E-01  5.572E+00  4.039E+01  5.617E+01  3.929E+01  1.871E+01  1.970E+02  1.526E+02  3.166E+02  2.690E+02  2.418E+02  2.297E+02  2.230E+02
 112  01 17 07  3.000E+21  9.953E+00  5.56340E-19  7.63509E+00  3.86110E+02  1.00389E+05  4.86691E-01  1.27478E+01  1.38008E+01  1.290E+01  5.886E+00  5.558E-03  1.306E+01  6.706E+00  5.615E-03  1.285E+01  5.958E+00  6.229E-04  1.301E+01  6.790E+00  5.802E-04  1.722E+22 -2.626E+00 -3.453E-01  3.654E+01  8.384E+01  7.298E+01  3.692E+01  4.460E+21 -1.536E-01  9.209E+00  5.879E+01  7.745E+01  5.319E+01  2.513E+01  4.766E+01  4.371E+01  1.657E+02  1.678E+02  1.054E+02  8.916E+01  8.947E+01  1.731E+22 -2.604E+00  9.490E-02  3.857E+01  8.610E+01  7.440E+01  3.755E+01  5.075E+21 -9.757E-03  1.219E+01  7.278E+01  9.310E+01  6.306E+01  2.950E+01  4.788E+01  4.336E+01  1.770E+02  1.762E+02  1.084E+02  9.098E+01  9.095E+01
 113  01 17 08  3.000E+21  1.076E+01  1.99230E-19  7.63371E+00  3.15516E+02  8.20341E+04  3.97707E-01  1.25726E+01  1.37574E+01  1.271E+01  6.218E+00  4.705E-03  1.283E+01  6.746E+00  5.489E-03  1.267E+01  6.288E+00  4.714E-04  1.279E+01  6.828E+00  5.042E-04  1.146E+22 -1.679E+00  9.799E-01  3.521E+01  7.423E+01  6.338E+01  3.305E+01  4.668E+21 -2.666E-01  8.126E+00  5.582E+01  7.642E+01  5.344E+01  2.556E+01  7.548E+01  6.909E+01  3.052E+02  1.997E+02  1.426E+02  1.229E+02  1.175E+02  1.155E+22 -1.658E+00  1.409E+00  3.720E+01  7.646E+01  6.478E+01  3.367E+01  5.073E+21 -1.755E-01  1.006E+01  6.493E+01  8.665E+01  5.991E+01  2.842E+01  7.603E+01  6.829E+01  3.237E+02  2.083E+02  1.464E+02  1.254E+02  1.195E+02
 114  01 17 09  3.000E+21  1.151E+01  7.47490E-20  7.63210E+00  2.57544E+02  6.69613E+04  3.24633E-01  1.25185E+01  1.36290E+01  1.259E+01  6.534E+00  1.613E-03  1.268E+01  6.867E+00  2.306E-03  1.257E+01  6.577E+00  1.660E-04  1.265E+01  6.922E+00  2.056E-04  7.254E+21 -1.021E+00  1.962E+00  3.398E+01  6.442E+01  5.223E+01  2.689E+01  4.811E+21 -3.477E-01  7.447E+00  5.468E+01  7.703E+01  5.445E+01  2.618E+01  1.198E+02  1.057E+02  3.265E+02  2.418E+02  1.873E+02  1.675E+02  1.594E+02  7.340E+21 -1.001E+00  2.369E+00  3.590E+01  6.657E+01  5.359E+01  2.750E+01  5.072E+21 -2.928E-01  8.648E+00  6.042E+01  8.352E+01  5.857E+01  2.801E+01  1.211E+02  1.041E+02  3.357E+02  2.496E+02  1.919E+02  1.710E+02  1.623E+02
 115  01 17 10  3.000E+21  1.226E+01  2.56480E-20  7.63167E+00  2.43137E+02  6.32157E+04  3.06474E-01  1.26871E+01  1.35789E+01  1.267E+01  6.704E+00  1.621E-05  1.274E+01  7.008E+00  1.229E-04  1.267E+01  6.707E+00  8.997E-06  1.273E+01  7.020E+00  1.942E-05  4.128E+21 -5.194E-01  2.818E+00  3.101E+01  5.098E+01  3.845E+01  1.907E+01  4.838E+21 -3.346E-01  8.008E+00  5.854E+01  8.163E+01  5.718E+01  2.726E+01  1.942E+02  1.583E+02  3.706E+02  2.926E+02  2.524E+02  2.363E+02  2.280E+02  4.214E+21 -5.002E-01  3.218E+00  3.290E+01  5.312E+01  3.980E+01  1.967E+01  5.072E+21 -2.882E-01  9.055E+00  6.360E+01  8.738E+01  6.084E+01  2.890E+01  1.971E+02  1.545E+02  3.926E+02  2.989E+02  2.581E+02  2.412E+02  2.324E+02
 116  01 18 08  3.000E+21  1.058E+01  2.45310E-19  1.17184E+01  5.52064E+02  1.43537E+05  6.95876E-01  1.29455E+01  1.38312E+01  1.299E+01  8.698E+00  2.986E-03  1.318E+01  1.044E+01  3.150E-03  1.295E+01  8.776E+00  3.377E-04  1.314E+01  1.054E+01  3.132E-04  1.260E+22 -1.850E+00  8.235E-01  3.523E+01  7.544E+01  6.521E+01  3.404E+01  6.494E+21 -1.693E-01  1.446E+01  9.065E+01  1.179E+02  8.035E+01  3.770E+01  6.878E+01  6.284E+01  3.251E+02  2.057E+02  1.414E+02  1.185E+02  1.130E+02  1.269E+22 -1.826E+00  1.276E+00  3.732E+01  7.776E+01  6.667E+01  3.468E+01  7.788E+21  1.391E-01  2.081E+01  1.203E+02  1.511E+02  1.012E+02  4.692E+01  6.926E+01  6.213E+01  3.584E+02  2.162E+02  1.458E+02  1.212E+02  1.151E+02
 117  01 18 09  3.000E+21  1.140E+01  8.31090E-20  1.17177E+01  4.45828E+02  1.15915E+05  5.61965E-01  1.28256E+01  1.37918E+01  1.285E+01  9.443E+00  1.533E-03  1.299E+01  1.055E+01  2.133E-03  1.282E+01  9.504E+00  1.613E-04  1.296E+01  1.063E+01  1.904E-04  7.783E+21 -1.090E+00  2.006E+00  3.466E+01  6.608E+01  5.396E+01  2.794E+01  6.955E+21 -3.044E-01  1.376E+01  9.123E+01  1.222E+02  8.426E+01  3.983E+01  1.161E+02  1.017E+02  3.708E+02  2.533E+02  1.921E+02  1.696E+02  1.603E+02  7.872E+21 -1.067E+00  2.448E+00  3.670E+01  6.836E+01  5.539E+01  2.857E+01  7.788E+21 -1.134E-01  1.777E+01  1.101E+02  1.433E+02  9.759E+01  4.574E+01  1.174E+02  9.992E+01  4.002E+02  2.654E+02  1.979E+02  1.737E+02  1.637E+02
 118  01 18 10  3.000E+21  1.214E+01  2.81230E-20  1.17222E+01  3.68899E+02  9.59137E+04  4.64996E-01  1.28428E+01  1.36785E+01  1.282E+01  9.996E+00  1.046E-04  1.291E+01  1.073E+01  3.251E-04  1.282E+01  1.001E+01  2.012E-05  1.290E+01  1.076E+01  3.529E-05  4.541E+21 -5.745E-01  2.896E+00  3.261E+01  5.432E+01  4.126E+01  2.056E+01  7.236E+21 -3.670E-01  1.388E+01  9.488E+01  1.283E+02  8.866E+01  4.188E+01  1.951E+02  1.587E+02  4.533E+02  3.133E+02  2.630E+02  2.439E+02  2.343E+02  4.629E+21 -5.536E-01  3.317E+00  3.458E+01  5.654E+01  4.266E+01  2.118E+01  7.790E+21 -2.480E-01  1.646E+01  1.072E+02  1.422E+02  9.744E+01  4.579E+01  1.984E+02  1.542E+02  4.679E+02  3.254E+02  2.712E+02  2.505E+02  2.400E+02
 119  01 19 09  3.000E+21  1.135E+01  8.70430E-20  1.79937E+01  7.65479E+02  1.99025E+05  9.64885E-01  1.31176E+01  1.38525E+01  1.304E+01  1.282E+01  9.213E-04  1.326E+01  1.628E+01  1.305E-03  1.302E+01  1.288E+01  1.150E-04  1.324E+01  1.637E+01  1.233E-04  8.022E+21 -1.116E+00  2.066E+00  3.492E+01  6.650E+01  5.467E+01  2.844E+01  9.408E+21 -2.233E-01  2.187E+01  1.368E+02  1.771E+02  1.200E+02  5.603E+01  1.146E+02  1.007E+02  3.851E+02  2.615E+02  1.981E+02  1.718E+02  1.606E+02  8.113E+21 -1.092E+00  2.528E+00  3.705E+01  6.886E+01  5.615E+01  2.909E+01  1.196E+22  3.912E-01  3.447E+01  1.956E+02  2.426E+02  1.612E+02  7.424E+01  1.159E+02  9.881E+01  4.355E+02  2.745E+02  2.049E+02  1.765E+02  1.643E+02
 120  01 19 10  3.000E+21  1.203E+01  3.22620E-20  1.79928E+01  6.28335E+02  1.63367E+05  7.92015E-01  1.30663E+01  1.38163E+01  1.299E+01  1.415E+01  1.572E-04  1.315E+01  1.644E+01  4.598E-04  1.299E+01  1.418E+01  2.635E-05  1.314E+01  1.650E+01  4.430E-05  4.987E+21 -6.338E-01  2.946E+00  3.384E+01  5.722E+01  4.396E+01  2.201E+01  1.026E+22 -2.957E-01  2.303E+01  1.475E+02  1.929E+02  1.312E+02  6.131E+01  1.870E+02  1.515E+02  4.434E+02  3.153E+02  2.625E+02  2.409E+02  2.304E+02  5.078E+21 -6.107E-01  3.399E+00  3.593E+01  5.955E+01  4.542E+01  2.266E+01  1.196E+22  9.943E-02  3.128E+01  1.862E+02  2.362E+02  1.585E+02  7.339E+01  1.902E+02  1.471E+02  4.960E+02  3.332E+02  2.721E+02  2.483E+02  2.367E+02
 121  01 20 10  3.000E+21  1.202E+01  3.16580E-20  2.76323E+01  1.07301E+03  2.78982E+05  1.35253E+00  1.32966E+01  1.38716E+01  1.310E+01  1.838E+01  2.542E-05  1.337E+01  2.531E+01  2.750E-04  1.310E+01  1.839E+01  1.247E-05  1.336E+01  2.538E+01  2.802E-05  4.996E+21 -6.254E-01  3.048E+00  3.391E+01  5.699E+01  4.399E+01  2.221E+01  1.328E+22 -2.884E-01  3.250E+01  2.028E+02  2.603E+02  1.752E+02  8.127E+01  1.907E+02  1.550E+02  4.938E+02  3.297E+02  2.706E+02  2.484E+02  2.352E+02  5.088E+21 -6.009E-01  3.518E+00  3.607E+01  5.938E+01  4.549E+01  2.287E+01  1.836E+22  9.515E-01  5.780E+01  3.204E+02  3.911E+02  2.574E+02  1.176E+02  1.941E+02  1.504E+02  5.532E+02  3.481E+02  2.825E+02  2.569E+02  2.423E+02
 122  02 01 01  6.000E+21  8.165E+00  2.57780E-17  8.00023E-03  1.45961E+00  3.79498E+02  1.83984E-03  8.40794E+00  1.07588E+01  8.316E+00  8.050E-03  6.953E-01  8.355E+00  7.939E-03  5.800E-01  8.554E+00  7.051E-03  3.495E-04  8.574E+00  7.036E-03  5.907E-04  1.057E+21 -3.261E-01 -3.658E-01  3.070E-01  1.061E+00  7.311E-01  2.532E-01  5.309E+18 -6.697E-04 -9.234E-04  1.554E-03  9.555E-03  1.220E-02  8.931E-03  1.374E+01  8.782E+00  9.734E+00  1.379E+01  1.840E+01  2.503E+01  3.639E+01  1.059E+21 -3.260E-01 -3.636E-01  3.211E-01  1.075E+00  7.373E-01  2.548E-01  5.322E+18 -6.696E-04 -9.177E-04  1.625E-03  9.685E-03  1.231E-02  8.986E-03  1.374E+01  8.782E+00  9.734E+00  1.378E+01  1.840E+01  2.503E+01  3.639E+01
 123  02 01 02  6.000E+21  9.387E+00  6.07080E-18  7.99253E-03  2.28331E+00  5.93660E+02  2.87811E-03  9.24528E+00  1.09554E+01  9.212E+00  7.544E-03  8.595E-02  9.249E+00  7.519E-03  6.619E-02  9.311E+00  7.202E-03  2.890E-05  9.336E+00  7.219E-03  9.221E-05  1.031E+21 -3.395E-01 -3.189E-01  8.538E-01  1.851E+00  1.102E+00  3.427E-01  5.279E+18 -7.302E-04 -8.314E-04  4.416E-03  1.687E-02  1.851E-02  1.212E-02  1.387E+01  8.993E+00  9.900E+00  1.394E+01  1.850E+01  2.510E+01  3.644E+01  1.037E+21 -3.395E-01 -3.134E-01  8.892E-01  1.887E+00  1.118E+00  3.466E-01  5.312E+18 -7.301E-04 -8.171E-04  4.596E-03  1.720E-02  1.878E-02  1.226E-02  1.387E+01  8.992E+00  9.900E+00  1.394E+01  1.850E+01  2.510E+01  3.644E+01
 124  02 01 03  6.000E+21  1.050E+01  1.39230E-18  7.99879E-03  3.66690E+00  9.53395E+02  4.62213E-03  1.01442E+01  1.10810E+01  1.006E+01  7.487E-03  2.301E-02  1.010E+01  7.564E-03  1.741E-02  1.012E+01  7.307E-03  1.300E-03  1.015E+01  7.406E-03  4.005E-05  9.746E+20 -3.126E-01 -1.674E-01  1.871E+00  3.002E+00  1.581E+00  4.481E-01  5.224E+18 -7.499E-04 -4.572E-04  1.017E-02  2.813E-02  2.694E-02  1.596E-02  1.419E+01  9.513E+00  1.013E+01  1.429E+01  1.875E+01  2.531E+01  3.659E+01  9.905E+20 -3.125E-01 -1.533E-01  1.963E+00  3.097E+00  1.622E+00  4.584E-01  5.309E+18 -7.496E-04 -4.180E-04  1.065E-02  2.900E-02  2.764E-02  1.633E-02  1.419E+01  9.512E+00  1.012E+01  1.428E+01  1.875E+01  2.531E+01  3.659E+01
 125  02 01 04  6.000E+21  1.121E+01  3.28330E-19  7.99295E-03  5.88227E+00  1.52939E+03  7.41459E-03  1.08794E+01  1.12869E+01  1.078E+01  7.281E-03  9.343E-03  1.082E+01  7.555E-03  7.057E-03  1.082E+01  7.167E-03  1.003E-04  1.086E+01  7.452E-03  6.686E-05  8.442E+20 -2.368E-01  7.172E-02  2.940E+00  3.978E+00  1.953E+00  5.256E-01  5.106E+18 -7.453E-04  3.197E-04  1.804E-02  3.993E-02  3.456E-02  1.906E-02  1.512E+01  1.105E+01  1.346E+01  1.524E+01  1.943E+01  2.576E+01  3.691E+01  8.803E+20 -2.367E-01  1.046E-01  3.161E+00  4.212E+00  2.057E+00  5.517E-01  5.318E+18 -7.442E-04  4.307E-04  1.934E-02  4.223E-02  3.638E-02  2.000E-02  1.511E+01  1.104E+01  1.279E+01  1.522E+01  1.941E+01  2.575E+01  3.691E+01
 126  02 02 01  6.000E+21  7.706E+00  3.89000E-17  1.22760E-02  1.53973E+00  4.00329E+02  1.94083E-03  8.11493E+00  1.08638E+01  7.920E+00  1.326E-02  1.783E+00  7.966E+00  1.298E-02  1.507E+00  8.280E+00  1.069E-02  5.023E-04  8.298E+00  1.066E-02  8.328E-04  1.617E+21 -4.558E-01 -5.540E-01  2.798E-01  1.286E+00  9.437E-01  3.422E-01  8.136E+18 -9.403E-04 -1.402E-03  1.423E-03  1.160E-02  1.576E-02  1.207E-02  1.375E+01  8.805E+00  9.754E+00  1.382E+01  1.840E+01  2.505E+01  3.639E+01  1.620E+21 -4.558E-01 -5.516E-01  2.958E-01  1.302E+00  9.509E-01  3.440E-01  8.151E+18 -9.402E-04 -1.396E-03  1.504E-03  1.174E-02  1.588E-02  1.214E-02  1.375E+01  8.805E+00  9.754E+00  1.382E+01  1.840E+01  2.505E+01  3.639E+01
 127  02 02 02  6.000E+21  8.869E+00  9.08180E-18  1.22812E-02  2.36005E+00  6.13612E+02  2.97483E-03  8.89430E+00  1.08455E+01  8.873E+00  1.172E-02  1.742E-01  8.909E+00  1.163E-02  1.385E-01  9.004E+00  1.097E-02  1.619E-04  9.027E+00  1.097E-02  3.048E-04  1.588E+21 -5.066E-01 -5.218E-01  8.964E-01  2.280E+00  1.441E+00  4.676E-01  8.138E+18 -1.092E-03 -1.365E-03  4.657E-03  2.082E-02  2.421E-02  1.654E-02  1.387E+01  9.001E+00  9.911E+00  1.397E+01  1.852E+01  2.512E+01  3.644E+01  1.595E+21 -5.065E-01 -5.160E-01  9.331E-01  2.318E+00  1.457E+00  4.717E-01  8.172E+18 -1.092E-03 -1.350E-03  4.844E-03  2.116E-02  2.449E-02  1.669E-02  1.387E+01  9.001E+00  9.911E+00  1.397E+01  1.852E+01  2.512E+01  3.644E+01
 128  02 02 03  6.000E+21  1.008E+01  2.08240E-18  1.22666E-02  3.74323E+00  9.73239E+02  4.71833E-03  9.78428E+00  1.09204E+01  9.727E+00  1.152E-02  3.512E-02  9.765E+00  1.156E-02  2.646E-02  9.798E+00  1.118E-02  1.367E-05  9.826E+00  1.126E-02  1.591E-07  1.499E+21 -4.730E-01 -3.591E-01  2.089E+00  3.789E+00  2.105E+00  6.203E-01  8.065E+18 -1.145E-03 -1.007E-03  1.145E-02  3.561E-02  3.592E-02  2.210E-02  1.422E+01  9.561E+00  1.027E+01  1.436E+01  1.879E+01  2.532E+01  3.658E+01  1.516E+21 -4.729E-01 -3.449E-01  2.182E+00  3.886E+00  2.147E+00  6.309E-01  8.153E+18 -1.145E-03 -9.670E-04  1.194E-02  3.651E-02  3.664E-02  2.247E-02  1.422E+01  9.561E+00  1.027E+01  1.435E+01  1.879E+01  2.531E+01  3.658E+01
 129  02 02 04  6.000E+21  1.097E+01  4.77860E-19  1.22637E-02  6.02549E+00  1.56663E+03  7.59512E-03  1.06152E+01  1.12121E+01  1.052E+01  1.132E-02  1.321E-02  1.056E+01  1.159E-02  1.005E-02  1.057E+01  1.111E-02  1.071E-04  1.060E+01  1.141E-02  6.745E-05  1.300E+21 -3.597E-01 -4.187E-02  3.650E+00  5.378E+00  2.745E+00  7.589E-01  7.916E+18 -1.150E-03 -5.386E-05  2.271E-02  5.435E-02  4.875E-02  2.756E-02  1.516E+01  1.113E+01  8.269E+00  1.534E+01  1.949E+01  2.585E+01  3.691E+01  1.338E+21 -3.596E-01 -8.919E-03  3.879E+00  5.624E+00  2.855E+00  7.866E-01  8.143E+18 -1.148E-03  5.857E-05  2.407E-02  5.677E-02  5.067E-02  2.856E-02  1.515E+01  1.113E+01  1.338E+01  1.531E+01  1.948E+01  2.584E+01  3.691E+01
 130  02 02 05  6.000E+21  1.144E+01  1.19090E-19  1.22801E-02  9.50956E+00  2.47248E+03  1.19868E-02  1.11671E+01  1.14098E+01  1.106E+01  1.081E-02  6.832E-03  1.111E+01  1.158E-02  4.986E-03  1.110E+01  1.067E-02  9.597E-05  1.114E+01  1.144E-02  6.524E-05  9.466E+20 -2.069E-01  1.805E-01  4.057E+00  5.704E+00  2.912E+00  8.027E-01  7.589E+18 -1.119E-03  1.231E-03  3.324E-02  6.797E-02  5.672E-02  3.048E-02  1.766E+01  1.505E+01  1.725E+01  1.790E+01  2.129E+01  2.712E+01  3.776E+01  1.022E+21 -2.068E-01  2.415E-01  4.534E+00  6.257E+00  3.172E+00  8.704E-01  8.157E+18 -1.116E-03  1.542E-03  3.681E-02  7.425E-02  6.165E-02  3.302E-02  1.761E+01  1.504E+01  1.647E+01  1.780E+01  2.124E+01  2.709E+01  3.774E+01
 131  02 03 01  6.000E+21  7.346E+00  5.62950E-17  1.88483E-02  1.69777E+00  4.41420E+02  2.14004E-03  7.90009E+00  1.07753E+01  7.585E+00  2.240E-02  3.832E+00  7.639E+00  2.176E-02  3.273E+00  8.094E+00  1.626E-02  6.987E-04  8.111E+00  1.620E-02  1.098E-03  2.484E+21 -5.960E-01 -8.326E-01  2.702E-01  1.663E+00  1.278E+00  4.792E-01  1.252E+19 -1.241E-03 -2.118E-03  1.388E-03  1.503E-02  2.136E-02  1.691E-02  1.376E+01  8.845E+00  9.775E+00  1.389E+01  1.841E+01  2.506E+01  3.640E+01  2.488E+21 -5.960E-01 -8.296E-01  2.891E-01  1.683E+00  1.286E+00  4.813E-01  1.254E+19 -1.241E-03 -2.110E-03  1.483E-03  1.521E-02  2.150E-02  1.699E-02  1.376E+01  8.844E+00  9.775E+00  1.388E+01  1.841E+01  2.506E+01  3.640E+01
 132  02 03 02  6.000E+21  8.356E+00  1.37500E-17  1.88615E-02  2.47089E+00  6.42431E+02  3.11455E-03  8.57288E+00  1.09135E+01  8.521E+00  1.840E-02  4.094E-01  8.560E+00  1.819E-02  3.337E-01  8.710E+00  1.663E-02  3.742E-04  8.731E+00  1.661E-02  6.180E-04  2.431E+21 -7.430E-01 -8.196E-01  8.970E-01  2.777E+00  1.865E+00  6.334E-01  1.250E+19 -1.615E-03 -2.161E-03  4.699E-03  2.542E-02  3.139E-02  2.242E-02  1.390E+01  9.042E+00  9.954E+00  1.403E+01  1.855E+01  2.514E+01  3.645E+01  2.439E+21 -7.429E-01 -8.133E-01  9.377E-01  2.819E+00  1.884E+00  6.380E-01  1.254E+19 -1.615E-03 -2.144E-03  4.907E-03  2.581E-02  3.170E-02  2.258E-02  1.390E+01  9.042E+00  9.955E+00  1.403E+01  1.854E+01  2.514E+01  3.645E+01
 133  02 03 03  6.000E+21  9.573E+00  3.22250E-18  1.88583E-02  3.81469E+00  9.91820E+02  4.80841E-03  9.40147E+00  1.09345E+01  9.376E+00  1.773E-02  6.100E-02  9.412E+00  1.771E-02  4.656E-02  9.462E+00  1.705E-02  1.989E-05  9.488E+00  1.711E-02  6.883E-05  2.310E+21 -7.128E-01 -6.548E-01  2.232E+00  4.669E+00  2.753E+00  8.473E-01  1.248E+19 -1.741E-03 -1.867E-03  1.238E-02  4.409E-02  4.708E-02  3.022E-02  1.426E+01  9.606E+00  1.036E+01  1.445E+01  1.884E+01  2.535E+01  3.658E+01  2.327E+21 -7.127E-01 -6.406E-01  2.325E+00  4.767E+00  2.796E+00  8.580E-01  1.257E+19 -1.741E-03 -1.827E-03  1.287E-02  4.499E-02  4.781E-02  3.060E-02  1.425E+01  9.606E+00  1.037E+01  1.444E+01  1.884E+01  2.535E+01  3.658E+01
 134  02 03 04  6.000E+21  1.062E+01  7.50990E-19  1.88509E-02  6.04829E+00  1.57256E+03  7.62386E-03  1.02687E+01  1.10714E+01  1.018E+01  1.761E-02  1.928E-02  1.022E+01  1.784E-02  1.461E-02  1.024E+01  1.722E-02  7.644E-05  1.027E+01  1.749E-02  3.846E-05  2.022E+21 -5.543E-01 -2.762E-01  4.240E+00  6.985E+00  3.747E+00  1.073E+00  1.232E+19 -1.774E-03 -8.617E-04  2.668E-02  7.085E-02  6.664E-02  3.897E-02  1.516E+01  1.114E+01  1.088E+01  1.543E+01  1.953E+01  2.587E+01  3.692E+01  2.059E+21 -5.542E-01 -2.447E-01  4.460E+00  7.222E+00  3.853E+00  1.099E+00  1.254E+19 -1.773E-03 -7.541E-04  2.798E-02  7.319E-02  6.850E-02  3.994E-02  1.516E+01  1.114E+01  1.082E+01  1.541E+01  1.953E+01  2.586E+01  3.691E+01
 135  02 03 05  6.000E+21  1.128E+01  1.74900E-19  1.88390E-02  9.70621E+00  2.52361E+03  1.22347E-02  1.09657E+01  1.12885E+01  1.086E+01  1.703E-02  8.640E-03  1.090E+01  1.780E-02  6.499E-03  1.091E+01  1.677E-02  1.029E-04  1.094E+01  1.757E-02  6.989E-05  1.467E+21 -3.137E-01  1.252E-01  5.355E+00  8.058E+00  4.248E+00  1.196E+00  1.194E+19 -1.742E-03  1.067E-03  4.502E-02  9.730E-02  8.330E-02  4.557E-02  1.784E+01  1.530E+01  1.978E+01  1.820E+01  2.144E+01  2.720E+01  3.784E+01  1.544E+21 -3.137E-01  1.847E-01  5.831E+00  8.618E+00  4.512E+00  1.266E+00  1.252E+19 -1.740E-03  1.377E-03  4.864E-02  1.037E-01  8.835E-02  4.819E-02  1.781E+01  1.529E+01  1.833E+01  1.812E+01  2.140E+01  2.717E+01  3.783E+01
 136  02 03 06  6.000E+21  1.159E+01  4.20080E-20  1.88635E-02  1.55168E+01  4.03438E+03  1.95589E-02  1.13764E+01  1.15116E+01  1.127E+01  1.570E-02  5.595E-03  1.132E+01  1.777E-02  3.702E-03  1.131E+01  1.551E-02  9.175E-05  1.135E+01  1.759E-02  5.818E-05  7.659E+20 -1.351E-01  1.860E-01  3.782E+00  6.120E+00  3.572E+00  1.088E+00  1.103E+19 -1.681E-03  2.775E-03  5.605E-02  1.085E-01  8.830E-02  4.661E-02  2.488E+01  2.449E+01  2.694E+01  2.536E+01  2.674E+01  3.094E+01  4.027E+01  8.844E+20 -1.351E-01  2.688E-01  4.560E+00  7.185E+00  4.143E+00  1.253E+00  1.254E+19 -1.675E-03  3.645E-03  6.582E-02  1.256E-01  1.016E-01  5.343E-02  2.464E+01  2.447E+01  2.546E+01  2.494E+01  2.649E+01  3.079E+01  4.018E+01
 137  02 04 01  6.000E+21  7.096E+00  7.58990E-17  2.89668E-02  2.00585E+00  5.21522E+02  2.52838E-03  7.78510E+00  1.09240E+01  7.396E+00  3.648E-02  5.621E+00  7.461E+00  3.515E-02  4.760E+00  8.002E+00  2.466E-02  1.048E-03  8.020E+00  2.455E-02  1.571E-03  3.793E+21 -8.065E-01 -1.239E+00  3.106E-01  2.316E+00  1.823E+00  6.964E-01  1.921E+19 -1.708E-03 -3.181E-03  1.625E-03  2.101E-02  3.054E-02  2.460E-02  1.379E+01  8.921E+00  9.824E+00  1.402E+01  1.845E+01  2.507E+01  3.643E+01  3.798E+21 -8.065E-01 -1.234E+00  3.375E-01  2.344E+00  1.835E+00  6.995E-01  1.923E+19 -1.707E-03 -3.171E-03  1.762E-03  2.126E-02  3.074E-02  2.471E-02  1.379E+01  8.921E+00  9.824E+00  1.400E+01  1.845E+01  2.507E+01  3.643E+01
 138  02 04 02  6.000E+21  7.914E+00  2.01660E-17  2.89463E-02  2.68516E+00  6.98142E+02  3.38464E-03  8.32043E+00  1.08351E+01  8.242E+00  2.909E-02  7.906E-01  8.283E+00  2.866E-02  6.584E-01  8.493E+00  2.525E-02  7.120E-04  8.512E+00  2.519E-02  1.057E-03  3.722E+21 -1.079E+00 -1.250E+00  9.556E-01  3.549E+00  2.502E+00  8.808E-01  1.921E+19 -2.371E-03 -3.323E-03  5.071E-03  3.261E-02  4.218E-02  3.121E-02  1.393E+01  9.097E+00  1.000E+01  1.413E+01  1.857E+01  2.516E+01  3.646E+01  3.730E+21 -1.078E+00 -1.243E+00  1.002E+00  3.597E+00  2.523E+00  8.861E-01  1.925E+19 -2.371E-03 -3.304E-03  5.312E-03  3.305E-02  4.254E-02  3.139E-02  1.393E+01  9.097E+00  1.000E+01  1.412E+01  1.857E+01  2.516E+01  3.646E+01
 139  02 04 03  6.000E+21  9.049E+00  4.94000E-18  2.89615E-02  3.95502E+00  1.02831E+03  4.98530E-03  9.05145E+00  1.09709E+01  9.029E+00  2.739E-02  1.231E-01  9.066E+00  2.724E-02  9.574E-02  9.143E+00  2.592E-02  1.024E-04  9.167E+00  2.595E-02  2.166E-04  3.535E+21 -1.057E+00 -1.087E+00  2.333E+00  5.719E+00  3.582E+00  1.152E+00  1.914E+19 -2.602E-03 -3.135E-03  1.307E-02  5.419E-02  6.136E-02  4.111E-02  1.426E+01  9.642E+00  1.042E+01  1.452E+01  1.887E+01  2.538E+01  3.660E+01  3.554E+21 -1.056E+00 -1.072E+00  2.434E+00  5.826E+00  3.628E+00  1.164E+00  1.924E+19 -2.601E-03 -3.092E-03  1.361E-02  5.518E-02  6.216E-02  4.153E-02  1.425E+01  9.641E+00  1.042E+01  1.450E+01  1.886E+01  2.538E+01  3.660E+01
 140  02 04 04  6.000E+21  1.021E+01  1.13910E-18  2.89558E-02  6.18351E+00  1.60771E+03  7.79430E-03  9.91572E+00  1.10404E+01  9.851E+00  2.712E-02  2.897E-02  9.889E+00  2.729E-02  2.168E-02  9.917E+00  2.639E-02  2.807E-05  9.947E+00  2.664E-02  2.211E-05  3.100E+21 -8.345E-01 -6.355E-01  4.727E+00  8.826E+00  5.002E+00  1.488E+00  1.900E+19 -2.709E-03 -2.145E-03  3.035E-02  9.025E-02  8.929E-02  5.416E-02  1.522E+01  1.122E+01  1.132E+01  1.563E+01  1.964E+01  2.590E+01  3.699E+01  3.140E+21 -8.344E-01 -6.036E-01  4.956E+00  9.076E+00  5.115E+00  1.517E+00  1.924E+19 -2.708E-03 -2.035E-03  3.171E-02  9.273E-02  9.127E-02  5.520E-02  1.522E+01  1.121E+01  1.131E+01  1.560E+01  1.963E+01  2.590E+01  3.698E+01
 141  02 04 05  6.000E+21  1.106E+01  2.55820E-19  2.89043E-02  9.95414E+00  2.58808E+03  1.25472E-02  1.07205E+01  1.12213E+01  1.062E+01  2.661E-02  1.151E-02  1.066E+01  2.736E-02  8.763E-03  1.067E+01  2.615E-02  1.053E-04  1.070E+01  2.695E-02  6.857E-05  2.246E+21 -4.707E-01 -3.035E-02  6.681E+00  1.097E+01  6.025E+00  1.744E+00  1.863E+19 -2.703E-03  3.546E-04  5.821E-02  1.349E-01  1.193E-01  6.673E-02  1.806E+01  1.561E+01  1.568E+01  1.861E+01  2.168E+01  2.730E+01  3.795E+01  2.324E+21 -4.707E-01  2.753E-02  7.153E+00  1.154E+01  6.293E+00  1.815E+00  1.923E+19 -2.700E-03  6.629E-04  6.185E-02  1.414E-01  1.244E-01  6.940E-02  1.804E+01  1.560E+01  2.125E+01  1.853E+01  2.165E+01  2.729E+01  3.794E+01
 142  02 04 06  6.000E+21  1.149E+01  6.19650E-20  2.89059E-02  1.58007E+01  4.10817E+03  1.99167E-02  1.12362E+01  1.14250E+01  1.113E+01  2.522E-02  6.303E-03  1.118E+01  2.728E-02  4.519E-03  1.117E+01  2.489E-02  9.315E-05  1.121E+01  2.698E-02  6.281E-05  1.206E+21 -2.049E-01  2.036E-01  5.326E+00  9.045E+00  5.414E+00  1.679E+00  1.771E+19 -2.620E-03  3.382E-03  8.162E-02  1.638E-01  1.355E-01  7.237E-02  2.515E+01  2.481E+01  2.869E+01  2.587E+01  2.707E+01  3.114E+01  4.035E+01  1.323E+21 -2.049E-01  2.833E-01  6.083E+00  1.009E+01  5.980E+00  1.843E+00  1.923E+19 -2.612E-03  4.239E-03  9.131E-02  1.808E-01  1.488E-01  7.921E-02  2.499E+01  2.480E+01  2.694E+01  2.553E+01  2.688E+01  3.103E+01  4.029E+01
 143  02 05 01  6.000E+21  6.937E+00  9.49470E-17  4.44622E-02  2.59793E+00  6.75461E+02  3.27468E-03  7.78776E+00  1.08966E+01  7.579E+00  5.023E-02  3.575E+00  7.645E+00  4.851E-02  2.933E+00  8.068E+00  3.687E-02  3.257E-03  8.089E+00  3.671E-02  4.250E-03  5.760E+21 -1.169E+00 -1.837E+00  5.741E-01  3.641E+00  2.826E+00  1.073E+00  2.945E+19 -2.556E-03 -4.807E-03  3.100E-03  3.335E-02  4.754E-02  3.796E-02  1.386E+01  9.065E+00  9.913E+00  1.426E+01  1.855E+01  2.513E+01  3.645E+01  5.770E+21 -1.169E+00 -1.829E+00  6.247E-01  3.694E+00  2.849E+00  1.079E+00  2.950E+19 -2.555E-03 -4.787E-03  3.360E-03  3.383E-02  4.793E-02  3.817E-02  1.386E+01  9.065E+00  9.913E+00  1.423E+01  1.855E+01  2.513E+01  3.645E+01
 144  02 05 02  6.000E+21  7.571E+00  2.80680E-17  4.44663E-02  3.10010E+00  8.06027E+02  3.90767E-03  8.16641E+00  1.06937E+01  8.059E+00  4.585E-02  1.256E+00  8.104E+00  4.499E-02  1.050E+00  8.367E+00  3.831E-02  1.043E-03  8.387E+00  3.820E-02  1.490E-03  5.662E+21 -1.484E+00 -1.872E+00  1.121E+00  4.823E+00  3.512E+00  1.266E+00  2.948E+19 -3.364E-03 -5.071E-03  6.105E-03  4.468E-02  5.945E-02  4.493E-02  1.398E+01  9.237E+00  1.009E+01  1.431E+01  1.864E+01  2.522E+01  3.650E+01  5.673E+21 -1.484E+00 -1.862E+00  1.184E+00  4.888E+00  3.541E+00  1.273E+00  2.954E+19 -3.364E-03 -5.045E-03  6.431E-03  4.528E-02  5.993E-02  4.518E-02  1.398E+01  9.237E+00  1.009E+01  1.429E+01  1.864E+01  2.522E+01  3.650E+01
 145  02 05 03  6.000E+21  8.573E+00  7.23910E-18  4.44338E-02  4.25621E+00  1.10662E+03  5.36495E-03  8.77003E+00  1.08977E+01  8.766E+00  4.220E-02  2.091E-01  8.803E+00  4.185E-02  1.659E-01  8.907E+00  3.927E-02  3.895E-04  8.929E+00  3.925E-02  6.121E-04  5.379E+21 -1.539E+00 -1.691E+00  2.567E+00  7.264E+00  4.785E+00  1.597E+00  2.941E+19 -3.885E-03 -4.979E-03  1.476E-02  6.948E-02  8.234E-02  5.712E-02  1.433E+01  9.772E+00  1.054E+01  1.472E+01  1.895E+01  2.544E+01  3.663E+01  5.400E+21 -1.539E+00 -1.674E+00  2.681E+00  7.385E+00  4.838E+00  1.611E+00  2.952E+19 -3.885E-03 -4.930E-03  1.537E-02  7.061E-02  8.326E-02  5.760E-02  1.433E+01  9.772E+00  1.054E+01  1.470E+01  1.895E+01  2.544E+01  3.663E+01
 146  02 05 04  6.000E+21  9.748E+00  1.73480E-18  4.44190E-02  6.38709E+00  1.66064E+03  8.05092E-03  9.56225E+00  1.08993E+01  9.526E+00  4.167E-02  4.589E-02  9.563E+00  4.170E-02  3.445E-02  9.603E+00  4.028E-02  1.238E-06  9.631E+00  4.049E-02  2.291E-05  4.731E+21 -1.239E+00 -1.164E+00  5.144E+00  1.101E+01  6.615E+00  2.051E+00  2.928E+19 -4.110E-03 -4.107E-03  3.397E-02  1.139E-01  1.187E-01  7.481E-02  1.531E+01  1.137E+01  1.161E+01  1.588E+01  1.975E+01  2.597E+01  3.700E+01  4.773E+21 -1.239E+00 -1.132E+00  5.380E+00  1.128E+01  6.733E+00  2.081E+00  2.953E+19 -4.109E-03 -3.993E-03  3.540E-02  1.165E-01  1.208E-01  7.590E-02  1.530E+01  1.137E+01  1.161E+01  1.585E+01  1.974E+01  2.597E+01  3.700E+01
 147  02 05 05  6.000E+21  1.075E+01  3.94710E-19  4.44482E-02  1.01004E+01  2.62611E+03  1.27316E-02  1.04069E+01  1.11598E+01  1.032E+01  4.129E-02  1.647E-02  1.035E+01  4.200E-02  1.243E-02  1.037E+01  4.045E-02  8.873E-05  1.040E+01  4.125E-02  4.927E-05  3.460E+21 -7.175E-01 -3.549E-01  7.798E+00  1.433E+01  8.268E+00  2.476E+00  2.888E+19 -4.171E-03 -1.380E-03  7.006E-02  1.784E-01  1.646E-01  9.495E-02  1.812E+01  1.571E+01  1.256E+01  1.897E+01  2.186E+01  2.741E+01  3.796E+01  3.541E+21 -7.174E-01 -2.981E-01  8.276E+00  1.491E+01  8.545E+00  2.550E+00  2.952E+19 -4.168E-03 -1.072E-03  7.380E-02  1.851E-01  1.700E-01  9.774E-02  1.811E+01  1.571E+01  1.221E+01  1.888E+01  2.183E+01  2.740E+01  3.795E+01
 148  02 05 06  6.000E+21  1.134E+01  9.13290E-20  4.44555E-02  1.61631E+01  4.20240E+03  2.03735E-02  1.10535E+01  1.13571E+01  1.095E+01  3.985E-02  7.764E-03  1.099E+01  4.199E-02  5.785E-03  1.099E+01  3.928E-02  9.982E-05  1.103E+01  4.147E-02  6.822E-05  1.855E+21 -3.097E-01  1.555E-01  7.023E+00  1.276E+01  7.903E+00  2.512E+00  2.795E+19 -4.086E-03  3.344E-03  1.126E-01  2.375E-01  2.011E-01  1.091E-01  2.550E+01  2.522E+01  2.929E+01  2.658E+01  2.749E+01  3.138E+01  4.050E+01  1.975E+21 -3.097E-01  2.334E-01  7.779E+00  1.382E+01  8.487E+00  2.683E+00  2.956E+19 -4.078E-03  4.211E-03  1.227E-01  2.552E-01  2.150E-01  1.163E-01  2.540E+01  2.521E+01  2.934E+01  2.629E+01  2.735E+01  3.130E+01  4.046E+01
 149  02 05 07  6.000E+21  1.163E+01  2.13320E-20  4.44150E-02  2.59834E+01  6.75567E+03  3.27520E-02  1.14257E+01  1.15298E+01  1.132E+01  3.650E-02  5.376E-03  1.137E+01  4.181E-02  3.457E-03  1.136E+01  3.606E-02  8.982E-05  1.140E+01  4.141E-02  5.552E-05  7.222E+20 -1.179E-01  1.764E-01  3.664E+00  6.772E+00  4.867E+00  1.870E+00  2.566E+19 -3.940E-03  7.081E-03  1.351E-01  2.582E-01  2.088E-01  1.097E-01  4.202E+01  4.229E+01  4.632E+01  4.291E+01  4.204E+01  4.261E+01  4.796E+01  8.537E+20 -1.179E-01  2.631E-01  4.543E+00  8.173E+00  5.789E+00  2.196E+00  2.952E+19 -3.913E-03  9.387E-03  1.605E-01  3.022E-01  2.430E-01  1.273E-01  4.123E+01  4.224E+01  4.351E+01  4.187E+01  4.117E+01  4.204E+01  4.761E+01
 150  02 06 01  6.000E+21  6.848E+00  1.10070E-16  6.82744E-02  3.78663E+00  9.84523E+02  4.77304E-03  7.94866E+00  1.08747E+01  8.050E+00  6.450E-02  1.000E+00  8.105E+00  6.306E-02  7.879E-01  8.322E+00  5.498E-02  7.303E-03  8.346E+00  5.477E-02  8.646E-03  8.643E+21 -1.770E+00 -2.684E+00  1.496E+00  6.593E+00  4.859E+00  1.783E+00  4.521E+19 -4.167E-03 -7.340E-03  8.585E-03  6.188E-02  8.270E-02  6.340E-02  1.402E+01  9.417E+00  1.013E+01  1.472E+01  1.878E+01  2.528E+01  3.653E+01  8.663E+21 -1.770E+00 -2.669E+00  1.601E+00  6.704E+00  4.909E+00  1.795E+00  4.532E+19 -4.167E-03 -7.297E-03  9.145E-03  6.292E-02  8.353E-02  6.384E-02  1.402E+01  9.417E+00  1.013E+01  1.469E+01  1.878E+01  2.528E+01  3.653E+01
 151  02 06 02  6.000E+21  7.346E+00  3.55660E-17  6.82771E-02  3.91987E+00  1.01917E+03  4.94099E-03  8.13713E+00  1.09308E+01  8.126E+00  6.714E-02  9.274E-01  8.165E+00  6.610E-02  7.824E-01  8.392E+00  5.758E-02  2.770E-03  8.409E+00  5.743E-02  3.378E-03  8.514E+21 -2.037E+00 -2.718E+00  1.730E+00  7.258E+00  5.298E+00  1.917E+00  4.530E+19 -4.920E-03 -7.667E-03  9.946E-03  6.857E-02  9.050E-02  6.829E-02  1.415E+01  9.550E+00  1.031E+01  1.474E+01  1.884E+01  2.531E+01  3.656E+01  8.529E+21 -2.036E+00 -2.705E+00  1.814E+00  7.346E+00  5.337E+00  1.927E+00  4.538E+19 -4.919E-03 -7.630E-03  1.040E-02  6.939E-02  9.116E-02  6.864E-02  1.415E+01  9.550E+00  1.031E+01  1.471E+01  1.884E+01  2.531E+01  3.656E+01
 152  02 06 03  6.000E+21  8.154E+00  1.03650E-17  6.82254E-02  4.80410E+00  1.24907E+03  6.05556E-03  8.57001E+00  1.08018E+01  8.568E+00  6.535E-02  3.342E-01  8.607E+00  6.464E-02  2.695E-01  8.740E+00  5.964E-02  7.599E-04  8.762E+00  5.956E-02  1.083E-03  8.114E+21 -2.189E+00 -2.534E+00  2.960E+00  9.586E+00  6.589E+00  2.268E+00  4.523E+19 -5.797E-03 -7.749E-03  1.780E-02  9.330E-02  1.144E-01  8.140E-02  1.449E+01  1.003E+01  1.076E+01  1.510E+01  1.913E+01  2.552E+01  3.672E+01  8.139E+21 -2.189E+00 -2.514E+00  3.100E+00  9.735E+00  6.655E+00  2.284E+00  4.537E+19 -5.796E-03 -7.687E-03  1.858E-02  9.472E-02  1.155E-01  8.199E-02  1.449E+01  1.003E+01  1.076E+01  1.507E+01  1.913E+01  2.552E+01  3.672E+01
 153  02 06 04  6.000E+21  9.261E+00  2.61190E-18  6.82401E-02  6.76424E+00  1.75870E+03  8.52631E-03  9.24392E+00  1.09665E+01  9.233E+00  6.390E-02  7.457E-02  9.270E+00  6.370E-02  5.645E-02  9.325E+00  6.120E-02  7.943E-05  9.351E+00  6.136E-02  1.726E-04  7.155E+21 -1.800E+00 -1.907E+00  5.557E+00  1.375E+01  8.751E+00  2.828E+00  4.502E+19 -6.198E-03 -7.025E-03  3.833E-02  1.447E-01  1.584E-01  1.035E-01  1.542E+01  1.159E+01  1.188E+01  1.627E+01  1.994E+01  2.610E+01  3.708E+01  7.201E+21 -1.800E+00 -1.872E+00  5.815E+00  1.404E+01  8.883E+00  2.862E+00  4.531E+19 -6.197E-03 -6.898E-03  3.992E-02  1.477E-01  1.607E-01  1.047E-01  1.542E+01  1.159E+01  1.188E+01  1.622E+01  1.993E+01  2.609E+01  3.708E+01
 154  02 06 05  6.000E+21  1.037E+01  6.09010E-19  6.82465E-02  1.03497E+01  2.69092E+03  1.30458E-02  1.00693E+01  1.10372E+01  1.000E+01  6.388E-02  2.311E-02  1.004E+01  6.442E-02  1.734E-02  1.006E+01  6.234E-02  3.864E-05  1.009E+01  6.308E-02  1.143E-05  5.284E+21 -1.074E+00 -8.631E-01  8.687E+00  1.821E+01  1.114E+01  3.470E+00  4.475E+19 -6.397E-03 -4.271E-03  8.216E-02  2.318E-01  2.241E-01  1.337E-01  1.823E+01  1.589E+01  1.403E+01  1.955E+01  2.214E+01  2.762E+01  3.804E+01  5.365E+21 -1.074E+00 -8.073E-01  9.159E+00  1.879E+01  1.141E+01  3.545E+00  4.540E+19 -6.394E-03 -3.962E-03  8.591E-02  2.386E-01  2.295E-01  1.365E-01  1.822E+01  1.589E+01  1.397E+01  1.945E+01  2.212E+01  2.761E+01  3.803E+01
 155  02 06 06  6.000E+21  1.113E+01  1.42150E-19  6.82163E-02  1.63155E+01  4.24203E+03  2.05657E-02  1.08069E+01  1.12834E+01  1.071E+01  6.230E-02  1.041E-02  1.075E+01  6.442E-02  7.867E-03  1.075E+01  6.127E-02  1.060E-04  1.079E+01  6.350E-02  7.010E-05  2.893E+21 -4.796E-01 -1.875E-02  8.782E+00  1.743E+01  1.124E+01  3.668E+00  4.363E+19 -6.341E-03  1.810E-03  1.457E-01  3.294E-01  2.879E-01  1.598E-01  2.550E+01  2.524E+01  2.613E+01  2.715E+01  2.773E+01  3.149E+01  4.058E+01  3.015E+21 -4.796E-01  5.676E-02  9.533E+00  1.850E+01  1.183E+01  3.843E+00  4.530E+19 -6.334E-03  2.664E-03  1.558E-01  3.474E-01  3.022E-01  1.672E-01  2.545E+01  2.524E+01  2.893E+01  2.689E+01  2.762E+01  3.143E+01  4.055E+01
 156  02 06 07  6.000E+21  1.153E+01  3.28470E-20  6.82820E-02  2.61795E+01  6.80666E+03  3.29992E-02  1.12941E+01  1.14680E+01  1.118E+01  5.758E-02  6.234E-03  1.124E+01  6.428E-02  4.174E-03  1.122E+01  5.684E-02  9.702E-05  1.127E+01  6.360E-02  6.131E-05  1.152E+21 -1.839E-01  1.998E-01  5.212E+00  1.004E+01  7.344E+00  2.854E+00  4.043E+19 -6.131E-03  8.525E-03  1.931E-01  3.826E-01  3.146E-01  1.673E-01  4.156E+01  4.227E+01  4.761E+01  4.295E+01  4.196E+01  4.254E+01  4.792E+01  1.305E+21 -1.839E-01  2.938E-01  6.203E+00  1.165E+01  8.430E+00  3.249E+00  4.533E+19 -6.113E-03  1.125E-02  2.244E-01  4.374E-01  3.575E-01  1.894E-01  4.131E+01  4.225E+01  4.509E+01  4.241E+01  4.155E+01  4.228E+01  4.776E+01
 157  02 07 01  6.000E+21  6.804E+00  1.18890E-16  1.04832E-01  6.19226E+00  1.60999E+03  7.80533E-03  8.27996E+00  1.11042E+01  8.651E+00  8.690E-02  1.165E-01  8.697E+00  8.587E-02  8.069E-02  8.748E+00  8.256E-02  1.083E-02  8.776E+00  8.240E-02  1.212E-02  1.247E+22 -2.524E+00 -3.638E+00  4.016E+00  1.296E+01  8.985E+00  3.146E+00  6.937E+19 -7.071E-03 -1.095E-02  2.692E-02  1.303E-01  1.580E-01  1.134E-01  1.445E+01  1.029E+01  1.062E+01  1.605E+01  1.946E+01  2.570E+01  3.679E+01  1.251E+22 -2.524E+00 -3.605E+00  4.251E+00  1.321E+01  9.101E+00  3.175E+00  6.962E+19 -7.071E-03 -1.083E-02  2.832E-02  1.328E-01  1.601E-01  1.145E-01  1.445E+01  1.029E+01  1.061E+01  1.599E+01  1.945E+01  2.570E+01  3.680E+01
 158  02 07 02  6.000E+21  7.216E+00  4.11630E-17  1.04850E-01  5.54445E+00  1.44156E+03  6.98877E-03  8.26737E+00  1.09231E+01  8.431E+00  9.452E-02  3.338E-01  8.472E+00  9.329E-02  2.619E-01  8.597E+00  8.632E-02  5.169E-03  8.619E+00  8.612E-02  6.022E-03  1.245E+22 -2.771E+00 -3.775E+00  3.367E+00  1.223E+01  8.721E+00  3.100E+00  6.932E+19 -7.595E-03 -1.150E-02  2.173E-02  1.212E-01  1.524E-01  1.115E-01  1.446E+01  1.020E+01  1.071E+01  1.569E+01  1.929E+01  2.563E+01  3.675E+01  1.248E+22 -2.771E+00 -3.749E+00  3.544E+00  1.243E+01  8.806E+00  3.122E+00  6.950E+19 -7.594E-03 -1.142E-02  2.275E-02  1.230E-01  1.539E-01  1.123E-01  1.446E+01  1.020E+01  1.071E+01  1.564E+01  1.929E+01  2.563E+01  3.675E+01
 159  02 07 03  6.000E+21  7.856E+00  1.35630E-17  1.04810E-01  5.91085E+00  1.53682E+03  7.45061E-03  8.50078E+00  1.09700E+01  8.547E+00  9.838E-02  3.089E-01  8.588E+00  9.724E-02  2.438E-01  8.711E+00  9.012E-02  1.614E-03  8.734E+00  8.998E-02  2.099E-03  1.196E+22 -2.987E+00 -3.599E+00  3.968E+00  1.366E+01  9.616E+00  3.364E+00  6.944E+19 -8.737E-03 -1.181E-02  2.620E-02  1.380E-01  1.700E-01  1.217E-01  1.478E+01  1.057E+01  1.116E+01  1.589E+01  1.949E+01  2.575E+01  3.688E+01  1.200E+22 -2.987E+00 -3.570E+00  4.174E+00  1.389E+01  9.718E+00  3.390E+00  6.966E+19 -8.736E-03 -1.172E-02  2.741E-02  1.403E-01  1.718E-01  1.226E-01  1.478E+01  1.057E+01  1.116E+01  1.584E+01  1.948E+01  2.575E+01  3.688E+01
 160  02 07 04  6.000E+21  8.818E+00  3.75330E-18  1.04825E-01  7.51881E+00  1.95489E+03  9.47745E-03  9.00993E+00  1.08848E+01  9.030E+00  9.785E-02  1.047E-01  9.068E+00  9.731E-02  8.016E-02  9.135E+00  9.299E-02  3.329E-04  9.160E+00  9.307E-02  5.185E-04  1.061E+22 -2.506E+00 -2.863E+00  6.257E+00  1.774E+01  1.190E+01  3.991E+00  6.932E+19 -9.346E-03 -1.129E-02  4.693E-02  1.935E-01  2.192E-01  1.472E-01  1.575E+01  1.213E+01  1.234E+01  1.709E+01  2.031E+01  2.632E+01  3.722E+01  1.066E+22 -2.506E+00 -2.824E+00  6.554E+00  1.808E+01  1.206E+01  4.031E+00  6.966E+19 -9.344E-03 -1.113E-02  4.884E-02  1.970E-01  2.220E-01  1.486E-01  1.575E+01  1.213E+01  1.234E+01  1.703E+01  2.030E+01  2.632E+01  3.721E+01
 161  02 07 05  6.000E+21  9.943E+00  9.12350E-19  1.04797E-01  1.08905E+01  2.83154E+03  1.37275E-02  9.74956E+00  1.10525E+01  9.702E+00  9.792E-02  2.984E-02  9.740E+00  9.826E-02  2.173E-02  9.766E+00  9.526E-02  3.619E-06  9.795E+00  9.599E-02  2.797E-05  7.871E+21 -1.552E+00 -1.557E+00  9.313E+00  2.261E+01  1.474E+01  4.802E+00  6.856E+19 -9.683E-03 -8.637E-03  9.517E-02  2.978E-01  3.018E-01  1.865E-01  1.849E+01  1.632E+01  1.493E+01  2.048E+01  2.253E+01  2.781E+01  3.820E+01  7.959E+21 -1.552E+00 -1.500E+00  9.817E+00  2.324E+01  1.505E+01  4.886E+00  6.930E+19 -9.680E-03 -8.300E-03  9.936E-02  3.055E-01  3.079E-01  1.897E-01  1.848E+01  1.632E+01  1.491E+01  2.035E+01  2.250E+01  2.780E+01  3.820E+01
 162  02 07 06  6.000E+21  1.086E+01  2.11440E-19  1.04841E-01  1.68635E+01  4.38450E+03  2.12564E-02  1.05363E+01  1.11740E+01  1.044E+01  9.719E-02  1.389E-02  1.048E+01  9.921E-02  1.051E-02  1.050E+01  9.536E-02  9.393E-05  1.053E+01  9.758E-02  5.595E-05  4.347E+21 -7.122E-01 -3.391E-01  1.017E+01  2.264E+01  1.545E+01  5.248E+00  6.803E+19 -9.831E-03 -1.517E-03  1.839E-01  4.495E-01  4.073E-01  2.319E-01  2.603E+01  2.579E+01  1.644E+01  2.866E+01  2.858E+01  3.199E+01  4.098E+01  4.468E+21 -7.122E-01 -2.661E-01  1.090E+01  2.370E+01  1.604E+01  5.426E+00  6.976E+19 -9.822E-03 -6.515E-04  1.942E-01  4.680E-01  4.219E-01  2.395E-01  2.600E+01  2.578E+01  1.513E+01  2.837E+01  2.848E+01  3.193E+01  4.096E+01
 163  02 07 07  6.000E+21  1.139E+01  4.97800E-20  1.04828E-01  2.66243E+01  6.92231E+03  3.35598E-02  1.11230E+01  1.14030E+01  1.102E+01  9.308E-02  7.127E-03  1.106E+01  9.866E-02  5.276E-03  1.106E+01  9.181E-02  9.696E-05  1.110E+01  9.750E-02  6.684E-05  1.832E+21 -2.823E-01  1.787E-01  7.156E+00  1.459E+01  1.099E+01  4.373E+00  6.533E+19 -9.542E-03  9.524E-03  2.773E-01  5.737E-01  4.813E-01  2.596E-01  4.197E+01  4.254E+01  4.093E+01  4.405E+01  4.272E+01  4.309E+01  4.827E+01  1.966E+21 -2.823E-01  2.616E-01  8.019E+00  1.600E+01  1.193E+01  4.711E+00  6.949E+19 -9.527E-03  1.183E-02  3.036E-01  6.198E-01  5.174E-01  2.783E-01  4.172E+01  4.251E+01  4.877E+01  4.347E+01  4.235E+01  4.284E+01  4.812E+01
 164  02 07 08  6.000E+21  1.165E+01  1.15070E-20  1.04738E-01  4.27589E+01  1.11173E+04  5.38975E-02  1.14608E+01  1.15519E+01  1.134E+01  8.131E-02  5.815E-03  1.140E+01  9.837E-02  3.355E-03  1.138E+01  8.030E-02  1.109E-04  1.144E+01  9.743E-02  6.322E-05  6.257E+20 -1.044E-01  1.538E-01  3.223E+00  6.131E+00  4.805E+00  2.281E+00  5.712E+19 -9.184E-03  1.622E-02  3.060E-01  5.817E-01  4.689E-01  2.459E-01  7.032E+01  7.077E+01  7.738E+01  7.212E+01  7.003E+01  6.858E+01  6.851E+01  7.783E+20 -1.044E-01  2.509E-01  4.243E+00  7.849E+00  6.084E+00  2.858E+00  6.948E+19 -9.157E-03  2.349E-02  3.872E-01  7.224E-01  5.785E-01  3.021E-01  6.932E+01  7.071E+01  7.299E+01  7.027E+01  6.873E+01  6.752E+01  6.769E+01
 165  02 08 01  6.000E+21  6.766E+00  1.32200E-16  1.60972E-01  1.08105E+01  2.81074E+03  1.36267E-02  8.74564E+00  1.11845E+01  9.260E+00  1.266E-01  1.108E-02  9.313E+00  1.261E-01  1.156E-02  9.269E+00  1.261E-01  1.034E-02  9.309E+00  1.264E-01  1.134E-02  1.628E+22 -3.027E+00 -4.303E+00  8.114E+00  2.370E+01  1.628E+01  5.582E+00  1.062E+20 -1.194E-02 -1.504E-02  8.052E-02  2.882E-01  3.152E-01  2.101E-01  1.554E+01  1.197E+01  1.137E+01  2.015E+01  2.148E+01  2.699E+01  3.761E+01  1.638E+22 -3.027E+00 -4.239E+00  8.669E+00  2.439E+01  1.662E+01  5.674E+00  1.070E+20 -1.194E-02 -1.466E-02  8.524E-02  2.967E-01  3.220E-01  2.136E-01  1.556E+01  1.197E+01  1.132E+01  2.003E+01  2.148E+01  2.700E+01  3.761E+01
 166  02 08 02  6.000E+21  7.141E+00  4.53030E-17  1.60966E-01  8.83908E+00  2.29816E+03  1.11417E-02  8.56492E+00  1.09480E+01  8.909E+00  1.342E-01  4.638E-02  8.954E+00  1.331E-01  3.025E-02  8.971E+00  1.301E-01  7.523E-03  9.000E+00  1.301E-01  8.470E-03  1.708E+22 -3.441E+00 -4.746E+00  6.701E+00  2.153E+01  1.510E+01  5.262E+00  1.064E+20 -1.222E-02 -1.670E-02  5.702E-02  2.417E-01  2.806E-01  1.945E-01  1.527E+01  1.158E+01  1.147E+01  1.845E+01  2.060E+01  2.645E+01  3.725E+01  1.715E+22 -3.441E+00 -4.697E+00  7.093E+00  2.199E+01  1.531E+01  5.319E+00  1.069E+20 -1.222E-02 -1.647E-02  5.983E-02  2.468E-01  2.846E-01  1.966E-01  1.527E+01  1.158E+01  1.145E+01  1.834E+01  2.060E+01  2.645E+01  3.725E+01
 167  02 08 03  6.000E+21  7.673E+00  1.60910E-17  1.60927E-01  8.11244E+00  2.10923E+03  1.02257E-02  8.59137E+00  1.09710E+01  8.756E+00  1.435E-01  1.315E-01  8.794E+00  1.423E-01  9.870E-02  8.865E+00  1.356E-01  3.173E-03  8.889E+00  1.355E-01  3.762E-03  1.679E+22 -3.726E+00 -4.707E+00  6.204E+00  2.113E+01  1.503E+01  5.275E+00  1.064E+20 -1.324E-02 -1.753E-02  5.015E-02  2.331E-01  2.775E-01  1.946E-01  1.546E+01  1.167E+01  1.187E+01  1.794E+01  2.043E+01  2.635E+01  3.721E+01  1.685E+22 -3.726E+00 -4.666E+00  6.523E+00  2.149E+01  1.520E+01  5.319E+00  1.068E+20 -1.323E-02 -1.736E-02  5.229E-02  2.370E-01  2.806E-01  1.962E-01  1.546E+01  1.167E+01  1.186E+01  1.784E+01  2.043E+01  2.635E+01  3.721E+01
 168  02 08 04  6.000E+21  8.466E+00  5.02640E-18  1.60882E-01  8.99655E+00  2.33910E+03  1.13401E-02  8.89653E+00  1.10137E+01  8.956E+00  1.482E-01  1.081E-01  8.995E+00  1.472E-01  8.117E-02  9.061E+00  1.407E-01  7.915E-04  9.086E+00  1.408E-01  1.087E-03  1.506E+22 -3.271E+00 -3.947E+00  7.427E+00  2.371E+01  1.670E+01  5.779E+00  1.063E+20 -1.412E-02 -1.743E-02  6.537E-02  2.780E-01  3.192E-01  2.168E-01  1.638E+01  1.307E+01  1.308E+01  1.881E+01  2.112E+01  2.683E+01  3.754E+01  1.513E+22 -3.271E+00 -3.900E+00  7.819E+00  2.417E+01  1.692E+01  5.837E+00  1.068E+20 -1.412E-02 -1.721E-02  6.819E-02  2.832E-01  3.233E-01  2.190E-01  1.639E+01  1.307E+01  1.307E+01  1.870E+01  2.111E+01  2.683E+01  3.754E+01
 169  02 08 05  6.000E+21  9.499E+00  1.35030E-18  1.60912E-01  1.18521E+01  3.08155E+03  1.49396E-02  9.47709E+00  1.09739E+01  9.475E+00  1.497E-01  4.385E-02  9.513E+00  1.496E-01  3.238E-02  9.549E+00  1.448E-01  6.762E-05  9.577E+00  1.454E-01  1.437E-04  1.145E+22 -2.162E+00 -2.448E+00  9.877E+00  2.806E+01  1.960E+01  6.694E+00  1.065E+20 -1.486E-02 -1.527E-02  1.160E-01  3.959E-01  4.161E-01  2.642E-01  1.916E+01  1.721E+01  1.594E+01  2.234E+01  2.347E+01  2.838E+01  3.849E+01  1.154E+22 -2.162E+00 -2.389E+00  1.041E+01  2.875E+01  1.995E+01  6.789E+00  1.074E+20 -1.486E-02 -1.488E-02  1.209E-01  4.047E-01  4.231E-01  2.679E-01  1.916E+01  1.720E+01  1.592E+01  2.216E+01  2.344E+01  2.837E+01  3.849E+01
 170  02 08 06  6.000E+21  1.051E+01  3.26470E-19  1.60731E-01  1.74699E+01  4.54219E+03  2.20208E-02  1.02281E+01  1.11512E+01  1.015E+01  1.496E-01  1.880E-02  1.019E+01  1.514E-01  1.395E-02  1.021E+01  1.463E-01  5.207E-05  1.024E+01  1.486E-01  2.050E-05  6.527E+21 -1.060E+00 -8.662E-01  1.104E+01  2.825E+01  2.057E+01  7.314E+00  1.048E+20 -1.505E-02 -7.843E-03  2.200E-01  5.903E-01  5.581E-01  3.276E-01  2.638E+01  2.612E+01  2.011E+01  3.050E+01  2.957E+01  3.253E+01  4.122E+01  6.653E+21 -1.060E+00 -7.941E-01  1.179E+01  2.936E+01  2.121E+01  7.507E+00  1.067E+20 -1.504E-02 -6.933E-03  2.312E-01  6.104E-01  5.740E-01  3.360E-01  2.637E+01  2.612E+01  1.979E+01  3.022E+01  2.947E+01  3.249E+01  4.120E+01
 171  02 08 07  6.000E+21  1.121E+01  7.56770E-20  1.60850E-01  2.72491E+01  7.08478E+03  3.43475E-02  1.09097E+01  1.13082E+01  1.080E+01  1.448E-01  9.521E-03  1.085E+01  1.519E-01  6.859E-03  1.085E+01  1.425E-01  1.090E-04  1.089E+01  1.499E-01  6.933E-05  2.794E+21 -4.301E-01  3.513E-02  8.851E+00  1.959E+01  1.535E+01  6.303E+00  1.014E+20 -1.487E-02  6.995E-03  3.650E-01  8.030E-01  6.930E-01  3.812E-01  4.224E+01  4.285E+01  4.075E+01  4.562E+01  4.371E+01  4.384E+01  4.877E+01  2.951E+21 -4.301E-01  1.244E-01  9.823E+00  2.121E+01  1.647E+01  6.721E+00  1.069E+20 -1.486E-02  9.783E-03  3.983E-01  8.622E-01  7.397E-01  4.055E-01  4.221E+01  4.284E+01  5.274E+01  4.515E+01  4.349E+01  4.371E+01  4.870E+01
 172  02 08 08  6.000E+21  1.157E+01  1.73220E-20  1.60700E-01  4.35232E+01  1.13160E+04  5.48609E-02  1.13486E+01  1.14811E+01  1.124E+01  1.356E-01  5.890E-03  1.129E+01  1.514E-01  3.953E-03  1.128E+01  1.339E-01  1.088E-04  1.132E+01  1.499E-01  7.139E-05  1.026E+21 -1.597E-01  2.027E-01  4.846E+00  9.502E+00  7.558E+00  3.632E+00  9.532E+19 -1.433E-02  2.274E-02  4.750E-01  9.264E-01  7.561E-01  4.000E-01  7.105E+01  7.153E+01  7.983E+01  7.341E+01  7.126E+01  6.961E+01  6.939E+01  1.170E+21 -1.597E-01  2.934E-01  5.796E+00  1.110E+01  8.749E+00  4.169E+00  1.069E+20 -1.430E-02  2.951E-02  5.502E-01  1.057E+00  8.580E-01  4.523E-01  7.024E+01  7.152E+01  7.599E+01  7.211E+01  7.014E+01  6.873E+01  6.873E+01
 173  02 09 01  6.000E+21  6.776E+00  1.25250E-16  2.47185E-01  1.79973E+01  4.67931E+03  2.26856E-02  9.21549E+00  1.12566E+01  9.724E+00  1.947E-01  8.267E-03  9.788E+00  1.959E-01  1.224E-02  9.710E+00  1.959E-01  6.860E-03  9.762E+00  1.981E-01  7.482E-03  1.874E+22 -3.265E+00 -4.671E+00  1.064E+01  3.367E+01  2.508E+01  9.053E+00  1.617E+20 -1.962E-02 -1.852E-02  1.984E-01  5.936E-01  6.016E-01  3.781E-01  1.717E+01  1.347E+01  1.202E+01  2.906E+01  2.614E+01  3.010E+01  3.962E+01  1.889E+22 -3.265E+00 -4.587E+00  1.151E+01  3.499E+01  2.585E+01  9.294E+00  1.641E+20 -1.961E-02 -1.732E-02  2.129E-01  6.197E-01  6.223E-01  3.889E-01  1.723E+01  1.347E+01  1.190E+01  2.890E+01  2.622E+01  3.017E+01  3.965E+01
 174  02 09 02  6.000E+21  7.100E+00  4.81640E-17  2.47205E-01  1.52335E+01  3.96070E+03  1.92018E-02  8.99895E+00  1.12262E+01  9.455E+00  1.980E-01  7.490E-03  9.507E+00  1.979E-01  9.641E-03  9.454E+00  1.981E-01  7.480E-03  9.494E+00  1.991E-01  8.227E-03  2.056E+22 -3.746E+00 -5.264E+00  1.010E+01  3.341E+01  2.465E+01  8.800E+00  1.627E+20 -1.977E-02 -2.184E-02  1.544E-01  5.111E-01  5.415E-01  3.515E-01  1.685E+01  1.334E+01  1.231E+01  2.602E+01  2.428E+01  2.879E+01  3.875E+01  2.067E+22 -3.746E+00 -5.191E+00  1.081E+01  3.441E+01  2.519E+01  8.958E+00  1.642E+20 -1.977E-02 -2.109E-02  1.633E-01  5.270E-01  5.541E-01  3.581E-01  1.688E+01  1.334E+01  1.222E+01  2.582E+01  2.430E+01  2.882E+01  3.877E+01
 175  02 09 03  6.000E+21  7.565E+00  1.79700E-17  2.47105E-01  1.25854E+01  3.27219E+03  1.58638E-02  8.85074E+00  1.10163E+01  9.154E+00  2.084E-01  2.033E-02  9.196E+00  2.074E-01  1.283E-02  9.195E+00  2.044E-01  4.874E-03  9.224E+00  2.047E-01  5.530E-03  2.139E+22 -4.171E+00 -5.510E+00  9.317E+00  3.244E+01  2.393E+01  8.536E+00  1.630E+20 -2.054E-02 -2.475E-02  1.170E-01  4.437E-01  4.941E-01  3.312E-01  1.686E+01  1.348E+01  1.293E+01  2.333E+01  2.292E+01  2.793E+01  3.818E+01  2.149E+22 -4.171E+00 -5.448E+00  9.878E+00  3.317E+01  2.430E+01  8.638E+00  1.640E+20 -2.054E-02 -2.429E-02  1.224E-01  4.534E-01  5.018E-01  3.353E-01  1.687E+01  1.348E+01  1.288E+01  2.311E+01  2.292E+01  2.793E+01  3.818E+01
 176  02 09 04  6.000E+21  8.243E+00  6.01190E-18  2.47162E-01  1.19448E+01  3.10565E+03  1.50564E-02  8.94046E+00  1.10226E+01  9.076E+00  2.209E-01  5.643E-02  9.113E+00  2.198E-01  4.021E-02  9.152E+00  2.129E-01  1.620E-03  9.177E+00  2.131E-01  1.994E-03  1.992E+22 -3.915E+00 -4.913E+00  9.288E+00  3.277E+01  2.437E+01  8.714E+00  1.631E+20 -2.156E-02 -2.584E-02  1.125E-01  4.485E-01  5.052E-01  3.393E-01  1.768E+01  1.469E+01  1.424E+01  2.288E+01  2.304E+01  2.804E+01  3.824E+01  2.001E+22 -3.914E+00 -4.856E+00  9.803E+00  3.343E+01  2.470E+01  8.805E+00  1.639E+20 -2.156E-02 -2.546E-02  1.171E-01  4.569E-01  5.119E-01  3.429E-01  1.769E+01  1.469E+01  1.421E+01  2.266E+01  2.303E+01  2.804E+01  3.824E+01
 177  02 09 05  6.000E+21  9.121E+00  1.85100E-18  2.46996E-01  1.38243E+01  3.59433E+03  1.74255E-02  9.31906E+00  1.10671E+01  9.355E+00  2.271E-01  4.519E-02  9.394E+00  2.267E-01  3.244E-02  9.428E+00  2.196E-01  2.440E-04  9.456E+00  2.204E-01  3.874E-04  1.564E+22 -2.797E+00 -3.388E+00  1.048E+01  3.483E+01  2.624E+01  9.441E+00  1.628E+20 -2.240E-02 -2.428E-02  1.558E-01  5.559E-01  5.965E-01  3.850E-01  2.031E+01  1.852E+01  1.713E+01  2.574E+01  2.515E+01  2.941E+01  3.921E+01  1.575E+22 -2.797E+00 -3.324E+00  1.111E+01  3.568E+01  2.669E+01  9.568E+00  1.640E+20 -2.240E-02 -2.374E-02  1.625E-01  5.682E-01  6.063E-01  3.901E-01  2.031E+01  1.852E+01  1.709E+01  2.549E+01  2.511E+01  2.940E+01  3.920E+01
 178  02 09 06  6.000E+21  1.013E+01  4.83560E-19  2.46953E-01  1.88149E+01  4.89188E+03  2.37162E-02  9.95378E+00  1.10735E+01  9.908E+00  2.298E-01  2.289E-02  9.947E+00  2.314E-01  1.666E-02  9.967E+00  2.243E-01  5.026E-06  9.998E+00  2.267E-01  6.752E-07  9.388E+21 -1.503E+00 -1.539E+00  1.146E+01  3.408E+01  2.682E+01  1.011E+01  1.619E+20 -2.303E-02 -1.718E-02  2.716E-01  7.899E-01  7.749E-01  4.675E-01  2.724E+01  2.694E+01  2.218E+01  3.367E+01  3.140E+01  3.379E+01  4.200E+01  9.517E+21 -1.503E+00 -1.467E+00  1.222E+01  3.524E+01  2.751E+01  1.032E+01  1.642E+20 -2.302E-02 -1.615E-02  2.843E-01  8.128E-01  7.932E-01  4.771E-01  2.725E+01  2.693E+01  2.201E+01  3.329E+01  3.130E+01  3.375E+01  4.199E+01
 179  02 09 07  6.000E+21  1.096E+01  1.15830E-19  2.46881E-01  2.81908E+01  7.32962E+03  3.55345E-02  1.06588E+01  1.12611E+01  1.056E+01  2.270E-01  1.209E-02  1.060E+01  2.331E-01  9.065E-03  1.061E+01  2.230E-01  1.036E-04  1.065E+01  2.295E-01  6.460E-05  4.261E+21 -6.477E-01 -2.434E-01  1.046E+01  2.559E+01  2.107E+01  9.007E+00  1.590E+20 -2.301E-02  6.648E-04  4.731E-01  1.116E+00  9.947E-01  5.599E-01  4.268E+01  4.324E+01  2.356E+01  4.816E+01  4.527E+01  4.499E+01  4.952E+01  4.403E+21 -6.477E-01 -1.632E-01  1.133E+01  2.704E+01  2.207E+01  9.383E+00  1.640E+20 -2.299E-02  3.176E-03  5.030E-01  1.169E+00  1.037E+00  5.819E-01  4.264E+01  4.324E+01  3.802E+01  4.762E+01  4.503E+01  4.485E+01  4.945E+01
 180  02 09 08  6.000E+21  1.145E+01  2.62000E-20  2.46823E-01  4.45433E+01  1.15812E+04  5.61467E-02  1.12000E+01  1.14296E+01  1.110E+01  2.168E-01  6.602E-03  1.114E+01  2.321E-01  4.789E-03  1.114E+01  2.139E-01  1.007E-04  1.117E+01  2.295E-01  7.013E-05  1.618E+21 -2.444E-01  2.008E-01  6.677E+00  1.377E+01  1.120E+01  5.478E+00  1.523E+20 -2.229E-02  2.684E-02  6.839E-01  1.385E+00  1.151E+00  6.167E-01  7.150E+01  7.209E+01  7.578E+01  7.509E+01  7.251E+01  7.064E+01  7.024E+01  1.756E+21 -2.444E-01  2.863E-01  7.577E+00  1.529E+01  1.234E+01  5.994E+00  1.636E+20 -2.226E-02  3.333E-02  7.565E-01  1.512E+00  1.250E+00  6.678E-01  7.098E+01  7.207E+01  8.048E+01  7.396E+01  7.174E+01  6.999E+01  6.977E+01
 181  02 09 09  6.000E+21  1.167E+01  6.18680E-21  2.47018E-01  7.06482E+01  1.83685E+04  8.90519E-02  1.14941E+01  1.15651E+01  1.137E+01  1.832E-01  6.227E-03  1.144E+01  2.326E-01  3.260E-03  1.141E+01  1.808E-01  1.325E-04  1.147E+01  2.305E-01  7.046E-05  5.296E+20 -9.122E-02  1.341E-01  2.783E+00  5.312E+00  4.242E+00  2.159E+00  1.286E+20 -2.157E-02  3.773E-02  7.019E-01  1.326E+00  1.065E+00  5.573E-01  1.185E+02  1.178E+02  1.289E+02  1.213E+02  1.185E+02  1.159E+02  1.132E+02  6.899E+20 -9.122E-02  2.358E-01  3.860E+00  7.149E+00  5.648E+00  2.854E+00  1.644E+20 -2.153E-02  5.885E-02  9.378E-01  1.735E+00  1.384E+00  7.205E-01  1.169E+02  1.178E+02  1.217E+02  1.184E+02  1.163E+02  1.142E+02  1.116E+02
 182  02 10 02  6.000E+21  7.095E+00  4.77300E-17  3.79430E-01  2.58292E+01  6.71559E+03  3.25576E-02  9.46750E+00  1.13141E+01  9.914E+00  3.029E-01  7.545E-03  9.984E+00  3.067E-01  1.151E-02  9.896E+00  3.053E-01  5.154E-03  9.954E+00  3.105E-01  5.629E-03  2.222E+22 -3.876E+00 -5.483E+00  1.150E+01  4.045E+01  3.294E+01  1.299E+01  2.470E+20 -3.160E-02 -2.402E-02  3.692E-01  1.034E+00  1.017E+00  6.247E-01  1.819E+01  1.430E+01  1.283E+01  3.895E+01  3.131E+01  3.401E+01  4.245E+01  2.238E+22 -3.876E+00 -5.393E+00  1.247E+01  4.205E+01  3.403E+01  1.339E+01  2.521E+20 -3.160E-02 -2.148E-02  3.996E-01  1.088E+00  1.060E+00  6.470E-01  1.828E+01  1.430E+01  1.268E+01  3.893E+01  3.161E+01  3.421E+01  4.257E+01
 183  02 10 03  6.000E+21  7.505E+00  1.92920E-17  3.79522E-01  2.14881E+01  5.58690E+03  2.70857E-02  9.25282E+00  1.12666E+01  9.642E+00  3.096E-01  5.251E-03  9.698E+00  3.105E-01  7.631E-03  9.638E+00  3.102E-01  5.086E-03  9.682E+00  3.127E-01  5.671E-03  2.395E+22 -4.352E+00 -5.869E+00  1.116E+01  4.196E+01  3.409E+01  1.313E+01  2.488E+20 -3.227E-02 -3.061E-02  2.907E-01  8.984E-01  9.232E-01  5.846E-01  1.864E+01  1.484E+01  1.375E+01  3.514E+01  2.902E+01  3.204E+01  4.090E+01  2.409E+22 -4.352E+00 -5.789E+00  1.201E+01  4.330E+01  3.493E+01  1.341E+01  2.519E+20 -3.227E-02 -2.907E-02  3.091E-01  9.313E-01  9.492E-01  5.981E-01  1.870E+01  1.484E+01  1.362E+01  3.488E+01  2.912E+01  3.211E+01  4.094E+01
 184  02 10 04  6.000E+21  8.107E+00  6.73170E-18  3.79310E-01  1.77932E+01  4.62622E+03  2.24283E-02  9.14455E+00  1.10739E+01  9.379E+00  3.266E-01  1.175E-02  9.421E+00  3.261E-01  7.031E-03  9.412E+00  3.218E-01  2.640E-03  9.443E+00  3.228E-01  3.074E-03  2.362E+22 -4.320E+00 -5.534E+00  1.086E+01  4.265E+01  3.463E+01  1.318E+01  2.498E+20 -3.328E-02 -3.574E-02  2.330E-01  8.070E-01  8.648E-01  5.620E-01  1.971E+01  1.641E+01  1.550E+01  3.178E+01  2.752E+01  3.093E+01  4.011E+01  2.374E+22 -4.320E+00 -5.464E+00  1.157E+01  4.370E+01  3.523E+01  1.336E+01  2.516E+20 -3.327E-02 -3.483E-02  2.438E-01  8.262E-01  8.801E-01  5.699E-01  1.974E+01  1.641E+01  1.541E+01  3.146E+01  2.752E+01  3.094E+01  4.011E+01
 185  02 10 05  6.000E+21  8.847E+00  2.31260E-18  3.79401E-01  1.77339E+01  4.61082E+03  2.23536E-02  9.30666E+00  1.10758E+01  9.393E+00  3.420E-01  2.948E-02  9.435E+00  3.416E-01  1.946E-02  9.452E+00  3.329E-01  6.327E-04  9.482E+00  3.343E-01  8.611E-04  1.971E+22 -3.362E+00 -4.224E+00  1.104E+01  4.241E+01  3.500E+01  1.348E+01  2.498E+20 -3.417E-02 -3.638E-02  2.452E-01  8.560E-01  9.136E-01  5.886E-01  2.233E+01  2.031E+01  1.859E+01  3.240E+01  2.873E+01  3.171E+01  4.067E+01  1.984E+22 -3.362E+00 -4.154E+00  1.178E+01  4.353E+01  3.565E+01  1.368E+01  2.518E+20 -3.416E-02 -3.547E-02  2.565E-01  8.767E-01  9.302E-01  5.973E-01  2.236E+01  2.031E+01  1.850E+01  3.204E+01  2.869E+01  3.170E+01  4.068E+01
 186  02 10 06  6.000E+21  9.773E+00  6.71620E-19  3.79282E-01  2.15003E+01  5.59009E+03  2.71012E-02  9.76381E+00  1.10006E+01  9.757E+00  3.509E-01  2.676E-02  9.798E+00  3.524E-01  1.915E-02  9.819E+00  3.419E-01  8.200E-08  9.850E+00  3.447E-01  9.688E-06  1.266E+22 -1.993E+00 -2.271E+00  1.161E+01  3.967E+01  3.399E+01  1.379E+01  2.506E+20 -3.533E-02 -3.042E-02  3.600E-01  1.103E+00  1.109E+00  6.806E-01  2.917E+01  2.867E+01  2.431E+01  3.897E+01  3.490E+01  3.617E+01  4.347E+01  1.280E+22 -1.993E+00 -2.197E+00  1.240E+01  4.093E+01  3.478E+01  1.405E+01  2.535E+20 -3.532E-02 -2.906E-02  3.766E-01  1.133E+00  1.133E+00  6.931E-01  2.919E+01  2.867E+01  2.414E+01  3.853E+01  3.480E+01  3.614E+01  4.346E+01
 187  02 10 07  6.000E+21  1.067E+01  1.71000E-19  3.79381E-01  3.01406E+01  7.83654E+03  3.79921E-02  1.04104E+01  1.11846E+01  1.032E+01  3.501E-01  1.526E-02  1.037E+01  3.575E-01  1.087E-02  1.038E+01  3.431E-01  1.393E-04  1.041E+01  3.514E-01  6.866E-05  6.180E+21 -9.346E-01 -6.771E-01  1.134E+01  3.113E+01  2.716E+01  1.228E+01  2.455E+20 -3.546E-02 -1.139E-02  5.982E-01  1.518E+00  1.400E+00  8.070E-01  4.378E+01  4.430E+01  3.065E+01  5.232E+01  4.835E+01  4.733E+01  5.111E+01  6.336E+21 -9.346E-01 -5.934E-01  1.227E+01  3.273E+01  2.830E+01  1.273E+01  2.521E+20 -3.545E-02 -8.274E-03  6.366E-01  1.587E+00  1.455E+00  8.358E-01  4.384E+01  4.429E+01  2.942E+01  5.181E+01  4.820E+01  4.726E+01  5.107E+01
 188  02 10 08  6.000E+21  1.128E+01  4.05270E-20  3.79275E-01  4.57854E+01  1.19042E+04  5.77125E-02  1.10092E+01  1.13272E+01  1.090E+01  3.394E-01  8.358E-03  1.095E+01  3.579E-01  6.084E-03  1.095E+01  3.343E-01  1.149E-04  1.099E+01  3.534E-01  7.592E-05  2.501E+21 -3.753E-01  1.039E-01  8.531E+00  1.889E+01  1.587E+01  7.927E+00  2.380E+20 -3.480E-02  2.441E-02  9.256E-01  1.978E+00  1.684E+00  9.180E-01  7.143E+01  7.213E+01  8.638E+01  7.745E+01  7.385E+01  7.183E+01  7.128E+01  2.653E+21 -3.753E-01  1.928E-01  9.497E+00  2.055E+01  1.712E+01  8.507E+00  2.520E+20 -3.478E-02  3.187E-02  1.013E+00  2.132E+00  1.805E+00  9.805E-01  7.136E+01  7.212E+01  8.670E+01  7.657E+01  7.344E+01  7.152E+01  7.107E+01
 189  02 10 09  6.000E+21  1.160E+01  9.40090E-21  3.78973E-01  7.20686E+01  1.87378E+04  9.08423E-02  1.13936E+01  1.15241E+01  1.128E+01  3.125E-01  5.927E-03  1.134E+01  3.562E-01  3.801E-03  1.132E+01  3.086E-01  1.239E-04  1.137E+01  3.526E-01  8.089E-05  8.942E+20 -1.399E-01  1.928E-01  4.367E+00  8.545E+00  6.907E+00  3.543E+00  2.196E+20 -3.346E-02  5.653E-02  1.128E+00  2.176E+00  1.767E+00  9.311E-01  1.190E+02  1.183E+02  1.323E+02  1.228E+02  1.198E+02  1.170E+02  1.142E+02  1.040E+21 -1.399E-01  2.855E-01  5.341E+00  1.021E+01  8.179E+00  4.172E+00  2.515E+20 -3.343E-02  7.544E-02  1.337E+00  2.538E+00  2.049E+00  1.076E+00  1.176E+02  1.183E+02  1.261E+02  1.204E+02  1.178E+02  1.155E+02  1.129E+02
 190  02 11 03  6.000E+21  7.439E+00  2.15740E-17  5.82577E-01  3.75376E+01  9.75976E+03  4.73160E-02  9.73186E+00  1.13692E+01  1.011E+01  4.710E-01  5.835E-03  1.019E+01  4.808E-01  9.118E-03  1.009E+01  4.746E-01  3.563E-03  1.016E+01  4.864E-01  3.902E-03  2.490E+22 -4.376E+00 -5.961E+00  1.222E+01  4.590E+01  3.965E+01  1.705E+01  3.765E+20 -5.036E-02 -2.763E-02  6.840E-01  1.798E+00  1.718E+00  1.030E+00  1.944E+01  1.533E+01  1.396E+01  5.128E+01  3.674E+01  3.906E+01  4.711E+01  2.506E+22 -4.376E+00 -5.868E+00  1.323E+01  4.762E+01  4.093E+01  1.761E+01  3.870E+20 -5.035E-02 -2.218E-02  7.481E-01  1.912E+00  1.807E+00  1.077E+00  1.954E+01  1.533E+01  1.379E+01  5.183E+01  3.748E+01  3.956E+01  4.745E+01
 191  02 11 04  6.000E+21  7.988E+00  7.75400E-18  5.82565E-01  3.00599E+01  7.81557E+03  3.78904E-02  9.50715E+00  1.13027E+01  9.817E+00  4.861E-01  3.213E-03  9.873E+00  4.894E-01  4.888E-03  9.813E+00  4.868E-01  3.130E-03  9.859E+00  4.923E-01  3.547E-03  2.565E+22 -4.566E+00 -5.866E+00  1.193E+01  4.836E+01  4.284E+01  1.823E+01  3.813E+20 -5.159E-02 -4.133E-02  5.385E-01  1.569E+00  1.567E+00  9.699E-01  2.122E+01  1.706E+01  1.606E+01  4.672E+01  3.564E+01  3.712E+01  4.473E+01  2.579E+22 -4.566E+00 -5.783E+00  1.282E+01  4.985E+01  4.389E+01  1.863E+01  3.871E+20 -5.158E-02 -3.834E-02  5.735E-01  1.631E+00  1.617E+00  9.954E-01  2.130E+01  1.706E+01  1.590E+01  4.652E+01  3.590E+01  3.729E+01  4.484E+01
 192  02 11 05  6.000E+21  8.674E+00  2.65990E-18  5.82542E-01  2.55356E+01  6.63925E+03  3.21875E-02  9.45603E+00  1.11315E+01  9.608E+00  5.104E-01  8.975E-03  9.662E+00  5.120E-01  4.465E-03  9.640E+00  5.033E-01  1.188E-03  9.682E+00  5.075E-01  1.506E-03  2.256E+22 -3.742E+00 -4.770E+00  1.154E+01  4.808E+01  4.363E+01  1.860E+01  3.818E+20 -5.244E-02 -4.956E-02  4.579E-01  1.458E+00  1.504E+00  9.476E-01  2.461E+01  2.173E+01  1.981E+01  4.421E+01  3.586E+01  3.677E+01  4.405E+01  2.272E+22 -3.742E+00 -4.688E+00  1.247E+01  4.963E+01  4.469E+01  1.899E+01  3.867E+20 -5.244E-02 -4.735E-02  4.860E-01  1.509E+00  1.545E+00  9.690E-01  2.469E+01  2.173E+01  1.961E+01  4.353E+01  3.595E+01  3.684E+01  4.410E+01
 193  02 11 06  6.000E+21  9.488E+00  8.55650E-19  5.82463E-01  2.67419E+01  6.95289E+03  3.37081E-02  9.70304E+00  1.11380E+01  9.734E+00  5.308E-01  1.768E-02  9.777E+00  5.331E-01  1.144E-02  9.783E+00  5.198E-01  1.374E-04  9.817E+00  5.242E-01  2.336E-04  1.579E+22 -2.447E+00 -2.929E+00  1.180E+01  4.447E+01  4.127E+01  1.834E+01  3.825E+20 -5.358E-02 -4.655E-02  5.347E-01  1.643E+00  1.658E+00  1.024E+00  3.149E+01  3.026E+01  2.593E+01  4.793E+01  4.089E+01  4.057E+01  4.640E+01  1.593E+22 -2.447E+00 -2.853E+00  1.265E+01  4.588E+01  4.224E+01  1.870E+01  3.871E+20 -5.357E-02 -4.440E-02  5.612E-01  1.691E+00  1.696E+00  1.044E+00  3.157E+01  3.026E+01  2.567E+01  4.700E+01  4.083E+01  4.057E+01  4.641E+01
 194  02 11 07  6.000E+21  1.036E+01  2.42690E-19  5.82311E-01  3.37560E+01  8.77657E+03  4.25494E-02  1.02071E+01  1.11198E+01  1.015E+01  5.380E-01  1.631E-02  1.019E+01  5.458E-01  1.130E-02  1.020E+01  5.271E-01  2.318E-05  1.024E+01  5.366E-01  3.150E-06  8.560E+21 -1.282E+00 -1.200E+00  1.188E+01  3.640E+01  3.360E+01  1.619E+01  3.791E+20 -5.433E-02 -2.842E-02  7.895E-01  2.117E+00  2.004E+00  1.178E+00  4.552E+01  4.564E+01  3.421E+01  5.909E+01  5.320E+01  5.128E+01  5.408E+01  8.714E+21 -1.282E+00 -1.117E+00  1.280E+01  3.799E+01  3.476E+01  1.668E+01  3.871E+20 -5.431E-02 -2.465E-02  8.357E-01  2.201E+00  2.070E+00  1.212E+00  4.565E+01  4.564E+01  3.338E+01  5.850E+01  5.306E+01  5.125E+01  5.407E+01
 195  02 11 08  6.000E+21  1.107E+01  6.12320E-20  5.82219E-01  4.82941E+01  1.25565E+04  6.08746E-02  1.08002E+01  1.13001E+01  1.071E+01  5.326E-01  9.908E-03  1.074E+01  5.479E-01  7.588E-03  1.075E+01  5.241E-01  1.077E-04  1.078E+01  5.402E-01  7.337E-05  3.772E+21 -5.577E-01 -1.015E-01  1.030E+01  2.480E+01  2.162E+01  1.112E+01  3.737E+20 -5.381E-02  1.578E-02  1.247E+00  2.817E+00  2.463E+00  1.367E+00  7.239E+01  7.261E+01  6.139E+01  8.204E+01  7.730E+01  7.452E+01  7.365E+01  3.903E+21 -5.577E-01 -2.343E-02  1.113E+01  2.622E+01  2.269E+01  1.161E+01  3.858E+20 -5.377E-02  2.246E-02  1.322E+00  2.950E+00  2.567E+00  1.421E+00  7.231E+01  7.260E+01  6.000E+01  8.112E+01  7.679E+01  7.421E+01  7.343E+01
 196  02 11 09  6.000E+21  1.149E+01  1.42260E-20  5.82034E-01  7.43733E+01  1.93371E+04  9.37474E-02  1.12656E+01  1.14522E+01  1.115E+01  4.968E-01  6.597E-03  1.121E+01  5.489E-01  4.473E-03  1.119E+01  4.903E-01  1.230E-04  1.124E+01  5.429E-01  8.129E-05  1.398E+21 -2.129E-01  2.048E-01  6.042E+00  1.236E+01  1.020E+01  5.297E+00  3.490E+20 -5.229E-02  6.931E-02  1.634E+00  3.261E+00  2.690E+00  1.434E+00  1.190E+02  1.188E+02  1.387E+02  1.257E+02  1.216E+02  1.187E+02  1.157E+02  1.554E+21 -2.129E-01  3.002E-01  7.068E+00  1.413E+01  1.155E+01  5.974E+00  3.871E+20 -5.224E-02  9.077E-02  1.878E+00  3.688E+00  3.024E+00  1.606E+00  1.188E+02  1.188E+02  1.338E+02  1.241E+02  1.208E+02  1.181E+02  1.153E+02
 197  02 11 10  6.000E+21  1.169E+01  3.28840E-21  5.82097E-01  1.17621E+02  3.05815E+04  1.48261E-01  1.15274E+01  1.15878E+01  1.140E+01  4.131E-01  6.527E-03  1.147E+01  5.473E-01  3.100E-03  1.144E+01  4.077E-01  1.364E-04  1.150E+01  5.423E-01  6.683E-05  4.412E+20 -7.851E-02  1.170E-01  2.375E+00  4.516E+00  3.618E+00  1.872E+00  2.899E+20 -5.037E-02  8.831E-02  1.614E+00  3.030E+00  2.426E+00  1.266E+00  1.977E+02  1.948E+02  2.154E+02  2.030E+02  1.993E+02  1.962E+02  1.921E+02  6.002E+20 -7.851E-02  2.188E-01  3.450E+00  6.352E+00  5.035E+00  2.589E+00  3.868E+20 -5.032E-02  1.464E-01  2.258E+00  4.142E+00  3.291E+00  1.709E+00  1.948E+02  1.948E+02  2.002E+02  1.972E+02  1.951E+02  1.928E+02  1.891E+02
 198  02 12 03  6.000E+21  7.491E+00  1.91620E-17  8.94617E-01  6.04600E+01  1.57196E+04  7.62098E-02  1.01284E+01  1.14387E+01  1.042E+01  7.248E-01  3.120E-03  1.051E+01  7.567E-01  5.075E-03  1.041E+01  7.288E-01  1.966E-03  1.049E+01  7.634E-01  2.124E-03  2.571E+22 -4.460E+00 -6.033E+00  1.305E+01  4.872E+01  4.287E+01  1.933E+01  5.667E+20 -7.820E-02 -1.234E-02  1.373E+00  3.287E+00  2.997E+00  1.734E+00  2.006E+01  1.581E+01  1.429E+01  6.302E+01  4.084E+01  4.360E+01  5.381E+01  2.588E+22 -4.460E+00 -5.934E+00  1.412E+01  5.056E+01  4.428E+01  2.003E+01  5.945E+20 -7.820E-02  2.746E-03  1.547E+00  3.594E+00  3.238E+00  1.858E+00  2.017E+01  1.581E+01  1.409E+01  6.568E+01  4.212E+01  4.469E+01  5.486E+01
 199  02 12 04  6.000E+21  7.976E+00  7.70710E-18  8.94488E-01  5.15468E+01  1.34022E+04  6.49746E-02  9.92373E+00  1.14069E+01  1.022E+01  7.358E-01  3.690E-03  1.030E+01  7.548E-01  6.183E-03  1.021E+01  7.402E-01  2.356E-03  1.027E+01  7.621E-01  2.625E-03  2.650E+22 -4.635E+00 -5.935E+00  1.282E+01  5.117E+01  4.654E+01  2.130E+01  5.757E+20 -7.952E-02 -3.248E-02  1.175E+00  2.990E+00  2.809E+00  1.661E+00  2.192E+01  1.747E+01  1.632E+01  6.330E+01  4.176E+01  4.344E+01  5.213E+01  2.666E+22 -4.635E+00 -5.842E+00  1.383E+01  5.290E+01  4.786E+01  2.193E+01  5.944E+20 -7.951E-02 -2.239E-02  1.292E+00  3.196E+00  2.971E+00  1.745E+00  2.202E+01  1.747E+01  1.613E+01  6.470E+01  4.280E+01  4.421E+01  5.275E+01
 200  02 12 05  6.000E+21  8.591E+00  2.81980E-18  8.94702E-01  4.12080E+01  1.07141E+04  5.19426E-02  9.75392E+00  1.12346E+01  9.970E+00  7.655E-01  1.671E-03  1.002E+01  7.732E-01  1.972E-03  9.975E+00  7.642E-01  1.536E-03  1.002E+01  7.748E-01  1.801E-03  2.416E+22 -3.935E+00 -4.997E+00  1.258E+01  5.187E+01  4.906E+01  2.303E+01  5.838E+20 -8.063E-02 -5.383E-02  9.742E-01  2.707E+00  2.639E+00  1.600E+00  2.592E+01  2.248E+01  2.035E+01  6.114E+01  4.500E+01  4.474E+01  5.097E+01  2.430E+22 -3.935E+00 -4.915E+00  1.347E+01  5.337E+01  5.019E+01  2.353E+01  5.939E+20 -8.061E-02 -4.845E-02  1.036E+00  2.816E+00  2.726E+00  1.644E+00  2.603E+01  2.248E+01  2.010E+01  6.105E+01  4.548E+01  4.507E+01  5.117E+01
 201  02 12 06  6.000E+21  9.268E+00  1.03890E-18  8.94537E-01  3.70584E+01  9.63518E+03  4.67120E-02  9.78625E+00  1.11881E+01  9.868E+00  7.963E-01  7.448E-03  9.919E+00  8.028E-01  3.797E-03  9.900E+00  7.857E-01  3.794E-04  9.941E+00  7.955E-01  5.378E-04  1.846E+22 -2.832E+00 -3.462E+00  1.230E+01  4.844E+01  4.707E+01  2.289E+01  5.839E+20 -8.177E-02 -6.244E-02  9.144E-01  2.663E+00  2.634E+00  1.606E+00  3.308E+01  3.095E+01  2.682E+01  6.096E+01  4.977E+01  4.792E+01  5.222E+01  1.862E+22 -2.832E+00 -3.379E+00  1.323E+01  5.003E+01  4.826E+01  2.340E+01  5.933E+20 -8.175E-02 -5.791E-02  9.695E-01  2.762E+00  2.713E+00  1.647E+00  3.324E+01  3.095E+01  2.643E+01  6.173E+01  4.997E+01  4.810E+01  5.233E+01
 202  02 12 07  6.000E+21  1.008E+01  3.21370E-19  8.94304E-01  4.07653E+01  1.05990E+04  5.13846E-02  1.01023E+01  1.12057E+01  1.008E+01  8.200E-01  1.299E-02  1.012E+01  8.284E-01  8.886E-03  1.013E+01  8.051E-01  1.400E-06  1.016E+01  8.159E-01  1.587E-05  1.107E+22 -1.639E+00 -1.713E+00  1.240E+01  4.116E+01  3.960E+01  2.030E+01  5.835E+20 -8.289E-02 -4.849E-02  1.137E+00  3.105E+00  2.970E+00  1.761E+00  4.744E+01  4.676E+01  3.652E+01  7.027E+01  6.104E+01  5.789E+01  5.949E+01  1.120E+22 -1.639E+00 -1.636E+00  1.324E+01  4.260E+01  4.067E+01  2.078E+01  5.930E+20 -8.287E-02 -4.368E-02  1.193E+00  3.206E+00  3.049E+00  1.802E+00  4.763E+01  4.676E+01  3.583E+01  6.962E+01  6.095E+01  5.790E+01  5.951E+01
 203  02 12 08  6.000E+21  1.083E+01  8.77700E-20  8.94462E-01  5.33778E+01  1.38782E+04  6.72826E-02  1.06136E+01  1.12356E+01  1.052E+01  8.195E-01  1.175E-02  1.057E+01  8.431E-01  8.337E-03  1.057E+01  8.052E-01  8.262E-05  1.061E+01  8.308E-01  4.374E-05  5.304E+21 -7.826E-01 -4.216E-01  1.138E+01  3.002E+01  2.722E+01  1.444E+01  5.752E+20 -8.325E-02 -2.841E-03  1.655E+00  3.947E+00  3.538E+00  2.000E+00  7.348E+01  7.342E+01  4.305E+01  9.050E+01  8.325E+01  7.965E+01  7.840E+01  5.459E+21 -7.826E-01 -3.349E-01  1.234E+01  3.169E+01  2.851E+01  1.506E+01  5.948E+20 -8.321E-02  7.061E-03  1.773E+00  4.158E+00  3.705E+00  2.086E+00  7.384E+01  7.342E+01  3.885E+01  8.992E+01  8.313E+01  7.967E+01  7.845E+01
 204  02 12 09  6.000E+21  1.135E+01  2.13980E-20  8.93346E-01  7.81464E+01  2.03181E+04  9.85034E-02  1.11124E+01  1.14145E+01  1.101E+01  7.897E-01  7.500E-03  1.105E+01  8.419E-01  5.378E-03  1.105E+01  7.786E-01  1.221E-04  1.109E+01  8.319E-01  8.310E-05  2.141E+21 -3.187E-01  1.605E-01  7.937E+00  1.720E+01  1.455E+01  7.687E+00  5.544E+20 -8.120E-02  7.732E-02  2.328E+00  4.835E+00  4.064E+00  2.194E+00  1.195E+02  1.191E+02  1.493E+02  1.310E+02  1.255E+02  1.219E+02  1.188E+02  2.291E+21 -3.187E-01  2.504E-01  8.905E+00  1.887E+01  1.584E+01  8.331E+00  5.934E+20 -8.117E-02  9.894E-02  2.575E+00  5.268E+00  4.403E+00  2.369E+00  1.197E+02  1.191E+02  1.382E+02  1.295E+02  1.248E+02  1.215E+02  1.185E+02
 205  02 12 10  6.000E+21  1.163E+01  5.01810E-21  8.94570E-01  1.20829E+02  3.14154E+04  1.52304E-01  1.14392E+01  1.15416E+01  1.132E+01  6.991E-01  6.104E-03  1.138E+01  8.418E-01  3.520E-03  1.136E+01  6.902E-01  1.248E-04  1.141E+01  8.337E-01  7.135E-05  7.437E+20 -1.202E-01  1.701E-01  3.727E+00  7.258E+00  5.887E+00  3.071E+00  4.911E+20 -7.846E-02  1.331E-01  2.586E+00  4.947E+00  3.999E+00  2.101E+00  1.959E+02  1.950E+02  2.189E+02  2.036E+02  1.995E+02  1.965E+02  1.926E+02  9.038E+20 -1.202E-01  2.705E-01  4.797E+00  9.093E+00  7.307E+00  3.790E+00  5.946E+20 -7.841E-02  1.936E-01  3.264E+00  6.124E+00  4.916E+00  2.572E+00  1.955E+02  1.950E+02  2.084E+02  2.005E+02  1.978E+02  1.952E+02  1.916E+02
 206  02 13 04  6.000E+21  7.863E+00  9.29510E-18  1.37335E+00  8.83685E+01  2.29758E+04  1.11388E-01  1.03598E+01  1.14861E+01  1.057E+01  1.110E+00  1.677E-03  1.068E+01  1.183E+00  3.051E-03  1.056E+01  1.113E+00  1.224E-03  1.066E+01  1.191E+00  1.332E-03  2.690E+22 -4.674E+00 -6.019E+00  1.375E+01  5.290E+01  4.788E+01  2.224E+01  8.520E+20 -1.214E-01  8.492E-03  2.367E+00  5.440E+00  4.858E+00  2.764E+00  2.171E+01  1.718E+01  1.586E+01  7.141E+01  4.400E+01  4.606E+01  5.691E+01  2.707E+22 -4.674E+00 -5.917E+00  1.486E+01  5.480E+01  4.936E+01  2.298E+01  9.125E+20 -1.214E-01  4.220E-02  2.753E+00  6.116E+00  5.387E+00  3.037E+00  2.183E+01  1.718E+01  1.565E+01  7.572E+01  4.556E+01  4.723E+01  5.832E+01
 207  02 13 05  6.000E+21  8.510E+00  3.09810E-18  1.37352E+00  7.19317E+01  1.87022E+04  9.06698E-02  1.01398E+01  1.14421E+01  1.035E+01  1.147E+00  1.639E-03  1.043E+01  1.185E+00  3.122E-03  1.034E+01  1.150E+00  1.306E-03  1.041E+01  1.193E+00  1.500E-03  2.519E+22 -4.085E+00 -5.160E+00  1.354E+01  5.434E+01  5.159E+01  2.497E+01  8.771E+20 -1.232E-01 -2.951E-02  2.042E+00  5.008E+00  4.616E+00  2.686E+00  2.604E+01  2.239E+01  2.015E+01  7.632E+01  4.908E+01  4.909E+01  5.786E+01  2.535E+22 -4.085E+00 -5.067E+00  1.453E+01  5.606E+01  5.292E+01  2.562E+01  9.118E+20 -1.232E-01 -1.022E-02  2.261E+00  5.393E+00  4.917E+00  2.841E+00  2.618E+01  2.239E+01  1.986E+01  7.803E+01  5.040E+01  5.008E+01  5.877E+01
 208  02 13 06  6.000E+21  9.167E+00  1.11650E-18  1.37304E+00  5.79879E+01  1.50768E+04  7.30936E-02  1.00261E+01  1.12945E+01  1.015E+01  1.194E+00  1.658E-03  1.021E+01  1.217E+00  8.210E-04  1.016E+01  1.188E+00  5.800E-04  1.021E+01  1.216E+00  7.574E-04  1.988E+22 -3.019E+00 -3.679E+00  1.318E+01  5.144E+01  5.062E+01  2.579E+01  8.884E+20 -1.252E-01 -6.183E-02  1.772E+00  4.674E+00  4.435E+00  2.628E+00  3.412E+01  3.173E+01  2.729E+01  8.073E+01  5.806E+01  5.567E+01  6.098E+01  2.004E+22 -3.019E+00 -3.589E+00  1.417E+01  5.316E+01  5.194E+01  2.643E+01  9.119E+20 -1.251E-01 -4.964E-02  1.916E+00  4.928E+00  4.636E+00  2.732E+00  3.433E+01  3.173E+01  2.681E+01  8.232E+01  5.907E+01  5.644E+01  6.156E+01
 209  02 13 07  6.000E+21  9.860E+00  3.94150E-19  1.37298E+00  5.45881E+01  1.41929E+04  6.88082E-02  1.01351E+01  1.12496E+01  1.015E+01  1.241E+00  7.269E-03  1.020E+01  1.257E+00  4.292E-03  1.019E+01  1.224E+00  4.910E-05  1.022E+01  1.244E+00  9.762E-05  1.323E+22 -1.942E+00 -2.124E+00  1.305E+01  4.519E+01  4.444E+01  2.367E+01  8.938E+20 -1.267E-01 -6.357E-02  1.837E+00  4.883E+00  4.624E+00  2.726E+00  4.826E+01  4.715E+01  3.749E+01  8.759E+01  7.085E+01  6.653E+01  6.811E+01  1.337E+22 -1.942E+00 -2.044E+00  1.393E+01  4.670E+01  4.560E+01  2.423E+01  9.110E+20 -1.266E-01 -5.452E-02  1.942E+00  5.068E+00  4.770E+00  2.802E+00  4.858E+01  4.715E+01  3.667E+01  8.710E+01  7.125E+01  6.690E+01  6.836E+01
 210  02 13 08  6.000E+21  1.059E+01  1.18590E-19  1.37357E+00  6.30125E+01  1.63833E+04  7.94272E-02  1.04923E+01  1.12839E+01  1.042E+01  1.259E+00  1.086E-02  1.047E+01  1.286E+00  7.647E-03  1.047E+01  1.238E+00  3.903E-05  1.051E+01  1.268E+00  1.459E-05  7.051E+21 -1.030E+00 -7.698E-01  1.232E+01  3.506E+01  3.287E+01  1.790E+01  8.883E+20 -1.275E-01 -2.227E-02  2.348E+00  5.759E+00  5.235E+00  2.990E+00  7.463E+01  7.429E+01  4.863E+01  1.039E+02  9.218E+01  8.739E+01  8.593E+01  7.193E+21 -1.030E+00 -6.882E-01  1.321E+01  3.659E+01  3.405E+01  1.848E+01  9.117E+20 -1.275E-01 -9.973E-03  2.490E+00  6.012E+00  5.435E+00  3.094E+00  7.514E+01  7.429E+01  4.606E+01  1.032E+02  9.226E+01  8.760E+01  8.611E+01
 211  02 13 09  6.000E+21  1.118E+01  3.16280E-20  1.37340E+00  8.49220E+01  2.20797E+04  1.07044E-01  1.09528E+01  1.13552E+01  1.085E+01  1.231E+00  8.729E-03  1.090E+01  1.295E+00  6.211E-03  1.089E+01  1.213E+00  1.170E-04  1.094E+01  1.279E+00  7.540E-05  3.135E+21 -4.625E-01  2.680E-02  9.661E+00  2.241E+01  1.955E+01  1.052E+01  8.639E+20 -1.261E-01  7.254E-02  3.219E+00  6.984E+00  5.991E+00  3.282E+00  1.193E+02  1.191E+02  1.124E+02  1.391E+02  1.308E+02  1.267E+02  1.235E+02  3.290E+21 -4.625E-01  1.174E-01  1.065E+01  2.413E+01  2.088E+01  1.120E+01  9.128E+20 -1.260E-01  9.868E-02  3.522E+00  7.521E+00  6.413E+00  3.500E+00  1.202E+02  1.191E+02  1.621E+02  1.384E+02  1.309E+02  1.270E+02  1.238E+02
 212  02 13 10  6.000E+21  1.154E+01  7.45860E-21  1.37222E+00  1.26885E+02  3.29901E+04  1.59938E-01  1.13362E+01  1.15078E+01  1.122E+01  1.131E+00  6.347E-03  1.128E+01  1.292E+00  4.022E-03  1.126E+01  1.116E+00  1.184E-04  1.131E+01  1.279E+00  7.312E-05  1.162E+21 -1.791E-01  2.078E-01  5.329E+00  1.071E+01  8.815E+00  4.641E+00  7.942E+20 -1.219E-01  1.794E-01  3.895E+00  7.645E+00  6.257E+00  3.316E+00  1.957E+02  1.960E+02  2.317E+02  2.074E+02  2.023E+02  1.992E+02  1.957E+02  1.326E+21 -1.791E-01  3.077E-01  6.405E+00  1.257E+01  1.025E+01  5.373E+00  9.120E+20 -1.219E-01  2.460E-01  4.654E+00  8.971E+00  7.292E+00  3.848E+00  1.973E+02  1.960E+02  2.214E+02  2.064E+02  2.024E+02  1.997E+02  1.962E+02
 213  02 14 05  6.000E+21  8.398E+00  3.65890E-18  2.10893E+00  1.24922E+02  3.24798E+04  1.57465E-01  1.05341E+01  1.15213E+01  1.066E+01  1.698E+00  7.822E-04  1.078E+01  1.848E+00  1.662E-03  1.066E+01  1.697E+00  8.133E-04  1.077E+01  1.856E+00  8.309E-04  2.606E+22 -4.255E+00 -5.351E+00  1.455E+01  5.656E+01  5.311E+01  2.569E+01  1.281E+21 -1.872E-01  4.180E-02  3.890E+00  8.730E+00  7.696E+00  4.332E+00  2.537E+01  2.150E+01  1.931E+01  8.174E+01  4.969E+01  5.018E+01  6.011E+01  2.623E+22 -4.255E+00 -5.247E+00  1.566E+01  5.848E+01  5.460E+01  2.644E+01  1.402E+21 -1.872E-01  1.101E-01  4.666E+00  1.008E+01  8.754E+00  4.876E+00  2.553E+01  2.150E+01  1.899E+01  8.695E+01  5.146E+01  5.151E+01  6.162E+01
 214  02 14 06  6.000E+21  9.071E+00  1.24290E-18  2.10859E+00  1.00317E+02  2.60825E+04  1.26450E-01  1.03559E+01  1.14729E+01  1.047E+01  1.781E+00  6.083E-04  1.056E+01  1.862E+00  1.046E-03  1.047E+01  1.780E+00  5.837E-04  1.056E+01  1.864E+00  8.988E-04  2.106E+22 -3.187E+00 -3.856E+00  1.430E+01  5.443E+01  5.328E+01  2.733E+01  1.331E+21 -1.904E-01 -1.286E-02  3.497E+00  8.308E+00  7.521E+00  4.311E+00  3.390E+01  3.125E+01  2.674E+01  9.214E+01  6.074E+01  5.841E+01  6.563E+01  2.122E+22 -3.187E+00 -3.761E+00  1.533E+01  5.620E+01  5.465E+01  2.803E+01  1.401E+21 -1.903E-01  2.619E-02  3.940E+00  9.084E+00  8.128E+00  4.623E+00  3.411E+01  3.125E+01  2.621E+01  9.583E+01  6.248E+01  5.961E+01  6.686E+01
 215  02 14 07  6.000E+21  9.745E+00  4.32490E-19  2.10918E+00  8.26080E+01  2.14781E+04  1.04127E-01  1.03100E+01  1.13470E+01  1.034E+01  1.863E+00  2.926E-03  1.041E+01  1.913E+00  1.142E-03  1.037E+01  1.848E+00  1.151E-04  1.043E+01  1.897E+00  7.920E-04  1.449E+22 -2.115E+00 -2.320E+00  1.393E+01  4.825E+01  4.768E+01  2.578E+01  1.356E+21 -1.934E-01 -5.011E-02  3.270E+00  8.141E+00  7.498E+00  4.338E+00  4.930E+01  4.805E+01  3.816E+01  1.043E+02  7.764E+01  7.287E+01  7.648E+01  1.465E+22 -2.115E+00 -2.230E+00  1.491E+01  4.996E+01  4.900E+01  2.644E+01  1.401E+21 -1.934E-01 -2.562E-02  3.554E+00  8.642E+00  7.892E+00  4.542E+00  4.973E+01  4.805E+01  3.712E+01  1.061E+02  7.927E+01  7.413E+01  7.753E+01
 216  02 14 08  6.000E+21  1.040E+01  1.46940E-19  2.10886E+00  8.18826E+01  2.12895E+04  1.03213E-01  1.04819E+01  1.13179E+01  1.043E+01  1.911E+00  8.147E-03  1.049E+01  1.961E+00  5.056E-03  1.048E+01  1.878E+00  3.987E-04  1.052E+01  1.935E+00  1.903E-04  8.603E+21 -1.248E+00 -1.065E+00  1.305E+01  3.902E+01  3.739E+01  2.071E+01  1.357E+21 -1.950E-01 -3.006E-02  3.594E+00  8.772E+00  7.968E+00  4.552E+00  7.515E+01  7.496E+01  5.136E+01  1.215E+02  1.013E+02  9.543E+01  9.527E+01  8.755E+21 -1.248E+00 -9.775E-01  1.401E+01  4.069E+01  3.869E+01  2.136E+01  1.401E+21 -1.950E-01 -7.011E-03  3.863E+00  9.250E+00  8.344E+00  4.747E+00  7.595E+01  7.496E+01  4.888E+01  1.219E+02  1.026E+02  9.659E+01  9.620E+01
 217  02 14 09  6.000E+21  1.100E+01  4.34040E-20  2.10895E+00  9.84352E+01  2.55932E+04  1.24077E-01  1.08365E+01  1.13726E+01  1.074E+01  1.899E+00  9.113E-03  1.079E+01  1.985E+00  6.275E-03  1.078E+01  1.869E+00  1.011E-04  1.083E+01  1.960E+00  5.341E-05  4.257E+21 -6.231E-01 -1.603E-01  1.105E+01  2.731E+01  2.449E+01  1.342E+01  1.334E+21 -1.942E-01  6.757E-02  4.558E+00  1.020E+01  8.880E+00  4.916E+00  1.194E+02  1.196E+02  1.135E+02  1.518E+02  1.386E+02  1.336E+02  1.312E+02  4.415E+21 -6.231E-01 -6.907E-02  1.205E+01  2.906E+01  2.585E+01  1.411E+01  1.402E+21 -1.942E-01  1.031E-01  4.974E+00  1.094E+01  9.460E+00  5.216E+00  1.210E+02  1.196E+02  1.353E+02  1.521E+02  1.399E+02  1.349E+02  1.323E+02
 218  02 14 10  6.000E+21  1.142E+01  1.11380E-20  2.10784E+00  1.36436E+02  3.54733E+04  1.71977E-01  1.12186E+01  1.14583E+01  1.110E+01  1.798E+00  6.950E-03  1.116E+01  1.986E+00  4.607E-03  1.114E+01  1.774E+00  1.153E-04  1.119E+01  1.964E+00  7.253E-05  1.760E+21 -2.642E-01  1.961E-01  7.076E+00  1.493E+01  1.257E+01  6.716E+00  1.262E+21 -1.895E-01  2.224E-01  5.693E+00  1.152E+01  9.566E+00  5.121E+00  1.941E+02  1.951E+02  2.532E+02  2.141E+02  2.060E+02  2.022E+02  1.991E+02  1.925E+21 -2.642E-01  2.948E-01  8.150E+00  1.679E+01  1.402E+01  7.454E+00  1.401E+21 -1.895E-01  2.987E-01  6.573E+00  1.307E+01  1.078E+01  5.744E+00  1.971E+02  1.951E+02  2.434E+02  2.149E+02  2.079E+02  2.044E+02  2.011E+02
 219  02 15 06  6.000E+21  9.040E+00  1.27970E-18  3.23806E+00  1.72044E+02  4.47314E+04  2.16861E-01  1.06859E+01  1.15473E+01  1.073E+01  2.599E+00  4.619E-04  1.086E+01  2.886E+00  6.155E-04  1.073E+01  2.594E+00  3.422E-04  1.086E+01  2.893E+00  4.335E-04  2.146E+22 -3.235E+00 -3.865E+00  1.552E+01  5.712E+01  5.529E+01  2.828E+01  1.926E+21 -2.881E-01  9.646E-02  6.258E+00  1.383E+01  1.208E+01  6.744E+00  3.405E+01  3.134E+01  2.660E+01  9.518E+01  6.137E+01  5.936E+01  6.745E+01  2.163E+22 -3.235E+00 -3.760E+00  1.664E+01  5.904E+01  5.678E+01  2.904E+01  2.152E+21 -2.881E-01  2.270E-01  7.729E+00  1.639E+01  1.408E+01  7.768E+00  3.429E+01  3.134E+01  2.601E+01  1.012E+02  6.351E+01  6.088E+01  6.902E+01
 220  02 15 07  6.000E+21  9.632E+00  4.93790E-19  3.23846E+00  1.40581E+02  3.65511E+04  1.77202E-01  1.05766E+01  1.15018E+01  1.060E+01  2.745E+00  1.111E-03  1.070E+01  2.921E+00  2.899E-04  1.061E+01  2.732E+00  1.570E-04  1.070E+01  2.918E+00  2.460E-04  1.571E+22 -2.283E+00 -2.491E+00  1.516E+01  5.174E+01  5.080E+01  2.737E+01  2.008E+21 -2.929E-01  3.692E-02  5.957E+00  1.370E+01  1.218E+01  6.872E+00  4.805E+01  4.681E+01  3.710E+01  1.105E+02  7.858E+01  7.389E+01  7.881E+01  1.587E+22 -2.283E+00 -2.391E+00  1.622E+01  5.359E+01  5.223E+01  2.810E+01  2.152E+21 -2.929E-01  1.181E-01  6.880E+00  1.532E+01  1.344E+01  7.521E+00  4.852E+01  4.681E+01  3.597E+01  1.157E+02  8.111E+01  7.570E+01  8.052E+01
 221  02 15 08  6.000E+21  1.028E+01  1.65740E-19  3.23820E+00  1.19685E+02  3.11182E+04  1.50863E-01  1.05955E+01  1.13989E+01  1.056E+01  2.867E+00  4.844E-03  1.063E+01  2.988E+00  2.374E-03  1.059E+01  2.835E+00  1.125E-06  1.065E+01  2.965E+00  1.671E-05  9.668E+21 -1.393E+00 -1.219E+00  1.400E+01  4.227E+01  4.076E+01  2.273E+01  2.051E+21 -2.969E-01  1.330E-02  5.984E+00  1.403E+01  1.253E+01  7.079E+00  7.567E+01  7.562E+01  5.254E+01  1.343E+02  1.075E+02  1.006E+02  1.017E+02  9.828E+21 -1.393E+00 -1.125E+00  1.502E+01  4.404E+01  4.214E+01  2.343E+01  2.152E+21 -2.969E-01  6.782E-02  6.614E+00  1.514E+01  1.340E+01  7.529E+00  7.666E+01  7.562E+01  4.989E+01  1.381E+02  1.103E+02  1.029E+02  1.037E+02
 222  02 15 09  6.000E+21  1.084E+01  5.48750E-20  3.23641E+00  1.24573E+02  3.23889E+04  1.57024E-01  1.08002E+01  1.13911E+01  1.071E+01  2.889E+00  8.171E-03  1.077E+01  3.035E+00  5.163E-03  1.075E+01  2.847E+00  5.818E-05  1.080E+01  3.000E+00  2.451E-05  5.327E+21 -7.746E-01 -3.494E-01  1.206E+01  3.134E+01  2.874E+01  1.597E+01  2.036E+21 -2.973E-01  8.677E-02  6.778E+00  1.528E+01  1.336E+01  7.422E+00  1.194E+02  1.200E+02  6.079E+01  1.666E+02  1.466E+02  1.400E+02  1.385E+02  5.492E+21 -7.746E-01 -2.545E-01  1.311E+01  3.316E+01  3.016E+01  1.670E+01  2.151E+21 -2.973E-01  1.473E-01  7.489E+00  1.654E+01  1.435E+01  7.933E+00  1.215E+02  1.200E+02  1.313E+02  1.698E+02  1.499E+02  1.430E+02  1.412E+02
 223  02 15 10  6.000E+21  1.129E+01  1.57890E-20  3.23796E+00  1.55052E+02  4.03136E+04  1.95443E-01  1.11154E+01  1.14167E+01  1.100E+01  2.802E+00  7.529E-03  1.106E+01  3.051E+00  4.943E-03  1.104E+01  2.763E+00  1.069E-04  1.110E+01  3.016E+00  6.370E-05  2.484E+21 -3.678E-01  1.349E-01  8.714E+00  1.933E+01  1.665E+01  9.025E+00  1.967E+21 -2.933E-01  2.665E-01  8.215E+00  1.710E+01  1.438E+01  7.771E+00  1.922E+02  1.942E+02  2.476E+02  2.239E+02  2.110E+02  2.059E+02  2.034E+02  2.653E+21 -3.678E-01  2.343E-01  9.804E+00  2.123E+01  1.813E+01  9.781E+00  2.153E+21 -2.932E-01  3.665E-01  9.382E+00  1.915E+01  1.599E+01  8.603E+00  1.967E+02  1.942E+02  2.458E+02  2.277E+02  2.156E+02  2.105E+02  2.077E+02
 224  02 16 07  6.000E+21  9.567E+00  5.36060E-19  4.97170E+00  2.44932E+02  6.36822E+04  3.08736E-01  1.08588E+01  1.15723E+01  1.081E+01  3.884E+00  1.213E-03  1.097E+01  4.501E+00  1.861E-04  1.083E+01  3.863E+00  1.000E-04  1.097E+01  4.498E+00  1.728E-04  1.639E+22 -2.376E+00 -2.568E+00  1.629E+01  5.465E+01  5.304E+01  2.832E+01  2.829E+21 -4.412E-01  2.001E-01  9.940E+00  2.156E+01  1.861E+01  1.029E+01  4.697E+01  4.546E+01  3.599E+01  1.105E+02  7.741E+01  7.328E+01  7.920E+01  1.656E+22 -2.376E+00 -2.460E+00  1.744E+01  5.663E+01  5.457E+01  2.910E+01  3.303E+21 -4.412E-01  4.768E-01  1.306E+01  2.697E+01  2.282E+01  1.245E+01  4.741E+01  4.546E+01  3.483E+01  1.178E+02  8.031E+01  7.537E+01  8.119E+01
 225  02 16 08  6.000E+21  1.018E+01  1.86090E-19  4.97112E+00  1.97356E+02  5.13126E+04  2.48767E-01  1.07910E+01  1.15251E+01  1.073E+01  4.184E+00  3.015E-03  1.084E+01  4.564E+00  8.627E-04  1.076E+01  4.146E+00  7.203E-06  1.086E+01  4.542E+00  4.310E-05  1.053E+22 -1.509E+00 -1.330E+00  1.493E+01  4.507E+01  4.345E+01  2.423E+01  3.005E+21 -4.489E-01  1.542E-01  1.006E+01  2.238E+01  1.952E+01  1.084E+01  7.407E+01  7.391E+01  5.151E+01  1.407E+02  1.091E+02  1.017E+02  1.034E+02  1.070E+22 -1.509E+00 -1.227E+00  1.604E+01  4.699E+01  4.494E+01  2.499E+01  3.303E+21 -4.488E-01  3.231E-01  1.199E+01  2.574E+01  2.214E+01  1.219E+01  7.515E+01  7.391E+01  4.880E+01  1.483E+02  1.131E+02  1.048E+02  1.061E+02
 226  02 16 09  6.000E+21  1.072E+01  6.39990E-20  4.97057E+00  1.76600E+02  4.59160E+04  2.22604E-01  1.08611E+01  1.14534E+01  1.077E+01  4.336E+00  6.222E-03  1.085E+01  4.638E+00  3.334E-03  1.081E+01  4.281E+00  2.414E-05  1.088E+01  4.594E+00  3.657E-06  6.167E+21 -8.905E-01 -4.808E-01  1.288E+01  3.436E+01  3.194E+01  1.792E+01  3.069E+21 -4.528E-01  1.875E-01  1.070E+01  2.366E+01  2.051E+01  1.134E+01  1.190E+02  1.200E+02  6.343E+01  1.806E+02  1.537E+02  1.450E+02  1.433E+02  6.334E+21 -8.905E-01 -3.818E-01  1.395E+01  3.623E+01  3.340E+01  1.866E+01  3.303E+21 -4.528E-01  3.159E-01  1.218E+01  2.627E+01  2.256E+01  1.239E+01  1.215E+02  1.200E+02  1.534E+02  1.879E+02  1.591E+02  1.495E+02  1.474E+02
 227  02 16 10  6.000E+21  1.118E+01  1.99810E-20  4.97242E+00  1.92549E+02  5.00626E+04  2.42707E-01  1.10725E+01  1.14626E+01  1.096E+01  4.298E+00  7.403E-03  1.102E+01  4.678E+00  4.623E-03  1.100E+01  4.239E+00  8.627E-05  1.106E+01  4.627E+00  4.509E-05  3.159E+21 -4.631E-01  6.200E-02  1.001E+01  2.304E+01  2.017E+01  1.106E+01  3.020E+21 -4.504E-01  3.618E-01  1.221E+01  2.569E+01  2.173E+01  1.179E+01  1.927E+02  1.955E+02  3.234E+02  2.367E+02  2.190E+02  2.124E+02  2.097E+02  3.328E+21 -4.631E-01  1.619E-01  1.111E+01  2.494E+01  2.165E+01  1.181E+01  3.305E+21 -4.504E-01  5.169E-01  1.401E+01  2.886E+01  2.421E+01  1.307E+01  1.984E+02  1.955E+02  2.919E+02  2.451E+02  2.266E+02  2.194E+02  2.164E+02
 228  02 17 07  6.000E+21  9.625E+00  4.80660E-19  7.63380E+00  3.98084E+02  1.03502E+05  5.01784E-01  1.10802E+01  1.16111E+01  1.092E+01  5.220E+00  3.136E-03  1.116E+01  6.970E+00  2.331E-04  1.095E+01  5.172E+00  1.834E-05  1.117E+01  6.955E+00  6.921E-05  1.583E+22 -2.282E+00 -2.401E+00  1.677E+01  5.516E+01  5.347E+01  2.864E+01  3.762E+21 -6.663E-01  3.400E-01  1.446E+01  3.059E+01  2.601E+01  1.420E+01  4.955E+01  4.814E+01  3.719E+01  1.158E+02  8.003E+01  7.571E+01  8.173E+01  1.601E+22 -2.282E+00 -2.288E+00  1.797E+01  5.722E+01  5.506E+01  2.945E+01  5.073E+21 -6.662E-01  1.119E+00  2.318E+01  4.566E+01  3.772E+01  2.021E+01  5.009E+01  4.814E+01  3.579E+01  1.241E+02  8.331E+01  7.793E+01  8.385E+01
 229  02 17 08  6.000E+21  1.015E+01  1.89890E-19  7.63489E+00  3.39846E+02  8.83599E+04  4.28375E-01  1.10123E+01  1.15911E+01  1.088E+01  5.756E+00  3.535E-03  1.106E+01  7.012E+00  5.326E-04  1.091E+01  5.701E+00  1.974E-06  1.108E+01  6.986E+00  3.414E-05  1.079E+22 -1.539E+00 -1.336E+00  1.557E+01  4.661E+01  4.477E+01  2.489E+01  4.124E+21 -6.761E-01  3.575E-01  1.547E+01  3.310E+01  2.829E+01  1.550E+01  7.439E+01  7.418E+01  5.131E+01  1.441E+02  1.106E+02  1.031E+02  1.050E+02  1.096E+22 -1.539E+00 -1.225E+00  1.675E+01  4.865E+01  4.634E+01  2.569E+01  5.074E+21 -6.760E-01  9.131E-01  2.174E+01  4.396E+01  3.675E+01  1.984E+01  7.555E+01  7.418E+01  4.828E+01  1.541E+02  1.153E+02  1.066E+02  1.081E+02
 230  02 17 09  6.000E+21  1.065E+01  6.92820E-20  7.63228E+00  2.81837E+02  7.32777E+04  3.55255E-01  1.10010E+01  1.15334E+01  1.088E+01  6.262E+00  5.214E-03  1.100E+01  7.094E+00  1.963E-03  1.092E+01  6.188E+00  1.486E-05  1.102E+01  7.042E+00  2.155E-09  6.660E+21 -9.564E-01 -5.428E-01  1.343E+01  3.613E+01  3.374E+01  1.902E+01  4.441E+21 -6.849E-01  4.155E-01  1.687E+01  3.612E+01  3.085E+01  1.687E+01  1.188E+02  1.199E+02  6.230E+01  1.917E+02  1.593E+02  1.491E+02  1.469E+02  6.833E+21 -9.564E-01 -4.366E-01  1.457E+01  3.810E+01  3.527E+01  1.980E+01  5.073E+21 -6.848E-01  7.753E-01  2.097E+01  4.326E+01  3.642E+01  1.974E+01  1.216E+02  1.199E+02  1.665E+02  2.032E+02  1.666E+02  1.549E+02  1.520E+02
 231  02 17 10  6.000E+21  1.107E+01  2.43380E-20  7.63034E+00  2.64625E+02  6.88026E+04  3.33560E-01  1.10932E+01  1.15053E+01  1.097E+01  6.412E+00  6.915E-03  1.106E+01  7.159E+00  3.721E-03  1.101E+01  6.326E+00  6.769E-05  1.109E+01  7.088E+00  2.617E-05  3.791E+21 -5.518E-01 -1.922E-02  1.103E+01  2.616E+01  2.321E+01  1.284E+01  4.512E+21 -6.867E-01  5.529E-01  1.837E+01  3.853E+01  3.254E+01  1.764E+01  1.891E+02  1.926E+02  2.681E+02  2.477E+02  2.235E+02  2.148E+02  2.114E+02  3.964E+21 -5.518E-01  8.501E-02  1.217E+01  2.812E+01  2.474E+01  1.362E+01  5.071E+21 -6.867E-01  8.637E-01  2.195E+01  4.480E+01  3.745E+01  2.017E+01  1.957E+02  1.926E+02  3.845E+02  2.623E+02  2.347E+02  2.245E+02  2.204E+02
 232  02 18 08  6.000E+21  1.010E+01  2.05680E-19  1.17221E+01  5.77279E+02  1.50093E+05  7.27659E-01  1.12055E+01  1.16294E+01  1.091E+01  6.963E+00  9.017E-03  1.124E+01  1.080E+01  5.926E-04  1.095E+01  6.855E+00  1.560E-05  1.126E+01  1.076E+01  1.391E-05  1.125E+22 -1.600E+00 -1.427E+00  1.539E+01  4.689E+01  4.567E+01  2.551E+01  4.935E+21 -1.016E+00  3.228E-01  1.906E+01  4.070E+01  3.460E+01  1.886E+01  7.227E+01  7.203E+01  4.875E+01  1.468E+02  1.109E+02  1.018E+02  1.036E+02  1.143E+22 -1.600E+00 -1.311E+00  1.662E+01  4.900E+01  4.730E+01  2.634E+01  7.791E+21 -1.016E+00  2.029E+00  3.815E+01  7.365E+01  6.019E+01  3.196E+01  7.343E+01  7.203E+01  4.543E+01  1.583E+02  1.161E+02  1.055E+02  1.069E+02
 233  02 18 09  6.000E+21  1.060E+01  7.47370E-20  1.17221E+01  4.86703E+02  1.26543E+05  6.13488E-01  1.11665E+01  1.16094E+01  1.096E+01  8.210E+00  7.053E-03  1.118E+01  1.087E+01  1.282E-03  1.100E+01  8.098E+00  2.948E-05  1.119E+01  1.081E+01  3.295E-07  7.037E+21 -1.006E+00 -5.974E-01  1.375E+01  3.744E+01  3.520E+01  1.986E+01  5.804E+21 -1.031E+00  5.937E-01  2.331E+01  4.906E+01  4.149E+01  2.252E+01  1.167E+02  1.178E+02  6.221E+01  1.935E+02  1.602E+02  1.488E+02  1.463E+02  7.215E+21 -1.006E+00 -4.842E-01  1.496E+01  3.951E+01  3.680E+01  2.068E+01  7.791E+21 -1.031E+00  1.765E+00  3.649E+01  7.187E+01  5.922E+01  3.161E+01  1.195E+02  1.178E+02  1.756E+02  2.083E+02  1.683E+02  1.551E+02  1.519E+02
 234  02 18 10  6.000E+21  1.102E+01  2.61150E-20  1.17215E+01  4.11273E+02  1.06931E+05  5.18409E-01  1.11874E+01  1.15687E+01  1.102E+01  9.073E+00  7.071E-03  1.116E+01  1.097E+01  2.731E-03  1.107E+01  8.949E+00  6.732E-05  1.119E+01  1.088E+01  1.495E-05  4.106E+21 -5.946E-01 -5.830E-02  1.150E+01  2.764E+01  2.471E+01  1.373E+01  6.385E+21 -1.040E+00  8.776E-01  2.712E+01  5.604E+01  4.698E+01  2.533E+01  1.906E+02  1.946E+02  3.940E+02  2.598E+02  2.313E+02  2.204E+02  2.162E+02  4.284E+21 -5.946E-01  5.171E-02  1.268E+01  2.968E+01  2.630E+01  1.454E+01  7.791E+21 -1.040E+00  1.686E+00  3.632E+01  7.203E+01  5.944E+01  3.173E+01  1.979E+02  1.946E+02  4.799E+02  2.804E+02  2.457E+02  2.324E+02  2.270E+02
 235  02 19 09  6.000E+21  1.057E+01  7.83020E-20  1.79934E+01  8.30216E+02  2.15856E+05  1.04649E+00  1.13163E+01  1.16431E+01  1.082E+01  8.613E+00  2.906E-02  1.132E+01  1.670E+01  1.162E-03  1.090E+01  8.377E+00  2.686E-04  1.134E+01  1.661E+01  1.144E-08  7.252E+21 -1.034E+00 -6.656E-01  1.315E+01  3.634E+01  3.477E+01  1.996E+01  5.948E+21 -1.550E+00 -4.470E-02  2.184E+01  4.845E+01  4.154E+01  2.272E+01  1.149E+02  1.162E+02  5.593E+01  2.062E+02  1.668E+02  1.522E+02  1.474E+02  7.435E+21 -1.034E+00 -5.476E-01  1.440E+01  3.847E+01  3.642E+01  2.080E+01  1.196E+22 -1.550E+00  3.567E+00  6.222E+01  1.180E+02  9.552E+01  5.034E+01  1.178E+02  1.162E+02  1.690E+02  2.217E+02  1.770E+02  1.594E+02  1.535E+02
 236  02 19 10  6.000E+21  1.097E+01  2.90220E-20  1.79960E+01  7.04439E+02  1.83154E+05  8.87944E-01  1.13065E+01  1.16257E+01  1.101E+01  1.100E+01  1.283E-02  1.129E+01  1.680E+01  2.019E-03  1.106E+01  1.079E+01  1.414E-04  1.131E+01  1.668E+01  9.090E-06  4.432E+21 -6.390E-01 -1.214E-01  1.159E+01  2.842E+01  2.579E+01  1.448E+01  7.677E+21 -1.567E+00  7.858E-01  3.239E+01  6.755E+01  5.666E+01  3.055E+01  1.847E+02  1.879E+02  2.111E+02  2.628E+02  2.335E+02  2.211E+02  2.147E+02  4.614E+21 -6.390E-01 -5.601E-03  1.282E+01  3.054E+01  2.743E+01  1.532E+01  1.196E+22 -1.567E+00  3.325E+00  6.095E+01  1.169E+02  9.500E+01  5.018E+01  1.920E+02  1.879E+02  3.473E+02  2.863E+02  2.487E+02  2.338E+02  2.261E+02
 237  02 20 10  6.000E+21  1.096E+01  2.92770E-20  2.76324E+01  1.20312E+03  3.12811E+05  1.51653E+00  1.14196E+01  1.16542E+01  1.035E+01  8.792E+00  2.718E-01  1.140E+01  2.580E+01  1.804E-03  1.058E+01  8.074E+00  3.442E-03  1.142E+01  2.562E+01  1.006E-05  4.493E+21 -6.457E-01 -1.433E-01  1.121E+01  2.746E+01  2.513E+01  1.434E+01  5.515E+21 -2.360E+00 -1.534E+00  1.467E+01  3.969E+01  3.573E+01  2.005E+01  1.861E+02  1.904E+02  4.502E+02  2.705E+02  2.392E+02  2.275E+02  2.204E+02  4.679E+21 -6.457E-01 -2.358E-02  1.248E+01  2.963E+01  2.680E+01  1.520E+01  1.836E+22 -2.360E+00  6.218E+00  1.013E+02  1.888E+02  1.514E+02  7.919E+01  1.935E+02  1.904E+02  6.105E+02  2.988E+02  2.580E+02  2.424E+02  2.331E+02
 238  03 02 01  1.200E+22  7.556E+00  3.90760E-17  1.22675E-02  1.54122E+00  4.00717E+02  1.94270E-03  7.78179E+00  9.18680E+00  6.333E+00  3.205E-02  3.247E+01  6.460E+00  2.925E-02  2.761E+01  7.737E+00  1.160E-02  6.403E-03  7.753E+00  1.159E-02  5.526E-03  1.613E+21 -3.449E-01 -5.181E-01  3.147E-02  8.538E-01  7.274E-01  2.876E-01  8.116E+18 -7.139E-04 -1.312E-03  1.635E-04  7.695E-03  1.215E-02  1.014E-02  1.375E+01  8.820E+00  9.757E+00  1.397E+01  1.839E+01  2.504E+01  3.639E+01  1.619E+21 -3.449E-01 -5.181E-01  3.848E-02  8.665E-01  7.345E-01  2.897E-01  8.146E+18 -7.138E-04 -1.312E-03  1.987E-04  7.809E-03  1.227E-02  1.022E-02  1.375E+01  8.820E+00  9.757E+00  1.393E+01  1.839E+01  2.504E+01  3.639E+01
 239  03 02 02  1.200E+22  8.455E+00  9.15220E-18  1.22656E-02  2.36071E+00  6.13785E+02  2.97567E-03  8.34335E+00  9.22217E+00  7.852E+00  1.496E-02  2.593E+00  7.894E+00  1.482E-02  2.316E+00  8.287E+00  1.154E-02  2.774E-03  8.306E+00  1.160E-02  2.323E-03  1.579E+21 -4.613E-01 -5.215E-01  2.748E-01  1.378E+00  1.023E+00  3.682E-01  8.093E+18 -9.946E-04 -1.369E-03  1.425E-03  1.256E-02  1.719E-02  1.302E-02  1.387E+01  9.001E+00  9.931E+00  1.396E+01  1.850E+01  2.511E+01  3.644E+01  1.592E+21 -4.611E-01 -5.214E-01  2.912E-01  1.407E+00  1.040E+00  3.731E-01  8.161E+18 -9.942E-04 -1.369E-03  1.508E-03  1.282E-02  1.746E-02  1.320E-02  1.387E+01  9.001E+00  9.931E+00  1.395E+01  1.850E+01  2.511E+01  3.644E+01
 240  03 02 03  1.200E+22  9.233E+00  2.13560E-18  1.22804E-02  3.72593E+00  9.68742E+02  4.69653E-03  8.88143E+00  9.40269E+00  8.579E+00  1.281E-02  5.627E-01  8.617E+00  1.295E-02  4.909E-01  8.805E+00  1.138E-02  1.435E-03  8.830E+00  1.159E-02  1.175E-03  1.485E+21 -4.356E-01 -4.643E-01  6.392E-01  1.992E+00  1.334E+00  4.460E-01  7.972E+18 -1.052E-03 -1.335E-03  3.475E-03  1.865E-02  2.272E-02  1.587E-02  1.421E+01  9.548E+00  1.041E+01  1.430E+01  1.875E+01  2.529E+01  3.655E+01  1.517E+21 -4.353E-01 -4.641E-01  6.812E-01  2.068E+00  1.376E+00  4.588E-01  8.146E+18 -1.051E-03 -1.334E-03  3.698E-03  1.935E-02  2.344E-02  1.633E-02  1.420E+01  9.547E+00  1.041E+01  1.429E+01  1.875E+01  2.529E+01  3.655E+01
 241  03 02 04  1.200E+22  9.717E+00  4.91180E-19  1.22699E-02  5.98697E+00  1.55661E+03  7.54657E-03  9.31834E+00  9.54431E+00  9.086E+00  1.177E-02  2.058E-01  9.129E+00  1.235E-02  1.698E-01  9.236E+00  1.096E-02  9.473E-04  9.266E+00  1.157E-02  7.441E-04  1.267E+21 -3.393E-01 -3.404E-01  9.587E-01  2.423E+00  1.538E+00  4.943E-01  7.704E+18 -1.082E-03 -1.230E-03  5.912E-03  2.438E-02  2.725E-02  1.793E-02  1.514E+01  1.113E+01  1.179E+01  1.526E+01  1.944E+01  2.581E+01  3.692E+01  1.343E+21 -3.390E-01 -3.402E-01  1.063E+00  2.615E+00  1.648E+00  5.276E-01  8.154E+18 -1.079E-03 -1.228E-03  6.526E-03  2.627E-02  2.919E-02  1.914E-02  1.513E+01  1.112E+01  1.178E+01  1.523E+01  1.943E+01  2.580E+01  3.691E+01
 242  03 03 01  1.200E+22  7.258E+00  5.59320E-17  1.88618E-02  1.70579E+00  4.43505E+02  2.15014E-03  7.61289E+00  9.11948E+00  7.581E+00  1.784E-02  7.988E-03  7.595E+00  1.782E-02  6.950E-03  7.581E+00  1.784E-02  7.988E-03  7.595E+00  1.782E-02  6.950E-03  2.482E+21 -4.232E-01 -7.715E-01 -2.236E-02  1.124E+00  1.002E+00  4.087E-01  1.252E+19 -8.854E-04 -1.965E-03 -1.037E-04  1.015E-02  1.675E-02  1.442E-02  1.376E+01  8.868E+00  9.783E+00  1.322E+01  1.841E+01  2.504E+01  3.641E+01  2.489E+21 -4.231E-01 -7.715E-01 -1.399E-02  1.139E+00  1.011E+00  4.112E-01  1.255E+19 -8.852E-04 -1.965E-03 -6.152E-05  1.029E-02  1.690E-02  1.451E-02  1.376E+01  8.868E+00  9.783E+00  1.292E+01  1.841E+01  2.504E+01  3.641E+01
 243  03 03 02  1.200E+22  8.088E+00  1.35660E-17  1.88478E-02  2.48907E+00  6.47159E+02  3.13747E-03  8.12961E+00  9.25160E+00  7.467E+00  2.615E-02  5.601E+00  7.518E+00  2.562E-02  4.986E+00  8.079E+00  1.773E-02  3.728E-03  8.097E+00  1.778E-02  3.155E-03  2.421E+21 -6.699E-01 -7.887E-01  2.490E-01  1.765E+00  1.382E+00  5.154E-01  1.245E+19 -1.458E-03 -2.086E-03  1.307E-03  1.614E-02  2.325E-02  1.825E-02  1.390E+01  9.045E+00  9.969E+00  1.404E+01  1.853E+01  2.514E+01  3.647E+01  2.436E+21 -6.698E-01 -7.886E-01  2.673E-01  1.798E+00  1.400E+00  5.210E-01  1.253E+19 -1.457E-03 -2.085E-03  1.401E-03  1.644E-02  2.357E-02  1.845E-02  1.390E+01  9.045E+00  9.969E+00  1.403E+01  1.853E+01  2.514E+01  3.647E+01
 244  03 03 03  1.200E+22  8.938E+00  3.21460E-18  1.88555E-02  3.83260E+00  9.96476E+02  4.83099E-03  8.66903E+00  9.31646E+00  8.320E+00  2.061E-02  9.752E-01  8.357E+00  2.065E-02  8.621E-01  8.605E+00  1.762E-02  1.765E-03  8.627E+00  1.781E-02  1.453E-03  2.292E+21 -6.508E-01 -7.210E-01  7.156E-01  2.635E+00  1.846E+00  6.371E-01  1.238E+19 -1.593E-03 -2.097E-03  3.940E-03  2.479E-02  3.153E-02  2.271E-02  1.426E+01  9.617E+00  1.048E+01  1.440E+01  1.881E+01  2.532E+01  3.657E+01  2.325E+21 -6.505E-01 -7.208E-01  7.581E-01  2.711E+00  1.890E+00  6.501E-01  1.256E+19 -1.592E-03 -2.096E-03  4.167E-03  2.550E-02  3.227E-02  2.317E-02  1.426E+01  9.616E+00  1.047E+01  1.439E+01  1.880E+01  2.532E+01  3.657E+01
 245  03 03 04  1.200E+22  9.553E+00  7.35040E-19  1.88234E-02  6.10757E+00  1.58797E+03  7.69858E-03  9.15840E+00  9.46003E+00  8.906E+00  1.869E-02  2.918E-01  8.946E+00  1.923E-02  2.481E-01  9.079E+00  1.716E-02  1.126E-03  9.106E+00  1.777E-02  9.071E-04  1.970E+21 -5.085E-01 -5.377E-01  1.219E+00  3.387E+00  2.222E+00  7.306E-01  1.205E+19 -1.643E-03 -1.963E-03  7.613E-03  3.427E-02  3.948E-02  2.654E-02  1.519E+01  1.119E+01  1.184E+01  1.537E+01  1.952E+01  2.586E+01  3.693E+01  2.048E+21 -5.082E-01 -5.374E-01  1.324E+00  3.581E+00  2.334E+00  7.646E-01  1.252E+19 -1.640E-03 -1.961E-03  8.232E-03  3.618E-02  4.145E-02  2.777E-02  1.519E+01  1.119E+01  1.183E+01  1.534E+01  1.951E+01  2.585E+01  3.692E+01
 246  03 03 05  1.200E+22  9.877E+00  1.66960E-19  1.88406E-02  9.87896E+00  2.56853E+03  1.24524E-02  9.49929E+00  9.62534E+00  9.281E+00  1.705E-02  1.473E-01  9.332E+00  1.869E-02  1.125E-01  9.413E+00  1.604E-02  8.104E-04  9.449E+00  1.773E-02  5.835E-04  1.362E+21 -2.915E-01 -2.943E-01  1.254E+00  3.304E+00  2.204E+00  7.312E-01  1.129E+19 -1.671E-03 -1.770E-03  1.062E-02  4.014E-02  4.342E-02  2.792E-02  1.805E+01  1.560E+01  1.578E+01  1.829E+01  2.153E+01  2.723E+01  3.792E+01  1.520E+21 -2.914E-01 -2.942E-01  1.479E+00  3.759E+00  2.483E+00  8.189E-01  1.251E+19 -1.664E-03 -1.766E-03  1.235E-02  4.540E-02  4.876E-02  3.123E-02  1.798E+01  1.558E+01  1.576E+01  1.814E+01  2.146E+01  2.719E+01  3.790E+01
 247  03 04 01  1.200E+22  7.037E+00  7.59000E-17  2.89492E-02  2.01153E+00  5.22998E+02  2.53553E-03  7.51307E+00  9.22344E+00  7.499E+00  2.716E-02  8.298E-03  7.514E+00  2.710E-02  7.142E-03  7.499E+00  2.716E-02  8.298E-03  7.514E+00  2.710E-02  7.142E-03  3.786E+21 -5.516E-01 -1.141E+00 -8.274E-02  1.568E+00  1.435E+00  5.955E-01  1.918E+19 -1.176E-03 -2.935E-03 -3.999E-04  1.421E-02  2.402E-02  2.103E-02  1.379E+01  8.951E+00  9.831E+00  1.348E+01  1.844E+01  2.506E+01  3.642E+01  3.796E+21 -5.515E-01 -1.141E+00 -7.090E-02  1.589E+00  1.447E+00  5.991E-01  1.923E+19 -1.175E-03 -2.934E-03 -3.399E-04  1.441E-02  2.422E-02  2.116E-02  1.379E+01  8.951E+00  9.831E+00  1.343E+01  1.844E+01  2.506E+01  3.642E+01
 248  03 04 02  1.200E+22  7.731E+00  2.01740E-17  2.89573E-02  2.69743E+00  7.01332E+02  3.40011E-03  7.93912E+00  9.19014E+00  7.027E+00  4.909E-02  1.219E+01  7.094E+00  4.729E-02  1.077E+01  7.902E+00  2.727E-02  4.448E-03  7.919E+00  2.729E-02  3.772E-03  3.714E+21 -8.647E-01 -1.182E+00  2.018E-01  2.306E+00  1.893E+00  7.296E-01  1.917E+19 -1.918E-03 -3.152E-03  1.087E-03  2.114E-02  3.189E-02  2.584E-02  1.393E+01  9.138E+00  1.002E+01  1.424E+01  1.855E+01  2.515E+01  3.646E+01  3.731E+21 -8.645E-01 -1.182E+00  2.226E-01  2.343E+00  1.914E+00  7.360E-01  1.926E+19 -1.917E-03 -3.152E-03  1.194E-03  2.148E-02  3.225E-02  2.607E-02  1.393E+01  9.138E+00  1.002E+01  1.421E+01  1.855E+01  2.515E+01  3.646E+01
 249  03 04 03  1.200E+22  8.592E+00  4.89920E-18  2.89538E-02  3.98449E+00  1.03597E+03  5.02244E-03  8.45226E+00  9.31512E+00  8.016E+00  3.372E-02  1.849E+00  8.057E+00  3.352E-02  1.641E+00  8.391E+00  2.712E-02  2.390E-03  8.412E+00  2.731E-02  1.985E-03  3.511E+21 -9.595E-01 -1.101E+00  7.431E-01  3.408E+00  2.511E+00  8.971E-01  1.903E+19 -2.368E-03 -3.224E-03  4.143E-03  3.218E-02  4.297E-02  3.200E-02  1.427E+01  9.651E+00  1.050E+01  1.448E+01  1.884E+01  2.535E+01  3.661E+01  3.548E+21 -9.593E-01 -1.101E+00  7.890E-01  3.492E+00  2.559E+00  9.115E-01  1.922E+19 -2.367E-03 -3.223E-03  4.388E-03  3.296E-02  4.378E-02  3.252E-02  1.427E+01  9.650E+00  1.050E+01  1.446E+01  1.884E+01  2.535E+01  3.661E+01
 250  03 04 04  1.200E+22  9.330E+00  1.12280E-18  2.89525E-02  6.24028E+00  1.62247E+03  7.86587E-03  8.96898E+00  9.41610E+00  8.687E+00  2.977E-02  4.535E-01  8.725E+00  3.022E-02  3.935E-01  8.894E+00  2.676E-02  1.359E-03  8.919E+00  2.736E-02  1.112E-03  3.053E+21 -7.615E-01 -8.449E-01  1.462E+00  4.602E+00  3.143E+00  1.062E+00  1.879E+19 -2.494E-03 -3.120E-03  9.276E-03  4.685E-02  5.603E-02  3.865E-02  1.526E+01  1.127E+01  1.191E+01  1.553E+01  1.959E+01  2.587E+01  3.697E+01  3.132E+21 -7.611E-01 -8.447E-01  1.566E+00  4.797E+00  3.256E+00  1.097E+00  1.926E+19 -2.492E-03 -3.118E-03  9.896E-03  4.878E-02  5.802E-02  3.989E-02  1.525E+01  1.127E+01  1.190E+01  1.549E+01  1.958E+01  2.587E+01  3.697E+01
 251  03 04 05  1.200E+22  9.761E+00  2.63900E-19  2.89319E-02  9.89295E+00  2.57217E+03  1.24701E-02  9.36868E+00  9.55483E+00  9.141E+00  2.750E-02  1.866E-01  9.186E+00  2.903E-02  1.518E-01  9.286E+00  2.569E-02  9.015E-04  9.317E+00  2.730E-02  6.956E-04  2.188E+21 -4.465E-01 -4.776E-01  1.724E+00  4.859E+00  3.322E+00  1.120E+00  1.806E+19 -2.551E-03 -2.857E-03  1.470E-02  5.911E-02  6.544E-02  4.278E-02  1.801E+01  1.556E+01  1.571E+01  1.837E+01  2.155E+01  2.724E+01  3.792E+01  2.341E+21 -4.464E-01 -4.775E-01  1.939E+00  5.295E+00  3.590E+00  1.205E+00  1.925E+19 -2.544E-03 -2.852E-03  1.635E-02  6.414E-02  7.058E-02  4.597E-02  1.797E+01  1.554E+01  1.570E+01  1.824E+01  2.149E+01  2.721E+01  3.790E+01
 252  03 04 06  1.200E+22  9.970E+00  6.00440E-20  2.89616E-02  1.60135E+01  4.16350E+03  2.01849E-02  9.61859E+00  9.68464E+00  9.399E+00  2.412E-02  1.294E-01  9.465E+00  2.852E-02  8.603E-02  9.526E+00  2.278E-02  8.059E-04  9.570E+00  2.723E-02  4.961E-04  1.058E+21 -1.958E-01 -1.942E-01  1.087E+00  3.330E+00  2.566E+00  9.495E-01  1.602E+19 -2.583E-03 -2.574E-03  1.701E-02  6.129E-02  6.496E-02  4.118E-02  2.560E+01  2.521E+01  2.497E+01  2.617E+01  2.730E+01  3.132E+01  4.046E+01  1.300E+21 -1.958E-01 -1.942E-01  1.444E+00  4.182E+00  3.166E+00  1.159E+00  1.923E+19 -2.566E-03 -2.564E-03  2.168E-02  7.534E-02  7.918E-02  4.995E-02  2.525E+01  2.518E+01  2.495E+01  2.549E+01  2.694E+01  3.110E+01  4.033E+01
 253  03 05 01  1.200E+22  6.897E+00  9.45710E-17  4.44619E-02  2.60880E+00  6.78287E+02  3.28839E-03  7.51133E+00  9.21781E+00  7.535E+00  4.095E-02  5.494E-03  7.553E+00  4.086E-02  4.464E-03  7.535E+00  4.095E-02  5.494E-03  7.553E+00  4.086E-02  4.464E-03  5.751E+21 -8.011E-01 -1.698E+00 -9.712E-02  2.434E+00  2.209E+00  9.142E-01  2.941E+19 -1.772E-03 -4.455E-03 -4.381E-04  2.226E-02  3.714E-02  3.235E-02  1.386E+01  9.120E+00  9.925E+00  1.307E+01  1.853E+01  2.512E+01  3.644E+01  5.770E+21 -8.009E-01 -1.698E+00 -7.570E-02  2.474E+00  2.232E+00  9.209E-01  2.950E+19 -1.771E-03 -4.455E-03 -3.281E-04  2.261E-02  3.752E-02  3.258E-02  1.386E+01  9.120E+00  9.925E+00  1.285E+01  1.853E+01  2.512E+01  3.644E+01
 254  03 05 02  1.200E+22  7.454E+00  2.77480E-17  4.44459E-02  3.12330E+00  8.12058E+02  3.93691E-03  7.82180E+00  9.12126E+00  6.658E+00  9.261E-02  2.134E+01  6.755E+00  8.697E-02  1.843E+01  7.800E+00  4.161E-02  4.714E-03  7.817E+00  4.161E-02  3.962E-03  5.642E+21 -1.107E+00 -1.747E+00  1.682E-01  3.175E+00  2.689E+00  1.059E+00  2.941E+19 -2.551E-03 -4.757E-03  9.677E-04  2.934E-02  4.547E-02  3.756E-02  1.399E+01  9.320E+00  1.012E+01  1.475E+01  1.862E+01  2.519E+01  3.651E+01  5.666E+21 -1.107E+00 -1.747E+00  1.962E-01  3.225E+00  2.718E+00  1.067E+00  2.953E+19 -2.550E-03 -4.757E-03  1.114E-03  2.981E-02  4.595E-02  3.787E-02  1.399E+01  9.320E+00  1.012E+01  1.464E+01  1.862E+01  2.519E+01  3.651E+01
 255  03 05 03  1.200E+22  8.242E+00  7.27290E-18  4.44699E-02  4.27994E+00  1.11279E+03  5.39486E-03  8.26051E+00  9.25488E+00  7.726E+00  5.611E-02  3.353E+00  7.771E+00  5.537E-02  2.984E+00  8.213E+00  4.170E-02  2.814E-03  8.232E+00  4.187E-02  2.339E-03  5.359E+21 -1.394E+00 -1.654E+00  7.592E-01  4.477E+00  3.457E+00  1.275E+00  2.932E+19 -3.528E-03 -4.937E-03  4.357E-03  4.261E-02  5.938E-02  4.556E-02  1.433E+01  9.787E+00  1.061E+01  1.470E+01  1.890E+01  2.541E+01  3.663E+01  5.402E+21 -1.394E+00 -1.654E+00  8.106E-01  4.572E+00  3.511E+00  1.291E+00  2.955E+19 -3.527E-03 -4.937E-03  4.636E-03  4.350E-02  6.030E-02  4.615E-02  1.433E+01  9.786E+00  1.061E+01  1.468E+01  1.889E+01  2.541E+01  3.663E+01
 256  03 05 04  1.200E+22  9.051E+00  1.72260E-18  4.44409E-02  6.44231E+00  1.67500E+03  8.12052E-03  8.76691E+00  9.33229E+00  8.441E+00  4.749E-02  7.562E-01  8.480E+00  4.776E-02  6.632E-01  8.697E+00  4.136E-02  1.664E-03  8.721E+00  4.197E-02  1.367E-03  4.681E+21 -1.126E+00 -1.303E+00  1.652E+00  6.093E+00  4.356E+00  1.519E+00  2.903E+19 -3.758E-03 -4.886E-03  1.073E-02  6.251E-02  7.793E-02  5.534E-02  1.532E+01  1.141E+01  1.203E+01  1.572E+01  1.966E+01  2.593E+01  3.699E+01  4.766E+21 -1.126E+00 -1.303E+00  1.761E+00  6.300E+00  4.477E+00  1.556E+00  2.955E+19 -3.755E-03 -4.884E-03  1.139E-02  6.458E-02  8.008E-02  5.669E-02  1.532E+01  1.141E+01  1.203E+01  1.569E+01  1.966E+01  2.593E+01  3.699E+01
 257  03 05 05  1.200E+22  9.610E+00  4.00510E-19  4.43978E-02  1.01012E+01  2.62631E+03  1.27325E-02  9.21969E+00  9.50855E+00  8.974E+00  4.351E-02  2.563E-01  9.016E+00  4.506E-02  2.153E-01  9.138E+00  4.016E-02  1.054E-03  9.167E+00  4.187E-02  8.391E-04  3.381E+21 -6.643E-01 -7.500E-01  2.195E+00  6.792E+00  4.804E+00  1.658E+00  2.822E+19 -3.871E-03 -4.560E-03  1.921E-02  8.359E-02  9.520E-02  6.347E-02  1.812E+01  1.573E+01  1.586E+01  1.866E+01  2.172E+01  2.734E+01  3.792E+01  3.544E+21 -6.643E-01 -7.500E-01  2.416E+00  7.248E+00  5.087E+00  1.748E+00  2.950E+19 -3.865E-03 -4.556E-03  2.093E-02  8.893E-02  1.007E-01  6.689E-02  1.810E+01  1.572E+01  1.585E+01  1.855E+01  2.168E+01  2.732E+01  3.791E+01
 258  03 05 06  1.200E+22  9.901E+00  9.19040E-20  4.44580E-02  1.61884E+01  4.20897E+03  2.04054E-02  9.53114E+00  9.63396E+00  9.314E+00  3.981E-02  1.409E-01  9.368E+00  4.411E-02  1.051E-01  9.444E+00  3.752E-02  7.988E-04  9.481E+00  4.191E-02  5.604E-04  1.737E+21 -2.960E-01 -3.094E-01  1.622E+00  5.166E+00  4.051E+00  1.518E+00  2.639E+19 -3.948E-03 -4.130E-03  2.570E-02  9.580E-02  1.030E-01  6.599E-02  2.562E+01  2.535E+01  2.504E+01  2.634E+01  2.740E+01  3.136E+01  4.051E+01  1.975E+21 -2.960E-01 -3.094E-01  1.969E+00  5.998E+00  4.639E+00  1.724E+00  2.958E+19 -3.929E-03 -4.117E-03  3.027E-02  1.096E-01  1.170E-01  7.465E-02  2.541E+01  2.533E+01  2.502E+01  2.585E+01  2.715E+01  3.121E+01  4.043E+01
 259  03 06 01  1.200E+22  6.817E+00  1.09630E-16  6.82872E-02  3.80465E+00  9.89209E+02  4.79576E-03  7.62751E+00  9.23354E+00  6.203E+00  1.853E-01  3.729E+01  6.394E+00  1.607E-01  2.956E+01  7.711E+00  6.122E-02  1.685E-03  7.732E+00  6.116E-02  1.135E-03  8.623E+21 -1.240E+00 -2.505E+00  8.466E-02  4.244E+00  3.694E+00  1.490E+00  4.513E+19 -2.994E-03 -6.899E-03  6.988E-04  3.965E-02  6.275E-02  5.294E-02  1.402E+01  9.546E+00  1.017E+01  1.867E+01  1.874E+01  2.525E+01  3.652E+01  8.662E+21 -1.240E+00 -2.505E+00  1.304E-01  4.328E+00  3.742E+00  1.504E+00  4.533E+19 -2.993E-03 -6.899E-03  9.434E-04  4.043E-02  6.357E-02  5.346E-02  1.402E+01  9.546E+00  1.017E+01  1.704E+01  1.874E+01  2.525E+01  3.652E+01
 260  03 06 02  1.200E+22  7.259E+00  3.53990E-17  6.82825E-02  3.94914E+00  1.02678E+03  4.97788E-03  7.79330E+00  9.25651E+00  6.671E+00  1.389E-01  2.086E+01  6.756E+00  1.315E-01  1.831E+01  7.800E+00  6.304E-02  3.310E-03  7.815E+00  6.302E-02  2.760E-03  8.481E+21 -1.478E+00 -2.543E+00  2.344E-01  4.727E+00  4.035E+00  1.598E+00  4.516E+19 -3.660E-03 -7.225E-03  1.493E-03  4.445E-02  6.880E-02  5.692E-02  1.415E+01  9.682E+00  1.035E+01  1.565E+01  1.880E+01  2.529E+01  3.655E+01  8.510E+21 -1.477E+00 -2.542E+00  2.710E-01  4.792E+00  4.072E+00  1.610E+00  4.531E+19 -3.659E-03 -7.224E-03  1.688E-03  4.506E-02  6.943E-02  5.732E-02  1.415E+01  9.682E+00  1.035E+01  1.544E+01  1.880E+01  2.529E+01  3.655E+01
 261  03 06 03  1.200E+22  7.933E+00  1.02210E-17  6.82309E-02  4.85825E+00  1.26315E+03  6.12382E-03  8.12534E+00  9.19565E+00  7.496E+00  9.305E-02  5.270E+00  7.547E+00  9.118E-02  4.679E+00  8.092E+00  6.388E-02  3.001E-03  8.110E+00  6.404E-02  2.482E-03  8.070E+21 -1.868E+00 -2.418E+00  8.045E-01  6.073E+00  4.871E+00  1.843E+00  4.508E+19 -5.031E-03 -7.513E-03  4.897E-03  5.878E-02  8.437E-02  6.613E-02  1.450E+01  1.013E+01  1.085E+01  1.520E+01  1.906E+01  2.551E+01  3.669E+01  8.121E+21 -1.867E+00 -2.418E+00  8.679E-01  6.190E+00  4.938E+00  1.864E+00  4.537E+19 -5.029E-03 -7.511E-03  5.249E-03  5.990E-02  8.553E-02  6.686E-02  1.450E+01  1.013E+01  1.085E+01  1.514E+01  1.906E+01  2.551E+01  3.668E+01
 262  03 06 04  1.200E+22  8.737E+00  2.59480E-18  6.82774E-02  6.83514E+00  1.77714E+03  8.61569E-03  8.57629E+00  9.33184E+00  8.200E+00  7.619E-02  1.254E+00  8.239E+00  7.608E-02  1.108E+00  8.517E+00  6.372E-02  1.950E-03  8.539E+00  6.434E-02  1.603E-03  7.087E+21 -1.625E+00 -1.953E+00  1.808E+00  8.022E+00  6.017E+00  2.167E+00  4.477E+19 -5.643E-03 -7.569E-03  1.228E-02  8.367E-02  1.085E-01  7.926E-02  1.545E+01  1.166E+01  1.223E+01  1.610E+01  1.983E+01  2.606E+01  3.704E+01  7.181E+21 -1.625E+00 -1.953E+00  1.927E+00  8.250E+00  6.152E+00  2.209E+00  4.535E+19 -5.640E-03 -7.567E-03  1.301E-02  8.597E-02  1.109E-01  8.076E-02  1.545E+01  1.165E+01  1.223E+01  1.605E+01  1.982E+01  2.606E+01  3.703E+01
 263  03 06 05  1.200E+22  9.410E+00  6.09120E-19  6.82595E-02  1.04250E+01  2.71049E+03  1.31406E-02  9.04901E+00  9.42803E+00  8.780E+00  6.922E-02  3.768E-01  8.819E+00  7.058E-02  3.242E-01  8.972E+00  6.281E-02  1.266E-03  8.998E+00  6.450E-02  1.026E-03  5.180E+21 -9.780E-01 -1.160E+00  2.648E+00  9.266E+00  6.837E+00  2.428E+00  4.408E+19 -5.881E-03 -7.251E-03  2.421E-02  1.163E-01  1.369E-01  9.340E-02  1.826E+01  1.597E+01  1.606E+01  1.911E+01  2.195E+01  2.755E+01  3.803E+01  5.343E+21 -9.780E-01 -1.160E+00  2.866E+00  9.722E+00  7.123E+00  2.519E+00  4.540E+19 -5.873E-03 -7.245E-03  2.596E-02  1.217E-01  1.425E-01  9.687E-02  1.825E+01  1.597E+01  1.606E+01  1.899E+01  2.192E+01  2.753E+01  3.802E+01
 264  03 06 06  1.200E+22  9.804E+00  1.40180E-19  6.82181E-02  1.64755E+01  4.28362E+03  2.07673E-02  9.41995E+00  9.59181E+00  9.195E+00  6.360E-02  1.707E-01  9.243E+00  6.808E-02  1.357E-01  9.335E+00  5.958E-02  8.697E-04  9.368E+00  6.423E-02  6.560E-04  2.734E+21 -4.432E-01 -4.902E-01  2.214E+00  7.525E+00  6.058E+00  2.312E+00  4.190E+19 -5.997E-03 -6.602E-03  3.609E-02  1.417E-01  1.554E-01  1.009E-01  2.573E+01  2.553E+01  2.514E+01  2.679E+01  2.763E+01  3.149E+01  4.065E+01  2.980E+21 -4.432E-01 -4.902E-01  2.563E+00  8.378E+00  6.669E+00  2.529E+00  4.531E+19 -5.979E-03 -6.591E-03  4.084E-02  1.562E-01  1.702E-01  1.101E-01  2.562E+01  2.552E+01  2.513E+01  2.640E+01  2.746E+01  3.139E+01  4.059E+01
 265  03 06 07  1.200E+22  9.989E+00  3.11130E-20  6.82684E-02  2.67364E+01  6.95147E+03  3.37012E-02  9.64656E+00  9.69466E+00  9.398E+00  5.106E-02  1.490E-01  9.496E+00  6.722E-02  8.125E-02  9.535E+00  4.802E-02  9.843E-04  9.598E+00  6.426E-02  4.886E-04  9.237E+20 -1.736E-01 -1.717E-01  9.434E-01  3.319E+00  3.127E+00  1.457E+00  3.369E+19 -6.069E-03 -5.969E-03  3.590E-02  1.299E-01  1.375E-01  8.706E-02  4.246E+01  4.320E+01  4.275E+01  4.354E+01  4.252E+01  4.315E+01  4.843E+01  1.258E+21 -1.736E-01 -1.717E-01  1.438E+00  4.712E+00  4.361E+00  2.007E+00  4.541E+19 -6.047E-03 -5.958E-03  5.276E-02  1.810E-01  1.893E-01  1.190E-01  4.224E+01  4.317E+01  4.273E+01  4.264E+01  4.207E+01  4.282E+01  4.821E+01
 266  03 07 01  1.200E+22  6.776E+00  1.18950E-16  1.04824E-01  6.22599E+00  1.61876E+03  7.84784E-03  7.86238E+00  9.40773E+00  7.353E+00  1.398E-01  6.531E+00  7.427E+00  1.351E-01  5.532E+00  8.006E+00  9.156E-02  6.004E-05  8.031E+00  9.172E-02  1.951E-06  1.242E+22 -1.810E+00 -3.465E+00  7.739E-01  7.881E+00  6.521E+00  2.538E+00  6.916E+19 -5.355E-03 -1.076E-02  5.729E-03  7.821E-02  1.141E-01  9.135E-02  1.445E+01  1.062E+01  1.078E+01  1.713E+01  1.932E+01  2.563E+01  3.676E+01  1.250E+22 -1.810E+00 -3.465E+00  8.755E-01  8.071E+00  6.632E+00  2.572E+00  6.963E+19 -5.354E-03 -1.076E-02  6.337E-03  8.010E-02  1.160E-01  9.258E-02  1.446E+01  1.062E+01  1.078E+01  1.687E+01  1.932E+01  2.563E+01  3.676E+01
 267  03 07 02  1.200E+22  7.150E+00  4.05560E-17  1.04802E-01  5.59082E+00  1.45361E+03  7.04721E-03  7.88213E+00  9.27898E+00  7.152E+00  1.595E-01  9.644E+00  7.221E+00  1.539E-01  8.410E+00  7.936E+00  9.487E-02  1.327E-03  7.955E+00  9.495E-02  9.524E-04  1.240E+22 -2.001E+00 -3.556E+00  6.342E-01  7.740E+00  6.499E+00  2.545E+00  6.913E+19 -5.751E-03 -1.106E-02  4.500E-03  7.593E-02  1.131E-01  9.147E-02  1.447E+01  1.048E+01  1.082E+01  1.667E+01  1.919E+01  2.558E+01  3.672E+01  1.246E+22 -2.000E+00 -3.556E+00  7.117E-01  7.884E+00  6.582E+00  2.571E+00  6.948E+19 -5.749E-03 -1.105E-02  4.946E-03  7.733E-02  1.146E-01  9.238E-02  1.447E+01  1.048E+01  1.082E+01  1.644E+01  1.919E+01  2.558E+01  3.672E+01
 268  03 07 03  1.200E+22  7.698E+00  1.32620E-17  1.04761E-01  5.99086E+00  1.55762E+03  7.55147E-03  8.07403E+00  9.30197E+00  7.434E+00  1.449E-01  5.888E+00  7.491E+00  1.415E-01  5.173E+00  8.060E+00  9.722E-02  2.480E-03  8.079E+00  9.745E-02  1.974E-03  1.188E+22 -2.339E+00 -3.402E+00  1.003E+00  8.684E+00  7.138E+00  2.744E+00  6.915E+19 -7.138E-03 -1.143E-02  6.838E-03  8.697E-02  1.258E-01  9.920E-02  1.479E+01  1.084E+01  1.129E+01  1.620E+01  1.939E+01  2.573E+01  3.685E+01  1.195E+22 -2.339E+00 -3.402E+00  1.096E+00  8.862E+00  7.242E+00  2.776E+00  6.960E+19 -7.135E-03 -1.143E-02  7.391E-03  8.873E-02  1.276E-01  1.004E-01  1.479E+01  1.084E+01  1.129E+01  1.608E+01  1.939E+01  2.573E+01  3.685E+01
 269  03 07 04  1.200E+22  8.433E+00  3.70900E-18  1.04807E-01  7.62347E+00  1.98210E+03  9.60938E-03  8.42907E+00  9.27311E+00  8.000E+00  1.221E-01  1.875E+00  8.042E+00  1.213E-01  1.659E+00  8.377E+00  9.801E-02  1.881E-03  8.398E+00  9.867E-02  1.517E-03  1.049E+22 -2.247E+00 -2.801E+00  1.984E+00  1.069E+01  8.406E+00  3.124E+00  6.875E+19 -8.446E-03 -1.159E-02  1.465E-02  1.149E-01  1.539E-01  1.150E-01  1.577E+01  1.218E+01  1.267E+01  1.693E+01  2.015E+01  2.623E+01  3.717E+01  1.060E+22 -2.246E+00 -2.801E+00  2.121E+00  1.096E+01  8.567E+00  3.174E+00  6.946E+19 -8.442E-03 -1.159E-02  1.554E-02  1.177E-01  1.568E-01  1.168E-01  1.577E+01  1.218E+01  1.267E+01  1.684E+01  2.014E+01  2.623E+01  3.717E+01
 270  03 07 05  1.200E+22  9.167E+00  9.13130E-19  1.04741E-01  1.09956E+01  2.85885E+03  1.38599E-02  8.87551E+00  9.41376E+00  8.572E+00  1.091E-01  5.629E-01  8.612E+00  1.103E-01  4.882E-01  8.798E+00  9.690E-02  1.203E-03  8.824E+00  9.877E-02  9.561E-04  7.730E+21 -1.401E+00 -1.733E+00  3.003E+00  1.224E+01  9.491E+00  3.484E+00  6.775E+19 -8.847E-03 -1.132E-02  2.936E-02  1.580E-01  1.927E-01  1.349E-01  1.855E+01  1.642E+01  1.647E+01  1.989E+01  2.227E+01  2.770E+01  3.813E+01  7.909E+21 -1.401E+00 -1.733E+00  3.237E+00  1.274E+01  9.811E+00  3.588E+00  6.927E+19 -8.839E-03 -1.132E-02  3.131E-02  1.642E-01  1.991E-01  1.389E-01  1.855E+01  1.642E+01  1.646E+01  1.975E+01  2.224E+01  2.769E+01  3.813E+01
 271  03 07 06  1.200E+22  9.670E+00  2.13830E-19  1.04704E-01  1.69274E+01  4.40113E+03  2.13370E-02  9.28546E+00  9.52659E+00  9.049E+00  1.015E-01  2.231E-01  9.092E+00  1.058E-01  1.849E-01  9.204E+00  9.417E-02  9.902E-04  9.234E+00  9.884E-02  7.753E-04  4.217E+21 -6.574E-01 -7.678E-01  2.834E+00  1.056E+01  8.822E+00  3.458E+00  6.619E+19 -9.142E-03 -1.058E-02  4.883E-02  2.051E-01  2.306E-01  1.524E-01  2.606E+01  2.587E+01  2.541E+01  2.772E+01  2.815E+01  3.180E+01  4.092E+01  4.460E+21 -6.574E-01 -7.678E-01  3.175E+00  1.140E+01  9.431E+00  3.676E+00  6.967E+19 -9.121E-03 -1.057E-02  5.361E-02  2.197E-01  2.455E-01  1.617E-01  2.599E+01  2.586E+01  2.540E+01  2.736E+01  2.802E+01  3.173E+01  4.088E+01
 272  03 07 07  1.200E+22  9.927E+00  4.92690E-20  1.04704E-01  2.68428E+01  6.97913E+03  3.38353E-02  9.56617E+00  9.66111E+00  9.348E+00  9.170E-02  1.360E-01  9.406E+00  1.035E-01  9.767E-02  9.477E+00  8.650E-02  8.109E-04  9.516E+00  9.853E-02  5.470E-04  1.670E+21 -2.674E-01 -2.787E-01  1.597E+00  5.728E+00  5.463E+00  2.570E+00  6.084E+19 -9.235E-03 -9.527E-03  6.139E-02  2.256E-01  2.412E-01  1.538E-01  4.240E+01  4.293E+01  4.235E+01  4.378E+01  4.266E+01  4.324E+01  4.847E+01  1.945E+21 -2.674E-01 -2.787E-01  2.004E+00  6.855E+00  6.442E+00  2.996E+00  6.958E+19 -9.220E-03 -9.517E-03  7.401E-02  2.636E-01  2.797E-01  1.776E-01  4.200E+01  4.291E+01  4.234E+01  4.279E+01  4.207E+01  4.280E+01  4.820E+01
 273  03 08 01  1.200E+22  6.740E+00  1.33080E-16  1.60960E-01  1.08756E+01  2.82764E+03  1.37086E-02  8.17206E+00  9.48732E+00  7.997E+00  1.695E-01  1.656E+00  8.069E+00  1.674E-01  1.326E+00  8.350E+00  1.378E-01  1.152E-04  8.387E+00  1.392E-01  2.937E-04  1.614E+22 -2.167E+00 -4.156E+00  1.936E+00  1.350E+01  1.112E+01  4.282E+00  1.054E+20 -9.517E-03 -1.664E-02  2.039E-02  1.583E-01  2.120E-01  1.602E-01  1.555E+01  1.288E+01  1.199E+01  2.105E+01  2.104E+01  2.675E+01  3.749E+01  1.633E+22 -2.167E+00 -4.156E+00  2.190E+00  1.404E+01  1.147E+01  4.394E+00  1.070E+20 -9.517E-03 -1.664E-02  2.255E-02  1.650E-01  2.189E-01  1.645E-01  1.558E+01  1.288E+01  1.199E+01  2.073E+01  2.106E+01  2.677E+01  3.750E+01
 274  03 08 02  1.200E+22  7.081E+00  4.48830E-17  1.60954E-01  8.92557E+00  2.32065E+03  1.12507E-02  8.08124E+00  9.34795E+00  7.702E+00  1.911E-01  3.265E+00  7.766E+00  1.873E-01  2.756E+00  8.180E+00  1.425E-01  1.613E-04  8.207E+00  1.432E-01  4.352E-05  1.694E+22 -2.459E+00 -4.508E+00  1.564E+00  1.294E+01  1.077E+01  4.174E+00  1.058E+20 -9.564E-03 -1.701E-02  1.434E-02  1.418E-01  1.982E-01  1.537E-01  1.528E+01  1.229E+01  1.184E+01  1.943E+01  2.032E+01  2.631E+01  3.718E+01  1.707E+22 -2.459E+00 -4.508E+00  1.746E+00  1.331E+01  1.099E+01  4.244E+00  1.068E+20 -9.561E-03 -1.701E-02  1.564E-02  1.458E-01  2.023E-01  1.564E-01  1.530E+01  1.229E+01  1.184E+01  1.913E+01  2.032E+01  2.632E+01  3.718E+01
 275  03 08 03  1.200E+22  7.546E+00  1.57540E-17  1.60949E-01  8.23439E+00  2.14094E+03  1.03794E-02  8.12896E+00  9.32734E+00  7.631E+00  2.030E-01  3.920E+00  7.680E+00  1.995E-01  3.465E+00  8.152E+00  1.468E-01  1.268E-03  8.171E+00  1.474E-01  9.236E-04  1.664E+22 -2.783E+00 -4.442E+00  1.593E+00  1.315E+01  1.097E+01  4.250E+00  1.060E+20 -1.069E-02 -1.741E-02  1.348E-02  1.425E-01  2.012E-01  1.564E-01  1.550E+01  1.229E+01  1.219E+01  1.851E+01  2.023E+01  2.626E+01  3.717E+01  1.675E+22 -2.783E+00 -4.441E+00  1.731E+00  1.342E+01  1.113E+01  4.300E+00  1.067E+20 -1.069E-02 -1.741E-02  1.441E-02  1.454E-01  2.041E-01  1.583E-01  1.550E+01  1.229E+01  1.219E+01  1.830E+01  2.023E+01  2.626E+01  3.717E+01
 276  03 08 04  1.200E+22  8.186E+00  4.87090E-18  1.60891E-01  9.18014E+00  2.38684E+03  1.15715E-02  8.35679E+00  9.35450E+00  7.915E+00  1.902E-01  2.249E+00  7.961E+00  1.884E-01  1.976E+00  8.323E+00  1.494E-01  1.899E-03  8.345E+00  1.504E-01  1.505E-03  1.487E+22 -2.894E+00 -3.763E+00  2.283E+00  1.455E+01  1.197E+01  4.576E+00  1.058E+20 -1.274E-02 -1.776E-02  2.002E-02  1.676E-01  2.273E-01  1.714E-01  1.644E+01  1.322E+01  1.356E+01  1.875E+01  2.091E+01  2.674E+01  3.753E+01  1.501E+22 -2.894E+00 -3.763E+00  2.465E+00  1.493E+01  1.220E+01  4.649E+00  1.069E+20 -1.274E-02 -1.776E-02  2.134E-02  1.718E-01  2.316E-01  1.741E-01  1.644E+01  1.322E+01  1.356E+01  1.859E+01  2.090E+01  2.674E+01  3.753E+01
 277  03 08 05  1.200E+22  8.901E+00  1.32850E-18  1.60923E-01  1.20677E+01  3.13761E+03  1.52114E-02  8.72424E+00  9.36018E+00  8.397E+00  1.729E-01  8.280E-01  8.437E+00  1.736E-01  7.242E-01  8.663E+00  1.497E-01  1.538E-03  8.687E+00  1.517E-01  1.242E-03  1.120E+22 -1.924E+00 -2.466E+00  3.286E+00  1.599E+01  1.313E+01  5.013E+00  1.054E+20 -1.349E-02 -1.774E-02  3.678E-02  2.203E-01  2.766E-01  1.975E-01  1.928E+01  1.739E+01  1.735E+01  2.157E+01  2.308E+01  2.821E+01  3.847E+01  1.139E+22 -1.924E+00 -2.466E+00  3.535E+00  1.654E+01  1.349E+01  5.132E+00  1.072E+20 -1.347E-02 -1.773E-02  3.906E-02  2.274E-01  2.840E-01  2.021E-01  1.928E+01  1.739E+01  1.735E+01  2.138E+01  2.305E+01  2.819E+01  3.846E+01
 278  03 08 06  1.200E+22  9.498E+00  3.19680E-19  1.60750E-01  1.77769E+01  4.62199E+03  2.24077E-02  9.14041E+00  9.50083E+00  8.884E+00  1.597E-01  3.079E-01  8.926E+00  1.642E-01  2.603E-01  9.061E+00  1.463E-01  1.136E-03  9.090E+00  1.515E-01  9.067E-04  6.268E+21 -9.496E-01 -1.162E+00  3.365E+00  1.410E+01  1.235E+01  5.015E+00  1.028E+20 -1.386E-02 -1.676E-02  6.336E-02  2.885E-01  3.336E-01  2.248E-01  2.668E+01  2.649E+01  2.594E+01  2.937E+01  2.912E+01  3.245E+01  4.116E+01  6.522E+21 -9.496E-01 -1.162E+00  3.714E+00  1.498E+01  1.301E+01  5.256E+00  1.068E+20 -1.384E-02 -1.675E-02  6.865E-02  3.049E-01  3.505E-01  2.353E-01  2.665E+01  2.648E+01  2.594E+01  2.900E+01  2.902E+01  3.240E+01  4.113E+01
 279  03 08 07  1.200E+22  9.842E+00  7.50700E-20  1.60812E-01  2.75332E+01  7.15862E+03  3.47055E-02  9.46734E+00  9.60608E+00  9.240E+00  1.461E-01  1.616E-01  9.296E+00  1.600E-01  1.224E-01  9.378E+00  1.371E-01  8.720E-04  9.417E+00  1.514E-01  6.189E-04  2.618E+21 -3.992E-01 -4.401E-01  2.186E+00  8.299E+00  8.099E+00  3.886E+00  9.639E+19 -1.410E-02 -1.527E-02  8.708E-02  3.353E-01  3.649E-01  2.357E-01  4.250E+01  4.327E+01  4.248E+01  4.463E+01  4.321E+01  4.371E+01  4.882E+01  2.917E+21 -3.992E-01 -4.401E-01  2.618E+00  9.518E+00  9.181E+00  4.370E+00  1.068E+20 -1.407E-02 -1.525E-02  1.017E-01  3.797E-01  4.102E-01  2.638E-01  4.239E+01  4.325E+01  4.247E+01  4.394E+01  4.289E+01  4.349E+01  4.869E+01
 280  03 09 01  1.200E+22  6.748E+00  1.26600E-16  2.47080E-01  1.80957E+01  4.70487E+03  2.28096E-02  8.47131E+00  9.54903E+00  8.383E+00  2.393E-01  6.944E-01  8.467E+00  2.411E-01  5.159E-01  8.625E+00  2.096E-01  1.069E-04  8.678E+00  2.151E-01  2.733E-04  1.852E+22 -2.302E+00 -4.507E+00  2.661E+00  1.854E+01  1.639E+01  6.641E+00  1.591E+20 -1.624E-02 -2.537E-02  5.040E-02  3.002E-01  3.779E-01  2.731E-01  1.713E+01  1.511E+01  1.310E+01  2.936E+01  2.470E+01  2.941E+01  3.928E+01  1.881E+22 -2.302E+00 -4.507E+00  3.063E+00  1.958E+01  1.718E+01  6.936E+00  1.641E+20 -1.624E-02 -2.537E-02  5.710E-02  3.209E-01  3.991E-01  2.863E-01  1.725E+01  1.511E+01  1.310E+01  2.907E+01  2.490E+01  2.954E+01  3.937E+01
 281  03 09 02  1.200E+22  7.042E+00  4.80470E-17  2.47083E-01  1.53938E+01  4.00238E+03  1.94038E-02  8.35448E+00  9.52135E+00  8.184E+00  2.533E-01  1.098E+00  8.255E+00  2.522E-01  8.697E-01  8.479E+00  2.143E-01  7.564E-06  8.519E+00  2.174E-01  7.973E-05  2.029E+22 -2.617E+00 -5.005E+00  2.527E+00  1.907E+01  1.666E+01  6.651E+00  1.609E+20 -1.607E-02 -2.593E-02  4.027E-02  2.735E-01  3.559E-01  2.630E-01  1.686E+01  1.482E+01  1.319E+01  2.674E+01  2.329E+01  2.833E+01  3.855E+01  2.053E+22 -2.617E+00 -5.005E+00  2.863E+00  1.988E+01  1.723E+01  6.851E+00  1.640E+20 -1.607E-02 -2.592E-02  4.452E-02  2.865E-01  3.692E-01  2.713E-01  1.692E+01  1.482E+01  1.319E+01  2.634E+01  2.337E+01  2.838E+01  3.858E+01
 282  03 09 03  1.200E+22  7.464E+00  1.72640E-17  2.47075E-01  1.27541E+01  3.31607E+03  1.60765E-02  8.29239E+00  9.39050E+00  7.981E+00  2.750E-01  1.817E+00  8.036E+00  2.722E-01  1.542E+00  8.350E+00  2.215E-01  3.049E-04  8.377E+00  2.231E-01  1.451E-04  2.111E+22 -3.005E+00 -5.186E+00  2.468E+00  1.943E+01  1.684E+01  6.668E+00  1.620E+20 -1.682E-02 -2.655E-02  3.218E-02  2.542E-01  3.416E-01  2.572E-01  1.690E+01  1.474E+01  1.367E+01  2.402E+01  2.232E+01  2.764E+01  3.807E+01  2.131E+22 -3.005E+00 -5.186E+00  2.729E+00  2.001E+01  1.722E+01  6.795E+00  1.639E+20 -1.681E-02 -2.654E-02  3.471E-02  2.620E-01  3.496E-01  2.622E-01  1.693E+01  1.474E+01  1.367E+01  2.361E+01  2.233E+01  2.765E+01  3.808E+01
 283  03 09 04  1.200E+22  8.012E+00  5.86310E-18  2.47181E-01  1.22149E+01  3.17588E+03  1.53969E-02  8.37952E+00  9.37636E+00  7.991E+00  2.829E-01  1.877E+00  8.040E+00  2.806E-01  1.623E+00  8.367E+00  2.271E-01  1.257E-03  8.392E+00  2.288E-01  9.217E-04  1.955E+22 -3.252E+00 -4.609E+00  2.766E+00  1.993E+01  1.728E+01  6.837E+00  1.621E+20 -1.900E-02 -2.704E-02  3.350E-02  2.642E-01  3.542E-01  2.654E-01  1.778E+01  1.526E+01  1.504E+01  2.287E+01  2.258E+01  2.787E+01  3.819E+01  1.974E+22 -3.252E+00 -4.609E+00  3.024E+00  2.051E+01  1.766E+01  6.963E+00  1.640E+20 -1.899E-02 -2.703E-02  3.591E-02  2.718E-01  3.621E-01  2.703E-01  1.780E+01  1.526E+01  1.504E+01  2.256E+01  2.257E+01  2.787E+01  3.819E+01
 284  03 09 05  1.200E+22  8.662E+00  1.78690E-18  2.46977E-01  1.41893E+01  3.68923E+03  1.78856E-02  8.63447E+00  9.40937E+00  8.293E+00  2.687E-01  1.019E+00  8.336E+00  2.690E-01  8.871E-01  8.583E+00  2.288E-01  1.536E-03  8.608E+00  2.316E-01  1.216E-03  1.516E+22 -2.457E+00 -3.239E+00  3.505E+00  2.045E+01  1.796E+01  7.183E+00  1.614E+20 -2.031E-02 -2.714E-02  4.951E-02  3.166E-01  4.045E-01  2.925E-01  2.053E+01  1.880E+01  1.868E+01  2.484E+01  2.460E+01  2.929E+01  3.915E+01  1.539E+22 -2.457E+00 -3.239E+00  3.797E+00  2.114E+01  1.844E+01  7.345E+00  1.640E+20 -2.029E-02 -2.713E-02  5.273E-02  3.267E-01  4.150E-01  2.990E-01  2.054E+01  1.880E+01  1.868E+01  2.458E+01  2.457E+01  2.929E+01  3.914E+01
 285  03 09 06  1.200E+22  9.290E+00  4.72350E-19  2.46925E-01  1.92395E+01  5.00228E+03  2.42514E-02  8.99691E+00  9.44865E+00  8.723E+00  2.520E-01  4.237E-01  8.764E+00  2.563E-01  3.631E-01  8.924E+00  2.273E-01  1.255E-03  8.951E+00  2.330E-01  1.006E-03  9.032E+21 -1.332E+00 -1.694E+00  3.756E+00  1.814E+01  1.687E+01  7.177E+00  1.598E+20 -2.107E-02 -2.639E-02  8.204E-02  4.065E-01  4.832E-01  3.319E-01  2.756E+01  2.732E+01  2.667E+01  3.184E+01  3.053E+01  3.349E+01  4.202E+01  9.288E+21 -1.332E+00 -1.694E+00  4.106E+00  1.905E+01  1.757E+01  7.440E+00  1.643E+20 -2.105E-02 -2.637E-02  8.801E-02  4.250E-01  5.022E-01  3.438E-01  2.756E+01  2.731E+01  2.667E+01  3.147E+01  3.045E+01  3.344E+01  4.200E+01
 286  03 09 07  1.200E+22  9.724E+00  1.14480E-19  2.47139E-01  2.86402E+01  7.44645E+03  3.61009E-02  9.35053E+00  9.57736E+00  9.117E+00  2.348E-01  1.986E-01  9.165E+00  2.481E-01  1.601E-01  9.266E+00  2.188E-01  9.444E-04  9.299E+00  2.329E-01  7.212E-04  4.048E+21 -5.895E-01 -6.865E-01  2.849E+00  1.167E+01  1.174E+01  5.801E+00  1.538E+20 -2.152E-02 -2.445E-02  1.221E-01  4.967E-01  5.521E-01  3.618E-01  4.305E+01  4.383E+01  4.279E+01  4.660E+01  4.445E+01  4.475E+01  4.958E+01  4.333E+21 -5.895E-01 -6.865E-01  3.257E+00  1.282E+01  1.278E+01  6.271E+00  1.642E+20 -2.148E-02 -2.442E-02  1.365E-01  5.407E-01  5.970E-01  3.897E-01  4.300E+01  4.383E+01  4.279E+01  4.591E+01  4.419E+01  4.458E+01  4.948E+01
 287  03 09 08  1.200E+22  9.949E+00  2.64420E-20  2.46882E-01  4.47695E+01  1.16401E+04  5.64318E-02  9.59782E+00  9.67378E+00  9.362E+00  2.008E-01  1.442E-01  9.441E+00  2.439E-01  9.154E-02  9.496E+00  1.891E-01  9.149E-04  9.549E+00  2.325E-01  5.350E-04  1.421E+21 -2.353E-01 -2.431E-01  1.376E+00  5.095E+00  5.265E+00  3.025E+00  1.329E+20 -2.174E-02 -2.212E-02  1.362E-01  4.991E-01  5.320E-01  3.384E-01  7.091E+01  7.243E+01  7.130E+01  7.354E+01  7.108E+01  6.965E+01  6.978E+01  1.756E+21 -2.353E-01 -2.431E-01  1.871E+00  6.540E+00  6.675E+00  3.809E+00  1.642E+20 -2.171E-02 -2.210E-02  1.808E-01  6.348E-01  6.697E-01  4.236E-01  7.096E+01  7.242E+01  7.130E+01  7.253E+01  7.067E+01  6.940E+01  6.957E+01
 288  03 10 02  1.200E+22  7.030E+00  4.88340E-17  3.79474E-01  2.61940E+01  6.81045E+03  3.30175E-02  8.64111E+00  9.58617E+00  8.534E+00  3.619E-01  5.024E-01  8.623E+00  3.686E-01  3.599E-01  8.745E+00  3.234E-01  1.794E-05  8.804E+00  3.352E-01  1.104E-04  2.184E+22 -2.635E+00 -5.216E+00  2.941E+00  2.270E+01  2.156E+01  9.430E+00  2.420E+20 -2.659E-02 -3.907E-02  9.323E-02  5.075E-01  6.230E-01  4.418E-01  1.812E+01  1.641E+01  1.391E+01  3.761E+01  2.830E+01  3.258E+01  4.183E+01  2.214E+22 -2.635E+00 -5.216E+00  3.382E+00  2.394E+01  2.265E+01  9.908E+00  2.520E+20 -2.659E-02 -3.907E-02  1.071E-01  5.499E-01  6.664E-01  4.687E-01  1.830E+01  1.641E+01  1.391E+01  3.776E+01  2.883E+01  3.294E+01  4.206E+01
 289  03 10 03  1.200E+22  7.404E+00  1.89210E-17  3.79443E-01  2.18356E+01  5.67725E+03  2.75237E-02  8.53382E+00  9.55231E+00  8.360E+00  3.820E-01  7.533E-01  8.428E+00  3.833E-01  5.922E-01  8.612E+00  3.328E-01  1.911E-05  8.653E+00  3.392E-01  2.156E-06  2.355E+22 -3.007E+00 -5.522E+00  3.006E+00  2.446E+01  2.308E+01  9.851E+00  2.459E+20 -2.697E-02 -4.005E-02  7.785E-02  4.714E-01  5.961E-01  4.310E-01  1.864E+01  1.693E+01  1.478E+01  3.414E+01  2.691E+01  3.111E+01  4.051E+01  2.382E+22 -3.007E+00 -5.522E+00  3.385E+00  2.547E+01  2.390E+01  1.018E+01  2.519E+20 -2.697E-02 -4.005E-02  8.604E-02  4.963E-01  6.215E-01  4.468E-01  1.876E+01  1.693E+01  1.478E+01  3.436E+01  2.712E+01  3.124E+01  4.059E+01
 290  03 10 04  1.200E+22  7.897E+00  6.67740E-18  3.79388E-01  1.82999E+01  4.75796E+03  2.30669E-02  8.50143E+00  9.43828E+00  8.215E+00  4.058E-01  1.116E+00  8.274E+00  4.051E-01  9.215E-01  8.514E+00  3.429E-01  5.205E-04  8.548E+00  3.476E-01  2.935E-04  2.309E+22 -3.354E+00 -5.172E+00  3.193E+00  2.549E+01  2.395E+01  1.008E+01  2.475E+20 -2.896E-02 -4.104E-02  6.714E-02  4.495E-01  5.821E-01  4.264E-01  1.979E+01  1.776E+01  1.661E+01  3.134E+01  2.620E+01  3.041E+01  3.990E+01  2.336E+22 -3.354E+00 -5.172E+00  3.558E+00  2.644E+01  2.468E+01  1.036E+01  2.521E+20 -2.895E-02 -4.104E-02  7.314E-02  4.683E-01  6.014E-01  4.385E-01  1.987E+01  1.776E+01  1.661E+01  3.095E+01  2.628E+01  3.046E+01  3.993E+01
 291  03 10 05  1.200E+22  8.466E+00  2.25600E-18  3.79327E-01  1.82724E+01  4.75084E+03  2.30324E-02  8.62289E+00  9.42603E+00  8.305E+00  4.083E-01  9.702E-01  8.350E+00  4.087E-01  8.379E-01  8.589E+00  3.490E-01  1.169E-03  8.615E+00  3.533E-01  8.865E-04  1.910E+22 -2.949E+00 -3.969E+00  3.686E+00  2.535E+01  2.412E+01  1.028E+01  2.478E+20 -3.088E-02 -4.143E-02  7.663E-02  4.852E-01  6.188E-01  4.473E-01  2.254E+01  2.048E+01  2.028E+01  3.108E+01  2.763E+01  3.132E+01  4.058E+01  1.935E+22 -2.949E+00 -3.969E+00  4.016E+00  2.619E+01  2.476E+01  1.051E+01  2.517E+20 -3.087E-02 -4.142E-02  8.179E-02  5.012E-01  6.353E-01  4.576E-01  2.260E+01  2.048E+01  2.028E+01  3.070E+01  2.763E+01  3.133E+01  4.059E+01
 292  03 10 06  1.200E+22  9.077E+00  6.59450E-19  3.79453E-01  2.21013E+01  5.74634E+03  2.78587E-02  8.89549E+00  9.42237E+00  8.610E+00  3.936E-01  5.341E-01  8.653E+00  3.986E-01  4.578E-01  8.832E+00  3.506E-01  1.384E-03  8.859E+00  3.581E-01  1.104E-03  1.220E+22 -1.760E+00 -2.302E+00  3.990E+00  2.224E+01  2.212E+01  1.001E+01  2.472E+20 -3.211E-02 -4.111E-02  1.111E-01  5.861E-01  7.101E-01  4.943E-01  2.942E+01  2.892E+01  2.815E+01  3.666E+01  3.342E+01  3.567E+01  4.340E+01  1.247E+22 -1.760E+00 -2.302E+00  4.358E+00  2.325E+01  2.294E+01  1.034E+01  2.533E+20 -3.208E-02 -4.109E-02  1.191E-01  6.111E-01  7.357E-01  5.104E-01  2.949E+01  2.892E+01  2.815E+01  3.627E+01  3.338E+01  3.566E+01  4.340E+01
 293  03 10 07  1.200E+22  9.577E+00  1.70120E-19  3.79260E-01  3.07181E+01  7.98670E+03  3.87201E-02  9.23084E+00  9.53100E+00  8.981E+00  3.678E-01  2.586E-01  9.030E+00  3.837E-01  2.106E-01  9.146E+00  3.394E-01  1.072E-03  9.180E+00  3.569E-01  8.205E-04  5.930E+21 -8.418E-01 -1.027E+00  3.399E+00  1.531E+01  1.598E+01  8.206E+00  2.385E+20 -3.266E-02 -3.864E-02  1.635E-01  7.101E-01  8.076E-01  5.378E-01  4.389E+01  4.466E+01  4.336E+01  4.953E+01  4.650E+01  4.653E+01  5.093E+01  6.235E+21 -8.418E-01 -1.027E+00  3.827E+00  1.654E+01  1.712E+01  8.747E+00  2.516E+20 -3.262E-02 -3.862E-02  1.812E-01  7.647E-01  8.635E-01  5.727E-01  4.403E+01  4.465E+01  4.336E+01  4.908E+01  4.641E+01  4.649E+01  5.091E+01
 294  03 10 08  1.200E+22  9.875E+00  4.05760E-20  3.78945E-01  4.63071E+01  1.20398E+04  5.83700E-02  9.51176E+00  9.64335E+00  9.291E+00  3.423E-01  1.493E-01  9.345E+00  3.756E-01  1.116E-01  9.424E+00  3.219E-01  8.630E-04  9.461E+00  3.563E-01  6.098E-04  2.353E+21 -3.509E-01 -3.820E-01  2.067E+00  7.934E+00  8.326E+00  4.847E+00  2.265E+20 -3.312E-02 -3.526E-02  2.154E-01  8.116E-01  8.760E-01  5.624E-01  7.187E+01  7.270E+01  7.118E+01  7.577E+01  7.278E+01  7.122E+01  7.121E+01  2.633E+21 -3.509E-01 -3.820E-01  2.484E+00  9.137E+00  9.493E+00  5.491E+00  2.515E+20 -3.306E-02 -3.522E-02  2.516E-01  9.201E-01  9.860E-01  6.304E-01  7.151E+01  7.268E+01  7.117E+01  7.430E+01  7.209E+01  7.064E+01  7.076E+01
 295  03 11 03  1.200E+22  7.362E+00  2.04250E-17  5.82745E-01  3.78541E+01  9.84207E+03  4.77151E-02  8.79983E+00  9.62054E+00  8.660E+00  5.472E-01  3.959E-01  8.762E+00  5.662E-01  2.672E-01  8.852E+00  4.952E-01  6.890E-06  8.922E+00  5.217E-01  1.738E-05  2.452E+22 -2.935E+00 -5.662E+00  3.220E+00  2.646E+01  2.633E+01  1.235E+01  3.656E+20 -4.326E-02 -5.968E-02  1.658E-01  8.416E-01  1.011E+00  7.049E-01  1.942E+01  1.802E+01  1.513E+01  4.648E+01  3.137E+01  3.603E+01  4.556E+01  2.485E+22 -2.935E+00 -5.662E+00  3.691E+00  2.783E+01  2.763E+01  1.304E+01  3.872E+20 -4.325E-02 -5.968E-02  1.959E-01  9.334E-01  1.105E+00  7.629E-01  1.963E+01  1.802E+01  1.513E+01  4.801E+01  3.240E+01  3.689E+01  4.619E+01
 296  03 11 04  1.200E+22  7.806E+00  7.62360E-18  5.82507E-01  3.09546E+01  8.04819E+03  3.90182E-02  8.70649E+00  9.58015E+00  8.517E+00  5.779E-01  5.528E-01  8.589E+00  5.851E-01  4.239E-01  8.738E+00  5.136E-01  1.308E-04  8.785E+00  5.277E-01  3.015E-05  2.499E+22 -3.286E+00 -5.491E+00  3.467E+00  2.866E+01  2.896E+01  1.347E+01  3.745E+20 -4.470E-02 -6.138E-02  1.453E-01  8.013E-01  9.870E-01  6.992E-01  2.117E+01  1.955E+01  1.720E+01  4.404E+01  3.156E+01  3.525E+01  4.400E+01  2.528E+22 -3.286E+00 -5.491E+00  3.880E+00  2.983E+01  3.003E+01  1.398E+01  3.866E+20 -4.469E-02 -6.136E-02  1.623E-01  8.528E-01  1.039E+00  7.318E-01  2.133E+01  1.955E+01  1.720E+01  4.379E+01  3.207E+01  3.559E+01  4.422E+01
 297  03 11 05  1.200E+22  8.349E+00  2.55810E-18  5.82478E-01  2.65025E+01  6.89066E+03  3.34064E-02  8.70929E+00  9.48442E+00  8.446E+00  6.037E-01  6.954E-01  8.499E+00  6.076E-01  5.763E-01  8.691E+00  5.288E-01  6.840E-04  8.724E+00  5.387E-01  4.492E-04  2.174E+22 -3.254E+00 -4.437E+00  3.839E+00  2.895E+01  2.985E+01  1.397E+01  3.781E+20 -4.740E-02 -6.274E-02  1.376E-01  7.959E-01  9.918E-01  7.063E-01  2.474E+01  2.186E+01  2.164E+01  4.193E+01  3.302E+01  3.567E+01  4.379E+01  2.202E+22 -3.254E+00 -4.437E+00  4.224E+00  3.003E+01  3.080E+01  1.438E+01  3.867E+20 -4.738E-02 -6.272E-02  1.493E-01  8.316E-01  1.028E+00  7.291E-01  2.489E+01  2.186E+01  2.164E+01  4.155E+01  3.321E+01  3.580E+01  4.386E+01
 298  03 11 06  1.200E+22  8.901E+00  8.38520E-19  5.82653E-01  2.77532E+01  7.21584E+03  3.49829E-02  8.86324E+00  9.48199E+00  8.575E+00  5.989E-01  5.641E-01  8.629E+00  6.080E-01  4.666E-01  8.802E+00  5.317E-01  1.167E-03  8.836E+00  5.457E-01  8.591E-04  1.514E+22 -2.145E+00 -2.862E+00  4.094E+00  2.567E+01  2.723E+01  1.335E+01  3.755E+20 -4.859E-02 -6.268E-02  1.617E-01  8.693E-01  1.059E+00  7.411E-01  3.158E+01  3.041E+01  2.960E+01  4.423E+01  3.806E+01  3.947E+01  4.616E+01  1.546E+22 -2.145E+00 -2.862E+00  4.520E+00  2.690E+01  2.834E+01  1.386E+01  3.869E+20 -4.857E-02 -6.267E-02  1.764E-01  9.156E-01  1.107E+00  7.710E-01  3.181E+01  3.041E+01  2.960E+01  4.394E+01  3.822E+01  3.959E+01  4.622E+01
 299  03 11 07  1.200E+22  9.416E+00  2.38660E-19  5.82383E-01  3.47949E+01  9.04666E+03  4.38589E-02  9.13422E+00  9.49970E+00  8.884E+00  5.793E-01  3.071E-01  8.925E+00  5.936E-01  2.597E-01  9.060E+00  5.307E-01  1.083E-03  9.087E+00  5.475E-01  1.372E-03  8.223E+21 -1.135E+00 -1.435E+00  3.886E+00  1.919E+01  2.077E+01  1.121E+01  3.734E+20 -4.968E-02 -6.046E-02  2.298E-01  1.046E+00  1.210E+00  8.154E-01  4.579E+01  4.598E+01  4.439E+01  5.552E+01  5.053E+01  5.016E+01  5.391E+01  8.485E+21 -1.135E+00 -1.435E+00  4.262E+00  2.027E+01  2.178E+01  1.171E+01  3.864E+20 -4.965E-02 -6.044E-02  2.479E-01  1.101E+00  1.266E+00  8.502E-01  4.597E+01  4.598E+01  4.439E+01  5.496E+01  5.045E+01  5.012E+01  5.388E+01
 300  03 11 08  1.200E+22  9.781E+00  5.94680E-20  5.82618E-01  4.96084E+01  1.28982E+04  6.25313E-02  9.42334E+00  9.60554E+00  9.195E+00  5.423E-01  1.753E-01  9.247E+00  5.814E-01  1.364E-01  9.336E+00  5.074E-01  1.157E-03  9.372E+00  5.484E-01  6.957E-04  3.500E+21 -5.016E-01 -5.741E-01  2.669E+00  1.088E+01  1.166E+01  6.905E+00  3.570E+20 -5.059E-02 -5.609E-02  3.075E-01  1.208E+00  1.325E+00  8.605E-01  7.290E+01  7.384E+01  7.181E+01  7.974E+01  7.560E+01  7.390E+01  7.390E+01  3.788E+21 -5.016E-01 -5.741E-01  3.092E+00  1.212E+01  1.287E+01  7.584E+00  3.870E+20 -5.054E-02 -5.605E-02  3.501E-01  1.337E+00  1.456E+00  9.415E-01  7.310E+01  7.384E+01  7.181E+01  7.882E+01  7.533E+01  7.375E+01  7.376E+01
 301  03 11 09  1.200E+22  9.970E+00  1.42640E-20  5.82552E-01  7.52220E+01  1.95577E+04  9.48171E-02  9.62791E+00  9.70951E+00  9.399E+00  4.769E-01  1.384E-01  9.475E+00  5.737E-01  8.652E-02  9.529E+00  4.493E-01  1.420E-03  9.579E+00  5.476E-01  5.578E-04  1.250E+21 -2.048E-01 -2.090E-01  1.250E+00  4.624E+00  4.872E+00  2.990E+00  3.160E+20 -5.112E-02 -5.127E-02  3.361E-01  1.213E+00  1.285E+00  8.138E-01  1.196E+02  1.197E+02  1.178E+02  1.252E+02  1.209E+02  1.183E+02  1.158E+02  1.546E+21 -2.048E-01 -2.090E-01  1.698E+00  5.930E+00  6.168E+00  3.762E+00  3.871E+20 -5.103E-02 -5.119E-02  4.403E-01  1.525E+00  1.600E+00  1.008E+00  1.188E+02  1.197E+02  1.178E+02  1.217E+02  1.193E+02  1.171E+02  1.148E+02
 302  03 12 03  1.200E+22  7.390E+00  1.88790E-17  8.94669E-01  6.13725E+01  1.59569E+04  7.73600E-02  9.02592E+00  9.66454E+00  8.860E+00  7.971E-01  2.840E-01  8.990E+00  8.622E-01  1.673E-01  9.029E+00  7.325E-01  6.384E-05  9.123E+00  8.082E-01  1.149E-07  2.520E+22 -2.895E+00 -5.738E+00  3.467E+00  2.803E+01  2.834E+01  1.383E+01  5.360E+20 -6.873E-02 -8.843E-02  3.083E-01  1.414E+00  1.640E+00  1.114E+00  1.995E+01  1.914E+01  1.550E+01  5.318E+01  3.353E+01  3.893E+01  5.042E+01  2.554E+22 -2.895E+00 -5.738E+00  3.966E+00  2.949E+01  2.978E+01  1.469E+01  5.944E+20 -6.872E-02 -8.842E-02  3.916E-01  1.666E+00  1.896E+00  1.272E+00  2.017E+01  1.914E+01  1.550E+01  5.756E+01  3.496E+01  4.041E+01  5.222E+01
 303  03 12 04  1.200E+22  7.786E+00  7.75610E-18  8.94533E-01  5.33004E+01  1.38581E+04  6.71851E-02  8.93574E+00  9.64527E+00  8.762E+00  8.329E-01  3.365E-01  8.869E+00  8.733E-01  2.198E-01  8.943E+00  7.597E-01  1.023E-04  9.018E+00  8.109E-01  6.727E-06  2.578E+22 -3.192E+00 -5.602E+00  3.641E+00  3.011E+01  3.116E+01  1.538E+01  5.537E+20 -6.999E-02 -9.089E-02  2.861E-01  1.378E+00  1.627E+00  1.119E+00  2.175E+01  2.077E+01  1.751E+01  5.297E+01  3.462E+01  3.926E+01  4.967E+01  2.610E+22 -3.192E+00 -5.602E+00  4.111E+00  3.148E+01  3.250E+01  1.616E+01  5.942E+20 -6.997E-02 -9.087E-02  3.437E-01  1.552E+00  1.804E+00  1.228E+00  2.196E+01  2.077E+01  1.751E+01  5.493E+01  3.575E+01  4.038E+01  5.083E+01
 304  03 12 05  1.200E+22  8.278E+00  2.77180E-18  8.94371E-01  4.31498E+01  1.12189E+04  5.43902E-02  8.87105E+00  9.58104E+00  8.663E+00  8.811E-01  4.243E-01  8.731E+00  8.991E-01  3.266E-01  8.862E+00  7.946E-01  3.527E-04  8.908E+00  8.213E-01  1.723E-04  2.332E+22 -3.351E+00 -4.707E+00  4.031E+00  3.109E+01  3.323E+01  1.686E+01  5.720E+20 -7.285E-02 -9.364E-02  2.672E-01  1.359E+00  1.633E+00  1.135E+00  2.580E+01  2.288E+01  2.219E+01  5.379E+01  3.803E+01  4.133E+01  4.962E+01  2.360E+22 -3.351E+00 -4.707E+00  4.441E+00  3.227E+01  3.438E+01  1.748E+01  5.939E+20 -7.281E-02 -9.361E-02  2.981E-01  1.453E+00  1.728E+00  1.193E+00  2.603E+01  2.288E+01  2.219E+01  5.474E+01  3.886E+01  4.196E+01  5.006E+01
 305  03 12 06  1.200E+22  8.772E+00  9.91340E-19  8.94607E-01  3.89494E+01  1.01268E+04  4.90956E-02  8.91245E+00  9.52948E+00  8.667E+00  9.051E-01  4.460E-01  8.712E+00  9.167E-01  3.757E-01  8.872E+00  8.142E-01  7.935E-04  8.901E+00  8.320E-01  5.824E-04  1.758E+22 -2.440E+00 -3.296E+00  4.343E+00  2.873E+01  3.160E+01  1.674E+01  5.785E+20 -7.415E-02 -9.475E-02  2.755E-01  1.402E+00  1.683E+00  1.166E+00  3.325E+01  3.123E+01  3.032E+01  5.606E+01  4.423E+01  4.555E+01  5.166E+01  1.783E+22 -2.440E+00 -3.296E+00  4.702E+00  2.975E+01  3.257E+01  1.724E+01  5.930E+20 -7.408E-02 -9.470E-02  2.960E-01  1.464E+00  1.746E+00  1.205E+00  3.351E+01  3.123E+01  3.032E+01  5.588E+01  4.462E+01  4.581E+01  5.181E+01
 306  03 12 07  1.200E+22  9.264E+00  3.13400E-19  8.94251E-01  4.25813E+01  1.10711E+04  5.36737E-02  9.08686E+00  9.53694E+00  8.836E+00  8.925E-01  3.344E-01  8.878E+00  9.120E-01  2.817E-01  9.018E+00  8.144E-01  1.044E-03  9.047E+00  8.386E-01  8.160E-04  1.055E+22 -1.432E+00 -1.855E+00  4.223E+00  2.262E+01  2.516E+01  1.423E+01  5.740E+20 -7.562E-02 -9.323E-02  3.341E-01  1.559E+00  1.817E+00  1.232E+00  4.734E+01  4.693E+01  4.517E+01  6.431E+01  5.601E+01  5.554E+01  5.899E+01  1.081E+22 -1.432E+00 -1.855E+00  4.598E+00  2.370E+01  2.621E+01  1.478E+01  5.929E+20 -7.556E-02 -9.318E-02  3.604E-01  1.638E+00  1.898E+00  1.282E+00  4.775E+01  4.693E+01  4.517E+01  6.390E+01  5.625E+01  5.573E+01  5.909E+01
 307  03 12 08  1.200E+22  9.666E+00  8.53650E-20  8.94451E-01  5.52731E+01  1.43710E+04  6.96717E-02  9.33799E+00  9.57442E+00  9.099E+00  8.476E-01  2.103E-01  9.153E+00  8.993E-01  1.650E-01  9.251E+00  7.883E-01  1.008E-03  9.289E+00  8.434E-01  7.455E-04  4.975E+21 -6.940E-01 -8.295E-01  3.234E+00  1.414E+01  1.549E+01  9.323E+00  5.544E+20 -7.727E-02 -8.862E-02  4.314E-01  1.772E+00  1.975E+00  1.297E+00  7.347E+01  7.460E+01  7.196E+01  8.521E+01  7.930E+01  7.764E+01  7.795E+01  5.280E+21 -6.940E-01 -8.295E-01  3.676E+00  1.544E+01  1.678E+01  1.007E+01  5.951E+20 -7.718E-02 -8.854E-02  4.881E-01  1.945E+00  2.151E+00  1.406E+00  7.438E+01  7.460E+01  7.196E+01  8.499E+01  7.976E+01  7.810E+01  7.826E+01
 308  03 12 09  1.200E+22  9.908E+00  2.14170E-20  8.93895E-01  7.95953E+01  2.06948E+04  1.00330E-01  9.56159E+00  9.66547E+00  9.331E+00  7.674E-01  1.483E-01  9.401E+00  8.845E-01  1.009E-01  9.466E+00  7.220E-01  9.590E-04  9.513E+00  8.412E-01  6.172E-04  1.955E+21 -2.986E-01 -3.190E-01  1.798E+00  6.858E+00  7.314E+00  4.518E+00  5.077E+20 -7.799E-02 -8.130E-02  5.039E-01  1.869E+00  2.003E+00  1.279E+00  1.182E+02  1.201E+02  1.175E+02  1.260E+02  1.215E+02  1.194E+02  1.174E+02  2.267E+21 -2.986E-01 -3.190E-01  2.263E+00  8.222E+00  8.675E+00  5.334E+00  5.943E+20 -7.793E-02 -8.125E-02  6.284E-01  2.245E+00  2.384E+00  1.514E+00  1.196E+02  1.201E+02  1.175E+02  1.252E+02  1.219E+02  1.199E+02  1.178E+02
 309  03 13 04  1.200E+22  7.786E+00  7.64200E-18  1.37356E+00  8.83887E+01  2.29811E+04  1.11414E-01  9.14877E+00  9.68738E+00  8.934E+00  1.192E+00  2.683E-01  9.085E+00  1.331E+00  1.431E-01  9.101E+00  1.098E+00  2.165E-04  9.210E+00  1.254E+00  3.302E-05  2.619E+22 -3.103E+00 -5.635E+00  4.000E+00  3.158E+01  3.273E+01  1.642E+01  7.943E+20 -1.093E-01 -1.337E-01  5.022E-01  2.228E+00  2.550E+00  1.713E+00  2.212E+01  2.173E+01  1.775E+01  5.684E+01  3.572E+01  4.085E+01  5.269E+01  2.652E+22 -3.103E+00 -5.635E+00  4.501E+00  3.304E+01  3.419E+01  1.731E+01  9.128E+20 -1.093E-01 -1.337E-01  6.737E-01  2.744E+00  3.073E+00  2.036E+00  2.235E+01  2.173E+01  1.775E+01  6.209E+01  3.729E+01  4.232E+01  5.477E+01
 310  03 13 05  1.200E+22  8.225E+00  2.99840E-18  1.37345E+00  7.50804E+01  1.95209E+04  9.46387E-02  9.06964E+00  9.66746E+00  8.861E+00  1.265E+00  2.950E-01  8.974E+00  1.348E+00  1.863E-01  9.034E+00  1.160E+00  2.894E-04  9.114E+00  1.259E+00  8.637E-05  2.424E+22 -3.294E+00 -4.878E+00  4.206E+00  3.233E+01  3.480E+01  1.810E+01  8.359E+20 -1.120E-01 -1.378E-01  4.894E-01  2.246E+00  2.606E+00  1.767E+00  2.594E+01  2.373E+01  2.215E+01  6.019E+01  3.998E+01  4.380E+01  5.418E+01  2.455E+22 -3.294E+00 -4.878E+00  4.671E+00  3.369E+01  3.615E+01  1.891E+01  9.123E+20 -1.120E-01 -1.378E-01  5.998E-01  2.578E+00  2.942E+00  1.974E+00  2.622E+01  2.373E+01  2.215E+01  6.408E+01  4.134E+01  4.508E+01  5.576E+01
 311  03 13 06  1.200E+22  8.699E+00  1.08340E-18  1.37354E+00  6.17218E+01  1.60477E+04  7.78002E-02  9.03702E+00  9.60421E+00  8.804E+00  1.326E+00  3.402E-01  8.884E+00  1.378E+00  2.484E-01  8.987E+00  1.209E+00  5.944E-04  9.042E+00  1.274E+00  3.291E-04  1.895E+22 -2.605E+00 -3.545E+00  4.465E+00  3.036E+01  3.386E+01  1.858E+01  8.617E+20 -1.140E-01 -1.415E-01  4.782E-01  2.263E+00  2.653E+00  1.809E+00  3.389E+01  3.172E+01  3.069E+01  6.470E+01  4.771E+01  4.995E+01  5.810E+01  1.925E+22 -2.605E+00 -3.545E+00  4.914E+00  3.167E+01  3.516E+01  1.935E+01  9.125E+20 -1.139E-01 -1.414E-01  5.499E-01  2.481E+00  2.874E+00  1.945E+00  3.431E+01  3.172E+01  3.069E+01  6.729E+01  4.914E+01  5.115E+01  5.921E+01
 312  03 13 07  1.200E+22  9.149E+00  3.76110E-19  1.37304E+00  5.80350E+01  1.50891E+04  7.31530E-02  9.10855E+00  9.57312E+00  8.860E+00  1.347E+00  3.188E-01  8.919E+00  1.393E+00  2.516E-01  9.039E+00  1.232E+00  9.232E-04  9.080E+00  1.287E+00  6.491E-04  1.242E+22 -1.667E+00 -2.193E+00  4.438E+00  2.514E+01  2.845E+01  1.655E+01  8.702E+20 -1.157E-01 -1.419E-01  5.191E-01  2.392E+00  2.777E+00  1.878E+00  4.808E+01  4.756E+01  4.564E+01  7.354E+01  6.079E+01  6.117E+01  6.615E+01  1.271E+22 -1.667E+00 -2.193E+00  4.865E+00  2.640E+01  2.969E+01  1.727E+01  9.125E+20 -1.156E-01 -1.418E-01  5.781E-01  2.571E+00  2.960E+00  1.991E+00  4.884E+01  4.756E+01  4.564E+01  7.500E+01  6.215E+01  6.226E+01  6.694E+01
 313  03 13 08  1.200E+22  9.553E+00  1.13090E-19  1.37330E+00  6.63560E+01  1.72526E+04  8.36416E-02  9.28787E+00  9.59442E+00  9.045E+00  1.314E+00  2.311E-01  9.100E+00  1.382E+00  1.821E-01  9.203E+00  1.217E+00  1.007E-03  9.242E+00  1.292E+00  7.415E-04  6.549E+21 -8.915E-01 -1.098E+00  3.731E+00  1.729E+01  1.929E+01  1.177E+01  8.567E+20 -1.175E-01 -1.373E-01  6.292E-01  2.650E+00  2.980E+00  1.970E+00  7.423E+01  7.542E+01  7.228E+01  9.254E+01  8.408E+01  8.291E+01  8.443E+01  6.844E+21 -8.915E-01 -1.098E+00  4.162E+00  1.855E+01  2.055E+01  1.252E+01  9.120E+20 -1.174E-01 -1.372E-01  7.068E-01  2.885E+00  3.220E+00  2.118E+00  7.560E+01  7.542E+01  7.228E+01  9.357E+01  8.549E+01  8.413E+01  8.529E+01
 314  03 13 09  1.200E+22  9.832E+00  3.09270E-20  1.37255E+00  8.78724E+01  2.28468E+04  1.10763E-01  9.49429E+00  9.63766E+00  9.261E+00  1.226E+00  1.630E-01  9.326E+00  1.364E+00  1.172E-01  9.400E+00  1.150E+00  9.436E-04  9.445E+00  1.292E+00  6.395E-04  2.883E+21 -4.177E-01 -4.666E-01  2.387E+00  9.496E+00  1.028E+01  6.406E+00  8.087E+20 -1.190E-01 -1.285E-01  7.468E-01  2.853E+00  3.094E+00  1.992E+00  1.178E+02  1.207E+02  1.171E+02  1.295E+02  1.240E+02  1.224E+02  1.215E+02  3.192E+21 -4.177E-01 -4.666E-01  2.845E+00  1.084E+01  1.163E+01  7.218E+00  9.124E+20 -1.189E-01 -1.284E-01  8.949E-01  3.301E+00  3.548E+00  2.274E+00  1.204E+02  1.207E+02  1.171E+02  1.309E+02  1.261E+02  1.243E+02  1.229E+02
 315  03 13 10  1.200E+22  9.990E+00  7.56340E-21  1.37246E+00  1.28653E+02  3.34498E+04  1.62167E-01  9.65916E+00  9.71209E+00  9.408E+00  1.027E+00  1.531E-01  9.509E+00  1.350E+00  8.089E-02  9.547E+00  9.654E-01  1.052E-03  9.611E+00  1.291E+00  5.064E-04  1.003E+21 -1.742E-01 -1.749E-01  1.024E+00  3.783E+00  4.004E+00  2.503E+00  6.773E+20 -1.200E-01 -1.185E-01  7.294E-01  2.633E+00  2.781E+00  1.757E+00  1.910E+02  1.963E+02  1.937E+02  1.998E+02  1.951E+02  1.934E+02  1.914E+02  1.323E+21 -1.742E-01 -1.749E-01  1.509E+00  5.205E+00  5.429E+00  3.371E+00  9.121E+20 -1.199E-01 -1.184E-01  1.073E+00  3.665E+00  3.824E+00  2.400E+00  1.960E+02  1.963E+02  1.937E+02  2.009E+02  1.984E+02  1.968E+02  1.943E+02
 316  03 14 05  1.200E+22  8.217E+00  3.00380E-18  2.10862E+00  1.26387E+02  3.28607E+04  1.59311E-01  9.25585E+00  9.70467E+00  8.989E+00  1.760E+00  2.710E-01  9.168E+00  2.052E+00  1.269E-01  9.159E+00  1.620E+00  4.560E-04  9.288E+00  1.940E+00  1.021E-04  2.452E+22 -3.211E+00 -4.905E+00  4.555E+00  3.357E+01  3.597E+01  1.881E+01  1.161E+21 -1.727E-01 -2.016E-01  7.888E-01  3.423E+00  3.878E+00  2.582E+00  2.621E+01  2.458E+01  2.233E+01  6.195E+01  4.049E+01  4.480E+01  5.606E+01  2.485E+22 -3.211E+00 -4.905E+00  5.059E+00  3.504E+01  3.744E+01  1.971E+01  1.400E+21 -1.727E-01 -2.015E-01  1.139E+00  4.473E+00  4.939E+00  3.236E+00  2.652E+01  2.458E+01  2.233E+01  6.762E+01  4.210E+01  4.635E+01  5.821E+01
 317  03 14 06  1.200E+22  8.661E+00  1.13360E-18  2.10888E+00  1.05729E+02  2.74894E+04  1.33271E-01  9.19899E+00  9.68396E+00  8.950E+00  1.895E+00  2.737E-01  9.077E+00  2.080E+00  1.611E-01  9.119E+00  1.745E+00  5.680E-04  9.210E+00  1.952E+00  2.221E-04  1.968E+22 -2.681E+00 -3.662E+00  4.748E+00  3.175E+01  3.537E+01  1.958E+01  1.244E+21 -1.750E-01 -2.080E-01  8.124E-01  3.583E+00  4.092E+00  2.739E+00  3.414E+01  3.190E+01  3.083E+01  6.862E+01  4.913E+01  5.177E+01  6.120E+01  2.000E+22 -2.681E+00 -3.662E+00  5.228E+00  3.315E+01  3.678E+01  2.044E+01  1.401E+21 -1.749E-01 -2.079E-01  1.041E+00  4.269E+00  4.787E+00  3.168E+00  3.461E+01  3.190E+01  3.083E+01  7.356E+01  5.109E+01  5.342E+01  6.320E+01
 318  03 14 07  1.200E+22  9.075E+00  4.20270E-19  2.10903E+00  8.94727E+01  2.32629E+04  1.12780E-01  9.19664E+00  9.63295E+00  8.949E+00  1.987E+00  2.729E-01  9.034E+00  2.111E+00  1.920E-01  9.118E+00  1.829E+00  8.042E-04  9.178E+00  1.970E+00  4.750E-04  1.368E+22 -1.817E+00 -2.411E+00  4.701E+00  2.707E+01  3.079E+01  1.810E+01  1.295E+21 -1.771E-01 -2.119E-01  8.515E-01  3.755E+00  4.291E+00  2.871E+00  4.830E+01  4.768E+01  4.564E+01  7.909E+01  6.341E+01  6.419E+01  7.118E+01  1.399E+22 -1.817E+00 -2.411E+00  5.157E+00  2.841E+01  3.213E+01  1.891E+01  1.402E+21 -1.770E-01 -2.118E-01  1.004E+00  4.214E+00  4.757E+00  3.159E+00  4.922E+01  4.768E+01  4.564E+01  8.343E+01  6.568E+01  6.614E+01  7.316E+01
 319  03 14 08  1.200E+22  9.464E+00  1.35940E-19  2.10898E+00  8.80260E+01  2.28867E+04  1.10957E-01  9.29130E+00  9.62031E+00  9.044E+00  1.993E+00  2.342E-01  9.111E+00  2.118E+00  1.756E-01  9.203E+00  1.846E+00  9.744E-04  9.250E+00  1.983E+00  6.694E-04  7.852E+21 -1.053E+00 -1.321E+00  4.097E+00  1.973E+01  2.227E+01  1.372E+01  1.300E+21 -1.795E-01 -2.097E-01  9.529E-01  4.017E+00  4.518E+00  2.986E+00  7.484E+01  7.624E+01  7.266E+01  9.884E+01  8.792E+01  8.725E+01  9.102E+01  8.157E+21 -1.053E+00 -1.321E+00  4.546E+00  2.105E+01  2.359E+01  1.452E+01  1.402E+21 -1.795E-01 -2.096E-01  1.097E+00  4.455E+00  4.963E+00  3.262E+00  7.671E+01  7.624E+01  7.266E+01  1.028E+02  9.092E+01  8.987E+01  9.333E+01
 320  03 14 09  1.200E+22  9.752E+00  4.17040E-20  2.10878E+00  1.03796E+02  2.69870E+04  1.30835E-01  9.44842E+00  9.64623E+00  9.207E+00  1.901E+00  1.802E-01  9.276E+00  2.101E+00  1.292E-01  9.351E+00  1.778E+00  9.680E-04  9.400E+00  1.985E+00  6.490E-04  3.895E+21 -5.473E-01 -6.339E-01  2.896E+00  1.205E+01  1.326E+01  8.333E+00  1.250E+21 -1.816E-01 -2.004E-01  1.091E+00  4.272E+00  4.673E+00  3.029E+00  1.172E+02  1.213E+02  1.165E+02  1.337E+02  1.266E+02  1.253E+02  1.263E+02  4.214E+21 -5.473E-01 -6.339E-01  3.365E+00  1.344E+01  1.465E+01  9.180E+00  1.401E+21 -1.815E-01 -2.003E-01  1.306E+00  4.924E+00  5.337E+00  3.439E+00  1.212E+02  1.213E+02  1.165E+02  1.387E+02  1.312E+02  1.295E+02  1.299E+02
 321  03 14 10  1.200E+22  9.942E+00  1.09230E-20  2.10678E+00  1.41034E+02  3.66688E+04  1.77773E-01  9.61247E+00  9.69186E+00  9.367E+00  1.678E+00  1.524E-01  9.457E+00  2.078E+00  9.014E-02  9.504E+00  1.578E+00  9.802E-04  9.563E+00  1.982E+00  5.336E-04  1.544E+21 -2.450E-01 -2.557E-01  1.488E+00  5.597E+00  5.979E+00  3.761E+00  1.108E+21 -1.832E-01 -1.864E-01  1.142E+00  4.186E+00  4.456E+00  2.831E+00  1.884E+02  1.973E+02  1.932E+02  1.983E+02  1.940E+02  1.928E+02  1.923E+02  1.871E+21 -2.450E-01 -2.557E-01  1.979E+00  7.044E+00  7.432E+00  4.648E+00  1.400E+21 -1.831E-01 -1.863E-01  1.565E+00  5.462E+00  5.747E+00  3.628E+00  1.971E+02  1.973E+02  1.932E+02  2.063E+02  2.024E+02  2.008E+02  1.996E+02
 322  03 15 06  1.200E+22  8.595E+00  1.29240E-18  3.23762E+00  1.83656E+02  4.77505E+04  2.31498E-01  9.36308E+00  9.72146E+00  9.026E+00  2.516E+00  3.021E-01  9.255E+00  3.164E+00  1.129E-01  9.208E+00  2.306E+00  8.526E-04  9.370E+00  3.000E+00  1.892E-04  2.063E+22 -2.809E+00 -3.851E+00  5.124E+00  3.345E+01  3.678E+01  2.018E+01  1.635E+21 -2.687E-01 -3.025E-01  1.172E+00  5.034E+00  5.656E+00  3.737E+00  3.316E+01  3.066E+01  2.969E+01  6.711E+01  4.758E+01  5.112E+01  6.154E+01  2.097E+22 -2.809E+00 -3.851E+00  5.637E+00  3.495E+01  3.829E+01  2.110E+01  2.151E+21 -2.685E-01 -3.024E-01  1.930E+00  7.304E+00  7.948E+00  5.149E+00  3.364E+01  3.066E+01  2.969E+01  7.361E+01  4.974E+01  5.298E+01  6.390E+01
 323  03 15 07  1.200E+22  9.026E+00  4.56250E-19  3.23766E+00  1.52213E+02  3.95753E+04  1.91864E-01  9.32573E+00  9.70095E+00  9.036E+00  2.774E+00  2.621E-01  9.187E+00  3.199E+00  1.374E-01  9.205E+00  2.558E+00  8.634E-04  9.312E+00  3.017E+00  3.414E-04  1.450E+22 -1.912E+00 -2.541E+00  5.147E+00  2.890E+01  3.256E+01  1.907E+01  1.809E+21 -2.709E-01 -3.112E-01  1.311E+00  5.572E+00  6.264E+00  4.140E+00  4.778E+01  4.711E+01  4.516E+01  7.869E+01  6.313E+01  6.461E+01  7.266E+01  1.483E+22 -1.912E+00 -2.541E+00  5.644E+00  3.035E+01  3.402E+01  1.996E+01  2.151E+21 -2.708E-01 -3.111E-01  1.809E+00  7.069E+00  7.778E+00  5.075E+00  4.879E+01  4.711E+01  4.516E+01  8.518E+01  6.602E+01  6.714E+01  7.544E+01
 324  03 15 08  1.200E+22  9.394E+00  1.57000E-19  3.23705E+00  1.31320E+02  3.41432E+04  1.65529E-01  9.34536E+00  9.66638E+00  9.082E+00  2.917E+00  2.301E-01  9.180E+00  3.227E+00  1.496E-01  9.241E+00  2.703E+00  9.557E-04  9.311E+00  3.035E+00  5.451E-04  8.904E+21 -1.181E+00 -1.496E+00  4.475E+00  2.182E+01  2.467E+01  1.522E+01  1.904E+21 -2.740E-01 -3.143E-01  1.454E+00  6.035E+00  6.739E+00  4.432E+00  7.403E+01  7.574E+01  7.191E+01  1.009E+02  8.884E+01  8.858E+01  9.364E+01  9.226E+21 -1.181E+00 -1.496E+00  4.955E+00  2.323E+01  2.608E+01  1.609E+01  2.151E+21 -2.739E-01 -3.142E-01  1.808E+00  7.102E+00  7.821E+00  5.101E+00  7.623E+01  7.574E+01  7.191E+01  1.086E+02  9.328E+01  9.244E+01  9.740E+01
 325  03 15 09  1.200E+22  9.683E+00  5.13470E-20  3.23789E+00  1.34693E+02  3.50201E+04  1.69780E-01  9.44020E+00  9.66199E+00  9.188E+00  2.886E+00  1.913E-01  9.270E+00  3.225E+00  1.304E-01  9.336E+00  2.693E+00  9.959E-04  9.394E+00  3.046E+00  6.266E-04  4.809E+21 -6.611E-01 -7.822E-01  3.340E+00  1.428E+01  1.584E+01  1.001E+01  1.893E+21 -2.772E-01 -3.074E-01  1.621E+00  6.408E+00  7.030E+00  4.564E+00  1.168E+02  1.219E+02  1.163E+02  1.379E+02  1.293E+02  1.279E+02  1.301E+02  5.130E+21 -6.611E-01 -7.822E-01  3.817E+00  1.569E+01  1.725E+01  1.088E+01  2.152E+21 -2.771E-01 -3.074E-01  1.991E+00  7.527E+00  8.165E+00  5.266E+00  1.218E+02  1.219E+02  1.163E+02  1.469E+02  1.362E+02  1.343E+02  1.361E+02
 326  03 15 10  1.200E+22  9.889E+00  1.49300E-20  3.23736E+00  1.64154E+02  4.26800E+04  2.06915E-01  9.57475E+00  9.68836E+00  9.324E+00  2.647E+00  1.617E-01  9.415E+00  3.201E+00  9.848E-02  9.464E+00  2.483E+00  9.945E-04  9.535E+00  3.035E+00  1.137E-03  2.172E+21 -3.260E-01 -3.520E-01  1.967E+00  7.572E+00  8.163E+00  5.162E+00  1.743E+21 -2.800E-01 -2.914E-01  1.721E+00  6.421E+00  6.884E+00  4.396E+00  1.861E+02  1.980E+02  1.923E+02  1.978E+02  1.936E+02  1.925E+02  1.930E+02  2.506E+21 -3.260E-01 -3.520E-01  2.466E+00  9.043E+00  9.643E+00  6.069E+00  2.152E+21 -2.798E-01 -2.913E-01  2.308E+00  8.197E+00  8.683E+00  5.508E+00  1.977E+02  1.980E+02  1.923E+02  2.125E+02  2.065E+02  2.048E+02  2.048E+02
 327  03 16 07  1.200E+22  8.981E+00  5.01840E-19  4.97141E+00  2.64313E+02  6.87214E+04  3.33166E-01  9.45551E+00  9.73524E+00  9.016E+00  3.457E+00  3.972E-01  9.329E+00  4.877E+00  1.039E-01  9.225E+00  3.127E+00  1.625E-03  9.441E+00  4.634E+00  2.884E-04  1.521E+22 -1.996E+00 -2.665E+00  5.496E+00  3.063E+01  3.420E+01  1.980E+01  2.192E+21 -4.153E-01 -4.541E-01  1.578E+00  6.905E+00  7.742E+00  5.096E+00  4.670E+01  4.602E+01  4.407E+01  7.502E+01  6.029E+01  6.293E+01  7.207E+01  1.555E+22 -1.996E+00 -2.665E+00  6.024E+00  3.218E+01  3.574E+01  2.075E+01  3.304E+21 -4.151E-01 -4.539E-01  3.218E+00  1.182E+01  1.270E+01  8.147E+00  4.765E+01  4.602E+01  4.407E+01  8.307E+01  6.347E+01  6.557E+01  7.514E+01
 328  03 16 08  1.200E+22  9.338E+00  1.78860E-19  4.97208E+00  2.20829E+02  5.74155E+04  2.78354E-01  9.44011E+00  9.71765E+00  9.104E+00  3.929E+00  2.701E-01  9.292E+00  4.916E+00  1.177E-01  9.278E+00  3.618E+00  1.206E-03  9.410E+00  4.656E+00  4.204E-04  9.740E+21 -1.280E+00 -1.632E+00  4.906E+00  2.385E+01  2.678E+01  1.639E+01  2.541E+21 -4.190E-01 -4.636E-01  1.998E+00  8.280E+00  9.187E+00  6.008E+00  7.170E+01  7.339E+01  6.970E+01  9.906E+01  8.652E+01  8.687E+01  9.303E+01  1.008E+22 -1.280E+00 -1.632E+00  5.424E+00  2.537E+01  2.830E+01  1.732E+01  3.305E+21 -4.189E-01 -4.635E-01  3.113E+00  1.163E+01  1.258E+01  8.098E+00  7.405E+01  7.339E+01  6.970E+01  1.086E+02  9.175E+01  9.137E+01  9.755E+01
 329  03 16 09  1.200E+22  9.635E+00  5.82800E-20  4.97034E+00  1.95929E+02  5.09416E+04  2.46969E-01  9.47674E+00  9.69488E+00  9.192E+00  4.139E+00  2.094E-01  9.314E+00  4.934E+00  1.185E-01  9.347E+00  3.849E+00  1.086E-03  9.433E+00  4.672E+00  5.448E-04  5.456E+21 -7.411E-01 -8.846E-01  3.723E+00  1.600E+01  1.775E+01  1.121E+01  2.702E+21 -4.234E-01 -4.632E-01  2.329E+00  9.226E+00  1.010E+01  6.549E+00  1.164E+02  1.224E+02  1.163E+02  1.383E+02  1.299E+02  1.290E+02  1.319E+02  5.797E+21 -7.411E-01 -8.846E-01  4.234E+00  1.751E+01  1.926E+01  1.214E+01  3.304E+21 -4.233E-01 -4.630E-01  3.196E+00  1.185E+01  1.276E+01  8.188E+00  1.223E+02  1.224E+02  1.163E+02  1.522E+02  1.393E+02  1.374E+02  1.401E+02
 330  03 16 10  1.200E+22  9.839E+00  1.89690E-20  4.97158E+00  2.08291E+02  5.41556E+04  2.62550E-01  9.56059E+00  9.69555E+00  9.292E+00  3.996E+00  1.778E-01  9.400E+00  4.921E+00  1.016E-01  9.438E+00  3.737E+00  1.047E-03  9.512E+00  4.678E+00  5.423E-04  2.786E+21 -4.041E-01 -4.482E-01  2.384E+00  9.389E+00  1.020E+01  6.482E+00  2.621E+21 -4.275E-01 -4.495E-01  2.509E+00  9.506E+00  1.024E+01  6.559E+00  1.833E+02  1.974E+02  1.894E+02  1.996E+02  1.938E+02  1.922E+02  1.931E+02  3.129E+21 -4.041E-01 -4.482E-01  2.896E+00  1.090E+01  1.172E+01  7.415E+00  3.304E+21 -4.274E-01 -4.494E-01  3.491E+00  1.248E+01  1.325E+01  8.420E+00  1.972E+02  1.974E+02  1.894E+02  2.208E+02  2.111E+02  2.085E+02  2.087E+02
 331  03 17 07  1.200E+22  9.015E+00  4.52560E-19  7.63427E+00  4.28416E+02  1.11388E+05  5.40017E-01  9.55948E+00  9.75253E+00  8.573E+00  3.786E+00  2.049E+00  9.430E+00  7.481E+00  8.933E-02  9.031E+00  3.002E+00  8.810E-03  9.536E+00  7.135E+00  3.253E-04  1.468E+22 -1.914E+00 -2.546E+00  5.691E+00  3.096E+01  3.466E+01  2.014E+01  2.023E+21 -6.371E-01 -6.672E-01  9.580E-01  5.785E+00  6.776E+00  4.550E+00  4.881E+01  4.809E+01  4.572E+01  7.452E+01  6.297E+01  6.489E+01  7.375E+01  1.504E+22 -1.914E+00 -2.546E+00  6.237E+00  3.255E+01  3.625E+01  2.112E+01  5.074E+21 -6.369E-01 -6.670E-01  5.488E+00  1.933E+01  2.043E+01  1.295E+01  4.998E+01  4.809E+01  4.572E+01  8.190E+01  6.597E+01  6.767E+01  7.694E+01
 332  03 17 08  1.200E+22  9.326E+00  1.81320E-19  7.63476E+00  3.79393E+02  9.86423E+04  4.78225E-01  9.54026E+00  9.74452E+00  8.933E+00  4.447E+00  6.749E-01  9.400E+00  7.510E+00  9.625E-02  9.204E+00  3.900E+00  3.596E-03  9.509E+00  7.150E+00  3.832E-04  9.919E+21 -1.296E+00 -1.652E+00  5.200E+00  2.504E+01  2.801E+01  1.701E+01  2.689E+21 -6.410E-01 -6.795E-01  1.814E+00  8.483E+00  9.571E+00  6.302E+00  7.220E+01  7.412E+01  7.069E+01  9.429E+01  8.376E+01  8.517E+01  9.258E+01  1.027E+22 -1.296E+00 -1.652E+00  5.742E+00  2.663E+01  2.960E+01  1.798E+01  5.074E+21 -6.408E-01 -6.794E-01  5.335E+00  1.904E+01  2.022E+01  1.286E+01  7.470E+01  7.412E+01  7.069E+01  1.060E+02  8.942E+01  8.991E+01  9.745E+01
 333  03 17 09  1.200E+22  9.596E+00  6.54130E-20  7.63286E+00  3.21048E+02  8.34724E+04  4.04680E-01  9.54296E+00  9.73060E+00  9.157E+00  5.333E+00  3.005E-01  9.391E+00  7.536E+00  1.011E-01  9.343E+00  4.888E+00  1.667E-03  9.502E+00  7.166E+00  4.664E-04  5.993E+21 -8.039E-01 -9.650E-01  4.110E+00  1.763E+01  1.949E+01  1.223E+01  3.410E+21 -6.463E-01 -6.864E-01  2.862E+00  1.168E+01  1.281E+01  8.301E+00  1.136E+02  1.197E+02  1.135E+02  1.362E+02  1.270E+02  1.264E+02  1.304E+02  6.341E+21 -8.039E-01 -9.650E-01  4.639E+00  1.918E+01  2.105E+01  1.319E+01  5.073E+21 -6.462E-01 -6.862E-01  5.299E+00  1.900E+01  2.021E+01  1.286E+01  1.196E+02  1.197E+02  1.135E+02  1.526E+02  1.375E+02  1.357E+02  1.394E+02
 334  03 17 10  1.200E+22  9.800E+00  2.21730E-20  7.63158E+00  2.96133E+02  7.69946E+04  3.73275E-01  9.58101E+00  9.71908E+00  9.269E+00  5.639E+00  2.140E-01  9.424E+00  7.541E+00  9.695E-02  9.429E+00  5.240E+00  1.282E-03  9.534E+00  7.178E+00  5.117E-04  3.268E+21 -4.634E-01 -5.217E-01  2.722E+00  1.083E+01  1.180E+01  7.506E+00  3.665E+21 -6.524E-01 -6.803E-01  3.441E+00  1.325E+01  1.430E+01  9.166E+00  1.811E+02  1.965E+02  1.867E+02  2.005E+02  1.937E+02  1.920E+02  1.932E+02  3.615E+21 -4.634E-01 -5.217E-01  3.245E+00  1.237E+01  1.335E+01  8.457E+00  5.072E+21 -6.522E-01 -6.802E-01  5.486E+00  1.941E+01  2.053E+01  1.301E+01  1.962E+02  1.965E+02  1.867E+02  2.276E+02  2.143E+02  2.110E+02  2.115E+02
 335  03 18 08  1.200E+22  9.318E+00  1.83590E-19  1.17217E+01  6.31103E+02  1.64087E+05  7.95504E-01  9.62445E+00  9.76148E+00  5.719E+00  6.681E+00  1.084E+01  9.487E+00  1.150E+01  8.403E-02  5.719E+00  6.681E+00  1.084E+01  9.590E+00  1.098E+01  3.876E-04  1.003E+22 -1.304E+00 -1.667E+00  5.081E+00  2.483E+01  2.825E+01  1.734E+01  9.344E+20 -9.811E-01 -9.989E-01 -1.253E+00  2.973E-01  1.516E+00  1.398E+00  7.220E+01  7.420E+01  6.960E+01  9.544E+01  8.859E+01  8.764E+01  9.347E+01  1.039E+22 -1.304E+00 -1.667E+00  5.641E+00  2.647E+01  2.988E+01  1.835E+01  7.790E+21 -9.809E-01 -9.987E-01  8.937E+00  3.080E+01  3.224E+01  2.030E+01  7.478E+01  7.420E+01  6.960E+01  1.050E+02  9.404E+01  9.235E+01  9.837E+01
 336  03 18 09  1.200E+22  9.574E+00  6.98060E-20  1.17196E+01  5.55383E+02  1.44400E+05  7.00059E-01  9.61685E+00  9.75416E+00  8.440E+00  5.222E+00  3.232E+00  9.472E+00  1.153E+01  8.704E-02  9.014E+00  3.893E+00  1.413E-02  9.577E+00  1.100E+01  4.264E-04  6.284E+21 -8.362E-01 -1.011E+00  4.241E+00  1.847E+01  2.055E+01  1.289E+01  2.567E+21 -9.873E-01 -1.011E+00  1.088E+00  7.405E+00  8.728E+00  5.856E+00  1.118E+02  1.180E+02  1.118E+02  1.287E+02  1.239E+02  1.231E+02  1.277E+02  6.643E+21 -8.362E-01 -1.011E+00  4.793E+00  2.008E+01  2.217E+01  1.388E+01  7.789E+21 -9.871E-01 -1.010E+00  8.819E+00  3.058E+01  3.209E+01  2.023E+01  1.179E+02  1.180E+02  1.118E+02  1.473E+02  1.350E+02  1.327E+02  1.369E+02
 337  03 18 10  1.200E+22  9.780E+00  2.36710E-20  1.17226E+01  4.73229E+02  1.23040E+05  5.96504E-01  9.62695E+00  9.75259E+00  9.129E+00  6.517E+00  4.569E-01  9.475E+00  1.155E+01  8.782E-02  9.360E+00  5.851E+00  2.859E-03  9.581E+00  1.102E+01  4.725E-04  3.517E+21 -4.930E-01 -5.592E-01  2.898E+00  1.162E+01  1.269E+01  8.063E+00  4.039E+21 -9.962E-01 -1.015E+00  3.352E+00  1.413E+01  1.548E+01  9.989E+00  1.812E+02  1.975E+02  1.860E+02  2.036E+02  1.960E+02  1.935E+02  1.946E+02  3.874E+21 -4.930E-01 -5.592E-01  3.441E+00  1.321E+01  1.429E+01  9.046E+00  7.791E+21 -9.960E-01 -1.015E+00  8.867E+00  3.071E+01  3.221E+01  2.030E+01  1.974E+02  1.975E+02  1.860E+02  2.346E+02  2.190E+02  2.146E+02  2.150E+02
 338  03 19 09  1.200E+22  9.567E+00  7.08940E-20  1.79939E+01  9.32434E+02  2.42433E+05  1.17533E+00  9.67511E+00  9.76682E+00  9.129E+00  6.517E+00  4.569E-01  9.533E+00  1.766E+01  7.877E-02  9.360E+00  5.851E+00  2.859E-03  9.635E+00  1.689E+01  4.138E-04  6.371E+21 -8.438E-01 -1.030E+00  3.972E+00  1.773E+01  2.022E+01  1.297E+01 -3.271E+21 -1.510E+00 -1.498E+00 -8.276E+00 -1.918E+01 -1.777E+01 -1.036E+01  1.115E+02  1.179E+02  1.101E+02  1.281E+02  1.279E+02  1.277E+02  1.292E+02  6.739E+21 -8.438E-01 -1.030E+00  4.539E+00  1.938E+01  2.187E+01  1.399E+01  1.196E+22 -1.510E+00 -1.497E+00  1.439E+01  4.868E+01  5.057E+01  3.166E+01  1.178E+02  1.179E+02  1.101E+02  1.447E+02  1.391E+02  1.375E+02  1.385E+02
 339  03 19 10  1.200E+22  9.760E+00  2.59420E-20  1.79981E+01  8.16784E+02  2.12364E+05  1.02956E+00  9.67522E+00  9.76218E+00  9.129E+00  6.517E+00  4.569E-01  9.529E+00  1.768E+01  7.968E-02  9.360E+00  5.851E+00  2.859E-03  9.631E+00  1.691E+01  4.404E-04  3.763E+21 -5.216E-01 -5.985E-01  2.965E+00  1.211E+01  1.342E+01  8.600E+00  3.324E+20 -1.520E+00 -1.508E+00 -2.896E+00 -3.089E+00 -1.561E+00 -3.976E-01  1.764E+02  1.928E+02  1.816E+02  1.886E+02  1.888E+02  1.885E+02  1.889E+02  4.129E+21 -5.216E-01 -5.985E-01  3.527E+00  1.375E+01  1.507E+01  9.612E+00  1.196E+22 -1.520E+00 -1.508E+00  1.435E+01  4.862E+01  5.055E+01  3.166E+01  1.924E+02  1.928E+02  1.816E+02  2.231E+02  2.133E+02  2.103E+02  2.096E+02
 340  04 03 01  2.400E+22  7.107E+00  5.61550E-17  1.88443E-02  1.71145E+00  4.44976E+02  2.15727E-03  7.32101E+00  8.06038E+00  7.160E+00  1.901E-02  3.663E-02  7.173E+00  1.904E-02  3.446E-02  7.160E+00  1.901E-02  3.663E-02  7.173E+00  1.904E-02  3.446E-02  2.472E+21 -1.227E-01 -6.910E-01 -1.490E-01  7.643E-01  7.823E-01  3.451E-01  1.247E+19 -2.584E-04 -1.761E-03 -7.482E-04  6.899E-03  1.307E-02  1.218E-02  1.377E+01  8.898E+00  9.786E+00  1.374E+01  1.841E+01  2.504E+01  3.639E+01  2.486E+21 -1.225E-01 -6.908E-01 -1.455E-01  7.768E-01  7.913E-01  3.484E-01  1.254E+19 -2.581E-04 -1.761E-03 -7.310E-04  7.010E-03  1.322E-02  1.229E-02  1.377E+01  8.898E+00  9.786E+00  1.374E+01  1.841E+01  2.504E+01  3.639E+01
 341  04 03 02  2.400E+22  7.690E+00  1.37000E-17  1.88574E-02  2.49709E+00  6.49243E+02  3.14758E-03  7.70279E+00  8.17526E+00  7.558E+00  1.846E-02  1.701E-02  7.573E+00  1.864E-02  1.580E-02  7.558E+00  1.846E-02  1.701E-02  7.573E+00  1.864E-02  1.580E-02  2.406E+21 -2.885E-01 -7.179E-01 -2.738E-02  1.123E+00  1.018E+00  4.159E-01  1.237E+19 -6.405E-04 -1.898E-03 -1.333E-04  1.025E-02  1.711E-02  1.472E-02  1.390E+01  9.140E+00  9.969E+00  1.353E+01  1.851E+01  2.513E+01  3.646E+01  2.437E+21 -2.882E-01 -7.176E-01 -1.973E-02  1.151E+00  1.038E+00  4.231E-01  1.253E+19 -6.398E-04 -1.897E-03 -9.413E-05  1.051E-02  1.745E-02  1.498E-02  1.390E+01  9.139E+00  9.968E+00  1.340E+01  1.851E+01  2.513E+01  3.646E+01
 342  04 04 01  2.400E+22  6.938E+00  7.58150E-17  2.89504E-02  2.02311E+00  5.26008E+02  2.55012E-03  7.23939E+00  8.11546E+00  7.084E+00  2.916E-02  4.155E-02  7.097E+00  2.920E-02  3.900E-02  7.084E+00  2.916E-02  4.155E-02  7.097E+00  2.920E-02  3.900E-02  3.774E+21 -1.354E-01 -1.018E+00 -2.528E-01  1.071E+00  1.128E+00  5.061E-01  1.913E+19 -2.915E-04 -2.621E-03 -1.274E-03  9.706E-03  1.888E-02  1.787E-02  1.380E+01  8.997E+00  9.836E+00  1.376E+01  1.845E+01  2.507E+01  3.640E+01  3.795E+21 -1.352E-01 -1.018E+00 -2.480E-01  1.089E+00  1.141E+00  5.108E-01  1.924E+19 -2.910E-04 -2.620E-03 -1.250E-03  9.866E-03  1.909E-02  1.804E-02  1.380E+01  8.997E+00  9.836E+00  1.376E+01  1.845E+01  2.507E+01  3.640E+01
 343  04 04 02  2.400E+22  7.453E+00  2.02460E-17  2.89505E-02  2.71430E+00  7.05717E+02  3.42137E-03  7.56952E+00  8.12990E+00  7.421E+00  2.866E-02  2.200E-02  7.435E+00  2.883E-02  2.052E-02  7.421E+00  2.866E-02  2.200E-02  7.435E+00  2.883E-02  2.052E-02  3.696E+21 -2.922E-01 -1.066E+00 -1.187E-01  1.509E+00  1.428E+00  6.001E-01  1.908E+19 -6.642E-04 -2.846E-03 -5.987E-04  1.382E-02  2.405E-02  2.125E-02  1.393E+01  9.253E+00  1.002E+01  1.377E+01  1.855E+01  2.514E+01  3.648E+01  3.730E+21 -2.919E-01 -1.066E+00 -1.100E-01  1.541E+00  1.451E+00  6.082E-01  1.926E+19 -6.632E-04 -2.845E-03 -5.538E-04  1.411E-02  2.443E-02  2.154E-02  1.393E+01  9.252E+00  1.002E+01  1.376E+01  1.855E+01  2.514E+01  3.648E+01
 344  04 04 03  2.400E+22  8.005E+00  4.86410E-18  2.89314E-02  4.02119E+00  1.04551E+03  5.06871E-03  7.91625E+00  8.24132E+00  6.584E+00  6.468E-02  2.363E+01  6.686E+00  6.157E-02  2.035E+01  7.780E+00  2.780E-02  1.127E-02  7.797E+00  2.832E-02  1.031E-02  3.466E+21 -6.118E-01 -1.013E+00  1.011E-01  2.039E+00  1.758E+00  6.955E-01  1.881E+19 -1.565E-03 -2.979E-03  5.766E-04  1.921E-02  3.006E-02  2.481E-02  1.428E+01  9.844E+00  1.052E+01  1.467E+01  1.882E+01  2.533E+01  3.660E+01  3.542E+21 -6.113E-01 -1.013E+00  1.209E-01  2.111E+00  1.810E+00  7.143E-01  1.921E+19 -1.563E-03 -2.976E-03  6.828E-04  1.988E-02  3.095E-02  2.548E-02  1.428E+01  9.842E+00  1.052E+01  1.459E+01  1.882E+01  2.533E+01  3.660E+01
 345  04 04 04  2.400E+22  8.390E+00  1.12990E-18  2.89243E-02  6.26322E+00  1.62844E+03  7.89478E-03  8.19096E+00  8.33653E+00  7.438E+00  3.992E-02  5.956E+00  7.504E+00  4.055E-02  5.095E+00  8.066E+00  2.675E-02  6.758E-03  8.087E+00  2.805E-02  5.905E-03  2.968E+21 -6.575E-01 -8.173E-01  2.993E-01  2.372E+00  1.958E+00  7.519E-01  1.829E+19 -2.158E-03 -3.042E-03  1.893E-03  2.405E-02  3.485E-02  2.734E-02  1.527E+01  1.129E+01  1.196E+01  1.550E+01  1.955E+01  2.585E+01  3.696E+01  3.127E+21 -6.569E-01 -8.166E-01  3.450E-01  2.537E+00  2.081E+00  7.964E-01  1.924E+19 -2.153E-03 -3.036E-03  2.165E-03  2.569E-02  3.701E-02  2.895E-02  1.526E+01  1.128E+01  1.196E+01  1.543E+01  1.954E+01  2.584E+01  3.695E+01
 346  04 05 01  2.400E+22  6.828E+00  9.38980E-17  4.44500E-02  2.62748E+00  6.83145E+02  3.31193E-03  7.23321E+00  8.12131E+00  7.099E+00  4.429E-02  3.806E-02  7.113E+00  4.435E-02  3.538E-02  7.099E+00  4.429E-02  3.806E-02  7.113E+00  4.435E-02  3.538E-02  5.733E+21 -1.622E-01 -1.508E+00 -3.794E-01  1.641E+00  1.725E+00  7.740E-01  2.932E+19 -3.665E-04 -3.961E-03 -1.919E-03  1.498E-02  2.898E-02  2.738E-02  1.386E+01  9.222E+00  9.931E+00  1.378E+01  1.852E+01  2.512E+01  3.644E+01  5.768E+21 -1.619E-01 -1.508E+00 -3.711E-01  1.672E+00  1.747E+00  7.820E-01  2.950E+19 -3.656E-04 -3.960E-03 -1.877E-03  1.526E-02  2.935E-02  2.766E-02  1.386E+01  9.221E+00  9.930E+00  1.378E+01  1.852E+01  2.512E+01  3.644E+01
 347  04 05 02  2.400E+22  7.257E+00  2.77590E-17  4.44745E-02  3.15266E+00  8.19691E+02  3.97392E-03  7.48070E+00  8.16365E+00  7.336E+00  4.405E-02  2.522E-02  7.350E+00  4.426E-02  2.348E-02  7.336E+00  4.405E-02  2.522E-02  7.350E+00  4.426E-02  2.348E-02  5.617E+21 -3.082E-01 -1.565E+00 -2.450E-01  2.102E+00  2.052E+00  8.789E-01  2.932E+19 -7.356E-04 -4.274E-03 -1.247E-03  1.940E-02  3.468E-02  3.118E-02  1.401E+01  9.495E+00  1.014E+01  1.383E+01  1.862E+01  2.519E+01  3.648E+01  5.665E+21 -3.078E-01 -1.565E+00 -2.332E-01  2.145E+00  2.083E+00  8.902E-01  2.957E+19 -7.344E-04 -4.273E-03 -1.186E-03  1.979E-02  3.521E-02  3.158E-02  1.401E+01  9.494E+00  1.014E+01  1.383E+01  1.862E+01  2.518E+01  3.648E+01
 348  04 05 03  2.400E+22  7.795E+00  7.21870E-18  4.44269E-02  4.32880E+00  1.12549E+03  5.45644E-03  7.79523E+00  8.19847E+00  5.574E+00  2.196E-01  6.812E+01  5.868E+00  1.717E-01  5.283E+01  7.656E+00  4.317E-02  1.416E-02  7.672E+00  4.372E-02  1.304E-02  5.302E+21 -6.096E-01 -1.501E+00  1.934E-02  2.785E+00  2.497E+00  1.013E+00  2.907E+19 -1.652E-03 -4.508E-03  1.616E-04  2.644E-02  4.286E-02  3.620E-02  1.436E+01  1.017E+01  1.065E+01  1.875E+01  1.887E+01  2.537E+01  3.665E+01  5.388E+21 -6.091E-01 -1.500E+00  4.146E-02  2.866E+00  2.557E+00  1.035E+00  2.954E+19 -1.649E-03 -4.505E-03  2.816E-04  2.720E-02  4.388E-02  3.696E-02  1.436E+01  1.017E+01  1.065E+01  1.628E+01  1.887E+01  2.537E+01  3.665E+01
 349  04 05 04  2.400E+22  8.252E+00  1.73040E-18  4.44027E-02  6.48656E+00  1.68651E+03  8.17630E-03  8.09143E+00  8.30578E+00  7.194E+00  6.919E-02  9.250E+00  7.264E+00  6.892E-02  8.013E+00  7.963E+00  4.174E-02  8.123E-03  7.982E+00  4.315E-02  7.261E-03  4.576E+21 -9.525E-01 -1.222E+00  3.237E-01  3.348E+00  2.849E+00  1.116E+00  2.843E+19 -3.206E-03 -4.621E-03  2.106E-03  3.417E-02  5.088E-02  4.065E-02  1.534E+01  1.147E+01  1.208E+01  1.574E+01  1.961E+01  2.590E+01  3.697E+01  4.750E+21 -9.520E-01 -1.222E+00  3.716E-01  3.526E+00  2.983E+00  1.165E+00  2.949E+19 -3.201E-03 -4.615E-03  2.395E-03  3.596E-02  5.325E-02  4.241E-02  1.533E+01  1.146E+01  1.207E+01  1.566E+01  1.960E+01  2.590E+01  3.696E+01
 350  04 05 05  2.400E+22  8.522E+00  3.97610E-19  4.44226E-02  1.01898E+01  2.64934E+03  1.28442E-02  8.30272E+00  8.38963E+00  7.650E+00  5.460E-02  4.023E+00  7.727E+00  5.746E-02  3.261E+00  8.179E+00  3.942E-02  5.755E-03  8.205E+00  4.291E-02  4.735E-03  3.207E+21 -5.706E-01 -7.511E-01  4.259E-01  3.183E+00  2.778E+00  1.106E+00  2.702E+19 -3.366E-03 -4.684E-03  3.729E-03  3.910E-02  5.508E-02  4.239E-02  1.821E+01  1.583E+01  1.609E+01  1.864E+01  2.170E+01  2.737E+01  3.791E+01  3.526E+21 -5.704E-01 -7.509E-01  5.216E-01  3.561E+00  3.079E+00  1.220E+00  2.955E+19 -3.353E-03 -4.668E-03  4.475E-03  4.354E-02  6.089E-02  4.669E-02  1.815E+01  1.580E+01  1.607E+01  1.841E+01  2.164E+01  2.733E+01  3.789E+01
 351  04 06 01  2.400E+22  6.769E+00  1.05960E-16  6.82557E-02  3.82975E+00  9.95735E+02  4.82739E-03  7.31482E+00  8.16307E+00  7.215E+00  6.641E-02  2.681E-02  7.235E+00  6.669E-02  2.415E-02  7.215E+00  6.641E-02  2.681E-02  7.235E+00  6.669E-02  2.415E-02  8.572E+21 -1.962E-01 -2.217E+00 -4.906E-01  2.754E+00  2.806E+00  1.237E+00  4.489E+19 -5.038E-04 -6.123E-03 -2.482E-03  2.565E-02  4.761E-02  4.395E-02  1.402E+01  9.868E+00  1.018E+01  1.378E+01  1.870E+01  2.524E+01  3.653E+01  8.653E+21 -1.959E-01 -2.216E+00 -4.710E-01  2.828E+00  2.861E+00  1.257E+00  4.532E+19 -5.027E-04 -6.122E-03 -2.377E-03  2.634E-02  4.854E-02  4.465E-02  1.402E+01  9.865E+00  1.018E+01  1.376E+01  1.870E+01  2.524E+01  3.653E+01
 352  04 06 02  2.400E+22  7.114E+00  3.50740E-17  6.82418E-02  3.99857E+00  1.03963E+03  5.04019E-03  7.45640E+00  8.16840E+00  7.322E+00  6.712E-02  2.482E-02  7.339E+00  6.749E-02  2.275E-02  7.322E+00  6.712E-02  2.482E-02  7.339E+00  6.749E-02  2.275E-02  8.420E+21 -3.353E-01 -2.264E+00 -3.911E-01  3.104E+00  3.067E+00  1.324E+00  4.489E+19 -8.816E-04 -6.459E-03 -2.000E-03  2.911E-02  5.226E-02  4.714E-02  1.416E+01  1.000E+01  1.037E+01  1.387E+01  1.877E+01  2.528E+01  3.655E+01  8.503E+21 -3.347E-01 -2.263E+00 -3.709E-01  3.180E+00  3.124E+00  1.344E+00  4.534E+19 -8.796E-04 -6.457E-03 -1.891E-03  2.983E-02  5.322E-02  4.786E-02  1.416E+01  1.000E+01  1.037E+01  1.385E+01  1.877E+01  2.528E+01  3.655E+01
 353  04 06 03  2.400E+22  7.599E+00  1.00880E-17  6.82500E-02  4.93649E+00  1.28349E+03  6.22244E-03  7.70390E+00  8.17099E+00  7.564E+00  6.669E-02  1.671E-02  7.580E+00  6.736E-02  1.540E-02  7.564E+00  6.669E-02  1.671E-02  7.580E+00  6.736E-02  1.540E-02  7.991E+21 -6.070E-01 -2.171E+00 -1.086E-01  3.861E+00  3.586E+00  1.487E+00  4.477E+19 -1.808E-03 -6.797E-03 -4.872E-04  3.724E-02  6.205E-02  5.333E-02  1.452E+01  1.074E+01  1.089E+01  1.311E+01  1.903E+01  2.550E+01  3.671E+01  8.099E+21 -6.064E-01 -2.171E+00 -8.072E-02  3.964E+00  3.662E+00  1.515E+00  4.537E+19 -1.805E-03 -6.794E-03 -3.321E-04  3.823E-02  6.336E-02  5.432E-02  1.452E+01  1.074E+01  1.089E+01  1.270E+01  1.903E+01  2.550E+01  3.671E+01
 354  04 06 04  2.400E+22  8.092E+00  2.54140E-18  6.82294E-02  6.95472E+00  1.80823E+03  8.76641E-03  7.99205E+00  8.26702E+00  6.888E+00  1.262E-01  1.530E+01  6.972E+00  1.230E-01  1.325E+01  7.860E+00  6.502E-02  9.810E-03  7.878E+00  6.658E-02  8.883E-03  6.938E+21 -1.018E+00 -1.782E+00  3.025E-01  4.663E+00  4.114E+00  1.649E+00  4.412E+19 -3.907E-03 -7.031E-03  2.119E-03  4.843E-02  7.413E-02  6.030E-02  1.550E+01  1.244E+01  1.236E+01  1.641E+01  1.976E+01  2.603E+01  3.707E+01  7.131E+21 -1.018E+00 -1.782E+00  3.547E-01  4.860E+00  4.263E+00  1.704E+00  4.533E+19 -3.901E-03 -7.024E-03  2.442E-03  5.044E-02  7.680E-02  6.230E-02  1.550E+01  1.243E+01  1.236E+01  1.624E+01  1.975E+01  2.603E+01  3.707E+01
 355  04 06 05  2.400E+22  8.431E+00  6.06980E-19  6.82534E-02  1.05321E+01  2.73835E+03  1.32757E-02  8.22806E+00  8.36373E+00  7.506E+00  9.072E-02  5.280E+00  7.576E+00  9.312E-02  4.436E+00  8.102E+00  6.231E-02  6.612E-03  8.125E+00  6.610E-02  5.681E-03  4.968E+21 -8.360E-01 -1.115E+00  5.325E-01  4.636E+00  4.152E+00  1.682E+00  4.257E+19 -5.071E-03 -7.131E-03  4.844E-03  5.780E-02  8.301E-02  6.472E-02  1.832E+01  1.604E+01  1.628E+01  1.902E+01  2.184E+01  2.751E+01  3.806E+01  5.306E+21 -8.359E-01 -1.115E+00  6.311E-01  5.036E+00  4.474E+00  1.805E+00  4.533E+19 -5.058E-03 -7.115E-03  5.633E-03  6.257E-02  8.929E-02  6.939E-02  1.829E+01  1.603E+01  1.627E+01  1.880E+01  2.179E+01  2.749E+01  3.805E+01
 356  04 06 06  2.400E+22  8.606E+00  1.39080E-19  6.82483E-02  1.66224E+01  4.32183E+03  2.09525E-02  8.38246E+00  8.42803E+00  7.764E+00  7.524E-02  3.340E+00  7.870E+00  8.433E-02  2.422E+00  8.254E+00  5.598E-02  5.528E-03  8.289E+00  6.566E-02  4.049E-03  2.457E+21 -3.807E-01 -5.170E-01  3.740E-01  3.135E+00  3.176E+00  1.420E+00  3.839E+19 -5.220E-03 -7.198E-03  6.187E-03  5.919E-02  8.187E-02  6.221E-02  2.601E+01  2.567E+01  2.558E+01  2.699E+01  2.765E+01  3.156E+01  4.075E+01  2.953E+21 -3.807E-01 -5.170E-01  5.277E-01  3.854E+00  3.840E+00  1.701E+00  4.535E+19 -5.189E-03 -7.160E-03  8.272E-03  7.155E-02  9.802E-02  7.413E-02  2.576E+01  2.565E+01  2.556E+01  2.610E+01  2.737E+01  3.138E+01  4.064E+01
 357  04 07 01  2.400E+22  6.728E+00  1.19010E-16  1.04838E-01  6.28647E+00  1.63448E+03  7.92409E-03  7.47115E+00  8.28153E+00  7.415E+00  9.907E-02  1.518E-02  7.438E+00  9.992E-02  1.327E-02  7.415E+00  9.907E-02  1.518E-02  7.438E+00  9.992E-02  1.327E-02  1.232E+22 -1.726E-01 -3.055E+00 -4.908E-01  4.829E+00  4.736E+00  2.038E+00  6.864E+19 -6.303E-04 -9.557E-03 -2.288E-03  4.747E-02  8.254E-02  7.327E-02  1.446E+01  1.209E+01  1.083E+01  1.332E+01  1.922E+01  2.558E+01  3.674E+01  1.247E+22 -1.725E-01 -3.054E+00 -4.466E-01  4.990E+00  4.857E+00  2.082E+00  6.960E+19 -6.291E-04 -9.556E-03 -2.024E-03  4.908E-02  8.466E-02  7.486E-02  1.447E+01  1.209E+01  1.083E+01  1.317E+01  1.923E+01  2.558E+01  3.674E+01
 358  04 07 02  2.400E+22  7.026E+00  4.07170E-17  1.04779E-01  5.67886E+00  1.47650E+03  7.15819E-03  7.51182E+00  8.20599E+00  7.401E+00  1.014E-01  1.961E-02  7.421E+00  1.023E-01  1.765E-02  7.401E+00  1.014E-01  1.961E-02  7.421E+00  1.023E-01  1.765E-02  1.228E+22 -3.592E-01 -3.150E+00 -4.877E-01  4.915E+00  4.824E+00  2.073E+00  6.867E+19 -1.204E-03 -9.875E-03 -2.411E-03  4.791E-02  8.380E-02  7.445E-02  1.449E+01  1.150E+01  1.087E+01  1.366E+01  1.913E+01  2.554E+01  3.673E+01  1.243E+22 -3.590E-01 -3.150E+00 -4.493E-01  5.061E+00  4.933E+00  2.113E+00  6.955E+19 -1.202E-03 -9.873E-03 -2.188E-03  4.934E-02  8.570E-02  7.588E-02  1.449E+01  1.149E+01  1.087E+01  1.357E+01  1.913E+01  2.554E+01  3.673E+01
 359  04 07 03  2.400E+22  7.447E+00  1.28260E-17  1.04840E-01  6.12819E+00  1.59333E+03  7.72457E-03  7.66819E+00  8.21676E+00  7.534E+00  1.022E-01  1.716E-02  7.551E+00  1.032E-01  1.572E-02  7.534E+00  1.022E-01  1.716E-02  7.551E+00  1.032E-01  1.572E-02  1.173E+22 -6.063E-01 -3.025E+00 -2.433E-01  5.552E+00  5.286E+00  2.226E+00  6.871E+19 -2.187E-03 -1.030E-02 -1.107E-03  5.536E-02  9.303E-02  8.044E-02  1.484E+01  1.201E+01  1.135E+01  1.321E+01  1.937E+01  2.572E+01  3.684E+01  1.189E+22 -6.059E-01 -3.024E+00 -2.023E-01  5.708E+00  5.403E+00  2.268E+00  6.965E+19 -2.183E-03 -1.030E-02 -8.650E-04  5.689E-02  9.509E-02  8.198E-02  1.484E+01  1.201E+01  1.135E+01  1.291E+01  1.937E+01  2.572E+01  3.684E+01
 360  04 07 04  2.400E+22  7.916E+00  3.65480E-18  1.04824E-01  7.77883E+00  2.02249E+03  9.80520E-03  7.90268E+00  8.23741E+00  6.501E+00  2.485E-01  2.644E+01  6.618E+00  2.337E-01  2.245E+01  7.766E+00  1.010E-01  1.197E-02  7.783E+00  1.029E-01  1.092E-02  1.029E+22 -9.505E-01 -2.518E+00  2.153E-01  6.432E+00  5.907E+00  2.429E+00  6.806E+19 -4.364E-03 -1.063E-02  1.847E-03  6.883E-02  1.082E-01  8.950E-02  1.583E+01  1.380E+01  1.280E+01  1.869E+01  2.008E+01  2.624E+01  3.724E+01  1.051E+22 -9.502E-01 -2.518E+00  2.757E-01  6.665E+00  6.085E+00  2.495E+00  6.953E+19 -4.357E-03 -1.062E-02  2.240E-03  7.127E-02  1.114E-01  9.193E-02  1.583E+01  1.379E+01  1.280E+01  1.803E+01  2.008E+01  2.624E+01  3.723E+01
 361  04 07 05  2.400E+22  8.313E+00  9.13880E-19  1.04735E-01  1.11414E+01  2.89676E+03  1.40437E-02  8.14660E+00  8.32904E+00  7.324E+00  1.523E-01  7.386E+00  7.396E+00  1.533E-01  6.317E+00  8.019E+00  9.727E-02  7.381E-03  8.040E+00  1.014E-01  6.485E-03  7.486E+21 -1.181E+00 -1.614E+00  5.995E-01  6.541E+00  6.063E+00  2.513E+00  6.633E+19 -7.613E-03 -1.085E-02  5.894E-03  8.378E-02  1.229E-01  9.724E-02  1.866E+01  1.662E+01  1.674E+01  1.994E+01  2.215E+01  2.768E+01  3.814E+01  7.846E+21 -1.181E+00 -1.614E+00  7.025E-01  6.970E+00  6.414E+00  2.648E+00  6.943E+19 -7.599E-03 -1.083E-02  6.758E-03  8.905E-02  1.299E-01  1.024E-01  1.865E+01  1.661E+01  1.673E+01  1.966E+01  2.212E+01  2.766E+01  3.813E+01
 362  04 07 06  2.400E+22  8.548E+00  2.14310E-19  1.04678E-01  1.70741E+01  4.43927E+03  2.15219E-02  8.32840E+00  8.40852E+00  7.685E+00  1.248E-01  3.813E+00  7.771E+00  1.335E-01  2.994E+00  8.202E+00  9.091E-02  5.721E-03  8.231E+00  1.010E-01  4.551E-03  3.931E+21 -5.643E-01 -7.730E-01  5.285E-01  4.784E+00  4.939E+00  2.240E+00  6.231E+19 -7.902E-03 -1.098E-02  9.025E-03  9.202E-02  1.289E-01  9.877E-02  2.620E+01  2.594E+01  2.584E+01  2.752E+01  2.796E+01  3.176E+01  4.093E+01  4.428E+21 -5.643E-01 -7.730E-01  6.809E-01  5.508E+00  5.614E+00  2.529E+00  6.958E+19 -7.867E-03 -1.094E-02  1.117E-02  1.048E-01  1.456E-01  1.112E-01  2.608E+01  2.593E+01  2.582E+01  2.682E+01  2.778E+01  3.165E+01  4.086E+01
 363  04 08 01  2.400E+22  6.706E+00  1.27740E-16  1.60975E-01  1.08973E+01  2.83329E+03  1.37360E-02  7.66410E+00  8.34220E+00  7.623E+00  1.475E-01  9.265E-03  5.547E+00  7.919E-01  6.953E+01  7.623E+00  1.475E-01  9.265E-03  7.660E+00  1.512E-01  7.401E-03  1.592E+22 -2.239E-02 -3.666E+00 -3.776E-01  7.710E+00  7.598E+00  3.271E+00  1.036E+20 -9.645E-05 -1.497E-02 -3.848E-04  8.749E-02  1.428E-01  1.218E-01  1.552E+01  1.316E+01  1.209E+01  1.080E+01  2.066E+01  2.656E+01  3.739E+01  1.630E+22 -2.239E-02 -3.666E+00 -2.679E-01  8.164E+00  7.970E+00  3.414E+00  1.069E+20 -9.645E-05 -1.496E-02  5.396E-04  9.311E-02  1.502E-01  1.273E-01  1.558E+01  1.316E+01  1.209E+01  9.195E+00  2.072E+01  2.660E+01  3.741E+01
 364  04 08 02  2.400E+22  6.980E+00  4.41210E-17  1.60949E-01  9.07530E+00  2.35958E+03  1.14394E-02  7.63766E+00  8.27941E+00  7.554E+00  1.523E-01  1.305E-02  7.580E+00  1.544E-01  1.130E-02  7.554E+00  1.523E-01  1.305E-02  7.580E+00  1.544E-01  1.130E-02  1.669E+22 -2.756E-01 -3.966E+00 -4.495E-01  7.828E+00  7.686E+00  3.298E+00  1.047E+20 -1.651E-03 -1.525E-02 -1.457E-03  8.426E-02  1.405E-01  1.212E-01  1.531E+01  1.616E+01  1.195E+01  1.216E+01  2.013E+01  2.622E+01  3.714E+01  1.697E+22 -2.755E-01 -3.965E+00 -3.704E-01  8.137E+00  7.929E+00  3.389E+00  1.068E+20 -1.647E-03 -1.524E-02 -8.874E-04  8.771E-02  1.451E-01  1.246E-01  1.534E+01  1.613E+01  1.195E+01  1.151E+01  2.014E+01  2.623E+01  3.715E+01
 365  04 08 03  2.400E+22  7.328E+00  1.57100E-17  1.60899E-01  8.43487E+00  2.19307E+03  1.06321E-02  7.69354E+00  8.24791E+00  7.572E+00  1.546E-01  1.513E-02  7.595E+00  1.569E-01  1.342E-02  7.572E+00  1.546E-01  1.513E-02  7.595E+00  1.569E-01  1.342E-02  1.634E+22 -5.315E-01 -3.920E+00 -3.349E-01  8.121E+00  7.912E+00  3.376E+00  1.047E+20 -2.849E-03 -1.567E-02 -1.125E-03  8.704E-02  1.446E-01  1.242E-01  1.555E+01  1.514E+01  1.230E+01  1.226E+01  2.011E+01  2.620E+01  3.716E+01  1.663E+22 -5.313E-01 -3.920E+00 -2.586E-01  8.431E+00  8.155E+00  3.467E+00  1.068E+20 -2.844E-03 -1.566E-02 -5.962E-04  9.043E-02  1.491E-01  1.275E-01  1.556E+01  1.512E+01  1.230E+01  1.144E+01  2.011E+01  2.621E+01  3.716E+01
 366  04 08 04  2.400E+22  7.765E+00  4.80830E-18  1.60877E-01  9.41779E+00  2.44863E+03  1.18711E-02  7.85578E+00  8.26400E+00  6.209E+00  4.682E-01  3.766E+01  6.379E+00  4.203E-01  3.074E+01  7.723E+00  1.547E-01  1.243E-02  7.742E+00  1.574E-01  1.125E-02  1.454E+22 -8.317E-01 -3.337E+00  1.036E-01  8.861E+00  8.486E+00  3.582E+00  1.046E+20 -5.171E-03 -1.618E-02  1.788E-03  1.011E-01  1.608E-01  1.341E-01  1.654E+01  1.654E+01  1.376E+01  2.680E+01  2.077E+01  2.672E+01  3.749E+01  1.484E+22 -8.316E-01 -3.337E+00  1.842E-01  9.188E+00  8.745E+00  3.680E+00  1.069E+20 -5.161E-03 -1.617E-02  2.378E-03  1.048E-01  1.657E-01  1.378E-01  1.655E+01  1.653E+01  1.376E+01  2.431E+01  2.077E+01  2.672E+01  3.749E+01
 367  04 08 05  2.400E+22  8.179E+00  1.31870E-18  1.60847E-01  1.23256E+01  3.20464E+03  1.55363E-02  8.07139E+00  8.29952E+00  7.126E+00  2.607E-01  1.049E+01  7.204E+00  2.579E-01  9.009E+00  7.942E+00  1.518E-01  8.589E-03  7.962E+00  1.567E-01  7.645E-03  1.083E+22 -1.128E+00 -2.233E+00  5.987E-01  8.958E+00  8.691E+00  3.714E+00  1.033E+20 -9.762E-03 -1.659E-02  6.967E-03  1.219E-01  1.826E-01  1.464E-01  1.937E+01  1.989E+01  1.765E+01  2.209E+01  2.285E+01  2.816E+01  3.854E+01  1.121E+22 -1.128E+00 -2.233E+00  7.101E-01  9.436E+00  9.092E+00  3.872E+00  1.070E+20 -9.744E-03 -1.656E-02  7.997E-03  1.282E-01  1.909E-01  1.525E-01  1.938E+01  1.988E+01  1.765E+01  2.160E+01  2.283E+01  2.815E+01  3.853E+01
 368  04 08 06  2.400E+22  8.470E+00  3.22100E-19  1.60836E-01  1.79953E+01  4.67879E+03  2.26831E-02  8.26706E+00  8.37902E+00  7.573E+00  2.052E-01  4.703E+00  7.651E+00  2.135E-01  3.847E+00  8.141E+00  1.441E-01  6.249E-03  8.166E+00  1.553E-01  5.212E-03  5.957E+21 -8.122E-01 -1.123E+00  6.643E-01  6.870E+00  7.312E+00  3.398E+00  9.865E+19 -1.195E-02 -1.676E-02  1.230E-02  1.383E-01  1.967E-01  1.523E-01  2.677E+01  2.653E+01  2.641E+01  2.895E+01  2.875E+01  3.237E+01  4.114E+01  6.470E+21 -8.122E-01 -1.123E+00  8.188E-01  7.624E+00  8.034E+00  3.713E+00  1.068E+20 -1.192E-02 -1.671E-02  1.465E-02  1.524E-01  2.153E-01  1.661E-01  2.674E+01  2.652E+01  2.640E+01  2.829E+01  2.864E+01  3.231E+01  4.110E+01
 369  04 08 07  2.400E+22  8.622E+00  7.46370E-20  1.60764E-01  2.78368E+01  7.23758E+03  3.50883E-02  8.39818E+00  8.44342E+00  7.759E+00  1.698E-01  3.501E+00  7.894E+00  1.977E-01  2.314E+00  8.261E+00  1.254E-01  5.978E-03  8.305E+00  1.548E-01  3.995E-03  2.289E+21 -3.418E-01 -4.694E-01  3.405E-01  3.301E+00  4.056E+00  2.284E+00  8.582E+19 -1.225E-02 -1.689E-02  1.381E-02  1.334E-01  1.843E-01  1.398E-01  4.285E+01  4.345E+01  4.323E+01  4.505E+01  4.308E+01  4.384E+01  4.904E+01  2.885E+21 -3.418E-01 -4.694E-01  5.294E-01  4.315E+00  5.213E+00  2.903E+00  1.070E+20 -1.219E-02 -1.681E-02  2.014E-02  1.710E-01  2.334E-01  1.761E-01  4.261E+01  4.343E+01  4.321E+01  4.329E+01  4.261E+01  4.347E+01  4.879E+01
 370  04 09 01  2.400E+22  6.701E+00  1.28830E-16  2.47141E-01  1.82809E+01  4.75303E+03  2.30430E-02  7.84348E+00  8.38059E+00  6.477E+00  5.557E-01  2.792E+01  6.812E+00  4.707E-01  1.721E+01  7.788E+00  2.191E-01  7.254E-03  7.843E+00  2.316E-01  5.245E-03  1.812E+22  0.000E+00 -3.942E+00 -3.204E-01  1.013E+01  1.066E+01  4.836E+00  1.542E+20  0.000E+00 -2.334E-02  3.912E-03  1.525E-01  2.376E-01  1.963E-01  1.702E+01  0.000E+00  1.332E+01  2.037E+01  2.361E+01  2.883E+01  3.902E+01  1.869E+22  0.000E+00 -3.942E+00 -1.469E-01  1.099E+01  1.151E+01  5.212E+00  1.642E+20  0.000E+00 -2.333E-02  6.772E-03  1.699E-01  2.604E-01  2.133E-01  1.727E+01  0.000E+00  1.332E+01  2.082E+01  2.398E+01  2.908E+01  3.918E+01
 371  04 09 02  2.400E+22  6.946E+00  4.77000E-17  2.47083E-01  1.56755E+01  4.07563E+03  1.97590E-02  7.79612E+00  8.36432E+00  6.105E+00  7.467E-01  4.246E+01  6.473E+00  5.883E-01  2.741E+01  7.723E+00  2.264E-01  8.927E-03  7.764E+00  2.343E-01  7.044E-03  1.984E+22 -7.588E-02 -4.373E+00 -3.813E-01  1.087E+01  1.124E+01  5.005E+00  1.575E+20 -9.672E-04 -2.362E-02  2.222E-03  1.481E-01  2.350E-01  1.965E-01  1.684E+01  2.482E+01  1.339E+01  9.103E+00  2.257E+01  2.798E+01  3.839E+01  2.034E+22 -7.588E-02 -4.373E+00 -2.331E-01  1.156E+01  1.187E+01  5.268E+00  1.641E+20 -9.634E-04 -2.361E-02  4.112E-03  1.594E-01  2.499E-01  2.075E-01  1.698E+01  2.477E+01  1.339E+01  1.950E+01  2.274E+01  2.809E+01  3.846E+01
 372  04 09 03  2.400E+22  7.280E+00  1.66680E-17  2.47145E-01  1.31129E+01  3.40935E+03  1.65288E-02  7.78908E+00  8.30765E+00  5.732E+00  1.037E+00  6.023E+01  6.156E+00  7.501E-01  3.977E+01  7.681E+00  2.326E-01  1.158E-02  7.712E+00  2.385E-01  9.796E-03  2.054E+22 -3.574E-01 -4.526E+00 -3.179E-01  1.150E+01  1.170E+01  5.137E+00  1.592E+20 -4.061E-03 -2.408E-02  1.183E-03  1.460E-01  2.348E-01  1.976E-01  1.698E+01  2.356E+01  1.390E+01  9.357E+00  2.190E+01  2.747E+01  3.800E+01  2.100E+22 -3.574E-01 -4.526E+00 -1.871E-01  1.209E+01  1.222E+01  5.344E+00  1.641E+20 -4.055E-03 -2.407E-02  2.523E-03  1.544E-01  2.459E-01  2.058E-01  1.705E+01  2.353E+01  1.390E+01  1.862E+01  2.197E+01  2.752E+01  3.803E+01
 373  04 09 04  2.400E+22  7.652E+00  5.83170E-18  2.47069E-01  1.26309E+01  3.28404E+03  1.59213E-02  7.86394E+00  8.28782E+00  6.267E+00  6.834E-01  3.541E+01  6.467E+00  6.052E-01  2.761E+01  7.735E+00  2.349E-01  1.188E-02  7.759E+00  2.404E-01  1.045E-02  1.894E+22 -6.451E-01 -4.040E+00  7.263E-03  1.195E+01  1.208E+01  5.284E+00  1.594E+20 -6.688E-03 -2.459E-02  2.987E-03  1.554E-01  2.463E-01  2.050E-01  1.791E+01  2.226E+01  1.531E+01  2.724E+01  2.230E+01  2.777E+01  3.815E+01  1.938E+22 -6.451E-01 -4.040E+00  1.290E-01  1.250E+01  1.255E+01  5.471E+00  1.638E+20 -6.679E-03 -2.458E-02  4.170E-03  1.628E-01  2.561E-01  2.124E-01  1.796E+01  2.225E+01  1.530E+01  2.846E+01  2.233E+01  2.779E+01  3.817E+01
 374  04 09 05  2.400E+22  8.048E+00  1.77750E-18  2.47131E-01  1.46209E+01  3.80143E+03  1.84296E-02  8.02176E+00  8.31209E+00  6.967E+00  4.356E-01  1.365E+01  7.060E+00  4.252E-01  1.156E+01  7.890E+00  2.335E-01  9.425E-03  7.912E+00  2.405E-01  8.370E-03  1.462E+22 -9.317E-01 -2.883E+00  5.242E-01  1.176E+01  1.210E+01  5.394E+00  1.587E+20 -1.180E-02 -2.520E-02  8.563E-03  1.789E-01  2.717E-01  2.198E-01  2.070E+01  2.482E+01  1.904E+01  2.726E+01  2.428E+01  2.925E+01  3.918E+01  1.508E+22 -9.317E-01 -2.883E+00  6.543E-01  1.236E+01  1.264E+01  5.613E+00  1.641E+20 -1.178E-02 -2.517E-02  1.003E-02  1.880E-01  2.837E-01  2.287E-01  2.074E+01  2.481E+01  1.904E+01  2.619E+01  2.428E+01  2.925E+01  3.918E+01
 375  04 09 06  2.400E+22  8.377E+00  4.67360E-19  2.47172E-01  1.97175E+01  5.12656E+03  2.48539E-02  8.20734E+00  8.35691E+00  7.450E+00  3.383E-01  5.936E+00  7.526E+00  3.448E-01  4.959E+00  8.080E+00  2.269E-01  6.907E-03  8.104E+00  2.397E-01  5.914E-03  8.572E+21 -1.121E+00 -1.567E+00  7.509E-01  9.363E+00  1.041E+01  5.027E+00  1.550E+20 -1.815E-02 -2.565E-02  1.637E-02  2.063E-01  2.980E-01  2.332E-01  2.784E+01  2.757E+01  2.742E+01  3.165E+01  3.007E+01  3.335E+01  4.197E+01  9.088E+21 -1.121E+00 -1.567E+00  9.071E-01  1.014E+01  1.119E+01  5.377E+00  1.645E+20 -1.810E-02 -2.559E-02  1.910E-02  2.227E-01  3.195E-01  2.492E-01  2.788E+01  2.757E+01  2.741E+01  3.099E+01  3.002E+01  3.332E+01  4.195E+01
 376  04 09 07  2.400E+22  8.573E+00  1.12920E-19  2.46788E-01  2.91536E+01  7.57993E+03  3.67480E-02  8.35599E+00  8.41745E+00  7.726E+00  2.876E-01  3.580E+00  7.817E+00  3.099E-01  2.740E+00  8.230E+00  2.117E-01  5.682E-03  8.260E+00  2.374E-01  4.390E-03  3.729E+21 -4.989E-01 -6.903E-01  5.180E-01  5.183E+00  6.451E+00  3.699E+00  1.451E+20 -1.852E-02 -2.571E-02  2.221E-02  2.193E-01  3.051E-01  2.328E-01  4.352E+01  4.407E+01  4.381E+01  4.643E+01  4.408E+01  4.479E+01  4.979E+01  4.249E+21 -4.989E-01 -6.903E-01  6.860E-01  6.066E+00  7.457E+00  4.239E+00  1.637E+20 -1.846E-02 -2.563E-02  2.791E-02  2.524E-01  3.483E-01  2.646E-01  4.329E+01  4.407E+01  4.381E+01  4.485E+01  4.365E+01  4.446E+01  4.956E+01
 377  04 10 02  2.400E+22  6.925E+00  5.05060E-17  3.79425E-01  2.67735E+01  6.96112E+03  3.37480E-02  7.95413E+00  8.40123E+00  6.787E+00  6.934E-01  1.855E+01  7.089E+00  6.271E-01  1.112E+01  7.864E+00  3.312E-01  7.682E-03  7.929E+00  3.585E-01  5.289E-03  2.118E+22  0.000E+00 -4.520E+00 -3.929E-01  1.246E+01  1.387E+01  6.724E+00  2.311E+20  0.000E+00 -3.653E-02  9.451E-03  2.476E-01  3.781E-01  3.078E-01  1.797E+01  0.000E+00  1.414E+01  2.297E+01  2.617E+01  3.142E+01  4.127E+01  2.181E+22  0.000E+00 -4.520E+00 -1.990E-01  1.350E+01  1.506E+01  7.351E+00  2.524E+20  0.000E+00 -3.652E-02  1.563E-02  2.848E-01  4.269E-01  3.439E-01  1.834E+01  0.000E+00  1.414E+01  3.785E+01  2.709E+01  3.212E+01  4.175E+01
 378  04 10 03  2.400E+22  7.230E+00  1.85440E-17  3.79350E-01  2.25036E+01  5.85095E+03  2.83658E-02  7.91736E+00  8.38182E+00  6.646E+00  7.831E-01  2.227E+01  6.888E+00  7.039E-01  1.530E+01  7.818E+00  3.457E-01  8.680E-03  7.862E+00  3.622E-01  6.734E-03  2.281E+22 -1.258E-01 -4.786E+00 -3.258E-01  1.396E+01  1.536E+01  7.265E+00  2.387E+20 -3.740E-03 -3.694E-02  7.967E-03  2.475E-01  3.829E-01  3.142E-01  1.857E+01  3.972E+01  1.502E+01  2.183E+01  2.540E+01  3.042E+01  4.024E+01  2.336E+22 -1.258E-01 -4.786E+00 -1.540E-01  1.484E+01  1.629E+01  7.713E+00  2.519E+20 -3.732E-03 -3.693E-02  1.183E-02  2.704E-01  4.129E-01  3.365E-01  1.883E+01  3.968E+01  1.502E+01  3.700E+01  2.584E+01  3.072E+01  4.042E+01
 379  04 10 04  2.400E+22  7.581E+00  6.57400E-18  3.79531E-01  1.91403E+01  4.97648E+03  2.41263E-02  7.92783E+00  8.33928E+00  6.628E+00  8.096E-01  2.268E+01  6.811E+00  7.449E-01  1.720E+01  7.807E+00  3.545E-01  1.009E-02  7.839E+00  3.669E-01  8.460E-03  2.216E+22 -4.138E-01 -4.475E+00 -5.881E-02  1.490E+01  1.627E+01  7.593E+00  2.420E+20 -9.300E-03 -3.762E-02  7.922E-03  2.512E-01  3.901E-01  3.205E-01  1.987E+01  3.392E+01  1.689E+01  2.609E+01  2.535E+01  3.011E+01  3.982E+01  2.270E+22 -4.138E-01 -4.475E+00  1.022E-01  1.571E+01  1.707E+01  7.956E+00  2.519E+20 -9.277E-03 -3.759E-02  1.069E-02  2.681E-01  4.123E-01  3.371E-01  2.005E+01  3.386E+01  1.689E+01  3.312E+01  2.554E+01  3.023E+01  3.990E+01
 380  04 10 05  2.400E+22  7.949E+00  2.15880E-18  3.79400E-01  1.91334E+01  4.97467E+03  2.41176E-02  8.01634E+00  8.32649E+00  6.953E+00  6.746E-01  1.402E+01  7.051E+00  6.555E-01  1.177E+01  7.889E+00  3.583E-01  9.332E-03  7.911E+00  3.687E-01  8.232E-03  1.814E+22 -7.107E-01 -3.435E+00  4.305E-01  1.466E+01  1.624E+01  7.707E+00  2.439E+20 -1.517E-02 -3.840E-02  1.289E-02  2.741E-01  4.164E-01  3.370E-01  2.288E+01  3.278E+01  2.089E+01  3.391E+01  2.708E+01  3.124E+01  4.067E+01  1.861E+22 -7.107E-01 -3.435E+00  5.738E-01  1.536E+01  1.692E+01  8.008E+00  2.519E+20 -1.512E-02 -3.833E-02  1.520E-02  2.879E-01  4.345E-01  3.504E-01  2.299E+01  3.276E+01  2.088E+01  3.260E+01  2.714E+01  3.128E+01  4.069E+01
 381  04 10 06  2.400E+22  8.278E+00  6.37080E-19  3.79233E-01  2.29802E+01  5.97484E+03  2.89665E-02  8.16262E+00  8.35748E+00  7.351E+00  5.470E-01  7.126E+00  7.424E+00  5.499E-01  6.060E+00  8.036E+00  3.523E-01  7.430E-03  8.057E+00  3.671E-01  6.488E-03  1.151E+22 -9.872E-01 -2.049E+00  7.773E-01  1.199E+01  1.406E+01  7.168E+00  2.405E+20 -2.466E-02 -3.895E-02  2.221E-02  3.081E-01  4.501E-01  3.549E-01  2.980E+01  3.542E+01  2.905E+01  3.704E+01  3.265E+01  3.552E+01  4.345E+01  1.199E+22 -9.872E-01 -2.049E+00  9.285E-01  1.276E+01  1.486E+01  7.550E+00  2.516E+20 -2.459E-02 -3.885E-02  2.547E-02  3.273E-01  4.754E-01  3.737E-01  2.992E+01  3.541E+01  2.905E+01  3.619E+01  3.265E+01  3.552E+01  4.344E+01
 382  04 10 07  2.400E+22  8.511E+00  1.66750E-19  3.79491E-01  3.15822E+01  8.21138E+03  3.98093E-02  8.30943E+00  8.40079E+00  7.635E+00  4.629E-01  4.260E+00  7.728E+00  4.918E-01  3.312E+00  8.180E+00  3.309E-01  6.182E-03  8.211E+00  3.664E-01  4.899E-03  5.487E+21 -7.053E-01 -9.843E-01  6.467E-01  7.193E+00  9.113E+00  5.365E+00  2.266E+20 -2.820E-02 -3.940E-02  3.078E-02  3.285E-01  4.627E-01  3.559E-01  4.425E+01  4.504E+01  4.477E+01  4.893E+01  4.564E+01  4.642E+01  5.121E+01  6.068E+21 -7.053E-01 -9.843E-01  8.287E-01  8.184E+00  1.028E+01  6.031E+00  2.523E+20 -2.812E-02 -3.931E-02  3.834E-02  3.736E-01  5.218E-01  3.997E-01  4.457E+01  4.504E+01  4.476E+01  4.814E+01  4.570E+01  4.645E+01  5.119E+01
 383  04 10 08  2.400E+22  8.637E+00  3.95040E-20  3.79422E-01  4.73604E+01  1.23137E+04  5.96977E-02  8.41614E+00  8.44606E+00  7.783E+00  4.003E-01  3.410E+00  7.921E+00  4.619E-01  2.201E+00  8.281E+00  2.969E-01  6.095E-03  8.324E+00  3.641E-01  3.953E-03  2.031E+21 -2.953E-01 -4.070E-01  3.091E-01  3.080E+00  4.088E+00  2.791E+00  2.032E+20 -2.865E-02 -3.950E-02  3.379E-02  3.210E-01  4.414E-01  3.337E-01  7.325E+01  7.338E+01  7.313E+01  7.826E+01  7.327E+01  7.211E+01  7.235E+01  2.566E+21 -2.953E-01 -4.070E-01  4.870E-01  4.035E+00  5.275E+00  3.571E+00  2.517E+20 -2.855E-02 -3.938E-02  4.908E-02  4.084E-01  5.549E-01  4.172E-01  7.238E+01  7.337E+01  7.313E+01  7.361E+01  7.196E+01  7.093E+01  7.136E+01
 384  04 11 03  2.400E+22  7.222E+00  1.86510E-17  5.82600E-01  3.84460E+01  9.99597E+03  4.84611E-02  8.04657E+00  8.41761E+00  6.965E+00  9.442E-01  1.437E+01  7.273E+00  8.880E-01  8.092E+00  7.921E+00  4.968E-01  8.113E-03  7.998E+00  5.542E-01  5.229E-03  2.377E+22  0.000E+00 -4.891E+00 -4.047E-01  1.483E+01  1.713E+01  8.779E+00  3.432E+20  0.000E+00 -5.680E-02  1.841E-02  3.917E-01  5.895E-01  4.746E-01  1.933E+01  0.000E+00  1.550E+01  2.563E+01  2.821E+01  3.389E+01  4.419E+01  2.442E+22  0.000E+00 -4.891E+00 -2.009E-01  1.595E+01  1.851E+01  9.647E+00  3.870E+20  0.000E+00 -5.678E-02  3.130E-02  4.688E-01  6.903E-01  5.491E-01  1.974E+01  0.000E+00  1.550E+01  3.576E+01  2.956E+01  3.522E+01  4.539E+01
 385  04 11 04  2.400E+22  7.526E+00  7.36020E-18  5.82558E-01  3.24106E+01  8.42676E+03  4.08535E-02  8.02748E+00  8.39897E+00  6.960E+00  9.909E-01  1.419E+01  7.167E+00  9.398E-01  9.725E+00  7.906E+00  5.239E-01  8.505E-03  7.955E+00  5.589E-01  6.411E-03  2.388E+22 -1.730E-01 -4.709E+00 -1.491E-01  1.637E+01  1.905E+01  9.732E+00  3.598E+20 -1.072E-02 -5.748E-02  1.917E-02  4.074E-01  6.156E-01  4.969E-01  2.106E+01  5.839E+01  1.748E+01  4.459E+01  2.893E+01  3.392E+01  4.348E+01  2.446E+22 -1.730E-01 -4.709E+00  3.510E-02  1.736E+01  2.022E+01  1.041E+01  3.868E+20 -1.070E-02 -5.745E-02  2.720E-02  4.547E-01  6.775E-01  5.427E-01  2.141E+01  5.838E+01  1.748E+01  4.441E+01  2.976E+01  3.461E+01  4.399E+01
 386  04 11 05  2.400E+22  7.882E+00  2.48980E-18  5.82553E-01  2.80853E+01  7.30219E+03  3.54015E-02  8.05406E+00  8.36574E+00  7.033E+00  9.679E-01  1.249E+01  7.178E+00  9.409E-01  9.528E+00  7.922E+00  5.341E-01  8.907E-03  7.958E+00  5.628E-01  7.284E-03  2.055E+22 -4.707E-01 -3.822E+00  2.981E-01  1.650E+01  1.955E+01  1.011E+01  3.643E+20 -2.024E-02 -5.836E-02  2.162E-02  4.214E-01  6.343E-01  5.103E-01  2.460E+01  4.743E+01  2.203E+01  4.656E+01  3.091E+01  3.489E+01  4.365E+01  2.115E+22 -4.707E-01 -3.822E+00  4.804E-01  1.749E+01  2.070E+01  1.073E+01  3.862E+20 -2.020E-02 -5.831E-02  2.779E-02  4.590E-01  6.838E-01  5.471E-01  2.500E+01  4.742E+01  2.203E+01  4.465E+01  3.149E+01  3.530E+01  4.390E+01
 387  04 11 06  2.400E+22  8.191E+00  8.06910E-19  5.82605E-01  2.92719E+01  7.61071E+03  3.68972E-02  8.14635E+00  8.36412E+00  7.302E+00  8.576E-01  7.853E+00  7.387E+00  8.580E-01  6.528E+00  8.018E+00  5.396E-01  7.746E-03  8.042E+00  5.637E-01  6.655E-03  1.425E+22 -7.564E-01 -2.498E+00  7.314E-01  1.423E+01  1.753E+01  9.601E+00  3.682E+20 -3.170E-02 -5.927E-02  3.179E-02  4.645E-01  6.818E-01  5.392E-01  3.180E+01  4.635E+01  3.039E+01  4.583E+01  3.653E+01  3.914E+01  4.636E+01  1.476E+22 -7.564E-01 -2.498E+00  8.923E-01  1.508E+01  1.850E+01  1.012E+01  3.863E+20 -3.164E-02 -5.919E-02  3.720E-02  4.960E-01  7.231E-01  5.698E-01  3.217E+01  4.634E+01  3.039E+01  4.515E+01  3.680E+01  3.930E+01  4.644E+01
 388  04 11 07  2.400E+22  8.442E+00  2.30180E-19  5.82331E-01  3.62931E+01  9.43619E+03  4.57473E-02  8.27211E+00  8.39980E+00  7.576E+00  7.495E-01  4.743E+00  7.653E+00  7.723E-01  3.878E+00  8.146E+00  5.255E-01  6.405E-03  8.171E+00  5.611E-01  5.331E-03  7.640E+21 -9.354E-01 -1.315E+00  7.654E-01  9.516E+00  1.231E+01  7.530E+00  3.596E+20 -4.267E-02 -5.991E-02  4.507E-02  5.067E-01  7.197E-01  5.568E-01  4.610E+01  4.630E+01  4.604E+01  5.455E+01  4.897E+01  4.978E+01  5.424E+01  8.139E+21 -9.354E-01 -1.315E+00  9.282E-01  1.038E+01  1.335E+01  8.143E+00  3.858E+20 -4.253E-02 -5.973E-02  5.315E-02  5.530E-01  7.800E-01  6.014E-01  4.653E+01  4.630E+01  4.603E+01  5.363E+01  4.912E+01  4.986E+01  5.424E+01
 389  04 11 08  2.400E+22  8.597E+00  5.91640E-20  5.82579E-01  5.07811E+01  1.32031E+04  6.40095E-02  8.38397E+00  8.43299E+00  7.749E+00  6.517E-01  3.534E+00  7.863E+00  7.218E-01  2.507E+00  8.253E+00  4.806E-01  5.966E-03  8.289E+00  5.595E-01  4.269E-03  3.180E+21 -4.245E-01 -5.888E-01  4.572E-01  4.657E+00  6.206E+00  4.243E+00  3.292E+20 -4.349E-02 -6.027E-02  5.218E-02  5.077E-01  7.026E-01  5.338E-01  7.270E+01  7.371E+01  7.346E+01  7.848E+01  7.382E+01  7.310E+01  7.394E+01  3.724E+21 -4.245E-01 -5.888E-01  6.362E-01  5.626E+00  7.419E+00  5.057E+00  3.862E+20 -4.339E-02 -6.014E-02  6.991E-02  6.098E-01  8.354E-01  6.317E-01  7.318E+01  7.371E+01  7.346E+01  7.635E+01  7.377E+01  7.305E+01  7.375E+01
 390  04 12 03  2.400E+22  7.222E+00  1.83840E-17  8.94329E-01  6.29067E+01  1.63557E+04  7.92938E-02  8.15730E+00  8.43826E+00  7.064E+00  1.262E+00  1.298E+01  7.504E+00  1.242E+00  5.321E+00  7.984E+00  6.875E-01  9.446E-03  8.103E+00  8.514E-01  4.720E-03  2.431E+22  0.000E+00 -4.934E+00 -4.693E-01  1.523E+01  1.797E+01  9.551E+00  4.717E+20  0.000E+00 -8.710E-02  2.969E-02  5.738E-01  8.504E-01  6.760E-01  1.973E+01  0.000E+00  1.577E+01  2.722E+01  2.955E+01  3.573E+01  4.741E+01  2.498E+22  0.000E+00 -4.934E+00 -2.527E-01  1.643E+01  1.950E+01  1.063E+01  5.941E+20  0.000E+00 -8.708E-02  6.610E-02  7.910E-01  1.134E+00  8.854E-01  2.019E+01  0.000E+00  1.577E+01  6.158E+01  3.151E+01  3.804E+01  5.064E+01
 391  04 12 04  2.400E+22  7.494E+00  7.93270E-18  8.94638E-01  5.62478E+01  1.46244E+04  7.09002E-02  8.13303E+00  8.43173E+00  7.095E+00  1.310E+00  1.199E+01  7.434E+00  1.280E+00  6.043E+00  7.976E+00  7.324E-01  8.883E-03  8.069E+00  8.550E-01  5.198E-03  2.463E+22  0.000E+00 -4.808E+00 -2.951E-01  1.663E+01  1.989E+01  1.066E+01  5.022E+20  0.000E+00 -8.793E-02  3.280E-02  6.071E-01  9.013E-01  7.177E-01  2.137E+01  0.000E+00  1.763E+01  4.885E+01  3.064E+01  3.640E+01  4.733E+01  2.527E+22  0.000E+00 -4.808E+00 -8.711E-02  1.778E+01  2.134E+01  1.167E+01  5.943E+20  0.000E+00 -8.789E-02  6.032E-02  7.704E-01  1.114E+00  8.751E-01  2.181E+01  0.000E+00  1.763E+01  4.757E+01  3.235E+01  3.826E+01  4.966E+01
 392  04 12 05  2.400E+22  7.825E+00  2.78100E-18  8.94544E-01  4.65308E+01  1.20980E+04  5.86520E-02  8.12736E+00  8.41386E+00  7.196E+00  1.331E+00  9.769E+00  7.381E+00  1.314E+00  6.655E+00  7.992E+00  7.905E-01  8.210E-03  8.043E+00  8.595E-01  6.035E-03  2.215E+22 -2.265E-01 -4.057E+00  1.755E-01  1.751E+01  2.146E+01  1.185E+01  5.410E+20 -2.584E-02 -8.897E-02  4.044E-02  6.647E-01  9.824E-01  7.805E-01  2.525E+01  7.861E+01  2.231E+01  5.323E+01  3.388E+01  3.881E+01  4.840E+01  2.272E+22 -2.265E-01 -4.057E+00  3.611E-01  1.851E+01  2.271E+01  1.267E+01  5.931E+20 -2.578E-02 -8.889E-02  5.633E-02  7.570E-01  1.103E+00  8.694E-01  2.575E+01  7.860E+01  2.231E+01  5.634E+01  3.513E+01  4.003E+01  4.954E+01
 393  04 12 06  2.400E+22  8.130E+00  9.31470E-19  8.94486E-01  4.18312E+01  1.08761E+04  5.27282E-02  8.16810E+00  8.38950E+00  7.320E+00  1.281E+00  7.732E+00  7.441E+00  1.288E+00  5.928E+00  8.034E+00  8.088E-01  7.840E-03  8.069E+00  8.642E-01  6.294E-03  1.623E+22 -5.219E-01 -2.814E+00  6.483E-01  1.568E+01  1.993E+01  1.161E+01  5.521E+20 -4.217E-02 -9.042E-02  4.906E-02  7.060E-01  1.032E+00  8.141E-01  3.300E+01  6.432E+01  3.124E+01  5.493E+01  4.023E+01  4.371E+01  5.134E+01  1.679E+22 -5.219E-01 -2.814E+00  8.279E-01  1.666E+01  2.113E+01  1.238E+01  5.935E+20 -4.202E-02 -9.022E-02  6.148E-02  7.787E-01  1.127E+00  8.844E-01  3.372E+01  6.432E+01  3.124E+01  5.853E+01  4.136E+01  4.462E+01  5.197E+01
 394  04 12 07  2.400E+22  8.377E+00  2.94960E-19  8.94381E-01  4.53053E+01  1.17794E+04  5.71072E-02  8.25346E+00  8.39545E+00  7.523E+00  1.171E+00  5.295E+00  7.614E+00  1.205E+00  4.221E+00  8.124E+00  8.037E-01  6.807E-03  8.152E+00  8.625E-01  5.563E-03  9.655E+21 -8.016E-01 -1.637E+00  7.968E-01  1.142E+01  1.504E+01  9.519E+00  5.495E+20 -6.101E-02 -9.130E-02  6.430E-02  7.598E-01  1.085E+00  8.429E-01  4.709E+01  5.981E+01  4.680E+01  6.230E+01  5.256E+01  5.422E+01  5.917E+01  1.018E+22 -8.016E-01 -1.637E+00  9.675E-01  1.234E+01  1.619E+01  1.026E+01  5.928E+20 -6.088E-02 -9.113E-02  7.753E-02  8.362E-01  1.185E+00  9.166E-01  4.815E+01  5.981E+01  4.680E+01  6.256E+01  5.362E+01  5.498E+01  5.961E+01
 395  04 12 08  2.400E+22  8.551E+00  8.31100E-20  8.94166E-01  5.75758E+01  1.49697E+04  7.25742E-02  8.35427E+00  8.42998E+00  7.688E+00  1.030E+00  3.983E+00  7.807E+00  1.131E+00  2.835E+00  8.219E+00  7.447E-01  6.325E-03  8.258E+00  8.621E-01  4.585E-03  4.498E+21 -5.748E-01 -8.024E-01  5.732E-01  6.290E+00  8.459E+00  5.812E+00  5.095E+20 -6.626E-02 -9.220E-02  7.453E-02  7.642E-01  1.067E+00  8.148E-01  7.221E+01  7.460E+01  7.426E+01  8.038E+01  7.531E+01  7.548E+01  7.744E+01  5.093E+21 -5.748E-01 -8.024E-01  7.652E-01  7.349E+00  9.803E+00  6.743E+00  5.943E+20 -6.614E-02 -9.204E-02  1.001E-01  9.147E-01  1.263E+00  9.599E-01  7.461E+01  7.460E+01  7.426E+01  8.183E+01  7.739E+01  7.714E+01  7.851E+01
 396  04 13 04  2.400E+22  7.522E+00  7.17520E-18  1.37364E+00  9.17298E+01  2.38497E+04  1.15625E-01  8.22186E+00  8.44832E+00  7.004E+00  1.853E+00  1.493E+01  7.604E+00  1.848E+00  4.398E+00  7.996E+00  9.621E-01  1.204E-02  8.154E+00  1.313E+00  4.760E-03  2.491E+22  0.000E+00 -4.785E+00 -3.346E-01  1.692E+01  2.053E+01  1.126E+01  6.523E+20  0.000E+00 -1.346E-01  3.871E-02  8.113E-01  1.201E+00  9.507E-01  2.194E+01  0.000E+00  1.813E+01  5.831E+01  3.183E+01  3.772E+01  4.928E+01  2.558E+22  0.000E+00 -4.785E+00 -1.153E-01  1.814E+01  2.210E+01  1.239E+01  9.125E+20  0.000E+00 -1.345E-01  1.167E-01  1.275E+00  1.806E+00  1.397E+00  2.243E+01  0.000E+00  1.813E+01  7.373E+01  3.380E+01  4.001E+01  5.287E+01
 397  04 13 05  2.400E+22  7.813E+00  2.80840E-18  1.37362E+00  7.99327E+01  2.07825E+04  1.00755E-01  8.20634E+00  8.44070E+00  7.186E+00  1.853E+00  1.061E+01  7.556E+00  1.886E+00  4.803E+00  8.023E+00  1.075E+00  9.724E-03  8.128E+00  1.319E+00  5.163E-03  2.267E+22 -2.961E-02 -4.111E+00  3.079E-02  1.754E+01  2.193E+01  1.245E+01  7.318E+20 -4.498E-03 -1.361E-01  5.498E-02  9.288E-01  1.363E+00  1.076E+00  2.578E+01  9.149E+01  2.276E+01  5.713E+01  3.537E+01  4.058E+01  5.122E+01  2.331E+22 -2.961E-02 -4.111E+00  2.391E-01  1.869E+01  2.341E+01  1.350E+01  9.131E+20 -4.498E-03 -1.360E-01  1.098E-01  1.252E+00  1.785E+00  1.387E+00  2.640E+01  9.149E+01  2.276E+01  6.836E+01  3.734E+01  4.264E+01  5.410E+01
 398  04 13 06  2.400E+22  8.097E+00  9.95720E-19  1.37338E+00  6.70741E+01  1.74393E+04  8.45468E-02  8.21830E+00  8.43454E+00  7.343E+00  1.830E+00  7.745E+00  7.555E+00  1.892E+00  4.791E+00  8.062E+00  1.155E+00  8.351E-03  8.126E+00  1.324E+00  5.612E-03  1.732E+22 -2.907E-01 -2.978E+00  5.193E-01  1.622E+01  2.103E+01  1.264E+01  7.875E+20 -5.613E-02 -1.376E-01  7.280E-02  1.034E+00  1.501E+00  1.178E+00  3.361E+01  9.810E+01  3.181E+01  6.102E+01  4.263E+01  4.653E+01  5.579E+01  1.795E+22 -2.907E-01 -2.978E+00  7.214E-01  1.734E+01  2.246E+01  1.365E+01  9.121E+20 -5.604E-02 -1.375E-01  1.101E-01  1.254E+00  1.790E+00  1.390E+00  3.457E+01  9.810E+01  3.181E+01  6.814E+01  4.480E+01  4.864E+01  5.822E+01
 399  04 13 07  2.400E+22  8.323E+00  3.53970E-19  1.37307E+00  6.30431E+01  1.63912E+04  7.94657E-02  8.26134E+00  8.41410E+00  7.499E+00  1.769E+00  5.682E+00  7.629E+00  1.842E+00  4.126E+00  8.122E+00  1.197E+00  7.280E-03  8.162E+00  1.324E+00  5.496E-03  1.134E+22 -5.649E-01 -1.903E+00  7.681E-01  1.281E+01  1.712E+01  1.104E+01  8.174E+20 -8.188E-02 -1.391E-01  9.301E-02  1.129E+00  1.615E+00  1.254E+00  4.712E+01  8.173E+01  4.684E+01  6.899E+01  5.485E+01  5.746E+01  6.454E+01  1.190E+22 -5.649E-01 -1.903E+00  9.530E-01  1.382E+01  1.841E+01  1.194E+01  9.109E+20 -8.176E-02 -1.389E-01  1.216E-01  1.295E+00  1.831E+00  1.414E+00  4.872E+01  8.173E+01  4.684E+01  7.432E+01  5.728E+01  5.963E+01  6.644E+01
 400  04 13 08  2.400E+22  8.507E+00  1.07230E-19  1.37358E+00  7.07284E+01  1.83894E+04  8.91530E-02  8.33765E+00  8.42302E+00  7.641E+00  1.606E+00  4.398E+00  7.773E+00  1.758E+00  3.063E+00  8.197E+00  1.141E+00  6.749E-03  8.240E+00  1.325E+00  4.833E-03  5.849E+21 -7.217E-01 -1.013E+00  6.541E-01  7.839E+00  1.066E+01  7.376E+00  7.799E+20 -1.008E-01 -1.406E-01  1.075E-01  1.149E+00  1.613E+00  1.237E+00  7.220E+01  7.542E+01  7.495E+01  8.435E+01  7.734E+01  7.847E+01  8.244E+01  6.461E+21 -7.217E-01 -1.013E+00  8.507E-01  8.932E+00  1.206E+01  8.368E+00  9.129E+20 -1.007E-01 -1.405E-01  1.473E-01  1.385E+00  1.921E+00  1.464E+00  7.586E+01  7.542E+01  7.495E+01  9.000E+01  8.148E+01  8.215E+01  8.535E+01
 401  04 13 09  2.400E+22  8.621E+00  3.00610E-20  1.37331E+00  9.15888E+01  2.38131E+04  1.15448E-01  8.41124E+00  8.45567E+00  7.709E+00  1.373E+00  4.157E+00  7.906E+00  1.686E+00  2.302E+00  8.257E+00  9.857E-01  7.287E-03  8.318E+00  1.322E+00  4.145E-03  2.433E+21 -3.461E-01 -4.796E-01  3.507E-01  3.661E+00  4.986E+00  3.605E+00  6.717E+20 -1.024E-01 -1.416E-01  1.024E-01  1.045E+00  1.446E+00  1.096E+00  1.119E+02  1.205E+02  1.202E+02  1.148E+02  1.141E+02  1.147E+02  1.165E+02  3.078E+21 -3.461E-01 -4.796E-01  5.586E-01  4.823E+00  6.481E+00  4.684E+00  9.130E+20 -1.022E-01 -1.413E-01  1.749E-01  1.475E+00  2.007E+00  1.511E+00  1.205E+02  1.205E+02  1.202E+02  1.261E+02  1.228E+02  1.227E+02  1.230E+02
 402  04 14 05  2.400E+22  7.768E+00  3.22690E-18  2.10898E+00  1.36049E+02  3.53727E+04  1.71489E-01  8.27976E+00  8.45703E+00  6.636E+00  3.093E+00  2.669E+01  7.693E+00  2.762E+00  3.698E+00  7.968E+00  1.251E+00  1.863E-02  8.203E+00  2.022E+00  4.681E-03  2.343E+22  0.000E+00 -4.255E+00 -1.189E-01  1.748E+01  2.196E+01  1.255E+01  8.317E+20  0.000E+00 -2.074E-01  3.043E-02  1.028E+00  1.536E+00  1.219E+00  2.518E+01  0.000E+00  2.209E+01  6.270E+01  3.529E+01  4.075E+01  5.207E+01  2.411E+22  0.000E+00 -4.255E+00  1.021E-01  1.871E+01  2.354E+01  1.370E+01  1.402E+21  0.000E+00 -2.073E-01  2.027E-01  2.048E+00  2.865E+00  2.198E+00  2.586E+01  0.000E+00  2.209E+01  8.205E+01  3.753E+01  4.322E+01  5.582E+01
 403  04 14 06  2.400E+22  8.064E+00  1.09660E-18  2.10891E+00  1.16261E+02  3.02280E+04  1.46547E-01  8.27492E+00  8.44983E+00  7.211E+00  2.609E+00  1.069E+01  7.670E+00  2.787E+00  3.846E+00  8.058E+00  1.510E+00  1.129E-02  8.189E+00  2.027E+00  4.985E-03  1.826E+22 -6.602E-02 -3.118E+00  3.719E-01  1.642E+01  2.152E+01  1.310E+01  1.020E+21 -3.877E-02 -2.095E-01  8.086E-02  1.347E+00  1.961E+00  1.536E+00  3.333E+01  1.859E+02  3.134E+01  6.787E+01  4.347E+01  4.755E+01  5.750E+01  1.890E+22 -6.602E-02 -3.118E+00  5.815E-01  1.758E+01  2.301E+01  1.418E+01  1.400E+21 -3.877E-02 -2.093E-01  1.970E-01  2.028E+00  2.848E+00  2.190E+00  3.433E+01  1.859E+02  3.134E+01  8.138E+01  4.611E+01  5.026E+01  6.103E+01
 404  04 14 07  2.400E+22  8.293E+00  3.86300E-19  2.10869E+00  9.91516E+01  2.57794E+04  1.24980E-01  8.29393E+00  8.44834E+00  7.433E+00  2.529E+00  6.870E+00  7.692E+00  2.773E+00  3.663E+00  8.118E+00  1.642E+00  8.808E-03  8.199E+00  2.033E+00  5.160E-03  1.226E+22 -3.310E-01 -2.047E+00  6.780E-01  1.332E+01  1.805E+01  1.179E+01  1.115E+21 -1.093E-01 -2.121E-01  1.177E-01  1.544E+00  2.212E+00  1.717E+00  4.733E+01  1.202E+02  4.734E+01  7.750E+01  5.696E+01  5.937E+01  6.722E+01  1.291E+22 -3.310E-01 -2.047E+00  8.876E-01  1.449E+01  1.955E+01  1.288E+01  1.401E+21 -1.091E-01 -2.118E-01  2.033E-01  2.052E+00  2.874E+00  2.206E+00  4.947E+01  1.202E+02  4.734E+01  8.596E+01  6.073E+01  6.306E+01  7.140E+01
 405  04 14 08  2.400E+22  8.468E+00  1.29750E-19  2.10827E+00  9.61181E+01  2.49907E+04  1.21157E-01  8.33800E+00  8.43510E+00  7.594E+00  2.429E+00  4.978E+00  7.770E+00  2.703E+00  3.106E+00  8.184E+00  1.688E+00  7.486E-03  8.240E+00  2.034E+00  4.886E-03  7.049E+21 -6.126E-01 -1.196E+00  6.884E-01  9.074E+00  1.246E+01  8.680E+00  1.150E+21 -1.487E-01 -2.143E-01  1.497E-01  1.680E+00  2.367E+00  1.818E+00  7.155E+01  9.683E+01  7.474E+01  8.921E+01  7.895E+01  8.024E+01  8.568E+01  7.672E+21 -6.126E-01 -1.196E+00  8.899E-01  1.019E+01  1.390E+01  9.721E+00  1.401E+21 -1.485E-01 -2.140E-01  2.254E-01  2.126E+00  2.949E+00  2.247E+00  7.600E+01  9.683E+01  7.474E+01  9.994E+01  8.480E+01  8.577E+01  9.119E+01
 406  04 14 09  2.400E+22  8.591E+00  3.95400E-20  2.10801E+00  1.10703E+02  2.87827E+04  1.39540E-01  8.39945E+00  8.44603E+00  7.688E+00  2.178E+00  4.307E+00  7.882E+00  2.609E+00  2.441E+00  8.244E+00  1.554E+00  7.334E-03  8.305E+00  2.029E+00  4.280E-03  3.341E+21 -4.428E-01 -6.162E-01  4.635E-01  4.914E+00  6.719E+00  4.864E+00  1.058E+21 -1.557E-01 -2.158E-01  1.569E-01  1.629E+00  2.261E+00  1.719E+00  1.111E+02  1.213E+02  1.208E+02  1.149E+02  1.145E+02  1.155E+02  1.188E+02  3.976E+21 -4.428E-01 -6.162E-01  6.691E-01  6.060E+00  8.195E+00  5.936E+00  1.401E+21 -1.556E-01 -2.155E-01  2.604E-01  2.240E+00  3.058E+00  2.306E+00  1.213E+02  1.213E+02  1.208E+02  1.322E+02  1.260E+02  1.263E+02  1.288E+02
 407  04 15 06  2.400E+22  8.027E+00  1.25310E-18  3.23774E+00  1.99492E+02  5.18678E+04  2.51459E-01  8.32943E+00  8.46370E+00  7.828E+00  1.437E+00  4.538E-02  7.766E+00  4.155E+00  3.204E+00  7.828E+00  1.437E+00  4.538E-02  8.244E+00  3.110E+00  4.616E-03  1.915E+22  0.000E+00 -3.271E+00  2.178E-01  1.652E+01  2.171E+01  1.321E+01  9.095E+20  0.000E+00 -3.193E-01 -3.270E-02  1.035E+00  1.619E+00  1.306E+00  3.224E+01  0.000E+00  3.002E+01  4.223E+01  4.251E+01  4.703E+01  5.748E+01  1.983E+22  0.000E+00 -3.271E+00  4.412E-01  1.776E+01  2.331E+01  1.438E+01  2.151E+21  0.000E+00 -3.190E-01  3.434E-01  3.263E+00  4.520E+00  3.443E+00  3.328E+01  0.000E+00  3.002E+01  9.861E+01  4.551E+01  5.006E+01  6.164E+01
 408  04 15 07  2.400E+22  8.278E+00  4.01970E-19  3.23848E+00  1.68916E+02  4.39182E+04  2.12919E-01  8.33372E+00  8.45726E+00  7.031E+00  3.766E+00  1.548E+01  7.765E+00  4.161E+00  3.185E+00  8.053E+00  1.933E+00  1.603E-02  8.242E+00  3.118E+00  4.761E-03  1.274E+22 -1.161E-01 -2.112E+00  5.710E-01  1.337E+01  1.831E+01  1.209E+01  1.286E+21 -1.280E-01 -3.228E-01  8.226E-02  1.714E+00  2.505E+00  1.959E+00  4.750E+01  2.299E+02  4.757E+01  8.636E+01  5.834E+01  6.072E+01  6.888E+01  1.341E+22 -1.161E-01 -2.112E+00  7.892E-01  1.458E+01  1.988E+01  1.324E+01  2.152E+21 -1.278E-01 -3.225E-01  3.437E-01  3.264E+00  4.525E+00  3.448E+00  4.981E+01  2.299E+02  4.757E+01  1.038E+02  6.293E+01  6.510E+01  7.408E+01
 409  04 15 08  2.400E+22  8.446E+00  1.41530E-19  3.23808E+00  1.47472E+02  3.83427E+04  1.85888E-01  8.35801E+00  8.45601E+00  7.464E+00  3.460E+00  6.946E+00  7.804E+00  4.112E+00  2.924E+00  8.159E+00  2.241E+00  9.952E-03  8.262E+00  3.122E+00  4.688E-03  7.725E+21 -3.833E-01 -1.297E+00  6.657E-01  9.626E+00  1.335E+01  9.361E+00  1.514E+21 -2.050E-01 -3.263E-01  1.692E-01  2.184E+00  3.099E+00  2.386E+00  7.172E+01  1.408E+02  7.539E+01  9.745E+01  8.135E+01  8.225E+01  8.787E+01  8.380E+21 -3.833E-01 -1.297E+00  8.784E-01  1.081E+01  1.488E+01  1.048E+01  2.152E+21 -2.048E-01 -3.260E-01  3.617E-01  3.324E+00  4.586E+00  3.482E+00  7.687E+01  1.408E+02  7.539E+01  1.131E+02  8.906E+01  8.946E+01  9.552E+01
 410  04 15 09  2.400E+22  8.565E+00  4.79100E-20  3.23843E+00  1.47830E+02  3.84359E+04  1.86340E-01  8.39521E+00  8.45184E+00  7.591E+00  3.225E+00  5.472E+00  7.870E+00  4.029E+00  2.523E+00  8.215E+00  2.200E+00  8.839E-03  8.299E+00  3.120E+00  4.359E-03  4.092E+21 -5.252E-01 -7.334E-01  5.252E-01  5.843E+00  8.042E+00  5.840E+00  1.490E+21 -2.375E-01 -3.292E-01  1.966E-01  2.248E+00  3.146E+00  2.401E+00  1.093E+02  1.215E+02  1.207E+02  1.153E+02  1.143E+02  1.153E+02  1.190E+02  4.761E+21 -5.252E-01 -7.334E-01  7.402E-01  7.050E+00  9.602E+00  6.980E+00  2.152E+21 -2.373E-01 -3.289E-01  3.944E-01  3.429E+00  4.687E+00  3.538E+00  1.215E+02  1.215E+02  1.207E+02  1.392E+02  1.290E+02  1.294E+02  1.331E+02
 411  04 16 07  2.400E+22  8.245E+00  4.68780E-19  4.97146E+00  2.93155E+02  7.62202E+04  3.69521E-01  8.37323E+00  8.46842E+00  6.329E+00  1.721E+00  2.600E+00  7.831E+00  6.269E+00  2.813E+00  6.329E+00  1.721E+00  2.600E+00  8.283E+00  4.783E+00  4.508E-03  1.370E+22  0.000E+00 -2.260E+00  4.489E-01  1.371E+01  1.888E+01  1.242E+01  5.336E+20  0.000E+00 -4.912E-01 -2.605E-01  2.086E-01  6.360E-01  6.118E-01  4.534E+01  0.000E+00  4.514E+01  8.588E+01  5.627E+01  5.902E+01  6.772E+01  1.440E+22  0.000E+00 -2.260E+00  6.764E-01  1.498E+01  2.052E+01  1.362E+01  3.304E+21  0.000E+00 -4.909E-01  5.755E-01  5.184E+00  7.115E+00  5.385E+00  4.741E+01  0.000E+00  4.514E+01  1.076E+02  6.105E+01  6.359E+01  7.323E+01
 412  04 16 08  2.400E+22  8.424E+00  1.58960E-19  4.97202E+00  2.50799E+02  6.52078E+04  3.16132E-01  8.38205E+00  8.46391E+00  7.931E+00  2.053E+00  3.904E-02  7.843E+00  6.248E+00  2.723E+00  7.931E+00  2.053E+00  3.904E-02  8.287E+00  4.789E+00  4.515E-03  8.378E+21 -1.454E-01 -1.394E+00  5.968E-01  9.996E+00  1.399E+01  9.843E+00  1.304E+21 -2.516E-01 -4.960E-01 -1.634E-02  1.628E+00  2.474E+00  1.961E+00  6.959E+01  2.604E+02  7.309E+01  9.774E+01  8.035E+01  8.121E+01  8.718E+01  9.068E+21 -1.454E-01 -1.394E+00  8.208E-01  1.125E+01  1.562E+01  1.103E+01  3.304E+21 -2.513E-01 -4.957E-01  5.846E-01  5.211E+00  7.144E+00  5.402E+00  7.482E+01  2.604E+02  7.309E+01  1.228E+02  8.891E+01  8.923E+01  9.586E+01
 413  04 16 09  2.400E+22  8.547E+00  5.38770E-20  4.97013E+00  2.22149E+02  5.77588E+04  2.80019E-01  8.40654E+00  8.46726E+00  7.259E+00  4.670E+00  1.127E+01  7.885E+00  6.165E+00  2.468E+00  8.148E+00  2.660E+00  1.518E-02  8.311E+00  4.788E+00  4.321E-03  4.634E+21 -4.219E-01 -8.131E-01  5.545E-01  6.478E+00  8.958E+00  6.519E+00  1.768E+21 -3.542E-01 -5.010E-01  1.565E-01  2.565E+00  3.660E+00  2.815E+00  1.084E+02  1.582E+02  1.204E+02  1.190E+02  1.150E+02  1.158E+02  1.197E+02  5.314E+21 -4.219E-01 -8.131E-01  7.747E-01  7.713E+00  1.055E+01  7.689E+00  3.303E+21 -3.540E-01 -5.007E-01  6.176E-01  5.312E+00  7.242E+00  5.456E+00  1.215E+02  1.582E+02  1.204E+02  1.497E+02  1.322E+02  1.320E+02  1.361E+02
 414  04 16 10  2.400E+22  8.629E+00  1.73090E-20  4.97246E+00  2.29184E+02  5.95880E+04  2.88887E-01  8.43687E+00  8.46418E+00  7.367E+00  4.183E+00  9.645E+00  7.941E+00  6.061E+00  2.171E+00  8.197E+00  2.493E+00  1.440E-02  8.343E+00  4.785E+00  3.984E-03  2.182E+21 -3.170E-01 -4.393E-01  3.109E-01  3.317E+00  4.562E+00  3.382E+00  1.660E+21 -3.663E-01 -5.055E-01  1.702E-01  2.508E+00  3.536E+00  2.697E+00  1.647E+02  1.988E+02  1.980E+02  1.546E+02  1.662E+02  1.678E+02  1.703E+02  2.865E+21 -3.170E-01 -4.393E-01  5.312E-01  4.557E+00  6.165E+00  4.558E+00  3.305E+21 -3.661E-01 -5.052E-01  6.632E-01  5.453E+00  7.376E+00  5.528E+00  1.983E+02  1.988E+02  1.980E+02  2.109E+02  2.040E+02  2.041E+02  2.063E+02
 415  04 17 08  2.400E+22  8.406E+00  1.76910E-19  7.63374E+00  4.34221E+02  1.12897E+05  5.47334E-01  8.41232E+00  8.47254E+00  7.367E+00  4.183E+00  9.645E+00  7.891E+00  9.472E+00  2.491E+00  8.197E+00  2.493E+00  1.440E-02  8.319E+00  7.348E+00  4.360E-03  8.912E+21  0.000E+00 -1.471E+00  5.068E-01  1.010E+01  1.436E+01  1.015E+01 -1.206E+21  0.000E+00 -7.549E-01 -9.306E-01 -3.072E+00 -3.525E+00 -2.422E+00  6.699E+01  0.000E+00  7.026E+01  1.007E+02  7.899E+01  7.967E+01  8.585E+01  9.623E+21  0.000E+00 -1.471E+00  7.382E-01  1.140E+01  1.604E+01  1.138E+01  5.073E+21  0.000E+00 -7.545E-01  9.561E-01  8.210E+00  1.117E+01  8.403E+00  7.196E+01  0.000E+00  7.026E+01  1.321E+02  8.834E+01  8.804E+01  9.487E+01
 416  04 17 09  2.400E+22  8.530E+00  6.12550E-20  7.63248E+00  3.73755E+02  9.71763E+04  4.71118E-01  8.42274E+00  8.46857E+00  6.582E+00  1.067E+00  1.647E-12  7.908E+00  9.420E+00  2.379E+00  6.582E+00  1.067E+00  1.647E-12  8.327E+00  7.351E+00  4.274E-03  5.110E+21 -1.789E-01 -8.838E-01  5.332E-01  6.890E+00  9.639E+00  7.027E+00  4.549E+20 -4.643E-01 -7.619E-01 -4.038E-01 -9.695E-03  4.355E-01  4.818E-01  1.045E+02  2.846E+02  1.163E+02  1.189E+02  1.133E+02  1.133E+02  1.173E+02  5.817E+21 -1.789E-01 -8.838E-01  7.620E-01  8.178E+00  1.130E+01  8.249E+00  5.073E+21 -4.640E-01 -7.615E-01  9.776E-01  8.270E+00  1.123E+01  8.437E+00  1.175E+02  2.846E+02  1.163E+02  1.535E+02  1.310E+02  1.301E+02  1.345E+02
 417  04 17 10  2.400E+22  8.614E+00  2.04640E-20  7.63142E+00  3.37086E+02  8.76424E+04  4.24897E-01  8.44288E+00  8.47626E+00  7.919E+00  2.185E+00  6.617E-02  7.946E+00  9.303E+00  2.171E+00  7.919E+00  2.185E+00  6.617E-02  8.348E+00  7.345E+00  4.032E-03  2.600E+21 -3.622E-01 -5.027E-01  3.635E-01  3.919E+00  5.398E+00  3.996E+00  1.336E+21 -5.580E-01 -7.689E-01 -9.143E-02  1.710E+00  2.626E+00  2.070E+00  1.603E+02  1.952E+02  1.940E+02  1.489E+02  1.623E+02  1.639E+02  1.668E+02  3.304E+21 -3.622E-01 -5.027E-01  5.908E-01  5.201E+00  7.057E+00  5.213E+00  5.072E+21 -5.577E-01 -7.686E-01  1.025E+00  8.407E+00  1.136E+01  8.506E+00  1.946E+02  1.952E+02  1.940E+02  2.144E+02  2.032E+02  2.026E+02  2.052E+02
 418  04 18 08  2.400E+22  8.420E+00  1.58130E-19  1.17212E+01  7.04648E+02  1.83209E+05  8.88208E-01  8.43627E+00  8.47671E+00  7.919E+00  2.185E+00  6.617E-02  7.927E+00  1.442E+01  2.329E+00  7.919E+00  2.185E+00  6.617E-02  8.343E+00  1.128E+01  4.288E-03  8.469E+21  0.000E+00 -1.396E+00  4.474E-01  9.419E+00  1.352E+01  9.740E+00 -9.328E+21  0.000E+00 -1.152E+00 -3.592E+00 -1.793E+01 -2.270E+01 -1.650E+01  7.048E+01  0.000E+00  7.442E+01  8.762E+01  8.509E+01  8.492E+01  8.971E+01  9.196E+21  0.000E+00 -1.396E+00  6.840E-01  1.075E+01  1.524E+01  1.100E+01  7.790E+21  0.000E+00 -1.151E+00  1.539E+00  1.286E+01  1.740E+01  1.304E+01  7.625E+01  0.000E+00  7.442E+01  1.240E+02  9.461E+01  9.397E+01  9.963E+01
 419  04 18 09  2.400E+22  8.521E+00  6.56970E-20  1.17204E+01  6.45680E+02  1.67877E+05  8.13878E-01  8.44350E+00  8.47606E+00  7.919E+00  2.185E+00  6.617E-02  7.938E+00  1.437E+01  2.257E+00  7.919E+00  2.185E+00  6.617E-02  8.349E+00  1.128E+01  4.219E-03  5.367E+21  0.000E+00 -9.200E-01  4.649E-01  6.901E+00  9.836E+00  7.259E+00 -6.523E+21  0.000E+00 -1.160E+00 -2.719E+00 -1.280E+01 -1.606E+01 -1.162E+01  1.022E+02  0.000E+00  1.137E+02  1.077E+02  1.116E+02  1.115E+02  1.154E+02  6.091E+21  0.000E+00 -9.200E-01  7.000E-01  8.224E+00  1.155E+01  8.514E+00  7.789E+21  0.000E+00 -1.159E+00  1.562E+00  1.292E+01  1.746E+01  1.307E+01  1.150E+02  0.000E+00  1.137E+02  1.578E+02  1.319E+02  1.293E+02  1.331E+02
 420  04 18 10  2.400E+22  8.604E+00  2.27420E-20  1.17189E+01  5.57920E+02  1.45059E+05  7.03258E-01  8.45426E+00  8.47308E+00  7.919E+00  2.185E+00  6.617E-02  7.960E+00  1.426E+01  2.132E+00  7.919E+00  2.185E+00  6.617E-02  8.359E+00  1.128E+01  4.053E-03  2.872E+21 -2.149E-01 -5.424E-01  3.639E-01  4.209E+00  5.871E+00  4.368E+00 -2.759E+21 -8.113E-01 -1.170E+00 -1.545E+00 -5.898E+00 -7.119E+00 -5.059E+00  1.571E+02  3.091E+02  1.896E+02  1.507E+02  1.629E+02  1.627E+02  1.648E+02  3.591E+21 -2.149E-01 -5.424E-01  5.960E-01  5.519E+00  7.565E+00  5.611E+00  7.789E+21 -8.109E-01 -1.169E+00  1.604E+00  1.303E+01  1.756E+01  1.312E+01  1.908E+02  3.091E+02  1.896E+02  2.162E+02  2.037E+02  2.014E+02  2.035E+02
 421  04 19 09  2.400E+22  8.529E+00  5.95990E-20  1.79943E+01  1.05828E+03  2.75153E+05  1.33396E+00  8.46079E+00  8.47905E+00  7.919E+00  2.185E+00  6.617E-02  7.964E+00  2.192E+01  2.153E+00  7.919E+00  2.185E+00  6.617E-02  8.367E+00  1.732E+01  4.166E-03  5.108E+21  0.000E+00 -8.774E-01  3.805E-01  6.208E+00  8.990E+00  6.789E+00 -2.757E+22  0.000E+00 -1.769E+00 -9.320E+00 -5.095E+01 -6.554E+01 -4.800E+01  1.071E+02  0.000E+00  1.201E+02  1.246E+02  1.218E+02  1.217E+02  1.229E+02  5.846E+21  0.000E+00 -8.774E-01  6.199E-01  7.556E+00  1.073E+01  8.068E+00  1.196E+22  0.000E+00 -1.768E+00  2.480E+00  2.013E+01  2.708E+01  2.021E+01  1.215E+02  0.000E+00  1.201E+02  1.586E+02  1.416E+02  1.403E+02  1.421E+02
 422  04 19 10  2.400E+22  8.598E+00  2.43430E-20  1.79928E+01  9.64167E+02  2.50683E+05  1.21533E+00  8.46705E+00  8.47785E+00  7.919E+00  2.185E+00  6.617E-02  7.976E+00  2.183E+01  2.082E+00  7.919E+00  2.185E+00  6.617E-02  8.372E+00  1.732E+01  4.065E-03  3.030E+21 -8.659E-03 -5.650E-01  3.318E-01  4.222E+00  5.986E+00  4.523E+00 -2.074E+22 -6.114E-02 -1.780E+00 -7.223E+00 -3.853E+01 -4.942E+01 -3.616E+01  1.538E+02  6.214E+02  1.862E+02  1.275E+02  1.560E+02  1.594E+02  1.613E+02  3.767E+21 -8.659E-03 -5.650E-01  5.697E-01  5.566E+00  7.723E+00  5.799E+00  1.196E+22 -6.114E-02 -1.780E+00  2.516E+00  2.022E+01  2.716E+01  2.026E+01  1.873E+02  6.214E+02  1.862E+02  2.167E+02  2.022E+02  2.010E+02  2.014E+02
 423  05 05 01  4.800E+22  6.724E+00  9.28630E-17  4.44431E-02  2.65709E+00  6.90842E+02  3.34925E-03  6.93430E+00  7.44338E+00  6.651E+00  4.860E-02  1.403E-01  6.667E+00  4.887E-02  1.326E-01  6.651E+00  4.860E-02  1.403E-01  6.667E+00  4.887E-02  1.326E-01  5.701E+21 -1.200E-18 -1.248E+00 -5.151E-01  1.039E+00  1.301E+00  6.389E-01  2.917E+19 -0.000E+00 -3.281E-03 -2.629E-03  9.475E-03  2.185E-02  2.260E-02  1.386E+01  3.600E+01  9.937E+00  1.384E+01  1.851E+01  2.511E+01  3.644E+01  5.766E+21 -1.200E-18 -1.247E+00 -5.143E-01  1.067E+00  1.326E+00  6.496E-01  2.951E+19 -0.000E+00 -3.279E-03 -2.625E-03  9.730E-03  2.228E-02  2.298E-02  1.386E+01  3.600E+01  9.937E+00  1.384E+01  1.851E+01  2.511E+01  3.644E+01
 424  05 05 02  4.800E+22  6.996E+00  2.73800E-17  4.44390E-02  3.20166E+00  8.32432E+02  4.03569E-03  7.12509E+00  7.48065E+00  6.865E+00  4.699E-02  8.888E-02  6.881E+00  4.758E-02  8.370E-02  6.865E+00  4.699E-02  8.888E-02  6.881E+00  4.758E-02  8.370E-02  5.552E+21  2.000E-19 -1.300E+00 -4.511E-01  1.303E+00  1.505E+00  7.080E-01  2.901E+19  0.000E+00 -3.556E-03 -2.347E-03  1.202E-02  2.545E-02  2.513E-02  1.401E+01  3.600E+01  1.014E+01  1.398E+01  1.862E+01  2.520E+01  3.651E+01  5.650E+21  2.000E-19 -1.299E+00 -4.498E-01  1.346E+00  1.544E+00  7.244E-01  2.953E+19  0.000E+00 -3.553E-03 -2.341E-03  1.242E-02  2.612E-02  2.571E-02  1.401E+01  3.600E+01  1.014E+01  1.398E+01  1.862E+01  2.520E+01  3.651E+01
 425  05 05 03  4.800E+22  7.290E+00  7.08520E-18  4.44227E-02  4.40531E+00  1.14538E+03  5.55288E-03  7.34052E+00  7.52517E+00  7.114E+00  4.493E-02  5.070E-02  7.132E+00  4.619E-02  4.710E-02  7.114E+00  4.493E-02  5.070E-02  7.132E+00  4.619E-02  4.710E-02  5.204E+21  0.000E+00 -1.256E+00 -3.323E-01  1.627E+00  1.739E+00  7.833E-01  2.866E+19 -0.000E+00 -3.801E-03 -1.815E-03  1.546E-02  2.986E-02  2.799E-02  1.440E+01  1.238E+01  1.070E+01  1.433E+01  1.890E+01  2.540E+01  3.662E+01  5.376E+21  0.000E+00 -1.255E+00 -3.291E-01  1.707E+00  1.812E+00  8.137E-01  2.961E+19 -0.000E+00 -3.795E-03 -1.798E-03  1.622E-02  3.111E-02  2.908E-02  1.440E+01  1.238E+01  1.069E+01  1.434E+01  1.890E+01  2.539E+01  3.661E+01
 426  05 06 01  4.800E+22  6.682E+00  1.06170E-16  6.82595E-02  3.88044E+00  1.00891E+03  4.89129E-03  6.98734E+00  7.48665E+00  6.724E+00  7.256E-02  1.192E-01  6.749E+00  7.349E-02  1.090E-01  6.724E+00  7.256E-02  1.192E-01  6.749E+00  7.349E-02  1.090E-01  8.456E+21  0.000E+00 -1.815E+00 -7.453E-01  1.673E+00  2.053E+00  9.975E-01  4.431E+19 -0.000E+00 -5.025E-03 -3.878E-03  1.555E-02  3.480E-02  3.543E-02  1.402E+01  1.287E+01  1.019E+01  1.398E+01  1.869E+01  2.523E+01  3.653E+01  8.631E+21  0.000E+00 -1.815E+00 -7.438E-01  1.750E+00  2.124E+00  1.027E+00  4.525E+19 -0.000E+00 -5.024E-03 -3.870E-03  1.627E-02  3.601E-02  3.649E-02  1.403E+01  1.287E+01  1.019E+01  1.398E+01  1.869E+01  2.523E+01  3.653E+01
 427  05 06 02  4.800E+22  6.911E+00  3.45710E-17  6.82751E-02  4.07684E+00  1.05998E+03  5.13885E-03  7.10488E+00  7.48875E+00  6.842E+00  7.205E-02  9.337E-02  6.863E+00  7.314E-02  8.663E-02  6.842E+00  7.205E-02  9.337E-02  6.863E+00  7.314E-02  8.663E-02  8.319E+21  2.000E-19 -1.873E+00 -6.909E-01  1.913E+00  2.248E+00  1.067E+00  4.444E+19  0.000E+00 -5.369E-03 -3.663E-03  1.793E-02  3.829E-02  3.799E-02  1.417E+01  1.800E+01  1.039E+01  1.412E+01  1.876E+01  2.528E+01  3.655E+01  8.496E+21  2.000E-19 -1.872E+00 -6.889E-01  1.992E+00  2.321E+00  1.098E+00  4.540E+19  0.000E+00 -5.366E-03 -3.652E-03  1.867E-02  3.953E-02  3.908E-02  1.418E+01  1.800E+01  1.039E+01  1.412E+01  1.876E+01  2.528E+01  3.655E+01
 428  05 06 03  4.800E+22  7.189E+00  9.93860E-18  6.82743E-02  5.04141E+00  1.31077E+03  6.35469E-03  7.28000E+00  7.51538E+00  7.042E+00  6.995E-02  6.069E-02  7.059E+00  7.161E-02  5.650E-02  7.042E+00  6.995E-02  6.069E-02  7.059E+00  7.161E-02  5.650E-02  7.848E+21  0.000E+00 -1.803E+00 -5.513E-01  2.296E+00  2.535E+00  1.164E+00  4.411E+19  0.000E+00 -5.684E-03 -3.063E-03  2.213E-02  4.386E-02  4.173E-02  1.454E+01  0.000E+00  1.093E+01  1.445E+01  1.903E+01  2.550E+01  3.671E+01  8.073E+21  0.000E+00 -1.802E+00 -5.474E-01  2.400E+00  2.631E+00  1.204E+00  4.537E+19  0.000E+00 -5.677E-03 -3.041E-03  2.313E-02  4.553E-02  4.318E-02  1.454E+01  0.000E+00  1.093E+01  1.445E+01  1.902E+01  2.550E+01  3.671E+01
 429  05 06 04  4.800E+22  7.427E+00  2.54570E-18  6.82222E-02  7.05225E+00  1.83358E+03  8.88935E-03  7.45653E+00  7.57287E+00  7.243E+00  6.654E-02  3.918E-02  7.263E+00  7.001E-02  3.554E-02  7.243E+00  6.654E-02  3.918E-02  7.263E+00  7.001E-02  3.554E-02  6.707E+21  0.000E+00 -1.492E+00 -3.515E-01  2.549E+00  2.712E+00  1.221E+00  4.288E+19  0.000E+00 -5.946E-03 -2.200E-03  2.645E-02  4.888E-02  4.465E-02  1.556E+01  0.000E+00  1.243E+01  1.538E+01  1.976E+01  2.600E+01  3.710E+01  7.101E+21  0.000E+00 -1.491E+00 -3.431E-01  2.746E+00  2.898E+00  1.300E+00  4.537E+19  0.000E+00 -5.933E-03 -2.150E-03  2.847E-02  5.222E-02  4.754E-02  1.555E+01  0.000E+00  1.242E+01  1.539E+01  1.975E+01  2.600E+01  3.709E+01
 430  05 06 05  4.800E+22  7.571E+00  6.05440E-19  6.82413E-02  1.06468E+01  2.76817E+03  1.34203E-02  7.58499E+00  7.62995E+00  7.381E+00  6.088E-02  3.061E-02  7.409E+00  6.904E-02  2.569E-02  7.381E+00  6.088E-02  3.061E-02  7.409E+00  6.904E-02  2.569E-02  4.577E+21  0.000E+00 -9.431E-01 -1.737E-01  2.252E+00  2.480E+00  1.146E+00  3.953E+19  0.000E+00 -6.095E-03 -1.435E-03  2.810E-02  4.966E-02  4.411E-02  1.839E+01  0.000E+00  1.637E+01  1.791E+01  2.182E+01  2.751E+01  3.810E+01  5.266E+21  0.000E+00 -9.428E-01 -1.553E-01  2.648E+00  2.878E+00  1.322E+00  4.521E+19  0.000E+00 -6.064E-03 -1.298E-03  3.285E-02  5.746E-02  5.083E-02  1.833E+01  0.000E+00  1.634E+01  1.804E+01  2.175E+01  2.747E+01  3.808E+01
 431  05 07 01  4.800E+22  6.655E+00  1.18990E-16  1.04843E-01  6.37894E+00  1.65852E+03  8.04064E-03  7.08798E+00  7.56037E+00  6.855E+00  1.079E-01  8.914E-02  6.886E+00  1.102E-01  7.952E-02  6.855E+00  1.079E-01  8.914E-02  6.886E+00  1.102E-01  7.952E-02  1.210E+22  0.000E+00 -2.473E+00 -1.011E+00  2.790E+00  3.334E+00  1.597E+00  6.755E+19  0.000E+00 -7.798E-03 -5.509E-03  2.729E-02  5.797E-02  5.738E-02  1.447E+01  0.000E+00  1.087E+01  1.430E+01  1.917E+01  2.555E+01  3.673E+01  1.244E+22  0.000E+00 -2.473E+00 -1.004E+00  2.954E+00  3.488E+00  1.662E+00  6.960E+19  0.000E+00 -7.795E-03 -5.471E-03  2.893E-02  6.070E-02  5.975E-02  1.449E+01  0.000E+00  1.087E+01  1.430E+01  1.919E+01  2.556E+01  3.673E+01
 432  05 07 02  4.800E+22  6.855E+00  4.02770E-17  1.04826E-01  5.81501E+00  1.51190E+03  7.32981E-03  7.13574E+00  7.51968E+00  6.882E+00  1.087E-01  8.649E-02  6.909E+00  1.112E-01  7.845E-02  6.882E+00  1.087E-01  8.649E-02  6.909E+00  1.112E-01  7.845E-02  1.204E+22  0.000E+00 -2.584E+00 -9.869E-01  2.923E+00  3.444E+00  1.637E+00  6.752E+19  0.000E+00 -8.167E-03 -5.437E-03  2.842E-02  5.977E-02  5.879E-02  1.451E+01  0.000E+00  1.092E+01  1.438E+01  1.910E+01  2.552E+01  3.673E+01  1.239E+22  0.000E+00 -2.583E+00 -9.829E-01  3.085E+00  3.597E+00  1.702E+00  6.958E+19  0.000E+00 -8.164E-03 -5.415E-03  3.002E-02  6.246E-02  6.114E-02  1.452E+01  0.000E+00  1.092E+01  1.438E+01  1.911E+01  2.553E+01  3.674E+01
 433  05 07 03  4.800E+22  7.107E+00  1.26420E-17  1.04799E-01  6.29265E+00  1.63609E+03  7.93187E-03  7.25383E+00  7.52860E+00  7.011E+00  1.077E-01  6.571E-02  7.030E+00  1.102E-01  6.088E-02  7.011E+00  1.077E-01  6.571E-02  7.030E+00  1.102E-01  6.088E-02  1.149E+22  0.000E+00 -2.486E+00 -8.443E-01  3.299E+00  3.743E+00  1.744E+00  6.765E+19  0.000E+00 -8.565E-03 -4.875E-03  3.286E-02  6.587E-02  6.306E-02  1.490E+01  0.000E+00  1.142E+01  1.474E+01  1.937E+01  2.570E+01  3.685E+01  1.181E+22  0.000E+00 -2.485E+00 -8.383E-01  3.454E+00  3.888E+00  1.806E+00  6.960E+19  0.000E+00 -8.555E-03 -4.841E-03  3.440E-02  6.844E-02  6.529E-02  1.490E+01  0.000E+00  1.142E+01  1.474E+01  1.937E+01  2.570E+01  3.685E+01
 434  05 07 04  4.800E+22  7.351E+00  3.56350E-18  1.04775E-01  7.98898E+00  2.07713E+03  1.00701E-02  7.40639E+00  7.56143E+00  7.184E+00  1.040E-01  4.522E-02  7.204E+00  1.083E-01  4.133E-02  7.184E+00  1.040E-01  4.522E-02  7.204E+00  1.083E-01  4.133E-02  9.930E+21  0.000E+00 -2.070E+00 -5.862E-01  3.611E+00  3.981E+00  1.830E+00  6.655E+19  0.000E+00 -8.942E-03 -3.817E-03  3.875E-02  7.306E-02  6.751E-02  1.596E+01  0.000E+00  1.295E+01  1.570E+01  2.014E+01  2.630E+01  3.720E+01  1.039E+22  0.000E+00 -2.069E+00 -5.765E-01  3.847E+00  4.207E+00  1.927E+00  6.964E+19  0.000E+00 -8.923E-03 -3.757E-03  4.125E-02  7.720E-02  7.109E-02  1.596E+01  0.000E+00  1.294E+01  1.571E+01  2.014E+01  2.630E+01  3.719E+01
 435  05 07 05  4.800E+22  7.525E+00  8.95530E-19  1.04721E-01  1.13772E+01  2.95808E+03  1.43410E-02  7.54374E+00  7.61167E+00  7.338E+00  9.739E-02  3.316E-02  7.363E+00  1.066E-01  2.883E-02  7.338E+00  9.739E-02  3.316E-02  7.363E+00  1.066E-01  2.883E-02  6.989E+21  0.000E+00 -1.339E+00 -3.035E-01  3.325E+00  3.764E+00  1.770E+00  6.326E+19  0.000E+00 -9.263E-03 -2.622E-03  4.296E-02  7.695E-02  6.894E-02  1.886E+01  0.000E+00  1.701E+01  1.835E+01  2.224E+01  2.779E+01  3.827E+01  7.724E+21  0.000E+00 -1.338E+00 -2.847E-01  3.752E+00  4.203E+00  1.967E+00  6.974E+19  0.000E+00 -9.229E-03 -2.475E-03  4.831E-02  8.576E-02  7.653E-02  1.884E+01  0.000E+00  1.698E+01  1.842E+01  2.220E+01  2.777E+01  3.826E+01
 436  05 08 01  4.800E+22  6.653E+00  1.16960E-16  1.60942E-01  1.08933E+01  2.83226E+03  1.37310E-02  7.20956E+00  7.59759E+00  6.982E+00  1.580E-01  7.033E-02  7.031E+00  1.661E-01  5.827E-02  6.982E+00  1.580E-01  7.033E-02  7.031E+00  1.661E-01  5.827E-02  1.552E+22  0.000E+00 -2.965E+00 -1.245E+00  4.203E+00  5.080E+00  2.453E+00  1.003E+20  0.000E+00 -1.221E-02 -7.538E-03  4.661E-02  9.442E-02  9.092E-02  1.547E+01  0.000E+00  1.216E+01  1.498E+01  2.040E+01  2.642E+01  3.730E+01  1.628E+22  0.000E+00 -2.965E+00 -1.228E+00  4.633E+00  5.521E+00  2.651E+00  1.069E+20  0.000E+00 -1.220E-02 -7.410E-03  5.193E-02  1.032E-01  9.852E-02  1.559E+01  0.000E+00  1.216E+01  1.495E+01  2.052E+01  2.650E+01  3.735E+01
 437  05 08 02  4.800E+22  6.829E+00  4.29190E-17  1.60994E-01  9.31151E+00  2.42099E+03  1.17371E-02  7.21253E+00  7.57707E+00  6.975E+00  1.630E-01  7.168E-02  7.007E+00  1.682E-01  6.324E-02  6.975E+00  1.630E-01  7.168E-02  7.007E+00  1.682E-01  6.324E-02  1.627E+22  0.000E+00 -3.221E+00 -1.285E+00  4.463E+00  5.312E+00  2.542E+00  1.026E+20  0.000E+00 -1.259E-02 -7.721E-03  4.769E-02  9.686E-02  9.341E-02  1.536E+01  0.000E+00  1.203E+01  1.497E+01  2.005E+01  2.618E+01  3.714E+01  1.684E+22  0.000E+00 -3.221E+00 -1.272E+00  4.768E+00  5.613E+00  2.674E+00  1.069E+20  0.000E+00 -1.258E-02 -7.630E-03  5.113E-02  1.026E-01  9.832E-02  1.541E+01  0.000E+00  1.202E+01  1.496E+01  2.009E+01  2.620E+01  3.715E+01
 438  05 08 03  4.800E+22  7.049E+00  1.48570E-17  1.60977E-01  8.74617E+00  2.27400E+03  1.10245E-02  7.26839E+00  7.55062E+00  7.026E+00  1.630E-01  6.497E-02  7.052E+00  1.684E-01  5.853E-02  7.026E+00  1.630E-01  6.497E-02  7.052E+00  1.684E-01  5.853E-02  1.582E+22  0.000E+00 -3.174E+00 -1.177E+00  4.726E+00  5.519E+00  2.616E+00  1.026E+20  0.000E+00 -1.300E-02 -7.340E-03  5.060E-02  1.009E-01  9.629E-02  1.564E+01  0.000E+00  1.246E+01  1.531E+01  2.008E+01  2.621E+01  3.717E+01  1.640E+22  0.000E+00 -3.174E+00 -1.167E+00  5.028E+00  5.816E+00  2.745E+00  1.068E+20  0.000E+00 -1.299E-02 -7.275E-03  5.393E-02  1.065E-01  1.011E-01  1.567E+01  0.000E+00  1.246E+01  1.531E+01  2.010E+01  2.623E+01  3.718E+01
 439  05 08 04  4.800E+22  7.278E+00  4.69710E-18  1.60967E-01  9.75381E+00  2.53599E+03  1.22947E-02  7.37621E+00  7.56532E+00  7.147E+00  1.603E-01  4.985E-02  7.169E+00  1.669E-01  4.530E-02  7.147E+00  1.603E-01  4.985E-02  7.169E+00  1.669E-01  4.530E-02  1.397E+22  0.000E+00 -2.711E+00 -8.955E-01  5.010E+00  5.757E+00  2.714E+00  1.021E+20  0.000E+00 -1.351E-02 -6.263E-03  5.725E-02  1.094E-01  1.018E-01  1.671E+01  0.000E+00  1.397E+01  1.630E+01  2.078E+01  2.672E+01  3.755E+01  1.459E+22  0.000E+00 -2.711E+00 -8.825E-01  5.345E+00  6.092E+00  2.861E+00  1.069E+20  0.000E+00 -1.349E-02 -6.174E-03  6.111E-02  1.158E-01  1.073E-01  1.673E+01  0.000E+00  1.396E+01  1.630E+01  2.079E+01  2.672E+01  3.756E+01
 440  05 08 05  4.800E+22  7.470E+00  1.28410E-18  1.60980E-01  1.27026E+01  3.30269E+03  1.60116E-02  7.50303E+00  7.60244E+00  7.291E+00  1.536E-01  3.665E-02  7.314E+00  1.647E-01  3.241E-02  7.291E+00  1.536E-01  3.665E-02  7.314E+00  1.647E-01  3.241E-02  1.016E+22  0.000E+00 -1.823E+00 -5.050E-01  4.701E+00  5.541E+00  2.677E+00  9.924E+19  0.000E+00 -1.399E-02 -4.651E-03  6.436E-02  1.171E-01  1.059E-01  1.958E+01  0.000E+00  1.792E+01  1.890E+01  2.292E+01  2.831E+01  3.859E+01  1.096E+22  0.000E+00 -1.822E+00 -4.843E-01  5.181E+00  6.049E+00  2.910E+00  1.071E+20  0.000E+00 -1.395E-02 -4.476E-03  7.081E-02  1.277E-01  1.151E-01  1.959E+01  0.000E+00  1.790E+01  1.893E+01  2.290E+01  2.830E+01  3.858E+01
 441  05 08 06  4.800E+22  7.588E+00  3.19490E-19  1.60969E-01  1.83257E+01  4.76468E+03  2.30995E-02  7.60201E+00  7.63878E+00  7.395E+00  1.386E-01  3.078E-02  7.429E+00  1.626E-01  2.468E-02  7.395E+00  1.386E-01  3.078E-02  7.429E+00  1.626E-01  2.468E-02  5.337E+21  0.000E+00 -9.403E-01 -2.089E-01  3.204E+00  4.212E+00  2.244E+00  9.015E+19  0.000E+00 -1.435E-02 -3.259E-03  6.495E-02  1.143E-01  1.012E-01  2.699E+01  0.000E+00  2.663E+01  2.569E+01  2.878E+01  3.253E+01  4.131E+01  6.363E+21  0.000E+00 -9.403E-01 -1.774E-01  3.935E+00  5.092E+00  2.692E+00  1.069E+20  0.000E+00 -1.426E-02 -2.842E-03  7.900E-02  1.373E-01  1.210E-01  2.695E+01  0.000E+00  2.660E+01  2.611E+01  2.863E+01  3.243E+01  4.124E+01
 442  05 09 01  4.800E+22  6.634E+00  1.31930E-16  2.47195E-01  1.85426E+01  4.82107E+03  2.33729E-02  7.32463E+00  7.61965E+00  7.078E+00  2.252E-01  6.298E-02  7.157E+00  2.527E-01  4.591E-02  7.078E+00  2.252E-01  6.298E-02  7.157E+00  2.527E-01  4.591E-02  1.734E+22  0.000E+00 -3.120E+00 -1.378E+00  5.254E+00  6.743E+00  3.425E+00  1.436E+20  0.000E+00 -1.901E-02 -1.014E-02  7.428E-02  1.456E-01  1.372E-01  1.680E+01  0.000E+00  1.349E+01  1.593E+01  2.273E+01  2.832E+01  3.874E+01  1.850E+22  0.000E+00 -3.120E+00 -1.347E+00  6.083E+00  7.768E+00  3.959E+00  1.643E+20  0.000E+00 -1.901E-02 -9.748E-03  9.128E-02  1.736E-01  1.614E-01  1.732E+01  0.000E+00  1.349E+01  1.581E+01  2.350E+01  2.886E+01  3.910E+01
 443  05 09 02  4.800E+22  6.804E+00  4.70620E-17  2.47089E-01  1.61039E+01  4.18702E+03  2.02990E-02  7.30811E+00  7.61316E+00  7.065E+00  2.354E-01  6.260E-02  7.123E+00  2.546E-01  4.962E-02  7.065E+00  2.354E-01  6.260E-02  7.123E+00  2.546E-01  4.962E-02  1.898E+22  0.000E+00 -3.517E+00 -1.487E+00  5.825E+00  7.318E+00  3.648E+00  1.496E+20  0.000E+00 -1.944E-02 -1.054E-02  7.654E-02  1.506E-01  1.424E-01  1.675E+01  0.000E+00  1.348E+01  1.594E+01  2.208E+01  2.772E+01  3.827E+01  2.001E+22  0.000E+00 -3.517E+00 -1.460E+00  6.523E+00  8.130E+00  4.049E+00  1.641E+20  0.000E+00 -1.943E-02 -1.024E-02  8.850E-02  1.703E-01  1.594E-01  1.707E+01  0.000E+00  1.348E+01  1.586E+01  2.248E+01  2.799E+01  3.844E+01
 444  05 09 03  4.800E+22  7.011E+00  1.66290E-17  2.47083E-01  1.37187E+01  3.56687E+03  1.72924E-02  7.32039E+00  7.59742E+00  7.081E+00  2.439E-01  5.951E-02  7.117E+00  2.564E-01  5.125E-02  7.081E+00  2.439E-01  5.951E-02  7.117E+00  2.564E-01  5.125E-02  1.966E+22  0.000E+00 -3.623E+00 -1.462E+00  6.416E+00  7.880E+00  3.868E+00  1.545E+20  0.000E+00 -1.988E-02 -1.053E-02  8.075E-02  1.580E-01  1.489E-01  1.704E+01  0.000E+00  1.404E+01  1.629E+01  2.176E+01  2.744E+01  3.802E+01  2.052E+22  0.000E+00 -3.623E+00 -1.440E+00  6.955E+00  8.467E+00  4.143E+00  1.640E+20  0.000E+00 -1.986E-02 -1.032E-02  8.853E-02  1.708E-01  1.600E-01  1.720E+01  0.000E+00  1.404E+01  1.625E+01  2.190E+01  2.754E+01  3.808E+01
 445  05 09 04  4.800E+22  7.222E+00  5.67090E-18  2.47048E-01  1.32350E+01  3.44111E+03  1.66827E-02  7.37890E+00  7.58179E+00  7.147E+00  2.445E-01  5.108E-02  7.173E+00  2.556E-01  4.561E-02  7.147E+00  2.445E-01  5.108E-02  7.173E+00  2.556E-01  4.561E-02  1.804E+22  0.000E+00 -3.231E+00 -1.207E+00  6.702E+00  8.145E+00  3.988E+00  1.556E+20  0.000E+00 -2.045E-02 -9.622E-03  8.735E-02  1.669E-01  1.553E-01  1.810E+01  0.000E+00  1.555E+01  1.731E+01  2.229E+01  2.782E+01  3.822E+01  1.885E+22  0.000E+00 -3.231E+00 -1.187E+00  7.188E+00  8.666E+00  4.229E+00  1.639E+20  0.000E+00 -2.041E-02 -9.445E-03  9.406E-02  1.780E-01  1.648E-01  1.820E+01  0.000E+00  1.554E+01  1.729E+01  2.235E+01  2.786E+01  3.824E+01
 446  05 09 05  4.800E+22  7.416E+00  1.69310E-18  2.46984E-01  1.52743E+01  3.97132E+03  1.92533E-02  7.47608E+00  7.59835E+00  7.256E+00  2.368E-01  4.018E-02  7.282E+00  2.533E-01  3.542E-02  7.256E+00  2.368E-01  4.018E-02  7.282E+00  2.533E-01  3.542E-02  1.366E+22  0.000E+00 -2.319E+00 -7.558E-01  6.254E+00  7.782E+00  3.910E+00  1.523E+20  0.000E+00 -2.111E-02 -7.776E-03  9.551E-02  1.758E-01  1.601E-01  2.096E+01  0.000E+00  1.939E+01  1.998E+01  2.428E+01  2.934E+01  3.927E+01  1.460E+22  0.000E+00 -2.319E+00 -7.316E-01  6.864E+00  8.470E+00  4.241E+00  1.640E+20  0.000E+00 -2.105E-02 -7.533E-03  1.051E-01  1.917E-01  1.737E-01  2.107E+01  0.000E+00  1.938E+01  1.997E+01  2.433E+01  2.937E+01  3.929E+01
 447  05 09 06  4.800E+22  7.551E+00  4.61100E-19  2.47161E-01  2.02681E+01  5.26971E+03  2.55479E-02  7.57355E+00  7.63148E+00  7.365E+00  2.224E-01  3.258E-02  7.395E+00  2.510E-01  2.715E-02  7.365E+00  2.224E-01  3.258E-02  7.395E+00  2.510E-01  2.715E-02  7.815E+21  0.000E+00 -1.289E+00 -3.345E-01  4.563E+00  6.205E+00  3.417E+00  1.444E+20  0.000E+00 -2.175E-02 -5.694E-03  1.009E-01  1.793E-01  1.598E-01  2.811E+01  0.000E+00  2.779E+01  2.671E+01  3.005E+01  3.351E+01  4.204E+01  8.858E+21  0.000E+00 -1.289E+00 -3.022E-01  5.329E+00  7.166E+00  3.926E+00  1.644E+20  0.000E+00 -2.163E-02 -5.202E-03  1.176E-01  2.067E-01  1.833E-01  2.827E+01  0.000E+00  2.777E+01  2.687E+01  3.006E+01  3.349E+01  4.201E+01
 448  05 10 02  4.800E+22  6.780E+00  5.26000E-17  3.79460E-01  2.75855E+01  7.17224E+03  3.47715E-02  7.40179E+00  7.63123E+00  7.124E+00  3.249E-01  6.300E-02  7.225E+00  3.879E-01  4.133E-02  7.124E+00  3.249E-01  6.300E-02  7.225E+00  3.879E-01  4.133E-02  2.002E+22  0.000E+00 -3.597E+00 -1.575E+00  6.466E+00  8.601E+00  4.594E+00  2.056E+20  0.000E+00 -2.996E-02 -1.427E-02  1.130E-01  2.181E-01  2.034E-01  1.760E+01  0.000E+00  1.415E+01  1.660E+01  2.431E+01  3.018E+01  4.052E+01  2.129E+22  0.000E+00 -3.597E+00 -1.538E+00  7.476E+00  1.006E+01  5.509E+00  2.519E+20  0.000E+00 -2.995E-02 -1.335E-02  1.512E-01  2.812E-01  2.577E-01  1.836E+01  0.000E+00  1.415E+01  1.638E+01  2.615E+01  3.173E+01  4.168E+01
 449  05 10 03  4.800E+22  6.980E+00  1.86210E-17  3.79448E-01  2.36540E+01  6.15003E+03  2.98158E-02  7.39242E+00  7.62508E+00  7.137E+00  3.493E-01  5.740E-02  7.203E+00  3.905E-01  4.337E-02  7.137E+00  3.493E-01  5.740E-02  7.203E+00  3.905E-01  4.337E-02  2.154E+22  0.000E+00 -3.807E+00 -1.628E+00  7.411E+00  9.761E+00  5.139E+00  2.217E+20  0.000E+00 -3.049E-02 -1.461E-02  1.232E-01  2.366E-01  2.203E-01  1.831E+01  0.000E+00  1.504E+01  1.720E+01  2.430E+01  2.982E+01  4.001E+01  2.269E+22  0.000E+00 -3.807E+00 -1.593E+00  8.298E+00  1.096E+01  5.831E+00  2.522E+20  0.000E+00 -3.047E-02 -1.393E-02  1.485E-01  2.782E-01  2.561E-01  1.890E+01  0.000E+00  1.504E+01  1.702E+01  2.530E+01  3.057E+01  4.052E+01
 450  05 10 04  4.800E+22  7.189E+00  6.26450E-18  3.79482E-01  2.02886E+01  5.27503E+03  2.55737E-02  7.41368E+00  7.61305E+00  7.174E+00  3.621E-01  5.084E-02  7.215E+00  3.909E-01  4.242E-02  7.174E+00  3.621E-01  5.084E-02  7.215E+00  3.909E-01  4.242E-02  2.071E+22  0.000E+00 -3.530E+00 -1.430E+00  8.045E+00  1.053E+01  5.507E+00  2.306E+20  0.000E+00 -3.114E-02 -1.400E-02  1.333E-01  2.525E-01  2.335E-01  1.987E+01  0.000E+00  1.703E+01  1.855E+01  2.488E+01  3.003E+01  3.990E+01  2.178E+22  0.000E+00 -3.530E+00 -1.399E+00  8.825E+00  1.152E+01  6.034E+00  2.516E+20  0.000E+00 -3.109E-02 -1.353E-02  1.507E-01  2.811E-01  2.581E-01  2.029E+01  0.000E+00  1.703E+01  1.842E+01  2.535E+01  3.033E+01  4.009E+01
 451  05 10 05  4.800E+22  7.369E+00  2.10320E-18  3.79372E-01  2.02256E+01  5.25865E+03  2.54943E-02  7.47132E+00  7.60603E+00  7.247E+00  3.636E-01  4.240E-02  7.276E+00  3.896E-01  3.681E-02  7.247E+00  3.636E-01  4.240E-02  7.276E+00  3.896E-01  3.681E-02  1.687E+22  0.000E+00 -2.735E+00 -1.001E+00  7.775E+00  1.036E+01  5.541E+00  2.333E+20  0.000E+00 -3.198E-02 -1.230E-02  1.451E-01  2.681E-01  2.444E-01  2.299E+01  0.000E+00  2.112E+01  2.144E+01  2.684E+01  3.132E+01  4.083E+01  1.787E+22  0.000E+00 -2.735E+00 -9.704E-01  8.496E+00  1.126E+01  6.017E+00  2.521E+20  0.000E+00 -3.194E-02 -1.185E-02  1.606E-01  2.936E-01  2.664E-01  2.333E+01  0.000E+00  2.111E+01  2.133E+01  2.708E+01  3.147E+01  4.091E+01
 452  05 10 06  4.800E+22  7.512E+00  6.24130E-19  3.79480E-01  2.39680E+01  6.23168E+03  3.02116E-02  7.55038E+00  7.62370E+00  7.331E+00  3.401E-01  3.595E-02  7.366E+00  3.862E-01  2.960E-02  7.331E+00  3.401E-01  3.595E-02  7.366E+00  3.862E-01  2.960E-02  1.039E+22  0.000E+00 -1.659E+00 -4.969E-01  5.863E+00  8.310E+00  4.802E+00  2.198E+20  0.000E+00 -3.285E-02 -9.679E-03  1.489E-01  2.675E-01  2.398E-01  2.962E+01  0.000E+00  2.937E+01  2.814E+01  3.209E+01  3.547E+01  4.360E+01  1.158E+22  0.000E+00 -1.659E+00 -4.629E-01  6.780E+00  9.562E+00  5.529E+00  2.521E+20  0.000E+00 -3.272E-02 -9.009E-03  1.756E-01  3.115E-01  2.777E-01  3.032E+01  0.000E+00  2.936E+01  2.805E+01  3.258E+01  3.578E+01  4.376E+01
 453  05 10 07  4.800E+22  7.605E+00  1.62140E-19  3.79524E-01  3.25877E+01  8.47279E+03  4.10767E-02  7.62019E+00  7.65189E+00  7.409E+00  3.202E-01  3.180E-02  7.448E+00  3.827E-01  2.424E-02  7.409E+00  3.202E-01  3.180E-02  7.448E+00  3.827E-01  2.424E-02  4.859E+21  0.000E+00 -8.090E-01 -1.898E-01  3.281E+00  5.118E+00  3.463E+00  2.080E+20  0.000E+00 -3.359E-02 -7.500E-03  1.523E-01  2.670E-01  2.356E-01  4.478E+01  0.000E+00  4.531E+01  4.285E+01  4.565E+01  4.693E+01  5.187E+01  5.874E+21  0.000E+00 -8.090E-01 -1.501E-01  4.115E+00  6.339E+00  4.263E+00  2.519E+20  0.000E+00 -3.337E-02 -6.109E-03  1.897E-01  3.278E-01  2.877E-01  4.513E+01  0.000E+00  4.527E+01  4.354E+01  4.565E+01  4.681E+01  5.167E+01
 454  05 11 03  4.800E+22  6.965E+00  1.97550E-17  5.82657E-01  4.05218E+01  1.05357E+04  5.10776E-02  7.46513E+00  7.64081E+00  7.154E+00  4.596E-01  6.647E-02  7.282E+00  5.958E-01  3.783E-02  7.154E+00  4.596E-01  6.647E-02  7.282E+00  5.958E-01  3.783E-02  2.229E+22  0.000E+00 -3.866E+00 -1.708E+00  7.776E+00  1.057E+01  5.855E+00  2.884E+20  0.000E+00 -4.679E-02 -2.033E-02  1.652E-01  3.162E-01  2.925E-01  1.877E+01  0.000E+00  1.540E+01  1.750E+01  2.566E+01  3.172E+01  4.241E+01  2.359E+22  0.000E+00 -3.866E+00 -1.668E+00  8.851E+00  1.224E+01  7.106E+00  3.870E+20  0.000E+00 -4.676E-02 -1.825E-02  2.472E-01  4.511E-01  4.086E-01  1.965E+01  0.000E+00  1.540E+01  1.722E+01  2.805E+01  3.443E+01  4.534E+01
 455  05 11 04  4.800E+22  7.163E+00  6.93310E-18  5.82713E-01  3.44523E+01  8.95759E+03  4.34270E-02  7.46565E+00  7.63483E+00  7.201E+00  5.107E-01  5.350E-02  7.275E+00  5.970E-01  3.815E-02  7.201E+00  5.107E-01  5.350E-02  7.275E+00  5.970E-01  3.815E-02  2.219E+22  0.000E+00 -3.687E+00 -1.572E+00  8.698E+00  1.193E+01  6.698E+00  3.242E+20  0.000E+00 -4.752E-02 -1.994E-02  1.938E-01  3.642E-01  3.344E-01  2.074E+01  0.000E+00  1.758E+01  1.922E+01  2.700E+01  3.266E+01  4.278E+01  2.337E+22  0.000E+00 -3.687E+00 -1.532E+00  9.665E+00  1.339E+01  7.707E+00  3.867E+20  0.000E+00 -4.747E-02 -1.845E-02  2.458E-01  4.497E-01  4.079E-01  2.153E+01  0.000E+00  1.758E+01  1.891E+01  2.866E+01  3.425E+01  4.413E+01
 456  05 11 05  4.800E+22  7.339E+00  2.36190E-18  5.82409E-01  3.02627E+01  7.86830E+03  3.81461E-02  7.49121E+00  7.62800E+00  7.247E+00  5.236E-01  4.583E-02  7.298E+00  5.970E-01  3.590E-02  7.247E+00  5.236E-01  4.583E-02  7.298E+00  5.970E-01  3.590E-02  1.877E+22  0.000E+00 -2.985E+00 -1.174E+00  8.596E+00  1.207E+01  6.947E+00  3.346E+20  0.000E+00 -4.864E-02 -1.840E-02  2.090E-01  3.864E-01  3.519E-01  2.428E+01  0.000E+00  2.221E+01  2.258E+01  2.943E+01  3.430E+01  4.359E+01  2.001E+22  0.000E+00 -2.985E+00 -1.138E+00  9.586E+00  1.353E+01  7.905E+00  3.868E+20  0.000E+00 -4.851E-02 -1.734E-02  2.521E-01  4.575E-01  4.132E-01  2.525E+01  0.000E+00  2.221E+01  2.225E+01  3.083E+01  3.541E+01  4.435E+01
 457  05 11 06  4.800E+22  7.480E+00  7.59910E-19  5.82561E-01  3.12348E+01  8.12104E+03  3.93714E-02  7.54443E+00  7.62689E+00  7.321E+00  5.269E-01  3.781E-02  7.358E+00  5.923E-01  3.094E-02  7.321E+00  5.269E-01  3.781E-02  7.358E+00  5.923E-01  3.094E-02  1.281E+22  0.000E+00 -1.961E+00 -6.505E-01  7.104E+00  1.047E+01  6.459E+00  3.397E+20  0.000E+00 -4.965E-02 -1.550E-02  2.282E-01  4.114E-01  3.694E-01  3.149E+01  0.000E+00  3.075E+01  2.962E+01  3.529E+01  3.893E+01  4.666E+01  1.391E+22  0.000E+00 -1.961E+00 -6.138E-01  7.995E+00  1.178E+01  7.312E+00  3.860E+20  0.000E+00 -4.950E-02 -1.437E-02  2.668E-01  4.747E-01  4.238E-01  3.264E+01  0.000E+00  3.075E+01  2.914E+01  3.640E+01  3.967E+01  4.708E+01
 458  05 11 07  4.800E+22  7.580E+00  2.19640E-19  5.82548E-01  3.80838E+01  9.90179E+03  4.80046E-02  7.60425E+00  7.64360E+00  7.390E+00  5.025E-01  3.335E-02  7.428E+00  5.890E-01  2.597E-02  7.390E+00  5.025E-01  3.335E-02  7.428E+00  5.890E-01  2.597E-02  6.715E+21  0.000E+00 -1.056E+00 -2.757E-01  4.405E+00  6.929E+00  4.812E+00  3.258E+20  0.000E+00 -5.078E-02 -1.249E-02  2.342E-01  4.131E-01  3.659E-01  4.565E+01  0.000E+00  4.655E+01  4.439E+01  4.773E+01  4.973E+01  5.487E+01  7.752E+21  0.000E+00 -1.056E+00 -2.357E-01  5.267E+00  8.235E+00  5.734E+00  3.867E+20  0.000E+00 -5.059E-02 -1.063E-02  2.858E-01  4.972E-01  4.380E-01  4.721E+01  0.000E+00  4.655E+01  4.385E+01  4.889E+01  5.042E+01  5.514E+01
 459  05 12 04  4.800E+22  7.146E+00  7.44140E-18  8.94393E-01  5.94651E+01  1.54609E+04  7.49557E-02  7.51982E+00  7.64827E+00  7.170E+00  6.297E-01  7.460E-02  7.334E+00  9.133E-01  3.475E-02  7.170E+00  6.297E-01  7.460E-02  7.334E+00  9.133E-01  3.475E-02  2.284E+22  0.000E+00 -3.747E+00 -1.658E+00  8.907E+00  1.244E+01  7.159E+00  3.902E+20  0.000E+00 -7.268E-02 -2.913E-02  2.305E-01  4.396E-01  4.043E-01  2.098E+01  0.000E+00  1.775E+01  1.933E+01  2.777E+01  3.370E+01  4.438E+01  2.413E+22  0.000E+00 -3.747E+00 -1.615E+00  9.989E+00  1.417E+01  8.561E+00  5.940E+20  0.000E+00 -7.261E-02 -2.445E-02  4.010E-01  7.196E-01  6.449E-01  2.191E+01  0.000E+00  1.775E+01  1.894E+01  3.023E+01  3.693E+01  4.908E+01
 460  05 12 05  4.800E+22  7.314E+00  2.67380E-18  8.94592E-01  5.07721E+01  1.32007E+04  6.39981E-02  7.52628E+00  7.64336E+00  7.254E+00  7.368E-01  5.190E-02  7.337E+00  9.135E-01  3.397E-02  7.254E+00  7.368E-01  5.190E-02  7.337E+00  9.135E-01  3.397E-02  2.031E+22  0.000E+00 -3.155E+00 -1.322E+00  9.182E+00  1.322E+01  7.944E+00  4.672E+20  0.000E+00 -7.393E-02 -2.742E-02  2.962E-01  5.474E-01  4.968E-01  2.465E+01  0.000E+00  2.232E+01  2.250E+01  3.093E+01  3.654E+01  4.671E+01  2.147E+22  0.000E+00 -3.155E+00 -1.280E+00  1.015E+01  1.475E+01  9.146E+00  5.938E+20  0.000E+00 -7.374E-02 -2.403E-02  4.026E-01  7.215E-01  6.463E-01  2.576E+01  0.000E+00  2.232E+01  2.199E+01  3.327E+01  3.907E+01  4.960E+01
 461  05 12 06  4.800E+22  7.456E+00  8.75270E-19  8.94248E-01  4.55656E+01  1.18471E+04  5.74354E-02  7.55405E+00  7.64137E+00  7.316E+00  7.790E-01  4.132E-02  7.367E+00  9.107E-01  3.119E-02  7.316E+00  7.790E-01  4.132E-02  7.367E+00  9.107E-01  3.119E-02  1.462E+22  0.000E+00 -2.183E+00 -7.861E-01  7.959E+00  1.198E+01  7.724E+00  4.998E+20  0.000E+00 -7.543E-02 -2.416E-02  3.355E-01  6.064E-01  5.444E-01  3.229E+01  0.000E+00  3.142E+01  2.999E+01  3.729E+01  4.200E+01  5.087E+01  1.571E+22  0.000E+00 -2.183E+00 -7.460E-01  8.873E+00  1.340E+01  8.804E+00  5.934E+20  0.000E+00 -7.520E-02 -2.161E-02  4.142E-01  7.351E-01  6.549E-01  3.391E+01  0.000E+00  3.142E+01  2.910E+01  3.966E+01  4.419E+01  5.260E+01
 462  05 12 07  4.800E+22  7.555E+00  2.80690E-19  8.94364E-01  4.84429E+01  1.25952E+04  6.10622E-02  7.59637E+00  7.64343E+00  7.370E+00  7.510E-01  3.664E-02  7.416E+00  9.060E-01  2.724E-02  7.370E+00  7.510E-01  3.664E-02  7.416E+00  9.060E-01  2.724E-02  8.500E+21  0.000E+00 -1.295E+00 -3.745E-01  5.412E+00  8.571E+00  6.049E+00  4.845E+20  0.000E+00 -7.697E-02 -2.041E-02  3.425E-01  6.083E-01  5.406E-01  4.547E+01  0.000E+00  4.711E+01  4.503E+01  4.863E+01  5.209E+01  5.868E+01  9.616E+21  0.000E+00 -1.295E+00 -3.338E-01  6.351E+00  1.004E+01  7.187E+00  5.935E+20  0.000E+00 -7.668E-02 -1.745E-02  4.344E-01  7.586E-01  6.696E-01  4.845E+01  0.000E+00  4.711E+01  4.314E+01  5.203E+01  5.482E+01  6.052E+01
 463  05 12 08  4.800E+22  7.620E+00  8.04180E-20  8.94560E-01  6.02297E+01  1.56597E+04  7.59194E-02  7.63767E+00  7.65732E+00  7.403E+00  6.610E-01  3.775E-02  7.466E+00  9.018E-01  2.395E-02  7.403E+00  6.610E-01  3.775E-02  7.466E+00  9.018E-01  2.395E-02  3.768E+21  0.000E+00 -6.532E-01 -1.583E-01  2.659E+00  4.415E+00  3.429E+00  4.256E+20  0.000E+00 -7.842E-02 -1.795E-02  3.123E-01  5.494E-01  4.845E-01  6.874E+01  0.000E+00  7.437E+01  7.283E+01  6.993E+01  7.227E+01  7.635E+01  4.892E+21  0.000E+00 -6.532E-01 -1.153E-01  3.618E+00  5.932E+00  4.653E+00  5.941E+20  0.000E+00 -7.810E-02 -1.305E-02  4.555E-01  7.829E-01  6.846E-01  7.480E+01  0.000E+00  7.437E+01  7.141E+01  7.606E+01  7.703E+01  7.938E+01
 464  05 13 04  4.800E+22  7.158E+00  6.85780E-18  1.37320E+00  9.69432E+01  2.52052E+04  1.22197E-01  7.56279E+00  7.65284E+00  6.874E+00  6.043E-01  2.695E-01  7.377E+00  1.400E+00  3.284E-02  6.874E+00  6.043E-01  2.695E-01  7.377E+00  1.400E+00  3.284E-02  2.299E+22  0.000E+00 -3.718E+00 -1.666E+00  9.079E+00  1.280E+01  7.475E+00  3.273E+20  0.000E+00 -1.114E-01 -4.536E-02  1.552E-01  3.362E-01  3.219E-01  2.141E+01  0.000E+00  1.817E+01  2.002E+01  2.837E+01  3.446E+01  4.501E+01  2.435E+22  0.000E+00 -3.718E+00 -1.621E+00  1.023E+01  1.466E+01  9.042E+00  9.120E+20  0.000E+00 -1.113E-01 -3.292E-02  6.439E-01  1.140E+00  1.012E+00  2.245E+01  0.000E+00  1.817E+01  1.959E+01  3.133E+01  3.833E+01  5.169E+01
 465  05 13 05  4.800E+22  7.307E+00  2.72940E-18  1.37355E+00  8.72455E+01  2.26838E+04  1.09973E-01  7.56367E+00  7.65328E+00  7.143E+00  8.054E-01  9.993E-02  7.377E+00  1.400E+00  3.218E-02  7.143E+00  8.054E-01  9.993E-02  7.377E+00  1.400E+00  3.218E-02  2.075E+22  0.000E+00 -3.188E+00 -1.389E+00  9.261E+00  1.350E+01  8.228E+00  4.858E+20  0.000E+00 -1.128E-01 -4.302E-02  2.857E-01  5.523E-01  5.083E-01  2.488E+01  0.000E+00  2.258E+01  2.287E+01  3.159E+01  3.725E+01  4.736E+01  2.202E+22  0.000E+00 -3.188E+00 -1.344E+00  1.034E+01  1.524E+01  9.683E+00  9.124E+20  0.000E+00 -1.125E-01 -3.266E-02  6.440E-01  1.140E+00  1.013E+00  2.618E+01  0.000E+00  2.258E+01  2.232E+01  3.462E+01  4.083E+01  5.315E+01
 466  05 13 06  4.800E+22  7.437E+00  9.80200E-19  1.37312E+00  7.48652E+01  1.94650E+04  9.43675E-02  7.57604E+00  7.65068E+00  7.283E+00  1.008E+00  5.536E-02  7.390E+00  1.398E+00  3.065E-02  7.283E+00  1.008E+00  5.536E-02  7.390E+00  1.398E+00  3.065E-02  1.580E+22  0.000E+00 -2.328E+00 -9.088E-01  8.364E+00  1.275E+01  8.334E+00  6.353E+20  0.000E+00 -1.146E-01 -3.833E-02  4.184E-01  7.669E-01  6.908E-01  3.220E+01  0.000E+00  3.135E+01  2.909E+01  3.814E+01  4.291E+01  5.245E+01  1.697E+22  0.000E+00 -2.328E+00 -8.652E-01  9.362E+00  1.435E+01  9.655E+00  9.121E+20  0.000E+00 -1.143E-01 -3.081E-02  6.519E-01  1.149E+00  1.018E+00  3.414E+01  0.000E+00  3.135E+01  2.804E+01  4.149E+01  4.667E+01  5.740E+01
 467  05 13 07  4.800E+22  7.539E+00  3.20000E-19  1.37364E+00  6.92577E+01  1.80070E+04  8.72992E-02  7.60123E+00  7.65169E+00  7.348E+00  1.057E+00  4.333E-02  7.420E+00  1.393E+00  2.785E-02  7.348E+00  1.057E+00  4.333E-02  7.420E+00  1.393E+00  2.785E-02  9.738E+21  0.000E+00 -1.449E+00 -4.608E-01  6.063E+00  9.698E+00  6.917E+00  6.753E+20  0.000E+00 -1.167E-01 -3.307E-02  4.708E-01  8.433E-01  7.513E-01  4.568E+01  0.000E+00  4.790E+01  4.417E+01  4.968E+01  5.347E+01  6.152E+01  1.091E+22  0.000E+00 -1.449E+00 -4.179E-01  7.056E+00  1.128E+01  8.221E+00  9.117E+20  0.000E+00 -1.164E-01 -2.672E-02  6.702E-01  1.169E+00  1.031E+00  4.959E+01  0.000E+00  4.790E+01  4.110E+01  5.481E+01  5.863E+01  6.687E+01
 468  05 13 08  4.800E+22  7.605E+00  1.02260E-19  1.37280E+00  7.56174E+01  1.96605E+04  9.53156E-02  7.63153E+00  7.65663E+00  7.378E+00  9.558E-01  4.298E-02  7.457E+00  1.387E+00  2.507E-02  7.378E+00  9.558E-01  4.298E-02  7.457E+00  1.387E+00  2.507E-02  4.892E+21  0.000E+00 -8.061E-01 -2.099E-01  3.382E+00  5.627E+00  4.358E+00  6.108E+20  0.000E+00 -1.187E-01 -2.934E-02  4.395E-01  7.801E-01  6.906E-01  6.673E+01  0.000E+00  7.490E+01  7.482E+01  6.822E+01  7.114E+01  7.705E+01  6.111E+21  0.000E+00 -8.061E-01 -1.663E-01  4.420E+00  7.290E+00  5.737E+00  9.118E+20  0.000E+00 -1.184E-01 -2.155E-02  6.936E-01  1.196E+00  1.047E+00  7.570E+01  0.000E+00  7.490E+01  6.881E+01  7.844E+01  8.070E+01  8.564E+01
 469  05 14 05  4.800E+22  7.309E+00  2.65460E-18  2.10843E+00  1.44434E+02  3.75528E+04  1.82059E-01  7.59485E+00  7.65637E+00  5.354E+00  5.296E-01  5.940E-11  7.409E+00  2.147E+00  3.097E-02  5.354E+00  5.296E-01  5.940E-11  7.409E+00  2.147E+00  3.097E-02  2.080E+22  0.000E+00 -3.163E+00 -1.348E+00  9.433E+00  1.368E+01  8.386E+00  1.382E+20  0.000E+00 -1.722E-01 -7.294E-02 -3.737E-02  5.154E-02  8.705E-02  2.526E+01  0.000E+00  2.300E+01  2.460E+01  3.129E+01  3.754E+01  4.796E+01  2.213E+22  0.000E+00 -3.163E+00 -1.302E+00  1.057E+01  1.552E+01  9.953E+00  1.400E+21  0.000E+00 -1.719E-01 -4.463E-02  1.021E+00  1.789E+00  1.580E+00  2.666E+01  0.000E+00  2.300E+01  2.393E+01  3.459E+01  4.166E+01  5.476E+01
 470  05 14 06  4.800E+22  7.437E+00  9.49300E-19  2.10891E+00  1.27657E+02  3.31908E+04  1.60911E-01  7.60079E+00  7.65757E+00  6.910E+00  8.183E-01  2.823E-01  7.416E+00  2.145E+00  2.973E-02  6.910E+00  8.183E-01  2.823E-01  7.416E+00  2.145E+00  2.973E-02  1.581E+22  0.000E+00 -2.312E+00 -9.250E-01  8.270E+00  1.272E+01  8.417E+00  4.384E+20  0.000E+00 -1.745E-01 -6.510E-02  2.196E-01  4.705E-01  4.456E-01  3.276E+01  0.000E+00  3.233E+01  3.098E+01  3.888E+01  4.379E+01  5.311E+01  1.713E+22  0.000E+00 -2.312E+00 -8.801E-01  9.393E+00  1.454E+01  9.956E+00  1.401E+21  0.000E+00 -1.742E-01 -4.281E-02  1.028E+00  1.797E+00  1.585E+00  3.507E+01  0.000E+00  3.233E+01  2.981E+01  4.332E+01  4.873E+01  6.022E+01
 471  05 14 07  4.800E+22  7.528E+00  3.45230E-19  2.10880E+00  1.10957E+02  2.88487E+04  1.39861E-01  7.61510E+00  7.67042E+00  7.233E+00  1.110E+00  8.572E-02  7.433E+00  2.140E+00  2.790E-02  7.233E+00  1.110E+00  8.572E-02  7.433E+00  2.140E+00  2.790E-02  1.040E+22  0.000E+00 -1.536E+00 -5.326E-01  6.281E+00  1.016E+01  7.300E+00  6.760E+20  0.000E+00 -1.773E-01 -5.577E-02  4.353E-01  8.159E-01  7.379E-01  4.530E+01  0.000E+00  4.813E+01  4.150E+01  5.059E+01  5.400E+01  6.173E+01  1.171E+22  0.000E+00 -1.536E+00 -4.882E-01  7.399E+00  1.197E+01  8.826E+00  1.401E+21  0.000E+00 -1.768E-01 -3.895E-02  1.044E+00  1.815E+00  1.596E+00  5.005E+01  0.000E+00  4.813E+01  3.863E+01  5.740E+01  6.114E+01  7.061E+01
 472  05 14 08  4.800E+22  7.593E+00  1.18850E-19  2.10889E+00  1.05971E+02  2.75525E+04  1.33576E-01  7.63278E+00  7.66093E+00  7.327E+00  1.246E+00  5.880E-02  7.456E+00  2.134E+00  2.577E-02  7.327E+00  1.246E+00  5.880E-02  7.456E+00  2.134E+00  2.577E-02  5.791E+21  0.000E+00 -9.184E-01 -2.623E-01  3.908E+00  6.553E+00  5.094E+00  7.798E+20  0.000E+00 -1.801E-01 -4.936E-02  5.419E-01  9.808E-01  8.741E-01  6.618E+01  0.000E+00  7.553E+01  7.310E+01  6.879E+01  7.147E+01  7.741E+01  7.052E+21  0.000E+00 -9.184E-01 -2.178E-01  4.986E+00  8.292E+00  6.560E+00  1.401E+21  0.000E+00 -1.798E-01 -3.382E-02  1.066E+00  1.839E+00  1.611E+00  7.650E+01  0.000E+00  7.553E+01  6.279E+01  8.115E+01  8.366E+01  9.058E+01
 473  05 15 06  4.800E+22  7.420E+00  1.09590E-18  3.23739E+00  2.17395E+02  5.65226E+04  2.74025E-01  7.62106E+00  7.65920E+00  7.327E+00  1.246E+00  5.880E-02  7.436E+00  3.295E+00  2.935E-02  7.327E+00  1.246E+00  5.880E-02  7.436E+00  3.295E+00  2.935E-02  1.669E+22  0.000E+00 -2.425E+00 -9.137E-01  8.831E+00  1.322E+01  8.598E+00 -7.993E+20  0.000E+00 -2.656E-01 -1.247E-01 -8.633E-01 -1.265E+00 -1.033E+00  3.164E+01  0.000E+00  3.094E+01  3.396E+01  3.601E+01  4.229E+01  5.248E+01  1.805E+22  0.000E+00 -2.425E+00 -8.683E-01  9.996E+00  1.511E+01  1.021E+01  2.152E+21  0.000E+00 -2.651E-01 -6.050E-02  1.612E+00  2.801E+00  2.460E+00  3.395E+01  0.000E+00  3.094E+01  3.259E+01  4.035E+01  4.736E+01  6.015E+01
 474  05 15 07  4.800E+22  7.518E+00  3.83230E-19  3.23785E+00  1.91868E+02  4.98856E+04  2.41849E-01  7.62870E+00  7.66133E+00  7.327E+00  1.246E+00  5.880E-02  7.446E+00  3.288E+00  2.791E-02  7.327E+00  1.246E+00  5.880E-02  7.446E+00  3.288E+00  2.791E-02  1.113E+22  0.000E+00 -1.616E+00 -5.685E-01  6.608E+00  1.061E+01  7.606E+00 -7.585E+19  0.000E+00 -2.689E-01 -1.074E-01 -2.472E-01 -2.578E-01 -1.700E-01  4.442E+01  0.000E+00  4.714E+01  4.521E+01  4.924E+01  5.361E+01  6.182E+01  1.247E+22  0.000E+00 -1.616E+00 -5.232E-01  7.752E+00  1.246E+01  9.185E+00  2.151E+21  0.000E+00 -2.684E-01 -5.664E-02  1.626E+00  2.815E+00  2.468E+00  4.910E+01  0.000E+00  4.714E+01  4.262E+01  5.687E+01  6.141E+01  7.170E+01
 475  05 15 08  4.800E+22  7.584E+00  1.32260E-19  3.23789E+00  1.67216E+02  4.34762E+04  2.10776E-01  7.64003E+00  7.67429E+00  6.860E+00  9.518E-01  4.163E-01  7.461E+00  3.280E+00  2.616E-02  6.860E+00  9.518E-01  4.163E-01  7.461E+00  3.280E+00  2.616E-02  6.407E+21  0.000E+00 -9.937E-01 -3.079E-01  4.196E+00  7.078E+00  5.528E+00  4.791E+20  0.000E+00 -2.731E-01 -8.990E-02  2.396E-01  5.295E-01  5.003E-01  6.501E+01  0.000E+00  7.508E+01  6.523E+01  6.977E+01  7.198E+01  7.746E+01  7.734E+21  0.000E+00 -9.937E-01 -2.628E-01  5.331E+00  8.917E+00  7.093E+00  2.152E+21  0.000E+00 -2.727E-01 -5.101E-02  1.648E+00  2.839E+00  2.483E+00  7.621E+01  0.000E+00  7.508E+01  5.591E+01  8.379E+01  8.601E+01  9.330E+01
 476  05 16 07  4.800E+22  7.505E+00  4.43680E-19  4.97127E+00  3.28129E+02  8.53136E+04  4.13606E-01  7.64101E+00  7.66204E+00  6.860E+00  9.518E-01  4.163E-01  7.457E+00  5.051E+00  2.808E-02  6.860E+00  9.518E-01  4.163E-01  7.457E+00  5.051E+00  2.808E-02  1.192E+22  0.000E+00 -1.713E+00 -5.655E-01  7.207E+00  1.129E+01  7.883E+00 -3.724E+21  0.000E+00 -4.086E-01 -2.278E-01 -3.362E+00 -5.320E+00 -4.503E+00  4.217E+01  0.000E+00  4.455E+01  5.208E+01  4.429E+01  5.015E+01  5.962E+01  1.332E+22  0.000E+00 -1.713E+00 -5.202E-01  8.405E+00  1.324E+01  9.547E+00  3.303E+21  0.000E+00 -4.080E-01 -8.265E-02  2.527E+00  4.361E+00  3.814E+00  4.669E+01  0.000E+00  4.455E+01  4.867E+01  5.092E+01  5.764E+01  6.983E+01
 477  05 16 08  4.800E+22  7.580E+00  1.39910E-19  4.97268E+00  2.85731E+02  7.42900E+04  3.60163E-01  7.64845E+00  7.66341E+00  6.860E+00  9.518E-01  4.163E-01  7.468E+00  5.042E+00  2.650E-02  6.860E+00  9.518E-01  4.163E-01  7.468E+00  5.042E+00  2.650E-02  6.712E+21  0.000E+00 -1.028E+00 -3.256E-01  4.367E+00  7.309E+00  5.673E+00 -1.957E+21  0.000E+00 -4.146E-01 -1.875E-01 -1.866E+00 -2.870E+00 -2.403E+00  6.420E+01  0.000E+00  7.464E+01  7.140E+01  6.702E+01  7.072E+01  7.713E+01  8.103E+21  0.000E+00 -1.028E+00 -2.804E-01  5.556E+00  9.240E+00  7.323E+00  3.305E+21  0.000E+00 -4.139E-01 -7.610E-02  2.551E+00  4.386E+00  3.830E+00  7.582E+01  0.000E+00  7.464E+01  6.466E+01  8.371E+01  8.671E+01  9.496E+01
 478  05 16 09  4.800E+22  7.623E+00  4.84360E-20  4.97153E+00  2.52304E+02  6.55990E+04  3.18028E-01  7.65864E+00  7.67594E+00  6.860E+00  9.518E-01  4.163E-01  7.482E+00  5.027E+00  2.477E-02  6.860E+00  9.518E-01  4.163E-01  7.482E+00  5.027E+00  2.477E-02  3.428E+21  0.000E+00 -6.131E-01 -1.753E-01  2.355E+00  4.073E+00  3.368E+00 -7.169E+20  0.000E+00 -4.208E-01 -1.563E-01 -8.030E-01 -1.137E+00 -9.202E-01  9.303E+01  0.000E+00  1.215E+02  1.227E+02  9.666E+01  9.824E+01  1.012E+02  4.801E+21  0.000E+00 -6.131E-01 -1.300E-01  3.531E+00  5.981E+00  4.997E+00  3.304E+21  0.000E+00 -4.202E-01 -6.751E-02  2.582E+00  4.418E+00  3.848E+00  1.221E+02  0.000E+00  1.215E+02  8.563E+01  1.299E+02  1.308E+02  1.356E+02
 479  05 17 08  4.800E+22  7.573E+00  1.56590E-19  7.63302E+00  4.90744E+02  1.27594E+05  6.18582E-01  7.65263E+00  7.66395E+00  6.860E+00  9.518E-01  4.163E-01  7.471E+00  7.745E+00  2.715E-02  6.860E+00  9.518E-01  4.163E-01  7.471E+00  7.745E+00  2.715E-02  7.183E+21  0.000E+00 -1.081E+00 -3.383E-01  4.672E+00  7.799E+00  5.978E+00 -1.111E+22  0.000E+00 -6.294E-01 -4.392E-01 -9.631E+00 -1.555E+01 -1.327E+01  6.176E+01  0.000E+00  7.157E+01  8.719E+01  6.094E+01  6.577E+01  7.348E+01  8.613E+21  0.000E+00 -1.081E+00 -2.930E-01  5.893E+00  9.785E+00  7.676E+00  5.073E+21  0.000E+00 -6.287E-01 -1.166E-01  3.929E+00  6.752E+00  5.891E+00  7.276E+01  0.000E+00  7.157E+01  7.929E+01  7.475E+01  8.031E+01  9.075E+01
 480  05 17 09  4.800E+22  7.618E+00  5.37370E-20  7.63364E+00  4.29949E+02  1.11787E+05  5.41950E-01  7.66303E+00  7.66537E+00  6.860E+00  9.518E-01  4.163E-01  7.485E+00  7.728E+00  2.547E-02  6.860E+00  9.518E-01  4.163E-01  7.485E+00  7.728E+00  2.547E-02  3.746E+21  0.000E+00 -6.513E-01 -1.930E-01  2.545E+00  4.403E+00  3.609E+00 -7.280E+21  0.000E+00 -6.378E-01 -3.544E-01 -6.386E+00 -1.023E+01 -8.714E+00  9.051E+01  0.000E+00  1.186E+02  1.218E+02  8.971E+01  9.338E+01  9.812E+01  5.171E+21  0.000E+00 -6.513E-01 -1.479E-01  3.762E+00  6.382E+00  5.302E+00  5.073E+21  0.000E+00 -6.371E-01 -1.038E-01  3.978E+00  6.804E+00  5.923E+00  1.191E+02  0.000E+00  1.186E+02  9.976E+01  1.280E+02  1.289E+02  1.347E+02
 481  05 18 09  4.800E+22  7.617E+00  5.39970E-20  1.17188E+01  7.33108E+02  1.90608E+05  9.24082E-01  7.66415E+00  7.66562E+00  6.860E+00  9.518E-01  4.163E-01  7.484E+00  1.188E+01  2.622E-02  6.860E+00  9.518E-01  4.163E-01  7.484E+00  1.188E+01  2.622E-02  3.775E+21  0.000E+00 -6.518E-01 -1.785E-01  2.554E+00  4.398E+00  3.628E+00 -2.956E+22  0.000E+00 -9.694E-01 -8.746E-01 -2.515E+01 -4.100E+01 -3.512E+01  9.050E+01  0.000E+00  1.199E+02  1.554E+02  8.534E+01  9.039E+01  9.567E+01  5.236E+21  0.000E+00 -6.518E-01 -1.336E-01  3.801E+00  6.426E+00  5.365E+00  7.789E+21  0.000E+00 -9.685E-01 -1.627E-01  6.110E+00  1.045E+01  9.099E+00  1.201E+02  0.000E+00  1.199E+02  1.295E+02  1.198E+02  1.250E+02  1.327E+02
 482  05 19 09  4.800E+22  7.617E+00  5.32690E-20  1.79957E+01  1.20017E+03  3.12044E+05  1.51281E+00  7.66607E+00  7.66433E+00  6.860E+00  9.518E-01  4.163E-01  7.484E+00  1.826E+01  2.692E-02  6.860E+00  9.518E-01  4.163E-01  7.484E+00  1.826E+01  2.692E-02  3.745E+21  0.000E+00 -6.461E-01 -1.899E-01  2.521E+00  4.358E+00  3.593E+00 -9.051E+22  0.000E+00 -1.477E+00 -2.117E+00 -7.622E+01 -1.250E+02 -1.073E+02  9.074E+01  0.000E+00  1.212E+02  1.892E+02  9.253E+01  9.530E+01  9.865E+01  5.228E+21  0.000E+00 -6.461E-01 -1.452E-01  3.786E+00  6.417E+00  5.356E+00  1.196E+22  0.000E+00 -1.476E+00 -2.539E-01  9.392E+00  1.608E+01  1.399E+01  1.215E+02  0.000E+00  1.212E+02  1.133E+02  1.254E+02  1.284E+02  1.348E+02
 483  06 07 01  9.600E+22  6.571E+00  1.18750E-16  1.04831E-01  6.48620E+00  1.68641E+03  8.17584E-03  6.67489E+00  6.94648E+00  6.191E+00  1.269E-01  4.834E-01  6.238E+00  1.322E-01  4.197E-01  6.191E+00  1.269E-01  4.834E-01  6.238E+00  1.322E-01  4.197E-01  1.169E+22  0.000E+00 -1.211E+00 -1.158E+00  1.320E+00  2.135E+00  1.172E+00  6.528E+19  0.000E+00 -4.193E-03 -6.475E-03  1.287E-02  3.705E-02  4.207E-02  1.447E+01  0.000E+00  1.147E+01  1.449E+01  1.914E+01  2.552E+01  3.671E+01  1.239E+22  0.000E+00 -1.210E+00 -1.157E+00  1.473E+00  2.325E+00  1.266E+00  6.953E+19  0.000E+00 -4.189E-03 -6.471E-03  1.441E-02  4.041E-02  4.549E-02  1.451E+01  0.000E+00  1.147E+01  1.448E+01  1.917E+01  2.555E+01  3.673E+01
 484  06 07 02  9.600E+22  6.664E+00  3.94730E-17  1.04846E-01  5.97752E+00  1.55416E+03  7.53466E-03  6.71959E+00  6.92918E+00  6.255E+00  1.253E-01  4.103E-01  6.291E+00  1.305E-01  3.681E-01  6.255E+00  1.253E-01  4.103E-01  6.291E+00  1.305E-01  3.681E-01  1.168E+22  0.000E+00 -1.522E+00 -1.153E+00  1.442E+00  2.248E+00  1.217E+00  6.574E+19  0.000E+00 -5.086E-03 -6.494E-03  1.402E-02  3.900E-02  4.370E-02  1.453E+01  0.000E+00  1.127E+01  1.454E+01  1.909E+01  2.552E+01  3.673E+01  1.233E+22  0.000E+00 -1.521E+00 -1.153E+00  1.582E+00  2.420E+00  1.302E+00  6.960E+19  0.000E+00 -5.079E-03 -6.488E-03  1.539E-02  4.203E-02  4.679E-02  1.456E+01  0.000E+00  1.126E+01  1.454E+01  1.911E+01  2.554E+01  3.674E+01
 485  06 07 03  9.600E+22  6.771E+00  1.24060E-17  1.04783E-01  6.48127E+00  1.68513E+03  8.16962E-03  6.80140E+00  6.93800E+00  6.380E+00  1.211E-01  3.033E-01  6.405E+00  1.261E-01  2.793E-01  6.380E+00  1.211E-01  3.033E-01  6.405E+00  1.261E-01  2.793E-01  1.113E+22  0.000E+00 -1.813E+00 -1.076E+00  1.629E+00  2.412E+00  1.283E+00  6.595E+19  0.000E+00 -6.349E-03 -6.373E-03  1.625E-02  4.249E-02  4.640E-02  1.494E+01  0.000E+00  1.152E+01  1.494E+01  1.938E+01  2.571E+01  3.686E+01  1.171E+22  0.000E+00 -1.809E+00 -1.074E+00  1.758E+00  2.570E+00  1.361E+00  6.945E+19  0.000E+00 -6.321E-03 -6.352E-03  1.753E-02  4.528E-02  4.922E-02  1.495E+01  0.000E+00  1.151E+01  1.493E+01  1.938E+01  2.571E+01  3.686E+01
 486  06 07 04  9.600E+22  6.863E+00  3.52820E-18  1.04757E-01  8.17672E+00  2.12595E+03  1.03067E-02  6.89207E+00  6.96626E+00  6.503E+00  1.120E-01  2.280E-01  6.533E+00  1.221E-01  2.032E-01  6.503E+00  1.120E-01  2.280E-01  6.533E+00  1.221E-01  2.032E-01  9.313E+21  0.000E+00 -1.524E+00 -9.111E-01  1.660E+00  2.399E+00  1.270E+00  6.297E+19  0.000E+00 -6.699E-03 -6.156E-03  1.786E-02  4.410E-02  4.691E-02  1.605E+01  0.000E+00  1.308E+01  1.604E+01  2.017E+01  2.628E+01  3.725E+01  1.029E+22  0.000E+00 -1.523E+00 -9.097E-01  1.890E+00  2.689E+00  1.416E+00  6.963E+19  0.000E+00 -6.672E-03 -6.136E-03  2.032E-02  4.944E-02  5.231E-02  1.606E+01  0.000E+00  1.306E+01  1.603E+01  2.017E+01  2.628E+01  3.725E+01
 487  06 08 01  9.600E+22  6.570E+00  1.18150E-16  1.60965E-01  1.10991E+01  2.88578E+03  1.39904E-02  6.75073E+00  6.96815E+00  6.258E+00  1.796E-01  4.381E-01  6.340E+00  1.978E-01  3.411E-01  6.258E+00  1.796E-01  4.381E-01  6.340E+00  1.978E-01  3.411E-01  1.463E+22  0.000E+00 -1.360E+00 -1.491E+00  1.852E+00  3.051E+00  1.698E+00  9.350E+19  0.000E+00 -6.895E-03 -9.750E-03  2.015E-02  5.616E-02  6.270E-02  1.538E+01  0.000E+00  1.390E+01  1.556E+01  2.019E+01  2.627E+01  3.723E+01  1.616E+22  0.000E+00 -1.360E+00 -1.491E+00  2.244E+00  3.583E+00  1.979E+00  1.069E+20  0.000E+00 -6.890E-03 -9.745E-03  2.504E-02  6.683E-02  7.353E-02  1.565E+01  0.000E+00  1.389E+01  1.556E+01  2.047E+01  2.645E+01  3.735E+01
 488  06 08 02  9.600E+22  6.654E+00  4.14390E-17  1.60963E-01  9.59339E+00  2.49428E+03  1.20924E-02  6.76409E+00  6.96046E+00  6.301E+00  1.851E-01  3.843E-01  6.351E+00  1.974E-01  3.277E-01  6.301E+00  1.851E-01  3.843E-01  6.351E+00  1.974E-01  3.277E-01  1.547E+22  0.000E+00 -1.737E+00 -1.542E+00  2.083E+00  3.314E+00  1.819E+00  9.792E+19  0.000E+00 -7.728E-03 -9.824E-03  2.213E-02  6.028E-02  6.679E-02  1.537E+01  0.000E+00  1.302E+01  1.543E+01  1.998E+01  2.613E+01  3.714E+01  1.665E+22  0.000E+00 -1.737E+00 -1.542E+00  2.371E+00  3.689E+00  2.012E+00  1.069E+20  0.000E+00 -7.711E-03 -9.810E-03  2.542E-02  6.743E-02  7.405E-02  1.549E+01  0.000E+00  1.301E+01  1.542E+01  2.008E+01  2.620E+01  3.718E+01
 489  06 08 03  9.600E+22  6.749E+00  1.43720E-17  1.60914E-01  9.09626E+00  2.36503E+03  1.14658E-02  6.80685E+00  6.95112E+00  6.374E+00  1.830E-01  3.175E-01  6.409E+00  1.940E-01  2.822E-01  6.374E+00  1.830E-01  3.175E-01  6.409E+00  1.940E-01  2.822E-01  1.510E+22  0.000E+00 -2.138E+00 -1.482E+00  2.267E+00  3.487E+00  1.893E+00  9.909E+19  0.000E+00 -9.250E-03 -9.743E-03  2.433E-02  6.389E-02  6.977E-02  1.572E+01  0.000E+00  1.286E+01  1.573E+01  2.010E+01  2.624E+01  3.720E+01  1.615E+22  0.000E+00 -2.137E+00 -1.481E+00  2.520E+00  3.811E+00  2.058E+00  1.067E+20  0.000E+00 -9.227E-03 -9.724E-03  2.713E-02  6.997E-02  7.594E-02  1.578E+01  0.000E+00  1.285E+01  1.573E+01  2.014E+01  2.626E+01  3.722E+01
 490  06 08 04  9.600E+22  6.839E+00  4.47810E-18  1.60882E-01  1.01418E+01  2.63686E+03  1.27837E-02  6.87570E+00  6.96229E+00  6.472E+00  1.734E-01  2.499E-01  6.506E+00  1.891E-01  2.208E-01  6.472E+00  1.734E-01  2.499E-01  6.506E+00  1.891E-01  2.208E-01  1.297E+22  0.000E+00 -1.962E+00 -1.277E+00  2.304E+00  3.481E+00  1.890E+00  9.652E+19  0.000E+00 -1.011E-02 -9.523E-03  2.652E-02  6.644E-02  7.107E-02  1.686E+01  0.000E+00  1.418E+01  1.689E+01  2.090E+01  2.680E+01  3.756E+01  1.428E+22  0.000E+00 -1.961E+00 -1.276E+00  2.630E+00  3.909E+00  2.111E+00  1.069E+20  0.000E+00 -1.007E-02 -9.494E-03  3.032E-02  7.471E-02  7.946E-02  1.693E+01  0.000E+00  1.416E+01  1.687E+01  2.092E+01  2.682E+01  3.757E+01
 491  06 08 05  9.600E+22  6.905E+00  1.25270E-18  1.60879E-01  1.30591E+01  3.39538E+03  1.64610E-02  6.94344E+00  6.98773E+00  6.562E+00  1.591E-01  2.045E-01  6.603E+00  1.846E-01  1.725E-01  6.562E+00  1.591E-01  2.045E-01  6.603E+00  1.846E-01  1.725E-01  9.090E+21  0.000E+00 -1.326E+00 -9.248E-01  1.987E+00  3.110E+00  1.750E+00  9.047E+19  0.000E+00 -1.050E-02 -9.228E-03  2.753E-02  6.625E-02  6.951E-02  1.978E+01  0.000E+00  1.817E+01  1.981E+01  2.311E+01  2.844E+01  3.862E+01  1.072E+22  0.000E+00 -1.326E+00 -9.240E-01  2.441E+00  3.742E+00  2.090E+00  1.070E+20  0.000E+00 -1.042E-02 -9.173E-03  3.375E-02  7.962E-02  8.301E-02  1.984E+01  0.000E+00  1.813E+01  1.977E+01  2.309E+01  2.843E+01  3.862E+01
 492  06 09 01  9.600E+22  6.560E+00  1.35120E-16  2.47111E-01  1.88190E+01  4.89293E+03  2.37213E-02  6.81795E+00  6.97881E+00  6.266E+00  2.355E-01  4.762E-01  6.424E+00  2.980E-01  2.893E-01  6.266E+00  2.355E-01  4.762E-01  6.424E+00  2.980E-01  2.893E-01  1.591E+22  0.000E+00 -1.245E+00 -1.673E+00  2.119E+00  3.668E+00  2.123E+00  1.205E+20  0.000E+00 -1.126E-02 -1.464E-02  2.670E-02  7.440E-02  8.257E-02  1.623E+01  0.000E+00  1.776E+01  1.715E+01  2.143E+01  2.744E+01  3.816E+01  1.828E+22  0.000E+00 -1.245E+00 -1.673E+00  2.876E+00  4.919E+00  2.895E+00  1.641E+20  0.000E+00 -1.125E-02 -1.463E-02  4.257E-02  1.092E-01  1.179E-01  1.736E+01  0.000E+00  1.776E+01  1.714E+01  2.327E+01  2.873E+01  3.906E+01
 493  06 09 02  9.600E+22  6.644E+00  4.46950E-17  2.47134E-01  1.65376E+01  4.29979E+03  2.08457E-02  6.81792E+00  6.97759E+00  6.322E+00  2.563E-01  3.947E-01  6.420E+00  2.983E-01  2.872E-01  6.322E+00  2.563E-01  3.947E-01  6.420E+00  2.983E-01  2.872E-01  1.764E+22  0.000E+00 -1.658E+00 -1.808E+00  2.528E+00  4.252E+00  2.430E+00  1.347E+20  0.000E+00 -1.197E-02 -1.476E-02  3.159E-02  8.537E-02  9.389E-02  1.647E+01  0.000E+00  1.606E+01  1.696E+01  2.145E+01  2.738E+01  3.806E+01  1.968E+22  0.000E+00 -1.658E+00 -1.808E+00  3.147E+00  5.206E+00  2.986E+00  1.641E+20  0.000E+00 -1.196E-02 -1.475E-02  4.238E-02  1.089E-01  1.177E-01  1.715E+01  0.000E+00  1.606E+01  1.696E+01  2.234E+01  2.797E+01  3.845E+01
 494  06 09 03  9.600E+22  6.734E+00  1.59940E-17  2.47154E-01  1.43829E+01  3.73956E+03  1.81297E-02  6.83390E+00  6.97366E+00  6.386E+00  2.691E-01  3.240E-01  6.442E+00  2.963E-01  2.682E-01  6.386E+00  2.691E-01  3.240E-01  6.442E+00  2.963E-01  2.682E-01  1.833E+22  0.000E+00 -2.160E+00 -1.828E+00  2.914E+00  4.753E+00  2.685E+00  1.452E+20  0.000E+00 -1.359E-02 -1.478E-02  3.640E-02  9.517E-02  1.035E-01  1.704E+01  0.000E+00  1.527E+01  1.724E+01  2.162E+01  2.740E+01  3.803E+01  1.999E+22  0.000E+00 -2.160E+00 -1.827E+00  3.388E+00  5.435E+00  3.062E+00  1.640E+20  0.000E+00 -1.356E-02 -1.476E-02  4.340E-02  1.103E-01  1.188E-01  1.738E+01  0.000E+00  1.527E+01  1.723E+01  2.193E+01  2.760E+01  3.816E+01
 495  06 09 04  9.600E+22  6.818E+00  5.44980E-18  2.47070E-01  1.39098E+01  3.61655E+03  1.75333E-02  6.87374E+00  6.96972E+00  6.450E+00  2.586E-01  2.736E-01  6.499E+00  2.914E-01  2.300E-01  6.450E+00  2.586E-01  2.736E-01  6.499E+00  2.914E-01  2.300E-01  1.637E+22  0.000E+00 -2.321E+00 -1.643E+00  2.949E+00  4.734E+00  2.673E+00  1.423E+20  0.000E+00 -1.527E-02 -1.459E-02  3.831E-02  9.710E-02  1.042E-01  1.811E+01  0.000E+00  1.579E+01  1.834E+01  2.220E+01  2.782E+01  3.825E+01  1.828E+22  0.000E+00 -2.321E+00 -1.642E+00  3.486E+00  5.513E+00  3.104E+00  1.639E+20  0.000E+00 -1.523E-02 -1.456E-02  4.622E-02  1.144E-01  1.217E-01  1.845E+01  0.000E+00  1.578E+01  1.832E+01  2.247E+01  2.799E+01  3.835E+01
 496  06 09 05  9.600E+22  6.887E+00  1.66500E-18  2.47006E-01  1.58576E+01  4.12298E+03  1.99885E-02  6.92830E+00  6.98123E+00  6.534E+00  2.463E-01  2.229E-01  6.578E+00  2.855E-01  1.871E-01  6.534E+00  2.463E-01  2.229E-01  6.578E+00  2.855E-01  1.871E-01  1.226E+22  0.000E+00 -1.679E+00 -1.239E+00  2.663E+00  4.390E+00  2.563E+00  1.387E+20  0.000E+00 -1.582E-02 -1.426E-02  4.099E-02  9.995E-02  1.054E-01  2.103E+01  0.000E+00  1.964E+01  2.127E+01  2.430E+01  2.943E+01  3.933E+01  1.419E+22  0.000E+00 -1.679E+00 -1.239E+00  3.242E+00  5.256E+00  3.056E+00  1.641E+20  0.000E+00 -1.573E-02 -1.420E-02  5.043E-02  1.204E-01  1.261E-01  2.136E+01  0.000E+00  1.962E+01  2.124E+01  2.450E+01  2.954E+01  3.939E+01
 497  06 10 02  9.600E+22  6.626E+00  5.45630E-17  3.79475E-01  2.84546E+01  7.39819E+03  3.58670E-02  6.86615E+00  6.98584E+00  6.241E+00  3.113E-01  5.575E-01  6.479E+00  4.533E-01  2.583E-01  6.241E+00  3.113E-01  5.575E-01  6.479E+00  4.533E-01  2.583E-01  1.828E+22  0.000E+00 -1.385E+00 -1.908E+00  2.605E+00  4.532E+00  2.663E+00  1.541E+20  0.000E+00 -1.881E-02 -2.225E-02  3.396E-02  9.630E-02  1.069E-01  1.684E+01  0.000E+00  1.964E+01  1.807E+01  2.181E+01  2.797E+01  3.869E+01  2.083E+22  0.000E+00 -1.385E+00 -1.908E+00  3.509E+00  6.271E+00  3.968E+00  2.522E+20  0.000E+00 -1.879E-02 -2.223E-02  6.993E-02  1.749E-01  1.866E-01  1.839E+01  0.000E+00  1.964E+01  1.807E+01  2.560E+01  3.151E+01  4.171E+01
 498  06 10 03  9.600E+22  6.726E+00  1.69650E-17  3.79461E-01  2.46063E+01  6.39765E+03  3.10162E-02  6.87069E+00  6.98549E+00  6.365E+00  3.599E-01  3.764E-01  6.486E+00  4.518E-01  2.487E-01  6.365E+00  3.599E-01  3.764E-01  6.486E+00  4.518E-01  2.487E-01  1.974E+22  0.000E+00 -1.940E+00 -2.005E+00  3.176E+00  5.479E+00  3.264E+00  1.897E+20  0.000E+00 -2.046E-02 -2.233E-02  4.718E-02  1.251E-01  1.361E-01  1.784E+01  0.000E+00  1.796E+01  1.876E+01  2.289E+01  2.891E+01  3.943E+01  2.198E+22  0.000E+00 -1.940E+00 -2.005E+00  3.956E+00  6.881E+00  4.226E+00  2.521E+20  0.000E+00 -2.043E-02 -2.230E-02  7.036E-02  1.754E-01  1.869E-01  1.906E+01  0.000E+00  1.796E+01  1.876E+01  2.499E+01  3.057E+01  4.065E+01
 499  06 10 04  9.600E+22  6.808E+00  5.87110E-18  3.79402E-01  2.15467E+01  5.60213E+03  2.71595E-02  6.89019E+00  6.98561E+00  6.441E+00  3.765E-01  2.972E-01  6.516E+00  4.474E-01  2.270E-01  6.441E+00  3.765E-01  2.972E-01  6.516E+00  4.474E-01  2.270E-01  1.869E+22  0.000E+00 -2.411E+00 -1.876E+00  3.455E+00  5.940E+00  3.566E+00  2.047E+20  0.000E+00 -2.304E-02 -2.224E-02  5.505E-02  1.404E-01  1.507E-01  1.953E+01  0.000E+00  1.761E+01  2.031E+01  2.413E+01  2.970E+01  3.983E+01  2.085E+22  0.000E+00 -2.411E+00 -1.876E+00  4.181E+00  7.175E+00  4.361E+00  2.518E+20  0.000E+00 -2.296E-02 -2.217E-02  7.260E-02  1.784E-01  1.891E-01  2.056E+01  0.000E+00  1.761E+01  2.030E+01  2.538E+01  3.054E+01  4.038E+01
 500  06 10 05  9.600E+22  6.874E+00  1.94970E-18  3.79500E-01  2.14528E+01  5.57774E+03  2.70413E-02  6.92501E+00  6.98501E+00  6.513E+00  3.722E-01  2.428E-01  6.568E+00  4.404E-01  1.955E-01  6.513E+00  3.722E-01  2.428E-01  6.568E+00  4.404E-01  1.955E-01  1.482E+22  0.000E+00 -1.926E+00 -1.488E+00  3.228E+00  5.682E+00  3.528E+00  2.075E+20  0.000E+00 -2.396E-02 -2.192E-02  6.018E-02  1.483E-01  1.570E-01  2.283E+01  0.000E+00  2.148E+01  2.361E+01  2.659E+01  3.136E+01  4.099E+01  1.692E+22  0.000E+00 -1.926E+00 -1.488E+00  3.934E+00  6.873E+00  4.287E+00  2.519E+20  0.000E+00 -2.383E-02 -2.182E-02  7.680E-02  1.842E-01  1.932E-01  2.384E+01  0.000E+00  2.147E+01  2.360E+01  2.743E+01  3.188E+01  4.130E+01
 501  06 10 06  9.600E+22  6.920E+00  5.94470E-19  3.79301E-01  2.50503E+01  6.51309E+03  3.15759E-02  6.96577E+00  6.99669E+00  6.563E+00  3.315E-01  2.208E-01  6.629E+00  4.329E-01  1.658E-01  6.563E+00  3.315E-01  2.208E-01  6.629E+00  4.329E-01  1.658E-01  8.781E+21  0.000E+00 -1.184E+00 -9.457E-01  2.242E+00  4.236E+00  2.862E+00  1.866E+20  0.000E+00 -2.468E-02 -2.149E-02  5.736E-02  1.383E-01  1.448E-01  2.911E+01  0.000E+00  2.973E+01  3.062E+01  3.184E+01  3.557E+01  4.384E+01  1.106E+22  0.000E+00 -1.184E+00 -9.457E-01  3.049E+00  5.689E+00  3.864E+00  2.518E+20  0.000E+00 -2.441E-02 -2.129E-02  8.186E-02  1.911E-01  1.981E-01  3.084E+01  0.000E+00  2.972E+01  3.059E+01  3.312E+01  3.633E+01  4.422E+01
 502  06 11 03  9.600E+22  6.719E+00  1.79790E-17  5.82553E-01  4.20494E+01  1.09328E+04  5.30031E-02  6.90767E+00  6.99112E+00  6.139E+00  3.856E-01  8.196E-01  6.529E+00  6.885E-01  2.317E-01  6.139E+00  3.856E-01  8.196E-01  6.529E+00  6.885E-01  2.317E-01  2.023E+22  0.000E+00 -1.624E+00 -2.076E+00  3.249E+00  5.636E+00  3.311E+00  1.759E+20  0.000E+00 -3.138E-02 -3.368E-02  3.593E-02  1.085E-01  1.218E-01  1.800E+01  0.000E+00  2.110E+01  1.945E+01  2.265E+01  2.839E+01  3.826E+01  2.282E+22  0.000E+00 -1.624E+00 -2.076E+00  4.207E+00  7.610E+00  5.066E+00  3.869E+20  0.000E+00 -3.133E-02 -3.364E-02  1.137E-01  2.782E-01  2.936E-01  1.979E+01  0.000E+00  2.110E+01  1.945E+01  2.708E+01  3.393E+01  4.527E+01
 503  06 11 04  9.600E+22  6.798E+00  6.51590E-18  5.82566E-01  3.67400E+01  9.55240E+03  4.63107E-02  6.91208E+00  6.99181E+00  6.362E+00  4.704E-01  4.154E-01  6.539E+00  6.850E-01  2.209E-01  6.362E+00  4.704E-01  4.154E-01  6.539E+00  6.850E-01  2.209E-01  1.988E+22  0.000E+00 -2.157E+00 -2.009E+00  3.613E+00  6.390E+00  3.947E+00  2.433E+20  0.000E+00 -3.417E-02 -3.371E-02  6.135E-02  1.634E-01  1.772E-01  1.994E+01  0.000E+00  2.012E+01  2.131E+01  2.455E+01  3.038E+01  4.067E+01  2.227E+22  0.000E+00 -2.157E+00 -2.009E+00  4.495E+00  8.161E+00  5.429E+00  3.869E+20  0.000E+00 -3.409E-02 -3.365E-02  1.148E-01  2.793E-01  2.943E-01  2.166E+01  0.000E+00  2.012E+01  2.131E+01  2.810E+01  3.416E+01  4.445E+01
 504  06 11 05  9.600E+22  6.861E+00  2.28350E-18  5.82363E-01  3.26019E+01  8.47650E+03  4.10947E-02  6.93051E+00  6.99512E+00  6.469E+00  5.130E-01  2.959E-01  6.570E+00  6.769E-01  2.004E-01  6.469E+00  5.130E-01  2.959E-01  6.570E+00  6.769E-01  2.004E-01  1.673E+22  0.000E+00 -2.118E+00 -1.683E+00  3.551E+00  6.481E+00  4.225E+00  2.786E+20  0.000E+00 -3.632E-02 -3.351E-02  7.794E-02  1.966E-01  2.093E-01  2.330E+01  0.000E+00  2.215E+01  2.493E+01  2.753E+01  3.303E+01  4.292E+01  1.902E+22  0.000E+00 -2.118E+00 -1.683E+00  4.393E+00  8.125E+00  5.520E+00  3.862E+20  0.000E+00 -3.610E-02 -3.334E-02  1.182E-01  2.836E-01  2.972E-01  2.529E+01  0.000E+00  2.215E+01  2.493E+01  3.050E+01  3.565E+01  4.486E+01
 505  06 11 06  9.600E+22  6.909E+00  7.38060E-19  5.82514E-01  3.31120E+01  8.60913E+03  4.17377E-02  6.95908E+00  6.99605E+00  6.523E+00  4.784E-01  2.574E-01  6.614E+00  6.685E-01  1.755E-01  6.523E+00  4.784E-01  2.574E-01  6.614E+00  6.685E-01  1.755E-01  1.086E+22  0.000E+00 -1.402E+00 -1.149E+00  2.684E+00  5.188E+00  3.640E+00  2.644E+20  0.000E+00 -3.719E-02 -3.300E-02  7.833E-02  1.926E-01  2.030E-01  2.944E+01  0.000E+00  3.074E+01  3.243E+01  3.271E+01  3.725E+01  4.580E+01  1.331E+22  0.000E+00 -1.402E+00 -1.149E+00  3.585E+00  6.965E+00  5.062E+00  3.866E+20  0.000E+00 -3.695E-02 -3.282E-02  1.240E-01  2.915E-01  3.028E-01  3.282E+01  0.000E+00  3.074E+01  3.243E+01  3.659E+01  4.021E+01  4.777E+01
 506  06 12 04  9.600E+22  6.796E+00  6.53260E-18  8.94423E-01  6.26628E+01  1.62923E+04  7.89864E-02  6.93789E+00  6.99537E+00  5.300E+00  5.883E-01  6.012E+00  6.567E+00  1.048E+00  2.126E-01  5.300E+00  5.883E-01  6.012E+00  6.567E+00  1.048E+00  2.126E-01  2.026E+22  0.000E+00 -1.813E+00 -2.054E+00  3.705E+00  6.585E+00  4.007E+00  1.338E+20  0.000E+00 -5.168E-02 -5.110E-02  1.197E-02  6.766E-02  8.398E-02  2.015E+01  0.000E+00  2.320E+01  2.183E+01  2.456E+01  3.005E+01  3.847E+01  2.285E+22  0.000E+00 -1.813E+00 -2.054E+00  4.680E+00  8.643E+00  5.987E+00  5.940E+20  0.000E+00 -5.154E-02 -5.098E-02  1.824E-01  4.387E-01  4.592E-01  2.219E+01  0.000E+00  2.320E+01  2.183E+01  2.922E+01  3.622E+01  4.885E+01
 507  06 12 05  9.600E+22  6.854E+00  2.49570E-18  8.94366E-01  5.50311E+01  1.43081E+04  6.93667E-02  6.94417E+00  6.99642E+00  6.289E+00  5.740E-01  5.771E-01  6.581E+00  1.041E+00  2.008E-01  6.289E+00  5.740E-01  5.771E-01  6.581E+00  1.041E+00  2.008E-01  1.780E+22  0.000E+00 -2.184E+00 -1.793E+00  3.712E+00  6.872E+00  4.491E+00  2.798E+20  0.000E+00 -5.515E-02 -5.102E-02  6.718E-02  1.870E-01  2.042E-01  2.346E+01  0.000E+00  2.264E+01  2.546E+01  2.756E+01  3.297E+01  4.224E+01  2.020E+22  0.000E+00 -2.184E+00 -1.793E+00  4.617E+00  8.757E+00  6.263E+00  5.937E+20  0.000E+00 -5.492E-02 -5.083E-02  1.847E-01  4.411E-01  4.606E-01  2.589E+01  0.000E+00  2.264E+01  2.546E+01  3.222E+01  3.865E+01  4.986E+01
 508  06 12 06  9.600E+22  6.902E+00  8.29710E-19  8.94221E-01  4.93997E+01  1.28439E+04  6.22683E-02  6.96102E+00  7.00152E+00  6.441E+00  6.257E-01  3.590E-01  6.611E+00  1.031E+00  1.815E-01  6.441E+00  6.257E-01  3.590E-01  6.611E+00  1.031E+00  1.815E-01  1.235E+22  0.000E+00 -1.534E+00 -1.285E+00  3.001E+00  5.887E+00  4.197E+00  3.299E+20  0.000E+00 -5.649E-02 -5.068E-02  9.127E-02  2.343E-01  2.498E-01  2.981E+01  0.000E+00  3.143E+01  3.351E+01  3.298E+01  3.784E+01  4.673E+01  1.481E+22  0.000E+00 -1.534E+00 -1.285E+00  3.926E+00  7.802E+00  5.962E+00  5.939E+20  0.000E+00 -5.609E-02 -5.036E-02  1.903E-01  4.483E-01  4.657E-01  3.397E+01  0.000E+00  3.143E+01  3.351E+01  3.916E+01  4.426E+01  5.339E+01
 509  06 13 04  9.600E+22  6.796E+00  6.47600E-18  1.37321E+00  1.02629E+02  2.66835E+04  1.29364E-01  6.95475E+00  6.99540E+00  6.441E+00  6.257E-01  3.590E-01  6.585E+00  1.607E+00  2.085E-01  6.441E+00  6.257E-01  3.590E-01  6.585E+00  1.607E+00  2.085E-01  0.000E+00  0.000E+00 -1.438E+00 -2.087E+00  3.669E+00  6.619E+00  4.041E+00  0.000E+00  0.000E+00 -7.870E-02 -7.766E-02 -2.046E-01 -3.896E-01 -3.739E-01  0.000E+00  0.000E+00  2.769E+01  2.206E+01  2.472E+01  3.014E+01  3.777E+01  2.315E+22  0.000E+00 -1.438E+00 -2.087E+00  4.701E+00  8.827E+00  6.234E+00  9.121E+20  0.000E+00 -7.855E-02 -7.753E-02  2.863E-01  6.835E-01  7.124E-01  2.247E+01  0.000E+00  2.769E+01  2.206E+01  2.999E+01  3.737E+01  5.108E+01
 510  06 13 05  9.600E+22  6.852E+00  2.55710E-18  1.37342E+00  9.43772E+01  2.45381E+04  1.18962E-01  6.96044E+00  6.99825E+00  6.441E+00  6.257E-01  3.590E-01  6.596E+00  1.599E+00  1.988E-01  6.441E+00  6.257E-01  3.590E-01  6.596E+00  1.599E+00  1.988E-01  1.809E+22  0.000E+00 -1.897E+00 -1.834E+00  3.739E+00  6.967E+00  4.531E+00 -1.198E+20  0.000E+00 -8.313E-02 -7.758E-02 -9.402E-02 -1.463E-01 -1.275E-01  2.347E+01  0.000E+00  2.572E+01  2.576E+01  2.752E+01  3.278E+01  4.076E+01  2.068E+22  0.000E+00 -1.897E+00 -1.834E+00  4.721E+00  9.056E+00  6.595E+00  9.123E+20  0.000E+00 -8.286E-02 -7.735E-02  2.895E-01  6.872E-01  7.149E-01  2.623E+01  0.000E+00  2.572E+01  2.576E+01  3.310E+01  3.993E+01  5.271E+01
 511  06 13 06  9.600E+22  6.896E+00  9.43010E-19  1.37366E+00  8.26060E+01  2.14776E+04  1.04125E-01  6.96633E+00  6.99988E+00  5.425E+00  7.353E-01  5.103E+00  6.611E+00  1.589E+00  1.871E-01  5.425E+00  7.353E-01  5.103E+00  6.611E+00  1.589E+00  1.871E-01  1.354E+22  0.000E+00 -1.638E+00 -1.400E+00  3.185E+00  6.327E+00  4.514E+00  1.811E+20  0.000E+00 -8.564E-02 -7.750E-02  1.930E-02  9.886E-02  1.196E-01  2.955E+01  0.000E+00  3.105E+01  3.328E+01  3.290E+01  3.764E+01  4.535E+01  1.600E+22  0.000E+00 -1.638E+00 -1.400E+00  4.125E+00  8.312E+00  6.460E+00  9.124E+20  0.000E+00 -8.517E-02 -7.711E-02  2.934E-01  6.915E-01  7.177E-01  3.389E+01  0.000E+00  3.105E+01  3.328E+01  4.002E+01  4.580E+01  5.719E+01
 512  06 13 07  9.600E+22  6.929E+00  3.00270E-19  1.37356E+00  7.53177E+01  1.95826E+04  9.49378E-02  6.98151E+00  7.00665E+00  6.264E+00  6.709E-01  7.085E-01  6.639E+00  1.573E+00  1.696E-01  6.264E+00  6.709E-01  7.085E-01  6.639E+00  1.573E+00  1.696E-01  7.774E+21  0.000E+00 -1.012E+00 -8.708E-01  2.086E+00  4.433E+00  3.525E+00  3.134E+20  0.000E+00 -8.730E-02 -7.675E-02  7.557E-02  2.147E-01  2.336E-01  4.054E+01  0.000E+00  4.771E+01  4.894E+01  4.205E+01  4.613E+01  5.290E+01  1.021E+22  0.000E+00 -1.012E+00 -8.708E-01  3.020E+00  6.396E+00  5.435E+00  9.124E+20  0.000E+00 -8.681E-02 -7.636E-02  3.016E-01  7.017E-01  7.246E-01  4.955E+01  0.000E+00  4.771E+01  4.894E+01  5.412E+01  5.853E+01  6.751E+01
 513  06 14 05  9.600E+22  6.853E+00  2.45590E-18  2.10866E+00  1.55154E+02  4.03399E+04  1.95571E-01  6.97125E+00  6.99764E+00  6.264E+00  6.709E-01  7.085E-01  6.606E+00  2.456E+00  1.981E-01  6.264E+00  6.709E-01  7.085E-01  6.606E+00  2.456E+00  1.981E-01  1.800E+22  0.000E+00 -1.525E+00 -1.836E+00  3.698E+00  6.960E+00  4.555E+00 -1.582E+21  0.000E+00 -1.260E-01 -1.184E-01 -6.511E-01 -1.339E+00 -1.327E+00  2.379E+01  0.000E+00  3.066E+01  2.638E+01  2.768E+01  3.292E+01  4.070E+01  2.071E+22  0.000E+00 -1.525E+00 -1.836E+00  4.724E+00  9.156E+00  6.754E+00  1.401E+21  0.000E+00 -1.256E-01 -1.180E-01  4.503E-01  1.065E+00  1.105E+00  2.679E+01  0.000E+00  3.066E+01  2.638E+01  3.372E+01  4.083E+01  5.404E+01
 514  06 14 06  9.600E+22  6.895E+00  9.53920E-19  2.10895E+00  1.41639E+02  3.68261E+04  1.78536E-01  6.97635E+00  7.00012E+00  6.264E+00  6.709E-01  7.085E-01  6.618E+00  2.443E+00  1.884E-01  6.264E+00  6.709E-01  7.085E-01  6.618E+00  2.443E+00  1.884E-01  1.370E+22  0.000E+00 -1.650E+00 -1.423E+00  3.207E+00  6.384E+00  4.547E+00 -9.680E+20  0.000E+00 -1.304E-01 -1.182E-01 -4.256E-01 -8.440E-01 -8.261E-01  2.950E+01  0.000E+00  3.130E+01  3.374E+01  3.261E+01  3.746E+01  4.469E+01  1.633E+22  0.000E+00 -1.650E+00 -1.423E+00  4.207E+00  8.518E+00  6.677E+00  1.401E+21  0.000E+00 -1.297E-01 -1.176E-01  4.553E-01  1.071E+00  1.109E+00  3.424E+01  0.000E+00  3.130E+01  3.374E+01  4.059E+01  4.680E+01  5.901E+01
 515  06 14 07  9.600E+22  6.925E+00  3.43930E-19  2.10920E+00  1.23855E+02  3.22024E+04  1.56120E-01  6.98348E+00  7.00248E+00  6.264E+00  6.709E-01  7.085E-01  6.635E+00  2.425E+00  1.762E-01  6.264E+00  6.709E-01  7.085E-01  6.635E+00  2.425E+00  1.762E-01  8.594E+21  0.000E+00 -1.096E+00 -9.604E-01  2.240E+00  4.773E+00  3.759E+00 -3.929E+20  0.000E+00 -1.322E-01 -1.176E-01 -2.082E-01 -3.748E-01 -3.535E-01  3.923E+01  0.000E+00  4.668E+01  4.794E+01  4.077E+01  4.482E+01  5.081E+01  1.121E+22  0.000E+00 -1.096E+00 -9.604E-01  3.236E+00  6.893E+00  5.870E+00  1.401E+21  0.000E+00 -1.316E-01 -1.171E-01  4.622E-01  1.078E+00  1.114E+00  4.870E+01  0.000E+00  4.668E+01  4.794E+01  5.418E+01  5.902E+01  6.941E+01
 516  06 15 06  9.600E+22  6.892E+00  1.00490E-18  3.23770E+00  2.36139E+02  6.13962E+04  2.97653E-01  6.98285E+00  6.99873E+00  6.264E+00  6.709E-01  7.085E-01  6.621E+00  3.760E+00  1.911E-01  6.264E+00  6.709E-01  7.085E-01  6.621E+00  3.760E+00  1.911E-01  1.399E+22  0.000E+00 -1.532E+00 -1.455E+00  3.256E+00  6.465E+00  4.581E+00 -4.800E+21  0.000E+00 -1.980E-01 -1.806E-01 -1.865E+00 -3.952E+00 -3.961E+00  2.930E+01  0.000E+00  3.388E+01  3.384E+01  3.209E+01  3.708E+01  4.431E+01  1.672E+22  0.000E+00 -1.532E+00 -1.455E+00  4.288E+00  8.678E+00  6.804E+00  2.152E+21  0.000E+00 -1.973E-01 -1.800E-01  7.034E-01  1.653E+00  1.709E+00  3.417E+01  0.000E+00  3.388E+01  3.384E+01  4.021E+01  4.679E+01  5.952E+01
 517  06 15 07  9.600E+22  6.924E+00  3.42670E-19  3.23738E+00  2.11876E+02  5.50879E+04  2.67070E-01  6.98946E+00  7.00231E+00  6.264E+00  6.709E-01  7.085E-01  6.637E+00  3.734E+00  1.796E-01  6.264E+00  6.709E-01  7.085E-01  6.637E+00  3.734E+00  1.796E-01  8.647E+21  0.000E+00 -1.098E+00 -9.705E-01  2.253E+00  4.807E+00  3.787E+00 -3.447E+21  0.000E+00 -2.008E-01 -1.797E-01 -1.366E+00 -2.861E+00 -2.857E+00  3.940E+01  0.000E+00  4.755E+01  4.915E+01  4.043E+01  4.473E+01  5.057E+01  1.137E+22  0.000E+00 -1.098E+00 -9.705E-01  3.288E+00  7.024E+00  6.011E+00  2.151E+21  0.000E+00 -2.001E-01 -1.791E-01  7.132E-01  1.663E+00  1.716E+00  4.966E+01  0.000E+00  4.755E+01  4.915E+01  5.500E+01  6.022E+01  7.120E+01
 518  06 16 07  9.600E+22  6.921E+00  3.91040E-19  4.97178E+00  3.58823E+02  9.32939E+04  4.52295E-01  6.99177E+00  6.99995E+00  6.264E+00  6.709E-01  7.085E-01  6.634E+00  5.755E+00  1.853E-01  6.264E+00  6.709E-01  7.085E-01  6.634E+00  5.755E+00  1.853E-01  9.258E+21  0.000E+00 -1.159E+00 -1.039E+00  2.334E+00  5.006E+00  3.896E+00 -1.369E+22  0.000E+00 -3.056E-01 -2.756E-01 -5.165E+00 -1.113E+01 -1.122E+01  3.784E+01  0.000E+00  4.551E+01  4.701E+01  3.954E+01  4.350E+01  4.934E+01  1.208E+22  0.000E+00 -1.159E+00 -1.039E+00  3.402E+00  7.302E+00  6.207E+00  3.304E+21  0.000E+00 -3.046E-01 -2.747E-01  1.095E+00  2.558E+00  2.639E+00  4.755E+01  0.000E+00  4.551E+01  4.701E+01  5.328E+01  5.861E+01  7.009E+01
