# recovery quantities vs truncation radius
#   generated by tabulate_recovery.py
#   frac is normalised to 1 at r = R_conv (full footprint)
#   peak_over_rim is the model counterpart of an observed peak/noise
#   reliable = 1 where frac >= 0.20
#   absorp = 1 where the central pixel is negative (absorption
#            against a warmer background; expected at 70/100 um for
#            cold cores, and a flag for the depression models).
#            Such rows carry no frac: the profile is not a
#            declining positive source and truncation is undefined.
#    i   j   k  band      SD_emb      r_as   r_Rconv        peak       I_rim    peak_rim      frac  fwhm_rec     cfoot   cpeakmean  rel absorp
     4   1   1    SD  3.3900e+22     12.30    0.3936  2.2143e+21  1.0951e+20  2.0220e+01    0.7437     13.58    1.8117      2.2803    1      0
     4   1   1    SD  3.3900e+22     13.39    0.4283  2.2143e+21  1.0951e+20  2.0220e+01    0.7823     13.58    1.9714      2.6987    1      0
     4   1   1    SD  3.3900e+22     14.26    0.4563  2.2143e+21  1.0951e+20  2.0220e+01    0.7973     13.58    2.1000      2.9951    1      0
     4   1   1    SD  3.3900e+22     14.70    0.4702  2.2143e+21  1.0951e+20  2.0220e+01    0.7973     13.58    2.1639      2.9951    1      0
     4   1   1    SD  3.3900e+22     15.62    0.4998  2.2143e+21  3.2937e+19  6.7230e+01    0.9132     14.02    2.2285      3.4956    1      0
     4   1   1    SD  3.3900e+22     16.52    0.5286  2.2143e+21  3.2937e+19  6.7230e+01    0.9194     14.02    2.3572      3.7841    1      0
     4   1   1    SD  3.3900e+22     17.42    0.5574  2.2143e+21  3.2937e+19  6.7230e+01    0.9209     14.02    2.4857      3.9336    1      0
     4   1   1    SD  3.3900e+22     18.51    0.5923  2.2143e+21  7.5368e+18  2.9380e+02    0.9731     14.16    2.6143      4.5121    1      0
     4   1   1    SD  3.3900e+22     19.42    0.6215  2.2143e+21  7.5368e+18  2.9380e+02    0.9766     14.16    2.7429      5.0900    1      0
     4   1   1    SD  3.3900e+22     20.33    0.6506  2.2143e+21  7.5368e+18  2.9380e+02    0.9773     14.16    2.8714      5.3836    1      0
     4   1   1    SD  3.3900e+22     21.30    0.6814  2.2143e+21  1.5074e+18  1.4690e+03    0.9932     14.20    3.0000      5.8980    1      0
     4   1   1    SD  3.3900e+22     31.25    1.0000  2.2143e+21  0.0000e+00         nan    1.0000     14.21    4.4002     12.4155    1      0
     4   1   1   070  3.3900e+22     22.00    1.0000 -4.3356e-01         nan         nan       nan       nan       nan         nan    0      1
     4   1   1   100  3.3900e+22     23.51    1.0000 -5.4864e-01         nan         nan       nan       nan       nan         nan    0      1
     4   1   1   160  3.3900e+22      9.31    0.2979  1.2177e-02  3.1935e-03  3.8130e+00    0.3543     14.37    1.2963      1.5873    1      0
     4   1   1   160  3.3900e+22      9.41    0.3010  1.2177e-02  3.1935e-03  3.8130e+00    0.3543     14.37    1.3095      1.5873    1      0
     4   1   1   160  3.3900e+22      9.72    0.3111  1.2177e-02  3.1935e-03  3.8130e+00    0.3974     14.37    1.3534      1.8058    1      0
     4   1   1   160  3.3900e+22     10.11    0.3235  1.2177e-02  3.1935e-03  3.8130e+00    0.3974     14.37    1.4075      1.8058    1      0
     4   1   1   160  3.3900e+22     11.10    0.3551  1.2177e-02  3.1935e-03  3.8130e+00    0.4179     14.37    1.5452      2.0887    1      0
     4   1   1   160  3.3900e+22     12.34    0.3947  1.2177e-02  1.2557e-03  9.6968e+00    0.6241     16.54    1.4916      1.8513    1      0
     4   1   1   160  3.3900e+22     13.91    0.4452  1.2177e-02  1.2557e-03  9.6968e+00    0.6861     16.54    1.6827      2.3714    1      0
     4   1   1   160  3.3900e+22     14.63    0.4682  1.2177e-02  1.2557e-03  9.6968e+00    0.6861     16.54    1.7695      2.3714    1      0
     4   1   1   160  3.3900e+22     16.09    0.5146  1.2177e-02  4.3690e-04  2.7870e+01    0.8485     17.46    1.8428      2.6587    1      0
     4   1   1   160  3.3900e+22     16.29    0.5211  1.2177e-02  4.3690e-04  2.7870e+01    0.8575     17.46    1.8658      2.8671    1      0
     4   1   1   160  3.3900e+22     17.21    0.5506  1.2177e-02  4.3690e-04  2.7870e+01    0.8599     17.46    1.9715      2.9773    1      0
     4   1   1   160  3.3900e+22     18.71    0.5986  1.2177e-02  1.1508e-04  1.0581e+02    0.9465     17.82    2.1000      3.3291    1      0
     4   1   1   160  3.3900e+22     19.85    0.6352  1.2177e-02  1.1508e-04  1.0581e+02    0.9527     17.82    2.2286      3.7447    1      0
     4   1   1   160  3.3900e+22     21.12    0.6757  1.2177e-02  2.5714e-05  4.7354e+02    0.9827     17.92    2.3572      3.9776    1      0
     4   1   1   160  3.3900e+22     22.27    0.7125  1.2177e-02  2.5714e-05  4.7354e+02    0.9869     17.92    2.4858      4.7052    1      0
     4   1   1   160  3.3900e+22     23.42    0.7493  1.2177e-02  2.5714e-05  4.7354e+02    0.9872     17.92    2.6142      4.9161    1      0
     4   1   1   160  3.3900e+22     24.61    0.7873  1.2177e-02  3.9239e-06  3.1032e+03    0.9972     17.94    2.7429      5.6135    1      0
     4   1   1   160  3.3900e+22     25.76    0.8242  1.2177e-02  3.9239e-06  3.1032e+03    0.9976     17.94    2.8714      6.1386    1      0
     4   1   1   160  3.3900e+22     26.91    0.8611  1.2177e-02  3.9239e-06  3.1032e+03    0.9976     17.94    3.0001      6.5596    1      0
     4   1   1   160  3.3900e+22     31.25    1.0000  1.2177e-02  0.0000e+00         nan    1.0000     17.95    3.4831      8.9649    1      0
     4   1   1   250  3.3900e+22     19.05    0.4785  1.2055e+00  4.1971e-02  2.8723e+01    0.8410     18.55    2.0535      3.1862    1      0
     4   1   1   250  3.3900e+22     19.48    0.4893  1.2055e+00  4.1971e-02  2.8723e+01    0.8457     18.55    2.1000      3.3647    1      0
     4   1   1   250  3.3900e+22     20.67    0.5193  1.2055e+00  4.1971e-02  2.8723e+01    0.8479     18.55    2.2285      3.5520    1      0
     4   1   1   250  3.3900e+22     22.22    0.5583  1.2055e+00  1.6204e-02  7.4396e+01    0.9272     18.85    2.3572      4.0532    1      0
     4   1   1   250  3.3900e+22     23.43    0.5888  1.2055e+00  1.6204e-02  7.4396e+01    0.9287     18.85    2.4857      4.4122    1      0
     4   1   1   250  3.3900e+22     24.82    0.6236  1.2055e+00  4.9731e-03  2.4241e+02    0.9720     18.99    2.6143      4.8730    1      0
     4   1   1   250  3.3900e+22     26.04    0.6543  1.2055e+00  4.9731e-03  2.4241e+02    0.9732     18.99    2.7429      5.3072    1      0
     4   1   1   250  3.3900e+22     27.33    0.6865  1.2055e+00  1.2096e-03  9.9662e+02    0.9908     19.03    2.8715      5.6636    1      0
     4   1   1   250  3.3900e+22     28.55    0.7173  1.2055e+00  1.2096e-03  9.9662e+02    0.9920     19.03    3.0000      6.3503    1      0
     4   1   1   250  3.3900e+22     39.80    1.0000  1.2055e+00  0.0000e+00         nan    1.0000     19.05    4.1793     11.9009    1      0
     4   1   1   350  3.3900e+22     31.04    0.6005  1.0959e+00  1.0683e-02  1.0258e+02    0.9437     24.98    2.4857      4.3263    1      0
     4   1   1   350  3.3900e+22     32.65    0.6315  1.0959e+00  1.0683e-02  1.0258e+02    0.9451     24.98    2.6143      4.7253    1      0
     4   1   1   350  3.3900e+22     34.40    0.6653  1.0959e+00  4.5520e-03  2.4075e+02    0.9728     25.08    2.7429      5.2109    1      0
     4   1   1   350  3.3900e+22     36.05    0.6972  1.0959e+00  1.7975e-03  6.0968e+02    0.9865     25.13    2.8693      5.3964    1      0
     4   1   1   350  3.3900e+22     37.69    0.7290  1.0959e+00  1.7975e-03  6.0968e+02    0.9877     25.13    3.0000      6.0738    1      0
     4   1   1   350  3.3900e+22     51.70    1.0000  1.0959e+00  0.0000e+00         nan    1.0000     25.16    4.1103     11.2808    1      0
     4   1   2    SD  3.3900e+22     12.76    0.3881  2.6472e+21  1.9061e+20  1.3888e+01    0.7188     14.47    1.7627      2.4994    1      0
     4   1   2    SD  3.3900e+22     13.15    0.4001  2.6472e+21  1.9061e+20  1.3888e+01    0.7188     14.47    1.8169      2.4994    1      0
     4   1   2    SD  3.3900e+22     14.27    0.4341  2.6472e+21  1.9061e+20  1.3888e+01    0.7351     14.47    1.9714      2.7644    1      0
     4   1   2    SD  3.3900e+22     15.65    0.4763  2.6472e+21  6.6134e+19  4.0028e+01    0.8723     15.09    2.0750      3.1571    1      0
     4   1   2    SD  3.3900e+22     15.84    0.4820  2.6472e+21  6.6134e+19  4.0028e+01    0.8723     15.09    2.1000      3.1571    1      0
     4   1   2    SD  3.3900e+22     16.81    0.5115  2.6472e+21  6.6134e+19  4.0028e+01    0.8798     15.09    2.2286      3.4114    1      0
     4   1   2    SD  3.3900e+22     17.78    0.5410  2.6472e+21  6.6134e+19  4.0028e+01    0.8838     15.09    2.3572      3.8162    1      0
     4   1   2    SD  3.3900e+22     19.05    0.5795  2.6472e+21  1.7785e+19  1.4885e+02    0.9569     15.32    2.4857      4.2497    1      0
     4   1   2    SD  3.3900e+22     20.03    0.6095  2.6472e+21  1.7785e+19  1.4885e+02    0.9592     15.32    2.6143      4.5021    1      0
     4   1   2    SD  3.3900e+22     21.03    0.6399  2.6472e+21  4.2103e+18  6.2874e+02    0.9845     15.39    2.7329      4.7952    1      0
     4   1   2    SD  3.3900e+22     22.10    0.6724  2.6472e+21  4.2103e+18  6.2874e+02    0.9880     15.39    2.8715      5.6761    1      0
     4   1   2    SD  3.3900e+22     23.09    0.7025  2.6472e+21  4.2103e+18  6.2874e+02    0.9883     15.39    3.0000      5.9309    1      0
     4   1   2    SD  3.3900e+22     32.86    1.0000  2.6472e+21  6.1765e+15  4.2860e+05    1.0000     15.41    4.2648     11.8374    1      0
     4   1   2   070  3.3900e+22     23.76    1.0000 -4.5965e-01         nan         nan       nan       nan       nan         nan    0      1
     4   1   2   100  3.3900e+22     26.28    1.0000 -5.9993e-01         nan         nan       nan       nan       nan         nan    0      1
     4   1   2   160  3.3900e+22      9.72    0.2959  5.7918e-02  1.3612e-02  4.2549e+00    0.4140     13.51    1.4400      1.9298    1      0
     4   1   2   160  3.3900e+22      9.84    0.2995  5.7918e-02  1.3612e-02  4.2549e+00    0.4140     13.51    1.4573      1.9298    1      0
     4   1   2   160  3.3900e+22     10.73    0.3265  5.7918e-02  1.3612e-02  4.2549e+00    0.4140     13.51    1.5888      1.9298    1      0
     4   1   2   160  3.3900e+22     10.86    0.3305  5.7918e-02  1.3612e-02  4.2549e+00    0.4336     13.51    1.6082      2.2410    1      0
     4   1   2   160  3.3900e+22     12.15    0.3697  5.7918e-02  5.4331e-03  1.0660e+01    0.6301     15.42    1.5762      1.9892    1      0
     4   1   2   160  3.3900e+22     13.81    0.4202  5.7918e-02  5.4331e-03  1.0660e+01    0.6890     15.42    1.7913      2.5615    1      0
     4   1   2   160  3.3900e+22     14.21    0.4322  5.7918e-02  5.4331e-03  1.0660e+01    0.6890     15.42    1.8428      2.5615    1      0
     4   1   2   160  3.3900e+22     15.99    0.4865  5.7918e-02  1.9965e-03  2.9010e+01    0.8429     16.22    1.9714      2.8777    1      0
     4   1   2   160  3.3900e+22     16.30    0.4961  5.7918e-02  1.9965e-03  2.9010e+01    0.8515     16.22    2.0104      3.1047    1      0
     4   1   2   160  3.3900e+22     17.03    0.5182  5.7918e-02  1.9965e-03  2.9010e+01    0.8538     16.22    2.1000      3.2241    1      0
     4   1   2   160  3.3900e+22     18.35    0.5584  5.7918e-02  5.6759e-04  1.0204e+02    0.9405     16.55    2.2173      3.5958    1      0
     4   1   2   160  3.3900e+22     19.51    0.5936  5.7918e-02  5.6759e-04  1.0204e+02    0.9469     16.55    2.3571      4.0439    1      0
     4   1   2   160  3.3900e+22     20.57    0.6260  5.7918e-02  5.6759e-04  1.0204e+02    0.9482     16.55    2.4857      4.2743    1      0
     4   1   2   160  3.3900e+22     21.77    0.6623  5.7918e-02  1.4025e-04  4.1297e+02    0.9828     16.65    2.6143      4.8423    1      0
     4   1   2   160  3.3900e+22     22.84    0.6949  5.7918e-02  1.4025e-04  4.1297e+02    0.9838     16.65    2.7428      5.0663    1      0
     4   1   2   160  3.3900e+22     23.92    0.7278  5.7918e-02  1.4025e-04  4.1297e+02    0.9843     16.65    2.8725      5.5212    1      0
     4   1   2   160  3.3900e+22     25.02    0.7613  5.7918e-02  2.4198e-05  2.3935e+03    0.9964     16.68    3.0000      6.2579    1      0
     4   1   2   160  3.3900e+22     32.86    1.0000  5.7918e-02  2.2518e-07  2.5720e+05    1.0000     16.68    3.9393     10.5287    1      0
     4   1   2   250  3.3900e+22     16.65    0.4039  1.6475e+00  1.6579e-01  9.9371e+00    0.6624     18.41    1.8086      2.6064    1      0
     4   1   2   250  3.3900e+22     16.96    0.4116  1.6475e+00  1.6579e-01  9.9371e+00    0.6624     18.41    1.8429      2.6064    1      0
     4   1   2   250  3.3900e+22     18.94    0.4596  1.6475e+00  7.4528e-02  2.2106e+01    0.8015     19.22    1.9715      2.8527    1      0
     4   1   2   250  3.3900e+22     19.84    0.4813  1.6475e+00  7.4528e-02  2.2106e+01    0.8126     19.22    2.0645      3.1856    1      0
     4   1   2   250  3.3900e+22     20.18    0.4896  1.6475e+00  7.4528e-02  2.2106e+01    0.8151     19.22    2.1000      3.3615    1      0
     4   1   2   250  3.3900e+22     21.84    0.5300  1.6475e+00  3.0882e-02  5.3349e+01    0.9054     19.60    2.2286      3.7964    1      0
     4   1   2   250  3.3900e+22     23.10    0.5605  1.6475e+00  3.0882e-02  5.3349e+01    0.9067     19.60    2.3571      3.9624    1      0
     4   1   2   250  3.3900e+22     24.59    0.5966  1.6475e+00  1.0258e-02  1.6061e+02    0.9595     19.78    2.4857      4.3660    1      0
     4   1   2   250  3.3900e+22     25.86    0.6275  1.6475e+00  1.0258e-02  1.6061e+02    0.9624     19.78    2.6143      4.9251    1      0
     4   1   2   250  3.3900e+22     27.22    0.6605  1.6475e+00  2.7675e-03  5.9531e+02    0.9859     19.85    2.7428      5.2305    1      0
     4   1   2   250  3.3900e+22     28.50    0.6915  1.6475e+00  2.7675e-03  5.9531e+02    0.9875     19.85    2.8714      5.8621    1      0
     4   1   2   250  3.3900e+22     29.78    0.7224  1.6475e+00  2.7675e-03  5.9531e+02    0.9877     19.85    3.0000      6.1014    1      0
     4   1   2   250  3.3900e+22     41.22    1.0000  1.6475e+00  2.4139e-06  6.8251e+05    1.0000     19.88    4.1475     11.7360    1      0
     4   1   2   350  3.3900e+22     28.19    0.5296  1.5162e+00  3.7443e-02  4.0494e+01    0.8804     25.30    2.2286      3.5398    1      0
     4   1   2   350  3.3900e+22     30.05    0.5645  1.5162e+00  1.8145e-02  8.3560e+01    0.9305     25.53    2.3533      3.8831    1      0
     4   1   2   350  3.3900e+22     31.74    0.5962  1.5162e+00  1.8145e-02  8.3560e+01    0.9343     25.53    2.4857      4.2576    1      0
     4   1   2   350  3.3900e+22     33.54    0.6301  1.5162e+00  8.0276e-03  1.8888e+02    0.9649     25.66    2.6143      4.5788    1      0
     4   1   2   350  3.3900e+22     35.19    0.6611  1.5162e+00  8.0276e-03  1.8888e+02    0.9670     25.66    2.7428      5.1855    1      0
     4   1   2   350  3.3900e+22     36.92    0.6936  1.5162e+00  3.2902e-03  4.6084e+02    0.9842     25.71    2.8714      5.6258    1      0
     4   1   2   350  3.3900e+22     38.57    0.7246  1.5162e+00  3.2902e-03  4.6084e+02    0.9846     25.71    3.0000      6.0444    1      0
     4   1   2   350  3.3900e+22     53.23    1.0000  1.5162e+00  2.3423e-06  6.4733e+05    1.0000     25.75    4.1335     11.4092    1      0
     4   1   2   500  3.3900e+22     45.28    0.6149  6.2497e-01  6.2604e-03  9.9829e+01    0.9425     36.43    2.4857      4.3186    1      0
     4   1   2   500  3.3900e+22     47.62    0.6467  6.2497e-01  6.2604e-03  9.9829e+01    0.9439     36.43    2.6143      4.7690    1      0
     4   1   2   500  3.3900e+22     50.15    0.6810  6.2497e-01  3.2988e-03  1.8945e+02    0.9670     36.57    2.7428      5.1730    1      0
     4   1   2   500  3.3900e+22     52.60    0.7143  6.2497e-01  1.7283e-03  3.6162e+02    0.9809     36.64    2.8714      5.6725    1      0
     4   1   2   500  3.3900e+22     55.02    0.7471  6.2497e-01  9.0144e-04  6.9330e+02    0.9889     36.68    3.0000      6.0737    1      0
     4   1   2   500  3.3900e+22     73.64    1.0000  6.2497e-01  5.8494e-07  1.0684e+06    1.0000     36.72    4.0112     10.8547    1      0
     4   1   3    SD  3.3900e+22      9.46    0.2639  2.8348e+21  7.6733e+20  3.6944e+00    0.3225     13.65    1.3864      1.6677    1      0
     4   1   3    SD  3.3900e+22     10.36    0.2889  2.8348e+21  7.6733e+20  3.6944e+00    0.3595     13.65    1.5175      1.9087    1      0
     4   1   3    SD  3.3900e+22     11.49    0.3204  2.8348e+21  7.6733e+20  3.6944e+00    0.3770     13.65    1.6830      2.2132    1      0
     4   1   3    SD  3.3900e+22     11.73    0.3272  2.8348e+21  7.6733e+20  3.6944e+00    0.3770     13.65    1.7189      2.2132    1      0
     4   1   3    SD  3.3900e+22     12.18    0.3395  2.8348e+21  3.4537e+20  8.2079e+00    0.5637     15.77    1.5447      1.9410    1      0
     4   1   3    SD  3.3900e+22     12.86    0.3584  2.8348e+21  3.4537e+20  8.2079e+00    0.6037     15.77    1.6307      2.2561    1      0
     4   1   3    SD  3.3900e+22     14.67    0.4091  2.8348e+21  3.4537e+20  8.2079e+00    0.6206     15.77    1.8615      2.4825    1      0
     4   1   3    SD  3.3900e+22     14.95    0.4168  2.8348e+21  3.4537e+20  8.2079e+00    0.6206     15.77    1.8965      2.4825    1      0
     4   1   3    SD  3.3900e+22     16.52    0.4608  2.8348e+21  1.4590e+20  1.9430e+01    0.7942     16.76    1.9715      2.9457    1      0
     4   1   3    SD  3.3900e+22     17.38    0.4847  2.8348e+21  1.4590e+20  1.9430e+01    0.7968     16.76    2.0737      3.0571    1      0
     4   1   3    SD  3.3900e+22     17.96    0.5009  2.8348e+21  1.4590e+20  1.9430e+01    0.7995     16.76    2.1432      3.2882    1      0
     4   1   3    SD  3.3900e+22     19.22    0.5358  2.8348e+21  4.9808e+19  5.6914e+01    0.9122     17.25    2.2286      3.7514    1      0
     4   1   3    SD  3.3900e+22     20.32    0.5667  2.8348e+21  4.9808e+19  5.6914e+01    0.9139     17.25    2.3572      3.9631    1      0
     4   1   3    SD  3.3900e+22     21.65    0.6037  2.8348e+21  1.4922e+19  1.8997e+02    0.9660     17.42    2.4857      4.4247    1      0
     4   1   3    SD  3.3900e+22     22.77    0.6349  2.8348e+21  1.4922e+19  1.8997e+02    0.9676     17.42    2.6143      4.6265    1      0
     4   1   3    SD  3.3900e+22     23.91    0.6668  2.8348e+21  1.4922e+19  1.8997e+02    0.9685     17.42    2.7456      5.0399    1      0
     4   1   3    SD  3.3900e+22     25.09    0.6997  2.8348e+21  3.2594e+18  8.6973e+02    0.9910     17.48    2.8715      5.6636    1      0
     4   1   3    SD  3.3900e+22     26.22    0.7310  2.8348e+21  3.2594e+18  8.6973e+02    0.9916     17.48    3.0000      6.1726    1      0
     4   1   3    SD  3.3900e+22     35.86    1.0000  2.8348e+21  5.7394e+15  4.9392e+05    1.0000     17.49    4.1002     11.1112    1      0
     4   1   3   070  3.3900e+22     27.34    1.0000 -4.3033e-01         nan         nan       nan       nan       nan         nan    0      1
     4   1   3   100  3.3900e+22     28.97    1.0000 -5.7947e-01         nan         nan       nan       nan       nan         nan    0      1
     4   1   3   160  3.3900e+22      9.15    0.2552  9.4163e-02  2.9626e-02  3.1784e+00    0.2823     14.22    1.2875      1.6063    1      0
     4   1   3   160  3.3900e+22      9.96    0.2777  9.4163e-02  2.9626e-02  3.1784e+00    0.3165     14.22    1.4009      1.8277    1      0
     4   1   3   160  3.3900e+22     10.93    0.3048  9.4163e-02  2.9626e-02  3.1784e+00    0.3332     14.22    1.5378      2.1119    1      0
     4   1   3   160  3.3900e+22     11.97    0.3336  9.4163e-02  2.9626e-02  3.1784e+00    0.3332     14.22    1.6834      2.1119    1      0
     4   1   3   160  3.3900e+22     12.10    0.3374  9.4163e-02  1.4133e-02  6.6624e+00    0.5183     16.68    1.4509      1.8332    1      0
     4   1   3   160  3.3900e+22     12.10    0.3375  9.4163e-02  1.4133e-02  6.6624e+00    0.5183     16.68    1.4511      1.8332    1      0
     4   1   3   160  3.3900e+22     13.48    0.3758  9.4163e-02  1.4133e-02  6.6624e+00    0.5755     16.68    1.6159      2.3246    1      0
     4   1   3   160  3.3900e+22     14.69    0.4095  9.4163e-02  1.4133e-02  6.6624e+00    0.5755     16.68    1.7606      2.3246    1      0
     4   1   3   160  3.3900e+22     15.28    0.4260  9.4163e-02  6.2207e-03  1.5137e+01    0.7353     17.94    1.7029      2.3472    1      0
     4   1   3   160  3.3900e+22     16.53    0.4610  9.4163e-02  6.2207e-03  1.5137e+01    0.7615     17.94    1.8428      2.7141    1      0
     4   1   3   160  3.3900e+22     18.01    0.5021  9.4163e-02  2.2023e-03  4.2757e+01    0.8777     18.54    1.9427      2.8683    1      0
     4   1   3   160  3.3900e+22     18.22    0.5081  9.4163e-02  2.2023e-03  4.2757e+01    0.8777     18.54    1.9661      2.8683    1      0
     4   1   3   160  3.3900e+22     19.46    0.5427  9.4163e-02  2.2023e-03  4.2757e+01    0.8949     18.54    2.1000      3.4110    1      0
     4   1   3   160  3.3900e+22     20.66    0.5759  9.4163e-02  2.2023e-03  4.2757e+01    0.8968     18.54    2.2285      3.6023    1      0
     4   1   3   160  3.3900e+22     22.11    0.6166  9.4163e-02  6.7689e-04  1.3911e+02    0.9603     18.76    2.3572      4.1749    1      0
     4   1   3   160  3.3900e+22     23.32    0.6502  9.4163e-02  6.7689e-04  1.3911e+02    0.9611     18.76    2.4857      4.3600    1      0
     4   1   3   160  3.3900e+22     24.63    0.6866  9.4163e-02  1.5077e-04  6.2453e+02    0.9882     18.84    2.6143      4.9096    1      0
     4   1   3   160  3.3900e+22     25.84    0.7204  9.4163e-02  1.5077e-04  6.2453e+02    0.9895     18.84    2.7428      5.5477    1      0
     4   1   3   160  3.3900e+22     27.06    0.7544  9.4163e-02  2.2620e-05  4.1629e+03    0.9973     18.86    2.8695      5.7859    1      0
     4   1   3   160  3.3900e+22     28.29    0.7887  9.4163e-02  2.2620e-05  4.1629e+03    0.9979     18.86    3.0000      6.3314    1      0
     4   1   3   160  3.3900e+22     35.86    1.0000  9.4163e-02  2.7244e-07  3.4562e+05    1.0000     18.86    3.8029      9.9695    1      0
     4   1   3   250  3.3900e+22     15.68    0.3549  2.0111e+00  2.7637e-01  7.2771e+00    0.5756     19.28    1.6259      2.2809    1      0
     4   1   3   250  3.3900e+22     16.53    0.3742  2.0111e+00  2.7637e-01  7.2771e+00    0.5857     19.28    1.7142      2.4433    1      0
     4   1   3   250  3.3900e+22     17.89    0.4051  2.0111e+00  2.7637e-01  7.2771e+00    0.5918     19.28    1.8557      2.7172    1      0
     4   1   3   250  3.3900e+22     18.71    0.4235  2.0111e+00  1.3783e-01  1.4591e+01    0.7348     20.33    1.8405      2.6233    1      0
     4   1   3   250  3.3900e+22     20.04    0.4536  2.0111e+00  1.3783e-01  1.4591e+01    0.7470     20.33    1.9714      2.9213    1      0
     4   1   3   250  3.3900e+22     21.28    0.4819  2.0111e+00  6.3551e-02  3.1646e+01    0.8514     20.89    2.0379      3.1318    1      0
     4   1   3   250  3.3900e+22     21.93    0.4965  2.0111e+00  6.3551e-02  3.1646e+01    0.8588     20.89    2.1000      3.4131    1      0
     4   1   3   250  3.3900e+22     23.27    0.5270  2.0111e+00  6.3551e-02  3.1646e+01    0.8605     20.89    2.2286      3.5608    1      0
     4   1   3   250  3.3900e+22     24.97    0.5653  2.0111e+00  2.4058e-02  8.3597e+01    0.9339     21.18    2.3572      3.9988    1      0
     4   1   3   250  3.3900e+22     26.33    0.5961  2.0111e+00  2.4058e-02  8.3597e+01    0.9362     21.18    2.4857      4.3499    1      0
     4   1   3   250  3.3900e+22     27.85    0.6306  2.0111e+00  7.5431e-03  2.6662e+02    0.9745     21.31    2.6143      4.8428    1      0
     4   1   3   250  3.3900e+22     29.22    0.6616  2.0111e+00  7.5431e-03  2.6662e+02    0.9756     21.31    2.7428      5.1171    1      0
     4   1   3   250  3.3900e+22     30.65    0.6939  2.0111e+00  2.4828e-03  8.1004e+02    0.9902     21.35    2.8715      5.7444    1      0
     4   1   3   250  3.3900e+22     32.02    0.7250  2.0111e+00  2.4828e-03  8.1004e+02    0.9907     21.35    3.0000      6.1552    1      0
     4   1   3   250  3.3900e+22     44.17    1.0000  2.0111e+00  2.0973e-06  9.5890e+05    1.0000     21.37    4.1345     11.5095    1      0
     4   1   3   350  3.3900e+22     25.25    0.4496  1.9339e+00  1.2740e-01  1.5180e+01    0.7508     25.62    1.9714      2.9124    1      0
     4   1   3   350  3.3900e+22     27.13    0.4830  1.9339e+00  6.4144e-02  3.0150e+01    0.8434     26.23    2.0682      3.0721    1      0
     4   1   3   350  3.3900e+22     27.21    0.4846  1.9339e+00  6.4144e-02  3.0150e+01    0.8461     26.23    2.0749      3.1591    1      0
     4   1   3   350  3.3900e+22     29.23    0.5204  1.9339e+00  6.4144e-02  3.0150e+01    0.8534     26.23    2.2286      3.5161    1      0
     4   1   3   350  3.3900e+22     31.27    0.5568  1.9339e+00  3.2921e-02  5.8745e+01    0.9123     26.53    2.3571      3.8917    1      0
     4   1   3   350  3.3900e+22     33.19    0.5910  1.9339e+00  1.5417e-02  1.2544e+02    0.9511     26.70    2.4857      4.2535    1      0
     4   1   3   350  3.3900e+22     34.91    0.6215  1.9339e+00  1.5417e-02  1.2544e+02    0.9534     26.70    2.6143      4.6398    1      0
     4   1   3   350  3.3900e+22     36.74    0.6541  1.9339e+00  6.7553e-03  2.8628e+02    0.9764     26.79    2.7428      5.1996    1      0
     4   1   3   350  3.3900e+22     38.46    0.6848  1.9339e+00  6.7553e-03  2.8628e+02    0.9770     26.79    2.8714      5.5857    1      0
     4   1   3   350  3.3900e+22     40.24    0.7165  1.9339e+00  2.6388e-03  7.3287e+02    0.9895     26.83    3.0000      5.9972    1      0
     4   1   3   350  3.3900e+22     56.16    1.0000  1.9339e+00  2.0822e-06  9.2881e+05    1.0000     26.85    4.1829     11.6617    1      0
     4   1   3   500  3.3900e+22     40.80    0.5356  8.2295e-01  2.7376e-02  3.0061e+01    0.8528     36.61    2.2286      3.5945    1      0
     4   1   3   500  3.3900e+22     43.58    0.5722  8.2295e-01  1.6934e-02  4.8598e+01    0.8992     36.98    2.3571      3.9807    1      0
     4   1   3   500  3.3900e+22     46.26    0.6074  8.2295e-01  9.9434e-03  8.2763e+01    0.9341     37.22    2.4857      4.3531    1      0
     4   1   3   500  3.3900e+22     48.86    0.6415  8.2295e-01  5.3724e-03  1.5318e+02    0.9602     37.38    2.6143      4.8048    1      0
     4   1   3   500  3.3900e+22     51.38    0.6745  8.2295e-01  2.8868e-03  2.8507e+02    0.9762     37.47    2.7423      5.2342    1      0
     4   1   3   500  3.3900e+22     53.82    0.7066  8.2295e-01  2.8868e-03  2.8507e+02    0.9767     37.47    2.8727      5.6349    1      0
     4   1   3   500  3.3900e+22     56.27    0.7389  8.2295e-01  1.5440e-03  5.3301e+02    0.9864     37.52    3.0000      6.1228    1      0
     4   1   3   500  3.3900e+22     76.17    1.0000  8.2295e-01  0.0000e+00         nan    1.0000     37.57    4.0545     11.1285    1      0
     4   1   4    SD  3.3900e+22      9.22    0.2267  2.6422e+21  1.0043e+21  2.6310e+00    0.2126     14.36    1.2835      1.5926    1      0
     4   1   4    SD  3.3900e+22      9.49    0.2333  2.6422e+21  1.0043e+21  2.6310e+00    0.2389     14.36    1.3211      1.8078    1      0
     4   1   4    SD  3.3900e+22     10.01    0.2463  2.6422e+21  1.0043e+21  2.6310e+00    0.2389     14.36    1.3945      1.8078    1      0
     4   1   4    SD  3.3900e+22     10.98    0.2700  2.6422e+21  1.0043e+21  2.6310e+00    0.2520     14.36    1.5286      2.0848    1      0
     4   1   4    SD  3.3900e+22     12.12    0.2981  2.6422e+21  5.6501e+20  4.6764e+00    0.4064     17.14    1.4140      1.7851    1      0
     4   1   4    SD  3.3900e+22     13.41    0.3298  2.6422e+21  5.6501e+20  4.6764e+00    0.4402     17.14    1.5643      2.0517    1      0
     4   1   4    SD  3.3900e+22     15.00    0.3690  2.6422e+21  3.0069e+20  8.7871e+00    0.6116     18.73    1.6025      2.2103    1      0
     4   1   4    SD  3.3900e+22     16.03    0.3942  2.6422e+21  3.0069e+20  8.7871e+00    0.6273     18.73    1.7117      2.3678    1      0
     4   1   4    SD  3.3900e+22     17.08    0.4201  2.6422e+21  3.0069e+20  8.7871e+00    0.6407     18.73    1.8241      2.6308    1      0
     4   1   4    SD  3.3900e+22     18.04    0.4437  2.6422e+21  1.3720e+20  1.9258e+01    0.7761     19.65    1.8361      2.5995    1      0
     4   1   4    SD  3.3900e+22     19.37    0.4764  2.6422e+21  1.3720e+20  1.9258e+01    0.7974     19.65    1.9714      3.0677    1      0
     4   1   4    SD  3.3900e+22     20.20    0.4969  2.6422e+21  1.3720e+20  1.9258e+01    0.8000     19.65    2.0562      3.2363    1      0
     4   1   4    SD  3.3900e+22     20.73    0.5098  2.6422e+21  1.3720e+20  1.9258e+01    0.8000     19.65    2.1095      3.2363    1      0
     4   1   4    SD  3.3900e+22     22.41    0.5511  2.6422e+21  5.5586e+19  4.7534e+01    0.9003     20.11    2.2286      3.6245    1      0
     4   1   4    SD  3.3900e+22     23.70    0.5830  2.6422e+21  5.5586e+19  4.7534e+01    0.9024     20.11    2.3574      3.9433    1      0
     4   1   4    SD  3.3900e+22     25.26    0.6213  2.6422e+21  1.7269e+19  1.5301e+02    0.9614     20.33    2.4857      4.3010    1      0
     4   1   4    SD  3.3900e+22     26.57    0.6535  2.6422e+21  1.7269e+19  1.5301e+02    0.9631     20.33    2.6143      4.6818    1      0
     4   1   4    SD  3.3900e+22     27.98    0.6882  2.6422e+21  3.9631e+18  6.6669e+02    0.9889     20.40    2.7429      5.2671    1      0
     4   1   4    SD  3.3900e+22     29.29    0.7204  2.6422e+21  3.9631e+18  6.6669e+02    0.9896     20.40    2.8714      5.5678    1      0
     4   1   4    SD  3.3900e+22     30.63    0.7533  2.6422e+21  9.3346e+17  2.8306e+03    0.9969     20.42    3.0000      6.2885    1      0
     4   1   4    SD  3.3900e+22     40.66    1.0000  2.6422e+21  0.0000e+00         nan    1.0000     20.42    3.9814     10.8665    1      0
     4   1   4   070  3.3900e+22     31.98    1.0000 -3.5935e-01         nan         nan       nan       nan       nan         nan    0      1
     4   1   4   100  3.3900e+22     33.89    1.0000 -4.9700e-01         nan         nan       nan       nan       nan         nan    0      1
     4   1   4   160  3.3900e+22      9.00    0.2215  8.6716e-02  3.7379e-02  2.3199e+00    0.1849     15.06    1.1959      1.5239    0      0
     4   1   4   160  3.3900e+22      9.73    0.2394  8.6716e-02  3.7379e-02  2.3199e+00    0.2092     15.06    1.2927      1.7181    1      0
     4   1   4   160  3.3900e+22     10.56    0.2597  8.6716e-02  3.7379e-02  2.3199e+00    0.2092     15.06    1.4026      1.7181    1      0
     4   1   4   160  3.3900e+22     11.30    0.2780  8.6716e-02  3.7379e-02  2.3199e+00    0.2216     15.06    1.5013      1.9731    1      0
     4   1   4   160  3.3900e+22     11.53    0.2835  8.6716e-02  3.7379e-02  2.3199e+00    0.2216     15.06    1.5312      1.9731    1      0
     4   1   4   160  3.3900e+22     11.57    0.2846  8.6716e-02  3.7379e-02  2.3199e+00    0.2216     15.06    1.5366      1.9731    1      0
     4   1   4   160  3.3900e+22     12.63    0.3106  8.6716e-02  2.1646e-02  4.0061e+00    0.3980     18.28    1.3813      1.8351    1      0
     4   1   4   160  3.3900e+22     13.91    0.3421  8.6716e-02  2.1646e-02  4.0061e+00    0.4230     18.28    1.5215      2.0902    1      0
     4   1   4   160  3.3900e+22     15.47    0.3804  8.6716e-02  1.1616e-02  7.4650e+00    0.6036     19.99    1.5475      2.1806    1      0
     4   1   4   160  3.3900e+22     17.46    0.4294  8.6716e-02  1.1616e-02  7.4650e+00    0.6178     19.99    1.7467      2.4178    1      0
     4   1   4   160  3.3900e+22     17.81    0.4381  8.6716e-02  1.1616e-02  7.4650e+00    0.6212     19.99    1.7823      2.5949    1      0
     4   1   4   160  3.3900e+22     19.41    0.4775  8.6716e-02  5.2717e-03  1.6449e+01    0.7858     21.07    1.8429      2.7964    1      0
     4   1   4   160  3.3900e+22     20.49    0.5040  8.6716e-02  5.2717e-03  1.6449e+01    0.7886     21.07    1.9454      2.9491    1      0
     4   1   4   160  3.3900e+22     20.98    0.5160  8.6716e-02  5.2717e-03  1.6449e+01    0.7886     21.07    1.9916      2.9491    1      0
     4   1   4   160  3.3900e+22     22.69    0.5580  8.6716e-02  2.1005e-03  4.1283e+01    0.8963     21.61    2.1000      3.2906    1      0
     4   1   4   160  3.3900e+22     24.27    0.5969  8.6716e-02  6.3565e-04  1.3642e+02    0.9593     21.86    2.2206      3.7638    1      0
     4   1   4   160  3.3900e+22     25.76    0.6336  8.6716e-02  6.3565e-04  1.3642e+02    0.9620     21.86    2.3571      4.1060    1      0
     4   1   4   160  3.3900e+22     27.27    0.6707  8.6716e-02  1.4063e-04  6.1664e+02    0.9881     21.94    2.4857      4.5036    1      0
     4   1   4   160  3.3900e+22     28.68    0.7054  8.6716e-02  1.4063e-04  6.1664e+02    0.9898     21.94    2.6143      5.0470    1      0
     4   1   4   160  3.3900e+22     30.11    0.7407  8.6716e-02  3.2066e-05  2.7043e+03    0.9968     21.96    2.7428      5.4291    1      0
     4   1   4   160  3.3900e+22     31.53    0.7755  8.6716e-02  3.2066e-05  2.7043e+03    0.9973     21.96    2.8714      5.9741    1      0
     4   1   4   160  3.3900e+22     32.94    0.8102  8.6716e-02  3.2066e-05  2.7043e+03    0.9973     21.96    3.0000      6.3844    1      0
     4   1   4   160  3.3900e+22     40.66    1.0000  8.6716e-02  0.0000e+00         nan    1.0000     21.97    3.7019      9.8535    1      0
     4   1   4   250  3.3900e+22     12.82    0.2631  2.0563e+00  6.6412e-01  3.0963e+00    0.2998     18.42    1.3920      1.8956    1      0
     4   1   4   250  3.3900e+22     14.10    0.2893  2.0563e+00  6.6412e-01  3.0963e+00    0.3112     18.42    1.5308      2.0655    1      0
     4   1   4   250  3.3900e+22     15.62    0.3204  2.0563e+00  4.1876e-01  4.9105e+00    0.4612     20.39    1.5316      2.1148    1      0
     4   1   4   250  3.3900e+22     17.46    0.3582  2.0563e+00  4.1876e-01  4.9105e+00    0.4732     20.39    1.7122      2.3386    1      0
     4   1   4   250  3.3900e+22     17.95    0.3683  2.0563e+00  4.1876e-01  4.9105e+00    0.4763     20.39    1.7605      2.5077    1      0
     4   1   4   250  3.3900e+22     19.90    0.4084  2.0563e+00  2.3935e-01  8.5913e+00    0.6349     21.83    1.8236      2.6234    1      0
     4   1   4   250  3.3900e+22     20.20    0.4145  2.0563e+00  2.3935e-01  8.5913e+00    0.6379     21.83    1.8505      2.7638    1      0
     4   1   4   250  3.3900e+22     22.40    0.4597  2.0563e+00  1.2740e-01  1.6141e+01    0.7675     22.73    1.9715      2.9766    1      0
     4   1   4   250  3.3900e+22     23.62    0.4846  2.0563e+00  1.2740e-01  1.6141e+01    0.7705     22.73    2.0783      3.2332    1      0
     4   1   4   250  3.3900e+22     23.90    0.4905  2.0563e+00  1.2740e-01  1.6141e+01    0.7705     22.73    2.1034      3.2332    1      0
     4   1   4   250  3.3900e+22     25.95    0.5325  2.0563e+00  5.7391e-02  3.5830e+01    0.8756     23.29    2.2286      3.6817    1      0
     4   1   4   250  3.3900e+22     27.78    0.5701  2.0563e+00  2.2146e-02  9.2853e+01    0.9402     23.57    2.3571      4.0104    1      0
     4   1   4   250  3.3900e+22     29.30    0.6012  2.0563e+00  2.2146e-02  9.2853e+01    0.9420     23.57    2.4857      4.2336    1      0
     4   1   4   250  3.3900e+22     30.95    0.6352  2.0563e+00  8.7196e-03  2.3583e+02    0.9730     23.68    2.6143      4.8018    1      0
     4   1   4   250  3.3900e+22     32.48    0.6664  2.0563e+00  8.7196e-03  2.3583e+02    0.9739     23.68    2.7428      5.2477    1      0
     4   1   4   250  3.3900e+22     34.06    0.6990  2.0563e+00  2.9511e-03  6.9679e+02    0.9893     23.73    2.8714      5.6248    1      0
     4   1   4   250  3.3900e+22     35.59    0.7303  2.0563e+00  2.9511e-03  6.9679e+02    0.9898     23.73    3.0000      6.0664    1      0
     4   1   4   250  3.3900e+22     48.73    1.0000  2.0563e+00  0.0000e+00         nan    1.0000     23.75    4.1037     11.4070    1      0
     4   1   4   350  3.3900e+22     21.37    0.3550  2.1373e+00  3.3505e-01  6.3792e+00    0.5423     25.61    1.6690      2.3101    1      0
     4   1   4   350  3.3900e+22     21.54    0.3578  2.1373e+00  3.3505e-01  6.3792e+00    0.5423     25.61    1.6821      2.3101    1      0
     4   1   4   350  3.3900e+22     23.96    0.3980  2.1373e+00  3.3505e-01  6.3792e+00    0.5548     25.61    1.8708      2.7070    1      0
     4   1   4   350  3.3900e+22     24.36    0.4047  2.1373e+00  1.9944e-01  1.0717e+01    0.6788     26.86    1.8137      2.6255    1      0
     4   1   4   350  3.3900e+22     26.79    0.4451  2.1373e+00  1.9944e-01  1.0717e+01    0.6870     26.86    1.9950      2.9351    1      0
     4   1   4   350  3.3900e+22     29.02    0.4820  2.1373e+00  1.0936e-01  1.9544e+01    0.7973     27.69    2.0956      3.2179    1      0
     4   1   4   350  3.3900e+22     29.08    0.4830  2.1373e+00  1.0936e-01  1.9544e+01    0.7973     27.69    2.1000      3.2179    1      0
     4   1   4   350  3.3900e+22     31.36    0.5209  2.1373e+00  6.0712e-02  3.5204e+01    0.8706     28.14    2.2285      3.5944    1      0
     4   1   4   350  3.3900e+22     33.36    0.5542  2.1373e+00  3.1132e-02  6.8653e+01    0.9211     28.41    2.3485      3.8007    1      0
     4   1   4   350  3.3900e+22     35.31    0.5866  2.1373e+00  3.1132e-02  6.8653e+01    0.9249     28.41    2.4857      4.2966    1      0
     4   1   4   350  3.3900e+22     37.34    0.6202  2.1373e+00  1.4940e-02  1.4306e+02    0.9585     28.56    2.6143      4.6749    1      0
     4   1   4   350  3.3900e+22     39.28    0.6525  2.1373e+00  6.4869e-03  3.2948e+02    0.9789     28.64    2.7429      5.1221    1      0
     4   1   4   350  3.3900e+22     41.12    0.6830  2.1373e+00  6.4869e-03  3.2948e+02    0.9798     28.64    2.8714      5.5683    1      0
     4   1   4   350  3.3900e+22     43.01    0.7145  2.1373e+00  2.7841e-03  7.6770e+02    0.9901     28.67    3.0000      6.1152    1      0
     4   1   4   350  3.3900e+22     60.20    1.0000  2.1373e+00  0.0000e+00         nan    1.0000     28.70    4.1951     11.6735    1      0
     4   1   4   500  3.3900e+22     36.12    0.4515  9.6902e-01  6.3736e-02  1.5204e+01    0.7475     37.10    1.9467      2.8172    1      0
     4   1   4   500  3.3900e+22     39.06    0.4884  9.6902e-01  4.0781e-02  2.3762e+01    0.8198     37.80    2.0666      3.1596    1      0
     4   1   4   500  3.3900e+22     39.55    0.4945  9.6902e-01  4.0781e-02  2.3762e+01    0.8225     37.80    2.0926      3.2921    1      0
     4   1   4   500  3.3900e+22     42.61    0.5328  9.6902e-01  2.6030e-02  3.7228e+01    0.8742     38.25    2.2280      3.6016    1      0
     4   1   4   500  3.3900e+22     45.45    0.5682  9.6902e-01  1.5832e-02  6.1208e+01    0.9153     38.56    2.3571      3.9826    1      0
     4   1   4   500  3.3900e+22     48.19    0.6025  9.6902e-01  8.9037e-03  1.0883e+02    0.9462     38.77    2.4857      4.3086    1      0
     4   1   4   500  3.3900e+22     50.68    0.6337  9.6902e-01  8.9037e-03  1.0883e+02    0.9479     38.77    2.6143      4.7283    1      0
     4   1   4   500  3.3900e+22     53.34    0.6669  9.6902e-01  4.9768e-03  1.9471e+02    0.9679     38.89    2.7428      5.1961    1      0
     4   1   4   500  3.3900e+22     55.93    0.6993  9.6902e-01  2.7724e-03  3.4953e+02    0.9804     38.96    2.8714      5.6819    1      0
     4   1   4   500  3.3900e+22     58.49    0.7314  9.6902e-01  1.5214e-03  6.3695e+02    0.9883     39.00    3.0000      6.2015    1      0
     4   1   4   500  3.3900e+22     79.98    1.0000  9.6902e-01  9.8162e-07  9.8717e+05    1.0000     39.04    4.0971     11.4139    1      0
     4   1   5    SD  3.3900e+22      9.15    0.1920  2.1395e+21  1.0438e+21  2.0498e+00    0.1329     14.89    1.2294      1.5439    0      0
     4   1   5    SD  3.3900e+22      9.36    0.1964  2.1395e+21  1.0438e+21  2.0498e+00    0.1329     14.89    1.2574      1.5439    0      0
     4   1   5    SD  3.3900e+22      9.88    0.2073  2.1395e+21  1.0438e+21  2.0498e+00    0.1505     14.89    1.3272      1.7395    0      0
     4   1   5    SD  3.3900e+22     10.75    0.2256  2.1395e+21  1.0438e+21  2.0498e+00    0.1505     14.89    1.4443      1.7395    0      0
     4   1   5    SD  3.3900e+22     11.72    0.2458  2.1395e+21  1.0438e+21  2.0498e+00    0.1595     14.89    1.5738      1.9963    0      0
     4   1   5    SD  3.3900e+22     12.39    0.2599  2.1395e+21  6.8888e+20  3.1058e+00    0.2898     18.25    1.3574      1.8421    1      0
     4   1   5    SD  3.3900e+22     12.56    0.2635  2.1395e+21  6.8888e+20  3.1058e+00    0.2898     18.25    1.3764      1.8421    1      0
     4   1   5    SD  3.3900e+22     12.87    0.2700  2.1395e+21  6.8888e+20  3.1058e+00    0.2975     18.25    1.4102      1.9204    1      0
     4   1   5    SD  3.3900e+22     14.13    0.2965  2.1395e+21  6.8888e+20  3.1058e+00    0.3086     18.25    1.5484      2.0943    1      0
     4   1   5    SD  3.3900e+22     15.66    0.3285  2.1395e+21  4.3918e+20  4.8716e+00    0.4559     20.19    1.5513      2.1434    1      0
     4   1   5    SD  3.3900e+22     17.56    0.3684  2.1395e+21  4.3918e+20  4.8716e+00    0.4708     20.19    1.7397      2.5419    1      0
     4   1   5    SD  3.3900e+22     18.08    0.3793  2.1395e+21  2.5460e+20  8.4034e+00    0.6059     21.62    1.6725      2.2696    1      0
     4   1   5    SD  3.3900e+22     19.92    0.4180  2.1395e+21  2.5460e+20  8.4034e+00    0.6282     21.62    1.8428      2.6540    1      0
     4   1   5    SD  3.3900e+22     20.03    0.4202  2.1395e+21  2.5460e+20  8.4034e+00    0.6282     21.62    1.8527      2.6540    1      0
     4   1   5    SD  3.3900e+22     22.22    0.4662  2.1395e+21  1.3600e+20  1.5732e+01    0.7638     22.54    1.9714      2.9978    1      0
     4   1   5    SD  3.3900e+22     23.71    0.4974  2.1395e+21  1.3600e+20  1.5732e+01    0.7668     22.54    2.1034      3.2557    1      0
     4   1   5    SD  3.3900e+22     23.86    0.5005  2.1395e+21  1.3600e+20  1.5732e+01    0.7668     22.54    2.1167      3.2557    1      0
     4   1   5    SD  3.3900e+22     25.78    0.5408  2.1395e+21  5.9563e+19  3.5921e+01    0.8764     23.13    2.2286      3.5705    1      0
     4   1   5    SD  3.3900e+22     27.61    0.5794  2.1395e+21  2.1357e+19  1.0018e+02    0.9422     23.43    2.3572      3.7884    1      0
     4   1   5    SD  3.3900e+22     29.12    0.6110  2.1395e+21  2.1357e+19  1.0018e+02    0.9471     23.43    2.4857      4.2309    1      0
     4   1   5    SD  3.3900e+22     30.77    0.6455  2.1395e+21  7.5444e+18  2.8359e+02    0.9773     23.54    2.6143      4.6901    1      0
     4   1   5    SD  3.3900e+22     32.28    0.6773  2.1395e+21  7.5444e+18  2.8359e+02    0.9785     23.54    2.7428      5.0224    1      0
     4   1   5    SD  3.3900e+22     33.85    0.7103  2.1395e+21  2.1307e+18  1.0041e+03    0.9926     23.58    2.8714      5.5753    1      0
     4   1   5    SD  3.3900e+22     35.37    0.7421  2.1395e+21  2.1307e+18  1.0041e+03    0.9931     23.58    3.0000      6.0729    1      0
     4   1   5    SD  3.3900e+22     47.66    1.0000  2.1395e+21  1.2035e+15  1.7778e+06    1.0000     23.60    4.0399     10.9545    1      0
     4   1   5   070  3.3900e+22     39.51    1.0000 -2.6829e-01         nan         nan       nan       nan       nan         nan    0      1
     4   1   5   100  3.3900e+22     41.22    1.0000 -3.7984e-01         nan         nan       nan       nan       nan         nan    0      1
     4   1   5   160  3.3900e+22      9.12    0.1913  7.9058e-02  3.5412e-02  2.2325e+00    0.1788     15.10    1.2083      1.5244    0      0
     4   1   5   160  3.3900e+22      9.83    0.2062  7.9058e-02  3.5412e-02  2.2325e+00    0.2029     15.10    1.3023      1.7144    1      0
     4   1   5   160  3.3900e+22     10.34    0.2169  7.9058e-02  3.5412e-02  2.2325e+00    0.2029     15.10    1.3699      1.7144    1      0
     4   1   5   160  3.3900e+22     10.67    0.2238  7.9058e-02  3.5412e-02  2.2325e+00    0.2029     15.10    1.4132      1.7144    1      0
     4   1   5   160  3.3900e+22     11.60    0.2434  7.9058e-02  3.5412e-02  2.2325e+00    0.2152     15.10    1.5371      1.9653    1      0
     4   1   5   160  3.3900e+22     11.60    0.2435  7.9058e-02  3.5412e-02  2.2325e+00    0.2152     15.10    1.5374      1.9653    1      0
     4   1   5   160  3.3900e+22     12.73    0.2671  7.9058e-02  2.0816e-02  3.7980e+00    0.4046     18.49    1.3773      1.8910    1      0
     4   1   5   160  3.3900e+22     13.93    0.2923  7.9058e-02  2.0816e-02  3.7980e+00    0.4198     18.49    1.5069      2.0618    1      0
     4   1   5   160  3.3900e+22     15.42    0.3236  7.9058e-02  1.0966e-02  7.2091e+00    0.6137     20.36    1.5153      2.1267    1      0
     4   1   5   160  3.3900e+22     17.29    0.3627  7.9058e-02  1.0966e-02  7.2091e+00    0.6290     20.36    1.6982      2.3547    1      0
     4   1   5   160  3.3900e+22     18.42    0.3865  7.9058e-02  4.4556e-03  1.7743e+01    0.8032     21.59    1.7065      2.4206    1      0
     4   1   5   160  3.3900e+22     19.88    0.4172  7.9058e-02  4.4556e-03  1.7743e+01    0.8177     21.59    1.8417      2.6921    1      0
     4   1   5   160  3.3900e+22     19.90    0.4175  7.9058e-02  4.4556e-03  1.7743e+01    0.8177     21.59    1.8429      2.6921    1      0
     4   1   5   160  3.3900e+22     21.90    0.4595  7.9058e-02  1.1572e-03  6.8317e+01    0.9434     22.22    1.9714      3.1478    1      0
     4   1   5   160  3.3900e+22     23.33    0.4895  7.9058e-02  1.1572e-03  6.8317e+01    0.9451     22.22    2.1000      3.2841    1      0
     4   1   5   160  3.3900e+22     25.04    0.5254  7.9058e-02 -1.7507e-04         nan    1.0076     22.47    2.2286      3.7428    1      0
     4   1   5   160  3.3900e+22     25.46    0.5342  7.9058e-02 -1.7507e-04         nan    1.0080     22.47    2.2662      3.8092    1      0
     4   1   5   160  3.3900e+22     26.48    0.5556  7.9058e-02 -1.7507e-04         nan    1.0091     22.47    2.3571      4.0756    1      0
     4   1   5   160  3.3900e+22     27.97    0.5868  7.9058e-02 -3.5200e-04         nan    1.0192     22.51    2.4858      4.6483    1      0
     4   1   5   160  3.3900e+22     29.42    0.6172  7.9058e-02 -3.5200e-04         nan    1.0192     22.51    2.6143      4.6483    1      0
     4   1   5   160  3.3900e+22     30.83    0.6468  7.9058e-02 -2.1043e-04         nan    1.0110     22.48    2.7428      4.4073    1      0
     4   1   5   160  3.3900e+22     32.27    0.6771  7.9058e-02 -2.1043e-04         nan    1.0110     22.48    2.8714      4.4073    1      0
     4   1   5   160  3.3900e+22     33.68    0.7067  7.9058e-02 -8.5685e-05         nan    1.0044     22.45    3.0000      4.0898    1      0
     4   1   5   250  3.3900e+22     12.07    0.2165  1.8315e+00  7.4442e-01  2.4603e+00    0.1983     19.01    1.2700      1.6095    0      0
     4   1   5   250  3.3900e+22     13.15    0.2359  1.8315e+00  7.4442e-01  2.4603e+00    0.2178     19.01    1.3835      1.8240    1      0
     4   1   5   250  3.3900e+22     13.80    0.2476  1.8315e+00  7.4442e-01  2.4603e+00    0.2266     19.01    1.4521      1.9835    1      0
     4   1   5   250  3.3900e+22     14.37    0.2578  1.8315e+00  7.4442e-01  2.4603e+00    0.2266     19.01    1.5119      1.9835    1      0
     4   1   5   250  3.3900e+22     15.79    0.2831  1.8315e+00  5.1661e-01  3.5453e+00    0.3511     21.30    1.4819      1.9968    1      0
     4   1   5   250  3.3900e+22     17.50    0.3138  1.8315e+00  5.1661e-01  3.5453e+00    0.3641     21.30    1.6426      2.3586    1      0
     4   1   5   250  3.3900e+22     19.58    0.3512  1.8315e+00  3.3345e-01  5.4926e+00    0.5093     23.15    1.6918      2.4143    1      0
     4   1   5   250  3.3900e+22     20.57    0.3690  1.8315e+00  3.3345e-01  5.4926e+00    0.5121     23.15    1.7776      2.5411    1      0
     4   1   5   250  3.3900e+22     22.36    0.4010  1.8315e+00  2.0326e-01  9.0106e+00    0.6473     24.46    1.8278      2.6673    1      0
     4   1   5   250  3.3900e+22     22.54    0.4043  1.8315e+00  2.0326e-01  9.0106e+00    0.6473     24.46    1.8429      2.6673    1      0
     4   1   5   250  3.3900e+22     25.07    0.4496  1.8315e+00  1.0782e-01  1.6986e+01    0.7749     25.43    1.9715      2.9450    1      0
     4   1   5   250  3.3900e+22     26.48    0.4749  1.8315e+00  1.0782e-01  1.6986e+01    0.7795     25.43    2.0824      3.1927    1      0
     4   1   5   250  3.3900e+22     27.11    0.4863  1.8315e+00  5.0957e-02  3.5942e+01    0.8661     26.01    2.0851      3.1162    1      0
     4   1   5   250  3.3900e+22     28.98    0.5198  1.8315e+00  5.0957e-02  3.5942e+01    0.8758     26.01    2.2286      3.5688    1      0
     4   1   5   250  3.3900e+22     30.97    0.5555  1.8315e+00  2.4274e-02  7.5451e+01    0.9309     26.28    2.3572      3.9663    1      0
     4   1   5   250  3.3900e+22     32.66    0.5858  1.8315e+00  2.4274e-02  7.5451e+01    0.9326     26.28    2.4857      4.3306    1      0
     4   1   5   250  3.3900e+22     34.53    0.6194  1.8315e+00  1.0236e-02  1.7892e+02    0.9670     26.42    2.6143      4.7504    1      0
     4   1   5   250  3.3900e+22     36.32    0.6515  1.8315e+00  3.8848e-03  4.7146e+02    0.9850     26.48    2.7428      5.1691    1      0
     4   1   5   250  3.3900e+22     38.02    0.6820  1.8315e+00  3.8848e-03  4.7146e+02    0.9858     26.48    2.8714      5.6091    1      0
     4   1   5   250  3.3900e+22     39.77    0.7133  1.8315e+00  1.2522e-03  1.4627e+03    0.9945     26.51    3.0000      6.0971    1      0
     4   1   5   250  3.3900e+22     55.75    1.0000  1.8315e+00  0.0000e+00         nan    1.0000     26.52    4.2039     11.9056    1      0
     4   1   5   350  3.3900e+22     23.15    0.3475  2.0306e+00  4.2198e-01  4.8121e+00    0.4673     26.61    1.7400      2.4610    1      0
     4   1   5   350  3.3900e+22     23.39    0.3511  2.0306e+00  4.2198e-01  4.8121e+00    0.4673     26.61    1.7577      2.4610    1      0
     4   1   5   350  3.3900e+22     26.02    0.3906  2.0306e+00  2.7077e-01  7.4994e+00    0.6006     28.18    1.8465      2.7293    1      0
     4   1   5   350  3.3900e+22     26.42    0.3967  2.0306e+00  2.7077e-01  7.4994e+00    0.6006     28.18    1.8751      2.7293    1      0
     4   1   5   350  3.3900e+22     28.89    0.4337  2.0306e+00  1.6255e-01  1.2492e+01    0.7192     29.31    1.9715      2.9410    1      0
     4   1   5   350  3.3900e+22     31.39    0.4712  2.0306e+00  9.8495e-02  2.0616e+01    0.8056     29.98    2.0945      3.2347    1      0
     4   1   5   350  3.3900e+22     31.48    0.4725  2.0306e+00  9.8495e-02  2.0616e+01    0.8056     29.98    2.1000      3.2347    1      0
     4   1   5   350  3.3900e+22     33.98    0.5101  2.0306e+00  5.5769e-02  3.6411e+01    0.8736     30.49    2.2286      3.5382    1      0
     4   1   5   350  3.3900e+22     36.01    0.5406  2.0306e+00  2.9637e-02  6.8516e+01    0.9205     30.81    2.3374      3.7049    1      0
     4   1   5   350  3.3900e+22     38.30    0.5749  2.0306e+00  2.9637e-02  6.8516e+01    0.9252     30.81    2.4857      4.2544    1      0
     4   1   5   350  3.3900e+22     40.52    0.6083  2.0306e+00  1.4440e-02  1.4063e+02    0.9584     31.00    2.6143      4.6909    1      0
     4   1   5   350  3.3900e+22     42.64    0.6401  2.0306e+00  6.9828e-03  2.9080e+02    0.9770     31.09    2.7429      5.0670    1      0
     4   1   5   350  3.3900e+22     44.64    0.6701  2.0306e+00  6.9828e-03  2.9080e+02    0.9778     31.09    2.8714      5.5750    1      0
     4   1   5   350  3.3900e+22     46.71    0.7011  2.0306e+00  3.1189e-03  6.5106e+02    0.9889     31.14    3.0000      6.0302    1      0
     4   1   5   350  3.3900e+22     66.61    1.0000  2.0306e+00  0.0000e+00         nan    1.0000     31.18    4.2736     12.1562    1      0
     4   1   5   500  3.3900e+22     33.81    0.3947  9.8381e-01  1.1870e-01  8.2880e+00    0.6212     37.30    1.8126      2.6427    1      0
     4   1   5   500  3.3900e+22     34.34    0.4009  9.8381e-01  1.1870e-01  8.2880e+00    0.6240     37.30    1.8408      2.7621    1      0
     4   1   5   500  3.3900e+22     37.88    0.4423  9.8381e-01  8.2413e-02  1.1938e+01    0.7086     38.43    1.9715      2.9918    1      0
     4   1   5   500  3.3900e+22     40.91    0.4776  9.8381e-01  5.4764e-02  1.7965e+01    0.7843     39.29    2.0823      3.3242    1      0
     4   1   5   500  3.3900e+22     41.26    0.4817  9.8381e-01  5.4764e-02  1.7965e+01    0.7843     39.29    2.1000      3.3242    1      0
     4   1   5   500  3.3900e+22     44.51    0.5196  9.8381e-01  3.6395e-02  2.7031e+01    0.8417     39.86    2.2330      3.6274    1      0
     4   1   5   500  3.3900e+22     47.47    0.5542  9.8381e-01  2.3096e-02  4.2597e+01    0.8892     40.28    2.3571      4.0546    1      0
     4   1   5   500  3.3900e+22     50.42    0.5887  9.8381e-01  1.3634e-02  7.2158e+01    0.9273     40.57    2.4857      4.3816    1      0
     4   1   5   500  3.3900e+22     53.26    0.6218  9.8381e-01  7.9839e-03  1.2322e+02    0.9531     40.75    2.6143      4.7917    1      0
     4   1   5   500  3.3900e+22     56.02    0.6541  9.8381e-01  4.6770e-03  2.1035e+02    0.9700     40.85    2.7429      5.2210    1      0
     4   1   5   500  3.3900e+22     58.74    0.6858  9.8381e-01  2.7005e-03  3.6430e+02    0.9812     40.91    2.8714      5.6830    1      0
     4   1   5   500  3.3900e+22     61.42    0.7171  9.8381e-01  1.4836e-03  6.6314e+02    0.9888     40.95    3.0000      6.1731    1      0
     4   1   5   500  3.3900e+22     85.65    1.0000  9.8381e-01  0.0000e+00         nan    1.0000     41.00    4.1787     11.9232    1      0
     4   2   1    SD  3.3900e+22     12.29    0.3627  5.4381e+21  3.9531e+20  1.3756e+01    0.6765     14.50    1.6956      2.1232    1      0
     4   2   1    SD  3.3900e+22     13.17    0.3886  5.4381e+21  3.9531e+20  1.3756e+01    0.7170     14.50    1.8167      2.4939    1      0
     4   2   1    SD  3.3900e+22     14.29    0.4217  5.4381e+21  3.9531e+20  1.3756e+01    0.7334     14.50    1.9715      2.7582    1      0
     4   2   1    SD  3.3900e+22     15.68    0.4626  5.4381e+21  1.3754e+20  3.9539e+01    0.8712     15.12    2.0741      3.1480    1      0
     4   2   1    SD  3.3900e+22     15.87    0.4683  5.4381e+21  1.3754e+20  3.9539e+01    0.8712     15.12    2.1000      3.1480    1      0
     4   2   1    SD  3.3900e+22     16.85    0.4970  5.4381e+21  1.3754e+20  3.9539e+01    0.8787     15.12    2.2286      3.4014    1      0
     4   2   1    SD  3.3900e+22     17.98    0.5305  5.4381e+21  1.3754e+20  3.9539e+01    0.8827     15.12    2.3789      3.8050    1      0
     4   2   1    SD  3.3900e+22     19.09    0.5632  5.4381e+21  3.7099e+19  1.4658e+02    0.9563     15.36    2.4857      4.2353    1      0
     4   2   1    SD  3.3900e+22     20.08    0.5923  5.4381e+21  3.7099e+19  1.4658e+02    0.9587     15.36    2.6142      4.4867    1      0
     4   2   1    SD  3.3900e+22     21.16    0.6242  5.4381e+21  8.8057e+18  6.1756e+02    0.9843     15.43    2.7429      4.7778    1      0
     4   2   1    SD  3.3900e+22     22.15    0.6535  5.4381e+21  8.8057e+18  6.1756e+02    0.9878     15.43    2.8715      5.6553    1      0
     4   2   1    SD  3.3900e+22     23.14    0.6827  5.4381e+21  8.8057e+18  6.1756e+02    0.9881     15.43    2.9999      5.9091    1      0
     4   2   1    SD  3.3900e+22     33.89    1.0000  5.4381e+21  0.0000e+00         nan    1.0000     15.45    4.3881     12.6770    1      0
     4   2   1   070  3.3900e+22     24.70    1.0000 -9.1605e-01         nan         nan       nan       nan       nan         nan    0      1
     4   2   1   100  3.3900e+22     26.28    1.0000 -1.2163e+00         nan         nan       nan       nan       nan         nan    0      1
     4   2   1   160  3.3900e+22     33.89    1.0000 -2.8055e-02         nan         nan       nan       nan       nan         nan    0      1
     4   2   1   250  3.3900e+22     15.48    0.3636  2.9746e+00  3.0490e-01  9.7561e+00    0.6482     18.47    1.6767      2.4187    1      0
     4   2   1   250  3.3900e+22     16.71    0.3925  2.9746e+00  3.0490e-01  9.7561e+00    0.6584     18.47    1.8099      2.5954    1      0
     4   2   1   250  3.3900e+22     17.02    0.3996  2.9746e+00  3.0490e-01  9.7561e+00    0.6612     18.47    1.8429      2.6907    1      0
     4   2   1   250  3.3900e+22     19.01    0.4465  2.9746e+00  1.3780e-01  2.1587e+01    0.8042     19.29    1.9715      3.0025    1      0
     4   2   1   250  3.3900e+22     19.91    0.4675  2.9746e+00  1.3780e-01  2.1587e+01    0.8094     19.29    2.0644      3.1682    1      0
     4   2   1   250  3.3900e+22     20.25    0.4756  2.9746e+00  1.3780e-01  2.1587e+01    0.8119     19.29    2.1000      3.3430    1      0
     4   2   1   250  3.3900e+22     21.93    0.5150  2.9746e+00  5.7400e-02  5.1823e+01    0.9033     19.68    2.2285      3.7717    1      0
     4   2   1   250  3.3900e+22     23.20    0.5447  2.9746e+00  5.7400e-02  5.1823e+01    0.9046     19.68    2.3571      3.9366    1      0
     4   2   1   250  3.3900e+22     24.69    0.5799  2.9746e+00  1.9177e-02  1.5511e+02    0.9584     19.87    2.4857      4.3342    1      0
     4   2   1   250  3.3900e+22     25.97    0.6099  2.9746e+00  1.9177e-02  1.5511e+02    0.9613     19.87    2.6143      4.8889    1      0
     4   2   1   250  3.3900e+22     27.34    0.6421  2.9746e+00  5.2079e-03  5.7118e+02    0.9854     19.94    2.7429      5.1896    1      0
     4   2   1   250  3.3900e+22     28.62    0.6722  2.9746e+00  5.2079e-03  5.7118e+02    0.9871     19.94    2.8714      5.8160    1      0
     4   2   1   250  3.3900e+22     29.93    0.7027  2.9746e+00  5.2079e-03  5.7118e+02    0.9872     19.94    3.0020      6.0534    1      0
     4   2   1   250  3.3900e+22     42.58    1.0000  2.9746e+00  0.0000e+00         nan    1.0000     19.96    4.2665     12.4244    1      0
     4   2   1   350  3.3900e+22     28.24    0.5151  2.8592e+00  7.1469e-02  4.0007e+01    0.8793     25.34    2.2286      3.5308    1      0
     4   2   1   350  3.3900e+22     30.01    0.5474  2.8592e+00  3.4705e-02  8.2387e+01    0.9297     25.58    2.3466      3.8721    1      0
     4   2   1   350  3.3900e+22     31.79    0.5799  2.8592e+00  3.4705e-02  8.2387e+01    0.9335     25.58    2.4857      4.2455    1      0
     4   2   1   350  3.3900e+22     33.59    0.6128  2.8592e+00  1.5388e-02  1.8581e+02    0.9654     25.70    2.6143      4.7495    1      0
     4   2   1   350  3.3900e+22     35.25    0.6430  2.8592e+00  1.5388e-02  1.8581e+02    0.9666     25.70    2.7429      5.1695    1      0
     4   2   1   350  3.3900e+22     36.98    0.6746  2.8592e+00  6.3210e-03  4.5234e+02    0.9839     25.76    2.8714      5.6075    1      0
     4   2   1   350  3.3900e+22     38.64    0.7048  2.8592e+00  6.3210e-03  4.5234e+02    0.9843     25.76    3.0000      6.0247    1      0
     4   2   1   350  3.3900e+22     54.82    1.0000  2.8592e+00  0.0000e+00         nan    1.0000     25.80    4.2495     12.0592    1      0
     4   2   1   500  3.3900e+22     45.31    0.5973  1.2108e+00  1.2201e-02  9.9237e+01    0.9422     36.46    2.4857      4.3138    1      0
     4   2   1   500  3.3900e+22     47.66    0.6282  1.2108e+00  1.2201e-02  9.9237e+01    0.9436     36.46    2.6143      4.7636    1      0
     4   2   1   500  3.3900e+22     50.19    0.6615  1.2108e+00  6.4341e-03  1.8818e+02    0.9668     36.59    2.7429      5.1669    1      0
     4   2   1   500  3.3900e+22     52.64    0.6939  1.2108e+00  3.3734e-03  3.5892e+02    0.9807     36.67    2.8714      5.6654    1      0
     4   2   1   500  3.3900e+22     55.05    0.7257  1.2108e+00  1.7608e-03  6.8762e+02    0.9888     36.70    3.0000      6.0659    1      0
     4   2   1   500  3.3900e+22     75.86    1.0000  1.2108e+00  0.0000e+00         nan    1.0000     36.75    4.1292     11.5041    1      0
     4   2   2    SD  3.3900e+22      9.53    0.2567  5.9435e+21  1.6397e+21  3.6247e+00    0.3535     13.71    1.3901      1.9006    1      0
     4   2   2    SD  3.3900e+22     10.43    0.2810  5.9435e+21  1.6397e+21  3.6247e+00    0.3535     13.71    1.5220      1.9006    1      0
     4   2   2    SD  3.3900e+22     11.57    0.3117  5.9435e+21  1.6397e+21  3.6247e+00    0.3709     13.71    1.6882      2.2030    1      0
     4   2   2    SD  3.3900e+22     12.89    0.3474  5.9435e+21  7.4516e+20  7.9761e+00    0.5970     15.86    1.6263      2.2410    1      0
     4   2   2    SD  3.3900e+22     12.94    0.3486  5.9435e+21  7.4516e+20  7.9761e+00    0.5970     15.86    1.6323      2.2410    1      0
     4   2   2    SD  3.3900e+22     14.76    0.3977  5.9435e+21  7.4516e+20  7.9761e+00    0.6139     15.86    1.8618      2.4651    1      0
     4   2   2    SD  3.3900e+22     14.97    0.4032  5.9435e+21  7.4516e+20  7.9761e+00    0.6139     15.86    1.8877      2.4651    1      0
     4   2   2    SD  3.3900e+22     16.64    0.4484  5.9435e+21  3.1737e+20  1.8727e+01    0.7890     16.89    1.9714      2.9183    1      0
     4   2   2    SD  3.3900e+22     17.47    0.4707  5.9435e+21  3.1737e+20  1.8727e+01    0.7917     16.89    2.0697      3.0285    1      0
     4   2   2    SD  3.3900e+22     17.88    0.4815  5.9435e+21  3.1737e+20  1.8727e+01    0.7944     16.89    2.1172      3.2572    1      0
     4   2   2    SD  3.3900e+22     19.37    0.5219  5.9435e+21  1.0926e+20  5.4395e+01    0.9093     17.39    2.2286      3.7088    1      0
     4   2   2    SD  3.3900e+22     20.49    0.5520  5.9435e+21  1.0926e+20  5.4395e+01    0.9111     17.39    2.3571      3.9179    1      0
     4   2   2    SD  3.3900e+22     21.84    0.5882  5.9435e+21  3.2974e+19  1.8025e+02    0.9647     17.57    2.4857      4.3690    1      0
     4   2   2    SD  3.3900e+22     22.96    0.6187  5.9435e+21  3.2974e+19  1.8025e+02    0.9670     17.57    2.6142      4.7712    1      0
     4   2   2    SD  3.3900e+22     24.18    0.6514  5.9435e+21  7.2512e+18  8.1965e+02    0.9886     17.63    2.7429      4.9912    1      0
     4   2   2    SD  3.3900e+22     25.31    0.6819  5.9435e+21  7.2512e+18  8.1965e+02    0.9906     17.63    2.8714      5.5881    1      0
     4   2   2    SD  3.3900e+22     26.45    0.7124  5.9435e+21  7.2512e+18  8.1965e+02    0.9912     17.63    3.0000      6.0902    1      0
     4   2   2    SD  3.3900e+22     37.12    1.0000  5.9435e+21  0.0000e+00         nan    1.0000     17.65    4.2067     12.0624    1      0
     4   2   2   070  3.3900e+22     28.17    1.0000 -8.7489e-01         nan         nan       nan       nan       nan         nan    0      1
     4   2   2   100  3.3900e+22     29.56    1.0000 -1.1957e+00         nan         nan       nan       nan       nan         nan    0      1
     4   2   2   160  3.3900e+22      7.63    0.2057  5.0022e-02  4.1349e-02  1.2098e+00    0.0434     13.98    1.0926      1.1691    0      0
     4   2   2   160  3.3900e+22      7.76    0.2092  5.0022e-02  4.1349e-02  1.2098e+00    0.0434     13.98    1.1112      1.1691    0      0
     4   2   2   160  3.3900e+22      8.12    0.2187  5.0022e-02  4.1349e-02  1.2098e+00    0.0434     13.98    1.1617      1.1691    0      0
     4   2   2   160  3.3900e+22      8.64    0.2329  5.0022e-02  4.1349e-02  1.2098e+00    0.0457     13.98    1.2371      1.3219    0      0
     4   2   2   160  3.3900e+22      9.12    0.2457  5.0022e-02  2.9249e-02  1.7102e+00    0.1439     18.85    0.9679      1.1664    0      0
     4   2   2   160  3.3900e+22      9.62    0.2592  5.0022e-02  2.9249e-02  1.7102e+00    0.1681     18.85    1.0208      1.2736    0      0
     4   2   2   160  3.3900e+22     10.13    0.2730  5.0022e-02  2.9249e-02  1.7102e+00    0.1681     18.85    1.0752      1.2736    0      0
     4   2   2   160  3.3900e+22     10.81    0.2912  5.0022e-02  2.9249e-02  1.7102e+00    0.1681     18.85    1.1470      1.2736    0      0
     4   2   2   160  3.3900e+22     11.49    0.3094  5.0022e-02  2.9249e-02  1.7102e+00    0.1813     18.85    1.2187      1.4362    0      0
     4   2   2   160  3.3900e+22     12.33    0.3322  5.0022e-02  1.6382e-02  3.0535e+00    0.3582     22.04    1.1191      1.2821    1      0
     4   2   2   160  3.3900e+22     13.20    0.3555  5.0022e-02  1.6382e-02  3.0535e+00    0.3977     22.04    1.1974      1.4374    1      0
     4   2   2   160  3.3900e+22     14.23    0.3834  5.0022e-02  1.6382e-02  3.0535e+00    0.4154     22.04    1.2916      1.5565    1      0
     4   2   2   160  3.3900e+22     15.45    0.4161  5.0022e-02  7.9848e-03  6.2647e+00    0.6295     24.11    1.2811      1.6558    1      0
     4   2   2   160  3.3900e+22     15.53    0.4183  5.0022e-02  7.9848e-03  6.2647e+00    0.6295     24.11    1.2879      1.6558    1      0
     4   2   2   160  3.3900e+22     17.21    0.4636  5.0022e-02  7.9848e-03  6.2647e+00    0.6461     24.11    1.4272      1.8306    1      0
     4   2   2   160  3.3900e+22     18.27    0.4921  5.0022e-02  3.0773e-03  1.6255e+01    0.8159     25.26    1.4463      1.9394    1      0
     4   2   2   160  3.3900e+22     19.76    0.5323  5.0022e-02  3.0773e-03  1.6255e+01    0.8297     25.26    1.5645      2.1595    1      0
     4   2   2   160  3.3900e+22     20.03    0.5395  5.0022e-02  3.0773e-03  1.6255e+01    0.8297     25.26    1.5857      2.1595    1      0
     4   2   2   160  3.3900e+22     22.06    0.5944  5.0022e-02  1.0050e-03  4.9772e+01    0.9318     25.74    1.7143      2.5938    1      0
     4   2   2   160  3.3900e+22     23.72    0.6390  5.0022e-02  1.0050e-03  4.9772e+01    0.9336     25.74    1.8428      2.8228    1      0
     4   2   2   160  3.3900e+22     25.55    0.6883  5.0022e-02  2.3518e-04  2.1270e+02    0.9801     25.92    1.9714      3.1841    1      0
     4   2   2   160  3.3900e+22     27.27    0.7345  5.0022e-02  3.6900e-05  1.3556e+03    0.9954     25.97    2.1000      3.6512    1      0
     4   2   2   160  3.3900e+22     28.93    0.7795  5.0022e-02  3.6900e-05  1.3556e+03    0.9963     25.97    2.2286      4.0952    1      0
     4   2   2   160  3.3900e+22     30.61    0.8247  5.0022e-02  6.3474e-06  7.8808e+03    0.9992     25.97    2.3571      4.6436    1      0
     4   2   2   160  3.3900e+22     32.28    0.8697  5.0022e-02  6.3474e-06  7.8808e+03    0.9993     25.97    2.4857      4.9779    1      0
     4   2   2   160  3.3900e+22     33.95    0.9147  5.0022e-02  7.2332e-07  6.9157e+04    0.9999     25.98    2.6143      5.6442    1      0
     4   2   2   160  3.3900e+22     35.62    0.9597  5.0022e-02  7.2332e-07  6.9157e+04    0.9999     25.98    2.7428      6.0901    1      0
     4   2   2   160  3.3900e+22     37.12    1.0000  5.0022e-02  0.0000e+00         nan    1.0000     25.98    2.8581      6.7028    1      0
     4   2   2   250  3.3900e+22     15.81    0.3469  3.8025e+00  5.4148e-01  7.0225e+00    0.5667     19.41    1.6291      2.2616    1      0
     4   2   2   250  3.3900e+22     16.64    0.3650  3.8025e+00  5.4148e-01  7.0225e+00    0.5768     19.41    1.7143      2.4219    1      0
     4   2   2   250  3.3900e+22     17.99    0.3947  3.8025e+00  5.4148e-01  7.0225e+00    0.5829     19.41    1.8539      2.6930    1      0
     4   2   2   250  3.3900e+22     18.05    0.3960  3.8025e+00  2.7264e-01  1.3947e+01    0.7176     20.48    1.7620      2.4548    1      0
     4   2   2   250  3.3900e+22     20.19    0.4431  3.8025e+00  2.7264e-01  1.3947e+01    0.7422     20.48    1.9714      3.0454    1      0
     4   2   2   250  3.3900e+22     21.45    0.4708  3.8025e+00  1.2685e-01  2.9977e+01    0.8458     21.07    2.0366      3.0900    1      0
     4   2   2   250  3.3900e+22     22.12    0.4854  3.8025e+00  1.2685e-01  2.9977e+01    0.8534     21.07    2.1000      3.3667    1      0
     4   2   2   250  3.3900e+22     23.48    0.5151  3.8025e+00  1.2685e-01  2.9977e+01    0.8558     21.07    2.2285      3.6609    1      0
     4   2   2   250  3.3900e+22     25.20    0.5530  3.8025e+00  4.8478e-02  7.8439e+01    0.9307     21.38    2.3572      3.9367    1      0
     4   2   2   250  3.3900e+22     26.57    0.5831  3.8025e+00  4.8478e-02  7.8439e+01    0.9331     21.38    2.4857      4.2820    1      0
     4   2   2   250  3.3900e+22     28.12    0.6171  3.8025e+00  1.5354e-02  2.4766e+02    0.9730     21.51    2.6143      4.7611    1      0
     4   2   2   250  3.3900e+22     29.51    0.6474  3.8025e+00  1.5354e-02  2.4766e+02    0.9741     21.51    2.7428      5.0305    1      0
     4   2   2   250  3.3900e+22     30.95    0.6791  3.8025e+00  5.0921e-03  7.4675e+02    0.9898     21.56    2.8714      5.7777    1      0
     4   2   2   250  3.3900e+22     32.33    0.7095  3.8025e+00  5.0921e-03  7.4675e+02    0.9901     21.56    3.0000      6.1822    1      0
     4   2   2   250  3.3900e+22     45.57    1.0000  3.8025e+00  0.0000e+00         nan    1.0000     21.58    4.2244     12.1746    1      0
     4   2   2   350  3.3900e+22     25.34    0.4393  3.8050e+00  2.5634e-01  1.4844e+01    0.7469     25.71    1.9714      2.8975    1      0
     4   2   2   350  3.3900e+22     27.15    0.4708  3.8050e+00  1.2967e-01  2.9343e+01    0.8403     26.33    2.0621      3.0537    1      0
     4   2   2   350  3.3900e+22     27.23    0.4722  3.8050e+00  1.2967e-01  2.9343e+01    0.8431     26.33    2.0687      3.1400    1      0
     4   2   2   350  3.3900e+22     29.34    0.5087  3.8050e+00  1.2967e-01  2.9343e+01    0.8504     26.33    2.2285      3.4944    1      0
     4   2   2   350  3.3900e+22     31.40    0.5444  3.8050e+00  6.6828e-02  5.6937e+01    0.9110     26.64    2.3571      3.9522    1      0
     4   2   2   350  3.3900e+22     33.33    0.5779  3.8050e+00  3.1436e-02  1.2104e+02    0.9497     26.82    2.4857      4.2217    1      0
     4   2   2   350  3.3900e+22     35.05    0.6078  3.8050e+00  3.1436e-02  1.2104e+02    0.9523     26.82    2.6143      4.6912    1      0
     4   2   2   350  3.3900e+22     36.90    0.6398  3.8050e+00  1.3834e-02  2.7504e+02    0.9756     26.90    2.7429      5.1581    1      0
     4   2   2   350  3.3900e+22     38.63    0.6698  3.8050e+00  1.3834e-02  2.7504e+02    0.9762     26.90    2.8715      5.5410    1      0
     4   2   2   350  3.3900e+22     40.42    0.7008  3.8050e+00  5.4293e-03  7.0084e+02    0.9892     26.94    3.0000      6.1160    1      0
     4   2   2   350  3.3900e+22     57.67    1.0000  3.8050e+00  0.0000e+00         nan    1.0000     26.97    4.2765     12.1910    1      0
     4   2   2   500  3.3900e+22     40.87    0.5213  1.6597e+00  5.5886e-02  2.9698e+01    0.8521     36.67    2.2285      3.6818    1      0
     4   2   2   500  3.3900e+22     43.66    0.5570  1.6597e+00  3.4623e-02  4.7937e+01    0.8981     37.04    2.3571      3.9695    1      0
     4   2   2   500  3.3900e+22     46.35    0.5913  1.6597e+00  2.0363e-02  8.1504e+01    0.9333     37.29    2.4857      4.3398    1      0
     4   2   2   500  3.3900e+22     48.96    0.6246  1.6597e+00  1.1023e-02  1.5057e+02    0.9596     37.46    2.6143      4.7891    1      0
     4   2   2   500  3.3900e+22     51.49    0.6568  1.6597e+00  5.9338e-03  2.7970e+02    0.9758     37.54    2.7429      5.2163    1      0
     4   2   2   500  3.3900e+22     53.96    0.6884  1.6597e+00  5.9338e-03  2.7970e+02    0.9763     37.54    2.8746      5.6157    1      0
     4   2   2   500  3.3900e+22     56.39    0.7193  1.6597e+00  3.1792e-03  5.2204e+02    0.9861     37.59    3.0000      6.1455    1      0
     4   2   2   500  3.3900e+22     78.39    1.0000  1.6597e+00  0.0000e+00         nan    1.0000     37.65    4.1644     11.7441    1      0
     4   2   3    SD  3.3900e+22      9.29    0.2239  5.7233e+21  2.2816e+21  2.5085e+00    0.1984     14.48    1.2837      1.5813    0      0
     4   2   3    SD  3.3900e+22      9.45    0.2278  5.7233e+21  2.2816e+21  2.5085e+00    0.1984     14.48    1.3059      1.5813    0      0
     4   2   3    SD  3.3900e+22     10.25    0.2471  5.7233e+21  2.2816e+21  2.5085e+00    0.2233     14.48    1.4166      1.7926    1      0
     4   2   3    SD  3.3900e+22     10.78    0.2597  5.7233e+21  2.2816e+21  2.5085e+00    0.2233     14.48    1.4887      1.7926    1      0
     4   2   3    SD  3.3900e+22     11.24    0.2709  5.7233e+21  2.2816e+21  2.5085e+00    0.2357     14.48    1.5531      2.0655    1      0
     4   2   3    SD  3.3900e+22     12.41    0.2992  5.7233e+21  1.3186e+21  4.3404e+00    0.4079     17.38    1.4286      1.9345    1      0
     4   2   3    SD  3.3900e+22     13.71    0.3305  5.7233e+21  1.3186e+21  4.3404e+00    0.4321     17.38    1.5783      2.2107    1      0
     4   2   3    SD  3.3900e+22     15.34    0.3696  5.7233e+21  7.1934e+20  7.9563e+00    0.6044     19.04    1.6112      2.3161    1      0
     4   2   3    SD  3.3900e+22     15.40    0.3711  5.7233e+21  7.1934e+20  7.9563e+00    0.6044     19.04    1.6178      2.3161    1      0
     4   2   3    SD  3.3900e+22     17.42    0.4199  5.7233e+21  7.1934e+20  7.9563e+00    0.6179     19.04    1.8305      2.5709    1      0
     4   2   3    SD  3.3900e+22     18.14    0.4373  5.7233e+21  3.3681e+20  1.6993e+01    0.7576     20.05    1.8101      2.5255    1      0
     4   2   3    SD  3.3900e+22     19.76    0.4762  5.7233e+21  3.3681e+20  1.6993e+01    0.7796     20.05    1.9714      2.9754    1      0
     4   2   3    SD  3.3900e+22     20.60    0.4965  5.7233e+21  3.3681e+20  1.6993e+01    0.7823     20.05    2.0554      3.1381    1      0
     4   2   3    SD  3.3900e+22     21.60    0.5205  5.7233e+21  1.3959e+20  4.1000e+01    0.8820     20.57    2.1000      3.2036    1      0
     4   2   3    SD  3.3900e+22     22.92    0.5523  5.7233e+21  1.3959e+20  4.1000e+01    0.8908     20.57    2.2286      3.6448    1      0
     4   2   3    SD  3.3900e+22     24.54    0.5914  5.7233e+21  4.4310e+19  1.2917e+02    0.9547     20.82    2.3572      3.9826    1      0
     4   2   3    SD  3.3900e+22     25.88    0.6236  5.7233e+21  4.4310e+19  1.2917e+02    0.9582     20.82    2.4857      4.4899    1      0
     4   2   3    SD  3.3900e+22     27.33    0.6587  5.7233e+21  1.0387e+19  5.5102e+02    0.9860     20.91    2.6143      4.7533    1      0
     4   2   3    SD  3.3900e+22     28.68    0.6911  5.7233e+21  1.0387e+19  5.5102e+02    0.9879     20.91    2.7429      5.3257    1      0
     4   2   3    SD  3.3900e+22     30.05    0.7242  5.7233e+21  2.4812e+18  2.3067e+03    0.9960     20.93    2.8713      5.7231    1      0
     4   2   3    SD  3.3900e+22     31.40    0.7566  5.7233e+21  2.4812e+18  2.3067e+03    0.9966     20.93    3.0000      6.2971    1      0
     4   2   3    SD  3.3900e+22     41.49    1.0000  5.7233e+21  3.4968e+15  1.6368e+06    1.0000     20.94    3.9637     10.6680    1      0
     4   2   3   070  3.3900e+22     32.69    1.0000 -7.5256e-01         nan         nan       nan       nan       nan         nan    0      1
     4   2   3   100  3.3900e+22     34.73    1.0000 -1.0522e+00         nan         nan       nan       nan       nan         nan    0      1
     4   2   3   160  3.3900e+22      9.05    0.2180  9.4769e-02  5.9090e-02  1.6038e+00    0.1002     17.72    1.0208      1.3126    0      0
     4   2   3   160  3.3900e+22      9.63    0.2320  9.4769e-02  5.9090e-02  1.6038e+00    0.1160     17.72    1.0862      1.4462    0      0
     4   2   3   160  3.3900e+22     10.22    0.2464  9.4769e-02  5.9090e-02  1.6038e+00    0.1160     17.72    1.1538      1.4462    0      0
     4   2   3   160  3.3900e+22     10.97    0.2643  9.4769e-02  5.9090e-02  1.6038e+00    0.1247     17.72    1.2375      1.6366    0      0
     4   2   3   160  3.3900e+22     11.75    0.2832  9.4769e-02  5.9090e-02  1.6038e+00    0.1247     17.72    1.3262      1.6366    0      0
     4   2   3   160  3.3900e+22     11.83    0.2850  9.4769e-02  5.9090e-02  1.6038e+00    0.1247     17.72    1.3345      1.6366    0      0
     4   2   3   160  3.3900e+22     12.07    0.2910  9.4769e-02  3.9146e-02  2.4209e+00    0.2497     21.28    1.1347      1.3870    1      0
     4   2   3   160  3.3900e+22     12.61    0.3038  9.4769e-02  3.9146e-02  2.4209e+00    0.2694     21.28    1.1847      1.4958    1      0
     4   2   3   160  3.3900e+22     13.56    0.3267  9.4769e-02  3.9146e-02  2.4209e+00    0.2909     21.28    1.2740      1.6767    1      0
     4   2   3   160  3.3900e+22     14.62    0.3523  9.4769e-02  3.9146e-02  2.4209e+00    0.2909     21.28    1.3737      1.6767    1      0
     4   2   3   160  3.3900e+22     14.81    0.3569  9.4769e-02  3.9146e-02  2.4209e+00    0.2909     21.28    1.3919      1.6767    1      0
     4   2   3   160  3.3900e+22     15.87    0.3825  9.4769e-02  2.3313e-02  4.0651e+00    0.4746     24.01    1.3218      1.7031    1      0
     4   2   3   160  3.3900e+22     17.38    0.4187  9.4769e-02  2.3313e-02  4.0651e+00    0.4896     24.01    1.4470      1.8735    1      0
     4   2   3   160  3.3900e+22     19.34    0.4660  9.4769e-02  1.1664e-02  8.1250e+00    0.6889     25.77    1.5008      2.1004    1      0
     4   2   3   160  3.3900e+22     20.75    0.5002  9.4769e-02  1.1664e-02  8.1250e+00    0.6925     25.77    1.6109      2.2116    1      0
     4   2   3   160  3.3900e+22     22.24    0.5359  9.4769e-02  5.0374e-03  1.8813e+01    0.8380     26.76    1.6618      2.4088    1      0
     4   2   3   160  3.3900e+22     22.94    0.5529  9.4769e-02  5.0374e-03  1.8813e+01    0.8401     26.76    1.7143      2.5112    1      0
     4   2   3   160  3.3900e+22     25.13    0.6057  9.4769e-02  1.6422e-03  5.7709e+01    0.9344     27.27    1.8428      2.7993    1      0
     4   2   3   160  3.3900e+22     26.89    0.6479  9.4769e-02  1.6422e-03  5.7709e+01    0.9373     27.27    1.9714      3.1441    1      0
     4   2   3   160  3.3900e+22     28.84    0.6949  9.4769e-02  3.9120e-04  2.4225e+02    0.9816     27.46    2.1000      3.5801    1      0
     4   2   3   160  3.3900e+22     30.65    0.7387  9.4769e-02  9.3880e-05  1.0095e+03    0.9945     27.51    2.2286      4.0289    1      0
     4   2   3   160  3.3900e+22     32.42    0.7813  9.4769e-02  9.3880e-05  1.0095e+03    0.9949     27.51    2.3571      4.4140    1      0
     4   2   3   160  3.3900e+22     34.20    0.8243  9.4769e-02  1.6652e-05  5.6912e+03    0.9989     27.52    2.4857      4.8824    1      0
     4   2   3   160  3.3900e+22     35.97    0.8670  9.4769e-02  1.6652e-05  5.6912e+03    0.9990     27.52    2.6145      5.2677    1      0
     4   2   3   160  3.3900e+22     37.74    0.9096  9.4769e-02  2.4635e-06  3.8469e+04    0.9998     27.52    2.7428      5.9867    1      0
     4   2   3   160  3.3900e+22     39.51    0.9523  9.4769e-02  1.3132e-07  7.2167e+05    1.0000     27.52    2.8714      6.6603    1      0
     4   2   3   160  3.3900e+22     41.28    0.9949  9.4769e-02  1.3132e-07  7.2167e+05    1.0000     27.52    3.0000      7.1421    1      0
     4   2   3   160  3.3900e+22     41.49    1.0000  9.4769e-02  1.3132e-07  7.2167e+05    1.0000     27.52    3.0154      7.1421    1      0
     4   2   3   250  3.3900e+22     12.04    0.2402  4.1964e+00  1.4326e+00  2.9292e+00    0.2576     18.59    1.2952      1.6471    1      0
     4   2   3   250  3.3900e+22     13.14    0.2621  4.1964e+00  1.4326e+00  2.9292e+00    0.2820     18.59    1.4129      1.8735    1      0
     4   2   3   250  3.3900e+22     14.43    0.2878  4.1964e+00  1.4326e+00  2.9292e+00    0.2929     18.59    1.5515      2.0400    1      0
     4   2   3   250  3.3900e+22     14.78    0.2948  4.1964e+00  1.4326e+00  2.9292e+00    0.2929     18.59    1.5894      2.0400    1      0
     4   2   3   250  3.3900e+22     15.96    0.3184  4.1964e+00  9.2064e-01  4.5581e+00    0.4394     20.65    1.5455      2.0791    1      0
     4   2   3   250  3.3900e+22     17.75    0.3540  4.1964e+00  9.2064e-01  4.5581e+00    0.4543     20.65    1.7185      2.4628    1      0
     4   2   3   250  3.3900e+22     17.85    0.3561  4.1964e+00  9.2064e-01  4.5581e+00    0.4543     20.65    1.7285      2.4628    1      0
     4   2   3   250  3.3900e+22     20.31    0.4052  4.1964e+00  5.3731e-01  7.8100e+00    0.6160     22.19    1.8305      2.6986    1      0
     4   2   3   250  3.3900e+22     20.53    0.4095  4.1964e+00  5.3731e-01  7.8100e+00    0.6160     22.19    1.8498      2.6986    1      0
     4   2   3   250  3.3900e+22     22.85    0.4558  4.1964e+00  2.9183e-01  1.4380e+01    0.7513     23.18    1.9714      3.0125    1      0
     4   2   3   250  3.3900e+22     24.05    0.4799  4.1964e+00  1.3430e-01  3.1247e+01    0.8495     23.81    2.0202      2.9517    1      0
     4   2   3   250  3.3900e+22     25.00    0.4988  4.1964e+00  1.3430e-01  3.1247e+01    0.8594     23.81    2.1000      3.2731    1      0
     4   2   3   250  3.3900e+22     26.53    0.5294  4.1964e+00  1.3430e-01  3.1247e+01    0.8631     23.81    2.2286      3.5540    1      0
     4   2   3   250  3.3900e+22     28.46    0.5678  4.1964e+00  5.2984e-02  7.9201e+01    0.9339     24.15    2.3571      3.9618    1      0
     4   2   3   250  3.3900e+22     30.18    0.6021  4.1964e+00  2.1218e-02  1.9778e+02    0.9680     24.28    2.4857      4.3924    1      0
     4   2   3   250  3.3900e+22     31.74    0.6332  4.1964e+00  2.1218e-02  1.9778e+02    0.9696     24.28    2.6142      4.7086    1      0
     4   2   3   250  3.3900e+22     33.38    0.6659  4.1964e+00  7.3015e-03  5.7473e+02    0.9870     24.34    2.7428      5.1200    1      0
     4   2   3   250  3.3900e+22     34.95    0.6972  4.1964e+00  7.3015e-03  5.7473e+02    0.9880     24.34    2.8714      5.5930    1      0
     4   2   3   250  3.3900e+22     36.54    0.7290  4.1964e+00  2.2481e-03  1.8666e+03    0.9956     24.36    3.0000      6.2435    1      0
     4   2   3   250  3.3900e+22     50.12    1.0000  4.1964e+00  1.3556e-06  3.0956e+06    1.0000     24.37    4.1135     11.5312    1      0
     4   2   3   350  3.3900e+22     21.64    0.3476  4.5267e+00  7.4425e-01  6.0823e+00    0.5342     25.81    1.6767      2.3774    1      0
     4   2   3   350  3.3900e+22     23.98    0.3853  4.5267e+00  7.4425e-01  6.0823e+00    0.5418     25.81    1.8584      2.6769    1      0
     4   2   3   350  3.3900e+22     24.65    0.3959  4.5267e+00  4.4794e-01  1.0106e+01    0.6665     27.11    1.8181      2.5898    1      0
     4   2   3   350  3.3900e+22     27.59    0.4431  4.5267e+00  2.4862e-01  1.8207e+01    0.7785     27.99    1.9710      2.8495    1      0
     4   2   3   350  3.3900e+22     29.34    0.4713  4.5267e+00  2.4862e-01  1.8207e+01    0.7871     27.99    2.0964      3.1642    1      0
     4   2   3   350  3.3900e+22     29.39    0.4721  4.5267e+00  2.4862e-01  1.8207e+01    0.7871     27.99    2.1000      3.1642    1      0
     4   2   3   350  3.3900e+22     31.73    0.5096  4.5267e+00  1.3949e-01  3.2451e+01    0.8627     28.47    2.2286      3.5261    1      0
     4   2   3   350  3.3900e+22     33.90    0.5446  4.5267e+00  7.2336e-02  6.2579e+01    0.9173     28.77    2.3571      3.8686    1      0
     4   2   3   350  3.3900e+22     35.76    0.5744  4.5267e+00  7.2336e-02  6.2579e+01    0.9195     28.77    2.4865      4.2059    1      0
     4   2   3   350  3.3900e+22     37.82    0.6074  4.5267e+00  3.5094e-02  1.2899e+02    0.9553     28.93    2.6143      4.6426    1      0
     4   2   3   350  3.3900e+22     39.79    0.6392  4.5267e+00  1.5411e-02  2.9373e+02    0.9772     29.02    2.7428      5.0723    1      0
     4   2   3   350  3.3900e+22     41.66    0.6692  4.5267e+00  1.5411e-02  2.9373e+02    0.9778     29.02    2.8715      5.4354    1      0
     4   2   3   350  3.3900e+22     43.58    0.7000  4.5267e+00  6.6830e-03  6.7735e+02    0.9892     29.05    3.0000      6.0372    1      0
     4   2   3   350  3.3900e+22     62.26    1.0000  4.5267e+00  3.9226e-06  1.1540e+06    1.0000     29.08    4.2812     12.1682    1      0
     4   2   3   500  3.3900e+22     36.77    0.4471  2.1047e+00  1.4308e-01  1.4710e+01    0.7477     37.30    1.9714      3.0263    1      0
     4   2   3   500  3.3900e+22     39.29    0.4777  2.1047e+00  9.1987e-02  2.2880e+01    0.8167     38.02    2.0669      3.2210    1      0
     4   2   3   500  3.3900e+22     39.92    0.4854  2.1047e+00  9.1987e-02  2.2880e+01    0.8175     38.02    2.1000      3.2650    1      0
     4   2   3   500  3.3900e+22     42.88    0.5214  2.1047e+00  5.8988e-02  3.5680e+01    0.8707     38.48    2.2286      3.6119    1      0
     4   2   3   500  3.3900e+22     45.73    0.5561  2.1047e+00  3.6053e-02  5.8378e+01    0.9125     38.81    2.3571      3.9852    1      0
     4   2   3   500  3.3900e+22     48.50    0.5898  2.1047e+00  2.0388e-02  1.0323e+02    0.9447     39.03    2.4857      4.3865    1      0
     4   2   3   500  3.3900e+22     51.02    0.6204  2.1047e+00  1.1456e-02  1.8371e+02    0.9650     39.15    2.6065      4.6870    1      0
     4   2   3   500  3.3900e+22     53.69    0.6529  2.1047e+00  1.1456e-02  1.8371e+02    0.9664     39.15    2.7428      5.2205    1      0
     4   2   3   500  3.3900e+22     56.31    0.6847  2.1047e+00  6.4146e-03  3.2811e+02    0.9794     39.22    2.8714      5.6567    1      0
     4   2   3   500  3.3900e+22     58.89    0.7161  2.1047e+00  3.5377e-03  5.9493e+02    0.9876     39.26    3.0000      6.1275    1      0
     4   2   3   500  3.3900e+22     82.24    1.0000  2.1047e+00  0.0000e+00         nan    1.0000     39.31    4.1840     11.9171    1      0
     4   2   4    SD  3.3900e+22      9.04    0.1854  4.8862e+21  2.5984e+21  1.8804e+00    0.1064     14.99    1.2055      1.5347    0      0
     4   2   4    SD  3.3900e+22      9.75    0.2001  4.8862e+21  2.5984e+21  1.8804e+00    0.1206     14.99    1.3009      1.7270    0      0
     4   2   4    SD  3.3900e+22     10.57    0.2169  4.8862e+21  2.5984e+21  1.8804e+00    0.1206     14.99    1.4103      1.7270    0      0
     4   2   4    SD  3.3900e+22     11.50    0.2361  4.8862e+21  2.5984e+21  1.8804e+00    0.1280     14.99    1.5346      1.9801    0      0
     4   2   4    SD  3.3900e+22     12.62    0.2590  4.8862e+21  1.8229e+21  2.6804e+00    0.2366     18.46    1.3673      1.8165    1      0
     4   2   4    SD  3.3900e+22     13.24    0.2716  4.8862e+21  1.8229e+21  2.6804e+00    0.2430     18.46    1.4340      1.8925    1      0
     4   2   4    SD  3.3900e+22     13.79    0.2830  4.8862e+21  1.8229e+21  2.6804e+00    0.2523     18.46    1.4940      2.0616    1      0
     4   2   4    SD  3.3900e+22     15.23    0.3125  4.8862e+21  1.2457e+21  3.9224e+00    0.3702     20.58    1.4801      1.9603    1      0
     4   2   4    SD  3.3900e+22     15.79    0.3239  4.8862e+21  1.2457e+21  3.9224e+00    0.3820     20.58    1.5343      2.0874    1      0
     4   2   4    SD  3.3900e+22     16.89    0.3466  4.8862e+21  1.2457e+21  3.9224e+00    0.3901     20.58    1.6420      2.2278    1      0
     4   2   4    SD  3.3900e+22     18.10    0.3713  4.8862e+21  7.8630e+20  6.2142e+00    0.5237     22.26    1.6261      2.1775    1      0
     4   2   4    SD  3.3900e+22     18.96    0.3890  4.8862e+21  7.8630e+20  6.2142e+00    0.5327     22.26    1.7033      2.2920    1      0
     4   2   4    SD  3.3900e+22     21.40    0.4391  4.8862e+21  4.5965e+20  1.0630e+01    0.6775     23.45    1.8249      2.5892    1      0
     4   2   4    SD  3.3900e+22     21.60    0.4433  4.8862e+21  4.5965e+20  1.0630e+01    0.6775     23.45    1.8421      2.5892    1      0
     4   2   4    SD  3.3900e+22     23.85    0.4894  4.8862e+21  4.5965e+20  1.0630e+01    0.6908     23.45    2.0336      3.0441    1      0
     4   2   4    SD  3.3900e+22     25.41    0.5213  4.8862e+21  2.2297e+20  2.1914e+01    0.8174     24.34    2.0877      3.1033    1      0
     4   2   4    SD  3.3900e+22     25.56    0.5244  4.8862e+21  2.2297e+20  2.1914e+01    0.8184     24.34    2.1000      3.1554    1      0
     4   2   4    SD  3.3900e+22     27.70    0.5684  4.8862e+21  8.9068e+19  5.4859e+01    0.9123     24.86    2.2286      3.5850    1      0
     4   2   4    SD  3.3900e+22     29.30    0.6012  4.8862e+21  8.9068e+19  5.4859e+01    0.9150     24.86    2.3571      3.7809    1      0
     4   2   4    SD  3.3900e+22     31.16    0.6394  4.8862e+21  3.4138e+19  1.4313e+02    0.9616     25.07    2.4857      4.2350    1      0
     4   2   4    SD  3.3900e+22     32.77    0.6724  4.8862e+21  3.4138e+19  1.4313e+02    0.9630     25.07    2.6143      4.6259    1      0
     4   2   4    SD  3.3900e+22     34.51    0.7081  4.8862e+21  1.0439e+19  4.6806e+02    0.9867     25.16    2.7429      5.1202    1      0
     4   2   4    SD  3.3900e+22     36.17    0.7422  4.8862e+21  2.6359e+18  1.8538e+03    0.9957     25.19    2.8714      5.5168    1      0
     4   2   4    SD  3.3900e+22     37.79    0.7754  4.8862e+21  2.6359e+18  1.8538e+03    0.9962     25.19    3.0000      5.9968    1      0
     4   2   4    SD  3.3900e+22     48.73    1.0000  4.8862e+21  0.0000e+00         nan    1.0000     25.20    3.8674      9.9699    1      0
     4   2   4   070  3.3900e+22     39.80    1.0000 -5.9067e-01         nan         nan       nan       nan       nan         nan    0      1
     4   2   4   100  3.3900e+22     41.22    1.0000 -8.4092e-01         nan         nan       nan       nan       nan         nan    0      1
     4   2   4   160  3.3900e+22      9.31    0.1910  1.1019e-01  7.4730e-02  1.4745e+00    0.0654     17.20    1.0828      1.3573    0      0
     4   2   4   160  3.3900e+22      9.89    0.2030  1.1019e-01  7.4730e-02  1.4745e+00    0.0756     17.20    1.1503      1.4985    0      0
     4   2   4   160  3.3900e+22     10.60    0.2174  1.1019e-01  7.4730e-02  1.4745e+00    0.0756     17.20    1.2324      1.4985    0      0
     4   2   4   160  3.3900e+22     11.31    0.2321  1.1019e-01  7.4730e-02  1.4745e+00    0.0812     17.20    1.3155      1.6972    0      0
     4   2   4   160  3.3900e+22     11.34    0.2327  1.1019e-01  7.4730e-02  1.4745e+00    0.0812     17.20    1.3191      1.6972    0      0
     4   2   4   160  3.3900e+22     12.22    0.2508  1.1019e-01  5.5690e-02  1.9786e+00    0.1622     21.00    1.1641      1.4211    0      0
     4   2   4   160  3.3900e+22     13.13    0.2693  1.1019e-01  5.5690e-02  1.9786e+00    0.1806     21.00    1.2503      1.5893    0      0
     4   2   4   160  3.3900e+22     13.31    0.2731  1.1019e-01  5.5690e-02  1.9786e+00    0.1806     21.00    1.2679      1.5893    0      0
     4   2   4   160  3.3900e+22     14.12    0.2896  1.1019e-01  5.5690e-02  1.9786e+00    0.1890     21.00    1.3445      1.7176    0      0
     4   2   4   160  3.3900e+22     15.29    0.3138  1.1019e-01  3.9157e-02  2.8140e+00    0.3073     24.02    1.2732      1.6163    1      0
     4   2   4   160  3.3900e+22     16.58    0.3403  1.1019e-01  3.9157e-02  2.8140e+00    0.3275     24.02    1.3809      1.8165    1      0
     4   2   4   160  3.3900e+22     18.14    0.3723  1.1019e-01  2.4969e-02  4.4129e+00    0.4719     26.25    1.3823      1.7618    1      0
     4   2   4   160  3.3900e+22     20.00    0.4104  1.1019e-01  2.4969e-02  4.4129e+00    0.4953     26.25    1.5237      2.0351    1      0
     4   2   4   160  3.3900e+22     21.47    0.4405  1.1019e-01  1.4533e-02  7.5819e+00    0.6437     27.90    1.5389      2.0657    1      0
     4   2   4   160  3.3900e+22     22.43    0.4603  1.1019e-01  1.4533e-02  7.5819e+00    0.6548     27.90    1.6083      2.2325    1      0
     4   2   4   160  3.3900e+22     24.94    0.5117  1.1019e-01  6.9518e-03  1.5850e+01    0.8009     29.09    1.7143      2.4596    1      0
     4   2   4   160  3.3900e+22     25.93    0.5321  1.1019e-01  6.9518e-03  1.5850e+01    0.8060     29.09    1.7828      2.6650    1      0
     4   2   4   160  3.3900e+22     26.99    0.5538  1.1019e-01  6.9518e-03  1.5850e+01    0.8064     29.09    1.8552      2.7523    1      0
     4   2   4   160  3.3900e+22     29.33    0.6019  1.1019e-01  2.7251e-03  4.0435e+01    0.9090     29.76    1.9714      2.9907    1      0
     4   2   4   160  3.3900e+22     31.53    0.6470  1.1019e-01  1.0274e-03  1.0725e+02    0.9601     30.03    2.1000      3.4258    1      0
     4   2   4   160  3.3900e+22     33.61    0.6896  1.1019e-01  3.0870e-04  3.5694e+02    0.9856     30.16    2.2286      3.8597    1      0
     4   2   4   160  3.3900e+22     35.55    0.7294  1.1019e-01  3.0870e-04  3.5694e+02    0.9865     30.16    2.3571      4.2026    1      0
     4   2   4   160  3.3900e+22     37.54    0.7703  1.1019e-01  7.6657e-05  1.4374e+03    0.9961     30.20    2.4857      4.6672    1      0
     4   2   4   160  3.3900e+22     39.49    0.8104  1.1019e-01  1.3889e-05  7.9337e+03    0.9991     30.21    2.6143      5.2648    1      0
     4   2   4   160  3.3900e+22     41.44    0.8503  1.1019e-01  1.3889e-05  7.9337e+03    0.9992     30.21    2.7428      5.6453    1      0
     4   2   4   160  3.3900e+22     43.38    0.8902  1.1019e-01  2.2312e-06  4.9385e+04    0.9999     30.22    2.8715      6.3273    1      0
     4   2   4   160  3.3900e+22     45.33    0.9301  1.1019e-01  2.6687e-07  4.1288e+05    1.0000     30.22    3.0000      6.8213    1      0
     4   2   4   160  3.3900e+22     48.73    1.0000  1.1019e-01  0.0000e+00         nan    1.0000     30.22    3.2256      7.8867    1      0
     4   2   4   250  3.3900e+22     12.98    0.2295  4.0010e+00  1.8423e+00  2.1718e+00    0.1754     19.30    1.3456      1.7889    0      0
     4   2   4   250  3.3900e+22     14.11    0.2494  4.0010e+00  1.8423e+00  2.1718e+00    0.1826     19.30    1.4625      1.9428    0      0
     4   2   4   250  3.3900e+22     15.44    0.2730  4.0010e+00  1.3456e+00  2.9735e+00    0.2906     21.80    1.4169      1.9375    1      0
     4   2   4   250  3.3900e+22     15.99    0.2827  4.0010e+00  1.3456e+00  2.9735e+00    0.2906     21.80    1.4675      1.9375    1      0
     4   2   4   250  3.3900e+22     16.98    0.3002  4.0010e+00  1.3456e+00  2.9735e+00    0.2995     21.80    1.5583      2.1332    1      0
     4   2   4   250  3.3900e+22     18.80    0.3324  4.0010e+00  9.2286e-01  4.3355e+00    0.4243     23.93    1.5717      2.0914    1      0
     4   2   4   250  3.3900e+22     21.06    0.3722  4.0010e+00  6.0035e-01  6.6645e+00    0.5528     25.51    1.6509      2.1836    1      0
     4   2   4   250  3.3900e+22     21.50    0.3800  4.0010e+00  6.0035e-01  6.6645e+00    0.5618     25.51    1.6854      2.3215    1      0
     4   2   4   250  3.3900e+22     23.92    0.4229  4.0010e+00  6.0035e-01  6.6645e+00    0.5747     25.51    1.8756      2.7205    1      0
     4   2   4   250  3.3900e+22     24.58    0.4345  4.0010e+00  3.4392e-01  1.1633e+01    0.7041     26.77    1.8366      2.6355    1      0
     4   2   4   250  3.3900e+22     26.68    0.4716  4.0010e+00  3.4392e-01  1.1633e+01    0.7128     26.77    1.9933      2.9459    1      0
     4   2   4   250  3.3900e+22     28.23    0.4990  4.0010e+00  1.7692e-01  2.2615e+01    0.8220     27.58    2.0465      3.0701    1      0
     4   2   4   250  3.3900e+22     28.96    0.5120  4.0010e+00  1.7692e-01  2.2615e+01    0.8254     27.58    2.1000      3.2339    1      0
     4   2   4   250  3.3900e+22     31.21    0.5517  4.0010e+00  9.0551e-02  4.4185e+01    0.8963     28.01    2.2286      3.5444    1      0
     4   2   4   250  3.3900e+22     33.29    0.5885  4.0010e+00  4.1140e-02  9.7254e+01    0.9439     28.25    2.3572      3.8479    1      0
     4   2   4   250  3.3900e+22     35.11    0.6206  4.0010e+00  4.1140e-02  9.7254e+01    0.9470     28.25    2.4857      4.2734    1      0
     4   2   4   250  3.3900e+22     37.08    0.6555  4.0010e+00  1.6757e-02  2.3878e+02    0.9749     28.37    2.6143      4.6830    1      0
     4   2   4   250  3.3900e+22     38.91    0.6878  4.0010e+00  1.6757e-02  2.3878e+02    0.9756     28.37    2.7430      5.0300    1      0
     4   2   4   250  3.3900e+22     40.80    0.7213  4.0010e+00  5.8017e-03  6.8964e+02    0.9904     28.42    2.8714      5.6990    1      0
     4   2   4   250  3.3900e+22     42.66    0.7542  4.0010e+00  1.9215e-03  2.0822e+03    0.9963     28.44    3.0000      6.1297    1      0
     4   2   4   250  3.3900e+22     56.57    1.0000  4.0010e+00  2.2889e-06  1.7480e+06    1.0000     28.45    3.9767     10.5706    1      0
     4   2   4   350  3.3900e+22     19.57    0.2876  4.6896e+00  1.5529e+00  3.0200e+00    0.3039     25.18    1.5545      2.1526    1      0
     4   2   4   350  3.3900e+22     21.05    0.3093  4.6896e+00  1.1292e+00  4.1531e+00    0.4023     27.19    1.5484      2.0073    1      0
     4   2   4   350  3.3900e+22     21.70    0.3188  4.6896e+00  1.1292e+00  4.1531e+00    0.4142     27.19    1.5960      2.2116    1      0
     4   2   4   350  3.3900e+22     24.27    0.3567  4.6896e+00  7.5294e-01  6.2285e+00    0.5424     28.97    1.6757      2.3534    1      0
     4   2   4   350  3.3900e+22     24.73    0.3633  4.6896e+00  7.5294e-01  6.2285e+00    0.5424     28.97    1.7068      2.3534    1      0
     4   2   4   350  3.3900e+22     27.35    0.4018  4.6896e+00  4.7193e-01  9.9372e+00    0.6629     30.35    1.8023      2.5282    1      0
     4   2   4   350  3.3900e+22     27.66    0.4064  4.6896e+00  4.7193e-01  9.9372e+00    0.6684     30.35    1.8229      2.6609    1      0
     4   2   4   350  3.3900e+22     30.41    0.4468  4.6896e+00  2.9735e-01  1.5771e+01    0.7603     31.30    1.9434      2.8584    1      0
     4   2   4   350  3.3900e+22     32.80    0.4819  4.6896e+00  2.9735e-01  1.5771e+01    0.7669     31.30    2.0958      3.2522    1      0
     4   2   4   350  3.3900e+22     33.03    0.4853  4.6896e+00  1.7562e-01  2.6703e+01    0.8368     31.96    2.0671      3.0959    1      0
     4   2   4   350  3.3900e+22     36.03    0.5294  4.6896e+00  9.7426e-02  4.8135e+01    0.8964     32.38    2.2255      3.4391    1      0
     4   2   4   350  3.3900e+22     38.16    0.5607  4.6896e+00  9.7426e-02  4.8135e+01    0.9020     32.38    2.3571      3.9141    1      0
     4   2   4   350  3.3900e+22     40.57    0.5960  4.6896e+00  4.9680e-02  9.4396e+01    0.9432     32.64    2.4857      4.3211    1      0
     4   2   4   350  3.3900e+22     42.84    0.6294  4.6896e+00  2.5059e-02  1.8714e+02    0.9676     32.77    2.6143      4.7042    1      0
     4   2   4   350  3.3900e+22     45.05    0.6618  4.6896e+00  1.1670e-02  4.0185e+02    0.9828     32.85    2.7429      5.1375    1      0
     4   2   4   350  3.3900e+22     47.16    0.6929  4.6896e+00  1.1670e-02  4.0185e+02    0.9836     32.85    2.8714      5.6258    1      0
     4   2   4   350  3.3900e+22     49.33    0.7247  4.6896e+00  4.7141e-03  9.9481e+02    0.9925     32.88    3.0000      6.1297    1      0
     4   2   4   350  3.3900e+22     68.06    1.0000  4.6896e+00  1.7000e-06  2.7585e+06    1.0000     32.91    4.1363     11.5440    1      0
     4   2   4   500  3.3900e+22     30.33    0.3443  2.3883e+00  4.3946e-01  5.4347e+00    0.4997     36.44    1.6647      2.3429    1      0
     4   2   4   500  3.3900e+22     30.84    0.3501  2.3883e+00  4.3946e-01  5.4347e+00    0.5015     36.44    1.6929      2.3916    1      0
     4   2   4   500  3.3900e+22     35.25    0.4002  2.3883e+00  3.2164e-01  7.4254e+00    0.5973     37.98    1.8564      2.7947    1      0
     4   2   4   500  3.3900e+22     35.30    0.4007  2.3883e+00  3.2164e-01  7.4254e+00    0.5973     37.98    1.8588      2.7947    1      0
     4   2   4   500  3.3900e+22     39.01    0.4428  2.3883e+00  1.5390e-01  1.5519e+01    0.7548     40.18    1.9418      2.8945    1      0
     4   2   4   500  3.3900e+22     41.90    0.4756  2.3883e+00  1.5390e-01  1.5519e+01    0.7608     40.18    2.0860      3.3060    1      0
     4   2   4   500  3.3900e+22     42.87    0.4866  2.3883e+00  1.0419e-01  2.2923e+01    0.8194     40.83    2.1000      3.3027    1      0
     4   2   4   500  3.3900e+22     46.03    0.5225  2.3883e+00  6.7433e-02  3.5418e+01    0.8717     41.31    2.2286      3.6860    1      0
     4   2   4   500  3.3900e+22     49.09    0.5573  2.3883e+00  4.0704e-02  5.8675e+01    0.9138     41.66    2.3571      4.0124    1      0
     4   2   4   500  3.3900e+22     52.04    0.5907  2.3883e+00  2.4360e-02  9.8043e+01    0.9432     41.87    2.4857      4.3962    1      0
     4   2   4   500  3.3900e+22     54.90    0.6232  2.3883e+00  1.4569e-02  1.6393e+02    0.9629     42.00    2.6143      4.7801    1      0
     4   2   4   500  3.3900e+22     57.71    0.6551  2.3883e+00  8.5871e-03  2.7813e+02    0.9764     42.08    2.7429      5.3024    1      0
     4   2   4   500  3.3900e+22     60.49    0.6867  2.3883e+00  4.8186e-03  4.9564e+02    0.9855     42.13    2.8714      5.7263    1      0
     4   2   4   500  3.3900e+22     63.23    0.7178  2.3883e+00  2.4973e-03  9.5638e+02    0.9917     42.17    2.9993      6.1763    1      0
     4   2   4   500  3.3900e+22     88.09    1.0000  2.3883e+00  0.0000e+00         nan    1.0000     42.20    4.1750     11.9587    1      0
     4   2   5    SD  3.3900e+22      9.41    0.1604  3.7628e+21  2.4296e+21  1.5487e+00    0.0548     15.48    1.2155      1.4903    0      0
     4   2   5    SD  3.3900e+22     10.10    0.1723  3.7628e+21  2.4296e+21  1.5487e+00    0.0624     15.48    1.3053      1.6695    0      0
     4   2   5    SD  3.3900e+22     10.96    0.1869  3.7628e+21  2.4296e+21  1.5487e+00    0.0664     15.48    1.4163      1.9086    0      0
     4   2   5    SD  3.3900e+22     11.71    0.1996  3.7628e+21  2.4296e+21  1.5487e+00    0.0664     15.48    1.5122      1.9086    0      0
     4   2   5    SD  3.3900e+22     11.91    0.2031  3.7628e+21  2.4296e+21  1.5487e+00    0.0664     15.48    1.5390      1.9086    0      0
     4   2   5    SD  3.3900e+22     12.95    0.2208  3.7628e+21  1.9114e+21  1.9686e+00    0.1324     19.19    1.3502      1.8008    0      0
     4   2   5    SD  3.3900e+22     13.37    0.2279  3.7628e+21  1.9114e+21  1.9686e+00    0.1324     19.19    1.3934      1.8008    0      0
     4   2   5    SD  3.3900e+22     14.10    0.2403  3.7628e+21  1.9114e+21  1.9686e+00    0.1379     19.19    1.4695      1.9562    0      0
     4   2   5    SD  3.3900e+22     15.47    0.2637  3.7628e+21  1.4824e+21  2.5383e+00    0.2205     21.72    1.4242      1.9437    1      0
     4   2   5    SD  3.3900e+22     16.97    0.2892  3.7628e+21  1.4824e+21  2.5383e+00    0.2257     21.72    1.5622      2.0689    1      0
     4   2   5    SD  3.3900e+22     18.77    0.3200  3.7628e+21  1.1039e+21  3.4086e+00    0.3263     23.96    1.5671      2.0819    1      0
     4   2   5    SD  3.3900e+22     20.89    0.3562  3.7628e+21  1.1039e+21  3.4086e+00    0.3374     23.96    1.7444      2.4126    1      0
     4   2   5    SD  3.3900e+22     21.45    0.3657  3.7628e+21  7.9773e+20  4.7169e+00    0.4415     25.73    1.6674      2.2828    1      0
     4   2   5    SD  3.3900e+22     23.50    0.4007  3.7628e+21  7.9773e+20  4.7169e+00    0.4526     25.73    1.8269      2.6697    1      0
     4   2   5    SD  3.3900e+22     23.71    0.4043  3.7628e+21  7.9773e+20  4.7169e+00    0.4526     25.73    1.8433      2.6697    1      0
     4   2   5    SD  3.3900e+22     26.88    0.4583  3.7628e+21  5.2786e+20  7.1284e+00    0.5820     27.29    1.9700      2.9219    1      0
     4   2   5    SD  3.3900e+22     26.99    0.4601  3.7628e+21  5.2786e+20  7.1284e+00    0.5820     27.29    1.9778      2.9219    1      0
     4   2   5    SD  3.3900e+22     30.17    0.5143  3.7628e+21  1.9223e+20  1.9574e+01    0.7959     29.23    2.0640      3.0782    1      0
     4   2   5    SD  3.3900e+22     31.72    0.5407  3.7628e+21  1.9223e+20  1.9574e+01    0.8009     29.23    2.1698      3.2849    1      0
     4   2   5    SD  3.3900e+22     32.88    0.5606  3.7628e+21  1.9223e+20  1.9574e+01    0.8028     29.23    2.2496      3.5023    1      0
     4   2   5    SD  3.3900e+22     35.07    0.5979  3.7628e+21  1.0183e+20  3.6950e+01    0.8817     29.76    2.3571      3.7606    1      0
     4   2   5    SD  3.3900e+22     37.40    0.6376  3.7628e+21  4.7056e+19  7.9965e+01    0.9378     30.09    2.4857      4.0906    1      0
     4   2   5    SD  3.3900e+22     39.60    0.6751  3.7628e+21  1.7821e+19  2.1115e+02    0.9727     30.30    2.6143      4.4952    1      0
     4   2   5    SD  3.3900e+22     41.55    0.7083  3.7628e+21  1.7821e+19  2.1115e+02    0.9737     30.30    2.7429      4.8151    1      0
     4   2   5    SD  3.3900e+22     43.61    0.7435  3.7628e+21  6.0351e+18  6.2349e+02    0.9900     30.38    2.8715      5.3279    1      0
     4   2   5    SD  3.3900e+22     45.61    0.7776  3.7628e+21  1.6606e+18  2.2660e+03    0.9968     30.41    3.0000      5.7758    1      0
     4   2   5    SD  3.3900e+22     58.66    1.0000  3.7628e+21  0.0000e+00         nan    1.0000     30.42    3.8565      9.5411    1      0
     4   2   5   070  3.3900e+22     49.89    1.0000 -4.2818e-01         nan         nan       nan       nan       nan         nan    0      1
     4   2   5   100  3.3900e+22     51.70    1.0000 -6.1998e-01         nan         nan       nan       nan       nan         nan    0      1
     4   2   5   160  3.3900e+22      9.49    0.1617  8.8267e-02  6.1691e-02  1.4308e+00    0.0571     16.74    1.1333      1.3922    0      0
     4   2   5   160  3.3900e+22     10.10    0.1721  8.8267e-02  6.1691e-02  1.4308e+00    0.0658     16.74    1.2060      1.5418    0      0
     4   2   5   160  3.3900e+22     10.70    0.1824  8.8267e-02  6.1691e-02  1.4308e+00    0.0658     16.74    1.2779      1.5418    0      0
     4   2   5   160  3.3900e+22     10.88    0.1854  8.8267e-02  6.1691e-02  1.4308e+00    0.0705     16.74    1.2992      1.7489    0      0
     4   2   5   160  3.3900e+22     11.66    0.1989  8.8267e-02  6.1691e-02  1.4308e+00    0.0705     16.74    1.3936      1.7489    0      0
     4   2   5   160  3.3900e+22     12.59    0.2146  8.8267e-02  4.7888e-02  1.8432e+00    0.1517     20.73    1.2140      1.5642    0      0
     4   2   5   160  3.3900e+22     13.52    0.2305  8.8267e-02  4.7888e-02  1.8432e+00    0.1640     20.73    1.3039      1.7521    0      0
     4   2   5   160  3.3900e+22     14.58    0.2485  8.8267e-02  4.7888e-02  1.8432e+00    0.1640     20.73    1.4062      1.7521    0      0
     4   2   5   160  3.3900e+22     15.77    0.2689  8.8267e-02  3.5072e-02  2.5167e+00    0.2844     24.01    1.3137      1.7169    1      0
     4   2   5   160  3.3900e+22     17.09    0.2914  8.8267e-02  3.5072e-02  2.5167e+00    0.2945     24.01    1.4240      1.8809    1      0
     4   2   5   160  3.3900e+22     18.63    0.3176  8.8267e-02  2.3175e-02  3.8088e+00    0.4464     26.59    1.4012      1.8193    1      0
     4   2   5   160  3.3900e+22     20.42    0.3481  8.8267e-02  2.3175e-02  3.8088e+00    0.4636     26.59    1.5356      2.0992    1      0
     4   2   5   160  3.3900e+22     22.63    0.3858  8.8267e-02  1.3636e-02  6.4732e+00    0.6343     28.67    1.5786      2.1474    1      0
     4   2   5   160  3.3900e+22     22.73    0.3875  8.8267e-02  1.3636e-02  6.4732e+00    0.6343     28.67    1.5857      2.1474    1      0
     4   2   5   160  3.3900e+22     25.58    0.4361  8.8267e-02  5.9810e-03  1.4758e+01    0.8119     30.36    1.6852      2.3513    1      0
     4   2   5   160  3.3900e+22     26.15    0.4457  8.8267e-02  5.9810e-03  1.4758e+01    0.8169     30.36    1.7225      2.5032    1      0
     4   2   5   160  3.3900e+22     28.99    0.4942  8.8267e-02  1.2737e-03  6.9301e+01    0.9542     31.46    1.8429      2.7546    1      0
     4   2   5   160  3.3900e+22     30.75    0.5243  8.8267e-02 -6.5775e-04         nan    1.0217     31.91    1.9275      2.9887    1      0
     4   2   5   160  3.3900e+22     31.46    0.5363  8.8267e-02 -6.5775e-04         nan    1.0237     31.91    1.9714      3.1262    1      0
     4   2   5   160  3.3900e+22     33.64    0.5735  8.8267e-02 -1.1892e-03         nan    1.0464     32.04    2.1000      3.5351    1      0
     4   2   5   160  3.3900e+22     35.70    0.6086  8.8267e-02 -1.1892e-03         nan    1.0468     32.04    2.2286      3.8508    1      0
     4   2   5   160  3.3900e+22     37.69    0.6425  8.8267e-02 -9.4474e-04         nan    1.0363     31.98    2.3571      3.5599    1      0
     4   2   5   160  3.3900e+22     39.62    0.6755  8.8267e-02 -5.1672e-04         nan    1.0193     31.88    2.4857      3.3503    1      0
     4   2   5   160  3.3900e+22     41.66    0.7102  8.8267e-02 -5.1672e-04         nan    1.0193     31.88    2.6134      3.3503    1      0
     4   2   5   160  3.3900e+22     43.62    0.7437  8.8267e-02 -2.2405e-04         nan    1.0082     31.81    2.7428      3.2311    1      0
     4   2   5   160  3.3900e+22     45.62    0.7777  8.8267e-02 -7.4330e-05         nan    1.0027     31.77    2.8714      3.2434    1      0
     4   2   5   160  3.3900e+22     47.66    0.8126  8.8267e-02 -7.4330e-05         nan    1.0027     31.77    3.0000      3.2434    1      0
     4   2   5   250  3.3900e+22     12.00    0.1807  3.3208e+00  1.8955e+00  1.7519e+00    0.0924     19.71    1.2179      1.5432    0      0
     4   2   5   250  3.3900e+22     12.79    0.1926  3.3208e+00  1.8955e+00  1.7519e+00    0.1021     19.71    1.2981      1.7382    0      0
     4   2   5   250  3.3900e+22     12.99    0.1955  3.3208e+00  1.8955e+00  1.7519e+00    0.1021     19.71    1.3182      1.7382    0      0
     4   2   5   250  3.3900e+22     14.07    0.2118  3.3208e+00  1.8955e+00  1.7519e+00    0.1066     19.71    1.4278      1.8843    0      0
     4   2   5   250  3.3900e+22     15.36    0.2312  3.3208e+00  1.5177e+00  2.1880e+00    0.1769     22.56    1.3617      1.8527    0      0
     4   2   5   250  3.3900e+22     16.73    0.2517  3.3208e+00  1.5177e+00  2.1880e+00    0.1814     22.56    1.4824      1.9687    0      0
     4   2   5   250  3.3900e+22     18.35    0.2761  3.3208e+00  1.1671e+00  2.8453e+00    0.2714     25.12    1.4605      1.9607    1      0
     4   2   5   250  3.3900e+22     20.18    0.3037  3.3208e+00  1.1671e+00  2.8453e+00    0.2815     25.12    1.6066      2.2654    1      0
     4   2   5   250  3.3900e+22     22.38    0.3368  3.3208e+00  8.7050e-01  3.8148e+00    0.3867     27.20    1.6456      2.2902    1      0
     4   2   5   250  3.3900e+22     24.91    0.3750  3.3208e+00  5.9984e-01  5.5362e+00    0.5099     29.09    1.7127      2.4080    1      0
     4   2   5   250  3.3900e+22     25.07    0.3773  3.3208e+00  5.9984e-01  5.5362e+00    0.5099     29.09    1.7236      2.4080    1      0
     4   2   5   250  3.3900e+22     27.31    0.4111  3.3208e+00  3.8890e-01  8.5389e+00    0.6277     30.65    1.7825      2.4895    1      0
     4   2   5   250  3.3900e+22     28.56    0.4299  3.3208e+00  3.8890e-01  8.5389e+00    0.6373     30.65    1.8640      2.7527    1      0
     4   2   5   250  3.3900e+22     31.30    0.4710  3.3208e+00  2.4989e-01  1.3289e+01    0.7349     31.75    1.9714      2.9095    1      0
     4   2   5   250  3.3900e+22     33.72    0.5075  3.3208e+00  1.4928e-01  2.2245e+01    0.8203     32.55    2.0718      3.1659    1      0
     4   2   5   250  3.3900e+22     34.18    0.5144  3.3208e+00  1.4928e-01  2.2245e+01    0.8209     32.55    2.1000      3.1953    1      0
     4   2   5   250  3.3900e+22     36.86    0.5548  3.3208e+00  8.2309e-02  4.0345e+01    0.8890     33.08    2.2286      3.5778    1      0
     4   2   5   250  3.3900e+22     39.38    0.5927  3.3208e+00  4.0573e-02  8.1848e+01    0.9372     33.41    2.3571      3.8951    1      0
     4   2   5   250  3.3900e+22     41.53    0.6250  3.3208e+00  4.0573e-02  8.1848e+01    0.9393     33.41    2.4857      4.2285    1      0
     4   2   5   250  3.3900e+22     43.90    0.6607  3.3208e+00  1.9166e-02  1.7327e+02    0.9681     33.58    2.6143      4.6870    1      0
     4   2   5   250  3.3900e+22     46.18    0.6950  3.3208e+00  8.0241e-03  4.1385e+02    0.9850     33.67    2.7428      5.1440    1      0
     4   2   5   250  3.3900e+22     48.40    0.7285  3.3208e+00  2.7583e-03  1.2039e+03    0.9940     33.71    2.8714      5.5963    1      0
     4   2   5   250  3.3900e+22     50.57    0.7611  3.3208e+00  2.7583e-03  1.2039e+03    0.9943     33.71    3.0000      6.0306    1      0
     4   2   5   250  3.3900e+22     66.44    1.0000  3.3208e+00  0.0000e+00         nan    1.0000     33.73    3.9392     10.4496    1      0
     4   2   5   350  3.3900e+22     18.68    0.2413  4.1788e+00  1.8008e+00  2.3205e+00    0.1994     25.99    1.4376      1.8762    0      0
     4   2   5   350  3.3900e+22     20.43    0.2639  4.1788e+00  1.8008e+00  2.3205e+00    0.2073     25.99    1.5724      2.1620    1      0
     4   2   5   350  3.3900e+22     22.48    0.2903  4.1788e+00  1.4176e+00  2.9478e+00    0.2939     28.41    1.5825      2.1617    1      0
     4   2   5   350  3.3900e+22     23.73    0.3064  4.1788e+00  1.4176e+00  2.9478e+00    0.2963     28.41    1.6707      2.3384    1      0
     4   2   5   350  3.3900e+22     24.91    0.3216  4.1788e+00  1.0479e+00  3.9880e+00    0.4011     30.79    1.6176      2.2428    1      0
     4   2   5   350  3.3900e+22     27.60    0.3564  4.1788e+00  7.4188e-01  5.6327e+00    0.5097     32.87    1.6791      2.2882    1      0
     4   2   5   350  3.3900e+22     27.89    0.3602  4.1788e+00  7.4188e-01  5.6327e+00    0.5149     32.87    1.6967      2.4037    1      0
     4   2   5   350  3.3900e+22     31.65    0.4087  4.1788e+00  5.2496e-01  7.9601e+00    0.6171     34.35    1.8429      2.6867    1      0
     4   2   5   350  3.3900e+22     31.77    0.4103  4.1788e+00  5.2496e-01  7.9601e+00    0.6171     34.35    1.8500      2.6867    1      0
     4   2   5   350  3.3900e+22     35.00    0.4520  4.1788e+00  3.5506e-01  1.1769e+01    0.7107     35.50    1.9714      3.0009    1      0
     4   2   5   350  3.3900e+22     37.65    0.4862  4.1788e+00  2.2879e-01  1.8265e+01    0.7909     36.37    2.0702      3.2270    1      0
     4   2   5   350  3.3900e+22     38.19    0.4932  4.1788e+00  2.2879e-01  1.8265e+01    0.7915     36.37    2.1000      3.3024    1      0
     4   2   5   350  3.3900e+22     41.23    0.5325  4.1788e+00  1.3834e-01  3.0208e+01    0.8589     37.00    2.2286      3.6268    1      0
     4   2   5   350  3.3900e+22     44.07    0.5691  4.1788e+00  8.2640e-02  5.0566e+01    0.9066     37.39    2.3571      3.9533    1      0
     4   2   5   350  3.3900e+22     46.79    0.6043  4.1788e+00  4.6034e-02  9.0776e+01    0.9422     37.65    2.4857      4.3396    1      0
     4   2   5   350  3.3900e+22     49.42    0.6382  4.1788e+00  2.3032e-02  1.8143e+02    0.9677     37.81    2.6143      4.7628    1      0
     4   2   5   350  3.3900e+22     51.97    0.6711  4.1788e+00  1.1210e-02  3.7276e+02    0.9825     37.89    2.7428      5.2335    1      0
     4   2   5   350  3.3900e+22     54.46    0.7033  4.1788e+00  5.3464e-03  7.8160e+02    0.9908     37.93    2.8714      5.7010    1      0
     4   2   5   350  3.3900e+22     56.92    0.7350  4.1788e+00  5.3464e-03  7.8160e+02    0.9911     37.93    3.0009      6.1156    1      0
     4   2   5   350  3.3900e+22     77.43    1.0000  4.1788e+00  1.6347e-06  2.5564e+06    1.0000     37.97    4.0787     11.3712    1      0
     4   2   5   500  3.3900e+22     30.17    0.3105  2.3377e+00  5.6954e-01  4.1046e+00    0.4084     38.04    1.5862      2.2210    1      0
     4   2   5   500  3.3900e+22     33.17    0.3413  2.3377e+00  4.3914e-01  5.3234e+00    0.4939     39.93    1.6615      2.3357    1      0
     4   2   5   500  3.3900e+22     33.78    0.3475  2.3377e+00  4.3914e-01  5.3234e+00    0.4968     39.93    1.6919      2.4188    1      0
     4   2   5   500  3.3900e+22     38.46    0.3957  2.3377e+00  3.2883e-01  7.1092e+00    0.5861     41.52    1.8524      2.7966    1      0
     4   2   5   500  3.3900e+22     38.53    0.3965  2.3377e+00  3.2883e-01  7.1092e+00    0.5861     41.52    1.8561      2.7966    1      0
     4   2   5   500  3.3900e+22     43.24    0.4449  2.3377e+00  1.7156e-01  1.3626e+01    0.7365     43.87    1.9714      3.0498    1      0
     4   2   5   500  3.3900e+22     45.83    0.4715  2.3377e+00  1.1900e-01  1.9646e+01    0.7986     44.66    2.0521      3.2490    1      0
     4   2   5   500  3.3900e+22     46.89    0.4825  2.3377e+00  1.1900e-01  1.9646e+01    0.7997     44.66    2.1000      3.3672    1      0
     4   2   5   500  3.3900e+22     50.45    0.5191  2.3377e+00  7.8014e-02  2.9965e+01    0.8553     45.28    2.2286      3.6902    1      0
     4   2   5   500  3.3900e+22     53.85    0.5541  2.3377e+00  5.0754e-02  4.6060e+01    0.8970     45.69    2.3572      4.0440    1      0
     4   2   5   500  3.3900e+22     57.34    0.5900  2.3377e+00  2.1022e-02  1.1120e+02    0.9491     46.14    2.4857      4.4419    1      0
     4   2   5   500  3.3900e+22     60.47    0.6222  2.3377e+00  1.2871e-02  1.8163e+02    0.9663     46.26    2.6143      4.8640    1      0
     4   2   5   500  3.3900e+22     63.55    0.6539  2.3377e+00  7.3725e-03  3.1709e+02    0.9790     46.34    2.7429      5.2784    1      0
     4   2   5   500  3.3900e+22     66.60    0.6853  2.3377e+00  4.1974e-03  5.5694e+02    0.9871     46.39    2.8714      5.7794    1      0
     4   2   5   500  3.3900e+22     69.63    0.7164  2.3377e+00  2.3654e-03  9.8831e+02    0.9922     46.42    3.0000      6.2891    1      0
     4   2   5   500  3.3900e+22     97.19    1.0000  2.3377e+00  0.0000e+00         nan    1.0000     46.45    4.1842     12.1644    1      0
     4   3   1    SD  3.3900e+22      9.56    0.2533  1.2158e+22  3.3835e+21  3.5935e+00    0.3508     13.73    1.3917      1.8969    1      0
     4   3   1    SD  3.3900e+22     10.47    0.2774  1.2158e+22  3.3835e+21  3.5935e+00    0.3508     13.73    1.5242      1.8969    1      0
     4   3   1    SD  3.3900e+22     11.61    0.3076  1.2158e+22  3.3835e+21  3.5935e+00    0.3682     13.73    1.6903      2.1983    1      0
     4   3   1    SD  3.3900e+22     12.02    0.3186  1.2158e+22  1.5442e+21  7.8733e+00    0.5540     15.90    1.5119      1.9240    1      0
     4   3   1    SD  3.3900e+22     12.98    0.3440  1.2158e+22  1.5442e+21  7.8733e+00    0.5940     15.90    1.6329      2.2341    1      0
     4   3   1    SD  3.3900e+22     13.56    0.3593  1.2158e+22  1.5442e+21  7.8733e+00    0.6109     15.90    1.7055      2.4571    1      0
     4   3   1    SD  3.3900e+22     14.80    0.3923  1.2158e+22  1.5442e+21  7.8733e+00    0.6109     15.90    1.8618      2.4571    1      0
     4   3   1    SD  3.3900e+22     15.55    0.4121  1.2158e+22  6.6007e+20  1.8420e+01    0.7771     16.94    1.8358      2.6990    1      0
     4   3   1    SD  3.3900e+22     16.70    0.4426  1.2158e+22  6.6007e+20  1.8420e+01    0.7867     16.94    1.9714      2.9058    1      0
     4   3   1    SD  3.3900e+22     17.52    0.4642  1.2158e+22  6.6007e+20  1.8420e+01    0.7921     16.94    2.0677      3.2430    1      0
     4   3   1    SD  3.3900e+22     18.04    0.4781  1.2158e+22  2.2808e+20  5.3307e+01    0.8925     17.45    2.0676      3.0958    1      0
     4   3   1    SD  3.3900e+22     19.45    0.5154  1.2158e+22  2.2808e+20  5.3307e+01    0.9080     17.45    2.2286      3.6894    1      0
     4   3   1    SD  3.3900e+22     20.57    0.5451  1.2158e+22  2.2808e+20  5.3307e+01    0.9098     17.45    2.3572      3.8973    1      0
     4   3   1    SD  3.3900e+22     21.92    0.5810  1.2158e+22  6.9044e+19  1.7610e+02    0.9657     17.64    2.4858      4.5416    1      0
     4   3   1    SD  3.3900e+22     23.06    0.6110  1.2158e+22  6.9044e+19  1.7610e+02    0.9664     17.64    2.6142      4.7435    1      0
     4   3   1    SD  3.3900e+22     24.28    0.6434  1.2158e+22  1.5227e+19  7.9846e+02    0.9899     17.70    2.7428      5.3556    1      0
     4   3   1    SD  3.3900e+22     25.41    0.6735  1.2158e+22  1.5227e+19  7.9846e+02    0.9904     17.70    2.8714      5.5539    1      0
     4   3   1    SD  3.3900e+22     26.55    0.7037  1.2158e+22  1.5227e+19  7.9846e+02    0.9910     17.70    3.0000      6.0529    1      0
     4   3   1    SD  3.3900e+22     37.73    1.0000  1.2158e+22  1.1247e+15  1.0810e+07    1.0000     17.72    4.2588     12.3854    1      0
     4   3   1   070  3.3900e+22     28.97    1.0000 -1.7086e+00         nan         nan       nan       nan       nan         nan    0      1
     4   3   1   100  3.3900e+22     30.51    1.0000 -2.3938e+00         nan         nan       nan       nan       nan         nan    0      1
     4   3   1   160  3.3900e+22     37.73    1.0000 -1.8788e-01         nan         nan       nan       nan       nan         nan    0      1
     4   3   1   250  3.3900e+22     15.92    0.3409  6.8685e+00  1.0065e+00  6.8240e+00    0.5596     19.51    1.6314      2.2456    1      0
     4   3   1   250  3.3900e+22     16.73    0.3582  6.8685e+00  1.0065e+00  6.8240e+00    0.5697     19.51    1.7143      2.4043    1      0
     4   3   1   250  3.3900e+22     18.05    0.3865  6.8685e+00  5.1052e-01  1.3454e+01    0.7113     20.62    1.7506      2.4329    1      0
     4   3   1   250  3.3900e+22     18.17    0.3891  6.8685e+00  5.1052e-01  1.3454e+01    0.7113     20.62    1.7624      2.4329    1      0
     4   3   1   250  3.3900e+22     20.35    0.4358  6.8685e+00  5.1052e-01  1.3454e+01    0.7361     20.62    1.9741      3.0165    1      0
     4   3   1   250  3.3900e+22     21.59    0.4623  6.8685e+00  2.3916e-01  2.8719e+01    0.8413     21.22    2.0345      3.0559    1      0
     4   3   1   250  3.3900e+22     22.28    0.4772  6.8685e+00  2.3916e-01  2.8719e+01    0.8490     21.22    2.1000      3.3289    1      0
     4   3   1   250  3.3900e+22     23.89    0.5116  6.8685e+00  2.3916e-01  2.8719e+01    0.8514     21.22    2.2515      3.6196    1      0
     4   3   1   250  3.3900e+22     25.40    0.5439  6.8685e+00  9.2050e-02  7.4617e+01    0.9282     21.55    2.3572      3.8865    1      0
     4   3   1   250  3.3900e+22     26.78    0.5736  6.8685e+00  9.2050e-02  7.4617e+01    0.9306     21.55    2.4857      4.2270    1      0
     4   3   1   250  3.3900e+22     28.35    0.6072  6.8685e+00  2.9369e-02  2.3387e+02    0.9725     21.69    2.6143      4.8279    1      0
     4   3   1   250  3.3900e+22     29.74    0.6370  6.8685e+00  2.9369e-02  2.3387e+02    0.9732     21.69    2.7429      5.1625    1      0
     4   3   1   250  3.3900e+22     31.20    0.6682  6.8685e+00  9.7937e-03  7.0132e+02    0.9893     21.73    2.8715      5.6947    1      0
     4   3   1   250  3.3900e+22     32.60    0.6981  6.8685e+00  9.7937e-03  7.0132e+02    0.9897     21.73    3.0000      6.2264    1      0
     4   3   1   250  3.3900e+22     46.69    1.0000  6.8685e+00  1.0128e-06  6.7820e+06    1.0000     21.75    4.2929     12.5901    1      0
     4   3   1   350  3.3900e+22     25.40    0.4288  7.1847e+00  4.9199e-01  1.4603e+01    0.7441     25.77    1.9714      2.8864    1      0
     4   3   1   350  3.3900e+22     27.31    0.4611  7.1847e+00  2.4973e-01  2.8770e+01    0.8409     26.41    2.0688      3.1259    1      0
     4   3   1   350  3.3900e+22     27.73    0.4680  7.1847e+00  2.4973e-01  2.8770e+01    0.8453     26.41    2.1000      3.3001    1      0
     4   3   1   350  3.3900e+22     29.42    0.4967  7.1847e+00  2.4973e-01  2.8770e+01    0.8483     26.41    2.2286      3.4784    1      0
     4   3   1   350  3.3900e+22     31.49    0.5316  7.1847e+00  1.2907e-01  5.5663e+01    0.9094     26.72    2.3571      3.9319    1      0
     4   3   1   350  3.3900e+22     33.43    0.5644  7.1847e+00  6.0906e-02  1.1796e+02    0.9487     26.90    2.4857      4.1982    1      0
     4   3   1   350  3.3900e+22     35.16    0.5936  7.1847e+00  6.0906e-02  1.1796e+02    0.9516     26.90    2.6143      4.7509    1      0
     4   3   1   350  3.3900e+22     37.02    0.6248  7.1847e+00  2.6884e-02  2.6724e+02    0.9751     26.99    2.7429      5.1275    1      0
     4   3   1   350  3.3900e+22     38.76    0.6542  7.1847e+00  2.6884e-02  2.6724e+02    0.9756     26.99    2.8719      5.5081    1      0
     4   3   1   350  3.3900e+22     40.55    0.6845  7.1847e+00  1.0584e-02  6.7881e+02    0.9889     27.03    3.0000      6.0784    1      0
     4   3   1   350  3.3900e+22     59.24    1.0000  7.1847e+00  3.3272e-06  2.1594e+06    1.0000     27.06    4.3783     12.7809    1      0
     4   3   1   500  3.3900e+22     40.91    0.5084  3.2195e+00  1.0930e-01  2.9456e+01    0.8512     36.72    2.2286      3.6753    1      0
     4   3   1   500  3.3900e+22     43.72    0.5432  3.2195e+00  6.7784e-02  4.7497e+01    0.8976     37.09    2.3572      4.0085    1      0
     4   3   1   500  3.3900e+22     46.41    0.5767  3.2195e+00  3.9910e-02  8.0669e+01    0.9328     37.34    2.4857      4.3308    1      0
     4   3   1   500  3.3900e+22     49.02    0.6091  3.2195e+00  2.1630e-02  1.4884e+02    0.9593     37.51    2.6143      4.7785    1      0
     4   3   1   500  3.3900e+22     51.56    0.6406  3.2195e+00  1.1658e-02  2.7617e+02    0.9755     37.60    2.7429      5.2043    1      0
     4   3   1   500  3.3900e+22     54.01    0.6711  3.2195e+00  6.2534e-03  5.1485e+02    0.9853     37.64    2.8695      5.5815    1      0
     4   3   1   500  3.3900e+22     56.47    0.7016  3.2195e+00  6.2534e-03  5.1485e+02    0.9860     37.64    3.0000      6.1308    1      0
     4   3   1   500  3.3900e+22     80.48    1.0000  3.2195e+00  3.8787e-06  8.3004e+05    1.0000     37.70    4.2696     12.2388    1      0
     4   3   2    SD  3.3900e+22      9.54    0.2241  1.1883e+22  4.8348e+21  2.4579e+00    0.2168     14.53    1.3140      1.7857    1      0
     4   3   2    SD  3.3900e+22     10.36    0.2433  1.1883e+22  4.8348e+21  2.4579e+00    0.2168     14.53    1.4264      1.7857    1      0
     4   3   2    SD  3.3900e+22     11.36    0.2667  1.1883e+22  4.8348e+21  2.4579e+00    0.2290     14.53    1.5637      2.0566    1      0
     4   3   2    SD  3.3900e+22     12.52    0.2940  1.1883e+22  2.8248e+21  4.2068e+00    0.3988     17.49    1.4318      1.9222    1      0
     4   3   2    SD  3.3900e+22     13.85    0.3251  1.1883e+22  2.8248e+21  4.2068e+00    0.4227     17.49    1.5833      2.1952    1      0
     4   3   2    SD  3.3900e+22     15.48    0.3634  1.1883e+22  1.5559e+21  7.6376e+00    0.5949     19.18    1.6140      2.2935    1      0
     4   3   2    SD  3.3900e+22     15.68    0.3683  1.1883e+22  1.5559e+21  7.6376e+00    0.5949     19.18    1.6354      2.2935    1      0
     4   3   2    SD  3.3900e+22     17.57    0.4127  1.1883e+22  1.5559e+21  7.6376e+00    0.6118     19.18    1.8328      2.7315    1      0
     4   3   2    SD  3.3900e+22     18.44    0.4331  1.1883e+22  7.3559e+20  1.6155e+01    0.7596     20.23    1.8234      2.6362    1      0
     4   3   2    SD  3.3900e+22     19.94    0.4682  1.1883e+22  7.3559e+20  1.6155e+01    0.7722     20.23    1.9715      2.9359    1      0
     4   3   2    SD  3.3900e+22     20.76    0.4875  1.1883e+22  7.3559e+20  1.6155e+01    0.7750     20.23    2.0526      3.0961    1      0
     4   3   2    SD  3.3900e+22     21.81    0.5123  1.1883e+22  3.0737e+20  3.8661e+01    0.8813     20.78    2.1000      3.2955    1      0
     4   3   2    SD  3.3900e+22     23.15    0.5436  1.1883e+22  3.0737e+20  3.8661e+01    0.8864     20.78    2.2286      3.5868    1      0
     4   3   2    SD  3.3900e+22     24.80    0.5824  1.1883e+22  9.8299e+19  1.2089e+02    0.9541     21.04    2.3571      4.0524    1      0
     4   3   2    SD  3.3900e+22     26.15    0.6141  1.1883e+22  9.8299e+19  1.2089e+02    0.9561     21.04    2.4857      4.4098    1      0
     4   3   2    SD  3.3900e+22     27.63    0.6489  1.1883e+22  2.3207e+19  5.1207e+02    0.9852     21.14    2.6142      4.6641    1      0
     4   3   2    SD  3.3900e+22     28.99    0.6808  1.1883e+22  2.3207e+19  5.1207e+02    0.9873     21.14    2.7428      5.2253    1      0
     4   3   2    SD  3.3900e+22     30.38    0.7135  1.1883e+22  5.5684e+18  2.1341e+03    0.9960     21.16    2.8715      5.7537    1      0
     4   3   2    SD  3.3900e+22     31.74    0.7454  1.1883e+22  5.5684e+18  2.1341e+03    0.9964     21.16    3.0000      6.1761    1      0
     4   3   2    SD  3.3900e+22     42.58    1.0000  1.1883e+22  0.0000e+00         nan    1.0000     21.17    4.0233     11.1668    1      0
     4   3   2   070  3.3900e+22     33.21    1.0000 -1.4993e+00         nan         nan       nan       nan       nan         nan    0      1
     4   3   2   100  3.3900e+22     35.38    1.0000 -2.1390e+00         nan         nan       nan       nan       nan         nan    0      1
     4   3   2   160  3.3900e+22     42.58    1.0000 -7.7096e-02         nan         nan       nan       nan       nan         nan    0      1
     4   3   2   250  3.3900e+22     12.26    0.2391  7.8345e+00  2.7819e+00  2.8163e+00    0.2464     18.74    1.3082      1.6331    1      0
     4   3   2   250  3.3900e+22     13.37    0.2608  7.8345e+00  2.7819e+00  2.8163e+00    0.2700     18.74    1.4270      1.8554    1      0
     4   3   2   250  3.3900e+22     14.33    0.2796  7.8345e+00  2.7819e+00  2.8163e+00    0.2806     18.74    1.5295      2.0192    1      0
     4   3   2   250  3.3900e+22     14.66    0.2860  7.8345e+00  2.7819e+00  2.8163e+00    0.2806     18.74    1.5649      2.0192    1      0
     4   3   2   250  3.3900e+22     16.20    0.3161  7.8345e+00  1.8092e+00  4.3303e+00    0.4339     20.87    1.5531      2.1889    1      0
     4   3   2   250  3.3900e+22     18.11    0.3534  7.8345e+00  1.0691e+00  7.3279e+00    0.5761     22.48    1.6113      2.1568    1      0
     4   3   2   250  3.3900e+22     18.41    0.3591  7.8345e+00  1.0691e+00  7.3279e+00    0.5857     22.48    1.6371      2.2715    1      0
     4   3   2   250  3.3900e+22     20.59    0.4017  7.8345e+00  1.0691e+00  7.3279e+00    0.6017     22.48    1.8314      2.6495    1      0
     4   3   2   250  3.3900e+22     20.91    0.4079  7.8345e+00  1.0691e+00  7.3279e+00    0.6017     22.48    1.8595      2.6495    1      0
     4   3   2   250  3.3900e+22     23.20    0.4527  7.8345e+00  5.8734e-01  1.3339e+01    0.7395     23.54    1.9714      2.9466    1      0
     4   3   2   250  3.3900e+22     24.33    0.4747  7.8345e+00  2.7341e-01  2.8655e+01    0.8484     24.23    2.0080      3.0852    1      0
     4   3   2   250  3.3900e+22     25.45    0.4964  7.8345e+00  2.7341e-01  2.8655e+01    0.8512     24.23    2.1000      3.1905    1      0
     4   3   2   250  3.3900e+22     27.10    0.5288  7.8345e+00  1.0910e-01  7.1814e+01    0.9229     24.61    2.2030      3.4420    1      0
     4   3   2   250  3.3900e+22     29.00    0.5658  7.8345e+00  1.0910e-01  7.1814e+01    0.9304     24.61    2.3571      3.9541    1      0
     4   3   2   250  3.3900e+22     30.76    0.6002  7.8345e+00  4.4050e-02  1.7786e+02    0.9662     24.75    2.4857      4.3637    1      0
     4   3   2   250  3.3900e+22     32.36    0.6313  7.8345e+00  4.4050e-02  1.7786e+02    0.9677     24.75    2.6143      4.7756    1      0
     4   3   2   250  3.3900e+22     34.04    0.6641  7.8345e+00  1.5279e-02  5.1276e+02    0.9866     24.82    2.7428      5.2169    1      0
     4   3   2   250  3.3900e+22     35.63    0.6952  7.8345e+00  1.5279e-02  5.1276e+02    0.9871     24.82    2.8714      5.6259    1      0
     4   3   2   250  3.3900e+22     37.26    0.7270  7.8345e+00  4.7358e-03  1.6543e+03    0.9953     24.84    3.0000      6.2518    1      0
     4   3   2   250  3.3900e+22     51.25    1.0000  7.8345e+00  0.0000e+00         nan    1.0000     24.85    4.1246     11.6762    1      0
     4   3   2   350  3.3900e+22     21.54    0.3395  8.8379e+00  1.4956e+00  5.9093e+00    0.5216     25.94    1.6607      2.2697    1      0
     4   3   2   350  3.3900e+22     21.80    0.3436  8.8379e+00  1.4956e+00  5.9093e+00    0.5265     25.94    1.6803      2.3607    1      0
     4   3   2   350  3.3900e+22     24.54    0.3868  8.8379e+00  9.0574e-01  9.7577e+00    0.6592     27.28    1.7991      2.5672    1      0
     4   3   2   350  3.3900e+22     24.82    0.3913  8.8379e+00  9.0574e-01  9.7577e+00    0.6626     27.28    1.8200      2.6498    1      0
     4   3   2   350  3.3900e+22     27.00    0.4256  8.8379e+00  5.0605e-01  1.7464e+01    0.7692     28.19    1.9159      2.7447    1      0
     4   3   2   350  3.3900e+22     29.53    0.4654  8.8379e+00  5.0605e-01  1.7464e+01    0.7810     28.19    2.0950      3.1306    1      0
     4   3   2   350  3.3900e+22     30.06    0.4738  8.8379e+00  2.8553e-01  3.0953e+01    0.8523     28.69    2.0958      3.1858    1      0
     4   3   2   350  3.3900e+22     31.96    0.5038  8.8379e+00  2.8553e-01  3.0953e+01    0.8588     28.69    2.2286      3.5608    1      0
     4   3   2   350  3.3900e+22     34.17    0.5387  8.8379e+00  1.4892e-01  5.9347e+01    0.9145     29.00    2.3571      3.8542    1      0
     4   3   2   350  3.3900e+22     36.24    0.5712  8.8379e+00  7.2645e-02  1.2166e+02    0.9512     29.17    2.4848      4.2178    1      0
     4   3   2   350  3.3900e+22     38.13    0.6010  8.8379e+00  7.2645e-02  1.2166e+02    0.9535     29.17    2.6143      4.6496    1      0
     4   3   2   350  3.3900e+22     40.13    0.6325  8.8379e+00  3.2079e-02  2.7550e+02    0.9762     29.26    2.7428      5.0684    1      0
     4   3   2   350  3.3900e+22     42.06    0.6630  8.8379e+00  1.3980e-02  6.3216e+02    0.9879     29.30    2.8711      5.4840    1      0
     4   3   2   350  3.3900e+22     43.95    0.6928  8.8379e+00  1.3980e-02  6.3216e+02    0.9886     29.30    3.0000      6.0163    1      0
     4   3   2   350  3.3900e+22     63.44    1.0000  8.8379e+00  0.0000e+00         nan    1.0000     29.33    4.3256     12.4367    1      0
     4   3   2   500  3.3900e+22     33.10    0.3911  4.2242e+00  4.3260e-01  9.7646e+00    0.6565     36.43    1.8176      2.5835    1      0
     4   3   2   500  3.3900e+22     33.39    0.3945  4.2242e+00  4.3260e-01  9.7646e+00    0.6583     36.43    1.8334      2.6312    1      0
     4   3   2   500  3.3900e+22     36.88    0.4357  4.2242e+00  2.9240e-01  1.4447e+01    0.7446     37.41    1.9714      3.0138    1      0
     4   3   2   500  3.3900e+22     39.41    0.4656  4.2242e+00  1.8846e-01  2.2415e+01    0.8140     38.14    2.0665      3.2060    1      0
     4   3   2   500  3.3900e+22     40.05    0.4731  4.2242e+00  1.8846e-01  2.2415e+01    0.8155     38.14    2.1000      3.2943    1      0
     4   3   2   500  3.3900e+22     43.03    0.5083  4.2242e+00  1.2114e-01  3.4870e+01    0.8693     38.62    2.2286      3.6794    1      0
     4   3   2   500  3.3900e+22     45.90    0.5423  4.2242e+00  7.4225e-02  5.6910e+01    0.9114     38.94    2.3571      4.0469    1      0
     4   3   2   500  3.3900e+22     48.68    0.5751  4.2242e+00  4.2091e-02  1.0036e+02    0.9435     39.17    2.4857      4.3602    1      0
     4   3   2   500  3.3900e+22     51.37    0.6069  4.2242e+00  2.3715e-02  1.7812e+02    0.9648     39.30    2.6143      4.8195    1      0
     4   3   2   500  3.3900e+22     53.98    0.6377  4.2242e+00  2.3715e-02  1.7812e+02    0.9656     39.30    2.7471      5.1876    1      0
     4   3   2   500  3.3900e+22     56.53    0.6678  4.2242e+00  1.3312e-02  3.1733e+02    0.9789     39.37    2.8715      5.6605    1      0
     4   3   2   500  3.3900e+22     59.12    0.6985  4.2242e+00  7.3596e-03  5.7397e+02    0.9873     39.41    3.0000      6.1675    1      0
     4   3   2   500  3.3900e+22     84.64    1.0000  4.2242e+00  0.0000e+00         nan    1.0000     39.47    4.2895     12.5354    1      0
     4   3   3    SD  3.3900e+22      9.28    0.1868  1.0378e+22  5.7067e+21  1.8186e+00    0.0974     15.04    1.2333      1.5304    0      0
     4   3   3    SD  3.3900e+22      9.87    0.1986  1.0378e+22  5.7067e+21  1.8186e+00    0.1105     15.04    1.3117      1.7212    0      0
     4   3   3    SD  3.3900e+22     10.00    0.2013  1.0378e+22  5.7067e+21  1.8186e+00    0.1105     15.04    1.3293      1.7212    0      0
     4   3   3    SD  3.3900e+22     10.88    0.2190  1.0378e+22  5.7067e+21  1.8186e+00    0.1172     15.04    1.4464      1.9727    0      0
     4   3   3    SD  3.3900e+22     11.84    0.2384  1.0378e+22  5.7067e+21  1.8186e+00    0.1172     15.04    1.5746      1.9727    0      0
     4   3   3    SD  3.3900e+22     12.21    0.2459  1.0378e+22  4.0901e+21  2.5374e+00    0.2049     18.56    1.3159      1.6542    1      0
     4   3   3    SD  3.3900e+22     12.31    0.2479  1.0378e+22  4.0901e+21  2.5374e+00    0.2049     18.56    1.3270      1.6542    1      0
     4   3   3    SD  3.3900e+22     12.96    0.2610  1.0378e+22  4.0901e+21  2.5374e+00    0.2245     18.56    1.3970      1.8800    1      0
     4   3   3    SD  3.3900e+22     14.19    0.2857  1.0378e+22  4.0901e+21  2.5374e+00    0.2332     18.56    1.5292      2.0469    1      0
     4   3   3    SD  3.3900e+22     15.64    0.3150  1.0378e+22  2.8581e+21  3.6311e+00    0.3569     20.75    1.5074      2.0631    1      0
     4   3   3    SD  3.3900e+22     17.38    0.3499  1.0378e+22  2.8581e+21  3.6311e+00    0.3670     20.75    1.6746      2.2767    1      0
     4   3   3    SD  3.3900e+22     17.96    0.3616  1.0378e+22  2.8581e+21  3.6311e+00    0.3698     20.75    1.7309      2.4389    1      0
     4   3   3    SD  3.3900e+22     19.47    0.3920  1.0378e+22  1.8492e+21  5.6123e+00    0.5168     22.55    1.7265      2.4877    1      0
     4   3   3    SD  3.3900e+22     21.30    0.4289  1.0378e+22  1.1066e+21  9.3781e+00    0.6513     23.87    1.7845      2.5217    1      0
     4   3   3    SD  3.3900e+22     22.17    0.4464  1.0378e+22  1.1066e+21  9.3781e+00    0.6614     23.87    1.8573      2.7300    1      0
     4   3   3    SD  3.3900e+22     23.72    0.4776  1.0378e+22  1.1066e+21  9.3781e+00    0.6649     23.87    1.9872      2.9611    1      0
     4   3   3    SD  3.3900e+22     25.96    0.5226  1.0378e+22  5.4961e+20  1.8883e+01    0.8031     24.90    2.0848      3.2452    1      0
     4   3   3    SD  3.3900e+22     26.15    0.5265  1.0378e+22  5.4961e+20  1.8883e+01    0.8031     24.90    2.1000      3.2452    1      0
     4   3   3    SD  3.3900e+22     28.42    0.5722  1.0378e+22  2.2442e+20  4.6245e+01    0.9027     25.50    2.2285      3.5271    1      0
     4   3   3    SD  3.3900e+22     30.36    0.6113  1.0378e+22  8.7295e+19  1.1889e+02    0.9542     25.76    2.3571      3.8563    1      0
     4   3   3    SD  3.3900e+22     32.02    0.6446  1.0378e+22  8.7295e+19  1.1889e+02    0.9572     25.76    2.4857      4.2229    1      0
     4   3   3    SD  3.3900e+22     33.82    0.6809  1.0378e+22  2.7047e+19  3.8371e+02    0.9839     25.87    2.6143      4.6413    1      0
     4   3   3    SD  3.3900e+22     35.48    0.7144  1.0378e+22  2.7047e+19  3.8371e+02    0.9849     25.87    2.7428      5.0531    1      0
     4   3   3    SD  3.3900e+22     37.20    0.7490  1.0378e+22  6.8990e+18  1.5043e+03    0.9955     25.91    2.8714      5.6051    1      0
     4   3   3    SD  3.3900e+22     38.87    0.7826  1.0378e+22  6.8990e+18  1.5043e+03    0.9956     25.91    3.0003      5.9253    1      0
     4   3   3    SD  3.3900e+22     49.66    1.0000  1.0378e+22  0.0000e+00         nan    1.0000     25.92    3.8320      9.8310    1      0
     4   3   3   070  3.3900e+22     40.37    1.0000 -1.2099e+00         nan         nan       nan       nan       nan         nan    0      1
     4   3   3   100  3.3900e+22     41.91    1.0000 -1.7477e+00         nan         nan       nan       nan       nan         nan    0      1
     4   3   3   160  3.3900e+22     17.10    0.3444  3.0246e-02  5.9320e-02  5.0988e-01    0.0813       nan       nan         nan    0      0
     4   3   3   160  3.3900e+22     17.28    0.3480  3.0246e-02  5.9320e-02  5.0988e-01    0.0813       nan       nan         nan    0      0
     4   3   3   160  3.3900e+22     17.51    0.3526  3.0246e-02  5.9320e-02  5.0988e-01    0.0838       nan       nan         nan    0      0
     4   3   3   160  3.3900e+22     17.79    0.3582  3.0246e-02  5.9320e-02  5.0988e-01    0.0838       nan       nan         nan    0      0
     4   3   3   160  3.3900e+22     18.14    0.3653  3.0246e-02  4.3125e-02  7.0136e-01    0.2049       nan       nan         nan    1      0
     4   3   3   160  3.3900e+22     18.56    0.3737  3.0246e-02  4.3125e-02  7.0136e-01    0.2146       nan       nan         nan    1      0
     4   3   3   160  3.3900e+22     19.09    0.3844  3.0246e-02  4.3125e-02  7.0136e-01    0.2220       nan       nan         nan    1      0
     4   3   3   160  3.3900e+22     19.71    0.3969  3.0246e-02  4.3125e-02  7.0136e-01    0.2285       nan       nan         nan    1      0
     4   3   3   160  3.3900e+22     20.49    0.4126  3.0246e-02  4.3125e-02  7.0136e-01    0.2321       nan       nan         nan    1      0
     4   3   3   160  3.3900e+22     21.42    0.4314  3.0246e-02  2.7813e-02  1.0875e+00    0.4103     47.52    0.9016      0.0700    1      0
     4   3   3   160  3.3900e+22     22.59    0.4549  3.0246e-02  2.7813e-02  1.0875e+00    0.4246     47.52    0.9508      0.0744    1      0
     4   3   3   160  3.3900e+22     24.03    0.4839  3.0246e-02  1.4587e-02  2.0735e+00    0.6208     50.45    0.9527      0.3644    1      0
     4   3   3   160  3.3900e+22     25.97    0.5228  3.0246e-02  1.4587e-02  2.0735e+00    0.6490     50.45    1.0294      0.4263    1      0
     4   3   3   160  3.3900e+22     28.90    0.5820  3.0246e-02  6.1955e-03  4.8820e+00    0.8230     52.35    1.1042      0.6278    1      0
     4   3   3   160  3.3900e+22     31.92    0.6427  3.0246e-02  2.4626e-03  1.2282e+01    0.9193     53.20    1.2000      0.7911    1      0
     4   3   3   160  3.3900e+22     35.59    0.7167  3.0246e-02  7.7580e-04  3.8987e+01    0.9711     53.58    1.3286      0.9724    1      0
     4   3   3   160  3.3900e+22     39.16    0.7885  3.0246e-02  3.7511e-05  8.0634e+02    0.9979     53.75    1.4571      1.2096    1      0
     4   3   3   160  3.3900e+22     42.62    0.8582  3.0246e-02  6.1988e-06  4.8794e+03    0.9996     53.76    1.5857      1.4040    1      0
     4   3   3   160  3.3900e+22     46.08    0.9278  3.0246e-02  8.5159e-07  3.5517e+04    0.9999     53.76    1.7143      1.6611    1      0
     4   3   3   160  3.3900e+22     49.53    0.9973  3.0246e-02  0.0000e+00         nan    1.0000     53.76    1.8429      1.9094    1      0
     4   3   3   160  3.3900e+22     49.66    1.0000  3.0246e-02  0.0000e+00         nan    1.0000     53.76    1.8478      1.9094    1      0
     4   3   3   250  3.3900e+22     12.37    0.2131  7.8100e+00  3.8086e+00  2.0507e+00    0.1535     19.46    1.2713      1.7018    0      0
     4   3   3   250  3.3900e+22     12.64    0.2177  7.8100e+00  3.8086e+00  2.0507e+00    0.1535     19.46    1.2989      1.7018    0      0
     4   3   3   250  3.3900e+22     13.41    0.2310  7.8100e+00  3.8086e+00  2.0507e+00    0.1581     19.46    1.3781      1.7687    0      0
     4   3   3   250  3.3900e+22     14.62    0.2518  7.8100e+00  3.8086e+00  2.0507e+00    0.1648     19.46    1.5022      1.9194    0      0
     4   3   3   250  3.3900e+22     15.95    0.2747  7.8100e+00  2.8390e+00  2.7510e+00    0.2661     22.09    1.4442      1.9048    1      0
     4   3   3   250  3.3900e+22     17.54    0.3021  7.8100e+00  2.8390e+00  2.7510e+00    0.2768     22.09    1.5884      2.2422    1      0
     4   3   3   250  3.3900e+22     18.13    0.3122  7.8100e+00  1.9908e+00  3.9231e+00    0.3870     24.37    1.4880      1.9464    1      0
     4   3   3   250  3.3900e+22     19.39    0.3339  7.8100e+00  1.9908e+00  3.9231e+00    0.4056     24.37    1.5914      2.2514    1      0
     4   3   3   250  3.3900e+22     20.96    0.3610  7.8100e+00  1.9908e+00  3.9231e+00    0.4083     24.37    1.7206      2.3675    1      0
     4   3   3   250  3.3900e+22     21.66    0.3731  7.8100e+00  1.3233e+00  5.9020e+00    0.5364     26.09    1.6608      2.3411    1      0
     4   3   3   250  3.3900e+22     24.57    0.4231  7.8100e+00  7.7568e-01  1.0069e+01    0.6772     27.50    1.7867      2.5343    1      0
     4   3   3   250  3.3900e+22     25.22    0.4343  7.8100e+00  7.7568e-01  1.0069e+01    0.6809     27.50    1.8339      2.6154    1      0
     4   3   3   250  3.3900e+22     27.81    0.4789  7.8100e+00  4.0815e-01  1.9135e+01    0.8018     28.45    1.9550      2.9293    1      0
     4   3   3   250  3.3900e+22     28.86    0.4970  7.8100e+00  4.0815e-01  1.9135e+01    0.8055     28.45    2.0288      3.0843    1      0
     4   3   3   250  3.3900e+22     29.88    0.5146  7.8100e+00  4.0815e-01  1.9135e+01    0.8064     28.45    2.1008      3.2069    1      0
     4   3   3   250  3.3900e+22     32.26    0.5556  7.8100e+00  2.1251e-01  3.6751e+01    0.8844     28.95    2.2285      3.5132    1      0
     4   3   3   250  3.3900e+22     34.47    0.5937  7.8100e+00  9.8124e-02  7.9594e+01    0.9388     29.25    2.3571      3.9614    1      0
     4   3   3   250  3.3900e+22     36.54    0.6292  7.8100e+00  4.0528e-02  1.9271e+02    0.9704     29.40    2.4857      4.3380    1      0
     4   3   3   250  3.3900e+22     38.43    0.6618  7.8100e+00  4.0528e-02  1.9271e+02    0.9716     29.40    2.6143      4.7359    1      0
     4   3   3   250  3.3900e+22     40.41    0.6959  7.8100e+00  1.4215e-02  5.4943e+02    0.9885     29.47    2.7428      5.2127    1      0
     4   3   3   250  3.3900e+22     42.34    0.7291  7.8100e+00  4.7574e-03  1.6417e+03    0.9954     29.49    2.8714      5.5780    1      0
     4   3   3   250  3.3900e+22     44.23    0.7618  7.8100e+00  4.7574e-03  1.6417e+03    0.9957     29.49    3.0000      6.0431    1      0
     4   3   3   250  3.3900e+22     58.07    1.0000  7.8100e+00  0.0000e+00         nan    1.0000     29.50    3.9365     10.5299    1      0
     4   3   3   350  3.3900e+22     18.18    0.2604  9.5808e+00  3.3268e+00  2.8798e+00    0.2739     25.38    1.4321      1.8483    1      0
     4   3   3   350  3.3900e+22     19.97    0.2860  9.5808e+00  3.3268e+00  2.8798e+00    0.2883     25.38    1.5733      2.1292    1      0
     4   3   3   350  3.3900e+22     21.56    0.3088  9.5808e+00  2.4474e+00  3.9148e+00    0.3919     27.47    1.5695      2.0997    1      0
     4   3   3   350  3.3900e+22     22.13    0.3170  9.5808e+00  2.4474e+00  3.9148e+00    0.3998     27.47    1.6108      2.2624    1      0
     4   3   3   350  3.3900e+22     24.05    0.3445  9.5808e+00  1.6538e+00  5.7931e+00    0.5147     29.36    1.6382      2.1736    1      0
     4   3   3   350  3.3900e+22     24.72    0.3541  9.5808e+00  1.6538e+00  5.7931e+00    0.5232     29.36    1.6839      2.3119    1      0
     4   3   3   350  3.3900e+22     27.68    0.3965  9.5808e+00  1.0513e+00  9.1129e+00    0.6503     30.89    1.7923      2.6030    1      0
     4   3   3   350  3.3900e+22     28.13    0.4030  9.5808e+00  1.0513e+00  9.1129e+00    0.6503     30.89    1.8214      2.6030    1      0
     4   3   3   350  3.3900e+22     31.46    0.4506  9.5808e+00  6.7049e-01  1.4289e+01    0.7494     31.91    1.9714      2.9728    1      0
     4   3   3   350  3.3900e+22     33.32    0.4774  9.5808e+00  4.0091e-01  2.3898e+01    0.8258     32.64    2.0421      3.0662    1      0
     4   3   3   350  3.3900e+22     34.27    0.4909  9.5808e+00  4.0091e-01  2.3898e+01    0.8307     32.64    2.1000      3.3329    1      0
     4   3   3   350  3.3900e+22     36.89    0.5285  9.5808e+00  2.2504e-01  4.2573e+01    0.8918     33.11    2.2286      3.6154    1      0
     4   3   3   350  3.3900e+22     39.32    0.5633  9.5808e+00  1.1612e-01  8.2509e+01    0.9359     33.40    2.3545      3.9488    1      0
     4   3   3   350  3.3900e+22     41.51    0.5947  9.5808e+00  1.1612e-01  8.2509e+01    0.9378     33.40    2.4857      4.2876    1      0
     4   3   3   350  3.3900e+22     43.86    0.6283  9.5808e+00  5.9178e-02  1.6190e+02    0.9646     33.55    2.6143      4.7592    1      0
     4   3   3   350  3.3900e+22     46.13    0.6609  9.5808e+00  2.7826e-02  3.4432e+02    0.9813     33.64    2.7429      5.2237    1      0
     4   3   3   350  3.3900e+22     48.36    0.6927  9.5808e+00  1.1352e-02  8.4398e+02    0.9911     33.68    2.8714      5.5687    1      0
     4   3   3   350  3.3900e+22     50.52    0.7238  9.5808e+00  1.1352e-02  8.4398e+02    0.9916     33.68    3.0000      6.1190    1      0
     4   3   3   350  3.3900e+22     69.81    1.0000  9.5808e+00  0.0000e+00         nan    1.0000     33.71    4.1413     11.6756    1      0
     4   3   3   500  3.3900e+22     30.52    0.3366  5.0443e+00  9.6167e-01  5.2453e+00    0.4894     36.68    1.6640      2.3242    1      0
     4   3   3   500  3.3900e+22     31.16    0.3437  5.0443e+00  9.6167e-01  5.2453e+00    0.4929     36.68    1.6992      2.4214    1      0
     4   3   3   500  3.3900e+22     35.59    0.3926  5.0443e+00  7.0783e-01  7.1264e+00    0.5869     38.26    1.8604      2.7678    1      0
     4   3   3   500  3.3900e+22     35.63    0.3930  5.0443e+00  7.0783e-01  7.1264e+00    0.5869     38.26    1.8623      2.7678    1      0
     4   3   3   500  3.3900e+22     39.96    0.4408  5.0443e+00  3.4284e-01  1.4713e+01    0.7489     40.54    1.9714      2.9759    1      0
     4   3   3   500  3.3900e+22     42.28    0.4664  5.0443e+00  2.3350e-01  2.1603e+01    0.8102     41.23    2.0513      3.1610    1      0
     4   3   3   500  3.3900e+22     43.29    0.4775  5.0443e+00  2.3350e-01  2.1603e+01    0.8132     41.23    2.1000      3.3725    1      0
     4   3   3   500  3.3900e+22     46.50    0.5130  5.0443e+00  1.5207e-01  3.3172e+01    0.8655     41.73    2.2286      3.6294    1      0
     4   3   3   500  3.3900e+22     49.63    0.5475  5.0443e+00  9.2417e-02  5.4582e+01    0.9095     42.11    2.3571      4.0186    1      0
     4   3   3   500  3.3900e+22     52.65    0.5807  5.0443e+00  5.5666e-02  9.0616e+01    0.9401     42.36    2.4857      4.4258    1      0
     4   3   3   500  3.3900e+22     55.56    0.6129  5.0443e+00  3.3493e-02  1.5061e+02    0.9608     42.51    2.6143      4.8508    1      0
     4   3   3   500  3.3900e+22     58.42    0.6444  5.0443e+00  1.9854e-02  2.5406e+02    0.9748     42.60    2.7429      5.3065    1      0
     4   3   3   500  3.3900e+22     61.24    0.6755  5.0443e+00  1.1206e-02  4.5015e+02    0.9845     42.65    2.8714      5.7539    1      0
     4   3   3   500  3.3900e+22     64.03    0.7063  5.0443e+00  5.8430e-03  8.6330e+02    0.9912     42.69    3.0000      6.2443    1      0
     4   3   3   500  3.3900e+22     90.66    1.0000  5.0443e+00  0.0000e+00         nan    1.0000     42.73    4.2435     12.4058    1      0
     4   3   4    SD  3.3900e+22      9.21    0.1555  8.2893e+21  5.5727e+21  1.4875e+00    0.0448     15.51    1.1877      1.4880    0      0
     4   3   4    SD  3.3900e+22      9.90    0.1672  8.2893e+21  5.5727e+21  1.4875e+00    0.0510     15.51    1.2770      1.6664    0      0
     4   3   4    SD  3.3900e+22     10.23    0.1727  8.2893e+21  5.5727e+21  1.4875e+00    0.0510     15.51    1.3196      1.6664    0      0
     4   3   4    SD  3.3900e+22     10.73    0.1811  8.2893e+21  5.5727e+21  1.4875e+00    0.0510     15.51    1.3837      1.6664    0      0
     4   3   4    SD  3.3900e+22     11.45    0.1932  8.2893e+21  5.5727e+21  1.4875e+00    0.0543     15.51    1.4760      1.9046    0      0
     4   3   4    SD  3.3900e+22     11.62    0.1962  8.2893e+21  5.5727e+21  1.4875e+00    0.0543     15.51    1.4990      1.9046    0      0
     4   3   4    SD  3.3900e+22     12.66    0.2138  8.2893e+21  4.5052e+21  1.8400e+00    0.1057     19.24    1.3164      1.7252    0      0
     4   3   4    SD  3.3900e+22     13.75    0.2321  8.2893e+21  4.5052e+21  1.8400e+00    0.1132     19.24    1.4296      1.9489    0      0
     4   3   4    SD  3.3900e+22     14.03    0.2369  8.2893e+21  4.5052e+21  1.8400e+00    0.1132     19.24    1.4587      1.9489    0      0
     4   3   4    SD  3.3900e+22     15.07    0.2544  8.2893e+21  3.6099e+21  2.2963e+00    0.1759     21.82    1.3813      1.8212    0      0
     4   3   4    SD  3.3900e+22     16.48    0.2782  8.2893e+21  3.6099e+21  2.2963e+00    0.1867     21.82    1.5101      2.0556    0      0
     4   3   4    SD  3.3900e+22     18.17    0.3067  8.2893e+21  2.8051e+21  2.9551e+00    0.2667     24.14    1.5053      1.9640    1      0
     4   3   4    SD  3.3900e+22     20.11    0.3395  8.2893e+21  2.8051e+21  2.9551e+00    0.2799     24.14    1.6660      2.2693    1      0
     4   3   4    SD  3.3900e+22     21.87    0.3692  8.2893e+21  2.1324e+21  3.8872e+00    0.3805     26.03    1.6804      2.4210    1      0
     4   3   4    SD  3.3900e+22     22.45    0.3790  8.2893e+21  2.1324e+21  3.8872e+00    0.3805     26.03    1.7248      2.4210    1      0
     4   3   4    SD  3.3900e+22     25.30    0.4271  8.2893e+21  1.5072e+21  5.4998e+00    0.4983     27.79    1.8208      2.5424    1      0
     4   3   4    SD  3.3900e+22     25.85    0.4363  8.2893e+21  1.5072e+21  5.4998e+00    0.5030     27.79    1.8601      2.7465    1      0
     4   3   4    SD  3.3900e+22     28.88    0.4876  8.2893e+21  9.9518e+20  8.3295e+00    0.6262     29.23    1.9763      2.8848    1      0
     4   3   4    SD  3.3900e+22     29.23    0.4935  8.2893e+21  9.9518e+20  8.3295e+00    0.6262     29.23    2.0003      2.8848    1      0
     4   3   4    SD  3.3900e+22     31.81    0.5369  8.2893e+21  6.3359e+20  1.3083e+01    0.7329     30.29    2.1000      3.0816    1      0
     4   3   4    SD  3.3900e+22     33.76    0.5698  8.2893e+21  3.5920e+20  2.3077e+01    0.8277     31.21    2.1630      3.2477    1      0
     4   3   4    SD  3.3900e+22     34.78    0.5871  8.2893e+21  3.5920e+20  2.3077e+01    0.8305     31.21    2.2286      3.3979    1      0
     4   3   4    SD  3.3900e+22     37.51    0.6332  8.2893e+21  1.7635e+20  4.7005e+01    0.9061     31.83    2.3571      3.7009    1      0
     4   3   4    SD  3.3900e+22     39.99    0.6751  8.2893e+21  7.0647e+19  1.1733e+02    0.9566     32.18    2.4857      4.0163    1      0
     4   3   4    SD  3.3900e+22     42.15    0.7114  8.2893e+21  2.5018e+19  3.3133e+02    0.9822     32.33    2.6070      4.4167    1      0
     4   3   4    SD  3.3900e+22     44.34    0.7485  8.2893e+21  2.5018e+19  3.3133e+02    0.9835     32.33    2.7429      4.8372    1      0
     4   3   4    SD  3.3900e+22     46.51    0.7850  8.2893e+21  7.1390e+18  1.1611e+03    0.9946     32.39    2.8714      5.2719    1      0
     4   3   4    SD  3.3900e+22     48.62    0.8207  8.2893e+21  1.4138e+18  5.8630e+03    0.9987     32.41    3.0000      5.8150    1      0
     4   3   4    SD  3.3900e+22     59.24    1.0000  8.2893e+21  1.6408e+15  5.0519e+06    1.0000     32.42    3.6550      8.5834    1      0
     4   3   4   070  3.3900e+22     50.35    1.0000 -9.1391e-01         nan         nan       nan       nan       nan         nan    0      1
     4   3   4   100  3.3900e+22     52.14    1.0000 -1.3325e+00         nan         nan       nan       nan       nan         nan    0      1
     4   3   4   160  3.3900e+22     14.66    0.2474  9.8060e-02  9.2633e-02  1.0586e+00    0.0275     28.15    1.0415      0.5640    0      0
     4   3   4   160  3.3900e+22     15.27    0.2578  9.8060e-02  8.0228e-02  1.2223e+00    0.0699     31.69    0.9640      0.8559    0      0
     4   3   4   160  3.3900e+22     15.88    0.2681  9.8060e-02  8.0228e-02  1.2223e+00    0.0742     31.69    1.0023      0.8863    0      0
     4   3   4   160  3.3900e+22     16.59    0.2800  9.8060e-02  8.0228e-02  1.2223e+00    0.0774     31.69    1.0471      0.9263    0      0
     4   3   4   160  3.3900e+22     17.42    0.2941  9.8060e-02  8.0228e-02  1.2223e+00    0.0784     31.69    1.0995      0.9520    0      0
     4   3   4   160  3.3900e+22     18.33    0.3094  9.8060e-02  6.5698e-02  1.4926e+00    0.1528     35.20    1.0413      1.0619    0      0
     4   3   4   160  3.3900e+22     19.36    0.3268  9.8060e-02  6.5698e-02  1.4926e+00    0.1599     35.20    1.1000      1.1492    0      0
     4   3   4   160  3.3900e+22     20.52    0.3465  9.8060e-02  6.5698e-02  1.4926e+00    0.1617     35.20    1.1662      1.2027    0      0
     4   3   4   160  3.3900e+22     21.90    0.3698  9.8060e-02  5.1400e-02  1.9078e+00    0.2647     38.27    1.1447      1.2927    1      0
     4   3   4   160  3.3900e+22     23.50    0.3967  9.8060e-02  5.1400e-02  1.9078e+00    0.2676     38.27    1.2281      1.3944    1      0
     4   3   4   160  3.3900e+22     24.15    0.4076  9.8060e-02  3.6888e-02  2.6583e+00    0.3861     41.27    1.1704      1.2934    1      0
     4   3   4   160  3.3900e+22     25.41    0.4289  9.8060e-02  3.6888e-02  2.6583e+00    0.3988     41.27    1.2315      1.4048    1      0
     4   3   4   160  3.3900e+22     27.75    0.4685  9.8060e-02  2.4476e-02  4.0065e+00    0.5459     43.86    1.2656      1.5473    1      0
     4   3   4   160  3.3900e+22     30.27    0.5109  9.8060e-02  1.5535e-02  6.3121e+00    0.6732     45.73    1.3236      1.6509    1      0
     4   3   4   160  3.3900e+22     30.73    0.5187  9.8060e-02  1.5535e-02  6.3121e+00    0.6759     45.73    1.3437      1.6849    1      0
     4   3   4   160  3.3900e+22     34.36    0.5800  9.8060e-02  8.7279e-03  1.1235e+01    0.7988     47.16    1.4572      1.9510    1      0
     4   3   4   160  3.3900e+22     34.91    0.5892  9.8060e-02  8.7279e-03  1.1235e+01    0.7988     47.16    1.4803      1.9510    1      0
     4   3   4   160  3.3900e+22     38.14    0.6439  9.8060e-02  4.2207e-03  2.3233e+01    0.8912     48.11    1.5857      2.2034    1      0
     4   3   4   160  3.3900e+22     41.69    0.7037  9.8060e-02  1.6545e-03  5.9268e+01    0.9521     48.64    1.7143      2.5217    1      0
     4   3   4   160  3.3900e+22     45.04    0.7602  9.8060e-02  1.5865e-04  6.1810e+02    0.9937     48.95    1.8402      2.8946    1      0
     4   3   4   160  3.3900e+22     48.27    0.8149  9.8060e-02  3.0366e-05  3.2293e+03    0.9986     48.97    1.9714      3.2748    1      0
     4   3   4   160  3.3900e+22     51.43    0.8681  9.8060e-02  4.8610e-06  2.0173e+04    0.9998     48.98    2.1000      3.7920    1      0
     4   3   4   160  3.3900e+22     54.58    0.9213  9.8060e-02  6.9031e-07  1.4205e+05    1.0000     48.98    2.2286      4.2303    1      0
     4   3   4   160  3.3900e+22     57.73    0.9744  9.8060e-02  3.2584e-08  3.0095e+06    1.0000     48.98    2.3571      4.7828    1      0
     4   3   4   160  3.3900e+22     59.24    1.0000  9.8060e-02  3.2584e-08  3.0095e+06    1.0000     48.98    2.4190      4.9779    1      0
     4   3   4   250  3.3900e+22     12.89    0.1905  6.9462e+00  4.2680e+00  1.6275e+00    0.0802     19.83    1.2997      1.7246    0      0
     4   3   4   250  3.3900e+22     13.93    0.2060  6.9462e+00  4.2680e+00  1.6275e+00    0.0838     19.83    1.4052      1.8685    0      0
     4   3   4   250  3.3900e+22     14.01    0.2072  6.9462e+00  4.2680e+00  1.6275e+00    0.0838     19.83    1.4133      1.8685    0      0
     4   3   4   250  3.3900e+22     15.19    0.2246  6.9462e+00  3.5292e+00  1.9682e+00    0.1355     22.79    1.3332      1.7294    0      0
     4   3   4   250  3.3900e+22     16.50    0.2439  6.9462e+00  3.5292e+00  1.9682e+00    0.1444     22.79    1.4476      1.9433    0      0
     4   3   4   250  3.3900e+22     18.04    0.2667  6.9462e+00  2.8243e+00  2.4595e+00    0.2146     25.48    1.4160      1.8379    1      0
     4   3   4   250  3.3900e+22     19.76    0.2921  6.9462e+00  2.8243e+00  2.4595e+00    0.2262     25.48    1.5509      2.1139    1      0
     4   3   4   250  3.3900e+22     21.79    0.3221  6.9462e+00  2.2039e+00  3.1518e+00    0.3161     27.75    1.5702      2.1475    1      0
     4   3   4   250  3.3900e+22     24.16    0.3572  6.9462e+00  1.6071e+00  4.3221e+00    0.4213     29.94    1.6142      2.1144    1      0
     4   3   4   250  3.3900e+22     25.29    0.3739  6.9462e+00  1.6071e+00  4.3221e+00    0.4319     29.94    1.6894      2.3137    1      0
     4   3   4   250  3.3900e+22     27.03    0.3996  6.9462e+00  1.1108e+00  6.2535e+00    0.5433     31.94    1.6924      2.3015    1      0
     4   3   4   250  3.3900e+22     29.78    0.4403  6.9462e+00  1.1108e+00  6.2535e+00    0.5572     31.94    1.8645      2.7053    1      0
     4   3   4   250  3.3900e+22     30.69    0.4538  6.9462e+00  7.5667e-01  9.1800e+00    0.6574     33.38    1.8388      2.6552    1      0
     4   3   4   250  3.3900e+22     33.52    0.4956  6.9462e+00  4.8044e-01  1.4458e+01    0.7531     34.50    1.9430      2.7992    1      0
     4   3   4   250  3.3900e+22     35.94    0.5313  6.9462e+00  4.8044e-01  1.4458e+01    0.7605     34.50    2.0831      3.1467    1      0
     4   3   4   250  3.3900e+22     37.08    0.5482  6.9462e+00  2.8100e-01  2.4720e+01    0.8411     35.31    2.1000      3.2283    1      0
     4   3   4   250  3.3900e+22     39.96    0.5907  6.9462e+00  1.4694e-01  4.7272e+01    0.9059     35.86    2.2286      3.5153    1      0
     4   3   4   250  3.3900e+22     42.62    0.6302  6.9462e+00  7.3076e-02  9.5055e+01    0.9477     36.17    2.3571      3.8880    1      0
     4   3   4   250  3.3900e+22     45.07    0.6663  6.9462e+00  3.2075e-02  2.1656e+02    0.9740     36.34    2.4803      4.2626    1      0
     4   3   4   250  3.3900e+22     47.50    0.7023  6.9462e+00  3.2075e-02  2.1656e+02    0.9753     36.34    2.6143      4.7609    1      0
     4   3   4   250  3.3900e+22     49.96    0.7386  6.9462e+00  1.1561e-02  6.0081e+02    0.9900     36.43    2.7429      5.2025    1      0
     4   3   4   250  3.3900e+22     52.35    0.7739  6.9462e+00  3.8479e-03  1.8052e+03    0.9962     36.46    2.8714      5.6008    1      0
     4   3   4   250  3.3900e+22     54.71    0.8088  6.9462e+00  1.2042e-03  5.7685e+03    0.9987     36.47    3.0000      6.1310    1      0
     4   3   4   250  3.3900e+22     67.64    1.0000  6.9462e+00  0.0000e+00         nan    1.0000     36.48    3.7085      9.3948    1      0
     4   3   4   350  3.3900e+22     18.12    0.2278  9.1142e+00  4.3052e+00  2.1170e+00    0.1644     26.27    1.3799      1.7690    0      0
     4   3   4   350  3.3900e+22     19.74    0.2482  9.1142e+00  4.3052e+00  2.1170e+00    0.1738     26.27    1.5031      2.0285    0      0
     4   3   4   350  3.3900e+22     21.22    0.2667  9.1142e+00  3.4809e+00  2.6184e+00    0.2463     28.84    1.4713      1.9709    1      0
     4   3   4   350  3.3900e+22     21.63    0.2719  9.1142e+00  3.4809e+00  2.6184e+00    0.2463     28.84    1.5000      1.9709    1      0
     4   3   4   350  3.3900e+22     23.78    0.2989  9.1142e+00  3.4809e+00  2.6184e+00    0.2540     28.84    1.6488      2.2907    1      0
     4   3   4   350  3.3900e+22     26.32    0.3309  9.1142e+00  2.6597e+00  3.4268e+00    0.3539     31.49    1.6716      2.3525    1      0
     4   3   4   350  3.3900e+22     29.44    0.3701  9.1142e+00  1.9544e+00  4.6635e+00    0.4614     33.82    1.7407      2.4334    1      0
     4   3   4   350  3.3900e+22     30.09    0.3782  9.1142e+00  1.4319e+00  6.3651e+00    0.5514     35.55    1.6924      2.3636    1      0
     4   3   4   350  3.3900e+22     33.49    0.4210  9.1142e+00  1.0051e+00  9.0678e+00    0.6491     36.97    1.8117      2.5741    1      0
     4   3   4   350  3.3900e+22     33.88    0.4258  9.1142e+00  1.0051e+00  9.0678e+00    0.6523     36.97    1.8325      2.6682    1      0
     4   3   4   350  3.3900e+22     37.54    0.4719  9.1142e+00  6.7262e-01  1.3550e+01    0.7422     38.08    1.9715      2.9768    1      0
     4   3   4   350  3.3900e+22     39.50    0.4966  9.1142e+00  4.2308e-01  2.1542e+01    0.8174     38.91    2.0303      3.1469    1      0
     4   3   4   350  3.3900e+22     40.86    0.5136  9.1142e+00  4.2308e-01  2.1542e+01    0.8201     38.91    2.1000      3.3636    1      0
     4   3   4   350  3.3900e+22     43.96    0.5526  9.1142e+00  2.6205e-01  3.4780e+01    0.8768     39.45    2.2286      3.6364    1      0
     4   3   4   350  3.3900e+22     46.93    0.5899  9.1142e+00  1.5126e-01  6.0255e+01    0.9214     39.82    2.3572      4.0036    1      0
     4   3   4   350  3.3900e+22     49.79    0.6259  9.1142e+00  7.8550e-02  1.1603e+02    0.9546     40.06    2.4857      4.4023    1      0
     4   3   4   350  3.3900e+22     52.53    0.6604  9.1142e+00  3.9539e-02  2.3051e+02    0.9748     40.19    2.6143      4.8479    1      0
     4   3   4   350  3.3900e+22     55.21    0.6940  9.1142e+00  1.9425e-02  4.6919e+02    0.9864     40.26    2.7428      5.2753    1      0
     4   3   4   350  3.3900e+22     57.85    0.7272  9.1142e+00  9.1887e-03  9.9189e+02    0.9930     40.29    2.8714      5.7762    1      0
     4   3   4   350  3.3900e+22     60.46    0.7600  9.1142e+00  4.0029e-03  2.2769e+03    0.9966     40.31    3.0000      6.2670    1      0
     4   3   4   350  3.3900e+22     79.55    1.0000  9.1142e+00  0.0000e+00         nan    1.0000     40.32    3.9458     10.7755    1      0
     4   3   4   500  3.3900e+22     28.21    0.2834  5.3337e+00  1.7852e+00  2.9877e+00    0.2985     36.38    1.5506      2.1246    1      0
     4   3   4   500  3.3900e+22     31.23    0.3138  5.3337e+00  1.4360e+00  3.7142e+00    0.3786     38.68    1.6147      2.2646    1      0
     4   3   4   500  3.3900e+22     34.95    0.3511  5.3337e+00  1.1263e+00  4.7354e+00    0.4639     40.72    1.7165      2.4633    1      0
     4   3   4   500  3.3900e+22     35.04    0.3521  5.3337e+00  1.1263e+00  4.7354e+00    0.4644     40.72    1.7210      2.5070    1      0
     4   3   4   500  3.3900e+22     39.84    0.4004  5.3337e+00  6.3330e-01  8.4221e+00    0.6301     44.02    1.8103      2.6610    1      0
     4   3   4   500  3.3900e+22     40.56    0.4076  5.3337e+00  6.3330e-01  8.4221e+00    0.6322     44.02    1.8428      2.7674    1      0
     4   3   4   500  3.3900e+22     44.85    0.4507  5.3337e+00  4.6590e-01  1.1448e+01    0.7048     45.15    1.9867      3.1055    1      0
     4   3   4   500  3.3900e+22     47.27    0.4750  5.3337e+00  3.2971e-01  1.6177e+01    0.7707     46.08    2.0519      3.2543    1      0
     4   3   4   500  3.3900e+22     49.16    0.4939  5.3337e+00  2.2100e-01  2.4135e+01    0.8296     46.81    2.1000      3.3594    1      0
     4   3   4   500  3.3900e+22     52.73    0.5298  5.3337e+00  1.4685e-01  3.6319e+01    0.8767     47.32    2.2286      3.7133    1      0
     4   3   4   500  3.3900e+22     56.16    0.5644  5.3337e+00  9.7018e-02  5.4976e+01    0.9118     47.65    2.3572      4.0790    1      0
     4   3   4   500  3.3900e+22     59.51    0.5980  5.3337e+00  6.3268e-02  8.4302e+01    0.9379     47.88    2.4857      4.4550    1      0
     4   3   4   500  3.3900e+22     62.82    0.6313  5.3337e+00  3.9501e-02  1.3502e+02    0.9581     48.04    2.6153      4.8797    1      0
     4   3   4   500  3.3900e+22     66.06    0.6638  5.3337e+00  1.3412e-02  3.9767e+02    0.9829     48.21    2.7407      5.2969    1      0
     4   3   4   500  3.3900e+22     69.27    0.6960  5.3337e+00  7.6980e-03  6.9287e+02    0.9896     48.24    2.8714      5.8501    1      0
     4   3   4   500  3.3900e+22     72.40    0.7275  5.3337e+00  4.1806e-03  1.2758e+03    0.9939     48.27    2.9999      6.3267    1      0
     4   3   4   500  3.3900e+22     99.52    1.0000  5.3337e+00  0.0000e+00         nan    1.0000     48.29    4.1213     11.8945    1      0
     4   3   5    SD  3.3900e+22      9.20    0.1249  6.1499e+21  4.7759e+21  1.2877e+00    0.0188     15.98    1.1512      1.4476    0      0
     4   3   5    SD  3.3900e+22     11.74    0.1594  6.1499e+21  4.7759e+21  1.2877e+00    0.0229     15.98    1.4687      1.8396    0      0
     4   3   5    SD  3.3900e+22     11.94    0.1621  6.1499e+21  4.7759e+21  1.2877e+00    0.0229     15.98    1.4936      1.8396    0      0
     4   3   5    SD  3.3900e+22     12.71    0.1727  6.1499e+21  4.1656e+21  1.4763e+00    0.0467     19.88    1.2791      1.6532    0      0
     4   3   5    SD  3.3900e+22     13.76    0.1868  6.1499e+21  4.1656e+21  1.4763e+00    0.0502     19.88    1.3838      1.8604    0      0
     4   3   5    SD  3.3900e+22     15.00    0.2037  6.1499e+21  4.1656e+21  1.4763e+00    0.0502     19.88    1.5087      1.8604    0      0
     4   3   5    SD  3.3900e+22     16.26    0.2208  6.1499e+21  3.6058e+21  1.7056e+00    0.0872     22.90    1.4203      1.9295    0      0
     4   3   5    SD  3.3900e+22     17.73    0.2408  6.1499e+21  3.6058e+21  1.7056e+00    0.0887     22.90    1.5489      2.1317    0      0
     4   3   5    SD  3.3900e+22     19.36    0.2630  6.1499e+21  3.0593e+21  2.0102e+00    0.1383     25.68    1.5079      2.0882    0      0
     4   3   5    SD  3.3900e+22     21.29    0.2890  6.1499e+21  2.5639e+21  2.3986e+00    0.1938     28.12    1.5140      2.0319    0      0
     4   3   5    SD  3.3900e+22     23.46    0.3186  6.1499e+21  2.5639e+21  2.3986e+00    0.1997     28.12    1.6689      2.3633    0      0
     4   3   5    SD  3.3900e+22     26.01    0.3532  6.1499e+21  2.0725e+21  2.9674e+00    0.2759     30.58    1.7010      2.4294    1      0
     4   3   5    SD  3.3900e+22     27.24    0.3699  6.1499e+21  1.6467e+21  3.7345e+00    0.3520     32.86    1.6579      2.2776    1      0
     4   3   5    SD  3.3900e+22     29.08    0.3949  6.1499e+21  1.6467e+21  3.7345e+00    0.3586     32.86    1.7695      2.5095    1      0
     4   3   5    SD  3.3900e+22     32.97    0.4477  6.1499e+21  1.3156e+21  4.6746e+00    0.4392     34.64    1.9034      2.8006    1      0
     4   3   5    SD  3.3900e+22     33.27    0.4517  6.1499e+21  1.0249e+21  6.0003e+00    0.5156     36.20    1.8377      2.6102    1      0
     4   3   5    SD  3.3900e+22     36.38    0.4940  6.1499e+21  7.7159e+20  7.9704e+00    0.6022     37.59    1.9355      2.8325    1      0
     4   3   5    SD  3.3900e+22     37.82    0.5135  6.1499e+21  7.7159e+20  7.9704e+00    0.6061     37.59    2.0119      3.0082    1      0
     4   3   5    SD  3.3900e+22     40.74    0.5532  6.1499e+21  5.5211e+20  1.1139e+01    0.6918     38.80    2.1000      3.1846    1      0
     4   3   5    SD  3.3900e+22     44.27    0.6011  6.1499e+21  3.8303e+20  1.6056e+01    0.7689     39.73    2.2286      3.4430    1      0
     4   3   5    SD  3.3900e+22     44.47    0.6038  6.1499e+21  3.8303e+20  1.6056e+01    0.7691     39.73    2.2386      3.4830    1      0
     4   3   5    SD  3.3900e+22     47.77    0.6486  6.1499e+21  2.4071e+20  2.5549e+01    0.8424     40.51    2.3584      3.7940    1      0
     4   3   5    SD  3.3900e+22     51.57    0.7003  6.1499e+21  6.0558e+19  1.0155e+02    0.9510     41.50    2.4857      4.0748    1      0
     4   3   5    SD  3.3900e+22     54.49    0.7400  6.1499e+21  2.5306e+19  2.4302e+02    0.9776     41.69    2.6143      4.4483    1      0
     4   3   5    SD  3.3900e+22     57.26    0.7775  6.1499e+21  9.0971e+18  6.7603e+02    0.9910     41.78    2.7410      4.8053    1      0
     4   3   5    SD  3.3900e+22     60.01    0.8148  6.1499e+21  2.6466e+18  2.3237e+03    0.9971     41.81    2.8701      5.2855    1      0
     4   3   5    SD  3.3900e+22     62.72    0.8517  6.1499e+21  2.6466e+18  2.3237e+03    0.9974     41.81    3.0000      5.7552    1      0
     4   3   5    SD  3.3900e+22     73.64    1.0000  6.1499e+21  2.0648e+14  2.9785e+07    1.0000     41.83    3.5211      7.9405    1      0
     4   3   5   070  3.3900e+22     65.14    1.0000 -6.5378e-01         nan         nan       nan       nan       nan         nan    0      1
     4   3   5   100  3.3900e+22     66.61    1.0000 -9.6131e-01         nan         nan       nan       nan       nan         nan    0      1
     4   3   5   160  3.3900e+22     15.72    0.2135  9.1126e-02  7.6575e-02  1.1900e+00    0.0447     30.62    1.0269      1.0846    0      0
     4   3   5   160  3.3900e+22     16.44    0.2232  9.1126e-02  7.6575e-02  1.1900e+00    0.0466     30.62    1.0736      1.1338    0      0
     4   3   5   160  3.3900e+22     17.25    0.2342  9.1126e-02  7.6575e-02  1.1900e+00    0.0472     30.62    1.1267      1.1655    0      0
     4   3   5   160  3.3900e+22     18.18    0.2468  9.1126e-02  6.6235e-02  1.3758e+00    0.0918     34.44    1.0555      1.1463    0      0
     4   3   5   160  3.3900e+22     19.14    0.2600  9.1126e-02  6.6235e-02  1.3758e+00    0.0974     34.44    1.1117      1.2334    0      0
     4   3   5   160  3.3900e+22     20.22    0.2746  9.1126e-02  6.6235e-02  1.3758e+00    0.1008     34.44    1.1741      1.3398    0      0
     4   3   5   160  3.3900e+22     21.47    0.2915  9.1126e-02  5.5059e-02  1.6551e+00    0.1681     38.02    1.1293      1.2920    0      0
     4   3   5   160  3.3900e+22     22.80    0.3096  9.1126e-02  5.5059e-02  1.6551e+00    0.1736     38.02    1.1991      1.3759    0      0
     4   3   5   160  3.3900e+22     23.73    0.3222  9.1126e-02  5.5059e-02  1.6551e+00    0.1757     38.02    1.2481      1.4820    0      0
     4   3   5   160  3.3900e+22     24.38    0.3311  9.1126e-02  4.2849e-02  2.1267e+00    0.2726     41.56    1.1733      1.4114    1      0
     4   3   5   160  3.3900e+22     26.23    0.3561  9.1126e-02  4.2849e-02  2.1267e+00    0.2796     41.56    1.2620      1.5565    1      0
     4   3   5   160  3.3900e+22     28.43    0.3860  9.1126e-02  3.1916e-02  2.8552e+00    0.3943     44.53    1.2767      1.6009    1      0
     4   3   5   160  3.3900e+22     30.60    0.4156  9.1126e-02  2.3552e-02  3.8691e+00    0.5018     46.78    1.3085      1.6774    1      0
     4   3   5   160  3.3900e+22     31.21    0.4238  9.1126e-02  2.3552e-02  3.8691e+00    0.5038     46.78    1.3345      1.7110    1      0
     4   3   5   160  3.3900e+22     34.86    0.4734  9.1126e-02  1.6545e-02  5.5079e+00    0.6157     48.60    1.4345      1.9076    1      0
     4   3   5   160  3.3900e+22     35.95    0.4882  9.1126e-02  1.6545e-02  5.5079e+00    0.6171     48.60    1.4795      1.9757    1      0
     4   3   5   160  3.3900e+22     40.15    0.5452  9.1126e-02  6.6049e-03  1.3797e+01    0.8104     51.04    1.5731      2.1889    1      0
     4   3   5   160  3.3900e+22     40.47    0.5496  9.1126e-02  6.6049e-03  1.3797e+01    0.8118     51.04    1.5857      2.2474    1      0
     4   3   5   160  3.3900e+22     44.34    0.6022  9.1126e-02  3.7872e-03  2.4062e+01    0.8824     51.74    1.7143      2.5216    1      0
     4   3   5   160  3.3900e+22     48.37    0.6568  9.1126e-02  7.1971e-04  1.2661e+02    0.9711     52.49    1.8428      2.8037    1      0
     4   3   5   160  3.3900e+22     51.86    0.7043  9.1126e-02  2.1588e-04  4.2212e+02    0.9908     52.61    1.9714      3.2573    1      0
     4   3   5   160  3.3900e+22     55.29    0.7508  9.1126e-02  4.1356e-05  2.2034e+03    0.9981     52.66    2.1000      3.6496    1      0
     4   3   5   160  3.3900e+22     58.69    0.7969  9.1126e-02 -1.9185e-06         nan    1.0001     52.67    2.2286      4.0940    1      0
     4   3   5   160  3.3900e+22     59.83    0.8124  9.1126e-02 -1.9185e-06         nan    1.0001     52.67    2.2719      4.2439    1      0
     4   3   5   160  3.3900e+22     62.07    0.8429  9.1126e-02 -4.7466e-06         nan    1.0002     52.67    2.3572      4.4343    1      0
     4   3   5   160  3.3900e+22     65.46    0.8889  9.1126e-02 -2.1550e-06         nan    1.0001     52.67    2.4857      4.3938    1      0
     4   3   5   160  3.3900e+22     68.84    0.9348  9.1126e-02 -5.3776e-07         nan    1.0000     52.67    2.6143      4.3395    1      0
     4   3   5   160  3.3900e+22     72.23    0.9808  9.1126e-02 -1.9849e-09         nan    1.0000     52.67    2.7428      4.2987    1      0
     4   3   5   160  3.3900e+22     73.64    1.0000  9.1126e-02 -1.9849e-09         nan    1.0000     52.67    2.7965      4.2987    1      0
     4   3   5   250  3.3900e+22     12.72    0.1560  5.5266e+00  4.0034e+00  1.3805e+00    0.0361     20.23    1.2575      1.6165    0      0
     4   3   5   250  3.3900e+22     13.29    0.1630  5.5266e+00  4.0034e+00  1.3805e+00    0.0372     20.23    1.3137      1.6777    0      0
     4   3   5   250  3.3900e+22     13.72    0.1683  5.5266e+00  4.0034e+00  1.3805e+00    0.0389     20.23    1.3566      1.8148    0      0
     4   3   5   250  3.3900e+22     14.90    0.1827  5.5266e+00  4.0034e+00  1.3805e+00    0.0389     20.23    1.4730      1.8148    0      0
     4   3   5   250  3.3900e+22     16.12    0.1977  5.5266e+00  3.5312e+00  1.5651e+00    0.0678     23.52    1.3704      1.7603    0      0
     4   3   5   250  3.3900e+22     17.46    0.2142  5.5266e+00  3.5312e+00  1.5651e+00    0.0702     23.52    1.4847      1.9274    0      0
     4   3   5   250  3.3900e+22     19.01    0.2332  5.5266e+00  3.0513e+00  1.8112e+00    0.1121     26.51    1.4342      1.9134    0      0
     4   3   5   250  3.3900e+22     20.69    0.2537  5.5266e+00  3.0513e+00  1.8112e+00    0.1147     26.51    1.5607      2.1006    0      0
     4   3   5   250  3.3900e+22     22.61    0.2773  5.5266e+00  2.5985e+00  2.1269e+00    0.1676     29.28    1.5444      2.0763    0      0
     4   3   5   250  3.3900e+22     24.83    0.3045  5.5266e+00  2.1330e+00  2.5910e+00    0.2373     32.21    1.5421      2.1226    1      0
     4   3   5   250  3.3900e+22     25.01    0.3067  5.5266e+00  2.1330e+00  2.5910e+00    0.2373     32.21    1.5532      2.1226    1      0
     4   3   5   250  3.3900e+22     27.47    0.3368  5.5266e+00  1.7176e+00  3.2176e+00    0.3133     34.85    1.5764      2.1310    1      0
     4   3   5   250  3.3900e+22     30.57    0.3749  5.5266e+00  1.3866e+00  3.9858e+00    0.3931     36.93    1.6554      2.2984    1      0
     4   3   5   250  3.3900e+22     31.38    0.3848  5.5266e+00  1.3866e+00  3.9858e+00    0.3973     36.93    1.6990      2.4424    1      0
     4   3   5   250  3.3900e+22     34.34    0.4212  5.5266e+00  1.0916e+00  5.0629e+00    0.4807     38.78    1.7712      2.6085    1      0
     4   3   5   250  3.3900e+22     36.26    0.4447  5.5266e+00  8.3234e-01  6.6398e+00    0.5626     40.40    1.7953      2.6055    1      0
     4   3   5   250  3.3900e+22     39.19    0.4806  5.5266e+00  6.0800e-01  9.0897e+00    0.6496     41.80    1.8752      2.7715    1      0
     4   3   5   250  3.3900e+22     41.37    0.5073  5.5266e+00  6.0800e-01  9.0897e+00    0.6538     41.80    1.9792      2.9963    1      0
     4   3   5   250  3.3900e+22     46.04    0.5646  5.5266e+00  2.9306e-01  1.8858e+01    0.8015     43.87    2.0986      3.2844    1      0
     4   3   5   250  3.3900e+22     46.07    0.5650  5.5266e+00  2.9306e-01  1.8858e+01    0.8015     43.87    2.1000      3.2844    1      0
     4   3   5   250  3.3900e+22     49.74    0.6101  5.5266e+00  1.7712e-01  3.1202e+01    0.8688     44.64    2.2286      3.5933    1      0
     4   3   5   250  3.3900e+22     53.21    0.6525  5.5266e+00  1.0084e-01  5.4808e+01    0.9187     45.15    2.3571      3.9228    1      0
     4   3   5   250  3.3900e+22     56.49    0.6928  5.5266e+00  5.4425e-02  1.0154e+02    0.9525     45.46    2.4857      4.2790    1      0
     4   3   5   250  3.3900e+22     59.66    0.7316  5.5266e+00  2.7335e-02  2.0218e+02    0.9742     45.63    2.6145      4.6894    1      0
     4   3   5   250  3.3900e+22     62.75    0.7695  5.5266e+00  1.2158e-02  4.5457e+02    0.9876     45.74    2.7441      5.1336    1      0
     4   3   5   250  3.3900e+22     65.75    0.8063  5.5266e+00  4.4689e-03  1.2367e+03    0.9950     45.79    2.8719      5.5496    1      0
     4   3   5   250  3.3900e+22     68.71    0.8426  5.5266e+00  1.5158e-03  3.6459e+03    0.9982     45.81    3.0001      6.1299    1      0
     4   3   5   250  3.3900e+22     81.54    1.0000  5.5266e+00  0.0000e+00         nan    1.0000     45.82    3.5595      8.6146    1      0
     4   3   5   350  3.3900e+22     18.71    0.2013  7.6764e+00  4.5779e+00  1.6768e+00    0.0891     26.92    1.3899      1.7914    0      0
     4   3   5   350  3.3900e+22     20.28    0.2182  7.6764e+00  4.5779e+00  1.6768e+00    0.0930     26.92    1.5067      2.0569    0      0
     4   3   5   350  3.3900e+22     22.08    0.2375  7.6764e+00  3.9671e+00  1.9350e+00    0.1382     29.91    1.4766      2.0221    0      0
     4   3   5   350  3.3900e+22     24.11    0.2594  7.6764e+00  3.3208e+00  2.3116e+00    0.1937     33.11    1.4564      1.8857    0      0
     4   3   5   350  3.3900e+22     26.43    0.2842  7.6764e+00  3.3208e+00  2.3116e+00    0.2021     33.11    1.5962      2.2111    1      0
     4   3   5   350  3.3900e+22     29.13    0.3133  7.6764e+00  2.7276e+00  2.8143e+00    0.2741     36.05    1.6160      2.2518    1      0
     4   3   5   350  3.3900e+22     29.61    0.3185  7.6764e+00  2.7276e+00  2.8143e+00    0.2746     36.05    1.6428      2.3094    1      0
     4   3   5   350  3.3900e+22     32.38    0.3483  7.6764e+00  2.2422e+00  3.4235e+00    0.3474     38.37    1.6879      2.4304    1      0
     4   3   5   350  3.3900e+22     35.07    0.3773  7.6764e+00  1.8015e+00  4.2611e+00    0.4258     40.47    1.7335      2.5199    1      0
     4   3   5   350  3.3900e+22     36.33    0.3907  7.6764e+00  1.4087e+00  5.4492e+00    0.5039     42.35    1.7156      2.4622    1      0
     4   3   5   350  3.3900e+22     40.57    0.4364  7.6764e+00  1.0657e+00  7.2033e+00    0.5913     44.03    1.8428      2.7464    1      0
     4   3   5   350  3.3900e+22     41.37    0.4449  7.6764e+00  1.0657e+00  7.2033e+00    0.5922     44.03    1.8789      2.8180    1      0
     4   3   5   350  3.3900e+22     45.42    0.4885  7.6764e+00  5.7608e-01  1.3325e+01    0.7363     46.44    1.9561      2.9763    1      0
     4   3   5   350  3.3900e+22     48.76    0.5244  7.6764e+00  3.8738e-01  1.9816e+01    0.8055     47.36    2.0587      3.1936    1      0
     4   3   5   350  3.3900e+22     49.73    0.5349  7.6764e+00  3.8738e-01  1.9816e+01    0.8074     47.36    2.1000      3.3399    1      0
     4   3   5   350  3.3900e+22     53.79    0.5786  7.6764e+00  2.5408e-01  3.0212e+01    0.8628     48.02    2.2404      3.6806    1      0
     4   3   5   350  3.3900e+22     57.42    0.6177  7.6764e+00  1.0189e-01  7.5343e+01    0.9348     48.72    2.3571      3.9774    1      0
     4   3   5   350  3.3900e+22     60.80    0.6540  7.6764e+00  5.9344e-02  1.2935e+02    0.9594     48.92    2.4857      4.4110    1      0
     4   3   5   350  3.3900e+22     64.12    0.6897  7.6764e+00  3.1209e-02  2.4596e+02    0.9768     49.05    2.6143      4.7751    1      0
     4   3   5   350  3.3900e+22     67.37    0.7246  7.6764e+00  1.5890e-02  4.8310e+02    0.9873     49.12    2.7428      5.2226    1      0
     4   3   5   350  3.3900e+22     70.58    0.7592  7.6764e+00  7.8186e-03  9.8181e+02    0.9933     49.16    2.8714      5.7222    1      0
     4   3   5   350  3.3900e+22     73.77    0.7935  7.6764e+00  3.5082e-03  2.1881e+03    0.9968     49.18    3.0000      6.2037    1      0
     4   3   5   350  3.3900e+22     92.97    1.0000  7.6764e+00  4.1396e-06  1.8544e+06    1.0000     49.20    3.7794      9.7945    1      0
     4   3   5   500  3.3900e+22     27.35    0.2423  4.9257e+00  2.2002e+00  2.2387e+00    0.1892     37.82    1.4462      1.9365    0      0
     4   3   5   500  3.3900e+22     29.93    0.2652  4.9257e+00  2.2002e+00  2.2387e+00    0.1943     37.82    1.5828      2.2045    0      0
     4   3   5   500  3.3900e+22     32.25    0.2858  4.9257e+00  1.8794e+00  2.6210e+00    0.2520     40.57    1.5896      2.2232    1      0
     4   3   5   500  3.3900e+22     32.95    0.2920  4.9257e+00  1.8794e+00  2.6210e+00    0.2527     40.57    1.6241      2.3162    1      0
     4   3   5   500  3.3900e+22     36.48    0.3232  4.9257e+00  1.2953e+00  3.8026e+00    0.3853     45.54    1.6018      2.2573    1      0
     4   3   5   500  3.3900e+22     40.82    0.3618  4.9257e+00  1.0399e+00  4.7368e+00    0.4647     47.71    1.7112      2.5543    1      0
     4   3   5   500  3.3900e+22     42.21    0.3741  4.9257e+00  8.3457e-01  5.9021e+00    0.5307     49.32    1.7120      2.4661    1      0
     4   3   5   500  3.3900e+22     46.54    0.4124  4.9257e+00  6.5064e-01  7.5706e+00    0.6052     50.73    1.8348      2.7257    1      0
     4   3   5   500  3.3900e+22     46.74    0.4142  4.9257e+00  6.5064e-01  7.5706e+00    0.6057     50.73    1.8429      2.7671    1      0
     4   3   5   500  3.3900e+22     52.19    0.4625  4.9257e+00  3.6162e-01  1.3621e+01    0.7397     52.95    1.9714      3.0165    1      0
     4   3   5   500  3.3900e+22     55.06    0.4879  4.9257e+00  2.6760e-01  1.8407e+01    0.7920     53.67    2.0518      3.1782    1      0
     4   3   5   500  3.3900e+22     56.60    0.5015  4.9257e+00  2.6760e-01  1.8407e+01    0.7936     53.67    2.1091      3.3535    1      0
     4   3   5   500  3.3900e+22     60.94    0.5400  4.9257e+00  1.3828e-01  3.5621e+01    0.8764     54.69    2.2286      3.6726    1      0
     4   3   5   500  3.3900e+22     64.89    0.5750  4.9257e+00  9.2744e-02  5.3111e+01    0.9108     55.05    2.3571      4.0265    1      0
     4   3   5   500  3.3900e+22     68.74    0.6092  4.9257e+00  6.1691e-02  7.9845e+01    0.9364     55.30    2.4859      4.4125    1      0
     4   3   5   500  3.3900e+22     72.67    0.6440  4.9257e+00  2.5545e-02  1.9282e+02    0.9696     55.59    2.6143      4.8449    1      0
     4   3   5   500  3.3900e+22     76.35    0.6766  4.9257e+00  1.5539e-02  3.1698e+02    0.9803     55.67    2.7428      5.2254    1      0
     4   3   5   500  3.3900e+22     80.00    0.7089  4.9257e+00  9.3469e-03  5.2699e+02    0.9874     55.72    2.8714      5.7276    1      0
     4   3   5   500  3.3900e+22     83.64    0.7412  4.9257e+00  5.4731e-03  9.0000e+02    0.9922     55.75    3.0004      6.2359    1      0
     4   3   5   500  3.3900e+22    112.84    1.0000  4.9257e+00  5.9740e-07  8.2452e+06    1.0000     55.80    4.0449     11.2793    1      0
     4   4   1    SD  3.3900e+22      9.59    0.2196  2.4201e+22  9.9396e+21  2.4349e+00    0.2139     14.55    1.3174      1.7824    1      0
     4   4   1    SD  3.3900e+22     10.41    0.2386  2.4201e+22  9.9396e+21  2.4349e+00    0.2139     14.55    1.4310      1.7824    1      0
     4   4   1    SD  3.3900e+22     11.41    0.2615  2.4201e+22  9.9396e+21  2.4349e+00    0.2259     14.55    1.5687      2.0524    1      0
     4   4   1    SD  3.3900e+22     11.94    0.2736  2.4201e+22  9.9396e+21  2.4349e+00    0.2259     14.55    1.6410      2.0524    1      0
     4   4   1    SD  3.3900e+22     12.57    0.2880  2.4201e+22  5.8359e+21  4.1470e+00    0.3946     17.54    1.4332      1.9163    1      0
     4   4   1    SD  3.3900e+22     13.90    0.3186  2.4201e+22  5.8359e+21  4.1470e+00    0.4184     17.54    1.5854      2.1878    1      0
     4   4   1    SD  3.3900e+22     15.53    0.3558  2.4201e+22  3.2281e+21  7.4972e+00    0.5906     19.25    1.6137      2.2829    1      0
     4   4   1    SD  3.3900e+22     15.54    0.3561  2.4201e+22  3.2281e+21  7.4972e+00    0.5906     19.25    1.6150      2.2829    1      0
     4   4   1    SD  3.3900e+22     17.65    0.4043  2.4201e+22  3.2281e+21  7.4972e+00    0.6075     19.25    1.8339      2.7183    1      0
     4   4   1    SD  3.3900e+22     18.24    0.4179  2.4201e+22  1.5325e+21  1.5792e+01    0.7464     20.31    1.7959      2.4790    1      0
     4   4   1    SD  3.3900e+22     20.02    0.4587  2.4201e+22  1.5325e+21  1.5792e+01    0.7689     20.31    1.9714      2.9176    1      0
     4   4   1    SD  3.3900e+22     20.83    0.4772  2.4201e+22  1.5325e+21  1.5792e+01    0.7717     20.31    2.0508      3.0767    1      0
     4   4   1    SD  3.3900e+22     21.92    0.5021  2.4201e+22  6.4261e+20  3.7661e+01    0.8827     20.87    2.1000      3.4124    1      0
     4   4   1    SD  3.3900e+22     23.26    0.5329  2.4201e+22  6.4261e+20  3.7661e+01    0.8843     20.87    2.2286      3.5602    1      0
     4   4   1    SD  3.3900e+22     24.93    0.5711  2.4201e+22  2.0615e+20  1.1740e+02    0.9532     21.15    2.3572      4.0189    1      0
     4   4   1    SD  3.3900e+22     26.28    0.6022  2.4201e+22  2.0615e+20  1.1740e+02    0.9552     21.15    2.4857      4.3732    1      0
     4   4   1    SD  3.3900e+22     27.77    0.6363  2.4201e+22  4.8808e+19  4.9586e+02    0.9862     21.25    2.6142      4.9005    1      0
     4   4   1    SD  3.3900e+22     29.14    0.6676  2.4201e+22  4.8808e+19  4.9586e+02    0.9870     21.25    2.7428      5.1795    1      0
     4   4   1    SD  3.3900e+22     30.54    0.6997  2.4201e+22  1.1732e+19  2.0629e+03    0.9959     21.27    2.8715      5.7024    1      0
     4   4   1    SD  3.3900e+22     31.91    0.7310  2.4201e+22  1.1732e+19  2.0629e+03    0.9964     21.27    3.0000      6.2609    1      0
     4   4   1    SD  3.3900e+22     43.65    1.0000  2.4201e+22  0.0000e+00         nan    1.0000     21.28    4.1025     11.6258    1      0
     4   4   1   070  3.3900e+22     33.89    1.0000 -2.8473e+00         nan         nan       nan       nan       nan         nan    0      1
     4   4   1   100  3.3900e+22     35.38    1.0000 -4.2161e+00         nan         nan       nan       nan       nan         nan    0      1
     4   4   1   160  3.3900e+22     43.65    1.0000 -8.9625e-01         nan         nan       nan       nan       nan         nan    0      1
     4   4   1   250  3.3900e+22     12.46    0.2390  1.3218e+01  4.8882e+00  2.7040e+00    0.2509     18.89    1.3192      1.7625    1      0
     4   4   1   250  3.3900e+22     13.44    0.2578  1.3218e+01  4.8882e+00  2.7040e+00    0.2681     18.89    1.4228      1.9967    1      0
     4   4   1   250  3.3900e+22     13.59    0.2606  1.3218e+01  4.8882e+00  2.7040e+00    0.2681     18.89    1.4385      1.9967    1      0
     4   4   1   250  3.3900e+22     14.76    0.2830  1.3218e+01  4.8882e+00  2.7040e+00    0.2681     18.89    1.5618      1.9967    1      0
     4   4   1   250  3.3900e+22     14.92    0.2861  1.3218e+01  4.8882e+00  2.7040e+00    0.2681     18.89    1.5789      1.9967    1      0
     4   4   1   250  3.3900e+22     16.46    0.3157  1.3218e+01  3.2172e+00  4.1084e+00    0.4191     21.10    1.5602      2.1560    1      0
     4   4   1   250  3.3900e+22     18.38    0.3525  1.3218e+01  1.9244e+00  6.8685e+00    0.5711     22.81    1.6119      2.2291    1      0
     4   4   1   250  3.3900e+22     19.55    0.3749  1.3218e+01  1.9244e+00  6.8685e+00    0.5841     22.81    1.7143      2.4674    1      0
     4   4   1   250  3.3900e+22     20.87    0.4002  1.3218e+01  1.9244e+00  6.8685e+00    0.5872     22.81    1.8300      2.5980    1      0
     4   4   1   250  3.3900e+22     22.05    0.4230  1.3218e+01  1.0687e+00  1.2367e+01    0.7252     23.94    1.8429      2.7622    1      0
     4   4   1   250  3.3900e+22     23.63    0.4532  1.3218e+01  1.0687e+00  1.2367e+01    0.7285     23.94    1.9743      2.9985    1      0
     4   4   1   250  3.3900e+22     24.60    0.4718  1.3218e+01  5.0286e-01  2.6285e+01    0.8400     24.70    1.9923      3.0036    1      0
     4   4   1   250  3.3900e+22     25.93    0.4973  1.3218e+01  5.0286e-01  2.6285e+01    0.8469     24.70    2.1000      3.3707    1      0
     4   4   1   250  3.3900e+22     27.97    0.5364  1.3218e+01  2.0274e-01  6.5195e+01    0.9235     25.10    2.2285      3.6366    1      0
     4   4   1   250  3.3900e+22     29.58    0.5673  1.3218e+01  2.0274e-01  6.5195e+01    0.9261     25.10    2.3572      3.9404    1      0
     4   4   1   250  3.3900e+22     31.39    0.6021  1.3218e+01  8.2468e-02  1.6028e+02    0.9648     25.26    2.4857      4.4260    1      0
     4   4   1   250  3.3900e+22     33.07    0.6342  1.3218e+01  2.8803e-02  4.5890e+02    0.9843     25.33    2.6106      4.7056    1      0
     4   4   1   250  3.3900e+22     34.74    0.6663  1.3218e+01  2.8803e-02  4.5890e+02    0.9859     25.33    2.7428      5.2465    1      0
     4   4   1   250  3.3900e+22     36.41    0.6983  1.3218e+01  8.9788e-03  1.4721e+03    0.9946     25.36    2.8714      5.7525    1      0
     4   4   1   250  3.3900e+22     38.04    0.7295  1.3218e+01  8.9788e-03  1.4721e+03    0.9950     25.36    3.0000      6.2450    1      0
     4   4   1   250  3.3900e+22     52.14    1.0000  1.3218e+01  0.0000e+00         nan    1.0000     25.37    4.1102     11.6851    1      0
     4   4   1   350  3.3900e+22     21.59    0.3315  1.5988e+01  2.7777e+00  5.7560e+00    0.5146     26.07    1.6564      2.2549    1      0
     4   4   1   350  3.3900e+22     21.94    0.3368  1.5988e+01  2.7777e+00  5.7560e+00    0.5238     26.07    1.6833      2.4357    1      0
     4   4   1   350  3.3900e+22     24.48    0.3757  1.5988e+01  1.6914e+00  9.4528e+00    0.6525     27.44    1.7840      2.5462    1      0
     4   4   1   350  3.3900e+22     24.99    0.3836  1.5988e+01  1.6914e+00  9.4528e+00    0.6560     27.44    1.8214      2.6280    1      0
     4   4   1   350  3.3900e+22     27.97    0.4294  1.5988e+01  9.5046e-01  1.6822e+01    0.7720     28.37    1.9714      2.9438    1      0
     4   4   1   350  3.3900e+22     29.69    0.4558  1.5988e+01  9.5046e-01  1.6822e+01    0.7762     28.37    2.0928      3.1815    1      0
     4   4   1   350  3.3900e+22     30.05    0.4613  1.5988e+01  5.3886e-01  2.9671e+01    0.8480     28.89    2.0802      3.1508    1      0
     4   4   1   350  3.3900e+22     32.19    0.4942  1.5988e+01  5.3886e-01  2.9671e+01    0.8546     28.89    2.2286      3.5211    1      0
     4   4   1   350  3.3900e+22     34.43    0.5286  1.5988e+01  2.8243e-01  5.6611e+01    0.9128     29.21    2.3571      3.9520    1      0
     4   4   1   350  3.3900e+22     36.53    0.5609  1.5988e+01  1.3841e-01  1.1552e+02    0.9504     29.40    2.4857      4.3036    1      0
     4   4   1   350  3.3900e+22     38.42    0.5899  1.5988e+01  1.3841e-01  1.1552e+02    0.9519     29.40    2.6143      4.6969    1      0
     4   4   1   350  3.3900e+22     40.45    0.6210  1.5988e+01  6.1401e-02  2.6039e+02    0.9755     29.49    2.7428      5.1398    1      0
     4   4   1   350  3.3900e+22     42.41    0.6510  1.5988e+01  2.6868e-02  5.9508e+02    0.9875     29.54    2.8714      5.4765    1      0
     4   4   1   350  3.3900e+22     44.30    0.6802  1.5988e+01  2.6868e-02  5.9508e+02    0.9881     29.54    3.0000      6.0018    1      0
     4   4   1   350  3.3900e+22     65.14    1.0000  1.5988e+01  2.7039e-06  5.9129e+06    1.0000     29.57    4.4055     12.9187    1      0
     4   4   1   500  3.3900e+22     33.19    0.3833  7.9650e+00  8.2628e-01  9.6395e+00    0.6554     36.51    1.8182      2.6235    1      0
     4   4   1   500  3.3900e+22     36.97    0.4270  7.9650e+00  5.5953e-01  1.4235e+01    0.7420     37.51    1.9714      3.0035    1      0
     4   4   1   500  3.3900e+22     39.51    0.4563  7.9650e+00  3.6134e-01  2.2043e+01    0.8126     38.25    2.0659      3.2372    1      0
     4   4   1   500  3.3900e+22     40.16    0.4638  7.9650e+00  3.6134e-01  2.2043e+01    0.8133     38.25    2.1000      3.2815    1      0
     4   4   1   500  3.3900e+22     43.15    0.4984  7.9650e+00  2.3272e-01  3.4226e+01    0.8675     38.73    2.2286      3.6637    1      0
     4   4   1   500  3.3900e+22     46.04    0.5317  7.9650e+00  1.4287e-01  5.5749e+01    0.9100     39.06    2.3571      4.0282    1      0
     4   4   1   500  3.3900e+22     48.83    0.5640  7.9650e+00  8.1196e-02  9.8096e+01    0.9425     39.29    2.4857      4.3387    1      0
     4   4   1   500  3.3900e+22     51.53    0.5951  7.9650e+00  4.5843e-02  1.7374e+02    0.9642     39.42    2.6143      4.7945    1      0
     4   4   1   500  3.3900e+22     54.17    0.6256  7.9650e+00  2.5783e-02  3.0892e+02    0.9779     39.50    2.7428      5.2471    1      0
     4   4   1   500  3.3900e+22     56.73    0.6552  7.9650e+00  2.5783e-02  3.0892e+02    0.9784     39.50    2.8724      5.6705    1      0
     4   4   1   500  3.3900e+22     59.31    0.6850  7.9650e+00  1.4282e-02  5.5771e+02    0.9870     39.54    3.0000      6.1737    1      0
     4   4   1   500  3.3900e+22     86.59    1.0000  7.9650e+00  4.7485e-06  1.6774e+06    1.0000     39.59    4.3737     13.0412    1      0
     4   4   2    SD  3.3900e+22      9.39    0.1865  2.1360e+22  1.1922e+22  1.7917e+00    0.0936     15.06    1.2466      1.5284    0      0
     4   4   2    SD  3.3900e+22     10.12    0.2009  2.1360e+22  1.1922e+22  1.7917e+00    0.1062     15.06    1.3429      1.7184    0      0
     4   4   2    SD  3.3900e+22     11.00    0.2185  2.1360e+22  1.1922e+22  1.7917e+00    0.1127     15.06    1.4608      1.9691    0      0
     4   4   2    SD  3.3900e+22     12.00    0.2384  2.1360e+22  8.6232e+21  2.4771e+00    0.1977     18.61    1.2901      1.6497    0      0
     4   4   2    SD  3.3900e+22     12.97    0.2575  2.1360e+22  8.6232e+21  2.4771e+00    0.2166     18.61    1.3937      1.8740    1      0
     4   4   2    SD  3.3900e+22     13.12    0.2605  2.1360e+22  8.6232e+21  2.4771e+00    0.2166     18.61    1.4098      1.8740    1      0
     4   4   2    SD  3.3900e+22     14.38    0.2855  2.1360e+22  8.6232e+21  2.4771e+00    0.2251     18.61    1.5454      2.0399    1      0
     4   4   2    SD  3.3900e+22     15.83    0.3145  2.1360e+22  6.0819e+21  3.5121e+00    0.3463     20.84    1.5197      2.0518    1      0
     4   4   2    SD  3.3900e+22     17.59    0.3494  2.1360e+22  6.0819e+21  3.5121e+00    0.3589     20.84    1.6884      2.4244    1      0
     4   4   2    SD  3.3900e+22     18.77    0.3728  2.1360e+22  3.9741e+21  5.3748e+00    0.4927     22.69    1.6545      2.2312    1      0
     4   4   2    SD  3.3900e+22     19.69    0.3911  2.1360e+22  3.9741e+21  5.3748e+00    0.5048     22.69    1.7359      2.4655    1      0
     4   4   2    SD  3.3900e+22     20.96    0.4163  2.1360e+22  3.9741e+21  5.3748e+00    0.5077     22.69    1.8475      2.5944    1      0
     4   4   2    SD  3.3900e+22     22.39    0.4448  2.1360e+22  2.3999e+21  8.9003e+00    0.6504     24.08    1.8604      2.6961    1      0
     4   4   2    SD  3.3900e+22     24.54    0.4874  2.1360e+22  1.2025e+21  1.7764e+01    0.7864     25.16    1.9505      2.8527    1      0
     4   4   2    SD  3.3900e+22     26.18    0.5198  2.1360e+22  1.2025e+21  1.7764e+01    0.7951     25.16    2.0803      3.1926    1      0
     4   4   2    SD  3.3900e+22     27.02    0.5366  2.1360e+22  4.9490e+20  4.3161e+01    0.8890     25.81    2.0937      3.1027    1      0
     4   4   2    SD  3.3900e+22     28.76    0.5711  2.1360e+22  4.9490e+20  4.3161e+01    0.8995     25.81    2.2286      3.5513    1      0
     4   4   2    SD  3.3900e+22     30.74    0.6105  2.1360e+22  1.9351e+20  1.1038e+02    0.9528     26.08    2.3571      3.8651    1      0
     4   4   2    SD  3.3900e+22     32.42    0.6438  2.1360e+22  1.9351e+20  1.1038e+02    0.9551     26.08    2.4857      4.2264    1      0
     4   4   2    SD  3.3900e+22     34.25    0.6802  2.1360e+22  6.0222e+19  3.5469e+02    0.9837     26.20    2.6143      4.7628    1      0
     4   4   2    SD  3.3900e+22     35.94    0.7137  2.1360e+22  6.0222e+19  3.5469e+02    0.9840     26.20    2.7429      4.9425    1      0
     4   4   2    SD  3.3900e+22     37.68    0.7483  2.1360e+22  1.5413e+19  1.3858e+03    0.9953     26.24    2.8715      5.5693    1      0
     4   4   2    SD  3.3900e+22     39.38    0.7822  2.1360e+22  2.8709e+18  7.4402e+03    0.9989     26.26    3.0000      6.0886    1      0
     4   4   2    SD  3.3900e+22     50.35    1.0000  2.1360e+22  2.5941e+15  8.2341e+06    1.0000     26.26    3.8351      9.8772    1      0
     4   4   2   070  3.3900e+22     41.22    1.0000 -2.3529e+00         nan         nan       nan       nan       nan         nan    0      1
     4   4   2   100  3.3900e+22     42.85    1.0000 -3.4997e+00         nan         nan       nan       nan       nan         nan    0      1
     4   4   2   160  3.3900e+22     50.35    1.0000 -5.7341e-01         nan         nan       nan       nan       nan         nan    0      1
     4   4   2   250  3.3900e+22     12.16    0.2066  1.3641e+01  7.0069e+00  1.9468e+00    0.1300     19.65    1.2375      1.5502    0      0
     4   4   2   250  3.3900e+22     12.18    0.2070  1.3641e+01  7.0069e+00  1.9468e+00    0.1300     19.65    1.2401      1.5502    0      0
     4   4   2   250  3.3900e+22     12.79    0.2173  1.3641e+01  7.0069e+00  1.9468e+00    0.1436     19.65    1.3017      1.7468    0      0
     4   4   2   250  3.3900e+22     13.82    0.2348  1.3641e+01  7.0069e+00  1.9468e+00    0.1498     19.65    1.4067      1.8941    0      0
     4   4   2   250  3.3900e+22     15.10    0.2565  1.3641e+01  5.3116e+00  2.5682e+00    0.2369     22.41    1.3474      1.7654    1      0
     4   4   2   250  3.3900e+22     16.43    0.2792  1.3641e+01  5.3116e+00  2.5682e+00    0.2517     22.41    1.4667      1.9894    1      0
     4   4   2   250  3.3900e+22     18.04    0.3066  1.3641e+01  3.7901e+00  3.5991e+00    0.3628     24.82    1.4540      1.9019    1      0
     4   4   2   250  3.3900e+22     19.91    0.3383  1.3641e+01  3.7901e+00  3.5991e+00    0.3809     24.82    1.6043      2.1960    1      0
     4   4   2   250  3.3900e+22     22.20    0.3773  1.3641e+01  2.5605e+00  5.3275e+00    0.5158     26.68    1.6643      2.3567    1      0
     4   4   2   250  3.3900e+22     23.08    0.3922  1.3641e+01  2.5605e+00  5.3275e+00    0.5181     26.68    1.7298      2.4520    1      0
     4   4   2   250  3.3900e+22     25.08    0.4262  1.3641e+01  1.5259e+00  8.9399e+00    0.6588     28.25    1.7757      2.5188    1      0
     4   4   2   250  3.3900e+22     26.03    0.4423  1.3641e+01  1.5259e+00  8.9399e+00    0.6643     28.25    1.8428      2.7242    1      0
     4   4   2   250  3.3900e+22     28.91    0.4912  1.3641e+01  8.1547e-01  1.6728e+01    0.7891     29.33    1.9714      2.9517    1      0
     4   4   2   250  3.3900e+22     29.35    0.4988  1.3641e+01  8.1547e-01  1.6728e+01    0.7891     29.33    2.0016      2.9517    1      0
     4   4   2   250  3.3900e+22     31.41    0.5337  1.3641e+01  4.2944e-01  3.1764e+01    0.8726     29.91    2.1000      3.2751    1      0
     4   4   2   250  3.3900e+22     33.77    0.5738  1.3641e+01  2.0036e-01  6.8083e+01    0.9307     30.30    2.2285      3.5892    1      0
     4   4   2   250  3.3900e+22     35.72    0.6069  1.3641e+01  2.0036e-01  6.8083e+01    0.9330     30.30    2.3572      3.9019    1      0
     4   4   2   250  3.3900e+22     37.92    0.6444  1.3641e+01  8.3478e-02  1.6341e+02    0.9680     30.51    2.4857      4.3142    1      0
     4   4   2   250  3.3900e+22     40.01    0.6798  1.3641e+01  2.9511e-02  4.6224e+02    0.9867     30.61    2.6143      4.7282    1      0
     4   4   2   250  3.3900e+22     41.98    0.7134  1.3641e+01  2.9511e-02  4.6224e+02    0.9873     30.61    2.7433      5.2039    1      0
     4   4   2   250  3.3900e+22     43.99    0.7475  1.3641e+01  9.9385e-03  1.3725e+03    0.9952     30.64    2.8714      5.7133    1      0
     4   4   2   250  3.3900e+22     45.98    0.7813  1.3641e+01  2.9292e-03  4.6570e+03    0.9984     30.65    3.0000      6.3413    1      0
     4   4   2   250  3.3900e+22     58.85    1.0000  1.3641e+01  6.3542e-07  2.1468e+07    1.0000     30.66    3.8391     10.1537    1      0
     4   4   2   350  3.3900e+22     18.45    0.2583  1.7890e+01  6.4400e+00  2.7780e+00    0.2687     25.55    1.4444      1.9199    1      0
     4   4   2   350  3.3900e+22     20.27    0.2838  1.7890e+01  6.4400e+00  2.7780e+00    0.2789     25.55    1.5869      2.2167    1      0
     4   4   2   350  3.3900e+22     21.22    0.2970  1.7890e+01  4.7765e+00  3.7455e+00    0.3787     27.71    1.5316      2.0761    1      0
     4   4   2   350  3.3900e+22     22.44    0.3141  1.7890e+01  4.7765e+00  3.7455e+00    0.3865     27.71    1.6197      2.2362    1      0
     4   4   2   350  3.3900e+22     24.82    0.3475  1.7890e+01  3.2576e+00  5.4918e+00    0.5126     29.68    1.6730      2.3490    1      0
     4   4   2   350  3.3900e+22     25.04    0.3506  1.7890e+01  3.2576e+00  5.4918e+00    0.5126     29.68    1.6877      2.3490    1      0
     4   4   2   350  3.3900e+22     28.46    0.3985  1.7890e+01  2.0906e+00  8.5575e+00    0.6411     31.33    1.8171      2.6889    1      0
     4   4   2   350  3.3900e+22     28.87    0.4041  1.7890e+01  2.0906e+00  8.5575e+00    0.6411     31.33    1.8428      2.6889    1      0
     4   4   2   350  3.3900e+22     31.95    0.4473  1.7890e+01  1.3438e+00  1.3313e+01    0.7391     32.41    1.9714      2.9762    1      0
     4   4   2   350  3.3900e+22     33.66    0.4712  1.7890e+01  8.0982e-01  2.2092e+01    0.8194     33.19    2.0284      3.1125    1      0
     4   4   2   350  3.3900e+22     34.85    0.4879  1.7890e+01  8.0982e-01  2.2092e+01    0.8219     33.19    2.1000      3.2581    1      0
     4   4   2   350  3.3900e+22     37.55    0.5257  1.7890e+01  4.5792e-01  3.9068e+01    0.8860     33.70    2.2286      3.5829    1      0
     4   4   2   350  3.3900e+22     40.09    0.5613  1.7890e+01  2.3797e-01  7.5177e+01    0.9325     34.02    2.3571      3.9544    1      0
     4   4   2   350  3.3900e+22     42.49    0.5948  1.7890e+01  1.2202e-01  1.4661e+02    0.9610     34.18    2.4857      4.3580    1      0
     4   4   2   350  3.3900e+22     44.71    0.6259  1.7890e+01  1.2202e-01  1.4661e+02    0.9622     34.18    2.6156      4.7930    1      0
     4   4   2   350  3.3900e+22     47.01    0.6581  1.7890e+01  5.7698e-02  3.1007e+02    0.9801     34.28    2.7429      5.2645    1      0
     4   4   2   350  3.3900e+22     49.28    0.6900  1.7890e+01  2.3672e-02  7.5577e+02    0.9907     34.33    2.8714      5.7282    1      0
     4   4   2   350  3.3900e+22     51.52    0.7213  1.7890e+01  9.4123e-03  1.9007e+03    0.9958     34.35    3.0000      6.2384    1      0
     4   4   2   350  3.3900e+22     71.43    1.0000  1.7890e+01  4.6366e-06  3.8585e+06    1.0000     34.36    4.1575     11.8650    1      0
     4   4   2   500  3.3900e+22     30.18    0.3257  9.8245e+00  1.9172e+00  5.1245e+00    0.4827     36.84    1.6385      2.3114    1      0
     4   4   2   500  3.3900e+22     31.38    0.3386  9.8245e+00  1.9172e+00  5.1245e+00    0.4874     36.84    1.7032      2.4578    1      0
     4   4   2   500  3.3900e+22     35.45    0.3826  9.8245e+00  1.4161e+00  6.9376e+00    0.5801     38.46    1.8437      2.7496    1      0
     4   4   2   500  3.3900e+22     35.81    0.3865  9.8245e+00  1.4161e+00  6.9376e+00    0.5801     38.46    1.8623      2.7496    1      0
     4   4   2   500  3.3900e+22     40.22    0.4340  9.8245e+00  6.9112e-01  1.4215e+01    0.7439     40.80    1.9714      2.9902    1      0
     4   4   2   500  3.3900e+22     42.53    0.4590  9.8245e+00  4.7242e-01  2.0796e+01    0.8062     41.50    2.0497      3.1878    1      0
     4   4   2   500  3.3900e+22     43.58    0.4703  9.8245e+00  4.7242e-01  2.0796e+01    0.8082     41.50    2.1000      3.3404    1      0
     4   4   2   500  3.3900e+22     46.84    0.5055  9.8245e+00  3.0880e-01  3.1815e+01    0.8618     42.03    2.2286      3.6478    1      0
     4   4   2   500  3.3900e+22     50.02    0.5399  9.8245e+00  1.8843e-01  5.2139e+01    0.9067     42.44    2.3571      4.0460    1      0
     4   4   2   500  3.3900e+22     53.07    0.5727  9.8245e+00  1.1393e-01  8.6235e+01    0.9379     42.70    2.4857      4.3733    1      0
     4   4   2   500  3.3900e+22     56.02    0.6045  9.8245e+00  6.8785e-02  1.4283e+02    0.9592     42.85    2.6143      4.8258    1      0
     4   4   2   500  3.3900e+22     58.90    0.6357  9.8245e+00  4.0908e-02  2.4016e+02    0.9737     42.95    2.7429      5.2388    1      0
     4   4   2   500  3.3900e+22     61.75    0.6664  9.8245e+00  2.3163e-02  4.2414e+02    0.9838     43.01    2.8714      5.7132    1      0
     4   4   2   500  3.3900e+22     64.57    0.6969  9.8245e+00  1.2119e-02  8.1065e+02    0.9908     43.05    3.0000      6.2641    1      0
     4   4   2   500  3.3900e+22     92.66    1.0000  9.8245e+00  4.7333e-06  2.0756e+06    1.0000     43.09    4.3008     12.7481    1      0
     4   4   3    SD  3.3900e+22      9.44    0.1568  1.7341e+22  1.1858e+22  1.4624e+00    0.0411     15.52    1.2162      1.4868    0      0
     4   4   3    SD  3.3900e+22     10.13    0.1683  1.7341e+22  1.1858e+22  1.4624e+00    0.0468     15.52    1.3054      1.6649    0      0
     4   4   3    SD  3.3900e+22     10.99    0.1826  1.7341e+22  1.1858e+22  1.4624e+00    0.0499     15.52    1.4159      1.9026    0      0
     4   4   3    SD  3.3900e+22     11.94    0.1984  1.7341e+22  1.1858e+22  1.4624e+00    0.0499     15.52    1.5386      1.9026    0      0
     4   4   3    SD  3.3900e+22     12.97    0.2155  1.7341e+22  9.6916e+21  1.7893e+00    0.1001     19.26    1.3470      1.7915    0      0
     4   4   3    SD  3.3900e+22     13.26    0.2203  1.7341e+22  9.6916e+21  1.7893e+00    0.1001     19.26    1.3768      1.7915    0      0
     4   4   3    SD  3.3900e+22     14.11    0.2344  1.7341e+22  9.6916e+21  1.7893e+00    0.1043     19.26    1.4649      1.9454    0      0
     4   4   3    SD  3.3900e+22     15.46    0.2569  1.7341e+22  7.8639e+21  2.2051e+00    0.1683     21.87    1.4140      1.9261    0      0
     4   4   3    SD  3.3900e+22     16.93    0.2813  1.7341e+22  7.8639e+21  2.2051e+00    0.1724     21.87    1.5484      2.0492    0      0
     4   4   3    SD  3.3900e+22     18.69    0.3104  1.7341e+22  6.2064e+21  2.7941e+00    0.2526     24.23    1.5422      2.0506    1      0
     4   4   3    SD  3.3900e+22     20.71    0.3440  1.7341e+22  6.2064e+21  2.7941e+00    0.2615     24.23    1.7090      2.3733    1      0
     4   4   3    SD  3.3900e+22     20.97    0.3483  1.7341e+22  6.2064e+21  2.7941e+00    0.2615     24.23    1.7306      2.3733    1      0
     4   4   3    SD  3.3900e+22     23.11    0.3839  1.7341e+22  4.8010e+21  3.6120e+00    0.3571     26.18    1.7657      2.4976    1      0
     4   4   3    SD  3.3900e+22     26.03    0.4323  1.7341e+22  3.4651e+21  5.0045e+00    0.4745     28.03    1.8571      2.7093    1      0
     4   4   3    SD  3.3900e+22     26.11    0.4337  1.7341e+22  3.4651e+21  5.0045e+00    0.4745     28.03    1.8628      2.7093    1      0
     4   4   3    SD  3.3900e+22     29.62    0.4921  1.7341e+22  2.3387e+21  7.4147e+00    0.5986     29.59    2.0022      2.9001    1      0
     4   4   3    SD  3.3900e+22     30.38    0.5047  1.7341e+22  1.5158e+21  1.1440e+01    0.7024     30.86    1.9688      2.8150    1      0
     4   4   3    SD  3.3900e+22     33.04    0.5489  1.7341e+22  8.7360e+20  1.9850e+01    0.8037     31.92    2.0704      2.9695    1      0
     4   4   3    SD  3.3900e+22     34.40    0.5714  1.7341e+22  8.7360e+20  1.9850e+01    0.8121     31.92    2.1553      3.2816    1      0
     4   4   3    SD  3.3900e+22     35.98    0.5977  1.7341e+22  8.7360e+20  1.9850e+01    0.8134     31.92    2.2545      3.4012    1      0
     4   4   3    SD  3.3900e+22     38.63    0.6418  1.7341e+22  4.3474e+20  3.9888e+01    0.8960     32.64    2.3674      3.7501    1      0
     4   4   3    SD  3.3900e+22     41.09    0.6826  1.7341e+22  1.7620e+20  9.8416e+01    0.9525     33.06    2.4857      4.1081    1      0
     4   4   3    SD  3.3900e+22     43.46    0.7220  1.7341e+22  6.2945e+19  2.7550e+02    0.9809     33.25    2.6143      4.5028    1      0
     4   4   3    SD  3.3900e+22     45.70    0.7591  1.7341e+22  1.8083e+19  9.5899e+02    0.9937     33.32    2.7428      4.9123    1      0
     4   4   3    SD  3.3900e+22     47.85    0.7948  1.7341e+22  1.8083e+19  9.5899e+02    0.9940     33.32    2.8717      5.3128    1      0
     4   4   3    SD  3.3900e+22     50.02    0.8309  1.7341e+22  3.6028e+18  4.8132e+03    0.9986     33.35    3.0000      5.8529    1      0
     4   4   3    SD  3.3900e+22     60.20    1.0000  1.7341e+22  0.0000e+00         nan    1.0000     33.35    3.6099      8.4327    1      0
     4   4   3   070  3.3900e+22     50.81    1.0000 -1.8282e+00         nan         nan       nan       nan       nan         nan    0      1
     4   4   3   100  3.3900e+22     52.80    1.0000 -2.7226e+00         nan         nan       nan       nan       nan         nan    0      1
     4   4   3   160  3.3900e+22     60.20    1.0000 -2.6534e-01         nan         nan       nan       nan       nan         nan    0      1
     4   4   3   250  3.3900e+22     12.53    0.1823  1.2644e+01  8.1723e+00  1.5472e+00    0.0660     19.96    1.2556      1.6470    0      0
     4   4   3   250  3.3900e+22     12.59    0.1832  1.2644e+01  8.1723e+00  1.5472e+00    0.0660     19.96    1.2618      1.6470    0      0
     4   4   3   250  3.3900e+22     13.52    0.1968  1.2644e+01  8.1723e+00  1.5472e+00    0.0710     19.96    1.3553      1.8516    0      0
     4   4   3   250  3.3900e+22     14.66    0.2134  1.2644e+01  8.1723e+00  1.5472e+00    0.0710     19.96    1.4696      1.8516    0      0
     4   4   3   250  3.3900e+22     15.93    0.2317  1.2644e+01  6.8895e+00  1.8353e+00    0.1208     23.03    1.3830      1.8068    0      0
     4   4   3   250  3.3900e+22     17.33    0.2522  1.2644e+01  6.8895e+00  1.8353e+00    0.1251     23.03    1.5052      1.9809    0      0
     4   4   3   250  3.3900e+22     18.93    0.2755  1.2644e+01  5.6360e+00  2.2435e+00    0.1912     25.83    1.4660      1.8908    0      0
     4   4   3   250  3.3900e+22     20.73    0.3016  1.2644e+01  5.6360e+00  2.2435e+00    0.1988     25.83    1.6051      2.1789    0      0
     4   4   3   250  3.3900e+22     22.67    0.3298  1.2644e+01  4.4995e+00  2.8102e+00    0.2830     28.28    1.6032      2.1713    1      0
     4   4   3   250  3.3900e+22     22.80    0.3317  1.2644e+01  4.4995e+00  2.8102e+00    0.2830     28.28    1.6126      2.1713    1      0
     4   4   3   250  3.3900e+22     25.23    0.3671  1.2644e+01  3.3672e+00  3.7551e+00    0.3906     30.78    1.6397      2.2374    1      0
     4   4   3   250  3.3900e+22     27.23    0.3962  1.2644e+01  2.3890e+00  5.2927e+00    0.5043     33.07    1.6471      2.2624    1      0
     4   4   3   250  3.3900e+22     28.14    0.4095  1.2644e+01  2.3890e+00  5.2927e+00    0.5098     33.07    1.7023      2.3751    1      0
     4   4   3   250  3.3900e+22     31.78    0.4624  1.2644e+01  1.6627e+00  7.6046e+00    0.6218     34.76    1.8284      2.6272    1      0
     4   4   3   250  3.3900e+22     32.07    0.4666  1.2644e+01  1.6627e+00  7.6046e+00    0.6228     34.76    1.8448      2.6829    1      0
     4   4   3   250  3.3900e+22     36.09    0.5251  1.2644e+01  6.4144e-01  1.9713e+01    0.8101     37.18    1.9414      2.7851    1      0
     4   4   3   250  3.3900e+22     36.92    0.5372  1.2644e+01  6.4144e-01  1.9713e+01    0.8168     37.18    1.9860      3.0128    1      0
     4   4   3   250  3.3900e+22     39.43    0.5736  1.2644e+01  3.4094e-01  3.7087e+01    0.8890     37.90    2.0806      3.2148    1      0
     4   4   3   250  3.3900e+22     42.68    0.6210  1.2644e+01  1.7177e-01  7.3611e+01    0.9385     38.30    2.2286      3.6310    1      0
     4   4   3   250  3.3900e+22     45.41    0.6607  1.2644e+01  7.6240e-02  1.6585e+02    0.9694     38.53    2.3570      4.0063    1      0
     4   4   3   250  3.3900e+22     47.89    0.6968  1.2644e+01  7.6240e-02  1.6585e+02    0.9705     38.53    2.4857      4.3773    1      0
     4   4   3   250  3.3900e+22     50.52    0.7350  1.2644e+01  2.7768e-02  4.5536e+02    0.9880     38.65    2.6143      4.8171    1      0
     4   4   3   250  3.3900e+22     53.06    0.7721  1.2644e+01  9.3202e-03  1.3567e+03    0.9955     38.69    2.7429      5.2638    1      0
     4   4   3   250  3.3900e+22     55.57    0.8086  1.2644e+01  2.9362e-03  4.3064e+03    0.9984     38.71    2.8714      5.8553    1      0
     4   4   3   250  3.3900e+22     58.07    0.8449  1.2644e+01  8.4661e-04  1.4935e+04    0.9995     38.71    3.0000      6.3893    1      0
     4   4   3   250  3.3900e+22     68.73    1.0000  1.2644e+01  4.0924e-06  3.0897e+06    1.0000     38.72    3.5506      8.8872    1      0
     4   4   3   350  3.3900e+22     18.70    0.2311  1.7617e+01  8.7571e+00  2.0118e+00    0.1529     26.47    1.4127      1.8319    0      0
     4   4   3   350  3.3900e+22     20.37    0.2517  1.7617e+01  8.7571e+00  2.0118e+00    0.1593     26.47    1.5388      2.1072    0      0
     4   4   3   350  3.3900e+22     21.00    0.2596  1.7617e+01  7.1739e+00  2.4558e+00    0.2211     29.16    1.4407      1.8393    1      0
     4   4   3   350  3.3900e+22     22.28    0.2754  1.7617e+01  7.1739e+00  2.4558e+00    0.2312     29.16    1.5283      2.0887    1      0
     4   4   3   350  3.3900e+22     24.50    0.3028  1.7617e+01  5.5662e+00  3.1650e+00    0.3223     31.97    1.5324      2.0808    1      0
     4   4   3   350  3.3900e+22     27.09    0.3349  1.7617e+01  4.1567e+00  4.2383e+00    0.4223     34.48    1.5717      2.1070    1      0
     4   4   3   350  3.3900e+22     29.99    0.3707  1.7617e+01  4.1567e+00  4.2383e+00    0.4346     34.48    1.7398      2.4682    1      0
     4   4   3   350  3.3900e+22     30.25    0.3739  1.7617e+01  3.0889e+00  5.7033e+00    0.5259     36.37    1.6634      2.3461    1      0
     4   4   3   350  3.3900e+22     34.31    0.4240  1.7617e+01  2.1994e+00  8.0101e+00    0.6289     37.94    1.8086      2.6968    1      0
     4   4   3   350  3.3900e+22     35.67    0.4409  1.7617e+01  2.1994e+00  8.0101e+00    0.6301     37.94    1.8804      2.7939    1      0
     4   4   3   350  3.3900e+22     38.94    0.4813  1.7617e+01  1.4920e+00  1.1808e+01    0.7209     39.19    1.9873      3.0216    1      0
     4   4   3   350  3.3900e+22     40.30    0.4981  1.7617e+01  9.5111e-01  1.8523e+01    0.8002     40.14    2.0081      3.0964    1      0
     4   4   3   350  3.3900e+22     42.81    0.5291  1.7617e+01  5.9592e-01  2.9563e+01    0.8611     40.77    2.1000      3.3106    1      0
     4   4   3   350  3.3900e+22     45.91    0.5675  1.7617e+01  3.4769e-01  5.0670e+01    0.9111     41.21    2.2285      3.7095    1      0
     4   4   3   350  3.3900e+22     48.91    0.6045  1.7617e+01  1.8248e-01  9.6542e+01    0.9479     41.50    2.3572      4.0609    1      0
     4   4   3   350  3.3900e+22     51.77    0.6399  1.7617e+01  9.2691e-02  1.9006e+02    0.9707     41.65    2.4857      4.4390    1      0
     4   4   3   350  3.3900e+22     54.56    0.6743  1.7617e+01  4.5888e-02  3.8392e+02    0.9841     41.74    2.6143      4.8570    1      0
     4   4   3   350  3.3900e+22     57.30    0.7082  1.7617e+01  2.1853e-02  8.0617e+02    0.9916     41.78    2.7429      5.2715    1      0
     4   4   3   350  3.3900e+22     60.02    0.7418  1.7617e+01  9.5779e-03  1.8394e+03    0.9960     41.80    2.8714      5.8063    1      0
     4   4   3   350  3.3900e+22     62.71    0.7750  1.7617e+01  9.5779e-03  1.8394e+03    0.9962     41.80    3.0002      6.3226    1      0
     4   4   3   350  3.3900e+22     80.91    1.0000  1.7617e+01  7.1379e-06  2.4681e+06    1.0000     41.82    3.8695     10.5185    1      0
     4   4   3   500  3.3900e+22     28.68    0.2825  1.0782e+01  3.7568e+00  2.8700e+00    0.2879     36.66    1.5648      2.2064    1      0
     4   4   3   500  3.3900e+22     29.15    0.2872  1.0782e+01  3.7568e+00  2.8700e+00    0.2879     36.66    1.5905      2.2064    1      0
     4   4   3   500  3.3900e+22     31.74    0.3126  1.0782e+01  3.0427e+00  3.5436e+00    0.3648     39.03    1.6264      2.2849    1      0
     4   4   3   500  3.3900e+22     35.30    0.3477  1.0782e+01  2.4039e+00  4.4852e+00    0.4489     41.15    1.7157      2.5171    1      0
     4   4   3   500  3.3900e+22     35.51    0.3498  1.0782e+01  2.4039e+00  4.4852e+00    0.4489     41.15    1.7257      2.5171    1      0
     4   4   3   500  3.3900e+22     40.42    0.3982  1.0782e+01  1.3726e+00  7.8551e+00    0.6163     44.63    1.8113      2.7185    1      0
     4   4   3   500  3.3900e+22     41.38    0.4076  1.0782e+01  1.3726e+00  7.8551e+00    0.6173     44.63    1.8541      2.7896    1      0
     4   4   3   500  3.3900e+22     45.85    0.4517  1.0782e+01  7.2535e-01  1.4865e+01    0.7562     46.83    1.9580      3.0410    1      0
     4   4   3   500  3.3900e+22     47.91    0.4720  1.0782e+01  7.2535e-01  1.4865e+01    0.7579     46.83    2.0461      3.2473    1      0
     4   4   3   500  3.3900e+22     50.02    0.4927  1.0782e+01  4.9010e-01  2.2000e+01    0.8197     47.63    2.1000      3.3982    1      0
     4   4   3   500  3.3900e+22     54.06    0.5326  1.0782e+01  2.1823e-01  4.9407e+01    0.9025     48.52    2.2286      3.6446    1      0
     4   4   3   500  3.3900e+22     57.46    0.5661  1.0782e+01  1.4322e-01  7.5282e+01    0.9317     48.76    2.3571      4.0631    1      0
     4   4   3   500  3.3900e+22     60.81    0.5990  1.0782e+01  8.9981e-02  1.1983e+02    0.9540     48.93    2.4857      4.5138    1      0
     4   4   3   500  3.3900e+22     64.11    0.6315  1.0782e+01  5.2967e-02  2.0356e+02    0.9706     49.04    2.6143      4.8888    1      0
     4   4   3   500  3.3900e+22     67.36    0.6635  1.0782e+01  3.0930e-02  3.4860e+02    0.9815     49.11    2.7429      5.3444    1      0
     4   4   3   500  3.3900e+22     70.57    0.6952  1.0782e+01  1.7847e-02  6.0413e+02    0.9886     49.16    2.8714      5.8503    1      0
     4   4   3   500  3.3900e+22     73.77    0.7267  1.0782e+01  9.7432e-03  1.1066e+03    0.9933     49.18    3.0000      6.3355    1      0
     4   4   3   500  3.3900e+22    101.51    1.0000  1.0782e+01  4.8192e-06  2.2373e+06    1.0000     49.21    4.1255     11.9022    1      0
     4   4   4    SD  3.3900e+22      9.00    0.1207  1.3193e+22  1.0417e+22  1.2664e+00    0.0160     15.99    1.1258      1.4469    0      0
     4   4   4    SD  3.3900e+22     12.32    0.1652  1.3193e+22  9.1808e+21  1.4370e+00    0.0371     19.90    1.2386      1.5250    0      0
     4   4   4    SD  3.3900e+22     13.30    0.1784  1.3193e+22  9.1808e+21  1.4370e+00    0.0410     19.90    1.3374      1.7156    0      0
     4   4   4    SD  3.3900e+22     14.10    0.1891  1.3193e+22  9.1808e+21  1.4370e+00    0.0428     19.90    1.4172      1.8584    0      0
     4   4   4    SD  3.3900e+22     14.42    0.1934  1.3193e+22  9.1808e+21  1.4370e+00    0.0428     19.90    1.4495      1.8584    0      0
     4   4   4    SD  3.3900e+22     14.79    0.1983  1.3193e+22  9.1808e+21  1.4370e+00    0.0428     19.90    1.4861      1.8584    0      0
     4   4   4    SD  3.3900e+22     15.70    0.2105  1.3193e+22  8.0427e+21  1.6403e+00    0.0726     22.93    1.3690      1.8147    0      0
     4   4   4    SD  3.3900e+22     17.02    0.2283  1.3193e+22  8.0427e+21  1.6403e+00    0.0752     22.93    1.4848      1.9901    0      0
     4   4   4    SD  3.3900e+22     18.65    0.2502  1.3193e+22  6.9276e+21  1.9044e+00    0.1148     25.73    1.4498      1.8982    0      0
     4   4   4    SD  3.3900e+22     20.39    0.2734  1.3193e+22  6.9276e+21  1.9044e+00    0.1194     25.73    1.5844      2.1873    0      0
     4   4   4    SD  3.3900e+22     22.34    0.2996  1.3193e+22  5.9106e+21  2.2321e+00    0.1703     28.20    1.5842      2.1768    0      0
     4   4   4    SD  3.3900e+22     22.40    0.3004  1.3193e+22  5.9106e+21  2.2321e+00    0.1703     28.20    1.5887      2.1768    0      0
     4   4   4    SD  3.3900e+22     24.75    0.3319  1.3193e+22  4.8932e+21  2.6962e+00    0.2355     30.73    1.6110      2.2400    1      0
     4   4   4    SD  3.3900e+22     27.59    0.3699  1.3193e+22  4.0012e+21  3.2972e+00    0.3054     33.08    1.6679      2.2590    1      0
     4   4   4    SD  3.3900e+22     28.92    0.3878  1.3193e+22  4.0012e+21  3.2972e+00    0.3113     33.08    1.7485      2.4881    1      0
     4   4   4    SD  3.3900e+22     30.91    0.4146  1.3193e+22  3.2947e+21  4.0043e+00    0.3811     34.94    1.7695      2.5467    1      0
     4   4   4    SD  3.3900e+22     33.30    0.4466  1.3193e+22  2.6594e+21  4.9608e+00    0.4542     36.63    1.8184      2.5678    1      0
     4   4   4    SD  3.3900e+22     35.05    0.4700  1.3193e+22  2.6594e+21  4.9608e+00    0.4596     36.63    1.9138      2.8272    1      0
     4   4   4    SD  3.3900e+22     37.59    0.5041  1.3193e+22  2.0841e+21  6.3301e+00    0.5400     38.18    1.9693      2.8929    1      0
     4   4   4    SD  3.3900e+22     40.13    0.5381  1.3193e+22  1.5589e+21  8.4628e+00    0.6257     39.59    2.0272      2.9995    1      0
     4   4   4    SD  3.3900e+22     41.61    0.5580  1.3193e+22  1.5589e+21  8.4628e+00    0.6281     39.59    2.1023      3.1584    1      0
     4   4   4    SD  3.3900e+22     46.58    0.6246  1.3193e+22  7.3661e+20  1.7910e+01    0.7942     41.80    2.2286      3.4142    1      0
     4   4   4    SD  3.3900e+22     46.59    0.6248  1.3193e+22  7.3661e+20  1.7910e+01    0.7942     41.80    2.2291      3.4142    1      0
     4   4   4    SD  3.3900e+22     50.78    0.6810  1.3193e+22  4.0851e+20  3.2295e+01    0.8758     42.75    2.3758      3.7148    1      0
     4   4   4    SD  3.3900e+22     53.90    0.7228  1.3193e+22  1.9824e+20  6.6550e+01    0.9343     43.37    2.4857      4.0193    1      0
     4   4   4    SD  3.3900e+22     57.29    0.7683  1.3193e+22  3.0996e+19  4.2563e+02    0.9871     43.86    2.6124      4.3594    1      0
     4   4   4    SD  3.3900e+22     60.23    0.8077  1.3193e+22  9.1456e+18  1.4425e+03    0.9959     43.93    2.7421      4.8156    1      0
     4   4   4    SD  3.3900e+22     63.08    0.8460  1.3193e+22  1.8935e+18  6.9674e+03    0.9990     43.95    2.8708      5.2738    1      0
     4   4   4    SD  3.3900e+22     65.92    0.8841  1.3193e+22  1.8935e+18  6.9674e+03    0.9991     43.95    3.0000      5.7441    1      0
     4   4   4    SD  3.3900e+22     74.57    1.0000  1.3193e+22  3.3019e+15  3.9956e+06    1.0000     43.95    3.3931      7.3636    1      0
     4   4   4   070  3.3900e+22     65.49    1.0000 -1.3545e+00         nan         nan       nan       nan       nan         nan    0      1
     4   4   4   100  3.3900e+22     67.64    1.0000 -2.0164e+00         nan         nan       nan       nan       nan         nan    0      1
     4   4   4   160  3.3900e+22     74.57    1.0000 -4.4110e-02         nan         nan       nan       nan       nan         nan    0      1
     4   4   4   250  3.3900e+22     13.61    0.1643  1.0788e+01  8.1319e+00  1.3266e+00    0.0305     20.31    1.3399      1.8048    0      0
     4   4   4   250  3.3900e+22     14.73    0.1780  1.0788e+01  8.1319e+00  1.3266e+00    0.0305     20.31    1.4510      1.8048    0      0
     4   4   4   250  3.3900e+22     15.94    0.1925  1.0788e+01  7.2902e+00  1.4798e+00    0.0535     23.67    1.3470      1.7475    0      0
     4   4   4   250  3.3900e+22     17.23    0.2081  1.0788e+01  7.2902e+00  1.4798e+00    0.0555     23.67    1.4559      1.9127    0      0
     4   4   4   250  3.3900e+22     18.76    0.2266  1.0788e+01  6.4243e+00  1.6792e+00    0.0877     26.71    1.4047      1.8093    0      0
     4   4   4   250  3.3900e+22     20.37    0.2460  1.0788e+01  6.4243e+00  1.6792e+00    0.0914     26.71    1.5251      2.0790    0      0
     4   4   4   250  3.3900e+22     22.21    0.2683  1.0788e+01  5.5953e+00  1.9280e+00    0.1348     29.59    1.5015      2.0490    0      0
     4   4   4   250  3.3900e+22     24.32    0.2937  1.0788e+01  4.7274e+00  2.2820e+00    0.1913     32.67    1.4890      2.0276    0      0
     4   4   4   250  3.3900e+22     24.62    0.2974  1.0788e+01  4.7274e+00  2.2820e+00    0.1913     32.67    1.5073      2.0276    0      0
     4   4   4   250  3.3900e+22     26.72    0.3227  1.0788e+01  4.7274e+00  2.2820e+00    0.1953     32.67    1.6357      2.2468    0      0
     4   4   4   250  3.3900e+22     29.57    0.3571  1.0788e+01  3.9353e+00  2.7413e+00    0.2636     35.49    1.6663      2.3509    1      0
     4   4   4   250  3.3900e+22     32.97    0.3982  1.0788e+01  3.2847e+00  3.2843e+00    0.3329     37.76    1.7461      2.5258    1      0
     4   4   4   250  3.3900e+22     34.10    0.4118  1.0788e+01  2.6842e+00  4.0190e+00    0.4055     39.84    1.7117      2.4317    1      0
     4   4   4   250  3.3900e+22     36.97    0.4465  1.0788e+01  2.1306e+00  5.0633e+00    0.4878     41.76    1.7705      2.5646    1      0
     4   4   4   250  3.3900e+22     39.64    0.4787  1.0788e+01  1.6241e+00  6.6423e+00    0.5742     43.58    1.8190      2.6513    1      0
     4   4   4   250  3.3900e+22     41.92    0.5063  1.0788e+01  1.6241e+00  6.6423e+00    0.5777     43.58    1.9239      2.9020    1      0
     4   4   4   250  3.3900e+22     45.57    0.5504  1.0788e+01  8.4525e-01  1.2763e+01    0.7394     46.40    1.9643      2.9287    1      0
     4   4   4   250  3.3900e+22     48.48    0.5855  1.0788e+01  5.3055e-01  2.0333e+01    0.8208     47.54    2.0397      3.1123    1      0
     4   4   4   250  3.3900e+22     49.91    0.6029  1.0788e+01  5.3055e-01  2.0333e+01    0.8231     47.54    2.1000      3.2536    1      0
     4   4   4   250  3.3900e+22     54.04    0.6527  1.0788e+01  1.7271e-01  6.2460e+01    0.9294     48.80    2.2149      3.4622    1      0
     4   4   4   250  3.3900e+22     57.85    0.6987  1.0788e+01  8.8667e-02  1.2167e+02    0.9620     49.09    2.3571      3.9328    1      0
     4   4   4   250  3.3900e+22     61.22    0.7393  1.0788e+01  4.0187e-02  2.6844e+02    0.9815     49.25    2.4857      4.3196    1      0
     4   4   4   250  3.3900e+22     64.50    0.7789  1.0788e+01  1.5042e-02  7.1717e+02    0.9925     49.34    2.6143      4.7513    1      0
     4   4   4   250  3.3900e+22     67.71    0.8178  1.0788e+01  5.1770e-03  2.0838e+03    0.9972     49.37    2.7429      5.2138    1      0
     4   4   4   250  3.3900e+22     70.91    0.8564  1.0788e+01  1.6438e-03  6.5627e+03    0.9990     49.39    2.8714      5.6989    1      0
     4   4   4   250  3.3900e+22     74.09    0.8948  1.0788e+01  4.4191e-04  2.4412e+04    0.9997     49.39    3.0000      6.1625    1      0
     4   4   4   250  3.3900e+22     82.80    1.0000  1.0788e+01  7.0661e-07  1.5267e+07    1.0000     49.39    3.3526      7.7556    1      0
     4   4   4   350  3.3900e+22     18.26    0.1927  1.5651e+01  9.8538e+00  1.5883e+00    0.0738     27.05    1.3498      1.7808    0      0
     4   4   4   350  3.3900e+22     19.74    0.2084  1.5651e+01  9.8538e+00  1.5883e+00    0.0764     27.05    1.4596      1.9477    0      0
     4   4   4   350  3.3900e+22     19.93    0.2104  1.5651e+01  9.8538e+00  1.5883e+00    0.0764     27.05    1.4737      1.9477    0      0
     4   4   4   350  3.3900e+22     21.48    0.2268  1.5651e+01  8.6806e+00  1.8029e+00    0.1125     30.12    1.4267      1.8694    0      0
     4   4   4   350  3.3900e+22     23.40    0.2470  1.5651e+01  8.6806e+00  1.8029e+00    0.1161     30.12    1.5541      2.0824    0      0
     4   4   4   350  3.3900e+22     24.06    0.2540  1.5651e+01  7.4202e+00  2.1092e+00    0.1630     33.44    1.4391      1.8646    0      0
     4   4   4   350  3.3900e+22     25.55    0.2697  1.5651e+01  7.4202e+00  2.1092e+00    0.1685     33.44    1.5281      2.0599    0      0
     4   4   4   350  3.3900e+22     28.02    0.2958  1.5651e+01  6.2414e+00  2.5076e+00    0.2312     36.52    1.5346      2.1138    1      0
     4   4   4   350  3.3900e+22     30.91    0.3263  1.5651e+01  5.2530e+00  2.9794e+00    0.2970     39.00    1.5851      2.2380    1      0
     4   4   4   350  3.3900e+22     34.30    0.3620  1.5651e+01  4.3315e+00  3.6132e+00    0.3707     41.31    1.6604      2.4100    1      0
     4   4   4   350  3.3900e+22     35.43    0.3740  1.5651e+01  4.3315e+00  3.6132e+00    0.3717     41.31    1.7152      2.4951    1      0
     4   4   4   350  3.3900e+22     38.38    0.4052  1.5651e+01  3.4823e+00  4.4943e+00    0.4498     43.47    1.7660      2.5815    1      0
     4   4   4   350  3.3900e+22     42.38    0.4473  1.5651e+01  2.0972e+00  7.4627e+00    0.6048     47.01    1.8030      2.6093    1      0
     4   4   4   350  3.3900e+22     43.56    0.4598  1.5651e+01  2.0972e+00  7.4627e+00    0.6086     47.01    1.8531      2.7767    1      0
     4   4   4   350  3.3900e+22     47.98    0.5064  1.5651e+01  1.5500e+00  1.0097e+01    0.6868     48.38    1.9833      3.0525    1      0
     4   4   4   350  3.3900e+22     50.87    0.5370  1.5651e+01  1.0730e+00  1.4585e+01    0.7632     49.52    2.0548      3.1693    1      0
     4   4   4   350  3.3900e+22     52.87    0.5581  1.5651e+01  7.2236e-01  2.1666e+01    0.8264     50.35    2.1000      3.2954    1      0
     4   4   4   350  3.3900e+22     57.02    0.6019  1.5651e+01  3.0239e-01  5.1756e+01    0.9137     51.35    2.2209      3.5555    1      0
     4   4   4   350  3.3900e+22     60.87    0.6425  1.5651e+01  1.7949e-01  8.7194e+01    0.9457     51.64    2.3572      4.0025    1      0
     4   4   4   350  3.3900e+22     64.43    0.6801  1.5651e+01  9.6189e-02  1.6271e+02    0.9686     51.84    2.4857      4.3868    1      0
     4   4   4   350  3.3900e+22     67.91    0.7168  1.5651e+01  4.9765e-02  3.1449e+02    0.9825     51.95    2.6143      4.7899    1      0
     4   4   4   350  3.3900e+22     71.33    0.7530  1.5651e+01  2.4829e-02  6.3033e+02    0.9907     52.01    2.7429      5.2668    1      0
     4   4   4   350  3.3900e+22     74.73    0.7888  1.5651e+01  1.1284e-02  1.3869e+03    0.9955     52.04    2.8717      5.7174    1      0
     4   4   4   350  3.3900e+22     78.09    0.8243  1.5651e+01  1.9061e-03  8.2110e+03    0.9991     52.07    2.9997      6.2521    1      0
     4   4   4   350  3.3900e+22     94.74    1.0000  1.5651e+01  4.9914e-07  3.1355e+07    1.0000     52.07    3.6388      9.1931    1      0
     4   4   4   500  3.3900e+22     28.47    0.2470  1.0460e+01  5.0005e+00  2.0919e+00    0.1709     38.18    1.4916      2.0984    0      0
     4   4   4   500  3.3900e+22     31.19    0.2706  1.0460e+01  4.3278e+00  2.4170e+00    0.2228     41.06    1.5191      2.1046    1      0
     4   4   4   500  3.3900e+22     34.29    0.2975  1.0460e+01  3.6832e+00  2.8400e+00    0.2844     43.79    1.5660      2.2492    1      0
     4   4   4   500  3.3900e+22     36.65    0.3180  1.0460e+01  3.0740e+00  3.4028e+00    0.3505     46.36    1.5813      2.2727    1      0
     4   4   4   500  3.3900e+22     37.95    0.3292  1.0460e+01  3.0740e+00  3.4028e+00    0.3517     46.36    1.6371      2.3400    1      0
     4   4   4   500  3.3900e+22     42.46    0.3684  1.0460e+01  2.0471e+00  5.1100e+00    0.4908     50.39    1.6853      2.4325    1      0
     4   4   4   500  3.3900e+22     42.79    0.3713  1.0460e+01  2.0471e+00  5.1100e+00    0.4915     50.39    1.6983      2.4599    1      0
     4   4   4   500  3.3900e+22     47.93    0.4158  1.0460e+01  1.6234e+00  6.4433e+00    0.5655     51.99    1.8438      2.7778    1      0
     4   4   4   500  3.3900e+22     48.28    0.4189  1.0460e+01  1.2379e+00  8.4499e+00    0.6351     53.44    1.8069      2.6206    1      0
     4   4   4   500  3.3900e+22     54.66    0.4743  1.0460e+01  7.0396e-01  1.4859e+01    0.7594     55.49    1.9701      2.9982    1      0
     4   4   4   500  3.3900e+22     56.89    0.4936  1.0460e+01  7.0396e-01  1.4859e+01    0.7615     55.49    2.0504      3.2083    1      0
     4   4   4   500  3.3900e+22     59.00    0.5119  1.0460e+01  5.2323e-01  1.9992e+01    0.8097     56.19    2.1000      3.3261    1      0
     4   4   4   500  3.3900e+22     63.77    0.5533  1.0460e+01  2.5588e-01  4.0879e+01    0.8917     57.23    2.2286      3.6559    1      0
     4   4   4   500  3.3900e+22     67.83    0.5885  1.0460e+01  1.7277e-01  6.0546e+01    0.9220     57.55    2.3571      4.0148    1      0
     4   4   4   500  3.3900e+22     71.98    0.6245  1.0460e+01  1.1533e-01  9.0697e+01    0.9445     57.77    2.4919      4.3927    1      0
     4   4   4   500  3.3900e+22     75.87    0.6583  1.0460e+01  4.5301e-02  2.3091e+02    0.9748     58.04    2.6143      4.8118    1      0
     4   4   4   500  3.3900e+22     79.70    0.6915  1.0460e+01  2.7573e-02  3.7937e+02    0.9838     58.11    2.7429      5.2705    1      0
     4   4   4   500  3.3900e+22     83.50    0.7244  1.0460e+01  1.6323e-02  6.4082e+02    0.9898     58.16    2.8714      5.7549    1      0
     4   4   4   500  3.3900e+22     87.30    0.7574  1.0460e+01  5.1512e-03  2.0307e+03    0.9963     58.20    2.9998      6.2599    1      0
     4   4   4   500  3.3900e+22    115.26    1.0000  1.0460e+01  0.0000e+00         nan    1.0000     58.22    3.9593     10.8737    1      0
     4   4   5    SD  3.3900e+22      9.74    0.1026  9.5415e+21  8.3014e+21  1.1494e+00    0.0064     16.33    1.1937      1.5834    0      0
     4   4   5    SD  3.3900e+22      9.96    0.1048  9.5415e+21  8.3014e+21  1.1494e+00    0.0064     16.33    1.2197      1.5834    0      0
     4   4   5    SD  3.3900e+22     13.00    0.1369  9.5415e+21  7.6928e+21  1.2403e+00    0.0151     20.39    1.2753      1.6622    0      0
     4   4   5    SD  3.3900e+22     16.35    0.1722  9.5415e+21  7.0839e+21  1.3469e+00    0.0289     23.87    1.3701      1.8333    0      0
     4   4   5    SD  3.3900e+22     17.71    0.1865  9.5415e+21  7.0839e+21  1.3469e+00    0.0295     23.87    1.4840      2.0207    0      0
     4   4   5    SD  3.3900e+22     19.21    0.2023  9.5415e+21  6.4566e+21  1.4778e+00    0.0481     26.98    1.4244      1.9569    0      0
     4   4   5    SD  3.3900e+22     20.89    0.2199  9.5415e+21  6.4566e+21  1.4778e+00    0.0485     26.98    1.5482      2.0540    0      0
     4   4   5    SD  3.3900e+22     22.73    0.2393  9.5415e+21  5.8380e+21  1.6344e+00    0.0724     30.03    1.5140      2.0141    0      0
     4   4   5    SD  3.3900e+22     24.77    0.2608  9.5415e+21  5.1772e+21  1.8430e+00    0.1052     33.29    1.4882      2.0402    0      0
     4   4   5    SD  3.3900e+22     27.20    0.2864  9.5415e+21  4.5448e+21  2.0994e+00    0.1435     36.39    1.4950      2.0228    0      0
     4   4   5    SD  3.3900e+22     28.93    0.3046  9.5415e+21  4.5448e+21  2.0994e+00    0.1468     36.39    1.5902      2.2201    0      0
     4   4   5    SD  3.3900e+22     29.90    0.3148  9.5415e+21  4.5448e+21  2.0994e+00    0.1472     36.39    1.6432      2.3048    0      0
     4   4   5    SD  3.3900e+22     33.09    0.3484  9.5415e+21  3.5209e+21  2.7100e+00    0.2303     41.29    1.6032      2.1930    1      0
     4   4   5    SD  3.3900e+22     36.83    0.3877  9.5415e+21  3.0590e+21  3.1191e+00    0.2840     43.52    1.6925      2.4434    1      0
     4   4   5    SD  3.3900e+22     38.25    0.4027  9.5415e+21  3.0590e+21  3.1191e+00    0.2853     43.52    1.7581      2.5734    1      0
     4   4   5    SD  3.3900e+22     41.38    0.4357  9.5415e+21  2.6274e+21  3.6316e+00    0.3406     45.61    1.8145      2.6790    1      0
     4   4   5    SD  3.3900e+22     43.45    0.4574  9.5415e+21  2.2660e+21  4.2108e+00    0.3934     47.36    1.8346      2.7367    1      0
     4   4   5    SD  3.3900e+22     47.02    0.4951  9.5415e+21  1.9242e+21  4.9586e+00    0.4512     48.95    1.9210      2.9190    1      0
     4   4   5    SD  3.3900e+22     49.15    0.5175  9.5415e+21  1.5983e+21  5.9696e+00    0.5122     50.43    1.9490      2.9164    1      0
     4   4   5    SD  3.3900e+22     54.21    0.5708  9.5415e+21  1.0857e+21  8.7882e+00    0.6277     52.76    2.0549      3.0968    1      0
     4   4   5    SD  3.3900e+22     55.40    0.5833  9.5415e+21  1.0857e+21  8.7882e+00    0.6297     52.76    2.1000      3.2422    1      0
     4   4   5    SD  3.3900e+22     60.66    0.6387  9.5415e+21  6.7477e+20  1.4140e+01    0.7436     54.66    2.2199      3.3994    1      0
     4   4   5    SD  3.3900e+22     63.53    0.6689  9.5415e+21  4.7925e+20  1.9909e+01    0.8065     55.58    2.2860      3.5135    1      0
     4   4   5    SD  3.3900e+22     65.78    0.6926  9.5415e+21  4.7925e+20  1.9909e+01    0.8085     55.58    2.3669      3.7142    1      0
     4   4   5    SD  3.3900e+22     70.80    0.7455  9.5415e+21  1.8710e+20  5.0998e+01    0.9161     56.97    2.4857      3.9925    1      0
     4   4   5    SD  3.3900e+22     75.27    0.7924  9.5415e+21  3.8745e+19  2.4626e+02    0.9798     57.67    2.6101      4.3017    1      0
     4   4   5    SD  3.3900e+22     79.26    0.8345  9.5415e+21  1.3582e+19  7.0250e+02    0.9926     57.79    2.7428      4.7018    1      0
     4   4   5    SD  3.3900e+22     83.04    0.8743  9.5415e+21  3.9511e+18  2.4149e+03    0.9977     57.84    2.8714      5.1247    1      0
     4   4   5    SD  3.3900e+22     86.78    0.9137  9.5415e+21  8.8660e+17  1.0762e+04    0.9995     57.85    3.0000      5.5594    1      0
     4   4   5    SD  3.3900e+22     94.98    1.0000  9.5415e+21  7.7053e+14  1.2383e+07    1.0000     57.86    3.2833      6.6865    1      0
     4   4   5   070  3.3900e+22     86.45    1.0000 -9.6729e-01         nan         nan       nan       nan       nan         nan    0      1
     4   4   5   100  3.3900e+22     88.35    1.0000 -1.4392e+00         nan         nan       nan       nan       nan         nan    0      1
     4   4   5   160  3.3900e+22     28.50    0.3001  6.6091e-02  8.0936e-02  8.1658e-01    0.0411       nan       nan         nan    0      0
     4   4   5   160  3.3900e+22     29.17    0.3071  6.6091e-02  8.0936e-02  8.1658e-01    0.0411       nan       nan         nan    0      0
     4   4   5   160  3.3900e+22     29.95    0.3153  6.6091e-02  8.0936e-02  8.1658e-01    0.0414       nan       nan         nan    0      0
     4   4   5   160  3.3900e+22     31.01    0.3264  6.6091e-02  7.3262e-02  9.0212e-01    0.0740       nan       nan         nan    0      0
     4   4   5   160  3.3900e+22     32.16    0.3386  6.6091e-02  7.3262e-02  9.0212e-01    0.0749       nan       nan         nan    0      0
     4   4   5   160  3.3900e+22     33.60    0.3538  6.6091e-02  6.5376e-02  1.0109e+00    0.1167     71.73    0.9369      0.0326    0      0
     4   4   5   160  3.3900e+22     35.34    0.3721  6.6091e-02  6.5376e-02  1.0109e+00    0.1187     71.73    0.9855      0.0349    0      0
     4   4   5   160  3.3900e+22     37.49    0.3947  6.6091e-02  5.7839e-02  1.1427e+00    0.1670     74.72    1.0035      0.3207    0      0
     4   4   5   160  3.3900e+22     40.15    0.4227  6.6091e-02  5.0715e-02  1.3032e+00    0.2207     77.55    1.0354      0.5188    1      0
     4   4   5   160  3.3900e+22     43.46    0.4575  6.6091e-02  4.4619e-02  1.4812e+00    0.2754     80.09    1.0852      0.6883    1      0
     4   4   5   160  3.3900e+22     47.58    0.5009  6.6091e-02  3.8623e-02  1.7112e+00    0.3362     82.62    1.1518      0.8602    1      0
     4   4   5   160  3.3900e+22     52.54    0.5531  6.6091e-02  2.7468e-02  2.4061e+00    0.4703     87.87    1.1958      1.0609    1      0
     4   4   5   160  3.3900e+22     53.91    0.5676  6.6091e-02  2.7468e-02  2.4061e+00    0.4710     87.87    1.2271      1.0942    1      0
     4   4   5   160  3.3900e+22     58.63    0.6173  6.6091e-02  1.8631e-02  3.5473e+00    0.6041     92.26    1.2710      1.2527    1      0
     4   4   5   160  3.3900e+22     62.84    0.6617  6.6091e-02  1.4341e-02  4.6086e+00    0.6800     94.41    1.3313      1.3833    1      0
     4   4   5   160  3.3900e+22     65.89    0.6937  6.6091e-02  1.0037e-02  6.5846e+00    0.7629     96.56    1.3646      1.4759    1      0
     4   4   5   160  3.3900e+22     73.42    0.7730  6.6091e-02  1.7018e-03  3.8835e+01    0.9516    100.77    1.4571      1.6935    1      0
     4   4   5   160  3.3900e+22     80.49    0.8474  6.6091e-02  2.1064e-04  3.1375e+02    0.9932    101.52    1.5857      1.9735    1      0
     4   4   5   160  3.3900e+22     87.11    0.9171  6.6091e-02  1.8542e-06  3.5643e+04    0.9999    101.62    1.7142      2.3140    1      0
     4   4   5   160  3.3900e+22     93.64    0.9859  6.6091e-02  5.2299e-09  1.2637e+07    1.0000    101.63    1.8429      2.6859    1      0
     4   4   5   160  3.3900e+22     94.98    1.0000  6.6091e-02  5.2299e-09  1.2637e+07    1.0000    101.63    1.8692      2.7631    1      0
     4   4   5   250  3.3900e+22     12.70    0.1232  8.5252e+00  7.1516e+00  1.1921e+00    0.0111     20.64    1.2303      1.5780    0      0
     4   4   5   250  3.3900e+22     17.61    0.1710  8.5252e+00  6.6673e+00  1.2787e+00    0.0229     24.29    1.4500      1.9722    0      0
     4   4   5   250  3.3900e+22     17.99    0.1746  8.5252e+00  6.6673e+00  1.2787e+00    0.0229     24.29    1.4812      1.9722    0      0
     4   4   5   250  3.3900e+22     19.00    0.1845  8.5252e+00  6.1528e+00  1.3856e+00    0.0376     27.60    1.3773      1.8186    0      0
     4   4   5   250  3.3900e+22     20.57    0.1997  8.5252e+00  6.1528e+00  1.3856e+00    0.0386     27.60    1.4910      1.9926    0      0
     4   4   5   250  3.3900e+22     22.31    0.2166  8.5252e+00  5.6290e+00  1.5145e+00    0.0589     30.92    1.4432      1.9429    0      0
     4   4   5   250  3.3900e+22     24.19    0.2348  8.5252e+00  5.0524e+00  1.6874e+00    0.0869     34.49    1.4026      1.9024    0      0
     4   4   5   250  3.3900e+22     26.35    0.2558  8.5252e+00  5.0524e+00  1.6874e+00    0.0889     34.49    1.5280      2.1038    0      0
     4   4   5   250  3.3900e+22     28.80    0.2796  8.5252e+00  4.4854e+00  1.9006e+00    0.1250     37.89    1.5205      2.1148    0      0
     4   4   5   250  3.3900e+22     31.54    0.3062  8.5252e+00  4.0023e+00  2.1301e+00    0.1627     40.71    1.5499      2.1673    0      0
     4   4   5   250  3.3900e+22     34.76    0.3374  8.5252e+00  3.5364e+00  2.4107e+00    0.2065     43.40    1.6021      2.2719    1      0
     4   4   5   250  3.3900e+22     36.04    0.3498  8.5252e+00  3.0975e+00  2.7523e+00    0.2503     45.91    1.5701      2.1359    1      0
     4   4   5   250  3.3900e+22     38.54    0.3741  8.5252e+00  3.0975e+00  2.7523e+00    0.2554     45.91    1.6791      2.4545    1      0
     4   4   5   250  3.3900e+22     42.69    0.4144  8.5252e+00  2.3298e+00  3.6592e+00    0.3591     50.10    1.7045      2.4706    1      0
     4   4   5   250  3.3900e+22     43.12    0.4186  8.5252e+00  2.3298e+00  3.6592e+00    0.3600     50.10    1.7217      2.5260    1      0
     4   4   5   250  3.3900e+22     48.69    0.4726  8.5252e+00  1.6672e+00  5.1135e+00    0.4778     53.54    1.8185      2.6579    1      0
     4   4   5   250  3.3900e+22     48.77    0.4733  8.5252e+00  1.6672e+00  5.1135e+00    0.4778     53.54    1.8215      2.6579    1      0
     4   4   5   250  3.3900e+22     55.49    0.5387  8.5252e+00  1.1450e+00  7.4455e+00    0.5989     56.30    1.9714      2.9867    1      0
     4   4   5   250  3.3900e+22     55.83    0.5419  8.5252e+00  1.1450e+00  7.4455e+00    0.5991     56.30    1.9834      3.0077    1      0
     4   4   5   250  3.3900e+22     61.45    0.5965  8.5252e+00  7.2425e-01  1.1771e+01    0.7170     58.53    2.1000      3.1914    1      0
     4   4   5   250  3.3900e+22     64.86    0.6295  8.5252e+00  5.2992e-01  1.6088e+01    0.7805     59.55    2.1781      3.3707    1      0
     4   4   5   250  3.3900e+22     67.38    0.6540  8.5252e+00  3.7019e-01  2.3029e+01    0.8369     60.47    2.2286      3.4415    1      0
     4   4   5   250  3.3900e+22     72.91    0.7077  8.5252e+00  1.4603e-01  5.8380e+01    0.9272     61.86    2.3571      3.7568    1      0
     4   4   5   250  3.3900e+22     77.48    0.7520  8.5252e+00  7.9088e-02  1.0779e+02    0.9585     62.28    2.4882      4.1202    1      0
     4   4   5   250  3.3900e+22     81.90    0.7950  8.5252e+00  1.7757e-02  4.8011e+02    0.9894     62.66    2.6143      4.5200    1      0
     4   4   5   250  3.3900e+22     86.02    0.8350  8.5252e+00  6.9907e-03  1.2195e+03    0.9956     62.72    2.7429      4.9561    1      0
     4   4   5   250  3.3900e+22     90.10    0.8745  8.5252e+00  7.4462e-04  1.1449e+04    0.9994     62.76    2.8711      5.4055    1      0
     4   4   5   250  3.3900e+22     94.15    0.9139  8.5252e+00  2.0781e-04  4.1024e+04    0.9998     62.77    3.0000      5.8913    1      0
     4   4   5   250  3.3900e+22    103.02    1.0000  8.5252e+00  0.0000e+00         nan    1.0000     62.77    3.2827      7.0561    1      0
     4   4   5   350  3.3900e+22     18.19    0.1585  1.2723e+01  9.3966e+00  1.3540e+00    0.0319     27.68    1.3141      1.6589    0      0
     4   4   5   350  3.3900e+22     19.66    0.1713  1.2723e+01  9.3966e+00  1.3540e+00    0.0339     27.68    1.4201      1.8915    0      0
     4   4   5   350  3.3900e+22     21.31    0.1857  1.2723e+01  8.6484e+00  1.4711e+00    0.0513     31.07    1.3719      1.8036    0      0
     4   4   5   350  3.3900e+22     23.07    0.2010  1.2723e+01  8.6484e+00  1.4711e+00    0.0530     31.07    1.4852      2.0052    0      0
     4   4   5   350  3.3900e+22     25.00    0.2179  1.2723e+01  7.8161e+00  1.6277e+00    0.0788     34.73    1.4399      1.9404    0      0
     4   4   5   350  3.3900e+22     27.28    0.2378  1.2723e+01  6.9878e+00  1.8207e+00    0.1105     38.22    1.4276      1.9095    0      0
     4   4   5   350  3.3900e+22     27.71    0.2415  1.2723e+01  6.9878e+00  1.8207e+00    0.1121     38.22    1.4502      1.9979    0      0
     4   4   5   350  3.3900e+22     29.77    0.2594  1.2723e+01  6.9878e+00  1.8207e+00    0.1135     38.22    1.5577      2.1710    0      0
     4   4   5   350  3.3900e+22     32.59    0.2840  1.2723e+01  6.2719e+00  2.0285e+00    0.1492     41.17    1.5834      2.2724    0      0
     4   4   5   350  3.3900e+22     35.85    0.3124  1.2723e+01  5.5726e+00  2.2830e+00    0.1905     44.00    1.6295      2.3120    0      0
     4   4   5   350  3.3900e+22     36.63    0.3192  1.2723e+01  4.9045e+00  2.5940e+00    0.2355     46.68    1.5694      2.2507    1      0
     4   4   5   350  3.3900e+22     39.71    0.3460  1.2723e+01  4.2639e+00  2.9838e+00    0.2867     49.12    1.6170      2.2993    1      0
     4   4   5   350  3.3900e+22     44.29    0.3860  1.2723e+01  3.7152e+00  3.4244e+00    0.3397     51.10    1.7337      2.5146    1      0
     4   4   5   350  3.3900e+22     44.29    0.3860  1.2723e+01  3.7152e+00  3.4244e+00    0.3397     51.10    1.7337      2.5146    1      0
     4   4   5   350  3.3900e+22     49.88    0.4347  1.2723e+01  2.6710e+00  4.7632e+00    0.4581     54.86    1.8184      2.6872    1      0
     4   4   5   350  3.3900e+22     50.70    0.4418  1.2723e+01  2.6710e+00  4.7632e+00    0.4585     54.86    1.8481      2.7344    1      0
     4   4   5   350  3.3900e+22     56.92    0.4960  1.2723e+01  1.8479e+00  6.8849e+00    0.5773     57.85    1.9681      2.9865    1      0
     4   4   5   350  3.3900e+22     58.20    0.5072  1.2723e+01  1.5153e+00  8.3959e+00    0.6325     59.05    1.9713      2.9590    1      0
     4   4   5   350  3.3900e+22     64.49    0.5620  1.2723e+01  9.1425e-01  1.3916e+01    0.7501     61.42    2.1000      3.2326    1      0
     4   4   5   350  3.3900e+22     66.42    0.5788  1.2723e+01  6.7898e-01  1.8738e+01    0.8019     62.41    2.1288      3.2784    1      0
     4   4   5   350  3.3900e+22     70.41    0.6136  1.2723e+01  4.9129e-01  2.5896e+01    0.8491     63.19    2.2286      3.5345    1      0
     4   4   5   350  3.3900e+22     75.83    0.6608  1.2723e+01  2.1741e-01  5.8519e+01    0.9242     64.34    2.3571      3.8310    1      0
     4   4   5   350  3.3900e+22     80.39    0.7005  1.2723e+01  1.3597e-01  9.3566e+01    0.9501     64.68    2.4857      4.1837    1      0
     4   4   5   350  3.3900e+22     85.05    0.7411  1.2723e+01  4.4887e-02  2.8344e+02    0.9814     65.06    2.6143      4.6185    1      0
     4   4   5   350  3.3900e+22     89.35    0.7786  1.2723e+01  2.3494e-02  5.4153e+02    0.9898     65.15    2.7429      5.0357    1      0
     4   4   5   350  3.3900e+22     93.64    0.8159  1.2723e+01  5.3552e-03  2.3757e+03    0.9974     65.23    2.8710      5.5005    1      0
     4   4   5   350  3.3900e+22     97.86    0.8528  1.2723e+01  2.3874e-03  5.3290e+03    0.9988     65.24    3.0000      5.9965    1      0
     4   4   5   350  3.3900e+22    114.76    1.0000  1.2723e+01  0.0000e+00         nan    1.0000     65.25    3.5174      8.2422    1      0
     4   4   5   500  3.3900e+22     27.20    0.2022  9.0866e+00  5.4944e+00  1.6538e+00    0.0859     39.18    1.3883      1.8543    0      0
     4   4   5   500  3.3900e+22     29.54    0.2196  9.0866e+00  5.4944e+00  1.6538e+00    0.0881     39.18    1.5076      2.0289    0      0
     4   4   5   500  3.3900e+22     29.61    0.2201  9.0866e+00  5.4944e+00  1.6538e+00    0.0883     39.18    1.5115      2.0797    0      0
     4   4   5   500  3.3900e+22     32.13    0.2388  9.0866e+00  4.9981e+00  1.8180e+00    0.1179     42.43    1.5145      2.1039    0      0
     4   4   5   500  3.3900e+22     35.13    0.2611  9.0866e+00  4.5008e+00  2.0189e+00    0.1536     45.55    1.5424      2.2165    0      0
     4   4   5   500  3.3900e+22     38.52    0.2863  9.0866e+00  4.0128e+00  2.2644e+00    0.1944     48.53    1.5873      2.2916    0      0
     4   4   5   500  3.3900e+22     39.88    0.2964  9.0866e+00  3.5336e+00  2.5715e+00    0.2394     51.17    1.5587      2.1789    1      0
     4   4   5   500  3.3900e+22     42.53    0.3162  9.0866e+00  3.1142e+00  2.9178e+00    0.2864     53.47    1.5908      2.2426    1      0
     4   4   5   500  3.3900e+22     47.21    0.3509  9.0866e+00  2.7024e+00  3.3624e+00    0.3412     55.70    1.6953      2.4699    1      0
     4   4   5   500  3.3900e+22     49.07    0.3647  9.0866e+00  2.2975e+00  3.9550e+00    0.3990     57.87    1.6956      2.4425    1      0
     4   4   5   500  3.3900e+22     52.93    0.3934  9.0866e+00  1.9477e+00  4.6653e+00    0.4574     59.75    1.7714      2.5796    1      0
     4   4   5   500  3.3900e+22     57.24    0.4255  9.0866e+00  1.3829e+00  6.5709e+00    0.5644     63.14    1.8133      2.6361    1      0
     4   4   5   500  3.3900e+22     60.28    0.4481  9.0866e+00  1.1367e+00  7.9936e+00    0.6200     64.63    1.8656      2.7551    1      0
     4   4   5   500  3.3900e+22     65.06    0.4836  9.0866e+00  9.0879e-01  9.9986e+00    0.6784     66.00    1.9714      3.0327    1      0
     4   4   5   500  3.3900e+22     70.78    0.5261  9.0866e+00  5.6628e-01  1.6046e+01    0.7748     68.07    2.0795      3.2672    1      0
     4   4   5   500  3.3900e+22     72.05    0.5356  9.0866e+00  4.3085e-01  2.1090e+01    0.8163     68.89    2.0917      3.2295    1      0
     4   4   5   500  3.3900e+22     77.62    0.5770  9.0866e+00  3.2101e-01  2.8307e+01    0.8566     69.55    2.2321      3.6380    1      0
     4   4   5   500  3.3900e+22     83.04    0.6173  9.0866e+00  1.6994e-01  5.3471e+01    0.9152     70.46    2.3571      3.9869    1      0
     4   4   5   500  3.3900e+22     88.24    0.6560  9.0866e+00  8.0717e-02  1.1257e+02    0.9550     71.00    2.4857      4.3654    1      0
     4   4   5   500  3.3900e+22     93.17    0.6926  9.0866e+00  3.4672e-02  2.6207e+02    0.9783     71.28    2.6143      4.7545    1      0
     4   4   5   500  3.3900e+22     97.86    0.7274  9.0866e+00  2.2109e-02  4.1100e+02    0.9856     71.35    2.7428      5.2194    1      0
     4   4   5   500  3.3900e+22    102.57    0.7624  9.0866e+00  7.6977e-03  1.1804e+03    0.9944     71.44    2.8714      5.7089    1      0
     4   4   5   500  3.3900e+22    107.19    0.7968  9.0866e+00  4.3854e-03  2.0720e+03    0.9967     71.46    3.0000      6.1933    1      0
     4   4   5   500  3.3900e+22    134.52    1.0000  9.0866e+00  3.5860e-06  2.5339e+06    1.0000     71.49    3.7636      9.7505    1      0
     4   4   6    SD  3.3900e+22     21.62    0.1741  6.6340e+21  4.9737e+21  1.3338e+00    0.0271     31.34    1.3801      1.7844    0      0
     4   4   6    SD  3.3900e+22     21.77    0.1753  6.6340e+21  4.9737e+21  1.3338e+00    0.0275     31.34    1.3894      1.8471    0      0
     4   4   6    SD  3.3900e+22     23.61    0.1901  6.6340e+21  4.9737e+21  1.3338e+00    0.0281     31.34    1.5068      2.0626    0      0
     4   4   6    SD  3.3900e+22     25.59    0.2060  6.6340e+21  4.6140e+21  1.4378e+00    0.0425     35.24    1.4521      1.9363    0      0
     4   4   6    SD  3.3900e+22     27.74    0.2233  6.6340e+21  4.2542e+21  1.5594e+00    0.0609     38.85    1.4280      1.9586    0      0
     4   4   6    SD  3.3900e+22     30.24    0.2435  6.6340e+21  3.9318e+21  1.6873e+00    0.0809     42.02    1.4396      1.9666    0      0
     4   4   6    SD  3.3900e+22     33.00    0.2657  6.6340e+21  3.9318e+21  1.6873e+00    0.0824     42.02    1.5707      2.2372    0      0
     4   4   6    SD  3.3900e+22     35.97    0.2896  6.6340e+21  3.6108e+21  1.8373e+00    0.1068     45.12    1.5945      2.2406    0      0
     4   4   6    SD  3.3900e+22     36.11    0.2907  6.6340e+21  3.2964e+21  2.0125e+00    0.1319     48.14    1.5001      2.0209    0      0
     4   4   6    SD  3.3900e+22     39.77    0.3202  6.6340e+21  2.9856e+21  2.2220e+00    0.1659     50.73    1.5677      2.2020    0      0
     4   4   6    SD  3.3900e+22     43.87    0.3532  6.6340e+21  2.7130e+21  2.4453e+00    0.1997     53.01    1.6552      2.3922    0      0
     4   4   6    SD  3.3900e+22     48.82    0.3930  6.6340e+21  2.1722e+21  3.0540e+00    0.2773     57.52    1.6975      2.4147    1      0
     4   4   6    SD  3.3900e+22     49.76    0.4007  6.6340e+21  2.1722e+21  3.0540e+00    0.2786     57.52    1.7304      2.5202    1      0
     4   4   6    SD  3.3900e+22     54.78    0.4411  6.6340e+21  1.7280e+21  3.8392e+00    0.3599     61.36    1.7855      2.5886    1      0
     4   4   6    SD  3.3900e+22     57.14    0.4601  6.6340e+21  1.5419e+21  4.3026e+00    0.3996     63.09    1.8113      2.6231    1      0
     4   4   6    SD  3.3900e+22     62.13    0.5002  6.6340e+21  1.3614e+21  4.8728e+00    0.4447     64.77    1.9183      2.9042    1      0
     4   4   6    SD  3.3900e+22     66.15    0.5326  6.6340e+21  1.0325e+21  6.4249e+00    0.5335     67.84    1.9501      2.9140    1      0
     4   4   6    SD  3.3900e+22     71.66    0.5769  6.6340e+21  8.9642e+20  7.4006e+00    0.5781     69.11    2.0737      3.2145    1      0
     4   4   6    SD  3.3900e+22     73.95    0.5954  6.6340e+21  7.6691e+20  8.6503e+00    0.6221     70.32    2.1031      3.2459    1      0
     4   4   6    SD  3.3900e+22     81.67    0.6575  6.6340e+21  4.5200e+20  1.4677e+01    0.7471     73.29    2.2286      3.5011    1      0
     4   4   6    SD  3.3900e+22     84.69    0.6818  6.6340e+21  3.6590e+20  1.8131e+01    0.7869     74.12    2.2852      3.6070    1      0
     4   4   6    SD  3.3900e+22     88.23    0.7103  6.6340e+21  2.8785e+20  2.3047e+01    0.8259     74.86    2.3572      3.7687    1      0
     4   4   6    SD  3.3900e+22     94.61    0.7617  6.6340e+21  1.5536e+20  4.2700e+01    0.8986     76.12    2.4857      4.0792    1      0
     4   4   6    SD  3.3900e+22    100.70    0.8108  6.6340e+21  5.9417e+19  1.1165e+02    0.9579     77.04    2.6143      4.4054    1      0
     4   4   6    SD  3.3900e+22    106.27    0.8556  6.6340e+21  1.2210e+19  5.4333e+02    0.9904     77.49    2.7429      4.7752    1      0
     4   4   6    SD  3.3900e+22    111.38    0.8968  6.6340e+21  1.2071e+18  5.4959e+03    0.9989     77.60    2.8709      5.2185    1      0
     4   4   6    SD  3.3900e+22    116.41    0.9372  6.6340e+21  2.6133e+17  2.5386e+04    0.9998     77.60    3.0001      5.6570    1      0
     4   4   6    SD  3.3900e+22    124.20    1.0000  6.6340e+21  0.0000e+00         nan    1.0000     77.61    3.2009      6.4679    1      0
     4   4   6   070  3.3900e+22    115.97    1.0000 -6.6950e-01         nan         nan       nan       nan       nan         nan    0      1
     4   4   6   100  3.3900e+22    117.33    1.0000 -9.9724e-01         nan         nan       nan       nan       nan         nan    0      1
     4   4   6   160  3.3900e+22     30.77    0.2477  7.4663e-02  7.4168e-02  1.0067e+00    0.0386     65.71    0.9365      0.0563    0      0
     4   4   6   160  3.3900e+22     31.58    0.2543  7.4663e-02  7.4168e-02  1.0067e+00    0.0394     65.71    0.9613      0.0577    0      0
     4   4   6   160  3.3900e+22     32.52    0.2618  7.4663e-02  7.4168e-02  1.0067e+00    0.0400     65.71    0.9896      0.0608    0      0
     4   4   6   160  3.3900e+22     33.66    0.2710  7.4663e-02  6.8103e-02  1.0963e+00    0.0720     68.76    0.9791      0.4816    0      0
     4   4   6   160  3.3900e+22     34.92    0.2812  7.4663e-02  6.8103e-02  1.0963e+00    0.0731     68.76    1.0159      0.4980    0      0
     4   4   6   160  3.3900e+22     36.40    0.2931  7.4663e-02  6.1239e-02  1.2192e+00    0.1156     72.13    1.0094      0.7116    0      0
     4   4   6   160  3.3900e+22     38.07    0.3065  7.4663e-02  6.1239e-02  1.2192e+00    0.1180     72.13    1.0556      0.7573    0      0
     4   4   6   160  3.3900e+22     40.09    0.3228  7.4663e-02  5.3713e-02  1.3900e+00    0.1736     75.42    1.0631      0.8922    0      0
     4   4   6   160  3.3900e+22     42.33    0.3408  7.4663e-02  4.6761e-02  1.5967e+00    0.2324     78.42    1.0796      0.9826    1      0
     4   4   6   160  3.3900e+22     45.08    0.3630  7.4663e-02  3.9922e-02  1.8702e+00    0.3001     81.15    1.1112      1.0818    1      0
     4   4   6   160  3.3900e+22     48.44    0.3900  7.4663e-02  3.3426e-02  2.2337e+00    0.3743     83.74    1.1570      1.1919    1      0
     4   4   6   160  3.3900e+22     51.05    0.4110  7.4663e-02  2.8069e-02  2.6599e+00    0.4411     86.03    1.1867      1.2541    1      0
     4   4   6   160  3.3900e+22     52.88    0.4257  7.4663e-02  2.8069e-02  2.6599e+00    0.4454     86.03    1.2293      1.3415    1      0
     4   4   6   160  3.3900e+22     58.76    0.4731  7.4663e-02  1.9353e-02  3.8580e+00    0.5763     89.79    1.3089      1.5191    1      0
     4   4   6   160  3.3900e+22     60.24    0.4850  7.4663e-02  1.5363e-02  4.8599e+00    0.6433     91.53    1.3162      1.5366    1      0
     4   4   6   160  3.3900e+22     66.37    0.5344  7.4663e-02  8.3160e-03  8.9783e+00    0.7848     94.62    1.4029      1.7167    1      0
     4   4   6   160  3.3900e+22     69.78    0.5618  7.4663e-02  5.6936e-03  1.3114e+01    0.8458     95.78    1.4571      1.8279    1      0
     4   4   6   160  3.3900e+22     77.73    0.6258  7.4663e-02  1.6636e-03  4.4881e+01    0.9511     97.62    1.5923      2.1170    1      0
     4   4   6   160  3.3900e+22     78.75    0.6340  7.4663e-02  2.5644e-04  2.9115e+02    0.9912     98.27    1.6026      2.1378    1      0
     4   4   6   160  3.3900e+22     85.06    0.6848  7.4663e-02 -1.8164e-03         nan    1.0589     99.23    1.7143      2.4148    1      0
     4   4   6   160  3.3900e+22     91.82    0.7393  7.4663e-02 -2.7276e-03         nan    1.0926     99.65    1.8429      2.7527    1      0
     4   4   6   160  3.3900e+22     97.96    0.7887  7.4663e-02 -2.1328e-03         nan    1.0705     99.38    1.9714      2.5839    1      0
     4   4   6   160  3.3900e+22    103.70    0.8349  7.4663e-02 -8.0542e-04         nan    1.0254     98.76    2.1000      2.3754    1      0
     4   4   6   160  3.3900e+22    109.71    0.8833  7.4663e-02 -1.3721e-04         nan    1.0042     98.46    2.2286      2.3175    1      0
     4   4   6   160  3.3900e+22    115.97    0.9337  7.4663e-02 -9.6652e-06         nan    1.0003     98.40    2.3571      2.2991    1      0
     4   4   6   160  3.3900e+22    122.29    0.9846  7.4663e-02 -2.5099e-07         nan    1.0000     98.39    2.4857      2.2994    1      0
     4   4   6   160  3.3900e+22    124.20    1.0000  7.4663e-02  0.0000e+00         nan    1.0000     98.39    2.5247      2.2995    1      0
     4   4   6   250  3.3900e+22     21.34    0.1618  6.2301e+00  4.8764e+00  1.2776e+00    0.0223     31.87    1.3389      1.7490    0      0
     4   4   6   250  3.3900e+22     23.04    0.1747  6.2301e+00  4.8764e+00  1.2776e+00    0.0231     31.87    1.4457      1.9425    0      0
     4   4   6   250  3.3900e+22     24.92    0.1890  6.2301e+00  4.5596e+00  1.3664e+00    0.0356     36.07    1.3817      1.8587    0      0
     4   4   6   250  3.3900e+22     26.91    0.2040  6.2301e+00  4.5596e+00  1.3664e+00    0.0362     36.07    1.4920      2.0589    0      0
     4   4   6   250  3.3900e+22     29.11    0.2207  6.2301e+00  4.2346e+00  1.4713e+00    0.0528     39.89    1.4594      1.9850    0      0
     4   4   6   250  3.3900e+22     31.63    0.2398  6.2301e+00  3.9361e+00  1.5828e+00    0.0714     43.34    1.4597      2.0079    0      0
     4   4   6   250  3.3900e+22     31.82    0.2412  6.2301e+00  3.9361e+00  1.5828e+00    0.0714     43.34    1.4682      2.0079    0      0
     4   4   6   250  3.3900e+22     34.41    0.2610  6.2301e+00  3.6333e+00  1.7147e+00    0.0943     46.75    1.4721      2.0776    0      0
     4   4   6   250  3.3900e+22     37.52    0.2845  6.2301e+00  3.3313e+00  1.8702e+00    0.1207     49.81    1.5065      2.1035    0      0
     4   4   6   250  3.3900e+22     41.09    0.3116  6.2301e+00  3.0285e+00  2.0572e+00    0.1524     52.68    1.5599      2.2317    0      0
     4   4   6   250  3.3900e+22     41.92    0.3179  6.2301e+00  3.0285e+00  2.0572e+00    0.1525     52.68    1.5916      2.2902    0      0
     4   4   6   250  3.3900e+22     45.25    0.3431  6.2301e+00  2.4918e+00  2.5002e+00    0.2188     57.67    1.5694      2.1945    1      0
     4   4   6   250  3.3900e+22     50.06    0.3796  6.2301e+00  2.2225e+00  2.8031e+00    0.2619     60.17    1.6642      2.4045    1      0
     4   4   6   250  3.3900e+22     56.01    0.4247  6.2301e+00  1.7773e+00  3.5053e+00    0.3435     64.64    1.7331      2.5383    1      0
     4   4   6   250  3.3900e+22     56.88    0.4313  6.2301e+00  1.7773e+00  3.5053e+00    0.3437     64.64    1.7599      2.5921    1      0
     4   4   6   250  3.3900e+22     63.35    0.4804  6.2301e+00  1.2280e+00  5.0736e+00    0.4723     70.10    1.8074      2.6659    1      0
     4   4   6   250  3.3900e+22     65.38    0.4957  6.2301e+00  1.2280e+00  5.0736e+00    0.4737     70.10    1.8652      2.8014    1      0
     4   4   6   250  3.3900e+22     72.43    0.5492  6.2301e+00  7.9969e-01  7.7906e+00    0.6054     74.35    1.9483      2.9391    1      0
     4   4   6   250  3.3900e+22     72.73    0.5515  6.2301e+00  7.9969e-01  7.7906e+00    0.6060     74.35    1.9565      2.9874    1      0
     4   4   6   250  3.3900e+22     81.46    0.6177  6.2301e+00  4.7456e-01  1.3128e+01    0.7339     77.58    2.1000      3.2495    1      0
     4   4   6   250  3.3900e+22     85.61    0.6491  6.2301e+00  3.8493e-01  1.6185e+01    0.7759     78.47    2.1819      3.4565    1      0
     4   4   6   250  3.3900e+22     88.33    0.6698  6.2301e+00  3.0394e-01  2.0498e+01    0.8155     79.27    2.2286      3.5579    1      0
     4   4   6   250  3.3900e+22     94.99    0.7203  6.2301e+00  1.6998e-01  3.6651e+01    0.8881     80.60    2.3571      3.8495    1      0
     4   4   6   250  3.3900e+22    101.61    0.7705  6.2301e+00  7.6149e-02  8.1815e+01    0.9455     81.53    2.4925      4.1896    1      0
     4   4   6   250  3.3900e+22    107.24    0.8132  6.2301e+00  2.4181e-02  2.5765e+02    0.9810     82.04    2.6143      4.5433    1      0
     4   4   6   250  3.3900e+22    112.78    0.8551  6.2301e+00  5.3088e-03  1.1735e+03    0.9954     82.23    2.7429      4.9795    1      0
     4   4   6   250  3.3900e+22    118.12    0.8957  6.2301e+00  7.1988e-04  8.6543e+03    0.9993     82.28    2.8714      5.4418    1      0
     4   4   6   250  3.3900e+22    123.42    0.9359  6.2301e+00  5.9344e-05  1.0498e+05    0.9999     82.28    3.0000      5.9391    1      0
     4   4   6   250  3.3900e+22    131.88    1.0000  6.2301e+00  1.7771e-06  3.5057e+06    1.0000     82.28    3.2055      6.7691    1      0
     4   4   6   350  3.3900e+22     20.28    0.1416  9.5184e+00  7.8951e+00  1.2056e+00    0.0138     28.24    1.4362      1.9284    0      0
     4   4   6   350  3.3900e+22     23.44    0.1637  9.5184e+00  7.4989e+00  1.2693e+00    0.0218     31.87    1.4712      2.0194    0      0
     4   4   6   350  3.3900e+22     25.33    0.1768  9.5184e+00  7.0278e+00  1.3544e+00    0.0335     36.05    1.4052      1.8599    0      0
     4   4   6   350  3.3900e+22     27.36    0.1910  9.5184e+00  6.5446e+00  1.4544e+00    0.0484     39.85    1.3731      1.8168    0      0
     4   4   6   350  3.3900e+22     29.62    0.2068  9.5184e+00  6.5446e+00  1.4544e+00    0.0498     39.85    1.4867      2.0367    0      0
     4   4   6   350  3.3900e+22     32.20    0.2248  9.5184e+00  6.1006e+00  1.5602e+00    0.0674     43.30    1.4876      2.0502    0      0
     4   4   6   350  3.3900e+22     35.05    0.2447  9.5184e+00  5.6489e+00  1.6850e+00    0.0889     46.72    1.5004      2.1144    0      0
     4   4   6   350  3.3900e+22     38.21    0.2668  9.5184e+00  5.1972e+00  1.8315e+00    0.1141     49.80    1.5348      2.1816    0      0
     4   4   6   350  3.3900e+22     41.87    0.2923  9.5184e+00  4.7421e+00  2.0072e+00    0.1439     52.69    1.5891      2.2880    0      0
     4   4   6   350  3.3900e+22     43.18    0.3015  9.5184e+00  4.3366e+00  2.1949e+00    0.1738     55.25    1.5632      2.2180    0      0
     4   4   6   350  3.3900e+22     46.15    0.3222  9.5184e+00  3.9286e+00  2.4228e+00    0.2086     57.78    1.5973      2.2724    1      0
     4   4   6   350  3.3900e+22     51.09    0.3567  9.5184e+00  3.1523e+00  3.0195e+00    0.2871     62.83    1.6264      2.3021    1      0
     4   4   6   350  3.3900e+22     55.90    0.3903  9.5184e+00  2.8264e+00  3.3676e+00    0.3290     65.03    1.7193      2.5167    1      0
     4   4   6   350  3.3900e+22     57.02    0.3981  9.5184e+00  2.5339e+00  3.7564e+00    0.3667     66.99    1.7023      2.4344    1      0
     4   4   6   350  3.3900e+22     64.39    0.4495  9.5184e+00  1.9679e+00  4.8369e+00    0.4572     70.75    1.8201      2.7089    1      0
     4   4   6   350  3.3900e+22     66.12    0.4616  9.5184e+00  1.7227e+00  5.5251e+00    0.5003     72.38    1.8272      2.7039    1      0
     4   4   6   350  3.3900e+22     73.86    0.5156  9.5184e+00  1.2935e+00  7.3588e+00    0.5898     75.23    1.9635      3.0008    1      0
     4   4   6   350  3.3900e+22     75.18    0.5249  9.5184e+00  1.1013e+00  8.6428e+00    0.6330     76.50    1.9653      2.9641    1      0
     4   4   6   350  3.3900e+22     82.57    0.5765  9.5184e+00  7.7951e-01  1.2211e+01    0.7179     78.64    2.1000      3.2863    1      0
     4   4   6   350  3.3900e+22     86.89    0.6066  9.5184e+00  6.3906e-01  1.4894e+01    0.7589     79.56    2.1842      3.4664    1      0
     4   4   6   350  3.3900e+22     89.58    0.6254  9.5184e+00  5.1342e-01  1.8539e+01    0.7978     80.39    2.2286      3.5791    1      0
     4   4   6   350  3.3900e+22     96.94    0.6768  9.5184e+00  2.3045e-01  4.1304e+01    0.8967     82.26    2.3571      3.8658    1      0
     4   4   6   350  3.3900e+22    103.22    0.7207  9.5184e+00  1.0940e-01  8.7008e+01    0.9463     83.05    2.4856      4.1793    1      0
     4   4   6   350  3.3900e+22    109.13    0.7619  9.5184e+00  4.3875e-02  2.1694e+02    0.9765     83.49    2.6143      4.5748    1      0
     4   4   6   350  3.3900e+22    114.76    0.8013  9.5184e+00  1.4244e-02  6.6823e+02    0.9916     83.68    2.7429      4.9877    1      0
     4   4   6   350  3.3900e+22    120.24    0.8395  9.5184e+00  3.6087e-03  2.6376e+03    0.9977     83.75    2.8714      5.4510    1      0
     4   4   6   350  3.3900e+22    125.65    0.8773  9.5184e+00  1.6693e-03  5.7020e+03    0.9989     83.76    3.0001      5.9458    1      0
     4   4   6   350  3.3900e+22    143.23    1.0000  9.5184e+00  1.3889e-06  6.8533e+06    1.0000     83.78    3.4194      7.7074    1      0
     4   4   6   500  3.3900e+22     28.81    0.1781  7.1699e+00  5.1341e+00  1.3965e+00    0.0415     40.20    1.4334      1.9658    0      0
     4   4   6   500  3.3900e+22     29.50    0.1824  7.1699e+00  5.1341e+00  1.3965e+00    0.0415     40.20    1.4679      1.9658    0      0
     4   4   6   500  3.3900e+22     31.25    0.1932  7.1699e+00  4.8187e+00  1.4879e+00    0.0564     43.75    1.4286      1.9469    0      0
     4   4   6   500  3.3900e+22     33.94    0.2099  7.1699e+00  4.4942e+00  1.5954e+00    0.0747     47.31    1.4346      1.9660    0      0
     4   4   6   500  3.3900e+22     36.84    0.2278  7.1699e+00  4.1656e+00  1.7212e+00    0.0970     50.44    1.4607      2.0379    0      0
     4   4   6   500  3.3900e+22     40.19    0.2485  7.1699e+00  3.8302e+00  1.8720e+00    0.1233     53.51    1.5021      2.0790    0      0
     4   4   6   500  3.3900e+22     43.95    0.2717  7.1699e+00  3.5272e+00  2.0328e+00    0.1515     56.21    1.5637      2.2148    0      0
     4   4   6   500  3.3900e+22     48.27    0.2985  7.1699e+00  2.9013e+00  2.4713e+00    0.2185     61.87    1.5602      2.1521    1      0
     4   4   6   500  3.3900e+22     48.34    0.2989  7.1699e+00  2.9013e+00  2.4713e+00    0.2185     61.87    1.5624      2.1521    1      0
     4   4   6   500  3.3900e+22     53.38    0.3301  7.1699e+00  2.6186e+00  2.7381e+00    0.2582     64.56    1.6537      2.3856    1      0
     4   4   6   500  3.3900e+22     59.43    0.3675  7.1699e+00  2.1297e+00  3.3667e+00    0.3346     69.12    1.7195      2.5339    1      0
     4   4   6   500  3.3900e+22     60.16    0.3720  7.1699e+00  1.9007e+00  3.7723e+00    0.3743     71.24    1.6888      2.4373    1      0
     4   4   6   500  3.3900e+22     66.89    0.4136  7.1699e+00  1.4746e+00  4.8624e+00    0.4637     75.14    1.7805      2.6307    1      0
     4   4   6   500  3.3900e+22     70.75    0.4375  7.1699e+00  1.2951e+00  5.5360e+00    0.5071     76.78    1.8429      2.7732    1      0
     4   4   6   500  3.3900e+22     76.51    0.4731  7.1699e+00  9.6559e-01  7.4254e+00    0.5956     79.75    1.9188      2.9267    1      0
     4   4   6   500  3.3900e+22     79.83    0.4936  7.1699e+00  8.2761e-01  8.6634e+00    0.6375     80.98    1.9714      3.0292    1      0
     4   4   6   500  3.3900e+22     88.24    0.5456  7.1699e+00  4.8674e-01  1.4730e+01    0.7561     84.04    2.1000      3.2962    1      0
     4   4   6   500  3.3900e+22     90.09    0.5571  7.1699e+00  3.9607e-01  1.8103e+01    0.7917     84.93    2.1214      3.3219    1      0
     4   4   6   500  3.3900e+22     96.19    0.5948  7.1699e+00  2.5580e-01  2.8030e+01    0.8538     86.32    2.2286      3.5919    1      0
     4   4   6   500  3.3900e+22    102.97    0.6367  7.1699e+00  1.4912e-01  4.8080e+01    0.9070     87.38    2.3568      3.9250    1      0
     4   4   6   500  3.3900e+22    109.44    0.6767  7.1699e+00  8.1086e-02  8.8423e+01    0.9450     88.05    2.4857      4.3005    1      0
     4   4   6   500  3.3900e+22    115.63    0.7150  7.1699e+00  4.0275e-02  1.7802e+02    0.9703     88.46    2.6143      4.6951    1      0
     4   4   6   500  3.3900e+22    121.61    0.7520  7.1699e+00  1.7974e-02  3.9891e+02    0.9856     88.68    2.7429      5.1411    1      0
     4   4   6   500  3.3900e+22    127.47    0.7882  7.1699e+00  7.2546e-03  9.8833e+02    0.9937     88.78    2.8714      5.6040    1      0
     4   4   6   500  3.3900e+22    133.25    0.8239  7.1699e+00  2.6144e-03  2.7425e+03    0.9975     88.83    3.0000      6.1091    1      0
     4   4   6   500  3.3900e+22    161.72    1.0000  7.1699e+00  4.5480e-06  1.5765e+06    1.0000     88.86    3.6400      8.8791    1      0
     4   5   1    SD  3.3900e+22      9.45    0.1843  4.3330e+22  2.4356e+22  1.7790e+00    0.0918     15.08    1.2532      1.5274    0      0
     4   5   1    SD  3.3900e+22     10.17    0.1985  4.3330e+22  2.4356e+22  1.7790e+00    0.1042     15.08    1.3495      1.7170    0      0
     4   5   1    SD  3.3900e+22     10.33    0.2015  4.3330e+22  2.4356e+22  1.7790e+00    0.1042     15.08    1.3703      1.7170    0      0
     4   5   1    SD  3.3900e+22     10.88    0.2122  4.3330e+22  2.4356e+22  1.7790e+00    0.1106     15.08    1.4430      1.9673    0      0
     4   5   1    SD  3.3900e+22     11.06    0.2159  4.3330e+22  2.4356e+22  1.7790e+00    0.1106     15.08    1.4677      1.9673    0      0
     4   5   1    SD  3.3900e+22     12.08    0.2356  4.3330e+22  1.7693e+22  2.4489e+00    0.1943     18.63    1.2965      1.6475    0      0
     4   5   1    SD  3.3900e+22     13.19    0.2574  4.3330e+22  1.7693e+22  2.4489e+00    0.2130     18.63    1.4162      1.8711    1      0
     4   5   1    SD  3.3900e+22     13.86    0.2703  4.3330e+22  1.7693e+22  2.4489e+00    0.2213     18.63    1.4876      2.0365    1      0
     4   5   1    SD  3.3900e+22     14.47    0.2823  4.3330e+22  1.7693e+22  2.4489e+00    0.2213     18.63    1.5533      2.0365    1      0
     4   5   1    SD  3.3900e+22     15.93    0.3108  4.3330e+22  1.2533e+22  3.4573e+00    0.3413     20.88    1.5256      2.0462    1      0
     4   5   1    SD  3.3900e+22     17.69    0.3452  4.3330e+22  1.2533e+22  3.4573e+00    0.3538     20.88    1.6948      2.4173    1      0
     4   5   1    SD  3.3900e+22     18.45    0.3599  4.3330e+22  8.2266e+21  5.2670e+00    0.4871     22.76    1.6209      2.2219    1      0
     4   5   1    SD  3.3900e+22     19.80    0.3863  4.3330e+22  8.2266e+21  5.2670e+00    0.4992     22.76    1.7400      2.4548    1      0
     4   5   1    SD  3.3900e+22     21.54    0.4202  4.3330e+22  4.9885e+21  8.6858e+00    0.6350     24.18    1.7817      2.4770    1      0
     4   5   1    SD  3.3900e+22     22.50    0.4390  4.3330e+22  4.9885e+21  8.6858e+00    0.6452     24.18    1.8612      2.6800    1      0
     4   5   1    SD  3.3900e+22     24.60    0.4799  4.3330e+22  2.5094e+21  1.7267e+01    0.7825     25.29    1.9450      2.8310    1      0
     4   5   1    SD  3.3900e+22     26.27    0.5126  4.3330e+22  2.5094e+21  1.7267e+01    0.7913     25.29    2.0776      3.1678    1      0
     4   5   1    SD  3.3900e+22     26.89    0.5247  4.3330e+22  2.5094e+21  1.7267e+01    0.7917     25.29    2.1265      3.2714    1      0
     4   5   1    SD  3.3900e+22     28.92    0.5643  4.3330e+22  1.0365e+21  4.1803e+01    0.8973     25.96    2.2285      3.5188    1      0
     4   5   1    SD  3.3900e+22     30.93    0.6034  4.3330e+22  4.0624e+20  1.0666e+02    0.9526     26.24    2.3571      3.9148    1      0
     4   5   1    SD  3.3900e+22     32.61    0.6363  4.3330e+22  4.0624e+20  1.0666e+02    0.9543     26.24    2.4857      4.2749    1      0
     4   5   1    SD  3.3900e+22     34.47    0.6724  4.3330e+22  1.2669e+20  3.4201e+02    0.9833     26.37    2.6143      4.7129    1      0
     4   5   1    SD  3.3900e+22     36.22    0.7066  4.3330e+22  3.2478e+19  1.3341e+03    0.9945     26.41    2.7429      5.0693    1      0
     4   5   1    SD  3.3900e+22     37.92    0.7398  4.3330e+22  3.2478e+19  1.3341e+03    0.9951     26.41    2.8715      5.5097    1      0
     4   5   1    SD  3.3900e+22     39.63    0.7732  4.3330e+22  6.0579e+18  7.1526e+03    0.9989     26.42    3.0000      6.1112    1      0
     4   5   1    SD  3.3900e+22     51.25    1.0000  4.3330e+22  0.0000e+00         nan    1.0000     26.42    3.8794     10.1239    1      0
     4   5   1   070  3.3900e+22     41.49    1.0000 -4.3033e+00         nan         nan       nan       nan       nan         nan    0      1
     4   5   1   100  3.3900e+22     43.65    1.0000 -6.7542e+00         nan         nan       nan       nan       nan         nan    0      1
     4   5   1   160  3.3900e+22     51.25    1.0000 -2.5154e+00         nan         nan       nan       nan       nan         nan    0      1
     4   5   1   250  3.3900e+22     12.23    0.2032  2.1477e+01  1.1682e+01  1.8385e+00    0.1159     19.87    1.2315      1.5306    0      0
     4   5   1   250  3.3900e+22     13.23    0.2197  2.1477e+01  1.1682e+01  1.8385e+00    0.1283     19.87    1.3316      1.7214    0      0
     4   5   1   250  3.3900e+22     14.14    0.2348  2.1477e+01  1.1682e+01  1.8385e+00    0.1340     19.87    1.4232      1.8647    0      0
     4   5   1   250  3.3900e+22     14.33    0.2380  2.1477e+01  1.1682e+01  1.8385e+00    0.1340     19.87    1.4422      1.8647    0      0
     4   5   1   250  3.3900e+22     15.57    0.2587  2.1477e+01  9.0169e+00  2.3819e+00    0.2238     22.79    1.3666      1.8319    1      0
     4   5   1   250  3.3900e+22     17.00    0.2823  2.1477e+01  9.0169e+00  2.3819e+00    0.2313     22.79    1.4917      2.0109    1      0
     4   5   1   250  3.3900e+22     17.86    0.2966  2.1477e+01  9.0169e+00  2.3819e+00    0.2334     22.79    1.5670      2.1505    1      0
     4   5   1   250  3.3900e+22     18.61    0.3091  2.1477e+01  6.5528e+00  3.2776e+00    0.3441     25.35    1.4678      1.9400    1      0
     4   5   1   250  3.3900e+22     20.50    0.3405  2.1477e+01  6.5528e+00  3.2776e+00    0.3568     25.35    1.6168      2.2416    1      0
     4   5   1   250  3.3900e+22     20.86    0.3465  2.1477e+01  6.5528e+00  3.2776e+00    0.3568     25.35    1.6455      2.2416    1      0
     4   5   1   250  3.3900e+22     22.77    0.3783  2.1477e+01  4.5008e+00  4.7719e+00    0.4886     27.40    1.6625      2.2733    1      0
     4   5   1   250  3.3900e+22     23.85    0.3962  2.1477e+01  4.5008e+00  4.7719e+00    0.4920     27.40    1.7412      2.4615    1      0
     4   5   1   250  3.3900e+22     25.65    0.4261  2.1477e+01  2.7263e+00  7.8777e+00    0.6385     29.16    1.7591      2.5294    1      0
     4   5   1   250  3.3900e+22     27.22    0.4522  2.1477e+01  1.4789e+00  1.4523e+01    0.7612     30.46    1.7873      2.5344    1      0
     4   5   1   250  3.3900e+22     29.90    0.4966  2.1477e+01  1.4789e+00  1.4523e+01    0.7723     30.46    1.9631      2.9193    1      0
     4   5   1   250  3.3900e+22     30.79    0.5115  2.1477e+01  7.8706e-01  2.7288e+01    0.8577     31.24    1.9714      2.9690    1      0
     4   5   1   250  3.3900e+22     33.20    0.5514  2.1477e+01  3.7066e-01  5.7943e+01    0.9215     31.71    2.0939      3.2596    1      0
     4   5   1   250  3.3900e+22     35.33    0.5869  2.1477e+01  3.7066e-01  5.7943e+01    0.9259     31.71    2.2285      3.6819    1      0
     4   5   1   250  3.3900e+22     37.65    0.6255  2.1477e+01  1.5562e-01  1.3801e+02    0.9644     31.95    2.3571      4.0615    1      0
     4   5   1   250  3.3900e+22     39.85    0.6619  2.1477e+01  5.5387e-02  3.8777e+02    0.9851     32.06    2.4857      4.4450    1      0
     4   5   1   250  3.3900e+22     41.91    0.6963  2.1477e+01  5.5387e-02  3.8777e+02    0.9857     32.06    2.6146      4.8919    1      0
     4   5   1   250  3.3900e+22     44.03    0.7314  2.1477e+01  1.8751e-02  1.1454e+03    0.9945     32.10    2.7429      5.3672    1      0
     4   5   1   250  3.3900e+22     46.11    0.7660  2.1477e+01  5.5501e-03  3.8697e+03    0.9982     32.12    2.8714      5.9553    1      0
     4   5   1   250  3.3900e+22     48.18    0.8003  2.1477e+01  1.2486e-03  1.7201e+04    0.9995     32.12    2.9998      6.3934    1      0
     4   5   1   250  3.3900e+22     60.20    1.0000  2.1477e+01  0.0000e+00         nan    1.0000     32.12    3.7479     10.0422    1      0
     4   5   1   350  3.3900e+22     18.74    0.2562  3.1019e+01  1.1569e+01  2.6811e+00    0.2579     25.73    1.4566      1.9027    1      0
     4   5   1   350  3.3900e+22     20.58    0.2814  3.1019e+01  1.1569e+01  2.6811e+00    0.2678     25.73    1.5999      2.1956    1      0
     4   5   1   350  3.3900e+22     20.61    0.2819  3.1019e+01  1.1569e+01  2.6811e+00    0.2678     25.73    1.6024      2.1956    1      0
     4   5   1   350  3.3900e+22     22.75    0.3111  3.1019e+01  8.6482e+00  3.5867e+00    0.3736     27.95    1.6279      2.2096    1      0
     4   5   1   350  3.3900e+22     25.36    0.3468  3.1019e+01  5.9496e+00  5.2135e+00    0.4991     30.01    1.6900      2.3145    1      0
     4   5   1   350  3.3900e+22     26.86    0.3673  3.1019e+01  5.9496e+00  5.2135e+00    0.5045     30.01    1.7901      2.5798    1      0
     4   5   1   350  3.3900e+22     28.80    0.3938  3.1019e+01  3.8518e+00  8.0530e+00    0.6284     31.78    1.8124      2.6411    1      0
     4   5   1   350  3.3900e+22     30.18    0.4127  3.1019e+01  2.4937e+00  1.2439e+01    0.7221     32.93    1.8331      2.6768    1      0
     4   5   1   350  3.3900e+22     32.61    0.4459  3.1019e+01  2.4937e+00  1.2439e+01    0.7292     32.93    1.9807      3.0421    1      0
     4   5   1   350  3.3900e+22     34.02    0.4652  3.1019e+01  1.5134e+00  2.0496e+01    0.8113     33.76    2.0155      3.0709    1      0
     4   5   1   350  3.3900e+22     35.45    0.4847  3.1019e+01  1.5134e+00  2.0496e+01    0.8142     33.76    2.1000      3.3016    1      0
     4   5   1   350  3.3900e+22     38.23    0.5227  3.1019e+01  8.6129e-01  3.6014e+01    0.8807     34.31    2.2286      3.6341    1      0
     4   5   1   350  3.3900e+22     40.84    0.5585  3.1019e+01  4.5038e-01  6.8872e+01    0.9296     34.65    2.3571      4.0654    1      0
     4   5   1   350  3.3900e+22     43.30    0.5921  3.1019e+01  2.3214e-01  1.3362e+02    0.9594     34.84    2.4857      4.4491    1      0
     4   5   1   350  3.3900e+22     45.67    0.6245  3.1019e+01  1.1028e-01  2.8126e+02    0.9780     34.94    2.6143      4.7769    1      0
     4   5   1   350  3.3900e+22     47.95    0.6556  3.1019e+01  1.1028e-01  2.8126e+02    0.9787     34.94    2.7443      5.2214    1      0
     4   5   1   350  3.3900e+22     50.24    0.6870  3.1019e+01  4.5458e-02  6.8236e+02    0.9901     35.00    2.8714      5.7197    1      0
     4   5   1   350  3.3900e+22     52.53    0.7183  3.1019e+01  1.8146e-02  1.7094e+03    0.9956     35.02    3.0000      6.3165    1      0
     4   5   1   350  3.3900e+22     73.13    1.0000  3.1019e+01  0.0000e+00         nan    1.0000     35.03    4.1749     12.0742    1      0
     4   5   1   500  3.3900e+22     31.57    0.3324  1.8038e+01  3.5936e+00  5.0195e+00    0.4815     36.99    1.7066      2.4453    1      0
     4   5   1   500  3.3900e+22     32.48    0.3419  1.8038e+01  3.5936e+00  5.0195e+00    0.4834     36.99    1.7557      2.6029    1      0
     4   5   1   500  3.3900e+22     35.71    0.3760  1.8038e+01  2.6626e+00  6.7746e+00    0.5742     38.64    1.8484      2.7331    1      0
     4   5   1   500  3.3900e+22     36.01    0.3791  1.8038e+01  1.9051e+00  9.4683e+00    0.6522     39.98    1.8014      2.5477    1      0
     4   5   1   500  3.3900e+22     40.45    0.4258  1.8038e+01  1.3079e+00  1.3792e+01    0.7400     41.03    1.9714      3.0466    1      0
     4   5   1   500  3.3900e+22     42.76    0.4502  1.8038e+01  8.9678e-01  2.0114e+01    0.8024     41.76    2.0479      3.1981    1      0
     4   5   1   500  3.3900e+22     43.84    0.4616  1.8038e+01  8.9678e-01  2.0114e+01    0.8042     41.76    2.1000      3.3503    1      0
     4   5   1   500  3.3900e+22     47.16    0.4965  1.8038e+01  5.8803e-01  3.0675e+01    0.8586     42.32    2.2286      3.6882    1      0
     4   5   1   500  3.3900e+22     50.38    0.5304  1.8038e+01  3.6002e-01  5.0103e+01    0.9041     42.75    2.3571      4.0413    1      0
     4   5   1   500  3.3900e+22     53.46    0.5628  1.8038e+01  2.1835e-01  8.2609e+01    0.9361     43.01    2.4857      4.4323    1      0
     4   5   1   500  3.3900e+22     56.43    0.5941  1.8038e+01  1.3221e-01  1.3644e+02    0.9579     43.17    2.6143      4.8416    1      0
     4   5   1   500  3.3900e+22     59.34    0.6248  1.8038e+01  7.8837e-02  2.2880e+02    0.9728     43.27    2.7428      5.2818    1      0
     4   5   1   500  3.3900e+22     62.22    0.6550  1.8038e+01  4.4758e-02  4.0301e+02    0.9833     43.33    2.8714      5.7825    1      0
     4   5   1   500  3.3900e+22     65.06    0.6850  1.8038e+01  2.3482e-02  7.6817e+02    0.9904     43.37    3.0000      6.2911    1      0
     4   5   1   500  3.3900e+22     94.98    1.0000  1.8038e+01  1.5348e-06  1.1753e+07    1.0000     43.42    4.3751     13.2659    1      0
     4   5   2    SD  3.3900e+22      9.47    0.1548  3.5448e+22  2.4431e+22  1.4510e+00    0.0395     15.53    1.2193      1.4863    0      0
     4   5   2    SD  3.3900e+22      9.54    0.1560  3.5448e+22  2.4431e+22  1.4510e+00    0.0450     15.53    1.2283      1.6641    0      0
     4   5   2    SD  3.3900e+22      9.81    0.1605  3.5448e+22  2.4431e+22  1.4510e+00    0.0450     15.53    1.2640      1.6641    0      0
     4   5   2    SD  3.3900e+22     10.25    0.1676  3.5448e+22  2.4431e+22  1.4510e+00    0.0450     15.53    1.3195      1.6641    0      0
     4   5   2    SD  3.3900e+22     10.47    0.1712  3.5448e+22  2.4431e+22  1.4510e+00    0.0450     15.53    1.3478      1.6641    0      0
     4   5   2    SD  3.3900e+22     11.11    0.1817  3.5448e+22  2.4431e+22  1.4510e+00    0.0479     15.53    1.4306      1.9017    0      0
     4   5   2    SD  3.3900e+22     12.09    0.1977  3.5448e+22  2.0068e+22  1.7664e+00    0.0875     19.28    1.2545      1.5837    0      0
     4   5   2    SD  3.3900e+22     13.12    0.2146  3.5448e+22  2.0068e+22  1.7664e+00    0.0964     19.28    1.3617      1.7900    0      0
     4   5   2    SD  3.3900e+22     14.29    0.2336  3.5448e+22  2.0068e+22  1.7664e+00    0.1004     19.28    1.4823      1.9436    0      0
     4   5   2    SD  3.3900e+22     15.65    0.2559  3.5448e+22  1.6375e+22  2.1648e+00    0.1623     21.90    1.4291      1.9233    0      0
     4   5   2    SD  3.3900e+22     17.16    0.2806  3.5448e+22  1.6375e+22  2.1648e+00    0.1674     21.90    1.5668      2.1152    0      0
     4   5   2    SD  3.3900e+22     18.93    0.3096  3.5448e+22  1.3012e+22  2.7243e+00    0.2440     24.28    1.5598      2.0458    1      0
     4   5   2    SD  3.3900e+22     20.99    0.3433  3.5448e+22  1.3012e+22  2.7243e+00    0.2527     24.28    1.7294      2.3672    1      0
     4   5   2    SD  3.3900e+22     23.42    0.3831  3.5448e+22  1.0141e+22  3.4956e+00    0.3460     26.25    1.7845      2.4875    1      0
     4   5   2    SD  3.3900e+22     23.82    0.3897  3.5448e+22  1.0141e+22  3.4956e+00    0.3468     26.25    1.8152      2.5890    1      0
     4   5   2    SD  3.3900e+22     26.35    0.4310  3.5448e+22  7.3832e+21  4.8012e+00    0.4620     28.15    1.8726      2.6916    1      0
     4   5   2    SD  3.3900e+22     27.26    0.4459  3.5448e+22  5.0277e+21  7.0506e+00    0.5755     29.77    1.8317      2.5365    1      0
     4   5   2    SD  3.3900e+22     29.51    0.4827  3.5448e+22  5.0277e+21  7.0506e+00    0.5853     29.77    1.9831      2.7996    1      0
     4   5   2    SD  3.3900e+22     29.95    0.4898  3.5448e+22  5.0277e+21  7.0506e+00    0.5864     29.77    2.0122      2.9087    1      0
     4   5   2    SD  3.3900e+22     32.95    0.5388  3.5448e+22  3.2817e+21  1.0802e+01    0.6998     31.14    2.1159      3.1523    1      0
     4   5   2    SD  3.3900e+22     34.66    0.5669  3.5448e+22  1.9034e+21  1.8624e+01    0.8040     32.26    2.1487      3.2292    1      0
     4   5   2    SD  3.3900e+22     36.26    0.5930  3.5448e+22  9.5213e+20  3.7231e+01    0.8865     33.03    2.1952      3.3267    1      0
     4   5   2    SD  3.3900e+22     39.07    0.6390  3.5448e+22  3.8760e+20  9.1455e+01    0.9459     33.49    2.3329      3.6049    1      0
     4   5   2    SD  3.3900e+22     41.63    0.6808  3.5448e+22  3.8760e+20  9.1455e+01    0.9500     33.49    2.4857      4.0236    1      0
     4   5   2    SD  3.3900e+22     44.04    0.7203  3.5448e+22  1.3892e+20  2.5517e+02    0.9800     33.70    2.6143      4.4581    1      0
     4   5   2    SD  3.3900e+22     46.32    0.7576  3.5448e+22  4.0009e+19  8.8600e+02    0.9935     33.78    2.7429      4.9078    1      0
     4   5   2    SD  3.3900e+22     48.53    0.7937  3.5448e+22  7.9893e+18  4.4370e+03    0.9985     33.80    2.8714      5.4098    1      0
     4   5   2    SD  3.3900e+22     50.70    0.8292  3.5448e+22  7.9893e+18  4.4370e+03    0.9986     33.80    3.0000      5.7746    1      0
     4   5   2    SD  3.3900e+22     61.14    1.0000  3.5448e+22  0.0000e+00         nan    1.0000     33.81    3.6171      8.5048    1      0
     4   5   2   070  3.3900e+22     51.70    1.0000 -3.4491e+00         nan         nan       nan       nan       nan         nan    0      1
     4   5   2   100  3.3900e+22     53.44    1.0000 -5.3536e+00         nan         nan       nan       nan       nan         nan    0      1
     4   5   2   160  3.3900e+22     61.14    1.0000 -1.7009e+00         nan         nan       nan       nan       nan         nan    0      1
     4   5   2   250  3.3900e+22     12.26    0.1756  2.0503e+01  1.3985e+01  1.4661e+00    0.0509     20.11    1.2190      1.5081    0      0
     4   5   2   250  3.3900e+22     13.21    0.1893  2.0503e+01  1.3985e+01  1.4661e+00    0.0564     20.11    1.3139      1.6925    0      0
     4   5   2   250  3.3900e+22     14.27    0.2043  2.0503e+01  1.3985e+01  1.4661e+00    0.0590     20.11    1.4187      1.8314    0      0
     4   5   2   250  3.3900e+22     15.50    0.2220  2.0503e+01  1.2022e+01  1.7055e+00    0.1019     23.33    1.3285      1.7789    0      0
     4   5   2   250  3.3900e+22     16.79    0.2405  2.0503e+01  1.2022e+01  1.7055e+00    0.1047     23.33    1.4393      1.8869    0      0
     4   5   2   250  3.3900e+22     18.29    0.2619  2.0503e+01  1.0047e+01  2.0407e+00    0.1643     26.27    1.3922      1.8501    0      0
     4   5   2   250  3.3900e+22     19.08    0.2733  2.0503e+01  1.0047e+01  2.0407e+00    0.1671     26.27    1.4525      1.9384    0      0
     4   5   2   250  3.3900e+22     19.91    0.2852  2.0503e+01  1.0047e+01  2.0407e+00    0.1697     26.27    1.5160      2.0275    0      0
     4   5   2   250  3.3900e+22     21.79    0.3121  2.0503e+01  8.1921e+00  2.5027e+00    0.2459     28.95    1.5052      2.0327    1      0
     4   5   2   250  3.3900e+22     23.37    0.3348  2.0503e+01  8.1921e+00  2.5027e+00    0.2500     28.95    1.6148      2.1881    1      0
     4   5   2   250  3.3900e+22     23.90    0.3423  2.0503e+01  8.1921e+00  2.5027e+00    0.2507     28.95    1.6510      2.2762    1      0
     4   5   2   250  3.3900e+22     26.32    0.3771  2.0503e+01  6.2706e+00  3.2697e+00    0.3557     31.83    1.6542      2.3161    1      0
     4   5   2   250  3.3900e+22     29.20    0.4183  2.0503e+01  4.5451e+00  4.5109e+00    0.4739     34.46    1.6946      2.3701    1      0
     4   5   2   250  3.3900e+22     30.83    0.4417  2.0503e+01  3.2159e+00  6.3755e+00    0.5817     36.49    1.6898      2.3772    1      0
     4   5   2   250  3.3900e+22     32.77    0.4694  2.0503e+01  3.2159e+00  6.3755e+00    0.5878     36.49    1.7957      2.6354    1      0
     4   5   2   250  3.3900e+22     35.78    0.5125  2.0503e+01  2.1146e+00  9.6959e+00    0.6981     38.17    1.8748      2.7652    1      0
     4   5   2   250  3.3900e+22     37.73    0.5405  2.0503e+01  1.2745e+00  1.6087e+01    0.7961     39.44    1.9132      2.8836    1      0
     4   5   2   250  3.3900e+22     39.47    0.5653  2.0503e+01  6.8466e-01  2.9946e+01    0.8752     40.34    1.9567      3.0080    1      0
     4   5   2   250  3.3900e+22     42.89    0.6145  2.0503e+01  3.4779e-01  5.8952e+01    0.9298     40.85    2.1000      3.3379    1      0
     4   5   2   250  3.3900e+22     45.84    0.6567  2.0503e+01  1.5540e-01  1.3193e+02    0.9653     41.14    2.2286      3.7519    1      0
     4   5   2   250  3.3900e+22     48.67    0.6972  2.0503e+01  5.6949e-02  3.6002e+02    0.9855     41.29    2.3571      4.1314    1      0
     4   5   2   250  3.3900e+22     51.39    0.7362  2.0503e+01  1.9207e-02  1.0675e+03    0.9946     41.35    2.4857      4.6160    1      0
     4   5   2   250  3.3900e+22     54.07    0.7746  2.0503e+01  6.0736e-03  3.3757e+03    0.9980     41.37    2.6139      4.9780    1      0
     4   5   2   250  3.3900e+22     56.74    0.8128  2.0503e+01  6.0736e-03  3.3757e+03    0.9982     41.37    2.7429      5.5097    1      0
     4   5   2   250  3.3900e+22     59.41    0.8510  2.0503e+01  1.7566e-03  1.1672e+04    0.9994     41.38    2.8714      6.0560    1      0
     4   5   2   250  3.3900e+22     62.07    0.8891  2.0503e+01  4.4354e-04  4.6226e+04    0.9998     41.38    3.0000      6.6647    1      0
     4   5   2   250  3.3900e+22     69.81    1.0000  2.0503e+01  0.0000e+00         nan    1.0000     41.38    3.3740      8.3777    1      0
     4   5   2   350  3.3900e+22     19.24    0.2332  3.1237e+01  1.6258e+01  1.9213e+00    0.1447     26.69    1.4420      1.9850    0      0
     4   5   2   350  3.3900e+22     20.96    0.2540  3.1237e+01  1.6258e+01  1.9213e+00    0.1459     26.69    1.5709      2.0836    0      0
     4   5   2   350  3.3900e+22     22.89    0.2774  3.1237e+01  1.3466e+01  2.3197e+00    0.2152     29.49    1.5524      2.1389    1      0
     4   5   2   350  3.3900e+22     25.13    0.3045  3.1237e+01  1.0579e+01  2.9527e+00    0.3040     32.47    1.5478      2.1025    1      0
     4   5   2   350  3.3900e+22     26.47    0.3208  3.1237e+01  1.0579e+01  2.9527e+00    0.3077     32.47    1.6302      2.2649    1      0
     4   5   2   350  3.3900e+22     27.76    0.3364  3.1237e+01  8.0005e+00  3.9043e+00    0.4071     35.15    1.5795      2.2131    1      0
     4   5   2   350  3.3900e+22     30.92    0.3747  3.1237e+01  6.0091e+00  5.1982e+00    0.5064     37.19    1.6627      2.3777    1      0
     4   5   2   350  3.3900e+22     32.70    0.3962  3.1237e+01  6.0091e+00  5.1982e+00    0.5100     37.19    1.7582      2.5828    1      0
     4   5   2   350  3.3900e+22     34.97    0.4238  3.1237e+01  4.3230e+00  7.2256e+00    0.6072     38.91    1.7979      2.6120    1      0
     4   5   2   350  3.3900e+22     36.97    0.4480  3.1237e+01  2.9607e+00  1.0550e+01    0.6995     40.29    1.8353      2.7216    1      0
     4   5   2   350  3.3900e+22     40.77    0.4941  3.1237e+01  1.9045e+00  1.6402e+01    0.7858     41.36    1.9714      3.0150    1      0
     4   5   2   350  3.3900e+22     40.93    0.4960  3.1237e+01  1.9045e+00  1.6402e+01    0.7867     41.36    1.9792      3.0950    1      0
     4   5   2   350  3.3900e+22     44.19    0.5355  3.1237e+01  1.2023e+00  2.5981e+01    0.8515     42.08    2.1000      3.3230    1      0
     4   5   2   350  3.3900e+22     47.49    0.5754  3.1237e+01  7.0623e-01  4.4230e+01    0.9040     42.62    2.2286      3.7490    1      0
     4   5   2   350  3.3900e+22     50.65    0.6138  3.1237e+01  3.7308e-01  8.3725e+01    0.9437     42.97    2.3571      4.0517    1      0
     4   5   2   350  3.3900e+22     53.65    0.6502  3.1237e+01  1.9054e-01  1.6394e+02    0.9683     43.17    2.4857      4.4745    1      0
     4   5   2   350  3.3900e+22     56.56    0.6855  3.1237e+01  9.4749e-02  3.2968e+02    0.9828     43.27    2.6143      4.9190    1      0
     4   5   2   350  3.3900e+22     59.42    0.7200  3.1237e+01  4.5295e-02  6.8962e+02    0.9911     43.33    2.7428      5.4143    1      0
     4   5   2   350  3.3900e+22     62.24    0.7543  3.1237e+01  1.9921e-02  1.5681e+03    0.9957     43.35    2.8714      5.9376    1      0
     4   5   2   350  3.3900e+22     65.05    0.7883  3.1237e+01  7.6115e-03  4.1039e+03    0.9982     43.37    3.0000      6.4857    1      0
     4   5   2   350  3.3900e+22     82.52    1.0000  3.1237e+01  0.0000e+00         nan    1.0000     43.37    3.8050     10.3935    1      0
     4   5   2   500  3.3900e+22     29.05    0.2793  2.0264e+01  7.2826e+00  2.7825e+00    0.2780     36.89    1.5751      2.1891    1      0
     4   5   2   500  3.3900e+22     31.13    0.2993  2.0264e+01  5.9279e+00  3.4184e+00    0.3526     39.32    1.5835      2.2187    1      0
     4   5   2   500  3.3900e+22     32.13    0.3089  2.0264e+01  5.9279e+00  3.4184e+00    0.3544     39.32    1.6344      2.3106    1      0
     4   5   2   500  3.3900e+22     35.93    0.3454  2.0264e+01  4.7077e+00  4.3044e+00    0.4369     41.51    1.7309      2.4896    1      0
     4   5   2   500  3.3900e+22     36.84    0.3541  2.0264e+01  3.6363e+00  5.5727e+00    0.5188     43.46    1.6950      2.4667    1      0
     4   5   2   500  3.3900e+22     40.87    0.3929  2.0264e+01  2.7171e+00  7.4578e+00    0.6055     45.14    1.8107      2.7497    1      0
     4   5   2   500  3.3900e+22     42.41    0.4077  2.0264e+01  2.0238e+00  1.0013e+01    0.6747     46.41    1.8275      2.6863    1      0
     4   5   2   500  3.3900e+22     46.78    0.4497  2.0264e+01  1.4503e+00  1.3972e+01    0.7476     47.46    1.9714      3.0646    1      0
     4   5   2   500  3.3900e+22     48.36    0.4649  2.0264e+01  9.8510e-01  2.0571e+01    0.8082     48.29    2.0030      3.0728    1      0
     4   5   2   500  3.3900e+22     51.13    0.4915  2.0264e+01  6.6263e-01  3.0581e+01    0.8592     48.83    2.0940      3.3474    1      0
     4   5   2   500  3.3900e+22     54.83    0.5271  2.0264e+01  4.4263e-01  4.5781e+01    0.8988     49.21    2.2286      3.7018    1      0
     4   5   2   500  3.3900e+22     58.29    0.5604  2.0264e+01  2.9164e-01  6.9483e+01    0.9286     49.46    2.3571      4.1334    1      0
     4   5   2   500  3.3900e+22     61.70    0.5932  2.0264e+01  1.8392e-01  1.1018e+02    0.9513     49.64    2.4857      4.4619    1      0
     4   5   2   500  3.3900e+22     65.06    0.6254  2.0264e+01  1.0869e-01  1.8645e+02    0.9689     49.77    2.6143      4.9299    1      0
     4   5   2   500  3.3900e+22     68.36    0.6572  2.0264e+01  6.3686e-02  3.1818e+02    0.9803     49.85    2.7429      5.3316    1      0
     4   5   2   500  3.3900e+22     71.63    0.6886  2.0264e+01  3.6864e-02  5.4970e+02    0.9878     49.89    2.8714      5.8619    1      0
     4   5   2   500  3.3900e+22     74.89    0.7200  2.0264e+01  2.0185e-02  1.0039e+03    0.9928     49.92    3.0005      6.3330    1      0
     4   5   2   500  3.3900e+22    104.02    1.0000  2.0264e+01  1.8141e-06  1.1170e+07    1.0000     49.96    4.1645     12.2473    1      0
     4   5   3    SD  3.3900e+22      9.20    0.1216  2.7281e+22  2.1703e+22  1.2570e+00    0.0149     16.00    1.1505      1.4466    0      0
     4   5   3    SD  3.3900e+22     12.55    0.1658  2.7281e+22  1.9214e+22  1.4199e+00    0.0371     19.90    1.2612      1.6508    0      0
     4   5   3    SD  3.3900e+22     13.57    0.1792  2.7281e+22  1.9214e+22  1.4199e+00    0.0400     19.90    1.3634      1.8573    0      0
     4   5   3    SD  3.3900e+22     14.75    0.1948  2.7281e+22  1.9214e+22  1.4199e+00    0.0400     19.90    1.4818      1.8573    0      0
     4   5   3    SD  3.3900e+22     16.02    0.2116  2.7281e+22  1.6919e+22  1.6124e+00    0.0678     22.95    1.3964      1.8132    0      0
     4   5   3    SD  3.3900e+22     16.32    0.2155  2.7281e+22  1.6919e+22  1.6124e+00    0.0696     22.95    1.4223      1.9245    0      0
     4   5   3    SD  3.3900e+22     17.42    0.2301  2.7281e+22  1.6919e+22  1.6124e+00    0.0702     22.95    1.5186      1.9884    0      0
     4   5   3    SD  3.3900e+22     19.05    0.2517  2.7281e+22  1.4666e+22  1.8601e+00    0.1092     25.76    1.4795      1.9872    0      0
     4   5   3    SD  3.3900e+22     20.85    0.2754  2.7281e+22  1.4666e+22  1.8601e+00    0.1116     25.76    1.6192      2.1844    0      0
     4   5   3    SD  3.3900e+22     22.93    0.3029  2.7281e+22  1.2606e+22  2.1641e+00    0.1602     28.24    1.6241      2.2584    0      0
     4   5   3    SD  3.3900e+22     25.42    0.3357  2.7281e+22  1.0537e+22  2.5892e+00    0.2208     30.80    1.6507      2.2337    1      0
     4   5   3    SD  3.3900e+22     28.24    0.3730  2.7281e+22  8.7121e+21  3.1314e+00    0.2904     33.18    1.7023      2.3612    1      0
     4   5   3    SD  3.3900e+22     29.29    0.3868  2.7281e+22  8.7121e+21  3.1314e+00    0.2927     33.18    1.7651      2.4778    1      0
     4   5   3    SD  3.3900e+22     31.71    0.4189  2.7281e+22  7.2546e+21  3.7605e+00    0.3605     35.09    1.8076      2.5844    1      0
     4   5   3    SD  3.3900e+22     32.54    0.4298  2.7281e+22  7.2546e+21  3.7605e+00    0.3620     35.09    1.8548      2.7507    1      0
     4   5   3    SD  3.3900e+22     35.94    0.4747  2.7281e+22  5.9299e+21  4.6006e+00    0.4358     36.84    1.9515      2.8538    1      0
     4   5   3    SD  3.3900e+22     38.94    0.5143  2.7281e+22  4.7107e+21  5.7914e+00    0.5159     38.46    2.0249      3.0152    1      0
     4   5   3    SD  3.3900e+22     41.06    0.5423  2.7281e+22  3.5738e+21  7.6336e+00    0.6028     39.97    2.0544      3.1089    1      0
     4   5   3    SD  3.3900e+22     43.31    0.5720  2.7281e+22  2.6160e+21  1.0429e+01    0.6867     41.25    2.1000      3.1841    1      0
     4   5   3    SD  3.3900e+22     47.29    0.6246  2.7281e+22  1.7293e+21  1.5776e+01    0.7765     42.47    2.2271      3.4084    1      0
     4   5   3    SD  3.3900e+22     47.82    0.6316  2.7281e+22  1.7293e+21  1.5776e+01    0.7768     42.47    2.2521      3.4772    1      0
     4   5   3    SD  3.3900e+22     52.21    0.6895  2.7281e+22  4.7399e+20  5.7556e+01    0.9258     44.30    2.3571      3.6629    1      0
     4   5   3    SD  3.3900e+22     55.54    0.7336  2.7281e+22  2.0373e+20  1.3391e+02    0.9657     44.69    2.4857      4.0551    1      0
     4   5   3    SD  3.3900e+22     58.66    0.7748  2.7281e+22  7.4886e+19  3.6430e+02    0.9864     44.88    2.6143      4.4157    1      0
     4   5   3    SD  3.3900e+22     61.65    0.8143  2.7281e+22  2.2174e+19  1.2303e+03    0.9956     44.95    2.7428      4.8211    1      0
     4   5   3    SD  3.3900e+22     64.58    0.8529  2.7281e+22  4.6061e+18  5.9229e+03    0.9990     44.98    2.8714      5.3028    1      0
     4   5   3    SD  3.3900e+22     67.48    0.8912  2.7281e+22  8.0032e+17  3.4088e+04    0.9998     44.99    3.0000      5.8085    1      0
     4   5   3    SD  3.3900e+22     75.71    1.0000  2.7281e+22  0.0000e+00         nan    1.0000     44.99    3.3660      7.2767    1      0
     4   5   3   070  3.3900e+22     66.27    1.0000 -2.6368e+00         nan         nan       nan       nan       nan         nan    0      1
     4   5   3   100  3.3900e+22     67.89    1.0000 -4.0455e+00         nan         nan       nan       nan       nan         nan    0      1
     4   5   3   160  3.3900e+22     75.71    1.0000 -9.3799e-01         nan         nan       nan       nan       nan         nan    0      1
     4   5   3   250  3.3900e+22     14.45    0.1722  1.8352e+01  1.4322e+01  1.2813e+00    0.0246     20.39    1.4175      1.7950    0      0
     4   5   3   250  3.3900e+22     15.65    0.1865  1.8352e+01  1.3015e+01  1.4100e+00    0.0435     23.82    1.3140      1.7345    0      0
     4   5   3   250  3.3900e+22     16.87    0.2010  1.8352e+01  1.3015e+01  1.4100e+00    0.0448     23.82    1.4164      1.8377    0      0
     4   5   3   250  3.3900e+22     18.36    0.2188  1.8352e+01  1.1653e+01  1.5749e+00    0.0720     26.93    1.3638      1.7910    0      0
     4   5   3   250  3.3900e+22     19.88    0.2369  1.8352e+01  1.1653e+01  1.5749e+00    0.0745     26.93    1.4768      1.9596    0      0
     4   5   3   250  3.3900e+22     21.66    0.2580  1.8352e+01  1.0326e+01  1.7772e+00    0.1105     29.92    1.4474      1.9515    0      0
     4   5   3   250  3.3900e+22     23.61    0.2813  1.8352e+01  1.0326e+01  1.7772e+00    0.1129     29.92    1.5781      2.1824    0      0
     4   5   3   250  3.3900e+22     25.84    0.3078  1.8352e+01  8.9090e+00  2.0599e+00    0.1642     33.18    1.5575      2.2045    0      0
     4   5   3   250  3.3900e+22     28.38    0.3381  1.8352e+01  7.5833e+00  2.4200e+00    0.2234     36.21    1.5674      2.1854    1      0
     4   5   3   250  3.3900e+22     30.54    0.3638  1.8352e+01  6.4604e+00  2.8407e+00    0.2833     38.68    1.5787      2.1697    1      0
     4   5   3   250  3.3900e+22     31.36    0.3737  1.8352e+01  6.4604e+00  2.8407e+00    0.2867     38.68    1.6215      2.3026    1      0
     4   5   3   250  3.3900e+22     34.81    0.4148  1.8352e+01  5.3907e+00  3.4043e+00    0.3583     41.04    1.6966      2.4222    1      0
     4   5   3   250  3.3900e+22     36.06    0.4297  1.8352e+01  4.3672e+00  4.2022e+00    0.4311     43.33    1.6646      2.2755    1      0
     4   5   3   250  3.3900e+22     38.80    0.4623  1.8352e+01  4.3672e+00  4.2022e+00    0.4395     43.33    1.7910      2.6166    1      0
     4   5   3   250  3.3900e+22     43.56    0.5190  1.8352e+01  2.5776e+00  7.1196e+00    0.6136     47.37    1.8391      2.7191    1      0
     4   5   3   250  3.3900e+22     45.07    0.5370  1.8352e+01  1.8237e+00  1.0063e+01    0.6996     49.01    1.8391      2.6642    1      0
     4   5   3   250  3.3900e+22     49.69    0.5921  1.8352e+01  1.1609e+00  1.5809e+01    0.7945     50.41    1.9714      2.9904    1      0
     4   5   3   250  3.3900e+22     49.76    0.5929  1.8352e+01  1.1609e+00  1.5809e+01    0.7945     50.41    1.9741      2.9904    1      0
     4   5   3   250  3.3900e+22     54.20    0.6457  1.8352e+01  3.8548e-01  4.7607e+01    0.9178     52.05    2.0823      3.2162    1      0
     4   5   3   250  3.3900e+22     58.44    0.6963  1.8352e+01  1.9931e-01  9.2076e+01    0.9551     52.45    2.2286      3.6303    1      0
     4   5   3   250  3.3900e+22     62.09    0.7397  1.8352e+01  9.0868e-02  2.0196e+02    0.9780     52.68    2.3571      4.0181    1      0
     4   5   3   250  3.3900e+22     65.62    0.7818  1.8352e+01  3.4202e-02  5.3657e+02    0.9910     52.80    2.4857      4.3775    1      0
     4   5   3   250  3.3900e+22     69.08    0.8231  1.8352e+01  3.7680e-03  4.8704e+03    0.9988     52.86    2.6138      4.8765    1      0
     4   5   3   250  3.3900e+22     72.50    0.8639  1.8352e+01  1.0161e-03  1.8061e+04    0.9997     52.87    2.7428      5.3635    1      0
     4   5   3   250  3.3900e+22     75.91    0.9044  1.8352e+01  2.3222e-04  7.9026e+04    0.9999     52.87    2.8714      5.8878    1      0
     4   5   3   250  3.3900e+22     79.31    0.9449  1.8352e+01  4.8208e-05  3.8068e+05    1.0000     52.87    3.0000      6.4478    1      0
     4   5   3   250  3.3900e+22     83.93    1.0000  1.8352e+01  5.9984e-06  3.0594e+06    1.0000     52.87    3.1750      7.1483    1      0
     4   5   3   350  3.3900e+22     19.00    0.1972  2.8642e+01  1.8762e+01  1.5266e+00    0.0656     27.17    1.3985      1.8525    0      0
     4   5   3   350  3.3900e+22     20.57    0.2135  2.8642e+01  1.8762e+01  1.5266e+00    0.0672     27.17    1.5141      2.0311    0      0
     4   5   3   350  3.3900e+22     22.34    0.2319  2.8642e+01  1.6711e+01  1.7139e+00    0.1013     30.32    1.4738      1.9882    0      0
     4   5   3   350  3.3900e+22     23.36    0.2425  2.8642e+01  1.6711e+01  1.7139e+00    0.1019     30.32    1.5409      2.0650    0      0
     4   5   3   350  3.3900e+22     24.35    0.2527  2.8642e+01  1.4478e+01  1.9783e+00    0.1474     33.75    1.4427      1.9514    0      0
     4   5   3   350  3.3900e+22     26.58    0.2759  2.8642e+01  1.4478e+01  1.9783e+00    0.1507     33.75    1.5750      2.1592    0      0
     4   5   3   350  3.3900e+22     29.15    0.3025  2.8642e+01  1.2356e+01  2.3182e+00    0.2084     36.96    1.5775      2.1824    1      0
     4   5   3   350  3.3900e+22     30.89    0.3206  2.8642e+01  1.0540e+01  2.7174e+00    0.2679     39.59    1.5603      2.1962    1      0
     4   5   3   350  3.3900e+22     32.13    0.3335  2.8642e+01  1.0540e+01  2.7174e+00    0.2694     39.59    1.6231      2.2864    1      0
     4   5   3   350  3.3900e+22     35.59    0.3694  2.8642e+01  8.8146e+00  3.2495e+00    0.3390     42.10    1.6910      2.4363    1      0
     4   5   3   350  3.3900e+22     39.44    0.4093  2.8642e+01  5.6801e+00  5.0426e+00    0.4937     46.68    1.6895      2.4161    1      0
     4   5   3   350  3.3900e+22     39.68    0.4118  2.8642e+01  5.6801e+00  5.0426e+00    0.4947     46.68    1.6999      2.4467    1      0
     4   5   3   350  3.3900e+22     44.86    0.4655  2.8642e+01  4.4451e+00  6.4436e+00    0.5760     48.45    1.8517      2.7911    1      0
     4   5   3   350  3.3900e+22     45.10    0.4680  2.8642e+01  3.3245e+00  8.6155e+00    0.6517     49.96    1.8054      2.6255    1      0
     4   5   3   350  3.3900e+22     51.36    0.5330  2.8642e+01  1.5834e+00  1.8090e+01    0.8041     52.29    1.9644      2.9929    1      0
     4   5   3   350  3.3900e+22     51.96    0.5393  2.8642e+01  1.5834e+00  1.8090e+01    0.8050     52.29    1.9873      3.0407    1      0
     4   5   3   350  3.3900e+22     55.66    0.5777  2.8642e+01  1.0507e+00  2.7261e+01    0.8611     53.01    2.1000      3.3141    1      0
     4   5   3   350  3.3900e+22     60.04    0.6231  2.8642e+01  4.0218e-01  7.1219e+01    0.9371     53.88    2.2286      3.6109    1      0
     4   5   3   350  3.3900e+22     63.80    0.6622  2.8642e+01  2.1688e-01  1.3207e+02    0.9637     54.14    2.3572      4.0290    1      0
     4   5   3   350  3.3900e+22     67.47    0.7002  2.8642e+01  1.1279e-01  2.5394e+02    0.9798     54.28    2.4857      4.4327    1      0
     4   5   3   350  3.3900e+22     71.06    0.7375  2.8642e+01  5.6524e-02  5.0673e+02    0.9892     54.36    2.6143      4.8401    1      0
     4   5   3   350  3.3900e+22     74.62    0.7744  2.8642e+01  2.5791e-02  1.1106e+03    0.9947     54.41    2.7429      5.3230    1      0
     4   5   3   350  3.3900e+22     78.16    0.8111  2.8642e+01  4.3856e-03  6.5310e+03    0.9989     54.44    2.8714      5.8183    1      0
     4   5   3   350  3.3900e+22     81.66    0.8475  2.8642e+01  1.6707e-03  1.7144e+04    0.9996     54.44    3.0000      6.3832    1      0
     4   5   3   350  3.3900e+22     96.36    1.0000  2.8642e+01  0.0000e+00         nan    1.0000     54.44    3.5397      8.8490    1      0
     4   5   3   500  3.3900e+22     29.18    0.2482  2.0173e+01  1.0045e+01  2.0082e+00    0.1583     38.44    1.5184      2.0802    0      0
     4   5   3   500  3.3900e+22     31.93    0.2716  2.0173e+01  8.7570e+00  2.3037e+00    0.2087     41.43    1.5417      2.1671    1      0
     4   5   3   500  3.3900e+22     35.12    0.2988  2.0173e+01  7.5104e+00  2.6861e+00    0.2673     44.25    1.5875      2.2979    1      0
     4   5   3   500  3.3900e+22     35.13    0.2988  2.0173e+01  7.5104e+00  2.6861e+00    0.2673     44.25    1.5878      2.2979    1      0
     4   5   3   500  3.3900e+22     38.81    0.3301  2.0173e+01  6.3190e+00  3.1925e+00    0.3324     46.94    1.6535      2.3914    1      0
     4   5   3   500  3.3900e+22     43.33    0.3685  2.0173e+01  4.2770e+00  4.7167e+00    0.4710     51.15    1.6942      2.4912    1      0
     4   5   3   500  3.3900e+22     44.04    0.3746  2.0173e+01  4.2770e+00  4.7167e+00    0.4713     51.15    1.7222      2.5193    1      0
     4   5   3   500  3.3900e+22     49.18    0.4183  2.0173e+01  2.6293e+00  7.6724e+00    0.6170     54.46    1.8062      2.6669    1      0
     4   5   3   500  3.3900e+22     50.55    0.4299  2.0173e+01  2.6293e+00  7.6724e+00    0.6186     54.46    1.8564      2.7861    1      0
     4   5   3   500  3.3900e+22     55.92    0.4756  2.0173e+01  1.5173e+00  1.3295e+01    0.7441     56.73    1.9714      3.0416    1      0
     4   5   3   500  3.3900e+22     57.80    0.4916  2.0173e+01  1.1350e+00  1.7773e+01    0.7942     57.51    2.0100      3.1316    1      0
     4   5   3   500  3.3900e+22     61.06    0.5194  2.0173e+01  8.1929e-01  2.4623e+01    0.8407     58.16    2.1000      3.3345    1      0
     4   5   3   500  3.3900e+22     65.39    0.5562  2.0173e+01  5.6210e-01  3.5889e+01    0.8827     58.68    2.2286      3.6520    1      0
     4   5   3   500  3.3900e+22     69.90    0.5945  2.0173e+01  2.5607e-01  7.8780e+01    0.9384     59.31    2.3571      4.0073    1      0
     4   5   3   500  3.3900e+22     73.94    0.6289  2.0173e+01  1.6400e-01  1.2301e+02    0.9581     59.50    2.4857      4.4068    1      0
     4   5   3   500  3.3900e+22     77.94    0.6629  2.0173e+01  1.0153e-01  1.9870e+02    0.9723     59.62    2.6144      4.8322    1      0
     4   5   3   500  3.3900e+22     81.95    0.6970  2.0173e+01  3.6868e-02  5.4718e+02    0.9886     59.76    2.7429      5.3379    1      0
     4   5   3   500  3.3900e+22     85.84    0.7301  2.0173e+01  2.1109e-02  9.5568e+02    0.9931     59.79    2.8714      5.7864    1      0
     4   5   3   500  3.3900e+22     89.71    0.7630  2.0173e+01  1.1713e-02  1.7224e+03    0.9959     59.81    3.0000      6.2937    1      0
     4   5   3   500  3.3900e+22    117.57    1.0000  2.0173e+01  0.0000e+00         nan    1.0000     59.83    3.9301     10.8037    1      0
     4   5   4    SD  3.3900e+22      9.03    0.0943  2.0070e+22  1.7575e+22  1.1419e+00    0.0050     16.33    1.1062      1.4260    0      0
     4   5   4    SD  3.3900e+22     12.91    0.1347  2.0070e+22  1.6350e+22  1.2276e+00    0.0134     20.39    1.2661      1.6616    0      0
     4   5   4    SD  3.3900e+22     16.88    0.1762  2.0070e+22  1.5122e+22  1.3272e+00    0.0257     23.88    1.4135      1.8323    0      0
     4   5   4    SD  3.3900e+22     18.30    0.1910  2.0070e+22  1.3856e+22  1.4484e+00    0.0413     27.00    1.3557      1.7870    0      0
     4   5   4    SD  3.3900e+22     18.95    0.1977  2.0070e+22  1.3856e+22  1.4484e+00    0.0413     27.00    1.4035      1.7870    0      0
     4   5   4    SD  3.3900e+22     19.86    0.2072  2.0070e+22  1.3856e+22  1.4484e+00    0.0427     27.00    1.4709      1.9553    0      0
     4   5   4    SD  3.3900e+22     21.61    0.2255  2.0070e+22  1.2606e+22  1.5921e+00    0.0629     30.06    1.4378      1.8758    0      0
     4   5   4    SD  3.3900e+22     23.54    0.2457  2.0070e+22  1.2606e+22  1.5921e+00    0.0651     30.06    1.5664      2.1729    0      0
     4   5   4    SD  3.3900e+22     25.75    0.2688  2.0070e+22  1.1268e+22  1.7812e+00    0.0945     33.33    1.5454      2.1300    0      0
     4   5   4    SD  3.3900e+22     28.25    0.2948  2.0070e+22  9.9834e+21  2.0103e+00    0.1298     36.45    1.5497      2.1143    0      0
     4   5   4    SD  3.3900e+22     28.35    0.2959  2.0070e+22  9.9834e+21  2.0103e+00    0.1304     36.45    1.5556      2.1647    0      0
     4   5   4    SD  3.3900e+22     31.13    0.3248  2.0070e+22  8.9121e+21  2.2520e+00    0.1672     38.99    1.5966      2.2349    0      0
     4   5   4    SD  3.3900e+22     34.50    0.3601  2.0070e+22  7.8935e+21  2.5426e+00    0.2098     41.41    1.6666      2.3991    1      0
     4   5   4    SD  3.3900e+22     37.70    0.3934  2.0070e+22  6.9441e+21  2.8902e+00    0.2557     43.68    1.7262      2.5045    1      0
     4   5   4    SD  3.3900e+22     38.46    0.4013  2.0070e+22  6.9441e+21  2.8902e+00    0.2563     43.68    1.7610      2.5999    1      0
     4   5   4    SD  3.3900e+22     43.30    0.4519  2.0070e+22  5.2974e+21  3.7887e+00    0.3552     47.63    1.8184      2.7156    1      0
     4   5   4    SD  3.3900e+22     44.21    0.4614  2.0070e+22  5.2974e+21  3.7887e+00    0.3555     47.63    1.8566      2.7463    1      0
     4   5   4    SD  3.3900e+22     49.29    0.5144  2.0070e+22  3.8809e+21  5.1716e+00    0.4667     50.83    1.9395      2.9051    1      0
     4   5   4    SD  3.3900e+22     50.10    0.5229  2.0070e+22  3.8809e+21  5.1716e+00    0.4675     50.83    1.9714      2.9819    1      0
     4   5   4    SD  3.3900e+22     56.17    0.5862  2.0070e+22  2.7520e+21  7.2930e+00    0.5810     53.36    2.1055      3.2221    1      0
     4   5   4    SD  3.3900e+22     56.70    0.5917  2.0070e+22  2.7520e+21  7.2930e+00    0.5812     53.36    2.1253      3.2678    1      0
     4   5   4    SD  3.3900e+22     63.11    0.6586  2.0070e+22  1.2980e+21  1.5462e+01    0.7673     56.73    2.2250      3.3364    1      0
     4   5   4    SD  3.3900e+22     65.47    0.6832  2.0070e+22  1.2980e+21  1.5462e+01    0.7702     56.73    2.3082      3.5440    1      0
     4   5   4    SD  3.3900e+22     68.55    0.7154  2.0070e+22  8.6883e+20  2.3100e+01    0.8377     57.73    2.3748      3.7113    1      0
     4   5   4    SD  3.3900e+22     73.50    0.7671  2.0070e+22  2.6442e+20  7.5901e+01    0.9440     59.14    2.4857      3.8829    1      0
     4   5   4    SD  3.3900e+22     77.91    0.8130  2.0070e+22  1.1097e+20  1.8086e+02    0.9752     59.50    2.6187      4.2383    1      0
     4   5   4    SD  3.3900e+22     81.92    0.8549  2.0070e+22  1.1458e+19  1.7516e+03    0.9970     59.73    2.7428      4.6479    1      0
     4   5   4    SD  3.3900e+22     85.79    0.8953  2.0070e+22  2.5814e+18  7.7748e+03    0.9993     59.75    2.8714      5.0496    1      0
     4   5   4    SD  3.3900e+22     89.64    0.9355  2.0070e+22  4.7675e+17  4.2098e+04    0.9999     59.76    3.0000      5.5202    1      0
     4   5   4    SD  3.3900e+22     95.82    1.0000  2.0070e+22  5.1617e+15  3.8883e+06    1.0000     59.76    3.2069      6.3000    1      0
     4   5   4   070  3.3900e+22     86.85    1.0000 -1.9455e+00         nan         nan       nan       nan       nan         nan    0      1
     4   5   4   100  3.3900e+22     88.61    1.0000 -2.9540e+00         nan         nan       nan       nan       nan         nan    0      1
     4   5   4   160  3.3900e+22     95.82    1.0000 -4.2996e-01         nan         nan       nan       nan       nan         nan    0      1
     4   5   4   250  3.3900e+22     18.91    0.1814  1.5230e+01  1.1512e+01  1.3230e+00    0.0285     27.83    1.3590      1.7200    0      0
     4   5   4   250  3.3900e+22     20.44    0.1961  1.5230e+01  1.1512e+01  1.3230e+00    0.0299     27.83    1.4690      1.9704    0      0
     4   5   4   250  3.3900e+22     22.14    0.2124  1.5230e+01  1.0661e+01  1.4286e+00    0.0460     31.26    1.4171      1.9172    0      0
     4   5   4   250  3.3900e+22     23.96    0.2298  1.5230e+01  1.0661e+01  1.4286e+00    0.0465     31.26    1.5331      2.0691    0      0
     4   5   4   250  3.3900e+22     24.08    0.2310  1.5230e+01  9.7122e+00  1.5681e+00    0.0669     34.96    1.3774      1.7731    0      0
     4   5   4   250  3.3900e+22     26.06    0.2500  1.5230e+01  9.7122e+00  1.5681e+00    0.0701     34.96    1.4911      2.0704    0      0
     4   5   4   250  3.3900e+22     28.37    0.2722  1.5230e+01  8.7679e+00  1.7370e+00    0.0990     38.46    1.4753      2.0296    0      0
     4   5   4   250  3.3900e+22     31.02    0.2976  1.5230e+01  7.9523e+00  1.9152e+00    0.1301     41.42    1.4977      2.0813    0      0
     4   5   4   250  3.3900e+22     34.01    0.3262  1.5230e+01  7.1548e+00  2.1287e+00    0.1663     44.25    1.5369      2.1460    0      0
     4   5   4   250  3.3900e+22     36.87    0.3537  1.5230e+01  6.3905e+00  2.3832e+00    0.2076     46.95    1.5706      2.2353    1      0
     4   5   4   250  3.3900e+22     37.52    0.3599  1.5230e+01  6.3905e+00  2.3832e+00    0.2080     46.95    1.5985      2.2678    1      0
     4   5   4   250  3.3900e+22     41.63    0.3993  1.5230e+01  5.6527e+00  2.6943e+00    0.2550     49.39    1.6857      2.4304    1      0
     4   5   4   250  3.3900e+22     44.98    0.4315  1.5230e+01  5.0139e+00  3.0375e+00    0.3014     51.41    1.7500      2.5785    1      0
     4   5   4   250  3.3900e+22     46.51    0.4461  1.5230e+01  4.3872e+00  3.4715e+00    0.3521     53.39    1.7422      2.5175    1      0
     4   5   4   250  3.3900e+22     52.34    0.5021  1.5230e+01  3.2119e+00  4.7418e+00    0.4684     57.12    1.8324      2.6574    1      0
     4   5   4   250  3.3900e+22     52.64    0.5050  1.5230e+01  3.2119e+00  4.7418e+00    0.4693     57.12    1.8431      2.7196    1      0
     4   5   4   250  3.3900e+22     59.21    0.5680  1.5230e+01  2.2558e+00  6.7514e+00    0.5887     60.18    1.9676      2.9466    1      0
     4   5   4   250  3.3900e+22     60.18    0.5773  1.5230e+01  1.7970e+00  8.4753e+00    0.6522     61.87    1.9454      2.8437    1      0
     4   5   4   250  3.3900e+22     67.43    0.6469  1.5230e+01  9.5865e-01  1.5887e+01    0.7933     64.95    2.0762      3.1357    1      0
     4   5   4   250  3.3900e+22     68.75    0.6595  1.5230e+01  9.5865e-01  1.5887e+01    0.7939     64.95    2.1169      3.2353    1      0
     4   5   4   250  3.3900e+22     75.47    0.7240  1.5230e+01  2.1433e-01  7.1058e+01    0.9440     67.73    2.2286      3.4600    1      0
     4   5   4   250  3.3900e+22     80.39    0.7712  1.5230e+01  1.0797e-01  1.4106e+02    0.9705     68.13    2.3597      3.8109    1      0
     4   5   4   250  3.3900e+22     85.09    0.8163  1.5230e+01  1.9479e-02  7.8186e+02    0.9939     68.46    2.4857      4.2373    1      0
     4   5   4   250  3.3900e+22     89.55    0.8591  1.5230e+01  6.8944e-03  2.2090e+03    0.9978     68.51    2.6143      4.6642    1      0
     4   5   4   250  3.3900e+22     93.99    0.9017  1.5230e+01  5.8898e-04  2.5858e+04    0.9998     68.54    2.7429      5.1421    1      0
     4   5   4   250  3.3900e+22     98.40    0.9440  1.5230e+01  1.5028e-04  1.0134e+05    0.9999     68.54    2.8715      5.6202    1      0
     4   5   4   250  3.3900e+22    102.81    0.9862  1.5230e+01  2.0181e-06  7.5469e+06    1.0000     68.54    3.0000      6.1585    1      0
     4   5   4   250  3.3900e+22    104.24    1.0000  1.5230e+01  2.0181e-06  7.5469e+06    1.0000     68.54    3.0419      6.3047    1      0
     4   5   4   350  3.3900e+22     19.25    0.1657  2.4134e+01  1.8400e+01  1.3116e+00    0.0279     27.78    1.3857      1.8825    0      0
     4   5   4   350  3.3900e+22     20.81    0.1792  2.4134e+01  1.8400e+01  1.3116e+00    0.0281     27.78    1.4981      1.9748    0      0
     4   5   4   350  3.3900e+22     22.52    0.1939  2.4134e+01  1.7087e+01  1.4124e+00    0.0434     31.22    1.4427      1.9199    0      0
     4   5   4   350  3.3900e+22     24.37    0.2098  2.4134e+01  1.5616e+01  1.5455e+00    0.0647     34.96    1.3943      1.8733    0      0
     4   5   4   350  3.3900e+22     26.48    0.2280  2.4134e+01  1.5616e+01  1.5455e+00    0.0663     34.96    1.5152      2.0701    0      0
     4   5   4   350  3.3900e+22     28.87    0.2486  2.4134e+01  1.4138e+01  1.7070e+00    0.0945     38.52    1.4990      2.0719    0      0
     4   5   4   350  3.3900e+22     31.49    0.2712  2.4134e+01  1.2849e+01  1.8783e+00    0.1245     41.57    1.5153      2.1134    0      0
     4   5   4   350  3.3900e+22     34.55    0.2975  2.4134e+01  1.1576e+01  2.0848e+00    0.1604     44.49    1.5532      2.2034    0      0
     4   5   4   350  3.3900e+22     38.05    0.3276  2.4134e+01  1.0345e+01  2.3330e+00    0.2012     47.30    1.6088      2.3134    1      0
     4   5   4   350  3.3900e+22     38.40    0.3306  2.4134e+01  1.0345e+01  2.3330e+00    0.2013     47.30    1.6235      2.3306    1      0
     4   5   4   350  3.3900e+22     42.12    0.3627  2.4134e+01  8.1029e+00  2.9784e+00    0.2908     51.95    1.6217      2.2875    1      0
     4   5   4   350  3.3900e+22     46.95    0.4042  2.4134e+01  7.0750e+00  3.4111e+00    0.3452     54.04    1.7374      2.5396    1      0
     4   5   4   350  3.3900e+22     48.03    0.4136  2.4134e+01  6.0529e+00  3.9872e+00    0.4000     56.12    1.7118      2.4073    1      0
     4   5   4   350  3.3900e+22     52.72    0.4539  2.4134e+01  5.1508e+00  4.6855e+00    0.4621     57.95    1.8194      2.6713    1      0
     4   5   4   350  3.3900e+22     53.91    0.4641  2.4134e+01  5.1508e+00  4.6855e+00    0.4627     57.95    1.8604      2.7556    1      0
     4   5   4   350  3.3900e+22     59.70    0.5140  2.4134e+01  3.6300e+00  6.6485e+00    0.5784     61.19    1.9512      2.9304    1      0
     4   5   4   350  3.3900e+22     62.69    0.5397  2.4134e+01  2.9331e+00  8.2282e+00    0.6399     62.81    1.9960      3.0310    1      0
     4   5   4   350  3.3900e+22     68.73    0.5918  2.4134e+01  1.7125e+00  1.4093e+01    0.7637     65.65    2.0938      3.2354    1      0
     4   5   4   350  3.3900e+22     70.03    0.6030  2.4134e+01  1.2568e+00  1.9202e+01    0.8156     66.72    2.0992      3.2037    1      0
     4   5   4   350  3.3900e+22     76.15    0.6556  2.4134e+01  5.7055e-01  4.2299e+01    0.9057     68.34    2.2286      3.5209    1      0
     4   5   4   350  3.3900e+22     81.45    0.7013  2.4134e+01  2.1632e-01  1.1157e+02    0.9596     69.18    2.3549      3.8529    1      0
     4   5   4   350  3.3900e+22     86.25    0.7426  2.4134e+01  1.2116e-01  1.9919e+02    0.9763     69.40    2.4857      4.2619    1      0
     4   5   4   350  3.3900e+22     90.99    0.7834  2.4134e+01  3.1243e-02  7.7245e+02    0.9931     69.61    2.6143      4.6794    1      0
     4   5   4   350  3.3900e+22     95.53    0.8225  2.4134e+01  1.4744e-02  1.6369e+03    0.9966     69.65    2.7431      5.1448    1      0
     4   5   4   350  3.3900e+22    100.04    0.8613  2.4134e+01  2.6173e-03  9.2210e+03    0.9993     69.68    2.8714      5.6563    1      0
     4   5   4   350  3.3900e+22    104.53    0.8999  2.4134e+01  9.5307e-04  2.5322e+04    0.9997     69.68    3.0000      6.1447    1      0
     4   5   4   350  3.3900e+22    116.15    1.0000  2.4134e+01  2.5588e-06  9.4318e+06    1.0000     69.69    3.3335      7.5949    1      0
     4   5   4   500  3.3900e+22     28.39    0.2081  1.8033e+01  1.1386e+01  1.5837e+00    0.0758     39.37    1.4424      1.9724    0      0
     4   5   4   500  3.3900e+22     30.86    0.2262  1.8033e+01  1.0447e+01  1.7260e+00    0.1012     42.68    1.4465      1.9702    0      0
     4   5   4   500  3.3900e+22     32.01    0.2346  1.8033e+01  1.0447e+01  1.7260e+00    0.1023     42.68    1.4999      2.0887    0      0
     4   5   4   500  3.3900e+22     33.60    0.2463  1.8033e+01  9.4991e+00  1.8984e+00    0.1326     45.88    1.4647      2.0374    0      0
     4   5   4   500  3.3900e+22     36.72    0.2692  1.8033e+01  8.5592e+00  2.1068e+00    0.1694     48.92    1.5012      2.1223    0      0
     4   5   4   500  3.3900e+22     40.29    0.2953  1.8033e+01  7.6256e+00  2.3648e+00    0.2120     51.67    1.5594      2.2044    1      0
     4   5   4   500  3.3900e+22     41.27    0.3025  1.8033e+01  7.6256e+00  2.3648e+00    0.2129     51.67    1.5975      2.2882    1      0
     4   5   4   500  3.3900e+22     44.43    0.3257  1.8033e+01  6.7983e+00  2.6525e+00    0.2561     54.10    1.6424      2.3574    1      0
     4   5   4   500  3.3900e+22     49.27    0.3611  1.8033e+01  5.1498e+00  3.5016e+00    0.3602     58.83    1.6750      2.4076    1      0
     4   5   4   500  3.3900e+22     53.57    0.3926  1.8033e+01  4.4248e+00  4.0753e+00    0.4166     61.01    1.7561      2.5699    1      0
     4   5   4   500  3.3900e+22     55.12    0.4040  1.8033e+01  3.7871e+00  4.7616e+00    0.4699     63.04    1.7486      2.5293    1      0
     4   5   4   500  3.3900e+22     60.17    0.4410  1.8033e+01  2.6825e+00  6.7222e+00    0.5787     66.57    1.8077      2.6484    1      0
     4   5   4   500  3.3900e+22     62.47    0.4579  1.8033e+01  2.6825e+00  6.7222e+00    0.5810     66.57    1.8770      2.8380    1      0
     4   5   4   500  3.3900e+22     69.09    0.5065  1.8033e+01  1.3865e+00  1.3006e+01    0.7405     70.67    1.9555      2.9610    1      0
     4   5   4   500  3.3900e+22     72.88    0.5342  1.8033e+01  1.0669e+00  1.6903e+01    0.7892     71.68    2.0335      3.1574    1      0
     4   5   4   500  3.3900e+22     75.60    0.5541  1.8033e+01  8.0339e-01  2.2446e+01    0.8316     72.52    2.0850      3.2718    1      0
     4   5   4   500  3.3900e+22     82.12    0.6019  1.8033e+01  4.3334e-01  4.1613e+01    0.8990     73.70    2.2286      3.6479    1      0
     4   5   4   500  3.3900e+22     87.70    0.6428  1.8033e+01  2.0926e-01  8.6172e+01    0.9455     74.41    2.3571      4.0182    1      0
     4   5   4   500  3.3900e+22     92.90    0.6809  1.8033e+01  1.3888e-01  1.2985e+02    0.9621     74.64    2.4892      4.3993    1      0
     4   5   4   500  3.3900e+22     97.90    0.7176  1.8033e+01  5.8492e-02  3.0829e+02    0.9823     74.90    2.6143      4.8247    1      0
     4   5   4   500  3.3900e+22    102.88    0.7541  1.8033e+01  2.0605e-02  8.7517e+02    0.9931     75.02    2.7428      5.3037    1      0
     4   5   4   500  3.3900e+22    107.75    0.7898  1.8033e+01  1.1798e-02  1.5284e+03    0.9959     75.04    2.8716      5.7827    1      0
     4   5   4   500  3.3900e+22    112.61    0.8254  1.8033e+01  3.5645e-03  5.0590e+03    0.9986     75.07    3.0000      6.2993    1      0
     4   5   4   500  3.3900e+22    136.43    1.0000  1.8033e+01  2.3459e-06  7.6870e+06    1.0000     75.08    3.6341      9.1781    1      0
     4   5   5    SD  3.3900e+22     10.31    0.0826  1.4312e+22  1.3298e+22  1.0762e+00    0.0018     16.60    1.2423      1.5582    0      0
     4   5   5    SD  3.3900e+22     10.70    0.0857  1.4312e+22  1.3298e+22  1.0762e+00    0.0018     16.60    1.2884      1.5582    0      0
     4   5   5    SD  3.3900e+22     23.02    0.1844  1.4312e+22  1.0962e+22  1.3056e+00    0.0230     31.35    1.4683      1.9826    0      0
     4   5   5    SD  3.3900e+22     24.98    0.2000  1.4312e+22  1.0234e+22  1.3985e+00    0.0348     35.27    1.4162      1.9066    0      0
     4   5   5    SD  3.3900e+22     25.85    0.2070  1.4312e+22  1.0234e+22  1.3985e+00    0.0353     35.27    1.4655      2.0485    0      0
     4   5   5    SD  3.3900e+22     27.06    0.2167  1.4312e+22  9.5050e+21  1.5057e+00    0.0490     38.89    1.3914      1.8287    0      0
     4   5   5    SD  3.3900e+22     29.40    0.2355  1.4312e+22  9.5050e+21  1.5057e+00    0.0507     38.89    1.5122      2.0474    0      0
     4   5   5    SD  3.3900e+22     32.10    0.2571  1.4312e+22  8.8505e+21  1.6171e+00    0.0677     42.07    1.5260      2.1223    0      0
     4   5   5    SD  3.3900e+22     35.10    0.2811  1.4312e+22  8.1978e+21  1.7458e+00    0.0879     45.20    1.5533      2.1984    0      0
     4   5   5    SD  3.3900e+22     38.54    0.3087  1.4312e+22  7.5568e+21  1.8939e+00    0.1113     48.23    1.5983      2.3116    0      0
     4   5   5    SD  3.3900e+22     38.66    0.3097  1.4312e+22  7.5568e+21  1.8939e+00    0.1113     48.23    1.6034      2.3116    0      0
     4   5   5    SD  3.3900e+22     42.46    0.3401  1.4312e+22  6.3623e+21  2.2495e+00    0.1643     53.15    1.5977      2.2562    0      0
     4   5   5    SD  3.3900e+22     47.06    0.3769  1.4312e+22  5.8052e+21  2.4654e+00    0.1964     55.44    1.6975      2.4789    0      0
     4   5   5    SD  3.3900e+22     50.03    0.4007  1.4312e+22  5.2460e+21  2.7282e+00    0.2318     57.75    1.7328      2.5276    1      0
     4   5   5    SD  3.3900e+22     52.58    0.4211  1.4312e+22  4.7562e+21  3.0091e+00    0.2666     59.76    1.7596      2.5697    1      0
     4   5   5    SD  3.3900e+22     58.55    0.4689  1.4312e+22  3.9258e+21  3.6456e+00    0.3363     63.54    1.8429      2.7326    1      0
     4   5   5    SD  3.3900e+22     59.20    0.4742  1.4312e+22  3.9258e+21  3.6456e+00    0.3365     63.54    1.8636      2.7853    1      0
     4   5   5    SD  3.3900e+22     66.52    0.5328  1.4312e+22  2.8288e+21  5.0593e+00    0.4526     68.57    1.9401      2.8953    1      0
     4   5   5    SD  3.3900e+22     67.50    0.5406  1.4312e+22  2.8288e+21  5.0593e+00    0.4534     68.57    1.9686      2.9797    1      0
     4   5   5    SD  3.3900e+22     76.13    0.6098  1.4312e+22  1.9605e+21  7.3002e+00    0.5739     72.58    2.0979      3.2109    1      0
     4   5   5    SD  3.3900e+22     77.95    0.6243  1.4312e+22  1.9605e+21  7.3002e+00    0.5746     72.58    2.1480      3.3403    1      0
     4   5   5    SD  3.3900e+22     84.54    0.6772  1.4312e+22  1.2565e+21  1.1391e+01    0.6970     75.87    2.2286      3.4515    1      0
     4   5   5    SD  3.3900e+22     91.01    0.7290  1.4312e+22  8.1913e+20  1.7472e+01    0.7885     77.92    2.3360      3.6374    1      0
     4   5   5    SD  3.3900e+22     91.83    0.7355  1.4312e+22  8.1913e+20  1.7472e+01    0.7891     77.92    2.3571      3.7251    1      0
     4   5   5    SD  3.3900e+22     99.57    0.7975  1.4312e+22  2.4995e+20  5.7259e+01    0.9271     80.61    2.4705      3.8630    1      0
     4   5   5    SD  3.3900e+22    106.58    0.8537  1.4312e+22  5.2939e+19  2.7035e+02    0.9832     81.54    2.6143      4.2577    1      0
     4   5   5    SD  3.3900e+22    112.13    0.8981  1.4312e+22  5.2870e+18  2.7070e+03    0.9981     81.76    2.7428      4.6432    1      0
     4   5   5    SD  3.3900e+22    117.42    0.9405  1.4312e+22  2.0876e+17  6.8557e+04    0.9999     81.78    2.8714      5.0880    1      0
     4   5   5    SD  3.3900e+22    122.68    0.9826  1.4312e+22  2.8242e+16  5.0676e+05    1.0000     81.79    3.0000      5.5348    1      0
     4   5   5    SD  3.3900e+22    124.85    1.0000  1.4312e+22  6.5737e+14  2.1772e+07    1.0000     81.79    3.0531      5.7287    1      0
     4   5   5   070  3.3900e+22    116.34    1.0000 -1.3973e+00         nan         nan       nan       nan       nan         nan    0      1
     4   5   5   100  3.3900e+22    118.01    1.0000 -2.1039e+00         nan         nan       nan       nan       nan         nan    0      1
     4   5   5   160  3.3900e+22    124.85    1.0000 -1.0690e-01         nan         nan       nan       nan       nan         nan    0      1
     4   5   5   250  3.3900e+22     15.83    0.1188  1.2062e+01  1.0670e+01  1.1304e+00    0.0058     24.85    1.2743      1.6402    0      0
     4   5   5   250  3.3900e+22     22.97    0.1724  1.2062e+01  9.7658e+00  1.2351e+00    0.0172     32.23    1.4257      1.9150    0      0
     4   5   5   250  3.3900e+22     25.02    0.1878  1.2062e+01  9.2122e+00  1.3093e+00    0.0266     36.45    1.3729      1.8328    0      0
     4   5   5   250  3.3900e+22     27.00    0.2026  1.2062e+01  9.2122e+00  1.3093e+00    0.0271     36.45    1.4813      2.0617    0      0
     4   5   5   250  3.3900e+22     29.18    0.2190  1.2062e+01  8.6422e+00  1.3957e+00    0.0396     40.33    1.4472      1.9574    0      0
     4   5   5   250  3.3900e+22     31.68    0.2378  1.2062e+01  8.1168e+00  1.4860e+00    0.0538     43.81    1.4463      1.9804    0      0
     4   5   5   250  3.3900e+22     34.44    0.2585  1.2062e+01  7.5815e+00  1.5909e+00    0.0712     47.28    1.4569      2.0489    0      0
     4   5   5   250  3.3900e+22     37.50    0.2815  1.2062e+01  7.0451e+00  1.7120e+00    0.0915     50.30    1.4910      2.0739    0      0
     4   5   5   250  3.3900e+22     41.02    0.3079  1.2062e+01  6.5041e+00  1.8545e+00    0.1160     53.23    1.5411      2.1988    0      0
     4   5   5   250  3.3900e+22     45.10    0.3385  1.2062e+01  5.5342e+00  2.1795e+00    0.1676     58.36    1.5454      2.1375    0      0
     4   5   5   250  3.3900e+22     46.15    0.3464  1.2062e+01  5.5342e+00  2.1795e+00    0.1688     58.36    1.5816      2.2417    0      0
     4   5   5   250  3.3900e+22     49.74    0.3733  1.2062e+01  5.0403e+00  2.3930e+00    0.2019     61.04    1.6298      2.3395    1      0
     4   5   5   250  3.3900e+22     55.38    0.4157  1.2062e+01  4.2095e+00  2.8653e+00    0.2677     65.79    1.6838      2.4633    1      0
     4   5   5   250  3.3900e+22     57.69    0.4330  1.2062e+01  3.8526e+00  3.1308e+00    0.3001     67.79    1.7020      2.4582    1      0
     4   5   5   250  3.3900e+22     62.13    0.4663  1.2062e+01  3.5000e+00  3.4462e+00    0.3371     69.77    1.7810      2.6593    1      0
     4   5   5   250  3.3900e+22     68.04    0.5107  1.2062e+01  2.8355e+00  4.2538e+00    0.4152     73.49    1.8518      2.7808    1      0
     4   5   5   250  3.3900e+22     70.46    0.5288  1.2062e+01  2.5494e+00  4.7311e+00    0.4536     75.09    1.8768      2.8259    1      0
     4   5   5   250  3.3900e+22     78.10    0.5862  1.2062e+01  1.7595e+00  6.8552e+00    0.5772     79.49    1.9650      2.9408    1      0
     4   5   5   250  3.3900e+22     80.64    0.6052  1.2062e+01  1.7595e+00  6.8552e+00    0.5788     79.49    2.0288      3.1040    1      0
     4   5   5   250  3.3900e+22     87.42    0.6561  1.2062e+01  1.0725e+00  1.1247e+01    0.7135     83.30    2.0988      3.1815    1      0
     4   5   5   250  3.3900e+22     92.67    0.6955  1.2062e+01  8.5370e-01  1.4129e+01    0.7644     84.58    2.1913      3.4013    1      0
     4   5   5   250  3.3900e+22     96.85    0.7269  1.2062e+01  4.7714e-01  2.5279e+01    0.8575     86.92    2.2286      3.4391    1      0
     4   5   5   250  3.3900e+22    104.66    0.7855  1.2062e+01  1.9037e-01  6.3360e+01    0.9382     88.70    2.3599      3.7381    1      0
     4   5   5   250  3.3900e+22    111.49    0.8368  1.2062e+01  2.3866e-02  5.0539e+02    0.9910     89.73    2.4850      4.0887    1      0
     4   5   5   250  3.3900e+22    117.44    0.8814  1.2062e+01  3.2935e-03  3.6622e+03    0.9986     89.86    2.6139      4.5093    1      0
     4   5   5   250  3.3900e+22    123.26    0.9251  1.2062e+01  2.7418e-04  4.3991e+04    0.9999     89.88    2.7428      4.9455    1      0
     4   5   5   250  3.3900e+22    129.04    0.9685  1.2062e+01  1.2826e-05  9.4042e+05    1.0000     89.88    2.8714      5.4268    1      0
     4   5   5   250  3.3900e+22    133.24    1.0000  1.2062e+01  0.0000e+00         nan    1.0000     89.88    2.9649      5.7778    1      0
     4   5   5   350  3.3900e+22     22.05    0.1520  1.9161e+01  1.5502e+01  1.2360e+00    0.0167     31.98    1.3795      1.8634    0      0
     4   5   5   350  3.3900e+22     25.15    0.1734  1.9161e+01  1.4638e+01  1.3090e+00    0.0260     36.18    1.3904      1.8509    0      0
     4   5   5   350  3.3900e+22     27.15    0.1872  1.9161e+01  1.3749e+01  1.3936e+00    0.0373     40.03    1.3566      1.7680    0      0
     4   5   5   350  3.3900e+22     29.38    0.2025  1.9161e+01  1.3749e+01  1.3936e+00    0.0387     40.03    1.4680      1.9760    0      0
     4   5   5   350  3.3900e+22     31.91    0.2200  1.9161e+01  1.2929e+01  1.4820e+00    0.0526     43.51    1.4668      2.0380    0      0
     4   5   5   350  3.3900e+22     34.70    0.2392  1.9161e+01  1.2092e+01  1.5846e+00    0.0694     46.97    1.4776      2.0652    0      0
     4   5   5   350  3.3900e+22     37.79    0.2605  1.9161e+01  1.1251e+01  1.7030e+00    0.0894     50.06    1.5099      2.1186    0      0
     4   5   5   350  3.3900e+22     41.33    0.2849  1.9161e+01  1.0400e+01  1.8424e+00    0.1132     53.01    1.5592      2.2114    0      0
     4   5   5   350  3.3900e+22     45.43    0.3132  1.9161e+01  8.8650e+00  2.1614e+00    0.1646     58.22    1.5608      2.1857    0      0
     4   5   5   350  3.3900e+22     47.10    0.3247  1.9161e+01  8.8650e+00  2.1614e+00    0.1656     58.22    1.6181      2.3272    0      0
     4   5   5   350  3.3900e+22     50.11    0.3454  1.9161e+01  8.0772e+00  2.3722e+00    0.1982     60.95    1.6442      2.3635    0      0
     4   5   5   350  3.3900e+22     55.72    0.3841  1.9161e+01  6.7433e+00  2.8414e+00    0.2639     65.83    1.6929      2.4603    1      0
     4   5   5   350  3.3900e+22     57.47    0.3962  1.9161e+01  6.1677e+00  3.1066e+00    0.2962     67.90    1.6930      2.4371    1      0
     4   5   5   350  3.3900e+22     62.40    0.4301  1.9161e+01  5.5985e+00  3.4225e+00    0.3336     69.94    1.7843      2.6502    1      0
     4   5   5   350  3.3900e+22     68.38    0.4714  1.9161e+01  4.5240e+00  4.2353e+00    0.4123     73.78    1.8536      2.7664    1      0
     4   5   5   350  3.3900e+22     70.62    0.4868  1.9161e+01  4.0604e+00  4.7189e+00    0.4510     75.43    1.8724      2.8216    1      0
     4   5   5   350  3.3900e+22     78.35    0.5401  1.9161e+01  2.7798e+00  6.8927e+00    0.5761     79.98    1.9591      2.9392    1      0
     4   5   5   350  3.3900e+22     80.74    0.5566  1.9161e+01  2.7798e+00  6.8927e+00    0.5773     79.98    2.0190      3.0914    1      0
     4   5   5   350  3.3900e+22     87.16    0.6008  1.9161e+01  1.7007e+00  1.1266e+01    0.7085     83.78    2.0805      3.1316    1      0
     4   5   5   350  3.3900e+22     93.14    0.6421  1.9161e+01  1.0928e+00  1.7533e+01    0.7971     86.15    2.1622      3.2953    1      0
     4   5   5   350  3.3900e+22     97.10    0.6694  1.9161e+01  8.4127e-01  2.2776e+01    0.8383     87.14    2.2286      3.4717    1      0
     4   5   5   350  3.3900e+22    104.87    0.7229  1.9161e+01  4.2226e-01  4.5377e+01    0.9118     88.79    2.3622      3.7959    1      0
     4   5   5   350  3.3900e+22    111.89    0.7714  1.9161e+01  1.0617e-01  1.8048e+02    0.9746     90.03    2.4857      4.1198    1      0
     4   5   5   350  3.3900e+22    118.02    0.8136  1.9161e+01  3.1286e-02  6.1244e+02    0.9918     90.32    2.6133      4.5214    1      0
     4   5   5   350  3.3900e+22    124.00    0.8548  1.9161e+01  7.1710e-03  2.6720e+03    0.9980     90.42    2.7429      4.9729    1      0
     4   5   5   350  3.3900e+22    129.84    0.8951  1.9161e+01  1.2515e-03  1.5311e+04    0.9996     90.44    2.8714      5.4428    1      0
     4   5   5   350  3.3900e+22    135.66    0.9352  1.9161e+01  1.6993e-04  1.1276e+05    0.9999     90.44    3.0000      5.9251    1      0
     4   5   5   350  3.3900e+22    145.06    1.0000  1.9161e+01  0.0000e+00         nan    1.0000     90.44    3.2077      6.7817    1      0
     4   5   5   500  3.3900e+22     26.28    0.1610  1.4892e+01  1.1684e+01  1.2745e+00    0.0225     36.34    1.4460      1.9758    0      0
     4   5   5   500  3.3900e+22     28.42    0.1741  1.4892e+01  1.1038e+01  1.3491e+00    0.0330     40.28    1.4111      1.9175    0      0
     4   5   5   500  3.3900e+22     30.75    0.1884  1.4892e+01  1.0436e+01  1.4270e+00    0.0448     43.86    1.4022      1.9048    0      0
     4   5   5   500  3.3900e+22     33.36    0.2044  1.4892e+01  9.8141e+00  1.5174e+00    0.0593     47.46    1.4057      1.8967    0      0
     4   5   5   500  3.3900e+22     36.22    0.2219  1.4892e+01  9.1820e+00  1.6218e+00    0.0771     50.60    1.4317      1.9468    0      0
     4   5   5   500  3.3900e+22     39.47    0.2418  1.4892e+01  8.5340e+00  1.7450e+00    0.0991     53.73    1.4694      2.0428    0      0
     4   5   5   500  3.3900e+22     43.05    0.2637  1.4892e+01  7.9458e+00  1.8742e+00    0.1220     56.47    1.5247      2.1534    0      0
     4   5   5   500  3.3900e+22     47.19    0.2891  1.4892e+01  7.3424e+00  2.0282e+00    0.1485     59.27    1.5923      2.2730    0      0
     4   5   5   500  3.3900e+22     49.69    0.3044  1.4892e+01  6.7190e+00  2.2163e+00    0.1792     62.32    1.5945      2.2814    0      0
     4   5   5   500  3.3900e+22     51.97    0.3184  1.4892e+01  6.1582e+00  2.4182e+00    0.2100     65.11    1.5964      2.2718    1      0
     4   5   5   500  3.3900e+22     57.58    0.3527  1.4892e+01  5.1738e+00  2.8782e+00    0.2741     69.89    1.6477      2.3528    1      0
     4   5   5   500  3.3900e+22     63.75    0.3905  1.4892e+01  4.2317e+00  3.5191e+00    0.3496     74.40    1.7137      2.5006    1      0
     4   5   5   500  3.3900e+22     64.27    0.3937  1.4892e+01  4.2317e+00  3.5191e+00    0.3500     74.40    1.7278      2.5396    1      0
     4   5   5   500  3.3900e+22     72.33    0.4431  1.4892e+01  3.0369e+00  4.9036e+00    0.4686     80.02    1.8078      2.6629    1      0
     4   5   5   500  3.3900e+22     74.69    0.4575  1.4892e+01  3.0369e+00  4.9036e+00    0.4699     80.02    1.8668      2.8180    1      0
     4   5   5   500  3.3900e+22     82.39    0.5048  1.4892e+01  2.0459e+00  7.2786e+00    0.5954     84.67    1.9464      2.9516    1      0
     4   5   5   500  3.3900e+22     83.99    0.5146  1.4892e+01  2.0459e+00  7.2786e+00    0.5958     84.67    1.9841      3.0391    1      0
     4   5   5   500  3.3900e+22     94.03    0.5760  1.4892e+01  1.0314e+00  1.4438e+01    0.7595     89.84    2.0932      3.2485    1      0
     4   5   5   500  3.3900e+22     95.73    0.5865  1.4892e+01  1.0314e+00  1.4438e+01    0.7600     89.84    2.1311      3.3556    1      0
     4   5   5   500  3.3900e+22    102.98    0.6309  1.4892e+01  5.1397e-01  2.8974e+01    0.8641     92.42    2.2286      3.5479    1      0
     4   5   5   500  3.3900e+22    110.35    0.6760  1.4892e+01  2.9080e-01  5.1209e+01    0.9167     93.53    2.3597      3.8950    1      0
     4   5   5   500  3.3900e+22    117.25    0.7183  1.4892e+01  1.0295e-01  1.4465e+02    0.9664     94.46    2.4826      4.2354    1      0
     4   5   5   500  3.3900e+22    123.85    0.7587  1.4892e+01  4.4941e-02  3.3136e+02    0.9842     94.75    2.6143      4.6616    1      0
     4   5   5   500  3.3900e+22    130.13    0.7972  1.4892e+01  1.7439e-02  8.5393e+02    0.9933     94.89    2.7428      5.0924    1      0
     4   5   5   500  3.3900e+22    136.31    0.8351  1.4892e+01  6.0690e-03  2.4537e+03    0.9975     94.94    2.8714      5.5766    1      0
     4   5   5   500  3.3900e+22    142.44    0.8726  1.4892e+01  1.8286e-03  8.1436e+03    0.9992     94.96    3.0000      6.0799    1      0
     4   5   5   500  3.3900e+22    163.23    1.0000  1.4892e+01  6.3804e-06  2.3339e+06    1.0000     94.97    3.4375      7.8448    1      0
     4   5   6    SD  3.3900e+22     19.73    0.1186  9.9541e+21  8.8681e+21  1.1225e+00    0.0047     28.45    1.3872      1.8201    0      0
     4   5   6    SD  3.3900e+22     27.41    0.1647  9.9541e+21  7.9068e+21  1.2589e+00    0.0171     40.56    1.3516      1.7800    0      0
     4   5   6    SD  3.3900e+22     31.40    0.1887  9.9541e+21  7.5804e+21  1.3131e+00    0.0240     44.17    1.4218      1.9610    0      0
     4   5   6    SD  3.3900e+22     34.05    0.2046  9.9541e+21  7.2413e+21  1.3746e+00    0.0320     47.82    1.4242      1.9562    0      0
     4   5   6    SD  3.3900e+22     36.94    0.2220  9.9541e+21  6.8880e+21  1.4451e+00    0.0419     51.05    1.4474      2.0036    0      0
     4   5   6    SD  3.3900e+22     40.15    0.2413  9.9541e+21  6.5272e+21  1.5250e+00    0.0537     54.30    1.4788      2.0394    0      0
     4   5   6    SD  3.3900e+22     43.80    0.2632  9.9541e+21  6.1924e+21  1.6075e+00    0.0666     57.16    1.5326      2.1637    0      0
     4   5   6    SD  3.3900e+22     47.85    0.2876  9.9541e+21  5.8437e+21  1.7034e+00    0.0817     60.14    1.5911      2.2714    0      0
     4   5   6    SD  3.3900e+22     49.20    0.2957  9.9541e+21  5.4835e+21  1.8153e+00    0.0989     63.46    1.5507      2.1750    0      0
     4   5   6    SD  3.3900e+22     52.52    0.3156  9.9541e+21  5.1473e+21  1.9338e+00    0.1177     66.52    1.5790      2.2625    0      0
     4   5   6    SD  3.3900e+22     57.84    0.3476  9.9541e+21  4.5522e+21  2.1867e+00    0.1561     71.79    1.6113      2.3190    0      0
     4   5   6    SD  3.3900e+22     64.11    0.3853  9.9541e+21  3.9657e+21  2.5101e+00    0.2024     76.78    1.6699      2.4142    1      0
     4   5   6    SD  3.3900e+22     68.84    0.4137  9.9541e+21  3.6968e+21  2.6926e+00    0.2273     79.04    1.7418      2.5845    1      0
     4   5   6    SD  3.3900e+22     71.49    0.4296  9.9541e+21  3.4481e+21  2.8869e+00    0.2519     81.11    1.7628      2.6188    1      0
     4   5   6    SD  3.3900e+22     80.49    0.4837  9.9541e+21  2.7530e+21  3.6157e+00    0.3327     87.11    1.8479      2.7615    1      0
     4   5   6    SD  3.3900e+22     81.33    0.4888  9.9541e+21  2.5501e+21  3.9034e+00    0.3595     88.93    1.8291      2.7121    1      0
     4   5   6    SD  3.3900e+22     91.65    0.5508  9.9541e+21  1.9956e+21  4.9882e+00    0.4464     93.74    1.9554      2.9847    1      0
     4   5   6    SD  3.3900e+22     93.76    0.5635  9.9541e+21  1.8360e+21  5.4216e+00    0.4744     95.12    1.9714      2.9896    1      0
     4   5   6    SD  3.3900e+22    103.76    0.6236  9.9541e+21  1.3947e+21  7.1374e+00    0.5633     98.82    2.1000      3.2531    1      0
     4   5   6    SD  3.3900e+22    105.95    0.6367  9.9541e+21  1.2651e+21  7.8681e+00    0.5923     99.90    2.1211      3.2646    1      0
     4   5   6    SD  3.3900e+22    114.59    0.6886  9.9541e+21  9.1936e+20  1.0827e+01    0.6792    102.83    2.2286      3.4691    1      0
     4   5   6    SD  3.3900e+22    124.31    0.7471  9.9541e+21  6.2354e+20  1.5964e+01    0.7663    105.47    2.3571      3.7383    1      0
     4   5   6    SD  3.3900e+22    125.05    0.7515  9.9541e+21  6.2354e+20  1.5964e+01    0.7664    105.47    2.3712      3.7819    1      0
     4   5   6    SD  3.3900e+22    134.44    0.8079  9.9541e+21  3.5662e+20  2.7912e+01    0.8569    107.86    2.4929      4.0226    1      0
     4   5   6    SD  3.3900e+22    144.77    0.8700  9.9541e+21  5.7877e+19  1.7199e+02    0.9738    110.75    2.6143      4.2262    1      0
     4   5   6    SD  3.3900e+22    152.59    0.9170  9.9541e+21  8.6022e+18  1.1572e+03    0.9959    111.23    2.7436      4.6101    1      0
     4   5   6    SD  3.3900e+22    159.81    0.9604  9.9541e+21  9.5780e+16  1.0393e+05    0.9999    111.32    2.8714      5.0644    1      0
     4   5   6    SD  3.3900e+22    166.40    1.0000  9.9541e+21  0.0000e+00         nan    1.0000    111.32    2.9896      5.4768    1      0
     4   5   6   070  3.3900e+22    158.17    1.0000 -9.8011e-01         nan         nan       nan       nan       nan         nan    0      1
     4   5   6   100  3.3900e+22    159.79    1.0000 -1.4680e+00         nan         nan       nan       nan       nan         nan    0      1
     4   5   6   160  3.3900e+22     60.03    0.3608  2.3740e-02  6.5859e-02  3.6047e-01    0.0589       nan       nan         nan    0      0
     4   5   6   160  3.3900e+22     60.94    0.3662  2.3740e-02  6.5859e-02  3.6047e-01    0.0596       nan       nan         nan    0      0
     4   5   6   160  3.3900e+22     62.05    0.3729  2.3740e-02  6.5859e-02  3.6047e-01    0.0599       nan       nan         nan    0      0
     4   5   6   160  3.3900e+22     63.45    0.3813  2.3740e-02  6.1672e-02  3.8495e-01    0.0800       nan       nan         nan    0      0
     4   5   6   160  3.3900e+22     65.35    0.3928  2.3740e-02  6.1672e-02  3.8495e-01    0.0808       nan       nan         nan    0      0
     4   5   6   160  3.3900e+22     68.04    0.4089  2.3740e-02  5.8237e-02  4.0765e-01    0.1002       nan       nan         nan    0      0
     4   5   6   160  3.3900e+22     71.73    0.4311  2.3740e-02  5.5355e-02  4.2888e-01    0.1185       nan       nan         nan    0      0
     4   5   6   160  3.3900e+22     76.77    0.4613  2.3740e-02  4.9895e-02  4.7580e-01    0.1583       nan       nan         nan    0      0
     4   5   6   160  3.3900e+22     82.39    0.4951  2.3740e-02  4.4307e-02  5.3582e-01    0.2072       nan       nan         nan    1      0
     4   5   6   160  3.3900e+22     88.19    0.5300  2.3740e-02  3.8106e-02  6.2300e-01    0.2706       nan       nan         nan    1      0
     4   5   6   160  3.3900e+22     95.07    0.5713  2.3740e-02  3.2390e-02  7.3296e-01    0.3388       nan       nan         nan    1      0
     4   5   6   160  3.3900e+22    104.53    0.6282  2.3740e-02  2.5248e-02  9.4027e-01    0.4387       nan       nan         nan    1      0
     4   5   6   160  3.3900e+22    116.64    0.7010  2.3740e-02  1.7191e-02  1.3809e+00    0.5773    223.81    1.0424      0.2144    1      0
     4   5   6   160  3.3900e+22    131.31    0.7891  2.3740e-02  8.4846e-03  2.7980e+00    0.7658    237.49    1.1058      0.4786    1      0
     4   5   6   160  3.3900e+22    150.89    0.9068  2.3740e-02  1.5931e-04  1.4902e+02    0.9946    251.62    1.1993      0.7554    1      0
     4   5   6   160  3.3900e+22    166.40    1.0000  2.3740e-02  0.0000e+00         nan    1.0000    251.90    1.3212      0.9178    1      0
     4   5   6   250  3.3900e+22     20.55    0.1178  8.9783e+00  8.1907e+00  1.0962e+00    0.0035     28.54    1.4399      1.8992    0      0
     4   5   6   250  3.3900e+22     32.98    0.1891  8.9783e+00  7.1877e+00  1.2491e+00    0.0189     45.09    1.4626      2.0307    0      0
     4   5   6   250  3.3900e+22     33.66    0.1930  8.9783e+00  6.9066e+00  1.3000e+00    0.0254     48.93    1.3759      1.8829    0      0
     4   5   6   250  3.3900e+22     36.38    0.2086  8.9783e+00  6.6062e+00  1.3591e+00    0.0337     52.48    1.3864      1.8815    0      0
     4   5   6   250  3.3900e+22     39.28    0.2252  8.9783e+00  6.2931e+00  1.4267e+00    0.0440     56.00    1.4028      1.9114    0      0
     4   5   6   250  3.3900e+22     42.61    0.2443  8.9783e+00  5.9978e+00  1.4969e+00    0.0553     59.21    1.4392      1.9610    0      0
     4   5   6   250  3.3900e+22     46.22    0.2650  8.9783e+00  5.6858e+00  1.5791e+00    0.0692     62.72    1.4738      2.0506    0      0
     4   5   6   250  3.3900e+22     50.30    0.2884  8.9783e+00  5.3593e+00  1.6753e+00    0.0855     66.40    1.5149      2.1541    0      0
     4   5   6   250  3.3900e+22     54.94    0.3150  8.9783e+00  4.7646e+00  1.8844e+00    0.1201     72.70    1.5115      2.1175    0      0
     4   5   6   250  3.3900e+22     60.33    0.3459  8.9783e+00  4.2197e+00  2.1277e+00    0.1594     78.14    1.5443      2.1858    0      0
     4   5   6   250  3.3900e+22     60.38    0.3462  8.9783e+00  4.2197e+00  2.1277e+00    0.1595     78.14    1.5453      2.1980    0      0
     4   5   6   250  3.3900e+22     66.60    0.3819  8.9783e+00  3.6859e+00  2.4359e+00    0.2062     83.25    1.6000      2.2869    1      0
     4   5   6   250  3.3900e+22     74.09    0.4248  8.9783e+00  3.2154e+00  2.7923e+00    0.2558     87.99    1.6840      2.4631    1      0
     4   5   6   250  3.3900e+22     78.93    0.4526  8.9783e+00  2.7860e+00  3.2227e+00    0.3081     92.22    1.7118      2.5256    1      0
     4   5   6   250  3.3900e+22     83.21    0.4771  8.9783e+00  2.5897e+00  3.4670e+00    0.3354     94.11    1.7682      2.6481    1      0
     4   5   6   250  3.3900e+22     91.20    0.5229  8.9783e+00  2.0459e+00  4.3884e+00    0.4205     99.19    1.8388      2.7429    1      0
     4   5   6   250  3.3900e+22     94.32    0.5408  8.9783e+00  1.8879e+00  4.7557e+00    0.4492    100.64    1.8744      2.8372    1      0
     4   5   6   250  3.3900e+22    103.35    0.5926  8.9783e+00  1.4478e+00  6.2014e+00    0.5383    104.84    1.9714      3.0003    1      0
     4   5   6   250  3.3900e+22    108.47    0.6219  8.9783e+00  1.1936e+00  7.5221e+00    0.5976    107.31    2.0214      3.0844    1      0
     4   5   6   250  3.3900e+22    115.14    0.6602  8.9783e+00  9.6521e-01  9.3019e+00    0.6575    109.65    2.1000      3.2499    1      0
     4   5   6   250  3.3900e+22    126.77    0.7269  8.9783e+00  5.6025e-01  1.6025e+01    0.7804    113.90    2.2260      3.4869    1      0
     4   5   6   250  3.3900e+22    126.92    0.7277  8.9783e+00  5.6025e-01  1.6025e+01    0.7805    113.90    2.2286      3.4917    1      0
     4   5   6   250  3.3900e+22    137.77    0.7899  8.9783e+00  2.9117e-01  3.0835e+01    0.8771    116.89    2.3571      3.7670    1      0
     4   5   6   250  3.3900e+22    148.66    0.8524  8.9783e+00  4.9130e-02  1.8274e+02    0.9766    119.59    2.4863      4.0560    1      0
     4   5   6   250  3.3900e+22    156.95    0.8999  8.9783e+00  4.3304e-03  2.0733e+03    0.9977    120.09    2.6140      4.4410    1      0
     4   5   6   250  3.3900e+22    164.75    0.9447  8.9783e+00  4.8966e-04  1.8336e+04    0.9997    120.13    2.7429      4.8801    1      0
     4   5   6   250  3.3900e+22    172.48    0.9890  8.9783e+00  5.1223e-06  1.7528e+06    1.0000    120.13    2.8714      5.3727    1      0
     4   5   6   250  3.3900e+22    174.40    1.0000  8.9783e+00  0.0000e+00         nan    1.0000    120.13    2.9034      5.4760    1      0
     4   5   6   350  3.3900e+22     20.87    0.1124  1.4267e+01  1.2979e+01  1.0993e+00    0.0036     28.58    1.4605      1.8959    0      0
     4   5   6   350  3.3900e+22     24.78    0.1334  1.4267e+01  1.2225e+01  1.1670e+00    0.0090     36.89    1.3437      1.8070    0      0
     4   5   6   350  3.3900e+22     33.50    0.1804  1.4267e+01  1.0911e+01  1.3076e+00    0.0255     48.70    1.3758      1.8349    0      0
     4   5   6   350  3.3900e+22     36.26    0.1952  1.4267e+01  1.0437e+01  1.3670e+00    0.0340     52.15    1.3905      1.8959    0      0
     4   5   6   350  3.3900e+22     39.19    0.2110  1.4267e+01  9.9447e+00  1.4347e+00    0.0442     55.61    1.4097      1.9286    0      0
     4   5   6   350  3.3900e+22     42.58    0.2293  1.4267e+01  9.4809e+00  1.5048e+00    0.0554     58.73    1.4502      1.9801    0      0
     4   5   6   350  3.3900e+22     46.22    0.2489  1.4267e+01  8.9909e+00  1.5868e+00    0.0690     62.14    1.4877      2.0715    0      0
     4   5   6   350  3.3900e+22     50.37    0.2712  1.4267e+01  8.4780e+00  1.6829e+00    0.0852     65.78    1.5313      2.1762    0      0
     4   5   6   350  3.3900e+22     55.08    0.2966  1.4267e+01  7.5451e+00  1.8909e+00    0.1194     72.06    1.5287      2.1538    0      0
     4   5   6   350  3.3900e+22     60.48    0.3257  1.4267e+01  6.6909e+00  2.1323e+00    0.1582     77.47    1.5615      2.2200    0      0
     4   5   6   350  3.3900e+22     60.59    0.3262  1.4267e+01  6.6909e+00  2.1323e+00    0.1582     77.47    1.5641      2.2200    0      0
     4   5   6   350  3.3900e+22     66.81    0.3597  1.4267e+01  5.8487e+00  2.4394e+00    0.2047     82.62    1.6172      2.3289    1      0
     4   5   6   350  3.3900e+22     74.22    0.3996  1.4267e+01  5.1000e+00  2.7975e+00    0.2544     87.38    1.6988      2.5109    1      0
     4   5   6   350  3.3900e+22     78.39    0.4221  1.4267e+01  4.4152e+00  3.2314e+00    0.3064     91.71    1.7095      2.4965    1      0
     4   5   6   350  3.3900e+22     83.34    0.4487  1.4267e+01  4.1029e+00  3.4774e+00    0.3340     93.62    1.7802      2.6619    1      0
     4   5   6   350  3.3900e+22     90.45    0.4870  1.4267e+01  3.2406e+00  4.4026e+00    0.4188     98.77    1.8315      2.7336    1      0
     4   5   6   350  3.3900e+22     94.47    0.5087  1.4267e+01  2.9900e+00  4.7716e+00    0.4476    100.24    1.8850      2.8496    1      0
     4   5   6   350  3.3900e+22    101.59    0.5470  1.4267e+01  2.5177e+00  5.6667e+00    0.5062    103.06    1.9714      3.0182    1      0
     4   5   6   350  3.3900e+22    108.67    0.5851  1.4267e+01  1.8865e+00  7.5628e+00    0.5961    106.97    2.0318      3.1006    1      0
     4   5   6   350  3.3900e+22    113.53    0.6113  1.4267e+01  1.7015e+00  8.3852e+00    0.6263    108.12    2.1000      3.2628    1      0
     4   5   6   350  3.3900e+22    126.23    0.6797  1.4267e+01  8.8230e-01  1.6170e+01    0.7782    113.60    2.2223      3.4691    1      0
     4   5   6   350  3.3900e+22    126.91    0.6833  1.4267e+01  8.8230e-01  1.6170e+01    0.7785    113.60    2.2343      3.5029    1      0
     4   5   6   350  3.3900e+22    137.21    0.7387  1.4267e+01  4.8328e-01  2.9522e+01    0.8685    116.42    2.3571      3.7755    1      0
     4   5   6   350  3.3900e+22    147.83    0.7959  1.4267e+01  1.2818e-01  1.1131e+02    0.9605    118.94    2.4857      4.0730    1      0
     4   5   6   350  3.3900e+22    156.28    0.8415  1.4267e+01  2.7206e-02  5.2441e+02    0.9907    119.66    2.6121      4.4369    1      0
     4   5   6   350  3.3900e+22    164.30    0.8846  1.4267e+01  7.3325e-03  1.9457e+03    0.9974    119.80    2.7429      4.8771    1      0
     4   5   6   350  3.3900e+22    172.07    0.9265  1.4267e+01  6.0429e-04  2.3610e+04    0.9998    119.85    2.8714      5.3449    1      0
     4   5   6   350  3.3900e+22    179.78    0.9680  1.4267e+01  7.9182e-05  1.8018e+05    1.0000    119.85    3.0000      5.8150    1      0
     4   5   6   350  3.3900e+22    185.73    1.0000  1.4267e+01  4.4224e-06  3.2262e+06    1.0000    119.85    3.0993      6.2134    1      0
     4   5   6   500  3.3900e+22     34.29    0.1709  1.1402e+01  8.8288e+00  1.2915e+00    0.0240     48.75    1.4067      1.9689    0      0
     4   5   6   500  3.3900e+22     37.06    0.1847  1.1402e+01  8.4634e+00  1.3473e+00    0.0317     52.22    1.4195      1.9444    0      0
     4   5   6   500  3.3900e+22     40.11    0.1999  1.1402e+01  8.0830e+00  1.4107e+00    0.0412     55.69    1.4406      1.9710    0      0
     4   5   6   500  3.3900e+22     43.52    0.2169  1.1402e+01  7.7234e+00  1.4763e+00    0.0517     58.84    1.4794      2.0601    0      0
     4   5   6   500  3.3900e+22     47.27    0.2355  1.1402e+01  7.3421e+00  1.5530e+00    0.0644     62.30    1.5174      2.1351    0      0
     4   5   6   500  3.3900e+22     51.52    0.2567  1.1402e+01  6.5606e+00  1.7380e+00    0.0949     69.33    1.4861      2.0742    0      0
     4   5   6   500  3.3900e+22     56.29    0.2804  1.1402e+01  6.2066e+00  1.8371e+00    0.1122     72.40    1.5549      2.2214    0      0
     4   5   6   500  3.3900e+22     61.77    0.3078  1.1402e+01  5.5269e+00  2.0631e+00    0.1494     77.98    1.5842      2.2634    0      0
     4   5   6   500  3.3900e+22     64.55    0.3216  1.1402e+01  5.1746e+00  2.2035e+00    0.1717     80.76    1.5987      2.3024    0      0
     4   5   6   500  3.3900e+22     68.17    0.3397  1.1402e+01  4.8490e+00  2.3515e+00    0.1945     83.33    1.6363      2.3740    0      0
     4   5   6   500  3.3900e+22     75.68    0.3771  1.1402e+01  3.9460e+00  2.8896e+00    0.2683     90.78    1.6674      2.4226    1      0
     4   5   6   500  3.3900e+22     79.62    0.3967  1.1402e+01  3.6776e+00  3.1005e+00    0.2947     92.89    1.7143      2.5320    1      0
     4   5   6   500  3.3900e+22     84.70    0.4220  1.1402e+01  3.1716e+00  3.5951e+00    0.3487     96.82    1.7496      2.5802    1      0
     4   5   6   500  3.3900e+22     93.61    0.4664  1.1402e+01  2.4993e+00  4.5621e+00    0.4343    101.85    1.8382      2.7342    1      0
     4   5   6   500  3.3900e+22     95.78    0.4772  1.1402e+01  2.4993e+00  4.5621e+00    0.4348    101.85    1.8806      2.8519    1      0
     4   5   6   500  3.3900e+22    106.08    0.5285  1.1402e+01  1.7437e+00  6.5392e+00    0.5539    107.81    1.9679      2.9911    1      0
     4   5   6   500  3.3900e+22    109.91    0.5476  1.1402e+01  1.5787e+00  7.2224e+00    0.5842    109.19    2.0131      3.0805    1      0
     4   5   6   500  3.3900e+22    118.61    0.5910  1.1402e+01  1.1328e+00  1.0065e+01    0.6747    112.97    2.1000      3.2527    1      0
     4   5   6   500  3.3900e+22    128.31    0.6393  1.1402e+01  7.5543e-01  1.5094e+01    0.7639    116.29    2.2068      3.4937    1      0
     4   5   6   500  3.3900e+22    130.68    0.6511  1.1402e+01  6.4563e-01  1.7661e+01    0.7922    117.27    2.2286      3.5241    1      0
     4   5   6   500  3.3900e+22    141.91    0.7071  1.1402e+01  2.9452e-01  3.8715e+01    0.8933    120.41    2.3571      3.8102    1      0
     4   5   6   500  3.3900e+22    151.41    0.7544  1.1402e+01  1.3122e-01  8.6892e+01    0.9479    121.83    2.4857      4.1469    1      0
     4   5   6   500  3.3900e+22    160.17    0.7980  1.1402e+01  4.7194e-02  2.4160e+02    0.9795    122.56    2.6137      4.5303    1      0
     4   5   6   500  3.3900e+22    168.48    0.8394  1.1402e+01  1.3220e-02  8.6248e+02    0.9937    122.85    2.7427      4.9562    1      0
     4   5   6   500  3.3900e+22    176.50    0.8794  1.1402e+01  4.9106e-03  2.3220e+03    0.9975    122.93    2.8717      5.4146    1      0
     4   5   6   500  3.3900e+22    184.44    0.9190  1.1402e+01  8.6105e-04  1.3242e+04    0.9995    122.96    3.0000      5.9047    1      0
     4   5   6   500  3.3900e+22    200.70    1.0000  1.1402e+01  2.4712e-05  4.6140e+05    1.0000    122.97    3.2643      6.8006    1      0
     4   5   7    SD  3.3900e+22     11.26    0.0500  6.7695e+21  6.6308e+21  1.0209e+00    0.0002     16.85    1.3368      1.7381    0      0
     4   5   7    SD  3.3900e+22     22.98    0.1020  6.7695e+21  6.2503e+21  1.0831e+00    0.0024     32.73    1.4038      1.8721    0      0
     4   5   7    SD  3.3900e+22     29.09    0.1291  6.7695e+21  5.9685e+21  1.1342e+00    0.0057     41.56    1.3998      1.8896    0      0
     4   5   7    SD  3.3900e+22     42.55    0.1889  6.7695e+21  5.1754e+21  1.3080e+00    0.0241     59.84    1.4221      1.9327    0      0
     4   5   7    SD  3.3900e+22     46.04    0.2044  6.7695e+21  5.0001e+21  1.3539e+00    0.0304     63.52    1.4496      2.0167    0      0
     4   5   7    SD  3.3900e+22     49.96    0.2218  6.7695e+21  4.8098e+21  1.4075e+00    0.0380     67.43    1.4819      2.0898    0      0
     4   5   7    SD  3.3900e+22     54.27    0.2409  6.7695e+21  4.4548e+21  1.5196e+00    0.0545     74.29    1.4609      2.0281    0      0
     4   5   7    SD  3.3900e+22     59.14    0.2626  6.7695e+21  4.2881e+21  1.5787e+00    0.0641     77.39    1.5282      2.1774    0      0
     4   5   7    SD  3.3900e+22     64.57    0.2867  6.7695e+21  3.9304e+21  1.7223e+00    0.0870     83.66    1.5437      2.1981    0      0
     4   5   7    SD  3.3900e+22     70.77    0.3142  6.7695e+21  3.5948e+21  1.8831e+00    0.1129     89.75    1.5769      2.2736    0      0
     4   5   7    SD  3.3900e+22     73.23    0.3251  6.7695e+21  3.4266e+21  1.9756e+00    0.1275     92.65    1.5808      2.2752    0      0
     4   5   7    SD  3.3900e+22     77.83    0.3455  6.7695e+21  3.2629e+21  2.0747e+00    0.1431     95.45    1.6308      2.3787    0      0
     4   5   7    SD  3.3900e+22     86.05    0.3820  6.7695e+21  2.8108e+21  2.4084e+00    0.1929    102.64    1.6767      2.4596    0      0
     4   5   7    SD  3.3900e+22     92.72    0.4117  6.7695e+21  2.5264e+21  2.6795e+00    0.2301    107.32    1.7280      2.5537    1      0
     4   5   7    SD  3.3900e+22     95.82    0.4254  6.7695e+21  2.3972e+21  2.8240e+00    0.2488    109.53    1.7497      2.5967    1      0
     4   5   7    SD  3.3900e+22    107.56    0.4776  6.7695e+21  1.9064e+21  3.5510e+00    0.3311    118.20    1.8200      2.7429    1      0
     4   5   7    SD  3.3900e+22    110.74    0.4916  6.7695e+21  1.7960e+21  3.7692e+00    0.3525    120.18    1.8429      2.7913    1      0
     4   5   7    SD  3.3900e+22    122.04    0.5418  6.7695e+21  1.3989e+21  4.8393e+00    0.4402    126.95    1.9226      2.9283    1      0
     4   5   7    SD  3.3900e+22    129.25    0.5738  6.7695e+21  1.1446e+21  5.9144e+00    0.5065    131.13    1.9714      2.9958    1      0
     4   5   7    SD  3.3900e+22    140.80    0.6251  6.7695e+21  9.2334e+20  7.3316e+00    0.5734    134.94    2.0868      3.2556    1      0
     4   5   7    SD  3.3900e+22    143.04    0.6350  6.7695e+21  8.5530e+20  7.9148e+00    0.5956    136.13    2.1015      3.2787    1      0
     4   5   7    SD  3.3900e+22    157.32    0.6985  6.7695e+21  5.5986e+20  1.2091e+01    0.7047    141.44    2.2245      3.5239    1      0
     4   5   7    SD  3.3900e+22    166.58    0.7396  6.7695e+21  4.1764e+20  1.6209e+01    0.7661    144.04    2.3129      3.7126    1      0
     4   5   7    SD  3.3900e+22    171.32    0.7606  6.7695e+21  3.3506e+20  2.0204e+01    0.8049    145.52    2.3547      3.7852    1      0
     4   5   7    SD  3.3900e+22    184.03    0.8170  6.7695e+21  1.9258e+20  3.5153e+01    0.8794    148.06    2.4859      4.0872    1      0
     4   5   7    SD  3.3900e+22    195.99    0.8701  6.7695e+21  8.0397e+19  8.4201e+01    0.9461    150.06    2.6122      4.3879    1      0
     4   5   7    SD  3.3900e+22    207.68    0.9220  6.7695e+21  6.2714e+18  1.0794e+03    0.9954    151.42    2.7431      4.7245    1      0
     4   5   7    SD  3.3900e+22    217.55    0.9659  6.7695e+21  1.1890e+17  5.6935e+04    0.9999    151.53    2.8714      5.1729    1      0
     4   5   7    SD  3.3900e+22    225.24    1.0000  6.7695e+21  0.0000e+00         nan    1.0000    151.53    2.9728      5.5379    1      0
     4   5   7   070  3.3900e+22    217.10    1.0000 -6.7218e-01         nan         nan       nan       nan       nan         nan    0      1
     4   5   7   100  3.3900e+22    218.66    1.0000 -1.0050e+00         nan         nan       nan       nan       nan         nan    0      1
     4   5   7   160  3.3900e+22     11.26    0.0500  6.3311e-02  6.5833e-02  9.6169e-01    0.0000       nan       nan         nan    0      0
     4   5   7   160  3.3900e+22     11.26    0.0500  6.3311e-02  6.5833e-02  9.6169e-01    0.0000       nan       nan         nan    0      0
     4   5   7   160  3.3900e+22     11.26    0.0500  6.3311e-02  6.5833e-02  9.6169e-01    0.0000       nan       nan         nan    0      0
     4   5   7   160  3.3900e+22     11.26    0.0500  6.3311e-02  6.5833e-02  9.6169e-01    0.0000       nan       nan         nan    0      0
     4   5   7   160  3.3900e+22     11.26    0.0500  6.3311e-02  6.5833e-02  9.6169e-01    0.0000       nan       nan         nan    0      0
     4   5   7   160  3.3900e+22     11.26    0.0500  6.3311e-02  6.5833e-02  9.6169e-01    0.0000       nan       nan         nan    0      0
     4   5   7   160  3.3900e+22     35.71    0.1585  6.3311e-02  9.0591e-02  6.9887e-01    0.0000       nan       nan         nan    0      0
     4   5   7   160  3.3900e+22     44.85    0.1991  6.3311e-02  9.1604e-02  6.9114e-01    0.0001       nan       nan         nan    0      0
     4   5   7   160  3.3900e+22     47.46    0.2107  6.3311e-02  9.0822e-02  6.9709e-01    0.0008       nan       nan         nan    0      0
     4   5   7   160  3.3900e+22     59.14    0.2626  6.3311e-02  7.9887e-02  7.9250e-01    0.0298       nan       nan         nan    0      0
     4   5   7   160  3.3900e+22     60.27    0.2676  6.3311e-02  7.6420e-02  8.2846e-01    0.0430       nan       nan         nan    0      0
     4   5   7   160  3.3900e+22     61.78    0.2743  6.3311e-02  7.6420e-02  8.2846e-01    0.0436       nan       nan         nan    0      0
     4   5   7   160  3.3900e+22     63.71    0.2829  6.3311e-02  7.3040e-02  8.6680e-01    0.0588       nan       nan         nan    0      0
     4   5   7   160  3.3900e+22     66.36    0.2946  6.3311e-02  6.9942e-02  9.0519e-01    0.0748       nan       nan         nan    0      0
     4   5   7   160  3.3900e+22     69.63    0.3092  6.3311e-02  6.6728e-02  9.4879e-01    0.0936       nan       nan         nan    0      0
     4   5   7   160  3.3900e+22     76.68    0.3405  6.3311e-02  5.8534e-02  1.0816e+00    0.1499    152.70    1.0044      0.2293    0      0
     4   5   7   160  3.3900e+22     80.53    0.3575  6.3311e-02  5.4017e-02  1.1720e+00    0.1850    155.82    1.0336      0.3945    0      0
     4   5   7   160  3.3900e+22     85.03    0.3775  6.3311e-02  4.5081e-02  1.4044e+00    0.2616    161.76    1.0512      0.6174    1      0
     4   5   7   160  3.3900e+22     90.96    0.4039  6.3311e-02  3.7512e-02  1.6877e+00    0.3362    166.74    1.0911      0.7731    1      0
     4   5   7   160  3.3900e+22    100.50    0.4462  6.3311e-02  2.9903e-02  2.1172e+00    0.4243    171.91    1.1693      0.9681    1      0
     4   5   7   160  3.3900e+22    104.36    0.4633  6.3311e-02  2.7815e-02  2.2762e+00    0.4518    173.34    1.2041      1.0429    1      0
     4   5   7   160  3.3900e+22    108.82    0.4831  6.3311e-02  2.3543e-02  2.6892e+00    0.5124    176.46    1.2334      1.1246    1      0
     4   5   7   160  3.3900e+22    113.72    0.5049  6.3311e-02  2.1259e-02  2.9781e+00    0.5481    178.17    1.2765      1.2060    1      0
     4   5   7   160  3.3900e+22    121.98    0.5416  6.3311e-02  1.4510e-02  4.3634e+00    0.6636    183.63    1.3286      1.3337    1      0
     4   5   7   160  3.3900e+22    127.64    0.5667  6.3311e-02  1.0714e-02  5.9091e+00    0.7371    187.04    1.3648      1.4217    1      0
     4   5   7   160  3.3900e+22    139.38    0.6188  6.3311e-02  5.1768e-03  1.2230e+01    0.8595    192.92    1.4450      1.6009    1      0
     4   5   7   160  3.3900e+22    140.63    0.6244  6.3311e-02  5.1768e-03  1.2230e+01    0.8596    192.92    1.4579      1.6318    1      0
     4   5   7   160  3.3900e+22    151.99    0.6748  6.3311e-02  1.3563e-03  4.6679e+01    0.9599    197.59    1.5384      1.8188    1      0
     4   5   7   160  3.3900e+22    167.98    0.7458  6.3311e-02 -2.4713e-03         nan    1.0801    202.63    1.6580      2.0932    1      0
     4   5   7   250  3.3900e+22     22.88    0.0982  6.4194e+00  6.0430e+00  1.0623e+00    0.0017     32.89    1.3912      1.8641    0      0
     4   5   7   250  3.3900e+22     36.55    0.1569  6.4194e+00  5.4433e+00  1.1793e+00    0.0116     54.36    1.3445      1.8202    0      0
     4   5   7   250  3.3900e+22     44.91    0.1928  6.4194e+00  5.1473e+00  1.2471e+00    0.0201     62.07    1.4470      2.0142    0      0
     4   5   7   250  3.3900e+22     48.42    0.2079  6.4194e+00  4.8133e+00  1.3337e+00    0.0322     70.31    1.3773      1.8736    0      0
     4   5   7   250  3.3900e+22     52.26    0.2244  6.4194e+00  4.6420e+00  1.3829e+00    0.0399     74.19    1.4090      1.9323    0      0
     4   5   7   250  3.3900e+22     56.50    0.2426  6.4194e+00  4.4778e+00  1.4336e+00    0.0482     77.77    1.4531      2.0407    0      0
     4   5   7   250  3.3900e+22     61.24    0.2629  6.4194e+00  4.1488e+00  1.5473e+00    0.0671     84.39    1.4514      2.0313    0      0
     4   5   7   250  3.3900e+22     66.60    0.2859  6.4194e+00  3.8048e+00  1.6872e+00    0.0908     91.33    1.4584      2.0386    0      0
     4   5   7   250  3.3900e+22     72.70    0.3121  6.4194e+00  3.4772e+00  1.8462e+00    0.1181     97.39    1.4931      2.1190    0      0
     4   5   7   250  3.3900e+22     79.65    0.3419  6.4194e+00  3.1572e+00  2.0333e+00    0.1494    102.88    1.5485      2.2123    0      0
     4   5   7   250  3.3900e+22     84.77    0.3639  6.4194e+00  2.8552e+00  2.2483e+00    0.1832    108.17    1.5673      2.2305    0      0
     4   5   7   250  3.3900e+22     87.67    0.3764  6.4194e+00  2.7090e+00  2.3697e+00    0.2015    110.84    1.5819      2.2720    1      0
     4   5   7   250  3.3900e+22     97.29    0.4176  6.4194e+00  2.3146e+00  2.7734e+00    0.2578    118.15    1.6468      2.4045    1      0
     4   5   7   250  3.3900e+22    106.35    0.4566  6.4194e+00  1.9518e+00  3.2890e+00    0.3197    124.69    1.7058      2.5238    1      0
     4   5   7   250  3.3900e+22    109.13    0.4685  6.4194e+00  1.8415e+00  3.4860e+00    0.3408    126.62    1.7237      2.5561    1      0
     4   5   7   250  3.3900e+22    123.62    0.5307  6.4194e+00  1.3493e+00  4.7577e+00    0.4508    135.14    1.8295      2.7464    1      0
     4   5   7   250  3.3900e+22    124.52    0.5346  6.4194e+00  1.3493e+00  4.7577e+00    0.4510    135.14    1.8429      2.7821    1      0
     4   5   7   250  3.3900e+22    140.34    0.6025  6.4194e+00  9.5530e-01  6.7198e+00    0.5628    142.38    1.9714      3.0469    1      0
     4   5   7   250  3.3900e+22    142.23    0.6106  6.4194e+00  8.8584e-01  7.2467e+00    0.5851    143.67    1.9799      3.0457    1      0
     4   5   7   250  3.3900e+22    156.40    0.6714  6.4194e+00  5.8207e-01  1.1029e+01    0.6959    149.15    2.0972      3.2686    1      0
     4   5   7   250  3.3900e+22    167.56    0.7193  6.4194e+00  4.3362e-01  1.4804e+01    0.7596    151.86    2.2069      3.5201    1      0
     4   5   7   250  3.3900e+22    170.29    0.7310  6.4194e+00  3.8836e-01  1.6530e+01    0.7803    152.68    2.2306      3.5739    1      0
     4   5   7   250  3.3900e+22    184.12    0.7904  6.4194e+00  1.9943e-01  3.2189e+01    0.8759    156.15    2.3582      3.8389    1      0
     4   5   7   250  3.3900e+22    197.07    0.8460  6.4194e+00  8.4023e-02  7.6401e+01    0.9437    158.37    2.4888      4.1505    1      0
     4   5   7   250  3.3900e+22    208.80    0.8964  6.4194e+00  1.3208e-02  4.8602e+02    0.9904    159.73    2.6144      4.4971    1      0
     4   5   7   250  3.3900e+22    219.38    0.9418  6.4194e+00  3.7709e-04  1.7023e+04    0.9997    159.97    2.7427      4.9334    1      0
     4   5   7   250  3.3900e+22    229.69    0.9860  6.4194e+00  6.7873e-06  9.4580e+05    1.0000    159.98    2.8714      5.4084    1      0
     4   5   7   250  3.3900e+22    232.94    1.0000  6.4194e+00  2.5633e-07  2.5044e+07    1.0000    159.98    2.9121      5.5527    1      0
     4   5   7   350  3.3900e+22     17.66    0.0723  1.0181e+01  9.8027e+00  1.0386e+00    0.0006     25.09    1.4081      1.8832    0      0
     4   5   7   350  3.3900e+22     44.63    0.1827  1.0181e+01  8.0822e+00  1.2596e+00    0.0206     61.25    1.4572      2.0467    0      0
     4   5   7   350  3.3900e+22     48.21    0.1973  1.0181e+01  7.5551e+00  1.3475e+00    0.0325     69.31    1.3910      1.8761    0      0
     4   5   7   350  3.3900e+22     49.58    0.2030  1.0181e+01  7.5551e+00  1.3475e+00    0.0329     69.31    1.4306      1.9858    0      0
     4   5   7   350  3.3900e+22     52.11    0.2133  1.0181e+01  7.2872e+00  1.3971e+00    0.0403     73.14    1.4248      1.9683    0      0
     4   5   7   350  3.3900e+22     56.44    0.2310  1.0181e+01  7.0316e+00  1.4478e+00    0.0485     76.61    1.4735      2.0804    0      0
     4   5   7   350  3.3900e+22     61.23    0.2507  1.0181e+01  6.5194e+00  1.5616e+00    0.0670     83.13    1.4733      2.0712    0      0
     4   5   7   350  3.3900e+22     66.70    0.2730  1.0181e+01  5.9808e+00  1.7022e+00    0.0906     90.03    1.4816      2.0952    0      0
     4   5   7   350  3.3900e+22     72.80    0.2980  1.0181e+01  5.4688e+00  1.8616e+00    0.1174     96.14    1.5144      2.1561    0      0
     4   5   7   350  3.3900e+22     79.85    0.3269  1.0181e+01  4.9730e+00  2.0472e+00    0.1481    101.53    1.5731      2.2589    0      0
     4   5   7   350  3.3900e+22     85.03    0.3481  1.0181e+01  4.5066e+00  2.2591e+00    0.1812    106.74    1.5932      2.2935    0      0
     4   5   7   350  3.3900e+22     88.03    0.3604  1.0181e+01  4.2796e+00  2.3789e+00    0.1991    109.34    1.6102      2.3179    0      0
     4   5   7   350  3.3900e+22     97.72    0.4000  1.0181e+01  3.6603e+00  2.7814e+00    0.2550    116.68    1.6750      2.4608    1      0
     4   5   7   350  3.3900e+22    104.29    0.4269  1.0181e+01  3.2666e+00  3.1166e+00    0.2963    121.34    1.7189      2.5553    1      0
     4   5   7   350  3.3900e+22    109.50    0.4482  1.0181e+01  2.9109e+00  3.4974e+00    0.3381    125.40    1.7464      2.6054    1      0
     4   5   7   350  3.3900e+22    121.89    0.4990  1.0181e+01  2.2795e+00  4.4663e+00    0.4253    132.28    1.8429      2.7854    1      0
     4   5   7   350  3.3900e+22    124.05    0.5078  1.0181e+01  2.1385e+00  4.7606e+00    0.4472    133.90    1.8529      2.7958    1      0
     4   5   7   350  3.3900e+22    138.35    0.5663  1.0181e+01  1.5176e+00  6.7085e+00    0.5583    141.14    1.9605      3.0001    1      0
     4   5   7   350  3.3900e+22    142.76    0.5844  1.0181e+01  1.4077e+00  7.2323e+00    0.5810    142.44    2.0044      3.1075    1      0
     4   5   7   350  3.3900e+22    154.08    0.6307  1.0181e+01  1.0141e+00  1.0039e+01    0.6701    147.03    2.0958      3.2752    1      0
     4   5   7   350  3.3900e+22    168.31    0.6890  1.0181e+01  6.2472e-01  1.6297e+01    0.7747    151.56    2.2210      3.5314    1      0
     4   5   7   350  3.3900e+22    168.81    0.6910  1.0181e+01  6.2472e-01  1.6297e+01    0.7748    151.56    2.2276      3.5397    1      0
     4   5   7   350  3.3900e+22    182.10    0.7454  1.0181e+01  3.7829e-01  2.6912e+01    0.8526    154.47    2.3578      3.8371    1      0
     4   5   7   350  3.3900e+22    195.39    0.7998  1.0181e+01  1.4513e-01  7.0151e+01    0.9374    157.28    2.4845      4.1206    1      0
     4   5   7   350  3.3900e+22    207.30    0.8486  1.0181e+01  3.7319e-02  2.7280e+02    0.9824    158.62    2.6137      4.4726    1      0
     4   5   7   350  3.3900e+22    218.06    0.8926  1.0181e+01  7.7445e-03  1.3146e+03    0.9961    158.99    2.7431      4.8909    1      0
     4   5   7   350  3.3900e+22    228.39    0.9349  1.0181e+01  3.8847e-04  2.6207e+04    0.9998    159.08    2.8714      5.3538    1      0
     4   5   7   350  3.3900e+22    238.63    0.9768  1.0181e+01  2.0274e-05  5.0216e+05    1.0000    159.09    3.0000      5.8420    1      0
     4   5   7   350  3.3900e+22    244.29    1.0000  1.0181e+01  0.0000e+00         nan    1.0000    159.09    3.0711      6.1223    1      0
     4   5   7   500  3.3900e+22     30.18    0.1166  8.2649e+00  7.2854e+00  1.1344e+00    0.0063     45.87    1.3159      1.7726    0      0
     4   5   7   500  3.3900e+22     34.55    0.1335  8.2649e+00  7.1209e+00  1.1607e+00    0.0088     49.74    1.3892      1.9131    0      0
     4   5   7   500  3.3900e+22     44.98    0.1738  8.2649e+00  6.5683e+00  1.2583e+00    0.0200     60.84    1.4787      2.0641    0      0
     4   5   7   500  3.3900e+22     48.60    0.1878  8.2649e+00  6.1503e+00  1.3438e+00    0.0316     68.84    1.4121      1.9387    0      0
     4   5   7   500  3.3900e+22     52.57    0.2031  8.2649e+00  5.9381e+00  1.3918e+00    0.0389     72.66    1.4471      2.0297    0      0
     4   5   7   500  3.3900e+22     57.07    0.2205  8.2649e+00  5.5377e+00  1.4925e+00    0.0545     79.35    1.4385      1.9725    0      0
     4   5   7   500  3.3900e+22     61.96    0.2394  8.2649e+00  5.3285e+00  1.5511e+00    0.0646     82.64    1.4995      2.1465    0      0
     4   5   7   500  3.3900e+22     67.47    0.2607  8.2649e+00  4.8988e+00  1.6871e+00    0.0874     89.56    1.5067      2.1479    0      0
     4   5   7   500  3.3900e+22     73.67    0.2846  8.2649e+00  4.4893e+00  1.8410e+00    0.1133     95.76    1.5387      2.2015    0      0
     4   5   7   500  3.3900e+22     80.30    0.3102  8.2649e+00  4.0921e+00  2.0197e+00    0.1429    101.23    1.5864      2.2837    0      0
     4   5   7   500  3.3900e+22     80.81    0.3122  8.2649e+00  4.0921e+00  2.0197e+00    0.1430    101.23    1.5965      2.3278    0      0
     4   5   7   500  3.3900e+22     89.05    0.3441  8.2649e+00  3.5338e+00  2.3388e+00    0.1928    109.15    1.6318      2.3690    0      0
     4   5   7   500  3.3900e+22     98.90    0.3821  8.2649e+00  3.0295e+00  2.7281e+00    0.2477    116.68    1.6953      2.5066    1      0
     4   5   7   500  3.3900e+22    105.03    0.4058  8.2649e+00  2.5568e+00  3.2326e+00    0.3087    123.64    1.6991      2.4866    1      0
     4   5   7   500  3.3900e+22    110.66    0.4275  8.2649e+00  2.4134e+00  3.4246e+00    0.3303    125.69    1.7608      2.6423    1      0
     4   5   7   500  3.3900e+22    123.91    0.4787  8.2649e+00  1.7784e+00  4.6475e+00    0.4386    134.47    1.8429      2.7716    1      0
     4   5   7   500  3.3900e+22    125.25    0.4839  8.2649e+00  1.7784e+00  4.6475e+00    0.4388    134.47    1.8629      2.8198    1      0
     4   5   7   500  3.3900e+22    141.28    0.5458  8.2649e+00  1.1750e+00  7.0337e+00    0.5720    143.33    1.9714      3.0154    1      0
     4   5   7   500  3.3900e+22    143.98    0.5563  8.2649e+00  1.1750e+00  7.0337e+00    0.5723    143.33    2.0091      3.1172    1      0
     4   5   7   500  3.3900e+22    155.68    0.6015  8.2649e+00  8.4960e-01  9.7280e+00    0.6615    148.04    2.1032      3.3078    1      0
     4   5   7   500  3.3900e+22    169.65    0.6555  8.2649e+00  5.2894e-01  1.5625e+01    0.7657    152.72    2.2217      3.5399    1      0
     4   5   7   500  3.3900e+22    170.18    0.6575  8.2649e+00  5.2894e-01  1.5625e+01    0.7657    152.72    2.2286      3.5636    1      0
     4   5   7   500  3.3900e+22    184.00    0.7109  8.2649e+00  2.8380e-01  2.9122e+01    0.8605    156.35    2.3536      3.8284    1      0
     4   5   7   500  3.3900e+22    197.06    0.7613  8.2649e+00  1.4169e-01  5.8330e+01    0.9242    158.55    2.4857      4.1519    1      0
     4   5   7   500  3.3900e+22    209.07    0.8077  8.2649e+00  5.3998e-02  1.5306e+02    0.9685    159.91    2.6147      4.5175    1      0
     4   5   7   500  3.3900e+22    220.15    0.8506  8.2649e+00  1.4255e-02  5.7981e+02    0.9909    160.53    2.7428      4.9181    1      0
     4   5   7   500  3.3900e+22    230.72    0.8914  8.2649e+00  3.8982e-03  2.1202e+03    0.9973    160.69    2.8716      5.3666    1      0
     4   5   7   500  3.3900e+22    241.11    0.9315  8.2649e+00  4.5595e-04  1.8127e+04    0.9997    160.74    3.0000      5.8573    1      0
     4   5   7   500  3.3900e+22    258.83    1.0000  8.2649e+00  6.7179e-06  1.2303e+06    1.0000    160.75    3.2203      6.5931    1      0
     4   6   1    SD  3.3900e+22      9.58    0.1539  7.1660e+22  4.9576e+22  1.4455e+00    0.0442     15.53    1.2336      1.6638    0      0
     4   6   1    SD  3.3900e+22     10.30    0.1655  7.1660e+22  4.9576e+22  1.4455e+00    0.0442     15.53    1.3264      1.6638    0      0
     4   6   1    SD  3.3900e+22     11.17    0.1794  7.1660e+22  4.9576e+22  1.4455e+00    0.0470     15.53    1.4379      1.9012    0      0
     4   6   1    SD  3.3900e+22     12.16    0.1953  7.1660e+22  4.0818e+22  1.7556e+00    0.0859     19.28    1.2614      1.5832    0      0
     4   6   1    SD  3.3900e+22     13.20    0.2120  7.1660e+22  4.0818e+22  1.7556e+00    0.0946     19.28    1.3690      1.7892    0      0
     4   6   1    SD  3.3900e+22     13.38    0.2149  7.1660e+22  4.0818e+22  1.7556e+00    0.0946     19.28    1.3880      1.7892    0      0
     4   6   1    SD  3.3900e+22     14.37    0.2308  7.1660e+22  4.0818e+22  1.7556e+00    0.0986     19.28    1.4907      1.9427    0      0
     4   6   1    SD  3.3900e+22     15.74    0.2528  7.1660e+22  3.3395e+22  2.1458e+00    0.1594     21.91    1.4365      1.9219    0      0
     4   6   1    SD  3.3900e+22     17.26    0.2773  7.1660e+22  3.3395e+22  2.1458e+00    0.1645     21.91    1.5758      2.1135    0      0
     4   6   1    SD  3.3900e+22     19.05    0.3060  7.1660e+22  2.6621e+22  2.6919e+00    0.2436     24.30    1.5680      2.1459    1      0
     4   6   1    SD  3.3900e+22     21.13    0.3394  7.1660e+22  2.0818e+22  3.4422e+00    0.3265     26.29    1.6076      2.0878    1      0
     4   6   1    SD  3.3900e+22     22.11    0.3552  7.1660e+22  2.0818e+22  3.4422e+00    0.3393     26.29    1.6827      2.3867    1      0
     4   6   1    SD  3.3900e+22     23.57    0.3786  7.1660e+22  2.0818e+22  3.4422e+00    0.3417     26.29    1.7934      2.5838    1      0
     4   6   1    SD  3.3900e+22     26.51    0.4258  7.1660e+22  1.5218e+22  4.7090e+00    0.4562     28.20    1.8797      2.6830    1      0
     4   6   1    SD  3.3900e+22     27.11    0.4354  7.1660e+22  1.0404e+22  6.8875e+00    0.5662     29.85    1.8161      2.4627    1      0
     4   6   1    SD  3.3900e+22     29.45    0.4730  7.1660e+22  1.0404e+22  6.8875e+00    0.5795     29.85    1.9729      2.7865    1      0
     4   6   1    SD  3.3900e+22     30.09    0.4834  7.1660e+22  6.8126e+21  1.0519e+01    0.6836     31.28    1.9242      2.7057    1      0
     4   6   1    SD  3.3900e+22     33.33    0.5353  7.1660e+22  3.9623e+21  1.8085e+01    0.7936     32.43    2.0554      2.9551    1      0
     4   6   1    SD  3.3900e+22     34.78    0.5586  7.1660e+22  3.9623e+21  1.8085e+01    0.8003     32.43    2.1448      3.2043    1      0
     4   6   1    SD  3.3900e+22     36.65    0.5887  7.1660e+22  1.9865e+21  3.6074e+01    0.8864     33.23    2.2059      3.4019    1      0
     4   6   1    SD  3.3900e+22     39.45    0.6336  7.1660e+22  8.1021e+20  8.8446e+01    0.9463     33.70    2.3409      3.6715    1      0
     4   6   1    SD  3.3900e+22     41.97    0.6742  7.1660e+22  8.1021e+20  8.8446e+01    0.9490     33.70    2.4907      4.0910    1      0
     4   6   1    SD  3.3900e+22     44.33    0.7121  7.1660e+22  2.9079e+20  2.4644e+02    0.9795     33.91    2.6143      4.4643    1      0
     4   6   1    SD  3.3900e+22     46.63    0.7489  7.1660e+22  8.3837e+19  8.5476e+02    0.9933     34.00    2.7429      4.9078    1      0
     4   6   1    SD  3.3900e+22     48.85    0.7846  7.1660e+22  1.6757e+19  4.2766e+03    0.9985     34.02    2.8714      5.4553    1      0
     4   6   1    SD  3.3900e+22     51.05    0.8199  7.1660e+22  2.8066e+18  2.5533e+04    0.9997     34.03    3.0000      5.8110    1      0
     4   6   1    SD  3.3900e+22     62.26    1.0000  7.1660e+22  2.9988e+15  2.3897e+07    1.0000     34.03    3.6588      8.7236    1      0
     4   6   1   070  3.3900e+22     52.14    1.0000 -6.0004e+00         nan         nan       nan       nan       nan         nan    0      1
     4   6   1   100  3.3900e+22     53.98    1.0000 -1.0045e+01         nan         nan       nan       nan       nan         nan    0      1
     4   6   1   160  3.3900e+22     62.26    1.0000 -5.4385e+00         nan         nan       nan       nan       nan         nan    0      1
     4   6   1   250  3.3900e+22     12.22    0.1723  2.9842e+01  2.1740e+01  1.3727e+00    0.0397     20.37    1.1997      1.4857    0      0
     4   6   1   250  3.3900e+22     13.15    0.1854  2.9842e+01  2.1740e+01  1.3727e+00    0.0441     20.37    1.2908      1.6633    0      0
     4   6   1   250  3.3900e+22     14.16    0.1996  2.9842e+01  2.1740e+01  1.3727e+00    0.0462     20.37    1.3898      1.7976    0      0
     4   6   1   250  3.3900e+22     15.08    0.2126  2.9842e+01  1.9099e+01  1.5625e+00    0.0786     23.85    1.2649      1.6439    0      0
     4   6   1   250  3.3900e+22     15.35    0.2164  2.9842e+01  1.9099e+01  1.5625e+00    0.0819     23.85    1.2877      1.7343    0      0
     4   6   1   250  3.3900e+22     16.56    0.2335  2.9842e+01  1.9099e+01  1.5625e+00    0.0842     23.85    1.3891      1.8375    0      0
     4   6   1   250  3.3900e+22     17.96    0.2531  2.9842e+01  1.9099e+01  1.5625e+00    0.0859     23.85    1.5061      2.0260    0      0
     4   6   1   250  3.3900e+22     19.46    0.2743  2.9842e+01  1.6328e+01  1.8277e+00    0.1406     26.98    1.4425      1.9555    0      0
     4   6   1   250  3.3900e+22     21.16    0.2982  2.9842e+01  1.3600e+01  2.1943e+00    0.2023     30.04    1.4085      1.7767    1      0
     4   6   1   250  3.3900e+22     23.00    0.3243  2.9842e+01  1.3600e+01  2.1943e+00    0.2137     30.04    1.5315      2.0886    1      0
     4   6   1   250  3.3900e+22     23.22    0.3273  2.9842e+01  1.3600e+01  2.1943e+00    0.2137     30.04    1.5458      2.0886    1      0
     4   6   1   250  3.3900e+22     24.95    0.3516  2.9842e+01  1.0640e+01  2.8048e+00    0.3104     33.41    1.4934      2.0311    1      0
     4   6   1   250  3.3900e+22     25.11    0.3539  2.9842e+01  1.0640e+01  2.8048e+00    0.3104     33.41    1.5033      2.0311    1      0
     4   6   1   250  3.3900e+22     27.51    0.3878  2.9842e+01  7.8677e+00  3.7930e+00    0.4225     36.53    1.5062      2.0168    1      0
     4   6   1   250  3.3900e+22     30.30    0.4271  2.9842e+01  5.6515e+00  5.2805e+00    0.5407     38.93    1.5566      2.1598    1      0
     4   6   1   250  3.3900e+22     33.72    0.4753  2.9842e+01  3.7662e+00  7.9237e+00    0.6612     40.97    1.6462      2.3492    1      0
     4   6   1   250  3.3900e+22     35.77    0.5041  2.9842e+01  3.7662e+00  7.9237e+00    0.6662     40.97    1.7461      2.5408    1      0
     4   6   1   250  3.3900e+22     38.51    0.5429  2.9842e+01  2.2955e+00  1.3000e+01    0.7735     42.57    1.8094      2.7351    1      0
     4   6   1   250  3.3900e+22     40.29    0.5679  2.9842e+01  1.2454e+00  2.3963e+01    0.8610     43.72    1.8428      2.8074    1      0
     4   6   1   250  3.3900e+22     43.76    0.6168  2.9842e+01  6.3745e-01  4.6815e+01    0.9220     44.39    1.9714      3.1669    1      0
     4   6   1   250  3.3900e+22     47.02    0.6627  2.9842e+01  2.8666e-01  1.0410e+02    0.9612     44.78    2.1000      3.5493    1      0
     4   6   1   250  3.3900e+22     50.12    0.7064  2.9842e+01  1.0567e-01  2.8242e+02    0.9840     44.98    2.2286      3.9371    1      0
     4   6   1   250  3.3900e+22     53.10    0.7484  2.9842e+01  3.5804e-02  8.3349e+02    0.9940     45.05    2.3571      4.3700    1      0
     4   6   1   250  3.3900e+22     56.03    0.7897  2.9842e+01  1.1363e-02  2.6263e+03    0.9979     45.08    2.4857      4.8537    1      0
     4   6   1   250  3.3900e+22     58.94    0.8308  2.9842e+01  3.2965e-03  9.0526e+03    0.9993     45.09    2.6143      5.3271    1      0
     4   6   1   250  3.3900e+22     61.84    0.8717  2.9842e+01  8.3448e-04  3.5761e+04    0.9998     45.09    2.7428      5.8925    1      0
     4   6   1   250  3.3900e+22     64.74    0.9125  2.9842e+01  1.5998e-04  1.8654e+05    1.0000     45.09    2.8714      6.4947    1      0
     4   6   1   250  3.3900e+22     67.64    0.9534  2.9842e+01  2.8781e-05  1.0369e+06    1.0000     45.09    3.0000      7.0797    1      0
     4   6   1   250  3.3900e+22     70.95    1.0000  2.9842e+01  1.1113e-06  2.6854e+07    1.0000     45.09    3.1466      7.7890    1      0
     4   6   1   350  3.3900e+22     18.28    0.2179  5.1554e+01  2.8159e+01  1.8308e+00    0.1272     26.96    1.3560      1.7892    0      0
     4   6   1   350  3.3900e+22     19.82    0.2362  5.1554e+01  2.8159e+01  1.8308e+00    0.1317     26.96    1.4701      1.9578    0      0
     4   6   1   350  3.3900e+22     20.29    0.2419  5.1554e+01  2.8159e+01  1.8308e+00    0.1328     26.96    1.5053      2.0546    0      0
     4   6   1   350  3.3900e+22     21.59    0.2573  5.1554e+01  2.3574e+01  2.1869e+00    0.1922     29.92    1.4432      1.8850    0      0
     4   6   1   350  3.3900e+22     23.54    0.2806  5.1554e+01  2.3574e+01  2.1869e+00    0.1987     29.92    1.5739      2.1853    0      0
     4   6   1   350  3.3900e+22     24.13    0.2876  5.1554e+01  1.8739e+01  2.7512e+00    0.2753     33.08    1.4591      1.8882    1      0
     4   6   1   350  3.3900e+22     25.79    0.3074  5.1554e+01  1.8739e+01  2.7512e+00    0.2859     33.08    1.5594      2.1507    1      0
     4   6   1   350  3.3900e+22     28.42    0.3387  5.1554e+01  1.4336e+01  3.5961e+00    0.3865     35.96    1.5805      2.2069    1      0
     4   6   1   350  3.3900e+22     31.57    0.3764  5.1554e+01  1.0871e+01  4.7424e+00    0.4854     38.15    1.6554      2.3523    1      0
     4   6   1   350  3.3900e+22     33.24    0.3962  5.1554e+01  7.8919e+00  6.5326e+00    0.5799     40.03    1.6610      2.3313    1      0
     4   6   1   350  3.3900e+22     35.62    0.4245  5.1554e+01  7.8919e+00  6.5326e+00    0.5875     40.03    1.7796      2.6116    1      0
     4   6   1   350  3.3900e+22     38.39    0.4576  5.1554e+01  5.4495e+00  9.4603e+00    0.6838     41.57    1.8472      2.7600    1      0
     4   6   1   350  3.3900e+22     41.51    0.4947  5.1554e+01  3.5324e+00  1.4595e+01    0.7722     42.81    1.9393      2.9656    1      0
     4   6   1   350  3.3900e+22     43.02    0.5128  5.1554e+01  2.2442e+00  2.2973e+01    0.8397     43.65    1.9714      3.1027    1      0
     4   6   1   350  3.3900e+22     46.46    0.5538  5.1554e+01  1.3258e+00  3.8886e+01    0.8954     44.25    2.1000      3.3786    1      0
     4   6   1   350  3.3900e+22     49.76    0.5931  5.1554e+01  7.0422e-01  7.3208e+01    0.9386     44.66    2.2286      3.7858    1      0
     4   6   1   350  3.3900e+22     52.90    0.6305  5.1554e+01  3.6128e-01  1.4270e+02    0.9653     44.88    2.3572      4.1495    1      0
     4   6   1   350  3.3900e+22     55.93    0.6666  5.1554e+01  1.8033e-01  2.8588e+02    0.9811     45.00    2.4857      4.6023    1      0
     4   6   1   350  3.3900e+22     58.90    0.7020  5.1554e+01  8.6489e-02  5.9608e+02    0.9902     45.06    2.6143      5.0201    1      0
     4   6   1   350  3.3900e+22     61.84    0.7371  5.1554e+01  3.8148e-02  1.3514e+03    0.9953     45.09    2.7429      5.5317    1      0
     4   6   1   350  3.3900e+22     64.76    0.7719  5.1554e+01  1.4617e-02  3.5270e+03    0.9980     45.11    2.8714      6.0838    1      0
     4   6   1   350  3.3900e+22     67.67    0.8066  5.1554e+01  5.4396e-03  9.4777e+03    0.9992     45.11    3.0000      6.6254    1      0
     4   6   1   350  3.3900e+22     83.90    1.0000  5.1554e+01  8.5248e-06  6.0476e+06    1.0000     45.12    3.7191     10.1531    1      0
     4   6   1   500  3.3900e+22     29.40    0.2766  3.6059e+01  1.3339e+01  2.7033e+00    0.2690     37.12    1.5840      2.1720    1      0
     4   6   1   500  3.3900e+22     29.67    0.2791  3.6059e+01  1.3339e+01  2.7033e+00    0.2695     37.12    1.5986      2.2272    1      0
     4   6   1   500  3.3900e+22     32.50    0.3057  3.6059e+01  1.0906e+01  3.3064e+00    0.3453     39.62    1.6408      2.3854    1      0
     4   6   1   500  3.3900e+22     36.31    0.3415  3.6059e+01  6.7513e+00  5.3411e+00    0.5056     43.90    1.6542      2.3661    1      0
     4   6   1   500  3.3900e+22     36.95    0.3476  3.6059e+01  6.7513e+00  5.3411e+00    0.5079     43.90    1.6834      2.4365    1      0
     4   6   1   500  3.3900e+22     41.26    0.3881  3.6059e+01  5.0684e+00  7.1145e+00    0.5950     45.65    1.8079      2.7115    1      0
     4   6   1   500  3.3900e+22     43.28    0.4071  3.6059e+01  3.7911e+00  9.5116e+00    0.6686     46.97    1.8429      2.8175    1      0
     4   6   1   500  3.3900e+22     48.09    0.4523  3.6059e+01  1.8611e+00  1.9375e+01    0.8003     48.90    1.9667      2.9895    1      0
     4   6   1   500  3.3900e+22     48.76    0.4586  3.6059e+01  1.8611e+00  1.9375e+01    0.8025     48.90    1.9942      3.1012    1      0
     4   6   1   500  3.3900e+22     51.95    0.4887  3.6059e+01  1.2567e+00  2.8693e+01    0.8549     49.48    2.1000      3.3914    1      0
     4   6   1   500  3.3900e+22     55.57    0.5227  3.6059e+01  8.4240e-01  4.2805e+01    0.8951     49.87    2.2286      3.7474    1      0
     4   6   1   500  3.3900e+22     59.10    0.5559  3.6059e+01  5.5680e-01  6.4762e+01    0.9253     50.15    2.3571      4.0990    1      0
     4   6   1   500  3.3900e+22     62.57    0.5885  3.6059e+01  3.5221e-01  1.0238e+02    0.9490     50.34    2.4857      4.4951    1      0
     4   6   1   500  3.3900e+22     66.08    0.6216  3.6059e+01  1.2267e-01  2.9396e+02    0.9788     50.56    2.6138      4.9406    1      0
     4   6   1   500  3.3900e+22     69.40    0.6528  3.6059e+01  7.1176e-02  5.0662e+02    0.9869     50.61    2.7425      5.3939    1      0
     4   6   1   500  3.3900e+22     72.71    0.6839  3.6059e+01  3.9064e-02  9.2308e+02    0.9923     50.64    2.8714      5.9299    1      0
     4   6   1   500  3.3900e+22     75.99    0.7148  3.6059e+01  2.0629e-02  1.7480e+03    0.9956     50.66    3.0000      6.4341    1      0
     4   6   1   500  3.3900e+22    106.31    1.0000  3.6059e+01  0.0000e+00         nan    1.0000     50.68    4.1955     12.4872    1      0
     4   6   2    SD  3.3900e+22     10.13    0.1330  5.5456e+22  4.4273e+22  1.2526e+00    0.0165     16.00    1.2664      1.6130    0      0
     4   6   2    SD  3.3900e+22     10.16    0.1334  5.5456e+22  4.4273e+22  1.2526e+00    0.0165     16.00    1.2698      1.6130    0      0
     4   6   2    SD  3.3900e+22     12.66    0.1662  5.5456e+22  3.9278e+22  1.4119e+00    0.0359     19.91    1.2719      1.6504    0      0
     4   6   2    SD  3.3900e+22     13.69    0.1798  5.5456e+22  3.9278e+22  1.4119e+00    0.0387     19.91    1.3754      1.8569    0      0
     4   6   2    SD  3.3900e+22     14.91    0.1957  5.5456e+22  3.9278e+22  1.4119e+00    0.0387     19.91    1.4978      1.8569    0      0
     4   6   2    SD  3.3900e+22     16.18    0.2124  5.5456e+22  3.4670e+22  1.5995e+00    0.0674     22.95    1.4094      1.9237    0      0
     4   6   2    SD  3.3900e+22     17.61    0.2312  5.5456e+22  3.4670e+22  1.5995e+00    0.0686     22.95    1.5346      2.1251    0      0
     4   6   2    SD  3.3900e+22     19.23    0.2524  5.5456e+22  3.0142e+22  1.8398e+00    0.1073     25.77    1.4923      2.0786    0      0
     4   6   2    SD  3.3900e+22     21.09    0.2769  5.5456e+22  2.5996e+22  2.1333e+00    0.1479     28.26    1.4926      1.9082    0      0
     4   6   2    SD  3.3900e+22     22.01    0.2890  5.5456e+22  2.5996e+22  2.1333e+00    0.1545     28.26    1.5576      2.1705    0      0
     4   6   2    SD  3.3900e+22     23.20    0.3047  5.5456e+22  2.5996e+22  2.1333e+00    0.1553     28.26    1.6422      2.2562    0      0
     4   6   2    SD  3.3900e+22     25.66    0.3370  5.5456e+22  2.1822e+22  2.5413e+00    0.2159     30.83    1.6648      2.3345    1      0
     4   6   2    SD  3.3900e+22     28.57    0.3751  5.5456e+22  1.8133e+22  3.0584e+00    0.2844     33.23    1.7194      2.4728    1      0
     4   6   2    SD  3.3900e+22     29.89    0.3924  5.5456e+22  1.8133e+22  3.0584e+00    0.2850     33.23    1.7988      2.5685    1      0
     4   6   2    SD  3.3900e+22     32.10    0.4215  5.5456e+22  1.5173e+22  3.6549e+00    0.3515     35.16    1.8260      2.6313    1      0
     4   6   2    SD  3.3900e+22     32.91    0.4321  5.5456e+22  1.5173e+22  3.6549e+00    0.3523     35.16    1.8722      2.7428    1      0
     4   6   2    SD  3.3900e+22     36.39    0.4778  5.5456e+22  9.9628e+21  5.5663e+00    0.4999     38.60    1.8855      2.7216    1      0
     4   6   2    SD  3.3900e+22     39.06    0.5129  5.5456e+22  7.6027e+21  7.2943e+00    0.5847     40.16    1.9452      2.7841    1      0
     4   6   2    SD  3.3900e+22     41.45    0.5442  5.5456e+22  7.6027e+21  7.2943e+00    0.5915     40.16    2.0643      3.0855    1      0
     4   6   2    SD  3.3900e+22     44.57    0.5851  5.5456e+22  5.5932e+21  9.9149e+00    0.6771     41.49    2.1482      3.2253    1      0
     4   6   2    SD  3.3900e+22     47.60    0.6249  5.5456e+22  3.7141e+21  1.4931e+01    0.7685     42.81    2.2239      3.4335    1      0
     4   6   2    SD  3.3900e+22     48.65    0.6387  5.5456e+22  2.0898e+21  2.6537e+01    0.8547     43.98    2.2123      3.3286    1      0
     4   6   2    SD  3.3900e+22     52.74    0.6925  5.5456e+22  1.0252e+21  5.4091e+01    0.9234     44.75    2.3572      3.6883    1      0
     4   6   2    SD  3.3900e+22     56.14    0.7371  5.5456e+22  4.4163e+20  1.2557e+02    0.9644     45.17    2.4857      4.0392    1      0
     4   6   2    SD  3.3900e+22     59.31    0.7788  5.5456e+22  1.6260e+20  3.4105e+02    0.9858     45.38    2.6144      4.4187    1      0
     4   6   2    SD  3.3900e+22     62.34    0.8185  5.5456e+22  4.8210e+19  1.1503e+03    0.9954     45.46    2.7429      4.8432    1      0
     4   6   2    SD  3.3900e+22     65.31    0.8574  5.5456e+22  1.0027e+19  5.5309e+03    0.9990     45.49    2.8714      5.2863    1      0
     4   6   2    SD  3.3900e+22     68.24    0.8959  5.5456e+22  1.7437e+18  3.1803e+04    0.9998     45.49    3.0000      5.7678    1      0
     4   6   2    SD  3.3900e+22     76.17    1.0000  5.5456e+22  0.0000e+00         nan    1.0000     45.49    3.3484      7.2219    1      0
     4   6   2   070  3.3900e+22     66.96    1.0000 -4.7845e+00         nan         nan       nan       nan       nan         nan    0      1
     4   6   2   100  3.3900e+22     68.56    1.0000 -7.7761e+00         nan         nan       nan       nan       nan         nan    0      1
     4   6   2   160  3.3900e+22     76.17    1.0000 -3.6853e+00         nan         nan       nan       nan       nan         nan    0      1
     4   6   2   250  3.3900e+22     13.85    0.1625  2.7447e+01  2.2501e+01  1.2198e+00    0.0180     20.53    1.3491      1.7769    0      0
     4   6   2   250  3.3900e+22     15.80    0.1853  2.7447e+01  2.0819e+01  1.3184e+00    0.0323     24.11    1.3105      1.7095    0      0
     4   6   2   250  3.3900e+22     17.00    0.1995  2.7447e+01  2.0819e+01  1.3184e+00    0.0335     24.11    1.4105      1.8684    0      0
     4   6   2   250  3.3900e+22     18.46    0.2165  2.7447e+01  1.9014e+01  1.4435e+00    0.0544     27.37    1.3490      1.7547    0      0
     4   6   2   250  3.3900e+22     19.93    0.2338  2.7447e+01  1.9014e+01  1.4435e+00    0.0563     27.37    1.4568      1.9175    0      0
     4   6   2   250  3.3900e+22     21.64    0.2538  2.7447e+01  1.7195e+01  1.5963e+00    0.0854     30.64    1.4121      1.8971    0      0
     4   6   2   250  3.3900e+22     23.49    0.2755  2.7447e+01  1.7195e+01  1.5963e+00    0.0873     30.64    1.5332      2.1191    0      0
     4   6   2   250  3.3900e+22     25.55    0.2997  2.7447e+01  1.5174e+01  1.8088e+00    0.1289     34.25    1.4920      2.0023    0      0
     4   6   2   250  3.3900e+22     27.87    0.3269  2.7447e+01  1.3208e+01  2.0781e+00    0.1810     37.63    1.4810      2.0372    0      0
     4   6   2   250  3.3900e+22     30.53    0.3581  2.7447e+01  1.1469e+01  2.3931e+00    0.2364     40.52    1.5068      2.0532    1      0
     4   6   2   250  3.3900e+22     32.95    0.3865  2.7447e+01  1.1469e+01  2.3931e+00    0.2408     40.52    1.6263      2.3136    1      0
     4   6   2   250  3.3900e+22     33.51    0.3931  2.7447e+01  9.7494e+00  2.8153e+00    0.3028     43.37    1.5454      2.1036    1      0
     4   6   2   250  3.3900e+22     36.84    0.4321  2.7447e+01  8.0369e+00  3.4152e+00    0.3846     46.19    1.5948      2.2691    1      0
     4   6   2   250  3.3900e+22     40.63    0.4766  2.7447e+01  6.3508e+00  4.3218e+00    0.4764     48.88    1.6625      2.3885    1      0
     4   6   2   250  3.3900e+22     44.69    0.5242  2.7447e+01  4.8855e+00  5.6181e+00    0.5685     51.05    1.7508      2.5856    1      0
     4   6   2   250  3.3900e+22     45.13    0.5294  2.7447e+01  3.4974e+00  7.8480e+00    0.6616     53.11    1.6994      2.4265    1      0
     4   6   2   250  3.3900e+22     50.86    0.5966  2.7447e+01  2.2504e+00  1.2197e+01    0.7661     54.99    1.8497      2.7211    1      0
     4   6   2   250  3.3900e+22     51.79    0.6075  2.7447e+01  1.3488e+00  2.0349e+01    0.8459     56.37    1.8376      2.7370    1      0
     4   6   2   250  3.3900e+22     56.45    0.6622  2.7447e+01  7.5861e-01  3.6181e+01    0.9074     57.27    1.9714      3.0493    1      0
     4   6   2   250  3.3900e+22     61.06    0.7162  2.7447e+01  1.8058e-01  1.5200e+02    0.9740     58.15    2.1000      3.4152    1      0
     4   6   2   250  3.3900e+22     64.99    0.7623  2.7447e+01  6.8252e-02  4.0214e+02    0.9894     58.32    2.2286      3.8309    1      0
     4   6   2   250  3.3900e+22     68.82    0.8072  2.7447e+01  2.3672e-02  1.1595e+03    0.9960     58.39    2.3571      4.2441    1      0
     4   6   2   250  3.3900e+22     72.61    0.8517  2.7447e+01  2.0447e-03  1.3423e+04    0.9996     58.42    2.4857      4.7559    1      0
     4   6   2   250  3.3900e+22     76.37    0.8958  2.7447e+01  4.6832e-04  5.8608e+04    0.9999     58.42    2.6143      5.2063    1      0
     4   6   2   250  3.3900e+22     80.13    0.9399  2.7447e+01  9.7392e-05  2.8182e+05    1.0000     58.43    2.7428      5.7500    1      0
     4   6   2   250  3.3900e+22     83.88    0.9839  2.7447e+01  1.7425e-05  1.5751e+06    1.0000     58.43    2.8714      6.2835    1      0
     4   6   2   250  3.3900e+22     85.25    1.0000  2.7447e+01  0.0000e+00         nan    1.0000     58.43    2.9183      6.5093    1      0
     4   6   2   350  3.3900e+22     18.42    0.1883  4.7997e+01  3.2922e+01  1.4579e+00    0.0548     27.38    1.3452      1.7533    0      0
     4   6   2   350  3.3900e+22     19.89    0.2033  4.7997e+01  3.2922e+01  1.4579e+00    0.0568     27.38    1.4523      1.9159    0      0
     4   6   2   350  3.3900e+22     21.58    0.2206  4.7997e+01  2.9663e+01  1.6181e+00    0.0850     30.66    1.4076      1.8304    0      0
     4   6   2   350  3.3900e+22     23.44    0.2396  4.7997e+01  2.9663e+01  1.6181e+00    0.0881     30.66    1.5286      2.1173    0      0
     4   6   2   350  3.3900e+22     24.94    0.2550  4.7997e+01  2.6044e+01  1.8429e+00    0.1297     34.27    1.4557      1.9715    0      0
     4   6   2   350  3.3900e+22     25.50    0.2606  4.7997e+01  2.6044e+01  1.8429e+00    0.1301     34.27    1.4881      2.0006    0      0
     4   6   2   350  3.3900e+22     27.80    0.2841  4.7997e+01  2.2531e+01  2.1303e+00    0.1826     37.65    1.4766      2.0364    0      0
     4   6   2   350  3.3900e+22     30.45    0.3112  4.7997e+01  1.9455e+01  2.4671e+00    0.2379     40.51    1.5034      2.0551    1      0
     4   6   2   350  3.3900e+22     32.15    0.3286  4.7997e+01  1.9455e+01  2.4671e+00    0.2415     40.51    1.5871      2.2235    1      0
     4   6   2   350  3.3900e+22     33.45    0.3419  4.7997e+01  1.6466e+01  2.9148e+00    0.3030     43.27    1.5459      2.1117    1      0
     4   6   2   350  3.3900e+22     36.86    0.3768  4.7997e+01  1.3583e+01  3.5335e+00    0.3808     45.92    1.6052      2.2911    1      0
     4   6   2   350  3.3900e+22     40.91    0.4182  4.7997e+01  1.0855e+01  4.4218e+00    0.4655     48.39    1.6909      2.4936    1      0
     4   6   2   350  3.3900e+22     42.81    0.4375  4.7997e+01  8.5749e+00  5.5974e+00    0.5425     50.28    1.7026      2.4547    1      0
     4   6   2   350  3.3900e+22     45.92    0.4694  4.7997e+01  6.4696e+00  7.4188e+00    0.6275     52.03    1.7652      2.6122    1      0
     4   6   2   350  3.3900e+22     49.39    0.5049  4.7997e+01  4.5701e+00  1.0502e+01    0.7133     53.60    1.8429      2.7369    1      0
     4   6   2   350  3.3900e+22     52.86    0.5403  4.7997e+01  3.1293e+00  1.5338e+01    0.7876     54.82    1.9285      2.9212    1      0
     4   6   2   350  3.3900e+22     54.59    0.5580  4.7997e+01  2.0886e+00  2.2981e+01    0.8455     55.71    1.9600      2.9789    1      0
     4   6   2   350  3.3900e+22     59.16    0.6047  4.7997e+01  1.3448e+00  3.5691e+01    0.8944     56.35    2.1000      3.3455    1      0
     4   6   2   350  3.3900e+22     63.65    0.6506  4.7997e+01  4.3697e-01  1.0984e+02    0.9595     57.12    2.2286      3.7226    1      0
     4   6   2   350  3.3900e+22     67.53    0.6903  4.7997e+01  2.2804e-01  2.1047e+02    0.9774     57.30    2.3571      4.1134    1      0
     4   6   2   350  3.3900e+22     71.33    0.7292  4.7997e+01  1.1461e-01  4.1877e+02    0.9879     57.40    2.4857      4.5495    1      0
     4   6   2   350  3.3900e+22     75.13    0.7679  4.7997e+01  2.2117e-02  2.1701e+03    0.9972     57.48    2.6143      4.9924    1      0
     4   6   2   350  3.3900e+22     78.84    0.8058  4.7997e+01  8.9556e-03  5.3594e+03    0.9988     57.49    2.7428      5.5124    1      0
     4   6   2   350  3.3900e+22     82.54    0.8437  4.7997e+01  3.4175e-03  1.4044e+04    0.9995     57.49    2.8714      6.0355    1      0
     4   6   2   350  3.3900e+22     86.24    0.8815  4.7997e+01  1.1929e-03  4.0234e+04    0.9998     57.49    3.0000      6.5602    1      0
     4   6   2   350  3.3900e+22     97.83    1.0000  4.7997e+01  2.0322e-06  2.3619e+07    1.0000     57.49    3.4032      8.4513    1      0
     4   6   2   500  3.3900e+22     27.46    0.2295  3.6377e+01  1.8821e+01  1.9328e+00    0.1438     38.75    1.4171      1.8806    0      0
     4   6   2   500  3.3900e+22     28.46    0.2379  3.6377e+01  1.8821e+01  1.9328e+00    0.1474     38.75    1.4689      2.0596    0      0
     4   6   2   500  3.3900e+22     29.90    0.2499  3.6377e+01  1.8821e+01  1.9328e+00    0.1478     38.75    1.5430      2.1378    0      0
     4   6   2   500  3.3900e+22     32.68    0.2731  3.6377e+01  1.6509e+01  2.2035e+00    0.1961     41.84    1.5620      2.2302    0      0
     4   6   2   500  3.3900e+22     35.85    0.2996  3.6377e+01  1.4250e+01  2.5527e+00    0.2519     44.77    1.6016      2.2654    1      0
     4   6   2   500  3.3900e+22     37.54    0.3137  3.6377e+01  1.2069e+01  3.0142e+00    0.3141     47.59    1.5776      2.2334    1      0
     4   6   2   500  3.3900e+22     39.56    0.3307  3.6377e+01  1.0004e+01  3.6363e+00    0.3826     49.99    1.5830      2.2496    1      0
     4   6   2   500  3.3900e+22     44.10    0.3686  3.6377e+01  8.2731e+00  4.3971e+00    0.4527     51.96    1.6976      2.4657    1      0
     4   6   2   500  3.3900e+22     45.99    0.3844  3.6377e+01  6.6536e+00  5.4673e+00    0.5239     53.80    1.7097      2.5078    1      0
     4   6   2   500  3.3900e+22     49.94    0.4174  3.6377e+01  5.1485e+00  7.0656e+00    0.6010     55.53    1.7987      2.6894    1      0
     4   6   2   500  3.3900e+22     52.45    0.4383  3.6377e+01  3.9439e+00  9.2238e+00    0.6692     56.92    1.8429      2.7599    1      0
     4   6   2   500  3.3900e+22     58.02    0.4849  3.6377e+01  2.2557e+00  1.6127e+01    0.7824     58.86    1.9714      3.0501    1      0
     4   6   2   500  3.3900e+22     58.54    0.4893  3.6377e+01  2.2557e+00  1.6127e+01    0.7828     58.86    1.9891      3.0896    1      0
     4   6   2   500  3.3900e+22     62.55    0.5228  3.6377e+01  1.6350e+00  2.2249e+01    0.8315     59.57    2.1000      3.3562    1      0
     4   6   2   500  3.3900e+22     67.58    0.5648  3.6377e+01  7.6770e-01  4.7385e+01    0.9084     60.65    2.2286      3.6945    1      0
     4   6   2   500  3.3900e+22     72.14    0.6029  3.6377e+01  3.3198e-01  1.0958e+02    0.9542     61.21    2.3571      4.0420    1      0
     4   6   2   500  3.3900e+22     76.28    0.6375  3.6377e+01  2.0610e-01  1.7650e+02    0.9699     61.37    2.4857      4.4568    1      0
     4   6   2   500  3.3900e+22     80.36    0.6716  3.6377e+01  1.2628e-01  2.8808e+02    0.9805     61.48    2.6143      4.8898    1      0
     4   6   2   500  3.3900e+22     84.46    0.7059  3.6377e+01  4.3152e-02  8.4301e+02    0.9924     61.59    2.7429      5.3523    1      0
     4   6   2   500  3.3900e+22     88.45    0.7393  3.6377e+01  2.3990e-02  1.5164e+03    0.9955     61.61    2.8714      5.8896    1      0
     4   6   2   500  3.3900e+22     92.44    0.7726  3.6377e+01  1.2766e-02  2.8497e+03    0.9975     61.62    3.0000      6.4135    1      0
     4   6   2   500  3.3900e+22    119.65    1.0000  3.6377e+01  4.8755e-06  7.4612e+06    1.0000     61.64    3.8820     10.7277    1      0
     4   6   3    SD  3.3900e+22     10.11    0.1043  4.1126e+22  3.6122e+22  1.1385e+00    0.0054     16.33    1.2385      1.5829    0      0
     4   6   3    SD  3.3900e+22     14.10    0.1454  4.1126e+22  3.3662e+22  1.2217e+00    0.0133     20.40    1.3823      1.7964    0      0
     4   6   3    SD  3.3900e+22     17.16    0.1770  4.1126e+22  3.1197e+22  1.3183e+00    0.0246     23.89    1.4365      1.8911    0      0
     4   6   3    SD  3.3900e+22     18.58    0.1916  4.1126e+22  2.8654e+22  1.4352e+00    0.0392     27.00    1.3761      1.7863    0      0
     4   6   3    SD  3.3900e+22     20.17    0.2081  4.1126e+22  2.8654e+22  1.4352e+00    0.0409     27.00    1.4939      2.0515    0      0
     4   6   3    SD  3.3900e+22     21.99    0.2268  4.1126e+22  2.6141e+22  1.5733e+00    0.0612     30.07    1.4624      2.0108    0      0
     4   6   3    SD  3.3900e+22     23.92    0.2468  4.1126e+22  2.6141e+22  1.5733e+00    0.0618     30.07    1.5912      2.1717    0      0
     4   6   3    SD  3.3900e+22     24.21    0.2497  4.1126e+22  2.3447e+22  1.7540e+00    0.0882     33.35    1.4517      1.9787    0      0
     4   6   3    SD  3.3900e+22     26.19    0.2702  4.1126e+22  2.3447e+22  1.7540e+00    0.0902     33.35    1.5708      2.1907    0      0
     4   6   3    SD  3.3900e+22     28.76    0.2967  4.1126e+22  2.0860e+22  1.9716e+00    0.1244     36.48    1.5769      2.2130    0      0
     4   6   3    SD  3.3900e+22     31.69    0.3268  4.1126e+22  1.8697e+22  2.1996e+00    0.1594     39.03    1.6236      2.2769    0      0
     4   6   3    SD  3.3900e+22     35.14    0.3625  4.1126e+22  1.6638e+22  2.4719e+00    0.2002     41.46    1.6951      2.4792    1      0
     4   6   3    SD  3.3900e+22     38.33    0.3954  4.1126e+22  1.4713e+22  2.7952e+00    0.2440     43.75    1.7523      2.5552    1      0
     4   6   3    SD  3.3900e+22     39.28    0.4052  4.1126e+22  1.2898e+22  3.1887e+00    0.2900     45.92    1.7110      2.4599    1      0
     4   6   3    SD  3.3900e+22     44.25    0.4564  4.1126e+22  1.1359e+22  3.6205e+00    0.3395     47.76    1.8530      2.7360    1      0
     4   6   3    SD  3.3900e+22     45.40    0.4683  4.1126e+22  9.8822e+21  4.1617e+00    0.3894     49.42    1.8374      2.6975    1      0
     4   6   3    SD  3.3900e+22     50.32    0.5191  4.1126e+22  8.4452e+21  4.8698e+00    0.4486     51.02    1.9727      2.9899    1      0
     4   6   3    SD  3.3900e+22     51.22    0.5283  4.1126e+22  7.1952e+21  5.7158e+00    0.5018     52.41    1.9545      2.8750    1      0
     4   6   3    SD  3.3900e+22     56.87    0.5866  4.1126e+22  6.0838e+21  6.7599e+00    0.5608     53.65    2.1200      3.2364    1      0
     4   6   3    SD  3.3900e+22     57.76    0.5957  4.1126e+22  5.0605e+21  8.1269e+00    0.6165     54.82    2.1071      3.1928    1      0
     4   6   3    SD  3.3900e+22     63.82    0.6582  4.1126e+22  2.9351e+21  1.4012e+01    0.7531     57.28    2.2281      3.3695    1      0
     4   6   3    SD  3.3900e+22     66.18    0.6827  4.1126e+22  1.9764e+21  2.0808e+01    0.8227     58.40    2.2667      3.3827    1      0
     4   6   3    SD  3.3900e+22     69.55    0.7174  4.1126e+22  1.1980e+21  3.4329e+01    0.8863     59.30    2.3459      3.5199    1      0
     4   6   3    SD  3.3900e+22     75.15    0.7752  4.1126e+22  2.5533e+20  1.6107e+02    0.9719     60.47    2.4857      3.8396    1      0
     4   6   3    SD  3.3900e+22     79.34    0.8184  4.1126e+22  9.0346e+19  4.5521e+02    0.9897     60.70    2.6143      4.2469    1      0
     4   6   3    SD  3.3900e+22     83.36    0.8599  4.1126e+22  2.6457e+19  1.5544e+03    0.9968     60.79    2.7429      4.6362    1      0
     4   6   3    SD  3.3900e+22     87.32    0.9007  4.1126e+22  1.1029e+18  3.7288e+04    0.9998     60.82    2.8714      5.0752    1      0
     4   6   3    SD  3.3900e+22     91.23    0.9410  4.1126e+22  1.5439e+17  2.6638e+05    1.0000     60.82    3.0000      5.5170    1      0
     4   6   3    SD  3.3900e+22     96.95    1.0000  4.1126e+22  0.0000e+00         nan    1.0000     60.82    3.1879      6.2569    1      0
     4   6   3   070  3.3900e+22     87.70    1.0000 -3.6655e+00         nan         nan       nan       nan       nan         nan    0      1
     4   6   3   100  3.3900e+22     89.26    1.0000 -5.8071e+00         nan         nan       nan       nan       nan         nan    0      1
     4   6   3   160  3.3900e+22     96.95    1.0000 -2.2087e+00         nan         nan       nan       nan       nan         nan    0      1
     4   6   3   250  3.3900e+22     15.36    0.1456  2.4087e+01  2.0234e+01  1.1904e+00    0.0124     24.53    1.2519      1.6698    0      0
     4   6   3   250  3.3900e+22     20.51    0.1944  2.4087e+01  1.9106e+01  1.2607e+00    0.0224     28.00    1.4649      1.9544    0      0
     4   6   3   250  3.3900e+22     22.18    0.2103  2.4087e+01  1.7925e+01  1.3437e+00    0.0348     31.53    1.4069      1.8960    0      0
     4   6   3   250  3.3900e+22     23.96    0.2271  2.4087e+01  1.7925e+01  1.3437e+00    0.0352     31.53    1.5194      2.0457    0      0
     4   6   3   250  3.3900e+22     26.01    0.2465  2.4087e+01  1.6585e+01  1.4523e+00    0.0537     35.41    1.4689      2.0388    0      0
     4   6   3   250  3.3900e+22     28.22    0.2675  2.4087e+01  1.5223e+01  1.5822e+00    0.0764     39.08    1.4440      1.9452    0      0
     4   6   3   250  3.3900e+22     30.73    0.2913  2.4087e+01  1.4019e+01  1.7182e+00    0.1018     42.27    1.4540      1.9932    0      0
     4   6   3   250  3.3900e+22     32.48    0.3079  2.4087e+01  1.4019e+01  1.7182e+00    0.1033     42.27    1.5369      2.2015    0      0
     4   6   3   250  3.3900e+22     33.55    0.3180  2.4087e+01  1.2815e+01  1.8796e+00    0.1324     45.33    1.4803      2.0669    0      0
     4   6   3   250  3.3900e+22     36.76    0.3484  2.4087e+01  1.1632e+01  2.0707e+00    0.1680     48.29    1.5223      2.1586    0      0
     4   6   3   250  3.3900e+22     39.84    0.3776  2.4087e+01  1.0463e+01  2.3021e+00    0.2082     50.91    1.5649      2.1911    1      0
     4   6   3   250  3.3900e+22     40.45    0.3834  2.4087e+01  1.0463e+01  2.3021e+00    0.2092     50.91    1.5891      2.2746    1      0
     4   6   3   250  3.3900e+22     44.72    0.4239  2.4087e+01  9.4265e+00  2.5552e+00    0.2515     53.23    1.6803      2.4603    1      0
     4   6   3   250  3.3900e+22     48.26    0.4574  2.4087e+01  7.3199e+00  3.2906e+00    0.3510     57.89    1.6674      2.3282    1      0
     4   6   3   250  3.3900e+22     49.67    0.4708  2.4087e+01  7.3199e+00  3.2906e+00    0.3540     57.89    1.7160      2.4922    1      0
     4   6   3   250  3.3900e+22     55.31    0.5243  2.4087e+01  5.4431e+00  4.4252e+00    0.4698     62.28    1.7762      2.5682    1      0
     4   6   3   250  3.3900e+22     61.65    0.5844  2.4087e+01  3.6993e+00  6.5112e+00    0.6034     66.63    1.8506      2.7022    1      0
     4   6   3   250  3.3900e+22     62.00    0.5877  2.4087e+01  3.6993e+00  6.5112e+00    0.6041     66.63    1.8612      2.7647    1      0
     4   6   3   250  3.3900e+22     69.01    0.6541  2.4087e+01  1.3678e+00  1.7610e+01    0.8240     72.44    1.9051      2.7595    1      0
     4   6   3   250  3.3900e+22     71.63    0.6789  2.4087e+01  1.3678e+00  1.7610e+01    0.8273     72.44    1.9774      2.9746    1      0
     4   6   3   250  3.3900e+22     79.09    0.7497  2.4087e+01  2.3287e-01  1.0343e+02    0.9644     75.32    2.1000      3.2723    1      0
     4   6   3   250  3.3900e+22     84.47    0.8007  2.4087e+01  4.2294e-02  5.6950e+02    0.9925     75.81    2.2286      3.6330    1      0
     4   6   3   250  3.3900e+22     89.42    0.8476  2.4087e+01  1.5006e-02  1.6051e+03    0.9973     75.87    2.3571      4.0700    1      0
     4   6   3   250  3.3900e+22     94.34    0.8943  2.4087e+01  1.2870e-03  1.8716e+04    0.9997     75.91    2.4857      4.5583    1      0
     4   6   3   250  3.3900e+22     99.23    0.9406  2.4087e+01  6.7170e-05  3.5859e+05    1.0000     75.91    2.6143      5.0065    1      0
     4   6   3   250  3.3900e+22    104.11    0.9868  2.4087e+01  9.3334e-06  2.5807e+06    1.0000     75.91    2.7429      5.5081    1      0
     4   6   3   250  3.3900e+22    105.50    1.0000  2.4087e+01  0.0000e+00         nan    1.0000     75.91    2.7794      5.6656    1      0
     4   6   3   350  3.3900e+22     20.25    0.1717  4.1815e+01  3.2848e+01  1.2730e+00    0.0233     27.88    1.4526      1.9654    0      0
     4   6   3   350  3.3900e+22     21.94    0.1860  4.1815e+01  3.0756e+01  1.3596e+00    0.0362     31.37    1.3984      1.9080    0      0
     4   6   3   350  3.3900e+22     23.70    0.2009  4.1815e+01  3.0756e+01  1.3596e+00    0.0366     31.37    1.5106      2.0588    0      0
     4   6   3   350  3.3900e+22     25.71    0.2180  4.1815e+01  2.8388e+01  1.4730e+00    0.0553     35.20    1.4608      1.9953    0      0
     4   6   3   350  3.3900e+22     27.94    0.2369  4.1815e+01  2.5983e+01  1.6093e+00    0.0790     38.86    1.4380      1.9583    0      0
     4   6   3   350  3.3900e+22     30.39    0.2576  4.1815e+01  2.3857e+01  1.7527e+00    0.1046     42.03    1.4458      1.9684    0      0
     4   6   3   350  3.3900e+22     33.23    0.2817  4.1815e+01  2.1732e+01  1.9242e+00    0.1356     45.08    1.4743      2.0127    0      0
     4   6   3   350  3.3900e+22     36.09    0.3059  4.1815e+01  1.9644e+01  2.1286e+00    0.1706     48.07    1.5015      2.0231    0      0
     4   6   3   350  3.3900e+22     36.40    0.3085  4.1815e+01  1.9644e+01  2.1286e+00    0.1723     48.07    1.5144      2.1118    0      0
     4   6   3   350  3.3900e+22     40.03    0.3393  4.1815e+01  1.7582e+01  2.3783e+00    0.2150     50.68    1.5796      2.2318    1      0
     4   6   3   350  3.3900e+22     44.26    0.3752  4.1815e+01  1.5755e+01  2.6541e+00    0.2588     52.99    1.6702      2.3919    1      0
     4   6   3   350  3.3900e+22     48.13    0.4080  4.1815e+01  1.2062e+01  3.4667e+00    0.3607     57.62    1.6707      2.3432    1      0
     4   6   3   350  3.3900e+22     49.12    0.4165  4.1815e+01  1.2062e+01  3.4667e+00    0.3629     57.62    1.7053      2.4450    1      0
     4   6   3   350  3.3900e+22     54.84    0.4649  4.1815e+01  8.8640e+00  4.7175e+00    0.4780     61.82    1.7744      2.5519    1      0
     4   6   3   350  3.3900e+22     58.89    0.4993  4.1815e+01  7.4701e+00  5.5977e+00    0.5384     63.78    1.8467      2.7037    1      0
     4   6   3   350  3.3900e+22     61.54    0.5217  4.1815e+01  6.0931e+00  6.8628e+00    0.6022     65.73    1.8726      2.7486    1      0
     4   6   3   350  3.3900e+22     68.95    0.5845  4.1815e+01  3.6186e+00  1.1556e+01    0.7357     69.22    1.9923      3.0215    1      0
     4   6   3   350  3.3900e+22     70.12    0.5944  4.1815e+01  2.6737e+00  1.5640e+01    0.7928     70.55    1.9877      3.0055    1      0
     4   6   3   350  3.3900e+22     76.23    0.6463  4.1815e+01  1.2279e+00  3.4055e+01    0.8927     72.60    2.1000      3.2491    1      0
     4   6   3   350  3.3900e+22     82.12    0.6961  4.1815e+01  4.6947e-01  8.9070e+01    0.9540     73.69    2.2286      3.6109    1      0
     4   6   3   350  3.3900e+22     87.32    0.7402  4.1815e+01  1.3954e-01  2.9967e+02    0.9845     74.17    2.3545      3.9754    1      0
     4   6   3   350  3.3900e+22     92.32    0.7827  4.1815e+01  6.8424e-02  6.1112e+02    0.9921     74.27    2.4862      4.4031    1      0
     4   6   3   350  3.3900e+22     97.18    0.8239  4.1815e+01  1.4525e-02  2.8788e+03    0.9981     74.35    2.6143      4.8846    1      0
     4   6   3   350  3.3900e+22    101.98    0.8646  4.1815e+01  5.7658e-03  7.2524e+03    0.9992     74.36    2.7430      5.3233    1      0
     4   6   3   350  3.3900e+22    106.77    0.9052  4.1815e+01  7.3273e-04  5.7068e+04    0.9999     74.37    2.8714      5.8812    1      0
     4   6   3   350  3.3900e+22    111.55    0.9457  4.1815e+01  7.3614e-05  5.6803e+05    1.0000     74.37    3.0000      6.4178    1      0
     4   6   3   350  3.3900e+22    117.96    1.0000  4.1815e+01  0.0000e+00         nan    1.0000     74.37    3.1723      7.1674    1      0
     4   6   3   500  3.3900e+22     27.12    0.1967  3.3222e+01  2.1710e+01  1.5303e+00    0.0656     39.57    1.3708      1.7934    0      0
     4   6   3   500  3.3900e+22     29.39    0.2132  3.3222e+01  2.1710e+01  1.5303e+00    0.0679     39.57    1.4854      2.0048    0      0
     4   6   3   500  3.3900e+22     31.91    0.2315  3.3222e+01  2.0046e+01  1.6573e+00    0.0916     42.94    1.4862      2.0728    0      0
     4   6   3   500  3.3900e+22     33.15    0.2405  3.3222e+01  1.8352e+01  1.8102e+00    0.1183     46.23    1.4340      1.9541    0      0
     4   6   3   500  3.3900e+22     34.75    0.2521  3.3222e+01  1.8352e+01  1.8102e+00    0.1201     46.23    1.5033      2.1033    0      0
     4   6   3   500  3.3900e+22     37.97    0.2754  3.3222e+01  1.6658e+01  1.9944e+00    0.1541     49.32    1.5396      2.1917    0      0
     4   6   3   500  3.3900e+22     41.65    0.3021  3.3222e+01  1.4958e+01  2.2211e+00    0.1937     52.19    1.5960      2.2575    0      0
     4   6   3   500  3.3900e+22     42.18    0.3060  3.3222e+01  1.3435e+01  2.4728e+00    0.2320     54.73    1.5414      2.1380    1      0
     4   6   3   500  3.3900e+22     45.84    0.3325  3.3222e+01  1.1899e+01  2.7920e+00    0.2801     57.23    1.6019      2.2766    1      0
     4   6   3   500  3.3900e+22     50.73    0.3680  3.3222e+01  1.0345e+01  3.2114e+00    0.3351     59.76    1.6979      2.4389    1      0
     4   6   3   500  3.3900e+22     53.60    0.3889  3.3222e+01  8.9594e+00  3.7080e+00    0.3894     62.23    1.7227      2.5076    1      0
     4   6   3   500  3.3900e+22     56.59    0.4105  3.3222e+01  7.7248e+00  4.3007e+00    0.4434     64.46    1.7558      2.5739    1      0
     4   6   3   500  3.3900e+22     63.79    0.4627  3.3222e+01  4.5256e+00  7.3409e+00    0.6129     70.15    1.8185      2.7082    1      0
     4   6   3   500  3.3900e+22     63.89    0.4635  3.3222e+01  4.5256e+00  7.3409e+00    0.6129     70.15    1.8215      2.7082    1      0
     4   6   3   500  3.3900e+22     73.00    0.5295  3.3222e+01  2.2605e+00  1.4697e+01    0.7712     74.16    1.9686      3.0288    1      0
     4   6   3   500  3.3900e+22     74.10    0.5376  3.3222e+01  2.2605e+00  1.4697e+01    0.7718     74.16    1.9984      3.1043    1      0
     4   6   3   500  3.3900e+22     79.70    0.5782  3.3222e+01  1.2765e+00  2.6025e+01    0.8558     75.91    2.1000      3.3402    1      0
     4   6   3   500  3.3900e+22     85.80    0.6224  3.3222e+01  6.5814e-01  5.0479e+01    0.9172     77.00    2.2286      3.6701    1      0
     4   6   3   500  3.3900e+22     91.49    0.6637  3.3222e+01  3.0144e-01  1.1021e+02    0.9578     77.63    2.3571      4.0692    1      0
     4   6   3   500  3.3900e+22     96.87    0.7027  3.3222e+01  1.2764e-01  2.6027e+02    0.9802     77.94    2.4857      4.4823    1      0
     4   6   3   500  3.3900e+22    102.03    0.7401  3.3222e+01  4.5178e-02  7.3536e+02    0.9921     78.09    2.6133      4.8929    1      0
     4   6   3   500  3.3900e+22    107.14    0.7772  3.3222e+01  2.5922e-02  1.2816e+03    0.9953     78.12    2.7429      5.3862    1      0
     4   6   3   500  3.3900e+22    112.20    0.8140  3.3222e+01  7.8586e-03  4.2275e+03    0.9984     78.15    2.8714      5.9040    1      0
     4   6   3   500  3.3900e+22    117.24    0.8505  3.3222e+01  2.0620e-03  1.6111e+04    0.9996     78.16    3.0000      6.4512    1      0
     4   6   3   500  3.3900e+22    137.85    1.0000  3.3222e+01  1.7254e-05  1.9255e+06    1.0000     78.16    3.5271      8.7659    1      0
     4   6   4    SD  3.3900e+22     10.92    0.0868  2.9667e+22  2.7632e+22  1.0736e+00    0.0017     16.61    1.3152      1.7661    0      0
     4   6   4    SD  3.3900e+22     14.91    0.1186  2.9667e+22  2.6557e+22  1.1171e+00    0.0041     20.77    1.4363      1.7513    0      0
     4   6   4    SD  3.3900e+22     20.10    0.1598  2.9667e+22  2.4198e+22  1.2260e+00    0.0135     27.90    1.4404      1.8689    0      0
     4   6   4    SD  3.3900e+22     23.62    0.1878  2.9667e+22  2.2938e+22  1.2934e+00    0.0212     31.36    1.5062      2.0605    0      0
     4   6   4    SD  3.3900e+22     25.59    0.2035  2.9667e+22  2.1473e+22  1.3816e+00    0.0321     35.29    1.4503      1.9336    0      0
     4   6   4    SD  3.3900e+22     27.74    0.2206  2.9667e+22  2.0006e+22  1.4829e+00    0.0461     38.91    1.4258      1.9551    0      0
     4   6   4    SD  3.3900e+22     30.23    0.2404  2.9667e+22  1.8687e+22  1.5876e+00    0.0613     42.10    1.4363      1.9621    0      0
     4   6   4    SD  3.3900e+22     32.97    0.2622  2.9667e+22  1.8687e+22  1.5876e+00    0.0625     42.10    1.5664      2.2087    0      0
     4   6   4    SD  3.3900e+22     36.06    0.2867  2.9667e+22  1.6077e+22  1.8453e+00    0.1003     48.27    1.4940      2.0137    0      0
     4   6   4    SD  3.3900e+22     39.67    0.3155  2.9667e+22  1.4792e+22  2.0056e+00    0.1265     50.90    1.5589      2.1920    0      0
     4   6   4    SD  3.3900e+22     39.97    0.3178  2.9667e+22  1.4792e+22  2.0056e+00    0.1265     50.90    1.5706      2.1920    0      0
     4   6   4    SD  3.3900e+22     43.71    0.3476  2.9667e+22  1.3660e+22  2.1718e+00    0.1526     53.22    1.6426      2.3788    0      0
     4   6   4    SD  3.3900e+22     48.57    0.3862  2.9667e+22  1.1393e+22  2.6040e+00    0.2132     57.86    1.6790      2.3947    1      0
     4   6   4    SD  3.3900e+22     49.09    0.3903  2.9667e+22  1.1393e+22  2.6040e+00    0.2137     57.86    1.6970      2.4358    1      0
     4   6   4    SD  3.3900e+22     54.30    0.4318  2.9667e+22  9.4993e+21  3.1230e+00    0.2783     61.92    1.7538      2.5228    1      0
     4   6   4    SD  3.3900e+22     58.09    0.4619  2.9667e+22  8.6932e+21  3.4127e+00    0.3119     63.76    1.8224      2.6860    1      0
     4   6   4    SD  3.3900e+22     61.23    0.4869  2.9667e+22  7.9013e+21  3.7547e+00    0.3472     65.56    1.8680      2.7744    1      0
     4   6   4    SD  3.3900e+22     69.19    0.5502  2.9667e+22  5.7875e+21  5.1260e+00    0.4591     70.38    1.9663      2.9255    1      0
     4   6   4    SD  3.3900e+22     69.85    0.5554  2.9667e+22  5.7875e+21  5.1260e+00    0.4597     70.38    1.9851      2.9777    1      0
     4   6   4    SD  3.3900e+22     76.88    0.6113  2.9667e+22  4.5834e+21  6.4727e+00    0.5403     73.14    2.1022      3.2375    1      0
     4   6   4    SD  3.3900e+22     80.49    0.6400  2.9667e+22  4.0507e+21  7.3240e+00    0.5801     74.37    2.1645      3.3352    1      0
     4   6   4    SD  3.3900e+22     85.28    0.6781  2.9667e+22  3.0372e+21  9.7677e+00    0.6641     76.72    2.2231      3.4396    1      0
     4   6   4    SD  3.3900e+22     92.84    0.7382  2.9667e+22  2.0243e+21  1.4656e+01    0.7613     79.08    2.3480      3.6674    1      0
     4   6   4    SD  3.3900e+22     94.56    0.7519  2.9667e+22  1.5302e+21  1.9387e+01    0.8130     80.23    2.3571      3.6450    1      0
     4   6   4    SD  3.3900e+22    103.24    0.8209  2.9667e+22  3.1695e+20  9.3602e+01    0.9560     83.07    2.4857      3.8504    1      0
     4   6   4    SD  3.3900e+22    109.41    0.8699  2.9667e+22  4.6590e+19  6.3677e+02    0.9929     83.70    2.6143      4.2117    1      0
     4   6   4    SD  3.3900e+22    114.92    0.9138  2.9667e+22  2.9168e+18  1.0171e+04    0.9995     83.80    2.7427      4.6222    1      0
     4   6   4    SD  3.3900e+22    120.32    0.9567  2.9667e+22  7.1831e+16  4.1301e+05    1.0000     83.81    2.8714      5.0484    1      0
     4   6   4    SD  3.3900e+22    125.71    0.9996  2.9667e+22  5.3473e+15  5.5480e+06    1.0000     83.81    3.0000      5.5123    1      0
     4   6   4    SD  3.3900e+22    125.76    1.0000  2.9667e+22  5.3473e+15  5.5480e+06    1.0000     83.81    3.0013      5.5123    1      0
     4   6   4   070  3.3900e+22    116.84    1.0000 -2.7243e+00         nan         nan       nan       nan       nan         nan    0      1
     4   6   4   100  3.3900e+22    118.49    1.0000 -4.2273e+00         nan         nan       nan       nan       nan         nan    0      1
     4   6   4   160  3.3900e+22    125.76    1.0000 -1.1523e+00         nan         nan       nan       nan       nan         nan    0      1
     4   6   4   250  3.3900e+22     15.22    0.1133  2.0140e+01  1.8160e+01  1.1090e+00    0.0041     24.68    1.2332      1.5749    0      0
     4   6   4   250  3.3900e+22     19.18    0.1428  2.0140e+01  1.7538e+01  1.1484e+00    0.0077     28.38    1.3519      1.7536    0      0
     4   6   4   250  3.3900e+22     27.12    0.2019  2.0140e+01  1.5238e+01  1.3217e+00    0.0286     40.54    1.3379      1.7440    0      0
     4   6   4   250  3.3900e+22     29.27    0.2179  2.0140e+01  1.5238e+01  1.3217e+00    0.0297     40.54    1.4442      1.9473    0      0
     4   6   4   250  3.3900e+22     31.72    0.2361  2.0140e+01  1.4455e+01  1.3932e+00    0.0407     44.18    1.4358      1.9630    0      0
     4   6   4   250  3.3900e+22     34.40    0.2560  2.0140e+01  1.3649e+01  1.4755e+00    0.0544     47.84    1.4379      2.0241    0      0
     4   6   4   250  3.3900e+22     37.35    0.2780  2.0140e+01  1.2832e+01  1.5695e+00    0.0705     50.93    1.4667      2.0424    0      0
     4   6   4   250  3.3900e+22     40.72    0.3031  2.0140e+01  1.1997e+01  1.6787e+00    0.0899     54.05    1.5069      2.1056    0      0
     4   6   4   250  3.3900e+22     44.54    0.3315  2.0140e+01  1.1242e+01  1.7916e+00    0.1103     56.76    1.5695      2.2132    0      0
     4   6   4   250  3.3900e+22     48.58    0.3616  2.0140e+01  9.6691e+00  2.0829e+00    0.1605     62.56    1.5531      2.1787    0      0
     4   6   4   250  3.3900e+22     48.91    0.3640  2.0140e+01  9.6691e+00  2.0829e+00    0.1609     62.56    1.5636      2.2155    0      0
     4   6   4   250  3.3900e+22     54.01    0.4020  2.0140e+01  8.2897e+00  2.4295e+00    0.2165     67.79    1.5936      2.2248    1      0
     4   6   4   250  3.3900e+22     60.00    0.4466  2.0140e+01  7.6817e+00  2.6218e+00    0.2479     70.05    1.7129      2.5204    1      0
     4   6   4   250  3.3900e+22     62.55    0.4655  2.0140e+01  7.0709e+00  2.8483e+00    0.2804     72.32    1.7297      2.5556    1      0
     4   6   4   250  3.3900e+22     66.99    0.4986  2.0140e+01  5.8900e+00  3.4194e+00    0.3520     76.66    1.7477      2.5524    1      0
     4   6   4   250  3.3900e+22     75.31    0.5605  2.0140e+01  4.3394e+00  4.6412e+00    0.4697     82.26    1.8310      2.7006    1      0
     4   6   4   250  3.3900e+22     75.39    0.5611  2.0140e+01  4.3394e+00  4.6412e+00    0.4697     82.26    1.8330      2.7006    1      0
     4   6   4   250  3.3900e+22     84.96    0.6323  2.0140e+01  2.9305e+00  6.8725e+00    0.6055     87.67    1.9381      2.8954    1      0
     4   6   4   250  3.3900e+22     88.64    0.6597  2.0140e+01  2.4578e+00  8.1943e+00    0.6580     89.55    1.9797      2.9671    1      0
     4   6   4   250  3.3900e+22     95.30    0.7093  2.0140e+01  1.5378e+00  1.3097e+01    0.7702     93.12    2.0467      3.0712    1      0
     4   6   4   250  3.3900e+22    100.95    0.7514  2.0140e+01  7.5280e-01  2.6753e+01    0.8782     96.16    2.0996      3.1736    1      0
     4   6   4   250  3.3900e+22    109.82    0.8174  2.0140e+01  1.2748e-01  1.5798e+02    0.9764     98.51    2.2296      3.4651    1      0
     4   6   4   250  3.3900e+22    116.60    0.8679  2.0140e+01  2.2719e-02  8.8648e+02    0.9954     98.90    2.3579      3.8464    1      0
     4   6   4   250  3.3900e+22    123.02    0.9156  2.0140e+01  6.6873e-04  3.0117e+04    0.9998     98.99    2.4856      4.2685    1      0
     4   6   4   250  3.3900e+22    129.39    0.9631  2.0140e+01  3.2707e-05  6.1577e+05    1.0000     98.99    2.6143      4.7417    1      0
     4   6   4   250  3.3900e+22    134.35    1.0000  2.0140e+01  2.8698e-06  7.0178e+06    1.0000     98.99    2.7145      5.1116    1      0
     4   6   4   350  3.3900e+22     20.52    0.1400  3.4409e+01  2.9697e+01  1.1586e+00    0.0086     28.35    1.4476      1.9184    0      0
     4   6   4   350  3.3900e+22     26.67    0.1819  3.4409e+01  2.7116e+01  1.2689e+00    0.0214     36.29    1.4697      1.9798    0      0
     4   6   4   350  3.3900e+22     27.05    0.1845  3.4409e+01  2.5657e+01  1.3411e+00    0.0304     40.20    1.3457      1.7594    0      0
     4   6   4   350  3.3900e+22     28.79    0.1964  3.4409e+01  2.5657e+01  1.3411e+00    0.0315     40.20    1.4324      1.9657    0      0
     4   6   4   350  3.3900e+22     31.23    0.2130  3.4409e+01  2.4302e+01  1.4159e+00    0.0427     43.75    1.4278      1.9468    0      0
     4   6   4   350  3.3900e+22     33.92    0.2313  3.4409e+01  2.2909e+01  1.5020e+00    0.0566     47.31    1.4338      1.9662    0      0
     4   6   4   350  3.3900e+22     36.82    0.2511  3.4409e+01  2.1498e+01  1.6006e+00    0.0735     50.43    1.4600      2.0384    0      0
     4   6   4   350  3.3900e+22     40.18    0.2740  3.4409e+01  2.0057e+01  1.7155e+00    0.0934     53.50    1.5020      2.0796    0      0
     4   6   4   350  3.3900e+22     43.92    0.2996  3.4409e+01  1.8755e+01  1.8347e+00    0.1147     56.20    1.5632      2.2151    0      0
     4   6   4   350  3.3900e+22     45.63    0.3112  3.4409e+01  1.7422e+01  1.9750e+00    0.1381     58.94    1.5482      2.1508    0      0
     4   6   4   350  3.3900e+22     48.29    0.3293  3.4409e+01  1.6048e+01  2.1441e+00    0.1658     61.90    1.5603      2.1500    0      0
     4   6   4   350  3.3900e+22     53.27    0.3633  3.4409e+01  1.4813e+01  2.3229e+00    0.1964     64.63    1.6485      2.3803    0      0
     4   6   4   350  3.3900e+22     59.17    0.4036  3.4409e+01  1.2641e+01  2.7220e+00    0.2562     69.35    1.7066      2.5109    1      0
     4   6   4   350  3.3900e+22     60.06    0.4096  3.4409e+01  1.1599e+01  2.9665e+00    0.2879     71.59    1.6779      2.4029    1      0
     4   6   4   350  3.3900e+22     66.16    0.4512  3.4409e+01  9.5933e+00  3.5867e+00    0.3616     75.86    1.7443      2.5379    1      0
     4   6   4   350  3.3900e+22     73.34    0.5002  3.4409e+01  7.8233e+00  4.3982e+00    0.4401     79.59    1.8429      2.7468    1      0
     4   6   4   350  3.3900e+22     74.47    0.5079  3.4409e+01  7.8233e+00  4.3982e+00    0.4405     79.59    1.8713      2.8144    1      0
     4   6   4   350  3.3900e+22     84.26    0.5747  3.4409e+01  4.6420e+00  7.4124e+00    0.6151     86.45    1.9494      2.8919    1      0
     4   6   4   350  3.3900e+22     86.03    0.5867  3.4409e+01  4.6420e+00  7.4124e+00    0.6164     86.45    1.9902      3.0207    1      0
     4   6   4   350  3.3900e+22     95.56    0.6517  3.4409e+01  2.5560e+00  1.3462e+01    0.7635     91.23    2.0951      3.2017    1      0
     4   6   4   350  3.3900e+22     96.46    0.6578  3.4409e+01  1.9828e+00  1.7354e+01    0.8084     92.52    2.0853      3.1440    1      0
     4   6   4   350  3.3900e+22    106.38    0.7255  3.4409e+01  6.7329e-01  5.1105e+01    0.9262     95.46    2.2286      3.4736    1      0
     4   6   4   350  3.3900e+22    113.60    0.7748  3.4409e+01  2.5707e-01  1.3385e+02    0.9694     96.39    2.3572      3.8254    1      0
     4   6   4   350  3.3900e+22    120.33    0.8207  3.4409e+01  3.7508e-02  9.1738e+02    0.9948     96.87    2.4845      4.2084    1      0
     4   6   4   350  3.3900e+22    126.69    0.8640  3.4409e+01  7.6309e-03  4.5091e+03    0.9989     96.93    2.6140      4.6703    1      0
     4   6   4   350  3.3900e+22    132.96    0.9068  3.4409e+01  1.1807e-03  2.9143e+04    0.9998     96.95    2.7429      5.1317    1      0
     4   6   4   350  3.3900e+22    139.19    0.9493  3.4409e+01  1.3791e-04  2.4950e+05    1.0000     96.95    2.8714      5.6191    1      0
     4   6   4   350  3.3900e+22    145.43    0.9918  3.4409e+01  5.7636e-06  5.9700e+06    1.0000     96.95    3.0000      6.1370    1      0
     4   6   4   350  3.3900e+22    146.63    1.0000  3.4409e+01  5.7636e-06  5.9700e+06    1.0000     96.95    3.0248      6.2299    1      0
     4   6   4   500  3.3900e+22     27.46    0.1669  2.8126e+01  2.1401e+01  1.3143e+00    0.0276     40.39    1.3596      1.7881    0      0
     4   6   4   500  3.3900e+22     29.66    0.1803  2.8126e+01  2.1401e+01  1.3143e+00    0.0284     40.39    1.4687      2.0029    0      0
     4   6   4   500  3.3900e+22     30.33    0.1844  2.8126e+01  2.0335e+01  1.3831e+00    0.0382     44.01    1.3783      1.8617    0      0
     4   6   4   500  3.3900e+22     32.16    0.1955  2.8126e+01  2.0335e+01  1.3831e+00    0.0389     44.01    1.4614      2.0093    0      0
     4   6   4   500  3.3900e+22     34.88    0.2121  2.8126e+01  1.9231e+01  1.4626e+00    0.0518     47.67    1.4634      2.0294    0      0
     4   6   4   500  3.3900e+22     37.86    0.2302  2.8126e+01  1.8102e+01  1.5537e+00    0.0674     50.83    1.4896      2.0743    0      0
     4   6   4   500  3.3900e+22     41.26    0.2508  2.8126e+01  1.6939e+01  1.6604e+00    0.0864     54.03    1.5272      2.1562    0      0
     4   6   4   500  3.3900e+22     45.11    0.2743  2.8126e+01  1.4780e+01  1.9031e+00    0.1283     59.72    1.5107      2.0943    0      0
     4   6   4   500  3.3900e+22     47.58    0.2892  2.8126e+01  1.4780e+01  1.9031e+00    0.1295     59.72    1.5933      2.2947    0      0
     4   6   4   500  3.3900e+22     49.45    0.3007  2.8126e+01  1.3638e+01  2.0624e+00    0.1566     62.92    1.5720      2.2169    0      0
     4   6   4   500  3.3900e+22     54.49    0.3313  2.8126e+01  1.1645e+01  2.4153e+00    0.2133     68.44    1.5923      2.2587    1      0
     4   6   4   500  3.3900e+22     60.31    0.3666  2.8126e+01  9.8680e+00  2.8503e+00    0.2761     73.24    1.6468      2.3637    1      0
     4   6   4   500  3.3900e+22     64.85    0.3942  2.8126e+01  8.9610e+00  3.1388e+00    0.3142     75.65    1.7144      2.5233    1      0
     4   6   4   500  3.3900e+22     67.19    0.4084  2.8126e+01  8.1380e+00  3.4562e+00    0.3507     77.84    1.7263      2.5305    1      0
     4   6   4   500  3.3900e+22     75.36    0.4582  2.8126e+01  5.8786e+00  4.7845e+00    0.4700     83.67    1.8014      2.6491    1      0
     4   6   4   500  3.3900e+22     77.34    0.4702  2.8126e+01  5.8786e+00  4.7845e+00    0.4711     83.67    1.8486      2.7649    1      0
     4   6   4   500  3.3900e+22     85.18    0.5179  2.8126e+01  3.9618e+00  7.0995e+00    0.5987     89.05    1.9131      2.8755    1      0
     4   6   4   500  3.3900e+22     90.67    0.5512  2.8126e+01  2.8503e+00  9.8679e+00    0.6867     92.12    1.9684      2.9657    1      0
     4   6   4   500  3.3900e+22     98.02    0.5959  2.8126e+01  1.9546e+00  1.4390e+01    0.7683     94.57    2.0728      3.2113    1      0
     4   6   4   500  3.3900e+22    100.45    0.6107  2.8126e+01  1.5543e+00  1.8096e+01    0.8077     95.67    2.1000      3.2529    1      0
     4   6   4   500  3.3900e+22    109.14    0.6635  2.8126e+01  6.9033e-01  4.0744e+01    0.9032     97.95    2.2286      3.5530    1      0
     4   6   4   500  3.3900e+22    116.62    0.7090  2.8126e+01  3.5796e-01  7.8573e+01    0.9457     98.82    2.3602      3.8962    1      0
     4   6   4   500  3.3900e+22    123.52    0.7509  2.8126e+01  1.0867e-01  2.5882e+02    0.9813     99.48    2.4834      4.2729    1      0
     4   6   4   500  3.3900e+22    130.25    0.7919  2.8126e+01  4.2387e-02  6.6357e+02    0.9921     99.65    2.6142      4.7289    1      0
     4   6   4   500  3.3900e+22    136.77    0.8315  2.8126e+01  1.4813e-02  1.8988e+03    0.9970     99.72    2.7429      5.1663    1      0
     4   6   4   500  3.3900e+22    143.22    0.8707  2.8126e+01  4.4784e-03  6.2804e+03    0.9990     99.75    2.8714      5.6543    1      0
     4   6   4   500  3.3900e+22    149.64    0.9097  2.8126e+01  1.1668e-03  2.4105e+04    0.9997     99.76    3.0000      6.1693    1      0
     4   6   4   500  3.3900e+22    164.49    1.0000  2.8126e+01  2.3460e-05  1.1989e+06    1.0000     99.76    3.2976      7.3116    1      0
     4   6   5    SD  3.3900e+22     11.69    0.0699  2.0984e+22  2.0213e+22  1.0381e+00    0.0005     16.76    1.3942      1.7489    0      0
     4   6   5    SD  3.3900e+22     32.67    0.1953  2.0984e+22  1.6207e+22  1.2947e+00    0.0212     44.19    1.4786      2.0814    0      0
     4   6   5    SD  3.3900e+22     35.38    0.2116  2.0984e+22  1.5524e+22  1.3517e+00    0.0283     47.84    1.4790      2.0888    0      0
     4   6   5    SD  3.3900e+22     36.47    0.2181  2.0984e+22  1.4811e+22  1.4167e+00    0.0365     51.08    1.4280      1.9481    0      0
     4   6   5    SD  3.3900e+22     38.41    0.2297  2.0984e+22  1.4811e+22  1.4167e+00    0.0370     51.08    1.5042      2.1047    0      0
     4   6   5    SD  3.3900e+22     41.82    0.2501  2.0984e+22  1.4083e+22  1.4900e+00    0.0474     54.33    1.5393      2.1963    0      0
     4   6   5    SD  3.3900e+22     45.63    0.2729  2.0984e+22  1.2702e+22  1.6521e+00    0.0712     60.20    1.5159      2.0905    0      0
     4   6   5    SD  3.3900e+22     47.88    0.2863  2.0984e+22  1.2702e+22  1.6521e+00    0.0718     60.20    1.5906      2.2686    0      0
     4   6   5    SD  3.3900e+22     49.92    0.2985  2.0984e+22  1.1972e+22  1.7527e+00    0.0872     63.53    1.5717      2.2276    0      0
     4   6   5    SD  3.3900e+22     54.84    0.3280  2.0984e+22  1.0666e+22  1.9673e+00    0.1200     69.36    1.5815      2.2370    0      0
     4   6   5    SD  3.3900e+22     60.57    0.3622  2.0984e+22  9.4878e+21  2.2116e+00    0.1567     74.43    1.6277      2.3295    0      0
     4   6   5    SD  3.3900e+22     67.23    0.4020  2.0984e+22  8.3375e+21  2.5168e+00    0.2004     79.24    1.6968      2.4734    1      0
     4   6   5    SD  3.3900e+22     69.21    0.4139  2.0984e+22  7.8277e+21  2.6807e+00    0.2219     81.34    1.7018      2.4539    1      0
     4   6   5    SD  3.3900e+22     75.17    0.4496  2.0984e+22  6.8362e+21  3.0695e+00    0.2702     85.53    1.7578      2.5567    1      0
     4   6   5    SD  3.3900e+22     81.82    0.4893  2.0984e+22  5.9736e+21  3.5127e+00    0.3197     89.36    1.8311      2.7203    1      0
     4   6   5    SD  3.3900e+22     84.88    0.5076  2.0984e+22  5.5677e+21  3.7688e+00    0.3455     91.12    1.8631      2.7888    1      0
     4   6   5    SD  3.3900e+22     94.40    0.5645  2.0984e+22  4.4732e+21  4.6910e+00    0.4251     95.77    1.9714      3.0096    1      0
     4   6   5    SD  3.3900e+22     96.81    0.5789  2.0984e+22  4.1556e+21  5.0495e+00    0.4510     97.09    1.9943      3.0354    1      0
     4   6   5    SD  3.3900e+22    105.20    0.6291  2.0984e+22  3.2391e+21  6.4781e+00    0.5355    100.86    2.0862      3.1786    1      0
     4   6   5    SD  3.3900e+22    111.86    0.6690  2.0984e+22  2.7108e+21  7.7408e+00    0.5923    103.10    2.1700      3.3453    1      0
     4   6   5    SD  3.3900e+22    116.11    0.6944  2.0984e+22  2.4610e+21  8.5264e+00    0.6215    104.20    2.2286      3.4799    1      0
     4   6   5    SD  3.3900e+22    127.69    0.7636  2.0984e+22  1.5272e+21  1.3740e+01    0.7438    108.34    2.3572      3.7000    1      0
     4   6   5    SD  3.3900e+22    130.19    0.7785  2.0984e+22  1.2953e+21  1.6200e+01    0.7779    109.46    2.3788      3.7133    1      0
     4   6   5    SD  3.3900e+22    140.40    0.8396  2.0984e+22  5.6379e+20  3.7219e+01    0.8963    112.97    2.4857      3.8805    1      0
     4   6   5    SD  3.3900e+22    151.01    0.9031  2.0984e+22  2.6327e+19  7.9705e+02    0.9945    115.66    2.6114      4.1704    1      0
     4   6   5    SD  3.3900e+22    158.79    0.9496  2.0984e+22  1.6066e+18  1.3061e+04    0.9996    115.78    2.7430      4.5742    1      0
     4   6   5    SD  3.3900e+22    166.24    0.9941  2.0984e+22  2.1652e+15  9.6911e+06    1.0000    115.79    2.8714      5.0203    1      0
     4   6   5    SD  3.3900e+22    167.22    1.0000  2.0984e+22  2.1652e+15  9.6911e+06    1.0000    115.79    2.8883      5.0744    1      0
     4   6   5   070  3.3900e+22    158.91    1.0000 -1.9764e+00         nan         nan       nan       nan       nan         nan    0      1
     4   6   5   100  3.3900e+22    160.49    1.0000 -3.0187e+00         nan         nan       nan       nan       nan         nan    0      1
     4   6   5   160  3.3900e+22    167.22    1.0000 -4.7601e-01         nan         nan       nan       nan       nan         nan    0      1
     4   6   5   250  3.3900e+22     13.76    0.0784  1.6203e+01  1.5523e+01  1.0438e+00    0.0007     21.01    1.3101      1.7220    0      0
     4   6   5   250  3.3900e+22     26.31    0.1499  1.6203e+01  1.4218e+01  1.1396e+00    0.0068     37.04    1.4204      1.9294    0      0
     4   6   5   250  3.3900e+22     36.19    0.2061  1.6203e+01  1.2395e+01  1.3072e+00    0.0260     52.81    1.3704      1.8421    0      0
     4   6   5   250  3.3900e+22     39.03    0.2223  1.6203e+01  1.1883e+01  1.3635e+00    0.0339     56.35    1.3853      1.8523    0      0
     4   6   5   250  3.3900e+22     42.31    0.2410  1.6203e+01  1.1399e+01  1.4214e+00    0.0429     59.60    1.4197      1.9141    0      0
     4   6   5   250  3.3900e+22     45.86    0.2612  1.6203e+01  1.0887e+01  1.4883e+00    0.0538     63.17    1.4519      2.0140    0      0
     4   6   5   250  3.3900e+22     49.84    0.2839  1.6203e+01  1.0349e+01  1.5656e+00    0.0667     66.88    1.4906      2.0988    0      0
     4   6   5   250  3.3900e+22     54.35    0.3096  1.6203e+01  9.3659e+00  1.7300e+00    0.0940     73.24    1.4842      2.0832    0      0
     4   6   5   250  3.3900e+22     59.55    0.3392  1.6203e+01  8.9175e+00  1.8170e+00    0.1093     75.98    1.5675      2.2675    0      0
     4   6   5   250  3.3900e+22     65.53    0.3733  1.6203e+01  7.9837e+00  2.0295e+00    0.1450     81.54    1.6074      2.3225    0      0
     4   6   5   250  3.3900e+22     66.55    0.3791  1.6203e+01  7.5480e+00  2.1467e+00    0.1635     84.10    1.5827      2.2550    0      0
     4   6   5   250  3.3900e+22     72.51    0.4130  1.6203e+01  6.7312e+00  2.4072e+00    0.2043     89.16    1.6264      2.3430    1      0
     4   6   5   250  3.3900e+22     80.85    0.4605  1.6203e+01  5.9703e+00  2.7139e+00    0.2495     93.66    1.7264      2.5783    1      0
     4   6   5   250  3.3900e+22     81.51    0.4643  1.6203e+01  5.6172e+00  2.8845e+00    0.2720     95.73    1.7029      2.4848    1      0
     4   6   5   250  3.3900e+22     90.71    0.5167  1.6203e+01  4.6184e+00  3.5084e+00    0.3473    101.31    1.7907      2.6398    1      0
     4   6   5   250  3.3900e+22     95.28    0.5427  1.6203e+01  4.3208e+00  3.7500e+00    0.3733    103.03    1.8496      2.7574    1      0
     4   6   5   250  3.3900e+22    102.58    0.5843  1.6203e+01  3.4687e+00  4.6712e+00    0.4555    108.05    1.8987      2.8307    1      0
     4   6   5   250  3.3900e+22    109.70    0.6249  1.6203e+01  2.9562e+00  5.4810e+00    0.5134    111.29    1.9714      2.9790    1      0
     4   6   5   250  3.3900e+22    116.95    0.6661  1.6203e+01  2.4764e+00  6.5429e+00    0.5735    114.35    2.0455      3.1372    1      0
     4   6   5   250  3.3900e+22    124.94    0.7117  1.6203e+01  1.7822e+00  9.0917e+00    0.6720    119.00    2.1000      3.2166    1      0
     4   6   5   250  3.3900e+22    132.77    0.7563  1.6203e+01  1.0769e+00  1.5046e+01    0.7871    123.60    2.1483      3.2505    1      0
     4   6   5   250  3.3900e+22    141.33    0.8050  1.6203e+01  4.2010e-01  3.8569e+01    0.9095    127.83    2.2112      3.3305    1      0
     4   6   5   250  3.3900e+22    153.51    0.8744  1.6203e+01  3.2790e-02  4.9414e+02    0.9919    130.29    2.3565      3.6938    1      0
     4   6   5   250  3.3900e+22    162.17    0.9237  1.6203e+01  1.4770e-03  1.0970e+04    0.9996    130.49    2.4856      4.0881    1      0
     4   6   5   250  3.3900e+22    170.58    0.9716  1.6203e+01  9.5371e-05  1.6989e+05    1.0000    130.50    2.6143      4.5291    1      0
     4   6   5   250  3.3900e+22    175.56    1.0000  1.6203e+01  3.7771e-07  4.2898e+07    1.0000    130.50    2.6906      4.7875    1      0
     4   6   5   350  3.3900e+22     20.26    0.1080  2.7093e+01  2.4875e+01  1.0892e+00    0.0029     28.61    1.4160      1.8929    0      0
     4   6   5   350  3.3900e+22     26.12    0.1393  2.7093e+01  2.3568e+01  1.1495e+00    0.0074     36.96    1.4135      1.9343    0      0
     4   6   5   350  3.3900e+22     35.57    0.1897  2.7093e+01  2.1277e+01  1.2734e+00    0.0211     48.83    1.4568      2.0319    0      0
     4   6   5   350  3.3900e+22     38.44    0.2050  2.7093e+01  2.0447e+01  1.3251e+00    0.0280     52.31    1.4698      2.0691    0      0
     4   6   5   350  3.3900e+22     41.64    0.2221  2.7093e+01  1.9583e+01  1.3835e+00    0.0363     55.78    1.4930      2.0652    0      0
     4   6   5   350  3.3900e+22     45.23    0.2412  2.7093e+01  1.7907e+01  1.5130e+00    0.0559     62.39    1.4498      1.9860    0      0
     4   6   5   350  3.3900e+22     49.18    0.2623  2.7093e+01  1.7002e+01  1.5935e+00    0.0692     66.07    1.4888      2.0755    0      0
     4   6   5   350  3.3900e+22     53.71    0.2865  2.7093e+01  1.6145e+01  1.6781e+00    0.0836     69.36    1.5487      2.2187    0      0
     4   6   5   350  3.3900e+22     58.85    0.3139  2.7093e+01  1.4598e+01  1.8559e+00    0.1132     75.12    1.5670      2.2344    0      0
     4   6   5   350  3.3900e+22     60.49    0.3226  2.7093e+01  1.3824e+01  1.9599e+00    0.1300     77.91    1.5526      2.2033    0      0
     4   6   5   350  3.3900e+22     64.77    0.3454  2.7093e+01  1.3034e+01  2.0787e+00    0.1498     80.66    1.6058      2.3296    0      0
     4   6   5   350  3.3900e+22     71.68    0.3823  2.7093e+01  1.1619e+01  2.3318e+00    0.1896     85.68    1.6732      2.4602    0      0
     4   6   5   350  3.3900e+22     79.88    0.4260  2.7093e+01  9.6591e+00  2.8049e+00    0.2571     92.73    1.7228      2.5521    1      0
     4   6   5   350  3.3900e+22     80.54    0.4295  2.7093e+01  9.6591e+00  2.8049e+00    0.2571     92.73    1.7370      2.5699    1      0
     4   6   5   350  3.3900e+22     89.67    0.4782  2.7093e+01  7.9510e+00  3.4075e+00    0.3307     98.55    1.8198      2.7323    1      0
     4   6   5   350  3.3900e+22     92.93    0.4956  2.7093e+01  7.4199e+00  3.6514e+00    0.3569    100.31    1.8528      2.7839    1      0
     4   6   5   350  3.3900e+22    101.51    0.5414  2.7093e+01  5.9912e+00  4.5221e+00    0.4368    105.22    1.9295      2.9122    1      0
     4   6   5   350  3.3900e+22    107.97    0.5758  2.7093e+01  5.1042e+00  5.3079e+00    0.4944    108.35    1.9930      3.0349    1      0
     4   6   5   350  3.3900e+22    115.95    0.6184  2.7093e+01  3.9063e+00  6.9357e+00    0.5836    112.87    2.0546      3.1527    1      0
     4   6   5   350  3.3900e+22    121.63    0.6487  2.7093e+01  3.1455e+00  8.6134e+00    0.6481    115.84    2.1000      3.2236    1      0
     4   6   5   350  3.3900e+22    132.34    0.7058  2.7093e+01  1.7008e+00  1.5929e+01    0.7892    121.56    2.1774      3.3211    1      0
     4   6   5   350  3.3900e+22    136.88    0.7300  2.7093e+01  1.3706e+00  1.9767e+01    0.8259    122.84    2.2286      3.4373    1      0
     4   6   5   350  3.3900e+22    149.60    0.7978  2.7093e+01  3.7556e-01  7.2141e+01    0.9463    126.68    2.3618      3.7156    1      0
     4   6   5   350  3.3900e+22    159.00    0.8480  2.7093e+01  4.3605e-02  6.2133e+02    0.9928    127.94    2.4856      4.0446    1      0
     4   6   5   350  3.3900e+22    167.42    0.8929  2.7093e+01  1.0201e-02  2.6560e+03    0.9982    128.07    2.6146      4.4702    1      0
     4   6   5   350  3.3900e+22    175.69    0.9369  2.7093e+01  6.9353e-04  3.9065e+04    0.9999    128.10    2.7429      4.9193    1      0
     4   6   5   350  3.3900e+22    183.92    0.9809  2.7093e+01  2.3839e-05  1.1365e+06    1.0000    128.11    2.8714      5.3955    1      0
     4   6   5   350  3.3900e+22    187.51    1.0000  2.7093e+01  0.0000e+00         nan    1.0000    128.11    2.9274      5.6037    1      0
     4   6   5   500  3.3900e+22     28.85    0.1428  2.2432e+01  1.8967e+01  1.1826e+00    0.0106     41.23    1.3993      1.9067    0      0
     4   6   5   500  3.3900e+22     36.08    0.1786  2.2432e+01  1.7078e+01  1.3134e+00    0.0259     52.29    1.3797      1.8131    0      0
     4   6   5   500  3.3900e+22     38.98    0.1930  2.2432e+01  1.7078e+01  1.3134e+00    0.0266     52.29    1.4909      2.0696    0      0
     4   6   5   500  3.3900e+22     42.25    0.2092  2.2432e+01  1.5721e+01  1.4269e+00    0.0428     58.95    1.4335      1.9389    0      0
     4   6   5   500  3.3900e+22     45.88    0.2271  2.2432e+01  1.5019e+01  1.4935e+00    0.0536     62.45    1.4692      2.0393    0      0
     4   6   5   500  3.3900e+22     49.92    0.2471  2.2432e+01  1.4280e+01  1.5708e+00    0.0664     66.18    1.5085      2.1230    0      0
     4   6   5   500  3.3900e+22     54.41    0.2694  2.2432e+01  1.2920e+01  1.7362e+00    0.0938     72.64    1.4980      2.1023    0      0
     4   6   5   500  3.3900e+22     59.57    0.2949  2.2432e+01  1.2298e+01  1.8240e+00    0.1092     75.43    1.5795      2.2857    0      0
     4   6   5   500  3.3900e+22     65.24    0.3230  2.2432e+01  1.0994e+01  2.0404e+00    0.1452     81.15    1.6080      2.3230    0      0
     4   6   5   500  3.3900e+22     65.49    0.3242  2.2432e+01  1.0994e+01  2.0404e+00    0.1452     81.15    1.6141      2.3230    0      0
     4   6   5   500  3.3900e+22     72.38    0.3583  2.2432e+01  9.2247e+00  2.4317e+00    0.2058     89.03    1.6260      2.3370    1      0
     4   6   5   500  3.3900e+22     80.35    0.3978  2.2432e+01  8.1459e+00  2.7537e+00    0.2522     93.70    1.7151      2.5277    1      0
     4   6   5   500  3.3900e+22     80.49    0.3985  2.2432e+01  8.1459e+00  2.7537e+00    0.2522     93.70    1.7182      2.5277    1      0
     4   6   5   500  3.3900e+22     90.19    0.4465  2.2432e+01  6.2426e+00  3.5933e+00    0.3516    101.54    1.7764      2.6009    1      0
     4   6   5   500  3.3900e+22     96.54    0.4780  2.2432e+01  5.4297e+00  4.1313e+00    0.4039    104.98    1.8392      2.7228    1      0
     4   6   5   500  3.3900e+22    101.98    0.5049  2.2432e+01  5.0235e+00  4.4653e+00    0.4330    106.71    1.9114      2.8923    1      0
     4   6   5   500  3.3900e+22    110.66    0.5479  2.2432e+01  3.9090e+00  5.7385e+00    0.5208    111.71    1.9811      3.0255    1      0
     4   6   5   500  3.3900e+22    116.16    0.5751  2.2432e+01  3.2382e+00  6.9271e+00    0.5815    114.82    2.0233      3.0947    1      0
     4   6   5   500  3.3900e+22    125.29    0.6203  2.2432e+01  2.3038e+00  9.7367e+00    0.6774    119.33    2.1000      3.2377    1      0
     4   6   5   500  3.3900e+22    133.32    0.6600  2.2432e+01  1.4843e+00  1.5113e+01    0.7743    123.17    2.1648      3.3510    1      0
     4   6   5   500  3.3900e+22    139.62    0.6913  2.2432e+01  1.0255e+00  2.1874e+01    0.8350    125.30    2.2286      3.4755    1      0
     4   6   5   500  3.3900e+22    150.92    0.7472  2.2432e+01  3.7559e-01  5.9723e+01    0.9318    128.28    2.3531      3.7539    1      0
     4   6   5   500  3.3900e+22    160.77    0.7960  2.2432e+01  1.3721e-01  1.6349e+02    0.9727    129.36    2.4857      4.1110    1      0
     4   6   5   500  3.3900e+22    169.68    0.8400  2.2432e+01  3.8865e-02  5.7717e+02    0.9915    129.81    2.6143      4.5130    1      0
     4   6   5   500  3.3900e+22    178.21    0.8823  2.2432e+01  8.3153e-03  2.6976e+03    0.9980    129.94    2.7428      4.9515    1      0
     4   6   5   500  3.3900e+22    186.61    0.9239  2.2432e+01  1.3666e-03  1.6414e+04    0.9997    129.98    2.8714      5.4346    1      0
     4   6   5   500  3.3900e+22    194.97    0.9653  2.2432e+01  3.3906e-04  6.6159e+04    0.9999    129.98    3.0000      5.8711    1      0
     4   6   5   500  3.3900e+22    201.98    1.0000  2.2432e+01  3.2956e-05  6.8065e+05    1.0000    129.98    3.1079      6.1565    1      0
     4   6   6    SD  3.3900e+22     11.31    0.0500  1.4632e+22  1.4352e+22  1.0195e+00    0.0001     16.85    1.3424      1.7381    0      0
     4   6   6    SD  3.3900e+22     11.31    0.0500  1.4632e+22  1.4352e+22  1.0195e+00    0.0001     16.85    1.3424      1.7381    0      0
     4   6   6    SD  3.3900e+22     35.57    0.1573  1.4632e+22  1.2423e+22  1.1778e+00    0.0089     49.27    1.4440      2.0034    0      0
     4   6   6    SD  3.3900e+22     45.13    0.1995  1.4632e+22  1.1062e+22  1.3227e+00    0.0245     63.56    1.4201      1.9419    0      0
     4   6   6    SD  3.3900e+22     48.96    0.2165  1.4632e+22  1.0677e+22  1.3704e+00    0.0307     67.47    1.4513      2.0197    0      0
     4   6   6    SD  3.3900e+22     53.13    0.2349  1.4632e+22  1.0308e+22  1.4195e+00    0.0375     71.08    1.4950      2.1011    0      0
     4   6   6    SD  3.3900e+22     57.83    0.2557  1.4632e+22  9.6207e+21  1.5209e+00    0.0520     77.47    1.4929      2.1086    0      0
     4   6   6    SD  3.3900e+22     63.07    0.2789  1.4632e+22  8.8948e+21  1.6450e+00    0.0704     83.77    1.5059      2.1024    0      0
     4   6   6    SD  3.3900e+22     69.04    0.3053  1.4632e+22  8.2122e+21  1.7817e+00    0.0915     89.90    1.5358      2.1554    0      0
     4   6   6    SD  3.3900e+22     75.81    0.3352  1.4632e+22  7.5355e+21  1.9417e+00    0.1165     95.64    1.5854      2.2738    0      0
     4   6   6    SD  3.3900e+22     77.03    0.3406  1.4632e+22  7.5355e+21  1.9417e+00    0.1167     95.64    1.6108      2.3460    0      0
     4   6   6    SD  3.3900e+22     83.64    0.3698  1.4632e+22  6.9110e+21  2.1172e+00    0.1434    100.54    1.6639      2.4415    0      0
     4   6   6    SD  3.3900e+22     92.87    0.4106  1.4632e+22  6.0254e+21  2.4283e+00    0.1885    107.67    1.7252      2.5425    0      0
     4   6   6    SD  3.3900e+22     92.95    0.4110  1.4632e+22  6.0254e+21  2.4283e+00    0.1885    107.67    1.7267      2.5425    0      0
     4   6   6    SD  3.3900e+22    103.82    0.4591  1.4632e+22  4.9804e+21  2.9379e+00    0.2548    116.71    1.7791      2.6459    1      0
     4   6   6    SD  3.3900e+22    113.07    0.4999  1.4632e+22  4.2894e+21  3.4111e+00    0.3087    122.71    1.8429      2.7818    1      0
     4   6   6    SD  3.3900e+22    117.05    0.5175  1.4632e+22  3.8669e+21  3.7838e+00    0.3458    126.27    1.8540      2.7674    1      0
     4   6   6    SD  3.3900e+22    130.42    0.5767  1.4632e+22  3.1220e+21  4.6866e+00    0.4228    132.31    1.9714      3.0123    1      0
     4   6   6    SD  3.3900e+22    133.57    0.5906  1.4632e+22  2.9556e+21  4.9505e+00    0.4421    133.74    1.9975      3.0524    1      0
     4   6   6    SD  3.3900e+22    146.38    0.6472  1.4632e+22  2.3370e+21  6.2608e+00    0.5218    139.11    2.1045      3.2676    1      0
     4   6   6    SD  3.3900e+22    154.47    0.6830  1.4632e+22  1.9251e+21  7.6003e+00    0.5831    142.81    2.1633      3.3768    1      0
     4   6   6    SD  3.3900e+22    161.63    0.7147  1.4632e+22  1.6848e+21  8.6844e+00    0.6226    144.94    2.2303      3.5250    1      0
     4   6   6    SD  3.3900e+22    177.10    0.7830  1.4632e+22  1.0271e+21  1.4246e+01    0.7467    150.72    2.3500      3.6962    1      0
     4   6   6    SD  3.3900e+22    181.31    0.8017  1.4632e+22  9.2339e+20  1.5846e+01    0.7692    151.65    2.3911      3.8036    1      0
     4   6   6    SD  3.3900e+22    192.49    0.8511  1.4632e+22  5.0111e+20  2.9199e+01    0.8670    155.44    2.4767      3.9180    1      0
     4   6   6    SD  3.3900e+22    209.05    0.9243  1.4632e+22  3.2067e+19  4.5628e+02    0.9906    159.86    2.6154      4.1794    1      0
     4   6   6    SD  3.3900e+22    219.65    0.9712  1.4632e+22  1.1327e+17  1.2917e+05    1.0000    160.17    2.7428      4.5777    1      0
     4   6   6    SD  3.3900e+22    226.16    1.0000  1.4632e+22  0.0000e+00         nan    1.0000    160.17    2.8241      4.8488    1      0
     4   6   6   070  3.3900e+22    217.96    1.0000 -1.4066e+00         nan         nan       nan       nan       nan         nan    0      1
     4   6   6   100  3.3900e+22    219.49    1.0000 -2.1250e+00         nan         nan       nan       nan       nan         nan    0      1
     4   6   6   160  3.3900e+22    226.17    1.0000 -1.5305e-01         nan         nan       nan       nan       nan         nan    0      1
     4   6   6   250  3.3900e+22     23.16    0.0988  1.2317e+01  1.1719e+01  1.0511e+00    0.0012     33.36    1.3886      1.8273    0      0
     4   6   6   250  3.3900e+22     48.89    0.2086  1.2317e+01  9.6184e+00  1.2806e+00    0.0236     71.29    1.3716      1.8852    0      0
     4   6   6   250  3.3900e+22     52.72    0.2249  1.2317e+01  9.3239e+00  1.3210e+00    0.0293     75.07    1.4044      1.9427    0      0
     4   6   6   250  3.3900e+22     57.07    0.2435  1.2317e+01  8.7667e+00  1.4050e+00    0.0414     81.78    1.3958      1.8915    0      0
     4   6   6   250  3.3900e+22     61.79    0.2637  1.2317e+01  8.4763e+00  1.4531e+00    0.0492     85.18    1.4509      2.0264    0      0
     4   6   6   250  3.3900e+22     67.24    0.2869  1.2317e+01  7.8826e+00  1.5626e+00    0.0668     92.06    1.4607      2.0502    0      0
     4   6   6   250  3.3900e+22     68.21    0.2910  1.2317e+01  7.8826e+00  1.5626e+00    0.0669     92.06    1.4818      2.0938    0      0
     4   6   6   250  3.3900e+22     73.37    0.3131  1.2317e+01  7.3155e+00  1.6837e+00    0.0870     98.07    1.4963      2.1181    0      0
     4   6   6   250  3.3900e+22     80.33    0.3428  1.2317e+01  6.7589e+00  1.8224e+00    0.1102    103.64    1.5503      2.2080    0      0
     4   6   6   250  3.3900e+22     86.63    0.3696  1.2317e+01  6.2289e+00  1.9774e+00    0.1358    109.08    1.5883      2.2921    0      0
     4   6   6   250  3.3900e+22     88.30    0.3767  1.2317e+01  5.9695e+00  2.0633e+00    0.1496    111.84    1.5789      2.2661    0      0
     4   6   6   250  3.3900e+22     97.77    0.4172  1.2317e+01  5.2588e+00  2.3422e+00    0.1929    119.54    1.6358      2.3885    0      0
     4   6   6   250  3.3900e+22    109.08    0.4654  1.2317e+01  4.3823e+00  2.8107e+00    0.2586    128.49    1.6979      2.4920    1      0
     4   6   6   250  3.3900e+22    111.79    0.4770  1.2317e+01  4.1856e+00  2.9428e+00    0.2756    130.42    1.7143      2.5210    1      0
     4   6   6   250  3.3900e+22    122.63    0.5233  1.2317e+01  3.6207e+00  3.4019e+00    0.3300    136.20    1.8007      2.7029    1      0
     4   6   6   250  3.3900e+22    130.43    0.5565  1.2317e+01  3.1152e+00  3.9539e+00    0.3860    141.59    1.8424      2.7748    1      0
     4   6   6   250  3.3900e+22    139.24    0.5941  1.2317e+01  2.6621e+00  4.6269e+00    0.4435    146.38    1.9024      2.8826    1      0
     4   6   6   250  3.3900e+22    149.30    0.6370  1.2317e+01  2.2425e+00  5.4927e+00    0.5042    150.75    1.9807      3.0395    1      0
     4   6   6   250  3.3900e+22    159.87    0.6821  1.2317e+01  1.7409e+00  7.0753e+00    0.5873    156.05    2.0490      3.1447    1      0
     4   6   6   250  3.3900e+22    167.62    0.7152  1.2317e+01  1.5084e+00  8.1658e+00    0.6307    158.61    2.1136      3.2768    1      0
     4   6   6   250  3.3900e+22    184.44    0.7870  1.2317e+01  8.5909e-01  1.4337e+01    0.7694    165.83    2.2244      3.4572    1      0
     4   6   6   250  3.3900e+22    184.74    0.7883  1.2317e+01  8.5909e-01  1.4337e+01    0.7694    165.83    2.2281      3.4641    1      0
     4   6   6   250  3.3900e+22    204.78    0.8738  1.2317e+01  1.2220e-01  1.0079e+02    0.9626    174.21    2.3510      3.6264    1      0
     4   6   6   250  3.3900e+22    218.22    0.9311  1.2317e+01  5.8298e-03  2.1128e+03    0.9980    175.56    2.4860      4.0043    1      0
     4   6   6   250  3.3900e+22    229.57    0.9795  1.2317e+01  3.8240e-05  3.2210e+05    1.0000    175.62    2.6143      4.4268    1      0
     4   6   6   250  3.3900e+22    234.36    1.0000  1.2317e+01  0.0000e+00         nan    1.0000    175.63    2.6689      4.6145    1      0
     4   6   6   350  3.3900e+22     25.22    0.1026  2.0296e+01  1.8856e+01  1.0764e+00    0.0022     37.69    1.3383      1.7556    0      0
     4   6   6   350  3.3900e+22     48.16    0.1959  2.0296e+01  1.5593e+01  1.3016e+00    0.0247     69.74    1.3811      1.8615    0      0
     4   6   6   350  3.3900e+22     52.02    0.2116  2.0296e+01  1.5107e+01  1.3435e+00    0.0307     73.55    1.4144      1.9535    0      0
     4   6   6   350  3.3900e+22     53.78    0.2188  2.0296e+01  1.5107e+01  1.3435e+00    0.0308     73.55    1.4622      2.0589    0      0
     4   6   6   350  3.3900e+22     56.29    0.2290  2.0296e+01  1.4644e+01  1.3860e+00    0.0369     77.03    1.4616      2.0512    0      0
     4   6   6   350  3.3900e+22     61.13    0.2487  2.0296e+01  1.3714e+01  1.4800e+00    0.0511     83.53    1.4635      2.0458    0      0
     4   6   6   350  3.3900e+22     66.47    0.2704  2.0296e+01  1.2734e+01  1.5939e+00    0.0691     90.45    1.4697      2.0625    0      0
     4   6   6   350  3.3900e+22     72.56    0.2952  2.0296e+01  1.1799e+01  1.7201e+00    0.0897     96.55    1.5031      2.1333    0      0
     4   6   6   350  3.3900e+22     79.49    0.3234  2.0296e+01  1.0890e+01  1.8637e+00    0.1135    102.00    1.5588      2.2350    0      0
     4   6   6   350  3.3900e+22     86.02    0.3499  2.0296e+01  1.0029e+01  2.0238e+00    0.1394    107.32    1.6030      2.3228    0      0
     4   6   6   350  3.3900e+22     87.51    0.3560  2.0296e+01  9.6062e+00  2.1128e+00    0.1532    110.02    1.5908      2.2849    0      0
     4   6   6   350  3.3900e+22     96.85    0.3940  2.0296e+01  8.4418e+00  2.4043e+00    0.1974    117.64    1.6465      2.4016    0      0
     4   6   6   350  3.3900e+22    107.00    0.4353  2.0296e+01  7.3414e+00  2.7646e+00    0.2476    124.68    1.7164      2.5410    1      0
     4   6   6   350  3.3900e+22    108.08    0.4397  2.0296e+01  7.0045e+00  2.8976e+00    0.2642    126.75    1.7053      2.4839    1      0
     4   6   6   350  3.3900e+22    121.52    0.4943  2.0296e+01  5.7665e+00  3.5197e+00    0.3367    134.25    1.8103      2.7125    1      0
     4   6   6   350  3.3900e+22    126.93    0.5164  2.0296e+01  5.2103e+00  3.8954e+00    0.3741    137.75    1.8429      2.7603    1      0
     4   6   6   350  3.3900e+22    138.07    0.5617  2.0296e+01  4.2141e+00  4.8162e+00    0.4509    144.24    1.9144      2.8804    1      0
     4   6   6   350  3.3900e+22    145.05    0.5901  2.0296e+01  3.7539e+00  5.4067e+00    0.4917    147.15    1.9714      3.0084    1      0
     4   6   6   350  3.3900e+22    158.78    0.6459  2.0296e+01  2.9215e+00  6.9474e+00    0.5746    152.45    2.0830      3.2319    1      0
     4   6   6   350  3.3900e+22    162.63    0.6616  2.0296e+01  2.5473e+00  7.9678e+00    0.6161    154.86    2.1002      3.2402    1      0
     4   6   6   350  3.3900e+22    180.42    0.7339  2.0296e+01  1.4968e+00  1.3560e+01    0.7510    161.91    2.2286      3.4581    1      0
     4   6   6   350  3.3900e+22    183.63    0.7470  2.0296e+01  1.3269e+00  1.5296e+01    0.7757    163.08    2.2520      3.5023    1      0
     4   6   6   350  3.3900e+22    198.16    0.8061  2.0296e+01  5.0582e-01  4.0126e+01    0.9059    168.76    2.3485      3.6408    1      0
     4   6   6   350  3.3900e+22    213.32    0.8678  2.0296e+01  6.8645e-02  2.9567e+02    0.9857    171.83    2.4829      3.9619    1      0
     4   6   6   350  3.3900e+22    225.16    0.9159  2.0296e+01  4.6831e-03  4.3340e+03    0.9989    172.28    2.6138      4.3714    1      0
     4   6   6   350  3.3900e+22    236.32    0.9614  2.0296e+01  3.0387e-04  6.6793e+04    0.9999    172.32    2.7429      4.8152    1      0
     4   6   6   350  3.3900e+22    245.82    1.0000  2.0296e+01  5.3488e-06  3.7946e+06    1.0000    172.32    2.8531      5.2014    1      0
     4   6   6   500  3.3900e+22     30.20    0.1161  1.6927e+01  1.5112e+01  1.1201e+00    0.0048     45.95    1.3143      1.7686    0      0
     4   6   6   500  3.3900e+22     39.49    0.1518  1.6927e+01  1.4118e+01  1.1989e+00    0.0121     57.34    1.3773      1.8715    0      0
     4   6   6   500  3.3900e+22     48.30    0.1857  1.6927e+01  1.2989e+01  1.3032e+00    0.0244     69.01    1.3999      1.8863    0      0
     4   6   6   500  3.3900e+22     52.22    0.2007  1.6927e+01  1.2591e+01  1.3444e+00    0.0302     72.84    1.4339      1.9788    0      0
     4   6   6   500  3.3900e+22     56.56    0.2174  1.6927e+01  1.2210e+01  1.3863e+00    0.0363     76.30    1.4825      2.0909    0      0
     4   6   6   500  3.3900e+22     61.41    0.2360  1.6927e+01  1.1445e+01  1.4789e+00    0.0503     82.86    1.4822      2.0796    0      0
     4   6   6   500  3.3900e+22     66.81    0.2568  1.6927e+01  1.0636e+01  1.5915e+00    0.0681     89.83    1.4875      2.1004    0      0
     4   6   6   500  3.3900e+22     72.95    0.2804  1.6927e+01  9.8620e+00  1.7164e+00    0.0885     96.07    1.5187      2.1577    0      0
     4   6   6   500  3.3900e+22     79.89    0.3071  1.6927e+01  9.1080e+00  1.8585e+00    0.1120    101.58    1.5730      2.2644    0      0
     4   6   6   500  3.3900e+22     80.55    0.3096  1.6927e+01  9.1080e+00  1.8585e+00    0.1120    101.58    1.5860      2.2801    0      0
     4   6   6   500  3.3900e+22     87.92    0.3379  1.6927e+01  8.0403e+00  2.1053e+00    0.1515    109.69    1.6030      2.3079    0      0
     4   6   6   500  3.3900e+22     97.24    0.3737  1.6927e+01  7.0652e+00  2.3958e+00    0.1957    117.46    1.6557      2.4189    0      0
     4   6   6   500  3.3900e+22    107.05    0.4115  1.6927e+01  6.1390e+00  2.7573e+00    0.2460    124.66    1.7174      2.5426    1      0
     4   6   6   500  3.3900e+22    108.35    0.4165  1.6927e+01  5.8552e+00  2.8909e+00    0.2629    126.78    1.7093      2.5027    1      0
     4   6   6   500  3.3900e+22    121.72    0.4679  1.6927e+01  4.8136e+00  3.5165e+00    0.3356    134.43    1.8109      2.7134    1      0
     4   6   6   500  3.3900e+22    125.53    0.4825  1.6927e+01  4.5773e+00  3.6980e+00    0.3542    136.23    1.8429      2.7826    1      0
     4   6   6   500  3.3900e+22    138.18    0.5311  1.6927e+01  3.5070e+00  4.8267e+00    0.4504    144.59    1.9113      2.8802    1      0
     4   6   6   500  3.3900e+22    144.59    0.5558  1.6927e+01  3.1193e+00  5.4266e+00    0.4913    147.54    1.9600      2.9812    1      0
     4   6   6   500  3.3900e+22    158.78    0.6103  1.6927e+01  2.4190e+00  6.9974e+00    0.5746    152.94    2.0764      3.2220    1      0
     4   6   6   500  3.3900e+22    163.15    0.6271  1.6927e+01  2.1042e+00  8.0442e+00    0.6164    155.38    2.1000      3.2434    1      0
     4   6   6   500  3.3900e+22    181.42    0.6973  1.6927e+01  1.2252e+00  1.3815e+01    0.7513    162.53    2.2324      3.4937    1      0
     4   6   6   500  3.3900e+22    183.67    0.7060  1.6927e+01  1.0897e+00  1.5534e+01    0.7746    163.66    2.2446      3.4988    1      0
     4   6   6   500  3.3900e+22    198.84    0.7643  1.6927e+01  4.8732e-01  3.4735e+01    0.8887    168.67    2.3577      3.7093    1      0
     4   6   6   500  3.3900e+22    212.91    0.8183  1.6927e+01  1.8221e-01  9.2901e+01    0.9548    171.25    2.4865      4.0260    1      0
     4   6   6   500  3.3900e+22    225.43    0.8665  1.6927e+01  2.9455e-02  5.7468e+02    0.9918    172.54    2.6130      4.3879    1      0
     4   6   6   500  3.3900e+22    236.90    0.9106  1.6927e+01  6.8995e-03  2.4534e+03    0.9980    172.73    2.7429      4.8186    1      0
     4   6   6   500  3.3900e+22    248.08    0.9535  1.6927e+01  6.3332e-04  2.6728e+04    0.9998    172.79    2.8714      5.2766    1      0
     4   6   6   500  3.3900e+22    259.19    0.9962  1.6927e+01  3.3610e-05  5.0364e+05    1.0000    172.79    3.0000      5.6346    1      0
     4   6   6   500  3.3900e+22    260.17    1.0000  1.6927e+01  3.3610e-05  5.0364e+05    1.0000    172.79    3.0113      5.6562    1      0
     4   6   7    SD  3.3900e+22     15.48    0.0500  1.0052e+22  9.8407e+21  1.0215e+00    0.0002     25.75    1.2027      1.5525    0      0
     4   6   7    SD  3.3900e+22     25.97    0.0839  1.0052e+22  9.5763e+21  1.0497e+00    0.0009     38.07    1.3641      1.8486    0      0
     4   6   7    SD  3.3900e+22     62.24    0.2010  1.0052e+22  7.8119e+21  1.2868e+00    0.0209     84.58    1.4717      2.0790    0      0
     4   6   7    SD  3.3900e+22     62.53    0.2020  1.0052e+22  7.8119e+21  1.2868e+00    0.0209     84.58    1.4787      2.0909    0      0
     4   6   7    SD  3.3900e+22     67.38    0.2176  1.0052e+22  7.4454e+21  1.3501e+00    0.0288     92.14    1.4626      2.0477    0      0
     4   6   7    SD  3.3900e+22     73.14    0.2362  1.0052e+22  7.0862e+21  1.4186e+00    0.0382     98.82    1.4804      2.0886    0      0
     4   6   7    SD  3.3900e+22     79.52    0.2568  1.0052e+22  6.7225e+21  1.4953e+00    0.0493    105.24    1.5111      2.1445    0      0
     4   6   7    SD  3.3900e+22     86.68    0.2799  1.0052e+22  6.3663e+21  1.5789e+00    0.0620    111.67    1.5524      2.2303    0      0
     4   6   7    SD  3.3900e+22     94.81    0.3062  1.0052e+22  5.8394e+21  1.7214e+00    0.0840    121.35    1.5627      2.2507    0      0
     4   6   7    SD  3.3900e+22     99.34    0.3208  1.0052e+22  5.4970e+21  1.8287e+00    0.1007    127.20    1.5619      2.2314    0      0
     4   6   7    SD  3.3900e+22    104.05    0.3360  1.0052e+22  5.3239e+21  1.8881e+00    0.1101    129.99    1.6010      2.3238    0      0
     4   6   7    SD  3.3900e+22    114.68    0.3704  1.0052e+22  4.6825e+21  2.1467e+00    0.1496    140.69    1.6302      2.3647    0      0
     4   6   7    SD  3.3900e+22    127.12    0.4105  1.0052e+22  4.0913e+21  2.4569e+00    0.1944    150.47    1.6897      2.4735    0      0
     4   6   7    SD  3.3900e+22    130.91    0.4228  1.0052e+22  3.9517e+21  2.5437e+00    0.2064    152.72    1.7143      2.5333    1      0
     4   6   7    SD  3.3900e+22    141.95    0.4584  1.0052e+22  3.4293e+21  2.9312e+00    0.2561    161.39    1.7592      2.6069    1      0
     4   6   7    SD  3.3900e+22    157.39    0.5083  1.0052e+22  2.8388e+21  3.5409e+00    0.3239    171.34    1.8372      2.7622    1      0
     4   6   7    SD  3.3900e+22    159.80    0.5161  1.0052e+22  2.7320e+21  3.6793e+00    0.3376    173.14    1.8460      2.7772    1      0
     4   6   7    SD  3.3900e+22    180.92    0.5843  1.0052e+22  2.0570e+21  4.8867e+00    0.4379    184.45    1.9617      2.9914    1      0
     4   6   7    SD  3.3900e+22    181.91    0.5875  1.0052e+22  2.0570e+21  4.8867e+00    0.4380    184.45    1.9725      3.0201    1      0
     4   6   7    SD  3.3900e+22    203.69    0.6578  1.0052e+22  1.5109e+21  6.6530e+00    0.5402    194.08    2.0990      3.2733    1      0
     4   6   7    SD  3.3900e+22    210.83    0.6809  1.0052e+22  1.3140e+21  7.6502e+00    0.5830    197.62    2.1337      3.3385    1      0
     4   6   7    SD  3.3900e+22    225.41    0.7280  1.0052e+22  1.0161e+21  9.8929e+00    0.6551    202.73    2.2237      3.5061    1      0
     4   6   7    SD  3.3900e+22    245.79    0.7938  1.0052e+22  7.0300e+20  1.4299e+01    0.7430    208.14    2.3617      3.7987    1      0
     4   6   7    SD  3.3900e+22    249.16    0.8047  1.0052e+22  6.1783e+20  1.6270e+01    0.7693    209.62    2.3773      3.8098    1      0
     4   6   7    SD  3.3900e+22    265.63    0.8579  1.0052e+22  3.9345e+20  2.5549e+01    0.8449    213.66    2.4864      4.0359    1      0
     4   6   7    SD  3.3900e+22    286.79    0.9262  1.0052e+22  6.9772e+19  1.4407e+02    0.9703    219.60    2.6120      4.2337    1      0
     4   6   7    SD  3.3900e+22    302.92    0.9783  1.0052e+22  3.0127e+17  3.3366e+04    0.9999    220.88    2.7429      4.6090    1      0
     4   6   7    SD  3.3900e+22    309.64    1.0000  1.0052e+22  0.0000e+00         nan    1.0000    220.89    2.8037      4.8191    1      0
     4   6   7   070  3.3900e+22    301.34    1.0000 -9.8058e-01         nan         nan       nan       nan       nan         nan    0      1
     4   6   7   100  3.3900e+22    303.10    1.0000 -1.4715e+00         nan         nan       nan       nan       nan         nan    0      1
     4   6   7   160  3.3900e+22    103.11    0.3330  2.5077e-02  7.9471e-02  3.1555e-01    0.0133       nan       nan         nan    0      0
     4   6   7   160  3.3900e+22    117.13    0.3783  2.5077e-02  6.7615e-02  3.7088e-01    0.0530       nan       nan         nan    0      0
     4   6   7   160  3.3900e+22    118.70    0.3833  2.5077e-02  6.7615e-02  3.7088e-01    0.0533       nan       nan         nan    0      0
     4   6   7   160  3.3900e+22    120.75    0.3900  2.5077e-02  6.5232e-02  3.8443e-01    0.0634       nan       nan         nan    0      0
     4   6   7   160  3.3900e+22    123.53    0.3989  2.5077e-02  6.3106e-02  3.9738e-01    0.0732       nan       nan         nan    0      0
     4   6   7   160  3.3900e+22    127.40    0.4114  2.5077e-02  6.1218e-02  4.0964e-01    0.0826       nan       nan         nan    0      0
     4   6   7   160  3.3900e+22    133.23    0.4303  2.5077e-02  5.7999e-02  4.3237e-01    0.1000       nan       nan         nan    0      0
     4   6   7   160  3.3900e+22    142.44    0.4600  2.5077e-02  5.4457e-02  4.6049e-01    0.1218       nan       nan         nan    0      0
     4   6   7   160  3.3900e+22    154.53    0.4991  2.5077e-02  4.9805e-02  5.0351e-01    0.1561       nan       nan         nan    0      0
     4   6   7   160  3.3900e+22    164.56    0.5314  2.5077e-02  4.5177e-02  5.5509e-01    0.1958       nan       nan         nan    0      0
     4   6   7   160  3.3900e+22    175.83    0.5679  2.5077e-02  3.8868e-02  6.4519e-01    0.2580       nan       nan         nan    1      0
     4   6   7   160  3.3900e+22    190.23    0.6144  2.5077e-02  3.1989e-02  7.8394e-01    0.3377       nan       nan         nan    1      0
     4   6   7   160  3.3900e+22    234.55    0.7575  2.5077e-02  1.6258e-02  1.5425e+00    0.5892     14.53   32.2862      0.2887    1      0
     4   6   7   160  3.3900e+22    265.88    0.8587  2.5077e-02  8.5388e-03  2.9369e+00    0.7605    470.94    1.1292      0.5395    1      0
     4   6   7   160  3.3900e+22    309.64    1.0000  2.5077e-02  0.0000e+00         nan    1.0000    502.74    1.2318      0.8426    1      0
     4   6   7   250  3.3900e+22     15.87    0.0500  9.1370e+00  8.9671e+00  1.0189e+00    0.0001     24.55    1.2932      1.6717    0      0
     4   6   7   250  3.3900e+22     27.52    0.0867  9.1370e+00  8.6917e+00  1.0512e+00    0.0010     41.72    1.3189      1.7295    0      0
     4   6   7   250  3.3900e+22     32.15    0.1013  9.1370e+00  8.6101e+00  1.0612e+00    0.0014     45.78    1.4048      1.9197    0      0
     4   6   7   250  3.3900e+22     66.71    0.2101  9.1370e+00  7.1390e+00  1.2799e+00    0.0228     93.84    1.4217      1.9885    0      0
     4   6   7   250  3.3900e+22     69.91    0.2202  9.1370e+00  6.9900e+00  1.3072e+00    0.0265     97.47    1.4344      1.9946    0      0
     4   6   7   250  3.3900e+22     71.97    0.2267  9.1370e+00  6.9900e+00  1.3072e+00    0.0266     97.47    1.4766      2.0906    0      0
     4   6   7   250  3.3900e+22     77.64    0.2446  9.1370e+00  6.6638e+00  1.3711e+00    0.0359    104.93    1.4799      2.0872    0      0
     4   6   7   250  3.3900e+22     83.95    0.2644  9.1370e+00  6.3438e+00  1.4403e+00    0.0465    112.36    1.4942      2.1269    0      0
     4   6   7   250  3.3900e+22     91.07    0.2869  9.1370e+00  5.8570e+00  1.5600e+00    0.0657    123.58    1.4739      2.0831    0      0
     4   6   7   250  3.3900e+22     99.24    0.3126  9.1370e+00  5.3903e+00  1.6951e+00    0.0881    133.03    1.4920      2.1128    0      0
     4   6   7   250  3.3900e+22    108.48    0.3417  9.1370e+00  4.9207e+00  1.8569e+00    0.1151    142.44    1.5233      2.1827    0      0
     4   6   7   250  3.3900e+22    118.96    0.3747  9.1370e+00  4.4728e+00  2.0428e+00    0.1455    150.86    1.5771      2.2926    0      0
     4   6   7   250  3.3900e+22    131.41    0.4139  9.1370e+00  3.9222e+00  2.3296e+00    0.1897    161.04    1.6319      2.3893    0      0
     4   6   7   250  3.3900e+22    146.48    0.4614  9.1370e+00  3.3104e+00  2.7601e+00    0.2498    172.45    1.6988      2.5226    1      0
     4   6   7   250  3.3900e+22    149.62    0.4713  9.1370e+00  3.1962e+00  2.8587e+00    0.2625    174.56    1.7143      2.5572    1      0
     4   6   7   250  3.3900e+22    164.65    0.5186  9.1370e+00  2.6646e+00  3.4290e+00    0.3291    184.37    1.7860      2.6889    1      0
     4   6   7   250  3.3900e+22    178.89    0.5635  9.1370e+00  2.1926e+00  4.1673e+00    0.4000    193.54    1.8486      2.8067    1      0
     4   6   7   250  3.3900e+22    186.81    0.5884  9.1370e+00  1.9443e+00  4.6993e+00    0.4426    198.41    1.8830      2.8672    1      0
     4   6   7   250  3.3900e+22    201.81    0.6357  9.1370e+00  1.5642e+00  5.8414e+00    0.5167    205.48    1.9643      3.0221    1      0
     4   6   7   250  3.3900e+22    215.24    0.6780  9.1370e+00  1.2987e+00  7.0354e+00    0.5759    210.45    2.0454      3.1853    1      0
     4   6   7   250  3.3900e+22    225.82    0.7113  9.1370e+00  1.0614e+00  8.6087e+00    0.6348    215.04    2.1002      3.2796    1      0
     4   6   7   250  3.3900e+22    247.27    0.7789  9.1370e+00  6.9455e-01  1.3155e+01    0.7400    222.20    2.2257      3.5262    1      0
     4   6   7   250  3.3900e+22    252.27    0.7947  9.1370e+00  6.0035e-01  1.5219e+01    0.7702    224.07    2.2518      3.5602    1      0
     4   6   7   250  3.3900e+22    269.84    0.8500  9.1370e+00  3.7556e-01  2.4329e+01    0.8485    228.55    2.3614      3.7977    1      0
     4   6   7   250  3.3900e+22    292.77    0.9222  9.1370e+00  3.0841e-02  2.9626e+02    0.9862    235.48    2.4866      3.9979    1      0
     4   6   7   250  3.3900e+22    308.62    0.9722  9.1370e+00  2.8588e-04  3.1961e+04    0.9999    236.10    2.6143      4.3933    1      0
     4   6   7   250  3.3900e+22    317.46    1.0000  9.1370e+00  1.9351e-06  4.7216e+06    1.0000    236.11    2.6891      4.6501    1      0
     4   6   7   350  3.3900e+22     16.44    0.0500  1.4776e+01  1.4495e+01  1.0194e+00    0.0001     25.04    1.3132      1.7148    0      0
     4   6   7   350  3.3900e+22     28.68    0.0872  1.4776e+01  1.4024e+01  1.0536e+00    0.0011     42.00    1.3656      1.8628    0      0
     4   6   7   350  3.3900e+22     46.39    0.1411  1.4776e+01  1.2998e+01  1.1368e+00    0.0063     65.81    1.4099      1.9310    0      0
     4   6   7   350  3.3900e+22     65.58    0.1995  1.4776e+01  1.1637e+01  1.2697e+00    0.0206     89.66    1.4629      2.0616    0      0
     4   6   7   350  3.3900e+22     70.80    0.2153  1.4776e+01  1.1145e+01  1.3258e+00    0.0281     97.00    1.4598      2.0668    0      0
     4   6   7   350  3.3900e+22     76.60    0.2330  1.4776e+01  1.0619e+01  1.3915e+00    0.0375    104.13    1.4713      2.0708    0      0
     4   6   7   350  3.3900e+22     83.00    0.2525  1.4776e+01  1.0106e+01  1.4621e+00    0.0483    111.16    1.4934      2.1213    0      0
     4   6   7   350  3.3900e+22     90.20    0.2743  1.4776e+01  9.3219e+00  1.5851e+00    0.0677    121.94    1.4794      2.0821    0      0
     4   6   7   350  3.3900e+22     98.34    0.2991  1.4776e+01  8.8273e+00  1.6739e+00    0.0824    128.12    1.5352      2.2229    0      0
     4   6   7   350  3.3900e+22    107.63    0.3274  1.4776e+01  8.0614e+00  1.8329e+00    0.1085    137.28    1.5680      2.2775    0      0
     4   6   7   350  3.3900e+22    116.63    0.3547  1.4776e+01  7.3407e+00  2.0129e+00    0.1375    146.00    1.5977      2.3262    0      0
     4   6   7   350  3.3900e+22    118.23    0.3596  1.4776e+01  7.1067e+00  2.0792e+00    0.1479    148.68    1.5903      2.3084    0      0
     4   6   7   350  3.3900e+22    130.71    0.3975  1.4776e+01  6.2291e+00  2.3721e+00    0.1923    158.73    1.6469      2.4177    0      0
     4   6   7   350  3.3900e+22    145.65    0.4430  1.4776e+01  5.2444e+00  2.8175e+00    0.2532    170.21    1.7114      2.5429    1      0
     4   6   7   350  3.3900e+22    145.87    0.4437  1.4776e+01  5.2444e+00  2.8175e+00    0.2532    170.21    1.7140      2.5456    1      0
     4   6   7   350  3.3900e+22    163.72    0.4980  1.4776e+01  4.2112e+00  3.5087e+00    0.3331    182.06    1.7985      2.7043    1      0
     4   6   7   350  3.3900e+22    172.68    0.5252  1.4776e+01  3.7516e+00  3.9386e+00    0.3751    187.40    1.8429      2.7876    1      0
     4   6   7   350  3.3900e+22    185.99    0.5657  1.4776e+01  3.1926e+00  4.6282e+00    0.4327    194.17    1.9157      2.9399    1      0
     4   6   7   350  3.3900e+22    197.17    0.5997  1.4776e+01  2.6910e+00  5.4910e+00    0.4914    200.16    1.9701      3.0312    1      0
     4   6   7   350  3.3900e+22    214.41    0.6521  1.4776e+01  2.0421e+00  7.2356e+00    0.5797    207.67    2.0649      3.2102    1      0
     4   6   7   350  3.3900e+22    220.27    0.6700  1.4776e+01  1.8474e+00  7.9984e+00    0.6093    209.94    2.0984      3.2744    1      0
     4   6   7   350  3.3900e+22    241.82    0.7355  1.4776e+01  1.2408e+00  1.1909e+01    0.7135    217.30    2.2257      3.5249    1      0
     4   6   7   350  3.3900e+22    251.66    0.7654  1.4776e+01  1.0123e+00  1.4597e+01    0.7580    220.10    2.2867      3.6556    1      0
     4   6   7   350  3.3900e+22    264.26    0.8037  1.4776e+01  6.5086e-01  2.2702e+01    0.8352    224.59    2.3532      3.7535    1      0
     4   6   7   350  3.3900e+22    286.22    0.8706  1.4776e+01  1.7210e-01  8.5855e+01    0.9523    230.62    2.4822      3.9935    1      0
     4   6   7   350  3.3900e+22    304.16    0.9251  1.4776e+01  9.4438e-03  1.5646e+03    0.9971    232.68    2.6144      4.3551    1      0
     4   6   7   350  3.3900e+22    319.27    0.9711  1.4776e+01  1.4192e-04  1.0411e+05    1.0000    232.80    2.7429      4.7895    1      0
     4   6   7   350  3.3900e+22    328.78    1.0000  1.4776e+01  6.5443e-07  2.2578e+07    1.0000    232.80    2.8246      5.0763    1      0
     4   6   7   500  3.3900e+22     65.27    0.1891  1.2294e+01  9.6416e+00  1.2750e+00    0.0210     89.54    1.4579      2.0538    0      0
     4   6   7   500  3.3900e+22     66.14    0.1917  1.2294e+01  9.4345e+00  1.3030e+00    0.0245     93.27    1.4181      1.9647    0      0
     4   6   7   500  3.3900e+22     70.56    0.2045  1.2294e+01  9.2326e+00  1.3315e+00    0.0284     96.79    1.4580      2.0557    0      0
     4   6   7   500  3.3900e+22     76.41    0.2214  1.2294e+01  8.7982e+00  1.3973e+00    0.0378    103.74    1.4731      2.0587    0      0
     4   6   7   500  3.3900e+22     82.92    0.2403  1.2294e+01  8.3759e+00  1.4677e+00    0.0485    110.58    1.4996      2.1212    0      0
     4   6   7   500  3.3900e+22     90.14    0.2612  1.2294e+01  7.7286e+00  1.5907e+00    0.0677    121.19    1.4876      2.0963    0      0
     4   6   7   500  3.3900e+22     98.33    0.2850  1.2294e+01  7.3190e+00  1.6797e+00    0.0824    127.36    1.5442      2.2376    0      0
     4   6   7   500  3.3900e+22    107.66    0.3120  1.2294e+01  6.6857e+00  1.8388e+00    0.1084    136.40    1.5785      2.2923    0      0
     4   6   7   500  3.3900e+22    111.63    0.3235  1.2294e+01  6.2871e+00  1.9554e+00    0.1271    142.28    1.5691      2.2581    0      0
     4   6   7   500  3.3900e+22    118.34    0.3429  1.2294e+01  5.8992e+00  2.0839e+00    0.1475    147.78    1.6015      2.3275    0      0
     4   6   7   500  3.3900e+22    130.86    0.3792  1.2294e+01  5.1730e+00  2.3765e+00    0.1917    157.85    1.6580      2.4356    0      0
     4   6   7   500  3.3900e+22    143.36    0.4155  1.2294e+01  4.5108e+00  2.7254e+00    0.2400    167.26    1.7143      2.5462    1      0
     4   6   7   500  3.3900e+22    145.75    0.4224  1.2294e+01  4.3510e+00  2.8254e+00    0.2529    169.50    1.7197      2.5539    1      0
     4   6   7   500  3.3900e+22    163.73    0.4745  1.2294e+01  3.4895e+00  3.5230e+00    0.3331    181.48    1.8044      2.7130    1      0
     4   6   7   500  3.3900e+22    172.13    0.4988  1.2294e+01  3.1080e+00  3.9555e+00    0.3750    186.81    1.8429      2.7795    1      0
     4   6   7   500  3.3900e+22    186.00    0.5390  1.2294e+01  2.5387e+00  4.8425e+00    0.4465    195.14    1.9064      2.8890    1      0
     4   6   7   500  3.3900e+22    198.11    0.5741  1.2294e+01  2.1300e+00  5.7716e+00    0.5060    200.98    1.9714      3.0167    1      0
     4   6   7   500  3.3900e+22    214.43    0.6214  1.2294e+01  1.6875e+00  7.2849e+00    0.5798    207.18    2.0700      3.2202    1      0
     4   6   7   500  3.3900e+22    220.23    0.6382  1.2294e+01  1.5259e+00  8.0568e+00    0.6094    209.45    2.1029      3.2829    1      0
     4   6   7   500  3.3900e+22    242.17    0.7018  1.2294e+01  1.0231e+00  1.2016e+01    0.7134    216.82    2.2339      3.5475    1      0
     4   6   7   500  3.3900e+22    251.63    0.7292  1.2294e+01  8.3207e-01  1.4775e+01    0.7582    219.66    2.2911      3.6643    1      0
     4   6   7   500  3.3900e+22    263.82    0.7645  1.2294e+01  5.8991e-01  2.0840e+01    0.8198    223.29    2.3630      3.8014    1      0
     4   6   7   500  3.3900e+22    285.32    0.8268  1.2294e+01  1.7748e-01  6.9267e+01    0.9394    229.59    2.4855      4.0188    1      0
     4   6   7   500  3.3900e+22    302.82    0.8776  1.2294e+01  4.3408e-02  2.8321e+02    0.9840    231.65    2.6145      4.3657    1      0
     4   6   7   500  3.3900e+22    318.51    0.9230  1.2294e+01  3.1865e-03  3.8580e+03    0.9987    232.27    2.7427      4.7798    1      0
     4   6   7   500  3.3900e+22    333.53    0.9666  1.2294e+01  1.5080e-04  8.1524e+04    0.9999    232.31    2.8714      5.2366    1      0
     4   6   7   500  3.3900e+22    345.07    1.0000  1.2294e+01  4.8891e-06  2.5145e+06    1.0000    232.31    2.9707      5.5324    1      0
     4   6   8    SD  3.3900e+22     27.00    0.0631  6.7808e+21  6.5875e+21  1.0293e+00    0.0004     45.07    1.1982      1.4813    0      0
     4   6   8    SD  3.3900e+22     41.94    0.0980  6.7808e+21  6.3923e+21  1.0608e+00    0.0015     60.14    1.3946      1.8732    0      0
     4   6   8    SD  3.3900e+22     84.62    0.1977  6.7808e+21  5.2699e+21  1.2867e+00    0.0221    118.05    1.4337      1.9897    0      0
     4   6   8    SD  3.3900e+22     89.23    0.2085  6.7808e+21  5.1815e+21  1.3087e+00    0.0249    121.79    1.4653      2.0756    0      0
     4   6   8    SD  3.3900e+22     91.57    0.2139  6.7808e+21  5.0918e+21  1.3317e+00    0.0280    125.44    1.4599      2.0578    0      0
     4   6   8    SD  3.3900e+22     99.35    0.2321  6.7808e+21  4.8261e+21  1.4050e+00    0.0382    135.51    1.4663      2.0475    0      0
     4   6   8    SD  3.3900e+22    107.94    0.2522  6.7808e+21  4.6427e+21  1.4605e+00    0.0465    142.57    1.5142      2.1644    0      0
     4   6   8    SD  3.3900e+22    117.59    0.2747  6.7808e+21  4.2832e+21  1.5831e+00    0.0654    155.43    1.5132      2.1417    0      0
     4   6   8    SD  3.3900e+22    128.37    0.2999  6.7808e+21  4.0172e+21  1.6879e+00    0.0822    164.95    1.5565      2.2468    0      0
     4   6   8    SD  3.3900e+22    140.68    0.3287  6.7808e+21  3.6741e+21  1.8456e+00    0.1076    176.88    1.5907      2.3175    0      0
     4   6   8    SD  3.3900e+22    144.73    0.3382  6.7808e+21  3.5061e+21  1.9340e+00    0.1217    182.54    1.5857      2.2848    0      0
     4   6   8    SD  3.3900e+22    154.80    0.3617  6.7808e+21  3.2563e+21  2.0824e+00    0.1451    191.04    1.6206      2.3579    0      0
     4   6   8    SD  3.3900e+22    171.21    0.4000  6.7808e+21  2.7996e+21  2.4221e+00    0.1955    206.32    1.6596      2.4215    0      0
     4   6   8    SD  3.3900e+22    186.32    0.4353  6.7808e+21  2.4524e+21  2.7649e+00    0.2419    217.72    1.7116      2.5182    1      0
     4   6   8    SD  3.3900e+22    190.47    0.4450  6.7808e+21  2.3827e+21  2.8459e+00    0.2523    220.02    1.7314      2.5625    1      0
     4   6   8    SD  3.3900e+22    213.74    0.4994  6.7808e+21  1.8941e+21  3.5801e+00    0.3347    236.38    1.8084      2.7080    1      0
     4   6   8    SD  3.3900e+22    221.02    0.5164  6.7808e+21  1.7917e+21  3.7845e+00    0.3547    239.80    1.8434      2.7869    1      0
     4   6   8    SD  3.3900e+22    243.25    0.5683  6.7808e+21  1.3944e+21  4.8629e+00    0.4425    253.18    1.9215      2.9251    1      0
     4   6   8    SD  3.3900e+22    256.06    0.5983  6.7808e+21  1.2069e+21  5.6183e+00    0.4908    259.63    1.9725      3.0196    1      0
     4   6   8    SD  3.3900e+22    279.75    0.6536  6.7808e+21  9.0299e+20  7.5093e+00    0.5810    270.27    2.0702      3.2137    1      0
     4   6   8    SD  3.3900e+22    285.28    0.6665  6.7808e+21  8.4126e+20  8.0604e+00    0.6013    272.42    2.0944      3.2626    1      0
     4   6   8    SD  3.3900e+22    314.13    0.7340  6.7808e+21  5.7383e+20  1.1817e+01    0.6999    281.77    2.2297      3.5515    1      0
     4   6   8    SD  3.3900e+22    331.82    0.7753  6.7808e+21  4.2927e+20  1.5796e+01    0.7617    286.91    2.3130      3.7254    1      0
     4   6   8    SD  3.3900e+22    340.91    0.7965  6.7808e+21  3.5960e+20  1.8856e+01    0.7939    289.40    2.3560      3.8149    1      0
     4   6   8    SD  3.3900e+22    367.24    0.8580  6.7808e+21  1.9411e+20  3.4933e+01    0.8792    295.35    2.4868      4.1008    1      0
     4   6   8    SD  3.3900e+22    390.39    0.9121  6.7808e+21  9.6681e+19  7.0136e+01    0.9366    298.87    2.6124      4.4123    1      0
     4   6   8    SD  3.3900e+22    414.58    0.9686  6.7808e+21  9.0594e+17  7.4849e+03    0.9994    302.33    2.7425      4.7315    1      0
     4   6   8    SD  3.3900e+22    428.01    1.0000  6.7808e+21  3.9934e+14  1.6980e+07    1.0000    302.37    2.8310      5.0364    1      0
     4   6   8   070  3.3900e+22    420.31    1.0000 -6.6795e-01         nan         nan       nan       nan       nan         nan    0      1
     4   6   8   100  3.3900e+22    421.76    1.0000 -1.0000e+00         nan         nan       nan       nan       nan         nan    0      1
     4   6   8   160  3.3900e+22     21.40    0.0500  9.3588e-02  7.1070e-02  1.3169e+00    0.0007     17.15    2.4951      3.0571    0      0
     4   6   8   160  3.3900e+22     22.42    0.0524  9.3588e-02  7.1070e-02  1.3169e+00    0.0007     17.15    2.6142      3.0571    0      0
     4   6   8   160  3.3900e+22     23.52    0.0550  9.3588e-02  7.1070e-02  1.3169e+00    0.0007     17.15    2.7428      3.0571    0      0
     4   6   8   160  3.3900e+22     23.89    0.0558  9.3588e-02  7.1070e-02  1.3169e+00    0.0007     17.15    2.7860      3.0571    0      0
     4   6   8   160  3.3900e+22     24.55    0.0574  9.3588e-02  7.2441e-02  1.2919e+00    0.0006     16.37    3.0000      2.4334    0      0
     4   6   8   160  3.3900e+22    113.96    0.2663  9.3588e-02  7.6829e-02  1.2181e+00    0.0209     13.85   16.4529      3.0212    0      0
     4   6   8   160  3.3900e+22    116.61    0.2725  9.3588e-02  7.5138e-02  1.2456e+00    0.0276     14.82   15.7348      2.7282    0      0
     4   6   8   160  3.3900e+22    119.57    0.2794  9.3588e-02  7.3337e-02  1.2761e+00    0.0353     15.85   15.0831      2.5454    0      0
     4   6   8   160  3.3900e+22    123.34    0.2882  9.3588e-02  6.9937e-02  1.3382e+00    0.0515     17.80   13.8561      2.2750    0      0
     4   6   8   160  3.3900e+22    129.02    0.3014  9.3588e-02  6.7657e-02  1.3833e+00    0.0638     19.01   13.5738      2.1908    0      0
     4   6   8   160  3.3900e+22    137.67    0.3217  9.3588e-02  6.6164e-02  1.4145e+00    0.0727     19.79   13.9140      2.3171    0      0
     4   6   8   160  3.3900e+22    140.29    0.3278  9.3588e-02  6.5183e-02  1.4358e+00    0.0789     20.30   13.8214      2.2998    0      0
     4   6   8   160  3.3900e+22    147.37    0.3443  9.3588e-02  5.9791e-02  1.5652e+00    0.1161     23.11   12.7514      2.0560    0      0
     4   6   8   160  3.3900e+22    153.33    0.3582  9.3588e-02  5.5005e-02  1.7014e+00    0.1525     26.29   11.6650      1.9371    0      0
     4   6   8   160  3.3900e+22    154.50    0.3610  9.3588e-02  5.5005e-02  1.7014e+00    0.1527     26.29   11.7535      1.9612    0      0
     4   6   8   160  3.3900e+22    160.45    0.3749  9.3588e-02  5.0629e-02  1.8485e+00    0.1887     29.53   10.8658      1.9054    0      0
     4   6   8   160  3.3900e+22    169.47    0.3960  9.3588e-02  4.4127e-02  2.1209e+00    0.2473    256.95    1.3191      1.8666    1      0
     4   6   8   160  3.3900e+22    176.70    0.4129  9.3588e-02  4.0324e-02  2.3209e+00    0.2847    269.63    1.3107      1.8974    1      0
     4   6   8   160  3.3900e+22    182.01    0.4253  9.3588e-02  3.7137e-02  2.5201e+00    0.3182    280.90    1.2959      1.9069    1      0
     4   6   8   160  3.3900e+22    190.21    0.4444  9.3588e-02  3.2642e-02  2.8671e+00    0.3695    290.25    1.3106      1.9395    1      0
     4   6   8   160  3.3900e+22    194.80    0.4551  9.3588e-02  3.1361e-02  2.9842e+00    0.3851    292.35    1.3327      1.9888    1      0
     4   6   8   160  3.3900e+22    201.85    0.4716  9.3588e-02  2.8456e-02  3.2888e+00    0.4226    296.61    1.3610      2.0435    1      0
     4   6   8   160  3.3900e+22    209.78    0.4901  9.3588e-02  2.6540e-02  3.5263e+00    0.4494    299.25    1.4021      2.1315    1      0
     4   6   8   160  3.3900e+22    227.62    0.5318  9.3588e-02  2.0129e-02  4.6494e+00    0.5498    307.42    1.4808      2.2467    1      0
     4   6   8   160  3.3900e+22    253.92    0.5933  9.3588e-02  1.0564e-02  8.8595e+00    0.7309    319.89    1.5876      2.3791    1      0
     4   6   8   160  3.3900e+22    296.01    0.6916  9.3588e-02  2.2199e-03  4.2160e+01    0.9335    331.60    1.7853      2.7849    1      0
     4   6   8   160  3.3900e+22    301.64    0.7048  9.3588e-02  1.1884e-03  7.8750e+01    0.9637    333.03    1.8115      2.8331    1      0
     4   6   8   160  3.3900e+22    326.26    0.7623  9.3588e-02 -1.3341e-03         nan    1.0442    336.51    1.9391      3.1418    1      0
     4   6   8   250  3.3900e+22     21.78    0.0500  6.5697e+00  6.4041e+00  1.0259e+00    0.0002     28.26    1.5412      2.0806    0      0
     4   6   8   250  3.3900e+22     21.78    0.0500  6.5697e+00  6.4041e+00  1.0259e+00    0.0002     28.26    1.5412      2.0806    0      0
     4   6   8   250  3.3900e+22     21.78    0.0500  6.5697e+00  6.4041e+00  1.0259e+00    0.0002     28.26    1.5412      2.0806    0      0
     4   6   8   250  3.3900e+22     84.95    0.1950  6.5697e+00  5.2164e+00  1.2594e+00    0.0191    117.67    1.4439      2.0612    0      0
     4   6   8   250  3.3900e+22     88.15    0.2024  6.5697e+00  5.1384e+00  1.2785e+00    0.0216    121.50    1.4511      2.0692    0      0
     4   6   8   250  3.3900e+22     95.34    0.2189  6.5697e+00  4.9801e+00  1.3192e+00    0.0271    128.59    1.4828      2.1305    0      0
     4   6   8   250  3.3900e+22    103.16    0.2369  6.5697e+00  4.7284e+00  1.3894e+00    0.0374    139.28    1.4814      2.1088    0      0
     4   6   8   250  3.3900e+22    111.63    0.2563  6.5697e+00  4.4701e+00  1.4697e+00    0.0498    149.84    1.4900      2.1157    0      0
     4   6   8   250  3.3900e+22    121.09    0.2780  6.5697e+00  4.2091e+00  1.5608e+00    0.0646    160.15    1.5123      2.1623    0      0
     4   6   8   250  3.3900e+22    131.94    0.3029  6.5697e+00  3.9574e+00  1.6601e+00    0.0811    170.25    1.5499      2.2527    0      0
     4   6   8   250  3.3900e+22    144.43    0.3316  6.5697e+00  3.5492e+00  1.8510e+00    0.1130    185.93    1.5536      2.2438    0      0
     4   6   8   250  3.3900e+22    158.10    0.3630  6.5697e+00  3.2196e+00  2.0405e+00    0.1442    198.43    1.5935      2.3351    0      0
     4   6   8   250  3.3900e+22    174.02    0.3995  6.5697e+00  2.7634e+00  2.3774e+00    0.1959    214.32    1.6239      2.3637    0      0
     4   6   8   250  3.3900e+22    193.24    0.4437  6.5697e+00  2.3529e+00  2.7922e+00    0.2531    228.60    1.6906      2.5059    1      0
     4   6   8   250  3.3900e+22    200.07    0.4593  6.5697e+00  2.2295e+00  2.9467e+00    0.2726    232.84    1.7185      2.5621    1      0
     4   6   8   250  3.3900e+22    217.05    0.4983  6.5697e+00  1.8831e+00  3.4888e+00    0.3339    244.80    1.7733      2.6604    1      0
     4   6   8   250  3.3900e+22    235.95    0.5417  6.5697e+00  1.5675e+00  4.1912e+00    0.3999    255.96    1.8436      2.8021    1      0
     4   6   8   250  3.3900e+22    245.93    0.5646  6.5697e+00  1.4263e+00  4.6060e+00    0.4331    261.05    1.8842      2.8845    1      0
     4   6   8   250  3.3900e+22    271.34    0.6230  6.5697e+00  1.0496e+00  6.2595e+00    0.5347    275.03    1.9732      3.0577    1      0
     4   6   8   250  3.3900e+22    282.43    0.6484  6.5697e+00  9.0061e-01  7.2948e+00    0.5813    280.54    2.0134      3.1293    1      0
     4   6   8   250  3.3900e+22    301.69    0.6927  6.5697e+00  7.1187e-01  9.2288e+00    0.6470    287.43    2.0992      3.3126    1      0
     4   6   8   250  3.3900e+22    331.07    0.7601  6.5697e+00  4.4402e-01  1.4796e+01    0.7557    297.06    2.2289      3.5729    1      0
     4   6   8   250  3.3900e+22    333.20    0.7650  6.5697e+00  4.1867e-01  1.5692e+01    0.7671    297.98    2.2364      3.5807    1      0
     4   6   8   250  3.3900e+22    357.37    0.8205  6.5697e+00  2.6240e-01  2.5037e+01    0.8431    303.66    2.3537      3.8454    1      0
     4   6   8   250  3.3900e+22    383.05    0.8795  6.5697e+00  1.3647e-01  4.8140e+01    0.9126    308.21    2.4856      4.1613    1      0
     4   6   8   250  3.3900e+22    408.30    0.9374  6.5697e+00  1.2753e-02  5.1515e+02    0.9911    312.67    2.6117      4.4367    1      0
     4   6   8   250  3.3900e+22    429.45    0.9860  6.5697e+00  1.3538e-05  4.8530e+05    1.0000    313.14    2.7428      4.8740    1      0
     4   6   8   250  3.3900e+22    435.56    1.0000  6.5697e+00  0.0000e+00         nan    1.0000    313.15    2.7818      5.0123    1      0
     4   6   8   350  3.3900e+22     22.33    0.0500  1.0442e+01  1.0229e+01  1.0208e+00    0.0001     31.66    1.4104      1.8822    0      0
     4   6   8   350  3.3900e+22     22.33    0.0500  1.0442e+01  1.0229e+01  1.0208e+00    0.0001     31.66    1.4104      1.8822    0      0
     4   6   8   350  3.3900e+22     22.33    0.0500  1.0442e+01  1.0229e+01  1.0208e+00    0.0001     31.66    1.4104      1.8822    0      0
     4   6   8   350  3.3900e+22     87.40    0.1957  1.0442e+01  8.1373e+00  1.2832e+00    0.0223    122.03    1.4324      2.0097    0      0
     4   6   8   350  3.3900e+22     94.49    0.2116  1.0442e+01  7.8790e+00  1.3253e+00    0.0280    129.10    1.4638      2.0808    0      0
     4   6   8   350  3.3900e+22    102.33    0.2292  1.0442e+01  7.4751e+00  1.3969e+00    0.0383    139.76    1.4644      2.0599    0      0
     4   6   8   350  3.3900e+22    110.88    0.2483  1.0442e+01  7.2009e+00  1.4501e+00    0.0465    146.85    1.5101      2.1684    0      0
     4   6   8   350  3.3900e+22    120.53    0.2699  1.0442e+01  6.6535e+00  1.5693e+00    0.0655    160.26    1.5042      2.1301    0      0
     4   6   8   350  3.3900e+22    131.35    0.2942  1.0442e+01  6.2516e+00  1.6702e+00    0.0822    170.10    1.5445      2.2258    0      0
     4   6   8   350  3.3900e+22    143.76    0.3220  1.0442e+01  5.7299e+00  1.8223e+00    0.1075    182.36    1.5767      2.2960    0      0
     4   6   8   350  3.3900e+22    155.15    0.3475  1.0442e+01  5.2095e+00  2.0044e+00    0.1372    194.51    1.5953      2.3307    0      0
     4   6   8   350  3.3900e+22    157.74    0.3533  1.0442e+01  5.0835e+00  2.0541e+00    0.1452    197.46    1.5977      2.3337    0      0
     4   6   8   350  3.3900e+22    173.91    0.3895  1.0442e+01  4.4844e+00  2.3285e+00    0.1874    210.53    1.6521      2.4336    0      0
     4   6   8   350  3.3900e+22    193.30    0.4329  1.0442e+01  3.7222e+00  2.8052e+00    0.2532    227.25    1.7012      2.5200    1      0
     4   6   8   350  3.3900e+22    197.55    0.4424  1.0442e+01  3.6218e+00  2.8830e+00    0.2631    229.45    1.7219      2.5685    1      0
     4   6   8   350  3.3900e+22    216.93    0.4858  1.0442e+01  2.9728e+00  3.5125e+00    0.3346    243.64    1.7808      2.6688    1      0
     4   6   8   350  3.3900e+22    233.33    0.5226  1.0442e+01  2.5553e+00  4.0864e+00    0.3890    252.92    1.8451      2.7963    1      0
     4   6   8   350  3.3900e+22    245.81    0.5505  1.0442e+01  2.2515e+00  4.6378e+00    0.4335    259.71    1.8930      2.8959    1      0
     4   6   8   350  3.3900e+22    266.53    0.5969  1.0442e+01  1.7805e+00  5.8646e+00    0.5121    270.49    1.9707      3.0502    1      0
     4   6   8   350  3.3900e+22    282.89    0.6335  1.0442e+01  1.4303e+00  7.3004e+00    0.5797    278.59    2.0309      3.1589    1      0
     4   6   8   350  3.3900e+22    298.88    0.6694  1.0442e+01  1.1752e+00  8.8853e+00    0.6351    284.43    2.1016      3.3081    1      0
     4   6   8   350  3.3900e+22    327.73    0.7340  1.0442e+01  7.4638e-01  1.3990e+01    0.7428    294.16    2.2283      3.5620    1      0
     4   6   8   350  3.3900e+22    333.76    0.7475  1.0442e+01  6.7064e-01  1.5570e+01    0.7642    295.91    2.2558      3.6180    1      0
     4   6   8   350  3.3900e+22    355.12    0.7953  1.0442e+01  4.4735e-01  2.3341e+01    0.8321    301.09    2.3589      3.8471    1      0
     4   6   8   350  3.3900e+22    380.57    0.8523  1.0442e+01  2.3628e-01  4.4191e+01    0.9048    306.03    2.4872      4.1477    1      0
     4   6   8   350  3.3900e+22    405.64    0.9085  1.0442e+01  4.5492e-02  2.2953e+02    0.9801    310.43    2.6134      4.4348    1      0
     4   6   8   350  3.3900e+22    427.12    0.9566  1.0442e+01  1.0180e-03  1.0257e+04    0.9995    311.45    2.7428      4.8408    1      0
     4   6   8   350  3.3900e+22    446.51    1.0000  1.0442e+01  1.2916e-06  8.0843e+06    1.0000    311.48    2.8671      5.2840    1      0
     4   6   8   500  3.3900e+22     27.84    0.0599  8.6400e+00  8.3861e+00  1.0303e+00    0.0003     42.16    1.3206      1.7790    0      0
     4   6   8   500  3.3900e+22     37.40    0.0805  8.6400e+00  8.2280e+00  1.0501e+00    0.0009     54.10    1.3826      1.8811    0      0
     4   6   8   500  3.3900e+22     87.16    0.1875  8.6400e+00  6.7223e+00  1.2853e+00    0.0224    122.01    1.4288      1.9802    0      0
     4   6   8   500  3.3900e+22     94.26    0.2027  8.6400e+00  6.5064e+00  1.3279e+00    0.0283    129.14    1.4597      2.0732    0      0
     4   6   8   500  3.3900e+22    102.10    0.2196  8.6400e+00  6.1713e+00  1.4000e+00    0.0386    139.83    1.4603      2.0473    0      0
     4   6   8   500  3.3900e+22    110.72    0.2382  8.6400e+00  5.9455e+00  1.4532e+00    0.0468    146.88    1.5077      2.1666    0      0
     4   6   8   500  3.3900e+22    120.46    0.2591  8.6400e+00  5.4955e+00  1.5722e+00    0.0657    160.15    1.5043      2.1291    0      0
     4   6   8   500  3.3900e+22    131.29    0.2824  8.6400e+00  5.1625e+00  1.6736e+00    0.0824    169.90    1.5456      2.2280    0      0
     4   6   8   500  3.3900e+22    143.65    0.3090  8.6400e+00  4.7291e+00  1.8270e+00    0.1077    182.07    1.5780      2.2950    0      0
     4   6   8   500  3.3900e+22    155.16    0.3338  8.6400e+00  4.3016e+00  2.0085e+00    0.1373    194.00    1.5996      2.3349    0      0
     4   6   8   500  3.3900e+22    157.78    0.3394  8.6400e+00  4.1986e+00  2.0578e+00    0.1451    196.91    1.6025      2.3386    0      0
     4   6   8   500  3.3900e+22    174.08    0.3745  8.6400e+00  3.6137e+00  2.3909e+00    0.1957    212.37    1.6394      2.3874    0      0
     4   6   8   500  3.3900e+22    193.05    0.4153  8.6400e+00  3.0789e+00  2.8062e+00    0.2525    226.63    1.7037      2.5162    1      0
     4   6   8   500  3.3900e+22    193.47    0.4162  8.6400e+00  3.0789e+00  2.8062e+00    0.2525    226.63    1.7074      2.5298    1      0
     4   6   8   500  3.3900e+22    216.99    0.4668  8.6400e+00  2.4558e+00  3.5182e+00    0.3343    243.20    1.7845      2.6726    1      0
     4   6   8   500  3.3900e+22    233.17    0.5016  8.6400e+00  2.1117e+00  4.0915e+00    0.3886    252.46    1.8472      2.8009    1      0
     4   6   8   500  3.3900e+22    245.98    0.5291  8.6400e+00  1.8603e+00  4.6443e+00    0.4330    259.23    1.8978      2.9024    1      0
     4   6   8   500  3.3900e+22    267.55    0.5755  8.6400e+00  1.4198e+00  6.0854e+00    0.5228    271.36    1.9719      3.0332    1      0
     4   6   8   500  3.3900e+22    283.14    0.6091  8.6400e+00  1.1835e+00  7.3003e+00    0.5786    277.93    2.0375      3.1735    1      0
     4   6   8   500  3.3900e+22    297.36    0.6396  8.6400e+00  9.7092e-01  8.8988e+00    0.6344    283.80    2.0956      3.2803    1      0
     4   6   8   500  3.3900e+22    326.25    0.7018  8.6400e+00  6.4977e-01  1.3297e+01    0.7311    292.62    2.2299      3.5684    1      0
     4   6   8   500  3.3900e+22    334.31    0.7191  8.6400e+00  5.5764e-01  1.5494e+01    0.7621    295.18    2.2651      3.6389    1      0
     4   6   8   500  3.3900e+22    353.60    0.7606  8.6400e+00  3.9465e-01  2.1893e+01    0.8216    299.76    2.3592      3.8475    1      0
     4   6   8   500  3.3900e+22    379.88    0.8172  8.6400e+00  1.9680e-01  4.3903e+01    0.9034    305.42    2.4877      4.1397    1      0
     4   6   8   500  3.3900e+22    404.31    0.8697  8.6400e+00  6.2866e-02  1.3744e+02    0.9667    309.19    2.6152      4.4503    1      0
     4   6   8   500  3.3900e+22    426.18    0.9167  8.6400e+00  5.3410e-03  1.6177e+03    0.9969    310.81    2.7423      4.8276    1      0
     4   6   8   500  3.3900e+22    446.44    0.9603  8.6400e+00  2.3957e-04  3.6064e+04    0.9999    310.96    2.8714      5.2838    1      0
     4   6   8   500  3.3900e+22    464.89    1.0000  8.6400e+00  2.6793e-06  3.2248e+06    1.0000    310.96    2.9900      5.7172    1      0
