! Date: 14/08/2026  Time: 14:20:16  Created by RADMC3D compiled on Aug 14 2026 12:46    
! Alexander Men’shchikov, DAp IRFU CEA Saclay, France                         
!
! RADIAL PROFILES OF SURFACE DENSITIES (cm^-2)
!
! Distance (pc): 2.60000000E+02  Mass-averaged Tdust (K): 1.85016861E+01
!
!   N   RADIUS(au)     RADIUS(pc)     RADIUS(as)      PROFILE        SLOPE          PROFILEBS      SLOPEBS
!
    1  1.9501689E+02  9.4545558E-04  7.5006498E-01  1.2580359E+21  1.6397600E-03  8.8326012E+20  2.3342205E-03
    2  9.7508447E+02  4.7272779E-03  3.7503249E+00  1.2613604E+21  1.6397600E-03  8.8658458E+20  2.3342205E-03
    3  1.7551520E+03  8.5091003E-03  6.7505848E+00  1.2601694E+21  1.6397600E-03  8.8539361E+20  2.3342205E-03
    4  2.5352196E+03  1.2290923E-02  9.7508447E+00  1.2581844E+21  1.6397600E-03  8.8340862E+20  2.3342205E-03
    5  3.3152872E+03  1.6072745E-02  1.2751105E+01  1.2554148E+21  1.6397600E-03  8.8063900E+20  2.3342205E-03
    6  4.0953548E+03  1.9854567E-02  1.5751364E+01  1.2518375E+21  4.2869667E-03  8.7706167E+20  6.1036227E-03
    7  4.8754223E+03  2.3636390E-02  1.8751624E+01  1.2474847E+21  8.2146929E-03  8.7270892E+20  1.1705157E-02
    8  5.6554899E+03  2.7418212E-02  2.1751884E+01  1.2423385E+21  1.3504346E-02  8.6756263E+20  1.9263135E-02
    9  6.4355575E+03  3.1200034E-02  2.4752144E+01  1.2364026E+21  1.9977523E-02  8.6162675E+20  2.8535352E-02
   10  7.2156251E+03  3.4981857E-02  2.7752404E+01  1.2297507E+21  2.7852466E-02  8.5497486E+20  3.9848849E-02
   11  7.9956926E+03  3.8763679E-02  3.0752664E+01  1.2222371E+21  3.7066610E-02  8.4746125E+20  5.3133978E-02
   12  8.7757602E+03  4.2545501E-02  3.3752924E+01  1.2139259E+21  4.7150979E-02  8.3915003E+20  6.7739561E-02
   13  9.5558278E+03  4.6327324E-02  3.6753184E+01  1.2048059E+21  5.9701522E-02  8.3003011E+20  8.5987305E-02
   14  1.0335895E+04  5.0109146E-02  3.9753444E+01  1.1948577E+21  7.3296794E-02  8.2008188E+20  1.0587127E-01
   15  1.1115963E+04  5.3890968E-02  4.2753704E+01  1.1840542E+21  8.8554536E-02  8.0927839E+20  1.2832095E-01
   16  1.1896031E+04  5.7672791E-02  4.5753963E+01  1.1727864E+21  1.0566121E-01  7.9801056E+20  1.5365805E-01
   17  1.2676098E+04  6.1454613E-02  4.8754223E+01  1.1605449E+21  1.2483314E-01  7.8576904E+20  1.8226132E-01
   18  1.3456166E+04  6.5236435E-02  5.1754483E+01  1.1473503E+21  1.4098371E-01  7.7257445E+20  2.0673262E-01
   19  1.4236233E+04  6.9018258E-02  5.4754743E+01  1.1331650E+21  1.6520663E-01  7.5838915E+20  2.4339620E-01
   20  1.5016301E+04  7.2800080E-02  5.7755003E+01  1.1188682E+21  1.9146971E-01  7.4409233E+20  2.8356891E-01
   21  1.5796368E+04  7.6581902E-02  6.0755263E+01  1.1032017E+21  2.2076226E-01  7.2842592E+20  3.2885146E-01
   22  1.6576436E+04  8.0363725E-02  6.3755523E+01  1.0863387E+21  2.3801185E-01  7.1156287E+20  3.5675617E-01
   23  1.7356504E+04  8.4145547E-02  6.6755783E+01  1.0696531E+21  2.7843465E-01  6.9487724E+20  4.2017432E-01
   24  1.8136571E+04  8.7927369E-02  6.9756043E+01  1.0511760E+21  3.1956250E-01  6.7640021E+20  4.8591570E-01
   25  1.8916639E+04  9.1709192E-02  7.2756303E+01  1.0322258E+21  3.3660218E-01  6.5744995E+20  5.1600567E-01
   26  1.9696706E+04  9.5491014E-02  7.5756563E+01  1.0121948E+21  3.9635006E-01  6.3741895E+20  6.1301989E-01
   27  2.0476774E+04  9.9272836E-02  7.8756822E+01  9.9025700E+20  4.3199976E-01  6.1548117E+20  6.7478705E-01
   28  2.1256841E+04  1.0305466E-01  8.1757082E+01  9.6905170E+20  4.8494492E-01  5.9427588E+20  7.6569815E-01
   29  2.2036909E+04  1.0683648E-01  8.4757342E+01  9.4487868E+20  5.6415782E-01  5.7010285E+20  9.0172319E-01
   30  2.2816977E+04  1.1061830E-01  8.7757602E+01  9.2121928E+20  5.7897746E-01  5.4644346E+20  9.3776472E-01
   31  2.3597044E+04  1.1440013E-01  9.0757862E+01  8.9435759E+20  7.0092875E-01  5.1958176E+20  1.1522456E+00
   32  2.4377112E+04  1.1818195E-01  9.3758122E+01  8.6782142E+20  7.2898145E-01  4.9304560E+20  1.2184730E+00
   33  2.5157179E+04  1.2196377E-01  9.6758382E+01  8.3748577E+20  8.8029166E-01  4.6270995E+20  1.4994569E+00
   34  2.5937247E+04  1.2574559E-01  9.9758642E+01  8.0729302E+20  9.2609992E-01  4.3251720E+20  1.6118507E+00
   35  2.6717314E+04  1.2952741E-01  1.0275890E+02  7.7207675E+20  1.1296250E+00  3.9730093E+20  2.0159984E+00
   36  2.7497382E+04  1.3330924E-01  1.0575916E+02  7.3657614E+20  1.2024070E+00  3.6180032E+20  2.2097427E+00
   37  2.8277450E+04  1.3709106E-01  1.0875942E+02  6.9445967E+20  1.5052324E+00  3.1968385E+20  2.8661136E+00
   38  2.9057517E+04  1.4087288E-01  1.1175968E+02  6.4852498E+20  1.6356165E+00  2.7374916E+20  3.2524291E+00
   39  2.9837585E+04  1.4465470E-01  1.1475994E+02  5.9241801E+20  2.1047698E+00  2.1764219E+20  4.4241285E+00
   40  3.0617652E+04  1.4843653E-01  1.1776020E+02  5.1458464E+20  2.5147783E+00  1.3980882E+20  5.7003200E+00
   41  3.1397720E+04  1.5221835E-01  1.2076046E+02  3.7478858E+20  3.4157239E+00  1.0000000E-99  5.7003200E+00
   42  3.2177787E+04  1.5600017E-01  1.2376072E+02  3.7477787E+20  3.4157239E+00  1.0000000E-99  1.0000000E-99
   43  3.2957855E+04  1.5978199E-01  1.2676098E+02  3.7476690E+20  1.2221444E-03  1.0000000E-99  1.0000000E-99
   44  3.3737923E+04  1.6356382E-01  1.2976124E+02  3.7475566E+20  1.2221444E-03  1.0000000E-99  1.0000000E-99
   45  3.4517990E+04  1.6734564E-01  1.3276150E+02  3.7474416E+20  1.2221444E-03  1.0000000E-99  1.0000000E-99
   46  3.5298058E+04  1.7112746E-01  1.3576176E+02  3.7473240E+20  1.2816507E-03  1.0000000E-99  1.0000000E-99
   47  3.6078125E+04  1.7490928E-01  1.3876202E+02  3.7472037E+20  1.3425770E-03  1.0000000E-99  1.0000000E-99
   48  3.6858193E+04  1.7869111E-01  1.4176228E+02  3.7470807E+20  1.4049237E-03  1.0000000E-99  1.0000000E-99
   49  3.7638260E+04  1.8247293E-01  1.4476254E+02  3.7469551E+20  1.4686914E-03  1.0000000E-99  1.0000000E-99
   50  3.8418328E+04  1.8625475E-01  1.4776280E+02  3.7468269E+20  1.5338805E-03  1.0000000E-99  1.0000000E-99
   51  3.9198396E+04  1.9003657E-01  1.5076306E+02  3.7466960E+20  1.6004918E-03  1.0000000E-99  1.0000000E-99
   52  3.9978463E+04  1.9381839E-01  1.5376332E+02  3.7465624E+20  1.6685257E-03  1.0000000E-99  1.0000000E-99
   53  4.0758531E+04  1.9760022E-01  1.5676358E+02  3.7464262E+20  1.7379827E-03  1.0000000E-99  1.0000000E-99
   54  4.1538598E+04  2.0138204E-01  1.5976384E+02  3.7462874E+20  1.8088636E-03  1.0000000E-99  1.0000000E-99
   55  4.2318666E+04  2.0516386E-01  1.6276410E+02  3.7461459E+20  1.8811689E-03  1.0000000E-99  1.0000000E-99
   56  4.3098733E+04  2.0894568E-01  1.6576436E+02  3.7460018E+20  1.9548992E-03  1.0000000E-99  1.0000000E-99
   57  4.3878801E+04  2.1272751E-01  1.6876462E+02  3.7458550E+20  2.0300551E-03  1.0000000E-99  1.0000000E-99
   58  4.4658869E+04  2.1650933E-01  1.7176488E+02  3.7457055E+20  2.1066373E-03  1.0000000E-99  1.0000000E-99
   59  4.5438936E+04  2.2029115E-01  1.7476514E+02  3.7455534E+20  2.1846464E-03  1.0000000E-99  1.0000000E-99
   60  4.6219004E+04  2.2407297E-01  1.7776540E+02  3.7453987E+20  2.2640831E-03  1.0000000E-99  1.0000000E-99
   61  4.6999071E+04  2.2785480E-01  1.8076566E+02  3.7452413E+20  2.3449481E-03  1.0000000E-99  1.0000000E-99
   62  4.7779139E+04  2.3163662E-01  1.8376592E+02  3.7450812E+20  2.4272420E-03  1.0000000E-99  1.0000000E-99
   63  4.8559206E+04  2.3541844E-01  1.8676618E+02  3.7449185E+20  2.5109656E-03  1.0000000E-99  1.0000000E-99
   64  4.9339274E+04  2.3920026E-01  1.8976644E+02  3.7447532E+20  2.5961195E-03  1.0000000E-99  1.0000000E-99
   65  5.0119342E+04  2.4298208E-01  1.9276670E+02  3.7445852E+20  2.6827046E-03  1.0000000E-99  1.0000000E-99
   66  5.0899409E+04  2.4676391E-01  1.9576696E+02  3.7444145E+20  2.7707214E-03  1.0000000E-99  1.0000000E-99
   67  5.1679477E+04  2.5054573E-01  1.9876722E+02  3.7442412E+20  2.8601708E-03  1.0000000E-99  1.0000000E-99
   68  5.2459544E+04  2.5432755E-01  2.0176748E+02  3.7440652E+20  2.9510536E-03  1.0000000E-99  1.0000000E-99
   69  5.3239612E+04  2.5810937E-01  2.0476774E+02  3.7438866E+20  3.0433705E-03  1.0000000E-99  1.0000000E-99
   70  5.4019680E+04  2.6189120E-01  2.0776800E+02  3.7437053E+20  3.1371223E-03  1.0000000E-99  1.0000000E-99
   71  5.4799747E+04  2.6567302E-01  2.1076826E+02  3.7435214E+20  3.2323098E-03  1.0000000E-99  1.0000000E-99
   72  5.5579815E+04  2.6945484E-01  2.1376852E+02  3.7433348E+20  3.3289338E-03  1.0000000E-99  1.0000000E-99
   73  5.6359882E+04  2.7323666E-01  2.1676878E+02  3.7431455E+20  3.4269951E-03  1.0000000E-99  1.0000000E-99
   74  5.7139950E+04  2.7701849E-01  2.1976904E+02  3.7429536E+20  3.5264946E-03  1.0000000E-99  1.0000000E-99
   75  5.7920017E+04  2.8080031E-01  2.2276930E+02  3.7427591E+20  3.6274331E-03  1.0000000E-99  1.0000000E-99
   76  5.8700085E+04  2.8458213E-01  2.2576956E+02  3.7425618E+20  3.7298115E-03  1.0000000E-99  1.0000000E-99
   77  5.9480153E+04  2.8836395E-01  2.2876982E+02  3.7423620E+20  3.8336307E-03  1.0000000E-99  1.0000000E-99
   78  6.0260220E+04  2.9214578E-01  2.3177008E+02  3.7421594E+20  3.9388915E-03  1.0000000E-99  1.0000000E-99
   79  6.1040288E+04  2.9592760E-01  2.3477034E+02  3.7419542E+20  4.0455948E-03  1.0000000E-99  1.0000000E-99
   80  6.1820355E+04  2.9970942E-01  2.3777060E+02  3.7417464E+20  4.1537416E-03  1.0000000E-99  1.0000000E-99
   81  6.2600423E+04  3.0349124E-01  2.4077086E+02  3.7415359E+20  4.2633328E-03  1.0000000E-99  1.0000000E-99
   82  6.3380490E+04  3.0727306E-01  2.4377112E+02  3.7413227E+20  4.3743693E-03  1.0000000E-99  1.0000000E-99
   83  6.4160558E+04  3.1105489E-01  2.4677138E+02  3.7411069E+20  4.4868520E-03  1.0000000E-99  1.0000000E-99
   84  6.4940626E+04  3.1483671E-01  2.4977164E+02  3.7408884E+20  4.6007820E-03  1.0000000E-99  1.0000000E-99
   85  6.5720693E+04  3.1861853E-01  2.5277190E+02  3.7406672E+20  4.7161602E-03  1.0000000E-99  1.0000000E-99
   86  6.6500761E+04  3.2240035E-01  2.5577216E+02  3.7404434E+20  4.8329876E-03  1.0000000E-99  1.0000000E-99
   87  6.7280828E+04  3.2618218E-01  2.5877242E+02  3.7402169E+20  4.9512652E-03  1.0000000E-99  1.0000000E-99
   88  6.8060896E+04  3.2996400E-01  2.6177268E+02  3.7399878E+20  5.0709940E-03  1.0000000E-99  1.0000000E-99
   89  6.8840963E+04  3.3374582E-01  2.6477294E+02  3.7397560E+20  5.1921750E-03  1.0000000E-99  1.0000000E-99
   90  6.9621031E+04  3.3752764E-01  2.6777320E+02  3.7395215E+20  5.3148093E-03  1.0000000E-99  1.0000000E-99
   91  7.0401099E+04  3.4130947E-01  2.7077346E+02  3.7392843E+20  5.4388979E-03  1.0000000E-99  1.0000000E-99
   92  7.1181166E+04  3.4509129E-01  2.7377372E+02  3.7390445E+20  5.5644420E-03  1.0000000E-99  1.0000000E-99
   93  7.1961234E+04  3.4887311E-01  2.7677398E+02  3.7388021E+20  5.6914425E-03  1.0000000E-99  1.0000000E-99
   94  7.2741301E+04  3.5265493E-01  2.7977424E+02  3.7385570E+20  5.8199005E-03  1.0000000E-99  1.0000000E-99
   95  7.3521369E+04  3.5643675E-01  2.8277450E+02  3.7383092E+20  5.9498172E-03  1.0000000E-99  1.0000000E-99
   96  7.4301436E+04  3.6021858E-01  2.8577476E+02  3.7380587E+20  6.0811937E-03  1.0000000E-99  1.0000000E-99
   97  7.5081504E+04  3.6400040E-01  2.8877502E+02  3.7378056E+20  6.2140312E-03  1.0000000E-99  1.0000000E-99
   98  7.5861572E+04  3.6778222E-01  2.9177528E+02  3.7375498E+20  6.3483307E-03  1.0000000E-99  1.0000000E-99
   99  7.6641639E+04  3.7156404E-01  2.9477554E+02  3.7372913E+20  6.4840933E-03  1.0000000E-99  1.0000000E-99
  100  7.7421707E+04  3.7534587E-01  2.9777580E+02  3.7370302E+20  6.6213204E-03  1.0000000E-99  1.0000000E-99
  101  7.8201774E+04  3.7912769E-01  3.0077606E+02  3.7367664E+20  6.7600131E-03  1.0000000E-99  1.0000000E-99
  102  7.8981842E+04  3.8290951E-01  3.0377631E+02  3.7364999E+20  6.9001725E-03  1.0000000E-99  1.0000000E-99
  103  7.9761909E+04  3.8669133E-01  3.0677657E+02  3.7362307E+20  7.0417998E-03  1.0000000E-99  1.0000000E-99
  104  8.0541977E+04  3.9047316E-01  3.0977683E+02  3.7359589E+20  7.1848964E-03  1.0000000E-99  1.0000000E-99
  105  8.1322045E+04  3.9425498E-01  3.1277709E+02  3.7356844E+20  7.3294634E-03  1.0000000E-99  1.0000000E-99
  106  8.2102112E+04  3.9803680E-01  3.1577735E+02  3.7354073E+20  7.4755020E-03  1.0000000E-99  1.0000000E-99
  107  8.2882180E+04  4.0181862E-01  3.1877761E+02  3.7351274E+20  7.6230136E-03  1.0000000E-99  1.0000000E-99
  108  8.3662247E+04  4.0560045E-01  3.2177787E+02  3.7348449E+20  7.7719994E-03  1.0000000E-99  1.0000000E-99
  109  8.4442315E+04  4.0938227E-01  3.2477813E+02  3.7345597E+20  7.9224607E-03  1.0000000E-99  1.0000000E-99
  110  8.5222382E+04  4.1316409E-01  3.2777839E+02  3.7342719E+20  8.0743988E-03  1.0000000E-99  1.0000000E-99
  111  8.6002450E+04  4.1694591E-01  3.3077865E+02  3.7339813E+20  8.2278150E-03  1.0000000E-99  1.0000000E-99
  112  8.6782518E+04  4.2072773E-01  3.3377891E+02  3.7336881E+20  8.3827107E-03  1.0000000E-99  1.0000000E-99
  113  8.7562585E+04  4.2450956E-01  3.3677917E+02  3.7333922E+20  8.5390871E-03  1.0000000E-99  1.0000000E-99
  114  8.8342653E+04  4.2829138E-01  3.3977943E+02  3.7330937E+20  8.6969457E-03  1.0000000E-99  1.0000000E-99
  115  8.9122720E+04  4.3207320E-01  3.4277969E+02  3.7327924E+20  8.8562877E-03  1.0000000E-99  1.0000000E-99
  116  8.9902788E+04  4.3585502E-01  3.4577995E+02  3.7324885E+20  9.0171147E-03  1.0000000E-99  1.0000000E-99
  117  9.0682856E+04  4.3963685E-01  3.4878021E+02  3.7321819E+20  9.1794280E-03  1.0000000E-99  1.0000000E-99
  118  9.1462923E+04  4.4341867E-01  3.5178047E+02  3.7318726E+20  9.3432289E-03  1.0000000E-99  1.0000000E-99
  119  9.2242991E+04  4.4720049E-01  3.5478073E+02  3.7315606E+20  9.5085190E-03  1.0000000E-99  1.0000000E-99
  120  9.3023058E+04  4.5098231E-01  3.5778099E+02  3.7312460E+20  9.6752996E-03  1.0000000E-99  1.0000000E-99
  121  9.3803126E+04  4.5476414E-01  3.6078125E+02  3.7309287E+20  9.8435722E-03  1.0000000E-99  1.0000000E-99
  122  9.4583193E+04  4.5854596E-01  3.6378151E+02  3.7306087E+20  1.0013338E-02  1.0000000E-99  1.0000000E-99
  123  9.5363261E+04  4.6232778E-01  3.6678177E+02  3.7302860E+20  1.0184599E-02  1.0000000E-99  1.0000000E-99
  124  9.6143329E+04  4.6610960E-01  3.6978203E+02  3.7299606E+20  1.0357357E-02  1.0000000E-99  1.0000000E-99
  125  9.6923396E+04  4.6989142E-01  3.7278229E+02  3.7296325E+20  1.0531612E-02  1.0000000E-99  1.0000000E-99
  126  9.7703464E+04  4.7367325E-01  3.7578255E+02  3.7293018E+20  1.0707367E-02  1.0000000E-99  1.0000000E-99
  127  9.8483531E+04  4.7745507E-01  3.7878281E+02  3.7289684E+20  1.0884623E-02  1.0000000E-99  1.0000000E-99
  128  9.9263599E+04  4.8123689E-01  3.8178307E+02  3.7286322E+20  1.1063381E-02  1.0000000E-99  1.0000000E-99
  129  1.0004367E+05  4.8501871E-01  3.8478333E+02  3.7282934E+20  1.1243644E-02  1.0000000E-99  1.0000000E-99
  130  1.0082373E+05  4.8880054E-01  3.8778359E+02  3.7279519E+20  1.1425412E-02  1.0000000E-99  1.0000000E-99
  131  1.0160380E+05  4.9258236E-01  3.9078385E+02  3.7276077E+20  1.1608687E-02  1.0000000E-99  1.0000000E-99
  132  1.0238387E+05  4.9636418E-01  3.9378411E+02  3.7272609E+20  1.1793472E-02  1.0000000E-99  1.0000000E-99
  133  1.0316394E+05  5.0014600E-01  3.9678437E+02  3.7269113E+20  1.1979766E-02  1.0000000E-99  1.0000000E-99
  134  1.0394400E+05  5.0392783E-01  3.9978463E+02  3.7265590E+20  1.2167573E-02  1.0000000E-99  1.0000000E-99
  135  1.0472407E+05  5.0770965E-01  4.0278489E+02  3.7262041E+20  1.2356894E-02  1.0000000E-99  1.0000000E-99
  136  1.0550414E+05  5.1149147E-01  4.0578515E+02  3.7258464E+20  1.2547730E-02  1.0000000E-99  1.0000000E-99
  137  1.0628421E+05  5.1527329E-01  4.0878541E+02  3.7254861E+20  1.2740083E-02  1.0000000E-99  1.0000000E-99
  138  1.0706427E+05  5.1905512E-01  4.1178567E+02  3.7251231E+20  1.2933955E-02  1.0000000E-99  1.0000000E-99
  139  1.0784434E+05  5.2283694E-01  4.1478593E+02  3.7247573E+20  1.3129347E-02  1.0000000E-99  1.0000000E-99
  140  1.0862441E+05  5.2661876E-01  4.1778619E+02  3.7243889E+20  1.3326262E-02  1.0000000E-99  1.0000000E-99
  141  1.0940448E+05  5.3040058E-01  4.2078645E+02  3.7240178E+20  1.3524701E-02  1.0000000E-99  1.0000000E-99
  142  1.1018454E+05  5.3418240E-01  4.2378671E+02  3.7236440E+20  1.3724665E-02  1.0000000E-99  1.0000000E-99
  143  1.1096461E+05  5.3796423E-01  4.2678697E+02  3.7232675E+20  1.3926156E-02  1.0000000E-99  1.0000000E-99
  144  1.1174468E+05  5.4174605E-01  4.2978723E+02  3.7228883E+20  1.4129177E-02  1.0000000E-99  1.0000000E-99
  145  1.1252475E+05  5.4552787E-01  4.3278749E+02  3.7225063E+20  1.4333729E-02  1.0000000E-99  1.0000000E-99
  146  1.1330482E+05  5.4930969E-01  4.3578775E+02  3.7221217E+20  1.4539814E-02  1.0000000E-99  1.0000000E-99
  147  1.1408488E+05  5.5309152E-01  4.3878801E+02  3.7217344E+20  1.4747433E-02  1.0000000E-99  1.0000000E-99
  148  1.1486495E+05  5.5687334E-01  4.4178827E+02  3.7213444E+20  1.4956589E-02  1.0000000E-99  1.0000000E-99
  149  1.1564502E+05  5.6065516E-01  4.4478853E+02  3.7209517E+20  1.5167283E-02  1.0000000E-99  1.0000000E-99
  150  1.1642509E+05  5.6443698E-01  4.4778879E+02  3.7205562E+20  1.5379517E-02  1.0000000E-99  1.0000000E-99
  151  1.1720515E+05  5.6821881E-01  4.5078905E+02  3.7201581E+20  1.5593293E-02  1.0000000E-99  1.0000000E-99
  152  1.1798522E+05  5.7200063E-01  4.5378931E+02  3.7197572E+20  1.5808613E-02  1.0000000E-99  1.0000000E-99
  153  1.1876529E+05  5.7578245E-01  4.5678957E+02  3.7193537E+20  1.6025479E-02  1.0000000E-99  1.0000000E-99
  154  1.1954536E+05  5.7956427E-01  4.5978983E+02  3.7189474E+20  1.6243892E-02  1.0000000E-99  1.0000000E-99
  155  1.2032542E+05  5.8334609E-01  4.6279009E+02  3.7185385E+20  1.6463856E-02  1.0000000E-99  1.0000000E-99
  156  1.2110549E+05  5.8712792E-01  4.6579035E+02  3.7181268E+20  1.6685371E-02  1.0000000E-99  1.0000000E-99
  157  1.2188556E+05  5.9090974E-01  4.6879061E+02  3.7177124E+20  1.6908439E-02  1.0000000E-99  1.0000000E-99
  158  1.2266563E+05  5.9469156E-01  4.7179087E+02  3.7172953E+20  1.7133064E-02  1.0000000E-99  1.0000000E-99
  159  1.2344569E+05  5.9847338E-01  4.7479113E+02  3.7168755E+20  1.7359245E-02  1.0000000E-99  1.0000000E-99
  160  1.2422576E+05  6.0225521E-01  4.7779139E+02  3.7164530E+20  1.7586987E-02  1.0000000E-99  1.0000000E-99
  161  1.2500583E+05  6.0603703E-01  4.8079165E+02  3.7160278E+20  1.7816290E-02  1.0000000E-99  1.0000000E-99
  162  1.2578590E+05  6.0981885E-01  4.8379191E+02  3.7155998E+20  1.8047156E-02  1.0000000E-99  1.0000000E-99
  163  1.2656596E+05  6.1360067E-01  4.8679217E+02  3.7151691E+20  1.8279589E-02  1.0000000E-99  1.0000000E-99
  164  1.2734603E+05  6.1738250E-01  4.8979243E+02  3.7147358E+20  1.8513589E-02  1.0000000E-99  1.0000000E-99
  165  1.2812610E+05  6.2116432E-01  4.9279269E+02  3.7142996E+20  1.8749159E-02  1.0000000E-99  1.0000000E-99
  166  1.2890617E+05  6.2494614E-01  4.9579295E+02  3.7138608E+20  1.8986301E-02  1.0000000E-99  1.0000000E-99
  167  1.2968623E+05  6.2872796E-01  4.9879321E+02  3.7134193E+20  1.9225017E-02  1.0000000E-99  1.0000000E-99
  168  1.3046630E+05  6.3250979E-01  5.0179347E+02  3.7129750E+20  1.9465309E-02  1.0000000E-99  1.0000000E-99
  169  1.3124637E+05  6.3629161E-01  5.0479373E+02  3.7125280E+20  1.9707180E-02  1.0000000E-99  1.0000000E-99
  170  1.3202644E+05  6.4007343E-01  5.0779399E+02  3.7120783E+20  1.9950631E-02  1.0000000E-99  1.0000000E-99
  171  1.3280650E+05  6.4385525E-01  5.1079425E+02  3.7116259E+20  2.0195665E-02  1.0000000E-99  1.0000000E-99
  172  1.3358657E+05  6.4763707E-01  5.1379451E+02  3.7111707E+20  2.0442284E-02  1.0000000E-99  1.0000000E-99
  173  1.3436664E+05  6.5141890E-01  5.1679477E+02  3.7107129E+20  2.0690490E-02  1.0000000E-99  1.0000000E-99
  174  1.3514671E+05  6.5520072E-01  5.1979503E+02  3.7102522E+20  2.0940285E-02  1.0000000E-99  1.0000000E-99
  175  1.3592677E+05  6.5898254E-01  5.2279529E+02  3.7097889E+20  2.1191672E-02  1.0000000E-99  1.0000000E-99
  176  1.3670684E+05  6.6276436E-01  5.2579555E+02  3.7093228E+20  2.1444653E-02  1.0000000E-99  1.0000000E-99
  177  1.3748691E+05  6.6654619E-01  5.2879581E+02  3.7088540E+20  2.1699230E-02  1.0000000E-99  1.0000000E-99
  178  1.3826698E+05  6.7032801E-01  5.3179607E+02  3.7083825E+20  2.1955406E-02  1.0000000E-99  1.0000000E-99
  179  1.3904705E+05  6.7410983E-01  5.3479633E+02  3.7079083E+20  2.2213182E-02  1.0000000E-99  1.0000000E-99
  180  1.3982711E+05  6.7789165E-01  5.3779659E+02  3.7074313E+20  2.2472562E-02  1.0000000E-99  1.0000000E-99
  181  1.4060718E+05  6.8167348E-01  5.4079685E+02  3.7069515E+20  2.2733546E-02  1.0000000E-99  1.0000000E-99
  182  1.4138725E+05  6.8545530E-01  5.4379711E+02  3.7064691E+20  2.2996139E-02  1.0000000E-99  1.0000000E-99
  183  1.4216732E+05  6.8923712E-01  5.4679737E+02  3.7059839E+20  2.3260341E-02  1.0000000E-99  1.0000000E-99
  184  1.4294738E+05  6.9301894E-01  5.4979763E+02  3.7054960E+20  2.3526157E-02  1.0000000E-99  1.0000000E-99
  185  1.4372745E+05  6.9680076E-01  5.5279789E+02  3.7050053E+20  2.3793587E-02  1.0000000E-99  1.0000000E-99
  186  1.4450752E+05  7.0058259E-01  5.5579815E+02  3.7045119E+20  2.4062634E-02  1.0000000E-99  1.0000000E-99
  187  1.4528759E+05  7.0436441E-01  5.5879841E+02  3.7040157E+20  2.4333302E-02  1.0000000E-99  1.0000000E-99
  188  1.4606765E+05  7.0814623E-01  5.6179867E+02  3.7035168E+20  2.4605591E-02  1.0000000E-99  1.0000000E-99
  189  1.4684772E+05  7.1192805E-01  5.6479893E+02  3.7030152E+20  2.4879506E-02  1.0000000E-99  1.0000000E-99
  190  1.4762779E+05  7.1570988E-01  5.6779919E+02  3.7025108E+20  2.5155047E-02  1.0000000E-99  1.0000000E-99
  191  1.4840786E+05  7.1949170E-01  5.7079945E+02  3.7020037E+20  2.5432219E-02  1.0000000E-99  1.0000000E-99
  192  1.4918792E+05  7.2327352E-01  5.7379971E+02  3.7014938E+20  2.5711022E-02  1.0000000E-99  1.0000000E-99
  193  1.4996799E+05  7.2705534E-01  5.7679997E+02  3.7009812E+20  2.5991461E-02  1.0000000E-99  1.0000000E-99
  194  1.5074806E+05  7.3083717E-01  5.7980023E+02  3.7004658E+20  2.6273536E-02  1.0000000E-99  1.0000000E-99
  195  1.5152813E+05  7.3461899E-01  5.8280049E+02  3.6999477E+20  2.6557252E-02  1.0000000E-99  1.0000000E-99
  196  1.5230819E+05  7.3840081E-01  5.8580075E+02  3.6994268E+20  2.6842610E-02  1.0000000E-99  1.0000000E-99
  197  1.5308826E+05  7.4218263E-01  5.8880101E+02  3.6989032E+20  2.7129614E-02  1.0000000E-99  1.0000000E-99
  198  1.5386833E+05  7.4596446E-01  5.9180127E+02  3.6983768E+20  2.7418265E-02  1.0000000E-99  1.0000000E-99
  199  1.5464840E+05  7.4974628E-01  5.9480153E+02  3.6978477E+20  2.7708566E-02  1.0000000E-99  1.0000000E-99
  200  1.5542846E+05  7.5352810E-01  5.9780179E+02  3.6973158E+20  2.8000521E-02  1.0000000E-99  1.0000000E-99
  201  1.5620853E+05  7.5730992E-01  6.0080205E+02  3.6967812E+20  2.8294131E-02  1.0000000E-99  1.0000000E-99
  202  1.5698860E+05  7.6109174E-01  6.0380231E+02  3.6962438E+20  2.8589400E-02  1.0000000E-99  1.0000000E-99
  203  1.5776867E+05  7.6487357E-01  6.0680257E+02  3.6957036E+20  2.8886329E-02  1.0000000E-99  1.0000000E-99
  204  1.5854873E+05  7.6865539E-01  6.0980282E+02  3.6951607E+20  2.9184923E-02  1.0000000E-99  1.0000000E-99
  205  1.5932880E+05  7.7243721E-01  6.1280308E+02  3.6946150E+20  2.9485184E-02  1.0000000E-99  1.0000000E-99
  206  1.6010887E+05  7.7621903E-01  6.1580334E+02  3.6940666E+20  2.9787113E-02  1.0000000E-99  1.0000000E-99
  207  1.6088894E+05  7.8000086E-01  6.1880360E+02  3.6935154E+20  3.0090715E-02  1.0000000E-99  1.0000000E-99
  208  1.6166900E+05  7.8378268E-01  6.2180386E+02  3.6929614E+20  3.0395992E-02  1.0000000E-99  1.0000000E-99
  209  1.6244907E+05  7.8756450E-01  6.2480412E+02  3.6924047E+20  3.0702947E-02  1.0000000E-99  1.0000000E-99
  210  1.6322914E+05  7.9134632E-01  6.2780438E+02  3.6918452E+20  3.1011582E-02  1.0000000E-99  1.0000000E-99
  211  1.6400921E+05  7.9512815E-01  6.3080464E+02  3.6912829E+20  3.1321901E-02  1.0000000E-99  1.0000000E-99
  212  1.6478928E+05  7.9890997E-01  6.3380490E+02  3.6907178E+20  3.1633906E-02  1.0000000E-99  1.0000000E-99
  213  1.6556934E+05  8.0269179E-01  6.3680516E+02  3.6901500E+20  3.1947600E-02  1.0000000E-99  1.0000000E-99
  214  1.6634941E+05  8.0647361E-01  6.3980542E+02  3.6895794E+20  3.2262986E-02  1.0000000E-99  1.0000000E-99
  215  1.6712948E+05  8.1025544E-01  6.4280568E+02  3.6890061E+20  3.2580068E-02  1.0000000E-99  1.0000000E-99
  216  1.6790955E+05  8.1403726E-01  6.4580594E+02  3.6884299E+20  3.2898848E-02  1.0000000E-99  1.0000000E-99
  217  1.6868961E+05  8.1781908E-01  6.4880620E+02  3.6878510E+20  3.3219328E-02  1.0000000E-99  1.0000000E-99
  218  1.6946968E+05  8.2160090E-01  6.5180646E+02  3.6872693E+20  3.3541513E-02  1.0000000E-99  1.0000000E-99
  219  1.7024975E+05  8.2538272E-01  6.5480672E+02  3.6866849E+20  3.3865404E-02  1.0000000E-99  1.0000000E-99
  220  1.7102982E+05  8.2916455E-01  6.5780698E+02  3.6860976E+20  3.4191006E-02  1.0000000E-99  1.0000000E-99
  221  1.7180988E+05  8.3294637E-01  6.6080724E+02  3.6855076E+20  3.4518320E-02  1.0000000E-99  1.0000000E-99
  222  1.7258995E+05  8.3672819E-01  6.6380750E+02  3.6849148E+20  3.4847351E-02  1.0000000E-99  1.0000000E-99
  223  1.7337002E+05  8.4051001E-01  6.6680776E+02  3.6843192E+20  3.5178101E-02  1.0000000E-99  1.0000000E-99
  224  1.7415009E+05  8.4429184E-01  6.6980802E+02  3.6837208E+20  3.5510573E-02  1.0000000E-99  1.0000000E-99
  225  1.7493015E+05  8.4807366E-01  6.7280828E+02  3.6831196E+20  3.5844770E-02  1.0000000E-99  1.0000000E-99
  226  1.7571022E+05  8.5185548E-01  6.7580854E+02  3.6825156E+20  3.6180696E-02  1.0000000E-99  1.0000000E-99
  227  1.7649029E+05  8.5563730E-01  6.7880880E+02  3.6819089E+20  3.6518354E-02  1.0000000E-99  1.0000000E-99
  228  1.7727036E+05  8.5941913E-01  6.8180906E+02  3.6812994E+20  3.6857746E-02  1.0000000E-99  1.0000000E-99
  229  1.7805042E+05  8.6320095E-01  6.8480932E+02  3.6806870E+20  3.7198877E-02  1.0000000E-99  1.0000000E-99
  230  1.7883049E+05  8.6698277E-01  6.8780958E+02  3.6800719E+20  3.7541749E-02  1.0000000E-99  1.0000000E-99
  231  1.7961056E+05  8.7076459E-01  6.9080984E+02  3.6794540E+20  3.7886365E-02  1.0000000E-99  1.0000000E-99
  232  1.8039063E+05  8.7454641E-01  6.9381010E+02  3.6788332E+20  3.8232729E-02  1.0000000E-99  1.0000000E-99
  233  1.8117069E+05  8.7832824E-01  6.9681036E+02  3.6782097E+20  3.8580844E-02  1.0000000E-99  1.0000000E-99
  234  1.8195076E+05  8.8211006E-01  6.9981062E+02  3.6775834E+20  3.8930713E-02  1.0000000E-99  1.0000000E-99
  235  1.8273083E+05  8.8589188E-01  7.0281088E+02  3.6769543E+20  3.9282340E-02  1.0000000E-99  1.0000000E-99
  236  1.8351090E+05  8.8967370E-01  7.0581114E+02  3.6763223E+20  3.9635728E-02  1.0000000E-99  1.0000000E-99
  237  1.8429096E+05  8.9345553E-01  7.0881140E+02  3.6756876E+20  3.9990880E-02  1.0000000E-99  1.0000000E-99
  238  1.8507103E+05  8.9723735E-01  7.1181166E+02  3.6750501E+20  4.0347799E-02  1.0000000E-99  1.0000000E-99
  239  1.8585110E+05  9.0101917E-01  7.1481192E+02  3.6744097E+20  4.0706490E-02  1.0000000E-99  1.0000000E-99
  240  1.8663117E+05  9.0480099E-01  7.1781218E+02  3.6737666E+20  4.1066955E-02  1.0000000E-99  1.0000000E-99
  241  1.8741123E+05  9.0858282E-01  7.2081244E+02  3.6731206E+20  4.1429198E-02  1.0000000E-99  1.0000000E-99
  242  1.8819130E+05  9.1236464E-01  7.2381270E+02  3.6724719E+20  4.1793222E-02  1.0000000E-99  1.0000000E-99
  243  1.8897137E+05  9.1614646E-01  7.2681296E+02  3.6718203E+20  4.2159031E-02  1.0000000E-99  1.0000000E-99
  244  1.8975144E+05  9.1992828E-01  7.2981322E+02  3.6711659E+20  4.2526629E-02  1.0000000E-99  1.0000000E-99
  245  1.9053151E+05  9.2371011E-01  7.3281348E+02  3.6705087E+20  4.2896018E-02  1.0000000E-99  1.0000000E-99
  246  1.9131157E+05  9.2749193E-01  7.3581374E+02  3.6698486E+20  4.3267203E-02  1.0000000E-99  1.0000000E-99
  247  1.9209164E+05  9.3127375E-01  7.3881400E+02  3.6691858E+20  4.3640186E-02  1.0000000E-99  1.0000000E-99
  248  1.9287171E+05  9.3505557E-01  7.4181426E+02  3.6685201E+20  4.4014972E-02  1.0000000E-99  1.0000000E-99
  249  1.9365178E+05  9.3883739E-01  7.4481452E+02  3.6678516E+20  4.4391564E-02  1.0000000E-99  1.0000000E-99
  250  1.9443184E+05  9.4261922E-01  7.4781478E+02  3.6671803E+20  4.4769965E-02  1.0000000E-99  1.0000000E-99
  251  1.9521191E+05  9.4640104E-01  7.5081504E+02  3.6665061E+20  4.5150180E-02  1.0000000E-99  1.0000000E-99
  252  1.9599198E+05  9.5018286E-01  7.5381530E+02  3.6658292E+20  4.5532212E-02  1.0000000E-99  1.0000000E-99
  253  1.9677205E+05  9.5396468E-01  7.5681556E+02  3.6651494E+20  4.5916065E-02  1.0000000E-99  1.0000000E-99
  254  1.9755211E+05  9.5774651E-01  7.5981582E+02  3.6644667E+20  4.6301742E-02  1.0000000E-99  1.0000000E-99
  255  1.9833218E+05  9.6152833E-01  7.6281608E+02  3.6637813E+20  4.6689247E-02  1.0000000E-99  1.0000000E-99
  256  1.9911225E+05  9.6531015E-01  7.6581634E+02  3.6630930E+20  4.7078584E-02  1.0000000E-99  1.0000000E-99
  257  1.9989232E+05  9.6909197E-01  7.6881660E+02  3.6624019E+20  4.7469756E-02  1.0000000E-99  1.0000000E-99
  258  2.0067238E+05  9.7287380E-01  7.7181686E+02  3.6617079E+20  4.7862768E-02  1.0000000E-99  1.0000000E-99
  259  2.0145245E+05  9.7665562E-01  7.7481712E+02  3.6610111E+20  4.8257623E-02  1.0000000E-99  1.0000000E-99
  260  2.0223252E+05  9.8043744E-01  7.7781738E+02  3.6603115E+20  4.8654325E-02  1.0000000E-99  1.0000000E-99
  261  2.0301259E+05  9.8421926E-01  7.8081764E+02  3.6596090E+20  4.9052878E-02  1.0000000E-99  1.0000000E-99
  262  2.0379265E+05  9.8800108E-01  7.8381790E+02  3.6589037E+20  4.9453285E-02  1.0000000E-99  1.0000000E-99
  263  2.0457272E+05  9.9178291E-01  7.8681816E+02  3.6581955E+20  4.9855552E-02  1.0000000E-99  1.0000000E-99
  264  2.0535279E+05  9.9556473E-01  7.8981842E+02  3.6574845E+20  5.0259681E-02  1.0000000E-99  1.0000000E-99
  265  2.0613286E+05  9.9934655E-01  7.9281868E+02  3.6567706E+20  5.0665676E-02  1.0000000E-99  1.0000000E-99
  266  2.0691292E+05  1.0031284E+00  7.9581894E+02  3.6560539E+20  5.1073542E-02  1.0000000E-99  1.0000000E-99
  267  2.0769299E+05  1.0069102E+00  7.9881920E+02  3.6553343E+20  5.1483283E-02  1.0000000E-99  1.0000000E-99
  268  2.0847306E+05  1.0106920E+00  8.0181946E+02  3.6546119E+20  5.1894902E-02  1.0000000E-99  1.0000000E-99
  269  2.0925313E+05  1.0144738E+00  8.0481972E+02  3.6538867E+20  5.2308403E-02  1.0000000E-99  1.0000000E-99
  270  2.1003319E+05  1.0182557E+00  8.0781998E+02  3.6531585E+20  5.2723791E-02  1.0000000E-99  1.0000000E-99
  271  2.1081326E+05  1.0220375E+00  8.1082024E+02  3.6524275E+20  5.3141070E-02  1.0000000E-99  1.0000000E-99
  272  2.1159333E+05  1.0258193E+00  8.1382050E+02  3.6516937E+20  5.3560244E-02  1.0000000E-99  1.0000000E-99
  273  2.1237340E+05  1.0296011E+00  8.1682076E+02  3.6509570E+20  5.3981316E-02  1.0000000E-99  1.0000000E-99
  274  2.1315346E+05  1.0333830E+00  8.1982102E+02  3.6502174E+20  5.4404292E-02  1.0000000E-99  1.0000000E-99
  275  2.1393353E+05  1.0371648E+00  8.2282128E+02  3.6494750E+20  5.4829175E-02  1.0000000E-99  1.0000000E-99
  276  2.1471360E+05  1.0409466E+00  8.2582154E+02  3.6487297E+20  5.5255969E-02  1.0000000E-99  1.0000000E-99
  277  2.1549367E+05  1.0447284E+00  8.2882180E+02  3.6479815E+20  5.5684679E-02  1.0000000E-99  1.0000000E-99
  278  2.1627373E+05  1.0485102E+00  8.3182206E+02  3.6472305E+20  5.6115309E-02  1.0000000E-99  1.0000000E-99
  279  2.1705380E+05  1.0522921E+00  8.3482232E+02  3.6464766E+20  5.6547863E-02  1.0000000E-99  1.0000000E-99
  280  2.1783387E+05  1.0560739E+00  8.3782258E+02  3.6457198E+20  5.6982346E-02  1.0000000E-99  1.0000000E-99
  281  2.1861394E+05  1.0598557E+00  8.4082284E+02  3.6449601E+20  5.7418761E-02  1.0000000E-99  1.0000000E-99
  282  2.1939401E+05  1.0636375E+00  8.4382310E+02  3.6441976E+20  5.7857114E-02  1.0000000E-99  1.0000000E-99
  283  2.2017407E+05  1.0674194E+00  8.4682336E+02  3.6434322E+20  5.8297408E-02  1.0000000E-99  1.0000000E-99
  284  2.2095414E+05  1.0712012E+00  8.4982362E+02  3.6426639E+20  5.8739648E-02  1.0000000E-99  1.0000000E-99
  285  2.2173421E+05  1.0749830E+00  8.5282388E+02  3.6418927E+20  5.9183838E-02  1.0000000E-99  1.0000000E-99
  286  2.2251428E+05  1.0787648E+00  8.5582414E+02  3.6411187E+20  5.9629983E-02  1.0000000E-99  1.0000000E-99
  287  2.2329434E+05  1.0825466E+00  8.5882440E+02  3.6403417E+20  6.0078088E-02  1.0000000E-99  1.0000000E-99
  288  2.2407441E+05  1.0863285E+00  8.6182466E+02  3.6395619E+20  6.0528156E-02  1.0000000E-99  1.0000000E-99
  289  2.2485448E+05  1.0901103E+00  8.6482492E+02  3.6387792E+20  6.0980193E-02  1.0000000E-99  1.0000000E-99
  290  2.2563455E+05  1.0938921E+00  8.6782518E+02  3.6379935E+20  6.1434202E-02  1.0000000E-99  1.0000000E-99
  291  2.2641461E+05  1.0976739E+00  8.7082544E+02  3.6372050E+20  6.1890189E-02  1.0000000E-99  1.0000000E-99
  292  2.2719468E+05  1.1014558E+00  8.7382570E+02  3.6364136E+20  6.2348158E-02  1.0000000E-99  1.0000000E-99
  293  2.2797475E+05  1.1052376E+00  8.7682596E+02  3.6356193E+20  6.2808113E-02  1.0000000E-99  1.0000000E-99
  294  2.2875482E+05  1.1090194E+00  8.7982622E+02  3.6348221E+20  6.3270059E-02  1.0000000E-99  1.0000000E-99
  295  2.2953488E+05  1.1128012E+00  8.8282648E+02  3.6340220E+20  6.3734002E-02  1.0000000E-99  1.0000000E-99
  296  2.3031495E+05  1.1165830E+00  8.8582674E+02  3.6332190E+20  6.4199945E-02  1.0000000E-99  1.0000000E-99
  297  2.3109502E+05  1.1203649E+00  8.8882700E+02  3.6324131E+20  6.4667894E-02  1.0000000E-99  1.0000000E-99
  298  2.3187509E+05  1.1241467E+00  8.9182726E+02  3.6316043E+20  6.5137852E-02  1.0000000E-99  1.0000000E-99
  299  2.3265515E+05  1.1279285E+00  8.9482752E+02  3.6307925E+20  6.5609826E-02  1.0000000E-99  1.0000000E-99
  300  2.3343522E+05  1.1317103E+00  8.9782778E+02  3.6299779E+20  6.6083819E-02  1.0000000E-99  1.0000000E-99
  301  2.3421529E+05  1.1354922E+00  9.0082804E+02  3.6291604E+20  6.6559837E-02  1.0000000E-99  1.0000000E-99
  302  2.3499536E+05  1.1392740E+00  9.0382830E+02  3.6283399E+20  6.7037884E-02  1.0000000E-99  1.0000000E-99
  303  2.3577542E+05  1.1430558E+00  9.0682856E+02  3.6275165E+20  6.7517965E-02  1.0000000E-99  1.0000000E-99
  304  2.3655549E+05  1.1468376E+00  9.0982882E+02  3.6266902E+20  6.8000086E-02  1.0000000E-99  1.0000000E-99
  305  2.3733556E+05  1.1506194E+00  9.1282907E+02  3.6258610E+20  6.8484251E-02  1.0000000E-99  1.0000000E-99
  306  2.3811563E+05  1.1544013E+00  9.1582933E+02  3.6250288E+20  6.8970464E-02  1.0000000E-99  1.0000000E-99
  307  2.3889569E+05  1.1581831E+00  9.1882959E+02  3.6241938E+20  6.9458732E-02  1.0000000E-99  1.0000000E-99
  308  2.3967576E+05  1.1619649E+00  9.2182985E+02  3.6233558E+20  6.9949059E-02  1.0000000E-99  1.0000000E-99
  309  2.4045583E+05  1.1657467E+00  9.2483011E+02  3.6225148E+20  7.0441450E-02  1.0000000E-99  1.0000000E-99
  310  2.4123590E+05  1.1695286E+00  9.2783037E+02  3.6216710E+20  7.0935911E-02  1.0000000E-99  1.0000000E-99
  311  2.4201596E+05  1.1733104E+00  9.3083063E+02  3.6208242E+20  7.1432446E-02  1.0000000E-99  1.0000000E-99
  312  2.4279603E+05  1.1770922E+00  9.3383089E+02  3.6199745E+20  7.1931060E-02  1.0000000E-99  1.0000000E-99
  313  2.4357610E+05  1.1808740E+00  9.3683115E+02  3.6191218E+20  7.2431759E-02  1.0000000E-99  1.0000000E-99
  314  2.4435617E+05  1.1846558E+00  9.3983141E+02  3.6182662E+20  7.2934548E-02  1.0000000E-99  1.0000000E-99
  315  2.4513624E+05  1.1884377E+00  9.4283167E+02  3.6174076E+20  7.3439431E-02  1.0000000E-99  1.0000000E-99
  316  2.4591630E+05  1.1922195E+00  9.4583193E+02  3.6165462E+20  7.3946416E-02  1.0000000E-99  1.0000000E-99
  317  2.4669637E+05  1.1960013E+00  9.4883219E+02  3.6156817E+20  7.4455505E-02  1.0000000E-99  1.0000000E-99
  318  2.4747644E+05  1.1997831E+00  9.5183245E+02  3.6148143E+20  7.4966706E-02  1.0000000E-99  1.0000000E-99
  319  2.4825651E+05  1.2035650E+00  9.5483271E+02  3.6139440E+20  7.5480023E-02  1.0000000E-99  1.0000000E-99
  320  2.4903657E+05  1.2073468E+00  9.5783297E+02  3.6130707E+20  7.5995461E-02  1.0000000E-99  1.0000000E-99
  321  2.4981664E+05  1.2111286E+00  9.6083323E+02  3.6121945E+20  7.6513027E-02  1.0000000E-99  1.0000000E-99
  322  2.5059671E+05  1.2149104E+00  9.6383349E+02  3.6113153E+20  7.7032724E-02  1.0000000E-99  1.0000000E-99
  323  2.5137678E+05  1.2186922E+00  9.6683375E+02  3.6104332E+20  7.7554560E-02  1.0000000E-99  1.0000000E-99
  324  2.5215684E+05  1.2224741E+00  9.6983401E+02  3.6095480E+20  7.8078539E-02  1.0000000E-99  1.0000000E-99
  325  2.5293691E+05  1.2262559E+00  9.7283427E+02  3.6086600E+20  7.8604667E-02  1.0000000E-99  1.0000000E-99
  326  2.5371698E+05  1.2300377E+00  9.7583453E+02  3.6077689E+20  7.9132950E-02  1.0000000E-99  1.0000000E-99
  327  2.5449705E+05  1.2338195E+00  9.7883479E+02  3.6068749E+20  7.9663392E-02  1.0000000E-99  1.0000000E-99
  328  2.5527711E+05  1.2376014E+00  9.8183505E+02  3.6059780E+20  8.0196000E-02  1.0000000E-99  1.0000000E-99
  329  2.5605718E+05  1.2413832E+00  9.8483531E+02  3.6050780E+20  8.0730780E-02  1.0000000E-99  1.0000000E-99
  330  2.5683725E+05  1.2451650E+00  9.8783557E+02  3.6041751E+20  8.1267736E-02  1.0000000E-99  1.0000000E-99
  331  2.5761732E+05  1.2489468E+00  9.9083583E+02  3.6032692E+20  8.1806875E-02  1.0000000E-99  1.0000000E-99
  332  2.5839738E+05  1.2527286E+00  9.9383609E+02  3.6023603E+20  8.2348202E-02  1.0000000E-99  1.0000000E-99
  333  2.5917745E+05  1.2565105E+00  9.9683635E+02  3.6014485E+20  8.2891723E-02  1.0000000E-99  1.0000000E-99
  334  2.5995752E+05  1.2602923E+00  9.9983661E+02  3.6005336E+20  8.3437445E-02  1.0000000E-99  1.0000000E-99
  335  2.6073759E+05  1.2640741E+00  1.0028369E+03  3.5996158E+20  8.3985372E-02  1.0000000E-99  1.0000000E-99
  336  2.6151765E+05  1.2678559E+00  1.0058371E+03  3.5986950E+20  8.4535510E-02  1.0000000E-99  1.0000000E-99
  337  2.6229772E+05  1.2716378E+00  1.0088374E+03  3.5977712E+20  8.5087866E-02  1.0000000E-99  1.0000000E-99
  338  2.6307779E+05  1.2754196E+00  1.0118377E+03  3.5968444E+20  8.5642446E-02  1.0000000E-99  1.0000000E-99
  339  2.6385786E+05  1.2792014E+00  1.0148379E+03  3.5959146E+20  8.6199255E-02  1.0000000E-99  1.0000000E-99
  340  2.6463792E+05  1.2829832E+00  1.0178382E+03  3.5949819E+20  8.6758299E-02  1.0000000E-99  1.0000000E-99
  341  2.6541799E+05  1.2867650E+00  1.0208384E+03  3.5940461E+20  8.7319585E-02  1.0000000E-99  1.0000000E-99
  342  2.6619806E+05  1.2905469E+00  1.0238387E+03  3.5931073E+20  8.7883118E-02  1.0000000E-99  1.0000000E-99
  343  2.6697813E+05  1.2943287E+00  1.0268390E+03  3.5921655E+20  8.8448904E-02  1.0000000E-99  1.0000000E-99
  344  2.6775819E+05  1.2981105E+00  1.0298392E+03  3.5912207E+20  8.9016951E-02  1.0000000E-99  1.0000000E-99
  345  2.6853826E+05  1.3018923E+00  1.0328395E+03  3.5902729E+20  8.9587263E-02  1.0000000E-99  1.0000000E-99
  346  2.6931833E+05  1.3056742E+00  1.0358397E+03  3.5893221E+20  9.0159847E-02  1.0000000E-99  1.0000000E-99
  347  2.7009840E+05  1.3094560E+00  1.0388400E+03  3.5883683E+20  9.0734709E-02  1.0000000E-99  1.0000000E-99
  348  2.7087847E+05  1.3132378E+00  1.0418403E+03  3.5874115E+20  9.1311855E-02  1.0000000E-99  1.0000000E-99
  349  2.7165853E+05  1.3170196E+00  1.0448405E+03  3.5864516E+20  9.1891293E-02  1.0000000E-99  1.0000000E-99
  350  2.7243860E+05  1.3208015E+00  1.0478408E+03  3.5854887E+20  9.2473027E-02  1.0000000E-99  1.0000000E-99
  351  2.7321867E+05  1.3245833E+00  1.0508410E+03  3.5845228E+20  9.3057065E-02  1.0000000E-99  1.0000000E-99
  352  2.7399874E+05  1.3283651E+00  1.0538413E+03  3.5835539E+20  9.3643413E-02  1.0000000E-99  1.0000000E-99
  353  2.7477880E+05  1.3321469E+00  1.0568416E+03  3.5825820E+20  9.4232077E-02  1.0000000E-99  1.0000000E-99
  354  2.7555887E+05  1.3359287E+00  1.0598418E+03  3.5816070E+20  9.4823064E-02  1.0000000E-99  1.0000000E-99
  355  2.7633894E+05  1.3397106E+00  1.0628421E+03  3.5806290E+20  9.5416380E-02  1.0000000E-99  1.0000000E-99
  356  2.7711901E+05  1.3434924E+00  1.0658423E+03  3.5796479E+20  9.6012032E-02  1.0000000E-99  1.0000000E-99
  357  2.7789907E+05  1.3472742E+00  1.0688426E+03  3.5786638E+20  9.6610026E-02  1.0000000E-99  1.0000000E-99
  358  2.7867914E+05  1.3510560E+00  1.0718428E+03  3.5776767E+20  9.7210369E-02  1.0000000E-99  1.0000000E-99
  359  2.7945921E+05  1.3548379E+00  1.0748431E+03  3.5766865E+20  9.7813068E-02  1.0000000E-99  1.0000000E-99
  360  2.8023928E+05  1.3586197E+00  1.0778434E+03  3.5756933E+20  9.8418129E-02  1.0000000E-99  1.0000000E-99
  361  2.8101934E+05  1.3624015E+00  1.0808436E+03  3.5746971E+20  9.9025559E-02  1.0000000E-99  1.0000000E-99
  362  2.8179941E+05  1.3661833E+00  1.0838439E+03  3.5736977E+20  9.9635365E-02  1.0000000E-99  1.0000000E-99
  363  2.8257948E+05  1.3699651E+00  1.0868441E+03  3.5726954E+20  1.0024755E-01  1.0000000E-99  1.0000000E-99
  364  2.8335955E+05  1.3737470E+00  1.0898444E+03  3.5716900E+20  1.0086213E-01  1.0000000E-99  1.0000000E-99
  365  2.8413961E+05  1.3775288E+00  1.0928447E+03  3.5706815E+20  1.0147910E-01  1.0000000E-99  1.0000000E-99
  366  2.8491968E+05  1.3813106E+00  1.0958449E+03  3.5696699E+20  1.0209848E-01  1.0000000E-99  1.0000000E-99
  367  2.8569975E+05  1.3850924E+00  1.0988452E+03  3.5686553E+20  1.0272027E-01  1.0000000E-99  1.0000000E-99
  368  2.8647982E+05  1.3888743E+00  1.1018454E+03  3.5676377E+20  1.0334447E-01  1.0000000E-99  1.0000000E-99
  369  2.8725988E+05  1.3926561E+00  1.1048457E+03  3.5666169E+20  1.0397110E-01  1.0000000E-99  1.0000000E-99
  370  2.8803995E+05  1.3964379E+00  1.1078460E+03  3.5655931E+20  1.0460016E-01  1.0000000E-99  1.0000000E-99
  371  2.8882002E+05  1.4002197E+00  1.1108462E+03  3.5645663E+20  1.0523166E-01  1.0000000E-99  1.0000000E-99
  372  2.8960009E+05  1.4040015E+00  1.1138465E+03  3.5635363E+20  1.0586560E-01  1.0000000E-99  1.0000000E-99
  373  2.9038015E+05  1.4077834E+00  1.1168467E+03  3.5625033E+20  1.0650200E-01  1.0000000E-99  1.0000000E-99
  374  2.9116022E+05  1.4115652E+00  1.1198470E+03  3.5614672E+20  1.0714085E-01  1.0000000E-99  1.0000000E-99
  375  2.9194029E+05  1.4153470E+00  1.1228473E+03  3.5604280E+20  1.0778217E-01  1.0000000E-99  1.0000000E-99
  376  2.9272036E+05  1.4191288E+00  1.1258475E+03  3.5593857E+20  1.0842597E-01  1.0000000E-99  1.0000000E-99
  377  2.9350042E+05  1.4229107E+00  1.1288478E+03  3.5583403E+20  1.0907225E-01  1.0000000E-99  1.0000000E-99
  378  2.9428049E+05  1.4266925E+00  1.1318480E+03  3.5572918E+20  1.0972102E-01  1.0000000E-99  1.0000000E-99
  379  2.9506056E+05  1.4304743E+00  1.1348483E+03  3.5562403E+20  1.1037228E-01  1.0000000E-99  1.0000000E-99
  380  2.9584063E+05  1.4342561E+00  1.1378486E+03  3.5551856E+20  1.1102605E-01  1.0000000E-99  1.0000000E-99
  381  2.9662070E+05  1.4380379E+00  1.1408488E+03  3.5541278E+20  1.1168233E-01  1.0000000E-99  1.0000000E-99
  382  2.9740076E+05  1.4418198E+00  1.1438491E+03  3.5530670E+20  1.1234112E-01  1.0000000E-99  1.0000000E-99
  383  2.9818083E+05  1.4456016E+00  1.1468493E+03  3.5520030E+20  1.1300245E-01  1.0000000E-99  1.0000000E-99
  384  2.9896090E+05  1.4493834E+00  1.1498496E+03  3.5509359E+20  1.1366631E-01  1.0000000E-99  1.0000000E-99
  385  2.9974097E+05  1.4531652E+00  1.1528499E+03  3.5498657E+20  1.1433271E-01  1.0000000E-99  1.0000000E-99
  386  3.0052103E+05  1.4569471E+00  1.1558501E+03  3.5487924E+20  1.1500166E-01  1.0000000E-99  1.0000000E-99
  387  3.0130110E+05  1.4607289E+00  1.1588504E+03  3.5477160E+20  1.1567316E-01  1.0000000E-99  1.0000000E-99
  388  3.0208117E+05  1.4645107E+00  1.1618506E+03  3.5466365E+20  1.1634724E-01  1.0000000E-99  1.0000000E-99
  389  3.0286124E+05  1.4682925E+00  1.1648509E+03  3.5455538E+20  1.1702388E-01  1.0000000E-99  1.0000000E-99
  390  3.0364130E+05  1.4720743E+00  1.1678512E+03  3.5444680E+20  1.1770311E-01  1.0000000E-99  1.0000000E-99
  391  3.0442137E+05  1.4758562E+00  1.1708514E+03  3.5433791E+20  1.1838492E-01  1.0000000E-99  1.0000000E-99
  392  3.0520144E+05  1.4796380E+00  1.1738517E+03  3.5422870E+20  1.1906933E-01  1.0000000E-99  1.0000000E-99
  393  3.0598151E+05  1.4834198E+00  1.1768519E+03  3.5411918E+20  1.1975635E-01  1.0000000E-99  1.0000000E-99
  394  3.0676157E+05  1.4872016E+00  1.1798522E+03  3.5400935E+20  1.2044597E-01  1.0000000E-99  1.0000000E-99
  395  3.0754164E+05  1.4909835E+00  1.1828525E+03  3.5389920E+20  1.2113822E-01  1.0000000E-99  1.0000000E-99
  396  3.0832171E+05  1.4947653E+00  1.1858527E+03  3.5378874E+20  1.2183310E-01  1.0000000E-99  1.0000000E-99
  397  3.0910178E+05  1.4985471E+00  1.1888530E+03  3.5367797E+20  1.2253062E-01  1.0000000E-99  1.0000000E-99
  398  3.0988184E+05  1.5023289E+00  1.1918532E+03  3.5356688E+20  1.2323078E-01  1.0000000E-99  1.0000000E-99
  399  3.1066191E+05  1.5061107E+00  1.1948535E+03  3.5345547E+20  1.2393359E-01  1.0000000E-99  1.0000000E-99
  400  3.1144198E+05  1.5098926E+00  1.1978538E+03  3.5334375E+20  1.2463907E-01  1.0000000E-99  1.0000000E-99
  401  3.1222205E+05  1.5136744E+00  1.2008540E+03  3.5323171E+20  1.2534721E-01  1.0000000E-99  1.0000000E-99
  402  3.1300211E+05  1.5174562E+00  1.2038543E+03  3.5311936E+20  1.2605804E-01  1.0000000E-99  1.0000000E-99
  403  3.1378218E+05  1.5212380E+00  1.2068545E+03  3.5300669E+20  1.2677155E-01  1.0000000E-99  1.0000000E-99
  404  3.1456225E+05  1.5250199E+00  1.2098548E+03  3.5289370E+20  1.2748776E-01  1.0000000E-99  1.0000000E-99
  405  3.1534232E+05  1.5288017E+00  1.2128551E+03  3.5278040E+20  1.2820667E-01  1.0000000E-99  1.0000000E-99
  406  3.1612238E+05  1.5325835E+00  1.2158553E+03  3.5266678E+20  1.2892829E-01  1.0000000E-99  1.0000000E-99
  407  3.1690245E+05  1.5363653E+00  1.2188556E+03  3.5255284E+20  1.2965264E-01  1.0000000E-99  1.0000000E-99
  408  3.1768252E+05  1.5401471E+00  1.2218558E+03  3.5243858E+20  1.3037972E-01  1.0000000E-99  1.0000000E-99
  409  3.1846259E+05  1.5439290E+00  1.2248561E+03  3.5232401E+20  1.3110953E-01  1.0000000E-99  1.0000000E-99
  410  3.1924265E+05  1.5477108E+00  1.2278564E+03  3.5220912E+20  1.3184209E-01  1.0000000E-99  1.0000000E-99
  411  3.2002272E+05  1.5514926E+00  1.2308566E+03  3.5209390E+20  1.3257741E-01  1.0000000E-99  1.0000000E-99
  412  3.2080279E+05  1.5552744E+00  1.2338569E+03  3.5197837E+20  1.3331550E-01  1.0000000E-99  1.0000000E-99
  413  3.2158286E+05  1.5590563E+00  1.2368571E+03  3.5186252E+20  1.3405636E-01  1.0000000E-99  1.0000000E-99
  414  3.2236293E+05  1.5628381E+00  1.2398574E+03  3.5174635E+20  1.3480000E-01  1.0000000E-99  1.0000000E-99
  415  3.2314299E+05  1.5666199E+00  1.2428577E+03  3.5162986E+20  1.3554644E-01  1.0000000E-99  1.0000000E-99
  416  3.2392306E+05  1.5704017E+00  1.2458579E+03  3.5151305E+20  1.3629568E-01  1.0000000E-99  1.0000000E-99
  417  3.2470313E+05  1.5741835E+00  1.2488582E+03  3.5139592E+20  1.3704772E-01  1.0000000E-99  1.0000000E-99
  418  3.2548320E+05  1.5779654E+00  1.2518584E+03  3.5127846E+20  1.3780259E-01  1.0000000E-99  1.0000000E-99
  419  3.2626326E+05  1.5817472E+00  1.2548587E+03  3.5116069E+20  1.3856029E-01  1.0000000E-99  1.0000000E-99
  420  3.2704333E+05  1.5855290E+00  1.2578590E+03  3.5104259E+20  1.3932082E-01  1.0000000E-99  1.0000000E-99
  421  3.2782340E+05  1.5893108E+00  1.2608592E+03  3.5092417E+20  1.4008421E-01  1.0000000E-99  1.0000000E-99
  422  3.2860347E+05  1.5930927E+00  1.2638595E+03  3.5080543E+20  1.4085045E-01  1.0000000E-99  1.0000000E-99
  423  3.2938353E+05  1.5968745E+00  1.2668597E+03  3.5068637E+20  1.4161956E-01  1.0000000E-99  1.0000000E-99
  424  3.3016360E+05  1.6006563E+00  1.2698600E+03  3.5056698E+20  1.4239154E-01  1.0000000E-99  1.0000000E-99
  425  3.3094367E+05  1.6044381E+00  1.2728603E+03  3.5044727E+20  1.4316641E-01  1.0000000E-99  1.0000000E-99
  426  3.3172374E+05  1.6082199E+00  1.2758605E+03  3.5032724E+20  1.4394418E-01  1.0000000E-99  1.0000000E-99
  427  3.3250380E+05  1.6120018E+00  1.2788608E+03  3.5020688E+20  1.4472485E-01  1.0000000E-99  1.0000000E-99
  428  3.3328387E+05  1.6157836E+00  1.2818610E+03  3.5008620E+20  1.4550843E-01  1.0000000E-99  1.0000000E-99
  429  3.3406394E+05  1.6195654E+00  1.2848613E+03  3.4996519E+20  1.4629494E-01  1.0000000E-99  1.0000000E-99
  430  3.3484401E+05  1.6233472E+00  1.2878616E+03  3.4984386E+20  1.4708438E-01  1.0000000E-99  1.0000000E-99
  431  3.3562407E+05  1.6271291E+00  1.2908618E+03  3.4972220E+20  1.4787677E-01  1.0000000E-99  1.0000000E-99
  432  3.3640414E+05  1.6309109E+00  1.2938621E+03  3.4960022E+20  1.4867211E-01  1.0000000E-99  1.0000000E-99
  433  3.3718421E+05  1.6346927E+00  1.2968623E+03  3.4947791E+20  1.4947042E-01  1.0000000E-99  1.0000000E-99
  434  3.3796428E+05  1.6384745E+00  1.2998626E+03  3.4935528E+20  1.5027170E-01  1.0000000E-99  1.0000000E-99
  435  3.3874434E+05  1.6422563E+00  1.3028629E+03  3.4923231E+20  1.5107597E-01  1.0000000E-99  1.0000000E-99
  436  3.3952441E+05  1.6460382E+00  1.3058631E+03  3.4910902E+20  1.5188323E-01  1.0000000E-99  1.0000000E-99
  437  3.4030448E+05  1.6498200E+00  1.3088634E+03  3.4898541E+20  1.5269350E-01  1.0000000E-99  1.0000000E-99
  438  3.4108455E+05  1.6536018E+00  1.3118636E+03  3.4886146E+20  1.5350678E-01  1.0000000E-99  1.0000000E-99
  439  3.4186461E+05  1.6573836E+00  1.3148639E+03  3.4873719E+20  1.5432308E-01  1.0000000E-99  1.0000000E-99
  440  3.4264468E+05  1.6611655E+00  1.3178642E+03  3.4861259E+20  1.5514242E-01  1.0000000E-99  1.0000000E-99
  441  3.4342475E+05  1.6649473E+00  1.3208644E+03  3.4848766E+20  1.5596481E-01  1.0000000E-99  1.0000000E-99
  442  3.4420482E+05  1.6687291E+00  1.3238647E+03  3.4836240E+20  1.5679026E-01  1.0000000E-99  1.0000000E-99
  443  3.4498488E+05  1.6725109E+00  1.3268649E+03  3.4823681E+20  1.5761877E-01  1.0000000E-99  1.0000000E-99
  444  3.4576495E+05  1.6762927E+00  1.3298652E+03  3.4811089E+20  1.5845036E-01  1.0000000E-99  1.0000000E-99
  445  3.4654502E+05  1.6800746E+00  1.3328655E+03  3.4798464E+20  1.5928504E-01  1.0000000E-99  1.0000000E-99
  446  3.4732509E+05  1.6838564E+00  1.3358657E+03  3.4785806E+20  1.6012282E-01  1.0000000E-99  1.0000000E-99
  447  3.4810516E+05  1.6876382E+00  1.3388660E+03  3.4773115E+20  1.6096371E-01  1.0000000E-99  1.0000000E-99
  448  3.4888522E+05  1.6914200E+00  1.3418662E+03  3.4760391E+20  1.6180773E-01  1.0000000E-99  1.0000000E-99
  449  3.4966529E+05  1.6952019E+00  1.3448665E+03  3.4747633E+20  1.6265487E-01  1.0000000E-99  1.0000000E-99
  450  3.5044536E+05  1.6989837E+00  1.3478668E+03  3.4734843E+20  1.6350516E-01  1.0000000E-99  1.0000000E-99
  451  3.5122543E+05  1.7027655E+00  1.3508670E+03  3.4722019E+20  1.6435860E-01  1.0000000E-99  1.0000000E-99
  452  3.5200549E+05  1.7065473E+00  1.3538673E+03  3.4709162E+20  1.6521521E-01  1.0000000E-99  1.0000000E-99
  453  3.5278556E+05  1.7103292E+00  1.3568675E+03  3.4696271E+20  1.6607499E-01  1.0000000E-99  1.0000000E-99
  454  3.5356563E+05  1.7141110E+00  1.3598678E+03  3.4683348E+20  1.6693797E-01  1.0000000E-99  1.0000000E-99
  455  3.5434570E+05  1.7178928E+00  1.3628681E+03  3.4670390E+20  1.6780414E-01  1.0000000E-99  1.0000000E-99
  456  3.5512576E+05  1.7216746E+00  1.3658683E+03  3.4657400E+20  1.6867352E-01  1.0000000E-99  1.0000000E-99
  457  3.5590583E+05  1.7254564E+00  1.3688686E+03  3.4644376E+20  1.6954613E-01  1.0000000E-99  1.0000000E-99
  458  3.5668590E+05  1.7292383E+00  1.3718688E+03  3.4631318E+20  1.7042197E-01  1.0000000E-99  1.0000000E-99
  459  3.5746597E+05  1.7330201E+00  1.3748691E+03  3.4618227E+20  1.7130105E-01  1.0000000E-99  1.0000000E-99
  460  3.5824603E+05  1.7368019E+00  1.3778694E+03  3.4605102E+20  1.7218340E-01  1.0000000E-99  1.0000000E-99
  461  3.5902610E+05  1.7405837E+00  1.3808696E+03  3.4591944E+20  1.7306901E-01  1.0000000E-99  1.0000000E-99
  462  3.5980617E+05  1.7443656E+00  1.3838699E+03  3.4578752E+20  1.7395790E-01  1.0000000E-99  1.0000000E-99
  463  3.6058624E+05  1.7481474E+00  1.3868701E+03  3.4565526E+20  1.7485008E-01  1.0000000E-99  1.0000000E-99
  464  3.6136630E+05  1.7519292E+00  1.3898704E+03  3.4552267E+20  1.7574557E-01  1.0000000E-99  1.0000000E-99
  465  3.6214637E+05  1.7557110E+00  1.3928707E+03  3.4538973E+20  1.7664438E-01  1.0000000E-99  1.0000000E-99
  466  3.6292644E+05  1.7594928E+00  1.3958709E+03  3.4525646E+20  1.7754651E-01  1.0000000E-99  1.0000000E-99
  467  3.6370651E+05  1.7632747E+00  1.3988712E+03  3.4512285E+20  1.7845199E-01  1.0000000E-99  1.0000000E-99
  468  3.6448657E+05  1.7670565E+00  1.4018714E+03  3.4498891E+20  1.7936082E-01  1.0000000E-99  1.0000000E-99
  469  3.6526664E+05  1.7708383E+00  1.4048717E+03  3.4485462E+20  1.8027301E-01  1.0000000E-99  1.0000000E-99
  470  3.6604671E+05  1.7746201E+00  1.4078720E+03  3.4471999E+20  1.8118858E-01  1.0000000E-99  1.0000000E-99
  471  3.6682678E+05  1.7784020E+00  1.4108722E+03  3.4458502E+20  1.8210754E-01  1.0000000E-99  1.0000000E-99
  472  3.6760684E+05  1.7821838E+00  1.4138725E+03  3.4444972E+20  1.8302991E-01  1.0000000E-99  1.0000000E-99
  473  3.6838691E+05  1.7859656E+00  1.4168727E+03  3.4431407E+20  1.8395569E-01  1.0000000E-99  1.0000000E-99
  474  3.6916698E+05  1.7897474E+00  1.4198730E+03  3.4417808E+20  1.8488489E-01  1.0000000E-99  1.0000000E-99
  475  3.6994705E+05  1.7935292E+00  1.4228733E+03  3.4404175E+20  1.8581754E-01  1.0000000E-99  1.0000000E-99
  476  3.7072711E+05  1.7973111E+00  1.4258735E+03  3.4390507E+20  1.8675364E-01  1.0000000E-99  1.0000000E-99
  477  3.7150718E+05  1.8010929E+00  1.4288738E+03  3.4376806E+20  1.8769321E-01  1.0000000E-99  1.0000000E-99
  478  3.7228725E+05  1.8048747E+00  1.4318740E+03  3.4363070E+20  1.8863626E-01  1.0000000E-99  1.0000000E-99
  479  3.7306732E+05  1.8086565E+00  1.4348743E+03  3.4349299E+20  1.8958279E-01  1.0000000E-99  1.0000000E-99
  480  3.7384738E+05  1.8124384E+00  1.4378746E+03  3.4335495E+20  1.9053284E-01  1.0000000E-99  1.0000000E-99
  481  3.7462745E+05  1.8162202E+00  1.4408748E+03  3.4321656E+20  1.9148640E-01  1.0000000E-99  1.0000000E-99
  482  3.7540752E+05  1.8200020E+00  1.4438751E+03  3.4307782E+20  1.9244350E-01  1.0000000E-99  1.0000000E-99
  483  3.7618759E+05  1.8237838E+00  1.4468753E+03  3.4293874E+20  1.9340414E-01  1.0000000E-99  1.0000000E-99
  484  3.7696766E+05  1.8275656E+00  1.4498756E+03  3.4279932E+20  1.9436834E-01  1.0000000E-99  1.0000000E-99
  485  3.7774772E+05  1.8313475E+00  1.4528759E+03  3.4265954E+20  1.9533611E-01  1.0000000E-99  1.0000000E-99
  486  3.7852779E+05  1.8351293E+00  1.4558761E+03  3.4251943E+20  1.9630746E-01  1.0000000E-99  1.0000000E-99
  487  3.7930786E+05  1.8389111E+00  1.4588764E+03  3.4237896E+20  1.9728242E-01  1.0000000E-99  1.0000000E-99
  488  3.8008793E+05  1.8426929E+00  1.4618766E+03  3.4223815E+20  1.9826099E-01  1.0000000E-99  1.0000000E-99
  489  3.8086799E+05  1.8464748E+00  1.4648769E+03  3.4209699E+20  1.9924318E-01  1.0000000E-99  1.0000000E-99
  490  3.8164806E+05  1.8502566E+00  1.4678772E+03  3.4195548E+20  2.0022902E-01  1.0000000E-99  1.0000000E-99
  491  3.8242813E+05  1.8540384E+00  1.4708774E+03  3.4181363E+20  2.0121851E-01  1.0000000E-99  1.0000000E-99
  492  3.8320820E+05  1.8578202E+00  1.4738777E+03  3.4167142E+20  2.0221167E-01  1.0000000E-99  1.0000000E-99
  493  3.8398826E+05  1.8616020E+00  1.4768779E+03  3.4152887E+20  2.0320852E-01  1.0000000E-99  1.0000000E-99
  494  3.8476833E+05  1.8653839E+00  1.4798782E+03  3.4138597E+20  2.0420906E-01  1.0000000E-99  1.0000000E-99
  495  3.8554840E+05  1.8691657E+00  1.4828785E+03  3.4124271E+20  2.0521331E-01  1.0000000E-99  1.0000000E-99
  496  3.8632847E+05  1.8729475E+00  1.4858787E+03  3.4109911E+20  2.0622129E-01  1.0000000E-99  1.0000000E-99
  497  3.8710853E+05  1.8767293E+00  1.4888790E+03  3.4095515E+20  2.0723301E-01  1.0000000E-99  1.0000000E-99
  498  3.8788860E+05  1.8805112E+00  1.4918792E+03  3.4081084E+20  2.0824848E-01  1.0000000E-99  1.0000000E-99
  499  3.8866867E+05  1.8842930E+00  1.4948795E+03  3.4066619E+20  2.0926773E-01  1.0000000E-99  1.0000000E-99
  500  3.8944874E+05  1.8880748E+00  1.4978798E+03  3.4052117E+20  2.1029076E-01  1.0000000E-99  1.0000000E-99
  501  3.9022880E+05  1.8918566E+00  1.5008800E+03  3.4037581E+20  2.1131758E-01  1.0000000E-99  1.0000000E-99
  502  3.9100887E+05  1.8956384E+00  1.5038803E+03  3.4023009E+20  2.1234823E-01  1.0000000E-99  1.0000000E-99
  503  3.9178894E+05  1.8994203E+00  1.5068805E+03  3.4008402E+20  2.1338270E-01  1.0000000E-99  1.0000000E-99
  504  3.9256901E+05  1.9032021E+00  1.5098808E+03  3.3993759E+20  2.1442101E-01  1.0000000E-99  1.0000000E-99
  505  3.9334907E+05  1.9069839E+00  1.5128811E+03  3.3979081E+20  2.1546319E-01  1.0000000E-99  1.0000000E-99
  506  3.9412914E+05  1.9107657E+00  1.5158813E+03  3.3964368E+20  2.1650924E-01  1.0000000E-99  1.0000000E-99
  507  3.9490921E+05  1.9145476E+00  1.5188816E+03  3.3949619E+20  2.1755918E-01  1.0000000E-99  1.0000000E-99
  508  3.9568928E+05  1.9183294E+00  1.5218818E+03  3.3934834E+20  2.1861303E-01  1.0000000E-99  1.0000000E-99
  509  3.9646934E+05  1.9221112E+00  1.5248821E+03  3.3920014E+20  2.1967080E-01  1.0000000E-99  1.0000000E-99
  510  3.9724941E+05  1.9258930E+00  1.5278824E+03  3.3905158E+20  2.2073251E-01  1.0000000E-99  1.0000000E-99
  511  3.9802948E+05  1.9296748E+00  1.5308826E+03  3.3890266E+20  2.2179817E-01  1.0000000E-99  1.0000000E-99
  512  3.9880955E+05  1.9334567E+00  1.5338829E+03  3.3875338E+20  2.2286779E-01  1.0000000E-99  1.0000000E-99
  513  3.9958961E+05  1.9372385E+00  1.5368831E+03  3.3860375E+20  2.2394141E-01  1.0000000E-99  1.0000000E-99
  514  4.0036968E+05  1.9410203E+00  1.5398834E+03  3.3845375E+20  2.2501902E-01  1.0000000E-99  1.0000000E-99
  515  4.0114975E+05  1.9448021E+00  1.5428837E+03  3.3830340E+20  2.2610065E-01  1.0000000E-99  1.0000000E-99
  516  4.0192982E+05  1.9485840E+00  1.5458839E+03  3.3815269E+20  2.2718631E-01  1.0000000E-99  1.0000000E-99
  517  4.0270989E+05  1.9523658E+00  1.5488842E+03  3.3800162E+20  2.2827603E-01  1.0000000E-99  1.0000000E-99
  518  4.0348995E+05  1.9561476E+00  1.5518844E+03  3.3785018E+20  2.2936981E-01  1.0000000E-99  1.0000000E-99
  519  4.0427002E+05  1.9599294E+00  1.5548847E+03  3.3769839E+20  2.3046767E-01  1.0000000E-99  1.0000000E-99
  520  4.0505009E+05  1.9637112E+00  1.5578850E+03  3.3754623E+20  2.3156963E-01  1.0000000E-99  1.0000000E-99
  521  4.0583016E+05  1.9674931E+00  1.5608852E+03  3.3739371E+20  2.3267571E-01  1.0000000E-99  1.0000000E-99
  522  4.0661022E+05  1.9712749E+00  1.5638855E+03  3.3724083E+20  2.3378592E-01  1.0000000E-99  1.0000000E-99
  523  4.0739029E+05  1.9750567E+00  1.5668857E+03  3.3708758E+20  2.3490028E-01  1.0000000E-99  1.0000000E-99
  524  4.0817036E+05  1.9788385E+00  1.5698860E+03  3.3693397E+20  2.3601881E-01  1.0000000E-99  1.0000000E-99
  525  4.0895043E+05  1.9826204E+00  1.5728863E+03  3.3678000E+20  2.3714152E-01  1.0000000E-99  1.0000000E-99
  526  4.0973049E+05  1.9864022E+00  1.5758865E+03  3.3662566E+20  2.3826843E-01  1.0000000E-99  1.0000000E-99
  527  4.1051056E+05  1.9901840E+00  1.5788868E+03  3.3647096E+20  2.3939956E-01  1.0000000E-99  1.0000000E-99
  528  4.1129063E+05  1.9939658E+00  1.5818870E+03  3.3631589E+20  2.4053493E-01  1.0000000E-99  1.0000000E-99
  529  4.1207070E+05  1.9977476E+00  1.5848873E+03  3.3616046E+20  2.4167455E-01  1.0000000E-99  1.0000000E-99
  530  4.1285076E+05  2.0015295E+00  1.5878876E+03  3.3600465E+20  2.4281844E-01  1.0000000E-99  1.0000000E-99
  531  4.1363083E+05  2.0053113E+00  1.5908878E+03  3.3584849E+20  2.4396663E-01  1.0000000E-99  1.0000000E-99
  532  4.1441090E+05  2.0090931E+00  1.5938881E+03  3.3569195E+20  2.4511912E-01  1.0000000E-99  1.0000000E-99
  533  4.1519097E+05  2.0128749E+00  1.5968883E+03  3.3553504E+20  2.4627593E-01  1.0000000E-99  1.0000000E-99
  534  4.1597103E+05  2.0166568E+00  1.5998886E+03  3.3537777E+20  2.4743709E-01  1.0000000E-99  1.0000000E-99
  535  4.1675110E+05  2.0204386E+00  1.6028889E+03  3.3522013E+20  2.4860261E-01  1.0000000E-99  1.0000000E-99
  536  4.1753117E+05  2.0242204E+00  1.6058891E+03  3.3506211E+20  2.4977251E-01  1.0000000E-99  1.0000000E-99
  537  4.1831124E+05  2.0280022E+00  1.6088894E+03  3.3490373E+20  2.5094682E-01  1.0000000E-99  1.0000000E-99
  538  4.1909130E+05  2.0317840E+00  1.6118896E+03  3.3474497E+20  2.5212553E-01  1.0000000E-99  1.0000000E-99
  539  4.1987137E+05  2.0355659E+00  1.6148899E+03  3.3458585E+20  2.5330869E-01  1.0000000E-99  1.0000000E-99
  540  4.2065144E+05  2.0393477E+00  1.6178902E+03  3.3442635E+20  2.5449630E-01  1.0000000E-99  1.0000000E-99
  541  4.2143151E+05  2.0431295E+00  1.6208904E+03  3.3426648E+20  2.5568838E-01  1.0000000E-99  1.0000000E-99
  542  4.2221157E+05  2.0469113E+00  1.6238907E+03  3.3410623E+20  2.5688496E-01  1.0000000E-99  1.0000000E-99
  543  4.2299164E+05  2.0506932E+00  1.6268909E+03  3.3394562E+20  2.5808604E-01  1.0000000E-99  1.0000000E-99
  544  4.2377171E+05  2.0544750E+00  1.6298912E+03  3.3378463E+20  2.5929166E-01  1.0000000E-99  1.0000000E-99
  545  4.2455178E+05  2.0582568E+00  1.6328915E+03  3.3362326E+20  2.6050183E-01  1.0000000E-99  1.0000000E-99
  546  4.2533184E+05  2.0620386E+00  1.6358917E+03  3.3346152E+20  2.6171658E-01  1.0000000E-99  1.0000000E-99
  547  4.2611191E+05  2.0658204E+00  1.6388920E+03  3.3329940E+20  2.6293591E-01  1.0000000E-99  1.0000000E-99
  548  4.2689198E+05  2.0696023E+00  1.6418922E+03  3.3313691E+20  2.6415985E-01  1.0000000E-99  1.0000000E-99
  549  4.2767205E+05  2.0733841E+00  1.6448925E+03  3.3297404E+20  2.6538842E-01  1.0000000E-99  1.0000000E-99
  550  4.2845212E+05  2.0771659E+00  1.6478928E+03  3.3281079E+20  2.6662165E-01  1.0000000E-99  1.0000000E-99
  551  4.2923218E+05  2.0809477E+00  1.6508930E+03  3.3264717E+20  2.6785954E-01  1.0000000E-99  1.0000000E-99
  552  4.3001225E+05  2.0847296E+00  1.6538933E+03  3.3248316E+20  2.6910213E-01  1.0000000E-99  1.0000000E-99
  553  4.3079232E+05  2.0885114E+00  1.6568935E+03  3.3231878E+20  2.7034942E-01  1.0000000E-99  1.0000000E-99
  554  4.3157239E+05  2.0922932E+00  1.6598938E+03  3.3215402E+20  2.7160145E-01  1.0000000E-99  1.0000000E-99
  555  4.3235245E+05  2.0960750E+00  1.6628941E+03  3.3198887E+20  2.7285823E-01  1.0000000E-99  1.0000000E-99
  556  4.3313252E+05  2.0998569E+00  1.6658943E+03  3.3182335E+20  2.7411978E-01  1.0000000E-99  1.0000000E-99
  557  4.3391259E+05  2.1036387E+00  1.6688946E+03  3.3165744E+20  2.7538613E-01  1.0000000E-99  1.0000000E-99
  558  4.3469266E+05  2.1074205E+00  1.6718948E+03  3.3149116E+20  2.7665730E-01  1.0000000E-99  1.0000000E-99
  559  4.3547272E+05  2.1112023E+00  1.6748951E+03  3.3132449E+20  2.7793330E-01  1.0000000E-99  1.0000000E-99
  560  4.3625279E+05  2.1149841E+00  1.6778953E+03  3.3115744E+20  2.7921416E-01  1.0000000E-99  1.0000000E-99
  561  4.3703286E+05  2.1187660E+00  1.6808956E+03  3.3099000E+20  2.8049990E-01  1.0000000E-99  1.0000000E-99
  562  4.3781293E+05  2.1225478E+00  1.6838959E+03  3.3082218E+20  2.8179054E-01  1.0000000E-99  1.0000000E-99
  563  4.3859299E+05  2.1263296E+00  1.6868961E+03  3.3065397E+20  2.8308610E-01  1.0000000E-99  1.0000000E-99
  564  4.3937306E+05  2.1301114E+00  1.6898964E+03  3.3048538E+20  2.8438661E-01  1.0000000E-99  1.0000000E-99
  565  4.4015313E+05  2.1338933E+00  1.6928966E+03  3.3031641E+20  2.8569209E-01  1.0000000E-99  1.0000000E-99
  566  4.4093320E+05  2.1376751E+00  1.6958969E+03  3.3014704E+20  2.8700256E-01  1.0000000E-99  1.0000000E-99
  567  4.4171326E+05  2.1414569E+00  1.6988972E+03  3.2997729E+20  2.8831804E-01  1.0000000E-99  1.0000000E-99
  568  4.4249333E+05  2.1452387E+00  1.7018974E+03  3.2980715E+20  2.8963855E-01  1.0000000E-99  1.0000000E-99
  569  4.4327340E+05  2.1490205E+00  1.7048977E+03  3.2963663E+20  2.9096413E-01  1.0000000E-99  1.0000000E-99
  570  4.4405347E+05  2.1528024E+00  1.7078979E+03  3.2946571E+20  2.9229478E-01  1.0000000E-99  1.0000000E-99
  571  4.4483353E+05  2.1565842E+00  1.7108982E+03  3.2929441E+20  2.9363053E-01  1.0000000E-99  1.0000000E-99
  572  4.4561360E+05  2.1603660E+00  1.7138985E+03  3.2912271E+20  2.9497142E-01  1.0000000E-99  1.0000000E-99
  573  4.4639367E+05  2.1641478E+00  1.7168987E+03  3.2895063E+20  2.9631745E-01  1.0000000E-99  1.0000000E-99
  574  4.4717374E+05  2.1679297E+00  1.7198990E+03  3.2877815E+20  2.9766865E-01  1.0000000E-99  1.0000000E-99
  575  4.4795380E+05  2.1717115E+00  1.7228992E+03  3.2860528E+20  2.9902506E-01  1.0000000E-99  1.0000000E-99
  576  4.4873387E+05  2.1754933E+00  1.7258995E+03  3.2843202E+20  3.0038668E-01  1.0000000E-99  1.0000000E-99
  577  4.4951394E+05  2.1792751E+00  1.7288998E+03  3.2825836E+20  3.0175355E-01  1.0000000E-99  1.0000000E-99
  578  4.5029401E+05  2.1830569E+00  1.7319000E+03  3.2808431E+20  3.0312568E-01  1.0000000E-99  1.0000000E-99
  579  4.5107407E+05  2.1868388E+00  1.7349003E+03  3.2790987E+20  3.0450311E-01  1.0000000E-99  1.0000000E-99
  580  4.5185414E+05  2.1906206E+00  1.7379005E+03  3.2773503E+20  3.0588586E-01  1.0000000E-99  1.0000000E-99
  581  4.5263421E+05  2.1944024E+00  1.7409008E+03  3.2755979E+20  3.0727395E-01  1.0000000E-99  1.0000000E-99
  582  4.5341428E+05  2.1981842E+00  1.7439011E+03  3.2738416E+20  3.0866740E-01  1.0000000E-99  1.0000000E-99
  583  4.5419435E+05  2.2019661E+00  1.7469013E+03  3.2720813E+20  3.1006625E-01  1.0000000E-99  1.0000000E-99
  584  4.5497441E+05  2.2057479E+00  1.7499016E+03  3.2703171E+20  3.1147051E-01  1.0000000E-99  1.0000000E-99
  585  4.5575448E+05  2.2095297E+00  1.7529018E+03  3.2685488E+20  3.1288021E-01  1.0000000E-99  1.0000000E-99
  586  4.5653455E+05  2.2133115E+00  1.7559021E+03  3.2667766E+20  3.1429539E-01  1.0000000E-99  1.0000000E-99
  587  4.5731462E+05  2.2170933E+00  1.7589024E+03  3.2650004E+20  3.1571605E-01  1.0000000E-99  1.0000000E-99
  588  4.5809468E+05  2.2208752E+00  1.7619026E+03  3.2632201E+20  3.1714223E-01  1.0000000E-99  1.0000000E-99
  589  4.5887475E+05  2.2246570E+00  1.7649029E+03  3.2614359E+20  3.1857396E-01  1.0000000E-99  1.0000000E-99
  590  4.5965482E+05  2.2284388E+00  1.7679031E+03  3.2596476E+20  3.2001126E-01  1.0000000E-99  1.0000000E-99
  591  4.6043489E+05  2.2322206E+00  1.7709034E+03  3.2578553E+20  3.2145415E-01  1.0000000E-99  1.0000000E-99
  592  4.6121495E+05  2.2360025E+00  1.7739037E+03  3.2560590E+20  3.2290267E-01  1.0000000E-99  1.0000000E-99
  593  4.6199502E+05  2.2397843E+00  1.7769039E+03  3.2542587E+20  3.2435684E-01  1.0000000E-99  1.0000000E-99
  594  4.6277509E+05  2.2435661E+00  1.7799042E+03  3.2524543E+20  3.2581668E-01  1.0000000E-99  1.0000000E-99
  595  4.6355516E+05  2.2473479E+00  1.7829044E+03  3.2506459E+20  3.2728223E-01  1.0000000E-99  1.0000000E-99
  596  4.6433522E+05  2.2511297E+00  1.7859047E+03  3.2488334E+20  3.2875350E-01  1.0000000E-99  1.0000000E-99
  597  4.6511529E+05  2.2549116E+00  1.7889050E+03  3.2470168E+20  3.3023054E-01  1.0000000E-99  1.0000000E-99
  598  4.6589536E+05  2.2586934E+00  1.7919052E+03  3.2451962E+20  3.3171336E-01  1.0000000E-99  1.0000000E-99
  599  4.6667543E+05  2.2624752E+00  1.7949055E+03  3.2433715E+20  3.3320200E-01  1.0000000E-99  1.0000000E-99
  600  4.6745549E+05  2.2662570E+00  1.7979057E+03  3.2415427E+20  3.3469647E-01  1.0000000E-99  1.0000000E-99
  601  4.6823556E+05  2.2700389E+00  1.8009060E+03  3.2397098E+20  3.3619682E-01  1.0000000E-99  1.0000000E-99
  602  4.6901563E+05  2.2738207E+00  1.8039063E+03  3.2378728E+20  3.3770306E-01  1.0000000E-99  1.0000000E-99
  603  4.6979570E+05  2.2776025E+00  1.8069065E+03  3.2360317E+20  3.3921523E-01  1.0000000E-99  1.0000000E-99
  604  4.7057576E+05  2.2813843E+00  1.8099068E+03  3.2341865E+20  3.4073335E-01  1.0000000E-99  1.0000000E-99
  605  4.7135583E+05  2.2851661E+00  1.8129070E+03  3.2323372E+20  3.4225746E-01  1.0000000E-99  1.0000000E-99
  606  4.7213590E+05  2.2889480E+00  1.8159073E+03  3.2304838E+20  3.4378758E-01  1.0000000E-99  1.0000000E-99
  607  4.7291597E+05  2.2927298E+00  1.8189076E+03  3.2286262E+20  3.4532374E-01  1.0000000E-99  1.0000000E-99
  608  4.7369603E+05  2.2965116E+00  1.8219078E+03  3.2267645E+20  3.4686598E-01  1.0000000E-99  1.0000000E-99
  609  4.7447610E+05  2.3002934E+00  1.8249081E+03  3.2248987E+20  3.4841431E-01  1.0000000E-99  1.0000000E-99
  610  4.7525617E+05  2.3040753E+00  1.8279083E+03  3.2230286E+20  3.4996878E-01  1.0000000E-99  1.0000000E-99
  611  4.7603624E+05  2.3078571E+00  1.8309086E+03  3.2211545E+20  3.5152940E-01  1.0000000E-99  1.0000000E-99
  612  4.7681630E+05  2.3116389E+00  1.8339089E+03  3.2192761E+20  3.5309622E-01  1.0000000E-99  1.0000000E-99
  613  4.7759637E+05  2.3154207E+00  1.8369091E+03  3.2173936E+20  3.5466926E-01  1.0000000E-99  1.0000000E-99
  614  4.7837644E+05  2.3192025E+00  1.8399094E+03  3.2155069E+20  3.5624856E-01  1.0000000E-99  1.0000000E-99
  615  4.7915651E+05  2.3229844E+00  1.8429096E+03  3.2136160E+20  3.5783414E-01  1.0000000E-99  1.0000000E-99
  616  4.7993658E+05  2.3267662E+00  1.8459099E+03  3.2117209E+20  3.5942603E-01  1.0000000E-99  1.0000000E-99
  617  4.8071664E+05  2.3305480E+00  1.8489102E+03  3.2098216E+20  3.6102427E-01  1.0000000E-99  1.0000000E-99
  618  4.8149671E+05  2.3343298E+00  1.8519104E+03  3.2079181E+20  3.6262888E-01  1.0000000E-99  1.0000000E-99
  619  4.8227678E+05  2.3381117E+00  1.8549107E+03  3.2060104E+20  3.6423991E-01  1.0000000E-99  1.0000000E-99
  620  4.8305685E+05  2.3418935E+00  1.8579109E+03  3.2040984E+20  3.6585738E-01  1.0000000E-99  1.0000000E-99
  621  4.8383691E+05  2.3456753E+00  1.8609112E+03  3.2021822E+20  3.6748132E-01  1.0000000E-99  1.0000000E-99
  622  4.8461698E+05  2.3494571E+00  1.8639115E+03  3.2002618E+20  3.6911177E-01  1.0000000E-99  1.0000000E-99
  623  4.8539705E+05  2.3532389E+00  1.8669117E+03  3.1983371E+20  3.7074876E-01  1.0000000E-99  1.0000000E-99
  624  4.8617712E+05  2.3570208E+00  1.8699120E+03  3.1964082E+20  3.7239232E-01  1.0000000E-99  1.0000000E-99
  625  4.8695718E+05  2.3608026E+00  1.8729122E+03  3.1944750E+20  3.7404249E-01  1.0000000E-99  1.0000000E-99
  626  4.8773725E+05  2.3645844E+00  1.8759125E+03  3.1925375E+20  3.7569929E-01  1.0000000E-99  1.0000000E-99
  627  4.8851732E+05  2.3683662E+00  1.8789128E+03  3.1905957E+20  3.7736277E-01  1.0000000E-99  1.0000000E-99
  628  4.8929739E+05  2.3721481E+00  1.8819130E+03  3.1886497E+20  3.7903295E-01  1.0000000E-99  1.0000000E-99
  629  4.9007745E+05  2.3759299E+00  1.8849133E+03  3.1866993E+20  3.8070988E-01  1.0000000E-99  1.0000000E-99
  630  4.9085752E+05  2.3797117E+00  1.8879135E+03  3.1847446E+20  3.8239358E-01  1.0000000E-99  1.0000000E-99
  631  4.9163759E+05  2.3834935E+00  1.8909138E+03  3.1827857E+20  3.8408409E-01  1.0000000E-99  1.0000000E-99
  632  4.9241766E+05  2.3872753E+00  1.8939141E+03  3.1808224E+20  3.8578145E-01  1.0000000E-99  1.0000000E-99
  633  4.9319772E+05  2.3910572E+00  1.8969143E+03  3.1788547E+20  3.8748568E-01  1.0000000E-99  1.0000000E-99
  634  4.9397779E+05  2.3948390E+00  1.8999146E+03  3.1768828E+20  3.8919683E-01  1.0000000E-99  1.0000000E-99
  635  4.9475786E+05  2.3986208E+00  1.9029148E+03  3.1749065E+20  3.9091493E-01  1.0000000E-99  1.0000000E-99
  636  4.9553793E+05  2.4024026E+00  1.9059151E+03  3.1729258E+20  3.9264002E-01  1.0000000E-99  1.0000000E-99
  637  4.9631799E+05  2.4061845E+00  1.9089154E+03  3.1709408E+20  3.9437213E-01  1.0000000E-99  1.0000000E-99
  638  4.9709806E+05  2.4099663E+00  1.9119156E+03  3.1689514E+20  3.9611130E-01  1.0000000E-99  1.0000000E-99
  639  4.9787813E+05  2.4137481E+00  1.9149159E+03  3.1669576E+20  3.9785757E-01  1.0000000E-99  1.0000000E-99
  640  4.9865820E+05  2.4175299E+00  1.9179161E+03  3.1649595E+20  3.9961097E-01  1.0000000E-99  1.0000000E-99
  641  4.9943826E+05  2.4213117E+00  1.9209164E+03  3.1629569E+20  4.0137155E-01  1.0000000E-99  1.0000000E-99
  642  5.0021833E+05  2.4250936E+00  1.9239167E+03  3.1609500E+20  4.0313933E-01  1.0000000E-99  1.0000000E-99
  643  5.0099840E+05  2.4288754E+00  1.9269169E+03  3.1589386E+20  4.0491435E-01  1.0000000E-99  1.0000000E-99
  644  5.0177847E+05  2.4326572E+00  1.9299172E+03  3.1569228E+20  4.0669666E-01  1.0000000E-99  1.0000000E-99
  645  5.0255853E+05  2.4364390E+00  1.9329174E+03  3.1549026E+20  4.0848629E-01  1.0000000E-99  1.0000000E-99
  646  5.0333860E+05  2.4402209E+00  1.9359177E+03  3.1528780E+20  4.1028329E-01  1.0000000E-99  1.0000000E-99
  647  5.0411867E+05  2.4440027E+00  1.9389180E+03  3.1508489E+20  4.1208768E-01  1.0000000E-99  1.0000000E-99
  648  5.0489874E+05  2.4477845E+00  1.9419182E+03  3.1488153E+20  4.1389951E-01  1.0000000E-99  1.0000000E-99
  649  5.0567881E+05  2.4515663E+00  1.9449185E+03  3.1467773E+20  4.1571882E-01  1.0000000E-99  1.0000000E-99
  650  5.0645887E+05  2.4553482E+00  1.9479187E+03  3.1447348E+20  4.1754565E-01  1.0000000E-99  1.0000000E-99
  651  5.0723894E+05  2.4591300E+00  1.9509190E+03  3.1426878E+20  4.1938004E-01  1.0000000E-99  1.0000000E-99
  652  5.0801901E+05  2.4629118E+00  1.9539193E+03  3.1406364E+20  4.2122203E-01  1.0000000E-99  1.0000000E-99
  653  5.0879908E+05  2.4666936E+00  1.9569195E+03  3.1385804E+20  4.2307165E-01  1.0000000E-99  1.0000000E-99
  654  5.0957914E+05  2.4704754E+00  1.9599198E+03  3.1365200E+20  4.2492896E-01  1.0000000E-99  1.0000000E-99
  655  5.1035921E+05  2.4742573E+00  1.9629200E+03  3.1344550E+20  4.2679399E-01  1.0000000E-99  1.0000000E-99
  656  5.1113928E+05  2.4780391E+00  1.9659203E+03  3.1323855E+20  4.2866678E-01  1.0000000E-99  1.0000000E-99
  657  5.1191935E+05  2.4818209E+00  1.9689206E+03  3.1303115E+20  4.3054738E-01  1.0000000E-99  1.0000000E-99
  658  5.1269941E+05  2.4856027E+00  1.9719208E+03  3.1282329E+20  4.3243583E-01  1.0000000E-99  1.0000000E-99
  659  5.1347948E+05  2.4893846E+00  1.9749211E+03  3.1261498E+20  4.3433217E-01  1.0000000E-99  1.0000000E-99
  660  5.1425955E+05  2.4931664E+00  1.9779213E+03  3.1240621E+20  4.3623644E-01  1.0000000E-99  1.0000000E-99
  661  5.1503962E+05  2.4969482E+00  1.9809216E+03  3.1219698E+20  4.3814868E-01  1.0000000E-99  1.0000000E-99
  662  5.1581968E+05  2.5007300E+00  1.9839219E+03  3.1198730E+20  4.4006895E-01  1.0000000E-99  1.0000000E-99
  663  5.1659975E+05  2.5045118E+00  1.9869221E+03  3.1177716E+20  4.4199728E-01  1.0000000E-99  1.0000000E-99
  664  5.1737982E+05  2.5082937E+00  1.9899224E+03  3.1156656E+20  4.4393372E-01  1.0000000E-99  1.0000000E-99
  665  5.1815989E+05  2.5120755E+00  1.9929226E+03  3.1135549E+20  4.4587831E-01  1.0000000E-99  1.0000000E-99
  666  5.1893995E+05  2.5158573E+00  1.9959229E+03  3.1114397E+20  4.4783110E-01  1.0000000E-99  1.0000000E-99
  667  5.1972002E+05  2.5196391E+00  1.9989232E+03  3.1093198E+20  4.4979213E-01  1.0000000E-99  1.0000000E-99
  668  5.2050009E+05  2.5234210E+00  2.0019234E+03  3.1071953E+20  4.5176145E-01  1.0000000E-99  1.0000000E-99
  669  5.2128016E+05  2.5272028E+00  2.0049237E+03  3.1050662E+20  4.5373910E-01  1.0000000E-99  1.0000000E-99
  670  5.2206022E+05  2.5309846E+00  2.0079239E+03  3.1029324E+20  4.5572514E-01  1.0000000E-99  1.0000000E-99
  671  5.2284029E+05  2.5347664E+00  2.0109242E+03  3.1007939E+20  4.5771960E-01  1.0000000E-99  1.0000000E-99
  672  5.2362036E+05  2.5385482E+00  2.0139245E+03  3.0986508E+20  4.5972253E-01  1.0000000E-99  1.0000000E-99
  673  5.2440043E+05  2.5423301E+00  2.0169247E+03  3.0965030E+20  4.6173399E-01  1.0000000E-99  1.0000000E-99
  674  5.2518049E+05  2.5461119E+00  2.0199250E+03  3.0943505E+20  4.6375402E-01  1.0000000E-99  1.0000000E-99
  675  5.2596056E+05  2.5498937E+00  2.0229252E+03  3.0921932E+20  4.6578266E-01  1.0000000E-99  1.0000000E-99
  676  5.2674063E+05  2.5536755E+00  2.0259255E+03  3.0900313E+20  4.6781997E-01  1.0000000E-99  1.0000000E-99
  677  5.2752070E+05  2.5574574E+00  2.0289258E+03  3.0878647E+20  4.6986599E-01  1.0000000E-99  1.0000000E-99
  678  5.2830076E+05  2.5612392E+00  2.0319260E+03  3.0856933E+20  4.7192078E-01  1.0000000E-99  1.0000000E-99
  679  5.2908083E+05  2.5650210E+00  2.0349263E+03  3.0835172E+20  4.7398438E-01  1.0000000E-99  1.0000000E-99
  680  5.2986090E+05  2.5688028E+00  2.0379265E+03  3.0813363E+20  4.7605684E-01  1.0000000E-99  1.0000000E-99
  681  5.3064097E+05  2.5725846E+00  2.0409268E+03  3.0791506E+20  4.7813822E-01  1.0000000E-99  1.0000000E-99
  682  5.3142103E+05  2.5763665E+00  2.0439271E+03  3.0769602E+20  4.8022856E-01  1.0000000E-99  1.0000000E-99
  683  5.3220110E+05  2.5801483E+00  2.0469273E+03  3.0747650E+20  4.8232792E-01  1.0000000E-99  1.0000000E-99
  684  5.3298117E+05  2.5839301E+00  2.0499276E+03  3.0725651E+20  4.8443634E-01  1.0000000E-99  1.0000000E-99
  685  5.3376124E+05  2.5877119E+00  2.0529278E+03  3.0703603E+20  4.8655389E-01  1.0000000E-99  1.0000000E-99
  686  5.3454131E+05  2.5914938E+00  2.0559281E+03  3.0681507E+20  4.8868060E-01  1.0000000E-99  1.0000000E-99
  687  5.3532137E+05  2.5952756E+00  2.0589284E+03  3.0659362E+20  4.9081654E-01  1.0000000E-99  1.0000000E-99
  688  5.3610144E+05  2.5990574E+00  2.0619286E+03  3.0637170E+20  4.9296176E-01  1.0000000E-99  1.0000000E-99
  689  5.3688151E+05  2.6028392E+00  2.0649289E+03  3.0614929E+20  4.9511631E-01  1.0000000E-99  1.0000000E-99
  690  5.3766158E+05  2.6066210E+00  2.0679291E+03  3.0592639E+20  4.9728025E-01  1.0000000E-99  1.0000000E-99
  691  5.3844164E+05  2.6104029E+00  2.0709294E+03  3.0570301E+20  4.9945362E-01  1.0000000E-99  1.0000000E-99
  692  5.3922171E+05  2.6141847E+00  2.0739297E+03  3.0547914E+20  5.0163649E-01  1.0000000E-99  1.0000000E-99
  693  5.4000178E+05  2.6179665E+00  2.0769299E+03  3.0525478E+20  5.0382891E-01  1.0000000E-99  1.0000000E-99
  694  5.4078185E+05  2.6217483E+00  2.0799302E+03  3.0502993E+20  5.0603094E-01  1.0000000E-99  1.0000000E-99
  695  5.4156191E+05  2.6255302E+00  2.0829304E+03  3.0480459E+20  5.0824263E-01  1.0000000E-99  1.0000000E-99
  696  5.4234198E+05  2.6293120E+00  2.0859307E+03  3.0457876E+20  5.1046403E-01  1.0000000E-99  1.0000000E-99
  697  5.4312205E+05  2.6330938E+00  2.0889310E+03  3.0435243E+20  5.1269522E-01  1.0000000E-99  1.0000000E-99
  698  5.4390212E+05  2.6368756E+00  2.0919312E+03  3.0412561E+20  5.1493624E-01  1.0000000E-99  1.0000000E-99
  699  5.4468218E+05  2.6406574E+00  2.0949315E+03  3.0389830E+20  5.1718715E-01  1.0000000E-99  1.0000000E-99
  700  5.4546225E+05  2.6444393E+00  2.0979317E+03  3.0367049E+20  5.1944801E-01  1.0000000E-99  1.0000000E-99
  701  5.4624232E+05  2.6482211E+00  2.1009320E+03  3.0344218E+20  5.2171888E-01  1.0000000E-99  1.0000000E-99
  702  5.4702239E+05  2.6520029E+00  2.1039323E+03  3.0321337E+20  5.2399982E-01  1.0000000E-99  1.0000000E-99
  703  5.4780245E+05  2.6557847E+00  2.1069325E+03  3.0298406E+20  5.2629089E-01  1.0000000E-99  1.0000000E-99
  704  5.4858252E+05  2.6595666E+00  2.1099328E+03  3.0275426E+20  5.2859215E-01  1.0000000E-99  1.0000000E-99
  705  5.4936259E+05  2.6633484E+00  2.1129330E+03  3.0252395E+20  5.3090366E-01  1.0000000E-99  1.0000000E-99
  706  5.5014266E+05  2.6671302E+00  2.1159333E+03  3.0229313E+20  5.3322549E-01  1.0000000E-99  1.0000000E-99
  707  5.5092272E+05  2.6709120E+00  2.1189336E+03  3.0206181E+20  5.3555769E-01  1.0000000E-99  1.0000000E-99
  708  5.5170279E+05  2.6746938E+00  2.1219338E+03  3.0182999E+20  5.3790032E-01  1.0000000E-99  1.0000000E-99
  709  5.5248286E+05  2.6784757E+00  2.1249341E+03  3.0159766E+20  5.4025346E-01  1.0000000E-99  1.0000000E-99
  710  5.5326293E+05  2.6822575E+00  2.1279343E+03  3.0136482E+20  5.4261716E-01  1.0000000E-99  1.0000000E-99
  711  5.5404299E+05  2.6860393E+00  2.1309346E+03  3.0113148E+20  5.4499149E-01  1.0000000E-99  1.0000000E-99
  712  5.5482306E+05  2.6898211E+00  2.1339349E+03  3.0089762E+20  5.4737651E-01  1.0000000E-99  1.0000000E-99
  713  5.5560313E+05  2.6936030E+00  2.1369351E+03  3.0066325E+20  5.4977229E-01  1.0000000E-99  1.0000000E-99
  714  5.5638320E+05  2.6973848E+00  2.1399354E+03  3.0042837E+20  5.5217889E-01  1.0000000E-99  1.0000000E-99
  715  5.5716326E+05  2.7011666E+00  2.1429356E+03  3.0019298E+20  5.5459639E-01  1.0000000E-99  1.0000000E-99
  716  5.5794333E+05  2.7049484E+00  2.1459359E+03  2.9995707E+20  5.5702484E-01  1.0000000E-99  1.0000000E-99
  717  5.5872340E+05  2.7087302E+00  2.1489362E+03  2.9972064E+20  5.5946431E-01  1.0000000E-99  1.0000000E-99
  718  5.5950347E+05  2.7125121E+00  2.1519364E+03  2.9948370E+20  5.6191488E-01  1.0000000E-99  1.0000000E-99
  719  5.6028354E+05  2.7162939E+00  2.1549367E+03  2.9924623E+20  5.6437661E-01  1.0000000E-99  1.0000000E-99
  720  5.6106360E+05  2.7200757E+00  2.1579369E+03  2.9900825E+20  5.6684957E-01  1.0000000E-99  1.0000000E-99
  721  5.6184367E+05  2.7238575E+00  2.1609372E+03  2.9876975E+20  5.6933383E-01  1.0000000E-99  1.0000000E-99
  722  5.6262374E+05  2.7276394E+00  2.1639375E+03  2.9853072E+20  5.7182946E-01  1.0000000E-99  1.0000000E-99
  723  5.6340381E+05  2.7314212E+00  2.1669377E+03  2.9829117E+20  5.7433653E-01  1.0000000E-99  1.0000000E-99
  724  5.6418387E+05  2.7352030E+00  2.1699380E+03  2.9805110E+20  5.7685511E-01  1.0000000E-99  1.0000000E-99
  725  5.6496394E+05  2.7389848E+00  2.1729382E+03  2.9781050E+20  5.7938528E-01  1.0000000E-99  1.0000000E-99
  726  5.6574401E+05  2.7427666E+00  2.1759385E+03  2.9756937E+20  5.8192710E-01  1.0000000E-99  1.0000000E-99
  727  5.6652408E+05  2.7465485E+00  2.1789388E+03  2.9732771E+20  5.8448066E-01  1.0000000E-99  1.0000000E-99
  728  5.6730414E+05  2.7503303E+00  2.1819390E+03  2.9708552E+20  5.8704602E-01  1.0000000E-99  1.0000000E-99
  729  5.6808421E+05  2.7541121E+00  2.1849393E+03  2.9684281E+20  5.8962326E-01  1.0000000E-99  1.0000000E-99
  730  5.6886428E+05  2.7578939E+00  2.1879395E+03  2.9659955E+20  5.9221246E-01  1.0000000E-99  1.0000000E-99
  731  5.6964435E+05  2.7616758E+00  2.1909398E+03  2.9635577E+20  5.9481368E-01  1.0000000E-99  1.0000000E-99
  732  5.7042441E+05  2.7654576E+00  2.1939401E+03  2.9611145E+20  5.9742702E-01  1.0000000E-99  1.0000000E-99
  733  5.7120448E+05  2.7692394E+00  2.1969403E+03  2.9586659E+20  6.0005254E-01  1.0000000E-99  1.0000000E-99
  734  5.7198455E+05  2.7730212E+00  2.1999406E+03  2.9562120E+20  6.0269032E-01  1.0000000E-99  1.0000000E-99
  735  5.7276462E+05  2.7768030E+00  2.2029408E+03  2.9537526E+20  6.0534044E-01  1.0000000E-99  1.0000000E-99
  736  5.7354468E+05  2.7805849E+00  2.2059411E+03  2.9512879E+20  6.0800299E-01  1.0000000E-99  1.0000000E-99
  737  5.7432475E+05  2.7843667E+00  2.2089414E+03  2.9488177E+20  6.1067803E-01  1.0000000E-99  1.0000000E-99
  738  5.7510482E+05  2.7881485E+00  2.2119416E+03  2.9463421E+20  6.1336566E-01  1.0000000E-99  1.0000000E-99
  739  5.7588489E+05  2.7919303E+00  2.2149419E+03  2.9438611E+20  6.1606595E-01  1.0000000E-99  1.0000000E-99
  740  5.7666495E+05  2.7957122E+00  2.2179421E+03  2.9413745E+20  6.1877898E-01  1.0000000E-99  1.0000000E-99
  741  5.7744502E+05  2.7994940E+00  2.2209424E+03  2.9388826E+20  6.2150485E-01  1.0000000E-99  1.0000000E-99
  742  5.7822509E+05  2.8032758E+00  2.2239427E+03  2.9363851E+20  6.2424362E-01  1.0000000E-99  1.0000000E-99
  743  5.7900516E+05  2.8070576E+00  2.2269429E+03  2.9338821E+20  6.2699539E-01  1.0000000E-99  1.0000000E-99
  744  5.7978522E+05  2.8108394E+00  2.2299432E+03  2.9313736E+20  6.2976024E-01  1.0000000E-99  1.0000000E-99
  745  5.8056529E+05  2.8146213E+00  2.2329434E+03  2.9288596E+20  6.3253826E-01  1.0000000E-99  1.0000000E-99
  746  5.8134536E+05  2.8184031E+00  2.2359437E+03  2.9263400E+20  6.3532953E-01  1.0000000E-99  1.0000000E-99
  747  5.8212543E+05  2.8221849E+00  2.2389440E+03  2.9238149E+20  6.3813415E-01  1.0000000E-99  1.0000000E-99
  748  5.8290549E+05  2.8259667E+00  2.2419442E+03  2.9212842E+20  6.4095219E-01  1.0000000E-99  1.0000000E-99
  749  5.8368556E+05  2.8297486E+00  2.2449445E+03  2.9187479E+20  6.4378375E-01  1.0000000E-99  1.0000000E-99
  750  5.8446563E+05  2.8335304E+00  2.2479447E+03  2.9162060E+20  6.4662892E-01  1.0000000E-99  1.0000000E-99
  751  5.8524570E+05  2.8373122E+00  2.2509450E+03  2.9136585E+20  6.4948779E-01  1.0000000E-99  1.0000000E-99
  752  5.8602577E+05  2.8410940E+00  2.2539453E+03  2.9111053E+20  6.5236044E-01  1.0000000E-99  1.0000000E-99
  753  5.8680583E+05  2.8448759E+00  2.2569455E+03  2.9085465E+20  6.5524698E-01  1.0000000E-99  1.0000000E-99
  754  5.8758590E+05  2.8486577E+00  2.2599458E+03  2.9059820E+20  6.5814750E-01  1.0000000E-99  1.0000000E-99
  755  5.8836597E+05  2.8524395E+00  2.2629460E+03  2.9034119E+20  6.6106208E-01  1.0000000E-99  1.0000000E-99
  756  5.8914604E+05  2.8562213E+00  2.2659463E+03  2.9008361E+20  6.6399083E-01  1.0000000E-99  1.0000000E-99
  757  5.8992610E+05  2.8600031E+00  2.2689466E+03  2.8982545E+20  6.6693384E-01  1.0000000E-99  1.0000000E-99
  758  5.9070617E+05  2.8637850E+00  2.2719468E+03  2.8956673E+20  6.6989121E-01  1.0000000E-99  1.0000000E-99
  759  5.9148624E+05  2.8675668E+00  2.2749471E+03  2.8930743E+20  6.7286303E-01  1.0000000E-99  1.0000000E-99
  760  5.9226631E+05  2.8713486E+00  2.2779473E+03  2.8904755E+20  6.7584940E-01  1.0000000E-99  1.0000000E-99
  761  5.9304637E+05  2.8751304E+00  2.2809476E+03  2.8878710E+20  6.7885042E-01  1.0000000E-99  1.0000000E-99
  762  5.9382644E+05  2.8789123E+00  2.2839478E+03  2.8852607E+20  6.8186620E-01  1.0000000E-99  1.0000000E-99
  763  5.9460651E+05  2.8826941E+00  2.2869481E+03  2.8826446E+20  6.8489682E-01  1.0000000E-99  1.0000000E-99
  764  5.9538658E+05  2.8864759E+00  2.2899484E+03  2.8800227E+20  6.8794241E-01  1.0000000E-99  1.0000000E-99
  765  5.9616664E+05  2.8902577E+00  2.2929486E+03  2.8773949E+20  6.9100305E-01  1.0000000E-99  1.0000000E-99
  766  5.9694671E+05  2.8940395E+00  2.2959489E+03  2.8747613E+20  6.9407885E-01  1.0000000E-99  1.0000000E-99
  767  5.9772678E+05  2.8978214E+00  2.2989491E+03  2.8721218E+20  6.9716992E-01  1.0000000E-99  1.0000000E-99
  768  5.9850685E+05  2.9016032E+00  2.3019494E+03  2.8694765E+20  7.0027636E-01  1.0000000E-99  1.0000000E-99
  769  5.9928691E+05  2.9053850E+00  2.3049497E+03  2.8668252E+20  7.0339828E-01  1.0000000E-99  1.0000000E-99
  770  6.0006698E+05  2.9091668E+00  2.3079499E+03  2.8641681E+20  7.0653579E-01  1.0000000E-99  1.0000000E-99
  771  6.0084705E+05  2.9129487E+00  2.3109502E+03  2.8615050E+20  7.0968899E-01  1.0000000E-99  1.0000000E-99
  772  6.0162712E+05  2.9167305E+00  2.3139504E+03  2.8588359E+20  7.1285801E-01  1.0000000E-99  1.0000000E-99
  773  6.0240718E+05  2.9205123E+00  2.3169507E+03  2.8561609E+20  7.1604294E-01  1.0000000E-99  1.0000000E-99
  774  6.0318725E+05  2.9242941E+00  2.3199510E+03  2.8534800E+20  7.1924390E-01  1.0000000E-99  1.0000000E-99
  775  6.0396732E+05  2.9280759E+00  2.3229512E+03  2.8507930E+20  7.2246100E-01  1.0000000E-99  1.0000000E-99
  776  6.0474739E+05  2.9318578E+00  2.3259515E+03  2.8481000E+20  7.2569436E-01  1.0000000E-99  1.0000000E-99
  777  6.0552745E+05  2.9356396E+00  2.3289517E+03  2.8454010E+20  7.2894409E-01  1.0000000E-99  1.0000000E-99
  778  6.0630752E+05  2.9394214E+00  2.3319520E+03  2.8426959E+20  7.3221031E-01  1.0000000E-99  1.0000000E-99
  779  6.0708759E+05  2.9432032E+00  2.3349523E+03  2.8399848E+20  7.3549314E-01  1.0000000E-99  1.0000000E-99
  780  6.0786766E+05  2.9469851E+00  2.3379525E+03  2.8372676E+20  7.3879269E-01  1.0000000E-99  1.0000000E-99
  781  6.0864772E+05  2.9507669E+00  2.3409528E+03  2.8345442E+20  7.4210908E-01  1.0000000E-99  1.0000000E-99
  782  6.0942779E+05  2.9545487E+00  2.3439530E+03  2.8318148E+20  7.4544245E-01  1.0000000E-99  1.0000000E-99
  783  6.1020786E+05  2.9583305E+00  2.3469533E+03  2.8290792E+20  7.4879290E-01  1.0000000E-99  1.0000000E-99
  784  6.1098793E+05  2.9621123E+00  2.3499536E+03  2.8263375E+20  7.5216056E-01  1.0000000E-99  1.0000000E-99
  785  6.1176800E+05  2.9658942E+00  2.3529538E+03  2.8235896E+20  7.5554556E-01  1.0000000E-99  1.0000000E-99
  786  6.1254806E+05  2.9696760E+00  2.3559541E+03  2.8208355E+20  7.5894802E-01  1.0000000E-99  1.0000000E-99
  787  6.1332813E+05  2.9734578E+00  2.3589543E+03  2.8180752E+20  7.6236807E-01  1.0000000E-99  1.0000000E-99
  788  6.1410820E+05  2.9772396E+00  2.3619546E+03  2.8153087E+20  7.6580584E-01  1.0000000E-99  1.0000000E-99
  789  6.1488827E+05  2.9810215E+00  2.3649549E+03  2.8125360E+20  7.6926146E-01  1.0000000E-99  1.0000000E-99
  790  6.1566833E+05  2.9848033E+00  2.3679551E+03  2.8097569E+20  7.7273505E-01  1.0000000E-99  1.0000000E-99
  791  6.1644840E+05  2.9885851E+00  2.3709554E+03  2.8069716E+20  7.7622675E-01  1.0000000E-99  1.0000000E-99
  792  6.1722847E+05  2.9923669E+00  2.3739556E+03  2.8041800E+20  7.7973670E-01  1.0000000E-99  1.0000000E-99
  793  6.1800854E+05  2.9961487E+00  2.3769559E+03  2.8013821E+20  7.8326502E-01  1.0000000E-99  1.0000000E-99
  794  6.1878860E+05  2.9999306E+00  2.3799562E+03  2.7985779E+20  7.8681186E-01  1.0000000E-99  1.0000000E-99
  795  6.1956867E+05  3.0037124E+00  2.3829564E+03  2.7957672E+20  7.9037736E-01  1.0000000E-99  1.0000000E-99
  796  6.2034874E+05  3.0074942E+00  2.3859567E+03  2.7929503E+20  7.9396164E-01  1.0000000E-99  1.0000000E-99
  797  6.2112881E+05  3.0112760E+00  2.3889569E+03  2.7901269E+20  7.9756485E-01  1.0000000E-99  1.0000000E-99
  798  6.2190887E+05  3.0150579E+00  2.3919572E+03  2.7872971E+20  8.0118714E-01  1.0000000E-99  1.0000000E-99
  799  6.2268894E+05  3.0188397E+00  2.3949575E+03  2.7844608E+20  8.0482864E-01  1.0000000E-99  1.0000000E-99
  800  6.2346901E+05  3.0226215E+00  2.3979577E+03  2.7816181E+20  8.0848950E-01  1.0000000E-99  1.0000000E-99
  801  6.2424908E+05  3.0264033E+00  2.4009580E+03  2.7787690E+20  8.1216988E-01  1.0000000E-99  1.0000000E-99
  802  6.2502914E+05  3.0301851E+00  2.4039582E+03  2.7759133E+20  8.1586990E-01  1.0000000E-99  1.0000000E-99
  803  6.2580921E+05  3.0339670E+00  2.4069585E+03  2.7730511E+20  8.1958973E-01  1.0000000E-99  1.0000000E-99
  804  6.2658928E+05  3.0377488E+00  2.4099588E+03  2.7701824E+20  8.2332951E-01  1.0000000E-99  1.0000000E-99
  805  6.2736935E+05  3.0415306E+00  2.4129590E+03  2.7673072E+20  8.2708940E-01  1.0000000E-99  1.0000000E-99
  806  6.2814941E+05  3.0453124E+00  2.4159593E+03  2.7644254E+20  8.3086955E-01  1.0000000E-99  1.0000000E-99
  807  6.2892948E+05  3.0490943E+00  2.4189595E+03  2.7615369E+20  8.3467011E-01  1.0000000E-99  1.0000000E-99
  808  6.2970955E+05  3.0528761E+00  2.4219598E+03  2.7586419E+20  8.3849125E-01  1.0000000E-99  1.0000000E-99
  809  6.3048962E+05  3.0566579E+00  2.4249601E+03  2.7557402E+20  8.4233312E-01  1.0000000E-99  1.0000000E-99
  810  6.3126968E+05  3.0604397E+00  2.4279603E+03  2.7528319E+20  8.4619588E-01  1.0000000E-99  1.0000000E-99
  811  6.3204975E+05  3.0642215E+00  2.4309606E+03  2.7499168E+20  8.5007969E-01  1.0000000E-99  1.0000000E-99
  812  6.3282982E+05  3.0680034E+00  2.4339608E+03  2.7469951E+20  8.5398471E-01  1.0000000E-99  1.0000000E-99
  813  6.3360989E+05  3.0717852E+00  2.4369611E+03  2.7440667E+20  8.5791112E-01  1.0000000E-99  1.0000000E-99
  814  6.3438995E+05  3.0755670E+00  2.4399614E+03  2.7411315E+20  8.6185908E-01  1.0000000E-99  1.0000000E-99
  815  6.3517002E+05  3.0793488E+00  2.4429616E+03  2.7381896E+20  8.6582876E-01  1.0000000E-99  1.0000000E-99
  816  6.3595009E+05  3.0831307E+00  2.4459619E+03  2.7352408E+20  8.6982032E-01  1.0000000E-99  1.0000000E-99
  817  6.3673016E+05  3.0869125E+00  2.4489621E+03  2.7322853E+20  8.7383394E-01  1.0000000E-99  1.0000000E-99
  818  6.3751023E+05  3.0906943E+00  2.4519624E+03  2.7293229E+20  8.7786980E-01  1.0000000E-99  1.0000000E-99
  819  6.3829029E+05  3.0944761E+00  2.4549627E+03  2.7263537E+20  8.8192807E-01  1.0000000E-99  1.0000000E-99
  820  6.3907036E+05  3.0982579E+00  2.4579629E+03  2.7233776E+20  8.8600893E-01  1.0000000E-99  1.0000000E-99
  821  6.3985043E+05  3.1020398E+00  2.4609632E+03  2.7203946E+20  8.9011256E-01  1.0000000E-99  1.0000000E-99
  822  6.4063050E+05  3.1058216E+00  2.4639634E+03  2.7174047E+20  8.9423914E-01  1.0000000E-99  1.0000000E-99
  823  6.4141056E+05  3.1096034E+00  2.4669637E+03  2.7144078E+20  8.9838885E-01  1.0000000E-99  1.0000000E-99
  824  6.4219063E+05  3.1133852E+00  2.4699640E+03  2.7114040E+20  9.0256188E-01  1.0000000E-99  1.0000000E-99
  825  6.4297070E+05  3.1171671E+00  2.4729642E+03  2.7083932E+20  9.0675842E-01  1.0000000E-99  1.0000000E-99
  826  6.4375077E+05  3.1209489E+00  2.4759645E+03  2.7053753E+20  9.1097865E-01  1.0000000E-99  1.0000000E-99
  827  6.4453083E+05  3.1247307E+00  2.4789647E+03  2.7023505E+20  9.1522278E-01  1.0000000E-99  1.0000000E-99
  828  6.4531090E+05  3.1285125E+00  2.4819650E+03  2.6993186E+20  9.1949099E-01  1.0000000E-99  1.0000000E-99
  829  6.4609097E+05  3.1322943E+00  2.4849653E+03  2.6962795E+20  9.2378347E-01  1.0000000E-99  1.0000000E-99
  830  6.4687104E+05  3.1360762E+00  2.4879655E+03  2.6932334E+20  9.2810044E-01  1.0000000E-99  1.0000000E-99
  831  6.4765110E+05  3.1398580E+00  2.4909658E+03  2.6901802E+20  9.3244208E-01  1.0000000E-99  1.0000000E-99
  832  6.4843117E+05  3.1436398E+00  2.4939660E+03  2.6871198E+20  9.3680861E-01  1.0000000E-99  1.0000000E-99
  833  6.4921124E+05  3.1474216E+00  2.4969663E+03  2.6840522E+20  9.4120022E-01  1.0000000E-99  1.0000000E-99
  834  6.4999131E+05  3.1512035E+00  2.4999666E+03  2.6809774E+20  9.4561712E-01  1.0000000E-99  1.0000000E-99
  835  6.5077137E+05  3.1549853E+00  2.5029668E+03  2.6778954E+20  9.5005952E-01  1.0000000E-99  1.0000000E-99
  836  6.5155144E+05  3.1587671E+00  2.5059671E+03  2.6748061E+20  9.5452764E-01  1.0000000E-99  1.0000000E-99
  837  6.5233151E+05  3.1625489E+00  2.5089673E+03  2.6717095E+20  9.5902168E-01  1.0000000E-99  1.0000000E-99
  838  6.5311158E+05  3.1663307E+00  2.5119676E+03  2.6686057E+20  9.6354187E-01  1.0000000E-99  1.0000000E-99
  839  6.5389164E+05  3.1701126E+00  2.5149679E+03  2.6654945E+20  9.6808842E-01  1.0000000E-99  1.0000000E-99
  840  6.5467171E+05  3.1738944E+00  2.5179681E+03  2.6623759E+20  9.7266156E-01  1.0000000E-99  1.0000000E-99
  841  6.5545178E+05  3.1776762E+00  2.5209684E+03  2.6592500E+20  9.7726150E-01  1.0000000E-99  1.0000000E-99
  842  6.5623185E+05  3.1814580E+00  2.5239686E+03  2.6561166E+20  9.8188849E-01  1.0000000E-99  1.0000000E-99
  843  6.5701191E+05  3.1852399E+00  2.5269689E+03  2.6529758E+20  9.8654273E-01  1.0000000E-99  1.0000000E-99
  844  6.5779198E+05  3.1890217E+00  2.5299692E+03  2.6498276E+20  9.9122447E-01  1.0000000E-99  1.0000000E-99
  845  6.5857205E+05  3.1928035E+00  2.5329694E+03  2.6466719E+20  9.9593394E-01  1.0000000E-99  1.0000000E-99
  846  6.5935212E+05  3.1965853E+00  2.5359697E+03  2.6435086E+20  1.0006714E+00  1.0000000E-99  1.0000000E-99
  847  6.6013218E+05  3.2003671E+00  2.5389699E+03  2.6403378E+20  1.0054370E+00  1.0000000E-99  1.0000000E-99
  848  6.6091225E+05  3.2041490E+00  2.5419702E+03  2.6371595E+20  1.0102311E+00  1.0000000E-99  1.0000000E-99
  849  6.6169232E+05  3.2079308E+00  2.5449705E+03  2.6339735E+20  1.0150539E+00  1.0000000E-99  1.0000000E-99
  850  6.6247239E+05  3.2117126E+00  2.5479707E+03  2.6307799E+20  1.0199056E+00  1.0000000E-99  1.0000000E-99
  851  6.6325246E+05  3.2154944E+00  2.5509710E+03  2.6275787E+20  1.0247866E+00  1.0000000E-99  1.0000000E-99
  852  6.6403252E+05  3.2192763E+00  2.5539712E+03  2.6243698E+20  1.0296970E+00  1.0000000E-99  1.0000000E-99
  853  6.6481259E+05  3.2230581E+00  2.5569715E+03  2.6211532E+20  1.0346370E+00  1.0000000E-99  1.0000000E-99
  854  6.6559266E+05  3.2268399E+00  2.5599718E+03  2.6179288E+20  1.0396071E+00  1.0000000E-99  1.0000000E-99
  855  6.6637273E+05  3.2306217E+00  2.5629720E+03  2.6146967E+20  1.0446074E+00  1.0000000E-99  1.0000000E-99
  856  6.6715279E+05  3.2344036E+00  2.5659723E+03  2.6114568E+20  1.0496381E+00  1.0000000E-99  1.0000000E-99
  857  6.6793286E+05  3.2381854E+00  2.5689725E+03  2.6082090E+20  1.0546997E+00  1.0000000E-99  1.0000000E-99
  858  6.6871293E+05  3.2419672E+00  2.5719728E+03  2.6049534E+20  1.0597922E+00  1.0000000E-99  1.0000000E-99
  859  6.6949300E+05  3.2457490E+00  2.5749731E+03  2.6016900E+20  1.0649161E+00  1.0000000E-99  1.0000000E-99
  860  6.7027306E+05  3.2495308E+00  2.5779733E+03  2.5984186E+20  1.0700716E+00  1.0000000E-99  1.0000000E-99
  861  6.7105313E+05  3.2533127E+00  2.5809736E+03  2.5951393E+20  1.0752589E+00  1.0000000E-99  1.0000000E-99
  862  6.7183320E+05  3.2570945E+00  2.5839738E+03  2.5918520E+20  1.0804784E+00  1.0000000E-99  1.0000000E-99
  863  6.7261327E+05  3.2608763E+00  2.5869741E+03  2.5885567E+20  1.0857304E+00  1.0000000E-99  1.0000000E-99
  864  6.7339333E+05  3.2646581E+00  2.5899744E+03  2.5852533E+20  1.0910151E+00  1.0000000E-99  1.0000000E-99
  865  6.7417340E+05  3.2684400E+00  2.5929746E+03  2.5819419E+20  1.0963328E+00  1.0000000E-99  1.0000000E-99
  866  6.7495347E+05  3.2722218E+00  2.5959749E+03  2.5786224E+20  1.1016839E+00  1.0000000E-99  1.0000000E-99
  867  6.7573354E+05  3.2760036E+00  2.5989751E+03  2.5752948E+20  1.1070686E+00  1.0000000E-99  1.0000000E-99
  868  6.7651360E+05  3.2797854E+00  2.6019754E+03  2.5719590E+20  1.1124873E+00  1.0000000E-99  1.0000000E-99
  869  6.7729367E+05  3.2835672E+00  2.6049757E+03  2.5686151E+20  1.1179402E+00  1.0000000E-99  1.0000000E-99
  870  6.7807374E+05  3.2873491E+00  2.6079759E+03  2.5652629E+20  1.1234277E+00  1.0000000E-99  1.0000000E-99
  871  6.7885381E+05  3.2911309E+00  2.6109762E+03  2.5619024E+20  1.1289501E+00  1.0000000E-99  1.0000000E-99
  872  6.7963387E+05  3.2949127E+00  2.6139764E+03  2.5585337E+20  1.1345077E+00  1.0000000E-99  1.0000000E-99
  873  6.8041394E+05  3.2986945E+00  2.6169767E+03  2.5551567E+20  1.1401008E+00  1.0000000E-99  1.0000000E-99
  874  6.8119401E+05  3.3024764E+00  2.6199770E+03  2.5517713E+20  1.1457298E+00  1.0000000E-99  1.0000000E-99
  875  6.8197408E+05  3.3062582E+00  2.6229772E+03  2.5483775E+20  1.1513951E+00  1.0000000E-99  1.0000000E-99
  876  6.8275414E+05  3.3100400E+00  2.6259775E+03  2.5449753E+20  1.1570969E+00  1.0000000E-99  1.0000000E-99
  877  6.8353421E+05  3.3138218E+00  2.6289777E+03  2.5415646E+20  1.1628355E+00  1.0000000E-99  1.0000000E-99
  878  6.8431428E+05  3.3176036E+00  2.6319780E+03  2.5381455E+20  1.1686114E+00  1.0000000E-99  1.0000000E-99
  879  6.8509435E+05  3.3213855E+00  2.6349783E+03  2.5347178E+20  1.1744249E+00  1.0000000E-99  1.0000000E-99
  880  6.8587441E+05  3.3251673E+00  2.6379785E+03  2.5312816E+20  1.1802764E+00  1.0000000E-99  1.0000000E-99
  881  6.8665448E+05  3.3289491E+00  2.6409788E+03  2.5278368E+20  1.1861661E+00  1.0000000E-99  1.0000000E-99
  882  6.8743455E+05  3.3327309E+00  2.6439790E+03  2.5243834E+20  1.1920946E+00  1.0000000E-99  1.0000000E-99
  883  6.8821462E+05  3.3365128E+00  2.6469793E+03  2.5209213E+20  1.1980620E+00  1.0000000E-99  1.0000000E-99
  884  6.8899468E+05  3.3402946E+00  2.6499796E+03  2.5174505E+20  1.2040689E+00  1.0000000E-99  1.0000000E-99
  885  6.8977475E+05  3.3440764E+00  2.6529798E+03  2.5139710E+20  1.2101156E+00  1.0000000E-99  1.0000000E-99
  886  6.9055482E+05  3.3478582E+00  2.6559801E+03  2.5104827E+20  1.2162025E+00  1.0000000E-99  1.0000000E-99
  887  6.9133489E+05  3.3516400E+00  2.6589803E+03  2.5069856E+20  1.2223300E+00  1.0000000E-99  1.0000000E-99
  888  6.9211496E+05  3.3554219E+00  2.6619806E+03  2.5034797E+20  1.2284984E+00  1.0000000E-99  1.0000000E-99
  889  6.9289502E+05  3.3592037E+00  2.6649809E+03  2.4999648E+20  1.2347082E+00  1.0000000E-99  1.0000000E-99
  890  6.9367509E+05  3.3629855E+00  2.6679811E+03  2.4964411E+20  1.2409598E+00  1.0000000E-99  1.0000000E-99
  891  6.9445516E+05  3.3667673E+00  2.6709814E+03  2.4929084E+20  1.2472536E+00  1.0000000E-99  1.0000000E-99
  892  6.9523523E+05  3.3705492E+00  2.6739816E+03  2.4893667E+20  1.2535900E+00  1.0000000E-99  1.0000000E-99
  893  6.9601529E+05  3.3743310E+00  2.6769819E+03  2.4858160E+20  1.2599694E+00  1.0000000E-99  1.0000000E-99
  894  6.9679536E+05  3.3781128E+00  2.6799822E+03  2.4822562E+20  1.2663922E+00  1.0000000E-99  1.0000000E-99
  895  6.9757543E+05  3.3818946E+00  2.6829824E+03  2.4786873E+20  1.2728590E+00  1.0000000E-99  1.0000000E-99
  896  6.9835550E+05  3.3856764E+00  2.6859827E+03  2.4751093E+20  1.2793701E+00  1.0000000E-99  1.0000000E-99
  897  6.9913556E+05  3.3894583E+00  2.6889829E+03  2.4715220E+20  1.2859259E+00  1.0000000E-99  1.0000000E-99
  898  6.9991563E+05  3.3932401E+00  2.6919832E+03  2.4679256E+20  1.2925270E+00  1.0000000E-99  1.0000000E-99
  899  7.0069570E+05  3.3970219E+00  2.6949835E+03  2.4643198E+20  1.2991737E+00  1.0000000E-99  1.0000000E-99
  900  7.0147577E+05  3.4008037E+00  2.6979837E+03  2.4607048E+20  1.3058666E+00  1.0000000E-99  1.0000000E-99
  901  7.0225583E+05  3.4045856E+00  2.7009840E+03  2.4570804E+20  1.3126061E+00  1.0000000E-99  1.0000000E-99
  902  7.0303590E+05  3.4083674E+00  2.7039842E+03  2.4534466E+20  1.3193927E+00  1.0000000E-99  1.0000000E-99
  903  7.0381597E+05  3.4121492E+00  2.7069845E+03  2.4498034E+20  1.3262268E+00  1.0000000E-99  1.0000000E-99
  904  7.0459604E+05  3.4159310E+00  2.7099848E+03  2.4461507E+20  1.3331091E+00  1.0000000E-99  1.0000000E-99
  905  7.0537610E+05  3.4197128E+00  2.7129850E+03  2.4424885E+20  1.3400398E+00  1.0000000E-99  1.0000000E-99
  906  7.0615617E+05  3.4234947E+00  2.7159853E+03  2.4388167E+20  1.3470197E+00  1.0000000E-99  1.0000000E-99
  907  7.0693624E+05  3.4272765E+00  2.7189855E+03  2.4351353E+20  1.3540491E+00  1.0000000E-99  1.0000000E-99
  908  7.0771631E+05  3.4310583E+00  2.7219858E+03  2.4314443E+20  1.3611286E+00  1.0000000E-99  1.0000000E-99
  909  7.0849637E+05  3.4348401E+00  2.7249861E+03  2.4277435E+20  1.3682587E+00  1.0000000E-99  1.0000000E-99
  910  7.0927644E+05  3.4386220E+00  2.7279863E+03  2.4240331E+20  1.3754399E+00  1.0000000E-99  1.0000000E-99
  911  7.1005651E+05  3.4424038E+00  2.7309866E+03  2.4203128E+20  1.3826728E+00  1.0000000E-99  1.0000000E-99
  912  7.1083658E+05  3.4461856E+00  2.7339868E+03  2.4165828E+20  1.3899580E+00  1.0000000E-99  1.0000000E-99
  913  7.1161664E+05  3.4499674E+00  2.7369871E+03  2.4128428E+20  1.3972959E+00  1.0000000E-99  1.0000000E-99
  914  7.1239671E+05  3.4537492E+00  2.7399874E+03  2.4090930E+20  1.4046871E+00  1.0000000E-99  1.0000000E-99
  915  7.1317678E+05  3.4575311E+00  2.7429876E+03  2.4053331E+20  1.4121323E+00  1.0000000E-99  1.0000000E-99
  916  7.1395685E+05  3.4613129E+00  2.7459879E+03  2.4015633E+20  1.4196320E+00  1.0000000E-99  1.0000000E-99
  917  7.1473691E+05  3.4650947E+00  2.7489881E+03  2.3977834E+20  1.4271867E+00  1.0000000E-99  1.0000000E-99
  918  7.1551698E+05  3.4688765E+00  2.7519884E+03  2.3939934E+20  1.4347972E+00  1.0000000E-99  1.0000000E-99
  919  7.1629705E+05  3.4726584E+00  2.7549887E+03  2.3901932E+20  1.4424639E+00  1.0000000E-99  1.0000000E-99
  920  7.1707712E+05  3.4764402E+00  2.7579889E+03  2.3863829E+20  1.4501874E+00  1.0000000E-99  1.0000000E-99
  921  7.1785719E+05  3.4802220E+00  2.7609892E+03  2.3825623E+20  1.4579685E+00  1.0000000E-99  1.0000000E-99
  922  7.1863725E+05  3.4840038E+00  2.7639894E+03  2.3787313E+20  1.4658078E+00  1.0000000E-99  1.0000000E-99
  923  7.1941732E+05  3.4877856E+00  2.7669897E+03  2.3748901E+20  1.4737058E+00  1.0000000E-99  1.0000000E-99
  924  7.2019739E+05  3.4915675E+00  2.7699900E+03  2.3710384E+20  1.4816633E+00  1.0000000E-99  1.0000000E-99
  925  7.2097746E+05  3.4953493E+00  2.7729902E+03  2.3671763E+20  1.4896808E+00  1.0000000E-99  1.0000000E-99
  926  7.2175752E+05  3.4991311E+00  2.7759905E+03  2.3633037E+20  1.4977591E+00  1.0000000E-99  1.0000000E-99
  927  7.2253759E+05  3.5029129E+00  2.7789907E+03  2.3594205E+20  1.5058989E+00  1.0000000E-99  1.0000000E-99
  928  7.2331766E+05  3.5066948E+00  2.7819910E+03  2.3555267E+20  1.5141007E+00  1.0000000E-99  1.0000000E-99
  929  7.2409773E+05  3.5104766E+00  2.7849913E+03  2.3516222E+20  1.5223654E+00  1.0000000E-99  1.0000000E-99
  930  7.2487779E+05  3.5142584E+00  2.7879915E+03  2.3477071E+20  1.5306937E+00  1.0000000E-99  1.0000000E-99
  931  7.2565786E+05  3.5180402E+00  2.7909918E+03  2.3437811E+20  1.5390861E+00  1.0000000E-99  1.0000000E-99
  932  7.2643793E+05  3.5218220E+00  2.7939920E+03  2.3398444E+20  1.5475436E+00  1.0000000E-99  1.0000000E-99
  933  7.2721800E+05  3.5256039E+00  2.7969923E+03  2.3358968E+20  1.5560668E+00  1.0000000E-99  1.0000000E-99
  934  7.2799806E+05  3.5293857E+00  2.7999926E+03  2.3319382E+20  1.5646565E+00  1.0000000E-99  1.0000000E-99
  935  7.2877813E+05  3.5331675E+00  2.8029928E+03  2.3279687E+20  1.5733135E+00  1.0000000E-99  1.0000000E-99
  936  7.2955820E+05  3.5369493E+00  2.8059931E+03  2.3239881E+20  1.5820385E+00  1.0000000E-99  1.0000000E-99
  937  7.3033827E+05  3.5407312E+00  2.8089933E+03  2.3199964E+20  1.5908323E+00  1.0000000E-99  1.0000000E-99
  938  7.3111833E+05  3.5445130E+00  2.8119936E+03  2.3159935E+20  1.5996957E+00  1.0000000E-99  1.0000000E-99
  939  7.3189840E+05  3.5482948E+00  2.8149939E+03  2.3119795E+20  1.6086296E+00  1.0000000E-99  1.0000000E-99
  940  7.3267847E+05  3.5520766E+00  2.8179941E+03  2.3079541E+20  1.6176347E+00  1.0000000E-99  1.0000000E-99
  941  7.3345854E+05  3.5558584E+00  2.8209944E+03  2.3039174E+20  1.6267119E+00  1.0000000E-99  1.0000000E-99
  942  7.3423860E+05  3.5596403E+00  2.8239946E+03  2.2998694E+20  1.6358621E+00  1.0000000E-99  1.0000000E-99
  943  7.3501867E+05  3.5634221E+00  2.8269949E+03  2.2958099E+20  1.6450862E+00  1.0000000E-99  1.0000000E-99
  944  7.3579874E+05  3.5672039E+00  2.8299952E+03  2.2917388E+20  1.6543849E+00  1.0000000E-99  1.0000000E-99
  945  7.3657881E+05  3.5709857E+00  2.8329954E+03  2.2876562E+20  1.6637592E+00  1.0000000E-99  1.0000000E-99
  946  7.3735887E+05  3.5747676E+00  2.8359957E+03  2.2835620E+20  1.6732101E+00  1.0000000E-99  1.0000000E-99
  947  7.3813894E+05  3.5785494E+00  2.8389959E+03  2.2794560E+20  1.6827383E+00  1.0000000E-99  1.0000000E-99
  948  7.3891901E+05  3.5823312E+00  2.8419962E+03  2.2753383E+20  1.6923450E+00  1.0000000E-99  1.0000000E-99
  949  7.3969908E+05  3.5861130E+00  2.8449965E+03  2.2712088E+20  1.7020310E+00  1.0000000E-99  1.0000000E-99
  950  7.4047914E+05  3.5898949E+00  2.8479967E+03  2.2670674E+20  1.7117973E+00  1.0000000E-99  1.0000000E-99
  951  7.4125921E+05  3.5936767E+00  2.8509970E+03  2.2629140E+20  1.7216448E+00  1.0000000E-99  1.0000000E-99
  952  7.4203928E+05  3.5974585E+00  2.8539972E+03  2.2587486E+20  1.7315747E+00  1.0000000E-99  1.0000000E-99
  953  7.4281935E+05  3.6012403E+00  2.8569975E+03  2.2545711E+20  1.7415879E+00  1.0000000E-99  1.0000000E-99
  954  7.4359942E+05  3.6050221E+00  2.8599978E+03  2.2503814E+20  1.7516854E+00  1.0000000E-99  1.0000000E-99
  955  7.4437948E+05  3.6088040E+00  2.8629980E+03  2.2461795E+20  1.7618683E+00  1.0000000E-99  1.0000000E-99
  956  7.4515955E+05  3.6125858E+00  2.8659983E+03  2.2419653E+20  1.7721377E+00  1.0000000E-99  1.0000000E-99
  957  7.4593962E+05  3.6163676E+00  2.8689985E+03  2.2377388E+20  1.7824947E+00  1.0000000E-99  1.0000000E-99
  958  7.4671969E+05  3.6201494E+00  2.8719988E+03  2.2334998E+20  1.7929403E+00  1.0000000E-99  1.0000000E-99
  959  7.4749975E+05  3.6239313E+00  2.8749991E+03  2.2292483E+20  1.8034757E+00  1.0000000E-99  1.0000000E-99
  960  7.4827982E+05  3.6277131E+00  2.8779993E+03  2.2249843E+20  1.8141020E+00  1.0000000E-99  1.0000000E-99
  961  7.4905989E+05  3.6314949E+00  2.8809996E+03  2.2207076E+20  1.8248205E+00  1.0000000E-99  1.0000000E-99
  962  7.4983996E+05  3.6352767E+00  2.8839998E+03  2.2164181E+20  1.8356322E+00  1.0000000E-99  1.0000000E-99
  963  7.5062002E+05  3.6390585E+00  2.8870001E+03  2.2121159E+20  1.8465384E+00  1.0000000E-99  1.0000000E-99
  964  7.5140009E+05  3.6428404E+00  2.8900003E+03  2.2078008E+20  1.8575404E+00  1.0000000E-99  1.0000000E-99
  965  7.5218016E+05  3.6466222E+00  2.8930006E+03  2.2034728E+20  1.8686393E+00  1.0000000E-99  1.0000000E-99
  966  7.5296023E+05  3.6504040E+00  2.8960009E+03  2.1991317E+20  1.8798364E+00  1.0000000E-99  1.0000000E-99
  967  7.5374029E+05  3.6541858E+00  2.8990011E+03  2.1947775E+20  1.8911331E+00  1.0000000E-99  1.0000000E-99
  968  7.5452036E+05  3.6579677E+00  2.9020014E+03  2.1904102E+20  1.9025306E+00  1.0000000E-99  1.0000000E-99
  969  7.5530043E+05  3.6617495E+00  2.9050016E+03  2.1860296E+20  1.9140303E+00  1.0000000E-99  1.0000000E-99
  970  7.5608050E+05  3.6655313E+00  2.9080019E+03  2.1816357E+20  1.9256335E+00  1.0000000E-99  1.0000000E-99
  971  7.5686056E+05  3.6693131E+00  2.9110022E+03  2.1772283E+20  1.9373416E+00  1.0000000E-99  1.0000000E-99
  972  7.5764063E+05  3.6730949E+00  2.9140024E+03  2.1728074E+20  1.9491561E+00  1.0000000E-99  1.0000000E-99
  973  7.5842070E+05  3.6768768E+00  2.9170027E+03  2.1683730E+20  1.9610784E+00  1.0000000E-99  1.0000000E-99
  974  7.5920077E+05  3.6806586E+00  2.9200029E+03  2.1639249E+20  1.9731099E+00  1.0000000E-99  1.0000000E-99
  975  7.5998083E+05  3.6844404E+00  2.9230032E+03  2.1594630E+20  1.9852521E+00  1.0000000E-99  1.0000000E-99
  976  7.6076090E+05  3.6882222E+00  2.9260035E+03  2.1549873E+20  1.9975065E+00  1.0000000E-99  1.0000000E-99
  977  7.6154097E+05  3.6920041E+00  2.9290037E+03  2.1504977E+20  2.0098748E+00  1.0000000E-99  1.0000000E-99
  978  7.6232104E+05  3.6957859E+00  2.9320040E+03  2.1459941E+20  2.0223584E+00  1.0000000E-99  1.0000000E-99
  979  7.6310110E+05  3.6995677E+00  2.9350042E+03  2.1414764E+20  2.0349589E+00  1.0000000E-99  1.0000000E-99
  980  7.6388117E+05  3.7033495E+00  2.9380045E+03  2.1369445E+20  2.0476780E+00  1.0000000E-99  1.0000000E-99
  981  7.6466124E+05  3.7071313E+00  2.9410048E+03  2.1323983E+20  2.0605174E+00  1.0000000E-99  1.0000000E-99
  982  7.6544131E+05  3.7109132E+00  2.9440050E+03  2.1278377E+20  2.0734788E+00  1.0000000E-99  1.0000000E-99
  983  7.6622137E+05  3.7146950E+00  2.9470053E+03  2.1232627E+20  2.0865638E+00  1.0000000E-99  1.0000000E-99
  984  7.6700144E+05  3.7184768E+00  2.9500055E+03  2.1186731E+20  2.0997742E+00  1.0000000E-99  1.0000000E-99
  985  7.6778151E+05  3.7222586E+00  2.9530058E+03  2.1140689E+20  2.1131118E+00  1.0000000E-99  1.0000000E-99
  986  7.6856158E+05  3.7260405E+00  2.9560061E+03  2.1094499E+20  2.1265785E+00  1.0000000E-99  1.0000000E-99
  987  7.6934165E+05  3.7298223E+00  2.9590063E+03  2.1048161E+20  2.1401761E+00  1.0000000E-99  1.0000000E-99
  988  7.7012171E+05  3.7336041E+00  2.9620066E+03  2.1001674E+20  2.1539065E+00  1.0000000E-99  1.0000000E-99
  989  7.7090178E+05  3.7373859E+00  2.9650068E+03  2.0955036E+20  2.1677716E+00  1.0000000E-99  1.0000000E-99
  990  7.7168185E+05  3.7411677E+00  2.9680071E+03  2.0908246E+20  2.1817734E+00  1.0000000E-99  1.0000000E-99
  991  7.7246192E+05  3.7449496E+00  2.9710074E+03  2.0861305E+20  2.1959139E+00  1.0000000E-99  1.0000000E-99
  992  7.7324198E+05  3.7487314E+00  2.9740076E+03  2.0814209E+20  2.2101952E+00  1.0000000E-99  1.0000000E-99
  993  7.7402205E+05  3.7525132E+00  2.9770079E+03  2.0766960E+20  2.2246193E+00  1.0000000E-99  1.0000000E-99
  994  7.7480212E+05  3.7562950E+00  2.9800081E+03  2.0719554E+20  2.2391885E+00  1.0000000E-99  1.0000000E-99
  995  7.7558219E+05  3.7600769E+00  2.9830084E+03  2.0671992E+20  2.2539047E+00  1.0000000E-99  1.0000000E-99
  996  7.7636225E+05  3.7638587E+00  2.9860087E+03  2.0624272E+20  2.2687704E+00  1.0000000E-99  1.0000000E-99
  997  7.7714232E+05  3.7676405E+00  2.9890089E+03  2.0576394E+20  2.2837877E+00  1.0000000E-99  1.0000000E-99
  998  7.7792239E+05  3.7714223E+00  2.9920092E+03  2.0528355E+20  2.2989590E+00  1.0000000E-99  1.0000000E-99
  999  7.7870246E+05  3.7752041E+00  2.9950094E+03  2.0480156E+20  2.3142865E+00  1.0000000E-99  1.0000000E-99
 1000  7.7948252E+05  3.7789860E+00  2.9980097E+03  2.0431794E+20  2.3297728E+00  1.0000000E-99  1.0000000E-99
 1001  7.8026259E+05  3.7827678E+00  3.0010100E+03  2.0383269E+20  2.3454202E+00  1.0000000E-99  1.0000000E-99
 1002  7.8104266E+05  3.7865496E+00  3.0040102E+03  2.0334580E+20  2.3612313E+00  1.0000000E-99  1.0000000E-99
 1003  7.8182273E+05  3.7903314E+00  3.0070105E+03  2.0285724E+20  2.3772086E+00  1.0000000E-99  1.0000000E-99
 1004  7.8260279E+05  3.7941133E+00  3.0100107E+03  2.0236702E+20  2.3933548E+00  1.0000000E-99  1.0000000E-99
 1005  7.8338286E+05  3.7978951E+00  3.0130110E+03  2.0187512E+20  2.4096724E+00  1.0000000E-99  1.0000000E-99
 1006  7.8416293E+05  3.8016769E+00  3.0160113E+03  2.0138152E+20  2.4261643E+00  1.0000000E-99  1.0000000E-99
 1007  7.8494300E+05  3.8054587E+00  3.0190115E+03  2.0088622E+20  2.4428332E+00  1.0000000E-99  1.0000000E-99
 1008  7.8572306E+05  3.8092405E+00  3.0220118E+03  2.0038920E+20  2.4596820E+00  1.0000000E-99  1.0000000E-99
 1009  7.8650313E+05  3.8130224E+00  3.0250120E+03  1.9989044E+20  2.4767134E+00  1.0000000E-99  1.0000000E-99
 1010  7.8728320E+05  3.8168042E+00  3.0280123E+03  1.9938995E+20  2.4939306E+00  1.0000000E-99  1.0000000E-99
 1011  7.8806327E+05  3.8205860E+00  3.0310126E+03  1.9888769E+20  2.5113365E+00  1.0000000E-99  1.0000000E-99
 1012  7.8884333E+05  3.8243678E+00  3.0340128E+03  1.9838366E+20  2.5289343E+00  1.0000000E-99  1.0000000E-99
 1013  7.8962340E+05  3.8281497E+00  3.0370131E+03  1.9787785E+20  2.5467271E+00  1.0000000E-99  1.0000000E-99
 1014  7.9040347E+05  3.8319315E+00  3.0400133E+03  1.9737025E+20  2.5647180E+00  1.0000000E-99  1.0000000E-99
 1015  7.9118354E+05  3.8357133E+00  3.0430136E+03  1.9686082E+20  2.5829106E+00  1.0000000E-99  1.0000000E-99
 1016  7.9196360E+05  3.8394951E+00  3.0460139E+03  1.9634958E+20  2.6013080E+00  1.0000000E-99  1.0000000E-99
 1017  7.9274367E+05  3.8432769E+00  3.0490141E+03  1.9583649E+20  2.6199138E+00  1.0000000E-99  1.0000000E-99
 1018  7.9352374E+05  3.8470588E+00  3.0520144E+03  1.9532155E+20  2.6387314E+00  1.0000000E-99  1.0000000E-99
 1019  7.9430381E+05  3.8508406E+00  3.0550146E+03  1.9480473E+20  2.6577646E+00  1.0000000E-99  1.0000000E-99
 1020  7.9508388E+05  3.8546224E+00  3.0580149E+03  1.9428604E+20  2.6770170E+00  1.0000000E-99  1.0000000E-99
 1021  7.9586394E+05  3.8584042E+00  3.0610152E+03  1.9376544E+20  2.6964924E+00  1.0000000E-99  1.0000000E-99
 1022  7.9664401E+05  3.8621861E+00  3.0640154E+03  1.9324293E+20  2.7161946E+00  1.0000000E-99  1.0000000E-99
 1023  7.9742408E+05  3.8659679E+00  3.0670157E+03  1.9271848E+20  2.7361276E+00  1.0000000E-99  1.0000000E-99
 1024  7.9820415E+05  3.8697497E+00  3.0700159E+03  1.9219209E+20  2.7562955E+00  1.0000000E-99  1.0000000E-99
 1025  7.9898421E+05  3.8735315E+00  3.0730162E+03  1.9166374E+20  2.7767024E+00  1.0000000E-99  1.0000000E-99
 1026  7.9976428E+05  3.8773133E+00  3.0760165E+03  1.9113341E+20  2.7973526E+00  1.0000000E-99  1.0000000E-99
 1027  8.0054435E+05  3.8810952E+00  3.0790167E+03  1.9060108E+20  2.8182503E+00  1.0000000E-99  1.0000000E-99
 1028  8.0132442E+05  3.8848770E+00  3.0820170E+03  1.9006675E+20  2.8394001E+00  1.0000000E-99  1.0000000E-99
 1029  8.0210448E+05  3.8886588E+00  3.0850172E+03  1.8953038E+20  2.8608065E+00  1.0000000E-99  1.0000000E-99
 1030  8.0288455E+05  3.8924406E+00  3.0880175E+03  1.8899196E+20  2.8824742E+00  1.0000000E-99  1.0000000E-99
 1031  8.0366462E+05  3.8962225E+00  3.0910178E+03  1.8845149E+20  2.9044079E+00  1.0000000E-99  1.0000000E-99
 1032  8.0444469E+05  3.9000043E+00  3.0940180E+03  1.8790893E+20  2.9266126E+00  1.0000000E-99  1.0000000E-99
 1033  8.0522475E+05  3.9037861E+00  3.0970183E+03  1.8736427E+20  2.9490932E+00  1.0000000E-99  1.0000000E-99
 1034  8.0600482E+05  3.9075679E+00  3.1000185E+03  1.8681749E+20  2.9718549E+00  1.0000000E-99  1.0000000E-99
 1035  8.0678489E+05  3.9113497E+00  3.1030188E+03  1.8626857E+20  2.9949030E+00  1.0000000E-99  1.0000000E-99
 1036  8.0756496E+05  3.9151316E+00  3.1060191E+03  1.8571750E+20  3.0182430E+00  1.0000000E-99  1.0000000E-99
 1037  8.0834502E+05  3.9189134E+00  3.1090193E+03  1.8516425E+20  3.0418802E+00  1.0000000E-99  1.0000000E-99
 1038  8.0912509E+05  3.9226952E+00  3.1120196E+03  1.8460881E+20  3.0658205E+00  1.0000000E-99  1.0000000E-99
 1039  8.0990516E+05  3.9264770E+00  3.1150198E+03  1.8405116E+20  3.0900696E+00  1.0000000E-99  1.0000000E-99
 1040  8.1068523E+05  3.9302589E+00  3.1180201E+03  1.8349127E+20  3.1146336E+00  1.0000000E-99  1.0000000E-99
 1041  8.1146529E+05  3.9340407E+00  3.1210204E+03  1.8292912E+20  3.1395185E+00  1.0000000E-99  1.0000000E-99
 1042  8.1224536E+05  3.9378225E+00  3.1240206E+03  1.8236470E+20  3.1647306E+00  1.0000000E-99  1.0000000E-99
 1043  8.1302543E+05  3.9416043E+00  3.1270209E+03  1.8179798E+20  3.1902766E+00  1.0000000E-99  1.0000000E-99
 1044  8.1380550E+05  3.9453861E+00  3.1300211E+03  1.8122894E+20  3.2161628E+00  1.0000000E-99  1.0000000E-99
 1045  8.1458556E+05  3.9491680E+00  3.1330214E+03  1.8065756E+20  3.2423963E+00  1.0000000E-99  1.0000000E-99
 1046  8.1536563E+05  3.9529498E+00  3.1360217E+03  1.8008382E+20  3.2689839E+00  1.0000000E-99  1.0000000E-99
 1047  8.1614570E+05  3.9567316E+00  3.1390219E+03  1.7950770E+20  3.2959328E+00  1.0000000E-99  1.0000000E-99
 1048  8.1692577E+05  3.9605134E+00  3.1420222E+03  1.7892916E+20  3.3232505E+00  1.0000000E-99  1.0000000E-99
 1049  8.1770583E+05  3.9642953E+00  3.1450224E+03  1.7834819E+20  3.3509445E+00  1.0000000E-99  1.0000000E-99
 1050  8.1848590E+05  3.9680771E+00  3.1480227E+03  1.7776477E+20  3.3790226E+00  1.0000000E-99  1.0000000E-99
 1051  8.1926597E+05  3.9718589E+00  3.1510230E+03  1.7717886E+20  3.4074928E+00  1.0000000E-99  1.0000000E-99
 1052  8.2004604E+05  3.9756407E+00  3.1540232E+03  1.7659045E+20  3.4363633E+00  1.0000000E-99  1.0000000E-99
 1053  8.2082611E+05  3.9794226E+00  3.1570235E+03  1.7599951E+20  3.4656427E+00  1.0000000E-99  1.0000000E-99
 1054  8.2160617E+05  3.9832044E+00  3.1600237E+03  1.7540602E+20  3.4953395E+00  1.0000000E-99  1.0000000E-99
 1055  8.2238624E+05  3.9869862E+00  3.1630240E+03  1.7480994E+20  3.5254628E+00  1.0000000E-99  1.0000000E-99
 1056  8.2316631E+05  3.9907680E+00  3.1660243E+03  1.7421126E+20  3.5560218E+00  1.0000000E-99  1.0000000E-99
 1057  8.2394638E+05  3.9945498E+00  3.1690245E+03  1.7360993E+20  3.5870259E+00  1.0000000E-99  1.0000000E-99
 1058  8.2472644E+05  3.9983317E+00  3.1720248E+03  1.7300595E+20  3.6184850E+00  1.0000000E-99  1.0000000E-99
 1059  8.2550651E+05  4.0021135E+00  3.1750250E+03  1.7239928E+20  3.6504089E+00  1.0000000E-99  1.0000000E-99
 1060  8.2628658E+05  4.0058953E+00  3.1780253E+03  1.7178988E+20  3.6828082E+00  1.0000000E-99  1.0000000E-99
 1061  8.2706665E+05  4.0096771E+00  3.1810256E+03  1.7117774E+20  3.7156934E+00  1.0000000E-99  1.0000000E-99
 1062  8.2784671E+05  4.0134590E+00  3.1840258E+03  1.7056282E+20  3.7490755E+00  1.0000000E-99  1.0000000E-99
 1063  8.2862678E+05  4.0172408E+00  3.1870261E+03  1.6994510E+20  3.7829659E+00  1.0000000E-99  1.0000000E-99
 1064  8.2940685E+05  4.0210226E+00  3.1900263E+03  1.6932453E+20  3.8173760E+00  1.0000000E-99  1.0000000E-99
 1065  8.3018692E+05  4.0248044E+00  3.1930266E+03  1.6870110E+20  3.8523181E+00  1.0000000E-99  1.0000000E-99
 1066  8.3096698E+05  4.0285862E+00  3.1960269E+03  1.6807476E+20  3.8878044E+00  1.0000000E-99  1.0000000E-99
 1067  8.3174705E+05  4.0323681E+00  3.1990271E+03  1.6744549E+20  3.9238477E+00  1.0000000E-99  1.0000000E-99
 1068  8.3252712E+05  4.0361499E+00  3.2020274E+03  1.6681325E+20  3.9604612E+00  1.0000000E-99  1.0000000E-99
 1069  8.3330719E+05  4.0399317E+00  3.2050276E+03  1.6617800E+20  3.9976584E+00  1.0000000E-99  1.0000000E-99
 1070  8.3408725E+05  4.0437135E+00  3.2080279E+03  1.6553973E+20  4.0354535E+00  1.0000000E-99  1.0000000E-99
 1071  8.3486732E+05  4.0474954E+00  3.2110282E+03  1.6489838E+20  4.0738608E+00  1.0000000E-99  1.0000000E-99
 1072  8.3564739E+05  4.0512772E+00  3.2140284E+03  1.6425392E+20  4.1128953E+00  1.0000000E-99  1.0000000E-99
 1073  8.3642746E+05  4.0550590E+00  3.2170287E+03  1.6360632E+20  4.1525725E+00  1.0000000E-99  1.0000000E-99
 1074  8.3720752E+05  4.0588408E+00  3.2200289E+03  1.6295554E+20  4.1929083E+00  1.0000000E-99  1.0000000E-99
 1075  8.3798759E+05  4.0626226E+00  3.2230292E+03  1.6230154E+20  4.2339192E+00  1.0000000E-99  1.0000000E-99
 1076  8.3876766E+05  4.0664045E+00  3.2260295E+03  1.6164427E+20  4.2756222E+00  1.0000000E-99  1.0000000E-99
 1077  8.3954773E+05  4.0701863E+00  3.2290297E+03  1.6098371E+20  4.3180349E+00  1.0000000E-99  1.0000000E-99
 1078  8.4032779E+05  4.0739681E+00  3.2320300E+03  1.6031981E+20  4.3611756E+00  1.0000000E-99  1.0000000E-99
 1079  8.4110786E+05  4.0777499E+00  3.2350302E+03  1.5965253E+20  4.4050631E+00  1.0000000E-99  1.0000000E-99
 1080  8.4188793E+05  4.0815318E+00  3.2380305E+03  1.5898183E+20  4.4497169E+00  1.0000000E-99  1.0000000E-99
 1081  8.4266800E+05  4.0853136E+00  3.2410308E+03  1.5830766E+20  4.4951571E+00  1.0000000E-99  1.0000000E-99
 1082  8.4344806E+05  4.0890954E+00  3.2440310E+03  1.5762997E+20  4.5414048E+00  1.0000000E-99  1.0000000E-99
 1083  8.4422813E+05  4.0928772E+00  3.2470313E+03  1.5694873E+20  4.5884815E+00  1.0000000E-99  1.0000000E-99
 1084  8.4500820E+05  4.0966590E+00  3.2500315E+03  1.5626389E+20  4.6364097E+00  1.0000000E-99  1.0000000E-99
 1085  8.4578827E+05  4.1004409E+00  3.2530318E+03  1.5557539E+20  4.6852126E+00  1.0000000E-99  1.0000000E-99
 1086  8.4656834E+05  4.1042227E+00  3.2560321E+03  1.5488319E+20  4.7349144E+00  1.0000000E-99  1.0000000E-99
 1087  8.4734840E+05  4.1080045E+00  3.2590323E+03  1.5418724E+20  4.7855399E+00  1.0000000E-99  1.0000000E-99
 1088  8.4812847E+05  4.1117863E+00  3.2620326E+03  1.5348750E+20  4.8371152E+00  1.0000000E-99  1.0000000E-99
 1089  8.4890854E+05  4.1155682E+00  3.2650328E+03  1.5278390E+20  4.8896672E+00  1.0000000E-99  1.0000000E-99
 1090  8.4968861E+05  4.1193500E+00  3.2680331E+03  1.5207639E+20  4.9432238E+00  1.0000000E-99  1.0000000E-99
 1091  8.5046867E+05  4.1231318E+00  3.2710334E+03  1.5136492E+20  4.9978140E+00  1.0000000E-99  1.0000000E-99
 1092  8.5124874E+05  4.1269136E+00  3.2740336E+03  1.5064943E+20  5.0534680E+00  1.0000000E-99  1.0000000E-99
 1093  8.5202881E+05  4.1306954E+00  3.2770339E+03  1.4992987E+20  5.1102171E+00  1.0000000E-99  1.0000000E-99
 1094  8.5280888E+05  4.1344773E+00  3.2800341E+03  1.4920617E+20  5.1680938E+00  1.0000000E-99  1.0000000E-99
 1095  8.5358894E+05  4.1382591E+00  3.2830344E+03  1.4847828E+20  5.2271321E+00  1.0000000E-99  1.0000000E-99
 1096  8.5436901E+05  4.1420409E+00  3.2860347E+03  1.4774613E+20  5.2873672E+00  1.0000000E-99  1.0000000E-99
 1097  8.5514908E+05  4.1458227E+00  3.2890349E+03  1.4700966E+20  5.3488357E+00  1.0000000E-99  1.0000000E-99
 1098  8.5592915E+05  4.1496046E+00  3.2920352E+03  1.4626881E+20  5.4115759E+00  1.0000000E-99  1.0000000E-99
 1099  8.5670921E+05  4.1533864E+00  3.2950354E+03  1.4552350E+20  5.4756275E+00  1.0000000E-99  1.0000000E-99
 1100  8.5748928E+05  4.1571682E+00  3.2980357E+03  1.4477368E+20  5.5410321E+00  1.0000000E-99  1.0000000E-99
 1101  8.5826935E+05  4.1609500E+00  3.3010360E+03  1.4401926E+20  5.6078328E+00  1.0000000E-99  1.0000000E-99
 1102  8.5904942E+05  4.1647318E+00  3.3040362E+03  1.4326018E+20  5.6760748E+00  1.0000000E-99  1.0000000E-99
 1103  8.5982948E+05  4.1685137E+00  3.3070365E+03  1.4249635E+20  5.7458052E+00  1.0000000E-99  1.0000000E-99
 1104  8.6060955E+05  4.1722955E+00  3.3100367E+03  1.4172772E+20  5.8170730E+00  1.0000000E-99  1.0000000E-99
 1105  8.6138962E+05  4.1760773E+00  3.3130370E+03  1.4095418E+20  5.8899297E+00  1.0000000E-99  1.0000000E-99
 1106  8.6216969E+05  4.1798591E+00  3.3160373E+03  1.4017568E+20  5.9644288E+00  1.0000000E-99  1.0000000E-99
 1107  8.6294975E+05  4.1836410E+00  3.3190375E+03  1.3939211E+20  6.0406264E+00  1.0000000E-99  1.0000000E-99
 1108  8.6372982E+05  4.1874228E+00  3.3220378E+03  1.3860340E+20  6.1185811E+00  1.0000000E-99  1.0000000E-99
 1109  8.6450989E+05  4.1912046E+00  3.3250380E+03  1.3780946E+20  6.1983545E+00  1.0000000E-99  1.0000000E-99
 1110  8.6528996E+05  4.1949864E+00  3.3280383E+03  1.3701019E+20  6.2800107E+00  1.0000000E-99  1.0000000E-99
 1111  8.6607002E+05  4.1987682E+00  3.3310386E+03  1.3620551E+20  6.3636171E+00  1.0000000E-99  1.0000000E-99
 1112  8.6685009E+05  4.2025501E+00  3.3340388E+03  1.3539531E+20  6.4492444E+00  1.0000000E-99  1.0000000E-99
 1113  8.6763016E+05  4.2063319E+00  3.3370391E+03  1.3457950E+20  6.5369665E+00  1.0000000E-99  1.0000000E-99
 1114  8.6841023E+05  4.2101137E+00  3.3400393E+03  1.3375797E+20  6.6268612E+00  1.0000000E-99  1.0000000E-99
 1115  8.6919029E+05  4.2138955E+00  3.3430396E+03  1.3293062E+20  6.7190101E+00  1.0000000E-99  1.0000000E-99
 1116  8.6997036E+05  4.2176774E+00  3.3460399E+03  1.3209733E+20  6.8134990E+00  1.0000000E-99  1.0000000E-99
 1117  8.7075043E+05  4.2214592E+00  3.3490401E+03  1.3125801E+20  6.9104180E+00  1.0000000E-99  1.0000000E-99
 1118  8.7153050E+05  4.2252410E+00  3.3520404E+03  1.3041252E+20  7.0098619E+00  1.0000000E-99  1.0000000E-99
 1119  8.7231056E+05  4.2290228E+00  3.3550406E+03  1.2956075E+20  7.1119307E+00  1.0000000E-99  1.0000000E-99
 1120  8.7309063E+05  4.2328046E+00  3.3580409E+03  1.2870257E+20  7.2167295E+00  1.0000000E-99  1.0000000E-99
 1121  8.7387070E+05  4.2365865E+00  3.3610412E+03  1.2783786E+20  7.3243691E+00  1.0000000E-99  1.0000000E-99
 1122  8.7465077E+05  4.2403683E+00  3.3640414E+03  1.2696647E+20  7.4349666E+00  1.0000000E-99  1.0000000E-99
 1123  8.7543084E+05  4.2441501E+00  3.3670417E+03  1.2608828E+20  7.5486454E+00  1.0000000E-99  1.0000000E-99
 1124  8.7621090E+05  4.2479319E+00  3.3700419E+03  1.2520314E+20  7.6655360E+00  1.0000000E-99  1.0000000E-99
 1125  8.7699097E+05  4.2517138E+00  3.3730422E+03  1.2431090E+20  7.7857763E+00  1.0000000E-99  1.0000000E-99
 1126  8.7777104E+05  4.2554956E+00  3.3760425E+03  1.2341141E+20  7.9095123E+00  1.0000000E-99  1.0000000E-99
 1127  8.7855111E+05  4.2592774E+00  3.3790427E+03  1.2250450E+20  8.0368984E+00  1.0000000E-99  1.0000000E-99
 1128  8.7933117E+05  4.2630592E+00  3.3820430E+03  1.2159001E+20  8.1680985E+00  1.0000000E-99  1.0000000E-99
 1129  8.8011124E+05  4.2668410E+00  3.3850432E+03  1.2066778E+20  8.3032863E+00  1.0000000E-99  1.0000000E-99
 1130  8.8089131E+05  4.2706229E+00  3.3880435E+03  1.1973761E+20  8.4426461E+00  1.0000000E-99  1.0000000E-99
 1131  8.8167138E+05  4.2744047E+00  3.3910438E+03  1.1879933E+20  8.5863742E+00  1.0000000E-99  1.0000000E-99
 1132  8.8245144E+05  4.2781865E+00  3.3940440E+03  1.1785273E+20  8.7346788E+00  1.0000000E-99  1.0000000E-99
 1133  8.8323151E+05  4.2819683E+00  3.3970443E+03  1.1689762E+20  8.8877819E+00  1.0000000E-99  1.0000000E-99
 1134  8.8401158E+05  4.2857502E+00  3.4000445E+03  1.1593379E+20  9.0459202E+00  1.0000000E-99  1.0000000E-99
 1135  8.8479165E+05  4.2895320E+00  3.4030448E+03  1.1496102E+20  9.2093458E+00  1.0000000E-99  1.0000000E-99
 1136  8.8557171E+05  4.2933138E+00  3.4060451E+03  1.1397908E+20  9.3783284E+00  1.0000000E-99  1.0000000E-99
 1137  8.8635178E+05  4.2970956E+00  3.4090453E+03  1.1298772E+20  9.5531561E+00  1.0000000E-99  1.0000000E-99
 1138  8.8713185E+05  4.3008774E+00  3.4120456E+03  1.1198671E+20  9.7341372E+00  1.0000000E-99  1.0000000E-99
 1139  8.8791192E+05  4.3046593E+00  3.4150458E+03  1.1097577E+20  9.9216022E+00  1.0000000E-99  1.0000000E-99
 1140  8.8869198E+05  4.3084411E+00  3.4180461E+03  1.0995464E+20  1.0115906E+01  1.0000000E-99  1.0000000E-99
 1141  8.8947205E+05  4.3122229E+00  3.4210464E+03  1.0892303E+20  1.0317429E+01  1.0000000E-99  1.0000000E-99
 1142  8.9025212E+05  4.3160047E+00  3.4240466E+03  1.0788063E+20  1.0526581E+01  1.0000000E-99  1.0000000E-99
 1143  8.9103219E+05  4.3197866E+00  3.4270469E+03  1.0682714E+20  1.0743803E+01  1.0000000E-99  1.0000000E-99
 1144  8.9181225E+05  4.3235684E+00  3.4300471E+03  1.0576222E+20  1.0969573E+01  1.0000000E-99  1.0000000E-99
 1145  8.9259232E+05  4.3273502E+00  3.4330474E+03  1.0468551E+20  1.1204403E+01  1.0000000E-99  1.0000000E-99
 1146  8.9337239E+05  4.3311320E+00  3.4360477E+03  1.0359667E+20  1.1448850E+01  1.0000000E-99  1.0000000E-99
 1147  8.9415246E+05  4.3349139E+00  3.4390479E+03  1.0249528E+20  1.1703517E+01  1.0000000E-99  1.0000000E-99
 1148  8.9493252E+05  4.3386957E+00  3.4420482E+03  1.0138096E+20  1.1969059E+01  1.0000000E-99  1.0000000E-99
 1149  8.9571259E+05  4.3424775E+00  3.4450484E+03  1.0025326E+20  1.2246187E+01  1.0000000E-99  1.0000000E-99
 1150  8.9649266E+05  4.3462593E+00  3.4480487E+03  9.9111737E+19  1.2535675E+01  1.0000000E-99  1.0000000E-99
 1151  8.9727273E+05  4.3500411E+00  3.4510490E+03  9.7955898E+19  1.2838369E+01  1.0000000E-99  1.0000000E-99
 1152  8.9805279E+05  4.3538230E+00  3.4540492E+03  9.6785232E+19  1.3155194E+01  1.0000000E-99  1.0000000E-99
 1153  8.9883286E+05  4.3576048E+00  3.4570495E+03  9.5599196E+19  1.3487163E+01  1.0000000E-99  1.0000000E-99
 1154  8.9961293E+05  4.3613866E+00  3.4600497E+03  9.4397210E+19  1.3835387E+01  1.0000000E-99  1.0000000E-99
 1155  9.0039300E+05  4.3651684E+00  3.4630500E+03  9.3178657E+19  1.4201090E+01  1.0000000E-99  1.0000000E-99
 1156  9.0117307E+05  4.3689503E+00  3.4660503E+03  9.1942878E+19  1.4585621E+01  1.0000000E-99  1.0000000E-99
 1157  9.0195313E+05  4.3727321E+00  3.4690505E+03  9.0689169E+19  1.4990473E+01  1.0000000E-99  1.0000000E-99
 1158  9.0273320E+05  4.3765139E+00  3.4720508E+03  8.9416775E+19  1.5417300E+01  1.0000000E-99  1.0000000E-99
 1159  9.0351327E+05  4.3802957E+00  3.4750510E+03  8.8124888E+19  1.5867940E+01  1.0000000E-99  1.0000000E-99
 1160  9.0429334E+05  4.3840775E+00  3.4780513E+03  8.6812637E+19  1.6344443E+01  1.0000000E-99  1.0000000E-99
 1161  9.0507340E+05  4.3878594E+00  3.4810516E+03  8.5479084E+19  1.6849101E+01  1.0000000E-99  1.0000000E-99
 1162  9.0585347E+05  4.3916412E+00  3.4840518E+03  8.4123216E+19  1.7384484E+01  1.0000000E-99  1.0000000E-99
 1163  9.0663354E+05  4.3954230E+00  3.4870521E+03  8.2743937E+19  1.7953488E+01  1.0000000E-99  1.0000000E-99
 1164  9.0741361E+05  4.3992048E+00  3.4900523E+03  8.1340055E+19  1.8559379E+01  1.0000000E-99  1.0000000E-99
 1165  9.0819367E+05  4.4029867E+00  3.4930526E+03  7.9910274E+19  1.9205867E+01  1.0000000E-99  1.0000000E-99
 1166  9.0897374E+05  4.4067685E+00  3.4960528E+03  7.8453177E+19  1.9897170E+01  1.0000000E-99  1.0000000E-99
 1167  9.0975381E+05  4.4105503E+00  3.4990531E+03  7.6967213E+19  2.0638118E+01  1.0000000E-99  1.0000000E-99
 1168  9.1053388E+05  4.4143321E+00  3.5020534E+03  7.5450678E+19  2.1434255E+01  1.0000000E-99  1.0000000E-99
 1169  9.1131394E+05  4.4181139E+00  3.5050536E+03  7.3901687E+19  2.2291987E+01  1.0000000E-99  1.0000000E-99
 1170  9.1209401E+05  4.4218958E+00  3.5080539E+03  7.2318157E+19  2.3218750E+01  1.0000000E-99  1.0000000E-99
 1171  9.1287408E+05  4.4256776E+00  3.5110541E+03  7.0697767E+19  2.4223225E+01  1.0000000E-99  1.0000000E-99
 1172  9.1365415E+05  4.4294594E+00  3.5140544E+03  6.9037920E+19  2.5315617E+01  1.0000000E-99  1.0000000E-99
 1173  9.1443421E+05  4.4332412E+00  3.5170547E+03  6.7335700E+19  2.6507997E+01  1.0000000E-99  1.0000000E-99
 1174  9.1521428E+05  4.4370231E+00  3.5200549E+03  6.5587807E+19  2.7814751E+01  1.0000000E-99  1.0000000E-99
 1175  9.1599435E+05  4.4408049E+00  3.5230552E+03  6.3790486E+19  2.9253168E+01  1.0000000E-99  1.0000000E-99
 1176  9.1677442E+05  4.4445867E+00  3.5260554E+03  6.1939436E+19  3.0844205E+01  1.0000000E-99  1.0000000E-99
 1177  9.1755448E+05  4.4483685E+00  3.5290557E+03  6.0029685E+19  3.2613518E+01  1.0000000E-99  1.0000000E-99
 1178  9.1833455E+05  4.4521503E+00  3.5320560E+03  5.8055442E+19  3.4592855E+01  1.0000000E-99  1.0000000E-99
 1179  9.1911462E+05  4.4559322E+00  3.5350562E+03  5.6009887E+19  3.6821983E+01  1.0000000E-99  1.0000000E-99
 1180  9.1989469E+05  4.4597140E+00  3.5380565E+03  5.3884900E+19  3.9351387E+01  1.0000000E-99  1.0000000E-99
 1181  9.2067475E+05  4.4634958E+00  3.5410567E+03  5.1670681E+19  4.2246148E+01  1.0000000E-99  1.0000000E-99
 1182  9.2145482E+05  4.4672776E+00  3.5440570E+03  4.9355222E+19  4.5591626E+01  1.0000000E-99  1.0000000E-99
 1183  9.2223489E+05  4.4710595E+00  3.5470573E+03  4.6923538E+19  4.9502039E+01  1.0000000E-99  1.0000000E-99
 1184  9.2301496E+05  4.4748413E+00  3.5500575E+03  4.4356519E+19  5.4133782E+01  1.0000000E-99  1.0000000E-99
 1185  9.2379502E+05  4.4786231E+00  3.5530578E+03  4.1629135E+19  5.9706907E+01  1.0000000E-99  1.0000000E-99
 1186  9.2457509E+05  4.4824049E+00  3.5560580E+03  3.8707505E+19  6.6541207E+01  1.0000000E-99  1.0000000E-99
 1187  9.2535516E+05  4.4861867E+00  3.5590583E+03  3.5543759E+19  7.5120039E+01  1.0000000E-99  1.0000000E-99
 1188  9.2613523E+05  4.4899686E+00  3.5620586E+03  3.2066315E+19  8.6210440E+01  1.0000000E-99  1.0000000E-99
 1189  9.2691530E+05  4.4937504E+00  3.5650588E+03  2.8159193E+19  1.0110761E+02  1.0000000E-99  1.0000000E-99
 1190  9.2769536E+05  4.4975322E+00  3.5680591E+03  2.3610030E+19  1.2218599E+02  1.0000000E-99  1.0000000E-99
 1191  9.2847543E+05  4.5013140E+00  3.5710593E+03  1.7936800E+19  1.5432701E+02  1.0000000E-99  1.0000000E-99
 1192  9.2925550E+05  4.5050959E+00  3.5740596E+03  9.2642271E+18  2.0946037E+02  1.0000000E-99  1.0000000E-99
 1193  9.3003557E+05  4.5088777E+00  3.5770599E+03  2.1507633E-06  3.2696370E+02  1.0000000E-99  1.0000000E-99
 1194  9.3081563E+05  4.5126595E+00  3.5800601E+03  2.1507633E-06  3.2696370E+02  1.0000000E-99  1.0000000E-99
 1195  9.3159570E+05  4.5164413E+00  3.5830604E+03  2.1507633E-06  1.0000000E-99  1.0000000E-99  1.0000000E-99
 1196  9.3237577E+05  4.5202231E+00  3.5860606E+03  2.1507633E-06  1.0000000E-99  1.0000000E-99  1.0000000E-99
 1197  9.3315584E+05  4.5240050E+00  3.5890609E+03  2.1507633E-06  1.0000000E-99  1.0000000E-99  1.0000000E-99
 1198  9.3393590E+05  4.5277868E+00  3.5920612E+03  2.1507633E-06  1.0000000E-99  1.0000000E-99  1.0000000E-99
 1199  9.3471597E+05  4.5315686E+00  3.5950614E+03  2.1507633E-06  1.0000000E-99  1.0000000E-99  1.0000000E-99
 1200  9.3549604E+05  4.5353504E+00  3.5980617E+03  2.1507633E-06  1.0000000E-99  1.0000000E-99  1.0000000E-99
 1201  9.3627611E+05  4.5391323E+00  3.6010619E+03  2.1507633E-06  1.0000000E-99  1.0000000E-99  1.0000000E-99
 1202  9.3705617E+05  4.5429141E+00  3.6040622E+03  2.1507633E-06  1.0000000E-99  1.0000000E-99  1.0000000E-99
 1203  9.3783624E+05  4.5466959E+00  3.6070625E+03  2.1507633E-06  1.0000000E-99  1.0000000E-99  1.0000000E-99
 1204  9.3861631E+05  4.5504777E+00  3.6100627E+03  2.1507633E-06  1.0000000E-99  1.0000000E-99  1.0000000E-99
 1205  9.3939638E+05  4.5542595E+00  3.6130630E+03  2.1507633E-06  1.0000000E-99  1.0000000E-99  1.0000000E-99
 1206  9.4017644E+05  4.5580414E+00  3.6160632E+03  2.1507633E-06  1.0000000E-99  1.0000000E-99  1.0000000E-99
 1207  9.4095651E+05  4.5618232E+00  3.6190635E+03  2.1507633E-06  1.0000000E-99  1.0000000E-99  1.0000000E-99
 1208  9.4173658E+05  4.5656050E+00  3.6220638E+03  2.1507633E-06  1.0000000E-99  1.0000000E-99  1.0000000E-99
 1209  9.4251665E+05  4.5693868E+00  3.6250640E+03  2.1507633E-06  1.0000000E-99  1.0000000E-99  1.0000000E-99
 1210  9.4329671E+05  4.5731687E+00  3.6280643E+03  2.1507633E-06  1.0000000E-99  1.0000000E-99  1.0000000E-99
 1211  9.4407678E+05  4.5769505E+00  3.6310645E+03  2.1507633E-06  1.0000000E-99  1.0000000E-99  1.0000000E-99
 1212  9.4485685E+05  4.5807323E+00  3.6340648E+03  2.1507633E-06  1.0000000E-99  1.0000000E-99  1.0000000E-99
 1213  9.4563692E+05  4.5845141E+00  3.6370651E+03  2.1507633E-06  1.0000000E-99  1.0000000E-99  1.0000000E-99
 1214  9.4641698E+05  4.5882959E+00  3.6400653E+03  2.1507633E-06  1.0000000E-99  1.0000000E-99  1.0000000E-99
 1215  9.4719705E+05  4.5920778E+00  3.6430656E+03  2.1507633E-06  1.0000000E-99  1.0000000E-99  1.0000000E-99
 1216  9.4797712E+05  4.5958596E+00  3.6460658E+03  2.1507633E-06  1.0000000E-99  1.0000000E-99  1.0000000E-99
 1217  9.4875719E+05  4.5996414E+00  3.6490661E+03  2.1507633E-06  1.0000000E-99  1.0000000E-99  1.0000000E-99
 1218  9.4953725E+05  4.6034232E+00  3.6520664E+03  2.1507633E-06  1.0000000E-99  1.0000000E-99  1.0000000E-99
 1219  9.5031732E+05  4.6072051E+00  3.6550666E+03  2.1507633E-06  1.0000000E-99  1.0000000E-99  1.0000000E-99
 1220  9.5109739E+05  4.6109869E+00  3.6580669E+03  2.1507633E-06  1.0000000E-99  1.0000000E-99  1.0000000E-99
 1221  9.5187746E+05  4.6147687E+00  3.6610671E+03  2.1507633E-06  1.0000000E-99  1.0000000E-99  1.0000000E-99
 1222  9.5265753E+05  4.6185505E+00  3.6640674E+03  2.1507633E-06  1.0000000E-99  1.0000000E-99  1.0000000E-99
 1223  9.5343759E+05  4.6223323E+00  3.6670677E+03  2.1507633E-06  1.0000000E-99  1.0000000E-99  1.0000000E-99
 1224  9.5421766E+05  4.6261142E+00  3.6700679E+03  2.1507633E-06  1.0000000E-99  1.0000000E-99  1.0000000E-99
 1225  9.5499773E+05  4.6298960E+00  3.6730682E+03  2.1507633E-06  1.0000000E-99  1.0000000E-99  1.0000000E-99
 1226  9.5577780E+05  4.6336778E+00  3.6760684E+03  2.1507633E-06  1.0000000E-99  1.0000000E-99  1.0000000E-99
 1227  9.5655786E+05  4.6374596E+00  3.6790687E+03  2.1507633E-06  1.0000000E-99  1.0000000E-99  1.0000000E-99
 1228  9.5733793E+05  4.6412415E+00  3.6820690E+03  2.1507633E-06  1.0000000E-99  1.0000000E-99  1.0000000E-99
 1229  9.5811800E+05  4.6450233E+00  3.6850692E+03  2.1507633E-06  1.0000000E-99  1.0000000E-99  1.0000000E-99
 1230  9.5889807E+05  4.6488051E+00  3.6880695E+03  2.1507633E-06  1.0000000E-99  1.0000000E-99  1.0000000E-99
 1231  9.5967813E+05  4.6525869E+00  3.6910697E+03  2.1507633E-06  1.0000000E-99  1.0000000E-99  1.0000000E-99
 1232  9.6045820E+05  4.6563687E+00  3.6940700E+03  2.1507633E-06  1.0000000E-99  1.0000000E-99  1.0000000E-99
 1233  9.6123827E+05  4.6601506E+00  3.6970703E+03  2.1507633E-06  1.0000000E-99  1.0000000E-99  1.0000000E-99
 1234  9.6201834E+05  4.6639324E+00  3.7000705E+03  2.1507633E-06  1.0000000E-99  1.0000000E-99  1.0000000E-99
 1235  9.6279840E+05  4.6677142E+00  3.7030708E+03  2.1507633E-06  1.0000000E-99  1.0000000E-99  1.0000000E-99
 1236  9.6357847E+05  4.6714960E+00  3.7060710E+03  2.1507633E-06  1.0000000E-99  1.0000000E-99  1.0000000E-99
 1237  9.6435854E+05  4.6752779E+00  3.7090713E+03  2.1507633E-06  1.0000000E-99  1.0000000E-99  1.0000000E-99
 1238  9.6513861E+05  4.6790597E+00  3.7120716E+03  2.1507633E-06  1.0000000E-99  1.0000000E-99  1.0000000E-99
 1239  9.6591867E+05  4.6828415E+00  3.7150718E+03  2.1507633E-06  1.0000000E-99  1.0000000E-99  1.0000000E-99
 1240  9.6669874E+05  4.6866233E+00  3.7180721E+03  2.1507633E-06  1.0000000E-99  1.0000000E-99  1.0000000E-99
 1241  9.6747881E+05  4.6904051E+00  3.7210723E+03  2.1507633E-06  1.0000000E-99  1.0000000E-99  1.0000000E-99
 1242  9.6825888E+05  4.6941870E+00  3.7240726E+03  2.1507633E-06  1.0000000E-99  1.0000000E-99  1.0000000E-99
 1243  9.6903894E+05  4.6979688E+00  3.7270729E+03  2.1507633E-06  1.0000000E-99  1.0000000E-99  1.0000000E-99
 1244  9.6981901E+05  4.7017506E+00  3.7300731E+03  2.1507633E-06  1.0000000E-99  1.0000000E-99  1.0000000E-99
 1245  9.7059908E+05  4.7055324E+00  3.7330734E+03  2.1507633E-06  1.0000000E-99  1.0000000E-99  1.0000000E-99
 1246  9.7137915E+05  4.7093143E+00  3.7360736E+03  2.1507633E-06  1.0000000E-99  1.0000000E-99  1.0000000E-99
 1247  9.7215921E+05  4.7130961E+00  3.7390739E+03  2.1507633E-06  1.0000000E-99  1.0000000E-99  1.0000000E-99
 1248  9.7293928E+05  4.7168779E+00  3.7420742E+03  2.1507633E-06  1.0000000E-99  1.0000000E-99  1.0000000E-99
 1249  9.7371935E+05  4.7206597E+00  3.7450744E+03  2.1507633E-06  1.0000000E-99  1.0000000E-99  1.0000000E-99
 1250  9.7449942E+05  4.7244416E+00  3.7480747E+03  2.1507633E-06  1.0000000E-99  1.0000000E-99  1.0000000E-99
 1251  9.7527948E+05  4.7282234E+00  3.7510749E+03  2.1507633E-06  1.0000000E-99  1.0000000E-99  1.0000000E-99
 1252  9.7605955E+05  4.7320052E+00  3.7540752E+03  2.1507633E-06  1.0000000E-99  1.0000000E-99  1.0000000E-99
 1253  9.7683962E+05  4.7357870E+00  3.7570755E+03  2.1507633E-06  1.0000000E-99  1.0000000E-99  1.0000000E-99
 1254  9.7761969E+05  4.7395688E+00  3.7600757E+03  2.1507633E-06  1.0000000E-99  1.0000000E-99  1.0000000E-99
 1255  9.7839976E+05  4.7433507E+00  3.7630760E+03  2.1507633E-06  1.0000000E-99  1.0000000E-99  1.0000000E-99
 1256  9.7917982E+05  4.7471325E+00  3.7660762E+03  2.1507633E-06  1.0000000E-99  1.0000000E-99  1.0000000E-99
 1257  9.7995989E+05  4.7509143E+00  3.7690765E+03  2.1507633E-06  1.0000000E-99  1.0000000E-99  1.0000000E-99
 1258  9.8073996E+05  4.7546961E+00  3.7720768E+03  2.1507633E-06  1.0000000E-99  1.0000000E-99  1.0000000E-99
 1259  9.8152003E+05  4.7584780E+00  3.7750770E+03  2.1507633E-06  1.0000000E-99  1.0000000E-99  1.0000000E-99
 1260  9.8230009E+05  4.7622598E+00  3.7780773E+03  2.1507633E-06  1.0000000E-99  1.0000000E-99  1.0000000E-99
 1261  9.8308016E+05  4.7660416E+00  3.7810775E+03  2.1507633E-06  1.0000000E-99  1.0000000E-99  1.0000000E-99
 1262  9.8386023E+05  4.7698234E+00  3.7840778E+03  2.1507633E-06  1.0000000E-99  1.0000000E-99  1.0000000E-99
 1263  9.8464030E+05  4.7736052E+00  3.7870781E+03  2.1507633E-06  1.0000000E-99  1.0000000E-99  1.0000000E-99
 1264  9.8542036E+05  4.7773871E+00  3.7900783E+03  2.1507633E-06  1.0000000E-99  1.0000000E-99  1.0000000E-99
 1265  9.8620043E+05  4.7811689E+00  3.7930786E+03  2.1507633E-06  1.0000000E-99  1.0000000E-99  1.0000000E-99
 1266  9.8698050E+05  4.7849507E+00  3.7960788E+03  2.1507633E-06  1.0000000E-99  1.0000000E-99  1.0000000E-99
 1267  9.8776057E+05  4.7887325E+00  3.7990791E+03  2.1507633E-06  1.0000000E-99  1.0000000E-99  1.0000000E-99
 1268  9.8854063E+05  4.7925144E+00  3.8020794E+03  2.1507633E-06  1.0000000E-99  1.0000000E-99  1.0000000E-99
 1269  9.8932070E+05  4.7962962E+00  3.8050796E+03  2.1507633E-06  1.0000000E-99  1.0000000E-99  1.0000000E-99
 1270  9.9010077E+05  4.8000780E+00  3.8080799E+03  2.1507633E-06  1.0000000E-99  1.0000000E-99  1.0000000E-99
 1271  9.9088084E+05  4.8038598E+00  3.8110801E+03  2.1507633E-06  1.0000000E-99  1.0000000E-99  1.0000000E-99
 1272  9.9166090E+05  4.8076416E+00  3.8140804E+03  2.1507633E-06  1.0000000E-99  1.0000000E-99  1.0000000E-99
 1273  9.9244097E+05  4.8114235E+00  3.8170807E+03  2.1507633E-06  1.0000000E-99  1.0000000E-99  1.0000000E-99
 1274  9.9322104E+05  4.8152053E+00  3.8200809E+03  2.1507633E-06  1.0000000E-99  1.0000000E-99  1.0000000E-99
 1275  9.9400111E+05  4.8189871E+00  3.8230812E+03  2.1507633E-06  1.0000000E-99  1.0000000E-99  1.0000000E-99
 1276  9.9478117E+05  4.8227689E+00  3.8260814E+03  2.1507633E-06  1.0000000E-99  1.0000000E-99  1.0000000E-99
 1277  9.9556124E+05  4.8265508E+00  3.8290817E+03  2.1507633E-06  1.0000000E-99  1.0000000E-99  1.0000000E-99
 1278  9.9634131E+05  4.8303326E+00  3.8320820E+03  2.1507633E-06  1.0000000E-99  1.0000000E-99  1.0000000E-99
 1279  9.9712138E+05  4.8341144E+00  3.8350822E+03  2.1507633E-06  1.0000000E-99  1.0000000E-99  1.0000000E-99
 1280  9.9790144E+05  4.8378962E+00  3.8380825E+03  2.1507633E-06  1.0000000E-99  1.0000000E-99  1.0000000E-99
 1281  9.9868151E+05  4.8416780E+00  3.8410827E+03  2.1507633E-06  1.0000000E-99  1.0000000E-99  1.0000000E-99
 1282  9.9946158E+05  4.8454599E+00  3.8440830E+03  2.1507633E-06  1.0000000E-99  1.0000000E-99  1.0000000E-99
 1283  1.0002416E+06  4.8492417E+00  3.8470833E+03  2.1507633E-06  1.0000000E-99  1.0000000E-99  1.0000000E-99
 1284  1.0010217E+06  4.8530235E+00  3.8500835E+03  2.1507633E-06  1.0000000E-99  1.0000000E-99  1.0000000E-99
 1285  1.0018018E+06  4.8568053E+00  3.8530838E+03  2.1507633E-06  1.0000000E-99  1.0000000E-99  1.0000000E-99
 1286  1.0025818E+06  4.8605872E+00  3.8560840E+03  2.1507633E-06  1.0000000E-99  1.0000000E-99  1.0000000E-99
 1287  1.0033619E+06  4.8643690E+00  3.8590843E+03  2.1507633E-06  1.0000000E-99  1.0000000E-99  1.0000000E-99
 1288  1.0041420E+06  4.8681508E+00  3.8620846E+03  2.1507633E-06  1.0000000E-99  1.0000000E-99  1.0000000E-99
 1289  1.0049221E+06  4.8719326E+00  3.8650848E+03  2.1507633E-06  1.0000000E-99  1.0000000E-99  1.0000000E-99
 1290  1.0057021E+06  4.8757144E+00  3.8680851E+03  2.1507633E-06  1.0000000E-99  1.0000000E-99  1.0000000E-99
 1291  1.0064822E+06  4.8794963E+00  3.8710853E+03  2.1507633E-06  1.0000000E-99  1.0000000E-99  1.0000000E-99
 1292  1.0072623E+06  4.8832781E+00  3.8740856E+03  2.1507633E-06  1.0000000E-99  1.0000000E-99  1.0000000E-99
 1293  1.0080423E+06  4.8870599E+00  3.8770859E+03  2.1507633E-06  1.0000000E-99  1.0000000E-99  1.0000000E-99
 1294  1.0088224E+06  4.8908417E+00  3.8800861E+03  2.1507633E-06  1.0000000E-99  1.0000000E-99  1.0000000E-99
 1295  1.0096025E+06  4.8946236E+00  3.8830864E+03  2.1507633E-06  1.0000000E-99  1.0000000E-99  1.0000000E-99
 1296  1.0103825E+06  4.8984054E+00  3.8860866E+03  2.1507633E-06  1.0000000E-99  1.0000000E-99  1.0000000E-99
 1297  1.0111626E+06  4.9021872E+00  3.8890869E+03  2.1507633E-06  1.0000000E-99  1.0000000E-99  1.0000000E-99
 1298  1.0119427E+06  4.9059690E+00  3.8920872E+03  2.1507633E-06  1.0000000E-99  1.0000000E-99  1.0000000E-99
 1299  1.0127227E+06  4.9097508E+00  3.8950874E+03  2.1507633E-06  1.0000000E-99  1.0000000E-99  1.0000000E-99
 1300  1.0135028E+06  4.9135327E+00  3.8980877E+03  2.1507633E-06  1.0000000E-99  1.0000000E-99  1.0000000E-99
 1301  1.0142829E+06  4.9173145E+00  3.9010879E+03  2.1507633E-06  1.0000000E-99  1.0000000E-99  1.0000000E-99
 1302  1.0150629E+06  4.9210963E+00  3.9040882E+03  2.1507633E-06  1.0000000E-99  1.0000000E-99  1.0000000E-99
 1303  1.0158430E+06  4.9248781E+00  3.9070885E+03  2.1507633E-06  1.0000000E-99  1.0000000E-99  1.0000000E-99
 1304  1.0166231E+06  4.9286600E+00  3.9100887E+03  2.1507633E-06  1.0000000E-99  1.0000000E-99  1.0000000E-99
 1305  1.0174031E+06  4.9324418E+00  3.9130890E+03  2.1507633E-06  1.0000000E-99  1.0000000E-99  1.0000000E-99
 1306  1.0181832E+06  4.9362236E+00  3.9160892E+03  2.1507633E-06  1.0000000E-99  1.0000000E-99  1.0000000E-99
 1307  1.0189633E+06  4.9400054E+00  3.9190895E+03  2.1507633E-06  1.0000000E-99  1.0000000E-99  1.0000000E-99
 1308  1.0197433E+06  4.9437872E+00  3.9220898E+03  2.1507633E-06  1.0000000E-99  1.0000000E-99  1.0000000E-99
 1309  1.0205234E+06  4.9475691E+00  3.9250900E+03  2.1507633E-06  1.0000000E-99  1.0000000E-99  1.0000000E-99
 1310  1.0213035E+06  4.9513509E+00  3.9280903E+03  2.1507633E-06  1.0000000E-99  1.0000000E-99  1.0000000E-99
