! Date: 14/08/2026  Time: 14:40:30  Created by RADMC3D compiled on Aug 14 2026 12:46    
! Alexander Men’shchikov, DAp IRFU CEA Saclay, France                         
!
! RADIAL PROFILES OF SURFACE DENSITIES (cm^-2)
!
! Distance (pc): 2.60000000E+02  Mass-averaged Tdust (K): 1.52851508E+01
!
!   N   RADIUS(au)     RADIUS(pc)     RADIUS(as)      PROFILE        SLOPE          PROFILEBS      SLOPEBS
!
    1  2.7943963E+01  1.3547429E-04  1.0747678E-01  1.9630929E+22  5.2162810E-03  1.9256148E+22  5.3187188E-03
    2  8.0809730E+02  3.9177124E-03  3.1080665E+00  1.9289411E+22  5.2162810E-03  1.8914630E+22  5.3187188E-03
    3  1.5882506E+03  7.6999505E-03  6.1086563E+00  1.8328277E+22  5.2162810E-03  1.7953496E+22  5.3187188E-03
    4  2.3684040E+03  1.1482189E-02  9.1092460E+00  1.6883099E+22  5.2162810E-03  1.6508318E+22  5.3187188E-03
    5  3.1485573E+03  1.5264427E-02  1.2109836E+01  1.5315472E+22  7.5641209E-02  1.4940691E+22  7.7179753E-02
    6  3.9287106E+03  1.9046665E-02  1.5110426E+01  1.3570086E+22  2.0554420E-01  1.3195305E+22  2.1002009E-01
    7  4.7088640E+03  2.2828903E-02  1.8111015E+01  1.1938291E+22  3.4225470E-01  1.1563510E+22  3.5042545E-01
    8  5.4890173E+03  2.6611141E-02  2.1111605E+01  1.0571804E+22  5.4658450E-01  1.0197023E+22  5.6118288E-01
    9  6.2691706E+03  3.0393379E-02  2.4112195E+01  9.2917331E+21  7.0729875E-01  8.9169521E+21  7.2877323E-01
   10  7.0493240E+03  3.4175617E-02  2.7112784E+01  8.1254109E+21  7.9294493E-01  7.7506298E+21  8.2032952E-01
   11  7.8294773E+03  3.7957855E-02  3.0113374E+01  7.0320157E+21  9.7118446E-01  6.6572346E+21  1.0093820E+00
   12  8.6096306E+03  4.1740093E-02  3.3113964E+01  6.4037876E+21  9.8524090E-01  6.0290065E+21  1.0435462E+00
   13  9.3897840E+03  4.5522332E-02  3.6114554E+01  5.6361090E+21  1.1435884E+00  5.2613279E+21  1.1951820E+00
   14  1.0169937E+04  4.9304570E-02  3.9115143E+01  5.0954648E+21  1.2634795E+00  4.7206837E+21  1.3585353E+00
   15  1.0950091E+04  5.3086808E-02  4.2115733E+01  4.5641713E+21  1.2634795E+00  4.1893902E+21  1.3585353E+00
   16  1.1730244E+04  5.6869046E-02  4.5116323E+01  4.1798669E+21  1.2780306E+00  3.8050858E+21  1.3980358E+00
   17  1.2510397E+04  6.0651284E-02  4.8116913E+01  3.7410753E+21  1.2780306E+00  3.3662942E+21  1.3980358E+00
   18  1.3290551E+04  6.4433522E-02  5.1117502E+01  3.5007357E+21  1.2780306E+00  3.1259547E+21  1.3980358E+00
   19  1.4070704E+04  6.8215760E-02  5.4118092E+01  3.0919824E+21  1.2780306E+00  2.7172013E+21  1.3980358E+00
   20  1.4850857E+04  7.1997998E-02  5.7118682E+01  2.9471736E+21  1.0976424E+00  2.5723925E+21  1.2244805E+00
   21  1.5631011E+04  7.5780236E-02  6.0119272E+01  2.7599627E+21  1.0976424E+00  2.3851816E+21  1.2244805E+00
   22  1.6411164E+04  7.9562474E-02  6.3119861E+01  2.4794861E+21  1.2818451E+00  2.1047050E+21  1.4758265E+00
   23  1.7191317E+04  8.3344713E-02  6.6120451E+01  2.3781889E+21  8.9814264E-01  2.0034078E+21  1.0620782E+00
   24  1.7971471E+04  8.7126951E-02  6.9121041E+01  2.2525329E+21  1.2231320E+00  1.8777518E+21  1.4595054E+00
   25  1.8751624E+04  9.0909189E-02  7.2121631E+01  2.0233449E+21  1.2231320E+00  1.6485638E+21  1.4595054E+00
   26  1.9531777E+04  9.4691427E-02  7.5122220E+01  1.9570678E+21  8.9814264E-01  1.5822867E+21  1.0620782E+00
   27  2.0311931E+04  9.8473665E-02  7.8122810E+01  1.8797095E+21  1.0297301E+00  1.5049284E+21  1.2798385E+00
   28  2.1092084E+04  1.0225590E-01  8.1123400E+01  1.7815771E+21  1.0297301E+00  1.4067960E+21  1.2798385E+00
   29  2.1872237E+04  1.0603814E-01  8.4123990E+01  1.6296658E+21  1.0297301E+00  1.2548847E+21  1.2798385E+00
   30  2.2652391E+04  1.0982038E-01  8.7124579E+01  1.5826294E+21  1.0297301E+00  1.2078483E+21  1.2798385E+00
   31  2.3432544E+04  1.1360262E-01  9.0125169E+01  1.5288712E+21  1.0205997E+00  1.1540902E+21  1.3445859E+00
   32  2.4212697E+04  1.1738486E-01  9.3125759E+01  1.4638696E+21  1.0205997E+00  1.0890886E+21  1.3445859E+00
   33  2.4992851E+04  1.2116709E-01  9.6126349E+01  1.3588507E+21  1.0205997E+00  9.8406957E+20  1.3445859E+00
   34  2.5773004E+04  1.2494933E-01  9.9126938E+01  1.3037658E+21  1.3265512E+00  9.2898467E+20  1.7700379E+00
   35  2.6553157E+04  1.2873157E-01  1.0212753E+02  1.2684612E+21  1.3265512E+00  8.9368009E+20  1.7700379E+00
   36  2.7333311E+04  1.3251381E-01  1.0512812E+02  1.2284111E+21  1.1079326E+00  8.5363005E+20  1.5833557E+00
   37  2.8113464E+04  1.3629605E-01  1.0812871E+02  1.1804290E+21  1.1079326E+00  8.0564792E+20  1.5833557E+00
   38  2.8893617E+04  1.4007828E-01  1.1112930E+02  1.1059113E+21  1.1079326E+00  7.3113023E+20  1.5833557E+00
   39  2.9673771E+04  1.4386052E-01  1.1412989E+02  1.0615841E+21  1.4157828E+00  6.8680300E+20  2.0556497E+00
   40  3.0453924E+04  1.4764276E-01  1.1713048E+02  1.0363012E+21  1.4157828E+00  6.6152013E+20  2.0556497E+00
   41  3.1234077E+04  1.5142500E-01  1.2013107E+02  1.0083797E+21  1.0797873E+00  6.3359861E+20  1.7048825E+00
   42  3.2014231E+04  1.5520724E-01  1.2313166E+02  9.7668736E+20  1.0797873E+00  6.0190629E+20  1.7048825E+00
   43  3.2794384E+04  1.5898947E-01  1.2613225E+02  9.3828579E+20  1.0797873E+00  5.6350471E+20  1.7048825E+00
   44  3.3574537E+04  1.6277171E-01  1.2913284E+02  8.7131612E+20  1.2943827E+00  4.9653504E+20  2.0799447E+00
   45  3.4354691E+04  1.6655395E-01  1.3213343E+02  8.5297442E+20  1.2943827E+00  4.7819334E+20  2.0799447E+00
   46  3.5134844E+04  1.7033619E-01  1.3513402E+02  8.3321598E+20  1.0437276E+00  4.5843490E+20  1.8791917E+00
   47  3.5914997E+04  1.7411843E-01  1.3813461E+02  8.1171258E+20  1.0437276E+00  4.3693150E+20  1.8791917E+00
   48  3.6695151E+04  1.7790067E-01  1.4113519E+02  7.8791775E+20  1.0437276E+00  4.1313667E+20  1.8791917E+00
   49  3.7475304E+04  1.8168290E-01  1.4413578E+02  7.6073441E+20  1.1905580E+00  3.8595334E+20  2.1875379E+00
   50  3.8255457E+04  1.8546514E-01  1.4713637E+02  7.2682808E+20  1.3845087E+00  3.5204700E+20  2.6058116E+00
   51  3.9035611E+04  1.8924738E-01  1.5013696E+02  6.8062332E+20  1.6688925E+00  3.0584225E+20  3.2352626E+00
   52  3.9815764E+04  1.9302962E-01  1.5313755E+02  6.6361862E+20  1.6688925E+00  2.8883754E+20  3.2352626E+00
   53  4.0595917E+04  1.9681186E-01  1.5613814E+02  6.4516847E+20  1.4530657E+00  2.7038739E+20  3.4017047E+00
   54  4.1376071E+04  2.0059409E-01  1.5913873E+02  6.2494637E+20  1.4530657E+00  2.5016529E+20  3.4017047E+00
   55  4.2156224E+04  2.0437633E-01  1.6213932E+02  6.0246545E+20  1.4530657E+00  2.2768437E+20  3.4017047E+00
   56  4.2936377E+04  2.0815857E-01  1.6513991E+02  5.7693305E+20  1.6729859E+00  2.0215198E+20  4.0836873E+00
   57  4.3716531E+04  2.1194081E-01  1.6814050E+02  5.4684884E+20  1.9612552E+00  1.7206776E+20  5.0408674E+00
   58  4.4496684E+04  2.1572305E-01  1.7114109E+02  5.0801180E+20  2.3615577E+00  1.3323072E+20  6.4863400E+00
   59  4.5276837E+04  2.1950528E-01  1.7414168E+02  4.5946441E+20  2.9740748E+00  8.4683333E+19  8.9483235E+00
   60  4.6056991E+04  2.2328752E-01  1.7714227E+02  3.7479086E+20  4.1647575E+00  1.0000000E-99  8.9483235E+00
   61  4.6837144E+04  2.2706976E-01  1.8014286E+02  3.7478371E+20  4.1647575E+00  1.0000000E-99  1.0000000E-99
   62  4.7617297E+04  2.3085200E-01  1.8314345E+02  3.7477643E+20  1.1745832E-03  1.0000000E-99  1.0000000E-99
   63  4.8397451E+04  2.3463424E-01  1.8614404E+02  3.7476904E+20  1.1745832E-03  1.0000000E-99  1.0000000E-99
   64  4.9177604E+04  2.3841647E-01  1.8914463E+02  3.7476153E+20  1.1745832E-03  1.0000000E-99  1.0000000E-99
   65  4.9957757E+04  2.4219871E-01  1.9214522E+02  3.7475390E+20  1.2137700E-03  1.0000000E-99  1.0000000E-99
   66  5.0737911E+04  2.4598095E-01  1.9514581E+02  3.7474614E+20  1.2536021E-03  1.0000000E-99  1.0000000E-99
   67  5.1518064E+04  2.4976319E-01  1.9814640E+02  3.7473827E+20  1.2940798E-03  1.0000000E-99  1.0000000E-99
   68  5.2298217E+04  2.5354543E-01  2.0114699E+02  3.7473027E+20  1.3352032E-03  1.0000000E-99  1.0000000E-99
   69  5.3078371E+04  2.5732767E-01  2.0414758E+02  3.7472216E+20  1.3769724E-03  1.0000000E-99  1.0000000E-99
   70  5.3858524E+04  2.6110990E-01  2.0714817E+02  3.7471392E+20  1.4193875E-03  1.0000000E-99  1.0000000E-99
   71  5.4638677E+04  2.6489214E-01  2.1014876E+02  3.7470557E+20  1.4624488E-03  1.0000000E-99  1.0000000E-99
   72  5.5418831E+04  2.6867438E-01  2.1314935E+02  3.7469709E+20  1.5061565E-03  1.0000000E-99  1.0000000E-99
   73  5.6198984E+04  2.7245662E-01  2.1614994E+02  3.7468850E+20  1.5505106E-03  1.0000000E-99  1.0000000E-99
   74  5.6979137E+04  2.7623886E-01  2.1915053E+02  3.7467978E+20  1.5955114E-03  1.0000000E-99  1.0000000E-99
   75  5.7759291E+04  2.8002109E-01  2.2215112E+02  3.7467094E+20  1.6411590E-03  1.0000000E-99  1.0000000E-99
   76  5.8539444E+04  2.8380333E-01  2.2515171E+02  3.7466199E+20  1.6874537E-03  1.0000000E-99  1.0000000E-99
   77  5.9319597E+04  2.8758557E-01  2.2815230E+02  3.7465291E+20  1.7343955E-03  1.0000000E-99  1.0000000E-99
   78  6.0099751E+04  2.9136781E-01  2.3115289E+02  3.7464371E+20  1.7819847E-03  1.0000000E-99  1.0000000E-99
   79  6.0879904E+04  2.9515005E-01  2.3415348E+02  3.7463439E+20  1.8302215E-03  1.0000000E-99  1.0000000E-99
   80  6.1660057E+04  2.9893228E-01  2.3715407E+02  3.7462495E+20  1.8791060E-03  1.0000000E-99  1.0000000E-99
   81  6.2440211E+04  3.0271452E-01  2.4015466E+02  3.7461539E+20  1.9286384E-03  1.0000000E-99  1.0000000E-99
   82  6.3220364E+04  3.0649676E-01  2.4315525E+02  3.7460571E+20  1.9788189E-03  1.0000000E-99  1.0000000E-99
   83  6.4000517E+04  3.1027900E-01  2.4615584E+02  3.7459591E+20  2.0296478E-03  1.0000000E-99  1.0000000E-99
   84  6.4780671E+04  3.1406124E-01  2.4915643E+02  3.7458599E+20  2.0811252E-03  1.0000000E-99  1.0000000E-99
   85  6.5560824E+04  3.1784347E-01  2.5215702E+02  3.7457595E+20  2.1332513E-03  1.0000000E-99  1.0000000E-99
   86  6.6340977E+04  3.2162571E-01  2.5515761E+02  3.7456578E+20  2.1860263E-03  1.0000000E-99  1.0000000E-99
   87  6.7121131E+04  3.2540795E-01  2.5815819E+02  3.7455550E+20  2.2394504E-03  1.0000000E-99  1.0000000E-99
   88  6.7901284E+04  3.2919019E-01  2.6115878E+02  3.7454510E+20  2.2935238E-03  1.0000000E-99  1.0000000E-99
   89  6.8681437E+04  3.3297243E-01  2.6415937E+02  3.7453457E+20  2.3482468E-03  1.0000000E-99  1.0000000E-99
   90  6.9461591E+04  3.3675467E-01  2.6715996E+02  3.7452393E+20  2.4036195E-03  1.0000000E-99  1.0000000E-99
   91  7.0241744E+04  3.4053690E-01  2.7016055E+02  3.7451316E+20  2.4596422E-03  1.0000000E-99  1.0000000E-99
   92  7.1021897E+04  3.4431914E-01  2.7316114E+02  3.7450228E+20  2.5163150E-03  1.0000000E-99  1.0000000E-99
   93  7.1802051E+04  3.4810138E-01  2.7616173E+02  3.7449127E+20  2.5736383E-03  1.0000000E-99  1.0000000E-99
   94  7.2582204E+04  3.5188362E-01  2.7916232E+02  3.7448014E+20  2.6316122E-03  1.0000000E-99  1.0000000E-99
   95  7.3362357E+04  3.5566586E-01  2.8216291E+02  3.7446889E+20  2.6902369E-03  1.0000000E-99  1.0000000E-99
   96  7.4142511E+04  3.5944809E-01  2.8516350E+02  3.7445753E+20  2.7495126E-03  1.0000000E-99  1.0000000E-99
   97  7.4922664E+04  3.6323033E-01  2.8816409E+02  3.7444604E+20  2.8094397E-03  1.0000000E-99  1.0000000E-99
   98  7.5702817E+04  3.6701257E-01  2.9116468E+02  3.7443443E+20  2.8700183E-03  1.0000000E-99  1.0000000E-99
   99  7.6482971E+04  3.7079481E-01  2.9416527E+02  3.7442270E+20  2.9312487E-03  1.0000000E-99  1.0000000E-99
  100  7.7263124E+04  3.7457705E-01  2.9716586E+02  3.7441085E+20  2.9931311E-03  1.0000000E-99  1.0000000E-99
  101  7.8043277E+04  3.7835928E-01  3.0016645E+02  3.7439887E+20  3.0556657E-03  1.0000000E-99  1.0000000E-99
  102  7.8823431E+04  3.8214152E-01  3.0316704E+02  3.7438678E+20  3.1188528E-03  1.0000000E-99  1.0000000E-99
  103  7.9603584E+04  3.8592376E-01  3.0616763E+02  3.7437457E+20  3.1826926E-03  1.0000000E-99  1.0000000E-99
  104  8.0383737E+04  3.8970600E-01  3.0916822E+02  3.7436223E+20  3.2471855E-03  1.0000000E-99  1.0000000E-99
  105  8.1163891E+04  3.9348824E-01  3.1216881E+02  3.7434978E+20  3.3123315E-03  1.0000000E-99  1.0000000E-99
  106  8.1944044E+04  3.9727048E-01  3.1516940E+02  3.7433720E+20  3.3781310E-03  1.0000000E-99  1.0000000E-99
  107  8.2724197E+04  4.0105271E-01  3.1816999E+02  3.7432451E+20  3.4445843E-03  1.0000000E-99  1.0000000E-99
  108  8.3504351E+04  4.0483495E-01  3.2117058E+02  3.7431169E+20  3.5116916E-03  1.0000000E-99  1.0000000E-99
  109  8.4284504E+04  4.0861719E-01  3.2417117E+02  3.7429875E+20  3.5794531E-03  1.0000000E-99  1.0000000E-99
  110  8.5064657E+04  4.1239943E-01  3.2717176E+02  3.7428569E+20  3.6478691E-03  1.0000000E-99  1.0000000E-99
  111  8.5844811E+04  4.1618167E-01  3.3017235E+02  3.7427251E+20  3.7169399E-03  1.0000000E-99  1.0000000E-99
  112  8.6624964E+04  4.1996390E-01  3.3317294E+02  3.7425921E+20  3.7866658E-03  1.0000000E-99  1.0000000E-99
  113  8.7405117E+04  4.2374614E-01  3.3617353E+02  3.7424579E+20  3.8570470E-03  1.0000000E-99  1.0000000E-99
  114  8.8185271E+04  4.2752838E-01  3.3917412E+02  3.7423225E+20  3.9280838E-03  1.0000000E-99  1.0000000E-99
  115  8.8965424E+04  4.3131062E-01  3.4217471E+02  3.7421859E+20  3.9997765E-03  1.0000000E-99  1.0000000E-99
  116  8.9745577E+04  4.3509286E-01  3.4517530E+02  3.7420480E+20  4.0721253E-03  1.0000000E-99  1.0000000E-99
  117  9.0525731E+04  4.3887509E-01  3.4817589E+02  3.7419090E+20  4.1451306E-03  1.0000000E-99  1.0000000E-99
  118  9.1305884E+04  4.4265733E-01  3.5117648E+02  3.7417687E+20  4.2187926E-03  1.0000000E-99  1.0000000E-99
  119  9.2086037E+04  4.4643957E-01  3.5417707E+02  3.7416273E+20  4.2931115E-03  1.0000000E-99  1.0000000E-99
  120  9.2866191E+04  4.5022181E-01  3.5717766E+02  3.7414846E+20  4.3680878E-03  1.0000000E-99  1.0000000E-99
  121  9.3646344E+04  4.5400405E-01  3.6017825E+02  3.7413407E+20  4.4437217E-03  1.0000000E-99  1.0000000E-99
  122  9.4426497E+04  4.5778628E-01  3.6317884E+02  3.7411956E+20  4.5200134E-03  1.0000000E-99  1.0000000E-99
  123  9.5206651E+04  4.6156852E-01  3.6617943E+02  3.7410493E+20  4.5969634E-03  1.0000000E-99  1.0000000E-99
  124  9.5986804E+04  4.6535076E-01  3.6918002E+02  3.7409018E+20  4.6745718E-03  1.0000000E-99  1.0000000E-99
  125  9.6766957E+04  4.6913300E-01  3.7218061E+02  3.7407531E+20  4.7528390E-03  1.0000000E-99  1.0000000E-99
  126  9.7547111E+04  4.7291524E-01  3.7518119E+02  3.7406032E+20  4.8317652E-03  1.0000000E-99  1.0000000E-99
  127  9.8327264E+04  4.7669748E-01  3.7818178E+02  3.7404520E+20  4.9113509E-03  1.0000000E-99  1.0000000E-99
  128  9.9107417E+04  4.8047971E-01  3.8118237E+02  3.7402997E+20  4.9915963E-03  1.0000000E-99  1.0000000E-99
  129  9.9887571E+04  4.8426195E-01  3.8418296E+02  3.7401461E+20  5.0725017E-03  1.0000000E-99  1.0000000E-99
  130  1.0066772E+05  4.8804419E-01  3.8718355E+02  3.7399913E+20  5.1540674E-03  1.0000000E-99  1.0000000E-99
  131  1.0144788E+05  4.9182643E-01  3.9018414E+02  3.7398353E+20  5.2362938E-03  1.0000000E-99  1.0000000E-99
  132  1.0222803E+05  4.9560867E-01  3.9318473E+02  3.7396781E+20  5.3191811E-03  1.0000000E-99  1.0000000E-99
  133  1.0300818E+05  4.9939090E-01  3.9618532E+02  3.7395197E+20  5.4027298E-03  1.0000000E-99  1.0000000E-99
  134  1.0378834E+05  5.0317314E-01  3.9918591E+02  3.7393601E+20  5.4869400E-03  1.0000000E-99  1.0000000E-99
  135  1.0456849E+05  5.0695538E-01  4.0218650E+02  3.7391993E+20  5.5718123E-03  1.0000000E-99  1.0000000E-99
  136  1.0534864E+05  5.1073762E-01  4.0518709E+02  3.7390372E+20  5.6573468E-03  1.0000000E-99  1.0000000E-99
  137  1.0612880E+05  5.1451986E-01  4.0818768E+02  3.7388740E+20  5.7435439E-03  1.0000000E-99  1.0000000E-99
  138  1.0690895E+05  5.1830209E-01  4.1118827E+02  3.7387095E+20  5.8304040E-03  1.0000000E-99  1.0000000E-99
  139  1.0768910E+05  5.2208433E-01  4.1418886E+02  3.7385438E+20  5.9179273E-03  1.0000000E-99  1.0000000E-99
  140  1.0846926E+05  5.2586657E-01  4.1718945E+02  3.7383769E+20  6.0061143E-03  1.0000000E-99  1.0000000E-99
  141  1.0924941E+05  5.2964881E-01  4.2019004E+02  3.7382088E+20  6.0949653E-03  1.0000000E-99  1.0000000E-99
  142  1.1002956E+05  5.3343105E-01  4.2319063E+02  3.7380395E+20  6.1844806E-03  1.0000000E-99  1.0000000E-99
  143  1.1080972E+05  5.3721328E-01  4.2619122E+02  3.7378690E+20  6.2746606E-03  1.0000000E-99  1.0000000E-99
  144  1.1158987E+05  5.4099552E-01  4.2919181E+02  3.7376972E+20  6.3655056E-03  1.0000000E-99  1.0000000E-99
  145  1.1237002E+05  5.4477776E-01  4.3219240E+02  3.7375243E+20  6.4570161E-03  1.0000000E-99  1.0000000E-99
  146  1.1315018E+05  5.4856000E-01  4.3519299E+02  3.7373501E+20  6.5491922E-03  1.0000000E-99  1.0000000E-99
  147  1.1393033E+05  5.5234224E-01  4.3819358E+02  3.7371747E+20  6.6420345E-03  1.0000000E-99  1.0000000E-99
  148  1.1471048E+05  5.5612448E-01  4.4119417E+02  3.7369981E+20  6.7355432E-03  1.0000000E-99  1.0000000E-99
  149  1.1549064E+05  5.5990671E-01  4.4419476E+02  3.7368203E+20  6.8297188E-03  1.0000000E-99  1.0000000E-99
  150  1.1627079E+05  5.6368895E-01  4.4719535E+02  3.7366413E+20  6.9245616E-03  1.0000000E-99  1.0000000E-99
  151  1.1705094E+05  5.6747119E-01  4.5019594E+02  3.7364611E+20  7.0200720E-03  1.0000000E-99  1.0000000E-99
  152  1.1783110E+05  5.7125343E-01  4.5319653E+02  3.7362796E+20  7.1162503E-03  1.0000000E-99  1.0000000E-99
  153  1.1861125E+05  5.7503567E-01  4.5619712E+02  3.7360969E+20  7.2130970E-03  1.0000000E-99  1.0000000E-99
  154  1.1939140E+05  5.7881790E-01  4.5919771E+02  3.7359131E+20  7.3106124E-03  1.0000000E-99  1.0000000E-99
  155  1.2017156E+05  5.8260014E-01  4.6219830E+02  3.7357280E+20  7.4087968E-03  1.0000000E-99  1.0000000E-99
  156  1.2095171E+05  5.8638238E-01  4.6519889E+02  3.7355416E+20  7.5076508E-03  1.0000000E-99  1.0000000E-99
  157  1.2173186E+05  5.9016462E-01  4.6819948E+02  3.7353541E+20  7.6071746E-03  1.0000000E-99  1.0000000E-99
  158  1.2251202E+05  5.9394686E-01  4.7120007E+02  3.7351654E+20  7.7073687E-03  1.0000000E-99  1.0000000E-99
  159  1.2329217E+05  5.9772909E-01  4.7420066E+02  3.7349754E+20  7.8082335E-03  1.0000000E-99  1.0000000E-99
  160  1.2407232E+05  6.0151133E-01  4.7720125E+02  3.7347842E+20  7.9097693E-03  1.0000000E-99  1.0000000E-99
  161  1.2485248E+05  6.0529357E-01  4.8020184E+02  3.7345918E+20  8.0119765E-03  1.0000000E-99  1.0000000E-99
  162  1.2563263E+05  6.0907581E-01  4.8320243E+02  3.7343982E+20  8.1148556E-03  1.0000000E-99  1.0000000E-99
  163  1.2641278E+05  6.1285805E-01  4.8620302E+02  3.7342034E+20  8.2184070E-03  1.0000000E-99  1.0000000E-99
  164  1.2719294E+05  6.1664028E-01  4.8920361E+02  3.7340074E+20  8.3226310E-03  1.0000000E-99  1.0000000E-99
  165  1.2797309E+05  6.2042252E-01  4.9220420E+02  3.7338101E+20  8.4275281E-03  1.0000000E-99  1.0000000E-99
  166  1.2875324E+05  6.2420476E-01  4.9520478E+02  3.7336116E+20  8.5330987E-03  1.0000000E-99  1.0000000E-99
  167  1.2953340E+05  6.2798700E-01  4.9820537E+02  3.7334119E+20  8.6393432E-03  1.0000000E-99  1.0000000E-99
  168  1.3031355E+05  6.3176924E-01  5.0120596E+02  3.7332110E+20  8.7462621E-03  1.0000000E-99  1.0000000E-99
  169  1.3109370E+05  6.3555148E-01  5.0420655E+02  3.7330089E+20  8.8538557E-03  1.0000000E-99  1.0000000E-99
  170  1.3187386E+05  6.3933371E-01  5.0720714E+02  3.7328056E+20  8.9621244E-03  1.0000000E-99  1.0000000E-99
  171  1.3265401E+05  6.4311595E-01  5.1020773E+02  3.7326010E+20  9.0710688E-03  1.0000000E-99  1.0000000E-99
  172  1.3343416E+05  6.4689819E-01  5.1320832E+02  3.7323952E+20  9.1806892E-03  1.0000000E-99  1.0000000E-99
  173  1.3421432E+05  6.5068043E-01  5.1620891E+02  3.7321882E+20  9.2909860E-03  1.0000000E-99  1.0000000E-99
  174  1.3499447E+05  6.5446267E-01  5.1920950E+02  3.7319800E+20  9.4019598E-03  1.0000000E-99  1.0000000E-99
  175  1.3577462E+05  6.5824490E-01  5.2221009E+02  3.7317706E+20  9.5136109E-03  1.0000000E-99  1.0000000E-99
  176  1.3655478E+05  6.6202714E-01  5.2521068E+02  3.7315599E+20  9.6259397E-03  1.0000000E-99  1.0000000E-99
  177  1.3733493E+05  6.6580938E-01  5.2821127E+02  3.7313480E+20  9.7389468E-03  1.0000000E-99  1.0000000E-99
  178  1.3811508E+05  6.6959162E-01  5.3121186E+02  3.7311350E+20  9.8526326E-03  1.0000000E-99  1.0000000E-99
  179  1.3889524E+05  6.7337386E-01  5.3421245E+02  3.7309206E+20  9.9669975E-03  1.0000000E-99  1.0000000E-99
  180  1.3967539E+05  6.7715609E-01  5.3721304E+02  3.7307051E+20  1.0082042E-02  1.0000000E-99  1.0000000E-99
  181  1.4045554E+05  6.8093833E-01  5.4021363E+02  3.7304884E+20  1.0197766E-02  1.0000000E-99  1.0000000E-99
  182  1.4123570E+05  6.8472057E-01  5.4321422E+02  3.7302704E+20  1.0314171E-02  1.0000000E-99  1.0000000E-99
  183  1.4201585E+05  6.8850281E-01  5.4621481E+02  3.7300512E+20  1.0431257E-02  1.0000000E-99  1.0000000E-99
  184  1.4279600E+05  6.9228505E-01  5.4921540E+02  3.7298308E+20  1.0549025E-02  1.0000000E-99  1.0000000E-99
  185  1.4357616E+05  6.9606729E-01  5.5221599E+02  3.7296091E+20  1.0667474E-02  1.0000000E-99  1.0000000E-99
  186  1.4435631E+05  6.9984952E-01  5.5521658E+02  3.7293863E+20  1.0786605E-02  1.0000000E-99  1.0000000E-99
  187  1.4513646E+05  7.0363176E-01  5.5821717E+02  3.7291622E+20  1.0906420E-02  1.0000000E-99  1.0000000E-99
  188  1.4591662E+05  7.0741400E-01  5.6121776E+02  3.7289369E+20  1.1026918E-02  1.0000000E-99  1.0000000E-99
  189  1.4669677E+05  7.1119624E-01  5.6421835E+02  3.7287104E+20  1.1148099E-02  1.0000000E-99  1.0000000E-99
  190  1.4747692E+05  7.1497848E-01  5.6721894E+02  3.7284826E+20  1.1269965E-02  1.0000000E-99  1.0000000E-99
  191  1.4825708E+05  7.1876071E-01  5.7021953E+02  3.7282537E+20  1.1392515E-02  1.0000000E-99  1.0000000E-99
  192  1.4903723E+05  7.2254295E-01  5.7322012E+02  3.7280235E+20  1.1515751E-02  1.0000000E-99  1.0000000E-99
  193  1.4981738E+05  7.2632519E-01  5.7622071E+02  3.7277921E+20  1.1639672E-02  1.0000000E-99  1.0000000E-99
  194  1.5059754E+05  7.3010743E-01  5.7922130E+02  3.7275594E+20  1.1764280E-02  1.0000000E-99  1.0000000E-99
  195  1.5137769E+05  7.3388967E-01  5.8222189E+02  3.7273256E+20  1.1889574E-02  1.0000000E-99  1.0000000E-99
  196  1.5215784E+05  7.3767190E-01  5.8522248E+02  3.7270905E+20  1.2015556E-02  1.0000000E-99  1.0000000E-99
  197  1.5293800E+05  7.4145414E-01  5.8822307E+02  3.7268542E+20  1.2142225E-02  1.0000000E-99  1.0000000E-99
  198  1.5371815E+05  7.4523638E-01  5.9122366E+02  3.7266167E+20  1.2269583E-02  1.0000000E-99  1.0000000E-99
  199  1.5449830E+05  7.4901862E-01  5.9422425E+02  3.7263779E+20  1.2397629E-02  1.0000000E-99  1.0000000E-99
  200  1.5527846E+05  7.5280086E-01  5.9722484E+02  3.7261380E+20  1.2526364E-02  1.0000000E-99  1.0000000E-99
  201  1.5605861E+05  7.5658309E-01  6.0022543E+02  3.7258968E+20  1.2655789E-02  1.0000000E-99  1.0000000E-99
  202  1.5683876E+05  7.6036533E-01  6.0322602E+02  3.7256543E+20  1.2785905E-02  1.0000000E-99  1.0000000E-99
  203  1.5761892E+05  7.6414757E-01  6.0622661E+02  3.7254107E+20  1.2916711E-02  1.0000000E-99  1.0000000E-99
  204  1.5839907E+05  7.6792981E-01  6.0922720E+02  3.7251658E+20  1.3048209E-02  1.0000000E-99  1.0000000E-99
  205  1.5917922E+05  7.7171205E-01  6.1222778E+02  3.7249197E+20  1.3180398E-02  1.0000000E-99  1.0000000E-99
  206  1.5995938E+05  7.7549429E-01  6.1522837E+02  3.7246724E+20  1.3313280E-02  1.0000000E-99  1.0000000E-99
  207  1.6073953E+05  7.7927652E-01  6.1822896E+02  3.7244238E+20  1.3446854E-02  1.0000000E-99  1.0000000E-99
  208  1.6151968E+05  7.8305876E-01  6.2122955E+02  3.7241740E+20  1.3581122E-02  1.0000000E-99  1.0000000E-99
  209  1.6229984E+05  7.8684100E-01  6.2423014E+02  3.7239230E+20  1.3716084E-02  1.0000000E-99  1.0000000E-99
  210  1.6307999E+05  7.9062324E-01  6.2723073E+02  3.7236708E+20  1.3851741E-02  1.0000000E-99  1.0000000E-99
  211  1.6386014E+05  7.9440548E-01  6.3023132E+02  3.7234174E+20  1.3988092E-02  1.0000000E-99  1.0000000E-99
  212  1.6464030E+05  7.9818771E-01  6.3323191E+02  3.7231627E+20  1.4125139E-02  1.0000000E-99  1.0000000E-99
  213  1.6542045E+05  8.0196995E-01  6.3623250E+02  3.7229068E+20  1.4262883E-02  1.0000000E-99  1.0000000E-99
  214  1.6620060E+05  8.0575219E-01  6.3923309E+02  3.7226496E+20  1.4401323E-02  1.0000000E-99  1.0000000E-99
  215  1.6698076E+05  8.0953443E-01  6.4223368E+02  3.7223912E+20  1.4540460E-02  1.0000000E-99  1.0000000E-99
  216  1.6776091E+05  8.1331667E-01  6.4523427E+02  3.7221317E+20  1.4680295E-02  1.0000000E-99  1.0000000E-99
  217  1.6854106E+05  8.1709890E-01  6.4823486E+02  3.7218708E+20  1.4820828E-02  1.0000000E-99  1.0000000E-99
  218  1.6932122E+05  8.2088114E-01  6.5123545E+02  3.7216088E+20  1.4962061E-02  1.0000000E-99  1.0000000E-99
  219  1.7010137E+05  8.2466338E-01  6.5423604E+02  3.7213455E+20  1.5103992E-02  1.0000000E-99  1.0000000E-99
  220  1.7088152E+05  8.2844562E-01  6.5723663E+02  3.7210810E+20  1.5246624E-02  1.0000000E-99  1.0000000E-99
  221  1.7166168E+05  8.3222786E-01  6.6023722E+02  3.7208152E+20  1.5389957E-02  1.0000000E-99  1.0000000E-99
  222  1.7244183E+05  8.3601009E-01  6.6323781E+02  3.7205483E+20  1.5533990E-02  1.0000000E-99  1.0000000E-99
  223  1.7322198E+05  8.3979233E-01  6.6623840E+02  3.7202801E+20  1.5678726E-02  1.0000000E-99  1.0000000E-99
  224  1.7400214E+05  8.4357457E-01  6.6923899E+02  3.7200106E+20  1.5824164E-02  1.0000000E-99  1.0000000E-99
  225  1.7478229E+05  8.4735681E-01  6.7223958E+02  3.7197400E+20  1.5970305E-02  1.0000000E-99  1.0000000E-99
  226  1.7556244E+05  8.5113905E-01  6.7524017E+02  3.7194681E+20  1.6117149E-02  1.0000000E-99  1.0000000E-99
  227  1.7634260E+05  8.5492129E-01  6.7824076E+02  3.7191950E+20  1.6264698E-02  1.0000000E-99  1.0000000E-99
  228  1.7712275E+05  8.5870352E-01  6.8124135E+02  3.7189206E+20  1.6412951E-02  1.0000000E-99  1.0000000E-99
  229  1.7790290E+05  8.6248576E-01  6.8424194E+02  3.7186450E+20  1.6561910E-02  1.0000000E-99  1.0000000E-99
  230  1.7868306E+05  8.6626800E-01  6.8724253E+02  3.7183682E+20  1.6711574E-02  1.0000000E-99  1.0000000E-99
  231  1.7946321E+05  8.7005024E-01  6.9024312E+02  3.7180901E+20  1.6861946E-02  1.0000000E-99  1.0000000E-99
  232  1.8024336E+05  8.7383248E-01  6.9324371E+02  3.7178109E+20  1.7013024E-02  1.0000000E-99  1.0000000E-99
  233  1.8102352E+05  8.7761471E-01  6.9624430E+02  3.7175303E+20  1.7164810E-02  1.0000000E-99  1.0000000E-99
  234  1.8180367E+05  8.8139695E-01  6.9924489E+02  3.7172486E+20  1.7317304E-02  1.0000000E-99  1.0000000E-99
  235  1.8258382E+05  8.8517919E-01  7.0224548E+02  3.7169656E+20  1.7470508E-02  1.0000000E-99  1.0000000E-99
  236  1.8336398E+05  8.8896143E-01  7.0524607E+02  3.7166814E+20  1.7624421E-02  1.0000000E-99  1.0000000E-99
  237  1.8414413E+05  8.9274367E-01  7.0824666E+02  3.7163959E+20  1.7779044E-02  1.0000000E-99  1.0000000E-99
  238  1.8492428E+05  8.9652590E-01  7.1124725E+02  3.7161092E+20  1.7934378E-02  1.0000000E-99  1.0000000E-99
  239  1.8570444E+05  9.0030814E-01  7.1424784E+02  3.7158213E+20  1.8090424E-02  1.0000000E-99  1.0000000E-99
  240  1.8648459E+05  9.0409038E-01  7.1724843E+02  3.7155322E+20  1.8247182E-02  1.0000000E-99  1.0000000E-99
  241  1.8726474E+05  9.0787262E-01  7.2024902E+02  3.7152418E+20  1.8404652E-02  1.0000000E-99  1.0000000E-99
  242  1.8804490E+05  9.1165486E-01  7.2324961E+02  3.7149502E+20  1.8562836E-02  1.0000000E-99  1.0000000E-99
  243  1.8882505E+05  9.1543710E-01  7.2625020E+02  3.7146573E+20  1.8721734E-02  1.0000000E-99  1.0000000E-99
  244  1.8960520E+05  9.1921933E-01  7.2925078E+02  3.7143632E+20  1.8881347E-02  1.0000000E-99  1.0000000E-99
  245  1.9038536E+05  9.2300157E-01  7.3225137E+02  3.7140679E+20  1.9041675E-02  1.0000000E-99  1.0000000E-99
  246  1.9116551E+05  9.2678381E-01  7.3525196E+02  3.7137713E+20  1.9202719E-02  1.0000000E-99  1.0000000E-99
  247  1.9194566E+05  9.3056605E-01  7.3825255E+02  3.7134735E+20  1.9364480E-02  1.0000000E-99  1.0000000E-99
  248  1.9272582E+05  9.3434829E-01  7.4125314E+02  3.7131745E+20  1.9526958E-02  1.0000000E-99  1.0000000E-99
  249  1.9350597E+05  9.3813052E-01  7.4425373E+02  3.7128742E+20  1.9690153E-02  1.0000000E-99  1.0000000E-99
  250  1.9428612E+05  9.4191276E-01  7.4725432E+02  3.7125727E+20  1.9854068E-02  1.0000000E-99  1.0000000E-99
  251  1.9506628E+05  9.4569500E-01  7.5025491E+02  3.7122699E+20  2.0018702E-02  1.0000000E-99  1.0000000E-99
  252  1.9584643E+05  9.4947724E-01  7.5325550E+02  3.7119659E+20  2.0184056E-02  1.0000000E-99  1.0000000E-99
  253  1.9662658E+05  9.5325948E-01  7.5625609E+02  3.7116607E+20  2.0350130E-02  1.0000000E-99  1.0000000E-99
  254  1.9740674E+05  9.5704171E-01  7.5925668E+02  3.7113542E+20  2.0516926E-02  1.0000000E-99  1.0000000E-99
  255  1.9818689E+05  9.6082395E-01  7.6225727E+02  3.7110465E+20  2.0684444E-02  1.0000000E-99  1.0000000E-99
  256  1.9896704E+05  9.6460619E-01  7.6525786E+02  3.7107375E+20  2.0852684E-02  1.0000000E-99  1.0000000E-99
  257  1.9974720E+05  9.6838843E-01  7.6825845E+02  3.7104274E+20  2.1021648E-02  1.0000000E-99  1.0000000E-99
  258  2.0052735E+05  9.7217067E-01  7.7125904E+02  3.7101159E+20  2.1191336E-02  1.0000000E-99  1.0000000E-99
  259  2.0130750E+05  9.7595290E-01  7.7425963E+02  3.7098033E+20  2.1361748E-02  1.0000000E-99  1.0000000E-99
  260  2.0208766E+05  9.7973514E-01  7.7726022E+02  3.7094893E+20  2.1532887E-02  1.0000000E-99  1.0000000E-99
  261  2.0286781E+05  9.8351738E-01  7.8026081E+02  3.7091742E+20  2.1704751E-02  1.0000000E-99  1.0000000E-99
  262  2.0364796E+05  9.8729962E-01  7.8326140E+02  3.7088578E+20  2.1877342E-02  1.0000000E-99  1.0000000E-99
  263  2.0442812E+05  9.9108186E-01  7.8626199E+02  3.7085402E+20  2.2050661E-02  1.0000000E-99  1.0000000E-99
  264  2.0520827E+05  9.9486410E-01  7.8926258E+02  3.7082213E+20  2.2224708E-02  1.0000000E-99  1.0000000E-99
  265  2.0598842E+05  9.9864633E-01  7.9226317E+02  3.7079012E+20  2.2399484E-02  1.0000000E-99  1.0000000E-99
  266  2.0676858E+05  1.0024286E+00  7.9526376E+02  3.7075798E+20  2.2574989E-02  1.0000000E-99  1.0000000E-99
  267  2.0754873E+05  1.0062108E+00  7.9826435E+02  3.7072572E+20  2.2751225E-02  1.0000000E-99  1.0000000E-99
  268  2.0832888E+05  1.0099930E+00  8.0126494E+02  3.7069333E+20  2.2928193E-02  1.0000000E-99  1.0000000E-99
  269  2.0910904E+05  1.0137753E+00  8.0426553E+02  3.7066083E+20  2.3105892E-02  1.0000000E-99  1.0000000E-99
  270  2.0988919E+05  1.0175575E+00  8.0726612E+02  3.7062819E+20  2.3284323E-02  1.0000000E-99  1.0000000E-99
  271  2.1066934E+05  1.0213398E+00  8.1026671E+02  3.7059543E+20  2.3463489E-02  1.0000000E-99  1.0000000E-99
  272  2.1144950E+05  1.0251220E+00  8.1326730E+02  3.7056255E+20  2.3643388E-02  1.0000000E-99  1.0000000E-99
  273  2.1222965E+05  1.0289042E+00  8.1626789E+02  3.7052954E+20  2.3824022E-02  1.0000000E-99  1.0000000E-99
  274  2.1300980E+05  1.0326865E+00  8.1926848E+02  3.7049641E+20  2.4005391E-02  1.0000000E-99  1.0000000E-99
  275  2.1378996E+05  1.0364687E+00  8.2226907E+02  3.7046316E+20  2.4187497E-02  1.0000000E-99  1.0000000E-99
  276  2.1457011E+05  1.0402510E+00  8.2526966E+02  3.7042978E+20  2.4370340E-02  1.0000000E-99  1.0000000E-99
  277  2.1535026E+05  1.0440332E+00  8.2827025E+02  3.7039627E+20  2.4553921E-02  1.0000000E-99  1.0000000E-99
  278  2.1613042E+05  1.0478154E+00  8.3127084E+02  3.7036264E+20  2.4738240E-02  1.0000000E-99  1.0000000E-99
  279  2.1691057E+05  1.0515977E+00  8.3427143E+02  3.7032889E+20  2.4923299E-02  1.0000000E-99  1.0000000E-99
  280  2.1769072E+05  1.0553799E+00  8.3727202E+02  3.7029501E+20  2.5109098E-02  1.0000000E-99  1.0000000E-99
  281  2.1847088E+05  1.0591621E+00  8.4027261E+02  3.7026100E+20  2.5295638E-02  1.0000000E-99  1.0000000E-99
  282  2.1925103E+05  1.0629444E+00  8.4327320E+02  3.7022687E+20  2.5482919E-02  1.0000000E-99  1.0000000E-99
  283  2.2003118E+05  1.0667266E+00  8.4627379E+02  3.7019262E+20  2.5670943E-02  1.0000000E-99  1.0000000E-99
  284  2.2081134E+05  1.0705089E+00  8.4927437E+02  3.7015824E+20  2.5859710E-02  1.0000000E-99  1.0000000E-99
  285  2.2159149E+05  1.0742911E+00  8.5227496E+02  3.7012374E+20  2.6049221E-02  1.0000000E-99  1.0000000E-99
  286  2.2237164E+05  1.0780733E+00  8.5527555E+02  3.7008911E+20  2.6239477E-02  1.0000000E-99  1.0000000E-99
  287  2.2315180E+05  1.0818556E+00  8.5827614E+02  3.7005435E+20  2.6430478E-02  1.0000000E-99  1.0000000E-99
  288  2.2393195E+05  1.0856378E+00  8.6127673E+02  3.7001948E+20  2.6622226E-02  1.0000000E-99  1.0000000E-99
  289  2.2471210E+05  1.0894200E+00  8.6427732E+02  3.6998447E+20  2.6814720E-02  1.0000000E-99  1.0000000E-99
  290  2.2549226E+05  1.0932023E+00  8.6727791E+02  3.6994934E+20  2.7007963E-02  1.0000000E-99  1.0000000E-99
  291  2.2627241E+05  1.0969845E+00  8.7027850E+02  3.6991409E+20  2.7201955E-02  1.0000000E-99  1.0000000E-99
  292  2.2705256E+05  1.1007668E+00  8.7327909E+02  3.6987871E+20  2.7396696E-02  1.0000000E-99  1.0000000E-99
  293  2.2783272E+05  1.1045490E+00  8.7627968E+02  3.6984321E+20  2.7592187E-02  1.0000000E-99  1.0000000E-99
  294  2.2861287E+05  1.1083312E+00  8.7928027E+02  3.6980758E+20  2.7788430E-02  1.0000000E-99  1.0000000E-99
  295  2.2939302E+05  1.1121135E+00  8.8228086E+02  3.6977182E+20  2.7985425E-02  1.0000000E-99  1.0000000E-99
  296  2.3017318E+05  1.1158957E+00  8.8528145E+02  3.6973594E+20  2.8183172E-02  1.0000000E-99  1.0000000E-99
  297  2.3095333E+05  1.1196780E+00  8.8828204E+02  3.6969994E+20  2.8381674E-02  1.0000000E-99  1.0000000E-99
  298  2.3173348E+05  1.1234602E+00  8.9128263E+02  3.6966381E+20  2.8580929E-02  1.0000000E-99  1.0000000E-99
  299  2.3251364E+05  1.1272424E+00  8.9428322E+02  3.6962755E+20  2.8780940E-02  1.0000000E-99  1.0000000E-99
  300  2.3329379E+05  1.1310247E+00  8.9728381E+02  3.6959117E+20  2.8981708E-02  1.0000000E-99  1.0000000E-99
  301  2.3407394E+05  1.1348069E+00  9.0028440E+02  3.6955466E+20  2.9183232E-02  1.0000000E-99  1.0000000E-99
  302  2.3485410E+05  1.1385891E+00  9.0328499E+02  3.6951803E+20  2.9385514E-02  1.0000000E-99  1.0000000E-99
  303  2.3563425E+05  1.1423714E+00  9.0628558E+02  3.6948127E+20  2.9588554E-02  1.0000000E-99  1.0000000E-99
  304  2.3641440E+05  1.1461536E+00  9.0928617E+02  3.6944439E+20  2.9792355E-02  1.0000000E-99  1.0000000E-99
  305  2.3719456E+05  1.1499359E+00  9.1228676E+02  3.6940738E+20  2.9996915E-02  1.0000000E-99  1.0000000E-99
  306  2.3797471E+05  1.1537181E+00  9.1528735E+02  3.6937024E+20  3.0202237E-02  1.0000000E-99  1.0000000E-99
  307  2.3875486E+05  1.1575003E+00  9.1828794E+02  3.6933298E+20  3.0408321E-02  1.0000000E-99  1.0000000E-99
  308  2.3953502E+05  1.1612826E+00  9.2128853E+02  3.6929560E+20  3.0615168E-02  1.0000000E-99  1.0000000E-99
  309  2.4031517E+05  1.1650648E+00  9.2428912E+02  3.6925809E+20  3.0822779E-02  1.0000000E-99  1.0000000E-99
  310  2.4109532E+05  1.1688470E+00  9.2728971E+02  3.6922045E+20  3.1031154E-02  1.0000000E-99  1.0000000E-99
  311  2.4187548E+05  1.1726293E+00  9.3029030E+02  3.6918268E+20  3.1240295E-02  1.0000000E-99  1.0000000E-99
  312  2.4265563E+05  1.1764115E+00  9.3329089E+02  3.6914479E+20  3.1450203E-02  1.0000000E-99  1.0000000E-99
  313  2.4343578E+05  1.1801938E+00  9.3629148E+02  3.6910678E+20  3.1660878E-02  1.0000000E-99  1.0000000E-99
  314  2.4421594E+05  1.1839760E+00  9.3929207E+02  3.6906864E+20  3.1872321E-02  1.0000000E-99  1.0000000E-99
  315  2.4499609E+05  1.1877582E+00  9.4229266E+02  3.6903037E+20  3.2084534E-02  1.0000000E-99  1.0000000E-99
  316  2.4577624E+05  1.1915405E+00  9.4529325E+02  3.6899198E+20  3.2297516E-02  1.0000000E-99  1.0000000E-99
  317  2.4655640E+05  1.1953227E+00  9.4829384E+02  3.6895346E+20  3.2511269E-02  1.0000000E-99  1.0000000E-99
  318  2.4733655E+05  1.1991050E+00  9.5129443E+02  3.6891481E+20  3.2725794E-02  1.0000000E-99  1.0000000E-99
  319  2.4811670E+05  1.2028872E+00  9.5429502E+02  3.6887604E+20  3.2941092E-02  1.0000000E-99  1.0000000E-99
  320  2.4889686E+05  1.2066694E+00  9.5729561E+02  3.6883714E+20  3.3157164E-02  1.0000000E-99  1.0000000E-99
  321  2.4967701E+05  1.2104517E+00  9.6029620E+02  3.6879811E+20  3.3374010E-02  1.0000000E-99  1.0000000E-99
  322  2.5045716E+05  1.2142339E+00  9.6329679E+02  3.6875896E+20  3.3591632E-02  1.0000000E-99  1.0000000E-99
  323  2.5123732E+05  1.2180161E+00  9.6629737E+02  3.6871969E+20  3.3810030E-02  1.0000000E-99  1.0000000E-99
  324  2.5201747E+05  1.2217984E+00  9.6929796E+02  3.6868028E+20  3.4029205E-02  1.0000000E-99  1.0000000E-99
  325  2.5279762E+05  1.2255806E+00  9.7229855E+02  3.6864075E+20  3.4249159E-02  1.0000000E-99  1.0000000E-99
  326  2.5357778E+05  1.2293629E+00  9.7529914E+02  3.6860110E+20  3.4469892E-02  1.0000000E-99  1.0000000E-99
  327  2.5435793E+05  1.2331451E+00  9.7829973E+02  3.6856131E+20  3.4691405E-02  1.0000000E-99  1.0000000E-99
  328  2.5513808E+05  1.2369273E+00  9.8130032E+02  3.6852140E+20  3.4913699E-02  1.0000000E-99  1.0000000E-99
  329  2.5591824E+05  1.2407096E+00  9.8430091E+02  3.6848137E+20  3.5136775E-02  1.0000000E-99  1.0000000E-99
  330  2.5669839E+05  1.2444918E+00  9.8730150E+02  3.6844121E+20  3.5360634E-02  1.0000000E-99  1.0000000E-99
  331  2.5747854E+05  1.2482740E+00  9.9030209E+02  3.6840092E+20  3.5585277E-02  1.0000000E-99  1.0000000E-99
  332  2.5825870E+05  1.2520563E+00  9.9330268E+02  3.6836050E+20  3.5810705E-02  1.0000000E-99  1.0000000E-99
  333  2.5903885E+05  1.2558385E+00  9.9630327E+02  3.6831996E+20  3.6036919E-02  1.0000000E-99  1.0000000E-99
  334  2.5981900E+05  1.2596208E+00  9.9930386E+02  3.6827929E+20  3.6263919E-02  1.0000000E-99  1.0000000E-99
  335  2.6059916E+05  1.2634030E+00  1.0023045E+03  3.6823849E+20  3.6491708E-02  1.0000000E-99  1.0000000E-99
  336  2.6137931E+05  1.2671852E+00  1.0053050E+03  3.6819757E+20  3.6720285E-02  1.0000000E-99  1.0000000E-99
  337  2.6215946E+05  1.2709675E+00  1.0083056E+03  3.6815652E+20  3.6949652E-02  1.0000000E-99  1.0000000E-99
  338  2.6293962E+05  1.2747497E+00  1.0113062E+03  3.6811534E+20  3.7179809E-02  1.0000000E-99  1.0000000E-99
  339  2.6371977E+05  1.2785320E+00  1.0143068E+03  3.6807404E+20  3.7410759E-02  1.0000000E-99  1.0000000E-99
  340  2.6449992E+05  1.2823142E+00  1.0173074E+03  3.6803261E+20  3.7642501E-02  1.0000000E-99  1.0000000E-99
  341  2.6528008E+05  1.2860964E+00  1.0203080E+03  3.6799105E+20  3.7875036E-02  1.0000000E-99  1.0000000E-99
  342  2.6606023E+05  1.2898787E+00  1.0233086E+03  3.6794936E+20  3.8108367E-02  1.0000000E-99  1.0000000E-99
  343  2.6684038E+05  1.2936609E+00  1.0263092E+03  3.6790755E+20  3.8342493E-02  1.0000000E-99  1.0000000E-99
  344  2.6762054E+05  1.2974431E+00  1.0293098E+03  3.6786561E+20  3.8577415E-02  1.0000000E-99  1.0000000E-99
  345  2.6840069E+05  1.3012254E+00  1.0323103E+03  3.6782354E+20  3.8813136E-02  1.0000000E-99  1.0000000E-99
  346  2.6918084E+05  1.3050076E+00  1.0353109E+03  3.6778135E+20  3.9049655E-02  1.0000000E-99  1.0000000E-99
  347  2.6996100E+05  1.3087899E+00  1.0383115E+03  3.6773903E+20  3.9286974E-02  1.0000000E-99  1.0000000E-99
  348  2.7074115E+05  1.3125721E+00  1.0413121E+03  3.6769658E+20  3.9525094E-02  1.0000000E-99  1.0000000E-99
  349  2.7152130E+05  1.3163543E+00  1.0443127E+03  3.6765400E+20  3.9764015E-02  1.0000000E-99  1.0000000E-99
  350  2.7230146E+05  1.3201366E+00  1.0473133E+03  3.6761130E+20  4.0003739E-02  1.0000000E-99  1.0000000E-99
  351  2.7308161E+05  1.3239188E+00  1.0503139E+03  3.6756847E+20  4.0244268E-02  1.0000000E-99  1.0000000E-99
  352  2.7386176E+05  1.3277010E+00  1.0533145E+03  3.6752551E+20  4.0485601E-02  1.0000000E-99  1.0000000E-99
  353  2.7464192E+05  1.3314833E+00  1.0563151E+03  3.6748242E+20  4.0727740E-02  1.0000000E-99  1.0000000E-99
  354  2.7542207E+05  1.3352655E+00  1.0593157E+03  3.6743921E+20  4.0970685E-02  1.0000000E-99  1.0000000E-99
  355  2.7620222E+05  1.3390478E+00  1.0623162E+03  3.6739587E+20  4.1214439E-02  1.0000000E-99  1.0000000E-99
  356  2.7698238E+05  1.3428300E+00  1.0653168E+03  3.6735240E+20  4.1459002E-02  1.0000000E-99  1.0000000E-99
  357  2.7776253E+05  1.3466122E+00  1.0683174E+03  3.6730880E+20  4.1704376E-02  1.0000000E-99  1.0000000E-99
  358  2.7854268E+05  1.3503945E+00  1.0713180E+03  3.6726507E+20  4.1950560E-02  1.0000000E-99  1.0000000E-99
  359  2.7932284E+05  1.3541767E+00  1.0743186E+03  3.6722122E+20  4.2197557E-02  1.0000000E-99  1.0000000E-99
  360  2.8010299E+05  1.3579590E+00  1.0773192E+03  3.6717724E+20  4.2445367E-02  1.0000000E-99  1.0000000E-99
  361  2.8088314E+05  1.3617412E+00  1.0803198E+03  3.6713313E+20  4.2693991E-02  1.0000000E-99  1.0000000E-99
  362  2.8166330E+05  1.3655234E+00  1.0833204E+03  3.6708889E+20  4.2943431E-02  1.0000000E-99  1.0000000E-99
  363  2.8244345E+05  1.3693057E+00  1.0863210E+03  3.6704453E+20  4.3193688E-02  1.0000000E-99  1.0000000E-99
  364  2.8322360E+05  1.3730879E+00  1.0893216E+03  3.6700003E+20  4.3444762E-02  1.0000000E-99  1.0000000E-99
  365  2.8400376E+05  1.3768701E+00  1.0923221E+03  3.6695541E+20  4.3696655E-02  1.0000000E-99  1.0000000E-99
  366  2.8478391E+05  1.3806524E+00  1.0953227E+03  3.6691066E+20  4.3949368E-02  1.0000000E-99  1.0000000E-99
  367  2.8556406E+05  1.3844346E+00  1.0983233E+03  3.6686578E+20  4.4202902E-02  1.0000000E-99  1.0000000E-99
  368  2.8634422E+05  1.3882169E+00  1.1013239E+03  3.6682078E+20  4.4457258E-02  1.0000000E-99  1.0000000E-99
  369  2.8712437E+05  1.3919991E+00  1.1043245E+03  3.6677564E+20  4.4712437E-02  1.0000000E-99  1.0000000E-99
  370  2.8790452E+05  1.3957813E+00  1.1073251E+03  3.6673038E+20  4.4968440E-02  1.0000000E-99  1.0000000E-99
  371  2.8868468E+05  1.3995636E+00  1.1103257E+03  3.6668499E+20  4.5225269E-02  1.0000000E-99  1.0000000E-99
  372  2.8946483E+05  1.4033458E+00  1.1133263E+03  3.6663947E+20  4.5482925E-02  1.0000000E-99  1.0000000E-99
  373  2.9024498E+05  1.4071280E+00  1.1163269E+03  3.6659382E+20  4.5741408E-02  1.0000000E-99  1.0000000E-99
  374  2.9102514E+05  1.4109103E+00  1.1193275E+03  3.6654804E+20  4.6000720E-02  1.0000000E-99  1.0000000E-99
  375  2.9180529E+05  1.4146925E+00  1.1223280E+03  3.6650214E+20  4.6260862E-02  1.0000000E-99  1.0000000E-99
  376  2.9258544E+05  1.4184748E+00  1.1253286E+03  3.6645610E+20  4.6521835E-02  1.0000000E-99  1.0000000E-99
  377  2.9336560E+05  1.4222570E+00  1.1283292E+03  3.6640994E+20  4.6783640E-02  1.0000000E-99  1.0000000E-99
  378  2.9414575E+05  1.4260392E+00  1.1313298E+03  3.6636365E+20  4.7046279E-02  1.0000000E-99  1.0000000E-99
  379  2.9492590E+05  1.4298215E+00  1.1343304E+03  3.6631723E+20  4.7309752E-02  1.0000000E-99  1.0000000E-99
  380  2.9570606E+05  1.4336037E+00  1.1373310E+03  3.6627068E+20  4.7574061E-02  1.0000000E-99  1.0000000E-99
  381  2.9648621E+05  1.4373860E+00  1.1403316E+03  3.6622400E+20  4.7839207E-02  1.0000000E-99  1.0000000E-99
  382  2.9726636E+05  1.4411682E+00  1.1433322E+03  3.6617719E+20  4.8105191E-02  1.0000000E-99  1.0000000E-99
  383  2.9804652E+05  1.4449504E+00  1.1463328E+03  3.6613026E+20  4.8372014E-02  1.0000000E-99  1.0000000E-99
  384  2.9882667E+05  1.4487327E+00  1.1493333E+03  3.6608319E+20  4.8639678E-02  1.0000000E-99  1.0000000E-99
  385  2.9960682E+05  1.4525149E+00  1.1523339E+03  3.6603600E+20  4.8908183E-02  1.0000000E-99  1.0000000E-99
  386  3.0038698E+05  1.4562971E+00  1.1553345E+03  3.6598867E+20  4.9177531E-02  1.0000000E-99  1.0000000E-99
  387  3.0116713E+05  1.4600794E+00  1.1583351E+03  3.6594122E+20  4.9447723E-02  1.0000000E-99  1.0000000E-99
  388  3.0194728E+05  1.4638616E+00  1.1613357E+03  3.6589364E+20  4.9718760E-02  1.0000000E-99  1.0000000E-99
  389  3.0272744E+05  1.4676439E+00  1.1643363E+03  3.6584593E+20  4.9990644E-02  1.0000000E-99  1.0000000E-99
  390  3.0350759E+05  1.4714261E+00  1.1673369E+03  3.6579809E+20  5.0263375E-02  1.0000000E-99  1.0000000E-99
  391  3.0428774E+05  1.4752083E+00  1.1703375E+03  3.6575012E+20  5.0536954E-02  1.0000000E-99  1.0000000E-99
  392  3.0506790E+05  1.4789906E+00  1.1733381E+03  3.6570202E+20  5.0811384E-02  1.0000000E-99  1.0000000E-99
  393  3.0584805E+05  1.4827728E+00  1.1763387E+03  3.6565379E+20  5.1086665E-02  1.0000000E-99  1.0000000E-99
  394  3.0662820E+05  1.4865550E+00  1.1793392E+03  3.6560543E+20  5.1362799E-02  1.0000000E-99  1.0000000E-99
  395  3.0740836E+05  1.4903373E+00  1.1823398E+03  3.6555694E+20  5.1639786E-02  1.0000000E-99  1.0000000E-99
  396  3.0818851E+05  1.4941195E+00  1.1853404E+03  3.6550832E+20  5.1917628E-02  1.0000000E-99  1.0000000E-99
  397  3.0896866E+05  1.4979018E+00  1.1883410E+03  3.6545957E+20  5.2196326E-02  1.0000000E-99  1.0000000E-99
  398  3.0974882E+05  1.5016840E+00  1.1913416E+03  3.6541069E+20  5.2475882E-02  1.0000000E-99  1.0000000E-99
  399  3.1052897E+05  1.5054662E+00  1.1943422E+03  3.6536169E+20  5.2756296E-02  1.0000000E-99  1.0000000E-99
  400  3.1130912E+05  1.5092485E+00  1.1973428E+03  3.6531255E+20  5.3037571E-02  1.0000000E-99  1.0000000E-99
  401  3.1208928E+05  1.5130307E+00  1.2003434E+03  3.6526328E+20  5.3319706E-02  1.0000000E-99  1.0000000E-99
  402  3.1286943E+05  1.5168130E+00  1.2033440E+03  3.6521388E+20  5.3602704E-02  1.0000000E-99  1.0000000E-99
  403  3.1364958E+05  1.5205952E+00  1.2063446E+03  3.6516436E+20  5.3886565E-02  1.0000000E-99  1.0000000E-99
  404  3.1442974E+05  1.5243774E+00  1.2093451E+03  3.6511470E+20  5.4171292E-02  1.0000000E-99  1.0000000E-99
  405  3.1520989E+05  1.5281597E+00  1.2123457E+03  3.6506491E+20  5.4456884E-02  1.0000000E-99  1.0000000E-99
  406  3.1599004E+05  1.5319419E+00  1.2153463E+03  3.6501499E+20  5.4743345E-02  1.0000000E-99  1.0000000E-99
  407  3.1677020E+05  1.5357241E+00  1.2183469E+03  3.6496495E+20  5.5030674E-02  1.0000000E-99  1.0000000E-99
  408  3.1755035E+05  1.5395064E+00  1.2213475E+03  3.6491477E+20  5.5318873E-02  1.0000000E-99  1.0000000E-99
  409  3.1833050E+05  1.5432886E+00  1.2243481E+03  3.6486446E+20  5.5607944E-02  1.0000000E-99  1.0000000E-99
  410  3.1911066E+05  1.5470709E+00  1.2273487E+03  3.6481402E+20  5.5897887E-02  1.0000000E-99  1.0000000E-99
  411  3.1989081E+05  1.5508531E+00  1.2303493E+03  3.6476345E+20  5.6188704E-02  1.0000000E-99  1.0000000E-99
  412  3.2067096E+05  1.5546353E+00  1.2333499E+03  3.6471275E+20  5.6480397E-02  1.0000000E-99  1.0000000E-99
  413  3.2145112E+05  1.5584176E+00  1.2363505E+03  3.6466192E+20  5.6772966E-02  1.0000000E-99  1.0000000E-99
  414  3.2223127E+05  1.5621998E+00  1.2393510E+03  3.6461096E+20  5.7066413E-02  1.0000000E-99  1.0000000E-99
  415  3.2301142E+05  1.5659820E+00  1.2423516E+03  3.6455986E+20  5.7360740E-02  1.0000000E-99  1.0000000E-99
  416  3.2379158E+05  1.5697643E+00  1.2453522E+03  3.6450864E+20  5.7655947E-02  1.0000000E-99  1.0000000E-99
  417  3.2457173E+05  1.5735465E+00  1.2483528E+03  3.6445729E+20  5.7952036E-02  1.0000000E-99  1.0000000E-99
  418  3.2535188E+05  1.5773288E+00  1.2513534E+03  3.6440580E+20  5.8249009E-02  1.0000000E-99  1.0000000E-99
  419  3.2613204E+05  1.5811110E+00  1.2543540E+03  3.6435419E+20  5.8546866E-02  1.0000000E-99  1.0000000E-99
  420  3.2691219E+05  1.5848932E+00  1.2573546E+03  3.6430244E+20  5.8845609E-02  1.0000000E-99  1.0000000E-99
  421  3.2769234E+05  1.5886755E+00  1.2603552E+03  3.6425056E+20  5.9145240E-02  1.0000000E-99  1.0000000E-99
  422  3.2847250E+05  1.5924577E+00  1.2633558E+03  3.6419855E+20  5.9445759E-02  1.0000000E-99  1.0000000E-99
  423  3.2925265E+05  1.5962400E+00  1.2663563E+03  3.6414641E+20  5.9747168E-02  1.0000000E-99  1.0000000E-99
  424  3.3003280E+05  1.6000222E+00  1.2693569E+03  3.6409414E+20  6.0049469E-02  1.0000000E-99  1.0000000E-99
  425  3.3081296E+05  1.6038044E+00  1.2723575E+03  3.6404174E+20  6.0352663E-02  1.0000000E-99  1.0000000E-99
  426  3.3159311E+05  1.6075867E+00  1.2753581E+03  3.6398921E+20  6.0656751E-02  1.0000000E-99  1.0000000E-99
  427  3.3237326E+05  1.6113689E+00  1.2783587E+03  3.6393654E+20  6.0961735E-02  1.0000000E-99  1.0000000E-99
  428  3.3315342E+05  1.6151511E+00  1.2813593E+03  3.6388375E+20  6.1267615E-02  1.0000000E-99  1.0000000E-99
  429  3.3393357E+05  1.6189334E+00  1.2843599E+03  3.6383082E+20  6.1574394E-02  1.0000000E-99  1.0000000E-99
  430  3.3471372E+05  1.6227156E+00  1.2873605E+03  3.6377776E+20  6.1882073E-02  1.0000000E-99  1.0000000E-99
  431  3.3549388E+05  1.6264979E+00  1.2903611E+03  3.6372457E+20  6.2190653E-02  1.0000000E-99  1.0000000E-99
  432  3.3627403E+05  1.6302801E+00  1.2933617E+03  3.6367125E+20  6.2500136E-02  1.0000000E-99  1.0000000E-99
  433  3.3705418E+05  1.6340623E+00  1.2963622E+03  3.6361779E+20  6.2810523E-02  1.0000000E-99  1.0000000E-99
  434  3.3783434E+05  1.6378446E+00  1.2993628E+03  3.6356420E+20  6.3121816E-02  1.0000000E-99  1.0000000E-99
  435  3.3861449E+05  1.6416268E+00  1.3023634E+03  3.6351049E+20  6.3434015E-02  1.0000000E-99  1.0000000E-99
  436  3.3939464E+05  1.6454090E+00  1.3053640E+03  3.6345664E+20  6.3747123E-02  1.0000000E-99  1.0000000E-99
  437  3.4017480E+05  1.6491913E+00  1.3083646E+03  3.6340266E+20  6.4061140E-02  1.0000000E-99  1.0000000E-99
  438  3.4095495E+05  1.6529735E+00  1.3113652E+03  3.6334854E+20  6.4376069E-02  1.0000000E-99  1.0000000E-99
  439  3.4173510E+05  1.6567558E+00  1.3143658E+03  3.6329430E+20  6.4691911E-02  1.0000000E-99  1.0000000E-99
  440  3.4251526E+05  1.6605380E+00  1.3173664E+03  3.6323992E+20  6.5008666E-02  1.0000000E-99  1.0000000E-99
  441  3.4329541E+05  1.6643202E+00  1.3203670E+03  3.6318541E+20  6.5326338E-02  1.0000000E-99  1.0000000E-99
  442  3.4407556E+05  1.6681025E+00  1.3233676E+03  3.6313077E+20  6.5644926E-02  1.0000000E-99  1.0000000E-99
  443  3.4485572E+05  1.6718847E+00  1.3263681E+03  3.6307599E+20  6.5964434E-02  1.0000000E-99  1.0000000E-99
  444  3.4563587E+05  1.6756670E+00  1.3293687E+03  3.6302108E+20  6.6284861E-02  1.0000000E-99  1.0000000E-99
  445  3.4641602E+05  1.6794492E+00  1.3323693E+03  3.6296604E+20  6.6606209E-02  1.0000000E-99  1.0000000E-99
  446  3.4719618E+05  1.6832314E+00  1.3353699E+03  3.6291087E+20  6.6928481E-02  1.0000000E-99  1.0000000E-99
  447  3.4797633E+05  1.6870137E+00  1.3383705E+03  3.6285557E+20  6.7251678E-02  1.0000000E-99  1.0000000E-99
  448  3.4875648E+05  1.6907959E+00  1.3413711E+03  3.6280013E+20  6.7575800E-02  1.0000000E-99  1.0000000E-99
  449  3.4953664E+05  1.6945781E+00  1.3443717E+03  3.6274456E+20  6.7900850E-02  1.0000000E-99  1.0000000E-99
  450  3.5031679E+05  1.6983604E+00  1.3473723E+03  3.6268886E+20  6.8226829E-02  1.0000000E-99  1.0000000E-99
  451  3.5109694E+05  1.7021426E+00  1.3503729E+03  3.6263302E+20  6.8553739E-02  1.0000000E-99  1.0000000E-99
  452  3.5187710E+05  1.7059249E+00  1.3533735E+03  3.6257706E+20  6.8881581E-02  1.0000000E-99  1.0000000E-99
  453  3.5265725E+05  1.7097071E+00  1.3563740E+03  3.6252096E+20  6.9210356E-02  1.0000000E-99  1.0000000E-99
  454  3.5343740E+05  1.7134893E+00  1.3593746E+03  3.6246472E+20  6.9540067E-02  1.0000000E-99  1.0000000E-99
  455  3.5421756E+05  1.7172716E+00  1.3623752E+03  3.6240835E+20  6.9870714E-02  1.0000000E-99  1.0000000E-99
  456  3.5499771E+05  1.7210538E+00  1.3653758E+03  3.6235185E+20  7.0202300E-02  1.0000000E-99  1.0000000E-99
  457  3.5577786E+05  1.7248360E+00  1.3683764E+03  3.6229522E+20  7.0534825E-02  1.0000000E-99  1.0000000E-99
  458  3.5655802E+05  1.7286183E+00  1.3713770E+03  3.6223846E+20  7.0868292E-02  1.0000000E-99  1.0000000E-99
  459  3.5733817E+05  1.7324005E+00  1.3743776E+03  3.6218156E+20  7.1202702E-02  1.0000000E-99  1.0000000E-99
  460  3.5811832E+05  1.7361828E+00  1.3773782E+03  3.6212452E+20  7.1538057E-02  1.0000000E-99  1.0000000E-99
  461  3.5889848E+05  1.7399650E+00  1.3803788E+03  3.6206736E+20  7.1874357E-02  1.0000000E-99  1.0000000E-99
  462  3.5967863E+05  1.7437472E+00  1.3833793E+03  3.6201006E+20  7.2211606E-02  1.0000000E-99  1.0000000E-99
  463  3.6045878E+05  1.7475295E+00  1.3863799E+03  3.6195262E+20  7.2549803E-02  1.0000000E-99  1.0000000E-99
  464  3.6123894E+05  1.7513117E+00  1.3893805E+03  3.6189506E+20  7.2888952E-02  1.0000000E-99  1.0000000E-99
  465  3.6201909E+05  1.7550940E+00  1.3923811E+03  3.6183736E+20  7.3229053E-02  1.0000000E-99  1.0000000E-99
  466  3.6279924E+05  1.7588762E+00  1.3953817E+03  3.6177952E+20  7.3570108E-02  1.0000000E-99  1.0000000E-99
  467  3.6357940E+05  1.7626584E+00  1.3983823E+03  3.6172155E+20  7.3912119E-02  1.0000000E-99  1.0000000E-99
  468  3.6435955E+05  1.7664407E+00  1.4013829E+03  3.6166345E+20  7.4255087E-02  1.0000000E-99  1.0000000E-99
  469  3.6513970E+05  1.7702229E+00  1.4043835E+03  3.6160521E+20  7.4599014E-02  1.0000000E-99  1.0000000E-99
  470  3.6591986E+05  1.7740051E+00  1.4073841E+03  3.6154684E+20  7.4943902E-02  1.0000000E-99  1.0000000E-99
  471  3.6670001E+05  1.7777874E+00  1.4103847E+03  3.6148834E+20  7.5289752E-02  1.0000000E-99  1.0000000E-99
  472  3.6748016E+05  1.7815696E+00  1.4133852E+03  3.6142970E+20  7.5636565E-02  1.0000000E-99  1.0000000E-99
  473  3.6826032E+05  1.7853519E+00  1.4163858E+03  3.6137093E+20  7.5984345E-02  1.0000000E-99  1.0000000E-99
  474  3.6904047E+05  1.7891341E+00  1.4193864E+03  3.6131202E+20  7.6333091E-02  1.0000000E-99  1.0000000E-99
  475  3.6982062E+05  1.7929163E+00  1.4223870E+03  3.6125298E+20  7.6682807E-02  1.0000000E-99  1.0000000E-99
  476  3.7060078E+05  1.7966986E+00  1.4253876E+03  3.6119381E+20  7.7033493E-02  1.0000000E-99  1.0000000E-99
  477  3.7138093E+05  1.8004808E+00  1.4283882E+03  3.6113450E+20  7.7385151E-02  1.0000000E-99  1.0000000E-99
  478  3.7216108E+05  1.8042630E+00  1.4313888E+03  3.6107505E+20  7.7737782E-02  1.0000000E-99  1.0000000E-99
  479  3.7294124E+05  1.8080453E+00  1.4343894E+03  3.6101548E+20  7.8091390E-02  1.0000000E-99  1.0000000E-99
  480  3.7372139E+05  1.8118275E+00  1.4373900E+03  3.6095576E+20  7.8445975E-02  1.0000000E-99  1.0000000E-99
  481  3.7450154E+05  1.8156098E+00  1.4403906E+03  3.6089591E+20  7.8801538E-02  1.0000000E-99  1.0000000E-99
  482  3.7528170E+05  1.8193920E+00  1.4433911E+03  3.6083593E+20  7.9158083E-02  1.0000000E-99  1.0000000E-99
  483  3.7606185E+05  1.8231742E+00  1.4463917E+03  3.6077581E+20  7.9515610E-02  1.0000000E-99  1.0000000E-99
  484  3.7684200E+05  1.8269565E+00  1.4493923E+03  3.6071556E+20  7.9874120E-02  1.0000000E-99  1.0000000E-99
  485  3.7762216E+05  1.8307387E+00  1.4523929E+03  3.6065517E+20  8.0233617E-02  1.0000000E-99  1.0000000E-99
  486  3.7840231E+05  1.8345210E+00  1.4553935E+03  3.6059465E+20  8.0594101E-02  1.0000000E-99  1.0000000E-99
  487  3.7918246E+05  1.8383032E+00  1.4583941E+03  3.6053399E+20  8.0955575E-02  1.0000000E-99  1.0000000E-99
  488  3.7996262E+05  1.8420854E+00  1.4613947E+03  3.6047320E+20  8.1318039E-02  1.0000000E-99  1.0000000E-99
  489  3.8074277E+05  1.8458677E+00  1.4643953E+03  3.6041227E+20  8.1681496E-02  1.0000000E-99  1.0000000E-99
  490  3.8152292E+05  1.8496499E+00  1.4673959E+03  3.6035121E+20  8.2045948E-02  1.0000000E-99  1.0000000E-99
  491  3.8230308E+05  1.8534321E+00  1.4703965E+03  3.6029001E+20  8.2411396E-02  1.0000000E-99  1.0000000E-99
  492  3.8308323E+05  1.8572144E+00  1.4733970E+03  3.6022868E+20  8.2777842E-02  1.0000000E-99  1.0000000E-99
  493  3.8386338E+05  1.8609966E+00  1.4763976E+03  3.6016721E+20  8.3145288E-02  1.0000000E-99  1.0000000E-99
  494  3.8464354E+05  1.8647789E+00  1.4793982E+03  3.6010560E+20  8.3513736E-02  1.0000000E-99  1.0000000E-99
  495  3.8542369E+05  1.8685611E+00  1.4823988E+03  3.6004386E+20  8.3883187E-02  1.0000000E-99  1.0000000E-99
  496  3.8620384E+05  1.8723433E+00  1.4853994E+03  3.5998198E+20  8.4253643E-02  1.0000000E-99  1.0000000E-99
  497  3.8698400E+05  1.8761256E+00  1.4884000E+03  3.5991997E+20  8.4625107E-02  1.0000000E-99  1.0000000E-99
  498  3.8776415E+05  1.8799078E+00  1.4914006E+03  3.5985782E+20  8.4997579E-02  1.0000000E-99  1.0000000E-99
  499  3.8854430E+05  1.8836900E+00  1.4944012E+03  3.5979554E+20  8.5371062E-02  1.0000000E-99  1.0000000E-99
  500  3.8932446E+05  1.8874723E+00  1.4974018E+03  3.5973312E+20  8.5745557E-02  1.0000000E-99  1.0000000E-99
  501  3.9010461E+05  1.8912545E+00  1.5004023E+03  3.5967056E+20  8.6121066E-02  1.0000000E-99  1.0000000E-99
  502  3.9088476E+05  1.8950368E+00  1.5034029E+03  3.5960787E+20  8.6497592E-02  1.0000000E-99  1.0000000E-99
  503  3.9166492E+05  1.8988190E+00  1.5064035E+03  3.5954504E+20  8.6875136E-02  1.0000000E-99  1.0000000E-99
  504  3.9244507E+05  1.9026012E+00  1.5094041E+03  3.5948208E+20  8.7253699E-02  1.0000000E-99  1.0000000E-99
  505  3.9322522E+05  1.9063835E+00  1.5124047E+03  3.5941898E+20  8.7633284E-02  1.0000000E-99  1.0000000E-99
  506  3.9400538E+05  1.9101657E+00  1.5154053E+03  3.5935574E+20  8.8013893E-02  1.0000000E-99  1.0000000E-99
  507  3.9478553E+05  1.9139480E+00  1.5184059E+03  3.5929236E+20  8.8395527E-02  1.0000000E-99  1.0000000E-99
  508  3.9556568E+05  1.9177302E+00  1.5214065E+03  3.5922885E+20  8.8778189E-02  1.0000000E-99  1.0000000E-99
  509  3.9634584E+05  1.9215124E+00  1.5244071E+03  3.5916520E+20  8.9161879E-02  1.0000000E-99  1.0000000E-99
  510  3.9712599E+05  1.9252947E+00  1.5274077E+03  3.5910142E+20  8.9546601E-02  1.0000000E-99  1.0000000E-99
  511  3.9790614E+05  1.9290769E+00  1.5304082E+03  3.5903750E+20  8.9932356E-02  1.0000000E-99  1.0000000E-99
  512  3.9868630E+05  1.9328591E+00  1.5334088E+03  3.5897344E+20  9.0319145E-02  1.0000000E-99  1.0000000E-99
  513  3.9946645E+05  1.9366414E+00  1.5364094E+03  3.5890925E+20  9.0706972E-02  1.0000000E-99  1.0000000E-99
  514  4.0024660E+05  1.9404236E+00  1.5394100E+03  3.5884491E+20  9.1095837E-02  1.0000000E-99  1.0000000E-99
  515  4.0102676E+05  1.9442059E+00  1.5424106E+03  3.5878044E+20  9.1485742E-02  1.0000000E-99  1.0000000E-99
  516  4.0180691E+05  1.9479881E+00  1.5454112E+03  3.5871584E+20  9.1876691E-02  1.0000000E-99  1.0000000E-99
  517  4.0258706E+05  1.9517703E+00  1.5484118E+03  3.5865110E+20  9.2268684E-02  1.0000000E-99  1.0000000E-99
  518  4.0336722E+05  1.9555526E+00  1.5514124E+03  3.5858621E+20  9.2661723E-02  1.0000000E-99  1.0000000E-99
  519  4.0414737E+05  1.9593348E+00  1.5544130E+03  3.5852120E+20  9.3055811E-02  1.0000000E-99  1.0000000E-99
  520  4.0492752E+05  1.9631170E+00  1.5574136E+03  3.5845604E+20  9.3450949E-02  1.0000000E-99  1.0000000E-99
  521  4.0570768E+05  1.9668993E+00  1.5604141E+03  3.5839075E+20  9.3847139E-02  1.0000000E-99  1.0000000E-99
  522  4.0648783E+05  1.9706815E+00  1.5634147E+03  3.5832532E+20  9.4244384E-02  1.0000000E-99  1.0000000E-99
  523  4.0726798E+05  1.9744638E+00  1.5664153E+03  3.5825975E+20  9.4642685E-02  1.0000000E-99  1.0000000E-99
  524  4.0804814E+05  1.9782460E+00  1.5694159E+03  3.5819404E+20  9.5042044E-02  1.0000000E-99  1.0000000E-99
  525  4.0882829E+05  1.9820282E+00  1.5724165E+03  3.5812820E+20  9.5442464E-02  1.0000000E-99  1.0000000E-99
  526  4.0960844E+05  1.9858105E+00  1.5754171E+03  3.5806222E+20  9.5843946E-02  1.0000000E-99  1.0000000E-99
  527  4.1038860E+05  1.9895927E+00  1.5784177E+03  3.5799610E+20  9.6246493E-02  1.0000000E-99  1.0000000E-99
  528  4.1116875E+05  1.9933750E+00  1.5814183E+03  3.5792984E+20  9.6650105E-02  1.0000000E-99  1.0000000E-99
  529  4.1194890E+05  1.9971572E+00  1.5844189E+03  3.5786344E+20  9.7054787E-02  1.0000000E-99  1.0000000E-99
  530  4.1272906E+05  2.0009394E+00  1.5874195E+03  3.5779691E+20  9.7460538E-02  1.0000000E-99  1.0000000E-99
  531  4.1350921E+05  2.0047217E+00  1.5904200E+03  3.5773023E+20  9.7867362E-02  1.0000000E-99  1.0000000E-99
  532  4.1428936E+05  2.0085039E+00  1.5934206E+03  3.5766342E+20  9.8275261E-02  1.0000000E-99  1.0000000E-99
  533  4.1506952E+05  2.0122861E+00  1.5964212E+03  3.5759647E+20  9.8684236E-02  1.0000000E-99  1.0000000E-99
  534  4.1584967E+05  2.0160684E+00  1.5994218E+03  3.5752938E+20  9.9094289E-02  1.0000000E-99  1.0000000E-99
  535  4.1662982E+05  2.0198506E+00  1.6024224E+03  3.5746216E+20  9.9505424E-02  1.0000000E-99  1.0000000E-99
  536  4.1740998E+05  2.0236329E+00  1.6054230E+03  3.5739479E+20  9.9917641E-02  1.0000000E-99  1.0000000E-99
  537  4.1819013E+05  2.0274151E+00  1.6084236E+03  3.5732729E+20  1.0033094E-01  1.0000000E-99  1.0000000E-99
  538  4.1897028E+05  2.0311973E+00  1.6114242E+03  3.5725965E+20  1.0074533E-01  1.0000000E-99  1.0000000E-99
  539  4.1975044E+05  2.0349796E+00  1.6144248E+03  3.5719186E+20  1.0116081E-01  1.0000000E-99  1.0000000E-99
  540  4.2053059E+05  2.0387618E+00  1.6174253E+03  3.5712394E+20  1.0157738E-01  1.0000000E-99  1.0000000E-99
  541  4.2131074E+05  2.0425440E+00  1.6204259E+03  3.5705588E+20  1.0199504E-01  1.0000000E-99  1.0000000E-99
  542  4.2209090E+05  2.0463263E+00  1.6234265E+03  3.5698768E+20  1.0241380E-01  1.0000000E-99  1.0000000E-99
  543  4.2287105E+05  2.0501085E+00  1.6264271E+03  3.5691934E+20  1.0283366E-01  1.0000000E-99  1.0000000E-99
  544  4.2365120E+05  2.0538908E+00  1.6294277E+03  3.5685087E+20  1.0325461E-01  1.0000000E-99  1.0000000E-99
  545  4.2443136E+05  2.0576730E+00  1.6324283E+03  3.5678225E+20  1.0367667E-01  1.0000000E-99  1.0000000E-99
  546  4.2521151E+05  2.0614552E+00  1.6354289E+03  3.5671349E+20  1.0409983E-01  1.0000000E-99  1.0000000E-99
  547  4.2599166E+05  2.0652375E+00  1.6384295E+03  3.5664460E+20  1.0452410E-01  1.0000000E-99  1.0000000E-99
  548  4.2677182E+05  2.0690197E+00  1.6414301E+03  3.5657556E+20  1.0494948E-01  1.0000000E-99  1.0000000E-99
  549  4.2755197E+05  2.0728020E+00  1.6444307E+03  3.5650638E+20  1.0537596E-01  1.0000000E-99  1.0000000E-99
  550  4.2833212E+05  2.0765842E+00  1.6474312E+03  3.5643707E+20  1.0580356E-01  1.0000000E-99  1.0000000E-99
  551  4.2911228E+05  2.0803664E+00  1.6504318E+03  3.5636761E+20  1.0623228E-01  1.0000000E-99  1.0000000E-99
  552  4.2989243E+05  2.0841487E+00  1.6534324E+03  3.5629802E+20  1.0666211E-01  1.0000000E-99  1.0000000E-99
  553  4.3067258E+05  2.0879309E+00  1.6564330E+03  3.5622828E+20  1.0709306E-01  1.0000000E-99  1.0000000E-99
  554  4.3145274E+05  2.0917131E+00  1.6594336E+03  3.5615841E+20  1.0752513E-01  1.0000000E-99  1.0000000E-99
  555  4.3223289E+05  2.0954954E+00  1.6624342E+03  3.5608839E+20  1.0795833E-01  1.0000000E-99  1.0000000E-99
  556  4.3301304E+05  2.0992776E+00  1.6654348E+03  3.5601824E+20  1.0839265E-01  1.0000000E-99  1.0000000E-99
  557  4.3379320E+05  2.1030599E+00  1.6684354E+03  3.5594794E+20  1.0882810E-01  1.0000000E-99  1.0000000E-99
  558  4.3457335E+05  2.1068421E+00  1.6714360E+03  3.5587750E+20  1.0926468E-01  1.0000000E-99  1.0000000E-99
  559  4.3535350E+05  2.1106243E+00  1.6744366E+03  3.5580692E+20  1.0970240E-01  1.0000000E-99  1.0000000E-99
  560  4.3613366E+05  2.1144066E+00  1.6774371E+03  3.5573621E+20  1.1014125E-01  1.0000000E-99  1.0000000E-99
  561  4.3691381E+05  2.1181888E+00  1.6804377E+03  3.5566535E+20  1.1058123E-01  1.0000000E-99  1.0000000E-99
  562  4.3769396E+05  2.1219710E+00  1.6834383E+03  3.5559435E+20  1.1102236E-01  1.0000000E-99  1.0000000E-99
  563  4.3847412E+05  2.1257533E+00  1.6864389E+03  3.5552321E+20  1.1146463E-01  1.0000000E-99  1.0000000E-99
  564  4.3925427E+05  2.1295355E+00  1.6894395E+03  3.5545193E+20  1.1190804E-01  1.0000000E-99  1.0000000E-99
  565  4.4003442E+05  2.1333178E+00  1.6924401E+03  3.5538050E+20  1.1235260E-01  1.0000000E-99  1.0000000E-99
  566  4.4081458E+05  2.1371000E+00  1.6954407E+03  3.5530894E+20  1.1279831E-01  1.0000000E-99  1.0000000E-99
  567  4.4159473E+05  2.1408822E+00  1.6984413E+03  3.5523723E+20  1.1324517E-01  1.0000000E-99  1.0000000E-99
  568  4.4237488E+05  2.1446645E+00  1.7014419E+03  3.5516539E+20  1.1369319E-01  1.0000000E-99  1.0000000E-99
  569  4.4315504E+05  2.1484467E+00  1.7044425E+03  3.5509340E+20  1.1414236E-01  1.0000000E-99  1.0000000E-99
  570  4.4393519E+05  2.1522290E+00  1.7074430E+03  3.5502127E+20  1.1459268E-01  1.0000000E-99  1.0000000E-99
  571  4.4471534E+05  2.1560112E+00  1.7104436E+03  3.5494900E+20  1.1504417E-01  1.0000000E-99  1.0000000E-99
  572  4.4549550E+05  2.1597934E+00  1.7134442E+03  3.5487659E+20  1.1549682E-01  1.0000000E-99  1.0000000E-99
  573  4.4627565E+05  2.1635757E+00  1.7164448E+03  3.5480403E+20  1.1595064E-01  1.0000000E-99  1.0000000E-99
  574  4.4705580E+05  2.1673579E+00  1.7194454E+03  3.5473134E+20  1.1640563E-01  1.0000000E-99  1.0000000E-99
  575  4.4783596E+05  2.1711401E+00  1.7224460E+03  3.5465850E+20  1.1686178E-01  1.0000000E-99  1.0000000E-99
  576  4.4861611E+05  2.1749224E+00  1.7254466E+03  3.5458552E+20  1.1731911E-01  1.0000000E-99  1.0000000E-99
  577  4.4939626E+05  2.1787046E+00  1.7284472E+03  3.5451240E+20  1.1777762E-01  1.0000000E-99  1.0000000E-99
  578  4.5017642E+05  2.1824869E+00  1.7314478E+03  3.5443913E+20  1.1823730E-01  1.0000000E-99  1.0000000E-99
  579  4.5095657E+05  2.1862691E+00  1.7344483E+03  3.5436573E+20  1.1869816E-01  1.0000000E-99  1.0000000E-99
  580  4.5173672E+05  2.1900513E+00  1.7374489E+03  3.5429218E+20  1.1916020E-01  1.0000000E-99  1.0000000E-99
  581  4.5251688E+05  2.1938336E+00  1.7404495E+03  3.5421849E+20  1.1962343E-01  1.0000000E-99  1.0000000E-99
  582  4.5329703E+05  2.1976158E+00  1.7434501E+03  3.5414465E+20  1.2008785E-01  1.0000000E-99  1.0000000E-99
  583  4.5407718E+05  2.2013980E+00  1.7464507E+03  3.5407068E+20  1.2055345E-01  1.0000000E-99  1.0000000E-99
  584  4.5485734E+05  2.2051803E+00  1.7494513E+03  3.5399656E+20  1.2102025E-01  1.0000000E-99  1.0000000E-99
  585  4.5563749E+05  2.2089625E+00  1.7524519E+03  3.5392230E+20  1.2148825E-01  1.0000000E-99  1.0000000E-99
  586  4.5641764E+05  2.2127448E+00  1.7554525E+03  3.5384789E+20  1.2195744E-01  1.0000000E-99  1.0000000E-99
  587  4.5719780E+05  2.2165270E+00  1.7584531E+03  3.5377334E+20  1.2242783E-01  1.0000000E-99  1.0000000E-99
  588  4.5797795E+05  2.2203092E+00  1.7614537E+03  3.5369865E+20  1.2289942E-01  1.0000000E-99  1.0000000E-99
  589  4.5875810E+05  2.2240915E+00  1.7644542E+03  3.5362382E+20  1.2337222E-01  1.0000000E-99  1.0000000E-99
  590  4.5953826E+05  2.2278737E+00  1.7674548E+03  3.5354884E+20  1.2384622E-01  1.0000000E-99  1.0000000E-99
  591  4.6031841E+05  2.2316560E+00  1.7704554E+03  3.5347372E+20  1.2432144E-01  1.0000000E-99  1.0000000E-99
  592  4.6109856E+05  2.2354382E+00  1.7734560E+03  3.5339846E+20  1.2479787E-01  1.0000000E-99  1.0000000E-99
  593  4.6187872E+05  2.2392204E+00  1.7764566E+03  3.5332305E+20  1.2527551E-01  1.0000000E-99  1.0000000E-99
  594  4.6265887E+05  2.2430027E+00  1.7794572E+03  3.5324750E+20  1.2575437E-01  1.0000000E-99  1.0000000E-99
  595  4.6343902E+05  2.2467849E+00  1.7824578E+03  3.5317180E+20  1.2623445E-01  1.0000000E-99  1.0000000E-99
  596  4.6421918E+05  2.2505671E+00  1.7854584E+03  3.5309596E+20  1.2671576E-01  1.0000000E-99  1.0000000E-99
  597  4.6499933E+05  2.2543494E+00  1.7884590E+03  3.5301998E+20  1.2719829E-01  1.0000000E-99  1.0000000E-99
  598  4.6577948E+05  2.2581316E+00  1.7914596E+03  3.5294385E+20  1.2768205E-01  1.0000000E-99  1.0000000E-99
  599  4.6655964E+05  2.2619139E+00  1.7944601E+03  3.5286758E+20  1.2816704E-01  1.0000000E-99  1.0000000E-99
  600  4.6733979E+05  2.2656961E+00  1.7974607E+03  3.5279117E+20  1.2865326E-01  1.0000000E-99  1.0000000E-99
  601  4.6811994E+05  2.2694783E+00  1.8004613E+03  3.5271461E+20  1.2914072E-01  1.0000000E-99  1.0000000E-99
  602  4.6890010E+05  2.2732606E+00  1.8034619E+03  3.5263791E+20  1.2962941E-01  1.0000000E-99  1.0000000E-99
  603  4.6968025E+05  2.2770428E+00  1.8064625E+03  3.5256106E+20  1.3011935E-01  1.0000000E-99  1.0000000E-99
  604  4.7046040E+05  2.2808250E+00  1.8094631E+03  3.5248407E+20  1.3061054E-01  1.0000000E-99  1.0000000E-99
  605  4.7124056E+05  2.2846073E+00  1.8124637E+03  3.5240693E+20  1.3110297E-01  1.0000000E-99  1.0000000E-99
  606  4.7202071E+05  2.2883895E+00  1.8154643E+03  3.5232965E+20  1.3159665E-01  1.0000000E-99  1.0000000E-99
  607  4.7280086E+05  2.2921718E+00  1.8184649E+03  3.5225222E+20  1.3209158E-01  1.0000000E-99  1.0000000E-99
  608  4.7358102E+05  2.2959540E+00  1.8214655E+03  3.5217465E+20  1.3258776E-01  1.0000000E-99  1.0000000E-99
  609  4.7436117E+05  2.2997362E+00  1.8244660E+03  3.5209693E+20  1.3308521E-01  1.0000000E-99  1.0000000E-99
  610  4.7514132E+05  2.3035185E+00  1.8274666E+03  3.5201907E+20  1.3358391E-01  1.0000000E-99  1.0000000E-99
  611  4.7592148E+05  2.3073007E+00  1.8304672E+03  3.5194106E+20  1.3408388E-01  1.0000000E-99  1.0000000E-99
  612  4.7670163E+05  2.3110830E+00  1.8334678E+03  3.5186291E+20  1.3458512E-01  1.0000000E-99  1.0000000E-99
  613  4.7748178E+05  2.3148652E+00  1.8364684E+03  3.5178461E+20  1.3508762E-01  1.0000000E-99  1.0000000E-99
  614  4.7826194E+05  2.3186474E+00  1.8394690E+03  3.5170617E+20  1.3559139E-01  1.0000000E-99  1.0000000E-99
  615  4.7904209E+05  2.3224297E+00  1.8424696E+03  3.5162758E+20  1.3609644E-01  1.0000000E-99  1.0000000E-99
  616  4.7982224E+05  2.3262119E+00  1.8454702E+03  3.5154884E+20  1.3660277E-01  1.0000000E-99  1.0000000E-99
  617  4.8060240E+05  2.3299941E+00  1.8484708E+03  3.5146996E+20  1.3711037E-01  1.0000000E-99  1.0000000E-99
  618  4.8138255E+05  2.3337764E+00  1.8514713E+03  3.5139094E+20  1.3761926E-01  1.0000000E-99  1.0000000E-99
  619  4.8216270E+05  2.3375586E+00  1.8544719E+03  3.5131176E+20  1.3812943E-01  1.0000000E-99  1.0000000E-99
  620  4.8294286E+05  2.3413409E+00  1.8574725E+03  3.5123245E+20  1.3864090E-01  1.0000000E-99  1.0000000E-99
  621  4.8372301E+05  2.3451231E+00  1.8604731E+03  3.5115298E+20  1.3915365E-01  1.0000000E-99  1.0000000E-99
  622  4.8450316E+05  2.3489053E+00  1.8634737E+03  3.5107337E+20  1.3966770E-01  1.0000000E-99  1.0000000E-99
  623  4.8528332E+05  2.3526876E+00  1.8664743E+03  3.5099361E+20  1.4018304E-01  1.0000000E-99  1.0000000E-99
  624  4.8606347E+05  2.3564698E+00  1.8694749E+03  3.5091371E+20  1.4069969E-01  1.0000000E-99  1.0000000E-99
  625  4.8684362E+05  2.3602521E+00  1.8724755E+03  3.5083366E+20  1.4121763E-01  1.0000000E-99  1.0000000E-99
  626  4.8762378E+05  2.3640343E+00  1.8754761E+03  3.5075346E+20  1.4173689E-01  1.0000000E-99  1.0000000E-99
  627  4.8840393E+05  2.3678165E+00  1.8784767E+03  3.5067312E+20  1.4225745E-01  1.0000000E-99  1.0000000E-99
  628  4.8918408E+05  2.3715988E+00  1.8814772E+03  3.5059263E+20  1.4277932E-01  1.0000000E-99  1.0000000E-99
  629  4.8996424E+05  2.3753810E+00  1.8844778E+03  3.5051199E+20  1.4330251E-01  1.0000000E-99  1.0000000E-99
  630  4.9074439E+05  2.3791632E+00  1.8874784E+03  3.5043120E+20  1.4382702E-01  1.0000000E-99  1.0000000E-99
  631  4.9152454E+05  2.3829455E+00  1.8904790E+03  3.5035027E+20  1.4435284E-01  1.0000000E-99  1.0000000E-99
  632  4.9230470E+05  2.3867277E+00  1.8934796E+03  3.5026919E+20  1.4487999E-01  1.0000000E-99  1.0000000E-99
  633  4.9308485E+05  2.3905100E+00  1.8964802E+03  3.5018796E+20  1.4540847E-01  1.0000000E-99  1.0000000E-99
  634  4.9386500E+05  2.3942922E+00  1.8994808E+03  3.5010659E+20  1.4593827E-01  1.0000000E-99  1.0000000E-99
  635  4.9464516E+05  2.3980744E+00  1.9024814E+03  3.5002507E+20  1.4646941E-01  1.0000000E-99  1.0000000E-99
  636  4.9542531E+05  2.4018567E+00  1.9054820E+03  3.4994340E+20  1.4700188E-01  1.0000000E-99  1.0000000E-99
  637  4.9620546E+05  2.4056389E+00  1.9084826E+03  3.4986158E+20  1.4753569E-01  1.0000000E-99  1.0000000E-99
  638  4.9698562E+05  2.4094211E+00  1.9114831E+03  3.4977961E+20  1.4807085E-01  1.0000000E-99  1.0000000E-99
  639  4.9776577E+05  2.4132034E+00  1.9144837E+03  3.4969750E+20  1.4860734E-01  1.0000000E-99  1.0000000E-99
  640  4.9854592E+05  2.4169856E+00  1.9174843E+03  3.4961524E+20  1.4914519E-01  1.0000000E-99  1.0000000E-99
  641  4.9932608E+05  2.4207679E+00  1.9204849E+03  3.4953283E+20  1.4968439E-01  1.0000000E-99  1.0000000E-99
  642  5.0010623E+05  2.4245501E+00  1.9234855E+03  3.4945027E+20  1.5022494E-01  1.0000000E-99  1.0000000E-99
  643  5.0088638E+05  2.4283323E+00  1.9264861E+03  3.4936756E+20  1.5076684E-01  1.0000000E-99  1.0000000E-99
  644  5.0166654E+05  2.4321146E+00  1.9294867E+03  3.4928471E+20  1.5131011E-01  1.0000000E-99  1.0000000E-99
  645  5.0244669E+05  2.4358968E+00  1.9324873E+03  3.4920170E+20  1.5185474E-01  1.0000000E-99  1.0000000E-99
  646  5.0322684E+05  2.4396791E+00  1.9354879E+03  3.4911855E+20  1.5240074E-01  1.0000000E-99  1.0000000E-99
  647  5.0400700E+05  2.4434613E+00  1.9384885E+03  3.4903525E+20  1.5294810E-01  1.0000000E-99  1.0000000E-99
  648  5.0478715E+05  2.4472435E+00  1.9414890E+03  3.4895180E+20  1.5349684E-01  1.0000000E-99  1.0000000E-99
  649  5.0556730E+05  2.4510258E+00  1.9444896E+03  3.4886820E+20  1.5404696E-01  1.0000000E-99  1.0000000E-99
  650  5.0634746E+05  2.4548080E+00  1.9474902E+03  3.4878445E+20  1.5459845E-01  1.0000000E-99  1.0000000E-99
  651  5.0712761E+05  2.4585902E+00  1.9504908E+03  3.4870055E+20  1.5515133E-01  1.0000000E-99  1.0000000E-99
  652  5.0790776E+05  2.4623725E+00  1.9534914E+03  3.4861650E+20  1.5570559E-01  1.0000000E-99  1.0000000E-99
  653  5.0868792E+05  2.4661547E+00  1.9564920E+03  3.4853231E+20  1.5626124E-01  1.0000000E-99  1.0000000E-99
  654  5.0946807E+05  2.4699370E+00  1.9594926E+03  3.4844796E+20  1.5681828E-01  1.0000000E-99  1.0000000E-99
  655  5.1024822E+05  2.4737192E+00  1.9624932E+03  3.4836346E+20  1.5737672E-01  1.0000000E-99  1.0000000E-99
  656  5.1102838E+05  2.4775014E+00  1.9654938E+03  3.4827882E+20  1.5793655E-01  1.0000000E-99  1.0000000E-99
  657  5.1180853E+05  2.4812837E+00  1.9684943E+03  3.4819402E+20  1.5849779E-01  1.0000000E-99  1.0000000E-99
  658  5.1258868E+05  2.4850659E+00  1.9714949E+03  3.4810907E+20  1.5906043E-01  1.0000000E-99  1.0000000E-99
  659  5.1336884E+05  2.4888481E+00  1.9744955E+03  3.4802398E+20  1.5962448E-01  1.0000000E-99  1.0000000E-99
  660  5.1414899E+05  2.4926304E+00  1.9774961E+03  3.4793873E+20  1.6018994E-01  1.0000000E-99  1.0000000E-99
  661  5.1492914E+05  2.4964126E+00  1.9804967E+03  3.4785333E+20  1.6075682E-01  1.0000000E-99  1.0000000E-99
  662  5.1570930E+05  2.5001949E+00  1.9834973E+03  3.4776779E+20  1.6132512E-01  1.0000000E-99  1.0000000E-99
  663  5.1648945E+05  2.5039771E+00  1.9864979E+03  3.4768209E+20  1.6189483E-01  1.0000000E-99  1.0000000E-99
  664  5.1726960E+05  2.5077593E+00  1.9894985E+03  3.4759624E+20  1.6246598E-01  1.0000000E-99  1.0000000E-99
  665  5.1804976E+05  2.5115416E+00  1.9924991E+03  3.4751024E+20  1.6303855E-01  1.0000000E-99  1.0000000E-99
  666  5.1882991E+05  2.5153238E+00  1.9954997E+03  3.4742409E+20  1.6361255E-01  1.0000000E-99  1.0000000E-99
  667  5.1961006E+05  2.5191061E+00  1.9985002E+03  3.4733778E+20  1.6418799E-01  1.0000000E-99  1.0000000E-99
  668  5.2039022E+05  2.5228883E+00  2.0015008E+03  3.4725133E+20  1.6476486E-01  1.0000000E-99  1.0000000E-99
  669  5.2117037E+05  2.5266705E+00  2.0045014E+03  3.4716473E+20  1.6534318E-01  1.0000000E-99  1.0000000E-99
  670  5.2195052E+05  2.5304528E+00  2.0075020E+03  3.4707797E+20  1.6592294E-01  1.0000000E-99  1.0000000E-99
  671  5.2273068E+05  2.5342350E+00  2.0105026E+03  3.4699106E+20  1.6650416E-01  1.0000000E-99  1.0000000E-99
  672  5.2351083E+05  2.5380172E+00  2.0135032E+03  3.4690400E+20  1.6708682E-01  1.0000000E-99  1.0000000E-99
  673  5.2429098E+05  2.5417995E+00  2.0165038E+03  3.4681679E+20  1.6767094E-01  1.0000000E-99  1.0000000E-99
  674  5.2507114E+05  2.5455817E+00  2.0195044E+03  3.4672943E+20  1.6825652E-01  1.0000000E-99  1.0000000E-99
  675  5.2585129E+05  2.5493640E+00  2.0225050E+03  3.4664192E+20  1.6884357E-01  1.0000000E-99  1.0000000E-99
  676  5.2663144E+05  2.5531462E+00  2.0255056E+03  3.4655425E+20  1.6943208E-01  1.0000000E-99  1.0000000E-99
  677  5.2741160E+05  2.5569284E+00  2.0285061E+03  3.4646643E+20  1.7002206E-01  1.0000000E-99  1.0000000E-99
  678  5.2819175E+05  2.5607107E+00  2.0315067E+03  3.4637846E+20  1.7061351E-01  1.0000000E-99  1.0000000E-99
  679  5.2897190E+05  2.5644929E+00  2.0345073E+03  3.4629034E+20  1.7120644E-01  1.0000000E-99  1.0000000E-99
  680  5.2975206E+05  2.5682751E+00  2.0375079E+03  3.4620206E+20  1.7180085E-01  1.0000000E-99  1.0000000E-99
  681  5.3053221E+05  2.5720574E+00  2.0405085E+03  3.4611363E+20  1.7239675E-01  1.0000000E-99  1.0000000E-99
  682  5.3131236E+05  2.5758396E+00  2.0435091E+03  3.4602505E+20  1.7299413E-01  1.0000000E-99  1.0000000E-99
  683  5.3209252E+05  2.5796219E+00  2.0465097E+03  3.4593631E+20  1.7359300E-01  1.0000000E-99  1.0000000E-99
  684  5.3287267E+05  2.5834041E+00  2.0495103E+03  3.4584743E+20  1.7419337E-01  1.0000000E-99  1.0000000E-99
  685  5.3365282E+05  2.5871863E+00  2.0525109E+03  3.4575839E+20  1.7479524E-01  1.0000000E-99  1.0000000E-99
  686  5.3443298E+05  2.5909686E+00  2.0555115E+03  3.4566919E+20  1.7539861E-01  1.0000000E-99  1.0000000E-99
  687  5.3521313E+05  2.5947508E+00  2.0585120E+03  3.4557985E+20  1.7600349E-01  1.0000000E-99  1.0000000E-99
  688  5.3599328E+05  2.5985331E+00  2.0615126E+03  3.4549034E+20  1.7660988E-01  1.0000000E-99  1.0000000E-99
  689  5.3677344E+05  2.6023153E+00  2.0645132E+03  3.4540069E+20  1.7721778E-01  1.0000000E-99  1.0000000E-99
  690  5.3755359E+05  2.6060975E+00  2.0675138E+03  3.4531088E+20  1.7782719E-01  1.0000000E-99  1.0000000E-99
  691  5.3833374E+05  2.6098798E+00  2.0705144E+03  3.4522092E+20  1.7843813E-01  1.0000000E-99  1.0000000E-99
  692  5.3911390E+05  2.6136620E+00  2.0735150E+03  3.4513080E+20  1.7905060E-01  1.0000000E-99  1.0000000E-99
  693  5.3989405E+05  2.6174442E+00  2.0765156E+03  3.4504053E+20  1.7966459E-01  1.0000000E-99  1.0000000E-99
  694  5.4067420E+05  2.6212265E+00  2.0795162E+03  3.4495011E+20  1.8028011E-01  1.0000000E-99  1.0000000E-99
  695  5.4145436E+05  2.6250087E+00  2.0825168E+03  3.4485953E+20  1.8089717E-01  1.0000000E-99  1.0000000E-99
  696  5.4223451E+05  2.6287910E+00  2.0855174E+03  3.4476880E+20  1.8151577E-01  1.0000000E-99  1.0000000E-99
  697  5.4301466E+05  2.6325732E+00  2.0885179E+03  3.4467791E+20  1.8213592E-01  1.0000000E-99  1.0000000E-99
  698  5.4379482E+05  2.6363554E+00  2.0915185E+03  3.4458687E+20  1.8275761E-01  1.0000000E-99  1.0000000E-99
  699  5.4457497E+05  2.6401377E+00  2.0945191E+03  3.4449567E+20  1.8338085E-01  1.0000000E-99  1.0000000E-99
  700  5.4535512E+05  2.6439199E+00  2.0975197E+03  3.4440432E+20  1.8400565E-01  1.0000000E-99  1.0000000E-99
  701  5.4613528E+05  2.6477021E+00  2.1005203E+03  3.4431281E+20  1.8463201E-01  1.0000000E-99  1.0000000E-99
  702  5.4691543E+05  2.6514844E+00  2.1035209E+03  3.4422115E+20  1.8525993E-01  1.0000000E-99  1.0000000E-99
  703  5.4769558E+05  2.6552666E+00  2.1065215E+03  3.4412933E+20  1.8588942E-01  1.0000000E-99  1.0000000E-99
  704  5.4847574E+05  2.6590489E+00  2.1095221E+03  3.4403736E+20  1.8652047E-01  1.0000000E-99  1.0000000E-99
  705  5.4925589E+05  2.6628311E+00  2.1125227E+03  3.4394523E+20  1.8715311E-01  1.0000000E-99  1.0000000E-99
  706  5.5003604E+05  2.6666133E+00  2.1155232E+03  3.4385294E+20  1.8778732E-01  1.0000000E-99  1.0000000E-99
  707  5.5081620E+05  2.6703956E+00  2.1185238E+03  3.4376050E+20  1.8842312E-01  1.0000000E-99  1.0000000E-99
  708  5.5159635E+05  2.6741778E+00  2.1215244E+03  3.4366791E+20  1.8906050E-01  1.0000000E-99  1.0000000E-99
  709  5.5237650E+05  2.6779601E+00  2.1245250E+03  3.4357515E+20  1.8969947E-01  1.0000000E-99  1.0000000E-99
  710  5.5315666E+05  2.6817423E+00  2.1275256E+03  3.4348225E+20  1.9034004E-01  1.0000000E-99  1.0000000E-99
  711  5.5393681E+05  2.6855245E+00  2.1305262E+03  3.4338918E+20  1.9098221E-01  1.0000000E-99  1.0000000E-99
  712  5.5471696E+05  2.6893068E+00  2.1335268E+03  3.4329596E+20  1.9162598E-01  1.0000000E-99  1.0000000E-99
  713  5.5549712E+05  2.6930890E+00  2.1365274E+03  3.4320258E+20  1.9227135E-01  1.0000000E-99  1.0000000E-99
  714  5.5627727E+05  2.6968712E+00  2.1395280E+03  3.4310905E+20  1.9291834E-01  1.0000000E-99  1.0000000E-99
  715  5.5705742E+05  2.7006535E+00  2.1425286E+03  3.4301536E+20  1.9356694E-01  1.0000000E-99  1.0000000E-99
  716  5.5783758E+05  2.7044357E+00  2.1455291E+03  3.4292151E+20  1.9421717E-01  1.0000000E-99  1.0000000E-99
  717  5.5861773E+05  2.7082180E+00  2.1485297E+03  3.4282750E+20  1.9486901E-01  1.0000000E-99  1.0000000E-99
  718  5.5939788E+05  2.7120002E+00  2.1515303E+03  3.4273334E+20  1.9552249E-01  1.0000000E-99  1.0000000E-99
  719  5.6017804E+05  2.7157824E+00  2.1545309E+03  3.4263902E+20  1.9617759E-01  1.0000000E-99  1.0000000E-99
  720  5.6095819E+05  2.7195647E+00  2.1575315E+03  3.4254454E+20  1.9683433E-01  1.0000000E-99  1.0000000E-99
  721  5.6173834E+05  2.7233469E+00  2.1605321E+03  3.4244991E+20  1.9749271E-01  1.0000000E-99  1.0000000E-99
  722  5.6251850E+05  2.7271291E+00  2.1635327E+03  3.4235511E+20  1.9815274E-01  1.0000000E-99  1.0000000E-99
  723  5.6329865E+05  2.7309114E+00  2.1665333E+03  3.4226016E+20  1.9881442E-01  1.0000000E-99  1.0000000E-99
  724  5.6407880E+05  2.7346936E+00  2.1695339E+03  3.4216505E+20  1.9947774E-01  1.0000000E-99  1.0000000E-99
  725  5.6485896E+05  2.7384759E+00  2.1725345E+03  3.4206979E+20  2.0014273E-01  1.0000000E-99  1.0000000E-99
  726  5.6563911E+05  2.7422581E+00  2.1755350E+03  3.4197436E+20  2.0080938E-01  1.0000000E-99  1.0000000E-99
  727  5.6641926E+05  2.7460403E+00  2.1785356E+03  3.4187878E+20  2.0147769E-01  1.0000000E-99  1.0000000E-99
  728  5.6719942E+05  2.7498226E+00  2.1815362E+03  3.4178304E+20  2.0214767E-01  1.0000000E-99  1.0000000E-99
  729  5.6797957E+05  2.7536048E+00  2.1845368E+03  3.4168714E+20  2.0281933E-01  1.0000000E-99  1.0000000E-99
  730  5.6875972E+05  2.7573871E+00  2.1875374E+03  3.4159108E+20  2.0349267E-01  1.0000000E-99  1.0000000E-99
  731  5.6953988E+05  2.7611693E+00  2.1905380E+03  3.4149486E+20  2.0416769E-01  1.0000000E-99  1.0000000E-99
  732  5.7032003E+05  2.7649515E+00  2.1935386E+03  3.4139848E+20  2.0484439E-01  1.0000000E-99  1.0000000E-99
  733  5.7110018E+05  2.7687338E+00  2.1965392E+03  3.4130194E+20  2.0552279E-01  1.0000000E-99  1.0000000E-99
  734  5.7188034E+05  2.7725160E+00  2.1995398E+03  3.4120525E+20  2.0620289E-01  1.0000000E-99  1.0000000E-99
  735  5.7266049E+05  2.7762982E+00  2.2025404E+03  3.4110839E+20  2.0688469E-01  1.0000000E-99  1.0000000E-99
  736  5.7344064E+05  2.7800805E+00  2.2055409E+03  3.4101138E+20  2.0756819E-01  1.0000000E-99  1.0000000E-99
  737  5.7422080E+05  2.7838627E+00  2.2085415E+03  3.4091420E+20  2.0825340E-01  1.0000000E-99  1.0000000E-99
  738  5.7500095E+05  2.7876450E+00  2.2115421E+03  3.4081687E+20  2.0894033E-01  1.0000000E-99  1.0000000E-99
  739  5.7578110E+05  2.7914272E+00  2.2145427E+03  3.4071937E+20  2.0962897E-01  1.0000000E-99  1.0000000E-99
  740  5.7656126E+05  2.7952094E+00  2.2175433E+03  3.4062172E+20  2.1031934E-01  1.0000000E-99  1.0000000E-99
  741  5.7734141E+05  2.7989917E+00  2.2205439E+03  3.4052390E+20  2.1101144E-01  1.0000000E-99  1.0000000E-99
  742  5.7812156E+05  2.8027739E+00  2.2235445E+03  3.4042592E+20  2.1170527E-01  1.0000000E-99  1.0000000E-99
  743  5.7890172E+05  2.8065561E+00  2.2265451E+03  3.4032779E+20  2.1240084E-01  1.0000000E-99  1.0000000E-99
  744  5.7968187E+05  2.8103384E+00  2.2295457E+03  3.4022949E+20  2.1309815E-01  1.0000000E-99  1.0000000E-99
  745  5.8046202E+05  2.8141206E+00  2.2325462E+03  3.4013103E+20  2.1379720E-01  1.0000000E-99  1.0000000E-99
  746  5.8124218E+05  2.8179029E+00  2.2355468E+03  3.4003241E+20  2.1449801E-01  1.0000000E-99  1.0000000E-99
  747  5.8202233E+05  2.8216851E+00  2.2385474E+03  3.3993363E+20  2.1520057E-01  1.0000000E-99  1.0000000E-99
  748  5.8280248E+05  2.8254673E+00  2.2415480E+03  3.3983469E+20  2.1590489E-01  1.0000000E-99  1.0000000E-99
  749  5.8358264E+05  2.8292496E+00  2.2445486E+03  3.3973559E+20  2.1661098E-01  1.0000000E-99  1.0000000E-99
  750  5.8436279E+05  2.8330318E+00  2.2475492E+03  3.3963633E+20  2.1731884E-01  1.0000000E-99  1.0000000E-99
  751  5.8514294E+05  2.8368141E+00  2.2505498E+03  3.3953690E+20  2.1802847E-01  1.0000000E-99  1.0000000E-99
  752  5.8592310E+05  2.8405963E+00  2.2535504E+03  3.3943731E+20  2.1873988E-01  1.0000000E-99  1.0000000E-99
  753  5.8670325E+05  2.8443785E+00  2.2565510E+03  3.3933756E+20  2.1945308E-01  1.0000000E-99  1.0000000E-99
  754  5.8748340E+05  2.8481608E+00  2.2595516E+03  3.3923765E+20  2.2016807E-01  1.0000000E-99  1.0000000E-99
  755  5.8826356E+05  2.8519430E+00  2.2625521E+03  3.3913758E+20  2.2088484E-01  1.0000000E-99  1.0000000E-99
  756  5.8904371E+05  2.8557252E+00  2.2655527E+03  3.3903734E+20  2.2160342E-01  1.0000000E-99  1.0000000E-99
  757  5.8982386E+05  2.8595075E+00  2.2685533E+03  3.3893694E+20  2.2232380E-01  1.0000000E-99  1.0000000E-99
  758  5.9060402E+05  2.8632897E+00  2.2715539E+03  3.3883638E+20  2.2304599E-01  1.0000000E-99  1.0000000E-99
  759  5.9138417E+05  2.8670720E+00  2.2745545E+03  3.3873565E+20  2.2377000E-01  1.0000000E-99  1.0000000E-99
  760  5.9216432E+05  2.8708542E+00  2.2775551E+03  3.3863477E+20  2.2449582E-01  1.0000000E-99  1.0000000E-99
  761  5.9294448E+05  2.8746364E+00  2.2805557E+03  3.3853372E+20  2.2522346E-01  1.0000000E-99  1.0000000E-99
  762  5.9372463E+05  2.8784187E+00  2.2835563E+03  3.3843250E+20  2.2595294E-01  1.0000000E-99  1.0000000E-99
  763  5.9450478E+05  2.8822009E+00  2.2865569E+03  3.3833112E+20  2.2668424E-01  1.0000000E-99  1.0000000E-99
  764  5.9528494E+05  2.8859831E+00  2.2895575E+03  3.3822958E+20  2.2741739E-01  1.0000000E-99  1.0000000E-99
  765  5.9606509E+05  2.8897654E+00  2.2925580E+03  3.3812788E+20  2.2815238E-01  1.0000000E-99  1.0000000E-99
  766  5.9684524E+05  2.8935476E+00  2.2955586E+03  3.3802601E+20  2.2888921E-01  1.0000000E-99  1.0000000E-99
  767  5.9762540E+05  2.8973299E+00  2.2985592E+03  3.3792398E+20  2.2962790E-01  1.0000000E-99  1.0000000E-99
  768  5.9840555E+05  2.9011121E+00  2.3015598E+03  3.3782178E+20  2.3036845E-01  1.0000000E-99  1.0000000E-99
  769  5.9918570E+05  2.9048943E+00  2.3045604E+03  3.3771942E+20  2.3111086E-01  1.0000000E-99  1.0000000E-99
  770  5.9996586E+05  2.9086766E+00  2.3075610E+03  3.3761689E+20  2.3185514E-01  1.0000000E-99  1.0000000E-99
  771  6.0074601E+05  2.9124588E+00  2.3105616E+03  3.3751420E+20  2.3260129E-01  1.0000000E-99  1.0000000E-99
  772  6.0152616E+05  2.9162411E+00  2.3135622E+03  3.3741135E+20  2.3334933E-01  1.0000000E-99  1.0000000E-99
  773  6.0230632E+05  2.9200233E+00  2.3165628E+03  3.3730833E+20  2.3409924E-01  1.0000000E-99  1.0000000E-99
  774  6.0308647E+05  2.9238055E+00  2.3195634E+03  3.3720514E+20  2.3485105E-01  1.0000000E-99  1.0000000E-99
  775  6.0386662E+05  2.9275878E+00  2.3225639E+03  3.3710179E+20  2.3560475E-01  1.0000000E-99  1.0000000E-99
  776  6.0464678E+05  2.9313700E+00  2.3255645E+03  3.3699828E+20  2.3636035E-01  1.0000000E-99  1.0000000E-99
  777  6.0542693E+05  2.9351522E+00  2.3285651E+03  3.3689460E+20  2.3711786E-01  1.0000000E-99  1.0000000E-99
  778  6.0620708E+05  2.9389345E+00  2.3315657E+03  3.3679075E+20  2.3787728E-01  1.0000000E-99  1.0000000E-99
  779  6.0698724E+05  2.9427167E+00  2.3345663E+03  3.3668674E+20  2.3863861E-01  1.0000000E-99  1.0000000E-99
  780  6.0776739E+05  2.9464990E+00  2.3375669E+03  3.3658256E+20  2.3940186E-01  1.0000000E-99  1.0000000E-99
  781  6.0854754E+05  2.9502812E+00  2.3405675E+03  3.3647821E+20  2.4016704E-01  1.0000000E-99  1.0000000E-99
  782  6.0932770E+05  2.9540634E+00  2.3435681E+03  3.3637370E+20  2.4093416E-01  1.0000000E-99  1.0000000E-99
  783  6.1010785E+05  2.9578457E+00  2.3465687E+03  3.3626902E+20  2.4170321E-01  1.0000000E-99  1.0000000E-99
  784  6.1088800E+05  2.9616279E+00  2.3495692E+03  3.3616418E+20  2.4247420E-01  1.0000000E-99  1.0000000E-99
  785  6.1166816E+05  2.9654101E+00  2.3525698E+03  3.3605917E+20  2.4324714E-01  1.0000000E-99  1.0000000E-99
  786  6.1244831E+05  2.9691924E+00  2.3555704E+03  3.3595399E+20  2.4402203E-01  1.0000000E-99  1.0000000E-99
  787  6.1322846E+05  2.9729746E+00  2.3585710E+03  3.3584865E+20  2.4479889E-01  1.0000000E-99  1.0000000E-99
  788  6.1400862E+05  2.9767569E+00  2.3615716E+03  3.3574313E+20  2.4557771E-01  1.0000000E-99  1.0000000E-99
  789  6.1478877E+05  2.9805391E+00  2.3645722E+03  3.3563745E+20  2.4635850E-01  1.0000000E-99  1.0000000E-99
  790  6.1556892E+05  2.9843213E+00  2.3675728E+03  3.3553161E+20  2.4714126E-01  1.0000000E-99  1.0000000E-99
  791  6.1634908E+05  2.9881036E+00  2.3705734E+03  3.3542559E+20  2.4792601E-01  1.0000000E-99  1.0000000E-99
  792  6.1712923E+05  2.9918858E+00  2.3735740E+03  3.3531941E+20  2.4871274E-01  1.0000000E-99  1.0000000E-99
  793  6.1790938E+05  2.9956681E+00  2.3765746E+03  3.3521306E+20  2.4950147E-01  1.0000000E-99  1.0000000E-99
  794  6.1868954E+05  2.9994503E+00  2.3795751E+03  3.3510654E+20  2.5029219E-01  1.0000000E-99  1.0000000E-99
  795  6.1946969E+05  3.0032325E+00  2.3825757E+03  3.3499985E+20  2.5108492E-01  1.0000000E-99  1.0000000E-99
  796  6.2024984E+05  3.0070148E+00  2.3855763E+03  3.3489300E+20  2.5187966E-01  1.0000000E-99  1.0000000E-99
  797  6.2103000E+05  3.0107970E+00  2.3885769E+03  3.3478597E+20  2.5267642E-01  1.0000000E-99  1.0000000E-99
  798  6.2181015E+05  3.0145792E+00  2.3915775E+03  3.3467878E+20  2.5347520E-01  1.0000000E-99  1.0000000E-99
  799  6.2259030E+05  3.0183615E+00  2.3945781E+03  3.3457142E+20  2.5427600E-01  1.0000000E-99  1.0000000E-99
  800  6.2337046E+05  3.0221437E+00  2.3975787E+03  3.3446389E+20  2.5507884E-01  1.0000000E-99  1.0000000E-99
  801  6.2415061E+05  3.0259260E+00  2.4005793E+03  3.3435619E+20  2.5588371E-01  1.0000000E-99  1.0000000E-99
  802  6.2493076E+05  3.0297082E+00  2.4035799E+03  3.3424832E+20  2.5669063E-01  1.0000000E-99  1.0000000E-99
  803  6.2571092E+05  3.0334904E+00  2.4065805E+03  3.3414028E+20  2.5749960E-01  1.0000000E-99  1.0000000E-99
  804  6.2649107E+05  3.0372727E+00  2.4095810E+03  3.3403207E+20  2.5831063E-01  1.0000000E-99  1.0000000E-99
  805  6.2727122E+05  3.0410549E+00  2.4125816E+03  3.3392369E+20  2.5912372E-01  1.0000000E-99  1.0000000E-99
  806  6.2805138E+05  3.0448371E+00  2.4155822E+03  3.3381514E+20  2.5993888E-01  1.0000000E-99  1.0000000E-99
  807  6.2883153E+05  3.0486194E+00  2.4185828E+03  3.3370642E+20  2.6075612E-01  1.0000000E-99  1.0000000E-99
  808  6.2961168E+05  3.0524016E+00  2.4215834E+03  3.3359753E+20  2.6157543E-01  1.0000000E-99  1.0000000E-99
  809  6.3039184E+05  3.0561839E+00  2.4245840E+03  3.3348847E+20  2.6239683E-01  1.0000000E-99  1.0000000E-99
  810  6.3117199E+05  3.0599661E+00  2.4275846E+03  3.3337924E+20  2.6322032E-01  1.0000000E-99  1.0000000E-99
  811  6.3195214E+05  3.0637483E+00  2.4305852E+03  3.3326983E+20  2.6404592E-01  1.0000000E-99  1.0000000E-99
  812  6.3273230E+05  3.0675306E+00  2.4335858E+03  3.3316026E+20  2.6487361E-01  1.0000000E-99  1.0000000E-99
  813  6.3351245E+05  3.0713128E+00  2.4365864E+03  3.3305051E+20  2.6570342E-01  1.0000000E-99  1.0000000E-99
  814  6.3429260E+05  3.0750951E+00  2.4395869E+03  3.3294060E+20  2.6653535E-01  1.0000000E-99  1.0000000E-99
  815  6.3507276E+05  3.0788773E+00  2.4425875E+03  3.3283051E+20  2.6736939E-01  1.0000000E-99  1.0000000E-99
  816  6.3585291E+05  3.0826595E+00  2.4455881E+03  3.3272025E+20  2.6820557E-01  1.0000000E-99  1.0000000E-99
  817  6.3663306E+05  3.0864418E+00  2.4485887E+03  3.3260982E+20  2.6904389E-01  1.0000000E-99  1.0000000E-99
  818  6.3741322E+05  3.0902240E+00  2.4515893E+03  3.3249921E+20  2.6988434E-01  1.0000000E-99  1.0000000E-99
  819  6.3819337E+05  3.0940062E+00  2.4545899E+03  3.3238843E+20  2.7072695E-01  1.0000000E-99  1.0000000E-99
  820  6.3897352E+05  3.0977885E+00  2.4575905E+03  3.3227749E+20  2.7157171E-01  1.0000000E-99  1.0000000E-99
  821  6.3975368E+05  3.1015707E+00  2.4605911E+03  3.3216636E+20  2.7241863E-01  1.0000000E-99  1.0000000E-99
  822  6.4053383E+05  3.1053530E+00  2.4635917E+03  3.3205507E+20  2.7326771E-01  1.0000000E-99  1.0000000E-99
  823  6.4131398E+05  3.1091352E+00  2.4665922E+03  3.3194360E+20  2.7411898E-01  1.0000000E-99  1.0000000E-99
  824  6.4209414E+05  3.1129174E+00  2.4695928E+03  3.3183196E+20  2.7497242E-01  1.0000000E-99  1.0000000E-99
  825  6.4287429E+05  3.1166997E+00  2.4725934E+03  3.3172015E+20  2.7582805E-01  1.0000000E-99  1.0000000E-99
  826  6.4365444E+05  3.1204819E+00  2.4755940E+03  3.3160816E+20  2.7668587E-01  1.0000000E-99  1.0000000E-99
  827  6.4443460E+05  3.1242641E+00  2.4785946E+03  3.3149600E+20  2.7754590E-01  1.0000000E-99  1.0000000E-99
  828  6.4521475E+05  3.1280464E+00  2.4815952E+03  3.3138366E+20  2.7840812E-01  1.0000000E-99  1.0000000E-99
  829  6.4599490E+05  3.1318286E+00  2.4845958E+03  3.3127115E+20  2.7927257E-01  1.0000000E-99  1.0000000E-99
  830  6.4677506E+05  3.1356109E+00  2.4875964E+03  3.3115847E+20  2.8013923E-01  1.0000000E-99  1.0000000E-99
  831  6.4755521E+05  3.1393931E+00  2.4905970E+03  3.3104561E+20  2.8100812E-01  1.0000000E-99  1.0000000E-99
  832  6.4833536E+05  3.1431753E+00  2.4935976E+03  3.3093258E+20  2.8187924E-01  1.0000000E-99  1.0000000E-99
  833  6.4911552E+05  3.1469576E+00  2.4965981E+03  3.3081937E+20  2.8275260E-01  1.0000000E-99  1.0000000E-99
  834  6.4989567E+05  3.1507398E+00  2.4995987E+03  3.3070599E+20  2.8362821E-01  1.0000000E-99  1.0000000E-99
  835  6.5067582E+05  3.1545221E+00  2.5025993E+03  3.3059243E+20  2.8450607E-01  1.0000000E-99  1.0000000E-99
  836  6.5145598E+05  3.1583043E+00  2.5055999E+03  3.3047870E+20  2.8538619E-01  1.0000000E-99  1.0000000E-99
  837  6.5223613E+05  3.1620865E+00  2.5086005E+03  3.3036479E+20  2.8626858E-01  1.0000000E-99  1.0000000E-99
  838  6.5301628E+05  3.1658688E+00  2.5116011E+03  3.3025070E+20  2.8715324E-01  1.0000000E-99  1.0000000E-99
  839  6.5379644E+05  3.1696510E+00  2.5146017E+03  3.3013644E+20  2.8804019E-01  1.0000000E-99  1.0000000E-99
  840  6.5457659E+05  3.1734332E+00  2.5176023E+03  3.3002201E+20  2.8892942E-01  1.0000000E-99  1.0000000E-99
  841  6.5535674E+05  3.1772155E+00  2.5206029E+03  3.2990739E+20  2.8982094E-01  1.0000000E-99  1.0000000E-99
  842  6.5613690E+05  3.1809977E+00  2.5236035E+03  3.2979260E+20  2.9071477E-01  1.0000000E-99  1.0000000E-99
  843  6.5691705E+05  3.1847800E+00  2.5266040E+03  3.2967764E+20  2.9161090E-01  1.0000000E-99  1.0000000E-99
  844  6.5769720E+05  3.1885622E+00  2.5296046E+03  3.2956250E+20  2.9250935E-01  1.0000000E-99  1.0000000E-99
  845  6.5847736E+05  3.1923444E+00  2.5326052E+03  3.2944718E+20  2.9341013E-01  1.0000000E-99  1.0000000E-99
  846  6.5925751E+05  3.1961267E+00  2.5356058E+03  3.2933168E+20  2.9431323E-01  1.0000000E-99  1.0000000E-99
  847  6.6003766E+05  3.1999089E+00  2.5386064E+03  3.2921601E+20  2.9521867E-01  1.0000000E-99  1.0000000E-99
  848  6.6081782E+05  3.2036911E+00  2.5416070E+03  3.2910016E+20  2.9612645E-01  1.0000000E-99  1.0000000E-99
  849  6.6159797E+05  3.2074734E+00  2.5446076E+03  3.2898413E+20  2.9703659E-01  1.0000000E-99  1.0000000E-99
  850  6.6237812E+05  3.2112556E+00  2.5476082E+03  3.2886792E+20  2.9794908E-01  1.0000000E-99  1.0000000E-99
  851  6.6315828E+05  3.2150379E+00  2.5506088E+03  3.2875153E+20  2.9886394E-01  1.0000000E-99  1.0000000E-99
  852  6.6393843E+05  3.2188201E+00  2.5536094E+03  3.2863497E+20  2.9978117E-01  1.0000000E-99  1.0000000E-99
  853  6.6471858E+05  3.2226023E+00  2.5566099E+03  3.2851823E+20  3.0070078E-01  1.0000000E-99  1.0000000E-99
  854  6.6549874E+05  3.2263846E+00  2.5596105E+03  3.2840131E+20  3.0162278E-01  1.0000000E-99  1.0000000E-99
  855  6.6627889E+05  3.2301668E+00  2.5626111E+03  3.2828421E+20  3.0254717E-01  1.0000000E-99  1.0000000E-99
  856  6.6705904E+05  3.2339491E+00  2.5656117E+03  3.2816693E+20  3.0347397E-01  1.0000000E-99  1.0000000E-99
  857  6.6783920E+05  3.2377313E+00  2.5686123E+03  3.2804947E+20  3.0440318E-01  1.0000000E-99  1.0000000E-99
  858  6.6861935E+05  3.2415135E+00  2.5716129E+03  3.2793184E+20  3.0533480E-01  1.0000000E-99  1.0000000E-99
  859  6.6939950E+05  3.2452958E+00  2.5746135E+03  3.2781402E+20  3.0626885E-01  1.0000000E-99  1.0000000E-99
  860  6.7017966E+05  3.2490780E+00  2.5776141E+03  3.2769602E+20  3.0720533E-01  1.0000000E-99  1.0000000E-99
  861  6.7095981E+05  3.2528602E+00  2.5806147E+03  3.2757784E+20  3.0814425E-01  1.0000000E-99  1.0000000E-99
  862  6.7173996E+05  3.2566425E+00  2.5836152E+03  3.2745949E+20  3.0908562E-01  1.0000000E-99  1.0000000E-99
  863  6.7252012E+05  3.2604247E+00  2.5866158E+03  3.2734095E+20  3.1002945E-01  1.0000000E-99  1.0000000E-99
  864  6.7330027E+05  3.2642070E+00  2.5896164E+03  3.2722223E+20  3.1097574E-01  1.0000000E-99  1.0000000E-99
  865  6.7408042E+05  3.2679892E+00  2.5926170E+03  3.2710333E+20  3.1192449E-01  1.0000000E-99  1.0000000E-99
  866  6.7486058E+05  3.2717714E+00  2.5956176E+03  3.2698425E+20  3.1287573E-01  1.0000000E-99  1.0000000E-99
  867  6.7564073E+05  3.2755537E+00  2.5986182E+03  3.2686499E+20  3.1382945E-01  1.0000000E-99  1.0000000E-99
  868  6.7642088E+05  3.2793359E+00  2.6016188E+03  3.2674555E+20  3.1478567E-01  1.0000000E-99  1.0000000E-99
  869  6.7720104E+05  3.2831181E+00  2.6046194E+03  3.2662593E+20  3.1574439E-01  1.0000000E-99  1.0000000E-99
  870  6.7798119E+05  3.2869004E+00  2.6076200E+03  3.2650612E+20  3.1670562E-01  1.0000000E-99  1.0000000E-99
  871  6.7876134E+05  3.2906826E+00  2.6106206E+03  3.2638613E+20  3.1766937E-01  1.0000000E-99  1.0000000E-99
  872  6.7954150E+05  3.2944649E+00  2.6136211E+03  3.2626596E+20  3.1863564E-01  1.0000000E-99  1.0000000E-99
  873  6.8032165E+05  3.2982471E+00  2.6166217E+03  3.2614561E+20  3.1960445E-01  1.0000000E-99  1.0000000E-99
  874  6.8110180E+05  3.3020293E+00  2.6196223E+03  3.2602508E+20  3.2057580E-01  1.0000000E-99  1.0000000E-99
  875  6.8188196E+05  3.3058116E+00  2.6226229E+03  3.2590436E+20  3.2154969E-01  1.0000000E-99  1.0000000E-99
  876  6.8266211E+05  3.3095938E+00  2.6256235E+03  3.2578346E+20  3.2252615E-01  1.0000000E-99  1.0000000E-99
  877  6.8344226E+05  3.3133761E+00  2.6286241E+03  3.2566237E+20  3.2350517E-01  1.0000000E-99  1.0000000E-99
  878  6.8422242E+05  3.3171583E+00  2.6316247E+03  3.2554111E+20  3.2448677E-01  1.0000000E-99  1.0000000E-99
  879  6.8500257E+05  3.3209405E+00  2.6346253E+03  3.2541966E+20  3.2547095E-01  1.0000000E-99  1.0000000E-99
  880  6.8578272E+05  3.3247228E+00  2.6376259E+03  3.2529802E+20  3.2645772E-01  1.0000000E-99  1.0000000E-99
  881  6.8656288E+05  3.3285050E+00  2.6406265E+03  3.2517620E+20  3.2744709E-01  1.0000000E-99  1.0000000E-99
  882  6.8734303E+05  3.3322872E+00  2.6436270E+03  3.2505420E+20  3.2843907E-01  1.0000000E-99  1.0000000E-99
  883  6.8812318E+05  3.3360695E+00  2.6466276E+03  3.2493201E+20  3.2943366E-01  1.0000000E-99  1.0000000E-99
  884  6.8890334E+05  3.3398517E+00  2.6496282E+03  3.2480964E+20  3.3043088E-01  1.0000000E-99  1.0000000E-99
  885  6.8968349E+05  3.3436340E+00  2.6526288E+03  3.2468708E+20  3.3143073E-01  1.0000000E-99  1.0000000E-99
  886  6.9046364E+05  3.3474162E+00  2.6556294E+03  3.2456434E+20  3.3243323E-01  1.0000000E-99  1.0000000E-99
  887  6.9124380E+05  3.3511984E+00  2.6586300E+03  3.2444141E+20  3.3343837E-01  1.0000000E-99  1.0000000E-99
  888  6.9202395E+05  3.3549807E+00  2.6616306E+03  3.2431830E+20  3.3444617E-01  1.0000000E-99  1.0000000E-99
  889  6.9280410E+05  3.3587629E+00  2.6646312E+03  3.2419500E+20  3.3545664E-01  1.0000000E-99  1.0000000E-99
  890  6.9358426E+05  3.3625451E+00  2.6676318E+03  3.2407152E+20  3.3646978E-01  1.0000000E-99  1.0000000E-99
  891  6.9436441E+05  3.3663274E+00  2.6706324E+03  3.2394785E+20  3.3748561E-01  1.0000000E-99  1.0000000E-99
  892  6.9514456E+05  3.3701096E+00  2.6736329E+03  3.2382399E+20  3.3850413E-01  1.0000000E-99  1.0000000E-99
  893  6.9592472E+05  3.3738919E+00  2.6766335E+03  3.2369994E+20  3.3952536E-01  1.0000000E-99  1.0000000E-99
  894  6.9670487E+05  3.3776741E+00  2.6796341E+03  3.2357571E+20  3.4054929E-01  1.0000000E-99  1.0000000E-99
  895  6.9748502E+05  3.3814563E+00  2.6826347E+03  3.2345130E+20  3.4157595E-01  1.0000000E-99  1.0000000E-99
  896  6.9826518E+05  3.3852386E+00  2.6856353E+03  3.2332669E+20  3.4260533E-01  1.0000000E-99  1.0000000E-99
  897  6.9904533E+05  3.3890208E+00  2.6886359E+03  3.2320190E+20  3.4363745E-01  1.0000000E-99  1.0000000E-99
  898  6.9982548E+05  3.3928031E+00  2.6916365E+03  3.2307692E+20  3.4467232E-01  1.0000000E-99  1.0000000E-99
  899  7.0060564E+05  3.3965853E+00  2.6946371E+03  3.2295175E+20  3.4570994E-01  1.0000000E-99  1.0000000E-99
  900  7.0138579E+05  3.4003675E+00  2.6976377E+03  3.2282640E+20  3.4675033E-01  1.0000000E-99  1.0000000E-99
  901  7.0216594E+05  3.4041498E+00  2.7006382E+03  3.2270085E+20  3.4779349E-01  1.0000000E-99  1.0000000E-99
  902  7.0294610E+05  3.4079320E+00  2.7036388E+03  3.2257512E+20  3.4883943E-01  1.0000000E-99  1.0000000E-99
  903  7.0372625E+05  3.4117142E+00  2.7066394E+03  3.2244920E+20  3.4988817E-01  1.0000000E-99  1.0000000E-99
  904  7.0450640E+05  3.4154965E+00  2.7096400E+03  3.2232309E+20  3.5093970E-01  1.0000000E-99  1.0000000E-99
  905  7.0528656E+05  3.4192787E+00  2.7126406E+03  3.2219679E+20  3.5199405E-01  1.0000000E-99  1.0000000E-99
  906  7.0606671E+05  3.4230610E+00  2.7156412E+03  3.2207030E+20  3.5305122E-01  1.0000000E-99  1.0000000E-99
  907  7.0684686E+05  3.4268432E+00  2.7186418E+03  3.2194362E+20  3.5411121E-01  1.0000000E-99  1.0000000E-99
  908  7.0762702E+05  3.4306254E+00  2.7216424E+03  3.2181676E+20  3.5517405E-01  1.0000000E-99  1.0000000E-99
  909  7.0840717E+05  3.4344077E+00  2.7246430E+03  3.2168970E+20  3.5623973E-01  1.0000000E-99  1.0000000E-99
  910  7.0918732E+05  3.4381899E+00  2.7276436E+03  3.2156245E+20  3.5730828E-01  1.0000000E-99  1.0000000E-99
  911  7.0996748E+05  3.4419721E+00  2.7306441E+03  3.2143501E+20  3.5837968E-01  1.0000000E-99  1.0000000E-99
  912  7.1074763E+05  3.4457544E+00  2.7336447E+03  3.2130738E+20  3.5945397E-01  1.0000000E-99  1.0000000E-99
  913  7.1152778E+05  3.4495366E+00  2.7366453E+03  3.2117956E+20  3.6053114E-01  1.0000000E-99  1.0000000E-99
  914  7.1230794E+05  3.4533189E+00  2.7396459E+03  3.2105155E+20  3.6161121E-01  1.0000000E-99  1.0000000E-99
  915  7.1308809E+05  3.4571011E+00  2.7426465E+03  3.2092334E+20  3.6269418E-01  1.0000000E-99  1.0000000E-99
  916  7.1386824E+05  3.4608833E+00  2.7456471E+03  3.2079495E+20  3.6378007E-01  1.0000000E-99  1.0000000E-99
  917  7.1464840E+05  3.4646656E+00  2.7486477E+03  3.2066636E+20  3.6486889E-01  1.0000000E-99  1.0000000E-99
  918  7.1542855E+05  3.4684478E+00  2.7516483E+03  3.2053758E+20  3.6596064E-01  1.0000000E-99  1.0000000E-99
  919  7.1620870E+05  3.4722301E+00  2.7546489E+03  3.2040861E+20  3.6705533E-01  1.0000000E-99  1.0000000E-99
  920  7.1698886E+05  3.4760123E+00  2.7576495E+03  3.2027945E+20  3.6815299E-01  1.0000000E-99  1.0000000E-99
  921  7.1776901E+05  3.4797945E+00  2.7606500E+03  3.2015009E+20  3.6925360E-01  1.0000000E-99  1.0000000E-99
  922  7.1854916E+05  3.4835768E+00  2.7636506E+03  3.2002054E+20  3.7035719E-01  1.0000000E-99  1.0000000E-99
  923  7.1932932E+05  3.4873590E+00  2.7666512E+03  3.1989080E+20  3.7146377E-01  1.0000000E-99  1.0000000E-99
  924  7.2010947E+05  3.4911412E+00  2.7696518E+03  3.1976086E+20  3.7257334E-01  1.0000000E-99  1.0000000E-99
  925  7.2088962E+05  3.4949235E+00  2.7726524E+03  3.1963073E+20  3.7368592E-01  1.0000000E-99  1.0000000E-99
  926  7.2166978E+05  3.4987057E+00  2.7756530E+03  3.1950041E+20  3.7480151E-01  1.0000000E-99  1.0000000E-99
  927  7.2244993E+05  3.5024880E+00  2.7786536E+03  3.1936989E+20  3.7592014E-01  1.0000000E-99  1.0000000E-99
  928  7.2323008E+05  3.5062702E+00  2.7816542E+03  3.1923918E+20  3.7704179E-01  1.0000000E-99  1.0000000E-99
  929  7.2401024E+05  3.5100524E+00  2.7846548E+03  3.1910827E+20  3.7816650E-01  1.0000000E-99  1.0000000E-99
  930  7.2479039E+05  3.5138347E+00  2.7876554E+03  3.1897717E+20  3.7929426E-01  1.0000000E-99  1.0000000E-99
  931  7.2557054E+05  3.5176169E+00  2.7906559E+03  3.1884587E+20  3.8042509E-01  1.0000000E-99  1.0000000E-99
  932  7.2635070E+05  3.5213991E+00  2.7936565E+03  3.1871437E+20  3.8155900E-01  1.0000000E-99  1.0000000E-99
  933  7.2713085E+05  3.5251814E+00  2.7966571E+03  3.1858268E+20  3.8269600E-01  1.0000000E-99  1.0000000E-99
  934  7.2791100E+05  3.5289636E+00  2.7996577E+03  3.1845080E+20  3.8383609E-01  1.0000000E-99  1.0000000E-99
  935  7.2869116E+05  3.5327459E+00  2.8026583E+03  3.1831872E+20  3.8497930E-01  1.0000000E-99  1.0000000E-99
  936  7.2947131E+05  3.5365281E+00  2.8056589E+03  3.1818644E+20  3.8612563E-01  1.0000000E-99  1.0000000E-99
  937  7.3025146E+05  3.5403103E+00  2.8086595E+03  3.1805397E+20  3.8727509E-01  1.0000000E-99  1.0000000E-99
  938  7.3103162E+05  3.5440926E+00  2.8116601E+03  3.1792130E+20  3.8842770E-01  1.0000000E-99  1.0000000E-99
  939  7.3181177E+05  3.5478748E+00  2.8146607E+03  3.1778843E+20  3.8958346E-01  1.0000000E-99  1.0000000E-99
  940  7.3259192E+05  3.5516571E+00  2.8176612E+03  3.1765536E+20  3.9074238E-01  1.0000000E-99  1.0000000E-99
  941  7.3337208E+05  3.5554393E+00  2.8206618E+03  3.1752210E+20  3.9190448E-01  1.0000000E-99  1.0000000E-99
  942  7.3415223E+05  3.5592215E+00  2.8236624E+03  3.1738864E+20  3.9306977E-01  1.0000000E-99  1.0000000E-99
  943  7.3493238E+05  3.5630038E+00  2.8266630E+03  3.1725498E+20  3.9423825E-01  1.0000000E-99  1.0000000E-99
  944  7.3571254E+05  3.5667860E+00  2.8296636E+03  3.1712112E+20  3.9540995E-01  1.0000000E-99  1.0000000E-99
  945  7.3649269E+05  3.5705682E+00  2.8326642E+03  3.1698706E+20  3.9658486E-01  1.0000000E-99  1.0000000E-99
  946  7.3727284E+05  3.5743505E+00  2.8356648E+03  3.1685281E+20  3.9776301E-01  1.0000000E-99  1.0000000E-99
  947  7.3805300E+05  3.5781327E+00  2.8386654E+03  3.1671835E+20  3.9894440E-01  1.0000000E-99  1.0000000E-99
  948  7.3883315E+05  3.5819150E+00  2.8416660E+03  3.1658370E+20  4.0012904E-01  1.0000000E-99  1.0000000E-99
  949  7.3961330E+05  3.5856972E+00  2.8446666E+03  3.1644885E+20  4.0131695E-01  1.0000000E-99  1.0000000E-99
  950  7.4039346E+05  3.5894794E+00  2.8476671E+03  3.1631379E+20  4.0250814E-01  1.0000000E-99  1.0000000E-99
  951  7.4117361E+05  3.5932617E+00  2.8506677E+03  3.1617854E+20  4.0370262E-01  1.0000000E-99  1.0000000E-99
  952  7.4195376E+05  3.5970439E+00  2.8536683E+03  3.1604309E+20  4.0490040E-01  1.0000000E-99  1.0000000E-99
  953  7.4273392E+05  3.6008261E+00  2.8566689E+03  3.1590743E+20  4.0610149E-01  1.0000000E-99  1.0000000E-99
  954  7.4351407E+05  3.6046084E+00  2.8596695E+03  3.1577158E+20  4.0730590E-01  1.0000000E-99  1.0000000E-99
  955  7.4429422E+05  3.6083906E+00  2.8626701E+03  3.1563552E+20  4.0851366E-01  1.0000000E-99  1.0000000E-99
  956  7.4507438E+05  3.6121729E+00  2.8656707E+03  3.1549926E+20  4.0972476E-01  1.0000000E-99  1.0000000E-99
  957  7.4585453E+05  3.6159551E+00  2.8686713E+03  3.1536280E+20  4.1093921E-01  1.0000000E-99  1.0000000E-99
  958  7.4663468E+05  3.6197373E+00  2.8716719E+03  3.1522614E+20  4.1215705E-01  1.0000000E-99  1.0000000E-99
  959  7.4741484E+05  3.6235196E+00  2.8746725E+03  3.1508928E+20  4.1337826E-01  1.0000000E-99  1.0000000E-99
  960  7.4819499E+05  3.6273018E+00  2.8776730E+03  3.1495221E+20  4.1460287E-01  1.0000000E-99  1.0000000E-99
  961  7.4897514E+05  3.6310841E+00  2.8806736E+03  3.1481494E+20  4.1583089E-01  1.0000000E-99  1.0000000E-99
  962  7.4975530E+05  3.6348663E+00  2.8836742E+03  3.1467747E+20  4.1706233E-01  1.0000000E-99  1.0000000E-99
  963  7.5053545E+05  3.6386485E+00  2.8866748E+03  3.1453979E+20  4.1829720E-01  1.0000000E-99  1.0000000E-99
  964  7.5131560E+05  3.6424308E+00  2.8896754E+03  3.1440191E+20  4.1953552E-01  1.0000000E-99  1.0000000E-99
  965  7.5209576E+05  3.6462130E+00  2.8926760E+03  3.1426383E+20  4.2077730E-01  1.0000000E-99  1.0000000E-99
  966  7.5287591E+05  3.6499952E+00  2.8956766E+03  3.1412554E+20  4.2202254E-01  1.0000000E-99  1.0000000E-99
  967  7.5365606E+05  3.6537775E+00  2.8986772E+03  3.1398705E+20  4.2327127E-01  1.0000000E-99  1.0000000E-99
  968  7.5443622E+05  3.6575597E+00  2.9016778E+03  3.1384835E+20  4.2452349E-01  1.0000000E-99  1.0000000E-99
  969  7.5521637E+05  3.6613420E+00  2.9046784E+03  3.1370945E+20  4.2577922E-01  1.0000000E-99  1.0000000E-99
  970  7.5599652E+05  3.6651242E+00  2.9076789E+03  3.1357035E+20  4.2703847E-01  1.0000000E-99  1.0000000E-99
  971  7.5677668E+05  3.6689064E+00  2.9106795E+03  3.1343103E+20  4.2830126E-01  1.0000000E-99  1.0000000E-99
  972  7.5755683E+05  3.6726887E+00  2.9136801E+03  3.1329152E+20  4.2956759E-01  1.0000000E-99  1.0000000E-99
  973  7.5833698E+05  3.6764709E+00  2.9166807E+03  3.1315179E+20  4.3083748E-01  1.0000000E-99  1.0000000E-99
  974  7.5911714E+05  3.6802531E+00  2.9196813E+03  3.1301186E+20  4.3211094E-01  1.0000000E-99  1.0000000E-99
  975  7.5989729E+05  3.6840354E+00  2.9226819E+03  3.1287173E+20  4.3338799E-01  1.0000000E-99  1.0000000E-99
  976  7.6067744E+05  3.6878176E+00  2.9256825E+03  3.1273138E+20  4.3466863E-01  1.0000000E-99  1.0000000E-99
  977  7.6145760E+05  3.6915999E+00  2.9286831E+03  3.1259083E+20  4.3595289E-01  1.0000000E-99  1.0000000E-99
  978  7.6223775E+05  3.6953821E+00  2.9316837E+03  3.1245007E+20  4.3724077E-01  1.0000000E-99  1.0000000E-99
  979  7.6301790E+05  3.6991643E+00  2.9346842E+03  3.1230911E+20  4.3853229E-01  1.0000000E-99  1.0000000E-99
  980  7.6379806E+05  3.7029466E+00  2.9376848E+03  3.1216794E+20  4.3982746E-01  1.0000000E-99  1.0000000E-99
  981  7.6457821E+05  3.7067288E+00  2.9406854E+03  3.1202655E+20  4.4112629E-01  1.0000000E-99  1.0000000E-99
  982  7.6535836E+05  3.7105111E+00  2.9436860E+03  3.1188496E+20  4.4242881E-01  1.0000000E-99  1.0000000E-99
  983  7.6613852E+05  3.7142933E+00  2.9466866E+03  3.1174316E+20  4.4373501E-01  1.0000000E-99  1.0000000E-99
  984  7.6691867E+05  3.7180755E+00  2.9496872E+03  3.1160116E+20  4.4504492E-01  1.0000000E-99  1.0000000E-99
  985  7.6769882E+05  3.7218578E+00  2.9526878E+03  3.1145894E+20  4.4635856E-01  1.0000000E-99  1.0000000E-99
  986  7.6847898E+05  3.7256400E+00  2.9556884E+03  3.1131651E+20  4.4767592E-01  1.0000000E-99  1.0000000E-99
  987  7.6925913E+05  3.7294222E+00  2.9586890E+03  3.1117387E+20  4.4899703E-01  1.0000000E-99  1.0000000E-99
  988  7.7003928E+05  3.7332045E+00  2.9616896E+03  3.1103103E+20  4.5032190E-01  1.0000000E-99  1.0000000E-99
  989  7.7081944E+05  3.7369867E+00  2.9646901E+03  3.1088797E+20  4.5165055E-01  1.0000000E-99  1.0000000E-99
  990  7.7159959E+05  3.7407690E+00  2.9676907E+03  3.1074470E+20  4.5298299E-01  1.0000000E-99  1.0000000E-99
  991  7.7237974E+05  3.7445512E+00  2.9706913E+03  3.1060122E+20  4.5431923E-01  1.0000000E-99  1.0000000E-99
  992  7.7315990E+05  3.7483334E+00  2.9736919E+03  3.1045753E+20  4.5565928E-01  1.0000000E-99  1.0000000E-99
  993  7.7394005E+05  3.7521157E+00  2.9766925E+03  3.1031363E+20  4.5700317E-01  1.0000000E-99  1.0000000E-99
  994  7.7472020E+05  3.7558979E+00  2.9796931E+03  3.1016951E+20  4.5835091E-01  1.0000000E-99  1.0000000E-99
  995  7.7550036E+05  3.7596801E+00  2.9826937E+03  3.1002518E+20  4.5970250E-01  1.0000000E-99  1.0000000E-99
  996  7.7628051E+05  3.7634624E+00  2.9856943E+03  3.0988064E+20  4.6105797E-01  1.0000000E-99  1.0000000E-99
  997  7.7706066E+05  3.7672446E+00  2.9886949E+03  3.0973589E+20  4.6241733E-01  1.0000000E-99  1.0000000E-99
  998  7.7784082E+05  3.7710269E+00  2.9916955E+03  3.0959092E+20  4.6378060E-01  1.0000000E-99  1.0000000E-99
  999  7.7862097E+05  3.7748091E+00  2.9946960E+03  3.0944574E+20  4.6514779E-01  1.0000000E-99  1.0000000E-99
 1000  7.7940112E+05  3.7785913E+00  2.9976966E+03  3.0930035E+20  4.6651890E-01  1.0000000E-99  1.0000000E-99
 1001  7.8018128E+05  3.7823736E+00  3.0006972E+03  3.0915474E+20  4.6789397E-01  1.0000000E-99  1.0000000E-99
 1002  7.8096143E+05  3.7861558E+00  3.0036978E+03  3.0900892E+20  4.6927300E-01  1.0000000E-99  1.0000000E-99
 1003  7.8174158E+05  3.7899381E+00  3.0066984E+03  3.0886289E+20  4.7065602E-01  1.0000000E-99  1.0000000E-99
 1004  7.8252174E+05  3.7937203E+00  3.0096990E+03  3.0871663E+20  4.7204302E-01  1.0000000E-99  1.0000000E-99
 1005  7.8330189E+05  3.7975025E+00  3.0126996E+03  3.0857017E+20  4.7343404E-01  1.0000000E-99  1.0000000E-99
 1006  7.8408204E+05  3.8012848E+00  3.0157002E+03  3.0842348E+20  4.7482908E-01  1.0000000E-99  1.0000000E-99
 1007  7.8486220E+05  3.8050670E+00  3.0187008E+03  3.0827659E+20  4.7622816E-01  1.0000000E-99  1.0000000E-99
 1008  7.8564235E+05  3.8088492E+00  3.0217014E+03  3.0812947E+20  4.7763130E-01  1.0000000E-99  1.0000000E-99
 1009  7.8642250E+05  3.8126315E+00  3.0247019E+03  3.0798214E+20  4.7903850E-01  1.0000000E-99  1.0000000E-99
 1010  7.8720266E+05  3.8164137E+00  3.0277025E+03  3.0783459E+20  4.8044980E-01  1.0000000E-99  1.0000000E-99
 1011  7.8798281E+05  3.8201960E+00  3.0307031E+03  3.0768683E+20  4.8186520E-01  1.0000000E-99  1.0000000E-99
 1012  7.8876296E+05  3.8239782E+00  3.0337037E+03  3.0753884E+20  4.8328471E-01  1.0000000E-99  1.0000000E-99
 1013  7.8954312E+05  3.8277604E+00  3.0367043E+03  3.0739064E+20  4.8470836E-01  1.0000000E-99  1.0000000E-99
 1014  7.9032327E+05  3.8315427E+00  3.0397049E+03  3.0724223E+20  4.8613616E-01  1.0000000E-99  1.0000000E-99
 1015  7.9110342E+05  3.8353249E+00  3.0427055E+03  3.0709359E+20  4.8756813E-01  1.0000000E-99  1.0000000E-99
 1016  7.9188358E+05  3.8391071E+00  3.0457061E+03  3.0694473E+20  4.8900428E-01  1.0000000E-99  1.0000000E-99
 1017  7.9266373E+05  3.8428894E+00  3.0487067E+03  3.0679566E+20  4.9044463E-01  1.0000000E-99  1.0000000E-99
 1018  7.9344388E+05  3.8466716E+00  3.0517072E+03  3.0664636E+20  4.9188919E-01  1.0000000E-99  1.0000000E-99
 1019  7.9422404E+05  3.8504539E+00  3.0547078E+03  3.0649685E+20  4.9333799E-01  1.0000000E-99  1.0000000E-99
 1020  7.9500419E+05  3.8542361E+00  3.0577084E+03  3.0634712E+20  4.9479103E-01  1.0000000E-99  1.0000000E-99
 1021  7.9578434E+05  3.8580183E+00  3.0607090E+03  3.0619716E+20  4.9624834E-01  1.0000000E-99  1.0000000E-99
 1022  7.9656450E+05  3.8618006E+00  3.0637096E+03  3.0604699E+20  4.9770993E-01  1.0000000E-99  1.0000000E-99
 1023  7.9734465E+05  3.8655828E+00  3.0667102E+03  3.0589659E+20  4.9917582E-01  1.0000000E-99  1.0000000E-99
 1024  7.9812480E+05  3.8693651E+00  3.0697108E+03  3.0574597E+20  5.0064602E-01  1.0000000E-99  1.0000000E-99
 1025  7.9890496E+05  3.8731473E+00  3.0727114E+03  3.0559514E+20  5.0212056E-01  1.0000000E-99  1.0000000E-99
 1026  7.9968511E+05  3.8769295E+00  3.0757120E+03  3.0544408E+20  5.0359944E-01  1.0000000E-99  1.0000000E-99
 1027  8.0046526E+05  3.8807118E+00  3.0787126E+03  3.0529279E+20  5.0508269E-01  1.0000000E-99  1.0000000E-99
 1028  8.0124542E+05  3.8844940E+00  3.0817131E+03  3.0514129E+20  5.0657033E-01  1.0000000E-99  1.0000000E-99
 1029  8.0202557E+05  3.8882762E+00  3.0847137E+03  3.0498956E+20  5.0806236E-01  1.0000000E-99  1.0000000E-99
 1030  8.0280572E+05  3.8920585E+00  3.0877143E+03  3.0483761E+20  5.0955882E-01  1.0000000E-99  1.0000000E-99
 1031  8.0358588E+05  3.8958407E+00  3.0907149E+03  3.0468543E+20  5.1105970E-01  1.0000000E-99  1.0000000E-99
 1032  8.0436603E+05  3.8996230E+00  3.0937155E+03  3.0453303E+20  5.1256505E-01  1.0000000E-99  1.0000000E-99
 1033  8.0514618E+05  3.9034052E+00  3.0967161E+03  3.0438041E+20  5.1407486E-01  1.0000000E-99  1.0000000E-99
 1034  8.0592634E+05  3.9071874E+00  3.0997167E+03  3.0422756E+20  5.1558916E-01  1.0000000E-99  1.0000000E-99
 1035  8.0670649E+05  3.9109697E+00  3.1027173E+03  3.0407448E+20  5.1710797E-01  1.0000000E-99  1.0000000E-99
 1036  8.0748664E+05  3.9147519E+00  3.1057179E+03  3.0392119E+20  5.1863130E-01  1.0000000E-99  1.0000000E-99
 1037  8.0826680E+05  3.9185341E+00  3.1087185E+03  3.0376766E+20  5.2015918E-01  1.0000000E-99  1.0000000E-99
 1038  8.0904695E+05  3.9223164E+00  3.1117190E+03  3.0361391E+20  5.2169161E-01  1.0000000E-99  1.0000000E-99
 1039  8.0982710E+05  3.9260986E+00  3.1147196E+03  3.0345993E+20  5.2322863E-01  1.0000000E-99  1.0000000E-99
 1040  8.1060726E+05  3.9298809E+00  3.1177202E+03  3.0330573E+20  5.2477024E-01  1.0000000E-99  1.0000000E-99
 1041  8.1138741E+05  3.9336631E+00  3.1207208E+03  3.0315130E+20  5.2631647E-01  1.0000000E-99  1.0000000E-99
 1042  8.1216756E+05  3.9374453E+00  3.1237214E+03  3.0299664E+20  5.2786733E-01  1.0000000E-99  1.0000000E-99
 1043  8.1294772E+05  3.9412276E+00  3.1267220E+03  3.0284176E+20  5.2942285E-01  1.0000000E-99  1.0000000E-99
 1044  8.1372787E+05  3.9450098E+00  3.1297226E+03  3.0268664E+20  5.3098304E-01  1.0000000E-99  1.0000000E-99
 1045  8.1450802E+05  3.9487921E+00  3.1327232E+03  3.0253130E+20  5.3254792E-01  1.0000000E-99  1.0000000E-99
 1046  8.1528818E+05  3.9525743E+00  3.1357238E+03  3.0237573E+20  5.3411751E-01  1.0000000E-99  1.0000000E-99
 1047  8.1606833E+05  3.9563565E+00  3.1387244E+03  3.0221993E+20  5.3569183E-01  1.0000000E-99  1.0000000E-99
 1048  8.1684848E+05  3.9601388E+00  3.1417249E+03  3.0206390E+20  5.3727090E-01  1.0000000E-99  1.0000000E-99
 1049  8.1762864E+05  3.9639210E+00  3.1447255E+03  3.0190764E+20  5.3885474E-01  1.0000000E-99  1.0000000E-99
 1050  8.1840879E+05  3.9677032E+00  3.1477261E+03  3.0175115E+20  5.4044336E-01  1.0000000E-99  1.0000000E-99
 1051  8.1918894E+05  3.9714855E+00  3.1507267E+03  3.0159443E+20  5.4203679E-01  1.0000000E-99  1.0000000E-99
 1052  8.1996910E+05  3.9752677E+00  3.1537273E+03  3.0143748E+20  5.4363505E-01  1.0000000E-99  1.0000000E-99
 1053  8.2074925E+05  3.9790500E+00  3.1567279E+03  3.0128030E+20  5.4523815E-01  1.0000000E-99  1.0000000E-99
 1054  8.2152940E+05  3.9828322E+00  3.1597285E+03  3.0112288E+20  5.4684612E-01  1.0000000E-99  1.0000000E-99
 1055  8.2230956E+05  3.9866144E+00  3.1627291E+03  3.0096524E+20  5.4845898E-01  1.0000000E-99  1.0000000E-99
 1056  8.2308971E+05  3.9903967E+00  3.1657297E+03  3.0080736E+20  5.5007674E-01  1.0000000E-99  1.0000000E-99
 1057  8.2386986E+05  3.9941789E+00  3.1687302E+03  3.0064925E+20  5.5169943E-01  1.0000000E-99  1.0000000E-99
 1058  8.2465002E+05  3.9979611E+00  3.1717308E+03  3.0049090E+20  5.5332706E-01  1.0000000E-99  1.0000000E-99
 1059  8.2543017E+05  4.0017434E+00  3.1747314E+03  3.0033232E+20  5.5495967E-01  1.0000000E-99  1.0000000E-99
 1060  8.2621032E+05  4.0055256E+00  3.1777320E+03  3.0017351E+20  5.5659726E-01  1.0000000E-99  1.0000000E-99
 1061  8.2699048E+05  4.0093079E+00  3.1807326E+03  3.0001447E+20  5.5823986E-01  1.0000000E-99  1.0000000E-99
 1062  8.2777063E+05  4.0130901E+00  3.1837332E+03  2.9985519E+20  5.5988748E-01  1.0000000E-99  1.0000000E-99
 1063  8.2855078E+05  4.0168723E+00  3.1867338E+03  2.9969567E+20  5.6154016E-01  1.0000000E-99  1.0000000E-99
 1064  8.2933094E+05  4.0206546E+00  3.1897344E+03  2.9953592E+20  5.6319791E-01  1.0000000E-99  1.0000000E-99
 1065  8.3011109E+05  4.0244368E+00  3.1927350E+03  2.9937593E+20  5.6486075E-01  1.0000000E-99  1.0000000E-99
 1066  8.3089124E+05  4.0282191E+00  3.1957356E+03  2.9921571E+20  5.6652871E-01  1.0000000E-99  1.0000000E-99
 1067  8.3167140E+05  4.0320013E+00  3.1987361E+03  2.9905525E+20  5.6820180E-01  1.0000000E-99  1.0000000E-99
 1068  8.3245155E+05  4.0357835E+00  3.2017367E+03  2.9889456E+20  5.6988004E-01  1.0000000E-99  1.0000000E-99
 1069  8.3323170E+05  4.0395658E+00  3.2047373E+03  2.9873362E+20  5.7156347E-01  1.0000000E-99  1.0000000E-99
 1070  8.3401186E+05  4.0433480E+00  3.2077379E+03  2.9857245E+20  5.7325209E-01  1.0000000E-99  1.0000000E-99
 1071  8.3479201E+05  4.0471302E+00  3.2107385E+03  2.9841104E+20  5.7494594E-01  1.0000000E-99  1.0000000E-99
 1072  8.3557216E+05  4.0509125E+00  3.2137391E+03  2.9824940E+20  5.7664503E-01  1.0000000E-99  1.0000000E-99
 1073  8.3635232E+05  4.0546947E+00  3.2167397E+03  2.9808751E+20  5.7834939E-01  1.0000000E-99  1.0000000E-99
 1074  8.3713247E+05  4.0584770E+00  3.2197403E+03  2.9792538E+20  5.8005903E-01  1.0000000E-99  1.0000000E-99
 1075  8.3791262E+05  4.0622592E+00  3.2227409E+03  2.9776302E+20  5.8177399E-01  1.0000000E-99  1.0000000E-99
 1076  8.3869278E+05  4.0660414E+00  3.2257415E+03  2.9760041E+20  5.8349428E-01  1.0000000E-99  1.0000000E-99
 1077  8.3947293E+05  4.0698237E+00  3.2287420E+03  2.9743757E+20  5.8521992E-01  1.0000000E-99  1.0000000E-99
 1078  8.4025308E+05  4.0736059E+00  3.2317426E+03  2.9727448E+20  5.8695094E-01  1.0000000E-99  1.0000000E-99
 1079  8.4103324E+05  4.0773881E+00  3.2347432E+03  2.9711116E+20  5.8868737E-01  1.0000000E-99  1.0000000E-99
 1080  8.4181339E+05  4.0811704E+00  3.2377438E+03  2.9694759E+20  5.9042922E-01  1.0000000E-99  1.0000000E-99
 1081  8.4259354E+05  4.0849526E+00  3.2407444E+03  2.9678378E+20  5.9217652E-01  1.0000000E-99  1.0000000E-99
 1082  8.4337370E+05  4.0887349E+00  3.2437450E+03  2.9661973E+20  5.9392929E-01  1.0000000E-99  1.0000000E-99
 1083  8.4415385E+05  4.0925171E+00  3.2467456E+03  2.9645543E+20  5.9568755E-01  1.0000000E-99  1.0000000E-99
 1084  8.4493400E+05  4.0962993E+00  3.2497462E+03  2.9629089E+20  5.9745133E-01  1.0000000E-99  1.0000000E-99
 1085  8.4571416E+05  4.1000816E+00  3.2527468E+03  2.9612611E+20  5.9922065E-01  1.0000000E-99  1.0000000E-99
 1086  8.4649431E+05  4.1038638E+00  3.2557474E+03  2.9596108E+20  6.0099554E-01  1.0000000E-99  1.0000000E-99
 1087  8.4727446E+05  4.1076461E+00  3.2587479E+03  2.9579581E+20  6.0277602E-01  1.0000000E-99  1.0000000E-99
 1088  8.4805462E+05  4.1114283E+00  3.2617485E+03  2.9563030E+20  6.0456212E-01  1.0000000E-99  1.0000000E-99
 1089  8.4883477E+05  4.1152105E+00  3.2647491E+03  2.9546454E+20  6.0635385E-01  1.0000000E-99  1.0000000E-99
 1090  8.4961492E+05  4.1189928E+00  3.2677497E+03  2.9529853E+20  6.0815124E-01  1.0000000E-99  1.0000000E-99
 1091  8.5039508E+05  4.1227750E+00  3.2707503E+03  2.9513228E+20  6.0995432E-01  1.0000000E-99  1.0000000E-99
 1092  8.5117523E+05  4.1265572E+00  3.2737509E+03  2.9496578E+20  6.1176312E-01  1.0000000E-99  1.0000000E-99
 1093  8.5195538E+05  4.1303395E+00  3.2767515E+03  2.9479903E+20  6.1357765E-01  1.0000000E-99  1.0000000E-99
 1094  8.5273554E+05  4.1341217E+00  3.2797521E+03  2.9463204E+20  6.1539794E-01  1.0000000E-99  1.0000000E-99
 1095  8.5351569E+05  4.1379040E+00  3.2827527E+03  2.9446480E+20  6.1722402E-01  1.0000000E-99  1.0000000E-99
 1096  8.5429584E+05  4.1416862E+00  3.2857532E+03  2.9429731E+20  6.1905591E-01  1.0000000E-99  1.0000000E-99
 1097  8.5507600E+05  4.1454684E+00  3.2887538E+03  2.9412958E+20  6.2089364E-01  1.0000000E-99  1.0000000E-99
 1098  8.5585615E+05  4.1492507E+00  3.2917544E+03  2.9396159E+20  6.2273724E-01  1.0000000E-99  1.0000000E-99
 1099  8.5663630E+05  4.1530329E+00  3.2947550E+03  2.9379336E+20  6.2458672E-01  1.0000000E-99  1.0000000E-99
 1100  8.5741646E+05  4.1568151E+00  3.2977556E+03  2.9362487E+20  6.2644212E-01  1.0000000E-99  1.0000000E-99
 1101  8.5819661E+05  4.1605974E+00  3.3007562E+03  2.9345614E+20  6.2830346E-01  1.0000000E-99  1.0000000E-99
 1102  8.5897676E+05  4.1643796E+00  3.3037568E+03  2.9328715E+20  6.3017077E-01  1.0000000E-99  1.0000000E-99
 1103  8.5975692E+05  4.1681619E+00  3.3067574E+03  2.9311791E+20  6.3204407E-01  1.0000000E-99  1.0000000E-99
 1104  8.6053707E+05  4.1719441E+00  3.3097580E+03  2.9294842E+20  6.3392340E-01  1.0000000E-99  1.0000000E-99
 1105  8.6131722E+05  4.1757263E+00  3.3127586E+03  2.9277868E+20  6.3580877E-01  1.0000000E-99  1.0000000E-99
 1106  8.6209738E+05  4.1795086E+00  3.3157591E+03  2.9260869E+20  6.3770021E-01  1.0000000E-99  1.0000000E-99
 1107  8.6287753E+05  4.1832908E+00  3.3187597E+03  2.9243844E+20  6.3959776E-01  1.0000000E-99  1.0000000E-99
 1108  8.6365768E+05  4.1870731E+00  3.3217603E+03  2.9226794E+20  6.4150144E-01  1.0000000E-99  1.0000000E-99
 1109  8.6443784E+05  4.1908553E+00  3.3247609E+03  2.9209719E+20  6.4341127E-01  1.0000000E-99  1.0000000E-99
 1110  8.6521799E+05  4.1946375E+00  3.3277615E+03  2.9192618E+20  6.4532728E-01  1.0000000E-99  1.0000000E-99
 1111  8.6599814E+05  4.1984198E+00  3.3307621E+03  2.9175492E+20  6.4724951E-01  1.0000000E-99  1.0000000E-99
 1112  8.6677830E+05  4.2022020E+00  3.3337627E+03  2.9158341E+20  6.4917797E-01  1.0000000E-99  1.0000000E-99
 1113  8.6755845E+05  4.2059842E+00  3.3367633E+03  2.9141163E+20  6.5111271E-01  1.0000000E-99  1.0000000E-99
 1114  8.6833860E+05  4.2097665E+00  3.3397639E+03  2.9123960E+20  6.5305373E-01  1.0000000E-99  1.0000000E-99
 1115  8.6911876E+05  4.2135487E+00  3.3427645E+03  2.9106732E+20  6.5500109E-01  1.0000000E-99  1.0000000E-99
 1116  8.6989891E+05  4.2173310E+00  3.3457650E+03  2.9089478E+20  6.5695479E-01  1.0000000E-99  1.0000000E-99
 1117  8.7067906E+05  4.2211132E+00  3.3487656E+03  2.9072198E+20  6.5891488E-01  1.0000000E-99  1.0000000E-99
 1118  8.7145922E+05  4.2248954E+00  3.3517662E+03  2.9054892E+20  6.6088137E-01  1.0000000E-99  1.0000000E-99
 1119  8.7223937E+05  4.2286777E+00  3.3547668E+03  2.9037561E+20  6.6285431E-01  1.0000000E-99  1.0000000E-99
 1120  8.7301952E+05  4.2324599E+00  3.3577674E+03  2.9020203E+20  6.6483371E-01  1.0000000E-99  1.0000000E-99
 1121  8.7379968E+05  4.2362421E+00  3.3607680E+03  2.9002820E+20  6.6681961E-01  1.0000000E-99  1.0000000E-99
 1122  8.7457983E+05  4.2400244E+00  3.3637686E+03  2.8985411E+20  6.6881204E-01  1.0000000E-99  1.0000000E-99
 1123  8.7535998E+05  4.2438066E+00  3.3667692E+03  2.8967975E+20  6.7081103E-01  1.0000000E-99  1.0000000E-99
 1124  8.7614014E+05  4.2475889E+00  3.3697698E+03  2.8950514E+20  6.7281660E-01  1.0000000E-99  1.0000000E-99
 1125  8.7692029E+05  4.2513711E+00  3.3727704E+03  2.8933027E+20  6.7482879E-01  1.0000000E-99  1.0000000E-99
 1126  8.7770044E+05  4.2551533E+00  3.3757709E+03  2.8915513E+20  6.7684763E-01  1.0000000E-99  1.0000000E-99
 1127  8.7848060E+05  4.2589356E+00  3.3787715E+03  2.8897973E+20  6.7887315E-01  1.0000000E-99  1.0000000E-99
 1128  8.7926075E+05  4.2627178E+00  3.3817721E+03  2.8880407E+20  6.8090538E-01  1.0000000E-99  1.0000000E-99
 1129  8.8004090E+05  4.2665001E+00  3.3847727E+03  2.8862815E+20  6.8294435E-01  1.0000000E-99  1.0000000E-99
 1130  8.8082106E+05  4.2702823E+00  3.3877733E+03  2.8845196E+20  6.8499009E-01  1.0000000E-99  1.0000000E-99
 1131  8.8160121E+05  4.2740645E+00  3.3907739E+03  2.8827551E+20  6.8704263E-01  1.0000000E-99  1.0000000E-99
 1132  8.8238136E+05  4.2778468E+00  3.3937745E+03  2.8809879E+20  6.8910201E-01  1.0000000E-99  1.0000000E-99
 1133  8.8316152E+05  4.2816290E+00  3.3967751E+03  2.8792181E+20  6.9116825E-01  1.0000000E-99  1.0000000E-99
 1134  8.8394167E+05  4.2854112E+00  3.3997757E+03  2.8774457E+20  6.9324139E-01  1.0000000E-99  1.0000000E-99
 1135  8.8472182E+05  4.2891935E+00  3.4027762E+03  2.8756706E+20  6.9532146E-01  1.0000000E-99  1.0000000E-99
 1136  8.8550198E+05  4.2929757E+00  3.4057768E+03  2.8738928E+20  6.9740850E-01  1.0000000E-99  1.0000000E-99
 1137  8.8628213E+05  4.2967580E+00  3.4087774E+03  2.8721123E+20  6.9950253E-01  1.0000000E-99  1.0000000E-99
 1138  8.8706228E+05  4.3005402E+00  3.4117780E+03  2.8703292E+20  7.0160359E-01  1.0000000E-99  1.0000000E-99
 1139  8.8784244E+05  4.3043224E+00  3.4147786E+03  2.8685434E+20  7.0371171E-01  1.0000000E-99  1.0000000E-99
 1140  8.8862259E+05  4.3081047E+00  3.4177792E+03  2.8667549E+20  7.0582692E-01  1.0000000E-99  1.0000000E-99
 1141  8.8940274E+05  4.3118869E+00  3.4207798E+03  2.8649637E+20  7.0794926E-01  1.0000000E-99  1.0000000E-99
 1142  8.9018290E+05  4.3156691E+00  3.4237804E+03  2.8631699E+20  7.1007876E-01  1.0000000E-99  1.0000000E-99
 1143  8.9096305E+05  4.3194514E+00  3.4267810E+03  2.8613733E+20  7.1221546E-01  1.0000000E-99  1.0000000E-99
 1144  8.9174320E+05  4.3232336E+00  3.4297816E+03  2.8595740E+20  7.1435939E-01  1.0000000E-99  1.0000000E-99
 1145  8.9252336E+05  4.3270159E+00  3.4327821E+03  2.8577720E+20  7.1651058E-01  1.0000000E-99  1.0000000E-99
 1146  8.9330351E+05  4.3307981E+00  3.4357827E+03  2.8559673E+20  7.1866906E-01  1.0000000E-99  1.0000000E-99
 1147  8.9408366E+05  4.3345803E+00  3.4387833E+03  2.8541599E+20  7.2083488E-01  1.0000000E-99  1.0000000E-99
 1148  8.9486382E+05  4.3383626E+00  3.4417839E+03  2.8523498E+20  7.2300807E-01  1.0000000E-99  1.0000000E-99
 1149  8.9564397E+05  4.3421448E+00  3.4447845E+03  2.8505369E+20  7.2518866E-01  1.0000000E-99  1.0000000E-99
 1150  8.9642412E+05  4.3459271E+00  3.4477851E+03  2.8487213E+20  7.2737669E-01  1.0000000E-99  1.0000000E-99
 1151  8.9720428E+05  4.3497093E+00  3.4507857E+03  2.8469030E+20  7.2957219E-01  1.0000000E-99  1.0000000E-99
 1152  8.9798443E+05  4.3534915E+00  3.4537863E+03  2.8450819E+20  7.3177520E-01  1.0000000E-99  1.0000000E-99
 1153  8.9876458E+05  4.3572738E+00  3.4567869E+03  2.8432580E+20  7.3398576E-01  1.0000000E-99  1.0000000E-99
 1154  8.9954474E+05  4.3610560E+00  3.4597875E+03  2.8414314E+20  7.3620390E-01  1.0000000E-99  1.0000000E-99
 1155  9.0032489E+05  4.3648382E+00  3.4627880E+03  2.8396021E+20  7.3842966E-01  1.0000000E-99  1.0000000E-99
 1156  9.0110504E+05  4.3686205E+00  3.4657886E+03  2.8377699E+20  7.4066307E-01  1.0000000E-99  1.0000000E-99
 1157  9.0188520E+05  4.3724027E+00  3.4687892E+03  2.8359350E+20  7.4290417E-01  1.0000000E-99  1.0000000E-99
 1158  9.0266535E+05  4.3761850E+00  3.4717898E+03  2.8340974E+20  7.4515301E-01  1.0000000E-99  1.0000000E-99
 1159  9.0344550E+05  4.3799672E+00  3.4747904E+03  2.8322569E+20  7.4740961E-01  1.0000000E-99  1.0000000E-99
 1160  9.0422566E+05  4.3837494E+00  3.4777910E+03  2.8304137E+20  7.4967401E-01  1.0000000E-99  1.0000000E-99
 1161  9.0500581E+05  4.3875317E+00  3.4807916E+03  2.8285676E+20  7.5194626E-01  1.0000000E-99  1.0000000E-99
 1162  9.0578596E+05  4.3913139E+00  3.4837922E+03  2.8267188E+20  7.5422639E-01  1.0000000E-99  1.0000000E-99
 1163  9.0656612E+05  4.3950961E+00  3.4867928E+03  2.8248671E+20  7.5651444E-01  1.0000000E-99  1.0000000E-99
 1164  9.0734627E+05  4.3988784E+00  3.4897934E+03  2.8230127E+20  7.5881045E-01  1.0000000E-99  1.0000000E-99
 1165  9.0812642E+05  4.4026606E+00  3.4927939E+03  2.8211554E+20  7.6111445E-01  1.0000000E-99  1.0000000E-99
 1166  9.0890658E+05  4.4064429E+00  3.4957945E+03  2.8192953E+20  7.6342649E-01  1.0000000E-99  1.0000000E-99
 1167  9.0968673E+05  4.4102251E+00  3.4987951E+03  2.8174324E+20  7.6574661E-01  1.0000000E-99  1.0000000E-99
 1168  9.1046688E+05  4.4140073E+00  3.5017957E+03  2.8155666E+20  7.6807484E-01  1.0000000E-99  1.0000000E-99
 1169  9.1124704E+05  4.4177896E+00  3.5047963E+03  2.8136981E+20  7.7041123E-01  1.0000000E-99  1.0000000E-99
 1170  9.1202719E+05  4.4215718E+00  3.5077969E+03  2.8118266E+20  7.7275582E-01  1.0000000E-99  1.0000000E-99
 1171  9.1280734E+05  4.4253541E+00  3.5107975E+03  2.8099523E+20  7.7510864E-01  1.0000000E-99  1.0000000E-99
 1172  9.1358750E+05  4.4291363E+00  3.5137981E+03  2.8080752E+20  7.7746974E-01  1.0000000E-99  1.0000000E-99
 1173  9.1436765E+05  4.4329185E+00  3.5167987E+03  2.8061952E+20  7.7983916E-01  1.0000000E-99  1.0000000E-99
 1174  9.1514780E+05  4.4367008E+00  3.5197992E+03  2.8043123E+20  7.8221694E-01  1.0000000E-99  1.0000000E-99
 1175  9.1592796E+05  4.4404830E+00  3.5227998E+03  2.8024266E+20  7.8460312E-01  1.0000000E-99  1.0000000E-99
 1176  9.1670811E+05  4.4442652E+00  3.5258004E+03  2.8005380E+20  7.8699774E-01  1.0000000E-99  1.0000000E-99
 1177  9.1748826E+05  4.4480475E+00  3.5288010E+03  2.7986465E+20  7.8940085E-01  1.0000000E-99  1.0000000E-99
 1178  9.1826842E+05  4.4518297E+00  3.5318016E+03  2.7967521E+20  7.9181249E-01  1.0000000E-99  1.0000000E-99
 1179  9.1904857E+05  4.4556120E+00  3.5348022E+03  2.7948548E+20  7.9423271E-01  1.0000000E-99  1.0000000E-99
 1180  9.1982872E+05  4.4593942E+00  3.5378028E+03  2.7929546E+20  7.9666153E-01  1.0000000E-99  1.0000000E-99
 1181  9.2060888E+05  4.4631764E+00  3.5408034E+03  2.7910515E+20  7.9909902E-01  1.0000000E-99  1.0000000E-99
 1182  9.2138903E+05  4.4669587E+00  3.5438040E+03  2.7891455E+20  8.0154521E-01  1.0000000E-99  1.0000000E-99
 1183  9.2216918E+05  4.4707409E+00  3.5468046E+03  2.7872366E+20  8.0400014E-01  1.0000000E-99  1.0000000E-99
 1184  9.2294934E+05  4.4745231E+00  3.5498051E+03  2.7853247E+20  8.0646387E-01  1.0000000E-99  1.0000000E-99
 1185  9.2372949E+05  4.4783054E+00  3.5528057E+03  2.7834099E+20  8.0893642E-01  1.0000000E-99  1.0000000E-99
 1186  9.2450964E+05  4.4820876E+00  3.5558063E+03  2.7814922E+20  8.1141786E-01  1.0000000E-99  1.0000000E-99
 1187  9.2528980E+05  4.4858699E+00  3.5588069E+03  2.7795715E+20  8.1390823E-01  1.0000000E-99  1.0000000E-99
 1188  9.2606995E+05  4.4896521E+00  3.5618075E+03  2.7776479E+20  8.1640756E-01  1.0000000E-99  1.0000000E-99
 1189  9.2685010E+05  4.4934343E+00  3.5648081E+03  2.7757213E+20  8.1891591E-01  1.0000000E-99  1.0000000E-99
 1190  9.2763026E+05  4.4972166E+00  3.5678087E+03  2.7737918E+20  8.2143333E-01  1.0000000E-99  1.0000000E-99
 1191  9.2841041E+05  4.5009988E+00  3.5708093E+03  2.7718593E+20  8.2395985E-01  1.0000000E-99  1.0000000E-99
 1192  9.2919056E+05  4.5047811E+00  3.5738099E+03  2.7699238E+20  8.2649553E-01  1.0000000E-99  1.0000000E-99
 1193  9.2997072E+05  4.5085633E+00  3.5768105E+03  2.7679854E+20  8.2904042E-01  1.0000000E-99  1.0000000E-99
 1194  9.3075087E+05  4.5123455E+00  3.5798110E+03  2.7660439E+20  8.3159455E-01  1.0000000E-99  1.0000000E-99
 1195  9.3153102E+05  4.5161278E+00  3.5828116E+03  2.7640995E+20  8.3415798E-01  1.0000000E-99  1.0000000E-99
 1196  9.3231118E+05  4.5199100E+00  3.5858122E+03  2.7621520E+20  8.3673076E-01  1.0000000E-99  1.0000000E-99
 1197  9.3309133E+05  4.5236922E+00  3.5888128E+03  2.7602016E+20  8.3931294E-01  1.0000000E-99  1.0000000E-99
 1198  9.3387148E+05  4.5274745E+00  3.5918134E+03  2.7582481E+20  8.4190456E-01  1.0000000E-99  1.0000000E-99
 1199  9.3465164E+05  4.5312567E+00  3.5948140E+03  2.7562916E+20  8.4450567E-01  1.0000000E-99  1.0000000E-99
 1200  9.3543179E+05  4.5350390E+00  3.5978146E+03  2.7543321E+20  8.4711632E-01  1.0000000E-99  1.0000000E-99
 1201  9.3621194E+05  4.5388212E+00  3.6008152E+03  2.7523696E+20  8.4973657E-01  1.0000000E-99  1.0000000E-99
 1202  9.3699210E+05  4.5426034E+00  3.6038158E+03  2.7504040E+20  8.5236646E-01  1.0000000E-99  1.0000000E-99
 1203  9.3777225E+05  4.5463857E+00  3.6068164E+03  2.7484354E+20  8.5500604E-01  1.0000000E-99  1.0000000E-99
 1204  9.3855240E+05  4.5501679E+00  3.6098169E+03  2.7464637E+20  8.5765537E-01  1.0000000E-99  1.0000000E-99
 1205  9.3933256E+05  4.5539501E+00  3.6128175E+03  2.7444890E+20  8.6031450E-01  1.0000000E-99  1.0000000E-99
 1206  9.4011271E+05  4.5577324E+00  3.6158181E+03  2.7425112E+20  8.6298347E-01  1.0000000E-99  1.0000000E-99
 1207  9.4089286E+05  4.5615146E+00  3.6188187E+03  2.7405304E+20  8.6566234E-01  1.0000000E-99  1.0000000E-99
 1208  9.4167302E+05  4.5652969E+00  3.6218193E+03  2.7385464E+20  8.6835116E-01  1.0000000E-99  1.0000000E-99
 1209  9.4245317E+05  4.5690791E+00  3.6248199E+03  2.7365594E+20  8.7104998E-01  1.0000000E-99  1.0000000E-99
 1210  9.4323332E+05  4.5728613E+00  3.6278205E+03  2.7345693E+20  8.7375887E-01  1.0000000E-99  1.0000000E-99
 1211  9.4401348E+05  4.5766436E+00  3.6308211E+03  2.7325761E+20  8.7647786E-01  1.0000000E-99  1.0000000E-99
 1212  9.4479363E+05  4.5804258E+00  3.6338217E+03  2.7305797E+20  8.7920702E-01  1.0000000E-99  1.0000000E-99
 1213  9.4557378E+05  4.5842081E+00  3.6368222E+03  2.7285803E+20  8.8194640E-01  1.0000000E-99  1.0000000E-99
 1214  9.4635394E+05  4.5879903E+00  3.6398228E+03  2.7265778E+20  8.8469605E-01  1.0000000E-99  1.0000000E-99
 1215  9.4713409E+05  4.5917725E+00  3.6428234E+03  2.7245721E+20  8.8745603E-01  1.0000000E-99  1.0000000E-99
 1216  9.4791424E+05  4.5955548E+00  3.6458240E+03  2.7225633E+20  8.9022640E-01  1.0000000E-99  1.0000000E-99
 1217  9.4869440E+05  4.5993370E+00  3.6488246E+03  2.7205513E+20  8.9300720E-01  1.0000000E-99  1.0000000E-99
 1218  9.4947455E+05  4.6031192E+00  3.6518252E+03  2.7185362E+20  8.9579851E-01  1.0000000E-99  1.0000000E-99
 1219  9.5025470E+05  4.6069015E+00  3.6548258E+03  2.7165180E+20  8.9860036E-01  1.0000000E-99  1.0000000E-99
 1220  9.5103486E+05  4.6106837E+00  3.6578264E+03  2.7144966E+20  9.0141283E-01  1.0000000E-99  1.0000000E-99
 1221  9.5181501E+05  4.6144660E+00  3.6608270E+03  2.7124720E+20  9.0423596E-01  1.0000000E-99  1.0000000E-99
 1222  9.5259516E+05  4.6182482E+00  3.6638276E+03  2.7104443E+20  9.0706982E-01  1.0000000E-99  1.0000000E-99
 1223  9.5337532E+05  4.6220304E+00  3.6668281E+03  2.7084133E+20  9.0991447E-01  1.0000000E-99  1.0000000E-99
 1224  9.5415547E+05  4.6258127E+00  3.6698287E+03  2.7063792E+20  9.1276995E-01  1.0000000E-99  1.0000000E-99
 1225  9.5493562E+05  4.6295949E+00  3.6728293E+03  2.7043419E+20  9.1563634E-01  1.0000000E-99  1.0000000E-99
 1226  9.5571578E+05  4.6333771E+00  3.6758299E+03  2.7023014E+20  9.1851369E-01  1.0000000E-99  1.0000000E-99
 1227  9.5649593E+05  4.6371594E+00  3.6788305E+03  2.7002577E+20  9.2140207E-01  1.0000000E-99  1.0000000E-99
 1228  9.5727608E+05  4.6409416E+00  3.6818311E+03  2.6982107E+20  9.2430152E-01  1.0000000E-99  1.0000000E-99
 1229  9.5805624E+05  4.6447239E+00  3.6848317E+03  2.6961606E+20  9.2721212E-01  1.0000000E-99  1.0000000E-99
 1230  9.5883639E+05  4.6485061E+00  3.6878323E+03  2.6941072E+20  9.3013393E-01  1.0000000E-99  1.0000000E-99
 1231  9.5961654E+05  4.6522883E+00  3.6908329E+03  2.6920505E+20  9.3306700E-01  1.0000000E-99  1.0000000E-99
 1232  9.6039670E+05  4.6560706E+00  3.6938335E+03  2.6899906E+20  9.3601140E-01  1.0000000E-99  1.0000000E-99
 1233  9.6117685E+05  4.6598528E+00  3.6968340E+03  2.6879275E+20  9.3896719E-01  1.0000000E-99  1.0000000E-99
 1234  9.6195700E+05  4.6636351E+00  3.6998346E+03  2.6858611E+20  9.4193444E-01  1.0000000E-99  1.0000000E-99
 1235  9.6273716E+05  4.6674173E+00  3.7028352E+03  2.6837914E+20  9.4491320E-01  1.0000000E-99  1.0000000E-99
 1236  9.6351731E+05  4.6711995E+00  3.7058358E+03  2.6817185E+20  9.4790355E-01  1.0000000E-99  1.0000000E-99
 1237  9.6429746E+05  4.6749818E+00  3.7088364E+03  2.6796422E+20  9.5090555E-01  1.0000000E-99  1.0000000E-99
 1238  9.6507762E+05  4.6787640E+00  3.7118370E+03  2.6775627E+20  9.5391926E-01  1.0000000E-99  1.0000000E-99
 1239  9.6585777E+05  4.6825462E+00  3.7148376E+03  2.6754799E+20  9.5694475E-01  1.0000000E-99  1.0000000E-99
 1240  9.6663792E+05  4.6863285E+00  3.7178382E+03  2.6733937E+20  9.5998208E-01  1.0000000E-99  1.0000000E-99
 1241  9.6741808E+05  4.6901107E+00  3.7208388E+03  2.6713043E+20  9.6303133E-01  1.0000000E-99  1.0000000E-99
 1242  9.6819823E+05  4.6938930E+00  3.7238394E+03  2.6692115E+20  9.6609256E-01  1.0000000E-99  1.0000000E-99
 1243  9.6897838E+05  4.6976752E+00  3.7268399E+03  2.6671154E+20  9.6916583E-01  1.0000000E-99  1.0000000E-99
 1244  9.6975854E+05  4.7014574E+00  3.7298405E+03  2.6650160E+20  9.7225122E-01  1.0000000E-99  1.0000000E-99
 1245  9.7053869E+05  4.7052397E+00  3.7328411E+03  2.6629132E+20  9.7534879E-01  1.0000000E-99  1.0000000E-99
 1246  9.7131884E+05  4.7090219E+00  3.7358417E+03  2.6608070E+20  9.7845861E-01  1.0000000E-99  1.0000000E-99
 1247  9.7209900E+05  4.7128041E+00  3.7388423E+03  2.6586975E+20  9.8158076E-01  1.0000000E-99  1.0000000E-99
 1248  9.7287915E+05  4.7165864E+00  3.7418429E+03  2.6565846E+20  9.8471530E-01  1.0000000E-99  1.0000000E-99
 1249  9.7365930E+05  4.7203686E+00  3.7448435E+03  2.6544684E+20  9.8786230E-01  1.0000000E-99  1.0000000E-99
 1250  9.7443946E+05  4.7241509E+00  3.7478441E+03  2.6523487E+20  9.9102184E-01  1.0000000E-99  1.0000000E-99
 1251  9.7521961E+05  4.7279331E+00  3.7508447E+03  2.6502257E+20  9.9419399E-01  1.0000000E-99  1.0000000E-99
 1252  9.7599976E+05  4.7317153E+00  3.7538452E+03  2.6480992E+20  9.9737881E-01  1.0000000E-99  1.0000000E-99
 1253  9.7677992E+05  4.7354976E+00  3.7568458E+03  2.6459694E+20  1.0005764E+00  1.0000000E-99  1.0000000E-99
 1254  9.7756007E+05  4.7392798E+00  3.7598464E+03  2.6438361E+20  1.0037868E+00  1.0000000E-99  1.0000000E-99
 1255  9.7834022E+05  4.7430621E+00  3.7628470E+03  2.6416994E+20  1.0070101E+00  1.0000000E-99  1.0000000E-99
 1256  9.7912038E+05  4.7468443E+00  3.7658476E+03  2.6395593E+20  1.0102464E+00  1.0000000E-99  1.0000000E-99
 1257  9.7990053E+05  4.7506265E+00  3.7688482E+03  2.6374157E+20  1.0134957E+00  1.0000000E-99  1.0000000E-99
 1258  9.8068068E+05  4.7544088E+00  3.7718488E+03  2.6352686E+20  1.0167582E+00  1.0000000E-99  1.0000000E-99
 1259  9.8146084E+05  4.7581910E+00  3.7748494E+03  2.6331181E+20  1.0200339E+00  1.0000000E-99  1.0000000E-99
 1260  9.8224099E+05  4.7619732E+00  3.7778500E+03  2.6309642E+20  1.0233228E+00  1.0000000E-99  1.0000000E-99
 1261  9.8302114E+05  4.7657555E+00  3.7808506E+03  2.6288067E+20  1.0266251E+00  1.0000000E-99  1.0000000E-99
 1262  9.8380130E+05  4.7695377E+00  3.7838511E+03  2.6266458E+20  1.0299408E+00  1.0000000E-99  1.0000000E-99
 1263  9.8458145E+05  4.7733200E+00  3.7868517E+03  2.6244814E+20  1.0332701E+00  1.0000000E-99  1.0000000E-99
 1264  9.8536160E+05  4.7771022E+00  3.7898523E+03  2.6223134E+20  1.0366130E+00  1.0000000E-99  1.0000000E-99
 1265  9.8614176E+05  4.7808844E+00  3.7928529E+03  2.6201420E+20  1.0399695E+00  1.0000000E-99  1.0000000E-99
 1266  9.8692191E+05  4.7846667E+00  3.7958535E+03  2.6179670E+20  1.0433398E+00  1.0000000E-99  1.0000000E-99
 1267  9.8770206E+05  4.7884489E+00  3.7988541E+03  2.6157885E+20  1.0467239E+00  1.0000000E-99  1.0000000E-99
 1268  9.8848222E+05  4.7922311E+00  3.8018547E+03  2.6136065E+20  1.0501219E+00  1.0000000E-99  1.0000000E-99
 1269  9.8926237E+05  4.7960134E+00  3.8048553E+03  2.6114209E+20  1.0535340E+00  1.0000000E-99  1.0000000E-99
 1270  9.9004252E+05  4.7997956E+00  3.8078559E+03  2.6092317E+20  1.0569601E+00  1.0000000E-99  1.0000000E-99
 1271  9.9082268E+05  4.8035779E+00  3.8108565E+03  2.6070390E+20  1.0604004E+00  1.0000000E-99  1.0000000E-99
 1272  9.9160283E+05  4.8073601E+00  3.8138570E+03  2.6048427E+20  1.0638550E+00  1.0000000E-99  1.0000000E-99
 1273  9.9238298E+05  4.8111423E+00  3.8168576E+03  2.6026429E+20  1.0673239E+00  1.0000000E-99  1.0000000E-99
 1274  9.9316314E+05  4.8149246E+00  3.8198582E+03  2.6004394E+20  1.0708072E+00  1.0000000E-99  1.0000000E-99
 1275  9.9394329E+05  4.8187068E+00  3.8228588E+03  2.5982323E+20  1.0743051E+00  1.0000000E-99  1.0000000E-99
 1276  9.9472344E+05  4.8224891E+00  3.8258594E+03  2.5960217E+20  1.0778175E+00  1.0000000E-99  1.0000000E-99
 1277  9.9550360E+05  4.8262713E+00  3.8288600E+03  2.5938074E+20  1.0813447E+00  1.0000000E-99  1.0000000E-99
 1278  9.9628375E+05  4.8300535E+00  3.8318606E+03  2.5915894E+20  1.0848866E+00  1.0000000E-99  1.0000000E-99
 1279  9.9706390E+05  4.8338358E+00  3.8348612E+03  2.5893679E+20  1.0884434E+00  1.0000000E-99  1.0000000E-99
 1280  9.9784406E+05  4.8376180E+00  3.8378618E+03  2.5871427E+20  1.0920151E+00  1.0000000E-99  1.0000000E-99
 1281  9.9862421E+05  4.8414002E+00  3.8408624E+03  2.5849138E+20  1.0956019E+00  1.0000000E-99  1.0000000E-99
 1282  9.9940436E+05  4.8451825E+00  3.8438629E+03  2.5826812E+20  1.0992039E+00  1.0000000E-99  1.0000000E-99
 1283  1.0001845E+06  4.8489647E+00  3.8468635E+03  2.5804450E+20  1.1028211E+00  1.0000000E-99  1.0000000E-99
 1284  1.0009647E+06  4.8527470E+00  3.8498641E+03  2.5782051E+20  1.1064536E+00  1.0000000E-99  1.0000000E-99
 1285  1.0017448E+06  4.8565292E+00  3.8528647E+03  2.5759615E+20  1.1101015E+00  1.0000000E-99  1.0000000E-99
 1286  1.0025250E+06  4.8603114E+00  3.8558653E+03  2.5737142E+20  1.1137650E+00  1.0000000E-99  1.0000000E-99
 1287  1.0033051E+06  4.8640937E+00  3.8588659E+03  2.5714632E+20  1.1174441E+00  1.0000000E-99  1.0000000E-99
 1288  1.0040853E+06  4.8678759E+00  3.8618665E+03  2.5692084E+20  1.1211388E+00  1.0000000E-99  1.0000000E-99
 1289  1.0048654E+06  4.8716581E+00  3.8648671E+03  2.5669499E+20  1.1248494E+00  1.0000000E-99  1.0000000E-99
 1290  1.0056456E+06  4.8754404E+00  3.8678677E+03  2.5646877E+20  1.1285759E+00  1.0000000E-99  1.0000000E-99
 1291  1.0064257E+06  4.8792226E+00  3.8708682E+03  2.5624217E+20  1.1323184E+00  1.0000000E-99  1.0000000E-99
 1292  1.0072059E+06  4.8830049E+00  3.8738688E+03  2.5601520E+20  1.1360771E+00  1.0000000E-99  1.0000000E-99
 1293  1.0079861E+06  4.8867871E+00  3.8768694E+03  2.5578784E+20  1.1398519E+00  1.0000000E-99  1.0000000E-99
 1294  1.0087662E+06  4.8905693E+00  3.8798700E+03  2.5556011E+20  1.1436430E+00  1.0000000E-99  1.0000000E-99
 1295  1.0095464E+06  4.8943516E+00  3.8828706E+03  2.5533200E+20  1.1474506E+00  1.0000000E-99  1.0000000E-99
 1296  1.0103265E+06  4.8981338E+00  3.8858712E+03  2.5510351E+20  1.1512746E+00  1.0000000E-99  1.0000000E-99
 1297  1.0111067E+06  4.9019161E+00  3.8888718E+03  2.5487464E+20  1.1551153E+00  1.0000000E-99  1.0000000E-99
 1298  1.0118868E+06  4.9056983E+00  3.8918724E+03  2.5464538E+20  1.1589727E+00  1.0000000E-99  1.0000000E-99
 1299  1.0126670E+06  4.9094805E+00  3.8948730E+03  2.5441574E+20  1.1628469E+00  1.0000000E-99  1.0000000E-99
 1300  1.0134471E+06  4.9132628E+00  3.8978736E+03  2.5418572E+20  1.1667381E+00  1.0000000E-99  1.0000000E-99
 1301  1.0142273E+06  4.9170450E+00  3.9008741E+03  2.5395531E+20  1.1706463E+00  1.0000000E-99  1.0000000E-99
 1302  1.0150074E+06  4.9208272E+00  3.9038747E+03  2.5372451E+20  1.1745717E+00  1.0000000E-99  1.0000000E-99
 1303  1.0157876E+06  4.9246095E+00  3.9068753E+03  2.5349333E+20  1.1785143E+00  1.0000000E-99  1.0000000E-99
 1304  1.0165677E+06  4.9283917E+00  3.9098759E+03  2.5326175E+20  1.1824743E+00  1.0000000E-99  1.0000000E-99
 1305  1.0173479E+06  4.9321740E+00  3.9128765E+03  2.5302979E+20  1.1864518E+00  1.0000000E-99  1.0000000E-99
 1306  1.0181280E+06  4.9359562E+00  3.9158771E+03  2.5279744E+20  1.1904469E+00  1.0000000E-99  1.0000000E-99
 1307  1.0189082E+06  4.9397384E+00  3.9188777E+03  2.5256469E+20  1.1944597E+00  1.0000000E-99  1.0000000E-99
 1308  1.0196884E+06  4.9435207E+00  3.9218783E+03  2.5233155E+20  1.1984903E+00  1.0000000E-99  1.0000000E-99
 1309  1.0204685E+06  4.9473029E+00  3.9248789E+03  2.5209802E+20  1.2025389E+00  1.0000000E-99  1.0000000E-99
 1310  1.0212487E+06  4.9510852E+00  3.9278795E+03  2.5186409E+20  1.2066055E+00  1.0000000E-99  1.0000000E-99
 1311  1.0220288E+06  4.9548674E+00  3.9308800E+03  2.5162976E+20  1.2106903E+00  1.0000000E-99  1.0000000E-99
 1312  1.0228090E+06  4.9586496E+00  3.9338806E+03  2.5139504E+20  1.2147934E+00  1.0000000E-99  1.0000000E-99
 1313  1.0235891E+06  4.9624319E+00  3.9368812E+03  2.5115991E+20  1.2189149E+00  1.0000000E-99  1.0000000E-99
 1314  1.0243693E+06  4.9662141E+00  3.9398818E+03  2.5092439E+20  1.2230549E+00  1.0000000E-99  1.0000000E-99
 1315  1.0251494E+06  4.9699963E+00  3.9428824E+03  2.5068847E+20  1.2272136E+00  1.0000000E-99  1.0000000E-99
 1316  1.0259296E+06  4.9737786E+00  3.9458830E+03  2.5045214E+20  1.2313911E+00  1.0000000E-99  1.0000000E-99
 1317  1.0267097E+06  4.9775608E+00  3.9488836E+03  2.5021542E+20  1.2355875E+00  1.0000000E-99  1.0000000E-99
 1318  1.0274899E+06  4.9813431E+00  3.9518842E+03  2.4997828E+20  1.2398029E+00  1.0000000E-99  1.0000000E-99
 1319  1.0282700E+06  4.9851253E+00  3.9548848E+03  2.4974075E+20  1.2440375E+00  1.0000000E-99  1.0000000E-99
 1320  1.0290502E+06  4.9889075E+00  3.9578854E+03  2.4950280E+20  1.2482913E+00  1.0000000E-99  1.0000000E-99
 1321  1.0298303E+06  4.9926898E+00  3.9608859E+03  2.4926445E+20  1.2525646E+00  1.0000000E-99  1.0000000E-99
 1322  1.0306105E+06  4.9964720E+00  3.9638865E+03  2.4902569E+20  1.2568573E+00  1.0000000E-99  1.0000000E-99
 1323  1.0313907E+06  5.0002542E+00  3.9668871E+03  2.4878651E+20  1.2611698E+00  1.0000000E-99  1.0000000E-99
 1324  1.0321708E+06  5.0040365E+00  3.9698877E+03  2.4854693E+20  1.2655021E+00  1.0000000E-99  1.0000000E-99
 1325  1.0329510E+06  5.0078187E+00  3.9728883E+03  2.4830693E+20  1.2698542E+00  1.0000000E-99  1.0000000E-99
 1326  1.0337311E+06  5.0116010E+00  3.9758889E+03  2.4806652E+20  1.2742265E+00  1.0000000E-99  1.0000000E-99
 1327  1.0345113E+06  5.0153832E+00  3.9788895E+03  2.4782570E+20  1.2786190E+00  1.0000000E-99  1.0000000E-99
 1328  1.0352914E+06  5.0191654E+00  3.9818901E+03  2.4758446E+20  1.2830318E+00  1.0000000E-99  1.0000000E-99
 1329  1.0360716E+06  5.0229477E+00  3.9848907E+03  2.4734280E+20  1.2874650E+00  1.0000000E-99  1.0000000E-99
 1330  1.0368517E+06  5.0267299E+00  3.9878912E+03  2.4710072E+20  1.2919189E+00  1.0000000E-99  1.0000000E-99
 1331  1.0376319E+06  5.0305122E+00  3.9908918E+03  2.4685823E+20  1.2963936E+00  1.0000000E-99  1.0000000E-99
 1332  1.0384120E+06  5.0342944E+00  3.9938924E+03  2.4661531E+20  1.3008891E+00  1.0000000E-99  1.0000000E-99
 1333  1.0391922E+06  5.0380766E+00  3.9968930E+03  2.4637197E+20  1.3054057E+00  1.0000000E-99  1.0000000E-99
 1334  1.0399723E+06  5.0418589E+00  3.9998936E+03  2.4612820E+20  1.3099435E+00  1.0000000E-99  1.0000000E-99
 1335  1.0407525E+06  5.0456411E+00  4.0028942E+03  2.4588401E+20  1.3145026E+00  1.0000000E-99  1.0000000E-99
 1336  1.0415326E+06  5.0494233E+00  4.0058948E+03  2.4563940E+20  1.3190832E+00  1.0000000E-99  1.0000000E-99
 1337  1.0423128E+06  5.0532056E+00  4.0088954E+03  2.4539436E+20  1.3236854E+00  1.0000000E-99  1.0000000E-99
 1338  1.0430930E+06  5.0569878E+00  4.0118960E+03  2.4514889E+20  1.3283094E+00  1.0000000E-99  1.0000000E-99
 1339  1.0438731E+06  5.0607701E+00  4.0148966E+03  2.4490298E+20  1.3329553E+00  1.0000000E-99  1.0000000E-99
 1340  1.0446533E+06  5.0645523E+00  4.0178971E+03  2.4465665E+20  1.3376233E+00  1.0000000E-99  1.0000000E-99
 1341  1.0454334E+06  5.0683345E+00  4.0208977E+03  2.4440989E+20  1.3423135E+00  1.0000000E-99  1.0000000E-99
 1342  1.0462136E+06  5.0721168E+00  4.0238983E+03  2.4416269E+20  1.3470261E+00  1.0000000E-99  1.0000000E-99
 1343  1.0469937E+06  5.0758990E+00  4.0268989E+03  2.4391505E+20  1.3517612E+00  1.0000000E-99  1.0000000E-99
 1344  1.0477739E+06  5.0796812E+00  4.0298995E+03  2.4366698E+20  1.3565191E+00  1.0000000E-99  1.0000000E-99
 1345  1.0485540E+06  5.0834635E+00  4.0329001E+03  2.4341847E+20  1.3612998E+00  1.0000000E-99  1.0000000E-99
 1346  1.0493342E+06  5.0872457E+00  4.0359007E+03  2.4316953E+20  1.3661036E+00  1.0000000E-99  1.0000000E-99
 1347  1.0501143E+06  5.0910280E+00  4.0389013E+03  2.4292014E+20  1.3709305E+00  1.0000000E-99  1.0000000E-99
 1348  1.0508945E+06  5.0948102E+00  4.0419019E+03  2.4267031E+20  1.3757808E+00  1.0000000E-99  1.0000000E-99
 1349  1.0516746E+06  5.0985924E+00  4.0449025E+03  2.4242003E+20  1.3806546E+00  1.0000000E-99  1.0000000E-99
 1350  1.0524548E+06  5.1023747E+00  4.0479030E+03  2.4216932E+20  1.3855520E+00  1.0000000E-99  1.0000000E-99
 1351  1.0532349E+06  5.1061569E+00  4.0509036E+03  2.4191815E+20  1.3904734E+00  1.0000000E-99  1.0000000E-99
 1352  1.0540151E+06  5.1099392E+00  4.0539042E+03  2.4166654E+20  1.3954187E+00  1.0000000E-99  1.0000000E-99
 1353  1.0547953E+06  5.1137214E+00  4.0569048E+03  2.4141448E+20  1.4003883E+00  1.0000000E-99  1.0000000E-99
 1354  1.0555754E+06  5.1175036E+00  4.0599054E+03  2.4116197E+20  1.4053822E+00  1.0000000E-99  1.0000000E-99
 1355  1.0563556E+06  5.1212859E+00  4.0629060E+03  2.4090901E+20  1.4104007E+00  1.0000000E-99  1.0000000E-99
 1356  1.0571357E+06  5.1250681E+00  4.0659066E+03  2.4065559E+20  1.4154439E+00  1.0000000E-99  1.0000000E-99
 1357  1.0579159E+06  5.1288503E+00  4.0689072E+03  2.4040172E+20  1.4205119E+00  1.0000000E-99  1.0000000E-99
 1358  1.0586960E+06  5.1326326E+00  4.0719078E+03  2.4014739E+20  1.4256051E+00  1.0000000E-99  1.0000000E-99
 1359  1.0594762E+06  5.1364148E+00  4.0749084E+03  2.3989261E+20  1.4307236E+00  1.0000000E-99  1.0000000E-99
 1360  1.0602563E+06  5.1401971E+00  4.0779089E+03  2.3963737E+20  1.4358674E+00  1.0000000E-99  1.0000000E-99
 1361  1.0610365E+06  5.1439793E+00  4.0809095E+03  2.3938167E+20  1.4410370E+00  1.0000000E-99  1.0000000E-99
 1362  1.0618166E+06  5.1477615E+00  4.0839101E+03  2.3912550E+20  1.4462323E+00  1.0000000E-99  1.0000000E-99
 1363  1.0625968E+06  5.1515438E+00  4.0869107E+03  2.3886887E+20  1.4514536E+00  1.0000000E-99  1.0000000E-99
 1364  1.0633769E+06  5.1553260E+00  4.0899113E+03  2.3861178E+20  1.4567012E+00  1.0000000E-99  1.0000000E-99
 1365  1.0641571E+06  5.1591082E+00  4.0929119E+03  2.3835422E+20  1.4619752E+00  1.0000000E-99  1.0000000E-99
 1366  1.0649372E+06  5.1628905E+00  4.0959125E+03  2.3809620E+20  1.4672757E+00  1.0000000E-99  1.0000000E-99
 1367  1.0657174E+06  5.1666727E+00  4.0989131E+03  2.3783770E+20  1.4726030E+00  1.0000000E-99  1.0000000E-99
 1368  1.0664976E+06  5.1704550E+00  4.1019137E+03  2.3757873E+20  1.4779574E+00  1.0000000E-99  1.0000000E-99
 1369  1.0672777E+06  5.1742372E+00  4.1049142E+03  2.3731929E+20  1.4833389E+00  1.0000000E-99  1.0000000E-99
 1370  1.0680579E+06  5.1780194E+00  4.1079148E+03  2.3705938E+20  1.4887478E+00  1.0000000E-99  1.0000000E-99
 1371  1.0688380E+06  5.1818017E+00  4.1109154E+03  2.3679899E+20  1.4941843E+00  1.0000000E-99  1.0000000E-99
 1372  1.0696182E+06  5.1855839E+00  4.1139160E+03  2.3653813E+20  1.4996486E+00  1.0000000E-99  1.0000000E-99
 1373  1.0703983E+06  5.1893662E+00  4.1169166E+03  2.3627678E+20  1.5051409E+00  1.0000000E-99  1.0000000E-99
 1374  1.0711785E+06  5.1931484E+00  4.1199172E+03  2.3601496E+20  1.5106615E+00  1.0000000E-99  1.0000000E-99
 1375  1.0719586E+06  5.1969306E+00  4.1229178E+03  2.3575265E+20  1.5162105E+00  1.0000000E-99  1.0000000E-99
 1376  1.0727388E+06  5.2007129E+00  4.1259184E+03  2.3548986E+20  1.5217881E+00  1.0000000E-99  1.0000000E-99
 1377  1.0735189E+06  5.2044951E+00  4.1289190E+03  2.3522658E+20  1.5273947E+00  1.0000000E-99  1.0000000E-99
 1378  1.0742991E+06  5.2082773E+00  4.1319196E+03  2.3496282E+20  1.5330303E+00  1.0000000E-99  1.0000000E-99
 1379  1.0750792E+06  5.2120596E+00  4.1349201E+03  2.3469857E+20  1.5386952E+00  1.0000000E-99  1.0000000E-99
 1380  1.0758594E+06  5.2158418E+00  4.1379207E+03  2.3443383E+20  1.5443897E+00  1.0000000E-99  1.0000000E-99
 1381  1.0766395E+06  5.2196241E+00  4.1409213E+03  2.3416860E+20  1.5501140E+00  1.0000000E-99  1.0000000E-99
 1382  1.0774197E+06  5.2234063E+00  4.1439219E+03  2.3390287E+20  1.5558682E+00  1.0000000E-99  1.0000000E-99
 1383  1.0781999E+06  5.2271885E+00  4.1469225E+03  2.3363665E+20  1.5616527E+00  1.0000000E-99  1.0000000E-99
 1384  1.0789800E+06  5.2309708E+00  4.1499231E+03  2.3336994E+20  1.5674677E+00  1.0000000E-99  1.0000000E-99
 1385  1.0797602E+06  5.2347530E+00  4.1529237E+03  2.3310272E+20  1.5733133E+00  1.0000000E-99  1.0000000E-99
 1386  1.0805403E+06  5.2385352E+00  4.1559243E+03  2.3283500E+20  1.5791899E+00  1.0000000E-99  1.0000000E-99
 1387  1.0813205E+06  5.2423175E+00  4.1589249E+03  2.3256679E+20  1.5850977E+00  1.0000000E-99  1.0000000E-99
 1388  1.0821006E+06  5.2460997E+00  4.1619255E+03  2.3229807E+20  1.5910369E+00  1.0000000E-99  1.0000000E-99
 1389  1.0828808E+06  5.2498820E+00  4.1649260E+03  2.3202884E+20  1.5970078E+00  1.0000000E-99  1.0000000E-99
 1390  1.0836609E+06  5.2536642E+00  4.1679266E+03  2.3175911E+20  1.6030106E+00  1.0000000E-99  1.0000000E-99
 1391  1.0844411E+06  5.2574464E+00  4.1709272E+03  2.3148886E+20  1.6090456E+00  1.0000000E-99  1.0000000E-99
 1392  1.0852212E+06  5.2612287E+00  4.1739278E+03  2.3121811E+20  1.6151130E+00  1.0000000E-99  1.0000000E-99
 1393  1.0860014E+06  5.2650109E+00  4.1769284E+03  2.3094684E+20  1.6212131E+00  1.0000000E-99  1.0000000E-99
 1394  1.0867815E+06  5.2687932E+00  4.1799290E+03  2.3067506E+20  1.6273462E+00  1.0000000E-99  1.0000000E-99
 1395  1.0875617E+06  5.2725754E+00  4.1829296E+03  2.3040277E+20  1.6335124E+00  1.0000000E-99  1.0000000E-99
 1396  1.0883418E+06  5.2763576E+00  4.1859302E+03  2.3012995E+20  1.6397121E+00  1.0000000E-99  1.0000000E-99
 1397  1.0891220E+06  5.2801399E+00  4.1889308E+03  2.2985662E+20  1.6459456E+00  1.0000000E-99  1.0000000E-99
 1398  1.0899022E+06  5.2839221E+00  4.1919314E+03  2.2958276E+20  1.6522131E+00  1.0000000E-99  1.0000000E-99
 1399  1.0906823E+06  5.2877043E+00  4.1949319E+03  2.2930839E+20  1.6585149E+00  1.0000000E-99  1.0000000E-99
 1400  1.0914625E+06  5.2914866E+00  4.1979325E+03  2.2903348E+20  1.6648512E+00  1.0000000E-99  1.0000000E-99
 1401  1.0922426E+06  5.2952688E+00  4.2009331E+03  2.2875805E+20  1.6712224E+00  1.0000000E-99  1.0000000E-99
 1402  1.0930228E+06  5.2990511E+00  4.2039337E+03  2.2848209E+20  1.6776288E+00  1.0000000E-99  1.0000000E-99
 1403  1.0938029E+06  5.3028333E+00  4.2069343E+03  2.2820560E+20  1.6840705E+00  1.0000000E-99  1.0000000E-99
 1404  1.0945831E+06  5.3066155E+00  4.2099349E+03  2.2792857E+20  1.6905480E+00  1.0000000E-99  1.0000000E-99
 1405  1.0953632E+06  5.3103978E+00  4.2129355E+03  2.2765101E+20  1.6970614E+00  1.0000000E-99  1.0000000E-99
 1406  1.0961434E+06  5.3141800E+00  4.2159361E+03  2.2737291E+20  1.7036112E+00  1.0000000E-99  1.0000000E-99
 1407  1.0969235E+06  5.3179622E+00  4.2189367E+03  2.2709428E+20  1.7101975E+00  1.0000000E-99  1.0000000E-99
 1408  1.0977037E+06  5.3217445E+00  4.2219372E+03  2.2681510E+20  1.7168208E+00  1.0000000E-99  1.0000000E-99
 1409  1.0984838E+06  5.3255267E+00  4.2249378E+03  2.2653538E+20  1.7234812E+00  1.0000000E-99  1.0000000E-99
 1410  1.0992640E+06  5.3293090E+00  4.2279384E+03  2.2625512E+20  1.7301792E+00  1.0000000E-99  1.0000000E-99
 1411  1.1000441E+06  5.3330912E+00  4.2309390E+03  2.2597430E+20  1.7369150E+00  1.0000000E-99  1.0000000E-99
 1412  1.1008243E+06  5.3368734E+00  4.2339396E+03  2.2569294E+20  1.7436889E+00  1.0000000E-99  1.0000000E-99
 1413  1.1016045E+06  5.3406557E+00  4.2369402E+03  2.2541103E+20  1.7505013E+00  1.0000000E-99  1.0000000E-99
 1414  1.1023846E+06  5.3444379E+00  4.2399408E+03  2.2512857E+20  1.7573525E+00  1.0000000E-99  1.0000000E-99
 1415  1.1031648E+06  5.3482202E+00  4.2429414E+03  2.2484555E+20  1.7642427E+00  1.0000000E-99  1.0000000E-99
 1416  1.1039449E+06  5.3520024E+00  4.2459420E+03  2.2456197E+20  1.7711725E+00  1.0000000E-99  1.0000000E-99
 1417  1.1047251E+06  5.3557846E+00  4.2489426E+03  2.2427783E+20  1.7781420E+00  1.0000000E-99  1.0000000E-99
 1418  1.1055052E+06  5.3595669E+00  4.2519431E+03  2.2399314E+20  1.7851516E+00  1.0000000E-99  1.0000000E-99
 1419  1.1062854E+06  5.3633491E+00  4.2549437E+03  2.2370787E+20  1.7922017E+00  1.0000000E-99  1.0000000E-99
 1420  1.1070655E+06  5.3671313E+00  4.2579443E+03  2.2342205E+20  1.7992925E+00  1.0000000E-99  1.0000000E-99
 1421  1.1078457E+06  5.3709136E+00  4.2609449E+03  2.2313565E+20  1.8064246E+00  1.0000000E-99  1.0000000E-99
 1422  1.1086258E+06  5.3746958E+00  4.2639455E+03  2.2284868E+20  1.8135981E+00  1.0000000E-99  1.0000000E-99
 1423  1.1094060E+06  5.3784781E+00  4.2669461E+03  2.2256115E+20  1.8208135E+00  1.0000000E-99  1.0000000E-99
 1424  1.1101861E+06  5.3822603E+00  4.2699467E+03  2.2227303E+20  1.8280711E+00  1.0000000E-99  1.0000000E-99
 1425  1.1109663E+06  5.3860425E+00  4.2729473E+03  2.2198434E+20  1.8353713E+00  1.0000000E-99  1.0000000E-99
 1426  1.1117464E+06  5.3898248E+00  4.2759479E+03  2.2169507E+20  1.8427145E+00  1.0000000E-99  1.0000000E-99
 1427  1.1125266E+06  5.3936070E+00  4.2789485E+03  2.2140522E+20  1.8501010E+00  1.0000000E-99  1.0000000E-99
 1428  1.1133068E+06  5.3973892E+00  4.2819490E+03  2.2111479E+20  1.8575313E+00  1.0000000E-99  1.0000000E-99
 1429  1.1140869E+06  5.4011715E+00  4.2849496E+03  2.2082377E+20  1.8650056E+00  1.0000000E-99  1.0000000E-99
 1430  1.1148671E+06  5.4049537E+00  4.2879502E+03  2.2053216E+20  1.8725244E+00  1.0000000E-99  1.0000000E-99
 1431  1.1156472E+06  5.4087360E+00  4.2909508E+03  2.2023996E+20  1.8800882E+00  1.0000000E-99  1.0000000E-99
 1432  1.1164274E+06  5.4125182E+00  4.2939514E+03  2.1994717E+20  1.8876971E+00  1.0000000E-99  1.0000000E-99
 1433  1.1172075E+06  5.4163004E+00  4.2969520E+03  2.1965378E+20  1.8953518E+00  1.0000000E-99  1.0000000E-99
 1434  1.1179877E+06  5.4200827E+00  4.2999526E+03  2.1935980E+20  1.9030526E+00  1.0000000E-99  1.0000000E-99
 1435  1.1187678E+06  5.4238649E+00  4.3029532E+03  2.1906521E+20  1.9107998E+00  1.0000000E-99  1.0000000E-99
 1436  1.1195480E+06  5.4276472E+00  4.3059538E+03  2.1877002E+20  1.9185940E+00  1.0000000E-99  1.0000000E-99
 1437  1.1203281E+06  5.4314294E+00  4.3089544E+03  2.1847423E+20  1.9264355E+00  1.0000000E-99  1.0000000E-99
 1438  1.1211083E+06  5.4352116E+00  4.3119549E+03  2.1817783E+20  1.9343248E+00  1.0000000E-99  1.0000000E-99
 1439  1.1218884E+06  5.4389939E+00  4.3149555E+03  2.1788082E+20  1.9422623E+00  1.0000000E-99  1.0000000E-99
 1440  1.1226686E+06  5.4427761E+00  4.3179561E+03  2.1758320E+20  1.9502484E+00  1.0000000E-99  1.0000000E-99
 1441  1.1234487E+06  5.4465583E+00  4.3209567E+03  2.1728496E+20  1.9582836E+00  1.0000000E-99  1.0000000E-99
 1442  1.1242289E+06  5.4503406E+00  4.3239573E+03  2.1698610E+20  1.9663684E+00  1.0000000E-99  1.0000000E-99
 1443  1.1250091E+06  5.4541228E+00  4.3269579E+03  2.1668663E+20  1.9745031E+00  1.0000000E-99  1.0000000E-99
 1444  1.1257892E+06  5.4579051E+00  4.3299585E+03  2.1638653E+20  1.9826882E+00  1.0000000E-99  1.0000000E-99
 1445  1.1265694E+06  5.4616873E+00  4.3329591E+03  2.1608581E+20  1.9909242E+00  1.0000000E-99  1.0000000E-99
 1446  1.1273495E+06  5.4654695E+00  4.3359597E+03  2.1578445E+20  1.9992117E+00  1.0000000E-99  1.0000000E-99
 1447  1.1281297E+06  5.4692518E+00  4.3389602E+03  2.1548247E+20  2.0075509E+00  1.0000000E-99  1.0000000E-99
 1448  1.1289098E+06  5.4730340E+00  4.3419608E+03  2.1517986E+20  2.0159425E+00  1.0000000E-99  1.0000000E-99
 1449  1.1296900E+06  5.4768162E+00  4.3449614E+03  2.1487661E+20  2.0243869E+00  1.0000000E-99  1.0000000E-99
 1450  1.1304701E+06  5.4805985E+00  4.3479620E+03  2.1457272E+20  2.0328847E+00  1.0000000E-99  1.0000000E-99
 1451  1.1312503E+06  5.4843807E+00  4.3509626E+03  2.1426819E+20  2.0414362E+00  1.0000000E-99  1.0000000E-99
 1452  1.1320304E+06  5.4881630E+00  4.3539632E+03  2.1396301E+20  2.0500421E+00  1.0000000E-99  1.0000000E-99
 1453  1.1328106E+06  5.4919452E+00  4.3569638E+03  2.1365719E+20  2.0587028E+00  1.0000000E-99  1.0000000E-99
 1454  1.1335907E+06  5.4957274E+00  4.3599644E+03  2.1335072E+20  2.0674188E+00  1.0000000E-99  1.0000000E-99
 1455  1.1343709E+06  5.4995097E+00  4.3629650E+03  2.1304360E+20  2.0761907E+00  1.0000000E-99  1.0000000E-99
 1456  1.1351510E+06  5.5032919E+00  4.3659656E+03  2.1273582E+20  2.0850191E+00  1.0000000E-99  1.0000000E-99
 1457  1.1359312E+06  5.5070742E+00  4.3689661E+03  2.1242738E+20  2.0939044E+00  1.0000000E-99  1.0000000E-99
 1458  1.1367114E+06  5.5108564E+00  4.3719667E+03  2.1211829E+20  2.1028472E+00  1.0000000E-99  1.0000000E-99
 1459  1.1374915E+06  5.5146386E+00  4.3749673E+03  2.1180852E+20  2.1118480E+00  1.0000000E-99  1.0000000E-99
 1460  1.1382717E+06  5.5184209E+00  4.3779679E+03  2.1149810E+20  2.1209074E+00  1.0000000E-99  1.0000000E-99
 1461  1.1390518E+06  5.5222031E+00  4.3809685E+03  2.1118700E+20  2.1300261E+00  1.0000000E-99  1.0000000E-99
 1462  1.1398320E+06  5.5259853E+00  4.3839691E+03  2.1087523E+20  2.1392045E+00  1.0000000E-99  1.0000000E-99
 1463  1.1406121E+06  5.5297676E+00  4.3869697E+03  2.1056279E+20  2.1484432E+00  1.0000000E-99  1.0000000E-99
 1464  1.1413923E+06  5.5335498E+00  4.3899703E+03  2.1024966E+20  2.1577428E+00  1.0000000E-99  1.0000000E-99
 1465  1.1421724E+06  5.5373321E+00  4.3929709E+03  2.0993586E+20  2.1671040E+00  1.0000000E-99  1.0000000E-99
 1466  1.1429526E+06  5.5411143E+00  4.3959715E+03  2.0962137E+20  2.1765273E+00  1.0000000E-99  1.0000000E-99
 1467  1.1437327E+06  5.5448965E+00  4.3989720E+03  2.0930619E+20  2.1860134E+00  1.0000000E-99  1.0000000E-99
 1468  1.1445129E+06  5.5486788E+00  4.4019726E+03  2.0899032E+20  2.1955628E+00  1.0000000E-99  1.0000000E-99
 1469  1.1452930E+06  5.5524610E+00  4.4049732E+03  2.0867376E+20  2.2051762E+00  1.0000000E-99  1.0000000E-99
 1470  1.1460732E+06  5.5562432E+00  4.4079738E+03  2.0835650E+20  2.2148543E+00  1.0000000E-99  1.0000000E-99
 1471  1.1468533E+06  5.5600255E+00  4.4109744E+03  2.0803854E+20  2.2245976E+00  1.0000000E-99  1.0000000E-99
 1472  1.1476335E+06  5.5638077E+00  4.4139750E+03  2.0771987E+20  2.2344069E+00  1.0000000E-99  1.0000000E-99
 1473  1.1484137E+06  5.5675900E+00  4.4169756E+03  2.0740050E+20  2.2442828E+00  1.0000000E-99  1.0000000E-99
 1474  1.1491938E+06  5.5713722E+00  4.4199762E+03  2.0708042E+20  2.2542260E+00  1.0000000E-99  1.0000000E-99
 1475  1.1499740E+06  5.5751544E+00  4.4229768E+03  2.0675963E+20  2.2642371E+00  1.0000000E-99  1.0000000E-99
 1476  1.1507541E+06  5.5789367E+00  4.4259774E+03  2.0643812E+20  2.2743169E+00  1.0000000E-99  1.0000000E-99
 1477  1.1515343E+06  5.5827189E+00  4.4289779E+03  2.0611588E+20  2.2844660E+00  1.0000000E-99  1.0000000E-99
 1478  1.1523144E+06  5.5865012E+00  4.4319785E+03  2.0579293E+20  2.2946852E+00  1.0000000E-99  1.0000000E-99
 1479  1.1530946E+06  5.5902834E+00  4.4349791E+03  2.0546925E+20  2.3049752E+00  1.0000000E-99  1.0000000E-99
 1480  1.1538747E+06  5.5940656E+00  4.4379797E+03  2.0514484E+20  2.3153367E+00  1.0000000E-99  1.0000000E-99
 1481  1.1546549E+06  5.5978479E+00  4.4409803E+03  2.0481969E+20  2.3257705E+00  1.0000000E-99  1.0000000E-99
 1482  1.1554350E+06  5.6016301E+00  4.4439809E+03  2.0449381E+20  2.3362773E+00  1.0000000E-99  1.0000000E-99
 1483  1.1562152E+06  5.6054123E+00  4.4469815E+03  2.0416719E+20  2.3468579E+00  1.0000000E-99  1.0000000E-99
 1484  1.1569953E+06  5.6091946E+00  4.4499821E+03  2.0383982E+20  2.3575130E+00  1.0000000E-99  1.0000000E-99
 1485  1.1577755E+06  5.6129768E+00  4.4529827E+03  2.0351170E+20  2.3682434E+00  1.0000000E-99  1.0000000E-99
 1486  1.1585556E+06  5.6167591E+00  4.4559832E+03  2.0318284E+20  2.3790499E+00  1.0000000E-99  1.0000000E-99
 1487  1.1593358E+06  5.6205413E+00  4.4589838E+03  2.0285321E+20  2.3899334E+00  1.0000000E-99  1.0000000E-99
 1488  1.1601160E+06  5.6243235E+00  4.4619844E+03  2.0252283E+20  2.4008947E+00  1.0000000E-99  1.0000000E-99
 1489  1.1608961E+06  5.6281058E+00  4.4649850E+03  2.0219169E+20  2.4119345E+00  1.0000000E-99  1.0000000E-99
 1490  1.1616763E+06  5.6318880E+00  4.4679856E+03  2.0185978E+20  2.4230537E+00  1.0000000E-99  1.0000000E-99
 1491  1.1624564E+06  5.6356702E+00  4.4709862E+03  2.0152710E+20  2.4342532E+00  1.0000000E-99  1.0000000E-99
 1492  1.1632366E+06  5.6394525E+00  4.4739868E+03  2.0119364E+20  2.4455338E+00  1.0000000E-99  1.0000000E-99
 1493  1.1640167E+06  5.6432347E+00  4.4769874E+03  2.0085941E+20  2.4568964E+00  1.0000000E-99  1.0000000E-99
 1494  1.1647969E+06  5.6470170E+00  4.4799880E+03  2.0052439E+20  2.4683419E+00  1.0000000E-99  1.0000000E-99
 1495  1.1655770E+06  5.6507992E+00  4.4829886E+03  2.0018859E+20  2.4798712E+00  1.0000000E-99  1.0000000E-99
 1496  1.1663572E+06  5.6545814E+00  4.4859891E+03  1.9985201E+20  2.4914853E+00  1.0000000E-99  1.0000000E-99
 1497  1.1671373E+06  5.6583637E+00  4.4889897E+03  1.9951462E+20  2.5031849E+00  1.0000000E-99  1.0000000E-99
 1498  1.1679175E+06  5.6621459E+00  4.4919903E+03  1.9917644E+20  2.5149712E+00  1.0000000E-99  1.0000000E-99
 1499  1.1686976E+06  5.6659282E+00  4.4949909E+03  1.9883746E+20  2.5268450E+00  1.0000000E-99  1.0000000E-99
 1500  1.1694778E+06  5.6697104E+00  4.4979915E+03  1.9849767E+20  2.5388074E+00  1.0000000E-99  1.0000000E-99
 1501  1.1702579E+06  5.6734926E+00  4.5009921E+03  1.9815707E+20  2.5508592E+00  1.0000000E-99  1.0000000E-99
 1502  1.1710381E+06  5.6772749E+00  4.5039927E+03  1.9781566E+20  2.5630015E+00  1.0000000E-99  1.0000000E-99
 1503  1.1718183E+06  5.6810571E+00  4.5069933E+03  1.9747343E+20  2.5752354E+00  1.0000000E-99  1.0000000E-99
 1504  1.1725984E+06  5.6848393E+00  4.5099939E+03  1.9713037E+20  2.5875618E+00  1.0000000E-99  1.0000000E-99
 1505  1.1733786E+06  5.6886216E+00  4.5129945E+03  1.9678649E+20  2.5999818E+00  1.0000000E-99  1.0000000E-99
 1506  1.1741587E+06  5.6924038E+00  4.5159950E+03  1.9644178E+20  2.6124964E+00  1.0000000E-99  1.0000000E-99
 1507  1.1749389E+06  5.6961861E+00  4.5189956E+03  1.9609623E+20  2.6251068E+00  1.0000000E-99  1.0000000E-99
 1508  1.1757190E+06  5.6999683E+00  4.5219962E+03  1.9574985E+20  2.6378140E+00  1.0000000E-99  1.0000000E-99
 1509  1.1764992E+06  5.7037505E+00  4.5249968E+03  1.9540261E+20  2.6506191E+00  1.0000000E-99  1.0000000E-99
 1510  1.1772793E+06  5.7075328E+00  4.5279974E+03  1.9505453E+20  2.6635233E+00  1.0000000E-99  1.0000000E-99
 1511  1.1780595E+06  5.7113150E+00  4.5309980E+03  1.9470560E+20  2.6765277E+00  1.0000000E-99  1.0000000E-99
 1512  1.1788396E+06  5.7150972E+00  4.5339986E+03  1.9435580E+20  2.6896335E+00  1.0000000E-99  1.0000000E-99
 1513  1.1796198E+06  5.7188795E+00  4.5369992E+03  1.9400515E+20  2.7028419E+00  1.0000000E-99  1.0000000E-99
 1514  1.1803999E+06  5.7226617E+00  4.5399998E+03  1.9365363E+20  2.7161540E+00  1.0000000E-99  1.0000000E-99
 1515  1.1811801E+06  5.7264440E+00  4.5430004E+03  1.9330123E+20  2.7295711E+00  1.0000000E-99  1.0000000E-99
 1516  1.1819602E+06  5.7302262E+00  4.5460009E+03  1.9294796E+20  2.7430943E+00  1.0000000E-99  1.0000000E-99
 1517  1.1827404E+06  5.7340084E+00  4.5490015E+03  1.9259380E+20  2.7567251E+00  1.0000000E-99  1.0000000E-99
 1518  1.1835206E+06  5.7377907E+00  4.5520021E+03  1.9223876E+20  2.7704646E+00  1.0000000E-99  1.0000000E-99
 1519  1.1843007E+06  5.7415729E+00  4.5550027E+03  1.9188283E+20  2.7843141E+00  1.0000000E-99  1.0000000E-99
 1520  1.1850809E+06  5.7453552E+00  4.5580033E+03  1.9152600E+20  2.7982751E+00  1.0000000E-99  1.0000000E-99
 1521  1.1858610E+06  5.7491374E+00  4.5610039E+03  1.9116826E+20  2.8123487E+00  1.0000000E-99  1.0000000E-99
 1522  1.1866412E+06  5.7529196E+00  4.5640045E+03  1.9080963E+20  2.8265363E+00  1.0000000E-99  1.0000000E-99
 1523  1.1874213E+06  5.7567019E+00  4.5670051E+03  1.9045007E+20  2.8408394E+00  1.0000000E-99  1.0000000E-99
 1524  1.1882015E+06  5.7604841E+00  4.5700057E+03  1.9008961E+20  2.8552594E+00  1.0000000E-99  1.0000000E-99
 1525  1.1889816E+06  5.7642663E+00  4.5730062E+03  1.8972822E+20  2.8697976E+00  1.0000000E-99  1.0000000E-99
 1526  1.1897618E+06  5.7680486E+00  4.5760068E+03  1.8936590E+20  2.8844556E+00  1.0000000E-99  1.0000000E-99
 1527  1.1905419E+06  5.7718308E+00  4.5790074E+03  1.8900265E+20  2.8992348E+00  1.0000000E-99  1.0000000E-99
 1528  1.1913221E+06  5.7756131E+00  4.5820080E+03  1.8863846E+20  2.9141367E+00  1.0000000E-99  1.0000000E-99
 1529  1.1921022E+06  5.7793953E+00  4.5850086E+03  1.8827333E+20  2.9291628E+00  1.0000000E-99  1.0000000E-99
 1530  1.1928824E+06  5.7831775E+00  4.5880092E+03  1.8790725E+20  2.9443147E+00  1.0000000E-99  1.0000000E-99
 1531  1.1936625E+06  5.7869598E+00  4.5910098E+03  1.8754021E+20  2.9595939E+00  1.0000000E-99  1.0000000E-99
 1532  1.1944427E+06  5.7907420E+00  4.5940104E+03  1.8717221E+20  2.9750021E+00  1.0000000E-99  1.0000000E-99
 1533  1.1952229E+06  5.7945242E+00  4.5970110E+03  1.8680325E+20  2.9905409E+00  1.0000000E-99  1.0000000E-99
 1534  1.1960030E+06  5.7983065E+00  4.6000116E+03  1.8643332E+20  3.0062119E+00  1.0000000E-99  1.0000000E-99
 1535  1.1967832E+06  5.8020887E+00  4.6030121E+03  1.8606240E+20  3.0220169E+00  1.0000000E-99  1.0000000E-99
 1536  1.1975633E+06  5.8058710E+00  4.6060127E+03  1.8569051E+20  3.0379575E+00  1.0000000E-99  1.0000000E-99
 1537  1.1983435E+06  5.8096532E+00  4.6090133E+03  1.8531762E+20  3.0540355E+00  1.0000000E-99  1.0000000E-99
 1538  1.1991236E+06  5.8134354E+00  4.6120139E+03  1.8494374E+20  3.0702527E+00  1.0000000E-99  1.0000000E-99
 1539  1.1999038E+06  5.8172177E+00  4.6150145E+03  1.8456886E+20  3.0866108E+00  1.0000000E-99  1.0000000E-99
 1540  1.2006839E+06  5.8209999E+00  4.6180151E+03  1.8419297E+20  3.1031118E+00  1.0000000E-99  1.0000000E-99
 1541  1.2014641E+06  5.8247822E+00  4.6210157E+03  1.8381607E+20  3.1197574E+00  1.0000000E-99  1.0000000E-99
 1542  1.2022442E+06  5.8285644E+00  4.6240163E+03  1.8343814E+20  3.1365495E+00  1.0000000E-99  1.0000000E-99
 1543  1.2030244E+06  5.8323466E+00  4.6270169E+03  1.8305919E+20  3.1534902E+00  1.0000000E-99  1.0000000E-99
 1544  1.2038045E+06  5.8361289E+00  4.6300175E+03  1.8267921E+20  3.1705814E+00  1.0000000E-99  1.0000000E-99
 1545  1.2045847E+06  5.8399111E+00  4.6330180E+03  1.8229819E+20  3.1878250E+00  1.0000000E-99  1.0000000E-99
 1546  1.2053648E+06  5.8436933E+00  4.6360186E+03  1.8191612E+20  3.2052231E+00  1.0000000E-99  1.0000000E-99
 1547  1.2061450E+06  5.8474756E+00  4.6390192E+03  1.8153300E+20  3.2227778E+00  1.0000000E-99  1.0000000E-99
 1548  1.2069252E+06  5.8512578E+00  4.6420198E+03  1.8114882E+20  3.2404912E+00  1.0000000E-99  1.0000000E-99
 1549  1.2077053E+06  5.8550401E+00  4.6450204E+03  1.8076358E+20  3.2583655E+00  1.0000000E-99  1.0000000E-99
 1550  1.2084855E+06  5.8588223E+00  4.6480210E+03  1.8037726E+20  3.2764028E+00  1.0000000E-99  1.0000000E-99
 1551  1.2092656E+06  5.8626045E+00  4.6510216E+03  1.7998987E+20  3.2946054E+00  1.0000000E-99  1.0000000E-99
 1552  1.2100458E+06  5.8663868E+00  4.6540222E+03  1.7960139E+20  3.3129755E+00  1.0000000E-99  1.0000000E-99
 1553  1.2108259E+06  5.8701690E+00  4.6570228E+03  1.7921181E+20  3.3315155E+00  1.0000000E-99  1.0000000E-99
 1554  1.2116061E+06  5.8739512E+00  4.6600234E+03  1.7882113E+20  3.3502276E+00  1.0000000E-99  1.0000000E-99
 1555  1.2123862E+06  5.8777335E+00  4.6630239E+03  1.7842935E+20  3.3691144E+00  1.0000000E-99  1.0000000E-99
 1556  1.2131664E+06  5.8815157E+00  4.6660245E+03  1.7803645E+20  3.3881782E+00  1.0000000E-99  1.0000000E-99
 1557  1.2139465E+06  5.8852980E+00  4.6690251E+03  1.7764243E+20  3.4074216E+00  1.0000000E-99  1.0000000E-99
 1558  1.2147267E+06  5.8890802E+00  4.6720257E+03  1.7724727E+20  3.4268470E+00  1.0000000E-99  1.0000000E-99
 1559  1.2155068E+06  5.8928624E+00  4.6750263E+03  1.7685098E+20  3.4464571E+00  1.0000000E-99  1.0000000E-99
 1560  1.2162870E+06  5.8966447E+00  4.6780269E+03  1.7645355E+20  3.4662545E+00  1.0000000E-99  1.0000000E-99
 1561  1.2170671E+06  5.9004269E+00  4.6810275E+03  1.7605496E+20  3.4862418E+00  1.0000000E-99  1.0000000E-99
 1562  1.2178473E+06  5.9042092E+00  4.6840281E+03  1.7565521E+20  3.5064219E+00  1.0000000E-99  1.0000000E-99
 1563  1.2186275E+06  5.9079914E+00  4.6870287E+03  1.7525429E+20  3.5267975E+00  1.0000000E-99  1.0000000E-99
 1564  1.2194076E+06  5.9117736E+00  4.6900292E+03  1.7485220E+20  3.5473714E+00  1.0000000E-99  1.0000000E-99
 1565  1.2201878E+06  5.9155559E+00  4.6930298E+03  1.7444892E+20  3.5681465E+00  1.0000000E-99  1.0000000E-99
 1566  1.2209679E+06  5.9193381E+00  4.6960304E+03  1.7404444E+20  3.5891258E+00  1.0000000E-99  1.0000000E-99
 1567  1.2217481E+06  5.9231203E+00  4.6990310E+03  1.7363877E+20  3.6103124E+00  1.0000000E-99  1.0000000E-99
 1568  1.2225282E+06  5.9269026E+00  4.7020316E+03  1.7323188E+20  3.6317092E+00  1.0000000E-99  1.0000000E-99
 1569  1.2233084E+06  5.9306848E+00  4.7050322E+03  1.7282378E+20  3.6533194E+00  1.0000000E-99  1.0000000E-99
 1570  1.2240885E+06  5.9344671E+00  4.7080328E+03  1.7241445E+20  3.6751462E+00  1.0000000E-99  1.0000000E-99
 1571  1.2248687E+06  5.9382493E+00  4.7110334E+03  1.7200388E+20  3.6971929E+00  1.0000000E-99  1.0000000E-99
 1572  1.2256488E+06  5.9420315E+00  4.7140340E+03  1.7159207E+20  3.7194627E+00  1.0000000E-99  1.0000000E-99
 1573  1.2264290E+06  5.9458138E+00  4.7170346E+03  1.7117901E+20  3.7419592E+00  1.0000000E-99  1.0000000E-99
 1574  1.2272091E+06  5.9495960E+00  4.7200351E+03  1.7076468E+20  3.7646857E+00  1.0000000E-99  1.0000000E-99
 1575  1.2279893E+06  5.9533782E+00  4.7230357E+03  1.7034908E+20  3.7876457E+00  1.0000000E-99  1.0000000E-99
 1576  1.2287694E+06  5.9571605E+00  4.7260363E+03  1.6993219E+20  3.8108430E+00  1.0000000E-99  1.0000000E-99
 1577  1.2295496E+06  5.9609427E+00  4.7290369E+03  1.6951402E+20  3.8342811E+00  1.0000000E-99  1.0000000E-99
 1578  1.2303298E+06  5.9647250E+00  4.7320375E+03  1.6909455E+20  3.8579638E+00  1.0000000E-99  1.0000000E-99
 1579  1.2311099E+06  5.9685072E+00  4.7350381E+03  1.6867376E+20  3.8818949E+00  1.0000000E-99  1.0000000E-99
 1580  1.2318901E+06  5.9722894E+00  4.7380387E+03  1.6825166E+20  3.9060785E+00  1.0000000E-99  1.0000000E-99
 1581  1.2326702E+06  5.9760717E+00  4.7410393E+03  1.6782822E+20  3.9305184E+00  1.0000000E-99  1.0000000E-99
 1582  1.2334504E+06  5.9798539E+00  4.7440399E+03  1.6740345E+20  3.9552187E+00  1.0000000E-99  1.0000000E-99
 1583  1.2342305E+06  5.9836362E+00  4.7470405E+03  1.6697733E+20  3.9801837E+00  1.0000000E-99  1.0000000E-99
 1584  1.2350107E+06  5.9874184E+00  4.7500410E+03  1.6654984E+20  4.0054175E+00  1.0000000E-99  1.0000000E-99
 1585  1.2357908E+06  5.9912006E+00  4.7530416E+03  1.6612098E+20  4.0309246E+00  1.0000000E-99  1.0000000E-99
 1586  1.2365710E+06  5.9949829E+00  4.7560422E+03  1.6569074E+20  4.0567093E+00  1.0000000E-99  1.0000000E-99
 1587  1.2373511E+06  5.9987651E+00  4.7590428E+03  1.6525911E+20  4.0827763E+00  1.0000000E-99  1.0000000E-99
 1588  1.2381313E+06  6.0025473E+00  4.7620434E+03  1.6482608E+20  4.1091301E+00  1.0000000E-99  1.0000000E-99
 1589  1.2389114E+06  6.0063296E+00  4.7650440E+03  1.6439163E+20  4.1357756E+00  1.0000000E-99  1.0000000E-99
 1590  1.2396916E+06  6.0101118E+00  4.7680446E+03  1.6395575E+20  4.1627174E+00  1.0000000E-99  1.0000000E-99
 1591  1.2404717E+06  6.0138941E+00  4.7710452E+03  1.6351844E+20  4.1899608E+00  1.0000000E-99  1.0000000E-99
 1592  1.2412519E+06  6.0176763E+00  4.7740458E+03  1.6307968E+20  4.2175106E+00  1.0000000E-99  1.0000000E-99
 1593  1.2420321E+06  6.0214585E+00  4.7770464E+03  1.6263946E+20  4.2453720E+00  1.0000000E-99  1.0000000E-99
 1594  1.2428122E+06  6.0252408E+00  4.7800469E+03  1.6219776E+20  4.2735505E+00  1.0000000E-99  1.0000000E-99
 1595  1.2435924E+06  6.0290230E+00  4.7830475E+03  1.6175458E+20  4.3020513E+00  1.0000000E-99  1.0000000E-99
 1596  1.2443725E+06  6.0328052E+00  4.7860481E+03  1.6130991E+20  4.3308801E+00  1.0000000E-99  1.0000000E-99
 1597  1.2451527E+06  6.0365875E+00  4.7890487E+03  1.6086372E+20  4.3600426E+00  1.0000000E-99  1.0000000E-99
 1598  1.2459328E+06  6.0403697E+00  4.7920493E+03  1.6041601E+20  4.3895444E+00  1.0000000E-99  1.0000000E-99
 1599  1.2467130E+06  6.0441520E+00  4.7950499E+03  1.5996677E+20  4.4193916E+00  1.0000000E-99  1.0000000E-99
 1600  1.2474931E+06  6.0479342E+00  4.7980505E+03  1.5951598E+20  4.4495903E+00  1.0000000E-99  1.0000000E-99
 1601  1.2482733E+06  6.0517164E+00  4.8010511E+03  1.5906363E+20  4.4801467E+00  1.0000000E-99  1.0000000E-99
 1602  1.2490534E+06  6.0554987E+00  4.8040517E+03  1.5860971E+20  4.5110671E+00  1.0000000E-99  1.0000000E-99
 1603  1.2498336E+06  6.0592809E+00  4.8070522E+03  1.5815419E+20  4.5423581E+00  1.0000000E-99  1.0000000E-99
 1604  1.2506137E+06  6.0630632E+00  4.8100528E+03  1.5769708E+20  4.5740263E+00  1.0000000E-99  1.0000000E-99
 1605  1.2513939E+06  6.0668454E+00  4.8130534E+03  1.5723835E+20  4.6060787E+00  1.0000000E-99  1.0000000E-99
 1606  1.2521740E+06  6.0706276E+00  4.8160540E+03  1.5677799E+20  4.6385222E+00  1.0000000E-99  1.0000000E-99
 1607  1.2529542E+06  6.0744099E+00  4.8190546E+03  1.5631599E+20  4.6713640E+00  1.0000000E-99  1.0000000E-99
 1608  1.2537344E+06  6.0781921E+00  4.8220552E+03  1.5585233E+20  4.7046115E+00  1.0000000E-99  1.0000000E-99
 1609  1.2545145E+06  6.0819743E+00  4.8250558E+03  1.5538699E+20  4.7382721E+00  1.0000000E-99  1.0000000E-99
 1610  1.2552947E+06  6.0857566E+00  4.8280564E+03  1.5491997E+20  4.7723538E+00  1.0000000E-99  1.0000000E-99
 1611  1.2560748E+06  6.0895388E+00  4.8310570E+03  1.5445124E+20  4.8068643E+00  1.0000000E-99  1.0000000E-99
 1612  1.2568550E+06  6.0933211E+00  4.8340576E+03  1.5398080E+20  4.8418117E+00  1.0000000E-99  1.0000000E-99
 1613  1.2576351E+06  6.0971033E+00  4.8370581E+03  1.5350862E+20  4.8772046E+00  1.0000000E-99  1.0000000E-99
 1614  1.2584153E+06  6.1008855E+00  4.8400587E+03  1.5303468E+20  4.9130512E+00  1.0000000E-99  1.0000000E-99
 1615  1.2591954E+06  6.1046678E+00  4.8430593E+03  1.5255898E+20  4.9493606E+00  1.0000000E-99  1.0000000E-99
 1616  1.2599756E+06  6.1084500E+00  4.8460599E+03  1.5208150E+20  4.9861415E+00  1.0000000E-99  1.0000000E-99
 1617  1.2607557E+06  6.1122322E+00  4.8490605E+03  1.5160221E+20  5.0234033E+00  1.0000000E-99  1.0000000E-99
 1618  1.2615359E+06  6.1160145E+00  4.8520611E+03  1.5112111E+20  5.0611555E+00  1.0000000E-99  1.0000000E-99
 1619  1.2623160E+06  6.1197967E+00  4.8550617E+03  1.5063817E+20  5.0994077E+00  1.0000000E-99  1.0000000E-99
 1620  1.2630962E+06  6.1235790E+00  4.8580623E+03  1.5015338E+20  5.1381699E+00  1.0000000E-99  1.0000000E-99
 1621  1.2638763E+06  6.1273612E+00  4.8610629E+03  1.4966671E+20  5.1774524E+00  1.0000000E-99  1.0000000E-99
 1622  1.2646565E+06  6.1311434E+00  4.8640635E+03  1.4917816E+20  5.2172657E+00  1.0000000E-99  1.0000000E-99
 1623  1.2654367E+06  6.1349257E+00  4.8670640E+03  1.4868770E+20  5.2576206E+00  1.0000000E-99  1.0000000E-99
 1624  1.2662168E+06  6.1387079E+00  4.8700646E+03  1.4819531E+20  5.2985282E+00  1.0000000E-99  1.0000000E-99
 1625  1.2669970E+06  6.1424902E+00  4.8730652E+03  1.4770097E+20  5.3400000E+00  1.0000000E-99  1.0000000E-99
 1626  1.2677771E+06  6.1462724E+00  4.8760658E+03  1.4720467E+20  5.3820475E+00  1.0000000E-99  1.0000000E-99
 1627  1.2685573E+06  6.1500546E+00  4.8790664E+03  1.4670638E+20  5.4246830E+00  1.0000000E-99  1.0000000E-99
 1628  1.2693374E+06  6.1538369E+00  4.8820670E+03  1.4620609E+20  5.4679188E+00  1.0000000E-99  1.0000000E-99
 1629  1.2701176E+06  6.1576191E+00  4.8850676E+03  1.4570377E+20  5.5117676E+00  1.0000000E-99  1.0000000E-99
 1630  1.2708977E+06  6.1614013E+00  4.8880682E+03  1.4519940E+20  5.5562425E+00  1.0000000E-99  1.0000000E-99
 1631  1.2716779E+06  6.1651836E+00  4.8910688E+03  1.4469296E+20  5.6013571E+00  1.0000000E-99  1.0000000E-99
 1632  1.2724580E+06  6.1689658E+00  4.8940694E+03  1.4418443E+20  5.6471251E+00  1.0000000E-99  1.0000000E-99
 1633  1.2732382E+06  6.1727481E+00  4.8970699E+03  1.4367379E+20  5.6935609E+00  1.0000000E-99  1.0000000E-99
 1634  1.2740183E+06  6.1765303E+00  4.9000705E+03  1.4316101E+20  5.7406792E+00  1.0000000E-99  1.0000000E-99
 1635  1.2747985E+06  6.1803125E+00  4.9030711E+03  1.4264607E+20  5.7884951E+00  1.0000000E-99  1.0000000E-99
 1636  1.2755786E+06  6.1840948E+00  4.9060717E+03  1.4212895E+20  5.8370242E+00  1.0000000E-99  1.0000000E-99
 1637  1.2763588E+06  6.1878770E+00  4.9090723E+03  1.4160963E+20  5.8862824E+00  1.0000000E-99  1.0000000E-99
 1638  1.2771390E+06  6.1916592E+00  4.9120729E+03  1.4108807E+20  5.9362865E+00  1.0000000E-99  1.0000000E-99
 1639  1.2779191E+06  6.1954415E+00  4.9150735E+03  1.4056426E+20  5.9870533E+00  1.0000000E-99  1.0000000E-99
 1640  1.2786993E+06  6.1992237E+00  4.9180741E+03  1.4003816E+20  6.0386004E+00  1.0000000E-99  1.0000000E-99
 1641  1.2794794E+06  6.2030060E+00  4.9210747E+03  1.3950976E+20  6.0909460E+00  1.0000000E-99  1.0000000E-99
 1642  1.2802596E+06  6.2067882E+00  4.9240752E+03  1.3897902E+20  6.1441088E+00  1.0000000E-99  1.0000000E-99
 1643  1.2810397E+06  6.2105704E+00  4.9270758E+03  1.3844593E+20  6.1981079E+00  1.0000000E-99  1.0000000E-99
 1644  1.2818199E+06  6.2143527E+00  4.9300764E+03  1.3791045E+20  6.2529632E+00  1.0000000E-99  1.0000000E-99
 1645  1.2826000E+06  6.2181349E+00  4.9330770E+03  1.3737255E+20  6.3086953E+00  1.0000000E-99  1.0000000E-99
 1646  1.2833802E+06  6.2219172E+00  4.9360776E+03  1.3683221E+20  6.3653252E+00  1.0000000E-99  1.0000000E-99
 1647  1.2841603E+06  6.2256994E+00  4.9390782E+03  1.3628940E+20  6.4228749E+00  1.0000000E-99  1.0000000E-99
 1648  1.2849405E+06  6.2294816E+00  4.9420788E+03  1.3574408E+20  6.4813669E+00  1.0000000E-99  1.0000000E-99
 1649  1.2857206E+06  6.2332639E+00  4.9450794E+03  1.3519623E+20  6.5408244E+00  1.0000000E-99  1.0000000E-99
 1650  1.2865008E+06  6.2370461E+00  4.9480800E+03  1.3464582E+20  6.6012716E+00  1.0000000E-99  1.0000000E-99
 1651  1.2872809E+06  6.2408283E+00  4.9510806E+03  1.3409281E+20  6.6627334E+00  1.0000000E-99  1.0000000E-99
 1652  1.2880611E+06  6.2446106E+00  4.9540811E+03  1.3353718E+20  6.7252354E+00  1.0000000E-99  1.0000000E-99
 1653  1.2888413E+06  6.2483928E+00  4.9570817E+03  1.3297888E+20  6.7888043E+00  1.0000000E-99  1.0000000E-99
 1654  1.2896214E+06  6.2521751E+00  4.9600823E+03  1.3241789E+20  6.8534676E+00  1.0000000E-99  1.0000000E-99
 1655  1.2904016E+06  6.2559573E+00  4.9630829E+03  1.3185417E+20  6.9192537E+00  1.0000000E-99  1.0000000E-99
 1656  1.2911817E+06  6.2597395E+00  4.9660835E+03  1.3128769E+20  6.9861922E+00  1.0000000E-99  1.0000000E-99
 1657  1.2919619E+06  6.2635218E+00  4.9690841E+03  1.3071841E+20  7.0543134E+00  1.0000000E-99  1.0000000E-99
 1658  1.2927420E+06  6.2673040E+00  4.9720847E+03  1.3014630E+20  7.1236491E+00  1.0000000E-99  1.0000000E-99
 1659  1.2935222E+06  6.2710862E+00  4.9750853E+03  1.2957130E+20  7.1942320E+00  1.0000000E-99  1.0000000E-99
 1660  1.2943023E+06  6.2748685E+00  4.9780859E+03  1.2899340E+20  7.2660959E+00  1.0000000E-99  1.0000000E-99
 1661  1.2950825E+06  6.2786507E+00  4.9810865E+03  1.2841255E+20  7.3392760E+00  1.0000000E-99  1.0000000E-99
 1662  1.2958626E+06  6.2824330E+00  4.9840870E+03  1.2782870E+20  7.4138088E+00  1.0000000E-99  1.0000000E-99
 1663  1.2966428E+06  6.2862152E+00  4.9870876E+03  1.2724182E+20  7.4897320E+00  1.0000000E-99  1.0000000E-99
 1664  1.2974229E+06  6.2899974E+00  4.9900882E+03  1.2665187E+20  7.5670850E+00  1.0000000E-99  1.0000000E-99
 1665  1.2982031E+06  6.2937797E+00  4.9930888E+03  1.2605879E+20  7.6459085E+00  1.0000000E-99  1.0000000E-99
 1666  1.2989832E+06  6.2975619E+00  4.9960894E+03  1.2546256E+20  7.7262446E+00  1.0000000E-99  1.0000000E-99
 1667  1.2997634E+06  6.3013442E+00  4.9990900E+03  1.2486311E+20  7.8081374E+00  1.0000000E-99  1.0000000E-99
 1668  1.3005436E+06  6.3051264E+00  5.0020906E+03  1.2426042E+20  7.8916326E+00  1.0000000E-99  1.0000000E-99
 1669  1.3013237E+06  6.3089086E+00  5.0050912E+03  1.2365442E+20  7.9767774E+00  1.0000000E-99  1.0000000E-99
 1670  1.3021039E+06  6.3126909E+00  5.0080918E+03  1.2304507E+20  8.0636214E+00  1.0000000E-99  1.0000000E-99
 1671  1.3028840E+06  6.3164731E+00  5.0110924E+03  1.2243232E+20  8.1522157E+00  1.0000000E-99  1.0000000E-99
 1672  1.3036642E+06  6.3202553E+00  5.0140929E+03  1.2181611E+20  8.2426138E+00  1.0000000E-99  1.0000000E-99
 1673  1.3044443E+06  6.3240376E+00  5.0170935E+03  1.2119641E+20  8.3348714E+00  1.0000000E-99  1.0000000E-99
 1674  1.3052245E+06  6.3278198E+00  5.0200941E+03  1.2057314E+20  8.4290463E+00  1.0000000E-99  1.0000000E-99
 1675  1.3060046E+06  6.3316021E+00  5.0230947E+03  1.1994626E+20  8.5251989E+00  1.0000000E-99  1.0000000E-99
 1676  1.3067848E+06  6.3353843E+00  5.0260953E+03  1.1931571E+20  8.6233920E+00  1.0000000E-99  1.0000000E-99
 1677  1.3075649E+06  6.3391665E+00  5.0290959E+03  1.1868143E+20  8.7236913E+00  1.0000000E-99  1.0000000E-99
 1678  1.3083451E+06  6.3429488E+00  5.0320965E+03  1.1804336E+20  8.8261653E+00  1.0000000E-99  1.0000000E-99
 1679  1.3091252E+06  6.3467310E+00  5.0350971E+03  1.1740144E+20  8.9308853E+00  1.0000000E-99  1.0000000E-99
 1680  1.3099054E+06  6.3505132E+00  5.0380977E+03  1.1675560E+20  9.0379261E+00  1.0000000E-99  1.0000000E-99
 1681  1.3106855E+06  6.3542955E+00  5.0410982E+03  1.1610578E+20  9.1473654E+00  1.0000000E-99  1.0000000E-99
 1682  1.3114657E+06  6.3580777E+00  5.0440988E+03  1.1545192E+20  9.2592849E+00  1.0000000E-99  1.0000000E-99
 1683  1.3122459E+06  6.3618600E+00  5.0470994E+03  1.1479394E+20  9.3737696E+00  1.0000000E-99  1.0000000E-99
 1684  1.3130260E+06  6.3656422E+00  5.0501000E+03  1.1413177E+20  9.4909089E+00  1.0000000E-99  1.0000000E-99
 1685  1.3138062E+06  6.3694244E+00  5.0531006E+03  1.1346533E+20  9.6107959E+00  1.0000000E-99  1.0000000E-99
 1686  1.3145863E+06  6.3732067E+00  5.0561012E+03  1.1279457E+20  9.7335286E+00  1.0000000E-99  1.0000000E-99
 1687  1.3153665E+06  6.3769889E+00  5.0591018E+03  1.1211938E+20  9.8592093E+00  1.0000000E-99  1.0000000E-99
 1688  1.3161466E+06  6.3807712E+00  5.0621024E+03  1.1143971E+20  9.9879455E+00  1.0000000E-99  1.0000000E-99
 1689  1.3169268E+06  6.3845534E+00  5.0651030E+03  1.1075545E+20  1.0119850E+01  1.0000000E-99  1.0000000E-99
 1690  1.3177069E+06  6.3883356E+00  5.0681036E+03  1.1006653E+20  1.0255041E+01  1.0000000E-99  1.0000000E-99
 1691  1.3184871E+06  6.3921179E+00  5.0711041E+03  1.0937286E+20  1.0393643E+01  1.0000000E-99  1.0000000E-99
 1692  1.3192672E+06  6.3959001E+00  5.0741047E+03  1.0867435E+20  1.0535786E+01  1.0000000E-99  1.0000000E-99
 1693  1.3200474E+06  6.3996823E+00  5.0771053E+03  1.0797091E+20  1.0681608E+01  1.0000000E-99  1.0000000E-99
 1694  1.3208275E+06  6.4034646E+00  5.0801059E+03  1.0726243E+20  1.0831254E+01  1.0000000E-99  1.0000000E-99
 1695  1.3216077E+06  6.4072468E+00  5.0831065E+03  1.0654881E+20  1.0984876E+01  1.0000000E-99  1.0000000E-99
 1696  1.3223878E+06  6.4110291E+00  5.0861071E+03  1.0582996E+20  1.1142634E+01  1.0000000E-99  1.0000000E-99
 1697  1.3231680E+06  6.4148113E+00  5.0891077E+03  1.0510576E+20  1.1304698E+01  1.0000000E-99  1.0000000E-99
 1698  1.3239482E+06  6.4185935E+00  5.0921083E+03  1.0437611E+20  1.1471246E+01  1.0000000E-99  1.0000000E-99
 1699  1.3247283E+06  6.4223758E+00  5.0951089E+03  1.0364089E+20  1.1642467E+01  1.0000000E-99  1.0000000E-99
 1700  1.3255085E+06  6.4261580E+00  5.0981095E+03  1.0289997E+20  1.1818560E+01  1.0000000E-99  1.0000000E-99
 1701  1.3262886E+06  6.4299402E+00  5.1011100E+03  1.0215324E+20  1.1999737E+01  1.0000000E-99  1.0000000E-99
 1702  1.3270688E+06  6.4337225E+00  5.1041106E+03  1.0140057E+20  1.2186219E+01  1.0000000E-99  1.0000000E-99
 1703  1.3278489E+06  6.4375047E+00  5.1071112E+03  1.0064182E+20  1.2378245E+01  1.0000000E-99  1.0000000E-99
 1704  1.3286291E+06  6.4412870E+00  5.1101118E+03  9.9876855E+19  1.2576064E+01  1.0000000E-99  1.0000000E-99
 1705  1.3294092E+06  6.4450692E+00  5.1131124E+03  9.9105532E+19  1.2779943E+01  1.0000000E-99  1.0000000E-99
 1706  1.3301894E+06  6.4488514E+00  5.1161130E+03  9.8327700E+19  1.2990165E+01  1.0000000E-99  1.0000000E-99
 1707  1.3309695E+06  6.4526337E+00  5.1191136E+03  9.7543204E+19  1.3207029E+01  1.0000000E-99  1.0000000E-99
 1708  1.3317497E+06  6.4564159E+00  5.1221142E+03  9.6751882E+19  1.3430856E+01  1.0000000E-99  1.0000000E-99
 1709  1.3325298E+06  6.4601982E+00  5.1251148E+03  9.5953565E+19  1.3661986E+01  1.0000000E-99  1.0000000E-99
 1710  1.3333100E+06  6.4639804E+00  5.1281154E+03  9.5148076E+19  1.3900784E+01  1.0000000E-99  1.0000000E-99
 1711  1.3340901E+06  6.4677626E+00  5.1311159E+03  9.4335233E+19  1.4147635E+01  1.0000000E-99  1.0000000E-99
 1712  1.3348703E+06  6.4715449E+00  5.1341165E+03  9.3514842E+19  1.4402956E+01  1.0000000E-99  1.0000000E-99
 1713  1.3356505E+06  6.4753271E+00  5.1371171E+03  9.2686705E+19  1.4667188E+01  1.0000000E-99  1.0000000E-99
 1714  1.3364306E+06  6.4791093E+00  5.1401177E+03  9.1850611E+19  1.4940808E+01  1.0000000E-99  1.0000000E-99
 1715  1.3372108E+06  6.4828916E+00  5.1431183E+03  9.1006340E+19  1.5224323E+01  1.0000000E-99  1.0000000E-99
 1716  1.3379909E+06  6.4866738E+00  5.1461189E+03  9.0153664E+19  1.5518282E+01  1.0000000E-99  1.0000000E-99
 1717  1.3387711E+06  6.4904561E+00  5.1491195E+03  8.9292342E+19  1.5823270E+01  1.0000000E-99  1.0000000E-99
 1718  1.3395512E+06  6.4942383E+00  5.1521201E+03  8.8422120E+19  1.6139922E+01  1.0000000E-99  1.0000000E-99
 1719  1.3403314E+06  6.4980205E+00  5.1551207E+03  8.7542734E+19  1.6468918E+01  1.0000000E-99  1.0000000E-99
 1720  1.3411115E+06  6.5018028E+00  5.1581212E+03  8.6653904E+19  1.6810995E+01  1.0000000E-99  1.0000000E-99
 1721  1.3418917E+06  6.5055850E+00  5.1611218E+03  8.5755337E+19  1.7166949E+01  1.0000000E-99  1.0000000E-99
 1722  1.3426718E+06  6.5093672E+00  5.1641224E+03  8.4846724E+19  1.7537641E+01  1.0000000E-99  1.0000000E-99
 1723  1.3434520E+06  6.5131495E+00  5.1671230E+03  8.3927737E+19  1.7924006E+01  1.0000000E-99  1.0000000E-99
 1724  1.3442321E+06  6.5169317E+00  5.1701236E+03  8.2998033E+19  1.8327059E+01  1.0000000E-99  1.0000000E-99
 1725  1.3450123E+06  6.5207140E+00  5.1731242E+03  8.2057248E+19  1.8747905E+01  1.0000000E-99  1.0000000E-99
 1726  1.3457924E+06  6.5244962E+00  5.1761248E+03  8.1104995E+19  1.9187748E+01  1.0000000E-99  1.0000000E-99
 1727  1.3465726E+06  6.5282784E+00  5.1791254E+03  8.0140866E+19  1.9647906E+01  1.0000000E-99  1.0000000E-99
 1728  1.3473528E+06  6.5320607E+00  5.1821260E+03  7.9164426E+19  2.0129817E+01  1.0000000E-99  1.0000000E-99
 1729  1.3481329E+06  6.5358429E+00  5.1851266E+03  7.8175216E+19  2.0635062E+01  1.0000000E-99  1.0000000E-99
 1730  1.3489131E+06  6.5396252E+00  5.1881271E+03  7.7172743E+19  2.1165378E+01  1.0000000E-99  1.0000000E-99
 1731  1.3496932E+06  6.5434074E+00  5.1911277E+03  7.6156484E+19  2.1722677E+01  1.0000000E-99  1.0000000E-99
 1732  1.3504734E+06  6.5471896E+00  5.1941283E+03  7.5125879E+19  2.2309072E+01  1.0000000E-99  1.0000000E-99
 1733  1.3512535E+06  6.5509719E+00  5.1971289E+03  7.4080330E+19  2.2926904E+01  1.0000000E-99  1.0000000E-99
 1734  1.3520337E+06  6.5547541E+00  5.2001295E+03  7.3019195E+19  2.3578769E+01  1.0000000E-99  1.0000000E-99
 1735  1.3528138E+06  6.5585363E+00  5.2031301E+03  7.1941783E+19  2.4267560E+01  1.0000000E-99  1.0000000E-99
 1736  1.3535940E+06  6.5623186E+00  5.2061307E+03  7.0847353E+19  2.4996504E+01  1.0000000E-99  1.0000000E-99
 1737  1.3543741E+06  6.5661008E+00  5.2091313E+03  6.9735103E+19  2.5769219E+01  1.0000000E-99  1.0000000E-99
 1738  1.3551543E+06  6.5698831E+00  5.2121319E+03  6.8604167E+19  2.6589769E+01  1.0000000E-99  1.0000000E-99
 1739  1.3559344E+06  6.5736653E+00  5.2151325E+03  6.7453604E+19  2.7462737E+01  1.0000000E-99  1.0000000E-99
 1740  1.3567146E+06  6.5774475E+00  5.2181330E+03  6.6282393E+19  2.8393312E+01  1.0000000E-99  1.0000000E-99
 1741  1.3574947E+06  6.5812298E+00  5.2211336E+03  6.5089419E+19  2.9387392E+01  1.0000000E-99  1.0000000E-99
 1742  1.3582749E+06  6.5850120E+00  5.2241342E+03  6.3873462E+19  3.0451705E+01  1.0000000E-99  1.0000000E-99
 1743  1.3590551E+06  6.5887942E+00  5.2271348E+03  6.2633184E+19  3.1593968E+01  1.0000000E-99  1.0000000E-99
 1744  1.3598352E+06  6.5925765E+00  5.2301354E+03  6.1367111E+19  3.2823072E+01  1.0000000E-99  1.0000000E-99
 1745  1.3606154E+06  6.5963587E+00  5.2331360E+03  6.0073611E+19  3.4149310E+01  1.0000000E-99  1.0000000E-99
 1746  1.3613955E+06  6.6001410E+00  5.2361366E+03  5.8750873E+19  3.5584672E+01  1.0000000E-99  1.0000000E-99
 1747  1.3621757E+06  6.6039232E+00  5.2391372E+03  5.7396875E+19  3.7143206E+01  1.0000000E-99  1.0000000E-99
 1748  1.3629558E+06  6.6077054E+00  5.2421378E+03  5.6009351E+19  3.8841478E+01  1.0000000E-99  1.0000000E-99
 1749  1.3637360E+06  6.6114877E+00  5.2451384E+03  5.4585744E+19  4.0699167E+01  1.0000000E-99  1.0000000E-99
 1750  1.3645161E+06  6.6152699E+00  5.2481389E+03  5.3123153E+19  4.2739828E+01  1.0000000E-99  1.0000000E-99
 1751  1.3652963E+06  6.6190522E+00  5.2511395E+03  5.1618265E+19  4.4991900E+01  1.0000000E-99  1.0000000E-99
 1752  1.3660764E+06  6.6228344E+00  5.2541401E+03  5.0067265E+19  4.7490038E+01  1.0000000E-99  1.0000000E-99
 1753  1.3668566E+06  6.6266166E+00  5.2571407E+03  4.8465726E+19  5.0276911E+01  1.0000000E-99  1.0000000E-99
 1754  1.3676367E+06  6.6303989E+00  5.2601413E+03  4.6808463E+19  5.3405662E+01  1.0000000E-99  1.0000000E-99
 1755  1.3684169E+06  6.6341811E+00  5.2631419E+03  4.5089330E+19  5.6943334E+01  1.0000000E-99  1.0000000E-99
 1756  1.3691970E+06  6.6379633E+00  5.2661425E+03  4.3300959E+19  6.0975733E+01  1.0000000E-99  1.0000000E-99
 1757  1.3699772E+06  6.6417456E+00  5.2691431E+03  4.1434385E+19  6.5614487E+01  1.0000000E-99  1.0000000E-99
 1758  1.3707574E+06  6.6455278E+00  5.2721437E+03  3.9478519E+19  7.1007561E+01  1.0000000E-99  1.0000000E-99
 1759  1.3715375E+06  6.6493101E+00  5.2751442E+03  3.7419360E+19  7.7355360E+01  1.0000000E-99  1.0000000E-99
 1760  1.3723177E+06  6.6530923E+00  5.2781448E+03  3.5238806E+19  8.4936236E+01  1.0000000E-99  1.0000000E-99
 1761  1.3730978E+06  6.6568745E+00  5.2811454E+03  3.2912739E+19  9.4148509E+01  1.0000000E-99  1.0000000E-99
 1762  1.3738780E+06  6.6606568E+00  5.2841460E+03  3.0407781E+19  1.0558299E+02  1.0000000E-99  1.0000000E-99
 1763  1.3746581E+06  6.6644390E+00  5.2871466E+03  2.7675401E+19  1.2015546E+02  1.0000000E-99  1.0000000E-99
 1764  1.3754383E+06  6.6682212E+00  5.2901472E+03  2.4640057E+19  1.3936621E+02  1.0000000E-99  1.0000000E-99
 1765  1.3762184E+06  6.6720035E+00  5.2931478E+03  2.1171842E+19  1.6585662E+02  1.0000000E-99  1.0000000E-99
 1766  1.3769986E+06  6.6757857E+00  5.2961484E+03  1.7007977E+19  2.0475469E+02  1.0000000E-99  1.0000000E-99
 1767  1.3777787E+06  6.6795680E+00  5.2991490E+03  1.1410766E+19  2.6753077E+02  1.0000000E-99  1.0000000E-99
 1768  1.3785589E+06  6.6833502E+00  5.3021496E+03  2.1507633E-06  3.8641500E+02  1.0000000E-99  1.0000000E-99
 1769  1.3793390E+06  6.6871324E+00  5.3051501E+03  2.1507633E-06  3.8641500E+02  1.0000000E-99  1.0000000E-99
 1770  1.3801192E+06  6.6909147E+00  5.3081507E+03  2.1507633E-06  1.0000000E-99  1.0000000E-99  1.0000000E-99
 1771  1.3808993E+06  6.6946969E+00  5.3111513E+03  2.1507633E-06  1.0000000E-99  1.0000000E-99  1.0000000E-99
 1772  1.3816795E+06  6.6984792E+00  5.3141519E+03  2.1507633E-06  1.0000000E-99  1.0000000E-99  1.0000000E-99
 1773  1.3824597E+06  6.7022614E+00  5.3171525E+03  2.1507633E-06  1.0000000E-99  1.0000000E-99  1.0000000E-99
 1774  1.3832398E+06  6.7060436E+00  5.3201531E+03  2.1507633E-06  1.0000000E-99  1.0000000E-99  1.0000000E-99
 1775  1.3840200E+06  6.7098259E+00  5.3231537E+03  2.1507633E-06  1.0000000E-99  1.0000000E-99  1.0000000E-99
 1776  1.3848001E+06  6.7136081E+00  5.3261543E+03  2.1507633E-06  1.0000000E-99  1.0000000E-99  1.0000000E-99
 1777  1.3855803E+06  6.7173903E+00  5.3291549E+03  2.1507633E-06  1.0000000E-99  1.0000000E-99  1.0000000E-99
 1778  1.3863604E+06  6.7211726E+00  5.3321555E+03  2.1507633E-06  1.0000000E-99  1.0000000E-99  1.0000000E-99
 1779  1.3871406E+06  6.7249548E+00  5.3351560E+03  2.1507633E-06  1.0000000E-99  1.0000000E-99  1.0000000E-99
 1780  1.3879207E+06  6.7287371E+00  5.3381566E+03  2.1507633E-06  1.0000000E-99  1.0000000E-99  1.0000000E-99
 1781  1.3887009E+06  6.7325193E+00  5.3411572E+03  2.1507633E-06  1.0000000E-99  1.0000000E-99  1.0000000E-99
 1782  1.3894810E+06  6.7363015E+00  5.3441578E+03  2.1507633E-06  1.0000000E-99  1.0000000E-99  1.0000000E-99
 1783  1.3902612E+06  6.7400838E+00  5.3471584E+03  2.1507633E-06  1.0000000E-99  1.0000000E-99  1.0000000E-99
 1784  1.3910413E+06  6.7438660E+00  5.3501590E+03  2.1507633E-06  1.0000000E-99  1.0000000E-99  1.0000000E-99
 1785  1.3918215E+06  6.7476482E+00  5.3531596E+03  2.1507633E-06  1.0000000E-99  1.0000000E-99  1.0000000E-99
 1786  1.3926016E+06  6.7514305E+00  5.3561602E+03  2.1507633E-06  1.0000000E-99  1.0000000E-99  1.0000000E-99
 1787  1.3933818E+06  6.7552127E+00  5.3591608E+03  2.1507633E-06  1.0000000E-99  1.0000000E-99  1.0000000E-99
 1788  1.3941620E+06  6.7589950E+00  5.3621614E+03  2.1507633E-06  1.0000000E-99  1.0000000E-99  1.0000000E-99
 1789  1.3949421E+06  6.7627772E+00  5.3651619E+03  2.1507633E-06  1.0000000E-99  1.0000000E-99  1.0000000E-99
 1790  1.3957223E+06  6.7665594E+00  5.3681625E+03  2.1507633E-06  1.0000000E-99  1.0000000E-99  1.0000000E-99
 1791  1.3965024E+06  6.7703417E+00  5.3711631E+03  2.1507633E-06  1.0000000E-99  1.0000000E-99  1.0000000E-99
 1792  1.3972826E+06  6.7741239E+00  5.3741637E+03  2.1507633E-06  1.0000000E-99  1.0000000E-99  1.0000000E-99
 1793  1.3980627E+06  6.7779062E+00  5.3771643E+03  2.1507633E-06  1.0000000E-99  1.0000000E-99  1.0000000E-99
 1794  1.3988429E+06  6.7816884E+00  5.3801649E+03  2.1507633E-06  1.0000000E-99  1.0000000E-99  1.0000000E-99
 1795  1.3996230E+06  6.7854706E+00  5.3831655E+03  2.1507633E-06  1.0000000E-99  1.0000000E-99  1.0000000E-99
 1796  1.4004032E+06  6.7892529E+00  5.3861661E+03  2.1507633E-06  1.0000000E-99  1.0000000E-99  1.0000000E-99
 1797  1.4011833E+06  6.7930351E+00  5.3891667E+03  2.1507633E-06  1.0000000E-99  1.0000000E-99  1.0000000E-99
 1798  1.4019635E+06  6.7968173E+00  5.3921672E+03  2.1507633E-06  1.0000000E-99  1.0000000E-99  1.0000000E-99
 1799  1.4027436E+06  6.8005996E+00  5.3951678E+03  2.1507633E-06  1.0000000E-99  1.0000000E-99  1.0000000E-99
 1800  1.4035238E+06  6.8043818E+00  5.3981684E+03  2.1507633E-06  1.0000000E-99  1.0000000E-99  1.0000000E-99
 1801  1.4043039E+06  6.8081641E+00  5.4011690E+03  2.1507633E-06  1.0000000E-99  1.0000000E-99  1.0000000E-99
 1802  1.4050841E+06  6.8119463E+00  5.4041696E+03  2.1507633E-06  1.0000000E-99  1.0000000E-99  1.0000000E-99
 1803  1.4058643E+06  6.8157285E+00  5.4071702E+03  2.1507633E-06  1.0000000E-99  1.0000000E-99  1.0000000E-99
 1804  1.4066444E+06  6.8195108E+00  5.4101708E+03  2.1507633E-06  1.0000000E-99  1.0000000E-99  1.0000000E-99
 1805  1.4074246E+06  6.8232930E+00  5.4131714E+03  2.1507633E-06  1.0000000E-99  1.0000000E-99  1.0000000E-99
 1806  1.4082047E+06  6.8270752E+00  5.4161720E+03  2.1507633E-06  1.0000000E-99  1.0000000E-99  1.0000000E-99
 1807  1.4089849E+06  6.8308575E+00  5.4191726E+03  2.1507633E-06  1.0000000E-99  1.0000000E-99  1.0000000E-99
 1808  1.4097650E+06  6.8346397E+00  5.4221731E+03  2.1507633E-06  1.0000000E-99  1.0000000E-99  1.0000000E-99
 1809  1.4105452E+06  6.8384220E+00  5.4251737E+03  2.1507633E-06  1.0000000E-99  1.0000000E-99  1.0000000E-99
 1810  1.4113253E+06  6.8422042E+00  5.4281743E+03  2.1507633E-06  1.0000000E-99  1.0000000E-99  1.0000000E-99
 1811  1.4121055E+06  6.8459864E+00  5.4311749E+03  2.1507633E-06  1.0000000E-99  1.0000000E-99  1.0000000E-99
 1812  1.4128856E+06  6.8497687E+00  5.4341755E+03  2.1507633E-06  1.0000000E-99  1.0000000E-99  1.0000000E-99
 1813  1.4136658E+06  6.8535509E+00  5.4371761E+03  2.1507633E-06  1.0000000E-99  1.0000000E-99  1.0000000E-99
 1814  1.4144459E+06  6.8573332E+00  5.4401767E+03  2.1507633E-06  1.0000000E-99  1.0000000E-99  1.0000000E-99
 1815  1.4152261E+06  6.8611154E+00  5.4431773E+03  2.1507633E-06  1.0000000E-99  1.0000000E-99  1.0000000E-99
 1816  1.4160062E+06  6.8648976E+00  5.4461779E+03  2.1507633E-06  1.0000000E-99  1.0000000E-99  1.0000000E-99
 1817  1.4167864E+06  6.8686799E+00  5.4491785E+03  2.1507633E-06  1.0000000E-99  1.0000000E-99  1.0000000E-99
 1818  1.4175666E+06  6.8724621E+00  5.4521790E+03  2.1507633E-06  1.0000000E-99  1.0000000E-99  1.0000000E-99
 1819  1.4183467E+06  6.8762443E+00  5.4551796E+03  2.1507633E-06  1.0000000E-99  1.0000000E-99  1.0000000E-99
 1820  1.4191269E+06  6.8800266E+00  5.4581802E+03  2.1507633E-06  1.0000000E-99  1.0000000E-99  1.0000000E-99
 1821  1.4199070E+06  6.8838088E+00  5.4611808E+03  2.1507633E-06  1.0000000E-99  1.0000000E-99  1.0000000E-99
 1822  1.4206872E+06  6.8875911E+00  5.4641814E+03  2.1507633E-06  1.0000000E-99  1.0000000E-99  1.0000000E-99
 1823  1.4214673E+06  6.8913733E+00  5.4671820E+03  2.1507633E-06  1.0000000E-99  1.0000000E-99  1.0000000E-99
 1824  1.4222475E+06  6.8951555E+00  5.4701826E+03  2.1507633E-06  1.0000000E-99  1.0000000E-99  1.0000000E-99
 1825  1.4230276E+06  6.8989378E+00  5.4731832E+03  2.1507633E-06  1.0000000E-99  1.0000000E-99  1.0000000E-99
 1826  1.4238078E+06  6.9027200E+00  5.4761838E+03  2.1507633E-06  1.0000000E-99  1.0000000E-99  1.0000000E-99
 1827  1.4245879E+06  6.9065022E+00  5.4791844E+03  2.1507633E-06  1.0000000E-99  1.0000000E-99  1.0000000E-99
 1828  1.4253681E+06  6.9102845E+00  5.4821849E+03  2.1507633E-06  1.0000000E-99  1.0000000E-99  1.0000000E-99
 1829  1.4261482E+06  6.9140667E+00  5.4851855E+03  2.1507633E-06  1.0000000E-99  1.0000000E-99  1.0000000E-99
 1830  1.4269284E+06  6.9178490E+00  5.4881861E+03  2.1507633E-06  1.0000000E-99  1.0000000E-99  1.0000000E-99
 1831  1.4277085E+06  6.9216312E+00  5.4911867E+03  2.1507633E-06  1.0000000E-99  1.0000000E-99  1.0000000E-99
 1832  1.4284887E+06  6.9254134E+00  5.4941873E+03  2.1507633E-06  1.0000000E-99  1.0000000E-99  1.0000000E-99
 1833  1.4292689E+06  6.9291957E+00  5.4971879E+03  2.1507633E-06  1.0000000E-99  1.0000000E-99  1.0000000E-99
 1834  1.4300490E+06  6.9329779E+00  5.5001885E+03  2.1507633E-06  1.0000000E-99  1.0000000E-99  1.0000000E-99
 1835  1.4308292E+06  6.9367602E+00  5.5031891E+03  2.1507633E-06  1.0000000E-99  1.0000000E-99  1.0000000E-99
 1836  1.4316093E+06  6.9405424E+00  5.5061897E+03  2.1507633E-06  1.0000000E-99  1.0000000E-99  1.0000000E-99
 1837  1.4323895E+06  6.9443246E+00  5.5091902E+03  2.1507633E-06  1.0000000E-99  1.0000000E-99  1.0000000E-99
 1838  1.4331696E+06  6.9481069E+00  5.5121908E+03  2.1507633E-06  1.0000000E-99  1.0000000E-99  1.0000000E-99
 1839  1.4339498E+06  6.9518891E+00  5.5151914E+03  2.1507633E-06  1.0000000E-99  1.0000000E-99  1.0000000E-99
 1840  1.4347299E+06  6.9556713E+00  5.5181920E+03  2.1507633E-06  1.0000000E-99  1.0000000E-99  1.0000000E-99
 1841  1.4355101E+06  6.9594536E+00  5.5211926E+03  2.1507633E-06  1.0000000E-99  1.0000000E-99  1.0000000E-99
 1842  1.4362902E+06  6.9632358E+00  5.5241932E+03  2.1507633E-06  1.0000000E-99  1.0000000E-99  1.0000000E-99
 1843  1.4370704E+06  6.9670181E+00  5.5271938E+03  2.1507633E-06  1.0000000E-99  1.0000000E-99  1.0000000E-99
 1844  1.4378505E+06  6.9708003E+00  5.5301944E+03  2.1507633E-06  1.0000000E-99  1.0000000E-99  1.0000000E-99
 1845  1.4386307E+06  6.9745825E+00  5.5331950E+03  2.1507633E-06  1.0000000E-99  1.0000000E-99  1.0000000E-99
 1846  1.4394108E+06  6.9783648E+00  5.5361956E+03  2.1507633E-06  1.0000000E-99  1.0000000E-99  1.0000000E-99
 1847  1.4401910E+06  6.9821470E+00  5.5391961E+03  2.1507633E-06  1.0000000E-99  1.0000000E-99  1.0000000E-99
 1848  1.4409712E+06  6.9859292E+00  5.5421967E+03  2.1507633E-06  1.0000000E-99  1.0000000E-99  1.0000000E-99
 1849  1.4417513E+06  6.9897115E+00  5.5451973E+03  2.1507633E-06  1.0000000E-99  1.0000000E-99  1.0000000E-99
 1850  1.4425315E+06  6.9934937E+00  5.5481979E+03  2.1507633E-06  1.0000000E-99  1.0000000E-99  1.0000000E-99
 1851  1.4433116E+06  6.9972760E+00  5.5511985E+03  2.1507633E-06  1.0000000E-99  1.0000000E-99  1.0000000E-99
 1852  1.4440918E+06  7.0010582E+00  5.5541991E+03  2.1507633E-06  1.0000000E-99  1.0000000E-99  1.0000000E-99
 1853  1.4448719E+06  7.0048404E+00  5.5571997E+03  2.1507633E-06  1.0000000E-99  1.0000000E-99  1.0000000E-99
 1854  1.4456521E+06  7.0086227E+00  5.5602003E+03  2.1507633E-06  1.0000000E-99  1.0000000E-99  1.0000000E-99
 1855  1.4464322E+06  7.0124049E+00  5.5632009E+03  2.1507633E-06  1.0000000E-99  1.0000000E-99  1.0000000E-99
 1856  1.4472124E+06  7.0161872E+00  5.5662015E+03  2.1507633E-06  1.0000000E-99  1.0000000E-99  1.0000000E-99
 1857  1.4479925E+06  7.0199694E+00  5.5692020E+03  2.1507633E-06  1.0000000E-99  1.0000000E-99  1.0000000E-99
 1858  1.4487727E+06  7.0237516E+00  5.5722026E+03  2.1507633E-06  1.0000000E-99  1.0000000E-99  1.0000000E-99
 1859  1.4495528E+06  7.0275339E+00  5.5752032E+03  2.1507633E-06  1.0000000E-99  1.0000000E-99  1.0000000E-99
 1860  1.4503330E+06  7.0313161E+00  5.5782038E+03  2.1507633E-06  1.0000000E-99  1.0000000E-99  1.0000000E-99
 1861  1.4511131E+06  7.0350983E+00  5.5812044E+03  2.1507633E-06  1.0000000E-99  1.0000000E-99  1.0000000E-99
 1862  1.4518933E+06  7.0388806E+00  5.5842050E+03  2.1507633E-06  1.0000000E-99  1.0000000E-99  1.0000000E-99
 1863  1.4526735E+06  7.0426628E+00  5.5872056E+03  2.1507633E-06  1.0000000E-99  1.0000000E-99  1.0000000E-99
 1864  1.4534536E+06  7.0464451E+00  5.5902062E+03  2.1507633E-06  1.0000000E-99  1.0000000E-99  1.0000000E-99
 1865  1.4542338E+06  7.0502273E+00  5.5932068E+03  2.1507633E-06  1.0000000E-99  1.0000000E-99  1.0000000E-99
 1866  1.4550139E+06  7.0540095E+00  5.5962074E+03  2.1507633E-06  1.0000000E-99  1.0000000E-99  1.0000000E-99
 1867  1.4557941E+06  7.0577918E+00  5.5992079E+03  2.1507633E-06  1.0000000E-99  1.0000000E-99  1.0000000E-99
 1868  1.4565742E+06  7.0615740E+00  5.6022085E+03  2.1507633E-06  1.0000000E-99  1.0000000E-99  1.0000000E-99
 1869  1.4573544E+06  7.0653562E+00  5.6052091E+03  2.1507633E-06  1.0000000E-99  1.0000000E-99  1.0000000E-99
 1870  1.4581345E+06  7.0691385E+00  5.6082097E+03  2.1507633E-06  1.0000000E-99  1.0000000E-99  1.0000000E-99
 1871  1.4589147E+06  7.0729207E+00  5.6112103E+03  2.1507633E-06  1.0000000E-99  1.0000000E-99  1.0000000E-99
 1872  1.4596948E+06  7.0767030E+00  5.6142109E+03  2.1507633E-06  1.0000000E-99  1.0000000E-99  1.0000000E-99
 1873  1.4604750E+06  7.0804852E+00  5.6172115E+03  2.1507633E-06  1.0000000E-99  1.0000000E-99  1.0000000E-99
 1874  1.4612551E+06  7.0842674E+00  5.6202121E+03  2.1507633E-06  1.0000000E-99  1.0000000E-99  1.0000000E-99
 1875  1.4620353E+06  7.0880497E+00  5.6232127E+03  2.1507633E-06  1.0000000E-99  1.0000000E-99  1.0000000E-99
 1876  1.4628154E+06  7.0918319E+00  5.6262132E+03  2.1507633E-06  1.0000000E-99  1.0000000E-99  1.0000000E-99
 1877  1.4635956E+06  7.0956142E+00  5.6292138E+03  2.1507633E-06  1.0000000E-99  1.0000000E-99  1.0000000E-99
 1878  1.4643758E+06  7.0993964E+00  5.6322144E+03  2.1507633E-06  1.0000000E-99  1.0000000E-99  1.0000000E-99
 1879  1.4651559E+06  7.1031786E+00  5.6352150E+03  2.1507633E-06  1.0000000E-99  1.0000000E-99  1.0000000E-99
 1880  1.4659361E+06  7.1069609E+00  5.6382156E+03  2.1507633E-06  1.0000000E-99  1.0000000E-99  1.0000000E-99
 1881  1.4667162E+06  7.1107431E+00  5.6412162E+03  2.1507633E-06  1.0000000E-99  1.0000000E-99  1.0000000E-99
 1882  1.4674964E+06  7.1145253E+00  5.6442168E+03  2.1507633E-06  1.0000000E-99  1.0000000E-99  1.0000000E-99
 1883  1.4682765E+06  7.1183076E+00  5.6472174E+03  2.1507633E-06  1.0000000E-99  1.0000000E-99  1.0000000E-99
 1884  1.4690567E+06  7.1220898E+00  5.6502180E+03  2.1507633E-06  1.0000000E-99  1.0000000E-99  1.0000000E-99
 1885  1.4698368E+06  7.1258721E+00  5.6532186E+03  2.1507633E-06  1.0000000E-99  1.0000000E-99  1.0000000E-99
 1886  1.4706170E+06  7.1296543E+00  5.6562191E+03  2.1507633E-06  1.0000000E-99  1.0000000E-99  1.0000000E-99
 1887  1.4713971E+06  7.1334365E+00  5.6592197E+03  2.1507633E-06  1.0000000E-99  1.0000000E-99  1.0000000E-99
 1888  1.4721773E+06  7.1372188E+00  5.6622203E+03  2.1507633E-06  1.0000000E-99  1.0000000E-99  1.0000000E-99
 1889  1.4729574E+06  7.1410010E+00  5.6652209E+03  2.1507633E-06  1.0000000E-99  1.0000000E-99  1.0000000E-99
 1890  1.4737376E+06  7.1447832E+00  5.6682215E+03  2.1507633E-06  1.0000000E-99  1.0000000E-99  1.0000000E-99
 1891  1.4745177E+06  7.1485655E+00  5.6712221E+03  2.1507633E-06  1.0000000E-99  1.0000000E-99  1.0000000E-99
 1892  1.4752979E+06  7.1523477E+00  5.6742227E+03  2.1507633E-06  1.0000000E-99  1.0000000E-99  1.0000000E-99
 1893  1.4760781E+06  7.1561300E+00  5.6772233E+03  2.1507633E-06  1.0000000E-99  1.0000000E-99  1.0000000E-99
 1894  1.4768582E+06  7.1599122E+00  5.6802239E+03  2.1507633E-06  1.0000000E-99  1.0000000E-99  1.0000000E-99
 1895  1.4776384E+06  7.1636944E+00  5.6832245E+03  2.1507633E-06  1.0000000E-99  1.0000000E-99  1.0000000E-99
 1896  1.4784185E+06  7.1674767E+00  5.6862250E+03  2.1507633E-06  1.0000000E-99  1.0000000E-99  1.0000000E-99
 1897  1.4791987E+06  7.1712589E+00  5.6892256E+03  2.1507633E-06  1.0000000E-99  1.0000000E-99  1.0000000E-99
 1898  1.4799788E+06  7.1750412E+00  5.6922262E+03  2.1507633E-06  1.0000000E-99  1.0000000E-99  1.0000000E-99
 1899  1.4807590E+06  7.1788234E+00  5.6952268E+03  2.1507633E-06  1.0000000E-99  1.0000000E-99  1.0000000E-99
 1900  1.4815391E+06  7.1826056E+00  5.6982274E+03  2.1507633E-06  1.0000000E-99  1.0000000E-99  1.0000000E-99
 1901  1.4823193E+06  7.1863879E+00  5.7012280E+03  2.1507633E-06  1.0000000E-99  1.0000000E-99  1.0000000E-99
 1902  1.4830994E+06  7.1901701E+00  5.7042286E+03  2.1507633E-06  1.0000000E-99  1.0000000E-99  1.0000000E-99
 1903  1.4838796E+06  7.1939523E+00  5.7072292E+03  2.1507633E-06  1.0000000E-99  1.0000000E-99  1.0000000E-99
 1904  1.4846597E+06  7.1977346E+00  5.7102298E+03  2.1507633E-06  1.0000000E-99  1.0000000E-99  1.0000000E-99
 1905  1.4854399E+06  7.2015168E+00  5.7132304E+03  2.1507633E-06  1.0000000E-99  1.0000000E-99  1.0000000E-99
 1906  1.4862200E+06  7.2052991E+00  5.7162309E+03  2.1507633E-06  1.0000000E-99  1.0000000E-99  1.0000000E-99
 1907  1.4870002E+06  7.2090813E+00  5.7192315E+03  2.1507633E-06  1.0000000E-99  1.0000000E-99  1.0000000E-99
 1908  1.4877804E+06  7.2128635E+00  5.7222321E+03  2.1507633E-06  1.0000000E-99  1.0000000E-99  1.0000000E-99
 1909  1.4885605E+06  7.2166458E+00  5.7252327E+03  2.1507633E-06  1.0000000E-99  1.0000000E-99  1.0000000E-99
 1910  1.4893407E+06  7.2204280E+00  5.7282333E+03  2.1507633E-06  1.0000000E-99  1.0000000E-99  1.0000000E-99
 1911  1.4901208E+06  7.2242102E+00  5.7312339E+03  2.1507633E-06  1.0000000E-99  1.0000000E-99  1.0000000E-99
 1912  1.4909010E+06  7.2279925E+00  5.7342345E+03  2.1507633E-06  1.0000000E-99  1.0000000E-99  1.0000000E-99
 1913  1.4916811E+06  7.2317747E+00  5.7372351E+03  2.1507633E-06  1.0000000E-99  1.0000000E-99  1.0000000E-99
 1914  1.4924613E+06  7.2355570E+00  5.7402357E+03  2.1507633E-06  1.0000000E-99  1.0000000E-99  1.0000000E-99
 1915  1.4932414E+06  7.2393392E+00  5.7432363E+03  2.1507633E-06  1.0000000E-99  1.0000000E-99  1.0000000E-99
 1916  1.4940216E+06  7.2431214E+00  5.7462368E+03  2.1507633E-06  1.0000000E-99  1.0000000E-99  1.0000000E-99
 1917  1.4948017E+06  7.2469037E+00  5.7492374E+03  2.1507633E-06  1.0000000E-99  1.0000000E-99  1.0000000E-99
 1918  1.4955819E+06  7.2506859E+00  5.7522380E+03  2.1507633E-06  1.0000000E-99  1.0000000E-99  1.0000000E-99
 1919  1.4963620E+06  7.2544682E+00  5.7552386E+03  2.1507633E-06  1.0000000E-99  1.0000000E-99  1.0000000E-99
 1920  1.4971422E+06  7.2582504E+00  5.7582392E+03  2.1507633E-06  1.0000000E-99  1.0000000E-99  1.0000000E-99
 1921  1.4979223E+06  7.2620326E+00  5.7612398E+03  2.1507633E-06  1.0000000E-99  1.0000000E-99  1.0000000E-99
 1922  1.4987025E+06  7.2658149E+00  5.7642404E+03  2.1507633E-06  1.0000000E-99  1.0000000E-99  1.0000000E-99
 1923  1.4994827E+06  7.2695971E+00  5.7672410E+03  2.1507633E-06  1.0000000E-99  1.0000000E-99  1.0000000E-99
 1924  1.5002628E+06  7.2733793E+00  5.7702416E+03  2.1507633E-06  1.0000000E-99  1.0000000E-99  1.0000000E-99
 1925  1.5010430E+06  7.2771616E+00  5.7732421E+03  2.1507633E-06  1.0000000E-99  1.0000000E-99  1.0000000E-99
 1926  1.5018231E+06  7.2809438E+00  5.7762427E+03  2.1507633E-06  1.0000000E-99  1.0000000E-99  1.0000000E-99
 1927  1.5026033E+06  7.2847261E+00  5.7792433E+03  2.1507633E-06  1.0000000E-99  1.0000000E-99  1.0000000E-99
 1928  1.5033834E+06  7.2885083E+00  5.7822439E+03  2.1507633E-06  1.0000000E-99  1.0000000E-99  1.0000000E-99
 1929  1.5041636E+06  7.2922905E+00  5.7852445E+03  2.1507633E-06  1.0000000E-99  1.0000000E-99  1.0000000E-99
 1930  1.5049437E+06  7.2960728E+00  5.7882451E+03  2.1507633E-06  1.0000000E-99  1.0000000E-99  1.0000000E-99
 1931  1.5057239E+06  7.2998550E+00  5.7912457E+03  2.1507633E-06  1.0000000E-99  1.0000000E-99  1.0000000E-99
 1932  1.5065040E+06  7.3036372E+00  5.7942463E+03  2.1507633E-06  1.0000000E-99  1.0000000E-99  1.0000000E-99
 1933  1.5072842E+06  7.3074195E+00  5.7972469E+03  2.1507633E-06  1.0000000E-99  1.0000000E-99  1.0000000E-99
 1934  1.5080643E+06  7.3112017E+00  5.8002475E+03  2.1507633E-06  1.0000000E-99  1.0000000E-99  1.0000000E-99
 1935  1.5088445E+06  7.3149840E+00  5.8032480E+03  2.1507633E-06  1.0000000E-99  1.0000000E-99  1.0000000E-99
 1936  1.5096246E+06  7.3187662E+00  5.8062486E+03  2.1507633E-06  1.0000000E-99  1.0000000E-99  1.0000000E-99
 1937  1.5104048E+06  7.3225484E+00  5.8092492E+03  2.1507633E-06  1.0000000E-99  1.0000000E-99  1.0000000E-99
 1938  1.5111850E+06  7.3263307E+00  5.8122498E+03  2.1507633E-06  1.0000000E-99  1.0000000E-99  1.0000000E-99
 1939  1.5119651E+06  7.3301129E+00  5.8152504E+03  2.1507633E-06  1.0000000E-99  1.0000000E-99  1.0000000E-99
 1940  1.5127453E+06  7.3338952E+00  5.8182510E+03  2.1507633E-06  1.0000000E-99  1.0000000E-99  1.0000000E-99
 1941  1.5135254E+06  7.3376774E+00  5.8212516E+03  2.1507633E-06  1.0000000E-99  1.0000000E-99  1.0000000E-99
 1942  1.5143056E+06  7.3414596E+00  5.8242522E+03  2.1507633E-06  1.0000000E-99  1.0000000E-99  1.0000000E-99
 1943  1.5150857E+06  7.3452419E+00  5.8272528E+03  2.1507633E-06  1.0000000E-99  1.0000000E-99  1.0000000E-99
