! Date: 14/08/2026  Time: 14:36:41  Created by RADMC3D compiled on Aug 14 2026 12:46    
! Alexander Men’shchikov, DAp IRFU CEA Saclay, France                         
!
! RADIAL PROFILES OF SURFACE DENSITIES (cm^-2)
!
! Distance (pc): 2.60000000E+02  Mass-averaged Tdust (K): 1.42640542E+01
!
!   N   RADIUS(au)     RADIUS(pc)     RADIUS(as)      PROFILE        SLOPE          PROFILEBS      SLOPEBS
!
    1  2.8928171E+01  1.4024580E-04  1.1126220E-01  1.8814387E+22  5.0236270E-03  1.8439613E+22  5.1266055E-03
    2  8.0861471E+02  3.9202209E-03  3.1100566E+00  1.8502218E+22  5.0236270E-03  1.8127445E+22  5.1266055E-03
    3  1.5883013E+03  7.7001959E-03  6.1088510E+00  1.7625531E+22  5.0236270E-03  1.7250758E+22  5.1266055E-03
    4  2.3679878E+03  1.1480171E-02  9.1076454E+00  1.6327864E+22  5.0236270E-03  1.5953091E+22  5.1266055E-03
    5  3.1476743E+03  1.5260146E-02  1.2106440E+01  1.4752347E+22  7.1903850E-02  1.4377574E+22  7.3427872E-02
    6  3.9273609E+03  1.9040121E-02  1.5105234E+01  1.3230994E+22  1.9148739E-01  1.2856221E+22  1.9581441E-01
    7  4.7070474E+03  2.2820096E-02  1.8104029E+01  1.1648182E+22  3.5650950E-01  1.1273409E+22  3.6533543E-01
    8  5.4867340E+03  2.6600071E-02  2.1102823E+01  1.0243229E+22  4.9181294E-01  9.8684554E+21  5.0537680E-01
    9  6.2664205E+03  3.0380046E-02  2.4101617E+01  9.0147971E+21  7.0357147E-01  8.6400237E+21  7.2548873E-01
   10  7.0461070E+03  3.4160021E-02  2.7100412E+01  7.8832493E+21  8.3859395E-01  7.5084759E+21  8.6841114E-01
   11  7.8257936E+03  3.7939996E-02  3.0099206E+01  6.8589949E+21  9.6144718E-01  6.4842215E+21  1.0004959E+00
   12  8.6054801E+03  4.1719971E-02  3.3098000E+01  6.0786234E+21  1.1437470E+00  5.7038501E+21  1.1970057E+00
   13  9.3851667E+03  4.5499946E-02  3.6096795E+01  5.4513025E+21  1.2558767E+00  5.0765291E+21  1.3433875E+00
   14  1.0164853E+04  4.9279922E-02  3.9095589E+01  4.7562465E+21  1.2717434E+00  4.3814732E+21  1.3501618E+00
   15  1.0944540E+04  5.3059897E-02  4.2094384E+01  4.3466907E+21  1.2558767E+00  3.9719173E+21  1.3433875E+00
   16  1.1724226E+04  5.6839872E-02  4.5093178E+01  3.8423573E+21  1.2558767E+00  3.4675839E+21  1.3433875E+00
   17  1.2503913E+04  6.0619847E-02  4.8091972E+01  3.5233244E+21  1.3463077E+00  3.1485510E+21  1.4990567E+00
   18  1.3283599E+04  6.4399822E-02  5.1090767E+01  3.1280234E+21  1.3463077E+00  2.7532500E+21  1.4990567E+00
   19  1.4063286E+04  6.8179797E-02  5.4089561E+01  2.9055425E+21  1.3463077E+00  2.5307691E+21  1.4990567E+00
   20  1.4842972E+04  7.1959772E-02  5.7088356E+01  2.5590815E+21  1.3463077E+00  2.1843081E+21  1.4990567E+00
   21  1.5622659E+04  7.5739747E-02  6.0087150E+01  2.4114052E+21  1.2935572E+00  2.0366318E+21  1.4772541E+00
   22  1.6402346E+04  7.9519722E-02  6.3085944E+01  2.2105262E+21  1.2935572E+00  1.8357529E+21  1.4772541E+00
   23  1.7182032E+04  8.3299697E-02  6.6084739E+01  1.9956565E+21  1.7859446E+00  1.6208831E+21  2.1322068E+00
   24  1.7961719E+04  8.7079672E-02  6.9083533E+01  1.8792021E+21  1.3548391E+00  1.5044287E+21  1.6800435E+00
   25  1.8741405E+04  9.0859647E-02  7.2082327E+01  1.7193557E+21  1.7859446E+00  1.3445823E+21  2.1322068E+00
   26  1.9521092E+04  9.4639622E-02  7.5081122E+01  1.5618387E+21  2.0920782E+00  1.1870654E+21  2.6435207E+00
   27  2.0300778E+04  9.8419597E-02  7.8079916E+01  1.4745945E+21  1.4677049E+00  1.0998211E+21  1.9491674E+00
   28  2.1080465E+04  1.0219957E-01  8.1078711E+01  1.3649051E+21  2.0510250E+00  9.9013175E+20  2.6435207E+00
   29  2.1860151E+04  1.0597955E-01  8.4077505E+01  1.2120709E+21  2.0510250E+00  8.3729757E+20  2.7877854E+00
   30  2.2639838E+04  1.0975952E-01  8.7076299E+01  1.1455348E+21  1.6110069E+00  7.7076139E+20  2.3626495E+00
   31  2.3419524E+04  1.1353950E-01  9.0075094E+01  1.0676363E+21  2.0510250E+00  6.9286296E+20  2.7877854E+00
   32  2.4199211E+04  1.1731947E-01  9.3073888E+01  9.6696594E+20  2.0799340E+00  5.9219256E+20  3.1467776E+00
   33  2.4978897E+04  1.2109945E-01  9.6072683E+01  8.4980743E+20  2.0799340E+00  4.7503405E+20  3.1467776E+00
   34  2.5758584E+04  1.2487942E-01  9.9071477E+01  7.7850543E+20  2.8511256E+00  4.0373205E+20  4.7939082E+00
   35  2.6538271E+04  1.2865940E-01  1.0207027E+02  6.8848648E+20  3.0240994E+00  3.1371310E+20  5.2912573E+00
   36  2.7317957E+04  1.3243937E-01  1.0506907E+02  5.5339741E+20  4.0727859E+00  1.7862404E+20  6.9516255E+00
   37  2.8097644E+04  1.3621935E-01  1.0806786E+02  3.7478533E+20  4.1207434E+00  1.0000000E-99  5.2912573E+00
   38  2.8877330E+04  1.3999932E-01  1.1106665E+02  3.7477323E+20  4.1207434E+00  1.0000000E-99  1.0000000E-99
   39  2.9657017E+04  1.4377930E-01  1.1406545E+02  3.7476081E+20  1.2446541E-03  1.0000000E-99  1.0000000E-99
   40  3.0436703E+04  1.4755927E-01  1.1706424E+02  3.7474805E+20  1.2446541E-03  1.0000000E-99  1.0000000E-99
   41  3.1216390E+04  1.5133925E-01  1.2006304E+02  3.7473496E+20  1.2446541E-03  1.0000000E-99  1.0000000E-99
   42  3.1996076E+04  1.5511922E-01  1.2306183E+02  3.7472153E+20  1.3119792E-03  1.0000000E-99  1.0000000E-99
   43  3.2775763E+04  1.5889920E-01  1.2606063E+02  3.7470778E+20  1.3810846E-03  1.0000000E-99  1.0000000E-99
   44  3.3555449E+04  1.6267917E-01  1.2905942E+02  3.7469369E+20  1.4519710E-03  1.0000000E-99  1.0000000E-99
   45  3.4335136E+04  1.6645915E-01  1.3205822E+02  3.7467927E+20  1.5246391E-03  1.0000000E-99  1.0000000E-99
   46  3.5114822E+04  1.7023912E-01  1.3505701E+02  3.7466452E+20  1.5990897E-03  1.0000000E-99  1.0000000E-99
   47  3.5894509E+04  1.7401910E-01  1.3805580E+02  3.7464944E+20  1.6753237E-03  1.0000000E-99  1.0000000E-99
   48  3.6674196E+04  1.7779907E-01  1.4105460E+02  3.7463402E+20  1.7533417E-03  1.0000000E-99  1.0000000E-99
   49  3.7453882E+04  1.8157905E-01  1.4405339E+02  3.7461828E+20  1.8331448E-03  1.0000000E-99  1.0000000E-99
   50  3.8233569E+04  1.8535902E-01  1.4705219E+02  3.7460220E+20  1.9147336E-03  1.0000000E-99  1.0000000E-99
   51  3.9013255E+04  1.8913900E-01  1.5005098E+02  3.7458579E+20  1.9981091E-03  1.0000000E-99  1.0000000E-99
   52  3.9792942E+04  1.9291897E-01  1.5304978E+02  3.7456904E+20  2.0832722E-03  1.0000000E-99  1.0000000E-99
   53  4.0572628E+04  1.9669895E-01  1.5604857E+02  3.7455197E+20  2.1702238E-03  1.0000000E-99  1.0000000E-99
   54  4.1352315E+04  2.0047892E-01  1.5904736E+02  3.7453456E+20  2.2589648E-03  1.0000000E-99  1.0000000E-99
   55  4.2132001E+04  2.0425890E-01  1.6204616E+02  3.7451682E+20  2.3494961E-03  1.0000000E-99  1.0000000E-99
   56  4.2911688E+04  2.0803887E-01  1.6504495E+02  3.7449874E+20  2.4418187E-03  1.0000000E-99  1.0000000E-99
   57  4.3691374E+04  2.1181885E-01  1.6804375E+02  3.7448034E+20  2.5359336E-03  1.0000000E-99  1.0000000E-99
   58  4.4471061E+04  2.1559882E-01  1.7104254E+02  3.7446160E+20  2.6318419E-03  1.0000000E-99  1.0000000E-99
   59  4.5250748E+04  2.1937880E-01  1.7404134E+02  3.7444253E+20  2.7295444E-03  1.0000000E-99  1.0000000E-99
   60  4.6030434E+04  2.2315877E-01  1.7704013E+02  3.7442312E+20  2.8290424E-03  1.0000000E-99  1.0000000E-99
   61  4.6810121E+04  2.2693875E-01  1.8003893E+02  3.7440339E+20  2.9303367E-03  1.0000000E-99  1.0000000E-99
   62  4.7589807E+04  2.3071872E-01  1.8303772E+02  3.7438332E+20  3.0334286E-03  1.0000000E-99  1.0000000E-99
   63  4.8369494E+04  2.3449870E-01  1.8603651E+02  3.7436292E+20  3.1383191E-03  1.0000000E-99  1.0000000E-99
   64  4.9149180E+04  2.3827867E-01  1.8903531E+02  3.7434218E+20  3.2450094E-03  1.0000000E-99  1.0000000E-99
   65  4.9928867E+04  2.4205865E-01  1.9203410E+02  3.7432111E+20  3.3535005E-03  1.0000000E-99  1.0000000E-99
   66  5.0708553E+04  2.4583862E-01  1.9503290E+02  3.7429971E+20  3.4637937E-03  1.0000000E-99  1.0000000E-99
   67  5.1488240E+04  2.4961860E-01  1.9803169E+02  3.7427798E+20  3.5758901E-03  1.0000000E-99  1.0000000E-99
   68  5.2267926E+04  2.5339857E-01  2.0103049E+02  3.7425591E+20  3.6897909E-03  1.0000000E-99  1.0000000E-99
   69  5.3047613E+04  2.5717855E-01  2.0402928E+02  3.7423351E+20  3.8054974E-03  1.0000000E-99  1.0000000E-99
   70  5.3827299E+04  2.6095852E-01  2.0702807E+02  3.7421078E+20  3.9230107E-03  1.0000000E-99  1.0000000E-99
   71  5.4606986E+04  2.6473850E-01  2.1002687E+02  3.7418771E+20  4.0423322E-03  1.0000000E-99  1.0000000E-99
   72  5.5386673E+04  2.6851847E-01  2.1302566E+02  3.7416431E+20  4.1634632E-03  1.0000000E-99  1.0000000E-99
   73  5.6166359E+04  2.7229845E-01  2.1602446E+02  3.7414058E+20  4.2864048E-03  1.0000000E-99  1.0000000E-99
   74  5.6946046E+04  2.7607842E-01  2.1902325E+02  3.7411651E+20  4.4111585E-03  1.0000000E-99  1.0000000E-99
   75  5.7725732E+04  2.7985840E-01  2.2202205E+02  3.7409211E+20  4.5377256E-03  1.0000000E-99  1.0000000E-99
   76  5.8505419E+04  2.8363837E-01  2.2502084E+02  3.7406738E+20  4.6661074E-03  1.0000000E-99  1.0000000E-99
   77  5.9285105E+04  2.8741835E-01  2.2801964E+02  3.7404231E+20  4.7963054E-03  1.0000000E-99  1.0000000E-99
   78  6.0064792E+04  2.9119832E-01  2.3101843E+02  3.7401691E+20  4.9283208E-03  1.0000000E-99  1.0000000E-99
   79  6.0844478E+04  2.9497830E-01  2.3401722E+02  3.7399117E+20  5.0621552E-03  1.0000000E-99  1.0000000E-99
   80  6.1624165E+04  2.9875828E-01  2.3701602E+02  3.7396510E+20  5.1978100E-03  1.0000000E-99  1.0000000E-99
   81  6.2403851E+04  3.0253825E-01  2.4001481E+02  3.7393870E+20  5.3352866E-03  1.0000000E-99  1.0000000E-99
   82  6.3183538E+04  3.0631823E-01  2.4301361E+02  3.7391196E+20  5.4745865E-03  1.0000000E-99  1.0000000E-99
   83  6.3963224E+04  3.1009820E-01  2.4601240E+02  3.7388489E+20  5.6157113E-03  1.0000000E-99  1.0000000E-99
   84  6.4742911E+04  3.1387818E-01  2.4901120E+02  3.7385748E+20  5.7586624E-03  1.0000000E-99  1.0000000E-99
   85  6.5522598E+04  3.1765815E-01  2.5200999E+02  3.7382974E+20  5.9034414E-03  1.0000000E-99  1.0000000E-99
   86  6.6302284E+04  3.2143813E-01  2.5500878E+02  3.7380167E+20  6.0500498E-03  1.0000000E-99  1.0000000E-99
   87  6.7081971E+04  3.2521810E-01  2.5800758E+02  3.7377326E+20  6.1984892E-03  1.0000000E-99  1.0000000E-99
   88  6.7861657E+04  3.2899808E-01  2.6100637E+02  3.7374452E+20  6.3487613E-03  1.0000000E-99  1.0000000E-99
   89  6.8641344E+04  3.3277805E-01  2.6400517E+02  3.7371544E+20  6.5008676E-03  1.0000000E-99  1.0000000E-99
   90  6.9421030E+04  3.3655803E-01  2.6700396E+02  3.7368603E+20  6.6548098E-03  1.0000000E-99  1.0000000E-99
   91  7.0200717E+04  3.4033800E-01  2.7000276E+02  3.7365628E+20  6.8105895E-03  1.0000000E-99  1.0000000E-99
   92  7.0980403E+04  3.4411798E-01  2.7300155E+02  3.7362620E+20  6.9682085E-03  1.0000000E-99  1.0000000E-99
   93  7.1760090E+04  3.4789795E-01  2.7600035E+02  3.7359579E+20  7.1276685E-03  1.0000000E-99  1.0000000E-99
   94  7.2539776E+04  3.5167793E-01  2.7899914E+02  3.7356503E+20  7.2889711E-03  1.0000000E-99  1.0000000E-99
   95  7.3319463E+04  3.5545790E-01  2.8199793E+02  3.7353395E+20  7.4521181E-03  1.0000000E-99  1.0000000E-99
   96  7.4099149E+04  3.5923788E-01  2.8499673E+02  3.7350253E+20  7.6171113E-03  1.0000000E-99  1.0000000E-99
   97  7.4878836E+04  3.6301785E-01  2.8799552E+02  3.7347077E+20  7.7839525E-03  1.0000000E-99  1.0000000E-99
   98  7.5658523E+04  3.6679783E-01  2.9099432E+02  3.7343868E+20  7.9526434E-03  1.0000000E-99  1.0000000E-99
   99  7.6438209E+04  3.7057780E-01  2.9399311E+02  3.7340625E+20  8.1231860E-03  1.0000000E-99  1.0000000E-99
  100  7.7217896E+04  3.7435778E-01  2.9699191E+02  3.7337349E+20  8.2955820E-03  1.0000000E-99  1.0000000E-99
  101  7.7997582E+04  3.7813775E-01  2.9999070E+02  3.7334039E+20  8.4698334E-03  1.0000000E-99  1.0000000E-99
  102  7.8777269E+04  3.8191773E-01  3.0298950E+02  3.7330696E+20  8.6459420E-03  1.0000000E-99  1.0000000E-99
  103  7.9556955E+04  3.8569770E-01  3.0598829E+02  3.7327319E+20  8.8239097E-03  1.0000000E-99  1.0000000E-99
  104  8.0336642E+04  3.8947768E-01  3.0898708E+02  3.7323908E+20  9.0037385E-03  1.0000000E-99  1.0000000E-99
  105  8.1116328E+04  3.9325765E-01  3.1198588E+02  3.7320464E+20  9.1854303E-03  1.0000000E-99  1.0000000E-99
  106  8.1896015E+04  3.9703763E-01  3.1498467E+02  3.7316986E+20  9.3689872E-03  1.0000000E-99  1.0000000E-99
  107  8.2675701E+04  4.0081760E-01  3.1798347E+02  3.7313475E+20  9.5544110E-03  1.0000000E-99  1.0000000E-99
  108  8.3455388E+04  4.0459758E-01  3.2098226E+02  3.7309930E+20  9.7417039E-03  1.0000000E-99  1.0000000E-99
  109  8.4235075E+04  4.0837755E-01  3.2398106E+02  3.7306352E+20  9.9308679E-03  1.0000000E-99  1.0000000E-99
  110  8.5014761E+04  4.1215753E-01  3.2697985E+02  3.7302739E+20  1.0121905E-02  1.0000000E-99  1.0000000E-99
  111  8.5794448E+04  4.1593750E-01  3.2997864E+02  3.7299093E+20  1.0314817E-02  1.0000000E-99  1.0000000E-99
  112  8.6574134E+04  4.1971748E-01  3.3297744E+02  3.7295414E+20  1.0509607E-02  1.0000000E-99  1.0000000E-99
  113  8.7353821E+04  4.2349745E-01  3.3597623E+02  3.7291701E+20  1.0706276E-02  1.0000000E-99  1.0000000E-99
  114  8.8133507E+04  4.2727743E-01  3.3897503E+02  3.7287954E+20  1.0904827E-02  1.0000000E-99  1.0000000E-99
  115  8.8913194E+04  4.3105740E-01  3.4197382E+02  3.7284173E+20  1.1105261E-02  1.0000000E-99  1.0000000E-99
  116  8.9692880E+04  4.3483738E-01  3.4497262E+02  3.7280359E+20  1.1307582E-02  1.0000000E-99  1.0000000E-99
  117  9.0472567E+04  4.3861735E-01  3.4797141E+02  3.7276511E+20  1.1511790E-02  1.0000000E-99  1.0000000E-99
  118  9.1252253E+04  4.4239733E-01  3.5097021E+02  3.7272629E+20  1.1717890E-02  1.0000000E-99  1.0000000E-99
  119  9.2031940E+04  4.4617730E-01  3.5396900E+02  3.7268714E+20  1.1925881E-02  1.0000000E-99  1.0000000E-99
  120  9.2811626E+04  4.4995728E-01  3.5696779E+02  3.7264765E+20  1.2135768E-02  1.0000000E-99  1.0000000E-99
  121  9.3591313E+04  4.5373725E-01  3.5996659E+02  3.7260782E+20  1.2347552E-02  1.0000000E-99  1.0000000E-99
  122  9.4371000E+04  4.5751723E-01  3.6296538E+02  3.7256765E+20  1.2561236E-02  1.0000000E-99  1.0000000E-99
  123  9.5150686E+04  4.6129720E-01  3.6596418E+02  3.7252715E+20  1.2776822E-02  1.0000000E-99  1.0000000E-99
  124  9.5930373E+04  4.6507718E-01  3.6896297E+02  3.7248631E+20  1.2994312E-02  1.0000000E-99  1.0000000E-99
  125  9.6710059E+04  4.6885715E-01  3.7196177E+02  3.7244513E+20  1.3213708E-02  1.0000000E-99  1.0000000E-99
  126  9.7489746E+04  4.7263713E-01  3.7496056E+02  3.7240361E+20  1.3435014E-02  1.0000000E-99  1.0000000E-99
  127  9.8269432E+04  4.7641710E-01  3.7795935E+02  3.7236175E+20  1.3658232E-02  1.0000000E-99  1.0000000E-99
  128  9.9049119E+04  4.8019708E-01  3.8095815E+02  3.7231956E+20  1.3883363E-02  1.0000000E-99  1.0000000E-99
  129  9.9828805E+04  4.8397705E-01  3.8395694E+02  3.7227703E+20  1.4110411E-02  1.0000000E-99  1.0000000E-99
  130  1.0060849E+05  4.8775703E-01  3.8695574E+02  3.7223416E+20  1.4339378E-02  1.0000000E-99  1.0000000E-99
  131  1.0138818E+05  4.9153700E-01  3.8995453E+02  3.7219095E+20  1.4570267E-02  1.0000000E-99  1.0000000E-99
  132  1.0216786E+05  4.9531698E-01  3.9295333E+02  3.7214740E+20  1.4803080E-02  1.0000000E-99  1.0000000E-99
  133  1.0294755E+05  4.9909695E-01  3.9595212E+02  3.7210351E+20  1.5037819E-02  1.0000000E-99  1.0000000E-99
  134  1.0372724E+05  5.0287693E-01  3.9895092E+02  3.7205928E+20  1.5274488E-02  1.0000000E-99  1.0000000E-99
  135  1.0450692E+05  5.0665690E-01  4.0194971E+02  3.7201472E+20  1.5513088E-02  1.0000000E-99  1.0000000E-99
  136  1.0528661E+05  5.1043688E-01  4.0494850E+02  3.7196981E+20  1.5753624E-02  1.0000000E-99  1.0000000E-99
  137  1.0606630E+05  5.1421685E-01  4.0794730E+02  3.7192457E+20  1.5996096E-02  1.0000000E-99  1.0000000E-99
  138  1.0684598E+05  5.1799683E-01  4.1094609E+02  3.7187898E+20  1.6240509E-02  1.0000000E-99  1.0000000E-99
  139  1.0762567E+05  5.2177680E-01  4.1394489E+02  3.7183306E+20  1.6486864E-02  1.0000000E-99  1.0000000E-99
  140  1.0840536E+05  5.2555678E-01  4.1694368E+02  3.7178680E+20  1.6735164E-02  1.0000000E-99  1.0000000E-99
  141  1.0918504E+05  5.2933675E-01  4.1994248E+02  3.7174019E+20  1.6985413E-02  1.0000000E-99  1.0000000E-99
  142  1.0996473E+05  5.3311673E-01  4.2294127E+02  3.7169325E+20  1.7237612E-02  1.0000000E-99  1.0000000E-99
  143  1.1074442E+05  5.3689670E-01  4.2594006E+02  3.7164597E+20  1.7491766E-02  1.0000000E-99  1.0000000E-99
  144  1.1152410E+05  5.4067668E-01  4.2893886E+02  3.7159835E+20  1.7747876E-02  1.0000000E-99  1.0000000E-99
  145  1.1230379E+05  5.4445665E-01  4.3193765E+02  3.7155038E+20  1.8005945E-02  1.0000000E-99  1.0000000E-99
  146  1.1308348E+05  5.4823663E-01  4.3493645E+02  3.7150208E+20  1.8265977E-02  1.0000000E-99  1.0000000E-99
  147  1.1386316E+05  5.5201660E-01  4.3793524E+02  3.7145343E+20  1.8527974E-02  1.0000000E-99  1.0000000E-99
  148  1.1464285E+05  5.5579658E-01  4.4093404E+02  3.7140445E+20  1.8791939E-02  1.0000000E-99  1.0000000E-99
  149  1.1542254E+05  5.5957655E-01  4.4393283E+02  3.7135512E+20  1.9057875E-02  1.0000000E-99  1.0000000E-99
  150  1.1620222E+05  5.6335653E-01  4.4693163E+02  3.7130545E+20  1.9325785E-02  1.0000000E-99  1.0000000E-99
  151  1.1698191E+05  5.6713650E-01  4.4993042E+02  3.7125545E+20  1.9595673E-02  1.0000000E-99  1.0000000E-99
  152  1.1776160E+05  5.7091648E-01  4.5292921E+02  3.7120510E+20  1.9867540E-02  1.0000000E-99  1.0000000E-99
  153  1.1854128E+05  5.7469645E-01  4.5592801E+02  3.7115440E+20  2.0141391E-02  1.0000000E-99  1.0000000E-99
  154  1.1932097E+05  5.7847643E-01  4.5892680E+02  3.7110337E+20  2.0417228E-02  1.0000000E-99  1.0000000E-99
  155  1.2010066E+05  5.8225640E-01  4.6192560E+02  3.7105200E+20  2.0695054E-02  1.0000000E-99  1.0000000E-99
  156  1.2088034E+05  5.8603638E-01  4.6492439E+02  3.7100028E+20  2.0974873E-02  1.0000000E-99  1.0000000E-99
  157  1.2166003E+05  5.8981635E-01  4.6792319E+02  3.7094822E+20  2.1256688E-02  1.0000000E-99  1.0000000E-99
  158  1.2243971E+05  5.9359633E-01  4.7092198E+02  3.7089582E+20  2.1540501E-02  1.0000000E-99  1.0000000E-99
  159  1.2321940E+05  5.9737630E-01  4.7392078E+02  3.7084308E+20  2.1826317E-02  1.0000000E-99  1.0000000E-99
  160  1.2399909E+05  6.0115628E-01  4.7691957E+02  3.7078999E+20  2.2114138E-02  1.0000000E-99  1.0000000E-99
  161  1.2477877E+05  6.0493625E-01  4.7991836E+02  3.7073657E+20  2.2403967E-02  1.0000000E-99  1.0000000E-99
  162  1.2555846E+05  6.0871623E-01  4.8291716E+02  3.7068279E+20  2.2695808E-02  1.0000000E-99  1.0000000E-99
  163  1.2633815E+05  6.1249620E-01  4.8591595E+02  3.7062868E+20  2.2989664E-02  1.0000000E-99  1.0000000E-99
  164  1.2711783E+05  6.1627618E-01  4.8891475E+02  3.7057422E+20  2.3285539E-02  1.0000000E-99  1.0000000E-99
  165  1.2789752E+05  6.2005615E-01  4.9191354E+02  3.7051942E+20  2.3583435E-02  1.0000000E-99  1.0000000E-99
  166  1.2867721E+05  6.2383613E-01  4.9491234E+02  3.7046428E+20  2.3883357E-02  1.0000000E-99  1.0000000E-99
  167  1.2945689E+05  6.2761610E-01  4.9791113E+02  3.7040879E+20  2.4185307E-02  1.0000000E-99  1.0000000E-99
  168  1.3023658E+05  6.3139608E-01  5.0090992E+02  3.7035296E+20  2.4489289E-02  1.0000000E-99  1.0000000E-99
  169  1.3101627E+05  6.3517605E-01  5.0390872E+02  3.7029679E+20  2.4795307E-02  1.0000000E-99  1.0000000E-99
  170  1.3179595E+05  6.3895603E-01  5.0690751E+02  3.7024027E+20  2.5103363E-02  1.0000000E-99  1.0000000E-99
  171  1.3257564E+05  6.4273600E-01  5.0990631E+02  3.7018341E+20  2.5413462E-02  1.0000000E-99  1.0000000E-99
  172  1.3335533E+05  6.4651598E-01  5.1290510E+02  3.7012620E+20  2.5725607E-02  1.0000000E-99  1.0000000E-99
  173  1.3413501E+05  6.5029596E-01  5.1590390E+02  3.7006865E+20  2.6039802E-02  1.0000000E-99  1.0000000E-99
  174  1.3491470E+05  6.5407593E-01  5.1890269E+02  3.7001076E+20  2.6356050E-02  1.0000000E-99  1.0000000E-99
  175  1.3569439E+05  6.5785591E-01  5.2190149E+02  3.6995252E+20  2.6674355E-02  1.0000000E-99  1.0000000E-99
  176  1.3647407E+05  6.6163588E-01  5.2490028E+02  3.6989393E+20  2.6994720E-02  1.0000000E-99  1.0000000E-99
  177  1.3725376E+05  6.6541586E-01  5.2789907E+02  3.6983500E+20  2.7317149E-02  1.0000000E-99  1.0000000E-99
  178  1.3803345E+05  6.6919583E-01  5.3089787E+02  3.6977572E+20  2.7641646E-02  1.0000000E-99  1.0000000E-99
  179  1.3881313E+05  6.7297581E-01  5.3389666E+02  3.6971610E+20  2.7968215E-02  1.0000000E-99  1.0000000E-99
  180  1.3959282E+05  6.7675578E-01  5.3689546E+02  3.6965614E+20  2.8296859E-02  1.0000000E-99  1.0000000E-99
  181  1.4037251E+05  6.8053576E-01  5.3989425E+02  3.6959582E+20  2.8627582E-02  1.0000000E-99  1.0000000E-99
  182  1.4115219E+05  6.8431573E-01  5.4289305E+02  3.6953517E+20  2.8960387E-02  1.0000000E-99  1.0000000E-99
  183  1.4193188E+05  6.8809571E-01  5.4589184E+02  3.6947416E+20  2.9295280E-02  1.0000000E-99  1.0000000E-99
  184  1.4271157E+05  6.9187568E-01  5.4889063E+02  3.6941281E+20  2.9632263E-02  1.0000000E-99  1.0000000E-99
  185  1.4349125E+05  6.9565566E-01  5.5188943E+02  3.6935111E+20  2.9971341E-02  1.0000000E-99  1.0000000E-99
  186  1.4427094E+05  6.9943563E-01  5.5488822E+02  3.6928907E+20  3.0312517E-02  1.0000000E-99  1.0000000E-99
  187  1.4505062E+05  7.0321561E-01  5.5788702E+02  3.6922668E+20  3.0655795E-02  1.0000000E-99  1.0000000E-99
  188  1.4583031E+05  7.0699558E-01  5.6088581E+02  3.6916394E+20  3.1001180E-02  1.0000000E-99  1.0000000E-99
  189  1.4661000E+05  7.1077556E-01  5.6388461E+02  3.6910086E+20  3.1348675E-02  1.0000000E-99  1.0000000E-99
  190  1.4738968E+05  7.1455553E-01  5.6688340E+02  3.6903742E+20  3.1698285E-02  1.0000000E-99  1.0000000E-99
  191  1.4816937E+05  7.1833551E-01  5.6988220E+02  3.6897364E+20  3.2050013E-02  1.0000000E-99  1.0000000E-99
  192  1.4894906E+05  7.2211548E-01  5.7288099E+02  3.6890952E+20  3.2403863E-02  1.0000000E-99  1.0000000E-99
  193  1.4972874E+05  7.2589546E-01  5.7587978E+02  3.6884504E+20  3.2759840E-02  1.0000000E-99  1.0000000E-99
  194  1.5050843E+05  7.2967543E-01  5.7887858E+02  3.6878022E+20  3.3117948E-02  1.0000000E-99  1.0000000E-99
  195  1.5128812E+05  7.3345541E-01  5.8187737E+02  3.6871505E+20  3.3478191E-02  1.0000000E-99  1.0000000E-99
  196  1.5206780E+05  7.3723538E-01  5.8487617E+02  3.6864953E+20  3.3840573E-02  1.0000000E-99  1.0000000E-99
  197  1.5284749E+05  7.4101536E-01  5.8787496E+02  3.6858366E+20  3.4205098E-02  1.0000000E-99  1.0000000E-99
  198  1.5362718E+05  7.4479533E-01  5.9087376E+02  3.6851744E+20  3.4571771E-02  1.0000000E-99  1.0000000E-99
  199  1.5440686E+05  7.4857531E-01  5.9387255E+02  3.6845088E+20  3.4940597E-02  1.0000000E-99  1.0000000E-99
  200  1.5518655E+05  7.5235528E-01  5.9687134E+02  3.6838396E+20  3.5311578E-02  1.0000000E-99  1.0000000E-99
  201  1.5596624E+05  7.5613526E-01  5.9987014E+02  3.6831670E+20  3.5684720E-02  1.0000000E-99  1.0000000E-99
  202  1.5674592E+05  7.5991523E-01  6.0286893E+02  3.6824908E+20  3.6060027E-02  1.0000000E-99  1.0000000E-99
  203  1.5752561E+05  7.6369521E-01  6.0586773E+02  3.6818112E+20  3.6437504E-02  1.0000000E-99  1.0000000E-99
  204  1.5830530E+05  7.6747518E-01  6.0886652E+02  3.6811280E+20  3.6817154E-02  1.0000000E-99  1.0000000E-99
  205  1.5908498E+05  7.7125516E-01  6.1186532E+02  3.6804414E+20  3.7198983E-02  1.0000000E-99  1.0000000E-99
  206  1.5986467E+05  7.7503513E-01  6.1486411E+02  3.6797513E+20  3.7582995E-02  1.0000000E-99  1.0000000E-99
  207  1.6064436E+05  7.7881511E-01  6.1786291E+02  3.6790576E+20  3.7969194E-02  1.0000000E-99  1.0000000E-99
  208  1.6142404E+05  7.8259508E-01  6.2086170E+02  3.6783605E+20  3.8357586E-02  1.0000000E-99  1.0000000E-99
  209  1.6220373E+05  7.8637506E-01  6.2386049E+02  3.6776598E+20  3.8748173E-02  1.0000000E-99  1.0000000E-99
  210  1.6298342E+05  7.9015503E-01  6.2685929E+02  3.6769556E+20  3.9140962E-02  1.0000000E-99  1.0000000E-99
  211  1.6376310E+05  7.9393501E-01  6.2985808E+02  3.6762479E+20  3.9535957E-02  1.0000000E-99  1.0000000E-99
  212  1.6454279E+05  7.9771498E-01  6.3285688E+02  3.6755367E+20  3.9933163E-02  1.0000000E-99  1.0000000E-99
  213  1.6532247E+05  8.0149496E-01  6.3585567E+02  3.6748220E+20  4.0332584E-02  1.0000000E-99  1.0000000E-99
  214  1.6610216E+05  8.0527493E-01  6.3885447E+02  3.6741038E+20  4.0734224E-02  1.0000000E-99  1.0000000E-99
  215  1.6688185E+05  8.0905491E-01  6.4185326E+02  3.6733820E+20  4.1138090E-02  1.0000000E-99  1.0000000E-99
  216  1.6766153E+05  8.1283488E-01  6.4485206E+02  3.6726567E+20  4.1544186E-02  1.0000000E-99  1.0000000E-99
  217  1.6844122E+05  8.1661486E-01  6.4785085E+02  3.6719279E+20  4.1952515E-02  1.0000000E-99  1.0000000E-99
  218  1.6922091E+05  8.2039483E-01  6.5084964E+02  3.6711956E+20  4.2363085E-02  1.0000000E-99  1.0000000E-99
  219  1.7000059E+05  8.2417481E-01  6.5384844E+02  3.6704597E+20  4.2775898E-02  1.0000000E-99  1.0000000E-99
  220  1.7078028E+05  8.2795478E-01  6.5684723E+02  3.6697203E+20  4.3190961E-02  1.0000000E-99  1.0000000E-99
  221  1.7155997E+05  8.3173476E-01  6.5984603E+02  3.6689774E+20  4.3608278E-02  1.0000000E-99  1.0000000E-99
  222  1.7233965E+05  8.3551473E-01  6.6284482E+02  3.6682309E+20  4.4027855E-02  1.0000000E-99  1.0000000E-99
  223  1.7311934E+05  8.3929471E-01  6.6584362E+02  3.6674809E+20  4.4449696E-02  1.0000000E-99  1.0000000E-99
  224  1.7389903E+05  8.4307468E-01  6.6884241E+02  3.6667273E+20  4.4873806E-02  1.0000000E-99  1.0000000E-99
  225  1.7467871E+05  8.4685466E-01  6.7184120E+02  3.6659702E+20  4.5300190E-02  1.0000000E-99  1.0000000E-99
  226  1.7545840E+05  8.5063463E-01  6.7484000E+02  3.6652096E+20  4.5728855E-02  1.0000000E-99  1.0000000E-99
  227  1.7623809E+05  8.5441461E-01  6.7783879E+02  3.6644454E+20  4.6159804E-02  1.0000000E-99  1.0000000E-99
  228  1.7701777E+05  8.5819458E-01  6.8083759E+02  3.6636777E+20  4.6593043E-02  1.0000000E-99  1.0000000E-99
  229  1.7779746E+05  8.6197456E-01  6.8383638E+02  3.6629064E+20  4.7028578E-02  1.0000000E-99  1.0000000E-99
  230  1.7857715E+05  8.6575453E-01  6.8683518E+02  3.6621316E+20  4.7466413E-02  1.0000000E-99  1.0000000E-99
  231  1.7935683E+05  8.6953451E-01  6.8983397E+02  3.6613532E+20  4.7906554E-02  1.0000000E-99  1.0000000E-99
  232  1.8013652E+05  8.7331448E-01  6.9283277E+02  3.6605712E+20  4.8349006E-02  1.0000000E-99  1.0000000E-99
  233  1.8091621E+05  8.7709446E-01  6.9583156E+02  3.6597857E+20  4.8793775E-02  1.0000000E-99  1.0000000E-99
  234  1.8169589E+05  8.8087443E-01  6.9883035E+02  3.6589966E+20  4.9240866E-02  1.0000000E-99  1.0000000E-99
  235  1.8247558E+05  8.8465441E-01  7.0182915E+02  3.6582040E+20  4.9690285E-02  1.0000000E-99  1.0000000E-99
  236  1.8325527E+05  8.8843438E-01  7.0482794E+02  3.6574078E+20  5.0142036E-02  1.0000000E-99  1.0000000E-99
  237  1.8403495E+05  8.9221436E-01  7.0782674E+02  3.6566080E+20  5.0596126E-02  1.0000000E-99  1.0000000E-99
  238  1.8481464E+05  8.9599433E-01  7.1082553E+02  3.6558046E+20  5.1052561E-02  1.0000000E-99  1.0000000E-99
  239  1.8559432E+05  8.9977431E-01  7.1382433E+02  3.6549977E+20  5.1511345E-02  1.0000000E-99  1.0000000E-99
  240  1.8637401E+05  9.0355428E-01  7.1682312E+02  3.6541872E+20  5.1972484E-02  1.0000000E-99  1.0000000E-99
  241  1.8715370E+05  9.0733426E-01  7.1982191E+02  3.6533731E+20  5.2435984E-02  1.0000000E-99  1.0000000E-99
  242  1.8793338E+05  9.1111423E-01  7.2282071E+02  3.6525555E+20  5.2901851E-02  1.0000000E-99  1.0000000E-99
  243  1.8871307E+05  9.1489421E-01  7.2581950E+02  3.6517342E+20  5.3370091E-02  1.0000000E-99  1.0000000E-99
  244  1.8949276E+05  9.1867418E-01  7.2881830E+02  3.6509094E+20  5.3840708E-02  1.0000000E-99  1.0000000E-99
  245  1.9027244E+05  9.2245416E-01  7.3181709E+02  3.6500810E+20  5.4313710E-02  1.0000000E-99  1.0000000E-99
  246  1.9105213E+05  9.2623413E-01  7.3481589E+02  3.6492489E+20  5.4789102E-02  1.0000000E-99  1.0000000E-99
  247  1.9183182E+05  9.3001411E-01  7.3781468E+02  3.6484133E+20  5.5266890E-02  1.0000000E-99  1.0000000E-99
  248  1.9261150E+05  9.3379408E-01  7.4081348E+02  3.6475741E+20  5.5747079E-02  1.0000000E-99  1.0000000E-99
  249  1.9339119E+05  9.3757406E-01  7.4381227E+02  3.6467313E+20  5.6229676E-02  1.0000000E-99  1.0000000E-99
  250  1.9417088E+05  9.4135403E-01  7.4681106E+02  3.6458849E+20  5.6714687E-02  1.0000000E-99  1.0000000E-99
  251  1.9495056E+05  9.4513401E-01  7.4980986E+02  3.6450349E+20  5.7202118E-02  1.0000000E-99  1.0000000E-99
  252  1.9573025E+05  9.4891398E-01  7.5280865E+02  3.6441813E+20  5.7691974E-02  1.0000000E-99  1.0000000E-99
  253  1.9650994E+05  9.5269396E-01  7.5580745E+02  3.6433241E+20  5.8184262E-02  1.0000000E-99  1.0000000E-99
  254  1.9728962E+05  9.5647393E-01  7.5880624E+02  3.6424632E+20  5.8678989E-02  1.0000000E-99  1.0000000E-99
  255  1.9806931E+05  9.6025391E-01  7.6180504E+02  3.6415988E+20  5.9176160E-02  1.0000000E-99  1.0000000E-99
  256  1.9884900E+05  9.6403388E-01  7.6480383E+02  3.6407307E+20  5.9675781E-02  1.0000000E-99  1.0000000E-99
  257  1.9962868E+05  9.6781386E-01  7.6780262E+02  3.6398590E+20  6.0177859E-02  1.0000000E-99  1.0000000E-99
  258  2.0040837E+05  9.7159383E-01  7.7080142E+02  3.6389837E+20  6.0682401E-02  1.0000000E-99  1.0000000E-99
  259  2.0118806E+05  9.7537381E-01  7.7380021E+02  3.6381048E+20  6.1189412E-02  1.0000000E-99  1.0000000E-99
  260  2.0196774E+05  9.7915378E-01  7.7679901E+02  3.6372222E+20  6.1698898E-02  1.0000000E-99  1.0000000E-99
  261  2.0274743E+05  9.8293376E-01  7.7979780E+02  3.6363361E+20  6.2210868E-02  1.0000000E-99  1.0000000E-99
  262  2.0352712E+05  9.8671373E-01  7.8279660E+02  3.6354462E+20  6.2725325E-02  1.0000000E-99  1.0000000E-99
  263  2.0430680E+05  9.9049371E-01  7.8579539E+02  3.6345528E+20  6.3242279E-02  1.0000000E-99  1.0000000E-99
  264  2.0508649E+05  9.9427368E-01  7.8879419E+02  3.6336557E+20  6.3761734E-02  1.0000000E-99  1.0000000E-99
  265  2.0586617E+05  9.9805366E-01  7.9179298E+02  3.6327550E+20  6.4283698E-02  1.0000000E-99  1.0000000E-99
  266  2.0664586E+05  1.0018336E+00  7.9479177E+02  3.6318506E+20  6.4808176E-02  1.0000000E-99  1.0000000E-99
  267  2.0742555E+05  1.0056136E+00  7.9779057E+02  3.6309426E+20  6.5335177E-02  1.0000000E-99  1.0000000E-99
  268  2.0820523E+05  1.0093936E+00  8.0078936E+02  3.6300309E+20  6.5864706E-02  1.0000000E-99  1.0000000E-99
  269  2.0898492E+05  1.0131736E+00  8.0378816E+02  3.6291156E+20  6.6396771E-02  1.0000000E-99  1.0000000E-99
  270  2.0976461E+05  1.0169535E+00  8.0678695E+02  3.6281966E+20  6.6931377E-02  1.0000000E-99  1.0000000E-99
  271  2.1054429E+05  1.0207335E+00  8.0978575E+02  3.6272740E+20  6.7468533E-02  1.0000000E-99  1.0000000E-99
  272  2.1132398E+05  1.0245135E+00  8.1278454E+02  3.6263477E+20  6.8008244E-02  1.0000000E-99  1.0000000E-99
  273  2.1210367E+05  1.0282935E+00  8.1578334E+02  3.6254177E+20  6.8550518E-02  1.0000000E-99  1.0000000E-99
  274  2.1288335E+05  1.0320734E+00  8.1878213E+02  3.6244841E+20  6.9095362E-02  1.0000000E-99  1.0000000E-99
  275  2.1366304E+05  1.0358534E+00  8.2178092E+02  3.6235468E+20  6.9642782E-02  1.0000000E-99  1.0000000E-99
  276  2.1444273E+05  1.0396334E+00  8.2477972E+02  3.6226059E+20  7.0192787E-02  1.0000000E-99  1.0000000E-99
  277  2.1522241E+05  1.0434134E+00  8.2777851E+02  3.6216612E+20  7.0745382E-02  1.0000000E-99  1.0000000E-99
  278  2.1600210E+05  1.0471933E+00  8.3077731E+02  3.6207129E+20  7.1300576E-02  1.0000000E-99  1.0000000E-99
  279  2.1678179E+05  1.0509733E+00  8.3377610E+02  3.6197609E+20  7.1858374E-02  1.0000000E-99  1.0000000E-99
  280  2.1756147E+05  1.0547533E+00  8.3677490E+02  3.6188053E+20  7.2418786E-02  1.0000000E-99  1.0000000E-99
  281  2.1834116E+05  1.0585333E+00  8.3977369E+02  3.6178459E+20  7.2981817E-02  1.0000000E-99  1.0000000E-99
  282  2.1912085E+05  1.0623132E+00  8.4277248E+02  3.6168829E+20  7.3547475E-02  1.0000000E-99  1.0000000E-99
  283  2.1990053E+05  1.0660932E+00  8.4577128E+02  3.6159161E+20  7.4115768E-02  1.0000000E-99  1.0000000E-99
  284  2.2068022E+05  1.0698732E+00  8.4877007E+02  3.6149457E+20  7.4686703E-02  1.0000000E-99  1.0000000E-99
  285  2.2145991E+05  1.0736532E+00  8.5176887E+02  3.6139716E+20  7.5260287E-02  1.0000000E-99  1.0000000E-99
  286  2.2223959E+05  1.0774331E+00  8.5476766E+02  3.6129938E+20  7.5836528E-02  1.0000000E-99  1.0000000E-99
  287  2.2301928E+05  1.0812131E+00  8.5776646E+02  3.6120122E+20  7.6415434E-02  1.0000000E-99  1.0000000E-99
  288  2.2379897E+05  1.0849931E+00  8.6076525E+02  3.6110270E+20  7.6997011E-02  1.0000000E-99  1.0000000E-99
  289  2.2457865E+05  1.0887731E+00  8.6376405E+02  3.6100380E+20  7.7581269E-02  1.0000000E-99  1.0000000E-99
  290  2.2535834E+05  1.0925530E+00  8.6676284E+02  3.6090454E+20  7.8168214E-02  1.0000000E-99  1.0000000E-99
  291  2.2613802E+05  1.0963330E+00  8.6976163E+02  3.6080490E+20  7.8757854E-02  1.0000000E-99  1.0000000E-99
  292  2.2691771E+05  1.1001130E+00  8.7276043E+02  3.6070489E+20  7.9350197E-02  1.0000000E-99  1.0000000E-99
  293  2.2769740E+05  1.1038930E+00  8.7575922E+02  3.6060451E+20  7.9945251E-02  1.0000000E-99  1.0000000E-99
  294  2.2847708E+05  1.1076729E+00  8.7875802E+02  3.6050376E+20  8.0543024E-02  1.0000000E-99  1.0000000E-99
  295  2.2925677E+05  1.1114529E+00  8.8175681E+02  3.6040263E+20  8.1143523E-02  1.0000000E-99  1.0000000E-99
  296  2.3003646E+05  1.1152329E+00  8.8475561E+02  3.6030113E+20  8.1746757E-02  1.0000000E-99  1.0000000E-99
  297  2.3081614E+05  1.1190129E+00  8.8775440E+02  3.6019926E+20  8.2352734E-02  1.0000000E-99  1.0000000E-99
  298  2.3159583E+05  1.1227928E+00  8.9075319E+02  3.6009701E+20  8.2961462E-02  1.0000000E-99  1.0000000E-99
  299  2.3237552E+05  1.1265728E+00  8.9375199E+02  3.5999439E+20  8.3572948E-02  1.0000000E-99  1.0000000E-99
  300  2.3315520E+05  1.1303528E+00  8.9675078E+02  3.5989140E+20  8.4187202E-02  1.0000000E-99  1.0000000E-99
  301  2.3393489E+05  1.1341328E+00  8.9974958E+02  3.5978803E+20  8.4804231E-02  1.0000000E-99  1.0000000E-99
  302  2.3471458E+05  1.1379127E+00  9.0274837E+02  3.5968428E+20  8.5424043E-02  1.0000000E-99  1.0000000E-99
  303  2.3549426E+05  1.1416927E+00  9.0574717E+02  3.5958016E+20  8.6046648E-02  1.0000000E-99  1.0000000E-99
  304  2.3627395E+05  1.1454727E+00  9.0874596E+02  3.5947567E+20  8.6672053E-02  1.0000000E-99  1.0000000E-99
  305  2.3705364E+05  1.1492527E+00  9.1174476E+02  3.5937080E+20  8.7300267E-02  1.0000000E-99  1.0000000E-99
  306  2.3783332E+05  1.1530326E+00  9.1474355E+02  3.5926555E+20  8.7931298E-02  1.0000000E-99  1.0000000E-99
  307  2.3861301E+05  1.1568126E+00  9.1774234E+02  3.5915992E+20  8.8565155E-02  1.0000000E-99  1.0000000E-99
  308  2.3939270E+05  1.1605926E+00  9.2074114E+02  3.5905392E+20  8.9201847E-02  1.0000000E-99  1.0000000E-99
  309  2.4017238E+05  1.1643726E+00  9.2373993E+02  3.5894754E+20  8.9841381E-02  1.0000000E-99  1.0000000E-99
  310  2.4095207E+05  1.1681525E+00  9.2673873E+02  3.5884079E+20  9.0483768E-02  1.0000000E-99  1.0000000E-99
  311  2.4173176E+05  1.1719325E+00  9.2973752E+02  3.5873365E+20  9.1129015E-02  1.0000000E-99  1.0000000E-99
  312  2.4251144E+05  1.1757125E+00  9.3273632E+02  3.5862614E+20  9.1777132E-02  1.0000000E-99  1.0000000E-99
  313  2.4329113E+05  1.1794925E+00  9.3573511E+02  3.5851825E+20  9.2428126E-02  1.0000000E-99  1.0000000E-99
  314  2.4407082E+05  1.1832724E+00  9.3873390E+02  3.5840998E+20  9.3082008E-02  1.0000000E-99  1.0000000E-99
  315  2.4485050E+05  1.1870524E+00  9.4173270E+02  3.5830133E+20  9.3738787E-02  1.0000000E-99  1.0000000E-99
  316  2.4563019E+05  1.1908324E+00  9.4473149E+02  3.5819230E+20  9.4398470E-02  1.0000000E-99  1.0000000E-99
  317  2.4640987E+05  1.1946124E+00  9.4773029E+02  3.5808289E+20  9.5061068E-02  1.0000000E-99  1.0000000E-99
  318  2.4718956E+05  1.1983923E+00  9.5072908E+02  3.5797310E+20  9.5726589E-02  1.0000000E-99  1.0000000E-99
  319  2.4796925E+05  1.2021723E+00  9.5372788E+02  3.5786293E+20  9.6395043E-02  1.0000000E-99  1.0000000E-99
  320  2.4874893E+05  1.2059523E+00  9.5672667E+02  3.5775238E+20  9.7066438E-02  1.0000000E-99  1.0000000E-99
  321  2.4952862E+05  1.2097323E+00  9.5972547E+02  3.5764145E+20  9.7740785E-02  1.0000000E-99  1.0000000E-99
  322  2.5030831E+05  1.2135122E+00  9.6272426E+02  3.5753013E+20  9.8418093E-02  1.0000000E-99  1.0000000E-99
  323  2.5108799E+05  1.2172922E+00  9.6572305E+02  3.5741843E+20  9.9098370E-02  1.0000000E-99  1.0000000E-99
  324  2.5186768E+05  1.2210722E+00  9.6872185E+02  3.5730635E+20  9.9781627E-02  1.0000000E-99  1.0000000E-99
  325  2.5264737E+05  1.2248522E+00  9.7172064E+02  3.5719389E+20  1.0046787E-01  1.0000000E-99  1.0000000E-99
  326  2.5342705E+05  1.2286321E+00  9.7471944E+02  3.5708105E+20  1.0115712E-01  1.0000000E-99  1.0000000E-99
  327  2.5420674E+05  1.2324121E+00  9.7771823E+02  3.5696782E+20  1.0184937E-01  1.0000000E-99  1.0000000E-99
  328  2.5498643E+05  1.2361921E+00  9.8071703E+02  3.5685420E+20  1.0254464E-01  1.0000000E-99  1.0000000E-99
  329  2.5576611E+05  1.2399721E+00  9.8371582E+02  3.5674021E+20  1.0324294E-01  1.0000000E-99  1.0000000E-99
  330  2.5654580E+05  1.2437520E+00  9.8671461E+02  3.5662582E+20  1.0394428E-01  1.0000000E-99  1.0000000E-99
  331  2.5732549E+05  1.2475320E+00  9.8971341E+02  3.5651106E+20  1.0464866E-01  1.0000000E-99  1.0000000E-99
  332  2.5810517E+05  1.2513120E+00  9.9271220E+02  3.5639590E+20  1.0535610E-01  1.0000000E-99  1.0000000E-99
  333  2.5888486E+05  1.2550920E+00  9.9571100E+02  3.5628037E+20  1.0606661E-01  1.0000000E-99  1.0000000E-99
  334  2.5966455E+05  1.2588719E+00  9.9870979E+02  3.5616444E+20  1.0678020E-01  1.0000000E-99  1.0000000E-99
  335  2.6044423E+05  1.2626519E+00  1.0017086E+03  3.5604813E+20  1.0749687E-01  1.0000000E-99  1.0000000E-99
  336  2.6122392E+05  1.2664319E+00  1.0047074E+03  3.5593143E+20  1.0821664E-01  1.0000000E-99  1.0000000E-99
  337  2.6200361E+05  1.2702119E+00  1.0077062E+03  3.5581435E+20  1.0893952E-01  1.0000000E-99  1.0000000E-99
  338  2.6278329E+05  1.2739918E+00  1.0107050E+03  3.5569687E+20  1.0966552E-01  1.0000000E-99  1.0000000E-99
  339  2.6356298E+05  1.2777718E+00  1.0137038E+03  3.5557901E+20  1.1039465E-01  1.0000000E-99  1.0000000E-99
  340  2.6434267E+05  1.2815518E+00  1.0167026E+03  3.5546076E+20  1.1112692E-01  1.0000000E-99  1.0000000E-99
  341  2.6512235E+05  1.2853318E+00  1.0197014E+03  3.5534212E+20  1.1186234E-01  1.0000000E-99  1.0000000E-99
  342  2.6590204E+05  1.2891117E+00  1.0227001E+03  3.5522310E+20  1.1260092E-01  1.0000000E-99  1.0000000E-99
  343  2.6668172E+05  1.2928917E+00  1.0256989E+03  3.5510368E+20  1.1334266E-01  1.0000000E-99  1.0000000E-99
  344  2.6746141E+05  1.2966717E+00  1.0286977E+03  3.5498387E+20  1.1408760E-01  1.0000000E-99  1.0000000E-99
  345  2.6824110E+05  1.3004517E+00  1.0316965E+03  3.5486367E+20  1.1483572E-01  1.0000000E-99  1.0000000E-99
  346  2.6902078E+05  1.3042316E+00  1.0346953E+03  3.5474309E+20  1.1558705E-01  1.0000000E-99  1.0000000E-99
  347  2.6980047E+05  1.3080116E+00  1.0376941E+03  3.5462211E+20  1.1634159E-01  1.0000000E-99  1.0000000E-99
  348  2.7058016E+05  1.3117916E+00  1.0406929E+03  3.5450073E+20  1.1709936E-01  1.0000000E-99  1.0000000E-99
  349  2.7135984E+05  1.3155716E+00  1.0436917E+03  3.5437897E+20  1.1786036E-01  1.0000000E-99  1.0000000E-99
  350  2.7213953E+05  1.3193515E+00  1.0466905E+03  3.5425681E+20  1.1862461E-01  1.0000000E-99  1.0000000E-99
  351  2.7291922E+05  1.3231315E+00  1.0496893E+03  3.5413427E+20  1.1939213E-01  1.0000000E-99  1.0000000E-99
  352  2.7369890E+05  1.3269115E+00  1.0526881E+03  3.5401132E+20  1.2016291E-01  1.0000000E-99  1.0000000E-99
  353  2.7447859E+05  1.3306915E+00  1.0556869E+03  3.5388799E+20  1.2093697E-01  1.0000000E-99  1.0000000E-99
  354  2.7525828E+05  1.3344714E+00  1.0586857E+03  3.5376426E+20  1.2171432E-01  1.0000000E-99  1.0000000E-99
  355  2.7603796E+05  1.3382514E+00  1.0616845E+03  3.5364013E+20  1.2249499E-01  1.0000000E-99  1.0000000E-99
  356  2.7681765E+05  1.3420314E+00  1.0646833E+03  3.5351561E+20  1.2327896E-01  1.0000000E-99  1.0000000E-99
  357  2.7759734E+05  1.3458114E+00  1.0676821E+03  3.5339070E+20  1.2406626E-01  1.0000000E-99  1.0000000E-99
  358  2.7837702E+05  1.3495913E+00  1.0706809E+03  3.5326539E+20  1.2485691E-01  1.0000000E-99  1.0000000E-99
  359  2.7915671E+05  1.3533713E+00  1.0736797E+03  3.5313968E+20  1.2565090E-01  1.0000000E-99  1.0000000E-99
  360  2.7993640E+05  1.3571513E+00  1.0766784E+03  3.5301358E+20  1.2644826E-01  1.0000000E-99  1.0000000E-99
  361  2.8071608E+05  1.3609313E+00  1.0796772E+03  3.5288708E+20  1.2724899E-01  1.0000000E-99  1.0000000E-99
  362  2.8149577E+05  1.3647112E+00  1.0826760E+03  3.5276018E+20  1.2805311E-01  1.0000000E-99  1.0000000E-99
  363  2.8227546E+05  1.3684912E+00  1.0856748E+03  3.5263289E+20  1.2886063E-01  1.0000000E-99  1.0000000E-99
  364  2.8305514E+05  1.3722712E+00  1.0886736E+03  3.5250519E+20  1.2967155E-01  1.0000000E-99  1.0000000E-99
  365  2.8383483E+05  1.3760512E+00  1.0916724E+03  3.5237710E+20  1.3048591E-01  1.0000000E-99  1.0000000E-99
  366  2.8461452E+05  1.3798311E+00  1.0946712E+03  3.5224861E+20  1.3130369E-01  1.0000000E-99  1.0000000E-99
  367  2.8539420E+05  1.3836111E+00  1.0976700E+03  3.5211972E+20  1.3212493E-01  1.0000000E-99  1.0000000E-99
  368  2.8617389E+05  1.3873911E+00  1.1006688E+03  3.5199043E+20  1.3294962E-01  1.0000000E-99  1.0000000E-99
  369  2.8695357E+05  1.3911711E+00  1.1036676E+03  3.5186074E+20  1.3377779E-01  1.0000000E-99  1.0000000E-99
  370  2.8773326E+05  1.3949510E+00  1.1066664E+03  3.5173064E+20  1.3460944E-01  1.0000000E-99  1.0000000E-99
  371  2.8851295E+05  1.3987310E+00  1.1096652E+03  3.5160015E+20  1.3544459E-01  1.0000000E-99  1.0000000E-99
  372  2.8929263E+05  1.4025110E+00  1.1126640E+03  3.5146926E+20  1.3628326E-01  1.0000000E-99  1.0000000E-99
  373  2.9007232E+05  1.4062910E+00  1.1156628E+03  3.5133796E+20  1.3712544E-01  1.0000000E-99  1.0000000E-99
  374  2.9085201E+05  1.4100709E+00  1.1186616E+03  3.5120626E+20  1.3797117E-01  1.0000000E-99  1.0000000E-99
  375  2.9163169E+05  1.4138509E+00  1.1216604E+03  3.5107415E+20  1.3882044E-01  1.0000000E-99  1.0000000E-99
  376  2.9241138E+05  1.4176309E+00  1.1246592E+03  3.5094165E+20  1.3967327E-01  1.0000000E-99  1.0000000E-99
  377  2.9319107E+05  1.4214109E+00  1.1276580E+03  3.5080873E+20  1.4052968E-01  1.0000000E-99  1.0000000E-99
  378  2.9397075E+05  1.4251908E+00  1.1306567E+03  3.5067542E+20  1.4138968E-01  1.0000000E-99  1.0000000E-99
  379  2.9475044E+05  1.4289708E+00  1.1336555E+03  3.5054170E+20  1.4225329E-01  1.0000000E-99  1.0000000E-99
  380  2.9553013E+05  1.4327508E+00  1.1366543E+03  3.5040757E+20  1.4312050E-01  1.0000000E-99  1.0000000E-99
  381  2.9630981E+05  1.4365308E+00  1.1396531E+03  3.5027304E+20  1.4399135E-01  1.0000000E-99  1.0000000E-99
  382  2.9708950E+05  1.4403107E+00  1.1426519E+03  3.5013810E+20  1.4486584E-01  1.0000000E-99  1.0000000E-99
  383  2.9786919E+05  1.4440907E+00  1.1456507E+03  3.5000275E+20  1.4574399E-01  1.0000000E-99  1.0000000E-99
  384  2.9864887E+05  1.4478707E+00  1.1486495E+03  3.4986700E+20  1.4662581E-01  1.0000000E-99  1.0000000E-99
  385  2.9942856E+05  1.4516507E+00  1.1516483E+03  3.4973084E+20  1.4751131E-01  1.0000000E-99  1.0000000E-99
  386  3.0020825E+05  1.4554306E+00  1.1546471E+03  3.4959427E+20  1.4840051E-01  1.0000000E-99  1.0000000E-99
  387  3.0098793E+05  1.4592106E+00  1.1576459E+03  3.4945729E+20  1.4929342E-01  1.0000000E-99  1.0000000E-99
  388  3.0176762E+05  1.4629906E+00  1.1606447E+03  3.4931991E+20  1.5019006E-01  1.0000000E-99  1.0000000E-99
  389  3.0254731E+05  1.4667706E+00  1.1636435E+03  3.4918211E+20  1.5109044E-01  1.0000000E-99  1.0000000E-99
  390  3.0332699E+05  1.4705505E+00  1.1666423E+03  3.4904390E+20  1.5199457E-01  1.0000000E-99  1.0000000E-99
  391  3.0410668E+05  1.4743305E+00  1.1696411E+03  3.4890529E+20  1.5290247E-01  1.0000000E-99  1.0000000E-99
  392  3.0488637E+05  1.4781105E+00  1.1726399E+03  3.4876626E+20  1.5381416E-01  1.0000000E-99  1.0000000E-99
  393  3.0566605E+05  1.4818905E+00  1.1756387E+03  3.4862682E+20  1.5472964E-01  1.0000000E-99  1.0000000E-99
  394  3.0644574E+05  1.4856704E+00  1.1786375E+03  3.4848696E+20  1.5564894E-01  1.0000000E-99  1.0000000E-99
  395  3.0722543E+05  1.4894504E+00  1.1816363E+03  3.4834670E+20  1.5657207E-01  1.0000000E-99  1.0000000E-99
  396  3.0800511E+05  1.4932304E+00  1.1846350E+03  3.4820602E+20  1.5749903E-01  1.0000000E-99  1.0000000E-99
  397  3.0878480E+05  1.4970104E+00  1.1876338E+03  3.4806493E+20  1.5842986E-01  1.0000000E-99  1.0000000E-99
  398  3.0956448E+05  1.5007903E+00  1.1906326E+03  3.4792342E+20  1.5936455E-01  1.0000000E-99  1.0000000E-99
  399  3.1034417E+05  1.5045703E+00  1.1936314E+03  3.4778150E+20  1.6030314E-01  1.0000000E-99  1.0000000E-99
  400  3.1112386E+05  1.5083503E+00  1.1966302E+03  3.4763916E+20  1.6124563E-01  1.0000000E-99  1.0000000E-99
  401  3.1190354E+05  1.5121303E+00  1.1996290E+03  3.4749641E+20  1.6219203E-01  1.0000000E-99  1.0000000E-99
  402  3.1268323E+05  1.5159102E+00  1.2026278E+03  3.4735324E+20  1.6314237E-01  1.0000000E-99  1.0000000E-99
  403  3.1346292E+05  1.5196902E+00  1.2056266E+03  3.4720966E+20  1.6409666E-01  1.0000000E-99  1.0000000E-99
  404  3.1424260E+05  1.5234702E+00  1.2086254E+03  3.4706566E+20  1.6505491E-01  1.0000000E-99  1.0000000E-99
  405  3.1502229E+05  1.5272502E+00  1.2116242E+03  3.4692123E+20  1.6601714E-01  1.0000000E-99  1.0000000E-99
  406  3.1580198E+05  1.5310301E+00  1.2146230E+03  3.4677640E+20  1.6698337E-01  1.0000000E-99  1.0000000E-99
  407  3.1658166E+05  1.5348101E+00  1.2176218E+03  3.4663114E+20  1.6795361E-01  1.0000000E-99  1.0000000E-99
  408  3.1736135E+05  1.5385901E+00  1.2206206E+03  3.4648546E+20  1.6892788E-01  1.0000000E-99  1.0000000E-99
  409  3.1814104E+05  1.5423701E+00  1.2236194E+03  3.4633937E+20  1.6990619E-01  1.0000000E-99  1.0000000E-99
  410  3.1892072E+05  1.5461500E+00  1.2266182E+03  3.4619285E+20  1.7088856E-01  1.0000000E-99  1.0000000E-99
  411  3.1970041E+05  1.5499300E+00  1.2296170E+03  3.4604591E+20  1.7187501E-01  1.0000000E-99  1.0000000E-99
  412  3.2048010E+05  1.5537100E+00  1.2326158E+03  3.4589855E+20  1.7286556E-01  1.0000000E-99  1.0000000E-99
  413  3.2125978E+05  1.5574900E+00  1.2356145E+03  3.4575077E+20  1.7386021E-01  1.0000000E-99  1.0000000E-99
  414  3.2203947E+05  1.5612699E+00  1.2386133E+03  3.4560257E+20  1.7485899E-01  1.0000000E-99  1.0000000E-99
  415  3.2281916E+05  1.5650499E+00  1.2416121E+03  3.4545394E+20  1.7586191E-01  1.0000000E-99  1.0000000E-99
  416  3.2359884E+05  1.5688299E+00  1.2446109E+03  3.4530489E+20  1.7686900E-01  1.0000000E-99  1.0000000E-99
  417  3.2437853E+05  1.5726099E+00  1.2476097E+03  3.4515542E+20  1.7788026E-01  1.0000000E-99  1.0000000E-99
  418  3.2515822E+05  1.5763898E+00  1.2506085E+03  3.4500552E+20  1.7889571E-01  1.0000000E-99  1.0000000E-99
  419  3.2593790E+05  1.5801698E+00  1.2536073E+03  3.4485519E+20  1.7991537E-01  1.0000000E-99  1.0000000E-99
  420  3.2671759E+05  1.5839498E+00  1.2566061E+03  3.4470444E+20  1.8093927E-01  1.0000000E-99  1.0000000E-99
  421  3.2749728E+05  1.5877298E+00  1.2596049E+03  3.4455327E+20  1.8196741E-01  1.0000000E-99  1.0000000E-99
  422  3.2827696E+05  1.5915097E+00  1.2626037E+03  3.4440166E+20  1.8299981E-01  1.0000000E-99  1.0000000E-99
  423  3.2905665E+05  1.5952897E+00  1.2656025E+03  3.4424963E+20  1.8403650E-01  1.0000000E-99  1.0000000E-99
  424  3.2983633E+05  1.5990697E+00  1.2686013E+03  3.4409717E+20  1.8507748E-01  1.0000000E-99  1.0000000E-99
  425  3.3061602E+05  1.6028497E+00  1.2716001E+03  3.4394428E+20  1.8612278E-01  1.0000000E-99  1.0000000E-99
  426  3.3139571E+05  1.6066296E+00  1.2745989E+03  3.4379097E+20  1.8717242E-01  1.0000000E-99  1.0000000E-99
  427  3.3217539E+05  1.6104096E+00  1.2775977E+03  3.4363722E+20  1.8822641E-01  1.0000000E-99  1.0000000E-99
  428  3.3295508E+05  1.6141896E+00  1.2805965E+03  3.4348304E+20  1.8928477E-01  1.0000000E-99  1.0000000E-99
  429  3.3373477E+05  1.6179696E+00  1.2835953E+03  3.4332843E+20  1.9034752E-01  1.0000000E-99  1.0000000E-99
  430  3.3451445E+05  1.6217495E+00  1.2865941E+03  3.4317339E+20  1.9141468E-01  1.0000000E-99  1.0000000E-99
  431  3.3529414E+05  1.6255295E+00  1.2895928E+03  3.4301792E+20  1.9248626E-01  1.0000000E-99  1.0000000E-99
  432  3.3607383E+05  1.6293095E+00  1.2925916E+03  3.4286201E+20  1.9356229E-01  1.0000000E-99  1.0000000E-99
  433  3.3685351E+05  1.6330895E+00  1.2955904E+03  3.4270568E+20  1.9464279E-01  1.0000000E-99  1.0000000E-99
  434  3.3763320E+05  1.6368694E+00  1.2985892E+03  3.4254890E+20  1.9572777E-01  1.0000000E-99  1.0000000E-99
  435  3.3841289E+05  1.6406494E+00  1.3015880E+03  3.4239170E+20  1.9681725E-01  1.0000000E-99  1.0000000E-99
  436  3.3919257E+05  1.6444294E+00  1.3045868E+03  3.4223405E+20  1.9791125E-01  1.0000000E-99  1.0000000E-99
  437  3.3997226E+05  1.6482094E+00  1.3075856E+03  3.4207598E+20  1.9900979E-01  1.0000000E-99  1.0000000E-99
  438  3.4075195E+05  1.6519893E+00  1.3105844E+03  3.4191746E+20  2.0011290E-01  1.0000000E-99  1.0000000E-99
  439  3.4153163E+05  1.6557693E+00  1.3135832E+03  3.4175851E+20  2.0122058E-01  1.0000000E-99  1.0000000E-99
  440  3.4231132E+05  1.6595493E+00  1.3165820E+03  3.4159912E+20  2.0233287E-01  1.0000000E-99  1.0000000E-99
  441  3.4309101E+05  1.6633293E+00  1.3195808E+03  3.4143930E+20  2.0344977E-01  1.0000000E-99  1.0000000E-99
  442  3.4387069E+05  1.6671092E+00  1.3225796E+03  3.4127903E+20  2.0457131E-01  1.0000000E-99  1.0000000E-99
  443  3.4465038E+05  1.6708892E+00  1.3255784E+03  3.4111833E+20  2.0569752E-01  1.0000000E-99  1.0000000E-99
  444  3.4543007E+05  1.6746692E+00  1.3285772E+03  3.4095718E+20  2.0682840E-01  1.0000000E-99  1.0000000E-99
  445  3.4620975E+05  1.6784492E+00  1.3315760E+03  3.4079560E+20  2.0796399E-01  1.0000000E-99  1.0000000E-99
  446  3.4698944E+05  1.6822291E+00  1.3345748E+03  3.4063357E+20  2.0910429E-01  1.0000000E-99  1.0000000E-99
  447  3.4776913E+05  1.6860091E+00  1.3375736E+03  3.4047110E+20  2.1024934E-01  1.0000000E-99  1.0000000E-99
  448  3.4854881E+05  1.6897891E+00  1.3405724E+03  3.4030819E+20  2.1139915E-01  1.0000000E-99  1.0000000E-99
  449  3.4932850E+05  1.6935691E+00  1.3435711E+03  3.4014484E+20  2.1255375E-01  1.0000000E-99  1.0000000E-99
  450  3.5010818E+05  1.6973490E+00  1.3465699E+03  3.3998104E+20  2.1371315E-01  1.0000000E-99  1.0000000E-99
  451  3.5088787E+05  1.7011290E+00  1.3495687E+03  3.3981680E+20  2.1487737E-01  1.0000000E-99  1.0000000E-99
  452  3.5166756E+05  1.7049090E+00  1.3525675E+03  3.3965211E+20  2.1604645E-01  1.0000000E-99  1.0000000E-99
  453  3.5244724E+05  1.7086890E+00  1.3555663E+03  3.3948698E+20  2.1722039E-01  1.0000000E-99  1.0000000E-99
  454  3.5322693E+05  1.7124689E+00  1.3585651E+03  3.3932140E+20  2.1839922E-01  1.0000000E-99  1.0000000E-99
  455  3.5400662E+05  1.7162489E+00  1.3615639E+03  3.3915537E+20  2.1958297E-01  1.0000000E-99  1.0000000E-99
  456  3.5478630E+05  1.7200289E+00  1.3645627E+03  3.3898890E+20  2.2077165E-01  1.0000000E-99  1.0000000E-99
  457  3.5556599E+05  1.7238089E+00  1.3675615E+03  3.3882197E+20  2.2196529E-01  1.0000000E-99  1.0000000E-99
  458  3.5634568E+05  1.7275888E+00  1.3705603E+03  3.3865460E+20  2.2316390E-01  1.0000000E-99  1.0000000E-99
  459  3.5712536E+05  1.7313688E+00  1.3735591E+03  3.3848678E+20  2.2436752E-01  1.0000000E-99  1.0000000E-99
  460  3.5790505E+05  1.7351488E+00  1.3765579E+03  3.3831851E+20  2.2557616E-01  1.0000000E-99  1.0000000E-99
  461  3.5868474E+05  1.7389288E+00  1.3795567E+03  3.3814979E+20  2.2678985E-01  1.0000000E-99  1.0000000E-99
  462  3.5946442E+05  1.7427087E+00  1.3825555E+03  3.3798061E+20  2.2800861E-01  1.0000000E-99  1.0000000E-99
  463  3.6024411E+05  1.7464887E+00  1.3855543E+03  3.3781099E+20  2.2923246E-01  1.0000000E-99  1.0000000E-99
  464  3.6102380E+05  1.7502687E+00  1.3885531E+03  3.3764091E+20  2.3046143E-01  1.0000000E-99  1.0000000E-99
  465  3.6180348E+05  1.7540487E+00  1.3915519E+03  3.3747037E+20  2.3169554E-01  1.0000000E-99  1.0000000E-99
  466  3.6258317E+05  1.7578286E+00  1.3945507E+03  3.3729939E+20  2.3293480E-01  1.0000000E-99  1.0000000E-99
  467  3.6336286E+05  1.7616086E+00  1.3975494E+03  3.3712794E+20  2.3417926E-01  1.0000000E-99  1.0000000E-99
  468  3.6414254E+05  1.7653886E+00  1.4005482E+03  3.3695604E+20  2.3542893E-01  1.0000000E-99  1.0000000E-99
  469  3.6492223E+05  1.7691686E+00  1.4035470E+03  3.3678369E+20  2.3668383E-01  1.0000000E-99  1.0000000E-99
  470  3.6570192E+05  1.7729485E+00  1.4065458E+03  3.3661088E+20  2.3794399E-01  1.0000000E-99  1.0000000E-99
  471  3.6648160E+05  1.7767285E+00  1.4095446E+03  3.3643761E+20  2.3920943E-01  1.0000000E-99  1.0000000E-99
  472  3.6726129E+05  1.7805085E+00  1.4125434E+03  3.3626388E+20  2.4048018E-01  1.0000000E-99  1.0000000E-99
  473  3.6804098E+05  1.7842885E+00  1.4155422E+03  3.3608969E+20  2.4175627E-01  1.0000000E-99  1.0000000E-99
  474  3.6882066E+05  1.7880684E+00  1.4185410E+03  3.3591504E+20  2.4303771E-01  1.0000000E-99  1.0000000E-99
  475  3.6960035E+05  1.7918484E+00  1.4215398E+03  3.3573993E+20  2.4432453E-01  1.0000000E-99  1.0000000E-99
  476  3.7038003E+05  1.7956284E+00  1.4245386E+03  3.3556436E+20  2.4561676E-01  1.0000000E-99  1.0000000E-99
  477  3.7115972E+05  1.7994084E+00  1.4275374E+03  3.3538833E+20  2.4691442E-01  1.0000000E-99  1.0000000E-99
  478  3.7193941E+05  1.8031883E+00  1.4305362E+03  3.3521183E+20  2.4821754E-01  1.0000000E-99  1.0000000E-99
  479  3.7271909E+05  1.8069683E+00  1.4335350E+03  3.3503487E+20  2.4952615E-01  1.0000000E-99  1.0000000E-99
  480  3.7349878E+05  1.8107483E+00  1.4365338E+03  3.3485745E+20  2.5084026E-01  1.0000000E-99  1.0000000E-99
  481  3.7427847E+05  1.8145283E+00  1.4395326E+03  3.3467956E+20  2.5215992E-01  1.0000000E-99  1.0000000E-99
  482  3.7505815E+05  1.8183082E+00  1.4425314E+03  3.3450120E+20  2.5348513E-01  1.0000000E-99  1.0000000E-99
  483  3.7583784E+05  1.8220882E+00  1.4455302E+03  3.3432238E+20  2.5481594E-01  1.0000000E-99  1.0000000E-99
  484  3.7661753E+05  1.8258682E+00  1.4485290E+03  3.3414309E+20  2.5615236E-01  1.0000000E-99  1.0000000E-99
  485  3.7739721E+05  1.8296482E+00  1.4515277E+03  3.3396334E+20  2.5749442E-01  1.0000000E-99  1.0000000E-99
  486  3.7817690E+05  1.8334281E+00  1.4545265E+03  3.3378311E+20  2.5884215E-01  1.0000000E-99  1.0000000E-99
  487  3.7895659E+05  1.8372081E+00  1.4575253E+03  3.3360242E+20  2.6019558E-01  1.0000000E-99  1.0000000E-99
  488  3.7973627E+05  1.8409881E+00  1.4605241E+03  3.3342125E+20  2.6155473E-01  1.0000000E-99  1.0000000E-99
  489  3.8051596E+05  1.8447681E+00  1.4635229E+03  3.3323961E+20  2.6291964E-01  1.0000000E-99  1.0000000E-99
  490  3.8129565E+05  1.8485480E+00  1.4665217E+03  3.3305750E+20  2.6429032E-01  1.0000000E-99  1.0000000E-99
  491  3.8207533E+05  1.8523280E+00  1.4695205E+03  3.3287492E+20  2.6566682E-01  1.0000000E-99  1.0000000E-99
  492  3.8285502E+05  1.8561080E+00  1.4725193E+03  3.3269187E+20  2.6704915E-01  1.0000000E-99  1.0000000E-99
  493  3.8363471E+05  1.8598880E+00  1.4755181E+03  3.3250834E+20  2.6843734E-01  1.0000000E-99  1.0000000E-99
  494  3.8441439E+05  1.8636679E+00  1.4785169E+03  3.3232433E+20  2.6983143E-01  1.0000000E-99  1.0000000E-99
  495  3.8519408E+05  1.8674479E+00  1.4815157E+03  3.3213985E+20  2.7123144E-01  1.0000000E-99  1.0000000E-99
  496  3.8597377E+05  1.8712279E+00  1.4845145E+03  3.3195489E+20  2.7263740E-01  1.0000000E-99  1.0000000E-99
  497  3.8675345E+05  1.8750079E+00  1.4875133E+03  3.3176946E+20  2.7404934E-01  1.0000000E-99  1.0000000E-99
  498  3.8753314E+05  1.8787878E+00  1.4905121E+03  3.3158355E+20  2.7546729E-01  1.0000000E-99  1.0000000E-99
  499  3.8831283E+05  1.8825678E+00  1.4935109E+03  3.3139715E+20  2.7689128E-01  1.0000000E-99  1.0000000E-99
  500  3.8909251E+05  1.8863478E+00  1.4965097E+03  3.3121028E+20  2.7832134E-01  1.0000000E-99  1.0000000E-99
  501  3.8987220E+05  1.8901278E+00  1.4995085E+03  3.3102293E+20  2.7975749E-01  1.0000000E-99  1.0000000E-99
  502  3.9065188E+05  1.8939077E+00  1.5025072E+03  3.3083510E+20  2.8119978E-01  1.0000000E-99  1.0000000E-99
  503  3.9143157E+05  1.8976877E+00  1.5055060E+03  3.3064678E+20  2.8264823E-01  1.0000000E-99  1.0000000E-99
  504  3.9221126E+05  1.9014677E+00  1.5085048E+03  3.3045798E+20  2.8410287E-01  1.0000000E-99  1.0000000E-99
  505  3.9299094E+05  1.9052477E+00  1.5115036E+03  3.3026870E+20  2.8556373E-01  1.0000000E-99  1.0000000E-99
  506  3.9377063E+05  1.9090276E+00  1.5145024E+03  3.3007893E+20  2.8703085E-01  1.0000000E-99  1.0000000E-99
  507  3.9455032E+05  1.9128076E+00  1.5175012E+03  3.2988867E+20  2.8850425E-01  1.0000000E-99  1.0000000E-99
  508  3.9533000E+05  1.9165876E+00  1.5205000E+03  3.2969793E+20  2.8998397E-01  1.0000000E-99  1.0000000E-99
  509  3.9610969E+05  1.9203676E+00  1.5234988E+03  3.2950671E+20  2.9147003E-01  1.0000000E-99  1.0000000E-99
  510  3.9688938E+05  1.9241475E+00  1.5264976E+03  3.2931499E+20  2.9296248E-01  1.0000000E-99  1.0000000E-99
  511  3.9766906E+05  1.9279275E+00  1.5294964E+03  3.2912279E+20  2.9446134E-01  1.0000000E-99  1.0000000E-99
  512  3.9844875E+05  1.9317075E+00  1.5324952E+03  3.2893009E+20  2.9596664E-01  1.0000000E-99  1.0000000E-99
  513  3.9922844E+05  1.9354875E+00  1.5354940E+03  3.2873690E+20  2.9747843E-01  1.0000000E-99  1.0000000E-99
  514  4.0000812E+05  1.9392674E+00  1.5384928E+03  3.2854323E+20  2.9899672E-01  1.0000000E-99  1.0000000E-99
  515  4.0078781E+05  1.9430474E+00  1.5414916E+03  3.2834906E+20  3.0052156E-01  1.0000000E-99  1.0000000E-99
  516  4.0156750E+05  1.9468274E+00  1.5444904E+03  3.2815440E+20  3.0205298E-01  1.0000000E-99  1.0000000E-99
  517  4.0234718E+05  1.9506074E+00  1.5474892E+03  3.2795924E+20  3.0359101E-01  1.0000000E-99  1.0000000E-99
  518  4.0312687E+05  1.9543873E+00  1.5504880E+03  3.2776359E+20  3.0513569E-01  1.0000000E-99  1.0000000E-99
  519  4.0390656E+05  1.9581673E+00  1.5534868E+03  3.2756744E+20  3.0668704E-01  1.0000000E-99  1.0000000E-99
  520  4.0468624E+05  1.9619473E+00  1.5564855E+03  3.2737079E+20  3.0824512E-01  1.0000000E-99  1.0000000E-99
  521  4.0546593E+05  1.9657273E+00  1.5594843E+03  3.2717365E+20  3.0980994E-01  1.0000000E-99  1.0000000E-99
  522  4.0624562E+05  1.9695072E+00  1.5624831E+03  3.2697601E+20  3.1138155E-01  1.0000000E-99  1.0000000E-99
  523  4.0702530E+05  1.9732872E+00  1.5654819E+03  3.2677787E+20  3.1295998E-01  1.0000000E-99  1.0000000E-99
  524  4.0780499E+05  1.9770672E+00  1.5684807E+03  3.2657922E+20  3.1454526E-01  1.0000000E-99  1.0000000E-99
  525  4.0858468E+05  1.9808472E+00  1.5714795E+03  3.2638008E+20  3.1613744E-01  1.0000000E-99  1.0000000E-99
  526  4.0936436E+05  1.9846271E+00  1.5744783E+03  3.2618043E+20  3.1773655E-01  1.0000000E-99  1.0000000E-99
  527  4.1014405E+05  1.9884071E+00  1.5774771E+03  3.2598029E+20  3.1934262E-01  1.0000000E-99  1.0000000E-99
  528  4.1092373E+05  1.9921871E+00  1.5804759E+03  3.2577963E+20  3.2095569E-01  1.0000000E-99  1.0000000E-99
  529  4.1170342E+05  1.9959671E+00  1.5834747E+03  3.2557847E+20  3.2257580E-01  1.0000000E-99  1.0000000E-99
  530  4.1248311E+05  1.9997470E+00  1.5864735E+03  3.2537681E+20  3.2420299E-01  1.0000000E-99  1.0000000E-99
  531  4.1326279E+05  2.0035270E+00  1.5894723E+03  3.2517464E+20  3.2583729E-01  1.0000000E-99  1.0000000E-99
  532  4.1404248E+05  2.0073070E+00  1.5924711E+03  3.2497196E+20  3.2747875E-01  1.0000000E-99  1.0000000E-99
  533  4.1482217E+05  2.0110870E+00  1.5954699E+03  3.2476877E+20  3.2912739E-01  1.0000000E-99  1.0000000E-99
  534  4.1560185E+05  2.0148669E+00  1.5984687E+03  3.2456507E+20  3.3078326E-01  1.0000000E-99  1.0000000E-99
  535  4.1638154E+05  2.0186469E+00  1.6014675E+03  3.2436087E+20  3.3244640E-01  1.0000000E-99  1.0000000E-99
  536  4.1716123E+05  2.0224269E+00  1.6044663E+03  3.2415614E+20  3.3411684E-01  1.0000000E-99  1.0000000E-99
  537  4.1794091E+05  2.0262069E+00  1.6074651E+03  3.2395091E+20  3.3579463E-01  1.0000000E-99  1.0000000E-99
  538  4.1872060E+05  2.0299868E+00  1.6104638E+03  3.2374516E+20  3.3747980E-01  1.0000000E-99  1.0000000E-99
  539  4.1950029E+05  2.0337668E+00  1.6134626E+03  3.2353890E+20  3.3917240E-01  1.0000000E-99  1.0000000E-99
  540  4.2027997E+05  2.0375468E+00  1.6164614E+03  3.2333213E+20  3.4087247E-01  1.0000000E-99  1.0000000E-99
  541  4.2105966E+05  2.0413268E+00  1.6194602E+03  3.2312483E+20  3.4258004E-01  1.0000000E-99  1.0000000E-99
  542  4.2183935E+05  2.0451067E+00  1.6224590E+03  3.2291702E+20  3.4429515E-01  1.0000000E-99  1.0000000E-99
  543  4.2261903E+05  2.0488867E+00  1.6254578E+03  3.2270869E+20  3.4601785E-01  1.0000000E-99  1.0000000E-99
  544  4.2339872E+05  2.0526667E+00  1.6284566E+03  3.2249984E+20  3.4774819E-01  1.0000000E-99  1.0000000E-99
  545  4.2417841E+05  2.0564467E+00  1.6314554E+03  3.2229047E+20  3.4948619E-01  1.0000000E-99  1.0000000E-99
  546  4.2495809E+05  2.0602267E+00  1.6344542E+03  3.2208058E+20  3.5123191E-01  1.0000000E-99  1.0000000E-99
  547  4.2573778E+05  2.0640066E+00  1.6374530E+03  3.2187016E+20  3.5298538E-01  1.0000000E-99  1.0000000E-99
  548  4.2651747E+05  2.0677866E+00  1.6404518E+03  3.2165922E+20  3.5474665E-01  1.0000000E-99  1.0000000E-99
  549  4.2729715E+05  2.0715666E+00  1.6434506E+03  3.2144776E+20  3.5651576E-01  1.0000000E-99  1.0000000E-99
  550  4.2807684E+05  2.0753466E+00  1.6464494E+03  3.2123577E+20  3.5829276E-01  1.0000000E-99  1.0000000E-99
  551  4.2885653E+05  2.0791265E+00  1.6494482E+03  3.2102325E+20  3.6007768E-01  1.0000000E-99  1.0000000E-99
  552  4.2963621E+05  2.0829065E+00  1.6524470E+03  3.2081021E+20  3.6187058E-01  1.0000000E-99  1.0000000E-99
  553  4.3041590E+05  2.0866865E+00  1.6554458E+03  3.2059663E+20  3.6367150E-01  1.0000000E-99  1.0000000E-99
  554  4.3119558E+05  2.0904665E+00  1.6584446E+03  3.2038253E+20  3.6548048E-01  1.0000000E-99  1.0000000E-99
  555  4.3197527E+05  2.0942464E+00  1.6614434E+03  3.2016790E+20  3.6729757E-01  1.0000000E-99  1.0000000E-99
  556  4.3275496E+05  2.0980264E+00  1.6644421E+03  3.1995273E+20  3.6912281E-01  1.0000000E-99  1.0000000E-99
  557  4.3353464E+05  2.1018064E+00  1.6674409E+03  3.1973703E+20  3.7095625E-01  1.0000000E-99  1.0000000E-99
  558  4.3431433E+05  2.1055864E+00  1.6704397E+03  3.1952080E+20  3.7279793E-01  1.0000000E-99  1.0000000E-99
  559  4.3509402E+05  2.1093663E+00  1.6734385E+03  3.1930403E+20  3.7464791E-01  1.0000000E-99  1.0000000E-99
  560  4.3587370E+05  2.1131463E+00  1.6764373E+03  3.1908672E+20  3.7650623E-01  1.0000000E-99  1.0000000E-99
  561  4.3665339E+05  2.1169263E+00  1.6794361E+03  3.1886888E+20  3.7837293E-01  1.0000000E-99  1.0000000E-99
  562  4.3743308E+05  2.1207063E+00  1.6824349E+03  3.1865049E+20  3.8024807E-01  1.0000000E-99  1.0000000E-99
  563  4.3821276E+05  2.1244862E+00  1.6854337E+03  3.1843157E+20  3.8213169E-01  1.0000000E-99  1.0000000E-99
  564  4.3899245E+05  2.1282662E+00  1.6884325E+03  3.1821211E+20  3.8402385E-01  1.0000000E-99  1.0000000E-99
  565  4.3977214E+05  2.1320462E+00  1.6914313E+03  3.1799210E+20  3.8592458E-01  1.0000000E-99  1.0000000E-99
  566  4.4055182E+05  2.1358262E+00  1.6944301E+03  3.1777156E+20  3.8783394E-01  1.0000000E-99  1.0000000E-99
  567  4.4133151E+05  2.1396061E+00  1.6974289E+03  3.1755046E+20  3.8975199E-01  1.0000000E-99  1.0000000E-99
  568  4.4211120E+05  2.1433861E+00  1.7004277E+03  3.1732883E+20  3.9167876E-01  1.0000000E-99  1.0000000E-99
  569  4.4289088E+05  2.1471661E+00  1.7034265E+03  3.1710664E+20  3.9361431E-01  1.0000000E-99  1.0000000E-99
  570  4.4367057E+05  2.1509461E+00  1.7064253E+03  3.1688391E+20  3.9555869E-01  1.0000000E-99  1.0000000E-99
  571  4.4445026E+05  2.1547260E+00  1.7094241E+03  3.1666063E+20  3.9751196E-01  1.0000000E-99  1.0000000E-99
  572  4.4522994E+05  2.1585060E+00  1.7124229E+03  3.1643680E+20  3.9947416E-01  1.0000000E-99  1.0000000E-99
  573  4.4600963E+05  2.1622860E+00  1.7154217E+03  3.1621242E+20  4.0144535E-01  1.0000000E-99  1.0000000E-99
  574  4.4678932E+05  2.1660660E+00  1.7184204E+03  3.1598748E+20  4.0342558E-01  1.0000000E-99  1.0000000E-99
  575  4.4756900E+05  2.1698459E+00  1.7214192E+03  3.1576199E+20  4.0541490E-01  1.0000000E-99  1.0000000E-99
  576  4.4834869E+05  2.1736259E+00  1.7244180E+03  3.1553595E+20  4.0741337E-01  1.0000000E-99  1.0000000E-99
  577  4.4912838E+05  2.1774059E+00  1.7274168E+03  3.1530935E+20  4.0942103E-01  1.0000000E-99  1.0000000E-99
  578  4.4990806E+05  2.1811859E+00  1.7304156E+03  3.1508220E+20  4.1143796E-01  1.0000000E-99  1.0000000E-99
  579  4.5068775E+05  2.1849658E+00  1.7334144E+03  3.1485448E+20  4.1346419E-01  1.0000000E-99  1.0000000E-99
  580  4.5146743E+05  2.1887458E+00  1.7364132E+03  3.1462621E+20  4.1549978E-01  1.0000000E-99  1.0000000E-99
  581  4.5224712E+05  2.1925258E+00  1.7394120E+03  3.1439737E+20  4.1754480E-01  1.0000000E-99  1.0000000E-99
  582  4.5302681E+05  2.1963058E+00  1.7424108E+03  3.1416798E+20  4.1959929E-01  1.0000000E-99  1.0000000E-99
  583  4.5380649E+05  2.2000857E+00  1.7454096E+03  3.1393802E+20  4.2166332E-01  1.0000000E-99  1.0000000E-99
  584  4.5458618E+05  2.2038657E+00  1.7484084E+03  3.1370749E+20  4.2373694E-01  1.0000000E-99  1.0000000E-99
  585  4.5536587E+05  2.2076457E+00  1.7514072E+03  3.1347640E+20  4.2582021E-01  1.0000000E-99  1.0000000E-99
  586  4.5614555E+05  2.2114257E+00  1.7544060E+03  3.1324475E+20  4.2791318E-01  1.0000000E-99  1.0000000E-99
  587  4.5692524E+05  2.2152056E+00  1.7574048E+03  3.1301252E+20  4.3001592E-01  1.0000000E-99  1.0000000E-99
  588  4.5770493E+05  2.2189856E+00  1.7604036E+03  3.1277973E+20  4.3212848E-01  1.0000000E-99  1.0000000E-99
  589  4.5848461E+05  2.2227656E+00  1.7634024E+03  3.1254636E+20  4.3425093E-01  1.0000000E-99  1.0000000E-99
  590  4.5926430E+05  2.2265456E+00  1.7664012E+03  3.1231242E+20  4.3638332E-01  1.0000000E-99  1.0000000E-99
  591  4.6004399E+05  2.2303255E+00  1.7693999E+03  3.1207791E+20  4.3852572E-01  1.0000000E-99  1.0000000E-99
  592  4.6082367E+05  2.2341055E+00  1.7723987E+03  3.1184283E+20  4.4067818E-01  1.0000000E-99  1.0000000E-99
  593  4.6160336E+05  2.2378855E+00  1.7753975E+03  3.1160717E+20  4.4284078E-01  1.0000000E-99  1.0000000E-99
  594  4.6238305E+05  2.2416655E+00  1.7783963E+03  3.1137093E+20  4.4501356E-01  1.0000000E-99  1.0000000E-99
  595  4.6316273E+05  2.2454454E+00  1.7813951E+03  3.1113411E+20  4.4719659E-01  1.0000000E-99  1.0000000E-99
  596  4.6394242E+05  2.2492254E+00  1.7843939E+03  3.1089671E+20  4.4938995E-01  1.0000000E-99  1.0000000E-99
  597  4.6472211E+05  2.2530054E+00  1.7873927E+03  3.1065874E+20  4.5159368E-01  1.0000000E-99  1.0000000E-99
  598  4.6550179E+05  2.2567854E+00  1.7903915E+03  3.1042017E+20  4.5380785E-01  1.0000000E-99  1.0000000E-99
  599  4.6628148E+05  2.2605653E+00  1.7933903E+03  3.1018103E+20  4.5603254E-01  1.0000000E-99  1.0000000E-99
  600  4.6706117E+05  2.2643453E+00  1.7963891E+03  3.0994130E+20  4.5826780E-01  1.0000000E-99  1.0000000E-99
  601  4.6784085E+05  2.2681253E+00  1.7993879E+03  3.0970098E+20  4.6051370E-01  1.0000000E-99  1.0000000E-99
  602  4.6862054E+05  2.2719053E+00  1.8023867E+03  3.0946008E+20  4.6277031E-01  1.0000000E-99  1.0000000E-99
  603  4.6940023E+05  2.2756852E+00  1.8053855E+03  3.0921859E+20  4.6503770E-01  1.0000000E-99  1.0000000E-99
  604  4.7017991E+05  2.2794652E+00  1.8083843E+03  3.0897650E+20  4.6731593E-01  1.0000000E-99  1.0000000E-99
  605  4.7095960E+05  2.2832452E+00  1.8113831E+03  3.0873383E+20  4.6960507E-01  1.0000000E-99  1.0000000E-99
  606  4.7173928E+05  2.2870252E+00  1.8143819E+03  3.0849056E+20  4.7190518E-01  1.0000000E-99  1.0000000E-99
  607  4.7251897E+05  2.2908051E+00  1.8173807E+03  3.0824669E+20  4.7421635E-01  1.0000000E-99  1.0000000E-99
  608  4.7329866E+05  2.2945851E+00  1.8203795E+03  3.0800223E+20  4.7653864E-01  1.0000000E-99  1.0000000E-99
  609  4.7407834E+05  2.2983651E+00  1.8233782E+03  3.0775717E+20  4.7887212E-01  1.0000000E-99  1.0000000E-99
  610  4.7485803E+05  2.3021451E+00  1.8263770E+03  3.0751151E+20  4.8121686E-01  1.0000000E-99  1.0000000E-99
  611  4.7563772E+05  2.3059250E+00  1.8293758E+03  3.0726525E+20  4.8357294E-01  1.0000000E-99  1.0000000E-99
  612  4.7641740E+05  2.3097050E+00  1.8323746E+03  3.0701839E+20  4.8594042E-01  1.0000000E-99  1.0000000E-99
  613  4.7719709E+05  2.3134850E+00  1.8353734E+03  3.0677093E+20  4.8831939E-01  1.0000000E-99  1.0000000E-99
  614  4.7797678E+05  2.3172650E+00  1.8383722E+03  3.0652286E+20  4.9070991E-01  1.0000000E-99  1.0000000E-99
  615  4.7875646E+05  2.3210449E+00  1.8413710E+03  3.0627419E+20  4.9311205E-01  1.0000000E-99  1.0000000E-99
  616  4.7953615E+05  2.3248249E+00  1.8443698E+03  3.0602490E+20  4.9552591E-01  1.0000000E-99  1.0000000E-99
  617  4.8031584E+05  2.3286049E+00  1.8473686E+03  3.0577501E+20  4.9795154E-01  1.0000000E-99  1.0000000E-99
  618  4.8109552E+05  2.3323849E+00  1.8503674E+03  3.0552451E+20  5.0038903E-01  1.0000000E-99  1.0000000E-99
  619  4.8187521E+05  2.3361648E+00  1.8533662E+03  3.0527339E+20  5.0283845E-01  1.0000000E-99  1.0000000E-99
  620  4.8265490E+05  2.3399448E+00  1.8563650E+03  3.0502166E+20  5.0529989E-01  1.0000000E-99  1.0000000E-99
  621  4.8343458E+05  2.3437248E+00  1.8593638E+03  3.0476931E+20  5.0777342E-01  1.0000000E-99  1.0000000E-99
  622  4.8421427E+05  2.3475048E+00  1.8623626E+03  3.0451635E+20  5.1025912E-01  1.0000000E-99  1.0000000E-99
  623  4.8499396E+05  2.3512847E+00  1.8653614E+03  3.0426277E+20  5.1275707E-01  1.0000000E-99  1.0000000E-99
  624  4.8577364E+05  2.3550647E+00  1.8683602E+03  3.0400857E+20  5.1526736E-01  1.0000000E-99  1.0000000E-99
  625  4.8655333E+05  2.3588447E+00  1.8713590E+03  3.0375375E+20  5.1779005E-01  1.0000000E-99  1.0000000E-99
  626  4.8733302E+05  2.3626247E+00  1.8743578E+03  3.0349830E+20  5.2032525E-01  1.0000000E-99  1.0000000E-99
  627  4.8811270E+05  2.3664046E+00  1.8773565E+03  3.0324223E+20  5.2287302E-01  1.0000000E-99  1.0000000E-99
  628  4.8889239E+05  2.3701846E+00  1.8803553E+03  3.0298553E+20  5.2543346E-01  1.0000000E-99  1.0000000E-99
  629  4.8967208E+05  2.3739646E+00  1.8833541E+03  3.0272821E+20  5.2800664E-01  1.0000000E-99  1.0000000E-99
  630  4.9045176E+05  2.3777446E+00  1.8863529E+03  3.0247026E+20  5.3059266E-01  1.0000000E-99  1.0000000E-99
  631  4.9123145E+05  2.3815245E+00  1.8893517E+03  3.0221167E+20  5.3319160E-01  1.0000000E-99  1.0000000E-99
  632  4.9201114E+05  2.3853045E+00  1.8923505E+03  3.0195245E+20  5.3580354E-01  1.0000000E-99  1.0000000E-99
  633  4.9279082E+05  2.3890845E+00  1.8953493E+03  3.0169260E+20  5.3842858E-01  1.0000000E-99  1.0000000E-99
  634  4.9357051E+05  2.3928645E+00  1.8983481E+03  3.0143211E+20  5.4106680E-01  1.0000000E-99  1.0000000E-99
  635  4.9435019E+05  2.3966444E+00  1.9013469E+03  3.0117099E+20  5.4371830E-01  1.0000000E-99  1.0000000E-99
  636  4.9512988E+05  2.4004244E+00  1.9043457E+03  3.0090922E+20  5.4638316E-01  1.0000000E-99  1.0000000E-99
  637  4.9590957E+05  2.4042044E+00  1.9073445E+03  3.0064681E+20  5.4906147E-01  1.0000000E-99  1.0000000E-99
  638  4.9668925E+05  2.4079844E+00  1.9103433E+03  3.0038376E+20  5.5175334E-01  1.0000000E-99  1.0000000E-99
  639  4.9746894E+05  2.4117643E+00  1.9133421E+03  3.0012007E+20  5.5445884E-01  1.0000000E-99  1.0000000E-99
  640  4.9824863E+05  2.4155443E+00  1.9163409E+03  2.9985573E+20  5.5717807E-01  1.0000000E-99  1.0000000E-99
  641  4.9902831E+05  2.4193243E+00  1.9193397E+03  2.9959074E+20  5.5991113E-01  1.0000000E-99  1.0000000E-99
  642  4.9980800E+05  2.4231043E+00  1.9223385E+03  2.9932511E+20  5.6265812E-01  1.0000000E-99  1.0000000E-99
  643  5.0058769E+05  2.4268842E+00  1.9253373E+03  2.9905882E+20  5.6541912E-01  1.0000000E-99  1.0000000E-99
  644  5.0136737E+05  2.4306642E+00  1.9283361E+03  2.9879188E+20  5.6819425E-01  1.0000000E-99  1.0000000E-99
  645  5.0214706E+05  2.4344442E+00  1.9313348E+03  2.9852428E+20  5.7098359E-01  1.0000000E-99  1.0000000E-99
  646  5.0292675E+05  2.4382242E+00  1.9343336E+03  2.9825603E+20  5.7378724E-01  1.0000000E-99  1.0000000E-99
  647  5.0370643E+05  2.4420041E+00  1.9373324E+03  2.9798712E+20  5.7660531E-01  1.0000000E-99  1.0000000E-99
  648  5.0448612E+05  2.4457841E+00  1.9403312E+03  2.9771755E+20  5.7943789E-01  1.0000000E-99  1.0000000E-99
  649  5.0526581E+05  2.4495641E+00  1.9433300E+03  2.9744732E+20  5.8228510E-01  1.0000000E-99  1.0000000E-99
  650  5.0604549E+05  2.4533441E+00  1.9463288E+03  2.9717642E+20  5.8514702E-01  1.0000000E-99  1.0000000E-99
  651  5.0682518E+05  2.4571240E+00  1.9493276E+03  2.9690486E+20  5.8802378E-01  1.0000000E-99  1.0000000E-99
  652  5.0760487E+05  2.4609040E+00  1.9523264E+03  2.9663263E+20  5.9091546E-01  1.0000000E-99  1.0000000E-99
  653  5.0838455E+05  2.4646840E+00  1.9553252E+03  2.9635973E+20  5.9382218E-01  1.0000000E-99  1.0000000E-99
  654  5.0916424E+05  2.4684640E+00  1.9583240E+03  2.9608616E+20  5.9674404E-01  1.0000000E-99  1.0000000E-99
  655  5.0994393E+05  2.4722439E+00  1.9613228E+03  2.9581192E+20  5.9968116E-01  1.0000000E-99  1.0000000E-99
  656  5.1072361E+05  2.4760239E+00  1.9643216E+03  2.9553700E+20  6.0263363E-01  1.0000000E-99  1.0000000E-99
  657  5.1150330E+05  2.4798039E+00  1.9673204E+03  2.9526141E+20  6.0560158E-01  1.0000000E-99  1.0000000E-99
  658  5.1228299E+05  2.4835839E+00  1.9703192E+03  2.9498514E+20  6.0858512E-01  1.0000000E-99  1.0000000E-99
  659  5.1306267E+05  2.4873638E+00  1.9733180E+03  2.9470819E+20  6.1158434E-01  1.0000000E-99  1.0000000E-99
  660  5.1384236E+05  2.4911438E+00  1.9763168E+03  2.9443055E+20  6.1459938E-01  1.0000000E-99  1.0000000E-99
  661  5.1462204E+05  2.4949238E+00  1.9793156E+03  2.9415223E+20  6.1763035E-01  1.0000000E-99  1.0000000E-99
  662  5.1540173E+05  2.4987038E+00  1.9823144E+03  2.9387323E+20  6.2067735E-01  1.0000000E-99  1.0000000E-99
  663  5.1618142E+05  2.5024837E+00  1.9853131E+03  2.9359354E+20  6.2374051E-01  1.0000000E-99  1.0000000E-99
  664  5.1696110E+05  2.5062637E+00  1.9883119E+03  2.9331315E+20  6.2681994E-01  1.0000000E-99  1.0000000E-99
  665  5.1774079E+05  2.5100437E+00  1.9913107E+03  2.9303208E+20  6.2991577E-01  1.0000000E-99  1.0000000E-99
  666  5.1852048E+05  2.5138237E+00  1.9943095E+03  2.9275031E+20  6.3302812E-01  1.0000000E-99  1.0000000E-99
  667  5.1930016E+05  2.5176036E+00  1.9973083E+03  2.9246784E+20  6.3615710E-01  1.0000000E-99  1.0000000E-99
  668  5.2007985E+05  2.5213836E+00  2.0003071E+03  2.9218468E+20  6.3930284E-01  1.0000000E-99  1.0000000E-99
  669  5.2085954E+05  2.5251636E+00  2.0033059E+03  2.9190081E+20  6.4246547E-01  1.0000000E-99  1.0000000E-99
  670  5.2163922E+05  2.5289436E+00  2.0063047E+03  2.9161625E+20  6.4564510E-01  1.0000000E-99  1.0000000E-99
  671  5.2241891E+05  2.5327235E+00  2.0093035E+03  2.9133098E+20  6.4884188E-01  1.0000000E-99  1.0000000E-99
  672  5.2319860E+05  2.5365035E+00  2.0123023E+03  2.9104500E+20  6.5205591E-01  1.0000000E-99  1.0000000E-99
  673  5.2397828E+05  2.5402835E+00  2.0153011E+03  2.9075832E+20  6.5528735E-01  1.0000000E-99  1.0000000E-99
  674  5.2475797E+05  2.5440635E+00  2.0182999E+03  2.9047092E+20  6.5853630E-01  1.0000000E-99  1.0000000E-99
  675  5.2553766E+05  2.5478434E+00  2.0212987E+03  2.9018281E+20  6.6180291E-01  1.0000000E-99  1.0000000E-99
  676  5.2631734E+05  2.5516234E+00  2.0242975E+03  2.8989399E+20  6.6508732E-01  1.0000000E-99  1.0000000E-99
  677  5.2709703E+05  2.5554034E+00  2.0272963E+03  2.8960445E+20  6.6838964E-01  1.0000000E-99  1.0000000E-99
  678  5.2787672E+05  2.5591834E+00  2.0302951E+03  2.8931419E+20  6.7171003E-01  1.0000000E-99  1.0000000E-99
  679  5.2865640E+05  2.5629633E+00  2.0332939E+03  2.8902321E+20  6.7504862E-01  1.0000000E-99  1.0000000E-99
  680  5.2943609E+05  2.5667433E+00  2.0362926E+03  2.8873151E+20  6.7840554E-01  1.0000000E-99  1.0000000E-99
  681  5.3021578E+05  2.5705233E+00  2.0392914E+03  2.8843908E+20  6.8178094E-01  1.0000000E-99  1.0000000E-99
  682  5.3099546E+05  2.5743033E+00  2.0422902E+03  2.8814592E+20  6.8517496E-01  1.0000000E-99  1.0000000E-99
  683  5.3177515E+05  2.5780832E+00  2.0452890E+03  2.8785204E+20  6.8858774E-01  1.0000000E-99  1.0000000E-99
  684  5.3255484E+05  2.5818632E+00  2.0482878E+03  2.8755742E+20  6.9201944E-01  1.0000000E-99  1.0000000E-99
  685  5.3333452E+05  2.5856432E+00  2.0512866E+03  2.8726206E+20  6.9547018E-01  1.0000000E-99  1.0000000E-99
  686  5.3411421E+05  2.5894232E+00  2.0542854E+03  2.8696597E+20  6.9894013E-01  1.0000000E-99  1.0000000E-99
  687  5.3489389E+05  2.5932031E+00  2.0572842E+03  2.8666914E+20  7.0242942E-01  1.0000000E-99  1.0000000E-99
  688  5.3567358E+05  2.5969831E+00  2.0602830E+03  2.8637157E+20  7.0593822E-01  1.0000000E-99  1.0000000E-99
  689  5.3645327E+05  2.6007631E+00  2.0632818E+03  2.8607326E+20  7.0946668E-01  1.0000000E-99  1.0000000E-99
  690  5.3723295E+05  2.6045431E+00  2.0662806E+03  2.8577420E+20  7.1301494E-01  1.0000000E-99  1.0000000E-99
  691  5.3801264E+05  2.6083230E+00  2.0692794E+03  2.8547439E+20  7.1658317E-01  1.0000000E-99  1.0000000E-99
  692  5.3879233E+05  2.6121030E+00  2.0722782E+03  2.8517383E+20  7.2017152E-01  1.0000000E-99  1.0000000E-99
  693  5.3957201E+05  2.6158830E+00  2.0752770E+03  2.8487252E+20  7.2378016E-01  1.0000000E-99  1.0000000E-99
  694  5.4035170E+05  2.6196630E+00  2.0782758E+03  2.8457045E+20  7.2740923E-01  1.0000000E-99  1.0000000E-99
  695  5.4113139E+05  2.6234429E+00  2.0812746E+03  2.8426762E+20  7.3105891E-01  1.0000000E-99  1.0000000E-99
  696  5.4191107E+05  2.6272229E+00  2.0842734E+03  2.8396404E+20  7.3472937E-01  1.0000000E-99  1.0000000E-99
  697  5.4269076E+05  2.6310029E+00  2.0872722E+03  2.8365969E+20  7.3842075E-01  1.0000000E-99  1.0000000E-99
  698  5.4347045E+05  2.6347829E+00  2.0902709E+03  2.8335458E+20  7.4213325E-01  1.0000000E-99  1.0000000E-99
  699  5.4425013E+05  2.6385628E+00  2.0932697E+03  2.8304869E+20  7.4586701E-01  1.0000000E-99  1.0000000E-99
  700  5.4502982E+05  2.6423428E+00  2.0962685E+03  2.8274204E+20  7.4962222E-01  1.0000000E-99  1.0000000E-99
  701  5.4580951E+05  2.6461228E+00  2.0992673E+03  2.8243462E+20  7.5339905E-01  1.0000000E-99  1.0000000E-99
  702  5.4658919E+05  2.6499028E+00  2.1022661E+03  2.8212642E+20  7.5719768E-01  1.0000000E-99  1.0000000E-99
  703  5.4736888E+05  2.6536827E+00  2.1052649E+03  2.8181744E+20  7.6101827E-01  1.0000000E-99  1.0000000E-99
  704  5.4814857E+05  2.6574627E+00  2.1082637E+03  2.8150768E+20  7.6486102E-01  1.0000000E-99  1.0000000E-99
  705  5.4892825E+05  2.6612427E+00  2.1112625E+03  2.8119714E+20  7.6872610E-01  1.0000000E-99  1.0000000E-99
  706  5.4970794E+05  2.6650227E+00  2.1142613E+03  2.8088582E+20  7.7261370E-01  1.0000000E-99  1.0000000E-99
  707  5.5048763E+05  2.6688026E+00  2.1172601E+03  2.8057370E+20  7.7652400E-01  1.0000000E-99  1.0000000E-99
  708  5.5126731E+05  2.6725826E+00  2.1202589E+03  2.8026080E+20  7.8045719E-01  1.0000000E-99  1.0000000E-99
  709  5.5204700E+05  2.6763626E+00  2.1232577E+03  2.7994710E+20  7.8441345E-01  1.0000000E-99  1.0000000E-99
  710  5.5282669E+05  2.6801426E+00  2.1262565E+03  2.7963260E+20  7.8839299E-01  1.0000000E-99  1.0000000E-99
  711  5.5360637E+05  2.6839225E+00  2.1292553E+03  2.7931731E+20  7.9239599E-01  1.0000000E-99  1.0000000E-99
  712  5.5438606E+05  2.6877025E+00  2.1322541E+03  2.7900122E+20  7.9642265E-01  1.0000000E-99  1.0000000E-99
  713  5.5516574E+05  2.6914825E+00  2.1352529E+03  2.7868432E+20  8.0047317E-01  1.0000000E-99  1.0000000E-99
  714  5.5594543E+05  2.6952625E+00  2.1382517E+03  2.7836661E+20  8.0454774E-01  1.0000000E-99  1.0000000E-99
  715  5.5672512E+05  2.6990424E+00  2.1412505E+03  2.7804810E+20  8.0864658E-01  1.0000000E-99  1.0000000E-99
  716  5.5750480E+05  2.7028224E+00  2.1442492E+03  2.7772877E+20  8.1276989E-01  1.0000000E-99  1.0000000E-99
  717  5.5828449E+05  2.7066024E+00  2.1472480E+03  2.7740862E+20  8.1691787E-01  1.0000000E-99  1.0000000E-99
  718  5.5906418E+05  2.7103824E+00  2.1502468E+03  2.7708766E+20  8.2109073E-01  1.0000000E-99  1.0000000E-99
  719  5.5984386E+05  2.7141623E+00  2.1532456E+03  2.7676588E+20  8.2528869E-01  1.0000000E-99  1.0000000E-99
  720  5.6062355E+05  2.7179423E+00  2.1562444E+03  2.7644327E+20  8.2951196E-01  1.0000000E-99  1.0000000E-99
  721  5.6140324E+05  2.7217223E+00  2.1592432E+03  2.7611984E+20  8.3376075E-01  1.0000000E-99  1.0000000E-99
  722  5.6218292E+05  2.7255023E+00  2.1622420E+03  2.7579558E+20  8.3803530E-01  1.0000000E-99  1.0000000E-99
  723  5.6296261E+05  2.7292822E+00  2.1652408E+03  2.7547048E+20  8.4233581E-01  1.0000000E-99  1.0000000E-99
  724  5.6374230E+05  2.7330622E+00  2.1682396E+03  2.7514455E+20  8.4666252E-01  1.0000000E-99  1.0000000E-99
  725  5.6452198E+05  2.7368422E+00  2.1712384E+03  2.7481779E+20  8.5101565E-01  1.0000000E-99  1.0000000E-99
  726  5.6530167E+05  2.7406222E+00  2.1742372E+03  2.7449018E+20  8.5539543E-01  1.0000000E-99  1.0000000E-99
  727  5.6608136E+05  2.7444021E+00  2.1772360E+03  2.7416172E+20  8.5980210E-01  1.0000000E-99  1.0000000E-99
  728  5.6686104E+05  2.7481821E+00  2.1802348E+03  2.7383242E+20  8.6423589E-01  1.0000000E-99  1.0000000E-99
  729  5.6764073E+05  2.7519621E+00  2.1832336E+03  2.7350227E+20  8.6869703E-01  1.0000000E-99  1.0000000E-99
  730  5.6842042E+05  2.7557421E+00  2.1862324E+03  2.7317126E+20  8.7318578E-01  1.0000000E-99  1.0000000E-99
  731  5.6920010E+05  2.7595220E+00  2.1892312E+03  2.7283940E+20  8.7770237E-01  1.0000000E-99  1.0000000E-99
  732  5.6997979E+05  2.7633020E+00  2.1922300E+03  2.7250667E+20  8.8224705E-01  1.0000000E-99  1.0000000E-99
  733  5.7075948E+05  2.7670820E+00  2.1952288E+03  2.7217309E+20  8.8682007E-01  1.0000000E-99  1.0000000E-99
  734  5.7153916E+05  2.7708620E+00  2.1982275E+03  2.7183863E+20  8.9142168E-01  1.0000000E-99  1.0000000E-99
  735  5.7231885E+05  2.7746419E+00  2.2012263E+03  2.7150331E+20  8.9605214E-01  1.0000000E-99  1.0000000E-99
  736  5.7309854E+05  2.7784219E+00  2.2042251E+03  2.7116712E+20  9.0071172E-01  1.0000000E-99  1.0000000E-99
  737  5.7387822E+05  2.7822019E+00  2.2072239E+03  2.7083005E+20  9.0540066E-01  1.0000000E-99  1.0000000E-99
  738  5.7465791E+05  2.7859819E+00  2.2102227E+03  2.7049210E+20  9.1011924E-01  1.0000000E-99  1.0000000E-99
  739  5.7543759E+05  2.7897618E+00  2.2132215E+03  2.7015326E+20  9.1486772E-01  1.0000000E-99  1.0000000E-99
  740  5.7621728E+05  2.7935418E+00  2.2162203E+03  2.6981355E+20  9.1964638E-01  1.0000000E-99  1.0000000E-99
  741  5.7699697E+05  2.7973218E+00  2.2192191E+03  2.6947294E+20  9.2445549E-01  1.0000000E-99  1.0000000E-99
  742  5.7777665E+05  2.8011018E+00  2.2222179E+03  2.6913144E+20  9.2929533E-01  1.0000000E-99  1.0000000E-99
  743  5.7855634E+05  2.8048817E+00  2.2252167E+03  2.6878904E+20  9.3416618E-01  1.0000000E-99  1.0000000E-99
  744  5.7933603E+05  2.8086617E+00  2.2282155E+03  2.6844575E+20  9.3906834E-01  1.0000000E-99  1.0000000E-99
  745  5.8011571E+05  2.8124417E+00  2.2312143E+03  2.6810155E+20  9.4400207E-01  1.0000000E-99  1.0000000E-99
  746  5.8089540E+05  2.8162217E+00  2.2342131E+03  2.6775645E+20  9.4896769E-01  1.0000000E-99  1.0000000E-99
  747  5.8167509E+05  2.8200016E+00  2.2372119E+03  2.6741043E+20  9.5396549E-01  1.0000000E-99  1.0000000E-99
  748  5.8245477E+05  2.8237816E+00  2.2402107E+03  2.6706351E+20  9.5899576E-01  1.0000000E-99  1.0000000E-99
  749  5.8323446E+05  2.8275616E+00  2.2432095E+03  2.6671566E+20  9.6405881E-01  1.0000000E-99  1.0000000E-99
  750  5.8401415E+05  2.8313416E+00  2.2462083E+03  2.6636690E+20  9.6915494E-01  1.0000000E-99  1.0000000E-99
  751  5.8479383E+05  2.8351215E+00  2.2492071E+03  2.6601721E+20  9.7428448E-01  1.0000000E-99  1.0000000E-99
  752  5.8557352E+05  2.8389015E+00  2.2522058E+03  2.6566659E+20  9.7944773E-01  1.0000000E-99  1.0000000E-99
  753  5.8635321E+05  2.8426815E+00  2.2552046E+03  2.6531504E+20  9.8464502E-01  1.0000000E-99  1.0000000E-99
  754  5.8713289E+05  2.8464615E+00  2.2582034E+03  2.6496256E+20  9.8987666E-01  1.0000000E-99  1.0000000E-99
  755  5.8791258E+05  2.8502414E+00  2.2612022E+03  2.6460914E+20  9.9514299E-01  1.0000000E-99  1.0000000E-99
  756  5.8869227E+05  2.8540214E+00  2.2642010E+03  2.6425477E+20  1.0004443E+00  1.0000000E-99  1.0000000E-99
  757  5.8947195E+05  2.8578014E+00  2.2671998E+03  2.6389946E+20  1.0057810E+00  1.0000000E-99  1.0000000E-99
  758  5.9025164E+05  2.8615814E+00  2.2701986E+03  2.6354320E+20  1.0111534E+00  1.0000000E-99  1.0000000E-99
  759  5.9103133E+05  2.8653613E+00  2.2731974E+03  2.6318599E+20  1.0165619E+00  1.0000000E-99  1.0000000E-99
  760  5.9181101E+05  2.8691413E+00  2.2761962E+03  2.6282781E+20  1.0220067E+00  1.0000000E-99  1.0000000E-99
  761  5.9259070E+05  2.8729213E+00  2.2791950E+03  2.6246868E+20  1.0274882E+00  1.0000000E-99  1.0000000E-99
  762  5.9337039E+05  2.8767013E+00  2.2821938E+03  2.6210858E+20  1.0330069E+00  1.0000000E-99  1.0000000E-99
  763  5.9415007E+05  2.8804812E+00  2.2851926E+03  2.6174750E+20  1.0385630E+00  1.0000000E-99  1.0000000E-99
  764  5.9492976E+05  2.8842612E+00  2.2881914E+03  2.6138546E+20  1.0441570E+00  1.0000000E-99  1.0000000E-99
  765  5.9570944E+05  2.8880412E+00  2.2911902E+03  2.6102244E+20  1.0497892E+00  1.0000000E-99  1.0000000E-99
  766  5.9648913E+05  2.8918212E+00  2.2941890E+03  2.6065843E+20  1.0554599E+00  1.0000000E-99  1.0000000E-99
  767  5.9726882E+05  2.8956011E+00  2.2971878E+03  2.6029344E+20  1.0611696E+00  1.0000000E-99  1.0000000E-99
  768  5.9804850E+05  2.8993811E+00  2.3001866E+03  2.5992746E+20  1.0669187E+00  1.0000000E-99  1.0000000E-99
  769  5.9882819E+05  2.9031611E+00  2.3031854E+03  2.5956048E+20  1.0727075E+00  1.0000000E-99  1.0000000E-99
  770  5.9960788E+05  2.9069411E+00  2.3061841E+03  2.5919251E+20  1.0785365E+00  1.0000000E-99  1.0000000E-99
  771  6.0038756E+05  2.9107210E+00  2.3091829E+03  2.5882353E+20  1.0844060E+00  1.0000000E-99  1.0000000E-99
  772  6.0116725E+05  2.9145010E+00  2.3121817E+03  2.5845354E+20  1.0903165E+00  1.0000000E-99  1.0000000E-99
  773  6.0194694E+05  2.9182810E+00  2.3151805E+03  2.5808255E+20  1.0962683E+00  1.0000000E-99  1.0000000E-99
  774  6.0272662E+05  2.9220610E+00  2.3181793E+03  2.5771053E+20  1.1022620E+00  1.0000000E-99  1.0000000E-99
  775  6.0350631E+05  2.9258409E+00  2.3211781E+03  2.5733750E+20  1.1082979E+00  1.0000000E-99  1.0000000E-99
  776  6.0428600E+05  2.9296209E+00  2.3241769E+03  2.5696344E+20  1.1143764E+00  1.0000000E-99  1.0000000E-99
  777  6.0506568E+05  2.9334009E+00  2.3271757E+03  2.5658835E+20  1.1204980E+00  1.0000000E-99  1.0000000E-99
  778  6.0584537E+05  2.9371809E+00  2.3301745E+03  2.5621223E+20  1.1266632E+00  1.0000000E-99  1.0000000E-99
  779  6.0662506E+05  2.9409608E+00  2.3331733E+03  2.5583507E+20  1.1328723E+00  1.0000000E-99  1.0000000E-99
  780  6.0740474E+05  2.9447408E+00  2.3361721E+03  2.5545687E+20  1.1391259E+00  1.0000000E-99  1.0000000E-99
  781  6.0818443E+05  2.9485208E+00  2.3391709E+03  2.5507762E+20  1.1454244E+00  1.0000000E-99  1.0000000E-99
  782  6.0896412E+05  2.9523008E+00  2.3421697E+03  2.5469732E+20  1.1517683E+00  1.0000000E-99  1.0000000E-99
  783  6.0974380E+05  2.9560807E+00  2.3451685E+03  2.5431596E+20  1.1581581E+00  1.0000000E-99  1.0000000E-99
  784  6.1052349E+05  2.9598607E+00  2.3481673E+03  2.5393354E+20  1.1645941E+00  1.0000000E-99  1.0000000E-99
  785  6.1130318E+05  2.9636407E+00  2.3511661E+03  2.5355005E+20  1.1710770E+00  1.0000000E-99  1.0000000E-99
  786  6.1208286E+05  2.9674207E+00  2.3541649E+03  2.5316549E+20  1.1776073E+00  1.0000000E-99  1.0000000E-99
  787  6.1286255E+05  2.9712006E+00  2.3571636E+03  2.5277985E+20  1.1841853E+00  1.0000000E-99  1.0000000E-99
  788  6.1364224E+05  2.9749806E+00  2.3601624E+03  2.5239313E+20  1.1908117E+00  1.0000000E-99  1.0000000E-99
  789  6.1442192E+05  2.9787606E+00  2.3631612E+03  2.5200533E+20  1.1974870E+00  1.0000000E-99  1.0000000E-99
  790  6.1520161E+05  2.9825406E+00  2.3661600E+03  2.5161644E+20  1.2042116E+00  1.0000000E-99  1.0000000E-99
  791  6.1598129E+05  2.9863205E+00  2.3691588E+03  2.5122644E+20  1.2109862E+00  1.0000000E-99  1.0000000E-99
  792  6.1676098E+05  2.9901005E+00  2.3721576E+03  2.5083535E+20  1.2178112E+00  1.0000000E-99  1.0000000E-99
  793  6.1754067E+05  2.9938805E+00  2.3751564E+03  2.5044315E+20  1.2246872E+00  1.0000000E-99  1.0000000E-99
  794  6.1832035E+05  2.9976605E+00  2.3781552E+03  2.5004984E+20  1.2316148E+00  1.0000000E-99  1.0000000E-99
  795  6.1910004E+05  3.0014404E+00  2.3811540E+03  2.4965541E+20  1.2385945E+00  1.0000000E-99  1.0000000E-99
  796  6.1987973E+05  3.0052204E+00  2.3841528E+03  2.4925986E+20  1.2456269E+00  1.0000000E-99  1.0000000E-99
  797  6.2065941E+05  3.0090004E+00  2.3871516E+03  2.4886318E+20  1.2527126E+00  1.0000000E-99  1.0000000E-99
  798  6.2143910E+05  3.0127804E+00  2.3901504E+03  2.4846537E+20  1.2598522E+00  1.0000000E-99  1.0000000E-99
  799  6.2221879E+05  3.0165603E+00  2.3931492E+03  2.4806642E+20  1.2670463E+00  1.0000000E-99  1.0000000E-99
  800  6.2299847E+05  3.0203403E+00  2.3961480E+03  2.4766633E+20  1.2742954E+00  1.0000000E-99  1.0000000E-99
  801  6.2377816E+05  3.0241203E+00  2.3991468E+03  2.4726508E+20  1.2816002E+00  1.0000000E-99  1.0000000E-99
  802  6.2455785E+05  3.0279003E+00  2.4021456E+03  2.4686268E+20  1.2889614E+00  1.0000000E-99  1.0000000E-99
  803  6.2533753E+05  3.0316802E+00  2.4051444E+03  2.4645912E+20  1.2963796E+00  1.0000000E-99  1.0000000E-99
  804  6.2611722E+05  3.0354602E+00  2.4081432E+03  2.4605440E+20  1.3038553E+00  1.0000000E-99  1.0000000E-99
  805  6.2689691E+05  3.0392402E+00  2.4111419E+03  2.4564850E+20  1.3113893E+00  1.0000000E-99  1.0000000E-99
  806  6.2767659E+05  3.0430202E+00  2.4141407E+03  2.4524142E+20  1.3189823E+00  1.0000000E-99  1.0000000E-99
  807  6.2845628E+05  3.0468001E+00  2.4171395E+03  2.4483316E+20  1.3266349E+00  1.0000000E-99  1.0000000E-99
  808  6.2923597E+05  3.0505801E+00  2.4201383E+03  2.4442371E+20  1.3343477E+00  1.0000000E-99  1.0000000E-99
  809  6.3001565E+05  3.0543601E+00  2.4231371E+03  2.4401306E+20  1.3421216E+00  1.0000000E-99  1.0000000E-99
  810  6.3079534E+05  3.0581401E+00  2.4261359E+03  2.4360121E+20  1.3499572E+00  1.0000000E-99  1.0000000E-99
  811  6.3157503E+05  3.0619200E+00  2.4291347E+03  2.4318815E+20  1.3578552E+00  1.0000000E-99  1.0000000E-99
  812  6.3235471E+05  3.0657000E+00  2.4321335E+03  2.4277388E+20  1.3658163E+00  1.0000000E-99  1.0000000E-99
  813  6.3313440E+05  3.0694800E+00  2.4351323E+03  2.4235839E+20  1.3738413E+00  1.0000000E-99  1.0000000E-99
  814  6.3391409E+05  3.0732600E+00  2.4381311E+03  2.4194167E+20  1.3819310E+00  1.0000000E-99  1.0000000E-99
  815  6.3469377E+05  3.0770399E+00  2.4411299E+03  2.4152371E+20  1.3900861E+00  1.0000000E-99  1.0000000E-99
  816  6.3547346E+05  3.0808199E+00  2.4441287E+03  2.4110452E+20  1.3983074E+00  1.0000000E-99  1.0000000E-99
  817  6.3625314E+05  3.0845999E+00  2.4471275E+03  2.4068408E+20  1.4065957E+00  1.0000000E-99  1.0000000E-99
  818  6.3703283E+05  3.0883799E+00  2.4501263E+03  2.4026239E+20  1.4149518E+00  1.0000000E-99  1.0000000E-99
  819  6.3781252E+05  3.0921598E+00  2.4531251E+03  2.3983944E+20  1.4233764E+00  1.0000000E-99  1.0000000E-99
  820  6.3859220E+05  3.0959398E+00  2.4561239E+03  2.3941523E+20  1.4318705E+00  1.0000000E-99  1.0000000E-99
  821  6.3937189E+05  3.0997198E+00  2.4591227E+03  2.3898974E+20  1.4404349E+00  1.0000000E-99  1.0000000E-99
  822  6.4015158E+05  3.1034998E+00  2.4621215E+03  2.3856297E+20  1.4490704E+00  1.0000000E-99  1.0000000E-99
  823  6.4093126E+05  3.1072797E+00  2.4651202E+03  2.3813491E+20  1.4577779E+00  1.0000000E-99  1.0000000E-99
  824  6.4171095E+05  3.1110597E+00  2.4681190E+03  2.3770557E+20  1.4665583E+00  1.0000000E-99  1.0000000E-99
  825  6.4249064E+05  3.1148397E+00  2.4711178E+03  2.3727492E+20  1.4754125E+00  1.0000000E-99  1.0000000E-99
  826  6.4327032E+05  3.1186197E+00  2.4741166E+03  2.3684296E+20  1.4843413E+00  1.0000000E-99  1.0000000E-99
  827  6.4405001E+05  3.1223996E+00  2.4771154E+03  2.3640969E+20  1.4933458E+00  1.0000000E-99  1.0000000E-99
  828  6.4482970E+05  3.1261796E+00  2.4801142E+03  2.3597510E+20  1.5024269E+00  1.0000000E-99  1.0000000E-99
  829  6.4560938E+05  3.1299596E+00  2.4831130E+03  2.3553918E+20  1.5115855E+00  1.0000000E-99  1.0000000E-99
  830  6.4638907E+05  3.1337396E+00  2.4861118E+03  2.3510192E+20  1.5208226E+00  1.0000000E-99  1.0000000E-99
  831  6.4716876E+05  3.1375195E+00  2.4891106E+03  2.3466332E+20  1.5301392E+00  1.0000000E-99  1.0000000E-99
  832  6.4794844E+05  3.1412995E+00  2.4921094E+03  2.3422336E+20  1.5395363E+00  1.0000000E-99  1.0000000E-99
  833  6.4872813E+05  3.1450795E+00  2.4951082E+03  2.3378205E+20  1.5490150E+00  1.0000000E-99  1.0000000E-99
  834  6.4950782E+05  3.1488595E+00  2.4981070E+03  2.3333937E+20  1.5585762E+00  1.0000000E-99  1.0000000E-99
  835  6.5028750E+05  3.1526394E+00  2.5011058E+03  2.3289532E+20  1.5682211E+00  1.0000000E-99  1.0000000E-99
  836  6.5106719E+05  3.1564194E+00  2.5041046E+03  2.3244988E+20  1.5779507E+00  1.0000000E-99  1.0000000E-99
  837  6.5184688E+05  3.1601994E+00  2.5071034E+03  2.3200305E+20  1.5877661E+00  1.0000000E-99  1.0000000E-99
  838  6.5262656E+05  3.1639794E+00  2.5101022E+03  2.3155483E+20  1.5976685E+00  1.0000000E-99  1.0000000E-99
  839  6.5340625E+05  3.1677593E+00  2.5131010E+03  2.3110519E+20  1.6076590E+00  1.0000000E-99  1.0000000E-99
  840  6.5418594E+05  3.1715393E+00  2.5160998E+03  2.3065415E+20  1.6177387E+00  1.0000000E-99  1.0000000E-99
  841  6.5496562E+05  3.1753193E+00  2.5190985E+03  2.3020167E+20  1.6279089E+00  1.0000000E-99  1.0000000E-99
  842  6.5574531E+05  3.1790993E+00  2.5220973E+03  2.2974777E+20  1.6381707E+00  1.0000000E-99  1.0000000E-99
  843  6.5652500E+05  3.1828792E+00  2.5250961E+03  2.2929243E+20  1.6485253E+00  1.0000000E-99  1.0000000E-99
  844  6.5730468E+05  3.1866592E+00  2.5280949E+03  2.2883564E+20  1.6589740E+00  1.0000000E-99  1.0000000E-99
  845  6.5808437E+05  3.1904392E+00  2.5310937E+03  2.2837739E+20  1.6695180E+00  1.0000000E-99  1.0000000E-99
  846  6.5886405E+05  3.1942192E+00  2.5340925E+03  2.2791767E+20  1.6801588E+00  1.0000000E-99  1.0000000E-99
  847  6.5964374E+05  3.1979991E+00  2.5370913E+03  2.2745648E+20  1.6908974E+00  1.0000000E-99  1.0000000E-99
  848  6.6042343E+05  3.2017791E+00  2.5400901E+03  2.2699381E+20  1.7017354E+00  1.0000000E-99  1.0000000E-99
  849  6.6120311E+05  3.2055591E+00  2.5430889E+03  2.2652964E+20  1.7126740E+00  1.0000000E-99  1.0000000E-99
  850  6.6198280E+05  3.2093391E+00  2.5460877E+03  2.2606397E+20  1.7237146E+00  1.0000000E-99  1.0000000E-99
  851  6.6276249E+05  3.2131190E+00  2.5490865E+03  2.2559679E+20  1.7348587E+00  1.0000000E-99  1.0000000E-99
  852  6.6354217E+05  3.2168990E+00  2.5520853E+03  2.2512808E+20  1.7461077E+00  1.0000000E-99  1.0000000E-99
  853  6.6432186E+05  3.2206790E+00  2.5550841E+03  2.2465785E+20  1.7574630E+00  1.0000000E-99  1.0000000E-99
  854  6.6510155E+05  3.2244590E+00  2.5580829E+03  2.2418608E+20  1.7689262E+00  1.0000000E-99  1.0000000E-99
  855  6.6588123E+05  3.2282389E+00  2.5610817E+03  2.2371275E+20  1.7804988E+00  1.0000000E-99  1.0000000E-99
  856  6.6666092E+05  3.2320189E+00  2.5640805E+03  2.2323787E+20  1.7921822E+00  1.0000000E-99  1.0000000E-99
  857  6.6744061E+05  3.2357989E+00  2.5670793E+03  2.2276141E+20  1.8039781E+00  1.0000000E-99  1.0000000E-99
  858  6.6822029E+05  3.2395789E+00  2.5700781E+03  2.2228338E+20  1.8158881E+00  1.0000000E-99  1.0000000E-99
  859  6.6899998E+05  3.2433588E+00  2.5730768E+03  2.2180376E+20  1.8279139E+00  1.0000000E-99  1.0000000E-99
  860  6.6977967E+05  3.2471388E+00  2.5760756E+03  2.2132253E+20  1.8400571E+00  1.0000000E-99  1.0000000E-99
  861  6.7055935E+05  3.2509188E+00  2.5790744E+03  2.2083970E+20  1.8523193E+00  1.0000000E-99  1.0000000E-99
  862  6.7133904E+05  3.2546988E+00  2.5820732E+03  2.2035524E+20  1.8647024E+00  1.0000000E-99  1.0000000E-99
  863  6.7211873E+05  3.2584787E+00  2.5850720E+03  2.1986915E+20  1.8772082E+00  1.0000000E-99  1.0000000E-99
  864  6.7289841E+05  3.2622587E+00  2.5880708E+03  2.1938142E+20  1.8898383E+00  1.0000000E-99  1.0000000E-99
  865  6.7367810E+05  3.2660387E+00  2.5910696E+03  2.1889203E+20  1.9025947E+00  1.0000000E-99  1.0000000E-99
  866  6.7445779E+05  3.2698187E+00  2.5940684E+03  2.1840098E+20  1.9154792E+00  1.0000000E-99  1.0000000E-99
  867  6.7523747E+05  3.2735986E+00  2.5970672E+03  2.1790825E+20  1.9284938E+00  1.0000000E-99  1.0000000E-99
  868  6.7601716E+05  3.2773786E+00  2.6000660E+03  2.1741383E+20  1.9416403E+00  1.0000000E-99  1.0000000E-99
  869  6.7679685E+05  3.2811586E+00  2.6030648E+03  2.1691772E+20  1.9549209E+00  1.0000000E-99  1.0000000E-99
  870  6.7757653E+05  3.2849386E+00  2.6060636E+03  2.1641989E+20  1.9683374E+00  1.0000000E-99  1.0000000E-99
  871  6.7835622E+05  3.2887185E+00  2.6090624E+03  2.1592034E+20  1.9818921E+00  1.0000000E-99  1.0000000E-99
  872  6.7913590E+05  3.2924985E+00  2.6120612E+03  2.1541905E+20  1.9955870E+00  1.0000000E-99  1.0000000E-99
  873  6.7991559E+05  3.2962785E+00  2.6150600E+03  2.1491602E+20  2.0094242E+00  1.0000000E-99  1.0000000E-99
  874  6.8069528E+05  3.3000585E+00  2.6180588E+03  2.1441123E+20  2.0234060E+00  1.0000000E-99  1.0000000E-99
  875  6.8147496E+05  3.3038384E+00  2.6210576E+03  2.1390467E+20  2.0375347E+00  1.0000000E-99  1.0000000E-99
  876  6.8225465E+05  3.3076184E+00  2.6240563E+03  2.1339632E+20  2.0518124E+00  1.0000000E-99  1.0000000E-99
  877  6.8303434E+05  3.3113984E+00  2.6270551E+03  2.1288617E+20  2.0662416E+00  1.0000000E-99  1.0000000E-99
  878  6.8381402E+05  3.3151784E+00  2.6300539E+03  2.1237422E+20  2.0808247E+00  1.0000000E-99  1.0000000E-99
  879  6.8459371E+05  3.3189583E+00  2.6330527E+03  2.1186044E+20  2.0955641E+00  1.0000000E-99  1.0000000E-99
  880  6.8537340E+05  3.3227383E+00  2.6360515E+03  2.1134483E+20  2.1104623E+00  1.0000000E-99  1.0000000E-99
  881  6.8615308E+05  3.3265183E+00  2.6390503E+03  2.1082736E+20  2.1255218E+00  1.0000000E-99  1.0000000E-99
  882  6.8693277E+05  3.3302983E+00  2.6420491E+03  2.1030803E+20  2.1407453E+00  1.0000000E-99  1.0000000E-99
  883  6.8771246E+05  3.3340782E+00  2.6450479E+03  2.0978682E+20  2.1561354E+00  1.0000000E-99  1.0000000E-99
  884  6.8849214E+05  3.3378582E+00  2.6480467E+03  2.0926373E+20  2.1716948E+00  1.0000000E-99  1.0000000E-99
  885  6.8927183E+05  3.3416382E+00  2.6510455E+03  2.0873872E+20  2.1874264E+00  1.0000000E-99  1.0000000E-99
  886  6.9005152E+05  3.3454182E+00  2.6540443E+03  2.0821180E+20  2.2033329E+00  1.0000000E-99  1.0000000E-99
  887  6.9083120E+05  3.3491981E+00  2.6570431E+03  2.0768294E+20  2.2194173E+00  1.0000000E-99  1.0000000E-99
  888  6.9161089E+05  3.3529781E+00  2.6600419E+03  2.0715213E+20  2.2356825E+00  1.0000000E-99  1.0000000E-99
  889  6.9239058E+05  3.3567581E+00  2.6630407E+03  2.0661935E+20  2.2521315E+00  1.0000000E-99  1.0000000E-99
  890  6.9317026E+05  3.3605381E+00  2.6660395E+03  2.0608460E+20  2.2687676E+00  1.0000000E-99  1.0000000E-99
  891  6.9394995E+05  3.3643180E+00  2.6690383E+03  2.0554785E+20  2.2855938E+00  1.0000000E-99  1.0000000E-99
  892  6.9472964E+05  3.3680980E+00  2.6720371E+03  2.0500909E+20  2.3026133E+00  1.0000000E-99  1.0000000E-99
  893  6.9550932E+05  3.3718780E+00  2.6750359E+03  2.0446830E+20  2.3198296E+00  1.0000000E-99  1.0000000E-99
  894  6.9628901E+05  3.3756580E+00  2.6780346E+03  2.0392547E+20  2.3372460E+00  1.0000000E-99  1.0000000E-99
  895  6.9706870E+05  3.3794379E+00  2.6810334E+03  2.0338058E+20  2.3548660E+00  1.0000000E-99  1.0000000E-99
  896  6.9784838E+05  3.3832179E+00  2.6840322E+03  2.0283362E+20  2.3726931E+00  1.0000000E-99  1.0000000E-99
  897  6.9862807E+05  3.3869979E+00  2.6870310E+03  2.0228456E+20  2.3907310E+00  1.0000000E-99  1.0000000E-99
  898  6.9940775E+05  3.3907779E+00  2.6900298E+03  2.0173339E+20  2.4089833E+00  1.0000000E-99  1.0000000E-99
  899  7.0018744E+05  3.3945578E+00  2.6930286E+03  2.0118009E+20  2.4274540E+00  1.0000000E-99  1.0000000E-99
  900  7.0096713E+05  3.3983378E+00  2.6960274E+03  2.0062465E+20  2.4461470E+00  1.0000000E-99  1.0000000E-99
  901  7.0174681E+05  3.4021178E+00  2.6990262E+03  2.0006705E+20  2.4650661E+00  1.0000000E-99  1.0000000E-99
  902  7.0252650E+05  3.4058978E+00  2.7020250E+03  1.9950726E+20  2.4842156E+00  1.0000000E-99  1.0000000E-99
  903  7.0330619E+05  3.4096777E+00  2.7050238E+03  1.9894528E+20  2.5035996E+00  1.0000000E-99  1.0000000E-99
  904  7.0408587E+05  3.4134577E+00  2.7080226E+03  1.9838108E+20  2.5232224E+00  1.0000000E-99  1.0000000E-99
  905  7.0486556E+05  3.4172377E+00  2.7110214E+03  1.9781464E+20  2.5430884E+00  1.0000000E-99  1.0000000E-99
  906  7.0564525E+05  3.4210177E+00  2.7140202E+03  1.9724594E+20  2.5632021E+00  1.0000000E-99  1.0000000E-99
  907  7.0642493E+05  3.4247976E+00  2.7170190E+03  1.9667497E+20  2.5835682E+00  1.0000000E-99  1.0000000E-99
  908  7.0720462E+05  3.4285776E+00  2.7200178E+03  1.9610170E+20  2.6041914E+00  1.0000000E-99  1.0000000E-99
  909  7.0798431E+05  3.4323576E+00  2.7230166E+03  1.9552612E+20  2.6250766E+00  1.0000000E-99  1.0000000E-99
  910  7.0876399E+05  3.4361376E+00  2.7260154E+03  1.9494820E+20  2.6462286E+00  1.0000000E-99  1.0000000E-99
  911  7.0954368E+05  3.4399175E+00  2.7290142E+03  1.9436792E+20  2.6676528E+00  1.0000000E-99  1.0000000E-99
  912  7.1032337E+05  3.4436975E+00  2.7320129E+03  1.9378527E+20  2.6893542E+00  1.0000000E-99  1.0000000E-99
  913  7.1110305E+05  3.4474775E+00  2.7350117E+03  1.9320021E+20  2.7113383E+00  1.0000000E-99  1.0000000E-99
  914  7.1188274E+05  3.4512575E+00  2.7380105E+03  1.9261273E+20  2.7336106E+00  1.0000000E-99  1.0000000E-99
  915  7.1266243E+05  3.4550374E+00  2.7410093E+03  1.9202281E+20  2.7561767E+00  1.0000000E-99  1.0000000E-99
  916  7.1344211E+05  3.4588174E+00  2.7440081E+03  1.9143042E+20  2.7790425E+00  1.0000000E-99  1.0000000E-99
  917  7.1422180E+05  3.4625974E+00  2.7470069E+03  1.9083555E+20  2.8022139E+00  1.0000000E-99  1.0000000E-99
  918  7.1500149E+05  3.4663774E+00  2.7500057E+03  1.9023816E+20  2.8256971E+00  1.0000000E-99  1.0000000E-99
  919  7.1578117E+05  3.4701573E+00  2.7530045E+03  1.8963823E+20  2.8494983E+00  1.0000000E-99  1.0000000E-99
  920  7.1656086E+05  3.4739373E+00  2.7560033E+03  1.8903574E+20  2.8736241E+00  1.0000000E-99  1.0000000E-99
  921  7.1734055E+05  3.4777173E+00  2.7590021E+03  1.8843067E+20  2.8980810E+00  1.0000000E-99  1.0000000E-99
  922  7.1812023E+05  3.4814973E+00  2.7620009E+03  1.8782298E+20  2.9228758E+00  1.0000000E-99  1.0000000E-99
  923  7.1889992E+05  3.4852772E+00  2.7649997E+03  1.8721266E+20  2.9480157E+00  1.0000000E-99  1.0000000E-99
  924  7.1967960E+05  3.4890572E+00  2.7679985E+03  1.8659968E+20  2.9735077E+00  1.0000000E-99  1.0000000E-99
  925  7.2045929E+05  3.4928372E+00  2.7709973E+03  1.8598401E+20  2.9993593E+00  1.0000000E-99  1.0000000E-99
  926  7.2123898E+05  3.4966172E+00  2.7739961E+03  1.8536562E+20  3.0255782E+00  1.0000000E-99  1.0000000E-99
  927  7.2201866E+05  3.5003971E+00  2.7769949E+03  1.8474450E+20  3.0521720E+00  1.0000000E-99  1.0000000E-99
  928  7.2279835E+05  3.5041771E+00  2.7799937E+03  1.8412060E+20  3.0791490E+00  1.0000000E-99  1.0000000E-99
  929  7.2357804E+05  3.5079571E+00  2.7829925E+03  1.8349390E+20  3.1065174E+00  1.0000000E-99  1.0000000E-99
  930  7.2435772E+05  3.5117371E+00  2.7859912E+03  1.8286438E+20  3.1342856E+00  1.0000000E-99  1.0000000E-99
  931  7.2513741E+05  3.5155170E+00  2.7889900E+03  1.8223200E+20  3.1624626E+00  1.0000000E-99  1.0000000E-99
  932  7.2591710E+05  3.5192970E+00  2.7919888E+03  1.8159674E+20  3.1910573E+00  1.0000000E-99  1.0000000E-99
  933  7.2669678E+05  3.5230770E+00  2.7949876E+03  1.8095856E+20  3.2200790E+00  1.0000000E-99  1.0000000E-99
  934  7.2747647E+05  3.5268570E+00  2.7979864E+03  1.8031743E+20  3.2495374E+00  1.0000000E-99  1.0000000E-99
  935  7.2825616E+05  3.5306369E+00  2.8009852E+03  1.7967332E+20  3.2794423E+00  1.0000000E-99  1.0000000E-99
  936  7.2903584E+05  3.5344169E+00  2.8039840E+03  1.7902620E+20  3.3098039E+00  1.0000000E-99  1.0000000E-99
  937  7.2981553E+05  3.5381969E+00  2.8069828E+03  1.7837604E+20  3.3406326E+00  1.0000000E-99  1.0000000E-99
  938  7.3059522E+05  3.5419769E+00  2.8099816E+03  1.7772280E+20  3.3719393E+00  1.0000000E-99  1.0000000E-99
  939  7.3137490E+05  3.5457568E+00  2.8129804E+03  1.7706645E+20  3.4037352E+00  1.0000000E-99  1.0000000E-99
  940  7.3215459E+05  3.5495368E+00  2.8159792E+03  1.7640696E+20  3.4360317E+00  1.0000000E-99  1.0000000E-99
  941  7.3293428E+05  3.5533168E+00  2.8189780E+03  1.7574428E+20  3.4688407E+00  1.0000000E-99  1.0000000E-99
  942  7.3371396E+05  3.5570968E+00  2.8219768E+03  1.7507838E+20  3.5021744E+00  1.0000000E-99  1.0000000E-99
  943  7.3449365E+05  3.5608767E+00  2.8249756E+03  1.7440923E+20  3.5360455E+00  1.0000000E-99  1.0000000E-99
  944  7.3527334E+05  3.5646567E+00  2.8279744E+03  1.7373679E+20  3.5704670E+00  1.0000000E-99  1.0000000E-99
  945  7.3605302E+05  3.5684367E+00  2.8309732E+03  1.7306102E+20  3.6054523E+00  1.0000000E-99  1.0000000E-99
  946  7.3683271E+05  3.5722167E+00  2.8339720E+03  1.7238187E+20  3.6410154E+00  1.0000000E-99  1.0000000E-99
  947  7.3761240E+05  3.5759966E+00  2.8369708E+03  1.7169932E+20  3.6771707E+00  1.0000000E-99  1.0000000E-99
  948  7.3839208E+05  3.5797766E+00  2.8399695E+03  1.7101332E+20  3.7139330E+00  1.0000000E-99  1.0000000E-99
  949  7.3917177E+05  3.5835566E+00  2.8429683E+03  1.7032383E+20  3.7513176E+00  1.0000000E-99  1.0000000E-99
  950  7.3995145E+05  3.5873366E+00  2.8459671E+03  1.6963080E+20  3.7893405E+00  1.0000000E-99  1.0000000E-99
  951  7.4073114E+05  3.5911165E+00  2.8489659E+03  1.6893419E+20  3.8280180E+00  1.0000000E-99  1.0000000E-99
  952  7.4151083E+05  3.5948965E+00  2.8519647E+03  1.6823396E+20  3.8673671E+00  1.0000000E-99  1.0000000E-99
  953  7.4229051E+05  3.5986765E+00  2.8549635E+03  1.6753006E+20  3.9074054E+00  1.0000000E-99  1.0000000E-99
  954  7.4307020E+05  3.6024565E+00  2.8579623E+03  1.6682245E+20  3.9481512E+00  1.0000000E-99  1.0000000E-99
  955  7.4384989E+05  3.6062364E+00  2.8609611E+03  1.6611107E+20  3.9896232E+00  1.0000000E-99  1.0000000E-99
  956  7.4462957E+05  3.6100164E+00  2.8639599E+03  1.6539589E+20  4.0318410E+00  1.0000000E-99  1.0000000E-99
  957  7.4540926E+05  3.6137964E+00  2.8669587E+03  1.6467684E+20  4.0748248E+00  1.0000000E-99  1.0000000E-99
  958  7.4618895E+05  3.6175764E+00  2.8699575E+03  1.6395389E+20  4.1185956E+00  1.0000000E-99  1.0000000E-99
  959  7.4696863E+05  3.6213563E+00  2.8729563E+03  1.6322697E+20  4.1631750E+00  1.0000000E-99  1.0000000E-99
  960  7.4774832E+05  3.6251363E+00  2.8759551E+03  1.6249603E+20  4.2085858E+00  1.0000000E-99  1.0000000E-99
  961  7.4852801E+05  3.6289163E+00  2.8789539E+03  1.6176103E+20  4.2548512E+00  1.0000000E-99  1.0000000E-99
  962  7.4930769E+05  3.6326963E+00  2.8819527E+03  1.6102190E+20  4.3019955E+00  1.0000000E-99  1.0000000E-99
  963  7.5008738E+05  3.6364762E+00  2.8849515E+03  1.6027858E+20  4.3500439E+00  1.0000000E-99  1.0000000E-99
  964  7.5086707E+05  3.6402562E+00  2.8879503E+03  1.5953103E+20  4.3990227E+00  1.0000000E-99  1.0000000E-99
  965  7.5164675E+05  3.6440362E+00  2.8909490E+03  1.5877917E+20  4.4489590E+00  1.0000000E-99  1.0000000E-99
  966  7.5242644E+05  3.6478162E+00  2.8939478E+03  1.5802294E+20  4.4998811E+00  1.0000000E-99  1.0000000E-99
  967  7.5320613E+05  3.6515961E+00  2.8969466E+03  1.5726230E+20  4.5518183E+00  1.0000000E-99  1.0000000E-99
  968  7.5398581E+05  3.6553761E+00  2.8999454E+03  1.5649716E+20  4.6048014E+00  1.0000000E-99  1.0000000E-99
  969  7.5476550E+05  3.6591561E+00  2.9029442E+03  1.5572746E+20  4.6588620E+00  1.0000000E-99  1.0000000E-99
  970  7.5554519E+05  3.6629361E+00  2.9059430E+03  1.5495314E+20  4.7140333E+00  1.0000000E-99  1.0000000E-99
  971  7.5632487E+05  3.6667160E+00  2.9089418E+03  1.5417413E+20  4.7703498E+00  1.0000000E-99  1.0000000E-99
  972  7.5710456E+05  3.6704960E+00  2.9119406E+03  1.5339035E+20  4.8278475E+00  1.0000000E-99  1.0000000E-99
  973  7.5788425E+05  3.6742760E+00  2.9149394E+03  1.5260173E+20  4.8865638E+00  1.0000000E-99  1.0000000E-99
  974  7.5866393E+05  3.6780560E+00  2.9179382E+03  1.5180819E+20  4.9465377E+00  1.0000000E-99  1.0000000E-99
  975  7.5944362E+05  3.6818359E+00  2.9209370E+03  1.5100967E+20  5.0078100E+00  1.0000000E-99  1.0000000E-99
  976  7.6022330E+05  3.6856159E+00  2.9239358E+03  1.5020607E+20  5.0704232E+00  1.0000000E-99  1.0000000E-99
  977  7.6100299E+05  3.6893959E+00  2.9269346E+03  1.4939731E+20  5.1344218E+00  1.0000000E-99  1.0000000E-99
  978  7.6178268E+05  3.6931759E+00  2.9299334E+03  1.4858332E+20  5.1998521E+00  1.0000000E-99  1.0000000E-99
  979  7.6256236E+05  3.6969558E+00  2.9329322E+03  1.4776401E+20  5.2667626E+00  1.0000000E-99  1.0000000E-99
  980  7.6334205E+05  3.7007358E+00  2.9359310E+03  1.4693928E+20  5.3352039E+00  1.0000000E-99  1.0000000E-99
  981  7.6412174E+05  3.7045158E+00  2.9389298E+03  1.4610905E+20  5.4052292E+00  1.0000000E-99  1.0000000E-99
  982  7.6490142E+05  3.7082958E+00  2.9419286E+03  1.4527321E+20  5.4768940E+00  1.0000000E-99  1.0000000E-99
  983  7.6568111E+05  3.7120757E+00  2.9449273E+03  1.4443168E+20  5.5502563E+00  1.0000000E-99  1.0000000E-99
  984  7.6646080E+05  3.7158557E+00  2.9479261E+03  1.4358436E+20  5.6253771E+00  1.0000000E-99  1.0000000E-99
  985  7.6724048E+05  3.7196357E+00  2.9509249E+03  1.4273113E+20  5.7023203E+00  1.0000000E-99  1.0000000E-99
  986  7.6802017E+05  3.7234157E+00  2.9539237E+03  1.4187190E+20  5.7811529E+00  1.0000000E-99  1.0000000E-99
  987  7.6879986E+05  3.7271956E+00  2.9569225E+03  1.4100655E+20  5.8619452E+00  1.0000000E-99  1.0000000E-99
  988  7.6957954E+05  3.7309756E+00  2.9599213E+03  1.4013497E+20  5.9447711E+00  1.0000000E-99  1.0000000E-99
  989  7.7035923E+05  3.7347556E+00  2.9629201E+03  1.3925704E+20  6.0297082E+00  1.0000000E-99  1.0000000E-99
  990  7.7113892E+05  3.7385356E+00  2.9659189E+03  1.3837265E+20  6.1168381E+00  1.0000000E-99  1.0000000E-99
  991  7.7191860E+05  3.7423155E+00  2.9689177E+03  1.3748166E+20  6.2062468E+00  1.0000000E-99  1.0000000E-99
  992  7.7269829E+05  3.7460955E+00  2.9719165E+03  1.3658395E+20  6.2980246E+00  1.0000000E-99  1.0000000E-99
  993  7.7347798E+05  3.7498755E+00  2.9749153E+03  1.3567939E+20  6.3922669E+00  1.0000000E-99  1.0000000E-99
  994  7.7425766E+05  3.7536555E+00  2.9779141E+03  1.3476783E+20  6.4890741E+00  1.0000000E-99  1.0000000E-99
  995  7.7503735E+05  3.7574354E+00  2.9809129E+03  1.3384914E+20  6.5885522E+00  1.0000000E-99  1.0000000E-99
  996  7.7581704E+05  3.7612154E+00  2.9839117E+03  1.3292317E+20  6.6908131E+00  1.0000000E-99  1.0000000E-99
  997  7.7659672E+05  3.7649954E+00  2.9869105E+03  1.3198976E+20  6.7959752E+00  1.0000000E-99  1.0000000E-99
  998  7.7737641E+05  3.7687754E+00  2.9899093E+03  1.3104875E+20  6.9041634E+00  1.0000000E-99  1.0000000E-99
  999  7.7815610E+05  3.7725553E+00  2.9929081E+03  1.3009998E+20  7.0155102E+00  1.0000000E-99  1.0000000E-99
 1000  7.7893578E+05  3.7763353E+00  2.9959069E+03  1.2914328E+20  7.1301557E+00  1.0000000E-99  1.0000000E-99
 1001  7.7971547E+05  3.7801153E+00  2.9989056E+03  1.2817847E+20  7.2482486E+00  1.0000000E-99  1.0000000E-99
 1002  7.8049515E+05  3.7838953E+00  3.0019044E+03  1.2720537E+20  7.3699465E+00  1.0000000E-99  1.0000000E-99
 1003  7.8127484E+05  3.7876752E+00  3.0049032E+03  1.2622378E+20  7.4954169E+00  1.0000000E-99  1.0000000E-99
 1004  7.8205453E+05  3.7914552E+00  3.0079020E+03  1.2523351E+20  7.6248378E+00  1.0000000E-99  1.0000000E-99
 1005  7.8283421E+05  3.7952352E+00  3.0109008E+03  1.2423434E+20  7.7583984E+00  1.0000000E-99  1.0000000E-99
 1006  7.8361390E+05  3.7990152E+00  3.0138996E+03  1.2322606E+20  7.8963006E+00  1.0000000E-99  1.0000000E-99
 1007  7.8439359E+05  3.8027951E+00  3.0168984E+03  1.2220845E+20  8.0387592E+00  1.0000000E-99  1.0000000E-99
 1008  7.8517327E+05  3.8065751E+00  3.0198972E+03  1.2118127E+20  8.1860036E+00  1.0000000E-99  1.0000000E-99
 1009  7.8595296E+05  3.8103551E+00  3.0228960E+03  1.2014428E+20  8.3382789E+00  1.0000000E-99  1.0000000E-99
 1010  7.8673265E+05  3.8141351E+00  3.0258948E+03  1.1909721E+20  8.4958473E+00  1.0000000E-99  1.0000000E-99
 1011  7.8751233E+05  3.8179151E+00  3.0288936E+03  1.1803981E+20  8.6589892E+00  1.0000000E-99  1.0000000E-99
 1012  7.8829202E+05  3.8216950E+00  3.0318924E+03  1.1697178E+20  8.8280056E+00  1.0000000E-99  1.0000000E-99
 1013  7.8907171E+05  3.8254750E+00  3.0348912E+03  1.1589284E+20  9.0032193E+00  1.0000000E-99  1.0000000E-99
 1014  7.8985139E+05  3.8292550E+00  3.0378900E+03  1.1480268E+20  9.1849771E+00  1.0000000E-99  1.0000000E-99
 1015  7.9063108E+05  3.8330350E+00  3.0408888E+03  1.1370097E+20  9.3736526E+00  1.0000000E-99  1.0000000E-99
 1016  7.9141077E+05  3.8368149E+00  3.0438876E+03  1.1258738E+20  9.5696479E+00  1.0000000E-99  1.0000000E-99
 1017  7.9219045E+05  3.8405949E+00  3.0468864E+03  1.1146155E+20  9.7733971E+00  1.0000000E-99  1.0000000E-99
 1018  7.9297014E+05  3.8443749E+00  3.0498852E+03  1.1032311E+20  9.9853695E+00  1.0000000E-99  1.0000000E-99
 1019  7.9374983E+05  3.8481549E+00  3.0528839E+03  1.0917166E+20  1.0206073E+01  1.0000000E-99  1.0000000E-99
 1020  7.9452951E+05  3.8519348E+00  3.0558827E+03  1.0800678E+20  1.0436057E+01  1.0000000E-99  1.0000000E-99
 1021  7.9530920E+05  3.8557148E+00  3.0588815E+03  1.0682805E+20  1.0675921E+01  1.0000000E-99  1.0000000E-99
 1022  7.9608889E+05  3.8594948E+00  3.0618803E+03  1.0563498E+20  1.0926314E+01  1.0000000E-99  1.0000000E-99
 1023  7.9686857E+05  3.8632748E+00  3.0648791E+03  1.0442709E+20  1.1187944E+01  1.0000000E-99  1.0000000E-99
 1024  7.9764826E+05  3.8670547E+00  3.0678779E+03  1.0320387E+20  1.1461585E+01  1.0000000E-99  1.0000000E-99
 1025  7.9842795E+05  3.8708347E+00  3.0708767E+03  1.0196475E+20  1.1748084E+01  1.0000000E-99  1.0000000E-99
 1026  7.9920763E+05  3.8746147E+00  3.0738755E+03  1.0070916E+20  1.2048368E+01  1.0000000E-99  1.0000000E-99
 1027  7.9998732E+05  3.8783947E+00  3.0768743E+03  9.9436463E+19  1.2363456E+01  1.0000000E-99  1.0000000E-99
 1028  8.0076700E+05  3.8821746E+00  3.0798731E+03  9.8146000E+19  1.2694469E+01  1.0000000E-99  1.0000000E-99
 1029  8.0154669E+05  3.8859546E+00  3.0828719E+03  9.6837059E+19  1.3042647E+01  1.0000000E-99  1.0000000E-99
 1030  8.0232638E+05  3.8897346E+00  3.0858707E+03  9.5508881E+19  1.3409360E+01  1.0000000E-99  1.0000000E-99
 1031  8.0310606E+05  3.8935146E+00  3.0888695E+03  9.4160651E+19  1.3796126E+01  1.0000000E-99  1.0000000E-99
 1032  8.0388575E+05  3.8972945E+00  3.0918683E+03  9.2791496E+19  1.4204638E+01  1.0000000E-99  1.0000000E-99
 1033  8.0466544E+05  3.9010745E+00  3.0948671E+03  9.1400475E+19  1.4636781E+01  1.0000000E-99  1.0000000E-99
 1034  8.0544512E+05  3.9048545E+00  3.0978659E+03  8.9986575E+19  1.5094667E+01  1.0000000E-99  1.0000000E-99
 1035  8.0622481E+05  3.9086345E+00  3.1008647E+03  8.8548698E+19  1.5580665E+01  1.0000000E-99  1.0000000E-99
 1036  8.0700450E+05  3.9124144E+00  3.1038635E+03  8.7085659E+19  1.6097447E+01  1.0000000E-99  1.0000000E-99
 1037  8.0778418E+05  3.9161944E+00  3.1068622E+03  8.5596165E+19  1.6648033E+01  1.0000000E-99  1.0000000E-99
 1038  8.0856387E+05  3.9199744E+00  3.1098610E+03  8.4078812E+19  1.7235850E+01  1.0000000E-99  1.0000000E-99
 1039  8.0934356E+05  3.9237544E+00  3.1128598E+03  8.2532063E+19  1.7864807E+01  1.0000000E-99  1.0000000E-99
 1040  8.1012324E+05  3.9275343E+00  3.1158586E+03  8.0954233E+19  1.8539379E+01  1.0000000E-99  1.0000000E-99
 1041  8.1090293E+05  3.9313143E+00  3.1188574E+03  7.9343468E+19  1.9264714E+01  1.0000000E-99  1.0000000E-99
 1042  8.1168262E+05  3.9350943E+00  3.1218562E+03  7.7697719E+19  2.0046767E+01  1.0000000E-99  1.0000000E-99
 1043  8.1246230E+05  3.9388743E+00  3.1248550E+03  7.6014714E+19  2.0892459E+01  1.0000000E-99  1.0000000E-99
 1044  8.1324199E+05  3.9426542E+00  3.1278538E+03  7.4291921E+19  2.1809889E+01  1.0000000E-99  1.0000000E-99
 1045  8.1402168E+05  3.9464342E+00  3.1308526E+03  7.2526506E+19  2.2808589E+01  1.0000000E-99  1.0000000E-99
 1046  8.1480136E+05  3.9502142E+00  3.1338514E+03  7.0715275E+19  2.3899859E+01  1.0000000E-99  1.0000000E-99
 1047  8.1558105E+05  3.9539942E+00  3.1368502E+03  6.8854613E+19  2.5097195E+01  1.0000000E-99  1.0000000E-99
 1048  8.1636074E+05  3.9577741E+00  3.1398490E+03  6.6940399E+19  2.6416853E+01  1.0000000E-99  1.0000000E-99
 1049  8.1714042E+05  3.9615541E+00  3.1428478E+03  6.4967899E+19  2.7878590E+01  1.0000000E-99  1.0000000E-99
 1050  8.1792011E+05  3.9653341E+00  3.1458466E+03  6.2931633E+19  2.9506659E+01  1.0000000E-99  1.0000000E-99
 1051  8.1869980E+05  3.9691141E+00  3.1488454E+03  6.0825197E+19  3.1331171E+01  1.0000000E-99  1.0000000E-99
 1052  8.1947948E+05  3.9728940E+00  3.1518442E+03  5.8641029E+19  3.3389973E+01  1.0000000E-99  1.0000000E-99
 1053  8.2025917E+05  3.9766740E+00  3.1548430E+03  5.6370095E+19  3.5731305E+01  1.0000000E-99  1.0000000E-99
 1054  8.2103885E+05  3.9804540E+00  3.1578417E+03  5.4001449E+19  3.8417633E+01  1.0000000E-99  1.0000000E-99
 1055  8.2181854E+05  3.9842340E+00  3.1608405E+03  5.1521618E+19  4.1531315E+01  1.0000000E-99  1.0000000E-99
 1056  8.2259823E+05  3.9880139E+00  3.1638393E+03  4.8913692E+19  4.5183203E+01  1.0000000E-99  1.0000000E-99
 1057  8.2337791E+05  3.9917939E+00  3.1668381E+03  4.6155964E+19  4.9526151E+01  1.0000000E-99  1.0000000E-99
 1058  8.2415760E+05  3.9955739E+00  3.1698369E+03  4.3219768E+19  5.4777006E+01  1.0000000E-99  1.0000000E-99
 1059  8.2493729E+05  3.9993539E+00  3.1728357E+03  4.0065888E+19  6.1254049E+01  1.0000000E-99  1.0000000E-99
 1060  8.2571697E+05  4.0031338E+00  3.1758345E+03  3.6638149E+19  6.9444265E+01  1.0000000E-99  1.0000000E-99
 1061  8.2649666E+05  4.0069138E+00  3.1788333E+03  3.2850939E+19  8.0132434E+01  1.0000000E-99  1.0000000E-99
 1062  8.2727635E+05  4.0106938E+00  3.1818321E+03  2.8561617E+19  9.4670550E+01  1.0000000E-99  1.0000000E-99
 1063  8.2805603E+05  4.0144738E+00  3.1848309E+03  2.3496796E+19  1.1560577E+02  1.0000000E-99  1.0000000E-99
 1064  8.2883572E+05  4.0182537E+00  3.1878297E+03  1.6975996E+19  1.4838669E+02  1.0000000E-99  1.0000000E-99
 1065  8.2961541E+05  4.0220337E+00  3.1908285E+03  4.9011296E+18  2.0721172E+02  1.0000000E-99  1.0000000E-99
 1066  8.3039509E+05  4.0258137E+00  3.1938273E+03  2.1507633E-06  3.4539224E+02  1.0000000E-99  1.0000000E-99
 1067  8.3117478E+05  4.0295937E+00  3.1968261E+03  2.1507633E-06  3.4539224E+02  1.0000000E-99  1.0000000E-99
 1068  8.3195447E+05  4.0333736E+00  3.1998249E+03  2.1507633E-06  1.0000000E-99  1.0000000E-99  1.0000000E-99
 1069  8.3273415E+05  4.0371536E+00  3.2028237E+03  2.1507633E-06  1.0000000E-99  1.0000000E-99  1.0000000E-99
 1070  8.3351384E+05  4.0409336E+00  3.2058225E+03  2.1507633E-06  1.0000000E-99  1.0000000E-99  1.0000000E-99
 1071  8.3429353E+05  4.0447136E+00  3.2088213E+03  2.1507633E-06  1.0000000E-99  1.0000000E-99  1.0000000E-99
 1072  8.3507321E+05  4.0484935E+00  3.2118200E+03  2.1507633E-06  1.0000000E-99  1.0000000E-99  1.0000000E-99
 1073  8.3585290E+05  4.0522735E+00  3.2148188E+03  2.1507633E-06  1.0000000E-99  1.0000000E-99  1.0000000E-99
 1074  8.3663259E+05  4.0560535E+00  3.2178176E+03  2.1507633E-06  1.0000000E-99  1.0000000E-99  1.0000000E-99
 1075  8.3741227E+05  4.0598335E+00  3.2208164E+03  2.1507633E-06  1.0000000E-99  1.0000000E-99  1.0000000E-99
 1076  8.3819196E+05  4.0636134E+00  3.2238152E+03  2.1507633E-06  1.0000000E-99  1.0000000E-99  1.0000000E-99
 1077  8.3897165E+05  4.0673934E+00  3.2268140E+03  2.1507633E-06  1.0000000E-99  1.0000000E-99  1.0000000E-99
 1078  8.3975133E+05  4.0711734E+00  3.2298128E+03  2.1507633E-06  1.0000000E-99  1.0000000E-99  1.0000000E-99
 1079  8.4053102E+05  4.0749534E+00  3.2328116E+03  2.1507633E-06  1.0000000E-99  1.0000000E-99  1.0000000E-99
 1080  8.4131071E+05  4.0787333E+00  3.2358104E+03  2.1507633E-06  1.0000000E-99  1.0000000E-99  1.0000000E-99
 1081  8.4209039E+05  4.0825133E+00  3.2388092E+03  2.1507633E-06  1.0000000E-99  1.0000000E-99  1.0000000E-99
 1082  8.4287008E+05  4.0862933E+00  3.2418080E+03  2.1507633E-06  1.0000000E-99  1.0000000E-99  1.0000000E-99
 1083  8.4364976E+05  4.0900733E+00  3.2448068E+03  2.1507633E-06  1.0000000E-99  1.0000000E-99  1.0000000E-99
 1084  8.4442945E+05  4.0938532E+00  3.2478056E+03  2.1507633E-06  1.0000000E-99  1.0000000E-99  1.0000000E-99
 1085  8.4520914E+05  4.0976332E+00  3.2508044E+03  2.1507633E-06  1.0000000E-99  1.0000000E-99  1.0000000E-99
 1086  8.4598882E+05  4.1014132E+00  3.2538032E+03  2.1507633E-06  1.0000000E-99  1.0000000E-99  1.0000000E-99
 1087  8.4676851E+05  4.1051932E+00  3.2568020E+03  2.1507633E-06  1.0000000E-99  1.0000000E-99  1.0000000E-99
 1088  8.4754820E+05  4.1089731E+00  3.2598008E+03  2.1507633E-06  1.0000000E-99  1.0000000E-99  1.0000000E-99
 1089  8.4832788E+05  4.1127531E+00  3.2627996E+03  2.1507633E-06  1.0000000E-99  1.0000000E-99  1.0000000E-99
 1090  8.4910757E+05  4.1165331E+00  3.2657983E+03  2.1507633E-06  1.0000000E-99  1.0000000E-99  1.0000000E-99
 1091  8.4988726E+05  4.1203131E+00  3.2687971E+03  2.1507633E-06  1.0000000E-99  1.0000000E-99  1.0000000E-99
 1092  8.5066694E+05  4.1240930E+00  3.2717959E+03  2.1507633E-06  1.0000000E-99  1.0000000E-99  1.0000000E-99
 1093  8.5144663E+05  4.1278730E+00  3.2747947E+03  2.1507633E-06  1.0000000E-99  1.0000000E-99  1.0000000E-99
 1094  8.5222632E+05  4.1316530E+00  3.2777935E+03  2.1507633E-06  1.0000000E-99  1.0000000E-99  1.0000000E-99
 1095  8.5300600E+05  4.1354330E+00  3.2807923E+03  2.1507633E-06  1.0000000E-99  1.0000000E-99  1.0000000E-99
 1096  8.5378569E+05  4.1392129E+00  3.2837911E+03  2.1507633E-06  1.0000000E-99  1.0000000E-99  1.0000000E-99
 1097  8.5456538E+05  4.1429929E+00  3.2867899E+03  2.1507633E-06  1.0000000E-99  1.0000000E-99  1.0000000E-99
 1098  8.5534506E+05  4.1467729E+00  3.2897887E+03  2.1507633E-06  1.0000000E-99  1.0000000E-99  1.0000000E-99
 1099  8.5612475E+05  4.1505529E+00  3.2927875E+03  2.1507633E-06  1.0000000E-99  1.0000000E-99  1.0000000E-99
 1100  8.5690444E+05  4.1543328E+00  3.2957863E+03  2.1507633E-06  1.0000000E-99  1.0000000E-99  1.0000000E-99
 1101  8.5768412E+05  4.1581128E+00  3.2987851E+03  2.1507633E-06  1.0000000E-99  1.0000000E-99  1.0000000E-99
 1102  8.5846381E+05  4.1618928E+00  3.3017839E+03  2.1507633E-06  1.0000000E-99  1.0000000E-99  1.0000000E-99
 1103  8.5924350E+05  4.1656728E+00  3.3047827E+03  2.1507633E-06  1.0000000E-99  1.0000000E-99  1.0000000E-99
 1104  8.6002318E+05  4.1694527E+00  3.3077815E+03  2.1507633E-06  1.0000000E-99  1.0000000E-99  1.0000000E-99
 1105  8.6080287E+05  4.1732327E+00  3.3107803E+03  2.1507633E-06  1.0000000E-99  1.0000000E-99  1.0000000E-99
 1106  8.6158256E+05  4.1770127E+00  3.3137791E+03  2.1507633E-06  1.0000000E-99  1.0000000E-99  1.0000000E-99
 1107  8.6236224E+05  4.1807927E+00  3.3167779E+03  2.1507633E-06  1.0000000E-99  1.0000000E-99  1.0000000E-99
 1108  8.6314193E+05  4.1845726E+00  3.3197766E+03  2.1507633E-06  1.0000000E-99  1.0000000E-99  1.0000000E-99
 1109  8.6392161E+05  4.1883526E+00  3.3227754E+03  2.1507633E-06  1.0000000E-99  1.0000000E-99  1.0000000E-99
 1110  8.6470130E+05  4.1921326E+00  3.3257742E+03  2.1507633E-06  1.0000000E-99  1.0000000E-99  1.0000000E-99
 1111  8.6548099E+05  4.1959126E+00  3.3287730E+03  2.1507633E-06  1.0000000E-99  1.0000000E-99  1.0000000E-99
 1112  8.6626067E+05  4.1996925E+00  3.3317718E+03  2.1507633E-06  1.0000000E-99  1.0000000E-99  1.0000000E-99
 1113  8.6704036E+05  4.2034725E+00  3.3347706E+03  2.1507633E-06  1.0000000E-99  1.0000000E-99  1.0000000E-99
 1114  8.6782005E+05  4.2072525E+00  3.3377694E+03  2.1507633E-06  1.0000000E-99  1.0000000E-99  1.0000000E-99
 1115  8.6859973E+05  4.2110325E+00  3.3407682E+03  2.1507633E-06  1.0000000E-99  1.0000000E-99  1.0000000E-99
 1116  8.6937942E+05  4.2148124E+00  3.3437670E+03  2.1507633E-06  1.0000000E-99  1.0000000E-99  1.0000000E-99
 1117  8.7015911E+05  4.2185924E+00  3.3467658E+03  2.1507633E-06  1.0000000E-99  1.0000000E-99  1.0000000E-99
 1118  8.7093879E+05  4.2223724E+00  3.3497646E+03  2.1507633E-06  1.0000000E-99  1.0000000E-99  1.0000000E-99
 1119  8.7171848E+05  4.2261524E+00  3.3527634E+03  2.1507633E-06  1.0000000E-99  1.0000000E-99  1.0000000E-99
 1120  8.7249817E+05  4.2299323E+00  3.3557622E+03  2.1507633E-06  1.0000000E-99  1.0000000E-99  1.0000000E-99
 1121  8.7327785E+05  4.2337123E+00  3.3587610E+03  2.1507633E-06  1.0000000E-99  1.0000000E-99  1.0000000E-99
 1122  8.7405754E+05  4.2374923E+00  3.3617598E+03  2.1507633E-06  1.0000000E-99  1.0000000E-99  1.0000000E-99
 1123  8.7483723E+05  4.2412723E+00  3.3647586E+03  2.1507633E-06  1.0000000E-99  1.0000000E-99  1.0000000E-99
 1124  8.7561691E+05  4.2450522E+00  3.3677574E+03  2.1507633E-06  1.0000000E-99  1.0000000E-99  1.0000000E-99
 1125  8.7639660E+05  4.2488322E+00  3.3707562E+03  2.1507633E-06  1.0000000E-99  1.0000000E-99  1.0000000E-99
 1126  8.7717629E+05  4.2526122E+00  3.3737549E+03  2.1507633E-06  1.0000000E-99  1.0000000E-99  1.0000000E-99
 1127  8.7795597E+05  4.2563922E+00  3.3767537E+03  2.1507633E-06  1.0000000E-99  1.0000000E-99  1.0000000E-99
 1128  8.7873566E+05  4.2601721E+00  3.3797525E+03  2.1507633E-06  1.0000000E-99  1.0000000E-99  1.0000000E-99
 1129  8.7951535E+05  4.2639521E+00  3.3827513E+03  2.1507633E-06  1.0000000E-99  1.0000000E-99  1.0000000E-99
 1130  8.8029503E+05  4.2677321E+00  3.3857501E+03  2.1507633E-06  1.0000000E-99  1.0000000E-99  1.0000000E-99
 1131  8.8107472E+05  4.2715121E+00  3.3887489E+03  2.1507633E-06  1.0000000E-99  1.0000000E-99  1.0000000E-99
 1132  8.8185441E+05  4.2752920E+00  3.3917477E+03  2.1507633E-06  1.0000000E-99  1.0000000E-99  1.0000000E-99
 1133  8.8263409E+05  4.2790720E+00  3.3947465E+03  2.1507633E-06  1.0000000E-99  1.0000000E-99  1.0000000E-99
 1134  8.8341378E+05  4.2828520E+00  3.3977453E+03  2.1507633E-06  1.0000000E-99  1.0000000E-99  1.0000000E-99
 1135  8.8419346E+05  4.2866320E+00  3.4007441E+03  2.1507633E-06  1.0000000E-99  1.0000000E-99  1.0000000E-99
 1136  8.8497315E+05  4.2904119E+00  3.4037429E+03  2.1507633E-06  1.0000000E-99  1.0000000E-99  1.0000000E-99
 1137  8.8575284E+05  4.2941919E+00  3.4067417E+03  2.1507633E-06  1.0000000E-99  1.0000000E-99  1.0000000E-99
 1138  8.8653252E+05  4.2979719E+00  3.4097405E+03  2.1507633E-06  1.0000000E-99  1.0000000E-99  1.0000000E-99
 1139  8.8731221E+05  4.3017519E+00  3.4127393E+03  2.1507633E-06  1.0000000E-99  1.0000000E-99  1.0000000E-99
 1140  8.8809190E+05  4.3055318E+00  3.4157381E+03  2.1507633E-06  1.0000000E-99  1.0000000E-99  1.0000000E-99
 1141  8.8887158E+05  4.3093118E+00  3.4187369E+03  2.1507633E-06  1.0000000E-99  1.0000000E-99  1.0000000E-99
 1142  8.8965127E+05  4.3130918E+00  3.4217357E+03  2.1507633E-06  1.0000000E-99  1.0000000E-99  1.0000000E-99
 1143  8.9043096E+05  4.3168718E+00  3.4247345E+03  2.1507633E-06  1.0000000E-99  1.0000000E-99  1.0000000E-99
 1144  8.9121064E+05  4.3206517E+00  3.4277332E+03  2.1507633E-06  1.0000000E-99  1.0000000E-99  1.0000000E-99
 1145  8.9199033E+05  4.3244317E+00  3.4307320E+03  2.1507633E-06  1.0000000E-99  1.0000000E-99  1.0000000E-99
 1146  8.9277002E+05  4.3282117E+00  3.4337308E+03  2.1507633E-06  1.0000000E-99  1.0000000E-99  1.0000000E-99
 1147  8.9354970E+05  4.3319917E+00  3.4367296E+03  2.1507633E-06  1.0000000E-99  1.0000000E-99  1.0000000E-99
 1148  8.9432939E+05  4.3357716E+00  3.4397284E+03  2.1507633E-06  1.0000000E-99  1.0000000E-99  1.0000000E-99
 1149  8.9510908E+05  4.3395516E+00  3.4427272E+03  2.1507633E-06  1.0000000E-99  1.0000000E-99  1.0000000E-99
 1150  8.9588876E+05  4.3433316E+00  3.4457260E+03  2.1507633E-06  1.0000000E-99  1.0000000E-99  1.0000000E-99
 1151  8.9666845E+05  4.3471116E+00  3.4487248E+03  2.1507633E-06  1.0000000E-99  1.0000000E-99  1.0000000E-99
 1152  8.9744814E+05  4.3508915E+00  3.4517236E+03  2.1507633E-06  1.0000000E-99  1.0000000E-99  1.0000000E-99
 1153  8.9822782E+05  4.3546715E+00  3.4547224E+03  2.1507633E-06  1.0000000E-99  1.0000000E-99  1.0000000E-99
 1154  8.9900751E+05  4.3584515E+00  3.4577212E+03  2.1507633E-06  1.0000000E-99  1.0000000E-99  1.0000000E-99
 1155  8.9978720E+05  4.3622315E+00  3.4607200E+03  2.1507633E-06  1.0000000E-99  1.0000000E-99  1.0000000E-99
 1156  9.0056688E+05  4.3660114E+00  3.4637188E+03  2.1507633E-06  1.0000000E-99  1.0000000E-99  1.0000000E-99
 1157  9.0134657E+05  4.3697914E+00  3.4667176E+03  2.1507633E-06  1.0000000E-99  1.0000000E-99  1.0000000E-99
 1158  9.0212626E+05  4.3735714E+00  3.4697164E+03  2.1507633E-06  1.0000000E-99  1.0000000E-99  1.0000000E-99
 1159  9.0290594E+05  4.3773514E+00  3.4727152E+03  2.1507633E-06  1.0000000E-99  1.0000000E-99  1.0000000E-99
 1160  9.0368563E+05  4.3811313E+00  3.4757140E+03  2.1507633E-06  1.0000000E-99  1.0000000E-99  1.0000000E-99
 1161  9.0446531E+05  4.3849113E+00  3.4787127E+03  2.1507633E-06  1.0000000E-99  1.0000000E-99  1.0000000E-99
 1162  9.0524500E+05  4.3886913E+00  3.4817115E+03  2.1507633E-06  1.0000000E-99  1.0000000E-99  1.0000000E-99
 1163  9.0602469E+05  4.3924713E+00  3.4847103E+03  2.1507633E-06  1.0000000E-99  1.0000000E-99  1.0000000E-99
 1164  9.0680437E+05  4.3962512E+00  3.4877091E+03  2.1507633E-06  1.0000000E-99  1.0000000E-99  1.0000000E-99
 1165  9.0758406E+05  4.4000312E+00  3.4907079E+03  2.1507633E-06  1.0000000E-99  1.0000000E-99  1.0000000E-99
 1166  9.0836375E+05  4.4038112E+00  3.4937067E+03  2.1507633E-06  1.0000000E-99  1.0000000E-99  1.0000000E-99
 1167  9.0914343E+05  4.4075912E+00  3.4967055E+03  2.1507633E-06  1.0000000E-99  1.0000000E-99  1.0000000E-99
 1168  9.0992312E+05  4.4113711E+00  3.4997043E+03  2.1507633E-06  1.0000000E-99  1.0000000E-99  1.0000000E-99
 1169  9.1070281E+05  4.4151511E+00  3.5027031E+03  2.1507633E-06  1.0000000E-99  1.0000000E-99  1.0000000E-99
 1170  9.1148249E+05  4.4189311E+00  3.5057019E+03  2.1507633E-06  1.0000000E-99  1.0000000E-99  1.0000000E-99
