! Date: 08/09/2026  Time: 12:06:17  Created by RADMC3D compiled on Jul 23 2026 22:03    
! Alexander Men’shchikov, DAp IRFU CEA Saclay, France                         
!
! RADIAL PROFILES OF SURFACE DENSITIES (cm^-2)
!
! Distance (pc): 2.60000000E+02  Mass-averaged Tdust (K): 5.77081683E+00
!
!   N   RADIUS(au)     RADIUS(pc)     RADIUS(as)      PROFILE        SLOPE          PROFILEBS      SLOPEBS
!
    1  1.0358249E+00  5.0217519E-06  3.9839420E-03  7.0595675E+23  7.9631528E-03  3.2218026E+23  1.7797238E-02
    2  5.9881185E+01  2.9030819E-04  2.3031225E-01  6.8351333E+23  7.9631528E-03  2.9973684E+23  1.7797238E-02
    3  1.1872655E+02  5.7559462E-04  4.5664056E-01  6.3094741E+23  7.9631528E-03  2.4717092E+23  1.7797238E-02
    4  1.7757191E+02  8.6088106E-04  6.8296887E-01  5.7246554E+23  7.9631528E-03  1.8868904E+23  1.7797238E-02
    5  2.3641727E+02  1.1461675E-03  9.0929718E-01  5.2615995E+23  1.1691490E-01  1.4238346E+23  2.8171790E-01
    6  2.9526263E+02  1.4314539E-03  1.1356255E+00  4.9075943E+23  2.4163292E-01  1.0698294E+23  6.7066918E-01
    7  3.5410799E+02  1.7167404E-03  1.3619538E+00  4.6628702E+23  2.8146583E-01  8.2510532E+22  9.8376733E-01
    8  4.1295335E+02  2.0020268E-03  1.5882821E+00  4.4727154E+23  2.8146583E-01  6.3495047E+22  1.2860867E+00
    9  4.7179871E+02  2.2873132E-03  1.8146104E+00  4.3244403E+23  2.7083042E-01  4.8667542E+22  1.4292293E+00
   10  5.3064407E+02  2.5725997E-03  2.0409387E+00  4.2338415E+23  2.5306650E-01  3.9607654E+22  1.7040228E+00
   11  5.8948943E+02  2.8578861E-03  2.2672670E+00  4.1622151E+23  1.8013588E-01  3.2445020E+22  1.7525232E+00
   12  6.4833479E+02  3.1431725E-03  2.4935953E+00  4.0850638E+23  1.8013588E-01  2.4729890E+22  1.8967801E+00
   13  7.0718015E+02  3.4284590E-03  2.7199237E+00  4.0560719E+23  1.6224284E-01  2.1830693E+22  1.7525232E+00
   14  7.6602551E+02  3.7137454E-03  2.9462520E+00  4.0023342E+23  1.6224284E-01  1.6456925E+22  1.8967801E+00
   15  8.2487087E+02  3.9990319E-03  3.1725803E+00  3.9846739E+23  8.1981073E-02  1.4690895E+22  1.5337974E+00
   16  8.8371623E+02  4.2843183E-03  3.3989086E+00  3.9589012E+23  8.1981073E-02  1.2113631E+22  1.5337974E+00
   17  9.4256159E+02  4.5696047E-03  3.6252369E+00  3.9327413E+23  9.4166745E-02  9.4976373E+21  2.7992884E+00
   18  1.0014070E+03  4.8548912E-03  3.8515652E+00  3.9201561E+23  5.9751141E-02  8.2391148E+21  2.3472625E+00
   19  1.0602523E+03  5.1401776E-03  4.0778935E+00  3.9005246E+23  8.7921535E-02  6.2759705E+21  2.7992884E+00
   20  1.1190977E+03  5.4254640E-03  4.3042218E+00  3.8860303E+23  6.8922927E-02  4.8265334E+21  3.7739433E+00
   21  1.1779430E+03  5.7107505E-03  4.5305501E+00  3.8782144E+23  5.2926815E-02  4.0449505E+21  3.4472089E+00
   22  1.2367884E+03  5.9960369E-03  4.7568784E+00  3.8676457E+23  5.5978679E-02  2.9880809E+21  4.7663793E+00
   23  1.2956338E+03  6.2813233E-03  4.9832067E+00  3.8532180E+23  5.5978679E-02  1.5453106E+21  4.8615340E+00
   24  1.3544791E+03  6.5666098E-03  5.2095351E+00  3.8488628E+23  3.9285961E-02  1.1097915E+21  6.2122790E+00
   25  1.4133245E+03  6.8518962E-03  5.4358634E+00  3.8436094E+23  3.2117012E-02  5.8444799E+20  7.4532879E+00
   26  1.4721698E+03  7.1371826E-03  5.6621917E+00  3.8364774E+23  3.2117012E-02  1.0000000E-99  7.4532879E+00
   27  1.5310152E+03  7.4224691E-03  5.8885200E+00  3.8266573E+23  3.2117012E-02  1.0000000E-99  1.0000000E-99
   28  1.5898606E+03  7.7077555E-03  6.1148483E+00  3.8241508E+23  3.2117012E-02  1.0000000E-99  1.0000000E-99
   29  1.6487059E+03  7.9930420E-03  6.3411766E+00  3.8212149E+23  2.1131270E-02  1.0000000E-99  1.0000000E-99
   30  1.7075513E+03  8.2783284E-03  6.5675049E+00  3.8175729E+23  2.1131270E-02  1.0000000E-99  1.0000000E-99
   31  1.7663966E+03  8.5636148E-03  6.7938332E+00  3.8120769E+23  2.1131270E-02  1.0000000E-99  1.0000000E-99
   32  1.8252420E+03  8.8489013E-03  7.0201615E+00  3.8069998E+23  2.7190427E-02  1.0000000E-99  1.0000000E-99
   33  1.8840874E+03  9.1341877E-03  7.2464898E+00  3.8057055E+23  2.7190427E-02  1.0000000E-99  1.0000000E-99
   34  1.9429327E+03  9.4194741E-03  7.4728181E+00  3.8041886E+23  1.2962417E-02  1.0000000E-99  1.0000000E-99
   35  2.0017781E+03  9.7047606E-03  7.6991464E+00  3.8023330E+23  1.2962417E-02  1.0000000E-99  1.0000000E-99
   36  2.0606234E+03  9.9900470E-03  7.9254748E+00  3.7998321E+23  1.2962417E-02  1.0000000E-99  1.0000000E-99
   37  2.1194688E+03  1.0275333E-02  8.1518031E+00  3.7944413E+23  1.6352470E-02  1.0000000E-99  1.0000000E-99
   38  2.1783142E+03  1.0560620E-02  8.3781314E+00  3.7941582E+23  1.6352470E-02  1.0000000E-99  1.0000000E-99
   39  2.2371595E+03  1.0845906E-02  8.6044597E+00  3.7937999E+23  3.5426298E-03  1.0000000E-99  1.0000000E-99
   40  2.2960049E+03  1.1131193E-02  8.8307880E+00  3.7933367E+23  3.5426298E-03  1.0000000E-99  1.0000000E-99
   41  2.3548502E+03  1.1416479E-02  9.0571163E+00  3.7927157E+23  3.5426298E-03  1.0000000E-99  1.0000000E-99
   42  2.4136956E+03  1.1701766E-02  9.2834446E+00  3.7918242E+23  4.7031651E-03  1.0000000E-99  1.0000000E-99
   43  2.4725410E+03  1.1987052E-02  9.5097729E+00  3.7902876E+23  6.4688391E-03  1.0000000E-99  1.0000000E-99
   44  2.5313863E+03  1.2272338E-02  9.7361012E+00  3.7878356E+23  9.5252281E-03  1.0000000E-99  1.0000000E-99
   45  2.5902317E+03  1.2557625E-02  9.9624295E+00  3.7883522E+23  9.5252281E-03  1.0000000E-99  1.0000000E-99
   46  2.6490770E+03  1.2842911E-02  1.0188758E+01  3.7888608E+23  5.9757022E-03  1.0000000E-99  1.0000000E-99
   47  2.7079224E+03  1.3128198E-02  1.0415086E+01  3.7893495E+23  5.9340693E-03  1.0000000E-99  1.0000000E-99
   48  2.7667678E+03  1.3413484E-02  1.0641414E+01  3.7897981E+23  5.8710850E-03  1.0000000E-99  1.0000000E-99
   49  2.8256131E+03  1.3698771E-02  1.0867743E+01  3.7901675E+23  5.5063432E-03  1.0000000E-99  1.0000000E-99
   50  2.8844585E+03  1.3984057E-02  1.1094071E+01  3.7903666E+23  4.6313588E-03  1.0000000E-99  1.0000000E-99
   51  2.9433038E+03  1.4269344E-02  1.1320399E+01  3.7900423E+23  4.2362789E-03  1.0000000E-99  1.0000000E-99
   52  3.0021492E+03  1.4554630E-02  1.1546728E+01  3.7895413E+23  4.2362789E-03  1.0000000E-99  1.0000000E-99
   53  3.0609946E+03  1.4839916E-02  1.1773056E+01  3.7910424E+23  4.2362789E-03  1.0000000E-99  1.0000000E-99
   54  3.1198399E+03  1.5125203E-02  1.1999384E+01  3.7926234E+23  6.6780154E-03  1.0000000E-99  1.0000000E-99
   55  3.1786853E+03  1.5410489E-02  1.2225713E+01  3.7942920E+23  2.0402094E-02  1.0000000E-99  1.0000000E-99
   56  3.2375306E+03  1.5695776E-02  1.2452041E+01  3.7960563E+23  2.1897350E-02  1.0000000E-99  1.0000000E-99
   57  3.2963760E+03  1.5981062E-02  1.2678369E+01  3.7979248E+23  2.3538959E-02  1.0000000E-99  1.0000000E-99
   58  3.3552214E+03  1.6266349E-02  1.2904698E+01  3.7999034E+23  2.5343513E-02  1.0000000E-99  1.0000000E-99
   59  3.4140667E+03  1.6551635E-02  1.3131026E+01  3.8019863E+23  2.7318794E-02  1.0000000E-99  1.0000000E-99
   60  3.4729121E+03  1.6836921E-02  1.3357354E+01  3.8041017E+23  2.9436193E-02  1.0000000E-99  1.0000000E-99
   61  3.5317574E+03  1.7122208E-02  1.3583682E+01  3.8058936E+23  2.9436193E-02  1.0000000E-99  1.0000000E-99
   62  3.5906028E+03  1.7407494E-02  1.3810011E+01  3.8095820E+23  3.1518909E-02  1.0000000E-99  1.0000000E-99
   63  3.6494482E+03  1.7692781E-02  1.4036339E+01  3.8139224E+23  3.2548827E-02  1.0000000E-99  1.0000000E-99
   64  3.7082935E+03  1.7978067E-02  1.4262667E+01  3.8193730E+23  5.8619974E-02  1.0000000E-99  1.0000000E-99
   65  3.7671389E+03  1.8263354E-02  1.4488996E+01  3.8275853E+23  7.0046875E-02  1.0000000E-99  1.0000000E-99
   66  3.8259842E+03  1.8548640E-02  1.4715324E+01  3.8378288E+23  8.9281378E-02  1.0000000E-99  1.0000000E-99
   67  3.8848296E+03  1.8833927E-02  1.4941652E+01  3.8377614E+23  8.9281378E-02  1.0000000E-99  1.0000000E-99
   68  3.9436750E+03  1.9119213E-02  1.5167981E+01  3.8376931E+23  1.1850015E-03  1.0000000E-99  1.0000000E-99
   69  4.0025203E+03  1.9404499E-02  1.5394309E+01  3.8376237E+23  1.1850015E-03  1.0000000E-99  1.0000000E-99
   70  4.0613657E+03  1.9689786E-02  1.5620637E+01  3.8375532E+23  1.1850015E-03  1.0000000E-99  1.0000000E-99
   71  4.1202110E+03  1.9975072E-02  1.5846966E+01  3.8374818E+23  1.2209483E-03  1.0000000E-99  1.0000000E-99
   72  4.1790564E+03  2.0260359E-02  1.6073294E+01  3.8374093E+23  1.2574343E-03  1.0000000E-99  1.0000000E-99
   73  4.2379018E+03  2.0545645E-02  1.6299622E+01  3.8373358E+23  1.2944594E-03  1.0000000E-99  1.0000000E-99
   74  4.2967471E+03  2.0830932E-02  1.6525951E+01  3.8372612E+23  1.3320238E-03  1.0000000E-99  1.0000000E-99
   75  4.3555925E+03  2.1116218E-02  1.6752279E+01  3.8371856E+23  1.3701277E-03  1.0000000E-99  1.0000000E-99
   76  4.4144379E+03  2.1401504E-02  1.6978607E+01  3.8371090E+23  1.4087712E-03  1.0000000E-99  1.0000000E-99
   77  4.4732832E+03  2.1686791E-02  1.7204935E+01  3.8370314E+23  1.4479543E-03  1.0000000E-99  1.0000000E-99
   78  4.5321286E+03  2.1972077E-02  1.7431264E+01  3.8369527E+23  1.4876773E-03  1.0000000E-99  1.0000000E-99
   79  4.5909739E+03  2.2257364E-02  1.7657592E+01  3.8368730E+23  1.5279402E-03  1.0000000E-99  1.0000000E-99
   80  4.6498193E+03  2.2542650E-02  1.7883920E+01  3.8367923E+23  1.5687432E-03  1.0000000E-99  1.0000000E-99
   81  4.7086647E+03  2.2827937E-02  1.8110249E+01  3.8367106E+23  1.6100865E-03  1.0000000E-99  1.0000000E-99
   82  4.7675100E+03  2.3113223E-02  1.8336577E+01  3.8366278E+23  1.6519700E-03  1.0000000E-99  1.0000000E-99
   83  4.8263554E+03  2.3398509E-02  1.8562905E+01  3.8365440E+23  1.6943940E-03  1.0000000E-99  1.0000000E-99
   84  4.8852007E+03  2.3683796E-02  1.8789234E+01  3.8364591E+23  1.7373587E-03  1.0000000E-99  1.0000000E-99
   85  4.9440461E+03  2.3969082E-02  1.9015562E+01  3.8363732E+23  1.7808641E-03  1.0000000E-99  1.0000000E-99
   86  5.0028915E+03  2.4254369E-02  1.9241890E+01  3.8362863E+23  1.8249104E-03  1.0000000E-99  1.0000000E-99
   87  5.0617368E+03  2.4539655E-02  1.9468219E+01  3.8361984E+23  1.8694977E-03  1.0000000E-99  1.0000000E-99
   88  5.1205822E+03  2.4824942E-02  1.9694547E+01  3.8361094E+23  1.9146262E-03  1.0000000E-99  1.0000000E-99
   89  5.1794275E+03  2.5110228E-02  1.9920875E+01  3.8360194E+23  1.9602961E-03  1.0000000E-99  1.0000000E-99
   90  5.2382729E+03  2.5395515E-02  2.0147203E+01  3.8359284E+23  2.0065074E-03  1.0000000E-99  1.0000000E-99
   91  5.2971183E+03  2.5680801E-02  2.0373532E+01  3.8358363E+23  2.0532603E-03  1.0000000E-99  1.0000000E-99
   92  5.3559636E+03  2.5966087E-02  2.0599860E+01  3.8357432E+23  2.1005551E-03  1.0000000E-99  1.0000000E-99
   93  5.4148090E+03  2.6251374E-02  2.0826188E+01  3.8356491E+23  2.1483917E-03  1.0000000E-99  1.0000000E-99
   94  5.4736543E+03  2.6536660E-02  2.1052517E+01  3.8355540E+23  2.1967704E-03  1.0000000E-99  1.0000000E-99
   95  5.5324997E+03  2.6821947E-02  2.1278845E+01  3.8354578E+23  2.2456914E-03  1.0000000E-99  1.0000000E-99
   96  5.5913451E+03  2.7107233E-02  2.1505173E+01  3.8353606E+23  2.2951547E-03  1.0000000E-99  1.0000000E-99
   97  5.6501904E+03  2.7392520E-02  2.1731502E+01  3.8352623E+23  2.3451606E-03  1.0000000E-99  1.0000000E-99
   98  5.7090358E+03  2.7677806E-02  2.1957830E+01  3.8351630E+23  2.3957093E-03  1.0000000E-99  1.0000000E-99
   99  5.7678811E+03  2.7963092E-02  2.2184158E+01  3.8350627E+23  2.4468008E-03  1.0000000E-99  1.0000000E-99
  100  5.8267265E+03  2.8248379E-02  2.2410487E+01  3.8349614E+23  2.4984353E-03  1.0000000E-99  1.0000000E-99
  101  5.8855719E+03  2.8533665E-02  2.2636815E+01  3.8348590E+23  2.5506131E-03  1.0000000E-99  1.0000000E-99
  102  5.9444172E+03  2.8818952E-02  2.2863143E+01  3.8347556E+23  2.6033343E-03  1.0000000E-99  1.0000000E-99
  103  6.0032626E+03  2.9104238E-02  2.3089471E+01  3.8346512E+23  2.6565990E-03  1.0000000E-99  1.0000000E-99
  104  6.0621079E+03  2.9389525E-02  2.3315800E+01  3.8345457E+23  2.7104074E-03  1.0000000E-99  1.0000000E-99
  105  6.1209533E+03  2.9674811E-02  2.3542128E+01  3.8344392E+23  2.7647597E-03  1.0000000E-99  1.0000000E-99
  106  6.1797987E+03  2.9960098E-02  2.3768456E+01  3.8343317E+23  2.8196561E-03  1.0000000E-99  1.0000000E-99
  107  6.2386440E+03  3.0245384E-02  2.3994785E+01  3.8342231E+23  2.8750968E-03  1.0000000E-99  1.0000000E-99
  108  6.2974894E+03  3.0530670E-02  2.4221113E+01  3.8341135E+23  2.9310819E-03  1.0000000E-99  1.0000000E-99
  109  6.3563347E+03  3.0815957E-02  2.4447441E+01  3.8340029E+23  2.9876116E-03  1.0000000E-99  1.0000000E-99
  110  6.4151801E+03  3.1101243E-02  2.4673770E+01  3.8338912E+23  3.0446861E-03  1.0000000E-99  1.0000000E-99
  111  6.4740255E+03  3.1386530E-02  2.4900098E+01  3.8337785E+23  3.1023055E-03  1.0000000E-99  1.0000000E-99
  112  6.5328708E+03  3.1671816E-02  2.5126426E+01  3.8336648E+23  3.1604702E-03  1.0000000E-99  1.0000000E-99
  113  6.5917162E+03  3.1957103E-02  2.5352755E+01  3.8335500E+23  3.2191802E-03  1.0000000E-99  1.0000000E-99
  114  6.6505615E+03  3.2242389E-02  2.5579083E+01  3.8334343E+23  3.2784357E-03  1.0000000E-99  1.0000000E-99
  115  6.7094069E+03  3.2527675E-02  2.5805411E+01  3.8333174E+23  3.3382370E-03  1.0000000E-99  1.0000000E-99
  116  6.7682523E+03  3.2812962E-02  2.6031739E+01  3.8331996E+23  3.3985843E-03  1.0000000E-99  1.0000000E-99
  117  6.8270976E+03  3.3098248E-02  2.6258068E+01  3.8330807E+23  3.4594776E-03  1.0000000E-99  1.0000000E-99
  118  6.8859430E+03  3.3383535E-02  2.6484396E+01  3.8329608E+23  3.5209173E-03  1.0000000E-99  1.0000000E-99
  119  6.9447883E+03  3.3668821E-02  2.6710724E+01  3.8328398E+23  3.5829035E-03  1.0000000E-99  1.0000000E-99
  120  7.0036337E+03  3.3954108E-02  2.6937053E+01  3.8327178E+23  3.6454364E-03  1.0000000E-99  1.0000000E-99
  121  7.0624791E+03  3.4239394E-02  2.7163381E+01  3.8325948E+23  3.7085163E-03  1.0000000E-99  1.0000000E-99
  122  7.1213244E+03  3.4524680E-02  2.7389709E+01  3.8324707E+23  3.7721433E-03  1.0000000E-99  1.0000000E-99
  123  7.1801698E+03  3.4809967E-02  2.7616038E+01  3.8323456E+23  3.8363176E-03  1.0000000E-99  1.0000000E-99
  124  7.2390151E+03  3.5095253E-02  2.7842366E+01  3.8322195E+23  3.9010395E-03  1.0000000E-99  1.0000000E-99
  125  7.2978605E+03  3.5380540E-02  2.8068694E+01  3.8320924E+23  3.9663092E-03  1.0000000E-99  1.0000000E-99
  126  7.3567059E+03  3.5665826E-02  2.8295023E+01  3.8319642E+23  4.0321268E-03  1.0000000E-99  1.0000000E-99
  127  7.4155512E+03  3.5951113E-02  2.8521351E+01  3.8318349E+23  4.0984926E-03  1.0000000E-99  1.0000000E-99
  128  7.4743966E+03  3.6236399E-02  2.8747679E+01  3.8317047E+23  4.1654068E-03  1.0000000E-99  1.0000000E-99
  129  7.5332420E+03  3.6521686E-02  2.8974008E+01  3.8315734E+23  4.2328696E-03  1.0000000E-99  1.0000000E-99
  130  7.5920873E+03  3.6806972E-02  2.9200336E+01  3.8314411E+23  4.3008813E-03  1.0000000E-99  1.0000000E-99
  131  7.6509327E+03  3.7092258E-02  2.9426664E+01  3.8313077E+23  4.3694420E-03  1.0000000E-99  1.0000000E-99
  132  7.7097780E+03  3.7377545E-02  2.9652992E+01  3.8311733E+23  4.4385520E-03  1.0000000E-99  1.0000000E-99
  133  7.7686234E+03  3.7662831E-02  2.9879321E+01  3.8310379E+23  4.5082116E-03  1.0000000E-99  1.0000000E-99
  134  7.8274688E+03  3.7948118E-02  3.0105649E+01  3.8309014E+23  4.5784208E-03  1.0000000E-99  1.0000000E-99
  135  7.8863141E+03  3.8233404E-02  3.0331977E+01  3.8307639E+23  4.6491800E-03  1.0000000E-99  1.0000000E-99
  136  7.9451595E+03  3.8518691E-02  3.0558306E+01  3.8306254E+23  4.7204894E-03  1.0000000E-99  1.0000000E-99
  137  8.0040048E+03  3.8803977E-02  3.0784634E+01  3.8304858E+23  4.7923493E-03  1.0000000E-99  1.0000000E-99
  138  8.0628502E+03  3.9089263E-02  3.1010962E+01  3.8303452E+23  4.8647598E-03  1.0000000E-99  1.0000000E-99
  139  8.1216956E+03  3.9374550E-02  3.1237291E+01  3.8302036E+23  4.9377211E-03  1.0000000E-99  1.0000000E-99
  140  8.1805409E+03  3.9659836E-02  3.1463619E+01  3.8300609E+23  5.0112337E-03  1.0000000E-99  1.0000000E-99
  141  8.2393863E+03  3.9945123E-02  3.1689947E+01  3.8299172E+23  5.0852976E-03  1.0000000E-99  1.0000000E-99
  142  8.2982316E+03  4.0230409E-02  3.1916276E+01  3.8297724E+23  5.1599131E-03  1.0000000E-99  1.0000000E-99
  143  8.3570770E+03  4.0515696E-02  3.2142604E+01  3.8296266E+23  5.2350804E-03  1.0000000E-99  1.0000000E-99
  144  8.4159224E+03  4.0800982E-02  3.2368932E+01  3.8294798E+23  5.3107999E-03  1.0000000E-99  1.0000000E-99
  145  8.4747677E+03  4.1086269E-02  3.2595260E+01  3.8293320E+23  5.3870717E-03  1.0000000E-99  1.0000000E-99
  146  8.5336131E+03  4.1371555E-02  3.2821589E+01  3.8291831E+23  5.4638961E-03  1.0000000E-99  1.0000000E-99
  147  8.5924584E+03  4.1656841E-02  3.3047917E+01  3.8290331E+23  5.5412734E-03  1.0000000E-99  1.0000000E-99
  148  8.6513038E+03  4.1942128E-02  3.3274245E+01  3.8288822E+23  5.6192037E-03  1.0000000E-99  1.0000000E-99
  149  8.7101492E+03  4.2227414E-02  3.3500574E+01  3.8287302E+23  5.6976875E-03  1.0000000E-99  1.0000000E-99
  150  8.7689945E+03  4.2512701E-02  3.3726902E+01  3.8285771E+23  5.7767248E-03  1.0000000E-99  1.0000000E-99
  151  8.8278399E+03  4.2797987E-02  3.3953230E+01  3.8284231E+23  5.8563160E-03  1.0000000E-99  1.0000000E-99
  152  8.8866852E+03  4.3083274E-02  3.4179559E+01  3.8282680E+23  5.9364613E-03  1.0000000E-99  1.0000000E-99
  153  8.9455306E+03  4.3368560E-02  3.4405887E+01  3.8281118E+23  6.0171610E-03  1.0000000E-99  1.0000000E-99
  154  9.0043760E+03  4.3653846E-02  3.4632215E+01  3.8279546E+23  6.0984154E-03  1.0000000E-99  1.0000000E-99
  155  9.0632213E+03  4.3939133E-02  3.4858544E+01  3.8277964E+23  6.1802247E-03  1.0000000E-99  1.0000000E-99
  156  9.1220667E+03  4.4224419E-02  3.5084872E+01  3.8276371E+23  6.2625892E-03  1.0000000E-99  1.0000000E-99
  157  9.1809120E+03  4.4509706E-02  3.5311200E+01  3.8274768E+23  6.3455092E-03  1.0000000E-99  1.0000000E-99
  158  9.2397574E+03  4.4794992E-02  3.5537528E+01  3.8273155E+23  6.4289849E-03  1.0000000E-99  1.0000000E-99
  159  9.2986028E+03  4.5080279E-02  3.5763857E+01  3.8271531E+23  6.5130165E-03  1.0000000E-99  1.0000000E-99
  160  9.3574481E+03  4.5365565E-02  3.5990185E+01  3.8269897E+23  6.5976045E-03  1.0000000E-99  1.0000000E-99
  161  9.4162935E+03  4.5650851E-02  3.6216513E+01  3.8268253E+23  6.6827490E-03  1.0000000E-99  1.0000000E-99
  162  9.4751388E+03  4.5936138E-02  3.6442842E+01  3.8266598E+23  6.7684504E-03  1.0000000E-99  1.0000000E-99
  163  9.5339842E+03  4.6221424E-02  3.6669170E+01  3.8264933E+23  6.8547088E-03  1.0000000E-99  1.0000000E-99
  164  9.5928296E+03  4.6506711E-02  3.6895498E+01  3.8263257E+23  6.9415247E-03  1.0000000E-99  1.0000000E-99
  165  9.6516749E+03  4.6791997E-02  3.7121827E+01  3.8261571E+23  7.0288982E-03  1.0000000E-99  1.0000000E-99
  166  9.7105203E+03  4.7077284E-02  3.7348155E+01  3.8259875E+23  7.1168297E-03  1.0000000E-99  1.0000000E-99
  167  9.7693656E+03  4.7362570E-02  3.7574483E+01  3.8258168E+23  7.2053195E-03  1.0000000E-99  1.0000000E-99
  168  9.8282110E+03  4.7647857E-02  3.7800812E+01  3.8256451E+23  7.2943678E-03  1.0000000E-99  1.0000000E-99
  169  9.8870564E+03  4.7933143E-02  3.8027140E+01  3.8254723E+23  7.3839750E-03  1.0000000E-99  1.0000000E-99
  170  9.9459017E+03  4.8218429E-02  3.8253468E+01  3.8252985E+23  7.4741413E-03  1.0000000E-99  1.0000000E-99
  171  1.0004747E+04  4.8503716E-02  3.8479796E+01  3.8251237E+23  7.5648670E-03  1.0000000E-99  1.0000000E-99
  172  1.0063592E+04  4.8789002E-02  3.8706125E+01  3.8249478E+23  7.6561525E-03  1.0000000E-99  1.0000000E-99
  173  1.0122438E+04  4.9074289E-02  3.8932453E+01  3.8247709E+23  7.7479979E-03  1.0000000E-99  1.0000000E-99
  174  1.0181283E+04  4.9359575E-02  3.9158781E+01  3.8245929E+23  7.8404037E-03  1.0000000E-99  1.0000000E-99
  175  1.0240129E+04  4.9644862E-02  3.9385110E+01  3.8244139E+23  7.9333702E-03  1.0000000E-99  1.0000000E-99
  176  1.0298974E+04  4.9930148E-02  3.9611438E+01  3.8242339E+23  8.0268975E-03  1.0000000E-99  1.0000000E-99
  177  1.0357819E+04  5.0215434E-02  3.9837766E+01  3.8240528E+23  8.1209862E-03  1.0000000E-99  1.0000000E-99
  178  1.0416665E+04  5.0500721E-02  4.0064095E+01  3.8238707E+23  8.2156363E-03  1.0000000E-99  1.0000000E-99
  179  1.0475510E+04  5.0786007E-02  4.0290423E+01  3.8236875E+23  8.3108484E-03  1.0000000E-99  1.0000000E-99
  180  1.0534355E+04  5.1071294E-02  4.0516751E+01  3.8235033E+23  8.4066226E-03  1.0000000E-99  1.0000000E-99
  181  1.0593201E+04  5.1356580E-02  4.0743080E+01  3.8233181E+23  8.5029593E-03  1.0000000E-99  1.0000000E-99
  182  1.0652046E+04  5.1641867E-02  4.0969408E+01  3.8231318E+23  8.5998588E-03  1.0000000E-99  1.0000000E-99
  183  1.0710891E+04  5.1927153E-02  4.1195736E+01  3.8229445E+23  8.6973215E-03  1.0000000E-99  1.0000000E-99
  184  1.0769737E+04  5.2212440E-02  4.1422064E+01  3.8227562E+23  8.7953476E-03  1.0000000E-99  1.0000000E-99
  185  1.0828582E+04  5.2497726E-02  4.1648393E+01  3.8225667E+23  8.8939375E-03  1.0000000E-99  1.0000000E-99
  186  1.0887427E+04  5.2783012E-02  4.1874721E+01  3.8223763E+23  8.9930915E-03  1.0000000E-99  1.0000000E-99
  187  1.0946273E+04  5.3068299E-02  4.2101049E+01  3.8221848E+23  9.0928099E-03  1.0000000E-99  1.0000000E-99
  188  1.1005118E+04  5.3353585E-02  4.2327378E+01  3.8219923E+23  9.1930931E-03  1.0000000E-99  1.0000000E-99
  189  1.1063964E+04  5.3638872E-02  4.2553706E+01  3.8217987E+23  9.2939413E-03  1.0000000E-99  1.0000000E-99
  190  1.1122809E+04  5.3924158E-02  4.2780034E+01  3.8216041E+23  9.3953550E-03  1.0000000E-99  1.0000000E-99
  191  1.1181654E+04  5.4209445E-02  4.3006363E+01  3.8214084E+23  9.4973344E-03  1.0000000E-99  1.0000000E-99
  192  1.1240500E+04  5.4494731E-02  4.3232691E+01  3.8212118E+23  9.5998800E-03  1.0000000E-99  1.0000000E-99
  193  1.1299345E+04  5.4780017E-02  4.3459019E+01  3.8210140E+23  9.7029919E-03  1.0000000E-99  1.0000000E-99
  194  1.1358190E+04  5.5065304E-02  4.3685348E+01  3.8208152E+23  9.8066707E-03  1.0000000E-99  1.0000000E-99
  195  1.1417036E+04  5.5350590E-02  4.3911676E+01  3.8206154E+23  9.9109165E-03  1.0000000E-99  1.0000000E-99
  196  1.1475881E+04  5.5635877E-02  4.4138004E+01  3.8204145E+23  1.0015730E-02  1.0000000E-99  1.0000000E-99
  197  1.1534726E+04  5.5921163E-02  4.4364333E+01  3.8202126E+23  1.0121111E-02  1.0000000E-99  1.0000000E-99
  198  1.1593572E+04  5.6206450E-02  4.4590661E+01  3.8200097E+23  1.0227060E-02  1.0000000E-99  1.0000000E-99
  199  1.1652417E+04  5.6491736E-02  4.4816989E+01  3.8198057E+23  1.0333578E-02  1.0000000E-99  1.0000000E-99
  200  1.1711263E+04  5.6777022E-02  4.5043317E+01  3.8196006E+23  1.0440665E-02  1.0000000E-99  1.0000000E-99
  201  1.1770108E+04  5.7062309E-02  4.5269646E+01  3.8193945E+23  1.0548320E-02  1.0000000E-99  1.0000000E-99
  202  1.1828953E+04  5.7347595E-02  4.5495974E+01  3.8191874E+23  1.0656546E-02  1.0000000E-99  1.0000000E-99
  203  1.1887799E+04  5.7632882E-02  4.5722302E+01  3.8189792E+23  1.0765341E-02  1.0000000E-99  1.0000000E-99
  204  1.1946644E+04  5.7918168E-02  4.5948631E+01  3.8187700E+23  1.0874707E-02  1.0000000E-99  1.0000000E-99
  205  1.2005489E+04  5.8203455E-02  4.6174959E+01  3.8185597E+23  1.0984643E-02  1.0000000E-99  1.0000000E-99
  206  1.2064335E+04  5.8488741E-02  4.6401287E+01  3.8183484E+23  1.1095150E-02  1.0000000E-99  1.0000000E-99
  207  1.2123180E+04  5.8774028E-02  4.6627616E+01  3.8181361E+23  1.1206229E-02  1.0000000E-99  1.0000000E-99
  208  1.2182025E+04  5.9059314E-02  4.6853944E+01  3.8179227E+23  1.1317879E-02  1.0000000E-99  1.0000000E-99
  209  1.2240871E+04  5.9344600E-02  4.7080272E+01  3.8177082E+23  1.1430102E-02  1.0000000E-99  1.0000000E-99
  210  1.2299716E+04  5.9629887E-02  4.7306601E+01  3.8174927E+23  1.1542897E-02  1.0000000E-99  1.0000000E-99
  211  1.2358561E+04  5.9915173E-02  4.7532929E+01  3.8172762E+23  1.1656265E-02  1.0000000E-99  1.0000000E-99
  212  1.2417407E+04  6.0200460E-02  4.7759257E+01  3.8170586E+23  1.1770206E-02  1.0000000E-99  1.0000000E-99
  213  1.2476252E+04  6.0485746E-02  4.7985585E+01  3.8168400E+23  1.1884721E-02  1.0000000E-99  1.0000000E-99
  214  1.2535098E+04  6.0771033E-02  4.8211914E+01  3.8166203E+23  1.1999810E-02  1.0000000E-99  1.0000000E-99
  215  1.2593943E+04  6.1056319E-02  4.8438242E+01  3.8163996E+23  1.2115473E-02  1.0000000E-99  1.0000000E-99
  216  1.2652788E+04  6.1341605E-02  4.8664570E+01  3.8161778E+23  1.2231711E-02  1.0000000E-99  1.0000000E-99
  217  1.2711634E+04  6.1626892E-02  4.8890899E+01  3.8159550E+23  1.2348524E-02  1.0000000E-99  1.0000000E-99
  218  1.2770479E+04  6.1912178E-02  4.9117227E+01  3.8157311E+23  1.2465912E-02  1.0000000E-99  1.0000000E-99
  219  1.2829324E+04  6.2197465E-02  4.9343555E+01  3.8155062E+23  1.2583877E-02  1.0000000E-99  1.0000000E-99
  220  1.2888170E+04  6.2482751E-02  4.9569884E+01  3.8152802E+23  1.2702418E-02  1.0000000E-99  1.0000000E-99
  221  1.2947015E+04  6.2768038E-02  4.9796212E+01  3.8150532E+23  1.2821536E-02  1.0000000E-99  1.0000000E-99
  222  1.3005860E+04  6.3053324E-02  5.0022540E+01  3.8148252E+23  1.2941230E-02  1.0000000E-99  1.0000000E-99
  223  1.3064706E+04  6.3338611E-02  5.0248869E+01  3.8145961E+23  1.3061503E-02  1.0000000E-99  1.0000000E-99
  224  1.3123551E+04  6.3623897E-02  5.0475197E+01  3.8143659E+23  1.3182353E-02  1.0000000E-99  1.0000000E-99
  225  1.3182397E+04  6.3909183E-02  5.0701525E+01  3.8141347E+23  1.3303781E-02  1.0000000E-99  1.0000000E-99
  226  1.3241242E+04  6.4194470E-02  5.0927853E+01  3.8139025E+23  1.3425789E-02  1.0000000E-99  1.0000000E-99
  227  1.3300087E+04  6.4479756E-02  5.1154182E+01  3.8136692E+23  1.3548375E-02  1.0000000E-99  1.0000000E-99
  228  1.3358933E+04  6.4765043E-02  5.1380510E+01  3.8134348E+23  1.3671541E-02  1.0000000E-99  1.0000000E-99
  229  1.3417778E+04  6.5050329E-02  5.1606838E+01  3.8131994E+23  1.3795287E-02  1.0000000E-99  1.0000000E-99
  230  1.3476623E+04  6.5335616E-02  5.1833167E+01  3.8129630E+23  1.3919613E-02  1.0000000E-99  1.0000000E-99
  231  1.3535469E+04  6.5620902E-02  5.2059495E+01  3.8127255E+23  1.4044520E-02  1.0000000E-99  1.0000000E-99
  232  1.3594314E+04  6.5906188E-02  5.2285823E+01  3.8124870E+23  1.4170009E-02  1.0000000E-99  1.0000000E-99
  233  1.3653159E+04  6.6191475E-02  5.2512152E+01  3.8122474E+23  1.4296079E-02  1.0000000E-99  1.0000000E-99
  234  1.3712005E+04  6.6476761E-02  5.2738480E+01  3.8120067E+23  1.4422731E-02  1.0000000E-99  1.0000000E-99
  235  1.3770850E+04  6.6762048E-02  5.2964808E+01  3.8117650E+23  1.4549965E-02  1.0000000E-99  1.0000000E-99
  236  1.3829696E+04  6.7047334E-02  5.3191137E+01  3.8115223E+23  1.4677783E-02  1.0000000E-99  1.0000000E-99
  237  1.3888541E+04  6.7332621E-02  5.3417465E+01  3.8112785E+23  1.4806183E-02  1.0000000E-99  1.0000000E-99
  238  1.3947386E+04  6.7617907E-02  5.3643793E+01  3.8110337E+23  1.4935168E-02  1.0000000E-99  1.0000000E-99
  239  1.4006232E+04  6.7903193E-02  5.3870121E+01  3.8107878E+23  1.5064737E-02  1.0000000E-99  1.0000000E-99
  240  1.4065077E+04  6.8188480E-02  5.4096450E+01  3.8105408E+23  1.5194890E-02  1.0000000E-99  1.0000000E-99
  241  1.4123922E+04  6.8473766E-02  5.4322778E+01  3.8102928E+23  1.5325628E-02  1.0000000E-99  1.0000000E-99
  242  1.4182768E+04  6.8759053E-02  5.4549106E+01  3.8100438E+23  1.5456952E-02  1.0000000E-99  1.0000000E-99
  243  1.4241613E+04  6.9044339E-02  5.4775435E+01  3.8097937E+23  1.5588862E-02  1.0000000E-99  1.0000000E-99
  244  1.4300458E+04  6.9329626E-02  5.5001763E+01  3.8095425E+23  1.5721358E-02  1.0000000E-99  1.0000000E-99
  245  1.4359304E+04  6.9614912E-02  5.5228091E+01  3.8092903E+23  1.5854442E-02  1.0000000E-99  1.0000000E-99
  246  1.4418149E+04  6.9900199E-02  5.5454420E+01  3.8090370E+23  1.5988112E-02  1.0000000E-99  1.0000000E-99
  247  1.4476994E+04  7.0185485E-02  5.5680748E+01  3.8087827E+23  1.6122370E-02  1.0000000E-99  1.0000000E-99
  248  1.4535840E+04  7.0470771E-02  5.5907076E+01  3.8085274E+23  1.6257216E-02  1.0000000E-99  1.0000000E-99
  249  1.4594685E+04  7.0756058E-02  5.6133405E+01  3.8082709E+23  1.6392651E-02  1.0000000E-99  1.0000000E-99
  250  1.4653531E+04  7.1041344E-02  5.6359733E+01  3.8080135E+23  1.6528675E-02  1.0000000E-99  1.0000000E-99
  251  1.4712376E+04  7.1326631E-02  5.6586061E+01  3.8077549E+23  1.6665289E-02  1.0000000E-99  1.0000000E-99
  252  1.4771221E+04  7.1611917E-02  5.6812390E+01  3.8074954E+23  1.6802493E-02  1.0000000E-99  1.0000000E-99
  253  1.4830067E+04  7.1897204E-02  5.7038718E+01  3.8072347E+23  1.6940287E-02  1.0000000E-99  1.0000000E-99
  254  1.4888912E+04  7.2182490E-02  5.7265046E+01  3.8069730E+23  1.7078672E-02  1.0000000E-99  1.0000000E-99
  255  1.4947757E+04  7.2467776E-02  5.7491374E+01  3.8067103E+23  1.7217648E-02  1.0000000E-99  1.0000000E-99
  256  1.5006603E+04  7.2753063E-02  5.7717703E+01  3.8064465E+23  1.7357216E-02  1.0000000E-99  1.0000000E-99
  257  1.5065448E+04  7.3038349E-02  5.7944031E+01  3.8061817E+23  1.7497377E-02  1.0000000E-99  1.0000000E-99
  258  1.5124293E+04  7.3323636E-02  5.8170359E+01  3.8059157E+23  1.7638131E-02  1.0000000E-99  1.0000000E-99
  259  1.5183139E+04  7.3608922E-02  5.8396688E+01  3.8056488E+23  1.7779478E-02  1.0000000E-99  1.0000000E-99
  260  1.5241984E+04  7.3894209E-02  5.8623016E+01  3.8053808E+23  1.7921418E-02  1.0000000E-99  1.0000000E-99
  261  1.5300830E+04  7.4179495E-02  5.8849344E+01  3.8051117E+23  1.8063953E-02  1.0000000E-99  1.0000000E-99
  262  1.5359675E+04  7.4464782E-02  5.9075673E+01  3.8048416E+23  1.8207083E-02  1.0000000E-99  1.0000000E-99
  263  1.5418520E+04  7.4750068E-02  5.9302001E+01  3.8045704E+23  1.8350808E-02  1.0000000E-99  1.0000000E-99
  264  1.5477366E+04  7.5035354E-02  5.9528329E+01  3.8042981E+23  1.8495128E-02  1.0000000E-99  1.0000000E-99
  265  1.5536211E+04  7.5320641E-02  5.9754658E+01  3.8040248E+23  1.8640045E-02  1.0000000E-99  1.0000000E-99
  266  1.5595056E+04  7.5605927E-02  5.9980986E+01  3.8037505E+23  1.8785558E-02  1.0000000E-99  1.0000000E-99
  267  1.5653902E+04  7.5891214E-02  6.0207314E+01  3.8034751E+23  1.8931669E-02  1.0000000E-99  1.0000000E-99
  268  1.5712747E+04  7.6176500E-02  6.0433642E+01  3.8031986E+23  1.9078377E-02  1.0000000E-99  1.0000000E-99
  269  1.5771592E+04  7.6461787E-02  6.0659971E+01  3.8029211E+23  1.9225684E-02  1.0000000E-99  1.0000000E-99
  270  1.5830438E+04  7.6747073E-02  6.0886299E+01  3.8026425E+23  1.9373589E-02  1.0000000E-99  1.0000000E-99
  271  1.5889283E+04  7.7032359E-02  6.1112627E+01  3.8023628E+23  1.9522094E-02  1.0000000E-99  1.0000000E-99
  272  1.5948128E+04  7.7317646E-02  6.1338956E+01  3.8020821E+23  1.9671198E-02  1.0000000E-99  1.0000000E-99
  273  1.6006974E+04  7.7602932E-02  6.1565284E+01  3.8018004E+23  1.9820902E-02  1.0000000E-99  1.0000000E-99
  274  1.6065819E+04  7.7888219E-02  6.1791612E+01  3.8015175E+23  1.9971207E-02  1.0000000E-99  1.0000000E-99
  275  1.6124665E+04  7.8173505E-02  6.2017941E+01  3.8012337E+23  2.0122114E-02  1.0000000E-99  1.0000000E-99
  276  1.6183510E+04  7.8458792E-02  6.2244269E+01  3.8009487E+23  2.0273622E-02  1.0000000E-99  1.0000000E-99
  277  1.6242355E+04  7.8744078E-02  6.2470597E+01  3.8006627E+23  2.0425732E-02  1.0000000E-99  1.0000000E-99
  278  1.6301201E+04  7.9029364E-02  6.2696926E+01  3.8003757E+23  2.0578445E-02  1.0000000E-99  1.0000000E-99
  279  1.6360046E+04  7.9314651E-02  6.2923254E+01  3.8000876E+23  2.0731761E-02  1.0000000E-99  1.0000000E-99
  280  1.6418891E+04  7.9599937E-02  6.3149582E+01  3.7997984E+23  2.0885681E-02  1.0000000E-99  1.0000000E-99
  281  1.6477737E+04  7.9885224E-02  6.3375910E+01  3.7995081E+23  2.1040206E-02  1.0000000E-99  1.0000000E-99
  282  1.6536582E+04  8.0170510E-02  6.3602239E+01  3.7992168E+23  2.1195335E-02  1.0000000E-99  1.0000000E-99
  283  1.6595427E+04  8.0455797E-02  6.3828567E+01  3.7989245E+23  2.1351070E-02  1.0000000E-99  1.0000000E-99
  284  1.6654273E+04  8.0741083E-02  6.4054895E+01  3.7986311E+23  2.1507411E-02  1.0000000E-99  1.0000000E-99
  285  1.6713118E+04  8.1026370E-02  6.4281224E+01  3.7983366E+23  2.1664358E-02  1.0000000E-99  1.0000000E-99
  286  1.6771964E+04  8.1311656E-02  6.4507552E+01  3.7980410E+23  2.1821912E-02  1.0000000E-99  1.0000000E-99
  287  1.6830809E+04  8.1596942E-02  6.4733880E+01  3.7977444E+23  2.1980074E-02  1.0000000E-99  1.0000000E-99
  288  1.6889654E+04  8.1882229E-02  6.4960209E+01  3.7974468E+23  2.2138843E-02  1.0000000E-99  1.0000000E-99
  289  1.6948500E+04  8.2167515E-02  6.5186537E+01  3.7971480E+23  2.2298222E-02  1.0000000E-99  1.0000000E-99
  290  1.7007345E+04  8.2452802E-02  6.5412865E+01  3.7968482E+23  2.2458210E-02  1.0000000E-99  1.0000000E-99
  291  1.7066190E+04  8.2738088E-02  6.5639194E+01  3.7965474E+23  2.2618807E-02  1.0000000E-99  1.0000000E-99
  292  1.7125036E+04  8.3023375E-02  6.5865522E+01  3.7962455E+23  2.2780014E-02  1.0000000E-99  1.0000000E-99
  293  1.7183881E+04  8.3308661E-02  6.6091850E+01  3.7959425E+23  2.2941833E-02  1.0000000E-99  1.0000000E-99
  294  1.7242726E+04  8.3593947E-02  6.6318178E+01  3.7956384E+23  2.3104263E-02  1.0000000E-99  1.0000000E-99
  295  1.7301572E+04  8.3879234E-02  6.6544507E+01  3.7953333E+23  2.3267304E-02  1.0000000E-99  1.0000000E-99
  296  1.7360417E+04  8.4164520E-02  6.6770835E+01  3.7950271E+23  2.3430959E-02  1.0000000E-99  1.0000000E-99
  297  1.7419262E+04  8.4449807E-02  6.6997163E+01  3.7947199E+23  2.3595226E-02  1.0000000E-99  1.0000000E-99
  298  1.7478108E+04  8.4735093E-02  6.7223492E+01  3.7944116E+23  2.3760107E-02  1.0000000E-99  1.0000000E-99
  299  1.7536953E+04  8.5020380E-02  6.7449820E+01  3.7941022E+23  2.3925602E-02  1.0000000E-99  1.0000000E-99
  300  1.7595799E+04  8.5305666E-02  6.7676148E+01  3.7937918E+23  2.4091712E-02  1.0000000E-99  1.0000000E-99
  301  1.7654644E+04  8.5590953E-02  6.7902477E+01  3.7934803E+23  2.4258437E-02  1.0000000E-99  1.0000000E-99
  302  1.7713489E+04  8.5876239E-02  6.8128805E+01  3.7931677E+23  2.4425779E-02  1.0000000E-99  1.0000000E-99
  303  1.7772335E+04  8.6161525E-02  6.8355133E+01  3.7928541E+23  2.4593736E-02  1.0000000E-99  1.0000000E-99
  304  1.7831180E+04  8.6446812E-02  6.8581462E+01  3.7925394E+23  2.4762311E-02  1.0000000E-99  1.0000000E-99
  305  1.7890025E+04  8.6732098E-02  6.8807790E+01  3.7922236E+23  2.4931504E-02  1.0000000E-99  1.0000000E-99
  306  1.7948871E+04  8.7017385E-02  6.9034118E+01  3.7919068E+23  2.5101314E-02  1.0000000E-99  1.0000000E-99
  307  1.8007716E+04  8.7302671E-02  6.9260447E+01  3.7915889E+23  2.5271744E-02  1.0000000E-99  1.0000000E-99
  308  1.8066561E+04  8.7587958E-02  6.9486775E+01  3.7912699E+23  2.5442793E-02  1.0000000E-99  1.0000000E-99
  309  1.8125407E+04  8.7873244E-02  6.9713103E+01  3.7909499E+23  2.5614461E-02  1.0000000E-99  1.0000000E-99
  310  1.8184252E+04  8.8158530E-02  6.9939431E+01  3.7906288E+23  2.5786751E-02  1.0000000E-99  1.0000000E-99
  311  1.8243098E+04  8.8443817E-02  7.0165760E+01  3.7903066E+23  2.5959662E-02  1.0000000E-99  1.0000000E-99
  312  1.8301943E+04  8.8729103E-02  7.0392088E+01  3.7899834E+23  2.6133194E-02  1.0000000E-99  1.0000000E-99
  313  1.8360788E+04  8.9014390E-02  7.0618416E+01  3.7896591E+23  2.6307349E-02  1.0000000E-99  1.0000000E-99
  314  1.8419634E+04  8.9299676E-02  7.0844745E+01  3.7893337E+23  2.6482127E-02  1.0000000E-99  1.0000000E-99
  315  1.8478479E+04  8.9584963E-02  7.1071073E+01  3.7890073E+23  2.6657529E-02  1.0000000E-99  1.0000000E-99
  316  1.8537324E+04  8.9870249E-02  7.1297401E+01  3.7886797E+23  2.6833554E-02  1.0000000E-99  1.0000000E-99
  317  1.8596170E+04  9.0155535E-02  7.1523730E+01  3.7883512E+23  2.7010205E-02  1.0000000E-99  1.0000000E-99
  318  1.8655015E+04  9.0440822E-02  7.1750058E+01  3.7880215E+23  2.7187481E-02  1.0000000E-99  1.0000000E-99
  319  1.8713860E+04  9.0726108E-02  7.1976386E+01  3.7876908E+23  2.7365383E-02  1.0000000E-99  1.0000000E-99
  320  1.8772706E+04  9.1011395E-02  7.2202715E+01  3.7873590E+23  2.7543912E-02  1.0000000E-99  1.0000000E-99
  321  1.8831551E+04  9.1296681E-02  7.2429043E+01  3.7870261E+23  2.7723068E-02  1.0000000E-99  1.0000000E-99
  322  1.8890396E+04  9.1581968E-02  7.2655371E+01  3.7866922E+23  2.7902852E-02  1.0000000E-99  1.0000000E-99
  323  1.8949242E+04  9.1867254E-02  7.2881699E+01  3.7863572E+23  2.8083264E-02  1.0000000E-99  1.0000000E-99
  324  1.9008087E+04  9.2152541E-02  7.3108028E+01  3.7860211E+23  2.8264306E-02  1.0000000E-99  1.0000000E-99
  325  1.9066933E+04  9.2437827E-02  7.3334356E+01  3.7856839E+23  2.8445978E-02  1.0000000E-99  1.0000000E-99
  326  1.9125778E+04  9.2723113E-02  7.3560684E+01  3.7853457E+23  2.8628280E-02  1.0000000E-99  1.0000000E-99
  327  1.9184623E+04  9.3008400E-02  7.3787013E+01  3.7850064E+23  2.8811213E-02  1.0000000E-99  1.0000000E-99
  328  1.9243469E+04  9.3293686E-02  7.4013341E+01  3.7846660E+23  2.8994777E-02  1.0000000E-99  1.0000000E-99
  329  1.9302314E+04  9.3578973E-02  7.4239669E+01  3.7843246E+23  2.9178974E-02  1.0000000E-99  1.0000000E-99
  330  1.9361159E+04  9.3864259E-02  7.4465998E+01  3.7839821E+23  2.9363805E-02  1.0000000E-99  1.0000000E-99
  331  1.9420005E+04  9.4149546E-02  7.4692326E+01  3.7836385E+23  2.9549268E-02  1.0000000E-99  1.0000000E-99
  332  1.9478850E+04  9.4434832E-02  7.4918654E+01  3.7832938E+23  2.9735366E-02  1.0000000E-99  1.0000000E-99
  333  1.9537695E+04  9.4720118E-02  7.5144983E+01  3.7829481E+23  2.9922099E-02  1.0000000E-99  1.0000000E-99
  334  1.9596541E+04  9.5005405E-02  7.5371311E+01  3.7826013E+23  3.0109468E-02  1.0000000E-99  1.0000000E-99
  335  1.9655386E+04  9.5290691E-02  7.5597639E+01  3.7822534E+23  3.0297473E-02  1.0000000E-99  1.0000000E-99
  336  1.9714232E+04  9.5575978E-02  7.5823967E+01  3.7819044E+23  3.0486115E-02  1.0000000E-99  1.0000000E-99
  337  1.9773077E+04  9.5861264E-02  7.6050296E+01  3.7815544E+23  3.0675394E-02  1.0000000E-99  1.0000000E-99
  338  1.9831922E+04  9.6146551E-02  7.6276624E+01  3.7812033E+23  3.0865312E-02  1.0000000E-99  1.0000000E-99
  339  1.9890768E+04  9.6431837E-02  7.6502952E+01  3.7808511E+23  3.1055869E-02  1.0000000E-99  1.0000000E-99
  340  1.9949613E+04  9.6717124E-02  7.6729281E+01  3.7804978E+23  3.1247065E-02  1.0000000E-99  1.0000000E-99
  341  2.0008458E+04  9.7002410E-02  7.6955609E+01  3.7801434E+23  3.1438901E-02  1.0000000E-99  1.0000000E-99
  342  2.0067304E+04  9.7287696E-02  7.7181937E+01  3.7797880E+23  3.1631379E-02  1.0000000E-99  1.0000000E-99
  343  2.0126149E+04  9.7572983E-02  7.7408266E+01  3.7794315E+23  3.1824498E-02  1.0000000E-99  1.0000000E-99
  344  2.0184994E+04  9.7858269E-02  7.7634594E+01  3.7790739E+23  3.2018259E-02  1.0000000E-99  1.0000000E-99
  345  2.0243840E+04  9.8143556E-02  7.7860922E+01  3.7787153E+23  3.2212663E-02  1.0000000E-99  1.0000000E-99
  346  2.0302685E+04  9.8428842E-02  7.8087251E+01  3.7783555E+23  3.2407711E-02  1.0000000E-99  1.0000000E-99
  347  2.0361531E+04  9.8714129E-02  7.8313579E+01  3.7779947E+23  3.2603403E-02  1.0000000E-99  1.0000000E-99
  348  2.0420376E+04  9.8999415E-02  7.8539907E+01  3.7776328E+23  3.2799741E-02  1.0000000E-99  1.0000000E-99
  349  2.0479221E+04  9.9284701E-02  7.8766235E+01  3.7772699E+23  3.2996724E-02  1.0000000E-99  1.0000000E-99
  350  2.0538067E+04  9.9569988E-02  7.8992564E+01  3.7769058E+23  3.3194353E-02  1.0000000E-99  1.0000000E-99
  351  2.0596912E+04  9.9855274E-02  7.9218892E+01  3.7765407E+23  3.3392630E-02  1.0000000E-99  1.0000000E-99
  352  2.0655757E+04  1.0014056E-01  7.9445220E+01  3.7761745E+23  3.3591554E-02  1.0000000E-99  1.0000000E-99
  353  2.0714603E+04  1.0042585E-01  7.9671549E+01  3.7758072E+23  3.3791127E-02  1.0000000E-99  1.0000000E-99
  354  2.0773448E+04  1.0071113E-01  7.9897877E+01  3.7754388E+23  3.3991349E-02  1.0000000E-99  1.0000000E-99
  355  2.0832293E+04  1.0099642E-01  8.0124205E+01  3.7750694E+23  3.4192221E-02  1.0000000E-99  1.0000000E-99
  356  2.0891139E+04  1.0128171E-01  8.0350534E+01  3.7746988E+23  3.4393744E-02  1.0000000E-99  1.0000000E-99
  357  2.0949984E+04  1.0156699E-01  8.0576862E+01  3.7743272E+23  3.4595918E-02  1.0000000E-99  1.0000000E-99
  358  2.1008829E+04  1.0185228E-01  8.0803190E+01  3.7739545E+23  3.4798745E-02  1.0000000E-99  1.0000000E-99
  359  2.1067675E+04  1.0213757E-01  8.1029519E+01  3.7735807E+23  3.5002224E-02  1.0000000E-99  1.0000000E-99
  360  2.1126520E+04  1.0242285E-01  8.1255847E+01  3.7732059E+23  3.5206357E-02  1.0000000E-99  1.0000000E-99
  361  2.1185366E+04  1.0270814E-01  8.1482175E+01  3.7728299E+23  3.5411143E-02  1.0000000E-99  1.0000000E-99
  362  2.1244211E+04  1.0299343E-01  8.1708504E+01  3.7724529E+23  3.5616585E-02  1.0000000E-99  1.0000000E-99
  363  2.1303056E+04  1.0327871E-01  8.1934832E+01  3.7720748E+23  3.5822683E-02  1.0000000E-99  1.0000000E-99
  364  2.1361902E+04  1.0356400E-01  8.2161160E+01  3.7716956E+23  3.6029437E-02  1.0000000E-99  1.0000000E-99
  365  2.1420747E+04  1.0384928E-01  8.2387488E+01  3.7713153E+23  3.6236849E-02  1.0000000E-99  1.0000000E-99
  366  2.1479592E+04  1.0413457E-01  8.2613817E+01  3.7709339E+23  3.6444918E-02  1.0000000E-99  1.0000000E-99
  367  2.1538438E+04  1.0441986E-01  8.2840145E+01  3.7705515E+23  3.6653646E-02  1.0000000E-99  1.0000000E-99
  368  2.1597283E+04  1.0470514E-01  8.3066473E+01  3.7701679E+23  3.6863033E-02  1.0000000E-99  1.0000000E-99
  369  2.1656128E+04  1.0499043E-01  8.3292802E+01  3.7697833E+23  3.7073081E-02  1.0000000E-99  1.0000000E-99
  370  2.1714974E+04  1.0527572E-01  8.3519130E+01  3.7693976E+23  3.7283789E-02  1.0000000E-99  1.0000000E-99
  371  2.1773819E+04  1.0556100E-01  8.3745458E+01  3.7690108E+23  3.7495159E-02  1.0000000E-99  1.0000000E-99
  372  2.1832665E+04  1.0584629E-01  8.3971787E+01  3.7686229E+23  3.7707192E-02  1.0000000E-99  1.0000000E-99
  373  2.1891510E+04  1.0613158E-01  8.4198115E+01  3.7682339E+23  3.7919888E-02  1.0000000E-99  1.0000000E-99
  374  2.1950355E+04  1.0641686E-01  8.4424443E+01  3.7678439E+23  3.8133247E-02  1.0000000E-99  1.0000000E-99
  375  2.2009201E+04  1.0670215E-01  8.4650772E+01  3.7674527E+23  3.8347272E-02  1.0000000E-99  1.0000000E-99
  376  2.2068046E+04  1.0698744E-01  8.4877100E+01  3.7670605E+23  3.8561962E-02  1.0000000E-99  1.0000000E-99
  377  2.2126891E+04  1.0727272E-01  8.5103428E+01  3.7666672E+23  3.8777318E-02  1.0000000E-99  1.0000000E-99
  378  2.2185737E+04  1.0755801E-01  8.5329756E+01  3.7662728E+23  3.8993341E-02  1.0000000E-99  1.0000000E-99
  379  2.2244582E+04  1.0784329E-01  8.5556085E+01  3.7658773E+23  3.9210032E-02  1.0000000E-99  1.0000000E-99
  380  2.2303427E+04  1.0812858E-01  8.5782413E+01  3.7654807E+23  3.9427392E-02  1.0000000E-99  1.0000000E-99
  381  2.2362273E+04  1.0841387E-01  8.6008741E+01  3.7650830E+23  3.9645421E-02  1.0000000E-99  1.0000000E-99
  382  2.2421118E+04  1.0869915E-01  8.6235070E+01  3.7646842E+23  3.9864120E-02  1.0000000E-99  1.0000000E-99
  383  2.2479963E+04  1.0898444E-01  8.6461398E+01  3.7642844E+23  4.0083491E-02  1.0000000E-99  1.0000000E-99
  384  2.2538809E+04  1.0926973E-01  8.6687726E+01  3.7638834E+23  4.0303533E-02  1.0000000E-99  1.0000000E-99
  385  2.2597654E+04  1.0955501E-01  8.6914055E+01  3.7634814E+23  4.0524247E-02  1.0000000E-99  1.0000000E-99
  386  2.2656500E+04  1.0984030E-01  8.7140383E+01  3.7630783E+23  4.0745635E-02  1.0000000E-99  1.0000000E-99
  387  2.2715345E+04  1.1012559E-01  8.7366711E+01  3.7626740E+23  4.0967697E-02  1.0000000E-99  1.0000000E-99
  388  2.2774190E+04  1.1041087E-01  8.7593040E+01  3.7622687E+23  4.1190434E-02  1.0000000E-99  1.0000000E-99
  389  2.2833036E+04  1.1069616E-01  8.7819368E+01  3.7618623E+23  4.1413846E-02  1.0000000E-99  1.0000000E-99
  390  2.2891881E+04  1.1098145E-01  8.8045696E+01  3.7614548E+23  4.1637935E-02  1.0000000E-99  1.0000000E-99
  391  2.2950726E+04  1.1126673E-01  8.8272024E+01  3.7610462E+23  4.1862702E-02  1.0000000E-99  1.0000000E-99
  392  2.3009572E+04  1.1155202E-01  8.8498353E+01  3.7606365E+23  4.2088146E-02  1.0000000E-99  1.0000000E-99
  393  2.3068417E+04  1.1183730E-01  8.8724681E+01  3.7602258E+23  4.2314270E-02  1.0000000E-99  1.0000000E-99
  394  2.3127262E+04  1.1212259E-01  8.8951009E+01  3.7598139E+23  4.2541074E-02  1.0000000E-99  1.0000000E-99
  395  2.3186108E+04  1.1240788E-01  8.9177338E+01  3.7594009E+23  4.2768558E-02  1.0000000E-99  1.0000000E-99
  396  2.3244953E+04  1.1269316E-01  8.9403666E+01  3.7589868E+23  4.2996723E-02  1.0000000E-99  1.0000000E-99
  397  2.3303799E+04  1.1297845E-01  8.9629994E+01  3.7585717E+23  4.3225571E-02  1.0000000E-99  1.0000000E-99
  398  2.3362644E+04  1.1326374E-01  8.9856323E+01  3.7581554E+23  4.3455102E-02  1.0000000E-99  1.0000000E-99
  399  2.3421489E+04  1.1354902E-01  9.0082651E+01  3.7577381E+23  4.3685317E-02  1.0000000E-99  1.0000000E-99
  400  2.3480335E+04  1.1383431E-01  9.0308979E+01  3.7573196E+23  4.3916217E-02  1.0000000E-99  1.0000000E-99
  401  2.3539180E+04  1.1411960E-01  9.0535308E+01  3.7569001E+23  4.4147802E-02  1.0000000E-99  1.0000000E-99
  402  2.3598025E+04  1.1440488E-01  9.0761636E+01  3.7564794E+23  4.4380074E-02  1.0000000E-99  1.0000000E-99
  403  2.3656871E+04  1.1469017E-01  9.0987964E+01  3.7560577E+23  4.4613033E-02  1.0000000E-99  1.0000000E-99
  404  2.3715716E+04  1.1497546E-01  9.1214292E+01  3.7556349E+23  4.4846681E-02  1.0000000E-99  1.0000000E-99
  405  2.3774561E+04  1.1526074E-01  9.1440621E+01  3.7552109E+23  4.5081017E-02  1.0000000E-99  1.0000000E-99
  406  2.3833407E+04  1.1554603E-01  9.1666949E+01  3.7547859E+23  4.5316044E-02  1.0000000E-99  1.0000000E-99
  407  2.3892252E+04  1.1583131E-01  9.1893277E+01  3.7543597E+23  4.5551761E-02  1.0000000E-99  1.0000000E-99
  408  2.3951097E+04  1.1611660E-01  9.2119606E+01  3.7539325E+23  4.5788170E-02  1.0000000E-99  1.0000000E-99
  409  2.4009943E+04  1.1640189E-01  9.2345934E+01  3.7535042E+23  4.6025271E-02  1.0000000E-99  1.0000000E-99
  410  2.4068788E+04  1.1668717E-01  9.2572262E+01  3.7530747E+23  4.6263065E-02  1.0000000E-99  1.0000000E-99
  411  2.4127634E+04  1.1697246E-01  9.2798591E+01  3.7526442E+23  4.6501554E-02  1.0000000E-99  1.0000000E-99
  412  2.4186479E+04  1.1725775E-01  9.3024919E+01  3.7522126E+23  4.6740738E-02  1.0000000E-99  1.0000000E-99
  413  2.4245324E+04  1.1754303E-01  9.3251247E+01  3.7517798E+23  4.6980618E-02  1.0000000E-99  1.0000000E-99
  414  2.4304170E+04  1.1782832E-01  9.3477576E+01  3.7513460E+23  4.7221195E-02  1.0000000E-99  1.0000000E-99
  415  2.4363015E+04  1.1811361E-01  9.3703904E+01  3.7509110E+23  4.7462469E-02  1.0000000E-99  1.0000000E-99
  416  2.4421860E+04  1.1839889E-01  9.3930232E+01  3.7504750E+23  4.7704442E-02  1.0000000E-99  1.0000000E-99
  417  2.4480706E+04  1.1868418E-01  9.4156561E+01  3.7500379E+23  4.7947115E-02  1.0000000E-99  1.0000000E-99
  418  2.4539551E+04  1.1896947E-01  9.4382889E+01  3.7495996E+23  4.8190488E-02  1.0000000E-99  1.0000000E-99
  419  2.4598396E+04  1.1925475E-01  9.4609217E+01  3.7491603E+23  4.8434562E-02  1.0000000E-99  1.0000000E-99
  420  2.4657242E+04  1.1954004E-01  9.4835545E+01  3.7487198E+23  4.8679339E-02  1.0000000E-99  1.0000000E-99
  421  2.4716087E+04  1.1982532E-01  9.5061874E+01  3.7482782E+23  4.8924819E-02  1.0000000E-99  1.0000000E-99
  422  2.4774933E+04  1.2011061E-01  9.5288202E+01  3.7478356E+23  4.9171003E-02  1.0000000E-99  1.0000000E-99
  423  2.4833778E+04  1.2039590E-01  9.5514530E+01  3.7473918E+23  4.9417891E-02  1.0000000E-99  1.0000000E-99
  424  2.4892623E+04  1.2068118E-01  9.5740859E+01  3.7469469E+23  4.9665486E-02  1.0000000E-99  1.0000000E-99
  425  2.4951469E+04  1.2096647E-01  9.5967187E+01  3.7465009E+23  4.9913787E-02  1.0000000E-99  1.0000000E-99
  426  2.5010314E+04  1.2125176E-01  9.6193515E+01  3.7460538E+23  5.0162796E-02  1.0000000E-99  1.0000000E-99
  427  2.5069159E+04  1.2153704E-01  9.6419844E+01  3.7456057E+23  5.0412514E-02  1.0000000E-99  1.0000000E-99
  428  2.5128005E+04  1.2182233E-01  9.6646172E+01  3.7451563E+23  5.0662941E-02  1.0000000E-99  1.0000000E-99
  429  2.5186850E+04  1.2210762E-01  9.6872500E+01  3.7447059E+23  5.0914079E-02  1.0000000E-99  1.0000000E-99
  430  2.5245695E+04  1.2239290E-01  9.7098829E+01  3.7442544E+23  5.1165928E-02  1.0000000E-99  1.0000000E-99
  431  2.5304541E+04  1.2267819E-01  9.7325157E+01  3.7438018E+23  5.1418489E-02  1.0000000E-99  1.0000000E-99
  432  2.5363386E+04  1.2296348E-01  9.7551485E+01  3.7433481E+23  5.1671764E-02  1.0000000E-99  1.0000000E-99
  433  2.5422231E+04  1.2324876E-01  9.7777813E+01  3.7428932E+23  5.1925753E-02  1.0000000E-99  1.0000000E-99
  434  2.5481077E+04  1.2353405E-01  9.8004142E+01  3.7424373E+23  5.2180457E-02  1.0000000E-99  1.0000000E-99
  435  2.5539922E+04  1.2381933E-01  9.8230470E+01  3.7419802E+23  5.2435877E-02  1.0000000E-99  1.0000000E-99
  436  2.5598768E+04  1.2410462E-01  9.8456798E+01  3.7415220E+23  5.2692015E-02  1.0000000E-99  1.0000000E-99
  437  2.5657613E+04  1.2438991E-01  9.8683127E+01  3.7410627E+23  5.2948870E-02  1.0000000E-99  1.0000000E-99
  438  2.5716458E+04  1.2467519E-01  9.8909455E+01  3.7406023E+23  5.3206445E-02  1.0000000E-99  1.0000000E-99
  439  2.5775304E+04  1.2496048E-01  9.9135783E+01  3.7401408E+23  5.3464739E-02  1.0000000E-99  1.0000000E-99
  440  2.5834149E+04  1.2524577E-01  9.9362112E+01  3.7396782E+23  5.3723754E-02  1.0000000E-99  1.0000000E-99
  441  2.5892994E+04  1.2553105E-01  9.9588440E+01  3.7392145E+23  5.3983491E-02  1.0000000E-99  1.0000000E-99
  442  2.5951840E+04  1.2581634E-01  9.9814768E+01  3.7387496E+23  5.4243951E-02  1.0000000E-99  1.0000000E-99
  443  2.6010685E+04  1.2610163E-01  1.0004110E+02  3.7382837E+23  5.4505135E-02  1.0000000E-99  1.0000000E-99
  444  2.6069530E+04  1.2638691E-01  1.0026742E+02  3.7378166E+23  5.4767044E-02  1.0000000E-99  1.0000000E-99
  445  2.6128376E+04  1.2667220E-01  1.0049375E+02  3.7373484E+23  5.5029678E-02  1.0000000E-99  1.0000000E-99
  446  2.6187221E+04  1.2695749E-01  1.0072008E+02  3.7368791E+23  5.5293040E-02  1.0000000E-99  1.0000000E-99
  447  2.6246067E+04  1.2724277E-01  1.0094641E+02  3.7364087E+23  5.5557129E-02  1.0000000E-99  1.0000000E-99
  448  2.6304912E+04  1.2752806E-01  1.0117274E+02  3.7359371E+23  5.5821947E-02  1.0000000E-99  1.0000000E-99
  449  2.6363757E+04  1.2781335E-01  1.0139907E+02  3.7354645E+23  5.6087494E-02  1.0000000E-99  1.0000000E-99
  450  2.6422603E+04  1.2809863E-01  1.0162539E+02  3.7349907E+23  5.6353773E-02  1.0000000E-99  1.0000000E-99
  451  2.6481448E+04  1.2838392E-01  1.0185172E+02  3.7345158E+23  5.6620783E-02  1.0000000E-99  1.0000000E-99
  452  2.6540293E+04  1.2866920E-01  1.0207805E+02  3.7340399E+23  5.6888526E-02  1.0000000E-99  1.0000000E-99
  453  2.6599139E+04  1.2895449E-01  1.0230438E+02  3.7335627E+23  5.7157003E-02  1.0000000E-99  1.0000000E-99
  454  2.6657984E+04  1.2923978E-01  1.0253071E+02  3.7330845E+23  5.7426214E-02  1.0000000E-99  1.0000000E-99
  455  2.6716829E+04  1.2952506E-01  1.0275704E+02  3.7326051E+23  5.7696162E-02  1.0000000E-99  1.0000000E-99
  456  2.6775675E+04  1.2981035E-01  1.0298336E+02  3.7321247E+23  5.7966846E-02  1.0000000E-99  1.0000000E-99
  457  2.6834520E+04  1.3009564E-01  1.0320969E+02  3.7316431E+23  5.8238269E-02  1.0000000E-99  1.0000000E-99
  458  2.6893366E+04  1.3038092E-01  1.0343602E+02  3.7311604E+23  5.8510430E-02  1.0000000E-99  1.0000000E-99
  459  2.6952211E+04  1.3066621E-01  1.0366235E+02  3.7306766E+23  5.8783331E-02  1.0000000E-99  1.0000000E-99
  460  2.7011056E+04  1.3095150E-01  1.0388868E+02  3.7301916E+23  5.9056973E-02  1.0000000E-99  1.0000000E-99
  461  2.7069902E+04  1.3123678E-01  1.0411501E+02  3.7297055E+23  5.9331357E-02  1.0000000E-99  1.0000000E-99
  462  2.7128747E+04  1.3152207E-01  1.0434133E+02  3.7292183E+23  5.9606484E-02  1.0000000E-99  1.0000000E-99
  463  2.7187592E+04  1.3180736E-01  1.0456766E+02  3.7287300E+23  5.9882355E-02  1.0000000E-99  1.0000000E-99
  464  2.7246438E+04  1.3209264E-01  1.0479399E+02  3.7282406E+23  6.0158972E-02  1.0000000E-99  1.0000000E-99
  465  2.7305283E+04  1.3237793E-01  1.0502032E+02  3.7277500E+23  6.0436335E-02  1.0000000E-99  1.0000000E-99
  466  2.7364128E+04  1.3266321E-01  1.0524665E+02  3.7272583E+23  6.0714445E-02  1.0000000E-99  1.0000000E-99
  467  2.7422974E+04  1.3294850E-01  1.0547298E+02  3.7267655E+23  6.0993303E-02  1.0000000E-99  1.0000000E-99
  468  2.7481819E+04  1.3323379E-01  1.0569930E+02  3.7262716E+23  6.1272911E-02  1.0000000E-99  1.0000000E-99
  469  2.7540664E+04  1.3351907E-01  1.0592563E+02  3.7257766E+23  6.1553269E-02  1.0000000E-99  1.0000000E-99
  470  2.7599510E+04  1.3380436E-01  1.0615196E+02  3.7252804E+23  6.1834379E-02  1.0000000E-99  1.0000000E-99
  471  2.7658355E+04  1.3408965E-01  1.0637829E+02  3.7247831E+23  6.2116241E-02  1.0000000E-99  1.0000000E-99
  472  2.7717201E+04  1.3437493E-01  1.0660462E+02  3.7242846E+23  6.2398857E-02  1.0000000E-99  1.0000000E-99
  473  2.7776046E+04  1.3466022E-01  1.0683095E+02  3.7237851E+23  6.2682228E-02  1.0000000E-99  1.0000000E-99
  474  2.7834891E+04  1.3494551E-01  1.0705727E+02  3.7232844E+23  6.2966355E-02  1.0000000E-99  1.0000000E-99
  475  2.7893737E+04  1.3523079E-01  1.0728360E+02  3.7227826E+23  6.3251238E-02  1.0000000E-99  1.0000000E-99
  476  2.7952582E+04  1.3551608E-01  1.0750993E+02  3.7222796E+23  6.3536880E-02  1.0000000E-99  1.0000000E-99
  477  2.8011427E+04  1.3580137E-01  1.0773626E+02  3.7217756E+23  6.3823281E-02  1.0000000E-99  1.0000000E-99
  478  2.8070273E+04  1.3608665E-01  1.0796259E+02  3.7212704E+23  6.4110442E-02  1.0000000E-99  1.0000000E-99
  479  2.8129118E+04  1.3637194E-01  1.0818892E+02  3.7207641E+23  6.4398365E-02  1.0000000E-99  1.0000000E-99
  480  2.8187963E+04  1.3665722E-01  1.0841524E+02  3.7202566E+23  6.4687050E-02  1.0000000E-99  1.0000000E-99
  481  2.8246809E+04  1.3694251E-01  1.0864157E+02  3.7197480E+23  6.4976499E-02  1.0000000E-99  1.0000000E-99
  482  2.8305654E+04  1.3722780E-01  1.0886790E+02  3.7192383E+23  6.5266712E-02  1.0000000E-99  1.0000000E-99
  483  2.8364500E+04  1.3751308E-01  1.0909423E+02  3.7187275E+23  6.5557691E-02  1.0000000E-99  1.0000000E-99
  484  2.8423345E+04  1.3779837E-01  1.0932056E+02  3.7182155E+23  6.5849438E-02  1.0000000E-99  1.0000000E-99
  485  2.8482190E+04  1.3808366E-01  1.0954689E+02  3.7177024E+23  6.6141952E-02  1.0000000E-99  1.0000000E-99
  486  2.8541036E+04  1.3836894E-01  1.0977321E+02  3.7171881E+23  6.6435235E-02  1.0000000E-99  1.0000000E-99
  487  2.8599881E+04  1.3865423E-01  1.0999954E+02  3.7166728E+23  6.6729289E-02  1.0000000E-99  1.0000000E-99
  488  2.8658726E+04  1.3893952E-01  1.1022587E+02  3.7161563E+23  6.7024115E-02  1.0000000E-99  1.0000000E-99
  489  2.8717572E+04  1.3922480E-01  1.1045220E+02  3.7156386E+23  6.7319713E-02  1.0000000E-99  1.0000000E-99
  490  2.8776417E+04  1.3951009E-01  1.1067853E+02  3.7151198E+23  6.7616085E-02  1.0000000E-99  1.0000000E-99
  491  2.8835262E+04  1.3979538E-01  1.1090486E+02  3.7145999E+23  6.7913231E-02  1.0000000E-99  1.0000000E-99
  492  2.8894108E+04  1.4008066E-01  1.1113118E+02  3.7140789E+23  6.8211154E-02  1.0000000E-99  1.0000000E-99
  493  2.8952953E+04  1.4036595E-01  1.1135751E+02  3.7135567E+23  6.8509855E-02  1.0000000E-99  1.0000000E-99
  494  2.9011798E+04  1.4065123E-01  1.1158384E+02  3.7130334E+23  6.8809333E-02  1.0000000E-99  1.0000000E-99
  495  2.9070644E+04  1.4093652E-01  1.1181017E+02  3.7125089E+23  6.9109591E-02  1.0000000E-99  1.0000000E-99
  496  2.9129489E+04  1.4122181E-01  1.1203650E+02  3.7119834E+23  6.9410630E-02  1.0000000E-99  1.0000000E-99
  497  2.9188335E+04  1.4150709E-01  1.1226283E+02  3.7114566E+23  6.9712451E-02  1.0000000E-99  1.0000000E-99
  498  2.9247180E+04  1.4179238E-01  1.1248915E+02  3.7109288E+23  7.0015055E-02  1.0000000E-99  1.0000000E-99
  499  2.9306025E+04  1.4207767E-01  1.1271548E+02  3.7103998E+23  7.0318444E-02  1.0000000E-99  1.0000000E-99
  500  2.9364871E+04  1.4236295E-01  1.1294181E+02  3.7098696E+23  7.0622618E-02  1.0000000E-99  1.0000000E-99
  501  2.9423716E+04  1.4264824E-01  1.1316814E+02  3.7093383E+23  7.0927578E-02  1.0000000E-99  1.0000000E-99
  502  2.9482561E+04  1.4293353E-01  1.1339447E+02  3.7088059E+23  7.1233327E-02  1.0000000E-99  1.0000000E-99
  503  2.9541407E+04  1.4321881E-01  1.1362080E+02  3.7082724E+23  7.1539864E-02  1.0000000E-99  1.0000000E-99
  504  2.9600252E+04  1.4350410E-01  1.1384712E+02  3.7077376E+23  7.1847192E-02  1.0000000E-99  1.0000000E-99
  505  2.9659097E+04  1.4378939E-01  1.1407345E+02  3.7072018E+23  7.2155312E-02  1.0000000E-99  1.0000000E-99
  506  2.9717943E+04  1.4407467E-01  1.1429978E+02  3.7066648E+23  7.2464224E-02  1.0000000E-99  1.0000000E-99
  507  2.9776788E+04  1.4435996E-01  1.1452611E+02  3.7061267E+23  7.2773930E-02  1.0000000E-99  1.0000000E-99
  508  2.9835634E+04  1.4464524E-01  1.1475244E+02  3.7055874E+23  7.3084431E-02  1.0000000E-99  1.0000000E-99
  509  2.9894479E+04  1.4493053E-01  1.1497876E+02  3.7050470E+23  7.3395729E-02  1.0000000E-99  1.0000000E-99
  510  2.9953324E+04  1.4521582E-01  1.1520509E+02  3.7045054E+23  7.3707824E-02  1.0000000E-99  1.0000000E-99
  511  3.0012170E+04  1.4550110E-01  1.1543142E+02  3.7039627E+23  7.4020718E-02  1.0000000E-99  1.0000000E-99
  512  3.0071015E+04  1.4578639E-01  1.1565775E+02  3.7034189E+23  7.4334412E-02  1.0000000E-99  1.0000000E-99
  513  3.0129860E+04  1.4607168E-01  1.1588408E+02  3.7028739E+23  7.4648908E-02  1.0000000E-99  1.0000000E-99
  514  3.0188706E+04  1.4635696E-01  1.1611041E+02  3.7023278E+23  7.4964206E-02  1.0000000E-99  1.0000000E-99
  515  3.0247551E+04  1.4664225E-01  1.1633673E+02  3.7017805E+23  7.5280308E-02  1.0000000E-99  1.0000000E-99
  516  3.0306396E+04  1.4692754E-01  1.1656306E+02  3.7012320E+23  7.5597215E-02  1.0000000E-99  1.0000000E-99
  517  3.0365242E+04  1.4721282E-01  1.1678939E+02  3.7006825E+23  7.5914928E-02  1.0000000E-99  1.0000000E-99
  518  3.0424087E+04  1.4749811E-01  1.1701572E+02  3.7001317E+23  7.6233449E-02  1.0000000E-99  1.0000000E-99
  519  3.0482932E+04  1.4778340E-01  1.1724205E+02  3.6995798E+23  7.6552779E-02  1.0000000E-99  1.0000000E-99
  520  3.0541778E+04  1.4806868E-01  1.1746838E+02  3.6990268E+23  7.6872919E-02  1.0000000E-99  1.0000000E-99
  521  3.0600623E+04  1.4835397E-01  1.1769470E+02  3.6984726E+23  7.7193870E-02  1.0000000E-99  1.0000000E-99
  522  3.0659469E+04  1.4863925E-01  1.1792103E+02  3.6979173E+23  7.7515635E-02  1.0000000E-99  1.0000000E-99
  523  3.0718314E+04  1.4892454E-01  1.1814736E+02  3.6973608E+23  7.7838213E-02  1.0000000E-99  1.0000000E-99
  524  3.0777159E+04  1.4920983E-01  1.1837369E+02  3.6968032E+23  7.8161606E-02  1.0000000E-99  1.0000000E-99
  525  3.0836005E+04  1.4949511E-01  1.1860002E+02  3.6962444E+23  7.8485816E-02  1.0000000E-99  1.0000000E-99
  526  3.0894850E+04  1.4978040E-01  1.1882635E+02  3.6956845E+23  7.8810844E-02  1.0000000E-99  1.0000000E-99
  527  3.0953695E+04  1.5006569E-01  1.1905267E+02  3.6951234E+23  7.9136691E-02  1.0000000E-99  1.0000000E-99
  528  3.1012541E+04  1.5035097E-01  1.1927900E+02  3.6945612E+23  7.9463359E-02  1.0000000E-99  1.0000000E-99
  529  3.1071386E+04  1.5063626E-01  1.1950533E+02  3.6939978E+23  7.9790848E-02  1.0000000E-99  1.0000000E-99
  530  3.1130231E+04  1.5092155E-01  1.1973166E+02  3.6934332E+23  8.0119161E-02  1.0000000E-99  1.0000000E-99
  531  3.1189077E+04  1.5120683E-01  1.1995799E+02  3.6928675E+23  8.0448297E-02  1.0000000E-99  1.0000000E-99
  532  3.1247922E+04  1.5149212E-01  1.2018432E+02  3.6923007E+23  8.0778260E-02  1.0000000E-99  1.0000000E-99
  533  3.1306768E+04  1.5177741E-01  1.2041064E+02  3.6917327E+23  8.1109050E-02  1.0000000E-99  1.0000000E-99
  534  3.1365613E+04  1.5206269E-01  1.2063697E+02  3.6911635E+23  8.1440668E-02  1.0000000E-99  1.0000000E-99
  535  3.1424458E+04  1.5234798E-01  1.2086330E+02  3.6905932E+23  8.1773116E-02  1.0000000E-99  1.0000000E-99
  536  3.1483304E+04  1.5263326E-01  1.2108963E+02  3.6900217E+23  8.2106395E-02  1.0000000E-99  1.0000000E-99
  537  3.1542149E+04  1.5291855E-01  1.2131596E+02  3.6894491E+23  8.2440506E-02  1.0000000E-99  1.0000000E-99
  538  3.1600994E+04  1.5320384E-01  1.2154229E+02  3.6888753E+23  8.2775452E-02  1.0000000E-99  1.0000000E-99
  539  3.1659840E+04  1.5348912E-01  1.2176861E+02  3.6883003E+23  8.3111232E-02  1.0000000E-99  1.0000000E-99
  540  3.1718685E+04  1.5377441E-01  1.2199494E+02  3.6877242E+23  8.3447849E-02  1.0000000E-99  1.0000000E-99
  541  3.1777530E+04  1.5405970E-01  1.2222127E+02  3.6871469E+23  8.3785304E-02  1.0000000E-99  1.0000000E-99
  542  3.1836376E+04  1.5434498E-01  1.2244760E+02  3.6865685E+23  8.4123598E-02  1.0000000E-99  1.0000000E-99
  543  3.1895221E+04  1.5463027E-01  1.2267393E+02  3.6859889E+23  8.4462733E-02  1.0000000E-99  1.0000000E-99
  544  3.1954066E+04  1.5491556E-01  1.2290026E+02  3.6854081E+23  8.4802710E-02  1.0000000E-99  1.0000000E-99
  545  3.2012912E+04  1.5520084E-01  1.2312658E+02  3.6848262E+23  8.5143530E-02  1.0000000E-99  1.0000000E-99
  546  3.2071757E+04  1.5548613E-01  1.2335291E+02  3.6842431E+23  8.5485195E-02  1.0000000E-99  1.0000000E-99
  547  3.2130603E+04  1.5577142E-01  1.2357924E+02  3.6836589E+23  8.5827706E-02  1.0000000E-99  1.0000000E-99
  548  3.2189448E+04  1.5605670E-01  1.2380557E+02  3.6830735E+23  8.6171065E-02  1.0000000E-99  1.0000000E-99
  549  3.2248293E+04  1.5634199E-01  1.2403190E+02  3.6824869E+23  8.6515272E-02  1.0000000E-99  1.0000000E-99
  550  3.2307139E+04  1.5662728E-01  1.2425823E+02  3.6818991E+23  8.6860330E-02  1.0000000E-99  1.0000000E-99
  551  3.2365984E+04  1.5691256E-01  1.2448455E+02  3.6813102E+23  8.7206240E-02  1.0000000E-99  1.0000000E-99
  552  3.2424829E+04  1.5719785E-01  1.2471088E+02  3.6807202E+23  8.7553003E-02  1.0000000E-99  1.0000000E-99
  553  3.2483675E+04  1.5748313E-01  1.2493721E+02  3.6801289E+23  8.7900621E-02  1.0000000E-99  1.0000000E-99
  554  3.2542520E+04  1.5776842E-01  1.2516354E+02  3.6795365E+23  8.8249095E-02  1.0000000E-99  1.0000000E-99
  555  3.2601365E+04  1.5805371E-01  1.2538987E+02  3.6789429E+23  8.8598426E-02  1.0000000E-99  1.0000000E-99
  556  3.2660211E+04  1.5833899E-01  1.2561620E+02  3.6783482E+23  8.8948616E-02  1.0000000E-99  1.0000000E-99
  557  3.2719056E+04  1.5862428E-01  1.2584252E+02  3.6777523E+23  8.9299667E-02  1.0000000E-99  1.0000000E-99
  558  3.2777902E+04  1.5890957E-01  1.2606885E+02  3.6771552E+23  8.9651579E-02  1.0000000E-99  1.0000000E-99
  559  3.2836747E+04  1.5919485E-01  1.2629518E+02  3.6765569E+23  9.0004355E-02  1.0000000E-99  1.0000000E-99
  560  3.2895592E+04  1.5948014E-01  1.2652151E+02  3.6759575E+23  9.0357996E-02  1.0000000E-99  1.0000000E-99
  561  3.2954438E+04  1.5976543E-01  1.2674784E+02  3.6753569E+23  9.0712502E-02  1.0000000E-99  1.0000000E-99
  562  3.3013283E+04  1.6005071E-01  1.2697417E+02  3.6747551E+23  9.1067877E-02  1.0000000E-99  1.0000000E-99
  563  3.3072128E+04  1.6033600E-01  1.2720049E+02  3.6741522E+23  9.1424120E-02  1.0000000E-99  1.0000000E-99
  564  3.3130974E+04  1.6062129E-01  1.2742682E+02  3.6735481E+23  9.1781234E-02  1.0000000E-99  1.0000000E-99
  565  3.3189819E+04  1.6090657E-01  1.2765315E+02  3.6729428E+23  9.2139220E-02  1.0000000E-99  1.0000000E-99
  566  3.3248664E+04  1.6119186E-01  1.2787948E+02  3.6723363E+23  9.2498080E-02  1.0000000E-99  1.0000000E-99
  567  3.3307510E+04  1.6147714E-01  1.2810581E+02  3.6717287E+23  9.2857815E-02  1.0000000E-99  1.0000000E-99
  568  3.3366355E+04  1.6176243E-01  1.2833214E+02  3.6711199E+23  9.3218426E-02  1.0000000E-99  1.0000000E-99
  569  3.3425201E+04  1.6204772E-01  1.2855846E+02  3.6705099E+23  9.3579916E-02  1.0000000E-99  1.0000000E-99
  570  3.3484046E+04  1.6233300E-01  1.2878479E+02  3.6698987E+23  9.3942285E-02  1.0000000E-99  1.0000000E-99
  571  3.3542891E+04  1.6261829E-01  1.2901112E+02  3.6692864E+23  9.4305535E-02  1.0000000E-99  1.0000000E-99
  572  3.3601737E+04  1.6290358E-01  1.2923745E+02  3.6686729E+23  9.4669667E-02  1.0000000E-99  1.0000000E-99
  573  3.3660582E+04  1.6318886E-01  1.2946378E+02  3.6680582E+23  9.5034684E-02  1.0000000E-99  1.0000000E-99
  574  3.3719427E+04  1.6347415E-01  1.2969011E+02  3.6674423E+23  9.5400587E-02  1.0000000E-99  1.0000000E-99
  575  3.3778273E+04  1.6375944E-01  1.2991643E+02  3.6668253E+23  9.5767376E-02  1.0000000E-99  1.0000000E-99
  576  3.3837118E+04  1.6404472E-01  1.3014276E+02  3.6662070E+23  9.6135055E-02  1.0000000E-99  1.0000000E-99
  577  3.3895963E+04  1.6433001E-01  1.3036909E+02  3.6655876E+23  9.6503623E-02  1.0000000E-99  1.0000000E-99
  578  3.3954809E+04  1.6461530E-01  1.3059542E+02  3.6649670E+23  9.6873084E-02  1.0000000E-99  1.0000000E-99
  579  3.4013654E+04  1.6490058E-01  1.3082175E+02  3.6643452E+23  9.7243437E-02  1.0000000E-99  1.0000000E-99
  580  3.4072499E+04  1.6518587E-01  1.3104807E+02  3.6637223E+23  9.7614686E-02  1.0000000E-99  1.0000000E-99
  581  3.4131345E+04  1.6547115E-01  1.3127440E+02  3.6630981E+23  9.7986831E-02  1.0000000E-99  1.0000000E-99
  582  3.4190190E+04  1.6575644E-01  1.3150073E+02  3.6624728E+23  9.8359875E-02  1.0000000E-99  1.0000000E-99
  583  3.4249036E+04  1.6604173E-01  1.3172706E+02  3.6618463E+23  9.8733817E-02  1.0000000E-99  1.0000000E-99
  584  3.4307881E+04  1.6632701E-01  1.3195339E+02  3.6612186E+23  9.9108661E-02  1.0000000E-99  1.0000000E-99
  585  3.4366726E+04  1.6661230E-01  1.3217972E+02  3.6605897E+23  9.9484408E-02  1.0000000E-99  1.0000000E-99
  586  3.4425572E+04  1.6689759E-01  1.3240604E+02  3.6599596E+23  9.9861059E-02  1.0000000E-99  1.0000000E-99
  587  3.4484417E+04  1.6718287E-01  1.3263237E+02  3.6593284E+23  1.0023862E-01  1.0000000E-99  1.0000000E-99
  588  3.4543262E+04  1.6746816E-01  1.3285870E+02  3.6586959E+23  1.0061708E-01  1.0000000E-99  1.0000000E-99
  589  3.4602108E+04  1.6775345E-01  1.3308503E+02  3.6580623E+23  1.0099646E-01  1.0000000E-99  1.0000000E-99
  590  3.4660953E+04  1.6803873E-01  1.3331136E+02  3.6574275E+23  1.0137674E-01  1.0000000E-99  1.0000000E-99
  591  3.4719798E+04  1.6832402E-01  1.3353769E+02  3.6567915E+23  1.0175794E-01  1.0000000E-99  1.0000000E-99
  592  3.4778644E+04  1.6860931E-01  1.3376401E+02  3.6561543E+23  1.0214005E-01  1.0000000E-99  1.0000000E-99
  593  3.4837489E+04  1.6889459E-01  1.3399034E+02  3.6555159E+23  1.0252307E-01  1.0000000E-99  1.0000000E-99
  594  3.4896335E+04  1.6917988E-01  1.3421667E+02  3.6548763E+23  1.0290702E-01  1.0000000E-99  1.0000000E-99
  595  3.4955180E+04  1.6946516E-01  1.3444300E+02  3.6542355E+23  1.0329188E-01  1.0000000E-99  1.0000000E-99
  596  3.5014025E+04  1.6975045E-01  1.3466933E+02  3.6535936E+23  1.0367767E-01  1.0000000E-99  1.0000000E-99
  597  3.5072871E+04  1.7003574E-01  1.3489566E+02  3.6529504E+23  1.0406437E-01  1.0000000E-99  1.0000000E-99
  598  3.5131716E+04  1.7032102E-01  1.3512198E+02  3.6523061E+23  1.0445200E-01  1.0000000E-99  1.0000000E-99
  599  3.5190561E+04  1.7060631E-01  1.3534831E+02  3.6516605E+23  1.0484056E-01  1.0000000E-99  1.0000000E-99
  600  3.5249407E+04  1.7089160E-01  1.3557464E+02  3.6510138E+23  1.0523004E-01  1.0000000E-99  1.0000000E-99
  601  3.5308252E+04  1.7117688E-01  1.3580097E+02  3.6503659E+23  1.0562045E-01  1.0000000E-99  1.0000000E-99
  602  3.5367097E+04  1.7146217E-01  1.3602730E+02  3.6497167E+23  1.0601179E-01  1.0000000E-99  1.0000000E-99
  603  3.5425943E+04  1.7174746E-01  1.3625363E+02  3.6490664E+23  1.0640407E-01  1.0000000E-99  1.0000000E-99
  604  3.5484788E+04  1.7203274E-01  1.3647995E+02  3.6484149E+23  1.0679727E-01  1.0000000E-99  1.0000000E-99
  605  3.5543633E+04  1.7231803E-01  1.3670628E+02  3.6477622E+23  1.0719142E-01  1.0000000E-99  1.0000000E-99
  606  3.5602479E+04  1.7260332E-01  1.3693261E+02  3.6471082E+23  1.0758650E-01  1.0000000E-99  1.0000000E-99
  607  3.5661324E+04  1.7288860E-01  1.3715894E+02  3.6464531E+23  1.0798252E-01  1.0000000E-99  1.0000000E-99
  608  3.5720170E+04  1.7317389E-01  1.3738527E+02  3.6457968E+23  1.0837948E-01  1.0000000E-99  1.0000000E-99
  609  3.5779015E+04  1.7345917E-01  1.3761160E+02  3.6451393E+23  1.0877738E-01  1.0000000E-99  1.0000000E-99
  610  3.5837860E+04  1.7374446E-01  1.3783792E+02  3.6444805E+23  1.0917623E-01  1.0000000E-99  1.0000000E-99
  611  3.5896706E+04  1.7402975E-01  1.3806425E+02  3.6438206E+23  1.0957602E-01  1.0000000E-99  1.0000000E-99
  612  3.5955551E+04  1.7431503E-01  1.3829058E+02  3.6431595E+23  1.0997676E-01  1.0000000E-99  1.0000000E-99
  613  3.6014396E+04  1.7460032E-01  1.3851691E+02  3.6424972E+23  1.1037845E-01  1.0000000E-99  1.0000000E-99
  614  3.6073242E+04  1.7488561E-01  1.3874324E+02  3.6418336E+23  1.1078109E-01  1.0000000E-99  1.0000000E-99
  615  3.6132087E+04  1.7517089E-01  1.3896957E+02  3.6411689E+23  1.1118469E-01  1.0000000E-99  1.0000000E-99
  616  3.6190932E+04  1.7545618E-01  1.3919589E+02  3.6405029E+23  1.1158924E-01  1.0000000E-99  1.0000000E-99
  617  3.6249778E+04  1.7574147E-01  1.3942222E+02  3.6398358E+23  1.1199474E-01  1.0000000E-99  1.0000000E-99
  618  3.6308623E+04  1.7602675E-01  1.3964855E+02  3.6391674E+23  1.1240121E-01  1.0000000E-99  1.0000000E-99
  619  3.6367469E+04  1.7631204E-01  1.3987488E+02  3.6384979E+23  1.1280863E-01  1.0000000E-99  1.0000000E-99
  620  3.6426314E+04  1.7659733E-01  1.4010121E+02  3.6378271E+23  1.1321701E-01  1.0000000E-99  1.0000000E-99
  621  3.6485159E+04  1.7688261E-01  1.4032754E+02  3.6371551E+23  1.1362636E-01  1.0000000E-99  1.0000000E-99
  622  3.6544005E+04  1.7716790E-01  1.4055386E+02  3.6364819E+23  1.1403668E-01  1.0000000E-99  1.0000000E-99
  623  3.6602850E+04  1.7745318E-01  1.4078019E+02  3.6358075E+23  1.1444796E-01  1.0000000E-99  1.0000000E-99
  624  3.6661695E+04  1.7773847E-01  1.4100652E+02  3.6351319E+23  1.1486021E-01  1.0000000E-99  1.0000000E-99
  625  3.6720541E+04  1.7802376E-01  1.4123285E+02  3.6344551E+23  1.1527343E-01  1.0000000E-99  1.0000000E-99
  626  3.6779386E+04  1.7830904E-01  1.4145918E+02  3.6337771E+23  1.1568762E-01  1.0000000E-99  1.0000000E-99
  627  3.6838231E+04  1.7859433E-01  1.4168551E+02  3.6330978E+23  1.1610279E-01  1.0000000E-99  1.0000000E-99
  628  3.6897077E+04  1.7887962E-01  1.4191183E+02  3.6324174E+23  1.1651894E-01  1.0000000E-99  1.0000000E-99
  629  3.6955922E+04  1.7916490E-01  1.4213816E+02  3.6317357E+23  1.1693606E-01  1.0000000E-99  1.0000000E-99
  630  3.7014767E+04  1.7945019E-01  1.4236449E+02  3.6310528E+23  1.1735416E-01  1.0000000E-99  1.0000000E-99
  631  3.7073613E+04  1.7973548E-01  1.4259082E+02  3.6303687E+23  1.1777324E-01  1.0000000E-99  1.0000000E-99
  632  3.7132458E+04  1.8002076E-01  1.4281715E+02  3.6296834E+23  1.1819331E-01  1.0000000E-99  1.0000000E-99
  633  3.7191304E+04  1.8030605E-01  1.4304348E+02  3.6289968E+23  1.1861436E-01  1.0000000E-99  1.0000000E-99
  634  3.7250149E+04  1.8059134E-01  1.4326980E+02  3.6283091E+23  1.1903640E-01  1.0000000E-99  1.0000000E-99
  635  3.7308994E+04  1.8087662E-01  1.4349613E+02  3.6276201E+23  1.1945943E-01  1.0000000E-99  1.0000000E-99
  636  3.7367840E+04  1.8116191E-01  1.4372246E+02  3.6269299E+23  1.1988345E-01  1.0000000E-99  1.0000000E-99
  637  3.7426685E+04  1.8144719E-01  1.4394879E+02  3.6262385E+23  1.2030847E-01  1.0000000E-99  1.0000000E-99
  638  3.7485530E+04  1.8173248E-01  1.4417512E+02  3.6255459E+23  1.2073448E-01  1.0000000E-99  1.0000000E-99
  639  3.7544376E+04  1.8201777E-01  1.4440145E+02  3.6248520E+23  1.2116148E-01  1.0000000E-99  1.0000000E-99
  640  3.7603221E+04  1.8230305E-01  1.4462777E+02  3.6241570E+23  1.2158949E-01  1.0000000E-99  1.0000000E-99
  641  3.7662066E+04  1.8258834E-01  1.4485410E+02  3.6234607E+23  1.2201849E-01  1.0000000E-99  1.0000000E-99
  642  3.7720912E+04  1.8287363E-01  1.4508043E+02  3.6227632E+23  1.2244850E-01  1.0000000E-99  1.0000000E-99
  643  3.7779757E+04  1.8315891E-01  1.4530676E+02  3.6220644E+23  1.2287951E-01  1.0000000E-99  1.0000000E-99
  644  3.7838603E+04  1.8344420E-01  1.4553309E+02  3.6213645E+23  1.2331153E-01  1.0000000E-99  1.0000000E-99
  645  3.7897448E+04  1.8372949E-01  1.4575941E+02  3.6206633E+23  1.2374455E-01  1.0000000E-99  1.0000000E-99
  646  3.7956293E+04  1.8401477E-01  1.4598574E+02  3.6199609E+23  1.2417859E-01  1.0000000E-99  1.0000000E-99
  647  3.8015139E+04  1.8430006E-01  1.4621207E+02  3.6192572E+23  1.2461364E-01  1.0000000E-99  1.0000000E-99
  648  3.8073984E+04  1.8458535E-01  1.4643840E+02  3.6185523E+23  1.2504970E-01  1.0000000E-99  1.0000000E-99
  649  3.8132829E+04  1.8487063E-01  1.4666473E+02  3.6178462E+23  1.2548678E-01  1.0000000E-99  1.0000000E-99
  650  3.8191675E+04  1.8515592E-01  1.4689106E+02  3.6171389E+23  1.2592488E-01  1.0000000E-99  1.0000000E-99
  651  3.8250520E+04  1.8544121E-01  1.4711738E+02  3.6164304E+23  1.2636400E-01  1.0000000E-99  1.0000000E-99
  652  3.8309365E+04  1.8572649E-01  1.4734371E+02  3.6157206E+23  1.2680414E-01  1.0000000E-99  1.0000000E-99
  653  3.8368211E+04  1.8601178E-01  1.4757004E+02  3.6150096E+23  1.2724530E-01  1.0000000E-99  1.0000000E-99
  654  3.8427056E+04  1.8629706E-01  1.4779637E+02  3.6142973E+23  1.2768749E-01  1.0000000E-99  1.0000000E-99
  655  3.8485901E+04  1.8658235E-01  1.4802270E+02  3.6135838E+23  1.2813071E-01  1.0000000E-99  1.0000000E-99
  656  3.8544747E+04  1.8686764E-01  1.4824903E+02  3.6128691E+23  1.2857496E-01  1.0000000E-99  1.0000000E-99
  657  3.8603592E+04  1.8715292E-01  1.4847535E+02  3.6121532E+23  1.2902024E-01  1.0000000E-99  1.0000000E-99
  658  3.8662438E+04  1.8743821E-01  1.4870168E+02  3.6114360E+23  1.2946656E-01  1.0000000E-99  1.0000000E-99
  659  3.8721283E+04  1.8772350E-01  1.4892801E+02  3.6107176E+23  1.2991391E-01  1.0000000E-99  1.0000000E-99
  660  3.8780128E+04  1.8800878E-01  1.4915434E+02  3.6099979E+23  1.3036230E-01  1.0000000E-99  1.0000000E-99
  661  3.8838974E+04  1.8829407E-01  1.4938067E+02  3.6092770E+23  1.3081173E-01  1.0000000E-99  1.0000000E-99
  662  3.8897819E+04  1.8857936E-01  1.4960700E+02  3.6085549E+23  1.3126220E-01  1.0000000E-99  1.0000000E-99
  663  3.8956664E+04  1.8886464E-01  1.4983332E+02  3.6078316E+23  1.3171371E-01  1.0000000E-99  1.0000000E-99
  664  3.9015510E+04  1.8914993E-01  1.5005965E+02  3.6071069E+23  1.3216628E-01  1.0000000E-99  1.0000000E-99
  665  3.9074355E+04  1.8943522E-01  1.5028598E+02  3.6063811E+23  1.3261989E-01  1.0000000E-99  1.0000000E-99
  666  3.9133200E+04  1.8972050E-01  1.5051231E+02  3.6056540E+23  1.3307455E-01  1.0000000E-99  1.0000000E-99
  667  3.9192046E+04  1.9000579E-01  1.5073864E+02  3.6049257E+23  1.3353027E-01  1.0000000E-99  1.0000000E-99
  668  3.9250891E+04  1.9029107E-01  1.5096497E+02  3.6041961E+23  1.3398704E-01  1.0000000E-99  1.0000000E-99
  669  3.9309737E+04  1.9057636E-01  1.5119129E+02  3.6034653E+23  1.3444486E-01  1.0000000E-99  1.0000000E-99
  670  3.9368582E+04  1.9086165E-01  1.5141762E+02  3.6027333E+23  1.3490375E-01  1.0000000E-99  1.0000000E-99
  671  3.9427427E+04  1.9114693E-01  1.5164395E+02  3.6020000E+23  1.3536370E-01  1.0000000E-99  1.0000000E-99
  672  3.9486273E+04  1.9143222E-01  1.5187028E+02  3.6012654E+23  1.3582471E-01  1.0000000E-99  1.0000000E-99
  673  3.9545118E+04  1.9171751E-01  1.5209661E+02  3.6005296E+23  1.3628678E-01  1.0000000E-99  1.0000000E-99
  674  3.9603963E+04  1.9200279E-01  1.5232294E+02  3.5997926E+23  1.3674993E-01  1.0000000E-99  1.0000000E-99
  675  3.9662809E+04  1.9228808E-01  1.5254926E+02  3.5990543E+23  1.3721414E-01  1.0000000E-99  1.0000000E-99
  676  3.9721654E+04  1.9257337E-01  1.5277559E+02  3.5983148E+23  1.3767943E-01  1.0000000E-99  1.0000000E-99
  677  3.9780499E+04  1.9285865E-01  1.5300192E+02  3.5975740E+23  1.3814579E-01  1.0000000E-99  1.0000000E-99
  678  3.9839345E+04  1.9314394E-01  1.5322825E+02  3.5968320E+23  1.3861322E-01  1.0000000E-99  1.0000000E-99
  679  3.9898190E+04  1.9342923E-01  1.5345458E+02  3.5960887E+23  1.3908174E-01  1.0000000E-99  1.0000000E-99
  680  3.9957036E+04  1.9371451E-01  1.5368091E+02  3.5953442E+23  1.3955133E-01  1.0000000E-99  1.0000000E-99
  681  4.0015881E+04  1.9399980E-01  1.5390723E+02  3.5945984E+23  1.4002201E-01  1.0000000E-99  1.0000000E-99
  682  4.0074726E+04  1.9428508E-01  1.5413356E+02  3.5938514E+23  1.4049378E-01  1.0000000E-99  1.0000000E-99
  683  4.0133572E+04  1.9457037E-01  1.5435989E+02  3.5931031E+23  1.4096663E-01  1.0000000E-99  1.0000000E-99
  684  4.0192417E+04  1.9485566E-01  1.5458622E+02  3.5923535E+23  1.4144057E-01  1.0000000E-99  1.0000000E-99
  685  4.0251262E+04  1.9514094E-01  1.5481255E+02  3.5916028E+23  1.4191560E-01  1.0000000E-99  1.0000000E-99
  686  4.0310108E+04  1.9542623E-01  1.5503888E+02  3.5908507E+23  1.4239172E-01  1.0000000E-99  1.0000000E-99
  687  4.0368953E+04  1.9571152E-01  1.5526520E+02  3.5900974E+23  1.4286895E-01  1.0000000E-99  1.0000000E-99
  688  4.0427798E+04  1.9599680E-01  1.5549153E+02  3.5893428E+23  1.4334727E-01  1.0000000E-99  1.0000000E-99
  689  4.0486644E+04  1.9628209E-01  1.5571786E+02  3.5885870E+23  1.4382669E-01  1.0000000E-99  1.0000000E-99
  690  4.0545489E+04  1.9656738E-01  1.5594419E+02  3.5878299E+23  1.4430721E-01  1.0000000E-99  1.0000000E-99
  691  4.0604334E+04  1.9685266E-01  1.5617052E+02  3.5870716E+23  1.4478884E-01  1.0000000E-99  1.0000000E-99
  692  4.0663180E+04  1.9713795E-01  1.5639685E+02  3.5863120E+23  1.4527158E-01  1.0000000E-99  1.0000000E-99
  693  4.0722025E+04  1.9742324E-01  1.5662317E+02  3.5855511E+23  1.4575542E-01  1.0000000E-99  1.0000000E-99
  694  4.0780871E+04  1.9770852E-01  1.5684950E+02  3.5847890E+23  1.4624038E-01  1.0000000E-99  1.0000000E-99
  695  4.0839716E+04  1.9799381E-01  1.5707583E+02  3.5840256E+23  1.4672646E-01  1.0000000E-99  1.0000000E-99
  696  4.0898561E+04  1.9827909E-01  1.5730216E+02  3.5832609E+23  1.4721364E-01  1.0000000E-99  1.0000000E-99
  697  4.0957407E+04  1.9856438E-01  1.5752849E+02  3.5824950E+23  1.4770195E-01  1.0000000E-99  1.0000000E-99
  698  4.1016252E+04  1.9884967E-01  1.5775482E+02  3.5817278E+23  1.4819138E-01  1.0000000E-99  1.0000000E-99
  699  4.1075097E+04  1.9913495E-01  1.5798114E+02  3.5809594E+23  1.4868194E-01  1.0000000E-99  1.0000000E-99
  700  4.1133943E+04  1.9942024E-01  1.5820747E+02  3.5801897E+23  1.4917362E-01  1.0000000E-99  1.0000000E-99
  701  4.1192788E+04  1.9970553E-01  1.5843380E+02  3.5794187E+23  1.4966643E-01  1.0000000E-99  1.0000000E-99
  702  4.1251633E+04  1.9999081E-01  1.5866013E+02  3.5786464E+23  1.5016037E-01  1.0000000E-99  1.0000000E-99
  703  4.1310479E+04  2.0027610E-01  1.5888646E+02  3.5778729E+23  1.5065544E-01  1.0000000E-99  1.0000000E-99
  704  4.1369324E+04  2.0056139E-01  1.5911279E+02  3.5770981E+23  1.5115165E-01  1.0000000E-99  1.0000000E-99
  705  4.1428170E+04  2.0084667E-01  1.5933911E+02  3.5763221E+23  1.5164899E-01  1.0000000E-99  1.0000000E-99
  706  4.1487015E+04  2.0113196E-01  1.5956544E+02  3.5755447E+23  1.5214748E-01  1.0000000E-99  1.0000000E-99
  707  4.1545860E+04  2.0141725E-01  1.5979177E+02  3.5747661E+23  1.5264711E-01  1.0000000E-99  1.0000000E-99
  708  4.1604706E+04  2.0170253E-01  1.6001810E+02  3.5739862E+23  1.5314788E-01  1.0000000E-99  1.0000000E-99
  709  4.1663551E+04  2.0198782E-01  1.6024443E+02  3.5732051E+23  1.5364980E-01  1.0000000E-99  1.0000000E-99
  710  4.1722396E+04  2.0227310E-01  1.6047076E+02  3.5724226E+23  1.5415288E-01  1.0000000E-99  1.0000000E-99
  711  4.1781242E+04  2.0255839E-01  1.6069708E+02  3.5716389E+23  1.5465710E-01  1.0000000E-99  1.0000000E-99
  712  4.1840087E+04  2.0284368E-01  1.6092341E+02  3.5708539E+23  1.5516248E-01  1.0000000E-99  1.0000000E-99
  713  4.1898932E+04  2.0312896E-01  1.6114974E+02  3.5700677E+23  1.5566902E-01  1.0000000E-99  1.0000000E-99
  714  4.1957778E+04  2.0341425E-01  1.6137607E+02  3.5692801E+23  1.5617671E-01  1.0000000E-99  1.0000000E-99
  715  4.2016623E+04  2.0369954E-01  1.6160240E+02  3.5684913E+23  1.5668557E-01  1.0000000E-99  1.0000000E-99
  716  4.2075468E+04  2.0398482E-01  1.6182872E+02  3.5677012E+23  1.5719559E-01  1.0000000E-99  1.0000000E-99
  717  4.2134314E+04  2.0427011E-01  1.6205505E+02  3.5669098E+23  1.5770678E-01  1.0000000E-99  1.0000000E-99
  718  4.2193159E+04  2.0455540E-01  1.6228138E+02  3.5661172E+23  1.5821914E-01  1.0000000E-99  1.0000000E-99
  719  4.2252005E+04  2.0484068E-01  1.6250771E+02  3.5653232E+23  1.5873268E-01  1.0000000E-99  1.0000000E-99
  720  4.2310850E+04  2.0512597E-01  1.6273404E+02  3.5645280E+23  1.5924738E-01  1.0000000E-99  1.0000000E-99
  721  4.2369695E+04  2.0541126E-01  1.6296037E+02  3.5637315E+23  1.5976327E-01  1.0000000E-99  1.0000000E-99
  722  4.2428541E+04  2.0569654E-01  1.6318669E+02  3.5629337E+23  1.6028033E-01  1.0000000E-99  1.0000000E-99
  723  4.2487386E+04  2.0598183E-01  1.6341302E+02  3.5621346E+23  1.6079858E-01  1.0000000E-99  1.0000000E-99
  724  4.2546231E+04  2.0626711E-01  1.6363935E+02  3.5613342E+23  1.6131801E-01  1.0000000E-99  1.0000000E-99
  725  4.2605077E+04  2.0655240E-01  1.6386568E+02  3.5605326E+23  1.6183863E-01  1.0000000E-99  1.0000000E-99
  726  4.2663922E+04  2.0683769E-01  1.6409201E+02  3.5597296E+23  1.6236044E-01  1.0000000E-99  1.0000000E-99
  727  4.2722767E+04  2.0712297E-01  1.6431834E+02  3.5589254E+23  1.6288344E-01  1.0000000E-99  1.0000000E-99
  728  4.2781613E+04  2.0740826E-01  1.6454466E+02  3.5581198E+23  1.6340764E-01  1.0000000E-99  1.0000000E-99
  729  4.2840458E+04  2.0769355E-01  1.6477099E+02  3.5573130E+23  1.6393303E-01  1.0000000E-99  1.0000000E-99
  730  4.2899304E+04  2.0797883E-01  1.6499732E+02  3.5565049E+23  1.6445963E-01  1.0000000E-99  1.0000000E-99
  731  4.2958149E+04  2.0826412E-01  1.6522365E+02  3.5556955E+23  1.6498743E-01  1.0000000E-99  1.0000000E-99
  732  4.3016994E+04  2.0854941E-01  1.6544998E+02  3.5548848E+23  1.6551643E-01  1.0000000E-99  1.0000000E-99
  733  4.3075840E+04  2.0883469E-01  1.6567631E+02  3.5540728E+23  1.6604664E-01  1.0000000E-99  1.0000000E-99
  734  4.3134685E+04  2.0911998E-01  1.6590263E+02  3.5532595E+23  1.6657806E-01  1.0000000E-99  1.0000000E-99
  735  4.3193530E+04  2.0940527E-01  1.6612896E+02  3.5524449E+23  1.6711070E-01  1.0000000E-99  1.0000000E-99
  736  4.3252376E+04  2.0969055E-01  1.6635529E+02  3.5516290E+23  1.6764455E-01  1.0000000E-99  1.0000000E-99
  737  4.3311221E+04  2.0997584E-01  1.6658162E+02  3.5508118E+23  1.6817962E-01  1.0000000E-99  1.0000000E-99
  738  4.3370066E+04  2.1026112E-01  1.6680795E+02  3.5499933E+23  1.6871592E-01  1.0000000E-99  1.0000000E-99
  739  4.3428912E+04  2.1054641E-01  1.6703428E+02  3.5491735E+23  1.6925343E-01  1.0000000E-99  1.0000000E-99
  740  4.3487757E+04  2.1083170E-01  1.6726060E+02  3.5483524E+23  1.6979218E-01  1.0000000E-99  1.0000000E-99
  741  4.3546602E+04  2.1111698E-01  1.6748693E+02  3.5475301E+23  1.7033215E-01  1.0000000E-99  1.0000000E-99
  742  4.3605448E+04  2.1140227E-01  1.6771326E+02  3.5467064E+23  1.7087336E-01  1.0000000E-99  1.0000000E-99
  743  4.3664293E+04  2.1168756E-01  1.6793959E+02  3.5458814E+23  1.7141580E-01  1.0000000E-99  1.0000000E-99
  744  4.3723139E+04  2.1197284E-01  1.6816592E+02  3.5450551E+23  1.7195948E-01  1.0000000E-99  1.0000000E-99
  745  4.3781984E+04  2.1225813E-01  1.6839225E+02  3.5442274E+23  1.7250440E-01  1.0000000E-99  1.0000000E-99
  746  4.3840829E+04  2.1254342E-01  1.6861857E+02  3.5433985E+23  1.7305056E-01  1.0000000E-99  1.0000000E-99
  747  4.3899675E+04  2.1282870E-01  1.6884490E+02  3.5425683E+23  1.7359797E-01  1.0000000E-99  1.0000000E-99
  748  4.3958520E+04  2.1311399E-01  1.6907123E+02  3.5417368E+23  1.7414663E-01  1.0000000E-99  1.0000000E-99
  749  4.4017365E+04  2.1339928E-01  1.6929756E+02  3.5409039E+23  1.7469654E-01  1.0000000E-99  1.0000000E-99
  750  4.4076211E+04  2.1368456E-01  1.6952389E+02  3.5400698E+23  1.7524771E-01  1.0000000E-99  1.0000000E-99
  751  4.4135056E+04  2.1396985E-01  1.6975022E+02  3.5392343E+23  1.7580013E-01  1.0000000E-99  1.0000000E-99
  752  4.4193901E+04  2.1425514E-01  1.6997654E+02  3.5383975E+23  1.7635381E-01  1.0000000E-99  1.0000000E-99
  753  4.4252747E+04  2.1454042E-01  1.7020287E+02  3.5375594E+23  1.7690876E-01  1.0000000E-99  1.0000000E-99
  754  4.4311592E+04  2.1482571E-01  1.7042920E+02  3.5367200E+23  1.7746497E-01  1.0000000E-99  1.0000000E-99
  755  4.4370438E+04  2.1511099E-01  1.7065553E+02  3.5358793E+23  1.7802245E-01  1.0000000E-99  1.0000000E-99
  756  4.4429283E+04  2.1539628E-01  1.7088186E+02  3.5350373E+23  1.7858120E-01  1.0000000E-99  1.0000000E-99
  757  4.4488128E+04  2.1568157E-01  1.7110819E+02  3.5341939E+23  1.7914122E-01  1.0000000E-99  1.0000000E-99
  758  4.4546974E+04  2.1596685E-01  1.7133451E+02  3.5333493E+23  1.7970253E-01  1.0000000E-99  1.0000000E-99
  759  4.4605819E+04  2.1625214E-01  1.7156084E+02  3.5325033E+23  1.8026511E-01  1.0000000E-99  1.0000000E-99
  760  4.4664664E+04  2.1653743E-01  1.7178717E+02  3.5316560E+23  1.8082898E-01  1.0000000E-99  1.0000000E-99
  761  4.4723510E+04  2.1682271E-01  1.7201350E+02  3.5308073E+23  1.8139413E-01  1.0000000E-99  1.0000000E-99
  762  4.4782355E+04  2.1710800E-01  1.7223983E+02  3.5299574E+23  1.8196057E-01  1.0000000E-99  1.0000000E-99
  763  4.4841200E+04  2.1739329E-01  1.7246616E+02  3.5291061E+23  1.8252830E-01  1.0000000E-99  1.0000000E-99
  764  4.4900046E+04  2.1767857E-01  1.7269248E+02  3.5282535E+23  1.8309733E-01  1.0000000E-99  1.0000000E-99
  765  4.4958891E+04  2.1796386E-01  1.7291881E+02  3.5273996E+23  1.8366765E-01  1.0000000E-99  1.0000000E-99
  766  4.5017736E+04  2.1824915E-01  1.7314514E+02  3.5265443E+23  1.8423928E-01  1.0000000E-99  1.0000000E-99
  767  4.5076582E+04  2.1853443E-01  1.7337147E+02  3.5256878E+23  1.8481221E-01  1.0000000E-99  1.0000000E-99
  768  4.5135427E+04  2.1881972E-01  1.7359780E+02  3.5248299E+23  1.8538644E-01  1.0000000E-99  1.0000000E-99
  769  4.5194273E+04  2.1910500E-01  1.7382413E+02  3.5239706E+23  1.8596199E-01  1.0000000E-99  1.0000000E-99
  770  4.5253118E+04  2.1939029E-01  1.7405045E+02  3.5231101E+23  1.8653885E-01  1.0000000E-99  1.0000000E-99
  771  4.5311963E+04  2.1967558E-01  1.7427678E+02  3.5222482E+23  1.8711702E-01  1.0000000E-99  1.0000000E-99
  772  4.5370809E+04  2.1996086E-01  1.7450311E+02  3.5213849E+23  1.8769651E-01  1.0000000E-99  1.0000000E-99
  773  4.5429654E+04  2.2024615E-01  1.7472944E+02  3.5205204E+23  1.8827732E-01  1.0000000E-99  1.0000000E-99
  774  4.5488499E+04  2.2053144E-01  1.7495577E+02  3.5196545E+23  1.8885946E-01  1.0000000E-99  1.0000000E-99
  775  4.5547345E+04  2.2081672E-01  1.7518210E+02  3.5187873E+23  1.8944293E-01  1.0000000E-99  1.0000000E-99
  776  4.5606190E+04  2.2110201E-01  1.7540842E+02  3.5179187E+23  1.9002773E-01  1.0000000E-99  1.0000000E-99
  777  4.5665035E+04  2.2138730E-01  1.7563475E+02  3.5170488E+23  1.9061386E-01  1.0000000E-99  1.0000000E-99
  778  4.5723881E+04  2.2167258E-01  1.7586108E+02  3.5161776E+23  1.9120133E-01  1.0000000E-99  1.0000000E-99
  779  4.5782726E+04  2.2195787E-01  1.7608741E+02  3.5153050E+23  1.9179013E-01  1.0000000E-99  1.0000000E-99
  780  4.5841572E+04  2.2224316E-01  1.7631374E+02  3.5144311E+23  1.9238029E-01  1.0000000E-99  1.0000000E-99
  781  4.5900417E+04  2.2252844E-01  1.7654006E+02  3.5135559E+23  1.9297178E-01  1.0000000E-99  1.0000000E-99
  782  4.5959262E+04  2.2281373E-01  1.7676639E+02  3.5126793E+23  1.9356463E-01  1.0000000E-99  1.0000000E-99
  783  4.6018108E+04  2.2309901E-01  1.7699272E+02  3.5118013E+23  1.9415883E-01  1.0000000E-99  1.0000000E-99
  784  4.6076953E+04  2.2338430E-01  1.7721905E+02  3.5109221E+23  1.9475439E-01  1.0000000E-99  1.0000000E-99
  785  4.6135798E+04  2.2366959E-01  1.7744538E+02  3.5100414E+23  1.9535130E-01  1.0000000E-99  1.0000000E-99
  786  4.6194644E+04  2.2395487E-01  1.7767171E+02  3.5091595E+23  1.9594958E-01  1.0000000E-99  1.0000000E-99
  787  4.6253489E+04  2.2424016E-01  1.7789803E+02  3.5082762E+23  1.9654922E-01  1.0000000E-99  1.0000000E-99
  788  4.6312334E+04  2.2452545E-01  1.7812436E+02  3.5073915E+23  1.9715023E-01  1.0000000E-99  1.0000000E-99
  789  4.6371180E+04  2.2481073E-01  1.7835069E+02  3.5065055E+23  1.9775261E-01  1.0000000E-99  1.0000000E-99
  790  4.6430025E+04  2.2509602E-01  1.7857702E+02  3.5056181E+23  1.9835637E-01  1.0000000E-99  1.0000000E-99
  791  4.6488871E+04  2.2538131E-01  1.7880335E+02  3.5047294E+23  1.9896151E-01  1.0000000E-99  1.0000000E-99
  792  4.6547716E+04  2.2566659E-01  1.7902968E+02  3.5038394E+23  1.9956803E-01  1.0000000E-99  1.0000000E-99
  793  4.6606561E+04  2.2595188E-01  1.7925600E+02  3.5029479E+23  2.0017593E-01  1.0000000E-99  1.0000000E-99
  794  4.6665407E+04  2.2623717E-01  1.7948233E+02  3.5020552E+23  2.0078522E-01  1.0000000E-99  1.0000000E-99
  795  4.6724252E+04  2.2652245E-01  1.7970866E+02  3.5011611E+23  2.0139590E-01  1.0000000E-99  1.0000000E-99
  796  4.6783097E+04  2.2680774E-01  1.7993499E+02  3.5002656E+23  2.0200798E-01  1.0000000E-99  1.0000000E-99
  797  4.6841943E+04  2.2709302E-01  1.8016132E+02  3.4993687E+23  2.0262145E-01  1.0000000E-99  1.0000000E-99
  798  4.6900788E+04  2.2737831E-01  1.8038765E+02  3.4984706E+23  2.0323633E-01  1.0000000E-99  1.0000000E-99
  799  4.6959633E+04  2.2766360E-01  1.8061397E+02  3.4975710E+23  2.0385261E-01  1.0000000E-99  1.0000000E-99
  800  4.7018479E+04  2.2794888E-01  1.8084030E+02  3.4966701E+23  2.0447030E-01  1.0000000E-99  1.0000000E-99
  801  4.7077324E+04  2.2823417E-01  1.8106663E+02  3.4957678E+23  2.0508940E-01  1.0000000E-99  1.0000000E-99
  802  4.7136169E+04  2.2851946E-01  1.8129296E+02  3.4948642E+23  2.0570991E-01  1.0000000E-99  1.0000000E-99
  803  4.7195015E+04  2.2880474E-01  1.8151929E+02  3.4939592E+23  2.0633184E-01  1.0000000E-99  1.0000000E-99
  804  4.7253860E+04  2.2909003E-01  1.8174562E+02  3.4930528E+23  2.0695520E-01  1.0000000E-99  1.0000000E-99
  805  4.7312706E+04  2.2937532E-01  1.8197194E+02  3.4921451E+23  2.0757998E-01  1.0000000E-99  1.0000000E-99
  806  4.7371551E+04  2.2966060E-01  1.8219827E+02  3.4912360E+23  2.0820619E-01  1.0000000E-99  1.0000000E-99
  807  4.7430396E+04  2.2994589E-01  1.8242460E+02  3.4903256E+23  2.0883382E-01  1.0000000E-99  1.0000000E-99
  808  4.7489242E+04  2.3023118E-01  1.8265093E+02  3.4894137E+23  2.0946290E-01  1.0000000E-99  1.0000000E-99
  809  4.7548087E+04  2.3051646E-01  1.8287726E+02  3.4885005E+23  2.1009341E-01  1.0000000E-99  1.0000000E-99
  810  4.7606932E+04  2.3080175E-01  1.8310359E+02  3.4875860E+23  2.1072537E-01  1.0000000E-99  1.0000000E-99
  811  4.7665778E+04  2.3108703E-01  1.8332991E+02  3.4866700E+23  2.1135877E-01  1.0000000E-99  1.0000000E-99
  812  4.7724623E+04  2.3137232E-01  1.8355624E+02  3.4857527E+23  2.1199362E-01  1.0000000E-99  1.0000000E-99
  813  4.7783468E+04  2.3165761E-01  1.8378257E+02  3.4848340E+23  2.1262992E-01  1.0000000E-99  1.0000000E-99
  814  4.7842314E+04  2.3194289E-01  1.8400890E+02  3.4839140E+23  2.1326768E-01  1.0000000E-99  1.0000000E-99
  815  4.7901159E+04  2.3222818E-01  1.8423523E+02  3.4829925E+23  2.1390690E-01  1.0000000E-99  1.0000000E-99
  816  4.7960005E+04  2.3251347E-01  1.8446156E+02  3.4820697E+23  2.1454758E-01  1.0000000E-99  1.0000000E-99
  817  4.8018850E+04  2.3279875E-01  1.8468788E+02  3.4811455E+23  2.1518973E-01  1.0000000E-99  1.0000000E-99
  818  4.8077695E+04  2.3308404E-01  1.8491421E+02  3.4802200E+23  2.1583335E-01  1.0000000E-99  1.0000000E-99
  819  4.8136541E+04  2.3336933E-01  1.8514054E+02  3.4792930E+23  2.1647845E-01  1.0000000E-99  1.0000000E-99
  820  4.8195386E+04  2.3365461E-01  1.8536687E+02  3.4783647E+23  2.1712502E-01  1.0000000E-99  1.0000000E-99
  821  4.8254231E+04  2.3393990E-01  1.8559320E+02  3.4774350E+23  2.1777307E-01  1.0000000E-99  1.0000000E-99
  822  4.8313077E+04  2.3422519E-01  1.8581953E+02  3.4765039E+23  2.1842261E-01  1.0000000E-99  1.0000000E-99
  823  4.8371922E+04  2.3451047E-01  1.8604585E+02  3.4755714E+23  2.1907364E-01  1.0000000E-99  1.0000000E-99
  824  4.8430767E+04  2.3479576E-01  1.8627218E+02  3.4746375E+23  2.1972615E-01  1.0000000E-99  1.0000000E-99
  825  4.8489613E+04  2.3508104E-01  1.8649851E+02  3.4737023E+23  2.2038017E-01  1.0000000E-99  1.0000000E-99
  826  4.8548458E+04  2.3536633E-01  1.8672484E+02  3.4727656E+23  2.2103568E-01  1.0000000E-99  1.0000000E-99
  827  4.8607303E+04  2.3565162E-01  1.8695117E+02  3.4718276E+23  2.2169270E-01  1.0000000E-99  1.0000000E-99
  828  4.8666149E+04  2.3593690E-01  1.8717750E+02  3.4708882E+23  2.2235122E-01  1.0000000E-99  1.0000000E-99
  829  4.8724994E+04  2.3622219E-01  1.8740382E+02  3.4699474E+23  2.2301126E-01  1.0000000E-99  1.0000000E-99
  830  4.8783840E+04  2.3650748E-01  1.8763015E+02  3.4690052E+23  2.2367281E-01  1.0000000E-99  1.0000000E-99
  831  4.8842685E+04  2.3679276E-01  1.8785648E+02  3.4680616E+23  2.2433588E-01  1.0000000E-99  1.0000000E-99
  832  4.8901530E+04  2.3707805E-01  1.8808281E+02  3.4671166E+23  2.2500047E-01  1.0000000E-99  1.0000000E-99
  833  4.8960376E+04  2.3736334E-01  1.8830914E+02  3.4661702E+23  2.2566658E-01  1.0000000E-99  1.0000000E-99
  834  4.9019221E+04  2.3764862E-01  1.8853547E+02  3.4652224E+23  2.2633423E-01  1.0000000E-99  1.0000000E-99
  835  4.9078066E+04  2.3793391E-01  1.8876179E+02  3.4642732E+23  2.2700341E-01  1.0000000E-99  1.0000000E-99
  836  4.9136912E+04  2.3821920E-01  1.8898812E+02  3.4633226E+23  2.2767413E-01  1.0000000E-99  1.0000000E-99
  837  4.9195757E+04  2.3850448E-01  1.8921445E+02  3.4623706E+23  2.2834638E-01  1.0000000E-99  1.0000000E-99
  838  4.9254602E+04  2.3878977E-01  1.8944078E+02  3.4614173E+23  2.2902019E-01  1.0000000E-99  1.0000000E-99
  839  4.9313448E+04  2.3907506E-01  1.8966711E+02  3.4604625E+23  2.2969554E-01  1.0000000E-99  1.0000000E-99
  840  4.9372293E+04  2.3936034E-01  1.8989344E+02  3.4595063E+23  2.3037244E-01  1.0000000E-99  1.0000000E-99
  841  4.9431139E+04  2.3964563E-01  1.9011976E+02  3.4585487E+23  2.3105090E-01  1.0000000E-99  1.0000000E-99
  842  4.9489984E+04  2.3993091E-01  1.9034609E+02  3.4575897E+23  2.3173092E-01  1.0000000E-99  1.0000000E-99
  843  4.9548829E+04  2.4021620E-01  1.9057242E+02  3.4566293E+23  2.3241251E-01  1.0000000E-99  1.0000000E-99
  844  4.9607675E+04  2.4050149E-01  1.9079875E+02  3.4556674E+23  2.3309566E-01  1.0000000E-99  1.0000000E-99
  845  4.9666520E+04  2.4078677E-01  1.9102508E+02  3.4547042E+23  2.3378039E-01  1.0000000E-99  1.0000000E-99
  846  4.9725365E+04  2.4107206E-01  1.9125141E+02  3.4537396E+23  2.3446669E-01  1.0000000E-99  1.0000000E-99
  847  4.9784211E+04  2.4135735E-01  1.9147773E+02  3.4527735E+23  2.3515458E-01  1.0000000E-99  1.0000000E-99
  848  4.9843056E+04  2.4164263E-01  1.9170406E+02  3.4518060E+23  2.3584404E-01  1.0000000E-99  1.0000000E-99
  849  4.9901901E+04  2.4192792E-01  1.9193039E+02  3.4508372E+23  2.3653510E-01  1.0000000E-99  1.0000000E-99
  850  4.9960747E+04  2.4221321E-01  1.9215672E+02  3.4498669E+23  2.3722775E-01  1.0000000E-99  1.0000000E-99
  851  5.0019592E+04  2.4249849E-01  1.9238305E+02  3.4488951E+23  2.3792199E-01  1.0000000E-99  1.0000000E-99
  852  5.0078437E+04  2.4278378E-01  1.9260937E+02  3.4479220E+23  2.3861784E-01  1.0000000E-99  1.0000000E-99
  853  5.0137283E+04  2.4306907E-01  1.9283570E+02  3.4469475E+23  2.3931529E-01  1.0000000E-99  1.0000000E-99
  854  5.0196128E+04  2.4335435E-01  1.9306203E+02  3.4459715E+23  2.4001435E-01  1.0000000E-99  1.0000000E-99
  855  5.0254974E+04  2.4363964E-01  1.9328836E+02  3.4449941E+23  2.4071502E-01  1.0000000E-99  1.0000000E-99
  856  5.0313819E+04  2.4392492E-01  1.9351469E+02  3.4440153E+23  2.4141731E-01  1.0000000E-99  1.0000000E-99
  857  5.0372664E+04  2.4421021E-01  1.9374102E+02  3.4430350E+23  2.4212122E-01  1.0000000E-99  1.0000000E-99
  858  5.0431510E+04  2.4449550E-01  1.9396734E+02  3.4420534E+23  2.4282676E-01  1.0000000E-99  1.0000000E-99
  859  5.0490355E+04  2.4478078E-01  1.9419367E+02  3.4410703E+23  2.4353392E-01  1.0000000E-99  1.0000000E-99
  860  5.0549200E+04  2.4506607E-01  1.9442000E+02  3.4400857E+23  2.4424272E-01  1.0000000E-99  1.0000000E-99
  861  5.0608046E+04  2.4535136E-01  1.9464633E+02  3.4390998E+23  2.4495316E-01  1.0000000E-99  1.0000000E-99
  862  5.0666891E+04  2.4563664E-01  1.9487266E+02  3.4381124E+23  2.4566524E-01  1.0000000E-99  1.0000000E-99
  863  5.0725736E+04  2.4592193E-01  1.9509899E+02  3.4371236E+23  2.4637896E-01  1.0000000E-99  1.0000000E-99
  864  5.0784582E+04  2.4620722E-01  1.9532531E+02  3.4361333E+23  2.4709434E-01  1.0000000E-99  1.0000000E-99
  865  5.0843427E+04  2.4649250E-01  1.9555164E+02  3.4351417E+23  2.4781137E-01  1.0000000E-99  1.0000000E-99
  866  5.0902273E+04  2.4677779E-01  1.9577797E+02  3.4341485E+23  2.4853006E-01  1.0000000E-99  1.0000000E-99
  867  5.0961118E+04  2.4706308E-01  1.9600430E+02  3.4331540E+23  2.4925041E-01  1.0000000E-99  1.0000000E-99
  868  5.1019963E+04  2.4734836E-01  1.9623063E+02  3.4321580E+23  2.4997243E-01  1.0000000E-99  1.0000000E-99
  869  5.1078809E+04  2.4763365E-01  1.9645696E+02  3.4311606E+23  2.5069613E-01  1.0000000E-99  1.0000000E-99
  870  5.1137654E+04  2.4791893E-01  1.9668328E+02  3.4301617E+23  2.5142150E-01  1.0000000E-99  1.0000000E-99
  871  5.1196499E+04  2.4820422E-01  1.9690961E+02  3.4291614E+23  2.5214855E-01  1.0000000E-99  1.0000000E-99
  872  5.1255345E+04  2.4848951E-01  1.9713594E+02  3.4281596E+23  2.5287729E-01  1.0000000E-99  1.0000000E-99
  873  5.1314190E+04  2.4877479E-01  1.9736227E+02  3.4271564E+23  2.5360771E-01  1.0000000E-99  1.0000000E-99
  874  5.1373035E+04  2.4906008E-01  1.9758860E+02  3.4261518E+23  2.5433983E-01  1.0000000E-99  1.0000000E-99
  875  5.1431881E+04  2.4934537E-01  1.9781493E+02  3.4251457E+23  2.5507365E-01  1.0000000E-99  1.0000000E-99
  876  5.1490726E+04  2.4963065E-01  1.9804125E+02  3.4241382E+23  2.5580917E-01  1.0000000E-99  1.0000000E-99
  877  5.1549571E+04  2.4991594E-01  1.9826758E+02  3.4231292E+23  2.5654640E-01  1.0000000E-99  1.0000000E-99
  878  5.1608417E+04  2.5020123E-01  1.9849391E+02  3.4221187E+23  2.5728535E-01  1.0000000E-99  1.0000000E-99
  879  5.1667262E+04  2.5048651E-01  1.9872024E+02  3.4211068E+23  2.5802600E-01  1.0000000E-99  1.0000000E-99
  880  5.1726108E+04  2.5077180E-01  1.9894657E+02  3.4200935E+23  2.5876838E-01  1.0000000E-99  1.0000000E-99
  881  5.1784953E+04  2.5105709E-01  1.9917290E+02  3.4190787E+23  2.5951249E-01  1.0000000E-99  1.0000000E-99
  882  5.1843798E+04  2.5134237E-01  1.9939922E+02  3.4180624E+23  2.6025832E-01  1.0000000E-99  1.0000000E-99
  883  5.1902644E+04  2.5162766E-01  1.9962555E+02  3.4170447E+23  2.6100589E-01  1.0000000E-99  1.0000000E-99
  884  5.1961489E+04  2.5191294E-01  1.9985188E+02  3.4160256E+23  2.6175520E-01  1.0000000E-99  1.0000000E-99
  885  5.2020334E+04  2.5219823E-01  2.0007821E+02  3.4150049E+23  2.6250626E-01  1.0000000E-99  1.0000000E-99
  886  5.2079180E+04  2.5248352E-01  2.0030454E+02  3.4139829E+23  2.6325906E-01  1.0000000E-99  1.0000000E-99
  887  5.2138025E+04  2.5276880E-01  2.0053087E+02  3.4129593E+23  2.6401361E-01  1.0000000E-99  1.0000000E-99
  888  5.2196870E+04  2.5305409E-01  2.0075719E+02  3.4119343E+23  2.6476993E-01  1.0000000E-99  1.0000000E-99
  889  5.2255716E+04  2.5333938E-01  2.0098352E+02  3.4109078E+23  2.6552800E-01  1.0000000E-99  1.0000000E-99
  890  5.2314561E+04  2.5362466E-01  2.0120985E+02  3.4098799E+23  2.6628785E-01  1.0000000E-99  1.0000000E-99
  891  5.2373407E+04  2.5390995E-01  2.0143618E+02  3.4088505E+23  2.6704946E-01  1.0000000E-99  1.0000000E-99
  892  5.2432252E+04  2.5419524E-01  2.0166251E+02  3.4078196E+23  2.6781286E-01  1.0000000E-99  1.0000000E-99
  893  5.2491097E+04  2.5448052E-01  2.0188884E+02  3.4067872E+23  2.6857803E-01  1.0000000E-99  1.0000000E-99
  894  5.2549943E+04  2.5476581E-01  2.0211516E+02  3.4057534E+23  2.6934499E-01  1.0000000E-99  1.0000000E-99
  895  5.2608788E+04  2.5505110E-01  2.0234149E+02  3.4047181E+23  2.7011374E-01  1.0000000E-99  1.0000000E-99
  896  5.2667633E+04  2.5533638E-01  2.0256782E+02  3.4036813E+23  2.7088429E-01  1.0000000E-99  1.0000000E-99
  897  5.2726479E+04  2.5562167E-01  2.0279415E+02  3.4026431E+23  2.7165664E-01  1.0000000E-99  1.0000000E-99
  898  5.2785324E+04  2.5590695E-01  2.0302048E+02  3.4016034E+23  2.7243079E-01  1.0000000E-99  1.0000000E-99
  899  5.2844169E+04  2.5619224E-01  2.0324681E+02  3.4005622E+23  2.7320676E-01  1.0000000E-99  1.0000000E-99
  900  5.2903015E+04  2.5647753E-01  2.0347313E+02  3.3995195E+23  2.7398454E-01  1.0000000E-99  1.0000000E-99
  901  5.2961860E+04  2.5676281E-01  2.0369946E+02  3.3984753E+23  2.7476414E-01  1.0000000E-99  1.0000000E-99
  902  5.3020706E+04  2.5704810E-01  2.0392579E+02  3.3974297E+23  2.7554557E-01  1.0000000E-99  1.0000000E-99
  903  5.3079551E+04  2.5733339E-01  2.0415212E+02  3.3963826E+23  2.7632883E-01  1.0000000E-99  1.0000000E-99
  904  5.3138396E+04  2.5761867E-01  2.0437845E+02  3.3953339E+23  2.7711392E-01  1.0000000E-99  1.0000000E-99
  905  5.3197242E+04  2.5790396E-01  2.0460478E+02  3.3942838E+23  2.7790085E-01  1.0000000E-99  1.0000000E-99
  906  5.3256087E+04  2.5818925E-01  2.0483110E+02  3.3932323E+23  2.7868963E-01  1.0000000E-99  1.0000000E-99
  907  5.3314932E+04  2.5847453E-01  2.0505743E+02  3.3921792E+23  2.7948026E-01  1.0000000E-99  1.0000000E-99
  908  5.3373778E+04  2.5875982E-01  2.0528376E+02  3.3911246E+23  2.8027274E-01  1.0000000E-99  1.0000000E-99
  909  5.3432623E+04  2.5904511E-01  2.0551009E+02  3.3900686E+23  2.8106709E-01  1.0000000E-99  1.0000000E-99
  910  5.3491468E+04  2.5933039E-01  2.0573642E+02  3.3890110E+23  2.8186330E-01  1.0000000E-99  1.0000000E-99
  911  5.3550314E+04  2.5961568E-01  2.0596275E+02  3.3879520E+23  2.8266138E-01  1.0000000E-99  1.0000000E-99
  912  5.3609159E+04  2.5990096E-01  2.0618907E+02  3.3868914E+23  2.8346134E-01  1.0000000E-99  1.0000000E-99
  913  5.3668004E+04  2.6018625E-01  2.0641540E+02  3.3858294E+23  2.8426317E-01  1.0000000E-99  1.0000000E-99
  914  5.3726850E+04  2.6047154E-01  2.0664173E+02  3.3847658E+23  2.8506690E-01  1.0000000E-99  1.0000000E-99
  915  5.3785695E+04  2.6075682E-01  2.0686806E+02  3.3837008E+23  2.8587252E-01  1.0000000E-99  1.0000000E-99
  916  5.3844541E+04  2.6104211E-01  2.0709439E+02  3.3826343E+23  2.8668003E-01  1.0000000E-99  1.0000000E-99
  917  5.3903386E+04  2.6132740E-01  2.0732072E+02  3.3815662E+23  2.8748944E-01  1.0000000E-99  1.0000000E-99
  918  5.3962231E+04  2.6161268E-01  2.0754704E+02  3.3804967E+23  2.8830076E-01  1.0000000E-99  1.0000000E-99
  919  5.4021077E+04  2.6189797E-01  2.0777337E+02  3.3794256E+23  2.8911400E-01  1.0000000E-99  1.0000000E-99
  920  5.4079922E+04  2.6218326E-01  2.0799970E+02  3.3783531E+23  2.8992915E-01  1.0000000E-99  1.0000000E-99
  921  5.4138767E+04  2.6246854E-01  2.0822603E+02  3.3772790E+23  2.9074623E-01  1.0000000E-99  1.0000000E-99
  922  5.4197613E+04  2.6275383E-01  2.0845236E+02  3.3762034E+23  2.9156523E-01  1.0000000E-99  1.0000000E-99
  923  5.4256458E+04  2.6303912E-01  2.0867868E+02  3.3751263E+23  2.9238617E-01  1.0000000E-99  1.0000000E-99
  924  5.4315303E+04  2.6332440E-01  2.0890501E+02  3.3740477E+23  2.9320905E-01  1.0000000E-99  1.0000000E-99
  925  5.4374149E+04  2.6360969E-01  2.0913134E+02  3.3729676E+23  2.9403387E-01  1.0000000E-99  1.0000000E-99
  926  5.4432994E+04  2.6389497E-01  2.0935767E+02  3.3718859E+23  2.9486064E-01  1.0000000E-99  1.0000000E-99
  927  5.4491840E+04  2.6418026E-01  2.0958400E+02  3.3708028E+23  2.9568937E-01  1.0000000E-99  1.0000000E-99
  928  5.4550685E+04  2.6446555E-01  2.0981033E+02  3.3697181E+23  2.9652005E-01  1.0000000E-99  1.0000000E-99
  929  5.4609530E+04  2.6475083E-01  2.1003665E+02  3.3686319E+23  2.9735271E-01  1.0000000E-99  1.0000000E-99
  930  5.4668376E+04  2.6503612E-01  2.1026298E+02  3.3675442E+23  2.9818734E-01  1.0000000E-99  1.0000000E-99
  931  5.4727221E+04  2.6532141E-01  2.1048931E+02  3.3664550E+23  2.9902394E-01  1.0000000E-99  1.0000000E-99
  932  5.4786066E+04  2.6560669E-01  2.1071564E+02  3.3653642E+23  2.9986253E-01  1.0000000E-99  1.0000000E-99
  933  5.4844912E+04  2.6589198E-01  2.1094197E+02  3.3642719E+23  3.0070310E-01  1.0000000E-99  1.0000000E-99
  934  5.4903757E+04  2.6617727E-01  2.1116830E+02  3.3631781E+23  3.0154568E-01  1.0000000E-99  1.0000000E-99
  935  5.4962602E+04  2.6646255E-01  2.1139462E+02  3.3620827E+23  3.0239025E-01  1.0000000E-99  1.0000000E-99
  936  5.5021448E+04  2.6674784E-01  2.1162095E+02  3.3609859E+23  3.0323682E-01  1.0000000E-99  1.0000000E-99
  937  5.5080293E+04  2.6703313E-01  2.1184728E+02  3.3598875E+23  3.0408541E-01  1.0000000E-99  1.0000000E-99
  938  5.5139138E+04  2.6731841E-01  2.1207361E+02  3.3587875E+23  3.0493602E-01  1.0000000E-99  1.0000000E-99
  939  5.5197984E+04  2.6760370E-01  2.1229994E+02  3.3576860E+23  3.0578864E-01  1.0000000E-99  1.0000000E-99
  940  5.5256829E+04  2.6788899E-01  2.1252627E+02  3.3565830E+23  3.0664330E-01  1.0000000E-99  1.0000000E-99
  941  5.5315675E+04  2.6817427E-01  2.1275259E+02  3.3554785E+23  3.0749999E-01  1.0000000E-99  1.0000000E-99
  942  5.5374520E+04  2.6845956E-01  2.1297892E+02  3.3543724E+23  3.0835872E-01  1.0000000E-99  1.0000000E-99
  943  5.5433365E+04  2.6874484E-01  2.1320525E+02  3.3532647E+23  3.0921950E-01  1.0000000E-99  1.0000000E-99
  944  5.5492211E+04  2.6903013E-01  2.1343158E+02  3.3521555E+23  3.1008233E-01  1.0000000E-99  1.0000000E-99
  945  5.5551056E+04  2.6931542E-01  2.1365791E+02  3.3510448E+23  3.1094722E-01  1.0000000E-99  1.0000000E-99
  946  5.5609901E+04  2.6960070E-01  2.1388424E+02  3.3499325E+23  3.1181417E-01  1.0000000E-99  1.0000000E-99
  947  5.5668747E+04  2.6988599E-01  2.1411056E+02  3.3488187E+23  3.1268319E-01  1.0000000E-99  1.0000000E-99
  948  5.5727592E+04  2.7017128E-01  2.1433689E+02  3.3477034E+23  3.1355428E-01  1.0000000E-99  1.0000000E-99
  949  5.5786437E+04  2.7045656E-01  2.1456322E+02  3.3465864E+23  3.1442746E-01  1.0000000E-99  1.0000000E-99
  950  5.5845283E+04  2.7074185E-01  2.1478955E+02  3.3454680E+23  3.1530272E-01  1.0000000E-99  1.0000000E-99
  951  5.5904128E+04  2.7102714E-01  2.1501588E+02  3.3443479E+23  3.1618008E-01  1.0000000E-99  1.0000000E-99
  952  5.5962974E+04  2.7131242E-01  2.1524221E+02  3.3432264E+23  3.1705954E-01  1.0000000E-99  1.0000000E-99
  953  5.6021819E+04  2.7159771E-01  2.1546853E+02  3.3421032E+23  3.1794110E-01  1.0000000E-99  1.0000000E-99
  954  5.6080664E+04  2.7188300E-01  2.1569486E+02  3.3409785E+23  3.1882478E-01  1.0000000E-99  1.0000000E-99
  955  5.6139510E+04  2.7216828E-01  2.1592119E+02  3.3398523E+23  3.1971057E-01  1.0000000E-99  1.0000000E-99
  956  5.6198355E+04  2.7245357E-01  2.1614752E+02  3.3387244E+23  3.2059849E-01  1.0000000E-99  1.0000000E-99
  957  5.6257200E+04  2.7273885E-01  2.1637385E+02  3.3375951E+23  3.2148853E-01  1.0000000E-99  1.0000000E-99
  958  5.6316046E+04  2.7302414E-01  2.1660018E+02  3.3364641E+23  3.2238072E-01  1.0000000E-99  1.0000000E-99
  959  5.6374891E+04  2.7330943E-01  2.1682650E+02  3.3353316E+23  3.2327504E-01  1.0000000E-99  1.0000000E-99
  960  5.6433736E+04  2.7359471E-01  2.1705283E+02  3.3341975E+23  3.2417152E-01  1.0000000E-99  1.0000000E-99
  961  5.6492582E+04  2.7388000E-01  2.1727916E+02  3.3330619E+23  3.2507015E-01  1.0000000E-99  1.0000000E-99
  962  5.6551427E+04  2.7416529E-01  2.1750549E+02  3.3319247E+23  3.2597094E-01  1.0000000E-99  1.0000000E-99
  963  5.6610272E+04  2.7445057E-01  2.1773182E+02  3.3307859E+23  3.2687390E-01  1.0000000E-99  1.0000000E-99
  964  5.6669118E+04  2.7473586E-01  2.1795815E+02  3.3296455E+23  3.2777903E-01  1.0000000E-99  1.0000000E-99
  965  5.6727963E+04  2.7502115E-01  2.1818447E+02  3.3285035E+23  3.2868634E-01  1.0000000E-99  1.0000000E-99
  966  5.6786809E+04  2.7530643E-01  2.1841080E+02  3.3273600E+23  3.2959584E-01  1.0000000E-99  1.0000000E-99
  967  5.6845654E+04  2.7559172E-01  2.1863713E+02  3.3262149E+23  3.3050754E-01  1.0000000E-99  1.0000000E-99
  968  5.6904499E+04  2.7587701E-01  2.1886346E+02  3.3250682E+23  3.3142143E-01  1.0000000E-99  1.0000000E-99
  969  5.6963345E+04  2.7616229E-01  2.1908979E+02  3.3239200E+23  3.3233753E-01  1.0000000E-99  1.0000000E-99
  970  5.7022190E+04  2.7644758E-01  2.1931612E+02  3.3227701E+23  3.3325584E-01  1.0000000E-99  1.0000000E-99
  971  5.7081035E+04  2.7673286E-01  2.1954244E+02  3.3216187E+23  3.3417638E-01  1.0000000E-99  1.0000000E-99
  972  5.7139881E+04  2.7701815E-01  2.1976877E+02  3.3204657E+23  3.3509913E-01  1.0000000E-99  1.0000000E-99
  973  5.7198726E+04  2.7730344E-01  2.1999510E+02  3.3193110E+23  3.3602412E-01  1.0000000E-99  1.0000000E-99
  974  5.7257571E+04  2.7758872E-01  2.2022143E+02  3.3181548E+23  3.3695135E-01  1.0000000E-99  1.0000000E-99
  975  5.7316417E+04  2.7787401E-01  2.2044776E+02  3.3169970E+23  3.3788083E-01  1.0000000E-99  1.0000000E-99
  976  5.7375262E+04  2.7815930E-01  2.2067409E+02  3.3158377E+23  3.3881256E-01  1.0000000E-99  1.0000000E-99
  977  5.7434108E+04  2.7844458E-01  2.2090041E+02  3.3146767E+23  3.3974654E-01  1.0000000E-99  1.0000000E-99
  978  5.7492953E+04  2.7872987E-01  2.2112674E+02  3.3135141E+23  3.4068280E-01  1.0000000E-99  1.0000000E-99
  979  5.7551798E+04  2.7901516E-01  2.2135307E+02  3.3123499E+23  3.4162132E-01  1.0000000E-99  1.0000000E-99
  980  5.7610644E+04  2.7930044E-01  2.2157940E+02  3.3111841E+23  3.4256213E-01  1.0000000E-99  1.0000000E-99
  981  5.7669489E+04  2.7958573E-01  2.2180573E+02  3.3100167E+23  3.4350522E-01  1.0000000E-99  1.0000000E-99
  982  5.7728334E+04  2.7987102E-01  2.2203206E+02  3.3088477E+23  3.4445060E-01  1.0000000E-99  1.0000000E-99
  983  5.7787180E+04  2.8015630E-01  2.2225838E+02  3.3076771E+23  3.4539829E-01  1.0000000E-99  1.0000000E-99
  984  5.7846025E+04  2.8044159E-01  2.2248471E+02  3.3065049E+23  3.4634828E-01  1.0000000E-99  1.0000000E-99
  985  5.7904870E+04  2.8072687E-01  2.2271104E+02  3.3053311E+23  3.4730059E-01  1.0000000E-99  1.0000000E-99
  986  5.7963716E+04  2.8101216E-01  2.2293737E+02  3.3041557E+23  3.4825521E-01  1.0000000E-99  1.0000000E-99
  987  5.8022561E+04  2.8129745E-01  2.2316370E+02  3.3029787E+23  3.4921217E-01  1.0000000E-99  1.0000000E-99
  988  5.8081406E+04  2.8158273E-01  2.2339002E+02  3.3018000E+23  3.5017146E-01  1.0000000E-99  1.0000000E-99
  989  5.8140252E+04  2.8186802E-01  2.2361635E+02  3.3006197E+23  3.5113309E-01  1.0000000E-99  1.0000000E-99
  990  5.8199097E+04  2.8215331E-01  2.2384268E+02  3.2994379E+23  3.5209707E-01  1.0000000E-99  1.0000000E-99
  991  5.8257943E+04  2.8243859E-01  2.2406901E+02  3.2982543E+23  3.5306341E-01  1.0000000E-99  1.0000000E-99
  992  5.8316788E+04  2.8272388E-01  2.2429534E+02  3.2970692E+23  3.5403211E-01  1.0000000E-99  1.0000000E-99
  993  5.8375633E+04  2.8300917E-01  2.2452167E+02  3.2958825E+23  3.5500318E-01  1.0000000E-99  1.0000000E-99
  994  5.8434479E+04  2.8329445E-01  2.2474799E+02  3.2946941E+23  3.5597663E-01  1.0000000E-99  1.0000000E-99
  995  5.8493324E+04  2.8357974E-01  2.2497432E+02  3.2935041E+23  3.5695246E-01  1.0000000E-99  1.0000000E-99
  996  5.8552169E+04  2.8386503E-01  2.2520065E+02  3.2923125E+23  3.5793069E-01  1.0000000E-99  1.0000000E-99
  997  5.8611015E+04  2.8415031E-01  2.2542698E+02  3.2911192E+23  3.5891132E-01  1.0000000E-99  1.0000000E-99
  998  5.8669860E+04  2.8443560E-01  2.2565331E+02  3.2899243E+23  3.5989435E-01  1.0000000E-99  1.0000000E-99
  999  5.8728705E+04  2.8472088E-01  2.2587964E+02  3.2887278E+23  3.6087980E-01  1.0000000E-99  1.0000000E-99
 1000  5.8787551E+04  2.8500617E-01  2.2610596E+02  3.2875296E+23  3.6186767E-01  1.0000000E-99  1.0000000E-99
 1001  5.8846396E+04  2.8529146E-01  2.2633229E+02  3.2863298E+23  3.6285796E-01  1.0000000E-99  1.0000000E-99
 1002  5.8905242E+04  2.8557674E-01  2.2655862E+02  3.2851284E+23  3.6385070E-01  1.0000000E-99  1.0000000E-99
 1003  5.8964087E+04  2.8586203E-01  2.2678495E+02  3.2839253E+23  3.6484588E-01  1.0000000E-99  1.0000000E-99
 1004  5.9022932E+04  2.8614732E-01  2.2701128E+02  3.2827206E+23  3.6584351E-01  1.0000000E-99  1.0000000E-99
 1005  5.9081778E+04  2.8643260E-01  2.2723761E+02  3.2815142E+23  3.6684360E-01  1.0000000E-99  1.0000000E-99
 1006  5.9140623E+04  2.8671789E-01  2.2746393E+02  3.2803062E+23  3.6784616E-01  1.0000000E-99  1.0000000E-99
 1007  5.9199468E+04  2.8700318E-01  2.2769026E+02  3.2790965E+23  3.6885119E-01  1.0000000E-99  1.0000000E-99
 1008  5.9258314E+04  2.8728846E-01  2.2791659E+02  3.2778852E+23  3.6985870E-01  1.0000000E-99  1.0000000E-99
 1009  5.9317159E+04  2.8757375E-01  2.2814292E+02  3.2766722E+23  3.7086871E-01  1.0000000E-99  1.0000000E-99
 1010  5.9376004E+04  2.8785904E-01  2.2836925E+02  3.2754576E+23  3.7188121E-01  1.0000000E-99  1.0000000E-99
 1011  5.9434850E+04  2.8814432E-01  2.2859558E+02  3.2742413E+23  3.7289622E-01  1.0000000E-99  1.0000000E-99
 1012  5.9493695E+04  2.8842961E-01  2.2882190E+02  3.2730234E+23  3.7391374E-01  1.0000000E-99  1.0000000E-99
 1013  5.9552541E+04  2.8871489E-01  2.2904823E+02  3.2718038E+23  3.7493378E-01  1.0000000E-99  1.0000000E-99
 1014  5.9611386E+04  2.8900018E-01  2.2927456E+02  3.2705826E+23  3.7595635E-01  1.0000000E-99  1.0000000E-99
 1015  5.9670231E+04  2.8928547E-01  2.2950089E+02  3.2693596E+23  3.7698146E-01  1.0000000E-99  1.0000000E-99
 1016  5.9729077E+04  2.8957075E-01  2.2972722E+02  3.2681351E+23  3.7800911E-01  1.0000000E-99  1.0000000E-99
 1017  5.9787922E+04  2.8985604E-01  2.2995355E+02  3.2669088E+23  3.7903931E-01  1.0000000E-99  1.0000000E-99
 1018  5.9846767E+04  2.9014133E-01  2.3017987E+02  3.2656809E+23  3.8007208E-01  1.0000000E-99  1.0000000E-99
 1019  5.9905613E+04  2.9042661E-01  2.3040620E+02  3.2644513E+23  3.8110741E-01  1.0000000E-99  1.0000000E-99
 1020  5.9964458E+04  2.9071190E-01  2.3063253E+02  3.2632200E+23  3.8214532E-01  1.0000000E-99  1.0000000E-99
 1021  6.0023303E+04  2.9099719E-01  2.3085886E+02  3.2619871E+23  3.8318582E-01  1.0000000E-99  1.0000000E-99
 1022  6.0082149E+04  2.9128247E-01  2.3108519E+02  3.2607525E+23  3.8422891E-01  1.0000000E-99  1.0000000E-99
 1023  6.0140994E+04  2.9156776E-01  2.3131152E+02  3.2595162E+23  3.8527460E-01  1.0000000E-99  1.0000000E-99
 1024  6.0199839E+04  2.9185305E-01  2.3153784E+02  3.2582782E+23  3.8632290E-01  1.0000000E-99  1.0000000E-99
 1025  6.0258685E+04  2.9213833E-01  2.3176417E+02  3.2570386E+23  3.8737382E-01  1.0000000E-99  1.0000000E-99
 1026  6.0317530E+04  2.9242362E-01  2.3199050E+02  3.2557973E+23  3.8842736E-01  1.0000000E-99  1.0000000E-99
 1027  6.0376376E+04  2.9270890E-01  2.3221683E+02  3.2545542E+23  3.8948354E-01  1.0000000E-99  1.0000000E-99
 1028  6.0435221E+04  2.9299419E-01  2.3244316E+02  3.2533095E+23  3.9054236E-01  1.0000000E-99  1.0000000E-99
 1029  6.0494066E+04  2.9327948E-01  2.3266949E+02  3.2520631E+23  3.9160384E-01  1.0000000E-99  1.0000000E-99
 1030  6.0552912E+04  2.9356476E-01  2.3289581E+02  3.2508150E+23  3.9266797E-01  1.0000000E-99  1.0000000E-99
 1031  6.0611757E+04  2.9385005E-01  2.3312214E+02  3.2495653E+23  3.9373477E-01  1.0000000E-99  1.0000000E-99
 1032  6.0670602E+04  2.9413534E-01  2.3334847E+02  3.2483138E+23  3.9480425E-01  1.0000000E-99  1.0000000E-99
 1033  6.0729448E+04  2.9442062E-01  2.3357480E+02  3.2470606E+23  3.9587641E-01  1.0000000E-99  1.0000000E-99
 1034  6.0788293E+04  2.9470591E-01  2.3380113E+02  3.2458057E+23  3.9695127E-01  1.0000000E-99  1.0000000E-99
 1035  6.0847138E+04  2.9499120E-01  2.3402746E+02  3.2445491E+23  3.9802883E-01  1.0000000E-99  1.0000000E-99
 1036  6.0905984E+04  2.9527648E-01  2.3425378E+02  3.2432909E+23  3.9910910E-01  1.0000000E-99  1.0000000E-99
 1037  6.0964829E+04  2.9556177E-01  2.3448011E+02  3.2420309E+23  4.0019209E-01  1.0000000E-99  1.0000000E-99
 1038  6.1023675E+04  2.9584706E-01  2.3470644E+02  3.2407692E+23  4.0127781E-01  1.0000000E-99  1.0000000E-99
 1039  6.1082520E+04  2.9613234E-01  2.3493277E+02  3.2395058E+23  4.0236627E-01  1.0000000E-99  1.0000000E-99
 1040  6.1141365E+04  2.9641763E-01  2.3515910E+02  3.2382407E+23  4.0345747E-01  1.0000000E-99  1.0000000E-99
 1041  6.1200211E+04  2.9670292E-01  2.3538543E+02  3.2369738E+23  4.0455143E-01  1.0000000E-99  1.0000000E-99
 1042  6.1259056E+04  2.9698820E-01  2.3561175E+02  3.2357053E+23  4.0564815E-01  1.0000000E-99  1.0000000E-99
 1043  6.1317901E+04  2.9727349E-01  2.3583808E+02  3.2344350E+23  4.0674765E-01  1.0000000E-99  1.0000000E-99
 1044  6.1376747E+04  2.9755877E-01  2.3606441E+02  3.2331631E+23  4.0784992E-01  1.0000000E-99  1.0000000E-99
 1045  6.1435592E+04  2.9784406E-01  2.3629074E+02  3.2318894E+23  4.0895499E-01  1.0000000E-99  1.0000000E-99
 1046  6.1494437E+04  2.9812935E-01  2.3651707E+02  3.2306139E+23  4.1006286E-01  1.0000000E-99  1.0000000E-99
 1047  6.1553283E+04  2.9841463E-01  2.3674340E+02  3.2293368E+23  4.1117354E-01  1.0000000E-99  1.0000000E-99
 1048  6.1612128E+04  2.9869992E-01  2.3696972E+02  3.2280579E+23  4.1228704E-01  1.0000000E-99  1.0000000E-99
 1049  6.1670973E+04  2.9898521E-01  2.3719605E+02  3.2267773E+23  4.1340336E-01  1.0000000E-99  1.0000000E-99
 1050  6.1729819E+04  2.9927049E-01  2.3742238E+02  3.2254950E+23  4.1452252E-01  1.0000000E-99  1.0000000E-99
 1051  6.1788664E+04  2.9955578E-01  2.3764871E+02  3.2242109E+23  4.1564453E-01  1.0000000E-99  1.0000000E-99
 1052  6.1847510E+04  2.9984107E-01  2.3787504E+02  3.2229251E+23  4.1676939E-01  1.0000000E-99  1.0000000E-99
 1053  6.1906355E+04  3.0012635E-01  2.3810137E+02  3.2216375E+23  4.1789712E-01  1.0000000E-99  1.0000000E-99
 1054  6.1965200E+04  3.0041164E-01  2.3832769E+02  3.2203482E+23  4.1902773E-01  1.0000000E-99  1.0000000E-99
 1055  6.2024046E+04  3.0069693E-01  2.3855402E+02  3.2190572E+23  4.2016121E-01  1.0000000E-99  1.0000000E-99
 1056  6.2082891E+04  3.0098221E-01  2.3878035E+02  3.2177644E+23  4.2129759E-01  1.0000000E-99  1.0000000E-99
 1057  6.2141736E+04  3.0126750E-01  2.3900668E+02  3.2164699E+23  4.2243687E-01  1.0000000E-99  1.0000000E-99
 1058  6.2200582E+04  3.0155278E-01  2.3923301E+02  3.2151737E+23  4.2357907E-01  1.0000000E-99  1.0000000E-99
 1059  6.2259427E+04  3.0183807E-01  2.3945933E+02  3.2138756E+23  4.2472419E-01  1.0000000E-99  1.0000000E-99
 1060  6.2318272E+04  3.0212336E-01  2.3968566E+02  3.2125759E+23  4.2587224E-01  1.0000000E-99  1.0000000E-99
 1061  6.2377118E+04  3.0240864E-01  2.3991199E+02  3.2112743E+23  4.2702323E-01  1.0000000E-99  1.0000000E-99
 1062  6.2435963E+04  3.0269393E-01  2.4013832E+02  3.2099711E+23  4.2817717E-01  1.0000000E-99  1.0000000E-99
 1063  6.2494809E+04  3.0297922E-01  2.4036465E+02  3.2086660E+23  4.2933407E-01  1.0000000E-99  1.0000000E-99
 1064  6.2553654E+04  3.0326450E-01  2.4059098E+02  3.2073592E+23  4.3049394E-01  1.0000000E-99  1.0000000E-99
 1065  6.2612499E+04  3.0354979E-01  2.4081730E+02  3.2060507E+23  4.3165680E-01  1.0000000E-99  1.0000000E-99
 1066  6.2671345E+04  3.0383508E-01  2.4104363E+02  3.2047403E+23  4.3282264E-01  1.0000000E-99  1.0000000E-99
 1067  6.2730190E+04  3.0412036E-01  2.4126996E+02  3.2034282E+23  4.3399149E-01  1.0000000E-99  1.0000000E-99
 1068  6.2789035E+04  3.0440565E-01  2.4149629E+02  3.2021144E+23  4.3516335E-01  1.0000000E-99  1.0000000E-99
 1069  6.2847881E+04  3.0469094E-01  2.4172262E+02  3.2007987E+23  4.3633822E-01  1.0000000E-99  1.0000000E-99
 1070  6.2906726E+04  3.0497622E-01  2.4194895E+02  3.1994813E+23  4.3751613E-01  1.0000000E-99  1.0000000E-99
 1071  6.2965571E+04  3.0526151E-01  2.4217527E+02  3.1981621E+23  4.3869708E-01  1.0000000E-99  1.0000000E-99
 1072  6.3024417E+04  3.0554679E-01  2.4240160E+02  3.1968411E+23  4.3988109E-01  1.0000000E-99  1.0000000E-99
 1073  6.3083262E+04  3.0583208E-01  2.4262793E+02  3.1955184E+23  4.4106815E-01  1.0000000E-99  1.0000000E-99
 1074  6.3142107E+04  3.0611737E-01  2.4285426E+02  3.1941939E+23  4.4225828E-01  1.0000000E-99  1.0000000E-99
 1075  6.3200953E+04  3.0640265E-01  2.4308059E+02  3.1928675E+23  4.4345150E-01  1.0000000E-99  1.0000000E-99
 1076  6.3259798E+04  3.0668794E-01  2.4330692E+02  3.1915394E+23  4.4464781E-01  1.0000000E-99  1.0000000E-99
 1077  6.3318644E+04  3.0697323E-01  2.4353324E+02  3.1902095E+23  4.4584723E-01  1.0000000E-99  1.0000000E-99
 1078  6.3377489E+04  3.0725851E-01  2.4375957E+02  3.1888778E+23  4.4704975E-01  1.0000000E-99  1.0000000E-99
 1079  6.3436334E+04  3.0754380E-01  2.4398590E+02  3.1875444E+23  4.4825541E-01  1.0000000E-99  1.0000000E-99
 1080  6.3495180E+04  3.0782909E-01  2.4421223E+02  3.1862091E+23  4.4946419E-01  1.0000000E-99  1.0000000E-99
 1081  6.3554025E+04  3.0811437E-01  2.4443856E+02  3.1848720E+23  4.5067613E-01  1.0000000E-99  1.0000000E-99
 1082  6.3612870E+04  3.0839966E-01  2.4466489E+02  3.1835331E+23  4.5189122E-01  1.0000000E-99  1.0000000E-99
 1083  6.3671716E+04  3.0868495E-01  2.4489121E+02  3.1821924E+23  4.5310947E-01  1.0000000E-99  1.0000000E-99
 1084  6.3730561E+04  3.0897023E-01  2.4511754E+02  3.1808500E+23  4.5433091E-01  1.0000000E-99  1.0000000E-99
 1085  6.3789406E+04  3.0925552E-01  2.4534387E+02  3.1795057E+23  4.5555553E-01  1.0000000E-99  1.0000000E-99
 1086  6.3848252E+04  3.0954080E-01  2.4557020E+02  3.1781596E+23  4.5678335E-01  1.0000000E-99  1.0000000E-99
 1087  6.3907097E+04  3.0982609E-01  2.4579653E+02  3.1768116E+23  4.5801439E-01  1.0000000E-99  1.0000000E-99
 1088  6.3965943E+04  3.1011138E-01  2.4602286E+02  3.1754619E+23  4.5924864E-01  1.0000000E-99  1.0000000E-99
 1089  6.4024788E+04  3.1039666E-01  2.4624918E+02  3.1741104E+23  4.6048613E-01  1.0000000E-99  1.0000000E-99
 1090  6.4083633E+04  3.1068195E-01  2.4647551E+02  3.1727570E+23  4.6172687E-01  1.0000000E-99  1.0000000E-99
 1091  6.4142479E+04  3.1096724E-01  2.4670184E+02  3.1714018E+23  4.6297085E-01  1.0000000E-99  1.0000000E-99
 1092  6.4201324E+04  3.1125252E-01  2.4692817E+02  3.1700448E+23  4.6421811E-01  1.0000000E-99  1.0000000E-99
 1093  6.4260169E+04  3.1153781E-01  2.4715450E+02  3.1686859E+23  4.6546864E-01  1.0000000E-99  1.0000000E-99
 1094  6.4319015E+04  3.1182310E-01  2.4738083E+02  3.1673253E+23  4.6672246E-01  1.0000000E-99  1.0000000E-99
 1095  6.4377860E+04  3.1210838E-01  2.4760715E+02  3.1659628E+23  4.6797959E-01  1.0000000E-99  1.0000000E-99
 1096  6.4436705E+04  3.1239367E-01  2.4783348E+02  3.1645984E+23  4.6924002E-01  1.0000000E-99  1.0000000E-99
 1097  6.4495551E+04  3.1267896E-01  2.4805981E+02  3.1632323E+23  4.7050378E-01  1.0000000E-99  1.0000000E-99
 1098  6.4554396E+04  3.1296424E-01  2.4828614E+02  3.1618643E+23  4.7177087E-01  1.0000000E-99  1.0000000E-99
 1099  6.4613241E+04  3.1324953E-01  2.4851247E+02  3.1604944E+23  4.7304131E-01  1.0000000E-99  1.0000000E-99
 1100  6.4672087E+04  3.1353481E-01  2.4873880E+02  3.1591227E+23  4.7431511E-01  1.0000000E-99  1.0000000E-99
 1101  6.4730932E+04  3.1382010E-01  2.4896512E+02  3.1577492E+23  4.7559228E-01  1.0000000E-99  1.0000000E-99
 1102  6.4789778E+04  3.1410539E-01  2.4919145E+02  3.1563738E+23  4.7687283E-01  1.0000000E-99  1.0000000E-99
 1103  6.4848623E+04  3.1439067E-01  2.4941778E+02  3.1549966E+23  4.7815677E-01  1.0000000E-99  1.0000000E-99
 1104  6.4907468E+04  3.1467596E-01  2.4964411E+02  3.1536175E+23  4.7944412E-01  1.0000000E-99  1.0000000E-99
 1105  6.4966314E+04  3.1496125E-01  2.4987044E+02  3.1522365E+23  4.8073489E-01  1.0000000E-99  1.0000000E-99
 1106  6.5025159E+04  3.1524653E-01  2.5009677E+02  3.1508537E+23  4.8202909E-01  1.0000000E-99  1.0000000E-99
 1107  6.5084004E+04  3.1553182E-01  2.5032309E+02  3.1494691E+23  4.8332672E-01  1.0000000E-99  1.0000000E-99
 1108  6.5142850E+04  3.1581711E-01  2.5054942E+02  3.1480826E+23  4.8462782E-01  1.0000000E-99  1.0000000E-99
 1109  6.5201695E+04  3.1610239E-01  2.5077575E+02  3.1466942E+23  4.8593238E-01  1.0000000E-99  1.0000000E-99
 1110  6.5260540E+04  3.1638768E-01  2.5100208E+02  3.1453039E+23  4.8724041E-01  1.0000000E-99  1.0000000E-99
 1111  6.5319386E+04  3.1667297E-01  2.5122841E+02  3.1439118E+23  4.8855194E-01  1.0000000E-99  1.0000000E-99
 1112  6.5378231E+04  3.1695825E-01  2.5145474E+02  3.1425178E+23  4.8986697E-01  1.0000000E-99  1.0000000E-99
 1113  6.5437077E+04  3.1724354E-01  2.5168106E+02  3.1411219E+23  4.9118552E-01  1.0000000E-99  1.0000000E-99
 1114  6.5495922E+04  3.1752882E-01  2.5190739E+02  3.1397242E+23  4.9250759E-01  1.0000000E-99  1.0000000E-99
 1115  6.5554767E+04  3.1781411E-01  2.5213372E+02  3.1383246E+23  4.9383321E-01  1.0000000E-99  1.0000000E-99
 1116  6.5613613E+04  3.1809940E-01  2.5236005E+02  3.1369230E+23  4.9516238E-01  1.0000000E-99  1.0000000E-99
 1117  6.5672458E+04  3.1838468E-01  2.5258638E+02  3.1355196E+23  4.9649511E-01  1.0000000E-99  1.0000000E-99
 1118  6.5731303E+04  3.1866997E-01  2.5281271E+02  3.1341144E+23  4.9783142E-01  1.0000000E-99  1.0000000E-99
 1119  6.5790149E+04  3.1895526E-01  2.5303903E+02  3.1327072E+23  4.9917133E-01  1.0000000E-99  1.0000000E-99
 1120  6.5848994E+04  3.1924054E-01  2.5326536E+02  3.1312981E+23  5.0051484E-01  1.0000000E-99  1.0000000E-99
 1121  6.5907839E+04  3.1952583E-01  2.5349169E+02  3.1298872E+23  5.0186196E-01  1.0000000E-99  1.0000000E-99
 1122  6.5966685E+04  3.1981112E-01  2.5371802E+02  3.1284743E+23  5.0321272E-01  1.0000000E-99  1.0000000E-99
 1123  6.6025530E+04  3.2009640E-01  2.5394435E+02  3.1270596E+23  5.0456712E-01  1.0000000E-99  1.0000000E-99
 1124  6.6084376E+04  3.2038169E-01  2.5417068E+02  3.1256429E+23  5.0592517E-01  1.0000000E-99  1.0000000E-99
 1125  6.6143221E+04  3.2066698E-01  2.5439700E+02  3.1242243E+23  5.0728690E-01  1.0000000E-99  1.0000000E-99
 1126  6.6202066E+04  3.2095226E-01  2.5462333E+02  3.1228039E+23  5.0865231E-01  1.0000000E-99  1.0000000E-99
 1127  6.6260912E+04  3.2123755E-01  2.5484966E+02  3.1213815E+23  5.1002141E-01  1.0000000E-99  1.0000000E-99
 1128  6.6319757E+04  3.2152283E-01  2.5507599E+02  3.1199572E+23  5.1139423E-01  1.0000000E-99  1.0000000E-99
 1129  6.6378602E+04  3.2180812E-01  2.5530232E+02  3.1185310E+23  5.1277077E-01  1.0000000E-99  1.0000000E-99
 1130  6.6437448E+04  3.2209341E-01  2.5552864E+02  3.1171028E+23  5.1415104E-01  1.0000000E-99  1.0000000E-99
 1131  6.6496293E+04  3.2237869E-01  2.5575497E+02  3.1156728E+23  5.1553506E-01  1.0000000E-99  1.0000000E-99
 1132  6.6555138E+04  3.2266398E-01  2.5598130E+02  3.1142408E+23  5.1692285E-01  1.0000000E-99  1.0000000E-99
 1133  6.6613984E+04  3.2294927E-01  2.5620763E+02  3.1128069E+23  5.1831442E-01  1.0000000E-99  1.0000000E-99
 1134  6.6672829E+04  3.2323455E-01  2.5643396E+02  3.1113711E+23  5.1970978E-01  1.0000000E-99  1.0000000E-99
 1135  6.6731674E+04  3.2351984E-01  2.5666029E+02  3.1099333E+23  5.2110894E-01  1.0000000E-99  1.0000000E-99
 1136  6.6790520E+04  3.2380513E-01  2.5688661E+02  3.1084936E+23  5.2251192E-01  1.0000000E-99  1.0000000E-99
 1137  6.6849365E+04  3.2409041E-01  2.5711294E+02  3.1070520E+23  5.2391873E-01  1.0000000E-99  1.0000000E-99
 1138  6.6908211E+04  3.2437570E-01  2.5733927E+02  3.1056084E+23  5.2532940E-01  1.0000000E-99  1.0000000E-99
 1139  6.6967056E+04  3.2466099E-01  2.5756560E+02  3.1041629E+23  5.2674392E-01  1.0000000E-99  1.0000000E-99
 1140  6.7025901E+04  3.2494627E-01  2.5779193E+02  3.1027154E+23  5.2816232E-01  1.0000000E-99  1.0000000E-99
 1141  6.7084747E+04  3.2523156E-01  2.5801826E+02  3.1012660E+23  5.2958461E-01  1.0000000E-99  1.0000000E-99
 1142  6.7143592E+04  3.2551685E-01  2.5824458E+02  3.0998147E+23  5.3101080E-01  1.0000000E-99  1.0000000E-99
 1143  6.7202437E+04  3.2580213E-01  2.5847091E+02  3.0983613E+23  5.3244092E-01  1.0000000E-99  1.0000000E-99
 1144  6.7261283E+04  3.2608742E-01  2.5869724E+02  3.0969061E+23  5.3387496E-01  1.0000000E-99  1.0000000E-99
 1145  6.7320128E+04  3.2637270E-01  2.5892357E+02  3.0954488E+23  5.3531296E-01  1.0000000E-99  1.0000000E-99
 1146  6.7378973E+04  3.2665799E-01  2.5914990E+02  3.0939897E+23  5.3675491E-01  1.0000000E-99  1.0000000E-99
 1147  6.7437819E+04  3.2694328E-01  2.5937623E+02  3.0925285E+23  5.3820085E-01  1.0000000E-99  1.0000000E-99
 1148  6.7496664E+04  3.2722856E-01  2.5960255E+02  3.0910654E+23  5.3965077E-01  1.0000000E-99  1.0000000E-99
 1149  6.7555510E+04  3.2751385E-01  2.5982888E+02  3.0896003E+23  5.4110471E-01  1.0000000E-99  1.0000000E-99
 1150  6.7614355E+04  3.2779914E-01  2.6005521E+02  3.0881332E+23  5.4256266E-01  1.0000000E-99  1.0000000E-99
 1151  6.7673200E+04  3.2808442E-01  2.6028154E+02  3.0866642E+23  5.4402465E-01  1.0000000E-99  1.0000000E-99
 1152  6.7732046E+04  3.2836971E-01  2.6050787E+02  3.0851932E+23  5.4549070E-01  1.0000000E-99  1.0000000E-99
 1153  6.7790891E+04  3.2865500E-01  2.6073420E+02  3.0837202E+23  5.4696081E-01  1.0000000E-99  1.0000000E-99
 1154  6.7849736E+04  3.2894028E-01  2.6096052E+02  3.0822452E+23  5.4843500E-01  1.0000000E-99  1.0000000E-99
 1155  6.7908582E+04  3.2922557E-01  2.6118685E+02  3.0807682E+23  5.4991329E-01  1.0000000E-99  1.0000000E-99
 1156  6.7967427E+04  3.2951086E-01  2.6141318E+02  3.0792893E+23  5.5139570E-01  1.0000000E-99  1.0000000E-99
 1157  6.8026272E+04  3.2979614E-01  2.6163951E+02  3.0778083E+23  5.5288223E-01  1.0000000E-99  1.0000000E-99
 1158  6.8085118E+04  3.3008143E-01  2.6186584E+02  3.0763254E+23  5.5437291E-01  1.0000000E-99  1.0000000E-99
 1159  6.8143963E+04  3.3036671E-01  2.6209217E+02  3.0748404E+23  5.5586775E-01  1.0000000E-99  1.0000000E-99
 1160  6.8202808E+04  3.3065200E-01  2.6231849E+02  3.0733535E+23  5.5736677E-01  1.0000000E-99  1.0000000E-99
 1161  6.8261654E+04  3.3093729E-01  2.6254482E+02  3.0718645E+23  5.5886997E-01  1.0000000E-99  1.0000000E-99
 1162  6.8320499E+04  3.3122257E-01  2.6277115E+02  3.0703736E+23  5.6037739E-01  1.0000000E-99  1.0000000E-99
 1163  6.8379345E+04  3.3150786E-01  2.6299748E+02  3.0688806E+23  5.6188902E-01  1.0000000E-99  1.0000000E-99
 1164  6.8438190E+04  3.3179315E-01  2.6322381E+02  3.0673856E+23  5.6340490E-01  1.0000000E-99  1.0000000E-99
 1165  6.8497035E+04  3.3207843E-01  2.6345014E+02  3.0658886E+23  5.6492503E-01  1.0000000E-99  1.0000000E-99
 1166  6.8555881E+04  3.3236372E-01  2.6367646E+02  3.0643896E+23  5.6644944E-01  1.0000000E-99  1.0000000E-99
 1167  6.8614726E+04  3.3264901E-01  2.6390279E+02  3.0628886E+23  5.6797813E-01  1.0000000E-99  1.0000000E-99
 1168  6.8673571E+04  3.3293429E-01  2.6412912E+02  3.0613855E+23  5.6951113E-01  1.0000000E-99  1.0000000E-99
 1169  6.8732417E+04  3.3321958E-01  2.6435545E+02  3.0598804E+23  5.7104845E-01  1.0000000E-99  1.0000000E-99
 1170  6.8791262E+04  3.3350487E-01  2.6458178E+02  3.0583733E+23  5.7259011E-01  1.0000000E-99  1.0000000E-99
 1171  6.8850107E+04  3.3379015E-01  2.6480811E+02  3.0568641E+23  5.7413612E-01  1.0000000E-99  1.0000000E-99
 1172  6.8908953E+04  3.3407544E-01  2.6503443E+02  3.0553529E+23  5.7568651E-01  1.0000000E-99  1.0000000E-99
 1173  6.8967798E+04  3.3436072E-01  2.6526076E+02  3.0538397E+23  5.7724128E-01  1.0000000E-99  1.0000000E-99
 1174  6.9026644E+04  3.3464601E-01  2.6548709E+02  3.0523244E+23  5.7880046E-01  1.0000000E-99  1.0000000E-99
 1175  6.9085489E+04  3.3493130E-01  2.6571342E+02  3.0508071E+23  5.8036406E-01  1.0000000E-99  1.0000000E-99
 1176  6.9144334E+04  3.3521658E-01  2.6593975E+02  3.0492877E+23  5.8193210E-01  1.0000000E-99  1.0000000E-99
 1177  6.9203180E+04  3.3550187E-01  2.6616608E+02  3.0477663E+23  5.8350459E-01  1.0000000E-99  1.0000000E-99
 1178  6.9262025E+04  3.3578716E-01  2.6639240E+02  3.0462428E+23  5.8508156E-01  1.0000000E-99  1.0000000E-99
 1179  6.9320870E+04  3.3607244E-01  2.6661873E+02  3.0447173E+23  5.8666302E-01  1.0000000E-99  1.0000000E-99
 1180  6.9379716E+04  3.3635773E-01  2.6684506E+02  3.0431897E+23  5.8824899E-01  1.0000000E-99  1.0000000E-99
 1181  6.9438561E+04  3.3664302E-01  2.6707139E+02  3.0416600E+23  5.8983949E-01  1.0000000E-99  1.0000000E-99
 1182  6.9497406E+04  3.3692830E-01  2.6729772E+02  3.0401283E+23  5.9143453E-01  1.0000000E-99  1.0000000E-99
 1183  6.9556252E+04  3.3721359E-01  2.6752405E+02  3.0385945E+23  5.9303413E-01  1.0000000E-99  1.0000000E-99
 1184  6.9615097E+04  3.3749888E-01  2.6775037E+02  3.0370586E+23  5.9463832E-01  1.0000000E-99  1.0000000E-99
 1185  6.9673942E+04  3.3778416E-01  2.6797670E+02  3.0355207E+23  5.9624710E-01  1.0000000E-99  1.0000000E-99
 1186  6.9732788E+04  3.3806945E-01  2.6820303E+02  3.0339807E+23  5.9786049E-01  1.0000000E-99  1.0000000E-99
 1187  6.9791633E+04  3.3835473E-01  2.6842936E+02  3.0324386E+23  5.9947852E-01  1.0000000E-99  1.0000000E-99
 1188  6.9850479E+04  3.3864002E-01  2.6865569E+02  3.0308944E+23  6.0110120E-01  1.0000000E-99  1.0000000E-99
 1189  6.9909324E+04  3.3892531E-01  2.6888202E+02  3.0293481E+23  6.0272855E-01  1.0000000E-99  1.0000000E-99
 1190  6.9968169E+04  3.3921059E-01  2.6910834E+02  3.0277997E+23  6.0436059E-01  1.0000000E-99  1.0000000E-99
 1191  7.0027015E+04  3.3949588E-01  2.6933467E+02  3.0262492E+23  6.0599734E-01  1.0000000E-99  1.0000000E-99
 1192  7.0085860E+04  3.3978117E-01  2.6956100E+02  3.0246966E+23  6.0763882E-01  1.0000000E-99  1.0000000E-99
 1193  7.0144705E+04  3.4006645E-01  2.6978733E+02  3.0231420E+23  6.0928503E-01  1.0000000E-99  1.0000000E-99
 1194  7.0203551E+04  3.4035174E-01  2.7001366E+02  3.0215852E+23  6.1093602E-01  1.0000000E-99  1.0000000E-99
 1195  7.0262396E+04  3.4063703E-01  2.7023998E+02  3.0200263E+23  6.1259178E-01  1.0000000E-99  1.0000000E-99
 1196  7.0321241E+04  3.4092231E-01  2.7046631E+02  3.0184653E+23  6.1425235E-01  1.0000000E-99  1.0000000E-99
 1197  7.0380087E+04  3.4120760E-01  2.7069264E+02  3.0169021E+23  6.1591774E-01  1.0000000E-99  1.0000000E-99
 1198  7.0438932E+04  3.4149289E-01  2.7091897E+02  3.0153369E+23  6.1758796E-01  1.0000000E-99  1.0000000E-99
 1199  7.0497778E+04  3.4177817E-01  2.7114530E+02  3.0137695E+23  6.1926305E-01  1.0000000E-99  1.0000000E-99
 1200  7.0556623E+04  3.4206346E-01  2.7137163E+02  3.0122000E+23  6.2094302E-01  1.0000000E-99  1.0000000E-99
 1201  7.0615468E+04  3.4234874E-01  2.7159795E+02  3.0106284E+23  6.2262788E-01  1.0000000E-99  1.0000000E-99
 1202  7.0674314E+04  3.4263403E-01  2.7182428E+02  3.0090547E+23  6.2431767E-01  1.0000000E-99  1.0000000E-99
 1203  7.0733159E+04  3.4291932E-01  2.7205061E+02  3.0074788E+23  6.2601239E-01  1.0000000E-99  1.0000000E-99
 1204  7.0792004E+04  3.4320460E-01  2.7227694E+02  3.0059008E+23  6.2771207E-01  1.0000000E-99  1.0000000E-99
 1205  7.0850850E+04  3.4348989E-01  2.7250327E+02  3.0043206E+23  6.2941672E-01  1.0000000E-99  1.0000000E-99
 1206  7.0909695E+04  3.4377518E-01  2.7272960E+02  3.0027383E+23  6.3112638E-01  1.0000000E-99  1.0000000E-99
 1207  7.0968540E+04  3.4406046E-01  2.7295592E+02  3.0011538E+23  6.3284105E-01  1.0000000E-99  1.0000000E-99
 1208  7.1027386E+04  3.4434575E-01  2.7318225E+02  2.9995672E+23  6.3456076E-01  1.0000000E-99  1.0000000E-99
 1209  7.1086231E+04  3.4463104E-01  2.7340858E+02  2.9979785E+23  6.3628553E-01  1.0000000E-99  1.0000000E-99
 1210  7.1145076E+04  3.4491632E-01  2.7363491E+02  2.9963875E+23  6.3801538E-01  1.0000000E-99  1.0000000E-99
 1211  7.1203922E+04  3.4520161E-01  2.7386124E+02  2.9947944E+23  6.3975033E-01  1.0000000E-99  1.0000000E-99
 1212  7.1262767E+04  3.4548690E-01  2.7408757E+02  2.9931992E+23  6.4149041E-01  1.0000000E-99  1.0000000E-99
 1213  7.1321613E+04  3.4577218E-01  2.7431389E+02  2.9916018E+23  6.4323562E-01  1.0000000E-99  1.0000000E-99
 1214  7.1380458E+04  3.4605747E-01  2.7454022E+02  2.9900022E+23  6.4498600E-01  1.0000000E-99  1.0000000E-99
 1215  7.1439303E+04  3.4634275E-01  2.7476655E+02  2.9884004E+23  6.4674156E-01  1.0000000E-99  1.0000000E-99
 1216  7.1498149E+04  3.4662804E-01  2.7499288E+02  2.9867964E+23  6.4850232E-01  1.0000000E-99  1.0000000E-99
 1217  7.1556994E+04  3.4691333E-01  2.7521921E+02  2.9851903E+23  6.5026832E-01  1.0000000E-99  1.0000000E-99
 1218  7.1615839E+04  3.4719861E-01  2.7544554E+02  2.9835820E+23  6.5203956E-01  1.0000000E-99  1.0000000E-99
 1219  7.1674685E+04  3.4748390E-01  2.7567186E+02  2.9819714E+23  6.5381607E-01  1.0000000E-99  1.0000000E-99
 1220  7.1733530E+04  3.4776919E-01  2.7589819E+02  2.9803587E+23  6.5559788E-01  1.0000000E-99  1.0000000E-99
 1221  7.1792375E+04  3.4805447E-01  2.7612452E+02  2.9787438E+23  6.5738499E-01  1.0000000E-99  1.0000000E-99
 1222  7.1851221E+04  3.4833976E-01  2.7635085E+02  2.9771267E+23  6.5917744E-01  1.0000000E-99  1.0000000E-99
 1223  7.1910066E+04  3.4862505E-01  2.7657718E+02  2.9755074E+23  6.6097525E-01  1.0000000E-99  1.0000000E-99
 1224  7.1968912E+04  3.4891033E-01  2.7680351E+02  2.9738859E+23  6.6277844E-01  1.0000000E-99  1.0000000E-99
 1225  7.2027757E+04  3.4919562E-01  2.7702983E+02  2.9722621E+23  6.6458704E-01  1.0000000E-99  1.0000000E-99
 1226  7.2086602E+04  3.4948091E-01  2.7725616E+02  2.9706362E+23  6.6640105E-01  1.0000000E-99  1.0000000E-99
 1227  7.2145448E+04  3.4976619E-01  2.7748249E+02  2.9690080E+23  6.6822052E-01  1.0000000E-99  1.0000000E-99
 1228  7.2204293E+04  3.5005148E-01  2.7770882E+02  2.9673776E+23  6.7004545E-01  1.0000000E-99  1.0000000E-99
 1229  7.2263138E+04  3.5033677E-01  2.7793515E+02  2.9657450E+23  6.7187588E-01  1.0000000E-99  1.0000000E-99
 1230  7.2321984E+04  3.5062205E-01  2.7816148E+02  2.9641101E+23  6.7371182E-01  1.0000000E-99  1.0000000E-99
 1231  7.2380829E+04  3.5090734E-01  2.7838780E+02  2.9624731E+23  6.7555331E-01  1.0000000E-99  1.0000000E-99
 1232  7.2439674E+04  3.5119262E-01  2.7861413E+02  2.9608337E+23  6.7740035E-01  1.0000000E-99  1.0000000E-99
 1233  7.2498520E+04  3.5147791E-01  2.7884046E+02  2.9591922E+23  6.7925298E-01  1.0000000E-99  1.0000000E-99
 1234  7.2557365E+04  3.5176320E-01  2.7906679E+02  2.9575484E+23  6.8111122E-01  1.0000000E-99  1.0000000E-99
 1235  7.2616210E+04  3.5204848E-01  2.7929312E+02  2.9559023E+23  6.8297509E-01  1.0000000E-99  1.0000000E-99
 1236  7.2675056E+04  3.5233377E-01  2.7951945E+02  2.9542540E+23  6.8484462E-01  1.0000000E-99  1.0000000E-99
 1237  7.2733901E+04  3.5261906E-01  2.7974577E+02  2.9526034E+23  6.8671983E-01  1.0000000E-99  1.0000000E-99
 1238  7.2792747E+04  3.5290434E-01  2.7997210E+02  2.9509506E+23  6.8860075E-01  1.0000000E-99  1.0000000E-99
 1239  7.2851592E+04  3.5318963E-01  2.8019843E+02  2.9492955E+23  6.9048739E-01  1.0000000E-99  1.0000000E-99
 1240  7.2910437E+04  3.5347492E-01  2.8042476E+02  2.9476382E+23  6.9237979E-01  1.0000000E-99  1.0000000E-99
 1241  7.2969283E+04  3.5376020E-01  2.8065109E+02  2.9459785E+23  6.9427796E-01  1.0000000E-99  1.0000000E-99
 1242  7.3028128E+04  3.5404549E-01  2.8087742E+02  2.9443166E+23  6.9618194E-01  1.0000000E-99  1.0000000E-99
 1243  7.3086973E+04  3.5433078E-01  2.8110374E+02  2.9426524E+23  6.9809174E-01  1.0000000E-99  1.0000000E-99
 1244  7.3145819E+04  3.5461606E-01  2.8133007E+02  2.9409860E+23  7.0000740E-01  1.0000000E-99  1.0000000E-99
 1245  7.3204664E+04  3.5490135E-01  2.8155640E+02  2.9393172E+23  7.0192893E-01  1.0000000E-99  1.0000000E-99
 1246  7.3263509E+04  3.5518663E-01  2.8178273E+02  2.9376462E+23  7.0385637E-01  1.0000000E-99  1.0000000E-99
 1247  7.3322355E+04  3.5547192E-01  2.8200906E+02  2.9359728E+23  7.0578973E-01  1.0000000E-99  1.0000000E-99
 1248  7.3381200E+04  3.5575721E-01  2.8223539E+02  2.9342972E+23  7.0772905E-01  1.0000000E-99  1.0000000E-99
 1249  7.3440046E+04  3.5604249E-01  2.8246171E+02  2.9326192E+23  7.0967435E-01  1.0000000E-99  1.0000000E-99
 1250  7.3498891E+04  3.5632778E-01  2.8268804E+02  2.9309390E+23  7.1162565E-01  1.0000000E-99  1.0000000E-99
 1251  7.3557736E+04  3.5661307E-01  2.8291437E+02  2.9292564E+23  7.1358298E-01  1.0000000E-99  1.0000000E-99
 1252  7.3616582E+04  3.5689835E-01  2.8314070E+02  2.9275715E+23  7.1554637E-01  1.0000000E-99  1.0000000E-99
 1253  7.3675427E+04  3.5718364E-01  2.8336703E+02  2.9258843E+23  7.1751584E-01  1.0000000E-99  1.0000000E-99
 1254  7.3734272E+04  3.5746893E-01  2.8359336E+02  2.9241948E+23  7.1949142E-01  1.0000000E-99  1.0000000E-99
 1255  7.3793118E+04  3.5775421E-01  2.8381968E+02  2.9225030E+23  7.2147314E-01  1.0000000E-99  1.0000000E-99
 1256  7.3851963E+04  3.5803950E-01  2.8404601E+02  2.9208088E+23  7.2346101E-01  1.0000000E-99  1.0000000E-99
 1257  7.3910808E+04  3.5832479E-01  2.8427234E+02  2.9191123E+23  7.2545508E-01  1.0000000E-99  1.0000000E-99
 1258  7.3969654E+04  3.5861007E-01  2.8449867E+02  2.9174134E+23  7.2745537E-01  1.0000000E-99  1.0000000E-99
 1259  7.4028499E+04  3.5889536E-01  2.8472500E+02  2.9157122E+23  7.2946190E-01  1.0000000E-99  1.0000000E-99
 1260  7.4087345E+04  3.5918064E-01  2.8495133E+02  2.9140087E+23  7.3147470E-01  1.0000000E-99  1.0000000E-99
 1261  7.4146190E+04  3.5946593E-01  2.8517765E+02  2.9123028E+23  7.3349380E-01  1.0000000E-99  1.0000000E-99
 1262  7.4205035E+04  3.5975122E-01  2.8540398E+02  2.9105946E+23  7.3551922E-01  1.0000000E-99  1.0000000E-99
 1263  7.4263881E+04  3.6003650E-01  2.8563031E+02  2.9088839E+23  7.3755100E-01  1.0000000E-99  1.0000000E-99
 1264  7.4322726E+04  3.6032179E-01  2.8585664E+02  2.9071710E+23  7.3958916E-01  1.0000000E-99  1.0000000E-99
 1265  7.4381571E+04  3.6060708E-01  2.8608297E+02  2.9054556E+23  7.4163374E-01  1.0000000E-99  1.0000000E-99
 1266  7.4440417E+04  3.6089236E-01  2.8630929E+02  2.9037379E+23  7.4368475E-01  1.0000000E-99  1.0000000E-99
 1267  7.4499262E+04  3.6117765E-01  2.8653562E+02  2.9020178E+23  7.4574223E-01  1.0000000E-99  1.0000000E-99
 1268  7.4558107E+04  3.6146294E-01  2.8676195E+02  2.9002954E+23  7.4780620E-01  1.0000000E-99  1.0000000E-99
 1269  7.4616953E+04  3.6174822E-01  2.8698828E+02  2.8985705E+23  7.4987670E-01  1.0000000E-99  1.0000000E-99
 1270  7.4675798E+04  3.6203351E-01  2.8721461E+02  2.8968433E+23  7.5195375E-01  1.0000000E-99  1.0000000E-99
 1271  7.4734643E+04  3.6231880E-01  2.8744094E+02  2.8951136E+23  7.5403739E-01  1.0000000E-99  1.0000000E-99
 1272  7.4793489E+04  3.6260408E-01  2.8766726E+02  2.8933816E+23  7.5612764E-01  1.0000000E-99  1.0000000E-99
 1273  7.4852334E+04  3.6288937E-01  2.8789359E+02  2.8916472E+23  7.5822453E-01  1.0000000E-99  1.0000000E-99
 1274  7.4911180E+04  3.6317465E-01  2.8811992E+02  2.8899103E+23  7.6032809E-01  1.0000000E-99  1.0000000E-99
 1275  7.4970025E+04  3.6345994E-01  2.8834625E+02  2.8881711E+23  7.6243836E-01  1.0000000E-99  1.0000000E-99
 1276  7.5028870E+04  3.6374523E-01  2.8857258E+02  2.8864294E+23  7.6455536E-01  1.0000000E-99  1.0000000E-99
 1277  7.5087716E+04  3.6403051E-01  2.8879891E+02  2.8846853E+23  7.6667911E-01  1.0000000E-99  1.0000000E-99
 1278  7.5146561E+04  3.6431580E-01  2.8902523E+02  2.8829388E+23  7.6880967E-01  1.0000000E-99  1.0000000E-99
 1279  7.5205406E+04  3.6460109E-01  2.8925156E+02  2.8811899E+23  7.7094704E-01  1.0000000E-99  1.0000000E-99
 1280  7.5264252E+04  3.6488637E-01  2.8947789E+02  2.8794385E+23  7.7309127E-01  1.0000000E-99  1.0000000E-99
 1281  7.5323097E+04  3.6517166E-01  2.8970422E+02  2.8776847E+23  7.7524238E-01  1.0000000E-99  1.0000000E-99
 1282  7.5381942E+04  3.6545695E-01  2.8993055E+02  2.8759285E+23  7.7740041E-01  1.0000000E-99  1.0000000E-99
 1283  7.5440788E+04  3.6574223E-01  2.9015688E+02  2.8741698E+23  7.7956539E-01  1.0000000E-99  1.0000000E-99
 1284  7.5499633E+04  3.6602752E-01  2.9038320E+02  2.8724086E+23  7.8173735E-01  1.0000000E-99  1.0000000E-99
 1285  7.5558479E+04  3.6631281E-01  2.9060953E+02  2.8706450E+23  7.8391632E-01  1.0000000E-99  1.0000000E-99
 1286  7.5617324E+04  3.6659809E-01  2.9083586E+02  2.8688790E+23  7.8610233E-01  1.0000000E-99  1.0000000E-99
 1287  7.5676169E+04  3.6688338E-01  2.9106219E+02  2.8671104E+23  7.8829542E-01  1.0000000E-99  1.0000000E-99
 1288  7.5735015E+04  3.6716866E-01  2.9128852E+02  2.8653394E+23  7.9049562E-01  1.0000000E-99  1.0000000E-99
 1289  7.5793860E+04  3.6745395E-01  2.9151485E+02  2.8635660E+23  7.9270295E-01  1.0000000E-99  1.0000000E-99
 1290  7.5852705E+04  3.6773924E-01  2.9174117E+02  2.8617900E+23  7.9491746E-01  1.0000000E-99  1.0000000E-99
 1291  7.5911551E+04  3.6802452E-01  2.9196750E+02  2.8600116E+23  7.9713918E-01  1.0000000E-99  1.0000000E-99
 1292  7.5970396E+04  3.6830981E-01  2.9219383E+02  2.8582307E+23  7.9936813E-01  1.0000000E-99  1.0000000E-99
 1293  7.6029241E+04  3.6859510E-01  2.9242016E+02  2.8564473E+23  8.0160436E-01  1.0000000E-99  1.0000000E-99
 1294  7.6088087E+04  3.6888038E-01  2.9264649E+02  2.8546614E+23  8.0384790E-01  1.0000000E-99  1.0000000E-99
 1295  7.6146932E+04  3.6916567E-01  2.9287282E+02  2.8528730E+23  8.0609877E-01  1.0000000E-99  1.0000000E-99
 1296  7.6205777E+04  3.6945096E-01  2.9309914E+02  2.8510821E+23  8.0835702E-01  1.0000000E-99  1.0000000E-99
 1297  7.6264623E+04  3.6973624E-01  2.9332547E+02  2.8492887E+23  8.1062268E-01  1.0000000E-99  1.0000000E-99
 1298  7.6323468E+04  3.7002153E-01  2.9355180E+02  2.8474927E+23  8.1289578E-01  1.0000000E-99  1.0000000E-99
 1299  7.6382314E+04  3.7030682E-01  2.9377813E+02  2.8456943E+23  8.1517636E-01  1.0000000E-99  1.0000000E-99
 1300  7.6441159E+04  3.7059210E-01  2.9400446E+02  2.8438933E+23  8.1746445E-01  1.0000000E-99  1.0000000E-99
 1301  7.6500004E+04  3.7087739E-01  2.9423079E+02  2.8420898E+23  8.1976009E-01  1.0000000E-99  1.0000000E-99
 1302  7.6558850E+04  3.7116267E-01  2.9445711E+02  2.8402838E+23  8.2206331E-01  1.0000000E-99  1.0000000E-99
 1303  7.6617695E+04  3.7144796E-01  2.9468344E+02  2.8384752E+23  8.2437415E-01  1.0000000E-99  1.0000000E-99
 1304  7.6676540E+04  3.7173325E-01  2.9490977E+02  2.8366641E+23  8.2669265E-01  1.0000000E-99  1.0000000E-99
 1305  7.6735386E+04  3.7201853E-01  2.9513610E+02  2.8348504E+23  8.2901884E-01  1.0000000E-99  1.0000000E-99
 1306  7.6794231E+04  3.7230382E-01  2.9536243E+02  2.8330342E+23  8.3135275E-01  1.0000000E-99  1.0000000E-99
 1307  7.6853076E+04  3.7258911E-01  2.9558876E+02  2.8312154E+23  8.3369443E-01  1.0000000E-99  1.0000000E-99
 1308  7.6911922E+04  3.7287439E-01  2.9581508E+02  2.8293940E+23  8.3604391E-01  1.0000000E-99  1.0000000E-99
 1309  7.6970767E+04  3.7315968E-01  2.9604141E+02  2.8275701E+23  8.3840122E-01  1.0000000E-99  1.0000000E-99
 1310  7.7029613E+04  3.7344497E-01  2.9626774E+02  2.8257436E+23  8.4076641E-01  1.0000000E-99  1.0000000E-99
 1311  7.7088458E+04  3.7373025E-01  2.9649407E+02  2.8239145E+23  8.4313951E-01  1.0000000E-99  1.0000000E-99
 1312  7.7147303E+04  3.7401554E-01  2.9672040E+02  2.8220829E+23  8.4552056E-01  1.0000000E-99  1.0000000E-99
 1313  7.7206149E+04  3.7430083E-01  2.9694673E+02  2.8202486E+23  8.4790960E-01  1.0000000E-99  1.0000000E-99
 1314  7.7264994E+04  3.7458611E-01  2.9717305E+02  2.8184118E+23  8.5030666E-01  1.0000000E-99  1.0000000E-99
 1315  7.7323839E+04  3.7487140E-01  2.9739938E+02  2.8165724E+23  8.5271179E-01  1.0000000E-99  1.0000000E-99
 1316  7.7382685E+04  3.7515668E-01  2.9762571E+02  2.8147303E+23  8.5512502E-01  1.0000000E-99  1.0000000E-99
 1317  7.7441530E+04  3.7544197E-01  2.9785204E+02  2.8128857E+23  8.5754639E-01  1.0000000E-99  1.0000000E-99
 1318  7.7500375E+04  3.7572726E-01  2.9807837E+02  2.8110384E+23  8.5997594E-01  1.0000000E-99  1.0000000E-99
 1319  7.7559221E+04  3.7601254E-01  2.9830470E+02  2.8091885E+23  8.6241371E-01  1.0000000E-99  1.0000000E-99
 1320  7.7618066E+04  3.7629783E-01  2.9853102E+02  2.8073360E+23  8.6485974E-01  1.0000000E-99  1.0000000E-99
 1321  7.7676911E+04  3.7658312E-01  2.9875735E+02  2.8054809E+23  8.6731407E-01  1.0000000E-99  1.0000000E-99
 1322  7.7735757E+04  3.7686840E-01  2.9898368E+02  2.8036231E+23  8.6977674E-01  1.0000000E-99  1.0000000E-99
 1323  7.7794602E+04  3.7715369E-01  2.9921001E+02  2.8017627E+23  8.7224779E-01  1.0000000E-99  1.0000000E-99
 1324  7.7853448E+04  3.7743898E-01  2.9943634E+02  2.7998997E+23  8.7472726E-01  1.0000000E-99  1.0000000E-99
 1325  7.7912293E+04  3.7772426E-01  2.9966267E+02  2.7980340E+23  8.7721519E-01  1.0000000E-99  1.0000000E-99
 1326  7.7971138E+04  3.7800955E-01  2.9988899E+02  2.7961656E+23  8.7971163E-01  1.0000000E-99  1.0000000E-99
 1327  7.8029984E+04  3.7829484E-01  3.0011532E+02  2.7942946E+23  8.8221661E-01  1.0000000E-99  1.0000000E-99
 1328  7.8088829E+04  3.7858012E-01  3.0034165E+02  2.7924209E+23  8.8473017E-01  1.0000000E-99  1.0000000E-99
 1329  7.8147674E+04  3.7886541E-01  3.0056798E+02  2.7905445E+23  8.8725237E-01  1.0000000E-99  1.0000000E-99
 1330  7.8206520E+04  3.7915070E-01  3.0079431E+02  2.7886655E+23  8.8978323E-01  1.0000000E-99  1.0000000E-99
 1331  7.8265365E+04  3.7943598E-01  3.0102063E+02  2.7867838E+23  8.9232281E-01  1.0000000E-99  1.0000000E-99
 1332  7.8324210E+04  3.7972127E-01  3.0124696E+02  2.7848994E+23  8.9487115E-01  1.0000000E-99  1.0000000E-99
 1333  7.8383056E+04  3.8000655E-01  3.0147329E+02  2.7830122E+23  8.9742828E-01  1.0000000E-99  1.0000000E-99
 1334  7.8441901E+04  3.8029184E-01  3.0169962E+02  2.7811224E+23  8.9999426E-01  1.0000000E-99  1.0000000E-99
 1335  7.8500747E+04  3.8057713E-01  3.0192595E+02  2.7792299E+23  9.0256912E-01  1.0000000E-99  1.0000000E-99
 1336  7.8559592E+04  3.8086241E-01  3.0215228E+02  2.7773347E+23  9.0515292E-01  1.0000000E-99  1.0000000E-99
 1337  7.8618437E+04  3.8114770E-01  3.0237860E+02  2.7754368E+23  9.0774569E-01  1.0000000E-99  1.0000000E-99
 1338  7.8677283E+04  3.8143299E-01  3.0260493E+02  2.7735361E+23  9.1034748E-01  1.0000000E-99  1.0000000E-99
 1339  7.8736128E+04  3.8171827E-01  3.0283126E+02  2.7716327E+23  9.1295833E-01  1.0000000E-99  1.0000000E-99
 1340  7.8794973E+04  3.8200356E-01  3.0305759E+02  2.7697266E+23  9.1557830E-01  1.0000000E-99  1.0000000E-99
 1341  7.8853819E+04  3.8228885E-01  3.0328392E+02  2.7678178E+23  9.1820742E-01  1.0000000E-99  1.0000000E-99
 1342  7.8912664E+04  3.8257413E-01  3.0351025E+02  2.7659062E+23  9.2084574E-01  1.0000000E-99  1.0000000E-99
 1343  7.8971509E+04  3.8285942E-01  3.0373657E+02  2.7639918E+23  9.2349331E-01  1.0000000E-99  1.0000000E-99
 1344  7.9030355E+04  3.8314471E-01  3.0396290E+02  2.7620747E+23  9.2615017E-01  1.0000000E-99  1.0000000E-99
 1345  7.9089200E+04  3.8342999E-01  3.0418923E+02  2.7601549E+23  9.2881637E-01  1.0000000E-99  1.0000000E-99
 1346  7.9148045E+04  3.8371528E-01  3.0441556E+02  2.7582322E+23  9.3149196E-01  1.0000000E-99  1.0000000E-99
 1347  7.9206891E+04  3.8400056E-01  3.0464189E+02  2.7563068E+23  9.3417699E-01  1.0000000E-99  1.0000000E-99
 1348  7.9265736E+04  3.8428585E-01  3.0486822E+02  2.7543787E+23  9.3687150E-01  1.0000000E-99  1.0000000E-99
 1349  7.9324582E+04  3.8457114E-01  3.0509454E+02  2.7524477E+23  9.3957554E-01  1.0000000E-99  1.0000000E-99
 1350  7.9383427E+04  3.8485642E-01  3.0532087E+02  2.7505139E+23  9.4228916E-01  1.0000000E-99  1.0000000E-99
 1351  7.9442272E+04  3.8514171E-01  3.0554720E+02  2.7485774E+23  9.4501241E-01  1.0000000E-99  1.0000000E-99
 1352  7.9501118E+04  3.8542700E-01  3.0577353E+02  2.7466380E+23  9.4774534E-01  1.0000000E-99  1.0000000E-99
 1353  7.9559963E+04  3.8571228E-01  3.0599986E+02  2.7446959E+23  9.5048799E-01  1.0000000E-99  1.0000000E-99
 1354  7.9618808E+04  3.8599757E-01  3.0622619E+02  2.7427509E+23  9.5324042E-01  1.0000000E-99  1.0000000E-99
 1355  7.9677654E+04  3.8628286E-01  3.0645251E+02  2.7408031E+23  9.5600267E-01  1.0000000E-99  1.0000000E-99
 1356  7.9736499E+04  3.8656814E-01  3.0667884E+02  2.7388525E+23  9.5877481E-01  1.0000000E-99  1.0000000E-99
 1357  7.9795344E+04  3.8685343E-01  3.0690517E+02  2.7368990E+23  9.6155687E-01  1.0000000E-99  1.0000000E-99
 1358  7.9854190E+04  3.8713872E-01  3.0713150E+02  2.7349427E+23  9.6434891E-01  1.0000000E-99  1.0000000E-99
 1359  7.9913035E+04  3.8742400E-01  3.0735783E+02  2.7329836E+23  9.6715098E-01  1.0000000E-99  1.0000000E-99
 1360  7.9971881E+04  3.8770929E-01  3.0758416E+02  2.7310216E+23  9.6996313E-01  1.0000000E-99  1.0000000E-99
 1361  8.0030726E+04  3.8799457E-01  3.0781048E+02  2.7290568E+23  9.7278542E-01  1.0000000E-99  1.0000000E-99
 1362  8.0089571E+04  3.8827986E-01  3.0803681E+02  2.7270891E+23  9.7561789E-01  1.0000000E-99  1.0000000E-99
 1363  8.0148417E+04  3.8856515E-01  3.0826314E+02  2.7251185E+23  9.7846061E-01  1.0000000E-99  1.0000000E-99
 1364  8.0207262E+04  3.8885043E-01  3.0848947E+02  2.7231451E+23  9.8131361E-01  1.0000000E-99  1.0000000E-99
 1365  8.0266107E+04  3.8913572E-01  3.0871580E+02  2.7211687E+23  9.8417697E-01  1.0000000E-99  1.0000000E-99
 1366  8.0324953E+04  3.8942101E-01  3.0894213E+02  2.7191895E+23  9.8705073E-01  1.0000000E-99  1.0000000E-99
 1367  8.0383798E+04  3.8970629E-01  3.0916845E+02  2.7172074E+23  9.8993494E-01  1.0000000E-99  1.0000000E-99
 1368  8.0442643E+04  3.8999158E-01  3.0939478E+02  2.7152224E+23  9.9282966E-01  1.0000000E-99  1.0000000E-99
 1369  8.0501489E+04  3.9027687E-01  3.0962111E+02  2.7132345E+23  9.9573495E-01  1.0000000E-99  1.0000000E-99
 1370  8.0560334E+04  3.9056215E-01  3.0984744E+02  2.7112436E+23  9.9865085E-01  1.0000000E-99  1.0000000E-99
 1371  8.0619180E+04  3.9084744E-01  3.1007377E+02  2.7092499E+23  1.0015774E+00  1.0000000E-99  1.0000000E-99
 1372  8.0678025E+04  3.9113273E-01  3.1030010E+02  2.7072532E+23  1.0045148E+00  1.0000000E-99  1.0000000E-99
 1373  8.0736870E+04  3.9141801E-01  3.1052642E+02  2.7052536E+23  1.0074629E+00  1.0000000E-99  1.0000000E-99
 1374  8.0795716E+04  3.9170330E-01  3.1075275E+02  2.7032511E+23  1.0104218E+00  1.0000000E-99  1.0000000E-99
 1375  8.0854561E+04  3.9198858E-01  3.1097908E+02  2.7012456E+23  1.0133917E+00  1.0000000E-99  1.0000000E-99
 1376  8.0913406E+04  3.9227387E-01  3.1120541E+02  2.6992371E+23  1.0163725E+00  1.0000000E-99  1.0000000E-99
 1377  8.0972252E+04  3.9255916E-01  3.1143174E+02  2.6972257E+23  1.0193644E+00  1.0000000E-99  1.0000000E-99
 1378  8.1031097E+04  3.9284444E-01  3.1165807E+02  2.6952114E+23  1.0223673E+00  1.0000000E-99  1.0000000E-99
 1379  8.1089942E+04  3.9312973E-01  3.1188439E+02  2.6931940E+23  1.0253814E+00  1.0000000E-99  1.0000000E-99
 1380  8.1148788E+04  3.9341502E-01  3.1211072E+02  2.6911737E+23  1.0284066E+00  1.0000000E-99  1.0000000E-99
 1381  8.1207633E+04  3.9370030E-01  3.1233705E+02  2.6891504E+23  1.0314431E+00  1.0000000E-99  1.0000000E-99
 1382  8.1266478E+04  3.9398559E-01  3.1256338E+02  2.6871241E+23  1.0344910E+00  1.0000000E-99  1.0000000E-99
 1383  8.1325324E+04  3.9427088E-01  3.1278971E+02  2.6850948E+23  1.0375502E+00  1.0000000E-99  1.0000000E-99
 1384  8.1384169E+04  3.9455616E-01  3.1301604E+02  2.6830625E+23  1.0406209E+00  1.0000000E-99  1.0000000E-99
 1385  8.1443015E+04  3.9484145E-01  3.1324236E+02  2.6810272E+23  1.0437031E+00  1.0000000E-99  1.0000000E-99
 1386  8.1501860E+04  3.9512674E-01  3.1346869E+02  2.6789889E+23  1.0467968E+00  1.0000000E-99  1.0000000E-99
 1387  8.1560705E+04  3.9541202E-01  3.1369502E+02  2.6769476E+23  1.0499022E+00  1.0000000E-99  1.0000000E-99
 1388  8.1619551E+04  3.9569731E-01  3.1392135E+02  2.6749032E+23  1.0530192E+00  1.0000000E-99  1.0000000E-99
 1389  8.1678396E+04  3.9598259E-01  3.1414768E+02  2.6728557E+23  1.0561481E+00  1.0000000E-99  1.0000000E-99
 1390  8.1737241E+04  3.9626788E-01  3.1437401E+02  2.6708053E+23  1.0592887E+00  1.0000000E-99  1.0000000E-99
 1391  8.1796087E+04  3.9655317E-01  3.1460033E+02  2.6687517E+23  1.0624412E+00  1.0000000E-99  1.0000000E-99
 1392  8.1854932E+04  3.9683845E-01  3.1482666E+02  2.6666952E+23  1.0656057E+00  1.0000000E-99  1.0000000E-99
 1393  8.1913777E+04  3.9712374E-01  3.1505299E+02  2.6646355E+23  1.0687822E+00  1.0000000E-99  1.0000000E-99
 1394  8.1972623E+04  3.9740903E-01  3.1527932E+02  2.6625728E+23  1.0719708E+00  1.0000000E-99  1.0000000E-99
 1395  8.2031468E+04  3.9769431E-01  3.1550565E+02  2.6605070E+23  1.0751715E+00  1.0000000E-99  1.0000000E-99
 1396  8.2090314E+04  3.9797960E-01  3.1573198E+02  2.6584381E+23  1.0783844E+00  1.0000000E-99  1.0000000E-99
 1397  8.2149159E+04  3.9826489E-01  3.1595830E+02  2.6563661E+23  1.0816096E+00  1.0000000E-99  1.0000000E-99
 1398  8.2208004E+04  3.9855017E-01  3.1618463E+02  2.6542910E+23  1.0848472E+00  1.0000000E-99  1.0000000E-99
 1399  8.2266850E+04  3.9883546E-01  3.1641096E+02  2.6522127E+23  1.0880972E+00  1.0000000E-99  1.0000000E-99
 1400  8.2325695E+04  3.9912075E-01  3.1663729E+02  2.6501314E+23  1.0913597E+00  1.0000000E-99  1.0000000E-99
 1401  8.2384540E+04  3.9940603E-01  3.1686362E+02  2.6480469E+23  1.0946347E+00  1.0000000E-99  1.0000000E-99
 1402  8.2443386E+04  3.9969132E-01  3.1708994E+02  2.6459594E+23  1.0979224E+00  1.0000000E-99  1.0000000E-99
 1403  8.2502231E+04  3.9997660E-01  3.1731627E+02  2.6438686E+23  1.1012228E+00  1.0000000E-99  1.0000000E-99
 1404  8.2561076E+04  4.0026189E-01  3.1754260E+02  2.6417747E+23  1.1045359E+00  1.0000000E-99  1.0000000E-99
 1405  8.2619922E+04  4.0054718E-01  3.1776893E+02  2.6396777E+23  1.1078619E+00  1.0000000E-99  1.0000000E-99
 1406  8.2678767E+04  4.0083246E-01  3.1799526E+02  2.6375775E+23  1.1112008E+00  1.0000000E-99  1.0000000E-99
 1407  8.2737612E+04  4.0111775E-01  3.1822159E+02  2.6354741E+23  1.1145527E+00  1.0000000E-99  1.0000000E-99
 1408  8.2796458E+04  4.0140304E-01  3.1844791E+02  2.6333676E+23  1.1179176E+00  1.0000000E-99  1.0000000E-99
 1409  8.2855303E+04  4.0168832E-01  3.1867424E+02  2.6312578E+23  1.1212957E+00  1.0000000E-99  1.0000000E-99
 1410  8.2914149E+04  4.0197361E-01  3.1890057E+02  2.6291449E+23  1.1246870E+00  1.0000000E-99  1.0000000E-99
 1411  8.2972994E+04  4.0225890E-01  3.1912690E+02  2.6270288E+23  1.1280915E+00  1.0000000E-99  1.0000000E-99
 1412  8.3031839E+04  4.0254418E-01  3.1935323E+02  2.6249094E+23  1.1315095E+00  1.0000000E-99  1.0000000E-99
 1413  8.3090685E+04  4.0282947E-01  3.1957956E+02  2.6227869E+23  1.1349408E+00  1.0000000E-99  1.0000000E-99
 1414  8.3149530E+04  4.0311476E-01  3.1980588E+02  2.6206611E+23  1.1383857E+00  1.0000000E-99  1.0000000E-99
 1415  8.3208375E+04  4.0340004E-01  3.2003221E+02  2.6185321E+23  1.1418442E+00  1.0000000E-99  1.0000000E-99
 1416  8.3267221E+04  4.0368533E-01  3.2025854E+02  2.6163998E+23  1.1453163E+00  1.0000000E-99  1.0000000E-99
 1417  8.3326066E+04  4.0397061E-01  3.2048487E+02  2.6142643E+23  1.1488022E+00  1.0000000E-99  1.0000000E-99
 1418  8.3384911E+04  4.0425590E-01  3.2071120E+02  2.6121256E+23  1.1523019E+00  1.0000000E-99  1.0000000E-99
 1419  8.3443757E+04  4.0454119E-01  3.2093753E+02  2.6099836E+23  1.1558156E+00  1.0000000E-99  1.0000000E-99
 1420  8.3502602E+04  4.0482647E-01  3.2116385E+02  2.6078383E+23  1.1593432E+00  1.0000000E-99  1.0000000E-99
 1421  8.3561448E+04  4.0511176E-01  3.2139018E+02  2.6056897E+23  1.1628848E+00  1.0000000E-99  1.0000000E-99
 1422  8.3620293E+04  4.0539705E-01  3.2161651E+02  2.6035378E+23  1.1664406E+00  1.0000000E-99  1.0000000E-99
 1423  8.3679138E+04  4.0568233E-01  3.2184284E+02  2.6013827E+23  1.1700107E+00  1.0000000E-99  1.0000000E-99
 1424  8.3737984E+04  4.0596762E-01  3.2206917E+02  2.5992242E+23  1.1735951E+00  1.0000000E-99  1.0000000E-99
 1425  8.3796829E+04  4.0625291E-01  3.2229550E+02  2.5970624E+23  1.1771938E+00  1.0000000E-99  1.0000000E-99
 1426  8.3855674E+04  4.0653819E-01  3.2252182E+02  2.5948973E+23  1.1808071E+00  1.0000000E-99  1.0000000E-99
 1427  8.3914520E+04  4.0682348E-01  3.2274815E+02  2.5927289E+23  1.1844349E+00  1.0000000E-99  1.0000000E-99
 1428  8.3973365E+04  4.0710877E-01  3.2297448E+02  2.5905571E+23  1.1880773E+00  1.0000000E-99  1.0000000E-99
 1429  8.4032210E+04  4.0739405E-01  3.2320081E+02  2.5883820E+23  1.1917345E+00  1.0000000E-99  1.0000000E-99
 1430  8.4091056E+04  4.0767934E-01  3.2342714E+02  2.5862035E+23  1.1954065E+00  1.0000000E-99  1.0000000E-99
 1431  8.4149901E+04  4.0796463E-01  3.2365347E+02  2.5840217E+23  1.1990935E+00  1.0000000E-99  1.0000000E-99
 1432  8.4208746E+04  4.0824991E-01  3.2387979E+02  2.5818365E+23  1.2027954E+00  1.0000000E-99  1.0000000E-99
 1433  8.4267592E+04  4.0853520E-01  3.2410612E+02  2.5796479E+23  1.2065125E+00  1.0000000E-99  1.0000000E-99
 1434  8.4326437E+04  4.0882048E-01  3.2433245E+02  2.5774559E+23  1.2102447E+00  1.0000000E-99  1.0000000E-99
 1435  8.4385283E+04  4.0910577E-01  3.2455878E+02  2.5752605E+23  1.2139921E+00  1.0000000E-99  1.0000000E-99
 1436  8.4444128E+04  4.0939106E-01  3.2478511E+02  2.5730618E+23  1.2177550E+00  1.0000000E-99  1.0000000E-99
 1437  8.4502973E+04  4.0967634E-01  3.2501144E+02  2.5708596E+23  1.2215333E+00  1.0000000E-99  1.0000000E-99
 1438  8.4561819E+04  4.0996163E-01  3.2523776E+02  2.5686539E+23  1.2253271E+00  1.0000000E-99  1.0000000E-99
 1439  8.4620664E+04  4.1024692E-01  3.2546409E+02  2.5664449E+23  1.2291366E+00  1.0000000E-99  1.0000000E-99
 1440  8.4679509E+04  4.1053220E-01  3.2569042E+02  2.5642324E+23  1.2329618E+00  1.0000000E-99  1.0000000E-99
 1441  8.4738355E+04  4.1081749E-01  3.2591675E+02  2.5620165E+23  1.2368028E+00  1.0000000E-99  1.0000000E-99
 1442  8.4797200E+04  4.1110278E-01  3.2614308E+02  2.5597971E+23  1.2406598E+00  1.0000000E-99  1.0000000E-99
 1443  8.4856045E+04  4.1138806E-01  3.2636941E+02  2.5575742E+23  1.2445328E+00  1.0000000E-99  1.0000000E-99
 1444  8.4914891E+04  4.1167335E-01  3.2659573E+02  2.5553478E+23  1.2484219E+00  1.0000000E-99  1.0000000E-99
 1445  8.4973736E+04  4.1195864E-01  3.2682206E+02  2.5531180E+23  1.2523272E+00  1.0000000E-99  1.0000000E-99
 1446  8.5032582E+04  4.1224392E-01  3.2704839E+02  2.5508847E+23  1.2562488E+00  1.0000000E-99  1.0000000E-99
 1447  8.5091427E+04  4.1252921E-01  3.2727472E+02  2.5486478E+23  1.2601869E+00  1.0000000E-99  1.0000000E-99
 1448  8.5150272E+04  4.1281449E-01  3.2750105E+02  2.5464075E+23  1.2641414E+00  1.0000000E-99  1.0000000E-99
 1449  8.5209118E+04  4.1309978E-01  3.2772738E+02  2.5441636E+23  1.2681126E+00  1.0000000E-99  1.0000000E-99
 1450  8.5267963E+04  4.1338507E-01  3.2795370E+02  2.5419162E+23  1.2721005E+00  1.0000000E-99  1.0000000E-99
 1451  8.5326808E+04  4.1367035E-01  3.2818003E+02  2.5396652E+23  1.2761052E+00  1.0000000E-99  1.0000000E-99
 1452  8.5385654E+04  4.1395564E-01  3.2840636E+02  2.5374107E+23  1.2801269E+00  1.0000000E-99  1.0000000E-99
 1453  8.5444499E+04  4.1424093E-01  3.2863269E+02  2.5351526E+23  1.2841655E+00  1.0000000E-99  1.0000000E-99
 1454  8.5503344E+04  4.1452621E-01  3.2885902E+02  2.5328910E+23  1.2882213E+00  1.0000000E-99  1.0000000E-99
 1455  8.5562190E+04  4.1481150E-01  3.2908535E+02  2.5306258E+23  1.2922944E+00  1.0000000E-99  1.0000000E-99
 1456  8.5621035E+04  4.1509679E-01  3.2931167E+02  2.5283570E+23  1.2963848E+00  1.0000000E-99  1.0000000E-99
 1457  8.5679880E+04  4.1538207E-01  3.2953800E+02  2.5260846E+23  1.3004926E+00  1.0000000E-99  1.0000000E-99
 1458  8.5738726E+04  4.1566736E-01  3.2976433E+02  2.5238086E+23  1.3046180E+00  1.0000000E-99  1.0000000E-99
 1459  8.5797571E+04  4.1595265E-01  3.2999066E+02  2.5215289E+23  1.3087611E+00  1.0000000E-99  1.0000000E-99
 1460  8.5856417E+04  4.1623793E-01  3.3021699E+02  2.5192457E+23  1.3129220E+00  1.0000000E-99  1.0000000E-99
 1461  8.5915262E+04  4.1652322E-01  3.3044332E+02  2.5169588E+23  1.3171007E+00  1.0000000E-99  1.0000000E-99
 1462  8.5974107E+04  4.1680850E-01  3.3066964E+02  2.5146682E+23  1.3212975E+00  1.0000000E-99  1.0000000E-99
 1463  8.6032953E+04  4.1709379E-01  3.3089597E+02  2.5123740E+23  1.3255124E+00  1.0000000E-99  1.0000000E-99
 1464  8.6091798E+04  4.1737908E-01  3.3112230E+02  2.5100761E+23  1.3297456E+00  1.0000000E-99  1.0000000E-99
 1465  8.6150643E+04  4.1766436E-01  3.3134863E+02  2.5077746E+23  1.3339971E+00  1.0000000E-99  1.0000000E-99
 1466  8.6209489E+04  4.1794965E-01  3.3157496E+02  2.5054693E+23  1.3382670E+00  1.0000000E-99  1.0000000E-99
 1467  8.6268334E+04  4.1823494E-01  3.3180129E+02  2.5031604E+23  1.3425556E+00  1.0000000E-99  1.0000000E-99
 1468  8.6327179E+04  4.1852022E-01  3.3202761E+02  2.5008477E+23  1.3468629E+00  1.0000000E-99  1.0000000E-99
 1469  8.6386025E+04  4.1880551E-01  3.3225394E+02  2.4985313E+23  1.3511890E+00  1.0000000E-99  1.0000000E-99
 1470  8.6444870E+04  4.1909080E-01  3.3248027E+02  2.4962112E+23  1.3555340E+00  1.0000000E-99  1.0000000E-99
 1471  8.6503716E+04  4.1937608E-01  3.3270660E+02  2.4938874E+23  1.3598981E+00  1.0000000E-99  1.0000000E-99
 1472  8.6562561E+04  4.1966137E-01  3.3293293E+02  2.4915598E+23  1.3642814E+00  1.0000000E-99  1.0000000E-99
 1473  8.6621406E+04  4.1994666E-01  3.3315925E+02  2.4892284E+23  1.3686840E+00  1.0000000E-99  1.0000000E-99
 1474  8.6680252E+04  4.2023194E-01  3.3338558E+02  2.4868933E+23  1.3731061E+00  1.0000000E-99  1.0000000E-99
 1475  8.6739097E+04  4.2051723E-01  3.3361191E+02  2.4845544E+23  1.3775477E+00  1.0000000E-99  1.0000000E-99
 1476  8.6797942E+04  4.2080251E-01  3.3383824E+02  2.4822117E+23  1.3820090E+00  1.0000000E-99  1.0000000E-99
 1477  8.6856788E+04  4.2108780E-01  3.3406457E+02  2.4798652E+23  1.3864902E+00  1.0000000E-99  1.0000000E-99
 1478  8.6915633E+04  4.2137309E-01  3.3429090E+02  2.4775148E+23  1.3909913E+00  1.0000000E-99  1.0000000E-99
 1479  8.6974478E+04  4.2165837E-01  3.3451722E+02  2.4751607E+23  1.3955124E+00  1.0000000E-99  1.0000000E-99
 1480  8.7033324E+04  4.2194366E-01  3.3474355E+02  2.4728027E+23  1.4000538E+00  1.0000000E-99  1.0000000E-99
 1481  8.7092169E+04  4.2222895E-01  3.3496988E+02  2.4704408E+23  1.4046156E+00  1.0000000E-99  1.0000000E-99
 1482  8.7151015E+04  4.2251423E-01  3.3519621E+02  2.4680752E+23  1.4091978E+00  1.0000000E-99  1.0000000E-99
 1483  8.7209860E+04  4.2279952E-01  3.3542254E+02  2.4657056E+23  1.4138006E+00  1.0000000E-99  1.0000000E-99
 1484  8.7268705E+04  4.2308481E-01  3.3564887E+02  2.4633321E+23  1.4184242E+00  1.0000000E-99  1.0000000E-99
 1485  8.7327551E+04  4.2337009E-01  3.3587519E+02  2.4609548E+23  1.4230687E+00  1.0000000E-99  1.0000000E-99
 1486  8.7386396E+04  4.2365538E-01  3.3610152E+02  2.4585736E+23  1.4277342E+00  1.0000000E-99  1.0000000E-99
 1487  8.7445241E+04  4.2394067E-01  3.3632785E+02  2.4561884E+23  1.4324208E+00  1.0000000E-99  1.0000000E-99
 1488  8.7504087E+04  4.2422595E-01  3.3655418E+02  2.4537993E+23  1.4371288E+00  1.0000000E-99  1.0000000E-99
 1489  8.7562932E+04  4.2451124E-01  3.3678051E+02  2.4514063E+23  1.4418582E+00  1.0000000E-99  1.0000000E-99
 1490  8.7621777E+04  4.2479652E-01  3.3700684E+02  2.4490093E+23  1.4466092E+00  1.0000000E-99  1.0000000E-99
 1491  8.7680623E+04  4.2508181E-01  3.3723316E+02  2.4466084E+23  1.4513820E+00  1.0000000E-99  1.0000000E-99
 1492  8.7739468E+04  4.2536710E-01  3.3745949E+02  2.4442035E+23  1.4561766E+00  1.0000000E-99  1.0000000E-99
 1493  8.7798313E+04  4.2565238E-01  3.3768582E+02  2.4417946E+23  1.4609933E+00  1.0000000E-99  1.0000000E-99
 1494  8.7857159E+04  4.2593767E-01  3.3791215E+02  2.4393817E+23  1.4658322E+00  1.0000000E-99  1.0000000E-99
 1495  8.7916004E+04  4.2622296E-01  3.3813848E+02  2.4369648E+23  1.4706934E+00  1.0000000E-99  1.0000000E-99
 1496  8.7974850E+04  4.2650824E-01  3.3836481E+02  2.4345439E+23  1.4755770E+00  1.0000000E-99  1.0000000E-99
 1497  8.8033695E+04  4.2679353E-01  3.3859113E+02  2.4321189E+23  1.4804834E+00  1.0000000E-99  1.0000000E-99
 1498  8.8092540E+04  4.2707882E-01  3.3881746E+02  2.4296900E+23  1.4854125E+00  1.0000000E-99  1.0000000E-99
 1499  8.8151386E+04  4.2736410E-01  3.3904379E+02  2.4272569E+23  1.4903645E+00  1.0000000E-99  1.0000000E-99
 1500  8.8210231E+04  4.2764939E-01  3.3927012E+02  2.4248198E+23  1.4953397E+00  1.0000000E-99  1.0000000E-99
 1501  8.8269076E+04  4.2793468E-01  3.3949645E+02  2.4223786E+23  1.5003381E+00  1.0000000E-99  1.0000000E-99
 1502  8.8327922E+04  4.2821996E-01  3.3972278E+02  2.4199333E+23  1.5053599E+00  1.0000000E-99  1.0000000E-99
 1503  8.8386767E+04  4.2850525E-01  3.3994910E+02  2.4174839E+23  1.5104054E+00  1.0000000E-99  1.0000000E-99
 1504  8.8445612E+04  4.2879053E-01  3.4017543E+02  2.4150304E+23  1.5154746E+00  1.0000000E-99  1.0000000E-99
 1505  8.8504458E+04  4.2907582E-01  3.4040176E+02  2.4125728E+23  1.5205677E+00  1.0000000E-99  1.0000000E-99
 1506  8.8563303E+04  4.2936111E-01  3.4062809E+02  2.4101110E+23  1.5256848E+00  1.0000000E-99  1.0000000E-99
 1507  8.8622149E+04  4.2964639E-01  3.4085442E+02  2.4076450E+23  1.5308263E+00  1.0000000E-99  1.0000000E-99
 1508  8.8680994E+04  4.2993168E-01  3.4108075E+02  2.4051749E+23  1.5359921E+00  1.0000000E-99  1.0000000E-99
 1509  8.8739839E+04  4.3021697E-01  3.4130707E+02  2.4027006E+23  1.5411825E+00  1.0000000E-99  1.0000000E-99
 1510  8.8798685E+04  4.3050225E-01  3.4153340E+02  2.4002221E+23  1.5463977E+00  1.0000000E-99  1.0000000E-99
 1511  8.8857530E+04  4.3078754E-01  3.4175973E+02  2.3977394E+23  1.5516378E+00  1.0000000E-99  1.0000000E-99
 1512  8.8916375E+04  4.3107283E-01  3.4198606E+02  2.3952525E+23  1.5569031E+00  1.0000000E-99  1.0000000E-99
 1513  8.8975221E+04  4.3135811E-01  3.4221239E+02  2.3927614E+23  1.5621936E+00  1.0000000E-99  1.0000000E-99
 1514  8.9034066E+04  4.3164340E-01  3.4243872E+02  2.3902660E+23  1.5675096E+00  1.0000000E-99  1.0000000E-99
 1515  8.9092911E+04  4.3192869E-01  3.4266504E+02  2.3877663E+23  1.5728512E+00  1.0000000E-99  1.0000000E-99
 1516  8.9151757E+04  4.3221397E-01  3.4289137E+02  2.3852624E+23  1.5782187E+00  1.0000000E-99  1.0000000E-99
 1517  8.9210602E+04  4.3249926E-01  3.4311770E+02  2.3827542E+23  1.5836121E+00  1.0000000E-99  1.0000000E-99
 1518  8.9269447E+04  4.3278454E-01  3.4334403E+02  2.3802416E+23  1.5890318E+00  1.0000000E-99  1.0000000E-99
 1519  8.9328293E+04  4.3306983E-01  3.4357036E+02  2.3777248E+23  1.5944779E+00  1.0000000E-99  1.0000000E-99
 1520  8.9387138E+04  4.3335512E-01  3.4379669E+02  2.3752037E+23  1.5999505E+00  1.0000000E-99  1.0000000E-99
 1521  8.9445984E+04  4.3364040E-01  3.4402301E+02  2.3726782E+23  1.6054499E+00  1.0000000E-99  1.0000000E-99
 1522  8.9504829E+04  4.3392569E-01  3.4424934E+02  2.3701483E+23  1.6109763E+00  1.0000000E-99  1.0000000E-99
 1523  8.9563674E+04  4.3421098E-01  3.4447567E+02  2.3676141E+23  1.6165298E+00  1.0000000E-99  1.0000000E-99
 1524  8.9622520E+04  4.3449626E-01  3.4470200E+02  2.3650755E+23  1.6221107E+00  1.0000000E-99  1.0000000E-99
 1525  8.9681365E+04  4.3478155E-01  3.4492833E+02  2.3625324E+23  1.6277191E+00  1.0000000E-99  1.0000000E-99
 1526  8.9740210E+04  4.3506684E-01  3.4515466E+02  2.3599850E+23  1.6333553E+00  1.0000000E-99  1.0000000E-99
 1527  8.9799056E+04  4.3535212E-01  3.4538098E+02  2.3574332E+23  1.6390195E+00  1.0000000E-99  1.0000000E-99
 1528  8.9857901E+04  4.3563741E-01  3.4560731E+02  2.3548769E+23  1.6447118E+00  1.0000000E-99  1.0000000E-99
 1529  8.9916746E+04  4.3592270E-01  3.4583364E+02  2.3523161E+23  1.6504325E+00  1.0000000E-99  1.0000000E-99
 1530  8.9975592E+04  4.3620798E-01  3.4605997E+02  2.3497509E+23  1.6561817E+00  1.0000000E-99  1.0000000E-99
 1531  9.0034437E+04  4.3649327E-01  3.4628630E+02  2.3471812E+23  1.6619598E+00  1.0000000E-99  1.0000000E-99
 1532  9.0093283E+04  4.3677856E-01  3.4651263E+02  2.3446070E+23  1.6677668E+00  1.0000000E-99  1.0000000E-99
 1533  9.0152128E+04  4.3706384E-01  3.4673895E+02  2.3420283E+23  1.6736031E+00  1.0000000E-99  1.0000000E-99
 1534  9.0210973E+04  4.3734913E-01  3.4696528E+02  2.3394451E+23  1.6794688E+00  1.0000000E-99  1.0000000E-99
 1535  9.0269819E+04  4.3763441E-01  3.4719161E+02  2.3368573E+23  1.6853641E+00  1.0000000E-99  1.0000000E-99
 1536  9.0328664E+04  4.3791970E-01  3.4741794E+02  2.3342649E+23  1.6912894E+00  1.0000000E-99  1.0000000E-99
 1537  9.0387509E+04  4.3820499E-01  3.4764427E+02  2.3316680E+23  1.6972447E+00  1.0000000E-99  1.0000000E-99
 1538  9.0446355E+04  4.3849027E-01  3.4787059E+02  2.3290665E+23  1.7032304E+00  1.0000000E-99  1.0000000E-99
 1539  9.0505200E+04  4.3877556E-01  3.4809692E+02  2.3264604E+23  1.7092466E+00  1.0000000E-99  1.0000000E-99
 1540  9.0564045E+04  4.3906085E-01  3.4832325E+02  2.3238497E+23  1.7152935E+00  1.0000000E-99  1.0000000E-99
 1541  9.0622891E+04  4.3934613E-01  3.4854958E+02  2.3212343E+23  1.7213716E+00  1.0000000E-99  1.0000000E-99
 1542  9.0681736E+04  4.3963142E-01  3.4877591E+02  2.3186143E+23  1.7274808E+00  1.0000000E-99  1.0000000E-99
 1543  9.0740581E+04  4.3991671E-01  3.4900224E+02  2.3159896E+23  1.7336216E+00  1.0000000E-99  1.0000000E-99
 1544  9.0799427E+04  4.4020199E-01  3.4922856E+02  2.3133602E+23  1.7397940E+00  1.0000000E-99  1.0000000E-99
 1545  9.0858272E+04  4.4048728E-01  3.4945489E+02  2.3107261E+23  1.7459985E+00  1.0000000E-99  1.0000000E-99
 1546  9.0917118E+04  4.4077257E-01  3.4968122E+02  2.3080874E+23  1.7522352E+00  1.0000000E-99  1.0000000E-99
 1547  9.0975963E+04  4.4105785E-01  3.4990755E+02  2.3054438E+23  1.7585043E+00  1.0000000E-99  1.0000000E-99
 1548  9.1034808E+04  4.4134314E-01  3.5013388E+02  2.3027956E+23  1.7648062E+00  1.0000000E-99  1.0000000E-99
 1549  9.1093654E+04  4.4162842E-01  3.5036021E+02  2.3001425E+23  1.7711410E+00  1.0000000E-99  1.0000000E-99
 1550  9.1152499E+04  4.4191371E-01  3.5058653E+02  2.2974847E+23  1.7775090E+00  1.0000000E-99  1.0000000E-99
 1551  9.1211344E+04  4.4219900E-01  3.5081286E+02  2.2948221E+23  1.7839106E+00  1.0000000E-99  1.0000000E-99
 1552  9.1270190E+04  4.4248428E-01  3.5103919E+02  2.2921547E+23  1.7903458E+00  1.0000000E-99  1.0000000E-99
 1553  9.1329035E+04  4.4276957E-01  3.5126552E+02  2.2894824E+23  1.7968151E+00  1.0000000E-99  1.0000000E-99
 1554  9.1387880E+04  4.4305486E-01  3.5149185E+02  2.2868053E+23  1.8033187E+00  1.0000000E-99  1.0000000E-99
 1555  9.1446726E+04  4.4334014E-01  3.5171818E+02  2.2841233E+23  1.8098567E+00  1.0000000E-99  1.0000000E-99
 1556  9.1505571E+04  4.4362543E-01  3.5194450E+02  2.2814365E+23  1.8164297E+00  1.0000000E-99  1.0000000E-99
 1557  9.1564417E+04  4.4391072E-01  3.5217083E+02  2.2787447E+23  1.8230377E+00  1.0000000E-99  1.0000000E-99
 1558  9.1623262E+04  4.4419600E-01  3.5239716E+02  2.2760481E+23  1.8296810E+00  1.0000000E-99  1.0000000E-99
 1559  9.1682107E+04  4.4448129E-01  3.5262349E+02  2.2733465E+23  1.8363600E+00  1.0000000E-99  1.0000000E-99
 1560  9.1740953E+04  4.4476658E-01  3.5284982E+02  2.2706399E+23  1.8430750E+00  1.0000000E-99  1.0000000E-99
 1561  9.1799798E+04  4.4505186E-01  3.5307615E+02  2.2679284E+23  1.8498261E+00  1.0000000E-99  1.0000000E-99
 1562  9.1858643E+04  4.4533715E-01  3.5330247E+02  2.2652119E+23  1.8566138E+00  1.0000000E-99  1.0000000E-99
 1563  9.1917489E+04  4.4562243E-01  3.5352880E+02  2.2624904E+23  1.8634382E+00  1.0000000E-99  1.0000000E-99
 1564  9.1976334E+04  4.4590772E-01  3.5375513E+02  2.2597638E+23  1.8702998E+00  1.0000000E-99  1.0000000E-99
 1565  9.2035179E+04  4.4619301E-01  3.5398146E+02  2.2570322E+23  1.8771987E+00  1.0000000E-99  1.0000000E-99
 1566  9.2094025E+04  4.4647829E-01  3.5420779E+02  2.2542956E+23  1.8841354E+00  1.0000000E-99  1.0000000E-99
 1567  9.2152870E+04  4.4676358E-01  3.5443412E+02  2.2515539E+23  1.8911100E+00  1.0000000E-99  1.0000000E-99
 1568  9.2211715E+04  4.4704887E-01  3.5466044E+02  2.2488071E+23  1.8981229E+00  1.0000000E-99  1.0000000E-99
 1569  9.2270561E+04  4.4733415E-01  3.5488677E+02  2.2460551E+23  1.9051745E+00  1.0000000E-99  1.0000000E-99
 1570  9.2329406E+04  4.4761944E-01  3.5511310E+02  2.2432980E+23  1.9122650E+00  1.0000000E-99  1.0000000E-99
 1571  9.2388252E+04  4.4790473E-01  3.5533943E+02  2.2405358E+23  1.9193948E+00  1.0000000E-99  1.0000000E-99
 1572  9.2447097E+04  4.4819001E-01  3.5556576E+02  2.2377684E+23  1.9265641E+00  1.0000000E-99  1.0000000E-99
 1573  9.2505942E+04  4.4847530E-01  3.5579209E+02  2.2349958E+23  1.9337734E+00  1.0000000E-99  1.0000000E-99
 1574  9.2564788E+04  4.4876059E-01  3.5601841E+02  2.2322180E+23  1.9410229E+00  1.0000000E-99  1.0000000E-99
 1575  9.2623633E+04  4.4904587E-01  3.5624474E+02  2.2294350E+23  1.9483129E+00  1.0000000E-99  1.0000000E-99
 1576  9.2682478E+04  4.4933116E-01  3.5647107E+02  2.2266467E+23  1.9556439E+00  1.0000000E-99  1.0000000E-99
 1577  9.2741324E+04  4.4961644E-01  3.5669740E+02  2.2238532E+23  1.9630161E+00  1.0000000E-99  1.0000000E-99
 1578  9.2800169E+04  4.4990173E-01  3.5692373E+02  2.2210543E+23  1.9704299E+00  1.0000000E-99  1.0000000E-99
 1579  9.2859014E+04  4.5018702E-01  3.5715006E+02  2.2182502E+23  1.9778856E+00  1.0000000E-99  1.0000000E-99
 1580  9.2917860E+04  4.5047230E-01  3.5737638E+02  2.2154407E+23  1.9853836E+00  1.0000000E-99  1.0000000E-99
 1581  9.2976705E+04  4.5075759E-01  3.5760271E+02  2.2126259E+23  1.9929243E+00  1.0000000E-99  1.0000000E-99
 1582  9.3035551E+04  4.5104288E-01  3.5782904E+02  2.2098057E+23  2.0005080E+00  1.0000000E-99  1.0000000E-99
 1583  9.3094396E+04  4.5132816E-01  3.5805537E+02  2.2069801E+23  2.0081351E+00  1.0000000E-99  1.0000000E-99
 1584  9.3153241E+04  4.5161345E-01  3.5828170E+02  2.2041491E+23  2.0158058E+00  1.0000000E-99  1.0000000E-99
 1585  9.3212087E+04  4.5189874E-01  3.5850803E+02  2.2013126E+23  2.0235208E+00  1.0000000E-99  1.0000000E-99
 1586  9.3270932E+04  4.5218402E-01  3.5873435E+02  2.1984707E+23  2.0312802E+00  1.0000000E-99  1.0000000E-99
 1587  9.3329777E+04  4.5246931E-01  3.5896068E+02  2.1956234E+23  2.0390844E+00  1.0000000E-99  1.0000000E-99
 1588  9.3388623E+04  4.5275460E-01  3.5918701E+02  2.1927705E+23  2.0469339E+00  1.0000000E-99  1.0000000E-99
 1589  9.3447468E+04  4.5303988E-01  3.5941334E+02  2.1899121E+23  2.0548291E+00  1.0000000E-99  1.0000000E-99
 1590  9.3506313E+04  4.5332517E-01  3.5963967E+02  2.1870482E+23  2.0627703E+00  1.0000000E-99  1.0000000E-99
 1591  9.3565159E+04  4.5361045E-01  3.5986600E+02  2.1841787E+23  2.0707580E+00  1.0000000E-99  1.0000000E-99
 1592  9.3624004E+04  4.5389574E-01  3.6009232E+02  2.1813036E+23  2.0787925E+00  1.0000000E-99  1.0000000E-99
 1593  9.3682850E+04  4.5418103E-01  3.6031865E+02  2.1784229E+23  2.0868743E+00  1.0000000E-99  1.0000000E-99
 1594  9.3741695E+04  4.5446631E-01  3.6054498E+02  2.1755366E+23  2.0950037E+00  1.0000000E-99  1.0000000E-99
 1595  9.3800540E+04  4.5475160E-01  3.6077131E+02  2.1726447E+23  2.1031812E+00  1.0000000E-99  1.0000000E-99
 1596  9.3859386E+04  4.5503689E-01  3.6099764E+02  2.1697471E+23  2.1114072E+00  1.0000000E-99  1.0000000E-99
 1597  9.3918231E+04  4.5532217E-01  3.6122397E+02  2.1668437E+23  2.1196822E+00  1.0000000E-99  1.0000000E-99
 1598  9.3977076E+04  4.5560746E-01  3.6145029E+02  2.1639347E+23  2.1280065E+00  1.0000000E-99  1.0000000E-99
 1599  9.4035922E+04  4.5589275E-01  3.6167662E+02  2.1610199E+23  2.1363806E+00  1.0000000E-99  1.0000000E-99
 1600  9.4094767E+04  4.5617803E-01  3.6190295E+02  2.1580994E+23  2.1448050E+00  1.0000000E-99  1.0000000E-99
 1601  9.4153612E+04  4.5646332E-01  3.6212928E+02  2.1551730E+23  2.1532801E+00  1.0000000E-99  1.0000000E-99
 1602  9.4212458E+04  4.5674861E-01  3.6235561E+02  2.1522409E+23  2.1618063E+00  1.0000000E-99  1.0000000E-99
 1603  9.4271303E+04  4.5703389E-01  3.6258194E+02  2.1493029E+23  2.1703841E+00  1.0000000E-99  1.0000000E-99
 1604  9.4330148E+04  4.5731918E-01  3.6280826E+02  2.1463590E+23  2.1790141E+00  1.0000000E-99  1.0000000E-99
 1605  9.4388994E+04  4.5760446E-01  3.6303459E+02  2.1434093E+23  2.1876965E+00  1.0000000E-99  1.0000000E-99
 1606  9.4447839E+04  4.5788975E-01  3.6326092E+02  2.1404537E+23  2.1964320E+00  1.0000000E-99  1.0000000E-99
 1607  9.4506685E+04  4.5817504E-01  3.6348725E+02  2.1374921E+23  2.2052210E+00  1.0000000E-99  1.0000000E-99
 1608  9.4565530E+04  4.5846032E-01  3.6371358E+02  2.1345246E+23  2.2140640E+00  1.0000000E-99  1.0000000E-99
 1609  9.4624375E+04  4.5874561E-01  3.6393990E+02  2.1315511E+23  2.2229615E+00  1.0000000E-99  1.0000000E-99
 1610  9.4683221E+04  4.5903090E-01  3.6416623E+02  2.1285715E+23  2.2319140E+00  1.0000000E-99  1.0000000E-99
 1611  9.4742066E+04  4.5931618E-01  3.6439256E+02  2.1255860E+23  2.2409219E+00  1.0000000E-99  1.0000000E-99
 1612  9.4800911E+04  4.5960147E-01  3.6461889E+02  2.1225944E+23  2.2499859E+00  1.0000000E-99  1.0000000E-99
 1613  9.4859757E+04  4.5988676E-01  3.6484522E+02  2.1195967E+23  2.2591064E+00  1.0000000E-99  1.0000000E-99
 1614  9.4918602E+04  4.6017204E-01  3.6507155E+02  2.1165929E+23  2.2682839E+00  1.0000000E-99  1.0000000E-99
 1615  9.4977447E+04  4.6045733E-01  3.6529787E+02  2.1135830E+23  2.2775191E+00  1.0000000E-99  1.0000000E-99
 1616  9.5036293E+04  4.6074262E-01  3.6552420E+02  2.1105669E+23  2.2868123E+00  1.0000000E-99  1.0000000E-99
 1617  9.5095138E+04  4.6102790E-01  3.6575053E+02  2.1075446E+23  2.2961642E+00  1.0000000E-99  1.0000000E-99
 1618  9.5153984E+04  4.6131319E-01  3.6597686E+02  2.1045161E+23  2.3055754E+00  1.0000000E-99  1.0000000E-99
 1619  9.5212829E+04  4.6159848E-01  3.6620319E+02  2.1014813E+23  2.3150463E+00  1.0000000E-99  1.0000000E-99
 1620  9.5271674E+04  4.6188376E-01  3.6642952E+02  2.0984403E+23  2.3245775E+00  1.0000000E-99  1.0000000E-99
 1621  9.5330520E+04  4.6216905E-01  3.6665584E+02  2.0953930E+23  2.3341697E+00  1.0000000E-99  1.0000000E-99
 1622  9.5389365E+04  4.6245433E-01  3.6688217E+02  2.0923394E+23  2.3438234E+00  1.0000000E-99  1.0000000E-99
 1623  9.5448210E+04  4.6273962E-01  3.6710850E+02  2.0892794E+23  2.3535391E+00  1.0000000E-99  1.0000000E-99
 1624  9.5507056E+04  4.6302491E-01  3.6733483E+02  2.0862130E+23  2.3633175E+00  1.0000000E-99  1.0000000E-99
 1625  9.5565901E+04  4.6331019E-01  3.6756116E+02  2.0831402E+23  2.3731592E+00  1.0000000E-99  1.0000000E-99
 1626  9.5624746E+04  4.6359548E-01  3.6778749E+02  2.0800610E+23  2.3830648E+00  1.0000000E-99  1.0000000E-99
 1627  9.5683592E+04  4.6388077E-01  3.6801381E+02  2.0769753E+23  2.3930349E+00  1.0000000E-99  1.0000000E-99
 1628  9.5742437E+04  4.6416605E-01  3.6824014E+02  2.0738832E+23  2.4030702E+00  1.0000000E-99  1.0000000E-99
 1629  9.5801282E+04  4.6445134E-01  3.6846647E+02  2.0707845E+23  2.4131712E+00  1.0000000E-99  1.0000000E-99
 1630  9.5860128E+04  4.6473663E-01  3.6869280E+02  2.0676792E+23  2.4233386E+00  1.0000000E-99  1.0000000E-99
 1631  9.5918973E+04  4.6502191E-01  3.6891913E+02  2.0645674E+23  2.4335731E+00  1.0000000E-99  1.0000000E-99
 1632  9.5977819E+04  4.6530720E-01  3.6914546E+02  2.0614490E+23  2.4438753E+00  1.0000000E-99  1.0000000E-99
 1633  9.6036664E+04  4.6559249E-01  3.6937178E+02  2.0583239E+23  2.4542459E+00  1.0000000E-99  1.0000000E-99
 1634  9.6095509E+04  4.6587777E-01  3.6959811E+02  2.0551921E+23  2.4646856E+00  1.0000000E-99  1.0000000E-99
 1635  9.6154355E+04  4.6616306E-01  3.6982444E+02  2.0520537E+23  2.4751950E+00  1.0000000E-99  1.0000000E-99
 1636  9.6213200E+04  4.6644834E-01  3.7005077E+02  2.0489085E+23  2.4857749E+00  1.0000000E-99  1.0000000E-99
 1637  9.6272045E+04  4.6673363E-01  3.7027710E+02  2.0457566E+23  2.4964259E+00  1.0000000E-99  1.0000000E-99
 1638  9.6330891E+04  4.6701892E-01  3.7050343E+02  2.0425978E+23  2.5071489E+00  1.0000000E-99  1.0000000E-99
 1639  9.6389736E+04  4.6730420E-01  3.7072975E+02  2.0394322E+23  2.5179444E+00  1.0000000E-99  1.0000000E-99
 1640  9.6448581E+04  4.6758949E-01  3.7095608E+02  2.0362598E+23  2.5288132E+00  1.0000000E-99  1.0000000E-99
 1641  9.6507427E+04  4.6787478E-01  3.7118241E+02  2.0330805E+23  2.5397561E+00  1.0000000E-99  1.0000000E-99
 1642  9.6566272E+04  4.6816006E-01  3.7140874E+02  2.0298942E+23  2.5507739E+00  1.0000000E-99  1.0000000E-99
 1643  9.6625118E+04  4.6844535E-01  3.7163507E+02  2.0267010E+23  2.5618672E+00  1.0000000E-99  1.0000000E-99
 1644  9.6683963E+04  4.6873064E-01  3.7186140E+02  2.0235009E+23  2.5730369E+00  1.0000000E-99  1.0000000E-99
 1645  9.6742808E+04  4.6901592E-01  3.7208772E+02  2.0202936E+23  2.5842838E+00  1.0000000E-99  1.0000000E-99
 1646  9.6801654E+04  4.6930121E-01  3.7231405E+02  2.0170794E+23  2.5956086E+00  1.0000000E-99  1.0000000E-99
 1647  9.6860499E+04  4.6958650E-01  3.7254038E+02  2.0138580E+23  2.6070121E+00  1.0000000E-99  1.0000000E-99
 1648  9.6919344E+04  4.6987178E-01  3.7276671E+02  2.0106295E+23  2.6184952E+00  1.0000000E-99  1.0000000E-99
 1649  9.6978190E+04  4.7015707E-01  3.7299304E+02  2.0073939E+23  2.6300587E+00  1.0000000E-99  1.0000000E-99
 1650  9.7037035E+04  4.7044235E-01  3.7321937E+02  2.0041511E+23  2.6417035E+00  1.0000000E-99  1.0000000E-99
 1651  9.7095880E+04  4.7072764E-01  3.7344569E+02  2.0009010E+23  2.6534303E+00  1.0000000E-99  1.0000000E-99
 1652  9.7154726E+04  4.7101293E-01  3.7367202E+02  1.9976437E+23  2.6652402E+00  1.0000000E-99  1.0000000E-99
 1653  9.7213571E+04  4.7129821E-01  3.7389835E+02  1.9943791E+23  2.6771338E+00  1.0000000E-99  1.0000000E-99
 1654  9.7272416E+04  4.7158350E-01  3.7412468E+02  1.9911071E+23  2.6891122E+00  1.0000000E-99  1.0000000E-99
 1655  9.7331262E+04  4.7186879E-01  3.7435101E+02  1.9878278E+23  2.7011762E+00  1.0000000E-99  1.0000000E-99
 1656  9.7390107E+04  4.7215407E-01  3.7457734E+02  1.9845411E+23  2.7133267E+00  1.0000000E-99  1.0000000E-99
 1657  9.7448953E+04  4.7243936E-01  3.7480366E+02  1.9812469E+23  2.7255647E+00  1.0000000E-99  1.0000000E-99
 1658  9.7507798E+04  4.7272465E-01  3.7502999E+02  1.9779452E+23  2.7378911E+00  1.0000000E-99  1.0000000E-99
 1659  9.7566643E+04  4.7300993E-01  3.7525632E+02  1.9746360E+23  2.7503069E+00  1.0000000E-99  1.0000000E-99
 1660  9.7625489E+04  4.7329522E-01  3.7548265E+02  1.9713193E+23  2.7628130E+00  1.0000000E-99  1.0000000E-99
 1661  9.7684334E+04  4.7358051E-01  3.7570898E+02  1.9679950E+23  2.7754104E+00  1.0000000E-99  1.0000000E-99
 1662  9.7743179E+04  4.7386579E-01  3.7593531E+02  1.9646630E+23  2.7881001E+00  1.0000000E-99  1.0000000E-99
 1663  9.7802025E+04  4.7415108E-01  3.7616163E+02  1.9613234E+23  2.8008832E+00  1.0000000E-99  1.0000000E-99
 1664  9.7860870E+04  4.7443636E-01  3.7638796E+02  1.9579761E+23  2.8137606E+00  1.0000000E-99  1.0000000E-99
 1665  9.7919715E+04  4.7472165E-01  3.7661429E+02  1.9546210E+23  2.8267334E+00  1.0000000E-99  1.0000000E-99
 1666  9.7978561E+04  4.7500694E-01  3.7684062E+02  1.9512581E+23  2.8398027E+00  1.0000000E-99  1.0000000E-99
 1667  9.8037406E+04  4.7529222E-01  3.7706695E+02  1.9478874E+23  2.8529694E+00  1.0000000E-99  1.0000000E-99
 1668  9.8096252E+04  4.7557751E-01  3.7729328E+02  1.9445088E+23  2.8662348E+00  1.0000000E-99  1.0000000E-99
 1669  9.8155097E+04  4.7586280E-01  3.7751960E+02  1.9411223E+23  2.8795999E+00  1.0000000E-99  1.0000000E-99
 1670  9.8213942E+04  4.7614808E-01  3.7774593E+02  1.9377278E+23  2.8930658E+00  1.0000000E-99  1.0000000E-99
 1671  9.8272788E+04  4.7643337E-01  3.7797226E+02  1.9343254E+23  2.9066337E+00  1.0000000E-99  1.0000000E-99
 1672  9.8331633E+04  4.7671866E-01  3.7819859E+02  1.9309149E+23  2.9203047E+00  1.0000000E-99  1.0000000E-99
 1673  9.8390478E+04  4.7700394E-01  3.7842492E+02  1.9274963E+23  2.9340800E+00  1.0000000E-99  1.0000000E-99
 1674  9.8449324E+04  4.7728923E-01  3.7865124E+02  1.9240696E+23  2.9479608E+00  1.0000000E-99  1.0000000E-99
 1675  9.8508169E+04  4.7757452E-01  3.7887757E+02  1.9206347E+23  2.9619484E+00  1.0000000E-99  1.0000000E-99
 1676  9.8567014E+04  4.7785980E-01  3.7910390E+02  1.9171916E+23  2.9760438E+00  1.0000000E-99  1.0000000E-99
 1677  9.8625860E+04  4.7814509E-01  3.7933023E+02  1.9137403E+23  2.9902484E+00  1.0000000E-99  1.0000000E-99
 1678  9.8684705E+04  4.7843037E-01  3.7955656E+02  1.9102807E+23  3.0045635E+00  1.0000000E-99  1.0000000E-99
 1679  9.8743550E+04  4.7871566E-01  3.7978289E+02  1.9068127E+23  3.0189902E+00  1.0000000E-99  1.0000000E-99
 1680  9.8802396E+04  4.7900095E-01  3.8000921E+02  1.9033363E+23  3.0335300E+00  1.0000000E-99  1.0000000E-99
 1681  9.8861241E+04  4.7928623E-01  3.8023554E+02  1.8998515E+23  3.0481842E+00  1.0000000E-99  1.0000000E-99
 1682  9.8920087E+04  4.7957152E-01  3.8046187E+02  1.8963582E+23  3.0629541E+00  1.0000000E-99  1.0000000E-99
 1683  9.8978932E+04  4.7985681E-01  3.8068820E+02  1.8928564E+23  3.0778410E+00  1.0000000E-99  1.0000000E-99
 1684  9.9037777E+04  4.8014209E-01  3.8091453E+02  1.8893460E+23  3.0928464E+00  1.0000000E-99  1.0000000E-99
 1685  9.9096623E+04  4.8042738E-01  3.8114086E+02  1.8858269E+23  3.1079717E+00  1.0000000E-99  1.0000000E-99
 1686  9.9155468E+04  4.8071267E-01  3.8136718E+02  1.8822992E+23  3.1232182E+00  1.0000000E-99  1.0000000E-99
 1687  9.9214313E+04  4.8099795E-01  3.8159351E+02  1.8787628E+23  3.1385876E+00  1.0000000E-99  1.0000000E-99
 1688  9.9273159E+04  4.8128324E-01  3.8181984E+02  1.8752176E+23  3.1540811E+00  1.0000000E-99  1.0000000E-99
 1689  9.9332004E+04  4.8156853E-01  3.8204617E+02  1.8716636E+23  3.1697005E+00  1.0000000E-99  1.0000000E-99
 1690  9.9390849E+04  4.8185381E-01  3.8227250E+02  1.8681007E+23  3.1854471E+00  1.0000000E-99  1.0000000E-99
 1691  9.9449695E+04  4.8213910E-01  3.8249883E+02  1.8645288E+23  3.2013225E+00  1.0000000E-99  1.0000000E-99
 1692  9.9508540E+04  4.8242438E-01  3.8272515E+02  1.8609480E+23  3.2173283E+00  1.0000000E-99  1.0000000E-99
 1693  9.9567386E+04  4.8270967E-01  3.8295148E+02  1.8573582E+23  3.2334662E+00  1.0000000E-99  1.0000000E-99
 1694  9.9626231E+04  4.8299496E-01  3.8317781E+02  1.8537593E+23  3.2497376E+00  1.0000000E-99  1.0000000E-99
 1695  9.9685076E+04  4.8328024E-01  3.8340414E+02  1.8501513E+23  3.2661444E+00  1.0000000E-99  1.0000000E-99
 1696  9.9743922E+04  4.8356553E-01  3.8363047E+02  1.8465340E+23  3.2826882E+00  1.0000000E-99  1.0000000E-99
 1697  9.9802767E+04  4.8385082E-01  3.8385680E+02  1.8429076E+23  3.2993707E+00  1.0000000E-99  1.0000000E-99
 1698  9.9861612E+04  4.8413610E-01  3.8408312E+02  1.8392718E+23  3.3161936E+00  1.0000000E-99  1.0000000E-99
 1699  9.9920458E+04  4.8442139E-01  3.8430945E+02  1.8356267E+23  3.3331588E+00  1.0000000E-99  1.0000000E-99
 1700  9.9979303E+04  4.8470668E-01  3.8453578E+02  1.8319722E+23  3.3502679E+00  1.0000000E-99  1.0000000E-99
 1701  1.0003815E+05  4.8499196E-01  3.8476211E+02  1.8283082E+23  3.3675230E+00  1.0000000E-99  1.0000000E-99
 1702  1.0009699E+05  4.8527725E-01  3.8498844E+02  1.8246347E+23  3.3849257E+00  1.0000000E-99  1.0000000E-99
 1703  1.0015584E+05  4.8556254E-01  3.8521477E+02  1.8209516E+23  3.4024780E+00  1.0000000E-99  1.0000000E-99
 1704  1.0021468E+05  4.8584782E-01  3.8544109E+02  1.8172589E+23  3.4201819E+00  1.0000000E-99  1.0000000E-99
 1705  1.0027353E+05  4.8613311E-01  3.8566742E+02  1.8135564E+23  3.4380393E+00  1.0000000E-99  1.0000000E-99
 1706  1.0033238E+05  4.8641839E-01  3.8589375E+02  1.8098443E+23  3.4560522E+00  1.0000000E-99  1.0000000E-99
 1707  1.0039122E+05  4.8670368E-01  3.8612008E+02  1.8061223E+23  3.4742226E+00  1.0000000E-99  1.0000000E-99
 1708  1.0045007E+05  4.8698897E-01  3.8634641E+02  1.8023904E+23  3.4925526E+00  1.0000000E-99  1.0000000E-99
 1709  1.0050891E+05  4.8727425E-01  3.8657274E+02  1.7986486E+23  3.5110443E+00  1.0000000E-99  1.0000000E-99
 1710  1.0056776E+05  4.8755954E-01  3.8679906E+02  1.7948968E+23  3.5296999E+00  1.0000000E-99  1.0000000E-99
 1711  1.0062660E+05  4.8784483E-01  3.8702539E+02  1.7911350E+23  3.5485215E+00  1.0000000E-99  1.0000000E-99
 1712  1.0068545E+05  4.8813011E-01  3.8725172E+02  1.7873630E+23  3.5675112E+00  1.0000000E-99  1.0000000E-99
 1713  1.0074429E+05  4.8841540E-01  3.8747805E+02  1.7835808E+23  3.5866715E+00  1.0000000E-99  1.0000000E-99
 1714  1.0080314E+05  4.8870069E-01  3.8770438E+02  1.7797884E+23  3.6060046E+00  1.0000000E-99  1.0000000E-99
 1715  1.0086198E+05  4.8898597E-01  3.8793071E+02  1.7759857E+23  3.6255128E+00  1.0000000E-99  1.0000000E-99
 1716  1.0092083E+05  4.8927126E-01  3.8815703E+02  1.7721725E+23  3.6451984E+00  1.0000000E-99  1.0000000E-99
 1717  1.0097967E+05  4.8955655E-01  3.8838336E+02  1.7683490E+23  3.6650640E+00  1.0000000E-99  1.0000000E-99
 1718  1.0103852E+05  4.8984183E-01  3.8860969E+02  1.7645149E+23  3.6851120E+00  1.0000000E-99  1.0000000E-99
 1719  1.0109736E+05  4.9012712E-01  3.8883602E+02  1.7606702E+23  3.7053449E+00  1.0000000E-99  1.0000000E-99
 1720  1.0115621E+05  4.9041241E-01  3.8906235E+02  1.7568148E+23  3.7257653E+00  1.0000000E-99  1.0000000E-99
 1721  1.0121506E+05  4.9069769E-01  3.8928868E+02  1.7529487E+23  3.7463757E+00  1.0000000E-99  1.0000000E-99
 1722  1.0127390E+05  4.9098298E-01  3.8951500E+02  1.7490718E+23  3.7671788E+00  1.0000000E-99  1.0000000E-99
 1723  1.0133275E+05  4.9126826E-01  3.8974133E+02  1.7451841E+23  3.7881774E+00  1.0000000E-99  1.0000000E-99
 1724  1.0139159E+05  4.9155355E-01  3.8996766E+02  1.7412854E+23  3.8093742E+00  1.0000000E-99  1.0000000E-99
 1725  1.0145044E+05  4.9183884E-01  3.9019399E+02  1.7373756E+23  3.8307720E+00  1.0000000E-99  1.0000000E-99
 1726  1.0150928E+05  4.9212412E-01  3.9042032E+02  1.7334548E+23  3.8523736E+00  1.0000000E-99  1.0000000E-99
 1727  1.0156813E+05  4.9240941E-01  3.9064665E+02  1.7295228E+23  3.8741820E+00  1.0000000E-99  1.0000000E-99
 1728  1.0162697E+05  4.9269470E-01  3.9087297E+02  1.7255796E+23  3.8962001E+00  1.0000000E-99  1.0000000E-99
 1729  1.0168582E+05  4.9297998E-01  3.9109930E+02  1.7216250E+23  3.9184310E+00  1.0000000E-99  1.0000000E-99
 1730  1.0174466E+05  4.9326527E-01  3.9132563E+02  1.7176591E+23  3.9408778E+00  1.0000000E-99  1.0000000E-99
 1731  1.0180351E+05  4.9355056E-01  3.9155196E+02  1.7136816E+23  3.9635436E+00  1.0000000E-99  1.0000000E-99
 1732  1.0186235E+05  4.9383584E-01  3.9177829E+02  1.7096926E+23  3.9864316E+00  1.0000000E-99  1.0000000E-99
 1733  1.0192120E+05  4.9412113E-01  3.9200462E+02  1.7056920E+23  4.0095451E+00  1.0000000E-99  1.0000000E-99
 1734  1.0198005E+05  4.9440642E-01  3.9223094E+02  1.7016796E+23  4.0328874E+00  1.0000000E-99  1.0000000E-99
 1735  1.0203889E+05  4.9469170E-01  3.9245727E+02  1.6976554E+23  4.0564620E+00  1.0000000E-99  1.0000000E-99
 1736  1.0209774E+05  4.9497699E-01  3.9268360E+02  1.6936194E+23  4.0802722E+00  1.0000000E-99  1.0000000E-99
 1737  1.0215658E+05  4.9526227E-01  3.9290993E+02  1.6895713E+23  4.1043217E+00  1.0000000E-99  1.0000000E-99
 1738  1.0221543E+05  4.9554756E-01  3.9313626E+02  1.6855112E+23  4.1286141E+00  1.0000000E-99  1.0000000E-99
 1739  1.0227427E+05  4.9583285E-01  3.9336259E+02  1.6814390E+23  4.1531530E+00  1.0000000E-99  1.0000000E-99
 1740  1.0233312E+05  4.9611813E-01  3.9358891E+02  1.6773545E+23  4.1779422E+00  1.0000000E-99  1.0000000E-99
 1741  1.0239196E+05  4.9640342E-01  3.9381524E+02  1.6732577E+23  4.2029855E+00  1.0000000E-99  1.0000000E-99
 1742  1.0245081E+05  4.9668871E-01  3.9404157E+02  1.6691484E+23  4.2282869E+00  1.0000000E-99  1.0000000E-99
 1743  1.0250965E+05  4.9697399E-01  3.9426790E+02  1.6650267E+23  4.2538504E+00  1.0000000E-99  1.0000000E-99
 1744  1.0256850E+05  4.9725928E-01  3.9449423E+02  1.6608923E+23  4.2796799E+00  1.0000000E-99  1.0000000E-99
 1745  1.0262734E+05  4.9754457E-01  3.9472055E+02  1.6567452E+23  4.3057798E+00  1.0000000E-99  1.0000000E-99
 1746  1.0268619E+05  4.9782985E-01  3.9494688E+02  1.6525854E+23  4.3321542E+00  1.0000000E-99  1.0000000E-99
 1747  1.0274503E+05  4.9811514E-01  3.9517321E+02  1.6484126E+23  4.3588075E+00  1.0000000E-99  1.0000000E-99
 1748  1.0280388E+05  4.9840043E-01  3.9539954E+02  1.6442269E+23  4.3857441E+00  1.0000000E-99  1.0000000E-99
 1749  1.0286273E+05  4.9868571E-01  3.9562587E+02  1.6400281E+23  4.4129685E+00  1.0000000E-99  1.0000000E-99
 1750  1.0292157E+05  4.9897100E-01  3.9585220E+02  1.6358161E+23  4.4404855E+00  1.0000000E-99  1.0000000E-99
 1751  1.0298042E+05  4.9925628E-01  3.9607852E+02  1.6315908E+23  4.4682996E+00  1.0000000E-99  1.0000000E-99
 1752  1.0303926E+05  4.9954157E-01  3.9630485E+02  1.6273521E+23  4.4964157E+00  1.0000000E-99  1.0000000E-99
 1753  1.0309811E+05  4.9982686E-01  3.9653118E+02  1.6230999E+23  4.5248389E+00  1.0000000E-99  1.0000000E-99
 1754  1.0315695E+05  5.0011214E-01  3.9675751E+02  1.6188341E+23  4.5535740E+00  1.0000000E-99  1.0000000E-99
 1755  1.0321580E+05  5.0039743E-01  3.9698384E+02  1.6145546E+23  4.5826262E+00  1.0000000E-99  1.0000000E-99
 1756  1.0327464E+05  5.0068272E-01  3.9721017E+02  1.6102612E+23  4.6120009E+00  1.0000000E-99  1.0000000E-99
 1757  1.0333349E+05  5.0096800E-01  3.9743649E+02  1.6059539E+23  4.6417034E+00  1.0000000E-99  1.0000000E-99
 1758  1.0339233E+05  5.0125329E-01  3.9766282E+02  1.6016326E+23  4.6717391E+00  1.0000000E-99  1.0000000E-99
 1759  1.0345118E+05  5.0153858E-01  3.9788915E+02  1.5972971E+23  4.7021138E+00  1.0000000E-99  1.0000000E-99
 1760  1.0351002E+05  5.0182386E-01  3.9811548E+02  1.5929474E+23  4.7328332E+00  1.0000000E-99  1.0000000E-99
 1761  1.0356887E+05  5.0210915E-01  3.9834181E+02  1.5885832E+23  4.7639031E+00  1.0000000E-99  1.0000000E-99
 1762  1.0362772E+05  5.0239444E-01  3.9856814E+02  1.5842045E+23  4.7953297E+00  1.0000000E-99  1.0000000E-99
 1763  1.0368656E+05  5.0267972E-01  3.9879446E+02  1.5798112E+23  4.8271189E+00  1.0000000E-99  1.0000000E-99
 1764  1.0374541E+05  5.0296501E-01  3.9902079E+02  1.5754032E+23  4.8592772E+00  1.0000000E-99  1.0000000E-99
 1765  1.0380425E+05  5.0325029E-01  3.9924712E+02  1.5709802E+23  4.8918111E+00  1.0000000E-99  1.0000000E-99
 1766  1.0386310E+05  5.0353558E-01  3.9947345E+02  1.5665423E+23  4.9247270E+00  1.0000000E-99  1.0000000E-99
 1767  1.0392194E+05  5.0382087E-01  3.9969978E+02  1.5620892E+23  4.9580317E+00  1.0000000E-99  1.0000000E-99
 1768  1.0398079E+05  5.0410615E-01  3.9992611E+02  1.5576209E+23  4.9917322E+00  1.0000000E-99  1.0000000E-99
 1769  1.0403963E+05  5.0439144E-01  4.0015243E+02  1.5531371E+23  5.0258356E+00  1.0000000E-99  1.0000000E-99
 1770  1.0409848E+05  5.0467673E-01  4.0037876E+02  1.5486379E+23  5.0603490E+00  1.0000000E-99  1.0000000E-99
 1771  1.0415732E+05  5.0496201E-01  4.0060509E+02  1.5441229E+23  5.0952800E+00  1.0000000E-99  1.0000000E-99
 1772  1.0421617E+05  5.0524730E-01  4.0083142E+02  1.5395922E+23  5.1306361E+00  1.0000000E-99  1.0000000E-99
 1773  1.0427501E+05  5.0553259E-01  4.0105775E+02  1.5350455E+23  5.1664251E+00  1.0000000E-99  1.0000000E-99
 1774  1.0433386E+05  5.0581787E-01  4.0128408E+02  1.5304828E+23  5.2026550E+00  1.0000000E-99  1.0000000E-99
 1775  1.0439271E+05  5.0610316E-01  4.0151040E+02  1.5259038E+23  5.2393340E+00  1.0000000E-99  1.0000000E-99
 1776  1.0445155E+05  5.0638845E-01  4.0173673E+02  1.5213084E+23  5.2764704E+00  1.0000000E-99  1.0000000E-99
 1777  1.0451040E+05  5.0667373E-01  4.0196306E+02  1.5166965E+23  5.3140729E+00  1.0000000E-99  1.0000000E-99
 1778  1.0456924E+05  5.0695902E-01  4.0218939E+02  1.5120679E+23  5.3521503E+00  1.0000000E-99  1.0000000E-99
 1779  1.0462809E+05  5.0724430E-01  4.0241572E+02  1.5074225E+23  5.3907115E+00  1.0000000E-99  1.0000000E-99
 1780  1.0468693E+05  5.0752959E-01  4.0264205E+02  1.5027602E+23  5.4297660E+00  1.0000000E-99  1.0000000E-99
 1781  1.0474578E+05  5.0781488E-01  4.0286837E+02  1.4980806E+23  5.4693231E+00  1.0000000E-99  1.0000000E-99
 1782  1.0480462E+05  5.0810016E-01  4.0309470E+02  1.4933838E+23  5.5093926E+00  1.0000000E-99  1.0000000E-99
 1783  1.0486347E+05  5.0838545E-01  4.0332103E+02  1.4886695E+23  5.5499845E+00  1.0000000E-99  1.0000000E-99
 1784  1.0492231E+05  5.0867074E-01  4.0354736E+02  1.4839376E+23  5.5911091E+00  1.0000000E-99  1.0000000E-99
 1785  1.0498116E+05  5.0895602E-01  4.0377369E+02  1.4791878E+23  5.6327769E+00  1.0000000E-99  1.0000000E-99
 1786  1.0504000E+05  5.0924131E-01  4.0400002E+02  1.4744201E+23  5.6749988E+00  1.0000000E-99  1.0000000E-99
 1787  1.0509885E+05  5.0952660E-01  4.0422634E+02  1.4696342E+23  5.7177858E+00  1.0000000E-99  1.0000000E-99
 1788  1.0515769E+05  5.0981188E-01  4.0445267E+02  1.4648300E+23  5.7611493E+00  1.0000000E-99  1.0000000E-99
 1789  1.0521654E+05  5.1009717E-01  4.0467900E+02  1.4600073E+23  5.8051011E+00  1.0000000E-99  1.0000000E-99
 1790  1.0527539E+05  5.1038246E-01  4.0490533E+02  1.4551659E+23  5.8496531E+00  1.0000000E-99  1.0000000E-99
 1791  1.0533423E+05  5.1066774E-01  4.0513166E+02  1.4503056E+23  5.8948178E+00  1.0000000E-99  1.0000000E-99
 1792  1.0539308E+05  5.1095303E-01  4.0535799E+02  1.4454262E+23  5.9406078E+00  1.0000000E-99  1.0000000E-99
 1793  1.0545192E+05  5.1123831E-01  4.0558431E+02  1.4405276E+23  5.9870363E+00  1.0000000E-99  1.0000000E-99
 1794  1.0551077E+05  5.1152360E-01  4.0581064E+02  1.4356095E+23  6.0341165E+00  1.0000000E-99  1.0000000E-99
 1795  1.0556961E+05  5.1180889E-01  4.0603697E+02  1.4306718E+23  6.0818624E+00  1.0000000E-99  1.0000000E-99
 1796  1.0562846E+05  5.1209417E-01  4.0626330E+02  1.4257141E+23  6.1302881E+00  1.0000000E-99  1.0000000E-99
 1797  1.0568730E+05  5.1237946E-01  4.0648963E+02  1.4207364E+23  6.1794082E+00  1.0000000E-99  1.0000000E-99
 1798  1.0574615E+05  5.1266475E-01  4.0671596E+02  1.4157384E+23  6.2292377E+00  1.0000000E-99  1.0000000E-99
 1799  1.0580499E+05  5.1295003E-01  4.0694228E+02  1.4107200E+23  6.2797921E+00  1.0000000E-99  1.0000000E-99
 1800  1.0586384E+05  5.1323532E-01  4.0716861E+02  1.4056807E+23  6.3310873E+00  1.0000000E-99  1.0000000E-99
 1801  1.0592268E+05  5.1352061E-01  4.0739494E+02  1.4006206E+23  6.3831398E+00  1.0000000E-99  1.0000000E-99
 1802  1.0598153E+05  5.1380589E-01  4.0762127E+02  1.3955392E+23  6.4359662E+00  1.0000000E-99  1.0000000E-99
 1803  1.0604038E+05  5.1409118E-01  4.0784760E+02  1.3904365E+23  6.4895841E+00  1.0000000E-99  1.0000000E-99
 1804  1.0609922E+05  5.1437647E-01  4.0807393E+02  1.3853121E+23  6.5440113E+00  1.0000000E-99  1.0000000E-99
 1805  1.0615807E+05  5.1466175E-01  4.0830025E+02  1.3801658E+23  6.5992662E+00  1.0000000E-99  1.0000000E-99
 1806  1.0621691E+05  5.1494704E-01  4.0852658E+02  1.3749974E+23  6.6553679E+00  1.0000000E-99  1.0000000E-99
 1807  1.0627576E+05  5.1523232E-01  4.0875291E+02  1.3698066E+23  6.7123360E+00  1.0000000E-99  1.0000000E-99
 1808  1.0633460E+05  5.1551761E-01  4.0897924E+02  1.3645932E+23  6.7701905E+00  1.0000000E-99  1.0000000E-99
 1809  1.0639345E+05  5.1580290E-01  4.0920557E+02  1.3593569E+23  6.8289525E+00  1.0000000E-99  1.0000000E-99
 1810  1.0645229E+05  5.1608818E-01  4.0943190E+02  1.3540974E+23  6.8886433E+00  1.0000000E-99  1.0000000E-99
 1811  1.0651114E+05  5.1637347E-01  4.0965822E+02  1.3488145E+23  6.9492851E+00  1.0000000E-99  1.0000000E-99
 1812  1.0656998E+05  5.1665876E-01  4.0988455E+02  1.3435079E+23  7.0109008E+00  1.0000000E-99  1.0000000E-99
 1813  1.0662883E+05  5.1694404E-01  4.1011088E+02  1.3381772E+23  7.0735140E+00  1.0000000E-99  1.0000000E-99
 1814  1.0668767E+05  5.1722933E-01  4.1033721E+02  1.3328223E+23  7.1371492E+00  1.0000000E-99  1.0000000E-99
 1815  1.0674652E+05  5.1751462E-01  4.1056354E+02  1.3274429E+23  7.2018315E+00  1.0000000E-99  1.0000000E-99
 1816  1.0680536E+05  5.1779990E-01  4.1078986E+02  1.3220385E+23  7.2675869E+00  1.0000000E-99  1.0000000E-99
 1817  1.0686421E+05  5.1808519E-01  4.1101619E+02  1.3166090E+23  7.3344424E+00  1.0000000E-99  1.0000000E-99
 1818  1.0692306E+05  5.1837048E-01  4.1124252E+02  1.3111540E+23  7.4024257E+00  1.0000000E-99  1.0000000E-99
 1819  1.0698190E+05  5.1865576E-01  4.1146885E+02  1.3056731E+23  7.4715656E+00  1.0000000E-99  1.0000000E-99
 1820  1.0704075E+05  5.1894105E-01  4.1169518E+02  1.3001662E+23  7.5418919E+00  1.0000000E-99  1.0000000E-99
 1821  1.0709959E+05  5.1922634E-01  4.1192151E+02  1.2946327E+23  7.6134352E+00  1.0000000E-99  1.0000000E-99
 1822  1.0715844E+05  5.1951162E-01  4.1214783E+02  1.2890725E+23  7.6862275E+00  1.0000000E-99  1.0000000E-99
 1823  1.0721728E+05  5.1979691E-01  4.1237416E+02  1.2834851E+23  7.7603018E+00  1.0000000E-99  1.0000000E-99
 1824  1.0727613E+05  5.2008219E-01  4.1260049E+02  1.2778701E+23  7.8356920E+00  1.0000000E-99  1.0000000E-99
 1825  1.0733497E+05  5.2036748E-01  4.1282682E+02  1.2722273E+23  7.9124336E+00  1.0000000E-99  1.0000000E-99
 1826  1.0739382E+05  5.2065277E-01  4.1305315E+02  1.2665562E+23  7.9905633E+00  1.0000000E-99  1.0000000E-99
 1827  1.0745266E+05  5.2093805E-01  4.1327948E+02  1.2608565E+23  8.0701189E+00  1.0000000E-99  1.0000000E-99
 1828  1.0751151E+05  5.2122334E-01  4.1350580E+02  1.2551278E+23  8.1511398E+00  1.0000000E-99  1.0000000E-99
 1829  1.0757035E+05  5.2150863E-01  4.1373213E+02  1.2493696E+23  8.2336669E+00  1.0000000E-99  1.0000000E-99
 1830  1.0762920E+05  5.2179391E-01  4.1395846E+02  1.2435816E+23  8.3177426E+00  1.0000000E-99  1.0000000E-99
 1831  1.0768805E+05  5.2207920E-01  4.1418479E+02  1.2377634E+23  8.4034107E+00  1.0000000E-99  1.0000000E-99
 1832  1.0774689E+05  5.2236449E-01  4.1441112E+02  1.2319145E+23  8.4907169E+00  1.0000000E-99  1.0000000E-99
 1833  1.0780574E+05  5.2264977E-01  4.1463745E+02  1.2260344E+23  8.5797086E+00  1.0000000E-99  1.0000000E-99
 1834  1.0786458E+05  5.2293506E-01  4.1486377E+02  1.2201228E+23  8.6704351E+00  1.0000000E-99  1.0000000E-99
 1835  1.0792343E+05  5.2322035E-01  4.1509010E+02  1.2141791E+23  8.7629475E+00  1.0000000E-99  1.0000000E-99
 1836  1.0798227E+05  5.2350563E-01  4.1531643E+02  1.2082030E+23  8.8572991E+00  1.0000000E-99  1.0000000E-99
 1837  1.0804112E+05  5.2379092E-01  4.1554276E+02  1.2021938E+23  8.9535452E+00  1.0000000E-99  1.0000000E-99
 1838  1.0809996E+05  5.2407620E-01  4.1576909E+02  1.1961512E+23  9.0517434E+00  1.0000000E-99  1.0000000E-99
 1839  1.0815881E+05  5.2436149E-01  4.1599542E+02  1.1900746E+23  9.1519536E+00  1.0000000E-99  1.0000000E-99
 1840  1.0821765E+05  5.2464678E-01  4.1622174E+02  1.1839634E+23  9.2542383E+00  1.0000000E-99  1.0000000E-99
 1841  1.0827650E+05  5.2493206E-01  4.1644807E+02  1.1778172E+23  9.3586626E+00  1.0000000E-99  1.0000000E-99
 1842  1.0833534E+05  5.2521735E-01  4.1667440E+02  1.1716354E+23  9.4652942E+00  1.0000000E-99  1.0000000E-99
 1843  1.0839419E+05  5.2550264E-01  4.1690073E+02  1.1654174E+23  9.5742038E+00  1.0000000E-99  1.0000000E-99
 1844  1.0845303E+05  5.2578792E-01  4.1712706E+02  1.1591626E+23  9.6854651E+00  1.0000000E-99  1.0000000E-99
 1845  1.0851188E+05  5.2607321E-01  4.1735339E+02  1.1528705E+23  9.7991552E+00  1.0000000E-99  1.0000000E-99
 1846  1.0857073E+05  5.2635850E-01  4.1757971E+02  1.1465404E+23  9.9153543E+00  1.0000000E-99  1.0000000E-99
 1847  1.0862957E+05  5.2664378E-01  4.1780604E+02  1.1401718E+23  1.0034146E+01  1.0000000E-99  1.0000000E-99
 1848  1.0868842E+05  5.2692907E-01  4.1803237E+02  1.1337638E+23  1.0155619E+01  1.0000000E-99  1.0000000E-99
 1849  1.0874726E+05  5.2721436E-01  4.1825870E+02  1.1273160E+23  1.0279865E+01  1.0000000E-99  1.0000000E-99
 1850  1.0880611E+05  5.2749964E-01  4.1848503E+02  1.1208275E+23  1.0406978E+01  1.0000000E-99  1.0000000E-99
 1851  1.0886495E+05  5.2778493E-01  4.1871136E+02  1.1142977E+23  1.0537061E+01  1.0000000E-99  1.0000000E-99
 1852  1.0892380E+05  5.2807021E-01  4.1893768E+02  1.1077258E+23  1.0670217E+01  1.0000000E-99  1.0000000E-99
 1853  1.0898264E+05  5.2835550E-01  4.1916401E+02  1.1011112E+23  1.0806558E+01  1.0000000E-99  1.0000000E-99
 1854  1.0904149E+05  5.2864079E-01  4.1939034E+02  1.0944530E+23  1.0946198E+01  1.0000000E-99  1.0000000E-99
 1855  1.0910033E+05  5.2892607E-01  4.1961667E+02  1.0877503E+23  1.1089260E+01  1.0000000E-99  1.0000000E-99
 1856  1.0915918E+05  5.2921136E-01  4.1984300E+02  1.0810025E+23  1.1235869E+01  1.0000000E-99  1.0000000E-99
 1857  1.0921802E+05  5.2949665E-01  4.2006933E+02  1.0742086E+23  1.1386160E+01  1.0000000E-99  1.0000000E-99
 1858  1.0927687E+05  5.2978193E-01  4.2029565E+02  1.0673678E+23  1.1540274E+01  1.0000000E-99  1.0000000E-99
 1859  1.0933572E+05  5.3006722E-01  4.2052198E+02  1.0604791E+23  1.1698357E+01  1.0000000E-99  1.0000000E-99
 1860  1.0939456E+05  5.3035251E-01  4.2074831E+02  1.0535417E+23  1.1860565E+01  1.0000000E-99  1.0000000E-99
 1861  1.0945341E+05  5.3063779E-01  4.2097464E+02  1.0465545E+23  1.2027062E+01  1.0000000E-99  1.0000000E-99
 1862  1.0951225E+05  5.3092308E-01  4.2120097E+02  1.0395165E+23  1.2198020E+01  1.0000000E-99  1.0000000E-99
 1863  1.0957110E+05  5.3120837E-01  4.2142730E+02  1.0324267E+23  1.2373620E+01  1.0000000E-99  1.0000000E-99
 1864  1.0962994E+05  5.3149365E-01  4.2165362E+02  1.0252841E+23  1.2554054E+01  1.0000000E-99  1.0000000E-99
 1865  1.0968879E+05  5.3177894E-01  4.2187995E+02  1.0180874E+23  1.2739525E+01  1.0000000E-99  1.0000000E-99
 1866  1.0974763E+05  5.3206422E-01  4.2210628E+02  1.0108357E+23  1.2930246E+01  1.0000000E-99  1.0000000E-99
 1867  1.0980648E+05  5.3234951E-01  4.2233261E+02  1.0035276E+23  1.3126443E+01  1.0000000E-99  1.0000000E-99
 1868  1.0986532E+05  5.3263480E-01  4.2255894E+02  9.9616190E+22  1.3328356E+01  1.0000000E-99  1.0000000E-99
 1869  1.0992417E+05  5.3292008E-01  4.2278527E+02  9.8873737E+22  1.3536238E+01  1.0000000E-99  1.0000000E-99
 1870  1.0998301E+05  5.3320537E-01  4.2301159E+02  9.8125264E+22  1.3750357E+01  1.0000000E-99  1.0000000E-99
 1871  1.1004186E+05  5.3349066E-01  4.2323792E+02  9.7370632E+22  1.3970998E+01  1.0000000E-99  1.0000000E-99
 1872  1.1010071E+05  5.3377594E-01  4.2346425E+02  9.6609698E+22  1.4198465E+01  1.0000000E-99  1.0000000E-99
 1873  1.1015955E+05  5.3406123E-01  4.2369058E+02  9.5842311E+22  1.4433077E+01  1.0000000E-99  1.0000000E-99
 1874  1.1021840E+05  5.3434652E-01  4.2391691E+02  9.5068315E+22  1.4675179E+01  1.0000000E-99  1.0000000E-99
 1875  1.1027724E+05  5.3463180E-01  4.2414324E+02  9.4287547E+22  1.4925133E+01  1.0000000E-99  1.0000000E-99
 1876  1.1033609E+05  5.3491709E-01  4.2436956E+02  9.3499837E+22  1.5183327E+01  1.0000000E-99  1.0000000E-99
 1877  1.1039493E+05  5.3520238E-01  4.2459589E+02  9.2705009E+22  1.5450178E+01  1.0000000E-99  1.0000000E-99
 1878  1.1045378E+05  5.3548766E-01  4.2482222E+02  9.1902878E+22  1.5726125E+01  1.0000000E-99  1.0000000E-99
 1879  1.1051262E+05  5.3577295E-01  4.2504855E+02  9.1093251E+22  1.6011644E+01  1.0000000E-99  1.0000000E-99
 1880  1.1057147E+05  5.3605823E-01  4.2527488E+02  9.0275926E+22  1.6307241E+01  1.0000000E-99  1.0000000E-99
 1881  1.1063031E+05  5.3634352E-01  4.2550120E+02  8.9450692E+22  1.6613458E+01  1.0000000E-99  1.0000000E-99
 1882  1.1068916E+05  5.3662881E-01  4.2572753E+02  8.8617329E+22  1.6930878E+01  1.0000000E-99  1.0000000E-99
 1883  1.1074800E+05  5.3691409E-01  4.2595386E+02  8.7775604E+22  1.7260128E+01  1.0000000E-99  1.0000000E-99
 1884  1.1080685E+05  5.3719938E-01  4.2618019E+02  8.6925275E+22  1.7601881E+01  1.0000000E-99  1.0000000E-99
 1885  1.1086569E+05  5.3748467E-01  4.2640652E+02  8.6066087E+22  1.7956864E+01  1.0000000E-99  1.0000000E-99
 1886  1.1092454E+05  5.3776995E-01  4.2663285E+02  8.5197772E+22  1.8325858E+01  1.0000000E-99  1.0000000E-99
 1887  1.1098339E+05  5.3805524E-01  4.2685917E+02  8.4320047E+22  1.8709711E+01  1.0000000E-99  1.0000000E-99
 1888  1.1104223E+05  5.3834053E-01  4.2708550E+02  8.3432616E+22  1.9109339E+01  1.0000000E-99  1.0000000E-99
 1889  1.1110108E+05  5.3862581E-01  4.2731183E+02  8.2535166E+22  1.9525733E+01  1.0000000E-99  1.0000000E-99
 1890  1.1115992E+05  5.3891110E-01  4.2753816E+02  8.1627367E+22  1.9959972E+01  1.0000000E-99  1.0000000E-99
 1891  1.1121877E+05  5.3919639E-01  4.2776449E+02  8.0708868E+22  2.0413227E+01  1.0000000E-99  1.0000000E-99
 1892  1.1127761E+05  5.3948167E-01  4.2799082E+02  7.9779301E+22  2.0886776E+01  1.0000000E-99  1.0000000E-99
 1893  1.1133646E+05  5.3976696E-01  4.2821714E+02  7.8838274E+22  2.1382013E+01  1.0000000E-99  1.0000000E-99
 1894  1.1139530E+05  5.4005224E-01  4.2844347E+02  7.7885372E+22  2.1900461E+01  1.0000000E-99  1.0000000E-99
 1895  1.1145415E+05  5.4033753E-01  4.2866980E+02  7.6920153E+22  2.2443793E+01  1.0000000E-99  1.0000000E-99
 1896  1.1151299E+05  5.4062282E-01  4.2889613E+02  7.5942147E+22  2.3013844E+01  1.0000000E-99  1.0000000E-99
 1897  1.1157184E+05  5.4090810E-01  4.2912246E+02  7.4950855E+22  2.3612633E+01  1.0000000E-99  1.0000000E-99
 1898  1.1163068E+05  5.4119339E-01  4.2934879E+02  7.3945741E+22  2.4242391E+01  1.0000000E-99  1.0000000E-99
 1899  1.1168953E+05  5.4147868E-01  4.2957511E+02  7.2926235E+22  2.4905583E+01  1.0000000E-99  1.0000000E-99
 1900  1.1174838E+05  5.4176396E-01  4.2980144E+02  7.1891724E+22  2.5604944E+01  1.0000000E-99  1.0000000E-99
 1901  1.1180722E+05  5.4204925E-01  4.3002777E+02  7.0841550E+22  2.6343516E+01  1.0000000E-99  1.0000000E-99
 1902  1.1186607E+05  5.4233454E-01  4.3025410E+02  6.9775007E+22  2.7124692E+01  1.0000000E-99  1.0000000E-99
 1903  1.1192491E+05  5.4261982E-01  4.3048043E+02  6.8691331E+22  2.7952268E+01  1.0000000E-99  1.0000000E-99
 1904  1.1198376E+05  5.4290511E-01  4.3070676E+02  6.7589700E+22  2.8830503E+01  1.0000000E-99  1.0000000E-99
 1905  1.1204260E+05  5.4319040E-01  4.3093308E+02  6.6469220E+22  2.9764198E+01  1.0000000E-99  1.0000000E-99
 1906  1.1210145E+05  5.4347568E-01  4.3115941E+02  6.5328921E+22  3.0758775E+01  1.0000000E-99  1.0000000E-99
 1907  1.1216029E+05  5.4376097E-01  4.3138574E+02  6.4167746E+22  3.1820391E+01  1.0000000E-99  1.0000000E-99
 1908  1.1221914E+05  5.4404625E-01  4.3161207E+02  6.2984542E+22  3.2956060E+01  1.0000000E-99  1.0000000E-99
 1909  1.1227798E+05  5.4433154E-01  4.3183840E+02  6.1778042E+22  3.4173812E+01  1.0000000E-99  1.0000000E-99
 1910  1.1233683E+05  5.4461683E-01  4.3206473E+02  6.0546854E+22  3.5482879E+01  1.0000000E-99  1.0000000E-99
 1911  1.1239567E+05  5.4490211E-01  4.3229105E+02  5.9289440E+22  3.6893933E+01  1.0000000E-99  1.0000000E-99
 1912  1.1245452E+05  5.4518740E-01  4.3251738E+02  5.8004094E+22  3.8419378E+01  1.0000000E-99  1.0000000E-99
 1913  1.1251336E+05  5.4547269E-01  4.3274371E+02  5.6688917E+22  4.0073712E+01  1.0000000E-99  1.0000000E-99
 1914  1.1257221E+05  5.4575797E-01  4.3297004E+02  5.5341781E+22  4.1873992E+01  1.0000000E-99  1.0000000E-99
 1915  1.1263106E+05  5.4604326E-01  4.3319637E+02  5.3960293E+22  4.3840427E+01  1.0000000E-99  1.0000000E-99
 1916  1.1268990E+05  5.4632855E-01  4.3342270E+02  5.2541743E+22  4.5997135E+01  1.0000000E-99  1.0000000E-99
 1917  1.1274875E+05  5.4661383E-01  4.3364902E+02  5.1083044E+22  4.8373142E+01  1.0000000E-99  1.0000000E-99
 1918  1.1280759E+05  5.4689912E-01  4.3387535E+02  4.9580653E+22  5.1003696E+01  1.0000000E-99  1.0000000E-99
 1919  1.1286644E+05  5.4718441E-01  4.3410168E+02  4.8030470E+22  5.3932026E+01  1.0000000E-99  1.0000000E-99
 1920  1.1292528E+05  5.4746969E-01  4.3432801E+02  4.6427707E+22  5.7211742E+01  1.0000000E-99  1.0000000E-99
 1921  1.1298413E+05  5.4775498E-01  4.3455434E+02  4.4766717E+22  6.0910151E+01  1.0000000E-99  1.0000000E-99
 1922  1.1304297E+05  5.4804027E-01  4.3478067E+02  4.3040761E+22  6.5112925E+01  1.0000000E-99  1.0000000E-99
 1923  1.1310182E+05  5.4832555E-01  4.3500699E+02  4.1241681E+22  6.9930836E+01  1.0000000E-99  1.0000000E-99
 1924  1.1316066E+05  5.4861084E-01  4.3523332E+02  3.9359453E+22  7.5509672E+01  1.0000000E-99  1.0000000E-99
 1925  1.1321951E+05  5.4889612E-01  4.3545965E+02  3.7381518E+22  8.2045271E+01  1.0000000E-99  1.0000000E-99
 1926  1.1327835E+05  5.4918141E-01  4.3568598E+02  3.5291789E+22  8.9807038E+01  1.0000000E-99  1.0000000E-99
 1927  1.1333720E+05  5.4946670E-01  4.3591231E+02  3.3069078E+22  9.9176096E+01  1.0000000E-99  1.0000000E-99
 1928  1.1339605E+05  5.4975198E-01  4.3613864E+02  3.0684500E+22  1.1070997E+02  1.0000000E-99  1.0000000E-99
 1929  1.1345489E+05  5.5003727E-01  4.3636496E+02  2.8096873E+22  1.2525817E+02  1.0000000E-99  1.0000000E-99
 1930  1.1351374E+05  5.5032256E-01  4.3659129E+02  2.5243832E+22  1.4418250E+02  1.0000000E-99  1.0000000E-99
 1931  1.1357258E+05  5.5060784E-01  4.3681762E+02  2.2022465E+22  1.6981307E+02  1.0000000E-99  1.0000000E-99
 1932  1.1363143E+05  5.5089313E-01  4.3704395E+02  1.8238638E+22  2.0649877E+02  1.0000000E-99  1.0000000E-99
 1933  1.1369027E+05  5.5117842E-01  4.3727028E+02  1.3424902E+22  2.6341542E+02  1.0000000E-99  1.0000000E-99
 1934  1.1374912E+05  5.5146370E-01  4.3749661E+02  5.2658475E+21  3.6394257E+02  1.0000000E-99  1.0000000E-99
 1935  1.1380796E+05  5.5174899E-01  4.3772293E+02  2.1507633E-06  5.9187683E+02  1.0000000E-99  1.0000000E-99
 1936  1.1386681E+05  5.5203428E-01  4.3794926E+02  2.1507633E-06  5.9187683E+02  1.0000000E-99  1.0000000E-99
 1937  1.1392565E+05  5.5231956E-01  4.3817559E+02  2.1507633E-06  1.0000000E-99  1.0000000E-99  1.0000000E-99
 1938  1.1398450E+05  5.5260485E-01  4.3840192E+02  2.1507633E-06  1.0000000E-99  1.0000000E-99  1.0000000E-99
 1939  1.1404334E+05  5.5289013E-01  4.3862825E+02  2.1507633E-06  1.0000000E-99  1.0000000E-99  1.0000000E-99
 1940  1.1410219E+05  5.5317542E-01  4.3885458E+02  2.1507633E-06  1.0000000E-99  1.0000000E-99  1.0000000E-99
 1941  1.1416103E+05  5.5346071E-01  4.3908090E+02  2.1507633E-06  1.0000000E-99  1.0000000E-99  1.0000000E-99
 1942  1.1421988E+05  5.5374599E-01  4.3930723E+02  2.1507633E-06  1.0000000E-99  1.0000000E-99  1.0000000E-99
 1943  1.1427873E+05  5.5403128E-01  4.3953356E+02  2.1507633E-06  1.0000000E-99  1.0000000E-99  1.0000000E-99
 1944  1.1433757E+05  5.5431657E-01  4.3975989E+02  2.1507633E-06  1.0000000E-99  1.0000000E-99  1.0000000E-99
 1945  1.1439642E+05  5.5460185E-01  4.3998622E+02  2.1507633E-06  1.0000000E-99  1.0000000E-99  1.0000000E-99
 1946  1.1445526E+05  5.5488714E-01  4.4021255E+02  2.1507633E-06  1.0000000E-99  1.0000000E-99  1.0000000E-99
 1947  1.1451411E+05  5.5517243E-01  4.4043887E+02  2.1507633E-06  1.0000000E-99  1.0000000E-99  1.0000000E-99
 1948  1.1457295E+05  5.5545771E-01  4.4066520E+02  2.1507633E-06  1.0000000E-99  1.0000000E-99  1.0000000E-99
 1949  1.1463180E+05  5.5574300E-01  4.4089153E+02  2.1507633E-06  1.0000000E-99  1.0000000E-99  1.0000000E-99
 1950  1.1469064E+05  5.5602829E-01  4.4111786E+02  2.1507633E-06  1.0000000E-99  1.0000000E-99  1.0000000E-99
 1951  1.1474949E+05  5.5631357E-01  4.4134419E+02  2.1507633E-06  1.0000000E-99  1.0000000E-99  1.0000000E-99
 1952  1.1480833E+05  5.5659886E-01  4.4157051E+02  2.1507633E-06  1.0000000E-99  1.0000000E-99  1.0000000E-99
 1953  1.1486718E+05  5.5688414E-01  4.4179684E+02  2.1507633E-06  1.0000000E-99  1.0000000E-99  1.0000000E-99
 1954  1.1492602E+05  5.5716943E-01  4.4202317E+02  2.1507633E-06  1.0000000E-99  1.0000000E-99  1.0000000E-99
 1955  1.1498487E+05  5.5745472E-01  4.4224950E+02  2.1507633E-06  1.0000000E-99  1.0000000E-99  1.0000000E-99
 1956  1.1504372E+05  5.5774000E-01  4.4247583E+02  2.1507633E-06  1.0000000E-99  1.0000000E-99  1.0000000E-99
 1957  1.1510256E+05  5.5802529E-01  4.4270216E+02  2.1507633E-06  1.0000000E-99  1.0000000E-99  1.0000000E-99
 1958  1.1516141E+05  5.5831058E-01  4.4292848E+02  2.1507633E-06  1.0000000E-99  1.0000000E-99  1.0000000E-99
 1959  1.1522025E+05  5.5859586E-01  4.4315481E+02  2.1507633E-06  1.0000000E-99  1.0000000E-99  1.0000000E-99
 1960  1.1527910E+05  5.5888115E-01  4.4338114E+02  2.1507633E-06  1.0000000E-99  1.0000000E-99  1.0000000E-99
 1961  1.1533794E+05  5.5916644E-01  4.4360747E+02  2.1507633E-06  1.0000000E-99  1.0000000E-99  1.0000000E-99
 1962  1.1539679E+05  5.5945172E-01  4.4383380E+02  2.1507633E-06  1.0000000E-99  1.0000000E-99  1.0000000E-99
 1963  1.1545563E+05  5.5973701E-01  4.4406013E+02  2.1507633E-06  1.0000000E-99  1.0000000E-99  1.0000000E-99
 1964  1.1551448E+05  5.6002230E-01  4.4428645E+02  2.1507633E-06  1.0000000E-99  1.0000000E-99  1.0000000E-99
 1965  1.1557332E+05  5.6030758E-01  4.4451278E+02  2.1507633E-06  1.0000000E-99  1.0000000E-99  1.0000000E-99
 1966  1.1563217E+05  5.6059287E-01  4.4473911E+02  2.1507633E-06  1.0000000E-99  1.0000000E-99  1.0000000E-99
 1967  1.1569101E+05  5.6087815E-01  4.4496544E+02  2.1507633E-06  1.0000000E-99  1.0000000E-99  1.0000000E-99
 1968  1.1574986E+05  5.6116344E-01  4.4519177E+02  2.1507633E-06  1.0000000E-99  1.0000000E-99  1.0000000E-99
 1969  1.1580870E+05  5.6144873E-01  4.4541810E+02  2.1507633E-06  1.0000000E-99  1.0000000E-99  1.0000000E-99
 1970  1.1586755E+05  5.6173401E-01  4.4564442E+02  2.1507633E-06  1.0000000E-99  1.0000000E-99  1.0000000E-99
 1971  1.1592640E+05  5.6201930E-01  4.4587075E+02  2.1507633E-06  1.0000000E-99  1.0000000E-99  1.0000000E-99
 1972  1.1598524E+05  5.6230459E-01  4.4609708E+02  2.1507633E-06  1.0000000E-99  1.0000000E-99  1.0000000E-99
 1973  1.1604409E+05  5.6258987E-01  4.4632341E+02  2.1507633E-06  1.0000000E-99  1.0000000E-99  1.0000000E-99
 1974  1.1610293E+05  5.6287516E-01  4.4654974E+02  2.1507633E-06  1.0000000E-99  1.0000000E-99  1.0000000E-99
 1975  1.1616178E+05  5.6316045E-01  4.4677607E+02  2.1507633E-06  1.0000000E-99  1.0000000E-99  1.0000000E-99
 1976  1.1622062E+05  5.6344573E-01  4.4700239E+02  2.1507633E-06  1.0000000E-99  1.0000000E-99  1.0000000E-99
 1977  1.1627947E+05  5.6373102E-01  4.4722872E+02  2.1507633E-06  1.0000000E-99  1.0000000E-99  1.0000000E-99
 1978  1.1633831E+05  5.6401631E-01  4.4745505E+02  2.1507633E-06  1.0000000E-99  1.0000000E-99  1.0000000E-99
 1979  1.1639716E+05  5.6430159E-01  4.4768138E+02  2.1507633E-06  1.0000000E-99  1.0000000E-99  1.0000000E-99
 1980  1.1645600E+05  5.6458688E-01  4.4790771E+02  2.1507633E-06  1.0000000E-99  1.0000000E-99  1.0000000E-99
 1981  1.1651485E+05  5.6487216E-01  4.4813404E+02  2.1507633E-06  1.0000000E-99  1.0000000E-99  1.0000000E-99
 1982  1.1657369E+05  5.6515745E-01  4.4836036E+02  2.1507633E-06  1.0000000E-99  1.0000000E-99  1.0000000E-99
 1983  1.1663254E+05  5.6544274E-01  4.4858669E+02  2.1507633E-06  1.0000000E-99  1.0000000E-99  1.0000000E-99
 1984  1.1669139E+05  5.6572802E-01  4.4881302E+02  2.1507633E-06  1.0000000E-99  1.0000000E-99  1.0000000E-99
 1985  1.1675023E+05  5.6601331E-01  4.4903935E+02  2.1507633E-06  1.0000000E-99  1.0000000E-99  1.0000000E-99
 1986  1.1680908E+05  5.6629860E-01  4.4926568E+02  2.1507633E-06  1.0000000E-99  1.0000000E-99  1.0000000E-99
 1987  1.1686792E+05  5.6658388E-01  4.4949201E+02  2.1507633E-06  1.0000000E-99  1.0000000E-99  1.0000000E-99
 1988  1.1692677E+05  5.6686917E-01  4.4971833E+02  2.1507633E-06  1.0000000E-99  1.0000000E-99  1.0000000E-99
 1989  1.1698561E+05  5.6715446E-01  4.4994466E+02  2.1507633E-06  1.0000000E-99  1.0000000E-99  1.0000000E-99
 1990  1.1704446E+05  5.6743974E-01  4.5017099E+02  2.1507633E-06  1.0000000E-99  1.0000000E-99  1.0000000E-99
 1991  1.1710330E+05  5.6772503E-01  4.5039732E+02  2.1507633E-06  1.0000000E-99  1.0000000E-99  1.0000000E-99
 1992  1.1716215E+05  5.6801032E-01  4.5062365E+02  2.1507633E-06  1.0000000E-99  1.0000000E-99  1.0000000E-99
 1993  1.1722099E+05  5.6829560E-01  4.5084998E+02  2.1507633E-06  1.0000000E-99  1.0000000E-99  1.0000000E-99
 1994  1.1727984E+05  5.6858089E-01  4.5107630E+02  2.1507633E-06  1.0000000E-99  1.0000000E-99  1.0000000E-99
 1995  1.1733868E+05  5.6886617E-01  4.5130263E+02  2.1507633E-06  1.0000000E-99  1.0000000E-99  1.0000000E-99
 1996  1.1739753E+05  5.6915146E-01  4.5152896E+02  2.1507633E-06  1.0000000E-99  1.0000000E-99  1.0000000E-99
 1997  1.1745638E+05  5.6943675E-01  4.5175529E+02  2.1507633E-06  1.0000000E-99  1.0000000E-99  1.0000000E-99
 1998  1.1751522E+05  5.6972203E-01  4.5198162E+02  2.1507633E-06  1.0000000E-99  1.0000000E-99  1.0000000E-99
 1999  1.1757407E+05  5.7000732E-01  4.5220795E+02  2.1507633E-06  1.0000000E-99  1.0000000E-99  1.0000000E-99
 2000  1.1763291E+05  5.7029261E-01  4.5243427E+02  2.1507633E-06  1.0000000E-99  1.0000000E-99  1.0000000E-99
 2001  1.1769176E+05  5.7057789E-01  4.5266060E+02  2.1507633E-06  1.0000000E-99  1.0000000E-99  1.0000000E-99
 2002  1.1775060E+05  5.7086318E-01  4.5288693E+02  2.1507633E-06  1.0000000E-99  1.0000000E-99  1.0000000E-99
 2003  1.1780945E+05  5.7114847E-01  4.5311326E+02  2.1507633E-06  1.0000000E-99  1.0000000E-99  1.0000000E-99
 2004  1.1786829E+05  5.7143375E-01  4.5333959E+02  2.1507633E-06  1.0000000E-99  1.0000000E-99  1.0000000E-99
 2005  1.1792714E+05  5.7171904E-01  4.5356592E+02  2.1507633E-06  1.0000000E-99  1.0000000E-99  1.0000000E-99
 2006  1.1798598E+05  5.7200433E-01  4.5379224E+02  2.1507633E-06  1.0000000E-99  1.0000000E-99  1.0000000E-99
 2007  1.1804483E+05  5.7228961E-01  4.5401857E+02  2.1507633E-06  1.0000000E-99  1.0000000E-99  1.0000000E-99
 2008  1.1810367E+05  5.7257490E-01  4.5424490E+02  2.1507633E-06  1.0000000E-99  1.0000000E-99  1.0000000E-99
 2009  1.1816252E+05  5.7286019E-01  4.5447123E+02  2.1507633E-06  1.0000000E-99  1.0000000E-99  1.0000000E-99
 2010  1.1822136E+05  5.7314547E-01  4.5469756E+02  2.1507633E-06  1.0000000E-99  1.0000000E-99  1.0000000E-99
 2011  1.1828021E+05  5.7343076E-01  4.5492389E+02  2.1507633E-06  1.0000000E-99  1.0000000E-99  1.0000000E-99
 2012  1.1833906E+05  5.7371604E-01  4.5515021E+02  2.1507633E-06  1.0000000E-99  1.0000000E-99  1.0000000E-99
 2013  1.1839790E+05  5.7400133E-01  4.5537654E+02  2.1507633E-06  1.0000000E-99  1.0000000E-99  1.0000000E-99
 2014  1.1845675E+05  5.7428662E-01  4.5560287E+02  2.1507633E-06  1.0000000E-99  1.0000000E-99  1.0000000E-99
 2015  1.1851559E+05  5.7457190E-01  4.5582920E+02  2.1507633E-06  1.0000000E-99  1.0000000E-99  1.0000000E-99
 2016  1.1857444E+05  5.7485719E-01  4.5605553E+02  2.1507633E-06  1.0000000E-99  1.0000000E-99  1.0000000E-99
 2017  1.1863328E+05  5.7514248E-01  4.5628185E+02  2.1507633E-06  1.0000000E-99  1.0000000E-99  1.0000000E-99
 2018  1.1869213E+05  5.7542776E-01  4.5650818E+02  2.1507633E-06  1.0000000E-99  1.0000000E-99  1.0000000E-99
 2019  1.1875097E+05  5.7571305E-01  4.5673451E+02  2.1507633E-06  1.0000000E-99  1.0000000E-99  1.0000000E-99
 2020  1.1880982E+05  5.7599834E-01  4.5696084E+02  2.1507633E-06  1.0000000E-99  1.0000000E-99  1.0000000E-99
 2021  1.1886866E+05  5.7628362E-01  4.5718717E+02  2.1507633E-06  1.0000000E-99  1.0000000E-99  1.0000000E-99
 2022  1.1892751E+05  5.7656891E-01  4.5741350E+02  2.1507633E-06  1.0000000E-99  1.0000000E-99  1.0000000E-99
 2023  1.1898635E+05  5.7685420E-01  4.5763982E+02  2.1507633E-06  1.0000000E-99  1.0000000E-99  1.0000000E-99
 2024  1.1904520E+05  5.7713948E-01  4.5786615E+02  2.1507633E-06  1.0000000E-99  1.0000000E-99  1.0000000E-99
 2025  1.1910405E+05  5.7742477E-01  4.5809248E+02  2.1507633E-06  1.0000000E-99  1.0000000E-99  1.0000000E-99
 2026  1.1916289E+05  5.7771005E-01  4.5831881E+02  2.1507633E-06  1.0000000E-99  1.0000000E-99  1.0000000E-99
 2027  1.1922174E+05  5.7799534E-01  4.5854514E+02  2.1507633E-06  1.0000000E-99  1.0000000E-99  1.0000000E-99
 2028  1.1928058E+05  5.7828063E-01  4.5877147E+02  2.1507633E-06  1.0000000E-99  1.0000000E-99  1.0000000E-99
 2029  1.1933943E+05  5.7856591E-01  4.5899779E+02  2.1507633E-06  1.0000000E-99  1.0000000E-99  1.0000000E-99
 2030  1.1939827E+05  5.7885120E-01  4.5922412E+02  2.1507633E-06  1.0000000E-99  1.0000000E-99  1.0000000E-99
 2031  1.1945712E+05  5.7913649E-01  4.5945045E+02  2.1507633E-06  1.0000000E-99  1.0000000E-99  1.0000000E-99
 2032  1.1951596E+05  5.7942177E-01  4.5967678E+02  2.1507633E-06  1.0000000E-99  1.0000000E-99  1.0000000E-99
 2033  1.1957481E+05  5.7970706E-01  4.5990311E+02  2.1507633E-06  1.0000000E-99  1.0000000E-99  1.0000000E-99
 2034  1.1963365E+05  5.7999235E-01  4.6012944E+02  2.1507633E-06  1.0000000E-99  1.0000000E-99  1.0000000E-99
 2035  1.1969250E+05  5.8027763E-01  4.6035576E+02  2.1507633E-06  1.0000000E-99  1.0000000E-99  1.0000000E-99
 2036  1.1975134E+05  5.8056292E-01  4.6058209E+02  2.1507633E-06  1.0000000E-99  1.0000000E-99  1.0000000E-99
 2037  1.1981019E+05  5.8084821E-01  4.6080842E+02  2.1507633E-06  1.0000000E-99  1.0000000E-99  1.0000000E-99
 2038  1.1986903E+05  5.8113349E-01  4.6103475E+02  2.1507633E-06  1.0000000E-99  1.0000000E-99  1.0000000E-99
 2039  1.1992788E+05  5.8141878E-01  4.6126108E+02  2.1507633E-06  1.0000000E-99  1.0000000E-99  1.0000000E-99
 2040  1.1998673E+05  5.8170406E-01  4.6148741E+02  2.1507633E-06  1.0000000E-99  1.0000000E-99  1.0000000E-99
 2041  1.2004557E+05  5.8198935E-01  4.6171373E+02  2.1507633E-06  1.0000000E-99  1.0000000E-99  1.0000000E-99
 2042  1.2010442E+05  5.8227464E-01  4.6194006E+02  2.1507633E-06  1.0000000E-99  1.0000000E-99  1.0000000E-99
 2043  1.2016326E+05  5.8255992E-01  4.6216639E+02  2.1507633E-06  1.0000000E-99  1.0000000E-99  1.0000000E-99
 2044  1.2022211E+05  5.8284521E-01  4.6239272E+02  2.1507633E-06  1.0000000E-99  1.0000000E-99  1.0000000E-99
 2045  1.2028095E+05  5.8313050E-01  4.6261905E+02  2.1507633E-06  1.0000000E-99  1.0000000E-99  1.0000000E-99
 2046  1.2033980E+05  5.8341578E-01  4.6284538E+02  2.1507633E-06  1.0000000E-99  1.0000000E-99  1.0000000E-99
 2047  1.2039864E+05  5.8370107E-01  4.6307170E+02  2.1507633E-06  1.0000000E-99  1.0000000E-99  1.0000000E-99
 2048  1.2045749E+05  5.8398636E-01  4.6329803E+02  2.1507633E-06  1.0000000E-99  1.0000000E-99  1.0000000E-99
 2049  1.2051633E+05  5.8427164E-01  4.6352436E+02  2.1507633E-06  1.0000000E-99  1.0000000E-99  1.0000000E-99
 2050  1.2057518E+05  5.8455693E-01  4.6375069E+02  2.1507633E-06  1.0000000E-99  1.0000000E-99  1.0000000E-99
 2051  1.2063402E+05  5.8484222E-01  4.6397702E+02  2.1507633E-06  1.0000000E-99  1.0000000E-99  1.0000000E-99
 2052  1.2069287E+05  5.8512750E-01  4.6420335E+02  2.1507633E-06  1.0000000E-99  1.0000000E-99  1.0000000E-99
 2053  1.2075172E+05  5.8541279E-01  4.6442967E+02  2.1507633E-06  1.0000000E-99  1.0000000E-99  1.0000000E-99
 2054  1.2081056E+05  5.8569807E-01  4.6465600E+02  2.1507633E-06  1.0000000E-99  1.0000000E-99  1.0000000E-99
 2055  1.2086941E+05  5.8598336E-01  4.6488233E+02  2.1507633E-06  1.0000000E-99  1.0000000E-99  1.0000000E-99
 2056  1.2092825E+05  5.8626865E-01  4.6510866E+02  2.1507633E-06  1.0000000E-99  1.0000000E-99  1.0000000E-99
 2057  1.2098710E+05  5.8655393E-01  4.6533499E+02  2.1507633E-06  1.0000000E-99  1.0000000E-99  1.0000000E-99
 2058  1.2104594E+05  5.8683922E-01  4.6556132E+02  2.1507633E-06  1.0000000E-99  1.0000000E-99  1.0000000E-99
 2059  1.2110479E+05  5.8712451E-01  4.6578764E+02  2.1507633E-06  1.0000000E-99  1.0000000E-99  1.0000000E-99
 2060  1.2116363E+05  5.8740979E-01  4.6601397E+02  2.1507633E-06  1.0000000E-99  1.0000000E-99  1.0000000E-99
 2061  1.2122248E+05  5.8769508E-01  4.6624030E+02  2.1507633E-06  1.0000000E-99  1.0000000E-99  1.0000000E-99
 2062  1.2128132E+05  5.8798037E-01  4.6646663E+02  2.1507633E-06  1.0000000E-99  1.0000000E-99  1.0000000E-99
 2063  1.2134017E+05  5.8826565E-01  4.6669296E+02  2.1507633E-06  1.0000000E-99  1.0000000E-99  1.0000000E-99
 2064  1.2139901E+05  5.8855094E-01  4.6691929E+02  2.1507633E-06  1.0000000E-99  1.0000000E-99  1.0000000E-99
 2065  1.2145786E+05  5.8883623E-01  4.6714561E+02  2.1507633E-06  1.0000000E-99  1.0000000E-99  1.0000000E-99
 2066  1.2151670E+05  5.8912151E-01  4.6737194E+02  2.1507633E-06  1.0000000E-99  1.0000000E-99  1.0000000E-99
 2067  1.2157555E+05  5.8940680E-01  4.6759827E+02  2.1507633E-06  1.0000000E-99  1.0000000E-99  1.0000000E-99
 2068  1.2163440E+05  5.8969208E-01  4.6782460E+02  2.1507633E-06  1.0000000E-99  1.0000000E-99  1.0000000E-99
 2069  1.2169324E+05  5.8997737E-01  4.6805093E+02  2.1507633E-06  1.0000000E-99  1.0000000E-99  1.0000000E-99
 2070  1.2175209E+05  5.9026266E-01  4.6827726E+02  2.1507633E-06  1.0000000E-99  1.0000000E-99  1.0000000E-99
 2071  1.2181093E+05  5.9054794E-01  4.6850358E+02  2.1507633E-06  1.0000000E-99  1.0000000E-99  1.0000000E-99
 2072  1.2186978E+05  5.9083323E-01  4.6872991E+02  2.1507633E-06  1.0000000E-99  1.0000000E-99  1.0000000E-99
 2073  1.2192862E+05  5.9111852E-01  4.6895624E+02  2.1507633E-06  1.0000000E-99  1.0000000E-99  1.0000000E-99
 2074  1.2198747E+05  5.9140380E-01  4.6918257E+02  2.1507633E-06  1.0000000E-99  1.0000000E-99  1.0000000E-99
 2075  1.2204631E+05  5.9168909E-01  4.6940890E+02  2.1507633E-06  1.0000000E-99  1.0000000E-99  1.0000000E-99
 2076  1.2210516E+05  5.9197438E-01  4.6963523E+02  2.1507633E-06  1.0000000E-99  1.0000000E-99  1.0000000E-99
 2077  1.2216400E+05  5.9225966E-01  4.6986155E+02  2.1507633E-06  1.0000000E-99  1.0000000E-99  1.0000000E-99
 2078  1.2222285E+05  5.9254495E-01  4.7008788E+02  2.1507633E-06  1.0000000E-99  1.0000000E-99  1.0000000E-99
 2079  1.2228169E+05  5.9283024E-01  4.7031421E+02  2.1507633E-06  1.0000000E-99  1.0000000E-99  1.0000000E-99
 2080  1.2234054E+05  5.9311552E-01  4.7054054E+02  2.1507633E-06  1.0000000E-99  1.0000000E-99  1.0000000E-99
 2081  1.2239939E+05  5.9340081E-01  4.7076687E+02  2.1507633E-06  1.0000000E-99  1.0000000E-99  1.0000000E-99
 2082  1.2245823E+05  5.9368609E-01  4.7099320E+02  2.1507633E-06  1.0000000E-99  1.0000000E-99  1.0000000E-99
 2083  1.2251708E+05  5.9397138E-01  4.7121952E+02  2.1507633E-06  1.0000000E-99  1.0000000E-99  1.0000000E-99
 2084  1.2257592E+05  5.9425667E-01  4.7144585E+02  2.1507633E-06  1.0000000E-99  1.0000000E-99  1.0000000E-99
 2085  1.2263477E+05  5.9454195E-01  4.7167218E+02  2.1507633E-06  1.0000000E-99  1.0000000E-99  1.0000000E-99
 2086  1.2269361E+05  5.9482724E-01  4.7189851E+02  2.1507633E-06  1.0000000E-99  1.0000000E-99  1.0000000E-99
 2087  1.2275246E+05  5.9511253E-01  4.7212484E+02  2.1507633E-06  1.0000000E-99  1.0000000E-99  1.0000000E-99
 2088  1.2281130E+05  5.9539781E-01  4.7235116E+02  2.1507633E-06  1.0000000E-99  1.0000000E-99  1.0000000E-99
 2089  1.2287015E+05  5.9568310E-01  4.7257749E+02  2.1507633E-06  1.0000000E-99  1.0000000E-99  1.0000000E-99
 2090  1.2292899E+05  5.9596839E-01  4.7280382E+02  2.1507633E-06  1.0000000E-99  1.0000000E-99  1.0000000E-99
 2091  1.2298784E+05  5.9625367E-01  4.7303015E+02  2.1507633E-06  1.0000000E-99  1.0000000E-99  1.0000000E-99
 2092  1.2304668E+05  5.9653896E-01  4.7325648E+02  2.1507633E-06  1.0000000E-99  1.0000000E-99  1.0000000E-99
 2093  1.2310553E+05  5.9682425E-01  4.7348281E+02  2.1507633E-06  1.0000000E-99  1.0000000E-99  1.0000000E-99
 2094  1.2316438E+05  5.9710953E-01  4.7370913E+02  2.1507633E-06  1.0000000E-99  1.0000000E-99  1.0000000E-99
 2095  1.2322322E+05  5.9739482E-01  4.7393546E+02  2.1507633E-06  1.0000000E-99  1.0000000E-99  1.0000000E-99
 2096  1.2328207E+05  5.9768010E-01  4.7416179E+02  2.1507633E-06  1.0000000E-99  1.0000000E-99  1.0000000E-99
 2097  1.2334091E+05  5.9796539E-01  4.7438812E+02  2.1507633E-06  1.0000000E-99  1.0000000E-99  1.0000000E-99
 2098  1.2339976E+05  5.9825068E-01  4.7461445E+02  2.1507633E-06  1.0000000E-99  1.0000000E-99  1.0000000E-99
 2099  1.2345860E+05  5.9853596E-01  4.7484078E+02  2.1507633E-06  1.0000000E-99  1.0000000E-99  1.0000000E-99
 2100  1.2351745E+05  5.9882125E-01  4.7506710E+02  2.1507633E-06  1.0000000E-99  1.0000000E-99  1.0000000E-99
 2101  1.2357629E+05  5.9910654E-01  4.7529343E+02  2.1507633E-06  1.0000000E-99  1.0000000E-99  1.0000000E-99
 2102  1.2363514E+05  5.9939182E-01  4.7551976E+02  2.1507633E-06  1.0000000E-99  1.0000000E-99  1.0000000E-99
 2103  1.2369398E+05  5.9967711E-01  4.7574609E+02  2.1507633E-06  1.0000000E-99  1.0000000E-99  1.0000000E-99
 2104  1.2375283E+05  5.9996240E-01  4.7597242E+02  2.1507633E-06  1.0000000E-99  1.0000000E-99  1.0000000E-99
 2105  1.2381167E+05  6.0024768E-01  4.7619875E+02  2.1507633E-06  1.0000000E-99  1.0000000E-99  1.0000000E-99
 2106  1.2387052E+05  6.0053297E-01  4.7642507E+02  2.1507633E-06  1.0000000E-99  1.0000000E-99  1.0000000E-99
 2107  1.2392936E+05  6.0081826E-01  4.7665140E+02  2.1507633E-06  1.0000000E-99  1.0000000E-99  1.0000000E-99
 2108  1.2398821E+05  6.0110354E-01  4.7687773E+02  2.1507633E-06  1.0000000E-99  1.0000000E-99  1.0000000E-99
 2109  1.2404706E+05  6.0138883E-01  4.7710406E+02  2.1507633E-06  1.0000000E-99  1.0000000E-99  1.0000000E-99
 2110  1.2410590E+05  6.0167412E-01  4.7733039E+02  2.1507633E-06  1.0000000E-99  1.0000000E-99  1.0000000E-99
 2111  1.2416475E+05  6.0195940E-01  4.7755672E+02  2.1507633E-06  1.0000000E-99  1.0000000E-99  1.0000000E-99
 2112  1.2422359E+05  6.0224469E-01  4.7778304E+02  2.1507633E-06  1.0000000E-99  1.0000000E-99  1.0000000E-99
 2113  1.2428244E+05  6.0252997E-01  4.7800937E+02  2.1507633E-06  1.0000000E-99  1.0000000E-99  1.0000000E-99
 2114  1.2434128E+05  6.0281526E-01  4.7823570E+02  2.1507633E-06  1.0000000E-99  1.0000000E-99  1.0000000E-99
 2115  1.2440013E+05  6.0310055E-01  4.7846203E+02  2.1507633E-06  1.0000000E-99  1.0000000E-99  1.0000000E-99
 2116  1.2445897E+05  6.0338583E-01  4.7868836E+02  2.1507633E-06  1.0000000E-99  1.0000000E-99  1.0000000E-99
 2117  1.2451782E+05  6.0367112E-01  4.7891469E+02  2.1507633E-06  1.0000000E-99  1.0000000E-99  1.0000000E-99
 2118  1.2457666E+05  6.0395641E-01  4.7914101E+02  2.1507633E-06  1.0000000E-99  1.0000000E-99  1.0000000E-99
 2119  1.2463551E+05  6.0424169E-01  4.7936734E+02  2.1507633E-06  1.0000000E-99  1.0000000E-99  1.0000000E-99
 2120  1.2469435E+05  6.0452698E-01  4.7959367E+02  2.1507633E-06  1.0000000E-99  1.0000000E-99  1.0000000E-99
 2121  1.2475320E+05  6.0481227E-01  4.7982000E+02  2.1507633E-06  1.0000000E-99  1.0000000E-99  1.0000000E-99
 2122  1.2481205E+05  6.0509755E-01  4.8004633E+02  2.1507633E-06  1.0000000E-99  1.0000000E-99  1.0000000E-99
 2123  1.2487089E+05  6.0538284E-01  4.8027266E+02  2.1507633E-06  1.0000000E-99  1.0000000E-99  1.0000000E-99
 2124  1.2492974E+05  6.0566813E-01  4.8049898E+02  2.1507633E-06  1.0000000E-99  1.0000000E-99  1.0000000E-99
 2125  1.2498858E+05  6.0595341E-01  4.8072531E+02  2.1507633E-06  1.0000000E-99  1.0000000E-99  1.0000000E-99
 2126  1.2504743E+05  6.0623870E-01  4.8095164E+02  2.1507633E-06  1.0000000E-99  1.0000000E-99  1.0000000E-99
