! harvest_calib3.py -- the correction factor against the three quantities the reconstruction reports
!
! 2089 nodes measured, 0 not measured, 26016685 pixels
! x = log10 of the surface density of the finest image, cm^-2
! y = the temperature fitted at that resolution, K
! z = log10 of the ratio of the finest to the coarsest surface density
! f = the factor that restores the true surface density; f16 and f84 bracket its spread in the cell
!
!        x         y         z     pixels       f16         f       f84
    20.425     21.30    0.1500         96    0.9829    0.9963    0.9963
    20.475     21.10    0.0750        168    0.9829    0.9829    0.9829
    20.475     21.10    0.1500        328    0.9829    0.9829    0.9963
    20.525     20.70    0.0750         32    0.9437    0.9437    0.9566
    20.525     20.90    0.0100        248    0.9697    0.9697    0.9829
    20.525     20.90    0.0350        420    0.9697    0.9697    0.9829
    20.525     20.90    0.0750        404    0.9697    0.9697    0.9829
    20.525     21.10    0.0100         40    0.9829    0.9829    0.9963
    20.525     21.10    0.0350        232    0.9829    0.9829    0.9963
    20.525     21.10    0.0750        416    0.9829    0.9963    0.9963
    20.525     21.10    0.1500         84    0.9829    0.9829    0.9963
    20.575     20.50   -0.0350        112    0.9185    0.9185    0.9310
    20.575     20.50   -0.0100        136    0.9185    0.9185    0.9310
    20.575     20.50    0.0100        112    0.9061    0.9185    0.9437
    20.575     20.50    0.0350        120    0.9310    0.9437    0.9963
    20.575     20.50    0.0750         96    0.9829    1.0518    1.2044
    20.575     20.70   -0.1500       8556    0.9566    0.9697    0.9697
    20.575     20.70   -0.0750      10992    0.9566    0.9697    0.9829
    20.575     20.70   -0.0350      10716    0.9697    0.9697    0.9829
    20.575     20.70   -0.0100       2180    0.9437    0.9829    0.9829
    20.575     20.70    0.0100        676    0.9310    0.9437    0.9566
    20.575     20.70    0.0350        372    0.9437    0.9566    0.9829
    20.575     20.70    0.0750        272    0.9697    1.0237    1.0807
    20.575     20.70    0.1500         24    1.0807    1.0954    1.1882
    20.575     20.90   -0.1500       4664    0.9829    0.9829    0.9963
    20.575     20.90   -0.0750      19036    0.9829    0.9963    0.9963
    20.575     20.90   -0.0350      38012    0.9829    0.9963    0.9963
    20.575     20.90   -0.0100     144124    0.9963    0.9963    1.0099
    20.575     20.90    0.0100      36416    1.0099    1.0099    1.0099
    20.575     20.90    0.0350        220    0.9566    0.9697    0.9829
    20.575     20.90    0.0750         84    0.9963    1.0099    1.0237
    20.625     20.10    0.0100         68    0.9061    0.9310    0.9437
    20.625     20.10    0.0350        112    0.9566    1.0237    1.1104
    20.625     20.10    0.0750         52    1.3423    1.4171    1.7365
    20.625     20.30   -0.6000        272    0.9061    0.9061    0.9061
    20.625     20.30   -0.1500       2048    0.9061    0.9061    0.9185
    20.625     20.30   -0.0750        948    0.9061    0.9185    0.9310
    20.625     20.30   -0.0350         36    0.9061    0.9185    0.9185
    20.625     20.30   -0.0100         44    0.9061    0.9061    0.9185
    20.625     20.30    0.0100        208    0.9061    0.9185    0.9437
    20.625     20.30    0.0350        248    0.9437    0.9963    1.0518
    20.625     20.30    0.0750        148    1.1409    1.2715    1.3792
    20.625     20.30    0.1500         45    1.4171    1.4960    1.6673
    20.625     20.50   -0.6000        752    0.9185    0.9185    0.9310
    20.625     20.50   -0.1500       6004    0.9185    0.9310    0.9437
    20.625     20.50   -0.0750       9160    0.9310    0.9437    0.9437
    20.625     20.50   -0.0350       3488    0.9185    0.9566    0.9697
    20.625     20.50   -0.0100        384    0.9061    0.9185    0.9310
    20.625     20.50    0.0100        256    0.9185    0.9310    0.9566
    20.625     20.50    0.0350        164    0.9566    0.9963    1.0237
    20.625     20.50    0.0750        116    1.0807    1.1409    1.3243
    20.625     20.50    0.1500         33    1.1722    1.2715    1.3064
    20.625     20.70   -0.6000         40    0.9437    0.9437    0.9437
    20.625     20.70   -0.1500       1288    0.9437    0.9437    0.9566
    20.625     20.70   -0.0750       3892    0.9437    0.9566    0.9566
    20.625     20.70   -0.0350      10856    0.9697    0.9697    0.9829
    20.625     20.70   -0.0100      17876    0.9963    0.9963    1.0099
    20.625     20.70    0.0100      62796    1.0099    1.0099    1.0099
    20.625     20.90   -0.0100      50912    1.0099    1.0099    1.0099
    20.625     20.90    0.0100     162164    1.0099    1.0099    1.0099
    20.675     19.70    0.0100         56    0.9061    0.9310    0.9310
    20.675     19.70    0.0350        104    1.0099    1.0954    1.2544
    20.675     19.70    0.0750         56    1.4960    1.5794    1.9617
    20.675     19.90    0.0100        112    0.9061    0.9185    0.9310
    20.675     19.90    0.0350        172    0.9697    1.0661    1.1722
    20.675     19.90    0.0750        148    1.1722    1.4171    1.7602
    20.675     19.90    0.1500         38    1.8582    2.4039    2.5724
    20.675     20.10   -0.1500        628    0.9061    0.9061    0.9185
    20.675     20.10   -0.0750        764    0.9061    0.9185    0.9310
    20.675     20.10   -0.0350         32    0.9061    0.9061    0.9185
    20.675     20.10    0.0100         60    0.9061    0.9310    0.9566
    20.675     20.10    0.0350        108    0.9829    1.0237    1.0954
    20.675     20.10    0.0750         96    1.1722    1.2889    1.5794
    20.675     20.10    0.1500         38    1.6009    1.9617    2.0710
    20.675     20.30   -0.1500        984    0.9061    0.9061    0.9185
    20.675     20.30   -0.0750       4316    0.9185    0.9310    0.9566
    20.675     20.30   -0.0350        988    0.9437    0.9566    0.9697
    20.675     20.30   -0.0100         28    0.9310    0.9310    0.9437
    20.675     20.50   -0.0750        524    0.9437    0.9437    0.9566
    20.675     20.50   -0.0350       4344    0.9697    0.9829    0.9963
    20.675     20.50   -0.0100       3024    0.9963    1.0099    1.0099
    20.675     20.50    0.0100       2960    1.0099    1.0099    1.0099
    20.675     20.70   -0.0350        272    0.9829    0.9829    0.9963
    20.675     20.70   -0.0100      95528    1.0099    1.0099    1.0099
    20.675     20.70    0.0100     224572    1.0099    1.0099    1.0099
    20.725     19.30    0.0350        104    1.0237    1.1722    1.2209
    20.725     19.30    0.0750         64    1.5371    1.8086    2.3396
    20.725     19.50    0.0100         44    0.9061    0.9437    0.9829
    20.725     19.50    0.0350        140    0.9310    1.0376    1.1564
    20.725     19.50    0.0750        108    1.2209    1.5794    1.8836
    20.725     19.50    0.1500         34    2.0710    2.5378    2.7903
    20.725     19.70    0.0350         52    0.9437    0.9829    1.0807
    20.725     19.70    0.0750         80    1.0237    1.2209    1.4560
    20.725     19.70    0.1500         70    1.3607    1.7602    2.9859
    20.725     19.90   -0.1500        504    0.9061    0.9061    0.9185
    20.725     19.90   -0.0750        420    0.9061    0.9185    0.9310
    20.725     19.90   -0.0350         32    0.9185    0.9185    0.9310
    20.725     19.90   -0.0100         20    0.9185    0.9185    0.9310
    20.725     19.90    0.0100         24    0.9061    0.9061    0.9310
    20.725     19.90    0.0350         28    0.9310    0.9566    0.9963
    20.725     19.90    0.0750         28    1.0661    1.0954    1.1564
    20.725     19.90    0.1500         20    1.2544    1.4759    1.9353
    20.725     20.10   -0.1500        200    0.9061    0.9185    0.9310
    20.725     20.10   -0.0750       2464    0.9310    0.9437    0.9566
    20.725     20.10   -0.0350        548    0.9310    0.9566    0.9697
    20.725     20.10    0.0100         44    0.9697    0.9829    0.9829
    20.725     20.10    0.1500        104    0.9963    0.9963    0.9963
    20.725     20.30   -0.0750        524    0.9437    0.9566    0.9697
    20.725     20.30   -0.0350       2856    0.9697    0.9829    0.9963
    20.725     20.30   -0.0100        884    0.9963    1.0099    1.0099
    20.725     20.30    0.0100        648    1.0099    1.0099    1.0099
    20.725     20.50   -0.0350        436    0.9829    0.9963    1.0099
    20.725     20.50   -0.0100      71092    1.0099    1.0099    1.0099
    20.725     20.50    0.0100     116825    1.0099    1.0099    1.0099
    20.725     20.50    0.0350        220    1.0099    1.0099    1.0099
    20.725     20.70   -0.0100      31800    1.0099    1.0099    1.0099
    20.725     20.70    0.0100      43112    1.0099    1.0099    1.0099
    20.775     18.90    0.0100         28    0.9061    0.9437    0.9566
    20.775     18.90    0.0350         32    1.0807    1.1255    1.1409
    20.775     18.90    0.0750         64    1.4171    1.8086    2.0710
    20.775     18.90    0.1500         41    2.0431    3.4193    3.6589
    20.775     19.10    0.0100         20    0.9061    0.9185    0.9829
    20.775     19.10    0.0350         84    0.9437    1.0954    1.2889
    20.775     19.10    0.0750         76    1.2889    1.5581    2.2162
    20.775     19.10    0.1500         72    1.8582    2.5378    3.6097
    20.775     19.30    0.0350         36    0.9061    0.9437    1.0099
    20.775     19.30    0.0750         72    1.0376    1.1722    1.3792
    20.775     19.30    0.1500         60    1.4171    1.8086    2.9457
    20.775     19.50   -0.1500         48    0.9061    0.9061    0.9061
    20.775     19.50   -0.0350         20    0.9061    0.9061    0.9061
    20.775     19.50    0.0750         20    1.0518    1.1104    1.1722
    20.775     19.50    0.1500         37    1.1882    1.5164    1.5794
    20.775     19.70   -0.1500        428    0.9061    0.9185    0.9310
    20.775     19.70   -0.0750        304    0.9061    0.9310    0.9437
    20.775     19.70   -0.0350         48    0.9061    0.9310    0.9310
    20.775     19.70    0.0350         40    0.9437    0.9697    0.9829
    20.775     19.90   -0.1500        188    0.9185    0.9310    0.9437
    20.775     19.90   -0.0750       1344    0.9310    0.9566    0.9697
    20.775     19.90   -0.0350        216    0.9310    0.9566    0.9697
    20.775     19.90   -0.0100         60    0.9437    0.9437    0.9566
    20.775     19.90    0.0100         24    0.9437    0.9697    0.9697
    20.775     19.90    0.0750        204    0.9963    0.9963    1.0099
    20.775     19.90    0.1500        204    0.9963    1.0099    1.0099
    20.775     20.10   -0.0750        364    0.9566    0.9697    0.9829
    20.775     20.10   -0.0350       1992    0.9829    0.9963    1.0099
    20.775     20.10   -0.0100        852    0.9963    1.0099    1.0237
    20.775     20.10    0.0100        124    0.9963    1.0099    1.0099
    20.775     20.10    0.0350         32    0.9963    1.0099    1.0099
    20.775     20.10    0.0750         36    0.9963    0.9963    0.9963
    20.775     20.10    0.1500        196    0.9963    0.9963    0.9963
    20.775     20.30   -0.0350        508    0.9963    0.9963    1.0099
    20.775     20.30   -0.0100      47268    1.0099    1.0099    1.0099
    20.775     20.30    0.0100      55856    1.0099    1.0099    1.0099
    20.775     20.30    0.0350        860    1.0099    1.0099    1.0099
    20.775     20.50   -0.0100      34588    1.0099    1.0099    1.0099
    20.775     20.50    0.0100      57961    1.0099    1.0099    1.0099
    20.775     20.50    0.0350        744    1.0099    1.0099    1.0099
    20.825     18.50    0.0350         84    1.0954    1.2375    1.2544
    20.825     18.50    0.0750         48    1.3980    1.7602    2.5378
    20.825     18.50    0.1500         32    1.8332    2.4039    4.0779
    20.825     18.70    0.0350         60    0.9566    1.0376    1.1882
    20.825     18.70    0.0750         56    1.2209    1.5581    1.9885
    20.825     18.70    0.1500         77    1.8332    3.1523    4.4233
    20.825     18.90    0.0350         28    0.9061    0.9697    0.9963
    20.825     18.90    0.0750         48    1.0518    1.1722    1.5794
    20.825     18.90    0.1500         53    1.4364    1.6449    2.2464
    20.825     19.10    0.0350         20    0.9566    0.9697    0.9697
    20.825     19.10    0.1500         29    1.3064    1.3423    1.9617
    20.825     19.30   -0.1500         48    0.9061    0.9061    0.9061
    20.825     19.30   -0.0750         28    0.9061    0.9061    0.9185
    20.825     19.30    0.0750         44    0.9963    1.0518    1.0661
    20.825     19.30    0.1500         36    1.1255    1.3064    1.4171
    20.825     19.50   -0.1500        256    0.9185    0.9185    0.9437
    20.825     19.50   -0.0750        428    0.9185    0.9310    0.9437
    20.825     19.50   -0.0350         52    0.9310    0.9437    0.9437
    20.825     19.50   -0.0100         44    0.9185    0.9437    0.9566
    20.825     19.50    0.0100         36    0.9829    0.9829    0.9829
    20.825     19.50    0.0350         68    0.9697    0.9829    0.9829
    20.825     19.50    0.0750         68    0.9829    1.0237    1.0376
    20.825     19.70   -0.1500         32    0.9185    0.9310    0.9437
    20.825     19.70   -0.0750        832    0.9437    0.9697    0.9829
    20.825     19.70   -0.0350        200    0.9437    0.9697    0.9829
    20.825     19.70   -0.0100         52    0.9697    0.9829    0.9963
    20.825     19.70    0.0100        396    0.9829    0.9963    0.9963
    20.825     19.70    0.0350        980    0.9963    0.9963    0.9963
    20.825     19.70    0.0750        504    0.9963    1.0099    1.0099
    20.825     19.90   -0.0750        284    0.9697    0.9829    0.9963
    20.825     19.90   -0.0350       1608    0.9829    1.0099    1.0099
    20.825     19.90   -0.0100        528    1.0099    1.0237    1.0237
    20.825     19.90    0.0100        460    1.0099    1.0237    1.0237
    20.825     19.90    0.0350         92    0.9963    0.9963    1.0099
    20.825     19.90    0.0750        472    0.9963    0.9963    1.0099
    20.825     19.90    0.1500         48    1.0099    1.0099    1.0099
    20.825     20.10   -0.0350        392    1.0099    1.0099    1.0099
    20.825     20.10   -0.0100      37544    1.0099    1.0099    1.0099
    20.825     20.10    0.0100      31412    1.0099    1.0099    1.0099
    20.825     20.10    0.0350       1144    1.0099    1.0099    1.0099
    20.825     20.30   -0.0100      31696    1.0099    1.0099    1.0099
    20.825     20.30    0.0100      50679    1.0099    1.0099    1.0099
    20.825     20.30    0.0350       1356    1.0099    1.0099    1.0099
    20.875     18.10    0.0100         20    0.9310    0.9437    0.9566
    20.875     18.10    0.0350         28    0.9963    1.1255    1.1722
    20.875     18.10    0.0750         48    1.6449    1.9093    2.0431
    20.875     18.10    0.1500         20    2.2771    3.0267    3.7089
    20.875     18.30    0.0350         56    0.9963    1.0661    1.1882
    20.875     18.30    0.0750         52    1.3607    1.6673    1.6901
    20.875     18.30    0.1500         56    2.1864    3.1953    3.7089
    20.875     18.50    0.0750         28    1.1409    1.1722    1.4560
    20.875     18.50    0.1500         61    1.6673    2.0710    3.2389
    20.875     18.70    0.0750         20    1.0099    1.1409    1.1722
    20.875     18.70    0.1500         36    1.3243    1.4560    1.9617
    20.875     19.10   -0.1500        248    0.9061    0.9185    0.9185
    20.875     19.10   -0.0750         20    0.9185    0.9310    0.9310
    20.875     19.10   -0.0350         28    0.9061    0.9310    0.9437
    20.875     19.10    0.0100         56    0.9310    0.9310    0.9437
    20.875     19.10    0.0350         20    0.9697    1.0099    1.1104
    20.875     19.10    0.1500         28    1.0954    1.1564    1.1564
    20.875     19.30   -0.1500       1676    0.9437    0.9566    0.9697
    20.875     19.30   -0.0750      14356    0.9697    0.9829    0.9829
    20.875     19.30   -0.0350      21880    0.9697    0.9829    0.9963
    20.875     19.30   -0.0100      15712    0.9829    0.9963    1.0099
    20.875     19.30    0.0100       1164    0.9566    0.9697    1.0099
    20.875     19.30    0.0350        468    0.9697    1.0099    1.0518
    20.875     19.30    0.0750        216    1.0807    1.1564    1.2715
    20.875     19.30    0.1500         21    1.1409    1.1882    1.2375
    20.875     19.50   -0.1500         52    0.9437    0.9566    0.9566
    20.875     19.50   -0.0750       6344    0.9963    0.9963    0.9963
    20.875     19.50   -0.0350      30744    0.9963    0.9963    1.0099
    20.875     19.50   -0.0100     224188    1.0099    1.0099    1.0099
    20.875     19.50    0.0100     195552    1.0099    1.0099    1.0099
    20.875     19.50    0.0350        640    0.9697    0.9963    1.0099
    20.875     19.50    0.0750        276    1.0237    1.0376    1.0954
    20.875     19.70   -0.0750        136    0.9963    0.9963    1.0099
    20.875     19.70   -0.0350       1156    0.9963    1.0099    1.0237
    20.875     19.70   -0.0100        484    1.0237    1.0237    1.0237
    20.875     19.70    0.0100        504    1.0099    1.0237    1.0237
    20.875     19.70    0.0350         76    0.9963    1.0099    1.0237
    20.875     19.70    0.0750         28    1.0237    1.0237    1.0376
    20.875     19.90   -0.0350        252    1.0099    1.0237    1.0237
    20.875     19.90   -0.0100      31220    1.0099    1.0099    1.0099
    20.875     19.90    0.0100      27512    1.0099    1.0099    1.0099
    20.875     19.90    0.0350       1417    1.0099    1.0099    1.0237
    20.875     19.90    0.0750        152    1.0099    1.0237    1.0237
    20.875     20.10   -0.0100      23236    1.0099    1.0099    1.0099
    20.875     20.10    0.0100      35850    1.0099    1.0099    1.0099
    20.875     20.10    0.0350       1316    1.0099    1.0099    1.0099
    20.875     20.10    0.0750         56    1.0099    1.0099    1.0237
    20.925     17.70    0.0350         56    1.2209    1.2375    1.3064
    20.925     17.70    0.0750         20    1.5164    1.7842    1.8836
    20.925     17.90    0.0350         68    1.0518    1.0661    1.1564
    20.925     17.90    0.0750         40    1.4960    1.5794    2.1279
    20.925     17.90    0.1500         40    1.9353    2.9859    4.7980
    20.925     18.10    0.0350         20    1.0376    1.0518    1.0518
    20.925     18.10    0.0750         28    1.3064    1.6009    2.1864
    20.925     18.10    0.1500         44    2.1279    2.4700    3.9689
    20.925     18.70   -0.1500         44    0.9061    0.9061    0.9061
    20.925     18.70   -0.0350         24    0.9061    0.9061    0.9185
    20.925     18.70    0.0100         44    0.9061    0.9185    0.9437
    20.925     18.70    0.0350         32    0.9963    1.0237    1.2375
    20.925     18.90   -0.1500       1252    0.9061    0.9185    0.9310
    20.925     18.90   -0.0750       1424    0.9185    0.9310    0.9437
    20.925     18.90   -0.0350        284    0.9061    0.9185    0.9437
    20.925     18.90   -0.0100        220    0.9061    0.9185    0.9437
    20.925     18.90    0.0100        428    0.9185    0.9437    0.9829
    20.925     18.90    0.0350        276    1.0237    1.0807    1.2544
    20.925     18.90    0.0750        165    1.2375    1.5164    1.8332
    20.925     18.90    0.1500         29    1.1104    1.1255    2.0156
    20.925     18.90    0.6000         20    1.2044    1.2544    1.4364
    20.925     19.10   -0.1500       2820    0.9185    0.9310    0.9437
    20.925     19.10   -0.0750       7844    0.9310    0.9437    0.9566
    20.925     19.10   -0.0350       9692    0.9437    0.9697    0.9829
    20.925     19.10   -0.0100       2488    0.9185    0.9829    1.0099
    20.925     19.10    0.0100        596    0.9310    0.9437    0.9697
    20.925     19.10    0.0350        396    1.0099    1.0518    1.1564
    20.925     19.10    0.0750        234    1.1564    1.3243    1.4960
    20.925     19.10    0.1500         30    1.0954    1.3980    1.6901
    20.925     19.30   -0.1500        156    0.9437    0.9566    0.9566
    20.925     19.30   -0.0750       1700    0.9566    0.9566    0.9829
    20.925     19.30   -0.0350       6908    0.9697    0.9829    0.9829
    20.925     19.30   -0.0100     177696    1.0099    1.0099    1.0099
    20.925     19.30    0.0100     371712    1.0099    1.0099    1.0099
    20.925     19.30    0.0350         88    1.0237    1.0237    1.0807
    20.925     19.30    0.1500         21    1.0661    1.0661    1.2544
    20.925     19.50   -0.0750        260    0.9963    0.9963    1.0099
    20.925     19.50   -0.0350        372    1.0237    1.0237    1.0237
    20.925     19.50   -0.0100      22292    1.0099    1.0099    1.0099
    20.925     19.50    0.0100      28512    1.0099    1.0099    1.0099
    20.925     19.50    0.0350        100    1.0237    1.0237    1.0237
    20.925     19.50    0.0750         56    1.0376    1.0376    1.0376
    20.925     19.50    0.1500         20    1.0376    1.0376    1.0661
    20.925     19.70   -0.0350        144    1.0237    1.0237    1.0376
    20.925     19.70   -0.0100      28624    1.0099    1.0099    1.0237
    20.925     19.70    0.0100      25573    1.0099    1.0237    1.0237
    20.925     19.70    0.0350       1580    1.0237    1.0237    1.0237
    20.925     19.70    0.0750        316    1.0237    1.0237    1.0237
    20.925     19.70    0.1500         40    1.0237    1.0237    1.0376
    20.925     19.90   -0.0100      23116    1.0099    1.0099    1.0099
    20.925     19.90    0.0100      14701    1.0099    1.0099    1.0099
    20.925     19.90    0.0350        852    1.0099    1.0099    1.0237
    20.925     19.90    0.0750         92    1.0237    1.0237    1.0237
    20.975     17.50    0.0350         36    1.0807    1.2715    1.3064
    20.975     17.50    0.1500         20    1.9093    2.5724    3.3278
    20.975     17.70    0.0350         48    1.0376    1.2044    1.2889
    20.975     17.70    0.0750         20    1.1564    1.1564    2.0156
    20.975     17.70    0.1500         60    1.9617    2.6792    4.3638
    20.975     18.10    0.1500         20    1.2889    1.5371    1.5794
    20.975     18.30    0.0100         20    0.9566    0.9697    0.9697
    20.975     18.30    0.0350         36    0.9829    1.0661    1.5581
    20.975     18.30    0.0750         24    1.0237    1.0807    1.1104
    20.975     18.30    0.1500         20    1.1722    1.2044    1.3423
    20.975     18.50   -0.1500        104    0.9061    0.9061    0.9185
    20.975     18.50   -0.0750         52    0.9185    0.9310    0.9310
    20.975     18.50   -0.0350         20    0.9061    0.9185    0.9566
    20.975     18.50    0.0100        196    0.9061    0.9310    0.9697
    20.975     18.50    0.0350        180    1.0518    1.1255    1.3423
    20.975     18.50    0.0750        148    1.4171    1.7131    2.5037
    20.975     18.50    0.1500         36    1.1104    1.2544    2.7528
    20.975     18.70   -0.1500        336    0.9061    0.9061    0.9310
    20.975     18.70   -0.0750       1284    0.9185    0.9310    0.9566
    20.975     18.70   -0.0350        236    0.9061    0.9310    0.9566
    20.975     18.70   -0.0100         80    0.9185    0.9310    0.9437
    20.975     18.70    0.0100        208    0.9185    0.9437    0.9697
    20.975     18.70    0.0350        260    1.0237    1.0954    1.2209
    20.975     18.70    0.0750        193    1.1882    1.4364    1.9093
    20.975     18.70    0.1500         20    1.1104    1.7842    2.9061
    20.975     18.90   -0.1500        348    0.9061    0.9185    0.9310
    20.975     18.90   -0.0750       2528    0.9310    0.9566    0.9697
    20.975     18.90   -0.0350       3704    0.9566    0.9829    0.9963
    20.975     18.90   -0.0100       1024    0.9829    1.0099    1.0237
    20.975     18.90    0.0100        176    0.9566    0.9829    1.0237
    20.975     18.90    0.0350        128    0.9963    1.0237    1.0376
    20.975     18.90    0.0750         83    1.0954    1.2209    1.3980
    20.975     19.10   -0.0750        236    0.9697    0.9963    1.0099
    20.975     19.10   -0.0350       2420    0.9829    0.9829    0.9963
    20.975     19.10   -0.0100      95564    1.0099    1.0099    1.0099
    20.975     19.10    0.0100     137292    1.0099    1.0099    1.0099
    20.975     19.10    0.0350        240    1.0099    1.0099    1.0099
    20.975     19.10    0.0750         36    1.0376    1.0518    1.0661
    20.975     19.30   -0.0750         32    1.0099    1.0099    1.0099
    20.975     19.30   -0.0350        604    1.0237    1.0237    1.0376
    20.975     19.30   -0.0100      55564    1.0099    1.0099    1.0099
    20.975     19.30    0.0100      71650    1.0099    1.0099    1.0099
    20.975     19.30    0.0350        280    1.0237    1.0237    1.0237
    20.975     19.30    0.0750         72    1.0237    1.0376    1.0376
    20.975     19.30    0.1500         44    1.0376    1.0376    1.0518
    20.975     19.50   -0.0350         60    1.0237    1.0237    1.0237
    20.975     19.50   -0.0100      34532    1.0099    1.0237    1.0237
    20.975     19.50    0.0100      17589    1.0237    1.0237    1.0237
    20.975     19.50    0.0350       2417    1.0237    1.0237    1.0237
    20.975     19.50    0.0750        236    1.0237    1.0237    1.0376
    20.975     19.50    0.1500         52    1.0376    1.0376    1.0376
    20.975     19.70   -0.0100      14844    1.0099    1.0099    1.0237
    20.975     19.70    0.0100       6420    1.0237    1.0237    1.0237
    20.975     19.70    0.0350        437    1.0237    1.0237    1.0237
    20.975     19.70    0.0750         40    1.0237    1.0237    1.0237
    21.025     17.10   -0.0100         20    0.9185    0.9310    0.9566
    21.025     17.10    0.0100         24    0.9829    1.0099    1.0376
    21.025     17.10    0.0750         24    1.6901    1.9617    2.0993
    21.025     17.30   -0.0100         28    0.9310    0.9437    0.9697
    21.025     17.30    0.0100         20    0.9061    0.9310    0.9437
    21.025     17.30    0.0350         20    1.0376    1.0954    1.2209
    21.025     17.30    0.0750         68    1.2889    1.7131    1.7602
    21.025     17.30    0.1500         56    1.7842    3.1523    3.7595
    21.025     17.50    0.0750         24    1.1409    1.1722    1.6228
    21.025     17.50    0.1500         36    1.7602    2.9061    3.2830
    21.025     17.70    0.1500         24    1.3980    1.4364    1.7842
    21.025     17.90    0.0100         20    0.9061    0.9185    0.9310
    21.025     17.90    0.0350         40    1.1255    1.4364    1.4364
    21.025     18.10   -0.1500         20    0.9061    0.9061    0.9061
    21.025     18.10   -0.0750         40    0.9061    0.9185    0.9310
    21.025     18.10   -0.0350         32    0.9310    0.9310    0.9566
    21.025     18.10    0.0100         64    0.9061    0.9310    0.9963
    21.025     18.10    0.0350        140    1.0376    1.1409    1.2375
    21.025     18.10    0.0750        108    1.2544    1.9093    2.4700
    21.025     18.10    0.1500         25    1.2209    2.9061    3.6589
    21.025     18.30   -0.1500        140    0.9061    0.9185    0.9437
    21.025     18.30   -0.0750         80    0.9061    0.9061    0.9185
    21.025     18.30   -0.0350         36    0.9185    0.9566    0.9829
    21.025     18.30   -0.0100         20    0.9061    0.9310    0.9437
    21.025     18.30    0.0100         88    0.9061    0.9437    1.0237
    21.025     18.30    0.0350        184    0.9963    1.0376    1.2889
    21.025     18.30    0.0750        144    1.1409    1.6228    2.3716
    21.025     18.30    0.1500         51    1.4759    2.3396    3.3732
    21.025     18.30    0.6000         21    1.2044    1.3064    1.3980
    21.025     18.50   -0.1500        140    0.9061    0.9310    0.9437
    21.025     18.50   -0.0750       1092    0.9185    0.9437    0.9566
    21.025     18.50   -0.0350        260    0.9310    0.9566    0.9963
    21.025     18.50   -0.0100         72    0.9061    0.9185    0.9829
    21.025     18.50    0.0100         84    0.9310    0.9829    1.0099
    21.025     18.50    0.0350         68    0.9829    1.0099    1.0518
    21.025     18.50    0.0750        116    1.0807    1.1409    1.3607
    21.025     18.50    0.1500        156    1.0099    1.0237    1.1564
    21.025     18.50    0.6000         20    1.1255    1.1722    1.2544
    21.025     18.70   -0.1500         36    0.9310    0.9310    0.9697
    21.025     18.70   -0.0750       1244    0.9437    0.9697    0.9963
    21.025     18.70   -0.0350       1912    0.9697    0.9963    1.0099
    21.025     18.70   -0.0100        976    0.9963    1.0237    1.0237
    21.025     18.70    0.0100        312    1.0237    1.0237    1.0237
    21.025     18.70    0.0350        104    1.0099    1.0237    1.0376
    21.025     18.70    0.0750         64    1.0376    1.0518    1.0661
    21.025     18.70    0.1500        104    1.0099    1.0099    1.0099
    21.025     18.90   -0.0750        280    0.9963    1.0099    1.0237
    21.025     18.90   -0.0350       1100    0.9963    1.0099    1.0099
    21.025     18.90   -0.0100      62228    1.0099    1.0099    1.0237
    21.025     18.90    0.0100      74250    1.0099    1.0237    1.0237
    21.025     18.90    0.0350        916    1.0099    1.0237    1.0237
    21.025     18.90    0.0750         44    1.0237    1.0518    1.0518
    21.025     18.90    0.1500         20    1.0661    1.0661    1.0954
    21.025     19.10   -0.0350        376    1.0376    1.0376    1.0376
    21.025     19.10   -0.0100      41508    1.0099    1.0099    1.0237
    21.025     19.10    0.0100      51895    1.0099    1.0099    1.0099
    21.025     19.10    0.0350       1188    1.0099    1.0237    1.0376
    21.025     19.10    0.0750        220    1.0376    1.0376    1.0518
    21.025     19.10    0.1500         64    1.0518    1.0518    1.0518
    21.025     19.30   -0.0100      34280    1.0237    1.0237    1.0237
    21.025     19.30    0.0100      12222    1.0237    1.0237    1.0237
    21.025     19.30    0.0350       1812    1.0237    1.0237    1.0237
    21.025     19.30    0.0750        249    1.0237    1.0237    1.0376
    21.025     19.30    0.1500         66    1.0376    1.0376    1.0376
    21.025     19.50   -0.0100       3144    1.0237    1.0237    1.0237
    21.025     19.50    0.0100       4160    1.0237    1.0237    1.0237
    21.075     16.90    0.0100         24    0.9963    1.0237    1.0661
    21.075     16.90    0.0350         44    1.1409    1.1409    1.1882
    21.075     16.90    0.0750         20    1.3243    1.6449    1.9093
    21.075     17.10    0.0750         24    1.2375    1.2889    1.9093
    21.075     17.10    0.1500         68    2.0156    2.1279    2.8284
    21.075     17.30   -0.0100         24    0.9185    0.9566    0.9697
    21.075     17.30    0.1500         20    1.5371    1.5794    2.0156
    21.075     17.30    0.6000         20    2.5378    3.3732    4.0779
    21.075     17.50   -0.0350         32    0.9185    0.9310    0.9437
    21.075     17.70   -0.0750         32    0.9061    0.9061    0.9437
    21.075     17.70    0.0100         36    0.9185    0.9310    0.9963
    21.075     17.70    0.0350        116    1.0237    1.0518    1.1564
    21.075     17.70    0.0750         60    1.2889    1.6673    1.7842
    21.075     17.70    0.1500         53    1.3064    2.7157    3.6589
    21.075     17.70    0.6000         25    1.5164    1.7131    1.7602
    21.075     17.90   -0.1500         40    0.9061    0.9061    0.9061
    21.075     17.90   -0.0100         28    0.9566    0.9963    1.0099
    21.075     17.90    0.0100         84    0.9061    0.9185    0.9437
    21.075     17.90    0.0350         80    0.9963    1.0376    1.2044
    21.075     17.90    0.0750        140    1.2375    1.6901    2.3396
    21.075     17.90    0.1500         91    1.2715    1.9885    2.8670
    21.075     18.10   -0.1500        152    0.9061    0.9061    0.9437
    21.075     18.10   -0.0750        252    0.9185    0.9310    0.9697
    21.075     18.10   -0.0350         88    0.9185    0.9310    0.9566
    21.075     18.10   -0.0100         48    0.9061    0.9310    1.0237
    21.075     18.10    0.0100         24    0.9310    0.9310    0.9566
    21.075     18.10    0.0350         52    1.0099    1.0376    1.0518
    21.075     18.10    0.0750         56    1.0954    1.2044    1.4560
    21.075     18.10    0.1500         73    1.1722    1.6673    2.3396
    21.075     18.30   -0.1500        124    0.9061    0.9185    0.9566
    21.075     18.30   -0.0750        776    0.9437    0.9697    0.9829
    21.075     18.30   -0.0350        264    0.9437    0.9697    0.9829
    21.075     18.30   -0.0100         56    0.9697    0.9829    1.0099
    21.075     18.30    0.0100         48    0.9697    0.9829    0.9963
    21.075     18.30    0.0350         60    0.9963    1.0376    1.0376
    21.075     18.30    0.0750        456    1.0237    1.0237    1.0237
    21.075     18.30    0.1500        202    1.0237    1.0237    1.2209
    21.075     18.50   -0.0750        512    0.9566    0.9829    0.9963
    21.075     18.50   -0.0350       1356    0.9963    1.0099    1.0237
    21.075     18.50   -0.0100       1056    1.0237    1.0237    1.0376
    21.075     18.50    0.0100       1228    1.0237    1.0237    1.0376
    21.075     18.50    0.0350        128    1.0237    1.0376    1.0376
    21.075     18.50    0.0750        168    1.0237    1.0376    1.0661
    21.075     18.50    0.1500        232    1.0237    1.0237    1.0237
    21.075     18.70   -0.0750         60    1.0237    1.0237    1.0237
    21.075     18.70   -0.0350        688    1.0099    1.0237    1.0376
    21.075     18.70   -0.0100      55384    1.0237    1.0237    1.0237
    21.075     18.70    0.0100      46369    1.0237    1.0237    1.0237
    21.075     18.70    0.0350       1768    1.0237    1.0237    1.0237
    21.075     18.70    0.0750        224    1.0237    1.0376    1.0518
    21.075     18.70    0.1500         48    1.0661    1.0661    1.0807
    21.075     18.90   -0.0750         20    1.0237    1.0237    1.0237
    21.075     18.90   -0.0350        136    1.0237    1.0376    1.0376
    21.075     18.90   -0.0100      44432    1.0099    1.0237    1.0376
    21.075     18.90    0.0100      19686    1.0237    1.0237    1.0376
    21.075     18.90    0.0350       1774    1.0237    1.0376    1.0376
    21.075     18.90    0.0750        396    1.0376    1.0376    1.0376
    21.075     18.90    0.1500         56    1.0518    1.0518    1.0518
    21.075     19.10   -0.0100      22788    1.0237    1.0237    1.0237
    21.075     19.10    0.0100       8644    1.0237    1.0237    1.0376
    21.075     19.10    0.0350       1341    1.0237    1.0237    1.0376
    21.075     19.10    0.0750        208    1.0376    1.0376    1.0376
    21.075     19.30   -0.0100        524    1.0237    1.0237    1.0237
    21.125     16.70   -0.0350         24    0.9061    0.9310    0.9310
    21.125     16.70   -0.0100         24    0.9061    0.9185    0.9566
    21.125     16.70    0.0750         64    1.3607    1.3980    1.4364
    21.125     16.70    0.1500         48    1.6009    2.0993    2.6792
    21.125     16.90    0.0350         24    1.0954    1.0954    1.1409
    21.125     16.90    0.0750         28    1.2889    1.3064    1.3064
    21.125     16.90    0.1500         32    2.0156    2.6075    2.6792
    21.125     16.90    0.6000         52    3.1953    4.5448    4.7334
    21.125     17.10    0.6000         21    1.7365    2.0993    2.7157
    21.125     17.30   -0.0100         32    0.9061    0.9061    0.9963
    21.125     17.30    0.0100         32    0.9061    0.9437    1.0518
    21.125     17.30    0.0350         20    1.1564    1.2044    1.2044
    21.125     17.30    0.0750         40    1.4560    1.5371    2.0156
    21.125     17.30    0.1500         36    1.3607    2.6431    2.6792
    21.125     17.50   -0.0750         40    0.9310    0.9437    0.9566
    21.125     17.50    0.0100         48    0.9185    0.9437    0.9697
    21.125     17.50    0.0350        128    1.0518    1.1564    1.2044
    21.125     17.50    0.0750         76    1.1409    1.3423    2.1279
    21.125     17.50    0.1500         81    1.9617    2.4039    3.6589
    21.125     17.70   -0.1500         20    0.9061    0.9061    0.9061
    21.125     17.70   -0.0750         72    0.9310    0.9437    0.9566
    21.125     17.70   -0.0350         36    0.9061    0.9185    0.9829
    21.125     17.70   -0.0100         32    0.9061    0.9061    0.9310
    21.125     17.70    0.0100        324    1.0099    1.0099    1.0237
    21.125     17.70    0.0350        132    1.0099    1.0237    1.0237
    21.125     17.70    0.0750        100    1.0518    1.3423    1.6673
    21.125     17.70    0.1500         82    1.2375    1.7602    2.8284
    21.125     17.90   -0.0750        448    0.9061    0.9437    0.9697
    21.125     17.90   -0.0350        100    0.9185    0.9437    0.9963
    21.125     17.90   -0.0100         24    0.9697    0.9963    0.9963
    21.125     17.90    0.0100        880    1.0099    1.0099    1.0237
    21.125     17.90    0.0350       1032    1.0099    1.0237    1.0237
    21.125     17.90    0.0750        376    1.0237    1.0376    1.0661
    21.125     17.90    0.1500         45    1.2544    1.3980    2.0156
    21.125     17.90    0.6000         24    1.2044    1.2715    1.3792
    21.125     18.10   -0.1500         48    0.9185    0.9185    0.9310
    21.125     18.10   -0.0750        464    0.9437    0.9829    1.0099
    21.125     18.10   -0.0350        320    0.9829    1.0099    1.0237
    21.125     18.10   -0.0100        132    0.9829    1.0237    1.0376
    21.125     18.10    0.0100         24    1.0099    1.0237    1.0518
    21.125     18.10    0.0350        468    1.0237    1.0237    1.0237
    21.125     18.10    0.0750        664    1.0237    1.0237    1.0237
    21.125     18.10    0.1500         56    1.0237    1.1255    1.1882
    21.125     18.30   -0.0750        344    0.9829    1.0099    1.0237
    21.125     18.30   -0.0350        752    0.9963    1.0237    1.0376
    21.125     18.30   -0.0100       5252    1.0237    1.0237    1.0376
    21.125     18.30    0.0100       2936    1.0237    1.0376    1.0376
    21.125     18.30    0.0350        412    1.0376    1.0376    1.0376
    21.125     18.30    0.0750        116    1.0237    1.0518    1.0661
    21.125     18.30    0.1500         69    1.0661    1.0807    1.0954
    21.125     18.30    0.6000         24    1.1104    1.1564    1.2209
    21.125     18.50   -0.0350        492    1.0237    1.0376    1.0518
    21.125     18.50   -0.0100      54824    1.0237    1.0237    1.0237
    21.125     18.50    0.0100      28419    1.0237    1.0237    1.0237
    21.125     18.50    0.0350       1797    1.0237    1.0376    1.0376
    21.125     18.50    0.0750        441    1.0376    1.0376    1.0518
    21.125     18.50    0.1500         85    1.0376    1.0518    1.0661
    21.125     18.70   -0.0350         24    1.0376    1.0376    1.0518
    21.125     18.70   -0.0100      33300    1.0237    1.0376    1.0376
    21.125     18.70    0.0100      10426    1.0237    1.0376    1.0376
    21.125     18.70    0.0350       1544    1.0376    1.0376    1.0376
    21.125     18.70    0.0750        241    1.0376    1.0518    1.0518
    21.125     18.70    0.1500        100    1.0518    1.0518    1.0661
    21.125     18.90   -0.0100      12116    1.0237    1.0376    1.0376
    21.125     18.90    0.0100       2368    1.0376    1.0376    1.0376
    21.125     18.90    0.0350        388    1.0376    1.0376    1.0376
    21.125     18.90    0.0750         24    1.0376    1.0376    1.0376
    21.175     16.50    0.0100         36    1.0376    1.0661    1.1104
    21.175     16.50    0.0750         44    1.2889    1.4364    1.8332
    21.175     16.50    0.1500         24    1.7602    1.7842    2.4367
    21.175     16.50    0.6000         44    3.0680    3.1523    5.3473
    21.175     16.70    0.6000         25    2.3082    2.8670    4.4837
    21.175     16.90   -0.0750         24    0.9185    0.9310    0.9437
    21.175     16.90    0.0100         24    0.9310    0.9566    1.0099
    21.175     16.90    0.0350         20    0.9829    1.1255    1.1409
    21.175     16.90    0.0750         20    1.2889    1.3423    1.3423
    21.175     17.10   -0.0750         28    0.9310    0.9566    0.9697
    21.175     17.10   -0.0350         20    0.9566    0.9697    0.9829
    21.175     17.10   -0.0100         24    0.9185    0.9310    0.9310
    21.175     17.10    0.0100         64    0.9437    0.9829    1.0376
    21.175     17.10    0.0350         80    1.0954    1.1104    1.1722
    21.175     17.10    0.0750         92    1.5164    1.8086    1.9093
    21.175     17.10    0.1500         44    1.4560    2.4039    2.9457
    21.175     17.10    0.6000         20    1.6673    1.7602    3.0267
    21.175     17.30   -0.0750       1236    0.9566    0.9697    0.9697
    21.175     17.30   -0.0350       1360    0.9566    0.9697    0.9829
    21.175     17.30   -0.0100        528    0.9437    0.9566    0.9697
    21.175     17.30    0.0100        236    0.9566    0.9829    1.0237
    21.175     17.30    0.0350         80    1.0518    1.1104    1.2044
    21.175     17.30    0.0750         64    1.1564    1.5164    1.6673
    21.175     17.30    0.1500        111    1.4560    2.5724    3.1098
    21.175     17.50   -0.0750       4796    0.9697    0.9829    0.9963
    21.175     17.50   -0.0350      37364    0.9963    1.0099    1.0237
    21.175     17.50   -0.0100     271932    1.0237    1.0237    1.0237
    21.175     17.50    0.0100     477424    1.0237    1.0237    1.0237
    21.175     17.50    0.0350        664    1.0376    1.0807    1.1564
    21.175     17.50    0.0750        226    1.1255    1.2375    1.3607
    21.175     17.50    0.1500         44    1.3980    1.5581    2.4367
    21.175     17.50    0.6000         22    1.2889    1.3607    2.0156
    21.175     17.70   -0.0750        284    0.9437    0.9697    0.9963
    21.175     17.70   -0.0350       2920    1.0237    1.0237    1.0237
    21.175     17.70   -0.0100     271428    1.0237    1.0237    1.0237
    21.175     17.70    0.0100     203292    1.0237    1.0237    1.0237
    21.175     17.70    0.0350        716    1.0099    1.0237    1.0518
    21.175     17.70    0.0750        229    1.0661    1.1104    1.1564
    21.175     17.70    0.1500         48    1.1255    1.1722    1.3064
    21.175     17.90   -0.0750        328    0.9697    1.0099    1.0237
    21.175     17.90   -0.0350        340    0.9963    1.0376    1.0376
    21.175     17.90   -0.0100        116    1.0376    1.0518    1.0518
    21.175     17.90    0.0100        104    1.0237    1.0518    1.0518
    21.175     17.90    0.0350         36    1.0518    1.0661    1.0661
    21.175     17.90    0.0750         84    1.0661    1.0807    1.0954
    21.175     17.90    0.1500         60    1.1255    1.1564    1.2544
    21.175     18.10   -0.0750         40    0.9829    0.9963    1.0099
    21.175     18.10   -0.0350        620    1.0237    1.0376    1.0376
    21.175     18.10   -0.0100      14736    1.0376    1.0376    1.0376
    21.175     18.10    0.0100       5854    1.0376    1.0376    1.0376
    21.175     18.10    0.0350        929    1.0376    1.0376    1.0518
    21.175     18.10    0.0750        244    1.0518    1.0518    1.0661
    21.175     18.10    0.1500        152    1.0661    1.0807    1.1255
    21.175     18.10    0.6000         29    1.0954    1.1409    1.2209
    21.175     18.30   -0.0350        196    1.0376    1.0376    1.0376
    21.175     18.30   -0.0100      49372    1.0237    1.0376    1.0376
    21.175     18.30    0.0100      18214    1.0376    1.0376    1.0376
    21.175     18.30    0.0350       2565    1.0376    1.0376    1.0518
    21.175     18.30    0.0750        513    1.0376    1.0518    1.0661
    21.175     18.30    0.1500        133    1.0661    1.0807    1.0954
    21.175     18.50   -0.0100      22808    1.0376    1.0376    1.0376
    21.175     18.50    0.0100       4432    1.0376    1.0376    1.0376
    21.175     18.50    0.0350       1260    1.0376    1.0376    1.0518
    21.175     18.50    0.0750        184    1.0518    1.0518    1.0518
    21.175     18.50    0.1500         44    1.0518    1.0661    1.0807
    21.175     18.70   -0.0100       1712    1.0376    1.0376    1.0376
    21.175     18.70    0.0100       1192    1.0376    1.0376    1.0376
    21.225     16.30   -0.0350         20    0.9566    0.9697    1.0099
    21.225     16.30    0.0350         28    1.1564    1.1882    1.1882
    21.225     16.30    0.1500         48    1.8086    2.0156    2.2464
    21.225     16.30    0.6000         61    3.0267    3.2389    3.8628
    21.225     16.50   -0.0350         44    0.9061    0.9437    0.9566
    21.225     16.50    0.0350         20    1.0954    1.1564    1.1722
    21.225     16.50    0.6000         45    1.9885    2.9457    5.5692
    21.225     16.70   -0.0750         28    0.9310    0.9697    0.9697
    21.225     16.70   -0.0350         28    0.9061    0.9829    0.9829
    21.225     16.70   -0.0100         52    0.9437    0.9566    0.9566
    21.225     16.70    0.0350         44    1.0237    1.1409    1.3064
    21.225     16.70    0.0750         32    1.3423    1.3607    1.7131
    21.225     16.90   -0.0350         36    0.9061    0.9061    0.9829
    21.225     16.90   -0.0100        108    0.9061    0.9185    1.0518
    21.225     16.90    0.0100         36    0.9310    1.0237    1.0661
    21.225     16.90    0.0350        116    1.0807    1.1564    1.3064
    21.225     16.90    0.0750         88    1.2375    1.2889    1.6449
    21.225     16.90    0.1500        108    2.2771    2.5378    3.8108
    21.225     17.10   -0.0750       1896    0.9061    0.9310    0.9566
    21.225     17.10   -0.0350       1476    0.9185    0.9566    0.9963
    21.225     17.10   -0.0100        728    0.9061    0.9185    0.9697
    21.225     17.10    0.0100        576    0.9566    0.9829    1.0237
    21.225     17.10    0.0350        400    1.0518    1.1882    1.3607
    21.225     17.10    0.0750        185    1.2044    1.4960    1.9885
    21.225     17.10    0.1500         76    1.3423    1.6009    1.9353
    21.225     17.10    0.6000         23    1.4960    1.6901    2.4367
    21.225     17.30   -0.0750       3808    0.9310    0.9566    0.9697
    21.225     17.30   -0.0350       8724    0.9566    0.9963    1.0099
    21.225     17.30   -0.0100      94940    1.0376    1.0376    1.0376
    21.225     17.30    0.0100      98130    1.0376    1.0376    1.0376
    21.225     17.30    0.0350        596    1.0518    1.1104    1.2544
    21.225     17.30    0.0750        210    1.1564    1.4171    1.7365
    21.225     17.30    0.6000         33    1.3064    1.4171    1.7131
    21.225     17.50   -0.0750        204    0.9437    0.9963    1.0237
    21.225     17.50   -0.0350        712    0.9963    1.0099    1.0099
    21.225     17.50   -0.0100     161048    1.0237    1.0237    1.0237
    21.225     17.50    0.0100     215819    1.0237    1.0237    1.0376
    21.225     17.50    0.0350         40    1.0807    1.0807    1.0954
    21.225     17.50    0.0750         44    1.0807    1.1255    1.1722
    21.225     17.50    0.1500         72    1.1409    1.1882    1.2889
    21.225     17.50    0.6000         26    1.2375    1.2375    1.3423
    21.225     17.70   -0.0750         52    0.9963    1.0099    1.0099
    21.225     17.70   -0.0350        448    1.0237    1.0376    1.0518
    21.225     17.70   -0.0100        280    1.0237    1.0518    1.0661
    21.225     17.70    0.0100        140    1.0518    1.0661    1.0661
    21.225     17.70    0.0350        124    1.0518    1.0661    1.0807
    21.225     17.70    0.0750         52    1.0807    1.0954    1.0954
    21.225     17.70    0.1500         84    1.0954    1.1104    1.1409
    21.225     17.70    0.6000         25    1.1564    1.2044    1.3064
    21.225     17.90   -0.0350        304    1.0237    1.0518    1.0518
    21.225     17.90   -0.0100      22700    1.0376    1.0376    1.0518
    21.225     17.90    0.0100       9710    1.0376    1.0518    1.0518
    21.225     17.90    0.0350       2000    1.0518    1.0518    1.0518
    21.225     17.90    0.0750        460    1.0518    1.0661    1.0807
    21.225     17.90    0.1500        151    1.0661    1.0807    1.0954
    21.225     17.90    0.6000         39    1.1104    1.1104    1.1722
    21.225     18.10   -0.0100      40496    1.0376    1.0376    1.0518
    21.225     18.10    0.0100       9277    1.0376    1.0376    1.0518
    21.225     18.10    0.0350       2049    1.0376    1.0518    1.0518
    21.225     18.10    0.0750        458    1.0518    1.0661    1.0661
    21.225     18.10    0.1500         88    1.0518    1.0807    1.0807
    21.225     18.30   -0.0100      10416    1.0518    1.0518    1.0518
    21.225     18.30    0.0100       2048    1.0518    1.0518    1.0518
    21.225     18.30    0.0350        616    1.0518    1.0518    1.0518
    21.225     18.30    0.0750         44    1.0518    1.0661    1.0661
    21.275     16.10    0.0750         36    1.3243    1.3607    1.4960
    21.275     16.10    0.1500         32    1.7365    2.0431    2.2162
    21.275     16.10    0.6000         21    2.5037    2.9061    4.1899
    21.275     16.30   -0.0100         20    1.0237    1.0376    1.0661
    21.275     16.30    0.0100         28    1.0376    1.0661    1.0954
    21.275     16.30    0.0750         20    1.2715    1.2715    1.3064
    21.275     16.30    0.1500         40    1.7602    1.9093    2.0156
    21.275     16.50   -0.0350         48    0.9185    0.9697    1.0237
    21.275     16.50   -0.0100         20    0.9185    0.9697    1.0376
    21.275     16.50    0.0100         32    1.0518    1.0661    1.0807
    21.275     16.50    0.0350         24    1.0807    1.0954    1.1104
    21.275     16.50    0.0750         56    1.3243    1.6228    1.6673
    21.275     16.50    0.1500         56    1.6228    2.6075    2.8670
    21.275     16.50    0.6000         32    1.9353    3.3732    4.9298
    21.275     16.70   -0.0750         68    0.9185    0.9185    0.9437
    21.275     16.70   -0.0350        112    0.9185    0.9566    0.9963
    21.275     16.70   -0.0100         80    0.9061    0.9061    0.9310
    21.275     16.70    0.0100        232    0.9566    0.9963    1.0237
    21.275     16.70    0.0350        196    1.0376    1.1564    1.4171
    21.275     16.70    0.0750        149    1.2209    1.4759    2.6075
    21.275     16.70    0.1500         76    1.6449    2.1569    2.7528
    21.275     16.70    0.6000         38    2.1569    2.9457    4.6068
    21.275     16.90   -0.0750       1024    0.9061    0.9310    0.9697
    21.275     16.90   -0.0350       1008    0.9437    0.9829    1.0099
    21.275     16.90   -0.0100        396    0.9061    0.9566    0.9963
    21.275     16.90    0.0100        436    0.9310    0.9697    1.0237
    21.275     16.90    0.0350        376    1.0376    1.0954    1.2715
    21.275     16.90    0.0750        329    1.1409    1.4364    2.1279
    21.275     16.90    0.1500         36    1.3792    1.4364    1.6673
    21.275     16.90    0.6000         29    1.4171    1.6228    2.6431
    21.275     17.10   -0.0750        748    0.9310    0.9566    0.9829
    21.275     17.10   -0.0350       2828    0.9829    1.0099    1.0237
    21.275     17.10   -0.0100      63908    1.0376    1.0376    1.0376
    21.275     17.10    0.0100      38847    1.0376    1.0376    1.0376
    21.275     17.10    0.0350        716    1.0376    1.0518    1.0661
    21.275     17.10    0.0750        208    1.0661    1.1255    1.2889
    21.275     17.10    0.1500         57    1.1722    1.2544    1.2544
    21.275     17.10    0.6000         30    1.3243    1.4960    1.7602
    21.275     17.30   -0.0350        280    1.0099    1.0376    1.0661
    21.275     17.30   -0.0100      78408    1.0376    1.0376    1.0376
    21.275     17.30    0.0100      60813    1.0376    1.0376    1.0376
    21.275     17.30    0.0350        416    1.0376    1.0376    1.0807
    21.275     17.30    0.0750         48    1.0954    1.1104    1.1564
    21.275     17.30    0.1500         32    1.1564    1.1882    1.2544
    21.275     17.30    0.6000         28    1.2375    1.2375    1.2889
    21.275     17.50   -0.0350        204    1.0237    1.0376    1.0518
    21.275     17.50   -0.0100       3188    1.0518    1.0518    1.0518
    21.275     17.50    0.0100       2372    1.0518    1.0518    1.0661
    21.275     17.50    0.0350        518    1.0661    1.0661    1.0807
    21.275     17.50    0.0750        268    1.0661    1.0807    1.0954
    21.275     17.50    0.1500        124    1.0807    1.1104    1.1409
    21.275     17.50    0.6000         46    1.1409    1.1722    1.2375
    21.275     17.70   -0.0350         36    1.0376    1.0518    1.0518
    21.275     17.70   -0.0100      31176    1.0518    1.0518    1.0661
    21.275     17.70    0.0100      11838    1.0518    1.0518    1.0661
    21.275     17.70    0.0350       2473    1.0518    1.0661    1.0661
    21.275     17.70    0.0750        576    1.0661    1.0807    1.0807
    21.275     17.70    0.1500        156    1.0954    1.0954    1.1104
    21.275     17.90   -0.0100      23764    1.0518    1.0518    1.0661
    21.275     17.90    0.0100       4788    1.0518    1.0518    1.0661
    21.275     17.90    0.0350       1124    1.0518    1.0661    1.0661
    21.275     17.90    0.0750        168    1.0661    1.0661    1.0807
    21.275     18.10   -0.0100       2512    1.0518    1.0518    1.0661
    21.275     18.10    0.0350         52    1.0518    1.0518    1.0518
    21.325     15.90    0.0750         56    1.5164    1.5371    1.5794
    21.325     15.90    0.1500         36    1.9353    2.5037    2.5378
    21.325     15.90    0.6000         56    2.4039    3.6097    4.1899
    21.325     16.10    0.0350         32    1.1409    1.1564    1.2044
    21.325     16.10    0.0750         20    1.3064    1.3607    1.4560
    21.325     16.10    0.1500         32    1.3980    1.4960    1.6673
    21.325     16.10    0.6000         44    1.7842    3.7089    4.0779
    21.325     16.30   -0.0100         40    1.0237    1.0518    1.0661
    21.325     16.30    0.0100         48    0.9437    0.9697    0.9963
    21.325     16.30    0.0350         56    1.1722    1.2209    1.2889
    21.325     16.30    0.0750         60    1.2544    1.3243    1.6673
    21.325     16.30    0.1500        132    1.6449    1.9093    2.0431
    21.325     16.50   -0.0750        128    0.9061    0.9310    0.9566
    21.325     16.50   -0.0350        224    0.9061    0.9437    0.9963
    21.325     16.50   -0.0100        188    0.9061    0.9697    1.0376
    21.325     16.50    0.0100        224    0.9185    0.9566    1.0099
    21.325     16.50    0.0350        264    1.0954    1.1255    1.3423
    21.325     16.50    0.0750        220    1.2209    1.5794    2.0993
    21.325     16.50    0.1500        155    1.4560    1.9093    3.1098
    21.325     16.50    0.6000         57    1.6901    1.8332    4.5448
    21.325     16.70   -0.0750        472    0.9185    0.9437    0.9963
    21.325     16.70   -0.0350        956    0.9437    0.9963    1.0376
    21.325     16.70   -0.0100        400    0.9566    1.0376    1.0661
    21.325     16.70    0.0100        212    0.9697    1.0237    1.0661
    21.325     16.70    0.0350        280    1.0661    1.0807    1.1255
    21.325     16.70    0.0750        276    1.0661    1.1882    1.7365
    21.325     16.70    0.1500        181    1.0807    1.0807    1.5164
    21.325     16.70    0.6000         25    1.5794    1.7842    2.1569
    21.325     16.90   -0.0750        124    0.9697    0.9697    0.9829
    21.325     16.90   -0.0350       1168    1.0099    1.0376    1.0376
    21.325     16.90   -0.0100      54636    1.0518    1.0518    1.0518
    21.325     16.90    0.0100      22458    1.0518    1.0518    1.0518
    21.325     16.90    0.0350       1128    1.0518    1.0518    1.0661
    21.325     16.90    0.0750        288    1.0661    1.0807    1.1104
    21.325     16.90    0.1500        338    1.0661    1.0661    1.2044
    21.325     16.90    0.6000         28    1.3423    1.3980    1.4560
    21.325     17.10   -0.0350        104    1.0099    1.0376    1.0518
    21.325     17.10   -0.0100      43868    1.0376    1.0376    1.0376
    21.325     17.10    0.0100      15542    1.0376    1.0376    1.0518
    21.325     17.10    0.0350        489    1.0518    1.0518    1.0518
    21.325     17.10    0.0750        231    1.0518    1.0954    1.1255
    21.325     17.10    0.1500         84    1.1409    1.1722    1.2375
    21.325     17.10    0.6000         34    1.1722    1.2544    1.3792
    21.325     17.30   -0.0350         88    1.0518    1.0661    1.0807
    21.325     17.30   -0.0100      10224    1.0661    1.0661    1.0661
    21.325     17.30    0.0100       7581    1.0661    1.0661    1.0807
    21.325     17.30    0.0350       1520    1.0661    1.0807    1.0954
    21.325     17.30    0.0750        477    1.0807    1.0954    1.1104
    21.325     17.30    0.1500        178    1.1104    1.1255    1.1564
    21.325     17.30    0.6000         50    1.1564    1.2044    1.2715
    21.325     17.50   -0.0100      29796    1.0518    1.0661    1.0807
    21.325     17.50    0.0100       9322    1.0661    1.0661    1.0807
    21.325     17.50    0.0350       1600    1.0661    1.0661    1.0807
    21.325     17.50    0.0750        569    1.0807    1.0807    1.0954
    21.325     17.50    0.1500        120    1.0954    1.1104    1.1255
    21.325     17.70   -0.0100       8244    1.0661    1.0661    1.0807
    21.325     17.70    0.0100       1336    1.0518    1.0661    1.0661
    21.325     17.70    0.0350        336    1.0661    1.0661    1.0661
    21.325     17.70    0.0750         44    1.0661    1.0807    1.0807
    21.325     17.90   -0.0100         24    1.0661    1.0661    1.0661
    21.375     15.70    0.6000         36    2.3716    2.8284    3.4193
    21.375     15.90    0.0750         24    1.2209    1.2715    1.4960
    21.375     15.90    0.1500         36    1.4171    1.7365    2.3082
    21.375     15.90    0.6000         25    2.2771    3.7089    4.0779
    21.375     16.10   -0.0350         40    0.9185    0.9185    0.9437
    21.375     16.10   -0.0100         40    0.9185    0.9566    0.9566
    21.375     16.10    0.0100         72    0.9310    0.9437    0.9697
    21.375     16.10    0.0350        160    1.0954    1.1722    1.2044
    21.375     16.10    0.0750        164    1.2889    1.4364    1.8836
    21.375     16.10    0.1500        125    1.4364    1.9885    2.7903
    21.375     16.10    0.6000         94    2.2162    3.4193    3.7089
    21.375     16.30   -0.0750         60    0.9061    0.9185    0.9697
    21.375     16.30   -0.0350        280    0.9185    0.9437    0.9963
    21.375     16.30   -0.0100        184    0.9061    0.9437    1.0376
    21.375     16.30    0.0100        184    0.9697    1.0237    1.0954
    21.375     16.30    0.0350        452    1.0661    1.0661    1.1255
    21.375     16.30    0.0750        804    1.0661    1.0807    1.3980
    21.375     16.30    0.1500        192    1.3607    1.8086    2.9061
    21.375     16.30    0.6000         28    1.6449    2.0156    2.5378
    21.375     16.50   -0.0750        108    0.9566    0.9566    0.9829
    21.375     16.50   -0.0350        664    0.9697    1.0237    1.0518
    21.375     16.50   -0.0100       1288    1.0518    1.0661    1.0661
    21.375     16.50    0.0100        968    1.0661    1.0661    1.0807
    21.375     16.50    0.0350        252    1.0518    1.0954    1.1104
    21.375     16.50    0.0750        552    1.0661    1.0807    1.1409
    21.375     16.50    0.1500        198    1.0807    1.2209    1.5371
    21.375     16.50    0.6000         45    1.3243    1.5581    1.9617
    21.375     16.70   -0.0350        420    1.0237    1.0518    1.0518
    21.375     16.70   -0.0100      48608    1.0518    1.0518    1.0661
    21.375     16.70    0.0100      15103    1.0518    1.0518    1.0661
    21.375     16.70    0.0350       1341    1.0518    1.0661    1.0807
    21.375     16.70    0.0750        398    1.0661    1.0807    1.1255
    21.375     16.70    0.1500        146    1.0807    1.1255    1.2715
    21.375     16.70    0.6000         41    1.2889    1.3607    1.4560
    21.375     16.90   -0.0100      18388    1.0518    1.0518    1.0518
    21.375     16.90    0.0100       7538    1.0518    1.0518    1.0954
    21.375     16.90    0.0350       1018    1.0518    1.0954    1.1104
    21.375     16.90    0.0750        352    1.0807    1.1104    1.1255
    21.375     16.90    0.1500        173    1.1255    1.1564    1.1882
    21.375     16.90    0.6000         42    1.2044    1.2209    1.3064
    21.375     17.10   -0.0100      16572    1.0807    1.0807    1.0807
    21.375     17.10    0.0100      12473    1.0807    1.0807    1.0954
    21.375     17.10    0.0350       1749    1.0807    1.0954    1.0954
    21.375     17.10    0.0750        740    1.0954    1.1104    1.1104
    21.375     17.10    0.1500        145    1.1255    1.1409    1.1564
    21.375     17.10    0.6000         29    1.1722    1.2044    1.2209
    21.375     17.30   -0.0100      16992    1.0661    1.0807    1.0954
    21.375     17.30    0.0100       5496    1.0661    1.0807    1.0954
    21.375     17.30    0.0350        568    1.0807    1.0807    1.0954
    21.375     17.30    0.0750        200    1.0807    1.0954    1.1104
    21.375     17.30    0.1500         20    1.1255    1.1255    1.1255
    21.375     17.50   -0.0100       1676    1.0807    1.0807    1.0807
    21.425     15.50    0.1500         20    1.8332    1.8332    1.9353
    21.425     15.50    0.6000         48    2.6075    2.9457    4.6697
    21.425     15.70   -0.0350       1384    1.0661    1.0661    1.0661
    21.425     15.70   -0.0100     510616    1.0807    1.0807    1.0807
    21.425     15.70    0.0100     486616    1.0807    1.0807    1.0807
    21.425     15.70    0.0350        276    1.0807    1.0954    1.1409
    21.425     15.70    0.0750         74    1.2375    1.2544    1.3243
    21.425     15.70    0.1500         32    1.4960    1.7602    2.6792
    21.425     15.70    0.6000         77    2.5378    2.9457    4.2471
    21.425     15.90   -0.0350         36    0.9697    0.9829    1.0099
    21.425     15.90   -0.0100        560    0.9829    1.0661    1.0661
    21.425     15.90    0.0100       3196    1.0518    1.0661    1.0661
    21.425     15.90    0.0350       1140    1.0661    1.0661    1.0954
    21.425     15.90    0.0750        473    1.1104    1.1564    1.4759
    21.425     15.90    0.1500        197    1.7365    2.2162    2.6792
    21.425     15.90    0.6000         61    1.6228    1.9093    3.1953
    21.425     16.10   -0.0350        284    0.9437    0.9963    1.0376
    21.425     16.10   -0.0100        116    0.9310    0.9963    1.0661
    21.425     16.10    0.0100        548    1.0099    1.0661    1.0661
    21.425     16.10    0.0350       1308    1.0661    1.0661    1.0807
    21.425     16.10    0.0750        448    1.0807    1.0954    1.3243
    21.425     16.10    0.1500        210    1.3243    1.4759    2.1569
    21.425     16.10    0.6000         42    1.8086    2.1279    3.6097
    21.425     16.30   -0.0350        296    0.9963    1.0376    1.0661
    21.425     16.30   -0.0100       6408    1.0661    1.0807    1.0807
    21.425     16.30    0.0100       3436    1.0807    1.0807    1.0807
    21.425     16.30    0.0350        876    1.0807    1.0807    1.1104
    21.425     16.30    0.0750        221    1.0954    1.1409    1.2375
    21.425     16.30    0.1500        193    1.1564    1.2544    1.3607
    21.425     16.30    0.6000         48    1.3607    1.5581    1.6901
    21.425     16.50   -0.0350        128    1.0518    1.0661    1.0661
    21.425     16.50   -0.0100      37976    1.0661    1.0661    1.0661
    21.425     16.50    0.0100      10374    1.0661    1.0661    1.0807
    21.425     16.50    0.0350       1590    1.0661    1.0807    1.0954
    21.425     16.50    0.0750        485    1.0376    1.0954    1.1409
    21.425     16.50    0.1500        197    1.1104    1.1722    1.2544
    21.425     16.50    0.6000         53    1.2715    1.3064    1.4171
    21.425     16.70   -0.0100       7336    1.0661    1.0807    1.0954
    21.425     16.70    0.0100      10374    1.0954    1.0954    1.1104
    21.425     16.70    0.0350       1677    1.0954    1.1104    1.1255
    21.425     16.70    0.0750        640    1.0954    1.1255    1.1564
    21.425     16.70    0.1500        214    1.1564    1.1722    1.2044
    21.425     16.70    0.6000         34    1.2209    1.2375    1.3423
    21.425     16.90   -0.0100      14316    1.0807    1.0954    1.1104
    21.425     16.90    0.0100      12649    1.0954    1.0954    1.1104
    21.425     16.90    0.0350       1304    1.0954    1.0954    1.1104
    21.425     16.90    0.0750        509    1.0954    1.1104    1.1255
    21.425     16.90    0.1500         64    1.1409    1.1409    1.1722
    21.425     17.10   -0.0100       5076    1.0807    1.0954    1.0954
    21.425     17.10    0.0100       1988    1.0954    1.0954    1.1104
    21.425     17.10    0.0350        120    1.0954    1.0954    1.0954
    21.425     17.10    0.0750         36    1.0954    1.1104    1.1104
    21.425     17.30    0.0100         48    1.0954    1.0954    1.0954
    21.475     15.30    0.6000         30    2.3396    2.6792    3.7089
    21.475     15.50   -0.0350       8472    0.9963    1.0237    1.0518
    21.475     15.50   -0.0100      90968    1.0807    1.0807    1.0807
    21.475     15.50    0.0100      63441    1.0807    1.0807    1.0807
    21.475     15.50    0.0350        744    1.1255    1.2209    1.3980
    21.475     15.50    0.0750         37    1.3423    1.3607    1.9353
    21.475     15.50    0.1500         52    1.7602    1.9617    2.0710
    21.475     15.50    0.6000         55    2.0156    2.8670    4.4233
    21.475     15.70   -0.0350      12172    1.0376    1.0518    1.0661
    21.475     15.70   -0.0100     529076    1.0807    1.0807    1.0807
    21.475     15.70    0.0100     594898    1.0807    1.0807    1.0807
    21.475     15.70    0.0350        728    1.1104    1.1722    1.2715
    21.475     15.70    0.0750        232    1.3064    1.4171    1.6673
    21.475     15.70    0.1500        209    1.3423    1.8582    2.8284
    21.475     15.70    0.6000        116    2.3396    2.7903    4.0230
    21.475     15.90   -0.0100        192    0.9963    1.0518    1.0807
    21.475     15.90    0.0100        168    0.9963    1.1104    1.1409
    21.475     15.90    0.0350        148    1.0376    1.1104    1.1722
    21.475     15.90    0.0750        220    1.1409    1.2209    1.4171
    21.475     15.90    0.1500        188    1.3064    1.6009    1.7365
    21.475     15.90    0.6000         97    1.6009    1.8836    2.5724
    21.475     16.10   -0.0350         60    1.0376    1.0518    1.0661
    21.475     16.10   -0.0100      10120    1.0807    1.0807    1.0954
    21.475     16.10    0.0100       6845    1.0954    1.0954    1.0954
    21.475     16.10    0.0350       1194    1.0954    1.1104    1.1409
    21.475     16.10    0.0750        360    1.1104    1.1255    1.1882
    21.475     16.10    0.1500        173    1.1564    1.2375    1.3607
    21.475     16.10    0.6000         63    1.3792    1.4171    1.6673
    21.475     16.30   -0.0100      22620    1.0807    1.0807    1.0807
    21.475     16.30    0.0100      10490    1.0807    1.0807    1.1409
    21.475     16.30    0.0350       1569    1.0807    1.0954    1.1409
    21.475     16.30    0.0750        597    1.0661    1.1409    1.1722
    21.475     16.30    0.1500        225    1.1104    1.2044    1.2375
    21.475     16.30    0.6000         71    1.2715    1.3064    1.3607
    21.475     16.50   -0.0100       6232    1.0954    1.1104    1.1255
    21.475     16.50    0.0100      14210    1.1104    1.1255    1.1255
    21.475     16.50    0.0350       1769    1.1104    1.1255    1.1409
    21.475     16.50    0.0750        664    1.1255    1.1409    1.1722
    21.475     16.50    0.1500        164    1.1722    1.1882    1.2209
    21.475     16.70   -0.0100       7264    1.0954    1.1104    1.1255
    21.475     16.70    0.0100       7840    1.1104    1.1255    1.1255
    21.475     16.70    0.0350        396    1.1104    1.1104    1.1255
    21.475     16.70    0.0750        124    1.1104    1.1255    1.1409
    21.475     16.90   -0.0100        316    1.1104    1.1104    1.1104
    21.475     16.90    0.0100        764    1.1104    1.1104    1.1255
    21.525     15.10   -0.0350        248    0.9437    0.9697    1.0099
    21.525     15.10   -0.0100        192    0.9437    0.9566    0.9963
    21.525     15.10    0.0100        184    0.9963    0.9963    1.0518
    21.525     15.10    0.0350        128    1.1104    1.2544    1.6901
    21.525     15.10    0.0750         45    1.4759    1.7842    2.6075
    21.525     15.10    0.6000         33    2.2771    3.2389    3.3278
    21.525     15.30   -0.0350       3316    0.9697    1.0099    1.0518
    21.525     15.30   -0.0100      47500    1.0954    1.0954    1.0954
    21.525     15.30    0.0100      20859    1.0954    1.0954    1.0954
    21.525     15.30    0.0350       1073    1.1104    1.1255    1.3243
    21.525     15.30    0.0750        289    1.1564    1.3423    2.0156
    21.525     15.30    0.1500         48    1.4960    2.3082    2.3396
    21.525     15.30    0.6000        105    2.0431    3.2830    3.5611
    21.525     15.50   -0.0350       1032    0.9963    1.0376    1.0661
    21.525     15.50   -0.0100     135388    1.0807    1.0807    1.0954
    21.525     15.50    0.0100      55226    1.0807    1.0807    1.0954
    21.525     15.50    0.0350        667    1.0954    1.1104    1.1882
    21.525     15.50    0.0750        187    1.2715    1.3423    1.4560
    21.525     15.50    0.1500        272    1.4759    1.9093    2.0431
    21.525     15.50    0.6000         83    1.9617    2.3716    2.9859
    21.525     15.70   -0.0100        140    1.0807    1.1104    1.1104
    21.525     15.70    0.0100        476    1.0807    1.1255    1.1255
    21.525     15.70    0.0350        248    1.0518    1.1255    1.1722
    21.525     15.70    0.0750        276    1.1722    1.2209    1.3243
    21.525     15.70    0.1500        240    1.2544    1.3980    1.7842
    21.525     15.70    0.6000        114    1.5794    1.8086    2.4367
    21.525     15.90   -0.0100       9496    1.0954    1.0954    1.1104
    21.525     15.90    0.0100      11710    1.1104    1.1104    1.1104
    21.525     15.90    0.0350       1441    1.1104    1.1255    1.1564
    21.525     15.90    0.0750        601    1.1409    1.1722    1.2044
    21.525     15.90    0.1500        318    1.2044    1.2544    1.3607
    21.525     15.90    0.6000         78    1.3423    1.5164    1.6228
    21.525     16.10   -0.0100      10724    1.0954    1.0954    1.0954
    21.525     16.10    0.0100      13535    1.0954    1.1409    1.1564
    21.525     16.10    0.0350       1536    1.1104    1.1564    1.1722
    21.525     16.10    0.0750        958    1.0807    1.1722    1.1882
    21.525     16.10    0.1500        313    1.1882    1.2209    1.2715
    21.525     16.10    0.6000         38    1.2715    1.3243    1.3980
    21.525     16.30   -0.0100       4888    1.1255    1.1255    1.1409
    21.525     16.30    0.0100      13413    1.1255    1.1409    1.1564
    21.525     16.30    0.0350        784    1.1255    1.1409    1.1564
    21.525     16.30    0.0750        472    1.1104    1.1564    1.1722
    21.525     16.30    0.1500         52    1.1882    1.2044    1.2544
    21.525     16.50   -0.0100       1552    1.1104    1.1255    1.1409
    21.525     16.50    0.0100       3276    1.1255    1.1409    1.1409
    21.525     16.50    0.0750         28    1.1255    1.1564    1.1564
    21.575     14.90   -0.0350         64    0.9963    0.9963    1.0099
    21.575     14.90   -0.0100        220    0.9697    0.9963    1.0518
    21.575     14.90    0.0100        216    0.9963    1.0237    1.0954
    21.575     14.90    0.0350        212    1.1409    1.1564    1.1882
    21.575     14.90    0.0750        161    1.3980    1.6009    2.2771
    21.575     15.10   -0.0350        900    0.9697    1.0376    1.0661
    21.575     15.10   -0.0100      31636    1.1104    1.1104    1.1104
    21.575     15.10    0.0100      13995    1.1104    1.1104    1.1104
    21.575     15.10    0.0350        929    1.1104    1.1255    1.2375
    21.575     15.10    0.0750        477    1.1564    1.2889    1.8332
    21.575     15.10    0.1500         98    1.1882    1.6009    2.0993
    21.575     15.10    0.6000         48    2.1864    3.0267    3.4193
    21.575     15.30   -0.0350        148    1.0518    1.0807    1.0807
    21.575     15.30   -0.0100      57984    1.0954    1.0954    1.0954
    21.575     15.30    0.0100      14759    1.0954    1.0954    1.1104
    21.575     15.30    0.0350        565    1.0954    1.1104    1.1409
    21.575     15.30    0.0750        293    1.1564    1.2375    1.3423
    21.575     15.30    0.1500        440    1.1722    1.5581    2.2162
    21.575     15.30    0.6000        215    1.8332    2.6075    3.4193
    21.575     15.50   -0.0100        652    1.1104    1.1255    1.1409
    21.575     15.50    0.0100       2665    1.1409    1.1409    1.1409
    21.575     15.50    0.0350        828    1.1409    1.1564    1.2044
    21.575     15.50    0.0750        382    1.1409    1.2044    1.2889
    21.575     15.50    0.1500        347    1.2375    1.3607    1.5164
    21.575     15.50    0.6000        157    1.4560    1.7842    2.0993
    21.575     15.70   -0.0100       6800    1.1104    1.1255    1.1255
    21.575     15.70    0.0100      15495    1.1255    1.1255    1.1722
    21.575     15.70    0.0350       1984    1.1409    1.1564    1.2044
    21.575     15.70    0.0750        876    1.1564    1.2044    1.2375
    21.575     15.70    0.1500        516    1.1882    1.2889    1.3607
    21.575     15.70    0.6000         75    1.3607    1.4364    1.6901
    21.575     15.90   -0.0100       3980    1.1104    1.1104    1.1564
    21.575     15.90    0.0100      14369    1.1564    1.1722    1.1882
    21.575     15.90    0.0350       1141    1.1409    1.1722    1.1882
    21.575     15.90    0.0750        956    1.1255    1.1882    1.2209
    21.575     15.90    0.1500        172    1.2044    1.2715    1.3064
    21.575     16.10   -0.0100       1988    1.1409    1.1409    1.1564
    21.575     16.10    0.0100       7940    1.1564    1.1564    1.1722
    21.575     16.10    0.0350        116    1.1564    1.1722    1.1722
    21.575     16.10    0.0750        152    1.1722    1.1722    1.1882
    21.575     16.30   -0.0100        136    1.1409    1.1564    1.1722
    21.575     16.30    0.0100        452    1.1409    1.1722    1.1722
    21.625     14.70   -0.0100        108    1.0376    1.0661    1.1104
    21.625     14.70    0.0100        196    1.0518    1.0807    1.1409
    21.625     14.70    0.0350        328    1.1564    1.1722    1.2375
    21.625     14.70    0.0750        628    1.1722    1.1882    1.4960
    21.625     14.70    0.1500         71    1.8582    2.4367    2.5037
    21.625     14.90   -0.0350         68    1.0099    1.0661    1.0807
    21.625     14.90   -0.0100      20992    1.1104    1.1255    1.1255
    21.625     14.90    0.0100      14279    1.1255    1.1255    1.1255
    21.625     14.90    0.0350       1222    1.1255    1.1409    1.1722
    21.625     14.90    0.0750        652    1.1722    1.1882    1.5164
    21.625     14.90    0.1500        136    1.2889    1.5164    2.0993
    21.625     14.90    0.6000        156    2.3716    2.6792    3.7595
    21.625     15.10   -0.0100      25632    1.1104    1.1104    1.1104
    21.625     15.10    0.0100       7509    1.1104    1.1104    1.1255
    21.625     15.10    0.0350        400    1.1255    1.1255    1.1409
    21.625     15.10    0.0750        413    1.1722    1.1882    1.3792
    21.625     15.10    0.1500        152    1.4364    1.6673    1.8582
    21.625     15.10    0.6000        235    1.8086    2.3716    3.0680
    21.625     15.30   -0.0100       1092    1.1255    1.1564    1.1564
    21.625     15.30    0.0100       6093    1.1564    1.1564    1.1722
    21.625     15.30    0.0350       1478    1.1722    1.1882    1.2375
    21.625     15.30    0.0750        496    1.1882    1.2375    1.2889
    21.625     15.30    0.1500        492    1.3064    1.3980    1.6228
    21.625     15.30    0.6000        150    1.5794    2.0710    2.2771
    21.625     15.50   -0.0100       3232    1.1255    1.1409    1.1409
    21.625     15.50    0.0100      16248    1.1409    1.1564    1.2209
    21.625     15.50    0.0350       1825    1.1564    1.2044    1.2209
    21.625     15.50    0.0750       1045    1.1882    1.2375    1.2715
    21.625     15.50    0.1500        549    1.2209    1.3243    1.4171
    21.625     15.50    0.6000         54    1.3792    1.4560    1.8332
    21.625     15.70   -0.0100        540    1.1255    1.1722    1.1722
    21.625     15.70    0.0100      12097    1.1882    1.1882    1.2209
    21.625     15.70    0.0350        556    1.1409    1.2044    1.2044
    21.625     15.70    0.0750        424    1.1564    1.2209    1.2544
    21.625     15.70    0.1500         92    1.2209    1.2889    1.3607
    21.625     15.90   -0.0100        220    1.1564    1.1722    1.1722
    21.625     15.90    0.0100       3024    1.1722    1.1882    1.2044
    21.675     14.10   -0.0100     234744    1.1882    1.1882    1.1882
    21.675     14.10    0.0100     164716    1.1882    1.1882    1.1882
    21.675     14.10    0.0350        188    1.1722    1.2044    1.2209
    21.675     14.10    0.0750         38    1.2375    1.2715    1.2889
    21.675     14.30   -0.0100        136    1.1722    1.1722    1.1722
    21.675     14.30    0.0100       2408    1.1564    1.1564    1.1722
    21.675     14.30    0.0350       1028    1.1722    1.1722    1.1882
    21.675     14.30    0.0750        212    1.2044    1.2209    1.2375
    21.675     14.50    0.0100        312    1.1564    1.1722    1.1882
    21.675     14.50    0.0350       1268    1.1722    1.1722    1.1882
    21.675     14.50    0.0750        404    1.2044    1.2044    1.4759
    21.675     14.50    0.1500        182    1.5794    1.9885    2.5724
    21.675     14.70   -0.0100      10516    1.1409    1.1409    1.1409
    21.675     14.70    0.0100      17603    1.1409    1.1409    1.1564
    21.675     14.70    0.0350       1533    1.1564    1.1722    1.2044
    21.675     14.70    0.0750        428    1.1882    1.2544    1.3792
    21.675     14.70    0.1500        161    1.3243    1.7131    2.3716
    21.675     14.70    0.6000         76    2.1569    2.5037    3.3278
    21.675     14.90   -0.0100       9372    1.1255    1.1255    1.1409
    21.675     14.90    0.0100       5905    1.1255    1.1409    1.1409
    21.675     14.90    0.0350        576    1.1409    1.2209    1.2375
    21.675     14.90    0.0750        275    1.2209    1.2715    1.3423
    21.675     14.90    0.1500        282    1.4171    1.5794    1.9353
    21.675     14.90    0.6000        237    1.7131    2.0710    2.7528
    21.675     15.10   -0.0100        368    1.1564    1.1722    1.1722
    21.675     15.10    0.0100       9143    1.1882    1.1882    1.2044
    21.675     15.10    0.0350       2392    1.1882    1.2544    1.2889
    21.675     15.10    0.0750        913    1.2375    1.2889    1.3243
    21.675     15.10    0.1500        745    1.3423    1.4171    1.5794
    21.675     15.10    0.6000        190    1.6449    1.8836    2.5724
    21.675     15.30   -0.0100        980    1.1564    1.1564    1.1722
    21.675     15.30    0.0100      12791    1.1722    1.2209    1.2544
    21.675     15.30    0.0350       1649    1.2044    1.2375    1.2544
    21.675     15.30    0.0750        700    1.2375    1.2715    1.3064
    21.675     15.30    0.1500        396    1.2889    1.3792    1.4759
    21.675     15.30    0.6000         37    1.6009    1.7365    2.2464
    21.675     15.50    0.0100       7076    1.2044    1.2209    1.2544
    21.675     15.50    0.0350        120    1.1564    1.2044    1.2209
    21.675     15.50    0.0750         72    1.1882    1.2375    1.2544
    21.675     15.70    0.0100        372    1.2044    1.2375    1.2375
    21.725     13.90   -0.0350        972    1.1255    1.1255    1.1409
    21.725     13.90   -0.0100      52144    1.1882    1.2044    1.2044
    21.725     13.90    0.0100      34821    1.1882    1.1882    1.2044
    21.725     13.90    0.0350        539    1.2375    1.3607    1.5581
    21.725     14.10   -0.0350        968    1.1409    1.1409    1.1564
    21.725     14.10   -0.0100    1533584    1.1882    1.1882    1.1882
    21.725     14.10    0.0100    1002756    1.1882    1.1882    1.1882
    21.725     14.10    0.0350        798    1.1882    1.2375    1.3792
    21.725     14.10    0.0750         31    1.3243    1.3423    1.4171
    21.725     14.30   -0.0100         56    1.1722    1.1722    1.1882
    21.725     14.30    0.0100        709    1.1722    1.1882    1.1882
    21.725     14.30    0.0350        372    1.2044    1.2209    1.2544
    21.725     14.30    0.0750        328    1.2715    1.3607    1.6009
    21.725     14.30    0.1500        172    1.5581    1.9885    2.5378
    21.725     14.50   -0.0100       5388    1.1564    1.1564    1.1722
    21.725     14.50    0.0100      16643    1.1564    1.1722    1.1722
    21.725     14.50    0.0350       1225    1.1722    1.2044    1.2375
    21.725     14.50    0.0750        393    1.2044    1.2544    1.3980
    21.725     14.50    0.1500        150    1.3423    1.7602    1.9617
    21.725     14.50    0.6000         89    2.0710    2.6431    3.0680
    21.725     14.70   -0.0100       2352    1.1409    1.1564    1.1564
    21.725     14.70    0.0100       4309    1.1564    1.1564    1.2375
    21.725     14.70    0.0350        984    1.2544    1.2715    1.3423
    21.725     14.70    0.0750        468    1.2715    1.3607    1.3980
    21.725     14.70    0.1500        441    1.4560    1.6009    1.7842
    21.725     14.70    0.6000        332    1.8332    2.3082    3.0267
    21.725     14.90    0.0100       8423    1.2044    1.2209    1.2375
    21.725     14.90    0.0350       3105    1.2375    1.3064    1.3243
    21.725     14.90    0.0750       1121    1.2889    1.3423    1.3792
    21.725     14.90    0.1500        770    1.4171    1.5371    1.7131
    21.725     14.90    0.6000        173    1.7131    2.2162    2.8284
    21.725     15.10    0.0100       7203    1.2044    1.2715    1.2889
    21.725     15.10    0.0350       1289    1.2544    1.2889    1.3064
    21.725     15.10    0.0750        404    1.2889    1.3243    1.3607
    21.725     15.10    0.1500        176    1.3423    1.4364    1.6228
    21.725     15.30    0.0100       1982    1.2544    1.2544    1.2889
    21.725     15.30    0.0350         60    1.2044    1.2544    1.2544
    21.775     13.70   -0.0100      15068    1.2044    1.2209    1.2209
    21.775     13.70    0.0100      16465    1.2044    1.2209    1.2209
    21.775     13.70    0.0350        977    1.2375    1.2889    1.4960
    21.775     13.70    0.0750         96    1.3792    1.5794    2.0156
    21.775     13.90   -0.0350        220    1.1104    1.1255    1.1564
    21.775     13.90   -0.0100     125888    1.2044    1.2044    1.2044
    21.775     13.90    0.0100      29211    1.2044    1.2044    1.2044
    21.775     13.90    0.0350        757    1.2375    1.2889    1.5164
    21.775     14.10    0.0100       1453    1.2044    1.2209    1.2375
    21.775     14.10    0.0350        565    1.2209    1.2544    1.2715
    21.775     14.10    0.0750        392    1.2715    1.3607    1.4960
    21.775     14.10    0.1500        276    1.5794    1.9617    2.4367
    21.775     14.30   -0.0100       1584    1.1722    1.1882    1.1882
    21.775     14.30    0.0100      13475    1.1882    1.2044    1.2044
    21.775     14.30    0.0350        953    1.1722    1.2209    1.2544
    21.775     14.30    0.0750        515    1.2544    1.3064    1.4171
    21.775     14.30    0.1500        229    1.4560    1.6009    1.8836
    21.775     14.30    0.6000        131    2.1279    2.5378    3.1953
    21.775     14.50   -0.0100        356    1.1722    1.1722    1.1882
    21.775     14.50    0.0100       2446    1.1882    1.2715    1.2889
    21.775     14.50    0.0350       1941    1.2889    1.3243    1.3792
    21.775     14.50    0.0750        758    1.3423    1.4171    1.4560
    21.775     14.50    0.1500        754    1.5164    1.6228    1.8582
    21.775     14.50    0.6000        351    1.8582    2.4039    2.7903
    21.775     14.70    0.0100       4078    1.2544    1.2544    1.2715
    21.775     14.70    0.0350       3924    1.3243    1.3423    1.3792
    21.775     14.70    0.0750        884    1.3607    1.3980    1.4560
    21.775     14.70    0.1500        588    1.4759    1.6009    1.7842
    21.775     14.70    0.6000        157    2.0710    2.3396    2.9061
    21.775     14.90    0.0100       1566    1.3064    1.3064    1.3243
    21.775     14.90    0.0350       2008    1.3064    1.3423    1.3607
    21.775     14.90    0.0750        136    1.3423    1.3607    1.4560
    21.775     14.90    0.1500         24    1.4560    1.5371    1.6009
    21.775     15.10    0.0100        276    1.2889    1.3064    1.3243
    21.775     15.10    0.0350         24    1.3423    1.3423    1.3423
    21.825     13.50   -0.0100       3880    1.2375    1.2375    1.2375
    21.825     13.50    0.0100      11467    1.2375    1.2375    1.2375
    21.825     13.50    0.0350        981    1.2544    1.2889    1.3423
    21.825     13.50    0.0750        376    1.3980    1.6009    2.0710
    21.825     13.70   -0.0100      32204    1.2209    1.2209    1.2375
    21.825     13.70    0.0100      24788    1.2209    1.2209    1.2375
    21.825     13.70    0.0350        759    1.2375    1.2715    1.3980
    21.825     13.70    0.0750        316    1.3607    1.3980    1.7842
    21.825     13.90    0.0100       1689    1.2544    1.2544    1.2715
    21.825     13.90    0.0350        748    1.2375    1.2889    1.3064
    21.825     13.90    0.0750        522    1.3243    1.3792    1.4560
    21.825     13.90    0.1500        343    1.6009    1.7365    2.3716
    21.825     14.10    0.0100       7793    1.2209    1.2375    1.2544
    21.825     14.10    0.0350        865    1.2209    1.2715    1.3243
    21.825     14.10    0.0750        598    1.3243    1.4171    1.5581
    21.825     14.10    0.1500        310    1.5371    1.7131    1.9617
    21.825     14.10    0.6000        209    2.0993    2.4039    2.7903
    21.825     14.30    0.0100        480    1.2044    1.2209    1.3243
    21.825     14.30    0.0350       3034    1.3423    1.3607    1.4560
    21.825     14.30    0.0750       1212    1.3980    1.4960    1.5581
    21.825     14.30    0.1500        717    1.6673    1.7842    2.1864
    21.825     14.30    0.6000        241    2.0431    2.6792    3.0680
    21.825     14.50    0.0100       1377    1.2889    1.3064    1.3243
    21.825     14.50    0.0350       2920    1.3243    1.4171    1.4560
    21.825     14.50    0.0750        732    1.4364    1.4960    1.5581
    21.825     14.50    0.1500        248    1.6449    1.7842    2.1279
    21.825     14.50    0.6000         45    2.6792    2.7528    2.9061
    21.825     14.70    0.0350       1277    1.3607    1.3792    1.4171
    21.825     14.70    0.0750        108    1.3980    1.4560    1.4960
    21.875     13.10    0.0350        188    1.3792    1.3792    1.4171
    21.875     13.10    0.0750         44    1.4171    1.4364    1.4364
    21.875     13.30   -0.0100        632    1.2544    1.2715    1.2715
    21.875     13.30    0.0100       7134    1.2715    1.2715    1.2715
    21.875     13.30    0.0350       1574    1.2889    1.3607    1.3792
    21.875     13.30    0.0750        601    1.4171    1.5371    1.7842
    21.875     13.30    0.1500         39    1.7602    2.1864    2.3082
    21.875     13.50   -0.0100       7080    1.2375    1.2544    1.2544
    21.875     13.50    0.0100      19213    1.2544    1.2544    1.2715
    21.875     13.50    0.0350        945    1.2544    1.3064    1.3792
    21.875     13.50    0.0750        471    1.3980    1.4171    1.7842
    21.875     13.70    0.0100        953    1.3064    1.3064    1.3243
    21.875     13.70    0.0350       1326    1.3064    1.3243    1.3607
    21.875     13.70    0.0750        573    1.3792    1.4364    1.5581
    21.875     13.70    0.1500        366    1.6449    1.9093    2.1569
    21.875     13.70    0.6000         35    2.7157    2.7528    2.8284
    21.875     13.90    0.0100       3407    1.2715    1.2715    1.2889
    21.875     13.90    0.0350        982    1.2544    1.3064    1.4560
    21.875     13.90    0.0750        679    1.3980    1.5581    1.6673
    21.875     13.90    0.1500        387    1.7131    1.8332    2.0431
    21.875     13.90    0.6000        196    2.2464    2.5724    2.9061
    21.875     14.10    0.0350       2063    1.3980    1.4171    1.5164
    21.875     14.10    0.0750       1418    1.4759    1.5794    1.6673
    21.875     14.10    0.1500        672    1.7602    1.8836    2.2162
    21.875     14.10    0.6000        168    2.2162    2.6792    3.1098
    21.875     14.30    0.0100         37    1.3792    1.3792    1.3792
    21.875     14.30    0.0350       1693    1.3792    1.4759    1.5371
    21.875     14.30    0.0750        728    1.5164    1.5581    1.6673
    21.875     14.30    0.1500        128    1.8332    1.8836    2.2464
    21.875     14.50    0.0350        272    1.4560    1.4560    1.4960
    21.875     14.50    0.0750         52    1.4759    1.5581    1.5581
    21.925     12.70   -0.0100      22840    1.3792    1.3980    1.3980
    21.925     12.70    0.0100      30846    1.3980    1.3980    1.3980
    21.925     12.90   -0.0100    2403004    1.3980    1.3980    1.3980
    21.925     12.90    0.0100    1061860    1.3980    1.3980    1.3980
    21.925     12.90    0.0350        636    1.3980    1.4364    1.4960
    21.925     13.10    0.0100       4357    1.3064    1.3243    1.3607
    21.925     13.10    0.0350       1414    1.3243    1.3792    1.3980
    21.925     13.10    0.0750        410    1.4560    1.5794    1.8332
    21.925     13.10    0.1500        112    1.8332    2.1569    2.6431
    21.925     13.30   -0.0100        480    1.2544    1.2715    1.2889
    21.925     13.30    0.0100      10567    1.2889    1.2889    1.3064
    21.925     13.30    0.0350        828    1.2715    1.3243    1.3607
    21.925     13.30    0.0750        300    1.4364    1.4960    1.7365
    21.925     13.30    0.1500         68    1.7602    2.1864    2.4700
    21.925     13.50    0.0350       1528    1.3792    1.3980    1.4171
    21.925     13.50    0.0750        550    1.4364    1.4960    1.5794
    21.925     13.50    0.1500        372    1.7131    1.9093    2.3396
    21.925     13.50    0.6000         35    2.3396    2.7903    2.9457
    21.925     13.70    0.0100        279    1.3243    1.3243    1.3607
    21.925     13.70    0.0350       1625    1.3243    1.3423    1.3607
    21.925     13.70    0.0750        731    1.5164    1.6673    1.8086
    21.925     13.70    0.1500        506    1.8582    2.0431    2.4367
    21.925     13.70    0.6000        112    2.3716    2.7157    2.9859
    21.925     13.90    0.0350        769    1.4759    1.4960    1.5164
    21.925     13.90    0.0750       1409    1.5794    1.6901    1.7842
    21.925     13.90    0.1500        590    1.8836    2.0993    2.4700
    21.925     13.90    0.6000         78    2.4039    2.5724    3.0267
    21.925     14.10    0.0350        291    1.4364    1.5794    1.6009
    21.925     14.10    0.0750        697    1.6228    1.6673    1.7602
    21.925     14.10    0.1500         64    1.8836    2.0156    2.5378
    21.975     12.50    0.0100        785    1.4364    1.4364    1.4560
    21.975     12.50    0.0350        145    1.4759    1.5164    1.6449
    21.975     12.70   -0.0100      77236    1.4171    1.4171    1.4171
    21.975     12.70    0.0100      70508    1.3980    1.4171    1.4171
    21.975     12.70    0.0350        731    1.5164    1.6228    1.8332
    21.975     12.90   -0.0100     108416    1.3980    1.3980    1.4171
    21.975     12.90    0.0100       2889    1.3607    1.3980    1.3980
    21.975     12.90    0.0350       1066    1.3792    1.3980    1.4364
    21.975     12.90    0.0750        354    1.4759    1.5581    1.6673
    21.975     12.90    0.1500        207    1.8582    1.9617    2.5037
    21.975     13.10    0.0100       4372    1.3243    1.3423    1.3607
    21.975     13.10    0.0350        913    1.3243    1.3607    1.3980
    21.975     13.10    0.0750        381    1.4560    1.5371    1.7365
    21.975     13.10    0.1500        135    1.9093    2.1864    2.2771
    21.975     13.30    0.0350        697    1.4560    1.4960    1.5164
    21.975     13.30    0.0750        681    1.5581    1.6009    1.7131
    21.975     13.30    0.1500        276    1.8332    2.0156    2.3716
    21.975     13.30    0.6000         27    2.4367    2.6075    2.7528
    21.975     13.50    0.0350        654    1.4171    1.4364    1.4560
    21.975     13.50    0.0750        450    1.5164    1.7602    1.8836
    21.975     13.50    0.1500        493    1.9885    2.1569    2.4367
    21.975     13.50    0.6000         25    2.4367    2.6075    2.8284
    21.975     13.70    0.0350         46    1.5371    1.5371    1.5794
    21.975     13.70    0.0750        808    1.6228    1.7602    1.9353
    21.975     13.70    0.1500        505    2.0431    2.2162    2.6431
    21.975     13.90    0.0750        199    1.7602    1.8332    1.9353
    21.975     13.90    0.1500         76    2.0431    2.0993    2.1864
    22.025     12.50   -0.0100       3209    1.4364    1.4364    1.4560
    22.025     12.50    0.0100      25036    1.4364    1.4560    1.4560
    22.025     12.50    0.0350       1694    1.4960    1.5371    1.7131
    22.025     12.50    0.0750        148    1.8582    2.0710    2.2464
    22.025     12.70   -0.0100       9560    1.4171    1.4364    1.4364
    22.025     12.70    0.0100      12212    1.4364    1.4364    1.4364
    22.025     12.70    0.0350        943    1.4560    1.4759    1.5164
    22.025     12.70    0.0750        366    1.5581    1.6449    1.7365
    22.025     12.70    0.1500        169    1.8582    2.0710    2.4039
    22.025     12.90    0.0100        321    1.3792    1.3792    1.3980
    22.025     12.90    0.0350       1983    1.3980    1.4171    1.4560
    22.025     12.90    0.0750        448    1.5164    1.6009    1.7365
    22.025     12.90    0.1500        105    1.9353    2.1864    2.4700
    22.025     13.10    0.0350         45    1.5794    1.5794    1.6009
    22.025     13.10    0.0750        606    1.6228    1.6901    1.8086
    22.025     13.10    0.1500        292    1.9353    2.1279    2.4367
    22.025     13.30    0.0350        109    1.5164    1.5581    1.5581
    22.025     13.30    0.0750        196    1.5581    1.6449    1.8836
    22.025     13.30    0.1500        161    2.0431    2.2771    2.4700
    22.025     13.50    0.0750        136    1.7842    1.8582    1.9353
    22.025     13.50    0.1500        191    2.1569    2.2464    2.5378
    22.025     13.70    0.1500         28    2.1569    2.2771    2.4700
    22.075     12.30    0.0100       5116    1.4759    1.4960    1.4960
    22.075     12.30    0.0350       1896    1.5164    1.5581    1.6673
    22.075     12.30    0.0750        507    1.7365    1.8582    2.1279
    22.075     12.50   -0.0100         32    1.4364    1.4364    1.4560
    22.075     12.50    0.0100       6681    1.4560    1.4759    1.4759
    22.075     12.50    0.0350        650    1.4759    1.5794    1.7131
    22.075     12.50    0.0750        467    1.6449    1.7602    1.9093
    22.075     12.50    0.1500        115    2.0156    2.1279    2.3716
    22.075     12.70    0.0350        865    1.4960    1.5371    1.5581
    22.075     12.70    0.0750        493    1.6228    1.6673    1.7842
    22.075     12.70    0.1500        126    1.8836    2.1569    2.4039
    22.075     12.90    0.0750        104    1.8086    1.8582    1.9353
    22.075     12.90    0.1500        171    2.0431    2.1569    2.3396
    22.075     13.10    0.0750         74    1.7131    1.7842    1.8582
    22.125     11.90   -0.0100      64664    1.6673    1.6673    1.6901
    22.125     11.90    0.0100      24668    1.6673    1.6673    1.6673
    22.125     11.90    0.0350        141    1.6673    1.6901    1.7602
    22.125     12.10   -0.0100      18852    1.6673    1.6673    1.6673
    22.125     12.10    0.0100       5812    1.6449    1.6673    1.6673
    22.125     12.10    0.0350       1998    1.5581    1.6009    1.6901
    22.125     12.10    0.0750        463    1.7602    1.8836    2.1279
    22.125     12.30    0.0100       1916    1.5164    1.5164    1.5371
    22.125     12.30    0.0350       1170    1.5371    1.5581    1.6901
    22.125     12.30    0.0750        283    1.7842    1.9353    2.2771
    22.125     12.30    0.1500         31    2.1569    2.1864    2.2771
    22.125     12.50    0.0750        455    1.6673    1.7602    1.9353
    22.125     12.50    0.1500         78    2.0431    2.2162    2.3716
    22.175     11.70   -0.0100        160    1.6901    1.6901    1.6901
    22.175     11.70    0.0100      10408    1.7131    1.7131    1.7131
    22.175     11.70    0.0350        128    1.8332    1.9885    2.0710
    22.175     11.90   -0.0100    1071192    1.6673    1.6673    1.6901
    22.175     11.90    0.0100     367059    1.6673    1.6673    1.6901
    22.175     11.90    0.0350        263    1.6901    1.7602    1.8086
    22.175     11.90    0.0750        351    1.8086    1.8836    2.0993
    22.175     12.10   -0.0100    1248396    1.6449    1.6673    1.6673
    22.175     12.10    0.0100     364236    1.6449    1.6449    1.6673
    22.175     12.10    0.0350        919    1.6228    1.6673    1.7131
    22.175     12.10    0.0750        438    1.7842    1.8836    2.1569
    22.225     11.50    0.0100         48    1.7602    1.7842    1.7842
    22.225     11.50    0.0350        127    1.8086    1.8836    2.0156
    22.225     11.70   -0.0100        396    1.6673    1.6901    1.6901
    22.225     11.70    0.0100      19996    1.6901    1.7131    1.7365
    22.225     11.70    0.0350       1514    1.8086    1.8836    2.0993
    22.225     11.90   -0.0100       1996    1.6673    1.6673    1.6901
    22.225     11.90    0.0100       4010    1.6901    1.6901    1.6901
    22.225     11.90    0.0750        189    1.8582    1.9885    2.1569
    22.275     11.50    0.0100        754    1.7842    1.7842    1.8086
    22.275     11.50    0.0350       2290    1.8086    1.8582    1.9885
    22.275     11.50    0.0750        136    2.1569    2.2771    2.3716
    22.275     11.70    0.0100       1536    1.7365    1.7602    1.7602
    22.275     11.70    0.0350        386    1.7602    1.8332    2.0710
    22.325     11.30    0.0100        140    1.9353    1.9617    1.9885
    22.325     11.50    0.0100        108    1.9885    1.9885    1.9885
    22.325     11.50    0.0350        347    1.9353    2.0156    2.0993
    22.325     11.50    0.0750         92    2.1864    2.2464    2.3082
    22.375     10.90    0.0100       1120    1.9617    1.9885    1.9885
    22.375     11.10   -0.0100     982144    1.8836    1.8836    1.9093
    22.375     11.10    0.0100     234669    1.8582    1.8836    1.9353
    22.375     11.10    0.0350        178    1.9353    1.9617    1.9885
    22.375     11.30    0.0100        420    1.9093    1.9353    1.9617
    22.425     10.90   -0.0100       5308    1.8582    1.8582    1.9093
    22.425     10.90    0.0100      32224    1.8836    1.9093    1.9617
    22.425     10.90    0.0350        185    2.1279    2.1864    2.2771
    22.425     11.10   -0.0100    2083096    1.8582    1.8582    1.8582
    22.425     11.10    0.0100     459423    1.8582    1.8582    1.8836
    22.475     10.70    0.0350        269    2.0710    2.1279    2.2162
    22.475     10.90    0.0100       3350    1.8836    1.9353    2.0156
    22.475     10.90    0.0350        708    2.0710    2.1279    2.2464
    22.625     10.10   -0.0100      11496    2.1569    2.1569    2.1864
    22.625     10.10    0.0100       8673    2.1569    2.1864    2.2162
    22.625     10.30    0.0100       1636    2.0993    2.1569    2.1864
    22.625     10.50    0.0100         24    2.1279    2.1279    2.1279
    22.675     10.10   -0.0100    1166792    1.9617    1.9885    2.0156
    22.675     10.10    0.0100     271936    1.9617    1.9885    2.0431
    22.725      9.90    0.0100       1627    2.0156    2.0431    2.1279
    22.725     10.10    0.0100        369    1.9617    1.9885    2.0156
    22.975      9.10   -0.0100        384    2.0156    2.0431    2.0431
    22.975      9.10    0.0100        313    2.0156    2.0431    2.0431
    23.275      7.90    0.0100        545    1.9617    1.9617    1.9617
