ID,i,j,k,SD_emb,M_BE,FWHM_pc,xi_max,contrast,R_out_as,R_cloud_as,theta_bg,theta_int,R_peak_hires,R_exc_hires,R_int_hires,R_exc_bsl_hires,R_int_bsl_hires,R_ap2_hires,R_ap2_bsl_hires,R_ap3_hires,R_ap3_bsl_hires,theta_ap2,theta_ap3,R_peak_f1p2,R_exc_f1p2,R_int_f1p2,R_exc_bsl_f1p2,R_int_bsl_f1p2,R_ap2_f1p2,R_ap2_bsl_f1p2,R_ap3_f1p2,R_ap3_bsl_f1p2,R_peak18_f1p2,R_exc18_f1p2,R_int18_f1p2
1,1,8,1,3.75e+20,0.00158489,0.003,0.5508,1.556,1.33088,39.9268,23.9561,18,0.491975,-0.045099,-0.367464,-0.0440653,-0.367145,-0.391702,-0.391427,-0.391702,-0.391427,22.7583,22.7583,0.421602,-0.158533,-0.517091,-0.154899,-0.516641,-0.516322,-0.51596,-0.516322,-0.51596,0.572834,-0.288134,-0.484674
2,1,9,1,3.75e+20,0.00235195,0.003,0.698,1.824,1.35462,40.6379,24.3827,18,0.397617,-0.0220136,-0.255187,-0.0216616,-0.255025,-0.294369,-0.294213,-0.294369,-0.294213,23.1636,23.1636,0.340124,-0.104198,-0.383387,-0.102532,-0.383144,-0.412928,-0.412708,-0.412928,-0.412708,0.48757,-0.18938,-0.4046
3,1,9,2,3.75e+20,0.00235195,0.0038356,0.5868,1.82,1.70831,51.2497,27,18,0.522266,0.012701,-0.250251,0.0123791,-0.249997,-0.323292,-0.323052,-0.323292,-0.323052,25.65,25.65,0.885617,0.665915,0.17313,0.649038,0.172954,-0.0273607,-0.0273405,-0.0273607,-0.0273405,1.18505,1.2103,-0.000747608
4,1,10,1,3.75e+20,0.00349025,0.003,0.8811,2.222,1.39669,41.9006,25.1404,18,0.317418,-0.00815223,-0.176961,-0.0080596,-0.176878,-0.225352,-0.225261,-0.225352,-0.225261,23.8834,23.8834,0.265778,-0.0735678,-0.27281,-0.0727319,-0.272682,-0.320057,-0.319928,-0.320057,-0.319928,0.399348,-0.13371,-0.320801
5,1,10,2,3.75e+20,0.00349025,0.0038356,0.7401,2.214,1.75319,52.5963,27,18,0.429442,0.0249365,-0.138754,0.0244886,-0.138651,-0.210186,-0.210062,-0.210186,-0.210062,25.65,25.65,0.718369,0.477051,0.0928648,0.468481,0.0927959,-0.0326626,-0.0326433,-0.0326626,-0.0326433,1.01239,0.867041,-0.0188654
6,1,10,3,3.75e+20,0.00349025,0.00490394,0.6167,2.201,2.23485,67.045,27,18,0.562862,0.0864981,-0.0294189,0.0839828,-0.0293832,-0.101926,-0.101828,-0.101926,-0.101828,25.65,25.65,0.658071,0.275914,0.224767,0.26789,0.224494,0.0867729,0.0866889,0.0867729,0.0866889,0.862388,0.501474,0.11494
7,1,10,4,3.75e+20,0.00349025,0.00626986,0.5192,2.181,2.82477,84.7431,27,18,0.689616,0.160773,0.0774856,0.153394,0.0773346,-0.00380966,-0.00380373,-0.00380966,-0.00380373,25.65,25.65,0.727089,0.261062,0.328315,0.249079,0.327675,0.13466,0.134451,0.13466,0.134451,0.891146,0.474481,0.16737
8,1,11,1,3.75e+20,0.00517947,0.003,1.1389,2.813,1.41265,42.3791,25.4274,18,0.241079,0.0023277,-0.108334,0.0023098,-0.108299,-0.151147,-0.151104,-0.151147,-0.151104,24.1561,24.1561,0.777956,0.668195,-0.158434,0.663054,-0.158382,-0.2001,-0.200042,-0.2001,-0.200042,1.22497,1.21445,-0.201617
9,1,11,2,3.75e+20,0.00517947,0.0038356,0.9515,2.802,1.77054,53.1167,27,18,0.335729,0.027445,-0.0707814,0.0271094,-0.0707449,-0.128502,-0.128446,-0.128502,-0.128446,25.65,25.65,0.577299,0.361416,0.0876816,0.356996,0.0876364,-0.00780766,-0.00780425,-0.00780766,-0.00780425,0.859056,0.656874,0.00335909
10,1,11,3,3.75e+20,0.00517947,0.00490394,0.7913,2.782,2.24546,67.3642,27,18,0.455475,0.0691507,0.00620786,0.0677846,0.00620265,-0.0471755,-0.0471418,-0.0471755,-0.0471418,25.65,25.65,0.559043,0.241006,0.288202,0.236244,0.287961,0.182365,0.182235,0.182365,0.182235,0.776787,0.438028,0.205548
11,1,11,4,3.75e+20,0.00517947,0.00626986,0.6605,2.75,2.851,85.5305,27,18,0.588722,0.128359,0.0968466,0.124286,0.0967147,0.041483,0.041435,0.041483,0.041435,25.65,25.65,0.642114,0.243595,0.566265,0.235865,0.565493,0.408091,0.407618,0.408091,0.407618,0.830462,0.442734,0.449456
12,1,11,5,3.75e+20,0.00517947,0.00801622,0.5619,2.706,3.55146,106.544,27,18,0.634723,0.408719,0.509834,0.401442,0.508688,0.505962,0.504897,0.505962,0.504897,25.65,25.65,0.883338,0.807091,0.952556,0.792721,0.950415,0.85175,0.849957,0.85175,0.849957,1.22132,1.40911,0.879962
13,1,12,1,3.75e+20,0.00768625,0.003,1.48,3.691,1.44685,43.4051,26.043,18,0.182847,0.0100381,-0.060014,0.00998531,-0.0600005,-0.097779,-0.0977592,-0.097779,-0.0977592,24.7409,24.7409,0.574543,0.466441,-0.0264838,0.463986,-0.0264779,-0.0731787,-0.0731638,-0.0731787,-0.0731638,0.939089,0.847757,-0.0714987
14,1,12,2,3.75e+20,0.00768625,0.0038356,1.2258,3.673,1.80865,54.259,27,18,0.258523,0.028446,-0.024165,0.0282065,-0.0241563,-0.0650486,-0.0650277,-0.0650486,-0.0650277,25.65,25.65,0.480796,0.309047,0.0899273,0.306444,0.0898949,0.0178237,0.017818,0.0178237,0.017818,0.749441,0.561694,0.0288594
15,1,12,3,3.75e+20,0.00768625,0.00490394,1.0127,3.642,2.28881,68.6641,27,18,0.363695,0.059978,0.0327552,0.0591573,0.032736,-0.00283052,-0.00282903,-0.00283052,-0.00282903,25.65,25.65,0.440064,0.172348,0.130685,0.16999,0.130608,0.0715679,0.0715304,0.0715679,0.0715304,0.644892,0.313244,0.0794796
16,1,12,4,3.75e+20,0.00768625,0.00626986,0.8466,3.597,2.87573,86.2718,27,18,0.482282,0.0988962,0.0960868,0.0967492,0.0959965,0.0623093,0.0622571,0.0623093,0.0622571,25.65,25.65,0.54249,0.20728,0.536083,0.20278,0.53558,0.441302,0.440932,0.441302,0.440932,0.743165,0.376732,0.473758
17,1,12,5,3.75e+20,0.00768625,0.00801622,0.7098,3.525,3.62392,108.717,27,18,0.536724,0.344362,0.449409,0.34017,0.448696,0.462304,0.461605,0.462304,0.461605,25.65,25.65,0.80145,0.720628,0.906682,0.711857,0.905244,0.821445,0.820201,0.821445,0.820201,1.16442,1.25753,0.849561
18,1,12,6,3.75e+20,0.00768625,0.010249,0.6,3.413,4.60046,138.014,27,18,0.615981,0.458,0.57692,0.45249,0.575436,0.606291,0.604785,0.606291,0.604785,25.65,25.65,0.868713,0.829514,1.01219,0.819533,1.00959,1.06288,1.06024,1.06288,1.06024,1.24586,1.41392,1.08715
19,1,12,7,3.75e+20,0.00768625,0.0131037,0.5295,3.245,5.86335,175.9,27,18,0.674614,0.505313,0.630698,0.497543,0.628065,0.667183,0.664482,0.667183,0.664482,25.65,25.65,0.924673,0.898542,1.06782,0.884724,1.06336,1.13368,1.12909,1.13368,1.12909,1.28035,1.5177,1.14988
20,1,13,1,3.75e+20,0.0114062,0.003,1.9269,4.989,1.52323,45.6965,27,18,0.139817,0.0137971,-0.0261627,0.0137458,-0.0261585,-0.0576378,-0.0576292,-0.0576378,-0.0576292,25.65,25.65,0.421829,0.328936,0.0457315,0.327711,0.0457241,-0.00197645,-0.00197616,-0.00197645,-0.00197616,0.708313,0.597842,0.00517785
21,1,13,2,3.75e+20,0.0114062,0.0038356,1.5936,4.962,1.86819,56.0452,27,18,0.199341,0.0312251,0.0092759,0.031043,0.00927356,-0.0162508,-0.0162471,-0.0162508,-0.0162471,25.65,25.65,0.267492,0.113782,0.214457,0.113118,0.214403,0.163297,0.163259,0.163297,0.163259,0.433182,0.206799,0.176123
22,1,13,3,3.75e+20,0.0114062,0.00490394,1.3127,4.917,2.33369,70.0106,27,18,0.279787,0.0491918,0.044413,0.0487315,0.044395,0.023516,0.0235072,0.023516,0.0235072,25.65,25.65,0.362789,0.158348,0.163424,0.156866,0.163358,0.112305,0.112263,0.112305,0.112263,0.558548,0.287797,0.12183
23,1,13,4,3.75e+20,0.0114062,0.00626986,1.0906,4.849,2.91858,87.5573,27,18,0.384444,0.0788072,0.092813,0.0776351,0.092753,0.0746946,0.07465,0.0746946,0.07465,25.65,25.65,0.438681,0.162443,0.311535,0.160027,0.311333,0.265476,0.265317,0.265476,0.265317,0.635379,0.29524,0.27486
24,1,13,5,3.75e+20,0.0114062,0.00801622,0.8963,4.732,3.736,112.08,27,18,0.439103,0.280159,0.380985,0.277807,0.380551,0.402606,0.402162,0.402606,0.402162,25.65,25.65,0.918371,0.896899,0.920253,0.889369,0.919203,0.847465,0.846531,0.847465,0.846531,1.39189,1.56421,0.871015
25,1,13,6,3.75e+20,0.0114062,0.010249,0.7501,4.562,4.71435,141.43,27,18,0.527464,0.394929,0.506948,0.39168,0.506021,0.541366,0.540402,0.541366,0.540402,25.65,25.65,0.787759,0.743903,1.02415,0.737785,1.02227,1.06117,1.05928,1.06117,1.05928,1.17621,1.26605,1.0887
26,1,13,7,3.75e+20,0.0114062,0.0131037,0.6405,4.299,6.01946,180.584,27,18,0.593349,0.449077,0.568865,0.444364,0.567173,0.609502,0.607735,0.609502,0.607735,25.65,25.65,0.949905,0.933663,0.898816,0.923866,0.896143,0.978832,0.975995,0.978832,0.975995,1.37061,1.56813,0.989431
27,1,13,8,3.75e+20,0.0114062,0.0167535,0.5743,3.989,7.43096,222.929,27,18,0.712849,0.605672,0.703206,0.599346,0.699968,0.75057,0.747221,0.75057,0.747221,25.65,25.65,0.91467,0.878282,0.948073,0.869108,0.943708,0.988908,0.984495,0.988908,0.984495,1.26432,1.38123,1.01806
28,1,14,1,3.75e+20,0.0169267,0.003,2.5606,6.907,1.64458,49.3374,27,18,0.108241,0.0185659,0.00693356,0.0185163,0.00693275,-0.00920191,-0.0092009,-0.00920191,-0.0092009,25.65,25.65,0.222699,0.143728,0.0820933,0.143344,0.0820838,0.0543588,0.0543528,0.0543588,0.0543528,0.381578,0.261226,0.0587489
29,1,14,2,3.75e+20,0.0169267,0.0038356,2.0966,6.871,1.97231,59.1693,27,18,0.151007,0.028202,0.0266219,0.0280862,0.0266171,0.0137189,0.0137166,0.0137189,0.0137166,25.65,25.65,0.25469,0.146411,0.230165,0.14581,0.230124,0.194493,0.19446,0.194493,0.19446,0.424682,0.266102,0.202633
30,1,14,3,3.75e+20,0.0169267,0.00490394,1.7186,6.806,2.4145,72.4355,27,18,0.216283,0.0454362,0.0552251,0.0451427,0.0552095,0.0452868,0.0452747,0.0452868,0.0452747,25.65,25.65,0.248775,0.0870366,0.198353,0.0864744,0.198298,0.168117,0.168073,0.168117,0.168073,0.398922,0.158189,0.177071
31,1,14,4,3.75e+20,0.0169267,0.00626986,1.4041,6.694,3.0205,90.6155,27,18,0.387568,0.224935,0.293772,0.223162,0.293628,0.297071,0.296933,0.297071,0.296933,25.65,25.65,0.49323,0.362585,0.47265,0.359727,0.472419,0.428675,0.428475,0.428675,0.428475,0.766164,0.648788,0.441144
32,1,14,5,3.75e+20,0.0169267,0.00801622,1.1619,6.532,3.77704,113.311,27,18,0.347827,0.221695,0.312626,0.220422,0.312379,0.336679,0.336419,0.336679,0.336419,25.65,25.65,0.748687,0.707037,0.816065,0.702976,0.815419,0.770862,0.770268,0.770862,0.770268,1.17669,1.23343,0.788629
33,1,14,6,3.75e+20,0.0169267,0.010249,0.9683,6.285,4.73427,142.028,27,18,0.439436,0.33264,0.433973,0.330789,0.433432,0.468691,0.468121,0.468691,0.468121,25.65,25.65,0.678368,0.628372,0.911594,0.624877,0.910458,0.969726,0.968545,0.969726,0.968545,1.0488,1.06951,0.998288
34,1,14,7,3.75e+20,0.0169267,0.0131037,0.8076,5.911,5.98692,179.607,27,18,0.482056,0.35612,0.46414,0.353552,0.463224,0.503374,0.502402,0.503374,0.502402,25.65,25.65,0.768166,0.725752,0.912331,0.720518,0.91053,1.03049,1.0285,1.03049,1.0285,1.15498,1.22572,1.03167
35,1,14,8,3.75e+20,0.0169267,0.0167535,0.6986,5.393,7.56492,226.947,27,18,0.640063,0.54691,0.635856,0.543,0.633811,0.682762,0.680631,0.682762,0.680631,25.65,25.65,0.854623,0.808,0.859606,0.802223,0.856842,0.844734,0.842097,0.844734,0.842097,1.21771,1.26763,0.864336
36,1,14,9,3.75e+20,0.0169267,0.02142,0.6129,4.67,9.72315,291.695,29.1695,18,0.744718,0.662867,0.739068,0.657002,0.735069,0.806467,0.802302,0.806467,0.802302,27.711,27.711,0.926867,0.902185,0.917343,0.894202,0.912379,0.907869,0.90318,0.907869,0.90318,1.23579,1.32078,0.937326
37,1,14,10,3.75e+20,0.0169267,0.0273861,0.546,3.921,12.1646,364.938,36.4938,24,0.831587,0.768225,0.891548,0.759541,0.884292,0.93774,0.930197,0.93774,0.930197,34.6692,34.6692,0.976678,0.957916,0.933971,0.947088,0.92637,0.895937,0.888731,0.895937,0.888731,1.21669,1.30316,0.964578
38,1,15,1,3.75e+20,0.0251189,0.003,3.4829,9.745,1.86765,56.0302,27,18,0.0888147,0.0233534,0.0296802,0.0233068,0.0296777,0.0247433,0.0247412,0.0247433,0.0247412,25.65,25.65,0.102434,0.0391622,0.0500103,0.039084,0.0500059,0.0357411,0.035738,0.0357411,0.035738,0.17793,0.0711775,0.0389931
39,1,15,2,3.75e+20,0.0251189,0.0038356,2.7958,9.685,2.16792,65.0382,27,18,0.119951,0.0288096,0.0405482,0.0287229,0.0405429,0.0369143,0.0369096,0.0369143,0.0369096,25.65,25.65,0.157839,0.0717649,0.105361,0.0715489,0.105348,0.0895292,0.0895178,0.0895292,0.0895178,0.268632,0.130433,0.0932897
40,1,15,3,3.75e+20,0.0251189,0.00490394,2.2685,9.584,2.57892,77.3679,27,18,0.165841,0.0377177,0.0567085,0.0375437,0.0566971,0.0548723,0.0548616,0.0548723,0.0548616,25.65,25.65,0.214757,0.0954729,0.150553,0.0950325,0.150522,0.131486,0.131461,0.131486,0.131461,0.35491,0.173522,0.135405
41,1,15,4,3.75e+20,0.0251189,0.00626986,1.85,9.428,3.13588,94.077,27,18,0.348017,0.254617,0.336815,0.253565,0.336691,0.356677,0.356548,0.356677,0.356548,25.65,25.65,0.542938,0.483848,0.696913,0.481848,0.696655,0.686272,0.686025,0.686272,0.686025,0.885216,0.856082,0.702315
42,1,15,5,3.75e+20,0.0251189,0.00801622,1.5129,9.183,3.88469,116.541,27,18,0.272514,0.175094,0.254677,0.174398,0.254533,0.278471,0.278316,0.278471,0.278316,25.65,25.65,0.537143,0.484121,0.757684,0.482197,0.757256,0.732642,0.732237,0.732642,0.732237,0.868065,0.84464,0.747408
43,1,15,6,3.75e+20,0.0251189,0.010249,1.2471,8.806,4.85081,145.524,27,18,0.354474,0.269597,0.35901,0.268569,0.358693,0.391889,0.39155,0.391889,0.39155,25.65,25.65,0.596881,0.557151,0.829352,0.555027,0.82862,0.931118,0.930312,0.931118,0.930312,0.946914,0.947678,0.956184
44,1,15,7,3.75e+20,0.0251189,0.0131037,1.0326,8.244,6.10742,183.223,27,18,0.424294,0.331591,0.431186,0.330038,0.430587,0.4694,0.468761,0.4694,0.468761,25.65,25.65,0.609408,0.54636,0.710819,0.543801,0.709831,0.821878,0.820759,0.821878,0.820759,0.939789,0.9124,0.834819
45,1,15,8,3.75e+20,0.0251189,0.0167535,0.8602,7.453,7.71919,231.576,27,18,0.561896,0.482776,0.561224,0.480408,0.559958,0.605717,0.604389,0.605717,0.604389,25.65,25.65,0.782795,0.735808,0.81091,0.732198,0.809081,0.798431,0.79668,0.798431,0.79668,1.14268,1.15244,0.81939
46,1,15,9,3.75e+20,0.0251189,0.02142,0.7487,6.397,9.84346,295.303,29.5304,24,0.677654,0.606842,0.733793,0.603197,0.731163,0.748517,0.745847,0.748517,0.745847,28.0539,28.0539,0.887672,0.863896,0.980729,0.858707,0.977215,0.978376,0.974886,0.978376,0.974886,1.20877,1.25895,1.00536
47,1,15,10,3.75e+20,0.0251189,0.0273861,0.6619,5.225,12.4461,373.384,37.3383,24,0.781403,0.72478,0.844044,0.719123,0.839192,0.895453,0.890362,0.895453,0.890362,35.4714,35.4714,1.0038,1.00498,0.975743,0.997132,0.970133,0.964779,0.959294,0.964779,0.959294,1.26702,1.35217,1.00948
48,1,15,11,3.75e+20,0.0251189,0.0350141,0.5885,4.101,15.6074,468.222,46.8223,30,0.867431,0.822425,0.954151,0.813658,0.945581,0.978462,0.969733,0.978462,0.969733,44.4812,44.4812,1.03107,1.04121,0.99515,1.03011,0.986212,0.974409,0.965716,0.974409,0.965716,1.19333,1.26964,1.00539
49,1,15,12,3.75e+20,0.0251189,0.0447667,0.5148,3.019,20.239,607.171,60.7171,36,0.936013,0.901856,0.999102,0.88705,0.984038,1.00104,0.986113,1.00104,0.986113,57.6813,57.6813,1.02642,1.03921,0.995975,1.02215,0.980958,0.955589,0.941339,0.955589,0.941339,1.10112,1.15701,1.00111
50,1,16,1,3.75e+20,0.0372759,0.003,4.8153,13.893,2.29896,68.9693,27,18,0.0732165,0.021246,0.0379039,0.0212112,0.0379012,0.0401602,0.0401573,0.0401602,0.0401573,25.65,25.65,0.116579,0.0679904,0.0696745,0.0678792,0.0696695,0.0624236,0.0624192,0.0624236,0.0624192,0.204065,0.123573,0.0647301
51,1,16,2,3.75e+20,0.0372759,0.0038356,3.8153,13.802,2.52523,75.757,27,18,0.0987105,0.0282645,0.0483114,0.0281987,0.0483064,0.0510313,0.0510262,0.0510313,0.0510262,25.65,25.65,0.329815,0.277141,0.191669,0.276496,0.19165,0.1806,0.180582,0.1806,0.180582,0.569003,0.503705,0.184921
52,1,16,3,3.75e+20,0.0372759,0.00490394,3.0532,13.661,2.87504,86.2517,27,18,0.133264,0.0357931,0.060588,0.0356706,0.060579,0.0641946,0.0641852,0.0641946,0.0641852,25.65,25.65,0.301054,0.223004,0.238621,0.222241,0.238585,0.226013,0.22598,0.226013,0.22598,0.508364,0.405311,0.231578
53,1,16,4,3.75e+20,0.0372759,0.00626986,2.4639,13.434,3.37608,101.282,27,18,0.232732,0.16488,0.236225,0.16446,0.236155,0.257901,0.257826,0.257901,0.257826,25.65,25.65,0.460209,0.419345,0.682314,0.418276,0.682112,0.661718,0.661526,0.661718,0.661526,0.76864,0.73832,0.673068
54,1,16,5,3.75e+20,0.0372759,0.00801622,1.9924,13.067,4.08392,122.518,27,18,0.209085,0.134262,0.203066,0.133886,0.202981,0.225183,0.225091,0.225183,0.225091,25.65,25.65,0.451765,0.408692,0.633201,0.407548,0.632937,0.618995,0.618741,0.618995,0.618741,0.745158,0.713107,0.629265
55,1,16,6,3.75e+20,0.0372759,0.010249,1.6296,12.514,5.01108,150.332,27,18,0.284234,0.218396,0.295478,0.217819,0.29529,0.325108,0.324905,0.325108,0.324905,25.65,25.65,0.473258,0.430673,0.638493,0.429536,0.638086,0.74236,0.741897,0.74236,0.741897,0.765236,0.73225,0.727482
56,1,16,7,3.75e+20,0.0372759,0.0131037,1.3387,11.686,6.24127,187.238,27,18,0.353017,0.281289,0.369138,0.280399,0.368776,0.404304,0.403915,0.404304,0.403915,25.65,25.65,0.53775,0.486725,0.625621,0.485184,0.625008,0.693917,0.69325,0.693917,0.69325,0.845598,0.809519,0.678997
57,1,16,8,3.75e+20,0.0372759,0.0167535,1.1087,10.528,7.82146,234.644,27,18,0.479774,0.414487,0.483917,0.413101,0.483162,0.524616,0.52382,0.524616,0.52382,25.65,25.65,0.682016,0.640729,0.75427,0.638587,0.753093,0.760971,0.759816,0.760971,0.759816,1.01534,1.00322,0.777431
58,1,16,9,3.75e+20,0.0372759,0.02142,0.921,8.978,9.9185,297.555,29.7555,24,0.601409,0.541553,0.662923,0.539355,0.661297,0.678135,0.676479,0.678135,0.676479,28.2677,28.2677,0.793526,0.751566,0.828208,0.748515,0.826177,0.897761,0.895569,0.897761,0.895569,1.10047,1.09403,0.849126
59,1,16,10,3.75e+20,0.0372759,0.0273861,0.8129,7.252,12.5093,375.28,37.528,24,0.714749,0.664769,0.781042,0.661268,0.777988,0.832859,0.829635,0.832859,0.829635,35.6516,35.6516,0.91267,0.898562,0.986181,0.893829,0.982324,1.03549,1.03148,1.03549,1.03148,1.17076,1.20687,1.02065
60,1,16,11,3.75e+20,0.0372759,0.0350141,0.7171,5.509,15.8538,475.616,47.5615,30,0.820168,0.778647,0.911397,0.772941,0.905707,0.940008,0.934171,0.940008,0.934171,45.1835,45.1835,1.01471,1.02077,1.00827,1.01329,1.00198,1.08444,1.07771,1.08444,1.07771,1.18555,1.23882,1.01909
61,1,16,12,3.75e+20,0.0372759,0.0447667,0.6252,3.91,20.6109,618.326,61.8327,36,0.906725,0.8729,0.973998,0.862938,0.963727,0.98323,0.972944,0.98323,0.972944,58.741,58.741,1.09437,1.13106,0.947973,1.11816,0.937977,1.0589,1.04782,1.0589,1.04782,1.18022,1.25386,0.95321
62,1,16,13,3.75e+20,0.0372759,0.0572357,0.5617,2.991,25.3575,760.724,76.0724,42,0.949391,0.92156,0.997381,0.90616,0.981465,0.988187,0.972604,0.988187,0.972604,72.2688,72.2688,1.04374,1.05974,1.03453,1.04203,1.01802,1.03831,1.02194,1.03831,1.02194,1.08443,1.12338,1.03696
63,1,17,1,3.75e+20,0.0553168,0.003,7.1012,19.87,3.08519,92.5563,27,18,0.123244,0.0856397,0.126271,0.0855329,0.126258,0.138002,0.137988,0.138002,0.137988,25.65,25.65,0.194498,0.163186,0.261047,0.162982,0.26102,0.268913,0.268886,0.268913,0.268886,0.34113,0.294524,0.272884
64,1,17,2,3.75e+20,0.0553168,0.0038356,5.4187,19.752,3.18092,95.4281,27,18,0.164452,0.120931,0.174388,0.12075,0.174362,0.190541,0.190513,0.190541,0.190513,25.65,25.65,0.303833,0.272668,0.428014,0.272262,0.427951,0.449198,0.449133,0.449198,0.449133,0.526659,0.488696,0.456398
65,1,17,3,3.75e+20,0.0553168,0.00490394,4.2109,19.546,3.42615,102.784,27,18,0.172252,0.124778,0.184479,0.124573,0.184442,0.203488,0.203448,0.203488,0.203448,25.65,25.65,0.337691,0.305946,0.531625,0.305445,0.531519,0.55603,0.555921,0.55603,0.555921,0.577794,0.54245,0.564318
66,1,17,4,3.75e+20,0.0553168,0.00626986,3.3339,19.215,3.83723,115.117,27,18,0.164812,0.113763,0.171786,0.113561,0.171743,0.191028,0.190981,0.191028,0.190981,25.65,25.65,0.301749,0.266713,0.469084,0.266241,0.468966,0.501162,0.501038,0.501162,0.501038,0.510438,0.468415,0.50976
67,1,17,5,3.75e+20,0.0553168,0.00801622,2.6764,18.702,4.44196,133.259,27,18,0.237504,0.190612,0.258544,0.190283,0.258454,0.283817,0.28372,0.283817,0.28372,25.65,25.65,0.511374,0.484231,0.481687,0.483394,0.48152,0.553699,0.55351,0.553699,0.55351,0.85059,0.83418,0.549216
68,1,17,6,3.75e+20,0.0553168,0.010249,2.1606,17.897,5.3035,159.105,27,18,0.218351,0.166864,0.233664,0.166552,0.233553,0.259696,0.259575,0.259696,0.259575,25.65,25.65,0.418248,0.388367,0.603801,0.38764,0.603513,0.709671,0.709339,0.709671,0.709339,0.685291,0.660021,0.708668
69,1,17,7,3.75e+20,0.0553168,0.0131037,1.757,16.69,6.47608,194.283,27,18,0.294738,0.239858,0.315272,0.239337,0.315049,0.346843,0.346602,0.346843,0.346602,25.65,25.65,0.455216,0.408739,0.530804,0.407852,0.530428,0.549221,0.54884,0.549221,0.54884,0.725251,0.677446,0.554011
70,1,17,8,3.75e+20,0.0553168,0.0167535,1.4345,14.947,8.06185,241.856,27,18,0.399555,0.346139,0.406497,0.345335,0.406043,0.442725,0.442244,0.442725,0.442244,25.65,25.65,0.645237,0.611298,0.701159,0.609878,0.700375,0.717221,0.716441,0.717221,0.716441,0.973472,0.956238,0.731084
71,1,17,9,3.75e+20,0.0553168,0.02142,1.1861,12.733,10.0775,302.325,30.2325,24,0.525234,0.476014,0.590019,0.474696,0.589009,0.60626,0.605227,0.60626,0.605227,28.7209,28.7209,0.699256,0.657276,0.77524,0.655455,0.773914,0.773565,0.772247,0.773565,0.772247,0.981365,0.954539,0.795039
72,1,17,10,3.75e+20,0.0553168,0.0273861,0.9975,10.136,12.7183,381.551,38.155,24,0.64425,0.601859,0.716697,0.599688,0.714744,0.769868,0.767791,0.769868,0.767791,36.2473,36.2473,0.842847,0.808594,0.835796,0.805678,0.833518,0.795015,0.792871,0.795015,0.792871,1.08976,1.07982,0.865846
73,1,17,11,3.75e+20,0.0553168,0.0350141,0.8735,7.487,16.232,486.96,48.696,30,0.766181,0.728798,0.859299,0.72508,0.8555,0.89039,0.886472,0.89039,0.886472,46.2612,46.2612,2.3556,2.55884,0.942369,2.54579,0.938203,0.92065,0.916598,0.92065,0.916598,2.76217,3.08233,0.953269
74,1,17,12,3.75e+20,0.0553168,0.0447667,0.7685,5.334,20.6357,619.069,61.907,36,0.861768,0.828607,0.936367,0.822251,0.92969,0.950523,0.943783,0.950523,0.943783,58.8116,58.8116,0.938703,0.915125,0.954249,0.908106,0.947445,0.917634,0.911126,0.917634,0.911126,1.02086,1.01584,0.959504
75,1,17,13,3.75e+20,0.0553168,0.0572357,0.6822,3.86,25.8695,776.085,77.6085,42,0.924311,0.896163,0.975849,0.885735,0.964912,0.974315,0.963486,0.974315,0.963486,73.7281,73.7281,0.978681,0.948731,0.942558,0.93769,0.931994,0.821234,0.812107,0.821234,0.812107,1.02027,1.00412,0.945161
76,1,17,14,3.75e+20,0.0553168,0.0731778,0.602,2.805,32.8965,986.895,98.6895,54,0.96304,0.939981,0.995167,0.922641,0.977165,0.97549,0.958076,0.97549,0.958076,93.755,93.755,1.03656,1.05162,0.980951,1.03222,0.963206,0.944931,0.928063,0.944931,0.928063,1.05694,1.08433,0.981226
77,1,17,15,3.75e+20,0.0553168,0.0935603,0.5321,2.13,41.8041,1254.12,125.412,72,0.983483,0.964811,0.993168,0.936341,0.9642,0.959116,0.931717,0.959116,0.931717,119.142,119.142,0.999087,0.99292,0.964229,0.96362,0.936106,0.917601,0.891388,0.917601,0.891388,1.00822,1.01042,0.964232
78,1,18,1,3.75e+20,0.0820891,0.003,11.0493,28.103,4.58831,137.649,27,18,0.126006,0.098804,0.148206,0.0987176,0.148176,0.164926,0.164893,0.164926,0.164893,25.65,25.65,0.216627,0.194839,0.304351,0.194669,0.304289,0.351359,0.351289,0.351359,0.351289,0.376729,0.345538,0.349993
79,1,18,2,3.75e+20,0.0820891,0.0038356,8.1297,28.036,4.42235,132.671,27,18,0.142548,0.111775,0.164778,0.111663,0.164744,0.182858,0.18282,0.182858,0.18282,25.65,25.65,0.221225,0.194305,0.296599,0.194109,0.296536,0.349096,0.349024,0.349096,0.349024,0.381822,0.342902,0.342316
80,1,18,3,3.75e+20,0.0820891,0.00490394,6.0475,27.794,4.44704,133.412,27,18,0.162102,0.128681,0.185584,0.128538,0.185541,0.205656,0.205609,0.205656,0.205609,25.65,25.65,0.271198,0.247818,0.381805,0.247542,0.381717,0.452902,0.452799,0.452902,0.452799,0.463287,0.433612,0.449011
81,1,18,4,3.75e+20,0.0820891,0.00626986,4.6792,27.363,4.67469,140.24,27,18,0.174579,0.140009,0.198439,0.139848,0.198387,0.220242,0.220185,0.220242,0.220185,25.65,25.65,0.312069,0.290259,0.45158,0.289923,0.451462,0.55815,0.558005,0.55815,0.558005,0.52708,0.502253,0.556158
82,1,18,5,3.75e+20,0.0820891,0.00801622,3.6569,26.625,5.1425,154.275,27,18,0.177316,0.141108,0.19822,0.140936,0.198159,0.220504,0.220437,0.220504,0.220437,25.65,25.65,0.326017,0.299073,0.453528,0.298709,0.45339,0.52799,0.527831,0.52799,0.527831,0.544466,0.512024,0.529323
83,1,18,6,3.75e+20,0.0820891,0.010249,2.9103,25.494,5.87173,176.152,27,18,0.173859,0.133101,0.190934,0.132917,0.190861,0.213719,0.213639,0.213719,0.213639,25.65,25.65,0.330841,0.305103,0.474607,0.30468,0.474427,0.571591,0.571378,0.571591,0.571378,0.546695,0.518257,0.558688
84,1,18,7,3.75e+20,0.0820891,0.0131037,2.3276,23.74,6.95769,208.731,27,18,0.300922,0.262905,0.334744,0.262536,0.334553,0.365835,0.365632,0.365835,0.365632,25.65,25.65,0.43401,0.403131,0.601661,0.402565,0.601319,0.617596,0.617253,0.617596,0.617253,0.684295,0.651471,0.627459
85,1,18,8,3.75e+20,0.0820891,0.0167535,1.8859,21.279,8.43408,253.023,27,18,0.327801,0.284818,0.336846,0.284353,0.336571,0.368456,0.368163,0.368456,0.368163,25.65,25.65,0.520459,0.489598,0.691645,0.488799,0.69108,0.715123,0.714554,0.715123,0.714554,0.792957,0.765609,0.727843
86,1,18,9,3.75e+20,0.0820891,0.02142,1.5389,18.034,10.4243,312.73,31.273,24,0.455015,0.41549,0.51848,0.414692,0.517842,0.535221,0.534565,0.535221,0.534565,29.7094,29.7094,0.606588,0.572792,0.723648,0.571692,0.722756,0.724235,0.723346,0.724235,0.723346,0.856129,0.828092,0.74247
87,1,18,10,3.75e+20,0.0820891,0.0273861,1.2672,14.275,13.0285,390.854,39.0854,24,0.570583,0.535419,0.649765,0.53409,0.648507,0.702364,0.701019,0.702364,0.701019,37.1311,37.1311,0.787175,0.76732,0.823763,0.765415,0.822168,0.828945,0.827358,0.828945,0.827358,1.01872,1.01532,0.854729
88,1,18,11,3.75e+20,0.0820891,0.0350141,1.0825,10.656,16.286,488.58,48.858,30,0.691564,0.658535,0.792734,0.656279,0.790357,0.823276,0.820816,0.823276,0.820816,46.4151,46.4151,0.803944,0.780946,0.876545,0.77827,0.873916,0.870225,0.867624,0.870225,0.867624,0.951368,0.941969,0.886735
89,1,18,12,3.75e+20,0.0820891,0.0447667,0.9491,7.468,20.6657,619.97,61.997,36,0.804069,0.772886,0.886747,0.768915,0.882476,0.903457,0.899122,0.903457,0.899122,58.8971,58.8971,0.901122,0.882534,0.969654,0.877999,0.964984,0.953968,0.949391,0.953968,0.949391,0.98736,0.98155,0.974968
90,1,18,13,3.75e+20,0.0820891,0.0572357,0.8352,5.18,26.1863,785.588,78.5588,42,0.887733,0.859738,0.945038,0.852895,0.937726,0.948831,0.941532,0.948831,0.941532,74.6309,74.6309,0.960646,0.946279,0.981855,0.938748,0.974258,0.958883,0.951507,0.958883,0.951507,1.00511,1.00123,0.984787
91,1,18,14,3.75e+20,0.0820891,0.0731778,0.7346,3.625,33.3518,1000.55,100.055,54,0.942061,0.91822,0.979316,0.906576,0.967038,0.967081,0.955068,0.967081,0.955068,95.0525,95.0525,0.991453,0.986887,1.00401,0.974372,0.991425,0.979306,0.967142,0.979306,0.967142,1.01359,1.01768,1.00434
92,1,18,15,3.75e+20,0.0820891,0.0935603,0.6438,2.602,42.8935,1286.8,128.68,72,0.973664,0.954375,0.989158,0.934533,0.968663,0.964723,0.945031,0.964723,0.945031,122.246,122.246,1.0147,1.0232,0.985152,1.00192,0.96474,0.948631,0.929268,0.948631,0.929268,1.02532,1.04085,0.985156
93,1,18,16,3.75e+20,0.0820891,0.11962,0.5765,2.051,53.084,1592.52,159.252,90,0.987549,0.971415,0.986225,0.94059,0.954975,0.948598,0.919213,0.948598,0.919213,151.289,151.289,0.997358,0.991022,0.952087,0.959575,0.921919,0.887539,0.860046,0.887539,0.860046,1.00276,1.00173,0.952088
94,1,19,1,3.75e+20,0.121819,0.003,19.3367,38.038,7.51162,225.349,27,18,0.15056,0.128685,0.190627,0.128598,0.190557,0.211423,0.211347,0.211423,0.211347,25.65,25.65,0.223104,0.202973,0.353605,0.202836,0.353475,0.380065,0.379927,0.380065,0.379927,0.379204,0.349948,0.383836
95,1,19,2,3.75e+20,0.121819,0.0038356,13.0653,38.488,6.80135,204.041,27,18,0.153601,0.129401,0.192362,0.129302,0.1923,0.213314,0.213245,0.213314,0.213245,25.65,25.65,0.228972,0.205485,0.290366,0.205327,0.290271,0.304157,0.304059,0.304157,0.304059,0.388082,0.353918,0.307592
96,1,19,3,3.75e+20,0.121819,0.00490394,9.3152,38.508,6.3855,191.565,27,18,0.145679,0.119325,0.175521,0.119225,0.17547,0.195867,0.195811,0.195867,0.195811,25.65,25.65,0.247467,0.221814,0.356833,0.221629,0.35673,0.37153,0.371425,0.37153,0.371425,0.418367,0.381593,0.37478
97,1,19,4,3.75e+20,0.121819,0.00626986,6.7931,38.092,6.25896,187.769,27,18,0.153876,0.126321,0.182902,0.12621,0.182849,0.203928,0.20387,0.203928,0.20387,25.65,25.65,0.28328,0.254287,0.324769,0.254064,0.324675,0.331803,0.331708,0.331803,0.331708,0.474947,0.43407,0.3364
98,1,19,5,3.75e+20,0.121819,0.00801622,5.1783,37.214,6.43719,193.115,27,18,0.167512,0.138896,0.195707,0.138768,0.195647,0.217848,0.217782,0.217848,0.217782,25.65,25.65,0.305326,0.276344,0.395069,0.276091,0.394947,0.404318,0.404196,0.404318,0.404196,0.506375,0.466772,0.40983
99,1,19,6,3.75e+20,0.121819,0.010249,4.0195,35.71,6.93508,208.052,27,18,0.232308,0.204191,0.271497,0.204002,0.271393,0.297843,0.297731,0.297843,0.297731,25.65,25.65,0.315631,0.285383,0.412758,0.285118,0.412599,0.469126,0.468949,0.469126,0.468949,0.509157,0.468373,0.46096
100,1,19,7,3.75e+20,0.121819,0.0131037,3.1722,33.392,7.79531,233.859,27,18,0.254524,0.224569,0.278072,0.224347,0.277939,0.305049,0.304907,0.305049,0.304907,25.65,25.65,0.380209,0.355979,0.536878,0.355626,0.536621,0.585929,0.585655,0.585929,0.585655,0.596135,0.567729,0.594808
101,1,19,8,3.75e+20,0.121819,0.0167535,2.5248,29.978,9.11562,273.468,27.3468,18,0.295591,0.262076,0.319066,0.261778,0.318859,0.348795,0.348576,0.348795,0.348576,25.9795,25.9795,0.419927,0.392949,0.488547,0.392502,0.48823,0.51486,0.514537,0.51486,0.514537,0.633695,0.603488,0.523717
102,1,19,9,3.75e+20,0.121819,0.02142,2.0344,25.477,10.9663,328.99,32.899,24,0.390258,0.360503,0.470094,0.36002,0.469661,0.492767,0.492316,0.492767,0.492316,31.2541,31.2541,0.532759,0.510789,0.628959,0.510105,0.62838,0.640387,0.6398,0.640387,0.6398,0.748796,0.729813,0.646345
103,1,19,10,3.75e+20,0.121819,0.0273861,1.6576,20.219,13.4549,403.648,40.3648,24,0.495383,0.466898,0.582555,0.466097,0.581743,0.632542,0.63167,0.632542,0.63167,38.3465,38.3465,0.736909,0.72292,0.810601,0.72168,0.809471,0.827135,0.825996,0.827135,0.825996,0.954004,0.950321,0.842232
104,1,19,11,3.75e+20,0.121819,0.0350141,1.3641,14.942,16.7245,501.736,50.1735,30,0.6201,0.592029,0.725185,0.590624,0.723641,0.755218,0.753615,0.755218,0.753615,47.6648,47.6648,0.753774,0.736034,0.93347,0.734287,0.931483,0.932349,0.93037,0.932349,0.93037,0.892583,0.883187,0.944966
105,1,19,12,3.75e+20,0.121819,0.0447667,1.1693,10.385,21.0785,632.354,63.2354,36,0.742508,0.714433,0.829361,0.711902,0.826559,0.847249,0.844396,0.847249,0.844396,60.0736,60.0736,0.867412,0.852091,0.974639,0.849073,0.971346,1.00106,0.997687,1.00106,0.997687,0.953724,0.946927,0.980252
106,1,19,13,3.75e+20,0.121819,0.0572357,1.0238,7.041,26.7183,801.549,80.1549,42,0.842455,0.815614,0.90544,0.811124,0.900526,0.912607,0.907675,0.912607,0.907675,76.1472,76.1472,0.957575,0.946048,0.907809,0.94084,0.902882,0.892852,0.888027,0.892852,0.888027,1.00467,1.00074,0.910729
107,1,19,14,3.75e+20,0.121819,0.0731778,0.8959,4.767,34.1098,1023.29,102.329,60,0.913417,0.889191,0.95683,0.881328,0.948372,0.948545,0.940213,0.948545,0.940213,97.2128,97.2128,0.995108,0.990643,0.976552,0.981883,0.967921,0.960073,0.95164,0.960073,0.95164,1.01897,1.02096,0.979664
108,1,19,15,3.75e+20,0.121819,0.0935603,0.793,3.405,42.8258,1284.77,128.477,72,0.955279,0.934773,0.977263,0.921825,0.963659,0.961299,0.948051,0.961299,0.948051,122.053,122.053,0.99729,0.990977,0.975431,0.977251,0.961852,0.94778,0.934718,0.94778,0.934718,1.00969,1.00859,0.975435
109,1,19,16,3.75e+20,0.121819,0.11962,0.7015,2.516,54.0218,1620.65,162.065,90,0.979094,0.962334,0.984397,0.941183,0.962603,0.957667,0.936803,0.957667,0.936803,153.962,153.962,1.00463,1.00864,1.01182,0.98647,0.989418,1.01076,0.988744,1.01076,0.988744,1.011,1.01939,1.01182
110,1,19,17,3.75e+20,0.121819,0.152938,0.6148,1.915,69.5598,2086.8,208.68,120,0.991624,0.977607,0.978209,0.941959,0.942382,0.935644,0.902251,0.935644,0.902251,198.246,198.246,1.00138,1.00163,1.00213,0.965108,0.965424,0.934344,0.900997,0.934344,0.900997,1.0042,1.00768,1.00213
111,1,19,18,3.75e+20,0.121819,0.195537,0.5484,1.587,86.7955,2603.86,260.387,150,0.995948,0.981428,0.96406,0.925653,0.909186,0.898251,0.849122,0.898251,0.849122,247.367,247.367,1.00377,1.00455,0.916156,0.947459,0.864008,0.819774,0.774937,0.819774,0.774937,1.00505,1.00814,0.916156
112,1,20,1,3.75e+20,0.180777,0.003,32.7582,46.811,12.4324,372.971,37.2972,18,0.185109,0.169889,0.274659,0.169792,0.27447,0.336589,0.336364,0.336589,0.336364,35.4323,35.4323,0.256014,0.239317,0.389652,0.239181,0.389383,0.421283,0.421001,0.421283,0.421001,0.415127,0.392225,0.425313
113,1,20,2,3.75e+20,0.180777,0.0038356,23.0567,48.476,11.3192,339.577,33.9577,18,0.193689,0.176674,0.27308,0.176566,0.272909,0.3252,0.325002,0.3252,0.325002,32.2598,32.2598,0.267698,0.253161,0.419502,0.253007,0.419239,0.493583,0.493283,0.493583,0.493283,0.432203,0.413377,0.492345
114,1,20,3,3.75e+20,0.180777,0.00490394,15.416,49.81,10.1139,303.418,30.3418,18,0.196473,0.177427,0.26246,0.177315,0.262321,0.302458,0.302302,0.302458,0.302302,28.8247,28.8247,0.261904,0.243307,0.383295,0.243153,0.383092,0.415676,0.415461,0.415676,0.415461,0.421956,0.39662,0.417036
115,1,20,4,3.75e+20,0.180777,0.00626986,10.5945,50.223,9.25846,277.754,27.7754,18,0.191343,0.169643,0.235476,0.169532,0.235373,0.261534,0.261422,0.261534,0.261422,26.3866,26.3866,0.277186,0.258345,0.427783,0.258176,0.427596,0.452409,0.452215,0.452409,0.452215,0.446605,0.421309,0.457427
116,1,20,5,3.75e+20,0.180777,0.00801622,7.7855,49.698,8.88138,266.442,27,18,0.193754,0.171217,0.228354,0.171102,0.228262,0.252004,0.251905,0.252004,0.251905,25.65,25.65,0.291986,0.26832,0.389563,0.26814,0.389406,0.411125,0.410963,0.411125,0.410963,0.467496,0.434861,0.416707
117,1,20,6,3.75e+20,0.180777,0.010249,5.7663,48.067,8.92073,267.622,27,18,0.204626,0.181195,0.235478,0.181068,0.235382,0.259527,0.259424,0.259527,0.259424,25.65,25.65,0.316987,0.291809,0.411406,0.291605,0.411238,0.432026,0.431854,0.432026,0.431854,0.500188,0.466103,0.43868
118,1,20,7,3.75e+20,0.180777,0.0131037,4.4194,45.234,9.41988,282.596,28.2597,18,0.23453,0.210803,0.269104,0.210646,0.26898,0.299242,0.299108,0.299242,0.299108,26.8467,26.8467,0.345433,0.325958,0.49136,0.325716,0.491133,0.544622,0.544378,0.544622,0.544378,0.531216,0.50737,0.552013
119,1,20,8,3.75e+20,0.180777,0.0167535,3.4658,41.022,10.401,312.031,31.2031,18,0.29059,0.267855,0.332647,0.267637,0.332454,0.378696,0.378485,0.378696,0.378485,29.643,29.643,0.378512,0.357931,0.498768,0.357638,0.498479,0.542303,0.542001,0.542303,0.542001,0.556428,0.532305,0.545796
120,1,20,9,3.75e+20,0.180777,0.02142,2.744,35.178,11.9887,359.66,35.966,24,0.347511,0.325633,0.424085,0.325319,0.423775,0.453562,0.453232,0.453562,0.453232,34.1677,34.1677,0.469195,0.452776,0.667717,0.452339,0.667228,0.748018,0.747473,0.748018,0.747473,0.654018,0.638415,0.687385
121,1,20,10,3.75e+20,0.180777,0.0273861,2.2054,28.225,14.2535,427.605,42.7605,24,0.438571,0.416638,0.523867,0.416134,0.523315,0.574649,0.574051,0.574649,0.574051,40.6225,40.6225,0.587057,0.56802,0.717249,0.567333,0.716493,0.796387,0.795559,0.796387,0.795559,0.755009,0.738202,0.750659
122,1,20,11,3.75e+20,0.180777,0.0350141,1.7884,20.97,17.3907,521.722,52.1722,30,0.546152,0.522816,0.654003,0.521948,0.652988,0.682821,0.681764,0.682821,0.681764,49.5636,49.5636,0.675341,0.659728,0.837208,0.658633,0.835909,0.931205,0.929765,0.931205,0.929765,0.800325,0.789104,0.848203
123,1,20,12,3.75e+20,0.180777,0.0447667,1.466,14.651,21.5635,646.905,64.6905,36,0.667927,0.643142,0.766291,0.641575,0.764466,0.784445,0.782581,0.784445,0.782581,61.456,61.456,0.841156,0.818005,0.846846,0.816013,0.844828,0.826793,0.824829,0.826793,0.824829,0.926831,0.908098,0.852378
124,1,20,13,3.75e+20,0.180777,0.0572357,1.2666,9.808,27.2241,816.722,81.6722,48,0.784877,0.759942,0.864591,0.757072,0.861311,0.866001,0.862724,0.866001,0.862724,77.5886,77.5886,1.01796,1.01862,0.953177,1.01478,0.949561,0.949331,0.945739,0.949331,0.945739,1.07085,1.07792,0.956083
125,1,20,14,3.75e+20,0.180777,0.0731778,1.112,6.651,34.1875,1025.62,102.562,60,0.86855,0.844471,0.922206,0.839494,0.916695,0.917442,0.911982,0.917442,0.911982,97.4343,97.4343,1.0975,1.11521,0.982164,1.10864,0.976294,0.979823,0.973991,0.979823,0.973991,1.1277,1.15154,0.98213
126,1,20,15,3.75e+20,0.180777,0.0935603,0.9759,4.544,43.2553,1297.66,129.766,72,0.928878,0.907519,0.957606,0.898993,0.948442,0.947009,0.938009,0.947009,0.938009,123.278,123.278,1.0106,1.0134,0.994331,1.00388,0.984816,0.970562,0.961338,0.970562,0.961338,1.02509,1.03214,0.994336
127,1,20,16,3.75e+20,0.180777,0.11962,0.8564,3.189,55.0355,1651.07,165.106,96,0.965734,0.947996,0.975026,0.933554,0.959917,0.957411,0.942737,0.957411,0.942737,156.851,156.851,1.0033,1.00065,0.962812,0.985405,0.947893,0.922879,0.908734,0.922879,0.908734,1.01055,1.01128,0.967033
128,1,20,17,3.75e+20,0.180777,0.152938,0.7512,2.335,70.4031,2112.09,211.209,120,0.984943,0.970314,0.979654,0.946061,0.954838,0.949917,0.926285,0.949917,0.926285,200.649,200.649,0.998872,1.0001,0.999951,0.975102,0.974621,1.01456,0.989316,1.01456,0.989316,1.00229,1.00617,0.999951
129,1,20,18,3.75e+20,0.180777,0.195537,0.6651,1.838,88.7626,2662.88,266.288,150,0.993493,0.980459,0.973938,0.941433,0.934784,0.926158,0.88998,0.926158,0.88998,252.973,252.973,1.00144,1.00103,1.00951,0.961186,0.968926,0.933714,0.897241,0.933714,0.897241,1.00305,1.00465,1.00951
130,1,20,19,3.75e+20,0.180777,0.25,0.5906,1.53,111.556,3346.67,334.667,192,0.99696,0.982788,0.956922,0.920845,0.896326,0.883742,0.830202,0.883742,0.830202,317.934,317.934,1.00322,1.00201,0.943448,0.938851,0.883706,0.833177,0.7827,0.833177,0.7827,1.00392,1.00414,0.943448
131,1,21,1,3.75e+20,0.26827,0.003,58.9469,51.015,20.2215,606.645,60.6645,18,0.201935,0.189618,0.359484,0.189521,0.359036,0.459874,0.459306,0.468106,0.467527,36,54,0.277409,0.266192,0.475599,0.266056,0.475006,0.586174,0.585449,0.60043,0.599689,0.428677,0.4148,0.564228
132,1,21,2,3.75e+20,0.26827,0.0038356,36.7247,54.933,18.368,551.039,55.1039,18,0.219795,0.206766,0.361931,0.206653,0.361499,0.456299,0.455796,0.463272,0.462762,36,52.3487,0.289593,0.276171,0.483906,0.276019,0.483328,0.514991,0.514424,0.509793,0.509231,0.441013,0.424222,0.519746
133,1,21,3,3.75e+20,0.26827,0.00490394,25.0979,57.78,16.5618,496.854,49.6853,18,0.225048,0.211882,0.350989,0.211765,0.350637,0.439462,0.439052,0.444874,0.444459,36,47.201,0.295705,0.283889,0.485236,0.283732,0.484748,0.604716,0.604152,0.605132,0.604568,0.447738,0.433548,0.55414
134,1,21,4,3.75e+20,0.26827,0.00626986,18.7222,59.468,15.1907,455.721,45.5721,18,0.226809,0.213569,0.334868,0.213452,0.33459,0.416563,0.416238,0.42039,0.420062,36,43.2935,0.818349,0.813142,0.479848,0.812695,0.47945,0.509398,0.509,0.509199,0.508802,1.23743,1.24004,0.503509
135,1,21,5,3.75e+20,0.26827,0.00801622,12.4607,60.634,13.5789,407.368,40.7368,18,0.226581,0.21294,0.321576,0.212824,0.321358,0.395843,0.395588,0.397112,0.396857,36,38.6999,0.335307,0.324325,0.455512,0.324147,0.455203,0.575894,0.575523,0.576352,0.575981,0.504007,0.491554,0.512848
136,1,21,6,3.75e+20,0.26827,0.010249,8.747,59.956,12.6764,380.292,38.0292,18,0.233949,0.219662,0.310456,0.21954,0.310276,0.377299,0.377091,0.377435,0.377227,36,36.1277,0.31905,0.305182,0.445104,0.305013,0.444846,0.491846,0.491573,0.491844,0.491571,0.475314,0.458393,0.487239
137,1,21,7,3.75e+20,0.26827,0.0131037,6.4839,57.494,12.4509,373.528,37.3528,18,0.248122,0.233198,0.314633,0.233062,0.314456,0.380126,0.379923,0.380126,0.379923,35.4851,35.4851,0.349645,0.334105,0.464657,0.333911,0.464396,0.511522,0.511249,0.511522,0.511249,0.51139,0.492634,0.509819
138,1,21,8,3.75e+20,0.26827,0.0167535,4.8482,52.688,12.892,386.76,38.676,24,0.277155,0.26171,0.385948,0.261544,0.385724,0.418092,0.417851,0.418092,0.417851,36.7422,36.7422,0.400357,0.386874,0.4597,0.386628,0.459434,0.481474,0.481196,0.481474,0.481196,0.564859,0.550145,0.473821
139,1,21,9,3.75e+20,0.26827,0.02142,3.7768,46.115,13.986,419.578,41.9579,24,0.322666,0.306591,0.432993,0.306367,0.432696,0.473953,0.473631,0.473953,0.473631,39.86,39.86,0.408268,0.387733,0.565804,0.387451,0.565416,0.57462,0.574229,0.57462,0.574229,0.548434,0.524793,0.58686
140,1,21,10,3.75e+20,0.26827,0.0273861,2.985,37.815,15.8483,475.448,47.5448,24,0.385191,0.367899,0.488702,0.367569,0.488269,0.542826,0.542355,0.542826,0.542355,45.1676,45.1676,0.503849,0.490027,0.683741,0.489588,0.683135,0.709689,0.709072,0.709689,0.709072,0.636503,0.623461,0.7093
141,1,21,11,3.75e+20,0.26827,0.0350141,2.3826,28.699,18.6664,559.992,55.9992,30,0.480026,0.460859,0.599487,0.460307,0.598763,0.628511,0.627755,0.628511,0.627755,53.1992,53.1992,0.635313,0.619687,0.747888,0.618946,0.746985,0.75253,0.751625,0.75253,0.751625,0.747353,0.733624,0.759958
142,1,21,12,3.75e+20,0.26827,0.0447667,1.917,20.201,22.7025,681.075,68.1075,36,0.597347,0.576098,0.708298,0.575102,0.707035,0.727025,0.725733,0.727025,0.725733,64.7021,64.7021,0.877577,0.866866,0.83725,0.865366,0.835758,0.830027,0.828552,0.830027,0.828552,0.966621,0.959886,0.844183
143,1,21,13,3.75e+20,0.26827,0.0572357,1.5846,13.86,27.8622,835.865,83.5866,48,0.71451,0.691978,0.808066,0.690188,0.8059,0.810689,0.808521,0.810689,0.808521,79.4072,79.4072,0.768295,0.749661,0.956273,0.747722,0.95371,0.948075,0.945539,0.948075,0.945539,0.81124,0.795021,0.956778
144,1,21,14,3.75e+20,0.26827,0.0731778,1.3775,9.183,35.0337,1051.01,105.101,60,0.816831,0.79386,0.881535,0.790625,0.8778,0.878842,0.87513,0.878842,0.87513,99.8459,99.8459,0.900335,0.888758,1.04206,0.885136,1.03765,1.03267,1.02831,1.03267,1.02831,0.92689,0.918296,1.0421
145,1,21,15,3.75e+20,0.26827,0.0935603,1.2051,6.174,44.0327,1320.98,132.098,72,0.893194,0.871675,0.930457,0.866065,0.924232,0.923392,0.917244,0.923392,0.917244,125.493,125.493,1.34079,1.40678,0.968516,1.39772,0.962036,0.944613,0.938324,0.944613,0.938324,1.36216,1.43364,0.968522
146,1,21,16,3.75e+20,0.26827,0.11962,1.0563,4.23,55.6176,1668.53,166.853,96,0.943622,0.924738,0.959915,0.91519,0.949673,0.947823,0.937787,0.947823,0.937787,158.51,158.51,1.01144,1.01609,0.987888,1.00559,0.977347,0.980943,0.970556,0.980943,0.970556,1.02003,1.02746,0.989024
147,1,21,17,3.75e+20,0.26827,0.152938,0.9253,2.985,70.7627,2122.88,212.288,120,0.973469,0.957825,0.974469,0.94172,0.957653,0.954141,0.937879,0.954141,0.937879,201.674,201.674,1.01871,1.02394,0.979236,1.00673,0.962337,0.922231,0.906513,0.922231,0.906513,1.0229,1.03033,0.979236
148,1,21,18,3.75e+20,0.26827,0.195537,0.8164,2.24,89.314,2679.42,267.942,150,0.987909,0.974586,0.976949,0.948359,0.950108,0.944214,0.918778,0.944214,0.918778,254.545,254.545,1.0025,1.00554,0.984551,0.978478,0.957501,0.980761,0.95434,0.980761,0.95434,1.00464,1.00947,0.984551
149,1,21,19,3.75e+20,0.26827,0.25,0.7198,1.768,113.282,3398.47,339.847,192,0.994828,0.982349,0.969017,0.939637,0.926249,0.916879,0.877664,0.916879,0.877664,322.854,322.854,0.996448,0.987728,0.983283,0.944782,0.939885,0.899428,0.860959,0.899428,0.860959,0.997432,0.990038,0.983283
150,1,22,2,3.75e+20,0.398107,0.0038356,57.7622,58.14,28.9821,869.462,86.9462,18,0.23389,0.221837,0.412919,0.221722,0.412385,0.551737,0.55069,0.569083,0.568009,36,54,0.534777,0.527577,0.573384,0.527302,0.572642,0.674178,0.672899,0.670329,0.669064,0.788749,0.783956,0.673309
151,1,22,3,3.75e+20,0.398107,0.00490394,46.2623,60.423,27.721,831.629,83.1629,18,0.238431,0.226428,0.41135,0.22631,0.410829,0.543661,0.542707,0.558982,0.558004,36,54,0.490394,0.482357,0.560121,0.482106,0.559412,0.66798,0.666808,0.665964,0.664799,0.717437,0.710839,0.66119
152,1,22,4,3.75e+20,0.398107,0.00626986,30.3331,64.269,24.8727,746.18,74.618,24,0.241988,0.23031,0.461543,0.230193,0.46086,0.530971,0.530209,0.532241,0.531478,48,70.8871,0.432446,0.423275,0.606116,0.423059,0.60522,0.612629,0.61175,0.608164,0.607292,0.624434,0.615374,0.634007
153,1,22,5,3.75e+20,0.398107,0.00801622,21.3056,66.57,22.3782,671.345,67.1345,24,0.243583,0.232186,0.443155,0.232071,0.442614,0.50514,0.504549,0.506258,0.505666,48,63.7777,0.390214,0.379596,0.58202,0.379407,0.58131,0.532917,0.532293,0.528065,0.527448,0.557273,0.545601,0.608164
154,1,22,6,3.75e+20,0.398107,0.010249,14.1331,67.609,19.8097,594.292,59.4292,24,0.248046,0.236779,0.423976,0.236663,0.423577,0.478791,0.478352,0.479466,0.479026,48,56.4577,0.364369,0.354649,0.569215,0.354474,0.568679,0.646638,0.646045,0.645412,0.64482,0.512313,0.501656,0.593688
155,1,22,7,3.75e+20,0.398107,0.0131037,9.9556,66.396,18.2213,546.64,54.6639,24,0.260996,0.249607,0.413088,0.249482,0.412765,0.463477,0.463121,0.463766,0.46341,48,51.9307,0.356268,0.344431,0.530471,0.344258,0.530055,0.551183,0.55076,0.550034,0.549611,0.491677,0.478081,0.552777
156,1,22,8,3.75e+20,0.398107,0.0167535,7.1951,62.621,17.5063,525.189,52.5188,24,0.282473,0.270638,0.417198,0.270493,0.416896,0.466617,0.466286,0.466736,0.466405,48,49.8929,0.379411,0.361283,0.543866,0.36109,0.543472,0.519564,0.519195,0.514629,0.514264,0.509468,0.487806,0.557444
157,1,22,9,3.75e+20,0.398107,0.02142,5.3996,56.308,17.7177,531.531,53.1531,24,0.313667,0.301024,0.437186,0.300845,0.43686,0.489411,0.489054,0.489589,0.489232,48,50.4954,0.42243,0.407937,0.544451,0.407694,0.544044,0.566029,0.565617,0.564793,0.564381,0.5463,0.53034,0.571856
158,1,22,10,3.75e+20,0.398107,0.0273861,4.1498,47.653,18.8697,566.09,56.609,30,0.360005,0.346063,0.507036,0.345817,0.506616,0.531047,0.530609,0.531047,0.530609,53.7785,53.7785,0.49566,0.483614,0.650917,0.483271,0.650378,0.658722,0.658177,0.658722,0.658177,0.610482,0.598595,0.660125
159,1,22,11,3.75e+20,0.398107,0.0350141,3.2503,37.598,21.0662,631.985,63.1985,30,0.432019,0.416324,0.560049,0.415947,0.559469,0.591079,0.590472,0.591079,0.590472,60,60.0385,0.617386,0.597344,0.696913,0.596803,0.696191,0.664134,0.663452,0.664134,0.663452,0.719239,0.699026,0.702533
160,1,22,12,3.75e+20,0.398107,0.0447667,2.5709,27.423,24.5832,737.497,73.7497,36,0.531348,0.513432,0.655015,0.512786,0.654091,0.674893,0.673945,0.674893,0.673945,70.0622,70.0622,0.584035,0.566821,0.883286,0.566108,0.88204,0.881278,0.880039,0.881278,0.880039,0.643763,0.627213,0.893347
161,1,22,13,3.75e+20,0.398107,0.0572357,2.0796,19.157,29.4032,882.095,88.2095,48,0.64487,0.625084,0.752511,0.623938,0.750997,0.756044,0.754526,0.756044,0.754526,83.799,83.799,0.738614,0.724651,0.896005,0.723323,0.894203,0.891422,0.889632,0.891422,0.889632,0.782623,0.770356,0.896705
162,1,22,14,3.75e+20,0.398107,0.0731778,1.7299,12.901,36.0604,1081.81,108.181,60,0.753104,0.731965,0.832402,0.729915,0.829887,0.831134,0.82863,0.831134,0.82863,102.772,102.772,0.919723,0.91444,0.937311,0.911878,0.93448,0.930671,0.927866,0.930671,0.927866,0.949614,0.946753,0.937359
163,1,22,15,3.75e+20,0.398107,0.0935603,1.4986,8.495,45.2301,1356.9,135.69,72,0.847855,0.82694,0.896279,0.823263,0.892014,0.89165,0.887422,0.89165,0.887422,128.906,128.906,1.06544,1.07506,1.04737,1.07028,1.04239,1.02682,1.02195,1.02682,1.02195,1.08438,1.09678,1.04738
164,1,22,16,3.75e+20,0.398107,0.11962,1.3054,5.681,56.9312,1707.94,170.794,96,0.9135,0.894028,0.938496,0.887658,0.931424,0.92987,0.922901,0.92987,0.922901,162.254,162.254,1.11503,1.14045,0.985545,1.13233,0.978119,0.963526,0.956305,0.963526,0.956305,1.12573,1.15378,0.985545
165,1,22,17,3.75e+20,0.398107,0.152938,1.14,3.894,72.0436,2161.31,216.131,120,0.955871,0.939037,0.963397,0.928205,0.951779,0.94902,0.937675,0.94902,0.937675,205.324,205.324,1.0038,1.00597,0.99018,0.994367,0.978239,0.970506,0.958904,0.970506,0.958904,1.00878,1.01271,0.99018
166,1,22,18,3.75e+20,0.398107,0.195537,1.0013,2.801,90.9082,2727.24,272.724,156,0.978959,0.964796,0.97324,0.946918,0.954564,0.950939,0.93294,0.950939,0.93294,259.088,259.088,1.00326,1.00836,1.00137,0.989672,0.982155,1.01492,0.995709,1.01492,0.995709,1.0056,1.01204,1.00137
167,1,22,19,3.75e+20,0.398107,0.25,0.8765,2.096,116.083,3482.49,348.249,198,0.990959,0.978692,0.973095,0.948877,0.942679,0.936466,0.90784,0.936466,0.90784,330.836,330.836,0.998544,0.99564,0.978081,0.96531,0.947509,0.943282,0.914447,0.943282,0.914447,0.999564,0.997618,0.978081
168,1,23,4,3.75e+20,0.590784,0.00626986,55.7003,65.247,41.0658,1231.98,123.198,24,0.249654,0.238367,0.501016,0.238248,0.500204,0.627166,0.625512,0.634999,0.633329,48,72,1.32375,1.32902,0.898584,1.32836,0.897127,0.916584,0.914166,0.903925,0.901547,1.88809,1.90778,0.946754
169,1,23,5,3.75e+20,0.590784,0.00801622,38.1896,68.805,37.5841,1127.52,112.752,24,0.25328,0.242438,0.489939,0.242321,0.489205,0.60375,0.602414,0.608497,0.607151,48,72,1.30246,1.30725,0.901913,1.30662,0.900561,0.941879,0.939794,0.932706,0.930643,1.8284,1.84588,0.953491
170,1,23,6,3.75e+20,0.590784,0.010249,24.8162,71.197,33.1382,994.147,99.4147,24,0.259711,0.249267,0.478082,0.249151,0.477438,0.574224,0.573238,0.576957,0.575966,48,72,0.311957,0.302677,0.821137,0.302535,0.82003,0.843533,0.842084,0.838237,0.836798,0.428425,0.417869,0.884594
171,1,23,7,3.75e+20,0.590784,0.0131037,17.3865,71.386,29.653,889.59,88.959,24,0.268193,0.257875,0.469218,0.257754,0.468642,0.551796,0.551037,0.553929,0.553168,48,72,0.310241,0.30083,0.762054,0.30069,0.761119,0.778086,0.777017,0.776083,0.775018,0.416615,0.405929,0.813318
172,1,23,8,3.75e+20,0.590784,0.0167535,11.4182,68.808,26.3685,791.055,79.1055,24,0.286211,0.275735,0.463198,0.275601,0.462689,0.53547,0.534885,0.537384,0.536798,48,72,1.28347,1.28755,0.723335,1.28692,0.722541,0.755825,0.755,0.755407,0.754583,1.66691,1.67953,0.775159
173,1,23,9,3.75e+20,0.590784,0.02142,8.1522,63.674,24.8015,744.045,74.4045,30,0.311422,0.30045,0.50449,0.300292,0.503996,0.536759,0.53624,0.536885,0.536366,60,70.6843,0.346336,0.335627,0.705025,0.33545,0.704334,0.712624,0.711935,0.712916,0.712228,0.434408,0.422675,0.722093
174,1,23,10,3.75e+20,0.590784,0.0273861,5.9731,55.687,24.5615,736.844,73.6844,30,0.351273,0.339393,0.520118,0.339188,0.519618,0.553848,0.553324,0.553999,0.553475,60,70.0002,0.39563,0.383908,0.741174,0.383676,0.740462,0.748426,0.747718,0.747549,0.746842,0.476206,0.463812,0.761209
175,1,23,11,3.75e+20,0.590784,0.0350141,4.5716,46.153,25.6302,768.905,76.8905,36,0.403995,0.390749,0.571331,0.390462,0.570742,0.588702,0.588097,0.588671,0.588066,72,73.0459,0.460498,0.448129,0.736692,0.4478,0.735933,0.733582,0.732828,0.73345,0.732696,0.530879,0.518365,0.74477
176,1,23,12,3.75e+20,0.590784,0.0447667,3.539,35.446,28.1803,845.41,84.5409,42,0.479664,0.46447,0.63585,0.464022,0.635057,0.644115,0.643313,0.644115,0.643313,80.3139,80.3139,0.583918,0.572305,0.785566,0.571753,0.784586,0.781209,0.780237,0.781209,0.780237,0.643977,0.633055,0.788452
177,1,23,13,3.75e+20,0.590784,0.0572357,2.7961,25.586,32.3528,970.584,97.0584,48,0.580555,0.563339,0.708632,0.562576,0.707469,0.713221,0.712052,0.713221,0.712052,92.2055,92.2055,0.782333,0.774975,0.91933,0.773926,0.917822,0.915452,0.913952,0.915452,0.913952,0.831724,0.826021,0.92098
178,1,23,14,3.75e+20,0.590784,0.0731778,2.2502,17.689,38.3515,1150.54,115.054,60,0.692029,0.673321,0.786206,0.671978,0.784392,0.785907,0.784098,0.785907,0.784098,109.302,109.302,2.70875,2.81378,0.904347,2.80816,0.902261,0.898096,0.896029,0.898096,0.896029,2.80778,2.92306,0.904465
179,1,23,15,3.75e+20,0.590784,0.0935603,1.8844,11.742,47.0857,1412.57,141.257,78,0.794216,0.774643,0.857351,0.77224,0.85437,0.854064,0.851102,0.854064,0.851102,134.194,134.194,0.819088,0.804398,0.996181,0.801903,0.992718,0.978788,0.975394,0.978788,0.975394,0.835588,0.822147,0.998899
180,1,23,16,3.75e+20,0.590784,0.11962,1.6329,7.814,58.5147,1755.44,175.544,96,0.871666,0.85214,0.909987,0.847967,0.905103,0.903858,0.899026,0.903858,0.899026,166.767,166.767,0.92273,0.913391,1.10826,0.908918,1.10231,1.08763,1.08182,1.08763,1.08182,0.932798,0.924847,1.10826
181,1,23,17,3.75e+20,0.590784,0.152938,1.4166,5.225,73.6308,2208.92,220.893,120,0.929899,0.912215,0.945774,0.905011,0.937738,0.935574,0.927674,0.935574,0.927674,209.848,209.848,1.05057,1.06266,0.978851,1.05426,0.970533,0.945257,0.937275,0.945257,0.937275,1.05654,1.07014,0.978851
182,1,23,18,3.75e+20,0.590784,0.195537,1.2391,3.644,92.3977,2771.93,277.193,156,0.963811,0.948404,0.96488,0.936425,0.951981,0.94917,0.936603,0.94917,0.936603,263.333,263.333,0.999555,0.997574,0.968187,0.984975,0.955244,0.92785,0.915565,0.92785,0.915565,1.00215,1.00116,0.968187
183,1,23,19,3.75e+20,0.590784,0.25,1.0871,2.648,116.329,3489.86,348.986,198,0.982967,0.969927,0.972443,0.950262,0.951855,0.947595,0.927834,0.947595,0.927834,331.537,331.537,0.993319,0.989824,0.983125,0.969755,0.96231,0.971006,0.950758,0.971006,0.950758,0.994539,0.991795,0.983125
184,1,24,5,3.75e+20,0.876712,0.00801622,55.5161,71.029,58.2026,1746.08,174.608,24,0.260128,0.249702,0.50051,0.249585,0.499781,0.656119,0.654053,0.685637,0.683183,48,72,1.77926,1.79056,1.06807,1.78973,1.06651,1.07622,1.07283,1.03521,1.0315,2.46437,2.49348,1.0775
185,1,24,6,3.75e+20,0.876712,0.010249,39.9781,73.121,53.7713,1613.14,161.314,24,0.265306,0.25521,0.490941,0.255094,0.490278,0.639605,0.637759,0.66218,0.660158,48,72,1.94478,1.95805,1.24844,1.95715,1.24676,1.20553,1.20205,1.15486,1.15134,2.64108,2.67217,1.23729
186,1,24,7,3.75e+20,0.876712,0.0131037,28.1656,73.694,48.5648,1456.94,145.695,24,0.275335,0.265436,0.484227,0.265316,0.483624,0.623035,0.621463,0.638542,0.636951,48,72,0.541318,0.535639,1.11935,0.535396,1.11796,1.11236,1.10955,1.07081,1.06814,0.717108,0.712729,1.13124
187,1,24,8,3.75e+20,0.876712,0.0167535,20.0247,72.438,43.5859,1307.58,130.758,24,0.289261,0.279364,0.480955,0.279236,0.480398,0.609186,0.607956,0.619098,0.617854,48,72,0.588572,0.583481,0.928301,0.583211,0.927227,0.95479,0.952861,0.931167,0.929296,0.758397,0.754853,0.96921
188,1,24,9,3.75e+20,0.876712,0.02142,13.2122,68.163,38.4175,1152.52,115.252,30,0.314086,0.303905,0.53729,0.303755,0.536568,0.601575,0.600638,0.60195,0.601013,60,90,0.595911,0.590623,0.825632,0.590333,0.824523,0.85148,0.850153,0.843931,0.842617,0.73874,0.734784,0.875555
189,1,24,10,3.75e+20,0.876712,0.0273861,9.193,61.425,35.3515,1060.54,106.054,30,0.347107,0.336309,0.542263,0.336124,0.541585,0.599293,0.5985,0.599646,0.598854,60,90,0.617503,0.612109,0.7448,0.611773,0.743869,0.756434,0.755434,0.752086,0.751093,0.736011,0.731891,0.799998
190,1,24,11,3.75e+20,0.876712,0.0350141,6.6723,52.637,34.2761,1028.28,102.828,36,0.392518,0.380736,0.581946,0.380491,0.581201,0.613176,0.612414,0.612709,0.611948,72,97.6868,0.693051,0.688337,0.800978,0.687895,0.799952,0.771069,0.770111,0.769724,0.768768,0.793994,0.790813,0.821269
191,1,24,12,3.75e+20,0.876712,0.0447667,5.0002,42.494,35.1247,1053.74,105.374,42,0.45467,0.441467,0.629004,0.441113,0.628179,0.644128,0.643288,0.643652,0.642813,84,100.105,1.50803,1.52176,0.826223,1.52054,0.825139,0.810852,0.809795,0.809964,0.808908,1.66264,1.68192,0.836187
192,1,24,13,3.75e+20,0.876712,0.0572357,3.8479,32.24,37.961,1138.83,113.883,48,0.536567,0.521624,0.683785,0.521069,0.682742,0.692309,0.691256,0.691864,0.690812,96,108.189,0.522618,0.509323,0.997428,0.508781,0.995907,0.983469,0.981973,0.982037,0.980544,0.5573,0.544278,0.994893
193,1,24,14,3.75e+20,0.876712,0.0731778,3.0435,23.345,42.8168,1284.51,128.451,60,0.632027,0.615365,0.750532,0.614447,0.749079,0.751262,0.749809,0.751172,0.74972,120,122.028,0.66771,0.655639,0.899672,0.654661,0.89793,0.883534,0.881825,0.883523,0.881815,0.69452,0.683194,0.900207
194,1,24,15,3.75e+20,0.876712,0.0935603,2.4385,16.129,50.2027,1506.08,150.608,78,0.732206,0.714208,0.817051,0.712635,0.814875,0.814717,0.812552,0.814717,0.812552,143.078,143.078,0.872677,0.867719,0.932378,0.865808,0.929895,0.916894,0.914457,0.916894,0.914457,0.892624,0.888898,0.932382
195,1,24,16,3.75e+20,0.876712,0.11962,2.0632,10.699,61.4117,1842.35,184.235,96,0.823748,0.805091,0.877744,0.802322,0.874247,0.873171,0.869702,0.873171,0.869702,175.023,175.023,0.844709,0.831938,0.99116,0.829077,0.987211,0.970714,0.966858,0.970714,0.966858,0.8552,0.843355,0.99116
196,1,24,17,3.75e+20,0.876712,0.152938,1.7825,7.163,75.8802,2276.41,227.641,120,0.892564,0.874371,0.921862,0.869636,0.916256,0.91447,0.908933,0.91447,0.908933,216.259,216.259,1.0148,1.01904,1.06523,1.01352,1.05876,1.03535,1.02909,1.03535,1.02909,1.02166,1.02707,1.06523
197,1,24,18,3.75e+20,0.876712,0.195537,1.5416,4.821,95.1512,2854.54,285.454,156,0.942576,0.926347,0.951291,0.918255,0.942198,0.939809,0.930889,0.939809,0.930889,271.181,271.181,1.02049,1.02717,0.974187,1.0182,0.964875,0.954026,0.94497,0.954026,0.94497,1.02392,1.03155,0.974187
198,1,24,19,3.75e+20,0.876712,0.25,1.3453,3.39,119.139,3574.18,357.418,198,0.970154,0.955781,0.966707,0.942426,0.952224,0.948758,0.934699,0.948758,0.934699,339.547,339.547,1.00328,1.0064,0.98081,0.99234,0.966116,0.980323,0.965795,0.980323,0.965795,1.0048,1.00858,0.98081
199,1,25,7,3.75e+20,1.30103,0.0131037,46.3084,74.967,78.7338,2362.01,236.201,24,0.279071,0.269391,0.493231,0.269271,0.492623,0.655199,0.653374,0.709358,0.706363,48,72,2.35713,2.37544,1.37085,2.37439,1.36916,1.2354,1.23196,1.22966,1.22446,3.10883,3.14639,1.32865
200,1,25,8,3.75e+20,1.30103,0.0167535,33.3801,74.056,71.9163,2157.49,215.749,24,0.293192,0.283565,0.48903,0.283437,0.488468,0.646204,0.644549,0.692604,0.690034,48,72,0.793887,0.791483,1.24618,0.791126,1.24475,1.15919,1.15622,1.1508,1.14652,1.01748,1.01828,1.22068
201,1,25,9,3.75e+20,1.30103,0.02142,22.1623,70.486,63.2126,1896.38,189.638,30,0.316671,0.306864,0.545572,0.306718,0.544824,0.663957,0.662091,0.676429,0.674506,60,90,1.38098,1.38705,1.26918,1.38639,1.26744,1.2215,1.21807,1.17732,1.17397,1.70307,1.71627,1.25764
202,1,25,10,3.75e+20,1.30103,0.0273861,15.3003,65.036,56.187,1685.61,168.561,30,0.346204,0.336,0.546803,0.335826,0.546102,0.655995,0.654513,0.662722,0.661232,60,90,0.388038,0.3795,1.0332,0.379304,1.03188,1.03567,1.03333,1.00913,1.00686,0.461412,0.452587,1.05337
203,1,25,11,3.75e+20,1.30103,0.0350141,10.4767,57.169,50.7733,1523.2,152.32,36,0.388252,0.377341,0.590376,0.377119,0.589538,0.658815,0.657607,0.658723,0.657516,72,108,0.442546,0.433953,0.882975,0.433697,0.881722,0.894771,0.893131,0.881183,0.879569,0.506111,0.49755,0.919986
204,1,25,12,3.75e+20,1.30103,0.0447667,7.4966,48.097,48.2006,1446.02,144.602,42,0.440631,0.428704,0.634637,0.428402,0.633639,0.669762,0.668656,0.66878,0.667676,84,126,0.517342,0.508921,0.875048,0.508562,0.873672,0.860356,0.858935,0.850399,0.848995,0.571015,0.562957,0.917741
205,1,25,13,3.75e+20,1.30103,0.0572357,5.5532,38.408,48.35,1450.5,145.05,54,0.506957,0.493688,0.686219,0.493249,0.685073,0.695688,0.694533,0.694767,0.693614,108,137.797,0.678054,0.671709,0.929962,0.671112,0.928409,0.899066,0.897573,0.893014,0.891532,0.725557,0.720115,0.937625
206,1,25,14,3.75e+20,1.30103,0.0731778,4.2244,28.947,51.2893,1538.68,153.868,60,0.587143,0.572224,0.731948,0.571542,0.730576,0.737228,0.735849,0.736332,0.734956,120,146.175,0.574926,0.562763,0.888363,0.562092,0.886698,0.858524,0.856919,0.854546,0.852949,0.59992,0.588143,0.881476
207,1,25,15,3.75e+20,1.30103,0.0935603,3.3143,20.939,57.0165,1710.5,171.05,78,0.677176,0.660763,0.788757,0.659659,0.786932,0.787229,0.78541,0.786951,0.785134,156,162.497,0.734212,0.724331,0.936542,0.72312,0.934376,0.910798,0.908694,0.910109,0.908008,0.753088,0.743914,0.936612
208,1,25,16,3.75e+20,1.30103,0.11962,2.6588,14.527,66.1534,1984.6,198.46,96,0.767756,0.750241,0.844323,0.748392,0.841692,0.84078,0.838166,0.84078,0.838166,188.537,188.537,1.06113,1.06927,0.993645,1.06664,0.990549,0.963305,0.960311,0.963305,0.960311,1.07629,1.08569,0.993646
209,1,25,17,3.75e+20,1.30103,0.152938,2.2656,9.704,80.3827,2411.48,241.148,120,0.850522,0.83281,0.895503,0.829617,0.891385,0.889757,0.885681,0.889757,0.885681,229.091,229.091,0.865392,0.853162,1.01251,0.849891,1.00786,0.983559,0.979053,0.983559,0.979053,0.872025,0.860463,1.01251
210,1,25,18,3.75e+20,1.30103,0.195537,1.9413,6.473,99.3117,2979.35,297.935,156,0.91151,0.894492,0.932756,0.889037,0.926209,0.924066,0.917614,0.924066,0.917614,283.038,283.038,1.12814,1.15149,0.975189,1.14446,0.968345,0.926828,0.920357,0.926828,0.920357,1.13273,1.15704,0.975189
211,1,25,19,3.75e+20,1.30103,0.25,1.683,4.463,122.935,3688.06,368.806,198,0.951441,0.936102,0.955847,0.927076,0.945571,0.942648,0.932595,0.942648,0.932595,350.366,350.366,1.0037,1.00203,0.950413,0.99237,0.940196,0.898527,0.888945,0.898527,0.888945,1.00576,1.00469,0.950413
212,1,26,8,3.75e+20,1.9307,0.0167535,51.6283,74.733,113.726,3411.77,341.177,24,0.29723,0.287743,0.494377,0.287614,0.49382,0.657305,0.655636,0.724245,0.721286,48,72,2.73023,2.7535,1.47192,2.75227,1.47026,1.27976,1.27652,1.23665,1.2316,3.47691,3.51946,1.41004
213,1,26,9,3.75e+20,1.9307,0.02142,38.7327,72.279,105.448,3163.45,316.345,30,0.315689,0.306117,0.552153,0.305975,0.551394,0.691365,0.689225,0.742919,0.739349,60,90,0.92494,0.923984,1.30512,0.923555,1.30332,1.20219,1.19847,1.19889,1.19313,1.14394,1.14653,1.28304
214,1,26,10,3.75e+20,1.9307,0.0273861,25.1869,66.386,92.3663,2770.99,277.099,30,0.349813,0.339872,0.551907,0.3397,0.551207,0.686224,0.684329,0.728692,0.725719,60,90,0.483862,0.476259,1.36402,0.476018,1.36229,1.22692,1.22353,1.20862,1.20369,0.572943,0.565522,1.3297
215,1,26,11,3.75e+20,1.9307,0.0350141,18.388,60.771,83.3549,2500.65,250.065,36,0.380722,0.370346,0.591587,0.37014,0.590737,0.706514,0.704373,0.722403,0.719995,72,108,0.643195,0.637728,1.1843,0.637374,1.1826,1.1466,1.14312,1.10483,1.10115,0.738758,0.734295,1.16992
216,1,26,12,3.75e+20,1.9307,0.0447667,11.7851,51.192,73.0547,2191.64,219.164,42,0.435647,0.424357,0.632898,0.424076,0.631888,0.71394,0.712111,0.714764,0.712934,84,126,0.514145,0.505586,1.11582,0.505251,1.11404,1.08513,1.08235,1.05599,1.05329,0.567032,0.558734,1.11544
217,1,26,13,3.75e+20,1.9307,0.0572357,8.4361,42.709,68.2765,2048.29,204.829,54,0.490042,0.477738,0.688379,0.477357,0.687051,0.722891,0.721275,0.721534,0.719922,108,162,0.699911,0.694359,1.00154,0.693805,0.99961,0.969663,0.967496,0.946577,0.944462,0.750307,0.74564,1.01233
218,1,26,14,3.75e+20,1.9307,0.0731778,6.1228,33.65,67.1069,2013.21,201.321,66,0.559925,0.546329,0.733143,0.545772,0.73154,0.745074,0.743465,0.743341,0.741738,132,191.255,0.515901,0.503601,1.01485,0.503088,1.01263,0.954033,0.951972,0.93888,0.936855,0.539789,0.527668,1.0246
219,1,26,15,3.75e+20,1.9307,0.0935603,4.6749,25.726,69.685,2090.55,209.055,78,0.635512,0.620598,0.775274,0.619761,0.773465,0.777789,0.775978,0.776411,0.774606,156,198.602,0.638176,0.626572,0.987607,0.625728,0.985303,0.939319,0.937132,0.929726,0.927564,0.656506,0.64532,0.990436
220,1,26,16,3.75e+20,1.9307,0.11962,3.6123,18.538,76.4037,2292.11,229.211,96,0.720673,0.704483,0.822582,0.703143,0.820278,0.82055,0.818255,0.81956,0.817271,192,217.75,0.827117,0.82058,0.979768,0.819019,0.977025,0.936234,0.933616,0.931855,0.929251,0.840574,0.834706,0.979851
221,1,26,17,3.75e+20,1.9307,0.152938,2.9439,12.97,87.9458,2638.37,263.837,126,0.802028,0.785098,0.868808,0.782911,0.865584,0.864108,0.86091,0.864108,0.86091,250.645,250.645,1.29978,1.32709,1.06776,1.3234,1.0638,1.01567,1.01191,1.01567,1.01191,1.31172,1.34031,1.06776
222,1,26,18,3.75e+20,1.9307,0.195537,2.494,8.748,105.793,3173.79,317.379,156,0.872288,0.855195,0.910577,0.851511,0.905689,0.903668,0.898837,0.903668,0.898837,301.51,301.51,0.988903,0.988294,1.21291,0.984036,1.2064,1.16151,1.1553,1.16151,1.1553,0.993614,0.993617,1.21291
223,1,26,19,3.75e+20,1.9307,0.25,2.1359,5.958,128.985,3869.56,386.956,198,0.924424,0.908248,0.940515,0.902133,0.933012,0.930388,0.92301,0.930388,0.92301,367.609,367.609,1.03606,1.04197,0.951697,1.03495,0.944104,0.900168,0.89303,0.900168,0.89303,1.03854,1.04497,0.951697
224,1,27,9,3.75e+20,2.86512,0.02142,58.6384,72.403,164.428,4932.85,493.285,30,0.31735,0.307816,0.554105,0.307673,0.55336,0.697441,0.695325,0.758831,0.755107,60,90,0.804425,0.801702,1.33351,0.801332,1.33171,1.21403,1.21034,1.18779,1.18196,0.9886,0.988397,1.30894
225,1,27,10,3.75e+20,2.86512,0.0273861,46.7805,69.257,155.681,4670.43,467.043,30,0.337219,0.327521,0.553723,0.327362,0.553012,0.694642,0.692655,0.754778,0.751275,60,90,1.1044,1.10593,1.39418,1.1054,1.39239,1.24297,1.23941,1.21236,1.20673,1.32366,1.32934,1.35976
226,1,27,11,3.75e+20,2.86512,0.0350141,30.6773,61.892,137.775,4133.26,413.327,36,0.380194,0.37,0.593914,0.369799,0.593069,0.720838,0.718545,0.770238,0.76634,72,108,0.58035,0.573469,1.36337,0.573157,1.36143,1.2236,1.21971,1.21049,1.20436,0.665835,0.659529,1.32487
227,1,27,12,3.75e+20,2.86512,0.0447667,20.7239,54.103,121.283,3638.5,363.85,42,0.426267,0.415422,0.632683,0.415162,0.631673,0.743056,0.740501,0.774185,0.7705,84,126,1.1527,1.15569,1.23918,1.15496,1.23721,1.15803,1.15405,1.12678,1.12141,1.27667,1.28256,1.21871
228,1,27,13,3.75e+20,2.86512,0.0572357,13.6571,45.256,106.363,3190.89,319.089,54,0.482314,0.470544,0.686219,0.47019,0.684881,0.765721,0.762912,0.768451,0.765641,108,162,2.70836,2.74737,1.153,2.7453,1.15075,1.11342,1.10934,1.06235,1.05847,2.90598,2.95269,1.16208
229,1,27,14,3.75e+20,2.86512,0.0731778,9.5761,37.249,97.4822,2924.47,292.447,66,0.540779,0.528005,0.730012,0.52752,0.728348,0.772836,0.770462,0.771378,0.769009,132,198,0.724223,0.717597,1.07973,0.716938,1.07727,1.03319,1.03002,0.996504,0.993444,0.759602,0.753667,1.08617
230,1,27,15,3.75e+20,2.86512,0.0935603,6.8167,29.161,93.7623,2812.87,281.287,78,0.611973,0.598042,0.770352,0.597335,0.768367,0.789731,0.787487,0.78772,0.785485,156,234,0.576685,0.562991,1.02908,0.562325,1.02643,0.97077,0.968012,0.934929,0.932276,0.594122,0.580638,1.04111
231,1,27,16,3.75e+20,2.86512,0.11962,5.1412,22.341,95.5943,2867.83,286.783,96,0.683902,0.668876,0.810476,0.667831,0.808062,0.815785,0.813377,0.813377,0.81098,192,272.444,0.712185,0.700255,0.992823,0.69916,0.989866,0.91315,0.910454,0.887174,0.884559,0.725141,0.713602,0.984586
232,1,27,17,3.75e+20,2.86512,0.152938,3.9621,16.355,102.832,3084.96,308.496,126,0.758018,0.741955,0.851825,0.740343,0.848913,0.8488,0.845901,0.847348,0.844458,252,293.071,0.894267,0.888979,1.00627,0.887048,1.00283,0.940151,0.936941,0.932449,0.929269,0.903435,0.898694,1.00628
233,1,27,18,3.75e+20,2.86512,0.195537,3.267,11.447,118.018,3540.54,354.054,156,0.831845,0.815304,0.890434,0.8127,0.886425,0.885359,0.881383,0.884307,0.88034,312,336.351,0.962054,0.958557,1.09324,0.955496,1.08832,1.02504,1.02044,1.02036,1.01579,0.967732,0.964761,1.09324
234,1,27,19,3.75e+20,2.86512,0.25,2.7528,7.84,140.141,4204.22,420.422,198,0.891478,0.874921,0.923803,0.870649,0.917938,0.915502,0.909717,0.915313,0.909531,396,399.401,1.16008,1.18249,0.98612,1.17671,0.97986,0.926542,0.920688,0.926074,0.920223,1.16335,1.18631,0.98612
235,1,28,11,3.75e+20,4.25179,0.0350141,54.2002,64.311,226.279,6788.36,525.3,36,0.366146,0.356159,0.592629,0.355972,0.591782,0.724018,0.721679,0.781073,0.77694,72,108,2.0801,2.0971,1.35784,2.096,1.3559,1.22342,1.21947,1.19481,1.18849,2.40842,2.43414,1.32347
236,1,28,12,3.75e+20,4.25179,0.0447667,35.9656,55.86,202.461,6073.83,525.3,42,0.416473,0.405823,0.631869,0.405578,0.630865,0.747816,0.745186,0.796633,0.792084,84,126,0.69938,0.69394,1.24746,0.69352,1.24548,1.15923,1.15515,1.15422,1.14762,0.777326,0.772845,1.22818
237,1,28,13,3.75e+20,4.25179,0.0572357,23.489,47.06,176.787,5303.6,525.3,54,0.473333,0.461833,0.684395,0.4615,0.683066,0.782327,0.778999,0.815756,0.810458,108,162,0.709622,0.703314,1.25713,0.702806,1.25469,1.17382,1.16882,1.1538,1.14631,0.762865,0.757314,1.2662
238,1,28,14,3.75e+20,4.25179,0.0731778,16.2403,39.721,156.728,4701.83,470.183,66,0.527523,0.515224,0.725264,0.514781,0.723605,0.80545,0.80162,0.815129,0.810767,132,198,0.680208,0.672033,1.15853,0.671455,1.15588,1.13162,1.12624,1.06704,1.06133,0.715202,0.707546,1.16431
239,1,28,15,3.75e+20,4.25179,0.0935603,10.8744,31.915,140.043,4201.3,420.13,78,0.592933,0.579631,0.762046,0.579007,0.760072,0.81779,0.814296,0.816546,0.813058,156,234,0.663205,0.65218,1.09164,0.651477,1.08882,1.04307,1.03861,0.992434,0.988196,0.684553,0.673875,1.08939
240,1,28,16,3.75e+20,4.25179,0.11962,7.7725,25.358,132.22,3966.58,396.659,96,0.658274,0.644065,0.802582,0.643183,0.800126,0.828621,0.825466,0.826466,0.823322,192,288,0.904319,0.900664,1.04403,0.899432,1.04083,0.988231,0.984467,0.9472,0.943596,0.922399,0.919427,1.04624
241,1,28,17,3.75e+20,4.25179,0.152938,5.7058,19.334,131.977,3959.3,395.93,126,0.726036,0.710839,0.844127,0.709546,0.840956,0.848278,0.845062,0.844795,0.841599,252,376.134,0.75061,0.737463,1.14477,0.736122,1.14047,1.04553,1.04157,1.02103,1.01717,0.759286,0.746459,1.14905
242,1,28,18,3.75e+20,4.25179,0.195537,4.4063,14.239,140.354,4210.63,421.063,156,0.793834,0.777905,0.877615,0.775945,0.873849,0.874551,0.870802,0.87173,0.868002,312,400.01,0.867368,0.857239,1.20409,0.855079,1.19893,1.12891,1.12407,1.11458,1.10981,0.873085,0.86332,1.20424
243,1,28,19,3.75e+20,4.25179,0.25,3.6342,9.99,160.014,4800.41,480.041,198,0.8598,0.843694,0.909476,0.840564,0.904404,0.90384,0.898811,0.901508,0.896502,396,456.039,1.30672,1.3414,1.18688,1.33643,1.18026,1.14021,1.13387,1.13937,1.13304,1.3116,1.34698,1.18688
244,1,29,12,3.75e+20,6.30957,0.0447667,53.9674,54.97,316.361,9490.83,525.3,42,0.423699,0.413047,0.631801,0.412793,0.630816,0.749405,0.746841,0.801761,0.797269,84,126,0.710855,0.705667,1.3569,0.705232,1.35478,1.21994,1.21576,1.19179,1.18511,0.785476,0.781257,1.32809
245,1,29,13,3.75e+20,6.30957,0.0572357,42.9154,49.876,298.026,8940.78,525.3,48,0.455633,0.444507,0.660544,0.444205,0.659404,0.769294,0.766374,0.816331,0.811269,96,144,0.971937,0.971512,1.20666,0.970852,1.20458,1.13467,1.13037,1.12813,1.12114,1.05294,1.05428,1.19147
246,1,29,14,3.75e+20,6.30957,0.0731778,28.288,41.323,262.692,7880.76,525.3,60,0.512929,0.500832,0.707365,0.500418,0.705903,0.80067,0.797077,0.838143,0.832097,120,180,0.85685,0.853443,1.18873,0.852739,1.18627,1.12709,1.12204,1.1357,1.1275,0.902973,0.900583,1.17663
247,1,29,15,3.75e+20,6.30957,0.0935603,19.0523,34.14,230.683,6920.48,525.3,78,0.574544,0.561649,0.755629,0.561084,0.753679,0.831933,0.827347,0.853374,0.846705,156,234,0.81446,0.808989,1.21755,0.808176,1.21441,1.15566,1.14929,1.11351,1.1048,0.842791,0.838009,1.22182
248,1,29,16,3.75e+20,6.30957,0.11962,12.4671,27.133,202.723,6081.69,525.3,96,0.644478,0.630756,0.794236,0.629952,0.791817,0.852204,0.847177,0.854117,0.848966,192,288,1.75039,1.77925,1.15959,1.77698,1.15606,1.10695,1.10043,1.05694,1.05057,1.78679,1.8177,1.15243
249,1,29,17,3.75e+20,6.30957,0.152938,8.7069,21.467,187.634,5629.01,525.3,126,0.706936,0.69243,0.836617,0.691302,0.833414,0.862517,0.85806,0.860294,0.855852,252,378,1.0171,1.01804,1.08394,1.01638,1.07979,1.02211,1.01683,0.995711,0.99057,1.02984,1.03142,1.08574
250,1,29,18,3.75e+20,6.30957,0.195537,6.2829,16.422,183.741,5512.24,525.3,156,0.768669,0.753399,0.869638,0.751769,0.865676,0.876957,0.872612,0.873516,0.869198,312,468,1.45678,1.48662,1.40448,1.48341,1.39808,1.30725,1.30077,1.2924,1.28601,1.46718,1.49792,1.40032
251,1,29,19,3.75e+20,6.30957,0.25,4.9801,12.146,195.637,5869.1,525.3,198,0.828146,0.812407,0.899816,0.809976,0.89475,0.898857,0.893811,0.896572,0.891547,396,499.035,1.76111,1.82995,1.10536,1.82448,1.09914,1.04917,1.04328,1.04723,1.04136,1.76844,1.83826,1.10067
252,1,30,14,3.75e+20,9.36329,0.0731778,49.0327,43.088,431.913,12957.4,525.3,60,0.500172,0.488319,0.704171,0.487933,0.702719,0.800309,0.796693,0.842126,0.835903,120,180,0.792657,0.787777,1.14802,0.787155,1.14565,1.10498,1.09998,1.06141,1.05356,0.838658,0.834644,1.1407
253,1,30,15,3.75e+20,9.36329,0.0935603,31.8293,34.752,381.332,11439.9,525.3,78,0.573344,0.560706,0.75332,0.560152,0.751397,0.833561,0.828916,0.866082,0.858254,156,234,1.38359,1.3949,1.10458,1.39353,1.10176,1.06167,1.05575,1.02217,1.01293,1.43198,1.44519,1.1083
254,1,30,16,3.75e+20,9.36329,0.11962,21.4455,28.442,335.391,10061.7,525.3,96,0.630634,0.617154,0.788832,0.616405,0.78645,0.85686,0.851316,0.880602,0.871765,192,288,0.946802,0.944711,1.07268,0.943564,1.06944,1.03892,1.0322,1.0298,1.01946,0.967504,0.966137,1.06962
255,1,30,17,3.75e+20,9.36329,0.152938,14.0373,22.607,293.246,8797.39,525.3,126,0.697188,0.68312,0.829773,0.682066,0.826615,0.880679,0.873898,0.885346,0.877816,252,378,1.1249,1.13043,1.0944,1.12869,1.09024,1.0825,1.07417,1.03443,1.02563,1.13937,1.14565,1.09595
256,1,30,18,3.75e+20,9.36329,0.195537,9.8627,18.145,268.477,8054.31,525.3,156,0.751071,0.736458,0.860252,0.735025,0.856332,0.890763,0.884412,0.889646,0.883307,312,468,1.37213,1.39351,1.09577,1.3908,1.09078,1.04019,1.03277,1.02198,1.0147,1.38288,1.40508,1.09688
257,1,30,19,3.75e+20,9.36329,0.25,7.2018,13.949,261.534,7846.02,525.3,198,0.807624,0.792635,0.891111,0.790594,0.886074,0.902558,0.896454,0.901686,0.895592,396,499.035,1.34555,1.37189,1.00599,1.36835,1.0003,0.960136,0.953642,0.95297,0.946529,1.35182,1.37877,1.00691
258,1,31,15,3.75e+20,13.895,0.0935603,58.7098,37.729,631.101,18933,525.3,72,0.551439,0.532615,0.721099,0.532133,0.719395,0.786509,0.78244,0.798072,0.791313,144,216,1.45494,1.46087,1.19032,1.45955,1.18751,1.07807,1.07249,0.968728,0.960524,1.51572,1.52363,1.19494
259,1,31,16,3.75e+20,13.895,0.11962,38.4831,30.08,564.821,16944.6,525.3,90,0.621918,0.603339,0.764428,0.602648,0.76227,0.820558,0.815558,0.829697,0.821434,180,270,2.8419,2.89981,1.22147,2.89649,1.21802,1.09731,1.09063,0.995996,0.986076,2.91088,2.97267,1.20798
260,1,31,17,3.75e+20,13.895,0.152938,24.6138,23.773,490.967,14729,525.3,120,0.690381,0.676792,0.82034,0.675802,0.817383,0.879339,0.872541,0.901442,0.890318,240,360,1.60725,1.63398,1.10371,1.63159,1.09973,1.0391,1.03106,1.0004,0.988053,1.62941,1.65751,1.10001
261,1,31,18,3.75e+20,13.895,0.195537,17.0766,19.543,435.835,13075,525.3,150,0.735987,0.721743,0.849989,0.720446,0.846286,0.897807,0.889608,0.910305,0.89878,300,450,2.72041,2.81323,1.03226,2.80818,1.02776,1.02619,1.01682,1.00096,0.988288,2.74392,2.83887,1.0315
262,1,31,19,3.75e+20,13.895,0.25,11.3314,15.357,387.832,11635,525.3,198,0.792769,0.778305,0.882313,0.776498,0.877428,0.913503,0.904344,0.913425,0.904269,396,499.035,1.21363,1.22837,0.999644,1.22552,0.99411,0.997495,0.987494,0.991303,0.981366,1.21963,1.23487,1.00024
263,1,32,17,3.75e+20,20.6199,0.152938,40.6035,24.094,802.373,24071.2,525.3,120,0.685202,0.654273,0.778076,0.653331,0.775301,0.785591,0.779555,0.744326,0.734977,240,360,1.18471,1.17568,0.995471,1.17399,0.99192,0.886377,0.879567,0.769862,0.760193,1.20119,1.19276,0.992441
264,1,32,18,3.75e+20,20.6199,0.195537,27.2375,19.415,710.23,21306.9,525.3,156,0.739819,0.705083,0.801742,0.703808,0.798166,0.786095,0.778566,0.718099,0.707012,312,468,1.14129,1.12823,0.958204,1.12619,0.953931,0.86237,0.854111,0.741158,0.729715,1.15062,1.13796,0.956306
265,1,32,19,3.75e+20,20.6199,0.25,19.7193,16.328,639.375,19181.2,525.3,192,0.783891,0.747021,0.818136,0.745398,0.813777,0.78343,0.774568,0.731599,0.72056,384,499.035,1.09141,1.07467,0.95186,1.07233,0.946788,0.842971,0.833435,0.759435,0.747976,1.09725,1.08079,0.952413
266,1,33,19,3.75e+20,30.5995,0.25,34.7237,17.081,1073.13,32193.8,525.3,186,0.769498,0.719452,0.783024,0.717965,0.779009,0.716195,0.708277,0.635472,0.625464,372,499.035,1.04969,1.01737,0.898247,1.01527,0.893641,0.741081,0.732888,0.644376,0.634228,1.0558,1.02366,0.898781
267,2,8,1,7.5e+20,0.00158489,0.003,0.5547,1.278,1.32992,39.8976,23.9385,18,0.623717,-0.23283,-0.821932,-0.222402,-0.820698,-0.739298,-0.738509,-0.739298,-0.738509,22.7416,22.7416,0.574885,-0.334875,-0.963976,-0.319877,-0.962528,-0.85646,-0.855547,-0.85646,-0.855547,0.707029,-0.608636,-0.775228
268,2,9,1,7.5e+20,0.00235195,0.003,0.7013,1.412,1.35481,40.6444,24.3866,18,0.533428,-0.150488,-0.615642,-0.145749,-0.614937,-0.597176,-0.596669,-0.597176,-0.596669,23.1673,23.1673,0.48512,-0.235294,-0.730424,-0.227884,-0.729588,-0.7027,-0.702103,-0.7027,-0.702103,0.628132,-0.427649,-0.674323
269,2,9,2,7.5e+20,0.00235195,0.0038356,0.5904,1.41,1.71131,51.3394,27,18,0.656528,-0.12722,-0.675499,-0.120904,-0.674256,-0.636207,-0.635503,-0.636207,-0.635503,25.65,25.65,0.604283,-0.24293,-0.845206,-0.230869,-0.843651,-0.763493,-0.762648,-0.763493,-0.762648,0.732648,-0.441526,-0.846955
270,2,10,1,7.5e+20,0.00349025,0.003,0.8832,1.611,1.3985,41.9552,25.1731,18,0.447625,-0.0977189,-0.460681,-0.0955168,-0.460281,-0.491587,-0.491255,-0.491587,-0.491255,23.9145,23.9145,0.408032,-0.156066,-0.557234,-0.152549,-0.55675,-0.571031,-0.570645,-0.571031,-0.570645,0.555821,-0.28365,-0.568842
271,2,10,2,7.5e+20,0.00349025,0.0038356,0.7431,1.607,1.75627,52.6884,27,18,0.570305,-0.0650407,-0.44034,-0.0627361,-0.43973,-0.47691,-0.476462,-0.47691,-0.476462,25.65,25.65,0.517925,-0.161369,-0.578841,-0.155651,-0.578039,-0.5889,-0.588347,-0.5889,-0.588347,0.658921,-0.293288,-0.64439
272,2,10,3,7.5e+20,0.00349025,0.00490394,0.6201,1.601,2.24358,67.3072,27,18,0.696681,0.00918015,-0.294992,0.00865693,-0.29432,-0.349547,-0.349005,-0.349547,-0.349005,25.65,25.65,0.639477,-0.128456,-0.473893,-0.121135,-0.472814,-0.492765,-0.492,-0.492765,-0.492,0.761181,-0.23347,-0.534792
273,2,10,4,7.5e+20,0.00349025,0.00626986,0.528,1.591,2.80796,84.239,27,18,0.794947,0.0856434,-0.179423,0.0781968,-0.178781,-0.253806,-0.253186,-0.253806,-0.253186,25.65,25.65,0.742744,-0.0809227,-0.412456,-0.0738866,-0.410979,-0.437576,-0.436506,-0.437576,-0.436506,0.8408,-0.147077,-0.453129
274,2,11,1,7.5e+20,0.00517947,0.003,1.1409,1.906,1.41369,42.4104,25.4462,18,0.354786,-0.0572373,-0.311919,-0.056362,-0.311727,-0.362074,-0.36189,-0.362074,-0.36189,24.1739,24.1739,0.317753,-0.106166,-0.390367,-0.104542,-0.390127,-0.436253,-0.436032,-0.436253,-0.436032,0.458411,-0.192957,-0.439145
275,2,11,2,7.5e+20,0.00517947,0.0038356,0.955,1.901,1.77054,53.1165,27,18,0.47018,-0.0313724,-0.28112,-0.0306143,-0.280844,-0.34449,-0.344237,-0.34449,-0.344237,25.65,25.65,0.428983,-0.093463,-0.391302,-0.0912043,-0.390918,-0.44296,-0.442634,-0.44296,-0.442634,0.578192,-0.169869,-0.467075
276,2,11,3,7.5e+20,0.00517947,0.00490394,0.7966,1.891,2.24335,67.3003,27,18,0.5979,0.0192748,-0.17725,0.018529,-0.176968,-0.244116,-0.243824,-0.244116,-0.243824,25.65,25.65,0.542943,-0.0861472,-0.321297,-0.0828138,-0.320785,-0.371986,-0.371541,-0.371986,-0.371541,0.681877,-0.156573,-0.397307
277,2,11,4,7.5e+20,0.00517947,0.00626986,0.6679,1.875,2.8435,85.3049,27,18,0.717979,0.0815399,-0.0781028,0.0765441,-0.0779015,-0.153687,-0.153389,-0.153687,-0.153389,25.65,25.65,0.663281,-0.0551919,-0.26262,-0.0518104,-0.261943,-0.306128,-0.305534,-0.306128,-0.305534,0.782228,-0.100312,-0.316356
278,2,11,5,7.5e+20,0.00517947,0.00801622,0.5692,1.853,3.55265,106.579,27,18,0.714564,0.368081,0.428458,0.355169,0.426564,0.384027,0.382514,0.384027,0.382514,25.65,25.65,1.08907,1.16711,1.15488,1.12617,1.14977,0.986703,0.982816,0.986703,0.982816,1.36879,2.03768,1.05195
279,2,12,1,7.5e+20,0.00768625,0.003,1.4821,2.345,1.44715,43.4151,26.049,18,0.276397,-0.0303304,-0.206778,-0.0300127,-0.206688,-0.261812,-0.261717,-0.261812,-0.261717,24.7466,24.7466,0.245757,-0.0668282,-0.274388,-0.0661282,-0.274269,-0.327994,-0.327875,-0.327994,-0.327875,0.373143,-0.12146,-0.335704
280,2,12,2,7.5e+20,0.00768625,0.0038356,1.2287,2.336,1.80935,54.2805,27,18,0.378763,-0.00894655,-0.164395,-0.00879698,-0.16428,-0.227478,-0.227349,-0.227478,-0.227349,25.65,25.65,0.339558,-0.0611082,-0.250202,-0.0600866,-0.250028,-0.310496,-0.31032,-0.310496,-0.31032,0.483608,-0.111064,-0.314928
281,2,12,3,7.5e+20,0.00768625,0.00490394,1.0159,2.321,2.29173,68.7525,27,18,0.504253,0.0282947,-0.0891878,0.0275288,-0.0890863,-0.14972,-0.149581,-0.14972,-0.149581,25.65,25.65,0.458701,-0.0427037,-0.201076,-0.0415477,-0.200847,-0.257719,-0.25748,-0.257719,-0.25748,0.607676,-0.0776142,-0.264395
282,2,12,4,7.5e+20,0.00768625,0.00626986,0.8513,2.298,2.87969,86.3902,27,18,0.626708,0.0704794,-0.0188616,0.0674745,-0.0188272,-0.080233,-0.0801141,-0.080233,-0.0801141,25.65,25.65,0.572343,-0.0381651,-0.150585,-0.0365379,-0.150311,-0.199226,-0.198931,-0.199226,-0.198931,0.708828,-0.0693652,-0.211405
283,2,12,5,7.5e+20,0.00768625,0.00801622,0.7162,2.262,3.62881,108.864,27,18,0.621643,0.315071,0.398823,0.307476,0.397569,0.384,0.382886,0.384,0.382886,25.65,25.65,1.06767,1.1044,1.00434,1.07777,1.00118,0.890015,0.887433,0.890015,0.887433,1.41453,1.92715,0.923783
284,2,12,6,7.5e+20,0.00768625,0.010249,0.603,2.206,4.61081,138.324,27,18,0.67737,0.42121,0.537049,0.411156,0.534289,0.547205,0.544544,0.547205,0.544544,25.65,25.65,0.916171,0.861924,1.80314,0.841352,1.79388,1.66085,1.65277,1.66085,1.65277,1.20287,1.46882,1.71618
285,2,12,7,7.5e+20,0.00768625,0.0131037,0.5295,2.123,5.86335,175.9,27,18,0.73711,0.473339,0.600241,0.458944,0.595256,0.620471,0.615552,0.620471,0.615552,25.65,25.65,0.979451,0.978115,1.08893,0.948368,1.07988,1.02063,1.01254,1.02063,1.01254,1.2401,1.65211,1.04141
286,2,13,1,7.5e+20,0.0114062,0.003,1.9292,2.995,1.52327,45.698,27,18,0.215606,-0.0126637,-0.128671,-0.0125698,-0.12863,-0.186277,-0.186226,-0.186277,-0.186226,25.65,25.65,0.185631,-0.0468383,-0.187365,-0.0464909,-0.187306,-0.245079,-0.245012,-0.245079,-0.245012,0.293456,-0.0851287,-0.246143
287,2,13,2,7.5e+20,0.0114062,0.0038356,1.5964,2.981,1.86854,56.0565,27,18,0.300298,0.00824279,-0.0797831,0.00814719,-0.0797438,-0.130043,-0.129987,-0.130043,-0.129987,25.65,25.65,0.260785,-0.0404456,-0.155229,-0.0399765,-0.155152,-0.207,-0.206912,-0.207,-0.206912,0.390797,-0.0735099,-0.209714
288,2,13,3,7.5e+20,0.0114062,0.00490394,1.3167,2.959,2.33369,70.0109,27,18,0.407207,0.0298104,-0.0339618,0.0292576,-0.033935,-0.0796583,-0.0796037,-0.0796583,-0.0796037,25.65,25.65,0.363773,-0.0299039,-0.124748,-0.0293494,-0.124649,-0.169111,-0.168995,-0.169111,-0.168995,0.510261,-0.0543505,-0.165177
289,2,13,4,7.5e+20,0.0114062,0.00626986,1.0953,2.924,2.92031,87.6093,27,18,0.528137,0.0608074,0.0176299,0.0590225,0.0176076,-0.0260441,-0.0260156,-0.0260441,-0.0260156,25.65,25.65,0.475777,-0.0277116,-0.104531,-0.0268982,-0.104399,-0.154384,-0.154215,-0.154384,-0.154215,0.622616,-0.0503659,-0.154554
290,2,13,5,7.5e+20,0.0114062,0.00801622,0.9048,2.866,3.72619,111.786,27,18,0.521886,0.258789,0.350022,0.254474,0.349232,0.353952,0.353197,0.353952,0.353197,25.65,25.65,1.1686,1.24845,0.705255,1.22764,0.703662,0.628749,0.627408,0.628749,0.627408,1.62942,2.1776,0.654133
291,2,13,6,7.5e+20,0.0114062,0.010249,0.756,2.779,4.73531,142.059,27,18,0.587339,0.365252,0.482237,0.359278,0.480467,0.505438,0.503657,0.505438,0.503657,25.65,25.65,0.911701,0.873372,1.03926,0.859086,1.03544,0.963921,0.960523,0.963921,0.960523,1.25759,1.48595,0.988283
292,2,13,7,7.5e+20,0.0114062,0.0131037,0.6405,2.65,6.01946,180.584,27,18,0.65489,0.419922,0.548041,0.411175,0.544792,0.57946,0.576146,0.57946,0.576146,25.65,25.65,0.920082,0.881963,1.01713,0.863591,1.0111,0.926942,0.921641,0.926942,0.921641,1.22185,1.48129,0.954879
293,2,13,8,7.5e+20,0.0114062,0.0167535,0.5743,2.494,7.43096,222.929,27,18,0.740636,0.560173,0.672693,0.548539,0.666511,0.71493,0.708597,0.71493,0.708597,25.65,25.65,0.970039,0.979029,1.11492,0.958696,1.10467,1.16508,1.15477,1.16508,1.15477,1.24771,1.53968,1.20049
294,2,14,1,7.5e+20,0.0169267,0.003,2.5621,3.955,1.64512,49.3539,27,18,0.168457,0.00409835,-0.0509277,0.00407653,-0.050916,-0.0881073,-0.0880889,-0.0881073,-0.0880889,25.65,25.65,0.140958,-0.0260852,-0.104863,-0.0259463,-0.104839,-0.145933,-0.145902,-0.145933,-0.145902,0.230153,-0.0474099,-0.141996
295,2,14,2,7.5e+20,0.0169267,0.0038356,2.0993,3.936,1.97265,59.18,27,18,0.233757,0.0154182,-0.0258043,0.015292,-0.0257953,-0.0590186,-0.0589997,-0.0590186,-0.0589997,25.65,25.65,0.200338,-0.0230405,-0.0917974,-0.022852,-0.0917651,-0.129041,-0.129,-0.129041,-0.129,0.313309,-0.0418761,-0.124524
296,2,14,3,7.5e+20,0.0169267,0.00490394,1.7221,3.903,2.41508,72.4528,27,18,0.324192,0.0331878,0.00617664,0.0327617,0.00617322,-0.0234339,-0.0234222,-0.0234339,-0.0234222,25.65,25.65,0.282,-0.0197714,-0.0745142,-0.0195176,-0.0744729,-0.108675,-0.108621,-0.108675,-0.108621,0.416877,-0.0359347,-0.109467
297,2,14,4,7.5e+20,0.0169267,0.00626986,1.4093,3.847,3.01985,90.5952,27,18,0.471519,0.195682,0.239297,0.19261,0.239066,0.220559,0.220363,0.220559,0.220363,25.65,25.65,0.61168,0.410249,0.458458,0.403808,0.458016,0.393527,0.393177,0.393527,0.393177,0.871882,0.734233,0.408485
298,2,14,5,7.5e+20,0.0169267,0.00801622,1.1688,3.767,3.77462,113.239,27,18,0.423542,0.208717,0.29687,0.206338,0.296404,0.310352,0.309885,0.310352,0.309885,25.65,25.65,1.10573,1.13905,0.605115,1.12607,0.604165,0.562605,0.561759,0.562605,0.561759,1.61917,1.98703,0.577342
299,2,14,6,7.5e+20,0.0169267,0.010249,0.9756,3.642,4.73819,142.146,27,18,0.489182,0.303375,0.413348,0.300008,0.412318,0.441586,0.44052,0.441586,0.44052,25.65,25.65,0.823673,0.769468,1.16269,0.760929,1.15979,1.08587,1.08325,1.08587,1.08325,1.19126,1.30961,1.11346
300,2,14,7,7.5e+20,0.0169267,0.0131037,0.8175,3.456,5.98538,179.561,27,18,0.545861,0.33447,0.453632,0.329674,0.451846,0.487804,0.485938,0.487804,0.485938,25.65,25.65,0.882005,0.843582,1.10493,0.831485,1.10058,1.02838,1.02445,1.02838,1.02445,1.23173,1.42463,1.0546
301,2,14,8,7.5e+20,0.0169267,0.0167535,0.6986,3.197,7.56492,226.947,27,18,0.663077,0.501844,0.609264,0.494697,0.60535,0.654033,0.64997,0.654033,0.64997,25.65,25.65,0.909297,0.896155,1.17255,0.883392,1.16502,1.22615,1.21853,1.22615,1.21853,1.21719,1.40593,1.26822
302,2,14,9,7.5e+20,0.0169267,0.02142,0.6129,2.835,9.72315,291.695,29.1695,18,0.75914,0.616788,0.709519,0.605913,0.701849,0.775256,0.767283,0.775256,0.767283,27.711,27.711,0.959418,0.954562,1.02608,0.937732,1.01498,1.11065,1.09923,1.11065,1.09923,1.20835,1.39747,1.11321
303,2,14,10,7.5e+20,0.0169267,0.0273861,0.546,2.46,12.1646,364.938,36.4938,24,0.838232,0.722513,0.8614,0.706232,0.8474,0.904008,0.889564,0.904008,0.889564,34.6692,34.6692,0.990833,1.00712,1.15595,0.984421,1.13716,1.19822,1.17907,1.19822,1.17907,1.17483,1.37011,1.19377
304,2,15,1,7.5e+20,0.0251189,0.003,3.4845,5.372,1.86823,56.0465,27,18,0.136953,0.0161558,0.00101556,0.0160913,0.00101539,-0.0174034,-0.0174006,-0.0174034,-0.0174006,25.65,25.65,0.110045,-0.0125598,-0.0503787,-0.0125097,-0.0503699,-0.0737375,-0.0737254,-0.0737375,-0.0737254,0.183877,-0.0228276,-0.0718077
305,2,15,2,7.5e+20,0.0251189,0.0038356,2.7978,5.342,2.16885,65.0654,27,18,0.186907,0.0220552,0.0122996,0.0219228,0.0122964,-0.00496278,-0.00496157,-0.00496278,-0.00496157,25.65,25.65,0.156578,-0.0108947,-0.0455663,-0.0108293,-0.0455544,-0.0676189,-0.0676024,-0.0676189,-0.0676024,0.25286,-0.0198012,-0.0641947
306,2,15,3,7.5e+20,0.0251189,0.00490394,2.2713,5.291,2.58035,77.41,27,18,0.25642,0.0317111,0.0292702,0.0314197,0.0292585,0.0139493,0.0139441,0.0139493,0.0139441,25.65,25.65,0.221366,-0.00949777,-0.0436726,-0.00941048,-0.0436551,-0.0649233,-0.064899,-0.0649233,-0.064899,0.341547,-0.0172622,-0.062183
307,2,15,4,7.5e+20,0.0251189,0.00626986,1.8539,5.215,3.13781,94.1337,27,18,0.388809,0.221626,0.30011,0.219805,0.299889,0.308231,0.308014,0.308231,0.308014,25.65,25.65,0.688932,0.603946,0.63753,0.598984,0.63706,0.589565,0.589149,0.589565,0.589149,1.05699,1.06845,0.605029
308,2,15,5,7.5e+20,0.0251189,0.00801622,1.5177,5.091,3.88835,116.65,27,18,0.336832,0.16654,0.247195,0.165226,0.246917,0.265143,0.264854,0.265143,0.264854,25.65,25.65,0.679853,0.600897,0.659464,0.596154,0.658722,0.618833,0.618159,0.618833,0.618159,1.03723,1.04828,0.633657
309,2,15,6,7.5e+20,0.0251189,0.010249,1.2533,4.901,4.85758,145.727,27,18,0.397261,0.246818,0.346359,0.244939,0.345746,0.376152,0.375503,0.376152,0.375503,25.65,25.65,0.72651,0.670306,1.01576,0.665202,1.01396,0.969182,0.967511,0.969182,0.967511,1.0924,1.14007,0.989808
310,2,15,7,7.5e+20,0.0251189,0.0131037,1.0431,4.624,6.09885,182.966,27,18,0.468204,0.306092,0.417911,0.303236,0.416756,0.454164,0.45294,0.454164,0.45294,25.65,25.65,0.716798,0.651377,0.928297,0.645299,0.925732,0.991603,0.988931,0.991603,0.988931,1.04333,1.08818,1.01516
311,2,15,8,7.5e+20,0.0251189,0.0167535,0.8692,4.219,7.74992,232.498,27,18,0.57945,0.439401,0.538222,0.435076,0.535771,0.582591,0.580019,0.582591,0.580019,25.65,25.65,0.85579,0.833573,1.02826,0.825368,1.02358,1.08626,1.08146,1.08626,1.08146,1.18572,1.305,1.12344
312,2,15,9,7.5e+20,0.0251189,0.02142,0.7487,3.699,9.84346,295.303,29.5304,24,0.687303,0.561235,0.706232,0.554509,0.701178,0.720792,0.715665,0.720792,0.715665,28.0539,28.0539,0.921255,0.899453,0.963474,0.888675,0.956579,1.00514,0.997994,1.00514,0.997994,1.19656,1.31078,0.987631
313,2,15,10,7.5e+20,0.0251189,0.0273861,0.6619,3.113,12.4461,373.384,37.3383,24,0.785647,0.679932,0.816444,0.669341,0.807066,0.867686,0.857866,0.867686,0.857866,35.4714,35.4714,0.968569,0.97371,1.02266,0.958543,1.01091,1.13006,1.11727,1.13006,1.11727,1.17278,1.31012,1.05798
314,2,15,11,7.5e+20,0.0251189,0.0350141,0.5885,2.551,15.6074,468.222,46.8223,30,0.870637,0.785916,0.927197,0.76919,0.910567,0.946768,0.929994,0.946768,0.929994,44.4812,44.4812,0.995905,1.01784,1.0547,0.996176,1.03578,1.1444,1.12413,1.1444,1.12413,1.11761,1.24117,1.06554
315,2,15,12,7.5e+20,0.0251189,0.0447667,0.5148,2.009,20.239,607.171,60.7171,36,0.93707,0.873752,0.97105,0.845103,0.941819,0.958276,0.930041,0.958276,0.930041,57.6813,57.6813,0.992654,1.01427,1.02913,0.981015,0.998154,1.06814,1.03667,1.06814,1.03667,1.04544,1.12928,1.03443
316,2,16,1,7.5e+20,0.0372759,0.003,4.8175,7.446,2.29962,68.988,27,18,0.115551,0.0192686,0.0270699,0.0192056,0.027066,0.0227076,0.0227045,0.0227076,0.0227045,25.65,25.65,0.0926735,-0.00397644,-0.0170958,-0.00396345,-0.0170934,-0.0263181,-0.0263144,-0.0263181,-0.0263144,0.156946,-0.0072272,-0.0246263
317,2,16,2,7.5e+20,0.0372759,0.0038356,3.8173,7.401,2.52635,75.79,27,18,0.154475,0.0255273,0.0353222,0.0254086,0.035315,0.0305652,0.0305593,0.0305652,0.0305593,25.65,25.65,0.12828,-0.0020418,-0.0174513,-0.00203231,-0.0174478,-0.0283812,-0.0283757,-0.0283812,-0.0283757,0.211864,-0.00371098,-0.0280786
318,2,16,3,7.5e+20,0.0372759,0.00490394,3.0559,7.33,2.87665,86.2996,27,18,0.207556,0.0327778,0.0463517,0.0325541,0.0463379,0.0417757,0.0417637,0.0417757,0.0417637,25.65,25.65,0.699564,0.629127,0.0093862,0.624834,0.0093834,-0.00287281,-0.00287199,-0.00287281,-0.00287199,1.11559,1.14344,-0.000411013
319,2,16,4,7.5e+20,0.0372759,0.00626986,2.4678,7.216,3.378,101.34,27,18,0.270751,0.148147,0.220915,0.147393,0.220785,0.237527,0.237391,0.237527,0.237391,25.65,25.65,1.44316,1.50667,0.528837,1.49901,0.528525,0.502015,0.501727,0.502015,0.501727,2.30749,2.65267,0.512486
320,2,16,5,7.5e+20,0.0372759,0.00801622,1.9977,7.033,4.086,122.58,27,18,0.260551,0.12642,0.19797,0.125713,0.197804,0.21709,0.216913,0.21709,0.216913,25.65,25.65,0.410103,0.309364,0.438719,0.307634,0.438352,0.417186,0.416846,0.417186,0.416846,0.646109,0.53981,0.424171
321,2,16,6,7.5e+20,0.0372759,0.010249,1.6358,6.757,5.01569,150.471,27,18,0.319275,0.20129,0.288664,0.200229,0.288297,0.317308,0.316913,0.317308,0.316913,25.65,25.65,0.569769,0.506962,0.761032,0.50429,0.760064,0.719722,0.718826,0.719722,0.718826,0.883804,0.861874,0.735527
322,2,16,7,7.5e+20,0.0372759,0.0131037,1.347,6.342,6.24569,187.371,27,18,0.386475,0.258871,0.359165,0.257237,0.358462,0.394135,0.39338,0.394135,0.39338,25.65,25.65,0.631023,0.574765,0.802605,0.571136,0.801032,0.808049,0.806501,0.808049,0.806501,0.948663,0.955804,0.825498
323,2,16,8,7.5e+20,0.0372759,0.0167535,1.118,5.758,7.83823,235.147,27,18,0.489444,0.372489,0.462101,0.369991,0.46065,0.503787,0.502251,0.503787,0.502251,25.65,25.65,0.770781,0.729714,0.886435,0.724821,0.883651,1.01628,1.01318,1.01628,1.01318,1.1019,1.1426,0.977719
324,2,16,9,7.5e+20,0.0372759,0.02142,0.9345,4.997,9.89815,296.944,29.6945,24,0.604382,0.495355,0.633818,0.49134,0.630721,0.64855,0.645397,0.64855,0.645397,28.2097,28.2097,1.05498,1.07147,0.891677,1.06279,0.887321,0.927745,0.923236,0.927745,0.923236,1.40992,1.56067,0.914127
325,2,16,10,7.5e+20,0.0372759,0.0273861,0.8129,4.126,12.5093,375.28,37.528,24,0.715783,0.620999,0.755138,0.614467,0.749235,0.809626,0.803377,0.809626,0.803377,35.6516,35.6516,0.939805,0.930566,0.950816,0.920778,0.943384,1.01458,1.00675,1.01458,1.00675,1.16558,1.24988,0.984025
326,2,16,11,7.5e+20,0.0372759,0.0350141,0.7171,3.254,15.8538,475.616,47.5615,30,0.822596,0.743075,0.887111,0.732198,0.876046,0.914127,0.902833,0.914127,0.902833,45.1835,45.1835,1.03032,1.06524,1.10109,1.04964,1.08736,1.17249,1.15801,1.17249,1.15801,1.17317,1.29282,1.11289
327,2,16,12,7.5e+20,0.0372759,0.0447667,0.6252,2.455,20.6109,618.326,61.8327,36,0.908863,0.845479,0.949061,0.8262,0.929068,0.948818,0.929135,0.948818,0.929135,58.741,58.741,1.03862,1.09329,1.1232,1.06836,1.09954,1.20754,1.18249,1.20754,1.18249,1.10213,1.21203,1.1294
328,2,16,13,7.5e+20,0.0372759,0.0572357,0.5617,1.996,25.3575,760.724,76.0724,42,0.949484,0.897898,0.971347,0.867916,0.940394,0.944059,0.91467,0.944059,0.91467,72.2688,72.2688,1.00006,1.01878,1.00287,0.984762,0.970913,1.03573,1.00349,1.03573,1.00349,1.0287,1.08,1.00522
329,2,17,1,7.5e+20,0.0553168,0.003,7.103,10.435,3.08619,92.5852,27,18,0.146205,0.0763302,0.117391,0.0761403,0.117367,0.126842,0.126816,0.126842,0.126816,25.65,25.65,0.264749,0.206496,0.240471,0.205983,0.24042,0.229307,0.22926,0.229307,0.22926,0.452453,0.372667,0.233185
330,2,17,2,7.5e+20,0.0553168,0.0038356,5.4218,10.376,3.18223,95.4671,27,18,0.186951,0.106829,0.162053,0.106512,0.162005,0.175296,0.175246,0.175296,0.175246,25.65,25.65,0.465306,0.414396,0.373044,0.413164,0.372934,0.35726,0.357157,0.35726,0.357157,0.782947,0.742635,0.36379
331,2,17,3,7.5e+20,0.0553168,0.00490394,4.2135,10.273,3.42823,102.846,27,18,0.19916,0.112386,0.174728,0.112019,0.174659,0.191178,0.191104,0.191178,0.191104,25.65,25.65,0.560196,0.513972,0.506628,0.512292,0.506426,0.487129,0.486938,0.487129,0.486938,0.928889,0.911263,0.495407
332,2,17,4,7.5e+20,0.0553168,0.00626986,3.3373,10.106,3.84012,115.204,27,18,0.198009,0.104903,0.166344,0.104531,0.16626,0.183889,0.183798,0.183889,0.183798,25.65,25.65,0.450163,0.390569,0.563596,0.389186,0.563312,0.541703,0.541435,0.541703,0.541435,0.736919,0.68594,0.550546
333,2,17,5,7.5e+20,0.0553168,0.00801622,2.6818,9.85,4.44481,133.344,27,18,0.254381,0.168723,0.245237,0.16814,0.245067,0.269795,0.269611,0.269795,0.269611,25.65,25.65,0.451352,0.398586,0.576318,0.39721,0.575918,0.549255,0.548881,0.549255,0.548881,0.727977,0.686594,0.559611
334,2,17,6,7.5e+20,0.0553168,0.010249,2.1669,9.447,5.30796,159.239,27,18,0.247832,0.154949,0.230923,0.15437,0.230703,0.257133,0.256893,0.257133,0.256893,25.65,25.65,0.531845,0.487144,0.746611,0.485322,0.7459,0.715646,0.714977,0.715646,0.714977,0.844095,0.827864,0.730011
335,2,17,7,7.5e+20,0.0553168,0.0131037,1.7647,8.842,6.48288,194.487,27,18,0.318047,0.219583,0.307084,0.218632,0.30665,0.339436,0.338966,0.339436,0.338966,25.65,25.65,0.535817,0.489356,0.727451,0.487236,0.726421,0.733508,0.732492,0.733508,0.732492,0.82541,0.811051,0.749343
336,2,17,8,7.5e+20,0.0553168,0.0167535,1.4456,7.974,8.0625,241.875,27,18,0.406208,0.31104,0.389778,0.309599,0.388908,0.427634,0.426707,0.427634,0.426707,25.65,25.65,0.674848,0.646184,0.847714,0.64319,0.845823,0.965685,0.96359,0.965685,0.96359,0.98766,1.01114,0.973185
337,2,17,9,7.5e+20,0.0553168,0.02142,1.1994,6.868,10.0785,302.355,30.2355,24,0.524125,0.434321,0.566114,0.431919,0.56418,0.583549,0.581565,0.583549,0.581565,28.7237,28.7237,0.787876,0.753728,0.997986,0.749559,0.994576,1.00615,1.00273,1.00615,1.00273,1.07452,1.09439,1.02347
338,2,17,10,7.5e+20,0.0553168,0.0273861,1.0005,5.564,12.7295,381.884,38.1884,24,0.642738,0.561256,0.692142,0.557206,0.68836,0.750495,0.746444,0.750495,0.746444,36.279,36.279,0.914062,0.89915,1.01683,0.89266,1.01128,1.02006,1.01456,1.02006,1.01456,1.15102,1.2001,1.05348
339,2,17,11,7.5e+20,0.0553168,0.0350141,0.8735,4.243,16.232,486.96,48.696,30,0.76738,0.694922,0.836413,0.687837,0.829024,0.868719,0.861101,0.868719,0.861101,46.2612,46.2612,1.18753,1.25453,1.07431,1.24174,1.06482,1.11,1.10027,1.11,1.10027,1.3646,1.51122,1.08673
340,2,17,12,7.5e+20,0.0553168,0.0447667,0.7685,3.167,20.6357,619.069,61.907,36,0.864684,0.801668,0.913446,0.789377,0.900429,0.92268,0.90967,0.92268,0.90967,58.8116,58.8116,0.962252,0.966735,1.0765,0.951913,1.06116,1.23166,1.21429,1.23166,1.21429,1.03201,1.07317,1.08242
341,2,17,13,7.5e+20,0.0553168,0.0572357,0.6822,2.43,25.8695,776.085,77.6085,42,0.925313,0.872477,0.952453,0.852184,0.931125,0.938791,0.918112,0.938791,0.918112,73.7281,73.7281,0.984263,0.992754,1.12536,0.969663,1.10016,1.17825,1.15229,1.17825,1.15229,1.01701,1.05076,1.12846
342,2,17,14,7.5e+20,0.0553168,0.0731778,0.602,1.903,32.8965,986.895,98.6895,54,0.961809,0.918763,0.96938,0.884884,0.934365,0.928008,0.895357,0.928008,0.895357,93.755,93.755,1.01445,1.05541,1.15661,1.01649,1.11483,1.32182,1.27531,1.32182,1.27531,1.02891,1.08827,1.15693
343,2,17,15,7.5e+20,0.0553168,0.0935603,0.5321,1.565,41.8041,1254.12,125.412,72,0.980774,0.945894,0.959958,0.890102,0.904135,0.892499,0.842685,0.892499,0.842685,119.142,119.142,1.07378,1.21219,0.96954,1.14069,0.91316,0.903999,0.853542,0.903999,0.853542,1.08029,1.23359,0.969542
344,2,18,1,7.5e+20,0.0820891,0.003,11.0574,14.551,4.59015,137.705,27,18,0.139686,0.0896716,0.14419,0.089515,0.144132,0.161328,0.161264,0.161328,0.161264,25.65,25.65,0.243034,0.205633,0.343793,0.205274,0.343654,0.33238,0.332247,0.33238,0.332247,0.415009,0.364686,0.337793
345,2,18,2,7.5e+20,0.0820891,0.0038356,8.1321,14.517,4.42435,132.73,27,18,0.157687,0.101178,0.159623,0.100974,0.159555,0.17791,0.177836,0.17791,0.177836,25.65,25.65,0.274869,0.233156,0.383338,0.232686,0.383176,0.367404,0.367252,0.367404,0.367252,0.464741,0.411436,0.374017
346,2,18,3,7.5e+20,0.0820891,0.00490394,6.0515,14.396,4.44973,133.492,27,18,0.176957,0.115819,0.17901,0.115561,0.178927,0.199184,0.199093,0.199184,0.199093,25.65,25.65,0.334364,0.292865,0.475939,0.292213,0.475719,0.456816,0.456608,0.456816,0.456608,0.558756,0.512391,0.465182
347,2,18,4,7.5e+20,0.0820891,0.00626986,4.6825,14.179,4.6785,140.354,27,18,0.188738,0.12577,0.191629,0.12548,0.191529,0.213682,0.213572,0.213682,0.213572,25.65,25.65,0.39021,0.352033,0.648294,0.35122,0.647954,0.627183,0.626859,0.627183,0.626859,0.644624,0.60914,0.637216
348,2,18,5,7.5e+20,0.0820891,0.00801622,3.6636,13.812,5.14608,154.383,27,18,0.194201,0.128432,0.193669,0.128119,0.19355,0.21658,0.21645,0.21658,0.21645,25.65,25.65,0.357883,0.315393,0.499985,0.314625,0.499679,0.478334,0.478047,0.478334,0.478047,0.584302,0.539942,0.487708
349,2,18,6,7.5e+20,0.0820891,0.010249,2.9177,13.245,5.87627,176.288,27,18,0.197742,0.12392,0.189874,0.123577,0.18973,0.2135,0.213341,0.2135,0.213341,25.65,25.65,0.413006,0.371186,0.608307,0.370156,0.607845,0.583015,0.582579,0.583015,0.582579,0.665741,0.630525,0.594255
350,2,18,7,7.5e+20,0.0820891,0.0131037,2.337,12.369,6.96131,208.84,27,18,0.302409,0.234043,0.316265,0.233386,0.315905,0.348786,0.348398,0.348786,0.348398,25.65,25.65,0.483555,0.4491,0.637029,0.447839,0.636304,0.744685,0.743857,0.744685,0.743857,0.745568,0.725671,0.747777
351,2,18,8,7.5e+20,0.0820891,0.0167535,1.8943,11.129,8.4495,253.485,27,18,0.332032,0.255468,0.324119,0.254634,0.323588,0.357699,0.357129,0.357699,0.357129,25.65,25.65,0.573011,0.539663,0.722181,0.5379,0.720999,0.821493,0.820185,0.821493,0.820185,0.852746,0.843605,0.819497
352,2,18,9,7.5e+20,0.0820891,0.02142,1.5531,9.523,10.4206,312.618,31.2617,24,0.448863,0.376317,0.496085,0.374875,0.494864,0.514491,0.513231,0.514491,0.513231,29.6986,29.6986,0.685168,0.651252,0.880628,0.648756,0.87846,0.893371,0.891182,0.893371,0.891182,0.947183,0.941877,0.903497
353,2,18,10,7.5e+20,0.0820891,0.0273861,1.2813,7.625,13.0534,391.602,39.1603,24,0.568765,0.501102,0.625987,0.498614,0.623555,0.685373,0.682743,0.685373,0.682743,37.2023,37.2023,0.858145,0.841531,0.91115,0.837353,0.907611,0.975726,0.971982,0.975726,0.971982,1.08978,1.11367,0.94543
354,2,18,11,7.5e+20,0.0820891,0.0350141,1.0825,5.828,16.286,488.58,48.858,30,0.691592,0.627092,0.770843,0.622797,0.766222,0.805032,0.800233,0.805032,0.800233,46.4151,46.4151,0.853761,0.827441,0.975517,0.821773,0.969669,1.02749,1.02137,1.02749,1.02137,0.994661,0.998077,0.986852
355,2,18,12,7.5e+20,0.0820891,0.0447667,0.9491,4.234,20.6657,619.97,61.997,36,0.806783,0.746663,0.864902,0.738993,0.856575,0.880149,0.871736,0.880149,0.871736,58.8971,58.8971,0.929476,0.915128,0.925701,0.905728,0.916788,1.004,0.994401,1.004,0.994401,1.00696,1.01784,0.93077
356,2,18,13,7.5e+20,0.0820891,0.0572357,0.8352,3.09,26.1863,785.588,78.5588,42,0.889303,0.835952,0.922862,0.822651,0.90859,0.919122,0.905071,0.919122,0.905071,74.6309,74.6309,0.971958,0.979209,1.06853,0.963629,1.05201,1.23115,1.21233,1.23115,1.21233,1.00928,1.03611,1.07172
357,2,18,14,7.5e+20,0.0820891,0.0731778,0.7346,2.313,33.3518,1000.55,100.055,54,0.941623,0.896636,0.956284,0.873904,0.932333,0.929051,0.906205,0.929051,0.906205,95.0525,95.0525,0.992091,0.99424,1.04757,0.969033,1.02133,1.13164,1.10382,1.13164,1.10382,1.00926,1.02529,1.04792
358,2,18,15,7.5e+20,0.0820891,0.0935603,0.6438,1.801,42.8935,1286.8,128.68,72,0.971994,0.936443,0.962097,0.89752,0.92231,0.913294,0.876626,0.913294,0.876626,122.246,122.246,1.00277,1.01101,1.0543,0.968987,1.0107,1.05116,1.00896,1.05116,1.00896,1.01022,1.02848,1.05431
359,2,18,16,7.5e+20,0.0820891,0.11962,0.5765,1.525,53.084,1592.52,159.252,90,0.984277,0.953682,0.952303,0.893183,0.89215,0.878059,0.825019,0.878059,0.825019,151.289,151.289,0.996051,0.989654,0.958563,0.926873,0.898015,0.888152,0.834502,0.888152,0.834502,0.999582,1.00037,0.958563
360,2,19,1,7.5e+20,0.121819,0.003,19.3425,19.517,7.514,225.421,27,18,0.156107,0.116658,0.183892,0.1165,0.183757,0.206059,0.205909,0.206059,0.205909,25.65,25.65,0.255749,0.227698,0.369684,0.227391,0.369412,0.431757,0.431445,0.431757,0.431445,0.428852,0.392586,0.426912
361,2,19,2,7.5e+20,0.121819,0.0038356,13.0717,19.742,6.80473,204.142,27,18,0.162728,0.1189,0.186654,0.118719,0.186532,0.208957,0.208823,0.208957,0.208823,25.65,25.65,0.249836,0.216765,0.366996,0.216434,0.366757,0.438035,0.437754,0.438035,0.437754,0.41706,0.373328,0.428435
362,2,19,3,7.5e+20,0.121819,0.00490394,9.3252,19.752,6.39008,191.703,27,18,0.156938,0.109185,0.171751,0.109003,0.171652,0.193293,0.193183,0.193293,0.193183,25.65,25.65,0.284078,0.255297,0.510468,0.254871,0.510173,0.52505,0.524751,0.52505,0.524751,0.472483,0.439204,0.533929
363,2,19,4,7.5e+20,0.121819,0.00626986,6.7982,19.542,6.26423,187.927,27,18,0.164978,0.115118,0.178402,0.114916,0.178299,0.200604,0.20049,0.200604,0.20049,25.65,25.65,0.309311,0.280314,0.473504,0.279823,0.47323,0.487531,0.487254,0.487531,0.487254,0.509912,0.478462,0.496265
364,2,19,5,7.5e+20,0.121819,0.00801622,5.1858,19.102,6.44342,193.302,27,18,0.177997,0.126448,0.19085,0.126216,0.190732,0.214237,0.214106,0.214237,0.214106,25.65,25.65,0.338696,0.311095,0.561224,0.310526,0.560877,0.576322,0.575972,0.576322,0.575972,0.5522,0.525432,0.586877
365,2,19,6,7.5e+20,0.121819,0.010249,4.0287,18.35,6.94181,208.254,27,18,0.232916,0.182538,0.256598,0.182199,0.2564,0.284442,0.284228,0.284442,0.284228,25.65,25.65,0.360109,0.324908,0.466919,0.324304,0.466559,0.544953,0.544542,0.544953,0.544542,0.571534,0.533131,0.549881
366,2,19,7,7.5e+20,0.121819,0.0131037,3.1818,17.19,7.80342,234.102,27,18,0.253031,0.199891,0.264962,0.199496,0.264708,0.293757,0.293483,0.293757,0.293483,25.65,25.65,0.536642,0.513878,0.640098,0.512862,0.639486,0.73026,0.729578,0.73026,0.729578,0.828011,0.819346,0.736779
367,2,19,8,7.5e+20,0.121819,0.0167535,2.5336,15.475,9.13146,273.944,27.3944,18,0.294797,0.236545,0.30477,0.236005,0.304373,0.338835,0.338408,0.338835,0.338408,26.0247,26.0247,0.492918,0.45798,0.60645,0.456936,0.605661,0.685213,0.684349,0.685213,0.684349,0.73156,0.703039,0.699908
368,2,19,9,7.5e+20,0.121819,0.02142,2.0458,13.223,10.9851,329.552,32.9552,24,0.387851,0.332664,0.452986,0.331775,0.45215,0.478634,0.477755,0.478634,0.477755,31.3075,31.3075,0.596569,0.561685,0.715852,0.560185,0.71453,0.77538,0.773956,0.77538,0.773956,0.825882,0.802378,0.735674
369,2,19,10,7.5e+20,0.121819,0.0273861,1.673,10.605,13.4672,404.017,40.4017,24,0.493687,0.438828,0.561001,0.437324,0.559435,0.618955,0.617249,0.618955,0.617249,38.3816,38.3816,1.00001,0.997363,0.796253,0.993945,0.79403,0.840824,0.838506,0.840824,0.838506,1.27667,1.3107,0.811858
370,2,19,11,7.5e+20,0.121819,0.0350141,1.3801,7.947,16.7717,503.152,50.3152,30,0.619785,0.564554,0.703663,0.561861,0.700645,0.739435,0.736279,0.739435,0.736279,47.7994,47.7994,0.790747,0.766437,0.912475,0.762781,0.908562,0.978552,0.974375,0.978552,0.974375,0.925456,0.919526,0.923763
371,2,19,12,7.5e+20,0.121819,0.0447667,1.1693,5.693,21.0785,632.354,63.2354,36,0.743462,0.688546,0.807669,0.68367,0.802214,0.826446,0.820894,0.826446,0.820894,60.0736,60.0736,0.887277,0.870258,0.964525,0.864095,0.958011,1.04391,1.0369,1.04391,1.0369,0.967085,0.967149,0.970078
372,2,19,13,7.5e+20,0.121819,0.0572357,1.0238,4.021,26.7183,801.549,80.1549,42,0.84349,0.791464,0.883675,0.782752,0.874087,0.886567,0.877029,0.886567,0.877029,76.1472,76.1472,0.96059,0.95452,0.996032,0.944013,0.985226,1.09675,1.08495,1.09675,1.08495,1.00166,1.00974,0.999235
373,2,19,14,7.5e+20,0.121819,0.0731778,0.8959,2.883,34.1098,1023.29,102.329,60,0.913752,0.867575,0.934213,0.852236,0.917715,0.91633,0.900348,0.91633,0.900348,97.2128,97.2128,1.02743,1.05395,1.08421,1.03531,1.06506,1.1895,1.16875,1.1895,1.16875,1.04765,1.08623,1.07685
374,2,19,15,7.5e+20,0.121819,0.0935603,0.793,2.203,42.8258,1284.77,128.477,72,0.954432,0.916095,0.953494,0.890724,0.926984,0.921275,0.896167,0.921275,0.896167,122.053,122.053,0.998866,1.00608,1.03397,0.97822,1.00522,1.10838,1.07817,1.10838,1.07817,1.00838,1.02399,1.03397
375,2,19,16,7.5e+20,0.121819,0.11962,0.7015,1.758,54.0218,1620.65,162.065,90,0.976764,0.945651,0.956952,0.904091,0.914667,0.903983,0.865292,0.903983,0.865292,153.962,153.962,0.996052,0.995524,0.962714,0.951773,0.920175,0.926608,0.886949,0.926608,0.886949,1.0005,1.00615,0.962714
376,2,19,17,7.5e+20,0.121819,0.152938,0.6148,1.457,69.5598,2086.8,208.68,120,0.987741,0.960316,0.940185,0.890296,0.871589,0.856486,0.797098,0.856486,0.797098,198.246,198.246,0.990645,0.972703,0.888117,0.90178,0.82332,0.765466,0.712389,0.765466,0.712389,0.992422,0.97859,0.888117
377,2,19,18,7.5e+20,0.121819,0.195537,0.5484,1.294,86.7955,2603.86,260.387,150,0.991649,0.961871,0.909494,0.852576,0.806609,0.781165,0.699409,0.781165,0.699409,247.367,247.367,0.988678,0.950111,0.811209,0.842153,0.719442,0.622549,0.557393,0.622549,0.557393,0.989409,0.953526,0.811209
378,2,20,1,7.5e+20,0.180777,0.003,32.7799,23.901,12.4372,373.116,37.3116,18,0.188169,0.158932,0.265006,0.158751,0.264639,0.334157,0.33371,0.334157,0.33371,35.446,35.446,0.301267,0.277383,0.456606,0.277067,0.455975,0.520274,0.519578,0.520274,0.519578,0.483543,0.45463,0.521814
379,2,20,2,7.5e+20,0.180777,0.0038356,23.0289,24.736,11.3193,339.579,33.9579,18,0.19609,0.164043,0.262443,0.163844,0.262114,0.319861,0.319472,0.319861,0.319472,32.26,32.26,0.307431,0.27666,0.4171,0.276323,0.416578,0.448834,0.448288,0.448834,0.448288,0.491019,0.451747,0.445397
380,2,20,3,7.5e+20,0.180777,0.00490394,15.4346,25.398,10.1225,303.674,30.3674,18,0.198279,0.163351,0.250905,0.163144,0.250639,0.294228,0.293924,0.294228,0.293924,28.849,28.849,0.315219,0.286961,0.451352,0.286596,0.450873,0.523273,0.522732,0.523273,0.522732,0.502185,0.467762,0.533736
381,2,20,4,7.5e+20,0.180777,0.00626986,10.62,25.603,9.26977,278.093,27.8093,18,0.192428,0.154037,0.224732,0.153836,0.224535,0.252602,0.252386,0.252602,0.252386,26.4188,26.4188,0.320763,0.288349,0.416357,0.287971,0.415992,0.473651,0.473246,0.473651,0.473246,0.510887,0.470225,0.456728
382,2,20,5,7.5e+20,0.180777,0.00801622,7.7917,25.337,8.89131,266.739,27,18,0.193462,0.153819,0.217689,0.153613,0.217514,0.243009,0.242818,0.243009,0.242818,25.65,25.65,0.349269,0.321063,0.4964,0.320632,0.496,0.56757,0.567123,0.56757,0.567123,0.552738,0.520307,0.571568
383,2,20,6,7.5e+20,0.180777,0.010249,5.7756,24.52,8.93281,267.984,27,18,0.203272,0.162185,0.22383,0.161958,0.223647,0.249565,0.249366,0.249565,0.249366,25.65,25.65,0.37787,0.344086,0.511661,0.343605,0.511242,0.552412,0.551971,0.552412,0.551971,0.589344,0.549558,0.561965
384,2,20,7,7.5e+20,0.180777,0.0131037,4.4314,23.104,9.43296,282.989,28.2989,18,0.23087,0.188852,0.253884,0.18857,0.253648,0.286199,0.285942,0.286199,0.285942,26.8839,26.8839,0.394302,0.359182,0.468372,0.358646,0.467938,0.541053,0.540567,0.541053,0.540567,0.599428,0.55907,0.508193
385,2,20,8,7.5e+20,0.180777,0.0167535,3.4769,20.992,10.4182,312.547,31.2547,18,0.283777,0.242343,0.31214,0.241947,0.311777,0.362261,0.361857,0.362261,0.361857,29.692,29.692,0.436339,0.406409,0.569898,0.405745,0.569235,0.655417,0.654686,0.655417,0.654686,0.634347,0.604299,0.641944
386,2,20,9,7.5e+20,0.180777,0.02142,2.7556,18.062,12.0132,360.395,36.0396,24,0.338198,0.296322,0.407152,0.295749,0.40655,0.44183,0.441182,0.44183,0.441182,34.2376,34.2376,0.561946,0.537189,0.717576,0.536151,0.716516,0.769664,0.768534,0.769664,0.768534,0.774468,0.756978,0.738774
387,2,20,10,7.5e+20,0.180777,0.0273861,2.2197,14.588,14.282,428.46,42.846,24,0.432838,0.389874,0.500454,0.388929,0.499394,0.56079,0.559619,0.56079,0.559619,40.7037,40.7037,0.751442,0.728916,0.790769,0.727149,0.789095,0.79294,0.791284,0.79294,0.791284,0.957119,0.947333,0.799152
388,2,20,11,7.5e+20,0.180777,0.0350141,1.8062,10.969,17.4211,522.633,52.2633,30,0.54572,0.499849,0.63357,0.498189,0.631601,0.668943,0.666872,0.668943,0.666872,49.6502,49.6502,0.74679,0.721806,0.954922,0.71941,0.951954,0.969805,0.966803,0.969805,0.966803,0.877428,0.863161,0.967478
389,2,20,12,7.5e+20,0.180777,0.0447667,1.4867,7.812,21.6063,648.19,64.819,36,0.670433,0.622017,0.744979,0.618989,0.741416,0.766136,0.762487,0.766136,0.762487,61.5781,61.5781,0.872327,0.856001,1.03636,0.851834,1.0314,1.04467,1.03969,1.04467,1.03969,0.95587,0.951351,1.04317
390,2,20,13,7.5e+20,0.180777,0.0572357,1.2666,5.404,27.2241,816.722,81.6722,48,0.784366,0.735292,0.843902,0.729739,0.837502,0.842257,0.835903,0.842257,0.835903,77.5886,77.5886,0.989616,0.990068,1.09248,0.982591,1.08419,1.11506,1.10665,1.11506,1.10665,1.03605,1.04774,1.04484
391,2,20,14,7.5e+20,0.180777,0.0731778,1.112,3.825,34.1875,1025.62,102.562,60,0.869256,0.822741,0.900402,0.813045,0.889647,0.889332,0.878798,0.889332,0.878798,97.4343,97.4343,1.02496,1.04488,1.16946,1.03257,1.15549,1.26021,1.24528,1.26021,1.24528,1.04937,1.07895,1.11815
392,2,20,15,7.5e+20,0.180777,0.0935603,0.9759,2.772,43.2553,1297.66,129.766,72,0.928706,0.888156,0.935586,0.871469,0.917695,0.913836,0.896601,0.913836,0.896601,123.278,123.278,1.00443,1.01768,1.06872,0.998559,1.04828,1.19399,1.17147,1.19399,1.17147,1.01617,1.03653,1.06872
393,2,20,16,7.5e+20,0.180777,0.11962,0.8564,2.095,55.0355,1651.07,165.106,96,0.963468,0.92967,0.949876,0.901348,0.92049,0.914968,0.88727,0.914968,0.88727,156.851,156.851,1.00239,1.01204,1.0501,0.981206,1.01762,1.05319,1.02131,1.05319,1.02131,1.00786,1.02281,1.04418
394,2,20,17,7.5e+20,0.180777,0.152938,0.7512,1.668,70.4031,2112.09,211.209,120,0.981728,0.953903,0.949883,0.90623,0.90189,0.891174,0.847725,0.891174,0.847725,200.649,200.649,0.99894,1.00375,1.0337,0.953584,0.981471,0.941688,0.895777,0.941688,0.895777,1.00129,1.00986,1.0337
395,2,20,18,7.5e+20,0.180777,0.195537,0.6651,1.419,88.7626,2662.88,266.288,150,0.989283,0.963112,0.934495,0.886457,0.859664,0.840586,0.77697,0.840586,0.77697,252.973,252.973,0.999134,1.00276,0.973803,0.922948,0.895825,0.811282,0.749884,0.811282,0.749884,1.00014,1.0064,0.973803
396,2,20,19,7.5e+20,0.180777,0.25,0.5906,1.265,111.556,3346.67,334.667,192,0.992432,0.962319,0.896988,0.841039,0.784166,0.754633,0.66754,0.754633,0.66754,317.934,317.934,1.00065,1.0103,0.851781,0.882971,0.744646,0.635392,0.562061,0.635392,0.562061,1.00105,1.01246,0.851781
397,2,21,1,7.5e+20,0.26827,0.003,58.9766,26.002,20.2268,606.803,60.6803,18,0.209526,0.185301,0.34607,0.185113,0.345206,0.454909,0.453785,0.465108,0.463959,36,54,0.307387,0.286996,0.502153,0.286703,0.5009,0.504198,0.502951,0.533427,0.532109,0.471252,0.447285,0.57227
398,2,21,2,7.5e+20,0.26827,0.0038356,36.7731,27.955,18.3803,551.41,55.141,18,0.226508,0.200918,0.348149,0.200698,0.347317,0.45267,0.451672,0.461311,0.460295,36,52.384,0.33325,0.311001,0.537334,0.31066,0.53605,0.630039,0.628648,0.643644,0.642226,0.50335,0.477776,0.60484
399,2,21,3,7.5e+20,0.26827,0.00490394,25.1624,29.371,16.5827,497.479,49.748,18,0.229964,0.204129,0.336904,0.203903,0.336226,0.435958,0.435144,0.442761,0.441934,36,47.2606,0.332771,0.31009,0.510848,0.309747,0.50982,0.548209,0.547184,0.57952,0.578438,0.499736,0.473573,0.549238
400,2,21,4,7.5e+20,0.26827,0.00626986,18.7403,30.218,15.2053,456.158,45.6158,18,0.229324,0.20339,0.320756,0.203166,0.320222,0.413082,0.412435,0.417883,0.41723,36,43.335,0.341994,0.319945,0.507204,0.319593,0.506361,0.609327,0.608374,0.602439,0.601497,0.512909,0.4879,0.554848
401,2,21,5,7.5e+20,0.26827,0.00801622,12.4784,30.796,13.5967,407.902,40.7902,18,0.228604,0.202235,0.307923,0.202014,0.307504,0.392039,0.391533,0.393716,0.393208,36,38.7507,0.487832,0.466494,0.480153,0.465984,0.479499,0.494175,0.493537,0.494147,0.49351,0.727335,0.706915,0.512409
402,2,21,6,7.5e+20,0.26827,0.010249,8.7541,30.45,12.6948,380.845,38.0844,18,0.232497,0.205215,0.295809,0.204987,0.295464,0.372097,0.371684,0.372318,0.371905,36,36.1802,0.380145,0.358848,0.505228,0.358449,0.504639,0.617295,0.61661,0.616909,0.616224,0.561793,0.538909,0.564711
403,2,21,7,7.5e+20,0.26827,0.0131037,6.4956,29.214,12.4735,374.204,37.4204,18,0.245234,0.216737,0.299419,0.216485,0.299082,0.373237,0.372838,0.373237,0.372838,35.5494,35.5494,0.419691,0.39838,0.533251,0.397917,0.532651,0.65105,0.650355,0.65105,0.650355,0.608758,0.587077,0.603365
404,2,21,8,7.5e+20,0.26827,0.0167535,4.8633,26.811,12.9172,387.517,38.7517,24,0.274646,0.245095,0.371345,0.244783,0.370911,0.410513,0.410038,0.410513,0.410038,36.8141,36.8141,0.415703,0.390487,0.565344,0.38999,0.564685,0.623625,0.622903,0.623625,0.622903,0.581898,0.55508,0.582752
405,2,21,9,7.5e+20,0.26827,0.02142,3.7886,23.508,14.0209,420.627,42.0627,24,0.322653,0.291521,0.415121,0.291095,0.414549,0.464429,0.463797,0.464429,0.463797,39.9595,39.9595,0.476869,0.450983,0.680976,0.450324,0.680038,0.678049,0.677125,0.678049,0.677125,0.635773,0.610178,0.706368
406,2,21,10,7.5e+20,0.26827,0.0273861,2.9996,19.361,15.8894,476.682,47.6682,24,0.386316,0.352436,0.467815,0.351802,0.466982,0.53333,0.5324,0.53333,0.5324,45.2847,45.2847,0.548484,0.524649,0.69097,0.523706,0.689739,0.758194,0.756871,0.758194,0.756871,0.68791,0.667182,0.718056
407,2,21,11,7.5e+20,0.26827,0.0350141,2.402,14.828,18.7033,561.099,56.1099,30,0.480669,0.442914,0.578749,0.441852,0.577346,0.615563,0.614079,0.615563,0.614079,53.3044,53.3044,0.685097,0.661332,0.789142,0.659746,0.78723,0.831891,0.829885,0.831891,0.829885,0.801013,0.782779,0.801921
408,2,21,12,7.5e+20,0.26827,0.0447667,1.9401,10.595,22.7359,682.076,68.2077,36,0.598506,0.556613,0.685883,0.554685,0.683432,0.709148,0.706624,0.709148,0.706624,64.7973,64.7973,0.880775,0.867345,0.90171,0.864341,0.898488,0.956266,0.952863,0.956266,0.952863,0.965603,0.960526,0.909198
409,2,21,13,7.5e+20,0.26827,0.0572357,1.6025,7.426,27.8969,836.907,83.6908,48,0.713061,0.668344,0.787687,0.664882,0.783453,0.788758,0.784535,0.788758,0.784535,79.5062,79.5062,1.48009,1.552,0.964905,1.54396,0.959719,1.01757,1.01212,1.01757,1.01212,1.55725,1.64631,0.96542
410,2,21,14,7.5e+20,0.26827,0.0731778,1.3775,5.091,35.0337,1051.01,105.101,60,0.818074,0.773405,0.860013,0.767101,0.852729,0.852915,0.845734,0.852915,0.845734,99.8459,99.8459,3.01452,3.50871,1.03132,3.48012,1.02259,1.10513,1.09583,1.10513,1.09583,3.09445,3.62544,1.03136
411,2,21,15,7.5e+20,0.26827,0.0935603,1.2051,3.587,44.0327,1320.98,132.098,72,0.892986,0.851406,0.908948,0.840449,0.896792,0.894057,0.882216,0.894057,0.882216,125.493,125.493,1.03064,1.04766,1.00607,1.03418,0.992616,1.09812,1.08358,1.09812,1.08358,1.04473,1.0677,1.00608
412,2,21,16,7.5e+20,0.26827,0.11962,1.0563,2.615,55.6176,1668.53,166.853,96,0.941698,0.90525,0.936857,0.886557,0.916889,0.912817,0.893653,0.912817,0.893653,158.51,158.51,0.999659,1.00223,0.989026,0.981539,0.967946,1.00775,0.986591,1.00775,0.986591,1.0065,1.01347,0.989899
413,2,21,17,7.5e+20,0.26827,0.152938,0.9253,1.993,70.7627,2122.88,212.288,120,0.970449,0.94029,0.949175,0.908674,0.916475,0.908951,0.878398,0.908951,0.878398,201.674,201.674,0.999084,1.00611,0.999743,0.972283,0.965301,1.01819,0.983962,1.01819,0.983962,1.00213,1.01241,0.999743
414,2,21,18,7.5e+20,0.26827,0.195537,0.8164,1.62,89.314,2679.42,267.942,150,0.983913,0.957568,0.946409,0.906036,0.894546,0.88179,0.835312,0.88179,0.835312,254.545,254.545,0.995195,0.99388,0.998439,0.940393,0.943725,0.927469,0.878584,0.927469,0.878584,0.996633,0.997777,0.998439
415,2,21,19,7.5e+20,0.26827,0.25,0.7198,1.384,113.282,3398.47,339.847,192,0.990406,0.96475,0.926462,0.880872,0.845057,0.824167,0.756078,0.824167,0.756078,322.854,322.854,0.995591,0.98974,0.992737,0.903689,0.905509,0.810134,0.743204,0.810134,0.743204,0.996197,0.992066,0.992737
416,2,22,2,7.5e+20,0.398107,0.0038356,57.7854,29.56,28.9942,869.825,86.9825,18,0.241162,0.217408,0.400783,0.217181,0.399745,0.538685,0.53664,0.560166,0.558051,36,54,0.477266,0.460369,0.615001,0.459889,0.613409,0.682165,0.679575,0.681154,0.678582,0.699014,0.684223,0.715361
417,2,22,3,7.5e+20,0.398107,0.00490394,46.3358,30.694,27.7431,832.293,83.2293,18,0.245299,0.221625,0.398162,0.221394,0.397153,0.531371,0.529502,0.550666,0.548736,36,54,0.46986,0.452579,0.589782,0.452106,0.588288,0.674502,0.672129,0.690544,0.688123,0.682733,0.667108,0.693877
418,2,22,4,7.5e+20,0.398107,0.00626986,30.4094,32.607,24.9072,747.216,74.7216,24,0.248488,0.22545,0.445276,0.22522,0.443956,0.524206,0.522698,0.524858,0.523351,48,70.9855,0.444246,0.428279,0.645261,0.427841,0.643349,0.646019,0.64416,0.71891,0.716846,0.637366,0.622758,0.674934
419,2,22,5,7.5e+20,0.398107,0.00801622,21.3593,33.754,22.4156,672.469,67.2468,24,0.249808,0.227336,0.427694,0.227109,0.426648,0.499861,0.498688,0.500665,0.499493,48,63.8845,0.418554,0.400144,0.642935,0.399745,0.641363,0.669366,0.667796,0.667657,0.666093,0.594102,0.575192,0.671821
420,2,22,6,7.5e+20,0.398107,0.010249,14.1525,34.266,19.8421,595.262,59.5262,24,0.253361,0.23117,0.408565,0.230942,0.407793,0.47389,0.473019,0.474485,0.473614,48,56.5499,0.400117,0.379618,0.592064,0.379244,0.590946,0.581395,0.580326,0.602612,0.601505,0.559293,0.536965,0.617532
421,2,22,7,7.5e+20,0.398107,0.0131037,10.0005,33.659,18.2675,548.024,54.8024,24,0.263268,0.240832,0.397883,0.240589,0.397255,0.459192,0.458482,0.459472,0.458761,48,52.0623,0.408564,0.389665,0.609223,0.389273,0.60826,0.669602,0.668566,0.66205,0.661026,0.560591,0.540738,0.63494
422,2,22,8,7.5e+20,0.398107,0.0167535,7.2088,31.748,17.5478,526.434,52.6434,24,0.282951,0.259624,0.400095,0.259346,0.399512,0.460682,0.460025,0.460806,0.460148,48,50.0113,0.434573,0.41377,0.638158,0.413327,0.637228,0.666558,0.665607,0.663546,0.662599,0.58015,0.558392,0.703228
423,2,22,9,7.5e+20,0.398107,0.02142,5.419,28.595,17.7647,532.94,53.2941,24,0.313975,0.289051,0.417111,0.288705,0.416485,0.480948,0.480243,0.481132,0.480428,48,50.6294,0.482919,0.461625,0.655471,0.461073,0.654487,0.7034,0.70237,0.698319,0.697296,0.621184,0.59996,0.699365
424,2,22,10,7.5e+20,0.398107,0.0273861,4.1644,24.246,18.9308,567.926,56.7925,30,0.36228,0.334786,0.489633,0.334309,0.488816,0.521119,0.520254,0.521119,0.520254,53.9529,53.9529,0.553983,0.532457,0.636819,0.531699,0.635757,0.674403,0.673282,0.674403,0.673282,0.678771,0.65874,0.645883
425,2,22,11,7.5e+20,0.398107,0.0350141,3.2682,19.23,21.1383,634.149,63.4149,30,0.434796,0.40381,0.539226,0.403076,0.538103,0.579071,0.577874,0.579064,0.577867,60,60.2442,0.678482,0.656241,0.795239,0.655048,0.793582,0.794425,0.792783,0.79433,0.792688,0.786637,0.767534,0.847552
426,2,22,12,7.5e+20,0.398107,0.0447667,2.5982,14.21,24.625,738.752,73.8751,36,0.532632,0.497311,0.632216,0.496061,0.630428,0.657827,0.655975,0.657827,0.655975,70.1814,70.1814,2.13483,2.2159,0.884848,2.21033,0.882345,0.866854,0.864413,0.866854,0.864413,2.34598,2.45341,0.894964
427,2,22,13,7.5e+20,0.398107,0.0572357,2.1082,10.077,29.4557,883.671,88.3671,48,0.643036,0.60369,0.7318,0.601477,0.72885,0.734895,0.731942,0.734895,0.731942,83.9487,83.9487,0.773918,0.746758,0.948361,0.744019,0.944538,0.996875,0.992868,0.996875,0.992868,0.817338,0.79357,0.949104
428,2,22,14,7.5e+20,0.398107,0.0731778,1.7308,6.95,36.0632,1081.9,108.189,60,0.754131,0.712692,0.811059,0.708699,0.806158,0.806762,0.80191,0.806762,0.80191,102.78,102.78,0.916341,0.899511,1.0212,0.894471,1.01503,1.08798,1.08143,1.08798,1.08143,0.943935,0.931339,1.02125
429,2,22,15,7.5e+20,0.398107,0.0935603,1.4986,4.747,45.2301,1356.9,135.69,72,0.847312,0.806401,0.874893,0.79923,0.866569,0.864719,0.85655,0.864719,0.85655,128.906,128.906,0.985975,0.983178,1.06907,0.974434,1.0589,1.08601,1.07576,1.08601,1.07576,1.00162,1.00306,1.06908
430,2,22,16,7.5e+20,0.398107,0.11962,1.3054,3.341,56.9312,1707.94,170.794,96,0.91165,0.873631,0.916265,0.861182,0.902466,0.899035,0.885643,0.899035,0.885643,162.254,162.254,1.01673,1.02654,0.99738,1.01192,0.98236,0.984607,0.96994,0.984607,0.96994,1.025,1.03856,0.99738
431,2,22,17,7.5e+20,0.398107,0.152938,1.14,2.447,72.0436,2161.31,216.131,120,0.953574,0.921157,0.940318,0.899908,0.917664,0.911806,0.890219,0.911806,0.890219,205.324,205.324,1.00307,1.00131,0.95836,0.97821,0.935271,0.877785,0.857003,0.877785,0.857003,1.007,1.00804,0.95836
432,2,22,18,7.5e+20,0.398107,0.195537,1.0013,1.901,90.9082,2727.24,272.724,156,0.975469,0.947902,0.946555,0.912777,0.910304,0.902473,0.868836,0.902473,0.868836,259.088,259.088,0.997999,1.00337,0.979865,0.966186,0.942338,0.979073,0.94258,0.979073,0.94258,0.999693,1.00704,0.979865
433,2,22,19,7.5e+20,0.398107,0.25,0.8765,1.548,116.083,3482.49,348.249,198,0.986713,0.962085,0.93945,0.903475,0.880916,0.867285,0.815568,0.867285,0.815568,330.836,330.836,0.989618,0.97569,0.961626,0.916252,0.90171,0.870779,0.818853,0.870779,0.818853,0.990288,0.97764,0.961626
434,2,23,4,7.5e+20,0.590784,0.00626986,55.8098,33.097,41.1059,1233.18,123.318,24,0.257114,0.234868,0.490547,0.234633,0.488956,0.614543,0.611294,0.623338,0.620053,48,72,0.817828,0.81139,0.786016,0.81058,0.783466,0.852728,0.84822,0.831094,0.826715,1.15954,1.165,0.848656
435,2,23,5,7.5e+20,0.590784,0.00801622,38.28,34.868,37.6388,1129.16,112.917,24,0.259974,0.238583,0.478136,0.238353,0.476702,0.592269,0.589638,0.597504,0.594853,48,72,0.979115,0.978567,0.792917,0.977624,0.790539,0.845412,0.841656,0.848856,0.845089,1.367,1.38207,0.860358
436,2,23,6,7.5e+20,0.590784,0.010249,24.867,36.056,33.1979,995.938,99.5938,24,0.265236,0.244598,0.463357,0.244369,0.462106,0.563394,0.561449,0.566245,0.564293,48,72,1.24466,1.24989,0.778393,1.24872,0.776292,0.811853,0.809051,0.850917,0.847982,1.70087,1.7258,0.851043
437,2,23,7,7.5e+20,0.590784,0.0131037,17.4335,36.139,29.7226,891.678,89.1678,24,0.273073,0.252659,0.45247,0.252423,0.451357,0.541848,0.540353,0.543939,0.542439,48,72,1.36247,1.37215,0.764129,1.37087,0.76225,0.783311,0.781149,0.790314,0.788135,1.82123,1.85168,0.822893
438,2,23,8,7.5e+20,0.590784,0.0167535,11.3783,34.801,26.4017,792.05,79.205,24,0.290791,0.270039,0.444282,0.269776,0.443306,0.525488,0.524339,0.527309,0.526157,48,72,1.40958,1.4188,0.721956,1.41742,0.720369,0.741527,0.739905,0.74714,0.745508,1.82177,1.84952,0.749386
439,2,23,9,7.5e+20,0.590784,0.02142,8.1679,32.242,24.8756,746.269,74.6268,30,0.315445,0.293726,0.485932,0.293416,0.484974,0.526567,0.525543,0.526413,0.52539,60,70.8955,1.36721,1.37491,0.735024,1.37346,0.733575,0.696942,0.695587,0.683476,0.682149,1.70783,1.73113,0.752934
440,2,23,10,7.5e+20,0.590784,0.0273861,5.9971,28.255,24.648,739.44,73.944,30,0.353943,0.330393,0.49949,0.329992,0.498524,0.542175,0.541143,0.542056,0.541025,60,70.2468,1.80927,1.83487,0.797924,1.83265,0.79638,0.757665,0.756222,0.753077,0.751644,2.1696,2.21639,0.819625
441,2,23,11,7.5e+20,0.590784,0.0350141,4.6005,23.514,25.7208,771.624,77.1623,36,0.406185,0.379922,0.551694,0.379363,0.550546,0.574977,0.573786,0.574885,0.573693,72,73.3042,0.513923,0.486987,0.827509,0.48627,0.825786,0.821252,0.81955,0.818129,0.816433,0.590563,0.563326,0.83676
442,2,23,12,7.5e+20,0.590784,0.0447667,3.5605,18.131,28.3083,849.251,84.925,42,0.483294,0.453205,0.617824,0.452326,0.61627,0.628752,0.627175,0.628752,0.627175,80.6788,80.6788,0.625948,0.604476,0.80324,0.603304,0.801221,0.878735,0.876531,0.878735,0.876531,0.688129,0.668395,0.806268
443,2,23,13,7.5e+20,0.590784,0.0572357,2.8199,13.215,32.5173,975.519,97.5519,48,0.584728,0.550758,0.689213,0.549258,0.686927,0.694534,0.692237,0.694534,0.692237,92.6743,92.6743,0.801957,0.7769,0.965026,0.774784,0.961825,0.978792,0.975554,0.978792,0.975554,0.850199,0.827715,0.966848
444,2,23,14,7.5e+20,0.590784,0.0731778,2.278,9.289,38.5565,1156.69,115.669,60,0.691927,0.654724,0.766629,0.652093,0.763055,0.764231,0.76068,0.764231,0.76068,109.886,109.886,1.06968,1.06586,0.922008,1.06157,0.917709,0.832899,0.829029,0.832899,0.829029,1.10632,1.10696,0.922137
445,2,23,15,7.5e+20,0.590784,0.0935603,1.8844,6.371,47.0857,1412.57,141.257,78,0.791308,0.752366,0.83532,0.7477,0.829514,0.828219,0.822491,0.828219,0.822491,134.194,134.194,1.71581,1.84731,1.10456,1.83585,1.09689,1.0701,1.0627,1.0701,1.0627,1.74762,1.88812,1.10801
446,2,23,16,7.5e+20,0.590784,0.11962,1.6329,4.407,58.5147,1755.44,175.544,96,0.870321,0.832049,0.88795,0.823902,0.878423,0.875624,0.866303,0.875624,0.866303,166.767,166.767,1.59727,1.78037,1.0333,1.76294,1.02221,1.05041,1.03923,1.05041,1.03923,1.6127,1.80274,1.0333
447,2,23,17,7.5e+20,0.590784,0.152938,1.4166,3.113,73.6308,2208.92,220.893,120,0.926978,0.892145,0.923455,0.878055,0.907773,0.903194,0.888045,0.903194,0.888045,209.848,209.848,1.01463,1.02304,0.972553,1.00688,0.956037,0.929538,0.913948,0.929538,0.913948,1.01946,1.03027,0.972553
448,2,23,18,7.5e+20,0.590784,0.195537,1.2391,2.322,92.3977,2771.93,277.193,156,0.960822,0.930867,0.940897,0.907356,0.915776,0.909779,0.885949,0.909779,0.885949,263.333,263.333,1.00666,1.02022,0.997971,0.994451,0.971326,1.01431,0.987744,1.01431,0.987744,1.0087,1.02391,0.997971
449,2,23,19,7.5e+20,0.590784,0.25,1.0871,1.824,116.329,3489.86,348.986,198,0.979174,0.953569,0.944794,0.914904,0.904875,0.895687,0.858963,0.895687,0.858963,331.537,331.537,0.991078,0.986117,0.964862,0.946133,0.924096,0.935408,0.897056,0.935408,0.897056,0.991953,0.988094,0.964862
450,2,24,5,7.5e+20,0.876712,0.00801622,55.5803,35.981,58.2683,1748.05,174.805,24,0.267244,0.246685,0.493231,0.246454,0.491793,0.643337,0.639282,0.673831,0.668996,48,72,0.978378,0.978148,0.87285,0.977234,0.870305,0.958233,0.952193,0.938967,0.93223,1.34822,1.36236,0.916485
451,2,24,6,7.5e+20,0.876712,0.010249,39.8034,37.027,53.771,1613.13,161.313,24,0.272137,0.252226,0.4834,0.251996,0.482096,0.626099,0.622487,0.65004,0.646071,48,72,1.51473,1.52947,0.945172,1.52807,0.942622,1.01762,1.01174,0.984633,0.978621,2.04672,2.0867,0.98117
452,2,24,7,7.5e+20,0.876712,0.0131037,28.4243,37.291,48.7754,1463.26,146.326,24,0.281069,0.26151,0.476082,0.261273,0.474893,0.609826,0.606728,0.62725,0.624098,48,72,1.90689,1.93173,1.10571,1.92998,1.10294,1.0983,1.09272,1.06157,1.05624,2.51681,2.57199,1.12313
453,2,24,8,7.5e+20,0.876712,0.0167535,20.0722,36.644,43.7025,1311.07,131.108,24,0.294548,0.274974,0.471223,0.27472,0.470131,0.595304,0.592885,0.606831,0.60438,48,72,0.51866,0.504462,1.06624,0.503995,1.06376,1.05604,1.05174,1.02477,1.02063,0.665739,0.652653,1.09198
454,2,24,9,7.5e+20,0.876712,0.02142,13.2569,34.49,38.5517,1156.55,115.655,30,0.318522,0.298357,0.520964,0.298063,0.51956,0.58906,0.587211,0.588744,0.586898,60,90,0.548613,0.531051,0.954493,0.530527,0.951921,0.907779,0.904929,0.852957,0.850282,0.677761,0.660671,0.995877
455,2,24,10,7.5e+20,0.876712,0.0273861,9.2574,31.143,35.513,1065.39,106.539,30,0.350399,0.328994,0.522519,0.328633,0.521206,0.585289,0.583728,0.584966,0.583408,60,90,0.592674,0.578691,0.880714,0.578055,0.878501,0.892346,0.889968,0.914817,0.912381,0.704481,0.692167,0.935855
456,2,24,11,7.5e+20,0.876712,0.0350141,6.7002,26.699,34.432,1032.96,103.296,36,0.397066,0.373729,0.560217,0.373247,0.558767,0.598244,0.596744,0.596992,0.595496,72,98.1311,0.670237,0.655778,0.85992,0.654932,0.857695,0.852431,0.850293,0.910664,0.908383,0.765621,0.753258,0.881862
457,2,24,12,7.5e+20,0.876712,0.0447667,5.0368,21.666,35.2921,1058.76,105.876,42,0.458588,0.432466,0.607648,0.43177,0.606037,0.627422,0.62577,0.626409,0.624762,84,100.582,0.894356,0.888289,0.848477,0.886861,0.846228,0.857987,0.855728,0.903538,0.901162,0.983753,0.98182,0.858922
458,2,24,13,7.5e+20,0.876712,0.0572357,3.8825,16.55,38.1502,1144.5,114.45,48,0.540125,0.510603,0.662999,0.509511,0.660957,0.674149,0.672079,0.67321,0.671145,96,108.728,0.567233,0.529109,0.885892,0.527978,0.883164,0.785181,0.78277,0.759573,0.757243,0.603846,0.565608,0.876585
459,2,24,14,7.5e+20,0.876712,0.0731778,3.0733,12.087,43.0858,1292.57,129.257,60,0.632918,0.599789,0.731528,0.597987,0.728658,0.731129,0.728269,0.730895,0.728036,120,122.795,0.698562,0.667146,0.954151,0.665142,0.950408,0.894527,0.891028,0.892086,0.888597,0.725242,0.695026,0.954779
460,2,24,15,7.5e+20,0.876712,0.0935603,2.476,8.526,50.4711,1514.13,151.413,78,0.730031,0.694098,0.796208,0.691025,0.791923,0.790805,0.786566,0.790805,0.786566,143.843,143.843,0.845752,0.826382,0.988429,0.822722,0.983109,0.968651,0.963459,0.968651,0.963459,0.863906,0.846544,0.988434
461,2,24,16,7.5e+20,0.876712,0.11962,2.0632,5.85,61.4117,1842.35,184.235,96,0.821082,0.784046,0.855446,0.778653,0.848631,0.846134,0.839434,0.846134,0.839434,175.023,175.023,0.946876,0.939496,1.09775,0.933034,1.089,1.07836,1.06983,1.07836,1.06983,0.957627,0.952411,1.09775
462,2,24,17,7.5e+20,0.876712,0.152938,1.7825,4.081,75.8802,2276.41,227.641,120,0.890318,0.854515,0.899607,0.845262,0.88867,0.884894,0.874233,0.884894,0.874233,216.259,216.259,1.10464,1.14374,0.987803,1.13135,0.975793,0.974677,0.962933,0.974677,0.962933,1.1112,1.15277,0.987803
463,2,24,18,7.5e+20,0.876712,0.195537,1.5416,2.911,95.1512,2854.54,285.454,156,0.938322,0.905768,0.92847,0.889944,0.910736,0.905693,0.888634,0.905693,0.888634,271.181,271.181,1.00269,1.00268,0.942341,0.985163,0.924341,0.867175,0.850841,0.867175,0.850841,1.00548,1.00697,0.942341
464,2,24,19,7.5e+20,0.876712,0.25,1.3453,2.195,119.139,3574.18,357.418,198,0.966548,0.938243,0.942303,0.912024,0.914108,0.906745,0.880195,0.906745,0.880195,339.547,339.547,0.990724,0.988634,0.970793,0.961007,0.941746,0.956171,0.928174,0.956171,0.928174,0.99188,0.990783,0.970793
465,2,25,7,7.5e+20,1.30103,0.0131037,46.6656,37.922,79.0023,2370.07,237.007,24,0.285746,0.266641,0.486738,0.266404,0.485534,0.64502,0.641415,0.697501,0.691587,48,72,1.55153,1.56647,1.01304,1.56507,1.01054,1.02817,1.02243,1.05929,1.05031,2.03903,2.07613,1.03094
466,2,25,8,7.5e+20,1.30103,0.0167535,33.1698,37.426,71.9163,2157.49,215.749,24,0.299837,0.280822,0.482092,0.280567,0.480984,0.635225,0.631973,0.680315,0.675268,48,72,2.49942,2.54052,1.30195,2.53822,1.29896,1.20348,1.19731,1.18621,1.17741,3.18919,3.26612,1.27281
467,2,25,9,7.5e+20,1.30103,0.02142,22.2104,35.639,63.4132,1902.4,190.24,30,0.322506,0.303118,0.536857,0.302829,0.53538,0.651055,0.64738,0.664369,0.660568,60,90,0.834443,0.830526,1.19731,0.829734,1.19402,1.17553,1.16889,1.13666,1.13016,1.02565,1.02758,1.19773
468,2,25,10,7.5e+20,1.30103,0.0273861,15.4234,32.94,56.5004,1695.01,169.501,30,0.35125,0.331079,0.537166,0.330736,0.535784,0.642223,0.639291,0.649749,0.646797,60,90,1.57917,1.59815,1.23288,1.59649,1.22971,1.1683,1.16297,1.14242,1.13723,1.87309,1.90664,1.23153
469,2,25,11,7.5e+20,1.30103,0.0350141,10.6281,29.073,51.1423,1534.27,153.427,36,0.391348,0.369774,0.575606,0.369337,0.573962,0.644064,0.641668,0.643169,0.640779,72,108,0.446829,0.427619,1.09067,0.427114,1.08756,1.03899,1.03512,1.01996,1.01617,0.510231,0.490766,1.11139
470,2,25,12,7.5e+20,1.30103,0.0447667,7.5288,24.397,48.4759,1454.28,145.428,42,0.444625,0.420967,0.614596,0.420369,0.61265,0.653416,0.651231,0.651261,0.649087,84,126,0.521786,0.501044,0.950871,0.500333,0.94786,0.91985,0.916774,0.892513,0.889533,0.574601,0.554152,0.98599
471,2,25,13,7.5e+20,1.30103,0.0572357,5.599,19.601,48.6543,1459.63,145.963,54,0.508924,0.482562,0.665377,0.481699,0.663121,0.677286,0.675005,0.675384,0.673114,108,138.665,0.635213,0.615421,0.982998,0.61432,0.979666,0.938367,0.935207,0.923728,0.920623,0.678528,0.659805,0.99142
472,2,25,14,7.5e+20,1.30103,0.0731778,4.2616,14.864,51.6512,1549.54,154.954,60,0.589557,0.559957,0.711399,0.558612,0.70869,0.71789,0.715165,0.716024,0.71331,120,147.206,0.869838,0.862152,0.964445,0.860082,0.960772,0.930873,0.927339,0.925987,0.922478,0.906461,0.901192,0.958032
473,2,25,15,7.5e+20,1.30103,0.0935603,3.3549,10.892,57.4311,1722.93,172.293,78,0.677167,0.6445,0.769319,0.642329,0.765708,0.765402,0.761819,0.764781,0.761204,156,163.679,0.740183,0.718245,0.99006,0.715825,0.985412,0.979188,0.974605,0.982178,0.977584,0.758391,0.737753,0.99015
474,2,25,16,7.5e+20,1.30103,0.11962,2.6937,7.744,66.4239,1992.72,199.272,96,0.766001,0.731213,0.822824,0.727597,0.817657,0.815347,0.810251,0.815347,0.810251,189.308,189.308,0.873183,0.857805,1.02157,0.853563,1.01516,0.984865,0.97871,0.984865,0.97871,0.885096,0.87128,1.02157
475,2,25,17,7.5e+20,1.30103,0.152938,2.2656,5.352,80.3827,2411.48,241.148,120,0.847361,0.812136,0.873066,0.80591,0.86504,0.861581,0.853716,0.861581,0.853716,229.091,229.091,4.12219,4.84759,1.16588,4.81043,1.15517,1.10504,1.09495,1.10504,1.09495,4.15085,4.88917,1.16588
476,2,25,18,7.5e+20,1.30103,0.195537,1.9413,3.736,99.3117,2979.35,297.935,156,0.907534,0.873522,0.910099,0.862867,0.897331,0.892844,0.880449,0.892844,0.880449,283.038,283.038,1.03087,1.0435,0.952498,1.03077,0.939135,0.894488,0.88207,0.894488,0.88207,1.0345,1.04855,0.952498
477,2,25,19,7.5e+20,1.30103,0.25,1.683,2.731,122.935,3688.06,368.806,198,0.947299,0.91659,0.93277,0.898916,0.912734,0.90659,0.887422,0.90659,0.887422,350.366,350.366,0.993559,0.995037,0.960821,0.97585,0.940182,0.954387,0.934209,0.954387,0.934209,0.995221,0.997686,0.960821
478,2,26,8,7.5e+20,1.9307,0.0167535,51.7814,37.788,114.023,3420.7,342.07,24,0.306614,0.287961,0.489774,0.287703,0.488669,0.648327,0.645028,0.712771,0.706931,48,72,1.63962,1.6568,1.05846,1.65531,1.05607,1.05105,1.0457,1.06461,1.05588,2.08088,2.11801,1.06836
479,2,26,9,7.5e+20,1.9307,0.02142,39.1011,36.579,105.978,3179.34,317.934,30,0.322752,0.303886,0.544703,0.303604,0.543199,0.680216,0.675987,0.730133,0.72308,60,90,2.84245,2.89392,1.28367,2.89123,1.28013,1.19883,1.19137,1.19951,1.18793,3.50666,3.59357,1.26771
480,2,26,10,7.5e+20,1.9307,0.0273861,25.191,33.543,92.6575,2779.73,277.973,30,0.35668,0.337042,0.543873,0.336699,0.542488,0.674499,0.670765,0.715796,0.709928,60,90,1.17509,1.18102,1.43311,1.17982,1.42946,1.28169,1.27459,1.24722,1.237,1.38712,1.40185,1.39485
481,2,26,11,7.5e+20,1.9307,0.0350141,18.4955,30.763,83.8259,2514.78,251.478,36,0.386655,0.366152,0.581898,0.365744,0.580219,0.693465,0.689238,0.709858,0.705073,72,108,0.532477,0.517375,1.43528,0.516799,1.43114,1.31482,1.30681,1.24663,1.23822,0.610162,0.595765,1.39564
482,2,26,12,7.5e+20,1.9307,0.0447667,11.9459,26.041,73.6756,2210.27,221.027,42,0.439458,0.417143,0.620808,0.41659,0.618813,0.700001,0.696353,0.70037,0.696723,84,126,0.769331,0.760984,1.17934,0.759974,1.17555,1.13065,1.12476,1.0962,1.0905,0.847276,0.841481,1.17871
483,2,26,13,7.5e+20,1.9307,0.0572357,8.4718,21.67,68.7558,2062.67,206.267,54,0.494558,0.470147,0.671977,0.46939,0.669363,0.706975,0.703768,0.704192,0.701003,108,162,0.582384,0.564048,1.13155,0.563141,1.12715,1.09455,1.08959,1.07128,1.06643,0.623107,0.605537,1.14362
484,2,26,14,7.5e+20,1.9307,0.0731778,6.1763,17.192,67.6555,2029.67,202.966,66,0.562071,0.535033,0.712941,0.533933,0.709781,0.726577,0.723387,0.723023,0.719858,132,192.818,0.733784,0.720148,1.02315,0.718667,1.01861,0.958762,0.954553,0.944814,0.940678,0.766686,0.75453,1.0331
485,2,26,15,7.5e+20,1.9307,0.0935603,4.7132,13.212,70.3417,2110.25,211.025,78,0.636644,0.606869,0.755448,0.605213,0.751855,0.757854,0.75426,0.754999,0.751426,156,200.474,0.653009,0.627827,0.999943,0.626113,0.995188,0.952012,0.947497,0.942166,0.937708,0.670976,0.64656,1.00318
486,2,26,16,7.5e+20,1.9307,0.11962,3.6807,9.746,76.932,2307.96,230.796,96,0.718876,0.686671,0.802009,0.684053,0.797453,0.797335,0.792817,0.795267,0.790769,192,219.256,0.779427,0.75672,1.02909,0.753835,1.02324,0.968932,0.963441,0.95865,0.953229,0.791715,0.770044,1.02919
487,2,26,17,7.5e+20,1.9307,0.152938,2.9439,6.985,87.9458,2638.37,263.837,126,0.797448,0.763499,0.846271,0.759244,0.83999,0.83685,0.830674,0.83685,0.830674,250.645,250.645,0.887338,0.871173,1.10643,0.866317,1.09822,1.04558,1.03786,1.04558,1.03786,0.894908,0.879867,1.10643
488,2,26,18,7.5e+20,1.9307,0.195537,2.494,4.874,105.793,3173.79,317.379,156,0.868725,0.83466,0.887815,0.827468,0.878286,0.874073,0.864769,0.874073,0.864769,301.51,301.51,1.11434,1.14621,0.969659,1.13634,0.959252,0.912283,0.902572,0.912283,0.902572,1.11911,1.15241,0.969659
489,2,26,19,7.5e+20,1.9307,0.25,2.1359,3.479,128.985,3869.56,386.956,198,0.919743,0.887136,0.917715,0.875188,0.903079,0.897604,0.883461,0.897604,0.883461,367.609,367.609,1.01029,1.01891,0.950994,1.00519,0.935828,0.936562,0.921804,0.936562,0.921804,1.01236,1.02186,0.950994
490,2,27,9,7.5e+20,2.86512,0.02142,58.8051,36.602,164.926,4947.78,494.778,30,0.330609,0.311968,0.551025,0.311678,0.549538,0.689116,0.684925,0.747679,0.74032,60,90,2.26821,2.30373,1.11486,2.30159,1.11185,1.0946,1.08794,1.10022,1.08939,2.77905,2.8404,1.11807
491,2,27,10,7.5e+20,2.86512,0.0273861,47.3073,35.077,156.57,4697.1,469.71,30,0.347938,0.328942,0.549021,0.328623,0.547606,0.685234,0.681294,0.742859,0.735928,60,90,3.17044,3.23392,1.32099,3.23078,1.31759,1.20832,1.20137,1.18968,1.17858,3.79247,3.89065,1.29781
492,2,27,11,7.5e+20,2.86512,0.0350141,30.3178,31.153,137.777,4133.32,413.332,36,0.391819,0.371749,0.58605,0.37134,0.58438,0.708747,0.704238,0.756276,0.748621,72,108,1.26891,1.27813,1.42207,1.27673,1.41802,1.26903,1.26096,1.25039,1.23774,1.4501,1.46756,1.37908
493,2,27,12,7.5e+20,2.86512,0.0447667,20.8318,27.394,122.059,3661.78,366.178,42,0.434203,0.412836,0.622228,0.412316,0.620231,0.729097,0.724055,0.759651,0.752325,84,126,0.682415,0.670387,1.36177,0.669543,1.35739,1.23917,1.2306,1.19214,1.18064,0.75424,0.743905,1.33125
494,2,27,13,7.5e+20,2.86512,0.0572357,13.7566,22.968,107.23,3216.89,321.689,54,0.488627,0.465389,0.673123,0.464685,0.670479,0.750707,0.745104,0.753094,0.747497,108,162,1.60285,1.63095,1.2391,1.62848,1.23423,1.16988,1.16114,1.11928,1.11096,1.71698,1.75276,1.24886
495,2,27,14,7.5e+20,2.86512,0.0731778,9.7896,19.123,98.6451,2959.35,295.935,66,0.543267,0.51808,0.71374,0.517129,0.710452,0.756737,0.751976,0.753734,0.748997,132,198,0.944617,0.942206,1.065,0.940475,1.0601,1.01357,1.0072,0.965091,0.959026,0.990241,0.990355,1.07129
496,2,27,15,7.5e+20,2.86512,0.0935603,7.0114,15.152,94.7805,2843.42,284.342,78,0.610209,0.582655,0.750837,0.581283,0.746922,0.770553,0.766079,0.766513,0.762072,156,234,0.74992,0.733796,1.08042,0.732068,1.07478,1.01053,1.00466,0.969335,0.963719,0.772427,0.757428,1.08659
497,2,27,16,7.5e+20,2.86512,0.11962,5.222,11.583,96.6075,2898.23,289.823,96,0.683748,0.653826,0.790064,0.651766,0.785257,0.795256,0.790463,0.79029,0.785546,192,275.331,0.950602,0.947793,1.06922,0.944808,1.06271,0.983748,0.97782,0.951746,0.946032,0.967395,0.966155,1.06167
498,2,27,17,7.5e+20,2.86512,0.152938,4.0481,8.642,103.807,3114.2,311.42,126,0.756413,0.724465,0.831193,0.721304,0.825401,0.824856,0.819124,0.821786,0.816091,252,295.849,1.06448,1.0745,1.14392,1.06981,1.13594,1.06153,1.05415,1.04782,1.04056,1.07513,1.08668,1.14393
499,2,27,18,7.5e+20,2.86512,0.195537,3.267,6.223,118.018,3540.54,354.054,156,0.827302,0.794121,0.867959,0.789049,0.860145,0.85777,0.850087,0.855715,0.848065,312,336.351,15.7511,18.5966,1.18537,18.4778,1.1747,1.10901,1.09907,1.10279,1.09293,15.8366,18.7172,1.18537
500,2,27,19,7.5e+20,2.86512,0.25,2.7528,4.42,140.141,4204.22,420.422,198,0.887415,0.854294,0.901033,0.845952,0.889596,0.884509,0.873387,0.884141,0.873028,396,399.401,1.05976,1.08055,0.941281,1.07,0.929333,0.910018,0.898576,0.91083,0.899382,1.06241,1.08406,0.941281
501,2,28,11,7.5e+20,4.25179,0.0350141,54.9438,32.621,227.79,6833.71,525.3,36,0.379604,0.360161,0.589058,0.359783,0.587364,0.715372,0.710721,0.769916,0.761718,72,108,0.953241,0.952098,1.44452,0.9511,1.44037,1.28066,1.27233,1.24109,1.22788,1.10221,1.10632,1.40155
502,2,28,12,7.5e+20,4.25179,0.0447667,36.518,28.383,204.29,6128.69,525.3,42,0.429399,0.408683,0.625296,0.408188,0.623297,0.736737,0.731517,0.783613,0.774593,84,126,1.55642,1.577,1.23134,1.57509,1.2274,1.15711,1.14891,1.15336,1.14008,1.72792,1.75783,1.21546
503,2,28,13,7.5e+20,4.25179,0.0572357,23.7852,23.919,178.54,5356.2,525.3,54,0.484342,0.461893,0.673109,0.461223,0.670476,0.767643,0.761059,0.800258,0.789739,108,162,0.812271,0.804382,1.24851,0.803215,1.24363,1.17431,1.16424,1.14392,1.12888,0.872125,0.866437,1.25751
504,2,28,14,7.5e+20,4.25179,0.0731778,16.4939,20.256,158.618,4758.53,475.853,60,0.533904,0.509718,0.697583,0.508837,0.694651,0.781841,0.774992,0.799301,0.79054,120,180,1.25526,1.26893,1.23083,1.26673,1.22565,1.16189,1.15171,1.10133,1.08926,1.31859,1.33645,1.2161
505,2,28,15,7.5e+20,4.25179,0.0935603,11.1954,16.471,142.295,4268.85,426.885,78,0.593778,0.56751,0.745126,0.566288,0.741221,0.800591,0.79353,0.797955,0.790922,156,234,1.11916,1.12733,1.14495,1.1249,1.13895,1.08043,1.0709,1.02587,1.01683,1.15473,1.16556,1.14944
506,2,28,16,7.5e+20,4.25179,0.11962,7.8414,12.989,133.89,4016.69,401.669,96,0.661529,0.633265,0.784294,0.631505,0.779428,0.810232,0.803904,0.80587,0.799587,192,288,0.943645,0.938839,1.06682,0.936229,1.06021,0.989059,0.981334,0.933093,0.925818,0.961604,0.958232,1.06695
507,2,28,17,7.5e+20,4.25179,0.152938,5.8016,10.052,133.802,4014.05,401.405,126,0.727048,0.696836,0.824141,0.694269,0.817824,0.827103,0.820658,0.820058,0.8137,252,378,1.08948,1.09936,1.06905,1.09531,1.06086,0.955834,0.948386,0.912097,0.905026,1.10168,1.11305,1.0729
508,2,28,18,7.5e+20,4.25179,0.195537,4.4589,7.595,141.221,4236.64,423.664,156,0.79091,0.759122,0.85606,0.755283,0.848623,0.849545,0.842182,0.84382,0.83654,312,402.481,3.18602,3.51885,1.04837,3.50106,1.03927,0.953705,0.94544,0.928458,0.920449,3.20625,3.54463,1.04854
509,2,28,19,7.5e+20,4.25179,0.25,3.6342,5.495,160.014,4800.41,480.041,198,0.85466,0.822201,0.886971,0.8161,0.877078,0.875631,0.865913,0.871064,0.861434,396,456.039,1.07557,1.09428,0.944005,1.08616,0.933476,0.89079,0.880904,0.891905,0.882045,1.07923,1.09884,0.944005
510,2,29,12,7.5e+20,6.30957,0.0447667,54.3239,27.847,318.327,9549.82,525.3,42,0.440816,0.42019,0.628007,0.41967,0.626039,0.7404,0.735307,0.790481,0.781577,84,126,1.34921,1.36207,1.59355,1.36038,1.58855,1.35277,1.34347,1.24516,1.23113,1.48818,1.50814,1.53888
511,2,29,13,7.5e+20,6.30957,0.0572357,43.2618,25.295,300.284,9008.52,525.3,48,0.47221,0.450677,0.654038,0.45006,0.651767,0.758338,0.752546,0.803579,0.793551,96,144,1.9511,1.99003,1.34441,1.98731,1.33974,1.21194,1.20269,1.13198,1.11785,2.11045,2.1598,1.31664
512,2,29,14,7.5e+20,6.30957,0.0731778,28.7264,21.056,265.795,7973.86,525.3,60,0.528681,0.505347,0.697636,0.504509,0.694728,0.787303,0.780172,0.82369,0.811683,120,180,0.920586,0.917275,1.20494,0.915753,1.19992,1.13932,1.129,1.07711,1.06141,0.969203,0.968266,1.19269
513,2,29,15,7.5e+20,6.30957,0.0935603,19.2831,17.405,233.573,7007.2,525.3,78,0.585685,0.560564,0.742194,0.559426,0.738326,0.816026,0.806933,0.8374,0.823975,156,234,1.1978,1.21057,1.17153,1.20811,1.16543,1.12948,1.1169,1.08271,1.06535,1.23821,1.254,1.17565
514,2,29,16,7.5e+20,6.30957,0.11962,12.6719,13.921,205.848,6175.44,525.3,96,0.647642,0.620452,0.778003,0.618852,0.773203,0.834895,0.824842,0.836293,0.825893,192,288,1.07924,1.08614,1.149,1.08334,1.14191,1.08828,1.07517,1.03586,1.02298,1.1009,1.10967,1.14254
515,2,29,17,7.5e+20,6.30957,0.152938,8.9508,11.172,191.038,5731.15,525.3,126,0.705703,0.676796,0.817446,0.674578,0.811084,0.843395,0.83436,0.839047,0.830073,252,378,1.20032,1.22094,1.23566,1.21694,1.22604,1.12949,1.11739,1.10115,1.08938,1.2149,1.23725,1.23768
516,2,29,18,7.5e+20,6.30957,0.195537,6.5206,8.721,186.862,5605.86,525.3,156,0.765932,0.735627,0.848779,0.732449,0.840889,0.855234,0.846473,0.848595,0.839938,312,468,1.557,1.63055,1.2303,1.62351,1.21886,1.13329,1.12169,1.12145,1.11001,1.56798,1.64356,1.23206
517,2,29,19,7.5e+20,6.30957,0.25,4.9801,6.573,195.637,5869.1,525.3,198,0.824893,0.793553,0.877947,0.788804,0.868063,0.874035,0.864232,0.869522,0.859805,396,499.035,1.12639,1.15088,0.959205,1.14399,0.948406,0.900758,0.890655,0.901167,0.891096,1.13073,1.15612,0.960553
518,2,30,14,7.5e+20,9.36329,0.0731778,47.8048,21.523,431.914,12957.4,525.3,60,0.527217,0.50442,0.698995,0.503603,0.696103,0.790083,0.782952,0.830108,0.817858,120,180,8.41775,8.77921,1.53599,8.76498,1.52964,1.28667,1.27506,1.12306,1.10648,8.87585,9.28158,1.49677
519,2,30,15,7.5e+20,9.36329,0.0935603,32.831,17.88,388.229,11646.9,525.3,78,0.581325,0.556769,0.742018,0.55567,0.738186,0.819628,0.810363,0.85156,0.835928,156,234,1.04749,1.05044,1.15507,1.04837,1.14911,1.07191,1.05979,1.01261,0.994026,1.0839,1.08919,1.15895
520,2,30,16,7.5e+20,9.36329,0.11962,22.0893,14.664,342.191,10265.7,525.3,96,0.635789,0.609393,0.774654,0.607907,0.769915,0.840841,0.829786,0.864714,0.846986,192,288,0.981277,0.979926,1.10091,0.977537,1.09418,1.03882,1.02517,1.00149,0.980959,1.00235,1.00255,1.10345
521,2,30,17,7.5e+20,9.36329,0.152938,14.2457,11.621,298.421,8952.63,525.3,126,0.702351,0.674602,0.814267,0.672485,0.807977,0.864261,0.850695,0.869112,0.853806,252,378,11.5053,12.4974,1.1165,12.4582,1.10788,1.07935,1.06241,1.0278,1.0097,11.6461,12.665,1.11807
522,2,30,18,7.5e+20,9.36329,0.195537,10.1049,9.446,274.216,8226.47,525.3,156,0.752534,0.723537,0.842628,0.720681,0.834802,0.873683,0.860689,0.871497,0.858552,312,468,1.33403,1.37349,0.985165,1.36807,0.976015,0.946531,0.932453,0.919609,0.905949,1.3441,1.38509,0.98615
523,2,30,19,7.5e+20,9.36329,0.25,7.3756,7.531,263.55,7906.5,525.3,198,0.801902,0.771924,0.870436,0.767982,0.860526,0.881549,0.869444,0.879832,0.867767,396,499.035,1.11745,1.13517,0.976355,1.12937,0.965238,0.91662,0.904033,0.90444,0.892037,1.12232,1.14089,0.977086
524,2,31,15,7.5e+20,13.895,0.0935603,56.7753,18.761,631.102,18933,525.3,72,0.575755,0.545909,0.716766,0.544886,0.713367,0.779337,0.771294,0.791695,0.778324,144,216,5.13542,5.36204,1.14873,5.352,1.14328,1.00157,0.991231,0.901834,0.886603,5.33271,5.5801,1.13777
525,2,31,16,7.5e+20,13.895,0.11962,37.1911,14.994,564.828,16944.8,525.3,96,0.63574,0.604728,0.763362,0.603289,0.758738,0.813752,0.803036,0.820284,0.802653,192,288,1.55282,1.58699,1.18725,1.58321,1.18005,1.03255,1.01896,0.930215,0.910222,1.58707,1.62455,1.18988
526,2,31,17,7.5e+20,13.895,0.152938,25.1732,12.249,500.802,15024.1,525.3,120,0.692187,0.665192,0.8076,0.663221,0.801693,0.864659,0.85108,0.886696,0.864417,240,360,5.10086,5.46778,1.02316,5.45159,1.01567,0.987907,0.972393,0.926302,0.903027,5.16865,5.54701,1.02264
527,2,31,18,7.5e+20,13.895,0.195537,17.5662,10.147,446.475,13394.3,525.3,150,0.737168,0.70887,0.835263,0.706287,0.827855,0.88216,0.865707,0.89538,0.871588,300,450,2.48836,2.65315,0.990579,2.64349,0.981793,0.977987,0.959747,0.946611,0.921458,2.50895,2.67754,0.991495
528,2,31,19,7.5e+20,13.895,0.25,11.5265,7.99,397.001,11910,525.3,198,0.797149,0.768663,0.866393,0.764997,0.856592,0.897911,0.879038,0.897982,0.87912,396,499.035,1.05982,1.07018,0.971749,1.06507,0.960756,0.96733,0.946998,0.964953,0.944686,1.06464,1.07575,0.972329
529,2,32,17,7.5e+20,20.6199,0.152938,40.7941,12.299,813.478,24404.3,525.3,126,0.693359,0.650201,0.772002,0.648286,0.766155,0.775319,0.762551,0.731296,0.711591,252,378,1.18593,1.18589,0.951402,1.18239,0.944196,0.822166,0.808626,0.71419,0.694947,1.20148,1.20284,0.952619
530,2,32,18,7.5e+20,20.6199,0.195537,29.1647,10.29,736.84,22105.2,525.3,156,0.737828,0.690669,0.789367,0.688194,0.782179,0.77358,0.758344,0.706714,0.684195,312,468,1.10246,1.09422,0.91773,1.09029,0.909373,0.791116,0.775534,0.688243,0.666313,1.11158,1.10425,0.918509
531,2,32,19,7.5e+20,20.6199,0.25,20.1737,8.491,655.885,19676.6,525.3,192,0.796024,0.746826,0.805189,0.743505,0.796432,0.77012,0.752326,0.718781,0.696559,384,499.035,1.02014,1.00059,0.904812,0.996144,0.894973,0.786539,0.768365,0.718032,0.695833,1.02525,1.00628,0.905339
532,2,33,19,7.5e+20,30.5995,0.25,32.9026,8.518,1074.96,32248.9,525.3,198,0.802332,0.740526,0.773531,0.737251,0.764976,0.699268,0.68258,0.634616,0.614611,396,499.035,0.990802,0.953574,0.824482,0.949357,0.815363,0.65236,0.636792,0.585145,0.5667,0.995662,0.958879,0.824916
533,3,8,1,1.5e+21,0.00158489,0.003,0.5618,1.139,1.32912,39.8731,23.9238,18,0.710613,-0.64729,-1.52181,-0.591772,-1.51821,-1.15848,-1.15681,-1.15848,-1.15681,22.7277,22.7277,0.652655,-0.805264,-1.75413,-0.736196,-1.74998,-1.32452,-1.32261,-1.32452,-1.32261,0.739902,-1.46357,-0.332326
534,3,9,1,1.5e+21,0.00235195,0.003,0.7072,1.206,1.35565,40.6697,24.4018,18,0.643393,-0.434103,-1.22378,-0.407537,-1.22144,-0.996163,-0.994954,-0.996163,-0.994954,23.1817,23.1817,0.595128,-0.529753,-1.39869,-0.497333,-1.39601,-1.13732,-1.13594,-1.13732,-1.13594,0.701954,-0.962827,-1.06249
535,3,9,2,1.5e+21,0.00235195,0.0038356,0.5968,1.205,1.71781,51.534,27,18,0.746706,-0.422692,-1.35779,-0.382359,-1.35358,-0.972365,-0.970931,-0.972365,-0.970931,25.65,25.65,0.693534,-0.555005,-1.60945,-0.502047,-1.60447,-1.12943,-1.12777,-1.12943,-1.12777,0.777511,-1.00872,-1.33953
536,3,10,1,1.5e+21,0.00349025,0.003,0.8873,1.306,1.40215,42.0645,25.2387,18,0.571923,-0.29648,-0.978756,-0.283337,-0.977255,-0.877422,-0.876521,-0.877422,-0.876521,23.9768,23.9768,0.53071,-0.36255,-1.13661,-0.346479,-1.13487,-1.00589,-1.00485,-1.00589,-1.00485,0.653648,-0.658936,-0.993089
537,3,10,2,1.5e+21,0.00349025,0.0038356,0.7486,1.304,1.76254,52.8763,27,18,0.684008,-0.255743,-0.965837,-0.238103,-0.963474,-0.802766,-0.80169,-0.802766,-0.80169,25.65,25.65,0.626559,-0.379066,-1.17815,-0.35292,-1.17527,-0.957766,-0.956482,-0.957766,-0.956482,0.728198,-0.688954,-1.10088
538,3,10,3,1.5e+21,0.00349025,0.00490394,0.6262,1.3,2.26088,67.827,27,18,0.786208,-0.148216,-0.738388,-0.131976,-0.735393,-0.633636,-0.63222,-0.633636,-0.63222,25.65,25.65,0.732682,-0.282744,-0.947937,-0.251764,-0.944092,-0.792735,-0.790964,-0.792735,-0.790964,0.810376,-0.513888,-0.901259
539,3,10,4,1.5e+21,0.00349025,0.00626986,0.542,1.295,2.78873,83.6624,27,18,0.851353,-0.0642366,-0.600297,-0.0540486,-0.596577,-0.534861,-0.53303,-0.534861,-0.53303,25.65,25.65,0.804665,-0.209433,-0.763642,-0.176217,-0.758911,-0.667606,-0.665321,-0.667606,-0.665321,0.862993,-0.380645,-0.735875
540,3,11,1,1.5e+21,0.00517947,0.003,1.1447,1.453,1.41577,42.4733,25.484,18,0.480952,-0.189342,-0.703675,-0.183619,-0.702883,-0.659466,-0.658964,-0.659466,-0.658964,24.2098,24.2098,0.440878,-0.244219,-0.818881,-0.236838,-0.81796,-0.754192,-0.753618,-0.754192,-0.753618,0.574402,-0.443868,-0.80048
541,3,11,2,1.5e+21,0.00517947,0.0038356,0.9617,1.451,1.77092,53.1274,27,18,0.598574,-0.157009,-0.67398,-0.149592,-0.672775,-0.644791,-0.64407,-0.644791,-0.64407,25.65,25.65,0.553888,-0.227317,-0.826874,-0.216579,-0.825397,-0.768455,-0.767596,-0.768455,-0.767596,0.676162,-0.413149,-0.85183
542,3,11,3,1.5e+21,0.00517947,0.00490394,0.806,1.446,2.24081,67.224,27,18,0.711514,-0.0858165,-0.511406,-0.0794294,-0.509927,-0.506759,-0.50584,-0.506759,-0.50584,25.65,25.65,0.659789,-0.186688,-0.669842,-0.172793,-0.667905,-0.65302,-0.651835,-0.65302,-0.651835,0.759963,-0.339306,-0.71438
543,3,11,4,1.5e+21,0.00517947,0.00626986,0.6804,1.438,2.83473,85.0417,27,18,0.803062,-0.0144333,-0.384674,-0.0127729,-0.38288,-0.40455,-0.403364,-0.40455,-0.403364,25.65,25.65,0.751601,-0.159314,-0.575526,-0.140986,-0.572843,-0.553143,-0.551523,-0.553143,-0.551523,0.827568,-0.289554,-0.62404
544,3,11,5,1.5e+21,0.00517947,0.00801622,0.5813,1.426,3.56242,106.872,27,18,0.785255,0.310079,0.283894,0.288928,0.28145,0.191431,0.190086,0.191431,0.190086,25.65,25.65,0.855871,0.583919,2.43519,0.544089,2.41423,1.9158,1.90234,1.9158,1.90234,0.987919,1.01941,2.08297
545,3,12,1,1.5e+21,0.00768625,0.003,1.4863,1.673,1.44785,43.4359,26.0615,18,0.393567,-0.120392,-0.503465,-0.117894,-0.503055,-0.531959,-0.531641,-0.531959,-0.531641,24.7585,24.7585,0.361683,-0.158146,-0.596984,-0.154864,-0.596497,-0.618942,-0.618572,-0.618942,-0.618572,0.498863,-0.287431,-0.650829
546,3,12,2,1.5e+21,0.00768625,0.0038356,1.2341,1.668,1.81088,54.3262,27,18,0.511905,-0.088956,-0.439993,-0.0860252,-0.439417,-0.479973,-0.479531,-0.479973,-0.479531,25.65,25.65,0.466754,-0.151867,-0.564609,-0.146864,-0.563871,-0.591929,-0.591384,-0.591929,-0.591384,0.600285,-0.27602,-0.636249
547,3,12,3,1.5e+21,0.00768625,0.00490394,1.0253,1.661,2.28854,68.656,27,18,0.63485,-0.0393869,-0.324704,-0.0373154,-0.324014,-0.370385,-0.36983,-0.370385,-0.36983,25.65,25.65,0.592544,-0.102006,-0.457901,-0.096641,-0.456928,-0.492925,-0.492187,-0.492925,-0.492187,0.712837,-0.185396,-0.533999
548,3,12,4,1.5e+21,0.00768625,0.00626986,0.8598,1.649,2.88835,86.6503,27,18,0.740922,0.0113395,-0.230598,0.0104059,-0.229807,-0.286077,-0.285387,-0.286077,-0.285387,25.65,25.65,0.700475,-0.0618968,-0.344275,-0.0568006,-0.343095,-0.389696,-0.388756,-0.389696,-0.388756,0.797664,-0.112498,-0.406761
549,3,12,5,1.5e+21,0.00768625,0.00801622,0.7272,1.631,3.64165,109.25,27,18,0.711701,0.278016,0.307569,0.264873,0.305664,0.252252,0.250898,0.252252,0.250898,25.65,25.65,0.777137,0.488982,0.792819,0.465865,0.78791,0.629485,0.626107,0.629485,0.626107,0.938035,0.853174,0.666477
550,3,12,6,1.5e+21,0.00768625,0.010249,0.6141,1.602,4.65781,139.734,27,18,0.748952,0.383574,0.473037,0.365538,0.468137,0.451092,0.446831,0.451092,0.446831,25.65,25.65,0.895462,0.800582,1.96697,0.762939,1.9466,1.75192,1.73537,1.75192,1.73537,1.07422,1.36319,1.82586
551,3,12,7,1.5e+21,0.00768625,0.0131037,0.5295,1.561,5.86335,175.9,27,18,0.799179,0.437346,0.544588,0.411326,0.535635,0.535466,0.527316,0.535466,0.527316,25.65,25.65,1.80776,3.43294,1.13431,3.2287,1.11566,1.07474,1.05839,1.07474,1.05839,2.10396,5.79851,1.09594
552,3,13,1,1.5e+21,0.0114062,0.003,1.9337,1.997,1.52338,45.7016,27,18,0.319664,-0.0722508,-0.343805,-0.0711871,-0.343598,-0.412743,-0.412549,-0.412743,-0.412549,25.65,25.65,0.292125,-0.102155,-0.420406,-0.100651,-0.420153,-0.489629,-0.489399,-0.489629,-0.489399,0.42372,-0.185667,-0.508155
553,3,13,2,1.5e+21,0.0114062,0.0038356,1.6018,1.99,1.86935,56.0808,27,18,0.4259,-0.0425354,-0.264665,-0.0415594,-0.264416,-0.326923,-0.326683,-0.326923,-0.326683,25.65,25.65,0.387979,-0.0872762,-0.351794,-0.0852735,-0.351462,-0.420659,-0.420351,-0.420659,-0.420351,0.527055,-0.158625,-0.432604
554,3,13,3,1.5e+21,0.0114062,0.00490394,1.3243,1.979,2.334,70.0206,27,18,0.545552,-0.0128131,-0.193453,-0.0123464,-0.19316,-0.252192,-0.251896,-0.252192,-0.251896,25.65,25.65,0.502666,-0.0695078,-0.291396,-0.0669763,-0.290954,-0.354232,-0.353816,-0.354232,-0.353816,0.636919,-0.126331,-0.360489
555,3,13,4,1.5e+21,0.0114062,0.00626986,1.1039,1.962,2.92438,87.731,27,18,0.661614,0.023598,-0.125305,0.022248,-0.125001,-0.18585,-0.185501,-0.18585,-0.185501,25.65,25.65,0.619025,-0.0488081,-0.232303,-0.0460157,-0.23174,-0.27924,-0.278716,-0.27924,-0.278716,0.736473,-0.0887089,-0.2917
556,3,13,5,1.5e+21,0.0114062,0.00801622,0.9197,1.934,3.71285,111.385,27,18,0.62343,0.234631,0.292615,0.226927,0.29132,0.26652,0.265454,0.26652,0.265454,25.65,25.65,0.715256,0.456759,0.621953,0.441761,0.6192,0.545123,0.542943,0.545123,0.542943,0.907029,0.796816,0.576034
557,3,13,6,1.5e+21,0.0114062,0.010249,0.7734,1.89,4.71588,141.477,27,18,0.666421,0.333189,0.436893,0.322427,0.433732,0.437891,0.434927,0.437891,0.434927,25.65,25.65,0.819102,0.67693,0.705005,0.655065,0.699904,0.633859,0.629568,0.633859,0.629568,1.03171,1.1521,0.664189
558,3,13,7,1.5e+21,0.0114062,0.0131037,0.6584,1.828,5.96373,178.912,27,18,0.72708,0.381588,0.500456,0.365724,0.494693,0.511568,0.506002,0.511568,0.506002,25.65,25.65,0.813271,0.625128,0.710003,0.59914,0.701827,0.621758,0.614994,0.621758,0.614994,0.988458,1.05571,0.647163
559,3,13,8,1.5e+21,0.0114062,0.0167535,0.5743,1.747,7.43096,222.929,27,18,0.783225,0.514349,0.629103,0.493237,0.617586,0.659403,0.647897,0.659403,0.647897,25.65,25.65,1.06341,1.22045,1.19368,1.17035,1.17182,1.11507,1.09562,1.11507,1.09562,1.2651,1.91937,1.15331
560,3,14,1,1.5e+21,0.0169267,0.003,2.565,2.478,1.64623,49.3867,27,18,0.257671,-0.0291762,-0.178332,-0.0288668,-0.178252,-0.240131,-0.24004,-0.240131,-0.24004,25.65,25.65,0.23178,-0.0549941,-0.2324,-0.0544108,-0.232297,-0.300475,-0.300362,-0.300475,-0.300362,0.351364,-0.0999519,-0.301498
561,3,14,2,1.5e+21,0.0169267,0.0038356,2.1045,2.468,1.97338,59.202,27,18,0.347149,-0.014049,-0.140571,-0.0138209,-0.140475,-0.196748,-0.196634,-0.196748,-0.196634,25.65,25.65,0.314057,-0.0489288,-0.208758,-0.0481345,-0.208615,-0.272377,-0.27222,-0.272377,-0.27222,0.449202,-0.0889283,-0.271731
562,3,14,3,1.5e+21,0.0169267,0.00490394,1.7288,2.451,2.41635,72.4902,27,18,0.457306,0.00647714,-0.097025,0.00631279,-0.0969205,-0.149145,-0.14901,-0.149145,-0.14901,25.65,25.65,0.421012,-0.0349778,-0.175025,-0.0340903,-0.174837,-0.231928,-0.231719,-0.231928,-0.231719,0.563263,-0.0635722,-0.23327
563,3,14,4,1.5e+21,0.0169267,0.00626986,1.4195,2.424,3.01815,90.5452,27,18,0.574107,0.149246,0.136136,0.144589,0.13588,0.0868291,0.0866876,0.0868291,0.0866876,25.65,25.65,0.699284,0.421695,0.212731,0.408537,0.212332,0.126607,0.126401,0.126607,0.126401,0.901792,0.755106,0.149761
564,3,14,5,1.5e+21,0.0169267,0.00801622,1.1813,2.383,3.77188,113.157,27,18,0.527344,0.194834,0.264859,0.190444,0.264038,0.258432,0.257687,0.258432,0.257687,25.65,25.65,0.634651,0.3997,0.471664,0.390695,0.470202,0.418863,0.417654,0.418863,0.417654,0.848809,0.697276,0.434139
565,3,14,6,1.5e+21,0.0169267,0.010249,0.9884,2.32,4.74904,142.471,27,18,0.572932,0.28198,0.387663,0.275772,0.385734,0.402175,0.400271,0.402175,0.400271,25.65,25.65,0.748315,0.604352,1.3093,0.591047,1.30279,1.23994,1.23407,1.23994,1.23407,0.992709,1.02861,1.27223
566,3,14,7,1.5e+21,0.0169267,0.0131037,0.8341,2.227,5.99408,179.823,27,18,0.636217,0.321897,0.441165,0.312806,0.437731,0.464034,0.460574,0.464034,0.460574,25.65,25.65,0.749403,0.570478,0.868491,0.554366,0.86173,0.790799,0.784902,0.790799,0.784902,0.957765,0.962407,0.816241
567,3,14,8,1.5e+21,0.0169267,0.0167535,0.7102,2.098,7.57435,227.23,27,18,0.712537,0.463244,0.578535,0.45015,0.571108,0.616369,0.608771,0.616369,0.608771,25.65,25.65,1.00332,1.06373,1.16009,1.03366,1.1452,1.07016,1.05697,1.07016,1.05697,1.24422,1.66881,1.10377
568,3,14,9,1.5e+21,0.0169267,0.02142,0.6129,1.917,9.72315,291.695,29.1695,18,0.790048,0.570147,0.670633,0.550189,0.656162,0.728686,0.713831,0.728686,0.713831,27.711,27.711,0.98288,1.04138,1.19372,1.00493,1.16796,1.16928,1.14544,1.16928,1.14544,1.15876,1.5246,1.21181
569,3,14,10,1.5e+21,0.0169267,0.0273861,0.546,1.73,12.1646,364.938,36.4938,24,0.852651,0.668897,0.811662,0.638946,0.785363,0.842801,0.81623,0.842801,0.81623,34.6692,34.6692,0.986712,1.05071,1.10558,1.00366,1.06976,0.980941,0.950015,0.980941,0.950015,1.1088,1.42946,1.14164
570,3,15,1,1.5e+21,0.0251189,0.003,3.4876,3.186,1.86931,56.0789,27,18,0.212325,-0.000999367,-0.0661449,-0.000991415,-0.0661223,-0.105959,-0.105926,-0.105959,-0.105926,25.65,25.65,0.187634,-0.0250962,-0.113245,-0.0248966,-0.113206,-0.160225,-0.160175,-0.160225,-0.160175,0.294356,-0.0456125,-0.156421
571,3,15,2,1.5e+21,0.0251189,0.0038356,2.8018,3.171,2.17065,65.1195,27,18,0.285983,0.00615663,-0.0522627,0.00608301,-0.0522359,-0.0905743,-0.0905327,-0.0905743,-0.0905327,25.65,25.65,0.257823,-0.0215887,-0.106925,-0.0213306,-0.10687,-0.14975,-0.149681,-0.14975,-0.149681,0.384808,-0.0392376,-0.147893
572,3,15,3,1.5e+21,0.0251189,0.00490394,2.2767,3.146,2.58312,77.494,27,18,0.379044,0.0171654,-0.0312194,0.0168522,-0.0311949,-0.0676482,-0.067601,-0.0676482,-0.067601,25.65,25.65,0.346176,-0.0183805,-0.0923728,-0.0180451,-0.0923003,-0.140748,-0.14065,-0.140748,-0.14065,0.486734,-0.0334067,-0.134475
573,3,15,4,1.5e+21,0.0251189,0.00626986,1.8613,3.108,3.14165,94.2491,27,18,0.462573,0.185388,0.24086,0.182365,0.240506,0.228079,0.227769,0.228079,0.227769,25.65,25.65,0.50765,0.266627,0.487214,0.26228,0.486499,0.432422,0.431834,0.432422,0.431834,0.715351,0.471667,0.450719
574,3,15,5,1.5e+21,0.0251189,0.00801622,1.5268,3.045,3.89588,116.876,27,18,0.433865,0.156806,0.228868,0.154336,0.228353,0.234527,0.234025,0.234527,0.234025,25.65,25.65,0.553984,0.352543,0.396745,0.34699,0.395852,0.371906,0.371111,0.371906,0.371111,0.778461,0.615045,0.384926
575,3,15,6,1.5e+21,0.0251189,0.010249,1.2645,2.949,4.87196,146.159,27,18,0.477899,0.232158,0.333312,0.228631,0.332129,0.35533,0.354115,0.35533,0.354115,25.65,25.65,0.67009,0.533575,1.03132,0.525469,1.02766,0.971966,0.968643,0.971966,0.968643,0.932814,0.90742,0.996685
576,3,15,7,1.5e+21,0.0251189,0.0131037,1.0613,2.813,6.0915,182.745,27,18,0.545918,0.286345,0.402624,0.281026,0.400406,0.432719,0.430415,0.432719,0.430415,25.65,25.65,2.81919,3.88052,1.12911,3.80844,1.12289,1.08661,1.08083,1.08661,1.08083,3.79026,6.48564,1.11115
577,3,15,8,1.5e+21,0.0251189,0.0167535,0.8844,2.602,7.81569,234.471,27,18,0.633306,0.408783,0.519245,0.400726,0.514453,0.560271,0.555282,0.560271,0.555282,25.65,25.65,0.993101,1.03911,1.25126,1.01863,1.23971,1.19205,1.18143,1.19205,1.18143,1.28146,1.62552,1.22602
578,3,15,9,1.5e+21,0.0251189,0.02142,0.7535,2.345,9.87708,296.312,29.6312,24,0.72345,0.521784,0.674347,0.509301,0.66465,0.686902,0.677112,0.686902,0.677112,28.1497,28.1497,0.971957,1.00744,1.05663,0.983341,1.04143,1.02609,1.01146,1.02609,1.01146,1.18596,1.46671,1.08315
579,3,15,10,1.5e+21,0.0251189,0.0273861,0.6619,2.056,12.4461,373.384,37.3383,24,0.805352,0.633039,0.777183,0.613402,0.759363,0.821518,0.803096,0.821518,0.803096,35.4714,35.4714,0.984026,1.03488,1.16349,1.00278,1.13682,1.0816,1.05734,1.0816,1.05734,1.13236,1.39248,1.2036
580,3,15,11,1.5e+21,0.0251189,0.0350141,0.5885,1.775,15.6074,468.222,46.8223,30,0.876656,0.738031,0.878683,0.706728,0.847262,0.885464,0.854525,0.885464,0.854525,44.4812,44.4812,0.979947,1.03196,1.11742,0.988193,1.07747,1.06245,1.02533,1.06245,1.02533,1.06202,1.25846,1.12887
581,3,15,12,1.5e+21,0.0251189,0.0447667,0.5148,1.505,20.239,607.171,60.7171,36,0.931032,0.827158,0.914016,0.773072,0.859183,0.872275,0.822087,0.872275,0.822087,57.6813,57.6813,0.96659,1.00021,0.977332,0.934808,0.918702,0.770335,0.726012,0.770335,0.726012,0.999456,1.1137,0.982342
582,3,16,1,1.5e+21,0.0372759,0.003,4.8218,4.223,2.30085,69.025,27,18,0.183797,0.0129982,-0.000965781,0.0129135,-0.000965508,-0.0185728,-0.0185679,-0.0185728,-0.0185679,25.65,25.65,0.161409,-0.00799876,-0.0398685,-0.00794663,-0.0398572,-0.0647415,-0.0647242,-0.0647415,-0.0647242,0.258598,-0.0145378,-0.0605516
583,3,16,2,1.5e+21,0.0372759,0.0038356,3.8211,4.201,2.5285,75.8554,27,18,0.241217,0.018439,0.00462625,0.0182681,0.00462438,-0.0144728,-0.0144674,-0.0144728,-0.0144674,25.65,25.65,0.214397,-0.00792052,-0.0421156,-0.00784713,-0.0420986,-0.066043,-0.0660182,-0.066043,-0.0660182,0.330473,-0.0143956,-0.06362
584,3,16,3,1.5e+21,0.0372759,0.00490394,3.0611,4.165,2.87981,86.3947,27,18,0.31608,0.0253656,0.0138912,0.0250211,0.013883,-0.00529996,-0.00529706,-0.00529996,-0.00529706,25.65,25.65,0.288736,-0.00243298,-0.0406042,-0.00239994,-0.0405802,-0.0663695,-0.0663331,-0.0663695,-0.0663331,0.423573,-0.00442195,-0.0628376
585,3,16,4,1.5e+21,0.0372759,0.00626986,2.4753,4.107,3.38188,101.457,27,18,0.344456,0.13649,0.201303,0.135111,0.201066,0.207369,0.207136,0.207369,0.207136,25.65,25.65,0.4497,0.282368,0.291714,0.279516,0.291371,0.271222,0.270917,0.271222,0.270917,0.671919,0.497089,0.277796
586,3,16,5,1.5e+21,0.0372759,0.00801622,2.0079,4.016,4.09031,122.709,27,18,0.34905,0.125012,0.194279,0.123623,0.193955,0.206635,0.206304,0.206635,0.206304,25.65,25.65,0.473229,0.30294,0.314946,0.299574,0.314422,0.297096,0.29662,0.297096,0.29662,0.695178,0.52857,0.304529
587,3,16,6,1.5e+21,0.0372759,0.010249,1.6473,3.877,5.02546,150.764,27,18,0.389714,0.189931,0.282317,0.187929,0.281597,0.307036,0.306275,0.307036,0.306275,25.65,25.65,0.585138,0.464098,0.791624,0.459206,0.789603,0.762301,0.760412,0.762301,0.760412,0.85059,0.78902,0.775043
588,3,16,7,1.5e+21,0.0372759,0.0131037,1.3622,3.669,6.25719,187.716,27,18,0.456489,0.244699,0.352289,0.241622,0.350906,0.384552,0.383084,0.384552,0.383084,25.65,25.65,0.633892,0.518275,1.23853,0.511757,1.23367,1.17701,1.17252,1.17701,1.17252,0.890783,0.861754,1.20353
589,3,16,8,1.5e+21,0.0372759,0.0167535,1.1342,3.373,7.876,236.28,27,18,0.540566,0.346822,0.450172,0.342168,0.447322,0.490771,0.487763,0.490771,0.487763,25.65,25.65,0.963527,0.982277,1.09279,0.969097,1.08587,1.02786,1.02156,1.02786,1.02156,1.2959,1.53752,1.05536
590,3,16,9,1.5e+21,0.0372759,0.02142,0.9589,3.001,9.8885,296.655,29.6655,24,0.639654,0.459379,0.6098,0.451967,0.603864,0.623693,0.617664,0.623693,0.617664,28.1822,28.1822,0.939449,0.956197,1.12292,0.94077,1.11199,1.09562,1.08503,1.09562,1.08503,1.18977,1.39367,1.15107
591,3,16,10,1.5e+21,0.0372759,0.0273861,0.8157,2.563,12.509,375.269,37.5269,24,0.739372,0.580077,0.725223,0.567914,0.713904,0.77689,0.764975,0.77689,0.764975,35.6505,35.6505,0.972869,1.00831,1.12474,0.987164,1.10719,1.08516,1.06852,1.08516,1.06852,1.1521,1.35439,1.16397
592,3,16,11,1.5e+21,0.0372759,0.0350141,0.7171,2.127,15.8538,475.616,47.5615,30,0.834103,0.701304,0.848346,0.680819,0.827226,0.866938,0.845734,0.866938,0.845734,45.1835,45.1835,0.976886,1.02055,1.02809,0.990739,1.00249,0.922737,0.900168,0.922737,0.900168,1.07651,1.23864,1.03908
593,3,16,12,1.5e+21,0.0372759,0.0447667,0.6252,1.728,20.6109,618.326,61.8327,36,0.908209,0.804707,0.901831,0.76808,0.863924,0.881379,0.845424,0.881379,0.845424,58.741,58.741,0.980121,1.02994,1.06154,0.983064,1.01692,0.893308,0.856866,0.893308,0.856866,1.02131,1.14188,1.06738
594,3,16,13,1.5e+21,0.0372759,0.0572357,0.5617,1.498,25.3575,760.724,76.0724,42,0.94111,0.856469,0.917644,0.799376,0.859331,0.855825,0.803884,0.855825,0.803884,72.2688,72.2688,0.976355,1.02809,1.12248,0.95956,1.05115,1.13151,1.06283,1.13151,1.06283,0.994314,1.08996,1.1251
595,3,17,1,1.5e+21,0.0553168,0.003,7.1067,5.717,3.08808,92.6426,27,18,0.191824,0.0660618,0.101104,0.065734,0.101062,0.104927,0.104884,0.104927,0.104884,25.65,25.65,0.211967,0.0937999,0.168611,0.0933345,0.168541,0.159123,0.159058,0.159123,0.159058,0.346262,0.169273,0.16306
596,3,17,2,1.5e+21,0.0553168,0.0038356,5.4279,5.687,3.18481,95.5444,27,18,0.235489,0.0927905,0.141622,0.0922398,0.141539,0.147973,0.147889,0.147973,0.147889,25.65,25.65,0.275773,0.146019,0.227809,0.145152,0.227675,0.216258,0.216135,0.216258,0.216135,0.441138,0.261681,0.221335
597,3,17,3,1.5e+21,0.0553168,0.00490394,4.2185,5.636,3.43231,102.97,27,18,0.254893,0.102092,0.160471,0.101426,0.160343,0.17069,0.170558,0.17069,0.170558,25.65,25.65,0.338084,0.207987,0.311062,0.206628,0.310814,0.296673,0.296444,0.296673,0.296444,0.531723,0.368757,0.304748
598,3,17,4,1.5e+21,0.0553168,0.00626986,3.3447,5.553,3.84538,115.362,27,18,0.263017,0.100987,0.161855,0.100275,0.161692,0.174934,0.174763,0.174934,0.174763,25.65,25.65,0.343253,0.206829,0.295701,0.205371,0.295403,0.283363,0.283086,0.283363,0.283086,0.532134,0.36322,0.287677
599,3,17,5,1.5e+21,0.0553168,0.00801622,2.6922,5.424,4.4505,133.515,27,18,0.303815,0.153767,0.23391,0.152709,0.233585,0.255362,0.255016,0.255362,0.255016,25.65,25.65,0.45092,0.344081,0.52563,0.341713,0.524899,0.505083,0.504398,0.505083,0.504398,0.690805,0.59266,0.513107
600,3,17,6,1.5e+21,0.0553168,0.010249,2.1788,5.222,5.31712,159.513,27,18,0.30989,0.149018,0.231145,0.147903,0.230703,0.255894,0.255416,0.255894,0.255416,25.65,25.65,0.523555,0.426873,0.752183,0.423679,0.750745,0.72881,0.727448,0.72881,0.727448,0.788101,0.72548,0.740018
601,3,17,7,1.5e+21,0.0553168,0.0131037,1.7789,4.918,6.49735,194.921,27,18,0.37562,0.206987,0.303415,0.205197,0.302554,0.335095,0.334167,0.335095,0.334167,25.65,25.65,1.55713,1.72011,0.692602,1.70523,0.690636,0.656075,0.654258,0.656075,0.654258,2.2707,2.85022,0.670729
602,3,17,8,1.5e+21,0.0553168,0.0167535,1.4654,4.486,8.06962,242.089,27,18,0.451591,0.290359,0.383755,0.287674,0.382042,0.42206,0.420232,0.42206,0.420232,25.65,25.65,0.880253,0.876185,1.14653,0.868081,1.14141,1.08737,1.08266,1.08737,1.08266,1.22574,1.37075,1.11544
603,3,17,9,1.5e+21,0.0553168,0.02142,1.222,3.931,10.0956,302.867,30.2867,24,0.556647,0.403616,0.548878,0.399162,0.545122,0.566303,0.562452,0.566303,0.562452,28.7724,28.7724,0.95027,0.973156,1.12628,0.962417,1.11857,1.1047,1.09718,1.1047,1.09718,1.23944,1.41325,1.15499
604,3,17,10,1.5e+21,0.0553168,0.0273861,1.0253,3.272,12.7804,383.411,38.3412,24,0.669282,0.528263,0.670738,0.520618,0.663335,0.729447,0.721525,0.729447,0.721525,36.4241,36.4241,1.0321,1.08253,1.11398,1.06686,1.10169,1.09885,1.08692,1.09885,1.08692,1.2474,1.44075,1.15461
605,3,17,11,1.5e+21,0.0553168,0.0350141,0.8735,2.622,16.232,486.96,48.696,30,0.782911,0.658961,0.805823,0.645545,0.791603,0.833473,0.818959,0.833473,0.818959,46.2612,46.2612,1.06902,1.16554,1.16357,1.14181,1.14304,1.09602,1.07693,1.09602,1.07693,1.19398,1.4041,1.177
606,3,17,12,1.5e+21,0.0553168,0.0447667,0.7685,2.083,20.6357,619.069,61.907,36,0.870662,0.766386,0.874941,0.742917,0.850045,0.871387,0.847093,0.871387,0.847093,58.8116,58.8116,1.08195,1.21791,1.1776,1.18062,1.14409,1.13308,1.10149,1.13308,1.10149,1.14004,1.35209,1.18406
607,3,17,13,1.5e+21,0.0553168,0.0572357,0.6822,1.715,25.8695,776.085,77.6085,42,0.921872,0.835961,0.907504,0.797121,0.866939,0.869764,0.832127,0.869764,0.832127,73.7281,73.7281,1.01386,1.08286,1.04484,1.03255,0.998134,0.874214,0.836384,0.874214,0.836384,1.03714,1.14621,1.04771
608,3,17,14,1.5e+21,0.0553168,0.0731778,0.602,1.451,32.8965,986.895,98.6895,54,0.951467,0.881659,0.914912,0.816712,0.849028,0.832979,0.776022,0.832979,0.776022,93.755,93.755,0.973318,1.0071,1.09255,0.93291,1.01388,1.16151,1.08209,1.16151,1.08209,0.982096,1.03852,1.09286
609,3,17,15,1.5e+21,0.0553168,0.0935603,0.5321,1.283,41.8041,1254.12,125.412,72,0.965675,0.9052,0.886473,0.798545,0.784021,0.757953,0.677082,0.757953,0.677082,119.142,119.142,0.967643,0.944184,0.829922,0.832936,0.734006,0.547877,0.48942,0.547877,0.48942,0.97102,0.960915,0.829923
610,3,18,1,1.5e+21,0.0820891,0.003,11.0734,7.775,4.59385,137.815,27,18,0.173865,0.0835414,0.140961,0.0832502,0.140847,0.157325,0.157201,0.157325,0.157201,25.65,25.65,0.258404,0.183693,0.275897,0.183053,0.275674,0.267345,0.267133,0.267345,0.267133,0.426898,0.325763,0.270452
611,3,18,2,1.5e+21,0.0820891,0.0038356,8.1369,7.758,4.42831,132.849,27,18,0.195339,0.0937386,0.155008,0.0933613,0.154878,0.172077,0.171935,0.172077,0.171935,25.65,25.65,0.294399,0.2124,0.362203,0.211545,0.361898,0.348799,0.34851,0.348799,0.34851,0.479802,0.374781,0.354916
612,3,18,3,1.5e+21,0.0820891,0.00490394,6.0595,7.696,4.45504,133.651,27,18,0.216462,0.107164,0.173729,0.106688,0.173568,0.192489,0.192314,0.192489,0.192314,25.65,25.65,0.337516,0.25305,0.420155,0.251927,0.419765,0.403955,0.403587,0.403955,0.403587,0.542499,0.442698,0.411307
613,3,18,4,1.5e+21,0.0820891,0.00626986,4.6892,7.588,4.68604,140.581,27,18,0.229666,0.117715,0.188377,0.117172,0.188179,0.20936,0.209144,0.20936,0.209144,25.65,25.65,0.38547,0.304863,0.459553,0.303457,0.45907,0.443986,0.443528,0.443986,0.443528,0.612348,0.527458,0.450345
614,3,18,5,1.5e+21,0.0820891,0.00801622,3.6766,7.405,5.15323,154.597,27,18,0.237924,0.121342,0.192873,0.120752,0.192636,0.215375,0.215116,0.215375,0.215116,25.65,25.65,0.396194,0.312859,0.550007,0.311337,0.549333,0.533069,0.532429,0.533069,0.532429,0.62165,0.535593,0.540749
615,3,18,6,1.5e+21,0.0820891,0.010249,2.9318,7.12,5.88538,176.562,27,18,0.25226,0.122946,0.196016,0.122266,0.195718,0.219881,0.219553,0.219881,0.219553,25.65,25.65,0.433318,0.346454,0.559368,0.344536,0.558519,0.534368,0.533572,0.534368,0.533572,0.669206,0.588549,0.544541
616,3,18,7,1.5e+21,0.0820891,0.0131037,2.3547,6.683,6.96946,209.084,27,18,0.333823,0.213973,0.305503,0.212772,0.304806,0.338563,0.337809,0.338563,0.337809,25.65,25.65,0.662976,0.62212,1.04103,0.618628,1.03865,0.995774,0.993557,0.995774,0.993557,0.983468,1.00513,1.01809
617,3,18,8,1.5e+21,0.0820891,0.0167535,1.9099,6.054,8.48085,254.426,27,18,0.37268,0.240717,0.323549,0.239142,0.322487,0.358618,0.357475,0.358618,0.357475,25.65,25.65,0.801626,0.786125,0.935396,0.780983,0.932326,0.932673,0.9297,0.932673,0.9297,1.14556,1.22744,0.956343
618,3,18,9,1.5e+21,0.0820891,0.02142,1.5781,5.263,10.4241,312.722,31.2722,24,0.476003,0.349721,0.485033,0.347048,0.482649,0.504152,0.501689,0.504152,0.501689,29.7086,29.7086,0.827059,0.818237,1.08435,0.811984,1.07902,1.05439,1.04923,1.05439,1.04923,1.10396,1.18374,1.11246
619,3,18,10,1.5e+21,0.0820891,0.0273861,1.3118,4.323,13.0326,390.977,39.0977,24,0.590295,0.469981,0.607594,0.465334,0.602895,0.6696,0.664497,0.6696,0.664497,37.1428,37.1428,1.1013,1.16843,1.12776,1.15688,1.11904,1.13162,1.123,1.13162,1.123,1.35697,1.5473,1.17004
620,3,18,11,1.5e+21,0.0820891,0.0350141,1.1064,3.405,16.339,490.171,49.0171,30,0.711544,0.598196,0.748307,0.589969,0.739276,0.781557,0.772214,0.781557,0.772214,46.5663,46.5663,0.895219,0.887565,1.10902,0.875358,1.09563,1.06811,1.05534,1.06811,1.05534,1.01718,1.06943,1.12203
621,3,18,12,1.5e+21,0.0820891,0.0447667,0.9491,2.617,20.6657,619.97,61.997,36,0.818695,0.71675,0.834199,0.702037,0.818153,0.841971,0.826,0.841971,0.826,58.8971,58.8971,0.945635,0.948305,1.09849,0.928839,1.07736,1.03206,1.01248,1.03206,1.01248,1.00813,1.05481,1.1045
622,3,18,13,1.5e+21,0.0820891,0.0572357,0.8352,2.045,26.1863,785.588,78.5588,42,0.89166,0.803982,0.885015,0.778418,0.857677,0.865016,0.838897,0.865016,0.838897,74.6309,74.6309,0.967976,0.975527,1.07657,0.944509,1.04331,0.954101,0.925292,0.954101,0.925292,0.99555,1.03229,1.07978
623,3,18,14,1.5e+21,0.0820891,0.0731778,0.7346,1.656,33.3518,1000.55,100.055,54,0.936005,0.864436,0.910762,0.820637,0.865235,0.855128,0.813908,0.855128,0.813908,95.0525,95.0525,0.994863,1.02657,1.00521,0.974559,0.954958,0.814681,0.775411,0.814681,0.775411,1.00661,1.05871,1.00554
624,3,18,15,1.5e+21,0.0820891,0.0935603,0.6438,1.401,42.8935,1286.8,128.68,72,0.9589,0.899379,0.904165,0.82467,0.829681,0.810034,0.747072,0.810034,0.747072,122.246,122.246,0.992744,1.05146,0.978745,0.964123,0.898117,0.714426,0.658895,0.714426,0.658895,0.997316,1.0697,0.978749
625,3,18,16,1.5e+21,0.0820891,0.11962,0.5765,1.263,53.084,1592.52,159.252,90,0.968566,0.915389,0.876591,0.799337,0.766562,0.735487,0.650853,0.735487,0.650853,151.289,151.289,0.977426,1.01277,1.13534,0.884373,0.992836,1.04123,0.921412,1.04123,0.921412,0.979394,1.02379,1.13534
626,3,19,1,1.5e+21,0.121819,0.003,19.3539,10.257,7.51877,225.563,27,18,0.180389,0.10958,0.182691,0.109284,0.182422,0.20599,0.205692,0.20599,0.205692,25.65,25.65,0.34067,0.295976,0.503825,0.295178,0.503084,0.484584,0.483883,0.484584,0.483883,0.557067,0.510276,0.493475
627,3,19,2,1.5e+21,0.121819,0.0038356,13.0845,10.369,6.81146,204.344,27,18,0.190711,0.112029,0.185291,0.111687,0.185049,0.208579,0.20831,0.208579,0.20831,25.65,25.65,0.343229,0.291248,0.476375,0.290359,0.475752,0.457375,0.456786,0.457375,0.456786,0.557175,0.501513,0.465843
628,3,19,3,1.5e+21,0.121819,0.00490394,9.345,10.373,6.39915,191.975,27,18,0.189719,0.104174,0.172885,0.103827,0.172685,0.195266,0.195044,0.195266,0.195044,25.65,25.65,0.653488,0.627067,0.411512,0.624977,0.411036,0.397747,0.397294,0.397747,0.397294,1.05494,1.07875,0.405495
629,3,19,4,1.5e+21,0.121819,0.00626986,6.8083,10.267,6.27469,188.241,27,18,0.199191,0.110101,0.179824,0.109715,0.179615,0.202862,0.202631,0.202862,0.202631,25.65,25.65,0.339085,0.277593,0.445818,0.276619,0.445301,0.425577,0.425092,0.425577,0.425092,0.542144,0.473778,0.433877
630,3,19,5,1.5e+21,0.121819,0.00801622,5.2005,10.047,6.45577,193.673,27,18,0.211825,0.119957,0.191463,0.119518,0.191226,0.215738,0.215475,0.215738,0.215475,25.65,25.65,0.357793,0.296754,0.475588,0.295666,0.474999,0.458363,0.457805,0.458363,0.457805,0.56555,0.501172,0.467638
631,3,19,6,1.5e+21,0.121819,0.010249,4.0464,9.671,6.95523,208.656,27,18,0.257146,0.16803,0.249689,0.167408,0.249303,0.278631,0.27821,0.278631,0.27821,25.65,25.65,0.47514,0.429628,0.692492,0.428038,0.691423,0.664531,0.663526,0.664531,0.663526,0.732284,0.704635,0.678807
632,3,19,7,1.5e+21,0.121819,0.0131037,3.2004,9.089,7.81973,234.592,27,18,0.277072,0.183412,0.25942,0.182685,0.258921,0.289673,0.28913,0.289673,0.28913,25.65,25.65,0.590594,0.560052,0.796202,0.557831,0.794671,0.765564,0.764129,0.765564,0.764129,0.885588,0.893057,0.783683
633,3,19,8,1.5e+21,0.121819,0.0167535,2.5502,8.223,9.16315,274.895,27.4895,18,0.323502,0.222109,0.300504,0.221095,0.299716,0.33646,0.335607,0.33646,0.335607,26.115,26.115,0.68266,0.66291,0.921518,0.659884,0.919103,0.927413,0.925061,0.927413,0.925061,0.983504,1.01668,0.953226
634,3,19,9,1.5e+21,0.121819,0.02142,2.0715,7.109,11,329.999,32.9999,24,0.408977,0.310377,0.445168,0.308718,0.44352,0.474043,0.472299,0.474043,0.472299,31.3499,31.3499,0.79301,0.786094,1.00034,0.781892,0.996636,1.01969,1.01593,1.01969,1.01593,1.069,1.12267,1.02807
635,3,19,10,1.5e+21,0.121819,0.0273861,1.7034,5.806,13.4731,404.193,40.4193,24,0.514051,0.414689,0.546198,0.411851,0.543147,0.608863,0.605509,0.608863,0.605509,38.3984,38.3984,0.749114,0.72594,1.01848,0.720973,1.01279,1.06778,1.06189,1.06778,1.06189,0.93441,0.95429,1.05829
636,3,19,11,1.5e+21,0.121819,0.0350141,1.4082,4.449,16.8656,505.968,50.5968,30,0.641402,0.542296,0.68781,0.537098,0.68186,0.724966,0.718741,0.724966,0.718741,48.067,48.067,0.844841,0.830928,1.04529,0.822965,1.03625,1.02488,1.01608,1.02488,1.01608,0.969247,0.995856,1.05832
637,3,19,12,1.5e+21,0.121819,0.0447667,1.1888,3.353,21.0608,631.824,63.1824,36,0.758011,0.662316,0.783092,0.652975,0.772542,0.79767,0.787035,0.79767,0.787035,60.0233,60.0233,0.915791,0.908931,1.03874,0.896113,1.02475,0.999138,0.985817,0.999138,0.985817,0.98547,1.0111,1.04468
638,3,19,13,1.5e+21,0.121819,0.0572357,1.0238,2.51,26.7183,801.549,80.1549,42,0.85133,0.764022,0.85202,0.747212,0.833547,0.843878,0.82588,0.843878,0.82588,76.1472,76.1472,0.9536,0.955136,1.01187,0.93412,0.989931,0.927181,0.907406,0.927181,0.907406,0.985829,1.01047,1.01512
639,3,19,14,1.5e+21,0.121819,0.0731778,0.8959,1.942,34.1098,1023.29,102.329,60,0.913654,0.839931,0.893425,0.810245,0.861938,0.857317,0.827839,0.857317,0.827839,97.2128,97.2128,0.969913,0.969998,0.995264,0.935715,0.960187,0.842609,0.813637,0.842609,0.813637,0.983874,0.999777,0.9878
640,3,19,15,1.5e+21,0.121819,0.0935603,0.793,1.601,42.8258,1284.77,128.477,72,0.945653,0.88396,0.905784,0.835022,0.855553,0.843009,0.798068,0.843009,0.798068,122.053,122.053,0.989859,1.02673,1.1229,0.969889,1.06063,0.922362,0.873191,0.922362,0.873191,0.996196,1.04507,1.1229
641,3,19,16,1.5e+21,0.121819,0.11962,0.7015,1.379,54.0218,1620.65,162.065,90,0.96284,0.910974,0.897778,0.830943,0.818773,0.79612,0.730308,0.79612,0.730308,153.962,153.962,0.985949,1.0392,1.16992,0.947905,1.06697,1.24622,1.1432,1.24622,1.1432,0.988647,1.05035,1.16992
642,3,19,17,1.5e+21,0.121819,0.152938,0.6148,1.229,69.5598,2086.8,208.68,120,0.970893,0.919814,0.854641,0.785756,0.73093,0.696622,0.60525,0.696622,0.60525,198.246,198.246,0.989657,1.0119,0.809166,0.864417,0.692038,0.503524,0.43748,0.503524,0.43748,0.990638,1.01806,0.809166
643,3,19,18,1.5e+21,0.121819,0.195537,0.5484,1.147,86.7955,2603.86,260.387,150,0.973955,0.912574,0.781532,0.705325,0.606922,0.545526,0.440432,0.545526,0.440432,247.367,247.367,0.976545,0.907499,0.59206,0.701403,0.459782,0.199899,0.161389,0.199899,0.161389,0.976906,0.910798,0.59206
644,3,20,1,1.5e+21,0.180777,0.003,32.823,12.446,12.4467,373.402,37.3402,18,0.205914,0.151112,0.261226,0.150767,0.260503,0.336034,0.335134,0.336034,0.335134,35.4732,35.4732,0.385186,0.352582,0.58011,0.351778,0.578503,0.63239,0.630696,0.63239,0.630696,0.606478,0.577905,0.63614
645,3,20,2,1.5e+21,0.180777,0.0038356,22.9734,12.867,11.3194,339.581,33.9582,18,0.214432,0.155213,0.258474,0.154834,0.257827,0.320348,0.31957,0.320348,0.31957,32.2602,32.2602,0.387282,0.35428,0.546847,0.353416,0.545477,0.645165,0.643597,0.645165,0.643597,0.606166,0.578481,0.643093
646,3,20,3,1.5e+21,0.180777,0.00490394,15.4713,13.192,10.1394,304.181,30.4182,18,0.217544,0.154248,0.24736,0.153856,0.246834,0.293774,0.293166,0.293774,0.293166,28.8972,28.8972,0.407638,0.375636,0.643594,0.374681,0.642225,0.71344,0.711962,0.71344,0.711962,0.635967,0.612263,0.738044
647,3,20,4,1.5e+21,0.180777,0.00626986,10.6699,13.293,9.292,278.761,27.876,18,0.213236,0.145483,0.223893,0.145102,0.223499,0.254371,0.253934,0.254371,0.253934,26.4822,26.4822,0.416383,0.384924,0.621414,0.383916,0.62032,0.631709,0.630623,0.631709,0.630623,0.649019,0.627608,0.646768
648,3,20,5,1.5e+21,0.180777,0.00801622,7.8038,13.158,8.91092,267.327,27,18,0.214352,0.144449,0.216594,0.144061,0.216244,0.243657,0.243273,0.243657,0.243273,25.65,25.65,0.47306,0.445163,0.691664,0.443968,0.690546,0.715673,0.714543,0.715673,0.714543,0.732582,0.721326,0.731014
649,3,20,6,1.5e+21,0.180777,0.010249,5.7939,12.747,8.95669,268.7,27,18,0.225003,0.15286,0.223323,0.152433,0.222956,0.250878,0.250477,0.250878,0.250477,25.65,25.65,0.53235,0.508844,0.759022,0.507421,0.757776,0.78122,0.77997,0.78122,0.77997,0.812382,0.812456,0.798666
650,3,20,7,1.5e+21,0.180777,0.0131037,4.4546,12.038,9.45892,283.768,28.3768,18,0.251164,0.177183,0.250922,0.176654,0.250455,0.285494,0.284979,0.285494,0.284979,26.9579,26.9579,0.524578,0.500041,0.736985,0.49855,0.735614,0.77743,0.776028,0.77743,0.776028,0.780478,0.778029,0.799796
651,3,20,8,1.5e+21,0.180777,0.0167535,3.496,10.973,10.4558,313.676,31.3675,18,0.299684,0.225676,0.304408,0.224937,0.303695,0.359577,0.358771,0.359577,0.358771,29.7992,29.7992,0.561771,0.538601,0.819329,0.536839,0.817412,0.868883,0.866936,0.868883,0.866936,0.800049,0.8005,0.909855
652,3,20,9,1.5e+21,0.180777,0.02142,2.7773,9.503,12.0622,361.866,36.1866,24,0.355698,0.278839,0.40487,0.277759,0.403665,0.443423,0.442113,0.443423,0.442113,34.3772,34.3772,0.746406,0.738285,0.947765,0.735425,0.944943,0.963943,0.961093,0.963943,0.961093,1.00744,1.03887,0.976028
653,3,20,10,1.5e+21,0.180777,0.0273861,2.2459,7.767,14.3418,430.255,43.0254,24,0.449148,0.369364,0.489829,0.367564,0.487738,0.557721,0.555377,0.557721,0.555377,40.8742,40.8742,0.754266,0.740453,0.949645,0.736845,0.945593,0.996544,0.992357,0.996544,0.992357,0.943324,0.961447,1.02685
654,3,20,11,1.5e+21,0.180777,0.0350141,1.8382,5.968,17.4827,524.482,52.4482,30,0.563332,0.478718,0.619823,0.475525,0.615939,0.658168,0.65407,0.658168,0.65407,49.8258,49.8258,0.861823,0.857868,1.00508,0.852147,0.998786,1.02751,1.02111,1.02751,1.02111,0.997856,1.02589,1.01835
655,3,20,12,1.5e+21,0.180777,0.0447667,1.5207,4.381,21.7278,651.836,65.1835,36,0.689288,0.602452,0.727754,0.596536,0.720713,0.747804,0.740627,0.747804,0.740627,61.9244,61.9244,0.921152,0.924186,1.1193,0.91511,1.10847,1.10143,1.09086,1.10143,1.09086,0.996959,1.02535,1.127
656,3,20,13,1.5e+21,0.180777,0.0572357,1.2747,3.193,27.2928,818.784,81.8784,48,0.797441,0.712846,0.818048,0.702043,0.80558,0.809396,0.797189,0.809396,0.797189,77.7845,77.7845,0.979233,0.998217,1.14865,0.983089,1.13115,1.11799,1.10113,1.11799,1.10113,1.01765,1.05652,1.13806
657,3,20,14,1.5e+21,0.180777,0.0731778,1.112,2.413,34.1875,1025.62,102.562,60,0.87554,0.799396,0.866318,0.78056,0.845651,0.843039,0.823261,0.843039,0.823261,97.4343,97.4343,0.992907,1.01516,1.08304,0.991241,1.05721,0.982202,0.959159,0.982202,0.959159,1.01147,1.04833,1.07691
658,3,20,15,1.5e+21,0.180777,0.0935603,0.9759,1.886,43.2553,1297.66,129.766,72,0.925118,0.859942,0.895111,0.827638,0.860937,0.852153,0.820499,0.852153,0.820499,123.278,123.278,1.00938,1.06202,1.12783,1.02212,1.08477,1.09627,1.05555,1.09627,1.05555,1.01793,1.08175,1.12783
659,3,20,16,1.5e+21,0.180777,0.11962,0.8564,1.547,55.0355,1651.07,165.106,96,0.953336,0.899878,0.898799,0.845067,0.843386,0.831516,0.782402,0.831516,0.782402,156.851,156.851,0.98061,0.973088,0.950078,0.913818,0.891502,0.744858,0.700863,0.744858,0.700863,0.984143,0.983491,0.957983
660,3,20,17,1.5e+21,0.180777,0.152938,0.7512,1.334,70.4031,2112.09,211.209,120,0.96648,0.918458,0.885031,0.826688,0.79607,0.772865,0.700414,0.772865,0.700414,200.649,200.649,0.98091,0.971398,0.905607,0.874339,0.814577,0.654314,0.592976,0.654314,0.592976,0.982293,0.977355,0.905607
661,3,20,18,1.5e+21,0.180777,0.195537,0.6651,1.21,88.7626,2662.88,266.288,150,0.971951,0.921249,0.844986,0.774659,0.710751,0.667905,0.572765,0.667905,0.572765,252.973,252.973,0.974236,0.920649,0.720388,0.774154,0.605947,0.399009,0.342171,0.399009,0.342171,0.974769,0.924026,0.720388
662,3,20,19,1.5e+21,0.180777,0.25,0.5906,1.132,111.556,3346.67,334.667,192,0.974429,0.908904,0.753751,0.679928,0.566726,0.494243,0.39007,0.494243,0.39007,317.934,317.934,0.970984,0.8466,0.442481,0.63332,0.33269,0.03995,0.0315297,0.03995,0.0315297,0.971173,0.848441,0.442481
663,3,21,1,1.5e+21,0.26827,0.003,59.0125,13.497,20.236,607.081,60.7081,18,0.227054,0.180751,0.33595,0.180383,0.334273,0.45168,0.449445,0.462301,0.460019,36,54,0.353822,0.320115,0.55544,0.319463,0.552667,0.60486,0.601866,0.626483,0.62339,0.534389,0.499082,0.57536
664,3,21,2,1.5e+21,0.26827,0.0038356,36.8688,14.466,18.4048,552.143,55.2143,18,0.243427,0.194579,0.338143,0.194152,0.336524,0.450794,0.4488,0.45968,0.457653,36,52.4536,0.386147,0.353144,0.63559,0.352369,0.632547,0.766708,0.763317,0.764875,0.761502,0.574305,0.542666,0.723784
665,3,21,3,1.5e+21,0.26827,0.00490394,25.2892,15.168,16.6237,498.71,49.871,18,0.246452,0.197209,0.328224,0.196773,0.326896,0.436079,0.434442,0.443363,0.441702,36,47.3774,0.391102,0.359698,0.592233,0.358901,0.589838,0.693965,0.69136,0.678038,0.675499,0.578399,0.549484,0.63452
666,3,21,4,1.5e+21,0.26827,0.00626986,18.7762,15.594,15.2341,457.022,45.7022,18,0.244839,0.195514,0.314038,0.195083,0.312989,0.415565,0.414259,0.420758,0.419438,36,43.4171,0.408076,0.378496,0.630382,0.377662,0.628276,0.771752,0.769327,0.748164,0.745816,0.60266,0.577209,0.743244
667,3,21,5,1.5e+21,0.26827,0.00801622,12.5132,15.878,13.6319,408.957,40.8958,18,0.243991,0.194262,0.302122,0.193837,0.301295,0.394918,0.393894,0.396774,0.395745,36,38.851,0.404447,0.377109,0.607866,0.376284,0.606201,0.755376,0.753416,0.749207,0.747264,0.593824,0.571289,0.684295
668,3,21,6,1.5e+21,0.26827,0.010249,8.7682,15.697,12.7313,381.939,38.1939,18,0.246852,0.19582,0.291622,0.195384,0.290937,0.37636,0.37552,0.376725,0.375884,36,36.2842,0.656611,0.646535,0.654802,0.645097,0.653264,0.782322,0.780575,0.781034,0.779291,0.955342,0.970208,0.772081
669,3,21,7,1.5e+21,0.26827,0.0131037,6.5184,15.075,12.518,375.54,37.554,18,0.258993,0.205969,0.29462,0.205489,0.29395,0.3768,0.375989,0.3768,0.375989,35.6763,35.6763,0.471353,0.448762,0.719265,0.447716,0.71763,0.900688,0.898748,0.900688,0.898748,0.673207,0.66076,0.868204
670,3,21,8,1.5e+21,0.26827,0.0167535,4.8926,13.873,12.9671,389.013,38.9013,24,0.289055,0.23389,0.367737,0.233294,0.366873,0.412474,0.411512,0.412474,0.411512,36.9563,36.9563,0.495227,0.472108,0.750682,0.470904,0.748917,0.773163,0.771361,0.773163,0.771361,0.682972,0.670583,0.773901
671,3,21,9,1.5e+21,0.26827,0.02142,3.8113,12.205,14.0897,422.692,42.2692,24,0.337398,0.279051,0.407621,0.278233,0.406488,0.464519,0.463243,0.464519,0.463243,40.1557,40.1557,0.581504,0.562363,0.834669,0.560714,0.832349,0.908878,0.906381,0.908878,0.906381,0.764229,0.76015,0.865924
672,3,21,10,1.5e+21,0.26827,0.0273861,3.027,10.133,15.9713,479.139,47.9138,24,0.404133,0.340605,0.457271,0.339374,0.455626,0.531941,0.530068,0.531941,0.530068,45.5181,45.5181,0.635353,0.615524,0.744777,0.6133,0.742098,0.83576,0.832818,0.83576,0.832818,0.786485,0.782185,0.840144
673,3,21,11,1.5e+21,0.26827,0.0350141,2.4369,7.887,18.7837,563.512,56.3512,30,0.499314,0.429149,0.567505,0.427084,0.564732,0.609131,0.606176,0.609131,0.606176,53.5336,53.5336,0.75537,0.741329,0.994786,0.737762,0.989927,1.01989,1.01494,1.01989,1.01494,0.873638,0.877321,1.01099
674,3,21,12,1.5e+21,0.26827,0.0447667,1.983,5.797,22.7885,683.654,68.3654,36,0.616149,0.539748,0.668569,0.536009,0.663768,0.692621,0.68768,0.692621,0.68768,64.9471,64.9471,0.894898,0.892536,1.05318,0.886352,1.04562,1.04169,1.03425,1.04169,1.03425,0.973711,0.989377,1.06194
675,3,21,13,1.5e+21,0.26827,0.0572357,1.6443,4.193,28.0497,841.49,84.149,48,0.730503,0.651475,0.76741,0.644689,0.759077,0.763814,0.755584,0.763814,0.755584,79.9415,79.9415,0.991093,1.00744,1.09511,0.996944,1.08322,1.04749,1.0362,1.04749,1.0362,1.03623,1.06869,1.09572
676,3,21,14,1.5e+21,0.26827,0.0731778,1.3789,3.045,35.0434,1051.3,105.13,60,0.829031,0.753602,0.83141,0.741314,0.817325,0.815492,0.801845,0.815492,0.801845,99.8738,99.8738,1.01242,1.04277,1.14856,1.02577,1.12911,1.09235,1.07407,1.09235,1.07407,1.03473,1.07755,1.14861
677,3,21,15,1.5e+21,0.26827,0.0935603,1.2051,2.294,44.0327,1320.98,132.098,72,0.894888,0.826819,0.874073,0.805542,0.850721,0.844086,0.821971,0.844086,0.821971,125.493,125.493,0.995784,1.00999,1.0777,0.983999,1.04891,0.962856,0.93763,0.962856,0.93763,1.00635,1.02936,1.07771
678,3,21,16,1.5e+21,0.26827,0.11962,1.0563,1.807,55.6176,1668.53,166.853,96,0.936616,0.879464,0.893921,0.843152,0.855904,0.847212,0.812242,0.847212,0.812242,158.51,158.51,1.00583,1.03804,1.08142,0.995177,1.03543,0.93544,0.896829,0.93544,0.896829,1.01074,1.04972,1.07497
679,3,21,17,1.5e+21,0.26827,0.152938,0.9253,1.496,70.7627,2122.88,212.288,120,0.958028,0.90864,0.896973,0.847552,0.835388,0.8195,0.765896,0.8195,0.765896,201.674,201.674,0.993411,1.01791,0.975234,0.949478,0.908275,0.765083,0.715039,0.765083,0.715039,0.995381,1.02432,0.975234
680,3,21,18,1.5e+21,0.26827,0.195537,0.8164,1.31,89.314,2679.42,267.942,150,0.968028,0.92163,0.879307,0.822462,0.783458,0.755929,0.679556,0.755929,0.679556,254.545,254.545,0.987241,1.00365,0.805138,0.895656,0.717374,0.551093,0.495415,0.551093,0.495415,0.988084,1.00762,0.805138
681,3,21,19,1.5e+21,0.26827,0.25,0.7198,1.192,113.282,3398.47,339.847,192,0.972751,0.921111,0.829254,0.760985,0.684834,0.637352,0.538772,0.637352,0.538772,322.854,322.854,0.985367,1.00393,0.597146,0.829406,0.49315,0.271314,0.22935,0.271314,0.22935,0.985687,1.00632,0.597146
682,3,22,2,1.5e+21,0.398107,0.0038356,57.8315,15.271,29.0182,870.545,87.0546,18,0.258724,0.213332,0.390835,0.212887,0.38881,0.528448,0.524432,0.552125,0.547953,36,54,0.472053,0.443444,0.639587,0.442519,0.636274,0.670315,0.66522,0.757932,0.752204,0.682242,0.659316,0.749407
683,3,22,3,1.5e+21,0.398107,0.00490394,46.4806,15.829,27.7868,833.603,83.3603,18,0.262899,0.217669,0.388232,0.217214,0.386263,0.522845,0.519153,0.544268,0.540441,36,54,0.47196,0.443423,0.650988,0.442495,0.647686,0.72009,0.715005,0.824017,0.818223,0.676972,0.653905,0.764063
684,3,22,4,1.5e+21,0.398107,0.00626986,30.5593,16.777,24.9752,749.255,74.9255,24,0.26548,0.221428,0.43449,0.220975,0.431905,0.520758,0.517746,0.519651,0.516656,48,71.1792,0.467036,0.439265,0.704975,0.438367,0.700781,0.708758,0.704658,0.697758,0.693737,0.661962,0.638999,0.737343
685,3,22,5,1.5e+21,0.398107,0.00801622,21.4647,17.346,22.4894,674.682,67.4683,24,0.26595,0.222952,0.41815,0.222506,0.416092,0.498356,0.496006,0.498131,0.495788,48,64.0949,0.468985,0.443837,0.724358,0.44295,0.720793,0.84004,0.836079,0.8028,0.799024,0.657983,0.63814,0.756901
686,3,22,6,1.5e+21,0.398107,0.010249,14.1908,17.595,19.9061,597.182,59.7182,24,0.269055,0.226632,0.400762,0.226184,0.39924,0.474749,0.472994,0.474958,0.473206,48,56.7323,0.460911,0.437508,0.628043,0.436643,0.625657,0.734324,0.731611,0.71281,0.71018,0.637115,0.618823,0.655091
687,3,22,7,1.5e+21,0.398107,0.0131037,10.0874,17.291,18.3579,550.738,55.0738,24,0.27771,0.234849,0.391785,0.234375,0.39053,0.462153,0.460705,0.462268,0.460821,48,52.3201,0.482206,0.460632,0.71117,0.459703,0.708892,0.82913,0.826533,0.820917,0.818347,0.654639,0.639209,0.741345
688,3,22,8,1.5e+21,0.398107,0.0167535,7.3701,16.389,17.6449,529.348,52.9348,24,0.295563,0.251196,0.393251,0.250659,0.392091,0.46309,0.461753,0.463153,0.461816,48,50.288,0.517564,0.498838,0.80711,0.497772,0.804729,0.869427,0.866916,0.865498,0.863,0.684805,0.674029,0.845336
689,3,22,9,1.5e+21,0.398107,0.02142,5.4576,14.74,17.8566,535.698,53.5697,24,0.328574,0.281166,0.408967,0.280491,0.407728,0.482549,0.481124,0.482665,0.48124,48,50.8912,0.562585,0.545044,0.818622,0.543736,0.816142,0.889788,0.88716,0.88467,0.882058,0.716322,0.70795,0.857113
690,3,22,10,1.5e+21,0.398107,0.0273861,4.1923,12.544,19.051,571.531,57.1531,30,0.379712,0.327654,0.485202,0.326716,0.48356,0.522357,0.520599,0.522357,0.520599,54.2955,54.2955,0.637597,0.621044,0.840392,0.619265,0.837547,0.904673,0.901627,0.904673,0.901627,0.773308,0.767303,0.852679
691,3,22,11,1.5e+21,0.398107,0.0350141,3.3016,10.046,21.2808,638.425,63.8425,30,0.45298,0.394589,0.530093,0.393143,0.527848,0.576454,0.574037,0.576388,0.573972,60,60.6504,0.770869,0.760748,0.932433,0.757961,0.928485,0.988498,0.984355,0.987775,0.983636,0.885812,0.888804,0.950136
692,3,22,12,1.5e+21,0.398107,0.0447667,2.6463,7.592,24.7257,741.769,74.177,36,0.549514,0.483963,0.616976,0.481526,0.613457,0.645085,0.641432,0.645085,0.641432,70.4681,70.4681,1.07705,1.10707,0.961856,1.10149,0.956371,1.05308,1.04712,1.05308,1.04712,1.17622,1.22614,0.972956
693,3,22,13,1.5e+21,0.398107,0.0572357,2.1565,5.521,29.6014,888.042,88.8043,48,0.662517,0.591698,0.714426,0.587342,0.708609,0.7144,0.708618,0.7144,0.708618,84.3641,84.3641,2.14849,2.42199,0.97656,2.40416,0.968608,0.987101,0.979112,0.987101,0.979112,2.25868,2.57559,0.977354
694,3,22,14,1.5e+21,0.398107,0.0731778,1.7805,3.955,36.2942,1088.82,108.882,60,0.770143,0.698162,0.788661,0.690298,0.779003,0.778029,0.768586,0.778029,0.768586,103.438,103.438,1.41246,1.56831,1.03356,1.55065,1.0209,1.02951,1.01701,1.02951,1.01701,1.45044,1.62541,1.03362
695,3,22,15,1.5e+21,0.398107,0.0935603,1.4986,2.874,45.2301,1356.9,135.69,72,0.853711,0.784689,0.844457,0.770735,0.828402,0.823446,0.808008,0.823446,0.808008,128.906,128.906,1.01798,1.04446,1.04446,1.02588,1.02461,1.00415,0.985322,1.00415,0.985322,1.03127,1.06564,1.04448
696,3,22,16,1.5e+21,0.398107,0.11962,1.3054,2.17,56.9312,1707.94,170.794,96,0.911559,0.850575,0.878957,0.826338,0.852523,0.845209,0.820334,0.845209,0.820334,162.254,162.254,0.99967,1.02041,1.13662,0.991336,1.10244,1.02255,0.992454,1.02255,0.992454,1.00588,1.0324,1.13662
697,3,22,17,1.5e+21,0.398107,0.152938,1.14,1.723,72.0436,2161.31,216.131,120,0.944799,0.892456,0.896078,0.85129,0.853002,0.840702,0.801659,0.840702,0.801659,205.324,205.324,0.989762,1.00495,1.04528,0.958593,0.995036,0.906848,0.864733,0.906848,0.864733,0.992479,1.01174,1.04528
698,3,22,18,1.5e+21,0.398107,0.195537,1.0013,1.45,90.9082,2727.24,272.724,156,0.961344,0.91446,0.890843,0.846698,0.822889,0.806101,0.747804,0.806101,0.747804,259.088,259.088,0.98356,0.989582,0.956457,0.916253,0.883497,0.751915,0.697537,0.751915,0.697537,0.984626,0.993239,0.974902
699,3,22,19,1.5e+21,0.398107,0.25,0.8765,1.274,116.083,3482.49,348.249,198,0.96991,0.92418,0.864951,0.811609,0.757872,0.727778,0.645055,0.727778,0.645055,330.836,330.836,0.981339,0.97937,0.825401,0.860076,0.723218,0.55449,0.491463,0.55449,0.491463,0.981723,0.981354,0.825401
700,3,23,4,1.5e+21,0.590784,0.00626986,56.0253,17.023,41.1848,1235.54,123.554,24,0.274337,0.23182,0.481617,0.231357,0.478487,0.602298,0.595909,0.610659,0.604206,48,72,0.608919,0.588252,0.781422,0.587077,0.776345,0.846338,0.837361,0.946527,0.936524,0.853577,0.845,0.858093
701,3,23,5,1.5e+21,0.590784,0.00801622,38.4577,17.9,37.7466,1132.4,113.24,24,0.276442,0.235511,0.468795,0.235057,0.465975,0.582484,0.577279,0.587028,0.581793,48,72,0.648075,0.630687,0.83166,0.629469,0.826658,0.910699,0.902562,0.957,0.948465,0.895406,0.891111,0.919615
702,3,23,6,1.5e+21,0.590784,0.010249,24.9669,18.485,33.3158,999.473,99.9473,24,0.28066,0.241114,0.452975,0.240661,0.450523,0.556459,0.552593,0.558338,0.554465,48,72,0.700388,0.687041,0.77032,0.685752,0.76615,0.856464,0.850513,0.914214,0.907871,0.947993,0.948849,0.857576
703,3,23,7,1.5e+21,0.590784,0.0131037,17.5257,18.516,29.8597,895.791,89.5791,24,0.288375,0.249262,0.441295,0.248794,0.439114,0.536926,0.533935,0.537976,0.534985,48,72,0.738136,0.727575,0.752705,0.726209,0.748986,0.803843,0.799365,0.845025,0.840327,0.978062,0.982079,0.827919
704,3,23,8,1.5e+21,0.590784,0.0167535,11.5103,17.849,26.5822,797.467,79.7467,24,0.305894,0.266187,0.432512,0.265666,0.430595,0.522175,0.519864,0.523017,0.520708,48,72,0.756589,0.748876,0.777547,0.747412,0.7741,0.894346,0.890389,0.88392,0.880017,0.970516,0.976857,0.842717
705,3,23,9,1.5e+21,0.590784,0.02142,8.1986,16.528,25.0217,750.651,75.0651,30,0.331221,0.289662,0.476593,0.289046,0.474689,0.523867,0.521808,0.523042,0.520989,60,71.3118,0.823729,0.820522,0.867927,0.818777,0.864461,0.92996,0.926304,0.905068,0.901516,1.02078,1.03259,0.889297
706,3,23,10,1.5e+21,0.590784,0.0273861,6.043,14.541,24.8177,744.531,74.4532,30,0.369715,0.324769,0.489152,0.323976,0.487228,0.539169,0.537086,0.538429,0.536352,60,70.7305,1.01245,1.02313,0.871135,1.02064,0.867709,0.943571,0.939925,0.919734,0.916186,1.20534,1.23535,0.895197
707,3,23,11,1.5e+21,0.590784,0.0350141,4.6476,12.178,25.91,777.301,77.7301,36,0.423077,0.373246,0.542084,0.372139,0.539789,0.569293,0.566897,0.569048,0.566655,72,73.8436,2.35032,2.48243,0.922031,2.47507,0.918128,0.935195,0.93126,0.932636,0.928713,2.68342,2.87056,0.932746
708,3,23,12,1.5e+21,0.590784,0.0447667,3.6003,9.475,28.5593,856.778,85.6778,42,0.505256,0.449098,0.607682,0.447338,0.604567,0.619305,0.616144,0.619305,0.616144,81.3939,81.3939,0.681335,0.657543,0.916047,0.654966,0.91135,0.980004,0.975002,0.980004,0.975002,0.744883,0.726874,0.919774
709,3,23,13,1.5e+21,0.590784,0.0572357,2.8803,7.093,32.6963,980.888,98.0888,48,0.602611,0.540287,0.673707,0.537336,0.66919,0.677186,0.67267,0.677186,0.67267,93.1844,93.1844,0.819968,0.803213,0.998305,0.798826,0.991611,1.0345,1.0276,1.0345,1.0276,0.866183,0.856436,1.00027
710,3,23,14,1.5e+21,0.590784,0.0731778,2.3325,5.11,38.8655,1165.97,116.597,60,0.708174,0.641361,0.746973,0.636165,0.739906,0.739551,0.732604,0.739551,0.732604,110.767,110.767,0.944185,0.944767,1.21255,0.937115,1.20107,1.20365,1.19234,1.20365,1.19234,0.973559,0.981641,1.21273
711,3,23,15,1.5e+21,0.590784,0.0935603,1.9177,3.656,47.4561,1423.68,142.368,78,0.803644,0.736083,0.809775,0.726846,0.798352,0.794884,0.783786,0.794884,0.783786,135.25,135.25,1.39807,1.56557,1.18881,1.54593,1.17204,1.2005,1.18374,1.2005,1.18374,1.42023,1.60007,1.18251
712,3,23,16,1.5e+21,0.590784,0.11962,1.6329,2.704,58.5147,1755.44,175.544,96,0.875154,0.811801,0.855202,0.795904,0.836869,0.830893,0.813359,0.830893,0.813359,166.767,166.767,1.011,1.03602,1.04566,1.01573,1.02325,1.07312,1.05047,1.07312,1.05047,1.01894,1.04908,1.04566
713,3,23,17,1.5e+21,0.590784,0.152938,1.4166,2.056,73.6308,2208.92,220.893,120,0.923092,0.86653,0.884905,0.839162,0.854896,0.845334,0.817365,0.845334,0.817365,209.848,209.848,0.987411,0.999502,0.964108,0.967934,0.931413,0.935793,0.904831,0.935793,0.904831,0.990941,1.0066,0.964108
714,3,23,18,1.5e+21,0.590784,0.195537,1.2391,1.661,92.3977,2771.93,277.193,156,0.949863,0.900272,0.894208,0.854799,0.846586,0.833887,0.791126,0.833887,0.791126,263.333,263.333,0.978315,0.978016,0.95045,0.928616,0.899833,0.843751,0.800484,0.843751,0.800484,0.979685,0.981581,0.95045
715,3,23,19,1.5e+21,0.590784,0.25,1.0871,1.412,116.329,3489.86,348.986,198,0.963882,0.918672,0.886572,0.844187,0.811985,0.792227,0.729395,0.792227,0.729395,331.537,331.537,0.973829,0.956606,0.930244,0.879045,0.851983,0.713157,0.656596,0.713157,0.656596,0.974371,0.958549,0.930244
716,3,24,5,1.5e+21,0.876712,0.00801622,55.707,18.457,58.3984,1751.95,175.195,24,0.283551,0.244217,0.487279,0.24376,0.484432,0.62965,0.621697,0.658995,0.649496,48,72,0.707372,0.692073,0.816462,0.690777,0.811692,0.941638,0.929745,0.923603,0.910289,0.965287,0.964203,0.87883
717,3,24,6,1.5e+21,0.876712,0.010249,39.7985,18.971,53.8939,1616.82,161.682,24,0.287879,0.249753,0.477322,0.249297,0.474742,0.612784,0.605697,0.636573,0.62877,48,72,0.810659,0.801587,0.832598,0.800123,0.828098,0.967689,0.956497,0.948693,0.937064,1.08547,1.09368,0.896292
718,3,24,7,1.5e+21,0.876712,0.0131037,28.9194,19.09,49.1787,1475.36,147.536,24,0.295835,0.258334,0.469984,0.257864,0.467622,0.598118,0.591967,0.616418,0.610118,48,72,1.01309,1.01541,0.864888,1.01356,0.860541,0.969525,0.959553,1.03621,1.02562,1.3276,1.35361,0.929243
719,3,24,8,1.5e+21,0.876712,0.0167535,20.1653,18.748,43.9324,1317.97,131.797,24,0.309626,0.272114,0.464351,0.271609,0.462189,0.584439,0.57964,0.596792,0.591923,48,72,1.65831,1.69723,0.938693,1.69408,0.934324,1.00136,0.993134,1.01054,1.00229,2.11279,2.19597,0.990961
720,3,24,9,1.5e+21,0.876712,0.02142,13.3438,17.656,38.8154,1164.46,116.446,30,0.33383,0.295226,0.509577,0.294641,0.506814,0.580908,0.577217,0.578923,0.575251,60,90,2.16652,2.23976,1.11739,2.23532,1.11133,1.19734,1.18973,1.22625,1.21848,2.65879,2.78642,1.17042
721,3,24,10,1.5e+21,0.876712,0.0273861,9.3805,16.001,35.8278,1074.83,107.484,30,0.366585,0.325817,0.509467,0.325098,0.506882,0.577539,0.574414,0.575602,0.572494,60,90,0.579946,0.557898,1.0359,0.556668,1.03065,0.986523,0.981185,1.04988,1.04421,0.685687,0.667692,1.02854
722,3,24,11,1.5e+21,0.876712,0.0350141,6.7551,13.734,34.737,1042.11,104.211,36,0.41446,0.370073,0.546429,0.369109,0.543548,0.589898,0.586888,0.586987,0.584001,72,99.0006,0.662158,0.64326,0.983763,0.641585,0.978576,1.03162,1.02636,1.01599,1.01083,0.752326,0.738732,0.944432
723,3,24,12,1.5e+21,0.876712,0.0447667,5.1078,11.257,35.6158,1068.48,106.848,42,0.47657,0.427403,0.593662,0.426019,0.590461,0.616343,0.613046,0.614182,0.610905,84,101.505,0.85844,0.853972,1.01947,0.851207,1.01397,1.1084,1.10247,1.08759,1.08179,0.940376,0.944264,1.03241
724,3,24,13,1.5e+21,0.876712,0.0572357,3.9586,8.737,38.4684,1154.05,115.405,48,0.556276,0.50125,0.646965,0.499095,0.642914,0.658722,0.654616,0.656743,0.652658,96,109.635,0.972102,0.977378,1.00428,0.973176,0.997992,1.08782,1.08104,1.06929,1.06264,1.03112,1.04493,1.03759
725,3,24,14,1.5e+21,0.876712,0.0731778,3.1472,6.52,43.423,1302.69,130.269,60,0.648373,0.587813,0.713369,0.584267,0.707681,0.709407,0.703782,0.708704,0.703088,120,123.755,1.41361,1.49799,1.08741,1.48895,1.07874,1.11547,1.10663,1.11193,1.10312,1.46452,1.56217,1.0882
726,3,24,15,1.5e+21,0.876712,0.0935603,2.5383,4.714,51.0439,1531.32,153.132,78,0.744927,0.680798,0.774308,0.674687,0.765796,0.762383,0.754072,0.762383,0.754072,145.475,145.475,1.25076,1.32757,1.15676,1.31565,1.14405,1.18474,1.17182,1.18474,1.17182,1.27489,1.36031,1.15677
727,3,24,16,1.5e+21,0.876712,0.11962,2.092,3.428,61.4923,1844.77,184.477,96,0.829414,0.766148,0.826121,0.75563,0.812933,0.807551,0.794812,0.807551,0.794812,175.253,175.253,1.08965,1.13509,1.00708,1.1195,0.991002,0.973732,0.958371,0.973732,0.958371,1.10041,1.15104,1.00708
728,3,24,17,1.5e+21,0.876712,0.152938,1.7825,2.541,75.8802,2276.41,227.641,120,0.890995,0.831285,0.865257,0.813282,0.844238,0.836406,0.816449,0.836406,0.816449,216.259,216.259,1.00007,1.0203,1.00666,0.998202,0.982203,1.00745,0.983408,1.00745,0.983408,1.00482,1.02839,1.00666
729,3,24,18,1.5e+21,0.876712,0.195537,1.5416,1.955,95.1512,2854.54,285.454,156,0.931919,0.878693,0.887682,0.847993,0.85383,0.843299,0.812017,0.843299,0.812017,271.181,271.181,0.983292,0.991314,0.959877,0.956679,0.923272,0.903346,0.869836,0.903346,0.869836,0.985316,0.995581,0.959877
730,3,24,19,1.5e+21,0.876712,0.25,1.3453,1.598,119.139,3574.18,357.418,198,0.954188,0.906619,0.893748,0.855957,0.840419,0.824875,0.777712,0.824875,0.777712,339.547,339.547,0.978451,0.977493,0.918419,0.922871,0.863617,0.800479,0.754711,0.800479,0.754711,0.979225,0.979644,0.918419
731,3,25,7,1.5e+21,1.30103,0.0131037,47.3527,19.402,79.5187,2385.56,238.556,24,0.300629,0.264,0.482332,0.263528,0.47993,0.634222,0.627091,0.682194,0.670538,48,72,0.899439,0.89499,0.873416,0.893389,0.869068,0.963845,0.953008,0.99498,0.977979,1.17392,1.18759,0.924966
732,3,25,8,1.5e+21,1.30103,0.0167535,32.8575,19.115,71.9835,2159.5,215.95,24,0.315637,0.279186,0.477397,0.278678,0.4752,0.623917,0.617525,0.665177,0.655292,48,72,1.25909,1.27445,0.939378,1.27213,0.935054,1.00562,0.995317,1.00282,0.987916,1.5933,1.6365,0.981483
733,3,25,9,1.5e+21,1.30103,0.02142,22.4695,18.241,63.9594,1918.78,191.878,30,0.337208,0.300083,0.530383,0.299508,0.527447,0.638386,0.6311,0.651519,0.64393,60,90,2.56295,2.65454,1.11009,2.64946,1.10394,1.10575,1.09312,1.07873,1.06616,3.13238,3.28637,1.12749
734,3,25,10,1.5e+21,1.30103,0.0273861,15.6582,16.892,57.1069,1713.21,171.321,30,0.366224,0.327694,0.53012,0.327012,0.527369,0.629746,0.623873,0.637437,0.631526,60,90,0.760605,0.747847,1.28428,0.746289,1.27761,1.25122,1.23955,1.25193,1.24032,0.897835,0.892859,1.29048
735,3,25,11,1.5e+21,1.30103,0.0350141,10.7364,14.919,51.6646,1549.94,154.994,36,0.407655,0.366549,0.565191,0.365676,0.561933,0.632946,0.628134,0.630259,0.625475,72,108,1.02372,1.02872,1.19196,1.02627,1.18508,1.14173,1.13305,1.23178,1.22243,1.16336,1.18058,1.21385
736,3,25,12,1.5e+21,1.30103,0.0447667,7.5905,12.551,49.0136,1470.41,147.041,42,0.461943,0.417008,0.599704,0.415808,0.595857,0.641229,0.636843,0.636684,0.632342,84,126,2.24029,2.3523,1.13191,2.34554,1.12465,1.21528,1.20697,1.22698,1.21861,2.45611,2.60058,1.15668
737,3,25,13,1.5e+21,1.30103,0.0572357,5.6845,10.199,49.2448,1477.35,147.735,54,0.525956,0.47639,0.649229,0.474667,0.644713,0.662131,0.657564,0.65814,0.653617,108,140.348,0.652827,0.621194,1.25163,0.618948,1.24292,1.3753,1.36581,1.33714,1.32796,0.695055,0.666066,1.26308
738,3,25,14,1.5e+21,1.30103,0.0731778,4.3583,7.883,52.2343,1567.03,156.703,60,0.604799,0.549925,0.692636,0.547266,0.687243,0.698519,0.693105,0.694616,0.689253,120,148.868,0.769108,0.742781,1.12089,0.739188,1.11216,1.23531,1.22574,1.20963,1.20029,0.799713,0.776845,1.12445
739,3,25,15,1.5e+21,1.30103,0.0935603,3.452,5.926,57.9915,1739.74,173.974,78,0.690238,0.630822,0.748514,0.626555,0.741346,0.739543,0.732502,0.738038,0.731023,156,165.276,0.871282,0.853012,1.16008,0.847242,1.14897,1.19651,1.18511,1.18926,1.17796,0.891174,0.876575,1.16021
740,3,25,16,1.5e+21,1.30103,0.11962,2.7723,4.326,67.2971,2018.91,201.891,96,0.779118,0.717785,0.798894,0.710589,0.788596,0.783203,0.773206,0.783203,0.773206,191.797,191.797,1.20691,1.27817,1.11148,1.26535,1.09716,1.07637,1.06263,1.07637,1.06263,1.22127,1.29807,1.11148
741,3,25,17,1.5e+21,1.30103,0.152938,2.2732,3.172,80.5022,2415.07,241.507,120,0.851806,0.791333,0.842016,0.779175,0.826498,0.819288,0.804398,0.819288,0.804398,229.431,229.431,1.0403,1.06715,0.958497,1.05075,0.940832,0.867641,0.851873,0.867641,0.851873,1.04636,1.0763,0.958497
742,3,25,18,1.5e+21,1.30103,0.195537,1.9413,2.368,99.3117,2979.35,297.935,156,0.905554,0.848987,0.873642,0.828277,0.849155,0.839887,0.816831,0.839887,0.816831,283.038,283.038,0.988712,1.00081,0.959262,0.976393,0.932376,0.92642,0.900988,0.92642,0.900988,0.991456,1.00568,0.959262
743,3,25,19,1.5e+21,1.30103,0.25,1.683,1.866,122.935,3688.06,368.806,198,0.938755,0.887961,0.890559,0.853718,0.852369,0.839607,0.804714,0.839607,0.804714,350.366,350.366,0.981962,0.987001,0.926004,0.948939,0.886294,0.838701,0.803845,0.838701,0.803845,0.983157,0.989652,0.926004
744,3,26,8,1.5e+21,1.9307,0.0167535,52.0807,19.317,114.608,3438.25,343.825,24,0.319587,0.283737,0.484108,0.283226,0.481914,0.637495,0.630979,0.696794,0.685325,48,72,1.05472,1.05923,0.923675,1.05733,0.919489,0.987352,0.97726,1.02585,1.00896,1.32971,1.3545,0.963491
745,3,26,9,1.5e+21,1.9307,0.02142,39.8054,18.729,106.994,3209.82,320.982,30,0.336444,0.300295,0.539279,0.299736,0.536278,0.667701,0.659331,0.712906,0.698992,60,90,1.39893,1.423,0.991451,1.42035,0.985933,1.0381,1.02509,1.06849,1.04763,1.71737,1.76947,1.01355
746,3,26,10,1.5e+21,1.9307,0.0273861,26.0662,17.265,94.2424,2827.27,282.727,30,0.36993,0.332493,0.538233,0.331817,0.535462,0.662157,0.654719,0.700187,0.688427,60,90,3.00179,3.12526,1.18854,3.1189,1.18242,1.14805,1.13515,1.12627,1.10736,3.53396,3.71967,1.18727
747,3,26,11,1.5e+21,1.9307,0.0350141,18.7026,15.762,84.7446,2542.34,254.234,36,0.402129,0.36299,0.574585,0.362175,0.57124,0.678989,0.670617,0.694471,0.684906,72,108,0.953111,0.951521,1.30319,0.949384,1.29561,1.24506,1.22971,1.1772,1.16099,1.08725,1.09584,1.28689
748,3,26,12,1.5e+21,1.9307,0.0447667,12.2453,13.46,74.8628,2245.88,224.588,42,0.454161,0.411871,0.610996,0.410773,0.607021,0.685637,0.678265,0.68474,0.677386,84,126,1.76892,1.83322,1.28329,1.82833,1.27494,1.20108,1.18817,1.1776,1.16495,1.94274,2.02935,1.27482
749,3,26,13,1.5e+21,1.9307,0.0572357,8.6799,11.269,69.8408,2095.22,209.522,54,0.509676,0.463699,0.657217,0.462198,0.652022,0.691223,0.684758,0.685525,0.679131,108,162,0.723345,0.700254,1.18698,0.697987,1.17759,1.14255,1.13186,1.13795,1.12734,0.772082,0.752375,1.19927
750,3,26,14,1.5e+21,1.9307,0.0731778,6.2782,8.971,68.7133,2061.4,206.14,66,0.579189,0.528585,0.694817,0.526377,0.688509,0.708355,0.701946,0.700857,0.694553,132,195.833,0.882104,0.872618,1.19125,0.868973,1.18043,1.15771,1.14724,1.1478,1.13748,0.919286,0.91425,1.20306
751,3,26,15,1.5e+21,1.9307,0.0935603,4.798,6.986,71.5442,2146.33,214.632,78,0.653335,0.598273,0.735623,0.594943,0.728382,0.736184,0.728971,0.730062,0.722947,156,203.901,1.01765,1.02726,1.11699,1.02154,1.106,1.10109,1.0903,1.08225,1.0717,1.04341,1.05776,1.12136
752,3,26,16,1.5e+21,1.9307,0.11962,3.7807,5.306,78.1688,2345.06,234.506,96,0.732362,0.674131,0.779935,0.668912,0.770789,0.76979,0.760809,0.765193,0.756304,192,222.781,0.991699,0.997264,1.21488,0.989543,1.20063,1.16625,1.15264,1.15549,1.14206,1.00594,1.015,1.21506
753,3,26,17,1.5e+21,1.9307,0.152938,3.0332,3.944,89.2996,2678.99,267.899,126,0.808688,0.74943,0.819977,0.740939,0.807438,0.800961,0.78885,0.800501,0.788404,252,254.504,1.18019,1.2494,0.964352,1.23524,0.949605,0.87076,0.857594,0.869604,0.856462,1.18901,1.26198,0.964352
754,3,26,18,1.5e+21,1.9307,0.195537,2.494,2.937,105.793,3173.79,317.379,156,0.870687,0.812636,0.854636,0.798632,0.836303,0.827615,0.81015,0.827615,0.81015,301.51,301.51,1.00946,1.03039,0.950687,1.01263,0.930294,0.920187,0.900768,0.920187,0.900768,1.01305,1.03599,0.950687
755,3,26,19,1.5e+21,1.9307,0.25,2.1359,2.239,128.985,3869.56,386.956,198,0.915785,0.86162,0.879867,0.838415,0.851836,0.840567,0.814418,0.840567,0.814418,367.609,367.609,0.978074,0.979431,0.921052,0.953053,0.891708,0.851392,0.824907,0.851392,0.824907,0.979631,0.982289,0.921052
756,3,27,9,1.5e+21,2.86512,0.02142,59.1304,18.704,165.905,4977.14,497.714,30,0.342804,0.306938,0.543102,0.306365,0.540157,0.675321,0.667065,0.72889,0.714466,60,90,1.28531,1.30272,0.990403,1.30029,0.985032,1.02991,1.01732,0.92112,0.902893,1.56557,1.60642,1.01299
757,3,27,10,1.5e+21,2.86512,0.0273861,48.3071,17.985,158.263,4747.89,474.789,30,0.359699,0.32326,0.542375,0.32263,0.539554,0.672715,0.664903,0.725336,0.711671,60,90,1.62843,1.66669,1.03842,1.66344,1.03302,1.05618,1.04391,0.900083,0.883126,1.94043,2.00854,1.05517
758,3,27,11,1.5e+21,2.86512,0.0350141,30.2511,15.89,138.694,4160.83,416.083,36,0.407719,0.369268,0.579443,0.368446,0.57612,0.694509,0.685625,0.737115,0.7221,72,108,3.49652,3.66539,1.2787,3.65722,1.27137,1.19754,1.18222,1.19715,1.17277,3.97358,4.20389,1.25911
759,3,27,12,1.5e+21,2.86512,0.0447667,21.0395,14.044,123.574,3707.22,370.722,42,0.45087,0.410211,0.614295,0.409167,0.610313,0.713082,0.703112,0.740307,0.725666,84,126,1.1174,1.12859,1.35491,1.12572,1.34613,1.25195,1.23444,1.19142,1.16786,1.23014,1.25213,1.33041
760,3,27,13,1.5e+21,2.86512,0.0572357,13.9455,11.829,108.91,3267.31,326.731,54,0.506204,0.462266,0.661929,0.460846,0.65666,0.732778,0.721512,0.733791,0.722544,108,162,2.21385,2.32801,1.24585,2.32086,1.23593,1.15555,1.13779,1.09907,1.08223,2.36393,2.50151,1.25566
761,3,27,14,1.5e+21,2.86512,0.0731778,9.8003,9.823,100.123,3003.68,300.368,66,0.563177,0.515647,0.699507,0.513701,0.692962,0.738975,0.729398,0.732795,0.723316,132,198,0.871989,0.859852,1.23438,0.856608,1.22283,1.14098,1.1262,1.08295,1.06894,0.910958,0.902863,1.24165
762,3,27,15,1.5e+21,2.86512,0.0935603,7.1266,7.922,96.6301,2898.9,289.89,78,0.626423,0.574914,0.732619,0.572147,0.724803,0.750373,0.741322,0.742219,0.733303,156,234,1.02599,1.03345,1.14688,1.02848,1.13465,1.05512,1.04239,0.998776,0.986778,1.05448,1.06645,1.15316
763,3,27,16,1.5e+21,2.86512,0.11962,5.3695,6.206,98.5341,2956.02,295.602,96,0.696906,0.641928,0.767711,0.637818,0.758046,0.770556,0.7609,0.759958,0.750511,192,280.822,1.04724,1.06097,1.08141,1.05418,1.06779,0.98327,0.970949,0.929961,0.918401,1.06425,1.0816,1.07342
764,3,27,17,1.5e+21,2.86512,0.152938,4.1732,4.746,105.929,3177.88,317.788,126,0.768505,0.711164,0.807207,0.70483,0.795495,0.794173,0.782713,0.787282,0.77599,252,301.899,1.26882,1.34606,0.996553,1.33407,0.982094,0.88565,0.87287,0.853753,0.841508,1.27995,1.36108,0.996591
765,3,27,18,1.5e+21,2.86512,0.195537,3.3231,3.576,119.386,3581.58,358.158,156,0.834873,0.777317,0.838933,0.76725,0.823485,0.818541,0.803618,0.813911,0.799138,312,340.25,1.03284,1.05739,0.937744,1.04369,0.920476,0.87527,0.859314,0.878298,0.862357,1.03753,1.06409,0.937744
766,3,27,19,1.5e+21,2.86512,0.25,2.7528,2.71,140.141,4204.22,420.422,198,0.887224,0.831142,0.866432,0.814911,0.844451,0.833898,0.813136,0.833199,0.812469,396,399.401,0.989351,0.99738,0.913126,0.977902,0.88996,0.840245,0.819324,0.839158,0.81828,0.991375,1.00064,0.913126
767,3,28,11,1.5e+21,4.25179,0.0350141,56.3408,16.772,230.642,6919.27,525.3,36,0.394536,0.357559,0.582089,0.356808,0.578707,0.701874,0.69264,0.751713,0.735518,72,108,1.64266,1.68516,1.0637,1.68162,1.05752,1.07451,1.06037,0.946953,0.92655,1.8941,1.96208,1.0715
768,3,28,12,1.5e+21,4.25179,0.0447667,37.5514,14.64,207.739,6232.16,525.3,42,0.443399,0.404078,0.616462,0.403094,0.612472,0.72103,0.710673,0.763507,0.745673,84,126,3.40609,3.58427,1.19845,3.57555,1.1907,1.10213,1.0863,1.05974,1.03499,3.77265,4.00153,1.18862
769,3,28,13,1.5e+21,4.25179,0.0572357,24.3188,12.346,181.836,5455.08,525.3,54,0.50042,0.457995,0.663673,0.456652,0.658412,0.749815,0.736759,0.778579,0.757671,108,162,1.24971,1.27397,1.42666,1.27024,1.41535,1.24761,1.22589,1.18273,1.15097,1.33832,1.37289,1.43696
770,3,28,14,1.5e+21,4.25179,0.0731778,16.9604,10.522,162.197,4865.9,486.59,60,0.550539,0.505159,0.686352,0.503393,0.680489,0.762267,0.748634,0.77779,0.759969,120,180,1.76968,1.85328,1.21646,1.8468,1.20607,1.15948,1.13875,1.08411,1.05928,1.85519,1.95276,1.20505
771,3,28,15,1.5e+21,4.25179,0.0935603,11.3428,8.546,145.227,4356.82,435.682,78,0.612296,0.563166,0.7298,0.560679,0.722004,0.779611,0.765284,0.774099,0.759892,156,234,0.942966,0.938794,1.12108,0.934649,1.10911,1.05048,1.03117,0.99039,0.972213,0.970773,0.970284,1.12547
772,3,28,16,1.5e+21,4.25179,0.11962,7.9685,6.818,137.088,4112.65,411.265,102,0.677881,0.625401,0.770489,0.621818,0.760169,0.786761,0.773888,0.776915,0.764255,204,306,1.0112,1.01791,1.03503,1.01208,1.02117,0.947477,0.931974,0.900852,0.886173,1.02868,1.0386,1.03788
773,3,28,17,1.5e+21,4.25179,0.152938,5.9768,5.419,137.237,4117.12,411.712,126,0.740985,0.686159,0.800879,0.680981,0.788153,0.799916,0.786816,0.785899,0.773149,252,378,1.27914,1.34908,1.02907,1.3389,1.01272,0.917408,0.902383,0.890769,0.876318,1.29198,1.36575,1.03234
774,3,28,18,1.5e+21,4.25179,0.195537,4.6443,4.243,144.581,4337.44,433.744,156,0.801502,0.745442,0.829762,0.737773,0.81465,0.816487,0.801686,0.803907,0.78948,312,412.057,1.15536,1.21188,0.938992,1.19941,0.921891,0.849095,0.833704,0.833456,0.818499,1.16182,1.22078,0.939373
775,3,28,19,1.5e+21,4.25179,0.25,3.6631,3.245,160.481,4814.44,481.444,198,0.857777,0.801942,0.855082,0.790026,0.8359,0.832375,0.813882,0.823332,0.805187,396,457.371,0.994815,1.00314,0.904323,0.988235,0.884037,0.83293,0.814426,0.814197,0.796253,0.997595,1.00722,0.904323
776,3,29,12,1.5e+21,6.30957,0.0447667,55.0066,14.289,322.142,9664.25,525.3,42,0.461364,0.422496,0.621114,0.421441,0.61718,0.7267,0.716599,0.77247,0.754888,84,126,1.41947,1.45217,1.0586,1.44854,1.05189,0.991609,0.977826,0.922881,0.901875,1.56028,1.60821,1.06178
777,3,29,13,1.5e+21,6.30957,0.0572357,41.6222,12.712,300.282,9008.46,525.3,54,0.49991,0.459021,0.665626,0.457718,0.660379,0.756376,0.743087,0.794161,0.771343,108,162,1.51871,1.56458,1.08221,1.56014,1.07368,0.965329,0.94837,0.900523,0.874649,1.63114,1.69109,1.08968
778,3,29,14,1.5e+21,6.30957,0.0731778,27.5354,10.579,265.799,7973.96,525.3,66,0.556023,0.511776,0.701112,0.509998,0.694627,0.778485,0.762686,0.807972,0.781783,132,198,1.97379,2.07901,1.15795,2.07179,1.14724,1.05976,1.03826,0.965599,0.934301,2.06636,2.18726,1.16346
779,3,29,15,1.5e+21,6.30957,0.0935603,19.7029,9.043,239.062,7171.85,525.3,78,0.601819,0.554715,0.729415,0.552419,0.721674,0.795617,0.77753,0.814581,0.787397,156,234,1.79446,1.89739,1.13074,1.88954,1.11874,1.02431,1.00103,0.959116,0.927109,1.85143,1.96542,1.13473
780,3,29,16,1.5e+21,6.30957,0.11962,13.0436,7.32,211.757,6352.72,525.3,96,0.664322,0.614119,0.762045,0.610881,0.752421,0.812487,0.792216,0.812439,0.79107,192,288,1.63641,1.74216,1.08509,1.73297,1.07139,1.03464,1.00883,0.979387,0.953627,1.66698,1.77999,1.0822
781,3,29,17,1.5e+21,6.30957,0.152938,9.1351,5.912,196.622,5898.67,525.3,126,0.724562,0.67211,0.797441,0.667549,0.784661,0.819724,0.801127,0.811343,0.792993,252,378,1.62529,1.75899,0.985679,1.74705,0.969882,0.919131,0.898278,0.883257,0.86328,1.64307,1.78223,0.987274
782,3,29,18,1.5e+21,6.30957,0.195537,6.7196,4.73,192.881,5786.44,525.3,156,0.780507,0.726373,0.825283,0.719878,0.809337,0.828389,0.810325,0.815954,0.798294,312,468,1.48825,1.6276,0.950205,1.61305,0.931845,0.8629,0.844083,0.844593,0.826313,1.49744,1.64038,0.951487
783,3,29,19,1.5e+21,6.30957,0.25,5.141,3.742,199.784,5993.51,525.3,198,0.832902,0.778485,0.850064,0.76901,0.83011,0.841098,0.821473,0.832595,0.813301,396,499.035,1.00984,1.02356,0.922764,1.0111,0.901104,0.853324,0.833414,0.846892,0.827267,1.01319,1.02821,0.924445
784,3,30,14,1.5e+21,9.36329,0.0731778,45.4424,10.753,431.909,12957.3,525.3,66,0.560326,0.517453,0.704319,0.515688,0.697863,0.783913,0.768078,0.817842,0.790803,132,198,1.26683,1.29639,1.02492,1.29197,1.01553,0.924836,0.906154,0.860839,0.832378,1.32731,1.36497,1.02965
785,3,30,15,1.5e+21,9.36329,0.0935603,34.6088,9.424,400.659,12019.8,525.3,72,0.59758,0.552314,0.719264,0.550131,0.712292,0.793606,0.776933,0.824315,0.796095,144,216,1.30689,1.34576,1.02989,1.34044,1.01991,0.833645,0.816131,0.797158,0.769867,1.35143,1.39729,1.03007
786,3,30,16,1.5e+21,9.36329,0.11962,22.9013,7.71,353.017,10590.5,525.3,96,0.655071,0.60673,0.760758,0.603718,0.751238,0.820111,0.798004,0.841527,0.80591,192,288,1.40192,1.46474,1.00592,1.45747,0.993334,0.937253,0.911989,0.857081,0.820806,1.43028,1.49891,1.00824
787,3,30,17,1.5e+21,9.36329,0.152938,15.0971,6.245,310.971,9329.12,525.3,126,0.714497,0.663903,0.796541,0.659684,0.783874,0.840972,0.813427,0.845578,0.813254,252,378,1.24807,1.29878,0.975698,1.29053,0.960182,0.889682,0.860541,0.837628,0.805609,1.26254,1.31677,0.977065
788,3,30,18,1.5e+21,9.36329,0.195537,10.6025,5.123,285.254,8557.62,525.3,156,0.764619,0.712342,0.822281,0.70658,0.806479,0.850365,0.822999,0.846176,0.819008,312,468,1.18957,1.24433,0.953447,1.23426,0.935124,0.922969,0.893266,0.920249,0.890703,1.19768,1.2549,0.95439
789,3,30,19,1.5e+21,9.36329,0.25,7.5941,4.116,273.892,8216.77,525.3,198,0.816461,0.763907,0.847904,0.755731,0.827751,0.856983,0.831586,0.853779,0.828539,396,499.035,1.00079,1.01212,0.935817,1.00128,0.913575,0.896677,0.870104,0.907117,0.8803,1.00464,1.01729,0.936497
790,3,31,15,1.5e+21,13.895,0.0935603,53.1054,9.298,631.099,18933,525.3,78,0.605406,0.555072,0.719932,0.552847,0.712446,0.773909,0.75636,0.782723,0.753681,156,234,1.05684,1.06209,1.01525,1.05783,1.00469,0.932468,0.911323,0.851277,0.81969,1.09102,1.10074,1.01861
791,3,31,16,1.5e+21,13.895,0.11962,37.0009,7.719,575.036,17251.1,525.3,96,0.659458,0.607028,0.752446,0.60402,0.743154,0.797522,0.776213,0.802651,0.767658,192,288,2.25912,2.44678,0.971088,2.43465,0.959096,0.87277,0.849451,0.806493,0.771332,2.30372,2.50247,0.972505
792,3,31,17,1.5e+21,13.895,0.152938,25.6502,6.427,515.828,15474.8,525.3,120,0.710421,0.660668,0.792191,0.656612,0.780306,0.842108,0.815029,0.860492,0.816104,240,360,1.10509,1.12984,0.959438,1.1229,0.945044,0.841733,0.814666,0.811424,0.769567,1.11834,1.14592,0.960844
793,3,31,18,1.5e+21,13.895,0.195537,18.4015,5.448,465.826,13974.8,525.3,150,0.755154,0.70485,0.817846,0.699569,0.802873,0.859387,0.82615,0.871769,0.821985,300,450,1.04486,1.06114,0.946358,1.05319,0.929033,0.881326,0.84724,0.857908,0.808915,1.05276,1.071,0.947275
794,3,31,19,1.5e+21,13.895,0.25,12.1715,4.387,416.417,12492.5,525.3,198,0.80621,0.755194,0.845709,0.747762,0.825814,0.874197,0.834628,0.874318,0.833935,396,499.035,0.994806,1.00086,0.923434,0.991012,0.90171,0.864862,0.825716,0.853893,0.814454,0.998848,1.00615,0.923982
795,3,32,17,1.5e+21,20.6199,0.152938,45.3446,6.756,855.915,25677.4,525.3,114,0.695254,0.632442,0.754883,0.628786,0.744195,0.767903,0.744479,0.737888,0.701092,228,342,2.95706,3.28862,0.937634,3.26962,0.924359,0.827103,0.801873,0.731366,0.694895,2.99693,3.34082,0.937184
796,3,32,18,1.5e+21,20.6199,0.195537,30.6989,5.532,769.407,23082.2,525.3,150,0.749797,0.682204,0.777083,0.677192,0.763037,0.766021,0.736219,0.709445,0.664658,300,450,1.52268,1.62675,0.889989,1.6148,0.873901,0.758218,0.728719,0.674498,0.631917,1.5343,1.64195,0.890819
797,3,32,19,1.5e+21,20.6199,0.25,20.9404,4.585,686.045,20581.3,525.3,192,0.798198,0.726714,0.790939,0.719962,0.773101,0.755034,0.718835,0.705327,0.659876,384,499.035,0.983737,0.964841,0.849356,0.955877,0.8302,0.72411,0.689394,0.66697,0.623991,0.988044,0.970261,0.849445
798,3,33,19,1.5e+21,30.5995,0.25,36.8295,4.776,1146.64,34399.2,525.3,186,0.784532,0.702885,0.766818,0.696698,0.750205,0.708313,0.67529,0.63587,0.593621,372,499.035,1.02395,1.00948,0.864576,1.00059,0.845845,0.72191,0.688254,0.648663,0.605564,1.0289,1.01567,0.865098
799,4,8,1,3e+21,0.00158489,0.003,0.5733,1.069,1.33038,39.9111,23.9467,18,0.715077,-1.56934,-2.44359,-1.32025,-2.43546,-1.60527,-1.60245,-1.60527,-1.60245,22.7493,22.7493,0.644888,-1.80799,-2.75996,-1.52102,-2.75078,-1.81196,-1.80878,-1.81196,-1.80878,0.691597,-3.28602,-0.408326
800,4,9,1,3e+21,0.00235195,0.003,0.7175,1.103,1.3585,40.7551,24.4531,18,0.677338,-1.06407,-2.10947,-0.940642,-2.10337,-1.44662,-1.44438,-1.44662,-1.44438,23.2304,23.2304,0.611574,-1.22641,-2.39957,-1.08416,-2.39263,-1.63332,-1.63079,-1.63332,-1.63079,0.672886,-2.22901,-0.461519
801,4,9,2,3e+21,0.00235195,0.0038356,0.6073,1.102,1.73185,51.9557,27,18,0.757818,-1.02888,-2.2571,-0.846572,-2.24638,-1.26853,-1.26626,-1.26853,-1.26626,25.65,25.65,0.675786,-1.32886,-2.65317,-1.0934,-2.64058,-1.47361,-1.47097,-1.47361,-1.47097,0.719144,-2.41522,-0.808797
802,4,9,3,3e+21,0.00235195,0.00490394,0.5175,1.101,2.21227,66.3685,27,18,0.821698,-0.714888,-1.71012,-0.527587,-1.69679,-0.975614,-0.972724,-0.975614,-0.972724,25.65,25.65,0.747619,-0.981582,-2.09204,-0.724406,-2.07574,-1.18912,-1.18559,-1.18912,-1.18559,0.777642,-1.78403,-0.65719
803,4,10,1,3e+21,0.00349025,0.003,0.9008,1.153,1.39615,41.8841,25.1305,18,0.630247,-0.727583,-1.77527,-0.666251,-1.77095,-1.31282,-1.31103,-1.31282,-1.31103,23.8739,23.8739,0.568839,-0.847235,-2.03165,-0.775816,-2.0267,-1.48679,-1.48477,-1.48679,-1.48477,0.646095,-1.53985,-0.53994
804,4,10,2,3e+21,0.00349025,0.0038356,0.7582,1.152,1.77531,53.2588,27,18,0.723378,-0.64721,-1.73552,-0.562434,-1.72861,-1.12051,-1.11859,-1.12051,-1.11859,25.65,25.65,0.645738,-0.855791,-2.05969,-0.743694,-2.05148,-1.311,-1.30875,-1.311,-1.30875,0.703002,-1.5554,-0.748353
805,4,10,3,3e+21,0.00349025,0.00490394,0.6454,1.15,2.24623,67.3872,27,18,0.796001,-0.444981,-1.32092,-0.357717,-1.31244,-0.866066,-0.863651,-0.866066,-0.863651,25.65,25.65,0.729072,-0.597649,-1.65421,-0.480446,-1.64358,-1.06389,-1.06093,-1.06389,-1.06093,0.770748,-1.08623,-0.616072
806,4,10,4,3e+21,0.00349025,0.00626986,0.562,1.148,2.77773,83.3325,27,18,0.843044,-0.310028,-1.07456,-0.225193,-1.06396,-0.715113,-0.712039,-0.715113,-0.712039,25.65,25.65,0.773802,-0.562252,-1.31426,-0.408398,-1.3013,-0.832969,-0.829389,-0.832969,-0.829389,0.803169,-1.02189,-0.480918
807,4,11,1,3e+21,0.00517947,0.003,1.1553,1.226,1.41462,42.4384,25.4631,18,0.564973,-0.479332,-1.37498,-0.451244,-1.37235,-1.04004,-1.03894,-1.04004,-1.03894,24.1899,24.1899,0.512222,-0.554974,-1.56947,-0.522453,-1.56648,-1.17609,-1.17485,-1.17609,-1.17485,0.60752,-1.00867,-1.27397
808,4,11,2,3e+21,0.00517947,0.0038356,0.9735,1.225,1.77277,53.1825,27,18,0.666482,-0.417748,-1.31253,-0.379949,-1.30854,-0.981238,-0.979755,-0.981238,-0.979755,25.65,25.65,0.602044,-0.534331,-1.57913,-0.485983,-1.57433,-1.15952,-1.15777,-1.15952,-1.15777,0.678654,-0.971149,-1.36162
809,4,11,3,3e+21,0.00517947,0.00490394,0.8218,1.223,2.24031,67.2092,27,18,0.753814,-0.281348,-0.993814,-0.242304,-0.988941,-0.755186,-0.753336,-0.755186,-0.753336,25.65,25.65,0.685717,-0.423952,-1.27533,-0.365119,-1.26907,-0.961,-0.958647,-0.961,-0.958647,0.743001,-0.770535,-1.12829
810,4,11,4,3e+21,0.00517947,0.00626986,0.6996,1.219,2.83123,84.9367,27,18,0.818115,-0.176208,-0.780858,-0.139788,-0.774701,-0.606143,-0.60375,-0.606143,-0.60375,25.65,25.65,0.758159,-0.308579,-1.0251,-0.2448,-1.01701,-0.753627,-0.750652,-0.753627,-0.750652,0.79892,-0.560843,-0.89343
811,4,11,5,3e+21,0.00517947,0.00801622,0.5989,1.213,3.59531,107.86,27,18,0.807057,0.224521,0.0791532,0.195496,0.0778482,-0.0307197,-0.0303601,-0.0307197,-0.0303601,25.65,25.65,0.731521,-0.0125343,-0.1448,-0.0109139,-0.142413,-0.238936,-0.236139,-0.238936,-0.236139,0.793663,-0.0218765,-0.237738
812,4,11,6,3e+21,0.00517947,0.010249,0.5116,1.203,4.64615,139.384,27,18,0.827077,0.348774,0.338918,0.303448,0.329058,0.240777,0.235168,0.240777,0.235168,25.65,25.65,2.86942,11.8127,0.400746,10.2776,0.389087,0.250822,0.244978,0.250822,0.244978,3.1031,20.1159,0.316487
813,4,12,1,3e+21,0.00768625,0.003,1.4941,1.336,1.44935,43.4803,26.0882,18,0.493251,-0.319359,-1.0579,-0.306349,-1.05637,-0.914132,-0.913325,-0.914132,-0.913325,24.7838,24.7838,0.446152,-0.378155,-1.22368,-0.36275,-1.2219,-1.04801,-1.04708,-1.04801,-1.04708,0.556158,-0.687299,-1.1425
814,4,12,2,3e+21,0.00768625,0.0038356,1.2442,1.334,1.81423,54.4271,27,18,0.604749,-0.254971,-0.920156,-0.238642,-0.918008,-0.799047,-0.797977,-0.799047,-0.797977,25.65,25.65,0.546769,-0.337587,-1.14048,-0.315968,-1.13782,-0.972235,-0.970932,-0.972235,-0.970932,0.641252,-0.613566,-1.1032
815,4,12,3,3e+21,0.00768625,0.00490394,1.0424,1.33,2.28262,68.4788,27,18,0.70472,-0.166162,-0.695569,-0.149619,-0.692957,-0.614454,-0.613128,-0.614454,-0.613128,25.65,25.65,0.644679,-0.247966,-0.900844,-0.22328,-0.897461,-0.783859,-0.782168,-0.783859,-0.782168,0.719664,-0.45068,-0.877333
816,4,12,4,3e+21,0.00768625,0.00626986,0.8741,1.324,2.9075,87.2248,27,18,0.785257,-0.0909992,-0.532423,-0.0769631,-0.529142,-0.484282,-0.482567,-0.484282,-0.482567,25.65,25.65,0.73188,-0.16803,-0.665696,-0.142112,-0.661593,-0.58381,-0.581743,-0.58381,-0.581743,0.786551,-0.305394,-0.671162
817,4,12,5,3e+21,0.00768625,0.00801622,0.7444,1.315,3.67354,110.207,27,18,0.759929,0.217888,0.162124,0.197933,0.160158,0.0719737,0.071293,0.0719737,0.071293,25.65,25.65,0.670575,0.0271707,-0.106429,0.0246823,-0.105138,-0.161994,-0.160462,-0.161994,-0.160462,0.750122,0.0474002,-0.161734
818,4,12,6,3e+21,0.00768625,0.010249,0.6317,1.3,4.73577,142.073,27,18,0.784034,0.326653,0.371112,0.296779,0.363345,0.310735,0.305184,0.310735,0.305184,25.65,25.65,1.1141,1.82934,1.75986,1.66204,1.72304,1.44396,1.41816,1.44396,1.41816,1.24137,3.11176,1.54704
819,4,12,7,3e+21,0.00768625,0.0131037,0.5578,1.282,5.80681,174.204,27,18,0.816948,0.3749,0.445207,0.332754,0.431161,0.39741,0.386447,0.39741,0.386447,25.65,25.65,0.833601,0.685228,3.56457,0.608196,3.45211,3.08076,2.99577,3.08076,2.99577,0.91105,1.15752,3.24332
820,4,13,1,3e+21,0.0114062,0.003,1.9422,1.499,1.52373,45.7116,27,18,0.424213,-0.203224,-0.765863,-0.197328,-0.76501,-0.760723,-0.760164,-0.760723,-0.760164,25.65,25.65,0.378572,-0.256838,-0.898048,-0.249386,-0.897048,-0.87899,-0.878344,-0.87899,-0.878344,0.496277,-0.466804,-0.965339
821,4,13,2,3e+21,0.0114062,0.0038356,1.6118,1.495,1.87119,56.1353,27,18,0.534,-0.14612,-0.602791,-0.139554,-0.60174,-0.605395,-0.604701,-0.605395,-0.604701,25.65,25.65,0.480803,-0.206775,-0.741869,-0.197483,-0.740576,-0.724185,-0.723355,-0.724185,-0.723355,0.59104,-0.375814,-0.797376
822,4,13,3,3e+21,0.0114062,0.00490394,1.338,1.49,2.33562,70.0688,27,18,0.642775,-0.0924205,-0.458949,-0.0859157,-0.457668,-0.468813,-0.467956,-0.468813,-0.467956,25.65,25.65,0.589657,-0.148204,-0.621564,-0.137773,-0.61983,-0.620429,-0.619295,-0.620429,-0.619295,0.683656,-0.269362,-0.668958
823,4,13,4,3e+21,0.0114062,0.00626986,1.1189,1.481,2.93412,88.0229,27,18,0.734683,-0.0425923,-0.348628,-0.0379499,-0.347064,-0.369803,-0.368719,-0.369803,-0.368719,25.65,25.65,0.678386,-0.141606,-0.521387,-0.126171,-0.519048,-0.534242,-0.532677,-0.534242,-0.532677,0.750691,-0.257369,-0.580729
824,4,13,5,3e+21,0.0114062,0.00801622,0.9433,1.467,3.70146,111.043,27,18,0.696058,0.195962,0.194457,0.183492,0.192798,0.132557,0.131612,0.132557,0.131612,25.65,25.65,0.597672,0.0105641,-0.0267491,0.00989187,-0.0265209,-0.0620804,-0.0616378,-0.0620804,-0.0616378,0.695338,0.0184309,-0.064451
825,4,13,6,3e+21,0.0114062,0.010249,0.8019,1.446,4.68508,140.552,27,18,0.721676,0.288475,0.359993,0.270421,0.354958,0.328911,0.324816,0.328911,0.324816,25.65,25.65,0.970454,1.15498,0.767727,1.0827,0.756991,0.658997,0.650792,0.658997,0.650792,1.12507,1.96654,0.700012
826,4,13,7,3e+21,0.0114062,0.0131037,0.6893,1.415,5.91785,177.536,27,18,0.769009,0.337707,0.433153,0.310799,0.423484,0.4154,0.40698,0.4154,0.40698,25.65,25.65,0.783359,0.546679,0.79162,0.503121,0.773948,0.712583,0.698141,0.712583,0.698141,0.883552,0.923334,0.763197
827,4,13,8,3e+21,0.0114062,0.0167535,0.5964,1.372,7.50142,225.043,27,18,0.801875,0.449878,0.555559,0.413509,0.534987,0.566835,0.547247,0.566835,0.547247,25.65,25.65,0.858095,0.822773,2.63156,0.756258,2.53411,2.48614,2.40023,2.48614,2.40023,0.953228,1.2919,2.5863
828,4,13,9,3e+21,0.0114062,0.02142,0.5144,1.31,9.68735,290.62,29.062,18,0.842525,0.536834,0.630716,0.482685,0.590967,0.662081,0.623454,0.662081,0.623454,27.6089,27.6089,0.812145,0.637485,0.999804,0.573183,0.936796,0.911422,0.858248,0.911422,0.858248,0.875882,0.934279,0.953136
829,4,14,1,3e+21,0.0169267,0.003,2.5723,1.739,1.64754,49.4263,27,18,0.360104,-0.101589,-0.435354,-0.0994546,-0.434984,-0.497245,-0.496929,-0.497245,-0.496929,25.65,25.65,0.320602,-0.140979,-0.531636,-0.138017,-0.531184,-0.594137,-0.593759,-0.594137,-0.593759,0.441375,-0.25623,-0.626608
830,4,14,2,3e+21,0.0169267,0.0038356,2.1146,1.734,1.97496,59.2485,27,18,0.461927,-0.0740472,-0.356835,-0.0716794,-0.356372,-0.411096,-0.4107,-0.411096,-0.4107,25.65,25.65,0.419022,-0.114216,-0.48669,-0.110564,-0.486058,-0.542277,-0.541755,-0.542277,-0.541755,0.541315,-0.207588,-0.572019
831,4,14,3,3e+21,0.0169267,0.00490394,1.7414,1.726,2.41915,72.575,27,18,0.571838,-0.042864,-0.276837,-0.0407388,-0.276272,-0.325731,-0.325243,-0.325731,-0.325243,25.65,25.65,0.523208,-0.0914353,-0.403141,-0.0869017,-0.402319,-0.454483,-0.453801,-0.454483,-0.453801,0.634463,-0.166184,-0.482088
832,4,14,4,3e+21,0.0169267,0.00626986,1.4377,1.712,3.01704,90.5116,27,18,0.656257,0.0879793,-0.0216898,0.0826181,-0.0216121,-0.0923307,-0.0920734,-0.0923307,-0.0920734,25.65,25.65,0.588461,-0.0260158,-0.180555,-0.0244305,-0.179908,-0.248668,-0.247975,-0.248668,-0.247975,0.692239,-0.0466037,-0.252866
833,4,14,5,3e+21,0.0169267,0.00801622,1.2026,1.692,3.77227,113.168,27,18,0.620096,0.169896,0.201686,0.162361,0.200455,0.166241,0.165348,0.166241,0.165348,25.65,25.65,0.527186,0.0231224,0.010675,0.0220969,0.0106099,-0.0310181,-0.0308514,-0.0310181,-0.0308514,0.641676,0.0403417,-0.020348
834,4,14,6,3e+21,0.0169267,0.010249,1.0093,1.659,4.77762,143.329,27,18,0.649,0.252137,0.339799,0.241198,0.33642,0.332356,0.329313,0.332356,0.329313,25.65,25.65,0.831595,0.761961,0.950101,0.728903,0.940653,0.854692,0.846868,0.854692,0.846868,1.00755,1.2964,0.881796
835,4,14,7,3e+21,0.0169267,0.0131037,0.8589,1.612,6.03454,181.036,27,18,0.70457,0.304148,0.413136,0.287678,0.406603,0.418426,0.412248,0.418426,0.412248,25.65,25.65,0.726084,0.462324,1.13211,0.437289,1.11421,1.03206,1.01682,1.03206,1.01682,0.852804,0.775448,1.06543
836,4,14,8,3e+21,0.0169267,0.0167535,0.7371,1.546,7.64562,229.368,27,18,0.749051,0.411687,0.523912,0.388593,0.510274,0.54907,0.535538,0.54907,0.535538,25.65,25.65,0.806785,0.708883,1.13362,0.669117,1.10411,1.03549,1.00997,1.03549,1.00997,0.927421,1.11109,1.07422
837,4,14,9,3e+21,0.0169267,0.02142,0.6298,1.451,9.91142,297.343,29.7343,24,0.805174,0.511194,0.655035,0.475437,0.62723,0.659317,0.631871,0.659317,0.631871,28.2476,28.2476,0.829724,0.763159,1.03555,0.709778,0.991595,0.993629,0.952266,0.993629,0.952266,0.917576,1.10886,1.0614
838,4,14,10,3e+21,0.0169267,0.0273861,0.5605,1.366,12.1335,364.006,36.4006,24,0.843627,0.587381,0.725432,0.53572,0.679031,0.736187,0.691289,0.736187,0.691289,34.5806,34.5806,1.36451,2.81717,1.4047,2.56939,1.31485,1.42394,1.3371,1.42394,1.3371,1.46448,3.83677,1.45
839,4,15,1,3e+21,0.0251189,0.003,3.4935,2.093,1.87142,56.1428,27,18,0.308709,-0.0366046,-0.201725,-0.0360258,-0.201591,-0.264922,-0.264776,-0.264922,-0.264776,25.65,25.65,0.273641,-0.0677769,-0.275883,-0.0667052,-0.2757,-0.351226,-0.351032,-0.351226,-0.351032,0.392886,-0.123185,-0.352772
840,4,15,2,3e+21,0.0251189,0.0038356,2.8095,2.085,2.17419,65.2261,27,18,0.399886,-0.0257034,-0.176207,-0.0250945,-0.176032,-0.23337,-0.23318,-0.23337,-0.23318,25.65,25.65,0.359234,-0.0594392,-0.257295,-0.0580311,-0.25704,-0.319098,-0.318838,-0.319098,-0.318838,0.485654,-0.108031,-0.328164
841,4,15,3,3e+21,0.0251189,0.00490394,2.2869,2.073,2.58869,77.6608,27,18,0.502232,-0.0103321,-0.1419,-0.00996055,-0.141684,-0.194408,-0.194169,-0.194408,-0.194169,25.65,25.65,0.463098,-0.0402123,-0.236843,-0.0387661,-0.236483,-0.303429,-0.303056,-0.303429,-0.303056,0.587875,-0.0730859,-0.30873
842,4,15,4,3e+21,0.0251189,0.00626986,1.8751,2.053,3.14954,94.4862,27,18,0.544755,0.143073,0.151391,0.138517,0.150954,0.110674,0.110394,0.110674,0.110394,25.65,25.65,0.453164,0.00523922,-0.00983158,0.00507238,-0.0098032,-0.0429392,-0.0428306,-0.0429392,-0.0428306,0.580003,0.00926428,-0.0429476
843,4,15,5,3e+21,0.0251189,0.00801622,1.5471,2.022,3.90023,117.006,27,18,0.537316,0.145087,0.19559,0.140587,0.194722,0.181022,0.180287,0.181022,0.180287,25.65,25.65,0.449949,0.0246599,0.0297506,0.0238951,0.0296185,0.00610893,0.00608412,0.00610893,0.00608412,0.575173,0.04302,0.0127959
844,4,15,6,3e+21,0.0251189,0.010249,1.288,1.974,4.88223,146.467,27,18,0.565512,0.213526,0.305748,0.207106,0.303585,0.313366,0.311278,0.313366,0.311278,25.65,25.65,0.766372,0.653244,1.41095,0.633603,1.40097,1.31688,1.30811,1.31688,1.30811,0.974372,1.11095,1.36899
845,4,15,7,3e+21,0.0251189,0.0131037,1.0899,1.906,6.09919,182.975,27,18,0.624376,0.263674,0.374775,0.254033,0.370668,0.393054,0.38896,0.393054,0.38896,25.65,25.65,0.659397,0.407613,0.914878,0.392707,0.904852,0.875096,0.865982,0.875096,0.865982,0.811797,0.68105,0.906522
846,4,15,8,3e+21,0.0251189,0.0167535,0.9223,1.805,7.75573,232.672,27,18,0.681015,0.365672,0.478536,0.351545,0.469875,0.511374,0.502528,0.511374,0.502528,25.65,25.65,0.760495,0.640432,1.2452,0.61569,1.22266,1.21299,1.19201,1.21299,1.19201,0.909557,1.00297,1.23487
847,4,15,9,3e+21,0.0251189,0.02142,0.7926,1.677,9.80546,294.163,29.4164,18,0.746532,0.461184,0.565162,0.439475,0.548468,0.619853,0.602641,0.619853,0.602641,27.9456,27.9456,0.797279,0.710375,0.862433,0.676936,0.836959,0.835704,0.812499,0.835704,0.812499,0.913267,1.03737,0.873815
848,4,15,10,3e+21,0.0251189,0.0273861,0.6883,1.532,12.369,371.07,37.107,24,0.806215,0.558065,0.70348,0.523894,0.671907,0.731156,0.699525,0.731156,0.699525,35.2516,35.2516,1.25789,2.01878,1.20025,1.89517,1.14638,1.07339,1.02696,1.07339,1.02696,1.37996,2.7338,1.24014
849,4,15,11,3e+21,0.0251189,0.0350141,0.5997,1.384,15.7126,471.378,47.1378,30,0.86029,0.662177,0.792761,0.605919,0.735684,0.77515,0.721871,0.77515,0.721871,44.781,44.781,1.01871,1.45982,1.22551,1.33579,1.13728,1.05082,0.978593,1.05082,0.978593,1.06903,1.77631,1.23822
850,4,15,12,3e+21,0.0251189,0.0447667,0.5232,1.255,20.1108,603.323,60.3323,36,0.896647,0.74197,0.813187,0.646505,0.717547,0.7256,0.646897,0.7256,0.646897,57.3157,57.3157,0.927016,1.16701,1.32712,1.01686,1.17103,1.30968,1.16762,1.30968,1.16762,0.945114,1.30244,1.33351
851,4,16,1,3e+21,0.0372759,0.003,4.8302,2.611,2.30327,69.098,27,18,0.276951,-0.000474381,-0.0587527,-0.000468231,-0.0587199,-0.0952288,-0.0951812,-0.0952288,-0.0951812,25.65,25.65,0.247754,-0.0216664,-0.10905,-0.0213856,-0.108989,-0.150125,-0.15005,-0.150125,-0.15005,0.365776,-0.0393788,-0.148691
852,4,16,2,3e+21,0.0372759,0.0038356,3.8287,2.6,2.53281,75.984,27,18,0.350538,0.00372768,-0.057372,0.00365905,-0.0573266,-0.0955023,-0.0954356,-0.0955023,-0.0954356,25.65,25.65,0.319119,-0.0186127,-0.115213,-0.01827,-0.115122,-0.160674,-0.160562,-0.160674,-0.160562,0.448105,-0.0338286,-0.158279
853,4,16,3,3e+21,0.0372759,0.00490394,3.0712,2.582,2.88608,86.5819,27,18,0.438818,0.0111758,-0.0474516,0.0108754,-0.0473966,-0.0856105,-0.085524,-0.0856105,-0.085524,25.65,25.65,0.402687,-0.0168188,-0.104991,-0.0163668,-0.104869,-0.152455,-0.152301,-0.152455,-0.152301,0.534049,-0.0305683,-0.146146
854,4,16,4,3e+21,0.0372759,0.00626986,2.4895,2.554,3.38965,101.69,27,18,0.436063,0.118266,0.160535,0.115898,0.16016,0.148502,0.148181,0.148502,0.148181,25.65,25.65,0.35543,0.0147112,0.0306487,0.0144166,0.030577,0.0170696,0.0170326,0.0170696,0.0170326,0.485397,0.0258967,0.0187722
855,4,16,5,3e+21,0.0372759,0.00801622,2.0266,2.508,4.09965,122.989,27,18,0.453968,0.119406,0.177745,0.116771,0.177156,0.177327,0.176775,0.177327,0.176775,25.65,25.65,0.374248,0.0190966,0.0341216,0.0186752,0.0340085,0.0234322,0.0233592,0.0234322,0.0233592,0.502041,0.0333206,0.0256258
856,4,16,6,3e+21,0.0372759,0.010249,1.6697,2.438,5.04019,151.206,27,18,0.479567,0.179173,0.269255,0.175423,0.267882,0.285551,0.284157,0.285551,0.284157,25.65,25.65,0.669436,0.527188,0.927568,0.516155,0.922836,0.886684,0.882356,0.886684,0.882356,0.893664,0.896292,0.912895
857,4,16,7,3e+21,0.0372759,0.0131037,1.3876,2.332,6.28669,188.601,27,18,0.540624,0.228584,0.33614,0.222862,0.333482,0.36176,0.359008,0.36176,0.359008,25.65,25.65,1.68009,2.30659,0.915455,2.24885,0.908214,0.871528,0.8649,0.871528,0.8649,2.16757,3.83243,0.896178
858,4,16,8,3e+21,0.0372759,0.0167535,1.1675,2.186,7.88962,236.688,27,18,0.601096,0.315514,0.424014,0.307082,0.41863,0.460014,0.454396,0.460014,0.454396,25.65,25.65,0.714323,0.591829,1.01259,0.576013,0.99973,0.950069,0.938467,0.950069,0.938467,0.89068,0.926333,0.97743
859,4,16,9,3e+21,0.0372759,0.02142,0.9936,1.997,9.93746,298.124,29.8124,24,0.678958,0.415834,0.569061,0.40246,0.557921,0.581461,0.57021,0.581461,0.57021,28.3218,28.3218,0.759925,0.653907,0.863719,0.632876,0.846811,0.836091,0.819913,0.836091,0.819913,0.901169,0.951813,0.885397
860,4,16,10,3e+21,0.0372759,0.0273861,0.8527,1.777,12.5839,377.518,37.7518,24,0.757158,0.524151,0.670903,0.502124,0.649723,0.714651,0.692695,0.714651,0.692695,35.8642,35.8642,0.817151,0.7595,0.899498,0.727582,0.871102,0.879102,0.852094,0.879102,0.852094,0.917646,1.01761,0.931159
861,4,16,11,3e+21,0.0372759,0.0350141,0.7376,1.557,15.9825,479.476,47.9476,30,0.828976,0.636305,0.777539,0.598888,0.738351,0.779059,0.741117,0.779059,0.741117,45.5502,45.5502,1.08534,1.52212,1.28596,1.43262,1.22115,1.15309,1.09693,1.15309,1.09693,1.15544,1.84361,1.29988
862,4,16,12,3e+21,0.0372759,0.0447667,0.6374,1.364,20.6053,618.158,61.8158,36,0.881138,0.730101,0.816946,0.663954,0.74858,0.763037,0.702798,0.763037,0.702798,58.725,58.725,0.904874,0.962772,0.900334,0.875545,0.82499,0.657579,0.605666,0.657579,0.605666,0.927812,1.0681,0.905246
863,4,16,13,3e+21,0.0372759,0.0572357,0.5684,1.249,25.3636,760.908,76.0907,42,0.904492,0.779487,0.820716,0.675862,0.716956,0.704748,0.623258,0.704748,0.623258,72.2862,72.2862,0.914182,0.973538,0.748119,0.844117,0.653538,0.412603,0.364894,0.412603,0.364894,0.923556,1.0322,0.749848
864,4,17,1,3e+21,0.0553168,0.003,7.114,3.358,3.09185,92.7558,27,18,0.263539,0.0542189,0.0742846,0.0536839,0.0742226,0.0677602,0.0677065,0.0677602,0.0677065,25.65,25.65,0.214335,0.00345419,0.00637178,0.0034201,0.00636646,-0.00436062,-0.00435716,-0.00436062,-0.00435716,0.326324,0.00623265,-0.00368082
865,4,17,2,3e+21,0.0553168,0.0038356,5.4398,3.343,3.18988,95.6965,27,18,0.310242,0.0768318,0.108493,0.0759254,0.108365,0.10251,0.102396,0.10251,0.102396,25.65,25.65,0.250017,0.0100634,0.0100556,0.0099447,0.0100437,-0.00621458,-0.00620765,-0.00621458,-0.00620765,0.37062,0.0180331,-0.000502329
866,4,17,3,3e+21,0.0553168,0.00490394,4.2284,3.317,3.44038,103.211,27,18,0.33681,0.0913815,0.136483,0.090196,0.136266,0.135137,0.134933,0.135137,0.134933,25.65,25.65,0.269703,0.0133748,0.0182184,0.0132013,0.0181894,0.00885778,0.00884442,0.00885778,0.00884442,0.392371,0.02371,0.0102207
867,4,17,4,3e+21,0.0553168,0.00626986,3.3645,3.276,3.85192,115.558,27,18,0.352286,0.0949974,0.148263,0.0936644,0.147966,0.152197,0.151905,0.152197,0.151905,25.65,25.65,0.276894,0.00970394,0.0243829,0.00956778,0.0243339,0.0168166,0.0167844,0.0168166,0.0167844,0.396558,0.017042,0.0168984
868,4,17,5,3e+21,0.0553168,0.00801622,2.7112,3.211,4.46265,133.88,27,18,0.379895,0.141292,0.219127,0.139365,0.218518,0.233897,0.233272,0.233897,0.233272,25.65,25.65,0.564775,0.429444,0.693802,0.423587,0.691875,0.664507,0.662731,0.664507,0.662731,0.802603,0.739451,0.676718
869,4,17,6,3e+21,0.0553168,0.010249,2.2022,3.109,5.33204,159.961,27,18,0.39799,0.147077,0.231446,0.144891,0.230562,0.2521,0.251169,0.2521,0.251169,25.65,25.65,0.588154,0.45634,0.662514,0.449555,0.659984,0.642601,0.640227,0.642601,0.640227,0.820648,0.775523,0.65282
870,4,17,7,3e+21,0.0553168,0.0131037,1.8063,2.957,6.51973,195.592,27,18,0.45571,0.194224,0.293942,0.190865,0.292262,0.32226,0.320475,0.32226,0.320475,25.65,25.65,0.907443,0.926208,0.718278,0.910194,0.714171,0.686632,0.682828,0.686632,0.682828,1.22536,1.53446,0.70365
871,4,17,8,3e+21,0.0553168,0.0167535,1.4979,2.74,8.09835,242.95,27,18,0.516372,0.268711,0.369571,0.263741,0.366249,0.405842,0.402318,0.405842,0.402318,25.65,25.65,0.659397,0.541125,0.746949,0.531118,0.740236,0.701706,0.695614,0.701706,0.695614,0.85689,0.846499,0.721254
872,4,17,9,3e+21,0.0553168,0.02142,1.2568,2.458,10.161,304.829,30.4829,24,0.602762,0.36857,0.519959,0.360401,0.512758,0.536743,0.52938,0.536743,0.52938,28.9587,28.9587,0.799151,0.762511,1.0249,0.74561,1.01071,1.00904,0.995193,1.00904,0.995193,0.980088,1.10533,1.05114
873,4,17,10,3e+21,0.0553168,0.0273861,1.072,2.143,12.7311,381.933,38.1933,24,0.692589,0.477353,0.625487,0.463667,0.611845,0.678018,0.66357,0.678018,0.66357,36.2837,36.2837,0.847577,0.826303,0.908939,0.802613,0.889116,0.800537,0.783478,0.800537,0.783478,0.977774,1.1033,0.941571
874,4,17,11,3e+21,0.0553168,0.0350141,0.9154,1.812,16.232,486.962,48.6961,30,0.786071,0.600828,0.747213,0.576477,0.72095,0.763254,0.737085,0.763254,0.737085,46.2613,46.2613,0.925843,1.00625,1.23137,0.965473,1.18809,1.08925,1.0519,1.08925,1.0519,1.00089,1.21236,1.24553
875,4,17,12,3e+21,0.0553168,0.0447667,0.7948,1.549,20.4849,614.547,61.4547,36,0.852264,0.69962,0.803668,0.657553,0.758785,0.777629,0.735912,0.777629,0.735912,58.3819,58.3819,0.941596,1.05449,0.991684,0.991082,0.936301,0.788571,0.746267,0.788571,0.746267,0.975492,1.17352,0.99697
876,4,17,13,3e+21,0.0553168,0.0572357,0.6952,1.358,25.8428,775.284,77.5284,42,0.891015,0.766509,0.825998,0.695683,0.752676,0.74991,0.687439,0.74991,0.687439,73.652,73.652,0.916133,0.974079,0.875255,0.884073,0.79756,0.583535,0.534923,0.583535,0.534923,0.928795,1.03107,0.877615
877,4,17,14,3e+21,0.0553168,0.0731778,0.607,1.224,33.032,990.96,99.096,54,0.91263,0.811859,0.816338,0.691576,0.698557,0.670287,0.582901,0.670287,0.582901,94.1412,94.1412,0.917921,1.01323,1.04037,0.863113,0.890265,1.15201,1.00182,1.15201,1.00182,0.92241,1.04485,1.04067
878,4,17,15,3e+21,0.0553168,0.0935603,0.5355,1.142,41.73,1251.9,125.19,72,0.921606,0.826531,0.751795,0.632956,0.580846,0.535346,0.430735,0.535346,0.430735,118.93,118.93,0.935802,1.17839,1.12151,0.902413,0.866495,0.771376,0.620643,0.771376,0.620643,0.937421,1.19948,1.12152
879,4,18,1,3e+21,0.0820891,0.003,11.1048,4.387,4.60104,138.031,27,18,0.232047,0.0784971,0.136087,0.0779515,0.135867,0.149932,0.149695,0.149932,0.149695,25.65,25.65,0.33543,0.216656,0.360428,0.21515,0.359846,0.353659,0.353101,0.353659,0.353101,0.524458,0.384215,0.360943
880,4,18,2,3e+21,0.0820891,0.0038356,8.1462,4.378,4.43608,133.082,27,18,0.258251,0.0873037,0.147833,0.0866025,0.147583,0.161439,0.161173,0.161439,0.161173,25.65,25.65,0.402061,0.281273,0.469162,0.279014,0.468368,0.456437,0.455685,0.456437,0.455685,0.617186,0.496268,0.465165
881,4,18,3,3e+21,0.0820891,0.00490394,6.0754,4.347,4.46546,133.964,27,18,0.282206,0.10075,0.167022,0.0998608,0.166711,0.182045,0.181716,0.182045,0.181716,25.65,25.65,0.439405,0.317239,0.486552,0.314439,0.485647,0.472371,0.471518,0.472371,0.471518,0.663735,0.554875,0.483946
882,4,18,4,3e+21,0.0820891,0.00626986,4.702,4.292,4.70081,141.025,27,18,0.296644,0.111483,0.183175,0.110457,0.182789,0.200841,0.20043,0.200841,0.20043,25.65,25.65,0.466955,0.34734,0.494601,0.344144,0.493558,0.483246,0.482255,0.483246,0.482255,0.696918,0.600828,0.492436
883,4,18,5,3e+21,0.0820891,0.00801622,3.7013,4.201,5.16738,155.021,27,18,0.308643,0.116955,0.191619,0.115818,0.191148,0.211795,0.211288,0.211795,0.211288,25.65,25.65,0.48351,0.360154,0.441116,0.356654,0.440031,0.431659,0.430625,0.431659,0.430625,0.712368,0.616556,0.440034
884,4,18,6,3e+21,0.0820891,0.010249,2.9579,4.058,5.90427,177.128,27,18,0.332299,0.123071,0.201231,0.12171,0.200619,0.223826,0.223162,0.223826,0.223162,25.65,25.65,0.497909,0.36639,0.500902,0.362339,0.499377,0.487509,0.486062,0.487509,0.486062,0.719531,0.622386,0.494551
885,4,18,7,3e+21,0.0820891,0.0131037,2.3866,3.84,6.98838,209.651,27,18,0.391617,0.198205,0.294599,0.195996,0.293251,0.326525,0.325074,0.326525,0.325074,25.65,25.65,0.567715,0.463722,0.757029,0.458553,0.753564,0.72926,0.726019,0.72926,0.726019,0.793472,0.748829,0.743635
886,4,18,8,3e+21,0.0820891,0.0167535,1.9448,3.523,8.50996,255.298,27,18,0.437877,0.230338,0.322168,0.227342,0.320023,0.357219,0.354916,0.357219,0.354916,25.65,25.65,0.709575,0.647639,1.02912,0.639216,1.02227,0.978492,0.972184,0.978492,0.972184,0.954973,1.00965,1.00359
887,4,18,9,3e+21,0.0820891,0.02142,1.6183,3.128,10.4572,313.717,31.3717,24,0.522118,0.321863,0.466334,0.316946,0.46173,0.485511,0.480756,0.485511,0.480756,29.8031,29.8031,0.734579,0.678254,0.904455,0.667891,0.895525,0.875456,0.866882,0.875456,0.866882,0.930556,0.981031,0.927878
888,4,18,10,3e+21,0.0820891,0.0273861,1.357,2.659,13.068,392.04,39.204,24,0.622386,0.431838,0.57545,0.423299,0.566504,0.634991,0.625315,0.634991,0.625315,37.2438,37.2438,0.791485,0.757577,0.882007,0.742597,0.868295,0.798473,0.786306,0.798473,0.786306,0.933872,1.00307,0.915101
889,4,18,11,3e+21,0.0820891,0.0350141,1.148,2.183,16.5277,495.829,49.583,30,0.730001,0.555739,0.704813,0.54025,0.687453,0.731054,0.713374,0.731054,0.713374,47.1038,47.1038,0.890779,0.923695,1.24173,0.897952,1.21115,1.12405,1.09686,1.12405,1.09686,0.978658,1.10891,1.25673
890,4,18,12,3e+21,0.0820891,0.0447667,0.9895,1.805,20.7482,622.445,62.2445,36,0.814598,0.663132,0.776293,0.635819,0.746236,0.768779,0.73983,0.768779,0.73983,59.1322,59.1322,0.923976,0.985361,1.11548,0.944775,1.07229,0.992365,0.954997,0.992365,0.954997,0.966636,1.09607,1.12161
891,4,18,13,3e+21,0.0820891,0.0572357,0.8558,1.518,26.3276,789.829,78.9828,42,0.870735,0.744968,0.816263,0.697236,0.765419,0.76856,0.722807,0.76856,0.722807,75.0337,75.0337,0.932998,1.01677,1.17261,0.95162,1.09957,1.04234,0.980284,1.04234,0.980284,0.949948,1.07536,1.17618
892,4,18,14,3e+21,0.0820891,0.0731778,0.7444,1.325,33.5339,1006.02,100.602,54,0.90261,0.802128,0.828691,0.720101,0.745248,0.727077,0.658956,0.727077,0.658956,95.5716,95.5716,0.938935,1.03456,0.879821,0.928761,0.79123,0.698592,0.63314,0.698592,0.63314,0.945377,1.06666,0.880122
893,4,18,15,3e+21,0.0820891,0.0935603,0.651,1.202,42.7268,1281.8,128.18,72,0.917408,0.82979,0.798964,0.693052,0.669356,0.637276,0.544808,0.637276,0.544808,121.771,121.771,0.91734,0.981395,1.00334,0.819674,0.84058,1.18478,1.01287,1.18478,1.01287,0.919593,0.998321,1.00335
894,4,18,16,3e+21,0.0820891,0.11962,0.5792,1.131,53.1228,1593.69,159.369,90,0.923914,0.839215,0.736253,0.626348,0.553445,0.497526,0.392824,0.497526,0.392824,151.4,151.4,0.917349,0.882101,0.284305,0.658356,0.213714,-0.203543,-0.160708,-0.203543,-0.160708,0.91821,0.89146,0.284305
895,4,18,17,3e+21,0.0820891,0.152938,0.5006,1.076,70.0638,2101.91,210.191,120,0.926916,0.804056,0.532362,0.450146,0.307143,0.18044,0.121893,0.18044,0.121893,199.682,199.682,0.923256,1.06651,1.36003,0.597078,0.784657,0.414195,0.279803,0.414195,0.279803,0.92349,1.07318,1.36003
896,4,19,1,3e+21,0.121819,0.003,19.3764,5.627,7.52808,225.842,27,18,0.225618,0.104048,0.181164,0.103487,0.18063,0.204827,0.204234,0.204827,0.204234,25.65,25.65,0.494949,0.431136,0.516869,0.428812,0.515346,0.497194,0.495755,0.497194,0.495755,0.774917,0.743371,0.50623
897,4,19,2,3e+21,0.121819,0.0038356,13.1096,5.682,6.82469,204.74,27,18,0.24126,0.107209,0.184656,0.106556,0.18417,0.208141,0.207603,0.208141,0.207603,25.65,25.65,0.37733,0.284921,0.400642,0.283184,0.399585,0.392852,0.391836,0.392852,0.391836,0.584068,0.490459,0.400751
898,4,19,3,3e+21,0.121819,0.00490394,9.3835,5.684,6.41696,192.509,27,18,0.246885,0.102221,0.175785,0.101541,0.175377,0.198208,0.197757,0.198208,0.197757,25.65,25.65,0.550752,0.484719,0.621066,0.481494,0.619623,0.604689,0.603312,0.604689,0.603312,0.845526,0.833804,0.615008
899,4,19,4,3e+21,0.121819,0.00626986,6.828,5.63,6.29519,188.856,27,18,0.258176,0.10833,0.183184,0.107572,0.182758,0.20623,0.20576,0.20623,0.20576,25.65,25.65,0.648791,0.600142,0.527506,0.595942,0.526277,0.514892,0.513717,0.514892,0.513717,0.985485,1.02396,0.521989
900,4,19,5,3e+21,0.121819,0.00801622,5.2288,5.519,6.47992,194.398,27,18,0.271175,0.117211,0.194217,0.116353,0.193733,0.218546,0.218013,0.218546,0.218013,25.65,25.65,0.620348,0.562833,0.677962,0.558712,0.676273,0.653256,0.651663,0.653256,0.651663,0.931273,0.950338,0.665312
901,4,19,6,3e+21,0.121819,0.010249,4.08,5.331,6.98169,209.451,27,18,0.304752,0.155634,0.242315,0.154485,0.241559,0.271211,0.270386,0.271211,0.270386,25.65,25.65,0.464146,0.372783,0.531365,0.37003,0.529708,0.506674,0.505133,0.506674,0.505133,0.681387,0.611085,0.518168
902,4,19,7,3e+21,0.121819,0.0131037,3.2317,5.037,7.857,235.71,27,18,0.329016,0.174177,0.258139,0.172796,0.25714,0.289007,0.287919,0.289007,0.287919,25.65,25.65,0.65379,0.605416,1.29722,0.600616,1.2922,1.24691,1.24221,1.24691,1.24221,0.934727,0.964984,1.27454
903,4,19,8,3e+21,0.121819,0.0167535,2.5863,4.602,9.20838,276.251,27.6252,18,0.376431,0.211287,0.2968,0.209359,0.295229,0.333463,0.331759,0.333463,0.331759,26.2439,26.2439,0.585425,0.516326,0.968207,0.511614,0.963083,0.929567,0.924817,0.929567,0.924817,0.804536,0.791417,0.952384
904,4,19,9,3e+21,0.121819,0.02142,2.1172,4.051,11.0316,330.949,33.0948,24,0.451707,0.289247,0.433259,0.286152,0.430029,0.462953,0.459531,0.462953,0.459531,31.4401,31.4401,0.662774,0.608419,0.844083,0.601909,0.837788,0.802728,0.796794,0.802728,0.796794,0.856382,0.868467,0.867528
905,4,19,10,3e+21,0.121819,0.0273861,1.7515,3.397,13.5253,405.758,40.5758,24,0.548826,0.386202,0.523595,0.380911,0.517696,0.587004,0.580512,0.587004,0.580512,38.547,38.547,0.748018,0.711861,0.930667,0.702108,0.920183,0.852535,0.843106,0.852535,0.843106,0.899286,0.934576,0.884847
906,4,19,11,3e+21,0.121819,0.0350141,1.4649,2.73,16.8645,505.936,50.5936,30,0.660927,0.502177,0.652076,0.492603,0.640809,0.685114,0.673433,0.685114,0.673433,48.0639,48.0639,0.847899,0.841208,1.10507,0.82517,1.08598,0.96361,0.947181,0.96361,0.947181,0.947774,1.00964,1.11877
907,4,19,12,3e+21,0.121819,0.0447667,1.2429,2.17,21.169,635.071,63.5071,36,0.764165,0.617084,0.736228,0.599596,0.71622,0.740303,0.720592,0.740303,0.720592,60.3318,60.3318,0.908789,0.926972,1.09088,0.900702,1.06124,0.900868,0.876881,0.900868,0.876881,0.960501,1.03105,1.09721
908,4,19,13,3e+21,0.121819,0.0572357,1.0689,1.763,26.6058,798.175,79.8174,42,0.838018,0.709729,0.792232,0.678873,0.758216,0.765098,0.733282,0.765098,0.733282,75.8266,75.8266,0.920595,0.957845,1.04767,0.916202,1.00269,0.955156,0.915437,0.955156,0.915437,0.942964,1.01474,1.05096
909,4,19,14,3e+21,0.121819,0.0731778,0.9217,1.478,33.88,1016.4,101.64,60,0.885959,0.782051,0.819369,0.727633,0.762664,0.756174,0.706261,0.756174,0.706261,96.5581,96.5581,0.922696,0.944539,0.779027,0.878814,0.725115,0.569274,0.531698,0.569274,0.531698,0.931449,0.974234,0.84598
910,4,19,15,3e+21,0.121819,0.0935603,0.8056,1.302,42.7529,1282.59,128.259,72,0.908619,0.821234,0.819735,0.730667,0.729569,0.709487,0.637254,0.709487,0.637254,121.846,121.846,0.932399,1.03321,1.03206,0.919262,0.918538,1.23581,1.10999,1.23581,1.10999,0.935943,1.052,1.03206
911,4,19,16,3e+21,0.121819,0.11962,0.7071,1.189,54.054,1621.62,162.162,90,0.920286,0.843935,0.790097,0.695534,0.652119,0.614796,0.519595,0.614796,0.519595,154.054,154.054,0.967965,1.27812,0.673947,1.05337,0.556253,0.24922,0.210628,0.24922,0.210628,0.969369,1.29196,0.673947
912,4,19,17,3e+21,0.121819,0.152938,0.6167,1.114,69.6955,2090.87,209.087,120,0.925058,0.837275,0.690623,0.592532,0.493,0.427591,0.326037,0.427591,0.326037,198.632,198.632,0.924973,1.03393,1.15562,0.731704,0.824935,0.845581,0.644753,0.845581,0.644753,0.925385,1.04012,1.15562
913,4,19,18,3e+21,0.121819,0.195537,0.5494,1.073,86.7747,2603.24,260.324,150,0.926934,0.799465,0.497821,0.437056,0.280903,0.150594,0.100573,0.150594,0.100573,247.308,247.308,0.919766,1.04659,1.39928,0.572158,0.789563,1.5321,1.0232,1.5321,1.0232,0.919893,1.05034,1.39928
914,4,20,1,3e+21,0.180777,0.003,32.9073,6.719,12.4655,373.964,37.3964,18,0.241851,0.144794,0.258598,0.144134,0.25716,0.336755,0.334949,0.336755,0.334949,35.5266,35.5266,0.390253,0.324983,0.55435,0.323502,0.551268,0.509571,0.506838,0.509571,0.506838,0.593899,0.532749,0.565738
915,4,20,2,3e+21,0.180777,0.0038356,22.8634,6.932,11.3195,339.585,33.9585,18,0.252226,0.148484,0.256013,0.147759,0.25473,0.320612,0.319055,0.320612,0.319055,32.2606,32.2606,0.47153,0.417264,0.609135,0.415227,0.606081,0.552595,0.549912,0.552595,0.549912,0.712121,0.681318,0.591878
916,4,20,3,3e+21,0.180777,0.00490394,15.543,7.089,10.1725,305.174,30.5174,18,0.256497,0.147383,0.24561,0.146634,0.24456,0.294674,0.29345,0.294674,0.29345,28.9915,28.9915,0.427832,0.363871,0.622267,0.362022,0.619606,0.577496,0.575096,0.577496,0.575096,0.643385,0.592986,0.602117
917,4,20,4,3e+21,0.180777,0.00626986,10.7659,7.139,9.33531,280.059,28.0059,18,0.25492,0.140226,0.226005,0.139492,0.225202,0.259742,0.258843,0.259742,0.258843,26.6056,26.6056,0.418477,0.35135,0.725426,0.349509,0.722852,0.692149,0.689753,0.692149,0.689753,0.62822,0.572809,0.709397
918,4,20,5,3e+21,0.180777,0.00801622,7.8273,7.068,8.94938,268.482,27,18,0.258118,0.140029,0.219257,0.139277,0.218544,0.247696,0.24691,0.247696,0.24691,25.65,25.65,0.46283,0.399614,0.570909,0.397467,0.569052,0.54879,0.547049,0.54879,0.547049,0.689983,0.647198,0.560314
919,4,20,6,3e+21,0.180777,0.010249,5.8304,6.861,9.00308,270.093,27.0092,18,0.269685,0.148389,0.226253,0.147559,0.225501,0.255241,0.254415,0.255241,0.254415,25.6588,25.6588,0.485976,0.424961,0.605044,0.422583,0.603033,0.583071,0.581185,0.583071,0.581185,0.714028,0.678098,0.595318
920,4,20,7,3e+21,0.180777,0.0131037,4.4982,6.506,9.50988,285.297,28.5297,18,0.296363,0.173027,0.255718,0.171998,0.254743,0.293405,0.292322,0.293405,0.292322,27.1032,27.1032,0.588461,0.545544,0.699609,0.5423,0.696942,0.667295,0.664834,0.667295,0.664834,0.842119,0.846167,0.685797
921,4,20,8,3e+21,0.180777,0.0167535,3.5313,5.964,10.5295,315.883,31.5884,18,0.337688,0.21209,0.29863,0.210693,0.297213,0.357412,0.355791,0.357412,0.355791,30.009,30.009,0.572635,0.520091,0.78362,0.516665,0.779902,0.713863,0.710626,0.713863,0.710626,0.787036,0.772335,0.753984
922,4,20,9,3e+21,0.180777,0.02142,2.8162,5.223,12.1594,364.782,36.4782,24,0.396325,0.266214,0.403927,0.264142,0.401487,0.445824,0.443157,0.445824,0.443157,34.6542,34.6542,0.677907,0.640524,0.845621,0.635539,0.840514,0.781597,0.776921,0.781597,0.776921,0.883962,0.899558,0.871072
923,4,20,10,3e+21,0.180777,0.0273861,2.2903,4.354,14.4673,434.018,43.4018,24,0.484432,0.349365,0.475937,0.345936,0.471815,0.545773,0.541135,0.545773,0.541135,41.2317,41.2317,0.76921,0.74581,0.940905,0.738488,0.932758,0.804831,0.797991,0.804831,0.797991,0.933965,0.967162,0.872961
924,4,20,11,3e+21,0.180777,0.0350141,1.889,3.458,17.6388,529.163,52.9163,30,0.592982,0.453544,0.598979,0.44744,0.591338,0.636577,0.628546,0.636577,0.628546,50.2705,50.2705,0.871932,0.876798,1.13849,0.864997,1.12397,0.983226,0.970822,0.983226,0.970822,0.984696,1.04553,1.1542
925,4,20,12,3e+21,0.180777,0.0447667,1.5842,2.69,21.7917,653.752,65.3752,36,0.70338,0.565769,0.689995,0.554667,0.676583,0.703747,0.690274,0.703747,0.690274,62.1064,62.1064,0.932784,0.966095,1.24979,0.947137,1.2255,1.05726,1.03702,1.05726,1.03702,0.994534,1.07269,1.25848
926,4,20,13,3e+21,0.180777,0.0572357,1.343,2.104,27.2706,818.119,81.8118,48,0.795358,0.667853,0.766425,0.647755,0.743156,0.745532,0.723367,0.745532,0.723367,77.7213,77.7213,0.951975,0.999755,0.98096,0.969669,0.951178,0.80546,0.781513,0.80546,0.781513,0.98044,1.05913,1.05606
927,4,20,14,3e+21,0.180777,0.0731778,1.1472,1.694,34.5462,1036.39,103.639,60,0.861067,0.753475,0.805126,0.71736,0.76593,0.760136,0.72437,0.760136,0.72437,98.4566,98.4566,0.972652,1.06838,0.930025,1.01717,0.884748,0.729931,0.695586,0.729931,0.695586,0.984907,1.10282,0.994082
928,4,20,15,3e+21,0.180777,0.0935603,0.9961,1.44,43.4341,1303.02,130.302,72,0.89509,0.803832,0.822514,0.742988,0.759325,0.744057,0.689961,0.744057,0.689961,123.787,123.787,0.922175,0.921428,0.76778,0.851683,0.708796,0.505833,0.469057,0.505833,0.469057,0.927053,0.938497,0.767784
929,4,20,16,3e+21,0.180777,0.11962,0.8659,1.272,55.2491,1657.47,165.747,96,0.914506,0.840154,0.807247,0.737235,0.707687,0.687995,0.610021,0.687995,0.610021,157.46,157.46,0.949371,1.08225,1.00492,0.949675,0.880981,0.675943,0.599335,0.675943,0.599335,0.951363,1.09414,1.01654
930,4,20,17,3e+21,0.180777,0.152938,0.7552,1.166,70.6171,2118.51,211.851,120,0.922383,0.847958,0.766349,0.677747,0.612926,0.572512,0.472353,0.572512,0.472353,201.259,201.259,0.934374,1.08259,1.10904,0.865281,0.887013,1.17504,0.969474,1.17504,0.969474,0.935061,1.08941,1.10904
931,4,20,18,3e+21,0.180777,0.195537,0.6677,1.105,88.6855,2660.56,266.057,150,0.925806,0.834079,0.669136,0.569381,0.460289,0.378836,0.282427,0.378836,0.282427,252.754,252.754,0.919337,1.01207,1.1714,0.690885,0.805787,1.88045,1.4019,1.88045,1.4019,0.919562,1.01578,1.1714
932,4,20,19,3e+21,0.180777,0.25,0.5912,1.066,111.591,3347.74,334.774,192,0.927413,0.779777,0.41394,0.387043,0.213851,0.0535948,0.0343449,0.0535948,0.0343449,318.036,318.036,0.917179,1.07514,1.5293,0.533648,0.790073,2.67751,1.71582,2.67751,1.71582,0.917243,1.07748,1.5293
933,4,21,1,3e+21,0.26827,0.003,58.7368,7.25,20.2362,607.086,60.7086,18,0.258469,0.174958,0.324485,0.174244,0.321244,0.44288,0.438493,0.45186,0.447407,36,54,0.452056,0.399261,0.671433,0.397631,0.664727,0.61634,0.610235,0.521174,0.516038,0.664376,0.622759,0.626504
934,4,21,2,3e+21,0.26827,0.0038356,37.0555,7.722,18.4524,553.572,55.3573,18,0.276006,0.188498,0.329008,0.187671,0.325848,0.445979,0.442016,0.453326,0.449322,36,52.5894,0.458904,0.40432,0.686347,0.402545,0.679755,0.65408,0.648268,0.580442,0.575315,0.663892,0.62167,0.709505
935,4,21,3,3e+21,0.26827,0.00490394,25.5341,8.066,16.703,501.088,50.1089,18,0.278848,0.19072,0.321195,0.189874,0.318577,0.434265,0.430983,0.440764,0.437448,36,47.6034,0.514729,0.469321,0.797963,0.467238,0.791459,0.796113,0.790097,0.761,0.755274,0.740424,0.717154,0.86284
936,4,21,4,3e+21,0.26827,0.00626986,18.8462,8.282,15.2906,458.719,45.8718,18,0.277066,0.188978,0.309525,0.188144,0.307443,0.416911,0.414277,0.421766,0.419109,36,43.5783,0.473483,0.421711,0.706336,0.41985,0.701585,0.711438,0.706943,0.685,0.680685,0.680039,0.642983,0.776005
937,4,21,5,3e+21,0.26827,0.00801622,12.5807,8.419,13.7007,411.022,41.1022,18,0.276011,0.187652,0.298526,0.186829,0.296872,0.397615,0.395531,0.399606,0.397515,36,39.0471,0.518453,0.476707,0.674063,0.474615,0.670328,0.659113,0.655659,0.651155,0.647747,0.740655,0.721939,0.75451
938,4,21,6,3e+21,0.26827,0.010249,8.9772,8.335,12.8369,385.106,38.5107,18,0.279286,0.189392,0.291331,0.188548,0.28993,0.38296,0.381213,0.383448,0.3817,36,36.5851,0.489787,0.443327,0.697344,0.441352,0.693989,0.70738,0.704153,0.706719,0.703497,0.693512,0.664855,0.781324
939,4,21,7,3e+21,0.26827,0.0131037,6.562,8.006,12.6048,378.144,37.8144,18,0.292404,0.199462,0.29418,0.19853,0.292822,0.383124,0.381451,0.383124,0.381451,35.9237,35.9237,0.531169,0.489425,0.766043,0.487136,0.762505,0.70116,0.698098,0.70116,0.698098,0.738121,0.719629,0.782558
940,4,21,8,3e+21,0.26827,0.0167535,4.9513,7.407,13.0619,391.857,39.1857,24,0.322039,0.225422,0.366313,0.224268,0.364567,0.414682,0.412725,0.414682,0.412725,37.2264,37.2264,0.557944,0.517573,0.765883,0.514924,0.762233,0.688487,0.685238,0.688487,0.685238,0.749693,0.734404,0.789727
941,4,21,9,3e+21,0.26827,0.02142,3.853,6.554,14.2232,426.697,42.6697,24,0.369708,0.267495,0.401458,0.265912,0.399186,0.463042,0.46046,0.463042,0.46046,40.5362,40.5362,0.657491,0.626908,0.875979,0.623198,0.871022,0.762582,0.758328,0.762582,0.758328,0.84277,0.846153,0.908998
942,4,21,10,3e+21,0.26827,0.0273861,3.0755,5.52,16.1324,483.973,48.3973,24,0.437752,0.327756,0.446591,0.325364,0.44332,0.525524,0.521771,0.525524,0.521771,45.9774,45.9774,0.693298,0.662511,0.877854,0.657676,0.871425,0.75268,0.747305,0.75268,0.747305,0.838632,0.840239,0.858707
943,4,21,11,3e+21,0.26827,0.0350141,2.4961,4.412,18.9509,568.527,56.8527,30,0.529548,0.410628,0.549892,0.406641,0.54443,0.591792,0.585977,0.591792,0.585977,54.01,54.01,0.805105,0.789944,1.13266,0.782274,1.12141,0.959606,0.950176,0.959606,0.950176,0.914163,0.934169,1.15136
944,4,21,12,3e+21,0.26827,0.0447667,2.0488,3.38,22.9692,689.074,68.9075,36,0.639211,0.514592,0.640553,0.507416,0.631212,0.661304,0.651776,0.661304,0.651776,65.4621,65.4621,0.892886,0.897555,1.06001,0.885038,1.04456,0.842399,0.830262,0.842399,0.830262,0.958846,0.995049,1.06918
945,4,21,13,3e+21,0.26827,0.0572357,1.7177,2.594,28.179,845.371,84.5371,48,0.740759,0.618139,0.726223,0.605248,0.71032,0.713843,0.698452,0.713843,0.698452,80.3103,80.3103,0.93781,0.967359,1.08666,0.947185,1.06286,0.949814,0.929336,0.949814,0.929336,0.972353,1.02717,1.08728
946,4,21,14,3e+21,0.26827,0.0731778,1.452,2.019,35.2226,1056.68,105.668,60,0.823298,0.712658,0.778515,0.689388,0.751918,0.747519,0.722595,0.747519,0.722595,100.384,100.384,0.949206,0.994715,1.04707,0.962235,1.0113,0.914744,0.884244,0.914744,0.884244,0.965146,1.02892,1.04711
947,4,21,15,3e+21,0.26827,0.0935603,1.2442,1.643,44.2538,1327.61,132.761,72,0.873972,0.778088,0.811133,0.737745,0.767475,0.755525,0.716412,0.755525,0.716412,126.123,126.123,0.955425,1.01478,0.956868,0.962166,0.905366,0.708609,0.671924,0.708609,0.671924,0.962231,1.0341,0.956875
948,4,21,16,3e+21,0.26827,0.11962,1.0786,1.404,55.624,1668.72,166.872,96,0.903203,0.824294,0.816818,0.756388,0.747664,0.733695,0.675123,0.733695,0.675123,158.528,158.528,0.957531,1.07158,1.03229,0.983305,0.944893,0.947523,0.871881,0.947523,0.871881,0.960476,1.08386,1.04393
949,4,21,17,3e+21,0.26827,0.152938,0.9373,1.249,70.6518,2119.56,211.956,120,0.917246,0.846817,0.802657,0.73352,0.693523,0.668541,0.585743,0.668541,0.585743,201.358,201.358,0.927431,0.994392,0.989482,0.861351,0.854946,1.22483,1.07314,1.22483,1.07314,0.928511,1.00095,0.989482
950,4,21,18,3e+21,0.26827,0.195537,0.8216,1.155,89.3272,2679.81,267.981,150,0.923474,0.84913,0.755983,0.666612,0.592912,0.54509,0.4434,0.54509,0.4434,254.582,254.582,0.926,0.903471,0.49774,0.709273,0.390374,0.1598,0.129989,0.1598,0.129989,0.926381,0.906912,0.49774
951,4,21,19,3e+21,0.26827,0.25,0.7217,1.096,113.349,3400.46,340.046,192,0.926292,0.82887,0.633535,0.540584,0.416583,0.324485,0.235413,0.324485,0.235413,323.043,323.043,0.917514,0.705466,-0.0963623,0.460101,-0.0633635,-0.651346,-0.47255,-0.651346,-0.47255,0.917637,0.707081,-0.0963623
952,4,22,2,3e+21,0.398107,0.0038356,57.9221,8.126,29.0655,871.964,87.1964,18,0.289756,0.208225,0.377515,0.207354,0.373599,0.511651,0.50385,0.534619,0.526523,36,54,0.505419,0.454643,0.696268,0.452742,0.689044,0.799439,0.787251,0.754704,0.743275,0.713134,0.676502,0.797901
953,4,22,3,3e+21,0.398107,0.00490394,46.7623,8.397,27.8718,836.153,83.6153,18,0.293775,0.212569,0.375505,0.211678,0.371687,0.508171,0.500948,0.529044,0.521564,36,54,0.521158,0.473641,0.707022,0.471656,0.699834,0.695545,0.685658,0.644802,0.635685,0.730247,0.699082,0.819342
954,4,22,4,3e+21,0.398107,0.00626986,30.8492,8.863,25.1068,753.204,75.3204,24,0.295865,0.216716,0.422218,0.215827,0.417163,0.511017,0.505054,0.506227,0.500365,48,71.5544,0.545086,0.500956,0.812759,0.498901,0.803029,0.741113,0.732466,0.649427,0.641907,0.755595,0.729223,0.84999
955,4,22,5,3e+21,0.398107,0.00801622,21.6685,9.143,22.6327,678.98,67.898,24,0.295756,0.218449,0.408416,0.217573,0.404351,0.492341,0.487651,0.489835,0.485195,48,64.5031,0.537852,0.495688,0.784503,0.493701,0.776694,0.737855,0.730827,0.680187,0.673743,0.738822,0.713076,0.819739
956,4,22,6,3e+21,0.398107,0.010249,14.2651,9.261,20.0313,600.938,60.0938,24,0.298483,0.222267,0.394007,0.221384,0.390983,0.472702,0.46918,0.471884,0.468379,48,57.0891,0.590087,0.557485,0.78958,0.555272,0.783521,0.737398,0.731904,0.721161,0.715805,0.799065,0.788302,0.823686
957,4,22,7,3e+21,0.398107,0.0131037,10.2513,9.108,18.5322,555.965,55.5965,24,0.306774,0.229996,0.387684,0.229064,0.385152,0.463588,0.460633,0.463256,0.460308,48,52.8166,0.558918,0.523521,0.836756,0.521401,0.831289,0.745185,0.740436,0.738018,0.733322,0.744163,0.726405,0.872502
958,4,22,8,3e+21,0.398107,0.0167535,7.4216,8.636,17.8027,534.081,53.4081,24,0.324909,0.245547,0.389007,0.244489,0.386671,0.46467,0.461946,0.464539,0.461818,48,50.7377,0.600709,0.569377,0.870538,0.566924,0.865311,0.81271,0.807946,0.807346,0.802617,0.779408,0.768428,0.940375
959,4,22,9,3e+21,0.398107,0.02142,5.5292,7.814,18.0346,541.038,54.1038,24,0.358428,0.27422,0.40298,0.272893,0.400488,0.482561,0.47966,0.482297,0.479402,48,51.3987,0.64968,0.621919,0.877314,0.618911,0.871889,0.776179,0.771514,0.768205,0.763594,0.812316,0.807065,0.911933
960,4,22,10,3e+21,0.398107,0.0273861,4.2435,6.696,19.2827,578.481,57.8481,30,0.412244,0.320784,0.480076,0.318924,0.476735,0.520036,0.516448,0.520036,0.516448,54.9557,54.9557,0.71509,0.69111,0.954876,0.687102,0.948232,0.813511,0.807898,0.813511,0.807898,0.851962,0.851924,0.969533
961,4,22,11,3e+21,0.398107,0.0350141,3.3699,5.471,21.5214,645.641,64.5642,30,0.484593,0.384036,0.517105,0.381191,0.512623,0.565756,0.560919,0.565409,0.560578,60,61.3359,0.819768,0.808556,1.03601,0.802568,1.02703,0.892803,0.88517,0.890645,0.883036,0.928483,0.943804,1.06196
962,4,22,12,3e+21,0.398107,0.0447667,2.7234,4.267,24.9696,749.088,74.9087,36,0.576908,0.467153,0.595115,0.462404,0.588183,0.62173,0.614573,0.62173,0.614573,71.1633,71.1633,0.949246,0.968992,1.07497,0.95914,1.06245,0.900384,0.890019,0.900384,0.890019,1.02545,1.07334,1.08798
963,4,22,13,3e+21,0.398107,0.0572357,2.2338,3.237,29.9136,897.407,89.7407,48,0.682284,0.568849,0.68339,0.560392,0.67204,0.676477,0.66538,0.676477,0.66538,85.2537,85.2537,1.06871,1.14463,1.01776,1.12762,1.00085,0.806204,0.792979,0.806204,0.792979,1.11501,1.21812,1.01866
964,4,22,14,3e+21,0.398107,0.0731778,1.8603,2.462,36.6612,1099.84,109.984,60,0.775345,0.665301,0.745833,0.650164,0.72721,0.723835,0.706085,0.723835,0.706085,104.484,104.484,0.960504,0.991031,0.965056,0.968482,0.940959,0.756469,0.737919,0.756469,0.737919,0.981106,1.02768,0.965126
965,4,22,15,3e+21,0.398107,0.0935603,1.5734,1.932,45.5242,1365.73,136.573,72,0.842688,0.742702,0.789912,0.716192,0.759538,0.749944,0.721915,0.749944,0.721915,129.744,129.744,0.950455,0.99021,1.00132,0.954865,0.962814,0.807039,0.776876,0.807039,0.776876,0.959883,1.01117,1.00133
966,4,22,16,3e+21,0.398107,0.11962,1.3471,1.586,57.0155,1710.47,171.047,96,0.886245,0.802069,0.812274,0.756459,0.763428,0.750954,0.707694,0.750954,0.707694,162.494,162.494,0.943278,0.999583,1.01502,0.942741,0.953986,1.05462,0.99387,1.05462,0.99387,0.947208,1.01137,1.01502
967,4,22,17,3e+21,0.398107,0.152938,1.1616,1.362,72.0628,2161.88,216.188,120,0.908583,0.835395,0.816616,0.758515,0.738433,0.718002,0.653759,0.718002,0.653759,205.379,205.379,0.940157,0.968179,0.779347,0.879078,0.704733,0.496131,0.45174,0.496131,0.45174,0.941761,0.974889,0.779347
968,4,22,18,3e+21,0.398107,0.195537,1.0103,1.224,91.1824,2735.47,273.547,156,0.91938,0.850094,0.790697,0.723536,0.670354,0.641931,0.553871,0.641931,0.553871,259.87,259.87,0.963721,1.14077,0.65832,0.970937,0.558125,0.303177,0.261588,0.303177,0.261588,0.96433,1.14529,0.65832
969,4,22,19,3e+21,0.398107,0.25,0.8802,1.136,116.331,3489.93,348.993,198,0.924599,0.847279,0.725709,0.640272,0.547595,0.49241,0.389751,0.49241,0.389751,331.543,331.543,0.941085,1.05568,0.43177,0.797757,0.325799,-0.0668239,-0.0528923,-0.0668239,-0.0528923,0.941299,1.05825,0.43177
970,4,23,4,3e+21,0.590784,0.00626986,56.4433,8.986,41.338,1240.14,124.014,24,0.303976,0.227535,0.466308,0.226623,0.460229,0.579536,0.567162,0.585063,0.572629,48,72,0.585082,0.544136,0.794487,0.541956,0.78413,0.846112,0.828046,0.771982,0.755575,0.803342,0.782348,0.866375
971,4,23,5,3e+21,0.590784,0.00801622,38.3917,9.428,37.8512,1135.53,113.553,24,0.305305,0.231699,0.454428,0.230802,0.448952,0.563449,0.553334,0.565187,0.555071,48,72,0.613034,0.57841,0.842303,0.576171,0.832152,0.920144,0.903625,0.870146,0.854572,0.830603,0.817512,0.981073
972,4,23,6,3e+21,0.590784,0.010249,25.1602,9.701,33.5453,1006.36,100.636,24,0.30916,0.237953,0.440354,0.237056,0.435558,0.543218,0.535574,0.542426,0.534816,48,72,0.641074,0.610858,0.805138,0.608555,0.796369,0.854694,0.842667,0.755139,0.744545,0.852654,0.844105,0.896322
973,4,23,7,3e+21,0.590784,0.0131037,17.703,9.707,30.1258,903.776,90.3775,24,0.316886,0.24651,0.430159,0.245579,0.425876,0.528222,0.522231,0.526772,0.52082,48,72,0.681619,0.655855,0.885752,0.653378,0.876932,0.904752,0.894491,0.764151,0.755517,0.88855,0.885539,0.915431
974,4,23,8,3e+21,0.590784,0.0167535,11.7564,9.374,26.9269,807.808,80.7808,24,0.33406,0.262851,0.421992,0.261817,0.418197,0.516238,0.511564,0.51473,0.51009,48,72,0.69497,0.671931,0.824662,0.669287,0.817246,0.84728,0.839608,0.731403,0.724811,0.87889,0.877264,0.876751
975,4,23,9,3e+21,0.590784,0.02142,8.3955,8.718,25.3509,760.528,76.0528,30,0.359335,0.285219,0.467024,0.284,0.463202,0.517324,0.513167,0.515011,0.510887,60,72.2501,0.760391,0.746476,0.936247,0.743284,0.928585,0.864624,0.857675,0.848602,0.841806,0.930348,0.940402,0.95963
976,4,23,10,3e+21,0.590784,0.0273861,6.1306,7.689,25.1437,754.311,75.4312,30,0.400024,0.320349,0.478408,0.318765,0.474543,0.532139,0.527924,0.530041,0.525857,60,71.6596,0.844537,0.841011,0.949005,0.836851,0.941336,0.861921,0.855095,0.832267,0.825698,0.99242,1.01478,0.964792
977,4,23,11,3e+21,0.590784,0.0350141,4.7107,6.489,26.3078,789.235,78.9234,36,0.456123,0.369044,0.53014,0.366815,0.525516,0.5581,0.553277,0.55741,0.552597,72,74.9773,0.951774,0.965945,1.01033,0.960111,1.00152,0.896583,0.888834,0.895255,0.887525,1.07371,1.11575,1.02275
978,4,23,12,3e+21,0.590784,0.0447667,3.7089,5.209,28.8824,866.471,86.6472,42,0.533746,0.438372,0.588612,0.434913,0.582441,0.597491,0.59128,0.597491,0.59128,82.3148,82.3148,1.28367,1.37807,1.04965,1.3672,1.03864,0.863491,0.854516,0.863491,0.854516,1.39191,1.52495,1.05417
979,4,23,13,3e+21,0.590784,0.0572357,2.9785,4.018,33.085,992.551,99.2551,48,0.626289,0.523692,0.647101,0.517921,0.638232,0.644841,0.636099,0.644841,0.636099,94.2924,94.2924,1.41355,1.58588,1.06428,1.5684,1.04969,0.909165,0.896839,0.909165,0.896839,1.48359,1.69248,1.06654
980,4,23,14,3e+21,0.590784,0.0731778,2.4339,3.044,39.2415,1177.24,117.724,60,0.720474,0.614848,0.710381,0.604829,0.696663,0.69365,0.680449,0.69365,0.680449,111.838,111.838,1.09466,1.18693,1.11579,1.16759,1.09425,0.900134,0.883003,0.900134,0.883003,1.12347,1.23431,1.11599
981,4,23,15,3e+21,0.590784,0.0935603,2.0198,2.326,47.8061,1434.18,143.418,78,0.80212,0.700924,0.761391,0.683307,0.739623,0.73285,0.712333,0.73285,0.712333,136.247,136.247,0.991796,1.05588,0.986393,1.02934,0.958193,0.909707,0.884239,0.909707,0.884239,1.0043,1.07972,1.02355
982,4,23,16,3e+21,0.590784,0.11962,1.7098,1.849,58.8664,1765.99,176.599,96,0.8595,0.769506,0.797209,0.739289,0.762689,0.752283,0.720714,0.752283,0.720714,167.769,167.769,0.990184,1.0651,0.985004,1.02328,0.942352,0.759582,0.727707,0.759582,0.727707,0.995947,1.079,0.985004
983,4,23,17,3e+21,0.590784,0.152938,1.4595,1.531,73.6386,2209.16,220.916,120,0.893626,0.814582,0.815744,0.76337,0.760587,0.744393,0.696444,0.744393,0.696444,209.87,209.87,1.02011,1.20419,1.00034,1.12849,0.932704,0.742975,0.695117,0.742975,0.695117,1.02258,1.21302,1.00034
984,4,23,18,3e+21,0.590784,0.195537,1.2578,1.328,92.7806,2783.42,278.342,156,0.912097,0.842246,0.809997,0.756701,0.723476,0.701155,0.631651,0.701155,0.631651,264.425,264.425,0.95062,1.02449,0.943703,0.920434,0.8429,0.636385,0.573302,0.636385,0.573302,0.951543,1.02887,0.943703
985,4,23,19,3e+21,0.590784,0.25,1.097,1.206,116.471,3494.13,349.413,198,0.920719,0.851781,0.779841,0.713582,0.649473,0.614538,0.522872,0.614538,0.522872,331.942,331.942,0.937042,0.985595,0.784056,0.825685,0.652983,0.381886,0.324923,0.381886,0.324923,0.93739,0.988095,0.809717
986,4,24,5,3e+21,0.876712,0.00801622,55.9539,9.696,58.6531,1759.59,175.959,24,0.311623,0.240764,0.474101,0.239858,0.468541,0.604207,0.58888,0.62937,0.611083,48,72,0.647168,0.616319,0.840417,0.614002,0.830562,1.01505,0.989301,1.01625,0.986724,0.867449,0.859219,0.911339
987,4,24,6,3e+21,0.876712,0.010249,40.7047,9.934,54.4588,1633.76,163.376,24,0.315898,0.247172,0.466293,0.246263,0.461209,0.590972,0.577149,0.612073,0.596738,48,72,0.724071,0.702381,0.88122,0.699799,0.871611,0.979394,0.956486,1.00369,0.978543,0.954682,0.959918,0.936259
988,4,24,7,3e+21,0.876712,0.0131037,29.8326,9.992,49.924,1497.72,149.772,24,0.32334,0.255797,0.459827,0.254861,0.455153,0.578755,0.566594,0.595518,0.582979,48,72,0.746132,0.727006,0.847553,0.724346,0.838937,0.89637,0.877536,0.93442,0.914746,0.964703,0.971315,0.914968
989,4,24,8,3e+21,0.876712,0.0167535,20.3382,9.803,44.3753,1331.26,133.126,24,0.338246,0.270861,0.45434,0.269846,0.450076,0.567163,0.557673,0.578376,0.56877,48,72,0.831724,0.821837,0.974963,0.81876,0.965814,0.998867,0.982153,0.997675,0.981104,1.04511,1.06345,1.02114
990,4,24,9,3e+21,0.876712,0.02142,13.5065,9.242,39.3232,1179.7,117.97,30,0.362958,0.293864,0.49628,0.292686,0.490833,0.56747,0.560058,0.562293,0.554975,60,90,0.983041,0.990791,0.931507,0.98682,0.921282,0.997303,0.984277,0.846208,0.835195,1.19164,1.23261,0.992601
991,4,24,10,3e+21,0.876712,0.0273861,9.521,8.405,36.3725,1091.18,109.118,30,0.396412,0.323911,0.495622,0.322463,0.490513,0.565505,0.559195,0.560472,0.554244,60,90,1.27983,1.33136,1.08263,1.32541,1.07147,1.03973,1.02812,0.931149,0.920801,1.49658,1.59319,1.06845
992,4,24,11,3e+21,0.876712,0.0350141,6.9865,7.333,35.3251,1059.75,105.975,36,0.442421,0.364742,0.529842,0.362832,0.524048,0.575041,0.568982,0.568636,0.562683,72,100.676,2.10984,2.30152,1.06402,2.28947,1.05238,1.01525,1.00455,0.938731,0.928904,2.37865,2.64803,1.09176
993,4,24,12,3e+21,0.876712,0.0447667,5.2376,6.055,36.2296,1086.89,108.689,42,0.506241,0.421365,0.574508,0.418597,0.5681,0.597051,0.590464,0.592335,0.585834,84,103.254,3.15203,3.59956,1.13675,3.57591,1.12407,1.05165,1.04005,1.00898,0.997904,3.42625,3.98144,1.15197
994,4,24,13,3e+21,0.876712,0.0572357,4.0956,4.832,39.0611,1171.83,117.183,48,0.582006,0.489631,0.62194,0.485382,0.613917,0.631195,0.623115,0.626938,0.618951,96,111.324,0.861231,0.851623,1.23414,0.844233,1.21822,1.11096,1.09674,1.09973,1.08572,0.908708,0.91177,1.22825
995,4,24,14,3e+21,0.876712,0.0731778,3.2638,3.72,44.1399,1324.2,132.42,60,0.668957,0.570674,0.682308,0.563692,0.67108,0.671209,0.660279,0.669318,0.658443,120,125.799,2.00909,2.41352,1.05468,2.38399,1.03732,0.867828,0.853696,0.861328,0.847334,2.07198,2.51837,1.05559
996,4,24,15,3e+21,0.876712,0.0935603,2.658,2.84,51.7374,1552.12,155.212,78,0.753531,0.65407,0.733721,0.642224,0.71714,0.71005,0.694276,0.71005,0.694276,147.452,147.452,1.04311,1.10962,1.01803,1.08952,0.995021,0.788876,0.77135,0.788876,0.77135,1.05996,1.13773,1.01803
997,4,24,16,3e+21,0.876712,0.11962,2.2067,2.203,62.269,1868.07,186.807,96,0.824048,0.730714,0.77616,0.710458,0.750775,0.740791,0.717148,0.740791,0.717148,177.467,177.467,0.979061,1.02588,1.07254,0.997436,1.03746,0.879445,0.851377,0.879445,0.851377,0.986549,1.04053,1.07254
998,4,24,17,3e+21,0.876712,0.152938,1.8568,1.764,76.5754,2297.26,229.726,120,0.871571,0.787319,0.805677,0.75294,0.765889,0.75187,0.716064,0.75187,0.716064,218.24,218.24,0.970348,1.03152,1.11485,0.986482,1.0598,0.93794,0.893273,0.93794,0.893273,0.973684,1.03997,1.11485
999,4,24,18,3e+21,0.876712,0.195537,1.5848,1.48,95.1875,2855.62,285.562,156,0.899503,0.824427,0.814856,0.767086,0.752872,0.734938,0.681997,0.734938,0.681997,271.284,271.284,0.944919,0.98564,0.990742,0.917087,0.915378,0.781679,0.72537,0.781679,0.72537,0.94628,0.990259,0.990742
1000,4,24,19,3e+21,0.876712,0.25,1.3649,1.298,119.427,3582.82,358.282,198,0.915183,0.847984,0.805897,0.752988,0.709858,0.682575,0.607762,0.682575,0.607762,340.368,340.368,0.932978,0.955792,0.933541,0.848718,0.82229,0.605803,0.539404,0.605803,0.539404,0.933474,0.958228,0.933541
1001,4,25,7,3e+21,1.30103,0.0131037,48.6304,10.144,80.4789,2414.37,241.437,24,0.327697,0.261666,0.472386,0.260724,0.467633,0.611981,0.598068,0.652178,0.629583,48,72,0.74992,0.731638,0.874685,0.729006,0.865884,1.00238,0.97959,1.04498,1.00877,0.966081,0.972909,0.935031
1002,4,25,8,3e+21,1.30103,0.0167535,33.782,9.999,73.099,2192.97,219.297,24,0.342979,0.277487,0.468532,0.276471,0.464169,0.603384,0.590855,0.638394,0.618926,48,72,0.824481,0.814165,0.896246,0.811183,0.887899,1.03325,1.01179,1.1028,1.06917,1.03151,1.04762,0.958754
1003,4,25,9,3e+21,1.30103,0.02142,22.9559,9.544,64.9987,1949.96,194.996,30,0.365867,0.299468,0.518636,0.29831,0.512823,0.616037,0.601693,0.626881,0.6118,60,90,0.951293,0.955274,0.93914,0.951582,0.928615,0.999411,0.976141,1.05041,1.02514,1.15027,1.18392,0.977807
1004,4,25,10,3e+21,1.30103,0.0273861,16.0912,8.87,58.2519,1747.56,174.756,30,0.394564,0.326005,0.518316,0.324634,0.512855,0.609125,0.597268,0.615591,0.603704,60,90,1.11869,1.14442,0.982266,1.13961,0.971918,1.0835,1.0624,1.10788,1.08648,1.30859,1.36812,1.02408
1005,4,25,11,3e+21,1.30103,0.0350141,10.995,7.864,52.7223,1581.67,158.167,36,0.437546,0.365089,0.55,0.363325,0.54354,0.613485,0.603768,0.607409,0.597815,72,108,1.55771,1.6514,1.11787,1.64343,1.10474,1.11256,1.09494,1.04282,1.02635,1.75559,1.89626,1.13935
1006,4,25,12,3e+21,1.30103,0.0447667,7.8406,6.705,50.1003,1503.01,150.301,42,0.490837,0.412866,0.57962,0.410463,0.572001,0.619878,0.611021,0.610889,0.60221,84,126,3.196,3.59709,1.12188,3.57615,1.10713,1.12115,1.10513,1.02192,1.0074,3.48163,3.98107,1.12821
1007,4,25,13,3e+21,1.30103,0.0572357,5.8411,5.506,50.3546,1510.64,151.064,54,0.555739,0.471315,0.625002,0.467836,0.615896,0.636202,0.627046,0.627767,0.618804,108,143.511,3.74657,4.37855,1.18773,4.34624,1.17043,1.13223,1.11594,1.08179,1.06634,3.96587,4.69616,1.19976
1008,4,25,14,3e+21,1.30103,0.0731778,4.5309,4.395,53.3105,1599.31,159.931,60,0.628167,0.537337,0.662489,0.532068,0.651738,0.664964,0.654258,0.656653,0.646166,120,151.935,4.08905,5.03205,1.26891,4.98271,1.24832,1.19691,1.17764,1.15908,1.14056,4.23487,5.2673,1.26919
1009,4,25,15,3e+21,1.30103,0.0935603,3.5782,3.398,59.3907,1781.72,178.172,78,0.70913,0.614184,0.713906,0.605647,0.699572,0.695829,0.682013,0.691734,0.678062,156,169.263,1.27018,1.41936,1.10926,1.39963,1.08699,0.990723,0.971051,0.977194,0.957879,1.29477,1.45877,1.10946
1010,4,25,16,3e+21,1.30103,0.11962,2.9132,2.638,68.5516,2056.55,205.655,96,0.782506,0.688446,0.755053,0.674435,0.73487,0.72531,0.706289,0.723984,0.705027,192,195.372,1.05088,1.13245,1.18103,1.10941,1.14946,1.0678,1.0398,1.06468,1.0368,1.06125,1.15071,1.18104
1011,4,25,17,3e+21,1.30103,0.152938,2.4091,2.074,81.759,2452.77,245.277,120,0.841561,0.753434,0.789316,0.730035,0.759327,0.745684,0.718155,0.745684,0.718155,233.013,233.013,0.980038,1.03504,1.10691,1.0029,1.06486,0.97162,0.935751,0.97162,0.935751,0.984583,1.0445,1.10691
1012,4,25,18,3e+21,1.30103,0.195537,2.0205,1.683,99.9215,2997.64,299.764,156,0.88129,0.801304,0.810415,0.762166,0.764519,0.748183,0.707543,0.748183,0.707543,284.776,284.776,0.954151,0.999846,0.98121,0.95101,0.925641,0.85728,0.810714,0.85728,0.810714,0.956095,1.00504,0.98121
1013,4,25,19,3e+21,1.30103,0.25,1.7255,1.434,123.151,3694.52,369.452,198,0.904399,0.832869,0.815271,0.768766,0.745374,0.72362,0.665289,0.72362,0.665289,350.98,350.98,0.944129,0.988964,0.89067,0.912846,0.814308,0.695403,0.639347,0.695403,0.639347,0.944933,0.991919,0.89067
1014,4,26,8,3e+21,1.9307,0.0167535,52.6533,10.085,115.739,3472.18,347.218,24,0.347796,0.283366,0.4755,0.282337,0.471153,0.616054,0.603355,0.666374,0.644245,48,72,0.831159,0.821483,0.899479,0.818502,0.891258,0.872082,0.854105,0.782294,0.756316,1.03499,1.05111,0.95131
1015,4,26,9,3e+21,1.9307,0.02142,41.1017,9.806,108.875,3266.24,326.624,30,0.363034,0.298222,0.527254,0.297104,0.521304,0.64226,0.625914,0.679264,0.65226,60,90,0.907273,0.905879,0.939817,0.902482,0.929211,0.844346,0.822856,0.838428,0.805096,1.10341,1.12928,0.974742
1016,4,26,10,3e+21,1.9307,0.0273861,27.5931,9.112,97.0307,2910.92,291.092,30,0.39447,0.327871,0.526869,0.326534,0.521341,0.638276,0.623587,0.670039,0.646675,60,90,1.04249,1.05772,0.966186,1.0534,0.956049,1.05089,1.02671,1.04209,1.00576,1.22017,1.26448,0.997209
1017,4,26,11,3e+21,1.9307,0.0350141,19.0879,8.268,86.495,2594.85,259.485,36,0.431921,0.362628,0.561164,0.360974,0.554528,0.652823,0.636385,0.665242,0.646159,72,108,1.19967,1.23819,1.00479,1.23254,0.992904,1.0779,1.05076,1.06058,1.03016,1.35699,1.42628,1.03049
1018,4,26,12,3e+21,1.9307,0.0447667,12.6395,7.132,76.8496,2305.49,230.549,42,0.484035,0.410283,0.594168,0.408061,0.586269,0.659737,0.644774,0.656333,0.641483,84,126,1.54263,1.64293,1.04834,1.63403,1.0344,1.06485,1.0407,1.10059,1.07568,1.68346,1.82007,1.066
1019,4,26,13,3e+21,1.9307,0.0572357,8.9935,6.044,71.8071,2154.21,215.421,54,0.538968,0.460142,0.634356,0.457108,0.624042,0.663961,0.650841,0.652853,0.640018,108,162,2.14454,2.38767,1.09778,2.37193,1.07994,1.17386,1.15067,1.06557,1.04462,2.27729,2.56712,1.10868
1020,4,26,14,3e+21,1.9307,0.0731778,6.5829,4.939,70.6248,2118.75,211.875,66,0.603655,0.519071,0.665587,0.514685,0.653025,0.675578,0.662679,0.660715,0.648247,132,198,2.82011,3.30546,1.12459,3.27753,1.10337,1.15267,1.13067,1.08481,1.06434,2.92918,3.46761,1.1356
1021,4,26,15,3e+21,1.9307,0.0935603,5.0094,3.933,73.4985,2204.96,220.496,78,0.67455,0.58505,0.701437,0.578404,0.68684,0.697389,0.683002,0.684332,0.670378,156,209.471,1.42326,1.59854,1.07544,1.58038,1.05306,1.09577,1.07316,1.09071,1.06847,1.45516,1.64709,1.08085
1022,4,26,16,3e+21,1.9307,0.11962,3.9526,3.097,80.3406,2410.22,241.022,96,0.744834,0.653177,0.741279,0.64279,0.722925,0.721514,0.703817,0.711036,0.693774,192,228.971,1.08537,1.16722,1.03798,1.14866,1.01228,1.02468,0.999547,1.03684,1.01167,1.09841,1.18817,1.03831
1023,4,26,17,3e+21,1.9307,0.152938,3.2072,2.447,91.3406,2740.22,274.022,120,0.807177,0.717669,0.773642,0.701128,0.748894,0.740815,0.717533,0.733964,0.711063,240,260.321,0.994515,1.04746,0.990338,1.02332,0.958659,0.958864,0.92873,0.944201,0.914741,1.00046,1.0582,0.990339
1024,4,26,18,3e+21,1.9307,0.195537,2.6368,1.952,107.9,3237.01,323.701,156,0.856702,0.77306,0.799265,0.745939,0.763635,0.74676,0.714578,0.74676,0.714578,307.516,307.516,0.963458,1.00747,0.970444,0.972128,0.927184,0.851373,0.814683,0.851373,0.814683,0.965955,1.01295,0.970444
1025,4,26,19,3e+21,1.9307,0.25,2.2124,1.615,130.24,3907.2,390.72,198,0.888859,0.812426,0.814716,0.76832,0.761913,0.74184,0.696014,0.74184,0.696014,371.184,371.184,0.935784,0.954888,0.89397,0.903048,0.83603,0.757607,0.710807,0.757607,0.710807,0.936949,0.958132,0.89397
1026,4,27,9,3e+21,2.86512,0.02142,59.7507,9.759,167.796,5033.87,503.387,30,0.372198,0.307986,0.531935,0.306824,0.526108,0.650097,0.634046,0.694381,0.666625,60,90,0.903122,0.90121,0.942455,0.897811,0.932132,0.871777,0.850252,0.851983,0.817927,1.08805,1.1116,0.973016
1027,4,27,10,3e+21,2.86512,0.0273861,50.1243,9.438,161.361,4840.83,484.083,30,0.386947,0.321985,0.531665,0.320723,0.526046,0.648352,0.633031,0.691982,0.665446,60,90,0.94398,0.946796,0.954096,0.943086,0.944012,0.880614,0.859804,0.860045,0.827064,1.11641,1.14441,0.984163
1028,4,27,11,3e+21,2.86512,0.0350141,31.9152,8.412,142.93,4287.91,428.791,36,0.43328,0.365416,0.566139,0.363782,0.559514,0.667136,0.649649,0.701599,0.672186,72,108,1.10255,1.12711,0.988604,1.12207,0.977035,0.909433,0.885595,0.884012,0.846952,1.24675,1.29739,1.01046
1029,4,27,12,3e+21,2.86512,0.0447667,21.9102,7.438,127.348,3820.45,382.045,42,0.478181,0.406929,0.59805,0.40483,0.590131,0.683144,0.66355,0.704284,0.674748,84,126,1.23901,1.28865,1.01052,1.282,0.997142,0.970171,0.942344,0.916662,0.878219,1.35639,1.43183,1.02593
1030,4,27,13,3e+21,2.86512,0.0572357,14.2878,6.27,112.08,3362.39,336.239,54,0.536731,0.460735,0.641013,0.457828,0.63056,0.700055,0.677566,0.697778,0.675145,108,162,1.44476,1.54492,1.02788,1.53517,1.01112,1.02417,0.991273,0.998428,0.966043,1.53367,1.65945,1.03599
1031,4,27,14,3e+21,2.86512,0.0731778,10.3078,5.337,103.835,3115.04,311.504,66,0.588702,0.508323,0.672877,0.504422,0.659871,0.705587,0.685926,0.693524,0.67427,132,198,1.70898,1.89257,1.03187,1.87805,1.01193,1.01078,0.982617,0.979259,0.952073,1.77927,1.9894,1.03782
1032,4,27,15,3e+21,2.86512,0.0935603,7.4607,4.376,100.103,3003.1,300.31,78,0.649894,0.564762,0.700909,0.559189,0.685353,0.713298,0.694842,0.697567,0.679657,156,234,2.86932,3.45295,1.03059,3.41888,1.00771,1.0029,0.976947,0.959074,0.93445,2.94056,3.56514,1.03584
1033,4,27,16,3e+21,2.86512,0.11962,5.6236,3.526,102.036,3061.08,306.108,96,0.714494,0.626302,0.730713,0.618037,0.711323,0.727374,0.70788,0.705566,0.686973,192,288,1.15746,1.25362,0.995226,1.23707,0.968817,0.947845,0.922442,0.93823,0.913506,1.17375,1.27849,0.992225
1034,4,27,17,3e+21,2.86512,0.152938,4.3903,2.814,109.582,3287.45,328.745,126,0.776428,0.68787,0.764802,0.675222,0.741053,0.740046,0.717297,0.724241,0.7023,252,312.308,1.01063,1.06159,0.963546,1.04207,0.933626,0.892963,0.865513,0.888363,0.86145,1.01802,1.07377,0.963685
1035,4,27,18,3e+21,2.86512,0.195537,3.532,2.258,122.91,3687.31,368.731,156,0.829485,0.74423,0.789281,0.724486,0.758483,0.750834,0.722081,0.739133,0.711157,312,350.294,0.967363,1.00431,0.931015,0.977666,0.894685,0.857845,0.824994,0.830226,0.798803,0.970805,1.01082,0.931015
1036,4,27,19,3e+21,2.86512,0.25,2.8988,1.84,143.062,4291.86,429.186,198,0.869357,0.789522,0.808661,0.758126,0.765951,0.748465,0.71032,0.744196,0.706444,396,407.726,0.940903,0.962738,0.89762,0.924454,0.850212,0.786853,0.746752,0.780218,0.740638,0.942346,0.966056,0.89762
1037,4,28,11,3e+21,4.25179,0.0350141,58.8381,8.843,235.787,7073.6,525.3,36,0.419632,0.354006,0.569282,0.352511,0.562538,0.675488,0.657338,0.717006,0.685467,72,108,0.999418,1.0079,0.963875,1.00364,0.952456,0.902005,0.877769,0.851636,0.814175,1.1459,1.17758,0.984887
1038,4,28,12,3e+21,4.25179,0.0447667,37.6741,7.641,211.377,6341.31,525.3,42,0.474948,0.405543,0.601547,0.403516,0.593637,0.691928,0.671774,0.726161,0.691747,84,126,1.10177,1.12685,0.987535,1.12122,0.974549,0.866139,0.84091,0.820106,0.781239,1.20992,1.25605,0.999486
1039,4,28,13,3e+21,4.25179,0.0572357,25.2349,6.559,187.832,5634.96,525.3,54,0.528222,0.454641,0.643376,0.451922,0.632928,0.71549,0.689908,0.737282,0.696238,108,162,1.20382,1.25538,1.01061,1.24787,0.994198,0.907743,0.875286,0.83274,0.786381,1.28276,1.35372,1.01793
1040,4,28,14,3e+21,4.25179,0.0731778,17.7541,5.654,168.671,5060.12,506.012,60,0.576222,0.498487,0.663164,0.494922,0.651506,0.72577,0.698877,0.736629,0.700126,120,180,1.3741,1.47207,1.00854,1.46155,0.990806,0.954094,0.91874,0.871376,0.828197,1.43496,1.55212,1.01453
1041,4,28,15,3e+21,4.25179,0.0935603,11.9048,4.665,151.561,4546.83,454.683,78,0.63593,0.553516,0.701104,0.548485,0.685581,0.740451,0.7108,0.730152,0.700999,156,234,4.04659,4.9067,1.03463,4.8621,1.01172,0.98257,0.943224,0.92448,0.887568,4.15343,5.07309,1.03865
1042,4,28,16,3e+21,4.25179,0.11962,8.4594,3.834,143.347,4300.42,430.042,96,0.695484,0.609971,0.73045,0.602796,0.711022,0.745819,0.719148,0.728652,0.702746,192,288,3.99971,5.09913,0.991527,5.03915,0.965154,0.919403,0.886525,0.862269,0.831612,4.06095,5.20567,0.993867
1043,4,28,17,3e+21,4.25179,0.152938,6.2695,3.115,143.415,4302.45,430.245,126,0.754655,0.668242,0.760643,0.657708,0.735,0.751605,0.724771,0.724972,0.69953,252,378,1.0272,1.07795,0.956214,1.06096,0.923977,0.855787,0.825234,0.825007,0.796054,1.03581,1.09139,0.958663
1044,4,28,18,3e+21,4.25179,0.195537,4.8821,2.543,151.132,4533.95,453.395,156,0.806209,0.721296,0.783998,0.705696,0.752766,0.759556,0.729582,0.731152,0.702964,312,430.725,0.973711,1.008,0.917883,0.9862,0.881317,0.821255,0.788846,0.793519,0.762928,0.977942,1.01531,0.919229
1045,4,28,19,3e+21,4.25179,0.25,3.8984,2.079,166.91,5007.3,500.73,198,0.849145,0.767934,0.803957,0.744191,0.764966,0.761081,0.724822,0.739072,0.704569,396,475.693,0.952103,0.980377,0.890358,0.950066,0.847177,0.812261,0.773564,0.769083,0.733179,0.9541,0.984411,0.890358
1046,4,29,12,3e+21,6.30957,0.0447667,56.2625,7.518,329.339,9880.18,525.3,42,0.483071,0.413812,0.603412,0.411705,0.595619,0.697533,0.677769,0.735709,0.701576,84,126,1.06109,1.08152,0.980727,1.07601,0.968061,0.933363,0.906916,0.867881,0.827616,1.15884,1.1981,0.993531
1047,4,29,13,3e+21,6.30957,0.0572357,41.0592,6.609,305.36,9160.79,525.3,54,0.528161,0.455599,0.646372,0.452899,0.636005,0.723816,0.698058,0.754254,0.710347,108,162,1.12175,1.15619,0.984006,1.14933,0.968223,0.881061,0.849706,0.818237,0.770605,1.19474,1.24592,0.990929
1048,4,29,14,3e+21,6.30957,0.0731778,30.0757,5.785,279.91,8397.31,525.3,60,0.571849,0.495818,0.666223,0.492369,0.654645,0.735459,0.707705,0.761287,0.71488,120,180,1.20591,1.26379,0.991448,1.255,0.974217,0.868837,0.836049,0.802346,0.753436,1.26051,1.33371,0.995869
1049,4,29,15,3e+21,6.30957,0.0935603,20.4293,4.874,249.134,7474.02,525.3,78,0.625318,0.545081,0.702899,0.540395,0.687483,0.756903,0.721267,0.771144,0.716596,156,234,1.93328,2.19368,0.994977,2.17482,0.973156,0.868977,0.828064,0.786067,0.730463,1.98754,2.27183,0.998511
1050,4,29,16,3e+21,6.30957,0.11962,13.6644,4.029,222.424,6672.73,525.3,96,0.684322,0.601051,0.731176,0.594439,0.711941,0.771088,0.730358,0.768326,0.723777,192,288,3.9316,4.93216,0.970569,4.87791,0.945037,0.845475,0.800816,0.757555,0.713631,3.99528,5.03926,0.971162
1051,4,29,17,3e+21,6.30957,0.152938,9.6319,3.344,207.305,6219.16,525.3,126,0.739031,0.654764,0.760715,0.645452,0.735076,0.776361,0.73723,0.761578,0.723406,252,378,1.08342,1.15563,0.949108,1.1392,0.917119,0.883188,0.838673,0.86181,0.818614,1.09341,1.17098,0.950619
1052,4,29,18,3e+21,6.30957,0.195537,7.1703,2.787,203.454,6103.6,525.3,156,0.78768,0.704521,0.78342,0.691376,0.751246,0.780397,0.742582,0.758942,0.722661,312,468,0.980492,1.01651,0.929909,0.997544,0.891719,0.852471,0.811164,0.868972,0.827431,0.985551,1.02477,0.931068
1053,4,29,19,3e+21,6.30957,0.25,5.5145,2.316,210.053,6301.59,525.3,198,0.83081,0.751049,0.80406,0.732017,0.763181,0.786591,0.746165,0.772016,0.732824,396,499.035,0.943927,0.965431,0.905227,0.940966,0.859204,0.85586,0.811874,0.878775,0.834163,0.946494,0.970113,0.906613
1054,4,30,14,3e+21,9.36329,0.0731778,48.9667,5.853,450.847,13525.4,525.3,60,0.563902,0.487446,0.663568,0.484105,0.652148,0.738111,0.710512,0.768122,0.721171,120,180,1.22368,1.28571,0.98006,1.27689,0.963192,0.896508,0.862986,0.836725,0.785581,1.27973,1.35747,0.986773
1055,4,30,15,3e+21,9.36329,0.0935603,34.2248,4.959,411.222,12336.7,525.3,78,0.617028,0.536686,0.703484,0.532174,0.688233,0.762648,0.726554,0.785409,0.724929,156,234,4.028,4.8173,0.994443,4.77679,0.972885,0.880342,0.838678,0.817292,0.754357,4.14308,4.9912,0.997848
1056,4,30,16,3e+21,9.36329,0.11962,23.3834,4.168,368.18,11045.4,525.3,96,0.672709,0.589861,0.732476,0.583659,0.71345,0.780394,0.736858,0.796555,0.726311,192,288,1.03935,1.07534,0.966375,1.06403,0.941273,0.854993,0.807296,0.79599,0.725795,1.05703,1.0996,0.960899
1057,4,30,17,3e+21,9.36329,0.152938,16.6156,3.563,333.431,10002.9,525.3,120,0.723196,0.640495,0.758308,0.632166,0.734137,0.795173,0.742236,0.800899,0.73053,240,360,1.12257,1.19961,0.925836,1.18401,0.896325,0.816856,0.762475,0.766839,0.699463,1.13425,1.2171,0.927271
1058,4,30,18,3e+21,9.36329,0.195537,11.4173,2.969,304.676,9140.27,525.3,156,0.776544,0.696124,0.784115,0.684339,0.752242,0.806109,0.746941,0.79919,0.740773,312,468,0.965592,0.984673,0.897709,0.968002,0.861219,0.784846,0.727238,0.723598,0.670707,0.971106,0.993227,0.898591
1059,4,30,19,3e+21,9.36329,0.25,8.2037,2.483,292.323,8769.69,525.3,198,0.818583,0.740379,0.805578,0.723729,0.764643,0.8106,0.755931,0.805072,0.751009,396,499.035,0.942012,0.950792,0.88467,0.929411,0.839717,0.776103,0.72376,0.747537,0.697338,0.944847,0.955637,0.885284
1060,4,31,15,3e+21,13.895,0.0935603,52.9456,4.914,649.605,19488.2,525.3,78,0.613626,0.5282,0.692777,0.523709,0.677946,0.746329,0.711698,0.758206,0.700672,156,234,0.999884,1.01744,0.970233,1.00879,0.949462,0.893275,0.851825,0.824122,0.761587,1.02721,1.05265,0.971947
1061,4,31,16,3e+21,13.895,0.11962,42.0588,4.392,615.823,18474.7,525.3,90,0.650576,0.563332,0.713363,0.557805,0.69608,0.758477,0.718823,0.766199,0.700665,180,270,1.00037,1.02112,0.952499,1.0111,0.929422,0.846241,0.802,0.787334,0.719993,1.01986,1.04708,0.953504
1062,4,31,17,3e+21,13.895,0.152938,28.6199,3.671,555.504,16665.1,525.3,120,0.710817,0.624147,0.75078,0.616365,0.727136,0.782821,0.729526,0.784263,0.697999,240,360,0.969311,0.985284,0.916335,0.973,0.887477,0.82005,0.764221,0.780141,0.694331,0.980008,1.00034,0.917686
1063,4,31,18,3e+21,13.895,0.195537,19.6767,3.106,498.901,14967,525.3,150,0.763116,0.681706,0.782379,0.670921,0.752176,0.814799,0.74805,0.823984,0.721098,300,450,0.960718,0.980426,0.894678,0.964916,0.86014,0.814248,0.747544,0.810178,0.709016,0.966737,0.989559,0.895557
1064,4,31,19,3e+21,13.895,0.25,13.2705,2.604,450.431,13512.9,525.3,198,0.808623,0.730405,0.806165,0.71523,0.765764,0.827946,0.745259,0.828233,0.738795,396,499.035,0.937972,0.948963,0.880479,0.929247,0.836354,0.820276,0.738355,0.809202,0.721819,0.94106,0.954087,0.881003
1065,4,32,17,3e+21,20.6199,0.152938,47.9069,3.755,902.681,27080.4,525.3,114,0.700012,0.605898,0.72989,0.598583,0.708279,0.749754,0.701938,0.731059,0.654837,228,342,0.874836,0.851847,0.93687,0.841563,0.909131,0.82967,0.776757,0.771234,0.690823,0.885043,0.865489,0.938015
1066,4,32,18,3e+21,20.6199,0.195537,34.2413,3.208,831.944,24958.3,525.3,144,0.753201,0.659696,0.750207,0.649754,0.722724,0.750484,0.691409,0.712467,0.621103,288,432,0.929264,0.925444,0.963343,0.911497,0.928052,0.833963,0.768316,0.776419,0.676854,0.935595,0.934672,0.957459
1067,4,32,19,3e+21,20.6199,0.25,22.1311,2.658,738.182,22145.5,525.3,198,0.802621,0.707081,0.765567,0.692877,0.727764,0.733085,0.655794,0.695642,0.600006,396,499.035,0.917952,0.905994,0.856935,0.887794,0.81462,0.765757,0.685021,0.743964,0.641684,0.921057,0.910955,0.857418
1068,4,33,19,3e+21,30.5995,0.25,38.363,2.737,1224.53,36735.9,525.3,192,0.78638,0.678709,0.748731,0.665729,0.713253,0.701782,0.630164,0.647984,0.557234,384,499.035,0.876225,0.823941,0.832165,0.808184,0.792734,0.685977,0.615972,0.61399,0.528,0.879477,0.828798,0.832647
1070,5,9,1,6e+21,0.00235195,0.003,0.7336,1.052,1.36665,40.9994,24.5996,18,0.621428,-2.47,-3.21613,-1.94968,-3.20354,-1.91257,-1.9091,-1.91257,-1.9091,23.3696,23.3696,0.549809,-2.65077,-3.43931,-2.09238,-3.42585,-2.03597,-2.03226,-2.03597,-2.03226,0.578711,-4.81779,-0.54568
1071,5,9,2,6e+21,0.00235195,0.0038356,0.6229,1.051,1.76073,52.8216,27,18,0.68374,-2.29294,-3.25242,-1.58207,-3.23106,-1.51335,-1.51025,-1.51335,-1.51025,25.65,25.65,0.588089,-2.84503,-3.77262,-1.963,-3.74783,-1.7209,-1.71737,-1.7209,-1.71737,0.606943,-5.17086,-0.915525
1072,5,9,3,6e+21,0.00235195,0.00490394,0.5468,1.051,2.17773,65.3322,27,18,0.729555,-1.63888,-2.4194,-0.965665,-2.39494,-1.14062,-1.137,-1.14062,-1.137,25.65,25.65,0.628121,-2.42907,-3.13889,-1.43127,-3.10716,-1.42518,-1.42065,-1.42518,-1.42065,0.641283,-4.41485,-0.768499
1073,5,10,1,6e+21,0.00349025,0.003,0.9229,1.076,1.38865,41.6595,24.9957,18,0.598577,-1.65965,-2.82297,-1.40344,-2.81321,-1.73644,-1.73362,-1.73644,-1.73362,23.7459,23.7459,0.525119,-1.82351,-3.02099,-1.542,-3.01055,-1.83977,-1.83678,-1.83977,-1.83678,0.564308,-3.31424,-0.58589
1074,5,10,2,6e+21,0.00349025,0.0038356,0.7855,1.076,1.75858,52.757,27,18,0.664947,-1.51912,-2.78576,-1.17112,-2.77014,-1.44119,-1.4384,-1.44119,-1.4384,25.65,25.65,0.576511,-1.84463,-3.18841,-1.42207,-3.17054,-1.6234,-1.62025,-1.6234,-1.62025,0.603909,-3.35263,-0.883749
1075,5,10,3,6e+21,0.00349025,0.00490394,0.6758,1.075,2.21919,66.5761,27,18,0.721278,-1.04329,-2.01753,-0.70481,-1.99939,-1.05912,-1.0558,-1.05912,-1.0558,25.65,25.65,0.634201,-1.40793,-2.67564,-0.951145,-2.65158,-1.39039,-1.38603,-1.39039,-1.38603,0.653272,-2.55892,-0.751169
1076,5,10,4,6e+21,0.00349025,0.00626986,0.5872,1.074,2.79292,83.7876,27,18,0.762876,-0.667195,-1.43609,-0.376143,-1.41555,-0.770609,-0.766746,-0.770609,-0.766746,25.65,25.65,0.669403,-1.32355,-2.06455,-0.746174,-2.03501,-1.06916,-1.0638,-1.06916,-1.0638,0.682074,-2.40555,-0.571761
1077,5,10,5,6e+21,0.00349025,0.00801622,0.5009,1.071,3.67135,110.141,27,18,0.77347,0.107633,-0.219527,0.0735963,-0.210445,-0.235116,-0.230095,-0.235116,-0.230095,25.65,25.65,0.681053,-0.115872,-0.690568,-0.0792295,-0.661998,-0.523659,-0.512476,-0.523659,-0.512476,0.701162,-0.202073,-0.629252
1078,5,11,1,6e+21,0.00517947,0.003,1.1746,1.113,1.41204,42.3614,25.4168,18,0.565621,-1.11309,-2.38615,-0.990156,-2.37919,-1.60724,-1.60488,-1.60724,-1.60488,24.146,24.146,0.49273,-1.24435,-2.55767,-1.10691,-2.55021,-1.7151,-1.71257,-1.7151,-1.71257,0.544574,-2.2616,-0.633449
1079,5,11,2,6e+21,0.00517947,0.0038356,0.9928,1.113,1.77908,53.3724,27,18,0.641027,-0.979131,-2.23879,-0.815294,-2.22827,-1.31665,-1.31422,-1.31665,-1.31422,25.65,25.65,0.553198,-1.23646,-2.62754,-1.02956,-2.61519,-1.53406,-1.53123,-1.53406,-1.53123,0.591019,-2.24727,-0.855392
1080,5,11,3,6e+21,0.00517947,0.00490394,0.8454,1.111,2.24854,67.4561,27,18,0.705838,-0.665667,-1.62175,-0.50185,-1.60946,-0.967254,-0.964361,-0.967254,-0.964361,25.65,25.65,0.62074,-0.92895,-2.17441,-0.700341,-2.15793,-1.27925,-1.27543,-1.27925,-1.27543,0.647735,-1.68837,-0.717902
1081,5,11,4,6e+21,0.00517947,0.00626986,0.7258,1.109,2.84681,85.4045,27,18,0.753696,-0.415939,-1.15454,-0.27148,-1.14042,-0.705278,-0.701864,-0.705278,-0.701864,25.65,25.65,0.663332,-0.881708,-1.72179,-0.575484,-1.70073,-1.04017,-1.03514,-1.04017,-1.03514,0.6814,-1.60251,-0.581265
1082,5,11,5,6e+21,0.00517947,0.00801622,0.6215,1.106,3.67342,110.202,27,18,0.755568,0.128837,-0.103013,0.0986058,-0.0998343,-0.166187,-0.163171,-0.166187,-0.163171,25.65,25.65,0.657857,-0.146019,-0.585461,-0.111757,-0.567398,-0.547997,-0.538055,-0.547997,-0.538055,0.686585,-0.25469,-0.610052
1083,5,11,6,6e+21,0.00517947,0.010249,0.5492,1.102,4.54846,136.454,27,18,0.768763,0.249071,0.193758,0.190539,0.183729,0.0888749,0.0857433,0.0888749,0.0857433,25.65,25.65,0.667714,0.0392106,-0.23866,0.0299961,-0.226306,-0.304488,-0.293759,-0.304488,-0.293759,0.695907,0.0668973,-0.309964
1084,5,12,1,6e+21,0.00768625,0.003,1.5082,1.168,1.45258,43.5773,26.1464,18,0.524643,-0.771957,-2.03319,-0.711262,-2.02832,-1.41108,-1.40943,-1.41108,-1.40943,24.839,24.839,0.462308,-0.86046,-2.21489,-0.792806,-2.20958,-1.53614,-1.53435,-1.53614,-1.53435,0.529165,-1.56389,-1.73816
1085,5,12,2,6e+21,0.00768625,0.0038356,1.2614,1.167,1.82173,54.6519,27,18,0.609902,-0.612309,-1.68475,-0.537984,-1.67826,-1.14696,-1.14496,-1.14696,-1.14496,25.65,25.65,0.534991,-0.75289,-2.00404,-0.6615,-1.99632,-1.33852,-1.33619,-1.33852,-1.33619,0.586246,-1.36838,-1.60241
1086,5,12,3,6e+21,0.00768625,0.00490394,1.0691,1.165,2.27958,68.3877,27,18,0.682088,-0.420242,-1.24349,-0.344155,-1.23588,-0.856255,-0.85388,-0.856255,-0.85388,25.65,25.65,0.59953,-0.604001,-1.633,-0.494644,-1.62301,-1.116,-1.1129,-1.116,-1.1129,0.637073,-1.09777,-1.32477
1087,5,12,4,6e+21,0.00768625,0.00626986,0.902,1.162,2.91681,87.5043,27,18,0.739992,-0.25175,-0.879718,-0.183856,-0.870816,-0.622186,-0.619329,-0.622186,-0.619329,25.65,25.65,0.668134,-0.371458,-1.20624,-0.271281,-1.19403,-0.80306,-0.799372,-0.80306,-0.799372,0.693977,-0.675127,-0.966214
1088,5,12,5,6e+21,0.00768625,0.00801622,0.7756,1.157,3.68577,110.573,27,18,0.729966,0.138158,-0.00460443,0.11468,-0.00450064,-0.0869313,-0.0856327,-0.0869313,-0.0856327,25.65,25.65,0.640712,-0.0066091,-0.280572,-0.00548596,-0.274248,-0.316398,-0.311671,-0.316398,-0.311671,0.68143,-0.0115292,-0.341278
1089,5,12,6,6e+21,0.00768625,0.010249,0.6742,1.151,4.63981,139.194,27,18,0.745631,0.244164,0.251156,0.202831,0.241564,0.167036,0.162217,0.167036,0.162217,25.65,25.65,0.644648,0.0613723,-0.0787217,0.0509829,-0.075715,-0.138432,-0.134438,-0.138432,-0.134438,0.684378,0.104544,-0.122716
1090,5,12,7,6e+21,0.00768625,0.0131037,0.59,1.141,5.84512,175.353,27,18,0.769752,0.293659,0.353318,0.2321,0.331569,0.281183,0.267467,0.281183,0.267467,25.65,25.65,0.653858,-0.0225391,-0.0118809,-0.0178142,-0.0111496,-0.0685445,-0.0652011,-0.0685445,-0.0652011,0.685064,-0.0380729,-0.088585
1091,5,12,8,6e+21,0.00768625,0.0167535,0.5098,1.124,7.607,228.21,27,18,0.784573,0.37642,0.470408,0.292709,0.418847,0.439547,0.397818,0.439547,0.397818,25.65,25.65,0.65513,0.109954,0.0285262,0.0855017,0.0253995,0.0593936,0.053755,0.0593936,0.053755,0.680859,0.172339,0.0236128
1092,5,13,1,6e+21,0.0114062,0.003,1.9579,1.249,1.52469,45.7402,27,18,0.478498,-0.493843,-1.53739,-0.465982,-1.53441,-1.21618,-1.21494,-1.21618,-1.21494,25.65,25.65,0.421185,-0.556668,-1.6863,-0.525263,-1.68304,-1.32296,-1.3216,-1.32296,-1.3216,0.502011,-1.01175,-1.53275
1093,5,13,2,6e+21,0.0114062,0.0038356,1.6297,1.248,1.87538,56.2611,27,18,0.568417,-0.369364,-1.18599,-0.337467,-1.1824,-0.94485,-0.943341,-0.94485,-0.943341,25.65,25.65,0.490937,-0.495621,-1.4256,-0.45282,-1.42129,-1.11545,-1.11367,-1.11545,-1.11367,0.556158,-0.900793,-1.29108
1094,5,13,3,6e+21,0.0114062,0.00490394,1.3611,1.245,2.34135,70.2404,27,18,0.651581,-0.250978,-0.883971,-0.217807,-0.879698,-0.710635,-0.70883,-0.710635,-0.70883,25.65,25.65,0.567146,-0.410044,-1.15736,-0.355849,-1.15177,-0.918248,-0.915916,-0.918248,-0.915916,0.616979,-0.745257,-1.05835
1095,5,13,4,6e+21,0.0114062,0.00626986,1.1429,1.24,2.95681,88.7045,27,18,0.71681,-0.149166,-0.640558,-0.119401,-0.635536,-0.529229,-0.527055,-0.529229,-0.527055,25.65,25.65,0.650369,-0.216962,-0.920409,-0.173669,-0.913193,-0.699663,-0.696789,-0.699663,-0.696789,0.686805,-0.39433,-0.808583
1096,5,13,5,6e+21,0.0114062,0.00801622,0.9769,1.234,3.70662,111.199,27,18,0.694096,0.137871,0.0654592,0.121266,0.064402,-0.0132259,-0.0130689,-0.0132259,-0.0130689,25.65,25.65,0.596372,-0.0394794,-0.17611,-0.0347247,-0.173266,-0.208851,-0.206373,-0.208851,-0.206373,0.650749,-0.0688763,-0.231142
1097,5,13,6,6e+21,0.0114062,0.010249,0.8384,1.223,4.69185,140.755,27,18,0.711,0.225606,0.269202,0.198614,0.261881,0.211866,0.207164,0.211866,0.207164,25.65,25.65,0.59949,0.00263268,-0.0417358,0.0023177,-0.0406008,-0.0793562,-0.0775952,-0.0793562,-0.0775952,0.652534,0.00448271,-0.075987
1098,5,13,7,6e+21,0.0114062,0.0131037,0.7256,1.207,5.94915,178.475,27,18,0.74343,0.271416,0.354222,0.23022,0.338643,0.311964,0.300371,0.311964,0.300371,25.65,25.65,0.62992,0.0158233,0.0641708,0.0134216,0.0613485,0.0189807,0.0182753,0.0189807,0.0182753,0.673027,0.0267234,-0.00437597
1099,5,13,8,6e+21,0.0114062,0.0167535,0.6249,1.183,7.70996,231.299,27,18,0.761953,0.355881,0.458989,0.299574,0.423631,0.452763,0.421415,0.452763,0.421415,25.65,25.65,2.01413,9.29637,0.338178,7.8255,0.312126,0.382576,0.356088,0.382576,0.356088,2.12996,14.5493,0.375199
1100,5,13,9,6e+21,0.0114062,0.02142,0.557,1.158,9.49285,284.786,28.4785,18,0.782128,0.404073,0.499829,0.326392,0.440662,0.502144,0.448681,0.502144,0.448681,27.0546,27.0546,0.774552,1.13987,2.37499,0.920739,2.09385,2.00931,1.79537,2.00931,1.79537,0.80713,1.69765,2.17413
1101,5,14,1,6e+21,0.0169267,0.003,2.5878,1.37,1.64908,49.4721,27,18,0.431275,-0.2625,-0.933812,-0.251693,-0.932367,-0.877156,-0.87631,-0.877156,-0.87631,25.65,25.65,0.38154,-0.308739,-1.07905,-0.296029,-1.07738,-0.998866,-0.997902,-0.998866,-0.997902,0.474895,-0.561135,-1.10746
1102,5,14,2,6e+21,0.0169267,0.0038356,2.1328,1.367,1.97831,59.3495,27,18,0.521822,-0.205186,-0.756356,-0.192443,-0.754573,-0.707045,-0.70602,-0.707045,-0.70602,25.65,25.65,0.460164,-0.269942,-0.945767,-0.253179,-0.943538,-0.866394,-0.865138,-0.866394,-0.865138,0.54176,-0.490621,-0.963894
1103,5,14,3,6e+21,0.0169267,0.00490394,1.7634,1.363,2.42573,72.7715,27,18,0.610713,-0.141211,-0.586556,-0.127811,-0.584389,-0.551896,-0.550656,-0.551896,-0.550656,25.65,25.65,0.538177,-0.231375,-0.773378,-0.209418,-0.77052,-0.694914,-0.693352,-0.694914,-0.693352,0.603679,-0.420525,-0.777228
1104,5,14,4,6e+21,0.0169267,0.00626986,1.4675,1.356,3.02042,90.6132,27,18,0.664824,0.00909858,-0.238992,0.00806897,-0.2374,-0.287186,-0.285919,-0.287186,-0.285919,25.65,25.65,0.598522,-0.064889,-0.422394,-0.057546,-0.41958,-0.432587,-0.430678,-0.432587,-0.430678,0.658724,-0.116131,-0.464858
1105,5,14,5,6e+21,0.0169267,0.00801622,1.2354,1.346,3.78542,113.563,27,18,0.648262,0.129352,0.108874,0.118255,0.107583,0.0478867,0.0474327,0.0478867,0.0474327,25.65,25.65,0.555469,-0.00947632,-0.0843082,-0.00866334,-0.083308,-0.135921,-0.134632,-0.135921,-0.134632,0.625444,-0.0165338,-0.140708
1106,5,14,6,6e+21,0.0169267,0.010249,1.0509,1.33,4.76685,143.006,27,18,0.66532,0.204011,0.269453,0.186887,0.26423,0.237301,0.233323,0.237301,0.233323,25.65,25.65,0.556435,0.0198297,0.0213815,0.0181653,0.020967,-0.0238612,-0.0234612,-0.0238612,-0.0234612,0.625204,0.0337435,-0.0230847
1107,5,14,7,6e+21,0.0169267,0.0131037,0.8943,1.305,6.11127,183.338,27,18,0.70402,0.254019,0.351946,0.227692,0.340666,0.338466,0.328784,0.338466,0.328784,25.65,25.65,0.588145,0.0267676,0.100595,0.0239934,0.0973709,0.0828077,0.080439,0.0828077,0.080439,0.646092,0.0446714,0.0679372
1108,5,14,8,6e+21,0.0169267,0.0167535,0.7771,1.272,7.69935,230.981,27,18,0.727706,0.327529,0.434377,0.29159,0.411625,0.444645,0.423185,0.444645,0.423185,25.65,25.65,0.887889,1.46979,0.930079,1.30851,0.881364,0.783719,0.745894,0.783719,0.745894,0.961908,2.30185,0.827738
1109,5,14,9,6e+21,0.0169267,0.02142,0.6808,1.23,9.68373,290.512,29.0512,18,0.757114,0.392313,0.493706,0.339942,0.452038,0.523193,0.482774,0.523193,0.482774,27.5986,27.5986,0.709231,0.603331,1.60108,0.522791,1.46595,1.36595,1.26043,1.36595,1.26043,0.751825,0.885289,1.47336
1110,5,14,10,6e+21,0.0169267,0.0273861,0.5972,1.181,12.2682,368.045,36.8045,24,0.784297,0.462632,0.594102,0.382067,0.51726,0.580531,0.511579,0.580531,0.511579,34.9642,34.9642,1.35422,5.25205,0.508675,4.33743,0.442882,0.308435,0.271801,0.308435,0.271801,1.40472,7.13023,0.525051
1111,5,14,11,6e+21,0.0169267,0.0350141,0.5224,1.129,15.7392,472.175,47.2175,30,0.808951,0.547771,0.650308,0.412585,0.514068,0.565696,0.461274,0.565696,0.461274,44.8566,44.8566,0.762457,1.176,2.28567,0.885774,1.80682,1.67653,1.36705,1.67653,1.36705,0.775143,1.42935,2.30878
1112,5,15,1,6e+21,0.0251189,0.003,3.5049,1.547,1.87558,56.2668,27,18,0.390671,-0.115576,-0.47223,-0.111966,-0.471636,-0.525132,-0.524653,-0.525132,-0.524653,25.65,25.65,0.344853,-0.147527,-0.575224,-0.14292,-0.574501,-0.618259,-0.617695,-0.618259,-0.617695,0.447084,-0.268131,-0.657085
1113,5,15,2,6e+21,0.0251189,0.0038356,2.824,1.543,2.18112,65.4333,27,18,0.47949,-0.0942304,-0.415572,-0.0898479,-0.414792,-0.455451,-0.454845,-0.455451,-0.454845,25.65,25.65,0.418696,-0.152343,-0.559078,-0.145257,-0.558029,-0.595063,-0.594271,-0.595063,-0.594271,0.512229,-0.276883,-0.635017
1114,5,15,3,6e+21,0.0251189,0.00490394,2.3056,1.536,2.59962,77.9884,27,18,0.567468,-0.0654143,-0.340221,-0.0608415,-0.339248,-0.375341,-0.374593,-0.375341,-0.374593,25.65,25.65,0.509253,-0.107814,-0.488079,-0.100277,-0.486683,-0.511404,-0.510385,-0.511404,-0.510385,0.590914,-0.195952,-0.551714
1115,5,15,4,6e+21,0.0251189,0.00626986,1.8993,1.526,3.16573,94.9725,27,18,0.584746,0.0850657,0.0140421,0.0798592,0.013963,-0.0512713,-0.0510416,-0.0512713,-0.0510416,25.65,25.65,0.50805,-0.0214865,-0.132837,-0.0201714,-0.132089,-0.190995,-0.19014,-0.190995,-0.19014,0.595507,-0.0379693,-0.192639
1116,5,15,5,6e+21,0.0251189,0.00801622,1.5844,1.511,3.90223,117.067,27,18,0.591653,0.11854,0.133198,0.111357,0.13204,0.0935037,0.0928096,0.0935037,0.0928096,25.65,25.65,0.502319,-0.00487616,-0.0367678,-0.00458068,-0.0364482,-0.0842122,-0.0835871,-0.0842122,-0.0835871,0.587804,-0.00850784,-0.0653624
1117,5,15,6,6e+21,0.0251189,0.010249,1.3312,1.487,4.87935,146.38,27,18,0.607571,0.180239,0.256447,0.169672,0.252883,0.244671,0.241602,0.244671,0.241602,25.65,25.65,0.500982,0.0210037,0.047032,0.0197722,0.0463783,0.0169359,0.0167235,0.0169359,0.0167235,0.585022,0.0357243,0.0201384
1118,5,15,7,6e+21,0.0251189,0.0131037,1.1295,1.452,6.15077,184.523,27,18,0.651411,0.224046,0.325489,0.208051,0.31829,0.328866,0.32217,0.328866,0.32217,25.65,25.65,0.539713,0.0420057,0.063296,0.039007,0.061896,0.0474858,0.0465188,0.0474858,0.0465188,0.61404,0.0700346,0.069748
1119,5,15,8,6e+21,0.0251189,0.0167535,0.9717,1.403,7.74154,232.246,27,18,0.681443,0.295728,0.403175,0.273385,0.388719,0.424499,0.410219,0.424499,0.410219,25.65,25.65,0.758769,0.826476,2.13186,0.764033,2.05542,2.0416,1.97293,2.0416,1.97293,0.847597,1.29492,2.09086
1120,5,15,9,6e+21,0.0251189,0.02142,0.8408,1.339,9.81058,294.317,29.4317,18,0.72209,0.368422,0.470116,0.334461,0.442507,0.510972,0.483246,0.510972,0.483246,27.9601,27.9601,0.665673,0.447354,1.43144,0.406117,1.34738,1.31143,1.24027,1.31143,1.24027,0.721944,0.65343,1.37668
1121,5,15,10,6e+21,0.0251189,0.0273861,0.732,1.264,12.4665,373.995,37.3995,24,0.761159,0.449507,0.588334,0.395118,0.534891,0.599252,0.548194,0.599252,0.548194,35.5295,35.5295,0.773202,0.893842,1.27091,0.78569,1.15546,1.11324,1.01839,1.11324,1.01839,0.813874,1.20195,1.31428
1122,5,15,11,6e+21,0.0251189,0.0350141,0.6342,1.184,16.1512,484.537,48.4537,30,0.796081,0.540616,0.659719,0.445873,0.560345,0.604137,0.521849,0.604137,0.521849,46.031,46.031,0.729681,0.758153,1.41388,0.625287,1.20091,1.0449,0.902573,1.0449,0.902573,0.746971,0.914202,1.42927
1123,5,15,12,6e+21,0.0251189,0.0447667,0.5679,1.131,19.837,595.111,59.5111,36,0.814793,0.603863,0.671042,0.454243,0.519743,0.547352,0.440438,0.547352,0.440438,56.5356,56.5356,0.77721,1.06946,1.06361,0.804481,0.823799,0.670597,0.539609,0.670597,0.539609,0.784995,1.19884,1.06841
1124,5,16,1,6e+21,0.0372759,0.003,4.8463,1.806,2.308,69.2395,27,18,0.36724,-0.0311043,-0.178807,-0.0303066,-0.178613,-0.235377,-0.235167,-0.235377,-0.235167,25.65,25.65,0.323786,-0.0607568,-0.25853,-0.0591986,-0.258251,-0.327465,-0.327173,-0.327465,-0.327173,0.432483,-0.110426,-0.333138
1125,5,16,2,6e+21,0.0372759,0.0038356,3.8431,1.8,2.54112,76.233,27,18,0.442363,-0.027141,-0.17916,-0.0261551,-0.178885,-0.233474,-0.233187,-0.233474,-0.233187,25.65,25.65,0.391492,-0.0648663,-0.272121,-0.06251,-0.271704,-0.337519,-0.337104,-0.337519,-0.337104,0.496243,-0.117895,-0.345406
1126,5,16,3,6e+21,0.0372759,0.00490394,3.0929,1.791,2.89627,86.8882,27,18,0.522663,-0.017571,-0.164071,-0.016647,-0.163704,-0.215908,-0.21553,-0.215908,-0.21553,25.65,25.65,0.469623,-0.0504783,-0.234149,-0.0478238,-0.233626,-0.291559,-0.291049,-0.291559,-0.291049,0.564973,-0.0917444,-0.296792
1127,5,16,4,6e+21,0.0372759,0.00626986,2.5151,1.776,3.40512,102.153,27,18,0.505427,0.0888783,0.0876246,0.0853743,0.0872187,0.0502897,0.0500868,0.0502897,0.0500868,25.65,25.65,0.434436,0.00198781,-0.0273836,0.00190944,-0.0272567,-0.0741407,-0.0738416,-0.0741407,-0.0738416,0.538705,0.00349891,-0.0618129
1128,5,16,5,6e+21,0.0372759,0.00801622,2.0611,1.753,4.11519,123.456,27,18,0.529298,0.105712,0.143144,0.101113,0.142203,0.123555,0.122827,0.123555,0.122827,25.65,25.65,0.451942,0.0137344,0.00469861,0.0131369,0.00466772,-0.0403901,-0.0401518,-0.0403901,-0.0401518,0.551515,0.0239654,-0.0297157
1129,5,16,6,6e+21,0.0372759,0.010249,1.7146,1.719,5.04496,151.349,27,18,0.542037,0.156982,0.237318,0.150505,0.234914,0.240112,0.23785,0.240112,0.23785,25.65,25.65,0.43795,0.018395,0.0582281,0.0176361,0.0576382,0.0522768,0.0517844,0.0522768,0.0517844,0.533939,0.0312768,0.05941
1130,5,16,7,6e+21,0.0372759,0.0131037,1.4348,1.666,6.30554,189.166,27,18,0.589046,0.198554,0.299407,0.188781,0.294682,0.314536,0.309862,0.314536,0.309862,25.65,25.65,1.84882,3.57279,0.180456,3.39694,0.177608,0.184107,0.181372,0.184107,0.181372,2.19023,5.9345,0.185923
1131,5,16,8,6e+21,0.0372759,0.0167535,1.2205,1.593,7.89485,236.845,27,18,0.625096,0.263165,0.368092,0.249315,0.358789,0.396045,0.386536,0.396045,0.386536,25.65,25.65,0.693979,0.622195,0.738749,0.589448,0.720077,0.743305,0.725457,0.743305,0.725457,0.802697,0.973961,0.749086
1132,5,16,9,6e+21,0.0372759,0.02142,1.0467,1.498,9.96596,298.979,29.8979,24,0.676081,0.339704,0.483514,0.318077,0.464597,0.491261,0.472416,0.491261,0.472416,28.403,28.403,0.954272,1.39391,0.801014,1.30517,0.769674,0.817898,0.786522,0.817898,0.786522,1.06377,2.02864,0.820977
1133,5,16,10,6e+21,0.0372759,0.0273861,0.9,1.383,12.7482,382.445,38.2445,24,0.729522,0.430744,0.572119,0.394427,0.535199,0.6022,0.565278,0.6022,0.565278,36.3322,36.3322,0.738621,0.722345,1.38357,0.661443,1.29429,1.35379,1.27079,1.35379,1.27079,0.790981,0.961902,1.4333
1134,5,16,11,6e+21,0.0372759,0.0350141,0.7877,1.277,16.0448,481.346,48.1345,30,0.773091,0.518786,0.655659,0.457824,0.589439,0.635386,0.575378,0.635386,0.575378,45.7278,45.7278,0.754784,0.886846,1.25729,0.782633,1.13031,1.19554,1.08262,1.19554,1.08262,0.781956,1.07309,1.27088
1135,5,16,12,6e+21,0.0372759,0.0447667,0.6928,1.189,20.2137,606.412,60.6412,36,0.80391,0.596937,0.685748,0.493495,0.576453,0.605245,0.518443,0.605245,0.518443,57.6091,57.6091,0.84921,1.42632,0.459826,1.17916,0.386539,0.126744,0.108567,0.126744,0.108567,0.86151,1.59198,0.462109
1136,5,16,13,6e+21,0.0372759,0.0572357,0.6069,1.12,25.8334,775.003,77.5003,42,0.822091,0.655156,0.683623,0.476418,0.506107,0.509813,0.398733,0.509813,0.398733,73.6253,73.6253,0.796145,1.04762,0.841069,0.761814,0.62267,0.38257,0.299214,0.38257,0.299214,0.799763,1.10911,0.843284
1137,5,16,14,6e+21,0.0372759,0.0731778,0.5366,1.077,32.6217,978.651,97.8651,54,0.830234,0.690795,0.624702,0.396112,0.370355,0.349645,0.239634,0.349645,0.239634,92.9718,92.9718,0.804042,1.16083,1.41197,0.665636,0.837084,0.333343,0.228462,0.333343,0.228462,0.805117,1.19814,1.41231
1138,5,17,1,6e+21,0.0553168,0.003,7.1281,2.179,3.09919,92.9754,27,18,0.343634,0.0361627,0.0229269,0.035456,0.0228885,-0.00162303,-0.00162054,-0.00162303,-0.00162054,25.65,25.65,0.300121,0.00167471,-0.0329179,0.00164198,-0.0328627,-0.06136,-0.0612662,-0.06136,-0.0612662,0.416206,0.00302122,-0.0574463
1139,5,17,2,6e+21,0.0553168,0.0038356,5.4626,2.172,3.19969,95.991,27,18,0.387701,0.054401,0.0501039,0.0531361,0.0499865,0.0240874,0.0240363,0.0240874,0.0240363,25.65,25.65,0.332626,0.00317874,-0.0182604,0.00310483,-0.0182176,-0.0470749,-0.0469751,-0.0470749,-0.0469751,0.448118,0.00569443,-0.0432902
1140,5,17,3,6e+21,0.0553168,0.00490394,4.2471,2.158,3.45592,103.678,27,18,0.415805,0.0720076,0.0875166,0.0701574,0.0872389,0.0669103,0.0667171,0.0669103,0.0667171,25.65,25.65,0.353564,0.00447067,-0.00797214,0.0043558,-0.00794684,-0.0332082,-0.0331122,-0.0332082,-0.0331122,0.467256,0.00792428,-0.0313565
1141,5,17,4,6e+21,0.0553168,0.00626986,3.4008,2.138,3.86504,115.951,27,18,0.435675,0.0839653,0.118882,0.0816364,0.118409,0.107051,0.106658,0.107051,0.106658,25.65,25.65,0.368012,0.019131,0.00631087,0.0186003,0.00628573,-0.0119247,-0.0118809,-0.0119247,-0.0118809,0.479196,0.0335977,-0.0106464
1142,5,17,5,6e+21,0.0553168,0.00801622,2.7448,2.105,4.48727,134.619,27,18,0.450801,0.122266,0.189531,0.118969,0.188472,0.192594,0.191584,0.192594,0.191584,25.65,25.65,0.357763,0.0220866,0.0433018,0.0214909,0.0430601,0.031602,0.0314363,0.031602,0.0314363,0.463883,0.0380138,0.0399382
1143,5,17,6,6e+21,0.0553168,0.010249,2.2423,2.053,5.364,160.92,27,18,0.474462,0.13567,0.216382,0.131654,0.21472,0.22902,0.22735,0.22902,0.22735,25.65,25.65,0.368294,0.0143889,0.0358244,0.0139629,0.0355494,0.0295017,0.0292866,0.0295017,0.0292866,0.469085,0.0244502,0.0340565
1144,5,17,7,6e+21,0.0553168,0.0131037,1.8536,1.977,6.55754,196.726,27,18,0.519842,0.174002,0.270571,0.168036,0.267461,0.292423,0.289211,0.292423,0.289211,25.65,25.65,1.57439,2.45484,0.502163,2.37068,0.496391,0.466258,0.461135,0.466258,0.461135,1.94818,4.06563,0.478708
1145,5,17,8,6e+21,0.0553168,0.0167535,1.5502,1.867,8.15077,244.523,27,18,0.560618,0.232054,0.331758,0.223497,0.325734,0.362879,0.356565,0.362879,0.356565,25.65,25.65,0.645647,0.529731,0.741932,0.510198,0.72846,0.717524,0.70504,0.717524,0.70504,0.775924,0.828671,0.732458
1146,5,17,9,6e+21,0.0553168,0.02142,1.316,1.728,10.1933,305.8,30.5799,24,0.619201,0.308876,0.454593,0.295277,0.441986,0.468333,0.455542,0.468333,0.455542,29.0509,29.0509,0.806101,0.894088,0.867708,0.854725,0.843644,0.877047,0.853094,0.877047,0.853094,0.926792,1.29605,0.889804
1147,5,17,10,6e+21,0.0553168,0.0273861,1.1279,1.566,12.8484,385.451,38.5452,24,0.682884,0.398781,0.540908,0.375954,0.516947,0.583304,0.55844,0.583304,0.55844,36.6179,36.6179,0.867097,1.08314,1.41122,1.02114,1.3487,1.27889,1.22437,1.27889,1.22437,0.950631,1.44022,1.46282
1148,5,17,11,6e+21,0.0553168,0.0350141,0.9777,1.409,16.1921,485.763,48.5763,30,0.742063,0.493464,0.636966,0.453977,0.592626,0.636479,0.594237,0.636479,0.594237,46.1475,46.1475,0.742885,0.772017,0.659527,0.71024,0.613616,0.515539,0.481324,0.515539,0.481324,0.780163,0.932913,0.666922
1149,5,17,12,6e+21,0.0553168,0.0447667,0.8506,1.274,20.5568,616.704,61.6704,36,0.787137,0.582104,0.682926,0.512137,0.606522,0.632764,0.567259,0.632764,0.567259,58.5869,58.5869,0.775342,0.877685,0.920836,0.772191,0.817815,1.03922,0.93164,1.03922,0.93164,0.791148,0.977226,0.925747
1150,5,17,13,6e+21,0.0553168,0.0572357,0.7428,1.175,26.2038,786.114,78.6114,42,0.813834,0.648704,0.699342,0.52639,0.572486,0.582617,0.489398,0.582617,0.489398,74.6809,74.6809,0.800688,1.00968,0.785052,0.819302,0.642648,1.04016,0.873731,1.04016,0.873731,0.806185,1.06771,0.787366
1151,5,17,14,6e+21,0.0553168,0.0731778,0.6513,1.11,33.4137,1002.41,100.241,54,0.826818,0.693922,0.676805,0.485081,0.479343,0.46674,0.354617,0.46674,0.354617,95.2291,95.2291,0.795133,0.948971,1.08993,0.663371,0.771934,1.42946,1.08606,1.42946,1.08606,0.796871,0.978676,1.09028
1152,5,17,15,6e+21,0.0553168,0.0935603,0.5803,1.072,41.5643,1246.93,124.693,72,0.832459,0.708607,0.579594,0.381365,0.324407,0.297165,0.197769,0.297165,0.197769,118.458,118.458,0.802756,0.906548,-0.0800957,0.487895,-0.0448307,-0.0304455,-0.0202621,-0.0304455,-0.0202621,0.803311,0.923613,-0.0800958
1154,5,18,1,6e+21,0.0820891,0.003,11.1649,2.693,4.61492,138.448,27,18,0.30358,0.0703366,0.121901,0.0693645,0.121507,0.129817,0.129412,0.129817,0.129412,25.65,25.65,0.238381,0.00932181,0.0261303,0.00919297,0.0260457,0.0235664,0.0234929,0.0235664,0.0234929,0.344,0.0165316,0.0251514
1155,5,18,2,6e+21,0.0820891,0.0038356,8.1641,2.688,4.45119,133.535,27,18,0.332809,0.0780295,0.131142,0.0767829,0.130696,0.137373,0.136925,0.137373,0.136925,25.65,25.65,0.261475,0.0100676,0.0261348,0.00990676,0.0260459,0.0197848,0.0197203,0.0197848,0.0197203,0.368921,0.0177589,0.0192778
1156,5,18,3,6e+21,0.0820891,0.00490394,6.1057,2.673,4.48558,134.567,27,18,0.356186,0.0896301,0.14849,0.0880587,0.147935,0.155655,0.155099,0.155655,0.155099,25.65,25.65,0.278905,0.013143,0.0301973,0.0129126,0.0300843,0.0200181,0.0199466,0.0200181,0.0199466,0.386736,0.0229809,0.0218274
1157,5,18,4,6e+21,0.0820891,0.00626986,4.7264,2.645,4.72935,141.88,27,18,0.370742,0.100795,0.167073,0.0989477,0.166363,0.177686,0.176962,0.177686,0.176962,25.65,25.65,0.283741,0.00783136,0.0325585,0.0076878,0.0324201,0.0270498,0.0269397,0.0270498,0.0269397,0.388856,0.0135432,0.0295948
1158,5,18,5,6e+21,0.0820891,0.00801622,3.7427,2.599,5.19769,155.93,27,18,0.385338,0.109828,0.182625,0.107704,0.181724,0.197393,0.196457,0.197393,0.196457,25.65,25.65,0.289487,0.0119592,0.0388997,0.0117279,0.0387077,0.0370754,0.0368996,0.0370754,0.0368996,0.391865,0.0204719,0.0377148
1159,5,18,6,6e+21,0.0820891,0.010249,3.0003,2.526,5.94715,178.415,27,18,0.413844,0.118505,0.197583,0.115883,0.196369,0.216191,0.21491,0.216191,0.21491,25.65,25.65,0.32176,0.0197708,0.039635,0.0193334,0.0393915,0.0423992,0.0421482,0.0423992,0.0421482,0.42617,0.0335832,0.0478901
1160,5,18,7,6e+21,0.0820891,0.0131037,2.4395,2.417,7.03215,210.964,27,18,0.449208,0.174794,0.269168,0.170918,0.266672,0.29736,0.294701,0.29736,0.294701,25.65,25.65,0.644678,0.565163,0.713951,0.55263,0.70733,0.679633,0.673555,0.679633,0.673555,0.833038,0.911477,0.697518
1161,5,18,8,6e+21,0.0820891,0.0167535,2.0069,2.26,8.54769,256.431,27,18,0.492442,0.205966,0.298925,0.200646,0.294913,0.331203,0.326922,0.331203,0.326922,25.65,25.65,0.579495,0.442555,1.04652,0.431123,1.03247,1.01026,0.997207,1.01026,0.997207,0.723587,0.688851,1.03691
1162,5,18,9,6e+21,0.0820891,0.02142,1.6802,2.059,10.533,315.989,31.5989,24,0.554366,0.277209,0.419088,0.268728,0.410721,0.435998,0.427412,0.435998,0.427412,30.0189,30.0189,0.742272,0.737153,1.07631,0.714599,1.05482,1.07643,1.05523,1.07643,1.05523,0.881925,1.06569,1.10415
1163,5,18,10,6e+21,0.0820891,0.0273861,1.4205,1.822,13.1825,395.475,39.5475,24,0.629122,0.367105,0.50604,0.352534,0.490077,0.55746,0.540399,0.55746,0.540399,37.5701,37.5701,0.753275,0.783742,0.866049,0.752634,0.838729,0.799479,0.775011,0.799479,0.775011,0.845043,1.03567,0.898754
1164,5,18,11,6e+21,0.0820891,0.0350141,1.2206,1.595,16.5,495,49.5,30,0.702439,0.464384,0.609132,0.438746,0.579311,0.622807,0.593356,0.622807,0.593356,47.025,47.025,0.782146,0.857724,0.713589,0.81037,0.678654,0.586774,0.559027,0.586774,0.559027,0.833273,1.03206,0.722103
1165,5,18,12,6e+21,0.0820891,0.0447667,1.0558,1.401,20.8149,624.446,62.4447,36,0.761978,0.557794,0.667017,0.511955,0.615279,0.640331,0.593308,0.640331,0.593308,59.3224,59.3224,0.838134,1.04293,0.827815,0.957224,0.763604,0.601452,0.557284,0.601452,0.557284,0.861973,1.16132,0.832357
1166,5,18,13,6e+21,0.0820891,0.0572357,0.9155,1.256,26.5328,795.985,79.5985,42,0.800564,0.634158,0.698045,0.552163,0.610123,0.619692,0.548411,0.619692,0.548411,75.6186,75.6186,0.796196,0.856132,0.686655,0.745436,0.600167,0.313393,0.277344,0.313393,0.277344,0.804235,0.90551,0.688792
1167,5,18,14,6e+21,0.0820891,0.0731778,0.8039,1.164,33.444,1003.32,100.332,54,0.820639,0.689081,0.703577,0.549764,0.563846,0.560594,0.463473,0.560594,0.463473,95.3155,95.3155,0.823738,1.01643,0.501751,0.810928,0.402102,-0.0229438,-0.0189689,-0.0229438,-0.0189689,0.826703,1.04878,0.501915
1168,5,18,15,6e+21,0.0820891,0.0935603,0.7076,1.103,42.281,1268.43,126.843,72,0.829443,0.713506,0.654859,0.484585,0.450354,0.439115,0.32723,0.439115,0.32723,120.501,120.501,0.810552,0.904826,0.53149,0.614521,0.365512,-0.23947,-0.178454,-0.23947,-0.178454,0.811516,0.921445,0.531492
1169,5,18,16,6e+21,0.0820891,0.11962,0.6178,1.062,54.5825,1637.47,163.748,96,0.834374,0.718645,0.501089,0.336076,0.247808,0.206303,0.129321,0.206303,0.129321,155.56,155.56,0.819967,1.06563,-0.887295,0.498345,-0.438802,-1.55889,-0.977195,-1.55889,-0.977195,0.820217,1.07719,-0.665267
1171,5,19,1,6e+21,0.121819,0.003,19.42,3.312,7.54619,226.386,27,18,0.285156,0.095647,0.172524,0.0946178,0.171504,0.194966,0.193837,0.194966,0.193837,25.65,25.65,0.379674,0.253232,0.461327,0.250507,0.4586,0.462871,0.460192,0.462871,0.460192,0.555665,0.43666,0.466002
1172,5,19,2,6e+21,0.121819,0.0038356,13.1579,3.339,6.85027,205.509,27,18,0.305289,0.0996147,0.176986,0.0984049,0.17604,0.198829,0.197792,0.198829,0.197792,25.65,25.65,0.477916,0.36798,0.5232,0.363511,0.520405,0.520848,0.518131,0.520848,0.518131,0.688579,0.633104,0.525673
1173,5,19,3,6e+21,0.121819,0.00490394,9.3042,3.339,6.438,193.14,27,18,0.317291,0.0977636,0.172463,0.096463,0.171657,0.193085,0.192206,0.193085,0.192206,25.65,25.65,0.87929,0.923582,0.366863,0.911296,0.365149,0.350259,0.348664,0.350259,0.348664,1.25233,1.58788,0.357534
1174,5,19,4,6e+21,0.121819,0.00626986,6.9929,3.314,6.33223,189.966,27,18,0.328266,0.103568,0.179852,0.102127,0.179008,0.201027,0.200109,0.201027,0.200109,25.65,25.65,0.927454,0.997787,0.371961,0.983901,0.370216,0.369512,0.367825,0.369512,0.367825,1.3078,1.70261,0.378505
1175,5,19,5,6e+21,0.121819,0.00801622,5.2814,3.256,6.52638,195.791,27,18,0.341673,0.111631,0.190357,0.109997,0.189397,0.212985,0.211941,0.212985,0.211941,25.65,25.65,0.977474,1.07333,0.385539,1.05761,0.383596,0.386374,0.38448,0.386374,0.38448,1.36118,1.81165,0.389039
1176,5,19,6,6e+21,0.121819,0.010249,4.1341,3.16,7.03769,211.131,27,18,0.36354,0.141311,0.228089,0.139234,0.226644,0.255097,0.253528,0.255097,0.253528,25.65,25.65,0.541722,0.440761,0.586049,0.434282,0.582335,0.568719,0.56522,0.568719,0.56522,0.740751,0.721293,0.579248
1177,5,19,7,6e+21,0.121819,0.0131037,3.2834,3.01,7.93446,238.034,27,18,0.388355,0.159516,0.24582,0.156979,0.243888,0.275352,0.273256,0.275352,0.273256,25.65,25.65,0.515915,0.401824,0.860081,0.395433,0.853322,0.846844,0.840396,0.846844,0.840396,0.688552,0.640126,0.862205
1178,5,19,8,6e+21,0.121819,0.0167535,2.6585,2.797,9.26488,277.946,27.7947,18,0.430578,0.19162,0.278669,0.188128,0.27569,0.313666,0.310438,0.313666,0.310438,26.4049,26.4049,0.846633,0.904382,1.26137,0.887904,1.24789,1.2172,1.20468,1.2172,1.20468,1.08948,1.38499,1.24549
1179,5,19,9,6e+21,0.121819,0.02142,2.1872,2.517,11.1234,333.701,33.3702,24,0.491382,0.25657,0.398318,0.251073,0.392293,0.425641,0.419284,0.425641,0.419284,31.7016,31.7016,0.673803,0.635039,0.860223,0.621435,0.84721,0.839947,0.827401,0.839947,0.827401,0.821672,0.904808,0.884297
1180,5,19,10,6e+21,0.121819,0.0273861,1.8238,2.189,13.6496,409.488,40.9488,24,0.569023,0.33734,0.471284,0.328056,0.460475,0.53111,0.519241,0.53111,0.519241,38.9014,38.9014,0.718991,0.706558,1.44848,0.687113,1.41526,1.41045,1.37893,1.41045,1.37893,0.824299,0.925082,1.42025
1181,5,19,11,6e+21,0.121819,0.0350141,1.5377,1.855,17.0409,511.228,51.1228,30,0.654506,0.432338,0.575982,0.415669,0.555691,0.599469,0.578904,0.599469,0.578904,48.5666,48.5666,0.766946,0.795846,0.786947,0.765162,0.759224,0.663034,0.640289,0.663034,0.640289,0.829071,0.953199,0.796936
1182,5,19,12,6e+21,0.121819,0.0447667,1.3188,1.581,21.3041,639.123,63.9122,36,0.728358,0.52845,0.641491,0.498392,0.606277,0.631204,0.597921,0.631204,0.597921,60.7166,60.7166,0.79858,0.847391,0.709431,0.799193,0.670488,0.517756,0.490455,0.517756,0.490455,0.828234,0.942157,0.713781
1183,5,19,13,6e+21,0.121819,0.0572357,1.1372,1.375,26.9348,808.043,80.8043,42,0.780922,0.612518,0.684089,0.558309,0.624073,0.632264,0.580272,0.632264,0.580272,76.7641,76.7641,0.821833,0.951443,0.876607,0.867238,0.799701,0.864288,0.793217,0.864288,0.793217,0.833583,1.00698,0.879529
1184,5,19,14,6e+21,0.121819,0.0731778,0.9917,1.239,33.9331,1017.99,101.799,60,0.810207,0.675279,0.698775,0.581605,0.602599,0.603306,0.527605,0.603306,0.527605,96.7094,96.7094,0.862037,1.18142,0.745712,1.01753,0.643076,0.403131,0.352548,0.403131,0.352548,0.866712,1.21978,0.820202
1185,5,19,15,6e+21,0.121819,0.0935603,0.865,1.149,43.1957,1295.87,129.587,72,0.825093,0.712982,0.692989,0.553558,0.538981,0.532896,0.430894,0.532896,0.430894,123.108,123.108,0.815404,0.94145,0.789256,0.73094,0.613854,0.515844,0.417106,0.515844,0.417106,0.816937,0.958796,0.78926
1186,5,19,16,6e+21,0.121819,0.11962,0.756,1.091,55.2652,1657.96,165.796,96,0.831725,0.732295,0.626633,0.464608,0.403285,0.390146,0.279407,0.390146,0.279407,157.506,157.506,0.814985,0.861878,0.0014045,0.546823,0.000903899,-0.710161,-0.50859,-0.710161,-0.50859,0.815464,0.871234,0.134278
1187,5,19,17,6e+21,0.121819,0.152938,0.6698,1.058,69.3199,2079.6,207.96,120,0.834868,0.709022,0.445367,0.300929,0.201011,0.137012,0.0829838,0.137012,0.0829838,197.562,197.562,0.809782,0.96506,1.09117,0.409599,0.492487,1.09042,0.660431,1.09042,0.660431,0.809912,0.971587,1.09117
1190,5,20,1,6e+21,0.180777,0.003,33.0695,3.855,12.5015,375.046,37.5046,18,0.288776,0.132524,0.243899,0.131317,0.241169,0.320307,0.316861,0.320307,0.316861,35.6294,35.6294,0.452011,0.362666,0.529028,0.359363,0.523105,0.484045,0.478837,0.484045,0.478837,0.651171,0.594721,0.509489
1191,5,20,2,6e+21,0.180777,0.0038356,22.6467,3.965,11.3196,339.589,33.9588,18,0.301731,0.136668,0.242924,0.135331,0.240484,0.306107,0.303139,0.306107,0.303139,32.2609,32.2609,0.537377,0.469974,0.721154,0.465378,0.713912,0.675318,0.66877,0.675318,0.66877,0.766602,0.767449,0.701782
1192,5,20,3,6e+21,0.180777,0.00490394,15.6797,4.038,10.236,307.08,30.708,18,0.307429,0.136135,0.234887,0.13475,0.232857,0.283864,0.281487,0.283864,0.281487,29.1726,29.1726,0.502835,0.418973,0.642277,0.414711,0.636727,0.602088,0.597046,0.602088,0.597046,0.713565,0.682783,0.623979
1193,5,20,4,6e+21,0.180777,0.00626986,10.9447,4.062,9.41738,282.521,28.2522,18,0.30914,0.131285,0.219246,0.129908,0.217667,0.252933,0.251161,0.252933,0.251161,26.8395,26.8395,0.59904,0.547309,0.795541,0.54157,0.789811,0.762335,0.756994,0.762335,0.756994,0.847587,0.892078,0.780436
1194,5,20,5,6e+21,0.180777,0.00801622,7.8721,4.023,9.0235,270.705,27.0705,18,0.314528,0.133101,0.215858,0.13167,0.21442,0.244379,0.242795,0.244379,0.242795,25.717,25.717,0.717366,0.705213,0.961692,0.697631,0.955285,0.931744,0.925704,0.931744,0.925704,1.00711,1.14021,0.949905
1195,5,20,6,6e+21,0.180777,0.010249,5.898,3.918,9.09173,272.752,27.2752,18,0.326733,0.142297,0.22408,0.140707,0.222548,0.253473,0.251791,0.253473,0.251791,25.9114,25.9114,0.743141,0.742312,0.967384,0.734019,0.960769,0.945329,0.939057,0.945329,0.939057,1.02838,1.18086,0.9639
1196,5,20,7,6e+21,0.180777,0.0131037,4.5819,3.741,9.60377,288.113,28.8113,18,0.350097,0.164669,0.25245,0.162717,0.250464,0.294014,0.291786,0.294014,0.291786,27.3707,27.3707,0.655502,0.622718,0.892718,0.615335,0.885696,0.855743,0.849259,0.855743,0.849259,0.884749,0.961541,0.882024
1197,5,20,8,6e+21,0.180777,0.0167535,3.5928,3.46,10.6697,320.092,32.0092,18,0.385869,0.195873,0.286174,0.193274,0.283401,0.348839,0.345619,0.348839,0.345619,30.4087,30.4087,0.636792,0.586503,0.837212,0.578719,0.8291,0.767163,0.760083,0.767163,0.760083,0.829198,0.869752,0.807773
1198,5,20,9,6e+21,0.180777,0.02142,2.9053,3.101,12.2653,367.96,36.796,24,0.437022,0.240959,0.379964,0.237193,0.375302,0.420091,0.415006,0.420091,0.415006,34.9562,34.9562,0.709989,0.688653,0.809421,0.677891,0.799492,0.759031,0.749843,0.759031,0.749843,0.881677,0.966493,0.83389
1199,5,20,10,6e+21,0.180777,0.0273861,2.3791,2.666,14.595,437.851,43.7851,24,0.51091,0.310409,0.43646,0.304275,0.428778,0.503475,0.49483,0.503475,0.49483,41.5959,41.5959,0.78483,0.810066,0.865676,0.794059,0.85044,0.793085,0.779468,0.793085,0.779468,0.915322,1.05036,0.834279
1200,5,20,11,6e+21,0.180777,0.0350141,1.9762,2.217,17.8148,534.445,53.4444,30,0.600079,0.398974,0.539021,0.388142,0.525003,0.570743,0.556197,0.570743,0.556197,50.7722,50.7722,0.838037,0.916637,0.921284,0.891752,0.897326,0.854365,0.832592,0.854365,0.832592,0.918414,1.09225,0.934253
1201,5,20,12,6e+21,0.180777,0.0447667,1.6705,1.836,22.0149,660.446,66.0447,36,0.685639,0.494745,0.610151,0.475114,0.585927,0.613951,0.590283,0.613951,0.590283,62.7424,62.7424,0.873092,1.00846,0.825854,0.968447,0.793067,0.801396,0.770503,0.801396,0.770503,0.913354,1.11892,0.832012
1202,5,20,13,6e+21,0.180777,0.0572357,1.4268,1.546,27.5453,826.359,82.6359,48,0.751928,0.582539,0.66683,0.547086,0.625634,0.628756,0.591546,0.628756,0.591546,78.5041,78.5041,0.988178,1.37068,0.679193,1.28726,0.637234,0.485525,0.456792,0.485525,0.456792,1.00758,1.45304,0.679498
1203,5,20,14,6e+21,0.180777,0.0731778,1.2336,1.35,34.5458,1036.38,103.638,60,0.794319,0.654092,0.691175,0.591907,0.624302,0.620553,0.564385,0.620553,0.564385,98.4557,98.4557,0.831387,0.956019,0.77913,0.865129,0.703747,0.752751,0.684616,0.752751,0.684616,0.837933,0.988068,0.794861
1204,5,20,15,6e+21,0.180777,0.0935603,1.0741,1.221,43.4966,1304.9,130.49,72,0.817086,0.701531,0.702829,0.595836,0.595292,0.585205,0.504729,0.585205,0.504729,123.965,123.965,0.836441,1.0405,0.8081,0.883731,0.684456,0.906962,0.782239,0.906962,0.782239,0.838964,1.06066,0.808105
1205,5,20,16,6e+21,0.180777,0.11962,0.9366,1.136,55.2638,1657.91,165.791,96,0.828353,0.731378,0.67487,0.553172,0.510621,0.504,0.399574,0.504,0.399574,157.502,157.502,0.817362,0.891693,0.778391,0.674425,0.588947,0.217937,0.172782,0.217937,0.172782,0.818216,0.901739,0.764121
1206,5,20,17,6e+21,0.180777,0.152938,0.8229,1.085,69.8719,2096.16,209.616,120,0.833313,0.735778,0.608591,0.448231,0.375168,0.35244,0.246458,0.35244,0.246458,199.135,199.135,0.805361,0.827859,0.805698,0.504327,0.496675,1.39998,0.978994,1.39998,0.978994,0.805631,0.833506,0.805698
1207,5,20,18,6e+21,0.180777,0.195537,0.7236,1.053,88.7133,2661.4,266.14,150,0.834873,0.693003,0.386473,0.254912,0.152492,0.0736377,0.0426497,0.0736377,0.0426497,252.833,252.833,0.820252,1.71796,6.83658,0.631927,2.69754,5.1619,2.98968,5.1619,2.98968,0.820318,1.72524,6.83658
1209,5,21,1,6e+21,0.26827,0.003,58.19,4.127,20.2361,607.084,60.7083,18,0.297763,0.160445,0.29718,0.15913,0.291239,0.409843,0.401712,0.414053,0.405921,36,54,0.515513,0.448904,0.685408,0.445225,0.671705,0.643675,0.630904,0.619865,0.607689,0.724091,0.700832,0.757733
1210,5,21,2,6e+21,0.26827,0.0038356,37.4109,4.35,18.5432,556.297,55.6297,18,0.315466,0.173008,0.303901,0.171486,0.298032,0.416856,0.409391,0.420151,0.412715,36,52.8482,0.515461,0.444866,0.705721,0.440953,0.692093,0.59039,0.579818,0.523077,0.513819,0.712639,0.684775,0.725396
1211,5,21,3,6e+21,0.26827,0.00490394,25.9921,4.517,16.8516,505.548,50.5548,18,0.318927,0.17594,0.299685,0.174374,0.294735,0.410192,0.403919,0.41416,0.40788,36,48.0271,0.561209,0.506935,0.772934,0.502424,0.760165,0.696909,0.686251,0.659926,0.649919,0.771612,0.775275,0.788716
1212,5,21,4,6e+21,0.26827,0.00626986,18.9799,4.626,15.3995,461.986,46.1986,18,0.31814,0.175643,0.292882,0.174088,0.288829,0.399388,0.394215,0.402727,0.397542,36,43.8887,0.539363,0.476811,0.72807,0.472588,0.717994,0.597805,0.590061,0.590363,0.582762,0.740032,0.726691,0.685348
1213,5,21,5,6e+21,0.26827,0.00801622,12.7084,4.69,13.8327,414.979,41.498,18,0.317711,0.175558,0.284979,0.17401,0.281763,0.384729,0.380635,0.386478,0.382378,36,39.4231,0.588495,0.545357,0.931627,0.540549,0.921111,0.837186,0.828277,0.828561,0.819771,0.803645,0.825246,0.896843
1214,5,21,6,6e+21,0.26827,0.010249,9.0871,4.644,12.9834,389.502,38.9503,18,0.321674,0.177925,0.280376,0.176331,0.27761,0.373887,0.370403,0.374417,0.370933,36,37.0028,1.52333,1.72938,0.756665,1.71389,0.749201,0.652196,0.646119,0.649632,0.643586,2.06226,2.58972,0.727549
1215,5,21,7,6e+21,0.26827,0.0131037,6.6442,4.473,12.7697,383.092,38.3092,18,0.335716,0.188567,0.284981,0.186792,0.282263,0.37704,0.373656,0.377232,0.373848,36,36.3937,0.590236,0.542225,0.807396,0.537121,0.799695,0.715672,0.709248,0.716073,0.709651,0.784307,0.795036,0.773991
1216,5,21,8,6e+21,0.26827,0.0167535,5.0566,4.175,13.2409,397.227,39.7227,24,0.362895,0.210673,0.352199,0.208499,0.34876,0.401284,0.397418,0.401284,0.397418,37.7365,37.7365,0.790501,0.807565,0.883289,0.799233,0.874663,0.844483,0.836347,0.844483,0.836347,1.01864,1.14386,0.911077
1217,5,21,9,6e+21,0.26827,0.02142,3.9646,3.753,14.4066,432.198,43.2197,24,0.405872,0.24637,0.3797,0.24343,0.37531,0.440907,0.435905,0.440907,0.435905,41.0587,41.0587,0.702923,0.685041,0.78149,0.676866,0.772455,0.682492,0.674749,0.682492,0.674749,0.867583,0.92393,0.811105
1218,5,21,10,6e+21,0.26827,0.0273861,3.1878,3.242,16.3195,489.586,48.9586,24,0.467887,0.300087,0.416214,0.295678,0.409943,0.49308,0.485884,0.49308,0.485884,46.5107,46.5107,0.86723,0.926612,0.881238,0.913,0.867961,0.771247,0.759992,0.771247,0.759992,1.01448,1.17302,0.833908
1219,5,21,11,6e+21,0.26827,0.0350141,2.5916,2.677,19.2518,577.553,57.7553,30,0.549461,0.37334,0.505733,0.365976,0.495338,0.543729,0.532764,0.543729,0.532764,54.8675,54.8675,0.79001,0.80952,0.846089,0.793553,0.828698,0.700564,0.686437,0.700564,0.686437,0.872792,0.954734,0.861036
1220,5,21,12,6e+21,0.26827,0.0447667,2.1594,2.185,23.1614,694.842,69.4842,36,0.634933,0.457497,0.574141,0.444701,0.557142,0.586683,0.569713,0.586683,0.569713,66.0099,66.0099,0.839025,0.90064,0.871271,0.875451,0.845474,0.814108,0.79056,0.814108,0.79056,0.88613,0.999648,0.878941
1221,5,21,13,6e+21,0.26827,0.0572357,1.8182,1.788,28.5097,855.292,85.5292,48,0.714656,0.549173,0.641954,0.526009,0.613221,0.616963,0.590223,0.616963,0.590223,81.2527,81.2527,0.859076,0.958445,0.829612,0.918018,0.79248,0.775993,0.742361,0.775993,0.742361,0.881418,1.01836,0.830144
1222,5,21,14,6e+21,0.26827,0.0731778,1.548,1.504,35.6033,1068.1,106.81,60,0.771399,0.626755,0.677539,0.585452,0.630437,0.626646,0.585151,0.626646,0.585151,101.469,101.469,0.884052,1.04968,0.6541,0.980505,0.608627,0.428647,0.400263,0.428647,0.400263,0.893827,1.08671,0.654129
1223,5,21,15,6e+21,0.26827,0.0935603,1.3362,1.32,44.5548,1336.64,133.664,72,0.804584,0.682963,0.69862,0.611874,0.62272,0.610243,0.548903,0.610243,0.548903,126.981,126.981,0.937123,1.3779,0.567601,1.23448,0.505935,0.332759,0.299311,0.332759,0.299311,0.94135,1.40622,0.567605
1224,5,21,16,6e+21,0.26827,0.11962,1.1573,1.198,56.3916,1691.75,169.175,96,0.822313,0.722151,0.690094,0.600847,0.571026,0.557404,0.471858,0.557404,0.471858,160.716,160.716,0.8306,0.968336,0.796233,0.80568,0.658852,0.639832,0.541635,0.639832,0.541635,0.831954,0.979587,0.794498
1225,5,21,17,6e+21,0.26827,0.152938,1.0102,1.123,71.3163,2139.49,213.949,120,0.830586,0.737838,0.668635,0.538034,0.485913,0.469603,0.362524,0.469603,0.362524,203.252,203.252,0.824014,1.00491,0.516981,0.73278,0.375702,0.811604,0.626542,0.811604,0.626542,0.824477,1.0118,0.516981
1226,5,21,18,6e+21,0.26827,0.195537,0.8817,1.075,91.0659,2731.98,273.198,156,0.834213,0.73175,0.563283,0.406429,0.317362,0.28041,0.187239,0.28041,0.187239,259.538,259.538,0.819622,0.826155,-0.057072,0.458863,-0.0321553,-0.946813,-0.632217,-0.946813,-0.632217,0.819756,0.829545,0.0551131
1228,5,22,2,6e+21,0.398107,0.0038356,58.097,4.554,29.1571,874.712,87.4712,18,0.326353,0.193141,0.345662,0.191522,0.338474,0.467928,0.453587,0.485982,0.471212,36,54,0.550578,0.484487,0.692233,0.480426,0.677838,0.769853,0.746258,0.633865,0.6146,0.746544,0.722093,0.797489
1229,5,22,3,6e+21,0.398107,0.00490394,47.2962,4.682,28.0331,840.994,84.0993,18,0.329934,0.197333,0.344757,0.195674,0.337722,0.466932,0.453515,0.483385,0.469596,36,54,0.566654,0.505774,0.724245,0.50152,0.709465,0.801265,0.778242,0.693662,0.673875,0.763688,0.747792,0.851121
1230,5,22,4,6e+21,0.398107,0.00626986,31.3921,4.907,25.3543,760.63,76.063,24,0.331702,0.202414,0.390701,0.200744,0.381234,0.473849,0.46262,0.462217,0.451428,48,72,0.605763,0.558391,0.878363,0.553784,0.85708,0.743567,0.725947,0.71484,0.698155,0.80911,0.81402,0.91836
1231,5,22,5,6e+21,0.398107,0.00801622,22.0496,5.043,22.9033,687.098,68.7098,24,0.33159,0.205438,0.382102,0.20378,0.374321,0.462497,0.45351,0.455536,0.446783,48,65.2743,0.594219,0.546874,0.811134,0.542461,0.794618,0.67413,0.661031,0.631818,0.619678,0.787608,0.787388,0.847543
1232,5,22,6,6e+21,0.398107,0.010249,14.5094,5.096,20.3099,609.297,60.9297,24,0.334119,0.209943,0.372756,0.208263,0.366857,0.450021,0.443132,0.446913,0.440119,48,57.8832,0.646735,0.613001,0.857735,0.608096,0.84416,0.642953,0.633111,0.618732,0.609326,0.846345,0.866955,0.895045
1233,5,22,7,6e+21,0.398107,0.0131037,10.2225,5.003,18.7491,562.473,56.2472,24,0.342864,0.217969,0.368602,0.216181,0.363679,0.443959,0.438196,0.442558,0.436836,48,53.4349,0.626242,0.592067,0.800459,0.587211,0.789769,0.639012,0.630718,0.62744,0.619328,0.805535,0.819807,0.835029
1234,5,22,8,6e+21,0.398107,0.0167535,7.5164,4.763,18.1017,543.052,54.3052,24,0.360977,0.232808,0.3714,0.230773,0.36679,0.447074,0.441681,0.44611,0.440743,48,51.5899,0.663957,0.640301,0.896377,0.634705,0.885252,0.759888,0.75072,0.752671,0.743615,0.833646,0.862234,0.83951
1235,5,22,9,6e+21,0.398107,0.02142,5.66,4.356,18.3663,550.989,55.0988,24,0.393282,0.259059,0.383455,0.256515,0.378509,0.463449,0.457668,0.462424,0.456673,48,52.3439,0.698048,0.681749,0.868039,0.675055,0.856841,0.717484,0.708534,0.708786,0.699971,0.846619,0.882741,0.810025
1236,5,22,10,6e+21,0.398107,0.0273861,4.3876,3.81,19.6165,588.494,58.8494,30,0.442585,0.299607,0.452008,0.296084,0.445486,0.490218,0.483246,0.490218,0.483246,55.9069,55.9069,0.851683,0.883317,0.807855,0.872932,0.796199,0.652038,0.642765,0.652038,0.642765,0.98865,1.08781,0.820807
1237,5,22,11,6e+21,0.398107,0.0350141,3.5035,3.205,21.8844,656.532,65.6532,30,0.508336,0.355608,0.479388,0.350269,0.470756,0.52541,0.516142,0.524268,0.515039,60,62.3705,0.822904,0.848496,0.926276,0.835755,0.909598,0.777928,0.764206,0.773844,0.760221,0.912391,0.990003,0.875152
1238,5,22,12,6e+21,0.398107,0.0447667,2.836,2.596,25.4842,764.527,76.4527,36,0.590094,0.429939,0.542134,0.420998,0.529003,0.562203,0.548866,0.561272,0.547977,72,72.6301,0.906444,0.981828,0.906863,0.961411,0.884897,0.668393,0.652537,0.666303,0.650519,0.963437,1.08711,0.832844
1239,5,22,13,6e+21,0.398107,0.0572357,2.3514,2.098,30.4346,913.039,91.3038,48,0.672981,0.515655,0.613837,0.500043,0.592727,0.596727,0.576719,0.596727,0.576719,86.7387,86.7387,1.01032,1.21425,0.834503,1.17749,0.805805,0.682085,0.659215,0.682085,0.659215,1.04306,1.29285,0.835404
1240,5,22,14,6e+21,0.398107,0.0731778,1.9746,1.719,37.228,1116.84,111.684,60,0.740539,0.594817,0.6585,0.567296,0.624657,0.620289,0.589582,0.620289,0.589582,106.1,106.1,0.868248,0.968121,0.820351,0.923328,0.77819,0.715922,0.680481,0.715922,0.680481,0.88116,1.00426,0.820425
1241,5,22,15,6e+21,0.398107,0.0935603,1.6849,1.462,46.0081,1380.24,138.024,72,0.78522,0.657843,0.687693,0.610457,0.633784,0.623359,0.577207,0.623359,0.577207,131.123,131.123,0.862912,0.982795,0.85735,0.912002,0.790143,0.55547,0.514343,0.55547,0.514343,0.868383,1.00385,0.857364
1242,5,22,16,6e+21,0.398107,0.11962,1.4488,1.29,57.5706,1727.12,172.712,96,0.812253,0.704806,0.694793,0.623954,0.610077,0.596824,0.530008,0.596824,0.530008,164.076,164.076,0.854955,1.05056,0.82115,0.930048,0.721028,0.976177,0.866891,0.976177,0.866891,0.857139,1.06381,0.82115
1243,5,22,17,6e+21,0.398107,0.152938,1.255,1.18,72.516,2175.48,217.548,120,0.825407,0.73036,0.686705,0.595469,0.554754,0.5333,0.443477,0.5333,0.443477,206.671,206.671,0.8325,0.915257,0.483881,0.746218,0.390903,-0.00947382,-0.00787816,-0.00947382,-0.00787816,0.833253,0.921745,0.483881
1244,5,22,18,6e+21,0.398107,0.195537,1.0974,1.113,91.1026,2733.08,273.308,150,0.831874,0.740162,0.654639,0.521875,0.457972,0.427285,0.322136,0.427285,0.322136,259.642,259.642,0.852236,1.28656,0.81893,0.90713,0.572906,0.0379997,0.0286485,0.0379997,0.0286485,0.852506,1.29208,0.81893
1245,5,22,19,6e+21,0.398107,0.25,0.9602,1.07,115.418,3462.53,346.253,192,0.834699,0.727812,0.542387,0.380099,0.285547,0.230495,0.149393,0.230495,0.149393,328.941,328.941,0.816378,0.798376,0.863008,0.416951,0.454343,-0.324815,-0.210526,-0.324815,-0.210526,0.816458,0.800611,0.863008
1246,5,23,4,6e+21,0.590784,0.00626986,57.2305,4.97,41.6273,1248.82,124.882,24,0.338521,0.213453,0.428529,0.211733,0.417289,0.525464,0.502766,0.524349,0.501847,48,72,0.725506,0.701665,0.873718,0.696013,0.850801,0.923119,0.883244,0.779936,0.746466,0.962074,1.01075,0.958333
1247,5,23,5,6e+21,0.590784,0.00801622,37.4728,5.201,37.8511,1135.53,113.553,24,0.33925,0.219092,0.41885,0.217389,0.408759,0.514474,0.496006,0.510126,0.491911,48,72,0.650828,0.609447,0.917292,0.60471,0.895194,0.743268,0.716587,0.565466,0.545275,0.852556,0.861062,0.963135
1248,5,23,6,6e+21,0.590784,0.010249,25.5228,5.312,33.9814,1019.44,101.944,24,0.342374,0.225761,0.409225,0.224043,0.40022,0.502945,0.488397,0.496797,0.48251,48,72,0.659155,0.623863,0.842208,0.619116,0.823676,0.827095,0.803169,0.702309,0.682112,0.850786,0.862948,0.940824
1249,5,23,7,6e+21,0.590784,0.0131037,18.0313,5.305,30.6283,918.85,91.885,24,0.350053,0.235116,0.402058,0.233321,0.393937,0.494445,0.482825,0.488245,0.476851,48,72,0.705776,0.684161,0.972577,0.678937,0.952932,0.863049,0.842765,0.790008,0.771572,0.894733,0.924465,0.994417
1250,5,23,8,6e+21,0.590784,0.0167535,11.7934,5.115,27.3519,820.556,82.0557,24,0.368248,0.252465,0.396516,0.250444,0.389268,0.488004,0.478881,0.482255,0.473319,48,72,0.716077,0.697081,0.865246,0.691501,0.849431,0.745863,0.73192,0.68148,0.668853,0.881273,0.908638,0.918811
1251,5,23,9,6e+21,0.590784,0.02142,8.5013,4.777,25.8822,776.466,77.6466,30,0.393397,0.273904,0.440704,0.27151,0.433155,0.48935,0.481156,0.484062,0.476018,60,73.7642,0.764303,0.755985,0.797323,0.749379,0.783665,0.539485,0.530452,0.508518,0.500067,0.91195,0.950594,0.818051
1252,5,23,10,6e+21,0.590784,0.0273861,6.2865,4.27,25.7484,772.453,77.2453,30,0.43243,0.306255,0.449515,0.303158,0.441894,0.501894,0.493595,0.496741,0.48859,60,73.383,0.807537,0.811591,0.92646,0.803385,0.910754,0.67391,0.662767,0.648199,0.637563,0.928769,0.978443,0.868108
1253,5,23,11,6e+21,0.590784,0.0350141,4.857,3.675,26.9744,809.233,80.9233,36,0.48555,0.35088,0.49471,0.346533,0.485674,0.519311,0.509965,0.516903,0.507634,72,76.8771,0.853778,0.876262,0.918126,0.865408,0.901356,0.670007,0.657948,0.661619,0.649755,0.945554,1.01136,0.930191
1254,5,23,12,6e+21,0.590784,0.0447667,3.8426,3.042,29.6549,889.647,88.9647,42,0.555202,0.412634,0.542839,0.405926,0.530893,0.544918,0.533129,0.544554,0.53278,84,84.5164,0.94083,1.01661,0.951415,1.00008,0.930477,0.815075,0.797442,0.814134,0.796531,1.00522,1.12435,0.955979
1255,5,23,13,6e+21,0.590784,0.0572357,3.1205,2.472,33.8798,1016.39,101.639,48,0.630687,0.484135,0.587658,0.473195,0.57076,0.575955,0.55975,0.575572,0.559387,96,96.5575,0.897947,0.965704,0.897159,0.943881,0.871362,0.687567,0.668222,0.686734,0.667422,0.932963,1.03126,0.899511
1256,5,23,14,6e+21,0.590784,0.0731778,2.5671,1.995,40.1742,1205.23,120.523,60,0.703696,0.560593,0.636003,0.54184,0.610329,0.604897,0.581209,0.604897,0.581209,114.496,114.496,0.930088,1.05296,0.844963,1.01774,0.810853,0.596227,0.572879,0.596227,0.572879,0.948193,1.0956,0.845175
1257,5,23,15,6e+21,0.590784,0.0935603,2.1623,1.658,48.4246,1452.74,145.274,72,0.758617,0.627258,0.671426,0.595553,0.632078,0.622171,0.587266,0.622171,0.587266,138.01,138.01,0.919855,1.10075,0.886492,1.04512,0.834541,0.802085,0.757088,0.802085,0.757088,0.928215,1.12712,0.88653
1258,5,23,16,6e+21,0.590784,0.11962,1.8354,1.419,59.704,1791.12,179.112,96,0.7963,0.682073,0.691628,0.627873,0.630243,0.618263,0.566784,0.618263,0.566784,170.157,170.157,0.854357,0.938751,0.648286,0.864154,0.590747,0.352449,0.323103,0.352449,0.323103,0.857547,0.951458,0.648286
1259,5,23,17,6e+21,0.590784,0.152938,1.5747,1.263,74.4191,2232.57,223.257,120,0.816751,0.715596,0.695332,0.624917,0.599843,0.581894,0.509352,0.581894,0.509352,212.094,212.094,0.848104,0.975327,0.815177,0.851736,0.70323,0.419472,0.367178,0.419472,0.367178,0.849337,0.982967,0.815177
1260,5,23,18,6e+21,0.590784,0.195537,1.3625,1.164,93.3762,2801.29,280.129,156,0.827599,0.734844,0.672761,0.585231,0.52863,0.503766,0.410422,0.503766,0.410422,266.122,266.122,0.885449,1.41344,0.809183,1.12567,0.635825,0.448454,0.365359,0.448454,0.365359,0.885876,1.41937,0.804524
1261,5,23,19,6e+21,0.590784,0.25,1.1865,1.102,117.617,3528.52,352.852,192,0.833006,0.739543,0.626717,0.496778,0.415648,0.368191,0.268831,0.368191,0.268831,335.21,335.21,0.834366,1.1148,0.860976,0.748853,0.571011,0.46884,0.342319,0.46884,0.342319,0.834478,1.11717,0.860976
1262,5,24,5,6e+21,0.876712,0.00801622,56.4227,5.317,59.1413,1774.24,177.424,24,0.34542,0.229424,0.440024,0.227686,0.429632,0.548152,0.520124,0.564474,0.531179,48,72,0.790471,0.780578,0.955644,0.774666,0.933076,1.07538,1.02039,0.971951,0.914623,1.02766,1.08966,1.03865
1263,5,24,6,6e+21,0.876712,0.010249,42.3224,5.42,55.4675,1664.02,166.402,24,0.348459,0.235619,0.434838,0.233869,0.425209,0.539843,0.514097,0.553961,0.525177,48,72,0.827375,0.82569,0.968176,0.819557,0.946735,0.974166,0.927707,0.834195,0.79085,1.06198,1.13187,1.00488
1264,5,24,7,6e+21,0.876712,0.0131037,31.4198,5.447,51.2241,1536.72,153.672,24,0.354461,0.243647,0.429823,0.241845,0.420911,0.531269,0.508194,0.542761,0.518767,48,72,0.826501,0.828782,0.928196,0.822652,0.908951,0.998915,0.955529,0.883282,0.844235,1.04346,1.11156,0.9901
1265,5,24,8,6e+21,0.876712,0.0167535,20.658,5.335,45.2133,1356.4,135.64,24,0.370282,0.260348,0.425598,0.258368,0.41749,0.523314,0.505108,0.53088,0.512585,48,72,0.884968,0.899984,1.03004,0.893142,1.01041,0.993245,0.958689,0.847993,0.818771,1.08576,1.16494,1.06394
1266,5,24,9,6e+21,0.876712,0.02142,13.8001,5.041,40.2732,1208.2,120.82,30,0.395447,0.283762,0.463818,0.281443,0.453413,0.527818,0.513373,0.517208,0.50315,60,90,0.902244,0.921789,0.927114,0.914257,0.906316,0.701971,0.682761,0.546944,0.532078,1.07068,1.14678,0.892645
1267,5,24,10,6e+21,0.876712,0.0273861,9.7544,4.613,37.374,1121.22,112.122,30,0.428166,0.312334,0.46323,0.309474,0.453415,0.527963,0.515502,0.517681,0.505558,60,90,0.860731,0.875479,1.03537,0.867462,1.01343,0.860528,0.840217,0.77556,0.757398,0.987476,1.04715,1.00722
1268,5,24,11,6e+21,0.876712,0.0350141,7.1644,4.068,36.3953,1091.86,109.186,36,0.47321,0.351367,0.493132,0.34757,0.481737,0.535066,0.523145,0.521743,0.510282,72,103.727,0.917707,0.953367,1.013,0.943064,0.989587,0.794728,0.777022,0.707106,0.691574,1.01736,1.0959,1.02847
1269,5,24,12,6e+21,0.876712,0.0447667,5.4611,3.463,37.3373,1120.12,112.012,42,0.52941,0.400467,0.530244,0.395066,0.517605,0.549682,0.536805,0.539633,0.527142,84,106.411,0.938211,0.991136,1.0721,0.977771,1.04654,0.791599,0.773055,0.743658,0.726444,1.00725,1.09717,1.08821
1270,5,24,13,6e+21,0.876712,0.0572357,4.2569,2.843,40.3782,1211.35,121.135,48,0.597529,0.462166,0.568133,0.453828,0.552419,0.572713,0.557092,0.563144,0.547963,96,115.078,0.975667,1.06864,1.00426,1.04936,0.976486,0.773811,0.752705,0.73765,0.717765,1.01888,1.1439,0.948589
1271,5,24,14,6e+21,0.876712,0.0731778,3.4493,2.327,45.3439,1360.32,136.032,60,0.664405,0.526949,0.614579,0.513734,0.593246,0.592738,0.572569,0.58732,0.567479,120,129.23,0.975902,1.10855,1.003,1.08075,0.968183,0.867508,0.837989,0.880879,0.85112,0.999954,1.15789,1.00419
1272,5,24,15,6e+21,0.876712,0.0935603,2.8199,1.894,53.1551,1594.65,159.465,78,0.728277,0.596467,0.652807,0.574232,0.621713,0.609953,0.581929,0.609953,0.581929,151.492,151.492,0.899684,0.99119,0.818228,0.954241,0.779255,0.543705,0.518724,0.543705,0.518724,0.910425,1.01713,0.818241
1273,5,24,16,6e+21,0.876712,0.11962,2.3614,1.589,63.6544,1909.63,190.963,96,0.77457,0.654535,0.681834,0.61746,0.63534,0.621475,0.581199,0.621475,0.581199,181.415,181.415,0.883896,1.00206,0.889742,0.9453,0.829071,0.673839,0.63017,0.673839,0.63017,0.888617,1.0172,0.889742
1274,5,24,17,6e+21,0.876712,0.152938,1.9987,1.375,77.9622,2338.87,233.887,120,0.804082,0.69707,0.697316,0.635151,0.626211,0.60892,0.551279,0.60892,0.551279,222.192,222.192,0.88051,1.06698,0.874373,0.972199,0.785213,0.715106,0.647413,0.715106,0.647413,0.882407,1.07605,0.874373
1275,5,24,18,6e+21,0.876712,0.195537,1.7163,1.238,96.2608,2887.82,288.782,156,0.821031,0.725161,0.691585,0.623649,0.584685,0.564377,0.486115,0.564377,0.486115,274.343,274.343,0.835691,0.940164,0.797626,0.808555,0.674335,0.775122,0.667636,0.775122,0.667636,0.836391,0.944815,0.799703
1276,5,24,19,6e+21,0.876712,0.25,1.4802,1.148,120.572,3617.16,361.716,198,0.829265,0.736371,0.658119,0.570334,0.499889,0.465868,0.370685,0.465868,0.370685,343.631,343.631,0.84233,1.08438,0.856733,0.839876,0.65075,0.727085,0.578532,0.727085,0.578532,0.842535,1.08696,0.851998
1277,5,25,7,6e+21,1.30103,0.0131037,50.8758,5.52,82.1683,2465.05,246.505,24,0.35987,0.251691,0.443239,0.249859,0.434153,0.55961,0.533676,0.586877,0.545252,48,72,0.848852,0.852976,0.935715,0.846768,0.916533,0.688433,0.656528,0.717972,0.66705,1.06856,1.13856,0.990135
1278,5,25,8,6e+21,1.30103,0.0167535,35.4053,5.444,75.079,2252.37,225.237,24,0.373815,0.266901,0.440358,0.264921,0.431989,0.55356,0.530033,0.577757,0.541138,48,72,0.882251,0.893991,0.958003,0.887361,0.939795,0.933067,0.893411,0.867966,0.812954,1.08158,1.15443,1.01605
1279,5,25,9,6e+21,1.30103,0.02142,23.8205,5.202,66.8958,2006.88,200.688,30,0.396645,0.289054,0.484852,0.286782,0.473746,0.563437,0.536311,0.568628,0.539685,60,90,0.951979,0.980684,1.0596,0.972974,1.03533,1.06242,1.01127,0.946871,0.898676,1.12961,1.21768,1.08486
1280,5,25,10,6e+21,1.30103,0.0273861,16.8211,4.861,60.296,1808.88,180.888,30,0.424006,0.314034,0.485298,0.311343,0.474803,0.559603,0.536238,0.562392,0.539171,60,90,0.965818,1.00054,0.998402,0.991969,0.97681,1.07529,1.03039,0.90397,0.866645,1.11154,1.19839,1.03958
1281,5,25,11,6e+21,1.30103,0.0350141,11.4548,4.346,54.6624,1639.87,163.987,36,0.465947,0.35156,0.512255,0.348076,0.499829,0.564984,0.545775,0.553313,0.534598,72,108,1.01376,1.07383,1.10164,1.06318,1.07491,0.929571,0.897966,0.803305,0.776134,1.12627,1.23414,1.11478
1282,5,25,12,6e+21,1.30103,0.0447667,8.1714,3.763,52.0232,1560.7,156.07,42,0.516341,0.39626,0.535799,0.391497,0.521122,0.568995,0.551481,0.55252,0.535691,84,126,1.06775,1.15961,1.06219,1.14567,1.03309,0.859102,0.832658,0.795537,0.771305,1.14929,1.28395,1.0199
1283,5,25,13,6e+21,1.30103,0.0572357,6.1039,3.171,52.3386,1570.16,157.016,54,0.574895,0.449087,0.571095,0.442207,0.553043,0.577453,0.559567,0.55977,0.542749,108,149.165,1.06347,1.17895,1.06371,1.16089,1.03009,0.835803,0.809915,0.78182,0.758047,1.11499,1.26468,1.07603
1284,5,25,14,6e+21,1.30103,0.0731778,4.7453,2.625,55.4625,1663.87,166.387,60,0.636749,0.506941,0.599847,0.496556,0.578702,0.596717,0.57599,0.579271,0.559527,120,158.068,0.983937,1.08948,1.09468,1.06716,1.05609,0.854592,0.824908,0.810119,0.782508,1.01173,1.14048,1.05518
1285,5,25,15,6e+21,1.30103,0.0935603,3.8036,2.162,61.4392,1843.18,184.318,78,0.696591,0.56702,0.640183,0.550771,0.612693,0.608931,0.58332,0.598571,0.573717,156,175.102,0.923685,1.01999,0.942604,0.990763,0.902127,0.79721,0.76368,0.769256,0.737316,0.937587,1.04932,0.942942
1286,5,25,16,6e+21,1.30103,0.11962,3.111,1.794,70.7499,2122.5,212.25,96,0.748791,0.625814,0.669726,0.599525,0.631623,0.619745,0.585714,0.613386,0.579981,192,201.637,0.930191,1.08261,0.967476,1.03713,0.912433,0.881646,0.833234,0.867099,0.819876,0.93689,1.10084,0.967484
1287,5,25,17,6e+21,1.30103,0.152938,2.5866,1.522,84.0625,2521.87,252.187,120,0.786667,0.674318,0.691168,0.631238,0.63576,0.614781,0.568372,0.614781,0.568372,239.578,239.578,0.875508,1.0013,0.882691,0.937327,0.811929,0.84962,0.785484,0.84962,0.785484,0.878236,1.01087,0.882691
1288,5,25,18,6e+21,1.30103,0.195537,2.1914,1.338,101.591,3047.74,304.774,156,0.810162,0.708686,0.698596,0.638844,0.617124,0.597856,0.533783,0.597856,0.533783,289.536,289.536,0.872644,1.06698,0.956604,0.961827,0.845043,0.995549,0.888855,0.995549,0.888855,0.873774,1.07291,0.956604
1289,5,25,19,6e+21,1.30103,0.25,1.8683,1.213,125.422,3762.65,376.265,198,0.824286,0.732247,0.688533,0.617426,0.566829,0.539523,0.455305,0.539523,0.455305,357.452,357.452,0.897769,1.37251,1.01807,1.15729,0.838114,1.12556,0.949865,1.12556,0.949865,0.898142,1.37628,1.0195
1290,5,26,8,6e+21,1.9307,0.0167535,53.7047,5.474,117.858,3535.73,353.572,24,0.381002,0.276109,0.448924,0.274074,0.440589,0.565917,0.54222,0.601218,0.560638,48,72,0.88708,0.900135,0.979808,0.893502,0.961616,0.67239,0.644234,0.786152,0.733089,1.08104,1.1531,1.04001
1291,5,26,9,6e+21,1.9307,0.02142,43.3416,5.346,112.164,3364.91,336.491,30,0.394059,0.289052,0.49467,0.286856,0.483231,0.585688,0.555094,0.60885,0.558948,60,90,0.912124,0.931399,1.03074,0.924324,1.0069,0.997919,0.945792,0.971253,0.891648,1.09055,1.16597,1.06536
1292,5,26,10,6e+21,1.9307,0.0273861,27.9492,4.946,99.4695,2984.08,298.408,30,0.428178,0.321138,0.494785,0.318445,0.484188,0.583078,0.555684,0.602942,0.55964,60,90,0.957394,0.990226,0.997862,0.981921,0.97649,0.856182,0.815957,0.878984,0.815858,1.10001,1.18243,1.03428
1293,5,26,11,6e+21,1.9307,0.0350141,19.7428,4.53,89.6661,2689.98,268.998,36,0.463032,0.353319,0.524295,0.35,0.511541,0.594565,0.563536,0.600338,0.563344,72,108,0.993062,1.03998,1.02699,1.03021,1.00201,0.946522,0.897125,0.862157,0.809029,1.10681,1.19815,1.06306
1294,5,26,12,6e+21,1.9307,0.0447667,13.2073,3.964,80.26,2407.8,240.78,42,0.511203,0.396921,0.550977,0.392473,0.535788,0.600067,0.570344,0.592129,0.562951,84,126,1.03611,1.10656,1.10022,1.09415,1.06989,1.10004,1.04555,0.936087,0.88996,1.11755,1.22629,1.10898
1295,5,26,13,6e+21,1.9307,0.0572357,9.2888,3.398,75.0789,2252.37,225.237,54,0.563842,0.444748,0.582654,0.438579,0.562815,0.602637,0.576629,0.58252,0.557615,108,162,1.0012,1.07361,1.01397,1.05872,0.979448,0.898581,0.859802,0.769502,0.736602,1.05223,1.15314,1.02363
1296,5,26,14,6e+21,1.9307,0.0731778,7.0044,2.902,74.0454,2221.36,222.136,60,0.61508,0.492214,0.600708,0.4836,0.578173,0.61111,0.58549,0.587983,0.563689,120,180,0.980426,1.06066,1.02796,1.0421,0.989399,0.871752,0.835205,0.721731,0.69191,1.01192,1.11386,1.07236
1297,5,26,15,6e+21,1.9307,0.0935603,5.3499,2.415,76.8635,2305.91,230.591,78,0.671791,0.547074,0.631056,0.534194,0.602207,0.619274,0.591457,0.592073,0.566192,156,219.061,1.18899,1.44871,1.02476,1.4146,0.977912,0.770814,0.736189,0.663515,0.634511,1.21029,1.49401,1.03154
1298,5,26,16,6e+21,1.9307,0.11962,4.2246,2.007,83.8432,2515.3,251.53,96,0.724138,0.601592,0.66181,0.581677,0.626137,0.628591,0.595291,0.605442,0.57417,192,238.953,0.942686,1.06349,1.0719,1.02829,1.01412,0.833328,0.789182,0.797642,0.756443,0.951251,1.08327,1.0728
1299,5,26,17,6e+21,1.9307,0.152938,3.4513,1.699,94.7883,2843.65,284.365,120,0.765674,0.64992,0.683271,0.618929,0.63625,0.627887,0.586062,0.610482,0.570647,240,270.147,0.895308,1.02177,1.04436,0.973043,0.972488,1.03252,0.96374,1.09014,1.019,0.899252,1.0331,1.04436
1300,5,26,18,6e+21,1.9307,0.195537,2.8486,1.461,111.412,3342.37,334.237,156,0.796469,0.689933,0.696397,0.640058,0.630332,0.607131,0.553219,0.603307,0.550004,312,317.525,0.897371,1.09816,1.14075,1.01877,1.03253,1.23674,1.12692,1.24713,1.13695,0.899046,1.10503,1.14075
1301,5,26,19,6e+21,1.9307,0.25,2.4013,1.301,133.531,4005.92,400.592,192,0.815772,0.718774,0.703316,0.638965,0.607747,0.577618,0.506587,0.577618,0.506587,380.562,380.562,0.861938,1.05333,1.14846,0.936376,0.992404,1.36138,1.19397,1.36138,1.19397,0.862581,1.05707,1.14846
1302,5,27,10,6e+21,2.86512,0.0273861,46.4146,5.018,161.638,4849.14,484.914,30,0.430511,0.325606,0.501414,0.322925,0.49077,0.593095,0.565153,0.621741,0.574158,60,90,0.941112,0.969564,0.987616,0.96158,0.966651,0.714239,0.68059,0.726398,0.670805,1.08284,1.15906,1.01954
1303,5,27,11,6e+21,2.86512,0.0350141,34.6186,4.662,149.969,4499.07,449.907,36,0.46148,0.354824,0.531062,0.351614,0.518205,0.607969,0.57483,0.628346,0.573266,72,108,0.966482,1.00474,1.00014,0.995652,0.975924,0.628706,0.594437,0.669129,0.610474,1.08191,1.16279,1.02775
1304,5,27,12,6e+21,2.86512,0.0447667,22.31,4.075,132.114,3963.41,396.341,42,0.512002,0.401608,0.557605,0.397272,0.542367,0.61922,0.582573,0.62918,0.573489,84,126,1.00022,1.05671,1.01486,1.0453,0.987124,0.907569,0.853858,0.964239,0.878892,1.08021,1.17191,1.03638
1305,5,27,13,6e+21,2.86512,0.0572357,15.6719,3.584,119.426,3582.77,358.277,54,0.557336,0.443687,0.59026,0.437978,0.570106,0.630941,0.586981,0.622056,0.576311,108,162,0.995199,1.06079,1.04019,1.04714,1.00468,1.03211,0.960201,0.92619,0.858078,1.04954,1.14313,1.04831
1306,5,27,14,6e+21,2.86512,0.0731778,10.9594,3.074,109.993,3299.8,329.98,60,0.607871,0.490892,0.607793,0.483012,0.58513,0.636731,0.596928,0.619455,0.58091,120,180,0.99059,1.07055,1.05916,1.05337,1.01967,1.04863,0.983075,0.910761,0.854089,1.02435,1.12582,1.08088
1307,5,27,15,6e+21,2.86512,0.0935603,7.9124,2.598,106.104,3183.12,318.312,78,0.658282,0.538608,0.635485,0.527377,0.605436,0.637542,0.600542,0.6093,0.57442,156,234,0.972209,1.06429,1.14183,1.0421,1.08784,1.02854,0.968849,0.94421,0.890157,0.991305,1.09898,1.14726
1308,5,27,16,6e+21,2.86512,0.11962,6.0177,2.198,107.991,3239.73,323.973,96,0.705169,0.585414,0.657123,0.569125,0.619432,0.642746,0.604268,0.604925,0.569778,192,288,0.95077,1.056,1.144,1.02662,1.07838,0.956576,0.899311,0.825827,0.777846,0.96099,1.07729,1.14942
1309,5,27,17,6e+21,2.86512,0.152938,4.7289,1.864,115.435,3463.05,346.305,120,0.747474,0.631509,0.678265,0.607145,0.631482,0.643495,0.599842,0.603469,0.564118,240,328.99,0.917294,1.02369,1.08671,0.984199,1.01176,0.851157,0.793417,0.717749,0.670946,0.922317,1.03613,1.0642
1310,5,27,18,6e+21,2.86512,0.195537,3.8169,1.601,128.781,3863.44,386.344,156,0.780904,0.671035,0.694455,0.633776,0.635026,0.629792,0.577696,0.601222,0.553067,312,367.027,0.891002,1.00033,0.954092,0.944783,0.872445,0.678821,0.622669,0.611824,0.56282,0.893302,1.00749,0.954092
1311,5,27,19,6e+21,2.86512,0.25,3.1545,1.406,148.453,4453.58,445.358,192,0.804482,0.702602,0.703244,0.64492,0.623377,0.607534,0.542415,0.584141,0.523268,384,423.09,0.869038,0.984006,0.878535,0.903223,0.778759,0.596033,0.532147,0.576512,0.516434,0.869973,0.987916,0.878535
1312,5,28,11,6e+21,4.25179,0.0350141,52.9512,4.637,236.184,7085.53,525.3,36,0.472426,0.368243,0.538795,0.364887,0.525976,0.618769,0.585755,0.646183,0.58967,72,108,0.870156,0.878817,0.958086,0.870808,0.935291,0.817926,0.774287,0.757098,0.690885,0.969876,1.01151,0.984762
1313,5,28,12,6e+21,4.25179,0.0447667,38.1226,4.17,218.553,6556.57,525.3,42,0.513017,0.406193,0.564442,0.401939,0.549151,0.631163,0.593408,0.652134,0.588595,84,126,0.90402,0.930625,0.985676,0.920879,0.958973,0.85124,0.80032,0.81382,0.734527,0.978947,1.03499,0.988888
1314,5,28,13,6e+21,4.25179,0.0572357,25.9869,3.638,196.662,5899.85,525.3,54,0.561767,0.451805,0.596614,0.44611,0.576485,0.646428,0.598445,0.655834,0.57925,108,162,0.969901,1.02624,1.00465,1.0133,0.970752,0.803358,0.743726,0.783416,0.691934,1.02272,1.10518,1.01206
1315,5,28,14,6e+21,4.25179,0.0731778,18.9721,3.225,179.659,5389.77,525.3,60,0.601489,0.488995,0.611689,0.481682,0.589132,0.652655,0.60155,0.653549,0.580046,120,180,0.96404,1.0273,0.995733,1.01194,0.959014,0.864447,0.796758,0.834112,0.740302,0.99983,1.08376,0.942127
1316,5,28,15,6e+21,4.25179,0.0935603,12.7884,2.737,162.426,4872.78,487.278,78,0.650292,0.534658,0.638478,0.524406,0.608527,0.660111,0.600282,0.641079,0.582416,156,234,0.953547,1.02816,0.940417,1.00845,0.896302,0.878114,0.798527,0.779467,0.708141,0.973892,1.06341,0.944075
1317,5,28,16,6e+21,4.25179,0.11962,9.1437,2.338,153.88,4616.39,461.639,96,0.69343,0.576371,0.659011,0.562019,0.621468,0.661292,0.606834,0.630145,0.578771,192,288,0.931617,1.01186,0.952046,0.986663,0.89781,0.863273,0.792181,0.784685,0.720712,0.942775,1.03346,0.95152
1318,5,28,17,6e+21,4.25179,0.152938,6.8245,2.002,153.468,4604.05,460.405,120,0.733867,0.618826,0.678902,0.598229,0.630878,0.660942,0.607008,0.617535,0.568363,240,360,0.911937,0.999644,0.94148,0.966372,0.874882,0.8169,0.75024,0.703535,0.647516,0.917737,1.01265,0.939698
1319,5,28,18,6e+21,4.25179,0.195537,5.3461,1.736,160.557,4816.72,481.672,156,0.766856,0.656677,0.692768,0.626929,0.630796,0.65127,0.59366,0.590976,0.541533,312,457.589,0.889984,0.978622,0.920051,0.93429,0.837748,0.721868,0.658014,0.547458,0.501656,0.892825,0.986226,0.922389
1320,5,28,19,6e+21,4.25179,0.25,4.2528,1.513,176.289,5288.68,525.3,192,0.793507,0.68926,0.706117,0.644463,0.629773,0.638748,0.571602,0.585977,0.527585,384,499.035,0.858041,0.92182,0.846356,0.861908,0.75485,0.588532,0.526664,0.469743,0.422934,0.859296,0.925993,0.834866
1321,5,29,12,6e+21,6.30957,0.0447667,58.4166,4.147,342.271,10268.1,525.3,42,0.523474,0.41935,0.57196,0.414926,0.556676,0.640237,0.602725,0.666032,0.602149,84,126,0.87524,0.888515,0.951824,0.879141,0.926389,0.872275,0.821168,0.808936,0.731345,0.945198,0.984712,0.970295
1322,5,29,13,6e+21,6.30957,0.0572357,47.4861,3.833,327.856,9835.67,525.3,48,0.552346,0.446873,0.590763,0.441632,0.573114,0.651303,0.608501,0.673179,0.600837,96,144,0.887724,0.906991,0.954651,0.896352,0.926131,0.841996,0.786662,0.773906,0.69074,0.943281,0.98572,0.968535
1323,5,29,14,6e+21,6.30957,0.0731778,31.3499,3.258,295.695,8870.83,525.3,60,0.605878,0.49745,0.618321,0.490121,0.595826,0.666542,0.614003,0.681399,0.594405,120,180,0.911908,0.946618,0.902685,0.932671,0.869845,0.814302,0.750116,0.726195,0.633482,0.945675,0.998252,0.891003
1324,5,29,15,6e+21,6.30957,0.0935603,22.2159,2.846,268.703,8061.1,525.3,78,0.645968,0.535276,0.645277,0.525618,0.615353,0.680741,0.612549,0.686032,0.579854,156,234,0.915931,0.960323,0.894342,0.942996,0.852868,0.780139,0.701989,0.693533,0.586194,0.937152,0.995284,0.897561
1325,5,29,16,6e+21,6.30957,0.11962,14.9689,2.43,241.855,7255.65,525.3,96,0.687171,0.57352,0.665337,0.56016,0.627975,0.688761,0.609374,0.681107,0.587852,192,288,0.91576,0.986161,0.913882,0.963188,0.862562,0.837398,0.740879,0.801259,0.691553,0.927476,1.00801,0.916188
1326,5,29,17,6e+21,6.30957,0.152938,10.5865,2.1,225.751,6772.54,525.3,120,0.724333,0.611016,0.682988,0.5925,0.635415,0.691229,0.608633,0.669845,0.59042,240,360,0.90037,0.97692,0.900248,0.947317,0.837542,0.821053,0.722944,0.805719,0.710184,0.906632,0.990171,0.897979
1327,5,29,18,6e+21,6.30957,0.195537,7.8887,1.837,220.779,6623.36,525.3,156,0.757398,0.649364,0.699913,0.623496,0.637171,0.688018,0.609685,0.655105,0.582201,312,468,0.877552,0.949486,0.880467,0.911662,0.80154,0.788418,0.698654,0.757064,0.672813,0.8808,0.95741,0.881488
1328,5,29,19,6e+21,6.30957,0.25,6.0427,1.614,226.545,6796.34,525.3,192,0.783576,0.680536,0.713989,0.643548,0.634978,0.688334,0.606369,0.663584,0.586327,384,499.035,0.860591,0.932244,0.871143,0.881575,0.774741,0.8269,0.728435,0.758427,0.670129,0.862152,0.936865,0.871994
1329,5,30,14,6e+21,9.36329,0.0731778,57.1242,3.458,485.39,14561.7,525.3,60,0.585307,0.477122,0.619278,0.470668,0.596746,0.671374,0.617637,0.691239,0.600739,120,180,0.884153,0.905898,0.79862,0.893644,0.769563,0.703041,0.646769,0.655863,0.569994,0.923313,0.963577,0.80316
1330,5,30,15,6e+21,9.36329,0.0935603,37.124,2.888,441.778,13253.3,525.3,78,0.64395,0.534488,0.649132,0.525064,0.619383,0.689396,0.620307,0.70255,0.587727,156,234,0.89623,0.931522,0.888925,0.915098,0.848187,0.786366,0.707559,0.703963,0.588909,0.917514,0.965996,0.892021
1331,5,30,16,6e+21,9.36329,0.11962,25.9216,2.505,402.305,12069.2,525.3,96,0.68167,0.56989,0.668806,0.557275,0.631755,0.700745,0.616929,0.708111,0.572605,192,288,0.899077,0.945494,0.851328,0.924565,0.804166,0.743383,0.654468,0.676327,0.546903,0.91148,0.967603,0.85336
1332,5,30,17,6e+21,9.36329,0.152938,18.5846,2.208,367.862,11035.9,525.3,120,0.7153,0.604542,0.687365,0.587862,0.64026,0.710055,0.607063,0.709987,0.559232,240,360,0.892801,0.945395,0.845752,0.919312,0.787792,0.718675,0.614433,0.622089,0.489998,0.900048,0.959699,0.847087
1333,5,30,18,6e+21,9.36329,0.195537,12.6728,1.913,336.512,10095.3,525.3,150,0.750099,0.642844,0.704437,0.619368,0.644513,0.716702,0.596724,0.706965,0.581146,300,450,0.878412,0.931439,0.822669,0.897424,0.752687,0.686276,0.571391,0.57529,0.472906,0.88204,0.939698,0.823559
1334,5,30,19,6e+21,9.36329,0.25,9.1645,1.689,322.069,9662.07,525.3,192,0.776223,0.67385,0.718873,0.641231,0.640808,0.717669,0.600323,0.707751,0.592906,384,499.035,0.862238,0.937416,0.862702,0.892039,0.769017,0.844705,0.706588,0.946595,0.792994,0.864049,0.942405,0.863323
1335,5,31,15,6e+21,13.895,0.0935603,56.625,2.854,692.741,20782.2,525.3,78,0.635992,0.521379,0.653572,0.512025,0.623985,0.702536,0.633613,0.726392,0.609893,156,234,0.847446,0.85858,0.955017,0.843175,0.911783,0.807962,0.728697,0.74104,0.622191,0.866421,0.888711,0.958325
1336,5,31,16,6e+21,13.895,0.11962,43.8326,2.559,658.392,19751.8,525.3,96,0.670023,0.55571,0.675188,0.543847,0.638166,0.716878,0.631341,0.738602,0.594466,192,288,0.863574,0.88816,0.91847,0.869201,0.868107,0.800383,0.704882,0.740408,0.595919,0.876272,0.909975,0.920594
1337,5,31,17,6e+21,13.895,0.152938,30.0061,2.207,601.787,18053.6,525.3,120,0.712271,0.599861,0.694681,0.583308,0.64776,0.728499,0.622798,0.745525,0.570166,240,360,0.867966,0.903779,0.884173,0.878839,0.824453,0.763778,0.652957,0.714493,0.546433,0.874756,0.916955,0.88553
1338,5,31,18,6e+21,13.895,0.195537,21.7579,1.968,553.611,16608.3,525.3,150,0.743353,0.635435,0.709649,0.613573,0.650289,0.734155,0.603278,0.743057,0.535569,300,450,0.861036,0.897888,0.837439,0.866997,0.767389,0.733647,0.60286,0.67117,0.483756,0.864929,0.906328,0.838292
1339,5,31,19,6e+21,13.895,0.25,14.9451,1.737,504.936,15148.1,525.3,192,0.771031,0.666775,0.723204,0.636622,0.646146,0.735041,0.574533,0.733465,0.535147,384,499.035,0.849148,0.881071,0.797153,0.841228,0.712216,0.692494,0.541277,0.658111,0.480168,0.85109,0.885965,0.797678
1340,5,32,17,6e+21,20.6199,0.152938,53.978,2.318,986.392,29591.8,525.3,114,0.686528,0.56235,0.687187,0.548165,0.643479,0.723652,0.624002,0.740258,0.573547,228,342,0.816547,0.808003,0.873793,0.78762,0.818216,0.733783,0.632737,0.701208,0.543292,0.824378,0.821871,0.87524
1341,5,32,18,6e+21,20.6199,0.195537,38.563,2.034,922.299,27669,525.3,144,0.726232,0.606504,0.706016,0.586987,0.650022,0.733416,0.608067,0.744434,0.536699,288,432,0.831322,0.835987,0.855261,0.809086,0.78743,0.74413,0.616949,0.70346,0.507159,0.835644,0.844714,0.856177
1342,5,32,19,6e+21,20.6199,0.25,25.8351,1.777,838.198,25145.9,525.3,186,0.762469,0.649739,0.72029,0.621912,0.647073,0.73414,0.575224,0.731983,0.508164,372,499.035,0.830041,0.834637,0.806473,0.798891,0.724495,0.727337,0.569894,0.684173,0.474972,0.832123,0.839556,0.807016
1343,5,33,19,6e+21,30.5995,0.25,43.3216,1.801,1368.22,41046.5,525.3,186,0.751374,0.623316,0.713248,0.597493,0.641629,0.718568,0.563958,0.706935,0.490132,372,499.035,0.817388,0.803087,0.808342,0.769816,0.727175,0.732217,0.57467,0.685083,0.474982,0.819568,0.808024,0.808873
1354,6,11,1,1.2e+22,0.00517947,0.003,1.2038,1.057,1.41181,42.3543,25.4126,18,0.486737,-2.53297,-3.62365,-2.02822,-3.6092,-2.05657,-2.05307,-2.05657,-2.05307,24.1419,24.1419,0.429585,-2.5393,-3.6271,-2.03329,-3.61263,-2.05978,-2.05627,-2.05978,-2.05627,0.45369,-4.61518,-0.701548
1355,6,11,2,1.2e+22,0.00517947,0.0038356,1.0222,1.056,1.79108,53.7322,27,18,0.538421,-2.26117,-3.42033,-1.60365,-3.39807,-1.63233,-1.62891,-1.63233,-1.62891,25.65,25.65,0.449679,-2.69306,-3.78183,-1.90996,-3.75721,-1.78336,-1.77963,-1.78336,-1.77963,0.465418,-4.89465,-0.959158
1356,6,11,3,1.2e+22,0.00517947,0.00490394,0.8761,1.056,2.27654,68.2962,27,18,0.586008,-1.57455,-2.48573,-0.938474,-2.45935,-1.21042,-1.20626,-1.21042,-1.20626,25.65,25.65,0.487208,-2.253,-3.1053,-1.34285,-3.07235,-1.48714,-1.48204,-1.48714,-1.48204,0.497702,-4.09483,-0.802503
1357,6,11,4,1.2e+22,0.00517947,0.00626986,0.7569,1.055,2.89881,86.9641,27,18,0.622065,-0.988832,-1.67902,-0.464402,-1.64996,-0.8516,-0.846813,-0.8516,-0.846813,25.65,25.65,0.530477,-1.64324,-2.38919,-0.771743,-2.34784,-1.17562,-1.16901,-1.17562,-1.16901,0.537408,-2.9866,-0.62911
1358,6,11,5,1.2e+22,0.00517947,0.00801622,0.6638,1.053,3.64054,109.216,27,18,0.632316,0.0146974,-0.321958,0.00898644,-0.305916,-0.277441,-0.271039,-0.277441,-0.271039,25.65,25.65,0.52547,-0.423279,-1.18053,-0.258806,-1.12171,-0.828711,-0.809591,-0.828711,-0.809591,0.536892,-0.73856,-0.470997
1359,6,11,6,1.2e+22,0.00517947,0.010249,0.5858,1.051,4.56269,136.881,27,18,0.645908,0.220028,0.188814,0.132881,0.171561,0.0765554,0.0726845,0.0765554,0.0726845,25.65,25.65,0.532233,-0.0986101,-0.767399,-0.0595534,-0.697277,-0.576672,-0.547513,-0.576672,-0.547513,0.543102,-0.168207,-0.684429
1361,6,12,1,1.2e+22,0.00768625,0.003,1.5314,1.084,1.45954,43.7863,26.2718,18,0.473454,-1.78082,-3.38107,-1.51883,-3.36903,-1.89172,-1.88907,-1.89172,-1.88907,24.9582,24.9582,0.416241,-1.81284,-3.41758,-1.54614,-3.4054,-1.91682,-1.91414,-1.91682,-1.91414,0.448943,-3.29484,-0.915812
1362,6,12,2,1.2e+22,0.00768625,0.0038356,1.2939,1.084,1.82638,54.7921,27,18,0.529197,-1.43742,-2.80263,-1.1243,-2.78671,-1.50484,-1.50176,-1.50484,-1.50176,25.65,25.65,0.445778,-1.69616,-3.09902,-1.32667,-3.08142,-1.64183,-1.63846,-1.64183,-1.63846,0.468293,-3.08277,-0.907096
1363,6,12,3,1.2e+22,0.00768625,0.00490394,1.1059,1.083,2.28815,68.645,27,18,0.578452,-1.03666,-2.10168,-0.715728,-2.08271,-1.1466,-1.14285,-1.1466,-1.14285,25.65,25.65,0.493355,-1.31828,-2.5895,-0.910167,-2.56614,-1.37974,-1.37523,-1.37974,-1.37523,0.509203,-2.39598,-0.758912
1364,6,12,4,1.2e+22,0.00768625,0.00626986,0.9496,1.081,2.89431,86.8298,27,18,0.61685,-0.678457,-1.47492,-0.390825,-1.45344,-0.833644,-0.829239,-0.833644,-0.829239,25.65,25.65,0.53025,-1.07038,-2.17953,-0.61659,-2.14779,-1.18441,-1.17815,-1.18441,-1.17815,0.54079,-1.94541,-0.655587
1365,6,12,5,1.2e+22,0.00768625,0.00801622,0.8228,1.079,3.66231,109.87,27,18,0.623325,0.0379146,-0.222973,0.0267216,-0.214386,-0.235135,-0.23032,-0.235135,-0.23032,25.65,25.65,0.518445,-0.274993,-0.854735,-0.19381,-0.821818,-0.685982,-0.671934,-0.685982,-0.671934,0.535289,-0.479841,-0.789147
1366,6,12,6,1.2e+22,0.00768625,0.010249,0.7176,1.075,4.64119,139.236,27,18,0.63738,0.192985,0.193136,0.135378,0.179682,0.101622,0.0971379,0.101622,0.0971379,25.65,25.65,0.522002,-0.112239,-0.379842,-0.0787349,-0.353383,-0.419571,-0.401058,-0.419571,-0.401058,0.538148,-0.191213,-0.439657
1367,6,12,7,1.2e+22,0.00768625,0.0131037,0.6219,1.07,6.00823,180.247,27,18,0.655117,0.265397,0.399438,0.167301,0.350951,0.308203,0.28252,0.308203,0.28252,25.65,25.65,0.529843,-0.185697,-0.32341,-0.11706,-0.284151,-0.401869,-0.36838,-0.401869,-0.36838,0.541669,-0.312565,-0.443539
1368,6,12,8,1.2e+22,0.00768625,0.0167535,0.555,1.063,7.42665,222.8,27,18,0.66373,0.311421,0.477921,0.190665,0.382392,0.431166,0.36387,0.431166,0.36387,25.65,25.65,0.540492,0.0209798,-0.0747886,0.0128447,-0.0598394,-0.0450254,-0.0379979,-0.0450254,-0.0379979,0.550518,0.0329986,-0.122212
1369,6,13,1,1.2e+22,0.0114062,0.003,1.9845,1.125,1.52735,45.82,27,18,0.454023,-1.14277,-2.74577,-1.02044,-2.73733,-1.69838,-1.6962,-1.69838,-1.6962,25.65,25.65,0.393448,-1.20079,-2.80105,-1.07225,-2.79244,-1.72561,-1.72341,-1.72561,-1.72341,0.436128,-2.18244,-0.98006
1370,6,13,2,1.2e+22,0.0114062,0.0038356,1.6587,1.124,1.88485,56.5459,27,18,0.515362,-0.88342,-2.14322,-0.741694,-2.1329,-1.32746,-1.32481,-1.32746,-1.32481,25.65,25.65,0.444803,-1.00091,-2.42893,-0.840335,-2.41723,-1.47351,-1.47056,-1.47351,-1.47056,0.476647,-1.81916,-0.845799
1371,6,13,3,1.2e+22,0.0114062,0.00490394,1.3957,1.122,2.35727,70.7186,27,18,0.570322,-0.639533,-1.61731,-0.488308,-1.60488,-1.01461,-1.01137,-1.01461,-1.01137,25.65,25.65,0.48685,-0.847122,-2.0218,-0.64681,-2.00626,-1.23672,-1.23278,-1.23672,-1.23278,0.509102,-1.53965,-0.70942
1372,6,13,4,1.2e+22,0.0114062,0.00626986,1.1912,1.12,2.94969,88.4904,27,18,0.611383,-0.427419,-1.16961,-0.285094,-1.15534,-0.756749,-0.752929,-0.756749,-0.752929,25.65,25.65,0.520363,-0.768726,-1.57948,-0.51275,-1.56021,-0.967606,-0.962722,-0.967606,-0.962722,0.535437,-1.39716,-0.552961
1373,6,13,5,1.2e+22,0.0114062,0.00801622,1.0191,1.117,3.74569,112.371,27,18,0.609337,0.0565173,-0.12316,0.0440748,-0.119473,-0.171852,-0.16871,-0.171852,-0.16871,25.65,25.65,0.504637,-0.218516,-0.623122,-0.170409,-0.604467,-0.603405,-0.592376,-0.603405,-0.592376,0.528453,-0.381184,-0.668422
1374,6,13,6,1.2e+22,0.0114062,0.010249,0.8796,1.111,4.76746,143.024,27,18,0.623704,0.173811,0.201855,0.135445,0.191178,0.132651,0.127648,0.132651,0.127648,25.65,25.65,0.519828,0.0123632,-0.270717,0.0096342,-0.256397,-0.284688,-0.273951,-0.284688,-0.273951,0.54341,0.0210316,-0.320442
1375,6,13,7,1.2e+22,0.0114062,0.0131037,0.7669,1.103,6.04385,181.316,27,18,0.6428,0.225798,0.339075,0.164834,0.309559,0.286789,0.26783,0.286789,0.26783,25.65,25.65,0.521603,-0.0867051,-0.13336,-0.0632955,-0.121751,-0.217131,-0.202776,-0.217131,-0.202776,0.539592,-0.145293,-0.243571
1376,6,13,8,1.2e+22,0.0114062,0.0167535,0.6762,1.092,7.58088,227.426,27,18,0.65285,0.2724,0.407923,0.194443,0.348972,0.390957,0.34377,0.390957,0.34377,25.65,25.65,0.510996,0.0217941,0.0605394,0.0155569,0.0517906,-0.0696137,-0.0612115,-0.0696137,-0.0612115,0.525627,0.0341937,-0.0795941
1377,6,13,9,1.2e+22,0.0114062,0.02142,0.5958,1.078,9.58727,287.618,28.7618,18,0.666152,0.314538,0.457784,0.202928,0.348976,0.463809,0.371064,0.463809,0.371064,27.3237,27.3237,0.522375,0.0305334,0.136441,0.019699,0.104011,0.0991002,0.0792837,0.0991002,0.0792837,0.532179,0.04506,0.214115
1378,6,13,10,1.2e+22,0.0114062,0.0273861,0.5222,1.061,12.3115,369.347,36.9346,24,0.678553,0.398836,0.62216,0.209956,0.392568,0.542578,0.382435,0.542578,0.382435,35.0879,35.0879,0.545857,0.1997,-0.516017,0.105127,-0.325595,-0.302079,-0.212919,-0.302079,-0.212919,0.551031,0.270904,-0.531314
1379,6,14,1,1.2e+22,0.0169267,0.003,2.6151,1.185,1.65235,49.57,27,18,0.433195,-0.623875,-1.80901,-0.574464,-1.80425,-1.33995,-1.3382,-1.33995,-1.3382,25.65,25.65,0.369362,-0.696884,-1.91747,-0.641692,-1.91243,-1.40738,-1.40554,-1.40738,-1.40554,0.422432,-1.26659,-1.64162
1380,6,14,2,1.2e+22,0.0169267,0.0038356,2.1637,1.183,1.98562,59.5682,27,18,0.496954,-0.509947,-1.49276,-0.450007,-1.48681,-1.09127,-1.08915,-1.09127,-1.08915,25.65,25.65,0.41905,-0.641114,-1.69258,-0.565756,-1.68583,-1.23518,-1.23277,-1.23518,-1.23277,0.46051,-1.16523,-1.44275
1381,6,14,3,1.2e+22,0.0169267,0.00490394,1.7997,1.181,2.43865,73.1602,27,18,0.555379,-0.384836,-1.17255,-0.317541,-1.16524,-0.86172,-0.859124,-0.86172,-0.859124,25.65,25.65,0.474084,-0.537184,-1.45904,-0.443248,-1.44994,-1.05676,-1.05358,-1.05676,-1.05358,0.504952,-0.976334,-1.23402
1382,6,14,4,1.2e+22,0.0169267,0.00626986,1.5111,1.178,3.03738,91.1211,27,18,0.586589,-0.125139,-0.581196,-0.101013,-0.574164,-0.520461,-0.516998,-0.520461,-0.516998,25.65,25.65,0.503374,-0.289896,-0.875186,-0.234006,-0.864597,-0.733305,-0.728427,-0.733305,-0.728427,0.53199,-0.516948,-0.834546
1383,6,14,5,1.2e+22,0.0169267,0.00801622,1.2811,1.173,3.82092,114.628,27,18,0.589537,0.0721081,-0.0336182,0.0605559,-0.0328637,-0.0958481,-0.0943664,-0.0958481,-0.0943664,25.65,25.65,0.496776,-0.0568042,-0.316079,-0.0477038,-0.308985,-0.316542,-0.311649,-0.316542,-0.311649,0.530444,-0.0990881,-0.341491
1384,6,14,6,1.2e+22,0.0169267,0.010249,1.1048,1.165,4.78112,143.434,27,18,0.601282,0.153331,0.191954,0.129113,0.184775,0.142306,0.138167,0.142306,0.138167,25.65,25.65,0.490053,-0.0492336,-0.176479,-0.0414575,-0.169879,-0.197584,-0.191837,-0.197584,-0.191837,0.522572,-0.0837869,-0.217077
1385,6,14,7,1.2e+22,0.0169267,0.0131037,0.9558,1.153,6.04885,181.466,27,18,0.624525,0.197416,0.29994,0.159169,0.281768,0.270983,0.257572,0.270983,0.257572,25.65,25.65,0.5088,-0.0292537,-0.076688,-0.0235861,-0.0720418,-0.140656,-0.133695,-0.140656,-0.133695,0.535082,-0.0490174,-0.14716
1386,6,14,8,1.2e+22,0.0169267,0.0167535,0.8329,1.136,7.66219,229.865,27,18,0.637005,0.246068,0.364575,0.195493,0.327532,0.365928,0.333377,0.365928,0.333377,25.65,25.65,0.495696,0.000958095,0.0430876,0.000761175,0.0387095,-0.0440495,-0.0401311,-0.0440495,-0.0401311,0.517077,0.00150235,-0.0150596
1387,6,14,9,1.2e+22,0.0169267,0.02142,0.7287,1.115,9.73662,292.098,29.2098,24,0.654209,0.291745,0.440288,0.217668,0.371786,0.424603,0.362749,0.424603,0.362749,27.7494,27.7494,0.50931,-0.0063461,0.0505181,-0.00473477,0.0426583,0.157585,0.134629,0.157585,0.134629,0.524138,-0.00929315,0.0516633
1388,6,14,10,1.2e+22,0.0169267,0.0273861,0.6327,1.087,12.6458,379.374,37.9373,24,0.670282,0.359776,0.534783,0.236153,0.390643,0.510911,0.393698,0.510911,0.393698,36.0404,36.0404,0.53539,0.0227784,0.164039,0.0149515,0.119826,-0.172719,-0.133094,-0.172719,-0.133094,0.543564,0.0304199,0.169561
1389,6,14,11,1.2e+22,0.0169267,0.0350141,0.5679,1.066,15.5155,465.465,46.5465,30,0.680673,0.434269,0.63881,0.232852,0.38793,0.526356,0.360194,0.526356,0.360194,44.2192,44.2192,0.544627,-0.00107008,0.198533,-0.000573772,0.120563,-0.0431655,-0.0295388,-0.0431655,-0.0295388,0.548362,-0.00131068,0.200292
1390,6,15,1,1.2e+22,0.0251189,0.003,3.5258,1.273,1.88335,56.5004,27,18,0.415943,-0.294144,-1.00473,-0.276224,-1.00245,-0.903039,-0.901808,-0.903039,-0.901808,25.65,25.65,0.356531,-0.353601,-1.13888,-0.332058,-1.13629,-1.02058,-1.01919,-1.02058,-1.01919,0.420768,-0.642671,-1.14255
1391,6,15,2,1.2e+22,0.0251189,0.0038356,2.8605,1.271,2.18746,65.6234,27,18,0.479553,-0.261293,-0.906643,-0.238025,-0.903607,-0.796449,-0.794899,-0.796449,-0.794899,25.65,25.65,0.416729,-0.310715,-1.07169,-0.283046,-1.0681,-0.931975,-0.930162,-0.931975,-0.930162,0.470549,-0.564725,-1.04879
1392,6,15,3,1.2e+22,0.0251189,0.00490394,2.3493,1.268,2.60727,78.218,27,18,0.538151,-0.211604,-0.765246,-0.183889,-0.76137,-0.669437,-0.667511,-0.669437,-0.667511,25.65,25.65,0.461644,-0.317584,-0.976558,-0.275987,-0.971612,-0.806761,-0.80444,-0.806761,-0.80444,0.502585,-0.577209,-0.92105
1393,6,15,4,1.2e+22,0.0251189,0.00626986,1.9447,1.263,3.18477,95.5426,27,18,0.548567,-0.00366104,-0.22523,-0.00324154,-0.222832,-0.281407,-0.279353,-0.281407,-0.279353,25.65,25.65,0.469952,-0.111764,-0.377005,-0.0989572,-0.37299,-0.427973,-0.424849,-0.427973,-0.424849,0.515773,-0.197377,-0.448621
1394,6,15,5,1.2e+22,0.0251189,0.00801622,1.6374,1.255,3.924,117.72,27,18,0.561794,0.0773039,0.0261751,0.0683689,0.025737,-0.0307982,-0.0304058,-0.0307982,-0.0304058,25.65,25.65,0.468133,-0.0588205,-0.199473,-0.0520219,-0.196135,-0.234695,-0.231705,-0.234695,-0.231705,0.512601,-0.102629,-0.254439
1395,6,15,6,1.2e+22,0.0251189,0.010249,1.387,1.243,4.91646,147.494,27,18,0.572673,0.141152,0.195122,0.125191,0.189757,0.164712,0.160925,0.164712,0.160925,25.65,25.65,0.473836,0.0157038,-0.0258931,0.0139281,-0.0251811,-0.076552,-0.0747917,-0.076552,-0.0747917,0.518074,0.0267059,-0.0721838
1396,6,15,7,1.2e+22,0.0251189,0.0131037,1.192,1.226,6.16469,184.941,27,18,0.598059,0.177012,0.273192,0.152966,0.261321,0.2624,0.252502,0.2624,0.252502,25.65,25.65,0.485029,-0.00227755,0.0296295,-0.00196816,0.028342,-0.00319759,-0.00307698,-0.00319759,-0.00307698,0.521522,-0.00379572,-0.0183232
1397,6,15,8,1.2e+22,0.0251189,0.0167535,1.0288,1.201,7.81346,234.403,27,18,0.614459,0.22355,0.330569,0.19079,0.306698,0.343149,0.320697,0.343149,0.320697,25.65,25.65,0.48484,0.0619802,0.0167489,0.0528971,0.0155394,0.0537146,0.0502002,0.0537146,0.0502002,0.515102,0.0970546,0.0278834
1398,6,15,9,1.2e+22,0.0251189,0.02142,0.8904,1.167,10.0037,300.11,30.011,24,0.637923,0.276228,0.418095,0.226254,0.370695,0.413231,0.368861,0.413231,0.368861,28.5104,28.5104,0.500215,0.0381617,0.0860617,0.0312576,0.0763047,0.0228732,0.0204172,0.0228732,0.0204172,0.52149,0.0553963,0.0881489
1399,6,15,10,1.2e+22,0.0251189,0.0273861,0.7838,1.131,12.5617,376.852,37.6852,24,0.657658,0.335073,0.491866,0.255989,0.402447,0.49401,0.413886,0.49401,0.413886,35.8009,35.8009,0.523997,0.0516632,-0.134875,0.0394697,-0.110355,-0.301557,-0.252648,-0.301557,-0.252648,0.537301,0.0692767,-0.139454
1400,6,15,11,1.2e+22,0.0251189,0.0350141,0.6917,1.095,15.8108,474.323,47.4323,30,0.673679,0.405987,0.584978,0.272309,0.42013,0.524048,0.399508,0.524048,0.399508,45.0607,45.0607,0.513638,0.0289449,0.171083,0.0194143,0.122871,0.520806,0.397036,0.520806,0.397036,0.519516,0.0352115,0.172781
1401,6,15,12,1.2e+22,0.0251189,0.0447667,0.6071,1.063,20.2096,606.287,60.6287,36,0.685425,0.501528,0.674796,0.250549,0.36718,0.512403,0.335156,0.512403,0.335156,57.5973,57.5973,0.555124,-0.0134939,0.100127,-0.00674115,0.0544824,0.465425,0.304428,0.465425,0.304428,0.557012,-0.0150813,0.100582
1403,6,16,1,1.2e+22,0.0372759,0.003,4.876,1.403,2.31685,69.5059,27,18,0.408362,-0.10901,-0.447517,-0.103537,-0.446603,-0.491877,-0.491156,-0.491877,-0.491156,25.65,25.65,0.351455,-0.153146,-0.556905,-0.145458,-0.555767,-0.59711,-0.596235,-0.59711,-0.596235,0.425466,-0.278344,-0.637486
1404,6,16,2,1.2e+22,0.0372759,0.0038356,3.875,1.4,2.55469,76.6403,27,18,0.465127,-0.108658,-0.45419,-0.100991,-0.452886,-0.483742,-0.482786,-0.483742,-0.482786,25.65,25.65,0.399741,-0.168674,-0.592879,-0.156772,-0.591176,-0.604114,-0.602919,-0.604114,-0.602919,0.463327,-0.306566,-0.65431
1405,6,16,3,1.2e+22,0.0372759,0.00490394,3.1417,1.395,2.90842,87.2523,27,18,0.519265,-0.0974792,-0.432849,-0.0877148,-0.43106,-0.45564,-0.454383,-0.45564,-0.454383,25.65,25.65,0.449941,-0.169155,-0.583133,-0.152211,-0.580723,-0.592938,-0.591303,-0.592938,-0.591303,0.50197,-0.30744,-0.640519
1406,6,16,4,1.2e+22,0.0372759,0.00626986,2.5578,1.388,3.43492,103.048,27,18,0.506529,0.0410078,-0.0474114,0.037895,-0.0469832,-0.107869,-0.107102,-0.107869,-0.107102,25.65,25.65,0.43952,-0.0286341,-0.174089,-0.0264606,-0.172517,-0.238561,-0.236864,-0.238561,-0.236864,0.502077,-0.0503804,-0.242731
1407,6,16,5,1.2e+22,0.0372759,0.00801622,2.1236,1.377,4.13088,123.926,27,18,0.527792,0.0789219,0.0714069,0.0722772,0.0704904,0.0296811,0.0293665,0.0296811,0.0293665,25.65,25.65,0.443067,-0.0240103,-0.096762,-0.0219888,-0.0955201,-0.155872,-0.15422,-0.155872,-0.15422,0.499861,-0.0419012,-0.149183
1408,6,16,6,1.2e+22,0.0372759,0.010249,1.7772,1.359,5.08042,152.413,27,18,0.535573,0.129064,0.192807,0.118707,0.188932,0.178852,0.175681,0.178852,0.175681,25.65,25.65,0.447038,0.0401188,-0.00023998,0.0368992,-0.000235157,-0.0367159,-0.0360651,-0.0367159,-0.0360651,0.504463,0.0682072,-0.0219922
1409,6,16,7,1.2e+22,0.0372759,0.0131037,1.5032,1.332,6.33935,190.181,27,18,0.564672,0.161974,0.254734,0.146524,0.246726,0.257549,0.250221,0.257549,0.250221,25.65,25.65,0.440245,0.00868235,0.0510834,0.00785415,0.0494775,0.0139338,0.0135373,0.0139338,0.0135373,0.486736,0.0144148,0.0116746
1410,6,16,8,1.2e+22,0.0372759,0.0167535,1.2847,1.295,7.98292,239.487,27,18,0.584466,0.204852,0.305281,0.183716,0.289689,0.324989,0.309585,0.324989,0.309585,25.65,25.65,0.451052,0.0177183,0.083041,0.0158902,0.0787996,0.0293614,0.0279698,0.0293614,0.0279698,0.490847,0.0277239,0.0439635
1411,6,16,9,1.2e+22,0.0372759,0.02142,1.1142,1.248,10.0122,300.367,30.0367,24,0.611318,0.254087,0.389598,0.222388,0.359248,0.392319,0.362913,0.392319,0.362913,28.5349,28.5349,0.476537,0.0385895,-0.0214211,0.0337752,-0.0197523,-0.058454,-0.0540725,-0.058454,-0.0540725,0.506529,0.0561223,-0.0219472
1412,6,16,10,1.2e+22,0.0372759,0.0273861,0.9702,1.193,12.6526,379.577,37.9577,24,0.638712,0.315068,0.458281,0.263585,0.400628,0.476599,0.421379,0.476599,0.421379,36.0598,36.0598,2.0164,10.4402,0.150344,8.73427,0.13143,0.116115,0.102662,0.116115,0.102662,2.09369,13.9805,0.155568
1413,6,16,11,1.2e+22,0.0372759,0.0350141,0.8477,1.139,16.0648,481.943,48.1943,30,0.663081,0.389025,0.549866,0.299354,0.440353,0.518693,0.427671,0.518693,0.427671,45.7846,45.7846,1.15161,6.44312,1.54779,4.95797,1.23953,1.03032,0.849515,1.03032,0.849515,1.17212,7.80712,1.5641
1414,6,16,12,1.2e+22,0.0372759,0.0447667,0.7422,1.092,20.488,614.64,61.464,36,0.680445,0.467712,0.612599,0.304468,0.415458,0.516028,0.381463,0.516028,0.381463,58.3908,58.3908,0.546424,0.0187819,0.125052,0.0122265,0.084809,0.546489,0.40398,0.546489,0.40398,0.54973,0.0209324,0.125684
1415,6,16,13,1.2e+22,0.0372759,0.0572357,0.652,1.059,26.1258,783.773,78.3773,42,0.69021,0.565772,0.691765,0.255716,0.332344,0.478422,0.29874,0.478422,0.29874,74.4584,74.4584,0.58181,-0.068522,-0.0745742,-0.0309704,-0.0358276,0.585174,0.365399,0.585174,0.365399,0.582689,-0.0726164,-0.0747726
1418,6,17,1,1.2e+22,0.0553168,0.003,7.1543,1.589,3.113,93.3895,27,18,0.392138,0.00272979,-0.0867125,0.00262526,-0.0864213,-0.137645,-0.137252,-0.137645,-0.137252,25.65,25.65,0.341989,-0.0300166,-0.152381,-0.0288673,-0.151869,-0.208968,-0.208372,-0.208968,-0.208372,0.429094,-0.0541288,-0.211014
1419,6,17,2,1.2e+22,0.0553168,0.0038356,5.5042,1.586,3.21812,96.5433,27,18,0.425054,0.0154527,-0.0683753,0.0147511,-0.0680576,-0.121286,-0.120813,-0.121286,-0.120813,25.65,25.65,0.366907,-0.0319243,-0.14475,-0.0304749,-0.144078,-0.201551,-0.200766,-0.201551,-0.200766,0.448522,-0.0571693,-0.201144
1420,6,17,3,1.2e+22,0.0553168,0.00490394,4.3031,1.579,3.47742,104.323,27,18,0.447646,0.038642,-0.0107247,0.0367015,-0.0106577,-0.0579116,-0.057605,-0.0579116,-0.057605,25.65,25.65,0.383739,-0.024304,-0.10915,-0.0230835,-0.108467,-0.165694,-0.164817,-0.165694,-0.164817,0.461502,-0.0430747,-0.155693
1421,6,17,4,1.2e+22,0.0553168,0.00626986,3.4623,1.568,3.89088,116.727,27,18,0.465421,0.0605857,0.0513009,0.0572881,0.0508964,0.0159389,0.0158303,0.0159389,0.0158303,25.65,25.65,0.389261,-0.0104698,-0.0671944,-0.00989992,-0.0666646,-0.111895,-0.111133,-0.111895,-0.111133,0.462264,-0.0183885,-0.111991
1422,6,17,5,1.2e+22,0.0553168,0.00801622,2.7999,1.551,4.53473,136.042,27,18,0.472901,0.0984933,0.142257,0.0933057,0.140661,0.127485,0.126199,0.127485,0.126199,25.65,25.65,0.382767,0.0111376,-0.00105895,0.010551,-0.00104707,-0.0207495,-0.0205402,-0.0207495,-0.0205402,0.453978,0.0191528,-0.0208491
1423,6,17,6,1.2e+22,0.0553168,0.010249,2.3032,1.525,5.43004,162.901,27,18,0.494485,0.117629,0.187588,0.110735,0.184678,0.187413,0.184746,0.187413,0.184746,25.65,25.65,0.389428,0.00444484,0.0131852,0.00418434,0.0129807,-0.0155936,-0.0153717,-0.0155936,-0.0153717,0.454662,0.00755205,-0.013516
1424,6,17,7,1.2e+22,0.0553168,0.0131037,1.9195,1.486,6.64965,199.489,27,18,0.523917,0.147575,0.236961,0.137578,0.231424,0.249603,0.244168,0.249603,0.244168,25.65,25.65,0.405388,0.00849419,0.0549044,0.00791882,0.0536214,0.0352152,0.0344484,0.0352152,0.0344484,0.462983,0.0140532,0.0396398
1425,6,17,8,1.2e+22,0.0553168,0.0167535,1.6312,1.433,8.19327,245.798,27,18,0.545549,0.186376,0.280111,0.172848,0.269914,0.304124,0.293681,0.304124,0.293681,25.65,25.65,0.423107,0.0470769,0.0377236,0.0436598,0.0363503,0.0747612,0.0721942,0.0747612,0.0721942,0.474207,0.0736466,0.0600646
1426,6,17,9,1.2e+22,0.0553168,0.02142,1.392,1.362,10.2871,308.613,30.8612,24,0.578593,0.238139,0.372627,0.217395,0.351811,0.38213,0.361342,0.38213,0.361342,29.3182,29.3182,1.7535,5.10934,0.775672,4.66428,0.732342,0.751276,0.710406,0.751276,0.710406,1.90634,7.40147,0.795275
1427,6,17,10,1.2e+22,0.0553168,0.0273861,1.2053,1.283,12.889,386.67,38.667,24,0.613705,0.299653,0.434508,0.265713,0.395958,0.463363,0.424984,0.463363,0.424984,36.7336,36.7336,0.756637,1.40042,1.88479,1.2418,1.71756,1.65261,1.51573,1.65261,1.51573,0.797523,1.86156,1.9534
1428,6,17,11,1.2e+22,0.0553168,0.0350141,1.0477,1.203,16.2893,488.678,48.8678,30,0.646581,0.371275,0.515405,0.312088,0.443443,0.502969,0.43878,0.502969,0.43878,46.4244,46.4244,0.620086,0.9234,1.57038,0.776196,1.35112,1.23334,1.07594,1.23334,1.07594,0.636367,1.11407,1.58819
1429,6,17,12,1.2e+22,0.0553168,0.0447667,0.9123,1.135,20.7683,623.05,62.3049,36,0.671208,0.447904,0.575201,0.339622,0.445438,0.514956,0.415146,0.514956,0.415146,59.1897,59.1897,0.635631,1.10256,1.08811,0.836012,0.842636,1.04409,0.841725,1.04409,0.841725,0.641769,1.22647,1.09393
1430,6,17,13,1.2e+22,0.0553168,0.0572357,0.8034,1.088,26.1594,784.783,78.4783,42,0.68546,0.524103,0.628917,0.329652,0.404952,0.508555,0.365275,0.508555,0.365275,74.5544,74.5544,0.57856,0.00154391,0.0419605,0.000971091,0.0270178,-0.582188,-0.418163,-0.582188,-0.418163,0.580323,0.00163688,0.042078
1431,6,17,14,1.2e+22,0.0553168,0.0731778,0.7083,1.056,33.0735,992.204,99.2204,54,0.691513,0.604289,0.713229,0.251956,0.315612,0.46527,0.282574,0.46527,0.282574,94.2594,94.2594,0.601157,-0.106833,-0.174593,-0.0445435,-0.0772594,0.399125,0.242402,0.399125,0.242402,0.601627,-0.110544,-0.174637
1434,6,18,1,1.2e+22,0.0820891,0.003,11.2755,1.846,4.64077,139.224,27,18,0.358865,0.057068,0.0898748,0.05551,0.0892931,0.0854298,0.0849094,0.0854298,0.0849094,25.65,25.65,0.299001,0.0143624,0.00466391,0.0139703,0.00463372,-0.0150485,-0.0149568,-0.0150485,-0.0149568,0.391748,0.0254701,-0.0143951
1435,6,18,2,1.2e+22,0.0820891,0.0038356,8.1975,1.843,4.47965,134.389,27,18,0.384388,0.0631067,0.0945458,0.0611164,0.0938991,0.0861998,0.0856513,0.0861998,0.0856513,25.65,25.65,0.313209,0.00511434,0.000597789,0.00495305,0.0005937,-0.0203295,-0.0202001,-0.0203295,-0.0202001,0.401001,0.00901706,-0.0174433
1436,6,18,3,1.2e+22,0.0820891,0.00490394,6.1609,1.835,4.52315,135.694,27,18,0.402831,0.0734886,0.111502,0.0709501,0.110662,0.103803,0.103078,0.103803,0.103078,25.65,25.65,0.329019,0.0127862,0.00859469,0.0123445,0.00852991,-0.0082785,-0.00822069,-0.0082785,-0.00822069,0.414548,0.0223446,-0.00565992
1437,6,18,4,1.2e+22,0.0820891,0.00626986,4.7744,1.821,4.78085,143.425,27,18,0.414944,0.0858099,0.135888,0.0826991,0.134723,0.133357,0.132293,0.133357,0.132293,25.65,25.65,0.339127,0.0206427,0.0222649,0.0198944,0.022074,0.00424373,0.00420987,0.00424373,0.00420987,0.422858,0.035681,0.00718083
1438,6,18,5,1.2e+22,0.0820891,0.00801622,3.8021,1.797,5.26238,157.871,27,18,0.428196,0.0974312,0.159915,0.0936882,0.15832,0.164174,0.162639,0.164174,0.162639,25.65,25.65,0.335084,0.0138388,0.0323423,0.0133072,0.0320198,0.0254302,0.0251925,0.0254302,0.0251925,0.413205,0.0236832,0.0338378
1439,6,18,6,1.2e+22,0.0820891,0.010249,3.0686,1.76,6.02838,180.852,27,18,0.451671,0.111809,0.187368,0.106978,0.184986,0.198807,0.196421,0.198807,0.196421,25.65,25.65,0.360375,0.0239934,0.0440639,0.0229566,0.0435037,0.0424874,0.0419776,0.0424874,0.0419776,0.43607,0.040583,0.0471377
1440,6,18,7,1.2e+22,0.0820891,0.0131037,2.5195,1.705,7.1225,213.674,27,18,0.469769,0.147793,0.234763,0.141309,0.230305,0.256732,0.252095,0.256732,0.252095,25.65,25.65,0.359276,0.0271592,0.0642398,0.0259676,0.0630199,0.0793526,0.0779191,0.0793526,0.0779191,0.427349,0.0437042,0.0720457
1441,6,18,8,1.2e+22,0.0820891,0.0167535,2.1003,1.628,8.617,258.51,27,18,0.500906,0.173024,0.261138,0.164184,0.254039,0.288466,0.28099,0.288466,0.28099,25.65,25.65,0.370928,0.00633465,0.0253725,0.00601103,0.0246828,0.0387134,0.0377101,0.0387134,0.0377101,0.429493,0.00984556,0.0334614
1442,6,18,9,1.2e+22,0.0820891,0.02142,1.7735,1.527,10.6115,318.344,31.8344,24,0.538708,0.222946,0.357776,0.209379,0.34339,0.372615,0.358002,0.372615,0.358002,30.2427,30.2427,0.801691,1.20232,1.43969,1.12916,1.3818,1.3916,1.33703,1.3916,1.33703,0.89543,1.73789,1.47671
1443,6,18,10,1.2e+22,0.0820891,0.0273861,1.5113,1.409,13.2674,398.023,39.8023,24,0.582667,0.284868,0.41544,0.262348,0.38899,0.455613,0.428062,0.455613,0.428062,37.8122,37.8122,0.585832,0.610463,1.31202,0.562204,1.22849,1.16127,1.09105,1.16127,1.09105,0.628605,0.80671,1.36143
1444,6,18,11,1.2e+22,0.0820891,0.0350141,1.3027,1.294,16.6658,499.973,49.9973,30,0.625136,0.356013,0.494476,0.316578,0.445427,0.49573,0.449804,0.49573,0.449804,47.4974,47.4974,0.975717,2.49459,1.12345,2.21826,1.01201,1.17847,1.0693,1.17847,1.0693,1.0116,2.99838,1.13696
1445,6,18,12,1.2e+22,0.0820891,0.0447667,1.1313,1.198,21.025,630.75,63.075,36,0.657755,0.427889,0.541888,0.356974,0.456766,0.501549,0.430805,0.501549,0.430805,59.9212,59.9212,0.725663,1.50882,0.964559,1.25876,0.813042,0.832616,0.715175,0.832616,0.715175,0.736398,1.67919,0.969916
1446,6,18,13,1.2e+22,0.0820891,0.0572357,0.9894,1.129,26.5265,795.796,79.5796,42,0.678375,0.500714,0.58497,0.37282,0.439163,0.493502,0.389952,0.493502,0.389952,75.6006,75.6006,0.757646,2.30101,4.35364,1.71328,3.26848,3.86984,3.05785,3.86984,3.05785,0.761477,2.43961,4.36679
1447,6,18,14,1.2e+22,0.0820891,0.0731778,0.865,1.081,33.7839,1013.52,101.352,54,0.689503,0.570481,0.647175,0.337594,0.38899,0.493652,0.341977,0.493652,0.341977,96.2842,96.2842,0.598057,-0.0174112,-0.0162073,-0.0103034,-0.00974151,-0.424838,-0.294306,-0.424838,-0.294306,0.598944,-0.0179894,-0.0162132
1452,6,19,1,1.2e+22,0.121819,0.003,19.5015,2.155,7.58027,227.408,27,18,0.337838,0.0836349,0.154088,0.0818425,0.152256,0.172587,0.170593,0.172587,0.170593,25.65,25.65,0.253005,0.0100121,0.0427104,0.00979751,0.0422027,0.0580174,0.057347,0.0580174,0.057347,0.338955,0.0172675,0.0634431
1453,6,19,2,1.2e+22,0.121819,0.0038356,13.2477,2.168,6.89835,206.951,27,18,0.357568,0.0883367,0.159055,0.0862074,0.15732,0.176121,0.174263,0.176121,0.174263,25.65,25.65,0.271973,0.00713109,0.0297275,0.00695921,0.0294032,0.0440475,0.0435827,0.0440475,0.0435827,0.357964,0.0122574,0.0449521
1454,6,19,3,1.2e+22,0.121819,0.00490394,9.5057,2.167,6.50769,195.231,27,18,0.37055,0.0885624,0.157545,0.0862234,0.156055,0.172852,0.171276,0.172852,0.171276,25.65,25.65,0.287498,0.0171588,0.0329,0.0167056,0.0325888,0.0464334,0.0460101,0.0464334,0.0460101,0.373685,0.0294994,0.0398466
1455,6,19,4,1.2e+22,0.121819,0.00626986,7.0613,2.154,6.40473,192.142,27,18,0.380186,0.0945021,0.165673,0.0918826,0.164092,0.181486,0.17982,0.181486,0.17982,25.65,25.65,0.291624,0.0159143,0.0339825,0.0154732,0.033658,0.0433885,0.0429902,0.0433885,0.0429902,0.375269,0.0271357,0.0377187
1456,6,19,5,1.2e+22,0.121819,0.00801622,5.3779,2.124,6.61085,198.325,27,18,0.391282,0.102382,0.177018,0.0993948,0.175204,0.194774,0.192855,0.194774,0.192855,25.65,25.65,0.297844,0.015879,0.0426842,0.0154157,0.0422467,0.0460393,0.0455856,0.0460393,0.0455856,0.379009,0.0267881,0.0423747
1457,6,19,6,1.2e+22,0.121819,0.010249,4.2071,2.074,7.15412,214.623,27,18,0.403034,0.12461,0.205934,0.120969,0.203239,0.228591,0.225715,0.228591,0.225715,25.65,25.65,0.29809,0.0119429,0.0490318,0.011594,0.0483903,0.0384111,0.0379278,0.0384111,0.0379278,0.374262,0.0194911,0.042495
1458,6,19,7,1.2e+22,0.121819,0.0131037,3.3772,1.998,8.05958,241.787,27,18,0.423452,0.139815,0.222859,0.135354,0.219272,0.248795,0.244946,0.248795,0.244946,25.65,25.65,1.21832,1.83238,0.117929,1.77391,0.116032,0.132429,0.13038,0.132429,0.13038,1.49847,2.91698,0.138685
1459,6,19,8,1.2e+22,0.121819,0.0167535,2.7599,1.891,9.4035,282.105,28.2105,18,0.455067,0.166443,0.251419,0.160366,0.245899,0.285834,0.279833,0.285834,0.279833,26.8,26.8,1.09204,1.66496,0.608511,1.60417,0.595152,0.5952,0.582704,0.5952,0.582704,1.30283,2.54477,0.615752
1460,6,19,9,1.2e+22,0.121819,0.02142,2.2864,1.749,11.306,339.18,33.918,24,0.496346,0.215314,0.346699,0.206036,0.335917,0.369809,0.358552,0.369809,0.358552,32.2221,32.2221,0.610835,0.640915,0.645296,0.613296,0.625227,0.617454,0.598658,0.617454,0.598658,0.698763,0.910182,0.663557
1461,6,19,10,1.2e+22,0.121819,0.0273861,1.9194,1.584,13.8972,416.914,41.6915,24,0.546655,0.274834,0.39842,0.259508,0.379519,0.449157,0.428777,0.449157,0.428777,39.6069,39.6069,1.00256,1.73783,0.946165,1.64092,0.901278,0.842835,0.804592,0.842835,0.804592,1.09451,2.26533,0.903151
1462,6,19,11,1.2e+22,0.121819,0.0350141,1.6428,1.426,17.1549,514.648,51.4648,30,0.596105,0.339097,0.474524,0.312986,0.440806,0.486797,0.453962,0.486797,0.453962,48.8915,48.8915,0.691328,0.957487,0.920866,0.883759,0.855433,0.755029,0.704102,0.755029,0.704102,0.725652,1.14763,0.932585
1463,6,19,12,1.2e+22,0.121819,0.0447667,1.4104,1.286,21.56,646.801,64.6801,36,0.639344,0.410509,0.51808,0.363223,0.460062,0.495412,0.444161,0.495412,0.444161,61.4461,61.4461,0.857809,1.86298,1.37513,1.64839,1.22113,1.27882,1.14653,1.27882,1.14653,0.875615,2.06942,1.38398
1464,6,19,13,1.2e+22,0.121819,0.0572357,1.2273,1.188,26.9945,809.836,80.9836,42,0.668373,0.481785,0.553752,0.397164,0.456837,0.484499,0.409744,0.484499,0.409744,76.9344,76.9344,0.708091,1.30359,1.24811,1.07463,1.02967,1.18482,1.00201,1.18482,1.00201,0.71364,1.38309,1.25223
1465,6,19,14,1.2e+22,0.121819,0.0731778,1.0719,1.12,34.0183,1020.55,102.055,54,0.684483,0.542718,0.594915,0.392933,0.430967,0.473091,0.36519,0.473091,0.36519,96.9523,96.9523,0.840956,3.32131,4.31187,2.40466,3.1236,3.8002,2.93347,3.8002,2.93347,0.843202,3.43512,4.3136
1466,6,19,15,1.2e+22,0.121819,0.0935603,0.9368,1.075,43.2234,1296.7,129.67,72,0.691603,0.598634,0.644295,0.333104,0.36351,0.455664,0.305029,0.455664,0.305029,123.187,123.187,0.614595,-0.0390487,-0.076077,-0.0217283,-0.0429225,-0.843191,-0.564446,-0.843191,-0.564446,0.615087,-0.0398425,-0.0760773
1471,6,20,1,1.2e+22,0.180777,0.003,33.3696,2.424,12.5684,377.053,37.7053,18,0.332169,0.114637,0.216464,0.112551,0.211561,0.283723,0.277593,0.283723,0.277593,35.82,35.82,0.661876,0.672495,1.1411,0.660257,1.11526,1.04606,1.02346,1.04606,1.02346,0.883914,1.10405,1.11137
1472,6,20,2,1.2e+22,0.180777,0.0038356,22.2264,2.481,11.3194,339.581,33.9582,18,0.346168,0.119846,0.218292,0.117492,0.213892,0.274424,0.269118,0.274424,0.269118,32.2602,32.2602,0.445775,0.33729,0.72068,0.330665,0.706152,0.708548,0.694848,0.708548,0.694848,0.588209,0.550851,0.716324
1473,6,20,3,1.2e+22,0.180777,0.00490394,15.9287,2.513,10.3533,310.6,31.0599,18,0.351659,0.120326,0.21305,0.117876,0.209305,0.257075,0.252718,0.257075,0.252718,29.5069,29.5069,0.522108,0.451786,0.543078,0.442588,0.533532,0.507968,0.499359,0.507968,0.499359,0.685173,0.736246,0.529023
1474,6,20,4,1.2e+22,0.180777,0.00626986,11.1569,2.524,9.54985,286.495,28.6495,18,0.355243,0.120034,0.206,0.117527,0.202875,0.238821,0.235319,0.238821,0.235319,27.2171,27.2171,0.613979,0.608799,0.700313,0.596081,0.689691,0.677519,0.667585,0.677519,0.667585,0.801966,0.989026,0.692801
1475,6,20,5,1.2e+22,0.180777,0.00801622,7.9536,2.502,9.161,274.83,27.483,18,0.360487,0.122238,0.204302,0.119607,0.201477,0.233215,0.230095,0.233215,0.230095,26.1089,26.1089,0.772688,0.881902,0.884975,0.862923,0.87274,0.856119,0.844665,0.856119,0.844665,1.00195,1.42193,0.876845
1476,6,20,6,1.2e+22,0.180777,0.010249,6.0181,2.448,9.25315,277.595,27.7595,18,0.370445,0.13016,0.211233,0.127242,0.208238,0.240694,0.237398,0.240694,0.237398,26.3715,26.3715,0.798082,0.927943,0.837195,0.907139,0.825325,0.802521,0.791534,0.802521,0.791534,1.02192,1.47228,0.82312
1477,6,20,7,1.2e+22,0.180777,0.0131037,4.6904,2.356,9.79654,293.896,29.3896,18,0.388493,0.149349,0.235047,0.145794,0.231168,0.276911,0.272541,0.276911,0.272541,27.9201,27.9201,0.662745,0.704757,0.690496,0.68798,0.6791,0.683258,0.672475,0.683258,0.672475,0.829973,1.08238,0.691641
1478,6,20,8,1.2e+22,0.180777,0.0167535,3.7352,2.219,10.8468,325.405,32.5404,18,0.415596,0.17364,0.261646,0.169016,0.256387,0.32256,0.31644,0.32256,0.31644,30.9134,30.9134,0.578229,0.552268,0.73137,0.537562,0.716671,0.690354,0.677257,0.690354,0.677257,0.703128,0.816273,0.730345
1479,6,20,9,1.2e+22,0.180777,0.02142,3.0297,2.036,12.4985,374.956,37.4956,24,0.45524,0.210583,0.342166,0.203947,0.333397,0.379418,0.369912,0.379418,0.369912,35.6208,35.6208,1.20828,1.79619,1.08276,1.73958,1.05501,1.02633,1.00062,1.02633,1.00062,1.41007,2.50446,1.11683
1480,6,20,10,1.2e+22,0.180777,0.0273861,2.5043,1.821,14.8439,445.316,44.5317,24,0.506102,0.260675,0.378936,0.250249,0.365226,0.437135,0.421923,0.437135,0.421923,42.3051,42.3051,0.755896,0.955853,1.64931,0.917623,1.58964,1.53668,1.4832,1.53668,1.4832,0.841158,1.23823,1.62757
1481,6,20,11,1.2e+22,0.180777,0.0350141,2.1042,1.604,18.0142,540.425,54.0425,30,0.563582,0.32557,0.455914,0.30782,0.431756,0.477506,0.453215,0.477506,0.453215,51.3403,51.3403,0.848937,1.28499,1.47632,1.21493,1.39809,1.30573,1.23931,1.30573,1.23931,0.902222,1.53198,1.49737
1482,6,20,12,1.2e+22,0.180777,0.0447667,1.7888,1.415,22.2363,667.089,66.7089,36,0.614944,0.394709,0.502676,0.363304,0.462107,0.496268,0.458511,0.496268,0.458511,63.3735,63.3735,0.714306,0.996725,1.40555,0.917422,1.29211,1.39723,1.29093,1.39723,1.29093,0.73484,1.10798,1.41634
1483,6,20,13,1.2e+22,0.180777,0.0572357,1.5323,1.27,27.8513,835.541,83.554,48,0.654292,0.465415,0.541572,0.408283,0.473611,0.490201,0.433805,0.490201,0.433805,79.3763,79.3763,0.72429,1.14739,0.857867,1.00654,0.750214,0.71262,0.630636,0.71262,0.630636,0.732464,1.21804,0.858308
1484,6,20,14,1.2e+22,0.180777,0.0731778,1.33,1.173,34.8363,1045.09,104.509,60,0.676835,0.523186,0.56123,0.423206,0.451918,0.469521,0.389198,0.469521,0.389198,99.2834,99.2834,0.693983,1.10983,3.2448,0.897746,2.61281,2.58372,2.14171,2.58372,2.14171,0.696918,1.14897,3.27453
1485,6,20,15,1.2e+22,0.180777,0.0935603,1.1554,1.108,44.1167,1323.5,132.35,72,0.688737,0.57218,0.586946,0.396728,0.404655,0.434936,0.325018,0.434936,0.325018,125.733,125.733,1.08516,7.02267,3.71148,4.86926,2.55879,3.09531,2.31305,3.09531,2.31305,1.08668,7.16554,3.7115
1486,6,20,16,1.2e+22,0.180777,0.11962,1.0108,1.067,55.7902,1673.71,167.371,90,0.693773,0.622633,0.64976,0.316004,0.331828,0.415717,0.266277,0.415717,0.266277,159.002,159.002,0.62206,-0.0628465,-0.145407,-0.0318964,-0.0742583,-0.153395,-0.0982536,-0.153395,-0.0982536,0.62232,-0.0636492,-0.145407
1490,6,21,1,1.2e+22,0.26827,0.003,57.1451,2.565,20.2361,607.082,60.7082,18,0.335455,0.139295,0.257364,0.136995,0.247059,0.354383,0.340287,0.348314,0.334732,36,54,0.57545,0.535431,0.785354,0.526591,0.753906,0.643703,0.618098,0.554884,0.533248,0.757055,0.837514,0.745736
1491,6,21,2,1.2e+22,0.26827,0.0038356,38.0572,2.665,18.7088,561.263,56.1263,18,0.350191,0.149844,0.264877,0.147201,0.254553,0.36354,0.350357,0.357636,0.34497,36,53.32,0.545478,0.492367,0.815721,0.483683,0.783927,0.680301,0.655631,0.671056,0.64729,0.707312,0.759869,0.769037
1492,6,21,3,1.2e+22,0.26827,0.00490394,26.8015,2.744,17.1154,513.463,51.3463,18,0.354061,0.154138,0.26535,0.151381,0.25634,0.36382,0.352415,0.361402,0.350279,36,48.779,0.594906,0.571149,0.798129,0.560937,0.771028,0.642327,0.622192,0.59448,0.576184,0.767182,0.874936,0.746362
1493,6,21,4,1.2e+22,0.26827,0.00626986,19.2237,2.8,15.6017,468.05,46.805,18,0.354074,0.156086,0.263736,0.153305,0.256213,0.361035,0.351439,0.361201,0.351718,36,44.4647,0.842826,0.953834,1.12754,0.93684,1.09538,0.97022,0.944433,0.938338,0.913702,1.08422,1.45358,1.07308
1494,6,21,5,1.2e+22,0.26827,0.00801622,12.9373,2.828,14.0753,422.258,42.2258,18,0.354054,0.157631,0.260008,0.154831,0.253962,0.352795,0.345101,0.353258,0.345607,36,40.1145,0.620731,0.623957,1.08793,0.612872,1.06263,1.03197,1.00947,1.034,1.01161,0.795333,0.943468,1.06258
1495,6,21,6,1.2e+22,0.26827,0.010249,9.2007,2.799,13.2372,397.115,39.7115,18,0.35822,0.161143,0.258272,0.158225,0.252993,0.346433,0.339787,0.346533,0.339907,36,37.7259,0.688705,0.73439,1.11872,0.721091,1.09586,1.05116,1.03099,1.054,1.03385,0.874887,1.09701,1.09077
1496,6,21,7,1.2e+22,0.26827,0.0131037,6.7874,2.71,13.0687,392.06,39.206,24,0.371059,0.171826,0.311868,0.168548,0.305929,0.353366,0.346763,0.353366,0.346763,37.2457,37.2457,0.741407,0.821953,0.953658,0.80627,0.9355,0.924372,0.907099,0.924372,0.907099,0.925545,1.20002,0.980862
1497,6,21,8,1.2e+22,0.26827,0.0167535,5.2369,2.563,13.5575,406.724,40.6724,24,0.393283,0.190433,0.325578,0.186451,0.318864,0.372716,0.365193,0.372716,0.365193,38.6388,38.6388,0.720504,0.795679,1.14647,0.779041,1.12283,1.08182,1.05998,1.08182,1.05998,0.875599,1.12165,1.18381
1498,6,21,9,1.2e+22,0.26827,0.02142,4.142,2.354,14.7337,442.01,44.201,24,0.426653,0.217642,0.343887,0.212367,0.335649,0.400491,0.39116,0.400491,0.39116,41.9909,41.9909,0.675235,0.729441,1.00521,0.711761,0.981126,0.952641,0.930447,0.952641,0.930447,0.792107,0.982403,1.04357
1499,6,21,10,1.2e+22,0.26827,0.0273861,3.3307,2.092,16.7488,502.466,50.2465,24,0.475526,0.261951,0.367336,0.254062,0.355686,0.435171,0.421984,0.435171,0.421984,47.7342,47.7342,0.785088,0.96749,0.97291,0.938352,0.942054,0.948679,0.919932,0.948679,0.919932,0.87926,1.21985,0.94825
1500,6,21,11,1.2e+22,0.26827,0.0350141,2.7486,1.825,19.6131,588.393,58.8393,30,0.53131,0.316737,0.436059,0.304071,0.417454,0.464526,0.445405,0.464526,0.445405,55.8974,55.8974,0.700255,0.819987,0.918078,0.787197,0.878907,0.860392,0.824975,0.860392,0.824975,0.750838,0.966458,0.935071
1501,6,21,12,1.2e+22,0.26827,0.0447667,2.2945,1.578,23.6707,710.119,71.012,36,0.588595,0.381639,0.484762,0.359783,0.454844,0.486126,0.457532,0.486126,0.457532,67.4614,67.4614,0.779838,1.06717,0.980523,1.00605,0.920008,0.782172,0.736165,0.782172,0.736165,0.808168,1.18435,0.989826
1502,6,21,13,1.2e+22,0.26827,0.0572357,1.9436,1.385,29.0717,872.15,87.215,48,0.635717,0.450786,0.53156,0.411952,0.482321,0.495102,0.452148,0.495102,0.452148,82.8542,82.8542,0.844359,1.44747,0.764333,1.32277,0.693533,0.612629,0.559478,0.612629,0.559478,0.857727,1.5393,0.764892
1503,6,21,14,1.2e+22,0.26827,0.0731778,1.6694,1.25,35.9872,1079.62,107.962,60,0.665589,0.506058,0.549723,0.43884,0.472244,0.48198,0.420443,0.48198,0.420443,102.563,102.563,0.709294,1.02387,1.54856,0.887873,1.3303,1.27495,1.11217,1.27495,1.11217,0.713818,1.06152,1.54863
1504,6,21,15,1.2e+22,0.26827,0.0935603,1.4429,1.158,45.023,1350.69,135.069,72,0.682877,0.55164,0.560717,0.435958,0.437402,0.445954,0.361741,0.445954,0.361741,128.316,128.316,0.688591,0.991035,0.679258,0.783208,0.529874,0.0469738,0.0381033,0.0469738,0.0381033,0.690224,1.0125,0.679265
1505,6,21,16,1.2e+22,0.26827,0.11962,1.2539,1.099,56.7037,1701.11,170.111,96,0.691918,0.590277,0.57327,0.391777,0.376683,0.401198,0.29103,0.401198,0.29103,161.605,161.605,0.662276,0.977913,6.94278,0.649057,4.56195,5.76364,4.18096,5.76364,4.18096,0.662796,0.99051,7.02028
1506,6,21,17,1.2e+22,0.26827,0.152938,1.0983,1.062,71.2654,2137.96,213.796,114,0.695518,0.628094,0.627561,0.291566,0.290754,0.354637,0.218675,0.354637,0.218675,203.106,203.106,0.632841,-0.0801295,-0.18678,-0.0371967,-0.0865367,-0.554119,-0.341679,-0.554119,-0.341679,0.632986,-0.0807903,-0.18678
1509,6,22,2,1.2e+22,0.398107,0.0038356,58.4231,2.768,29.3292,879.875,87.9875,18,0.357202,0.168021,0.296762,0.165192,0.284374,0.398103,0.373493,0.404034,0.379342,36,54,0.567582,0.512859,0.759612,0.504223,0.727902,0.643928,0.604121,0.539446,0.506479,0.726544,0.76685,0.819714
1510,6,22,3,1.2e+22,0.398107,0.00490394,48.2603,2.826,28.3254,849.762,84.9763,18,0.360179,0.172251,0.297687,0.169336,0.285452,0.4002,0.376763,0.405727,0.382225,36,54,0.58382,0.540937,0.843149,0.531784,0.808496,0.736944,0.693786,0.690036,0.650064,0.743752,0.802657,0.89609
1511,6,22,4,1.2e+22,0.398107,0.00626986,32.3535,2.932,25.7959,773.876,77.3877,24,0.361487,0.178602,0.341773,0.175627,0.324903,0.408532,0.388561,0.384424,0.366165,48,72,0.632158,0.61831,0.865511,0.608009,0.822789,0.719604,0.684426,0.653404,0.62237,0.7998,0.904136,0.904356
1512,6,22,5,1.2e+22,0.398107,0.00801622,22.7226,2.997,23.3895,701.686,70.1686,24,0.361209,0.183049,0.338909,0.180059,0.324572,0.40582,0.389509,0.388963,0.373713,48,66.6602,0.610669,0.589184,0.802771,0.57956,0.768811,0.609551,0.585052,0.539494,0.518342,0.768012,0.8501,0.838617
1513,6,22,6,1.2e+22,0.398107,0.010249,15.1528,3.018,20.8907,626.72,62.672,24,0.363312,0.188851,0.33592,0.185785,0.32477,0.403425,0.390549,0.395452,0.38302,48,59.5384,0.65633,0.665373,0.843772,0.654573,0.815766,0.726738,0.703543,0.689144,0.667478,0.816876,0.942217,0.880689
1514,6,22,7,1.2e+22,0.398107,0.0131037,10.7447,2.97,19.335,580.05,58.005,24,0.371197,0.197331,0.33565,0.194044,0.326029,0.403287,0.392144,0.398979,0.388061,48,55.1048,0.715325,0.759757,0.840533,0.747102,0.81644,0.731469,0.711258,0.736428,0.716275,0.876997,1.05233,0.877605
1515,6,22,8,1.2e+22,0.398107,0.0167535,7.8116,2.843,18.65,559.502,55.9501,24,0.387912,0.211832,0.33942,0.208055,0.330426,0.408539,0.398105,0.405607,0.395321,48,53.1526,0.940047,1.11671,0.76579,1.0968,0.745498,0.696509,0.678721,0.708352,0.690389,1.12685,1.50107,0.727957
1516,6,22,9,1.2e+22,0.398107,0.02142,5.8791,2.634,18.9487,568.46,56.8461,24,0.415669,0.234775,0.348074,0.230046,0.33854,0.421661,0.410584,0.418363,0.407461,48,54.0038,0.887017,1.05525,0.763337,1.034,0.74243,0.678972,0.661137,0.663422,0.646135,1.0309,1.36272,0.727488
1517,6,22,10,1.2e+22,0.398107,0.0273861,4.6254,2.375,20.1805,605.414,60.5414,30,0.454037,0.267199,0.405033,0.26078,0.392705,0.435939,0.423021,0.435939,0.423021,57.5143,57.5143,0.768818,0.876991,0.834914,0.855925,0.809502,0.691916,0.671414,0.691916,0.671414,0.861768,1.07937,0.848992
1518,6,22,11,1.2e+22,0.398107,0.0350141,3.6925,2.07,22.5482,676.446,67.6446,30,0.50478,0.312732,0.420083,0.303065,0.404008,0.458249,0.441268,0.454268,0.437561,60,64.2623,0.729299,0.831265,0.729046,0.805571,0.701147,0.615339,0.592537,0.604134,0.581916,0.786392,0.96892,0.699489
1519,6,22,12,1.2e+22,0.398107,0.0447667,3.0246,1.782,26.0951,782.854,78.2853,36,0.560854,0.370464,0.464307,0.354757,0.440692,0.474324,0.451079,0.47119,0.448228,72,74.3711,0.853388,1.14227,0.754101,1.09384,0.715747,0.549474,0.522546,0.54481,0.51826,0.891003,1.26679,0.696321
1520,6,22,13,1.2e+22,0.398107,0.0572357,2.5188,1.538,31.1062,933.186,93.3187,48,0.612556,0.433646,0.51586,0.40687,0.478862,0.485538,0.452511,0.485538,0.452511,88.6528,88.6528,0.744123,0.955064,0.775217,0.896093,0.719617,0.672798,0.627033,0.672798,0.627033,0.760105,1.01877,0.776232
1521,6,22,14,1.2e+22,0.398107,0.0731778,2.1333,1.357,37.7455,1132.37,113.237,60,0.649549,0.488667,0.541915,0.443217,0.484907,0.489952,0.44216,0.489952,0.44216,107.575,107.575,0.7486,1.08014,0.72608,0.97968,0.649698,0.724431,0.653767,0.724431,0.653767,0.75571,1.12322,0.726156
1522,6,22,15,1.2e+22,0.398107,0.0935603,1.8222,1.229,46.6233,1398.7,139.87,72,0.674487,0.538045,0.558012,0.459861,0.468728,0.473895,0.406279,0.473895,0.406279,132.877,132.877,0.685784,0.886762,0.7892,0.757905,0.662925,0.777021,0.666154,0.777021,0.666154,0.688322,0.90717,0.789216
1523,6,22,16,1.2e+22,0.398107,0.11962,1.5694,1.144,58.1985,1745.95,174.595,96,0.686836,0.569132,0.552973,0.437595,0.416647,0.427292,0.338096,0.427292,0.338096,165.866,165.866,0.679914,0.887883,0.613682,0.682676,0.462389,0.0127331,0.0100751,0.0127331,0.0100751,0.680835,0.900078,0.61659
1524,6,22,17,1.2e+22,0.398107,0.152938,1.3619,1.09,73.0272,2190.82,219.082,120,0.692921,0.590944,0.547111,0.372219,0.337453,0.349436,0.245024,0.349436,0.245024,208.127,208.127,0.616192,-0.0223739,1.10616,-0.0140927,0.682271,0.833021,0.584112,0.833021,0.584112,0.616468,-0.0225619,1.10616
1525,6,22,18,1.2e+22,0.398107,0.195537,1.188,1.056,91.9922,2759.77,275.977,144,0.696646,0.626809,0.583393,0.253556,0.232272,0.26214,0.153557,0.26214,0.153557,262.178,262.178,0.647702,0.627333,1.43005,0.253769,0.569359,2.0451,1.19798,2.0451,1.19798,0.647779,0.630685,1.43005
1527,6,23,4,1.2e+22,0.590784,0.00626986,58.6362,2.964,42.1467,1264.4,126.44,24,0.366292,0.188111,0.369041,0.185052,0.349484,0.440325,0.401352,0.425075,0.387831,48,72,0.751025,0.786678,0.866637,0.773886,0.820709,0.703162,0.640925,0.638071,0.582164,0.946101,1.13753,0.885313
1528,6,23,5,1.2e+22,0.590784,0.00801622,35.7455,3.086,37.8507,1135.52,113.552,24,0.366543,0.196724,0.364012,0.193642,0.346496,0.437322,0.405956,0.420592,0.390719,48,72,0.806845,0.865722,1.02401,0.85216,0.974735,0.750094,0.696294,0.578244,0.537174,1.00536,1.2223,1.01147
1529,6,23,6,1.2e+22,0.590784,0.010249,25.629,3.122,34.5678,1037.03,103.703,24,0.369457,0.204258,0.360576,0.2011,0.34449,0.435393,0.409297,0.418298,0.393505,48,72,0.800401,0.861758,0.738366,0.848432,0.705426,0.562523,0.528808,0.480291,0.451824,0.986648,1.19309,0.725354
1530,6,23,7,1.2e+22,0.590784,0.0131037,18.5877,3.11,31.5235,945.704,94.5705,24,0.375752,0.213549,0.357742,0.210223,0.342934,0.435035,0.41337,0.419791,0.399161,48,72,0.825105,0.903592,0.827816,0.889518,0.793551,0.613454,0.582903,0.596851,0.567518,1.00265,1.22293,0.766795
1531,6,23,8,1.2e+22,0.590784,0.0167535,12.4943,3.014,28.45,853.501,85.3501,24,0.391194,0.22983,0.356269,0.226073,0.342732,0.435995,0.41833,0.422739,0.405888,48,72,0.820992,0.905733,0.925943,0.890926,0.89076,0.700467,0.672087,0.692402,0.664801,0.973674,1.18396,0.845766
1532,6,23,9,1.2e+22,0.590784,0.02142,9.0135,2.845,26.9285,807.855,80.7855,30,0.41305,0.249575,0.395407,0.245111,0.380794,0.435138,0.419532,0.422713,0.407832,60,76.7462,0.713976,0.753694,0.799965,0.740214,0.7704,0.67236,0.648246,0.709263,0.684294,0.823998,0.949794,0.821579
1533,6,23,10,1.2e+22,0.590784,0.0273861,6.6608,2.592,26.7593,802.78,80.278,30,0.446148,0.278188,0.402218,0.272409,0.387488,0.447044,0.431203,0.435486,0.420327,60,76.2641,0.742894,0.806089,0.82366,0.789343,0.793496,0.661449,0.638011,0.61449,0.593101,0.830047,0.973328,0.781419
1534,6,23,11,1.2e+22,0.590784,0.0350141,5.1473,2.297,28.0048,840.144,84.0144,36,0.488902,0.316582,0.438278,0.308494,0.420929,0.455979,0.438382,0.449529,0.432372,72,79.8137,0.733473,0.806015,0.725305,0.785423,0.696594,0.596644,0.573618,0.577661,0.555613,0.793183,0.931257,0.736186
1535,6,23,12,1.2e+22,0.590784,0.0447667,4.1152,1.997,30.6239,918.717,91.8718,42,0.538186,0.364017,0.472214,0.351905,0.450012,0.464835,0.443658,0.46169,0.440775,84,87.2782,0.852068,1.06024,0.793974,1.02496,0.756642,0.560537,0.535,0.553229,0.528167,0.895315,1.17566,0.798599
1536,6,23,13,1.2e+22,0.590784,0.0572357,3.3336,1.712,35.0264,1050.79,105.079,48,0.589468,0.419213,0.499453,0.399644,0.468776,0.475071,0.447039,0.470739,0.443171,96,99.8252,0.785617,0.997499,0.753228,0.950934,0.706964,0.746129,0.702103,0.744631,0.701023,0.806854,1.06683,0.755746
1537,6,23,14,1.2e+22,0.590784,0.0731778,2.771,1.488,41.1585,1234.76,123.476,60,0.631398,0.471986,0.529527,0.439831,0.484698,0.480129,0.44197,0.480129,0.44197,117.302,117.302,0.82192,1.20072,0.703902,1.11892,0.64431,0.61848,0.569325,0.61848,0.569325,0.832577,1.25189,0.704144
1538,6,23,15,1.2e+22,0.590784,0.0935603,2.3301,1.32,49.6845,1490.54,149.053,72,0.66223,0.521565,0.551246,0.467357,0.483383,0.48036,0.426364,0.48036,0.426364,141.601,141.601,0.725119,0.953823,0.674292,0.85469,0.591281,0.27885,0.247505,0.27885,0.247505,0.72913,0.977924,0.67434
1539,6,23,16,1.2e+22,0.590784,0.11962,1.9857,1.205,60.9059,1827.18,182.718,96,0.680425,0.558299,0.559102,0.467854,0.456481,0.460814,0.386418,0.460814,0.386418,173.582,173.582,0.832427,1.86786,0.594648,1.56526,0.485502,0.548779,0.460181,0.548779,0.460181,0.83418,1.89493,0.594648
1540,6,23,17,1.2e+22,0.590784,0.152938,1.7117,1.131,75.2702,2258.11,225.81,120,0.690227,0.57952,0.553812,0.431838,0.399931,0.407122,0.313401,0.407122,0.313401,214.52,214.52,0.733793,1.60445,1.08272,1.19558,0.781879,1.43583,1.1053,1.43583,1.1053,0.734342,1.61807,1.08272
1541,6,23,18,1.2e+22,0.590784,0.195537,1.4801,1.081,94.3043,2829.13,282.913,150,0.694527,0.589737,0.520817,0.348217,0.29639,0.298366,0.201098,0.298366,0.201098,268.767,268.767,0.632871,0.0275208,0.480863,0.01625,0.273653,-0.480187,-0.323645,-0.480187,-0.323645,0.633016,0.0276598,0.480863
1542,6,23,19,1.2e+22,0.590784,0.25,1.2848,1.05,119.122,3573.66,357.366,180,0.697437,0.619141,0.524058,0.207018,0.167395,0.159042,0.087736,0.159042,0.087736,339.497,339.497,0.648184,-0.176108,-0.369528,-0.058884,-0.118035,-1.4401,-0.794433,-1.4401,-0.794433,0.648223,-0.176748,-0.369528
1543,6,24,5,1.2e+22,0.876712,0.00801622,57.2709,3.131,60.0406,1801.22,180.122,24,0.371263,0.205591,0.382964,0.202436,0.364644,0.460869,0.413064,0.461548,0.40553,48,72,0.67875,0.67502,0.819998,0.66466,0.780771,0.768418,0.688711,0.628516,0.552234,0.84278,0.944918,0.831585
1544,6,24,6,1.2e+22,0.876712,0.010249,44.9881,3.17,57.1347,1714.04,171.404,24,0.373233,0.211685,0.381411,0.208484,0.364087,0.45848,0.413403,0.459043,0.40859,48,72,0.662358,0.650926,0.676592,0.641083,0.645861,0.680457,0.613556,0.548327,0.488061,0.815563,0.897063,0.71846
1545,6,24,7,1.2e+22,0.876712,0.0131037,29.9964,3.174,51.5609,1546.83,154.683,24,0.381087,0.224253,0.378864,0.220859,0.363062,0.454205,0.414517,0.453792,0.413166,48,72,0.692225,0.6973,0.732806,0.686746,0.702241,0.699028,0.637948,0.524499,0.477543,0.836153,0.931584,0.827983
1546,6,24,8,1.2e+22,0.876712,0.0167535,21.3194,3.111,46.7894,1403.68,140.368,24,0.39377,0.239085,0.37909,0.235352,0.364259,0.454475,0.420563,0.45401,0.420582,48,72,0.856434,0.943682,1.02098,0.928949,0.981041,0.622779,0.576309,0.50838,0.470949,1.01321,1.22296,0.746812
1547,6,24,9,1.2e+22,0.876712,0.02142,14.2896,2.952,41.9512,1258.54,125.854,30,0.416557,0.261985,0.412577,0.257553,0.393375,0.461568,0.434222,0.441753,0.415906,60,90,0.829464,0.908066,0.927573,0.892706,0.884404,0.620115,0.583376,0.4625,0.435439,0.952831,1.12987,0.954658
1548,6,24,10,1.2e+22,0.876712,0.0273861,10.2423,2.739,39.1847,1175.54,117.554,30,0.444732,0.288241,0.413183,0.282757,0.394845,0.464351,0.440339,0.445124,0.422433,60,90,0.849801,0.958358,1.0213,0.940123,0.975968,0.758551,0.719326,0.710108,0.673908,0.948418,1.14703,0.977007
1549,6,24,11,1.2e+22,0.876712,0.0350141,7.5754,2.471,38.2312,1146.94,114.694,36,0.480898,0.321724,0.435755,0.314477,0.414155,0.467075,0.444169,0.44001,0.419083,72,108,0.87517,1.01955,0.93886,0.996582,0.89232,0.615013,0.584851,0.498528,0.474818,0.948467,1.17285,0.863368
1550,6,24,12,1.2e+22,0.876712,0.0447667,5.8061,2.179,39.1897,1175.69,117.569,42,0.523722,0.362398,0.462816,0.352188,0.438449,0.474548,0.450244,0.453368,0.430809,84,111.691,0.847724,1.00653,0.898126,0.978169,0.850839,0.600338,0.569592,0.525204,0.499071,0.894432,1.11543,0.913379
1551,6,24,13,1.2e+22,0.876712,0.0572357,4.6025,1.896,42.0548,1261.65,126.165,48,0.568334,0.407284,0.486545,0.392171,0.457343,0.482783,0.454504,0.463741,0.437329,96,119.856,0.808947,0.978029,0.800905,0.941739,0.752836,0.52216,0.491574,0.459095,0.432947,0.835437,1.0498,0.75912
1552,6,24,14,1.2e+22,0.876712,0.0731778,3.7096,1.638,47.2164,1416.49,141.649,60,0.611847,0.45586,0.516649,0.4321,0.477779,0.481711,0.446764,0.468053,0.434828,120,134.567,0.841344,1.14413,0.783398,1.0845,0.724461,0.651565,0.604297,0.612868,0.569363,0.855605,1.197,0.78487
1553,6,24,15,1.2e+22,0.876712,0.0935603,3.0556,1.435,54.8793,1646.38,164.638,78,0.647247,0.503705,0.538721,0.46514,0.48414,0.470642,0.426397,0.470313,0.426124,156,156.406,0.75173,0.996331,0.696788,0.920048,0.626192,0.758667,0.687343,0.757868,0.686661,0.757563,1.02382,0.69681
1554,6,24,16,1.2e+22,0.876712,0.11962,2.558,1.286,65.5375,1966.13,196.612,96,0.671,0.542484,0.554369,0.479268,0.474548,0.463304,0.403254,0.463304,0.403254,186.782,186.782,0.706759,0.886262,0.675392,0.782984,0.578146,0.437295,0.380616,0.437295,0.380616,0.709053,0.900708,0.675393
1555,6,24,17,1.2e+22,0.876712,0.152938,2.1793,1.186,79.3495,2380.48,238.048,120,0.684945,0.570564,0.562983,0.468187,0.444737,0.447003,0.36605,0.447003,0.36605,226.146,226.146,0.722408,1.10396,0.599468,0.905878,0.473559,0.151796,0.124306,0.151796,0.124306,0.723307,1.11443,0.599468
1556,6,24,18,1.2e+22,0.876712,0.195537,1.865,1.117,98.0406,2941.22,294.122,150,0.692232,0.586235,0.552855,0.419293,0.377114,0.379887,0.282571,0.379887,0.282571,279.416,279.416,0.725518,1.47183,0.529568,1.05269,0.36123,-0.0372319,-0.0276941,-0.0372319,-0.0276941,0.725821,1.47983,0.529568
1557,6,24,19,1.2e+22,0.876712,0.25,1.6116,1.073,121.958,3658.74,365.874,186,0.696133,0.591244,0.510663,0.322923,0.262267,0.257261,0.16581,0.257261,0.16581,347.58,347.58,0.634328,-0.0341713,0.112017,-0.0186635,0.0575298,-0.340153,-0.219235,-0.340153,-0.219235,0.63441,-0.0342866,0.112017
1558,6,25,7,1.2e+22,1.30103,0.0131037,54.4965,3.215,84.908,2547.24,254.724,24,0.383028,0.228309,0.391771,0.22492,0.375224,0.475844,0.430397,0.484119,0.412975,48,72,0.693063,0.698047,0.884709,0.687685,0.847343,0.940637,0.850797,0.802454,0.684528,0.841061,0.937616,0.913226
1559,6,25,8,1.2e+22,1.30103,0.0167535,38.0152,3.174,78.3286,2349.86,234.986,24,0.394655,0.243081,0.39097,0.239397,0.375614,0.473675,0.431917,0.481245,0.416927,48,72,0.72418,0.743867,0.936876,0.732592,0.900079,0.952736,0.868744,0.799086,0.692287,0.859438,0.966122,0.938202
1560,6,25,9,1.2e+22,1.30103,0.02142,25.1402,3.038,70.0582,2101.75,210.175,30,0.415841,0.265499,0.428162,0.261197,0.407848,0.479991,0.43143,0.472766,0.420098,60,90,0.801179,0.860058,0.915032,0.846123,0.871619,0.806272,0.724701,0.660045,0.586514,0.922717,1.07078,0.912546
1561,6,25,10,1.2e+22,1.30103,0.0273861,17.9341,2.865,63.6981,1910.94,191.094,30,0.439582,0.288908,0.430336,0.283783,0.410929,0.481481,0.437878,0.476007,0.432208,60,90,0.858258,0.953456,0.848291,0.936542,0.810035,0.748305,0.680539,0.613217,0.556793,0.96267,1.14492,0.921086
1562,6,25,11,1.2e+22,1.30103,0.0350141,11.9969,2.588,57.7812,1733.44,173.344,36,0.477219,0.325259,0.452065,0.318468,0.42901,0.487016,0.450043,0.465904,0.430859,72,108,0.867271,0.995262,1.04702,0.974481,0.99362,0.768658,0.710304,0.693804,0.641617,0.941601,1.14324,1.03527
1563,6,25,12,1.2e+22,1.30103,0.0447667,8.7391,2.315,55.2804,1658.41,165.841,42,0.515346,0.362154,0.469277,0.353009,0.441895,0.488037,0.454219,0.459157,0.427924,84,126,0.887111,1.05714,1.06143,1.03044,0.999501,0.764996,0.711986,0.752409,0.701227,0.938799,1.17179,1.00551
1564,6,25,13,1.2e+22,1.30103,0.0572357,6.6115,2.039,55.4872,1664.62,166.462,48,0.556213,0.403244,0.485061,0.390343,0.45303,0.495113,0.460628,0.462297,0.43108,96,144,0.882182,1.09468,1.00314,1.05966,0.936894,0.748202,0.696088,0.664159,0.619311,0.914243,1.17688,0.948283
1565,6,25,14,1.2e+22,1.30103,0.0731778,5.1455,1.778,58.5146,1755.44,175.544,60,0.596618,0.446287,0.508447,0.427184,0.468331,0.496453,0.458347,0.461985,0.428101,120,166.767,0.823385,1.03329,0.858234,0.989059,0.790521,0.694541,0.64123,0.565882,0.524378,0.840088,1.08374,0.820973
1566,6,25,15,1.2e+22,1.30103,0.0935603,4.1413,1.56,64.3461,1930.38,193.038,78,0.631507,0.487508,0.53288,0.4585,0.482724,0.485607,0.441584,0.462276,0.421814,156,183.386,0.767631,0.962357,0.740269,0.905093,0.670594,0.620322,0.564087,0.5501,0.501951,0.775533,0.991636,0.740868
1567,6,25,16,1.2e+22,1.30103,0.11962,3.3876,1.383,73.6449,2209.35,220.935,96,0.658863,0.525202,0.546009,0.479506,0.478821,0.470121,0.41588,0.452627,0.401847,192,209.888,0.724104,0.895616,0.655864,0.817692,0.575158,0.530721,0.469488,0.486619,0.432026,0.727447,0.911786,0.655882
1568,6,25,17,1.2e+22,1.30103,0.152938,2.8196,1.253,86.8838,2606.52,260.652,120,0.677773,0.55708,0.556188,0.483762,0.461296,0.446255,0.378054,0.437367,0.371518,240,247.619,0.740657,1.09839,0.652959,0.953826,0.541557,0.584771,0.4954,0.563978,0.479067,0.74207,1.11011,0.652959
1569,6,25,18,1.2e+22,1.30103,0.195537,2.3899,1.165,104.316,3129.48,312.948,150,0.688579,0.578504,0.560349,0.461692,0.423232,0.410654,0.326159,0.410654,0.326159,297.3,297.3,0.699342,0.991617,0.574388,0.791389,0.433835,0.534454,0.424486,0.534454,0.424486,0.699821,0.997477,0.574388
1570,6,25,19,1.2e+22,1.30103,0.25,2.037,1.104,128.039,3841.17,384.117,186,0.694872,0.591363,0.549079,0.402645,0.348145,0.342061,0.244398,0.342061,0.244398,364.911,364.911,0.719812,1.57531,0.88333,1.07259,0.560078,0.911729,0.651418,0.911729,0.651418,0.719981,1.58089,0.88333
1571,6,26,8,1.2e+22,1.9307,0.0167535,55.4993,3.178,121.605,3648.15,364.815,24,0.401869,0.252656,0.397855,0.248831,0.382678,0.483236,0.441667,0.497828,0.428743,48,72,0.853052,0.924661,1.01237,0.910664,0.973746,0.787016,0.719316,0.816249,0.702976,1.00516,1.18715,0.760387
1572,6,26,9,1.2e+22,1.9307,0.02142,40.5918,3.063,113.669,3410.08,341.008,30,0.420661,0.272944,0.436278,0.268575,0.415868,0.49464,0.442548,0.496721,0.414366,60,90,0.896539,1.00255,0.952173,0.9865,0.907628,0.983114,0.879579,0.887971,0.740748,1.03044,1.24288,0.954688
1573,6,26,10,1.2e+22,1.9307,0.0273861,30.7689,2.923,105.94,3178.2,317.82,30,0.440664,0.293088,0.438171,0.288045,0.418539,0.495772,0.446715,0.49786,0.421213,60,90,0.771098,0.819668,0.800831,0.805564,0.76495,0.90201,0.812754,0.756397,0.639947,0.866507,0.98511,0.826016
1574,6,26,11,1.2e+22,1.9307,0.0350141,20.754,2.677,95.0303,2850.91,285.091,36,0.474039,0.325988,0.461544,0.319546,0.438042,0.503193,0.44773,0.495905,0.427334,72,108,0.799421,0.872927,0.982651,0.855675,0.932616,0.916287,0.815292,0.74138,0.638867,0.871074,1.00569,1.05313
1575,6,26,12,1.2e+22,1.9307,0.0447667,14.0474,2.396,85.9089,2577.27,257.727,42,0.513327,0.3651,0.481895,0.356417,0.453775,0.507516,0.450246,0.490218,0.435031,84,126,0.894844,1.05354,1.05834,1.02848,0.996587,0.868518,0.770512,0.739194,0.655979,0.948376,1.16761,1.05187
1576,6,26,13,1.2e+22,1.9307,0.0572357,10.2722,2.148,81.0453,2431.36,243.136,48,0.548423,0.400507,0.495245,0.388909,0.46275,0.510217,0.458905,0.481971,0.43398,96,144,0.985405,1.25963,1.01198,1.22315,0.945577,0.749793,0.674388,0.668977,0.602365,1.02415,1.35689,1.01544
1577,6,26,14,1.2e+22,1.9307,0.0731778,7.5543,1.889,79.6008,2388.02,238.802,60,0.586829,0.441169,0.513969,0.424645,0.472173,0.510042,0.460716,0.470408,0.426037,120,180,0.816135,0.976908,0.963547,0.940318,0.885193,0.666177,0.601752,0.469461,0.425179,0.834728,1.02646,0.908743
1578,6,26,15,1.2e+22,1.9307,0.0935603,5.8297,1.667,82.1782,2465.35,246.535,78,0.620021,0.478839,0.529001,0.454917,0.474664,0.504611,0.453145,0.450103,0.407091,156,234,0.779795,0.958096,0.876606,0.91023,0.786564,0.706631,0.63456,0.73951,0.668842,0.789403,0.989127,0.883022
1579,6,26,16,1.2e+22,1.9307,0.11962,4.6521,1.483,88.6103,2658.31,265.831,96,0.647673,0.513347,0.544348,0.477943,0.4788,0.494981,0.43722,0.44869,0.399502,192,252.539,0.821998,1.18148,0.910952,1.09999,0.801258,0.883108,0.780056,1.03238,0.919203,0.82703,1.2051,0.9129
1580,6,26,17,1.2e+22,1.9307,0.152938,3.7711,1.333,99.7396,2992.19,299.219,120,0.669181,0.543613,0.553277,0.489186,0.469123,0.470079,0.402606,0.431757,0.373198,240,284.258,0.756837,1.08311,0.957088,0.974668,0.811514,1.01879,0.872562,1.15719,1.00024,0.758888,1.09596,0.957122
1581,6,26,18,1.2e+22,1.9307,0.195537,3.1253,1.223,115.794,3473.81,347.381,150,0.682963,0.566569,0.554371,0.481982,0.441063,0.429222,0.35005,0.400261,0.329815,300,330.012,0.721162,1.0472,0.915838,0.890855,0.728649,1.05549,0.860796,1.10085,0.907099,0.721969,1.05459,0.915838
1582,6,26,19,1.2e+22,1.9307,0.25,2.6287,1.146,137.853,4135.58,413.558,186,0.691957,0.584069,0.556424,0.450585,0.395994,0.385798,0.291489,0.363652,0.27813,372,392.88,0.69942,1.07023,1.06063,0.825635,0.754825,1.36171,1.02884,1.43525,1.09771,0.699689,1.07432,1.06063
1583,6,27,10,1.2e+22,2.86512,0.0273861,49.8518,2.947,170.117,5103.5,510.35,30,0.444118,0.298606,0.443946,0.293534,0.424286,0.504123,0.454495,0.51163,0.429742,60,90,0.861656,0.947724,0.806932,0.931625,0.771196,0.843753,0.76069,0.89551,0.752181,0.968409,1.13825,0.811885
1584,6,27,11,1.2e+22,2.86512,0.0350141,35.713,2.733,157.703,4731.08,473.108,36,0.474046,0.328636,0.466748,0.32235,0.44318,0.511486,0.453444,0.510263,0.416736,72,108,0.868058,0.969212,0.390695,0.950671,0.370967,0.641189,0.56843,0.596841,0.487445,0.94868,1.1201,0.452351
1585,6,27,12,1.2e+22,2.86512,0.0447667,24.4192,2.468,142.727,4281.81,428.181,42,0.511275,0.366319,0.486708,0.358032,0.458562,0.517891,0.452579,0.509132,0.410122,84,126,0.891592,1.04098,1.12459,1.01743,1.05956,1.11616,0.975399,1.00865,0.812501,0.947967,1.15762,1.11511
1586,6,27,13,1.2e+22,2.86512,0.0572357,17.5712,2.236,130.721,3921.63,392.163,48,0.544512,0.400916,0.501666,0.390128,0.469149,0.523986,0.45243,0.509356,0.419581,96,144,0.856012,1.00552,0.979259,0.978463,0.915786,0.983221,0.848953,0.847244,0.697916,0.892665,1.08719,0.990033
1587,6,27,14,1.2e+22,2.86512,0.0731778,11.841,1.959,119.769,3593.08,359.308,60,0.583598,0.441913,0.519461,0.42657,0.477712,0.52491,0.44701,0.494048,0.421424,120,180,0.837252,1.01148,1.07662,0.976358,0.990094,0.836171,0.712079,0.727278,0.62037,0.857499,1.06369,1.08509
1588,6,27,15,1.2e+22,2.86512,0.0935603,8.7451,1.748,115.674,3470.23,347.023,78,0.613593,0.475105,0.53323,0.453938,0.478221,0.516316,0.445245,0.466007,0.403311,156,234,0.814825,1.00887,1.02867,0.963921,0.922549,0.72061,0.621418,0.708545,0.613218,0.826088,1.04298,1.03331
1589,6,27,16,1.2e+22,2.86512,0.11962,6.6616,1.562,116.896,3506.88,350.688,96,0.640573,0.508148,0.545404,0.478034,0.476378,0.513084,0.441484,0.45041,0.390636,192,288,0.790207,1.0073,0.923018,0.947606,0.806201,0.694366,0.597469,0.529513,0.459242,0.795948,1.02875,0.926378
1590,6,27,17,1.2e+22,2.86512,0.152938,5.2331,1.408,123.698,3710.95,371.095,120,0.661462,0.535213,0.552378,0.491491,0.465351,0.498403,0.421646,0.419959,0.361161,240,352.54,0.756096,0.971144,0.808036,0.891811,0.680729,0.592349,0.501124,0.298973,0.257115,0.758766,0.983848,0.81094
1591,6,27,18,1.2e+22,2.86512,0.195537,4.2106,1.285,136.602,4098.07,409.807,150,0.677435,0.557723,0.557317,0.492464,0.450105,0.465527,0.380442,0.397205,0.331074,300,389.316,0.722022,0.91123,0.729868,0.804607,0.589463,0.385305,0.314882,0.17422,0.145214,0.723152,0.91837,0.730036
1592,6,27,19,1.2e+22,2.86512,0.25,3.4806,1.195,155.571,4667.13,466.713,186,0.68773,0.57417,0.552658,0.476095,0.415173,0.411594,0.318122,0.352572,0.279421,372,443.377,0.702882,0.880751,1.11066,0.730309,0.834358,0.437521,0.33816,0.262627,0.208137,0.703331,0.884807,1.11066
1593,6,28,11,1.2e+22,4.25179,0.0350141,53.9839,2.711,247.511,7425.34,525.3,36,0.484665,0.34319,0.47648,0.336539,0.452836,0.526947,0.468544,0.536656,0.439133,72,108,0.850716,0.948221,0.871662,0.929846,0.828408,0.881998,0.784243,0.940749,0.769792,0.925662,1.08861,0.880834
1594,6,28,12,1.2e+22,4.25179,0.0447667,41.7503,2.519,234.866,7045.98,525.3,42,0.511322,0.37025,0.49379,0.362157,0.465487,0.532413,0.464858,0.535836,0.424855,84,126,0.859222,0.974759,0.665407,0.953455,0.627267,0.770023,0.672319,0.840653,0.666539,0.91634,1.08804,0.696174
1595,6,28,13,1.2e+22,4.25179,0.0572357,28.9967,2.256,215.083,6452.5,525.3,48,0.548602,0.408819,0.508016,0.397997,0.475559,0.537057,0.462534,0.533571,0.414397,96,144,0.85813,0.997494,0.870587,0.971087,0.814966,0.976636,0.841116,0.889595,0.690903,0.894725,1.07752,0.881505
1596,6,28,14,1.2e+22,4.25179,0.0731778,20.5891,2.028,196.69,5900.71,525.3,60,0.580836,0.443314,0.525574,0.42897,0.483955,0.540578,0.449209,0.525444,0.390858,120,180,0.850486,1.01262,1.01093,0.979856,0.930875,1.01949,0.847176,0.871535,0.648303,0.873231,1.06837,1.02482
1597,6,28,15,1.2e+22,4.25179,0.0935603,14.0404,1.797,179.44,5383.22,525.3,78,0.613829,0.480007,0.539879,0.459944,0.484865,0.536059,0.426085,0.498605,0.387574,156,234,0.835959,1.04972,1.15192,1.00585,1.03454,1.06359,0.845393,1.01202,0.786658,0.84822,1.08596,1.15654
1598,6,28,16,1.2e+22,4.25179,0.11962,10.4028,1.628,170.684,5120.52,512.052,96,0.636439,0.506031,0.547066,0.479196,0.478761,0.524889,0.418722,0.466293,0.373501,192,288,0.825864,1.08153,1.17199,1.02417,1.02566,0.962957,0.768184,0.919142,0.736233,0.832765,1.10609,1.17531
1599,6,28,17,1.2e+22,4.25179,0.152938,7.7545,1.472,168.498,5054.94,505.494,120,0.656923,0.531821,0.555073,0.494301,0.468315,0.512163,0.411801,0.433071,0.351549,240,360,0.841338,1.22324,1.07316,1.13694,0.905423,0.824155,0.662656,0.872768,0.708477,0.844918,1.24047,1.07532
1600,6,28,18,1.2e+22,4.25179,0.195537,5.9441,1.342,174.632,5238.96,523.896,150,0.672913,0.553191,0.561631,0.499184,0.450982,0.498322,0.394772,0.40253,0.325934,300,450,0.81247,1.26418,0.930703,1.14076,0.747343,0.779489,0.617512,0.501622,0.406169,0.814067,1.2748,0.932188
1601,6,28,19,1.2e+22,4.25179,0.25,4.7348,1.242,188.976,5669.27,525.3,186,0.684572,0.571243,0.564341,0.492442,0.42437,0.476781,0.363383,0.399016,0.312746,372,499.035,0.76795,1.24007,0.890723,1.06901,0.6698,0.881437,0.671795,0.594627,0.466066,0.768618,1.24635,0.892185
1602,6,29,13,1.2e+22,6.30957,0.0572357,47.2188,2.274,346.89,10406.7,525.3,48,0.55387,0.419231,0.517556,0.408294,0.484859,0.55169,0.475883,0.558646,0.43321,96,144,0.823888,0.938473,0.936533,0.91399,0.877366,0.885012,0.763404,0.866383,0.671848,0.859436,1.01413,0.934902
1603,6,29,14,1.2e+22,6.30957,0.0731778,34.8248,2.06,324.83,9744.91,525.3,60,0.584267,0.452825,0.533262,0.438614,0.491572,0.557662,0.462981,0.55765,0.403694,120,180,0.819029,0.95282,0.899579,0.922917,0.82925,0.853556,0.708638,0.835276,0.604673,0.841828,1.00658,0.897878
1604,6,29,15,1.2e+22,6.30957,0.0935603,24.3373,1.844,297.432,8922.97,525.3,78,0.614227,0.487029,0.550476,0.467805,0.495184,0.563704,0.441138,0.553473,0.363491,156,234,0.803937,0.955719,0.877062,0.917996,0.788966,0.858485,0.671825,0.826048,0.542503,0.816815,0.990592,0.880381
1605,6,29,16,1.2e+22,6.30957,0.11962,17.6824,1.678,274.727,8241.81,525.3,90,0.635685,0.512023,0.558708,0.486879,0.494209,0.564443,0.428096,0.547839,0.355327,180,270,0.788536,0.954908,0.908799,0.908015,0.803885,0.848438,0.643489,0.731696,0.474577,0.795938,0.978097,0.906835
1606,6,29,17,1.2e+22,6.30957,0.152938,12.1415,1.508,254.334,7630.03,525.3,120,0.65687,0.537532,0.568454,0.502294,0.481055,0.55732,0.392781,0.522577,0.366155,240,360,0.765837,0.945348,0.897597,0.883376,0.759594,0.768428,0.541563,0.549962,0.385343,0.769362,0.958988,0.899212
1607,6,29,18,1.2e+22,6.30957,0.195537,9.0439,1.388,246.595,7397.85,525.3,144,0.670238,0.554529,0.573441,0.506945,0.466842,0.550324,0.394145,0.503955,0.364669,288,432,0.74654,0.929572,0.946008,0.849807,0.770151,0.597153,0.427685,0.395627,0.286281,0.74831,0.938037,0.947295
1608,6,29,19,1.2e+22,6.30957,0.25,6.7997,1.282,249.84,7495.21,525.3,186,0.682152,0.57239,0.580985,0.504777,0.439947,0.543728,0.387103,0.50334,0.363877,372,499.035,0.728417,0.929916,0.870244,0.820071,0.658987,0.533807,0.38004,0.480126,0.347095,0.72921,0.935017,0.871032
1609,6,30,14,1.2e+22,9.36329,0.0731778,53.421,2.043,512.27,15368.1,525.3,60,0.587982,0.455937,0.544407,0.441392,0.502346,0.569614,0.474857,0.576357,0.419806,120,180,0.784834,0.886458,0.916922,0.858179,0.846082,0.837134,0.697874,0.79126,0.576336,0.805458,0.934017,0.913414
1610,6,30,15,1.2e+22,9.36329,0.0935603,42.4122,1.892,490.856,14725.7,525.3,72,0.610576,0.483073,0.554062,0.465044,0.503421,0.574216,0.460582,0.575831,0.389567,144,216,0.781225,0.897799,0.896265,0.864292,0.814348,0.808218,0.648277,0.779272,0.527201,0.795214,0.933313,0.890754
1611,6,30,16,1.2e+22,9.36329,0.11962,29.4353,1.693,452.78,13583.4,525.3,90,0.6377,0.516216,0.566208,0.491421,0.501823,0.58022,0.439263,0.575838,0.349224,180,270,0.780978,0.935808,0.843973,0.890859,0.748003,0.774096,0.586039,0.802073,0.486426,0.788437,0.958603,0.840085
1612,6,30,17,1.2e+22,9.36329,0.152938,20.802,1.542,416.26,12487.8,525.3,114,0.6562,0.539284,0.575769,0.506154,0.493198,0.582155,0.405657,0.568675,0.299829,228,342,0.754155,0.904519,0.8419,0.848951,0.721162,0.78304,0.545637,0.690621,0.364124,0.758011,0.918362,0.843509
1613,6,30,18,1.2e+22,9.36329,0.195537,14.2852,1.407,382.817,11484.5,525.3,150,0.672172,0.561373,0.58587,0.515456,0.474973,0.580488,0.357524,0.559176,0.302588,300,450,0.736132,0.895992,0.808909,0.822704,0.655794,0.718657,0.442623,0.59453,0.32172,0.73794,0.904128,0.809862
1614,6,30,19,1.2e+22,9.36329,0.25,10.6764,1.317,366.008,10980.2,525.3,180,0.681051,0.57323,0.589831,0.512926,0.454675,0.576164,0.334075,0.555211,0.323997,360,499.035,0.718629,0.867947,0.803648,0.77664,0.619498,0.591145,0.342762,0.51842,0.302528,0.719556,0.873039,0.804356
1615,6,31,16,1.2e+22,13.895,0.11962,47.785,1.703,728.869,21866.1,525.3,90,0.634595,0.519565,0.606452,0.494971,0.538261,0.673113,0.511431,0.767695,0.466309,180,270,0.7538,0.874644,0.960981,0.833244,0.852925,0.880552,0.669044,0.975507,0.592537,0.761115,0.896095,0.953639
1616,6,31,17,1.2e+22,13.895,0.152938,35.7143,1.567,688.845,20665.4,525.3,114,0.654222,0.548834,0.622048,0.5166,0.534144,0.702698,0.48946,0.845662,0.427578,228,342,0.747287,0.888489,0.910976,0.836306,0.782243,0.877796,0.611423,1.00664,0.508972,0.75145,0.902852,0.912656
1617,6,31,18,1.2e+22,13.895,0.195537,24.9489,1.435,635.212,19056.4,525.3,144,0.671467,0.576563,0.635962,0.532449,0.522473,0.730317,0.453829,0.950159,0.374074,288,432,0.739552,0.911657,0.861252,0.841906,0.707559,0.930648,0.578318,1.08075,0.425487,0.741612,0.920573,0.862318
1618,6,31,19,1.2e+22,13.895,0.25,18.2418,1.344,590.624,17718.7,525.3,174,0.68101,0.589638,0.642709,0.532491,0.503351,0.742624,0.40861,0.970994,0.331754,348,499.035,0.732714,0.936231,0.833271,0.845493,0.652595,0.896267,0.493148,1.11179,0.379859,0.733807,0.942155,0.834016
1619,6,32,17,1.2e+22,20.6199,0.152938,54.0886,1.55,1083.07,32492.2,525.3,120,0.65184,0.537344,0.639485,0.504849,0.545224,0.741259,0.50726,0.933884,0.452154,240,360,0.720376,0.812723,0.961002,0.763575,0.819348,0.909727,0.622548,1.15951,0.561393,0.724029,0.824922,0.962587
1620,6,32,18,1.2e+22,20.6199,0.195537,39.823,1.432,1028.51,30855.3,525.3,144,0.67017,0.571755,0.657322,0.527786,0.541392,0.781402,0.489714,1.07746,0.421977,288,432,0.720546,0.8437,0.900675,0.778818,0.741826,0.935637,0.586375,1.20189,0.470709,0.722476,0.851659,0.894875
1621,6,32,19,1.2e+22,20.6199,0.25,31.7271,1.363,982.103,29463.1,525.3,174,0.679404,0.591009,0.675575,0.536862,0.531695,0.844172,0.462651,1.28196,0.390888,348,499.035,0.717337,0.858344,0.921544,0.779704,0.72528,1.02889,0.563885,1.42203,0.433597,0.718538,0.864159,0.922346
1622,6,33,19,1.2e+22,30.5995,0.25,51.0822,1.366,1570.62,47118.6,525.3,174,0.672594,0.557168,0.676536,0.506778,0.53399,0.842064,0.466246,1.25821,0.391407,348,499.035,0.701529,0.788583,0.881945,0.717263,0.69612,1.04165,0.576757,1.44914,0.450801,0.702723,0.793953,0.882686
1648,7,13,1,2.4e+22,0.0114062,0.003,2.0248,1.062,1.53388,46.0166,27,18,0.393909,-2.42675,-4.06134,-1.95433,-4.04357,-2.02404,-2.02107,-2.02404,-2.02107,25.65,25.65,0.342408,-2.38759,-3.93949,-1.92279,-3.92226,-1.95754,-1.95466,-1.95754,-1.95466,0.362148,-4.33945,-1.05556
1649,7,13,2,2.4e+22,0.0114062,0.0038356,1.7113,1.062,1.88769,56.6307,27,18,0.42962,-1.94705,-3.23211,-1.40684,-3.2102,-1.60951,-1.60584,-1.60951,-1.60584,25.65,25.65,0.366481,-2.07094,-3.38745,-1.49635,-3.36449,-1.68865,-1.6848,-1.68865,-1.6848,0.380138,-3.76393,-0.915132
1650,7,13,3,2.4e+22,0.0114062,0.00490394,1.4537,1.061,2.36058,70.817,27,18,0.46406,-1.50103,-2.53357,-0.923394,-2.50628,-1.27755,-1.27292,-1.27755,-1.27292,25.65,25.65,0.383277,-1.89236,-2.90634,-1.16413,-2.87503,-1.43193,-1.42673,-1.43193,-1.42673,0.392202,-3.43937,-0.778992
1651,7,13,4,2.4e+22,0.0114062,0.00626986,1.2478,1.06,2.96788,89.0368,27,18,0.491214,-1.05011,-1.83866,-0.517835,-1.80699,-0.952271,-0.946753,-0.952271,-0.946753,25.65,25.65,0.414033,-1.42305,-2.5151,-0.701742,-2.47179,-1.25927,-1.25198,-1.25927,-1.25198,0.419967,-2.58639,-0.68407
1652,7,13,5,2.4e+22,0.0114062,0.00801622,1.0829,1.058,3.72869,111.861,27,18,0.497164,-0.0944244,-0.446362,-0.0596079,-0.424211,-0.361158,-0.352481,-0.361158,-0.352481,25.65,25.65,0.399943,-0.454778,-1.20238,-0.287091,-1.14271,-0.815266,-0.795679,-0.815266,-0.795679,0.409378,-0.79354,-0.973082
1653,7,13,6,2.4e+22,0.0114062,0.010249,0.9415,1.056,4.733,141.99,27,18,0.510169,0.135832,0.118428,0.0848576,0.107438,0.0426723,0.0403613,0.0426723,0.0403613,25.65,25.65,0.402891,-0.203361,-0.713705,-0.127045,-0.647476,-0.626443,-0.592517,-0.626443,-0.592517,0.411822,-0.346161,-0.701697
1654,7,13,7,2.4e+22,0.0114062,0.0131037,0.825,1.052,5.98754,179.626,27,18,0.524154,0.255675,0.440979,0.138768,0.3734,0.324298,0.293108,0.324298,0.293108,25.65,25.65,0.411605,-0.0424825,-0.558826,-0.0230574,-0.473186,-0.56124,-0.507262,-0.56124,-0.507262,0.418091,-0.07171,-0.656076
1658,7,14,1,2.4e+22,0.0169267,0.003,2.6586,1.092,1.65904,49.7715,27,18,0.3915,-1.34137,-2.92812,-1.14364,-2.91623,-1.70388,-1.70117,-1.70388,-1.70117,25.65,25.65,0.344997,-1.31346,-2.89249,-1.11984,-2.88074,-1.68212,-1.67944,-1.68212,-1.67944,0.372045,-2.38721,-0.947346
1659,7,14,2,2.4e+22,0.0169267,0.0038356,2.2124,1.092,1.99819,59.9459,27,18,0.42992,-1.13617,-2.45165,-0.894995,-2.43663,-1.40843,-1.40509,-1.40843,-1.40509,25.65,25.65,0.365728,-1.25037,-2.61519,-0.984952,-2.59916,-1.49853,-1.49497,-1.49853,-1.49497,0.38478,-2.27256,-0.850189
1660,7,14,3,2.4e+22,0.0169267,0.00490394,1.8566,1.091,2.45527,73.6586,27,18,0.464907,-0.91363,-1.99639,-0.638679,-1.97739,-1.15257,-1.14836,-1.15257,-1.14836,25.65,25.65,0.389829,-1.12601,-2.32238,-0.787143,-2.30028,-1.2889,-1.28419,-1.2889,-1.28419,0.402851,-2.04652,-0.727414
1661,7,14,4,2.4e+22,0.0169267,0.00626986,1.5764,1.089,3.05104,91.5317,27,18,0.484082,-0.404969,-1.11469,-0.276179,-1.09225,-0.765493,-0.758688,-0.765493,-0.758688,25.65,25.65,0.409664,-0.571929,-1.49838,-0.390042,-1.46822,-0.962424,-0.953868,-0.962424,-0.953868,0.422001,-1.01812,-0.576252
1662,7,14,5,2.4e+22,0.0169267,0.00801622,1.3517,1.086,3.82269,114.681,27,18,0.4933,-0.031694,-0.288926,-0.0227511,-0.27747,-0.282575,-0.27631,-0.282575,-0.27631,25.65,25.65,0.399685,-0.274163,-0.777056,-0.196805,-0.746246,-0.659488,-0.644866,-0.659488,-0.644866,0.413483,-0.478363,-0.728262
1663,7,14,6,2.4e+22,0.0169267,0.010249,1.167,1.082,4.82669,144.801,27,18,0.503998,0.112057,0.10662,0.0803778,0.0991179,0.0473136,0.0451075,0.0473136,0.0451075,25.65,25.65,0.404826,-0.0702844,-0.468086,-0.0504148,-0.435148,-0.440087,-0.419567,-0.440087,-0.419567,0.41827,-0.119571,-0.482718
1664,7,14,7,2.4e+22,0.0169267,0.0131037,1.014,1.076,6.11896,183.568,27,18,0.518768,0.186522,0.319352,0.123198,0.28197,0.266205,0.24385,0.266205,0.24385,25.65,25.65,0.402582,-0.15572,-0.347041,-0.102853,-0.306418,-0.395965,-0.362713,-0.395965,-0.362713,0.412657,-0.259912,-0.433025
1665,7,14,8,2.4e+22,0.0169267,0.0167535,0.8832,1.067,7.80985,234.295,27,18,0.527673,0.232709,0.400417,0.145409,0.319075,0.389413,0.325828,0.389413,0.325828,25.65,25.65,0.393568,-0.0661234,-0.0624358,-0.0413175,-0.0497524,-0.280594,-0.234778,-0.280594,-0.234778,0.40119,-0.103507,-0.268799
1666,7,14,9,2.4e+22,0.0169267,0.02142,0.7782,1.057,9.84069,295.221,29.5221,24,0.537464,0.291996,0.536847,0.156811,0.376704,0.496069,0.364185,0.496069,0.364185,28.046,28.046,0.402045,-0.0357593,-0.492412,-0.0192039,-0.345524,-0.552221,-0.405409,-0.552221,-0.405409,0.406816,-0.0522046,-0.50252
1669,7,15,1,2.4e+22,0.0251189,0.003,3.5608,1.137,1.89715,56.9147,27,18,0.393266,-0.654318,-1.80369,-0.578395,-1.79677,-1.27269,-1.27037,-1.27269,-1.27037,25.65,25.65,0.33323,-0.718893,-1.874,-0.635476,-1.86681,-1.31605,-1.31365,-1.31605,-1.31365,0.366625,-1.30659,-1.54858
1670,7,15,2,2.4e+22,0.0251189,0.0038356,2.9187,1.136,2.19938,65.9811,27,18,0.430697,-0.601678,-1.63708,-0.502802,-1.62803,-1.1257,-1.12284,-1.1257,-1.12284,25.65,25.65,0.36153,-0.725562,-1.82255,-0.606328,-1.81247,-1.25054,-1.24735,-1.25054,-1.24735,0.386743,-1.31871,-1.49359
1671,7,15,3,2.4e+22,0.0251189,0.00490394,2.4149,1.134,2.62338,78.7017,27,18,0.464547,-0.523954,-1.43371,-0.401748,-1.42182,-0.977406,-0.973762,-0.977406,-0.973762,25.65,25.65,0.386432,-0.718251,-1.71404,-0.550727,-1.69983,-1.14168,-1.13742,-1.14168,-1.13742,0.404396,-1.30542,-1.36103
1672,7,15,4,2.4e+22,0.0251189,0.00626986,2.0179,1.132,3.20296,96.0884,27,18,0.472399,-0.158328,-0.601008,-0.125676,-0.589528,-0.537617,-0.531869,-0.537617,-0.531869,25.65,25.65,0.396266,-0.292429,-0.820372,-0.232121,-0.804702,-0.709486,-0.701901,-0.709486,-0.701901,0.416817,-0.516296,-0.798054
1673,7,15,5,2.4e+22,0.0251189,0.00801622,1.7141,1.128,3.94577,118.374,27,18,0.485135,0.00627046,-0.163853,0.0049472,-0.158782,-0.199858,-0.195897,-0.199858,-0.195897,25.65,25.65,0.395732,-0.173595,-0.530316,-0.136961,-0.513903,-0.538152,-0.527485,-0.538152,-0.527485,0.415383,-0.302915,-0.596889
1674,7,15,6,2.4e+22,0.0251189,0.010249,1.4652,1.122,4.93654,148.096,27,18,0.493927,0.103156,0.113432,0.0816896,0.107493,0.0671284,0.0645362,0.0671284,0.0645362,25.65,25.65,0.391489,-0.100825,-0.303703,-0.0798439,-0.287804,-0.326229,-0.313632,-0.326229,-0.313632,0.410529,-0.171473,-0.355089
1675,7,15,7,2.4e+22,0.0251189,0.0131037,1.2625,1.113,6.22542,186.763,27,18,0.509008,0.149382,0.245799,0.112258,0.224883,0.219451,0.204759,0.219451,0.204759,25.65,25.65,0.405048,0.0121491,-0.0819971,0.00912982,-0.0750195,-0.0747005,-0.0696994,-0.0747005,-0.0696994,0.420407,0.0202146,-0.0617141
1676,7,15,8,2.4e+22,0.0251189,0.0167535,1.1015,1.1,7.81077,234.324,27,18,0.51861,0.187864,0.314879,0.136978,0.270622,0.319902,0.281697,0.319902,0.281697,25.65,25.65,0.38594,-0.0420324,-0.0811879,-0.0306472,-0.0697768,-0.039902,-0.0351366,-0.039902,-0.0351366,0.397793,-0.0658695,0.0112726
1677,7,15,9,2.4e+22,0.0251189,0.02142,0.9621,1.084,9.88988,296.696,29.6697,24,0.530641,0.231466,0.400366,0.154404,0.315595,0.386551,0.311175,0.386551,0.311175,28.1862,28.1862,0.395447,-0.0125648,0.116196,-0.00838158,0.0915932,0.15002,0.120766,0.15002,0.120766,0.403397,-0.018337,0.118785
1678,7,15,10,2.4e+22,0.0251189,0.0273861,0.8433,1.066,12.5503,376.509,37.6509,24,0.540411,0.308693,0.568265,0.17201,0.368268,0.541363,0.386123,0.541363,0.386123,35.7684,35.7684,0.407719,-0.0270645,0.0242584,-0.0150809,0.0157208,-0.373386,-0.266315,-0.373386,-0.266315,0.411968,-0.036385,0.0250304
1682,7,16,1,2.4e+22,0.0372759,0.003,4.9285,1.201,2.33227,69.9678,27,18,0.400863,-0.266438,-0.907778,-0.240804,-0.904437,-0.806054,-0.804304,-0.806054,-0.804304,25.65,25.65,0.338026,-0.338395,-1.04018,-0.305838,-1.03635,-0.907139,-0.905169,-0.907139,-0.905169,0.378638,-0.615034,-1.02104
1683,7,16,2,2.4e+22,0.0372759,0.0038356,3.9429,1.2,2.57327,77.1978,27,18,0.433893,-0.279844,-0.938707,-0.242745,-0.933932,-0.797437,-0.795163,-0.797437,-0.795163,25.65,25.65,0.367275,-0.352346,-1.07788,-0.305636,-1.0724,-0.892118,-0.889574,-0.892118,-0.889574,0.399446,-0.64039,-1.01214
1684,7,16,3,2.4e+22,0.0372759,0.00490394,3.2161,1.198,2.93235,87.9707,27,18,0.46415,-0.261753,-0.878531,-0.213734,-0.872172,-0.729089,-0.726242,-0.729089,-0.726242,25.65,25.65,0.397326,-0.336149,-1.08949,-0.274482,-1.08161,-0.868365,-0.864975,-0.868365,-0.864975,0.421841,-0.610952,-1.00751
1685,7,16,4,2.4e+22,0.0372759,0.00626986,2.6418,1.194,3.46146,103.844,27,18,0.458257,-0.040788,-0.275479,-0.034983,-0.270788,-0.315445,-0.311826,-0.315445,-0.311826,25.65,25.65,0.38678,-0.145191,-0.494074,-0.124527,-0.485659,-0.504977,-0.499184,-0.504977,-0.499184,0.41688,-0.255458,-0.543833
1686,7,16,5,2.4e+22,0.0372759,0.00801622,2.2069,1.188,4.173,125.19,27,18,0.473801,0.0334587,-0.0569273,0.028161,-0.0555256,-0.105921,-0.104036,-0.105921,-0.104036,25.65,25.65,0.396594,-0.0472509,-0.337796,-0.0397695,-0.329478,-0.381961,-0.375161,-0.381961,-0.375161,0.423836,-0.0824642,-0.377335
1687,7,16,6,2.4e+22,0.0372759,0.010249,1.8619,1.179,5.13596,154.079,27,18,0.479925,0.099074,0.129779,0.0839173,0.124628,0.0978196,0.0946962,0.0978196,0.0946962,25.65,25.65,0.382513,-0.0476663,-0.127312,-0.0403742,-0.12226,-0.171614,-0.166134,-0.171614,-0.166134,0.408736,-0.0810336,-0.167819
1688,7,16,7,2.4e+22,0.0372759,0.0131037,1.5914,1.166,6.38138,191.441,27,18,0.496175,0.13511,0.219663,0.11088,0.206064,0.20873,0.197831,0.20873,0.197831,25.65,25.65,0.382043,0.000428903,-0.0706567,0.000351987,-0.0662824,-0.0962916,-0.0912633,-0.0962916,-0.0912633,0.403259,0.000711883,-0.104927
1689,7,16,8,2.4e+22,0.0372759,0.0167535,1.3705,1.147,8.01062,240.318,27,18,0.50662,0.165206,0.26969,0.132762,0.242365,0.281532,0.256212,0.281532,0.256212,25.65,25.65,0.380639,-0.00797561,-0.00447505,-0.00640932,-0.00402163,0.0282273,0.0256887,0.0282273,0.0256887,0.397894,-0.0124872,0.0666912
1690,7,16,9,2.4e+22,0.0372759,0.02142,1.1909,1.124,10.0771,302.313,30.2313,24,0.519934,0.202925,0.350859,0.154577,0.297235,0.347952,0.298352,0.347952,0.298352,28.7198,28.7198,0.394925,0.022251,0.00934725,0.0169496,0.00791866,-0.0670357,-0.0574799,-0.0670357,-0.0574799,0.407164,0.0323471,0.00956873
1691,7,16,10,2.4e+22,0.0372759,0.0273861,1.0386,1.096,12.7532,382.597,38.2597,24,0.533018,0.259378,0.4344,0.177574,0.325515,0.445841,0.351015,0.445841,0.351015,36.3467,36.3467,0.399077,-0.0654903,-0.199966,-0.0448357,-0.149843,-0.0825598,-0.0650001,-0.0825598,-0.0650001,0.405973,-0.087526,-0.206801
1692,7,16,11,2.4e+22,0.0372759,0.0350141,0.9065,1.068,16.268,488.04,48.804,30,0.545309,0.356352,0.639046,0.194954,0.385395,0.55816,0.38317,0.55816,0.38317,46.3638,46.3638,0.395297,-0.126036,-0.394374,-0.0689523,-0.237838,-0.0683624,-0.04693,-0.0683624,-0.04693,0.397961,-0.15239,-0.39847
1697,7,17,1,2.4e+22,0.0553168,0.003,7.2001,1.295,3.1375,94.1252,27,18,0.399164,-0.0548444,-0.272485,-0.0507994,-0.270664,-0.330921,-0.329247,-0.330921,-0.329247,25.65,25.65,0.341157,-0.0950227,-0.340663,-0.0880144,-0.338385,-0.384262,-0.382318,-0.384262,-0.382318,0.392743,-0.171248,-0.403318
1698,7,17,2,2.4e+22,0.0553168,0.0038356,5.5763,1.293,3.25031,97.5093,27,18,0.41805,-0.0469255,-0.260599,-0.0428465,-0.258227,-0.317209,-0.315068,-0.317209,-0.315068,25.65,25.65,0.355381,-0.101264,-0.35468,-0.0924619,-0.351452,-0.399268,-0.396573,-0.399268,-0.396573,0.401309,-0.181252,-0.418987
1699,7,17,3,2.4e+22,0.0553168,0.00490394,4.3941,1.289,3.51519,105.456,27,18,0.431346,-0.0160035,-0.175265,-0.0144666,-0.17314,-0.232034,-0.229915,-0.232034,-0.229915,25.65,25.65,0.366558,-0.0831322,-0.305457,-0.0751489,-0.301755,-0.358263,-0.354991,-0.358263,-0.354991,0.409127,-0.147306,-0.363162
1700,7,17,4,2.4e+22,0.0553168,0.00626986,3.5413,1.284,3.94869,118.46,27,18,0.443821,0.0210562,-0.0672079,0.0188456,-0.0661666,-0.118453,-0.117026,-0.118453,-0.117026,25.65,25.65,0.368524,-0.0542542,-0.236491,-0.0485583,-0.232827,-0.274993,-0.271679,-0.274993,-0.271679,0.407335,-0.0952801,-0.291209
1701,7,17,5,2.4e+22,0.0553168,0.00801622,2.9012,1.275,4.58835,137.65,27,18,0.447565,0.0684455,0.0671172,0.0614985,0.065613,0.0324597,0.0318551,0.0324597,0.0318551,25.65,25.65,0.365507,0.00422458,-0.115791,0.0037958,-0.113196,-0.172356,-0.169146,-0.172356,-0.169146,0.404008,0.00726175,-0.167854
1702,7,17,6,2.4e+22,0.0553168,0.010249,2.4118,1.262,5.48073,164.422,27,18,0.461634,0.0956001,0.142812,0.0847852,0.138417,0.125852,0.122516,0.125852,0.122516,25.65,25.65,0.367715,0.0155388,-0.0669838,0.013781,-0.0649221,-0.114223,-0.111195,-0.114223,-0.111195,0.401994,0.0264077,-0.119496
1703,7,17,7,2.4e+22,0.0553168,0.0131037,2.0272,1.242,6.702,201.06,27,18,0.478401,0.123831,0.20307,0.107681,0.193597,0.20367,0.195229,0.20367,0.195229,25.65,25.65,0.367006,-0.0119727,-0.0276199,-0.0104112,-0.0263314,-0.0832294,-0.07978,-0.0832294,-0.07978,0.395453,-0.0198095,-0.0708041
1704,7,17,8,2.4e+22,0.0553168,0.0167535,1.733,1.216,8.258,247.74,27,18,0.489615,0.152139,0.241971,0.130753,0.224322,0.258509,0.241246,0.258509,0.241246,25.65,25.65,0.369454,0.000864757,0.0114857,0.000743199,0.0106479,0.060535,0.0564926,0.060535,0.0564926,0.393511,0.00135352,0.0512755
1705,7,17,9,2.4e+22,0.0553168,0.02142,1.4884,1.18,10.3404,310.212,31.0212,24,0.505443,0.18679,0.317912,0.155161,0.282704,0.321333,0.287407,0.321333,0.287407,29.4701,29.4701,0.387442,0.0313462,-0.0747968,0.0260383,-0.0665132,-0.111464,-0.0996954,-0.111464,-0.0996954,0.405088,0.045426,-0.0766426
1706,7,17,10,2.4e+22,0.0553168,0.0273861,1.2871,1.14,13.0467,391.402,39.1402,24,0.523266,0.237655,0.381896,0.184679,0.313336,0.404088,0.340102,0.404088,0.340102,37.1832,37.1832,0.379445,-0.0126101,-0.0293379,-0.00979913,-0.024071,0.0951697,0.0801,0.0951697,0.0801,0.389426,-0.0167289,-0.0304009
1707,7,17,11,2.4e+22,0.0553168,0.0350141,1.1241,1.101,16.4085,492.255,49.2255,30,0.538538,0.304104,0.49316,0.208706,0.356146,0.470781,0.360616,0.470781,0.360616,46.7642,46.7642,0.397567,0.0133177,0.0979073,0.00913994,0.0707058,-0.172459,-0.132102,-0.172459,-0.132102,0.402274,0.0160871,0.0989947
1708,7,17,12,2.4e+22,0.0553168,0.0447667,0.9847,1.068,20.7274,621.823,62.1823,36,0.54947,0.404942,0.655648,0.214535,0.368069,0.542148,0.360737,0.542148,0.360737,59.0732,59.0732,0.422439,-0.0479403,-0.0681434,-0.0253984,-0.0382545,-0.0546861,-0.0363873,-0.0546861,-0.0363873,0.424076,-0.0536641,-0.0684781
1713,7,18,1,2.4e+22,0.0820891,0.003,11.4642,1.423,4.68573,140.572,27,18,0.383918,0.0390573,0.0370463,0.0369726,0.036567,0.0145005,0.0143317,0.0145005,0.0143317,25.65,25.65,0.316599,-0.00686488,-0.0338072,-0.00649847,-0.0333699,-0.0623218,-0.0615963,-0.0623218,-0.0615963,0.377821,-0.0121745,-0.0527437
1714,7,18,2,2.4e+22,0.0820891,0.0038356,8.388,1.421,4.53288,135.986,27,18,0.399665,0.0419436,0.0332217,0.0393705,0.0327646,0.00516311,0.00510044,0.00516311,0.00510044,25.65,25.65,0.332083,-0.00200057,-0.0773377,-0.00187784,-0.0762736,-0.130846,-0.129258,-0.130846,-0.129258,0.388923,-0.00352651,-0.132227
1715,7,18,3,2.4e+22,0.0820891,0.00490394,6.2554,1.417,4.58862,137.659,27,18,0.410552,0.0516873,0.0511726,0.0482067,0.050393,0.0238892,0.0235702,0.0238892,0.0235702,25.65,25.65,0.33404,-0.0141562,-0.079485,-0.013203,-0.078274,-0.122315,-0.120681,-0.122315,-0.120681,0.386165,-0.0247207,-0.117481
1716,7,18,4,2.4e+22,0.0820891,0.00626986,4.8964,1.409,4.85508,145.653,27,18,0.417602,0.0659247,0.0845171,0.0612594,0.0830586,0.0637468,0.0627746,0.0637468,0.0627746,25.65,25.65,0.343025,0.00657742,-0.0497562,0.00611195,-0.0488976,-0.100367,-0.0988358,-0.100367,-0.0988358,0.393492,0.0113655,-0.10072
1717,7,18,5,2.4e+22,0.0820891,0.00801622,3.9112,1.397,5.35919,160.776,27,18,0.426626,0.0804606,0.120529,0.0743675,0.118092,0.109111,0.107134,0.109111,0.107134,25.65,25.65,0.337805,0.00603653,-0.0218331,0.00557939,-0.0213916,-0.0528751,-0.0519173,-0.0528751,-0.0519173,0.383949,0.0103292,-0.0365359
1718,7,18,6,2.4e+22,0.0820891,0.010249,3.2003,1.379,6.11615,183.485,27,18,0.439498,0.0977522,0.160042,0.089631,0.155874,0.159667,0.155885,0.159667,0.155885,25.65,25.65,0.346429,-0.000988404,0.00789389,-0.000906288,0.0076883,-0.0335409,-0.0327465,-0.0335409,-0.0327465,0.388963,-0.00166565,-0.0347763
1719,7,18,7,2.4e+22,0.0820891,0.0131037,2.6426,1.351,7.23485,217.046,27,18,0.448907,0.124296,0.201408,0.113638,0.193592,0.214807,0.207073,0.214807,0.207073,25.65,25.65,0.344393,0.00458415,0.0288603,0.00419104,0.0277404,-0.00326411,-0.00314658,-0.00326411,-0.00314658,0.382219,0.00736338,0.00933563
1720,7,18,8,2.4e+22,0.0820891,0.0167535,2.2206,1.312,8.73823,262.147,27,18,0.467464,0.144124,0.22449,0.129635,0.212028,0.245621,0.232862,0.245621,0.232862,25.65,25.65,0.358784,0.0197038,0.0248708,0.017723,0.0234901,-0.0276852,-0.0262471,-0.0276852,-0.0262471,0.390669,0.0305616,-0.0192827
1721,7,18,9,2.4e+22,0.0820891,0.02142,1.883,1.261,10.7768,323.303,32.3303,24,0.487611,0.181102,0.311576,0.159214,0.2861,0.322453,0.29732,0.322453,0.29732,30.7138,30.7138,0.372108,0.0243327,-0.00793644,0.0213919,-0.00728752,-0.0630484,-0.0581342,-0.0630484,-0.0581342,0.395885,0.0351506,-0.00813832
1722,7,18,10,2.4e+22,0.0820891,0.0273861,1.6191,1.204,13.3713,401.14,40.114,24,0.509023,0.224546,0.3547,0.189456,0.3092,0.382802,0.33806,0.382802,0.33806,38.1083,38.1083,0.369246,0.00983531,0.0428566,0.00829833,0.037359,0.161788,0.142878,0.161788,0.142878,0.383513,0.0130081,0.0444555
1723,7,18,11,2.4e+22,0.0820891,0.0350141,1.3966,1.146,16.8347,505.041,50.5041,30,0.529457,0.279877,0.430344,0.218174,0.344433,0.422994,0.348645,0.422994,0.348645,47.9789,47.9789,0.392456,0.0184967,0.0636304,0.0144188,0.0509277,-0.213694,-0.176133,-0.213694,-0.176133,0.39957,0.0222546,0.0643875
1724,7,18,12,2.4e+22,0.0820891,0.0447667,1.2192,1.099,21.0925,632.774,63.2774,36,0.543926,0.347535,0.497555,0.233966,0.342802,0.435833,0.325631,0.435833,0.325631,60.1135,60.1135,0.426976,0.129364,-0.158491,0.0870901,-0.109196,0.0761891,0.0569244,0.0761891,0.0569244,0.429889,0.144615,-0.159342
1725,7,18,13,2.4e+22,0.0820891,0.0572357,1.0666,1.064,26.6054,798.163,79.8163,42,0.55311,0.456747,0.663696,0.226135,0.337231,0.515094,0.33015,0.515094,0.33015,75.8255,75.8255,0.444264,-0.0920786,-0.207814,-0.0455881,-0.105592,-0.302276,-0.193744,-0.302276,-0.193744,0.44514,-0.0981792,-0.208394
1731,7,19,1,2.4e+22,0.121819,0.003,19.6447,1.576,7.64073,229.221,27,18,0.371288,0.071594,0.130417,0.0685519,0.127292,0.141923,0.13866,0.141923,0.13866,25.65,25.65,0.288855,0.00379809,0.0226981,0.00363671,0.0221541,0.047404,0.0463141,0.047404,0.0463141,0.352411,0.00655338,0.0367923
1732,7,19,2,2.4e+22,0.121819,0.0038356,13.4028,1.582,6.98312,209.494,27,18,0.384837,0.0763381,0.133985,0.0727081,0.130974,0.142669,0.139621,0.142669,0.139621,25.65,25.65,0.30323,0.00529797,0.0349843,0.00504605,0.0341982,0.0435805,0.0426495,0.0435805,0.0426495,0.364108,0.0090971,0.0540983
1733,7,19,3,2.4e+22,0.121819,0.00490394,9.6966,1.582,6.61573,198.472,27,18,0.393864,0.0774144,0.133417,0.0733755,0.13085,0.139412,0.136882,0.139412,0.136882,25.65,25.65,0.307171,0.00201571,0.015538,0.00191054,0.0152391,0.0198486,0.0194883,0.0198486,0.0194883,0.364681,0.0034641,0.0333603
1734,7,19,4,2.4e+22,0.121819,0.00626986,7.1765,1.574,6.53073,195.922,27,18,0.399312,0.0832243,0.142214,0.0786558,0.139429,0.148784,0.146045,0.148784,0.146045,25.65,25.65,0.309171,0.00207354,0.0157253,0.00195971,0.0154174,0.0029411,0.00288696,0.0029411,0.00288696,0.363972,0.00353193,0.0139539
1735,7,19,5,2.4e+22,0.121819,0.00801622,5.5342,1.559,6.75412,202.623,27,18,0.404306,0.0935551,0.158735,0.0882603,0.155212,0.168915,0.165386,0.168915,0.165386,25.65,25.65,0.310222,0.00300905,0.0236554,0.00283876,0.0231304,0.0137961,0.0135079,0.0137961,0.0135079,0.362395,0.00504088,0.0243013
1736,7,19,6,2.4e+22,0.121819,0.010249,4.3598,1.533,7.31708,219.513,27,18,0.410348,0.10844,0.180328,0.102163,0.175418,0.196036,0.19099,0.196036,0.19099,25.65,25.65,0.31296,0.00760717,0.0429444,0.00716681,0.0417751,0.0498564,0.0485733,0.0498564,0.0485733,0.362098,0.0123866,0.0598106
1737,7,19,7,2.4e+22,0.121819,0.0131037,3.5312,1.495,8.23531,247.06,27,18,0.423944,0.121548,0.198579,0.113802,0.191997,0.219028,0.212143,0.219028,0.212143,25.65,25.65,0.316555,0.0131466,0.0548247,0.0123087,0.0530075,0.0773974,0.0749646,0.0773974,0.0749646,0.360603,0.0209211,0.0892575
1738,7,19,8,2.4e+22,0.121819,0.0167535,2.908,1.441,9.59596,287.878,28.7879,18,0.442307,0.145892,0.226192,0.1354,0.21571,0.259845,0.248544,0.259845,0.248544,27.3485,27.3485,0.327803,0.0244518,0.0712486,0.0226933,0.0679471,0.0321701,0.030771,0.0321701,0.030771,0.365076,0.0370167,0.0451215
1739,7,19,9,2.4e+22,0.121819,0.02142,2.4321,1.371,11.4837,344.51,34.451,24,0.464911,0.178312,0.300108,0.163001,0.281048,0.317317,0.297974,0.317317,0.297974,32.7284,32.7284,0.338565,0.0258957,0.117988,0.0236723,0.110494,0.0940051,0.0882747,0.0940051,0.0882747,0.366952,0.0367493,0.12132
1740,7,19,10,2.4e+22,0.121819,0.0273861,2.0557,1.29,14.0569,421.708,42.1708,24,0.491995,0.222122,0.340742,0.197429,0.307859,0.379485,0.345573,0.379485,0.345573,40.0622,40.0622,0.360316,0.0251503,0.0672203,0.0223544,0.0607333,-0.0650134,-0.0592036,-0.0650134,-0.0592036,0.378918,0.0328035,0.00348466
1741,7,19,11,2.4e+22,0.121819,0.0350141,1.765,1.211,17.3237,519.71,51.971,30,0.516505,0.269065,0.40626,0.227678,0.347858,0.408718,0.355541,0.408718,0.355541,49.3724,49.3724,0.382255,0.0205929,-0.0581477,0.0174253,-0.0497887,-0.255949,-0.222648,-0.255949,-0.222648,0.392425,0.024729,-0.0588836
1742,7,19,12,2.4e+22,0.121819,0.0447667,1.5192,1.142,21.7212,651.636,65.1636,36,0.536902,0.326358,0.447306,0.25156,0.346575,0.413164,0.333694,0.413164,0.333694,61.9054,61.9054,0.413891,0.0117703,0.0524309,0.00907265,0.0406238,-0.124801,-0.100796,-0.124801,-0.100796,0.418235,0.0131223,0.0527743
1743,7,19,13,2.4e+22,0.121819,0.0572357,1.3211,1.093,27.239,817.17,81.717,42,0.549959,0.396594,0.503957,0.25703,0.326527,0.414828,0.299284,0.414828,0.299284,77.6311,77.6311,0.43891,-0.0280574,-0.0627242,-0.0181838,-0.0406407,0.0509021,0.0367241,0.0509021,0.0367241,0.440462,-0.029878,-0.0629376
1744,7,19,14,2.4e+22,0.121819,0.0731778,1.1495,1.059,34.5342,1036.02,103.602,54,0.556603,0.508031,0.702634,0.223407,0.311315,0.482603,0.293293,0.482603,0.293293,98.4223,98.4223,0.467865,0.0750359,0.444753,0.0329971,0.197056,0.0234244,0.0142358,0.0234244,0.0142358,0.468317,0.0779871,0.444945
1750,7,20,1,2.4e+22,0.180777,0.003,33.8852,1.709,12.6839,380.517,38.0517,18,0.365192,0.0983196,0.188407,0.0947518,0.179742,0.239973,0.229599,0.239398,0.229074,36,36.1491,0.631721,0.761815,1.09798,0.73417,1.04748,1.06918,1.02296,1.06539,1.01944,0.774388,1.2537,1.11178
1751,7,20,2,2.4e+22,0.180777,0.0038356,22.4851,1.737,11.4589,343.767,34.3767,18,0.375861,0.104166,0.192282,0.100074,0.184385,0.236757,0.227568,0.236757,0.227568,32.6578,32.6578,1.11839,1.8655,0.565126,1.79221,0.541916,0.490079,0.471058,0.490079,0.471058,1.35474,3.05059,0.539841
1752,7,20,3,2.4e+22,0.180777,0.00490394,16.3448,1.751,10.5546,316.638,31.6638,18,0.379229,0.106044,0.190891,0.101729,0.18401,0.228529,0.220695,0.228529,0.220695,30.0807,30.0807,1.16991,2.01186,0.0861614,1.93,0.0830558,0.0502866,0.0485629,0.0502866,0.0485629,1.40977,3.28005,0.069085
1753,7,20,4,2.4e+22,0.180777,0.00626986,11.3983,1.755,9.75992,292.798,29.2798,18,0.381058,0.108244,0.189612,0.10373,0.183506,0.221264,0.214463,0.221264,0.214463,27.8158,27.8158,0.282474,0.0020417,0.00824111,0.00195654,0.00797574,0.00214589,0.00207993,0.00214589,0.00207993,0.338652,0.0033063,0.00337619
1754,7,20,5,2.4e+22,0.180777,0.00801622,8.2205,1.744,9.40377,282.113,28.2113,18,0.383753,0.110069,0.187658,0.105326,0.18223,0.214476,0.208521,0.214476,0.208521,26.8007,26.8007,0.28578,0.0182488,0.0589957,0.0174625,0.057289,0.0402802,0.0391618,0.0402802,0.0391618,0.340619,0.0293614,0.0459701
1755,7,20,6,2.4e+22,0.180777,0.010249,6.21,1.715,9.52392,285.717,28.5718,18,0.389886,0.11825,0.195522,0.112938,0.189574,0.224075,0.217566,0.224075,0.217566,27.1432,27.1432,0.284028,0.0120219,0.0450046,0.0114819,0.0436355,0.08244,0.0800455,0.08244,0.0800455,0.334903,0.0189698,0.067642
1756,7,20,7,2.4e+22,0.180777,0.0131037,4.865,1.667,10.1053,303.161,30.316,18,0.401293,0.133994,0.215665,0.12757,0.208117,0.256392,0.247924,0.256392,0.247924,28.8002,28.8002,0.294168,0.018901,0.0616243,0.0179948,0.0594675,0.0334291,0.032325,0.0334291,0.032325,0.341128,0.0288841,0.0470119
1757,7,20,8,2.4e+22,0.180777,0.0167535,3.9044,1.597,11.1924,335.772,33.5772,18,0.418911,0.154243,0.236779,0.145952,0.226577,0.293169,0.281454,0.293169,0.281454,31.8983,31.8983,1.18168,2.41041,0.109825,2.28085,0.105093,0.162959,0.156447,0.162959,0.156447,1.33891,3.532,0.129534
1758,7,20,9,2.4e+22,0.180777,0.02142,3.2148,1.509,12.8054,384.163,38.4163,24,0.442681,0.181804,0.304764,0.170255,0.288348,0.336794,0.319402,0.336794,0.319402,36.4955,36.4955,1.28976,2.95486,0.571799,2.76715,0.540999,0.489166,0.463905,0.489166,0.463905,1.42014,4.09622,0.590398
1759,7,20,10,2.4e+22,0.180777,0.0273861,2.6722,1.403,15.1679,455.036,45.5037,24,0.471857,0.218861,0.329398,0.201171,0.304448,0.376086,0.349515,0.376086,0.349515,43.2285,43.2285,0.884032,1.98879,0.728603,1.82804,0.673415,0.553715,0.514595,0.553715,0.514595,0.942426,2.56757,0.668557
1760,7,20,11,2.4e+22,0.180777,0.0350141,2.2542,1.296,18.3636,550.907,55.0907,30,0.502775,0.266736,0.390911,0.23726,0.347996,0.399755,0.359189,0.399755,0.359189,52.3362,52.3362,0.643909,1.35423,0.836459,1.20458,0.744629,0.88347,0.793817,0.88347,0.793817,0.666504,1.61266,0.849081
1761,7,20,12,2.4e+22,0.180777,0.0447667,1.9163,1.202,22.6986,680.957,68.0957,36,0.528603,0.322474,0.431437,0.270098,0.359379,0.414992,0.353483,0.414992,0.353483,64.6909,64.6909,1.22561,5.60961,3.57682,4.69851,2.97943,2.78408,2.37143,2.78408,2.37143,1.24405,6.24036,3.60534
1762,7,20,13,2.4e+22,0.180777,0.0572357,1.6546,1.134,28.1033,843.098,84.3098,48,0.545295,0.375787,0.470435,0.283575,0.351735,0.403655,0.317487,0.403655,0.317487,80.0943,80.0943,0.440393,0.12863,0.0636223,0.097066,0.0475692,0.374565,0.294607,0.374565,0.294607,0.44294,0.137109,0.0636557
1763,7,20,14,2.4e+22,0.180777,0.0731778,1.4336,1.086,35.2137,1056.41,105.641,54,0.553829,0.426491,0.500609,0.262518,0.302374,0.381661,0.265454,0.381661,0.265454,100.359,100.359,0.466499,0.20415,0.160562,0.125661,0.0969814,0.471942,0.328248,0.471942,0.328248,0.467392,0.212151,0.160651
1764,7,20,15,2.4e+22,0.180777,0.0935603,1.2492,1.054,44.3012,1329.04,132.904,72,0.5584,0.530436,0.678889,0.206778,0.264799,0.389041,0.225788,0.389041,0.225788,126.258,126.258,0.478296,-0.239152,-0.642614,-0.0932278,-0.25065,-1.19039,-0.690869,-1.19039,-0.690869,0.478551,-0.245423,-0.642617
1769,7,21,1,2.4e+22,0.26827,0.003,55.2385,1.784,20.2361,607.083,60.7083,18,0.367326,0.118526,0.219221,0.11456,0.201624,0.293107,0.269687,0.267794,0.247225,36,54,0.554594,0.582457,1.27292,0.562971,1.17074,1.17596,1.082,1.25678,1.16024,0.674924,0.914981,1.2257
1770,7,21,2,2.4e+22,0.26827,0.0038356,39.1393,1.825,18.987,569.61,56.961,18,0.376675,0.127593,0.227621,0.123074,0.209669,0.304366,0.281851,0.280538,0.260745,36,54,0.616874,0.71876,1.20278,0.693302,1.10792,1.05828,0.979994,0.909533,0.845361,0.74249,1.11531,1.16434
1771,7,21,3,2.4e+22,0.26827,0.00490394,28.1023,1.86,17.5427,526.282,52.6282,18,0.379092,0.132628,0.230833,0.127848,0.214505,0.309504,0.289363,0.293334,0.274993,36,49.9968,0.740447,0.999158,1.51098,0.963145,1.4041,1.4325,1.33928,1.36906,1.28345,0.886665,1.53691,1.47161
1772,7,21,4,2.4e+22,0.26827,0.00626986,19.6227,1.888,15.9492,478.477,47.8477,18,0.378328,0.136312,0.233005,0.131402,0.219164,0.313632,0.296379,0.305449,0.289117,36,45.4553,1.259,2.10581,0.754078,2.02995,0.709284,0.614156,0.580373,0.562227,0.532166,1.50342,3.21415,0.710167
1773,7,21,5,2.4e+22,0.26827,0.00801622,13.3112,1.899,14.4891,434.673,43.4673,18,0.377599,0.139594,0.233537,0.134563,0.222195,0.313603,0.29944,0.310232,0.296451,36,41.294,0.505385,0.507684,1.05777,0.489389,1.0064,0.912459,0.871251,0.882883,0.843663,0.601343,0.767507,1.01139
1774,7,21,6,2.4e+22,0.26827,0.010249,9.6556,1.883,13.7129,411.388,41.1388,18,0.379972,0.144514,0.235079,0.139205,0.224637,0.314914,0.301946,0.313428,0.30065,36,39.0818,0.547709,0.612504,0.79205,0.590002,0.756869,0.672902,0.645194,0.658855,0.631995,0.646785,0.912065,0.754447
1775,7,21,7,2.4e+22,0.26827,0.0131037,7.1346,1.837,13.5518,406.553,40.6553,24,0.3885,0.154224,0.284834,0.148239,0.273128,0.320533,0.307797,0.320533,0.307797,38.6225,38.6225,0.60067,0.742339,0.586716,0.713527,0.562602,0.519185,0.498555,0.519185,0.498555,0.699363,1.07908,0.604077
1776,7,21,8,2.4e+22,0.26827,0.0167535,5.5096,1.762,14.0668,422.004,42.2004,24,0.403575,0.169678,0.295593,0.162425,0.282524,0.335793,0.321514,0.335793,0.321514,40.0904,40.0904,0.561205,0.670236,0.594456,0.641585,0.568173,0.515213,0.493304,0.515213,0.493304,0.639778,0.940481,0.614415
1777,7,21,9,2.4e+22,0.26827,0.02142,4.3638,1.656,15.3,458.999,45.8999,24,0.425965,0.191983,0.30851,0.182423,0.292506,0.355337,0.337813,0.355337,0.337813,43.6049,43.6049,0.533397,0.617195,0.897373,0.586462,0.85082,0.774671,0.736469,0.774671,0.736469,0.591522,0.825951,0.933365
1778,7,21,10,2.4e+22,0.26827,0.0273861,3.5519,1.531,17.286,518.581,51.8581,24,0.455262,0.224421,0.321399,0.210576,0.299787,0.376356,0.352692,0.37371,0.35037,48,49.2652,0.51911,0.618501,0.899994,0.580343,0.839476,0.715407,0.670426,0.707195,0.663026,0.557623,0.778287,0.848952
1779,7,21,11,2.4e+22,0.26827,0.0350141,2.9482,1.402,20.145,604.351,60.4351,30,0.486729,0.26491,0.374585,0.243259,0.34102,0.386303,0.354048,0.386303,0.354048,57.4134,57.4134,1.24718,3.32287,1.11501,3.0513,1.01509,1.02057,0.935354,1.02057,0.935354,1.30109,3.91876,1.13641
1780,7,21,12,2.4e+22,0.26827,0.0447667,2.4753,1.284,24.1466,724.397,72.4397,36,0.516419,0.315123,0.411331,0.278523,0.35877,0.395524,0.349576,0.395524,0.349576,68.8177,68.8177,0.950962,2.81492,3.87007,2.48798,3.37554,3.45551,3.05409,3.45551,3.05409,0.970913,3.13312,3.90809
1781,7,21,13,2.4e+22,0.26827,0.0572357,2.1054,1.191,29.4493,883.48,88.348,48,0.53886,0.36821,0.456573,0.304535,0.370584,0.406805,0.339509,0.406805,0.339509,83.9306,83.9306,1.70381,9.3167,2.95288,7.70555,2.39675,2.1554,1.79883,2.1554,1.79883,1.71881,9.94795,2.95506
1782,7,21,14,2.4e+22,0.26827,0.0731778,1.8067,1.124,36.4109,1092.33,109.233,60,0.551198,0.412362,0.478946,0.302333,0.342383,0.39569,0.30243,0.39569,0.30243,103.771,103.771,0.446085,-0.0115064,-0.0480071,-0.00843619,-0.0343187,0.159598,0.121983,0.159598,0.121983,0.44755,-0.0119734,-0.0428625
1783,7,21,15,2.4e+22,0.26827,0.0935603,1.5597,1.078,45.5147,1365.44,136.544,72,0.557556,0.456341,0.506713,0.263762,0.2826,0.363087,0.242503,0.363087,0.242503,129.717,129.717,0.478191,0.226842,0.694721,0.131113,0.387454,1.10483,0.737911,1.10483,0.737911,0.478702,0.232526,0.694729
1788,7,22,2,2.4e+22,0.398107,0.0038356,58.9916,1.877,29.633,888.991,88.8991,18,0.381234,0.142135,0.250659,0.13731,0.229589,0.328712,0.28738,0.311322,0.272853,36,54,0.659095,0.774225,0.909814,0.747942,0.833337,0.709702,0.620465,0.593975,0.52058,0.787953,1.16589,0.825092
1789,7,22,3,2.4e+22,0.398107,0.00490394,49.8561,1.901,28.8122,864.365,86.4366,18,0.382914,0.146177,0.253031,0.141182,0.232015,0.332931,0.292607,0.316999,0.279279,36,54,0.540457,0.528033,1.14147,0.509991,1.04667,0.788006,0.692565,0.609571,0.537038,0.643861,0.789338,1.00416
1790,7,22,4,2.4e+22,0.398107,0.00626986,33.9003,1.949,26.5158,795.474,79.5474,18,0.382955,0.153348,0.255061,0.148158,0.234997,0.338395,0.30332,0.322918,0.290074,36,54,0.57118,0.600362,0.845871,0.580043,0.779333,0.571194,0.511988,0.409465,0.367819,0.676994,0.883607,0.745831
1791,7,22,5,2.4e+22,0.398107,0.00801622,22.2346,1.981,23.7508,712.525,71.2525,24,0.381577,0.160249,0.296269,0.154924,0.270492,0.340066,0.31209,0.305564,0.281664,48,67.6899,0.641741,0.761295,0.814308,0.735996,0.74346,0.676352,0.620712,0.551749,0.508592,0.756484,1.10029,0.849934
1792,7,22,6,2.4e+22,0.398107,0.010249,16.1061,1.984,21.8152,654.455,65.4455,24,0.382541,0.166417,0.29871,0.160886,0.276886,0.347933,0.323762,0.326997,0.305105,48,62.1732,0.869703,1.2341,0.86171,1.19308,0.798752,0.729734,0.679039,0.713757,0.665972,1.01817,1.75349,0.899499
1793,7,22,7,2.4e+22,0.398107,0.0131037,11.1798,1.955,20.1727,605.182,60.5182,24,0.388032,0.175411,0.30003,0.16939,0.281349,0.352017,0.331138,0.33994,0.320279,48,57.4923,0.591793,0.681153,1.02148,0.657774,0.957883,0.829528,0.780328,0.77887,0.733822,0.683656,0.94297,1.06736
1794,7,22,8,2.4e+22,0.398107,0.0167535,8.1891,1.889,19.5352,586.057,58.6057,24,0.39997,0.188964,0.30418,0.181986,0.286328,0.359353,0.339314,0.349889,0.330781,48,55.6754,0.640249,0.807052,1.05588,0.777251,0.993915,0.943144,0.89055,0.936978,0.885809,0.726082,1.08211,1.01497
1795,7,22,9,2.4e+22,0.398107,0.02142,6.1994,1.784,19.873,596.189,59.6189,24,0.419265,0.208871,0.311403,0.200114,0.292429,0.37345,0.351953,0.363258,0.34282,48,56.6379,0.652101,0.867484,1.28612,0.831112,1.20776,1.19201,1.12339,1.13858,1.07453,0.721639,1.11627,1.25809
1796,7,22,10,2.4e+22,0.398107,0.0273861,4.885,1.655,21.1753,635.258,63.5258,30,0.444552,0.234969,0.359057,0.223154,0.335221,0.375668,0.352044,0.37512,0.351562,60,60.3495,0.620111,0.830604,0.758484,0.788838,0.708131,0.701348,0.657245,0.702076,0.657985,0.667923,1.0195,0.772331
1797,7,22,11,2.4e+22,0.398107,0.0350141,3.949,1.513,23.5071,705.212,70.5212,30,0.474724,0.270076,0.36465,0.252708,0.334396,0.390134,0.359401,0.379382,0.350171,60,66.9952,0.659997,1.01519,1.39425,0.949905,1.27857,1.27366,1.17333,1.27216,1.1742,0.692161,1.1836,1.36399
1798,7,22,12,2.4e+22,0.398107,0.0447667,3.2606,1.379,26.9862,809.585,80.9585,36,0.50464,0.312379,0.393951,0.285097,0.351312,0.386494,0.347328,0.376371,0.339041,72,76.9105,0.64691,1.08272,1.38237,0.988154,1.23275,1.05527,0.948334,1.01481,0.914157,0.664203,1.20406,1.35936
1799,7,22,13,2.4e+22,0.398107,0.0572357,2.726,1.263,31.9378,958.135,95.8135,48,0.529844,0.359478,0.436348,0.314134,0.370673,0.384122,0.332239,0.384122,0.332239,91.0229,91.0229,0.738415,1.79553,2.11262,1.56904,1.79465,1.82236,1.57622,1.82236,1.57622,0.74768,1.92252,2.11586
1800,7,22,14,2.4e+22,0.398107,0.0731778,2.3015,1.173,38.7547,1162.64,116.264,60,0.546914,0.403155,0.461688,0.32601,0.360117,0.386967,0.313958,0.386967,0.313958,110.451,110.451,0.71005,2.23446,4.72681,1.80689,3.68691,4.06602,3.29888,4.06602,3.29888,0.713642,2.32942,4.72744
1801,7,22,15,2.4e+22,0.398107,0.0935603,1.9692,1.112,47.58,1427.4,142.74,72,0.556044,0.443649,0.487869,0.312265,0.32684,0.384453,0.283026,0.384453,0.283026,135.603,135.603,0.461495,-0.0246444,-0.101834,-0.0173461,-0.068222,-0.0577152,-0.0424888,-0.0577152,-0.0424888,0.462365,-0.0252932,-0.101837
1802,7,22,16,2.4e+22,0.398107,0.11962,1.7019,1.072,58.846,1765.38,176.538,90,0.560109,0.475774,0.514084,0.254966,0.257955,0.34148,0.2179,0.34148,0.2179,167.711,167.711,0.483951,-0.102752,-0.333196,-0.0550648,-0.16719,-0.890875,-0.56847,-0.890875,-0.56847,0.48425,-0.104495,-0.333196
1806,7,23,4,2.4e+22,0.590784,0.00626986,54.9849,1.979,42.2926,1268.78,126.878,24,0.386188,0.161019,0.310878,0.155734,0.277899,0.354559,0.291429,0.310629,0.256223,48,72,0.582887,0.60404,0.825907,0.584214,0.738293,0.461517,0.379343,0.224534,0.185207,0.688843,0.875956,0.858027
1807,7,23,5,2.4e+22,0.590784,0.00801622,38.561,2.017,39.3708,1181.12,118.112,24,0.385389,0.168769,0.312113,0.163355,0.28111,0.358548,0.30303,0.316237,0.268125,48,72,0.605959,0.66342,0.920071,0.642135,0.828679,0.695742,0.588012,0.699021,0.592671,0.712233,0.944491,0.830373
1808,7,23,6,2.4e+22,0.590784,0.010249,27.3462,2.033,36.1433,1084.3,108.43,24,0.386483,0.177246,0.312438,0.171617,0.283567,0.361938,0.314889,0.321437,0.28049,48,72,0.809557,1.07805,1.12998,1.04381,1.02556,0.891241,0.775387,0.896851,0.782605,0.94395,1.50242,1.03141
1809,7,23,7,2.4e+22,0.590784,0.0131037,19.4332,2.021,32.9852,989.556,98.9556,24,0.391111,0.187996,0.314371,0.181948,0.287365,0.371324,0.331098,0.338075,0.30232,48,72,0.729097,0.921544,0.846813,0.891898,0.774068,0.589282,0.525443,0.48005,0.429281,0.840062,1.25178,0.758079
1810,7,23,8,2.4e+22,0.590784,0.0167535,13.2043,1.968,30.0297,900.891,90.0891,24,0.401957,0.203442,0.315484,0.196525,0.290293,0.377921,0.344075,0.35028,0.319803,48,72,0.754169,1.00262,0.997766,0.968528,0.918095,0.822759,0.749074,0.856641,0.782106,0.852376,1.31381,0.922708
1811,7,23,9,2.4e+22,0.590784,0.02142,9.5723,1.881,28.5283,855.849,85.5849,30,0.41754,0.221397,0.348689,0.213113,0.31943,0.371711,0.341857,0.342763,0.316463,60,81.3057,0.765448,1.06031,0.923569,1.02063,0.846072,0.824421,0.758208,0.878547,0.811139,0.846558,1.33801,0.949631
1812,7,23,10,2.4e+22,0.590784,0.0273861,7.1413,1.759,28.3549,850.647,85.0647,30,0.440218,0.246763,0.354494,0.236017,0.325051,0.384621,0.354167,0.35659,0.329591,60,80.8114,0.816002,1.23103,1.03645,1.17742,0.950366,0.877622,0.808132,0.762312,0.704593,0.880446,1.48887,1.00666
1813,7,23,11,2.4e+22,0.590784,0.0350141,5.5497,1.619,29.5639,886.918,88.6918,36,0.466978,0.277821,0.382859,0.262959,0.349173,0.38669,0.354087,0.369128,0.339008,72,84.2572,0.757058,1.17643,0.912956,1.1135,0.83263,0.701497,0.642352,0.640102,0.587872,0.797511,1.36276,0.928426
1814,7,23,12,2.4e+22,0.590784,0.0447667,4.4301,1.474,32.2214,966.643,96.6643,42,0.495472,0.314078,0.405527,0.292123,0.363396,0.384242,0.346499,0.372321,0.336645,84,91.8311,0.680139,1.07888,1.76874,1.00347,1.58499,1.7011,1.534,1.6341,1.47752,0.701778,1.19924,1.78172
1815,7,23,13,2.4e+22,0.590784,0.0572357,3.6087,1.341,36.5457,1096.37,109.637,48,0.521218,0.35314,0.419921,0.318802,0.363877,0.377991,0.331064,0.364143,0.320221,96,104.155,0.647854,1.09302,2.75113,0.986737,2.38395,2.25783,1.97753,2.16118,1.90051,0.658441,1.17281,2.76316
1816,7,23,14,2.4e+22,0.590784,0.0731778,3.0111,1.237,42.5473,1276.42,127.642,60,0.540092,0.389978,0.436688,0.335328,0.358066,0.354085,0.297855,0.35153,0.296021,120,121.26,0.627446,1.23804,2.45703,1.06455,2.01466,2.29708,1.9323,2.27881,1.91898,0.632196,1.29535,2.45823
1817,7,23,15,2.4e+22,0.590784,0.0935603,2.5333,1.157,50.9917,1529.75,152.975,72,0.553485,0.431055,0.464771,0.339572,0.345137,0.367494,0.288106,0.363523,0.285637,144,145.326,0.630526,1.61493,2.6601,1.2722,1.97538,1.95036,1.52903,1.92513,1.51267,0.632439,1.66056,2.66035
1818,7,23,16,2.4e+22,0.590784,0.11962,2.1635,1.102,61.9224,1857.67,185.767,90,0.559847,0.462469,0.495346,0.311465,0.3087,0.369419,0.261512,0.369419,0.261512,176.479,176.479,0.48181,0.167543,0.384572,0.112837,0.239666,0.730374,0.517033,0.730374,0.517033,0.482344,0.170476,0.384573
1819,7,23,17,2.4e+22,0.590784,0.152938,1.8561,1.064,76.566,2296.98,229.698,108,0.562149,0.489888,0.530804,0.236719,0.227295,0.330894,0.197914,0.323462,0.195351,216,218.213,0.494258,0.0576436,0.299129,0.027854,0.128089,0.0103403,0.00618471,0.0309653,0.0187011,0.494431,0.0583208,0.299129
1822,7,24,5,2.4e+22,0.876712,0.00801622,58.6746,2.042,61.5763,1847.29,184.729,24,0.388594,0.175274,0.323274,0.169776,0.291686,0.372587,0.293487,0.34468,0.256886,48,72,0.641078,0.717079,0.905338,0.694584,0.816874,0.636304,0.501216,0.438111,0.326519,0.751577,1.00978,0.928302
1823,7,24,6,2.4e+22,0.876712,0.010249,48.9036,2.054,59.6079,1788.24,178.824,24,0.388956,0.179953,0.323949,0.174358,0.293431,0.374762,0.29796,0.349024,0.265737,48,72,0.670454,0.78423,0.931245,0.759844,0.843517,0.717656,0.570581,0.635738,0.484033,0.782491,1.09078,0.952038
1824,7,24,7,2.4e+22,0.876712,0.0131037,33.1417,2.053,54.6757,1640.27,164.027,24,0.393526,0.192442,0.325613,0.186435,0.297202,0.37758,0.307184,0.35374,0.282763,48,72,0.622337,0.689765,0.946865,0.668233,0.864249,0.688457,0.5601,0.61297,0.489979,0.716532,0.930275,0.909938
1825,7,24,8,2.4e+22,0.876712,0.0167535,22.4866,2.012,49.4429,1483.29,148.329,24,0.40394,0.209232,0.329499,0.202422,0.302603,0.384421,0.32126,0.365622,0.305698,48,72,0.648757,0.760058,0.9753,0.735322,0.895689,0.704685,0.588904,0.640394,0.535437,0.733112,0.988612,0.916947
1826,7,24,9,2.4e+22,0.876712,0.02142,15.9556,1.941,45.2782,1358.35,135.835,30,0.418337,0.228424,0.36089,0.22041,0.325098,0.389916,0.336161,0.351376,0.303954,60,90,0.687002,0.846344,0.941151,0.81665,0.84781,0.707999,0.61039,0.503043,0.435152,0.760767,1.06155,0.967222
1827,7,24,10,2.4e+22,0.876712,0.0273861,11.1685,1.827,42.136,1264.08,126.408,30,0.43934,0.253669,0.362209,0.243529,0.327838,0.394418,0.3474,0.357905,0.316274,60,90,0.821164,1.18602,0.999119,1.13861,0.904308,0.762805,0.671874,0.770036,0.680465,0.887475,1.42558,0.928142
1828,7,24,11,2.4e+22,0.876712,0.0350141,8.2154,1.695,41.0341,1231.02,123.102,36,0.463882,0.283189,0.380114,0.269684,0.339143,0.39244,0.348276,0.343472,0.306791,72,108,0.69969,0.954926,0.77879,0.909387,0.694847,0.496329,0.440474,0.288017,0.257258,0.739051,1.10175,0.79875
1829,7,24,12,2.4e+22,0.876712,0.0447667,6.2638,1.552,41.9423,1258.27,125.827,42,0.490226,0.317065,0.399738,0.298007,0.351219,0.398356,0.352122,0.352485,0.314354,84,119.536,0.665393,0.955385,0.729062,0.89796,0.640571,0.640663,0.566308,0.779876,0.69551,0.68887,1.06091,0.742579
1830,7,24,13,2.4e+22,0.876712,0.0572357,4.9762,1.42,44.7673,1343.02,134.302,48,0.513887,0.35033,0.413927,0.322634,0.357421,0.39965,0.347383,0.359413,0.315644,96,127.587,0.622144,0.905044,0.732282,0.833494,0.632317,0.672089,0.584191,0.784761,0.689193,0.634666,0.973733,0.705578
1831,7,24,14,2.4e+22,0.876712,0.0731778,4.0471,1.305,49.6637,1489.91,148.991,60,0.533993,0.382892,0.429578,0.341115,0.358171,0.374343,0.316023,0.342729,0.292489,120,141.542,0.593645,0.866732,1.11799,0.772162,0.932151,0.729195,0.615592,0.655278,0.559222,0.599698,0.909646,1.12133
1832,7,24,15,2.4e+22,0.876712,0.0935603,3.3315,1.209,57.2294,1716.88,171.688,72,0.548934,0.415853,0.438872,0.349665,0.342385,0.349836,0.280102,0.318579,0.258964,144,163.104,0.591426,1.00309,1.0451,0.843433,0.81533,0.562351,0.450256,0.447596,0.363839,0.594065,1.03377,1.04589
1833,7,24,16,2.4e+22,0.876712,0.11962,2.7942,1.139,67.5892,2027.68,202.768,90,0.55803,0.445889,0.459182,0.339371,0.319003,0.336989,0.249766,0.312011,0.235231,180,192.629,0.577487,1.16558,1.81773,0.887134,1.26281,1.26358,0.936527,1.13314,0.854297,0.578511,1.18748,1.81779
1834,7,24,17,2.4e+22,0.876712,0.152938,2.3721,1.091,81.4553,2443.66,244.366,108,0.562465,0.470721,0.487702,0.29786,0.272609,0.349044,0.226342,0.313086,0.21061,216,232.148,0.481184,-0.0537635,-0.18968,-0.0340201,-0.106025,-0.0331816,-0.021517,-0.10743,-0.0722674,0.481488,-0.0543962,-0.189681
1835,7,24,18,2.4e+22,0.876712,0.195537,2.0274,1.057,100.011,3000.34,300.034,132,0.564204,0.504719,0.55344,0.21249,0.188425,0.349116,0.181682,0.295873,0.167438,264,285.032,0.507035,0.392131,0.0351145,0.165089,0.0119552,0.417708,0.217378,0.215131,0.121745,0.507135,0.395443,0.0351145
1837,7,25,7,2.4e+22,1.30103,0.0131037,57.6196,2.073,88.3898,2651.7,265.17,24,0.394806,0.19261,0.330704,0.186708,0.301764,0.38608,0.30967,0.367992,0.255322,48,72,0.635592,0.704041,0.936291,0.682468,0.854355,0.84995,0.681734,0.689312,0.478262,0.733738,0.952196,1.02052
1838,7,25,8,2.4e+22,1.30103,0.0167535,37.6234,2.035,81.2325,2436.98,243.698,24,0.405806,0.211258,0.33395,0.204534,0.306915,0.390095,0.319294,0.375347,0.270973,48,72,0.653589,0.743373,0.947716,0.71971,0.870991,0.733789,0.600609,0.452877,0.326943,0.738613,0.963737,0.964918
1839,7,25,9,2.4e+22,1.30103,0.02142,26.8125,1.97,74.7743,2243.23,224.323,30,0.419884,0.230205,0.366302,0.222365,0.329762,0.392225,0.307584,0.357135,0.266774,60,90,0.69331,0.849434,0.987032,0.820505,0.888573,0.709115,0.55609,0.614149,0.458759,0.767843,1.06145,1.01188
1840,7,25,10,2.4e+22,1.30103,0.0273861,19.3912,1.881,68.7776,2063.33,206.333,30,0.437046,0.252311,0.371349,0.242839,0.335814,0.401897,0.322364,0.376177,0.295727,60,90,0.65572,0.783601,0.95407,0.754184,0.862773,0.658571,0.528243,0.573735,0.451035,0.711472,0.944166,0.92819
1841,7,25,11,2.4e+22,1.30103,0.0350141,13.258,1.749,63.0239,1890.72,189.072,36,0.461886,0.283585,0.390749,0.27104,0.347915,0.40562,0.332529,0.365867,0.300962,72,108,0.716604,0.966479,0.930857,0.923726,0.828817,0.578519,0.474273,0.463962,0.381654,0.758925,1.11499,0.833105
1842,7,25,12,2.4e+22,1.30103,0.0447667,9.7661,1.623,60.2668,1808,180.801,42,0.484509,0.312456,0.402588,0.295798,0.351544,0.39959,0.333989,0.346784,0.291582,84,126,0.701411,0.986832,0.841842,0.934223,0.735105,0.608835,0.508882,0.625076,0.525575,0.729156,1.09933,0.855272
1843,7,25,13,2.4e+22,1.30103,0.0572357,7.3395,1.491,60.0555,1801.67,180.167,48,0.508401,0.346189,0.414709,0.322735,0.354826,0.404735,0.33914,0.345525,0.292367,96,144,0.694456,1.05046,0.775289,0.979288,0.663339,0.596862,0.500129,0.425636,0.360153,0.710898,1.13385,0.731046
1844,7,25,14,2.4e+22,1.30103,0.0731778,5.6666,1.366,62.8051,1884.15,188.415,60,0.529065,0.378826,0.427105,0.344389,0.350589,0.397823,0.328417,0.326418,0.275343,120,178.995,0.664015,1.06386,0.817975,0.967154,0.671436,0.500671,0.413322,0.188379,0.158903,0.672317,1.11914,0.82665
1845,7,25,15,2.4e+22,1.30103,0.0935603,4.5549,1.265,68.3491,2050.47,205.047,72,0.544683,0.40732,0.435722,0.356221,0.342924,0.382037,0.304764,0.31803,0.260452,144,194.795,0.630327,1.06901,0.564708,0.934899,0.44444,0.160597,0.128114,-0.0759709,-0.0622167,0.63418,1.1046,0.567993
1846,7,25,16,2.4e+22,1.30103,0.11962,3.7232,1.184,77.3057,2319.17,231.917,90,0.555624,0.432999,0.441082,0.354482,0.321683,0.341797,0.25715,0.284989,0.221642,180,220.321,0.557438,0.764937,0.583049,0.626228,0.425219,-0.0122142,-0.0091893,-0.181063,-0.140816,0.558911,0.780673,0.583466
1847,7,25,17,2.4e+22,1.30103,0.152938,3.0901,1.122,90.3061,2709.18,270.918,114,0.561801,0.452933,0.442306,0.329649,0.279838,0.284768,0.195731,0.240802,0.172313,228,257.372,0.55394,0.912721,0.87874,0.664288,0.55596,0.0961597,0.066094,0.0394241,0.0282111,0.554505,0.924219,0.878748
1848,7,25,18,2.4e+22,1.30103,0.195537,2.6095,1.08,107.65,3229.49,322.949,132,0.564617,0.474551,0.475473,0.277427,0.228064,0.306185,0.175654,0.227889,0.144118,264,306.802,0.496607,0.232837,0.815569,0.136119,0.391193,1.30457,0.748412,1.56911,0.992317,0.496787,0.234733,0.815572
1849,7,25,19,2.4e+22,1.30103,0.25,2.2276,1.052,130.531,3915.93,391.593,150,0.566372,0.518835,0.5804,0.184259,0.137231,0.403181,0.156882,0.251099,0.1323,300,372.013,0.506052,-0.273431,-0.841733,-0.0971065,-0.199022,-2.221,-0.864215,-1.86607,-0.983199,0.506111,-0.275203,-0.841735
1850,7,26,8,2.4e+22,1.9307,0.0167535,58.2099,2.043,127.615,3828.44,382.844,24,0.408752,0.213556,0.336099,0.206808,0.309359,0.39468,0.323918,0.383603,0.272538,48,72,0.779541,0.993279,0.920623,0.961893,0.847378,0.910573,0.747316,0.71787,0.510025,0.879324,1.28092,0.916154
1851,7,26,9,2.4e+22,1.9307,0.02142,48.0263,2.006,123.412,3702.37,370.237,30,0.416939,0.224601,0.367173,0.217232,0.330415,0.396146,0.306447,0.364743,0.233731,60,90,0.782509,1.00869,0.845311,0.975599,0.760686,0.764299,0.59124,0.600931,0.385082,0.871866,1.27166,0.865318
1852,7,26,10,2.4e+22,1.9307,0.0273861,32.9197,1.906,113.819,3414.56,341.456,30,0.437359,0.250605,0.371741,0.241454,0.336498,0.402509,0.31809,0.375995,0.251662,60,90,0.674018,0.805263,0.90871,0.77586,0.822562,0.810518,0.640526,0.643168,0.430487,0.732424,0.97067,0.938559
1853,7,26,11,2.4e+22,1.9307,0.0350141,22.2703,1.778,103.332,3099.95,309.995,36,0.461761,0.281413,0.392584,0.269428,0.349881,0.407825,0.310976,0.372426,0.250925,72,108,0.683512,0.869039,1.05973,0.832027,0.944461,0.757606,0.577693,0.598707,0.403384,0.724797,1.00233,1.05486
1854,7,26,12,2.4e+22,1.9307,0.0447667,16.1883,1.664,95.6489,2869.47,286.947,42,0.483111,0.309797,0.408883,0.294303,0.357215,0.411745,0.305376,0.369003,0.266448,84,126,0.718744,0.999207,1.02035,0.949232,0.891419,0.664648,0.492945,0.577697,0.417141,0.748885,1.11496,0.959548
1855,7,26,13,2.4e+22,1.9307,0.0572357,11.5201,1.535,89.6546,2689.64,268.964,48,0.506177,0.34188,0.418246,0.32063,0.358412,0.408801,0.308296,0.353211,0.267783,96,144,0.717047,1.06763,0.94103,1.00128,0.806406,0.611591,0.461229,0.559516,0.424192,0.735462,1.15398,0.867057
1856,7,26,14,2.4e+22,1.9307,0.0731778,8.4465,1.413,87.4714,2624.14,262.414,60,0.526269,0.372955,0.427541,0.342937,0.350987,0.395609,0.303636,0.319311,0.248047,120,180,0.643011,0.913437,0.727336,0.839918,0.597102,0.458733,0.352085,0.0663587,0.0515486,0.652191,0.962565,0.733178
1857,7,26,15,2.4e+22,1.9307,0.0935603,6.5143,1.312,89.3213,2679.64,267.964,72,0.541857,0.401671,0.437668,0.358867,0.342911,0.397528,0.302091,0.315018,0.245122,144,216,0.619436,0.955722,0.733514,0.853874,0.574704,0.557949,0.423999,0.685863,0.533686,0.62408,0.989436,0.73824
1858,7,26,16,2.4e+22,1.9307,0.11962,5.129,1.225,95.438,2863.14,286.314,90,0.553811,0.427523,0.44232,0.364222,0.320735,0.379096,0.27756,0.27643,0.213287,180,270,0.583607,0.894122,0.53863,0.761736,0.390572,0.435799,0.319076,0.498998,0.385015,0.585635,0.913786,0.541391
1859,7,26,17,2.4e+22,1.9307,0.152938,4.1672,1.158,105.785,3173.56,317.356,108,0.560934,0.443997,0.437457,0.350374,0.28751,0.331528,0.225483,0.228626,0.167434,216,301.488,0.567223,0.922826,0.416058,0.728235,0.273446,0.359573,0.244557,0.237614,0.174016,0.568074,0.935454,0.399023
1860,7,26,18,2.4e+22,1.9307,0.195537,3.4478,1.108,121.142,3634.25,363.425,132,0.565018,0.4562,0.432956,0.314851,0.239356,0.263397,0.158065,0.16594,0.111427,264,345.253,0.533176,0.69107,0.33941,0.476949,0.18764,0.385734,0.23148,0.00760709,0.00510807,0.533497,0.697147,0.339553
1861,7,26,19,2.4e+22,1.9307,0.25,2.8855,1.071,142.882,4286.45,428.645,156,0.567122,0.472715,0.451233,0.250092,0.171464,0.244329,0.114298,0.11605,0.0681121,312,407.213,0.498078,-0.0931246,-0.281238,-0.0492679,-0.106867,-0.0592446,-0.0277147,-0.621696,-0.364886,0.498182,-0.0936706,-0.281265
1862,7,27,10,2.4e+22,2.86512,0.0273861,58.9453,1.951,184.729,5541.88,525.3,30,0.431905,0.241759,0.371318,0.233353,0.336027,0.40615,0.319806,0.385443,0.252311,60,90,0.747366,0.951754,0.955027,0.91866,0.864259,1.01062,0.795768,0.870458,0.569801,0.818669,1.16241,0.980501
1863,7,27,11,2.4e+22,2.86512,0.0350141,37.8602,1.802,170.326,5109.77,510.977,36,0.460846,0.276736,0.389994,0.2653,0.348025,0.405532,0.307658,0.365723,0.222468,72,108,0.742692,0.981903,0.869202,0.941327,0.775663,0.859497,0.652059,0.686784,0.417768,0.789201,1.13533,0.939508
1864,7,27,12,2.4e+22,2.86512,0.0447667,27.4842,1.687,158.284,4748.53,474.853,42,0.482687,0.304709,0.405269,0.289987,0.35467,0.405225,0.294172,0.349779,0.198462,84,126,0.705114,0.932131,1.02677,0.887096,0.898575,0.839841,0.60968,0.696428,0.395148,0.735716,1.04142,1.02636
1865,7,27,13,2.4e+22,2.86512,0.0572357,19.6648,1.57,145.937,4378.11,437.811,48,0.504417,0.335534,0.418652,0.31595,0.359641,0.411678,0.287899,0.356315,0.200935,96,144,0.692123,0.946861,0.940318,0.891594,0.807777,0.686106,0.479816,0.467218,0.263476,0.711407,1.02642,0.965737
1866,7,27,14,2.4e+22,2.86512,0.0731778,13.5324,1.444,134.622,4038.66,403.866,60,0.526152,0.369068,0.430801,0.341416,0.35479,0.405622,0.263875,0.33464,0.210997,120,180,0.658703,0.951193,0.940611,0.879927,0.774648,0.589232,0.383321,0.507235,0.319821,0.668867,1.00349,0.947536
1867,7,27,15,2.4e+22,2.86512,0.0935603,9.9578,1.346,129.157,3874.7,387.47,72,0.541092,0.394928,0.434463,0.356924,0.342373,0.388863,0.255547,0.296259,0.19734,144,216,0.6427,0.977175,0.818133,0.883143,0.644719,0.531604,0.349352,0.503343,0.335281,0.648143,1.01285,0.822661
1868,7,27,16,2.4e+22,2.86512,0.11962,7.5053,1.26,128.995,3869.84,386.984,90,0.553296,0.421106,0.441598,0.36714,0.323074,0.378496,0.250296,0.266188,0.181558,180,270,0.641714,1.10515,0.649139,0.963522,0.47491,0.446316,0.295144,0.230149,0.156976,0.644434,1.13098,0.651612
1869,7,27,17,2.4e+22,2.86512,0.152938,5.8472,1.189,134.668,4040.05,404.005,108,0.561045,0.441851,0.445267,0.364146,0.297385,0.368285,0.23423,0.250689,0.169397,216,324,0.570609,0.791489,0.482942,0.652295,0.322548,0.124919,0.0794489,-0.577957,-0.390541,0.571732,0.803164,0.465538
1870,7,27,18,2.4e+22,2.86512,0.195537,4.6941,1.134,146.319,4389.58,438.958,132,0.565763,0.453208,0.437336,0.340877,0.251428,0.317719,0.184773,0.177916,0.117151,264,396,0.561527,0.968115,0.814791,0.72816,0.468429,0.968971,0.563518,1.34212,0.883735,0.562005,0.977172,0.816483
1871,7,27,19,2.4e+22,2.86512,0.25,3.8314,1.092,165.186,4955.59,495.559,162,0.568153,0.456958,0.416287,0.291037,0.183441,0.211345,0.103308,0.0719912,0.0442655,324,470.781,0.551877,1.11371,0.850563,0.709319,0.374809,0.754051,0.368591,1.24721,0.766874,0.55206,1.12042,0.851256
1872,7,28,11,2.4e+22,4.25179,0.0350141,58.344,1.799,267.355,8020.66,525.3,36,0.465011,0.282109,0.398705,0.270407,0.356375,0.430445,0.328471,0.420405,0.257134,72,108,0.759693,1.01164,1.07044,0.969675,0.956796,1.00165,0.76436,0.845262,0.516991,0.805934,1.16531,1.05663
1873,7,28,12,2.4e+22,4.25179,0.0447667,48.7317,1.729,259.883,7796.5,525.3,42,0.479011,0.300141,0.413153,0.286483,0.361869,0.430897,0.311737,0.408258,0.223691,84,126,0.755026,1.02745,0.970568,0.9807,0.850093,0.953401,0.689747,0.696509,0.381629,0.791876,1.15846,0.983149
1874,7,28,13,2.4e+22,4.25179,0.0572357,33.9044,1.594,242.072,7262.17,525.3,48,0.503905,0.33288,0.423532,0.314257,0.36462,0.43055,0.299449,0.39449,0.199695,96,144,0.705794,0.98537,1.00084,0.930243,0.861626,1.04234,0.724953,1.05765,0.535395,0.726827,1.0715,1.01647
1875,7,28,14,2.4e+22,4.25179,0.0731778,22.8047,1.463,220.947,6628.41,525.3,60,0.526577,0.365982,0.435902,0.339694,0.360224,0.426254,0.267865,0.361206,0.151378,120,180,0.686664,1.00725,1.11853,0.9349,0.924339,0.953633,0.599279,1.06191,0.445036,0.69781,1.06368,1.12645
1876,7,28,15,2.4e+22,4.25179,0.0935603,16.8327,1.376,206.106,6183.18,525.3,72,0.541036,0.390975,0.442581,0.356312,0.350749,0.415074,0.235458,0.325909,0.134594,144,216,0.669735,1.02352,1.10072,0.932779,0.872326,0.856431,0.485825,0.596413,0.246306,0.676189,1.06329,1.10649
1877,7,28,16,2.4e+22,4.25179,0.11962,11.8678,1.285,193.394,5801.83,525.3,90,0.553829,0.415794,0.442168,0.367233,0.326349,0.379881,0.189627,0.264007,0.12966,180,270,0.661812,1.16333,0.933988,1.02747,0.689344,0.681883,0.34038,0.734162,0.360565,0.665008,1.19178,0.937359
1878,7,28,17,2.4e+22,4.25179,0.152938,8.7397,1.214,188.88,5666.39,525.3,108,0.562047,0.435887,0.440082,0.367872,0.299203,0.351832,0.178677,0.214341,0.113181,216,324,0.594771,0.933429,0.739474,0.787778,0.502753,0.601057,0.305245,0.795137,0.419863,0.596154,0.947833,0.741503
1879,7,28,18,2.4e+22,4.25179,0.195537,6.7137,1.157,192.701,5781.02,525.3,132,0.567345,0.454379,0.449007,0.358091,0.267972,0.360986,0.178235,0.230114,0.123284,264,396,0.585077,1.01837,0.62264,0.802568,0.371598,0.622712,0.307461,0.678347,0.363425,0.585707,1.02841,0.623881
1880,7,28,19,2.4e+22,4.25179,0.25,5.3285,1.113,204.795,6143.85,525.3,162,0.569853,0.463061,0.445186,0.326771,0.215483,0.324895,0.143207,0.182624,0.0959339,324,486,0.548387,0.795634,0.553094,0.561459,0.267714,0.909371,0.400831,0.0483369,0.0253918,0.548645,0.800739,0.553853
1881,7,29,13,2.4e+22,6.30957,0.0572357,55.2633,1.608,386.076,11582.3,525.3,48,0.503705,0.328818,0.427662,0.310842,0.368773,0.447374,0.312396,0.435782,0.220846,96,144,0.707404,0.960653,0.924255,0.908134,0.796986,1.05295,0.73526,0.981955,0.497636,0.72928,1.04651,0.945769
1882,7,29,14,2.4e+22,6.30957,0.0731778,39.7631,1.489,365.318,10959.6,525.3,60,0.525443,0.360402,0.442437,0.335904,0.366612,0.448861,0.281415,0.417471,0.163543,120,180,0.691071,0.979011,1.0185,0.912463,0.843949,1.05999,0.664565,0.951831,0.372876,0.703575,1.03781,1.02546
1883,7,29,15,2.4e+22,6.30957,0.0935603,28.1593,1.386,339.829,10194.9,525.3,72,0.543055,0.390213,0.451989,0.356557,0.359679,0.448711,0.252068,0.390047,0.114473,144,216,0.678312,1.01849,1.11109,0.930641,0.884173,0.946885,0.531922,0.837524,0.245801,0.685044,1.05834,1.11676
1884,7,29,16,2.4e+22,6.30957,0.11962,20.2509,1.305,315.235,9457.06,525.3,90,0.555597,0.416317,0.459535,0.3708,0.34163,0.44015,0.201877,0.287813,0.0476398,180,270,0.640583,1.00412,1.14513,0.894338,0.851316,1.25595,0.576048,3.1584,0.522789,0.644036,1.02998,1.14912
1885,7,29,17,2.4e+22,6.30957,0.152938,13.9883,1.228,292.054,8761.62,525.3,108,0.565389,0.442145,0.46206,0.377645,0.318019,0.419418,0.157322,0.269404,0.0567443,216,324,0.61842,1.01752,1.14063,0.869089,0.785052,1.06385,0.399048,0.822523,0.173247,0.619992,1.03358,1.14369
1886,7,29,18,2.4e+22,6.30957,0.195537,10.2306,1.173,280.291,8408.74,525.3,132,0.569892,0.457026,0.460025,0.36882,0.281197,0.374935,0.107443,0.251014,0.0722787,264,396,0.610552,1.11928,0.778863,0.903257,0.476091,0.180621,0.0517598,-0.312412,-0.0899579,0.611299,1.13057,0.78042
1887,7,29,19,2.4e+22,6.30957,0.25,7.8355,1.13,279.52,8385.61,525.3,162,0.572342,0.469197,0.46805,0.349055,0.239405,0.392077,0.108891,0.284088,0.0916469,324,486,0.564013,0.828325,0.463403,0.616225,0.237028,-0.299094,-0.0830672,-0.668759,-0.215742,0.564345,0.833875,0.464096
1888,7,30,14,2.4e+22,9.36329,0.0731778,59.3824,1.474,569.397,17081.9,525.3,60,0.529833,0.372125,0.476465,0.346048,0.395668,0.550828,0.349985,0.685898,0.277865,120,180,0.675686,0.945734,0.984544,0.879461,0.817589,1.01372,0.644096,1.16401,0.471554,0.686837,0.998598,0.989689
1889,7,30,15,2.4e+22,9.36329,0.0935603,47.7432,1.404,552.217,16566.5,525.3,72,0.542655,0.392613,0.484015,0.360257,0.386393,0.556785,0.313892,0.748752,0.214758,144,216,0.66329,0.951108,0.970917,0.872723,0.775091,1.02976,0.580536,1.25484,0.359915,0.670531,0.990627,0.97574
1890,7,30,16,2.4e+22,9.36329,0.11962,33.1725,1.308,516.669,15500.1,525.3,90,0.558793,0.416026,0.467787,0.371018,0.349454,0.473163,0.218148,0.427485,0.0528422,180,270,0.640587,0.927518,0.873571,0.827175,0.65259,0.74695,0.344375,0.327292,0.0404571,0.644025,0.951078,0.876551
1891,7,30,17,2.4e+22,9.36329,0.152938,24.1014,1.242,482.174,14465.2,525.3,108,0.567974,0.438981,0.470367,0.378633,0.326916,0.455581,0.164553,1.38033,-0.029357,216,324,0.621944,0.922876,0.89121,0.796005,0.619411,0.700826,0.253134,2.63564,-0.0560551,0.623708,0.938212,0.893524
1892,7,30,18,2.4e+22,9.36329,0.195537,17.7626,1.191,450.894,13526.8,525.3,132,0.572872,0.455792,0.472915,0.376488,0.294966,0.428906,0.0974617,0.623188,-0.107939,264,396,0.606748,1.02854,1.2764,0.849583,0.796118,1.85448,0.4214,-0.614608,0.106453,0.60766,1.03997,1.27889
1893,7,30,19,2.4e+22,9.36329,0.25,12.4347,1.142,422.668,12680,525.3,162,0.575707,0.467792,0.473966,0.358051,0.250659,0.286761,0.0237338,0.793267,-0.0822756,324,486,0.590261,1.07756,1.15587,0.824775,0.611286,1.78587,0.147808,-0.268862,0.0278857,0.590658,1.085,1.15762
1894,7,31,16,2.4e+22,13.895,0.11962,52.2921,1.307,821.27,24638.1,525.3,90,0.560194,0.441312,0.569856,0.393519,0.427192,0.829423,0.389133,2.509,0.335496,180,270,0.623006,0.876561,0.950064,0.781631,0.712214,1.02945,0.482978,2.35509,0.314916,0.626275,0.898335,0.953301
1895,7,31,17,2.4e+22,13.895,0.152938,43.0056,1.263,797.298,23918.9,525.3,102,0.5679,0.4683,0.5923,0.409013,0.423937,0.935788,0.375902,12.5269,0.31386,204,306,0.559307,0.58912,0.939226,0.514537,0.672247,1.07859,0.433266,11.0282,0.276311,0.561234,0.600141,0.941864
1896,7,31,18,2.4e+22,13.895,0.195537,29.6763,1.196,743.072,22292.1,525.3,132,0.576216,0.508206,0.647579,0.422105,0.407966,1.4652,0.334035,-1.02684,0.254037,264,396,0.599041,0.989538,1.19872,0.821891,0.755176,3.09154,0.704805,-2.7909,0.690458,0.599974,1.00061,1.20099
1897,7,31,19,2.4e+22,13.895,0.25,21.03,1.15,689.712,20691.4,525.3,156,0.579993,0.540547,0.693698,0.42068,0.384946,2.88683,0.289041,-0.475124,0.201219,312,468,0.585514,1.03584,1.33497,0.806141,0.740802,6.18789,0.619556,-1.05653,0.447447,0.585949,1.04324,1.36861
1898,7,32,18,2.4e+22,20.6199,0.195537,48.0505,1.199,1194.42,35832.6,525.3,132,0.578018,0.503695,0.684711,0.419571,0.434261,1.634,0.388185,-1.38083,0.330957,264,396,0.592277,0.83237,0.90882,0.693353,0.576396,1.39783,0.332076,-0.913725,0.219001,0.593216,0.841718,0.910534
1899,7,32,19,2.4e+22,20.6199,0.25,36.5802,1.159,1142.01,34260.3,525.3,156,0.582259,0.540312,0.754231,0.42748,0.42551,3.51746,0.366924,-0.665809,0.300516,312,468,0.579709,0.810998,0.902266,0.64164,0.509026,2.70981,0.282674,-0.427893,0.193131,0.580201,0.817181,0.903656
1947,8,15,1,4.8e+22,0.0251189,0.003,3.6169,1.068,1.917,57.5097,27,18,0.3651,-1.32436,-2.70147,-1.04516,-2.68565,-1.5081,-1.50477,-1.5081,-1.50477,25.65,25.65,0.307816,-1.41133,-2.73733,-1.1138,-2.7213,-1.51981,-1.51645,-1.51981,-1.51645,0.323983,-2.56509,-0.849302
1948,8,15,2,4.8e+22,0.0251189,0.0038356,2.9926,1.068,2.22262,66.678,27,18,0.385718,-1.24549,-2.44127,-0.889406,-2.42101,-1.33118,-1.32712,-1.33118,-1.32712,25.65,25.65,0.32967,-1.323,-2.65678,-0.944757,-2.63473,-1.4548,-1.45036,-1.4548,-1.45036,0.341475,-2.40456,-0.810105
1949,8,15,3,4.8e+22,0.0251189,0.00490394,2.4957,1.067,2.654,79.6202,27,18,0.404924,-1.12084,-2.14923,-0.690383,-2.12278,-1.16232,-1.15716,-1.16232,-1.15716,25.65,25.65,0.335305,-1.3797,-2.4483,-0.849826,-2.41817,-1.30553,-1.29973,-1.30553,-1.29973,0.343138,-2.5076,-0.725675
1950,8,15,4,4.8e+22,0.0251189,0.00626986,2.1095,1.066,3.22704,96.8111,27,18,0.411693,-0.425466,-1.10477,-0.278611,-1.06974,-0.749939,-0.739336,-0.749939,-0.739336,25.65,25.65,0.337947,-0.68401,-1.53134,-0.447916,-1.48279,-0.978116,-0.964286,-0.978116,-0.964286,0.34689,-1.20728,-0.579825
1951,8,15,5,4.8e+22,0.0251189,0.00801622,1.7996,1.064,3.98635,119.59,27,18,0.421072,-0.134859,-0.480965,-0.0862462,-0.45489,-0.390972,-0.380079,-0.390972,-0.380079,25.65,25.65,0.3381,-0.383726,-1.06567,-0.245405,-1.00789,-0.795727,-0.773557,-0.795727,-0.773557,0.346358,-0.669693,-0.940473
1952,8,15,6,4.8e+22,0.0251189,0.010249,1.546,1.061,4.98669,149.601,27,18,0.428612,0.0517234,-0.0211818,0.0329907,-0.019127,-0.0588395,-0.0553316,-0.0588395,-0.0553316,25.65,25.65,0.334213,-0.222832,-0.648246,-0.142129,-0.585363,-0.570051,-0.536066,-0.570051,-0.536066,0.342027,-0.378961,-0.655206
1953,8,15,7,4.8e+22,0.0251189,0.0131037,1.3424,1.056,6.24312,187.293,27,18,0.437428,0.139704,0.21168,0.0804566,0.178095,0.155744,0.139108,0.155744,0.139108,25.65,25.65,0.319403,-0.264307,-0.53335,-0.152217,-0.448731,-0.550882,-0.492038,-0.550882,-0.492038,0.32502,-0.43984,-0.607329
1960,8,16,1,4.8e+22,0.0372759,0.003,5.0078,1.101,2.35623,70.6869,27,18,0.382057,-0.56571,-1.54433,-0.465394,-1.53481,-1.07858,-1.07547,-1.07858,-1.07547,25.65,25.65,0.32295,-0.637516,-1.64532,-0.524466,-1.63518,-1.12729,-1.12403,-1.12729,-1.12403,0.343652,-1.15869,-1.35257
1961,8,16,2,4.8e+22,0.0372759,0.0038356,4.0419,1.1,2.60162,78.0488,27,18,0.398661,-0.600942,-1.56614,-0.458951,-1.55311,-1.04309,-1.03923,-1.04309,-1.03923,25.65,25.65,0.33136,-0.740156,-1.77777,-0.565272,-1.76297,-1.15748,-1.1532,-1.15748,-1.1532,0.34652,-1.34524,-0.682795
1962,8,16,3,4.8e+22,0.0372759,0.00490394,3.3016,1.099,2.9805,89.4154,27,18,0.414631,-0.569931,-1.43814,-0.389722,-1.42119,-0.929217,-0.924538,-0.929217,-0.924538,25.65,25.65,0.350068,-0.673252,-1.72472,-0.460373,-1.7044,-1.08593,-1.08046,-1.08593,-1.08046,0.360986,-1.22364,-0.62116
1963,8,16,4,4.8e+22,0.0372759,0.00626986,2.7441,1.097,3.50927,105.278,27,18,0.41245,-0.181723,-0.618585,-0.135618,-0.599541,-0.527328,-0.518419,-0.527328,-0.518419,25.65,25.65,0.349531,-0.266445,-0.997353,-0.198845,-0.966648,-0.823601,-0.809688,-0.823601,-0.809688,0.363542,-0.468762,-0.942659
1964,8,16,5,4.8e+22,0.0372759,0.00801622,2.3018,1.094,4.24569,127.371,27,18,0.421354,-0.0490553,-0.26319,-0.0354639,-0.251027,-0.266109,-0.258663,-0.266109,-0.258663,25.65,25.65,0.344208,-0.184366,-0.667582,-0.133285,-0.636732,-0.580615,-0.564369,-0.580615,-0.564369,0.356347,-0.321038,-0.670979
1965,8,16,6,4.8e+22,0.0372759,0.010249,1.9583,1.089,5.20892,156.268,27,18,0.427044,0.0594716,0.0296314,0.043,0.0273756,-0.0115768,-0.0109627,-0.0115768,-0.0109627,25.65,25.65,0.326437,-0.110011,-0.367713,-0.079542,-0.33972,-0.378458,-0.358381,-0.378458,-0.358381,0.337564,-0.187018,-0.386799
1966,8,16,7,4.8e+22,0.0372759,0.0131037,1.6856,1.083,6.44377,193.313,27,18,0.43598,0.115794,0.173388,0.0785892,0.152584,0.140799,0.12812,0.140799,0.12812,25.65,25.65,0.329327,-0.0430871,-0.298987,-0.0292431,-0.263112,-0.272565,-0.248021,-0.272565,-0.248021,0.338163,-0.0714799,-0.305659
1967,8,16,8,4.8e+22,0.0372759,0.0167535,1.4575,1.073,8.06588,241.976,27,18,0.441884,0.155023,0.264924,0.0996895,0.212374,0.256736,0.214934,0.256736,0.214934,25.65,25.65,0.327942,-0.0493416,-0.0452855,-0.0317298,-0.0363027,-0.303606,-0.254173,-0.303606,-0.254173,0.334806,-0.0773244,-0.285609
1968,8,16,9,4.8e+22,0.0372759,0.02142,1.2651,1.061,10.1841,305.523,30.5522,24,0.447814,0.195172,0.379063,0.109219,0.26692,0.356591,0.263355,0.356591,0.263355,29.0246,29.0246,0.327701,-0.0498328,0.0512613,-0.0278866,0.036096,0.141019,0.104147,0.141019,0.104147,0.331914,-0.0724684,0.0523643
1975,8,17,1,4.8e+22,0.0553168,0.003,7.394,1.147,3.17265,95.1793,27,18,0.393376,-0.14805,-0.554019,-0.127854,-0.546929,-0.545827,-0.541355,-0.545827,-0.541355,25.65,25.65,0.338798,-0.172705,-0.649477,-0.149145,-0.641165,-0.612711,-0.607691,-0.612711,-0.607691,0.367269,-0.311118,-0.67571
1976,8,17,2,4.8e+22,0.0553168,0.0038356,5.6845,1.146,3.30008,99.0028,27,18,0.401573,-0.14676,-0.546479,-0.123184,-0.537023,-0.527104,-0.521423,-0.527104,-0.521423,25.65,25.65,0.335218,-0.252686,-0.753451,-0.212094,-0.740413,-0.705318,-0.697716,-0.705318,-0.697716,0.358677,-0.451982,-0.787507
1977,8,17,3,4.8e+22,0.0553168,0.00490394,4.5278,1.144,3.57127,107.138,27,18,0.407271,-0.106743,-0.428157,-0.0878056,-0.418382,-0.428672,-0.422452,-0.428672,-0.422452,25.65,25.65,0.343045,-0.199109,-0.628152,-0.163784,-0.61381,-0.604175,-0.595409,-0.604175,-0.595409,0.364287,-0.352778,-0.664406
1978,8,17,4,4.8e+22,0.0553168,0.00626986,3.6616,1.142,4.02415,120.725,27,18,0.413474,-0.0497893,-0.262861,-0.0401016,-0.255099,-0.287725,-0.282083,-0.287725,-0.282083,25.65,25.65,0.340914,-0.132362,-0.494773,-0.106608,-0.480164,-0.475081,-0.465765,-0.475081,-0.465765,0.359692,-0.23245,-0.523667
1979,8,17,5,4.8e+22,0.0553168,0.00801622,3.0251,1.137,4.67323,140.197,27,18,0.415138,0.0237443,-0.0537365,0.0192656,-0.0513713,-0.0960381,-0.0929318,-0.0960381,-0.0929318,25.65,25.65,0.327849,-0.112201,-0.362428,-0.0910377,-0.346475,-0.373123,-0.361055,-0.373123,-0.361055,0.345977,-0.192728,-0.390374
1980,8,17,6,4.8e+22,0.0553168,0.010249,2.53,1.13,5.58219,167.466,27,18,0.423138,0.0653382,0.0670432,0.0515103,0.0629743,0.0331688,0.0316082,0.0331688,0.0316082,25.65,25.65,0.327135,-0.0837569,-0.235618,-0.066031,-0.221318,-0.287509,-0.273982,-0.287509,-0.273982,0.342716,-0.142345,-0.304516
1981,8,17,7,4.8e+22,0.0553168,0.0131037,2.1499,1.121,6.77146,203.144,27,18,0.43062,0.105864,0.164811,0.0813008,0.149197,0.15,0.138253,0.15,0.138253,25.65,25.65,0.332687,0.0261651,-0.140792,0.0200942,-0.127454,-0.145581,-0.13418,-0.145581,-0.13418,0.346046,0.0427887,-0.103391
1982,8,17,8,4.8e+22,0.0553168,0.0167535,1.8386,1.107,8.36558,250.967,27,18,0.437597,0.132644,0.215987,0.0974656,0.184391,0.21957,0.191719,0.21957,0.191719,25.65,25.65,0.325819,-0.0336977,-0.0679773,-0.0247607,-0.0580331,0.0181215,0.0158229,0.0181215,0.0158229,0.336091,-0.0527787,-0.000249247
1983,8,17,9,4.8e+22,0.0553168,0.02142,1.586,1.09,10.4279,312.838,31.2838,24,0.445271,0.166892,0.302696,0.113418,0.237021,0.28921,0.232361,0.28921,0.232361,29.7196,29.7196,0.328543,-0.0647531,-0.190446,-0.0440055,-0.149126,-0.106185,-0.0853124,-0.106185,-0.0853124,0.33543,-0.0939784,-0.19488
1984,8,17,10,4.8e+22,0.0553168,0.0273861,1.3752,1.07,13.1055,393.165,39.3165,24,0.452865,0.223572,0.415284,0.128682,0.268565,0.412368,0.295804,0.412368,0.295804,37.3507,37.3507,0.325982,0.0182547,0.126633,0.0105069,0.0818936,-0.0120145,-0.00861832,-0.0120145,-0.00861832,0.32953,0.0243047,0.207148
1985,8,17,11,4.8e+22,0.0553168,0.0350141,1.2011,1.05,16.4758,494.273,49.4273,30,0.458429,0.345327,0.668615,0.137424,0.308162,0.523594,0.316847,0.523594,0.316847,46.9559,46.9559,0.327436,-0.0384989,0.096177,-0.0153207,0.0443275,0.521217,0.315409,0.521217,0.315409,0.328714,-0.0469754,0.0970925
1991,8,18,1,4.8e+22,0.0820891,0.003,11.403,1.211,4.73365,142.01,27,18,0.39661,0.0125519,-0.0491088,0.0112488,-0.0478402,-0.0902212,-0.0882871,-0.0902212,-0.0882871,25.65,25.65,0.331657,-0.0219162,-0.161017,-0.019641,-0.156858,-0.224873,-0.220052,-0.224873,-0.220052,0.367455,-0.0388577,-0.228958
1992,8,18,2,4.8e+22,0.0820891,0.0038356,8.4759,1.21,4.61138,138.342,27,18,0.402091,0.0108891,-0.0634855,0.00960753,-0.0617316,-0.107616,-0.105219,-0.107616,-0.105219,25.65,25.65,0.327199,-0.0580799,-0.191377,-0.0512445,-0.18609,-0.236998,-0.231721,-0.236998,-0.231721,0.358156,-0.102309,-0.224852
1993,8,18,3,4.8e+22,0.0820891,0.00490394,6.508,1.208,4.67715,140.315,27,18,0.405152,0.0189332,-0.0459711,0.016513,-0.0445746,-0.0891287,-0.0869642,-0.0891287,-0.0869642,25.65,25.65,0.334482,-0.0311509,-0.230118,-0.0271689,-0.223127,-0.291484,-0.284405,-0.291484,-0.284405,0.363241,-0.0543926,-0.317816
1994,8,18,4,4.8e+22,0.0820891,0.00626986,5.0719,1.204,4.96492,148.948,27,18,0.407356,0.0371287,0.00193494,0.0321071,0.00186809,-0.0362485,-0.0352336,-0.0362485,-0.0352336,25.65,25.65,0.332199,-0.0260643,-0.170908,-0.0225392,-0.165003,-0.221393,-0.215194,-0.221393,-0.215194,0.35874,-0.045025,-0.231667
1995,8,18,5,4.8e+22,0.0820891,0.00801622,4.0949,1.198,5.47031,164.109,27,18,0.411381,0.0567843,0.0557922,0.0485457,0.0535375,0.0262408,0.0253626,0.0262408,0.0253626,25.65,25.65,0.322796,-0.0426735,-0.156023,-0.0364822,-0.149718,-0.192161,-0.18573,-0.192161,-0.18573,0.346438,-0.0730324,-0.219901
1996,8,18,6,4.8e+22,0.0820891,0.010249,3.3397,1.188,6.28054,188.417,27,18,0.416946,0.0784288,0.113711,0.0660135,0.107579,0.0968485,0.0923899,0.0968485,0.0923899,25.65,25.65,0.319985,-0.0178971,-0.0364977,-0.015064,-0.0345294,-0.12803,-0.122136,-0.12803,-0.122136,0.340736,-0.0300541,-0.131234
1997,8,18,7,4.8e+22,0.0820891,0.0131037,2.7863,1.174,7.39219,221.766,27,18,0.421187,0.10424,0.166415,0.0870309,0.153162,0.167326,0.155499,0.167326,0.155499,25.65,25.65,0.327411,0.0100448,0.00549483,0.00838652,0.00505721,-0.0502799,-0.046726,-0.0502799,-0.046726,0.346205,0.0161056,-0.0548627
1998,8,18,8,4.8e+22,0.0820891,0.0167535,2.3522,1.154,8.90908,267.272,27,18,0.430275,0.121891,0.192429,0.098174,0.170543,0.205092,0.183989,0.205092,0.183989,25.65,25.65,0.32833,0.022062,0.0853309,0.0177692,0.0756257,0.12833,0.115125,0.12833,0.115125,0.34308,0.0341824,0.157789
1999,8,18,9,4.8e+22,0.0820891,0.02142,2.0056,1.129,10.9269,327.806,32.7807,24,0.439733,0.157729,0.279579,0.120967,0.233313,0.277286,0.235367,0.277286,0.235367,31.1416,31.1416,0.317801,-0.0693036,-0.30144,-0.0531507,-0.251556,-0.363475,-0.308526,-0.363475,-0.308526,0.327635,-0.099526,-0.309165
2000,8,18,10,4.8e+22,0.0820891,0.0273861,1.7302,1.101,13.4956,404.868,40.4867,24,0.448947,0.196164,0.333332,0.136661,0.247411,0.333811,0.26133,0.333811,0.26133,38.4624,38.4624,0.324887,-0.0181195,-0.0402524,-0.0126232,-0.0298767,0.170361,0.13337,0.170361,0.13337,0.330615,-0.0239549,-0.00776285
2001,8,18,11,4.8e+22,0.0820891,0.0350141,1.4955,1.073,16.9191,507.573,50.7572,30,0.456787,0.252831,0.46299,0.144148,0.280801,0.414106,0.285895,0.414106,0.285895,48.2194,48.2194,0.329153,-0.143658,-0.506235,-0.0819045,-0.307029,-0.396251,-0.273567,-0.396251,-0.273567,0.331611,-0.174145,-0.511817
2009,8,19,1,4.8e+22,0.121819,0.003,19.8656,1.287,7.73542,232.063,27,18,0.395869,0.0608761,0.102235,0.0557902,0.0972794,0.102775,0.0981119,0.102775,0.0981119,25.65,25.65,0.315749,-0.00339831,-0.0174845,-0.0031144,-0.0166369,0.00729821,0.0069671,0.00729821,0.0069671,0.355889,-0.00587181,-0.00883142
2010,8,19,2,4.8e+22,0.121819,0.0038356,13.6354,1.29,7.11527,213.458,27,18,0.401074,0.063833,0.100312,0.0578984,0.0956352,0.0960998,0.0919739,0.0960998,0.0919739,25.65,25.65,0.325097,0.00717053,0.0312918,0.00650388,0.0298331,-0.0207508,-0.0198598,-0.0207508,-0.0198598,0.36219,0.0123063,-0.00697206
2011,8,19,3,4.8e+22,0.121819,0.00490394,9.99,1.289,6.78223,203.466,27,18,0.402895,0.0655655,0.0995234,0.0589954,0.0952716,0.0920321,0.0884556,0.0920321,0.0884556,25.65,25.65,0.321066,-0.00101688,-0.000721954,-0.000914981,-0.000691112,-0.0312167,-0.0300036,-0.0312167,-0.0300036,0.355013,-0.00173853,-0.0136021
2012,8,19,4,4.8e+22,0.121819,0.00626986,7.4679,1.285,6.71692,201.507,27,18,0.403813,0.0695133,0.106824,0.0621168,0.102397,0.0996934,0.0959585,0.0996934,0.0959585,25.65,25.65,0.320354,-0.00346791,-0.00582291,-0.00309891,-0.00558159,-0.101586,-0.0977805,-0.101586,-0.0977805,0.352033,-0.00589224,-0.0874017
2013,8,19,5,4.8e+22,0.121819,0.00801622,5.7535,1.277,6.96446,208.933,27,18,0.403347,0.0810599,0.127855,0.0722731,0.121647,0.126282,0.120708,0.126282,0.120708,25.65,25.65,0.320388,0.0185912,-0.0124964,0.0165759,-0.0118897,-0.0434206,-0.041504,-0.0434206,-0.041504,0.350443,0.0309112,-0.0489517
2014,8,19,6,4.8e+22,0.121819,0.010249,4.595,1.264,7.52358,225.708,27,18,0.40597,0.0934392,0.150812,0.0828463,0.142272,0.155846,0.147754,0.155846,0.147754,25.65,25.65,0.314273,-0.0041921,-0.0141796,-0.00371685,-0.0133766,0.016962,0.0160813,0.016962,0.0160813,0.341453,-0.00681587,0.00994226
2015,8,19,7,4.8e+22,0.121819,0.0131037,3.7261,1.245,8.47138,254.141,27,18,0.412251,0.104528,0.170695,0.0913524,0.158986,0.181954,0.170417,0.181954,0.170417,25.65,25.65,0.314351,0.00868091,0.0339563,0.0075867,0.0316271,0.0864592,0.0809773,0.0864592,0.0809773,0.337921,0.0138131,0.0772089
2016,8,19,8,4.8e+22,0.121819,0.0167535,3.0751,1.217,9.86827,296.048,29.6048,18,0.420778,0.126666,0.199049,0.108751,0.179561,0.225353,0.205306,0.225353,0.205306,28.1246,28.1246,0.318536,0.0272233,0.0763938,0.0233731,0.0689142,-0.0222765,-0.0202948,-0.0222765,-0.0202948,0.337558,0.0409282,0.00886424
2017,8,19,9,4.8e+22,0.121819,0.02142,2.5825,1.182,11.7705,353.114,35.3114,24,0.432108,0.154496,0.271096,0.128071,0.23557,0.28017,0.24651,0.28017,0.24651,33.5458,33.5458,0.322685,0.025393,0.0181071,0.0210498,0.0157342,-0.0930511,-0.0818719,-0.0930511,-0.0818719,0.336481,0.0360069,0.0186128
2018,8,19,10,4.8e+22,0.121819,0.0273861,2.2019,1.143,14.247,427.411,42.7411,24,0.443993,0.190324,0.306433,0.148526,0.246448,0.317861,0.263856,0.317861,0.263856,40.6041,40.6041,0.326104,0.0239068,0.0971871,0.0186566,0.0781626,0.171143,0.142066,0.171143,0.142066,0.334447,0.0312736,0.165152
2019,8,19,11,4.8e+22,0.121819,0.0350141,1.8834,1.104,17.6179,528.538,52.8538,30,0.454778,0.237466,0.393729,0.164485,0.278464,0.366825,0.278119,0.366825,0.278119,50.2111,50.2111,0.336738,0.0112906,0.085613,0.00782069,0.0605496,-0.273118,-0.207073,-0.273118,-0.207073,0.34078,0.0135989,0.0866981
2020,8,19,12,4.8e+22,0.121819,0.0447667,1.6288,1.071,21.8854,656.563,65.6563,36,0.462357,0.297906,0.477274,0.163131,0.26326,0.392808,0.260111,0.392808,0.260111,62.3735,62.3735,0.356239,-0.0261649,-0.422477,-0.0143277,-0.233034,-0.995525,-0.65922,-0.995525,-0.65922,0.357802,-0.0294862,-0.425104
2028,8,20,1,4.8e+22,0.180777,0.003,34.6545,1.352,12.8575,385.723,38.5724,18,0.395763,0.0863954,0.163032,0.0801597,0.147575,0.187141,0.170892,0.18417,0.168368,36,36.6438,0.317704,0.0190312,0.0752368,0.0176576,0.0681034,0.249831,0.228139,0.23902,0.218512,0.360515,0.0315022,0.11913
2029,8,20,2,4.8e+22,0.180777,0.0038356,23.1349,1.365,11.7085,351.255,35.1255,18,0.400089,0.0914641,0.166959,0.0843012,0.152872,0.192562,0.177633,0.192562,0.177633,33.3692,33.3692,0.320075,0.0225695,-0.00941541,0.020802,-0.008621,-0.118346,-0.109171,-0.118346,-0.109171,0.359699,0.0370574,-0.0586278
2030,8,20,3,4.8e+22,0.180777,0.00490394,16.9335,1.371,10.8554,325.663,32.5663,18,0.400158,0.0943963,0.167952,0.0867417,0.155197,0.191492,0.178058,0.191492,0.178058,30.938,30.938,0.306332,-0.011399,-0.0436037,-0.0104746,-0.0402923,-0.116557,-0.108379,-0.116557,-0.108379,0.342745,-0.0186102,-0.0827353
2031,8,20,4,4.8e+22,0.180777,0.00626986,11.7652,1.373,10.0818,302.454,30.2454,18,0.398151,0.0968287,0.168199,0.0887757,0.156695,0.18972,0.177625,0.18972,0.177625,28.7332,28.7332,0.306776,-0.0133675,-0.0472023,-0.0122558,-0.0439739,-0.104651,-0.0979798,-0.104651,-0.0979798,0.341844,-0.0216218,-0.0848766
2032,8,20,5,4.8e+22,0.180777,0.00801622,8.6722,1.367,9.76658,292.998,29.2997,18,0.396743,0.100319,0.171153,0.0917571,0.160079,0.193491,0.181803,0.193491,0.181803,27.8347,27.8347,0.307814,0.0248108,0.0814956,0.0226933,0.0762227,0.0213366,0.0200477,0.0213366,0.0200477,0.341485,0.0396725,0.0423539
2033,8,20,6,4.8e+22,0.180777,0.010249,6.5828,1.352,9.89123,296.737,29.6737,18,0.398399,0.107931,0.178752,0.09831,0.166833,0.203494,0.190852,0.203494,0.190852,28.19,28.19,0.302676,0.0207536,0.0782781,0.0189036,0.0730585,0.143997,0.135051,0.143997,0.135051,0.333361,0.0325435,0.128774
2034,8,20,7,4.8e+22,0.180777,0.0131037,5.1541,1.327,10.49,314.7,31.47,18,0.403234,0.118938,0.192432,0.107488,0.178149,0.222435,0.207214,0.222435,0.207214,29.8965,29.8965,0.303388,0.000186194,0.00495626,0.000168269,0.0045884,0.0222135,0.0206935,0.0222135,0.0206935,0.330506,0.000283948,0.00343566
2035,8,20,8,4.8e+22,0.180777,0.0167535,4.161,1.293,11.5724,347.172,34.7172,18,0.411481,0.135553,0.212378,0.120896,0.193031,0.259182,0.237929,0.259182,0.237929,32.9813,32.9813,0.309203,0.0254189,0.0256172,0.0226704,0.0232835,-0.0877719,-0.0805743,-0.0877719,-0.0805743,0.331832,0.0371744,-0.0259272
2036,8,20,9,4.8e+22,0.180777,0.02142,3.4212,1.248,13.2319,396.957,39.6957,24,0.423498,0.158112,0.271536,0.137791,0.240536,0.290706,0.260147,0.290706,0.260147,37.7109,37.7109,0.312025,0.02489,0.00450447,0.0216911,0.00399022,-0.112826,-0.100966,-0.112826,-0.100966,0.328737,0.0343667,0.00465395
2037,8,20,10,4.8e+22,0.180777,0.0273861,2.851,1.196,15.6068,468.206,46.8205,24,0.43783,0.190609,0.292592,0.159346,0.245481,0.31798,0.272744,0.31798,0.272744,44.4795,44.4795,0.321662,-0.0247259,-0.0780357,-0.0206704,-0.065471,-0.140407,-0.120433,-0.140407,-0.120433,0.332374,-0.0317785,-0.127185
2038,8,20,11,4.8e+22,0.180777,0.0350141,2.4169,1.145,18.7354,562.061,56.2062,30,0.451122,0.229773,0.351446,0.178661,0.271945,0.330404,0.266422,0.330404,0.266422,53.3958,53.3958,0.339203,0.0187841,-0.169628,0.0146057,-0.131257,-0.490533,-0.395543,-0.490533,-0.395543,0.345101,0.0224621,-0.172206
2039,8,20,12,4.8e+22,0.180777,0.0447667,2.0604,1.1,22.9809,689.427,68.9428,36,0.461574,0.283316,0.416962,0.191456,0.275841,0.364663,0.265879,0.364663,0.265879,65.4956,65.4956,0.357619,-0.0056506,-0.150903,-0.0038185,-0.0998295,-0.727764,-0.53062,-0.727764,-0.53062,0.360181,-0.00634544,-0.152079
2040,8,20,13,4.8e+22,0.180777,0.0572357,1.7774,1.067,28.3727,851.182,85.1182,42,0.466999,0.34075,0.488714,0.174267,0.238406,0.379808,0.240158,0.379808,0.240158,80.8623,80.8623,0.367928,-0.0850901,-0.226026,-0.043517,-0.110261,-0.170359,-0.10772,-0.170359,-0.10772,0.368843,-0.0918485,-0.226913
2047,8,21,1,4.8e+22,0.26827,0.003,52.0972,1.393,20.2362,607.084,60.7085,18,0.4008,0.104214,0.189749,0.0970928,0.15926,0.228122,0.19147,0.167835,0.142886,36,54,0.48789,0.553128,0.942312,0.515329,0.790897,0.952998,0.799883,1.03091,0.877666,0.551644,0.87781,0.933941
2048,8,21,2,4.8e+22,0.26827,0.0038356,40.7043,1.406,19.3923,581.769,58.1769,18,0.403677,0.109756,0.195164,0.101938,0.164103,0.23581,0.199523,0.179651,0.154319,36,54,0.516535,0.667116,0.74124,0.619599,0.623268,0.77703,0.657459,0.852138,0.731983,0.580473,1.04821,0.743733
2049,8,21,3,4.8e+22,0.26827,0.00490394,27.691,1.425,17.8122,534.364,53.4365,18,0.402985,0.115747,0.200147,0.107296,0.171188,0.245732,0.213062,0.205448,0.180162,36,50.7646,0.655795,1.16924,1.57826,1.08388,1.34991,1.5513,1.34505,1.46136,1.2815,0.733238,1.81323,1.5563
2050,8,21,4,4.8e+22,0.26827,0.00626986,20.2045,1.436,16.4786,494.358,49.4358,18,0.400552,0.120597,0.206123,0.111777,0.180019,0.258876,0.228772,0.232314,0.206962,36,46.9641,0.955676,2.20704,0.839344,2.04563,0.733047,0.89702,0.79271,0.775436,0.690814,1.06603,3.38786,0.849997
2051,8,21,5,4.8e+22,0.26827,0.00801622,13.8252,1.439,15.1029,453.088,45.3088,18,0.397188,0.124964,0.209931,0.115786,0.188015,0.269009,0.243254,0.254669,0.231351,36,43.0433,1.18888,2.99695,0.38041,2.77685,0.340697,0.201317,0.182043,0.149334,0.135661,1.32193,4.54073,0.327997
2052,8,21,6,4.8e+22,0.26827,0.010249,10.1086,1.429,14.376,431.28,43.128,18,0.396237,0.129634,0.211693,0.119895,0.191388,0.272819,0.248944,0.263423,0.241109,36,40.9716,1.1998,3.11286,0.149249,2.87901,0.134933,0.0348966,0.0318427,0.008997,0.00823488,1.32645,4.63331,0.136377
2053,8,21,7,4.8e+22,0.26827,0.0131037,7.5496,1.405,14.242,427.26,42.726,24,0.399507,0.138725,0.256151,0.127679,0.23315,0.274894,0.251868,0.274894,0.251868,40.5897,40.5897,0.299568,0.0197618,-0.0451188,0.0181883,-0.0410674,-0.153811,-0.140928,-0.153811,-0.140928,0.327874,0.0286568,-0.0464856
2054,8,21,8,4.8e+22,0.26827,0.0167535,5.8546,1.368,14.7679,443.037,44.3038,24,0.406659,0.151395,0.26632,0.138069,0.24098,0.28889,0.263411,0.28889,0.263411,42.0886,42.0886,0.296634,-0.0101771,-0.0462682,-0.00928129,-0.0418659,-0.111212,-0.101404,-0.111212,-0.101404,0.320172,-0.0142614,-0.0478378
2055,8,21,9,4.8e+22,0.26827,0.02142,4.6786,1.317,15.9683,479.048,47.9048,24,0.417783,0.170213,0.277561,0.152806,0.246,0.305019,0.273505,0.305019,0.273505,45.5096,45.5096,0.298903,-0.00363779,-0.0129289,-0.00326577,-0.0114588,0.00525514,0.00471219,0.00525514,0.00471219,0.316859,-0.00485248,-0.0271873
2056,8,21,10,4.8e+22,0.26827,0.0273861,3.8028,1.256,17.9807,539.42,53.942,24,0.431902,0.194771,0.284306,0.169993,0.243084,0.318617,0.276968,0.308861,0.269537,48,51.2449,0.318276,0.0222687,0.0702024,0.0194358,0.0600237,-0.030001,-0.0260793,-0.0458299,-0.0399949,0.330911,0.0280157,0.098358
2057,8,21,11,4.8e+22,0.26827,0.0350141,3.1645,1.195,20.813,624.389,62.4389,30,0.446884,0.2287,0.327599,0.190324,0.265384,0.305116,0.254772,0.305116,0.254772,59.3169,59.3169,0.335821,0.0169372,0.0638831,0.0140951,0.0517509,-0.1055,-0.0880925,-0.1055,-0.0880925,0.343393,0.0200541,0.0651456
2058,8,21,12,4.8e+22,0.26827,0.0447667,2.6615,1.139,24.7645,742.934,74.2935,36,0.459479,0.273747,0.372949,0.209024,0.273022,0.319056,0.248336,0.319056,0.248336,70.5788,70.5788,0.354547,0.00534882,0.028676,0.00408418,0.0209926,-0.208425,-0.162227,-0.208425,-0.162227,0.358317,0.00599809,0.0289802
2059,8,21,13,4.8e+22,0.26827,0.0572357,2.2618,1.094,30.0607,901.822,90.1822,42,0.467097,0.320894,0.41962,0.208344,0.255211,0.334521,0.232105,0.324661,0.227302,84,85.6731,0.374158,-0.0295265,-0.0810299,-0.0191705,-0.0492821,-0.864911,-0.600111,-0.852889,-0.597125,0.375738,-0.0318281,-0.0814811
2060,8,21,14,4.8e+22,0.26827,0.0731778,1.9337,1.061,37.1594,1114.78,111.478,54,0.470809,0.3844,0.545158,0.175682,0.222996,0.389354,0.231011,0.389354,0.231011,105.904,105.904,0.392086,0.276833,-0.296362,0.126521,-0.121226,0.0552961,0.0328083,0.0552961,0.0328083,0.392631,0.291663,-0.296587
2066,8,22,2,4.8e+22,0.398107,0.0038356,59.8615,1.433,30.1078,903.233,90.3233,18,0.408629,0.121818,0.211996,0.113446,0.176028,0.255832,0.189673,0.18545,0.138817,36,54,0.663638,1.07181,0.584811,0.998153,0.485591,0.392395,0.29092,0.0740452,0.0554261,0.743765,1.63944,0.546241
2067,8,22,3,4.8e+22,0.398107,0.00490394,46.4007,1.449,28.944,868.318,86.8319,18,0.408616,0.127828,0.217445,0.118948,0.181187,0.266916,0.201664,0.204795,0.156219,36,54,0.675257,1.14257,0.292145,1.0632,0.243431,0.263429,0.199029,0.355337,0.271052,0.754001,1.72678,0.276115
2068,8,22,4,4.8e+22,0.398107,0.00626986,32.985,1.466,26.9965,809.897,80.9896,18,0.405799,0.13379,0.220782,0.124559,0.185695,0.274349,0.215794,0.217048,0.172287,36,54,0.727925,1.3285,1.50198,1.23684,1.26328,1.28526,1.01094,1.3328,1.05794,0.810308,1.97603,1.3995
2069,8,22,5,4.8e+22,0.398107,0.00801622,23.7047,1.476,24.9386,748.159,74.8158,24,0.40287,0.1399,0.257976,0.130335,0.209972,0.254836,0.208973,0.17782,0.149162,48,71.0751,0.895991,1.87438,1.79189,1.74621,1.45845,1.71086,1.40295,1.29394,1.08541,0.994135,2.7407,1.86493
2070,8,22,6,4.8e+22,0.398107,0.010249,17.2976,1.475,23.0907,692.721,69.2722,24,0.401268,0.146526,0.263815,0.136467,0.220769,0.274625,0.232519,0.223074,0.191702,48,65.8086,1.23345,2.97237,1.20606,2.7683,1.00927,0.85141,0.720869,0.636234,0.546757,1.36177,4.26206,1.25682
2071,8,22,7,4.8e+22,0.398107,0.0131037,11.778,1.457,21.376,641.28,64.128,24,0.402607,0.156253,0.267672,0.145083,0.230502,0.289739,0.252051,0.257287,0.225971,48,60.9216,0.462266,0.532946,0.671528,0.494848,0.578276,0.38227,0.332546,0.27414,0.240774,0.505076,0.740748,0.701459
2072,8,22,8,4.8e+22,0.398107,0.0167535,8.7589,1.424,20.7715,623.146,62.3146,24,0.407667,0.167628,0.27084,0.154697,0.235261,0.298451,0.261879,0.271659,0.24022,48,59.1989,0.495465,0.67898,1.1545,0.626601,1.00284,0.912106,0.800337,0.838838,0.74176,0.534529,0.913042,1.08915
2073,8,22,9,4.8e+22,0.398107,0.02142,6.7006,1.375,21.0649,631.947,63.1947,24,0.417295,0.184989,0.279061,0.168815,0.241242,0.318178,0.278179,0.289891,0.255599,48,60.0349,0.520271,0.82751,0.921672,0.75516,0.796765,0.739966,0.646942,0.617805,0.544723,0.552439,1.06857,0.913304
2074,8,22,10,4.8e+22,0.398107,0.0273861,5.2864,1.313,22.3106,669.318,66.9318,30,0.430044,0.207689,0.320102,0.185938,0.272431,0.311847,0.269509,0.302502,0.262366,60,63.5853,0.770715,2.04309,3.22348,1.82912,2.74342,2.76909,2.39314,2.68246,2.32655,0.804318,2.51733,3.28872
2075,8,22,11,4.8e+22,0.398107,0.0350141,4.2469,1.245,24.6743,740.229,74.0228,30,0.444388,0.235459,0.319968,0.203774,0.261448,0.322022,0.267907,0.294706,0.248315,60,70.3217,0.762526,2.40987,3.21351,2.08558,2.62578,2.6121,2.17315,2.38666,2.01096,0.782707,2.82205,3.11984
2076,8,22,12,4.8e+22,0.398107,0.0447667,3.5181,1.182,28.0604,841.813,84.1813,36,0.45684,0.267753,0.341792,0.219354,0.26178,0.305199,0.241522,0.281279,0.225974,72,79.9722,5.57977,39.8509,0.279515,32.6474,0.214082,0.318591,0.25212,0.420381,0.337725,5.65953,44.645,0.256993
2077,8,22,13,4.8e+22,0.398107,0.0572357,2.9439,1.128,32.913,987.389,98.7389,48,0.466613,0.306762,0.378423,0.227542,0.258537,0.266351,0.198601,0.266351,0.198601,93.8019,93.8019,0.375728,0.0829411,0.0638622,0.0615219,0.0436304,0.172258,0.128442,0.172258,0.128442,0.378176,0.0895773,0.0639705
2078,8,22,14,4.8e+22,0.398107,0.0731778,2.4882,1.085,39.5534,1186.6,118.66,54,0.472253,0.352772,0.436752,0.216395,0.237124,0.329176,0.213022,0.307095,0.203618,108,112.727,0.389905,0.1458,0.466395,0.0894355,0.253218,0.556851,0.360359,0.646183,0.428448,0.39089,0.153501,0.467112
2079,8,22,15,4.8e+22,0.398107,0.0935603,2.1273,1.056,48.2296,1446.89,144.689,60,0.473781,0.41876,0.568319,0.170097,0.18271,0.475902,0.22855,0.362162,0.20259,120,137.454,0.403727,0.321108,-0.469071,0.130431,-0.150802,0.091656,0.0440174,-0.176979,-0.0990005,0.404067,0.333674,-0.469839
2084,8,23,4,4.8e+22,0.590784,0.00626986,52.1572,1.483,42.9473,1288.42,128.842,18,0.410703,0.141059,0.231456,0.131622,0.194772,0.284568,0.192209,0.23173,0.147262,36,54,0.607715,0.890263,0.957188,0.830702,0.805483,0.705163,0.476298,0.694403,0.441286,0.675838,1.30463,0.850311
2085,8,23,5,4.8e+22,0.590784,0.00801622,42.2484,1.492,41.3729,1241.19,124.119,24,0.408899,0.145428,0.265055,0.135793,0.210278,0.262627,0.173202,0.150876,0.101025,48,72,0.614122,0.907347,0.877611,0.847228,0.696243,0.736959,0.486022,0.795549,0.532691,0.681461,1.31341,0.914702
2086,8,23,6,4.8e+22,0.590784,0.010249,27.7479,1.497,37.719,1131.57,113.157,24,0.406687,0.155383,0.269408,0.145131,0.217991,0.275757,0.197672,0.177728,0.129198,48,72,0.647813,1.03395,0.790797,0.965731,0.63987,0.668422,0.479147,0.717566,0.521632,0.713937,1.45401,0.826237
2087,8,23,7,4.8e+22,0.590784,0.0131037,20.5001,1.488,35.0374,1051.12,105.112,24,0.407941,0.165718,0.276791,0.154564,0.226915,0.299674,0.226586,0.222337,0.17034,48,72,0.661253,1.10885,0.870297,1.03422,0.713475,0.749109,0.566407,0.822431,0.630094,0.723089,1.52034,0.809004
2088,8,23,8,4.8e+22,0.590784,0.0167535,14.0639,1.458,32.1949,965.846,96.5847,24,0.412701,0.180347,0.281384,0.167407,0.233706,0.316681,0.251673,0.257253,0.206991,48,72,0.717573,1.34789,1.30516,1.25118,1.08401,1.1288,0.897079,1.16035,0.933646,0.774102,1.77908,1.21664
2089,8,23,9,4.8e+22,0.590784,0.02142,10.215,1.414,30.6822,920.467,92.0467,24,0.420412,0.196091,0.282541,0.180479,0.235979,0.320713,0.260906,0.264595,0.217857,48,72,0.620833,1.09917,1.23341,1.01166,1.03015,1.06138,0.863452,1.06028,0.872989,0.659682,1.39438,1.14453
2090,8,23,10,4.8e+22,0.590784,0.0273861,7.8042,1.359,30.4453,913.358,91.3358,30,0.430953,0.21666,0.313021,0.196764,0.253356,0.308243,0.252845,0.240593,0.201752,60,86.769,0.633958,1.25872,1.44187,1.14312,1.16704,1.27959,1.04962,1.29184,1.08329,0.663497,1.53423,1.39959
2091,8,23,11,4.8e+22,0.590784,0.0350141,6.01,1.291,31.574,947.22,94.722,36,0.444017,0.243411,0.336214,0.215794,0.268441,0.30826,0.250339,0.263695,0.218265,72,89.9859,0.632582,1.43348,1.71375,1.27084,1.3683,1.63978,1.33167,1.35808,1.1241,0.651741,1.67122,1.74517
2092,8,23,12,4.8e+22,0.590784,0.0447667,4.7842,1.223,34.1754,1025.26,102.526,42,0.456811,0.273367,0.355264,0.232861,0.272347,0.308452,0.243104,0.27659,0.222294,84,97.4,0.628808,1.72478,2.08965,1.46921,1.60194,2.00236,1.57814,1.76541,1.41885,0.639735,1.92975,2.10779
2093,8,23,13,4.8e+22,0.590784,0.0572357,3.9158,1.163,38.2835,1148.51,114.851,48,0.466361,0.300896,0.358023,0.239928,0.253527,0.274432,0.203914,0.241017,0.184026,96,109.108,0.55045,1.58914,2.43772,1.26715,1.72623,2.15944,1.60455,2.14016,1.6341,0.555315,1.71902,2.45022
2094,8,23,14,4.8e+22,0.590784,0.0731778,3.2641,1.115,44.1423,1324.27,132.427,54,0.472614,0.329579,0.362369,0.234273,0.222089,0.240835,0.160601,0.195173,0.137425,108,125.806,0.386154,-0.0220875,-0.0728166,-0.0157004,-0.0446277,-0.50673,-0.337913,-0.584486,-0.411548,0.387678,-0.0232967,-0.0731093
2095,8,23,15,4.8e+22,0.590784,0.0935603,2.7448,1.077,52.3724,1571.17,157.117,66,0.476274,0.377221,0.44047,0.21405,0.202152,0.305955,0.174148,0.24139,0.150121,132,149.261,0.404136,0.205068,-0.0492563,0.116364,-0.0226059,0.318835,0.18148,0.235381,0.146384,0.404744,0.212687,-0.0493
2100,8,24,6,4.8e+22,0.876712,0.010249,45.3228,1.509,61.0014,1830.04,183.004,24,0.412546,0.161488,0.277773,0.151067,0.224712,0.283943,0.165593,0.171204,0.0860478,48,72,0.552107,0.698592,0.908341,0.65351,0.734827,0.679184,0.396095,0.670623,0.337057,0.608257,0.974814,0.81842
2101,8,24,7,4.8e+22,0.876712,0.0131037,34.3409,1.502,57.7048,1731.14,173.114,24,0.413413,0.170089,0.280096,0.158952,0.229137,0.292947,0.177938,0.193757,0.107701,48,72,0.554873,0.709169,0.794675,0.662734,0.650097,0.311428,0.189163,-0.162194,-0.0901561,0.606773,0.965279,0.655303
2102,8,24,8,4.8e+22,0.876712,0.0167535,24.3584,1.48,53.2999,1599,159.9,24,0.417587,0.184118,0.285593,0.171481,0.236254,0.309413,0.198325,0.229165,0.142484,48,72,0.785711,1.48989,0.805736,1.38763,0.666537,0.588394,0.377145,0.562572,0.34978,0.848999,1.95872,0.722084
2103,8,24,9,4.8e+22,0.876712,0.02142,17.8028,1.446,49.4927,1484.78,148.478,30,0.424077,0.20018,0.31486,0.185363,0.247784,0.304764,0.204638,0.210807,0.143941,60,90,0.533325,0.718782,0.732005,0.66558,0.576064,0.539503,0.362256,0.501084,0.342146,0.568832,0.912287,0.752474
2104,8,24,10,4.8e+22,0.876712,0.0273861,12.3469,1.389,46.0494,1381.48,138.148,30,0.434542,0.222405,0.317697,0.203492,0.252574,0.317397,0.227184,0.239204,0.173914,60,90,0.597676,0.991484,0.827548,0.907169,0.657912,0.38685,0.276896,-0.0523272,-0.0380445,0.62673,1.2027,0.767674
2105,8,24,11,4.8e+22,0.876712,0.0350141,9.1559,1.328,44.6765,1340.29,134.029,36,0.44555,0.245467,0.330359,0.220677,0.252625,0.29928,0.220327,0.205975,0.156122,72,108,0.616579,1.20067,1.03617,1.07941,0.792357,0.89964,0.662305,0.768234,0.582295,0.637234,1.3988,1.05979
2106,8,24,12,4.8e+22,0.876712,0.0447667,6.9891,1.263,45.1836,1355.51,135.551,42,0.45746,0.274585,0.349686,0.239947,0.254994,0.30934,0.227307,0.212946,0.164278,84,126,0.536357,0.944535,0.738944,0.825386,0.538844,0.266958,0.196165,-0.147757,-0.113987,0.547482,1.05928,0.751047
2107,8,24,13,4.8e+22,0.876712,0.0572357,5.469,1.199,47.7885,1433.65,143.365,48,0.467173,0.30277,0.359799,0.252285,0.247886,0.308486,0.218824,0.220867,0.166579,96,136.197,0.512159,1.01677,1.77022,0.847227,1.2196,1.61542,1.1459,1.55132,1.17001,0.517917,1.10262,1.79215
2108,8,24,14,4.8e+22,0.876712,0.0731778,4.4106,1.144,52.5524,1576.57,157.657,54,0.474166,0.32636,0.358334,0.251307,0.224183,0.281997,0.184653,0.196035,0.13997,108,149.774,0.475982,0.937424,1.2274,0.721846,0.767891,1.08574,0.710947,1.11735,0.797796,0.478565,0.990684,1.23959
2109,8,24,15,4.8e+22,0.876712,0.0935603,3.6257,1.1,59.8342,1795.03,179.502,66,0.47825,0.351367,0.364211,0.234976,0.189324,0.227303,0.131071,0.146834,0.0960319,132,170.527,0.403739,0.150555,0.214245,0.100684,0.111368,0.243026,0.140138,0.581729,0.380459,0.40467,0.156257,0.215005
2110,8,24,16,4.8e+22,0.876712,0.11962,3.0361,1.068,69.8859,2096.58,209.658,78,0.479299,0.376117,0.378032,0.191572,0.13149,0.16692,0.0754559,0.0783943,0.0448986,156,199.175,0.412683,0.245466,0.390005,0.125026,0.135655,0.322917,0.145975,0.601746,0.344637,0.413045,0.252063,0.390348
2114,8,25,7,4.8e+22,1.30103,0.0131037,53.1124,1.508,91.2432,2737.3,273.73,24,0.419005,0.175209,0.286452,0.163871,0.235314,0.296513,0.17674,0.163783,0.0607678,48,72,0.670312,1.04011,0.942476,0.972801,0.774225,0.495619,0.295419,-0.104193,-0.0386583,0.732087,1.40467,0.896036
2115,8,25,8,4.8e+22,1.30103,0.0167535,42.5548,1.494,87.8956,2636.87,263.687,24,0.422057,0.184666,0.288857,0.17236,0.239078,0.302398,0.185093,0.186586,0.0740101,48,72,0.631025,0.962191,0.970274,0.898072,0.803066,0.766083,0.468908,0.724061,0.287202,0.683554,1.26845,0.981379
2116,8,25,9,4.8e+22,1.30103,0.02142,29.9082,1.458,81.709,2451.27,245.127,30,0.42927,0.202203,0.314055,0.18764,0.247062,0.2811,0.14952,0.112174,0.0447051,60,90,0.561598,0.762455,0.935061,0.707543,0.735597,0.689821,0.366922,0.675894,0.269367,0.599372,0.964836,0.961037
2117,8,25,10,4.8e+22,1.30103,0.0273861,20.9621,1.408,75.2495,2257.49,225.748,30,0.439317,0.224783,0.322111,0.206572,0.25599,0.31327,0.177691,0.207073,0.101622,60,90,0.55867,0.817178,0.948264,0.750972,0.753612,0.678747,0.384996,0.627083,0.307744,0.586931,0.99112,0.871856
2118,8,25,11,4.8e+22,1.30103,0.0350141,14.564,1.346,69.5504,2086.51,208.651,36,0.450807,0.250936,0.338193,0.226882,0.257798,0.314334,0.176921,0.209867,0.120206,72,108,0.612595,1.09535,0.822506,0.990359,0.626982,0.604724,0.340365,0.576682,0.330309,0.633653,1.27208,0.840881
2119,8,25,12,4.8e+22,1.30103,0.0447667,10.6876,1.285,66.4017,1992.05,199.205,42,0.460906,0.274627,0.343165,0.242673,0.247951,0.286881,0.173068,0.164444,0.102392,84,126,0.542023,0.918989,0.657309,0.81206,0.474933,0.482102,0.29084,0.519131,0.32324,0.554033,1.02946,0.668205
2120,8,25,13,4.8e+22,1.30103,0.0572357,7.9847,1.224,65.7944,1973.83,197.383,48,0.47016,0.301438,0.351712,0.256652,0.239766,0.282413,0.173538,0.148075,0.0956215,96,144,0.537492,1.01648,0.729806,0.865456,0.497518,0.564793,0.347056,0.440495,0.284457,0.544312,1.10262,0.739636
2121,8,25,14,4.8e+22,1.30103,0.0731778,6.2137,1.17,68.0382,2041.15,204.115,54,0.477123,0.328602,0.366099,0.264166,0.230392,0.310312,0.183587,0.201356,0.128684,108,162,0.484012,0.776306,0.557058,0.624078,0.350565,0.314156,0.185861,-0.514918,-0.329078,0.487238,0.821553,0.524718
2122,8,25,15,4.8e+22,1.30103,0.0935603,4.9765,1.124,73.1815,2195.44,219.544,66,0.480914,0.349932,0.369164,0.256036,0.196199,0.282776,0.153071,0.162582,0.102747,132,198,0.498413,1.24681,0.565623,0.912255,0.30061,0.401835,0.217519,0.876324,0.553814,0.499994,1.29597,0.569432
2123,8,25,16,4.8e+22,1.30103,0.11962,4.0774,1.088,81.4616,2443.85,244.385,78,0.482528,0.359523,0.343377,0.223107,0.139011,0.165388,0.074609,0.0445716,0.0265949,156,232.166,0.550695,2.80305,2.29655,1.73947,0.929724,1.71914,0.775533,1.29279,0.771378,0.551447,2.87899,2.30304
2124,8,25,17,4.8e+22,1.30103,0.152938,3.371,1.059,94.0123,2820.37,282.037,84,0.482612,0.373778,0.33661,0.163433,0.0758411,0.037583,0.0101243,-0.065698,-0.0308539,168,252,0.410605,-0.173319,-0.59607,-0.0757829,-0.134299,-0.951171,-0.256232,-0.19291,-0.0905968,0.410813,-0.176872,-0.59708
2127,8,26,9,4.8e+22,1.9307,0.02142,48.4371,1.465,131.317,3939.52,393.952,30,0.435122,0.205985,0.318719,0.191358,0.251569,0.285899,0.149952,-0.00785074,-0.00189589,60,90,0.645536,1.00504,1.10731,0.933668,0.87401,0.943612,0.494917,1.12957,0.272781,0.689109,1.26937,1.13748
2128,8,26,10,4.8e+22,1.9307,0.0273861,36.38,1.424,124.695,3740.84,374.084,30,0.443399,0.222694,0.320815,0.205309,0.25551,0.296087,0.16244,0.0655294,0.0184004,60,90,0.619922,0.991815,0.75951,0.914386,0.604904,0.594813,0.326327,0.509285,0.143005,0.652895,1.20776,0.80799
2129,8,26,11,4.8e+22,1.9307,0.0350141,25.334,1.364,115.313,3459.39,345.939,36,0.45491,0.247352,0.334554,0.224824,0.255683,0.273897,0.131315,-0.0812021,-0.0178788,72,108,0.600174,0.985103,1.03168,0.895382,0.788459,0.758844,0.363813,0.868817,0.191293,0.62225,1.14831,1.05408
2130,8,26,12,4.8e+22,1.9307,0.0447667,18.5465,1.309,107.462,3223.85,322.385,42,0.464725,0.271612,0.34746,0.242475,0.251705,0.267989,0.112295,0.0178995,0.00541623,84,126,0.548709,0.830344,0.83152,0.741268,0.602365,0.597394,0.250324,0.256521,0.0776211,0.562421,0.935357,0.84508
2131,8,26,13,4.8e+22,1.9307,0.0572357,12.8959,1.245,100.18,3005.4,300.54,48,0.47442,0.298838,0.351361,0.258292,0.241089,0.259065,0.103826,0.0714718,0.0288074,96,144,0.544561,0.964458,0.763452,0.8336,0.523848,0.531856,0.213152,0.44387,0.178906,0.552355,1.04897,0.773795
2132,8,26,14,4.8e+22,1.9307,0.0731778,9.4902,1.191,97.0275,2910.82,291.082,54,0.480427,0.319878,0.34842,0.264115,0.223281,0.232923,0.0997088,0.0473366,0.0214147,108,162,0.593211,1.46796,0.651449,1.21206,0.417473,0.411106,0.175985,-0.0333331,-0.0150796,0.597862,1.55678,0.61005
2133,8,26,15,4.8e+22,1.9307,0.0935603,7.2058,1.143,97.9454,2938.36,293.836,66,0.484942,0.345295,0.358368,0.265217,0.19717,0.235659,0.100124,0.0550863,0.0261866,132,198,0.492989,0.969087,0.669644,0.744343,0.36843,0.424697,0.180441,0.518348,0.246409,0.494917,1.0086,0.675162
2134,8,26,16,4.8e+22,1.9307,0.11962,5.6886,1.106,102.978,3089.34,308.934,78,0.486617,0.363822,0.359849,0.249036,0.159594,0.21668,0.0813572,0.056609,0.0263152,156,234,0.464999,0.81764,0.4133,0.559674,0.1833,0.0809386,0.0303901,0.410271,0.190718,0.46585,0.840415,0.415838
2135,8,26,17,4.8e+22,1.9307,0.152938,4.6027,1.075,112.376,3371.28,337.128,90,0.486536,0.368375,0.328418,0.205369,0.0992211,0.085431,0.0231366,-0.0434212,-0.0179738,180,270,0.446167,0.632677,0.639075,0.352716,0.193076,0.0590046,0.0159798,-1.22826,-0.508425,0.446519,0.645287,0.642122
2136,8,26,18,4.8e+22,1.9307,0.195537,3.7673,1.051,127.421,3822.62,382.262,96,0.485414,0.360814,0.204659,0.126546,0.0230257,-0.968895,-0.0610129,-0.402889,-0.0996482,192,288,0.423805,-0.262202,-1.35112,-0.0919604,-0.152012,-5.0491,-0.31795,-4.98833,-1.23378,0.423929,-0.266625,-1.36346
2138,8,27,10,4.8e+22,2.86512,0.0273861,54.5931,1.418,195.653,5869.58,525.3,30,0.451966,0.23502,0.331111,0.216432,0.264884,0.32621,0.18213,0.157543,0.0442433,60,90,0.644923,1.05622,1.19811,0.97268,0.958472,1.26405,0.705747,1.68923,0.47439,0.677412,1.2749,1.22175
2139,8,27,11,4.8e+22,2.86512,0.0350141,41.2825,1.369,187.28,5618.4,525.3,36,0.461696,0.253218,0.339414,0.230445,0.260459,0.289824,0.13883,-0.221764,-0.0336155,72,108,0.627818,1.05211,1.00232,0.957486,0.76916,0.66768,0.319828,-0.471536,-0.0714766,0.650961,1.22473,1.02371
2140,8,27,12,4.8e+22,2.86512,0.0447667,30.2209,1.313,176.152,5284.57,525.3,42,0.471383,0.273258,0.342893,0.244243,0.249728,0.238694,0.0963012,-2.17865,-0.100906,84,126,0.585867,0.996453,1.12727,0.890646,0.820989,1.02421,0.413216,4.04066,0.187147,0.600324,1.11949,1.14549
2141,8,27,13,4.8e+22,2.86512,0.0572357,22.2855,1.261,164.737,4942.12,494.212,48,0.479587,0.295228,0.350338,0.257599,0.242159,0.208923,0.0701448,7.37264,-0.12722,96,144,0.572085,1.02209,1.10081,0.891816,0.760899,0.961508,0.322821,-6.50984,0.112332,0.58112,1.11543,1.11545
2142,8,27,14,4.8e+22,2.86512,0.0731778,15.7045,1.206,152.917,4587.5,458.751,54,0.486182,0.318711,0.356504,0.267175,0.231595,0.195196,0.0555493,-2.08443,-0.0981162,108,162,0.562843,1.10899,0.974814,0.929667,0.633266,0.81319,0.23142,-1.53331,-0.0721744,0.567772,1.17842,0.92107
2143,8,27,15,4.8e+22,2.86512,0.0935603,11.349,1.159,145.273,4358.19,435.819,66,0.49002,0.33697,0.342972,0.266391,0.193736,-0.032508,-0.00580332,-0.693788,-0.109708,132,198,0.508506,0.946368,0.734818,0.748151,0.41508,0.502312,0.0896728,16.2162,2.56426,0.510828,0.986496,0.741107
2144,8,27,16,4.8e+22,2.86512,0.11962,8.4528,1.12,143.162,4294.86,429.486,78,0.491393,0.351157,0.326514,0.253382,0.153478,-0.186708,-0.0306896,-0.595768,-0.126008,156,234,0.482929,0.833917,0.520305,0.601723,0.24457,0.0233449,0.00383725,-0.0612462,-0.0129539,0.484001,0.857819,0.523958
2145,8,27,17,4.8e+22,2.86512,0.152938,6.5576,1.088,147.011,4410.32,441.032,90,0.491811,0.370841,0.341249,0.231163,0.121178,-0.1355,-0.0173097,-0.354345,-0.0732907,180,270,0.491719,1.27825,0.568053,0.796794,0.201717,-0.381642,-0.0487536,-3.67173,-0.759439,0.492219,1.30357,0.571645
2146,8,27,18,4.8e+22,2.86512,0.195537,5.1969,1.063,157.398,4721.93,472.193,102,0.490221,0.371398,0.29039,0.175102,0.05701,-6.36301,-0.0657858,-0.792506,-0.105703,204,306,0.520296,3.3303,0.723831,1.57013,0.142104,-10.0699,-0.10411,-0.171836,-0.0229193,0.520512,3.37889,0.729197
2148,8,28,12,4.8e+22,4.25179,0.0447667,52.8983,1.332,285.932,8577.95,525.3,36,0.476381,0.283852,0.360896,0.255487,0.278558,0.364747,0.183874,0.212329,0.0398979,72,108,0.611053,1.01252,1.05765,0.911341,0.816351,1.28038,0.64546,1.77985,0.334445,0.628161,1.14792,1.10837
2149,8,28,13,4.8e+22,4.25179,0.0572357,37.2404,1.267,270.258,8107.75,525.3,48,0.486515,0.307556,0.372607,0.269354,0.259126,0.317609,0.106525,1.12169,-0.0903261,96,144,0.579143,1.01628,1.15312,0.89005,0.801928,1.13749,0.381511,-0.512008,0.0412306,0.588618,1.11019,1.16819
2150,8,28,14,4.8e+22,4.25179,0.0731778,25.8868,1.21,250.953,7528.59,525.3,54,0.493241,0.328219,0.374178,0.276203,0.245234,0.28244,0.0778504,0.817149,-0.13289,108,162,0.569965,1.10077,1.17111,0.92632,0.767535,0.915969,0.252474,0.654052,-0.106367,0.575002,1.16887,1.18213
2151,8,28,15,4.8e+22,4.25179,0.0935603,19.4578,1.171,235.833,7074.99,525.3,66,0.496613,0.343724,0.376633,0.276978,0.21686,0.0727528,0.00867834,0.625093,-0.221561,132,198,0.532452,1.04852,1.24141,0.844913,0.714789,3.41275,0.407091,-0.89669,0.317827,0.535233,1.09536,1.25192
2152,8,28,16,4.8e+22,4.25179,0.11962,13.523,1.129,219.894,6596.81,525.3,78,0.498288,0.359337,0.361907,0.266554,0.176292,6.82018,-0.0593015,0.747634,-0.239296,156,234,0.507098,0.991624,0.720136,0.735582,0.350793,21.6076,-0.187878,1.77578,-0.568377,0.508354,1.02048,0.725281
2153,8,28,17,4.8e+22,4.25179,0.152938,9.9578,1.098,212.391,6371.74,525.3,90,0.497501,0.36486,0.332889,0.24042,0.128488,0.998114,-0.121098,1.11672,-0.232249,180,270,0.485055,0.890119,0.398138,0.586531,0.153673,3.05102,-0.37017,3.57534,-0.743579,0.485634,0.908008,0.400756
2154,8,28,18,4.8e+22,4.25179,0.195537,7.5675,1.072,213.203,6396.08,525.3,102,0.496103,0.379524,0.342343,0.205136,0.0883591,0.600164,-0.136262,0.971204,-0.181934,204,306,0.467861,1.07475,1.11394,0.580911,0.287509,-0.664499,0.150869,-2.92169,0.547315,0.468117,1.09052,1.12187
2155,8,28,19,4.8e+22,4.25179,0.25,5.9331,1.053,222.92,6687.61,525.3,108,0.493839,0.374044,0.259572,0.136905,0.0283786,0.517476,-0.179973,0.73499,-0.21066,216,324,0.466461,1.75362,2.23983,0.64185,0.244878,-0.445735,0.155022,0.268322,-0.0769056,0.466572,1.7759,2.26931
2156,8,29,13,4.8e+22,6.30957,0.0572357,56.6984,1.263,424.339,12730.2,525.3,48,0.49435,0.319966,0.383722,0.279495,0.268145,0.373369,0.130096,0.819767,-0.0519264,96,144,0.595203,1.04687,1.33428,0.914451,0.932394,1.80241,0.628027,-4.53513,0.287268,0.604346,1.13894,1.35168
2157,8,29,14,4.8e+22,6.30957,0.0731778,46.0533,1.226,412.719,12381.6,525.3,54,0.499238,0.333679,0.385933,0.284717,0.255163,0.353378,0.0970996,0.586645,-0.108601,108,162,0.58484,1.07809,1.31797,0.919895,0.871387,1.91531,0.526279,-0.132093,0.0244533,0.590987,1.15189,1.33241
2158,8,29,15,4.8e+22,6.30957,0.0935603,33.0034,1.178,389.423,11682.7,525.3,66,0.503819,0.352111,0.389738,0.286162,0.227178,0.245632,0.0294033,0.509067,-0.2174,132,198,0.574399,1.27818,1.26335,1.03878,0.736407,2.85828,0.34215,-0.0591618,0.0252654,0.577589,1.33661,1.27378
2159,8,29,16,4.8e+22,6.30957,0.11962,22.7276,1.135,360.249,10807.5,525.3,78,0.50581,0.370611,0.395388,0.278946,0.197116,1.25778,-0.0291302,0.47913,-0.299778,156,234,0.527444,1.08406,1.42401,0.815938,0.709922,-8.31871,0.192661,0.235325,-0.147236,0.52884,1.11605,1.43408
2160,8,29,17,4.8e+22,6.30957,0.152938,16.9447,1.107,338.728,10161.9,525.3,90,0.505362,0.379576,0.392375,0.261617,0.160805,0.564533,-0.0932166,0.476782,-0.377232,180,270,0.523388,1.2593,1.31618,0.86795,0.539404,-0.307371,0.0507537,0.380693,-0.301206,0.524134,1.28586,1.32464
2161,8,29,18,4.8e+22,6.30957,0.195537,11.7851,1.078,319.096,9572.89,525.3,102,0.50294,0.383757,0.369176,0.221003,0.108012,0.531739,-0.159055,0.489443,-0.411206,204,306,0.482208,1.12435,1.11556,0.647503,0.326388,0.371647,-0.111168,0.516706,-0.434112,0.482504,1.14049,1.11204
2162,8,29,19,4.8e+22,6.30957,0.25,8.9866,1.06,313.427,9402.81,525.3,114,0.499968,0.382348,0.321722,0.169935,0.0502962,0.496025,-0.223075,0.503244,-0.396774,228,342,0.474102,1.27683,0.833621,0.567489,0.130324,0.577208,-0.259585,0.606534,-0.478212,0.474229,1.29009,0.841572
2163,8,30,15,4.8e+22,9.36329,0.0935603,58.401,1.194,627.621,18828.6,525.3,60,0.509209,0.397232,0.527919,0.329283,0.329394,1.19299,0.252586,-0.53745,0.150935,120,180,0.567211,1.07934,1.38694,0.894717,0.86538,3.60543,0.76336,-1.80975,0.50824,0.571154,1.13572,1.39979
2164,8,30,16,4.8e+22,9.36329,0.11962,39.3823,1.142,594.098,17822.9,525.3,78,0.513066,0.429985,0.577897,0.329573,0.293648,-9.46098,0.173435,-0.0351754,0.0229048,156,234,0.533389,1.14059,1.43379,0.874232,0.728553,-28.1009,0.515136,-0.476434,0.310234,0.534991,1.17631,1.44342
2165,8,30,17,4.8e+22,9.36329,0.152938,27.6975,1.108,555.502,16665.1,525.3,90,0.512754,0.441373,0.573162,0.305647,0.240114,-0.45312,0.0709297,0.160285,-0.13702,180,270,0.525361,1.29299,1.94813,0.895383,0.816125,-2.62221,0.410471,-0.188599,0.161225,0.526102,1.31961,1.96055
2166,8,30,18,4.8e+22,9.36329,0.195537,20.4366,1.085,520.899,15627,525.3,102,0.511532,0.408088,0.444788,0.248866,0.142532,0.37297,-0.112233,0.403667,-0.422705,204,306,0.503293,1.08473,1.72614,0.661505,0.55314,0.170773,-0.0513887,0.478553,-0.501123,0.503659,1.10087,1.73687
2167,8,30,19,4.8e+22,9.36329,0.25,14.1843,1.063,485.293,14558.8,525.3,114,0.508021,0.394478,0.382176,0.186501,0.0716512,0.460538,-0.206985,0.449574,-0.537616,228,342,0.498733,1.56886,2.45809,0.741721,0.460848,1.00182,-0.450261,1.05907,-1.26647,0.498889,1.58599,2.47883
2168,8,31,16,4.8e+22,13.895,0.11962,59.2314,1.138,928.202,27846,525.3,78,0.519586,0.480012,0.720486,0.364427,0.367737,381.904,0.322607,-0.429559,0.265088,156,234,0.536962,1.04338,1.45519,0.792137,0.742732,673.332,0.568787,-0.589212,0.363611,0.538423,1.07401,1.46516
2169,8,31,17,4.8e+22,13.895,0.152938,46.9778,1.114,902.681,27080.4,525.3,90,0.520424,0.521535,0.829958,0.368837,0.356668,-2.06972,0.303075,-0.276664,0.235636,180,270,0.528817,1.28715,2.21457,0.910292,0.951694,-5.52813,0.809501,-0.632616,0.538801,0.529654,1.31506,2.22817
2170,8,31,18,4.8e+22,13.895,0.195537,33.9618,1.087,855.708,25671.2,525.3,102,0.519229,0.59146,1.0271,0.36577,0.340663,-0.974196,0.278251,-0.190727,0.200633,204,306,0.50443,1.22501,2.00119,0.757569,0.663744,-1.53816,0.43933,-0.259444,0.272919,0.504808,1.24319,2.1729
2171,8,31,19,4.8e+22,13.895,0.25,24.5951,1.067,802.029,24060.9,525.3,114,0.516526,0.694827,1.46633,0.351779,0.31868,-0.567268,0.244722,-0.126808,0.157544,228,342,0.496486,1.44312,3.10637,0.730625,0.675112,-0.928499,0.400558,-0.19691,0.244638,0.496665,1.45903,3.12965
2172,8,32,18,4.8e+22,20.6199,0.195537,52.8767,1.086,1356.03,40681,525.3,108,0.525466,0.613069,1.22091,0.376769,0.375476,-0.958836,0.33547,-0.248361,0.287901,216,324,0.506553,1.22833,2.96604,0.754884,0.912164,-2.8072,0.982162,-0.647225,0.750264,0.506913,1.24588,2.98372
2173,8,32,19,4.8e+22,20.6199,0.25,41.5336,1.07,1311.6,39347.9,525.3,114,0.524245,0.719616,1.56351,0.378472,0.366282,-0.791149,0.32674,-0.22605,0.277564,228,342,0.486058,1.01603,2.46693,0.534369,0.577926,-0.906599,0.37442,-0.19777,0.24284,0.48625,1.02742,2.484
2233,9,16,1,9.6e+22,0.0372759,0.003,5.1023,1.05,2.38504,71.551,27,18,0.364341,-1.18145,-2.35515,-0.820903,-2.33317,-1.30274,-1.29819,-1.30274,-1.29819,25.65,25.65,0.306396,-1.31372,-2.52879,-0.91281,-2.50518,-1.39223,-1.38736,-1.39223,-1.38736,0.316436,-2.3877,-0.780857
2248,9,17,1,9.6e+22,0.0553168,0.003,7.4769,1.074,3.219,96.5703,27,18,0.384234,-0.349425,-1.03476,-0.264458,-1.01049,-0.799997,-0.790294,-0.799997,-0.790294,25.65,25.65,0.323124,-0.436586,-1.16886,-0.330425,-1.14144,-0.868601,-0.858066,-0.868601,-0.858066,0.337217,-0.786103,-1.0235
2249,9,17,2,9.6e+22,0.0553168,0.0038356,5.8117,1.073,3.36042,100.812,27,18,0.385244,-0.359034,-1.02686,-0.258215,-0.995048,-0.771092,-0.759078,-0.771092,-0.759078,25.65,25.65,0.325591,-0.452299,-1.32181,-0.325291,-1.28086,-0.966288,-0.951233,-0.966288,-0.951233,0.337284,-0.808721,-1.13222
2250,9,17,3,9.6e+22,0.0553168,0.00490394,4.664,1.072,3.64304,109.291,27,18,0.385955,-0.296239,-0.864526,-0.204887,-0.829365,-0.664652,-0.650756,-0.664652,-0.650756,25.65,25.65,0.31743,-0.414214,-1.20906,-0.286483,-1.15989,-0.910871,-0.891828,-0.910871,-0.891828,0.327349,-0.733878,-1.05664
2251,9,17,4,9.6e+22,0.0553168,0.00626986,3.7933,1.071,4.10819,123.246,27,18,0.387827,-0.201243,-0.629957,-0.133399,-0.596418,-0.512827,-0.498083,-0.512827,-0.498083,25.65,25.65,0.314833,-0.364371,-0.942734,-0.241532,-0.892544,-0.738533,-0.717298,-0.738533,-0.717298,0.3234,-0.640024,-0.848541
2252,9,17,5,9.6e+22,0.0553168,0.00801622,3.1548,1.068,4.76027,142.808,27,18,0.387544,-0.0716349,-0.297914,-0.0479572,-0.273282,-0.289561,-0.274818,-0.289561,-0.274818,25.65,25.65,0.301786,-0.331807,-0.800108,-0.222133,-0.733955,-0.722191,-0.685421,-0.722191,-0.685421,0.309975,-0.569826,-0.797128
2253,9,17,6,9.6e+22,0.0553168,0.010249,2.653,1.065,5.66458,169.938,27,18,0.39109,-0.000368015,-0.101096,-0.00023181,-0.0894906,-0.124874,-0.115416,-0.124874,-0.115416,25.65,25.65,0.299027,-0.25232,-0.586466,-0.158935,-0.519145,-0.58953,-0.544878,-0.58953,-0.544878,0.305788,-0.429001,-0.687799
2254,9,17,7,9.6e+22,0.0553168,0.0131037,2.2549,1.06,6.87335,206.2,27,18,0.393482,0.0636449,0.0609176,0.0381026,0.0495432,0.0303331,0.0261624,0.0303331,0.0261624,25.65,25.65,0.293869,-0.18468,-0.368651,-0.110563,-0.299817,-0.336226,-0.289997,-0.336226,-0.289997,0.299334,-0.300484,-0.308552
2255,9,17,8,9.6e+22,0.0553168,0.0167535,1.9259,1.053,8.50631,255.19,27,18,0.397253,0.115461,0.169099,0.0610564,0.120044,0.148175,0.114114,0.148175,0.114114,25.65,25.65,0.295785,-0.0649878,-0.00414203,-0.0343659,-0.00294045,-0.118447,-0.0912192,-0.118447,-0.0912192,0.299688,-0.101726,-0.0719281
2264,9,18,1,9.6e+22,0.0820891,0.003,11.7358,1.105,4.81646,144.494,27,18,0.398457,-0.045722,-0.227429,-0.0369439,-0.216039,-0.2662,-0.256437,-0.2662,-0.256437,25.65,25.65,0.335637,-0.0632295,-0.432765,-0.0510902,-0.411092,-0.476057,-0.458598,-0.476057,-0.458598,0.354684,-0.112205,-0.512767
2265,9,18,2,9.6e+22,0.0820891,0.0038356,8.7106,1.105,4.70919,141.276,27,18,0.397371,-0.0565143,-0.262318,-0.0443027,-0.248194,-0.292202,-0.281158,-0.292202,-0.281158,25.65,25.65,0.32535,-0.13966,-0.473856,-0.109482,-0.448342,-0.504363,-0.485301,-0.504363,-0.485301,0.341273,-0.246081,-0.499414
2266,9,18,3,9.6e+22,0.0820891,0.00490394,6.6679,1.104,4.79715,143.915,27,18,0.395182,-0.0497679,-0.24118,-0.0381197,-0.226839,-0.269314,-0.258188,-0.269314,-0.258188,25.65,25.65,0.31813,-0.1872,-0.514847,-0.143386,-0.484233,-0.545717,-0.523172,-0.545717,-0.523172,0.33208,-0.326767,-0.592338
2267,9,18,4,9.6e+22,0.0820891,0.00626986,5.2657,1.102,5.09354,152.807,27,18,0.393487,-0.0262671,-0.172042,-0.0197625,-0.160431,-0.204912,-0.195118,-0.204912,-0.195118,25.65,25.65,0.314794,-0.174585,-0.461611,-0.131352,-0.430457,-0.476729,-0.453943,-0.476729,-0.453943,0.327478,-0.301626,-0.55014
2268,9,18,5,9.6e+22,0.0820891,0.00801622,4.2373,1.098,5.63585,169.075,27,18,0.393742,0.00757893,-0.0834543,0.00555636,-0.0767928,-0.119101,-0.112146,-0.119101,-0.112146,25.65,25.65,0.313031,-0.0692792,-0.360278,-0.0507908,-0.331519,-0.384582,-0.362126,-0.384582,-0.362126,0.324341,-0.118566,-0.3562
2269,9,18,6,9.6e+22,0.0820891,0.010249,3.5088,1.094,6.41238,192.371,27,18,0.394532,0.0401691,0.00762793,0.0286163,0.00681096,-0.025237,-0.0231614,-0.025237,-0.0231614,25.65,25.65,0.307332,-0.0327334,-0.369076,-0.0233191,-0.329547,-0.300773,-0.276037,-0.300773,-0.276037,0.317106,-0.0549342,-0.373294
2270,9,18,7,9.6e+22,0.0820891,0.0131037,2.9337,1.086,7.52631,225.789,27,18,0.394881,0.0706419,0.0897192,0.0491471,0.075428,0.0709194,0.0616391,0.0709194,0.0616391,25.65,25.65,0.307721,-0.0210671,-0.171892,-0.0146568,-0.144512,-0.275595,-0.239531,-0.275595,-0.239531,0.316157,-0.0338036,-0.292088
2271,9,18,8,9.6e+22,0.0820891,0.0167535,2.4797,1.077,9.04304,271.291,27.1291,18,0.398015,0.093714,0.13613,0.0601988,0.105004,0.131711,0.106019,0.131711,0.106019,25.7727,25.7727,0.295521,0.014273,0.11608,0.0091685,0.0895381,0.221569,0.178348,0.221569,0.178348,0.30155,0.0220909,0.291451
2272,9,18,9,9.6e+22,0.0820891,0.02142,2.119,1.064,11.0333,330.999,33.0999,24,0.401835,0.136935,0.228254,0.0774559,0.154389,0.199107,0.144757,0.199107,0.144757,31.4449,31.4449,0.289495,-0.243219,-0.827259,-0.137575,-0.559549,-0.832524,-0.605268,-0.832524,-0.605268,0.293234,-0.350681,-0.846681
2273,9,18,10,9.6e+22,0.0820891,0.0273861,1.8226,1.05,13.6478,409.435,40.9434,24,0.404571,0.19121,0.357878,0.081461,0.174901,0.282767,0.17514,0.282767,0.17514,38.8963,38.8963,0.293892,-0.0108367,0.138624,-0.00461672,0.0677477,0.105889,0.0655856,0.105889,0.0655856,0.295695,-0.0144992,0.398588
2282,9,19,1,9.6e+22,0.121819,0.003,20.1248,1.143,7.84888,235.467,27,18,0.408645,0.0402215,0.04128,0.0337468,0.0372562,0.0227498,0.0207661,0.0227498,0.0207661,25.65,25.65,0.328882,-0.0504544,-0.204108,-0.0423324,-0.184212,-0.258671,-0.236117,-0.258671,-0.236117,0.350876,-0.0875149,-0.265658
2283,9,19,2,9.6e+22,0.121819,0.0038356,13.9093,1.144,7.27673,218.302,27,18,0.406999,0.0392716,0.0278292,0.0322936,0.0251646,0.00335457,0.00307473,0.00335457,0.00307473,25.65,25.65,0.334722,-0.00521591,0.00217925,-0.00428911,0.00197058,-0.164199,-0.150501,-0.164199,-0.150501,0.354547,-0.00896796,-0.144855
2284,9,19,3,9.6e+22,0.121819,0.00490394,10.3739,1.144,6.98546,209.564,27,18,0.4039,0.0404159,0.024099,0.0327913,0.0218799,-0.0030883,-0.00284486,-0.0030883,-0.00284486,25.65,25.65,0.324359,-0.02015,-0.0376835,-0.0163486,-0.0342135,-0.0176183,-0.0162295,-0.0176183,-0.0162295,0.342118,-0.0343858,0.0171868
2285,9,19,4,9.6e+22,0.121819,0.00626986,7.7788,1.142,6.93808,208.143,27,18,0.399784,0.043071,0.032252,0.0345656,0.0292555,0.00649272,0.00597979,0.00649272,0.00597979,25.65,25.65,0.320385,-0.0255867,-0.0490694,-0.020534,-0.0445104,-0.209603,-0.193044,-0.209603,-0.193044,0.336759,-0.0431881,-0.1907
2286,9,19,5,9.6e+22,0.121819,0.00801622,5.9901,1.137,7.20731,216.219,27,18,0.396764,0.0548292,0.0597955,0.0435923,0.0536768,0.040026,0.0365139,0.040026,0.0365139,25.65,25.65,0.320217,0.0220268,-0.175838,0.0175125,-0.157845,-0.18185,-0.165894,-0.18185,-0.165894,0.335467,0.0365285,-0.209394
2287,9,19,6,9.6e+22,0.121819,0.010249,4.7671,1.13,7.80815,234.244,27,18,0.39564,0.0692747,0.0915527,0.0542029,0.0807622,0.0788225,0.0707345,0.0788225,0.0707345,25.65,25.65,0.31091,0.00615478,-0.292206,0.00481571,-0.257767,-0.405976,-0.364319,-0.405976,-0.364319,0.324251,0.00999766,-0.404366
2288,9,19,7,9.6e+22,0.121819,0.0131037,3.9008,1.12,8.75077,262.523,27,18,0.39684,0.0833058,0.123199,0.0632723,0.105295,0.118706,0.103441,0.118706,0.103441,25.65,25.65,0.309783,0.0254464,0.0562969,0.019327,0.0481156,-0.0906675,-0.0790083,-0.0906675,-0.0790083,0.321054,0.0402996,-0.0720624
2289,9,19,8,9.6e+22,0.121819,0.0167535,3.2535,1.107,10.0858,302.574,30.2574,18,0.398466,0.0983648,0.152697,0.0716779,0.121993,0.156409,0.129579,0.156409,0.129579,28.7446,28.7446,0.30318,0.0303281,0.110588,0.0221,0.0883515,0.234374,0.19417,0.234374,0.19417,0.311778,0.045648,0.229831
2290,9,19,9,9.6e+22,0.121819,0.02142,2.7349,1.09,11.9701,359.103,35.9103,24,0.402432,0.124723,0.210269,0.083567,0.155005,0.198513,0.154014,0.198513,0.154014,34.1148,34.1148,0.304093,0.0276802,0.0985909,0.0185463,0.0726789,-0.174059,-0.135042,-0.174059,-0.135042,0.309962,0.039468,0.101191
2291,9,19,10,9.6e+22,0.121819,0.0273861,2.3181,1.07,14.5347,436.039,43.604,24,0.406345,0.157968,0.250406,0.0899879,0.150672,0.200913,0.139155,0.200913,0.139155,41.4238,41.4238,0.301606,0.0134595,0.0873036,0.00766731,0.0525317,0.146721,0.10162,0.146721,0.10162,0.304739,0.0177868,0.220418
2292,9,19,11,9.6e+22,0.121819,0.0350141,1.9889,1.051,17.8327,534.98,53.498,30,0.409599,0.225286,0.435565,0.09009,0.182069,0.291696,0.170952,0.291696,0.170952,50.8231,50.8231,0.296396,-0.532284,-1.93343,-0.212856,-0.80819,-1.87728,-1.1002,-1.87728,-1.1002,0.297634,-0.658286,-1.95334
2301,9,20,1,9.6e+22,0.180777,0.003,33.1301,1.176,12.8778,386.334,38.6334,18,0.416066,0.0675805,0.112032,0.0577737,0.0906091,0.07588,0.063248,0.0716315,0.0599718,36,36.7018,0.34603,0.033332,0.140184,0.0284951,0.113378,-0.121689,-0.101431,-0.129132,-0.108113,0.370602,0.0559214,0.0775569
2302,9,20,2,9.6e+22,0.180777,0.0038356,23.8814,1.18,12.0032,360.095,36.0095,18,0.414627,0.071116,0.114611,0.0601107,0.0947748,0.088018,0.0749382,0.088018,0.0749382,34.209,34.209,0.338325,0.036289,0.151419,0.0306732,0.125212,0.20761,0.176759,0.20761,0.176759,0.36042,0.0602831,0.258066
2303,9,20,3,9.6e+22,0.180777,0.00490394,17.5884,1.183,11.2098,336.293,33.6293,18,0.411258,0.0749406,0.119035,0.0629481,0.0997302,0.104322,0.0894813,0.104322,0.0894813,31.9478,31.9478,0.330518,0.0404415,0.157805,0.0339698,0.132212,0.203842,0.174843,0.203842,0.174843,0.350997,0.0664939,0.271502
2304,9,20,4,9.6e+22,0.180777,0.00626986,12.2208,1.184,10.4712,314.136,31.4136,18,0.405581,0.0776377,0.123067,0.0648875,0.10535,0.116692,0.10169,0.116692,0.10169,29.8429,29.8429,0.320109,-0.0410151,-0.155122,-0.0342794,-0.13279,-0.284686,-0.248086,-0.284686,-0.248086,0.339012,-0.0666311,-0.245985
2305,9,20,5,9.6e+22,0.180777,0.00801622,9.1162,1.18,10.1858,305.574,30.5574,18,0.401171,0.0815118,0.130027,0.0677909,0.111963,0.130468,0.114257,0.130468,0.114257,29.0296,29.0296,0.3175,0.0340927,0.124528,0.0283539,0.107228,0.264421,0.231565,0.264421,0.231565,0.335303,0.0545904,0.224984
2306,9,20,6,9.6e+22,0.180777,0.010249,6.9691,1.173,10.3107,309.32,30.932,18,0.39848,0.0884188,0.138476,0.0728607,0.118778,0.142941,0.124776,0.142941,0.124776,29.3854,29.3854,0.311002,-0.000325874,-0.00061148,-0.000268534,-0.0005245,0.076376,0.0666699,0.076376,0.0666699,0.327029,-0.000511538,0.014302
2307,9,20,7,9.6e+22,0.180777,0.0131037,5.4493,1.16,10.9117,327.349,32.735,18,0.398126,0.0987119,0.152958,0.0798995,0.128526,0.157746,0.135849,0.157746,0.135849,31.0982,31.0982,0.307529,0.0434708,0.0746731,0.0351861,0.0627458,-0.119922,-0.103276,-0.119922,-0.103276,0.321225,0.0662473,-0.0356657
2308,9,20,8,9.6e+22,0.180777,0.0167535,4.3919,1.143,12.0062,360.187,36.0187,18,0.399744,0.110475,0.169554,0.0866586,0.137018,0.176682,0.148421,0.176682,0.148421,34.2178,34.2178,0.300022,-0.0685753,-0.198839,-0.0537918,-0.160683,-0.436519,-0.366696,-0.436519,-0.366696,0.310709,-0.100548,-0.3217
2309,9,20,9,9.6e+22,0.180777,0.02142,3.6089,1.121,13.6772,410.315,41.0315,24,0.403264,0.128805,0.216678,0.0957066,0.164159,0.201964,0.159964,0.201964,0.159964,38.9799,38.9799,0.297951,-0.0934135,-0.365197,-0.0694096,-0.276678,-0.59086,-0.467985,-0.59086,-0.467985,0.305368,-0.129074,-0.377327
2310,9,20,10,9.6e+22,0.180777,0.0273861,3.0249,1.096,15.9648,478.946,47.8945,24,0.407588,0.151906,0.229354,0.10241,0.153243,0.196876,0.145243,0.196876,0.145243,45.4998,45.4998,0.303961,0.0345351,0.137648,0.0232823,0.09197,-0.184303,-0.135968,-0.184303,-0.135968,0.308542,0.0448575,0.201671
2311,9,20,11,9.6e+22,0.180777,0.0350141,2.552,1.071,19.1581,574.742,57.4742,30,0.41184,0.190882,0.295521,0.105768,0.158112,0.198844,0.13038,0.198844,0.13038,54.6005,54.6005,0.304728,-0.27284,-1.04048,-0.151182,-0.556688,-1.3894,-0.911011,-1.3894,-0.911011,0.306915,-0.332377,-1.05496
2320,9,21,1,9.6e+22,0.26827,0.003,51.8868,1.195,20.4546,613.638,61.3638,18,0.422945,0.0796062,0.131409,0.0686403,0.0896985,0.0689047,0.0466219,-0.0607438,-0.0437507,36,54,0.351749,0.0253978,0.0940563,0.0218992,0.0642021,0.33456,0.226368,0.514382,0.370484,0.377064,0.0415617,0.15192
2321,9,21,2,9.6e+22,0.26827,0.0038356,42.4377,1.2,19.8459,595.378,59.5378,18,0.422505,0.0826576,0.134454,0.0708349,0.0918287,0.0763762,0.0523457,-0.0402471,-0.0294305,36,54,0.346427,-0.0195565,-0.0748486,-0.0167593,-0.0511199,-0.280101,-0.191972,-0.222911,-0.163003,0.37003,-0.0317055,-0.140615
2322,9,21,3,9.6e+22,0.26827,0.00490394,28.974,1.208,18.4213,552.641,55.264,18,0.418692,0.0890408,0.143069,0.0758946,0.100351,0.101679,0.0733153,0.0127065,0.00972042,36,52.5008,0.336417,-0.0478508,-0.169177,-0.040786,-0.118664,-0.597576,-0.430882,-0.754738,-0.577372,0.357895,-0.0761799,-0.29679
2323,9,21,4,9.6e+22,0.26827,0.00626986,20.8447,1.213,17.1082,513.247,51.3247,18,0.413771,0.0958034,0.155272,0.0815837,0.114104,0.133141,0.100886,0.0721726,0.0568775,36,48.7585,0.325394,-0.0458676,-0.155434,-0.0390596,-0.114223,-0.535426,-0.405711,-0.645957,-0.509063,0.345442,-0.0718369,-0.272155
2324,9,21,5,9.6e+22,0.26827,0.00801622,14.4272,1.213,15.8288,474.863,47.4863,18,0.408008,0.102122,0.16569,0.0868589,0.127499,0.165447,0.131066,0.126223,0.102549,36,45.112,0.319726,0.0339658,0.113928,0.0288891,0.0876681,0.395077,0.312976,0.300067,0.243787,0.338525,0.052118,0.18218
2325,9,21,6,9.6e+22,0.26827,0.010249,10.5931,1.208,15.1333,454,45.4,18,0.40367,0.106399,0.168898,0.0900756,0.133732,0.178782,0.145559,0.150725,0.124975,36,43.13,0.316009,0.0295401,0.094419,0.0250082,0.0747598,0.344078,0.280139,0.473208,0.392366,0.333314,0.0443652,0.151058
2326,9,21,7,9.6e+22,0.26827,0.0131037,7.9654,1.196,15.0085,450.256,45.0256,24,0.401865,0.114009,0.196985,0.0954429,0.158909,0.166528,0.138674,0.166528,0.138674,42.7743,42.7743,0.313817,0.0288207,0.135518,0.0241273,0.109323,0.0687183,0.0572243,0.0687183,0.0572243,0.328994,0.0420957,0.139488
2327,9,21,8,9.6e+22,0.26827,0.0167535,6.1914,1.177,15.5248,465.744,46.5743,24,0.40295,0.126381,0.211873,0.103595,0.166814,0.183612,0.150024,0.183612,0.150024,44.2456,44.2456,0.305722,-0.0562992,-0.238984,-0.0461486,-0.18816,-0.505989,-0.413429,-0.505989,-0.413429,0.317802,-0.079166,-0.247195
2328,9,21,9,9.6e+22,0.26827,0.02142,4.9545,1.153,16.7069,501.207,50.1207,24,0.405918,0.141396,0.227259,0.111725,0.171019,0.196482,0.156071,0.196482,0.156071,47.6146,47.6146,0.30124,-0.0663408,-0.25323,-0.0524197,-0.190562,-0.592703,-0.4708,-0.592703,-0.4708,0.310067,-0.0890804,-0.395541
2329,9,21,10,9.6e+22,0.26827,0.0273861,4.0577,1.124,18.6081,558.244,55.8243,24,0.409801,0.15689,0.228048,0.116367,0.157584,0.202831,0.149597,0.181531,0.137005,48,53.0331,0.306359,-0.104134,-0.318959,-0.0772371,-0.220404,-0.836249,-0.616771,-0.821796,-0.620226,0.312233,-0.13271,-0.495145
2330,9,21,11,9.6e+22,0.26827,0.0350141,3.3536,1.094,21.4907,644.719,64.472,30,0.413723,0.177616,0.242129,0.116792,0.145029,0.146379,0.100892,0.141305,0.0983234,60,61.2484,0.32049,0.00981518,0.0536342,0.00645402,0.0321255,-0.298845,-0.205981,-0.300937,-0.2094,0.323805,0.0118284,0.0546347
2331,9,21,12,9.6e+22,0.26827,0.0447667,2.8174,1.067,25.4195,762.586,76.2585,36,0.417262,0.219118,0.306179,0.113848,0.135884,0.140747,0.0854121,0.137843,0.0843285,72,72.4456,0.332065,0.0492113,-0.800049,0.0255689,-0.355067,-1.01976,-0.61884,-0.991447,-0.60654,0.333601,0.056716,-0.806866
2339,9,22,3,9.6e+22,0.398107,0.00490394,47.0405,1.22,29.6713,890.141,89.014,18,0.426048,0.0956211,0.147569,0.0820867,0.0977741,0.0807439,0.0399007,-0.138366,-0.0718687,36,54,0.671248,1.86229,1.69563,1.59869,1.12346,1.78039,0.879807,1.75343,0.910748,0.714709,2.9171,1.70985
2340,9,22,4,9.6e+22,0.398107,0.00626986,35.8169,1.226,28.2872,848.617,84.8617,18,0.421977,0.0998649,0.153052,0.0857319,0.103088,0.0996779,0.0532409,-0.0978355,-0.0548302,36,54,0.690999,2.03211,2.09753,1.74453,1.4128,2.11582,1.13012,2.20248,1.23434,0.734415,3.13348,2.092
2341,9,22,5,9.6e+22,0.398107,0.00801622,25.1688,1.23,26.2453,787.361,78.736,18,0.41667,0.107431,0.163881,0.0922889,0.113371,0.132449,0.0789786,-0.0328563,-0.0204733,36,54,1.1555,4.81517,5.20556,4.13647,3.60116,4.92201,2.93497,4.02881,2.51041,1.22512,7.2579,5.08976
2342,9,22,6,9.6e+22,0.398107,0.010249,18.4538,1.229,24.4832,734.495,73.4495,18,0.412515,0.115471,0.176297,0.0990572,0.124799,0.174979,0.113661,0.0517573,0.0349985,36,54,1.89304,9.28566,4.73841,7.96572,3.35429,3.82581,2.48512,2.89852,1.95999,2.00044,13.6672,4.42922
2343,9,22,7,9.6e+22,0.398107,0.0131037,12.8385,1.22,22.8355,685.065,68.5065,24,0.409327,0.125321,0.208793,0.106752,0.143375,0.145379,0.103383,0.0737903,0.0555753,48,65.0812,5.26553,30.7143,3.39219,26.1633,2.32937,2.77337,1.97223,1.99636,1.50356,5.52948,43.6798,3.52355
2344,9,22,8,9.6e+22,0.398107,0.0167535,9.4096,1.203,22.1177,663.531,66.3531,24,0.408339,0.134154,0.21057,0.112606,0.147907,0.158677,0.115564,0.0991697,0.0756274,48,63.0354,0.317895,-0.0577357,-0.222029,-0.0484623,-0.155956,-0.749019,-0.545507,-0.828307,-0.631672,0.331147,-0.0790618,-0.231843
2345,9,22,9,9.6e+22,0.398107,0.02142,7.182,1.179,22.3322,669.965,66.9965,24,0.410193,0.149931,0.22294,0.122612,0.154875,0.186412,0.134761,0.119136,0.0906414,48,63.6466,0.325914,0.0187373,-0.101093,0.0153233,-0.070229,-0.631692,-0.456662,-0.726687,-0.552879,0.336345,0.0245995,-0.23727
2346,9,22,10,9.6e+22,0.398107,0.0273861,5.6625,1.15,23.4904,704.711,70.4712,30,0.413731,0.167361,0.250711,0.130929,0.168931,0.159238,0.114759,0.13335,0.0989281,60,66.9476,0.319893,-0.0763198,-0.328207,-0.0597061,-0.221148,-0.792656,-0.571248,-0.737816,-0.547362,0.326983,-0.0957224,-0.334265
2347,9,22,11,9.6e+22,0.398107,0.0350141,4.5788,1.119,25.6523,769.57,76.957,30,0.417317,0.185148,0.253111,0.13422,0.153983,0.18373,0.120961,0.135796,0.0957211,60,73.1092,0.333051,0.0047733,0.00596341,0.00346032,0.00362792,-0.868077,-0.57151,-0.885959,-0.624503,0.337547,0.00571605,0.00611633
2348,9,22,12,9.6e+22,0.398107,0.0447667,3.752,1.088,29.0806,872.417,87.2417,36,0.420232,0.202939,0.249768,0.1275,0.125227,0.113455,0.0670218,0.0802852,0.051647,72,82.8796,0.33321,-0.0170276,-0.0461262,-0.0106979,-0.0231264,0.387296,0.228789,0.282112,0.181481,0.335508,-0.0195359,-0.0467338
2349,9,22,13,9.6e+22,0.398107,0.0572357,3.1284,1.062,33.9035,1017.1,101.71,36,0.42162,0.221123,0.244562,0.104246,0.0782675,0.0488699,0.020297,-0.0112496,-0.00633619,72,96.6249,0.342078,-0.0989747,-0.272084,-0.0466603,-0.0870753,-0.474029,-0.196877,-0.874942,-0.492801,0.343093,-0.110269,-0.346563
2356,9,23,4,9.6e+22,0.590784,0.00626986,54.2055,1.234,44.492,1334.76,133.476,18,0.428354,0.105219,0.153124,0.0907406,0.103275,0.0483066,0.0162243,-0.487541,-0.110388,36,54,0.568514,1.17902,-0.0491448,1.01678,-0.033146,-0.160037,-0.0537503,-0.132234,-0.02994,0.604186,1.7909,-0.0640054
2357,9,23,5,9.6e+22,0.590784,0.00801622,40.6576,1.238,42.5718,1277.15,127.715,18,0.424121,0.111122,0.15977,0.0959277,0.109885,0.0845992,0.0311421,-0.303723,-0.0882311,36,54,0.562408,1.20268,0.0728358,1.03823,0.0500944,-0.0117649,-0.00433083,0.0419731,0.0121931,0.59643,1.78995,0.0575774
2358,9,23,6,9.6e+22,0.590784,0.010249,30.7669,1.239,40.3281,1209.84,120.984,24,0.420626,0.117931,0.177543,0.101754,0.106392,-0.0538509,-0.0193323,-0.398307,-0.157899,48,72,0.592208,1.36977,0.938143,1.18187,0.562178,-0.0592611,-0.0212746,-1.39101,-0.551432,0.626139,1.99289,0.985116
2359,9,23,7,9.6e+22,0.590784,0.0131037,22.113,1.233,37.5129,1125.39,112.539,24,0.417793,0.128301,0.197698,0.110235,0.122806,0.0636641,0.0283498,-0.185948,-0.0898671,48,72,0.685898,2.00203,2.32279,1.72012,1.44287,2.33782,1.04104,0.976825,0.472091,0.721389,2.82406,2.44019
2360,9,23,8,9.6e+22,0.590784,0.0167535,15.5878,1.219,34.8234,1044.7,104.47,24,0.416687,0.141745,0.215312,0.120487,0.137867,0.146935,0.0768611,-0.025944,-0.0145474,48,72,1.16866,5.19381,1.24801,4.41489,0.799114,0.747094,0.390802,-0.185043,-0.103758,1.21967,7.04917,1.23387
2361,9,23,9,9.6e+22,0.590784,0.02142,11.2436,1.197,33.0817,992.449,99.245,24,0.416909,0.153361,0.217577,0.127794,0.141422,0.163817,0.0936575,0.0136058,0.00828388,48,72,0.55561,1.49562,6.32648,1.24628,4.11211,5.15693,2.94831,3.70067,2.25315,0.57458,1.94533,5.98919
2362,9,23,10,9.6e+22,0.590784,0.0273861,8.4284,1.17,32.6195,978.585,97.8585,30,0.419082,0.168713,0.234043,0.136029,0.137072,0.107538,0.0642444,-0.0162464,-0.0109414,60,90,0.955192,5.0465,7.28912,4.06885,4.26903,6.23965,3.72764,3.94288,2.6554,0.978665,6.28357,7.466
2363,9,23,11,9.6e+22,0.590784,0.0350141,6.529,1.139,33.5049,1005.15,100.515,30,0.422325,0.191018,0.253612,0.145808,0.143377,0.177987,0.102327,0.051481,0.0335694,60,90,5.4069,52.2198,0.542743,39.8606,0.306835,0.524208,0.301373,0.954081,0.622131,5.49297,62.272,0.523084
2364,9,23,12,9.6e+22,0.590784,0.0447667,5.1683,1.107,35.9023,1077.07,107.707,36,0.424927,0.211075,0.266449,0.146242,0.12896,0.157134,0.0835832,0.0593031,0.0378734,72,102.322,0.345179,-0.0130121,-0.045574,-0.00901531,-0.0220577,0.0641497,0.0341227,-0.30799,-0.196695,0.348262,-0.0148983,-0.0463793
2365,9,23,13,9.6e+22,0.590784,0.0572357,4.2006,1.079,39.8922,1196.76,119.676,42,0.426226,0.217848,0.22712,0.126653,0.0834582,0.0215908,0.00965667,-0.0252784,-0.0146881,84,113.693,0.348713,-0.0489954,-0.180487,-0.0284849,-0.0663222,0.02241,0.0100231,-0.287972,-0.167327,0.350235,-0.0543309,-0.181643
2366,9,23,14,9.6e+22,0.590784,0.0731778,3.489,1.056,45.6097,1368.29,136.829,42,0.42621,0.219368,0.182827,0.08928,0.0350606,-0.157446,-0.0399915,-0.143169,-0.0687034,84,126,0.349983,-0.169055,-0.630824,-0.068803,-0.120973,-0.786511,-0.199775,0.125628,0.0602858,0.350631,-0.184295,-0.632874
2372,9,24,6,9.6e+22,0.876712,0.010249,52.2973,1.244,65.1065,1953.2,195.32,24,0.428903,0.120342,0.172067,0.104177,0.102514,-0.696019,-0.081502,2.26318,-0.269539,48,72,0.582874,1.21203,0.853891,1.04922,0.508729,-1.1475,-0.134369,5.41436,-0.644838,0.616794,1.75911,0.902208
2373,9,24,7,9.6e+22,0.876712,0.0131037,37.9839,1.24,61.8736,1856.21,185.621,24,0.426192,0.129048,0.181154,0.111379,0.111601,-0.353582,-0.0582161,19.6938,-0.23388,48,72,0.659123,1.73493,1.0807,1.49739,0.665769,1.86881,0.307693,-20.8728,0.247881,0.693941,2.43996,1.14404
2374,9,24,8,9.6e+22,0.876712,0.0167535,25.5331,1.226,57.0618,1711.85,171.185,24,0.42496,0.142312,0.194636,0.121555,0.12379,-0.0793123,-0.0186318,-1.16733,-0.16779,48,72,0.533325,1.11787,0.924156,0.954825,0.587773,1.19061,0.279693,1.72298,0.247659,0.556664,1.50396,0.914428
2375,9,24,9,9.6e+22,0.876712,0.02142,19.363,1.21,53.7107,1611.32,161.132,24,0.425369,0.155997,0.211197,0.131512,0.13622,0.0790211,0.0226557,-0.369257,-0.0899576,48,72,0.543389,1.23037,0.994429,1.03725,0.641398,1.11625,0.320033,-0.648498,-0.157986,0.563161,1.60039,0.966609
2376,9,24,10,9.6e+22,0.876712,0.0273861,13.4542,1.182,50.0653,1501.96,150.196,30,0.427014,0.173293,0.226708,0.141922,0.12722,0.0313064,0.0104473,-0.237239,-0.0893409,60,90,0.495425,1.07668,1.0186,0.88177,0.571596,1.08231,0.36118,0.827271,0.311539,0.508335,1.33551,1.05602
2377,9,24,11,9.6e+22,0.876712,0.0350141,9.9726,1.154,48.3766,1451.3,145.13,30,0.428638,0.186748,0.224862,0.14662,0.125852,0.0629197,0.023882,-0.177512,-0.074977,60,90,0.536335,1.69173,2.62508,1.32821,1.46922,2.69983,1.02475,2.45192,1.03563,0.545804,2.01343,2.62216
2378,9,24,12,9.6e+22,0.876712,0.0447667,7.5377,1.123,48.5518,1456.56,145.656,36,0.430904,0.20853,0.240626,0.152411,0.114919,0.0443719,0.0171187,-0.175386,-0.0817154,72,108,0.485176,1.52064,1.52649,1.11141,0.72903,0.342424,0.132107,-0.585106,-0.272612,0.490305,1.73988,1.56623
2379,9,24,13,9.6e+22,0.876712,0.0572357,5.9017,1.094,50.7999,1524,152.4,42,0.432133,0.227786,0.246328,0.147657,0.090885,0.0248897,0.00859269,-0.109424,-0.0520141,84,126,3.68065,57.3931,2.59025,37.2039,0.955697,2.18155,0.753138,1.52707,0.725883,3.7015,63.5836,2.62368
2380,9,24,14,9.6e+22,0.876712,0.0731778,4.7341,1.069,55.3055,1659.17,165.917,42,0.431793,0.232984,0.215624,0.120676,0.059215,-0.0766716,-0.0165197,-0.165351,-0.0582369,84,126,0.363081,-0.0930887,-0.311624,-0.0482159,-0.0855785,-0.888403,-0.191416,-1.95869,-0.689852,0.364043,-0.100789,-0.449343
2386,9,25,7,9.6e+22,1.30103,0.0131037,56.4658,1.242,96.7491,2902.47,290.247,24,0.433611,0.135237,0.190129,0.116839,0.118804,-0.425687,-0.0647958,0.942957,-0.305953,48,72,0.544237,1.0171,1.00128,0.87873,0.625657,1.65904,0.252531,-0.147839,0.0479682,0.572287,1.41373,1.06061
2387,9,25,8,9.6e+22,1.30103,0.0167535,45.5583,1.234,93.9802,2819.41,281.941,24,0.433407,0.143322,0.196709,0.123147,0.125128,-0.267342,-0.0483878,0.994868,-0.280387,48,72,0.543074,1.03292,1.14605,0.887515,0.729016,1.73061,0.313234,-0.333229,0.0939149,0.568215,1.39907,1.12366
2388,9,25,9,9.6e+22,1.30103,0.02142,32.6552,1.216,88.604,2658.12,265.812,24,0.434084,0.156012,0.203281,0.132179,0.131807,-0.111459,-0.025242,1.18313,-0.238722,48,72,0.529256,1.07607,1.20709,0.911686,0.78268,1.53716,0.34812,-0.649448,0.13104,0.548941,1.39719,1.16389
2389,9,25,10,9.6e+22,1.30103,0.0273861,22.5309,1.19,81.9405,2458.21,245.821,30,0.435993,0.174446,0.213041,0.144032,0.119646,-1.25048,-0.0841113,1.41581,-0.276557,60,90,0.505242,0.999589,0.781752,0.825314,0.439038,1.9324,0.12998,2.37456,-0.463835,0.51884,1.23748,0.813979
2390,9,25,11,9.6e+22,1.30103,0.0350141,16.8051,1.165,77.0315,2310.95,231.095,30,0.437637,0.190813,0.225631,0.152633,0.127408,-0.384128,-0.0454109,3.56081,-0.196925,60,90,0.490979,1.0747,0.835706,0.859663,0.471903,1.28077,0.15141,-1.10769,0.0612589,0.500508,1.28231,0.820995
2391,9,25,12,9.6e+22,1.30103,0.0447667,11.975,1.135,72.7909,2183.73,218.373,36,0.438754,0.20518,0.210945,0.154756,0.102429,-1.2533,-0.0819989,-2.42068,-0.211227,72,108,0.491073,1.38085,0.47669,1.0415,0.231467,0.0828517,0.00542071,-0.135664,-0.011838,0.496938,1.58201,0.492924
2392,9,25,13,9.6e+22,1.30103,0.0572357,8.9279,1.107,71.328,2139.84,213.984,42,0.43923,0.218084,0.183055,0.150328,0.0705244,-1.13441,-0.105639,-1.34991,-0.224721,84,126,0.446639,1.08824,3.85727,0.750139,1.48606,9.59318,0.893339,5.20863,0.867085,0.449683,1.2069,3.96259
2393,9,25,14,9.6e+22,1.30103,0.0731778,6.7812,1.08,72.9089,2187.27,218.727,48,0.438801,0.238757,0.179981,0.1399,0.0480017,-1.37381,-0.0886834,-0.915192,-0.165382,96,144,0.432477,1.41548,3.43243,0.829404,0.915443,8.00659,0.51685,3.05973,0.552916,0.433945,1.53035,3.51901
2394,9,25,15,9.6e+22,1.30103,0.0935603,5.4041,1.059,77.438,2323.14,232.314,48,0.437358,0.237554,0.10959,0.104356,0.018434,1.8103,-0.106889,-2.69547,-0.160596,96,144,0.370709,-0.160322,-0.689379,-0.0704284,-0.115959,4.67325,-0.275931,-3.94104,-0.234807,0.371298,-0.170979,-0.717224
2399,9,26,9,9.6e+22,1.9307,0.02142,57.8302,1.225,142.968,4289.05,428.905,24,0.441581,0.154874,0.205949,0.132182,0.133794,-0.135062,-0.029431,1.01008,-0.269456,48,72,0.550396,1.10779,1.33159,0.94548,0.86506,2.03521,0.443487,-0.728233,0.194269,0.572607,1.45488,1.46305
2400,9,26,10,9.6e+22,1.9307,0.0273861,38.889,1.197,135.106,4053.19,405.319,30,0.444425,0.173106,0.205881,0.14401,0.116436,-2.99161,-0.114575,0.762529,-0.410642,60,90,0.547555,1.19495,1.35446,0.994101,0.766015,7.66944,0.293729,0.715307,-0.385212,0.563156,1.48555,1.41
2401,9,26,11,9.6e+22,1.9307,0.0350141,28.3787,1.171,127.179,3815.38,381.538,30,0.44667,0.18805,0.211513,0.151605,0.120742,-1.0314,-0.0877884,0.799294,-0.361155,60,90,0.502126,1.05681,1.15416,0.851997,0.658849,2.94574,0.250729,-0.0240612,0.0108719,0.512236,1.26123,1.13992
2402,9,26,12,9.6e+22,1.9307,0.0447667,20.3228,1.143,118.468,3554.04,355.404,36,0.448258,0.207405,0.214666,0.159229,0.106169,2.05683,-0.137226,0.679851,-0.403648,72,108,0.499684,1.18251,1.00703,0.907836,0.498054,-1.8216,0.121532,0.157852,-0.0937216,0.506159,1.35751,1.04235
2403,9,26,13,9.6e+22,1.9307,0.0572357,14.1025,1.113,110.344,3310.33,331.033,42,0.448603,0.224518,0.193561,0.158313,0.0769377,0.940546,-0.181161,0.84804,-0.381534,84,126,0.454704,1.0202,-0.183751,0.719364,-0.0730384,1.24781,-0.240343,0.764447,-0.343926,0.457979,1.12964,-0.189349
2404,9,26,14,9.6e+22,1.9307,0.0731778,10.5224,1.089,106.345,3190.34,319.034,48,0.447221,0.225759,0.11074,0.141649,0.0328044,0.824888,-0.236859,1.28461,-0.401957,96,144,0.439866,1.00132,0.959627,0.628261,0.28427,0.21225,-0.0609456,1.82817,-0.57204,0.441631,1.08274,0.988262
2405,9,26,15,9.6e+22,1.9307,0.0935603,7.9102,1.067,106.06,3181.8,318.18,48,0.445182,0.229894,0.0910319,0.11638,0.0207938,0.703824,-0.203121,1.10577,-0.337029,96,144,0.431979,1.52494,5.02605,0.771972,1.14807,-1.3511,0.389923,-0.858735,0.261736,0.432826,1.62095,6.10257
2410,9,27,10,9.6e+22,2.86512,0.0273861,58.9532,1.195,211.432,6342.95,525.3,30,0.452677,0.185392,0.240296,0.153976,0.137455,-1.18588,-0.0667519,0.633518,-0.339413,60,90,0.526626,0.990757,1.22671,0.822863,0.70171,2.36615,0.133187,0.606865,-0.325133,0.541048,1.22288,1.27687
2411,9,27,11,9.6e+22,2.86512,0.0350141,48.6832,1.178,206.662,6199.86,525.3,30,0.454768,0.194899,0.238643,0.158691,0.137441,-0.668032,-0.0569878,0.660362,-0.322662,60,90,0.521463,1.10427,1.53898,0.899122,0.886341,6.3132,0.53856,-0.726729,0.35509,0.532835,1.32635,1.72887
2412,9,27,12,9.6e+22,2.86512,0.0447667,33.4691,1.145,194.315,5829.44,525.3,36,0.457782,0.21299,0.222576,0.164288,0.111679,1.96451,-0.136092,0.620928,-0.45574,72,108,0.497019,1.04411,1.22369,0.805363,0.613997,0.993285,-0.06881,0.82755,-0.607393,0.503509,1.19671,1.26628
2413,9,27,13,9.6e+22,2.86512,0.0572357,24.3775,1.119,182.213,5466.38,525.3,42,0.458583,0.223528,0.184763,0.161284,0.0757733,0.933536,-0.21612,0.602168,-0.574211,84,126,0.473266,1.07353,1.3856,0.774592,0.568247,-0.821562,0.190197,0.0486367,-0.0463786,0.477033,1.19194,1.42756
2414,9,27,14,9.6e+22,2.86512,0.0731778,18.0313,1.097,171.044,5131.31,513.131,48,0.457487,0.22882,0.128748,0.15051,0.0409553,0.732279,-0.279435,0.582859,-0.640811,96,144,0.468109,1.18201,1.43879,0.777486,0.457687,-0.117599,0.0448752,0.2128,-0.233959,0.470309,1.28161,1.48161
2415,9,27,15,9.6e+22,2.86512,0.0935603,12.6496,1.074,160.733,4821.99,482.199,54,0.454679,0.225077,-0.0217562,0.123624,-0.00438615,0.650965,-0.333331,0.60409,-0.639193,108,162,0.434103,1.09071,1.28365,0.599077,0.258791,0.215714,-0.110458,0.310418,-0.328456,0.435102,1.15888,1.33013
2416,9,27,16,9.6e+22,2.86512,0.11962,9.3942,1.056,156.648,4699.44,469.944,54,0.450965,0.190186,-0.314976,0.0773283,-0.0367062,0.63345,-0.324084,0.613354,-0.593121,108,162,0.445221,2.18062,4.28973,0.886626,0.499911,-0.009603,0.00491306,-2.27014,2.19525,0.445719,2.29546,4.54427
2420,9,28,12,9.6e+22,4.25179,0.0447667,52.5128,1.145,308.519,9255.57,525.3,36,0.466708,0.234817,0.282903,0.181096,0.143479,1.29652,-0.0690066,0.48402,-0.348858,72,108,0.515504,1.14622,1.5877,0.883995,0.805226,-6.56335,0.349331,0.0463287,-0.0333915,0.522092,1.30984,1.64245
2421,9,28,13,9.6e+22,4.25179,0.0572357,43.0974,1.127,300.285,9008.56,525.3,42,0.467906,0.24638,0.27005,0.182179,0.113524,0.632335,-0.147306,0.473361,-0.477046,84,126,0.510606,1.21962,1.70851,0.901818,0.718227,-0.822723,0.191657,0.213775,-0.215439,0.515286,1.36287,1.75831
2422,9,28,14,9.6e+22,4.25179,0.0731778,30.7237,1.101,282.873,8486.18,525.3,48,0.467743,0.259274,0.240072,0.174085,0.0794829,0.553198,-0.212028,0.467025,-0.57374,96,144,0.471986,1.11478,1.80843,0.748499,0.598736,-0.0229219,0.00878543,0.344159,-0.422799,0.474363,1.20984,1.86058
2423,9,28,15,9.6e+22,4.25179,0.0935603,21.4975,1.078,262.75,7882.5,525.3,54,0.465439,0.267902,0.188675,0.153846,0.0423485,0.499843,-0.26296,0.451733,-0.638038,108,162,0.470416,1.41795,1.88853,0.814274,0.423885,0.308255,-0.162169,0.464131,-0.65555,0.471612,1.50679,1.95217
2424,9,28,16,9.6e+22,4.25179,0.11962,15.3167,1.06,245.598,7367.95,525.3,54,0.461629,0.256233,0.0819487,0.11433,0.012698,0.508145,-0.257447,0.457335,-0.5949,108,162,0.434763,1.25513,2.03545,0.560036,0.315395,0.472149,-0.23921,0.554098,-0.720768,0.435296,1.3168,2.13064
2428,9,29,14,9.6e+22,6.30957,0.0731778,49.5587,1.102,453.333,13600,525.3,48,0.476662,0.26915,0.290421,0.181713,0.0986196,0.473513,-0.173535,0.424489,-0.515823,96,144,0.489588,1.1577,1.9013,0.781601,0.645634,-0.590096,0.21626,0.147156,-0.178818,0.492083,1.25602,1.95521
2429,9,29,15,9.6e+22,6.30957,0.0935603,37.6708,1.083,435.002,13050.1,525.3,48,0.475593,0.28098,0.284066,0.168592,0.0883636,0.477263,-0.158259,0.424134,-0.477133,96,144,0.468807,1.01752,1.51415,0.610527,0.471003,0.868938,-0.288138,0.898125,-1.01035,0.470172,1.08359,1.6175
2430,9,29,16,9.6e+22,6.30957,0.11962,25.4776,1.062,403.454,12103.6,525.3,54,0.471928,0.291628,0.237099,0.134417,0.0412603,0.435959,-0.212643,0.411096,-0.544847,108,162,0.45337,1.44557,3.4158,0.666291,0.594422,-0.214478,0.104613,0.171518,-0.227321,0.453957,1.5163,3.56083
2434,9,30,15,9.6e+22,9.36329,0.0935603,55.6215,1.079,680.564,20416.9,525.3,54,0.483954,0.461778,1.04779,0.268436,0.253887,-0.309706,0.151274,-0.0123798,0.0172183,108,162,0.487158,1.57113,3.91671,0.913312,0.949044,-1.34323,0.656091,-0.293253,0.407869,0.488392,1.6663,4.03991
2435,9,30,16,9.6e+22,9.36329,0.11962,44.2021,1.066,661.091,19832.7,525.3,54,0.482346,0.530432,1.20125,0.26223,0.23835,-0.292106,0.136961,-0.00154968,0.00204206,108,162,0.482523,1.9203,4.54983,0.949341,0.902771,-1.35992,0.637632,-0.302547,0.398674,0.483251,2.01651,4.71965
2436,9,30,17,9.6e+22,9.36329,0.152938,32.0815,1.051,626.171,18785.1,525.3,60,0.47856,0.680525,3.87248,0.2359,0.192618,-0.109713,0.0703919,0.0588529,-0.0900432,120,180,0.452368,2.29444,11.6087,0.795353,0.577419,-0.645082,0.413883,-0.162931,0.249279,0.452699,2.39527,13.0377
2439,9,31,17,9.6e+22,13.895,0.152938,56.6804,1.056,1010.46,30313.9,525.3,60,0.488848,0.767652,3.33139,0.311774,0.314163,-0.437764,0.269874,-0.13856,0.210858,120,180,0.472916,2.04237,8.90783,0.829488,0.840044,-1.219,0.751491,-0.317573,0.483277,0.47336,2.13199,9.47005
