ID,i,j,k,SD_emb,M_BE,FWHM_pc,xi_max,contrast,R_out_as,R_cloud_as,theta_bg,theta_int,R_peak_hires,R_exc_hires,R_int_hires,R_exc_bsl_hires,R_int_bsl_hires,R_ap2_hires,R_ap2_bsl_hires,R_ap3_hires,R_ap3_bsl_hires,theta_ap2,theta_ap3,R_peak_f1p2,R_exc_f1p2,R_int_f1p2,R_exc_bsl_f1p2,R_int_bsl_f1p2,R_ap2_f1p2,R_ap2_bsl_f1p2,R_ap3_f1p2,R_ap3_bsl_f1p2,R_peak18_f1p2,R_exc18_f1p2,R_int18_f1p2
1,1,8,1,3.75e+20,0.00158489,0.003,0.5508,1.556,1.33088,39.9268,23.9561,18,0.491975,-0.045099,-0.367464,-0.0440653,-0.367145,-0.391702,-0.391427,-0.391702,-0.391427,22.7583,22.7583,0.420497,-0.15967,-0.510571,-0.156011,-0.510127,-0.511599,-0.51124,-0.511599,-0.51124,0.571333,-0.290201,-0.480313
2,1,9,1,3.75e+20,0.00235195,0.003,0.698,1.824,1.35462,40.6379,24.3827,18,0.397617,-0.0220136,-0.255187,-0.0216616,-0.255025,-0.294369,-0.294213,-0.294369,-0.294213,23.1636,23.1636,0.339303,-0.104851,-0.378787,-0.103175,-0.378546,-0.409682,-0.409465,-0.409682,-0.409465,0.486393,-0.190567,-0.401458
3,1,9,2,3.75e+20,0.00235195,0.0038356,0.5868,1.82,1.70831,51.2497,27,18,0.522266,0.012701,-0.250251,0.0123791,-0.249997,-0.323292,-0.323052,-0.323292,-0.323052,25.65,25.65,1.84878,2.38045,1.80424,2.32012,1.8024,1.15993,1.15907,1.15993,1.15907,2.47387,4.32648,1.32732
4,1,10,1,3.75e+20,0.00349025,0.003,0.8811,2.222,1.39669,41.9006,25.1404,18,0.317418,-0.00815223,-0.176961,-0.0080596,-0.176878,-0.225352,-0.225261,-0.225352,-0.225261,23.8834,23.8834,0.265339,-0.073745,-0.269907,-0.0729071,-0.269781,-0.318276,-0.318147,-0.318276,-0.318147,0.398689,-0.134032,-0.31903
5,1,10,2,3.75e+20,0.00349025,0.0038356,0.7401,2.214,1.75319,52.5963,27,18,0.429442,0.0249365,-0.138754,0.0244886,-0.138651,-0.210186,-0.210062,-0.210186,-0.210062,25.65,25.65,1.436,1.58855,0.843842,1.56001,0.843216,0.561739,0.561408,0.561739,0.561408,2.02374,2.88719,0.628753
6,1,10,3,3.75e+20,0.00349025,0.00490394,0.6167,2.201,2.23485,67.045,27,18,0.562862,0.0864981,-0.0294189,0.0839828,-0.0293832,-0.101926,-0.101828,-0.101926,-0.101828,25.65,25.65,0.955104,0.840047,0.739306,0.815619,0.738408,0.492518,0.492041,0.492518,0.492041,1.25164,1.52679,0.556795
7,1,10,4,3.75e+20,0.00349025,0.00626986,0.5192,2.181,2.82477,84.7431,27,18,0.689616,0.160773,0.0774856,0.153394,0.0773346,-0.00380966,-0.00380373,-0.00380966,-0.00380373,25.65,25.65,0.910482,0.709654,0.365085,0.67708,0.364374,0.157546,0.157301,0.157546,0.157301,1.11592,1.2898,0.192969
8,1,11,1,3.75e+20,0.00517947,0.003,1.1389,2.813,1.41265,42.3791,25.4274,18,0.241079,0.0023277,-0.108334,0.0023098,-0.108299,-0.151147,-0.151104,-0.151147,-0.151104,24.1561,24.1561,3.10495,3.53676,-0.0368469,3.50955,-0.036835,-0.091728,-0.0917015,-0.091728,-0.0917015,4.88907,6.42808,-0.0924235
9,1,11,2,3.75e+20,0.00517947,0.0038356,0.9515,2.802,1.77054,53.1167,27,18,0.335729,0.027445,-0.0707814,0.0271094,-0.0707449,-0.128502,-0.128446,-0.128502,-0.128446,25.65,25.65,1.15207,1.14974,0.595432,1.13568,0.595125,0.421142,0.420958,0.421142,0.420958,1.71435,2.08966,0.460813
10,1,11,3,3.75e+20,0.00517947,0.00490394,0.7913,2.782,2.24546,67.3642,27,18,0.455475,0.0691507,0.00620786,0.0677846,0.00620265,-0.0471755,-0.0471418,-0.0471755,-0.0471418,25.65,25.65,0.847473,0.704026,0.775532,0.690118,0.774882,0.592951,0.592529,0.592951,0.592529,1.17756,1.27957,0.643323
11,1,11,4,3.75e+20,0.00517947,0.00626986,0.6605,2.75,2.851,85.5305,27,18,0.588722,0.128359,0.0968466,0.124286,0.0967147,0.041483,0.041435,0.041483,0.041435,25.65,25.65,0.842113,0.640709,0.404469,0.620377,0.403918,0.264717,0.264411,0.264717,0.264411,1.08913,1.16449,0.297356
12,1,11,5,3.75e+20,0.00517947,0.00801622,0.5619,2.706,3.55146,106.544,27,18,0.634723,0.408719,0.509834,0.401442,0.508688,0.505962,0.504897,0.505962,0.504897,25.65,25.65,0.892047,0.822048,0.791097,0.807412,0.789319,0.689392,0.687941,0.689392,0.687941,1.23336,1.43522,0.71362
13,1,12,1,3.75e+20,0.00768625,0.003,1.48,3.691,1.44685,43.4051,26.043,18,0.182847,0.0100381,-0.060014,0.00998531,-0.0600005,-0.097779,-0.0977592,-0.097779,-0.0977592,24.7409,24.7409,1.63376,1.69399,0.364732,1.68507,0.36465,0.279623,0.279567,0.279623,0.279567,2.67038,3.07883,0.293406
14,1,12,2,3.75e+20,0.00768625,0.0038356,1.2258,3.673,1.80865,54.259,27,18,0.258523,0.028446,-0.024165,0.0282065,-0.0241563,-0.0650486,-0.0650277,-0.0650486,-0.0650277,25.65,25.65,0.969557,0.922439,0.444803,0.914671,0.444643,0.332518,0.332411,0.332518,0.332411,1.5113,1.67654,0.358919
15,1,12,3,3.75e+20,0.00768625,0.00490394,1.0127,3.642,2.28881,68.6641,27,18,0.363695,0.059978,0.0327552,0.0591573,0.032736,-0.00283052,-0.00282903,-0.00283052,-0.00282903,25.65,25.65,0.654293,0.475918,0.374399,0.469406,0.374179,0.285908,0.285758,0.285908,0.285758,0.958833,0.864982,0.304449
16,1,12,4,3.75e+20,0.00768625,0.00626986,0.8466,3.597,2.87573,86.2718,27,18,0.482282,0.0988962,0.0960868,0.0967492,0.0959965,0.0623093,0.0622571,0.0623093,0.0622571,25.65,25.65,0.737984,0.533312,-0.0559922,0.521734,-0.0559396,-0.0914696,-0.091393,-0.0914696,-0.091393,1.01098,0.969297,-0.0841477
17,1,12,5,3.75e+20,0.00768625,0.00801622,0.7098,3.525,3.62392,108.717,27,18,0.536724,0.344362,0.449409,0.34017,0.448696,0.462304,0.461605,0.462304,0.461605,25.65,25.65,0.835173,0.768314,0.837238,0.758962,0.835909,0.74223,0.741107,0.74223,0.741107,1.21342,1.34074,0.769562
18,1,12,6,3.75e+20,0.00768625,0.010249,0.6,3.413,4.60046,138.014,27,18,0.615981,0.458,0.57692,0.45249,0.575436,0.606291,0.604785,0.606291,0.604785,25.65,25.65,0.893037,0.8641,1.00096,0.853703,0.99838,1.04237,1.03978,1.04237,1.03978,1.28074,1.47287,1.06723
19,1,12,7,3.75e+20,0.00768625,0.0131037,0.5295,3.245,5.86335,175.9,27,18,0.674614,0.505313,0.630698,0.497543,0.628065,0.667183,0.664482,0.667183,0.664482,25.65,25.65,0.928282,0.905129,1.04414,0.89121,1.03978,1.10502,1.10055,1.10502,1.10055,1.28535,1.52883,1.12158
20,1,13,1,3.75e+20,0.0114062,0.003,1.9269,4.989,1.52323,45.6965,27,18,0.139817,0.0137971,-0.0261627,0.0137458,-0.0261585,-0.0576378,-0.0576292,-0.0576378,-0.0576292,25.65,25.65,1.19936,1.19376,0.565741,1.18932,0.56565,0.478269,0.478198,0.478269,0.478198,2.01391,2.16967,0.502312
21,1,13,2,3.75e+20,0.0114062,0.0038356,1.5936,4.962,1.86819,56.0452,27,18,0.199341,0.0312251,0.0092759,0.031043,0.00927356,-0.0162508,-0.0162471,-0.0162508,-0.0162471,25.65,25.65,0.448415,0.326645,0.539199,0.32474,0.539064,0.46189,0.461783,0.46189,0.461783,0.726174,0.593678,0.485395
22,1,13,3,3.75e+20,0.0114062,0.00490394,1.3127,4.917,2.33369,70.0106,27,18,0.279787,0.0491918,0.044413,0.0487315,0.044395,0.023516,0.0235072,0.023516,0.0235072,25.65,25.65,0.566126,0.419476,0.383845,0.415551,0.38369,0.313338,0.313221,0.313338,0.313221,0.871605,0.762399,0.33025
23,1,13,4,3.75e+20,0.0114062,0.00626986,1.0906,4.849,2.91858,87.5573,27,18,0.384444,0.0788072,0.092813,0.0776351,0.092753,0.0746946,0.07465,0.0746946,0.07465,25.65,25.65,0.601329,0.399082,0.303031,0.393147,0.302835,0.253468,0.253316,0.253468,0.253316,0.870956,0.725334,0.262811
24,1,13,5,3.75e+20,0.0114062,0.00801622,0.8963,4.732,3.736,112.08,27,18,0.439103,0.280159,0.380985,0.277807,0.380551,0.402606,0.402162,0.402606,0.402162,25.65,25.65,0.966198,0.958262,0.870271,0.950217,0.869278,0.785344,0.784478,0.785344,0.784478,1.46438,1.67122,0.808757
25,1,13,6,3.75e+20,0.0114062,0.010249,0.7501,4.562,4.71435,141.43,27,18,0.527464,0.394929,0.506948,0.39168,0.506021,0.541366,0.540402,0.541366,0.540402,25.65,25.65,0.829698,0.797664,1.01598,0.791103,1.01412,1.04194,1.04009,1.04194,1.04009,1.23883,1.35755,1.0702
26,1,13,7,3.75e+20,0.0114062,0.0131037,0.6405,4.299,6.01946,180.584,27,18,0.593349,0.449077,0.568865,0.444364,0.567173,0.609502,0.607735,0.609502,0.607735,25.65,25.65,0.980409,0.975216,0.906383,0.964982,0.903688,0.975606,0.972778,0.975606,0.972778,1.41462,1.63791,0.987139
27,1,13,8,3.75e+20,0.0114062,0.0167535,0.5743,3.989,7.43096,222.929,27,18,0.712849,0.605672,0.703206,0.599346,0.699968,0.75057,0.747221,0.75057,0.747221,25.65,25.65,0.913394,0.877483,0.950311,0.868317,0.945936,0.986739,0.982336,0.986739,0.982336,1.26256,1.37997,1.01622
28,1,14,1,3.75e+20,0.0169267,0.003,2.5606,6.907,1.64458,49.3374,27,18,0.108241,0.0185659,0.00693356,0.0185163,0.00693275,-0.00920191,-0.0092009,-0.00920191,-0.0092009,25.65,25.65,0.456855,0.396779,0.39096,0.395721,0.390915,0.346926,0.346887,0.346926,0.346887,0.782787,0.721148,0.35877
29,1,14,2,3.75e+20,0.0169267,0.0038356,2.0966,6.871,1.97231,59.1693,27,18,0.151007,0.028202,0.0266219,0.0280862,0.0266171,0.0137189,0.0137166,0.0137189,0.0137166,25.65,25.65,0.465457,0.38335,0.948691,0.381776,0.948522,0.874432,0.874284,0.874432,0.874284,0.776123,0.69674,0.900294
30,1,14,3,3.75e+20,0.0169267,0.00490394,1.7186,6.806,2.4145,72.4355,27,18,0.216283,0.0454362,0.0552251,0.0451427,0.0552095,0.0452868,0.0452747,0.0452868,0.0452747,25.65,25.65,0.36408,0.224996,-0.144979,0.223542,-0.144938,-0.159121,-0.159078,-0.159121,-0.159078,0.58382,0.408931,-0.158606
31,1,14,4,3.75e+20,0.0169267,0.00626986,1.4041,6.694,3.0205,90.6155,27,18,0.387568,0.224935,0.293772,0.223162,0.293628,0.297071,0.296933,0.297071,0.296933,25.65,25.65,0.510632,0.384748,0.448955,0.381716,0.448736,0.40164,0.401452,0.40164,0.401452,0.793196,0.688447,0.41395
32,1,14,5,3.75e+20,0.0169267,0.00801622,1.1619,6.532,3.77704,113.311,27,18,0.347827,0.221695,0.312626,0.220422,0.312379,0.336679,0.336419,0.336679,0.336419,25.65,25.65,0.810975,0.781346,0.776382,0.776858,0.775768,0.718814,0.71826,0.718814,0.71826,1.27459,1.36306,0.736691
33,1,14,6,3.75e+20,0.0169267,0.010249,0.9683,6.285,4.73427,142.028,27,18,0.439436,0.33264,0.433973,0.330789,0.433432,0.468691,0.468121,0.468691,0.468121,25.65,25.65,0.732055,0.692372,0.90963,0.688521,0.908497,0.955482,0.954319,0.955482,0.954319,1.1318,1.17844,0.984899
34,1,14,7,3.75e+20,0.0169267,0.0131037,0.8076,5.911,5.98692,179.607,27,18,0.482056,0.35612,0.46414,0.353552,0.463224,0.503374,0.502402,0.503374,0.502402,25.65,25.65,0.822328,0.79312,0.910584,0.7874,0.908786,1.01623,1.01427,1.01623,1.01427,1.23642,1.3395,1.01829
35,1,14,8,3.75e+20,0.0169267,0.0167535,0.6986,5.393,7.56492,226.947,27,18,0.640063,0.54691,0.635856,0.543,0.633811,0.682762,0.680631,0.682762,0.680631,25.65,25.65,0.86462,0.821213,0.86713,0.815342,0.864342,0.845466,0.842826,0.845466,0.842826,1.23195,1.28836,0.865598
36,1,14,9,3.75e+20,0.0169267,0.02142,0.6129,4.67,9.72315,291.695,29.1695,18,0.744718,0.662867,0.739068,0.657002,0.735069,0.806467,0.802302,0.806467,0.802302,27.711,27.711,0.912571,0.884685,0.86276,0.876857,0.858091,0.848173,0.843793,0.848173,0.843793,1.21673,1.29516,0.877195
37,1,14,10,3.75e+20,0.0169267,0.0273861,0.546,3.921,12.1646,364.938,36.4938,24,0.831587,0.768225,0.891548,0.759541,0.884292,0.93774,0.930197,0.93774,0.930197,34.6692,34.6692,0.950157,0.922406,0.932779,0.911979,0.925188,0.89362,0.886432,0.89362,0.886432,1.18365,1.25485,0.963348
38,1,15,1,3.75e+20,0.0251189,0.003,3.4829,9.745,1.86765,56.0302,27,18,0.0888147,0.0233534,0.0296802,0.0233068,0.0296777,0.0247433,0.0247412,0.0247433,0.0247412,25.65,25.65,0.162664,0.103098,0.0819991,0.102892,0.0819919,0.0656961,0.0656905,0.0656961,0.0656905,0.282552,0.187381,0.0695914
39,1,15,2,3.75e+20,0.0251189,0.0038356,2.7958,9.685,2.16792,65.0382,27,18,0.119951,0.0288096,0.0405482,0.0287229,0.0405429,0.0369143,0.0369096,0.0369143,0.0369096,25.65,25.65,0.255796,0.178703,-0.0237359,0.178165,-0.0237328,-0.0364818,-0.0364772,-0.0364818,-0.0364772,0.43535,0.324792,-0.0350245
40,1,15,3,3.75e+20,0.0251189,0.00490394,2.2685,9.584,2.57892,77.3679,27,18,0.165841,0.0377177,0.0567085,0.0375437,0.0566971,0.0548723,0.0548616,0.0548723,0.0548616,25.65,25.65,0.331978,0.229144,0.207135,0.228087,0.207094,0.183979,0.183943,0.183979,0.183943,0.548629,0.416469,0.189135
41,1,15,4,3.75e+20,0.0251189,0.00626986,1.85,9.428,3.13588,94.077,27,18,0.348017,0.254617,0.336815,0.253565,0.336691,0.356677,0.356548,0.356677,0.356548,25.65,25.65,0.558767,0.502555,0.55808,0.500478,0.557874,0.543415,0.54322,0.543415,0.54322,0.911023,0.889182,0.557772
42,1,15,5,3.75e+20,0.0251189,0.00801622,1.5129,9.183,3.88469,116.541,27,18,0.272514,0.175094,0.254677,0.174398,0.254533,0.278471,0.278316,0.278471,0.278316,25.65,25.65,0.61074,0.567515,0.741481,0.56526,0.741062,0.705236,0.704846,0.705236,0.704846,0.987004,0.990137,0.720394
43,1,15,6,3.75e+20,0.0251189,0.010249,1.2471,8.806,4.85081,145.524,27,18,0.354474,0.269597,0.35901,0.268569,0.358693,0.391889,0.39155,0.391889,0.39155,25.65,25.65,0.659517,0.628199,0.836997,0.625805,0.836258,0.926155,0.925354,0.926155,0.925354,1.04628,1.06853,0.952127
44,1,15,7,3.75e+20,0.0251189,0.0131037,1.0326,8.244,6.10742,183.223,27,18,0.424294,0.331591,0.431186,0.330038,0.430587,0.4694,0.468761,0.4694,0.468761,25.65,25.65,0.673561,0.620792,0.738165,0.617884,0.737139,0.834752,0.833616,0.834752,0.833616,1.03872,1.0367,0.848907
45,1,15,8,3.75e+20,0.0251189,0.0167535,0.8602,7.453,7.71919,231.576,27,18,0.561896,0.482776,0.561224,0.480408,0.559958,0.605717,0.604389,0.605717,0.604389,25.65,25.65,0.815674,0.774761,0.82059,0.77096,0.818739,0.799086,0.797334,0.799086,0.797334,1.19067,1.21345,0.820735
46,1,15,9,3.75e+20,0.0251189,0.02142,0.7487,6.397,9.84346,295.303,29.5304,24,0.677654,0.606842,0.733793,0.603197,0.731163,0.748517,0.745847,0.748517,0.745847,28.0539,28.0539,0.878235,0.853483,0.965981,0.848356,0.962519,0.961597,0.958167,0.961597,0.958167,1.19592,1.24377,0.990239
47,1,15,10,3.75e+20,0.0251189,0.0273861,0.6619,5.225,12.4461,373.384,37.3383,24,0.781403,0.72478,0.844044,0.719123,0.839192,0.895453,0.890362,0.895453,0.890362,35.4714,35.4714,0.975299,0.969853,0.954444,0.962283,0.948956,0.940359,0.935013,0.940359,0.935013,1.23104,1.30492,0.987449
48,1,15,11,3.75e+20,0.0251189,0.0350141,0.5885,4.101,15.6074,468.222,46.8223,30,0.867431,0.822425,0.954151,0.813658,0.945581,0.978462,0.969733,0.978462,0.969733,44.4812,44.4812,0.987861,0.984048,0.968051,0.973559,0.959357,0.946898,0.938451,0.946898,0.938451,1.14332,1.19994,0.978017
49,1,15,12,3.75e+20,0.0251189,0.0447667,0.5148,3.019,20.239,607.171,60.7171,36,0.936013,0.901856,0.999102,0.88705,0.984038,1.00104,0.986113,1.00104,0.986113,57.6813,57.6813,0.996914,0.994937,0.982888,0.978602,0.968068,0.942569,0.928512,0.942569,0.928512,1.06947,1.10771,0.987957
50,1,16,1,3.75e+20,0.0372759,0.003,4.8153,13.893,2.29896,68.9693,27,18,0.0732165,0.021246,0.0379039,0.0212112,0.0379012,0.0401602,0.0401573,0.0401602,0.0401573,25.65,25.65,0.199929,0.155521,0.131668,0.155267,0.131659,0.122071,0.122062,0.122071,0.122062,0.349965,0.282661,0.125309
51,1,16,2,3.75e+20,0.0372759,0.0038356,3.8153,13.802,2.52523,75.757,27,18,0.0987105,0.0282645,0.0483114,0.0281987,0.0483064,0.0510313,0.0510262,0.0510313,0.0510262,25.65,25.65,0.394441,0.346407,-0.0934558,0.3456,-0.0934463,-0.0994036,-0.0993937,-0.0994036,-0.0993937,0.680498,0.629595,-0.0991219
52,1,16,3,3.75e+20,0.0372759,0.00490394,3.0532,13.661,2.87504,86.2517,27,18,0.133264,0.0357931,0.060588,0.0356706,0.060579,0.0641946,0.0641852,0.0641946,0.0641852,25.65,25.65,0.371961,0.301365,0.238127,0.300334,0.238092,0.223573,0.22354,0.223573,0.22354,0.628099,0.547732,0.229267
53,1,16,4,3.75e+20,0.0372759,0.00626986,2.4639,13.434,3.37608,101.282,27,18,0.232732,0.16488,0.236225,0.16446,0.236155,0.257901,0.257826,0.257901,0.257826,25.65,25.65,0.507617,0.471264,0.669012,0.470062,0.668814,0.638518,0.638333,0.638518,0.638333,0.847821,0.82973,0.650268
54,1,16,5,3.75e+20,0.0372759,0.00801622,1.9924,13.067,4.08392,122.518,27,18,0.209085,0.134262,0.203066,0.133886,0.202981,0.225183,0.225091,0.225183,0.225091,25.65,25.65,0.515981,0.479143,0.617426,0.477802,0.617168,0.593346,0.593102,0.593346,0.593102,0.851077,0.836034,0.603958
55,1,16,6,3.75e+20,0.0372759,0.010249,1.6296,12.514,5.01108,150.332,27,18,0.284234,0.218396,0.295478,0.217819,0.29529,0.325108,0.324905,0.325108,0.324905,25.65,25.65,0.548267,0.512663,0.64921,0.511309,0.648797,0.741017,0.740554,0.741017,0.740554,0.886521,0.871653,0.726989
56,1,16,7,3.75e+20,0.0372759,0.0131037,1.3387,11.686,6.24127,187.238,27,18,0.353017,0.281289,0.369138,0.280399,0.368776,0.404304,0.403915,0.404304,0.403915,25.65,25.65,0.594678,0.550196,0.644264,0.548454,0.643633,0.70006,0.699387,0.70006,0.699387,0.935116,0.915085,0.686148
57,1,16,8,3.75e+20,0.0372759,0.0167535,1.1087,10.528,7.82146,234.644,27,18,0.479774,0.414487,0.483917,0.413101,0.483162,0.524616,0.52382,0.524616,0.52382,25.65,25.65,0.730472,0.695441,0.770571,0.693116,0.769368,0.765153,0.763992,0.765153,0.763992,1.08748,1.08888,0.782593
58,1,16,9,3.75e+20,0.0372759,0.02142,0.921,8.978,9.9185,297.555,29.7555,24,0.601409,0.541553,0.662923,0.539355,0.661297,0.678135,0.676479,0.678135,0.676479,28.2677,28.2677,0.799209,0.758746,0.772481,0.755666,0.770587,0.839454,0.837405,0.839454,0.837405,1.10835,1.10448,0.791991
59,1,16,10,3.75e+20,0.0372759,0.0273861,0.8129,7.252,12.5093,375.28,37.528,24,0.714749,0.664769,0.781042,0.661268,0.777988,0.832859,0.829635,0.832859,0.829635,35.6516,35.6516,0.882146,0.863309,0.977505,0.858763,0.973682,1.02106,1.0171,1.02106,1.0171,1.13161,1.15953,1.01167
60,1,16,11,3.75e+20,0.0372759,0.0350141,0.7171,5.509,15.8538,475.616,47.5615,30,0.820168,0.778647,0.911397,0.772941,0.905707,0.940008,0.934171,0.940008,0.934171,45.1835,45.1835,0.932229,0.920036,0.994721,0.913294,0.988511,1.06984,1.0632,1.06984,1.0632,1.08918,1.11657,1.00539
61,1,16,12,3.75e+20,0.0372759,0.0447667,0.6252,3.91,20.6109,618.326,61.8327,36,0.906725,0.8729,0.973998,0.862938,0.963727,0.98323,0.972944,0.98323,0.972944,58.741,58.741,0.972888,0.967506,0.778269,0.956464,0.770062,0.890377,0.881062,0.890377,0.881062,1.04921,1.07254,0.782568
62,1,16,13,3.75e+20,0.0372759,0.0572357,0.5617,2.991,25.3575,760.724,76.0724,42,0.949391,0.92156,0.997381,0.90616,0.981465,0.988187,0.972604,0.988187,0.972604,72.2688,72.2688,0.997416,0.98979,1.02354,0.97325,1.0072,1.02742,1.01122,1.02742,1.01122,1.0363,1.04923,1.02593
63,1,17,1,3.75e+20,0.0553168,0.003,7.1012,19.87,3.08519,92.5563,27,18,0.123244,0.0856397,0.126271,0.0855329,0.126258,0.138002,0.137988,0.138002,0.137988,25.65,25.65,0.201655,0.170889,0.227568,0.170676,0.227544,0.233313,0.233289,0.233313,0.233289,0.353682,0.308426,0.237106
64,1,17,2,3.75e+20,0.0553168,0.0038356,5.4187,19.752,3.18092,95.4281,27,18,0.164452,0.120931,0.174388,0.12075,0.174362,0.190541,0.190513,0.190541,0.190513,25.65,25.65,0.31042,0.28007,0.354589,0.279653,0.354536,0.37142,0.371365,0.37142,0.371365,0.538077,0.501962,0.37813
65,1,17,3,3.75e+20,0.0553168,0.00490394,4.2109,19.546,3.42615,102.784,27,18,0.172252,0.124778,0.184479,0.124573,0.184442,0.203488,0.203448,0.203488,0.203448,25.65,25.65,0.383847,0.355025,0.528952,0.354443,0.528846,0.545409,0.545302,0.545409,0.545302,0.656766,0.629468,0.554113
66,1,17,4,3.75e+20,0.0553168,0.00626986,3.3339,19.215,3.83723,115.117,27,18,0.164812,0.113763,0.171786,0.113561,0.171743,0.191028,0.190981,0.191028,0.190981,25.65,25.65,0.357,0.325488,0.472139,0.324911,0.47202,0.496785,0.496662,0.496785,0.496662,0.603899,0.571637,0.50581
67,1,17,5,3.75e+20,0.0553168,0.00801622,2.6764,18.702,4.44196,133.259,27,18,0.237504,0.190612,0.258544,0.190283,0.258454,0.283817,0.28372,0.283817,0.28372,25.65,25.65,0.548067,0.523536,0.486712,0.522632,0.486543,0.551415,0.551227,0.551415,0.551227,0.911624,0.901892,0.547492
68,1,17,6,3.75e+20,0.0553168,0.010249,2.1606,17.897,5.3035,159.105,27,18,0.218351,0.166864,0.233664,0.166552,0.233553,0.259696,0.259575,0.259696,0.259575,25.65,25.65,0.483217,0.457911,0.612125,0.457055,0.611834,0.706927,0.706596,0.706927,0.706596,0.791741,0.77821,0.706665
69,1,17,7,3.75e+20,0.0553168,0.0131037,1.757,16.69,6.47608,194.283,27,18,0.294738,0.239858,0.315272,0.239337,0.315049,0.346843,0.346602,0.346843,0.346602,25.65,25.65,0.512877,0.471177,0.547334,0.470154,0.546946,0.554444,0.554059,0.554444,0.554059,0.817117,0.780931,0.560159
70,1,17,8,3.75e+20,0.0553168,0.0167535,1.4345,14.947,8.06185,241.856,27,18,0.399555,0.346139,0.406497,0.345335,0.406043,0.442725,0.442244,0.442725,0.442244,25.65,25.65,0.703379,0.674948,0.720307,0.673381,0.719502,0.723041,0.722255,0.723041,0.722255,1.06119,1.05581,0.737987
71,1,17,9,3.75e+20,0.0553168,0.02142,1.1861,12.733,10.0775,302.325,30.2325,24,0.525234,0.476014,0.590019,0.474696,0.589009,0.60626,0.605227,0.60626,0.605227,28.7209,28.7209,0.724598,0.685487,0.780027,0.683588,0.778693,0.774885,0.773565,0.774885,0.773565,1.01693,0.995509,0.799948
72,1,17,10,3.75e+20,0.0553168,0.0273861,0.9975,10.136,12.7183,381.551,38.155,24,0.64425,0.601859,0.716697,0.599688,0.714744,0.769868,0.767791,0.769868,0.767791,36.2473,36.2473,0.817833,0.780962,0.82753,0.778146,0.825275,0.778591,0.776491,0.778591,0.776491,1.05742,1.04292,0.857283
73,1,17,11,3.75e+20,0.0553168,0.0350141,0.8735,7.487,16.232,486.96,48.696,30,0.766181,0.728798,0.859299,0.72508,0.8555,0.89039,0.886472,0.89039,0.886472,46.2612,46.2612,0.886512,0.863785,0.832847,0.859378,0.829165,0.809908,0.806343,0.809908,0.806343,1.03952,1.0405,0.84248
74,1,17,12,3.75e+20,0.0553168,0.0447667,0.7685,5.334,20.6357,619.069,61.907,36,0.861768,0.828607,0.936367,0.822251,0.92969,0.950523,0.943783,0.950523,0.943783,58.8116,58.8116,0.950226,0.929319,0.927462,0.92219,0.920849,0.890643,0.884327,0.890643,0.884327,1.03339,1.0316,0.932569
75,1,17,13,3.75e+20,0.0553168,0.0572357,0.6822,3.86,25.8695,776.085,77.6085,42,0.924311,0.896163,0.975849,0.885735,0.964912,0.974315,0.963486,0.974315,0.963486,73.7281,73.7281,0.985404,0.957833,0.909308,0.946687,0.899117,0.788261,0.7795,0.788261,0.7795,1.02728,1.01376,0.91182
76,1,17,14,3.75e+20,0.0553168,0.0731778,0.602,2.805,32.8965,986.895,98.6895,54,0.96304,0.939981,0.995167,0.922641,0.977165,0.97549,0.958076,0.97549,0.958076,93.755,93.755,0.995053,0.986726,0.964851,0.968523,0.947397,0.929106,0.91252,0.929106,0.91252,1.01462,1.01741,0.965121
77,1,17,15,3.75e+20,0.0553168,0.0935603,0.5321,2.13,41.8041,1254.12,125.412,72,0.983483,0.964811,0.993168,0.936341,0.9642,0.959116,0.931717,0.959116,0.931717,119.142,119.142,0.996685,0.988324,0.961451,0.95916,0.933409,0.914849,0.888715,0.914849,0.888715,1.0058,1.00574,0.961453
78,1,18,1,3.75e+20,0.0820891,0.003,11.0493,28.103,4.58831,137.649,27,18,0.126006,0.098804,0.148206,0.0987176,0.148176,0.164926,0.164893,0.164926,0.164893,25.65,25.65,0.242391,0.221634,0.309333,0.22144,0.309271,0.351759,0.351689,0.351759,0.351689,0.421534,0.393057,0.350716
79,1,18,2,3.75e+20,0.0820891,0.0038356,8.1297,28.036,4.42235,132.671,27,18,0.142548,0.111775,0.164778,0.111663,0.164744,0.182858,0.18282,0.182858,0.18282,25.65,25.65,0.247417,0.221688,0.301083,0.221465,0.30102,0.34893,0.348857,0.34893,0.348857,0.427028,0.391227,0.342506
80,1,18,3,3.75e+20,0.0820891,0.00490394,6.0475,27.794,4.44704,133.412,27,18,0.162102,0.128681,0.185584,0.128538,0.185541,0.205656,0.205609,0.205656,0.205609,25.65,25.65,0.29676,0.274744,0.3823,0.274438,0.382212,0.447921,0.447818,0.447921,0.447818,0.506954,0.480726,0.444417
81,1,18,4,3.75e+20,0.0820891,0.00626986,4.6792,27.363,4.67469,140.24,27,18,0.174579,0.140009,0.198439,0.139848,0.198387,0.220242,0.220185,0.220242,0.220185,25.65,25.65,0.354251,0.33456,0.458459,0.334173,0.458338,0.557362,0.557218,0.557362,0.557218,0.598325,0.57891,0.555939
82,1,18,5,3.75e+20,0.0820891,0.00801622,3.6569,26.625,5.1425,154.275,27,18,0.177316,0.141108,0.19822,0.140936,0.198159,0.220504,0.220437,0.220504,0.220437,25.65,25.65,0.382497,0.358253,0.465,0.357817,0.464858,0.531151,0.530991,0.531151,0.530991,0.638791,0.613343,0.533078
83,1,18,6,3.75e+20,0.0820891,0.010249,2.9103,25.494,5.87173,176.152,27,18,0.173859,0.133101,0.190934,0.132917,0.190861,0.213719,0.213639,0.213719,0.213639,25.65,25.65,0.394154,0.371772,0.486999,0.371256,0.486815,0.574615,0.574401,0.574615,0.574401,0.651316,0.631504,0.562397
84,1,18,7,3.75e+20,0.0820891,0.0131037,2.3276,23.74,6.95769,208.731,27,18,0.300922,0.262905,0.334744,0.262536,0.334553,0.365835,0.365632,0.365835,0.365632,25.65,25.65,0.470855,0.442432,0.611999,0.44181,0.611651,0.618556,0.618213,0.618556,0.618213,0.742389,0.714982,0.629082
85,1,18,8,3.75e+20,0.0820891,0.0167535,1.8859,21.279,8.43408,253.023,27,18,0.327801,0.284818,0.336846,0.284353,0.336571,0.368456,0.368163,0.368456,0.368163,25.65,25.65,0.583936,0.557567,0.711647,0.556657,0.711065,0.721987,0.721413,0.721987,0.721413,0.889669,0.871895,0.735801
86,1,18,9,3.75e+20,0.0820891,0.02142,1.5389,18.034,10.4243,312.73,31.273,24,0.455015,0.41549,0.51848,0.414692,0.517842,0.535221,0.534565,0.535221,0.534565,29.7094,29.7094,0.643531,0.61256,0.730205,0.611384,0.729305,0.726792,0.7259,0.726792,0.7259,0.908269,0.885586,0.749197
87,1,18,10,3.75e+20,0.0820891,0.0273861,1.2672,14.275,13.0285,390.854,39.0854,24,0.570583,0.535419,0.649765,0.53409,0.648507,0.702364,0.701019,0.702364,0.701019,37.1311,37.1311,0.734337,0.710617,0.791411,0.708853,0.789879,0.786987,0.78548,0.786987,0.78548,0.950338,0.940293,0.821161
88,1,18,11,3.75e+20,0.0820891,0.0350141,1.0825,10.656,16.286,488.58,48.858,30,0.691564,0.658535,0.792734,0.656279,0.790357,0.823276,0.820816,0.823276,0.820816,46.4151,46.4151,0.826736,0.806099,0.816022,0.803337,0.813575,0.807439,0.805026,0.807439,0.805026,0.978339,0.972308,0.825509
89,1,18,12,3.75e+20,0.0820891,0.0447667,0.9491,7.468,20.6657,619.97,61.997,36,0.804069,0.772886,0.886747,0.768915,0.882476,0.903457,0.899122,0.903457,0.899122,58.8971,58.8971,0.912174,0.895296,0.936458,0.890696,0.931948,0.920313,0.915898,0.920313,0.915898,0.99947,0.995744,0.941591
90,1,18,13,3.75e+20,0.0820891,0.0572357,0.8352,5.18,26.1863,785.588,78.5588,42,0.887733,0.859738,0.945038,0.852895,0.937726,0.948831,0.941532,0.948831,0.941532,74.6309,74.6309,0.969187,0.956874,0.956805,0.949258,0.949402,0.933859,0.926676,0.933859,0.926676,1.01404,1.01244,0.959662
91,1,18,14,3.75e+20,0.0820891,0.0731778,0.7346,3.625,33.3518,1000.55,100.055,54,0.942061,0.91822,0.979316,0.906576,0.967038,0.967081,0.955068,0.967081,0.955068,95.0525,95.0525,0.998701,0.996927,0.987626,0.984285,0.975244,0.963076,0.951113,0.963076,0.951113,1.021,1.02803,0.987951
92,1,18,15,3.75e+20,0.0820891,0.0935603,0.6438,2.602,42.8935,1286.8,128.68,72,0.973664,0.954375,0.989158,0.934533,0.968663,0.964723,0.945031,0.964723,0.945031,122.246,122.246,1.00365,1.0051,0.979216,0.984207,0.958927,0.942794,0.92355,0.942794,0.92355,1.01415,1.02244,0.97922
93,1,18,16,3.75e+20,0.0820891,0.11962,0.5765,2.051,53.084,1592.52,159.252,90,0.987549,0.971415,0.986225,0.94059,0.954975,0.948598,0.919213,0.948598,0.919213,151.289,151.289,0.996638,0.989598,0.950318,0.958196,0.920205,0.88583,0.85839,0.88583,0.85839,1.00204,1.00029,0.950318
94,1,19,1,3.75e+20,0.121819,0.003,19.3367,38.038,7.51162,225.349,27,18,0.15056,0.128685,0.190627,0.128598,0.190557,0.211423,0.211347,0.211423,0.211347,25.65,25.65,0.248766,0.229623,0.361567,0.229468,0.361434,0.381739,0.3816,0.381739,0.3816,0.422821,0.395896,0.385942
95,1,19,2,3.75e+20,0.121819,0.0038356,13.0653,38.488,6.80135,204.041,27,18,0.153601,0.129401,0.192362,0.129302,0.1923,0.213314,0.213245,0.213314,0.213245,25.65,25.65,0.255559,0.233144,0.299004,0.232966,0.298907,0.306153,0.306055,0.306153,0.306055,0.433144,0.401557,0.310056
96,1,19,3,3.75e+20,0.121819,0.00490394,9.3152,38.508,6.3855,191.565,27,18,0.145679,0.119325,0.175521,0.119225,0.17547,0.195867,0.195811,0.195867,0.195811,25.65,25.65,0.282974,0.258715,0.367951,0.2585,0.367845,0.375818,0.375711,0.375818,0.375711,0.478396,0.445075,0.379596
97,1,19,4,3.75e+20,0.121819,0.00626986,6.7931,38.092,6.25896,187.769,27,18,0.153876,0.126321,0.182902,0.12621,0.182849,0.203928,0.20387,0.203928,0.20387,25.65,25.65,0.318701,0.291184,0.335419,0.290929,0.335323,0.335282,0.335186,0.335282,0.335186,0.534334,0.497054,0.340431
98,1,19,5,3.75e+20,0.121819,0.00801622,5.1783,37.214,6.43719,193.115,27,18,0.167512,0.138896,0.195707,0.138768,0.195647,0.217848,0.217782,0.217848,0.217782,25.65,25.65,0.342709,0.315393,0.405595,0.315104,0.405469,0.407141,0.407017,0.407141,0.407017,0.568373,0.532729,0.413247
99,1,19,6,3.75e+20,0.121819,0.010249,4.0195,35.71,6.93508,208.052,27,18,0.232308,0.204191,0.271497,0.204002,0.271393,0.297843,0.297731,0.297843,0.297731,25.65,25.65,0.345934,0.317208,0.421476,0.316914,0.421314,0.469818,0.469641,0.469818,0.469641,0.55804,0.520604,0.462193
100,1,19,7,3.75e+20,0.121819,0.0131037,3.1722,33.392,7.79531,233.859,27,18,0.254524,0.224569,0.278072,0.224347,0.277939,0.305049,0.304907,0.305049,0.304907,25.65,25.65,0.432184,0.41056,0.55503,0.410154,0.554765,0.593227,0.59295,0.593227,0.59295,0.677626,0.654778,0.603055
101,1,19,8,3.75e+20,0.121819,0.0167535,2.5248,29.978,9.11562,273.468,27.3468,18,0.295591,0.262076,0.319066,0.261778,0.318859,0.348795,0.348576,0.348795,0.348576,25.9795,25.9795,0.45975,0.43562,0.447969,0.435125,0.447679,0.462147,0.461857,0.462147,0.461857,0.69379,0.669022,0.470993
102,1,19,9,3.75e+20,0.121819,0.02142,2.0344,25.477,10.9663,328.99,32.899,24,0.390258,0.360503,0.470094,0.36002,0.469661,0.492767,0.492316,0.492767,0.492316,31.2541,31.2541,0.551983,0.531181,0.608966,0.53047,0.608405,0.61426,0.613696,0.61426,0.613696,0.775816,0.758949,0.625799
103,1,19,10,3.75e+20,0.121819,0.0273861,1.6576,20.219,13.4549,403.648,40.3648,24,0.495383,0.466898,0.582555,0.466097,0.581743,0.632542,0.63167,0.632542,0.63167,38.3465,38.3465,0.652187,0.633897,0.773931,0.63281,0.772853,0.779143,0.778069,0.779143,0.778069,0.844323,0.833296,0.804131
104,1,19,11,3.75e+20,0.121819,0.0350141,1.3641,14.942,16.7245,501.736,50.1735,30,0.6201,0.592029,0.725185,0.590624,0.723641,0.755218,0.753615,0.755218,0.753615,47.6648,47.6648,0.77046,0.753919,0.895463,0.752129,0.893557,0.891544,0.889652,0.891544,0.889652,0.912342,0.904647,0.906491
105,1,19,12,3.75e+20,0.121819,0.0447667,1.1693,10.385,21.0785,632.354,63.2354,36,0.742508,0.714433,0.829361,0.711902,0.826559,0.847249,0.844396,0.847249,0.844396,60.0736,60.0736,0.871567,0.856688,0.90254,0.853653,0.899491,0.928305,0.925179,0.928305,0.925179,0.958293,0.952035,0.907738
106,1,19,13,3.75e+20,0.121819,0.0572357,1.0238,7.041,26.7183,801.549,80.1549,42,0.842455,0.815614,0.90544,0.811124,0.900526,0.912607,0.907675,0.912607,0.907675,76.1472,76.1472,0.959569,0.948373,0.834118,0.943152,0.829591,0.819279,0.814852,0.819279,0.814852,1.00676,1.0032,0.836802
107,1,19,14,3.75e+20,0.121819,0.0731778,0.8959,4.767,34.1098,1023.29,102.329,60,0.913417,0.889191,0.95683,0.881328,0.948372,0.948545,0.940213,0.948545,0.940213,97.2128,97.2128,1.00432,1.00233,0.950366,0.993463,0.941966,0.934052,0.925848,0.934052,0.925848,1.02841,1.033,0.953459
108,1,19,15,3.75e+20,0.121819,0.0935603,0.793,3.405,42.8258,1284.77,128.477,72,0.955279,0.934773,0.977263,0.921825,0.963659,0.961299,0.948051,0.961299,0.948051,122.053,122.053,1.00296,0.999033,0.969689,0.985195,0.956191,0.942096,0.929112,0.942096,0.929112,1.01543,1.01679,0.969693
109,1,19,16,3.75e+20,0.121819,0.11962,0.7015,2.516,54.0218,1620.65,162.065,90,0.979094,0.962334,0.984397,0.941183,0.962603,0.957667,0.936803,0.957667,0.936803,153.962,153.962,1.00086,1.00232,1.00928,0.980289,0.986938,1.00827,0.986303,1.00827,0.986303,1.0072,1.013,1.00928
110,1,19,17,3.75e+20,0.121819,0.152938,0.6148,1.915,69.5598,2086.8,208.68,120,0.991624,0.977607,0.978209,0.941959,0.942382,0.935644,0.902251,0.935644,0.902251,198.246,198.246,1.00128,1.00141,1.00129,0.964893,0.964612,0.933523,0.900205,0.933523,0.900205,1.0041,1.00745,1.00129
111,1,19,18,3.75e+20,0.121819,0.195537,0.5484,1.587,86.7955,2603.86,260.387,150,0.995948,0.981428,0.96406,0.925653,0.909186,0.898251,0.849122,0.898251,0.849122,247.367,247.367,1.00374,1.00445,0.915783,0.947367,0.863656,0.819416,0.774598,0.819416,0.774598,1.00501,1.00804,0.915783
112,1,20,1,3.75e+20,0.180777,0.003,32.7582,46.811,12.4324,372.971,37.2972,18,0.185109,0.169889,0.274659,0.169792,0.27447,0.336589,0.336364,0.336589,0.336364,35.4323,35.4323,0.267528,0.251065,0.399466,0.250922,0.39919,0.411489,0.411214,0.411489,0.411214,0.433797,0.411479,0.420286
113,1,20,2,3.75e+20,0.180777,0.0038356,23.0567,48.476,11.3192,339.577,33.9577,18,0.193689,0.176674,0.27308,0.176566,0.272909,0.3252,0.325002,0.3252,0.325002,32.2598,32.2598,0.285745,0.271654,0.411021,0.271488,0.410764,0.468445,0.46816,0.468445,0.46816,0.46134,0.443574,0.470448
114,1,20,3,3.75e+20,0.180777,0.00490394,15.416,49.81,10.1139,303.418,30.3418,18,0.196473,0.177427,0.26246,0.177315,0.262321,0.302458,0.302302,0.302458,0.302302,28.8247,28.8247,0.28633,0.268502,0.396554,0.268332,0.396344,0.414305,0.414091,0.414305,0.414091,0.461308,0.437691,0.418116
115,1,20,4,3.75e+20,0.180777,0.00626986,10.5945,50.223,9.25846,277.754,27.7754,18,0.191343,0.169643,0.235476,0.169532,0.235373,0.261534,0.261422,0.261534,0.261422,26.3866,26.3866,0.309469,0.292065,0.368884,0.291874,0.368723,0.383744,0.38358,0.383744,0.38358,0.49862,0.4763,0.388586
116,1,20,5,3.75e+20,0.180777,0.00801622,7.7855,49.698,8.88138,266.442,27,18,0.193754,0.171217,0.228354,0.171102,0.228262,0.252004,0.251905,0.252004,0.251905,25.65,25.65,0.330614,0.308631,0.401636,0.308424,0.401475,0.413056,0.412893,0.413056,0.412893,0.529342,0.500192,0.419361
117,1,20,6,3.75e+20,0.180777,0.010249,5.7663,48.067,8.92073,267.622,27,18,0.204626,0.181195,0.235478,0.181068,0.235382,0.259527,0.259424,0.259527,0.259424,25.65,25.65,0.356489,0.333134,0.423645,0.332901,0.423473,0.433898,0.433726,0.433898,0.433726,0.56252,0.532111,0.44131
118,1,20,7,3.75e+20,0.180777,0.0131037,4.4194,45.234,9.41988,282.596,28.2597,18,0.23453,0.210803,0.269104,0.210646,0.26898,0.299242,0.299108,0.299242,0.299108,26.8467,26.8467,0.382446,0.364684,0.491967,0.364412,0.49174,0.532676,0.532437,0.532676,0.532437,0.588137,0.567647,0.541199
119,1,20,8,3.75e+20,0.180777,0.0167535,3.4658,41.022,10.401,312.031,31.2031,18,0.29059,0.267855,0.332647,0.267637,0.332454,0.378696,0.378485,0.378696,0.378485,29.643,29.643,0.414639,0.395468,0.517918,0.395146,0.517618,0.543076,0.542774,0.543076,0.542774,0.609537,0.58813,0.550147
120,1,20,9,3.75e+20,0.180777,0.02142,2.744,35.178,11.9887,359.66,35.966,24,0.347511,0.325633,0.424085,0.325319,0.423775,0.453562,0.453232,0.453562,0.453232,34.1677,34.1677,0.501575,0.486235,0.669042,0.485766,0.668552,0.742447,0.741906,0.742447,0.741906,0.699152,0.685592,0.688749
121,1,20,10,3.75e+20,0.180777,0.0273861,2.2054,28.225,14.2535,427.605,42.7605,24,0.438571,0.416638,0.523867,0.416134,0.523315,0.574649,0.574051,0.574649,0.574051,40.6225,40.6225,0.577938,0.558599,0.66644,0.557923,0.665738,0.735017,0.734252,0.735017,0.734252,0.743281,0.725958,0.690529
122,1,20,11,3.75e+20,0.180777,0.0350141,1.7884,20.97,17.3907,521.722,52.1722,30,0.546152,0.522816,0.654003,0.521948,0.652988,0.682821,0.681764,0.682821,0.681764,49.5636,49.5636,0.682992,0.667759,0.813896,0.666651,0.812634,0.904387,0.902989,0.904387,0.902989,0.809391,0.79871,0.824585
123,1,20,12,3.75e+20,0.180777,0.0447667,1.466,14.651,21.5635,646.905,64.6905,36,0.667927,0.643142,0.766291,0.641575,0.764466,0.784445,0.782581,0.784445,0.782581,61.456,61.456,0.810508,0.785112,0.765008,0.783199,0.763186,0.743593,0.741827,0.743593,0.741827,0.893062,0.871581,0.770006
124,1,20,13,3.75e+20,0.180777,0.0572357,1.2666,9.808,27.2241,816.722,81.6722,48,0.784877,0.759942,0.864591,0.757072,0.861311,0.866001,0.862724,0.866001,0.862724,77.5886,77.5886,0.955262,0.948794,0.918568,0.94521,0.915083,0.914778,0.911317,0.914778,0.911317,1.0049,1.00403,0.921756
125,1,20,14,3.75e+20,0.180777,0.0731778,1.112,6.651,34.1875,1025.62,102.562,60,0.86855,0.844471,0.922206,0.839494,0.916695,0.917442,0.911982,0.917442,0.911982,97.4343,97.4343,1.07756,1.09173,0.947181,1.0853,0.94152,0.944989,0.939365,0.944989,0.939365,1.10722,1.1273,0.947141
126,1,20,15,3.75e+20,0.180777,0.0935603,0.9759,4.544,43.2553,1297.66,129.766,72,0.928878,0.907519,0.957606,0.898993,0.948442,0.947009,0.938009,0.947009,0.938009,123.278,123.278,1.02239,1.02855,0.981339,1.01889,0.971947,0.95766,0.948559,0.95766,0.948559,1.03705,1.04757,0.981343
127,1,20,16,3.75e+20,0.180777,0.11962,0.8564,3.189,55.0355,1651.07,165.106,96,0.965734,0.947996,0.975026,0.933554,0.959917,0.957411,0.942737,0.957411,0.942737,156.851,156.851,1.00539,1.00371,0.956824,0.988417,0.941998,0.916957,0.902903,0.916957,0.902903,1.01266,1.01437,0.961043
128,1,20,17,3.75e+20,0.180777,0.152938,0.7512,2.335,70.4031,2112.09,211.209,120,0.984943,0.970314,0.979654,0.946061,0.954838,0.949917,0.926285,0.949917,0.926285,200.649,200.649,0.997795,0.998193,0.999339,0.973244,0.974025,1.01396,0.98873,1.01396,0.98873,1.00121,1.00426,0.999339
129,1,20,18,3.75e+20,0.180777,0.195537,0.6651,1.838,88.7626,2662.88,266.288,150,0.993493,0.980459,0.973938,0.941433,0.934784,0.926158,0.88998,0.926158,0.88998,252.973,252.973,1.00148,1.00112,1.00928,0.961275,0.968705,0.93349,0.897026,0.93349,0.897026,1.00309,1.00475,1.00928
130,1,20,19,3.75e+20,0.180777,0.25,0.5906,1.53,111.556,3346.67,334.667,192,0.99696,0.982788,0.956922,0.920845,0.896326,0.883742,0.830202,0.883742,0.830202,317.934,317.934,1.00326,1.00214,0.943378,0.938977,0.883639,0.833109,0.782636,0.833109,0.782636,1.00397,1.00427,0.943378
131,1,21,1,3.75e+20,0.26827,0.003,58.9469,51.015,20.2215,606.645,60.6645,18,0.201935,0.189618,0.359484,0.189521,0.359036,0.459874,0.459306,0.468106,0.467527,36,54,0.283716,0.272595,0.485439,0.272456,0.484834,0.571178,0.570472,0.584996,0.584273,0.438422,0.424778,0.56438
132,1,21,2,3.75e+20,0.26827,0.0038356,36.7247,54.933,18.368,551.039,55.1039,18,0.219795,0.206766,0.361931,0.206653,0.361499,0.456299,0.455796,0.463272,0.462762,36,52.3487,0.300465,0.287221,0.488521,0.287064,0.487937,0.480191,0.479662,0.474681,0.474159,0.45757,0.441197,0.496212
133,1,21,3,3.75e+20,0.26827,0.00490394,25.0979,57.78,16.5618,496.854,49.6853,18,0.225048,0.211882,0.350989,0.211765,0.350637,0.439462,0.439052,0.444874,0.444459,36,47.201,0.310091,0.298514,0.500967,0.298349,0.500464,0.586417,0.58587,0.586611,0.586064,0.46952,0.455883,0.546337
134,1,21,4,3.75e+20,0.26827,0.00626986,18.7222,59.468,15.1907,455.721,45.5721,18,0.226809,0.213569,0.334868,0.213452,0.33459,0.416563,0.416238,0.42039,0.420062,36,43.2935,0.312354,0.298798,0.480826,0.298634,0.480427,0.454916,0.45456,0.454572,0.454217,0.472312,0.455666,0.456176
135,1,21,5,3.75e+20,0.26827,0.00801622,12.4607,60.634,13.5789,407.368,40.7368,18,0.226581,0.21294,0.321576,0.212824,0.321358,0.395843,0.395588,0.397112,0.396857,36,38.6999,0.316793,0.305526,0.46349,0.305359,0.463175,0.543014,0.542665,0.543411,0.543061,0.476179,0.463063,0.487069
136,1,21,6,3.75e+20,0.26827,0.010249,8.747,59.956,12.6764,380.292,38.0292,18,0.233949,0.219662,0.310456,0.21954,0.310276,0.377299,0.377091,0.377435,0.377227,36,36.1277,0.331995,0.318395,0.444665,0.318218,0.444407,0.462249,0.461993,0.462242,0.461986,0.494599,0.478239,0.464203
137,1,21,7,3.75e+20,0.26827,0.0131037,6.4839,57.494,12.4509,373.528,37.3528,18,0.248122,0.233198,0.314633,0.233062,0.314456,0.380126,0.379923,0.380126,0.379923,35.4851,35.4851,0.359967,0.344682,0.46837,0.344482,0.468108,0.486323,0.486064,0.486323,0.486064,0.526486,0.508229,0.491579
138,1,21,8,3.75e+20,0.26827,0.0167535,4.8482,52.688,12.892,386.76,38.676,24,0.277155,0.26171,0.385948,0.261544,0.385724,0.418092,0.417851,0.418092,0.417851,36.7422,36.7422,0.381823,0.368042,0.308211,0.367808,0.308032,0.322548,0.322362,0.322548,0.322362,0.53871,0.523366,0.317678
139,1,21,9,3.75e+20,0.26827,0.02142,3.7768,46.115,13.986,419.578,41.9579,24,0.322666,0.306591,0.432993,0.306367,0.432696,0.473953,0.473631,0.473953,0.473631,39.86,39.86,0.424583,0.404432,0.555241,0.404137,0.55486,0.553718,0.553342,0.553718,0.553342,0.570351,0.547394,0.575904
140,1,21,10,3.75e+20,0.26827,0.0273861,2.985,37.815,15.8483,475.448,47.5448,24,0.385191,0.367899,0.488702,0.367569,0.488269,0.542826,0.542355,0.542826,0.542355,45.1676,45.1676,0.508989,0.495312,0.65498,0.494868,0.6544,0.665385,0.664807,0.665385,0.664807,0.642996,0.630185,0.667356
141,1,21,11,3.75e+20,0.26827,0.0350141,2.3826,28.699,18.6664,559.992,55.9992,30,0.480026,0.460859,0.599487,0.460307,0.598763,0.628511,0.627755,0.628511,0.627755,53.1992,53.1992,0.610596,0.594081,0.732709,0.59337,0.731825,0.732192,0.731312,0.732192,0.731312,0.718278,0.70331,0.744535
142,1,21,12,3.75e+20,0.26827,0.0447667,1.917,20.201,22.7025,681.075,68.1075,36,0.597347,0.576098,0.708298,0.575102,0.707035,0.727025,0.725733,0.727025,0.725733,64.7021,64.7021,0.732665,0.714421,0.789346,0.713185,0.787939,0.780174,0.778787,0.780174,0.778787,0.807006,0.791083,0.795882
143,1,21,13,3.75e+20,0.26827,0.0572357,1.5846,13.86,27.8622,835.865,83.5866,48,0.71451,0.691978,0.808066,0.690188,0.8059,0.810689,0.808521,0.810689,0.808521,79.4072,79.4072,0.76417,0.745215,0.763214,0.743288,0.761168,0.755305,0.753284,0.755305,0.753284,0.806884,0.790306,0.763617
144,1,21,14,3.75e+20,0.26827,0.0731778,1.3775,9.183,35.0337,1051.01,105.101,60,0.816831,0.79386,0.881535,0.790625,0.8778,0.878842,0.87513,0.878842,0.87513,99.8459,99.8459,0.898101,0.886249,0.802369,0.882637,0.79897,0.79371,0.790357,0.79371,0.790357,0.924589,0.915703,0.802399
145,1,21,15,3.75e+20,0.26827,0.0935603,1.2051,6.174,44.0327,1320.98,132.098,72,0.893194,0.871675,0.930457,0.866065,0.924232,0.923392,0.917244,0.923392,0.917244,125.493,125.493,1.31266,1.37318,0.840657,1.36434,0.835033,0.817386,0.811944,0.817386,0.811944,1.33358,1.3994,0.840663
146,1,21,16,3.75e+20,0.26827,0.11962,1.0563,4.23,55.6176,1668.53,166.853,96,0.943622,0.924738,0.959915,0.91519,0.949673,0.947823,0.937787,0.947823,0.937787,158.51,158.51,1.02018,1.02757,0.977809,1.01696,0.967376,0.970942,0.960661,0.970942,0.960661,1.02885,1.03907,0.978944
147,1,21,17,3.75e+20,0.26827,0.152938,0.9253,2.985,70.7627,2122.88,212.288,120,0.973469,0.957825,0.974469,0.94172,0.957653,0.954141,0.937879,0.954141,0.937879,201.674,201.674,1.00065,0.996614,0.97465,0.979856,0.95783,0.917703,0.902061,0.917703,0.902061,1.00477,1.00283,0.97465
148,1,21,18,3.75e+20,0.26827,0.195537,0.8164,2.24,89.314,2679.42,267.942,150,0.987909,0.974586,0.976949,0.948359,0.950108,0.944214,0.918778,0.944214,0.918778,254.545,254.545,1.00253,1.00559,0.985244,0.97853,0.958175,0.981439,0.955,0.981439,0.955,1.00467,1.00952,0.985244
149,1,21,19,3.75e+20,0.26827,0.25,0.7198,1.768,113.282,3398.47,339.847,192,0.994828,0.982349,0.969017,0.939637,0.926249,0.916879,0.877664,0.916879,0.877664,322.854,322.854,0.996507,0.987868,0.99022,0.944916,0.946516,0.906141,0.867385,0.906141,0.867385,0.997491,0.990177,0.99022
150,1,22,2,3.75e+20,0.398107,0.0038356,57.7622,58.14,28.9821,869.462,86.9462,18,0.23389,0.221837,0.412919,0.221722,0.412385,0.551737,0.55069,0.569083,0.568009,36,54,0.514429,0.506911,0.578541,0.506647,0.577793,0.656284,0.655039,0.649925,0.648699,0.758738,0.753248,0.674283
151,1,22,3,3.75e+20,0.398107,0.00490394,46.2623,60.423,27.721,831.629,83.1629,18,0.238431,0.226428,0.41135,0.22631,0.410829,0.543661,0.542707,0.558982,0.558004,36,54,0.469722,0.461362,0.564473,0.461121,0.563759,0.648433,0.647295,0.64415,0.643024,0.687194,0.679898,0.661636
152,1,22,4,3.75e+20,0.398107,0.00626986,30.3331,64.269,24.8727,746.18,74.618,24,0.241988,0.23031,0.461543,0.230193,0.46086,0.530971,0.530209,0.532241,0.531478,48,70.8871,0.410865,0.401363,0.608152,0.401158,0.607253,0.536268,0.535498,0.531867,0.531104,0.593272,0.583518,0.636137
153,1,22,5,3.75e+20,0.398107,0.00801622,21.3056,66.57,22.3782,671.345,67.1345,24,0.243583,0.232186,0.443155,0.232071,0.442614,0.50514,0.504549,0.506258,0.505666,48,63.7777,0.373077,0.362203,0.587959,0.362023,0.587242,0.379712,0.379268,0.374959,0.374521,0.5328,0.520602,0.61437
154,1,22,6,3.75e+20,0.398107,0.010249,14.1331,67.609,19.8097,594.292,59.4292,24,0.248046,0.236779,0.423976,0.236663,0.423577,0.478791,0.478352,0.479466,0.479026,48,56.4577,0.353594,0.343714,0.559781,0.343545,0.559254,0.616012,0.615447,0.614795,0.614232,0.497163,0.486189,0.583849
155,1,22,7,3.75e+20,0.398107,0.0131037,9.9556,66.396,18.2213,546.64,54.6639,24,0.260996,0.249607,0.413088,0.249482,0.412765,0.463477,0.463121,0.463766,0.46341,48,51.9307,0.355807,0.343963,0.506983,0.34379,0.506585,0.512381,0.511987,0.511237,0.510845,0.491041,0.477432,0.528301
156,1,22,8,3.75e+20,0.398107,0.0167535,7.1951,62.621,17.5063,525.189,52.5188,24,0.282473,0.270638,0.417198,0.270493,0.416896,0.466617,0.466286,0.466736,0.466405,48,49.8929,0.380068,0.36195,0.529711,0.361756,0.529327,0.490986,0.490637,0.486053,0.485709,0.51035,0.488707,0.531358
157,1,22,9,3.75e+20,0.398107,0.02142,5.3996,56.308,17.7177,531.531,53.1531,24,0.313667,0.301024,0.437186,0.300845,0.43686,0.489411,0.489054,0.489589,0.489232,48,50.4954,0.41495,0.400322,0.448246,0.400084,0.447911,0.455847,0.455514,0.454622,0.45429,0.536626,0.520441,0.463631
158,1,22,10,3.75e+20,0.398107,0.0273861,4.1498,47.653,18.8697,566.09,56.609,30,0.360005,0.346063,0.507036,0.345817,0.506616,0.531047,0.530609,0.531047,0.530609,53.7785,53.7785,0.466644,0.453979,0.630614,0.453657,0.630091,0.63372,0.633196,0.63372,0.633196,0.574743,0.561914,0.639535
159,1,22,11,3.75e+20,0.398107,0.0350141,3.2503,37.598,21.0662,631.985,63.1985,30,0.432019,0.416324,0.560049,0.415947,0.559469,0.591079,0.590472,0.591079,0.590472,60,60.0385,0.54751,0.525568,0.663634,0.525092,0.662947,0.624087,0.623445,0.624087,0.623445,0.637835,0.615032,0.663647
160,1,22,12,3.75e+20,0.398107,0.0447667,2.5709,27.423,24.5832,737.497,73.7497,36,0.531348,0.513432,0.655015,0.512786,0.654091,0.674893,0.673945,0.674893,0.673945,70.0622,70.0622,0.579723,0.562345,0.57209,0.561637,0.571283,0.567581,0.566783,0.567581,0.566783,0.63901,0.62226,0.578606
161,1,22,13,3.75e+20,0.398107,0.0572357,2.0796,19.157,29.4032,882.095,88.2095,48,0.64487,0.625084,0.752511,0.623938,0.750997,0.756044,0.754526,0.756044,0.754526,83.799,83.799,0.73594,0.72183,0.840076,0.720507,0.838386,0.835471,0.833793,0.835471,0.833793,0.779789,0.767356,0.840733
162,1,22,14,3.75e+20,0.398107,0.0731778,1.7299,12.901,36.0604,1081.81,108.181,60,0.753104,0.731965,0.832402,0.729915,0.829887,0.831134,0.82863,0.831134,0.82863,102.772,102.772,0.917569,0.912103,0.801912,0.909548,0.79949,0.795575,0.793177,0.795575,0.793177,0.94739,0.944334,0.801952
163,1,22,15,3.75e+20,0.398107,0.0935603,1.4986,8.495,45.2301,1356.9,135.69,72,0.847855,0.82694,0.896279,0.823263,0.892014,0.89165,0.887422,0.89165,0.887422,128.906,128.906,1.06433,1.0738,0.748293,1.06903,0.744732,0.728798,0.725342,0.728798,0.725342,1.08325,1.09549,0.748301
164,1,22,16,3.75e+20,0.398107,0.11962,1.3054,5.681,56.9312,1707.94,170.794,96,0.9135,0.894028,0.938496,0.887658,0.931424,0.92987,0.922901,0.92987,0.922901,162.254,162.254,1.14791,1.18041,0.980791,1.172,0.973401,0.958798,0.951612,0.958798,0.951612,1.15892,1.1942,0.980791
165,1,22,17,3.75e+20,0.398107,0.152938,1.14,3.894,72.0436,2161.31,216.131,120,0.955871,0.939037,0.963397,0.928205,0.951779,0.94902,0.937675,0.94902,0.937675,205.324,205.324,1.00693,1.01019,0.985343,0.998537,0.97346,0.965712,0.954167,0.965712,0.954167,1.01192,1.01696,0.985343
166,1,22,18,3.75e+20,0.398107,0.195537,1.0013,2.801,90.9082,2727.24,272.724,156,0.978959,0.964796,0.97324,0.946918,0.954564,0.950939,0.93294,0.950939,0.93294,259.088,259.088,1.00073,1.00439,0.999449,0.985782,0.98027,1.01303,0.99385,1.01303,0.99385,1.00306,1.00806,0.999449
167,1,22,19,3.75e+20,0.398107,0.25,0.8765,2.096,116.083,3482.49,348.249,198,0.990959,0.978692,0.973095,0.948877,0.942679,0.936466,0.90784,0.936466,0.90784,330.836,330.836,0.998567,0.995685,0.978617,0.965353,0.948028,0.943805,0.914955,0.943805,0.914955,0.999587,0.997663,0.978617
168,1,23,4,3.75e+20,0.590784,0.00626986,55.7003,65.247,41.0658,1231.98,123.198,24,0.249654,0.238367,0.501016,0.238248,0.500204,0.627166,0.625512,0.634999,0.633329,48,72,1.21516,1.21881,0.90823,1.2182,0.906758,0.891342,0.88899,0.878003,0.875694,1.73321,1.74957,0.95133
169,1,23,5,3.75e+20,0.590784,0.00801622,38.1896,68.805,37.5841,1127.52,112.752,24,0.25328,0.242438,0.489939,0.242321,0.489205,0.60375,0.602414,0.608497,0.607151,48,72,-0.266708,-0.284583,0.82117,-0.284446,0.819939,0.862922,0.861012,0.853441,0.851554,-0.374406,-0.401843,0.877439
170,1,23,6,3.75e+20,0.590784,0.010249,24.8162,71.197,33.1382,994.147,99.4147,24,0.259711,0.249267,0.478082,0.249151,0.477438,0.574224,0.573238,0.576957,0.575966,48,72,0.311755,0.302472,0.516911,0.30233,0.516215,0.570028,0.569049,0.564727,0.563757,0.428147,0.417585,0.602206
171,1,23,7,3.75e+20,0.590784,0.0131037,17.3865,71.386,29.653,889.59,88.959,24,0.268193,0.257875,0.469218,0.257754,0.468642,0.551796,0.551037,0.553929,0.553168,48,72,0.309882,0.300466,0.463348,0.300326,0.462779,0.466517,0.465876,0.464616,0.463978,0.416133,0.405438,0.507449
172,1,23,8,3.75e+20,0.590784,0.0167535,11.4182,68.808,26.3685,791.055,79.1055,24,0.286211,0.275735,0.463198,0.275601,0.462689,0.53547,0.534885,0.537384,0.536798,48,72,-2.57133,-2.62346,0.542257,-2.62219,0.541662,0.563983,0.563368,0.563658,0.563043,-3.33953,-3.42215,0.587564
173,1,23,9,3.75e+20,0.590784,0.02142,8.1522,63.674,24.8015,744.045,74.4045,30,0.311422,0.30045,0.50449,0.300292,0.503996,0.536759,0.53624,0.536885,0.536366,60,70.6843,0.344276,0.333534,0.517423,0.333358,0.516916,0.51678,0.516281,0.517149,0.516649,0.431824,0.420039,0.52995
174,1,23,10,3.75e+20,0.590784,0.0273861,5.9731,55.687,24.5615,736.844,73.6844,30,0.351273,0.339393,0.520118,0.339188,0.519618,0.553848,0.553324,0.553999,0.553475,60,70.0002,0.393238,0.381473,0.440428,0.381242,0.440005,0.440724,0.440307,0.439957,0.439541,0.473327,0.46087,0.452333
175,1,23,11,3.75e+20,0.590784,0.0350141,4.5716,46.153,25.6302,768.905,76.8905,36,0.403995,0.390749,0.571331,0.390462,0.570742,0.588702,0.588097,0.588671,0.588066,72,73.0459,0.457888,0.445462,0.669291,0.445135,0.668601,0.662741,0.66206,0.662615,0.661934,0.52787,0.515279,0.676629
176,1,23,12,3.75e+20,0.590784,0.0447667,3.539,35.446,28.1803,845.41,84.5409,42,0.479664,0.46447,0.63585,0.464022,0.635057,0.644115,0.643313,0.644115,0.643313,80.3139,80.3139,0.582345,0.570685,0.716143,0.570135,0.71525,0.710794,0.709909,0.710794,0.709909,0.642242,0.631263,0.718774
177,1,23,13,3.75e+20,0.590784,0.0572357,2.7961,25.586,32.3528,970.584,97.0584,48,0.580555,0.563339,0.708632,0.562576,0.707469,0.713221,0.712052,0.713221,0.712052,92.2055,92.2055,0.781581,0.774191,0.749677,0.773143,0.748447,0.74568,0.744458,0.74568,0.744458,0.830924,0.825186,0.751023
178,1,23,14,3.75e+20,0.590784,0.0731778,2.2502,17.689,38.3515,1150.54,115.054,60,0.692029,0.673321,0.786206,0.671978,0.784392,0.785907,0.784098,0.785907,0.784098,109.302,109.302,2.70841,2.81341,0.777302,2.8078,0.775509,0.771266,0.769491,0.771266,0.769491,2.80743,2.92268,0.777404
179,1,23,15,3.75e+20,0.590784,0.0935603,1.8844,11.742,47.0857,1412.57,141.257,78,0.794216,0.774643,0.857351,0.77224,0.85437,0.854064,0.851102,0.854064,0.851102,134.194,134.194,0.818303,0.803539,0.875831,0.801047,0.872786,0.858745,0.855767,0.858745,0.855767,0.834786,0.82127,0.878533
180,1,23,16,3.75e+20,0.590784,0.11962,1.6329,7.814,58.5147,1755.44,175.544,96,0.871666,0.85214,0.909987,0.847967,0.905103,0.903858,0.899026,0.903858,0.899026,166.767,166.767,0.922168,0.912746,0.971505,0.908276,0.966291,0.951416,0.94633,0.951416,0.94633,0.93223,0.924193,0.971505
181,1,23,17,3.75e+20,0.590784,0.152938,1.4166,5.225,73.6308,2208.92,220.893,120,0.929899,0.912215,0.945774,0.905011,0.937738,0.935574,0.927674,0.935574,0.927674,209.848,209.848,1.045,1.05576,0.975295,1.04742,0.967008,0.941724,0.933772,0.941724,0.933772,1.05094,1.0632,0.975295
182,1,23,18,3.75e+20,0.590784,0.195537,1.2391,3.644,92.3977,2771.93,277.193,156,0.963811,0.948404,0.96488,0.936425,0.951981,0.94917,0.936603,0.94917,0.936603,263.333,263.333,0.999103,0.996948,0.965115,0.984356,0.952213,0.924808,0.912563,0.924808,0.912563,1.0017,1.00053,0.965115
183,1,23,19,3.75e+20,0.590784,0.25,1.0871,2.648,116.329,3489.86,348.986,198,0.982967,0.969927,0.972443,0.950262,0.951855,0.947595,0.927834,0.947595,0.927834,331.537,331.537,0.992997,0.989302,0.982342,0.969244,0.961544,0.970236,0.950003,0.970236,0.950003,0.994216,0.991272,0.982342
184,1,24,5,3.75e+20,0.876712,0.00801622,55.5161,71.029,58.2026,1746.08,174.608,24,0.260128,0.249702,0.50051,0.249585,0.499781,0.656119,0.654053,0.685637,0.683183,48,72,1.76744,1.77858,1.10254,1.77775,1.10093,1.08969,1.08625,1.05702,1.05324,2.448,2.47679,1.10671
185,1,24,6,3.75e+20,0.876712,0.010249,39.9781,73.121,53.7713,1613.14,161.314,24,0.265306,0.25521,0.490941,0.255094,0.490278,0.639605,0.637759,0.66218,0.660158,48,72,-3.8899,-3.95638,1.00313,-3.95458,1.00178,1.036,1.03301,1.02208,1.01896,-5.28262,-5.39932,1.02274
186,1,24,7,3.75e+20,0.876712,0.0131037,28.1656,73.694,48.5648,1456.94,145.695,24,0.275335,0.265436,0.484227,0.265316,0.483624,0.623035,0.621463,0.638542,0.636951,48,72,0.541441,0.535763,0.520828,0.53552,0.520179,0.69285,0.691102,0.659543,0.657899,0.71727,0.712894,0.606421
187,1,24,8,3.75e+20,0.876712,0.0167535,20.0247,72.438,43.5859,1307.58,130.758,24,0.289261,0.279364,0.480955,0.279236,0.480398,0.609186,0.607956,0.619098,0.617854,48,72,0.588885,0.583798,0.462727,0.583529,0.462192,0.586083,0.584899,0.562946,0.561815,0.758801,0.755263,0.556726
188,1,24,9,3.75e+20,0.876712,0.02142,13.2122,68.163,38.4175,1152.52,115.252,30,0.314086,0.303905,0.53729,0.303755,0.536568,0.601575,0.600638,0.60195,0.601013,60,90,0.596399,0.591118,0.483477,0.590828,0.482828,0.535162,0.534328,0.527759,0.526937,0.739345,0.7354,0.54938
189,1,24,10,3.75e+20,0.876712,0.0273861,9.193,61.425,35.3515,1060.54,106.054,30,0.347107,0.336309,0.542263,0.336124,0.541585,0.599293,0.5985,0.599646,0.598854,60,90,0.618062,0.612677,0.712212,0.612342,0.711321,0.7002,0.699274,0.695883,0.694964,0.736678,0.732571,0.767267
190,1,24,11,3.75e+20,0.876712,0.0350141,6.6723,52.637,34.2761,1028.28,102.828,36,0.392518,0.380736,0.581946,0.380491,0.581201,0.613176,0.612414,0.612709,0.611948,72,97.6868,0.693753,0.689053,0.761086,0.68861,0.760111,0.710588,0.709705,0.709286,0.708405,0.794798,0.791635,0.780367
191,1,24,12,3.75e+20,0.876712,0.0447667,5.0002,42.494,35.1247,1053.74,105.374,42,0.45467,0.441467,0.629004,0.441113,0.628179,0.644128,0.643288,0.643652,0.642813,84,100.105,1.50847,1.52222,0.591401,1.521,0.590625,0.573484,0.572737,0.572726,0.57198,1.66313,1.68242,0.598533
192,1,24,13,3.75e+20,0.876712,0.0572357,3.8479,32.24,37.961,1138.83,113.883,48,0.536567,0.521624,0.683785,0.521069,0.682742,0.692309,0.691256,0.691864,0.690812,96,108.189,0.526346,0.51317,0.543778,0.512624,0.542949,0.529243,0.528437,0.528029,0.527226,0.561275,0.548388,0.54004
193,1,24,14,3.75e+20,0.876712,0.0731778,3.0435,23.345,42.8168,1284.51,128.451,60,0.632027,0.615365,0.750532,0.614447,0.749079,0.751262,0.749809,0.751172,0.74972,120,122.028,0.67073,0.658794,0.858402,0.657812,0.856739,0.842233,0.840604,0.842227,0.840598,0.697661,0.686481,0.858912
194,1,24,15,3.75e+20,0.876712,0.0935603,2.4385,16.129,50.2027,1506.08,150.608,78,0.732206,0.714208,0.817051,0.712635,0.814875,0.814717,0.812552,0.814717,0.812552,143.078,143.078,0.87244,0.867466,0.908181,0.865555,0.905763,0.892745,0.890373,0.892745,0.890373,0.892381,0.888639,0.908185
195,1,24,16,3.75e+20,0.876712,0.11962,2.0632,10.699,61.4117,1842.35,184.235,96,0.823748,0.805091,0.877744,0.802322,0.874247,0.873171,0.869702,0.873171,0.869702,175.023,175.023,0.844057,0.831218,0.952085,0.82836,0.948292,0.931757,0.928056,0.931757,0.928056,0.85454,0.842626,0.952086
196,1,24,17,3.75e+20,0.876712,0.152938,1.7825,7.163,75.8802,2276.41,227.641,120,0.892564,0.874371,0.921862,0.869636,0.916256,0.91447,0.908933,0.91447,0.908933,216.259,216.259,1.01472,1.01896,1.03407,1.01344,1.02778,1.00433,0.998247,1.00433,0.998247,1.02159,1.02699,1.03407
197,1,24,18,3.75e+20,0.876712,0.195537,1.5416,4.821,95.1512,2854.54,285.454,156,0.942576,0.926347,0.951291,0.918255,0.942198,0.939809,0.930889,0.939809,0.930889,271.181,271.181,1.019,1.02529,0.973453,1.01634,0.964148,0.953296,0.944248,0.953296,0.944248,1.02243,1.02966,0.973453
198,1,24,19,3.75e+20,0.876712,0.25,1.3453,3.39,119.139,3574.18,357.418,198,0.970154,0.955781,0.966707,0.942426,0.952224,0.948758,0.934699,0.948758,0.934699,339.547,339.547,1.00311,1.00615,0.978529,0.992089,0.963869,0.978067,0.963573,0.978067,0.963573,1.00463,1.00832,0.978529
199,1,25,7,3.75e+20,1.30103,0.0131037,46.3084,74.967,78.7338,2362.01,236.201,24,0.279071,0.269391,0.493231,0.269271,0.492623,0.655199,0.653374,0.709358,0.706363,48,72,0.497002,0.490478,1.30882,0.49026,1.3072,1.19386,1.19053,1.19421,1.18917,0.655499,0.649662,1.27593
200,1,25,8,3.75e+20,1.30103,0.0167535,33.3801,74.056,71.9163,2157.49,215.749,24,0.293192,0.283565,0.48903,0.283437,0.488468,0.646204,0.644549,0.692604,0.690034,48,72,0.793924,0.791521,1.23305,0.791164,1.23163,1.14747,1.14453,1.14916,1.14489,1.01753,1.01833,1.20978
201,1,25,9,3.75e+20,1.30103,0.02142,22.1623,70.486,63.2126,1896.38,189.638,30,0.316671,0.306864,0.545572,0.306718,0.544824,0.663957,0.662091,0.676429,0.674506,60,90,1.38125,1.38733,1.2361,1.38667,1.23441,1.20162,1.19825,1.15686,1.15357,1.70341,1.71662,1.22769
202,1,25,10,3.75e+20,1.30103,0.0273861,15.3003,65.036,56.187,1685.61,168.561,30,0.346204,0.336,0.546803,0.335826,0.546102,0.655995,0.654513,0.662722,0.661232,60,90,0.388628,0.380099,0.881767,0.379902,0.880637,0.932804,0.930698,0.905979,0.903942,0.462113,0.453301,0.909775
203,1,25,11,3.75e+20,1.30103,0.0350141,10.4767,57.169,50.7733,1523.2,152.32,36,0.388252,0.377341,0.590376,0.377119,0.589538,0.658815,0.657607,0.658723,0.657516,72,108,0.443263,0.434683,0.859746,0.434426,0.858526,0.860285,0.858708,0.84671,0.845158,0.506931,0.498387,0.896138
204,1,25,12,3.75e+20,1.30103,0.0447667,7.4966,48.097,48.2006,1446.02,144.602,42,0.440631,0.428704,0.634637,0.428402,0.633639,0.669762,0.668656,0.66878,0.667676,84,126,0.518038,0.509632,0.687195,0.509272,0.686114,0.678338,0.677218,0.668521,0.667417,0.571784,0.563744,0.735662
205,1,25,13,3.75e+20,1.30103,0.0572357,5.5532,38.408,48.35,1450.5,145.05,54,0.506957,0.493688,0.686219,0.493249,0.685073,0.695688,0.694533,0.694767,0.693614,108,137.797,0.678855,0.672532,0.699408,0.671934,0.69824,0.667733,0.666624,0.661879,0.66078,0.726414,0.720997,0.70517
206,1,25,14,3.75e+20,1.30103,0.0731778,4.2244,28.947,51.2893,1538.68,153.868,60,0.587143,0.572224,0.731948,0.571542,0.730576,0.737228,0.735849,0.736332,0.734956,120,146.175,0.577066,0.564979,0.778653,0.564306,0.777194,0.748158,0.746758,0.744271,0.74288,0.602153,0.59046,0.771051
207,1,25,15,3.75e+20,1.30103,0.0935603,3.3143,20.939,57.0165,1710.5,171.05,78,0.677176,0.660763,0.788757,0.659659,0.786932,0.787229,0.78541,0.786951,0.785134,156,162.497,0.73415,0.724266,0.719895,0.723056,0.718229,0.694479,0.692874,0.693854,0.692252,0.753025,0.743848,0.719948
208,1,25,16,3.75e+20,1.30103,0.11962,2.6588,14.527,66.1534,1984.6,198.46,96,0.767756,0.750241,0.844323,0.748392,0.841692,0.84078,0.838166,0.84078,0.838166,188.537,188.537,1.06064,1.06875,0.863677,1.06611,0.860987,0.833649,0.831058,0.833649,0.831058,1.07579,1.08516,0.863678
209,1,25,17,3.75e+20,1.30103,0.152938,2.2656,9.704,80.3827,2411.48,241.148,120,0.850522,0.83281,0.895503,0.829617,0.891385,0.889757,0.885681,0.889757,0.885681,229.091,229.091,0.864661,0.852347,0.9959,0.84908,0.991321,0.967003,0.962573,0.967003,0.962573,0.871289,0.859641,0.9959
210,1,25,18,3.75e+20,1.30103,0.195537,1.9413,6.473,99.3117,2979.35,297.935,156,0.91151,0.894492,0.932756,0.889037,0.926209,0.924066,0.917614,0.924066,0.917614,283.038,283.038,1.11775,1.13918,0.970571,1.13223,0.963759,0.922234,0.915795,0.922234,0.915795,1.12229,1.14468,0.970571
211,1,25,19,3.75e+20,1.30103,0.25,1.683,4.463,122.935,3688.06,368.806,198,0.951441,0.936102,0.955847,0.927076,0.945571,0.942648,0.932595,0.942648,0.932595,350.366,350.366,1.00328,1.00149,0.948224,0.991837,0.93803,0.896356,0.886796,0.896356,0.886796,1.00534,1.00415,0.948224
212,1,26,8,3.75e+20,1.9307,0.0167535,51.6283,74.733,113.726,3411.77,341.177,24,0.29723,0.287743,0.494377,0.287614,0.49382,0.657305,0.655636,0.724245,0.721286,48,72,-5.46081,-5.54749,1.24281,-5.54501,1.24141,1.14493,1.14202,1.13266,1.12803,-6.95426,-7.09067,1.21885
213,1,26,9,3.75e+20,1.9307,0.02142,38.7327,72.279,105.448,3163.45,316.345,30,0.315689,0.306117,0.552153,0.305975,0.551394,0.691365,0.689225,0.742919,0.739349,60,90,0.925113,0.924158,1.29822,0.92373,1.29643,1.1953,1.1916,1.19274,1.18701,1.14415,1.14675,1.27647
214,1,26,10,3.75e+20,1.9307,0.0273861,25.1869,66.386,92.3663,2770.99,277.099,30,0.349813,0.339872,0.551907,0.3397,0.551207,0.686224,0.684329,0.728692,0.725719,60,90,0.483991,0.47639,1.11105,0.476149,1.10964,1.07184,1.06888,1.07775,1.07336,0.573095,0.565678,1.10645
215,1,26,11,3.75e+20,1.9307,0.0350141,18.388,60.771,83.3549,2500.65,250.065,36,0.380722,0.370346,0.591587,0.37014,0.590737,0.706514,0.704373,0.722403,0.719995,72,108,0.643279,0.637813,1.1643,0.63746,1.16263,1.13073,1.1273,1.0912,1.08757,0.738855,0.734394,1.15209
216,1,26,12,3.75e+20,1.9307,0.0447667,11.7851,51.192,73.0547,2191.64,219.164,42,0.435647,0.424357,0.632898,0.424076,0.631888,0.71394,0.712111,0.714764,0.712934,84,126,0.514504,0.505952,1.04734,0.505617,1.04566,1.0307,1.02806,1.00154,0.998973,0.567428,0.559139,1.05263
217,1,26,13,3.75e+20,1.9307,0.0572357,8.4361,42.709,68.2765,2048.29,204.829,54,0.490042,0.477738,0.688379,0.477357,0.687051,0.722891,0.721275,0.721534,0.719922,108,162,0.700247,0.694703,0.940658,0.694149,0.938842,0.910524,0.908489,0.88748,0.885497,0.750667,0.746009,0.950787
218,1,26,14,3.75e+20,1.9307,0.0731778,6.1228,33.65,67.1069,2013.21,201.321,66,0.559925,0.546329,0.733143,0.545772,0.73154,0.745074,0.743465,0.743341,0.741738,132,191.255,0.516324,0.504036,1.0021,0.503522,0.99991,0.93955,0.937521,0.924417,0.922423,0.540231,0.528124,1.01173
219,1,26,15,3.75e+20,1.9307,0.0935603,4.6749,25.726,69.685,2090.55,209.055,78,0.635512,0.620598,0.775274,0.619761,0.773465,0.777789,0.775978,0.776411,0.774606,156,198.602,0.638197,0.626594,0.806912,0.62575,0.80503,0.758631,0.756865,0.749253,0.747511,0.656529,0.645343,0.809224
220,1,26,16,3.75e+20,1.9307,0.11962,3.6123,18.538,76.4037,2292.11,229.211,96,0.720673,0.704483,0.822582,0.703143,0.820278,0.82055,0.818255,0.81956,0.817271,192,217.75,0.82668,0.820117,0.829109,0.818558,0.826787,0.78577,0.783573,0.78153,0.779346,0.84013,0.834236,0.829179
221,1,26,17,3.75e+20,1.9307,0.152938,2.9439,12.97,87.9458,2638.37,263.837,126,0.802028,0.785098,0.868808,0.782911,0.865584,0.864108,0.86091,0.864108,0.86091,250.645,250.645,1.29909,1.32635,0.999038,1.32265,0.99533,0.947138,0.943633,0.947138,0.943633,1.31102,1.33956,0.999038
222,1,26,18,3.75e+20,1.9307,0.195537,2.494,8.748,105.793,3173.79,317.379,156,0.872288,0.855195,0.910577,0.851511,0.905689,0.903668,0.898837,0.903668,0.898837,301.51,301.51,0.988496,0.987834,1.0948,0.983578,1.08892,1.04388,1.0383,1.04388,1.0383,0.993204,0.993154,1.0948
223,1,26,19,3.75e+20,1.9307,0.25,2.1359,5.958,128.985,3869.56,386.956,198,0.924424,0.908248,0.940515,0.902133,0.933012,0.930388,0.92301,0.930388,0.92301,367.609,367.609,1.0353,1.04105,0.949709,1.03404,0.942132,0.898192,0.891069,0.898192,0.891069,1.03777,1.04405,0.949709
224,1,27,9,3.75e+20,2.86512,0.02142,58.6384,72.403,164.428,4932.85,493.285,30,0.31735,0.307816,0.554105,0.307673,0.55336,0.697441,0.695325,0.758831,0.755107,60,90,0.80451,0.801789,1.07557,0.801418,1.07413,1.06101,1.05779,1.0717,1.06644,0.988705,0.988503,1.08075
225,1,27,10,3.75e+20,2.86512,0.0273861,46.7805,69.257,155.681,4670.43,467.043,30,0.337219,0.327521,0.553723,0.327362,0.553012,0.694642,0.692655,0.754778,0.751275,60,90,1.10466,1.1062,1.00053,1.10566,0.999248,1.01175,1.00885,1.03546,1.03066,1.32398,1.32966,1.01337
226,1,27,11,3.75e+20,2.86512,0.0350141,30.6773,61.892,137.775,4133.26,413.327,36,0.380194,0.37,0.593914,0.369799,0.593069,0.720838,0.718545,0.770238,0.76634,72,108,0.580491,0.573612,1.1498,0.5733,1.14817,1.09724,1.09375,1.11002,1.1044,0.665997,0.659694,1.13747
227,1,27,12,3.75e+20,2.86512,0.0447667,20.7239,54.103,121.283,3638.5,363.85,42,0.426267,0.415422,0.632683,0.415162,0.631673,0.743056,0.740501,0.774185,0.7705,84,126,1.15245,1.15543,1.1584,1.15471,1.15655,1.10726,1.10345,1.08356,1.07841,1.27639,1.28228,1.14574
228,1,27,13,3.75e+20,2.86512,0.0572357,13.6571,45.256,106.363,3190.89,319.089,54,0.482314,0.470544,0.686219,0.47019,0.684881,0.765721,0.762912,0.768451,0.765641,108,162,2.70745,2.74643,0.739441,2.74437,0.737999,0.837953,0.834878,0.787751,0.78487,2.905,2.95169,0.745269
229,1,27,14,3.75e+20,2.86512,0.0731778,9.5761,37.249,97.4822,2924.47,292.447,66,0.540779,0.528005,0.730012,0.52752,0.728348,0.772836,0.770462,0.771378,0.769009,132,198,0.722822,0.716156,1.0643,0.715499,1.06188,1.02688,1.02372,0.990192,0.987151,0.758132,0.752154,1.07066
230,1,27,15,3.75e+20,2.86512,0.0935603,6.8167,29.161,93.7623,2812.87,281.287,78,0.611973,0.598042,0.770352,0.597335,0.768367,0.789731,0.787487,0.78772,0.785485,156,234,0.575577,0.561843,1.03277,0.561178,1.03011,0.973276,0.970511,0.937432,0.934772,0.59298,0.579454,1.04403
231,1,27,16,3.75e+20,2.86512,0.11962,5.1412,22.341,95.5943,2867.83,286.783,96,0.683902,0.668876,0.810476,0.667831,0.808062,0.815785,0.813377,0.813377,0.81098,192,272.444,0.710596,0.698591,0.987602,0.697499,0.98466,0.907494,0.904814,0.881528,0.87893,0.723523,0.711907,0.979032
232,1,27,17,3.75e+20,2.86512,0.152938,3.9621,16.355,102.832,3084.96,308.496,126,0.758018,0.741955,0.851825,0.740343,0.848913,0.8488,0.845901,0.847348,0.844458,252,293.071,0.893949,0.88864,0.990739,0.886709,0.987351,0.924639,0.921482,0.916957,0.91383,0.903113,0.898351,0.99075
233,1,27,18,3.75e+20,2.86512,0.195537,3.267,11.447,118.018,3540.54,354.054,156,0.831845,0.815304,0.890434,0.8127,0.886425,0.885359,0.881383,0.884307,0.88034,312,336.351,0.96199,0.958486,1.05494,0.955426,1.05019,0.986835,0.982403,0.982198,0.977792,0.967668,0.96469,1.05494
234,1,27,19,3.75e+20,2.86512,0.25,2.7528,7.84,140.141,4204.22,420.422,198,0.891478,0.874921,0.923803,0.870649,0.917938,0.915502,0.909717,0.915313,0.909531,396,399.401,1.14571,1.166,0.940746,1.1603,0.934774,0.881384,0.875815,0.880923,0.875358,1.14893,1.16977,0.940746
235,1,28,11,3.75e+20,4.25179,0.0350141,54.2002,64.311,226.279,6788.36,525.3,36,0.366146,0.356159,0.592629,0.355972,0.591782,0.724018,0.721679,0.781073,0.77694,72,108,2.08013,2.09713,0.911814,2.09604,0.910511,0.96897,0.96584,1.00346,0.998149,2.40846,2.43418,0.933374
236,1,28,12,3.75e+20,4.25179,0.0447667,35.9656,55.86,202.461,6073.83,525.3,42,0.416473,0.405823,0.631869,0.405578,0.630865,0.747816,0.745186,0.796633,0.792084,84,126,0.699346,0.693906,1.25936,0.693486,1.25736,1.16435,1.16025,1.15811,1.1515,0.777289,0.772807,1.23838
237,1,28,13,3.75e+20,4.25179,0.0572357,23.489,47.06,176.787,5303.6,525.3,54,0.473333,0.461833,0.684395,0.4615,0.683066,0.782327,0.778999,0.815756,0.810458,108,162,0.708687,0.702358,1.33513,0.701851,1.33254,1.21899,1.2138,1.19076,1.18303,0.761859,0.756285,1.34476
238,1,28,14,3.75e+20,4.25179,0.0731778,16.2403,39.721,156.728,4701.83,470.183,66,0.527523,0.515224,0.725264,0.514781,0.723605,0.80545,0.80162,0.815129,0.810767,132,198,0.678031,0.6698,1.15887,0.669224,1.15622,1.13082,1.12544,1.06643,1.06073,0.712913,0.705195,1.16466
239,1,28,15,3.75e+20,4.25179,0.0935603,10.8744,31.915,140.043,4201.3,420.13,78,0.592933,0.579631,0.762046,0.579007,0.760072,0.81779,0.814296,0.816546,0.813058,156,234,0.660627,0.649518,0.988429,0.648818,0.98587,0.970627,0.966481,0.920019,0.91609,0.681892,0.671125,0.991256
240,1,28,16,3.75e+20,4.25179,0.11962,7.7725,25.358,132.22,3966.58,396.659,96,0.658274,0.644065,0.802582,0.643183,0.800126,0.828621,0.825466,0.826466,0.823322,192,288,0.900125,0.896298,1.04836,0.895071,1.04515,0.991722,0.987946,0.950688,0.947071,0.918121,0.91497,1.05018
241,1,28,17,3.75e+20,4.25179,0.152938,5.7058,19.334,131.977,3959.3,395.93,126,0.726036,0.710839,0.844127,0.709546,0.840956,0.848278,0.845062,0.844795,0.841599,252,376.134,0.749655,0.736456,1.08185,0.735116,1.07779,0.985651,0.981913,0.961301,0.957665,0.75832,0.745439,1.0859
242,1,28,18,3.75e+20,4.25179,0.195537,4.4063,14.239,140.354,4210.63,421.063,156,0.793834,0.777905,0.877615,0.775945,0.873849,0.874551,0.870802,0.87173,0.868002,312,400.01,0.86686,0.856693,1.0751,0.854533,1.07048,1.00007,0.995786,0.986029,0.981812,0.872574,0.86277,1.07522
243,1,28,19,3.75e+20,4.25179,0.25,3.6342,9.99,160.014,4800.41,480.041,198,0.8598,0.843694,0.909476,0.840564,0.904404,0.90384,0.898811,0.901508,0.896502,396,456.039,1.29649,1.33003,1.06433,1.3251,1.05839,1.01796,1.0123,1.01736,1.01171,1.30134,1.33557,1.06433
244,1,29,12,3.75e+20,6.30957,0.0447667,53.9674,54.97,316.361,9490.83,525.3,42,0.423699,0.413047,0.631801,0.412793,0.630816,0.749405,0.746841,0.801761,0.797269,84,126,0.710581,0.705388,1.07342,0.704954,1.07175,1.05964,1.05601,1.07221,1.0662,0.785173,0.780949,1.07317
245,1,29,13,3.75e+20,6.30957,0.0572357,42.9154,49.876,298.026,8940.78,525.3,48,0.455633,0.444507,0.660544,0.444205,0.659404,0.769294,0.766374,0.816331,0.811269,96,144,0.971488,0.971054,1.16359,0.970394,1.16158,1.10938,1.10517,1.11074,1.10386,1.05246,1.05378,1.15228
246,1,29,14,3.75e+20,6.30957,0.0731778,28.288,41.323,262.692,7880.76,525.3,60,0.512929,0.500832,0.707365,0.500418,0.705903,0.80067,0.797077,0.838143,0.832097,120,180,0.854934,0.851479,1.14879,0.850776,1.14641,1.10308,1.09813,1.117,1.10894,0.900953,0.89851,1.13959
247,1,29,15,3.75e+20,6.30957,0.0935603,19.0523,34.14,230.683,6920.48,525.3,78,0.574544,0.561649,0.755629,0.561084,0.753679,0.831933,0.827347,0.853374,0.846705,156,234,0.810713,0.805129,1.51114,0.804319,1.50724,1.32941,1.32208,1.2617,1.25184,0.838914,0.83401,1.51645
248,1,29,16,3.75e+20,6.30957,0.11962,12.4671,27.133,202.723,6081.69,525.3,96,0.644478,0.630756,0.794236,0.629952,0.791817,0.852204,0.847177,0.854117,0.848966,192,288,1.74782,1.77658,0.940281,1.77431,0.937416,0.967201,0.961496,0.918936,0.913394,1.78417,1.81497,0.944201
249,1,29,17,3.75e+20,6.30957,0.152938,8.7069,21.467,187.634,5629.01,525.3,126,0.706936,0.69243,0.836617,0.691302,0.833414,0.862517,0.85806,0.860294,0.855852,252,378,1.01217,1.01286,1.08788,1.01121,1.08371,1.02549,1.02019,0.999084,0.993926,1.02485,1.02618,1.08968
250,1,29,18,3.75e+20,6.30957,0.195537,6.2829,16.422,183.741,5512.24,525.3,156,0.768669,0.753399,0.869638,0.751769,0.865676,0.876957,0.872612,0.873516,0.869198,312,468,1.45656,1.48638,1.30403,1.48316,1.29809,1.21402,1.20801,1.19937,1.19344,1.46695,1.49768,1.30192
251,1,29,19,3.75e+20,6.30957,0.25,4.9801,12.146,195.637,5869.1,525.3,198,0.828146,0.812407,0.899816,0.809976,0.89475,0.898857,0.893811,0.896572,0.891547,396,499.035,1.76028,1.82906,1.04851,1.82358,1.04261,0.992498,0.986926,0.990663,0.985111,1.76761,1.83736,1.04388
252,1,30,14,3.75e+20,9.36329,0.0731778,49.0327,43.088,431.913,12957.4,525.3,60,0.500172,0.488319,0.704171,0.487933,0.702719,0.800309,0.796693,0.842126,0.835903,120,180,0.791956,0.787059,1.14912,0.786437,1.14675,1.10509,1.1001,1.05465,1.04686,0.837915,0.833882,1.14135
253,1,30,15,3.75e+20,9.36329,0.0935603,31.8293,34.752,381.332,11439.9,525.3,78,0.573344,0.560706,0.75332,0.560152,0.751397,0.833561,0.828916,0.866082,0.858254,156,234,1.38288,1.39418,1.10278,1.3928,1.09997,1.0563,1.05042,1.02401,1.01475,1.43125,1.44444,1.1065
254,1,30,16,3.75e+20,9.36329,0.11962,21.4455,28.442,335.391,10061.7,525.3,96,0.630634,0.617154,0.788832,0.616405,0.78645,0.85686,0.851316,0.880602,0.871765,192,288,0.947008,0.944924,1.07327,0.943777,1.07003,1.05034,1.04355,1.04059,1.03015,0.967714,0.966355,1.07008
255,1,30,17,3.75e+20,9.36329,0.152938,14.0373,22.607,293.246,8797.39,525.3,126,0.697188,0.68312,0.829773,0.682066,0.826615,0.880679,0.873898,0.885346,0.877816,252,378,1.1289,1.13461,1.10639,1.13286,1.10217,1.08979,1.0814,1.04176,1.0329,1.14341,1.14988,1.10794
256,1,30,18,3.75e+20,9.36329,0.195537,9.8627,18.145,268.477,8054.31,525.3,156,0.751071,0.736458,0.860252,0.735025,0.856332,0.890763,0.884412,0.889646,0.883307,312,468,1.47083,1.49798,1.15253,1.49507,1.14728,1.08117,1.07347,1.06294,1.05536,1.48235,1.51041,1.15369
257,1,30,19,3.75e+20,9.36329,0.25,7.2018,13.949,261.534,7846.02,525.3,198,0.807624,0.792635,0.891111,0.790594,0.886074,0.902558,0.896454,0.901686,0.895592,396,499.035,1.35198,1.37882,1.00283,1.37527,0.997164,0.957632,0.951156,0.950468,0.944044,1.35828,1.38574,1.00381
258,1,31,15,3.75e+20,13.895,0.0935603,58.7098,37.729,631.101,18933,525.3,72,0.551439,0.532615,0.721099,0.532133,0.719395,0.786509,0.78244,0.798072,0.791313,144,216,1.45333,1.45921,1.14911,1.45789,1.14639,1.05218,1.04674,0.961823,0.953677,1.51404,1.5219,1.15357
259,1,31,16,3.75e+20,13.895,0.11962,38.4831,30.08,564.821,16944.6,525.3,90,0.621918,0.603339,0.764428,0.602648,0.76227,0.820558,0.815558,0.829697,0.821434,180,270,2.89095,2.95054,1.43192,2.94716,1.42788,1.20515,1.19781,1.0665,1.05588,2.96112,3.02468,1.40587
260,1,31,17,3.75e+20,13.895,0.152938,24.6138,23.773,490.967,14729,525.3,120,0.690381,0.676792,0.82034,0.675802,0.817383,0.879339,0.872541,0.901442,0.890318,240,360,1.62702,1.65461,0.968203,1.65219,0.964713,0.963309,0.955862,0.942195,0.930568,1.64945,1.67844,0.970402
261,1,31,18,3.75e+20,13.895,0.195537,17.0766,19.543,435.835,13075,525.3,150,0.735987,0.721743,0.849989,0.720446,0.846286,0.897807,0.889608,0.910305,0.89878,300,450,2.73891,2.83274,1.01979,2.82765,1.01535,1.02637,1.017,1.00295,0.990251,2.76258,2.85855,1.01948
262,1,31,19,3.75e+20,13.895,0.25,11.3314,15.357,387.832,11635,525.3,198,0.792769,0.778305,0.882313,0.776498,0.877428,0.913503,0.904344,0.913425,0.904269,396,499.035,1.21526,1.23012,0.994599,1.22726,0.989093,0.994277,0.984308,0.988089,0.978185,1.22127,1.23663,0.995194
263,1,32,17,3.75e+20,20.6199,0.152938,40.6035,24.094,802.373,24071.2,525.3,120,0.685202,0.654273,0.778076,0.653331,0.775301,0.785591,0.779555,0.744326,0.734977,240,360,1.14504,1.1343,0.990322,1.13266,0.986789,0.871418,0.864722,0.758923,0.749391,1.16097,1.15077,0.987505
264,1,32,18,3.75e+20,20.6199,0.195537,27.2375,19.415,710.23,21306.9,525.3,156,0.739819,0.705083,0.801742,0.703808,0.798166,0.786095,0.778566,0.718099,0.707012,312,468,1.12974,1.11603,0.952345,1.11401,0.948098,0.860681,0.852439,0.739882,0.728458,1.13897,1.12565,0.950637
265,1,32,19,3.75e+20,20.6199,0.25,19.7193,16.328,639.375,19181.2,525.3,192,0.783891,0.747021,0.818136,0.745398,0.813777,0.78343,0.774568,0.731599,0.72056,384,499.035,1.09096,1.07418,0.946477,1.07185,0.941434,0.849903,0.840289,0.766016,0.754458,1.09679,1.0803,0.947027
266,1,33,19,3.75e+20,30.5995,0.25,34.7237,17.081,1073.13,32193.8,525.3,186,0.769498,0.719452,0.783024,0.717965,0.779009,0.716195,0.708277,0.635472,0.625464,372,499.035,1.04871,1.01633,0.895637,1.01423,0.891044,0.742054,0.73385,0.645944,0.635771,1.05481,1.02261,0.896169
267,2,8,1,7.5e+20,0.00158489,0.003,0.5547,1.278,1.32992,39.8976,23.9385,18,0.623717,-0.23283,-0.821932,-0.222402,-0.820698,-0.739298,-0.738509,-0.739298,-0.738509,22.7416,22.7416,0.575498,-0.335786,-0.95106,-0.320747,-0.949631,-0.846173,-0.845271,-0.846173,-0.845271,0.707783,-0.610293,-0.765888
268,2,9,1,7.5e+20,0.00235195,0.003,0.7013,1.412,1.35481,40.6444,24.3866,18,0.533428,-0.150488,-0.615642,-0.145749,-0.614937,-0.597176,-0.596669,-0.597176,-0.596669,23.1673,23.1673,0.485588,-0.235939,-0.720744,-0.228508,-0.719919,-0.694809,-0.694219,-0.694809,-0.694219,0.628739,-0.42882,-0.666781
269,2,9,2,7.5e+20,0.00235195,0.0038356,0.5904,1.41,1.71131,51.3394,27,18,0.656528,-0.12722,-0.675499,-0.120904,-0.674256,-0.636207,-0.635503,-0.636207,-0.635503,25.65,25.65,0.604241,-0.245858,-0.839768,-0.233652,-0.838223,-0.761026,-0.760184,-0.761026,-0.760184,0.732597,-0.446848,-0.843996
270,2,10,1,7.5e+20,0.00349025,0.003,0.8832,1.611,1.3985,41.9552,25.1731,18,0.447625,-0.0977189,-0.460681,-0.0955168,-0.460281,-0.491587,-0.491255,-0.491587,-0.491255,23.9145,23.9145,0.408343,-0.156629,-0.550534,-0.153099,-0.550056,-0.565384,-0.565001,-0.565384,-0.565001,0.556244,-0.284673,-0.563227
271,2,10,2,7.5e+20,0.00349025,0.0038356,0.7431,1.607,1.75627,52.6884,27,18,0.570305,-0.0650407,-0.44034,-0.0627361,-0.43973,-0.47691,-0.476462,-0.47691,-0.476462,25.65,25.65,0.517838,-0.163398,-0.574829,-0.157608,-0.574032,-0.587078,-0.586526,-0.587078,-0.586526,0.65881,-0.296976,-0.642193
272,2,10,3,7.5e+20,0.00349025,0.00490394,0.6201,1.601,2.24358,67.3072,27,18,0.696681,0.00918015,-0.294992,0.00865693,-0.29432,-0.349547,-0.349005,-0.349547,-0.349005,25.65,25.65,0.638735,-0.132424,-0.470316,-0.124876,-0.469246,-0.492313,-0.49155,-0.492313,-0.49155,0.760298,-0.240681,-0.533963
273,2,10,4,7.5e+20,0.00349025,0.00626986,0.528,1.591,2.80796,84.239,27,18,0.794947,0.0856434,-0.179423,0.0781968,-0.178781,-0.253806,-0.253186,-0.253806,-0.253186,25.65,25.65,0.741278,-0.0883003,-0.407279,-0.0806227,-0.40582,-0.436917,-0.435848,-0.436917,-0.435848,0.83914,-0.160486,-0.451931
274,2,11,1,7.5e+20,0.00517947,0.003,1.1409,1.906,1.41369,42.4104,25.4462,18,0.354786,-0.0572373,-0.311919,-0.056362,-0.311727,-0.362074,-0.36189,-0.362074,-0.36189,24.1739,24.1739,0.317719,-0.106875,-0.385601,-0.105241,-0.385364,-0.432102,-0.431883,-0.432102,-0.431883,0.458361,-0.194246,-0.434967
275,2,11,2,7.5e+20,0.00517947,0.0038356,0.955,1.901,1.77054,53.1165,27,18,0.47018,-0.0313724,-0.28112,-0.0306143,-0.280844,-0.34449,-0.344237,-0.34449,-0.344237,25.65,25.65,0.428903,-0.0947827,-0.388527,-0.0924921,-0.388147,-0.441686,-0.441361,-0.441686,-0.441361,0.578085,-0.172268,-0.46557
276,2,11,3,7.5e+20,0.00517947,0.00490394,0.7966,1.891,2.24335,67.3003,27,18,0.5979,0.0192748,-0.17725,0.018529,-0.176968,-0.244116,-0.243824,-0.244116,-0.243824,25.65,25.65,0.542383,-0.0885908,-0.318862,-0.0851628,-0.318354,-0.371912,-0.371466,-0.371912,-0.371466,0.681174,-0.161014,-0.396979
277,2,11,4,7.5e+20,0.00517947,0.00626986,0.6679,1.875,2.8435,85.3049,27,18,0.717979,0.0815399,-0.0781028,0.0765441,-0.0779015,-0.153687,-0.153389,-0.153687,-0.153389,25.65,25.65,0.662113,-0.0596873,-0.259416,-0.0560304,-0.258747,-0.306603,-0.306008,-0.306603,-0.306008,0.780849,-0.108482,-0.316472
278,2,11,5,7.5e+20,0.00517947,0.00801622,0.5692,1.853,3.55265,106.579,27,18,0.714564,0.368081,0.428458,0.355169,0.426564,0.384027,0.382514,0.384027,0.382514,25.65,25.65,0.955195,0.888285,0.589323,0.857125,0.586718,0.474087,0.47222,0.474087,0.47222,1.20054,1.55087,0.515108
279,2,12,1,7.5e+20,0.00768625,0.003,1.4821,2.345,1.44715,43.4151,26.049,18,0.276397,-0.0303304,-0.206778,-0.0300127,-0.206688,-0.261812,-0.261717,-0.261812,-0.261717,24.7466,24.7466,0.24569,-0.0673087,-0.271213,-0.0666038,-0.271095,-0.325225,-0.325107,-0.325225,-0.325107,0.373043,-0.122334,-0.332813
280,2,12,2,7.5e+20,0.00768625,0.0038356,1.2287,2.336,1.80935,54.2805,27,18,0.378763,-0.00894655,-0.164395,-0.00879698,-0.16428,-0.227478,-0.227349,-0.227478,-0.227349,25.65,25.65,0.33949,-0.0619646,-0.248509,-0.0609287,-0.248336,-0.309952,-0.309776,-0.309952,-0.309776,0.483511,-0.112621,-0.314258
281,2,12,3,7.5e+20,0.00768625,0.00490394,1.0159,2.321,2.29173,68.7525,27,18,0.504253,0.0282947,-0.0891878,0.0275288,-0.0890863,-0.14972,-0.149581,-0.14972,-0.149581,25.65,25.65,0.458165,-0.0444474,-0.19949,-0.0432441,-0.199263,-0.258023,-0.257783,-0.258023,-0.257783,0.606967,-0.0807833,-0.264502
282,2,12,4,7.5e+20,0.00768625,0.00626986,0.8513,2.298,2.87969,86.3902,27,18,0.626708,0.0704794,-0.0188616,0.0674745,-0.0188272,-0.080233,-0.0801141,-0.080233,-0.0801141,25.65,25.65,0.571434,-0.0409094,-0.148581,-0.0391653,-0.148311,-0.20018,-0.199883,-0.20018,-0.199883,0.707703,-0.074353,-0.212091
283,2,12,5,7.5e+20,0.00768625,0.00801622,0.7162,2.262,3.62881,108.864,27,18,0.621643,0.315071,0.398823,0.307476,0.397569,0.384,0.382886,0.384,0.382886,25.65,25.65,0.894696,0.804382,0.880758,0.784991,0.877987,0.765629,0.763408,0.765629,0.763408,1.18536,1.40364,0.795881
284,2,12,6,7.5e+20,0.00768625,0.010249,0.603,2.206,4.61081,138.324,27,18,0.67737,0.42121,0.537049,0.411156,0.534289,0.547205,0.544544,0.547205,0.544544,25.65,25.65,0.890728,0.819447,-1.56179,0.799889,-1.55377,-1.53507,-1.52761,-1.53507,-1.52761,1.16947,1.39644,-1.56767
285,2,12,7,7.5e+20,0.00768625,0.0131037,0.5295,2.123,5.86335,175.9,27,18,0.73711,0.473339,0.600241,0.458944,0.595256,0.620471,0.615552,0.620471,0.615552,25.65,25.65,0.949635,0.922011,0.930844,0.89397,0.923113,0.859329,0.852517,0.859329,0.852517,1.20234,1.55734,0.877318
286,2,13,1,7.5e+20,0.0114062,0.003,1.9292,2.995,1.52327,45.698,27,18,0.215606,-0.0126637,-0.128671,-0.0125698,-0.12863,-0.186277,-0.186226,-0.186277,-0.186226,25.65,25.65,0.18559,-0.0471675,-0.185497,-0.0468176,-0.185439,-0.243601,-0.243534,-0.243601,-0.243534,0.293391,-0.085727,-0.244584
287,2,13,2,7.5e+20,0.0114062,0.0038356,1.5964,2.981,1.86854,56.0565,27,18,0.300298,0.00824279,-0.0797831,0.00814719,-0.0797438,-0.130043,-0.129987,-0.130043,-0.129987,25.65,25.65,0.260545,-0.041223,-0.15411,-0.0407449,-0.154034,-0.206823,-0.206735,-0.206823,-0.206735,0.390438,-0.0749229,-0.209423
288,2,13,3,7.5e+20,0.0114062,0.00490394,1.3167,2.959,2.33369,70.0109,27,18,0.407207,0.0298104,-0.0339618,0.0292576,-0.033935,-0.0796583,-0.0796037,-0.0796583,-0.0796037,25.65,25.65,0.363376,-0.0309874,-0.12369,-0.0304129,-0.123592,-0.169544,-0.169428,-0.169544,-0.169428,0.509704,-0.0563197,-0.165467
289,2,13,4,7.5e+20,0.0114062,0.00626986,1.0953,2.924,2.92031,87.6093,27,18,0.528137,0.0608074,0.0176299,0.0590225,0.0176076,-0.0260441,-0.0260156,-0.0260441,-0.0260156,25.65,25.65,0.47506,-0.0294412,-0.10345,-0.028577,-0.103319,-0.155647,-0.155476,-0.155647,-0.155476,0.621677,-0.0535095,-0.155609
290,2,13,5,7.5e+20,0.0114062,0.00801622,0.9048,2.866,3.72619,111.786,27,18,0.521886,0.258789,0.350022,0.254474,0.349232,0.353952,0.353197,0.353952,0.353197,25.65,25.65,0.822414,0.72728,0.723986,0.715153,0.722351,0.635639,0.634284,0.635639,0.634284,1.14672,1.26855,0.66226
291,2,13,6,7.5e+20,0.0114062,0.010249,0.756,2.779,4.73531,142.059,27,18,0.587339,0.365252,0.482237,0.359278,0.480467,0.505438,0.503657,0.505438,0.503657,25.65,25.65,0.896784,0.852653,0.729651,0.838706,0.726972,0.653351,0.651048,0.653351,0.651048,1.23701,1.4507,0.671896
292,2,13,7,7.5e+20,0.0114062,0.0131037,0.6405,2.65,6.01946,180.584,27,18,0.65489,0.419922,0.548041,0.411175,0.544792,0.57946,0.576146,0.57946,0.576146,25.65,25.65,0.907312,0.862866,0.729579,0.844893,0.725254,0.636903,0.63326,0.636903,0.63326,1.2049,1.44922,0.659986
293,2,13,8,7.5e+20,0.0114062,0.0167535,0.5743,2.494,7.43096,222.929,27,18,0.740636,0.560173,0.672693,0.548539,0.666511,0.71493,0.708597,0.71493,0.708597,25.65,25.65,0.944624,0.939144,1.09187,0.91964,1.08184,1.13771,1.12764,1.13771,1.12764,1.21502,1.47695,1.17332
294,2,14,1,7.5e+20,0.0169267,0.003,2.5621,3.955,1.64512,49.3539,27,18,0.168457,0.00409835,-0.0509277,0.00407653,-0.050916,-0.0881073,-0.0880889,-0.0881073,-0.0880889,25.65,25.65,0.14092,-0.0263285,-0.104042,-0.0261883,-0.104018,-0.145563,-0.145533,-0.145563,-0.145533,0.23009,-0.0478521,-0.141575
295,2,14,2,7.5e+20,0.0169267,0.0038356,2.0993,3.936,1.97265,59.18,27,18,0.233757,0.0154182,-0.0258043,0.015292,-0.0257953,-0.0590186,-0.0589997,-0.0590186,-0.0589997,25.65,25.65,0.200205,-0.023474,-0.091186,-0.023282,-0.0911539,-0.129248,-0.129207,-0.129248,-0.129207,0.313102,-0.0426641,-0.12465
296,2,14,3,7.5e+20,0.0169267,0.00490394,1.7221,3.903,2.41508,72.4528,27,18,0.324192,0.0331878,0.00617664,0.0327617,0.00617322,-0.0234339,-0.0234222,-0.0234339,-0.0234222,25.65,25.65,0.281547,-0.0206554,-0.0739116,-0.0203902,-0.0738706,-0.109325,-0.10927,-0.109325,-0.10927,0.416207,-0.0375412,-0.110001
297,2,14,4,7.5e+20,0.0169267,0.00626986,1.4093,3.847,3.01985,90.5952,27,18,0.471519,0.195682,0.239297,0.19261,0.239066,0.220559,0.220363,0.220559,0.220363,25.65,25.65,0.609627,0.407624,0.304482,0.401223,0.304189,0.247029,0.246809,0.247029,0.246809,0.868956,0.729534,0.257348
298,2,14,5,7.5e+20,0.0169267,0.00801622,1.1688,3.767,3.77462,113.239,27,18,0.423542,0.208717,0.29687,0.206338,0.296404,0.310352,0.309885,0.310352,0.309885,25.65,25.65,0.738289,0.645556,0.632129,0.638199,0.631136,0.578274,0.577404,0.578274,0.577404,1.08111,1.12615,0.594251
299,2,14,6,7.5e+20,0.0169267,0.010249,0.9756,3.642,4.73819,142.146,27,18,0.489182,0.303375,0.413348,0.300008,0.412318,0.441586,0.44052,0.441586,0.44052,25.65,25.65,0.827366,0.775948,0.994813,0.767337,0.992334,0.909843,0.907648,0.909843,0.907648,1.1966,1.32064,0.935149
300,2,14,7,7.5e+20,0.0169267,0.0131037,0.8175,3.456,5.98538,179.561,27,18,0.545861,0.33447,0.453632,0.329674,0.451846,0.487804,0.485938,0.487804,0.485938,25.65,25.65,0.869183,0.826909,0.975127,0.81505,0.971289,0.887331,0.883939,0.887331,0.883939,1.21383,1.39647,0.912237
301,2,14,8,7.5e+20,0.0169267,0.0167535,0.6986,3.197,7.56492,226.947,27,18,0.663077,0.501844,0.609264,0.494697,0.60535,0.654033,0.64997,0.654033,0.64997,25.65,25.65,0.900041,0.88473,1.15555,0.872129,1.14812,1.20266,1.19519,1.20266,1.19519,1.2048,1.38801,1.24526
302,2,14,9,7.5e+20,0.0169267,0.02142,0.6129,2.835,9.72315,291.695,29.1695,18,0.75914,0.616788,0.709519,0.605913,0.701849,0.775256,0.767283,0.775256,0.767283,27.711,27.711,0.930551,0.911244,1.00955,0.895177,0.998637,1.09048,1.07927,1.09048,1.07927,1.172,1.33406,1.0938
303,2,14,10,7.5e+20,0.0169267,0.0273861,0.546,2.46,12.1646,364.938,36.4938,24,0.838232,0.722513,0.8614,0.706232,0.8474,0.904008,0.889564,0.904008,0.889564,34.6692,34.6692,0.96491,0.963553,1.15139,0.94184,1.13268,1.19214,1.17309,1.19214,1.17309,1.1441,1.31085,1.18906
304,2,15,1,7.5e+20,0.0251189,0.003,3.4845,5.372,1.86823,56.0465,27,18,0.136953,0.0161558,0.00101556,0.0160913,0.00101539,-0.0174034,-0.0174006,-0.0174034,-0.0174006,25.65,25.65,0.109826,-0.0129161,-0.049979,-0.0128645,-0.0499703,-0.0738853,-0.0738733,-0.0738853,-0.0738733,0.183511,-0.023475,-0.0719014
305,2,15,2,7.5e+20,0.0251189,0.0038356,2.7978,5.342,2.16885,65.0654,27,18,0.186907,0.0220552,0.0122996,0.0219228,0.0122964,-0.00496278,-0.00496157,-0.00496278,-0.00496157,25.65,25.65,0.156371,-0.0112718,-0.045245,-0.0112041,-0.0452332,-0.0680831,-0.0680664,-0.0680831,-0.0680664,0.252525,-0.0204865,-0.0645787
306,2,15,3,7.5e+20,0.0251189,0.00490394,2.2713,5.291,2.58035,77.41,27,18,0.25642,0.0317111,0.0292702,0.0314197,0.0292585,0.0139493,0.0139441,0.0139493,0.0139441,25.65,25.65,0.221092,-0.00997033,-0.0433704,-0.00987869,-0.043353,-0.0657225,-0.0656979,-0.0657225,-0.0656979,0.341124,-0.0181211,-0.0628805
307,2,15,4,7.5e+20,0.0251189,0.00626986,1.8539,5.215,3.13781,94.1337,27,18,0.388809,0.221626,0.30011,0.219805,0.299889,0.308231,0.308014,0.308231,0.308014,25.65,25.65,0.651405,0.557961,0.623344,0.553377,0.622885,0.567912,0.567511,0.567912,0.567511,0.999409,0.987101,0.583644
308,2,15,5,7.5e+20,0.0251189,0.00801622,1.5177,5.091,3.88835,116.65,27,18,0.336832,0.16654,0.247195,0.165226,0.246917,0.265143,0.264854,0.265143,0.264854,25.65,25.65,0.627556,0.536983,0.632489,0.532745,0.631777,0.583495,0.582859,0.583495,0.582859,0.957441,0.936781,0.598399
309,2,15,6,7.5e+20,0.0251189,0.010249,1.2533,4.901,4.85758,145.727,27,18,0.397261,0.246818,0.346359,0.244939,0.345746,0.376152,0.375503,0.376152,0.375503,25.65,25.65,0.733218,0.67999,0.84848,0.674812,0.846979,0.7925,0.791133,0.7925,0.791133,1.10249,1.15654,0.811184
310,2,15,7,7.5e+20,0.0251189,0.0131037,1.0431,4.624,6.09885,182.966,27,18,0.468204,0.306092,0.417911,0.303236,0.416756,0.454164,0.45294,0.454164,0.45294,25.65,25.65,0.755642,0.702775,0.914911,0.696217,0.912382,0.964384,0.961785,0.964384,0.961785,1.09987,1.17404,0.988697
311,2,15,8,7.5e+20,0.0251189,0.0167535,0.8692,4.219,7.74992,232.498,27,18,0.57945,0.439401,0.538222,0.435076,0.535771,0.582591,0.580019,0.582591,0.580019,25.65,25.65,0.856861,0.836926,1.01428,0.828687,1.00966,1.06311,1.05842,1.06311,1.05842,1.18721,1.31025,1.10099
312,2,15,9,7.5e+20,0.0251189,0.02142,0.7487,3.699,9.84346,295.303,29.5304,24,0.687303,0.561235,0.706232,0.554509,0.701178,0.720792,0.715665,0.720792,0.715665,28.0539,28.0539,0.89408,0.863529,0.859547,0.85318,0.853396,0.899781,0.893381,0.899781,0.893381,1.16127,1.25842,0.881098
313,2,15,10,7.5e+20,0.0251189,0.0273861,0.6619,3.113,12.4461,373.384,37.3383,24,0.785647,0.679932,0.816444,0.669341,0.807066,0.867686,0.857866,0.867686,0.857866,35.4714,35.4714,0.93358,0.922374,1.01817,0.908006,1.00647,1.12248,1.10978,1.12248,1.10978,1.13041,1.24105,1.05334
314,2,15,11,7.5e+20,0.0251189,0.0350141,0.5885,2.551,15.6074,468.222,46.8223,30,0.870637,0.785916,0.927197,0.76919,0.910567,0.946768,0.929994,0.946768,0.929994,44.4812,44.4812,0.96035,0.959136,1.0429,0.938724,1.0242,1.13162,1.11157,1.13162,1.11157,1.07771,1.16959,1.05362
315,2,15,12,7.5e+20,0.0251189,0.0447667,0.5148,2.009,20.239,607.171,60.7171,36,0.93707,0.873752,0.97105,0.845103,0.941819,0.958276,0.930041,0.958276,0.930041,57.6813,57.6813,0.973639,0.975904,1.01987,0.943906,0.989173,1.05846,1.02727,1.05846,1.02727,1.02541,1.08656,1.02512
316,2,16,1,7.5e+20,0.0372759,0.003,4.8175,7.446,2.29962,68.988,27,18,0.115551,0.0192686,0.0270699,0.0192056,0.027066,0.0227076,0.0227045,0.0227076,0.0227045,25.65,25.65,0.0925892,-0.00410989,-0.0170796,-0.00409646,-0.0170772,-0.0268783,-0.0268746,-0.0268783,-0.0268746,0.156803,-0.00746975,-0.0251319
317,2,16,2,7.5e+20,0.0372759,0.0038356,3.8173,7.401,2.52635,75.79,27,18,0.154475,0.0255273,0.0353222,0.0254086,0.035315,0.0305652,0.0305593,0.0305652,0.0305593,25.65,25.65,0.128079,-0.00230789,-0.0173809,-0.00229716,-0.0173774,-0.0291063,-0.0291006,-0.0291063,-0.0291006,0.211532,-0.0041946,-0.0287268
318,2,16,3,7.5e+20,0.0372759,0.00490394,3.0559,7.33,2.87665,86.2996,27,18,0.207556,0.0327778,0.0463517,0.0325541,0.0463379,0.0417757,0.0417637,0.0417757,0.0417637,25.65,25.65,2.79456,3.15597,0.119193,3.13443,0.119157,0.101271,0.101242,0.101271,0.101242,4.45647,5.73599,0.106144
319,2,16,4,7.5e+20,0.0372759,0.00626986,2.4678,7.216,3.378,101.34,27,18,0.270751,0.148147,0.220915,0.147393,0.220785,0.237527,0.237391,0.237527,0.237391,25.65,25.65,0.988134,0.982624,0.555596,0.977626,0.555267,0.519807,0.519508,0.519807,0.519508,1.57994,1.73003,0.531259
320,2,16,5,7.5e+20,0.0372759,0.00801622,1.9977,7.033,4.086,122.58,27,18,0.260551,0.12642,0.19797,0.125713,0.197804,0.21709,0.216913,0.21709,0.216913,25.65,25.65,0.552845,0.47692,0.483357,0.474253,0.482953,0.452802,0.452432,0.452802,0.452432,0.870995,0.832178,0.461015
321,2,16,6,7.5e+20,0.0372759,0.010249,1.6358,6.757,5.01569,150.471,27,18,0.319275,0.20129,0.288664,0.200229,0.288297,0.317308,0.316913,0.317308,0.316913,25.65,25.65,0.615895,0.561618,0.719752,0.558658,0.718837,0.667242,0.666412,0.667242,0.666412,0.955353,0.954794,0.68317
322,2,16,7,7.5e+20,0.0372759,0.0131037,1.347,6.342,6.24569,187.371,27,18,0.386475,0.258871,0.359165,0.257237,0.358462,0.394135,0.39338,0.394135,0.39338,25.65,25.65,0.66027,0.611074,0.79575,0.607215,0.794191,0.788051,0.786542,0.788051,0.786542,0.992632,1.01618,0.806311
323,2,16,8,7.5e+20,0.0372759,0.0167535,1.118,5.758,7.83823,235.147,27,18,0.489444,0.372489,0.462101,0.369991,0.46065,0.503787,0.502251,0.503787,0.502251,25.65,25.65,0.787912,0.752342,0.878235,0.747298,0.875476,0.996525,0.993485,0.996525,0.993485,1.12639,1.17803,0.958842
324,2,16,9,7.5e+20,0.0372759,0.02142,0.9345,4.997,9.89815,296.944,29.6945,24,0.604382,0.495355,0.633818,0.49134,0.630721,0.64855,0.645397,0.64855,0.645397,28.2097,28.2097,1.03789,1.05143,0.863765,1.0429,0.859545,0.897287,0.892926,0.897287,0.892926,1.38707,1.53147,0.885512
325,2,16,10,7.5e+20,0.0372759,0.0273861,0.8129,4.126,12.5093,375.28,37.528,24,0.715783,0.620999,0.755138,0.614467,0.749235,0.809626,0.803377,0.809626,0.803377,35.6516,35.6516,0.899344,0.877454,0.839135,0.868225,0.832576,0.899241,0.892301,0.899241,0.892301,1.1154,1.17854,0.868443
326,2,16,11,7.5e+20,0.0372759,0.0350141,0.7171,3.254,15.8538,475.616,47.5615,30,0.822596,0.743075,0.887111,0.732198,0.876046,0.914127,0.902833,0.914127,0.902833,45.1835,45.1835,0.961652,0.966001,1.06183,0.95186,1.04859,1.13213,1.11814,1.13213,1.11814,1.09498,1.17238,1.07321
327,2,16,12,7.5e+20,0.0372759,0.0447667,0.6252,2.455,20.6109,618.326,61.8327,36,0.908863,0.845479,0.949061,0.8262,0.929068,0.948818,0.929135,0.948818,0.929135,58.741,58.741,0.987591,1.00653,1.09837,0.983575,1.07524,1.1825,1.15797,1.1825,1.15797,1.04798,1.11584,1.10443
328,2,16,13,7.5e+20,0.0372759,0.0572357,0.5617,1.996,25.3575,760.724,76.0724,42,0.949484,0.897898,0.971347,0.867916,0.940394,0.944059,0.91467,0.944059,0.91467,72.2688,72.2688,0.980552,0.979037,0.993907,0.946346,0.962235,1.02671,0.994748,1.02671,0.994748,1.00863,1.03787,0.996231
329,2,17,1,7.5e+20,0.0553168,0.003,7.103,10.435,3.08619,92.5852,27,18,0.146205,0.0763302,0.117391,0.0761403,0.117367,0.126842,0.126816,0.126842,0.126816,25.65,25.65,0.255764,0.19712,0.237798,0.196629,0.237748,0.223803,0.223757,0.223803,0.223757,0.437097,0.355745,0.227872
330,2,17,2,7.5e+20,0.0553168,0.0038356,5.4218,10.376,3.18223,95.4671,27,18,0.186951,0.106829,0.162053,0.106512,0.162005,0.175296,0.175246,0.175296,0.175246,25.65,25.65,0.37318,0.314518,0.356869,0.313583,0.356764,0.336134,0.336037,0.336134,0.336037,0.627932,0.563644,0.342799
331,2,17,3,7.5e+20,0.0553168,0.00490394,4.2135,10.273,3.42823,102.846,27,18,0.19916,0.112386,0.174728,0.112019,0.174659,0.191178,0.191104,0.191178,0.191104,25.65,25.65,0.488095,0.435369,0.469129,0.433946,0.468942,0.443739,0.443566,0.443739,0.443566,0.809335,0.771902,0.451918
332,2,17,4,7.5e+20,0.0553168,0.00626986,3.3373,10.106,3.84012,115.204,27,18,0.198009,0.104903,0.166344,0.104531,0.16626,0.183889,0.183798,0.183889,0.183798,25.65,25.65,0.47802,0.421957,0.564024,0.420463,0.563739,0.535787,0.535522,0.535787,0.535522,0.782521,0.741066,0.545035
333,2,17,5,7.5e+20,0.0553168,0.00801622,2.6818,9.85,4.44481,133.344,27,18,0.254381,0.168723,0.245237,0.16814,0.245067,0.269795,0.269611,0.269795,0.269611,25.65,25.65,0.469468,0.419487,0.44886,0.418039,0.448549,0.415241,0.414958,0.415241,0.414958,0.757195,0.722597,0.424383
334,2,17,6,7.5e+20,0.0553168,0.010249,2.1669,9.447,5.30796,159.239,27,18,0.247832,0.154949,0.230923,0.15437,0.230703,0.257133,0.256893,0.257133,0.256893,25.65,25.65,0.557732,0.517009,0.689795,0.515076,0.689138,0.648472,0.647866,0.648472,0.647866,0.885181,0.878618,0.662709
335,2,17,7,7.5e+20,0.0553168,0.0131037,1.7647,8.842,6.48288,194.487,27,18,0.318047,0.219583,0.307084,0.218632,0.30665,0.339436,0.338966,0.339436,0.338966,25.65,25.65,0.57739,0.537709,0.727261,0.53538,0.726231,0.720984,0.719985,0.720984,0.719985,0.889451,0.891192,0.737701
336,2,17,8,7.5e+20,0.0553168,0.0167535,1.4456,7.974,8.0625,241.875,27,18,0.406208,0.31104,0.389778,0.309599,0.388908,0.427634,0.426707,0.427634,0.426707,25.65,25.65,0.7096,0.687768,0.848589,0.684582,0.846696,0.95358,0.951512,0.95358,0.951512,1.03852,1.07621,0.962194
337,2,17,9,7.5e+20,0.0553168,0.02142,1.1994,6.868,10.0785,302.355,30.2355,24,0.524125,0.434321,0.566114,0.431919,0.56418,0.583549,0.581565,0.583549,0.581565,28.7237,28.7237,0.786482,0.753181,0.995365,0.749015,0.991964,1.0001,0.996699,1.0001,0.996699,1.07262,1.0936,1.02078
338,2,17,10,7.5e+20,0.0553168,0.0273861,1.0005,5.564,12.7295,381.884,38.1884,24,0.642738,0.561256,0.692142,0.557206,0.68836,0.750495,0.746444,0.750495,0.746444,36.279,36.279,0.860665,0.834301,0.999637,0.82828,0.994175,0.995466,0.990092,0.995466,0.990092,1.08378,1.11355,1.03567
339,2,17,11,7.5e+20,0.0553168,0.0350141,0.8735,4.243,16.232,486.96,48.696,30,0.76738,0.694922,0.836413,0.687837,0.829024,0.868719,0.861101,0.868719,0.861101,46.2612,46.2612,0.916659,0.89999,1.02963,0.890814,1.02054,1.06378,1.05445,1.06378,1.05445,1.05334,1.08414,1.04153
340,2,17,12,7.5e+20,0.0553168,0.0447667,0.7685,3.167,20.6357,619.069,61.907,36,0.864684,0.801668,0.913446,0.789377,0.900429,0.92268,0.90967,0.92268,0.90967,58.8116,58.8116,0.96843,0.975795,1.0225,0.960834,1.00793,1.17759,1.16098,1.17759,1.16098,1.03864,1.08322,1.02813
341,2,17,13,7.5e+20,0.0553168,0.0572357,0.6822,2.43,25.8695,776.085,77.6085,42,0.925313,0.872477,0.952453,0.852184,0.931125,0.938791,0.918112,0.938791,0.918112,73.7281,73.7281,0.988009,0.999168,1.05125,0.975927,1.0277,1.10513,1.08079,1.10513,1.08079,1.02088,1.05754,1.05415
342,2,17,14,7.5e+20,0.0553168,0.0731778,0.602,1.903,32.8965,986.895,98.6895,54,0.961809,0.918763,0.96938,0.884884,0.934365,0.928008,0.895357,0.928008,0.895357,93.755,93.755,1.00288,1.03053,1.14925,0.992525,1.10773,1.31456,1.26831,1.31456,1.26831,1.01717,1.06261,1.14957
343,2,17,15,7.5e+20,0.0553168,0.0935603,0.5321,1.565,41.8041,1254.12,125.412,72,0.980774,0.945894,0.959958,0.890102,0.904135,0.892499,0.842685,0.892499,0.842685,119.142,119.142,1.07243,1.20828,0.96716,1.13701,0.910919,0.901698,0.85137,0.901698,0.85137,1.07893,1.22962,0.967162
344,2,18,1,7.5e+20,0.0820891,0.003,11.0574,14.551,4.59015,137.705,27,18,0.139686,0.0896716,0.14419,0.089515,0.144132,0.161328,0.161264,0.161328,0.161264,25.65,25.65,0.264812,0.229011,0.28318,0.228611,0.283065,0.267384,0.267277,0.267384,0.267277,0.452198,0.406147,0.272438
345,2,18,2,7.5e+20,0.0820891,0.0038356,8.1321,14.517,4.42435,132.73,27,18,0.157687,0.101178,0.159623,0.100974,0.159555,0.17791,0.177836,0.17791,0.177836,25.65,25.65,0.29518,0.255208,0.273131,0.254694,0.273016,0.253106,0.253001,0.253106,0.253001,0.499083,0.45035,0.258758
346,2,18,3,7.5e+20,0.0820891,0.00490394,6.0515,14.396,4.44973,133.492,27,18,0.176957,0.115819,0.17901,0.115561,0.178927,0.199184,0.199093,0.199184,0.199093,25.65,25.65,0.346759,0.306718,0.325204,0.306036,0.325053,0.301666,0.301528,0.301666,0.301528,0.57947,0.536629,0.308566
347,2,18,4,7.5e+20,0.0820891,0.00626986,4.6825,14.179,4.6785,140.354,27,18,0.188738,0.12577,0.191629,0.12548,0.191529,0.213682,0.213572,0.213682,0.213572,25.65,25.65,0.41069,0.374702,0.268838,0.373837,0.268697,0.245451,0.245324,0.245451,0.245324,0.678457,0.648365,0.251015
348,2,18,5,7.5e+20,0.0820891,0.00801622,3.6636,13.812,5.14608,154.383,27,18,0.194201,0.128432,0.193669,0.128119,0.19355,0.21658,0.21645,0.21658,0.21645,25.65,25.65,0.4088,0.370826,0.385458,0.369923,0.385222,0.357069,0.356855,0.357069,0.356855,0.667432,0.634842,0.365415
349,2,18,6,7.5e+20,0.0820891,0.010249,2.9177,13.245,5.87627,176.288,27,18,0.197742,0.12392,0.189874,0.123577,0.18973,0.2135,0.213341,0.2135,0.213341,25.65,25.65,0.46119,0.424254,0.573119,0.423078,0.572684,0.538699,0.538297,0.538699,0.538297,0.743412,0.720671,0.550008
350,2,18,7,7.5e+20,0.0820891,0.0131037,2.337,12.369,6.96131,208.84,27,18,0.302409,0.234043,0.316265,0.233386,0.315905,0.348786,0.348398,0.348786,0.348398,25.65,25.65,0.50821,0.47714,0.640127,0.4758,0.639398,0.737726,0.736906,0.737726,0.736906,0.783583,0.77098,0.741609
351,2,18,8,7.5e+20,0.0820891,0.0167535,1.8943,11.129,8.4495,253.485,27,18,0.332032,0.255468,0.324119,0.254634,0.323588,0.357699,0.357129,0.357699,0.357129,25.65,25.65,0.617807,0.590683,0.728198,0.588754,0.727006,0.814041,0.812745,0.814041,0.812745,0.919411,0.923361,0.813181
352,2,18,9,7.5e+20,0.0820891,0.02142,1.5531,9.523,10.4206,312.618,31.2617,24,0.448863,0.376317,0.496085,0.374875,0.494864,0.514491,0.513231,0.514491,0.513231,29.6986,29.6986,0.703735,0.672934,0.878638,0.670355,0.876475,0.887382,0.885208,0.887382,0.885208,0.97285,0.973234,0.901455
353,2,18,10,7.5e+20,0.0820891,0.0273861,1.2813,7.625,13.0534,391.602,39.1603,24,0.568765,0.501102,0.625987,0.498614,0.623555,0.685373,0.682743,0.685373,0.682743,37.2023,37.2023,0.78379,0.756207,0.837555,0.752453,0.834302,0.894184,0.890752,0.894184,0.890752,0.99535,1.00075,0.869066
354,2,18,11,7.5e+20,0.0820891,0.0350141,1.0825,5.828,16.286,488.58,48.858,30,0.691592,0.627092,0.770843,0.622797,0.766222,0.805032,0.800233,0.805032,0.800233,46.4151,46.4151,0.871041,0.848325,0.923863,0.842514,0.918324,0.97364,0.967835,0.97364,0.967835,1.01479,1.02327,0.934597
355,2,18,12,7.5e+20,0.0820891,0.0447667,0.9491,4.234,20.6657,619.97,61.997,36,0.806783,0.746663,0.864902,0.738993,0.856575,0.880149,0.871736,0.880149,0.871736,58.8971,58.8971,0.938608,0.927102,0.625674,0.917579,0.61965,0.705383,0.698641,0.705383,0.698641,1.01685,1.03115,0.6291
356,2,18,13,7.5e+20,0.0820891,0.0572357,0.8352,3.09,26.1863,785.588,78.5588,42,0.889303,0.835952,0.922862,0.822651,0.90859,0.919122,0.905071,0.919122,0.905071,74.6309,74.6309,0.978637,0.989124,1.05011,0.973386,1.03387,1.21268,1.19414,1.21268,1.19414,1.01622,1.0466,1.05324
357,2,18,14,7.5e+20,0.0820891,0.0731778,0.7346,2.313,33.3518,1000.55,100.055,54,0.941623,0.896636,0.956284,0.873904,0.932333,0.929051,0.906205,0.929051,0.906205,95.0525,95.0525,0.996034,1.00125,1.03262,0.97587,1.00676,1.11689,1.08943,1.11689,1.08943,1.01327,1.03253,1.03296
358,2,18,15,7.5e+20,0.0820891,0.0935603,0.6438,1.801,42.8935,1286.8,128.68,72,0.971994,0.936443,0.962097,0.89752,0.92231,0.913294,0.876626,0.913294,0.876626,122.246,122.246,0.999649,1.00383,1.05123,0.962109,1.00776,1.04816,1.00608,1.04816,1.00608,1.00708,1.02118,1.05123
359,2,18,16,7.5e+20,0.0820891,0.11962,0.5765,1.525,53.084,1592.52,159.252,90,0.984277,0.953682,0.952303,0.893183,0.89215,0.878059,0.825019,0.878059,0.825019,151.289,151.289,0.9955,0.987979,0.957214,0.925304,0.896751,0.886861,0.833289,0.886861,0.833289,0.99903,0.998676,0.957214
360,2,19,1,7.5e+20,0.121819,0.003,19.3425,19.517,7.514,225.421,27,18,0.156107,0.116658,0.183892,0.1165,0.183757,0.206059,0.205909,0.206059,0.205909,25.65,25.65,0.279337,0.252883,0.376093,0.252542,0.375816,0.43144,0.431127,0.43144,0.431127,0.468405,0.436009,0.427138
361,2,19,2,7.5e+20,0.121819,0.0038356,13.0717,19.742,6.80473,204.142,27,18,0.162728,0.1189,0.186654,0.118719,0.186532,0.208957,0.208823,0.208957,0.208823,25.65,25.65,0.277103,0.245884,0.376535,0.245509,0.37629,0.440362,0.440079,0.440362,0.440079,0.462578,0.42348,0.431311
362,2,19,3,7.5e+20,0.121819,0.00490394,9.3252,19.752,6.39008,191.703,27,18,0.156938,0.109185,0.171751,0.109003,0.171652,0.193293,0.193183,0.193293,0.193183,25.65,25.65,0.317796,0.291371,0.504271,0.290886,0.503979,0.511285,0.510994,0.511285,0.510994,0.528563,0.501265,0.520574
363,2,19,4,7.5e+20,0.121819,0.00626986,6.7982,19.542,6.26423,187.927,27,18,0.164978,0.115118,0.178402,0.114916,0.178299,0.200604,0.20049,0.200604,0.20049,25.65,25.65,0.341394,0.314819,0.475572,0.314267,0.475297,0.481547,0.481273,0.481547,0.481273,0.562803,0.537357,0.490844
364,2,19,5,7.5e+20,0.121819,0.00801622,5.1858,19.102,6.44342,193.302,27,18,0.177997,0.126448,0.19085,0.126216,0.190732,0.214237,0.214106,0.214237,0.214106,25.65,25.65,0.371558,0.346603,0.393768,0.345968,0.393525,0.402906,0.402661,0.402906,0.402661,0.605776,0.585404,0.411696
365,2,19,6,7.5e+20,0.121819,0.010249,4.0287,18.35,6.94181,208.254,27,18,0.232916,0.182538,0.256598,0.182199,0.2564,0.284442,0.284228,0.284442,0.284228,25.65,25.65,0.385863,0.353076,0.474606,0.352421,0.47424,0.543842,0.543432,0.543842,0.543432,0.612408,0.579352,0.549514
366,2,19,7,7.5e+20,0.121819,0.0131037,3.1818,17.19,7.80342,234.102,27,18,0.253031,0.199891,0.264962,0.199496,0.264708,0.293757,0.293483,0.293757,0.293483,25.65,25.65,0.583387,0.564771,0.654044,0.563654,0.653418,0.732586,0.731902,0.732586,0.731902,0.900137,0.900491,0.740163
367,2,19,8,7.5e+20,0.121819,0.0167535,2.5336,15.475,9.13146,273.944,27.3944,18,0.294797,0.236545,0.30477,0.236005,0.304373,0.338835,0.338408,0.338835,0.338408,26.0247,26.0247,0.519208,0.487667,0.582416,0.486556,0.581658,0.647876,0.647059,0.647876,0.647059,0.770579,0.748612,0.663219
368,2,19,9,7.5e+20,0.121819,0.02142,2.0458,13.223,10.9851,329.552,32.9552,24,0.387851,0.332664,0.452986,0.331775,0.45215,0.478634,0.477755,0.478634,0.477755,31.3075,31.3075,0.60306,0.569244,0.689122,0.567723,0.68785,0.742806,0.741442,0.742806,0.741442,0.834867,0.813175,0.708205
369,2,19,10,7.5e+20,0.121819,0.0273861,1.673,10.605,13.4672,404.017,40.4017,24,0.493687,0.438828,0.561001,0.437324,0.559435,0.618955,0.617249,0.618955,0.617249,38.3816,38.3816,0.698675,0.665064,0.765189,0.662785,0.763053,0.799272,0.797068,0.799272,0.797068,0.89197,0.874004,0.77178
370,2,19,11,7.5e+20,0.121819,0.0350141,1.3801,7.947,16.7717,503.152,50.3152,30,0.619785,0.564554,0.703663,0.561861,0.700645,0.739435,0.736279,0.739435,0.736279,47.7994,47.7994,0.807902,0.786077,0.884354,0.782328,0.880561,0.947721,0.943675,0.947721,0.943675,0.945533,0.943089,0.895294
371,2,19,12,7.5e+20,0.121819,0.0447667,1.1693,5.693,21.0785,632.354,63.2354,36,0.743462,0.688546,0.807669,0.68367,0.802214,0.826446,0.820894,0.826446,0.820894,60.0736,60.0736,0.895484,0.88022,0.935518,0.873986,0.929199,1.01414,1.00733,1.01414,1.00733,0.97603,0.97822,0.940903
372,2,19,13,7.5e+20,0.121819,0.0572357,1.0238,4.021,26.7183,801.549,80.1549,42,0.84349,0.791464,0.883675,0.782752,0.874087,0.886567,0.877029,0.886567,0.877029,76.1472,76.1472,0.9676,0.963868,0.97471,0.953258,0.964134,1.07533,1.06376,1.07533,1.06376,1.00897,1.01963,0.977844
373,2,19,14,7.5e+20,0.121819,0.0731778,0.8959,2.883,34.1098,1023.29,102.329,60,0.913752,0.867575,0.934213,0.852236,0.917715,0.91633,0.900348,0.91633,0.900348,97.2128,97.2128,1.03477,1.06525,1.06766,1.04642,1.0488,1.17312,1.15266,1.17312,1.15266,1.05514,1.09788,1.06031
374,2,19,15,7.5e+20,0.121819,0.0935603,0.793,2.203,42.8258,1284.77,128.477,72,0.954432,0.916095,0.953494,0.890724,0.926984,0.921275,0.896167,0.921275,0.896167,122.053,122.053,1.00107,1.01017,1.02243,0.982193,0.994,1.09706,1.06716,1.09706,1.06716,1.0106,1.02815,1.02243
375,2,19,16,7.5e+20,0.121819,0.11962,0.7015,1.758,54.0218,1620.65,162.065,90,0.976764,0.945651,0.956952,0.904091,0.914667,0.903983,0.865292,0.903983,0.865292,153.962,153.962,0.995068,0.993177,0.960185,0.949529,0.917757,0.924158,0.884603,0.924158,0.884603,0.999507,1.00378,0.960185
376,2,19,17,7.5e+20,0.121819,0.152938,0.6148,1.457,69.5598,2086.8,208.68,120,0.987741,0.960316,0.940185,0.890296,0.871589,0.856486,0.797098,0.856486,0.797098,198.246,198.246,0.990605,0.972564,0.887292,0.901651,0.822555,0.764683,0.71166,0.764683,0.71166,0.992382,0.97845,0.887292
377,2,19,18,7.5e+20,0.121819,0.195537,0.5484,1.294,86.7955,2603.86,260.387,150,0.991649,0.961871,0.909494,0.852576,0.806609,0.781165,0.699409,0.781165,0.699409,247.367,247.367,0.988737,0.950392,0.810864,0.842402,0.719136,0.622232,0.55711,0.622232,0.55711,0.989468,0.953808,0.810864
378,2,20,1,7.5e+20,0.180777,0.003,32.7799,23.901,12.4372,373.116,37.3116,18,0.188169,0.158932,0.265006,0.158751,0.264639,0.334157,0.33371,0.334157,0.33371,35.446,35.446,0.307452,0.28384,0.465204,0.283516,0.46456,0.509897,0.509214,0.509897,0.509214,0.493469,0.465212,0.516189
379,2,20,2,7.5e+20,0.180777,0.0038356,23.0289,24.736,11.3193,339.579,33.9579,18,0.19609,0.164043,0.262443,0.163844,0.262114,0.319861,0.319472,0.319861,0.319472,32.26,32.26,0.319586,0.289429,0.418226,0.289077,0.417703,0.433245,0.432718,0.433245,0.432718,0.510433,0.472597,0.433284
380,2,20,3,7.5e+20,0.180777,0.00490394,15.4346,25.398,10.1225,303.674,30.3674,18,0.198279,0.163351,0.250905,0.163144,0.250639,0.294228,0.293924,0.294228,0.293924,28.849,28.849,0.337227,0.310208,0.462668,0.309814,0.462177,0.519931,0.519393,0.519931,0.519393,0.537248,0.505657,0.532915
381,2,20,4,7.5e+20,0.180777,0.00626986,10.62,25.603,9.26977,278.093,27.8093,18,0.192428,0.154037,0.224732,0.153836,0.224535,0.252602,0.252386,0.252602,0.252386,26.4188,26.4188,0.351328,0.321072,0.409626,0.320652,0.409267,0.456138,0.455747,0.456138,0.455747,0.559568,0.523589,0.440031
382,2,20,5,7.5e+20,0.180777,0.00801622,7.7917,25.337,8.89131,266.739,27,18,0.193462,0.153819,0.217689,0.153613,0.217514,0.243009,0.242818,0.243009,0.242818,25.65,25.65,0.383462,0.357749,0.50761,0.357269,0.507201,0.568273,0.567825,0.568273,0.567825,0.606851,0.579759,0.573129
383,2,20,6,7.5e+20,0.180777,0.010249,5.7756,24.52,8.93281,267.984,27,18,0.203272,0.162185,0.22383,0.161958,0.223647,0.249565,0.249366,0.249565,0.249366,25.65,25.65,0.412259,0.381172,0.52105,0.380639,0.520624,0.550947,0.550507,0.550947,0.550507,0.642978,0.60879,0.561382
384,2,20,7,7.5e+20,0.180777,0.0131037,4.4314,23.104,9.43296,282.989,28.2989,18,0.23087,0.188852,0.253884,0.18857,0.253648,0.286199,0.285942,0.286199,0.285942,26.8839,26.8839,0.423504,0.390827,0.385369,0.390244,0.385011,0.447864,0.447461,0.447864,0.447461,0.643823,0.608325,0.41461
385,2,20,8,7.5e+20,0.180777,0.0167535,3.4769,20.992,10.4182,312.547,31.2547,18,0.283777,0.242343,0.31214,0.241947,0.311777,0.362261,0.361857,0.362261,0.361857,29.692,29.692,0.467294,0.439569,0.587687,0.438851,0.587004,0.654901,0.654171,0.654901,0.654171,0.67935,0.653605,0.645129
386,2,20,9,7.5e+20,0.180777,0.02142,2.7556,18.062,12.0132,360.395,36.0396,24,0.338198,0.296322,0.407152,0.295749,0.40655,0.44183,0.441182,0.44183,0.441182,34.2376,34.2376,0.583753,0.560486,0.714723,0.559403,0.713668,0.759356,0.758242,0.759356,0.758242,0.804522,0.789807,0.735838
387,2,20,10,7.5e+20,0.180777,0.0273861,2.2197,14.588,14.282,428.46,42.846,24,0.432838,0.389874,0.500454,0.388929,0.499394,0.56079,0.559619,0.56079,0.559619,40.7037,40.7037,0.659313,0.630132,0.746897,0.628604,0.745316,0.738914,0.737371,0.738914,0.737371,0.839774,0.818949,0.746761
388,2,20,11,7.5e+20,0.180777,0.0350141,1.8062,10.969,17.4211,522.633,52.2633,30,0.54572,0.499849,0.63357,0.498189,0.631601,0.668943,0.666872,0.668943,0.666872,49.6502,49.6502,0.758082,0.734239,0.935892,0.731801,0.932983,0.947467,0.944535,0.947467,0.944535,0.890696,0.878028,0.948199
389,2,20,12,7.5e+20,0.180777,0.0447667,1.4867,7.812,21.6063,648.19,64.819,36,0.670433,0.622017,0.744979,0.618989,0.741416,0.766136,0.762487,0.766136,0.762487,61.5781,61.5781,0.869198,0.852412,0.944267,0.848263,0.939751,0.951516,0.946984,0.951516,0.946984,0.952441,0.947362,0.950472
390,2,20,13,7.5e+20,0.180777,0.0572357,1.2666,5.404,27.2241,816.722,81.6722,48,0.784366,0.735292,0.843902,0.729739,0.837502,0.842257,0.835903,0.842257,0.835903,77.5886,77.5886,0.977214,0.974833,1.06397,0.967471,1.0559,1.08658,1.07838,1.08658,1.07838,1.02306,1.03162,1.01649
391,2,20,14,7.5e+20,0.180777,0.0731778,1.112,3.825,34.1875,1025.62,102.562,60,0.869256,0.822741,0.900402,0.813045,0.889647,0.889332,0.878798,0.889332,0.878798,97.4343,97.4343,1.03358,1.05659,1.15542,1.04413,1.14162,1.24626,1.2315,1.24626,1.2315,1.0582,1.09104,1.10414
392,2,20,15,7.5e+20,0.180777,0.0935603,0.9759,2.772,43.2553,1297.66,129.766,72,0.928706,0.888156,0.935586,0.871469,0.917695,0.913836,0.896601,0.913836,0.896601,123.278,123.278,1.01078,1.02767,1.05635,1.00836,1.03615,1.18178,1.15949,1.18178,1.15949,1.02259,1.0467,1.05635
393,2,20,16,7.5e+20,0.180777,0.11962,0.8564,2.095,55.0355,1651.07,165.106,96,0.963468,0.92967,0.949876,0.901348,0.92049,0.914968,0.88727,0.914968,0.88727,156.851,156.851,1.00129,1.0099,1.03949,0.97913,1.00733,1.04281,1.01124,1.04281,1.01124,1.00675,1.02065,1.03356
394,2,20,17,7.5e+20,0.180777,0.152938,0.7512,1.668,70.4031,2112.09,211.209,120,0.981728,0.953903,0.949883,0.90623,0.90189,0.891174,0.847725,0.891174,0.847725,200.649,200.649,0.998437,1.00245,1.03229,0.952349,0.980137,0.940334,0.894489,0.940334,0.894489,1.00079,1.00856,1.03229
395,2,20,18,7.5e+20,0.180777,0.195537,0.6651,1.419,88.7626,2662.88,266.288,150,0.989283,0.963112,0.934495,0.886457,0.859664,0.840586,0.77697,0.840586,0.77697,252.973,252.973,0.999149,1.00281,0.973405,0.922995,0.895459,0.810906,0.749537,0.810906,0.749537,1.00016,1.00645,0.973405
396,2,20,19,7.5e+20,0.180777,0.25,0.5906,1.265,111.556,3346.67,334.667,192,0.992432,0.962319,0.896988,0.841039,0.784166,0.754633,0.66754,0.754633,0.66754,317.934,317.934,1.00068,1.01049,0.851663,0.883137,0.744542,0.635284,0.561966,0.635284,0.561966,1.00108,1.01265,0.851663
397,2,21,1,7.5e+20,0.26827,0.003,58.9766,26.002,20.2268,606.803,60.6803,18,0.209526,0.185301,0.34607,0.185113,0.345206,0.454909,0.453785,0.465108,0.463959,36,54,0.318769,0.298727,0.511224,0.298422,0.509948,0.492622,0.491403,0.521373,0.520086,0.488703,0.465568,0.574112
398,2,21,2,7.5e+20,0.26827,0.0038356,36.7731,27.955,18.3803,551.41,55.141,18,0.226508,0.200918,0.348149,0.200698,0.347317,0.45267,0.451672,0.461311,0.460295,36,52.384,0.348016,0.326254,0.534756,0.325896,0.533478,0.596718,0.595402,0.609956,0.608612,0.525652,0.501208,0.581759
399,2,21,3,7.5e+20,0.26827,0.00490394,25.1624,29.371,16.5827,497.479,49.748,18,0.229964,0.204129,0.336904,0.203903,0.336226,0.435958,0.435144,0.442761,0.441934,36,47.2606,0.350373,0.328282,0.524226,0.327919,0.52317,0.531589,0.530595,0.5626,0.56155,0.526171,0.501355,0.542405
400,2,21,4,7.5e+20,0.26827,0.00626986,18.7403,30.218,15.2053,456.158,45.6158,18,0.229324,0.20339,0.320756,0.203166,0.320222,0.413082,0.412435,0.417883,0.41723,36,43.335,0.362198,0.340826,0.502985,0.340451,0.502148,0.548021,0.547163,0.540937,0.540091,0.543209,0.519743,0.500167
401,2,21,5,7.5e+20,0.26827,0.00801622,12.4784,30.796,13.5967,407.902,40.7902,18,0.228604,0.202235,0.307923,0.202014,0.307504,0.392039,0.391533,0.393716,0.393208,36,38.7507,0.357643,0.332064,0.484496,0.331701,0.483836,0.462711,0.462114,0.462589,0.461991,0.533228,0.503202,0.488138
402,2,21,6,7.5e+20,0.26827,0.010249,8.7541,30.45,12.6948,380.845,38.0844,18,0.232497,0.205215,0.295809,0.204987,0.295464,0.372097,0.371684,0.372318,0.371905,36,36.1802,0.381858,0.360689,0.512773,0.360288,0.512175,0.596121,0.595459,0.595722,0.595061,0.564323,0.541673,0.550651
403,2,21,7,7.5e+20,0.26827,0.0131037,6.4956,29.214,12.4735,374.204,37.4204,18,0.245234,0.216737,0.299419,0.216485,0.299082,0.373237,0.372838,0.373237,0.372838,35.5494,35.5494,0.41452,0.39314,0.539357,0.392684,0.53875,0.629095,0.628423,0.629095,0.628423,0.601257,0.579356,0.588616
404,2,21,8,7.5e+20,0.26827,0.0167535,4.8633,26.811,12.9172,387.517,38.7517,24,0.274646,0.245095,0.371345,0.244783,0.370911,0.410513,0.410038,0.410513,0.410038,36.8141,36.8141,0.439571,0.415346,0.518126,0.414818,0.517521,0.568019,0.567362,0.568019,0.567362,0.615308,0.590418,0.534079
405,2,21,9,7.5e+20,0.26827,0.02142,3.7886,23.508,14.0209,420.627,42.0627,24,0.322653,0.291521,0.415121,0.291095,0.414549,0.464429,0.463797,0.464429,0.463797,39.9595,39.9595,0.496368,0.471388,0.626053,0.470699,0.62519,0.613393,0.612557,0.613393,0.612557,0.661769,0.637786,0.649397
406,2,21,10,7.5e+20,0.26827,0.0273861,2.9996,19.361,15.8894,476.682,47.6682,24,0.386316,0.352436,0.467815,0.351802,0.466982,0.53333,0.5324,0.53333,0.5324,45.2847,45.2847,0.557736,0.534418,0.672714,0.533457,0.671516,0.725073,0.723808,0.725073,0.723808,0.699513,0.679606,0.687524
407,2,21,11,7.5e+20,0.26827,0.0350141,2.402,14.828,18.7033,561.099,56.1099,30,0.480669,0.442914,0.578749,0.441852,0.577346,0.615563,0.614079,0.615563,0.614079,53.3044,53.3044,0.671386,0.646637,0.765163,0.645087,0.763308,0.80317,0.801234,0.80317,0.801234,0.784983,0.765385,0.777553
408,2,21,12,7.5e+20,0.26827,0.0447667,1.9401,10.595,22.7359,682.076,68.2077,36,0.598506,0.556613,0.685883,0.554685,0.683432,0.709148,0.706624,0.709148,0.706624,64.7973,64.7973,0.808534,0.787571,0.868111,0.784843,0.865009,0.920962,0.917684,0.920962,0.917684,0.886405,0.872182,0.87532
409,2,21,13,7.5e+20,0.26827,0.0572357,1.6025,7.426,27.8969,836.907,83.6908,48,0.713061,0.668344,0.787687,0.664882,0.783453,0.788758,0.784535,0.788758,0.784535,79.5062,79.5062,1.07388,1.08234,0.911433,1.07673,0.906535,0.964159,0.958997,0.964159,0.958997,1.12986,1.14811,0.91192
410,2,21,14,7.5e+20,0.26827,0.0731778,1.3775,5.091,35.0337,1051.01,105.101,60,0.818074,0.773405,0.860013,0.767101,0.852729,0.852915,0.845734,0.852915,0.845734,99.8459,99.8459,1.93444,2.16237,0.985135,2.14475,0.976791,1.0592,1.05028,1.0592,1.05028,1.98573,2.23431,0.985172
411,2,21,15,7.5e+20,0.26827,0.0935603,1.2051,3.587,44.0327,1320.98,132.098,72,0.892986,0.851406,0.908948,0.840449,0.896792,0.894057,0.882216,0.894057,0.882216,125.493,125.493,1.04088,1.0619,0.992744,1.04824,0.979467,1.08492,1.07055,1.08492,1.07055,1.05511,1.08221,0.99275
412,2,21,16,7.5e+20,0.26827,0.11962,1.0563,2.615,55.6176,1668.53,166.853,96,0.941698,0.90525,0.936857,0.886557,0.916889,0.912817,0.893653,0.912817,0.893653,158.51,158.51,1.00322,1.00805,0.980085,0.987236,0.959196,0.998944,0.977971,0.998944,0.977971,1.01008,1.01935,0.980955
413,2,21,17,7.5e+20,0.26827,0.152938,0.9253,1.993,70.7627,2122.88,212.288,120,0.970449,0.94029,0.949175,0.908674,0.916475,0.908951,0.878398,0.908951,0.878398,201.674,201.674,0.993879,0.995473,0.995635,0.962001,0.961335,1.01418,0.980092,1.01418,0.980092,0.996913,1.0017,0.995635
414,2,21,18,7.5e+20,0.26827,0.195537,0.8164,1.62,89.314,2679.42,267.942,150,0.983913,0.957568,0.946409,0.906036,0.894546,0.88179,0.835312,0.88179,0.835312,254.545,254.545,0.995142,0.993735,0.998684,0.940257,0.943956,0.927703,0.878806,0.927703,0.878806,0.99658,0.997632,0.998684
415,2,21,19,7.5e+20,0.26827,0.25,0.7198,1.384,113.282,3398.47,339.847,192,0.990406,0.96475,0.926462,0.880872,0.845057,0.824167,0.756078,0.824167,0.756078,322.854,322.854,0.995604,0.989787,0.992678,0.903732,0.905455,0.810078,0.743153,0.810078,0.743153,0.996209,0.992113,0.992678
416,2,22,2,7.5e+20,0.398107,0.0038356,57.7854,29.56,28.9942,869.825,86.9825,18,0.241162,0.217408,0.400783,0.217181,0.399745,0.538685,0.53664,0.560166,0.558051,36,54,0.491394,0.474939,0.602702,0.474443,0.601142,0.592472,0.590223,0.589746,0.587519,0.719706,0.705877,0.700409
417,2,22,3,7.5e+20,0.398107,0.00490394,46.3358,30.694,27.7431,832.293,83.2293,18,0.245299,0.221625,0.398162,0.221394,0.397153,0.531371,0.529502,0.550666,0.548736,36,54,0.479616,0.46264,0.596617,0.462157,0.595105,0.625597,0.623396,0.639956,0.637713,0.696909,0.681939,0.696034
418,2,22,4,7.5e+20,0.398107,0.00626986,30.4094,32.607,24.9072,747.216,74.7216,24,0.248488,0.22545,0.445276,0.22522,0.443956,0.524206,0.522698,0.524858,0.523351,48,70.9855,0.446332,0.430428,0.650304,0.429989,0.648377,0.609291,0.607538,0.682207,0.680248,0.640359,0.625884,0.680209
419,2,22,5,7.5e+20,0.398107,0.00801622,21.3593,33.754,22.4156,672.469,67.2468,24,0.249808,0.227336,0.427694,0.227109,0.426648,0.499861,0.498688,0.500665,0.499493,48,63.8845,0.417937,0.399508,0.596897,0.399109,0.595437,0.593869,0.592476,0.592228,0.590841,0.593226,0.574278,0.623714
420,2,22,6,7.5e+20,0.398107,0.010249,14.1525,34.266,19.8421,595.262,59.5262,24,0.253361,0.23117,0.408565,0.230942,0.407793,0.47389,0.473019,0.474485,0.473614,48,56.5499,0.40035,0.379858,0.589241,0.379484,0.588128,0.559484,0.558455,0.580695,0.579628,0.559618,0.537304,0.614588
421,2,22,7,7.5e+20,0.398107,0.0131037,10.0005,33.659,18.2675,548.024,54.8024,24,0.263268,0.240832,0.397883,0.240589,0.397255,0.459192,0.458482,0.459472,0.458761,48,52.0623,0.412024,0.393231,0.555976,0.392836,0.555098,0.602007,0.601075,0.594469,0.59355,0.565338,0.545687,0.579445
422,2,22,8,7.5e+20,0.398107,0.0167535,7.2088,31.748,17.5478,526.434,52.6434,24,0.282951,0.259624,0.400095,0.259346,0.399512,0.460682,0.460025,0.460806,0.460148,48,50.0113,0.438459,0.417786,0.624662,0.417339,0.623751,0.638823,0.637911,0.635811,0.634903,0.585339,0.563811,0.678124
423,2,22,9,7.5e+20,0.398107,0.02142,5.419,28.595,17.7647,532.94,53.2941,24,0.313975,0.289051,0.417111,0.288705,0.416485,0.480948,0.480243,0.481132,0.480428,48,50.6294,0.480834,0.459469,0.623449,0.458919,0.622513,0.656401,0.655439,0.651322,0.650368,0.618502,0.597158,0.655148
424,2,22,10,7.5e+20,0.398107,0.0273861,4.1644,24.246,18.9308,567.926,56.7925,30,0.36228,0.334786,0.489633,0.334309,0.488816,0.521119,0.520254,0.521119,0.520254,53.9529,53.9529,0.533438,0.511036,0.512605,0.510309,0.51175,0.546087,0.54518,0.546087,0.54518,0.653598,0.632239,0.519901
425,2,22,11,7.5e+20,0.398107,0.0350141,3.2682,19.23,21.1383,634.149,63.4149,30,0.434796,0.40381,0.539226,0.403076,0.538103,0.579071,0.577874,0.579064,0.577867,60,60.2442,0.627358,0.602325,0.765624,0.60123,0.764029,0.758485,0.756918,0.758391,0.756824,0.727363,0.704474,0.812838
426,2,22,12,7.5e+20,0.398107,0.0447667,2.5982,14.21,24.625,738.752,73.8751,36,0.532632,0.497311,0.632216,0.496061,0.630428,0.657827,0.655975,0.657827,0.655975,70.1814,70.1814,0.596351,0.561142,0.772356,0.559732,0.770172,0.75179,0.749674,0.75179,0.749674,0.655334,0.621287,0.781186
427,2,22,13,7.5e+20,0.398107,0.0572357,2.1082,10.077,29.4557,883.671,88.3671,48,0.643036,0.60369,0.7318,0.601477,0.72885,0.734895,0.731942,0.734895,0.731942,83.9487,83.9487,0.770169,0.742594,0.860128,0.739871,0.856661,0.908752,0.9051,0.908752,0.9051,0.813378,0.789145,0.860802
428,2,22,14,7.5e+20,0.398107,0.0731778,1.7308,6.95,36.0632,1081.9,108.189,60,0.754131,0.712692,0.811059,0.708699,0.806158,0.806762,0.80191,0.806762,0.80191,102.78,102.78,0.914166,0.896966,0.810271,0.891941,0.805376,0.877977,0.872696,0.877977,0.872696,0.941694,0.928704,0.810312
429,2,22,15,7.5e+20,0.398107,0.0935603,1.4986,4.747,45.2301,1356.9,135.69,72,0.847312,0.806401,0.874893,0.79923,0.866569,0.864719,0.85655,0.864719,0.85655,128.906,128.906,0.985535,0.982619,1.04111,0.97388,1.03121,1.05826,1.04826,1.05826,1.04826,1.00117,1.00249,1.04112
430,2,22,16,7.5e+20,0.398107,0.11962,1.3054,3.341,56.9312,1707.94,170.794,96,0.91165,0.873631,0.916265,0.861182,0.902466,0.899035,0.885643,0.899035,0.885643,162.254,162.254,1.02585,1.03962,0.988883,1.02481,0.973992,0.976203,0.961661,0.976203,0.961661,1.03419,1.05179,0.988883
431,2,22,17,7.5e+20,0.398107,0.152938,1.14,2.447,72.0436,2161.31,216.131,120,0.953574,0.921157,0.940318,0.899908,0.917664,0.911806,0.890219,0.911806,0.890219,205.324,205.324,1.00257,1.00046,0.962055,0.97738,0.938877,0.881413,0.860546,0.881413,0.860546,1.0065,1.00718,0.962055
432,2,22,18,7.5e+20,0.398107,0.195537,1.0013,1.901,90.9082,2727.24,272.724,156,0.975469,0.947902,0.946555,0.912777,0.910304,0.902473,0.868836,0.902473,0.868836,259.088,259.088,0.997506,1.0023,0.978306,0.965162,0.940839,0.977557,0.941121,0.977557,0.941121,0.999199,1.00598,0.978306
433,2,22,19,7.5e+20,0.398107,0.25,0.8765,1.548,116.083,3482.49,348.249,198,0.986713,0.962085,0.93945,0.903475,0.880916,0.867285,0.815568,0.867285,0.815568,330.836,330.836,0.989746,0.976067,0.961389,0.916606,0.901488,0.870554,0.818641,0.870554,0.818641,0.990417,0.978018,0.961389
434,2,23,4,7.5e+20,0.590784,0.00626986,55.8098,33.097,41.1059,1233.18,123.318,24,0.257114,0.234868,0.490547,0.234633,0.488956,0.614543,0.611294,0.623338,0.620053,48,72,0.861631,0.856506,0.80435,0.855651,0.801741,0.858505,0.853966,0.836374,0.831966,1.22165,1.22978,0.861097
435,2,23,5,7.5e+20,0.590784,0.00801622,38.28,34.868,37.6388,1129.16,112.917,24,0.259974,0.238583,0.478136,0.238353,0.476702,0.592269,0.589638,0.597504,0.594853,48,72,0.986514,0.98618,0.804628,0.98523,0.802214,0.838057,0.834333,0.841248,0.837515,1.37733,1.39282,0.867048
436,2,23,6,7.5e+20,0.590784,0.010249,24.867,36.056,33.1979,995.938,99.5938,24,0.265236,0.244598,0.463357,0.244369,0.462106,0.563394,0.561449,0.566245,0.564293,48,72,1.13398,1.1361,0.771121,1.13503,0.76904,0.783749,0.781044,0.822725,0.819888,1.54962,1.56868,0.841109
437,2,23,7,7.5e+20,0.590784,0.0131037,17.4335,36.139,29.7226,891.678,89.1678,24,0.273073,0.252659,0.45247,0.252423,0.451357,0.541848,0.540353,0.543939,0.542439,48,72,0.965684,0.964211,0.730697,0.963309,0.7289,0.710731,0.708769,0.717734,0.715755,1.29084,1.30118,0.764451
438,2,23,8,7.5e+20,0.590784,0.0167535,11.3783,34.801,26.4017,792.05,79.205,24,0.290791,0.270039,0.444282,0.269776,0.443306,0.525488,0.524339,0.527309,0.526157,48,72,0.875449,0.869032,0.691147,0.868184,0.689627,0.670022,0.668557,0.675664,0.674188,1.13145,1.13285,0.685659
439,2,23,9,7.5e+20,0.590784,0.02142,8.1679,32.242,24.8756,746.269,74.6268,30,0.315445,0.293726,0.485932,0.293416,0.484974,0.526567,0.525543,0.526413,0.52539,60,70.8955,0.765902,0.754522,0.612989,0.753725,0.61178,0.566844,0.565742,0.553475,0.5524,0.956712,0.950006,0.627925
440,2,23,10,7.5e+20,0.590784,0.0273861,5.9971,28.255,24.648,739.44,73.944,30,0.353943,0.330393,0.49949,0.329992,0.498524,0.542175,0.541143,0.542056,0.541025,60,70.2468,-0.279995,-0.330536,0.63943,-0.330135,0.638193,0.591283,0.590157,0.586816,0.585699,-0.335757,-0.399262,0.656821
441,2,23,11,7.5e+20,0.590784,0.0350141,4.6005,23.514,25.7208,771.624,77.1623,36,0.406185,0.379922,0.551694,0.379363,0.550546,0.574977,0.573786,0.574885,0.573693,72,73.3042,0.511304,0.484251,0.681604,0.483538,0.680186,0.672612,0.671218,0.669513,0.668126,0.587553,0.560162,0.689225
442,2,23,12,7.5e+20,0.590784,0.0447667,3.5605,18.131,28.3083,849.251,84.925,42,0.483294,0.453205,0.617824,0.452326,0.61627,0.628752,0.627175,0.628752,0.627175,80.6788,80.6788,0.624133,0.602555,0.741044,0.601387,0.739181,0.815707,0.813661,0.815707,0.813661,0.686134,0.666271,0.743837
443,2,23,13,7.5e+20,0.590784,0.0572357,2.8199,13.215,32.5173,975.519,97.5519,48,0.584728,0.550758,0.689213,0.549258,0.686927,0.694534,0.692237,0.694534,0.692237,92.6743,92.6743,0.800475,0.775296,0.581734,0.773185,0.579805,0.596207,0.594235,0.596207,0.594235,0.848628,0.826006,0.582833
444,2,23,14,7.5e+20,0.590784,0.0731778,2.278,9.289,38.5565,1156.69,115.669,60,0.691927,0.654724,0.766629,0.652093,0.763055,0.764231,0.76068,0.764231,0.76068,109.886,109.886,1.06848,1.06451,0.846949,1.06023,0.843001,0.758097,0.754574,0.758097,0.754574,1.10508,1.10555,0.847068
445,2,23,15,7.5e+20,0.590784,0.0935603,1.8844,6.371,47.0857,1412.57,141.257,78,0.791308,0.752366,0.83532,0.7477,0.829514,0.828219,0.822491,0.828219,0.822491,134.194,134.194,1.71499,1.84635,0.7237,1.83489,0.71867,0.691191,0.686411,0.691191,0.686411,1.7468,1.88714,0.727062
446,2,23,16,7.5e+20,0.590784,0.11962,1.6329,4.407,58.5147,1755.44,175.544,96,0.870321,0.832049,0.88795,0.823902,0.878423,0.875624,0.866303,0.875624,0.866303,166.767,166.767,1.6675,1.87144,1.02746,1.85311,1.01644,1.04463,1.03351,1.04463,1.03351,1.68361,1.89495,1.02746
447,2,23,17,7.5e+20,0.590784,0.152938,1.4166,3.113,73.6308,2208.92,220.893,120,0.926978,0.892145,0.923455,0.878055,0.907773,0.903194,0.888045,0.903194,0.888045,209.848,209.848,1.01249,1.01987,0.969397,1.00376,0.952935,0.926422,0.910885,0.926422,0.910885,1.01731,1.02707,0.969397
448,2,23,18,7.5e+20,0.590784,0.195537,1.2391,2.322,92.3977,2771.93,277.193,156,0.960822,0.930867,0.940897,0.907356,0.915776,0.909779,0.885949,0.909779,0.885949,263.333,263.333,1.00242,1.0127,0.994376,0.987117,0.967827,1.01079,0.984312,1.01079,0.984312,1.00446,1.01635,0.994376
449,2,23,19,7.5e+20,0.590784,0.25,1.0871,1.824,116.329,3489.86,348.986,198,0.979174,0.953569,0.944794,0.914904,0.904875,0.895687,0.858963,0.895687,0.858963,331.537,331.537,0.991173,0.986333,0.96482,0.94634,0.924056,0.935368,0.897018,0.935368,0.897018,0.992048,0.98831,0.96482
450,2,24,5,7.5e+20,0.876712,0.00801622,55.5803,35.981,58.2683,1748.05,174.805,24,0.267244,0.246685,0.493231,0.246454,0.491793,0.643337,0.639282,0.673831,0.668996,48,72,1.04156,1.0431,0.909266,1.04213,0.906615,0.975995,0.969843,0.966917,0.959979,1.43529,1.45283,0.945891
451,2,24,6,7.5e+20,0.876712,0.010249,39.8034,37.027,53.771,1613.13,161.313,24,0.272137,0.252226,0.4834,0.251996,0.482096,0.626099,0.622487,0.65004,0.646071,48,72,1.53423,1.54951,0.976765,1.54809,0.974131,1.03195,1.026,0.997936,0.991843,2.07308,2.11404,1.0057
452,2,24,7,7.5e+20,0.876712,0.0131037,28.4243,37.291,48.7754,1463.26,146.326,24,0.281069,0.26151,0.476082,0.261273,0.474893,0.609826,0.606728,0.62725,0.624098,48,72,1.3349,1.34417,1.09304,1.34295,1.09031,1.11184,1.10619,1.07512,1.06972,1.76187,1.78969,1.10775
453,2,24,8,7.5e+20,0.876712,0.0167535,20.0722,36.644,43.7025,1311.07,131.108,24,0.294548,0.274974,0.471223,0.27472,0.470131,0.595304,0.592885,0.606831,0.60438,48,72,0.518698,0.504501,0.60639,0.504034,0.604985,0.712291,0.709397,0.681886,0.679131,0.665787,0.652703,0.685818
454,2,24,9,7.5e+20,0.876712,0.02142,13.2569,34.49,38.5517,1156.55,115.655,30,0.318522,0.298357,0.520964,0.298063,0.51956,0.58906,0.587211,0.588744,0.586898,60,90,0.548824,0.531269,0.634523,0.530745,0.632813,0.575452,0.573646,0.520937,0.519303,0.678023,0.660941,0.690798
455,2,24,10,7.5e+20,0.876712,0.0273861,9.2574,31.143,35.513,1065.39,106.539,30,0.350399,0.328994,0.522519,0.328633,0.521206,0.585289,0.583728,0.584966,0.583408,60,90,0.592777,0.578797,0.484,0.578162,0.482784,0.515851,0.514476,0.538735,0.5373,0.704605,0.692294,0.555062
456,2,24,11,7.5e+20,0.876712,0.0350141,6.7002,26.699,34.432,1032.96,103.296,36,0.397066,0.373729,0.560217,0.373247,0.558767,0.598244,0.596744,0.596992,0.595496,72,98.1311,0.670466,0.656016,0.758978,0.655169,0.757014,0.739194,0.73734,0.797598,0.7956,0.765882,0.753531,0.778344
457,2,24,12,7.5e+20,0.876712,0.0447667,5.0368,21.666,35.2921,1058.76,105.876,42,0.458588,0.432466,0.607648,0.43177,0.606037,0.627422,0.62577,0.626409,0.624762,84,100.582,0.894436,0.888373,0.616343,0.886945,0.614709,0.624107,0.622464,0.66992,0.668158,0.98384,0.981912,0.62393
458,2,24,13,7.5e+20,0.876712,0.0572357,3.8825,16.55,38.1502,1144.5,114.45,48,0.540125,0.510603,0.662999,0.509511,0.660957,0.674149,0.672079,0.67321,0.671145,96,108.728,0.567648,0.529551,0.79669,0.528418,0.794236,0.694989,0.692855,0.669474,0.66742,0.604287,0.56608,0.786311
459,2,24,14,7.5e+20,0.876712,0.0731778,3.0733,12.087,43.0858,1292.57,129.257,60,0.632918,0.599789,0.731528,0.597987,0.728658,0.731129,0.728269,0.730895,0.728036,120,122.795,0.698005,0.666538,0.896823,0.664535,0.893305,0.837292,0.834017,0.834866,0.831601,0.724664,0.694393,0.897413
460,2,24,15,7.5e+20,0.876712,0.0935603,2.476,8.526,50.4711,1514.13,151.413,78,0.730031,0.694098,0.796208,0.691025,0.791923,0.790805,0.786566,0.790805,0.786566,143.843,143.843,0.845109,0.825653,0.898401,0.821997,0.893566,0.878992,0.87428,0.878992,0.87428,0.863249,0.845798,0.898406
461,2,24,16,7.5e+20,0.876712,0.11962,2.0632,5.85,61.4117,1842.35,184.235,96,0.821082,0.784046,0.855446,0.778653,0.848631,0.846134,0.839434,0.846134,0.839434,175.023,175.023,0.946356,0.938868,0.949956,0.93241,0.942388,0.931462,0.924086,0.931462,0.924086,0.957101,0.951774,0.949956
462,2,24,17,7.5e+20,0.876712,0.152938,1.7825,4.081,75.8802,2276.41,227.641,120,0.890318,0.854515,0.899607,0.845262,0.88867,0.884894,0.874233,0.884894,0.874233,216.259,216.259,1.08957,1.12371,0.98555,1.11154,0.973568,0.972443,0.960727,0.972443,0.960727,1.09604,1.13259,0.98555
463,2,24,18,7.5e+20,0.876712,0.195537,1.5416,2.911,95.1512,2854.54,285.454,156,0.938322,0.905768,0.92847,0.889944,0.910736,0.905693,0.888634,0.905693,0.888634,271.181,271.181,1.00173,1.00121,0.946628,0.983714,0.928547,0.871401,0.854987,0.871401,0.854987,1.00452,1.00549,0.946628
464,2,24,19,7.5e+20,0.876712,0.25,1.3453,2.195,119.139,3574.18,357.418,198,0.966548,0.938243,0.942303,0.912024,0.914108,0.906745,0.880195,0.906745,0.880195,339.547,339.547,0.989867,0.987036,0.971692,0.959454,0.942617,0.95705,0.929027,0.95705,0.929027,0.991021,0.989182,0.971692
465,2,25,7,7.5e+20,1.30103,0.0131037,46.6656,37.922,79.0023,2370.07,237.007,24,0.285746,0.266641,0.486738,0.266404,0.485534,0.64502,0.641415,0.697501,0.691587,48,72,1.59921,1.61543,1.04764,1.61399,1.04505,1.04548,1.03964,1.07193,1.06284,2.1017,2.14101,1.05956
466,2,25,8,7.5e+20,1.30103,0.0167535,33.1698,37.426,71.9163,2157.49,215.749,24,0.299837,0.280822,0.482092,0.280567,0.480984,0.635225,0.631973,0.680315,0.675268,48,72,2.03757,2.06611,1.30054,2.06425,1.29755,1.198,1.19186,1.18496,1.17617,2.59988,2.65622,1.2713
467,2,25,9,7.5e+20,1.30103,0.02142,22.2104,35.639,63.4132,1902.4,190.24,30,0.322506,0.303118,0.536857,0.302829,0.53538,0.651055,0.64738,0.664369,0.660568,60,90,0.834472,0.830555,1.16739,0.829763,1.16418,1.15279,1.14628,1.11471,1.10833,1.02569,1.02762,1.16898
468,2,25,10,7.5e+20,1.30103,0.0273861,15.4234,32.94,56.5004,1695.01,169.501,30,0.35125,0.331079,0.537166,0.330736,0.535784,0.642223,0.639291,0.649749,0.646797,60,90,1.57942,1.59841,1.14889,1.59675,1.14594,1.10773,1.10268,1.08164,1.07673,1.87339,1.90695,1.15288
469,2,25,11,7.5e+20,1.30103,0.0350141,10.6281,29.073,51.1423,1534.27,153.427,36,0.391348,0.369774,0.575606,0.369337,0.573962,0.644064,0.641668,0.643169,0.640779,72,108,0.447352,0.42816,0.823173,0.427655,0.820822,0.799267,0.796294,0.780415,0.777514,0.510828,0.491387,0.864119
470,2,25,12,7.5e+20,1.30103,0.0447667,7.5288,24.397,48.4759,1454.28,145.428,42,0.444625,0.420967,0.614596,0.420369,0.61265,0.653416,0.651231,0.651261,0.649087,84,126,0.522351,0.501633,0.902805,0.500921,0.899946,0.864512,0.861621,0.837261,0.834465,0.575223,0.554804,0.934297
471,2,25,13,7.5e+20,1.30103,0.0572357,5.599,19.601,48.6543,1459.63,145.963,54,0.508924,0.482562,0.665377,0.481699,0.663121,0.677286,0.675005,0.675384,0.673114,108,138.665,0.635658,0.61589,0.854661,0.614789,0.851763,0.809204,0.806479,0.794797,0.792124,0.679003,0.660308,0.861983
472,2,25,14,7.5e+20,1.30103,0.0731778,4.2616,14.864,51.6512,1549.54,154.954,60,0.589557,0.559957,0.711399,0.558612,0.70869,0.71789,0.715165,0.716024,0.71331,120,147.206,0.870058,0.862387,0.742312,0.860316,0.739485,0.708737,0.706047,0.704241,0.701573,0.906689,0.901437,0.735463
473,2,25,15,7.5e+20,1.30103,0.0935603,3.3549,10.892,57.4311,1722.93,172.293,78,0.677167,0.6445,0.769319,0.642329,0.765708,0.765402,0.761819,0.764781,0.761204,156,163.679,0.739865,0.717894,0.949908,0.715476,0.945449,0.939152,0.934756,0.942169,0.937762,0.758065,0.737393,0.949995
474,2,25,16,7.5e+20,1.30103,0.11962,2.6937,7.744,66.4239,1992.72,199.272,96,0.766001,0.731213,0.822824,0.727597,0.817657,0.815347,0.810251,0.815347,0.810251,189.308,189.308,0.872719,0.857272,1.00852,0.853032,1.00219,0.971874,0.9658,0.971874,0.9658,0.884626,0.870738,1.00852
475,2,25,17,7.5e+20,1.30103,0.152938,2.2656,5.352,80.3827,2411.48,241.148,120,0.847361,0.812136,0.873066,0.80591,0.86504,0.861581,0.853716,0.861581,0.853716,229.091,229.091,4.12201,4.84737,0.980989,4.81021,0.971971,0.921441,0.913029,0.921441,0.913029,4.15067,4.88894,0.980989
476,2,25,18,7.5e+20,1.30103,0.195537,1.9413,3.736,99.3117,2979.35,297.935,156,0.907534,0.873522,0.910099,0.862867,0.897331,0.892844,0.880449,0.892844,0.880449,283.038,283.038,1.02816,1.03979,0.949513,1.02711,0.936192,0.891534,0.879157,0.891534,0.879157,1.03179,1.04482,0.949513
477,2,25,19,7.5e+20,1.30103,0.25,1.683,2.731,122.935,3688.06,368.806,198,0.947299,0.91659,0.93277,0.898916,0.912734,0.90659,0.887422,0.90659,0.887422,350.366,350.366,0.993222,0.994501,0.974457,0.975324,0.953525,0.967804,0.947342,0.967804,0.947342,0.994883,0.997148,0.974457
478,2,26,8,7.5e+20,1.9307,0.0167535,51.7814,37.788,114.023,3420.7,342.07,24,0.306614,0.287961,0.489774,0.287703,0.488669,0.648327,0.645028,0.712771,0.706931,48,72,1.68193,1.70024,1.09017,1.69872,1.08771,1.06401,1.05859,1.07419,1.06539,2.13457,2.17356,1.09345
479,2,26,9,7.5e+20,1.9307,0.02142,39.1011,36.579,105.978,3179.34,317.934,30,0.322752,0.303886,0.544703,0.303604,0.543199,0.680216,0.675987,0.730133,0.72308,60,90,2.65339,2.6996,1.29806,2.69709,1.29448,1.20449,1.197,1.20361,1.19199,3.27343,3.35226,1.27972
480,2,26,10,7.5e+20,1.9307,0.0273861,25.191,33.543,92.6575,2779.73,277.973,30,0.35668,0.337042,0.543873,0.336699,0.542488,0.674499,0.670765,0.715796,0.709928,60,90,1.17514,1.18107,0.997522,1.17987,0.994981,1.01494,1.00932,1.03542,1.02694,1.38717,1.40191,1.01002
481,2,26,11,7.5e+20,1.9307,0.0350141,18.4955,30.763,83.8259,2514.78,251.478,36,0.386655,0.366152,0.581898,0.365744,0.580219,0.693465,0.689238,0.709858,0.705073,72,108,0.532447,0.517344,0.952001,0.516768,0.949253,1.00398,0.997859,0.963234,0.956741,0.610128,0.59573,0.96739
482,2,26,12,7.5e+20,1.9307,0.0447667,11.9459,26.041,73.6756,2210.27,221.027,42,0.439458,0.417143,0.620808,0.41659,0.618813,0.700001,0.696353,0.70037,0.696723,84,126,0.769305,0.760957,1.03301,0.759948,1.02969,1.02146,1.01613,0.987071,0.981931,0.847248,0.841451,1.04157
483,2,26,13,7.5e+20,1.9307,0.0572357,8.4718,21.67,68.7558,2062.67,206.267,54,0.494558,0.470147,0.671977,0.46939,0.669363,0.706975,0.703768,0.704192,0.701003,108,162,0.582437,0.564104,1.01808,0.563197,1.01412,0.990939,0.986445,0.967806,0.963423,0.623164,0.605597,1.02894
484,2,26,14,7.5e+20,1.9307,0.0731778,6.1763,17.192,67.6555,2029.67,202.966,66,0.562071,0.535033,0.712941,0.533933,0.709781,0.726577,0.723387,0.723023,0.719858,132,192.818,0.733775,0.720138,1.01431,0.718657,1.00981,0.948248,0.944086,0.934329,0.930238,0.766677,0.75452,1.02418
485,2,26,15,7.5e+20,1.9307,0.0935603,4.7132,13.212,70.3417,2110.25,211.025,78,0.636644,0.606869,0.755448,0.605213,0.751855,0.757854,0.75426,0.754999,0.751426,156,200.474,0.652811,0.627612,0.892428,0.625899,0.888184,0.844583,0.840577,0.835002,0.831051,0.670772,0.646339,0.89532
486,2,26,16,7.5e+20,1.9307,0.11962,3.6807,9.746,76.932,2307.96,230.796,96,0.718876,0.686671,0.802009,0.684053,0.797453,0.797335,0.792817,0.795267,0.790769,192,219.256,0.778959,0.756198,1.01819,0.753315,1.01241,0.958067,0.952639,0.947807,0.942447,0.79124,0.769513,1.0183
487,2,26,17,7.5e+20,1.9307,0.152938,2.9439,6.985,87.9458,2638.37,263.837,126,0.797448,0.763499,0.846271,0.759244,0.83999,0.83685,0.830674,0.83685,0.830674,250.645,250.645,0.886526,0.870224,1.14977,0.865374,1.14123,1.08866,1.08063,1.08866,1.08063,0.894089,0.878909,1.14977
488,2,26,18,7.5e+20,1.9307,0.195537,2.494,4.874,105.793,3173.79,317.379,156,0.868725,0.83466,0.887815,0.827468,0.878286,0.874073,0.864769,0.874073,0.864769,301.51,301.51,1.11195,1.1432,0.965171,1.13335,0.954813,0.907831,0.898167,0.907831,0.898167,1.11671,1.14938,0.965171
489,2,26,19,7.5e+20,1.9307,0.25,2.1359,3.479,128.985,3869.56,386.956,198,0.919743,0.887136,0.917715,0.875188,0.903079,0.897604,0.883461,0.897604,0.883461,367.609,367.609,1.00979,1.01821,0.948841,1.00449,0.933709,0.934434,0.91971,0.934434,0.91971,1.01186,1.02115,0.948841
490,2,27,9,7.5e+20,2.86512,0.02142,58.8051,36.602,164.926,4947.78,494.778,30,0.330609,0.311968,0.551025,0.311678,0.549538,0.689116,0.684925,0.747679,0.74032,60,90,2.2798,2.31564,1.13657,2.31349,1.13351,1.10491,1.09819,1.108,1.0971,2.79326,2.85509,1.13652
491,2,27,10,7.5e+20,2.86512,0.0273861,47.3073,35.077,156.57,4697.1,469.71,30,0.347938,0.328942,0.549021,0.328623,0.547606,0.685234,0.681294,0.742859,0.735928,60,90,2.87771,2.93265,1.33008,2.9298,1.32665,1.2113,1.20434,1.1919,1.18078,3.4423,3.5282,1.30511
492,2,27,11,7.5e+20,2.86512,0.0350141,30.3178,31.153,137.777,4133.32,413.332,36,0.391819,0.371749,0.58605,0.37134,0.58438,0.708747,0.704238,0.756276,0.748621,72,108,1.26881,1.27803,1.10481,1.27663,1.10166,1.08058,1.07371,1.10053,1.08939,1.44999,1.46745,1.10042
493,2,27,12,7.5e+20,2.86512,0.0447667,20.8318,27.394,122.059,3661.78,366.178,42,0.434203,0.412836,0.622228,0.412316,0.620231,0.729097,0.724055,0.759651,0.752325,84,126,0.68222,0.670185,1.21372,0.669342,1.20983,1.1481,1.14016,1.11489,1.10414,0.754025,0.743681,1.19761
494,2,27,13,7.5e+20,2.86512,0.0572357,13.7566,22.968,107.23,3216.89,321.689,54,0.488627,0.465389,0.673123,0.464685,0.670479,0.750707,0.745104,0.753094,0.747497,108,162,1.6023,1.63037,1.01425,1.6279,1.01027,1.01734,1.00975,0.967421,0.960231,1.71639,1.75214,1.02224
495,2,27,14,7.5e+20,2.86512,0.0731778,9.7896,19.123,98.6451,2959.35,295.935,66,0.543267,0.51808,0.71374,0.517129,0.710452,0.756737,0.751976,0.753734,0.748997,132,198,0.943655,0.941191,1.05365,0.939462,1.04879,1.0136,1.00723,0.965123,0.959058,0.989234,0.989288,1.05987
496,2,27,15,7.5e+20,2.86512,0.0935603,7.0114,15.152,94.7805,2843.42,284.342,78,0.610209,0.582655,0.750837,0.581283,0.746922,0.770553,0.766079,0.766513,0.762072,156,234,0.748575,0.732356,1.08178,0.730632,1.07614,1.01272,1.00684,0.971524,0.965896,0.771042,0.755941,1.08796
497,2,27,16,7.5e+20,2.86512,0.11962,5.222,11.583,96.6075,2898.23,289.823,96,0.683748,0.653826,0.790064,0.651766,0.785257,0.795256,0.790463,0.79029,0.785546,192,275.331,0.949325,0.946395,1.07103,0.943414,1.06451,0.985373,0.979435,0.953365,0.947641,0.966096,0.96473,1.06335
498,2,27,17,7.5e+20,2.86512,0.152938,4.0481,8.642,103.807,3114.2,311.42,126,0.756413,0.724465,0.831193,0.721304,0.825401,0.824856,0.819124,0.821786,0.816091,252,295.849,1.06355,1.07344,1.06605,1.06876,1.05862,0.983888,0.977052,0.970388,0.963663,1.07419,1.08562,1.06607
499,2,27,18,7.5e+20,2.86512,0.195537,3.267,6.223,118.018,3540.54,354.054,156,0.827302,0.794121,0.867959,0.789049,0.860145,0.85777,0.850087,0.855715,0.848065,312,336.351,5.86427,6.80334,1.09356,6.75989,1.08372,1.01767,1.00856,1.01163,1.00259,5.89613,6.84748,1.09356
500,2,27,19,7.5e+20,2.86512,0.25,2.7528,4.42,140.141,4204.22,420.422,198,0.887415,0.854294,0.901033,0.845952,0.889596,0.884509,0.873387,0.884141,0.873028,396,399.401,1.0441,1.06026,0.941454,1.04991,0.929504,0.910189,0.898744,0.911001,0.89955,1.04671,1.0637,0.941454
501,2,28,11,7.5e+20,4.25179,0.0350141,54.9438,32.621,227.79,6833.71,525.3,36,0.379604,0.360161,0.589058,0.359783,0.587364,0.715372,0.710721,0.769916,0.761718,72,108,0.953145,0.951999,1.01726,0.951001,1.01434,1.0356,1.02887,1.05654,1.04529,1.1021,1.10621,1.02662
502,2,28,12,7.5e+20,4.25179,0.0447667,36.518,28.383,204.29,6128.69,525.3,42,0.429399,0.408683,0.625296,0.408188,0.623297,0.736737,0.731517,0.783613,0.774593,84,126,1.55623,1.57681,1.21224,1.5749,1.20836,1.14423,1.13613,1.14342,1.13026,1.72771,1.75762,1.19789
503,2,28,13,7.5e+20,4.25179,0.0572357,23.7852,23.919,178.54,5356.2,525.3,54,0.484342,0.461893,0.673109,0.461223,0.670476,0.767643,0.761059,0.800258,0.789739,108,162,0.811883,0.803977,1.25156,0.802811,1.24666,1.175,1.16492,1.14439,1.12935,0.871708,0.866001,1.26058
504,2,28,14,7.5e+20,4.25179,0.0731778,16.4939,20.256,158.618,4758.53,475.853,60,0.533904,0.509718,0.697583,0.508837,0.694651,0.781841,0.774992,0.799301,0.79054,120,180,1.25433,1.26795,1.2411,1.26576,1.23589,1.16691,1.15669,1.10876,1.0966,1.31762,1.33542,1.22482
505,2,28,15,7.5e+20,4.25179,0.0935603,11.1954,16.471,142.295,4268.85,426.885,78,0.593778,0.56751,0.745126,0.566288,0.741221,0.800591,0.79353,0.797955,0.790922,156,234,1.11661,1.12462,1.13697,1.1222,1.13102,1.07483,1.06535,1.02028,1.01128,1.15211,1.16276,1.14143
506,2,28,16,7.5e+20,4.25179,0.11962,7.8414,12.989,133.89,4016.69,401.669,96,0.661529,0.633265,0.784294,0.631505,0.779428,0.810232,0.803904,0.80587,0.799587,192,288,0.94193,0.93698,1.04302,0.934375,1.03655,0.970542,0.962962,0.914607,0.907476,0.959856,0.956335,1.044
507,2,28,17,7.5e+20,4.25179,0.152938,5.8016,10.052,133.802,4014.05,401.405,126,0.727048,0.696836,0.824141,0.694269,0.817824,0.827103,0.820658,0.820058,0.8137,252,378,1.0883,1.09805,1.05899,1.09401,1.05087,0.946401,0.939027,0.902712,0.895713,1.10049,1.11172,1.06279
508,2,28,18,7.5e+20,4.25179,0.195537,4.4589,7.595,141.221,4236.64,423.664,156,0.79091,0.759122,0.85606,0.755283,0.848623,0.849545,0.842182,0.84382,0.83654,312,402.481,1.78818,1.9079,0.977832,1.89825,0.969337,0.883344,0.875689,0.858421,0.851015,1.79953,1.92187,0.977986
509,2,28,19,7.5e+20,4.25179,0.25,3.6342,5.495,160.014,4800.41,480.041,198,0.85466,0.822201,0.886971,0.8161,0.877078,0.875631,0.865913,0.871064,0.861434,396,456.039,1.07189,1.08977,0.943364,1.08168,0.932843,0.890153,0.880273,0.89127,0.881417,1.07554,1.09431,0.943364
510,2,29,12,7.5e+20,6.30957,0.0447667,54.3239,27.847,318.327,9549.82,525.3,42,0.440816,0.42019,0.628007,0.41967,0.626039,0.7404,0.735307,0.790481,0.781577,84,126,1.34934,1.3622,0.948731,1.36051,0.945758,0.991394,0.984574,0.972356,0.961403,1.48832,1.50828,0.962129
511,2,29,13,7.5e+20,6.30957,0.0572357,43.2618,25.295,300.284,9008.52,525.3,48,0.47221,0.450677,0.654038,0.45006,0.651767,0.758338,0.752546,0.803579,0.793551,96,144,1.95137,1.9903,0.86199,1.98758,0.858998,0.941393,0.934203,0.922095,0.910588,2.11073,2.1601,0.881727
512,2,29,14,7.5e+20,6.30957,0.0731778,28.7264,21.056,265.795,7973.86,525.3,60,0.528681,0.505347,0.697636,0.504509,0.694728,0.787303,0.780172,0.82369,0.811683,120,180,0.920704,0.917398,1.01242,0.915876,1.0082,1.02886,1.01954,1.0106,0.995864,0.969326,0.968395,1.01471
513,2,29,15,7.5e+20,6.30957,0.0935603,19.2831,17.405,233.573,7007.2,525.3,78,0.585685,0.560564,0.742194,0.559426,0.738326,0.816026,0.806933,0.8374,0.823975,156,234,1.1975,1.21026,1.03043,1.2078,1.02506,1.04547,1.03382,1.01132,0.995111,1.23791,1.25367,1.03405
514,2,29,16,7.5e+20,6.30957,0.11962,12.6719,13.921,205.848,6175.44,525.3,96,0.647642,0.620452,0.778003,0.618852,0.773203,0.834895,0.824842,0.836293,0.825893,192,288,1.07738,1.08414,1.18619,1.08135,1.17887,1.11151,1.09813,1.05947,1.0463,1.099,1.10763,1.17774
515,2,29,17,7.5e+20,6.30957,0.152938,8.9508,11.172,191.038,5731.15,525.3,126,0.705703,0.676796,0.817446,0.674578,0.811084,0.843395,0.83436,0.839047,0.830073,252,378,1.19527,1.21539,1.22546,1.2114,1.21592,1.12149,1.10947,1.09317,1.08147,1.20978,1.23162,1.22746
516,2,29,18,7.5e+20,6.30957,0.195537,6.5206,8.721,186.862,5605.86,525.3,156,0.765932,0.735627,0.848779,0.732449,0.840889,0.855234,0.846473,0.848595,0.839938,312,468,1.51985,1.58857,1.12345,1.58171,1.113,1.03536,1.02475,1.02392,1.01347,1.53056,1.60124,1.12506
517,2,29,19,7.5e+20,6.30957,0.25,4.9801,6.573,195.637,5869.1,525.3,198,0.824893,0.793553,0.877947,0.788804,0.868063,0.874035,0.864232,0.869522,0.859805,396,499.035,1.11966,1.14294,0.956687,1.1361,0.945917,0.898311,0.888236,0.898729,0.888685,1.12397,1.14814,0.958033
518,2,30,14,7.5e+20,9.36329,0.0731778,47.8048,21.523,431.914,12957.4,525.3,60,0.527217,0.50442,0.698995,0.503603,0.696103,0.790083,0.782952,0.830108,0.817858,120,180,9.582,10.0002,1.75229,9.98395,1.74504,1.38256,1.37008,1.20629,1.18849,10.1035,10.5724,1.695
519,2,30,15,7.5e+20,9.36329,0.0935603,32.831,17.88,388.229,11646.9,525.3,78,0.581325,0.556769,0.742018,0.55567,0.738186,0.819628,0.810363,0.85156,0.835928,156,234,1.0478,1.05077,1.08245,1.0487,1.07686,1.02796,1.01634,0.978842,0.960874,1.08421,1.08953,1.08608
520,2,30,16,7.5e+20,9.36329,0.11962,22.0893,14.664,342.191,10265.7,525.3,96,0.635789,0.609393,0.774654,0.607907,0.769915,0.840841,0.829786,0.864714,0.846986,192,288,0.982767,0.981526,1.04679,0.979132,1.04038,1.01898,1.00558,0.98697,0.966736,1.00387,1.00419,1.04919
521,2,30,17,7.5e+20,9.36329,0.152938,14.2457,11.621,298.421,8952.63,525.3,126,0.702351,0.674602,0.814267,0.672485,0.807977,0.864261,0.850695,0.869112,0.853806,252,378,14.0562,15.2893,1.12591,15.2413,1.11721,1.0851,1.06807,1.03331,1.01511,14.2282,15.4942,1.12749
522,2,30,18,7.5e+20,9.36329,0.195537,10.1049,9.446,274.216,8226.47,525.3,156,0.752534,0.723537,0.842628,0.720681,0.834802,0.873683,0.860689,0.871497,0.858552,312,468,1.35192,1.3935,0.982997,1.388,0.973867,0.945072,0.931016,0.918152,0.904513,1.36211,1.40527,0.983979
523,2,30,19,7.5e+20,9.36329,0.25,7.3756,7.531,263.55,7906.5,525.3,198,0.801902,0.771924,0.870436,0.767982,0.860526,0.881549,0.869444,0.879832,0.867767,396,499.035,1.1274,1.14666,0.926307,1.1408,0.91576,0.873688,0.861692,0.861567,0.849752,1.13232,1.15244,0.927001
524,2,31,15,7.5e+20,13.895,0.0935603,56.7753,18.761,631.102,18933,525.3,72,0.575755,0.545909,0.716766,0.544886,0.713367,0.779337,0.771294,0.791695,0.778324,144,216,3.60341,3.74379,1.12984,3.73678,1.12448,0.973873,0.963822,0.881579,0.86669,3.74184,3.89604,1.12016
525,2,31,16,7.5e+20,13.895,0.11962,37.1911,14.994,564.828,16944.8,525.3,96,0.63574,0.604728,0.763362,0.603289,0.758738,0.813752,0.803036,0.820284,0.802653,192,288,1.55229,1.58642,1.15546,1.58265,1.14846,0.982032,0.9691,0.891787,0.87262,1.58652,1.62397,1.15802
526,2,31,17,7.5e+20,13.895,0.152938,25.1732,12.249,500.802,15024.1,525.3,120,0.692187,0.665192,0.8076,0.663221,0.801693,0.864659,0.85108,0.886696,0.864417,240,360,-2.2225,-2.5082,1.0175,-2.50077,1.01006,0.981284,0.965874,0.921135,0.89799,-2.25203,-2.54454,1.01721
527,2,31,18,7.5e+20,13.895,0.195537,17.5662,10.147,446.475,13394.3,525.3,150,0.737168,0.70887,0.835263,0.706287,0.827855,0.88216,0.865707,0.89538,0.871588,300,450,1.96556,2.073,0.987385,2.06545,0.978628,0.97768,0.959446,0.946463,0.921314,1.98183,2.09206,0.988412
528,2,31,19,7.5e+20,13.895,0.25,11.5265,7.99,397.001,11910,525.3,198,0.797149,0.768663,0.866393,0.764997,0.856592,0.897911,0.879038,0.897982,0.87912,396,499.035,1.05952,1.06984,0.97598,1.06474,0.964939,0.973084,0.952631,0.970726,0.950337,1.06434,1.07541,0.976562
529,2,32,17,7.5e+20,20.6199,0.152938,40.7941,12.299,813.478,24404.3,525.3,126,0.693359,0.650201,0.772002,0.648286,0.766155,0.775319,0.762551,0.731296,0.711591,252,378,1.1796,1.179,0.952603,1.17553,0.945388,0.828365,0.814722,0.718887,0.699517,1.19507,1.19585,0.953823
530,2,32,18,7.5e+20,20.6199,0.195537,29.1647,10.29,736.84,22105.2,525.3,156,0.737828,0.690669,0.789367,0.688194,0.782179,0.77358,0.758344,0.706714,0.684195,312,468,1.092,1.08263,0.915464,1.07875,0.907127,0.772823,0.757601,0.674009,0.652532,1.10103,1.09256,0.91624
531,2,32,19,7.5e+20,20.6199,0.25,20.1737,8.491,655.885,19676.6,525.3,192,0.796024,0.746826,0.805189,0.743505,0.796432,0.77012,0.752326,0.718781,0.696559,384,499.035,1.02047,1.00097,0.903262,0.99652,0.893439,0.787183,0.768995,0.718607,0.69639,1.02558,1.00666,0.903787
532,2,33,19,7.5e+20,30.5995,0.25,32.9026,8.518,1074.96,32248.9,525.3,198,0.802332,0.740526,0.773531,0.737251,0.764976,0.699268,0.68258,0.634616,0.614611,396,499.035,0.989976,0.952639,0.834202,0.948426,0.824976,0.665922,0.65003,0.5969,0.578085,0.994833,0.957939,0.834641
533,3,8,1,1.5e+21,0.00158489,0.003,0.5618,1.139,1.32912,39.8731,23.9238,18,0.710613,-0.64729,-1.52181,-0.591772,-1.51821,-1.15848,-1.15681,-1.15848,-1.15681,22.7277,22.7277,0.658529,-0.797408,-1.7326,-0.729014,-1.7285,-1.30822,-1.30633,-1.30822,-1.30633,0.746562,-1.44929,-0.327465
534,3,9,1,1.5e+21,0.00235195,0.003,0.7072,1.206,1.35565,40.6697,24.4018,18,0.643393,-0.434103,-1.22378,-0.407537,-1.22144,-0.996163,-0.994954,-0.996163,-0.994954,23.1817,23.1817,0.600556,-0.52367,-1.3827,-0.491622,-1.38006,-1.12462,-1.12325,-1.12462,-1.12325,0.708356,-0.951771,-1.0505
535,3,9,2,1.5e+21,0.00235195,0.0038356,0.5968,1.205,1.71781,51.534,27,18,0.746706,-0.422692,-1.35779,-0.382359,-1.35358,-0.972365,-0.970931,-0.972365,-0.970931,25.65,25.65,0.696948,-0.554727,-1.60428,-0.501796,-1.59931,-1.12738,-1.12571,-1.12738,-1.12571,0.781338,-1.00822,-1.33716
536,3,10,1,1.5e+21,0.00349025,0.003,0.8873,1.306,1.40215,42.0645,25.2387,18,0.571923,-0.29648,-0.978756,-0.283337,-0.977255,-0.877422,-0.876521,-0.877422,-0.876521,23.9768,23.9768,0.535304,-0.358453,-1.1248,-0.342563,-1.12308,-0.996005,-0.994983,-0.996005,-0.994983,0.659305,-0.651489,-0.983343
537,3,10,2,1.5e+21,0.00349025,0.0038356,0.7486,1.304,1.76254,52.8763,27,18,0.684008,-0.255743,-0.965837,-0.238103,-0.963474,-0.802766,-0.80169,-0.802766,-0.80169,25.65,25.65,0.629633,-0.378398,-1.17401,-0.352298,-1.17114,-0.956061,-0.95478,-0.956061,-0.95478,0.73177,-0.68774,-1.09875
538,3,10,3,1.5e+21,0.00349025,0.00490394,0.6262,1.3,2.26088,67.827,27,18,0.786208,-0.148216,-0.738388,-0.131976,-0.735393,-0.633636,-0.63222,-0.633636,-0.63222,25.65,25.65,0.734017,-0.285754,-0.943695,-0.254445,-0.939867,-0.792459,-0.790688,-0.792459,-0.790688,0.811852,-0.519359,-0.90055
539,3,10,4,1.5e+21,0.00349025,0.00626986,0.542,1.295,2.78873,83.6624,27,18,0.851353,-0.0642366,-0.600297,-0.0540486,-0.596577,-0.534861,-0.53303,-0.534861,-0.53303,25.65,25.65,0.804938,-0.216364,-0.75746,-0.182048,-0.752767,-0.666497,-0.664215,-0.666497,-0.664215,0.863286,-0.393242,-0.734188
540,3,11,1,1.5e+21,0.00517947,0.003,1.1447,1.453,1.41577,42.4733,25.484,18,0.480952,-0.189342,-0.703675,-0.183619,-0.702883,-0.659466,-0.658964,-0.659466,-0.658964,24.2098,24.2098,0.444715,-0.241357,-0.810476,-0.234062,-0.809564,-0.747019,-0.74645,-0.747019,-0.74645,0.579401,-0.438667,-0.792947
541,3,11,2,1.5e+21,0.00517947,0.0038356,0.9617,1.451,1.77092,53.1274,27,18,0.598574,-0.157009,-0.67398,-0.149592,-0.672775,-0.644791,-0.64407,-0.644791,-0.64407,25.65,25.65,0.556622,-0.226647,-0.823829,-0.215941,-0.822357,-0.767206,-0.766348,-0.767206,-0.766348,0.679499,-0.411931,-0.850378
542,3,11,3,1.5e+21,0.00517947,0.00490394,0.806,1.446,2.24081,67.224,27,18,0.711514,-0.0858165,-0.511406,-0.0794294,-0.509927,-0.506759,-0.50584,-0.506759,-0.50584,25.65,25.65,0.661133,-0.188237,-0.666258,-0.174228,-0.664331,-0.652544,-0.65136,-0.652544,-0.65136,0.761511,-0.342122,-0.713575
543,3,11,4,1.5e+21,0.00517947,0.00626986,0.6804,1.438,2.83473,85.0417,27,18,0.803062,-0.0144333,-0.384674,-0.0127729,-0.38288,-0.40455,-0.403364,-0.40455,-0.403364,25.65,25.65,0.751874,-0.163702,-0.570635,-0.144869,-0.567975,-0.552267,-0.550649,-0.552267,-0.550649,0.827868,-0.297528,-0.622657
544,3,11,5,1.5e+21,0.00517947,0.00801622,0.5813,1.426,3.56242,106.872,27,18,0.785255,0.310079,0.283894,0.288928,0.28145,0.191431,0.190086,0.191431,0.190086,25.65,25.65,1.16428,1.56883,11.0933,1.46182,10.9978,8.96376,8.90079,8.96376,8.90079,1.34391,2.73889,9.6992
545,3,12,1,1.5e+21,0.00768625,0.003,1.4863,1.673,1.44785,43.4359,26.0615,18,0.393567,-0.120392,-0.503465,-0.117894,-0.503055,-0.531959,-0.531641,-0.531959,-0.531641,24.7585,24.7585,0.364619,-0.156196,-0.590375,-0.152955,-0.589894,-0.61271,-0.612344,-0.61271,-0.612344,0.502911,-0.283886,-0.644314
546,3,12,2,1.5e+21,0.00768625,0.0038356,1.2341,1.668,1.81088,54.3262,27,18,0.511905,-0.088956,-0.439993,-0.0860252,-0.439417,-0.479973,-0.479531,-0.479973,-0.479531,25.65,25.65,0.469019,-0.151289,-0.562029,-0.146305,-0.561294,-0.590864,-0.59032,-0.590864,-0.59032,0.603198,-0.274969,-0.634937
547,3,12,3,1.5e+21,0.00768625,0.00490394,1.0253,1.661,2.28854,68.656,27,18,0.63485,-0.0393869,-0.324704,-0.0373154,-0.324014,-0.370385,-0.36983,-0.370385,-0.36983,25.65,25.65,0.593632,-0.103124,-0.455337,-0.0977002,-0.454369,-0.49273,-0.491992,-0.49273,-0.491992,0.714145,-0.187428,-0.53356
548,3,12,4,1.5e+21,0.00768625,0.00626986,0.8598,1.649,2.88835,86.6503,27,18,0.740922,0.0113395,-0.230598,0.0104059,-0.229807,-0.286077,-0.285387,-0.286077,-0.285387,25.65,25.65,0.700737,-0.0646271,-0.34023,-0.0593061,-0.339064,-0.389044,-0.388105,-0.389044,-0.388105,0.797962,-0.11746,-0.405594
549,3,12,5,1.5e+21,0.00768625,0.00801622,0.7272,1.631,3.64165,109.25,27,18,0.711701,0.278016,0.307569,0.264873,0.305664,0.252252,0.250898,0.252252,0.250898,25.65,25.65,1.07861,1.23911,1.76286,1.18053,1.75194,1.46392,1.45606,1.46392,1.45606,1.30193,2.162,1.55105
550,3,12,6,1.5e+21,0.00768625,0.010249,0.6141,1.602,4.65781,139.734,27,18,0.748952,0.383574,0.473037,0.365538,0.468137,0.451092,0.446831,0.451092,0.446831,25.65,25.65,1.04086,1.16209,2.15303,1.10745,2.13073,1.91297,1.8949,1.91297,1.8949,1.24863,1.97874,1.99466
551,3,12,7,1.5e+21,0.00768625,0.0131037,0.5295,1.561,5.86335,175.9,27,18,0.799179,0.437346,0.544588,0.411326,0.535635,0.535466,0.527316,0.535466,0.527316,25.65,25.65,0.961927,0.983166,0.871831,0.924671,0.857499,0.822256,0.809741,0.822256,0.809741,1.11954,1.66064,0.835455
552,3,13,1,1.5e+21,0.0114062,0.003,1.9337,1.997,1.52338,45.7016,27,18,0.319664,-0.0722508,-0.343805,-0.0711871,-0.343598,-0.412743,-0.412549,-0.412743,-0.412549,25.65,25.65,0.294339,-0.100872,-0.416356,-0.0993868,-0.416105,-0.485678,-0.48545,-0.485678,-0.48545,0.426932,-0.183335,-0.504075
553,3,13,2,1.5e+21,0.0114062,0.0038356,1.6018,1.99,1.86935,56.0808,27,18,0.4259,-0.0425354,-0.264665,-0.0415594,-0.264416,-0.326923,-0.326683,-0.326923,-0.326683,25.65,25.65,0.389467,-0.0873059,-0.349989,-0.0853026,-0.349659,-0.420015,-0.419706,-0.420015,-0.419706,0.529077,-0.158679,-0.431795
554,3,13,3,1.5e+21,0.0114062,0.00490394,1.3243,1.979,2.334,70.0206,27,18,0.545552,-0.0128131,-0.193453,-0.0123464,-0.19316,-0.252192,-0.251896,-0.252192,-0.251896,25.65,25.65,0.50355,-0.0701974,-0.289303,-0.0676408,-0.288865,-0.353978,-0.353562,-0.353978,-0.353562,0.638039,-0.127584,-0.360026
555,3,13,4,1.5e+21,0.0114062,0.00626986,1.1039,1.962,2.92438,87.731,27,18,0.661614,0.023598,-0.125305,0.022248,-0.125001,-0.18585,-0.185501,-0.18585,-0.185501,25.65,25.65,0.618985,-0.0513088,-0.229514,-0.0483733,-0.228957,-0.278936,-0.278412,-0.278936,-0.278412,0.736425,-0.093254,-0.29109
556,3,13,5,1.5e+21,0.0114062,0.00801622,0.9197,1.934,3.71285,111.385,27,18,0.62343,0.234631,0.292615,0.226927,0.29132,0.26652,0.265454,0.26652,0.265454,25.65,25.65,1.0236,1.07932,1.25998,1.04388,1.25441,1.11562,1.11116,1.11562,1.11116,1.29805,1.88287,1.17245
557,3,13,6,1.5e+21,0.0114062,0.010249,0.7734,1.89,4.71588,141.477,27,18,0.666421,0.333189,0.436893,0.322427,0.433732,0.437891,0.434927,0.437891,0.434927,25.65,25.65,0.982903,1.00581,0.879071,0.973323,0.87271,0.787086,0.781759,0.787086,0.781759,1.23803,1.71184,0.823412
558,3,13,7,1.5e+21,0.0114062,0.0131037,0.6584,1.828,5.96373,178.912,27,18,0.72708,0.381588,0.500456,0.365724,0.494693,0.511568,0.506002,0.511568,0.506002,25.65,25.65,0.951221,0.944026,0.765878,0.90478,0.757058,0.663317,0.6561,0.663317,0.6561,1.15612,1.59427,0.6912
559,3,13,8,1.5e+21,0.0114062,0.0167535,0.5743,1.747,7.43096,222.929,27,18,0.783225,0.514349,0.629103,0.493237,0.617586,0.659403,0.647897,0.659403,0.647897,25.65,25.65,0.997228,1.07155,1.03131,1.02757,1.01243,0.950866,0.934273,0.950866,0.934273,1.18636,1.6852,0.985961
560,3,14,1,1.5e+21,0.0169267,0.003,2.565,2.478,1.64623,49.3867,27,18,0.257671,-0.0291762,-0.178332,-0.0288668,-0.178252,-0.240131,-0.24004,-0.240131,-0.24004,25.65,25.65,0.233151,-0.0545103,-0.23038,-0.0539321,-0.230277,-0.298773,-0.29866,-0.298773,-0.29866,0.353443,-0.0990726,-0.299726
561,3,14,2,1.5e+21,0.0169267,0.0038356,2.1045,2.468,1.97338,59.202,27,18,0.347149,-0.014049,-0.140571,-0.0138209,-0.140475,-0.196748,-0.196634,-0.196748,-0.196634,25.65,25.65,0.315109,-0.048944,-0.207453,-0.0481494,-0.207311,-0.271999,-0.271843,-0.271999,-0.271843,0.450706,-0.0889558,-0.271229
562,3,14,3,1.5e+21,0.0169267,0.00490394,1.7288,2.451,2.41635,72.4902,27,18,0.457306,0.00647714,-0.097025,0.00631279,-0.0969205,-0.149145,-0.14901,-0.149145,-0.14901,25.65,25.65,0.42149,-0.0357223,-0.173496,-0.0348159,-0.173309,-0.231772,-0.231563,-0.231772,-0.231563,0.563903,-0.0649255,-0.232968
563,3,14,4,1.5e+21,0.0169267,0.00626986,1.4195,2.424,3.01815,90.5452,27,18,0.574107,0.149246,0.136136,0.144589,0.13588,0.0868291,0.0866876,0.0868291,0.0866876,25.65,25.65,1.11968,1.2476,0.730649,1.20867,0.729277,0.573094,0.572161,0.573094,0.572161,1.44394,2.23401,0.622636
564,3,14,5,1.5e+21,0.0169267,0.00801622,1.1813,2.383,3.77188,113.157,27,18,0.527344,0.194834,0.264859,0.190444,0.264038,0.258432,0.257687,0.258432,0.257687,25.65,25.65,0.942438,0.920646,0.912192,0.899904,0.909363,0.823033,0.820658,0.823033,0.820658,1.26046,1.60606,0.85255
565,3,14,6,1.5e+21,0.0169267,0.010249,0.9884,2.32,4.74904,142.471,27,18,0.572932,0.28198,0.387663,0.275772,0.385734,0.402175,0.400271,0.402175,0.400271,25.65,25.65,0.922842,0.89784,-0.91762,0.878073,-0.913054,-0.888389,-0.884183,-0.888389,-0.884183,1.22424,1.52812,-0.910436
566,3,14,7,1.5e+21,0.0169267,0.0131037,0.8341,2.227,5.99408,179.823,27,18,0.636217,0.321897,0.441165,0.312806,0.437731,0.464034,0.460574,0.464034,0.460574,25.65,25.65,0.903694,0.86075,0.96054,0.836439,0.953063,0.866743,0.86028,0.866743,0.86028,1.15495,1.4521,0.895222
567,3,14,8,1.5e+21,0.0169267,0.0167535,0.7102,2.098,7.57435,227.23,27,18,0.712537,0.463244,0.578535,0.45015,0.571108,0.616369,0.608771,0.616369,0.608771,25.65,25.65,0.922797,0.915368,1.01891,0.889495,1.00583,0.922753,0.911378,0.922753,0.911378,1.14437,1.43606,0.954212
568,3,14,9,1.5e+21,0.0169267,0.02142,0.6129,1.917,9.72315,291.695,29.1695,18,0.790048,0.570147,0.670633,0.550189,0.656162,0.728686,0.713831,0.728686,0.713831,27.711,27.711,0.934034,0.941256,1.13297,0.908309,1.10852,1.10237,1.0799,1.10237,1.0799,1.10117,1.37802,1.1457
569,3,14,10,1.5e+21,0.0169267,0.0273861,0.546,1.73,12.1646,364.938,36.4938,24,0.852651,0.668897,0.811662,0.638946,0.785363,0.842801,0.81623,0.842801,0.81623,34.6692,34.6692,0.953691,0.971717,1.02465,0.928207,0.991452,0.895454,0.867223,0.895454,0.867223,1.0717,1.32199,1.05806
570,3,15,1,1.5e+21,0.0251189,0.003,3.4876,3.186,1.86931,56.0789,27,18,0.212325,-0.000999367,-0.0661449,-0.000991415,-0.0661223,-0.105959,-0.105926,-0.105959,-0.105926,25.65,25.65,0.188118,-0.0253177,-0.112331,-0.0251162,-0.112293,-0.159841,-0.159792,-0.159841,-0.159792,0.295116,-0.0460149,-0.155976
571,3,15,2,1.5e+21,0.0251189,0.0038356,2.8018,3.171,2.17065,65.1195,27,18,0.285983,0.00615663,-0.0522627,0.00608301,-0.0522359,-0.0905743,-0.0905327,-0.0905743,-0.0905327,25.65,25.65,0.258301,-0.0218586,-0.106009,-0.0215973,-0.105955,-0.149627,-0.149558,-0.149627,-0.149558,0.385521,-0.0397281,-0.147688
572,3,15,3,1.5e+21,0.0251189,0.00490394,2.2767,3.146,2.58312,77.494,27,18,0.379044,0.0171654,-0.0312194,0.0168522,-0.0311949,-0.0676482,-0.067601,-0.0676482,-0.067601,25.65,25.65,0.346247,-0.0192146,-0.0912657,-0.0188639,-0.0911939,-0.140688,-0.14059,-0.140688,-0.14059,0.486833,-0.0349225,-0.134301
573,3,15,4,1.5e+21,0.0251189,0.00626986,1.8613,3.108,3.14165,94.2491,27,18,0.462573,0.185388,0.24086,0.182365,0.240506,0.228079,0.227769,0.228079,0.227769,25.65,25.65,0.734429,0.606338,0.764404,0.596452,0.763282,0.684931,0.683999,0.684931,0.683999,1.03491,1.07262,0.712481
574,3,15,5,1.5e+21,0.0251189,0.00801622,1.5268,3.045,3.89588,116.876,27,18,0.433865,0.156806,0.228868,0.154336,0.228353,0.234527,0.234025,0.234527,0.234025,25.65,25.65,0.839931,0.776143,0.731024,0.763918,0.729379,0.68431,0.682848,0.68431,0.682848,1.18028,1.35406,0.706036
575,3,15,6,1.5e+21,0.0251189,0.010249,1.2645,2.949,4.87196,146.159,27,18,0.477899,0.232158,0.333312,0.228631,0.332129,0.35533,0.354115,0.35533,0.354115,25.65,25.65,0.846577,0.792784,0.585278,0.780741,0.5832,0.532828,0.531006,0.532828,0.531006,1.1785,1.34824,0.549006
576,3,15,7,1.5e+21,0.0251189,0.0131037,1.0613,2.813,6.0915,182.745,27,18,0.545918,0.286345,0.402624,0.281026,0.400406,0.432719,0.430415,0.432719,0.430415,25.65,25.65,0.887239,0.853076,0.318552,0.837229,0.316797,0.290794,0.289246,0.290794,0.289246,1.19285,1.42577,0.300081
577,3,15,8,1.5e+21,0.0251189,0.0167535,0.8844,2.602,7.81569,234.471,27,18,0.633306,0.408783,0.519245,0.400726,0.514453,0.560271,0.555282,0.560271,0.555282,25.65,25.65,0.885788,0.869585,1.07318,0.852445,1.06328,1.00659,0.997626,1.00659,0.997626,1.14299,1.36032,1.03784
578,3,15,9,1.5e+21,0.0251189,0.02142,0.7535,2.345,9.87708,296.312,29.6312,24,0.72345,0.521784,0.674347,0.509301,0.66465,0.686902,0.677112,0.686902,0.677112,28.1497,28.1497,0.903643,0.890732,0.993468,0.869422,0.979183,0.959764,0.946084,0.959764,0.946084,1.1026,1.29679,1.01841
579,3,15,10,1.5e+21,0.0251189,0.0273861,0.6619,2.056,12.4461,373.384,37.3383,24,0.805352,0.633039,0.777183,0.613402,0.759363,0.821518,0.803096,0.821518,0.803096,35.4714,35.4714,0.942103,0.953132,1.11673,0.923566,1.09112,1.02844,1.00538,1.02844,1.00538,1.08412,1.28248,1.15522
580,3,15,11,1.5e+21,0.0251189,0.0350141,0.5885,1.775,15.6074,468.222,46.8223,30,0.876656,0.738031,0.878683,0.706728,0.847262,0.885464,0.854525,0.885464,0.854525,44.4812,44.4812,0.951194,0.965043,1.09006,0.924111,1.05108,1.03201,0.995954,1.03201,0.995954,1.03086,1.17685,1.10123
581,3,15,12,1.5e+21,0.0251189,0.0447667,0.5148,1.505,20.239,607.171,60.7171,36,0.931032,0.827158,0.914016,0.773072,0.859183,0.872275,0.822087,0.872275,0.822087,57.6813,57.6813,0.95489,0.963897,0.962491,0.90087,0.90475,0.75392,0.710541,0.75392,0.710541,0.987359,1.07327,0.967425
582,3,16,1,1.5e+21,0.0372759,0.003,4.8218,4.223,2.30085,69.025,27,18,0.183797,0.0129982,-0.000965781,0.0129135,-0.000965508,-0.0185728,-0.0185679,-0.0185728,-0.0185679,25.65,25.65,0.161481,-0.00833362,-0.0394349,-0.00827931,-0.0394237,-0.0648632,-0.0648459,-0.0648632,-0.0648459,0.258714,-0.0151464,-0.0606126
583,3,16,2,1.5e+21,0.0372759,0.0038356,3.8211,4.201,2.5285,75.8554,27,18,0.241217,0.018439,0.00462625,0.0182681,0.00462438,-0.0144728,-0.0144674,-0.0144728,-0.0144674,25.65,25.65,0.214384,-0.00841359,-0.0416068,-0.00833563,-0.0415901,-0.0662716,-0.0662467,-0.0662716,-0.0662467,0.330453,-0.0152917,-0.0637614
584,3,16,3,1.5e+21,0.0372759,0.00490394,3.0611,4.165,2.87981,86.3947,27,18,0.31608,0.0253656,0.0138912,0.0250211,0.013883,-0.00529996,-0.00529706,-0.00529996,-0.00529706,25.65,25.65,0.288696,-0.00300136,-0.0399371,-0.00296061,-0.0399135,-0.0665906,-0.0665541,-0.0665906,-0.0665541,0.423513,-0.00545499,-0.0629676
585,3,16,4,1.5e+21,0.0372759,0.00626986,2.4753,4.107,3.38188,101.457,27,18,0.344456,0.13649,0.201303,0.135111,0.201066,0.207369,0.207136,0.207369,0.207136,25.65,25.65,0.707692,0.61964,0.537021,0.613382,0.536389,0.501176,0.500613,0.501176,0.500613,1.0574,1.09083,0.51368
586,3,16,5,1.5e+21,0.0372759,0.00801622,2.0079,4.016,4.09031,122.709,27,18,0.34905,0.125012,0.194279,0.123623,0.193955,0.206635,0.206304,0.206635,0.206304,25.65,25.65,0.727886,0.643789,0.559728,0.636637,0.558797,0.528424,0.527578,0.528424,0.527578,1.06927,1.12328,0.541136
587,3,16,6,1.5e+21,0.0372759,0.010249,1.6473,3.877,5.02546,150.764,27,18,0.389714,0.189931,0.282317,0.187929,0.281597,0.307036,0.306275,0.307036,0.306275,25.65,25.65,0.749464,0.681891,0.767535,0.674705,0.765575,0.729938,0.728128,0.729938,0.728128,1.08946,1.15929,0.742924
588,3,16,7,1.5e+21,0.0372759,0.0131037,1.3622,3.669,6.25719,187.716,27,18,0.456489,0.244699,0.352289,0.241622,0.350906,0.384552,0.383084,0.384552,0.383084,25.65,25.65,0.774265,0.713749,-0.471099,0.704772,-0.46925,-0.497403,-0.495504,-0.497403,-0.495504,1.08804,1.18678,-0.501039
589,3,16,8,1.5e+21,0.0372759,0.0167535,1.1342,3.373,7.876,236.28,27,18,0.540566,0.346822,0.450172,0.342168,0.447322,0.490771,0.487763,0.490771,0.487763,25.65,25.65,0.838096,0.808123,0.989361,0.79728,0.983097,0.912493,0.906901,0.912493,0.906901,1.12721,1.26492,0.939061
590,3,16,9,1.5e+21,0.0372759,0.02142,0.9589,3.001,9.8885,296.655,29.6655,24,0.639654,0.459379,0.6098,0.451967,0.603864,0.623693,0.617664,0.623693,0.617664,28.1822,28.1822,0.853068,0.829171,1.00752,0.815793,0.997711,0.976946,0.967502,0.976946,0.967502,1.08037,1.20853,1.03277
591,3,16,10,1.5e+21,0.0372759,0.0273861,0.8157,2.563,12.509,375.269,37.5269,24,0.739372,0.580077,0.725223,0.567914,0.713904,0.77689,0.764975,0.77689,0.764975,35.6505,35.6505,0.90971,0.904979,1.07617,0.886003,1.05938,1.02857,1.01279,1.02857,1.01279,1.07731,1.2156,1.1137
592,3,16,11,1.5e+21,0.0372759,0.0350141,0.7171,2.127,15.8538,475.616,47.5615,30,0.834103,0.701304,0.848346,0.680819,0.827226,0.866938,0.845734,0.866938,0.845734,45.1835,45.1835,0.928981,0.929441,0.995505,0.902293,0.970721,0.886881,0.865188,0.886881,0.865188,1.02372,1.12807,1.00615
593,3,16,12,1.5e+21,0.0372759,0.0447667,0.6252,1.728,20.6109,618.326,61.8327,36,0.908209,0.804707,0.901831,0.76808,0.863924,0.881379,0.845424,0.881379,0.845424,58.741,58.741,0.95629,0.971983,1.04195,0.927743,0.998155,0.872235,0.836653,0.872235,0.836653,0.996479,1.07762,1.04768
594,3,16,13,1.5e+21,0.0372759,0.0572357,0.5617,1.498,25.3575,760.724,76.0724,42,0.94111,0.856469,0.917644,0.799376,0.859331,0.855825,0.803884,0.855825,0.803884,72.2688,72.2688,0.966771,0.997936,1.11088,0.931412,1.04029,1.11936,1.05143,1.11936,1.05143,0.984554,1.05799,1.11347
595,3,17,1,1.5e+21,0.0553168,0.003,7.1067,5.717,3.08808,92.6426,27,18,0.191824,0.0660618,0.101104,0.065734,0.101062,0.104927,0.104884,0.104927,0.104884,25.65,25.65,0.312194,0.209093,0.26347,0.208055,0.26336,0.249405,0.249304,0.249405,0.249304,0.509989,0.377333,0.255138
596,3,17,2,1.5e+21,0.0553168,0.0038356,5.4279,5.687,3.18481,95.5444,27,18,0.235489,0.0927905,0.141622,0.0922398,0.141539,0.147973,0.147889,0.147973,0.147889,25.65,25.65,0.4208,0.317213,0.349876,0.31533,0.349669,0.331406,0.331217,0.331406,0.331217,0.673128,0.56848,0.338969
597,3,17,3,1.5e+21,0.0553168,0.00490394,4.2185,5.636,3.43231,102.97,27,18,0.254893,0.102092,0.160471,0.101426,0.160343,0.17069,0.170558,0.17069,0.170558,25.65,25.65,0.533501,0.44221,0.491182,0.439322,0.490789,0.467467,0.467106,0.467467,0.467106,0.839065,0.78403,0.479119
598,3,17,4,1.5e+21,0.0553168,0.00626986,3.3447,5.553,3.84538,115.362,27,18,0.263017,0.100987,0.161855,0.100275,0.161692,0.174934,0.174763,0.174934,0.174763,25.65,25.65,0.53048,0.434248,0.455033,0.431186,0.454575,0.434337,0.433912,0.434337,0.433912,0.822387,0.762596,0.441737
599,3,17,5,1.5e+21,0.0553168,0.00801622,2.6922,5.424,4.4505,133.515,27,18,0.303815,0.153767,0.23391,0.152709,0.233585,0.255362,0.255016,0.255362,0.255016,25.65,25.65,0.585557,0.50741,0.555214,0.503919,0.554442,0.526988,0.526274,0.526988,0.526274,0.897068,0.873986,0.536022
600,3,17,6,1.5e+21,0.0553168,0.010249,2.1788,5.222,5.31712,159.513,27,18,0.30989,0.149018,0.231145,0.147903,0.230703,0.255894,0.255416,0.255894,0.255416,25.65,25.65,0.682022,0.622031,0.729225,0.617376,0.727831,0.698247,0.696943,0.698247,0.696943,1.02664,1.05715,0.709692
601,3,17,7,1.5e+21,0.0553168,0.0131037,1.7789,4.918,6.49735,194.921,27,18,0.37562,0.206987,0.303415,0.205197,0.302554,0.335095,0.334167,0.335095,0.334167,25.65,25.65,0.679252,0.613838,0.617684,0.608529,0.615931,0.571024,0.569443,0.571024,0.569443,0.990525,1.01713,0.585226
602,3,17,8,1.5e+21,0.0553168,0.0167535,1.4654,4.486,8.06962,242.089,27,18,0.451591,0.290359,0.383755,0.287674,0.382042,0.42206,0.420232,0.42206,0.420232,25.65,25.65,0.772278,0.740294,0.856009,0.733447,0.852186,0.79033,0.786907,0.79033,0.786907,1.07538,1.15816,0.813685
603,3,17,9,1.5e+21,0.0553168,0.02142,1.222,3.931,10.0956,302.867,30.2867,24,0.556647,0.403616,0.548878,0.399162,0.545122,0.566303,0.562452,0.566303,0.562452,28.7724,28.7724,0.872696,0.871217,1.04489,0.861603,1.03774,1.01877,1.01184,1.01877,1.01184,1.13826,1.26521,1.07153
604,3,17,10,1.5e+21,0.0553168,0.0273861,1.0253,3.272,12.7804,383.411,38.3412,24,0.669282,0.528263,0.670738,0.520618,0.663335,0.729447,0.721525,0.729447,0.721525,36.4241,36.4241,0.911004,0.908399,1.06118,0.895252,1.04947,1.03664,1.02538,1.03664,1.02538,1.10104,1.209,1.09988
605,3,17,11,1.5e+21,0.0553168,0.0350141,0.8735,2.622,16.232,486.96,48.696,30,0.782911,0.658961,0.805823,0.645545,0.791603,0.833473,0.818959,0.833473,0.818959,46.2612,46.2612,0.939157,0.954742,1.12226,0.935305,1.10245,1.05122,1.03292,1.05122,1.03292,1.04893,1.15016,1.13521
606,3,17,12,1.5e+21,0.0553168,0.0447667,0.7685,2.083,20.6357,619.069,61.907,36,0.870662,0.766386,0.874941,0.742917,0.850045,0.871387,0.847093,0.871387,0.847093,58.8116,58.8116,0.971174,1.00212,1.1255,0.971434,1.09347,1.08003,1.04991,1.08003,1.04991,1.02331,1.11253,1.13168
607,3,17,13,1.5e+21,0.0553168,0.0572357,0.6822,1.715,25.8695,776.085,77.6085,42,0.921872,0.835961,0.907504,0.797121,0.866939,0.869764,0.832127,0.869764,0.832127,73.7281,73.7281,0.987372,1.01763,1.02899,0.970348,0.982994,0.857891,0.820767,0.857891,0.820767,1.01005,1.07717,1.03182
608,3,17,14,1.5e+21,0.0553168,0.0731778,0.602,1.451,32.8965,986.895,98.6895,54,0.951467,0.881659,0.914912,0.816712,0.849028,0.832979,0.776022,0.832979,0.776022,93.755,93.755,0.967812,0.988429,1.08513,0.915617,1.00699,1.15417,1.07525,1.15417,1.07525,0.97654,1.01927,1.08543
609,3,17,15,1.5e+21,0.0553168,0.0935603,0.5321,1.283,41.8041,1254.12,125.412,72,0.965675,0.9052,0.886473,0.798545,0.784021,0.757953,0.677082,0.757953,0.677082,119.142,119.142,0.966643,0.939149,0.825612,0.828495,0.730195,0.543902,0.48587,0.543902,0.48587,0.970016,0.95579,0.825614
610,3,18,1,1.5e+21,0.0820891,0.003,11.0734,7.775,4.59385,137.815,27,18,0.173865,0.0835414,0.140961,0.0832502,0.140847,0.157325,0.157201,0.157325,0.157201,25.65,25.65,0.333763,0.267342,0.301963,0.26641,0.30172,0.288848,0.288618,0.288848,0.288618,0.551395,0.474107,0.292595
611,3,18,2,1.5e+21,0.0820891,0.0038356,8.1369,7.758,4.42831,132.849,27,18,0.195339,0.0937386,0.155008,0.0933613,0.154878,0.172077,0.171935,0.172077,0.171935,25.65,25.65,0.379874,0.308651,0.375774,0.307409,0.375457,0.35782,0.357524,0.35782,0.357524,0.619107,0.544618,0.364454
612,3,18,3,1.5e+21,0.0820891,0.00490394,6.0595,7.696,4.45504,133.651,27,18,0.216462,0.107164,0.173729,0.106688,0.173568,0.192489,0.192314,0.192489,0.192314,25.65,25.65,0.438929,0.368531,0.438409,0.366895,0.438002,0.416707,0.416328,0.416707,0.416328,0.705503,0.644725,0.424706
613,3,18,4,1.5e+21,0.0820891,0.00626986,4.6892,7.588,4.68604,140.581,27,18,0.229666,0.117715,0.188377,0.117172,0.188179,0.20936,0.209144,0.20936,0.209144,25.65,25.65,0.50479,0.441389,0.489338,0.439353,0.488824,0.466988,0.466507,0.466988,0.466507,0.801896,0.763667,0.474242
614,3,18,5,1.5e+21,0.0820891,0.00801622,3.6766,7.405,5.15323,154.597,27,18,0.237924,0.121342,0.192873,0.120752,0.192636,0.215375,0.215116,0.215375,0.215116,25.65,25.65,0.518636,0.453934,0.594116,0.451726,0.593388,0.569532,0.568848,0.569532,0.568848,0.813766,0.777103,0.578354
615,3,18,6,1.5e+21,0.0820891,0.010249,2.9318,7.12,5.88538,176.562,27,18,0.25226,0.122946,0.196016,0.122266,0.195718,0.219881,0.219553,0.219881,0.219553,25.65,25.65,0.569133,0.505702,0.605494,0.502903,0.604575,0.572065,0.571214,0.572065,0.571214,0.878954,0.859076,0.583449
616,3,18,7,1.5e+21,0.0820891,0.0131037,2.3547,6.683,6.96946,209.084,27,18,0.333823,0.213973,0.305503,0.212772,0.304806,0.338563,0.337809,0.338563,0.337809,25.65,25.65,0.588743,0.536938,0.718758,0.533925,0.717116,0.669304,0.667814,0.669304,0.667814,0.87335,0.867502,0.686738
617,3,18,8,1.5e+21,0.0820891,0.0167535,1.9099,6.054,8.48085,254.426,27,18,0.37268,0.240717,0.323549,0.239142,0.322487,0.358618,0.357475,0.358618,0.357475,25.65,25.65,0.683406,0.646717,0.868505,0.642486,0.865654,0.852607,0.849889,0.852607,0.849889,0.976617,1.00977,0.876075
618,3,18,9,1.5e+21,0.0820891,0.02142,1.5781,5.263,10.4241,312.722,31.2722,24,0.476003,0.349721,0.485033,0.347048,0.482649,0.504152,0.501689,0.504152,0.501689,29.7086,29.7086,0.775528,0.756163,1.02735,0.750384,1.0223,0.991958,0.98711,0.991958,0.98711,1.03518,1.09394,1.05398
619,3,18,10,1.5e+21,0.0820891,0.0273861,1.3118,4.323,13.0326,390.977,39.0977,24,0.590295,0.469981,0.607594,0.465334,0.602895,0.6696,0.664497,0.6696,0.664497,37.1428,37.1428,0.844631,0.83513,1.06019,0.826872,1.05199,1.05385,1.04582,1.05385,1.04582,1.04071,1.10592,1.09993
620,3,18,11,1.5e+21,0.0820891,0.0350141,1.1064,3.405,16.339,490.171,49.0171,30,0.711544,0.598196,0.748307,0.589969,0.739276,0.781557,0.772214,0.781557,0.772214,46.5663,46.5663,0.900223,0.8947,1.04667,0.882396,1.03404,1.00221,0.990231,1.00221,0.990231,1.02286,1.07803,1.05895
621,3,18,12,1.5e+21,0.0820891,0.0447667,0.9491,2.617,20.6657,619.97,61.997,36,0.818695,0.71675,0.834199,0.702037,0.818153,0.841971,0.826,0.841971,0.826,58.8971,58.8971,0.948569,0.95307,1.01771,0.933506,0.998134,0.950411,0.932382,0.950411,0.932382,1.01126,1.06011,1.02328
622,3,18,13,1.5e+21,0.0820891,0.0572357,0.8352,2.045,26.1863,785.588,78.5588,42,0.89166,0.803982,0.885015,0.778418,0.857677,0.865016,0.838897,0.865016,0.838897,74.6309,74.6309,0.969443,0.978423,0.983465,0.947312,0.953086,0.862228,0.836193,0.862228,0.836193,0.997059,1.03535,0.986394
623,3,18,14,1.5e+21,0.0820891,0.0731778,0.7346,1.656,33.3518,1000.55,100.055,54,0.936005,0.864436,0.910762,0.820637,0.865235,0.855128,0.813908,0.855128,0.813908,95.0525,95.0525,0.979379,0.98628,0.992795,0.936308,0.943167,0.802451,0.763771,0.802451,0.763771,0.990942,1.01715,0.99312
624,3,18,15,1.5e+21,0.0820891,0.0935603,0.6438,1.401,42.8935,1286.8,128.68,72,0.9589,0.899379,0.904165,0.82467,0.829681,0.810034,0.747072,0.810034,0.747072,122.246,122.246,0.99091,1.04463,0.973789,0.957855,0.893569,0.709732,0.654566,0.709732,0.654566,0.995474,1.06274,0.973793
625,3,18,16,1.5e+21,0.0820891,0.11962,0.5765,1.263,53.084,1592.52,159.252,90,0.968566,0.915389,0.876591,0.799337,0.766562,0.735487,0.650853,0.735487,0.650853,151.289,151.289,0.977064,1.01082,1.13274,0.882666,0.990557,1.03887,0.919324,1.03887,0.919324,0.979031,1.02181,1.13274
626,3,19,1,1.5e+21,0.121819,0.003,19.3539,10.257,7.51877,225.563,27,18,0.180389,0.10958,0.182691,0.109284,0.182422,0.20599,0.205692,0.20599,0.205692,25.65,25.65,0.334231,0.289808,0.460675,0.289027,0.459997,0.434537,0.433908,0.434537,0.433908,0.546539,0.499642,0.443423
627,3,19,2,1.5e+21,0.121819,0.0038356,13.0845,10.369,6.81146,204.344,27,18,0.190711,0.112029,0.185291,0.111687,0.185049,0.208579,0.20831,0.208579,0.20831,25.65,25.65,0.352552,0.302158,0.469434,0.301236,0.46882,0.443152,0.442582,0.443152,0.442582,0.572309,0.520299,0.452021
628,3,19,3,1.5e+21,0.121819,0.00490394,9.345,10.373,6.39915,191.975,27,18,0.189719,0.104174,0.172885,0.103827,0.172685,0.195266,0.195044,0.195266,0.195044,25.65,25.65,0.39459,0.342903,0.401399,0.34176,0.400934,0.380498,0.380065,0.380498,0.380065,0.636996,0.589897,0.3886
629,3,19,4,1.5e+21,0.121819,0.00626986,6.8083,10.267,6.27469,188.241,27,18,0.199191,0.110101,0.179824,0.109715,0.179615,0.202862,0.202631,0.202862,0.202631,25.65,25.65,0.425936,0.374358,0.439153,0.373045,0.438644,0.411336,0.410867,0.411336,0.410867,0.681005,0.63893,0.420053
630,3,19,5,1.5e+21,0.121819,0.00801622,5.2005,10.047,6.45577,193.673,27,18,0.211825,0.119957,0.191463,0.119518,0.191226,0.215738,0.215475,0.215738,0.215475,25.65,25.65,0.449208,0.399111,0.489931,0.397648,0.489323,0.46393,0.463365,0.46393,0.463365,0.710046,0.674038,0.473976
631,3,19,6,1.5e+21,0.121819,0.010249,4.0464,9.671,6.95523,208.656,27,18,0.257146,0.16803,0.249689,0.167408,0.249303,0.278631,0.27821,0.278631,0.27821,25.65,25.65,0.462778,0.417126,0.65614,0.415583,0.655127,0.618596,0.617661,0.618596,0.617661,0.713232,0.684131,0.63301
632,3,19,7,1.5e+21,0.121819,0.0131037,3.2004,9.089,7.81973,234.592,27,18,0.277072,0.183412,0.25942,0.182685,0.258921,0.289673,0.28913,0.289673,0.28913,25.65,25.65,0.555807,0.522746,0.707747,0.520673,0.706386,0.666661,0.665411,0.666661,0.665411,0.833426,0.833569,0.684057
633,3,19,8,1.5e+21,0.121819,0.0167535,2.5502,8.223,9.16315,274.895,27.4895,18,0.323502,0.222109,0.300504,0.221095,0.299716,0.33646,0.335607,0.33646,0.335607,26.115,26.115,0.608693,0.580769,0.824767,0.578118,0.822605,0.818478,0.816403,0.818478,0.816403,0.87694,0.890701,0.84368
634,3,19,9,1.5e+21,0.121819,0.02142,2.0715,7.109,11,329.999,32.9999,24,0.408977,0.310377,0.445168,0.308718,0.44352,0.474043,0.472299,0.474043,0.472299,31.3499,31.3499,0.681132,0.656893,0.945722,0.653382,0.942219,0.957471,0.953947,0.957471,0.953947,0.918188,0.93815,0.971938
635,3,19,10,1.5e+21,0.121819,0.0273861,1.7034,5.806,13.4731,404.193,40.4193,24,0.514051,0.414689,0.546198,0.411851,0.543147,0.608863,0.605509,0.608863,0.605509,38.3984,38.3984,0.762668,0.742503,0.930496,0.737423,0.925297,0.968638,0.963303,0.968638,0.963303,0.951317,0.976063,0.966865
636,3,19,11,1.5e+21,0.121819,0.0350141,1.4082,4.449,16.8656,505.968,50.5968,30,0.641402,0.542296,0.68781,0.537098,0.68186,0.724966,0.718741,0.724966,0.718741,48.067,48.067,0.85583,0.845128,0.979251,0.837029,0.970778,0.954886,0.946687,0.954886,0.946687,0.981855,1.01287,0.991456
637,3,19,12,1.5e+21,0.121819,0.0447667,1.1888,3.353,21.0608,631.824,63.1824,36,0.758011,0.662316,0.783092,0.652975,0.772542,0.79767,0.787035,0.79767,0.787035,60.0233,60.0233,0.923735,0.920276,1.0167,0.907298,1.003,0.97538,0.962376,0.97538,0.962376,0.994019,1.02372,1.02252
638,3,19,13,1.5e+21,0.121819,0.0572357,1.0238,2.51,26.7183,801.549,80.1549,42,0.85133,0.764022,0.85202,0.747212,0.833547,0.843878,0.82588,0.843878,0.82588,76.1472,76.1472,0.958581,0.963469,0.980416,0.942269,0.959159,0.895363,0.876267,0.895363,0.876267,0.990978,1.01928,0.983565
639,3,19,14,1.5e+21,0.121819,0.0731778,0.8959,1.942,34.1098,1023.29,102.329,60,0.913654,0.839931,0.893425,0.810245,0.861938,0.857317,0.827839,0.857317,0.827839,97.2128,97.2128,0.972378,0.97516,0.95452,0.940696,0.920879,0.802804,0.7752,0.802804,0.7752,0.986374,1.0051,0.947156
640,3,19,15,1.5e+21,0.121819,0.0935603,0.793,1.601,42.8258,1284.77,128.477,72,0.945653,0.88396,0.905784,0.835022,0.855553,0.843009,0.798068,0.843009,0.798068,122.053,122.053,0.984601,1.01222,1.115,0.956179,1.05316,0.91475,0.865984,0.91475,0.865984,0.990905,1.0303,1.115
641,3,19,16,1.5e+21,0.121819,0.11962,0.7015,1.379,54.0218,1620.65,162.065,90,0.96284,0.910974,0.897778,0.830943,0.818773,0.79612,0.730308,0.79612,0.730308,153.962,153.962,0.985213,1.03633,1.16684,0.945285,1.06416,1.24334,1.14056,1.24334,1.14056,0.987909,1.04745,1.16684
642,3,19,17,1.5e+21,0.121819,0.152938,0.6148,1.229,69.5598,2086.8,208.68,120,0.970893,0.919814,0.854641,0.785756,0.73093,0.696622,0.60525,0.696622,0.60525,198.246,198.246,0.989526,1.01108,0.807585,0.863721,0.690685,0.502116,0.436256,0.502116,0.436256,0.990507,1.01724,0.807585
643,3,19,18,1.5e+21,0.121819,0.195537,0.5484,1.147,86.7955,2603.86,260.387,150,0.973955,0.912574,0.781532,0.705325,0.606922,0.545526,0.440432,0.545526,0.440432,247.367,247.367,0.976502,0.907061,0.591025,0.701064,0.458978,0.199046,0.1607,0.199046,0.1607,0.976863,0.910358,0.591025
644,3,20,1,1.5e+21,0.180777,0.003,32.823,12.446,12.4467,373.402,37.3402,18,0.205914,0.151112,0.261226,0.150767,0.260503,0.336034,0.335134,0.336034,0.335134,35.4732,35.4732,0.366157,0.332343,0.562883,0.331585,0.561323,0.59711,0.595511,0.59711,0.595511,0.576516,0.544731,0.605883
645,3,20,2,1.5e+21,0.180777,0.0038356,22.9734,12.867,11.3194,339.581,33.9582,18,0.214432,0.155213,0.258474,0.154834,0.257827,0.320348,0.31957,0.320348,0.31957,32.2602,32.2602,0.375938,0.342351,0.533571,0.341517,0.532235,0.614701,0.613207,0.614701,0.613207,0.588411,0.559005,0.61676
646,3,20,3,1.5e+21,0.180777,0.00490394,15.4713,13.192,10.1394,304.181,30.4182,18,0.217544,0.154248,0.24736,0.153856,0.246834,0.293774,0.293166,0.293774,0.293166,28.8972,28.8972,0.407336,0.375857,0.626873,0.374901,0.625539,0.681766,0.680354,0.681766,0.680354,0.635495,0.612623,0.709057
647,3,20,4,1.5e+21,0.180777,0.00626986,10.6699,13.293,9.292,278.761,27.876,18,0.213236,0.145483,0.223893,0.145102,0.223499,0.254371,0.253934,0.254371,0.253934,26.4822,26.4822,0.41825,0.38809,0.600554,0.387073,0.599497,0.599371,0.598341,0.599371,0.598341,0.651928,0.632769,0.615224
648,3,20,5,1.5e+21,0.180777,0.00801622,7.8038,13.158,8.91092,267.327,27,18,0.214352,0.144449,0.216594,0.144061,0.216244,0.243657,0.243273,0.243657,0.243273,25.65,25.65,0.460869,0.433351,0.66497,0.432188,0.663895,0.678136,0.677065,0.678136,0.677065,0.713702,0.702187,0.693806
649,3,20,6,1.5e+21,0.180777,0.010249,5.7939,12.747,8.95669,268.7,27,18,0.225003,0.15286,0.223323,0.152433,0.222956,0.250878,0.250477,0.250878,0.250477,25.65,25.65,0.490716,0.465221,0.699249,0.46392,0.698101,0.710818,0.70968,0.710818,0.70968,0.748847,0.742804,0.727999
650,3,20,7,1.5e+21,0.180777,0.0131037,4.4546,12.038,9.45892,283.768,28.3768,18,0.251164,0.177183,0.250922,0.176654,0.250455,0.285494,0.284979,0.285494,0.284979,26.9579,26.9579,0.502706,0.47764,0.688955,0.476216,0.687673,0.716336,0.715044,0.716336,0.715044,0.747936,0.743174,0.73938
651,3,20,8,1.5e+21,0.180777,0.0167535,3.496,10.973,10.4558,313.676,31.3675,18,0.299684,0.225676,0.304408,0.224937,0.303695,0.359577,0.358771,0.359577,0.358771,29.7992,29.7992,0.560463,0.538063,0.788843,0.536302,0.786997,0.81976,0.817923,0.81976,0.817923,0.798187,0.7997,0.864395
652,3,20,9,1.5e+21,0.180777,0.02142,2.7773,9.503,12.0622,361.866,36.1866,24,0.355698,0.278839,0.40487,0.277759,0.403665,0.443423,0.442113,0.443423,0.442113,34.3772,34.3772,0.677041,0.661158,0.882219,0.658597,0.879592,0.88915,0.886522,0.88915,0.886522,0.913818,0.930339,0.908528
653,3,20,10,1.5e+21,0.180777,0.0273861,2.2459,7.767,14.3418,430.255,43.0254,24,0.449148,0.369364,0.489829,0.367564,0.487738,0.557721,0.555377,0.557721,0.555377,40.8742,40.8742,0.770358,0.759003,0.895023,0.755305,0.891204,0.929519,0.925614,0.929519,0.925614,0.96345,0.985534,0.962485
654,3,20,11,1.5e+21,0.180777,0.0350141,1.8382,5.968,17.4827,524.482,52.4482,30,0.563332,0.478718,0.619823,0.475525,0.615939,0.658168,0.65407,0.658168,0.65407,49.8258,49.8258,0.873029,0.871343,0.952185,0.865532,0.946218,0.970172,0.964132,0.970172,0.964132,1.01083,1.04201,0.96475
655,3,20,12,1.5e+21,0.180777,0.0447667,1.5207,4.381,21.7278,651.836,65.1835,36,0.689288,0.602452,0.727754,0.596536,0.720713,0.747804,0.740627,0.747804,0.740627,61.9244,61.9244,0.926096,0.930596,1.0438,0.921457,1.0337,1.02439,1.01456,1.02439,1.01456,1.00231,1.03246,1.05098
656,3,20,13,1.5e+21,0.180777,0.0572357,1.2747,3.193,27.2928,818.784,81.8784,48,0.797441,0.712846,0.818048,0.702043,0.80558,0.809396,0.797189,0.809396,0.797189,77.7845,77.7845,0.985429,1.00727,1.11559,0.992001,1.09859,1.08493,1.06857,1.08493,1.06857,1.02409,1.0661,1.10534
657,3,20,14,1.5e+21,0.180777,0.0731778,1.112,2.413,34.1875,1025.62,102.562,60,0.87554,0.799396,0.866318,0.78056,0.845651,0.843039,0.823261,0.843039,0.823261,97.4343,97.4343,0.999023,1.0257,1.06058,1.00153,1.03528,0.96004,0.937516,0.96004,0.937516,1.0177,1.05921,1.05458
658,3,20,15,1.5e+21,0.180777,0.0935603,0.9759,1.886,43.2553,1297.66,129.766,72,0.925118,0.859942,0.895111,0.827638,0.860937,0.852153,0.820499,0.852153,0.820499,123.278,123.278,1.01102,1.06559,1.11919,1.02556,1.07646,1.08785,1.04744,1.08785,1.04744,1.01959,1.08538,1.11919
659,3,20,16,1.5e+21,0.180777,0.11962,0.8564,1.547,55.0355,1651.07,165.106,96,0.953336,0.899878,0.898799,0.845067,0.843386,0.831516,0.782402,0.831516,0.782402,156.851,156.851,0.978958,0.968215,0.945644,0.909241,0.887342,0.740619,0.696874,0.740619,0.696874,0.982486,0.978565,0.953546
660,3,20,17,1.5e+21,0.180777,0.152938,0.7512,1.334,70.4031,2112.09,211.209,120,0.96648,0.918458,0.885031,0.826688,0.79607,0.772865,0.700414,0.772865,0.700414,200.649,200.649,0.980709,0.970517,0.903978,0.873546,0.813113,0.652808,0.591611,0.652808,0.591611,0.982091,0.976469,0.903978
661,3,20,18,1.5e+21,0.180777,0.195537,0.6651,1.21,88.7626,2662.88,266.288,150,0.971951,0.921249,0.844986,0.774659,0.710751,0.667905,0.572765,0.667905,0.572765,252.973,252.973,0.974188,0.92032,0.719517,0.773877,0.605215,0.398243,0.341515,0.398243,0.341515,0.974721,0.923695,0.719517
662,3,20,19,1.5e+21,0.180777,0.25,0.5906,1.132,111.556,3346.67,334.667,192,0.974429,0.908904,0.753751,0.679928,0.566726,0.494243,0.39007,0.494243,0.39007,317.934,317.934,0.970956,0.84628,0.441835,0.63308,0.332204,0.0394277,0.0311174,0.0394277,0.0311174,0.971146,0.84812,0.441835
663,3,21,1,1.5e+21,0.26827,0.003,59.0125,13.497,20.236,607.081,60.7081,18,0.227054,0.180751,0.33595,0.180383,0.334273,0.45168,0.449445,0.462301,0.460019,36,54,0.370117,0.337407,0.560549,0.33672,0.557751,0.483766,0.481371,0.504877,0.502384,0.559,0.526042,0.457937
664,3,21,2,1.5e+21,0.26827,0.0038356,36.8688,14.466,18.4048,552.143,55.2143,18,0.243427,0.194579,0.338143,0.194152,0.336524,0.450794,0.4488,0.45968,0.457653,36,52.4536,0.402387,0.370456,0.609559,0.369643,0.60664,0.705895,0.702773,0.703493,0.70039,0.598459,0.569269,0.670298
665,3,21,3,1.5e+21,0.26827,0.00490394,25.2892,15.168,16.6237,498.71,49.871,18,0.246452,0.197209,0.328224,0.196773,0.326896,0.436079,0.434442,0.443363,0.441702,36,47.3774,0.410244,0.380121,0.594929,0.379279,0.592523,0.632932,0.630556,0.61655,0.614241,0.606709,0.580683,0.580923
666,3,21,4,1.5e+21,0.26827,0.00626986,18.7762,15.594,15.2341,457.022,45.7022,18,0.244839,0.195514,0.314038,0.195083,0.312989,0.415565,0.414259,0.420758,0.419438,36,43.4171,0.428364,0.400146,0.627064,0.399264,0.624969,0.733607,0.731302,0.709671,0.707445,0.632623,0.610225,0.71291
667,3,21,5,1.5e+21,0.26827,0.00801622,12.5132,15.878,13.6319,408.957,40.8958,18,0.243991,0.194262,0.302122,0.193837,0.301295,0.394918,0.393894,0.396774,0.395745,36,38.851,0.424503,0.398542,0.56342,0.39767,0.561876,0.682754,0.680982,0.676466,0.674712,0.62327,0.603759,0.618197
668,3,21,6,1.5e+21,0.26827,0.010249,8.7682,15.697,12.7313,381.939,38.1939,18,0.246852,0.19582,0.291622,0.195384,0.290937,0.37636,0.37552,0.376725,0.375884,36,36.2842,0.456472,0.43312,0.636367,0.432156,0.634872,0.73744,0.735793,0.736128,0.734485,0.664148,0.649952,0.734562
669,3,21,7,1.5e+21,0.26827,0.0131037,6.5184,15.075,12.518,375.54,37.554,18,0.258993,0.205969,0.29462,0.205489,0.29395,0.3768,0.375989,0.3768,0.375989,35.6763,35.6763,0.492978,0.472065,0.692343,0.470965,0.690769,0.846871,0.845047,0.846871,0.845047,0.704092,0.695072,0.821851
670,3,21,8,1.5e+21,0.26827,0.0167535,4.8926,13.873,12.9671,389.013,38.9013,24,0.289055,0.23389,0.367737,0.233294,0.366873,0.412474,0.411512,0.412474,0.411512,36.9563,36.9563,0.517191,0.495884,0.603553,0.49462,0.602134,0.616926,0.615488,0.616926,0.615488,0.713263,0.704355,0.622221
671,3,21,9,1.5e+21,0.26827,0.02142,3.8113,12.205,14.0897,422.692,42.2692,24,0.337398,0.279051,0.407621,0.278233,0.406488,0.464519,0.463243,0.464519,0.463243,40.1557,40.1557,0.599653,0.582197,0.788038,0.580489,0.785848,0.851011,0.848673,0.851011,0.848673,0.788081,0.786959,0.817547
672,3,21,10,1.5e+21,0.26827,0.0273861,3.027,10.133,15.9713,479.139,47.9138,24,0.404133,0.340605,0.457271,0.339374,0.455626,0.531941,0.530068,0.531941,0.530068,45.5181,45.5181,0.648967,0.630647,0.527634,0.628368,0.525736,0.608018,0.605878,0.608018,0.605878,0.803337,0.801403,0.613526
673,3,21,11,1.5e+21,0.26827,0.0350141,2.4369,7.887,18.7837,563.512,56.3512,30,0.499314,0.429149,0.567505,0.427084,0.564732,0.609131,0.606176,0.609131,0.606176,53.5336,53.5336,0.758157,0.744521,0.949973,0.740939,0.945332,0.969944,0.965239,0.969944,0.965239,0.876861,0.8811,0.965451
674,3,21,12,1.5e+21,0.26827,0.0447667,1.983,5.797,22.7885,683.654,68.3654,36,0.616149,0.539748,0.668569,0.536009,0.663768,0.692621,0.68768,0.692621,0.68768,64.9471,64.9471,0.880542,0.87517,0.998123,0.869107,0.990955,0.984717,0.977692,0.984717,0.977692,0.95809,0.970128,1.00643
675,3,21,13,1.5e+21,0.26827,0.0572357,1.6443,4.193,28.0497,841.49,84.149,48,0.730503,0.651475,0.76741,0.644689,0.759077,0.763814,0.755584,0.763814,0.755584,79.9415,79.9415,0.981401,0.99468,1.0768,0.984319,1.06511,1.02898,1.01789,1.02898,1.01789,1.0261,1.05516,1.0774
676,3,21,14,1.5e+21,0.26827,0.0731778,1.3789,3.045,35.0434,1051.3,105.13,60,0.829031,0.753602,0.83141,0.741314,0.817325,0.815492,0.801845,0.815492,0.801845,99.8738,99.8738,1.02015,1.05434,1.12143,1.03715,1.10243,1.06548,1.04764,1.06548,1.04764,1.04263,1.08951,1.12147
677,3,21,15,1.5e+21,0.26827,0.0935603,1.2051,2.294,44.0327,1320.98,132.098,72,0.894888,0.826819,0.874073,0.805542,0.850721,0.844086,0.821971,0.844086,0.821971,125.493,125.493,1.00038,1.01823,1.05293,0.992026,1.0248,0.938547,0.913957,0.938547,0.913957,1.011,1.03776,1.05294
678,3,21,16,1.5e+21,0.26827,0.11962,1.0563,1.807,55.6176,1668.53,166.853,96,0.936616,0.879464,0.893921,0.843152,0.855904,0.847212,0.812242,0.847212,0.812242,158.51,158.51,0.995192,1.01365,1.06891,0.971798,1.02345,0.923313,0.885202,0.923313,0.885202,1.00005,1.02506,1.06245
679,3,21,17,1.5e+21,0.26827,0.152938,0.9253,1.496,70.7627,2122.88,212.288,120,0.958028,0.90864,0.896973,0.847552,0.835388,0.8195,0.765896,0.8195,0.765896,201.674,201.674,0.992804,1.01599,0.972635,0.947683,0.905855,0.762616,0.712733,0.762616,0.712733,0.994773,1.02239,0.972635
680,3,21,18,1.5e+21,0.26827,0.195537,0.8164,1.31,89.314,2679.42,267.942,150,0.968028,0.92163,0.879307,0.822462,0.783458,0.755929,0.679556,0.755929,0.679556,254.545,254.545,0.987156,1.00325,0.805037,0.895303,0.717284,0.550999,0.49533,0.550999,0.49533,0.987999,1.00722,0.805037
681,3,21,19,1.5e+21,0.26827,0.25,0.7198,1.192,113.282,3398.47,339.847,192,0.972751,0.921111,0.829254,0.760985,0.684834,0.637352,0.538772,0.637352,0.538772,322.854,322.854,0.98529,1.00336,0.596623,0.828935,0.492717,0.270862,0.228967,0.270862,0.228967,0.98561,1.00575,0.596623
682,3,22,2,1.5e+21,0.398107,0.0038356,57.8315,15.271,29.0182,870.545,87.0546,18,0.258724,0.213332,0.390835,0.212887,0.38881,0.528448,0.524432,0.552125,0.547953,36,54,0.499306,0.472407,0.645024,0.471421,0.641682,0.459436,0.455943,0.546783,0.542651,0.72163,0.702378,0.749606
683,3,22,3,1.5e+21,0.398107,0.00490394,46.4806,15.829,27.7868,833.603,83.3603,18,0.262899,0.217669,0.388232,0.217214,0.386263,0.522845,0.519153,0.544268,0.540441,36,54,0.495702,0.468657,0.648736,0.467677,0.645445,0.688011,0.683153,0.790626,0.785066,0.711028,0.691117,0.757706
684,3,22,4,1.5e+21,0.398107,0.00626986,30.5593,16.777,24.9752,749.255,74.9255,24,0.26548,0.221428,0.43449,0.220975,0.431905,0.520758,0.517746,0.519651,0.516656,48,71.1792,0.484806,0.458127,0.701699,0.45719,0.697524,0.576256,0.572923,0.565654,0.562395,0.687149,0.666437,0.733916
685,3,22,5,1.5e+21,0.398107,0.00801622,21.4647,17.346,22.4894,674.682,67.4683,24,0.26595,0.222952,0.41815,0.222506,0.416092,0.498356,0.496006,0.498131,0.495788,48,64.0949,0.482358,0.458012,0.701603,0.457097,0.69815,0.794813,0.791065,0.757616,0.754053,0.676746,0.658521,0.733125
686,3,22,6,1.5e+21,0.398107,0.010249,14.1908,17.595,19.9061,597.182,59.7182,24,0.269055,0.226632,0.400762,0.226184,0.39924,0.474749,0.472994,0.474958,0.473206,48,56.7323,0.47192,0.449171,0.567852,0.448283,0.565695,0.659639,0.657202,0.638182,0.635827,0.652334,0.63532,0.592308
687,3,22,7,1.5e+21,0.398107,0.0131037,10.0874,17.291,18.3579,550.738,55.0738,24,0.27771,0.234849,0.391785,0.234375,0.39053,0.462153,0.460705,0.462268,0.460821,48,52.3201,0.49365,0.472772,0.689537,0.471818,0.687328,0.793115,0.790631,0.784899,0.782443,0.670175,0.656055,0.718793
688,3,22,8,1.5e+21,0.398107,0.0167535,7.3701,16.389,17.6449,529.348,52.9348,24,0.295563,0.251196,0.393251,0.250659,0.392091,0.46309,0.461753,0.463153,0.461816,48,50.288,0.528367,0.51034,0.79686,0.509249,0.794509,0.844906,0.842467,0.840971,0.838543,0.699099,0.68957,0.824132
689,3,22,9,1.5e+21,0.398107,0.02142,5.4576,14.74,17.8566,535.698,53.5697,24,0.328574,0.281166,0.408967,0.280491,0.407728,0.482549,0.481124,0.482665,0.48124,48,50.8912,0.568782,0.551692,0.802453,0.550368,0.800022,0.858582,0.856046,0.853455,0.850935,0.724213,0.716585,0.829651
690,3,22,10,1.5e+21,0.398107,0.0273861,4.1923,12.544,19.051,571.531,57.1531,30,0.379712,0.327654,0.485202,0.326716,0.48356,0.522357,0.520599,0.522357,0.520599,54.2955,54.2955,0.631203,0.614099,0.79885,0.612341,0.796146,0.858217,0.855327,0.858217,0.855327,0.765553,0.758723,0.810529
691,3,22,11,1.5e+21,0.398107,0.0350141,3.3016,10.046,21.2808,638.425,63.8425,30,0.45298,0.394589,0.530093,0.393143,0.527848,0.576454,0.574037,0.576388,0.573972,60,60.6504,0.741476,0.72811,0.904179,0.725442,0.90035,0.953854,0.949856,0.953135,0.949141,0.852035,0.850671,0.917224
692,3,22,12,1.5e+21,0.398107,0.0447667,2.6463,7.592,24.7257,741.769,74.177,36,0.549514,0.483963,0.616976,0.481526,0.613457,0.645085,0.641432,0.645085,0.641432,70.4681,70.4681,0.969557,0.983243,0.921686,0.978291,0.91643,1.01036,1.00464,1.01036,1.00464,1.05883,1.089,0.932322
693,3,22,13,1.5e+21,0.398107,0.0572357,2.1565,5.521,29.6014,888.042,88.8043,48,0.662517,0.591698,0.714426,0.587342,0.708609,0.7144,0.708618,0.7144,0.708618,84.3641,84.3641,1.3641,1.46308,0.827576,1.45231,0.820838,0.838648,0.83186,0.838648,0.83186,1.43406,1.55587,0.82825
694,3,22,14,1.5e+21,0.398107,0.0731778,1.7805,3.955,36.2942,1088.82,108.882,60,0.770143,0.698162,0.788661,0.690298,0.779003,0.778029,0.768586,0.778029,0.768586,103.438,103.438,1.36264,1.50146,1.00709,1.48455,0.994762,1.00321,0.99103,1.00321,0.99103,1.39928,1.55612,1.00715
695,3,22,15,1.5e+21,0.398107,0.0935603,1.4986,2.874,45.2301,1356.9,135.69,72,0.853711,0.784689,0.844457,0.770735,0.828402,0.823446,0.808008,0.823446,0.808008,128.906,128.906,1.02777,1.05956,1.03498,1.04071,1.0153,0.994766,0.976116,0.994766,0.976116,1.04118,1.08105,1.03499
696,3,22,16,1.5e+21,0.398107,0.11962,1.3054,2.17,56.9312,1707.94,170.794,96,0.911559,0.850575,0.878957,0.826338,0.852523,0.845209,0.820334,0.845209,0.820334,162.254,162.254,1.00206,1.0249,1.13011,0.995697,1.09613,1.01618,0.986274,1.01618,0.986274,1.00829,1.03694,1.13011
697,3,22,17,1.5e+21,0.398107,0.152938,1.14,1.723,72.0436,2161.31,216.131,120,0.944799,0.892456,0.896078,0.85129,0.853002,0.840702,0.801659,0.840702,0.801659,205.324,205.324,0.987876,1.00032,1.03939,0.954181,0.989428,0.901167,0.859316,0.901167,0.859316,0.990588,1.00708,1.03939
698,3,22,18,1.5e+21,0.398107,0.195537,1.0013,1.45,90.9082,2727.24,272.724,156,0.961344,0.91446,0.890843,0.846698,0.822889,0.806101,0.747804,0.806101,0.747804,259.088,259.088,0.983263,0.988568,0.955172,0.915315,0.88231,0.750703,0.696413,0.750703,0.696413,0.984328,0.992221,0.973616
699,3,22,19,1.5e+21,0.398107,0.25,0.8765,1.274,116.083,3482.49,348.249,198,0.96991,0.92418,0.864951,0.811609,0.757872,0.727778,0.645055,0.727778,0.645055,330.836,330.836,0.98129,0.979117,0.824823,0.859854,0.722712,0.553965,0.490998,0.553965,0.490998,0.981675,0.9811,0.824823
700,3,23,4,1.5e+21,0.590784,0.00626986,56.0253,17.023,41.1848,1235.54,123.554,24,0.274337,0.23182,0.481617,0.231357,0.478487,0.602298,0.595909,0.610659,0.604206,48,72,0.653288,0.635286,0.797708,0.634017,0.792524,0.893506,0.884029,0.993369,0.982871,0.915772,0.912562,0.869107
701,3,23,5,1.5e+21,0.590784,0.00801622,38.4577,17.9,37.7466,1132.4,113.24,24,0.276442,0.235511,0.468795,0.235057,0.465975,0.582484,0.577279,0.587028,0.581793,48,72,0.686119,0.670938,0.845809,0.669643,0.840722,0.914143,0.905974,0.960263,0.951699,0.94797,0.947982,0.928562
702,3,23,6,1.5e+21,0.590784,0.010249,24.9669,18.485,33.3158,999.473,99.9473,24,0.28066,0.241114,0.452975,0.240661,0.450523,0.556459,0.552593,0.558338,0.554465,48,72,0.720625,0.70842,0.775873,0.70709,0.771672,0.831046,0.825271,0.888662,0.882496,0.975385,0.978374,0.859668
703,3,23,7,1.5e+21,0.590784,0.0131037,17.5257,18.516,29.8597,895.791,89.5791,24,0.288375,0.249262,0.441295,0.248794,0.439114,0.536926,0.533935,0.537976,0.534985,48,72,0.732343,0.721455,0.751203,0.720101,0.747491,0.788702,0.784309,0.829749,0.825136,0.970387,0.973819,0.819494
704,3,23,8,1.5e+21,0.590784,0.0167535,11.5103,17.849,26.5822,797.467,79.7467,24,0.305894,0.266187,0.432512,0.265666,0.430595,0.522175,0.519864,0.523017,0.520708,48,72,0.717273,0.707249,0.771879,0.705866,0.768457,0.857613,0.853818,0.847141,0.843401,0.920084,0.922557,0.812653
705,3,23,9,1.5e+21,0.590784,0.02142,8.1986,16.528,25.0217,750.651,75.0651,30,0.331221,0.289662,0.476593,0.289046,0.474689,0.523867,0.521808,0.523042,0.520989,60,71.3118,0.749025,0.741043,0.838054,0.739467,0.834706,0.892476,0.888967,0.86764,0.864234,0.928203,0.932568,0.858688
706,3,23,10,1.5e+21,0.590784,0.0273861,6.043,14.541,24.8177,744.531,74.4532,30,0.369715,0.324769,0.489152,0.323976,0.487228,0.539169,0.537086,0.538429,0.536352,60,70.7305,0.841799,0.839944,0.8205,0.837892,0.817273,0.885016,0.881596,0.861263,0.85794,1.00218,1.01416,0.843163
707,3,23,11,1.5e+21,0.590784,0.0350141,4.6476,12.178,25.91,777.301,77.7301,36,0.423077,0.373246,0.542084,0.372139,0.539789,0.569293,0.566897,0.569048,0.566655,72,73.8436,0.368975,0.3242,0.65724,0.323238,0.654457,0.66894,0.666125,0.666483,0.66368,0.421267,0.374889,0.664877
708,3,23,12,1.5e+21,0.590784,0.0447667,3.6003,9.475,28.5593,856.778,85.6778,42,0.505256,0.449098,0.607682,0.447338,0.604567,0.619305,0.616144,0.619305,0.616144,81.3939,81.3939,0.679365,0.65534,0.778548,0.652771,0.774557,0.84209,0.837792,0.84209,0.837792,0.74273,0.724439,0.781716
709,3,23,13,1.5e+21,0.590784,0.0572357,2.8803,7.093,32.6963,980.888,98.0888,48,0.602611,0.540287,0.673707,0.537336,0.66919,0.677186,0.67267,0.677186,0.67267,93.1844,93.1844,0.818027,0.80095,0.923581,0.796575,0.917388,0.959745,0.953343,0.959745,0.953343,0.864133,0.854024,0.9254
710,3,23,14,1.5e+21,0.590784,0.0731778,2.3325,5.11,38.8655,1165.97,116.597,60,0.708174,0.641361,0.746973,0.636165,0.739906,0.739551,0.732604,0.739551,0.732604,110.767,110.767,0.942992,0.94328,1.13014,0.935639,1.11945,1.12175,1.11121,1.12175,1.11121,0.972328,0.980095,1.13032
711,3,23,15,1.5e+21,0.590784,0.0935603,1.9177,3.656,47.4561,1423.68,142.368,78,0.803644,0.736083,0.809775,0.726846,0.798352,0.794884,0.783786,0.794884,0.783786,135.25,135.25,1.41986,1.59568,1.182,1.57565,1.16533,1.19375,1.17708,1.19375,1.17708,1.44237,1.63083,1.17573
712,3,23,16,1.5e+21,0.590784,0.11962,1.6329,2.704,58.5147,1755.44,175.544,96,0.875154,0.811801,0.855202,0.795904,0.836869,0.830893,0.813359,0.830893,0.813359,166.767,166.767,1.01727,1.04604,1.0431,1.02555,1.02074,1.0706,1.048,1.0706,1.048,1.02525,1.05923,1.0431
713,3,23,17,1.5e+21,0.590784,0.152938,1.4166,2.056,73.6308,2208.92,220.893,120,0.923092,0.86653,0.884905,0.839162,0.854896,0.845334,0.817365,0.845334,0.817365,209.848,209.848,0.987264,0.99921,1.00908,0.967651,0.974859,0.979633,0.94722,0.979633,0.94722,0.990794,1.0063,1.00908
714,3,23,18,1.5e+21,0.590784,0.195537,1.2391,1.661,92.3977,2771.93,277.193,156,0.949863,0.900272,0.894208,0.854799,0.846586,0.833887,0.791126,0.833887,0.791126,263.333,263.333,0.977334,0.975468,0.948504,0.926196,0.897991,0.841881,0.79871,0.841881,0.79871,0.978703,0.979023,0.948504
715,3,23,19,1.5e+21,0.590784,0.25,1.0871,1.412,116.329,3489.86,348.986,198,0.963882,0.918672,0.886572,0.844187,0.811985,0.792227,0.729395,0.792227,0.729395,331.537,331.537,0.973456,0.955243,0.929657,0.877793,0.851445,0.712607,0.656089,0.712607,0.656089,0.973998,0.957183,0.929657
716,3,24,5,1.5e+21,0.876712,0.00801622,55.707,18.457,58.3984,1751.95,175.195,24,0.283551,0.244217,0.487279,0.24376,0.484432,0.62965,0.621697,0.658995,0.649496,48,72,0.757318,0.744831,0.840638,0.743436,0.835727,0.950967,0.938956,0.937503,0.923989,1.03344,1.03771,0.895049
717,3,24,6,1.5e+21,0.876712,0.010249,39.7985,18.971,53.8939,1616.82,161.682,24,0.287879,0.249753,0.477322,0.249297,0.474742,0.612784,0.605697,0.636573,0.62877,48,72,0.855236,0.848613,0.859806,0.847062,0.855159,0.978009,0.966698,0.982325,0.970283,1.14516,1.15785,0.914228
718,3,24,7,1.5e+21,0.876712,0.0131037,28.9194,19.09,49.1787,1475.36,147.536,24,0.295835,0.258334,0.469984,0.257864,0.467622,0.598118,0.591967,0.616418,0.610118,48,72,1.0452,1.04927,0.890716,1.04736,0.88624,0.98144,0.971346,1.04786,1.03715,1.36967,1.39875,0.945713
719,3,24,8,1.5e+21,0.876712,0.0167535,20.1653,18.748,43.9324,1317.97,131.797,24,0.309626,0.272114,0.464351,0.271609,0.462189,0.584439,0.57964,0.596792,0.591923,48,72,1.61263,1.64899,0.950289,1.64593,0.945865,1.00021,0.991997,1.00887,1.00064,2.05459,2.13355,0.996105
720,3,24,9,1.5e+21,0.876712,0.02142,13.3438,17.656,38.8154,1164.46,116.446,30,0.33383,0.295226,0.509577,0.294641,0.506814,0.580908,0.577217,0.578923,0.575251,60,90,-4.3341,-4.64831,0.918062,-4.63909,0.913084,1.01228,1.00584,1.04149,1.03488,-5.3189,-5.78282,0.979885
721,3,24,10,1.5e+21,0.876712,0.0273861,9.3805,16.001,35.8278,1074.83,107.484,30,0.366585,0.325817,0.509467,0.325098,0.506882,0.577539,0.574414,0.575602,0.572494,60,90,0.579684,0.557618,0.736838,0.556388,0.7331,0.642527,0.63905,0.706602,0.702786,0.685377,0.667357,0.66962
722,3,24,11,1.5e+21,0.876712,0.0350141,6.7551,13.734,34.737,1042.11,104.211,36,0.41446,0.370073,0.546429,0.369109,0.543548,0.589898,0.586888,0.586987,0.584001,72,99.0006,0.661845,0.642922,0.928315,0.641248,0.92342,0.96942,0.964475,0.953979,0.949127,0.751971,0.738345,0.883115
723,3,24,12,1.5e+21,0.876712,0.0447667,5.1078,11.257,35.6158,1068.48,106.848,42,0.47657,0.427403,0.593662,0.426019,0.590461,0.616343,0.613046,0.614182,0.610905,84,101.505,0.858105,0.853603,0.738083,0.85084,0.734102,0.827103,0.822679,0.806948,0.802642,0.940008,0.943856,0.747452
724,3,24,13,1.5e+21,0.876712,0.0572357,3.9586,8.737,38.4684,1154.05,115.405,48,0.556276,0.50125,0.646965,0.499095,0.642914,0.658722,0.654616,0.656743,0.652658,96,109.635,0.971474,0.976667,0.913288,0.972468,0.907568,0.996451,0.99024,0.978113,0.97203,1.03045,1.04417,0.946052
725,3,24,14,1.5e+21,0.876712,0.0731778,3.1472,6.52,43.423,1302.69,130.269,60,0.648373,0.587813,0.713369,0.584267,0.707681,0.709407,0.703782,0.708704,0.703088,120,123.755,1.41285,1.49708,0.70123,1.48805,0.695639,0.731307,0.725508,0.728076,0.722307,1.46372,1.56122,0.701742
726,3,24,15,1.5e+21,0.876712,0.0935603,2.5383,4.714,51.0439,1531.32,153.132,78,0.744927,0.680798,0.774308,0.674687,0.765796,0.762383,0.754072,0.762383,0.754072,145.475,145.475,1.25009,1.32672,1.10841,1.31481,1.09623,1.13678,1.12439,1.13678,1.12439,1.2742,1.35944,1.10842
727,3,24,16,1.5e+21,0.876712,0.11962,2.092,3.428,61.4923,1844.77,184.477,96,0.829414,0.766148,0.826121,0.75563,0.812933,0.807551,0.794812,0.807551,0.794812,175.253,175.253,1.10448,1.15611,1.00521,1.14023,0.989161,0.97188,0.956549,0.97188,0.956549,1.11538,1.17235,1.00521
728,3,24,17,1.5e+21,0.876712,0.152938,1.7825,2.541,75.8802,2276.41,227.641,120,0.890995,0.831285,0.865257,0.813282,0.844238,0.836406,0.816449,0.836406,0.816449,216.259,216.259,0.99819,1.01717,1.00352,0.995138,0.979139,1.00436,0.980398,1.00436,0.980398,1.00293,1.02524,1.00352
729,3,24,18,1.5e+21,0.876712,0.195537,1.5416,1.955,95.1512,2854.54,285.454,156,0.931919,0.878693,0.887682,0.847993,0.85383,0.843299,0.812017,0.843299,0.812017,271.181,271.181,0.98283,0.990349,0.961397,0.955748,0.924734,0.904821,0.871256,0.904821,0.871256,0.984853,0.994612,0.961397
730,3,24,19,1.5e+21,0.876712,0.25,1.3453,1.598,119.139,3574.18,357.418,198,0.954188,0.906619,0.893748,0.855957,0.840419,0.824875,0.777712,0.824875,0.777712,339.547,339.547,0.97828,0.97702,0.917262,0.922424,0.86253,0.799374,0.753669,0.799374,0.753669,0.979055,0.97917,0.917262
731,3,25,7,1.5e+21,1.30103,0.0131037,47.3527,19.402,79.5187,2385.56,238.556,24,0.300629,0.264,0.482332,0.263528,0.47993,0.634222,0.627091,0.682194,0.670538,48,72,0.947905,0.946061,0.898449,0.944369,0.893976,0.972648,0.961712,1.00101,0.983908,1.23717,1.25536,0.939121
732,3,25,8,1.5e+21,1.30103,0.0167535,32.8575,19.115,71.9835,2159.5,215.95,24,0.315637,0.279186,0.477397,0.278678,0.4752,0.623917,0.617525,0.665177,0.655292,48,72,1.29588,1.31325,0.965516,1.31086,0.961072,1.01364,1.00326,1.01402,0.998952,1.63986,1.68633,0.995776
733,3,25,9,1.5e+21,1.30103,0.02142,22.4695,18.241,63.9594,1918.78,191.878,30,0.337208,0.300083,0.530383,0.299508,0.527447,0.638386,0.6311,0.651519,0.64393,60,90,2.43589,2.52016,1.11897,2.51533,1.11277,1.13972,1.12671,1.11246,1.09951,2.97709,3.12001,1.13155
734,3,25,10,1.5e+21,1.30103,0.0273861,15.6582,16.892,57.1069,1713.21,171.321,30,0.366224,0.327694,0.53012,0.327012,0.527369,0.629746,0.623873,0.637437,0.631526,60,90,0.760549,0.747786,0.925073,0.746229,0.920273,0.98955,0.980321,0.991673,0.982477,0.897768,0.892787,0.959184
735,3,25,11,1.5e+21,1.30103,0.0350141,10.7364,14.919,51.6646,1549.94,154.994,36,0.407655,0.366549,0.565191,0.365676,0.561933,0.632946,0.628134,0.630259,0.625475,72,108,1.02379,1.0288,0.759319,1.02635,0.754942,0.863471,0.856907,0.953905,0.946664,1.16345,1.18068,0.816138
736,3,25,12,1.5e+21,1.30103,0.0447667,7.5905,12.551,49.0136,1470.41,147.041,42,0.461943,0.417008,0.599704,0.415808,0.595857,0.641229,0.636843,0.636684,0.632342,84,126,2.24043,2.35246,1.09753,2.34569,1.09049,1.17406,1.16603,1.18588,1.17779,2.45626,2.60075,1.11687
737,3,25,13,1.5e+21,1.30103,0.0572357,5.6845,10.199,49.2448,1477.35,147.735,54,0.525956,0.47639,0.649229,0.474667,0.644713,0.662131,0.657564,0.65814,0.653617,108,140.348,0.652797,0.62116,0.841044,0.618914,0.835193,0.967329,0.960657,0.930692,0.924296,0.695023,0.66603,0.848738
738,3,25,14,1.5e+21,1.30103,0.0731778,4.3583,7.883,52.2343,1567.03,156.703,60,0.604799,0.549925,0.692636,0.547266,0.687243,0.698519,0.693105,0.694616,0.689253,120,148.868,0.768872,0.742509,1.00319,0.738918,0.995374,1.11791,1.10925,1.09266,1.08423,0.799467,0.776561,1.00666
739,3,25,15,1.5e+21,1.30103,0.0935603,3.452,5.926,57.9915,1739.74,173.974,78,0.690238,0.630822,0.748514,0.626555,0.741346,0.739543,0.732502,0.738038,0.731023,156,165.276,0.870631,0.852227,1.06258,0.846463,1.0524,1.09956,1.08909,1.09247,1.08209,0.890508,0.875769,1.0627
740,3,25,16,1.5e+21,1.30103,0.11962,2.7723,4.326,67.2971,2018.91,201.891,96,0.779118,0.717785,0.798894,0.710589,0.788596,0.783203,0.773206,0.783203,0.773206,191.797,191.797,1.20634,1.27742,1.1051,1.26462,1.09085,1.07005,1.05639,1.07005,1.05639,1.2207,1.29732,1.1051
741,3,25,17,1.5e+21,1.30103,0.152938,2.2732,3.172,80.5022,2415.07,241.507,120,0.851806,0.791333,0.842016,0.779175,0.826498,0.819288,0.804398,0.819288,0.804398,229.431,229.431,1.03555,1.06018,0.95698,1.04389,0.939343,0.866145,0.850403,0.866145,0.850403,1.04159,1.06927,0.95698
742,3,25,18,1.5e+21,1.30103,0.195537,1.9413,2.368,99.3117,2979.35,297.935,156,0.905554,0.848987,0.873642,0.828277,0.849155,0.839887,0.816831,0.839887,0.816831,283.038,283.038,0.987898,0.99938,0.957104,0.975002,0.930278,0.924307,0.898934,0.924307,0.898934,0.990639,1.00424,0.957104
743,3,25,19,1.5e+21,1.30103,0.25,1.683,1.866,122.935,3688.06,368.806,198,0.938755,0.887961,0.890559,0.853718,0.852369,0.839607,0.804714,0.839607,0.804714,350.366,350.366,0.98146,0.985894,0.924402,0.947875,0.884761,0.837151,0.802359,0.837151,0.802359,0.982655,0.988542,0.924402
744,3,26,8,1.5e+21,1.9307,0.0167535,52.0807,19.317,114.608,3438.25,343.825,24,0.319587,0.283737,0.484108,0.283226,0.481914,0.637495,0.630979,0.696794,0.685325,48,72,1.09987,1.10682,0.948872,1.10483,0.944572,0.998226,0.988022,1.03416,1.01714,1.38663,1.41536,0.980763
745,3,26,9,1.5e+21,1.9307,0.02142,39.8054,18.729,106.994,3209.82,320.982,30,0.336444,0.300295,0.539279,0.299736,0.536278,0.667701,0.659331,0.712906,0.698992,60,90,1.43705,1.46325,1.00994,1.46053,1.00432,1.04759,1.03446,1.07589,1.05489,1.76417,1.81952,1.02811
746,3,26,10,1.5e+21,1.9307,0.0273861,26.0662,17.265,94.2424,2827.27,282.727,30,0.36993,0.332493,0.538233,0.331817,0.535462,0.662157,0.654719,0.700187,0.688427,60,90,2.90056,3.01784,1.20029,3.0117,1.19411,1.15048,1.13756,1.13071,1.11172,3.41479,3.59181,1.19306
747,3,26,11,1.5e+21,1.9307,0.0350141,18.7026,15.762,84.7446,2542.34,254.234,36,0.402129,0.36299,0.574585,0.362175,0.57124,0.678989,0.670617,0.694471,0.684906,72,108,0.953071,0.951478,1.12758,0.949341,1.12101,1.12942,1.11549,1.08127,1.06637,1.0872,1.09579,1.12751
748,3,26,12,1.5e+21,1.9307,0.0447667,12.2453,13.46,74.8628,2245.88,224.588,42,0.454161,0.411871,0.610996,0.410773,0.607021,0.685637,0.678265,0.68474,0.677386,84,126,1.76868,1.83296,0.907214,1.82807,0.901311,0.953281,0.943031,0.930165,0.920175,1.94248,2.02906,0.930285
749,3,26,13,1.5e+21,1.9307,0.0572357,8.6799,11.269,69.8408,2095.22,209.522,54,0.509676,0.463699,0.657217,0.462198,0.652022,0.691223,0.684758,0.685525,0.679131,108,162,0.723061,0.699943,1.17874,0.697676,1.16942,1.13863,1.12798,1.13405,1.12347,0.771779,0.75204,1.19095
750,3,26,14,1.5e+21,1.9307,0.0731778,6.2782,8.971,68.7133,2061.4,206.14,66,0.579189,0.528585,0.694817,0.526377,0.688509,0.708355,0.701946,0.700857,0.694553,132,195.833,0.881647,0.872104,1.15686,0.868461,1.14636,1.12378,1.11361,1.11406,1.10404,0.91881,0.913711,1.16834
751,3,26,15,1.5e+21,1.9307,0.0935603,4.798,6.986,71.5442,2146.33,214.632,78,0.653335,0.598273,0.735623,0.594943,0.728382,0.736184,0.728971,0.730062,0.722947,156,203.901,1.01689,1.02638,1.12031,1.02066,1.10928,1.10445,1.09363,1.08558,1.075,1.04264,1.05685,1.12468
752,3,26,16,1.5e+21,1.9307,0.11962,3.7807,5.306,78.1688,2345.06,234.506,96,0.732362,0.674131,0.779935,0.668912,0.770789,0.76979,0.760809,0.765193,0.756304,192,222.781,0.990846,0.996211,0.982679,0.988498,0.971157,0.935214,0.924303,0.925466,0.914715,1.00508,1.01393,0.982828
753,3,26,17,1.5e+21,1.9307,0.152938,3.0332,3.944,89.2996,2678.99,267.899,126,0.808688,0.74943,0.819977,0.740939,0.807438,0.800961,0.78885,0.800501,0.788404,252,254.504,1.15118,1.21041,0.958316,1.1967,0.943662,0.864793,0.851717,0.86364,0.850588,1.15978,1.2226,0.958316
754,3,26,18,1.5e+21,1.9307,0.195537,2.494,2.937,105.793,3173.79,317.379,156,0.870687,0.812636,0.854636,0.798632,0.836303,0.827615,0.81015,0.827615,0.81015,301.51,301.51,1.00705,1.0267,0.948136,1.00901,0.927798,0.917677,0.898311,0.917677,0.898311,1.01062,1.03228,0.948136
755,3,26,19,1.5e+21,1.9307,0.25,2.1359,2.239,128.985,3869.56,386.956,198,0.915785,0.86162,0.879867,0.838415,0.851836,0.840567,0.814418,0.840567,0.814418,367.609,367.609,0.977833,0.978989,0.919696,0.952623,0.890396,0.850068,0.823624,0.850068,0.823624,0.97939,0.981846,0.919696
756,3,27,9,1.5e+21,2.86512,0.02142,59.1304,18.704,165.905,4977.14,497.714,30,0.342804,0.306938,0.543102,0.306365,0.540157,0.675321,0.667065,0.72889,0.714466,60,90,1.33475,1.35493,1.00385,1.3524,0.998402,1.03629,1.02362,0.905697,0.887775,1.62578,1.6708,1.02301
757,3,27,10,1.5e+21,2.86512,0.0273861,48.3071,17.985,158.263,4747.89,474.789,30,0.359699,0.32326,0.542375,0.32263,0.539554,0.672715,0.664903,0.725336,0.711671,60,90,1.67016,1.71086,1.05613,1.70753,1.05064,1.06381,1.05146,0.840909,0.825066,1.99015,2.06177,1.06752
758,3,27,11,1.5e+21,2.86512,0.0350141,30.2511,15.89,138.694,4160.83,416.083,36,0.407719,0.369268,0.579443,0.368446,0.57612,0.694509,0.685625,0.737115,0.7221,72,108,3.24349,3.39541,1.27912,3.38785,1.27179,1.19566,1.18037,1.19561,1.17125,3.68603,3.89425,1.25703
759,3,27,12,1.5e+21,2.86512,0.0447667,21.0395,14.044,123.574,3707.22,370.722,42,0.45087,0.410211,0.614295,0.409167,0.610313,0.713082,0.703112,0.740307,0.725666,84,126,1.11726,1.12844,1.03547,1.12557,1.02876,1.05808,1.04329,1.02504,1.00477,1.22999,1.25196,1.04177
760,3,27,13,1.5e+21,2.86512,0.0572357,13.9455,11.829,108.91,3267.31,326.731,54,0.506204,0.462266,0.661929,0.460846,0.65666,0.732778,0.721512,0.733791,0.722544,108,162,2.21351,2.32764,1.2002,2.3205,1.19064,1.1271,1.10977,1.071,1.05459,2.36357,2.50111,1.20965
761,3,27,14,1.5e+21,2.86512,0.0731778,9.8003,9.823,100.123,3003.68,300.368,66,0.563177,0.515647,0.699507,0.513701,0.692962,0.738975,0.729398,0.732795,0.723316,132,198,0.871027,0.85878,1.14228,0.85554,1.13159,1.0697,1.05583,1.01181,0.998717,0.909952,0.901737,1.14901
762,3,27,15,1.5e+21,2.86512,0.0935603,7.1266,7.922,96.6301,2898.9,289.89,78,0.626423,0.574914,0.732619,0.572147,0.724803,0.750373,0.741322,0.742219,0.733303,156,234,1.02396,1.03113,1.14157,1.02617,1.12939,1.05706,1.0443,1.00071,0.988685,1.0524,1.06406,1.14781
763,3,27,16,1.5e+21,2.86512,0.11962,5.3695,6.206,98.5341,2956.02,295.602,96,0.696906,0.641928,0.767711,0.637818,0.758046,0.770556,0.7609,0.759958,0.750511,192,280.822,1.04482,1.05808,1.07784,1.05131,1.06427,0.980464,0.968178,0.927178,0.915653,1.06179,1.07866,1.07041
764,3,27,17,1.5e+21,2.86512,0.152938,4.1732,4.746,105.929,3177.88,317.788,126,0.768505,0.711164,0.807207,0.70483,0.795495,0.794173,0.782713,0.787282,0.77599,252,301.899,1.26502,1.34123,0.989214,1.32929,0.974862,0.878351,0.865676,0.846499,0.834358,1.27611,1.3562,0.989252
765,3,27,18,1.5e+21,2.86512,0.195537,3.3231,3.576,119.386,3581.58,358.158,156,0.834873,0.777317,0.838933,0.76725,0.823485,0.818541,0.803618,0.813911,0.799138,312,340.25,1.02724,1.04958,0.939658,1.03599,0.922355,0.877166,0.861175,0.880185,0.86421,1.03191,1.05624,0.939658
766,3,27,19,1.5e+21,2.86512,0.25,2.7528,2.71,140.141,4204.22,420.422,198,0.887224,0.831142,0.866432,0.814911,0.844451,0.833898,0.813136,0.833199,0.812469,396,399.401,0.989266,0.997243,0.911331,0.977769,0.888211,0.838484,0.817608,0.837399,0.816564,0.99129,1.00051,0.911331
767,3,28,11,1.5e+21,4.25179,0.0350141,56.3408,16.772,230.642,6919.27,525.3,36,0.394536,0.357559,0.582089,0.356808,0.578707,0.701874,0.69264,0.751713,0.735518,72,108,1.74597,1.795,1.07724,1.79123,1.07098,1.08136,1.06714,0.950537,0.930058,2.01323,2.08997,1.08223
768,3,28,12,1.5e+21,4.25179,0.0447667,37.5514,14.64,207.739,6232.16,525.3,42,0.443399,0.404078,0.616462,0.403094,0.612472,0.72103,0.710673,0.763507,0.745673,84,126,3.62112,3.81504,1.21042,3.80576,1.20259,1.10157,1.08574,1.05958,1.03483,4.01083,4.25916,1.19869
769,3,28,13,1.5e+21,4.25179,0.0572357,24.3188,12.346,181.836,5455.08,525.3,54,0.50042,0.457995,0.663673,0.456652,0.658412,0.749815,0.736759,0.778579,0.757671,108,162,1.24985,1.27412,1.54856,1.27039,1.53629,1.30773,1.28496,1.23205,1.19897,1.33847,1.37305,1.55974
770,3,28,14,1.5e+21,4.25179,0.0731778,16.9604,10.522,162.197,4865.9,486.59,60,0.550539,0.505159,0.686352,0.503393,0.680489,0.762267,0.748634,0.77779,0.759969,120,180,1.76924,1.85279,0.982989,1.84632,0.974594,1.01857,1.00036,0.95817,0.936217,1.85473,1.95225,0.989387
771,3,28,15,1.5e+21,4.25179,0.0935603,11.3428,8.546,145.227,4356.82,435.682,78,0.612296,0.563166,0.7298,0.560679,0.722004,0.779611,0.765284,0.774099,0.759892,156,234,0.941246,0.936844,0.973967,0.932708,0.963562,0.950797,0.933324,0.89087,0.874519,0.969002,0.968269,0.977777
772,3,28,16,1.5e+21,4.25179,0.11962,7.9685,6.818,137.088,4112.65,411.265,102,0.677881,0.625401,0.770489,0.621818,0.760169,0.786761,0.773888,0.776915,0.764255,204,306,1.00856,1.01481,1.03343,1.009,1.01958,0.946241,0.930759,0.899622,0.884962,1.02599,1.03545,1.03627
773,3,28,17,1.5e+21,4.25179,0.152938,5.9768,5.419,137.237,4117.12,411.712,126,0.740985,0.686159,0.800879,0.680981,0.788153,0.799916,0.786816,0.785899,0.773149,252,378,1.27633,1.34562,0.981229,1.33547,0.965638,0.872776,0.858483,0.846563,0.832829,1.28914,1.36225,0.984344
774,3,28,18,1.5e+21,4.25179,0.195537,4.6443,4.243,144.581,4337.44,433.744,156,0.801502,0.745442,0.829762,0.737773,0.81465,0.816487,0.801686,0.803907,0.78948,312,412.057,1.12369,1.17032,0.936235,1.15828,0.919184,0.84639,0.831047,0.830778,0.815868,1.12996,1.17892,0.936615
775,3,28,19,1.5e+21,4.25179,0.25,3.6631,3.245,160.481,4814.44,481.444,198,0.857777,0.801942,0.855082,0.790026,0.8359,0.832375,0.813882,0.823332,0.805187,396,457.371,0.992933,1.00041,0.908995,0.985542,0.888604,0.837556,0.818949,0.818785,0.80074,0.995708,1.00447,0.908995
776,3,29,12,1.5e+21,6.30957,0.0447667,55.0066,14.289,322.142,9664.25,525.3,42,0.461364,0.422496,0.621114,0.421441,0.61718,0.7267,0.716599,0.77247,0.754888,84,126,1.52116,1.5615,1.06883,1.5576,1.06206,0.985266,0.971571,0.918638,0.897729,1.67206,1.72929,1.07013
777,3,29,13,1.5e+21,6.30957,0.0572357,41.6222,12.712,300.282,9008.46,525.3,54,0.49991,0.459021,0.665626,0.457718,0.660379,0.756376,0.743087,0.794161,0.771343,108,162,1.641,1.69731,1.08913,1.6925,1.08054,0.986239,0.968912,0.91684,0.890497,1.76248,1.83455,1.09665
778,3,29,14,1.5e+21,6.30957,0.0731778,27.5354,10.579,265.799,7973.96,525.3,66,0.556023,0.511776,0.701112,0.509998,0.694627,0.778485,0.762686,0.807972,0.781783,132,198,2.18109,2.308,1.15982,2.29998,1.14909,1.05756,1.0361,0.964243,0.932989,2.28339,2.42816,1.16533
779,3,29,15,1.5e+21,6.30957,0.0935603,19.7029,9.043,239.062,7171.85,525.3,78,0.601819,0.554715,0.729415,0.552419,0.721674,0.795617,0.77753,0.814581,0.787397,156,234,1.79508,1.8981,1.03593,1.89024,1.02494,0.966174,0.944209,0.91236,0.881914,1.85208,1.96615,1.03959
780,3,29,16,1.5e+21,6.30957,0.11962,13.0436,7.32,211.757,6352.72,525.3,96,0.664322,0.614119,0.762045,0.610881,0.752421,0.812487,0.792216,0.812439,0.79107,192,288,1.63648,1.74223,1.03704,1.73304,1.02395,1.00426,0.979209,0.951341,0.926319,1.66705,1.78007,1.0366
781,3,29,17,1.5e+21,6.30957,0.152938,9.1351,5.912,196.622,5898.67,525.3,126,0.724562,0.67211,0.797441,0.667549,0.784661,0.819724,0.801127,0.811343,0.792993,252,378,1.48488,1.5898,0.97629,1.57901,0.960644,0.912475,0.891773,0.876622,0.856795,1.50113,1.61081,0.97787
782,3,29,18,1.5e+21,6.30957,0.195537,6.7196,4.73,192.881,5786.44,525.3,156,0.780507,0.726373,0.825283,0.719878,0.809337,0.828389,0.810325,0.815954,0.798294,312,468,1.45105,1.58032,0.947792,1.56619,0.929479,0.861149,0.84237,0.842855,0.824614,1.46,1.59273,0.949071
783,3,29,19,1.5e+21,6.30957,0.25,5.141,3.742,199.784,5993.51,525.3,198,0.832902,0.778485,0.850064,0.76901,0.83011,0.841098,0.821473,0.832595,0.813301,396,499.035,1.00657,1.01907,0.921827,1.00667,0.900189,0.85257,0.832677,0.846143,0.826535,1.0099,1.02371,0.923507
784,3,30,14,1.5e+21,9.36329,0.0731778,45.4424,10.753,431.909,12957.3,525.3,66,0.560326,0.517453,0.704319,0.515688,0.697863,0.783913,0.768078,0.817842,0.790803,132,198,1.29337,1.32565,1.02946,1.32113,1.02003,0.916885,0.898364,0.855025,0.826757,1.35512,1.39579,1.03422
785,3,30,15,1.5e+21,9.36329,0.0935603,34.6088,9.424,400.659,12019.8,525.3,72,0.59758,0.552314,0.719264,0.550131,0.712292,0.793606,0.776933,0.824315,0.796095,144,216,1.32871,1.37018,1.03114,1.36477,1.02114,0.828553,0.811146,0.793341,0.766181,1.374,1.42265,1.03117
786,3,30,16,1.5e+21,9.36329,0.11962,22.9013,7.71,353.017,10590.5,525.3,96,0.655071,0.60673,0.760758,0.603718,0.751238,0.820111,0.798004,0.841527,0.80591,192,288,1.32803,1.3798,1.00005,1.37295,0.987533,0.932951,0.907803,0.85374,0.817607,1.3549,1.41199,1.00235
787,3,30,17,1.5e+21,9.36329,0.152938,15.0971,6.245,310.971,9329.12,525.3,126,0.714497,0.663903,0.796541,0.659684,0.783874,0.840972,0.813427,0.845578,0.813254,252,378,1.20362,1.24581,0.969728,1.23789,0.954307,0.89182,0.862609,0.839663,0.807566,1.21758,1.26306,0.971087
788,3,30,18,1.5e+21,9.36329,0.195537,10.6025,5.123,285.254,8557.62,525.3,156,0.764619,0.712342,0.822281,0.70658,0.806479,0.850365,0.822999,0.846176,0.819008,312,468,1.15265,1.19838,0.950859,1.18868,0.932586,0.920487,0.890863,0.917772,0.888306,1.16051,1.20856,0.9518
789,3,30,19,1.5e+21,9.36329,0.25,7.5941,4.116,273.892,8216.77,525.3,198,0.816461,0.763907,0.847904,0.755731,0.827751,0.856983,0.831586,0.853779,0.828539,396,499.035,1.00227,1.01408,0.934512,1.00323,0.912301,0.895741,0.869196,0.906183,0.879394,1.00613,1.01926,0.935192
790,3,31,15,1.5e+21,13.895,0.0935603,53.1054,9.298,631.099,18933,525.3,78,0.605406,0.555072,0.719932,0.552847,0.712446,0.773909,0.75636,0.782723,0.753681,156,234,1.05404,1.05896,0.943382,1.05471,0.933573,0.882447,0.862437,0.813672,0.783481,1.08813,1.09749,0.946511
791,3,31,16,1.5e+21,13.895,0.11962,37.0009,7.719,575.036,17251.1,525.3,96,0.659458,0.607028,0.752446,0.60402,0.743154,0.797522,0.776213,0.802651,0.767658,192,288,1.51608,1.59272,0.970857,1.58483,0.958868,0.882479,0.8589,0.814027,0.778538,1.54602,1.62897,0.972287
792,3,31,17,1.5e+21,13.895,0.152938,25.6502,6.427,515.828,15474.8,525.3,120,0.710421,0.660668,0.792191,0.656612,0.780306,0.842108,0.815029,0.860492,0.816104,240,360,1.07914,1.09906,0.959422,1.09231,0.945028,0.847196,0.819953,0.815718,0.77364,1.09207,1.1147,0.960827
793,3,31,18,1.5e+21,13.895,0.195537,18.4015,5.448,465.826,13974.8,525.3,150,0.755154,0.70485,0.817846,0.699569,0.802873,0.859387,0.82615,0.871769,0.821985,300,450,1.04373,1.05977,0.944275,1.05183,0.926987,0.88022,0.846176,0.856971,0.808032,1.05162,1.06961,0.94519
794,3,31,19,1.5e+21,13.895,0.25,12.1715,4.387,416.417,12492.5,525.3,198,0.80621,0.755194,0.845709,0.747762,0.825814,0.874197,0.834628,0.874318,0.833935,396,499.035,0.993479,0.99914,0.916275,0.989306,0.89472,0.864651,0.825515,0.853728,0.814296,0.997516,1.00442,0.916819
795,3,32,17,1.5e+21,20.6199,0.152938,45.3446,6.756,855.915,25677.4,525.3,114,0.695254,0.632442,0.754883,0.628786,0.744195,0.767903,0.744479,0.737888,0.701092,228,342,2.95316,3.28404,0.925443,3.26506,0.91234,0.821985,0.796911,0.727502,0.691224,2.99297,3.33616,0.925591
796,3,32,18,1.5e+21,20.6199,0.195537,30.6989,5.532,769.407,23082.2,525.3,150,0.749797,0.682204,0.777083,0.677192,0.763037,0.766021,0.736219,0.709445,0.664658,300,450,1.52675,1.63173,0.887618,1.61974,0.871574,0.757048,0.727594,0.67359,0.631067,1.5384,1.64697,0.888446
797,3,32,19,1.5e+21,20.6199,0.25,20.9404,4.585,686.045,20581.3,525.3,192,0.798198,0.726714,0.790939,0.719962,0.773101,0.755034,0.718835,0.705327,0.659876,384,499.035,0.982114,0.962762,0.80808,0.953817,0.789856,0.698149,0.664678,0.644381,0.602858,0.986414,0.96817,0.809356
798,3,33,19,1.5e+21,30.5995,0.25,36.8295,4.776,1146.64,34399.2,525.3,186,0.784532,0.702885,0.766818,0.696698,0.750205,0.708313,0.67529,0.63587,0.593621,372,499.035,1.02887,1.01571,0.790757,1.00677,0.773625,0.68038,0.648659,0.61429,0.573475,1.03385,1.02193,0.791234
799,4,8,1,3e+21,0.00158489,0.003,0.5733,1.069,1.33038,39.9111,23.9467,18,0.715077,-1.56934,-2.44359,-1.32025,-2.43546,-1.60527,-1.60245,-1.60527,-1.60245,22.7493,22.7493,0.652234,-1.8155,-2.76214,-1.52734,-2.75295,-1.81042,-1.80724,-1.81042,-1.80724,0.699474,-3.29968,-0.409394
800,4,9,1,3e+21,0.00235195,0.003,0.7175,1.103,1.3585,40.7551,24.4531,18,0.677338,-1.06407,-2.10947,-0.940642,-2.10337,-1.44662,-1.44438,-1.44662,-1.44438,23.2304,23.2304,0.618655,-1.23081,-2.40541,-1.08805,-2.39845,-1.63449,-1.63195,-1.63449,-1.63195,0.680677,-2.23701,-0.46346
801,4,9,2,3e+21,0.00235195,0.0038356,0.6073,1.102,1.73185,51.9557,27,18,0.757818,-1.02888,-2.2571,-0.846572,-2.24638,-1.26853,-1.26626,-1.26853,-1.26626,25.65,25.65,0.680184,-1.34354,-2.68924,-1.10548,-2.67647,-1.49292,-1.49026,-1.49292,-1.49026,0.723823,-2.44188,-0.819353
802,4,9,3,3e+21,0.00235195,0.00490394,0.5175,1.101,2.21227,66.3685,27,18,0.821698,-0.714888,-1.71012,-0.527587,-1.69679,-0.975614,-0.972724,-0.975614,-0.972724,25.65,25.65,0.750348,-0.988673,-2.11502,-0.72964,-2.09854,-1.20338,-1.19982,-1.20338,-1.19982,0.78048,-1.79692,-0.66523
803,4,10,1,3e+21,0.00349025,0.003,0.9008,1.153,1.39615,41.8841,25.1305,18,0.630247,-0.727583,-1.77527,-0.666251,-1.77095,-1.31282,-1.31103,-1.31282,-1.31103,23.8739,23.8739,0.574877,-0.851106,-2.03688,-0.77936,-2.03191,-1.48829,-1.48626,-1.48829,-1.48626,0.652953,-1.54689,-0.541493
804,4,10,2,3e+21,0.00349025,0.0038356,0.7582,1.152,1.77531,53.2588,27,18,0.723378,-0.64721,-1.73552,-0.562434,-1.72861,-1.12051,-1.11859,-1.12051,-1.11859,25.65,25.65,0.649822,-0.864351,-2.08634,-0.751132,-2.07802,-1.32826,-1.32597,-1.32826,-1.32597,0.707448,-1.57096,-0.758186
805,4,10,3,3e+21,0.00349025,0.00490394,0.6454,1.15,2.24623,67.3872,27,18,0.796001,-0.444981,-1.32092,-0.357717,-1.31244,-0.866066,-0.863651,-0.866066,-0.863651,25.65,25.65,0.731744,-0.60103,-1.66995,-0.483163,-1.65922,-1.07622,-1.07322,-1.07622,-1.07322,0.773573,-1.09237,-0.623214
806,4,10,4,3e+21,0.00349025,0.00626986,0.562,1.148,2.77773,83.3325,27,18,0.843044,-0.310028,-1.07456,-0.225193,-1.06396,-0.715113,-0.712039,-0.715113,-0.712039,25.65,25.65,0.775547,-0.561774,-1.31783,-0.408051,-1.30483,-0.838139,-0.834537,-0.838139,-0.834537,0.80498,-1.02103,-0.48397
807,4,11,1,3e+21,0.00517947,0.003,1.1553,1.226,1.41462,42.4384,25.4631,18,0.564973,-0.479332,-1.37498,-0.451244,-1.37235,-1.04004,-1.03894,-1.04004,-1.03894,24.1899,24.1899,0.517779,-0.556699,-1.57437,-0.524077,-1.57137,-1.17763,-1.17639,-1.17763,-1.17639,0.61411,-1.0118,-1.27597
808,4,11,2,3e+21,0.00517947,0.0038356,0.9735,1.225,1.77277,53.1825,27,18,0.666482,-0.417748,-1.31253,-0.379949,-1.30854,-0.981238,-0.979755,-0.981238,-0.979755,25.65,25.65,0.606025,-0.539033,-1.59823,-0.490259,-1.59337,-1.17404,-1.17227,-1.17404,-1.17227,0.683142,-0.979694,-1.37882
809,4,11,3,3e+21,0.00517947,0.00490394,0.8218,1.223,2.24031,67.2092,27,18,0.753814,-0.281348,-0.993814,-0.242304,-0.988941,-0.755186,-0.753336,-0.755186,-0.753336,25.65,25.65,0.688444,-0.425008,-1.28586,-0.366028,-1.27956,-0.970899,-0.968521,-0.970899,-0.968521,0.745956,-0.772453,-1.13969
810,4,11,4,3e+21,0.00517947,0.00626986,0.6996,1.219,2.83123,84.9367,27,18,0.818115,-0.176208,-0.780858,-0.139788,-0.774701,-0.606143,-0.60375,-0.606143,-0.60375,25.65,25.65,0.759917,-0.306948,-1.02655,-0.243507,-1.01846,-0.757888,-0.754896,-0.757888,-0.754896,0.800773,-0.557879,-0.897766
811,4,11,5,3e+21,0.00517947,0.00801622,0.5989,1.213,3.59531,107.86,27,18,0.807057,0.224521,0.0791532,0.195496,0.0778482,-0.0307197,-0.0303601,-0.0307197,-0.0303601,25.65,25.65,0.731056,-0.0183529,-0.138441,-0.0159803,-0.136158,-0.23804,-0.235254,-0.23804,-0.235254,0.793158,-0.0320319,-0.236177
812,4,11,6,3e+21,0.00517947,0.010249,0.5116,1.203,4.64615,139.384,27,18,0.827077,0.348774,0.338918,0.303448,0.329058,0.240777,0.235168,0.240777,0.235168,25.65,25.65,11.4642,58.9208,2.07049,51.2635,2.01025,1.57535,1.53864,1.57535,1.53864,12.3979,100.336,1.75953
813,4,12,1,3e+21,0.00768625,0.003,1.4941,1.336,1.44935,43.4803,26.0882,18,0.493251,-0.319359,-1.0579,-0.306349,-1.05637,-0.914132,-0.913325,-0.914132,-0.913325,24.7838,24.7838,0.450797,-0.378909,-1.22626,-0.363473,-1.22448,-1.04838,-1.04745,-1.04838,-1.04745,0.561949,-0.688668,-1.14333
814,4,12,2,3e+21,0.00768625,0.0038356,1.2442,1.334,1.81423,54.4271,27,18,0.604749,-0.254971,-0.920156,-0.238642,-0.918008,-0.799047,-0.797977,-0.799047,-0.797977,25.65,25.65,0.550324,-0.340085,-1.15426,-0.318305,-1.15157,-0.98455,-0.98323,-0.98455,-0.98323,0.645422,-0.618106,-1.11721
815,4,12,3,3e+21,0.00768625,0.00490394,1.0424,1.33,2.28262,68.4788,27,18,0.70472,-0.166162,-0.695569,-0.149619,-0.692957,-0.614454,-0.613128,-0.614454,-0.613128,25.65,25.65,0.647373,-0.247397,-0.908239,-0.222768,-0.904829,-0.792129,-0.79042,-0.792129,-0.79042,0.722672,-0.449645,-0.886503
816,4,12,4,3e+21,0.00768625,0.00626986,0.8741,1.324,2.9075,87.2248,27,18,0.785257,-0.0909992,-0.532423,-0.0769631,-0.529142,-0.484282,-0.482567,-0.484282,-0.482567,25.65,25.65,0.733648,-0.165678,-0.665628,-0.140124,-0.661526,-0.587061,-0.584983,-0.587061,-0.584983,0.788451,-0.301121,-0.674431
817,4,12,5,3e+21,0.00768625,0.00801622,0.7444,1.315,3.67354,110.207,27,18,0.759929,0.217888,0.162124,0.197933,0.160158,0.0719737,0.071293,0.0719737,0.071293,25.65,25.65,0.669982,0.0229253,-0.101911,0.0208257,-0.100675,-0.162602,-0.161064,-0.162602,-0.161064,0.749459,0.039994,-0.161686
818,4,12,6,3e+21,0.00768625,0.010249,0.6317,1.3,4.73577,142.073,27,18,0.784034,0.326653,0.371112,0.296779,0.363345,0.310735,0.305184,0.310735,0.305184,25.65,25.65,1.94539,5.17075,7.54056,4.69787,7.38276,6.35842,6.24482,6.35842,6.24482,2.16763,8.79562,6.78543
819,4,12,7,3e+21,0.00768625,0.0131037,0.5578,1.282,5.80681,174.204,27,18,0.816948,0.3749,0.445207,0.332754,0.431161,0.39741,0.386447,0.39741,0.386447,25.65,25.65,1.03252,1.64026,15.9859,1.45587,15.4816,13.8921,13.5089,13.8921,13.5089,1.12845,2.77082,14.6802
820,4,13,1,3e+21,0.0114062,0.003,1.9422,1.499,1.52373,45.7116,27,18,0.424213,-0.203224,-0.765863,-0.197328,-0.76501,-0.760723,-0.760164,-0.760723,-0.760164,25.65,25.65,0.382349,-0.257263,-0.901574,-0.249799,-0.90057,-0.881275,-0.880628,-0.881275,-0.880628,0.501229,-0.467577,-0.968363
821,4,13,2,3e+21,0.0114062,0.0038356,1.6118,1.495,1.87119,56.1353,27,18,0.534,-0.14612,-0.602791,-0.139554,-0.60174,-0.605395,-0.604701,-0.605395,-0.604701,25.65,25.65,0.483964,-0.207612,-0.750409,-0.198282,-0.749102,-0.733452,-0.732612,-0.733452,-0.732612,0.594926,-0.377335,-0.807519
822,4,13,3,3e+21,0.0114062,0.00490394,1.338,1.49,2.33562,70.0688,27,18,0.642775,-0.0924205,-0.458949,-0.0859157,-0.457668,-0.468813,-0.467956,-0.468813,-0.467956,25.65,25.65,0.592081,-0.147335,-0.625333,-0.136966,-0.623589,-0.626203,-0.625059,-0.626203,-0.625059,0.686467,-0.267783,-0.674938
823,4,13,4,3e+21,0.0114062,0.00626986,1.1189,1.481,2.93412,88.0229,27,18,0.734683,-0.0425923,-0.348628,-0.0379499,-0.347064,-0.369803,-0.368719,-0.369803,-0.368719,25.65,25.65,0.680106,-0.139491,-0.520511,-0.124287,-0.518176,-0.536317,-0.534745,-0.536317,-0.534745,0.752596,-0.253526,-0.58284
824,4,13,5,3e+21,0.0114062,0.00801622,0.9433,1.467,3.70146,111.043,27,18,0.696058,0.195962,0.194457,0.183492,0.192798,0.132557,0.131612,0.132557,0.131612,25.65,25.65,0.597003,0.00749766,-0.023334,0.00702054,-0.0231349,-0.0631961,-0.0627456,-0.0631961,-0.0627456,0.694559,0.0130809,-0.0649716
825,4,13,6,3e+21,0.0114062,0.010249,0.8019,1.446,4.68508,140.552,27,18,0.721676,0.288475,0.359993,0.270421,0.354958,0.328911,0.324816,0.328911,0.324816,25.65,25.65,1.54848,2.89091,1.88266,2.70998,1.85633,1.64453,1.62405,1.64453,1.62405,1.79519,4.92223,1.73595
826,4,13,7,3e+21,0.0114062,0.0131037,0.6893,1.415,5.91785,177.536,27,18,0.769009,0.337707,0.433153,0.310799,0.423484,0.4154,0.40698,0.4154,0.40698,25.65,25.65,0.976848,1.24334,1.54644,1.14428,1.51192,1.38947,1.36131,1.38947,1.36131,1.10179,2.09999,1.4706
827,4,13,8,3e+21,0.0114062,0.0167535,0.5964,1.372,7.50142,225.043,27,18,0.801875,0.449878,0.555559,0.413509,0.534987,0.566835,0.547247,0.566835,0.547247,25.65,25.65,0.945806,1.1437,-1.06753,1.05124,-1.028,-0.96598,-0.932598,-0.96598,-0.932598,1.05066,1.7958,-0.988071
828,4,13,9,3e+21,0.0114062,0.02142,0.5144,1.31,9.68735,290.62,29.062,18,0.842525,0.536834,0.630716,0.482685,0.590967,0.662081,0.623454,0.662081,0.623454,27.6089,27.6089,0.866254,0.875468,0.430811,0.787161,0.403661,0.374881,0.35301,0.374881,0.35301,0.934237,1.28306,0.393886
829,4,14,1,3e+21,0.0169267,0.003,2.5723,1.739,1.64754,49.4263,27,18,0.360104,-0.101589,-0.435354,-0.0994546,-0.434984,-0.497245,-0.496929,-0.497245,-0.496929,25.65,25.65,0.323448,-0.1413,-0.535612,-0.138332,-0.535157,-0.598385,-0.598004,-0.598385,-0.598004,0.445292,-0.256814,-0.631301
830,4,14,2,3e+21,0.0169267,0.0038356,2.1146,1.734,1.97496,59.2485,27,18,0.461927,-0.0740472,-0.356835,-0.0716794,-0.356372,-0.411096,-0.4107,-0.411096,-0.4107,25.65,25.65,0.421595,-0.114206,-0.491411,-0.110554,-0.490773,-0.548548,-0.548021,-0.548548,-0.548021,0.544638,-0.20757,-0.578532
831,4,14,3,3e+21,0.0169267,0.00490394,1.7414,1.726,2.41915,72.575,27,18,0.571838,-0.042864,-0.276837,-0.0407388,-0.276272,-0.325731,-0.325243,-0.325731,-0.325243,25.65,25.65,0.525323,-0.0904026,-0.404692,-0.0859202,-0.403867,-0.458179,-0.457492,-0.458179,-0.457492,0.637028,-0.164307,-0.485701
832,4,14,4,3e+21,0.0169267,0.00626986,1.4377,1.712,3.01704,90.5116,27,18,0.656257,0.0879793,-0.0216898,0.0826181,-0.0216121,-0.0923307,-0.0920734,-0.0923307,-0.0920734,25.65,25.65,0.588457,-0.0286097,-0.178229,-0.0268663,-0.17759,-0.249544,-0.248849,-0.249544,-0.248849,0.692234,-0.0512502,-0.253451
833,4,14,5,3e+21,0.0169267,0.00801622,1.2026,1.692,3.77227,113.168,27,18,0.620096,0.169896,0.201686,0.162361,0.200455,0.166241,0.165348,0.166241,0.165348,25.65,25.65,0.526577,0.021145,0.012895,0.0202072,0.0128163,-0.0326458,-0.0324704,-0.0326458,-0.0324704,0.640934,0.0368918,-0.0215549
834,4,14,6,3e+21,0.0169267,0.010249,1.0093,1.659,4.77762,143.329,27,18,0.649,0.252137,0.339799,0.241198,0.33642,0.332356,0.329313,0.332356,0.329313,25.65,25.65,1.25147,1.75353,3.25623,1.67745,3.22385,2.97016,2.94297,2.97016,2.94297,1.51626,2.98345,3.0788
835,4,14,7,3e+21,0.0169267,0.0131037,0.8589,1.612,6.03454,181.036,27,18,0.70457,0.304148,0.413136,0.287678,0.406603,0.418426,0.412248,0.418426,0.412248,25.65,25.65,0.908283,0.958312,2.28257,0.90642,2.24648,2.09769,2.06671,2.09769,2.06671,1.0668,1.60736,2.1676
836,4,14,8,3e+21,0.0169267,0.0167535,0.7371,1.546,7.64562,229.368,27,18,0.749051,0.411687,0.523912,0.388593,0.510274,0.54907,0.535538,0.54907,0.535538,25.65,25.65,0.910751,1.00018,1.25343,0.944073,1.2208,1.13839,1.11033,1.13839,1.11033,1.04693,1.56766,1.18149
837,4,14,9,3e+21,0.0169267,0.02142,0.6298,1.451,9.91142,297.343,29.7343,24,0.805174,0.511194,0.655035,0.475437,0.62723,0.659317,0.631871,0.659317,0.631871,28.2476,28.2476,0.893407,0.972265,1.08395,0.904257,1.03794,1.03673,0.99357,1.03673,0.99357,0.988001,1.41269,1.11101
838,4,14,10,3e+21,0.0169267,0.0273861,0.5605,1.366,12.1335,364.006,36.4006,24,0.843627,0.587381,0.725432,0.53572,0.679031,0.736187,0.691289,0.736187,0.691289,34.5806,34.5806,0.936303,1.15059,0.982193,1.04939,0.919369,1.01114,0.949472,1.01114,0.949472,1.0049,1.56702,1.01387
839,4,15,1,3e+21,0.0251189,0.003,3.4935,2.093,1.87142,56.1428,27,18,0.308709,-0.0366046,-0.201725,-0.0360258,-0.201591,-0.264922,-0.264776,-0.264922,-0.264776,25.65,25.65,0.27565,-0.0676654,-0.278394,-0.0665954,-0.278209,-0.355017,-0.354821,-0.355017,-0.354821,0.39577,-0.122982,-0.356654
840,4,15,2,3e+21,0.0251189,0.0038356,2.8095,2.085,2.17419,65.2261,27,18,0.399886,-0.0257034,-0.176207,-0.0250945,-0.176032,-0.23337,-0.23318,-0.23337,-0.23318,25.65,25.65,0.361191,-0.0589072,-0.25903,-0.0575117,-0.258773,-0.322597,-0.322334,-0.322597,-0.322334,0.4883,-0.107064,-0.331631
841,4,15,3,3e+21,0.0251189,0.00490394,2.2869,2.073,2.58869,77.6608,27,18,0.502232,-0.0103321,-0.1419,-0.00996055,-0.141684,-0.194408,-0.194169,-0.194408,-0.194169,25.65,25.65,0.464884,-0.0389793,-0.236824,-0.0375775,-0.236464,-0.305119,-0.304744,-0.305119,-0.304744,0.590142,-0.0708451,-0.31026
842,4,15,4,3e+21,0.0251189,0.00626986,1.8751,2.053,3.14954,94.4862,27,18,0.544755,0.143073,0.151391,0.138517,0.150954,0.110674,0.110394,0.110674,0.110394,25.65,25.65,0.452279,0.00269042,-0.00779697,0.00260475,-0.00777446,-0.0443769,-0.0442647,-0.0443769,-0.0442647,0.578871,0.00475736,-0.0440094
843,4,15,5,3e+21,0.0251189,0.00801622,1.5471,2.022,3.90023,117.006,27,18,0.537316,0.145087,0.19559,0.140587,0.194722,0.181022,0.180287,0.181022,0.180287,25.65,25.65,0.449402,0.023388,0.0310828,0.0226626,0.0309448,0.0039623,0.00394621,0.0039623,0.00394621,0.574475,0.0408011,0.0110132
844,4,15,6,3e+21,0.0251189,0.010249,1.288,1.974,4.88223,146.467,27,18,0.565512,0.213526,0.305748,0.207106,0.303585,0.313366,0.311278,0.313366,0.311278,25.65,25.65,1.1549,1.4036,5.06286,1.3614,5.02705,4.74939,4.71774,4.74939,4.71774,1.46835,2.38706,4.90456
845,4,15,7,3e+21,0.0251189,0.0131037,1.0899,1.906,6.09919,182.975,27,18,0.624376,0.263674,0.374775,0.254033,0.370668,0.393054,0.38896,0.393054,0.38896,25.65,25.65,0.846317,0.808324,1.19874,0.778765,1.18561,1.13709,1.12525,1.13709,1.12525,1.04192,1.35057,1.17645
846,4,15,8,3e+21,0.0251189,0.0167535,0.9223,1.805,7.75573,232.672,27,18,0.681015,0.365672,0.478536,0.351545,0.469875,0.511374,0.502528,0.511374,0.502528,25.65,25.65,0.87755,0.90064,1.37837,0.865845,1.35343,1.32846,1.30548,1.32846,1.30548,1.04956,1.41047,1.3547
847,4,15,9,3e+21,0.0251189,0.02142,0.7926,1.677,9.80546,294.163,29.4164,18,0.746532,0.461184,0.565162,0.439475,0.548468,0.619853,0.602641,0.619853,0.602641,27.9456,27.9456,0.876964,0.910031,0.954057,0.867193,0.925877,0.90409,0.878986,0.90409,0.878986,1.00454,1.32893,0.949231
848,4,15,10,3e+21,0.0251189,0.0273861,0.6883,1.532,12.369,371.07,37.107,24,0.806215,0.558065,0.70348,0.523894,0.671907,0.731156,0.699525,0.731156,0.699525,35.2516,35.2516,0.882845,0.9103,0.812028,0.854562,0.775582,0.687395,0.657656,0.687395,0.657656,0.968519,1.23272,0.83902
849,4,15,11,3e+21,0.0251189,0.0350141,0.5997,1.384,15.7126,471.378,47.1378,30,0.86029,0.662177,0.792761,0.605919,0.735684,0.77515,0.721871,0.77515,0.721871,44.781,44.781,0.877798,0.926376,0.762052,0.847672,0.707186,0.603618,0.562128,0.603618,0.562128,0.921156,1.12722,0.769958
850,4,15,12,3e+21,0.0251189,0.0447667,0.5232,1.255,20.1108,603.323,60.3323,36,0.896647,0.74197,0.813187,0.646505,0.717547,0.7256,0.646897,0.7256,0.646897,57.3157,57.3157,0.911635,1.08338,1.05066,0.943986,0.927091,1.05371,0.939414,1.05371,0.939414,0.929433,1.2091,1.05572
851,4,16,1,3e+21,0.0372759,0.003,4.8302,2.611,2.30327,69.098,27,18,0.276951,-0.000474381,-0.0587527,-0.000468231,-0.0587199,-0.0952288,-0.0951812,-0.0952288,-0.0951812,25.65,25.65,0.24907,-0.0211287,-0.109432,-0.0208548,-0.109371,-0.151673,-0.151597,-0.151673,-0.151597,0.367718,-0.0384015,-0.150099
852,4,16,2,3e+21,0.0372759,0.0038356,3.8287,2.6,2.53281,75.984,27,18,0.350538,0.00372768,-0.057372,0.00365905,-0.0573266,-0.0955023,-0.0954356,-0.0955023,-0.0954356,25.65,25.65,0.320428,-0.0179408,-0.115038,-0.0176106,-0.114947,-0.161709,-0.161596,-0.161709,-0.161596,0.449944,-0.0326075,-0.159149
853,4,16,3,3e+21,0.0372759,0.00490394,3.0712,2.582,2.88608,86.5819,27,18,0.438818,0.0111758,-0.0474516,0.0108754,-0.0473966,-0.0856105,-0.085524,-0.0856105,-0.085524,25.65,25.65,0.403896,-0.0160107,-0.10417,-0.0155804,-0.104049,-0.153035,-0.15288,-0.153035,-0.15288,0.535652,-0.0290996,-0.146525
854,4,16,4,3e+21,0.0372759,0.00626986,2.4895,2.554,3.38965,101.69,27,18,0.436063,0.118266,0.160535,0.115898,0.16016,0.148502,0.148181,0.148502,0.148181,25.65,25.65,0.354873,0.0135669,0.0316066,0.0132952,0.0315327,0.0151536,0.0151209,0.0151536,0.0151209,0.484637,0.0238823,0.0171695
855,4,16,5,3e+21,0.0372759,0.00801622,2.0266,2.508,4.09965,122.989,27,18,0.453968,0.119406,0.177745,0.116771,0.177156,0.177327,0.176775,0.177327,0.176775,25.65,25.65,0.373893,0.0184718,0.0346516,0.0180642,0.0345367,0.0210136,0.0209481,0.0210136,0.0209481,0.501565,0.0322304,0.0235078
856,4,16,6,3e+21,0.0372759,0.010249,1.6697,2.438,5.04019,151.206,27,18,0.479567,0.179173,0.269255,0.175423,0.267882,0.285551,0.284157,0.285551,0.284157,25.65,25.65,1.00118,1.0722,1.72673,1.04977,1.71792,1.64608,1.63804,1.64608,1.63804,1.33653,1.82289,1.69111
857,4,16,7,3e+21,0.0372759,0.0131037,1.3876,2.332,6.28669,188.601,27,18,0.540624,0.228584,0.33614,0.222862,0.333482,0.36176,0.359008,0.36176,0.359008,25.65,25.65,1.85302,2.61373,1.07123,2.5483,1.06275,1.01364,1.00593,1.01364,1.00593,2.39068,4.34274,1.04234
858,4,16,8,3e+21,0.0372759,0.0167535,1.1675,2.186,7.88962,236.688,27,18,0.601096,0.315514,0.424014,0.307082,0.41863,0.460014,0.454396,0.460014,0.454396,25.65,25.65,0.840305,0.823599,0.0221122,0.801589,0.0218315,-0.0144316,-0.0142554,-0.0144316,-0.0142554,1.04777,1.2891,-0.00912902
859,4,16,9,3e+21,0.0372759,0.02142,0.9936,1.997,9.93746,298.124,29.8124,24,0.678958,0.415834,0.569061,0.40246,0.557921,0.581461,0.57021,0.581461,0.57021,28.3218,28.3218,0.849835,0.835255,0.872964,0.808391,0.855875,0.840423,0.824161,0.840423,0.824161,1.00779,1.21578,0.894874
860,4,16,10,3e+21,0.0372759,0.0273861,0.8527,1.777,12.5839,377.518,37.7518,24,0.757158,0.524151,0.670903,0.502124,0.649723,0.714651,0.692695,0.714651,0.692695,35.8642,35.8642,0.873759,0.891011,0.842445,0.853566,0.81585,0.809768,0.784889,0.809768,0.784889,0.981216,1.19381,0.872097
861,4,16,11,3e+21,0.0372759,0.0350141,0.7376,1.557,15.9825,479.476,47.9476,30,0.828976,0.636305,0.777539,0.598888,0.738351,0.779059,0.741117,0.779059,0.741117,45.5502,45.5502,0.87695,0.923143,1.00292,0.868859,0.952374,0.873434,0.830895,0.873434,0.830895,0.933589,1.11812,1.01378
862,4,16,12,3e+21,0.0372759,0.0447667,0.6374,1.364,20.6053,618.158,61.8158,36,0.881138,0.730101,0.816946,0.663954,0.74858,0.763037,0.702798,0.763037,0.702798,58.725,58.725,0.890724,0.906261,0.722627,0.824154,0.662155,0.486901,0.448462,0.486901,0.448462,0.913304,1.00541,0.72657
863,4,16,13,3e+21,0.0372759,0.0572357,0.5684,1.249,25.3636,760.908,76.0907,42,0.904492,0.779487,0.820716,0.675862,0.716956,0.704748,0.623258,0.704748,0.623258,72.2862,72.2862,0.907372,0.935324,0.63453,0.810983,0.554309,0.308003,0.272389,0.308003,0.272389,0.916676,0.991688,0.635996
864,4,17,1,3e+21,0.0553168,0.003,7.114,3.358,3.09185,92.7558,27,18,0.263539,0.0542189,0.0742846,0.0536839,0.0742226,0.0677602,0.0677065,0.0677602,0.0677065,25.65,25.65,0.213907,0.0026396,0.00691375,0.00261356,0.00690798,-0.0051614,-0.0051573,-0.0051614,-0.0051573,0.325672,0.00476283,-0.00432468
865,4,17,2,3e+21,0.0553168,0.0038356,5.4398,3.343,3.18988,95.6965,27,18,0.310242,0.0768318,0.108493,0.0759254,0.108365,0.10251,0.102396,0.10251,0.102396,25.65,25.65,0.249465,0.00910731,0.0106736,0.00899987,0.010661,-0.00748366,-0.00747532,-0.00748366,-0.00747532,0.369801,0.0163198,-0.00156387
866,4,17,3,3e+21,0.0553168,0.00490394,4.2284,3.317,3.44038,103.211,27,18,0.33681,0.0913815,0.136483,0.090196,0.136266,0.135137,0.134933,0.135137,0.134933,25.65,25.65,0.269276,0.0126895,0.0186394,0.0125249,0.0186098,0.00701068,0.0070001,0.00701068,0.0070001,0.391749,0.0224953,0.00861707
867,4,17,4,3e+21,0.0553168,0.00626986,3.3645,3.276,3.85192,115.558,27,18,0.352286,0.0949974,0.148263,0.0936644,0.147966,0.152197,0.151905,0.152197,0.151905,25.65,25.65,0.276557,0.00922345,0.0247433,0.00909403,0.0246936,0.0147958,0.0147675,0.0147958,0.0147675,0.396076,0.0161981,0.0151101
868,4,17,5,3e+21,0.0553168,0.00801622,2.7112,3.211,4.46265,133.88,27,18,0.379895,0.141292,0.219127,0.139365,0.218518,0.233897,0.233272,0.233897,0.233272,25.65,25.65,0.882506,0.879347,1.55699,0.867354,1.55266,1.49102,1.48703,1.49102,1.48703,1.25413,1.51413,1.5216
869,4,17,6,3e+21,0.0553168,0.010249,2.2022,3.109,5.33204,159.961,27,18,0.39799,0.147077,0.231446,0.144891,0.230562,0.2521,0.251169,0.2521,0.251169,25.65,25.65,0.885756,0.8892,1.09821,0.87598,1.09402,1.05928,1.05537,1.05928,1.05537,1.23589,1.51114,1.07837
870,4,17,7,3e+21,0.0553168,0.0131037,1.8063,2.957,6.51973,195.592,27,18,0.45571,0.194224,0.293942,0.190865,0.292262,0.32226,0.320475,0.32226,0.320475,25.65,25.65,1.07303,1.18017,0.875787,1.15977,0.870779,0.83166,0.827053,0.83166,0.827053,1.44896,1.9552,0.852381
871,4,17,8,3e+21,0.0553168,0.0167535,1.4979,2.74,8.09835,242.95,27,18,0.516372,0.268711,0.369571,0.263741,0.366249,0.405842,0.402318,0.405842,0.402318,25.65,25.65,0.788965,0.745871,0.772226,0.732078,0.765285,0.71392,0.707721,0.71392,0.707721,1.02526,1.16679,0.734987
872,4,17,9,3e+21,0.0553168,0.02142,1.2568,2.458,10.161,304.829,30.4829,24,0.602762,0.36857,0.519959,0.360401,0.512758,0.536743,0.52938,0.536743,0.52938,28.9587,28.9587,0.89191,0.91989,1.08485,0.899501,1.06982,1.06258,1.048,1.06258,1.048,1.09385,1.33347,1.11262
873,4,17,10,3e+21,0.0553168,0.0273861,1.072,2.143,12.7311,381.933,38.1933,24,0.692589,0.477353,0.625487,0.463667,0.611845,0.678018,0.66357,0.678018,0.66357,36.2837,36.2837,0.91151,0.947189,0.940072,0.920033,0.91957,0.816294,0.7989,0.816294,0.7989,1.05153,1.26471,0.973822
874,4,17,11,3e+21,0.0553168,0.0350141,0.9154,1.812,16.232,486.962,48.6961,30,0.786071,0.600828,0.747213,0.576477,0.72095,0.763254,0.737085,0.763254,0.737085,46.2613,46.2613,0.902593,0.953549,0.940904,0.914903,0.907833,0.799256,0.771853,0.799256,0.771853,0.975759,1.14886,0.951722
875,4,17,12,3e+21,0.0553168,0.0447667,0.7948,1.549,20.4849,614.547,61.4547,36,0.852264,0.69962,0.803668,0.657553,0.758785,0.777629,0.735912,0.777629,0.735912,58.3819,58.3819,0.928677,1.01672,0.857219,0.95559,0.809345,0.655922,0.620734,0.655922,0.620734,0.962107,1.1315,0.861788
876,4,17,13,3e+21,0.0553168,0.0572357,0.6952,1.358,25.8428,775.284,77.5284,42,0.891015,0.766509,0.825998,0.695683,0.752676,0.74991,0.687439,0.74991,0.687439,73.652,73.652,0.90959,0.947499,0.765408,0.859949,0.697465,0.479004,0.4391,0.479004,0.4391,0.922161,1.00293,0.767473
877,4,17,14,3e+21,0.0553168,0.0731778,0.607,1.224,33.032,990.96,99.096,54,0.91263,0.811859,0.816338,0.691576,0.698557,0.670287,0.582901,0.670287,0.582901,94.1412,94.1412,0.914597,0.99251,0.972468,0.845463,0.832161,1.09113,0.948882,1.09113,0.948882,0.91907,1.02348,0.972748
878,4,17,15,3e+21,0.0553168,0.0935603,0.5355,1.142,41.73,1251.9,125.19,72,0.921606,0.826531,0.751795,0.632956,0.580846,0.535346,0.430735,0.535346,0.430735,118.93,118.93,0.934054,1.16056,1.07106,0.888752,0.827511,0.729746,0.587148,0.729746,0.587148,0.93567,1.18132,1.07106
879,4,18,1,3e+21,0.0820891,0.003,11.1048,4.387,4.60104,138.031,27,18,0.232047,0.0784971,0.136087,0.0779515,0.135867,0.149932,0.149695,0.149932,0.149695,25.65,25.65,0.510368,0.428537,0.617035,0.425558,0.616039,0.601897,0.600947,0.601897,0.600947,0.797983,0.759963,0.613278
880,4,18,2,3e+21,0.0820891,0.0038356,8.1462,4.378,4.43608,133.082,27,18,0.258251,0.0873037,0.147833,0.0866025,0.147583,0.161439,0.161173,0.161439,0.161173,25.65,25.65,0.632332,0.567691,1.19774,0.563131,1.19571,1.16317,1.16125,1.16317,1.16125,0.970664,1.00161,1.18408
881,4,18,3,3e+21,0.0820891,0.00490394,6.0754,4.347,4.46546,133.964,27,18,0.282206,0.10075,0.167022,0.0998608,0.166711,0.182045,0.181716,0.182045,0.181716,25.65,25.65,0.687946,0.632443,0.998118,0.626861,0.996262,0.966503,0.964756,0.966503,0.964756,1.03916,1.10619,0.987143
882,4,18,4,3e+21,0.0820891,0.00626986,4.702,4.292,4.70081,141.025,27,18,0.296644,0.111483,0.183175,0.110457,0.182789,0.200841,0.20043,0.200841,0.20043,25.65,25.65,0.721098,0.67264,0.863661,0.666452,0.861839,0.838444,0.836725,0.838444,0.836725,1.07622,1.16353,0.854341
883,4,18,5,3e+21,0.0820891,0.00801622,3.7013,4.201,5.16738,155.021,27,18,0.308643,0.116955,0.191619,0.115818,0.191148,0.211795,0.211288,0.211795,0.211288,25.65,25.65,0.733909,0.684718,0.717506,0.678062,0.715742,0.696729,0.695061,0.696729,0.695061,1.08129,1.17218,0.710183
884,4,18,6,3e+21,0.0820891,0.010249,2.9579,4.058,5.90427,177.128,27,18,0.332299,0.123071,0.201231,0.12171,0.200619,0.223826,0.223162,0.223826,0.223162,25.65,25.65,0.736303,0.685246,1.2768,0.67767,1.27291,1.2391,1.23542,1.2391,1.23542,1.06403,1.16403,1.25957
885,4,18,7,3e+21,0.0820891,0.0131037,2.3866,3.84,6.98838,209.651,27,18,0.391617,0.198205,0.294599,0.195996,0.293251,0.326525,0.325074,0.326525,0.325074,25.65,25.65,0.688828,0.627131,0.356878,0.62014,0.355245,0.33119,0.329717,0.33119,0.329717,0.962747,1.0127,0.338642
886,4,18,8,3e+21,0.0820891,0.0167535,1.9448,3.523,8.50996,255.298,27,18,0.437877,0.230338,0.322168,0.227342,0.320023,0.357219,0.354916,0.357219,0.354916,25.65,25.65,0.838457,0.829348,0.857359,0.818562,0.85165,0.79993,0.794773,0.79993,0.794773,1.12843,1.29293,0.822337
887,4,18,9,3e+21,0.0820891,0.02142,1.6183,3.128,10.4572,313.717,31.3717,24,0.522118,0.321863,0.466334,0.316946,0.46173,0.485511,0.480756,0.485511,0.480756,29.8031,29.8031,0.827435,0.81565,0.962437,0.803188,0.952934,0.926714,0.917637,0.926714,0.917637,1.04818,1.17976,0.987361
888,4,18,10,3e+21,0.0820891,0.0273861,1.357,2.659,13.068,392.04,39.204,24,0.622386,0.431838,0.57545,0.423299,0.566504,0.634991,0.625315,0.634991,0.625315,37.2438,37.2438,0.852606,0.85597,0.925398,0.839045,0.911012,0.825317,0.812741,0.825317,0.812741,1.00599,1.13334,0.960121
889,4,18,11,3e+21,0.0820891,0.0350141,1.148,2.183,16.5277,495.829,49.583,30,0.730001,0.555739,0.704813,0.54025,0.687453,0.731054,0.713374,0.731054,0.713374,47.1038,47.1038,0.884788,0.912562,0.988864,0.887129,0.964507,0.868849,0.847837,0.868849,0.847837,0.972076,1.09554,1.00081
890,4,18,12,3e+21,0.0820891,0.0447667,0.9895,1.805,20.7482,622.445,62.2445,36,0.814598,0.663132,0.776293,0.635819,0.746236,0.768779,0.73983,0.768779,0.73983,59.1322,59.1322,0.915491,0.96591,1.01104,0.926126,0.971895,0.887114,0.853709,0.887114,0.853709,0.957759,1.07443,1.0166
891,4,18,13,3e+21,0.0820891,0.0572357,0.8558,1.518,26.3276,789.829,78.9828,42,0.870735,0.744968,0.816263,0.697236,0.765419,0.76856,0.722807,0.76856,0.722807,75.0337,75.0337,0.927583,1.0002,1.07756,0.936112,1.01044,0.949636,0.893103,0.949636,0.893103,0.944435,1.05784,1.08084
892,4,18,14,3e+21,0.0820891,0.0731778,0.7444,1.325,33.5339,1006.02,100.602,54,0.90261,0.802128,0.828691,0.720101,0.745248,0.727077,0.658956,0.727077,0.658956,95.5716,95.5716,0.936148,1.02221,0.828565,0.91768,0.745134,0.650758,0.589788,0.650758,0.589788,0.942571,1.05394,0.828848
893,4,18,15,3e+21,0.0820891,0.0935603,0.651,1.202,42.7268,1281.8,128.18,72,0.917408,0.82979,0.798964,0.693052,0.669356,0.637276,0.544808,0.637276,0.544808,121.771,121.771,0.915715,0.97012,0.967854,0.810257,0.810849,1.15364,0.986247,1.15364,0.986247,0.917964,0.986851,0.967857
894,4,18,16,3e+21,0.0820891,0.11962,0.5792,1.131,53.1228,1593.69,159.369,90,0.923914,0.839215,0.736253,0.626348,0.553445,0.497526,0.392824,0.497526,0.392824,151.4,151.4,0.916389,0.871314,0.254496,0.650306,0.191306,-0.227589,-0.179694,-0.227589,-0.179694,0.917249,0.880559,0.254496
895,4,18,17,3e+21,0.0820891,0.152938,0.5006,1.076,70.0638,2101.91,210.191,120,0.926916,0.804056,0.532362,0.450146,0.307143,0.18044,0.121893,0.18044,0.121893,199.682,199.682,0.923202,1.06511,1.33629,0.596296,0.770961,0.398649,0.269302,0.398649,0.269302,0.923435,1.07178,1.33629
896,4,19,1,3e+21,0.121819,0.003,19.3764,5.627,7.52808,225.842,27,18,0.225618,0.104048,0.181164,0.103487,0.18063,0.204827,0.204234,0.204827,0.204234,25.65,25.65,0.567737,0.516447,0.542604,0.513663,0.541005,0.516195,0.514701,0.516195,0.514701,0.888878,0.890465,0.526074
897,4,19,2,3e+21,0.121819,0.0038356,13.1096,5.682,6.82469,204.74,27,18,0.24126,0.107209,0.184656,0.106556,0.18417,0.208141,0.207603,0.208141,0.207603,25.65,25.65,0.461307,0.384969,0.457607,0.382623,0.456401,0.443024,0.441878,0.443024,0.441878,0.714056,0.662681,0.452181
898,4,19,3,3e+21,0.121819,0.00490394,9.3835,5.684,6.41696,192.509,27,18,0.246885,0.102221,0.175785,0.101541,0.175377,0.198208,0.197757,0.198208,0.197757,25.65,25.65,0.667345,0.625259,0.708163,0.6211,0.706518,0.685224,0.683663,0.685224,0.683663,1.02452,1.07556,0.697184
899,4,19,4,3e+21,0.121819,0.00626986,6.828,5.63,6.29519,188.856,27,18,0.258176,0.10833,0.183184,0.107572,0.182758,0.20623,0.20576,0.20623,0.20576,25.65,25.65,0.774283,0.752728,0.624386,0.747459,0.622932,0.604769,0.603389,0.604769,0.603389,1.1761,1.2843,0.61372
900,4,19,5,3e+21,0.121819,0.00801622,5.2288,5.519,6.47992,194.398,27,18,0.271175,0.117211,0.194217,0.116353,0.193733,0.218546,0.218013,0.218546,0.218013,25.65,25.65,0.753063,0.725567,0.77802,0.720254,0.776081,0.745613,0.743795,0.745613,0.743795,1.13051,1.22511,0.75968
901,4,19,6,3e+21,0.121819,0.010249,4.08,5.331,6.98169,209.451,27,18,0.304752,0.155634,0.242315,0.154485,0.241559,0.271211,0.270386,0.271211,0.270386,25.65,25.65,0.569765,0.503039,0.535791,0.499325,0.53412,0.502669,0.50114,0.502669,0.50114,0.83644,0.824609,0.514874
902,4,19,7,3e+21,0.121819,0.0131037,3.2317,5.037,7.857,235.71,27,18,0.329016,0.174177,0.258139,0.172796,0.25714,0.289007,0.287919,0.289007,0.287919,25.65,25.65,0.770688,0.751744,-0.48096,0.745784,-0.479099,-0.49261,-0.490756,-0.49261,-0.490756,1.10186,1.19822,-0.498121
903,4,19,8,3e+21,0.121819,0.0167535,2.5863,4.602,9.20838,276.251,27.6252,18,0.376431,0.211287,0.2968,0.209359,0.295229,0.333463,0.331759,0.333463,0.331759,26.2439,26.2439,0.689242,0.650722,-0.0250016,0.644783,-0.0248693,-0.0431245,-0.0429041,-0.0431245,-0.0429041,0.947209,0.997416,-0.0414819
904,4,19,9,3e+21,0.121819,0.02142,2.1172,4.051,11.0316,330.949,33.0948,24,0.451707,0.289247,0.433259,0.286152,0.430029,0.462953,0.459531,0.462953,0.459531,31.4401,31.4401,0.744707,0.717673,0.892906,0.709994,0.886247,0.842239,0.836013,0.842239,0.836013,0.962249,1.02442,0.917707
905,4,19,10,3e+21,0.121819,0.0273861,1.7515,3.397,13.5253,405.758,40.5758,24,0.548826,0.386202,0.523595,0.380911,0.517696,0.587004,0.580512,0.587004,0.580512,38.547,38.547,0.803028,0.790023,0.967042,0.779199,0.956148,0.871564,0.861924,0.871564,0.861924,0.96542,1.03719,0.907575
906,4,19,11,3e+21,0.121819,0.0350141,1.4649,2.73,16.8645,505.936,50.5936,30,0.660927,0.502177,0.652076,0.492603,0.640809,0.685114,0.673433,0.685114,0.673433,48.0639,48.0639,0.85559,0.85339,0.911589,0.83712,0.895839,0.76558,0.752528,0.76558,0.752528,0.956371,1.02426,0.922884
907,4,19,12,3e+21,0.121819,0.0447667,1.2429,2.17,21.169,635.071,63.5071,36,0.764165,0.617084,0.736228,0.599596,0.71622,0.740303,0.720592,0.740303,0.720592,60.3318,60.3318,0.899483,0.909503,0.916251,0.883728,0.891352,0.726167,0.706832,0.726167,0.706832,0.950665,1.01162,0.921566
908,4,19,13,3e+21,0.121819,0.0572357,1.0689,1.763,26.6058,798.175,79.8174,42,0.838018,0.709729,0.792232,0.678873,0.758216,0.765098,0.733282,0.765098,0.733282,75.8266,75.8266,0.918034,0.951769,0.907055,0.91039,0.868108,0.817078,0.7831,0.817078,0.7831,0.940341,1.0083,0.909903
909,4,19,14,3e+21,0.121819,0.0731778,0.9217,1.478,33.88,1016.4,101.64,60,0.885959,0.782051,0.819369,0.727633,0.762664,0.756174,0.706261,0.756174,0.706261,96.5581,96.5581,0.921176,0.939585,0.738238,0.874205,0.687149,0.530372,0.495364,0.530372,0.495364,0.929914,0.969125,0.805449
910,4,19,15,3e+21,0.121819,0.0935603,0.8056,1.302,42.7529,1282.59,128.259,72,0.908619,0.821234,0.819735,0.730667,0.729569,0.709487,0.637254,0.709487,0.637254,121.846,121.846,0.930783,1.02556,1.00508,0.912457,0.894527,1.21102,1.08773,1.21102,1.08773,0.934321,1.04422,1.00508
911,4,19,16,3e+21,0.121819,0.11962,0.7071,1.189,54.054,1621.62,162.162,90,0.920286,0.843935,0.790097,0.695534,0.652119,0.614796,0.519595,0.614796,0.519595,154.054,154.054,0.966669,1.2685,0.651299,1.04544,0.53756,0.229609,0.194054,0.229609,0.194054,0.968071,1.28224,0.651299
912,4,19,17,3e+21,0.121819,0.152938,0.6167,1.114,69.6955,2090.87,209.087,120,0.925058,0.837275,0.690623,0.592532,0.493,0.427591,0.326037,0.427591,0.326037,198.632,198.632,0.924886,1.03273,1.13787,0.730854,0.812269,0.831802,0.634246,0.831802,0.634246,0.925297,1.03891,1.13787
913,4,19,18,3e+21,0.121819,0.195537,0.5494,1.073,86.7747,2603.24,260.324,150,0.926934,0.799465,0.497821,0.437056,0.280903,0.150594,0.100573,0.150594,0.100573,247.308,247.308,0.919751,1.04617,1.38744,0.571926,0.782881,1.52448,1.01811,1.52448,1.01811,0.919878,1.04992,1.38744
914,4,20,1,3e+21,0.180777,0.003,32.9073,6.719,12.4655,373.964,37.3964,18,0.241851,0.144794,0.258598,0.144134,0.25716,0.336755,0.334949,0.336755,0.334949,35.5266,35.5266,0.43685,0.378089,0.545311,0.376366,0.542279,0.480449,0.477871,0.480449,0.477871,0.664812,0.619807,0.542946
915,4,20,2,3e+21,0.180777,0.0038356,22.8634,6.932,11.3195,339.585,33.9585,18,0.252226,0.148484,0.256013,0.147759,0.25473,0.320612,0.319055,0.320612,0.319055,32.2606,32.2606,0.527081,0.481265,0.647764,0.478916,0.644517,0.570993,0.568221,0.570993,0.568221,0.796016,0.785821,0.616177
916,4,20,3,3e+21,0.180777,0.00490394,15.543,7.089,10.1725,305.174,30.5174,18,0.256497,0.147383,0.24561,0.146634,0.24456,0.294674,0.29345,0.294674,0.29345,28.9915,28.9915,0.491992,0.438432,0.666806,0.436203,0.663955,0.605007,0.602493,0.605007,0.602493,0.739869,0.714495,0.633704
917,4,20,4,3e+21,0.180777,0.00626986,10.7659,7.139,9.33531,280.059,28.0059,18,0.25492,0.140226,0.226005,0.139492,0.225202,0.259742,0.258843,0.259742,0.258843,26.6056,26.6056,0.498448,0.444971,0.12132,0.44264,0.12089,0.0912819,0.0909659,0.0912819,0.0909659,0.748272,0.725441,0.0989471
918,4,20,5,3e+21,0.180777,0.00801622,7.8273,7.068,8.94938,268.482,27,18,0.258118,0.140029,0.219257,0.139277,0.218544,0.247696,0.24691,0.247696,0.24691,25.65,25.65,0.555224,0.508256,0.61491,0.505526,0.61291,0.581686,0.579841,0.581686,0.579841,0.827723,0.823151,0.594715
919,4,20,6,3e+21,0.180777,0.010249,5.8304,6.861,9.00308,270.093,27.0092,18,0.269685,0.148389,0.226253,0.147559,0.225501,0.255241,0.254415,0.255241,0.254415,25.6588,25.6588,0.579449,0.535629,0.653323,0.532632,0.651151,0.619422,0.617418,0.619422,0.617418,0.851365,0.854689,0.633339
920,4,20,7,3e+21,0.180777,0.0131037,4.4982,6.506,9.50988,285.297,28.5297,18,0.296363,0.173027,0.255718,0.171998,0.254743,0.293405,0.292322,0.293405,0.292322,27.1032,27.1032,0.67329,0.64697,0.751125,0.643123,0.748261,0.702996,0.700403,0.702996,0.700403,0.963514,1.00348,0.724387
921,4,20,8,3e+21,0.180777,0.0167535,3.5313,5.964,10.5295,315.883,31.5884,18,0.337688,0.21209,0.29863,0.210693,0.297213,0.357412,0.355791,0.357412,0.355791,30.009,30.009,0.652314,0.616525,0.846005,0.612465,0.841992,0.752065,0.748654,0.752065,0.748654,0.896548,0.91554,0.79887
922,4,20,9,3e+21,0.180777,0.02142,2.8162,5.223,12.1594,364.782,36.4782,24,0.396325,0.266214,0.403927,0.264142,0.401487,0.445824,0.443157,0.445824,0.443157,34.6542,34.6542,0.748948,0.72861,0.870162,0.72294,0.864906,0.794595,0.789841,0.794595,0.789841,0.976597,1.02327,0.896351
923,4,20,10,3e+21,0.180777,0.0273861,2.2903,4.354,14.4673,434.018,43.4018,24,0.484432,0.349365,0.475937,0.345936,0.471815,0.545773,0.541135,0.545773,0.541135,41.2317,41.2317,0.81726,0.808252,0.970651,0.800318,0.962246,0.816042,0.809108,0.816042,0.809108,0.992307,1.04814,0.888481
924,4,20,11,3e+21,0.180777,0.0350141,1.889,3.458,17.6388,529.163,52.9163,30,0.592982,0.453544,0.598979,0.44744,0.591338,0.636577,0.628546,0.636577,0.628546,50.2705,50.2705,0.883035,0.892445,0.988024,0.880434,0.97542,0.826821,0.81639,0.826821,0.81639,0.997235,1.06419,1.00165
925,4,20,12,3e+21,0.180777,0.0447667,1.5842,2.69,21.7917,653.752,65.3752,36,0.70338,0.565769,0.689995,0.554667,0.676583,0.703747,0.690274,0.703747,0.690274,62.1064,62.1064,0.933166,0.966693,1.12319,0.947723,1.10135,0.928603,0.910826,0.928603,0.910826,0.994942,1.07335,1.131
926,4,20,13,3e+21,0.180777,0.0572357,1.343,2.104,27.2706,818.119,81.8118,48,0.795358,0.667853,0.766425,0.647755,0.743156,0.745532,0.723367,0.745532,0.723367,77.7213,77.7213,0.9538,1.00327,0.921282,0.973075,0.893312,0.746479,0.724286,0.746479,0.724286,0.98232,1.06285,0.997595
927,4,20,14,3e+21,0.180777,0.0731778,1.1472,1.694,34.5462,1036.39,103.639,60,0.861067,0.753475,0.805126,0.71736,0.76593,0.760136,0.72437,0.760136,0.72437,98.4566,98.4566,0.97343,1.07031,0.898782,1.01901,0.855026,0.699649,0.666729,0.699649,0.666729,0.985695,1.10482,0.963174
928,4,20,15,3e+21,0.180777,0.0935603,0.9961,1.44,43.4341,1303.02,130.302,72,0.89509,0.803832,0.822514,0.742988,0.759325,0.744057,0.689961,0.744057,0.689961,123.787,123.787,0.921303,0.918399,0.744115,0.848884,0.686949,0.483488,0.448337,0.483488,0.448337,0.926177,0.935412,0.744119
929,4,20,16,3e+21,0.180777,0.11962,0.8659,1.272,55.2491,1657.47,165.747,96,0.914506,0.840154,0.807247,0.737235,0.707687,0.687995,0.610021,0.687995,0.610021,157.46,157.46,0.931785,0.990999,0.986077,0.869602,0.864461,0.658817,0.58415,0.658817,0.58415,0.933741,1.00189,0.997627
930,4,20,17,3e+21,0.180777,0.152938,0.7552,1.166,70.6171,2118.51,211.851,120,0.922383,0.847958,0.766349,0.677747,0.612926,0.572512,0.472353,0.572512,0.472353,201.259,201.259,0.933312,1.07351,1.09404,0.858022,0.875012,1.16233,0.958985,1.16233,0.958985,0.933998,1.08027,1.09404
931,4,20,18,3e+21,0.180777,0.195537,0.6677,1.105,88.6855,2660.56,266.057,150,0.925806,0.834079,0.669136,0.569381,0.460289,0.378836,0.282427,0.378836,0.282427,252.754,252.754,0.919309,1.01163,1.16102,0.690585,0.798647,1.87264,1.39607,1.87264,1.39607,0.919534,1.01534,1.16102
932,4,20,19,3e+21,0.180777,0.25,0.5912,1.066,111.591,3347.74,334.774,192,0.927413,0.779777,0.41394,0.387043,0.213851,0.0535948,0.0343449,0.0535948,0.0343449,318.036,318.036,0.917017,1.07002,1.51988,0.531104,0.785206,2.67186,1.7122,2.67186,1.7122,0.91708,1.07234,1.51988
933,4,21,1,3e+21,0.26827,0.003,58.7368,7.25,20.2362,607.086,60.7086,18,0.258469,0.174958,0.324485,0.174244,0.321244,0.44288,0.438493,0.45186,0.447407,36,54,0.466668,0.415666,0.640183,0.413969,0.63379,0.353927,0.350421,0.258754,0.256204,0.685849,0.648347,0.359564
934,4,21,2,3e+21,0.26827,0.0038356,37.0555,7.722,18.4524,553.572,55.3573,18,0.276006,0.188498,0.329008,0.187671,0.325848,0.445979,0.442016,0.453326,0.449322,36,52.5894,0.475598,0.42322,0.662887,0.421362,0.656521,0.424464,0.420693,0.351098,0.347997,0.688043,0.650731,0.480352
935,4,21,3,3e+21,0.26827,0.00490394,25.5341,8.066,16.703,501.088,50.1089,18,0.278848,0.19072,0.321195,0.189874,0.318577,0.434265,0.430983,0.440764,0.437448,36,47.6034,0.53061,0.487328,0.74759,0.485165,0.741497,0.689919,0.684706,0.654433,0.649509,0.763269,0.744669,0.764481
936,4,21,4,3e+21,0.26827,0.00626986,18.8462,8.282,15.2906,458.719,45.8718,18,0.277066,0.188978,0.309525,0.188144,0.307443,0.416911,0.414277,0.421766,0.419109,36,43.5783,0.507475,0.460237,0.689691,0.458206,0.685051,0.664083,0.659887,0.637221,0.633207,0.728859,0.701724,0.738742
937,4,21,5,3e+21,0.26827,0.00801622,12.5807,8.419,13.7007,411.022,41.1022,18,0.276011,0.187652,0.298526,0.186829,0.296872,0.397615,0.395531,0.399606,0.397515,36,39.0471,0.563003,0.527212,0.711383,0.524898,0.707441,0.664067,0.660587,0.655851,0.652419,0.804298,0.798425,0.77087
938,4,21,6,3e+21,0.26827,0.010249,8.9772,8.335,12.8369,385.106,38.5107,18,0.279286,0.189392,0.291331,0.188548,0.28993,0.38296,0.381213,0.383448,0.3817,36,36.5851,0.540943,0.501477,0.723929,0.499242,0.720446,0.70355,0.700341,0.702823,0.699619,0.765947,0.75206,0.787906
939,4,21,7,3e+21,0.26827,0.0131037,6.562,8.006,12.6048,378.144,37.8144,18,0.292404,0.199462,0.29418,0.19853,0.292822,0.383124,0.381451,0.383124,0.381451,35.9237,35.9237,0.586759,0.553025,0.808468,0.55044,0.804735,0.712154,0.709044,0.712154,0.709044,0.81537,0.813144,0.804638
940,4,21,8,3e+21,0.26827,0.0167535,4.9513,7.407,13.0619,391.857,39.1857,24,0.322039,0.225422,0.366313,0.224268,0.364567,0.414682,0.412725,0.414682,0.412725,37.2264,37.2264,0.609471,0.577203,0.789852,0.574248,0.786088,0.699711,0.696409,0.699711,0.696409,0.818928,0.819014,0.814443
941,4,21,9,3e+21,0.26827,0.02142,3.853,6.554,14.2232,426.697,42.6697,24,0.369708,0.267495,0.401458,0.265912,0.399186,0.463042,0.46046,0.463042,0.46046,40.5362,40.5362,0.700766,0.677999,0.892637,0.673987,0.887586,0.763562,0.759303,0.763562,0.759303,0.89824,0.915111,0.926284
942,4,21,10,3e+21,0.26827,0.0273861,3.0755,5.52,16.1324,483.973,48.3973,24,0.437752,0.327756,0.446591,0.325364,0.44332,0.525524,0.521771,0.525524,0.521771,45.9774,45.9774,0.722997,0.698784,0.892556,0.693684,0.886019,0.747249,0.741912,0.747249,0.741912,0.874558,0.886242,0.858725
943,4,21,11,3e+21,0.26827,0.0350141,2.4961,4.412,18.9509,568.527,56.8527,30,0.529548,0.410628,0.549892,0.406641,0.54443,0.591792,0.585977,0.591792,0.585977,54.01,54.01,0.810335,0.796708,0.968943,0.788972,0.95932,0.78933,0.781574,0.78933,0.781574,0.920101,0.942167,0.98494
944,4,21,12,3e+21,0.26827,0.0447667,2.0488,3.38,22.9692,689.074,68.9075,36,0.639211,0.514592,0.640553,0.507416,0.631212,0.661304,0.651776,0.661304,0.651776,65.4621,65.4621,0.897175,0.903654,0.958955,0.891052,0.944972,0.738218,0.727582,0.738218,0.727582,0.963451,1.00181,0.967247
945,4,21,13,3e+21,0.26827,0.0572357,1.7177,2.594,28.179,845.371,84.5371,48,0.740759,0.618139,0.726223,0.605248,0.71032,0.713843,0.698452,0.713843,0.698452,80.3103,80.3103,0.942303,0.974716,1.03646,0.954389,1.01376,0.899781,0.880381,0.899781,0.880381,0.977013,1.03498,1.03705
946,4,21,14,3e+21,0.26827,0.0731778,1.452,2.019,35.2226,1056.68,105.668,60,0.823298,0.712658,0.778515,0.689388,0.751918,0.747519,0.722595,0.747519,0.722595,100.384,100.384,0.953298,1.00294,1.01883,0.970194,0.984025,0.887075,0.857497,0.887075,0.857497,0.969307,1.03743,1.01887
947,4,21,15,3e+21,0.26827,0.0935603,1.2442,1.643,44.2538,1327.61,132.761,72,0.873972,0.778088,0.811133,0.737745,0.767475,0.755525,0.716412,0.755525,0.716412,126.123,126.123,0.956033,1.01638,0.93783,0.96368,0.887352,0.690289,0.654553,0.690289,0.654553,0.962844,1.03572,0.937836
948,4,21,16,3e+21,0.26827,0.11962,1.0786,1.404,55.624,1668.72,166.872,96,0.903203,0.824294,0.816818,0.756388,0.747664,0.733695,0.675123,0.733695,0.675123,158.528,158.528,0.95629,1.06699,1.0178,0.979092,0.931633,0.933932,0.859375,0.933932,0.859375,0.959232,1.07922,1.02941
949,4,21,17,3e+21,0.26827,0.152938,0.9373,1.249,70.6518,2119.56,211.956,120,0.917246,0.846817,0.802657,0.73352,0.693523,0.668541,0.585743,0.668541,0.585743,201.358,201.358,0.923744,0.973611,0.976493,0.84335,0.843723,1.21317,1.06292,1.21317,1.06292,0.92482,0.98003,0.976493
950,4,21,18,3e+21,0.26827,0.195537,0.8216,1.155,89.3272,2679.81,267.981,150,0.923474,0.84913,0.755983,0.666612,0.592912,0.54509,0.4434,0.54509,0.4434,254.582,254.582,0.925929,0.902813,0.488139,0.708756,0.382844,0.151792,0.123474,0.151792,0.123474,0.926311,0.906251,0.488139
951,4,21,19,3e+21,0.26827,0.25,0.7217,1.096,113.349,3400.46,340.046,192,0.926292,0.82887,0.633535,0.540584,0.416583,0.324485,0.235413,0.324485,0.235413,323.043,323.043,0.917512,0.705411,-0.103165,0.460065,-0.0678368,-0.656284,-0.476132,-0.656284,-0.476132,0.917635,0.707026,-0.103165
952,4,22,2,3e+21,0.398107,0.0038356,57.9221,8.126,29.0655,871.964,87.1964,18,0.289756,0.208225,0.377515,0.207354,0.373599,0.511651,0.50385,0.534619,0.526523,36,54,0.533996,0.486817,0.676683,0.484782,0.669663,0.766823,0.755133,0.720234,0.709327,0.753456,0.724377,0.77529
953,4,22,3,3e+21,0.398107,0.00490394,46.7623,8.397,27.8718,836.153,83.6153,18,0.293775,0.212569,0.375505,0.211678,0.371687,0.508171,0.500948,0.529044,0.521564,36,54,0.54955,0.505616,0.695048,0.503496,0.687982,0.568682,0.560598,0.516462,0.50916,0.77003,0.746276,0.804133
954,4,22,4,3e+21,0.398107,0.00626986,30.8492,8.863,25.1068,753.204,75.3204,24,0.295865,0.216716,0.422218,0.215827,0.417163,0.511017,0.505054,0.506227,0.500365,48,71.5544,0.57106,0.530136,0.803854,0.527962,0.79423,0.703914,0.695701,0.612347,0.605256,0.791599,0.7717,0.840676
955,4,22,5,3e+21,0.398107,0.00801622,21.6685,9.143,22.6327,678.98,67.898,24,0.295756,0.218449,0.408416,0.217573,0.404351,0.492341,0.487651,0.489835,0.485195,48,64.5031,0.559939,0.520439,0.762857,0.518353,0.755263,0.698552,0.691898,0.640991,0.634919,0.769162,0.748682,0.797121
956,4,22,6,3e+21,0.398107,0.010249,14.2651,9.261,20.0313,600.938,60.0938,24,0.298483,0.222267,0.394007,0.221384,0.390983,0.472702,0.46918,0.471884,0.468379,48,57.0891,0.608611,0.578221,0.74934,0.575926,0.74359,0.680959,0.675886,0.664835,0.659897,0.82415,0.817623,0.781708
957,4,22,7,3e+21,0.398107,0.0131037,10.2513,9.108,18.5322,555.965,55.5965,24,0.306774,0.229996,0.387684,0.229064,0.385152,0.463588,0.460633,0.463256,0.460308,48,52.8166,0.575606,0.542244,0.780297,0.540048,0.775199,0.672813,0.668525,0.665735,0.661499,0.766382,0.752384,0.813631
958,4,22,8,3e+21,0.398107,0.0167535,7.4216,8.636,17.8027,534.081,53.4081,24,0.324909,0.245547,0.389007,0.244489,0.386671,0.46467,0.461946,0.464539,0.461818,48,50.7377,0.622399,0.593883,0.86073,0.591324,0.855561,0.785459,0.780854,0.780099,0.775529,0.807551,0.801501,0.917893
959,4,22,9,3e+21,0.398107,0.02142,5.5292,7.814,18.0346,541.038,54.1038,24,0.358428,0.27422,0.40298,0.272893,0.400488,0.482561,0.47966,0.482297,0.479402,48,51.3987,0.667395,0.642218,0.8257,0.639112,0.820595,0.70659,0.702343,0.698682,0.694489,0.834467,0.833406,0.847232
960,4,22,10,3e+21,0.398107,0.0273861,4.2435,6.696,19.2827,578.481,57.8481,30,0.412244,0.320784,0.480076,0.318924,0.476735,0.520036,0.516448,0.520036,0.516448,54.9557,54.9557,0.721458,0.698589,0.855453,0.694538,0.8495,0.707413,0.702532,0.707413,0.702532,0.859548,0.861144,0.868583
961,4,22,11,3e+21,0.398107,0.0350141,3.3699,5.471,21.5214,645.641,64.5642,30,0.484593,0.384036,0.517105,0.381191,0.512623,0.565756,0.560919,0.565409,0.560578,60,61.3359,0.820977,0.810031,0.954092,0.804032,0.945822,0.802964,0.7961,0.80086,0.794017,0.929852,0.945526,0.974238
962,4,22,12,3e+21,0.398107,0.0447667,2.7234,4.267,24.9696,749.088,74.9087,36,0.576908,0.467153,0.595115,0.462404,0.588183,0.62173,0.614573,0.62173,0.614573,71.1633,71.1633,0.941877,0.959346,0.998715,0.949593,0.987082,0.820194,0.810753,0.820194,0.810753,1.01749,1.06265,1.01081
963,4,22,13,3e+21,0.398107,0.0572357,2.2338,3.237,29.9136,897.407,89.7407,48,0.682284,0.568849,0.68339,0.560392,0.67204,0.676477,0.66538,0.676477,0.66538,85.2537,85.2537,1.07015,1.14673,0.969041,1.12969,0.952947,0.757355,0.744932,0.757355,0.744932,1.11652,1.22035,0.969897
964,4,22,14,3e+21,0.398107,0.0731778,1.8603,2.462,36.6612,1099.84,109.984,60,0.775345,0.665301,0.745833,0.650164,0.72721,0.723835,0.706085,0.723835,0.706085,104.484,104.484,0.969024,1.00549,0.936396,0.982617,0.913014,0.728182,0.710325,0.728182,0.710325,0.989808,1.04268,0.936464
965,4,22,15,3e+21,0.398107,0.0935603,1.5734,1.932,45.5242,1365.73,136.573,72,0.842688,0.742702,0.789912,0.716192,0.759538,0.749944,0.721915,0.749944,0.721915,129.744,129.744,0.953693,0.997039,0.989251,0.96145,0.951212,0.795269,0.765546,0.795269,0.765546,0.963154,1.01814,0.989264
966,4,22,16,3e+21,0.398107,0.11962,1.3471,1.586,57.0155,1710.47,171.047,96,0.886245,0.802069,0.812274,0.756459,0.763428,0.750954,0.707694,0.750954,0.707694,162.494,162.494,0.942706,0.997969,1.00341,0.941219,0.943074,1.04353,0.983417,1.04353,0.983417,0.946633,1.00974,1.00341
967,4,22,17,3e+21,0.398107,0.152938,1.1616,1.362,72.0628,2161.88,216.188,120,0.908583,0.835395,0.816616,0.758515,0.738433,0.718002,0.653759,0.718002,0.653759,205.379,205.379,0.938267,0.960538,0.770508,0.872141,0.696739,0.487928,0.444271,0.487928,0.444271,0.939868,0.967195,0.770508
968,4,22,18,3e+21,0.398107,0.195537,1.0103,1.224,91.1824,2735.47,273.547,156,0.91938,0.850094,0.790697,0.723536,0.670354,0.641931,0.553871,0.641931,0.553871,259.87,259.87,0.962853,1.13534,0.650728,0.966316,0.551688,0.296459,0.255791,0.296459,0.255791,0.963462,1.13984,0.650728
969,4,22,19,3e+21,0.398107,0.25,0.8802,1.136,116.331,3489.93,348.993,198,0.924599,0.847279,0.725709,0.640272,0.547595,0.49241,0.389751,0.49241,0.389751,331.543,331.543,0.940941,1.05413,0.426026,0.796585,0.321465,-0.0714794,-0.0565771,-0.0714794,-0.0565771,0.941155,1.05669,0.426026
970,4,23,4,3e+21,0.590784,0.00626986,56.4433,8.986,41.338,1240.14,124.014,24,0.303976,0.227535,0.466308,0.226623,0.460229,0.579536,0.567162,0.585063,0.572629,48,72,0.625818,0.589789,0.804299,0.587425,0.793814,0.887469,0.868519,0.812807,0.795533,0.859275,0.847986,0.871966
971,4,23,5,3e+21,0.590784,0.00801622,38.3917,9.428,37.8512,1135.53,113.553,24,0.305305,0.231699,0.454428,0.230802,0.448952,0.563449,0.553334,0.565187,0.555071,48,72,0.652851,0.622867,0.854297,0.620456,0.844001,0.929587,0.912899,0.879041,0.863308,0.884551,0.880347,0.988333
972,4,23,6,3e+21,0.590784,0.010249,25.1602,9.701,33.5453,1006.36,100.636,24,0.30916,0.237953,0.440354,0.237056,0.435558,0.543218,0.535574,0.542426,0.534816,48,72,0.677141,0.65102,0.812174,0.648565,0.803329,0.85092,0.838946,0.750915,0.740381,0.900625,0.899601,0.900598
973,4,23,7,3e+21,0.590784,0.0131037,17.703,9.707,30.1258,903.776,90.3775,24,0.316886,0.24651,0.430159,0.245579,0.425876,0.528222,0.522231,0.526772,0.52082,48,72,0.708126,0.685375,0.879356,0.682787,0.8706,0.881335,0.87134,0.740488,0.732121,0.923104,0.925397,0.89868
974,4,23,8,3e+21,0.590784,0.0167535,11.7564,9.374,26.9269,807.808,80.7808,24,0.33406,0.262851,0.421992,0.261817,0.418197,0.516238,0.511564,0.51473,0.51009,48,72,0.710678,0.689498,0.821415,0.686785,0.814028,0.825207,0.817736,0.709214,0.702822,0.898754,0.900199,0.861863
975,4,23,9,3e+21,0.590784,0.02142,8.3955,8.718,25.3509,760.528,76.0528,30,0.359335,0.285219,0.467024,0.284,0.463202,0.517324,0.513167,0.515011,0.510887,60,72.2501,0.766607,0.753491,0.897664,0.750269,0.890319,0.818038,0.811464,0.802176,0.795752,0.937953,0.94924,0.920084
976,4,23,10,3e+21,0.590784,0.0273861,6.1306,7.689,25.1437,754.311,75.4312,30,0.400024,0.320349,0.478408,0.318765,0.474543,0.532139,0.527924,0.530041,0.525857,60,71.6596,0.834612,0.829603,0.907213,0.825499,0.899882,0.81113,0.804706,0.781637,0.775467,0.980757,1.00101,0.917091
977,4,23,11,3e+21,0.590784,0.0350141,4.7107,6.489,26.3078,789.235,78.9234,36,0.456123,0.369044,0.53014,0.366815,0.525516,0.5581,0.553277,0.55741,0.552597,72,74.9773,0.924395,0.933571,0.952269,0.927933,0.943963,0.834623,0.82741,0.833358,0.826163,1.04282,1.07836,0.963969
978,4,23,12,3e+21,0.590784,0.0447667,3.7089,5.209,28.8824,866.471,86.6472,42,0.533746,0.438372,0.588612,0.434913,0.582441,0.597491,0.59128,0.597491,0.59128,82.3148,82.3148,1.21101,1.28808,0.997256,1.27792,0.986801,0.809688,0.801272,0.809688,0.801272,1.31313,1.42537,1.00155
979,4,23,13,3e+21,0.590784,0.0572357,2.9785,4.018,33.085,992.551,99.2551,48,0.626289,0.523692,0.647101,0.517921,0.638232,0.644841,0.636099,0.644841,0.636099,94.2924,94.2924,1.32651,1.46973,1.03624,1.45353,1.02203,0.880397,0.868461,0.880397,0.868461,1.39223,1.56852,1.03844
980,4,23,14,3e+21,0.590784,0.0731778,2.4339,3.044,39.2415,1177.24,117.724,60,0.720474,0.614848,0.710381,0.604829,0.696663,0.69365,0.680449,0.69365,0.680449,111.838,111.838,1.10395,1.20082,1.09173,1.18126,1.07064,0.876217,0.859542,0.876217,0.859542,1.133,1.24876,1.09192
981,4,23,15,3e+21,0.590784,0.0935603,2.0198,2.326,47.8061,1434.18,143.418,78,0.80212,0.700924,0.761391,0.683307,0.739623,0.73285,0.712333,0.73285,0.712333,136.247,136.247,0.999119,1.06886,1.07796,1.042,1.04714,0.999302,0.971326,0.999302,0.971326,1.01171,1.09299,1.11524
982,4,23,16,3e+21,0.590784,0.11962,1.7098,1.849,58.8664,1765.99,176.599,96,0.8595,0.769506,0.797209,0.739289,0.762689,0.752283,0.720714,0.752283,0.720714,167.769,167.769,0.991211,1.06738,0.975904,1.02547,0.933647,0.750774,0.719267,0.750774,0.719267,0.99698,1.08131,0.975904
983,4,23,17,3e+21,0.590784,0.152938,1.4595,1.531,73.6386,2209.16,220.916,120,0.893626,0.814582,0.815744,0.76337,0.760587,0.744393,0.696444,0.744393,0.696444,209.87,209.87,1.01913,1.20126,0.993698,1.12573,0.926509,0.736667,0.689215,0.736667,0.689215,1.0216,1.21006,0.993698
984,4,23,18,3e+21,0.590784,0.195537,1.2578,1.328,92.7806,2783.42,278.342,156,0.912097,0.842246,0.809997,0.756701,0.723476,0.701155,0.631651,0.701155,0.631651,264.425,264.425,0.948907,1.01696,0.937396,0.913669,0.837266,0.630582,0.568074,0.630582,0.568074,0.949828,1.02131,0.937396
985,4,23,19,3e+21,0.590784,0.25,1.097,1.206,116.471,3494.13,349.413,198,0.920719,0.851781,0.779841,0.713582,0.649473,0.614538,0.522872,0.614538,0.522872,331.942,331.942,0.936926,0.984801,0.779226,0.82502,0.64896,0.377666,0.321332,0.377666,0.321332,0.937274,0.987299,0.804876
986,4,24,5,3e+21,0.876712,0.00801622,55.9539,9.696,58.6531,1759.59,175.959,24,0.311623,0.240764,0.474101,0.239858,0.468541,0.604207,0.58888,0.62937,0.611083,48,72,0.689467,0.663408,0.858706,0.660913,0.848636,1.02365,0.99768,1.02511,0.99532,0.924146,0.924866,0.925499
987,4,24,6,3e+21,0.876712,0.010249,40.7047,9.934,54.4588,1633.76,163.376,24,0.315898,0.247172,0.466293,0.246263,0.461209,0.590972,0.577149,0.612073,0.596738,48,72,0.767525,0.750643,0.897175,0.747884,0.887392,0.98652,0.963445,1.01292,0.987547,1.01197,1.02588,0.948002
988,4,24,7,3e+21,0.876712,0.0131037,29.8326,9.992,49.924,1497.72,149.772,24,0.32334,0.255797,0.459827,0.254861,0.455153,0.578755,0.566594,0.595518,0.582979,48,72,0.788871,0.774452,0.86185,0.771619,0.85309,0.95875,0.938606,0.995449,0.974489,1.01996,1.03471,0.924529
989,4,24,8,3e+21,0.876712,0.0167535,20.3382,9.803,44.3753,1331.26,133.126,24,0.338246,0.270861,0.45434,0.269846,0.450076,0.567163,0.557673,0.578376,0.56877,48,72,0.869194,0.863531,0.983718,0.860298,0.974487,1.002,0.985231,1.00043,0.983815,1.0922,1.1174,1.0248
990,4,24,9,3e+21,0.876712,0.02142,13.5065,9.242,39.3232,1179.7,117.97,30,0.362958,0.293864,0.49628,0.292686,0.490833,0.56747,0.560058,0.562293,0.554975,60,90,1.01149,1.02267,0.934245,1.01857,0.92399,0.992244,0.979284,0.841075,0.830128,1.22613,1.27227,0.99356
991,4,24,10,3e+21,0.876712,0.0273861,9.521,8.405,36.3725,1091.18,109.118,30,0.396412,0.323911,0.495622,0.322463,0.490513,0.565505,0.559195,0.560472,0.554244,60,90,1.28208,1.33391,1.07403,1.32795,1.06296,1.01146,1.00018,0.90294,0.892906,1.49922,1.59624,1.0435
992,4,24,11,3e+21,0.876712,0.0350141,6.9865,7.333,35.3251,1059.75,105.975,36,0.442421,0.364742,0.529842,0.362832,0.524048,0.575041,0.568982,0.568636,0.562683,72,100.676,1.96293,2.13142,0.996244,2.12026,0.98535,0.943708,0.933765,0.867656,0.858573,2.21303,2.45232,1.02222
993,4,24,12,3e+21,0.876712,0.0447667,5.2376,6.055,36.2296,1086.89,108.689,42,0.506241,0.421365,0.574508,0.418597,0.5681,0.597051,0.590464,0.592335,0.585834,84,103.254,-0.602658,-0.900057,1.05182,-0.894144,1.04009,0.965417,0.954766,0.923193,0.913061,-0.655087,-0.995543,1.0659
994,4,24,13,3e+21,0.876712,0.0572357,4.0956,4.832,39.0611,1171.83,117.183,48,0.582006,0.489631,0.62194,0.485382,0.613917,0.631195,0.623115,0.626938,0.618951,96,111.324,0.860371,0.850535,0.978824,0.843154,0.966196,0.856521,0.845557,0.846518,0.835734,0.9078,0.910605,0.972644
995,4,24,14,3e+21,0.876712,0.0731778,3.2638,3.72,44.1399,1324.2,132.42,60,0.668957,0.570674,0.682308,0.563692,0.67108,0.671209,0.660279,0.669318,0.658443,120,125.799,1.9536,2.33742,0.966975,2.30882,0.951062,0.7807,0.767987,0.7744,0.761819,2.01476,2.43896,0.967807
996,4,24,15,3e+21,0.876712,0.0935603,2.658,2.84,51.7374,1552.12,155.212,78,0.753531,0.65407,0.733721,0.642224,0.71714,0.71005,0.694276,0.71005,0.694276,147.452,147.452,1.05241,1.12407,1.0821,1.10371,1.05765,0.851814,0.83289,0.851814,0.83289,1.06942,1.15254,1.08211
997,4,24,16,3e+21,0.876712,0.11962,2.2067,2.203,62.269,1868.07,186.807,96,0.824048,0.730714,0.77616,0.710458,0.750775,0.740791,0.717148,0.740791,0.717148,177.467,177.467,0.982687,1.0326,1.06768,1.00397,1.03276,0.874705,0.846788,0.874705,0.846788,0.990202,1.04735,1.06768
998,4,24,17,3e+21,0.876712,0.152938,1.8568,1.764,76.5754,2297.26,229.726,120,0.871571,0.787319,0.805677,0.75294,0.765889,0.75187,0.716064,0.75187,0.716064,218.24,218.24,0.969192,1.02878,1.10874,0.983858,1.05398,0.932054,0.887667,0.932054,0.887667,0.972524,1.0372,1.10874
999,4,24,18,3e+21,0.876712,0.195537,1.5848,1.48,95.1875,2855.62,285.562,156,0.899503,0.824427,0.814856,0.767086,0.752872,0.734938,0.681997,0.734938,0.681997,271.284,271.284,0.944515,0.984328,0.987307,0.915866,0.912204,0.778439,0.722364,0.778439,0.722364,0.945875,0.98894,0.987307
1000,4,24,19,3e+21,0.876712,0.25,1.3649,1.298,119.427,3582.82,358.282,198,0.915183,0.847984,0.805897,0.752988,0.709858,0.682575,0.607762,0.682575,0.607762,340.368,340.368,0.932589,0.953929,0.931892,0.847063,0.820838,0.604303,0.538069,0.604303,0.538069,0.933085,0.95636,0.931892
1001,4,25,7,3e+21,1.30103,0.0131037,48.6304,10.144,80.4789,2414.37,241.437,24,0.327697,0.261666,0.472386,0.260724,0.467633,0.611981,0.598068,0.652178,0.629583,48,72,0.791251,0.777446,0.887242,0.774649,0.878315,1.00869,0.985755,1.04933,1.01297,1.01932,1.03382,0.944059
1002,4,25,8,3e+21,1.30103,0.0167535,33.782,9.999,73.099,2192.97,219.297,24,0.342979,0.277487,0.468532,0.276471,0.464169,0.603384,0.590855,0.638394,0.618926,48,72,0.865211,0.859387,0.912774,0.856239,0.904274,1.0403,1.0187,1.11011,1.07626,1.08247,1.10581,0.969282
1003,4,25,9,3e+21,1.30103,0.02142,22.9559,9.544,64.9987,1949.96,194.996,30,0.365867,0.299468,0.518636,0.29831,0.512823,0.616037,0.601693,0.626881,0.6118,60,90,0.99055,0.999102,0.950644,0.99524,0.93999,1.01404,0.990434,1.06513,1.03951,1.19774,1.23823,0.986984
1004,4,25,10,3e+21,1.30103,0.0273861,16.0912,8.87,58.2519,1747.56,174.756,30,0.394564,0.326005,0.518316,0.324634,0.512855,0.609125,0.597268,0.615591,0.603704,60,90,1.15284,1.1829,0.995392,1.17793,0.984905,1.08967,1.06846,1.11417,1.09266,1.34854,1.41412,1.03368
1005,4,25,11,3e+21,1.30103,0.0350141,10.995,7.864,52.7223,1581.67,158.167,36,0.437546,0.365089,0.55,0.363325,0.54354,0.613485,0.603768,0.607409,0.597815,72,108,1.57227,1.66808,1.12682,1.66003,1.11359,1.12124,1.10348,1.0514,1.0348,1.772,1.91541,1.14534
1006,4,25,12,3e+21,1.30103,0.0447667,7.8406,6.705,50.1003,1503.01,150.301,42,0.490837,0.412866,0.57962,0.410463,0.572001,0.619878,0.611021,0.610889,0.60221,84,126,3.03684,3.40997,1.11548,3.39012,1.10082,1.11446,1.09854,1.01527,1.00084,3.30824,3.77397,1.12154
1007,4,25,13,3e+21,1.30103,0.0572357,5.8411,5.506,50.3546,1510.64,151.064,54,0.555739,0.471315,0.625002,0.467836,0.615896,0.636202,0.627046,0.627767,0.618804,108,143.511,1.23458,1.30629,1.15515,1.29665,1.13832,1.09975,1.08392,1.04956,1.03458,1.30684,1.40104,1.16685
1008,4,25,14,3e+21,1.30103,0.0731778,4.5309,4.395,53.3105,1599.31,159.931,60,0.628167,0.537337,0.662489,0.532068,0.651738,0.664964,0.654258,0.656653,0.646166,120,151.935,0.437656,0.295925,1.23439,0.293024,1.21436,1.16254,1.14382,1.12499,1.10702,0.453263,0.30976,1.23483
1009,4,25,15,3e+21,1.30103,0.0935603,3.5782,3.398,59.3907,1781.72,178.172,78,0.70913,0.614184,0.713906,0.605647,0.699572,0.695829,0.682013,0.691734,0.678062,156,169.263,1.26703,1.41487,1.10673,1.3952,1.08451,0.988124,0.968504,0.974607,0.955344,1.29155,1.45416,1.10693
1010,4,25,16,3e+21,1.30103,0.11962,2.9132,2.638,68.5516,2056.55,205.655,96,0.782506,0.688446,0.755053,0.674435,0.73487,0.72531,0.706289,0.723984,0.705027,192,195.372,1.04325,1.12007,1.17904,1.09728,1.14753,1.06584,1.03789,1.06272,1.0349,1.05355,1.13813,1.17905
1011,4,25,17,3e+21,1.30103,0.152938,2.4091,2.074,81.759,2452.77,245.277,120,0.841561,0.753434,0.789316,0.730035,0.759327,0.745684,0.718155,0.745684,0.718155,233.013,233.013,0.977898,1.03084,1.10376,0.99883,1.06182,0.968561,0.932805,0.968561,0.932805,0.982433,1.04026,1.10376
1012,4,25,18,3e+21,1.30103,0.195537,2.0205,1.683,99.9215,2997.64,299.764,156,0.88129,0.801304,0.810415,0.762166,0.764519,0.748183,0.707543,0.748183,0.707543,284.776,284.776,0.953594,0.99843,0.982488,0.949663,0.926847,0.858504,0.811871,0.858504,0.811871,0.955537,1.00362,0.982488
1013,4,25,19,3e+21,1.30103,0.25,1.7255,1.434,123.151,3694.52,369.452,198,0.904399,0.832869,0.815271,0.768766,0.745374,0.72362,0.665289,0.72362,0.665289,350.98,350.98,0.943597,0.987099,0.887908,0.911124,0.811783,0.692822,0.636973,0.692822,0.636973,0.9444,0.990049,0.887908
1014,4,26,8,3e+21,1.9307,0.0167535,52.6533,10.085,115.739,3472.18,347.218,24,0.347796,0.283366,0.4755,0.282337,0.471153,0.616054,0.603355,0.666374,0.644245,48,72,0.8738,0.868785,0.906558,0.865632,0.898272,0.800171,0.783676,0.710807,0.687204,1.08808,1.11163,0.955077
1015,4,26,9,3e+21,1.9307,0.02142,41.1017,9.806,108.875,3266.24,326.624,30,0.363034,0.298222,0.527254,0.297104,0.521304,0.64226,0.625914,0.679264,0.65226,60,90,0.951676,0.955295,0.947911,0.951713,0.937213,0.830082,0.808955,0.818119,0.785594,1.15741,1.19088,0.981569
1016,4,26,10,3e+21,1.9307,0.0273861,27.5931,9.112,97.0307,2910.92,291.092,30,0.39447,0.327871,0.526869,0.326534,0.521341,0.638276,0.623587,0.670039,0.646675,60,90,1.08566,1.10619,0.974732,1.10168,0.964505,1.05497,1.03069,1.04846,1.0119,1.2707,1.32243,1.00347
1017,4,26,11,3e+21,1.9307,0.0350141,19.0879,8.268,86.495,2594.85,259.485,36,0.431921,0.362628,0.561164,0.360974,0.554528,0.652823,0.636385,0.665242,0.646159,72,108,1.23659,1.28019,1.01305,1.27435,1.00107,1.08184,1.0546,1.06582,1.03524,1.39876,1.47466,1.03688
1018,4,26,12,3e+21,1.9307,0.0447667,12.6395,7.132,76.8496,2305.49,230.549,42,0.484035,0.410283,0.594168,0.408061,0.586269,0.659737,0.644774,0.656333,0.641483,84,126,1.56712,1.67142,1.05444,1.66236,1.04042,1.0753,1.05091,1.11111,1.08597,1.71018,1.85162,1.07079
1019,4,26,13,3e+21,1.9307,0.0572357,8.9935,6.044,71.8071,2154.21,215.421,54,0.538968,0.460142,0.634356,0.457108,0.624042,0.663961,0.650841,0.652853,0.640018,108,162,2.1061,2.34158,1.09999,2.32614,1.08211,1.23112,1.20679,1.12252,1.10046,2.23648,2.51757,1.11091
1020,4,26,14,3e+21,1.9307,0.0731778,6.5829,4.939,70.6248,2118.75,211.875,66,0.603655,0.519071,0.665587,0.514685,0.653025,0.675578,0.662679,0.660715,0.648247,132,198,2.61051,3.04229,1.12848,3.01658,1.10718,1.1575,1.1354,1.08957,1.06901,2.71149,3.19152,1.13953
1021,4,26,15,3e+21,1.9307,0.0935603,5.0094,3.933,73.4985,2204.96,220.496,78,0.67455,0.58505,0.701437,0.578404,0.68684,0.697389,0.683002,0.684332,0.670378,156,209.471,1.40616,1.57555,1.07811,1.55765,1.05568,1.09877,1.0761,1.09368,1.07138,1.43768,1.6234,1.08353
1022,4,26,16,3e+21,1.9307,0.11962,3.9526,3.097,80.3406,2410.22,241.022,96,0.744834,0.653177,0.741279,0.64279,0.722925,0.721514,0.703817,0.711036,0.693774,192,228.971,1.07911,1.15794,1.03816,1.13953,1.01245,1.02481,0.999672,1.03696,1.01179,1.09208,1.17872,1.03849
1023,4,26,17,3e+21,1.9307,0.152938,3.2072,2.447,91.3406,2740.22,274.022,120,0.807177,0.717669,0.773642,0.701128,0.748894,0.740815,0.717533,0.733964,0.711063,240,260.321,0.991,1.04146,1.01495,1.01745,0.982484,0.983028,0.952134,0.968186,0.937977,0.996926,1.05214,1.01495
1024,4,26,18,3e+21,1.9307,0.195537,2.6368,1.952,107.9,3237.01,323.701,156,0.856702,0.77306,0.799265,0.745939,0.763635,0.74676,0.714578,0.74676,0.714578,307.516,307.516,0.962747,1.00598,0.976086,0.970693,0.932575,0.856819,0.819894,0.856819,0.819894,0.965243,1.01145,0.976086
1025,4,26,19,3e+21,1.9307,0.25,2.2124,1.615,130.24,3907.2,390.72,198,0.888859,0.812426,0.814716,0.76832,0.761913,0.74184,0.696014,0.74184,0.696014,371.184,371.184,0.934751,0.952074,0.890557,0.900387,0.832837,0.754364,0.707764,0.754364,0.707764,0.935915,0.955309,0.890557
1026,4,27,9,3e+21,2.86512,0.02142,59.7507,9.759,167.796,5033.87,503.387,30,0.372198,0.307986,0.531935,0.306824,0.526108,0.650097,0.634046,0.694381,0.666625,60,90,0.949748,0.953131,0.950691,0.949537,0.940278,0.859311,0.838094,0.842307,0.808638,1.14423,1.17565,0.979903
1027,4,27,10,3e+21,2.86512,0.0273861,50.1243,9.438,161.361,4840.83,484.083,30,0.386947,0.321985,0.531665,0.320723,0.526046,0.648352,0.633031,0.691982,0.665446,60,90,0.988806,0.996912,0.960012,0.993005,0.949864,0.843762,0.823824,0.831415,0.799532,1.16943,1.20499,0.988721
1028,4,27,11,3e+21,2.86512,0.0350141,31.9152,8.412,142.93,4287.91,428.791,36,0.43328,0.365416,0.566139,0.363782,0.559514,0.667136,0.649649,0.701599,0.672186,72,108,1.15246,1.18375,0.994014,1.17846,0.982382,0.886661,0.86342,0.864565,0.82832,1.30318,1.36258,1.01478
1029,4,27,12,3e+21,2.86512,0.0447667,21.9102,7.438,127.348,3820.45,382.045,42,0.478181,0.406929,0.59805,0.40483,0.590131,0.683144,0.66355,0.704284,0.674748,84,126,1.29255,1.35052,1.01491,1.34355,1.00147,0.949672,0.922433,0.89575,0.858184,1.41501,1.50058,1.02957
1030,4,27,13,3e+21,2.86512,0.0572357,14.2878,6.27,112.08,3362.39,336.239,54,0.536731,0.460735,0.641013,0.457828,0.63056,0.700055,0.677566,0.697778,0.675145,108,162,1.4854,1.5933,1.03051,1.58324,1.01371,1.03535,1.00209,1.00986,0.977107,1.5768,1.71141,1.03864
1031,4,27,14,3e+21,2.86512,0.0731778,10.3078,5.337,103.835,3115.04,311.504,66,0.588702,0.508323,0.672877,0.504422,0.659871,0.705587,0.685926,0.693524,0.67427,132,198,1.68768,1.86633,1.03241,1.85201,1.01246,1.01332,0.985087,0.981788,0.954531,1.75709,1.96182,1.03836
1032,4,27,15,3e+21,2.86512,0.0935603,7.4607,4.376,100.103,3003.1,300.31,78,0.649894,0.564762,0.700909,0.559189,0.685353,0.713298,0.694842,0.697567,0.679657,156,234,2.29631,2.70864,1.02619,2.68191,1.00341,1.0036,0.97763,0.959769,0.935128,2.35333,2.79665,1.03142
1033,4,27,16,3e+21,2.86512,0.11962,5.6236,3.526,102.036,3061.08,306.108,96,0.714494,0.626302,0.730713,0.618037,0.711323,0.727374,0.70788,0.705566,0.686973,192,288,1.14952,1.24249,0.990215,1.22609,0.963938,0.944185,0.91888,0.934632,0.910003,1.1657,1.26714,0.987941
1034,4,27,17,3e+21,2.86512,0.152938,4.3903,2.814,109.582,3287.45,328.745,126,0.776428,0.68787,0.764802,0.675222,0.741053,0.740046,0.717297,0.724241,0.7023,252,312.308,1.00724,1.0563,0.960103,1.03688,0.93029,0.889537,0.862193,0.884989,0.858178,1.01461,1.06842,0.960241
1035,4,27,18,3e+21,2.86512,0.195537,3.532,2.258,122.91,3687.31,368.731,156,0.829485,0.74423,0.789281,0.724486,0.758483,0.750834,0.722081,0.739133,0.711157,312,350.294,0.965643,1.00118,0.928499,0.974621,0.892268,0.855377,0.822621,0.827788,0.796457,0.969078,1.00767,0.928499
1036,4,27,19,3e+21,2.86512,0.25,2.8988,1.84,143.062,4291.86,429.186,198,0.869357,0.789522,0.808661,0.758126,0.765951,0.748465,0.71032,0.744196,0.706444,396,407.726,0.939757,0.960167,0.895386,0.921986,0.848096,0.784701,0.744709,0.778076,0.738606,0.941198,0.963476,0.895386
1037,4,28,11,3e+21,4.25179,0.0350141,58.8381,8.843,235.787,7073.6,525.3,36,0.419632,0.354006,0.569282,0.352511,0.562538,0.675488,0.657338,0.717006,0.685467,72,108,1.04715,1.0617,0.969497,1.05722,0.958012,0.86195,0.83879,0.821453,0.78532,1.20063,1.24044,0.989597
1038,4,28,12,3e+21,4.25179,0.0447667,37.6741,7.641,211.377,6341.31,525.3,42,0.474948,0.405543,0.601547,0.403516,0.593637,0.691928,0.671774,0.726161,0.691747,84,126,1.14694,1.17883,0.989513,1.17294,0.976502,0.844657,0.820055,0.803767,0.765675,1.25953,1.31399,1.0011
1039,4,28,13,3e+21,4.25179,0.0572357,25.2349,6.559,187.832,5634.96,525.3,54,0.528222,0.454641,0.643376,0.451922,0.632928,0.71549,0.689908,0.737282,0.696238,108,162,1.24954,1.30936,1.01097,1.30152,0.994552,0.860379,0.829616,0.793905,0.749708,1.33148,1.41192,1.01829
1040,4,28,14,3e+21,4.25179,0.0731778,17.7541,5.654,168.671,5060.12,506.012,60,0.576222,0.498487,0.663164,0.494922,0.651506,0.72577,0.698877,0.736629,0.700126,120,180,1.40885,1.51433,1.01018,1.5035,0.992422,0.949759,0.914566,0.866947,0.823987,1.47124,1.59667,1.016
1041,4,28,15,3e+21,4.25179,0.0935603,11.9048,4.665,151.561,4546.83,454.683,78,0.63593,0.553516,0.701104,0.548485,0.685581,0.740451,0.7108,0.730152,0.700999,156,234,-8.09358,-10.574,1.00332,-10.4779,0.981105,0.961431,0.922931,0.903527,0.867452,-8.30726,-10.9326,1.00722
1042,4,28,16,3e+21,4.25179,0.11962,8.4594,3.834,143.347,4300.42,430.042,96,0.695484,0.609971,0.73045,0.602796,0.711022,0.745819,0.719148,0.728652,0.702746,192,288,-7.9999,-11.1854,0.972773,-11.0538,0.946899,0.913312,0.880652,0.856215,0.825774,-8.12239,-11.4191,0.975892
1043,4,28,17,3e+21,4.25179,0.152938,6.2695,3.115,143.415,4302.45,430.245,126,0.754655,0.668242,0.760643,0.657708,0.735,0.751605,0.724771,0.724972,0.69953,252,378,1.02498,1.07466,0.953156,1.05772,0.921022,0.853509,0.823037,0.822769,0.793894,1.03357,1.08806,0.955597
1044,4,28,18,3e+21,4.25179,0.195537,4.8821,2.543,151.132,4533.95,453.395,156,0.806209,0.721296,0.783998,0.705696,0.752766,0.759556,0.729582,0.731152,0.702964,312,430.725,0.969989,1.00181,0.920663,0.980144,0.883986,0.824219,0.791693,0.796412,0.765709,0.974204,1.00907,0.922013
1045,4,28,19,3e+21,4.25179,0.25,3.8984,2.079,166.91,5007.3,500.73,198,0.849145,0.767934,0.803957,0.744191,0.764966,0.761081,0.724822,0.739072,0.704569,396,475.693,0.950633,0.9775,0.889288,0.947278,0.846159,0.811211,0.772563,0.768054,0.732198,0.952627,0.981522,0.889288
1046,4,29,12,3e+21,6.30957,0.0447667,56.2625,7.518,329.339,9880.18,525.3,42,0.483071,0.413812,0.603412,0.411705,0.595619,0.697533,0.677769,0.735709,0.701576,84,126,1.09293,1.11825,0.983847,1.11256,0.971141,0.928351,0.902046,0.864392,0.824289,1.19362,1.2388,0.996026
1047,4,29,13,3e+21,6.30957,0.0572357,41.0592,6.609,305.36,9160.79,525.3,54,0.528161,0.455599,0.646372,0.452899,0.636005,0.723816,0.698058,0.754254,0.710347,108,162,1.15336,1.19346,0.987206,1.18638,0.971372,0.870922,0.839929,0.810549,0.763365,1.22842,1.28608,0.994152
1048,4,29,14,3e+21,6.30957,0.0731778,30.0757,5.785,279.91,8397.31,525.3,60,0.571849,0.495818,0.666223,0.492369,0.654645,0.735459,0.707705,0.761287,0.71488,120,180,1.23448,1.29837,0.992059,1.28934,0.974817,0.860534,0.828059,0.795921,0.747403,1.29038,1.37019,0.996412
1049,4,29,15,3e+21,6.30957,0.0935603,20.4293,4.874,249.134,7474.02,525.3,78,0.625318,0.545081,0.702899,0.540395,0.687483,0.756903,0.721267,0.771144,0.716596,156,234,1.9339,2.19447,0.993553,2.1756,0.971763,0.849065,0.80909,0.769251,0.714836,1.98818,2.27265,0.997082
1050,4,29,16,3e+21,6.30957,0.11962,13.6644,4.029,222.424,6672.73,525.3,96,0.684322,0.601051,0.731176,0.594439,0.711941,0.771088,0.730358,0.768326,0.723777,192,288,3.58438,4.46908,0.969242,4.41993,0.943744,0.842619,0.798111,0.75495,0.711177,3.64243,4.56613,0.969897
1051,4,29,17,3e+21,6.30957,0.152938,9.6319,3.344,207.305,6219.16,525.3,126,0.739031,0.654764,0.760715,0.645452,0.735076,0.776361,0.73723,0.761578,0.723406,252,378,1.0769,1.1463,0.946499,1.13,0.914598,0.882944,0.838441,0.861568,0.818384,1.08684,1.16152,0.948005
1052,4,29,18,3e+21,6.30957,0.195537,7.1703,2.787,203.454,6103.6,525.3,156,0.78768,0.704521,0.78342,0.691376,0.751246,0.780397,0.742582,0.758942,0.722661,312,468,0.974023,1.00635,0.927519,0.987575,0.889427,0.85053,0.809318,0.867058,0.825609,0.979049,1.01453,0.928675
1053,4,29,19,3e+21,6.30957,0.25,5.5145,2.316,210.053,6301.59,525.3,198,0.83081,0.751049,0.80406,0.732017,0.763181,0.786591,0.746165,0.772016,0.732824,396,499.035,0.94379,0.965186,0.903659,0.940727,0.857715,0.854875,0.81094,0.877803,0.833241,0.946356,0.969868,0.905042
1054,4,30,14,3e+21,9.36329,0.0731778,48.9667,5.853,450.847,13525.4,525.3,60,0.563902,0.487446,0.663568,0.484105,0.652148,0.738111,0.710512,0.768122,0.721171,120,180,1.17469,1.22657,0.981536,1.21816,0.964644,0.85819,0.8261,0.807551,0.75819,1.22849,1.29503,0.988069
1055,4,30,15,3e+21,9.36329,0.0935603,34.2248,4.959,411.222,12336.7,525.3,78,0.617028,0.536686,0.703484,0.532174,0.688233,0.762648,0.726554,0.785409,0.724929,156,234,-2.5169,-3.39253,0.978255,-3.364,0.957047,0.869168,0.828034,0.80857,0.746306,-2.5888,-3.515,0.981603
1056,4,30,16,3e+21,9.36329,0.11962,23.3834,4.168,368.18,11045.4,525.3,96,0.672709,0.589861,0.732476,0.583659,0.71345,0.780394,0.736858,0.796555,0.726311,192,288,1.03754,1.07296,0.9087,1.06168,0.885096,0.820792,0.775003,0.768045,0.700315,1.0552,1.09717,0.9054
1057,4,30,17,3e+21,9.36329,0.152938,16.6156,3.563,333.431,10002.9,525.3,120,0.723196,0.640495,0.758308,0.632166,0.734137,0.795173,0.742236,0.800899,0.73053,240,360,1.11599,1.19043,0.92213,1.17495,0.892737,0.814697,0.76046,0.764981,0.697768,1.12761,1.20779,0.923559
1058,4,30,18,3e+21,9.36329,0.195537,11.4173,2.969,304.676,9140.27,525.3,156,0.776544,0.696124,0.784115,0.684339,0.752242,0.806109,0.746941,0.79919,0.740773,312,468,0.959795,0.975881,0.894094,0.959359,0.857751,0.782536,0.725098,0.721324,0.668599,0.965276,0.984359,0.894973
1059,4,30,19,3e+21,9.36329,0.25,8.2037,2.483,292.323,8769.69,525.3,198,0.818583,0.740379,0.805578,0.723729,0.764643,0.8106,0.755931,0.805072,0.751009,396,499.035,0.938545,0.944932,0.875259,0.923683,0.830784,0.770431,0.718471,0.741892,0.692072,0.941369,0.949748,0.875867
1060,4,31,15,3e+21,13.895,0.0935603,52.9456,4.914,649.605,19488.2,525.3,78,0.613626,0.5282,0.692777,0.523709,0.677946,0.746329,0.711698,0.758206,0.700672,156,234,0.998043,1.01512,0.966156,1.00649,0.945473,0.890388,0.849072,0.821952,0.759581,1.02532,1.05025,0.968126
1061,4,31,16,3e+21,13.895,0.11962,42.0588,4.392,615.823,18474.7,525.3,90,0.650576,0.563332,0.713363,0.557805,0.69608,0.758477,0.718823,0.766199,0.700665,180,270,0.996683,1.01634,0.951098,1.00636,0.928055,0.847192,0.802901,0.788123,0.720714,1.01611,1.04218,0.952181
1062,4,31,17,3e+21,13.895,0.152938,28.6199,3.671,555.504,16665.1,525.3,120,0.710817,0.624147,0.75078,0.616365,0.727136,0.782821,0.729526,0.784263,0.697999,240,360,0.965456,0.97997,0.913332,0.967752,0.884569,0.818476,0.762754,0.7789,0.693226,0.976111,0.994944,0.914679
1063,4,31,18,3e+21,13.895,0.195537,19.6767,3.106,498.901,14967,525.3,150,0.763116,0.681706,0.782379,0.670921,0.752176,0.814799,0.74805,0.823984,0.721098,300,450,0.955455,0.972626,0.892403,0.957238,0.857953,0.813256,0.746634,0.809339,0.708282,0.961441,0.981685,0.89328
1064,4,31,19,3e+21,13.895,0.25,13.2705,2.604,450.431,13512.9,525.3,198,0.808623,0.730405,0.806165,0.71523,0.765764,0.827946,0.745259,0.828233,0.738795,396,499.035,0.93429,0.942938,0.879307,0.923347,0.835241,0.819583,0.737731,0.808548,0.721236,0.937367,0.94803,0.87983
1065,4,32,17,3e+21,20.6199,0.152938,47.9069,3.755,902.681,27080.4,525.3,114,0.700012,0.605898,0.72989,0.598583,0.708279,0.749754,0.701938,0.731059,0.654837,228,342,0.881494,0.860947,0.867584,0.850553,0.841897,0.791993,0.741483,0.742042,0.664675,0.89178,0.874734,0.872163
1066,4,32,18,3e+21,20.6199,0.195537,34.2413,3.208,831.944,24958.3,525.3,144,0.753201,0.659696,0.750207,0.649754,0.722724,0.750484,0.691409,0.712467,0.621103,288,432,0.933737,0.931969,0.772736,0.917923,0.744428,0.724704,0.667658,0.689266,0.600877,0.940098,0.941262,0.774217
1067,4,32,19,3e+21,20.6199,0.25,22.1311,2.658,738.182,22145.5,525.3,198,0.802621,0.707081,0.765567,0.692877,0.727764,0.733085,0.655794,0.695642,0.600006,396,499.035,0.921606,0.911895,0.85503,0.893577,0.812809,0.764681,0.684058,0.742998,0.640851,0.924725,0.916888,0.855511
1068,4,33,19,3e+21,30.5995,0.25,38.363,2.737,1224.53,36735.9,525.3,192,0.78638,0.678709,0.748731,0.665729,0.713253,0.701782,0.630164,0.647984,0.557234,384,499.035,0.881776,0.832737,0.82619,0.816811,0.787042,0.682556,0.6129,0.611037,0.525461,0.885048,0.837645,0.826669
1070,5,9,1,6e+21,0.00235195,0.003,0.7336,1.052,1.36665,40.9994,24.5996,18,0.621428,-2.47,-3.21613,-1.94968,-3.20354,-1.91257,-1.9091,-1.91257,-1.9091,23.3696,23.3696,0.55458,-2.71624,-3.51423,-2.14405,-3.50048,-2.07539,-2.07162,-2.07539,-2.07162,0.583734,-4.93678,-0.559424
1071,5,9,2,6e+21,0.00235195,0.0038356,0.6229,1.051,1.76073,52.8216,27,18,0.68374,-2.29294,-3.25242,-1.58207,-3.23106,-1.51335,-1.51025,-1.51335,-1.51025,25.65,25.65,0.590722,-2.91109,-3.87304,-2.00858,-3.84759,-1.76725,-1.76364,-1.76725,-1.76364,0.60966,-5.29092,-0.940274
1072,5,9,3,6e+21,0.00235195,0.00490394,0.5468,1.051,2.17773,65.3322,27,18,0.729555,-1.63888,-2.4194,-0.965665,-2.39494,-1.14062,-1.137,-1.14062,-1.137,25.65,25.65,0.629813,-2.45564,-3.18496,-1.44692,-3.15276,-1.44799,-1.44339,-1.44799,-1.44339,0.643011,-4.46313,-0.780647
1073,5,10,1,6e+21,0.00349025,0.003,0.9229,1.076,1.38865,41.6595,24.9957,18,0.598577,-1.65965,-2.82297,-1.40344,-2.81321,-1.73644,-1.73362,-1.73644,-1.73362,23.7459,23.7459,0.529528,-1.86789,-3.08684,-1.57953,-3.07617,-1.87558,-1.87254,-1.87558,-1.87254,0.569046,-3.39489,-0.600088
1074,5,10,2,6e+21,0.00349025,0.0038356,0.7855,1.076,1.75858,52.757,27,18,0.664947,-1.51912,-2.78576,-1.17112,-2.77014,-1.44119,-1.4384,-1.44119,-1.4384,25.65,25.65,0.579288,-1.88734,-3.2758,-1.45499,-3.25744,-1.66836,-1.66512,-1.66836,-1.66512,0.606818,-3.43025,-0.908346
1075,5,10,3,6e+21,0.00349025,0.00490394,0.6758,1.075,2.21919,66.5761,27,18,0.721278,-1.04329,-2.01753,-0.70481,-1.99939,-1.05912,-1.0558,-1.05912,-1.0558,25.65,25.65,0.635938,-1.42258,-2.71208,-0.961045,-2.68769,-1.41003,-1.40561,-1.41003,-1.40561,0.655061,-2.58555,-0.762196
1076,5,10,4,6e+21,0.00349025,0.00626986,0.5872,1.074,2.79292,83.7876,27,18,0.762876,-0.667195,-1.43609,-0.376143,-1.41555,-0.770609,-0.766746,-0.770609,-0.766746,25.65,25.65,0.670481,-1.32596,-2.08186,-0.747536,-2.05207,-1.07947,-1.07406,-1.07947,-1.07406,0.683171,-2.40994,-0.577496
1077,5,10,5,6e+21,0.00349025,0.00801622,0.5009,1.071,3.67135,110.141,27,18,0.77347,0.107633,-0.219527,0.0735963,-0.210445,-0.235116,-0.230095,-0.235116,-0.230095,25.65,25.65,0.68187,-0.10994,-0.684786,-0.0751735,-0.656456,-0.523485,-0.512306,-0.523485,-0.512306,0.702003,-0.191728,-0.62844
1078,5,11,1,6e+21,0.00517947,0.003,1.1746,1.113,1.41204,42.3614,25.4168,18,0.565621,-1.11309,-2.38615,-0.990156,-2.37919,-1.60724,-1.60488,-1.60724,-1.60488,24.146,24.146,0.497008,-1.27281,-2.61331,-1.13224,-2.60569,-1.74831,-1.74574,-1.74831,-1.74574,0.549302,-2.31334,-0.647603
1079,5,11,2,6e+21,0.00517947,0.0038356,0.9928,1.113,1.77908,53.3724,27,18,0.641027,-0.979131,-2.23879,-0.815294,-2.22827,-1.31665,-1.31422,-1.31665,-1.31422,25.65,25.65,0.555795,-1.2645,-2.69517,-1.05291,-2.6825,-1.57449,-1.57159,-1.57449,-1.57159,0.593795,-2.29824,-0.878226
1080,5,11,3,6e+21,0.00517947,0.00490394,0.8454,1.111,2.24854,67.4561,27,18,0.705838,-0.665667,-1.62175,-0.50185,-1.60946,-0.967254,-0.964361,-0.967254,-0.964361,25.65,25.65,0.62251,-0.937475,-2.2033,-0.706768,-2.1866,-1.29755,-1.29367,-1.29755,-1.29367,0.649582,-1.70386,-0.728459
1081,5,11,4,6e+21,0.00517947,0.00626986,0.7258,1.109,2.84681,85.4045,27,18,0.753696,-0.415939,-1.15454,-0.27148,-1.14042,-0.705278,-0.701864,-0.705278,-0.701864,25.65,25.65,0.664504,-0.880415,-1.73412,-0.57464,-1.71291,-1.04904,-1.04396,-1.04904,-1.04396,0.682604,-1.60016,-0.586323
1082,5,11,5,6e+21,0.00517947,0.00801622,0.6215,1.106,3.67342,110.202,27,18,0.755568,0.128837,-0.103013,0.0986058,-0.0998343,-0.166187,-0.163171,-0.166187,-0.163171,25.65,25.65,0.658697,-0.141461,-0.579527,-0.108268,-0.561647,-0.54717,-0.537242,-0.54717,-0.537242,0.687461,-0.24674,-0.608482
1083,5,11,6,6e+21,0.00517947,0.010249,0.5492,1.102,4.54846,136.454,27,18,0.768763,0.249071,0.193758,0.190539,0.183729,0.0888749,0.0857433,0.0888749,0.0857433,25.65,25.65,0.667961,0.0397989,-0.231173,0.0304461,-0.219207,-0.303059,-0.292381,-0.303059,-0.292381,0.696165,0.0679009,-0.30769
1084,5,12,1,6e+21,0.00768625,0.003,1.5082,1.168,1.45258,43.5773,26.1464,18,0.524643,-0.771957,-2.03319,-0.711262,-2.02832,-1.41108,-1.40943,-1.41108,-1.40943,24.839,24.839,0.466236,-0.878705,-2.26138,-0.809616,-2.25596,-1.56366,-1.56184,-1.56366,-1.56184,0.533662,-1.59705,-1.77045
1085,5,12,2,6e+21,0.00768625,0.0038356,1.2614,1.167,1.82173,54.6519,27,18,0.609902,-0.612309,-1.68475,-0.537984,-1.67826,-1.14696,-1.14496,-1.14696,-1.14496,25.65,25.65,0.537662,-0.768696,-2.05334,-0.675388,-2.04543,-1.3734,-1.37101,-1.3734,-1.37101,0.589173,-1.39711,-1.64408
1086,5,12,3,6e+21,0.00768625,0.00490394,1.0691,1.165,2.27958,68.3877,27,18,0.682088,-0.420242,-1.24349,-0.344155,-1.23588,-0.856255,-0.85388,-0.856255,-0.85388,25.65,25.65,0.601398,-0.608105,-1.65634,-0.498005,-1.6462,-1.13326,-1.13012,-1.13326,-1.13012,0.639059,-1.10523,-1.34516
1087,5,12,4,6e+21,0.00768625,0.00626986,0.902,1.162,2.91681,87.5043,27,18,0.739992,-0.25175,-0.879718,-0.183856,-0.870816,-0.622186,-0.619329,-0.622186,-0.619329,25.65,25.65,0.669416,-0.367824,-1.21273,-0.268627,-1.20046,-0.809353,-0.805636,-0.809353,-0.805636,0.695309,-0.668522,-0.973465
1088,5,12,5,6e+21,0.00768625,0.00801622,0.7756,1.157,3.68577,110.573,27,18,0.729966,0.138158,-0.00460443,0.11468,-0.00450064,-0.0869313,-0.0856327,-0.0869313,-0.0856327,25.65,25.65,0.641524,-0.00329483,-0.27378,-0.00273492,-0.267608,-0.314277,-0.309582,-0.314277,-0.309582,0.682293,-0.00574767,-0.338339
1089,5,12,6,6e+21,0.00768625,0.010249,0.6742,1.151,4.63981,139.194,27,18,0.745631,0.244164,0.251156,0.202831,0.241564,0.167036,0.162217,0.167036,0.162217,25.65,25.65,0.644545,0.0596814,-0.0722613,0.0495782,-0.0695014,-0.137073,-0.133118,-0.137073,-0.133118,0.684268,0.101664,-0.120692
1090,5,12,7,6e+21,0.00768625,0.0131037,0.59,1.141,5.84512,175.353,27,18,0.769752,0.293659,0.353318,0.2321,0.331569,0.281183,0.267467,0.281183,0.267467,25.65,25.65,0.653808,-0.0232275,-0.00529355,-0.0183583,-0.0049677,-0.0671861,-0.063909,-0.0671861,-0.063909,0.685012,-0.0392358,-0.0864265
1091,5,12,8,6e+21,0.00768625,0.0167535,0.5098,1.124,7.607,228.21,27,18,0.784573,0.37642,0.470408,0.292709,0.418847,0.439547,0.397818,0.439547,0.397818,25.65,25.65,0.654994,0.109483,0.0350899,0.0851354,0.0312437,0.061003,0.0552116,0.061003,0.0552116,0.680717,0.171601,0.0259923
1092,5,13,1,6e+21,0.0114062,0.003,1.9579,1.249,1.52469,45.7402,27,18,0.478498,-0.493843,-1.53739,-0.465982,-1.53441,-1.21618,-1.21494,-1.21618,-1.21494,25.65,25.65,0.424549,-0.56854,-1.72354,-0.536465,-1.72021,-1.34894,-1.34755,-1.34894,-1.34755,0.506021,-1.03332,-1.564
1093,5,13,2,6e+21,0.0114062,0.0038356,1.6297,1.248,1.87538,56.2611,27,18,0.568417,-0.369364,-1.18599,-0.337467,-1.1824,-0.94485,-0.943341,-0.94485,-0.943341,25.65,25.65,0.493386,-0.504302,-1.45932,-0.460752,-1.4549,-1.1429,-1.14107,-1.1429,-1.14107,0.558931,-0.91657,-1.32264
1094,5,13,3,6e+21,0.0114062,0.00490394,1.3611,1.245,2.34135,70.2404,27,18,0.651581,-0.250978,-0.883971,-0.217807,-0.879698,-0.710635,-0.70883,-0.710635,-0.70883,25.65,25.65,0.569002,-0.411435,-1.1735,-0.357056,-1.16783,-0.932544,-0.930175,-0.932544,-0.930175,0.618998,-0.747785,-1.07456
1095,5,13,4,6e+21,0.0114062,0.00626986,1.1429,1.24,2.95681,88.7045,27,18,0.71681,-0.149166,-0.640558,-0.119401,-0.635536,-0.529229,-0.527055,-0.529229,-0.527055,25.65,25.65,0.65168,-0.213576,-0.922623,-0.170959,-0.915389,-0.70398,-0.701088,-0.70398,-0.701088,0.688189,-0.388176,-0.813213
1096,5,13,5,6e+21,0.0114062,0.00801622,0.9769,1.234,3.70662,111.199,27,18,0.694096,0.137871,0.0654592,0.121266,0.064402,-0.0132259,-0.0130689,-0.0132259,-0.0130689,25.65,25.65,0.596989,-0.0381018,-0.171121,-0.033513,-0.168357,-0.208219,-0.205748,-0.208219,-0.205748,0.651421,-0.0664731,-0.230072
1097,5,13,6,6e+21,0.0114062,0.010249,0.8384,1.223,4.69185,140.755,27,18,0.711,0.225606,0.269202,0.198614,0.261881,0.211866,0.207164,0.211866,0.207164,25.65,25.65,0.599481,0.00223816,-0.0366501,0.00197039,-0.0356534,-0.07861,-0.0768656,-0.07861,-0.0768656,0.652523,0.00381096,-0.0745778
1098,5,13,7,6e+21,0.0114062,0.0131037,0.7256,1.207,5.94915,178.475,27,18,0.74343,0.271416,0.354222,0.23022,0.338643,0.311964,0.300371,0.311964,0.300371,25.65,25.65,0.629808,0.0152159,0.0686204,0.0129064,0.0656024,0.0189436,0.0182396,0.0189436,0.0182396,0.672907,0.0256975,-0.00388464
1099,5,13,8,6e+21,0.0114062,0.0167535,0.6249,1.183,7.70996,231.299,27,18,0.761953,0.355881,0.458989,0.299574,0.423631,0.452763,0.421415,0.452763,0.421415,25.65,25.65,4.34387,24.764,0.8171,20.8458,0.754155,0.804587,0.74888,0.804587,0.74888,4.5937,38.7569,0.819662
1100,5,13,9,6e+21,0.0114062,0.02142,0.557,1.158,9.49285,284.786,28.4785,18,0.782128,0.404073,0.499829,0.326392,0.440662,0.502144,0.448681,0.502144,0.448681,27.0546,27.0546,0.909087,2.23626,9.71532,1.80635,8.56528,8.51782,7.61092,8.51782,7.61092,0.947324,3.33053,9.10698
1101,5,14,1,6e+21,0.0169267,0.003,2.5878,1.37,1.64908,49.4721,27,18,0.431275,-0.2625,-0.933812,-0.251693,-0.932367,-0.877156,-0.87631,-0.877156,-0.87631,25.65,25.65,0.384175,-0.315734,-1.10595,-0.302736,-1.10424,-1.02296,-1.02197,-1.02296,-1.02197,0.478175,-0.573848,-1.13463
1102,5,14,2,6e+21,0.0169267,0.0038356,2.1328,1.367,1.97831,59.3495,27,18,0.521822,-0.205186,-0.756356,-0.192443,-0.754573,-0.707045,-0.70602,-0.707045,-0.70602,25.65,25.65,0.462351,-0.273869,-0.965961,-0.256862,-0.963684,-0.885956,-0.884672,-0.885956,-0.884672,0.544335,-0.497758,-0.985586
1103,5,14,3,6e+21,0.0169267,0.00490394,1.7634,1.363,2.42573,72.7715,27,18,0.610713,-0.141211,-0.586556,-0.127811,-0.584389,-0.551896,-0.550656,-0.551896,-0.550656,25.65,25.65,0.539921,-0.231159,-0.781544,-0.209223,-0.778657,-0.70447,-0.702887,-0.70447,-0.702887,0.605635,-0.420133,-0.787564
1104,5,14,4,6e+21,0.0169267,0.00626986,1.4675,1.356,3.02042,90.6132,27,18,0.664824,0.00909858,-0.238992,0.00806897,-0.2374,-0.287186,-0.285919,-0.287186,-0.285919,25.65,25.65,0.599914,-0.061792,-0.420846,-0.0547995,-0.418042,-0.433753,-0.431838,-0.433753,-0.431838,0.660256,-0.110588,-0.465901
1105,5,14,5,6e+21,0.0169267,0.00801622,1.2354,1.346,3.78542,113.563,27,18,0.648262,0.129352,0.108874,0.118255,0.107583,0.0478867,0.0474327,0.0478867,0.0474327,25.65,25.65,0.555884,-0.00895311,-0.0803409,-0.00818503,-0.0793878,-0.135654,-0.134368,-0.135654,-0.134368,0.625911,-0.0156209,-0.139952
1106,5,14,6,6e+21,0.0169267,0.010249,1.0509,1.33,4.76685,143.006,27,18,0.66532,0.204011,0.269453,0.186887,0.26423,0.237301,0.233323,0.237301,0.233323,25.65,25.65,0.556364,0.0195208,0.0246394,0.0178823,0.0241618,-0.0244096,-0.0240004,-0.0244096,-0.0240004,0.625124,0.0332179,-0.0231305
1107,5,14,7,6e+21,0.0169267,0.0131037,0.8943,1.305,6.11127,183.338,27,18,0.70402,0.254019,0.351946,0.227692,0.340666,0.338466,0.328784,0.338466,0.328784,25.65,25.65,0.587964,0.0263981,0.104201,0.0236622,0.100861,0.0821165,0.0797676,0.0821165,0.0797676,0.645893,0.0440549,0.0677515
1108,5,14,8,6e+21,0.0169267,0.0167535,0.7771,1.272,7.69935,230.981,27,18,0.727706,0.327529,0.434377,0.29159,0.411625,0.444645,0.423185,0.444645,0.423185,25.65,25.65,1.22611,3.05972,1.90114,2.72399,1.80156,1.66949,1.58891,1.66949,1.58891,1.32833,4.79185,1.75056
1109,5,14,9,6e+21,0.0169267,0.02142,0.6808,1.23,9.68373,290.512,29.0512,18,0.757114,0.392313,0.493706,0.339942,0.452038,0.523193,0.482774,0.523193,0.482774,27.5986,27.5986,0.789749,1.05717,6.34319,0.916045,5.80783,5.66482,5.22718,5.66482,5.22718,0.837178,1.55122,6.01471
1110,5,14,10,6e+21,0.0169267,0.0273861,0.5972,1.181,12.2682,368.045,36.8045,24,0.784297,0.462632,0.594102,0.382067,0.51726,0.580531,0.511579,0.580531,0.511579,34.9642,34.9642,1.39152,5.5256,0.745851,4.56334,0.649382,0.516289,0.454966,0.516289,0.454966,1.44342,7.5016,0.769862
1111,5,14,11,6e+21,0.0169267,0.0350141,0.5224,1.129,15.7392,472.175,47.2175,30,0.808951,0.547771,0.650308,0.412585,0.514068,0.565696,0.461274,0.565696,0.461274,44.8566,44.8566,0.77815,1.3458,3.83291,1.01367,3.02992,2.99414,2.44145,2.99414,2.44145,0.791097,1.63572,3.87166
1112,5,15,1,6e+21,0.0251189,0.003,3.5049,1.547,1.87558,56.2668,27,18,0.390671,-0.115576,-0.47223,-0.111966,-0.471636,-0.525132,-0.524653,-0.525132,-0.524653,25.65,25.65,0.346928,-0.149827,-0.588801,-0.145148,-0.588061,-0.633741,-0.633162,-0.633741,-0.633162,0.449775,-0.272311,-0.673382
1113,5,15,2,6e+21,0.0251189,0.0038356,2.824,1.543,2.18112,65.4333,27,18,0.47949,-0.0942304,-0.415572,-0.0898479,-0.414792,-0.455451,-0.454845,-0.455451,-0.454845,25.65,25.65,0.420562,-0.152944,-0.568028,-0.145831,-0.566962,-0.606032,-0.605225,-0.606032,-0.605225,0.514512,-0.277976,-0.646548
1114,5,15,3,6e+21,0.0251189,0.00490394,2.3056,1.536,2.59962,77.9884,27,18,0.567468,-0.0654143,-0.340221,-0.0608415,-0.339248,-0.375341,-0.374593,-0.375341,-0.374593,25.65,25.65,0.51089,-0.106359,-0.49052,-0.0989237,-0.489118,-0.516204,-0.515175,-0.516204,-0.515175,0.592813,-0.193307,-0.556566
1115,5,15,4,6e+21,0.0251189,0.00626986,1.8993,1.526,3.16573,94.9725,27,18,0.584746,0.0850657,0.0140421,0.0798592,0.013963,-0.0512713,-0.0510416,-0.0512713,-0.0510416,25.65,25.65,0.508748,-0.0209069,-0.130019,-0.0196273,-0.129286,-0.191574,-0.190715,-0.191574,-0.190715,0.596326,-0.0369451,-0.192801
1116,5,15,5,6e+21,0.0251189,0.00801622,1.5844,1.511,3.90223,117.067,27,18,0.591653,0.11854,0.133198,0.111357,0.13204,0.0935037,0.0928096,0.0935037,0.0928096,25.65,25.65,0.502208,-0.00575253,-0.033713,-0.00540395,-0.03342,-0.0841295,-0.083505,-0.0841295,-0.083505,0.587675,-0.0100369,-0.0648819
1117,5,15,6,6e+21,0.0251189,0.010249,1.3312,1.487,4.87935,146.38,27,18,0.607571,0.180239,0.256447,0.169672,0.252883,0.244671,0.241602,0.244671,0.241602,25.65,25.65,0.500842,0.0207519,0.0495848,0.0195352,0.0488956,0.0160989,0.015897,0.0160989,0.015897,0.584858,0.0352961,0.0196966
1118,5,15,7,6e+21,0.0251189,0.0131037,1.1295,1.452,6.15077,184.523,27,18,0.651411,0.224046,0.325489,0.208051,0.31829,0.328866,0.32217,0.328866,0.32217,25.65,25.65,0.539602,0.0421513,0.0653165,0.0391422,0.0638718,0.0452797,0.0443577,0.0452797,0.0443577,0.613913,0.0702773,0.0680165
1119,5,15,8,6e+21,0.0251189,0.0167535,0.9717,1.403,7.74154,232.246,27,18,0.681443,0.295728,0.403175,0.273385,0.388719,0.424499,0.410219,0.424499,0.410219,25.65,25.65,0.977945,1.58421,8.19257,1.46452,7.89882,7.70906,7.44973,7.70906,7.44973,1.09243,2.48214,7.95067
1120,5,15,9,6e+21,0.0251189,0.02142,0.8408,1.339,9.81058,294.317,29.4317,18,0.72209,0.368422,0.470116,0.334461,0.442507,0.510972,0.483246,0.510972,0.483246,27.9601,27.9601,0.745749,0.772542,2.04971,0.70133,1.92934,1.87005,1.76857,1.87005,1.76857,0.80879,1.12842,1.96709
1121,5,15,10,6e+21,0.0251189,0.0273861,0.732,1.264,12.4665,373.995,37.3995,24,0.761159,0.449507,0.588334,0.395118,0.534891,0.599252,0.548194,0.599252,0.548194,35.5295,35.5295,0.814656,1.10675,1.41011,0.972841,1.28202,1.23433,1.12917,1.23433,1.12917,0.857508,1.48825,1.45823
1122,5,15,11,6e+21,0.0251189,0.0350141,0.6342,1.184,16.1512,484.537,48.4537,30,0.796081,0.540616,0.659719,0.445873,0.560345,0.604137,0.521849,0.604137,0.521849,46.031,46.031,0.746956,0.885466,1.51574,0.730288,1.28742,1.13058,0.976588,1.13058,0.976588,0.764655,1.06772,1.53223
1123,5,15,12,6e+21,0.0251189,0.0447667,0.5679,1.131,19.837,595.111,59.5111,36,0.814793,0.603863,0.671042,0.454243,0.519743,0.547352,0.440438,0.547352,0.440438,56.5356,56.5356,0.784946,1.15353,1.26925,0.867716,0.983078,0.839561,0.675569,0.839561,0.675569,0.792808,1.29307,1.27498
1124,5,16,1,6e+21,0.0372759,0.003,4.8463,1.806,2.308,69.2395,27,18,0.36724,-0.0311043,-0.178807,-0.0303066,-0.178613,-0.235377,-0.235167,-0.235377,-0.235167,25.65,25.65,0.325338,-0.0603305,-0.261596,-0.0587832,-0.261313,-0.33265,-0.332354,-0.33265,-0.332354,0.434556,-0.109651,-0.338213
1125,5,16,2,6e+21,0.0372759,0.0038356,3.8431,1.8,2.54112,76.233,27,18,0.442363,-0.027141,-0.17916,-0.0261551,-0.178885,-0.233474,-0.233187,-0.233474,-0.233187,25.65,25.65,0.393026,-0.0637832,-0.273462,-0.0614663,-0.273044,-0.340519,-0.3401,-0.340519,-0.3401,0.498187,-0.115926,-0.348287
1126,5,16,3,6e+21,0.0372759,0.00490394,3.0929,1.791,2.89627,86.8882,27,18,0.522663,-0.017571,-0.164071,-0.016647,-0.163704,-0.215908,-0.21553,-0.215908,-0.21553,25.65,25.65,0.471056,-0.0488614,-0.235077,-0.0462919,-0.234552,-0.294217,-0.293702,-0.294217,-0.293702,0.566696,-0.0888057,-0.299365
1127,5,16,4,6e+21,0.0372759,0.00626986,2.5151,1.776,3.40512,102.153,27,18,0.505427,0.0888783,0.0876246,0.0853743,0.0872187,0.0502897,0.0500868,0.0502897,0.0500868,25.65,25.65,0.434348,0.00117626,-0.0250281,0.00112989,-0.0249121,-0.0743503,-0.0740504,-0.0743503,-0.0740504,0.538596,0.00207044,-0.0616773
1128,5,16,5,6e+21,0.0372759,0.00801622,2.0611,1.753,4.11519,123.456,27,18,0.529298,0.105712,0.143144,0.101113,0.142203,0.123555,0.122827,0.123555,0.122827,25.65,25.65,0.451836,0.0132435,0.0068879,0.0126673,0.00684261,-0.0405257,-0.0402867,-0.0405257,-0.0402867,0.551385,0.0231088,-0.0295613
1129,5,16,6,6e+21,0.0372759,0.010249,1.7146,1.719,5.04496,151.349,27,18,0.542037,0.156982,0.237318,0.150505,0.234914,0.240112,0.23785,0.240112,0.23785,25.65,25.65,0.437834,0.0183773,0.0597369,0.0176191,0.0591317,0.0507561,0.050278,0.0507561,0.050278,0.533797,0.0312467,0.0582089
1130,5,16,7,6e+21,0.0372759,0.0131037,1.4348,1.666,6.30554,189.166,27,18,0.589046,0.198554,0.299407,0.188781,0.294682,0.314536,0.309862,0.314536,0.309862,25.65,25.65,7.39054,17.7218,0.685351,16.8495,0.674535,0.655069,0.645335,0.655069,0.645335,8.75527,29.4364,0.671851
1131,5,16,8,6e+21,0.0372759,0.0167535,1.2205,1.593,7.89485,236.845,27,18,0.625096,0.263165,0.368092,0.249315,0.358789,0.396045,0.386536,0.396045,0.386536,25.65,25.65,0.87831,1.11494,1.20118,1.05626,1.17082,1.1763,1.14806,1.1763,1.14806,1.01591,1.74529,1.19539
1132,5,16,9,6e+21,0.0372759,0.02142,1.0467,1.498,9.96596,298.979,29.8979,24,0.676081,0.339704,0.483514,0.318077,0.464597,0.491261,0.472416,0.491261,0.472416,28.403,28.403,1.03988,1.65528,0.983415,1.5499,0.944939,0.993743,0.955621,0.993743,0.955621,1.1592,2.40903,1.00792
1133,5,16,10,6e+21,0.0372759,0.0273861,0.9,1.383,12.7482,382.445,38.2445,24,0.729522,0.430744,0.572119,0.394427,0.535199,0.6022,0.565278,0.6022,0.565278,36.3322,36.3322,0.784885,0.896602,1.14917,0.821008,1.07501,1.12143,1.05267,1.12143,1.05267,0.840524,1.19395,1.19047
1134,5,16,11,6e+21,0.0372759,0.0350141,0.7877,1.277,16.0448,481.346,48.1345,30,0.773091,0.518786,0.655659,0.457824,0.589439,0.635386,0.575378,0.635386,0.575378,45.7278,45.7278,0.777656,1.00104,1.09725,0.883411,0.986429,1.0417,0.943318,1.0417,0.943318,0.805651,1.21127,1.1091
1135,5,16,12,6e+21,0.0372759,0.0447667,0.6928,1.189,20.2137,606.412,60.6412,36,0.80391,0.596937,0.685748,0.493495,0.576453,0.605245,0.518443,0.605245,0.518443,57.6091,57.6091,0.858532,1.49419,0.522291,1.23527,0.439048,0.178969,0.153302,0.178969,0.153302,0.870967,1.66772,0.524885
1136,5,16,13,6e+21,0.0372759,0.0572357,0.6069,1.12,25.8334,775.003,77.5003,42,0.822091,0.655156,0.683623,0.476418,0.506107,0.509813,0.398733,0.509813,0.398733,73.6253,73.6253,0.793866,1.01961,0.888851,0.741446,0.658044,0.418887,0.327618,0.418887,0.327618,0.797474,1.07945,0.891192
1137,5,16,14,6e+21,0.0372759,0.0731778,0.5366,1.077,32.6217,978.651,97.8651,54,0.830234,0.690795,0.624702,0.396112,0.370355,0.349645,0.239634,0.349645,0.239634,92.9718,92.9718,0.802617,1.12748,1.04588,0.646516,0.62005,0.0883704,0.060566,0.0883704,0.060566,0.80369,1.16372,1.04613
1138,5,17,1,6e+21,0.0553168,0.003,7.1281,2.179,3.09919,92.9754,27,18,0.343634,0.0361627,0.0229269,0.035456,0.0228885,-0.00162303,-0.00162054,-0.00162303,-0.00162054,25.65,25.65,0.300517,0.00175507,-0.0319132,0.00172077,-0.0318597,-0.0617848,-0.0616903,-0.0617848,-0.0616903,0.416755,0.0031662,-0.0576754
1139,5,17,2,6e+21,0.0553168,0.0038356,5.4626,2.172,3.19969,95.991,27,18,0.387701,0.054401,0.0501039,0.0531361,0.0499865,0.0240874,0.0240363,0.0240874,0.0240363,25.65,25.65,0.332556,0.00254552,-0.0168624,0.00248633,-0.0168229,-0.047455,-0.0473543,-0.047455,-0.0473543,0.448024,0.00456007,-0.0434444
1140,5,17,3,6e+21,0.0553168,0.00490394,4.2471,2.158,3.45592,103.678,27,18,0.415805,0.0720076,0.0875166,0.0701574,0.0872389,0.0669103,0.0667171,0.0669103,0.0667171,25.65,25.65,0.353463,0.00392766,-0.00653121,0.00382674,-0.00651048,-0.0336942,-0.0335969,-0.0336942,-0.0335969,0.467122,0.00696178,-0.0316112
1141,5,17,4,6e+21,0.0553168,0.00626986,3.4008,2.138,3.86504,115.951,27,18,0.435675,0.0839653,0.118882,0.0816364,0.118409,0.107051,0.106658,0.107051,0.106658,25.65,25.65,0.367918,0.0187836,0.00776782,0.0182626,0.00773687,-0.0124044,-0.0123589,-0.0124044,-0.0123589,0.479073,0.0329877,-0.0108696
1142,5,17,5,6e+21,0.0553168,0.00801622,2.7448,2.105,4.48727,134.619,27,18,0.450801,0.122266,0.189531,0.118969,0.188472,0.192594,0.191584,0.192594,0.191584,25.65,25.65,0.357635,0.0219932,0.0445506,0.0214,0.0443018,0.0303808,0.0302215,0.0303808,0.0302215,0.463717,0.037853,0.038964
1143,5,17,6,6e+21,0.0553168,0.010249,2.2423,2.053,5.364,160.92,27,18,0.474462,0.13567,0.216382,0.131654,0.21472,0.22902,0.22735,0.22902,0.22735,25.65,25.65,0.368228,0.0145567,0.0365493,0.0141258,0.0362686,0.0274288,0.0272288,0.0274288,0.0272288,0.469001,0.0247354,0.0322719
1144,5,17,7,6e+21,0.0553168,0.0131037,1.8536,1.977,6.55754,196.726,27,18,0.519842,0.174002,0.270571,0.168036,0.267461,0.292423,0.289211,0.292423,0.289211,25.65,25.65,3.22057,5.85473,2.00901,5.65402,1.98592,1.90195,1.88106,1.90195,1.88106,3.98519,9.69642,1.95094
1145,5,17,8,6e+21,0.0553168,0.0167535,1.5502,1.867,8.15077,244.523,27,18,0.560618,0.232054,0.331758,0.223497,0.325734,0.362879,0.356565,0.362879,0.356565,25.65,25.65,0.815944,0.896809,1.19884,0.863739,1.17707,1.14889,1.12891,1.14889,1.12891,0.980582,1.4029,1.17563
1146,5,17,9,6e+21,0.0553168,0.02142,1.316,1.728,10.1933,305.8,30.5799,24,0.619201,0.308876,0.454593,0.295277,0.441986,0.468333,0.455542,0.468333,0.455542,29.0509,29.0509,0.897503,1.11276,1.00464,1.06377,0.976775,1.00824,0.980707,1.00824,0.980707,1.03188,1.61304,1.03022
1147,5,17,10,6e+21,0.0553168,0.0273861,1.1279,1.566,12.8484,385.451,38.5452,24,0.682884,0.398781,0.540908,0.375954,0.516947,0.583304,0.55844,0.583304,0.55844,36.6179,36.6179,0.921896,1.23797,1.17138,1.1671,1.11949,1.03742,0.993195,1.03742,0.993195,1.01071,1.64609,1.21421
1148,5,17,11,6e+21,0.0553168,0.0350141,0.9777,1.409,16.1921,485.763,48.5763,30,0.742063,0.493464,0.636966,0.453977,0.592626,0.636479,0.594237,0.636479,0.594237,46.1475,46.1475,0.77085,0.872926,0.716085,0.803074,0.666236,0.563491,0.526093,0.563491,0.526093,0.809531,1.05485,0.724113
1149,5,17,12,6e+21,0.0553168,0.0447667,0.8506,1.274,20.5568,616.704,61.6704,36,0.787137,0.582104,0.682926,0.512137,0.606522,0.632764,0.567259,0.632764,0.567259,58.5869,58.5869,0.787113,0.93764,0.963028,0.824939,0.855287,1.07449,0.963254,1.07449,0.963254,0.803159,1.04398,0.968164
1150,5,17,13,6e+21,0.0553168,0.0572357,0.7428,1.175,26.2038,786.114,78.6114,42,0.813834,0.648704,0.699342,0.52639,0.572486,0.582617,0.489398,0.582617,0.489398,74.6809,74.6809,0.804866,1.04293,0.822271,0.846283,0.673116,1.07027,0.899029,1.07027,0.899029,0.810391,1.10287,0.824695
1151,5,17,14,6e+21,0.0553168,0.0731778,0.6513,1.11,33.4137,1002.41,100.241,54,0.826818,0.693922,0.676805,0.485081,0.479343,0.46674,0.354617,0.46674,0.354617,95.2291,95.2291,0.793869,0.931321,0.88856,0.651033,0.629317,1.2745,0.968328,1.2745,0.968328,0.795604,0.960474,0.888848
1152,5,17,15,6e+21,0.0553168,0.0935603,0.5803,1.072,41.5643,1246.93,124.693,72,0.832459,0.708607,0.579594,0.381365,0.324407,0.297165,0.197769,0.297165,0.197769,118.458,118.458,0.801495,0.872743,-0.17184,0.469701,-0.0961814,-0.089033,-0.0592532,-0.089033,-0.0592532,0.802049,0.889171,-0.17184
1154,5,18,1,6e+21,0.0820891,0.003,11.1649,2.693,4.61492,138.448,27,18,0.30358,0.0703366,0.121901,0.0693645,0.121507,0.129817,0.129412,0.129817,0.129412,25.65,25.65,0.238269,0.00924864,0.0266676,0.00912081,0.0265813,0.0225076,0.0224374,0.0225076,0.0224374,0.343838,0.0164018,0.0242605
1155,5,18,2,6e+21,0.0820891,0.0038356,8.1641,2.688,4.45119,133.535,27,18,0.332809,0.0780295,0.131142,0.0767829,0.130696,0.137373,0.136925,0.137373,0.136925,25.65,25.65,0.261377,0.00999392,0.0267328,0.00983425,0.0266419,0.0186893,0.0186284,0.0186893,0.0186284,0.368783,0.017629,0.0183529
1156,5,18,3,6e+21,0.0820891,0.00490394,6.1057,2.673,4.48558,134.567,27,18,0.356186,0.0896301,0.14849,0.0880587,0.147935,0.155655,0.155099,0.155655,0.155099,25.65,25.65,0.278798,0.0130895,0.030923,0.01286,0.0308074,0.0187825,0.0187154,0.0187825,0.0187154,0.386587,0.0228873,0.0208069
1157,5,18,4,6e+21,0.0820891,0.00626986,4.7264,2.645,4.72935,141.88,27,18,0.370742,0.100795,0.167073,0.0989477,0.166363,0.177686,0.176962,0.177686,0.176962,25.65,25.65,0.283668,0.00789535,0.0330436,0.00775062,0.0329032,0.0253816,0.0252783,0.0253816,0.0252783,0.388755,0.0136539,0.0281506
1158,5,18,5,6e+21,0.0820891,0.00801622,3.7427,2.599,5.19769,155.93,27,18,0.385338,0.109828,0.182625,0.107704,0.181724,0.197393,0.196457,0.197393,0.196457,25.65,25.65,0.289427,0.0121139,0.039376,0.0118796,0.0391817,0.0351104,0.034944,0.0351104,0.034944,0.391783,0.0207366,0.0360275
1159,5,18,6,6e+21,0.0820891,0.010249,3.0003,2.526,5.94715,178.415,27,18,0.413844,0.118505,0.197583,0.115883,0.196369,0.216191,0.21491,0.216191,0.21491,25.65,25.65,0.321719,0.0200237,0.0400852,0.0195807,0.0398389,0.0400997,0.0398623,0.0400997,0.0398623,0.426116,0.0340128,0.0458729
1160,5,18,7,6e+21,0.0820891,0.0131037,2.4395,2.417,7.03215,210.964,27,18,0.449208,0.174794,0.269168,0.170918,0.266672,0.29736,0.294701,0.29736,0.294701,25.65,25.65,0.872647,0.949061,1.09807,0.928015,1.08789,1.04525,1.0359,1.04525,1.0359,1.12761,1.53061,1.07194
1161,5,18,8,6e+21,0.0820891,0.0167535,2.0069,2.26,8.54769,256.431,27,18,0.492442,0.205966,0.298925,0.200646,0.294913,0.331203,0.326922,0.331203,0.326922,25.65,25.65,0.733393,0.720076,1.45906,0.701476,1.43948,1.40092,1.38282,1.40092,1.38282,0.915751,1.12082,1.43767
1162,5,18,9,6e+21,0.0820891,0.02142,1.6802,2.059,10.533,315.989,31.5989,24,0.554366,0.277209,0.419088,0.268728,0.410721,0.435998,0.427412,0.435998,0.427412,30.0189,30.0189,0.834788,0.918143,1.0764,0.890052,1.05491,1.07229,1.05117,1.07229,1.05117,0.991848,1.32734,1.10425
1163,5,18,10,6e+21,0.0820891,0.0273861,1.4205,1.822,13.1825,395.475,39.5475,24,0.629122,0.367105,0.50604,0.352534,0.490077,0.55746,0.540399,0.55746,0.540399,37.5701,37.5701,0.8106,0.912337,0.9391,0.876125,0.909476,0.858187,0.831922,0.858187,0.831922,0.909352,1.2056,0.974564
1164,5,18,11,6e+21,0.0820891,0.0350141,1.2206,1.595,16.5,495,49.5,30,0.702439,0.464384,0.609132,0.438746,0.579311,0.622807,0.593356,0.622807,0.593356,47.025,47.025,0.81432,0.946292,0.75837,0.894048,0.721242,0.623899,0.594396,0.623899,0.594396,0.867549,1.13862,0.767418
1165,5,18,12,6e+21,0.0820891,0.0447667,1.0558,1.401,20.8149,624.446,62.4447,36,0.761978,0.557794,0.667017,0.511955,0.615279,0.640331,0.593308,0.640331,0.593308,59.3224,59.3224,0.852128,1.09447,0.860348,1.00453,0.793614,0.62849,0.582337,0.62849,0.582337,0.876364,1.21871,0.865069
1166,5,18,13,6e+21,0.0820891,0.0572357,0.9155,1.256,26.5328,795.985,79.5985,42,0.800564,0.634158,0.698045,0.552163,0.610123,0.619692,0.548411,0.619692,0.548411,75.6186,75.6186,0.801608,0.885611,0.709754,0.771103,0.620357,0.332061,0.293865,0.332061,0.293865,0.809702,0.93669,0.711964
1167,5,18,14,6e+21,0.0820891,0.0731778,0.8039,1.164,33.444,1003.32,100.332,54,0.820639,0.689081,0.703577,0.549764,0.563846,0.560594,0.463473,0.560594,0.463473,95.3155,95.3155,0.822048,1.00185,0.702558,0.799301,0.563029,0.146443,0.121072,0.146443,0.121072,0.825007,1.03374,0.702788
1168,5,18,15,6e+21,0.0820891,0.0935603,0.7076,1.103,42.281,1268.43,126.843,72,0.829443,0.713506,0.654859,0.484585,0.450354,0.439115,0.32723,0.439115,0.32723,120.501,120.501,0.809755,0.892693,0.634523,0.606281,0.436369,-0.161876,-0.12063,-0.161876,-0.12063,0.810718,0.909089,0.634525
1169,5,18,16,6e+21,0.0820891,0.11962,0.6178,1.062,54.5825,1637.47,163.748,96,0.834374,0.718645,0.501089,0.336076,0.247808,0.206303,0.129321,0.206303,0.129321,155.56,155.56,0.818775,1.02368,-0.829925,0.478726,-0.41043,-1.52546,-0.956238,-1.52546,-0.956238,0.819025,1.03478,-0.606266
1171,5,19,1,6e+21,0.121819,0.003,19.42,3.312,7.54619,226.386,27,18,0.285156,0.095647,0.172524,0.0946178,0.171504,0.194966,0.193837,0.194966,0.193837,25.65,25.65,0.502088,0.416054,0.706229,0.411578,0.702053,0.699036,0.69499,0.699036,0.69499,0.734821,0.717423,0.706229
1172,5,19,2,6e+21,0.121819,0.0038356,13.1579,3.339,6.85027,205.509,27,18,0.305289,0.0996147,0.176986,0.0984049,0.17604,0.198829,0.197792,0.198829,0.197792,25.65,25.65,0.659753,0.617296,0.816507,0.6098,0.812145,0.804042,0.799846,0.804042,0.799846,0.950568,1.06205,0.813879
1173,5,19,3,6e+21,0.121819,0.00490394,9.3042,3.339,6.438,193.14,27,18,0.317291,0.0977636,0.172463,0.096463,0.171657,0.193085,0.192206,0.193085,0.192206,25.65,25.65,1.3875,1.63769,0.794881,1.61591,0.791167,0.764662,0.761179,0.764662,0.761179,1.97614,2.81563,0.779291
1174,5,19,4,6e+21,0.121819,0.00626986,6.9929,3.314,6.33223,189.966,27,18,0.328266,0.103568,0.179852,0.102127,0.179008,0.201027,0.200109,0.201027,0.200109,25.65,25.65,1.62163,1.98625,1.19131,1.9586,1.18572,1.16414,1.15882,1.16414,1.15882,2.28666,3.38931,1.18752
1175,5,19,5,6e+21,0.121819,0.00801622,5.2814,3.256,6.52638,195.791,27,18,0.341673,0.111631,0.190357,0.109997,0.189397,0.212985,0.211941,0.212985,0.211941,25.65,25.65,1.554,1.90725,0.901813,1.87933,0.897268,0.885354,0.881014,0.885354,0.881014,2.16402,3.21923,0.897482
1176,5,19,6,6e+21,0.121819,0.010249,4.1341,3.16,7.03769,211.131,27,18,0.36354,0.141311,0.228089,0.139234,0.226644,0.255097,0.253528,0.255097,0.253528,25.65,25.65,0.732244,0.71724,1.39387,0.706697,1.38503,1.34817,1.33988,1.34817,1.33988,1.00127,1.17374,1.37466
1177,5,19,7,6e+21,0.121819,0.0131037,3.2834,3.01,7.93446,238.034,27,18,0.388355,0.159516,0.24582,0.156979,0.243888,0.275352,0.273256,0.275352,0.273256,25.65,25.65,0.678205,0.643705,2.26983,0.633468,2.252,2.20702,2.19022,2.20702,2.19022,0.905148,1.02545,2.25169
1178,5,19,8,6e+21,0.121819,0.0167535,2.6585,2.797,9.26488,277.946,27.7947,18,0.430578,0.19162,0.278669,0.188128,0.27569,0.313666,0.310438,0.313666,0.310438,26.4049,26.4049,0.968532,1.09541,1.31415,1.07545,1.3001,1.26047,1.2475,1.26047,1.2475,1.24635,1.67753,1.29089
1179,5,19,9,6e+21,0.121819,0.02142,2.1872,2.517,11.1234,333.701,33.3702,24,0.491382,0.25657,0.398318,0.251073,0.392293,0.425641,0.419284,0.425641,0.419284,31.7016,31.7016,0.760693,0.779533,0.921402,0.762833,0.907464,0.89411,0.880755,0.89411,0.880755,0.927631,1.11068,0.947188
1180,5,19,10,6e+21,0.121819,0.0273861,1.8238,2.189,13.6496,409.488,40.9488,24,0.569023,0.33734,0.471284,0.328056,0.460475,0.53111,0.519241,0.53111,0.519241,38.9014,38.9014,0.774923,0.810111,-0.882738,0.787815,-0.862494,-0.873451,-0.853932,-0.873451,-0.853932,0.888424,1.06066,-0.901883
1181,5,19,11,6e+21,0.121819,0.0350141,1.5377,1.855,17.0409,511.228,51.1228,30,0.654506,0.432338,0.575982,0.415669,0.555691,0.599469,0.578904,0.599469,0.578904,48.5666,48.5666,0.800044,0.868754,0.82334,0.83526,0.794335,0.691871,0.668137,0.691871,0.668137,0.86485,1.04052,0.833791
1182,5,19,12,6e+21,0.121819,0.0447667,1.3188,1.581,21.3041,639.123,63.9122,36,0.728358,0.52845,0.641491,0.498392,0.606277,0.631204,0.597921,0.631204,0.597921,60.7166,60.7166,0.814139,0.891078,0.732853,0.840395,0.692624,0.536352,0.508071,0.536352,0.508071,0.844372,0.99073,0.737346
1183,5,19,13,6e+21,0.121819,0.0572357,1.1372,1.375,26.9348,808.043,80.8043,42,0.780922,0.612518,0.684089,0.558309,0.624073,0.632264,0.580272,0.632264,0.580272,76.7641,76.7641,0.828541,0.97766,0.895245,0.891135,0.816704,0.8793,0.806994,0.8793,0.806994,0.840387,1.03473,0.898229
1184,5,19,14,6e+21,0.121819,0.0731778,0.9917,1.239,33.9331,1017.99,101.799,60,0.810207,0.675279,0.698775,0.581605,0.602599,0.603306,0.527605,0.603306,0.527605,96.7094,96.7094,0.859603,1.16719,0.749863,1.00528,0.646656,0.406749,0.355711,0.406749,0.355711,0.864264,1.20509,0.824857
1185,5,19,15,6e+21,0.121819,0.0935603,0.865,1.149,43.1957,1295.87,129.587,72,0.825093,0.712982,0.692989,0.553558,0.538981,0.532896,0.430894,0.532896,0.430894,123.108,123.108,0.814447,0.932206,0.791233,0.723763,0.615392,0.517468,0.41842,0.517468,0.41842,0.815978,0.949382,0.791237
1186,5,19,16,6e+21,0.121819,0.11962,0.756,1.091,55.2652,1657.96,165.796,96,0.831725,0.732295,0.626633,0.464608,0.403285,0.390146,0.279407,0.390146,0.279407,157.506,157.506,0.814514,0.853238,0.0115387,0.541341,0.00742599,-0.702885,-0.503379,-0.702885,-0.503379,0.814993,0.8625,0.144556
1187,5,19,17,6e+21,0.121819,0.152938,0.6698,1.058,69.3199,2079.6,207.96,120,0.834868,0.709022,0.445367,0.300929,0.201011,0.137012,0.0829838,0.137012,0.0829838,197.562,197.562,0.808655,0.918057,1.07376,0.38965,0.484629,1.08102,0.654737,1.08102,0.654737,0.808786,0.924266,1.07376
1190,5,20,1,6e+21,0.180777,0.003,33.0695,3.855,12.5015,375.046,37.5046,18,0.288776,0.132524,0.243899,0.131317,0.241169,0.320307,0.316861,0.320307,0.316861,35.6294,35.6294,0.508889,0.435311,0.573752,0.431346,0.567329,0.510279,0.504789,0.510279,0.504789,0.733111,0.713848,0.542435
1191,5,20,2,6e+21,0.180777,0.0038356,22.6467,3.965,11.3196,339.589,33.9588,18,0.301731,0.136668,0.242924,0.135331,0.240484,0.306107,0.303139,0.306107,0.303139,32.2609,32.2609,0.605557,0.558578,0.770798,0.553115,0.763057,0.708921,0.702048,0.708921,0.702048,0.863867,0.912136,0.740585
1192,5,20,3,6e+21,0.180777,0.00490394,15.6797,4.038,10.236,307.08,30.708,18,0.307429,0.136135,0.234887,0.13475,0.232857,0.283864,0.281487,0.283864,0.281487,29.1726,29.1726,0.584588,0.526356,0.701221,0.521002,0.695161,0.648097,0.642669,0.648097,0.642669,0.829579,0.857782,0.673666
1193,5,20,4,6e+21,0.180777,0.00626986,10.9447,4.062,9.41738,282.521,28.2522,18,0.30914,0.131285,0.219246,0.129908,0.217667,0.252933,0.251161,0.252933,0.251161,26.8395,26.8395,0.698995,0.679789,0.877735,0.672659,0.871414,0.83489,0.82904,0.83489,0.82904,0.989015,1.10801,0.855508
1194,5,20,5,6e+21,0.180777,0.00801622,7.8721,4.023,9.0235,270.705,27.0705,18,0.314528,0.133101,0.215858,0.13167,0.21442,0.244379,0.242795,0.244379,0.242795,25.717,25.717,0.832617,0.858964,0.897495,0.849728,0.891517,0.86329,0.857694,0.86329,0.857694,1.16891,1.3888,0.880769
1195,5,20,6,6e+21,0.180777,0.010249,5.898,3.918,9.09173,272.752,27.2752,18,0.326733,0.142297,0.22408,0.140707,0.222548,0.253473,0.251791,0.253473,0.251791,25.9114,25.9114,0.861507,0.901817,1.01777,0.891741,1.01081,0.987826,0.981272,0.987826,0.981272,1.19217,1.4346,1.00804
1196,5,20,7,6e+21,0.180777,0.0131037,4.5819,3.741,9.60377,288.113,28.8113,18,0.350097,0.164669,0.25245,0.162717,0.250464,0.294014,0.291786,0.294014,0.291786,27.3707,27.3707,0.756699,0.761206,0.991726,0.752181,0.983926,0.941633,0.934497,0.941633,0.934497,1.02134,1.17538,0.971885
1197,5,20,8,6e+21,0.180777,0.0167535,3.5928,3.46,10.6697,320.092,32.0092,18,0.385869,0.195873,0.286174,0.193274,0.283401,0.348839,0.345619,0.348839,0.345619,30.4087,30.4087,0.730944,0.719206,0.904538,0.709661,0.895774,0.816549,0.809014,0.816549,0.809014,0.951798,1.06654,0.86315
1198,5,20,9,6e+21,0.180777,0.02142,2.9053,3.101,12.2653,367.96,36.796,24,0.437022,0.240959,0.379964,0.237193,0.375302,0.420091,0.415006,0.420091,0.415006,34.9562,34.9562,0.787756,0.803707,0.864399,0.791147,0.853795,0.804701,0.79496,0.804701,0.79496,0.97825,1.12797,0.890529
1199,5,20,10,6e+21,0.180777,0.0273861,2.3791,2.666,14.595,437.851,43.7851,24,0.51091,0.310409,0.43646,0.304275,0.428778,0.503475,0.49483,0.503475,0.49483,41.5959,41.5959,0.837357,0.894403,0.911461,0.876731,0.895419,0.8225,0.808379,0.8225,0.808379,0.976583,1.15972,0.867891
1200,5,20,11,6e+21,0.180777,0.0350141,1.9762,2.217,17.8148,534.445,53.4444,30,0.600079,0.398974,0.539021,0.388142,0.525003,0.570743,0.556197,0.570743,0.556197,50.7722,50.7722,0.869131,0.973751,0.952586,0.947316,0.927814,0.87772,0.855352,0.87772,0.855352,0.95249,1.16031,0.965996
1201,5,20,12,6e+21,0.180777,0.0447667,1.6705,1.836,22.0149,660.446,66.0447,36,0.685639,0.494745,0.610151,0.475114,0.585927,0.613951,0.590283,0.613951,0.590283,62.7424,62.7424,0.888772,1.04356,0.844347,1.00216,0.810826,0.814911,0.783497,0.814911,0.783497,0.929758,1.15787,0.850643
1202,5,20,13,6e+21,0.180777,0.0572357,1.4268,1.546,27.5453,826.359,82.6359,48,0.751928,0.582539,0.66683,0.547086,0.625634,0.628756,0.591546,0.628756,0.591546,78.5041,78.5041,0.996316,1.39462,0.689048,1.30975,0.64648,0.494319,0.465065,0.494319,0.465065,1.01587,1.47842,0.689357
1203,5,20,14,6e+21,0.180777,0.0731778,1.2336,1.35,34.5458,1036.38,103.638,60,0.794319,0.654092,0.691175,0.591907,0.624302,0.620553,0.564385,0.620553,0.564385,98.4557,98.4557,0.827988,0.941892,0.781935,0.852345,0.706281,0.755267,0.686905,0.755267,0.686905,0.834508,0.973468,0.798206
1204,5,20,15,6e+21,0.180777,0.0935603,1.0741,1.221,43.4966,1304.9,130.49,72,0.817086,0.701531,0.702829,0.595836,0.595292,0.585205,0.504729,0.585205,0.504729,123.965,123.965,0.83498,1.03124,0.811927,0.875868,0.687698,0.910288,0.785107,0.910288,0.785107,0.837499,1.05123,0.811932
1205,5,20,16,6e+21,0.180777,0.11962,0.9366,1.136,55.2638,1657.91,165.791,96,0.828353,0.731378,0.67487,0.553172,0.510621,0.504,0.399574,0.504,0.399574,157.502,157.502,0.816796,0.885645,0.778101,0.66985,0.588728,0.217719,0.172609,0.217719,0.172609,0.81765,0.895622,0.763831
1206,5,20,17,6e+21,0.180777,0.152938,0.8229,1.085,69.8719,2096.16,209.616,120,0.833313,0.735778,0.608591,0.448231,0.375168,0.35244,0.246458,0.35244,0.246458,199.135,199.135,0.805083,0.822206,0.807356,0.500883,0.497697,1.40112,0.979791,1.40112,0.979791,0.805353,0.827815,0.807356
1207,5,20,18,6e+21,0.180777,0.195537,0.7236,1.053,88.7133,2661.4,266.14,150,0.834873,0.693003,0.386473,0.254912,0.152492,0.0736377,0.0426497,0.0736377,0.0426497,252.833,252.833,0.819926,1.70079,2.85062,0.625614,1.12478,3.27444,1.8965,3.27444,1.8965,0.819992,1.70801,2.85062
1209,5,21,1,6e+21,0.26827,0.003,58.19,4.127,20.2361,607.084,60.7083,18,0.297763,0.160445,0.29718,0.15913,0.291239,0.409843,0.401712,0.414053,0.405921,36,54,0.55143,0.493719,0.723881,0.489673,0.709409,0.647576,0.634727,0.622298,0.610075,0.77454,0.770799,0.77627
1210,5,21,2,6e+21,0.26827,0.0038356,37.4109,4.35,18.5432,556.297,55.6297,18,0.315466,0.173008,0.303901,0.171486,0.298032,0.416856,0.409391,0.420151,0.412715,36,52.8482,0.557491,0.498079,0.747761,0.493698,0.733321,0.599119,0.588391,0.530597,0.521206,0.770746,0.766686,0.748568
1211,5,21,3,6e+21,0.26827,0.00490394,25.9921,4.517,16.8516,505.548,50.5548,18,0.318927,0.17594,0.299685,0.174374,0.294735,0.410192,0.403919,0.41416,0.40788,36,48.0271,0.607294,0.565429,0.8182,0.560397,0.804684,0.710905,0.700033,0.672978,0.662773,0.834975,0.864732,0.816213
1212,5,21,4,6e+21,0.26827,0.00626986,18.9799,4.626,15.3995,461.986,46.1986,18,0.31814,0.175643,0.292882,0.174088,0.288829,0.399388,0.394215,0.402727,0.397542,36,43.8887,0.591784,0.543292,0.777898,0.53848,0.767133,0.618013,0.610007,0.609889,0.602036,0.811957,0.828012,0.717971
1213,5,21,5,6e+21,0.26827,0.00801622,12.7084,4.69,13.8327,414.979,41.498,18,0.317711,0.175558,0.284979,0.17401,0.281763,0.384729,0.380635,0.386478,0.382378,36,39.4231,0.646164,0.618454,0.959832,0.613001,0.948997,0.8396,0.830665,0.830702,0.821888,0.882398,0.935857,0.909356
1214,5,21,6,6e+21,0.26827,0.010249,9.0871,4.644,12.9834,389.502,38.9503,18,0.321674,0.177925,0.280376,0.176331,0.27761,0.373887,0.370403,0.374417,0.370933,36,37.0028,1.58939,1.81344,0.81727,1.79719,0.809208,0.686823,0.680423,0.684124,0.677758,2.15169,2.71559,0.772515
1215,5,21,7,6e+21,0.26827,0.0131037,6.6442,4.473,12.7697,383.092,38.3092,18,0.335716,0.188567,0.284981,0.186792,0.282263,0.37704,0.373656,0.377232,0.373848,36,36.3937,0.65755,0.628848,0.871656,0.622928,0.863343,0.753599,0.746834,0.753926,0.747164,0.873754,0.922047,0.822498
1216,5,21,8,6e+21,0.26827,0.0167535,5.0566,4.175,13.2409,397.227,39.7227,24,0.362895,0.210673,0.352199,0.208499,0.34876,0.401284,0.397418,0.401284,0.397418,37.7365,37.7365,0.853311,0.89012,0.439073,0.880937,0.434785,0.395891,0.392077,0.395891,0.392077,1.09957,1.26079,0.452886
1217,5,21,9,6e+21,0.26827,0.02142,3.9646,3.753,14.4066,432.198,43.2197,24,0.405872,0.24637,0.3797,0.24343,0.37531,0.440907,0.435905,0.440907,0.435905,41.0587,41.0587,0.756159,0.757619,0.823578,0.748578,0.814056,0.710266,0.702208,0.710266,0.702208,0.933289,1.02182,0.854788
1218,5,21,10,6e+21,0.26827,0.0273861,3.1878,3.242,16.3195,489.586,48.9586,24,0.467887,0.300087,0.416214,0.295678,0.409943,0.49308,0.485884,0.49308,0.485884,46.5107,46.5107,0.90764,0.985107,0.923302,0.970635,0.909391,0.793307,0.781729,0.793307,0.781729,1.06175,1.24707,0.861711
1219,5,21,11,6e+21,0.26827,0.0350141,2.5916,2.677,19.2518,577.553,57.7553,30,0.549461,0.37334,0.505733,0.365976,0.495338,0.543729,0.532764,0.543729,0.532764,54.8675,54.8675,0.815085,0.84972,0.869473,0.83296,0.851601,0.714624,0.700214,0.714624,0.700214,0.900495,1.00215,0.884833
1220,5,21,12,6e+21,0.26827,0.0447667,2.1594,2.185,23.1614,694.842,69.4842,36,0.634933,0.457497,0.574141,0.444701,0.557142,0.586683,0.569713,0.586683,0.569713,66.0099,66.0099,0.854021,0.928567,0.884776,0.902597,0.858579,0.822296,0.798511,0.822296,0.798511,0.901968,1.03065,0.892565
1221,5,21,13,6e+21,0.26827,0.0572357,1.8182,1.788,28.5097,855.292,85.5292,48,0.714656,0.549173,0.641954,0.526009,0.613221,0.616963,0.590223,0.616963,0.590223,81.2527,81.2527,0.868444,0.980181,0.826842,0.938837,0.789834,0.772583,0.739098,0.772583,0.739098,0.891031,1.04146,0.827373
1222,5,21,14,6e+21,0.26827,0.0731778,1.548,1.504,35.6033,1068.1,106.81,60,0.771399,0.626755,0.677539,0.585452,0.630437,0.626646,0.585151,0.626646,0.585151,101.469,101.469,0.87902,1.03398,0.656215,0.965844,0.610595,0.430512,0.402005,0.430512,0.402005,0.888739,1.07046,0.656245
1223,5,21,15,6e+21,0.26827,0.0935603,1.3362,1.32,44.5548,1336.64,133.664,72,0.804584,0.682963,0.69862,0.611874,0.62272,0.610243,0.548903,0.610243,0.548903,126.981,126.981,0.934915,1.36798,0.567556,1.22559,0.505895,0.332691,0.299249,0.332691,0.299249,0.939132,1.3961,0.56756
1224,5,21,16,6e+21,0.26827,0.11962,1.1573,1.198,56.3916,1691.75,169.175,96,0.822313,0.722151,0.690094,0.600847,0.571026,0.557404,0.471858,0.557404,0.471858,160.716,160.716,0.829806,0.962719,0.79641,0.801005,0.658998,0.639996,0.541774,0.639996,0.541774,0.831158,0.973904,0.79468
1225,5,21,17,6e+21,0.26827,0.152938,1.0102,1.123,71.3163,2139.49,213.949,120,0.830586,0.737838,0.668635,0.538034,0.485913,0.469603,0.362524,0.469603,0.362524,203.252,203.252,0.823705,1.00114,0.51552,0.730032,0.374641,0.810502,0.625692,0.810502,0.625692,0.824167,1.008,0.51552
1226,5,21,18,6e+21,0.26827,0.195537,0.8817,1.075,91.0659,2731.98,273.198,156,0.834213,0.73175,0.563283,0.406429,0.317362,0.28041,0.187239,0.28041,0.187239,259.538,259.538,0.819573,0.824892,-0.0150275,0.458162,-0.00846672,-0.919835,-0.614203,-0.919835,-0.614203,0.819706,0.828276,0.0976834
1228,5,22,2,6e+21,0.398107,0.0038356,58.097,4.554,29.1571,874.712,87.4712,18,0.326353,0.193141,0.345662,0.191522,0.338474,0.467928,0.453587,0.485982,0.471212,36,54,0.590488,0.534513,0.724228,0.530033,0.709167,0.782314,0.758337,0.641837,0.622329,0.80066,0.796653,0.825377
1229,5,22,3,6e+21,0.398107,0.00490394,47.2962,4.682,28.0331,840.994,84.0993,18,0.329934,0.197333,0.344757,0.195674,0.337722,0.466932,0.453515,0.483385,0.469596,36,54,0.607204,0.556637,0.757761,0.551956,0.742297,0.810703,0.787409,0.699003,0.679064,0.818337,0.822994,0.880326
1230,5,22,4,6e+21,0.398107,0.00626986,31.3921,4.907,25.3543,760.63,76.063,24,0.331702,0.202414,0.390701,0.200744,0.381234,0.473849,0.46262,0.462217,0.451428,48,72,0.646487,0.609273,0.905973,0.604247,0.884022,0.749594,0.731832,0.720607,0.703787,0.863505,0.888195,0.947228
1231,5,22,5,6e+21,0.398107,0.00801622,22.0496,5.043,22.9033,687.098,68.7098,24,0.33159,0.205438,0.382102,0.20378,0.374321,0.462497,0.45351,0.455536,0.446783,48,65.2743,0.635065,0.597682,0.83157,0.59286,0.814638,0.673827,0.660734,0.631423,0.619291,0.841746,0.860542,0.868896
1232,5,22,6,6e+21,0.398107,0.010249,14.5094,5.096,20.3099,609.297,60.9297,24,0.334119,0.209943,0.372756,0.208263,0.366857,0.450021,0.443132,0.446913,0.440119,48,57.8832,0.687497,0.663623,0.883929,0.658312,0.869939,0.649392,0.639451,0.625071,0.615568,0.899688,0.938548,0.922378
1233,5,22,7,6e+21,0.398107,0.0131037,10.2225,5.003,18.7491,562.473,56.2472,24,0.342864,0.217969,0.368602,0.216181,0.363679,0.443959,0.438196,0.442558,0.436836,48,53.4349,0.666921,0.642834,0.824477,0.637561,0.813466,0.644054,0.635695,0.632433,0.624256,0.857859,0.8901,0.860084
1234,5,22,8,6e+21,0.398107,0.0167535,7.5164,4.763,18.1017,543.052,54.3052,24,0.360977,0.232808,0.3714,0.230773,0.36679,0.447074,0.441681,0.44611,0.440743,48,51.5899,0.703808,0.690689,0.915937,0.684652,0.904569,0.760434,0.75126,0.753196,0.744134,0.883681,0.930087,0.845365
1235,5,22,9,6e+21,0.398107,0.02142,5.66,4.356,18.3663,550.989,55.0988,24,0.393282,0.259059,0.383455,0.256515,0.378509,0.463449,0.457668,0.462424,0.456673,48,52.3439,0.732217,0.726077,0.895502,0.718948,0.88395,0.723814,0.714786,0.715068,0.706175,0.888061,0.940139,0.822654
1236,5,22,10,6e+21,0.398107,0.0273861,4.3876,3.81,19.6165,588.494,58.8494,30,0.442585,0.299607,0.452008,0.296084,0.445486,0.490218,0.483246,0.490218,0.483246,55.9069,55.9069,0.878166,0.919246,0.813102,0.908439,0.80137,0.649109,0.639877,0.649109,0.639877,1.01939,1.13206,0.826138
1237,5,22,11,6e+21,0.398107,0.0350141,3.5035,3.205,21.8844,656.532,65.6532,30,0.508336,0.355608,0.479388,0.350269,0.470756,0.52541,0.516142,0.524268,0.515039,60,62.3705,0.84232,0.876785,0.943166,0.863619,0.926184,0.783186,0.769371,0.779091,0.765375,0.933919,1.02301,0.884164
1238,5,22,12,6e+21,0.398107,0.0447667,2.836,2.596,25.4842,764.527,76.4527,36,0.590094,0.429939,0.542134,0.420998,0.529003,0.562203,0.548866,0.561272,0.547977,72,72.6301,0.920271,1.00446,0.916672,0.983569,0.894469,0.671423,0.655495,0.66933,0.653474,0.978133,1.11216,0.837475
1239,5,22,13,6e+21,0.398107,0.0572357,2.3514,2.098,30.4346,913.039,91.3038,48,0.672981,0.515655,0.613837,0.500043,0.592727,0.596727,0.576719,0.596727,0.576719,86.7387,86.7387,1.02096,1.23485,0.837542,1.19746,0.80874,0.68409,0.661153,0.68409,0.661153,1.05405,1.31478,0.838446
1240,5,22,14,6e+21,0.398107,0.0731778,1.9746,1.719,37.228,1116.84,111.684,60,0.740539,0.594817,0.6585,0.567296,0.624657,0.620289,0.589582,0.620289,0.589582,106.1,106.1,0.86075,0.949702,0.821388,0.90576,0.779174,0.716729,0.681248,0.716729,0.681248,0.87355,0.985149,0.821463
1241,5,22,15,6e+21,0.398107,0.0935603,1.6849,1.462,46.0081,1380.24,138.024,72,0.78522,0.657843,0.687693,0.610457,0.633784,0.623359,0.577207,0.623359,0.577207,131.123,131.123,0.859841,0.972567,0.926406,0.902511,0.853785,0.620329,0.574401,0.620329,0.574401,0.865294,0.993403,0.926421
1242,5,22,16,6e+21,0.398107,0.11962,1.4488,1.29,57.5706,1727.12,172.712,96,0.812253,0.704806,0.694793,0.623954,0.610077,0.596824,0.530008,0.596824,0.530008,164.076,164.076,0.853786,1.04484,0.819535,0.924982,0.719609,0.974712,0.865591,0.974712,0.865591,0.855967,1.05802,0.819535
1243,5,22,17,6e+21,0.398107,0.152938,1.255,1.18,72.516,2175.48,217.548,120,0.825407,0.73036,0.686705,0.595469,0.554754,0.5333,0.443477,0.5333,0.443477,206.671,206.671,0.832084,0.912004,0.482649,0.743566,0.389908,-0.0104928,-0.0087255,-0.0104928,-0.0087255,0.832836,0.918469,0.482649
1244,5,22,18,6e+21,0.398107,0.195537,1.0974,1.113,91.1026,2733.08,273.308,150,0.831874,0.740162,0.654639,0.521875,0.457972,0.427285,0.322136,0.427285,0.322136,259.642,259.642,0.852089,1.28455,0.821373,0.905714,0.574616,0.0398603,0.0300513,0.0398603,0.0300513,0.852358,1.29007,0.821373
1245,5,22,19,6e+21,0.398107,0.25,0.9602,1.07,115.418,3462.53,346.253,192,0.834699,0.727812,0.542387,0.380099,0.285547,0.230495,0.149393,0.230495,0.149393,328.941,328.941,0.816221,0.793909,0.861432,0.414618,0.453513,-0.325733,-0.21112,-0.325733,-0.21112,0.816301,0.796132,0.861432
1246,5,23,4,6e+21,0.590784,0.00626986,57.2305,4.97,41.6273,1248.82,124.882,24,0.338521,0.213453,0.428529,0.211733,0.417289,0.525464,0.502766,0.524349,0.501847,48,72,0.6543,0.61311,0.86149,0.608171,0.838894,0.91686,0.877256,0.771821,0.738699,0.86765,0.88319,0.947097
1247,5,23,5,6e+21,0.590784,0.00801622,37.4728,5.201,37.8511,1135.53,113.553,24,0.33925,0.219092,0.41885,0.217389,0.408759,0.514474,0.496006,0.510126,0.491911,48,72,0.695756,0.664931,0.943233,0.659763,0.92051,0.834228,0.804282,0.654618,0.631244,0.911411,0.939454,0.986596
1248,5,23,6,6e+21,0.590784,0.010249,25.5228,5.312,33.9814,1019.44,101.944,24,0.342374,0.225761,0.409225,0.224043,0.40022,0.502945,0.488397,0.496797,0.48251,48,72,0.702153,0.676752,0.868743,0.671602,0.849627,0.840103,0.815802,0.714526,0.693977,0.906285,0.936105,0.966
1249,5,23,7,6e+21,0.590784,0.0131037,18.0313,5.305,30.6283,918.85,91.885,24,0.350053,0.235116,0.402058,0.233321,0.393937,0.494445,0.482825,0.488245,0.476851,48,72,0.746732,0.734568,0.999846,0.728959,0.97965,0.869555,0.849118,0.796036,0.777459,0.946654,0.992577,1.01326
1250,5,23,8,6e+21,0.590784,0.0167535,11.7934,5.115,27.3519,820.556,82.0557,24,0.368248,0.252465,0.396516,0.250444,0.389268,0.488004,0.478881,0.482255,0.473319,48,72,0.751083,0.740558,0.893626,0.73463,0.877292,0.744145,0.730234,0.679518,0.666927,0.924355,0.965311,0.928811
1251,5,23,9,6e+21,0.590784,0.02142,8.5013,4.777,25.8822,776.466,77.6466,30,0.393397,0.273904,0.440704,0.27151,0.433155,0.48935,0.481156,0.484062,0.476018,60,73.7642,0.793541,0.792953,0.667697,0.786023,0.65626,0.400734,0.394024,0.370835,0.364673,0.946837,0.997078,0.685055
1252,5,23,10,6e+21,0.590784,0.0273861,6.2865,4.27,25.7484,772.453,77.2453,30,0.43243,0.306255,0.449515,0.303158,0.441894,0.501894,0.493595,0.496741,0.48859,60,73.383,0.83108,0.842343,0.935291,0.833826,0.919435,0.66919,0.658125,0.643506,0.632947,0.955846,1.01552,0.868539
1253,5,23,11,6e+21,0.590784,0.0350141,4.857,3.675,26.9744,809.233,80.9233,36,0.48555,0.35088,0.49471,0.346533,0.485674,0.519311,0.509965,0.516903,0.507634,72,76.8771,0.872724,0.902335,0.924752,0.891157,0.907861,0.670017,0.657958,0.661629,0.649766,0.966538,1.04145,0.936905
1254,5,23,12,6e+21,0.590784,0.0447667,3.8426,3.042,29.6549,889.647,88.9647,42,0.555202,0.412634,0.542839,0.405926,0.530893,0.544918,0.533129,0.544554,0.53278,84,84.5164,0.955964,1.03924,0.949434,1.02235,0.92854,0.810401,0.792869,0.809462,0.791961,1.02139,1.14938,0.953989
1255,5,23,13,6e+21,0.590784,0.0572357,3.1205,2.472,33.8798,1016.39,101.639,48,0.630687,0.484135,0.587658,0.473195,0.57076,0.575955,0.55975,0.575572,0.559387,96,96.5575,0.910612,0.987148,0.89691,0.964841,0.87112,0.685722,0.666428,0.684889,0.66563,0.946122,1.05416,0.899262
1256,5,23,14,6e+21,0.590784,0.0731778,2.5671,1.995,40.1742,1205.23,120.523,60,0.703696,0.560593,0.636003,0.54184,0.610329,0.604897,0.581209,0.604897,0.581209,114.496,114.496,0.917513,1.02732,0.844088,0.99296,0.810014,0.59508,0.571777,0.59508,0.571777,0.935373,1.06893,0.844301
1257,5,23,15,6e+21,0.590784,0.0935603,2.1623,1.658,48.4246,1452.74,145.274,72,0.758617,0.627258,0.671426,0.595553,0.632078,0.622171,0.587266,0.622171,0.587266,138.01,138.01,0.914931,1.08796,0.884029,1.03297,0.832222,0.799635,0.754775,0.799635,0.754775,0.923247,1.11402,0.884066
1258,5,23,16,6e+21,0.590784,0.11962,1.8354,1.419,59.704,1791.12,179.112,96,0.7963,0.682073,0.691628,0.627873,0.630243,0.618263,0.566784,0.618263,0.566784,170.157,170.157,0.852578,0.932359,0.646103,0.85827,0.588758,0.350415,0.321238,0.350415,0.321238,0.855761,0.944978,0.646103
1259,5,23,17,6e+21,0.590784,0.152938,1.5747,1.263,74.4191,2232.57,223.257,120,0.816751,0.715596,0.695332,0.624917,0.599843,0.581894,0.509352,0.581894,0.509352,212.094,212.094,0.847481,0.971986,0.813227,0.848818,0.701548,0.417724,0.365648,0.417724,0.365648,0.848713,0.9796,0.813227
1260,5,23,18,6e+21,0.590784,0.195537,1.3625,1.164,93.3762,2801.29,280.129,156,0.827599,0.734844,0.672761,0.585231,0.52863,0.503766,0.410422,0.503766,0.410422,266.122,266.122,0.885243,1.41165,0.807746,1.12424,0.634696,0.447264,0.364389,0.447264,0.364389,0.88567,1.41758,0.803081
1261,5,23,19,6e+21,0.590784,0.25,1.1865,1.102,117.617,3528.52,352.852,192,0.833006,0.739543,0.626717,0.496778,0.415648,0.368191,0.268831,0.368191,0.268831,335.21,335.21,0.834363,1.11476,0.859806,0.748824,0.570235,0.468018,0.341719,0.468018,0.341719,0.834476,1.11713,0.859806
1262,5,24,5,6e+21,0.876712,0.00801622,56.4227,5.317,59.1413,1774.24,177.424,24,0.34542,0.229424,0.440024,0.227686,0.429632,0.548152,0.520124,0.564474,0.531179,48,72,0.710897,0.682784,0.916884,0.677613,0.895231,1.05031,0.996606,0.949668,0.893653,0.924207,0.953141,1.00522
1263,5,24,6,6e+21,0.876712,0.010249,42.3224,5.42,55.4675,1664.02,166.402,24,0.348459,0.235619,0.434838,0.233869,0.425209,0.539843,0.514097,0.553961,0.525177,48,72,0.74922,0.729989,0.92849,0.724567,0.907928,0.956473,0.910858,0.81547,0.773098,0.961666,1.00068,0.970646
1264,5,24,7,6e+21,0.876712,0.0131037,31.4198,5.447,51.2241,1536.72,153.672,24,0.354461,0.243647,0.429823,0.241845,0.420911,0.531269,0.508194,0.542761,0.518767,48,72,0.74646,0.730849,0.888802,0.725444,0.870373,0.983692,0.940967,0.866076,0.827789,0.942406,0.98021,0.955873
1265,5,24,8,6e+21,0.876712,0.0167535,20.658,5.335,45.2133,1356.4,135.64,24,0.370282,0.260348,0.425598,0.258368,0.41749,0.523314,0.505108,0.53088,0.512585,48,72,0.808251,0.805634,1.00982,0.799509,0.990582,0.983463,0.949247,0.835925,0.807118,0.99164,1.04281,1.04577
1266,5,24,9,6e+21,0.876712,0.02142,13.8001,5.041,40.2732,1208.2,120.82,30,0.395447,0.283762,0.463818,0.281443,0.453413,0.527818,0.513373,0.517208,0.50315,60,90,0.829726,0.831346,0.94442,0.824553,0.923233,0.803828,0.78183,0.647953,0.630341,0.984622,1.03426,1.01161
1267,5,24,10,6e+21,0.876712,0.0273861,9.7544,4.613,37.374,1121.22,112.122,30,0.428166,0.312334,0.46323,0.309474,0.453415,0.527963,0.515502,0.517681,0.505558,60,90,0.892365,0.915882,1.05302,0.907495,1.03071,0.874349,0.853712,0.78918,0.770699,1.02377,1.09548,1.03171
1268,5,24,11,6e+21,0.876712,0.0350141,7.1644,4.068,36.3953,1091.86,109.186,36,0.47321,0.351367,0.493132,0.34757,0.481737,0.535066,0.523145,0.521743,0.510282,72,103.727,0.943531,0.987652,1.02536,0.976978,1.00167,0.795942,0.778209,0.7083,0.692742,1.04599,1.13531,1.03456
1269,5,24,12,6e+21,0.876712,0.0447667,5.4611,3.463,37.3373,1120.12,112.012,42,0.52941,0.400467,0.530244,0.395066,0.517605,0.549682,0.536805,0.539633,0.527142,84,106.411,0.959026,1.02048,1.07862,1.00672,1.05291,0.792243,0.773683,0.744293,0.727064,1.02959,1.12966,1.09483
1270,5,24,13,6e+21,0.876712,0.0572357,4.2569,2.843,40.3782,1211.35,121.135,48,0.597529,0.462166,0.568133,0.453828,0.552419,0.572713,0.557092,0.563144,0.547963,96,115.078,0.943889,1.01934,1.00636,1.00096,0.978527,0.772347,0.751281,0.736204,0.716359,0.985697,1.09113,0.94826
1271,5,24,14,6e+21,0.876712,0.0731778,3.4493,2.327,45.3439,1360.32,136.032,60,0.664405,0.526949,0.614579,0.513734,0.593246,0.592738,0.572569,0.58732,0.567479,120,129.23,0.957897,1.07665,0.999539,1.04965,0.964844,0.863393,0.834014,0.876794,0.847173,0.981506,1.12457,1.00073
1272,5,24,15,6e+21,0.876712,0.0935603,2.8199,1.894,53.1551,1594.65,159.465,78,0.728277,0.596467,0.652807,0.574232,0.621713,0.609953,0.581929,0.609953,0.581929,151.492,151.492,0.891787,0.974116,0.81421,0.937804,0.775428,0.539792,0.514991,0.539792,0.514991,0.902434,0.999609,0.814222
1273,5,24,16,6e+21,0.876712,0.11962,2.3614,1.589,63.6544,1909.63,190.963,96,0.77457,0.654535,0.681834,0.61746,0.63534,0.621475,0.581199,0.621475,0.581199,181.415,181.415,0.881077,0.994161,0.888383,0.937848,0.827805,0.672556,0.62897,0.672556,0.62897,0.885783,1.00918,0.888384
1274,5,24,17,6e+21,0.876712,0.152938,1.9987,1.375,77.9622,2338.87,233.887,120,0.804082,0.69707,0.697316,0.635151,0.626211,0.60892,0.551279,0.60892,0.551279,222.192,222.192,0.879608,1.06343,0.91322,0.968971,0.820098,0.750884,0.679804,0.750884,0.679804,0.881503,1.07248,0.91322
1275,5,24,18,6e+21,0.876712,0.195537,1.7163,1.238,96.2608,2887.82,288.782,156,0.821031,0.725161,0.691585,0.623649,0.584685,0.564377,0.486115,0.564377,0.486115,274.343,274.343,0.835395,0.938419,0.795989,0.807054,0.672951,0.773682,0.666396,0.773682,0.666396,0.836094,0.943061,0.798061
1276,5,24,19,6e+21,0.876712,0.25,1.4802,1.148,120.572,3617.16,361.716,198,0.829265,0.736371,0.658119,0.570334,0.499889,0.465868,0.370685,0.465868,0.370685,343.631,343.631,0.842259,1.08368,0.855685,0.839336,0.649954,0.726226,0.577848,0.726226,0.577848,0.842464,1.08626,0.850947
1277,5,25,7,6e+21,1.30103,0.0131037,50.8758,5.52,82.1683,2465.05,246.505,24,0.35987,0.251691,0.443239,0.249859,0.434153,0.55961,0.533676,0.586877,0.545252,48,72,0.763277,0.74858,0.898934,0.743131,0.880506,0.468026,0.446336,0.535163,0.497206,0.960833,0.999213,0.959051
1278,5,25,8,6e+21,1.30103,0.0167535,35.4053,5.444,75.079,2252.37,225.237,24,0.373815,0.266901,0.440358,0.264921,0.431989,0.55356,0.530033,0.577757,0.541138,48,72,0.799288,0.792431,0.92147,0.786554,0.903957,0.886155,0.848493,0.824478,0.772222,0.979869,1.02329,0.985198
1279,5,25,9,6e+21,1.30103,0.02142,23.8205,5.202,66.8958,2006.88,200.688,30,0.396645,0.289054,0.484852,0.286782,0.473746,0.563437,0.536311,0.568628,0.539685,60,90,0.874818,0.885181,1.02839,0.878223,1.00483,1.04517,0.994848,0.92883,0.881554,1.03805,1.09909,1.05676
1280,5,25,10,6e+21,1.30103,0.0273861,16.8211,4.861,60.296,1808.88,180.888,30,0.424006,0.314034,0.485298,0.311343,0.474803,0.559603,0.536238,0.562392,0.539171,60,90,0.892408,0.908097,0.96786,0.900316,0.946928,1.05796,1.01378,0.885538,0.848973,1.02705,1.08766,1.01204
1281,5,25,11,6e+21,1.30103,0.0350141,11.4548,4.346,54.6624,1639.87,163.987,36,0.465947,0.35156,0.512255,0.348076,0.499829,0.564984,0.545775,0.553313,0.534598,72,108,0.948154,0.988521,1.0797,0.978724,1.05351,1.03024,0.995216,0.903294,0.872741,1.05339,1.1361,1.09412
1282,5,25,12,6e+21,1.30103,0.0447667,8.1714,3.763,52.0232,1560.7,156.07,42,0.516341,0.39626,0.535799,0.391497,0.521122,0.568995,0.551481,0.55252,0.535691,84,126,1.01483,1.08738,1.04947,1.07431,1.02072,0.923473,0.895048,0.859214,0.833043,1.09233,1.20398,1.09278
1283,5,25,13,6e+21,1.30103,0.0572357,6.1039,3.171,52.3386,1570.16,157.016,54,0.574895,0.449087,0.571095,0.442207,0.553043,0.577453,0.559567,0.55977,0.542749,108,149.165,1.02418,1.12133,1.05552,1.10415,1.02215,0.824845,0.799297,0.771048,0.747602,1.07381,1.20286,1.06774
1284,5,25,14,6e+21,1.30103,0.0731778,4.7453,2.625,55.4625,1663.87,166.387,60,0.636749,0.506941,0.599847,0.496556,0.578702,0.596717,0.57599,0.579271,0.559527,120,158.068,0.961753,1.05338,1.08836,1.0318,1.04999,0.846383,0.816985,0.802072,0.774735,0.988923,1.10268,1.04785
1285,5,25,15,6e+21,1.30103,0.0935603,3.8036,2.162,61.4392,1843.18,184.318,78,0.696591,0.56702,0.640183,0.550771,0.612693,0.608931,0.58332,0.598571,0.573717,156,175.102,0.913743,1.00125,0.937477,0.972556,0.897221,0.791951,0.758642,0.764069,0.732344,0.927495,1.03004,0.937814
1286,5,25,16,6e+21,1.30103,0.11962,3.111,1.794,70.7499,2122.5,212.25,96,0.748791,0.625814,0.669726,0.599525,0.631623,0.619745,0.585714,0.613386,0.579981,192,201.637,0.925717,1.07225,0.964969,1.02721,0.910069,0.879212,0.830934,0.864686,0.817594,0.932384,1.0903,0.964977
1287,5,25,17,6e+21,1.30103,0.152938,2.5866,1.522,84.0625,2521.87,252.187,120,0.786667,0.674318,0.691168,0.631238,0.63576,0.614781,0.568372,0.614781,0.568372,239.578,239.578,0.87396,0.996578,0.882338,0.93291,0.811604,0.849298,0.785187,0.849298,0.785187,0.876683,1.0061,0.882338
1288,5,25,18,6e+21,1.30103,0.195537,2.1914,1.338,101.591,3047.74,304.774,156,0.810162,0.708686,0.698596,0.638844,0.617124,0.597856,0.533783,0.597856,0.533783,289.536,289.536,0.87214,1.06482,0.955208,0.959879,0.84381,0.994284,0.887726,0.994284,0.887726,0.873269,1.07074,0.955208
1289,5,25,19,6e+21,1.30103,0.25,1.8683,1.213,125.422,3762.65,376.265,198,0.824286,0.732247,0.688533,0.617426,0.566829,0.539523,0.455305,0.539523,0.455305,357.452,357.452,0.897635,1.37163,1.01691,1.15655,0.837164,1.12457,0.949028,1.12457,0.949028,0.898009,1.3754,1.01835
1290,5,26,8,6e+21,1.9307,0.0167535,53.7047,5.474,117.858,3535.73,353.572,24,0.381002,0.276109,0.448924,0.274074,0.440589,0.565917,0.54222,0.601218,0.560638,48,72,0.80664,0.801778,0.942436,0.79587,0.924938,0.81773,0.783488,0.899806,0.839072,0.983007,1.0271,1.0083
1291,5,26,9,6e+21,1.9307,0.02142,43.3416,5.346,112.164,3364.91,336.491,30,0.394059,0.289052,0.49467,0.286856,0.483231,0.585688,0.555094,0.60885,0.558948,60,90,0.834921,0.836467,1.00031,0.830114,0.977177,0.960136,0.909983,0.93962,0.862607,0.998246,1.04713,1.03535
1292,5,26,10,6e+21,1.9307,0.0273861,27.9492,4.946,99.4695,2984.08,298.408,30,0.428178,0.321138,0.494785,0.318445,0.484188,0.583078,0.555684,0.602942,0.55964,60,90,0.885375,0.899933,0.973269,0.892385,0.952424,0.788157,0.751128,0.821042,0.762078,1.01726,1.07461,1.0126
1293,5,26,11,6e+21,1.9307,0.0350141,19.7428,4.53,89.6661,2689.98,268.998,36,0.463032,0.353319,0.524295,0.35,0.511541,0.594565,0.563536,0.600338,0.563344,72,108,0.927064,0.95521,1.00413,0.946238,0.979701,0.908783,0.861356,0.82712,0.77615,1.03326,1.10048,1.04283
1294,5,26,12,6e+21,1.9307,0.0447667,13.2073,3.964,80.26,2407.8,240.78,42,0.511203,0.396921,0.550977,0.392473,0.535788,0.600067,0.570344,0.592129,0.562951,84,126,0.982353,1.03451,1.0829,1.02292,1.05305,1.08884,1.03491,0.924538,0.87898,1.05956,1.14646,1.09316
1295,5,26,13,6e+21,1.9307,0.0572357,9.2888,3.398,75.0789,2252.37,225.237,54,0.563842,0.444748,0.582654,0.438579,0.562815,0.602637,0.576629,0.58252,0.557615,108,162,0.959023,1.01364,1.00148,0.999575,0.967379,0.906537,0.867415,0.777381,0.744144,1.0079,1.08871,1.01102
1296,5,26,14,6e+21,1.9307,0.0731778,7.0044,2.902,74.0454,2221.36,222.136,60,0.61508,0.492214,0.600708,0.4836,0.578173,0.61111,0.58549,0.587983,0.563689,120,180,0.953712,1.01967,1.01851,1.00183,0.980302,0.861946,0.82581,0.712071,0.682649,0.984349,1.07081,1.06285
1297,5,26,15,6e+21,1.9307,0.0935603,5.3499,2.415,76.8635,2305.91,230.591,78,0.671791,0.547074,0.631056,0.534194,0.602207,0.619274,0.591457,0.592073,0.566192,156,219.061,1.17627,1.42679,1.02457,1.3932,0.977729,0.76984,0.735259,0.662568,0.633605,1.19734,1.47141,1.03135
1298,5,26,16,6e+21,1.9307,0.11962,4.2246,2.007,83.8432,2515.3,251.53,96,0.724138,0.601592,0.66181,0.581677,0.626137,0.628591,0.595291,0.605442,0.57417,192,238.953,0.937704,1.05339,1.06041,1.01852,1.00325,0.821742,0.778209,0.786361,0.745745,0.946224,1.07298,1.0613
1299,5,26,17,6e+21,1.9307,0.152938,3.4513,1.699,94.7883,2843.65,284.365,120,0.765674,0.64992,0.683271,0.618929,0.63625,0.627887,0.586062,0.610482,0.570647,240,270.147,0.892984,1.01595,1.04154,0.967506,0.969868,1.02979,0.961195,1.08747,1.01651,0.896918,1.02722,1.04155
1300,5,26,18,6e+21,1.9307,0.195537,2.8486,1.461,111.412,3342.37,334.237,156,0.796469,0.689933,0.696397,0.640058,0.630332,0.607131,0.553219,0.603307,0.550004,312,317.525,0.896481,1.09518,1.13907,1.01601,1.03101,1.23519,1.12551,1.24559,1.13554,0.898154,1.10204,1.13907
1301,5,26,19,6e+21,1.9307,0.25,2.4013,1.301,133.531,4005.92,400.592,192,0.815772,0.718774,0.703316,0.638965,0.607747,0.577618,0.506587,0.577618,0.506587,380.562,380.562,0.861616,1.0518,1.14805,0.935016,0.992051,1.36102,1.19365,1.36102,1.19365,0.862259,1.05554,1.14805
1302,5,27,10,6e+21,2.86512,0.0273861,46.4146,5.018,161.638,4849.14,484.914,30,0.430511,0.325606,0.501414,0.322925,0.49077,0.593095,0.565153,0.621741,0.574158,60,90,0.870327,0.881147,0.960313,0.873891,0.939928,0.8122,0.773936,0.804146,0.742603,1.0014,1.05336,0.995407
1303,5,27,11,6e+21,2.86512,0.0350141,34.6186,4.662,149.969,4499.07,449.907,36,0.46148,0.354824,0.531062,0.351614,0.518205,0.607969,0.57483,0.628346,0.573266,72,108,0.902474,0.923201,0.978608,0.914848,0.954915,0.754973,0.713822,0.770827,0.703258,1.01026,1.06842,1.00878
1304,5,27,12,6e+21,2.86512,0.0447667,22.31,4.075,132.114,3963.41,396.341,42,0.512002,0.401608,0.557605,0.397272,0.542367,0.61922,0.582573,0.62918,0.573489,84,126,0.94467,0.982974,0.999095,0.97236,0.971791,0.808329,0.760491,0.87902,0.801216,1.02022,1.09014,1.02216
1305,5,27,13,6e+21,2.86512,0.0572357,15.6719,3.584,119.426,3582.77,358.277,54,0.557336,0.443687,0.59026,0.437978,0.570106,0.630941,0.586981,0.622056,0.576311,108,162,0.954658,1.0044,1.02961,0.991472,0.99445,1.01926,0.948244,0.913771,0.846573,1.00679,1.08236,1.03764
1306,5,27,14,6e+21,2.86512,0.0731778,10.9594,3.074,109.993,3299.8,329.98,60,0.607871,0.490892,0.607793,0.483012,0.58513,0.636731,0.596928,0.619455,0.58091,120,180,0.962372,1.02852,1.05152,1.01201,1.01231,1.01888,0.955193,0.881035,0.826213,0.995175,1.08163,1.07376
1307,5,27,15,6e+21,2.86512,0.0935603,7.9124,2.598,106.104,3183.12,318.312,78,0.658282,0.538608,0.635485,0.527377,0.605436,0.637542,0.600542,0.6093,0.57442,156,234,0.95802,1.04103,1.13703,1.01933,1.08327,1.02403,0.964601,0.93977,0.885971,0.976838,1.07497,1.14244
1308,5,27,16,6e+21,2.86512,0.11962,6.0177,2.198,107.991,3239.73,323.973,96,0.705169,0.585414,0.657123,0.569125,0.619432,0.642746,0.604268,0.604925,0.569778,192,288,0.944431,1.04422,1.14032,1.01516,1.07491,0.953166,0.896104,0.822517,0.774728,0.954583,1.06527,1.14572
1309,5,27,17,6e+21,2.86512,0.152938,4.7289,1.864,115.435,3463.05,346.305,120,0.747474,0.631509,0.678265,0.607145,0.631482,0.643495,0.599842,0.603469,0.564118,240,328.99,0.914595,1.01775,1.08861,0.978481,1.01352,0.852888,0.795031,0.719408,0.672496,0.919604,1.03011,1.06613
1310,5,27,18,6e+21,2.86512,0.195537,3.8169,1.601,128.781,3863.44,386.344,156,0.780904,0.671035,0.694455,0.633776,0.635026,0.629792,0.577696,0.601222,0.553067,312,367.027,0.889616,0.996495,0.949213,0.941165,0.867984,0.674117,0.618354,0.607283,0.558642,0.891913,1.00364,0.949214
1311,5,27,19,6e+21,2.86512,0.25,3.1545,1.406,148.453,4453.58,445.358,192,0.804482,0.702602,0.703244,0.64492,0.623377,0.607534,0.542415,0.584141,0.523268,384,423.09,0.868635,0.98252,0.874775,0.901859,0.775426,0.592512,0.529004,0.573101,0.513378,0.869569,0.986425,0.874775
1312,5,28,11,6e+21,4.25179,0.0350141,52.9512,4.637,236.184,7085.53,525.3,36,0.472426,0.368243,0.538795,0.364887,0.525976,0.618769,0.585755,0.646183,0.58967,72,108,0.895352,0.910965,0.96572,0.902663,0.942744,0.801952,0.759165,0.745211,0.680037,0.99796,1.04852,0.991456
1313,5,28,12,6e+21,4.25179,0.0447667,38.1226,4.17,218.553,6556.57,525.3,42,0.513017,0.406193,0.564442,0.401939,0.549151,0.631163,0.593408,0.652134,0.588595,84,126,0.920292,0.952062,0.987142,0.942093,0.960399,0.843981,0.793496,0.808426,0.729659,0.996567,1.05883,0.988022
1314,5,28,13,6e+21,4.25179,0.0572357,25.9869,3.638,196.662,5899.85,525.3,54,0.561767,0.451805,0.596614,0.44611,0.576485,0.646428,0.598445,0.655834,0.57925,108,162,0.934579,0.977387,0.995058,0.965067,0.961487,0.840849,0.778435,0.814595,0.719471,0.985475,1.05257,1.0024
1315,5,28,14,6e+21,4.25179,0.0731778,18.9721,3.225,179.659,5389.77,525.3,60,0.601489,0.488995,0.611689,0.481682,0.589132,0.652655,0.60155,0.653549,0.580046,120,180,0.938489,0.990109,0.988653,0.975302,0.952196,0.854107,0.787227,0.824882,0.732109,0.97333,1.04453,0.928525
1316,5,28,15,6e+21,4.25179,0.0935603,12.7884,2.737,162.426,4872.78,487.278,78,0.650292,0.534658,0.638478,0.524406,0.608527,0.660111,0.600282,0.641079,0.582416,156,234,0.937676,1.00299,0.935694,0.983754,0.891801,0.874195,0.794963,0.775546,0.704579,0.957683,1.03737,0.939333
1317,5,28,16,6e+21,4.25179,0.11962,9.1437,2.338,153.88,4616.39,461.639,96,0.69343,0.576371,0.659011,0.562019,0.621468,0.661292,0.606834,0.630145,0.578771,192,288,0.923387,0.997324,0.947706,0.972491,0.893717,0.859576,0.788788,0.781029,0.717354,0.934447,1.01862,0.947222
1318,5,28,17,6e+21,4.25179,0.152938,6.8245,2.002,153.468,4604.05,460.405,120,0.733867,0.618826,0.678902,0.598229,0.630878,0.660942,0.607008,0.617535,0.568363,240,360,0.908891,0.993452,0.939871,0.960386,0.873386,0.816481,0.749855,0.703126,0.647139,0.914671,1.00638,0.938109
1319,5,28,18,6e+21,4.25179,0.195537,5.3461,1.736,160.557,4816.72,481.672,156,0.766856,0.656677,0.692768,0.626929,0.630796,0.65127,0.59366,0.590976,0.541533,312,457.589,0.888416,0.974822,0.919464,0.930662,0.837213,0.721361,0.657551,0.546981,0.501218,0.891252,0.982397,0.9218
1320,5,28,19,6e+21,4.25179,0.25,4.2528,1.513,176.289,5288.68,525.3,192,0.793507,0.68926,0.706117,0.644463,0.629773,0.638748,0.571602,0.585977,0.527585,384,499.035,0.857358,0.919711,0.844282,0.859936,0.753,0.586487,0.524835,0.467817,0.4212,0.858612,0.923875,0.832764
1321,5,29,12,6e+21,6.30957,0.0447667,58.4166,4.147,342.271,10268.1,525.3,42,0.523474,0.41935,0.57196,0.414926,0.556676,0.640237,0.602725,0.666032,0.602149,84,126,0.894369,0.913763,0.960317,0.904122,0.934656,0.874472,0.823237,0.81098,0.733194,0.965855,1.01269,0.97798
1322,5,29,13,6e+21,6.30957,0.0572357,47.4861,3.833,327.856,9835.67,525.3,48,0.552346,0.446873,0.590763,0.441632,0.573114,0.651303,0.608501,0.673179,0.600837,96,144,0.901258,0.925344,0.959659,0.91449,0.93099,0.829578,0.77506,0.764455,0.682304,0.957662,1.00567,0.973076
1323,5,29,14,6e+21,6.30957,0.0731778,31.3499,3.258,295.695,8870.83,525.3,60,0.605878,0.49745,0.618321,0.490121,0.595826,0.666542,0.614003,0.681399,0.594405,120,180,0.917464,0.954666,0.89106,0.940601,0.858643,0.806696,0.743109,0.720219,0.628269,0.951437,1.00674,0.878958
1324,5,29,15,6e+21,6.30957,0.0935603,22.2159,2.846,268.703,8061.1,525.3,78,0.645968,0.535276,0.645277,0.525618,0.615353,0.680741,0.612549,0.686032,0.579854,156,234,0.915334,0.959397,0.886985,0.942087,0.845852,0.774953,0.697323,0.688962,0.58233,0.936541,0.994325,0.890177
1325,5,29,16,6e+21,6.30957,0.11962,14.9689,2.43,241.855,7255.65,525.3,96,0.687171,0.57352,0.665337,0.56016,0.627975,0.688761,0.609374,0.681107,0.587852,192,288,0.908289,0.973346,0.908955,0.950671,0.857912,0.833761,0.737661,0.797799,0.688566,0.91991,0.994908,0.911248
1326,5,29,17,6e+21,6.30957,0.152938,10.5865,2.1,225.751,6772.54,525.3,120,0.724333,0.611016,0.682988,0.5925,0.635415,0.691229,0.608633,0.669845,0.59042,240,360,0.896407,0.969242,0.897616,0.939871,0.835093,0.818949,0.721091,0.803617,0.708331,0.902641,0.982388,0.895391
1327,5,29,18,6e+21,6.30957,0.195537,7.8887,1.837,220.779,6623.36,525.3,156,0.757398,0.649364,0.699913,0.623496,0.637171,0.688018,0.609685,0.655105,0.582201,312,468,0.875692,0.945311,0.879107,0.907653,0.800301,0.787267,0.697634,0.755943,0.671817,0.878933,0.953199,0.880126
1328,5,29,19,6e+21,6.30957,0.25,6.0427,1.614,226.545,6796.34,525.3,192,0.783576,0.680536,0.713989,0.643548,0.634978,0.688334,0.606369,0.663584,0.586327,384,499.035,0.859886,0.930324,0.870299,0.879759,0.77399,0.82623,0.727845,0.757774,0.669551,0.861446,0.934935,0.871149
1329,5,30,14,6e+21,9.36329,0.0731778,57.1242,3.458,485.39,14561.7,525.3,60,0.585307,0.477122,0.619278,0.470668,0.596746,0.671374,0.617637,0.691239,0.600739,120,180,0.886586,0.909331,0.755549,0.897031,0.72806,0.675647,0.621568,0.634482,0.551412,0.925854,0.967229,0.759845
1330,5,30,15,6e+21,9.36329,0.0935603,37.124,2.888,441.778,13253.3,525.3,78,0.64395,0.534488,0.649132,0.525064,0.619383,0.689396,0.620307,0.70255,0.587727,156,234,0.896035,0.931222,0.864474,0.914804,0.824857,0.772203,0.694817,0.692515,0.579332,0.917315,0.965685,0.867485
1331,5,30,16,6e+21,9.36329,0.11962,25.9216,2.505,402.305,12069.2,525.3,96,0.68167,0.56989,0.668806,0.557275,0.631755,0.700745,0.616929,0.708111,0.572605,192,288,0.898419,0.944389,0.870196,0.923485,0.821988,0.755273,0.664936,0.686486,0.555118,0.910813,0.966473,0.872272
1332,5,30,17,6e+21,9.36329,0.152938,18.5846,2.208,367.862,11035.9,525.3,120,0.7153,0.604542,0.687365,0.587862,0.64026,0.710055,0.607063,0.709987,0.559232,240,360,0.892856,0.945497,0.838691,0.919411,0.781216,0.713963,0.610404,0.617766,0.486594,0.900103,0.959802,0.840015
1333,5,30,18,6e+21,9.36329,0.195537,12.6728,1.913,336.512,10095.3,525.3,150,0.750099,0.642844,0.704437,0.619368,0.644513,0.716702,0.596724,0.706965,0.581146,300,450,0.877459,0.929401,0.820056,0.895461,0.750297,0.684322,0.569765,0.573379,0.471335,0.881083,0.937643,0.820944
1334,5,30,19,6e+21,9.36329,0.25,9.1645,1.689,322.069,9662.07,525.3,192,0.776223,0.67385,0.718873,0.641231,0.640808,0.717669,0.600323,0.707751,0.592906,384,499.035,0.862058,0.936962,0.860404,0.891607,0.766969,0.842859,0.705044,0.944766,0.791462,0.863869,0.941949,0.861024
1335,5,31,15,6e+21,13.895,0.0935603,56.625,2.854,692.741,20782.2,525.3,78,0.635992,0.521379,0.653572,0.512025,0.623985,0.702536,0.633613,0.726392,0.609893,156,234,0.847313,0.858373,0.943289,0.842972,0.900586,0.804805,0.725849,0.73863,0.620168,0.866285,0.888497,0.946557
1336,5,31,16,6e+21,13.895,0.11962,43.8326,2.559,658.392,19751.8,525.3,96,0.670023,0.55571,0.675188,0.543847,0.638166,0.716878,0.631341,0.738602,0.594466,192,288,0.863487,0.888017,0.907608,0.86906,0.857841,0.794415,0.699627,0.735591,0.592042,0.876184,0.909828,0.909706
1337,5,31,17,6e+21,13.895,0.152938,30.0061,2.207,601.787,18053.6,525.3,120,0.712271,0.599861,0.694681,0.583308,0.64776,0.728499,0.622798,0.745525,0.570166,240,360,0.867293,0.90253,0.88058,0.877625,0.821103,0.761873,0.651329,0.712898,0.545213,0.874077,0.915689,0.881932
1338,5,31,18,6e+21,13.895,0.195537,21.7579,1.968,553.611,16608.3,525.3,150,0.743353,0.635435,0.709649,0.613573,0.650289,0.734155,0.603278,0.743057,0.535569,300,450,0.86033,0.896421,0.83471,0.86558,0.764888,0.732023,0.601526,0.669687,0.482687,0.86422,0.904848,0.83556
1339,5,31,19,6e+21,13.895,0.25,14.9451,1.737,504.936,15148.1,525.3,192,0.771031,0.666775,0.723204,0.636622,0.646146,0.735041,0.574533,0.733465,0.535147,384,499.035,0.848516,0.879542,0.794808,0.839768,0.71012,0.690843,0.539986,0.656484,0.478981,0.850456,0.884427,0.795331
1340,5,32,17,6e+21,20.6199,0.152938,53.978,2.318,986.392,29591.8,525.3,114,0.686528,0.56235,0.687187,0.548165,0.643479,0.723652,0.624002,0.740258,0.573547,228,342,0.822953,0.819381,0.871594,0.798712,0.816157,0.743113,0.640782,0.708907,0.549256,0.830846,0.833444,0.873037
1341,5,32,18,6e+21,20.6199,0.195537,38.563,2.034,922.299,27669,525.3,144,0.726232,0.606504,0.706016,0.586987,0.650022,0.733416,0.608067,0.744434,0.536699,288,432,0.835545,0.844422,0.853101,0.81725,0.785441,0.742976,0.615993,0.702486,0.506456,0.83989,0.853237,0.854015
1342,5,32,19,6e+21,20.6199,0.25,25.8351,1.777,838.198,25145.9,525.3,186,0.762469,0.649739,0.72029,0.621912,0.647073,0.73414,0.575224,0.731983,0.508164,372,499.035,0.833173,0.841971,0.806029,0.80591,0.724096,0.727158,0.569754,0.684012,0.47486,0.835262,0.846933,0.806572
1343,5,33,19,6e+21,30.5995,0.25,43.3216,1.801,1368.22,41046.5,525.3,186,0.751374,0.623316,0.713248,0.597493,0.641629,0.718568,0.563958,0.706935,0.490132,372,499.035,0.821322,0.812128,0.803546,0.778482,0.722861,0.729354,0.572423,0.682507,0.473196,0.823514,0.817121,0.804073
1354,6,11,1,1.2e+22,0.00517947,0.003,1.2038,1.057,1.41181,42.3543,25.4126,18,0.486737,-2.53297,-3.62365,-2.02822,-3.6092,-2.05657,-2.05307,-2.05657,-2.05307,24.1419,24.1419,0.431653,-2.6217,-3.74602,-2.09927,-3.73108,-2.12335,-2.11973,-2.12335,-2.11973,0.455874,-4.76494,-0.72489
1355,6,11,2,1.2e+22,0.00517947,0.0038356,1.0222,1.056,1.79108,53.7322,27,18,0.538421,-2.26117,-3.42033,-1.60365,-3.39807,-1.63233,-1.62891,-1.63233,-1.62891,25.65,25.65,0.450968,-2.74735,-3.87772,-1.94846,-3.85247,-1.83242,-1.82859,-1.83242,-1.82859,0.466753,-4.99331,-0.985383
1356,6,11,3,1.2e+22,0.00517947,0.00490394,0.8761,1.056,2.27654,68.2962,27,18,0.586008,-1.57455,-2.48573,-0.938474,-2.45935,-1.21042,-1.20626,-1.21042,-1.20626,25.65,25.65,0.488005,-2.26294,-3.13129,-1.34878,-3.09806,-1.50064,-1.49549,-1.50064,-1.49549,0.498516,-4.1129,-0.809976
1357,6,11,4,1.2e+22,0.00517947,0.00626986,0.7569,1.055,2.89881,86.9641,27,18,0.622065,-0.988832,-1.67902,-0.464402,-1.64996,-0.8516,-0.846813,-0.8516,-0.846813,25.65,25.65,0.530845,-1.64561,-2.39638,-0.772856,-2.3549,-1.1801,-1.17347,-1.1801,-1.17347,0.537781,-2.99091,-0.631334
1358,6,11,5,1.2e+22,0.00517947,0.00801622,0.6638,1.053,3.64054,109.216,27,18,0.632316,0.0146974,-0.321958,0.00898644,-0.305916,-0.277441,-0.271039,-0.277441,-0.271039,25.65,25.65,0.526022,-0.41575,-1.17794,-0.254202,-1.11925,-0.828947,-0.809821,-0.828947,-0.809821,0.537456,-0.725423,-0.47095
1359,6,11,6,1.2e+22,0.00517947,0.010249,0.5858,1.051,4.56269,136.881,27,18,0.645908,0.220028,0.188814,0.132881,0.171561,0.0765554,0.0726845,0.0765554,0.0726845,25.65,25.65,0.532712,-0.0903417,-0.762362,-0.0545598,-0.6927,-0.575564,-0.546461,-0.575564,-0.546461,0.54359,-0.154103,-0.682929
1361,6,12,1,1.2e+22,0.00768625,0.003,1.5314,1.084,1.45954,43.7863,26.2718,18,0.473454,-1.78082,-3.38107,-1.51883,-3.36903,-1.89172,-1.88907,-1.89172,-1.88907,24.9582,24.9582,0.418517,-1.86794,-3.52555,-1.59313,-3.51299,-1.97431,-1.97155,-1.97431,-1.97155,0.451398,-3.39499,-0.943662
1362,6,12,2,1.2e+22,0.00768625,0.0038356,1.2939,1.084,1.82638,54.7921,27,18,0.529197,-1.43742,-2.80263,-1.1243,-2.78671,-1.50484,-1.50176,-1.50484,-1.50176,25.65,25.65,0.447266,-1.7279,-3.17368,-1.35149,-3.15565,-1.68475,-1.6813,-1.68475,-1.6813,0.469856,-3.14046,-0.930683
1363,6,12,3,1.2e+22,0.00768625,0.00490394,1.1059,1.083,2.28815,68.645,27,18,0.578452,-1.03666,-2.10168,-0.715728,-2.08271,-1.1466,-1.14285,-1.1466,-1.14285,25.65,25.65,0.494121,-1.32666,-2.61006,-0.915951,-2.5865,-1.39254,-1.38799,-1.39254,-1.38799,0.509993,-2.41121,-0.765988
1364,6,12,4,1.2e+22,0.00768625,0.00626986,0.9496,1.081,2.89431,86.8298,27,18,0.61685,-0.678457,-1.47492,-0.390825,-1.45344,-0.833644,-0.829239,-0.833644,-0.829239,25.65,25.65,0.53073,-1.07102,-2.18774,-0.616964,-2.15588,-1.18955,-1.18327,-1.18955,-1.18327,0.541279,-1.94659,-0.658673
1365,6,12,5,1.2e+22,0.00768625,0.00801622,0.8228,1.079,3.66231,109.87,27,18,0.623325,0.0379146,-0.222973,0.0267216,-0.214386,-0.235135,-0.23032,-0.235135,-0.23032,25.65,25.65,0.519118,-0.268216,-0.85061,-0.189034,-0.817851,-0.685129,-0.671098,-0.685129,-0.671098,0.535984,-0.468017,-0.787872
1366,6,12,6,1.2e+22,0.00768625,0.010249,0.7176,1.075,4.64119,139.236,27,18,0.63738,0.192985,0.193136,0.135378,0.179682,0.101622,0.0971379,0.101622,0.0971379,25.65,25.65,0.522573,-0.104854,-0.372524,-0.0735546,-0.346575,-0.416059,-0.397701,-0.416059,-0.397701,0.538737,-0.178632,-0.435393
1367,6,12,7,1.2e+22,0.00768625,0.0131037,0.6219,1.07,6.00823,180.247,27,18,0.655117,0.265397,0.399438,0.167301,0.350951,0.308203,0.28252,0.308203,0.28252,25.65,25.65,0.530217,-0.17887,-0.315875,-0.112756,-0.277531,-0.398955,-0.365709,-0.398955,-0.365709,0.542052,-0.301074,-0.439833
1368,6,12,8,1.2e+22,0.00768625,0.0167535,0.555,1.063,7.42665,222.8,27,18,0.66373,0.311421,0.477921,0.190665,0.382392,0.431166,0.36387,0.431166,0.36387,25.65,25.65,0.540757,0.0266613,-0.0662675,0.0163232,-0.0530216,-0.0406638,-0.0343171,-0.0406638,-0.0343171,0.550787,0.041935,-0.116982
1369,6,13,1,1.2e+22,0.0114062,0.003,1.9845,1.125,1.52735,45.82,27,18,0.454023,-1.14277,-2.74577,-1.02044,-2.73733,-1.69838,-1.6962,-1.69838,-1.6962,25.65,25.65,0.39537,-1.23655,-2.88857,-1.10419,-2.8797,-1.77789,-1.77561,-1.77789,-1.77561,0.438259,-2.24744,-1.0098
1370,6,13,2,1.2e+22,0.0114062,0.0038356,1.6587,1.124,1.88485,56.5459,27,18,0.515362,-0.88342,-2.14322,-0.741694,-2.1329,-1.32746,-1.32481,-1.32746,-1.32481,25.65,25.65,0.446125,-1.01988,-2.48201,-0.856264,-2.47006,-1.50856,-1.50555,-1.50856,-1.50555,0.478064,-1.85364,-0.865969
1371,6,13,3,1.2e+22,0.0114062,0.00490394,1.3957,1.122,2.35727,70.7186,27,18,0.570322,-0.639533,-1.61731,-0.488308,-1.60488,-1.01461,-1.01137,-1.01461,-1.01137,25.65,25.65,0.487719,-0.851297,-2.04227,-0.649998,-2.02657,-1.25075,-1.24676,-1.25075,-1.24676,0.510011,-1.54724,-0.717541
1372,6,13,4,1.2e+22,0.0114062,0.00626986,1.1912,1.12,2.94969,88.4904,27,18,0.611383,-0.427419,-1.16961,-0.285094,-1.15534,-0.756749,-0.752929,-0.756749,-0.752929,25.65,25.65,0.521012,-0.764775,-1.58351,-0.510114,-1.56419,-0.970981,-0.96608,-0.970981,-0.96608,0.536105,-1.38998,-0.554818
1373,6,13,5,1.2e+22,0.0114062,0.00801622,1.0191,1.117,3.74569,112.371,27,18,0.609337,0.0565173,-0.12316,0.0440748,-0.119473,-0.171852,-0.16871,-0.171852,-0.16871,25.65,25.65,0.505462,-0.211994,-0.618844,-0.165323,-0.600318,-0.602464,-0.591452,-0.602464,-0.591452,0.529317,-0.369807,-0.667126
1374,6,13,6,1.2e+22,0.0114062,0.010249,0.8796,1.111,4.76746,143.024,27,18,0.623704,0.173811,0.201855,0.135445,0.191178,0.132651,0.127648,0.132651,0.127648,25.65,25.65,0.520426,0.017714,-0.264116,0.0138039,-0.250146,-0.282171,-0.271529,-0.282171,-0.271529,0.544034,0.0301341,-0.317251
1375,6,13,7,1.2e+22,0.0114062,0.0131037,0.7669,1.103,6.04385,181.316,27,18,0.6428,0.225798,0.339075,0.164834,0.309559,0.286789,0.26783,0.286789,0.26783,25.65,25.65,0.521975,-0.0821979,-0.126592,-0.0600052,-0.115572,-0.21413,-0.199974,-0.21413,-0.199974,0.539977,-0.13774,-0.239867
1376,6,13,8,1.2e+22,0.0114062,0.0167535,0.6762,1.092,7.58088,227.426,27,18,0.65285,0.2724,0.407923,0.194443,0.348972,0.390957,0.34377,0.390957,0.34377,25.65,25.65,0.511138,0.0241578,0.0670784,0.0172441,0.0573846,-0.0665542,-0.0585212,-0.0665542,-0.0585212,0.525773,0.0379021,-0.0758958
1377,6,13,9,1.2e+22,0.0114062,0.02142,0.5958,1.078,9.58727,287.618,28.7618,18,0.666152,0.314538,0.457784,0.202928,0.348976,0.463809,0.371064,0.463809,0.371064,27.3237,27.3237,0.522345,0.0306301,0.142616,0.0197614,0.108718,0.101541,0.0812366,0.101541,0.0812366,0.532148,0.0452027,0.217762
1378,6,13,10,1.2e+22,0.0114062,0.0273861,0.5222,1.061,12.3115,369.347,36.9346,24,0.678553,0.398836,0.62216,0.209956,0.392568,0.542578,0.382435,0.542578,0.382435,35.0879,35.0879,0.545841,0.199242,-0.515801,0.104885,-0.325458,-0.303646,-0.214024,-0.303646,-0.214024,0.551015,0.270282,-0.531092
1379,6,14,1,1.2e+22,0.0169267,0.003,2.6151,1.185,1.65235,49.57,27,18,0.433195,-0.623875,-1.80901,-0.574464,-1.80425,-1.33995,-1.3382,-1.33995,-1.3382,25.65,25.65,0.371152,-0.715544,-1.9774,-0.658874,-1.9722,-1.45248,-1.45059,-1.45248,-1.45059,0.424479,-1.3005,-1.69462
1380,6,14,2,1.2e+22,0.0169267,0.0038356,2.1637,1.183,1.98562,59.5682,27,18,0.496954,-0.509947,-1.49276,-0.450007,-1.48681,-1.09127,-1.08915,-1.09127,-1.08915,25.65,25.65,0.420384,-0.649083,-1.72516,-0.572788,-1.71828,-1.26083,-1.25838,-1.26083,-1.25838,0.461976,-1.17971,-1.4726
1381,6,14,3,1.2e+22,0.0169267,0.00490394,1.7997,1.181,2.43865,73.1602,27,18,0.555379,-0.384836,-1.17255,-0.317541,-1.16524,-0.86172,-0.859124,-0.86172,-0.859124,25.65,25.65,0.474975,-0.537513,-1.46781,-0.443519,-1.45866,-1.06439,-1.06118,-1.06439,-1.06118,0.505902,-0.976931,-1.24271
1382,6,14,4,1.2e+22,0.0169267,0.00626986,1.5111,1.178,3.03738,91.1211,27,18,0.586589,-0.125139,-0.581196,-0.101013,-0.574164,-0.520461,-0.516998,-0.520461,-0.516998,25.65,25.65,0.504275,-0.285663,-0.875105,-0.230589,-0.864517,-0.735346,-0.730454,-0.735346,-0.730454,0.532943,-0.509398,-0.836549
1383,6,14,5,1.2e+22,0.0169267,0.00801622,1.2811,1.173,3.82092,114.628,27,18,0.589537,0.0721081,-0.0336182,0.0605559,-0.0328637,-0.0958481,-0.0943664,-0.0958481,-0.0943664,25.65,25.65,0.497656,-0.0518478,-0.312235,-0.0435415,-0.305228,-0.315671,-0.310791,-0.315671,-0.310791,0.531385,-0.0904422,-0.340288
1384,6,14,6,1.2e+22,0.0169267,0.010249,1.1048,1.165,4.78112,143.434,27,18,0.601282,0.153331,0.191954,0.129113,0.184775,0.142306,0.138167,0.142306,0.138167,25.65,25.65,0.490661,-0.0454151,-0.171166,-0.0382421,-0.164765,-0.195666,-0.189975,-0.195666,-0.189975,0.52322,-0.0772884,-0.214712
1385,6,14,7,1.2e+22,0.0169267,0.0131037,0.9558,1.153,6.04885,181.466,27,18,0.624525,0.197416,0.29994,0.159169,0.281768,0.270983,0.257572,0.270983,0.257572,25.65,25.65,0.509071,-0.0269303,-0.0712913,-0.0217128,-0.0669721,-0.138587,-0.131728,-0.138587,-0.131728,0.535366,-0.0451242,-0.144542
1386,6,14,8,1.2e+22,0.0169267,0.0167535,0.8329,1.136,7.66219,229.865,27,18,0.637005,0.246068,0.364575,0.195493,0.327532,0.365928,0.333377,0.365928,0.333377,25.65,25.65,0.495641,0.00101241,0.0474238,0.000804326,0.0426052,-0.0425625,-0.0387764,-0.0425625,-0.0387764,0.517019,0.00158752,-0.0131735
1387,6,14,9,1.2e+22,0.0169267,0.02142,0.7287,1.115,9.73662,292.098,29.2098,24,0.654209,0.291745,0.440288,0.217668,0.371786,0.424603,0.362749,0.424603,0.362749,27.7494,27.7494,0.509294,-0.00590612,0.0511536,-0.00440651,0.0431949,0.157084,0.134201,0.157084,0.134201,0.524121,-0.00864885,0.0523132
1388,6,14,10,1.2e+22,0.0169267,0.0273861,0.6327,1.087,12.6458,379.374,37.9373,24,0.670282,0.359776,0.534783,0.236153,0.390643,0.510911,0.393698,0.510911,0.393698,36.0404,36.0404,0.53537,0.0225559,0.162839,0.0148055,0.118949,-0.176848,-0.136276,-0.176848,-0.136276,0.543543,0.0301228,0.16832
1389,6,14,11,1.2e+22,0.0169267,0.0350141,0.5679,1.066,15.5155,465.465,46.5465,30,0.680673,0.434269,0.63881,0.232852,0.38793,0.526356,0.360194,0.526356,0.360194,44.2192,44.2192,0.544607,-0.00161908,0.195256,-0.000868142,0.118573,-0.0466237,-0.0319054,-0.0466237,-0.0319054,0.548342,-0.00198312,0.196986
1390,6,15,1,1.2e+22,0.0251189,0.003,3.5258,1.273,1.88335,56.5004,27,18,0.415943,-0.294144,-1.00473,-0.276224,-1.00245,-0.903039,-0.901808,-0.903039,-0.901808,25.65,25.65,0.358135,-0.359339,-1.16616,-0.337447,-1.1635,-1.04738,-1.04595,-1.04738,-1.04595,0.422662,-0.6531,-1.17202
1391,6,15,2,1.2e+22,0.0251189,0.0038356,2.8605,1.271,2.18746,65.6234,27,18,0.479553,-0.261293,-0.906643,-0.238025,-0.903607,-0.796449,-0.794899,-0.796449,-0.794899,25.65,25.65,0.417865,-0.312704,-1.08389,-0.284859,-1.08026,-0.944336,-0.942499,-0.944336,-0.942499,0.471831,-0.568341,-1.06233
1392,6,15,3,1.2e+22,0.0251189,0.00490394,2.3493,1.268,2.60727,78.218,27,18,0.538151,-0.211604,-0.765246,-0.183889,-0.76137,-0.669437,-0.667511,-0.669437,-0.667511,25.65,25.65,0.462597,-0.316614,-0.981171,-0.275145,-0.976202,-0.812083,-0.809746,-0.812083,-0.809746,0.503623,-0.575447,-0.926814
1393,6,15,4,1.2e+22,0.0251189,0.00626986,1.9447,1.263,3.18477,95.5426,27,18,0.548567,-0.00366104,-0.22523,-0.00324154,-0.222832,-0.281407,-0.279353,-0.281407,-0.279353,25.65,25.65,0.471123,-0.107607,-0.374885,-0.0952771,-0.370893,-0.428343,-0.425216,-0.428343,-0.425216,0.517058,-0.190036,-0.448779
1394,6,15,5,1.2e+22,0.0251189,0.00801622,1.6374,1.255,3.924,117.72,27,18,0.561794,0.0773039,0.0261751,0.0683689,0.025737,-0.0307982,-0.0304058,-0.0307982,-0.0304058,25.65,25.65,0.469053,-0.0546998,-0.194602,-0.0483774,-0.191345,-0.232236,-0.229277,-0.232236,-0.229277,0.513608,-0.0954389,-0.251382
1395,6,15,6,1.2e+22,0.0251189,0.010249,1.387,1.243,4.91646,147.494,27,18,0.572673,0.141152,0.195122,0.125191,0.189757,0.164712,0.160925,0.164712,0.160925,25.65,25.65,0.47426,0.0178358,-0.0212774,0.0158191,-0.0206923,-0.0744627,-0.0727505,-0.0744627,-0.0727505,0.518537,0.0303317,-0.0696406
1396,6,15,7,1.2e+22,0.0251189,0.0131037,1.192,1.226,6.16469,184.941,27,18,0.598059,0.177012,0.273192,0.152966,0.261321,0.2624,0.252502,0.2624,0.252502,25.65,25.65,0.484958,-0.00236219,0.0339477,-0.0020413,0.0324725,-0.00161013,-0.00154939,-0.00161013,-0.00154939,0.521446,-0.00393678,-0.0162776
1397,6,15,8,1.2e+22,0.0251189,0.0167535,1.0288,1.201,7.81346,234.403,27,18,0.614459,0.22355,0.330569,0.19079,0.306698,0.343149,0.320697,0.343149,0.320697,25.65,25.65,0.484836,0.0625998,0.0201706,0.0534259,0.018714,0.0544379,0.0508761,0.0544379,0.0508761,0.515098,0.0980249,0.0290174
1398,6,15,9,1.2e+22,0.0251189,0.02142,0.8904,1.167,10.0037,300.11,30.011,24,0.637923,0.276228,0.418095,0.226254,0.370695,0.413231,0.368861,0.413231,0.368861,28.5104,28.5104,0.500212,0.0386421,0.084478,0.0316512,0.0749006,0.0198936,0.0177576,0.0198936,0.0177576,0.521486,0.0560938,0.0865269
1399,6,15,10,1.2e+22,0.0251189,0.0273861,0.7838,1.131,12.5617,376.852,37.6852,24,0.657658,0.335073,0.491866,0.255989,0.402447,0.49401,0.413886,0.49401,0.413886,35.8009,35.8009,0.523994,0.0517429,-0.137677,0.0395305,-0.112648,-0.307871,-0.257937,-0.307871,-0.257937,0.537298,0.0693835,-0.142351
1400,6,15,11,1.2e+22,0.0251189,0.0350141,0.6917,1.095,15.8108,474.323,47.4323,30,0.673679,0.405987,0.584978,0.272309,0.42013,0.524048,0.399508,0.524048,0.399508,45.0607,45.0607,0.513638,0.0289306,0.165376,0.0194047,0.118773,0.514523,0.392246,0.514523,0.392246,0.519517,0.0351941,0.167018
1401,6,15,12,1.2e+22,0.0251189,0.0447667,0.6071,1.063,20.2096,606.287,60.6287,36,0.685425,0.501528,0.674796,0.250549,0.36718,0.512403,0.335156,0.512403,0.335156,57.5973,57.5973,0.555114,-0.0138201,0.0954283,-0.00690412,0.0519259,0.461805,0.30206,0.461805,0.30206,0.557002,-0.0154459,0.0958624
1403,6,16,1,1.2e+22,0.0372759,0.003,4.876,1.403,2.31685,69.5059,27,18,0.408362,-0.10901,-0.447517,-0.103537,-0.446603,-0.491877,-0.491156,-0.491877,-0.491156,25.65,25.65,0.35267,-0.15297,-0.562036,-0.14529,-0.560888,-0.603859,-0.602975,-0.603859,-0.602975,0.426937,-0.278023,-0.644513
1404,6,16,2,1.2e+22,0.0372759,0.0038356,3.875,1.4,2.55469,76.6403,27,18,0.465127,-0.108658,-0.45419,-0.100991,-0.452886,-0.483742,-0.482786,-0.483742,-0.482786,25.65,25.65,0.400854,-0.167732,-0.595834,-0.155897,-0.594123,-0.608357,-0.607154,-0.608357,-0.607154,0.464617,-0.304853,-0.658694
1405,6,16,3,1.2e+22,0.0372759,0.00490394,3.1417,1.395,2.90842,87.2523,27,18,0.519265,-0.0974792,-0.432849,-0.0877148,-0.43106,-0.45564,-0.454383,-0.45564,-0.454383,25.65,25.65,0.450938,-0.167219,-0.585068,-0.150469,-0.58265,-0.59589,-0.594247,-0.59589,-0.594247,0.503082,-0.30392,-0.643617
1406,6,16,4,1.2e+22,0.0372759,0.00626986,2.5578,1.388,3.43492,103.048,27,18,0.506529,0.0410078,-0.0474114,0.037895,-0.0469832,-0.107869,-0.107102,-0.107869,-0.107102,25.65,25.65,0.440642,-0.0252832,-0.170228,-0.023364,-0.168691,-0.237028,-0.235343,-0.237028,-0.235343,0.503359,-0.0444846,-0.240796
1407,6,16,5,1.2e+22,0.0372759,0.00801622,2.1236,1.377,4.13088,123.926,27,18,0.527792,0.0789219,0.0714069,0.0722772,0.0704904,0.0296811,0.0293665,0.0296811,0.0293665,25.65,25.65,0.443879,-0.0212106,-0.092935,-0.0194248,-0.0917422,-0.154363,-0.152727,-0.154363,-0.152727,0.500777,-0.0370154,-0.147305
1408,6,16,6,1.2e+22,0.0372759,0.010249,1.7772,1.359,5.08042,152.413,27,18,0.535573,0.129064,0.192807,0.118707,0.188932,0.178852,0.175681,0.178852,0.175681,25.65,25.65,0.446973,0.0400124,0.00298031,0.0368013,0.00292041,-0.0357827,-0.0351484,-0.0357827,-0.0351484,0.50439,0.0680262,-0.0207545
1409,6,16,7,1.2e+22,0.0372759,0.0131037,1.5032,1.332,6.33935,190.181,27,18,0.564672,0.161974,0.254734,0.146524,0.246726,0.257549,0.250221,0.257549,0.250221,25.65,25.65,0.440184,0.0087771,0.0533533,0.00793986,0.0516761,0.0136855,0.0132961,0.0136855,0.0132961,0.48667,0.0145721,0.0117325
1410,6,16,8,1.2e+22,0.0372759,0.0167535,1.2847,1.295,7.98292,239.487,27,18,0.584466,0.204852,0.305281,0.183716,0.289689,0.324989,0.309585,0.324989,0.309585,25.65,25.65,0.451031,0.018337,0.0857657,0.0164451,0.0813851,0.0293832,0.0279905,0.0293832,0.0279905,0.490824,0.028692,0.044396
1411,6,16,9,1.2e+22,0.0372759,0.02142,1.1142,1.248,10.0122,300.367,30.0367,24,0.611318,0.254087,0.389598,0.222388,0.359248,0.392319,0.362913,0.392319,0.362913,28.5349,28.5349,0.47655,0.0392317,-0.0233397,0.0343373,-0.0215215,-0.0616425,-0.0570221,-0.0616425,-0.0570221,0.506542,0.0570563,-0.023913
1412,6,16,10,1.2e+22,0.0372759,0.0273861,0.9702,1.193,12.6526,379.577,37.9577,24,0.638712,0.315068,0.458281,0.263585,0.400628,0.476599,0.421379,0.476599,0.421379,36.0598,36.0598,5.61909,35.1532,0.636475,29.409,0.556405,0.554216,0.490003,0.554216,0.490003,5.83447,47.0735,0.658593
1413,6,16,11,1.2e+22,0.0372759,0.0350141,0.8477,1.139,16.0648,481.943,48.1943,30,0.663081,0.389025,0.549866,0.299354,0.440353,0.518693,0.427671,0.518693,0.427671,45.7846,45.7846,1.37138,8.63775,5.28534,6.64673,4.23269,4.22619,3.48456,4.22619,3.48456,1.3958,10.4663,5.34101
1414,6,16,12,1.2e+22,0.0372759,0.0447667,0.7422,1.092,20.488,614.64,61.464,36,0.680445,0.467712,0.612599,0.304468,0.415458,0.516028,0.381463,0.516028,0.381463,58.3908,58.3908,0.546423,0.0187265,0.118323,0.0121905,0.0802454,0.540446,0.399513,0.540446,0.399513,0.549729,0.0208706,0.118921
1415,6,16,13,1.2e+22,0.0372759,0.0572357,0.652,1.059,26.1258,783.773,78.3773,42,0.69021,0.565772,0.691765,0.255716,0.332344,0.478422,0.29874,0.478422,0.29874,74.4584,74.4584,0.581804,-0.0688778,-0.0796729,-0.0311312,-0.0382771,0.581625,0.363183,0.581625,0.363183,0.582683,-0.0729934,-0.0798848
1418,6,17,1,1.2e+22,0.0553168,0.003,7.1543,1.589,3.113,93.3895,27,18,0.392138,0.00272979,-0.0867125,0.00262526,-0.0864213,-0.137645,-0.137252,-0.137645,-0.137252,25.65,25.65,0.343067,-0.0283303,-0.15126,-0.0272456,-0.150752,-0.209149,-0.208552,-0.209149,-0.208552,0.430447,-0.0510879,-0.211043
1419,6,17,2,1.2e+22,0.0553168,0.0038356,5.5042,1.586,3.21812,96.5433,27,18,0.425054,0.0154527,-0.0683753,0.0147511,-0.0680576,-0.121286,-0.120813,-0.121286,-0.120813,25.65,25.65,0.368041,-0.0298728,-0.143101,-0.0285165,-0.142436,-0.201493,-0.200708,-0.201493,-0.200708,0.449908,-0.0534955,-0.20089
1420,6,17,3,1.2e+22,0.0553168,0.00490394,4.3031,1.579,3.47742,104.323,27,18,0.447646,0.038642,-0.0107247,0.0367015,-0.0106577,-0.0579116,-0.057605,-0.0579116,-0.057605,25.65,25.65,0.384766,-0.0220319,-0.106142,-0.0209255,-0.105479,-0.164461,-0.16359,-0.164461,-0.16359,0.462738,-0.0390478,-0.154175
1421,6,17,4,1.2e+22,0.0553168,0.00626986,3.4623,1.568,3.89088,116.727,27,18,0.465421,0.0605857,0.0513009,0.0572881,0.0508964,0.0159389,0.0158303,0.0159389,0.0158303,25.65,25.65,0.390075,-0.00847434,-0.0641634,-0.0080131,-0.0636575,-0.110806,-0.110051,-0.110806,-0.110051,0.463231,-0.0148838,-0.110615
1422,6,17,5,1.2e+22,0.0553168,0.00801622,2.7999,1.551,4.53473,136.042,27,18,0.472901,0.0984933,0.142257,0.0933057,0.140661,0.127485,0.126199,0.127485,0.126199,25.65,25.65,0.38271,0.0110156,0.00142921,0.0104355,0.00141317,-0.0202761,-0.0200716,-0.0202761,-0.0200716,0.45391,0.0189431,-0.02011
1423,6,17,6,1.2e+22,0.0553168,0.010249,2.3032,1.525,5.43004,162.901,27,18,0.494485,0.117629,0.187588,0.110735,0.184678,0.187413,0.184746,0.187413,0.184746,25.65,25.65,0.389339,0.00436564,0.0151961,0.00410978,0.0149605,-0.0157263,-0.0155026,-0.0157263,-0.0155026,0.454558,0.00741748,-0.0133547
1424,6,17,7,1.2e+22,0.0553168,0.0131037,1.9195,1.486,6.64965,199.489,27,18,0.523917,0.147575,0.236961,0.137578,0.231424,0.249603,0.244168,0.249603,0.244168,25.65,25.65,0.405374,0.00883142,0.0567854,0.0082332,0.0554584,0.0347862,0.0340288,0.0347862,0.0340288,0.462967,0.0146111,0.0394693
1425,6,17,8,1.2e+22,0.0553168,0.0167535,1.6312,1.433,8.19327,245.798,27,18,0.545549,0.186376,0.280111,0.172848,0.269914,0.304124,0.293681,0.304124,0.293681,25.65,25.65,0.423104,0.0477302,0.039507,0.0442657,0.0380688,0.0736476,0.0711188,0.0736476,0.0711188,0.474203,0.0746687,0.0593425
1426,6,17,9,1.2e+22,0.0553168,0.02142,1.392,1.362,10.2871,308.613,30.8612,24,0.578593,0.238139,0.372627,0.217395,0.351811,0.38213,0.361342,0.38213,0.361342,29.3182,29.3182,2.98313,9.85942,2.90012,9.0006,2.73812,2.81526,2.66211,2.81526,2.66211,3.24315,14.2825,2.97342
1427,6,17,10,1.2e+22,0.0553168,0.0273861,1.2053,1.283,12.889,386.67,38.667,24,0.613705,0.299653,0.434508,0.265713,0.395958,0.463363,0.424984,0.463363,0.424984,36.7336,36.7336,0.881766,2.00516,6.5906,1.77805,6.00587,6.01264,5.51464,6.01264,5.51464,0.929414,2.66544,6.83051
1428,6,17,11,1.2e+22,0.0553168,0.0350141,1.0477,1.203,16.2893,488.678,48.8678,30,0.646581,0.371275,0.515405,0.312088,0.443443,0.502969,0.43878,0.502969,0.43878,46.4244,46.4244,0.659108,1.18438,4.09898,0.995568,3.52667,3.50982,3.06189,3.50982,3.06189,0.676414,1.42893,4.14545
1429,6,17,12,1.2e+22,0.0553168,0.0447667,0.9123,1.135,20.7683,623.05,62.3049,36,0.671208,0.447904,0.575201,0.339622,0.445438,0.514956,0.415146,0.514956,0.415146,59.1897,59.1897,0.651243,1.2674,1.35823,0.961007,1.05182,1.26522,1.01999,1.26522,1.01999,0.657531,1.40985,1.3655
1430,6,17,13,1.2e+22,0.0553168,0.0572357,0.8034,1.088,26.1594,784.783,78.4783,42,0.68546,0.524103,0.628917,0.329652,0.404952,0.508555,0.365275,0.508555,0.365275,74.5544,74.5544,0.578549,0.00133085,0.0350991,0.000837081,0.0225999,-0.587755,-0.422162,-0.587755,-0.422162,0.580313,0.00141099,0.0351974
1431,6,17,14,1.2e+22,0.0553168,0.0731778,0.7083,1.056,33.0735,992.204,99.2204,54,0.691513,0.604289,0.713229,0.251956,0.315612,0.46527,0.282574,0.46527,0.282574,94.2594,94.2594,0.601152,-0.107082,-0.17972,-0.0446473,-0.0795284,0.396504,0.24081,0.396504,0.24081,0.601623,-0.110802,-0.179766
1434,6,18,1,1.2e+22,0.0820891,0.003,11.2755,1.846,4.64077,139.224,27,18,0.358865,0.057068,0.0898748,0.05551,0.0892931,0.0854298,0.0849094,0.0854298,0.0849094,25.65,25.65,0.298942,0.0142508,0.00588629,0.0138618,0.00584819,-0.0151208,-0.0150286,-0.0151208,-0.0150286,0.391671,0.0252722,-0.0143013
1435,6,18,2,1.2e+22,0.0820891,0.0038356,8.1975,1.843,4.47965,134.389,27,18,0.384388,0.0631067,0.0945458,0.0611164,0.0938991,0.0861998,0.0856513,0.0861998,0.0856513,25.65,25.65,0.31315,0.00501357,0.00223725,0.00485545,0.00222195,-0.0200332,-0.0199057,-0.0200332,-0.0199057,0.400925,0.0088394,-0.0169542
1436,6,18,3,1.2e+22,0.0820891,0.00490394,6.1609,1.835,4.52315,135.694,27,18,0.402831,0.0734886,0.111502,0.0709501,0.110662,0.103803,0.103078,0.103803,0.103078,25.65,25.65,0.328949,0.0126741,0.0103656,0.0122363,0.0102875,-0.00805745,-0.00800118,-0.00805745,-0.00800118,0.414459,0.0221487,-0.00521364
1437,6,18,4,1.2e+22,0.0820891,0.00626986,4.7744,1.821,4.78085,143.425,27,18,0.414944,0.0858099,0.135888,0.0826991,0.134723,0.133357,0.132293,0.133357,0.132293,25.65,25.65,0.339038,0.0205451,0.0237866,0.0198003,0.0235826,0.00411048,0.00407768,0.00411048,0.00407768,0.422747,0.0355123,0.00725603
1438,6,18,5,1.2e+22,0.0820891,0.00801622,3.8021,1.797,5.26238,157.871,27,18,0.428196,0.0974312,0.159915,0.0936882,0.15832,0.164174,0.162639,0.164174,0.162639,25.65,25.65,0.335012,0.0138334,0.033538,0.013302,0.0332035,0.0247807,0.0245491,0.0247807,0.0245491,0.413117,0.0236738,0.033419
1439,6,18,6,1.2e+22,0.0820891,0.010249,3.0686,1.76,6.02838,180.852,27,18,0.451671,0.111809,0.187368,0.106978,0.184986,0.198807,0.196421,0.198807,0.196421,25.65,25.65,0.360372,0.0242589,0.0454503,0.0232106,0.0448725,0.0418828,0.0413802,0.0418828,0.0413802,0.436066,0.041032,0.0467746
1440,6,18,7,1.2e+22,0.0820891,0.0131037,2.5195,1.705,7.1225,213.674,27,18,0.469769,0.147793,0.234763,0.141309,0.230305,0.256732,0.252095,0.256732,0.252095,25.65,25.65,0.359273,0.0276686,0.0655851,0.0264547,0.0643397,0.0782939,0.0768796,0.0782939,0.0768796,0.427345,0.0445239,0.0712896
1441,6,18,8,1.2e+22,0.0820891,0.0167535,2.1003,1.628,8.617,258.51,27,18,0.500906,0.173024,0.261138,0.164184,0.254039,0.288466,0.28099,0.288466,0.28099,25.65,25.65,0.370987,0.00718362,0.0267747,0.00681663,0.0260468,0.0371062,0.0361445,0.0371062,0.0361445,0.429562,0.0111651,0.0322084
1442,6,18,9,1.2e+22,0.0820891,0.02142,1.7735,1.527,10.6115,318.344,31.8344,24,0.538708,0.222946,0.357776,0.209379,0.34339,0.372615,0.358002,0.372615,0.358002,30.2427,30.2427,1.00958,1.81473,4.90256,1.7043,4.70542,4.76299,4.57621,4.76299,4.57621,1.12763,2.62311,5.02864
1443,6,18,10,1.2e+22,0.0820891,0.0273861,1.5113,1.409,13.2674,398.023,39.8023,24,0.582667,0.284868,0.41544,0.262348,0.38899,0.455613,0.428062,0.455613,0.428062,37.8122,37.8122,0.649331,0.837578,2.82875,0.771364,2.64866,2.59121,2.43452,2.59121,2.43452,0.696739,1.10684,2.93529
1444,6,18,11,1.2e+22,0.0820891,0.0350141,1.3027,1.294,16.6658,499.973,49.9973,30,0.625136,0.356013,0.494476,0.316578,0.445427,0.49573,0.449804,0.49573,0.449804,47.4974,47.4974,1.00517,2.63407,1.29054,2.3423,1.16252,1.33037,1.20712,1.33037,1.20712,1.04213,3.16603,1.30605
1445,6,18,12,1.2e+22,0.0820891,0.0447667,1.1313,1.198,21.025,630.75,63.075,36,0.657755,0.427889,0.541888,0.356974,0.456766,0.501549,0.430805,0.501549,0.430805,59.9212,59.9212,0.737645,1.59215,1.15867,1.32828,0.976663,1.00171,0.860422,1.00171,0.860422,0.748558,1.77193,1.16511
1446,6,18,13,1.2e+22,0.0820891,0.0572357,0.9894,1.129,26.5265,795.796,79.5796,42,0.678375,0.500714,0.58497,0.37282,0.439163,0.493502,0.389952,0.493502,0.389952,75.6006,75.6006,0.741586,2.1196,1.74761,1.5782,1.31201,1.78433,1.40993,1.78433,1.40993,0.745336,2.24727,1.75289
1447,6,18,14,1.2e+22,0.0820891,0.0731778,0.865,1.081,33.7839,1013.52,101.352,54,0.689503,0.570481,0.647175,0.337594,0.38899,0.493652,0.341977,0.493652,0.341977,96.2842,96.2842,0.598047,-0.0176397,-0.0227655,-0.0104387,-0.0136834,-0.429331,-0.297419,-0.429331,-0.297419,0.598934,-0.0182255,-0.0227739
1452,6,19,1,1.2e+22,0.121819,0.003,19.5015,2.155,7.58027,227.408,27,18,0.337838,0.0836349,0.154088,0.0818425,0.152256,0.172587,0.170593,0.172587,0.170593,25.65,25.65,0.253081,0.0104325,0.0431331,0.0102089,0.0426204,0.0564836,0.0558309,0.0564836,0.0558309,0.339058,0.0179926,0.0621326
1453,6,19,2,1.2e+22,0.121819,0.0038356,13.2477,2.168,6.89835,206.951,27,18,0.357568,0.0883367,0.159055,0.0862074,0.15732,0.176121,0.174263,0.176121,0.174263,25.65,25.65,0.271959,0.00738098,0.0302816,0.00720307,0.0299513,0.0426823,0.0422319,0.0426823,0.0422319,0.357945,0.0126869,0.0437975
1454,6,19,3,1.2e+22,0.121819,0.00490394,9.5057,2.167,6.50769,195.231,27,18,0.37055,0.0885624,0.157545,0.0862234,0.156055,0.172852,0.171276,0.172852,0.171276,25.65,25.65,0.287494,0.0173941,0.0333313,0.0169348,0.033016,0.0450311,0.0446205,0.0450311,0.0446205,0.37368,0.0299041,0.0386435
1455,6,19,4,1.2e+22,0.121819,0.00626986,7.0613,2.154,6.40473,192.142,27,18,0.380186,0.0945021,0.165673,0.0918826,0.164092,0.181486,0.17982,0.181486,0.17982,25.65,25.65,0.291624,0.0161723,0.0344972,0.015724,0.0341678,0.0419957,0.0416102,0.0419957,0.0416102,0.375269,0.0275757,0.0365414
1456,6,19,5,1.2e+22,0.121819,0.00801622,5.3779,2.124,6.61085,198.325,27,18,0.391282,0.102382,0.177018,0.0993948,0.175204,0.194774,0.192855,0.194774,0.192855,25.65,25.65,0.297835,0.016161,0.0432985,0.0156894,0.0428547,0.04472,0.0442793,0.04472,0.0442793,0.378998,0.0272638,0.0412602
1457,6,19,6,1.2e+22,0.121819,0.010249,4.2071,2.074,7.15412,214.623,27,18,0.403034,0.12461,0.205934,0.120969,0.203239,0.228591,0.225715,0.228591,0.225715,25.65,25.65,0.298171,0.0125413,0.0497474,0.012175,0.0490965,0.0367168,0.0362549,0.0367168,0.0362549,0.374364,0.0204677,0.0410727
1458,6,19,7,1.2e+22,0.121819,0.0131037,3.3772,1.998,8.05958,241.787,27,18,0.423452,0.139815,0.222859,0.135354,0.219272,0.248795,0.244946,0.248795,0.244946,25.65,25.65,4.87129,9.0981,0.355873,8.80778,0.350146,0.358365,0.35282,0.358365,0.35282,5.99142,14.4833,0.370398
1459,6,19,8,1.2e+22,0.121819,0.0167535,2.7599,1.891,9.4035,282.105,28.2105,18,0.455067,0.166443,0.251419,0.160366,0.245899,0.285834,0.279833,0.285834,0.279833,26.8,26.8,1.51899,2.57794,1.04847,2.48382,1.02545,1.01173,0.990489,1.01173,0.990489,1.81219,3.94019,1.04462
1460,6,19,9,1.2e+22,0.121819,0.02142,2.2864,1.749,11.306,339.18,33.918,24,0.496346,0.215314,0.346699,0.206036,0.335917,0.369809,0.358552,0.369809,0.358552,32.2221,32.2221,0.728168,0.917075,1.12383,0.877555,1.08888,1.08218,1.04924,1.08218,1.04924,0.832986,1.30236,1.15563
1461,6,19,10,1.2e+22,0.121819,0.0273861,1.9194,1.584,13.8972,416.914,41.6915,24,0.546655,0.274834,0.39842,0.259508,0.379519,0.449157,0.428777,0.449157,0.428777,39.6069,39.6069,1.05739,1.88987,1.15371,1.78449,1.09898,1.03381,0.986902,1.03381,0.986902,1.15437,2.46352,1.10258
1462,6,19,11,1.2e+22,0.121819,0.0350141,1.6428,1.426,17.1549,514.648,51.4648,30,0.596105,0.339097,0.474524,0.312986,0.440806,0.486797,0.453962,0.486797,0.453962,48.8915,48.8915,0.719401,1.05581,1.07715,0.974516,1.00062,0.899323,0.838663,0.899323,0.838663,0.755119,1.26548,1.09086
1463,6,19,12,1.2e+22,0.121819,0.0447667,1.4104,1.286,21.56,646.801,64.6801,36,0.639344,0.410509,0.51808,0.363223,0.460062,0.495412,0.444161,0.495412,0.444161,61.4461,61.4461,0.83889,1.77015,0.968707,1.56625,0.860226,0.90476,0.811162,0.90476,0.811162,0.856303,1.9663,0.974944
1464,6,19,13,1.2e+22,0.121819,0.0572357,1.2273,1.188,26.9945,809.836,80.9836,42,0.668373,0.481785,0.553752,0.397164,0.456837,0.484499,0.409744,0.484499,0.409744,76.9344,76.9344,0.697024,1.22177,0.892237,1.00718,0.736082,0.877574,0.74217,0.877574,0.74217,0.702487,1.29627,0.895182
1465,6,19,14,1.2e+22,0.121819,0.0731778,1.0719,1.12,34.0183,1020.55,102.055,54,0.684483,0.542718,0.594915,0.392933,0.430967,0.473091,0.36519,0.473091,0.36519,96.9523,96.9523,0.821897,3.08424,2.982,2.23302,2.16022,2.76695,2.13588,2.76695,2.13588,0.824092,3.18992,2.9832
1466,6,19,15,1.2e+22,0.121819,0.0935603,0.9368,1.075,43.2234,1296.7,129.67,72,0.691603,0.598634,0.644295,0.333104,0.36351,0.455664,0.305029,0.455664,0.305029,123.187,123.187,0.614583,-0.0393883,-0.0818131,-0.0219172,-0.0461588,-0.846786,-0.566852,-0.846786,-0.566852,0.615075,-0.040189,-0.0818134
1471,6,20,1,1.2e+22,0.180777,0.003,33.3696,2.424,12.5684,377.053,37.7053,18,0.332169,0.114637,0.216464,0.112551,0.211561,0.283723,0.277593,0.283723,0.277593,35.82,35.82,0.729406,0.777618,1.21934,0.763466,1.19172,1.11126,1.08726,1.11126,1.08726,0.974098,1.27663,1.18264
1472,6,20,2,1.2e+22,0.180777,0.0038356,22.2264,2.481,11.3194,339.581,33.9582,18,0.346168,0.119846,0.218292,0.117492,0.213892,0.274424,0.269118,0.274424,0.269118,32.2602,32.2602,0.53845,0.485803,0.908605,0.476261,0.890289,0.880914,0.863881,0.880914,0.863881,0.710496,0.793397,0.896676
1473,6,20,3,1.2e+22,0.180777,0.00490394,15.9287,2.513,10.3533,310.6,31.0599,18,0.351659,0.120326,0.21305,0.117876,0.209305,0.257075,0.252718,0.257075,0.252718,29.5069,29.5069,0.652437,0.663636,0.851033,0.650125,0.836075,0.798826,0.785287,0.798826,0.785287,0.856207,1.08148,0.829109
1474,6,20,4,1.2e+22,0.180777,0.00626986,11.1569,2.524,9.54985,286.495,28.6495,18,0.355243,0.120034,0.206,0.117527,0.202875,0.238821,0.235319,0.238821,0.235319,27.2171,27.2171,0.796319,0.90831,1.05567,0.889335,1.03965,1.01668,1.00178,1.01668,1.00178,1.04013,1.4756,1.04078
1475,6,20,5,1.2e+22,0.180777,0.00801622,7.9536,2.502,9.161,274.83,27.483,18,0.360487,0.122238,0.204302,0.119607,0.201477,0.233215,0.230095,0.233215,0.230095,26.1089,26.1089,1.04102,1.32782,2.62255,1.29925,2.58629,2.53363,2.49973,2.53363,2.49973,1.34989,2.14091,2.59173
1476,6,20,6,1.2e+22,0.180777,0.010249,6.0181,2.448,9.25315,277.595,27.7595,18,0.370445,0.13016,0.211233,0.127242,0.208238,0.240694,0.237398,0.240694,0.237398,26.3715,26.3715,1.07467,1.3954,2.56551,1.36411,2.52914,2.46704,2.43326,2.46704,2.43326,1.37608,2.21395,2.52676
1477,6,20,7,1.2e+22,0.180777,0.0131037,4.6904,2.356,9.79654,293.896,29.3896,18,0.388493,0.149349,0.235047,0.145794,0.231168,0.276911,0.272541,0.276911,0.272541,27.9201,27.9201,0.844845,1.02056,0.979458,0.996266,0.963294,0.954154,0.939096,0.954154,0.939096,1.05802,1.5674,0.971986
1478,6,20,8,1.2e+22,0.180777,0.0167535,3.7352,2.219,10.8468,325.405,32.5404,18,0.415596,0.17364,0.261646,0.169016,0.256387,0.32256,0.31644,0.32256,0.31644,30.9134,30.9134,0.702554,0.778942,1.04871,0.758199,1.02763,0.981852,0.963224,0.981852,0.963224,0.854307,1.1513,1.03613
1479,6,20,9,1.2e+22,0.180777,0.02142,3.0297,2.036,12.4985,374.956,37.4956,24,0.45524,0.210583,0.342166,0.203947,0.333397,0.379418,0.369912,0.379418,0.369912,35.6208,35.6208,1.29107,1.95993,1.83411,1.89816,1.78711,1.75549,1.71151,1.75549,1.71151,1.50669,2.73278,1.89181
1480,6,20,10,1.2e+22,0.180777,0.0273861,2.5043,1.821,14.8439,445.316,44.5317,24,0.506102,0.260675,0.378936,0.250249,0.365226,0.437135,0.421923,0.437135,0.421923,42.3051,42.3051,0.808277,1.07371,2.47688,1.03077,2.38727,2.32313,2.24229,2.32313,2.24229,0.899447,1.39091,2.44035
1481,6,20,11,1.2e+22,0.180777,0.0350141,2.1042,1.604,18.0142,540.425,54.0425,30,0.563582,0.32557,0.455914,0.30782,0.431756,0.477506,0.453215,0.477506,0.453215,51.3403,51.3403,0.876446,1.36006,1.76632,1.28591,1.67273,1.57934,1.49899,1.57934,1.49899,0.931458,1.62149,1.79151
1482,6,20,12,1.2e+22,0.180777,0.0447667,1.7888,1.415,22.2363,667.089,66.7089,36,0.614944,0.394709,0.502676,0.363304,0.462107,0.496268,0.458511,0.496268,0.458511,63.3735,63.3735,0.692105,0.916945,0.946652,0.843989,0.87025,0.964209,0.890852,0.964209,0.890852,0.712001,1.01929,0.953918
1483,6,20,13,1.2e+22,0.180777,0.0572357,1.5323,1.27,27.8513,835.541,83.554,48,0.654292,0.465415,0.541572,0.408283,0.473611,0.490201,0.433805,0.490201,0.433805,79.3763,79.3763,0.713646,1.09204,0.73059,0.957988,0.638909,0.596908,0.528236,0.596908,0.528236,0.721699,1.15928,0.730966
1484,6,20,14,1.2e+22,0.180777,0.0731778,1.33,1.173,34.8363,1045.09,104.509,60,0.676835,0.523186,0.56123,0.423206,0.451918,0.469521,0.389198,0.469521,0.389198,99.2834,99.2834,0.686385,1.04837,1.50555,0.848027,1.21231,1.09974,0.911599,1.09974,0.911599,0.689288,1.08534,1.51804
1485,6,20,15,1.2e+22,0.180777,0.0935603,1.1554,1.108,44.1167,1323.5,132.35,72,0.688737,0.57218,0.586946,0.396728,0.404655,0.434936,0.325018,0.434936,0.325018,125.733,125.733,1.06585,6.74708,2.18123,4.67817,1.50379,1.94646,1.45455,1.94646,1.45455,1.06734,6.88434,2.18124
1486,6,20,16,1.2e+22,0.180777,0.11962,1.0108,1.067,55.7902,1673.71,167.371,90,0.693773,0.622633,0.64976,0.316004,0.331828,0.415717,0.266277,0.415717,0.266277,159.002,159.002,0.622048,-0.0632629,-0.150106,-0.0321077,-0.076658,-0.156327,-0.100131,-0.156327,-0.100131,0.622309,-0.064071,-0.150106
1490,6,21,1,1.2e+22,0.26827,0.003,57.1451,2.565,20.2361,607.082,60.7082,18,0.335455,0.139295,0.257364,0.136995,0.247059,0.354383,0.340287,0.348314,0.334732,36,54,0.616491,0.59713,0.828303,0.587272,0.795135,0.666088,0.639593,0.575824,0.553371,0.811047,0.934023,0.779316
1491,6,21,2,1.2e+22,0.26827,0.0038356,38.0572,2.665,18.7088,561.263,56.1263,18,0.350191,0.149844,0.264877,0.147201,0.254553,0.36354,0.350357,0.357636,0.34497,36,53.32,0.593809,0.566724,0.823222,0.556728,0.791135,0.670383,0.646072,0.660645,0.637248,0.769984,0.874623,0.767854
1492,6,21,3,1.2e+22,0.26827,0.00490394,26.8015,2.744,17.1154,513.463,51.3463,18,0.354061,0.154138,0.26535,0.151381,0.25634,0.36382,0.352415,0.361402,0.350279,36,48.779,0.648692,0.654306,0.854581,0.642606,0.825563,0.677653,0.656411,0.628585,0.609239,0.836543,1.00232,0.791803
1493,6,21,4,1.2e+22,0.26827,0.00626986,19.2237,2.8,15.6017,468.05,46.805,18,0.354074,0.156086,0.263736,0.153305,0.256213,0.361035,0.351439,0.361201,0.351718,36,44.4647,0.902255,1.0456,0.514387,1.02697,0.499714,0.384491,0.374272,0.359529,0.35009,1.16067,1.59343,0.468539
1494,6,21,5,1.2e+22,0.26827,0.00801622,12.9373,2.828,14.0753,422.258,42.2258,18,0.354054,0.157631,0.260008,0.154831,0.253962,0.352795,0.345101,0.353258,0.345607,36,40.1145,0.689036,0.729343,1.14691,0.716385,1.12024,1.07327,1.04987,1.07481,1.05153,0.882852,1.10282,1.11188
1495,6,21,6,1.2e+22,0.26827,0.010249,9.2007,2.799,13.2372,397.115,39.7115,18,0.35822,0.161143,0.258272,0.158225,0.252993,0.346433,0.339787,0.346533,0.339907,36,37.7259,0.765608,0.853888,1.18782,0.838425,1.16354,1.10302,1.08186,1.10561,1.08447,0.972579,1.27551,1.15049
1496,6,21,7,1.2e+22,0.26827,0.0131037,6.7874,2.71,13.0687,392.06,39.206,24,0.371059,0.171826,0.311868,0.168548,0.305929,0.353366,0.346763,0.353366,0.346763,37.2457,37.2457,0.817946,0.943211,0.857238,0.925214,0.840915,0.824241,0.808839,0.824241,0.808839,1.02109,1.37705,0.881691
1497,6,21,8,1.2e+22,0.26827,0.0167535,5.2369,2.563,13.5575,406.724,40.6724,24,0.393283,0.190433,0.325578,0.186451,0.318864,0.372716,0.365193,0.372716,0.365193,38.6388,38.6388,0.791524,0.912248,1.23749,0.893173,1.21197,1.16437,1.14087,1.16437,1.14087,0.961906,1.28597,1.2778
1498,6,21,9,1.2e+22,0.26827,0.02142,4.142,2.354,14.7337,442.01,44.201,24,0.426653,0.217642,0.343887,0.212367,0.335649,0.400491,0.39116,0.400491,0.39116,41.9909,41.9909,0.733794,0.831656,0.192027,0.811499,0.187426,0.154306,0.150711,0.154306,0.150711,0.860802,1.12007,0.199356
1499,6,21,10,1.2e+22,0.26827,0.0273861,3.3307,2.092,16.7488,502.466,50.2465,24,0.475526,0.261951,0.367336,0.254062,0.355686,0.435171,0.421984,0.435171,0.421984,47.7342,47.7342,0.827711,1.04982,0.953441,1.0182,0.923202,0.918977,0.89113,0.918977,0.89113,0.926995,1.32366,0.920998
1500,6,21,11,1.2e+22,0.26827,0.0350141,2.7486,1.825,19.6131,588.393,58.8393,30,0.53131,0.316737,0.436059,0.304071,0.417454,0.464526,0.445405,0.464526,0.445405,55.8974,55.8974,0.726862,0.87983,0.987394,0.844647,0.945267,0.921589,0.883653,0.921589,0.883653,0.779367,1.03699,1.00567
1501,6,21,12,1.2e+22,0.26827,0.0447667,2.2945,1.578,23.6707,710.119,71.012,36,0.588595,0.381639,0.484762,0.359783,0.454844,0.486126,0.457532,0.486126,0.457532,67.4614,67.4614,0.755346,0.998022,1.03518,0.940866,0.971288,0.830719,0.781857,0.830719,0.781857,0.782786,1.10761,1.045
1502,6,21,13,1.2e+22,0.26827,0.0572357,1.9436,1.385,29.0717,872.15,87.215,48,0.635717,0.450786,0.53156,0.411952,0.482321,0.495102,0.452148,0.495102,0.452148,82.8542,82.8542,0.832266,1.40116,0.742045,1.28046,0.673309,0.59138,0.540073,0.59138,0.540073,0.845442,1.49006,0.742587
1503,6,21,14,1.2e+22,0.26827,0.0731778,1.6694,1.25,35.9872,1079.62,107.962,60,0.665589,0.506058,0.549723,0.43884,0.472244,0.48198,0.420443,0.48198,0.420443,102.563,102.563,0.702305,0.984759,0.840429,0.853955,0.721977,0.643173,0.561055,0.643173,0.561055,0.706785,1.02097,0.840469
1504,6,21,15,1.2e+22,0.26827,0.0935603,1.4429,1.158,45.023,1350.69,135.069,72,0.682877,0.55164,0.560717,0.435958,0.437402,0.445954,0.361741,0.445954,0.361741,128.316,128.316,0.68344,0.944873,0.650156,0.746726,0.507171,0.0229299,0.0185998,0.0229299,0.0185998,0.685061,0.96534,0.650162
1505,6,21,16,1.2e+22,0.26827,0.11962,1.2539,1.099,56.7037,1701.11,170.111,96,0.691918,0.590277,0.57327,0.391777,0.376683,0.401198,0.29103,0.401198,0.29103,161.605,161.605,0.662263,0.977696,4.15664,0.648913,2.73123,3.74291,2.71511,3.74291,2.71511,0.662784,0.990291,4.19992
1506,6,21,17,1.2e+22,0.26827,0.152938,1.0983,1.062,71.2654,2137.96,213.796,114,0.695518,0.628094,0.627561,0.291566,0.290754,0.354637,0.218675,0.354637,0.218675,203.106,203.106,0.632827,-0.08061,-0.190306,-0.0374198,-0.0881703,-0.555965,-0.342817,-0.555965,-0.342817,0.632973,-0.0812748,-0.190306
1509,6,22,2,1.2e+22,0.398107,0.0038356,58.4231,2.768,29.3292,879.875,87.9875,18,0.357202,0.168021,0.296762,0.165192,0.284374,0.398103,0.373493,0.404034,0.379342,36,54,0.609276,0.575971,0.796213,0.566272,0.762975,0.656834,0.616229,0.548641,0.515112,0.779914,0.861218,0.84519
1510,6,22,3,1.2e+22,0.398107,0.00490394,48.2603,2.826,28.3254,849.762,84.9763,18,0.360179,0.172251,0.297687,0.169336,0.285452,0.4002,0.376763,0.405727,0.382225,36,54,0.626463,0.605595,0.880915,0.595348,0.84471,0.752947,0.708852,0.702706,0.662,0.798077,0.8986,0.925785
1511,6,22,4,1.2e+22,0.398107,0.00626986,32.3535,2.932,25.7959,773.876,77.3877,24,0.361487,0.178602,0.341773,0.175627,0.324903,0.408532,0.388561,0.384424,0.366165,48,72,0.678501,0.688201,0.895237,0.676737,0.851047,0.733483,0.697626,0.66676,0.635092,0.858433,1.00634,0.935416
1512,6,22,5,1.2e+22,0.398107,0.00801622,22.7226,2.997,23.3895,701.686,70.1686,24,0.361209,0.183049,0.338909,0.180059,0.324572,0.40582,0.389509,0.388963,0.373713,48,66.6602,0.657396,0.659183,0.835396,0.648416,0.800057,0.626763,0.601572,0.55622,0.534412,0.826778,0.951098,0.872699
1513,6,22,6,1.2e+22,0.398107,0.010249,15.1528,3.018,20.8907,626.72,62.672,24,0.363312,0.188851,0.33592,0.185785,0.32477,0.403425,0.390549,0.395452,0.38302,48,59.5384,0.70544,0.738785,0.87981,0.726792,0.850608,0.748518,0.724628,0.710532,0.688194,0.877998,1.04617,0.918303
1514,6,22,7,1.2e+22,0.398107,0.0131037,10.7447,2.97,19.335,580.05,58.005,24,0.371197,0.197331,0.33565,0.194044,0.326029,0.403287,0.392144,0.398979,0.388061,48,55.1048,0.763773,0.832819,0.875713,0.818947,0.850611,0.753051,0.732243,0.757774,0.737037,0.936395,1.15353,0.914337
1515,6,22,8,1.2e+22,0.398107,0.0167535,7.8116,2.843,18.65,559.502,55.9501,24,0.387912,0.211832,0.33942,0.208055,0.330426,0.408539,0.398105,0.405607,0.395321,48,53.1526,0.986859,1.18901,0.810371,1.16781,0.788897,0.727101,0.708532,0.738705,0.719973,1.18297,1.59825,0.763112
1516,6,22,9,1.2e+22,0.398107,0.02142,5.8791,2.634,18.9487,568.46,56.8461,24,0.415669,0.234775,0.348074,0.230046,0.33854,0.421661,0.410584,0.418363,0.407461,48,54.0038,0.928327,1.12202,0.809183,1.09943,0.78702,0.709887,0.69124,0.694053,0.675967,1.07891,1.44896,0.76355
1517,6,22,10,1.2e+22,0.398107,0.0273861,4.6254,2.375,20.1805,605.414,60.5414,30,0.454037,0.267199,0.405033,0.26078,0.392705,0.435939,0.423021,0.435939,0.423021,57.5143,57.5143,0.802048,0.934751,0.869692,0.912298,0.843221,0.720242,0.698901,0.720242,0.698901,0.899016,1.15046,0.884356
1518,6,22,11,1.2e+22,0.398107,0.0350141,3.6925,2.07,22.5482,676.446,67.6446,30,0.50478,0.312732,0.420083,0.303065,0.404008,0.458249,0.441268,0.454268,0.437561,60,64.2623,0.753981,0.879557,0.763009,0.85237,0.73381,0.640127,0.616405,0.628727,0.605604,0.813006,1.02521,0.727723
1519,6,22,12,1.2e+22,0.398107,0.0447667,3.0246,1.782,26.0951,782.854,78.2853,36,0.560854,0.370464,0.464307,0.354757,0.440692,0.474324,0.451079,0.47119,0.448228,72,74.3711,0.826404,1.07944,0.762825,1.03367,0.724027,0.552992,0.525891,0.548308,0.521588,0.86283,1.19711,0.701157
1520,6,22,13,1.2e+22,0.398107,0.0572357,2.5188,1.538,31.1062,933.186,93.3187,48,0.612556,0.433646,0.51586,0.40687,0.478862,0.485538,0.452511,0.485538,0.452511,88.6528,88.6528,0.728175,0.907622,0.712539,0.85158,0.661434,0.612837,0.571151,0.612837,0.571151,0.743814,0.968168,0.713471
1521,6,22,14,1.2e+22,0.398107,0.0731778,2.1333,1.357,37.7455,1132.37,113.237,60,0.649549,0.488667,0.541915,0.443217,0.484907,0.489952,0.44216,0.489952,0.44216,107.575,107.575,0.740246,1.04608,0.726054,0.948783,0.649674,0.724251,0.653604,0.724251,0.653604,0.747277,1.0878,0.726129
1522,6,22,15,1.2e+22,0.398107,0.0935603,1.8222,1.229,46.6233,1398.7,139.87,72,0.674487,0.538045,0.558012,0.459861,0.468728,0.473895,0.406279,0.473895,0.406279,132.877,132.877,0.682081,0.864168,1.20297,0.738595,1.01049,1.13852,0.976073,1.13852,0.976073,0.684606,0.884056,1.203
1523,6,22,16,1.2e+22,0.398107,0.11962,1.5694,1.144,58.1985,1745.95,174.595,96,0.686836,0.569132,0.552973,0.437595,0.416647,0.427292,0.338096,0.427292,0.338096,165.866,165.866,0.677165,0.860335,0.596459,0.661495,0.449412,-0.00116713,-0.000923498,-0.00116713,-0.000923498,0.678082,0.872152,0.599253
1524,6,22,17,1.2e+22,0.398107,0.152938,1.3619,1.09,73.0272,2190.82,219.082,120,0.692921,0.590944,0.547111,0.372219,0.337453,0.349436,0.245024,0.349436,0.245024,208.127,208.127,0.616092,-0.0242455,1.00568,-0.0152716,0.620296,0.764125,0.535802,0.764125,0.535802,0.616368,-0.0244493,1.00568
1525,6,22,18,1.2e+22,0.398107,0.195537,1.188,1.056,91.9922,2759.77,275.977,144,0.696646,0.626809,0.583393,0.253556,0.232272,0.26214,0.153557,0.26214,0.153557,262.178,262.178,0.647696,0.627047,1.42748,0.253653,0.568335,2.044,1.19734,2.044,1.19734,0.647772,0.630397,1.42748
1527,6,23,4,1.2e+22,0.590784,0.00626986,58.6362,2.964,42.1467,1264.4,126.44,24,0.366292,0.188111,0.369041,0.185052,0.349484,0.440325,0.401352,0.425075,0.387831,48,72,0.669377,0.66454,0.678219,0.653734,0.642276,0.551167,0.502383,0.485801,0.443236,0.843245,0.960921,0.712184
1528,6,23,5,1.2e+22,0.590784,0.00801622,35.7455,3.086,37.8507,1135.52,113.552,24,0.366543,0.196724,0.364012,0.193642,0.346496,0.437322,0.405956,0.420592,0.390719,48,72,0.720321,0.737887,0.968121,0.726328,0.921535,0.694182,0.644393,0.52187,0.484804,0.897548,1.04181,0.956287
1529,6,23,6,1.2e+22,0.590784,0.010249,25.629,3.122,34.5678,1037.03,103.703,24,0.369457,0.204258,0.360576,0.2011,0.34449,0.435393,0.409297,0.418298,0.393505,48,72,0.709956,0.728695,0.0201236,0.717427,0.0192259,-0.0522941,-0.0491598,-0.127866,-0.120288,0.875157,1.00887,0.0624057
1530,6,23,7,1.2e+22,0.590784,0.0131037,18.5877,3.11,31.5235,945.704,94.5705,24,0.375752,0.213549,0.357742,0.210223,0.342934,0.435035,0.41337,0.419791,0.399161,48,72,0.738371,0.775687,0.668415,0.763605,0.640748,0.461577,0.43859,0.446717,0.424763,0.897253,1.04982,0.61361
1531,6,23,8,1.2e+22,0.590784,0.0167535,12.4943,3.014,28.45,853.501,85.3501,24,0.391194,0.22983,0.356269,0.226073,0.342732,0.435995,0.41833,0.422739,0.405888,48,72,0.861216,0.966011,0.955618,0.950219,0.919308,0.711164,0.682351,0.702707,0.674695,1.02138,1.26275,0.866654
1532,6,23,9,1.2e+22,0.590784,0.02142,9.0135,2.845,26.9285,807.855,80.7855,30,0.41305,0.249575,0.395407,0.245111,0.380794,0.435138,0.419532,0.422713,0.407832,60,76.7462,0.75034,0.809921,0.821634,0.795436,0.791268,0.683911,0.659383,0.720594,0.695227,0.865966,1.02065,0.843832
1533,6,23,10,1.2e+22,0.590784,0.0273861,6.6608,2.592,26.7593,802.78,80.278,30,0.446148,0.278188,0.402218,0.272409,0.387488,0.447044,0.431203,0.435486,0.420327,60,76.2641,0.772836,0.85508,0.846821,0.837317,0.815809,0.67354,0.649673,0.626337,0.604535,0.863501,1.03248,0.798047
1534,6,23,11,1.2e+22,0.590784,0.0350141,5.1473,2.297,28.0048,840.144,84.0144,36,0.488902,0.316582,0.438278,0.308494,0.420929,0.455979,0.438382,0.449529,0.432372,72,79.8137,0.756803,0.847689,0.742947,0.826032,0.713538,0.608355,0.584877,0.589237,0.566748,0.818411,0.979407,0.754093
1535,6,23,12,1.2e+22,0.590784,0.0447667,4.1152,1.997,30.6239,918.717,91.8718,42,0.538186,0.364017,0.472214,0.351905,0.450012,0.464835,0.443658,0.46169,0.440775,84,87.2782,0.82196,0.999042,0.768292,0.965803,0.732168,0.533285,0.50899,0.526139,0.502305,0.863679,1.1078,0.772767
1536,6,23,13,1.2e+22,0.590784,0.0572357,3.3336,1.712,35.0264,1050.79,105.079,48,0.589468,0.419213,0.499453,0.399644,0.468776,0.475071,0.447039,0.470739,0.443171,96,99.8252,0.766225,0.949618,0.725787,0.905288,0.681208,0.71835,0.675964,0.717073,0.675079,0.786939,1.01562,0.728213
1537,6,23,14,1.2e+22,0.590784,0.0731778,2.771,1.488,41.1585,1234.76,123.476,60,0.631398,0.471986,0.529527,0.439831,0.484698,0.480129,0.44197,0.480129,0.44197,117.302,117.302,0.811777,1.16833,0.690087,1.08873,0.631665,0.605363,0.557251,0.605363,0.557251,0.822302,1.21811,0.690325
1538,6,23,15,1.2e+22,0.590784,0.0935603,2.3301,1.32,49.6845,1490.54,149.053,72,0.66223,0.521565,0.551246,0.467357,0.483383,0.48036,0.426364,0.48036,0.426364,141.601,141.601,0.720609,0.933615,0.673739,0.836582,0.590796,0.278273,0.246993,0.278273,0.246993,0.724595,0.957205,0.673787
1539,6,23,16,1.2e+22,0.590784,0.11962,1.9857,1.205,60.9059,1827.18,182.718,96,0.680425,0.558299,0.559102,0.467854,0.456481,0.460814,0.386418,0.460814,0.386418,173.582,173.582,0.830386,1.85397,0.587143,1.55363,0.479375,0.542366,0.454803,0.542366,0.454803,0.832134,1.88084,0.587143
1540,6,23,17,1.2e+22,0.590784,0.152938,1.7117,1.131,75.2702,2258.11,225.81,120,0.690227,0.57952,0.553812,0.431838,0.399931,0.407122,0.313401,0.407122,0.313401,214.52,214.52,0.732973,1.59522,1.10918,1.1887,0.800987,1.4564,1.12113,1.4564,1.12113,0.733522,1.60876,1.10918
1541,6,23,18,1.2e+22,0.590784,0.195537,1.4801,1.081,94.3043,2829.13,282.913,150,0.694527,0.589737,0.520817,0.348217,0.29639,0.298366,0.201098,0.298366,0.201098,268.767,268.767,0.632858,0.0272334,0.48556,0.0160803,0.276326,-0.477217,-0.321643,-0.477217,-0.321643,0.633004,0.0273709,0.48556
1542,6,23,19,1.2e+22,0.590784,0.25,1.2848,1.05,119.122,3573.66,357.366,180,0.697437,0.619141,0.524058,0.207018,0.167395,0.159042,0.087736,0.159042,0.087736,339.497,339.497,0.648182,-0.176252,-0.371117,-0.0589319,-0.118543,-1.44068,-0.794756,-1.44068,-0.794756,0.648221,-0.176892,-0.371117
1543,6,24,5,1.2e+22,0.876712,0.00801622,57.2709,3.131,60.0406,1801.22,180.122,24,0.371263,0.205591,0.382964,0.202436,0.364644,0.460869,0.413064,0.461548,0.40553,48,72,0.722248,0.738855,0.729733,0.727517,0.694824,0.699835,0.627242,0.562392,0.494135,0.89679,1.03428,0.745982
1544,6,24,6,1.2e+22,0.876712,0.010249,44.9881,3.17,57.1347,1714.04,171.404,24,0.373233,0.211685,0.381411,0.208484,0.364087,0.45848,0.413403,0.459043,0.40859,48,72,0.704561,0.712568,0.329792,0.701793,0.314813,0.435495,0.392678,0.313705,0.279226,0.867528,0.982014,0.408083
1545,6,24,7,1.2e+22,0.876712,0.0131037,29.9964,3.174,51.5609,1546.83,154.683,24,0.381087,0.224253,0.378864,0.220859,0.363062,0.454205,0.414517,0.453792,0.413166,48,72,0.733381,0.757429,0.598908,0.745965,0.573928,0.593166,0.541336,0.418483,0.381018,0.885866,1.01192,0.699878
1546,6,24,8,1.2e+22,0.876712,0.0167535,21.3194,3.111,46.7894,1403.68,140.368,24,0.39377,0.239085,0.37909,0.235352,0.364259,0.454475,0.420563,0.45401,0.420582,48,72,0.78139,0.83293,1.02034,0.819925,0.980427,0.168542,0.155966,0.0577638,0.0535109,0.924433,1.07943,0.196395
1547,6,24,9,1.2e+22,0.876712,0.02142,14.2896,2.952,41.9512,1258.54,125.854,30,0.416557,0.261985,0.412577,0.257553,0.393375,0.461568,0.434222,0.441753,0.415906,60,90,0.762921,0.807173,0.871152,0.793519,0.830609,0.563573,0.530184,0.406561,0.382773,0.876391,1.00433,0.89659
1548,6,24,10,1.2e+22,0.876712,0.0273861,10.2423,2.739,39.1847,1175.54,117.554,30,0.444732,0.288241,0.413183,0.282757,0.394845,0.464351,0.440339,0.445124,0.422433,60,90,0.791736,0.866503,0.988417,0.850015,0.944548,0.720454,0.683198,0.672494,0.638212,0.883615,1.03709,0.94454
1549,6,24,11,1.2e+22,0.876712,0.0350141,7.5754,2.471,38.2312,1146.94,114.694,36,0.480898,0.321724,0.435755,0.314477,0.414155,0.467075,0.444169,0.44001,0.419083,72,108,0.82652,0.937261,0.916108,0.916147,0.870696,0.584443,0.555781,0.468944,0.446641,0.895743,1.07819,0.83704
1550,6,24,12,1.2e+22,0.876712,0.0447667,5.8061,2.179,39.1897,1175.69,117.569,42,0.523722,0.362398,0.462816,0.352188,0.438449,0.474548,0.450244,0.453368,0.430809,84,111.691,0.814063,0.943584,0.876752,0.917001,0.83059,0.573375,0.544009,0.499019,0.474188,0.858916,1.04568,0.891642
1551,6,24,13,1.2e+22,0.876712,0.0572357,4.6025,1.896,42.0548,1261.65,126.165,48,0.568334,0.407284,0.486545,0.392171,0.457343,0.482783,0.454504,0.463741,0.437329,96,119.856,0.786936,0.930569,0.785523,0.89604,0.738377,0.503155,0.473683,0.440653,0.415556,0.812704,0.998854,0.740943
1552,6,24,14,1.2e+22,0.876712,0.0731778,3.7096,1.638,47.2164,1416.49,141.649,60,0.611847,0.45586,0.516649,0.4321,0.477779,0.481711,0.446764,0.468053,0.434828,120,134.567,0.828803,1.1109,0.769942,1.053,0.712016,0.637729,0.591464,0.599353,0.556807,0.842852,1.16223,0.771388
1553,6,24,15,1.2e+22,0.876712,0.0935603,3.0556,1.435,54.8793,1646.38,164.638,78,0.647247,0.503705,0.538721,0.46514,0.48414,0.470642,0.426397,0.470313,0.426124,156,156.406,0.745968,0.976232,0.686868,0.901488,0.617277,0.749502,0.67904,0.748709,0.678362,0.751756,1.00317,0.68689
1554,6,24,16,1.2e+22,0.876712,0.11962,2.558,1.286,65.5375,1966.13,196.612,96,0.671,0.542484,0.554369,0.479268,0.474548,0.463304,0.403254,0.463304,0.403254,186.782,186.782,0.704098,0.873069,0.670099,0.771329,0.573615,0.432642,0.376566,0.432642,0.376566,0.706384,0.887301,0.6701
1555,6,24,17,1.2e+22,0.876712,0.152938,2.1793,1.186,79.3495,2380.48,238.048,120,0.684945,0.570564,0.562983,0.468187,0.444737,0.447003,0.36605,0.447003,0.36605,226.146,226.146,0.721179,1.09467,0.593199,0.898255,0.468607,0.146613,0.120061,0.146613,0.120061,0.722076,1.10505,0.593199
1556,6,24,18,1.2e+22,0.876712,0.195537,1.865,1.117,98.0406,2941.22,294.122,150,0.692232,0.586235,0.552855,0.419293,0.377114,0.379887,0.282571,0.379887,0.282571,279.416,279.416,0.72511,1.46654,0.522177,1.04891,0.356188,-0.0426832,-0.031749,-0.0426832,-0.031749,0.725413,1.47452,0.522177
1557,6,24,19,1.2e+22,0.876712,0.25,1.6116,1.073,121.958,3658.74,365.874,186,0.696133,0.591244,0.510663,0.322923,0.262267,0.257261,0.16581,0.257261,0.16581,347.58,347.58,0.634324,-0.0342561,0.137145,-0.0187099,0.0704348,-0.325511,-0.209799,-0.325511,-0.209799,0.634407,-0.0343717,0.137145
1558,6,25,7,1.2e+22,1.30103,0.0131037,54.4965,3.215,84.908,2547.24,254.724,24,0.383028,0.228309,0.391771,0.22492,0.375224,0.475844,0.430397,0.484119,0.412975,48,72,0.734342,0.757985,0.893727,0.746733,0.85598,0.935813,0.846434,0.797682,0.680457,0.891155,1.01813,0.911583
1559,6,25,8,1.2e+22,1.30103,0.0167535,38.0152,3.174,78.3286,2349.86,234.986,24,0.394655,0.243081,0.39097,0.239397,0.375614,0.473675,0.431917,0.481245,0.416927,48,72,0.763228,0.800945,0.952587,0.788805,0.915173,0.942536,0.859443,0.789553,0.684028,0.905779,1.04025,0.93001
1560,6,25,9,1.2e+22,1.30103,0.02142,25.1402,3.038,70.0582,2101.75,210.175,30,0.415841,0.265499,0.428162,0.261197,0.407848,0.479991,0.43143,0.472766,0.420098,60,90,0.835099,0.910735,0.87453,0.895979,0.833038,0.773411,0.695164,0.626605,0.556799,0.961782,1.13387,0.872924
1561,6,25,10,1.2e+22,1.30103,0.0273861,17.9341,2.865,63.6981,1910.94,191.094,30,0.439582,0.288908,0.430336,0.283783,0.410929,0.481481,0.437878,0.476007,0.432208,60,90,0.799684,0.863146,0.795303,0.847833,0.759437,0.706121,0.642175,0.569716,0.517295,0.896971,1.03647,0.869913
1562,6,25,11,1.2e+22,1.30103,0.0350141,11.9969,2.588,57.7812,1733.44,173.344,36,0.477219,0.325259,0.452065,0.318468,0.42901,0.487016,0.450043,0.465904,0.430859,72,108,0.822857,0.922433,1.00607,0.903172,0.954761,0.731108,0.675604,0.656395,0.607022,0.89338,1.05959,0.99604
1563,6,25,12,1.2e+22,1.30103,0.0447667,8.7391,2.315,55.2804,1658.41,165.841,42,0.515346,0.362154,0.469277,0.353009,0.441895,0.488037,0.454219,0.459157,0.427924,84,126,0.853581,0.997545,1.0501,0.972355,0.988832,0.750935,0.698899,0.738626,0.688382,0.903316,1.10574,0.995388
1564,6,25,13,1.2e+22,1.30103,0.0572357,6.6115,2.039,55.4872,1664.62,166.462,48,0.556213,0.403244,0.485061,0.390343,0.45303,0.495113,0.460628,0.462297,0.43108,96,144,0.859555,1.04961,0.990737,1.01603,0.925313,0.731454,0.680508,0.647892,0.604142,0.890794,1.12842,0.935507
1565,6,25,14,1.2e+22,1.30103,0.0731778,5.1455,1.778,58.5146,1755.44,175.544,60,0.596618,0.446287,0.508447,0.427184,0.468331,0.496453,0.458347,0.461985,0.428101,120,166.767,0.810258,1.00255,0.848881,0.959635,0.781906,0.681823,0.629489,0.553774,0.513158,0.826695,1.0515,0.809634
1566,6,25,15,1.2e+22,1.30103,0.0935603,4.1413,1.56,64.3461,1930.38,193.038,78,0.631507,0.487508,0.53288,0.4585,0.482724,0.485607,0.441584,0.462276,0.421814,156,183.386,0.760687,0.942231,0.730065,0.886165,0.66135,0.610124,0.554814,0.540291,0.493001,0.768517,0.970897,0.730655
1567,6,25,16,1.2e+22,1.30103,0.11962,3.3876,1.383,73.6449,2209.35,220.935,96,0.658863,0.525202,0.546009,0.479506,0.478821,0.470121,0.41588,0.452627,0.401847,192,209.888,0.72082,0.882943,0.65781,0.806122,0.576864,0.532507,0.471068,0.488351,0.433564,0.724148,0.898884,0.657827
1568,6,25,17,1.2e+22,1.30103,0.152938,2.8196,1.253,86.8838,2606.52,260.652,120,0.677773,0.55708,0.556188,0.483762,0.461296,0.446255,0.378054,0.437367,0.371518,240,247.619,0.739071,1.08959,0.647713,0.946185,0.537206,0.580177,0.491508,0.559464,0.475233,0.740481,1.10122,0.647713
1569,6,25,18,1.2e+22,1.30103,0.195537,2.3899,1.165,104.316,3129.48,312.948,150,0.688579,0.578504,0.560349,0.461692,0.423232,0.410654,0.326159,0.410654,0.326159,297.3,297.3,0.698451,0.983962,0.569368,0.78528,0.430044,0.53046,0.421314,0.53046,0.421314,0.698929,0.989777,0.569368
1570,6,25,19,1.2e+22,1.30103,0.25,2.037,1.104,128.039,3841.17,384.117,186,0.694872,0.591363,0.549079,0.402645,0.348145,0.342061,0.244398,0.342061,0.244398,364.911,364.911,0.718396,1.55399,0.818026,1.05807,0.518671,0.866523,0.619119,0.866523,0.619119,0.718564,1.55949,0.818026
1571,6,26,8,1.2e+22,1.9307,0.0167535,55.4993,3.178,121.605,3648.15,364.815,24,0.401869,0.252656,0.397855,0.248831,0.382678,0.483236,0.441667,0.497828,0.428743,48,72,0.777805,0.814715,0.972843,0.802381,0.93573,0.889488,0.812973,0.899968,0.775076,0.916496,1.04599,0.891292
1572,6,26,9,1.2e+22,1.9307,0.02142,40.5918,3.063,113.669,3410.08,341.008,30,0.420661,0.272944,0.436278,0.268575,0.415868,0.49464,0.442548,0.496721,0.414366,60,90,0.828422,0.901187,0.822346,0.886761,0.783875,0.894822,0.800585,0.812433,0.677733,0.952152,1.11722,0.835189
1573,6,26,10,1.2e+22,1.9307,0.0273861,30.7689,2.923,105.94,3178.2,317.82,30,0.440664,0.293088,0.438171,0.288045,0.418539,0.495772,0.446715,0.49786,0.421213,60,90,0.800625,0.864705,0.749242,0.849825,0.715673,0.863825,0.778348,0.723053,0.611737,0.899688,1.03924,0.776431
1574,6,26,11,1.2e+22,1.9307,0.0350141,20.754,2.677,95.0303,2850.91,285.091,36,0.474039,0.325988,0.461544,0.319546,0.438042,0.503193,0.44773,0.495905,0.427334,72,108,0.823734,0.911945,0.982755,0.893922,0.932714,0.912852,0.812236,0.737133,0.635207,0.897566,1.05064,1.05126
1575,6,26,12,1.2e+22,1.9307,0.0447667,14.0474,2.396,85.9089,2577.27,257.727,42,0.513327,0.3651,0.481895,0.356417,0.453775,0.507516,0.450246,0.490218,0.435031,84,126,0.858713,0.991002,1.03972,0.967434,0.979049,0.8533,0.757011,0.722996,0.641605,0.910083,1.0983,1.03393
1576,6,26,13,1.2e+22,1.9307,0.0572357,10.2722,2.148,81.0453,2431.36,243.136,48,0.548423,0.400507,0.495245,0.388909,0.46275,0.510217,0.458905,0.481971,0.43398,96,144,0.960047,1.21158,0.995859,1.1765,0.930516,0.734791,0.660894,0.654033,0.58891,0.997797,1.30514,0.999949
1577,6,26,14,1.2e+22,1.9307,0.0731778,7.5543,1.889,79.6008,2388.02,238.802,60,0.586829,0.441169,0.513969,0.424645,0.472173,0.510042,0.460716,0.470408,0.426037,120,180,0.801279,0.944708,0.945697,0.909325,0.868794,0.648994,0.58623,0.45275,0.410045,0.819533,0.992628,0.892446
1578,6,26,15,1.2e+22,1.9307,0.0935603,5.8297,1.667,82.1782,2465.35,246.535,78,0.620021,0.478839,0.529001,0.454917,0.474664,0.504611,0.453145,0.450103,0.407091,156,234,0.771333,0.936281,0.870956,0.889505,0.781494,0.698669,0.62741,0.732085,0.662126,0.780837,0.966606,0.877331
1579,6,26,16,1.2e+22,1.9307,0.11962,4.6521,1.483,88.6103,2658.31,265.831,96,0.647673,0.513347,0.544348,0.477943,0.4788,0.494981,0.43722,0.44869,0.399502,192,252.539,0.817381,1.1666,0.905411,1.08614,0.796385,0.876932,0.774601,1.02663,0.914081,0.822385,1.18993,0.907348
1580,6,26,17,1.2e+22,1.9307,0.152938,3.7711,1.333,99.7396,2992.19,299.219,120,0.669181,0.543613,0.553277,0.489186,0.469123,0.470079,0.402606,0.431757,0.373198,240,284.258,0.754754,1.07407,0.960561,0.966537,0.814459,1.02201,0.875312,1.1602,1.00285,0.7568,1.08681,0.960595
1581,6,26,18,1.2e+22,1.9307,0.195537,3.1253,1.223,115.794,3473.81,347.381,150,0.682963,0.566569,0.554371,0.481982,0.441063,0.429222,0.35005,0.400261,0.329815,300,330.012,0.720107,1.04059,0.911276,0.885235,0.72502,1.05148,0.85753,1.09707,0.903984,0.720913,1.04793,0.911276
1582,6,26,19,1.2e+22,1.9307,0.25,2.6287,1.146,137.853,4135.58,413.558,186,0.691957,0.584069,0.556424,0.450585,0.395994,0.385798,0.291489,0.363652,0.27813,372,392.88,0.698694,1.06305,1.0549,0.820098,0.750749,1.35714,1.02538,1.4309,1.09438,0.698963,1.06711,1.0549
1583,6,27,10,1.2e+22,2.86512,0.0273861,49.8518,2.947,170.117,5103.5,510.35,30,0.444118,0.298606,0.443946,0.293534,0.424286,0.504123,0.454495,0.51163,0.429742,60,90,0.803277,0.85908,0.895813,0.844487,0.856142,0.909923,0.820345,0.950065,0.798004,0.902798,1.03178,0.899797
1584,6,27,11,1.2e+22,2.86512,0.0350141,35.713,2.733,157.703,4731.08,473.108,36,0.474046,0.328636,0.466748,0.32235,0.44318,0.511486,0.453444,0.510263,0.416736,72,108,0.821541,0.895479,0.624447,0.878348,0.592916,0.792367,0.702452,0.724634,0.591814,0.897842,1.03488,0.663977
1585,6,27,12,1.2e+22,2.86512,0.0447667,24.4192,2.468,142.727,4281.81,428.181,42,0.511275,0.366319,0.486708,0.358032,0.458562,0.517891,0.452579,0.509132,0.410122,84,126,0.853701,0.976772,1.12503,0.954674,1.05997,1.11414,0.97363,1.00647,0.81074,0.90768,1.08622,1.11448
1586,6,27,13,1.2e+22,2.86512,0.0572357,17.5712,2.236,130.721,3921.63,392.163,48,0.544512,0.400916,0.501666,0.390128,0.469149,0.523986,0.45243,0.509356,0.419581,96,144,0.828604,0.955374,0.967886,0.929668,0.905151,0.974144,0.841115,0.838203,0.690468,0.864084,1.03297,0.978988
1587,6,27,14,1.2e+22,2.86512,0.0731778,11.841,1.959,119.769,3593.08,359.308,60,0.583598,0.441913,0.519461,0.42657,0.477712,0.52491,0.44701,0.494048,0.421424,120,180,0.820683,0.977029,1.06631,0.943107,0.98061,0.827782,0.704935,0.718449,0.612839,0.84053,1.02747,1.07519
1588,6,27,15,1.2e+22,2.86512,0.0935603,8.7451,1.748,115.674,3470.23,347.023,78,0.613593,0.475105,0.53323,0.453938,0.478221,0.516316,0.445245,0.466007,0.403311,156,234,0.804683,0.984537,1.02325,0.940674,0.91769,0.714889,0.616485,0.702975,0.608397,0.815805,1.01783,1.02786
1589,6,27,16,1.2e+22,2.86512,0.11962,6.6616,1.562,116.896,3506.88,350.688,96,0.640573,0.508148,0.545404,0.478034,0.476378,0.513084,0.441484,0.45041,0.390636,192,288,0.784578,0.991036,0.919492,0.932303,0.803121,0.690319,0.593987,0.525689,0.455925,0.790279,1.01214,0.922839
1590,6,27,17,1.2e+22,2.86512,0.152938,5.2331,1.408,123.698,3710.95,371.095,120,0.661462,0.535213,0.552378,0.491491,0.465351,0.498403,0.421646,0.419959,0.361161,240,352.54,0.753387,0.961205,0.805515,0.882684,0.678606,0.588728,0.49806,0.295732,0.254327,0.756047,0.973778,0.808411
1591,6,27,18,1.2e+22,2.86512,0.195537,4.2106,1.285,136.602,4098.07,409.807,150,0.677435,0.557723,0.557317,0.492464,0.450105,0.465527,0.380442,0.397205,0.331074,300,389.316,0.720924,0.905765,0.724918,0.799782,0.585465,0.380545,0.310992,0.169971,0.141672,0.722052,0.912861,0.725085
1592,6,27,19,1.2e+22,2.86512,0.25,3.4806,1.195,155.571,4667.13,466.713,186,0.68773,0.57417,0.552658,0.476095,0.415173,0.411594,0.318122,0.352572,0.279421,372,443.377,0.702282,0.876446,0.887567,0.726739,0.666767,0.239579,0.185171,0.0862639,0.068366,0.702731,0.880482,0.887567
1593,6,28,11,1.2e+22,4.25179,0.0350141,53.9839,2.711,247.511,7425.34,525.3,36,0.484665,0.34319,0.47648,0.336539,0.452836,0.526947,0.468544,0.536656,0.439133,72,108,0.811348,0.885514,0.930663,0.868354,0.884481,0.923368,0.821028,0.97489,0.797729,0.882826,1.01662,0.936477
1594,6,28,12,1.2e+22,4.25179,0.0447667,41.7503,2.519,234.866,7045.98,525.3,42,0.511322,0.37025,0.49379,0.362157,0.465487,0.532413,0.464858,0.535836,0.424855,84,126,0.826787,0.920582,0.805203,0.900461,0.75905,0.859868,0.750764,0.916114,0.72637,0.881749,1.02757,0.824744
1595,6,28,13,1.2e+22,4.25179,0.0572357,28.9967,2.256,215.083,6452.5,525.3,48,0.548602,0.408819,0.508016,0.397997,0.475559,0.537057,0.462534,0.533571,0.414397,96,144,0.834253,0.954137,0.914127,0.928878,0.855725,1.00623,0.866601,0.915314,0.710877,0.869829,1.03068,0.922637
1596,6,28,14,1.2e+22,4.25179,0.0731778,20.5891,2.028,196.69,5900.71,525.3,60,0.580836,0.443314,0.525574,0.42897,0.483955,0.540578,0.449209,0.525444,0.390858,120,180,0.834319,0.980236,0.999742,0.948518,0.920574,1.01126,0.840337,0.863753,0.642514,0.856632,1.0342,1.01415
1597,6,28,15,1.2e+22,4.25179,0.0935603,14.0404,1.797,179.44,5383.22,525.3,78,0.613829,0.480007,0.539879,0.459944,0.484865,0.536059,0.426085,0.498605,0.387574,156,234,0.826852,1.0287,1.14709,0.985702,1.0302,1.05953,0.842162,1.00778,0.783368,0.838979,1.06421,1.15169
1598,6,28,16,1.2e+22,4.25179,0.11962,10.4028,1.628,170.684,5120.52,512.052,96,0.636439,0.506031,0.547066,0.479196,0.478761,0.524889,0.418722,0.466293,0.373501,192,288,0.820492,1.06713,1.16841,1.01054,1.02253,0.959465,0.765398,0.915716,0.733489,0.827348,1.09137,1.17172
1599,6,28,17,1.2e+22,4.25179,0.152938,7.7545,1.472,168.498,5054.94,505.494,120,0.656923,0.531821,0.555073,0.494301,0.468315,0.512163,0.411801,0.433071,0.351549,240,360,0.838555,1.21412,1.07105,1.12846,0.903641,0.821742,0.660715,0.870473,0.706613,0.842123,1.23122,1.07321
1600,6,28,18,1.2e+22,4.25179,0.195537,5.9441,1.342,174.632,5238.96,523.896,150,0.672913,0.553191,0.561631,0.499184,0.450982,0.498322,0.394772,0.40253,0.325934,300,450,0.811215,1.25885,0.929156,1.13595,0.7461,0.778933,0.617072,0.501122,0.405764,0.81281,1.26943,0.930638
1601,6,28,19,1.2e+22,4.25179,0.25,4.7348,1.242,188.976,5669.27,525.3,186,0.684572,0.571243,0.564341,0.492442,0.42437,0.476781,0.363383,0.399016,0.312746,372,499.035,0.767297,1.23628,0.889021,1.06574,0.668519,0.879296,0.670163,0.592735,0.464583,0.767964,1.24254,0.89048
1602,6,29,13,1.2e+22,6.30957,0.0572357,47.2188,2.274,346.89,10406.7,525.3,48,0.55387,0.419231,0.517556,0.408294,0.484859,0.55169,0.475883,0.558646,0.43321,96,144,0.807553,0.909011,0.939561,0.885297,0.880202,0.889856,0.767583,0.87076,0.675242,0.842397,0.982291,0.938929
1603,6,29,14,1.2e+22,6.30957,0.0731778,34.8248,2.06,324.83,9744.91,525.3,60,0.584267,0.452825,0.533262,0.438614,0.491572,0.557662,0.462981,0.55765,0.403694,120,180,0.808163,0.931393,0.895698,0.902163,0.825673,0.85287,0.708068,0.834908,0.604406,0.83066,0.983943,0.894958
1604,6,29,15,1.2e+22,6.30957,0.0935603,24.3373,1.844,297.432,8922.97,525.3,78,0.614227,0.487029,0.550476,0.467805,0.495184,0.563704,0.441138,0.553473,0.363491,156,234,0.797282,0.94086,0.89897,0.903724,0.808673,0.87375,0.683771,0.840584,0.55205,0.810054,0.975191,0.902372
1605,6,29,16,1.2e+22,6.30957,0.11962,17.6824,1.678,274.727,8241.81,525.3,90,0.635685,0.512023,0.558708,0.486879,0.494209,0.564443,0.428096,0.547839,0.355327,180,270,0.784191,0.943832,0.905273,0.897483,0.800767,0.845561,0.641307,0.728626,0.472585,0.791552,0.966752,0.903399
1606,6,29,17,1.2e+22,6.30957,0.152938,12.1415,1.508,254.334,7630.03,525.3,120,0.65687,0.537532,0.568454,0.502294,0.481055,0.55732,0.392781,0.522577,0.366155,240,360,0.763457,0.937958,0.896024,0.876471,0.758263,0.766842,0.540445,0.548338,0.384205,0.76697,0.951491,0.897637
1607,6,29,18,1.2e+22,6.30957,0.195537,9.0439,1.388,246.595,7397.85,525.3,144,0.670238,0.554529,0.573441,0.506945,0.466842,0.550324,0.394145,0.503955,0.364669,288,432,0.74519,0.924419,0.944648,0.845095,0.769044,0.595689,0.426636,0.39421,0.285256,0.746956,0.932837,0.945932
1608,6,29,19,1.2e+22,6.30957,0.25,6.7997,1.282,249.84,7495.21,525.3,186,0.682152,0.57239,0.580985,0.504777,0.439947,0.543728,0.387103,0.50334,0.363877,372,499.035,0.727802,0.926829,0.869272,0.817349,0.658251,0.532672,0.379232,0.479049,0.346317,0.728594,0.931914,0.870059
1609,6,30,14,1.2e+22,9.36329,0.0731778,53.421,2.043,512.27,15368.1,525.3,60,0.587982,0.455937,0.544407,0.441392,0.502346,0.569614,0.474857,0.576357,0.419806,120,180,0.784613,0.886061,0.91208,0.857794,0.841614,0.835943,0.696881,0.790763,0.575975,0.805232,0.933599,0.909422
1610,6,30,15,1.2e+22,9.36329,0.0935603,42.4122,1.892,490.856,14725.7,525.3,72,0.610576,0.483073,0.554062,0.465044,0.503421,0.574216,0.460582,0.575831,0.389567,144,216,0.780424,0.896061,0.894002,0.862618,0.812291,0.807921,0.648039,0.779149,0.527117,0.794398,0.931506,0.889009
1611,6,30,16,1.2e+22,9.36329,0.11962,29.4353,1.693,452.78,13583.4,525.3,90,0.6377,0.516216,0.566208,0.491421,0.501823,0.58022,0.439263,0.575838,0.349224,180,270,0.780743,0.935217,0.857216,0.890296,0.75974,0.783296,0.593004,0.810946,0.491807,0.7882,0.957997,0.852787
1612,6,30,17,1.2e+22,9.36329,0.152938,20.802,1.542,416.26,12487.8,525.3,114,0.6562,0.539284,0.575769,0.506154,0.493198,0.582155,0.405657,0.568675,0.299829,228,342,0.75386,0.903643,0.841804,0.848129,0.72108,0.783372,0.545869,0.69108,0.364366,0.757714,0.917473,0.843412
1613,6,30,18,1.2e+22,9.36329,0.195537,14.2852,1.407,382.817,11484.5,525.3,150,0.672172,0.561373,0.58587,0.515456,0.474973,0.580488,0.357524,0.559176,0.302588,300,450,0.735197,0.892559,0.807343,0.819552,0.654525,0.717182,0.441714,0.592922,0.32085,0.737003,0.900664,0.808294
1614,6,30,19,1.2e+22,9.36329,0.25,10.6764,1.317,366.008,10980.2,525.3,180,0.681051,0.57323,0.589831,0.512926,0.454675,0.576164,0.334075,0.555211,0.323997,360,499.035,0.71837,0.866774,0.802778,0.77559,0.618827,0.590094,0.342152,0.517412,0.301939,0.719297,0.871859,0.803485
1615,6,31,16,1.2e+22,13.895,0.11962,47.785,1.703,728.869,21866.1,525.3,90,0.634595,0.519565,0.606452,0.494971,0.538261,0.673113,0.511431,0.767695,0.466309,180,270,0.754872,0.877312,0.878017,0.835785,0.77929,0.828873,0.629778,0.927769,0.56354,0.762197,0.898828,0.875208
1616,6,31,17,1.2e+22,13.895,0.152938,35.7143,1.567,688.845,20665.4,525.3,114,0.654222,0.548834,0.622048,0.5166,0.534144,0.702698,0.48946,0.845662,0.427578,228,342,0.748248,0.891248,0.888894,0.838903,0.763281,0.863336,0.601351,0.991743,0.501438,0.752416,0.905655,0.890533
1617,6,31,18,1.2e+22,13.895,0.195537,24.9489,1.435,635.212,19056.4,525.3,144,0.671467,0.576563,0.635962,0.532449,0.522473,0.730317,0.453829,0.950159,0.374074,288,432,0.739886,0.912821,0.860829,0.84298,0.707212,0.930608,0.578294,1.08077,0.425495,0.741947,0.921747,0.861895
1618,6,31,19,1.2e+22,13.895,0.25,18.2418,1.344,590.624,17718.7,525.3,174,0.68101,0.589638,0.642709,0.532491,0.503351,0.742624,0.40861,0.970994,0.331754,348,499.035,0.716632,0.868357,0.833012,0.784197,0.652392,0.89617,0.493095,1.11158,0.379788,0.717701,0.873851,0.833757
1619,6,32,17,1.2e+22,20.6199,0.152938,54.0886,1.55,1083.07,32492.2,525.3,120,0.65184,0.537344,0.639485,0.504849,0.545224,0.741259,0.50726,0.933884,0.452154,240,360,0.72515,0.826718,0.930092,0.776723,0.792995,0.889166,0.608477,1.13818,0.551067,0.728827,0.839127,0.931627
1620,6,32,18,1.2e+22,20.6199,0.195537,39.823,1.432,1028.51,30855.3,525.3,144,0.67017,0.571755,0.657322,0.527786,0.541392,0.781402,0.489714,1.07746,0.421977,288,432,0.723639,0.854521,0.895349,0.788807,0.737439,0.932154,0.584192,1.19779,0.469105,0.725576,0.862582,0.889766
1621,6,32,19,1.2e+22,20.6199,0.25,31.7271,1.363,982.103,29463.1,525.3,174,0.679404,0.591009,0.675575,0.536862,0.531695,0.844172,0.462651,1.28196,0.390888,348,499.035,0.719741,0.868019,0.780574,0.788493,0.614332,0.919076,0.503703,1.26884,0.386886,0.720946,0.8739,0.781253
1622,6,33,19,1.2e+22,30.5995,0.25,51.0822,1.366,1570.62,47118.6,525.3,174,0.672594,0.557168,0.676536,0.506778,0.53399,0.842064,0.466246,1.25821,0.391407,348,499.035,0.70393,0.798167,0.887499,0.725981,0.700504,1.04561,0.578948,1.45479,0.45256,0.705128,0.803602,0.888244
1648,7,13,1,2.4e+22,0.0114062,0.003,2.0248,1.062,1.53388,46.0166,27,18,0.393909,-2.42675,-4.06134,-1.95433,-4.04357,-2.02404,-2.02107,-2.02404,-2.02107,25.65,25.65,0.344211,-2.45259,-4.064,-1.97513,-4.04622,-2.02086,-2.01788,-2.02086,-2.01788,0.364055,-4.45758,-1.08951
1649,7,13,2,2.4e+22,0.0114062,0.0038356,1.7113,1.062,1.88769,56.6307,27,18,0.42962,-1.94705,-3.23211,-1.40684,-3.2102,-1.60951,-1.60584,-1.60951,-1.60584,25.65,25.65,0.367388,-2.09654,-3.43328,-1.51485,-3.41001,-1.71453,-1.71062,-1.71453,-1.71062,0.381079,-3.81047,-0.929238
1650,7,13,3,2.4e+22,0.0114062,0.00490394,1.4537,1.061,2.36058,70.817,27,18,0.46406,-1.50103,-2.53357,-0.923394,-2.50628,-1.27755,-1.27292,-1.27755,-1.27292,25.65,25.65,0.384013,-1.89424,-2.91952,-1.16528,-2.88807,-1.44052,-1.4353,-1.44052,-1.4353,0.392954,-3.44279,-0.783454
1651,7,13,4,2.4e+22,0.0114062,0.00626986,1.2478,1.06,2.96788,89.0368,27,18,0.491214,-1.05011,-1.83866,-0.517835,-1.80699,-0.952271,-0.946753,-0.952271,-0.946753,25.65,25.65,0.414499,-1.41826,-2.5145,-0.69938,-2.4712,-1.25947,-1.25217,-1.25947,-1.25217,0.420439,-2.57769,-0.684156
1652,7,13,5,2.4e+22,0.0114062,0.00801622,1.0829,1.058,3.72869,111.861,27,18,0.497164,-0.0944244,-0.446362,-0.0596079,-0.424211,-0.361158,-0.352481,-0.361158,-0.352481,25.65,25.65,0.400421,-0.449199,-1.19909,-0.283569,-1.13958,-0.813884,-0.79433,-0.813884,-0.79433,0.409867,-0.783805,-0.971321
1653,7,13,6,2.4e+22,0.0114062,0.010249,0.9415,1.056,4.733,141.99,27,18,0.510169,0.135832,0.118428,0.0848576,0.107438,0.0426723,0.0403613,0.0426723,0.0403613,25.65,25.65,0.403266,-0.197666,-0.709617,-0.123487,-0.643768,-0.625008,-0.59116,-0.625008,-0.59116,0.412206,-0.336467,-0.699674
1654,7,13,7,2.4e+22,0.0114062,0.0131037,0.825,1.052,5.98754,179.626,27,18,0.524154,0.255675,0.440979,0.138768,0.3734,0.324298,0.293108,0.324298,0.293108,25.65,25.65,0.411882,-0.0364636,-0.554806,-0.0197907,-0.469782,-0.55982,-0.505979,-0.55982,-0.505979,0.418373,-0.0615503,-0.654061
1658,7,14,1,2.4e+22,0.0169267,0.003,2.6586,1.092,1.65904,49.7715,27,18,0.3915,-1.34137,-2.92812,-1.14364,-2.91623,-1.70388,-1.70117,-1.70388,-1.70117,25.65,25.65,0.346511,-1.34536,-2.97444,-1.14705,-2.96237,-1.73383,-1.73107,-1.73383,-1.73107,0.373678,-2.4452,-0.976105
1659,7,14,2,2.4e+22,0.0169267,0.0038356,2.2124,1.092,1.99819,59.9459,27,18,0.42992,-1.13617,-2.45165,-0.894995,-2.43663,-1.40843,-1.40509,-1.40843,-1.40509,25.65,25.65,0.366751,-1.26044,-2.64159,-0.992883,-2.6254,-1.51608,-1.51248,-1.51608,-1.51248,0.385856,-2.29086,-0.860187
1660,7,14,3,2.4e+22,0.0169267,0.00490394,1.8566,1.091,2.45527,73.6586,27,18,0.464907,-0.91363,-1.99639,-0.638679,-1.97739,-1.15257,-1.14836,-1.15257,-1.14836,25.65,25.65,0.390521,-1.12659,-2.33079,-0.787553,-2.30861,-1.29539,-1.29066,-1.29539,-1.29066,0.403566,-2.04759,-0.730955
1661,7,14,4,2.4e+22,0.0169267,0.00626986,1.5764,1.089,3.05104,91.5317,27,18,0.484082,-0.404969,-1.11469,-0.276179,-1.09225,-0.765493,-0.758688,-0.765493,-0.758688,25.65,25.65,0.410242,-0.567794,-1.49631,-0.387222,-1.46618,-0.961849,-0.953298,-0.961849,-0.953298,0.422597,-1.01076,-0.575875
1662,7,14,5,2.4e+22,0.0169267,0.00801622,1.3517,1.086,3.82269,114.681,27,18,0.4933,-0.031694,-0.288926,-0.0227511,-0.27747,-0.282575,-0.27631,-0.282575,-0.27631,25.65,25.65,0.400299,-0.268722,-0.773698,-0.192899,-0.743021,-0.658144,-0.643552,-0.658144,-0.643552,0.414118,-0.468869,-0.726483
1663,7,14,6,2.4e+22,0.0169267,0.010249,1.167,1.082,4.82669,144.801,27,18,0.503998,0.112057,0.10662,0.0803778,0.0991179,0.0473136,0.0451075,0.0473136,0.0451075,25.65,25.65,0.405324,-0.064785,-0.463408,-0.0464701,-0.4308,-0.438199,-0.417767,-0.438199,-0.417767,0.418785,-0.110215,-0.480382
1664,7,14,7,2.4e+22,0.0169267,0.0131037,1.014,1.076,6.11896,183.568,27,18,0.518768,0.186522,0.319352,0.123198,0.28197,0.266205,0.24385,0.266205,0.24385,25.65,25.65,0.402933,-0.150641,-0.342271,-0.099499,-0.302207,-0.393771,-0.360704,-0.393771,-0.360704,0.413016,-0.251435,-0.430412
1665,7,14,8,2.4e+22,0.0169267,0.0167535,0.8832,1.067,7.80985,234.295,27,18,0.527673,0.232709,0.400417,0.145409,0.319075,0.389413,0.325828,0.389413,0.325828,25.65,25.65,0.393837,-0.0612884,-0.0580468,-0.0382964,-0.0462549,-0.278299,-0.232857,-0.278299,-0.232857,0.401464,-0.0959384,-0.266145
1666,7,14,9,2.4e+22,0.0169267,0.02142,0.7782,1.057,9.84069,295.221,29.5221,24,0.537464,0.291996,0.536847,0.156811,0.376704,0.496069,0.364185,0.496069,0.364185,28.046,28.046,0.402231,-0.0308362,-0.489342,-0.01656,-0.34337,-0.550318,-0.404013,-0.550318,-0.404013,0.407004,-0.0450175,-0.499388
1669,7,15,1,2.4e+22,0.0251189,0.003,3.5608,1.137,1.89715,56.9147,27,18,0.393266,-0.654318,-1.80369,-0.578395,-1.79677,-1.27269,-1.27037,-1.27269,-1.27037,25.65,25.65,0.334566,-0.728415,-1.90892,-0.643893,-1.90161,-1.34432,-1.34187,-1.34432,-1.34187,0.368096,-1.3239,-1.58144
1670,7,15,2,2.4e+22,0.0251189,0.0038356,2.9187,1.136,2.19938,65.9811,27,18,0.430697,-0.601678,-1.63708,-0.502802,-1.62803,-1.1257,-1.12284,-1.1257,-1.12284,25.65,25.65,0.362525,-0.727291,-1.83153,-0.607773,-1.8214,-1.25807,-1.25487,-1.25807,-1.25487,0.387807,-1.32185,-1.50201
1671,7,15,3,2.4e+22,0.0251189,0.00490394,2.4149,1.134,2.62338,78.7017,27,18,0.464547,-0.523954,-1.43371,-0.401748,-1.42182,-0.977406,-0.973762,-0.977406,-0.973762,25.65,25.65,0.387157,-0.716994,-1.71814,-0.549764,-1.7039,-1.14583,-1.14156,-1.14583,-1.14156,0.405155,-1.30314,-1.36565
1672,7,15,4,2.4e+22,0.0251189,0.00626986,2.0179,1.132,3.20296,96.0884,27,18,0.472399,-0.158328,-0.601008,-0.125676,-0.589528,-0.537617,-0.531869,-0.537617,-0.531869,25.65,25.65,0.397086,-0.287623,-0.817432,-0.228307,-0.801818,-0.708436,-0.700862,-0.708436,-0.700862,0.41768,-0.507811,-0.796741
1673,7,15,5,2.4e+22,0.0251189,0.00801622,1.7141,1.128,3.94577,118.374,27,18,0.485135,0.00627046,-0.163853,0.0049472,-0.158782,-0.199858,-0.195897,-0.199858,-0.195897,25.65,25.65,0.396392,-0.169164,-0.5269,-0.133465,-0.510594,-0.536895,-0.526253,-0.536895,-0.526253,0.416076,-0.295183,-0.595382
1674,7,15,6,2.4e+22,0.0251189,0.010249,1.4652,1.122,4.93654,148.096,27,18,0.493927,0.103156,0.113432,0.0816896,0.107493,0.0671284,0.0645362,0.0671284,0.0645362,25.65,25.65,0.392074,-0.0960886,-0.299311,-0.0760932,-0.283641,-0.324246,-0.311725,-0.324246,-0.311725,0.411142,-0.163418,-0.352681
1675,7,15,7,2.4e+22,0.0251189,0.0131037,1.2625,1.113,6.22542,186.763,27,18,0.509008,0.149382,0.245799,0.112258,0.224883,0.219451,0.204759,0.219451,0.204759,25.65,25.65,0.405454,0.0162553,-0.0772717,0.0122156,-0.0706962,-0.0724775,-0.0676253,-0.0724775,-0.0676253,0.420828,0.0270468,-0.0590456
1676,7,15,8,2.4e+22,0.0251189,0.0167535,1.1015,1.1,7.81077,234.324,27,18,0.51861,0.187864,0.314879,0.136978,0.270622,0.319902,0.281697,0.319902,0.281697,25.65,25.65,0.386227,-0.0384169,-0.0761744,-0.0280111,-0.0654679,-0.0365895,-0.0322197,-0.0365895,-0.0322197,0.398089,-0.0602037,0.0149732
1677,7,15,9,2.4e+22,0.0251189,0.02142,0.9621,1.084,9.88988,296.696,29.6697,24,0.530641,0.231466,0.400366,0.154404,0.315595,0.386551,0.311175,0.386551,0.311175,28.1862,28.1862,0.395613,-0.00999652,0.117499,-0.00666837,0.0926208,0.150526,0.121174,0.150526,0.121174,0.403566,-0.0145889,0.120117
1678,7,15,10,2.4e+22,0.0251189,0.0273861,0.8433,1.066,12.5503,376.509,37.6509,24,0.540411,0.308693,0.568265,0.17201,0.368268,0.541363,0.386123,0.541363,0.386123,35.7684,35.7684,0.407837,-0.0245455,0.0248314,-0.0136772,0.0160922,-0.375806,-0.268041,-0.375806,-0.268041,0.412087,-0.0329985,0.0256217
1682,7,16,1,2.4e+22,0.0372759,0.003,4.9285,1.201,2.33227,69.9678,27,18,0.400863,-0.266438,-0.907778,-0.240804,-0.904437,-0.806054,-0.804304,-0.806054,-0.804304,25.65,25.65,0.339133,-0.337867,-1.04545,-0.305361,-1.0416,-0.913445,-0.911461,-0.913445,-0.911461,0.379879,-0.614075,-1.02785
1683,7,16,2,2.4e+22,0.0372759,0.0038356,3.9429,1.2,2.57327,77.1978,27,18,0.433893,-0.279844,-0.938707,-0.242745,-0.933932,-0.797437,-0.795163,-0.797437,-0.795163,25.65,25.65,0.368097,-0.351547,-1.07967,-0.304943,-1.07418,-0.894065,-0.891515,-0.894065,-0.891515,0.40034,-0.638937,-1.01434
1684,7,16,3,2.4e+22,0.0372759,0.00490394,3.2161,1.198,2.93235,87.9707,27,18,0.46415,-0.261753,-0.878531,-0.213734,-0.872172,-0.729089,-0.726242,-0.729089,-0.726242,25.65,25.65,0.39807,-0.334042,-1.09147,-0.272761,-1.08357,-0.871005,-0.867604,-0.871005,-0.867604,0.42263,-0.607123,-1.01054
1685,7,16,4,2.4e+22,0.0372759,0.00626986,2.6418,1.194,3.46146,103.844,27,18,0.458257,-0.040788,-0.275479,-0.034983,-0.270788,-0.315445,-0.311826,-0.315445,-0.311826,25.65,25.65,0.387639,-0.141376,-0.491224,-0.121255,-0.482857,-0.503938,-0.498157,-0.503938,-0.498157,0.417806,-0.248746,-0.542655
1686,7,16,5,2.4e+22,0.0372759,0.00801622,2.2069,1.188,4.173,125.19,27,18,0.473801,0.0334587,-0.0569273,0.028161,-0.0555256,-0.105921,-0.104036,-0.105921,-0.104036,25.65,25.65,0.397324,-0.043344,-0.334558,-0.0364812,-0.32632,-0.380633,-0.373857,-0.380633,-0.373857,0.424616,-0.0756458,-0.375729
1687,7,16,6,2.4e+22,0.0372759,0.010249,1.8619,1.179,5.13596,154.079,27,18,0.479925,0.099074,0.129779,0.0839173,0.124628,0.0978196,0.0946962,0.0978196,0.0946962,25.65,25.65,0.383095,-0.0441552,-0.122838,-0.0374002,-0.117963,-0.168966,-0.163571,-0.168966,-0.163571,0.409357,-0.0750646,-0.164727
1688,7,16,7,2.4e+22,0.0372759,0.0131037,1.5914,1.166,6.38138,191.441,27,18,0.496175,0.13511,0.219663,0.11088,0.206064,0.20873,0.197831,0.20873,0.197831,25.65,25.65,0.38241,0.00314085,-0.0666393,0.0025776,-0.0625137,-0.0943741,-0.089446,-0.0943741,-0.089446,0.403647,0.00521311,-0.102703
1689,7,16,8,2.4e+22,0.0372759,0.0167535,1.3705,1.147,8.01062,240.318,27,18,0.50662,0.165206,0.26969,0.132762,0.242365,0.281532,0.256212,0.281532,0.256212,25.65,25.65,0.380651,-0.00760742,-0.000180811,-0.00611344,-0.000162491,0.03068,0.0279207,0.03068,0.0279207,0.397907,-0.0119107,0.0695534
1690,7,16,9,2.4e+22,0.0372759,0.02142,1.1909,1.124,10.0771,302.313,30.2313,24,0.519934,0.202925,0.350859,0.154577,0.297235,0.347952,0.298352,0.347952,0.298352,28.7198,28.7198,0.394915,0.0223297,0.0105021,0.0170095,0.00889704,-0.0665082,-0.0570276,-0.0665082,-0.0570276,0.407154,0.0324615,0.010751
1691,7,16,10,2.4e+22,0.0372759,0.0273861,1.0386,1.096,12.7532,382.597,38.2597,24,0.533018,0.259378,0.4344,0.177574,0.325515,0.445841,0.351015,0.445841,0.351015,36.3467,36.3467,0.399082,-0.0656194,-0.200736,-0.0449241,-0.15042,-0.08543,-0.0672598,-0.08543,-0.0672598,0.405979,-0.0876985,-0.207598
1692,7,16,11,2.4e+22,0.0372759,0.0350141,0.9065,1.068,16.268,488.04,48.804,30,0.545309,0.356352,0.639046,0.194954,0.385395,0.55816,0.38317,0.55816,0.38317,46.3638,46.3638,0.39532,-0.125838,-0.396474,-0.068844,-0.239105,-0.0718053,-0.0492935,-0.0718053,-0.0492935,0.397984,-0.15215,-0.400592
1697,7,17,1,2.4e+22,0.0553168,0.003,7.2001,1.295,3.1375,94.1252,27,18,0.399164,-0.0548444,-0.272485,-0.0507994,-0.270664,-0.330921,-0.329247,-0.330921,-0.329247,25.65,25.65,0.342143,-0.0926872,-0.339159,-0.0858512,-0.336892,-0.38387,-0.381929,-0.38387,-0.381929,0.393879,-0.167039,-0.402835
1698,7,17,2,2.4e+22,0.0553168,0.0038356,5.5763,1.293,3.25031,97.5093,27,18,0.41805,-0.0469255,-0.260599,-0.0428465,-0.258227,-0.317209,-0.315068,-0.317209,-0.315068,25.65,25.65,0.356339,-0.0988101,-0.352963,-0.090221,-0.349751,-0.399024,-0.396331,-0.399024,-0.396331,0.40239,-0.176859,-0.418503
1699,7,17,3,2.4e+22,0.0553168,0.00490394,4.3941,1.289,3.51519,105.456,27,18,0.431346,-0.0160035,-0.175265,-0.0144666,-0.17314,-0.232034,-0.229915,-0.232034,-0.229915,25.65,25.65,0.367507,-0.0800202,-0.302193,-0.0723357,-0.29853,-0.356778,-0.353521,-0.356778,-0.353521,0.410186,-0.141792,-0.361239
1700,7,17,4,2.4e+22,0.0553168,0.00626986,3.5413,1.284,3.94869,118.46,27,18,0.443821,0.0210562,-0.0672079,0.0188456,-0.0661666,-0.118453,-0.117026,-0.118453,-0.117026,25.65,25.65,0.369361,-0.0511411,-0.233533,-0.045772,-0.229915,-0.273764,-0.270464,-0.273764,-0.270464,0.408261,-0.0898129,-0.28967
1701,7,17,5,2.4e+22,0.0553168,0.00801622,2.9012,1.275,4.58835,137.65,27,18,0.447565,0.0684455,0.0671172,0.0614985,0.065613,0.0324597,0.0318551,0.0324597,0.0318551,25.65,25.65,0.366206,0.00692155,-0.11263,0.00621903,-0.110106,-0.170944,-0.167759,-0.170944,-0.167759,0.404781,0.0118976,-0.166158
1702,7,17,6,2.4e+22,0.0553168,0.010249,2.4118,1.262,5.48073,164.422,27,18,0.461634,0.0956001,0.142812,0.0847852,0.138417,0.125852,0.122516,0.125852,0.122516,25.65,25.65,0.368199,0.0178224,-0.0632501,0.0158062,-0.0613033,-0.112115,-0.109143,-0.112115,-0.109143,0.402523,0.0302886,-0.117064
1703,7,17,7,2.4e+22,0.0553168,0.0131037,2.0272,1.242,6.702,201.06,27,18,0.478401,0.123831,0.20307,0.107681,0.193597,0.20367,0.195229,0.20367,0.195229,25.65,25.65,0.367014,-0.0118765,-0.024424,-0.0103275,-0.0232847,-0.0817217,-0.0783348,-0.0817217,-0.0783348,0.395461,-0.0196502,-0.0690107
1704,7,17,8,2.4e+22,0.0553168,0.0167535,1.733,1.216,8.258,247.74,27,18,0.489615,0.152139,0.241971,0.130753,0.224322,0.258509,0.241246,0.258509,0.241246,25.65,25.65,0.369422,0.000965316,0.0140272,0.000829622,0.0130041,0.0611934,0.057107,0.0611934,0.057107,0.393477,0.00151091,0.052239
1705,7,17,9,2.4e+22,0.0553168,0.02142,1.4884,1.18,10.3404,310.212,31.0212,24,0.505443,0.18679,0.317912,0.155161,0.282704,0.321333,0.287407,0.321333,0.287407,29.4701,29.4701,0.387417,0.0314285,-0.0747528,0.0261068,-0.0664741,-0.112328,-0.100469,-0.112328,-0.100469,0.405062,0.0455454,-0.0765975
1706,7,17,10,2.4e+22,0.0553168,0.0273861,1.2871,1.14,13.0467,391.402,39.1402,24,0.523266,0.237655,0.381896,0.184679,0.313336,0.404088,0.340102,0.404088,0.340102,37.1832,37.1832,0.379419,-0.012866,-0.0307044,-0.00999801,-0.0251921,0.0920171,0.0774466,0.0920171,0.0774466,0.3894,-0.0170684,-0.0318169
1707,7,17,11,2.4e+22,0.0553168,0.0350141,1.1241,1.101,16.4085,492.255,49.2255,30,0.538538,0.304104,0.49316,0.208706,0.356146,0.470781,0.360616,0.470781,0.360616,46.7642,46.7642,0.39756,0.0130146,0.0946533,0.00893187,0.0683559,-0.176512,-0.135208,-0.176512,-0.135208,0.402267,0.0157209,0.0957046
1708,7,17,12,2.4e+22,0.0553168,0.0447667,0.9847,1.068,20.7274,621.823,62.1823,36,0.54947,0.404942,0.655648,0.214535,0.368069,0.542148,0.360737,0.542148,0.360737,59.0732,59.0732,0.422451,-0.047933,-0.0710944,-0.0253945,-0.0399112,-0.0580432,-0.0386211,-0.0580432,-0.0386211,0.424089,-0.0536558,-0.0714436
1713,7,18,1,2.4e+22,0.0820891,0.003,11.4642,1.423,4.68573,140.572,27,18,0.383918,0.0390573,0.0370463,0.0369726,0.036567,0.0145005,0.0143317,0.0145005,0.0143317,25.65,25.65,0.317166,-0.00559226,-0.0319549,-0.00529379,-0.0315415,-0.0616726,-0.0609547,-0.0616726,-0.0609547,0.378497,-0.0099176,-0.0519502
1714,7,18,2,2.4e+22,0.0820891,0.0038356,8.388,1.421,4.53288,135.986,27,18,0.399665,0.0419436,0.0332217,0.0393705,0.0327646,0.00516311,0.00510044,0.00516311,0.00510044,25.65,25.65,0.332727,-0.000338265,-0.0747972,-0.000317513,-0.0737681,-0.129689,-0.128115,-0.129689,-0.128115,0.389677,-0.000596277,-0.130882
1715,7,18,3,2.4e+22,0.0820891,0.00490394,6.2554,1.417,4.58862,137.659,27,18,0.410552,0.0516873,0.0511726,0.0482067,0.050393,0.0238892,0.0235702,0.0238892,0.0235702,25.65,25.65,0.334694,-0.0123186,-0.0768431,-0.0114891,-0.0756724,-0.120876,-0.119262,-0.120876,-0.119262,0.386921,-0.0215116,-0.11583
1716,7,18,4,2.4e+22,0.0820891,0.00626986,4.8964,1.409,4.85508,145.653,27,18,0.417602,0.0659247,0.0845171,0.0612594,0.0830586,0.0637468,0.0627746,0.0637468,0.0627746,25.65,25.65,0.34356,0.00818781,-0.0468663,0.00760838,-0.0460575,-0.0989583,-0.0974491,-0.0989583,-0.0974491,0.394106,0.0141481,-0.0990888
1717,7,18,5,2.4e+22,0.0820891,0.00801622,3.9112,1.397,5.35919,160.776,27,18,0.426626,0.0804606,0.120529,0.0743675,0.118092,0.109111,0.107134,0.109111,0.107134,25.65,25.65,0.338178,0.00723801,-0.0193846,0.00668989,-0.0189926,-0.0520286,-0.0510862,-0.0520286,-0.0510862,0.384372,0.012385,-0.0354506
1718,7,18,6,2.4e+22,0.0820891,0.010249,3.2003,1.379,6.11615,183.485,27,18,0.439498,0.0977522,0.160042,0.089631,0.155874,0.159667,0.155885,0.159667,0.155885,25.65,25.65,0.346424,-0.000919367,0.0104917,-0.000842986,0.0102184,-0.0325161,-0.0317458,-0.0325161,-0.0317458,0.388957,-0.00154931,-0.0335101
1719,7,18,7,2.4e+22,0.0820891,0.0131037,2.6426,1.351,7.23485,217.046,27,18,0.448907,0.124296,0.201408,0.113638,0.193592,0.214807,0.207073,0.214807,0.207073,25.65,25.65,0.344333,0.00459714,0.0307085,0.00420292,0.0295168,-0.00297561,-0.00286847,-0.00297561,-0.00286847,0.382152,0.00738425,0.00985703
1720,7,18,8,2.4e+22,0.0820891,0.0167535,2.2206,1.312,8.73823,262.147,27,18,0.467464,0.144124,0.22449,0.129635,0.212028,0.245621,0.232862,0.245621,0.232862,25.65,25.65,0.358763,0.0199586,0.0265032,0.0179521,0.025032,-0.0278229,-0.0263777,-0.0278229,-0.0263777,0.390646,0.0309568,-0.0191981
1721,7,18,9,2.4e+22,0.0820891,0.02142,1.883,1.261,10.7768,323.303,32.3303,24,0.487611,0.181102,0.311576,0.159214,0.2861,0.322453,0.29732,0.322453,0.29732,30.7138,30.7138,0.372106,0.024467,-0.0095667,0.0215099,-0.00878449,-0.066127,-0.0609728,-0.066127,-0.0609728,0.395883,0.0353445,-0.00981005
1722,7,18,10,2.4e+22,0.0820891,0.0273861,1.6191,1.204,13.3713,401.14,40.114,24,0.509023,0.224546,0.3547,0.189456,0.3092,0.382802,0.33806,0.382802,0.33806,38.1083,38.1083,0.369244,0.00984116,0.0409694,0.00830327,0.035714,0.157398,0.139002,0.157398,0.139002,0.383511,0.0130159,0.0424979
1723,7,18,11,2.4e+22,0.0820891,0.0350141,1.3966,1.146,16.8347,505.041,50.5041,30,0.529457,0.279877,0.430344,0.218174,0.344433,0.422994,0.348645,0.422994,0.348645,47.9789,47.9789,0.392437,0.0182592,0.059786,0.0142337,0.0478507,-0.2183,-0.17993,-0.2183,-0.17993,0.39955,0.0219688,0.0604974
1724,7,18,12,2.4e+22,0.0820891,0.0447667,1.2192,1.099,21.0925,632.774,63.2774,36,0.543926,0.347535,0.497555,0.233966,0.342802,0.435833,0.325631,0.435833,0.325631,60.1135,60.1135,0.426968,0.129153,-0.162273,0.0869474,-0.111802,0.0729504,0.0545046,0.0729504,0.0545046,0.429881,0.144379,-0.163145
1725,7,18,13,2.4e+22,0.0820891,0.0572357,1.0666,1.064,26.6054,798.163,79.8163,42,0.55311,0.456747,0.663696,0.226135,0.337231,0.515094,0.33015,0.515094,0.33015,75.8255,75.8255,0.444263,-0.0924492,-0.211005,-0.0457715,-0.107214,-0.305124,-0.19557,-0.305124,-0.19557,0.445138,-0.0985743,-0.211593
1731,7,19,1,2.4e+22,0.121819,0.003,19.6447,1.576,7.64073,229.221,27,18,0.371288,0.071594,0.130417,0.0685519,0.127292,0.141923,0.13866,0.141923,0.13866,25.65,25.65,0.288847,0.00391872,0.0234284,0.00375221,0.022867,0.0468632,0.0457857,0.0468632,0.0457857,0.352402,0.00676152,0.0364163
1732,7,19,2,2.4e+22,0.121819,0.0038356,13.4028,1.582,6.98312,209.494,27,18,0.384837,0.0763381,0.133985,0.0727081,0.130974,0.142669,0.139621,0.142669,0.139621,25.65,25.65,0.303206,0.00535611,0.0360124,0.00510142,0.0352032,0.0432569,0.0423328,0.0432569,0.0423328,0.364079,0.00919693,0.053933
1733,7,19,3,2.4e+22,0.121819,0.00490394,9.6966,1.582,6.61573,198.472,27,18,0.393864,0.0774144,0.133417,0.0733755,0.13085,0.139412,0.136882,0.139412,0.136882,25.65,25.65,0.307121,0.00196126,0.0165034,0.00185894,0.0161859,0.0193487,0.0189975,0.0193487,0.0189975,0.364622,0.00337053,0.0330317
1734,7,19,4,2.4e+22,0.121819,0.00626986,7.1765,1.574,6.53073,195.922,27,18,0.399312,0.0832243,0.142214,0.0786558,0.139429,0.148784,0.146045,0.148784,0.146045,25.65,25.65,0.309106,0.00202044,0.0169731,0.00190953,0.0166407,0.00279932,0.00274779,0.00279932,0.00274779,0.363896,0.00344148,0.0139903
1735,7,19,5,2.4e+22,0.121819,0.00801622,5.5342,1.559,6.75412,202.623,27,18,0.404306,0.0935551,0.158735,0.0882603,0.155212,0.168915,0.165386,0.168915,0.165386,25.65,25.65,0.310172,0.00301631,0.0248946,0.0028456,0.0243421,0.0135691,0.0132857,0.0135691,0.0132857,0.362337,0.00505302,0.0242771
1736,7,19,6,2.4e+22,0.121819,0.010249,4.3598,1.533,7.31708,219.513,27,18,0.410348,0.10844,0.180328,0.102163,0.175418,0.196036,0.19099,0.196036,0.19099,25.65,25.65,0.312946,0.00780459,0.0441402,0.0073528,0.0429383,0.0493973,0.048126,0.0493973,0.048126,0.362082,0.012708,0.0595682
1737,7,19,7,2.4e+22,0.121819,0.0131037,3.5312,1.495,8.23531,247.06,27,18,0.423944,0.121548,0.198579,0.113802,0.191997,0.219028,0.212143,0.219028,0.212143,25.65,25.65,0.316555,0.0134932,0.0558931,0.0126332,0.0540405,0.0767927,0.074379,0.0767927,0.074379,0.360603,0.0214727,0.0888735
1738,7,19,8,2.4e+22,0.121819,0.0167535,2.908,1.441,9.59596,287.878,28.7879,18,0.442307,0.145892,0.226192,0.1354,0.21571,0.259845,0.248544,0.259845,0.248544,27.3485,27.3485,0.327794,0.0247528,0.0721709,0.0229727,0.0688266,0.0307615,0.0294236,0.0307615,0.0294236,0.365066,0.0374724,0.0442218
1739,7,19,9,2.4e+22,0.121819,0.02142,2.4321,1.371,11.4837,344.51,34.451,24,0.464911,0.178312,0.300108,0.163001,0.281048,0.317317,0.297974,0.317317,0.297974,32.7284,32.7284,0.338553,0.0259655,0.115541,0.023736,0.108203,0.0897394,0.0842691,0.0897394,0.0842691,0.366939,0.0368483,0.118805
1740,7,19,10,2.4e+22,0.121819,0.0273861,2.0557,1.29,14.0569,421.708,42.1708,24,0.491995,0.222122,0.340742,0.197429,0.307859,0.379485,0.345573,0.379485,0.345573,40.0622,40.0622,0.360359,0.0253268,0.0645567,0.0225112,0.0583268,-0.0711197,-0.0647642,-0.0711197,-0.0647642,0.378963,0.0330337,-0.00177707
1741,7,19,11,2.4e+22,0.121819,0.0350141,1.765,1.211,17.3237,519.71,51.971,30,0.516505,0.269065,0.40626,0.227678,0.347858,0.408718,0.355541,0.408718,0.355541,49.3724,49.3724,0.382263,0.0206198,-0.0624547,0.0174481,-0.0534765,-0.261409,-0.227398,-0.261409,-0.227398,0.392434,0.0247613,-0.0632451
1742,7,19,12,2.4e+22,0.121819,0.0447667,1.5192,1.142,21.7212,651.636,65.1636,36,0.536902,0.326358,0.447306,0.25156,0.346575,0.413164,0.333694,0.413164,0.333694,61.9054,61.9054,0.413878,0.0115871,0.0480764,0.00893146,0.0372498,-0.129389,-0.104502,-0.129389,-0.104502,0.418222,0.0129181,0.0483912
1743,7,19,13,2.4e+22,0.121819,0.0572357,1.3211,1.093,27.239,817.17,81.717,42,0.549959,0.396594,0.503957,0.25703,0.326527,0.414828,0.299284,0.414828,0.299284,77.6311,77.6311,0.438895,-0.0283689,-0.0662865,-0.0183857,-0.0429488,0.0479845,0.0346191,0.0479845,0.0346191,0.440448,-0.0302097,-0.066512
1744,7,19,14,2.4e+22,0.121819,0.0731778,1.1495,1.059,34.5342,1036.02,103.602,54,0.556603,0.508031,0.702634,0.223407,0.311315,0.482603,0.293293,0.482603,0.293293,98.4223,98.4223,0.467867,0.0749184,0.442323,0.0329454,0.195979,0.0217862,0.0132402,0.0217862,0.0132402,0.468319,0.077865,0.442514
1750,7,20,1,2.4e+22,0.180777,0.003,33.8852,1.709,12.6839,380.517,38.0517,18,0.365192,0.0983196,0.188407,0.0947518,0.179742,0.239973,0.229599,0.239398,0.229074,36,36.1491,0.776741,1.07065,3.36116,1.0318,3.20657,3.18527,3.04756,3.17592,3.03896,0.952158,1.76195,3.33762
1751,7,20,2,2.4e+22,0.180777,0.0038356,22.4851,1.737,11.4589,343.767,34.3767,18,0.375861,0.104166,0.192282,0.100074,0.184385,0.236757,0.227568,0.236757,0.227568,32.6578,32.6578,1.72999,3.22741,2.03921,3.10062,1.95546,1.87549,1.80269,1.87549,1.80269,2.09559,5.27768,1.98916
1752,7,20,3,2.4e+22,0.180777,0.00490394,16.3448,1.751,10.5546,316.638,31.6638,18,0.379229,0.106044,0.190891,0.101729,0.18401,0.228529,0.220695,0.228529,0.220695,30.0807,30.0807,4.67836,9.98479,0.356822,9.57851,0.343961,0.303446,0.293045,0.303446,0.293045,5.63754,16.2788,0.332994
1753,7,20,4,2.4e+22,0.180777,0.00626986,11.3983,1.755,9.75992,292.798,29.2798,18,0.381058,0.108244,0.189612,0.10373,0.183506,0.221264,0.214463,0.221264,0.214463,27.8158,27.8158,0.282498,0.00231753,0.00843913,0.00222087,0.00816738,-0.000522144,-0.000506096,-0.000522144,-0.000506096,0.338682,0.00375297,0.00136721
1754,7,20,5,2.4e+22,0.180777,0.00801622,8.2205,1.744,9.40377,282.113,28.2113,18,0.383753,0.110069,0.187658,0.105326,0.18223,0.214476,0.208521,0.214476,0.208521,26.8007,26.8007,0.285814,0.0186404,0.059502,0.0178373,0.0577807,0.0386514,0.0375782,0.0386514,0.0375782,0.34066,0.0299915,0.0446883
1755,7,20,6,2.4e+22,0.180777,0.010249,6.21,1.715,9.52392,285.717,28.5718,18,0.389886,0.11825,0.195522,0.112938,0.189574,0.224075,0.217566,0.224075,0.217566,27.1432,27.1432,0.284054,0.0123922,0.0454675,0.0118355,0.0440844,0.0805298,0.0781908,0.0805298,0.0781908,0.334934,0.0195541,0.0661287
1756,7,20,7,2.4e+22,0.180777,0.0131037,4.865,1.667,10.1053,303.161,30.316,18,0.401293,0.133994,0.215665,0.12757,0.208117,0.256392,0.247924,0.256392,0.247924,28.8002,28.8002,0.294155,0.0191025,0.061908,0.0181867,0.0597414,0.0303263,0.0293247,0.0303263,0.0293247,0.341113,0.0291922,0.0448845
1757,7,20,8,2.4e+22,0.180777,0.0167535,3.9044,1.597,11.1924,335.772,33.5772,18,0.418911,0.154243,0.236779,0.145952,0.226577,0.293169,0.281454,0.293169,0.281454,31.8983,31.8983,4.72572,11.9938,0.366205,11.3492,0.350426,0.395558,0.379751,0.395558,0.379751,5.35453,17.5747,0.376709
1758,7,20,9,2.4e+22,0.180777,0.02142,3.2148,1.509,12.8054,384.163,38.4163,24,0.442681,0.181804,0.304764,0.170255,0.288348,0.336794,0.319402,0.336794,0.319402,36.4955,36.4955,1.90264,4.815,2.02312,4.50913,1.91414,1.87434,1.77755,1.87434,1.77755,2.09498,6.67487,2.08892
1759,7,20,10,2.4e+22,0.180777,0.0273861,2.6722,1.403,15.1679,455.036,45.5037,24,0.471857,0.218861,0.329398,0.201171,0.304448,0.376086,0.349515,0.376086,0.349515,43.2285,43.2285,1.03426,2.5353,1.44791,2.33038,1.33824,1.21655,1.1306,1.21655,1.1306,1.10258,3.27312,1.3731
1760,7,20,11,2.4e+22,0.180777,0.0350141,2.2542,1.296,18.3636,550.907,55.0907,30,0.502775,0.266736,0.390911,0.23726,0.347996,0.399755,0.359189,0.399755,0.359189,52.3362,52.3362,0.697114,1.60567,1.00321,1.42823,0.893072,1.03374,0.928836,1.03374,0.928836,0.721575,1.91208,1.01835
1761,7,20,12,2.4e+22,0.180777,0.0447667,1.9163,1.202,22.6986,680.957,68.0957,36,0.528603,0.322474,0.431437,0.270098,0.359379,0.414992,0.353483,0.414992,0.353483,64.6909,64.6909,0.897038,3.36961,1.32295,2.82232,1.102,0.826854,0.704299,0.826854,0.704299,0.910537,3.74849,1.3335
1762,7,20,13,2.4e+22,0.180777,0.0572357,1.6546,1.134,28.1033,843.098,84.3098,48,0.545295,0.375787,0.470435,0.283575,0.351735,0.403655,0.317487,0.403655,0.317487,80.0943,80.0943,0.44038,0.128456,0.0587855,0.096935,0.0439528,0.370492,0.291403,0.370492,0.291403,0.442927,0.136923,0.0588163
1763,7,20,14,2.4e+22,0.180777,0.0731778,1.4336,1.086,35.2137,1056.41,105.641,54,0.553829,0.426491,0.500609,0.262518,0.302374,0.381661,0.265454,0.381661,0.265454,100.359,100.359,0.466487,0.203874,0.157102,0.125491,0.0948912,0.46954,0.326577,0.46954,0.326577,0.46738,0.211864,0.157189
1764,7,20,15,2.4e+22,0.180777,0.0935603,1.2492,1.054,44.3012,1329.04,132.904,72,0.5584,0.530436,0.678889,0.206778,0.264799,0.389041,0.225788,0.389041,0.225788,126.258,126.258,0.478298,-0.239137,-0.644104,-0.0932216,-0.251231,-1.19094,-0.691187,-1.19094,-0.691187,0.478553,-0.245406,-0.644108
1769,7,21,1,2.4e+22,0.26827,0.003,55.2385,1.784,20.2361,607.083,60.7083,18,0.367326,0.118526,0.219221,0.11456,0.201624,0.293107,0.269687,0.267794,0.247225,36,54,0.595265,0.665342,1.18061,0.643083,1.08584,1.08494,0.998247,1.16899,1.0792,0.724419,1.04518,1.13391
1770,7,21,2,2.4e+22,0.26827,0.0038356,39.1393,1.825,18.987,569.61,56.961,18,0.376675,0.127593,0.227621,0.123074,0.209669,0.304366,0.281851,0.280538,0.260745,36,54,0.663991,0.817765,0.51396,0.7888,0.473426,0.426046,0.394529,0.308304,0.286551,0.799203,1.26894,0.499624
1771,7,21,3,2.4e+22,0.26827,0.00490394,28.1023,1.86,17.5427,526.282,52.6282,18,0.379092,0.132628,0.230833,0.127848,0.214505,0.309504,0.289363,0.293334,0.274993,36,49.9968,0.795605,1.11617,1.60238,1.07594,1.48904,1.50716,1.40908,1.44024,1.35018,0.952716,1.7169,1.55505
1772,7,21,4,2.4e+22,0.26827,0.00626986,19.6227,1.888,15.9492,478.477,47.8477,18,0.378328,0.136312,0.233005,0.131402,0.219164,0.313632,0.296379,0.305449,0.289117,36,45.4553,1.32661,2.24919,0.903845,2.16817,0.850154,0.74367,0.702763,0.687674,0.650906,1.58415,3.433,0.850848
1773,7,21,5,2.4e+22,0.26827,0.00801622,13.3112,1.899,14.4891,434.673,43.4673,18,0.377599,0.139594,0.233537,0.134563,0.222195,0.313603,0.29944,0.310232,0.296451,36,41.294,0.588004,0.682952,2.79377,0.658342,2.65809,2.51332,2.39982,2.45615,2.34705,0.699649,1.03247,2.69839
1774,7,21,6,2.4e+22,0.26827,0.010249,9.6556,1.883,13.7129,411.388,41.1388,18,0.379972,0.144514,0.235079,0.139205,0.224637,0.314914,0.301946,0.313428,0.30065,36,39.0818,0.645051,0.82122,1.78572,0.791051,1.7064,1.58369,1.51848,1.56011,1.49651,0.761734,1.22286,1.71781
1775,7,21,7,2.4e+22,0.26827,0.0131037,7.1346,1.837,13.5518,406.553,40.6553,24,0.3885,0.154224,0.284834,0.148239,0.273128,0.320533,0.307797,0.320533,0.307797,38.6225,38.6225,0.71273,0.990149,0.764416,0.951719,0.732999,0.687209,0.659903,0.687209,0.659903,0.829835,1.43931,0.787036
1776,7,21,8,2.4e+22,0.26827,0.0167535,5.5096,1.762,14.0668,422.004,42.2004,24,0.403575,0.169678,0.295593,0.162425,0.282524,0.335793,0.321514,0.335793,0.321514,40.0904,40.0904,0.650914,0.880126,0.935946,0.842503,0.894565,0.839087,0.803406,0.839087,0.803406,0.742048,1.235,0.967371
1777,7,21,9,2.4e+22,0.26827,0.02142,4.3638,1.656,15.3,458.999,45.8999,24,0.425965,0.191983,0.30851,0.182423,0.292506,0.355337,0.337813,0.355337,0.337813,43.6049,43.6049,0.601345,0.791961,1.41957,0.752525,1.34593,1.26516,1.20277,1.26516,1.20277,0.666874,1.05983,1.47651
1778,7,21,10,2.4e+22,0.26827,0.0273861,3.5519,1.531,17.286,518.581,51.8581,24,0.455262,0.224421,0.321399,0.210576,0.299787,0.376356,0.352692,0.37371,0.35037,48,49.2652,0.566459,0.759228,2.42763,0.712388,2.26439,2.13142,1.99741,2.11314,1.98116,0.608485,0.95537,2.34659
1779,7,21,11,2.4e+22,0.26827,0.0350141,2.9482,1.402,20.145,604.351,60.4351,30,0.486729,0.26491,0.374585,0.243259,0.34102,0.386303,0.354048,0.386303,0.354048,57.4134,57.4134,1.27602,3.42868,1.93013,3.14846,1.75718,1.77219,1.62421,1.77219,1.62421,1.33117,4.04354,1.96719
1780,7,21,12,2.4e+22,0.26827,0.0447667,2.4753,1.284,24.1466,724.397,72.4397,36,0.516419,0.315123,0.411331,0.278523,0.35877,0.395524,0.349576,0.395524,0.349576,68.8177,68.8177,0.89178,2.5224,1.85659,2.22944,1.61935,1.6474,1.45602,1.6474,1.45602,0.91049,2.80753,1.87483
1781,7,21,13,2.4e+22,0.26827,0.0572357,2.1054,1.191,29.4493,883.48,88.348,48,0.53886,0.36821,0.456573,0.304535,0.370584,0.406805,0.339509,0.406805,0.339509,83.9306,83.9306,1.61672,8.68327,1.38048,7.18166,1.12049,0.811856,0.677553,0.811856,0.677553,1.63095,9.27161,1.3815
1782,7,21,14,2.4e+22,0.26827,0.0731778,1.8067,1.124,36.4109,1092.33,109.233,60,0.551198,0.412362,0.478946,0.302333,0.342383,0.39569,0.30243,0.39569,0.30243,103.771,103.771,0.446075,-0.0116492,-0.0523169,-0.00854088,-0.0373996,0.156235,0.119412,0.156235,0.119412,0.44754,-0.012122,-0.0470132
1783,7,21,15,2.4e+22,0.26827,0.0935603,1.5597,1.078,45.5147,1365.44,136.544,72,0.557556,0.456341,0.506713,0.263762,0.2826,0.363087,0.242503,0.363087,0.242503,129.717,129.717,0.478178,0.22651,0.691678,0.130921,0.385757,1.10289,0.73661,1.10289,0.73661,0.478689,0.232185,0.691685
1788,7,22,2,2.4e+22,0.398107,0.0038356,58.9916,1.877,29.633,888.991,88.8991,18,0.381234,0.142135,0.250659,0.13731,0.229589,0.328712,0.28738,0.311322,0.272853,36,54,0.692859,0.843574,0.90921,0.814936,0.832784,0.701595,0.613377,0.584299,0.512099,0.828319,1.27032,0.821842
1789,7,22,3,2.4e+22,0.398107,0.00490394,49.8561,1.901,28.8122,864.365,86.4366,18,0.382914,0.146177,0.253031,0.141182,0.232015,0.332931,0.292607,0.316999,0.279279,36,54,0.575381,0.600014,0.741579,0.579513,0.679988,0.463091,0.407002,0.289556,0.255101,0.685467,0.896941,0.64084
1790,7,22,4,2.4e+22,0.398107,0.00626986,33.9003,1.949,26.5158,795.474,79.5474,18,0.382955,0.153348,0.255061,0.148158,0.234997,0.338395,0.30332,0.322918,0.290074,36,54,0.610254,0.680491,0.886178,0.65746,0.816469,0.594597,0.532965,0.431133,0.387283,0.723307,1.00154,0.778992
1791,7,22,5,2.4e+22,0.398107,0.00801622,22.2346,1.981,23.7508,712.525,71.2525,24,0.381577,0.160249,0.296269,0.154924,0.270492,0.340066,0.31209,0.305564,0.281664,48,67.6899,0.684285,0.847703,0.850092,0.819532,0.776131,0.7026,0.644801,0.576589,0.53149,0.806636,1.22517,0.887285
1792,7,22,6,2.4e+22,0.398107,0.010249,16.1061,1.984,21.8152,654.455,65.4455,24,0.382541,0.166417,0.29871,0.160886,0.276886,0.347933,0.323762,0.326997,0.305105,48,62.1732,0.91479,1.32566,0.899066,1.28161,0.833379,0.758025,0.705364,0.740845,0.691247,1.07096,1.88359,0.938493
1793,7,22,7,2.4e+22,0.398107,0.0131037,11.1798,1.955,20.1727,605.182,60.5182,24,0.388032,0.175411,0.30003,0.16939,0.281349,0.352017,0.331138,0.33994,0.320279,48,57.4923,0.635597,0.771656,1.04617,0.74517,0.981028,0.846096,0.795912,0.79499,0.74901,0.73426,1.06826,1.09315
1794,7,22,8,2.4e+22,0.398107,0.0167535,8.1891,1.889,19.5352,586.057,58.6057,24,0.39997,0.188964,0.30418,0.181986,0.286328,0.359353,0.339314,0.349889,0.330781,48,55.6754,0.683384,0.899789,1.12226,0.866564,1.0564,0.999079,0.943366,0.991677,0.937521,0.775,1.20646,1.07543
1795,7,22,9,2.4e+22,0.398107,0.02142,6.1994,1.784,19.873,596.189,59.6189,24,0.419265,0.208871,0.311403,0.200114,0.292429,0.37345,0.351953,0.363258,0.34282,48,56.6379,0.690213,0.955602,1.41855,0.915536,1.33212,1.30938,1.23401,1.25307,1.18257,0.763815,1.22966,1.38293
1796,7,22,10,2.4e+22,0.398107,0.0273861,4.885,1.655,21.1753,635.258,63.5258,30,0.444552,0.234969,0.359057,0.223154,0.335221,0.375668,0.352044,0.37512,0.351562,60,60.3495,0.649447,0.906525,0.811994,0.860942,0.758088,0.74875,0.701666,0.749411,0.702347,0.699521,1.11269,0.826818
1797,7,22,11,2.4e+22,0.398107,0.0350141,3.949,1.513,23.5071,705.212,70.5212,30,0.474724,0.270076,0.36465,0.252708,0.334396,0.390134,0.359401,0.379382,0.350171,60,66.9952,0.605123,0.84716,1.04717,0.79268,0.960291,0.941226,0.867081,0.947848,0.874865,0.634613,0.987693,1.01641
1798,7,22,12,2.4e+22,0.398107,0.0447667,3.2606,1.379,26.9862,809.585,80.9585,36,0.50464,0.312379,0.393951,0.285097,0.351312,0.386494,0.347328,0.376371,0.339041,72,76.9105,0.60593,0.924073,0.91289,0.843367,0.814084,0.61644,0.553972,0.586326,0.528171,0.622128,1.02764,0.890776
1799,7,22,13,2.4e+22,0.398107,0.0572357,2.726,1.263,31.9378,958.135,95.8135,48,0.529844,0.359478,0.436348,0.314134,0.370673,0.384122,0.332239,0.384122,0.332239,91.0229,91.0229,0.710427,1.64632,1.29548,1.43866,1.1005,1.10173,0.952924,1.10173,0.952924,0.719341,1.76276,1.29746
1800,7,22,14,2.4e+22,0.398107,0.0731778,2.3015,1.173,38.7547,1162.64,116.264,60,0.546914,0.403155,0.461688,0.32601,0.360117,0.386967,0.313958,0.386967,0.313958,110.451,110.451,0.66081,1.83564,2.47522,1.48438,1.93067,2.20944,1.79258,2.20944,1.79258,0.664153,1.91365,2.47556
1801,7,22,15,2.4e+22,0.398107,0.0935603,1.9692,1.112,47.58,1427.4,142.74,72,0.556044,0.443649,0.487869,0.312265,0.32684,0.384453,0.283026,0.384453,0.283026,135.603,135.603,0.461488,-0.0247556,-0.105257,-0.0174244,-0.070515,-0.0602172,-0.0443307,-0.0602172,-0.0443307,0.462358,-0.0254074,-0.10526
1802,7,22,16,2.4e+22,0.398107,0.11962,1.7019,1.072,58.846,1765.38,176.538,90,0.560109,0.475774,0.514084,0.254966,0.257955,0.34148,0.2179,0.34148,0.2179,167.711,167.711,0.483939,-0.103094,-0.335472,-0.0552476,-0.168332,-0.892202,-0.569317,-0.892202,-0.569317,0.484238,-0.104841,-0.335472
1806,7,23,4,2.4e+22,0.590784,0.00626986,54.9849,1.979,42.2926,1268.78,126.878,24,0.386188,0.161019,0.310878,0.155734,0.277899,0.354559,0.291429,0.310629,0.256223,48,72,0.615112,0.66907,0.84592,0.647109,0.756183,0.471786,0.387784,0.233822,0.192869,0.726925,0.970259,0.878818
1807,7,23,5,2.4e+22,0.590784,0.00801622,38.561,2.017,39.3708,1181.12,118.112,24,0.385389,0.168769,0.312113,0.163355,0.28111,0.358548,0.30303,0.316237,0.268125,48,72,0.639343,0.729996,0.940881,0.706575,0.847421,0.7063,0.596935,0.708821,0.600981,0.751471,1.03927,0.846374
1808,7,23,6,2.4e+22,0.590784,0.010249,27.3462,2.033,36.1433,1084.3,108.43,24,0.386483,0.177246,0.312438,0.171617,0.283567,0.361938,0.314889,0.321437,0.28049,48,72,0.719776,0.89992,0.76426,0.871341,0.693637,0.575571,0.500752,0.588578,0.513602,0.839264,1.25417,0.6912
1809,7,23,7,2.4e+22,0.590784,0.0131037,19.4332,2.021,32.9852,989.556,98.9556,24,0.391111,0.187996,0.314371,0.181948,0.287365,0.371324,0.331098,0.338075,0.30232,48,72,0.641461,0.746513,0.757627,0.722498,0.692543,0.50445,0.449802,0.397238,0.355227,0.739088,1.01403,0.671825
1810,7,23,8,2.4e+22,0.590784,0.0167535,13.2043,1.968,30.0297,900.891,90.0891,24,0.401957,0.203442,0.315484,0.196525,0.290293,0.377921,0.344075,0.35028,0.319803,48,72,0.672027,0.833737,0.933506,0.805391,0.858966,0.757619,0.689768,0.793393,0.724362,0.759537,1.09252,0.858754
1811,7,23,9,2.4e+22,0.590784,0.02142,9.5723,1.881,28.5283,855.849,85.5849,30,0.41754,0.221397,0.348689,0.213113,0.31943,0.371711,0.341857,0.342763,0.316463,60,81.3057,0.69221,0.901654,0.841054,0.867915,0.770481,0.740287,0.680831,0.798487,0.737221,0.765559,1.1378,0.864788
1812,7,23,10,2.4e+22,0.590784,0.0273861,7.1413,1.759,28.3549,850.647,85.0647,30,0.440218,0.246763,0.354494,0.236017,0.325051,0.384621,0.354167,0.35659,0.329591,60,80.8114,0.755209,1.08718,0.946212,1.03984,0.867624,0.786197,0.723947,0.675205,0.624082,0.814852,1.3149,0.914547
1813,7,23,11,2.4e+22,0.590784,0.0350141,5.5497,1.619,29.5639,886.918,88.6918,36,0.466978,0.277821,0.382859,0.262959,0.349173,0.38669,0.354087,0.369128,0.339008,72,84.2572,0.711163,1.05271,0.770737,0.996391,0.702924,0.562454,0.515032,0.505915,0.464634,0.749162,1.21944,0.783797
1814,7,23,12,2.4e+22,0.590784,0.0447667,4.4301,1.474,32.2214,966.643,96.6643,42,0.495472,0.314078,0.405527,0.292123,0.363396,0.384242,0.346499,0.372321,0.336645,84,91.8311,0.650198,0.98143,0.952111,0.912824,0.853195,0.932277,0.840702,0.886128,0.80122,0.670885,1.09091,0.959098
1815,7,23,13,2.4e+22,0.590784,0.0572357,3.6087,1.341,36.5457,1096.37,109.637,48,0.521218,0.35314,0.419921,0.318802,0.363877,0.377991,0.331064,0.364143,0.320221,96,104.155,0.628281,1.01019,1.3007,0.911964,1.1271,0.922046,0.807576,0.868593,0.763826,0.638549,1.08394,1.30638
1816,7,23,14,2.4e+22,0.590784,0.0731778,3.0111,1.237,42.5473,1276.42,127.642,60,0.540092,0.389978,0.436688,0.335328,0.358066,0.354085,0.297855,0.35153,0.296021,120,121.26,0.61289,1.15231,1.32742,0.990831,1.08843,1.32575,1.11522,1.314,1.10651,0.61753,1.20565,1.32807
1817,7,23,15,2.4e+22,0.590784,0.0935603,2.5333,1.157,50.9917,1529.75,152.975,72,0.553485,0.431055,0.464771,0.339572,0.345137,0.367494,0.288106,0.363523,0.285637,144,145.326,0.607483,1.40565,1.31954,1.10733,0.979886,0.884713,0.693594,0.870612,0.684082,0.609326,1.44536,1.31967
1818,7,23,16,2.4e+22,0.590784,0.11962,2.1635,1.102,61.9224,1857.67,185.767,90,0.559847,0.462469,0.495346,0.311465,0.3087,0.369419,0.261512,0.369419,0.261512,176.479,176.479,0.481799,0.167377,0.381967,0.112726,0.238042,0.728663,0.515822,0.728663,0.515822,0.482333,0.170307,0.381968
1819,7,23,17,2.4e+22,0.590784,0.152938,1.8561,1.064,76.566,2296.98,229.698,108,0.562149,0.489888,0.530804,0.236719,0.227295,0.330894,0.197914,0.323462,0.195351,216,218.213,0.494253,0.0574678,0.297651,0.027769,0.127457,0.00960714,0.00574621,0.0302508,0.0182696,0.494427,0.0581429,0.297651
1822,7,24,5,2.4e+22,0.876712,0.00801622,58.6746,2.042,61.5763,1847.29,184.729,24,0.388594,0.175274,0.323274,0.169776,0.291686,0.372587,0.293487,0.34468,0.256886,48,72,0.673541,0.781081,0.870683,0.756579,0.785605,0.606247,0.47754,0.408367,0.304351,0.789636,1.09991,0.894081
1823,7,24,6,2.4e+22,0.876712,0.010249,48.9036,2.054,59.6079,1788.24,178.824,24,0.388956,0.179953,0.323949,0.174358,0.293431,0.374762,0.29796,0.349024,0.265737,48,72,0.702644,0.847411,0.946754,0.82106,0.857565,0.723257,0.575034,0.639873,0.48718,0.82006,1.17865,0.962121
1824,7,24,7,2.4e+22,0.876712,0.0131037,33.1417,2.053,54.6757,1640.27,164.027,24,0.393526,0.192442,0.325613,0.186435,0.297202,0.37758,0.307184,0.35374,0.282763,48,72,0.653237,0.750532,0.958336,0.727104,0.874719,0.690821,0.562023,0.613948,0.490761,0.752109,1.01223,0.916363
1825,7,24,8,2.4e+22,0.876712,0.0167535,22.4866,2.012,49.4429,1483.29,148.329,24,0.40394,0.209232,0.329499,0.202422,0.302603,0.384421,0.32126,0.365622,0.305698,48,72,0.677419,0.817643,0.99533,0.791033,0.914084,0.713353,0.596148,0.64755,0.54142,0.7655,1.06351,0.931282
1826,7,24,9,2.4e+22,0.876712,0.02142,15.9556,1.941,45.2782,1358.35,135.835,30,0.418337,0.228424,0.36089,0.22041,0.325098,0.389916,0.336161,0.351376,0.303954,60,90,0.711596,0.897764,0.956203,0.866266,0.86137,0.715876,0.617182,0.510612,0.441699,0.788003,1.12605,0.982691
1827,7,24,10,2.4e+22,0.876712,0.0273861,11.1685,1.827,42.136,1264.08,126.408,30,0.43934,0.253669,0.362209,0.243529,0.327838,0.394418,0.3474,0.357905,0.316274,60,90,0.770973,1.07313,0.933005,1.03023,0.844467,0.700934,0.617378,0.709774,0.627213,0.833231,1.28989,0.864827
1828,7,24,11,2.4e+22,0.876712,0.0350141,8.2154,1.695,41.0341,1231.02,123.102,36,0.463882,0.283189,0.380114,0.269684,0.339143,0.39244,0.348276,0.343472,0.306791,72,108,0.660799,0.857603,0.739136,0.816705,0.659467,0.455159,0.403937,0.249219,0.222603,0.697972,0.989467,0.75808
1829,7,24,12,2.4e+22,0.876712,0.0447667,6.2638,1.552,41.9423,1258.27,125.827,42,0.490226,0.317065,0.399738,0.298007,0.351219,0.398356,0.352122,0.352485,0.314354,84,119.536,0.638427,0.876678,0.68986,0.823983,0.606127,0.59973,0.530125,0.742035,0.661763,0.660953,0.973509,0.70265
1830,7,24,13,2.4e+22,0.876712,0.0572357,4.9762,1.42,44.7673,1343.02,134.302,48,0.513887,0.35033,0.413927,0.322634,0.357421,0.39965,0.347383,0.359413,0.315644,96,127.587,0.605764,0.846478,0.692811,0.779557,0.598234,0.631873,0.549235,0.747702,0.656647,0.617956,0.910722,0.664674
1831,7,24,14,2.4e+22,0.876712,0.0731778,4.0471,1.305,49.6637,1489.91,148.991,60,0.533993,0.382892,0.429578,0.341115,0.358171,0.374343,0.316023,0.342729,0.292489,120,141.542,0.583861,0.820992,0.804895,0.731413,0.6711,0.438674,0.370332,0.384869,0.328451,0.589814,0.861642,0.807299
1832,7,24,15,2.4e+22,0.876712,0.0935603,3.3315,1.209,57.2294,1716.88,171.688,72,0.548934,0.415853,0.438872,0.349665,0.342385,0.349836,0.280102,0.318579,0.258964,144,163.104,0.583787,0.952063,0.954282,0.800531,0.744482,0.481919,0.385856,0.373226,0.303385,0.586393,0.981183,0.955007
1833,7,24,16,2.4e+22,0.876712,0.11962,2.7942,1.139,67.5892,2027.68,202.768,90,0.55803,0.445889,0.459182,0.339371,0.319003,0.336989,0.249766,0.312011,0.235231,180,192.629,0.567285,1.05931,0.679271,0.806253,0.471903,0.358826,0.265951,0.287497,0.216749,0.568291,1.07921,0.679292
1834,7,24,17,2.4e+22,0.876712,0.152938,2.3721,1.091,81.4553,2443.66,244.366,108,0.562465,0.470721,0.487702,0.29786,0.272609,0.349044,0.226342,0.313086,0.21061,216,232.148,0.481177,-0.053889,-0.191422,-0.0340995,-0.106999,-0.0343272,-0.0222599,-0.108449,-0.0729526,0.481482,-0.0545233,-0.191423
1835,7,24,18,2.4e+22,0.876712,0.195537,2.0274,1.057,100.011,3000.34,300.034,132,0.564204,0.504719,0.55344,0.21249,0.188425,0.349116,0.181682,0.295873,0.167438,264,285.032,0.507033,0.392034,0.034395,0.165049,0.0117102,0.417392,0.217213,0.214877,0.121601,0.507133,0.395345,0.034395
1837,7,25,7,2.4e+22,1.30103,0.0131037,57.6196,2.073,88.3898,2651.7,265.17,24,0.394806,0.19261,0.330704,0.186708,0.301764,0.38608,0.30967,0.367992,0.255322,48,72,0.666112,0.763504,0.949273,0.740108,0.866201,0.852806,0.684025,0.690995,0.479429,0.768971,1.03262,1.02778
1838,7,25,8,2.4e+22,1.30103,0.0167535,37.6234,2.035,81.2325,2436.98,243.698,24,0.405806,0.211258,0.33395,0.204534,0.306915,0.390095,0.319294,0.375347,0.270973,48,72,0.681681,0.799173,0.960644,0.773733,0.882873,0.73613,0.602525,0.453947,0.327716,0.77036,1.03608,0.972004
1839,7,25,9,2.4e+22,1.30103,0.02142,26.8125,1.97,74.7743,2243.23,224.323,30,0.419884,0.230205,0.366302,0.222365,0.329762,0.392225,0.307584,0.357135,0.266774,60,90,0.717179,0.89855,0.991269,0.867948,0.892387,0.708478,0.555591,0.612756,0.457719,0.794279,1.12282,1.01623
1840,7,25,10,2.4e+22,1.30103,0.0273861,19.3912,1.881,68.7776,2063.33,206.333,30,0.437046,0.252311,0.371349,0.242839,0.335814,0.401897,0.322364,0.376177,0.295727,60,90,0.676111,0.827854,0.956852,0.796775,0.865289,0.656823,0.526841,0.571165,0.449014,0.733597,0.997486,0.929029
1841,7,25,11,2.4e+22,1.30103,0.0350141,13.258,1.749,63.0239,1890.72,189.072,36,0.461886,0.283585,0.390749,0.27104,0.347915,0.40562,0.332529,0.365867,0.300962,72,108,0.68132,0.882201,0.926676,0.843176,0.825095,0.571998,0.468926,0.457347,0.376213,0.721557,1.01776,0.828226
1842,7,25,12,2.4e+22,1.30103,0.0447667,9.7661,1.623,60.2668,1808,180.801,42,0.484509,0.312456,0.402588,0.295798,0.351544,0.39959,0.333989,0.346784,0.291582,84,126,0.675691,0.917657,0.81952,0.868735,0.715613,0.586931,0.490574,0.60396,0.50782,0.702418,1.02227,0.832594
1843,7,25,13,2.4e+22,1.30103,0.0572357,7.3395,1.491,60.0555,1801.67,180.167,48,0.508401,0.346189,0.414709,0.322735,0.354826,0.404735,0.33914,0.345525,0.292367,96,144,0.678734,1.00045,0.755291,0.932674,0.646229,0.576336,0.482929,0.406331,0.343819,0.694804,1.07988,0.711579
1844,7,25,14,2.4e+22,1.30103,0.0731778,5.6666,1.366,62.8051,1884.15,188.415,60,0.529065,0.378826,0.427105,0.344389,0.350589,0.397823,0.328417,0.326418,0.275343,120,178.995,0.65444,1.02556,0.754659,0.932331,0.619463,0.43876,0.362212,0.133996,0.11303,0.662623,1.07884,0.762662
1845,7,25,15,2.4e+22,1.30103,0.0935603,4.5549,1.265,68.3491,2050.47,205.047,72,0.544683,0.40732,0.435722,0.356221,0.342924,0.382037,0.304764,0.31803,0.260452,144,194.795,0.624949,1.04048,0.54743,0.909953,0.430841,0.143193,0.11423,-0.091143,-0.0746419,0.628769,1.07512,0.550614
1846,7,25,16,2.4e+22,1.30103,0.11962,3.7232,1.184,77.3057,2319.17,231.917,90,0.555624,0.432999,0.441082,0.354482,0.321683,0.341797,0.25715,0.284989,0.221642,180,220.321,0.553801,0.737131,0.552236,0.603465,0.402748,-0.039706,-0.0298727,-0.204928,-0.159377,0.555265,0.752295,0.552632
1847,7,25,17,2.4e+22,1.30103,0.152938,3.0901,1.122,90.3061,2709.18,270.918,114,0.561801,0.452933,0.442306,0.329649,0.279838,0.284768,0.195731,0.240802,0.172313,228,257.372,0.549637,0.86013,0.432049,0.626011,0.273348,-0.253812,-0.174454,-0.266344,-0.190591,0.550197,0.870966,0.432052
1848,7,25,18,2.4e+22,1.30103,0.195537,2.6095,1.08,107.65,3229.49,322.949,132,0.564617,0.474551,0.475473,0.277427,0.228064,0.306185,0.175654,0.227889,0.144118,264,306.802,0.496604,0.232774,0.814634,0.136082,0.390745,1.30394,0.748049,1.56871,0.992065,0.496784,0.23467,0.814637
1849,7,25,19,2.4e+22,1.30103,0.25,2.2276,1.052,130.531,3915.93,391.593,150,0.566372,0.518835,0.5804,0.184259,0.137231,0.403181,0.156882,0.251099,0.1323,300,372.013,0.506051,-0.27348,-0.842143,-0.0971241,-0.199119,-2.22118,-0.864282,-1.86616,-0.983246,0.50611,-0.275253,-0.842145
1850,7,26,8,2.4e+22,1.9307,0.0167535,58.2099,2.043,127.615,3828.44,382.844,24,0.408752,0.213556,0.336099,0.206808,0.309359,0.39468,0.323918,0.383603,0.272538,48,72,0.709901,0.855471,1.01197,0.828439,0.931457,0.985731,0.808998,0.784691,0.557498,0.800771,1.1032,1.00741
1851,7,26,9,2.4e+22,1.9307,0.02142,48.0263,2.006,123.412,3702.37,370.237,30,0.416939,0.224601,0.367173,0.217232,0.330415,0.396146,0.306447,0.364743,0.233731,60,90,0.723086,0.888798,0.897921,0.859638,0.808029,0.808328,0.625299,0.643008,0.412046,0.805658,1.12051,0.919174
1852,7,26,10,2.4e+22,1.9307,0.0273861,32.9197,1.906,113.819,3414.56,341.456,30,0.437359,0.250605,0.371741,0.241454,0.336498,0.402509,0.31809,0.375995,0.251662,60,90,0.693739,0.847404,0.913868,0.816462,0.827231,0.810281,0.640339,0.642215,0.42985,0.753854,1.02147,0.941412
1853,7,26,11,2.4e+22,1.9307,0.0350141,22.2703,1.778,103.332,3099.95,309.995,36,0.461761,0.281413,0.392584,0.269428,0.349881,0.407825,0.310976,0.372426,0.250925,72,108,0.697988,0.902835,1.06658,0.864383,0.950567,0.759707,0.579294,0.600018,0.404267,0.740148,1.0413,1.05984
1854,7,26,12,2.4e+22,1.9307,0.0447667,16.1883,1.664,95.6489,2869.47,286.947,42,0.483111,0.309797,0.408883,0.294303,0.357215,0.411745,0.305376,0.369003,0.266448,84,126,0.692758,0.932177,1.016,0.885554,0.887619,0.659358,0.489021,0.572127,0.413118,0.721809,1.04016,0.954847
1855,7,26,13,2.4e+22,1.9307,0.0572357,11.5201,1.535,89.6546,2689.64,268.964,48,0.506177,0.34188,0.418246,0.32063,0.358412,0.408801,0.308296,0.353211,0.267783,96,144,0.700779,1.01902,0.928517,0.955686,0.795684,0.600139,0.452593,0.548184,0.4156,0.718776,1.10143,0.854995
1856,7,26,14,2.4e+22,1.9307,0.0731778,8.4465,1.413,87.4714,2624.14,262.414,60,0.526269,0.372955,0.427541,0.342937,0.350987,0.395609,0.303636,0.319311,0.248047,120,180,0.633155,0.877699,0.716004,0.807056,0.587799,0.447647,0.343576,0.0558414,0.0433786,0.642195,0.924904,0.721755
1857,7,26,15,2.4e+22,1.9307,0.0935603,6.5143,1.312,89.3213,2679.64,267.964,72,0.541857,0.401671,0.437668,0.358867,0.342911,0.397528,0.302091,0.315018,0.245122,144,216,0.614102,0.931298,0.723512,0.832053,0.566868,0.547727,0.416231,0.676618,0.526492,0.618706,0.96415,0.728174
1858,7,26,16,2.4e+22,1.9307,0.11962,5.129,1.225,95.438,2863.14,286.314,90,0.553811,0.427523,0.44232,0.364222,0.320735,0.379096,0.27756,0.27643,0.213287,180,270,0.580651,0.875751,0.528062,0.746084,0.382909,0.424981,0.311155,0.490244,0.378262,0.582669,0.89501,0.53077
1859,7,26,17,2.4e+22,1.9307,0.152938,4.1672,1.158,105.785,3173.56,317.356,108,0.560934,0.443997,0.437457,0.350374,0.28751,0.331528,0.225483,0.228626,0.167434,216,301.488,0.5656,0.908183,0.405196,0.716679,0.266307,0.349221,0.237517,0.229573,0.168127,0.566448,0.920611,0.387834
1860,7,26,18,2.4e+22,1.9307,0.195537,3.4478,1.108,121.142,3634.25,363.425,132,0.565018,0.4562,0.432956,0.314851,0.239356,0.263397,0.158065,0.16594,0.111427,264,345.253,0.530211,0.648175,0.184171,0.447344,0.101818,0.257757,0.154681,-0.0863432,-0.0579784,0.530531,0.653875,0.184249
1861,7,26,19,2.4e+22,1.9307,0.25,2.8855,1.071,142.882,4286.45,428.645,156,0.567122,0.472715,0.451233,0.250092,0.171464,0.244329,0.114298,0.11605,0.0681121,312,407.213,0.498078,-0.0931296,-0.28166,-0.0492706,-0.107028,-0.0595463,-0.0278559,-0.621814,-0.364955,0.498182,-0.0936756,-0.281687
1862,7,27,10,2.4e+22,2.86512,0.0273861,58.9453,1.951,184.729,5541.88,525.3,30,0.431905,0.241759,0.371318,0.233353,0.336027,0.40615,0.319806,0.385443,0.252311,60,90,0.696773,0.846485,0.968624,0.817052,0.876563,1.02807,0.809508,0.887085,0.580684,0.763249,1.03384,0.997625
1863,7,27,11,2.4e+22,2.86512,0.0350141,37.8602,1.802,170.326,5109.77,510.977,36,0.460846,0.276736,0.389994,0.2653,0.348025,0.405532,0.307658,0.365723,0.222468,72,108,0.705217,0.895968,0.966631,0.858943,0.862607,0.930572,0.70598,0.755523,0.459582,0.749379,1.03597,1.02988
1864,7,27,12,2.4e+22,2.86512,0.0447667,27.4842,1.687,158.284,4748.53,474.853,42,0.482687,0.304709,0.405269,0.289987,0.35467,0.405225,0.294172,0.349779,0.198462,84,126,0.715964,0.959505,1.02528,0.913148,0.897266,0.836905,0.607549,0.692951,0.393175,0.747037,1.07201,1.02433
1865,7,27,13,2.4e+22,2.86512,0.0572357,19.6648,1.57,145.937,4378.11,437.811,48,0.504417,0.335534,0.418652,0.31595,0.359641,0.411678,0.287899,0.356315,0.200935,96,144,0.674865,0.897511,0.934958,0.845124,0.803173,0.680728,0.476055,0.460926,0.259927,0.693669,0.972927,0.960331
1866,7,27,14,2.4e+22,2.86512,0.0731778,13.5324,1.444,134.622,4038.66,403.866,60,0.526152,0.369068,0.430801,0.341416,0.35479,0.405622,0.263875,0.33464,0.210997,120,180,0.649049,0.918079,0.931432,0.849294,0.767089,0.580838,0.377861,0.498742,0.314465,0.659063,0.968554,0.938289
1867,7,27,15,2.4e+22,2.86512,0.0935603,9.9578,1.346,129.157,3874.7,387.47,72,0.541092,0.394928,0.434463,0.356924,0.342373,0.388863,0.255547,0.296259,0.19734,144,216,0.637086,0.95363,0.810519,0.861864,0.638719,0.524367,0.344596,0.49639,0.330649,0.642482,0.98845,0.815006
1868,7,27,16,2.4e+22,2.86512,0.11962,7.5053,1.26,128.995,3869.84,386.984,90,0.553296,0.421106,0.441598,0.36714,0.323074,0.378496,0.250296,0.266188,0.181558,180,270,0.638714,1.08892,0.643126,0.949375,0.470511,0.440374,0.291215,0.224741,0.153288,0.641422,1.11437,0.645575
1869,7,27,17,2.4e+22,2.86512,0.152938,5.8472,1.189,134.668,4040.05,404.005,108,0.561045,0.441851,0.445267,0.364146,0.297385,0.368285,0.23423,0.250689,0.169397,216,324,0.568871,0.778622,0.476966,0.641691,0.318556,0.119016,0.0756945,-0.582919,-0.393894,0.56999,0.790108,0.459628
1870,7,27,18,2.4e+22,2.86512,0.195537,4.6941,1.134,146.319,4389.58,438.958,132,0.565763,0.453208,0.437336,0.340877,0.251428,0.317719,0.184773,0.177916,0.117151,264,396,0.560437,0.956247,0.80327,0.719233,0.461806,0.958318,0.557322,1.33444,0.878679,0.560914,0.965192,0.804939
1871,7,27,19,2.4e+22,2.86512,0.25,3.8314,1.092,165.186,4955.59,495.559,162,0.568153,0.456958,0.416287,0.291037,0.183441,0.211345,0.103308,0.0719912,0.0442655,324,470.781,0.550517,1.08908,0.811006,0.693637,0.357378,0.721616,0.352737,1.22779,0.754933,0.5507,1.09565,0.811667
1872,7,28,11,2.4e+22,4.25179,0.0350141,58.344,1.799,267.355,8020.66,525.3,36,0.465011,0.282109,0.398705,0.270407,0.356375,0.430445,0.328471,0.420405,0.257134,72,108,0.72474,0.931307,1.07316,0.892674,0.959227,1.00919,0.770112,0.852964,0.521702,0.768854,1.07277,1.06199
1873,7,28,12,2.4e+22,4.25179,0.0447667,48.7317,1.729,259.883,7796.5,525.3,42,0.479011,0.300141,0.413153,0.286483,0.361869,0.430897,0.311737,0.408258,0.223691,84,126,0.727988,0.961745,0.992209,0.917982,0.869048,0.972216,0.70336,0.715745,0.392169,0.763518,1.08438,1.00507
1874,7,28,13,2.4e+22,4.25179,0.0572357,33.9044,1.594,242.072,7262.17,525.3,48,0.503905,0.33288,0.423532,0.314257,0.36462,0.43055,0.299449,0.39449,0.199695,96,144,0.688986,0.938681,0.995644,0.886166,0.857152,1.04159,0.724432,1.05732,0.535226,0.709518,1.02073,1.01277
1875,7,28,14,2.4e+22,4.25179,0.0731778,22.8047,1.463,220.947,6628.41,525.3,60,0.526577,0.365982,0.435902,0.339694,0.360224,0.426254,0.267865,0.361206,0.151378,120,180,0.677049,0.97531,1.11282,0.905256,0.919622,0.948345,0.595956,1.05521,0.44223,0.688039,1.02996,1.1207
1876,7,28,15,2.4e+22,4.25179,0.0935603,16.8327,1.376,206.106,6183.18,525.3,72,0.541036,0.390975,0.442581,0.356312,0.350749,0.415074,0.235458,0.325909,0.134594,144,216,0.66434,1.00238,1.09531,0.913511,0.868039,0.851203,0.482859,0.591991,0.24448,0.670741,1.04133,1.10105
1877,7,28,16,2.4e+22,4.25179,0.11962,11.8678,1.285,193.394,5801.83,525.3,90,0.553829,0.415794,0.442168,0.367233,0.326349,0.379881,0.189627,0.264007,0.12966,180,270,0.65894,1.14907,0.929562,1.01487,0.686077,0.676936,0.33791,0.737697,0.362301,0.662122,1.17717,0.932917
1878,7,28,17,2.4e+22,4.25179,0.152938,8.7397,1.214,188.88,5666.39,525.3,108,0.562047,0.435887,0.440082,0.367872,0.299203,0.351832,0.178677,0.214341,0.113181,216,324,0.593096,0.922466,0.735628,0.778525,0.500138,0.596808,0.303087,0.791216,0.417793,0.594476,0.936701,0.737647
1879,7,28,18,2.4e+22,4.25179,0.195537,6.7137,1.157,192.701,5781.02,525.3,132,0.567345,0.454379,0.449007,0.358091,0.267972,0.360986,0.178235,0.230114,0.123284,264,396,0.584205,1.01047,0.619317,0.796342,0.369615,0.619139,0.305697,0.675326,0.361806,0.584835,1.02043,0.620551
1880,7,28,19,2.4e+22,4.25179,0.25,5.3285,1.113,204.795,6143.85,525.3,162,0.569853,0.463061,0.445186,0.326771,0.215483,0.324895,0.143207,0.182624,0.0959339,324,486,0.547856,0.78847,0.540798,0.556404,0.261763,0.897743,0.395706,0.040053,0.0210402,0.548115,0.79353,0.54154
1881,7,29,13,2.4e+22,6.30957,0.0572357,55.2633,1.608,386.076,11582.3,525.3,48,0.503705,0.328818,0.427662,0.310842,0.368773,0.447374,0.312396,0.435782,0.220846,96,144,0.691666,0.917609,0.99121,0.867444,0.854721,1.10156,0.769206,1.03216,0.52308,0.713055,0.999617,1.00844
1882,7,29,14,2.4e+22,6.30957,0.0731778,39.7631,1.489,365.318,10959.6,525.3,60,0.525443,0.360402,0.442437,0.335904,0.366612,0.448861,0.281415,0.417471,0.163543,120,180,0.682826,0.952727,1.02814,0.887966,0.851937,1.06904,0.670237,0.963125,0.3773,0.695181,1.00995,1.03516
1883,7,29,15,2.4e+22,6.30957,0.0935603,28.1593,1.386,339.829,10194.9,525.3,72,0.543055,0.390213,0.451989,0.356557,0.359679,0.448711,0.252068,0.390047,0.114473,144,216,0.674484,1.00382,1.10596,0.917239,0.880089,0.942103,0.529236,0.830196,0.24365,0.681179,1.0431,1.11161
1884,7,29,16,2.4e+22,6.30957,0.11962,20.2509,1.305,315.235,9457.06,525.3,90,0.555597,0.416317,0.459535,0.3708,0.34163,0.44015,0.201877,0.287813,0.0476398,180,270,0.638873,0.996109,1.14059,0.887203,0.847944,1.25117,0.573856,3.14716,0.520929,0.642316,1.02176,1.14457
1885,7,29,17,2.4e+22,6.30957,0.152938,13.9883,1.228,292.054,8761.62,525.3,108,0.565389,0.442145,0.46206,0.377645,0.318019,0.419418,0.157322,0.269404,0.0567443,216,324,0.617414,1.01137,1.1376,0.863828,0.782967,1.06011,0.397644,0.814146,0.171483,0.618984,1.02732,1.14065
1886,7,29,18,2.4e+22,6.30957,0.195537,10.2306,1.173,280.291,8408.74,525.3,132,0.569892,0.457026,0.460025,0.36882,0.281197,0.374935,0.107443,0.251014,0.0722787,264,396,0.610013,1.11487,0.776295,0.899701,0.474521,0.176333,0.0505309,-0.321229,-0.0924967,0.61076,1.12612,0.777847
1887,7,29,19,2.4e+22,6.30957,0.25,7.8355,1.13,279.52,8385.61,525.3,162,0.572342,0.469197,0.46805,0.349055,0.239405,0.392077,0.108891,0.284088,0.0916469,324,486,0.563736,0.825184,0.461065,0.613889,0.235832,-0.30953,-0.0859658,-0.677184,-0.21846,0.564067,0.830713,0.461755
1888,7,30,14,2.4e+22,9.36329,0.0731778,59.3824,1.474,569.397,17081.9,525.3,60,0.529833,0.372125,0.476465,0.346048,0.395668,0.550828,0.349985,0.685898,0.277865,120,180,0.66747,0.918916,0.980223,0.854523,0.814001,1.01259,0.643381,1.16282,0.47107,0.678485,0.970282,0.986189
1889,7,30,15,2.4e+22,9.36329,0.0935603,47.7432,1.404,552.217,16566.5,525.3,72,0.542655,0.392613,0.484015,0.360257,0.386393,0.556785,0.313892,0.748752,0.214758,144,216,0.657872,0.931012,0.967052,0.854283,0.772006,1.02783,0.579446,1.25118,0.358865,0.665053,0.969696,0.971856
1890,7,30,16,2.4e+22,9.36329,0.11962,33.1725,1.308,516.669,15500.1,525.3,90,0.558793,0.416026,0.467787,0.371018,0.349454,0.473163,0.218148,0.427485,0.0528422,180,270,0.639609,0.923561,0.881354,0.823646,0.658404,0.759172,0.35001,0.382419,0.0472714,0.643043,0.94702,0.88436
1891,7,30,17,2.4e+22,9.36329,0.152938,24.1014,1.242,482.174,14465.2,525.3,108,0.567974,0.438981,0.470367,0.378633,0.326916,0.455581,0.164553,1.38033,-0.029357,216,324,0.62169,0.921403,0.888469,0.794734,0.617506,0.697447,0.251914,2.68192,-0.0570394,0.623452,0.936714,0.890775
1892,7,30,18,2.4e+22,9.36329,0.195537,17.7626,1.191,450.894,13526.8,525.3,132,0.572872,0.455792,0.472915,0.376488,0.294966,0.428906,0.0974617,0.623188,-0.107939,264,396,0.606588,1.02737,1.27454,0.848615,0.794956,1.85108,0.420627,-0.610587,0.105757,0.6075,1.03879,1.27702
1893,7,30,19,2.4e+22,9.36329,0.25,12.4347,1.142,422.668,12680,525.3,162,0.575707,0.467792,0.473966,0.358051,0.250659,0.286761,0.0237338,0.793267,-0.0822756,324,486,0.590083,1.07575,1.15438,0.823385,0.610502,1.77928,0.147262,-0.261163,0.0270872,0.59048,1.08317,1.15613
1894,7,31,16,2.4e+22,13.895,0.11962,52.2921,1.307,821.27,24638.1,525.3,90,0.560194,0.441312,0.569856,0.393519,0.427192,0.829423,0.389133,2.509,0.335496,180,270,0.625972,0.89033,0.947389,0.793909,0.710209,1.02803,0.482312,2.35197,0.3145,0.629256,0.912446,0.950617
1895,7,31,17,2.4e+22,13.895,0.152938,43.0056,1.263,797.298,23918.9,525.3,102,0.5679,0.4683,0.5923,0.409013,0.423937,0.935788,0.375902,12.5269,0.31386,204,306,0.62199,0.924382,0.938815,0.807355,0.671953,1.0792,0.433511,11.0382,0.276561,0.624133,0.941675,0.941452
1896,7,31,18,2.4e+22,13.895,0.195537,29.6763,1.196,743.072,22292.1,525.3,132,0.576216,0.508206,0.647579,0.422105,0.407966,1.4652,0.334035,-1.02684,0.254037,264,396,0.599059,0.989659,1.19886,0.821991,0.755263,3.09203,0.704917,-2.79121,0.690535,0.599992,1.00074,1.20113
1897,7,31,19,2.4e+22,13.895,0.25,21.03,1.15,689.712,20691.4,525.3,156,0.579993,0.540547,0.693698,0.42068,0.384946,2.88683,0.289041,-0.475124,0.201219,312,468,0.585801,1.03859,1.33495,0.80828,0.740788,6.18725,0.619492,-1.05642,0.447401,0.586236,1.04601,1.36858
1898,7,32,18,2.4e+22,20.6199,0.195537,48.0505,1.199,1194.42,35832.6,525.3,132,0.578018,0.503695,0.684711,0.419571,0.434261,1.634,0.388185,-1.38083,0.330957,264,396,0.594118,0.845312,0.89522,0.704133,0.567771,1.37864,0.327519,-0.900228,0.215766,0.59506,0.854805,0.896909
1899,7,32,19,2.4e+22,20.6199,0.25,36.5802,1.159,1142.01,34260.3,525.3,156,0.582259,0.540312,0.754231,0.42748,0.42551,3.51746,0.366924,-0.665809,0.300516,312,468,0.580985,0.822694,0.900086,0.650894,0.507796,2.69844,0.281488,-0.427858,0.193116,0.581478,0.828966,0.901473
1947,8,15,1,4.8e+22,0.0251189,0.003,3.6169,1.068,1.917,57.5097,27,18,0.3651,-1.32436,-2.70147,-1.04516,-2.68565,-1.5081,-1.50477,-1.5081,-1.50477,25.65,25.65,0.309413,-1.42436,-2.76985,-1.12408,-2.75363,-1.54117,-1.53777,-1.54117,-1.53777,0.325664,-2.58877,-0.861357
1948,8,15,2,4.8e+22,0.0251189,0.0038356,2.9926,1.068,2.22262,66.678,27,18,0.385718,-1.24549,-2.44127,-0.889406,-2.42101,-1.33118,-1.32712,-1.33118,-1.32712,25.65,25.65,0.330816,-1.32753,-2.66678,-0.947992,-2.64465,-1.46069,-1.45623,-1.46069,-1.45623,0.342662,-2.41279,-0.813452
1949,8,15,3,4.8e+22,0.0251189,0.00490394,2.4957,1.067,2.654,79.6202,27,18,0.404924,-1.12084,-2.14923,-0.690383,-2.12278,-1.16232,-1.15716,-1.16232,-1.15716,25.65,25.65,0.336122,-1.37971,-2.45154,-0.849835,-2.42137,-1.30705,-1.30125,-1.30705,-1.30125,0.343973,-2.50763,-0.726436
1950,8,15,4,4.8e+22,0.0251189,0.00626986,2.1095,1.066,3.22704,96.8111,27,18,0.411693,-0.425466,-1.10477,-0.278611,-1.06974,-0.749939,-0.739336,-0.749939,-0.739336,25.65,25.65,0.338608,-0.681828,-1.53237,-0.446488,-1.48379,-0.979134,-0.965289,-0.979134,-0.965289,0.347568,-1.20343,-0.580408
1951,8,15,5,4.8e+22,0.0251189,0.00801622,1.7996,1.064,3.98635,119.59,27,18,0.421072,-0.134859,-0.480965,-0.0862462,-0.45489,-0.390972,-0.380079,-0.390972,-0.380079,25.65,25.65,0.338621,-0.378821,-1.0625,-0.242268,-1.0049,-0.794375,-0.772242,-0.794375,-0.772242,0.346892,-0.661133,-0.93876
1952,8,15,6,4.8e+22,0.0251189,0.010249,1.546,1.061,4.98669,149.601,27,18,0.428612,0.0517234,-0.0211818,0.0329907,-0.019127,-0.0588395,-0.0553316,-0.0588395,-0.0553316,25.65,25.65,0.33465,-0.218054,-0.645437,-0.139081,-0.582827,-0.569314,-0.535373,-0.569314,-0.535373,0.342474,-0.370835,-0.654021
1953,8,15,7,4.8e+22,0.0251189,0.0131037,1.3424,1.056,6.24312,187.293,27,18,0.437428,0.139704,0.21168,0.0804566,0.178095,0.155744,0.139108,0.155744,0.139108,25.65,25.65,0.319702,-0.259566,-0.529987,-0.149486,-0.445901,-0.550143,-0.491377,-0.550143,-0.491377,0.325324,-0.431949,-0.606154
1960,8,16,1,4.8e+22,0.0372759,0.003,5.0078,1.101,2.35623,70.6869,27,18,0.382057,-0.56571,-1.54433,-0.465394,-1.53481,-1.07858,-1.07547,-1.07858,-1.07547,25.65,25.65,0.324143,-0.638387,-1.65345,-0.525183,-1.64326,-1.13468,-1.13141,-1.13468,-1.13141,0.344922,-1.16027,-1.36121
1961,8,16,2,4.8e+22,0.0372759,0.0038356,4.0419,1.1,2.60162,78.0488,27,18,0.398661,-0.600942,-1.56614,-0.458951,-1.55311,-1.04309,-1.03923,-1.04309,-1.03923,25.65,25.65,0.332371,-0.739811,-1.78132,-0.565008,-1.7665,-1.16022,-1.15593,-1.16022,-1.15593,0.347577,-1.34461,-0.684395
1962,8,16,3,4.8e+22,0.0372759,0.00490394,3.3016,1.099,2.9805,89.4154,27,18,0.414631,-0.569931,-1.43814,-0.389722,-1.42119,-0.929217,-0.924538,-0.929217,-0.924538,25.65,25.65,0.350812,-0.670359,-1.7244,-0.458395,-1.70408,-1.08641,-1.08093,-1.08641,-1.08093,0.361753,-1.21838,-0.621407
1963,8,16,4,4.8e+22,0.0372759,0.00626986,2.7441,1.097,3.50927,105.278,27,18,0.41245,-0.181723,-0.618585,-0.135618,-0.599541,-0.527328,-0.518419,-0.527328,-0.518419,25.65,25.65,0.350188,-0.263996,-0.997278,-0.197018,-0.966574,-0.824866,-0.81093,-0.824866,-0.81093,0.364225,-0.464454,-0.944144
1964,8,16,5,4.8e+22,0.0372759,0.00801622,2.3018,1.094,4.24569,127.371,27,18,0.421354,-0.0490553,-0.26319,-0.0354639,-0.251027,-0.266109,-0.258663,-0.266109,-0.258663,25.65,25.65,0.344743,-0.180617,-0.66362,-0.130575,-0.632953,-0.579287,-0.563078,-0.579287,-0.563078,0.356901,-0.314511,-0.669235
1965,8,16,6,4.8e+22,0.0372759,0.010249,1.9583,1.089,5.20892,156.268,27,18,0.427044,0.0594716,0.0296314,0.043,0.0273756,-0.0115768,-0.0109627,-0.0115768,-0.0109627,25.65,25.65,0.326888,-0.106156,-0.36428,-0.0767542,-0.336548,-0.376945,-0.356948,-0.376945,-0.356948,0.33803,-0.180464,-0.38504
1966,8,16,7,4.8e+22,0.0372759,0.0131037,1.6856,1.083,6.44377,193.313,27,18,0.43598,0.115794,0.173388,0.0785892,0.152584,0.140799,0.12812,0.140799,0.12812,25.65,25.65,0.329682,-0.0391248,-0.296019,-0.0265539,-0.2605,-0.271373,-0.246937,-0.271373,-0.246937,0.338528,-0.0649065,-0.30424
1967,8,16,8,4.8e+22,0.0372759,0.0167535,1.4575,1.073,8.06588,241.976,27,18,0.441884,0.155023,0.264924,0.0996895,0.212374,0.256736,0.214934,0.256736,0.214934,25.65,25.65,0.328197,-0.0454797,-0.0407159,-0.0292464,-0.0326395,-0.300931,-0.251933,-0.300931,-0.251933,0.335067,-0.0712724,-0.282455
1968,8,16,9,4.8e+22,0.0372759,0.02142,1.2651,1.061,10.1841,305.523,30.5522,24,0.447814,0.195172,0.379063,0.109219,0.26692,0.356591,0.263355,0.356591,0.263355,29.0246,29.0246,0.32788,-0.0459718,0.054567,-0.0257259,0.0384237,0.143822,0.106218,0.143822,0.106218,0.332095,-0.0668536,0.0557411
1975,8,17,1,4.8e+22,0.0553168,0.003,7.394,1.147,3.17265,95.1793,27,18,0.393376,-0.14805,-0.554019,-0.127854,-0.546929,-0.545827,-0.541355,-0.545827,-0.541355,25.65,25.65,0.339677,-0.171142,-0.649015,-0.147796,-0.64071,-0.612903,-0.607882,-0.612903,-0.607882,0.368222,-0.308302,-0.67584
1976,8,17,2,4.8e+22,0.0553168,0.0038356,5.6845,1.146,3.30008,99.0028,27,18,0.401573,-0.14676,-0.546479,-0.123184,-0.537023,-0.527104,-0.521423,-0.527104,-0.521423,25.65,25.65,0.336078,-0.250448,-0.753267,-0.210215,-0.740232,-0.706452,-0.698837,-0.706452,-0.698837,0.359597,-0.447978,-0.788797
1977,8,17,3,4.8e+22,0.0553168,0.00490394,4.5278,1.144,3.57127,107.138,27,18,0.407271,-0.106743,-0.428157,-0.0878056,-0.418382,-0.428672,-0.422452,-0.428672,-0.422452,25.65,25.65,0.343875,-0.196272,-0.627201,-0.161451,-0.612881,-0.604282,-0.595515,-0.604282,-0.595515,0.365168,-0.347753,-0.664465
1978,8,17,4,4.8e+22,0.0553168,0.00626986,3.6616,1.142,4.02415,120.725,27,18,0.413474,-0.0497893,-0.262861,-0.0401016,-0.255099,-0.287725,-0.282083,-0.287725,-0.282083,25.65,25.65,0.341595,-0.129165,-0.492418,-0.104033,-0.477878,-0.474247,-0.464947,-0.474247,-0.464947,0.360411,-0.226835,-0.522489
1979,8,17,5,4.8e+22,0.0553168,0.00801622,3.0251,1.137,4.67323,140.197,27,18,0.415138,0.0237443,-0.0537365,0.0192656,-0.0513713,-0.0960381,-0.0929318,-0.0960381,-0.0929318,25.65,25.65,0.328463,-0.10904,-0.359936,-0.088473,-0.344093,-0.372432,-0.360386,-0.372432,-0.360386,0.346625,-0.187299,-0.389373
1980,8,17,6,4.8e+22,0.0553168,0.010249,2.53,1.13,5.58219,167.466,27,18,0.423138,0.0653382,0.0670432,0.0515103,0.0629743,0.0331688,0.0316082,0.0331688,0.0316082,25.65,25.65,0.327616,-0.080429,-0.231834,-0.0634074,-0.217763,-0.285571,-0.272134,-0.285571,-0.272134,0.343219,-0.136689,-0.302198
1981,8,17,7,4.8e+22,0.0553168,0.0131037,2.1499,1.121,6.77146,203.144,27,18,0.43062,0.105864,0.164811,0.0813008,0.149197,0.15,0.138253,0.15,0.138253,25.65,25.65,0.33306,0.029264,-0.137389,0.0224741,-0.124374,-0.143852,-0.132587,-0.143852,-0.132587,0.346434,0.0478564,-0.101335
1982,8,17,8,4.8e+22,0.0553168,0.0167535,1.8386,1.107,8.36558,250.967,27,18,0.437597,0.132644,0.215987,0.0974656,0.184391,0.21957,0.191719,0.21957,0.191719,25.65,25.65,0.326082,-0.0310267,-0.0648608,-0.0227981,-0.0553725,0.0194451,0.0169786,0.0194451,0.0169786,0.336363,-0.0485953,0.00143111
1983,8,17,9,4.8e+22,0.0553168,0.02142,1.586,1.09,10.4279,312.838,31.2838,24,0.445271,0.166892,0.302696,0.113418,0.237021,0.28921,0.232361,0.28921,0.232361,29.7196,29.7196,0.328707,-0.0624659,-0.188031,-0.0424511,-0.147235,-0.104536,-0.0839877,-0.104536,-0.0839877,0.335599,-0.0906589,-0.192409
1984,8,17,10,4.8e+22,0.0553168,0.0273861,1.3752,1.07,13.1055,393.165,39.3165,24,0.452865,0.223572,0.415284,0.128682,0.268565,0.412368,0.295804,0.412368,0.295804,37.3507,37.3507,0.326105,0.0207172,0.128076,0.0119242,0.0828271,-0.011122,-0.00797816,-0.011122,-0.00797816,0.329654,0.0275833,0.208085
1985,8,17,11,4.8e+22,0.0553168,0.0350141,1.2011,1.05,16.4758,494.273,49.4273,30,0.458429,0.345327,0.668615,0.137424,0.308162,0.523594,0.316847,0.523594,0.316847,46.9559,46.9559,0.327517,-0.035457,0.0958542,-0.0141102,0.0441787,0.521483,0.31557,0.521483,0.31557,0.328796,-0.0432638,0.0967666
1991,8,18,1,4.8e+22,0.0820891,0.003,11.403,1.211,4.73365,142.01,27,18,0.39661,0.0125519,-0.0491088,0.0112488,-0.0478402,-0.0902212,-0.0882871,-0.0902212,-0.0882871,25.65,25.65,0.332303,-0.0199735,-0.159017,-0.0178999,-0.15491,-0.224058,-0.219254,-0.224058,-0.219254,0.368171,-0.0354132,-0.228025
1992,8,18,2,4.8e+22,0.0820891,0.0038356,8.4759,1.21,4.61138,138.342,27,18,0.402091,0.0108891,-0.0634855,0.00960753,-0.0617316,-0.107616,-0.105219,-0.107616,-0.105219,25.65,25.65,0.327879,-0.0556628,-0.1884,-0.0491119,-0.183195,-0.235457,-0.230214,-0.235457,-0.230214,0.3589,-0.0980515,-0.223066
1993,8,18,3,4.8e+22,0.0820891,0.00490394,6.508,1.208,4.67715,140.315,27,18,0.405152,0.0189332,-0.0459711,0.016513,-0.0445746,-0.0891287,-0.0869642,-0.0891287,-0.0869642,25.65,25.65,0.335159,-0.028652,-0.227819,-0.0249894,-0.220898,-0.290608,-0.28355,-0.290608,-0.28355,0.363976,-0.0500291,-0.316779
1994,8,18,4,4.8e+22,0.0820891,0.00626986,5.0719,1.204,4.96492,148.948,27,18,0.407356,0.0371287,0.00193494,0.0321071,0.00186809,-0.0362485,-0.0352336,-0.0362485,-0.0352336,25.65,25.65,0.332828,-0.0233586,-0.167541,-0.0201994,-0.161752,-0.219389,-0.213246,-0.219389,-0.213246,0.359418,-0.040351,-0.229349
1995,8,18,5,4.8e+22,0.0820891,0.00801622,4.0949,1.198,5.47031,164.109,27,18,0.411381,0.0567843,0.0557922,0.0485457,0.0535375,0.0262408,0.0253626,0.0262408,0.0253626,25.65,25.65,0.323342,-0.0401333,-0.153272,-0.0343105,-0.147078,-0.190925,-0.184536,-0.190925,-0.184536,0.347024,-0.068685,-0.218413
1996,8,18,6,4.8e+22,0.0820891,0.010249,3.3397,1.188,6.28054,188.417,27,18,0.416946,0.0784288,0.113711,0.0660135,0.107579,0.0968485,0.0923899,0.0968485,0.0923899,25.65,25.65,0.32041,-0.0155388,-0.0332056,-0.013079,-0.0314148,-0.126287,-0.120473,-0.126287,-0.120473,0.341189,-0.026094,-0.129233
1997,8,18,7,4.8e+22,0.0820891,0.0131037,2.7863,1.174,7.39219,221.766,27,18,0.421187,0.10424,0.166415,0.0870309,0.153162,0.167326,0.155499,0.167326,0.155499,25.65,25.65,0.327696,0.0118309,0.00891268,0.00987772,0.00820285,-0.0480306,-0.0446357,-0.0480306,-0.0446357,0.346507,0.0189693,-0.052362
1998,8,18,8,4.8e+22,0.0820891,0.0167535,2.3522,1.154,8.90908,267.272,27,18,0.430275,0.121891,0.192429,0.098174,0.170543,0.205092,0.183989,0.205092,0.183989,25.65,25.65,0.328365,0.0221867,0.0878412,0.0178697,0.0778505,0.129528,0.1162,0.129528,0.1162,0.343116,0.0343756,0.159175
1999,8,18,9,4.8e+22,0.0820891,0.02142,2.0056,1.129,10.9269,327.806,32.7807,24,0.439733,0.157729,0.279579,0.120967,0.233313,0.277286,0.235367,0.277286,0.235367,31.1416,31.1416,0.317824,-0.0692867,-0.301309,-0.0531378,-0.251447,-0.364625,-0.309502,-0.364625,-0.309502,0.327658,-0.0995017,-0.30903
2000,8,18,10,4.8e+22,0.0820891,0.0273861,1.7302,1.101,13.4956,404.868,40.4867,24,0.448947,0.196164,0.333332,0.136661,0.247411,0.333811,0.26133,0.333811,0.26133,38.4624,38.4624,0.324908,-0.0180394,-0.0398633,-0.0125675,-0.0295879,0.169242,0.132495,0.169242,0.132495,0.330635,-0.0238491,-0.00855957
2001,8,18,11,4.8e+22,0.0820891,0.0350141,1.4955,1.073,16.9191,507.573,50.7572,30,0.456787,0.252831,0.46299,0.144148,0.280801,0.414106,0.285895,0.414106,0.285895,48.2194,48.2194,0.329183,-0.143211,-0.506367,-0.0816497,-0.307109,-0.396647,-0.273841,-0.396647,-0.273841,0.331641,-0.173603,-0.511951
2009,8,19,1,4.8e+22,0.121819,0.003,19.8656,1.287,7.73542,232.063,27,18,0.395869,0.0608761,0.102235,0.0557902,0.0972794,0.102775,0.0981119,0.102775,0.0981119,25.65,25.65,0.315755,-0.00347315,-0.0159266,-0.00318299,-0.0151546,0.00798708,0.00762471,0.00798708,0.00762471,0.355897,-0.00600113,-0.00802946
2010,8,19,2,4.8e+22,0.121819,0.0038356,13.6354,1.29,7.11527,213.458,27,18,0.401074,0.063833,0.100312,0.0578984,0.0956352,0.0960998,0.0919739,0.0960998,0.0919739,25.65,25.65,0.325125,0.00708777,0.0329634,0.00642881,0.0314267,-0.0202524,-0.0193829,-0.0202524,-0.0193829,0.362221,0.0121643,-0.00632837
2011,8,19,3,4.8e+22,0.121819,0.00490394,9.99,1.289,6.78223,203.466,27,18,0.402895,0.0655655,0.0995234,0.0589954,0.0952716,0.0920321,0.0884556,0.0920321,0.0884556,25.65,25.65,0.321123,-0.000983664,0.00151517,-0.000885094,0.00145044,-0.0302703,-0.029094,-0.0302703,-0.029094,0.355076,-0.00168175,-0.0124683
2012,8,19,4,4.8e+22,0.121819,0.00626986,7.4679,1.285,6.71692,201.507,27,18,0.403813,0.0695133,0.106824,0.0621168,0.102397,0.0996934,0.0959585,0.0996934,0.0959585,25.65,25.65,0.320402,-0.00349636,-0.00338408,-0.00312434,-0.00324384,-0.100427,-0.0966643,-0.100427,-0.0966643,0.352086,-0.00594058,-0.0859913
2013,8,19,5,4.8e+22,0.121819,0.00801622,5.7535,1.277,6.96446,208.933,27,18,0.403347,0.0810599,0.127855,0.0722731,0.121647,0.126282,0.120708,0.126282,0.120708,25.65,25.65,0.320437,0.0186477,-0.0101152,0.0166263,-0.00962415,-0.0422459,-0.0403811,-0.0422459,-0.0403811,0.350496,0.0310052,-0.0475267
2014,8,19,6,4.8e+22,0.121819,0.010249,4.595,1.264,7.52358,225.708,27,18,0.40597,0.0934392,0.150812,0.0828463,0.142272,0.155846,0.147754,0.155846,0.147754,25.65,25.65,0.314286,-0.00422907,-0.0122632,-0.00374964,-0.0115688,0.0176012,0.0166873,0.0176012,0.0166873,0.341468,-0.00687599,0.0107521
2015,8,19,7,4.8e+22,0.121819,0.0131037,3.7261,1.245,8.47138,254.141,27,18,0.412251,0.104528,0.170695,0.0913524,0.158986,0.181954,0.170417,0.181954,0.170417,25.65,25.65,0.314341,0.00865635,0.0359704,0.00756524,0.0335031,0.0871823,0.0816545,0.0871823,0.0816545,0.337911,0.013774,0.0781723
2016,8,19,8,4.8e+22,0.121819,0.0167535,3.0751,1.217,9.86827,296.048,29.6048,18,0.420778,0.126666,0.199049,0.108751,0.179561,0.225353,0.205306,0.225353,0.205306,28.1246,28.1246,0.318517,0.0271351,0.0777584,0.0232973,0.0701452,-0.0224156,-0.0204216,-0.0224156,-0.0204216,0.337539,0.0407956,0.00913822
2017,8,19,9,4.8e+22,0.121819,0.02142,2.5825,1.182,11.7705,353.114,35.3114,24,0.432108,0.154496,0.271096,0.128071,0.23557,0.28017,0.24651,0.28017,0.24651,33.5458,33.5458,0.322675,0.0251451,0.0168859,0.0208443,0.014673,-0.09554,-0.0840618,-0.09554,-0.0840618,0.33647,0.0356554,0.0173575
2018,8,19,10,4.8e+22,0.121819,0.0273861,2.2019,1.143,14.247,427.411,42.7411,24,0.443993,0.190324,0.306433,0.148526,0.246448,0.317861,0.263856,0.317861,0.263856,40.6041,40.6041,0.326093,0.0235139,0.0958346,0.0183499,0.0770748,0.167104,0.138713,0.167104,0.138713,0.334436,0.0307595,0.161987
2019,8,19,11,4.8e+22,0.121819,0.0350141,1.8834,1.104,17.6179,528.538,52.8538,30,0.454778,0.237466,0.393729,0.164485,0.278464,0.366825,0.278119,0.366825,0.278119,50.2111,50.2111,0.336743,0.011212,0.0841484,0.00776625,0.0595137,-0.275022,-0.208516,-0.275022,-0.208516,0.340785,0.0135042,0.085215
2020,8,19,12,4.8e+22,0.121819,0.0447667,1.6288,1.071,21.8854,656.563,65.6563,36,0.462357,0.297906,0.477274,0.163131,0.26326,0.392808,0.260111,0.392808,0.260111,62.3735,62.3735,0.356242,-0.0262982,-0.423693,-0.0144007,-0.233705,-0.996688,-0.65999,-0.996688,-0.65999,0.357805,-0.0296363,-0.426327
2028,8,20,1,4.8e+22,0.180777,0.003,34.6545,1.352,12.8575,385.723,38.5724,18,0.395763,0.0863954,0.163032,0.0801597,0.147575,0.187141,0.170892,0.18417,0.168368,36,36.6438,0.317705,0.0189633,0.0748177,0.0175946,0.067724,0.246291,0.224906,0.235506,0.215298,0.360516,0.0313899,0.116802
2029,8,20,2,4.8e+22,0.180777,0.0038356,23.1349,1.365,11.7085,351.255,35.1255,18,0.400089,0.0914641,0.166959,0.0843012,0.152872,0.192562,0.177633,0.192562,0.177633,33.3692,33.3692,0.320053,0.0224088,-0.00968516,0.0206539,-0.00886799,-0.121522,-0.1121,-0.121522,-0.1121,0.359674,0.0367935,-0.0608083
2030,8,20,3,4.8e+22,0.180777,0.00490394,16.9335,1.371,10.8554,325.663,32.5663,18,0.400158,0.0943963,0.167952,0.0867417,0.155197,0.191492,0.178058,0.191492,0.178058,30.938,30.938,0.306323,-0.0115096,-0.043835,-0.0105762,-0.0405061,-0.119596,-0.111206,-0.119596,-0.111206,0.342735,-0.0187907,-0.0848751
2031,8,20,4,4.8e+22,0.180777,0.00626986,11.7652,1.373,10.0818,302.454,30.2454,18,0.398151,0.0968287,0.168199,0.0887757,0.156695,0.18972,0.177625,0.18972,0.177625,28.7332,28.7332,0.306774,-0.0133533,-0.0469235,-0.0122427,-0.0437141,-0.106469,-0.0996819,-0.106469,-0.0996819,0.341841,-0.0215987,-0.0861087
2032,8,20,5,4.8e+22,0.180777,0.00801622,8.6722,1.367,9.76658,292.998,29.2997,18,0.396743,0.100319,0.171153,0.0917571,0.160079,0.193491,0.181803,0.193491,0.181803,27.8347,27.8347,0.307812,0.0248628,0.0822501,0.0227409,0.0769284,0.0203776,0.0191466,0.0203776,0.0191466,0.341483,0.0397557,0.0418136
2033,8,20,6,4.8e+22,0.180777,0.010249,6.5828,1.352,9.89123,296.737,29.6737,18,0.398399,0.107931,0.178752,0.09831,0.166833,0.203494,0.190852,0.203494,0.190852,28.19,28.19,0.302665,0.0207348,0.0788378,0.0188866,0.0735809,0.142681,0.133817,0.142681,0.133817,0.333348,0.0325141,0.127885
2034,8,20,7,4.8e+22,0.180777,0.0131037,5.1541,1.327,10.49,314.7,31.47,18,0.403234,0.118938,0.192432,0.107488,0.178149,0.222435,0.207214,0.222435,0.207214,29.8965,29.8965,0.303388,0.000210021,0.00529793,0.000189802,0.00490471,0.0201347,0.0187569,0.0201347,0.0187569,0.330505,0.000320285,0.00215185
2035,8,20,8,4.8e+22,0.180777,0.0167535,4.161,1.293,11.5724,347.172,34.7172,18,0.411481,0.135553,0.212378,0.120896,0.193031,0.259182,0.237929,0.259182,0.237929,32.9813,32.9813,0.3092,0.0253792,0.0258977,0.022635,0.0235384,-0.090407,-0.0829934,-0.090407,-0.0829934,0.331829,0.0371164,-0.0273601
2036,8,20,9,4.8e+22,0.180777,0.02142,3.4212,1.248,13.2319,396.957,39.6957,24,0.423498,0.158112,0.271536,0.137791,0.240536,0.290706,0.260147,0.290706,0.260147,37.7109,37.7109,0.312018,0.0247834,0.0030409,0.0215982,0.00269373,-0.115907,-0.103723,-0.115907,-0.103723,0.32873,0.0342196,0.00314181
2037,8,20,10,4.8e+22,0.180777,0.0273861,2.851,1.196,15.6068,468.206,46.8205,24,0.43783,0.190609,0.292592,0.159346,0.245481,0.31798,0.272744,0.31798,0.272744,44.4795,44.4795,0.32165,-0.0249444,-0.0795175,-0.0208531,-0.0667142,-0.144167,-0.123658,-0.144167,-0.123658,0.332362,-0.0320594,-0.130537
2038,8,20,11,4.8e+22,0.180777,0.0350141,2.4169,1.145,18.7354,562.061,56.2062,30,0.451122,0.229773,0.351446,0.178661,0.271945,0.330404,0.266422,0.330404,0.266422,53.3958,53.3958,0.33919,0.0184573,-0.172255,0.0143516,-0.133289,-0.494448,-0.398699,-0.494448,-0.398699,0.345087,0.0220713,-0.174872
2039,8,20,12,4.8e+22,0.180777,0.0447667,2.0604,1.1,22.9809,689.427,68.9428,36,0.461574,0.283316,0.416962,0.191456,0.275841,0.364663,0.265879,0.364663,0.265879,65.4956,65.4956,0.357615,-0.00585026,-0.152984,-0.00395343,-0.101206,-0.73003,-0.532272,-0.73003,-0.532272,0.360177,-0.00656965,-0.154176
2040,8,20,13,4.8e+22,0.180777,0.0572357,1.7774,1.067,28.3727,851.182,85.1182,42,0.466999,0.34075,0.488714,0.174267,0.238406,0.379808,0.240158,0.379808,0.240158,80.8623,80.8623,0.36793,-0.0852082,-0.227395,-0.0435774,-0.110928,-0.171322,-0.108329,-0.171322,-0.108329,0.368845,-0.091976,-0.228287
2047,8,21,1,4.8e+22,0.26827,0.003,52.0972,1.393,20.2362,607.084,60.7085,18,0.4008,0.104214,0.189749,0.0970928,0.15926,0.228122,0.19147,0.167835,0.142886,36,54,0.541188,0.723658,2.56028,0.674207,2.14888,2.40358,2.0174,2.35369,2.00381,0.611907,1.14844,2.48369
2048,8,21,2,4.8e+22,0.26827,0.0038356,40.7043,1.406,19.3923,581.769,58.1769,18,0.403677,0.109756,0.195164,0.101938,0.164103,0.23581,0.199523,0.179651,0.154319,36,54,0.579605,0.875245,0.913915,0.812903,0.76846,0.927618,0.784875,0.987819,0.848532,0.65135,1.37523,0.907117
2049,8,21,3,4.8e+22,0.26827,0.00490394,27.691,1.425,17.8122,534.364,53.4365,18,0.402985,0.115747,0.200147,0.107296,0.171188,0.245732,0.213062,0.205448,0.180162,36,50.7646,0.770785,1.55587,4.95389,1.44228,4.23713,4.60612,3.99373,4.25725,3.73328,0.861807,2.4128,4.81392
2050,8,21,4,4.8e+22,0.26827,0.00626986,20.2045,1.436,16.4786,494.358,49.4358,18,0.400552,0.120597,0.206123,0.111777,0.180019,0.258876,0.228772,0.232314,0.206962,36,46.9641,1.191,2.99931,1.32571,2.77997,1.15782,1.33329,1.17825,1.18149,1.05256,1.32852,4.60402,1.31824
2051,8,21,5,4.8e+22,0.26827,0.00801622,13.8252,1.439,15.1029,453.088,45.3088,18,0.397188,0.124964,0.209931,0.115786,0.188015,0.269009,0.243254,0.254669,0.231351,36,43.0433,1.83513,5.17984,1.32923,4.79943,1.19046,1.05844,0.957103,0.965056,0.876693,2.04051,7.84806,1.24677
2052,8,21,6,4.8e+22,0.26827,0.010249,10.1086,1.429,14.376,431.28,43.128,18,0.396237,0.129634,0.211693,0.119895,0.191388,0.272819,0.248944,0.263423,0.241109,36,40.9716,3.65389,11.5472,0.377905,10.6797,0.341656,0.237113,0.216363,0.20401,0.186729,4.03959,17.1873,0.355717
2053,8,21,7,4.8e+22,0.26827,0.0131037,7.5496,1.405,14.242,427.26,42.726,24,0.399507,0.138725,0.256151,0.127679,0.23315,0.274894,0.251868,0.274894,0.251868,40.5897,40.5897,0.299581,0.0197389,-0.0478711,0.0181672,-0.0435725,-0.158584,-0.145301,-0.158584,-0.145301,0.327888,0.0286235,-0.0493212
2054,8,21,8,4.8e+22,0.26827,0.0167535,5.8546,1.368,14.7679,443.037,44.3038,24,0.406659,0.151395,0.26632,0.138069,0.24098,0.28889,0.263411,0.28889,0.263411,42.0886,42.0886,0.296645,-0.0102249,-0.0487578,-0.00932491,-0.0441185,-0.116254,-0.106001,-0.116254,-0.106001,0.320184,-0.0143285,-0.0504117
2055,8,21,9,4.8e+22,0.26827,0.02142,4.6786,1.317,15.9683,479.048,47.9048,24,0.417783,0.170213,0.277561,0.152806,0.246,0.305019,0.273505,0.305019,0.273505,45.5096,45.5096,0.298935,-0.00355752,-0.0148787,-0.00319371,-0.0131868,0.000820116,0.000735384,0.000820116,0.000735384,0.316893,-0.00474541,-0.0310368
2056,8,21,10,4.8e+22,0.26827,0.0273861,3.8028,1.256,17.9807,539.42,53.942,24,0.431902,0.194771,0.284306,0.169993,0.243084,0.318617,0.276968,0.308861,0.269537,48,51.2449,0.31827,0.0221685,0.068887,0.0193484,0.0588991,-0.0341857,-0.029717,-0.0498877,-0.0435362,0.330904,0.0278896,0.0950147
2057,8,21,11,4.8e+22,0.26827,0.0350141,3.1645,1.195,20.813,624.389,62.4389,30,0.446884,0.2287,0.327599,0.190324,0.265384,0.305116,0.254772,0.305116,0.254772,59.3169,59.3169,0.335822,0.0168621,0.061261,0.0140326,0.0496267,-0.109196,-0.0911788,-0.109196,-0.0911788,0.343393,0.0199652,0.0624717
2058,8,21,12,4.8e+22,0.26827,0.0447667,2.6615,1.139,24.7645,742.934,74.2935,36,0.459479,0.273747,0.372949,0.209024,0.273022,0.319056,0.248336,0.319056,0.248336,70.5788,70.5788,0.35454,0.00518456,0.0263425,0.00395876,0.0192844,-0.211187,-0.164377,-0.211187,-0.164377,0.358309,0.0058139,0.0266219
2059,8,21,13,4.8e+22,0.26827,0.0572357,2.2618,1.094,30.0607,901.822,90.1822,42,0.467097,0.320894,0.41962,0.208344,0.255211,0.334521,0.232105,0.324661,0.227302,84,85.6731,0.374155,-0.0296848,-0.0829234,-0.0192732,-0.0504336,-0.866753,-0.60139,-0.854692,-0.598387,0.375734,-0.0319987,-0.0833851
2060,8,21,14,4.8e+22,0.26827,0.0731778,1.9337,1.061,37.1594,1114.78,111.478,54,0.470809,0.3844,0.545158,0.175682,0.222996,0.389354,0.231011,0.389354,0.231011,105.904,105.904,0.392088,0.276799,-0.297493,0.126505,-0.121689,0.0548076,0.0325184,0.0548076,0.0325184,0.392633,0.291627,-0.297719
2066,8,22,2,4.8e+22,0.398107,0.0038356,59.8615,1.433,30.1078,903.233,90.3233,18,0.408629,0.121818,0.211996,0.113446,0.176028,0.255832,0.189673,0.18545,0.138817,36,54,0.565445,0.756217,1.03368,0.704247,0.858306,0.771889,0.572275,0.439099,0.328685,0.633717,1.15671,0.963452
2067,8,22,3,4.8e+22,0.398107,0.00490394,46.4007,1.449,28.944,868.318,86.8319,18,0.408616,0.127828,0.217445,0.118948,0.181187,0.266916,0.201664,0.204795,0.156219,36,54,0.573136,0.811726,1.28078,0.755338,1.06722,1.09748,0.829185,1.15726,0.882763,0.639972,1.22677,1.19361
2068,8,22,4,4.8e+22,0.398107,0.00626986,32.985,1.466,26.9965,809.897,80.9896,18,0.405799,0.13379,0.220782,0.124559,0.185695,0.274349,0.215794,0.217048,0.172287,36,54,0.61296,0.957929,1.27065,0.89184,1.06872,1.09725,0.863062,1.15315,0.915343,0.682332,1.42484,1.18858
2069,8,22,5,4.8e+22,0.398107,0.00801622,23.7047,1.476,24.9386,748.159,74.8158,24,0.40287,0.1399,0.257976,0.130335,0.209972,0.254836,0.208973,0.17782,0.149162,48,71.0751,0.760251,1.43973,1.46674,1.34129,1.19381,1.40748,1.15417,1.02831,0.862586,0.843526,2.10517,1.52653
2070,8,22,6,4.8e+22,0.398107,0.010249,17.2976,1.475,23.0907,692.721,69.2722,24,0.401268,0.146526,0.263815,0.136467,0.220769,0.274625,0.232519,0.223074,0.191702,48,65.8086,1.07539,2.46472,0.748098,2.2955,0.626033,0.422217,0.357481,0.248372,0.213442,1.18725,3.53414,0.779587
2071,8,22,7,4.8e+22,0.398107,0.0131037,11.778,1.457,21.376,641.28,64.128,24,0.402607,0.156253,0.267672,0.145083,0.230502,0.289739,0.252051,0.257287,0.225971,48,60.9216,0.503343,0.668866,0.785457,0.621051,0.676384,0.484008,0.42105,0.368418,0.323577,0.549957,0.929664,0.820466
2072,8,22,8,4.8e+22,0.398107,0.0167535,8.7589,1.424,20.7715,623.146,62.3146,24,0.407667,0.167628,0.27084,0.154697,0.235261,0.298451,0.261879,0.271659,0.24022,48,59.1989,0.54371,0.848174,3.16317,0.782743,2.74764,2.76306,2.42447,2.57348,2.27565,0.586578,1.14056,3.05107
2073,8,22,9,4.8e+22,0.398107,0.02142,6.7006,1.375,21.0649,631.947,63.1947,24,0.417295,0.184989,0.279061,0.168815,0.241242,0.318178,0.278179,0.289891,0.255599,48,60.0349,0.567831,1.01171,2.04967,0.923252,1.77189,1.77045,1.54788,1.57918,1.39238,0.602939,1.30643,2.00916
2074,8,22,10,4.8e+22,0.398107,0.0273861,5.2864,1.313,22.3106,669.318,66.9318,30,0.430044,0.207689,0.320102,0.185938,0.272431,0.311847,0.269509,0.302502,0.262366,60,63.5853,0.557329,1.08083,1.58367,0.96764,1.34782,1.29517,1.11933,1.24717,1.0817,0.581628,1.33171,1.61573
2075,8,22,11,4.8e+22,0.398107,0.0350141,4.2469,1.245,24.6743,740.229,74.0228,30,0.444388,0.235459,0.319968,0.203774,0.261448,0.322022,0.267907,0.294706,0.248315,60,70.3217,0.564754,1.28952,1.84738,1.11599,1.50951,1.37702,1.14562,1.24433,1.04846,0.579701,1.51007,1.76816
2076,8,22,12,4.8e+22,0.398107,0.0447667,3.5181,1.182,28.0604,841.813,84.1813,36,0.45684,0.267753,0.341792,0.219354,0.26178,0.305199,0.241522,0.281279,0.225974,72,79.9722,2.62178,17.3127,0.107155,14.1832,0.0820705,0.169231,0.133922,0.281733,0.226339,2.65926,19.3954,0.0857762
2077,8,22,13,4.8e+22,0.398107,0.0572357,2.9439,1.128,32.913,987.389,98.7389,48,0.466613,0.306762,0.378423,0.227542,0.258537,0.266351,0.198601,0.266351,0.198601,93.8019,93.8019,0.375723,0.0828375,0.0617033,0.0614451,0.0421555,0.1708,0.127354,0.1708,0.127354,0.378171,0.0894654,0.061808
2078,8,22,14,4.8e+22,0.398107,0.0731778,2.4882,1.085,39.5534,1186.6,118.66,54,0.472253,0.352772,0.436752,0.216395,0.237124,0.329176,0.213022,0.307095,0.203618,108,112.727,0.389901,0.14565,0.464707,0.0893436,0.252302,0.555641,0.359577,0.645042,0.427691,0.390886,0.153344,0.465422
2079,8,22,15,4.8e+22,0.398107,0.0935603,2.1273,1.056,48.2296,1446.89,144.689,60,0.473781,0.41876,0.568319,0.170097,0.18271,0.475902,0.22855,0.362162,0.20259,120,137.454,0.403735,0.321377,-0.469653,0.130541,-0.15099,0.0913739,0.0438819,-0.177192,-0.0991196,0.404074,0.333954,-0.470422
2084,8,23,4,4.8e+22,0.590784,0.00626986,52.1572,1.483,42.9473,1288.42,128.842,18,0.410703,0.141059,0.231456,0.131622,0.194772,0.284568,0.192209,0.23173,0.147262,36,54,0.53683,0.666896,0.859656,0.622279,0.723408,0.641098,0.433026,0.632684,0.402064,0.597007,0.977299,0.768894
2085,8,23,5,4.8e+22,0.590784,0.00801622,42.2484,1.492,41.3729,1241.19,124.119,24,0.408899,0.145428,0.265055,0.135793,0.210278,0.262627,0.173202,0.150876,0.101025,48,72,0.542229,0.682401,0.796748,0.637187,0.632091,0.672542,0.443539,0.73404,0.491505,0.601685,0.987796,0.830421
2086,8,23,6,4.8e+22,0.590784,0.010249,27.7479,1.497,37.719,1131.57,113.157,24,0.406687,0.155383,0.269408,0.145131,0.217991,0.275757,0.197672,0.177728,0.129198,48,72,0.569833,0.790702,0.71043,0.738532,0.574841,0.603867,0.432872,0.656266,0.47707,0.627997,1.11194,0.742268
2087,8,23,7,4.8e+22,0.590784,0.0131037,20.5001,1.488,35.0374,1051.12,105.112,24,0.407941,0.165718,0.276791,0.154564,0.226915,0.299674,0.226586,0.222337,0.17034,48,72,0.586019,0.870725,0.79015,0.812118,0.64777,0.684361,0.51745,0.761174,0.583162,0.64082,1.19385,0.737256
2088,8,23,8,4.8e+22,0.590784,0.0167535,14.0639,1.458,32.1949,965.846,96.5847,24,0.412701,0.180347,0.281384,0.167407,0.233706,0.316681,0.251673,0.257253,0.206991,48,72,0.643993,1.10368,1.20338,1.02449,0.999478,1.04533,0.830741,1.0819,0.870523,0.694726,1.45674,1.12454
2089,8,23,9,4.8e+22,0.590784,0.02142,10.215,1.414,30.6822,920.467,92.0467,24,0.420412,0.196091,0.282541,0.180479,0.235979,0.320713,0.260906,0.264595,0.217857,48,72,0.548399,0.838753,1.08342,0.771977,0.90487,0.932761,0.758819,0.93982,0.773809,0.582716,1.06402,1.00779
2090,8,23,10,4.8e+22,0.590784,0.0273861,7.8042,1.359,30.4453,913.358,91.3358,30,0.430953,0.21666,0.313021,0.196764,0.253356,0.308243,0.252845,0.240593,0.201752,60,86.769,0.567224,0.989517,1.03786,0.898647,0.840034,0.902749,0.740506,0.960703,0.805609,0.593653,1.2061,1.00191
2091,8,23,11,4.8e+22,0.590784,0.0350141,6.01,1.291,31.574,947.22,94.722,36,0.444017,0.243411,0.336214,0.215794,0.268441,0.30826,0.250339,0.263695,0.218265,72,89.9859,0.574245,1.15114,1.14559,1.02053,0.914663,1.12041,0.909887,0.890848,0.73737,0.591637,1.34206,1.16659
2092,8,23,12,4.8e+22,0.590784,0.0447667,4.7842,1.223,34.1754,1025.26,102.526,42,0.456811,0.273367,0.355264,0.232861,0.272347,0.308452,0.243104,0.27659,0.222294,84,97.4,0.583297,1.44175,1.0757,1.22812,0.824634,1.10778,0.873087,0.952568,0.765572,0.593433,1.61309,1.08504
2093,8,23,13,4.8e+22,0.590784,0.0572357,3.9158,1.163,38.2835,1148.51,114.851,48,0.466361,0.300896,0.358023,0.239928,0.253527,0.274432,0.203914,0.241017,0.184026,96,109.108,0.479116,0.97398,0.883005,0.77663,0.625284,0.854472,0.634906,0.971543,0.741811,0.483351,1.05358,0.887533
2094,8,23,14,4.8e+22,0.590784,0.0731778,3.2641,1.115,44.1423,1324.27,132.427,54,0.472614,0.329579,0.362369,0.234273,0.222089,0.240835,0.160601,0.195173,0.137425,108,125.806,0.386152,-0.0221576,-0.0743906,-0.0157502,-0.0455924,-0.508331,-0.338981,-0.585821,-0.412488,0.387676,-0.0233706,-0.0746896
2095,8,23,15,4.8e+22,0.590784,0.0935603,2.7448,1.077,52.3724,1571.17,157.117,66,0.476274,0.377221,0.44047,0.21405,0.202152,0.305955,0.174148,0.24139,0.150121,132,149.261,0.404135,0.205018,-0.0502689,0.116336,-0.0230706,0.318227,0.181134,0.234939,0.146109,0.404743,0.212635,-0.0503134
2100,8,24,6,4.8e+22,0.876712,0.010249,45.3228,1.509,61.0014,1830.04,183.004,24,0.412546,0.161488,0.277773,0.151067,0.224712,0.283943,0.165593,0.171204,0.0860478,48,72,0.572102,0.759964,0.923012,0.710922,0.746696,0.685808,0.399958,0.676657,0.34009,0.630286,1.06045,0.828889
2101,8,24,7,4.8e+22,0.876712,0.0131037,34.3409,1.502,57.7048,1731.14,173.114,24,0.413413,0.170089,0.280096,0.158952,0.229137,0.292947,0.177938,0.193757,0.107701,48,72,0.574134,0.76891,0.811781,0.718564,0.664091,0.319819,0.19426,-0.154271,-0.0857521,0.627835,1.0466,0.668003
2102,8,24,8,4.8e+22,0.876712,0.0167535,24.3584,1.48,53.2999,1599,159.9,24,0.417587,0.184118,0.285593,0.171481,0.236254,0.309413,0.198325,0.229165,0.142484,48,72,0.80345,1.54684,0.823757,1.44067,0.681444,0.597554,0.383016,0.571257,0.35518,0.868166,2.03359,0.735799
2103,8,24,9,4.8e+22,0.876712,0.02142,17.8028,1.446,49.4927,1484.78,148.478,30,0.424077,0.20018,0.31486,0.185363,0.247784,0.304764,0.204638,0.210807,0.143941,60,90,0.548868,0.771591,0.741719,0.71448,0.583709,0.544745,0.365776,0.506047,0.345534,0.58541,0.979312,0.76246
2104,8,24,10,4.8e+22,0.876712,0.0273861,12.3469,1.389,46.0494,1381.48,138.148,30,0.434542,0.222405,0.317697,0.203492,0.252574,0.317397,0.227184,0.239204,0.173914,60,90,0.559384,0.846415,0.748467,0.774437,0.595041,0.314444,0.22507,-0.120833,-0.0878516,0.586577,1.02673,0.691312
2105,8,24,11,4.8e+22,0.876712,0.0350141,9.1559,1.328,44.6765,1340.29,134.029,36,0.44555,0.245467,0.330359,0.220677,0.252625,0.29928,0.220327,0.205975,0.156122,72,108,0.583621,1.05663,0.964593,0.949923,0.737622,0.832365,0.612778,0.708307,0.536872,0.603172,1.231,0.986585
2106,8,24,12,4.8e+22,0.876712,0.0447667,6.9891,1.263,45.1836,1355.51,135.551,42,0.45746,0.274585,0.349686,0.239947,0.254994,0.30934,0.227307,0.212946,0.164278,84,126,0.511353,0.811233,0.647462,0.7089,0.472134,0.181125,0.133093,-0.218245,-0.168366,0.52196,0.909785,0.658066
2107,8,24,13,4.8e+22,0.876712,0.0572357,5.469,1.199,47.7885,1433.65,143.365,48,0.467173,0.30277,0.359799,0.252285,0.247886,0.308486,0.218824,0.220867,0.166579,96,136.197,0.494181,0.890841,0.874577,0.742299,0.602546,0.801429,0.568492,0.90384,0.681679,0.499737,0.966059,0.885412
2108,8,24,14,4.8e+22,0.876712,0.0731778,4.4106,1.144,52.5524,1576.57,157.657,54,0.474166,0.32636,0.358334,0.251307,0.224183,0.281997,0.184653,0.196035,0.13997,108,149.774,0.461339,0.791567,0.601049,0.609531,0.376031,0.533129,0.349097,0.697496,0.498016,0.463842,0.83654,0.607021
2109,8,24,15,4.8e+22,0.876712,0.0935603,3.6257,1.1,59.8342,1795.03,179.502,66,0.47825,0.351367,0.364211,0.234976,0.189324,0.227303,0.131071,0.146834,0.0960319,132,170.527,0.403738,0.150521,0.213308,0.10066,0.110881,0.242064,0.139583,0.581076,0.380032,0.404669,0.156221,0.214065
2110,8,24,16,4.8e+22,0.876712,0.11962,3.0361,1.068,69.8859,2096.58,209.658,78,0.479299,0.376117,0.378032,0.191572,0.13149,0.16692,0.0754559,0.0783943,0.0448986,156,199.175,0.412683,0.24542,0.389267,0.125003,0.135398,0.322382,0.145733,0.60144,0.344462,0.413044,0.252016,0.38961
2114,8,25,7,4.8e+22,1.30103,0.0131037,53.1124,1.508,91.2432,2737.3,273.73,24,0.419005,0.175209,0.286452,0.163871,0.235314,0.296513,0.17674,0.163783,0.0607678,48,72,0.613856,0.866465,0.902911,0.810393,0.741723,0.477622,0.284692,-0.124397,-0.0461548,0.670428,1.17016,0.869201
2115,8,25,8,4.8e+22,1.30103,0.0167535,42.5548,1.494,87.8956,2636.87,263.687,24,0.422057,0.184666,0.288857,0.17236,0.239078,0.302398,0.185093,0.186586,0.0740101,48,72,0.648156,1.01601,0.985186,0.948305,0.815409,0.772026,0.472545,0.729391,0.289316,0.70211,1.3394,0.991527
2116,8,25,9,4.8e+22,1.30103,0.02142,29.9082,1.458,81.709,2451.27,245.127,30,0.42927,0.202203,0.314055,0.18764,0.247062,0.2811,0.14952,0.112174,0.0447051,60,90,0.576549,0.812214,0.945412,0.753717,0.743739,0.695249,0.369809,0.680824,0.271332,0.615328,1.0278,0.971675
2117,8,25,10,4.8e+22,1.30103,0.0273861,20.9621,1.408,75.2495,2257.49,225.748,30,0.439317,0.224783,0.322111,0.206572,0.25599,0.31327,0.177691,0.207073,0.101622,60,90,0.570158,0.859047,0.959763,0.789448,0.76275,0.684717,0.388382,0.632656,0.310479,0.599,1.0419,0.881242
2118,8,25,11,4.8e+22,1.30103,0.0350141,14.564,1.346,69.5504,2086.51,208.651,36,0.450807,0.250936,0.338193,0.226882,0.257798,0.314334,0.176921,0.209867,0.120206,72,108,0.587818,0.991771,0.821926,0.896705,0.626539,0.601002,0.33827,0.573191,0.328309,0.608024,1.15179,0.840288
2119,8,25,12,4.8e+22,1.30103,0.0447667,10.6876,1.285,66.4017,1992.05,199.205,42,0.460906,0.274627,0.343165,0.242673,0.247951,0.286881,0.173068,0.164444,0.102392,84,126,0.523645,0.828005,0.622262,0.731663,0.44961,0.448014,0.270276,0.487725,0.303684,0.535248,0.927539,0.632578
2120,8,25,13,4.8e+22,1.30103,0.0572357,7.9847,1.224,65.7944,1973.83,197.383,48,0.47016,0.301438,0.351712,0.256652,0.239766,0.282413,0.173538,0.148075,0.0956215,96,144,0.526351,0.947006,0.673855,0.806305,0.459375,0.512554,0.314957,0.394793,0.254944,0.53303,1.02726,0.682931
2121,8,25,14,4.8e+22,1.30103,0.0731778,6.2137,1.17,68.0382,2041.15,204.115,54,0.477123,0.328602,0.366099,0.264166,0.230392,0.310312,0.183587,0.201356,0.128684,108,162,0.476597,0.714622,0.509687,0.57449,0.320754,0.270364,0.159953,-0.550763,-0.351986,0.479774,0.756274,0.478268
2122,8,25,15,4.8e+22,1.30103,0.0935603,4.9765,1.124,73.1815,2195.44,219.544,66,0.480914,0.349932,0.369164,0.256036,0.196199,0.282776,0.153071,0.162582,0.102747,132,198,0.492515,1.17601,0.461997,0.860458,0.245536,0.309959,0.167785,0.813248,0.513951,0.494077,1.22238,0.465108
2123,8,25,16,4.8e+22,1.30103,0.11962,4.0774,1.088,81.4616,2443.85,244.385,78,0.482528,0.359523,0.343377,0.223107,0.139011,0.165388,0.074609,0.0445716,0.0265949,156,232.166,0.548508,2.76071,0.657934,1.7132,0.266355,0.395971,0.178629,0.557723,0.332781,0.549257,2.83551,0.659793
2124,8,25,17,4.8e+22,1.30103,0.152938,3.371,1.059,94.0123,2820.37,282.037,84,0.482612,0.373778,0.33661,0.163433,0.0758411,0.037583,0.0101243,-0.065698,-0.0308539,168,252,0.410605,-0.173344,-0.596879,-0.0757938,-0.134482,-0.951936,-0.256438,-0.193211,-0.0907381,0.410813,-0.176897,-0.597891
2127,8,26,9,4.8e+22,1.9307,0.02142,48.4371,1.465,131.317,3939.52,393.952,30,0.435122,0.205985,0.318719,0.191358,0.251569,0.285899,0.149952,-0.00785074,-0.00189589,60,90,0.598723,0.850875,1.08432,0.790453,0.855864,0.932651,0.489168,1.11306,0.268795,0.639138,1.07466,1.11386
2128,8,26,10,4.8e+22,1.9307,0.0273861,36.38,1.424,124.695,3740.84,374.084,30,0.443399,0.222694,0.320815,0.205309,0.25551,0.296087,0.16244,0.0655294,0.0184004,60,90,0.584178,0.865268,1.0263,0.797718,0.817382,0.831342,0.456092,0.871437,0.244695,0.61525,1.05366,1.06057
2129,8,26,11,4.8e+22,1.9307,0.0350141,25.334,1.364,115.313,3459.39,345.939,36,0.45491,0.247352,0.334554,0.224824,0.255683,0.273897,0.131315,-0.0812021,-0.0178788,72,108,0.60921,1.0213,1.03928,0.928283,0.794273,0.762899,0.365757,0.872865,0.192184,0.631618,1.1905,1.06185
2130,8,26,12,4.8e+22,1.9307,0.0447667,18.5465,1.309,107.462,3223.85,322.385,42,0.464725,0.271612,0.34746,0.242475,0.251705,0.267989,0.112295,0.0178995,0.00541623,84,126,0.555033,0.859461,0.837914,0.767261,0.606996,0.601398,0.252002,0.260092,0.0787015,0.568903,0.968156,0.851578
2131,8,26,13,4.8e+22,1.9307,0.0572357,12.8959,1.245,100.18,3005.4,300.54,48,0.47442,0.298838,0.351361,0.258292,0.241089,0.259065,0.103826,0.0714718,0.0288074,96,144,0.533362,0.900516,0.746318,0.778333,0.512092,0.51051,0.204597,0.423247,0.170593,0.540996,0.979421,0.75643
2132,8,26,14,4.8e+22,1.9307,0.0731778,9.4902,1.191,97.0275,2910.82,291.082,54,0.480427,0.319878,0.34842,0.264115,0.223281,0.232923,0.0997088,0.0473366,0.0214147,108,162,0.586865,1.42142,0.629063,1.17363,0.403128,0.386379,0.1654,-0.0557034,-0.0251997,0.591467,1.50742,0.588125
2133,8,26,15,4.8e+22,1.9307,0.0935603,7.2058,1.143,97.9454,2938.36,293.836,66,0.484942,0.345295,0.358368,0.265217,0.19717,0.235659,0.100124,0.0550863,0.0261866,132,198,0.489115,0.93011,0.622301,0.714406,0.342383,0.376803,0.160092,0.47929,0.227841,0.491027,0.968037,0.627429
2134,8,26,16,4.8e+22,1.9307,0.11962,5.6886,1.106,102.978,3089.34,308.934,78,0.486617,0.363822,0.359849,0.249036,0.159594,0.21668,0.0813572,0.056609,0.0263152,156,234,0.462044,0.773808,0.366873,0.529671,0.162709,0.0356788,0.0133964,0.37892,0.176145,0.46289,0.795363,0.369125
2135,8,26,17,4.8e+22,1.9307,0.152938,4.6027,1.075,112.376,3371.28,337.128,90,0.486536,0.368375,0.328418,0.205369,0.0992211,0.085431,0.0231366,-0.0434212,-0.0179738,180,270,0.44566,0.620092,0.324665,0.3457,0.0980871,-0.229158,-0.0620611,-1.37978,-0.571145,0.446012,0.632451,0.326213
2136,8,26,18,4.8e+22,1.9307,0.195537,3.7673,1.051,127.421,3822.62,382.262,96,0.485414,0.360814,0.204659,0.126546,0.0230257,-0.968895,-0.0610129,-0.402889,-0.0996482,192,288,0.423801,-0.262428,-1.35172,-0.0920397,-0.152079,-5.0543,-0.318277,-4.98935,-1.23403,0.423926,-0.266855,-1.36406
2138,8,27,10,4.8e+22,2.86512,0.0273861,54.5931,1.418,195.653,5869.58,525.3,30,0.451966,0.23502,0.331111,0.216432,0.264884,0.32621,0.18213,0.157543,0.0442433,60,90,0.611385,0.936267,1.177,0.862218,0.941581,1.25694,0.701778,1.68048,0.471934,0.642185,1.13012,1.2064
2139,8,27,11,4.8e+22,2.86512,0.0350141,41.2825,1.369,187.28,5618.4,525.3,36,0.461696,0.253218,0.339414,0.230445,0.260459,0.289824,0.13883,-0.221764,-0.0336155,72,108,0.601075,0.946079,0.986768,0.860995,0.757224,0.661264,0.316755,-0.484732,-0.0734769,0.623232,1.10131,1.00783
2140,8,27,12,4.8e+22,2.86512,0.0447667,30.2209,1.313,176.152,5284.57,525.3,42,0.471383,0.273258,0.342893,0.244243,0.249728,0.238694,0.0963012,-2.17865,-0.100906,84,126,0.566775,0.909313,1.11806,0.81276,0.814277,1.02009,0.411556,4.01863,0.186127,0.58076,1.02159,1.13612
2141,8,27,13,4.8e+22,2.86512,0.0572357,22.2855,1.261,164.737,4942.12,494.212,48,0.479587,0.295228,0.350338,0.257599,0.242159,0.208923,0.0701448,7.37264,-0.12722,96,144,0.559905,0.956532,1.09218,0.834615,0.754931,0.94897,0.318612,-6.29312,0.108592,0.568747,1.04388,1.1067
2142,8,27,14,4.8e+22,2.86512,0.0731778,15.7045,1.206,152.917,4587.5,458.751,54,0.486182,0.318711,0.356504,0.267175,0.231595,0.195196,0.0555493,-2.08443,-0.0981162,108,162,0.555817,1.0613,0.962669,0.889689,0.625376,0.795226,0.226307,-1.37453,-0.0647004,0.560684,1.12775,0.909079
2143,8,27,15,4.8e+22,2.86512,0.0935603,11.349,1.159,145.273,4358.19,435.819,66,0.49002,0.33697,0.342972,0.266391,0.193736,-0.032508,-0.00580332,-0.693788,-0.109708,132,198,0.504331,0.90901,0.717622,0.718618,0.405366,0.465958,0.0831828,3.49397,0.552501,0.506634,0.947554,0.723763
2144,8,27,16,4.8e+22,2.86512,0.11962,8.4528,1.12,143.162,4294.86,429.486,78,0.491393,0.351157,0.326514,0.253382,0.153478,-0.186708,-0.0306896,-0.595768,-0.126008,156,234,0.480232,0.799994,0.505081,0.577245,0.237413,-0.00862508,-0.00141772,-0.0846808,-0.0179104,0.481298,0.822923,0.508626
2145,8,27,17,4.8e+22,2.86512,0.152938,6.5576,1.088,147.011,4410.32,441.032,90,0.491811,0.370841,0.341249,0.231163,0.121178,-0.1355,-0.0173097,-0.354345,-0.0732907,180,270,0.489133,1.2287,0.515148,0.765906,0.18293,-0.487084,-0.0622234,-3.73217,-0.77194,0.48963,1.25304,0.518405
2146,8,27,18,4.8e+22,2.86512,0.195537,5.1969,1.063,157.398,4721.93,472.193,102,0.490221,0.371398,0.29039,0.175102,0.05701,-6.36301,-0.0657858,-0.792506,-0.105703,204,306,0.477081,1.83371,0.263241,0.864537,0.0516801,-16.1115,-0.166574,-0.581882,-0.0776106,0.477279,1.86047,0.265193
2148,8,28,12,4.8e+22,4.25179,0.0447667,52.8983,1.332,285.932,8577.95,525.3,36,0.476381,0.283852,0.360896,0.255487,0.278558,0.364747,0.183874,0.212329,0.0398979,72,108,0.591499,0.927841,1.05634,0.835123,0.815335,1.28683,0.648711,1.79498,0.337286,0.60806,1.05192,1.10974
2149,8,28,13,4.8e+22,4.25179,0.0572357,37.2404,1.267,270.258,8107.75,525.3,48,0.486515,0.307556,0.372607,0.269354,0.259126,0.317609,0.106525,1.12169,-0.0903261,96,144,0.567012,0.952536,1.14617,0.834219,0.797093,1.13505,0.380694,-0.506761,0.040808,0.576288,1.04055,1.16114
2150,8,28,14,4.8e+22,4.25179,0.0731778,25.8868,1.21,250.953,7528.59,525.3,54,0.493241,0.328219,0.374178,0.276203,0.245234,0.28244,0.0778504,0.817149,-0.13289,108,162,0.563195,1.05575,1.16072,0.888438,0.76073,0.900486,0.248206,0.674882,-0.109754,0.568173,1.12106,1.17187
2151,8,28,15,4.8e+22,4.25179,0.0935603,19.4578,1.171,235.833,7074.99,525.3,66,0.496613,0.343724,0.376633,0.276978,0.21686,0.0727528,0.00867834,0.625093,-0.221561,132,198,0.5284,1.01517,1.23172,0.818043,0.709207,3.3836,0.403613,-0.88843,0.3149,0.53116,1.06053,1.24214
2152,8,28,16,4.8e+22,4.25179,0.11962,13.523,1.129,219.894,6596.81,525.3,78,0.498288,0.359337,0.361907,0.266554,0.176292,6.82018,-0.0593015,0.747634,-0.239296,156,234,0.504886,0.966312,0.710795,0.716806,0.346243,21.9294,-0.190676,1.7787,-0.56931,0.506137,0.994434,0.715873
2153,8,28,17,4.8e+22,4.25179,0.152938,9.9578,1.098,212.391,6371.74,525.3,90,0.497501,0.36486,0.332889,0.24042,0.128488,0.998114,-0.121098,1.11672,-0.232249,180,270,0.483729,0.868198,0.382844,0.572087,0.147769,3.079,-0.373565,3.60217,-0.749157,0.484306,0.885647,0.385361
2154,8,28,18,4.8e+22,4.25179,0.195537,7.5675,1.072,213.203,6396.08,525.3,102,0.496103,0.379524,0.342343,0.205136,0.0883591,0.600164,-0.136262,0.971204,-0.181934,204,306,0.466845,1.04783,1.0281,0.566362,0.265352,-0.608943,0.138256,-2.84592,0.533122,0.4671,1.06321,1.03541
2155,8,28,19,4.8e+22,4.25179,0.25,5.9331,1.053,222.92,6687.61,525.3,108,0.493839,0.374044,0.259572,0.136905,0.0283786,0.517476,-0.179973,0.73499,-0.21066,216,324,0.464822,1.66681,1.91342,0.610078,0.209191,-0.392422,0.13648,0.300854,-0.0862296,0.464933,1.68799,1.9386
2156,8,29,13,4.8e+22,6.30957,0.0572357,56.6984,1.263,424.339,12730.2,525.3,48,0.49435,0.319966,0.383722,0.279495,0.268145,0.373369,0.130096,0.819767,-0.0519264,96,144,0.585516,0.995095,1.3272,0.869229,0.92745,1.80045,0.627346,-4.53071,0.286988,0.59451,1.08262,1.34452
2157,8,29,14,4.8e+22,6.30957,0.0731778,46.0533,1.226,412.719,12381.6,525.3,54,0.499238,0.333679,0.385933,0.284717,0.255163,0.353378,0.0970996,0.586645,-0.108601,108,162,0.578504,1.03907,1.3162,0.886598,0.870219,1.91863,0.527192,-0.136688,0.0253039,0.584585,1.11019,1.33063
2158,8,29,15,4.8e+22,6.30957,0.0935603,33.0034,1.178,389.423,11682.7,525.3,66,0.503819,0.352111,0.389738,0.286162,0.227178,0.245632,0.0294033,0.509067,-0.2174,132,198,0.571117,1.25221,1.27483,1.01767,0.743097,2.89535,0.346587,-0.0672042,0.0286999,0.574289,1.30945,1.28535
2159,8,29,16,4.8e+22,6.30957,0.11962,22.7276,1.135,360.249,10807.5,525.3,78,0.50581,0.370611,0.395388,0.278946,0.197116,1.25778,-0.0291302,0.47913,-0.299778,156,234,0.525873,1.06701,1.41675,0.8031,0.706306,-8.22469,0.190484,0.238094,-0.148969,0.527265,1.09849,1.42677
2160,8,29,17,4.8e+22,6.30957,0.152938,16.9447,1.107,338.728,10161.9,525.3,90,0.505362,0.379576,0.392375,0.261617,0.160805,0.564533,-0.0932166,0.476782,-0.377232,180,270,0.52244,1.24552,1.30911,0.858457,0.536506,-0.297081,0.0490545,0.382465,-0.302608,0.523184,1.2718,1.31752
2161,8,29,18,4.8e+22,6.30957,0.195537,11.7851,1.078,319.096,9572.89,525.3,102,0.50294,0.383757,0.369176,0.221003,0.108012,0.531739,-0.159055,0.489443,-0.411206,204,306,0.481763,1.11405,1.10443,0.641573,0.323131,0.377558,-0.112936,0.518847,-0.43591,0.482058,1.13004,1.10037
2162,8,29,19,4.8e+22,6.30957,0.25,8.9866,1.06,313.427,9402.81,525.3,114,0.499968,0.382348,0.321722,0.169935,0.0502962,0.496025,-0.223075,0.503244,-0.396774,228,342,0.473847,1.26698,0.810535,0.56311,0.126715,0.581186,-0.261374,0.612569,-0.482969,0.473973,1.28014,0.818266
2163,8,30,15,4.8e+22,9.36329,0.0935603,58.401,1.194,627.621,18828.6,525.3,60,0.509209,0.397232,0.527919,0.329283,0.329394,1.19299,0.252586,-0.53745,0.150935,120,180,0.563376,1.05175,1.38004,0.871844,0.861072,3.6003,0.762273,-1.80736,0.50757,0.567292,1.10668,1.39282
2164,8,30,16,4.8e+22,9.36329,0.11962,39.3823,1.142,594.098,17822.9,525.3,78,0.513066,0.429985,0.577897,0.329573,0.293648,-9.46098,0.173435,-0.0351754,0.0229048,156,234,0.531828,1.12471,1.65914,0.862066,0.843063,-31.4008,0.575627,-0.544885,0.354806,0.533426,1.15994,1.67029
2165,8,30,17,4.8e+22,9.36329,0.152938,27.6975,1.108,555.502,16665.1,525.3,90,0.512754,0.441373,0.573162,0.305647,0.240114,-0.45312,0.0709297,0.160285,-0.13702,180,270,0.52563,1.29699,1.93667,0.898157,0.811325,-2.60744,0.40816,-0.186996,0.159855,0.526371,1.3237,1.94902
2166,8,30,18,4.8e+22,9.36329,0.195537,20.4366,1.085,520.899,15627,525.3,102,0.511532,0.408088,0.444788,0.248866,0.142532,0.37297,-0.112233,0.403667,-0.422705,204,306,0.502912,1.0751,1.7012,0.655629,0.545149,0.194492,-0.0585262,0.487261,-0.510241,0.503277,1.09109,1.71178
2167,8,30,19,4.8e+22,9.36329,0.25,14.1843,1.063,485.293,14558.8,525.3,114,0.508021,0.394478,0.382176,0.186501,0.0716512,0.460538,-0.206985,0.449574,-0.537616,228,342,0.498587,1.56384,2.41806,0.739348,0.453345,1.00975,-0.453823,1.06129,-1.26913,0.498744,1.58091,2.43847
2168,8,31,16,4.8e+22,13.895,0.11962,59.2314,1.138,928.202,27846,525.3,78,0.519586,0.480012,0.720486,0.364427,0.367737,381.904,0.322607,-0.429559,0.265088,156,234,0.536798,1.04164,1.45045,0.79082,0.740314,672.551,0.568127,-0.588195,0.362984,0.538258,1.07223,1.46039
2169,8,31,17,4.8e+22,13.895,0.152938,46.9778,1.114,902.681,27080.4,525.3,90,0.520424,0.521535,0.829958,0.368837,0.356668,-2.06972,0.303075,-0.276664,0.235636,180,270,0.528697,1.28555,2.21021,0.909158,0.949819,-5.5249,0.809029,-0.63106,0.537476,0.529535,1.31342,2.22378
2170,8,31,18,4.8e+22,13.895,0.195537,33.9618,1.087,855.708,25671.2,525.3,102,0.519229,0.59146,1.0271,0.36577,0.340663,-0.974196,0.278251,-0.190727,0.200633,204,306,0.504353,1.2235,2.00239,0.756635,0.664141,-1.53972,0.439777,-0.257137,0.270493,0.504731,1.24166,2.17413
2171,8,31,19,4.8e+22,13.895,0.25,24.5951,1.067,802.029,24060.9,525.3,114,0.516526,0.694827,1.46633,0.351779,0.31868,-0.567268,0.244722,-0.126808,0.157544,228,342,0.496453,1.44215,3.10206,0.730133,0.674175,-0.927313,0.400047,-0.196596,0.244248,0.496632,1.45804,3.12531
2172,8,32,18,4.8e+22,20.6199,0.195537,52.8767,1.086,1356.03,40681,525.3,108,0.525466,0.613069,1.22091,0.376769,0.375476,-0.958836,0.33547,-0.248361,0.287901,216,324,0.511164,1.31979,2.97706,0.811094,0.915553,-2.81045,0.983299,-0.648027,0.751194,0.511528,1.33865,2.9948
2173,8,32,19,4.8e+22,20.6199,0.25,41.5336,1.07,1311.6,39347.9,525.3,114,0.524245,0.719616,1.56351,0.378472,0.366282,-0.791149,0.32674,-0.22605,0.277564,228,342,0.49184,1.1782,2.46775,0.619658,0.578118,-0.907461,0.374776,-0.19794,0.243049,0.492035,1.1914,2.48483
2233,9,16,1,9.6e+22,0.0372759,0.003,5.1023,1.05,2.38504,71.551,27,18,0.364341,-1.18145,-2.35515,-0.820903,-2.33317,-1.30274,-1.29819,-1.30274,-1.29819,25.65,25.65,0.307837,-1.31956,-2.54744,-0.916862,-2.52366,-1.40261,-1.39771,-1.40261,-1.39771,0.317924,-2.3983,-0.786764
2248,9,17,1,9.6e+22,0.0553168,0.003,7.4769,1.074,3.219,96.5703,27,18,0.384234,-0.349425,-1.03476,-0.264458,-1.01049,-0.799997,-0.790294,-0.799997,-0.790294,25.65,25.65,0.32409,-0.435561,-1.17044,-0.329649,-1.14299,-0.87026,-0.859705,-0.87026,-0.859705,0.338226,-0.784257,-1.02536
2249,9,17,2,9.6e+22,0.0553168,0.0038356,5.8117,1.073,3.36042,100.812,27,18,0.385244,-0.359034,-1.02686,-0.258215,-0.995048,-0.771092,-0.759078,-0.771092,-0.759078,25.65,25.65,0.326453,-0.450612,-1.32412,-0.324078,-1.28309,-0.969334,-0.954231,-0.969334,-0.954231,0.338177,-0.805705,-1.13556
2250,9,17,3,9.6e+22,0.0553168,0.00490394,4.664,1.072,3.64304,109.291,27,18,0.385955,-0.296239,-0.864526,-0.204887,-0.829365,-0.664652,-0.650756,-0.664652,-0.650756,25.65,25.65,0.318129,-0.413217,-1.20972,-0.285793,-1.16052,-0.911799,-0.892736,-0.911799,-0.892736,0.328069,-0.732111,-1.05766
2251,9,17,4,9.6e+22,0.0553168,0.00626986,3.7933,1.071,4.10819,123.246,27,18,0.387827,-0.201243,-0.629957,-0.133399,-0.596418,-0.512827,-0.498083,-0.512827,-0.498083,25.65,25.65,0.315418,-0.361574,-0.94179,-0.239678,-0.89165,-0.738863,-0.717619,-0.738863,-0.717619,0.324001,-0.635111,-0.848699
2252,9,17,5,9.6e+22,0.0553168,0.00801622,3.1548,1.068,4.76027,142.808,27,18,0.387544,-0.0716349,-0.297914,-0.0479572,-0.273282,-0.289561,-0.274818,-0.289561,-0.274818,25.65,25.65,0.302251,-0.329578,-0.799285,-0.220641,-0.7332,-0.72273,-0.685933,-0.72273,-0.685933,0.310453,-0.565999,-0.797768
2253,9,17,6,9.6e+22,0.0553168,0.010249,2.653,1.065,5.66458,169.938,27,18,0.39109,-0.000368015,-0.101096,-0.00023181,-0.0894906,-0.124874,-0.115416,-0.124874,-0.115416,25.65,25.65,0.299392,-0.249085,-0.582861,-0.156897,-0.515953,-0.587723,-0.543208,-0.587723,-0.543208,0.306161,-0.423501,-0.685606
2254,9,17,7,9.6e+22,0.0553168,0.0131037,2.2549,1.06,6.87335,206.2,27,18,0.393482,0.0636449,0.0609176,0.0381026,0.0495432,0.0303331,0.0261624,0.0303331,0.0261624,25.65,25.65,0.294138,-0.181757,-0.366243,-0.108814,-0.297859,-0.334656,-0.288642,-0.334656,-0.288642,0.299607,-0.295729,-0.306623
2255,9,17,8,9.6e+22,0.0553168,0.0167535,1.9259,1.053,8.50631,255.19,27,18,0.397253,0.115461,0.169099,0.0610564,0.120044,0.148175,0.114114,0.148175,0.114114,25.65,25.65,0.296,-0.0613316,-0.00138816,-0.0324324,-0.000985459,-0.117593,-0.0905618,-0.117593,-0.0905618,0.299906,-0.0960032,-0.0707105
2264,9,18,1,9.6e+22,0.0820891,0.003,11.7358,1.105,4.81646,144.494,27,18,0.398457,-0.045722,-0.227429,-0.0369439,-0.216039,-0.2662,-0.256437,-0.2662,-0.256437,25.65,25.65,0.336208,-0.0611379,-0.430423,-0.0494001,-0.408867,-0.474688,-0.457279,-0.474688,-0.457279,0.355287,-0.108493,-0.511201
2265,9,18,2,9.6e+22,0.0820891,0.0038356,8.7106,1.105,4.70919,141.276,27,18,0.397371,-0.0565143,-0.262318,-0.0443027,-0.248194,-0.292202,-0.281158,-0.292202,-0.281158,25.65,25.65,0.325936,-0.137679,-0.472567,-0.107929,-0.447122,-0.504309,-0.485248,-0.504309,-0.485248,0.341887,-0.242591,-0.499346
2266,9,18,3,9.6e+22,0.0820891,0.00490394,6.6679,1.104,4.79715,143.915,27,18,0.395182,-0.0497679,-0.24118,-0.0381197,-0.226839,-0.269314,-0.258188,-0.269314,-0.258188,25.65,25.65,0.318696,-0.184702,-0.512935,-0.141473,-0.482435,-0.545059,-0.522542,-0.545059,-0.522542,0.332672,-0.322407,-0.591393
2267,9,18,4,9.6e+22,0.0820891,0.00626986,5.2657,1.102,5.09354,152.807,27,18,0.393487,-0.0262671,-0.172042,-0.0197625,-0.160431,-0.204912,-0.195118,-0.204912,-0.195118,25.65,25.65,0.315296,-0.172354,-0.460317,-0.129673,-0.42925,-0.476686,-0.453902,-0.476686,-0.453902,0.328,-0.297772,-0.549973
2268,9,18,5,9.6e+22,0.0820891,0.00801622,4.2373,1.098,5.63585,169.075,27,18,0.393742,0.00757893,-0.0834543,0.00555636,-0.0767928,-0.119101,-0.112146,-0.119101,-0.112146,25.65,25.65,0.313467,-0.0665562,-0.357755,-0.0487945,-0.329198,-0.383606,-0.361207,-0.383606,-0.361207,0.324794,-0.113906,-0.355016
2269,9,18,6,9.6e+22,0.0820891,0.010249,3.5088,1.094,6.41238,192.371,27,18,0.394532,0.0401691,0.00762793,0.0286163,0.00681096,-0.025237,-0.0231614,-0.025237,-0.0231614,25.65,25.65,0.307716,-0.029879,-0.366938,-0.0212857,-0.327638,-0.300576,-0.275857,-0.300576,-0.275857,0.317502,-0.050144,-0.372931
2270,9,18,7,9.6e+22,0.0820891,0.0131037,2.9337,1.086,7.52631,225.789,27,18,0.394881,0.0706419,0.0897192,0.0491471,0.075428,0.0709194,0.0616391,0.0709194,0.0616391,25.65,25.65,0.308008,-0.0184249,-0.168954,-0.0128186,-0.142041,-0.273846,-0.238012,-0.273846,-0.238012,0.316452,-0.029564,-0.290039
2271,9,18,8,9.6e+22,0.0820891,0.0167535,2.4797,1.077,9.04304,271.291,27.1291,18,0.398015,0.093714,0.13613,0.0601988,0.105004,0.131711,0.106019,0.131711,0.106019,25.7727,25.7727,0.295748,0.0170038,0.118332,0.0109227,0.0912752,0.222908,0.179426,0.222908,0.179426,0.301781,0.0263176,0.293015
2272,9,18,9,9.6e+22,0.0820891,0.02142,2.119,1.064,11.0333,330.999,33.0999,24,0.401835,0.136935,0.228254,0.0774559,0.154389,0.199107,0.144757,0.199107,0.144757,31.4449,31.4449,0.289658,-0.240712,-0.827264,-0.136156,-0.559553,-0.834063,-0.606387,-0.834063,-0.606387,0.293399,-0.347067,-0.846686
2273,9,18,10,9.6e+22,0.0820891,0.0273861,1.8226,1.05,13.6478,409.435,40.9434,24,0.404571,0.19121,0.357878,0.081461,0.174901,0.282767,0.17514,0.282767,0.17514,38.8963,38.8963,0.293999,-0.00754768,0.140912,-0.00321552,0.0688661,0.106806,0.0661535,0.106806,0.0661535,0.295804,-0.0100986,0.400218
2282,9,19,1,9.6e+22,0.121819,0.003,20.1248,1.143,7.84888,235.467,27,18,0.408645,0.0402215,0.04128,0.0337468,0.0372562,0.0227498,0.0207661,0.0227498,0.0207661,25.65,25.65,0.329162,-0.0492601,-0.201886,-0.0413304,-0.182207,-0.257068,-0.234653,-0.257068,-0.234653,0.351174,-0.0854434,-0.263909
2283,9,19,2,9.6e+22,0.121819,0.0038356,13.9093,1.144,7.27673,218.302,27,18,0.406999,0.0392716,0.0278292,0.0322936,0.0251646,0.00335457,0.00307473,0.00335457,0.00307473,25.65,25.65,0.335053,-0.00374061,0.00397153,-0.00307596,0.00359126,-0.163221,-0.149605,-0.163221,-0.149605,0.354897,-0.00643142,-0.14377
2284,9,19,3,9.6e+22,0.121819,0.00490394,10.3739,1.144,6.98546,209.564,27,18,0.4039,0.0404159,0.024099,0.0327913,0.0218799,-0.0030883,-0.00284486,-0.0030883,-0.00284486,25.65,25.65,0.324716,-0.0184666,-0.0356389,-0.0149829,-0.0323571,-0.0170738,-0.0157279,-0.0170738,-0.0157279,0.342494,-0.0315131,0.017897
2285,9,19,4,9.6e+22,0.121819,0.00626986,7.7788,1.142,6.93808,208.143,27,18,0.399784,0.043071,0.032252,0.0345656,0.0292555,0.00649272,0.00597979,0.00649272,0.00597979,25.65,25.65,0.320747,-0.0236747,-0.046379,-0.0189996,-0.0420699,-0.208152,-0.191708,-0.208152,-0.191708,0.337139,-0.0399608,-0.189047
2286,9,19,5,9.6e+22,0.121819,0.00801622,5.9901,1.137,7.20731,216.219,27,18,0.396764,0.0548292,0.0597955,0.0435923,0.0536768,0.040026,0.0365139,0.040026,0.0365139,25.65,25.65,0.320557,0.0240076,-0.173278,0.0190874,-0.155547,-0.180149,-0.164342,-0.180149,-0.164342,0.335823,0.0398134,-0.207556
2287,9,19,6,9.6e+22,0.121819,0.010249,4.7671,1.13,7.80815,234.244,27,18,0.39564,0.0692747,0.0915527,0.0542029,0.0807622,0.0788225,0.0707345,0.0788225,0.0707345,25.65,25.65,0.311216,0.00807527,-0.289954,0.00631837,-0.25578,-0.404967,-0.363414,-0.404967,-0.363414,0.324571,0.0131173,-0.403213
2288,9,19,7,9.6e+22,0.121819,0.0131037,3.9008,1.12,8.75077,262.523,27,18,0.39684,0.0833058,0.123199,0.0632723,0.105295,0.118706,0.103441,0.118706,0.103441,25.65,25.65,0.31002,0.0272817,0.0592152,0.0207209,0.0506098,-0.0889086,-0.0774756,-0.0889086,-0.0774756,0.321299,0.0432061,-0.0700747
2289,9,19,8,9.6e+22,0.121819,0.0167535,3.2535,1.107,10.0858,302.574,30.2574,18,0.398466,0.0983648,0.152697,0.0716779,0.121993,0.156409,0.129579,0.156409,0.129579,28.7446,28.7446,0.303371,0.0320885,0.113389,0.0233827,0.0905898,0.23616,0.19565,0.23616,0.19565,0.311974,0.0482976,0.232111
2290,9,19,9,9.6e+22,0.121819,0.02142,2.7349,1.09,11.9701,359.103,35.9103,24,0.402432,0.124723,0.210269,0.083567,0.155005,0.198513,0.154014,0.198513,0.154014,34.1148,34.1148,0.304234,0.02911,0.0984102,0.0195043,0.0725456,-0.17457,-0.135438,-0.17457,-0.135438,0.310105,0.0415068,0.101005
2291,9,19,10,9.6e+22,0.121819,0.0273861,2.3181,1.07,14.5347,436.039,43.604,24,0.406345,0.157968,0.250406,0.0899879,0.150672,0.200913,0.139155,0.200913,0.139155,41.4238,41.4238,0.301712,0.0148533,0.0867408,0.00846131,0.0521931,0.143374,0.0993018,0.143374,0.0993018,0.304846,0.0196287,0.218056
2292,9,19,11,9.6e+22,0.121819,0.0350141,1.9889,1.051,17.8327,534.98,53.498,30,0.409599,0.225286,0.435565,0.09009,0.182069,0.291696,0.170952,0.291696,0.170952,50.8231,50.8231,0.296469,-0.529706,-1.93249,-0.211825,-0.807794,-1.87699,-1.10003,-1.87699,-1.10003,0.297708,-0.655098,-1.95238
2301,9,20,1,9.6e+22,0.180777,0.003,33.1301,1.176,12.8778,386.334,38.6334,18,0.416066,0.0675805,0.112032,0.0577737,0.0906091,0.07588,0.063248,0.0716315,0.0599718,36,36.7018,0.346022,0.0330094,0.140348,0.0282193,0.113511,-0.123478,-0.102923,-0.130869,-0.109567,0.370594,0.0553803,0.0764953
2302,9,20,2,9.6e+22,0.180777,0.0038356,23.8814,1.18,12.0032,360.095,36.0095,18,0.414627,0.071116,0.114611,0.0601107,0.0947748,0.088018,0.0749382,0.088018,0.0749382,34.209,34.209,0.338313,0.0358737,0.15168,0.0303222,0.125429,0.206068,0.175445,0.206068,0.175445,0.360408,0.0595932,0.257077
2303,9,20,3,9.6e+22,0.180777,0.00490394,17.5884,1.183,11.2098,336.293,33.6293,18,0.411258,0.0749406,0.119035,0.0629481,0.0997302,0.104322,0.0894813,0.104322,0.0894813,31.9478,31.9478,0.330499,0.0398848,0.157874,0.0335022,0.13227,0.20158,0.172903,0.20158,0.172903,0.350977,0.0655786,0.269941
2304,9,20,4,9.6e+22,0.180777,0.00626986,12.2208,1.184,10.4712,314.136,31.4136,18,0.405581,0.0776377,0.123067,0.0648875,0.10535,0.116692,0.10169,0.116692,0.10169,29.8429,29.8429,0.320118,-0.0412952,-0.153972,-0.0345134,-0.131806,-0.285255,-0.248582,-0.285255,-0.248582,0.339021,-0.067086,-0.24597
2305,9,20,5,9.6e+22,0.180777,0.00801622,9.1162,1.18,10.1858,305.574,30.5574,18,0.401171,0.0815118,0.130027,0.0677909,0.111963,0.130468,0.114257,0.130468,0.114257,29.0296,29.0296,0.317526,0.0339275,0.125961,0.0282165,0.108462,0.264492,0.231628,0.264492,0.231628,0.33533,0.0543259,0.225498
2306,9,20,6,9.6e+22,0.180777,0.010249,6.9691,1.173,10.3107,309.32,30.932,18,0.39848,0.0884188,0.138476,0.0728607,0.118778,0.142941,0.124776,0.142941,0.124776,29.3854,29.3854,0.311035,-0.000495441,0.000457953,-0.000408264,0.000392812,0.0758586,0.0662184,0.0758586,0.0662184,0.327063,-0.000777716,0.0142001
2307,9,20,7,9.6e+22,0.180777,0.0131037,5.4493,1.16,10.9117,327.349,32.735,18,0.398126,0.0987119,0.152958,0.0798995,0.128526,0.157746,0.135849,0.157746,0.135849,31.0982,31.0982,0.307559,0.0432692,0.0755763,0.035023,0.0635047,-0.121399,-0.104548,-0.121399,-0.104548,0.321257,0.0659401,-0.0362345
2308,9,20,8,9.6e+22,0.180777,0.0167535,4.3919,1.143,12.0062,360.187,36.0187,18,0.399744,0.110475,0.169554,0.0866586,0.137018,0.176682,0.148421,0.176682,0.148421,34.2178,34.2178,0.300042,-0.0687526,-0.197763,-0.0539309,-0.159813,-0.437529,-0.367544,-0.437529,-0.367544,0.31073,-0.100808,-0.321729
2309,9,20,9,9.6e+22,0.180777,0.02142,3.6089,1.121,13.6772,410.315,41.0315,24,0.403264,0.128805,0.216678,0.0957066,0.164159,0.201964,0.159964,0.201964,0.159964,38.9799,38.9799,0.297958,-0.0936856,-0.365216,-0.0696118,-0.276693,-0.591788,-0.46872,-0.591788,-0.46872,0.305375,-0.12945,-0.377347
2310,9,20,10,9.6e+22,0.180777,0.0273861,3.0249,1.096,15.9648,478.946,47.8945,24,0.407588,0.151906,0.229354,0.10241,0.153243,0.196876,0.145243,0.196876,0.145243,45.4998,45.4998,0.30399,0.0345479,0.137518,0.023291,0.0918828,-0.185588,-0.136915,-0.185588,-0.136915,0.308572,0.0448743,0.200437
2311,9,20,11,9.6e+22,0.180777,0.0350141,2.552,1.071,19.1581,574.742,57.4742,30,0.41184,0.190882,0.295521,0.105768,0.158112,0.198844,0.13038,0.198844,0.13038,54.6005,54.6005,0.304763,-0.272381,-1.0407,-0.150927,-0.556802,-1.39054,-0.911758,-1.39054,-0.911758,0.30695,-0.331817,-1.05518
2320,9,21,1,9.6e+22,0.26827,0.003,51.8868,1.195,20.4546,613.638,61.3638,18,0.422945,0.0796062,0.131409,0.0686403,0.0896985,0.0689047,0.0466219,-0.0607438,-0.0437507,36,54,0.351711,0.0250562,0.094564,0.0216046,0.0645487,0.334594,0.226391,0.514098,0.370279,0.377024,0.0410027,0.153689
2321,9,21,2,9.6e+22,0.26827,0.0038356,42.4377,1.2,19.8459,595.378,59.5378,18,0.422505,0.0826576,0.134454,0.0708349,0.0918287,0.0763762,0.0523457,-0.0402471,-0.0294305,36,54,0.346388,-0.0198961,-0.0742336,-0.0170503,-0.0506998,-0.279119,-0.191299,-0.221914,-0.162274,0.369989,-0.032256,-0.137875
2322,9,21,3,9.6e+22,0.26827,0.00490394,28.974,1.208,18.4213,552.641,55.264,18,0.418692,0.0890408,0.143069,0.0758946,0.100351,0.101679,0.0733153,0.0127065,0.00972042,36,52.5008,0.336416,-0.0480052,-0.169754,-0.0409176,-0.119068,-0.601849,-0.433964,-0.758214,-0.580032,0.357895,-0.0764258,-0.299404
2323,9,21,4,9.6e+22,0.26827,0.00626986,20.8447,1.213,17.1082,513.247,51.3247,18,0.413771,0.0958034,0.155272,0.0815837,0.114104,0.133141,0.100886,0.0721726,0.0568775,36,48.7585,0.325393,-0.0460108,-0.155781,-0.0391816,-0.114478,-0.538615,-0.408128,-0.649139,-0.511571,0.345441,-0.0720612,-0.274073
2324,9,21,5,9.6e+22,0.26827,0.00801622,14.4272,1.213,15.8288,474.863,47.4863,18,0.408008,0.102122,0.16569,0.0868589,0.127499,0.165447,0.131066,0.126223,0.102549,36,45.112,0.319724,0.03377,0.113618,0.0287226,0.0874301,0.392053,0.310581,0.297232,0.241484,0.338523,0.0518176,0.180412
2325,9,21,6,9.6e+22,0.26827,0.010249,10.5931,1.208,15.1333,454,45.4,18,0.40367,0.106399,0.168898,0.0900756,0.133732,0.178782,0.145559,0.150725,0.124975,36,43.13,0.316004,0.0293214,0.0944826,0.0248231,0.0748102,0.341533,0.278067,0.470895,0.390448,0.333308,0.0440368,0.149699
2326,9,21,7,9.6e+22,0.26827,0.0131037,7.9654,1.196,15.0085,450.256,45.0256,24,0.401865,0.114009,0.196985,0.0954429,0.158909,0.166528,0.138674,0.166528,0.138674,42.7743,42.7743,0.31381,0.028556,0.13398,0.0239057,0.108083,0.0661225,0.0550626,0.0661225,0.0550626,0.328987,0.041709,0.137905
2327,9,21,8,9.6e+22,0.26827,0.0167535,6.1914,1.177,15.5248,465.744,46.5743,24,0.40295,0.126381,0.211873,0.103595,0.166814,0.183612,0.150024,0.183612,0.150024,44.2456,44.2456,0.305714,-0.056502,-0.239759,-0.0463148,-0.18877,-0.507692,-0.41482,-0.507692,-0.41482,0.317794,-0.0794511,-0.247997
2328,9,21,9,9.6e+22,0.26827,0.02142,4.9545,1.153,16.7069,501.207,50.1207,24,0.405918,0.141396,0.227259,0.111725,0.171019,0.196482,0.156071,0.196482,0.156071,47.6146,47.6146,0.301229,-0.0666363,-0.254027,-0.0526533,-0.191162,-0.594796,-0.472463,-0.594796,-0.472463,0.310056,-0.0894773,-0.397401
2329,9,21,10,9.6e+22,0.26827,0.0273861,4.0577,1.124,18.6081,558.244,55.8243,24,0.409801,0.15689,0.228048,0.116367,0.157584,0.202831,0.149597,0.181531,0.137005,48,53.0331,0.306359,-0.104366,-0.319367,-0.0774093,-0.220686,-0.83818,-0.618195,-0.82355,-0.62155,0.312232,-0.133006,-0.496658
2330,9,21,11,9.6e+22,0.26827,0.0350141,3.3536,1.094,21.4907,644.719,64.472,30,0.413723,0.177616,0.242129,0.116792,0.145029,0.146379,0.100892,0.141305,0.0983234,60,61.2484,0.320498,0.00968374,0.0549113,0.00636758,0.0328905,-0.297565,-0.205098,-0.299685,-0.208528,0.323813,0.01167,0.0559356
2331,9,21,12,9.6e+22,0.26827,0.0447667,2.8174,1.067,25.4195,762.586,76.2585,36,0.417262,0.219118,0.306179,0.113848,0.135884,0.140747,0.0854121,0.137843,0.0843285,72,72.4456,0.332069,0.0489794,-0.799766,0.0254484,-0.354941,-1.01958,-0.618731,-0.991269,-0.606432,0.333605,0.0564488,-0.80658
2339,9,22,3,9.6e+22,0.398107,0.00490394,47.0405,1.22,29.6713,890.141,89.014,18,0.426048,0.0956211,0.147569,0.0820867,0.0977741,0.0807439,0.0399007,-0.138366,-0.0718687,36,54,0.495163,0.81515,0.731255,0.699771,0.484504,0.820813,0.405616,0.885941,0.460165,0.527223,1.27686,0.750809
2340,9,22,4,9.6e+22,0.398107,0.00626986,35.8169,1.226,28.2872,848.617,84.8617,18,0.421977,0.0998649,0.153052,0.0857319,0.103088,0.0996779,0.0532409,-0.0978355,-0.0548302,36,54,0.497282,0.880301,0.851648,0.755719,0.573629,0.911839,0.48704,1.11985,0.627598,0.528527,1.35741,0.863319
2341,9,22,5,9.6e+22,0.398107,0.00801622,25.1688,1.23,26.2453,787.361,78.736,18,0.41667,0.107431,0.163881,0.0922889,0.113371,0.132449,0.0789786,-0.0328563,-0.0204733,36,54,0.635775,1.73715,1.74293,1.4923,1.20575,1.70916,1.01916,1.15869,0.722,0.674083,2.61841,1.721
2342,9,22,6,9.6e+22,0.398107,0.010249,18.4538,1.229,24.4832,734.495,73.4495,18,0.412515,0.115471,0.176297,0.0990572,0.124799,0.174979,0.113661,0.0517573,0.0349985,36,54,0.814019,2.84269,1.17763,2.43861,0.833635,0.633416,0.411446,0.0650676,0.043999,0.860203,4.18403,1.01424
2343,9,22,7,9.6e+22,0.398107,0.0131037,12.8385,1.22,22.8355,685.065,68.5065,24,0.409327,0.125321,0.208793,0.106752,0.143375,0.145379,0.103383,0.0737903,0.0555753,48,65.0812,1.64471,8.19883,1.49781,6.98401,1.02853,1.08872,0.774224,0.637036,0.479785,1.72716,11.6598,1.55582
2344,9,22,8,9.6e+22,0.398107,0.0167535,9.4096,1.203,22.1177,663.531,66.3531,24,0.408339,0.134154,0.21057,0.112606,0.147907,0.158677,0.115564,0.0991697,0.0756274,48,63.0354,0.317862,-0.0580607,-0.220611,-0.0487351,-0.15496,-0.745866,-0.543211,-0.825701,-0.629685,0.331112,-0.0795068,-0.230362
2345,9,22,9,9.6e+22,0.398107,0.02142,7.182,1.179,22.3322,669.965,66.9965,24,0.410193,0.149931,0.22294,0.122612,0.154875,0.186412,0.134761,0.119136,0.0906414,48,63.6466,0.325904,0.0185384,-0.100371,0.0151606,-0.0697271,-0.629455,-0.455045,-0.72481,-0.551451,0.336334,0.0243384,-0.235469
2346,9,22,10,9.6e+22,0.398107,0.0273861,5.6625,1.15,23.4904,704.711,70.4712,30,0.413731,0.167361,0.250711,0.130929,0.168931,0.159238,0.114759,0.13335,0.0989281,60,66.9476,0.319891,-0.0764533,-0.326884,-0.0598106,-0.220257,-0.790946,-0.570017,-0.736275,-0.546219,0.326982,-0.0958899,-0.332918
2347,9,22,11,9.6e+22,0.398107,0.0350141,4.5788,1.119,25.6523,769.57,76.957,30,0.417317,0.185148,0.253111,0.13422,0.153983,0.18373,0.120961,0.135796,0.0957211,60,73.1092,0.333053,0.00466021,0.00686078,0.00337834,0.00417384,-0.866605,-0.570541,-0.884805,-0.623689,0.337549,0.00558062,0.00703672
2348,9,22,12,9.6e+22,0.398107,0.0447667,3.752,1.088,29.0806,872.417,87.2417,36,0.420232,0.202939,0.249768,0.1275,0.125227,0.113455,0.0670218,0.0802852,0.051647,72,82.8796,0.333215,-0.0170885,-0.0452714,-0.0107362,-0.0226978,0.388234,0.229343,0.282887,0.181979,0.335513,-0.0196059,-0.0458678
2349,9,22,13,9.6e+22,0.398107,0.0572357,3.1284,1.062,33.9035,1017.1,101.71,36,0.42162,0.221123,0.244562,0.104246,0.0782675,0.0488699,0.020297,-0.0112496,-0.00633619,72,96.6249,0.342081,-0.0990671,-0.271739,-0.0467039,-0.0869651,-0.473244,-0.196551,-0.874462,-0.492531,0.343096,-0.110372,-0.345903
2356,9,23,4,9.6e+22,0.590784,0.00626986,54.2055,1.234,44.492,1334.76,133.476,18,0.428354,0.105219,0.153124,0.0907406,0.103275,0.0483066,0.0162243,-0.487541,-0.110388,36,54,0.505875,0.816515,1.17112,0.704159,0.789869,1.36263,0.457655,1.93205,0.43745,0.537617,1.24026,1.17903
2357,9,23,5,9.6e+22,0.590784,0.00801622,40.6576,1.238,42.5718,1277.15,127.715,18,0.424121,0.111122,0.15977,0.0959277,0.109885,0.0845992,0.0311421,-0.303723,-0.0882311,36,54,0.498929,0.83753,1.27416,0.72301,0.876333,1.4013,0.515838,1.72023,0.499725,0.52911,1.2465,1.26646
2358,9,23,6,9.6e+22,0.590784,0.010249,30.7669,1.239,40.3281,1209.84,120.984,24,0.420626,0.117931,0.177543,0.101754,0.106392,-0.0538509,-0.0193323,-0.398307,-0.157899,48,72,0.518786,0.946124,0.697112,0.816336,0.417742,-0.351837,-0.126308,-1.64073,-0.650428,0.54851,1.37652,0.732016
2359,9,23,7,9.6e+22,0.590784,0.0131037,22.113,1.233,37.5129,1125.39,112.539,24,0.417793,0.128301,0.197698,0.110235,0.122806,0.0636641,0.0283498,-0.185948,-0.0898671,48,72,0.606384,1.53153,1.92891,1.31588,1.1982,1.91401,0.852314,0.612913,0.296216,0.63776,2.16038,2.0264
2360,9,23,8,9.6e+22,0.590784,0.0167535,15.5878,1.219,34.8234,1044.7,104.47,24,0.416687,0.141745,0.215312,0.120487,0.137867,0.146935,0.0768611,-0.025944,-0.0145474,48,72,1.07927,4.63123,0.684148,3.93668,0.438068,0.195686,0.102363,-0.658973,-0.369503,1.12638,6.28563,0.674807
2361,9,23,9,9.6e+22,0.590784,0.02142,11.2436,1.197,33.0817,992.449,99.245,24,0.416909,0.153361,0.217577,0.127794,0.141422,0.163817,0.0936575,0.0136058,0.00828388,48,72,0.450134,0.757048,1.87592,0.63084,1.21932,1.04771,0.598997,0.17664,0.107547,0.465503,0.984679,1.67195
2362,9,23,10,9.6e+22,0.590784,0.0273861,8.4284,1.17,32.6195,978.585,97.8585,30,0.419082,0.168713,0.234043,0.136029,0.137072,0.107538,0.0642444,-0.0162464,-0.0109414,60,90,0.593308,2.07599,3.25272,1.67381,1.90503,2.61687,1.56335,1.3364,0.900022,0.607888,2.58489,3.33165
2363,9,23,11,9.6e+22,0.590784,0.0350141,6.529,1.139,33.5049,1005.15,100.515,30,0.422325,0.191018,0.253612,0.145808,0.143377,0.177987,0.102327,0.051481,0.0335694,60,90,2.52676,22.5491,0.236232,17.2123,0.133552,0.25456,0.146349,0.759466,0.495228,2.56699,26.8898,0.223238
2364,9,23,12,9.6e+22,0.590784,0.0447667,5.1683,1.107,35.9023,1077.07,107.707,36,0.424927,0.211075,0.266449,0.146242,0.12896,0.157134,0.0835832,0.0593031,0.0378734,72,102.322,0.345178,-0.0131121,-0.0445368,-0.00908462,-0.0215556,0.0655223,0.0348528,-0.307147,-0.196156,0.348262,-0.0150128,-0.0453237
2365,9,23,13,9.6e+22,0.590784,0.0572357,4.2006,1.079,39.8922,1196.76,119.676,42,0.426226,0.217848,0.22712,0.126653,0.0834582,0.0215908,0.00965667,-0.0252784,-0.0146881,84,113.693,0.348715,-0.0490428,-0.179333,-0.0285125,-0.0658982,0.023588,0.0105499,-0.28725,-0.166907,0.350237,-0.0543834,-0.180482
2366,9,23,14,9.6e+22,0.590784,0.0731778,3.489,1.056,45.6097,1368.29,136.829,42,0.42621,0.219368,0.182827,0.08928,0.0350606,-0.157446,-0.0399915,-0.143169,-0.0687034,84,126,0.349988,-0.168971,-0.631989,-0.0687689,-0.121196,-0.787562,-0.200042,0.125307,0.0601318,0.350636,-0.184203,-0.634042
2372,9,24,6,9.6e+22,0.876712,0.010249,52.2973,1.244,65.1065,1953.2,195.32,24,0.428903,0.120342,0.172067,0.104177,0.102514,-0.696019,-0.081502,2.26318,-0.269539,48,72,0.536703,0.950916,0.761214,0.823184,0.453515,-1.38981,-0.162743,5.6123,-0.668412,0.567937,1.38013,0.804288
2373,9,24,7,9.6e+22,0.876712,0.0131037,37.9839,1.24,61.8736,1856.21,185.621,24,0.426192,0.129048,0.181154,0.111379,0.111601,-0.353582,-0.0582161,19.6938,-0.23388,48,72,0.61462,1.47862,0.983326,1.27618,0.605782,1.67863,0.27638,-18.5641,0.220463,0.647086,2.0795,1.04096
2374,9,24,8,9.6e+22,0.876712,0.0167535,25.5331,1.226,57.0618,1711.85,171.185,24,0.42496,0.142312,0.194636,0.121555,0.12379,-0.0793123,-0.0186318,-1.16733,-0.16779,48,72,0.491945,0.864496,0.812625,0.738403,0.516837,1.02406,0.240568,1.46926,0.211189,0.513473,1.16307,0.804838
2375,9,24,9,9.6e+22,0.876712,0.02142,19.363,1.21,53.7107,1611.32,161.132,24,0.425369,0.155997,0.211197,0.131512,0.13622,0.0790211,0.0226557,-0.369257,-0.0899576,48,72,0.504759,0.975948,0.869791,0.822761,0.561008,0.95925,0.275021,-0.825773,-0.201173,0.523124,1.26945,0.845926
2376,9,24,10,9.6e+22,0.876712,0.0273861,13.4542,1.182,50.0653,1501.96,150.196,30,0.427014,0.173293,0.226708,0.141922,0.12722,0.0313064,0.0104473,-0.237239,-0.0893409,60,90,0.462487,0.825293,0.854299,0.675889,0.479398,0.884245,0.295084,0.662887,0.249634,0.474538,1.02368,0.885685
2377,9,24,11,9.6e+22,0.876712,0.0350141,9.9726,1.154,48.3766,1451.3,145.13,30,0.428638,0.186748,0.224862,0.14662,0.125852,0.0629197,0.023882,-0.177512,-0.074977,60,90,0.498605,1.34418,1.6434,1.05535,0.919782,1.64023,0.62257,1.56534,0.661164,0.507407,1.59979,1.63324
2378,9,24,12,9.6e+22,0.876712,0.0447667,7.5377,1.123,48.5518,1456.56,145.656,36,0.430904,0.20853,0.240626,0.152411,0.114919,0.0443719,0.0171187,-0.175386,-0.0817154,72,108,0.429436,0.849144,0.526845,0.620623,0.251613,-0.650856,-0.2511,-1.30027,-0.605819,0.433975,0.971567,0.54056
2379,9,24,13,9.6e+22,0.876712,0.0572357,5.9017,1.094,50.7999,1524,152.4,42,0.432133,0.227786,0.246328,0.147657,0.090885,0.0248897,0.00859269,-0.109424,-0.0520141,84,126,1.31284,16.4776,0.585285,10.6813,0.215946,0.357323,0.123359,0.465431,0.221239,1.32028,18.2549,0.592838
2380,9,24,14,9.6e+22,0.876712,0.0731778,4.7341,1.069,55.3055,1659.17,165.917,42,0.431793,0.232984,0.215624,0.120676,0.059215,-0.0766716,-0.0165197,-0.165351,-0.0582369,84,126,0.363081,-0.0931421,-0.310659,-0.0482435,-0.0853135,-0.885661,-0.190825,-1.95723,-0.689339,0.364043,-0.100847,-0.447118
2386,9,25,7,9.6e+22,1.30103,0.0131037,56.4658,1.242,96.7491,2902.47,290.247,24,0.433611,0.135237,0.190129,0.116839,0.118804,-0.425687,-0.0647958,0.942957,-0.305953,48,72,0.506672,0.802073,1.18031,0.692955,0.737524,2.13417,0.324852,-0.321771,0.104402,0.532786,1.11485,1.25025
2387,9,25,8,9.6e+22,1.30103,0.0167535,45.5583,1.234,93.9802,2819.41,281.941,24,0.433407,0.143322,0.196709,0.123147,0.125128,-0.267342,-0.0483878,0.994868,-0.280387,48,72,0.507931,0.825041,1.09573,0.708902,0.697004,1.66347,0.30108,-0.303523,0.0855429,0.531445,1.1175,1.08166
2388,9,25,9,9.6e+22,1.30103,0.02142,32.6552,1.216,88.604,2658.12,265.812,24,0.434084,0.156012,0.203281,0.132179,0.131807,-0.111459,-0.025242,1.18313,-0.238722,48,72,0.499807,0.887321,1.1738,0.751773,0.761095,1.50854,0.341638,-0.631133,0.127345,0.518397,1.15212,1.1383
2389,9,25,10,9.6e+22,1.30103,0.0273861,22.5309,1.19,81.9405,2458.21,245.821,30,0.435993,0.174446,0.213041,0.144032,0.119646,-1.25048,-0.0841113,1.41581,-0.276557,60,90,0.481481,0.825297,0.900755,0.681409,0.505871,2.58184,0.173664,2.17312,-0.424487,0.494439,1.02171,0.937887
2390,9,25,11,9.6e+22,1.30103,0.0350141,16.8051,1.165,77.0315,2310.95,231.095,30,0.437637,0.190813,0.225631,0.152633,0.127408,-0.384128,-0.0454109,3.56081,-0.196925,60,90,0.471869,0.912166,1.0288,0.72965,0.58094,1.85171,0.218906,-2.22087,0.122822,0.481026,1.08838,1.02122
2391,9,25,12,9.6e+22,1.30103,0.0447667,11.975,1.135,72.7909,2183.73,218.373,36,0.438754,0.20518,0.210945,0.154756,0.102429,-1.2533,-0.0819989,-2.42068,-0.211227,72,108,0.477195,1.23129,1.43053,0.928696,0.694623,4.45592,0.291536,3.04746,0.265919,0.482894,1.41067,1.47924
2392,9,25,13,9.6e+22,1.30103,0.0572357,8.9279,1.107,71.328,2139.84,213.984,42,0.43923,0.218084,0.183055,0.150328,0.0705244,-1.13441,-0.105639,-1.34991,-0.224721,84,126,0.431992,0.87553,1.73158,0.603514,0.667112,3.51156,0.327005,2.0817,0.346542,0.434937,0.970996,1.77886
2393,9,25,14,9.6e+22,1.30103,0.0731778,6.7812,1.08,72.9089,2187.27,218.727,48,0.438801,0.238757,0.179981,0.1399,0.0480017,-1.37381,-0.0886834,-0.915192,-0.165382,96,144,0.405054,0.806659,0.865765,0.472664,0.230903,0.311886,0.0201332,0.652023,0.117825,0.406428,0.872121,0.887603
2394,9,25,15,9.6e+22,1.30103,0.0935603,5.4041,1.059,77.438,2323.14,232.314,48,0.437358,0.237554,0.10959,0.104356,0.018434,1.8103,-0.106889,-2.69547,-0.160596,96,144,0.370709,-0.160355,-0.688957,-0.0704431,-0.115889,4.65946,-0.275117,-3.92907,-0.234093,0.371298,-0.171014,-0.716786
2399,9,26,9,9.6e+22,1.9307,0.02142,57.8302,1.225,142.968,4289.05,428.905,24,0.441581,0.154874,0.205949,0.132182,0.133794,-0.135062,-0.029431,1.01008,-0.269456,48,72,0.520958,0.926744,1.27652,0.790958,0.829287,1.9807,0.431608,-0.69719,0.185988,0.541982,1.2171,1.41965
2400,9,26,10,9.6e+22,1.9307,0.0273861,38.889,1.197,135.106,4053.19,405.319,30,0.444425,0.173106,0.205881,0.14401,0.116436,-2.99161,-0.114575,0.762529,-0.410642,60,90,0.525397,1.03849,1.33155,0.863934,0.753059,7.57769,0.290215,0.719437,-0.387436,0.540367,1.29103,1.38615
2401,9,26,11,9.6e+22,1.9307,0.0350141,28.3787,1.171,127.179,3815.38,381.538,30,0.44667,0.18805,0.211513,0.151605,0.120742,-1.0314,-0.0877884,0.799294,-0.361155,60,90,0.485763,0.922439,1.11709,0.743666,0.637689,2.84467,0.242126,-0.01047,0.0047308,0.495544,1.10086,1.10581
2402,9,26,12,9.6e+22,1.9307,0.0447667,20.3228,1.143,118.468,3554.04,355.404,36,0.448258,0.207405,0.214666,0.159229,0.106169,2.05683,-0.137226,0.679851,-0.403648,72,108,0.48814,1.06617,1.08887,0.818522,0.538529,-2.18954,0.14608,0.122489,-0.0727251,0.494465,1.22395,1.12706
2403,9,26,13,9.6e+22,1.9307,0.0572357,14.1025,1.113,110.344,3310.33,331.033,42,0.448603,0.224518,0.193561,0.158313,0.0769377,0.940546,-0.181161,0.84804,-0.381534,84,126,0.447653,0.924684,0.997666,0.652015,0.396558,-0.145664,0.0280567,0.236172,-0.106254,0.450878,1.02388,1.02806
2404,9,26,14,9.6e+22,1.9307,0.0731778,10.5224,1.089,106.345,3190.34,319.034,48,0.447221,0.225759,0.11074,0.141649,0.0328044,0.824888,-0.236859,1.28461,-0.401957,96,144,0.434441,0.899239,0.818816,0.564214,0.242557,0.288907,-0.0829567,1.89368,-0.592537,0.436185,0.97236,0.843249
2405,9,26,15,9.6e+22,1.9307,0.0935603,7.9102,1.067,106.06,3181.8,318.18,48,0.445182,0.229894,0.0910319,0.11638,0.0207938,0.703824,-0.203121,1.10577,-0.337029,96,144,0.425317,1.32332,1.81123,0.669907,0.413727,-0.0217809,0.00628589,0.316052,-0.0963303,0.426151,1.40664,2.09814
2410,9,27,10,9.6e+22,2.86512,0.0273861,58.9532,1.195,211.432,6342.95,525.3,30,0.452677,0.185392,0.240296,0.153976,0.137455,-1.18588,-0.0667519,0.633518,-0.339413,60,90,0.507367,0.853609,1.19105,0.708955,0.681309,2.24945,0.126618,0.615283,-0.329643,0.521262,1.0536,1.23975
2411,9,27,11,9.6e+22,2.86512,0.0350141,48.6832,1.178,206.662,6199.86,525.3,30,0.454768,0.194899,0.238643,0.158691,0.137441,-0.668032,-0.0569878,0.660362,-0.322662,60,90,0.505669,0.980365,1.50509,0.798236,0.866823,6.24249,0.532528,-0.718397,0.351019,0.516697,1.17753,1.69986
2412,9,27,12,9.6e+22,2.86512,0.0447667,33.4691,1.145,194.315,5829.44,525.3,36,0.457782,0.21299,0.222576,0.164288,0.111679,1.96451,-0.136092,0.620928,-0.45574,72,108,0.48675,0.942504,1.19335,0.726992,0.598774,1.07373,-0.0743825,0.832857,-0.611288,0.493106,1.08026,1.23488
2413,9,27,13,9.6e+22,2.86512,0.0572357,24.3775,1.119,182.213,5466.38,525.3,42,0.458583,0.223528,0.184763,0.161284,0.0757733,0.933536,-0.21612,0.602168,-0.574211,84,126,0.466809,0.99232,1.3541,0.715997,0.555331,-0.796967,0.184503,0.0529401,-0.0504822,0.470526,1.10177,1.39511
2414,9,27,14,9.6e+22,2.86512,0.0731778,18.0313,1.097,171.044,5131.31,513.131,48,0.457487,0.22882,0.128748,0.15051,0.0409553,0.732279,-0.279435,0.582859,-0.640811,96,144,0.464043,1.11447,1.4013,0.733061,0.445762,-0.10289,0.0392623,0.216324,-0.237832,0.466224,1.20838,1.443
2415,9,27,15,9.6e+22,2.86512,0.0935603,12.6496,1.074,160.733,4821.99,482.199,54,0.454679,0.225077,-0.0217562,0.123624,-0.00438615,0.650965,-0.333331,0.60409,-0.639193,108,162,0.431765,1.0308,1.2443,0.566166,0.250857,0.222734,-0.114052,0.31177,-0.329887,0.432758,1.09521,1.28935
2416,9,27,16,9.6e+22,2.86512,0.11962,9.3942,1.056,156.648,4699.44,469.944,54,0.450965,0.190186,-0.314976,0.0773283,-0.0367062,0.63345,-0.324084,0.613354,-0.593121,108,162,0.442828,2.07342,2.12727,0.843037,0.247905,0.223562,-0.114378,-0.067212,0.0649949,0.443323,2.18261,2.25349
2420,9,28,12,9.6e+22,4.25179,0.0447667,52.5128,1.145,308.519,9255.57,525.3,36,0.466708,0.234817,0.282903,0.181096,0.143479,1.29652,-0.0690066,0.48402,-0.348858,72,108,0.507036,1.0624,1.57183,0.819349,0.797174,-6.54683,0.348452,0.0467619,-0.0337037,0.513516,1.21406,1.62603
2421,9,28,13,9.6e+22,4.25179,0.0572357,43.0974,1.127,300.285,9008.56,525.3,42,0.467906,0.24638,0.27005,0.182179,0.113524,0.632335,-0.147306,0.473361,-0.477046,84,126,0.503859,1.14155,1.68473,0.844087,0.708231,-0.808546,0.188355,0.215995,-0.217677,0.508477,1.27562,1.73384
2422,9,28,14,9.6e+22,4.25179,0.0731778,30.7237,1.101,282.873,8486.18,525.3,48,0.467743,0.259274,0.240072,0.174085,0.0794829,0.553198,-0.212028,0.467025,-0.57374,96,144,0.468424,1.05893,1.78465,0.711002,0.59086,-0.0152558,0.00584718,0.345812,-0.424829,0.470783,1.14923,1.8361
2423,9,28,15,9.6e+22,4.25179,0.0935603,21.4975,1.078,262.75,7882.5,525.3,54,0.465439,0.267902,0.188675,0.153846,0.0423485,0.499843,-0.26296,0.451733,-0.638038,108,162,0.468433,1.37185,1.88213,0.787803,0.42245,0.308482,-0.162288,0.464089,-0.655491,0.469624,1.45781,1.94556
2424,9,28,16,9.6e+22,4.25179,0.11962,15.3167,1.06,245.598,7367.95,525.3,54,0.461629,0.256233,0.0819487,0.11433,0.012698,0.508145,-0.257447,0.457335,-0.5949,108,162,0.433705,1.21468,1.77433,0.541988,0.274934,0.508373,-0.257562,0.56426,-0.733987,0.434237,1.27436,1.8573
2428,9,29,14,9.6e+22,6.30957,0.0731778,49.5587,1.102,453.333,13600,525.3,48,0.476662,0.26915,0.290421,0.181713,0.0986196,0.473513,-0.173535,0.424489,-0.515823,96,144,0.487164,1.12028,2.01435,0.756339,0.684024,-0.649067,0.237872,0.133973,-0.162799,0.489647,1.21542,2.07147
2429,9,29,15,9.6e+22,6.30957,0.0935603,37.6708,1.083,435.002,13050.1,525.3,48,0.475593,0.28098,0.284066,0.168592,0.0883636,0.477263,-0.158259,0.424134,-0.477133,96,144,0.467465,0.989333,1.48674,0.593616,0.462475,0.877423,-0.290952,0.899756,-1.01219,0.468826,1.05358,1.58792
2430,9,29,16,9.6e+22,6.30957,0.11962,25.4776,1.062,403.454,12103.6,525.3,54,0.471928,0.291628,0.237099,0.134417,0.0412603,0.435959,-0.212643,0.411096,-0.544847,108,162,0.452758,1.42349,3.49322,0.656114,0.607894,-0.227966,0.111192,0.167901,-0.222528,0.453344,1.49314,3.64154
2434,9,30,15,9.6e+22,9.36329,0.0935603,55.6215,1.079,680.564,20416.9,525.3,54,0.483954,0.461778,1.04779,0.268436,0.253887,-0.309706,0.151274,-0.0123798,0.0172183,108,162,0.485852,1.54158,3.89223,0.896132,0.943114,-1.33945,0.654249,-0.292454,0.406757,0.487082,1.63496,4.01467
2435,9,30,16,9.6e+22,9.36329,0.11962,44.2021,1.066,661.091,19832.7,525.3,54,0.482346,0.530432,1.20125,0.26223,0.23835,-0.292106,0.136961,-0.00154968,0.00204206,108,162,0.481751,1.89575,4.532,0.937202,0.899232,-1.35791,0.636686,-0.302201,0.398218,0.482477,1.99073,4.70114
2436,9,30,17,9.6e+22,9.36329,0.152938,32.0815,1.051,626.171,18785.1,525.3,60,0.47856,0.680525,3.87248,0.2359,0.192618,-0.109713,0.0703919,0.0588529,-0.0900432,120,180,0.452028,2.27475,16.2769,0.788528,0.809613,-0.803142,0.515294,-0.209008,0.319776,0.452359,2.37471,18.2805
2439,9,31,17,9.6e+22,13.895,0.152938,56.6804,1.056,1010.46,30313.9,525.3,60,0.488848,0.767652,3.33139,0.311774,0.314163,-0.437764,0.269874,-0.13856,0.210858,120,180,0.473045,2.04812,8.85796,0.831825,0.835341,-1.21648,0.749938,-0.315416,0.479995,0.473488,2.13799,9.41703
