ID,i,j,k,SD_emb,M_BE,FWHM_pc,xi_max,contrast,R_out_as,R_cloud_as,theta_bg,theta_int,R_peak_hires,R_exc_hires,R_int_hires,R_peak_scale,R_exc_scale,R_int_scale
1,1,8,1,3.75e+20,0.00158489,0.003,0.5508,1.556,1.33088,39.9268,23.9561,18,0.491975,-0.045099,-0.367464,0.426033,-0.153141,-0.50702
2,1,9,1,3.75e+20,0.00235195,0.003,0.698,1.824,1.35462,40.6379,24.3827,18,0.397617,-0.0220136,-0.255187,0.337933,-0.106659,-0.364155
3,1,9,2,3.75e+20,0.00235195,0.0038356,0.5868,1.82,1.70831,51.2497,27,18,0.522266,0.012701,-0.250251,1.8544,2.388,1.80823
4,1,10,1,3.75e+20,0.00349025,0.003,0.8811,2.222,1.39669,41.9006,25.1404,18,0.317418,-0.00815223,-0.176961,0.264561,-0.0744672,-0.269278
5,1,10,2,3.75e+20,0.00349025,0.0038356,0.7401,2.214,1.75319,52.5963,27,18,0.429442,0.0249365,-0.138754,1.43462,1.5839,0.851035
6,1,10,3,3.75e+20,0.00349025,0.00490394,0.6167,2.201,2.23485,67.045,27,18,0.562862,0.0864981,-0.0294189,0.962278,0.851473,0.741321
7,1,10,4,3.75e+20,0.00349025,0.00626986,0.5192,2.181,2.82477,84.7431,27,18,0.689616,0.160773,0.0774856,0.908957,0.709133,0.377573
8,1,11,1,3.75e+20,0.00517947,0.003,1.1389,2.813,1.41265,42.3791,25.4274,18,0.241079,0.0023277,-0.108334,3.15484,3.59694,-0.0350878
9,1,11,2,3.75e+20,0.00517947,0.0038356,0.9515,2.802,1.77054,53.1167,27,18,0.335729,0.027445,-0.0707814,1.15139,1.14827,0.601238
10,1,11,3,3.75e+20,0.00517947,0.00490394,0.7913,2.782,2.24546,67.3642,27,18,0.455475,0.0691507,0.00620786,0.853181,0.711393,0.789536
11,1,11,4,3.75e+20,0.00517947,0.00626986,0.6605,2.75,2.851,85.5305,27,18,0.588722,0.128359,0.0968466,0.840423,0.635703,0.386063
12,1,11,5,3.75e+20,0.00517947,0.00801622,0.5619,2.706,3.55146,106.544,27,18,0.634723,0.408719,0.509834,0.908277,0.844351,0.96233
13,1,12,1,3.75e+20,0.00768625,0.003,1.48,3.691,1.44685,43.4051,26.043,18,0.182847,0.0100381,-0.060014,1.63321,1.69273,0.368069
14,1,12,2,3.75e+20,0.00768625,0.0038356,1.2258,3.673,1.80865,54.259,27,18,0.258523,0.028446,-0.024165,0.972882,0.926803,0.447031
15,1,12,3,3.75e+20,0.00768625,0.00490394,1.0127,3.642,2.28881,68.6641,27,18,0.363695,0.059978,0.0327552,0.653485,0.473485,0.382466
16,1,12,4,3.75e+20,0.00768625,0.00626986,0.8466,3.597,2.87573,86.2718,27,18,0.482282,0.0988962,0.0960868,0.743786,0.540385,-0.0643041
17,1,12,5,3.75e+20,0.00768625,0.00801622,0.7098,3.525,3.62392,108.717,27,18,0.536724,0.344362,0.449409,0.855858,0.794652,0.913176
18,1,12,6,3.75e+20,0.00768625,0.010249,0.6,3.413,4.60046,138.014,27,18,0.615981,0.458,0.57692,0.854737,0.812955,0.859485
19,1,12,7,3.75e+20,0.00768625,0.0131037,0.5295,3.245,5.86335,175.9,27,18,0.674614,0.505313,0.630698,0.960308,0.950388,1.18394
20,1,13,1,3.75e+20,0.0114062,0.003,1.9269,4.989,1.52323,45.6965,27,18,0.139817,0.0137971,-0.0261627,1.20585,1.20081,0.578864
21,1,13,2,3.75e+20,0.0114062,0.0038356,1.5936,4.962,1.86819,56.0452,27,18,0.199341,0.0312251,0.0092759,0.448061,0.325364,0.542311
22,1,13,3,3.75e+20,0.0114062,0.00490394,1.3127,4.917,2.33369,70.0106,27,18,0.279787,0.0491918,0.044413,0.569398,0.423257,0.38285
23,1,13,4,3.75e+20,0.0114062,0.00626986,1.0906,4.849,2.91858,87.5573,27,18,0.384444,0.0788072,0.092813,0.600532,0.396292,0.312172
24,1,13,5,3.75e+20,0.0114062,0.00801622,0.8963,4.732,3.736,112.08,27,18,0.439103,0.280159,0.380985,0.774764,0.714467,0.95518
25,1,13,6,3.75e+20,0.0114062,0.010249,0.7501,4.562,4.71435,141.43,27,18,0.527464,0.394929,0.506948,0.942281,0.938076,0.951089
26,1,13,7,3.75e+20,0.0114062,0.0131037,0.6405,4.299,6.01946,180.584,27,18,0.593349,0.449077,0.568865,0.900267,0.881544,1.13656
27,1,13,8,3.75e+20,0.0114062,0.0167535,0.5743,3.989,7.43096,222.929,27,18,0.712849,0.605672,0.703206,0.897167,0.865077,0.903861
28,1,14,1,3.75e+20,0.0169267,0.003,2.5606,6.907,1.64458,49.3374,27,18,0.108241,0.0185659,0.00693356,0.458014,0.39769,0.396154
29,1,14,2,3.75e+20,0.0169267,0.0038356,2.0966,6.871,1.97231,59.1693,27,18,0.151007,0.028202,0.0266219,0.467103,0.384825,0.961779
30,1,14,3,3.75e+20,0.0169267,0.00490394,1.7186,6.806,2.4145,72.4355,27,18,0.216283,0.0454362,0.0552251,0.36645,0.227247,-0.144088
31,1,14,4,3.75e+20,0.0169267,0.00626986,1.4041,6.694,3.0205,90.6155,27,18,0.387568,0.224935,0.293772,0.519834,0.394916,0.592541
32,1,14,5,3.75e+20,0.0169267,0.00801622,1.1619,6.532,3.77704,113.311,27,18,0.347827,0.221695,0.312626,0.683998,0.627957,0.859123
33,1,14,6,3.75e+20,0.0169267,0.010249,0.9683,6.285,4.73427,142.028,27,18,0.439436,0.33264,0.433973,0.788544,0.765001,1.09094
34,1,14,7,3.75e+20,0.0169267,0.0131037,0.8076,5.911,5.98692,179.607,27,18,0.482056,0.35612,0.46414,0.855936,0.824754,1.09982
35,1,14,8,3.75e+20,0.0169267,0.0167535,0.6986,5.393,7.56492,226.947,27,18,0.640063,0.54691,0.635856,0.853874,0.823656,0.883373
36,1,14,9,3.75e+20,0.0169267,0.02142,0.6129,4.67,9.72315,291.695,29.1695,18,0.744718,0.662867,0.739068,0.922543,0.879214,0.846962
37,1,14,10,3.75e+20,0.0169267,0.0273861,0.546,3.921,12.1646,364.938,36.4938,24,0.831587,0.768225,0.891548,0.947654,0.928588,0.958633
38,1,15,1,3.75e+20,0.0251189,0.003,3.4829,9.745,1.86765,56.0302,27,18,0.0888147,0.0233534,0.0296802,0.163601,0.10374,0.0832632
39,1,15,2,3.75e+20,0.0251189,0.0038356,2.7958,9.685,2.16792,65.0382,27,18,0.119951,0.0288096,0.0405482,0.257048,0.17969,-0.0213368
40,1,15,3,3.75e+20,0.0251189,0.00490394,2.2685,9.584,2.57892,77.3679,27,18,0.165841,0.0377177,0.0567085,0.333845,0.231085,0.208292
41,1,15,4,3.75e+20,0.0251189,0.00626986,1.85,9.428,3.13588,94.077,27,18,0.348017,0.254617,0.336815,0.551244,0.492541,0.490283
42,1,15,5,3.75e+20,0.0251189,0.00801622,1.5129,9.183,3.88469,116.541,27,18,0.272514,0.175094,0.254677,0.574272,0.523181,0.722009
43,1,15,6,3.75e+20,0.0251189,0.010249,1.2471,8.806,4.85081,145.524,27,18,0.354474,0.269597,0.35901,0.706786,0.667179,1.06047
44,1,15,7,3.75e+20,0.0251189,0.0131037,1.0326,8.244,6.10742,183.223,27,18,0.424294,0.331591,0.431186,0.678374,0.623367,0.734621
45,1,15,8,3.75e+20,0.0251189,0.0167535,0.8602,7.453,7.71919,231.576,27,18,0.561896,0.482776,0.561224,0.805054,0.779941,0.842505
46,1,15,9,3.75e+20,0.0251189,0.02142,0.7487,6.397,9.84346,295.303,29.5304,24,0.677654,0.606842,0.733793,0.865797,0.82939,0.88479
47,1,15,10,3.75e+20,0.0251189,0.0273861,0.6619,5.225,12.4461,373.384,37.3383,24,0.781403,0.72478,0.844044,0.911423,0.892918,0.918837
48,1,15,11,3.75e+20,0.0251189,0.0350141,0.5885,4.101,15.6074,468.222,46.8223,30,0.867431,0.822425,0.954151,0.968584,0.9465,0.976128
49,1,15,12,3.75e+20,0.0251189,0.0447667,0.5148,3.019,20.239,607.171,60.7171,36,0.936013,0.901856,0.999102,0.981197,0.960584,0.952945
50,1,16,1,3.75e+20,0.0372759,0.003,4.8153,13.893,2.29896,68.9693,27,18,0.0732165,0.021246,0.0379039,0.200762,0.156131,0.133246
51,1,16,2,3.75e+20,0.0372759,0.0038356,3.8153,13.802,2.52523,75.757,27,18,0.0987105,0.0282645,0.0483114,0.399399,0.351322,-0.0906628
52,1,16,3,3.75e+20,0.0372759,0.00490394,3.0532,13.661,2.87504,86.2517,27,18,0.133264,0.0357931,0.060588,0.372043,0.301027,0.240237
53,1,16,4,3.75e+20,0.0372759,0.00626986,2.4639,13.434,3.37608,101.282,27,18,0.232732,0.16488,0.236225,0.490989,0.452122,0.655477
54,1,16,5,3.75e+20,0.0372759,0.00801622,1.9924,13.067,4.08392,122.518,27,18,0.209085,0.134262,0.203066,0.486164,0.444008,0.628568
55,1,16,6,3.75e+20,0.0372759,0.010249,1.6296,12.514,5.01108,150.332,27,18,0.284234,0.218396,0.295478,0.580888,0.555991,0.939917
56,1,16,7,3.75e+20,0.0372759,0.0131037,1.3387,11.686,6.24127,187.238,27,18,0.353017,0.281289,0.369138,0.600663,0.548609,0.636086
57,1,16,8,3.75e+20,0.0372759,0.0167535,1.1087,10.528,7.82146,234.644,27,18,0.479774,0.414487,0.483917,0.865689,0.85574,0.842339
58,1,16,9,3.75e+20,0.0372759,0.02142,0.921,8.978,9.9185,297.555,29.7555,24,0.601409,0.541553,0.662923,0.795338,0.761009,0.769161
59,1,16,10,3.75e+20,0.0372759,0.0273861,0.8129,7.252,12.5093,375.28,37.528,24,0.714749,0.664769,0.781042,0.869364,0.850672,0.918172
60,1,16,11,3.75e+20,0.0372759,0.0350141,0.7171,5.509,15.8538,475.616,47.5615,30,0.820168,0.778647,0.911397,0.937154,0.905883,0.919783
61,1,16,12,3.75e+20,0.0372759,0.0447667,0.6252,3.91,20.6109,618.326,61.8327,36,0.906725,0.8729,0.973998,0.968452,0.952009,0.71548
62,1,16,13,3.75e+20,0.0372759,0.0572357,0.5617,2.991,25.3575,760.724,76.0724,42,0.949391,0.92156,0.997381,0.986937,0.977814,0.971662
63,1,17,1,3.75e+20,0.0553168,0.003,7.1012,19.87,3.08519,92.5563,27,18,0.123244,0.0856397,0.126271,0.198443,0.166978,0.200264
64,1,17,2,3.75e+20,0.0553168,0.0038356,5.4187,19.752,3.18092,95.4281,27,18,0.164452,0.120931,0.174388,0.304817,0.273322,0.314361
65,1,17,3,3.75e+20,0.0553168,0.00490394,4.2109,19.546,3.42615,102.784,27,18,0.172252,0.124778,0.184479,0.373406,0.343142,0.478073
66,1,17,4,3.75e+20,0.0553168,0.00626986,3.3339,19.215,3.83723,115.117,27,18,0.164812,0.113763,0.171786,0.350241,0.316102,0.445112
67,1,17,5,3.75e+20,0.0553168,0.00801622,2.6764,18.702,4.44196,133.259,27,18,0.237504,0.190612,0.258544,0.403507,0.373279,0.459217
68,1,17,6,3.75e+20,0.0553168,0.010249,2.1606,17.897,5.3035,159.105,27,18,0.218351,0.166864,0.233664,0.519215,0.500022,0.763098
69,1,17,7,3.75e+20,0.0553168,0.0131037,1.757,16.69,6.47608,194.283,27,18,0.294738,0.239858,0.315272,0.518747,0.473881,0.556568
70,1,17,8,3.75e+20,0.0553168,0.0167535,1.4345,14.947,8.06185,241.856,27,18,0.399555,0.346139,0.406497,0.715244,0.698396,0.882618
71,1,17,9,3.75e+20,0.0553168,0.02142,1.1861,12.733,10.0775,302.325,30.2325,24,0.525234,0.476014,0.590019,0.722626,0.69167,0.806921
72,1,17,10,3.75e+20,0.0553168,0.0273861,0.9975,10.136,12.7183,381.551,38.155,24,0.64425,0.601859,0.716697,0.80608,0.788891,0.867865
73,1,17,11,3.75e+20,0.0553168,0.0350141,0.8735,7.487,16.232,486.96,48.696,30,0.766181,0.728798,0.859299,0.894649,0.871031,0.85127
74,1,17,12,3.75e+20,0.0553168,0.0447667,0.7685,5.334,20.6357,619.069,61.907,36,0.861768,0.828607,0.936367,0.948539,0.933276,0.953203
75,1,17,13,3.75e+20,0.0553168,0.0572357,0.6822,3.86,25.8695,776.085,77.6085,42,0.924311,0.896163,0.975849,0.982477,0.97677,0.98408
76,1,17,14,3.75e+20,0.0553168,0.0731778,0.602,2.805,32.8965,986.895,98.6895,54,0.96304,0.939981,0.995167,0.996267,0.993986,0.997218
77,1,17,15,3.75e+20,0.0553168,0.0935603,0.5321,2.13,41.8041,1254.12,125.412,72,0.983483,0.964811,0.993168,1.00137,1.00243,1.00144
78,1,18,1,3.75e+20,0.0820891,0.003,11.0493,28.103,4.58831,137.649,27,18,0.126006,0.098804,0.148206,0.230966,0.213497,0.354413
79,1,18,2,3.75e+20,0.0820891,0.0038356,8.1297,28.036,4.42235,132.671,27,18,0.142548,0.111775,0.164778,0.243298,0.220074,0.289908
80,1,18,3,3.75e+20,0.0820891,0.00490394,6.0475,27.794,4.44704,133.412,27,18,0.162102,0.128681,0.185584,0.291232,0.267645,0.345448
81,1,18,4,3.75e+20,0.0820891,0.00626986,4.6792,27.363,4.67469,140.24,27,18,0.174579,0.140009,0.198439,0.372861,0.355245,0.61753
82,1,18,5,3.75e+20,0.0820891,0.00801622,3.6569,26.625,5.1425,154.275,27,18,0.177316,0.141108,0.19822,0.363197,0.345384,0.537708
83,1,18,6,3.75e+20,0.0820891,0.010249,2.9103,25.494,5.87173,176.152,27,18,0.173859,0.133101,0.190934,0.414267,0.395934,0.655792
84,1,18,7,3.75e+20,0.0820891,0.0131037,2.3276,23.74,6.95769,208.731,27,18,0.300922,0.262905,0.334744,0.454705,0.428371,0.529883
85,1,18,8,3.75e+20,0.0820891,0.0167535,1.8859,21.279,8.43408,253.023,27,18,0.327801,0.284818,0.336846,0.600532,0.582994,0.97988
86,1,18,9,3.75e+20,0.0820891,0.02142,1.5389,18.034,10.4243,312.73,31.273,24,0.455015,0.41549,0.51848,0.643009,0.615798,0.746438
87,1,18,10,3.75e+20,0.0820891,0.0273861,1.2672,14.275,13.0285,390.854,39.0854,24,0.570583,0.535419,0.649765,0.754007,0.740703,0.922771
88,1,18,11,3.75e+20,0.0820891,0.0350141,1.0825,10.656,16.286,488.58,48.858,30,0.691564,0.658535,0.792734,0.82916,0.805528,0.819692
89,1,18,12,3.75e+20,0.0820891,0.0447667,0.9491,7.468,20.6657,619.97,61.997,36,0.804069,0.772886,0.886747,0.91054,0.89443,0.94061
90,1,18,13,3.75e+20,0.0820891,0.0572357,0.8352,5.18,26.1863,785.588,78.5588,42,0.887733,0.859738,0.945038,0.964711,0.955238,0.956937
91,1,18,14,3.75e+20,0.0820891,0.0731778,0.7346,3.625,33.3518,1000.55,100.055,54,0.942061,0.91822,0.979316,0.994209,0.98841,0.961658
92,1,18,15,3.75e+20,0.0820891,0.0935603,0.6438,2.602,42.8935,1286.8,128.68,72,0.973664,0.954375,0.989158,0.998654,1.00086,1.00428
93,1,18,16,3.75e+20,0.0820891,0.11962,0.5765,2.051,53.084,1592.52,159.252,90,0.987549,0.971415,0.986225,1.00054,1.00099,1.01069
94,1,19,1,3.75e+20,0.121819,0.003,19.3367,38.038,7.51162,225.349,27,18,0.15056,0.128685,0.190627,0.253708,0.238661,0.406004
95,1,19,2,3.75e+20,0.121819,0.0038356,13.0653,38.488,6.80135,204.041,27,18,0.153601,0.129401,0.192362,0.230903,0.210103,0.291981
96,1,19,3,3.75e+20,0.121819,0.00490394,9.3152,38.508,6.3855,191.565,27,18,0.145679,0.119325,0.175521,0.270167,0.242175,0.314453
97,1,19,4,3.75e+20,0.121819,0.00626986,6.7931,38.092,6.25896,187.769,27,18,0.153876,0.126321,0.182902,0.290368,0.256638,0.311718
98,1,19,5,3.75e+20,0.121819,0.00801622,5.1783,37.214,6.43719,193.115,27,18,0.167512,0.138896,0.195707,0.321752,0.289044,0.357866
99,1,19,6,3.75e+20,0.121819,0.010249,4.0195,35.71,6.93508,208.052,27,18,0.232308,0.204191,0.271497,0.337948,0.316489,0.415925
100,1,19,7,3.75e+20,0.121819,0.0131037,3.1722,33.392,7.79531,233.859,27,18,0.254524,0.224569,0.278072,0.443778,0.428136,0.626752
101,1,19,8,3.75e+20,0.121819,0.0167535,2.5248,29.978,9.11562,273.468,27.3468,18,0.295591,0.262076,0.319066,0.46426,0.432902,0.437166
102,1,19,9,3.75e+20,0.121819,0.02142,2.0344,25.477,10.9663,328.99,32.899,24,0.390258,0.360503,0.470094,0.552912,0.531242,0.611907
103,1,19,10,3.75e+20,0.121819,0.0273861,1.6576,20.219,13.4549,403.648,40.3648,24,0.495383,0.466898,0.582555,0.643648,0.601509,0.672905
104,1,19,11,3.75e+20,0.121819,0.0350141,1.3641,14.942,16.7245,501.736,50.1735,30,0.6201,0.592029,0.725185,0.761148,0.739563,0.821177
105,1,19,12,3.75e+20,0.121819,0.0447667,1.1693,10.385,21.0785,632.354,63.2354,36,0.742508,0.714433,0.829361,0.857977,0.841009,0.814609
106,1,19,13,3.75e+20,0.121819,0.0572357,1.0238,7.041,26.7183,801.549,80.1549,42,0.842455,0.815614,0.90544,0.954626,0.946154,0.835054
107,1,19,14,3.75e+20,0.121819,0.0731778,0.8959,4.767,34.1098,1023.29,102.329,60,0.913417,0.889191,0.95683,0.998841,0.999582,0.960363
108,1,19,15,3.75e+20,0.121819,0.0935603,0.793,3.405,42.8258,1284.77,128.477,72,0.955279,0.934773,0.977263,1.00337,1.00305,0.982917
109,1,19,16,3.75e+20,0.121819,0.11962,0.7015,2.516,54.0218,1620.65,162.065,90,0.979094,0.962334,0.984397,1.00242,1.00706,0.989832
110,1,19,17,3.75e+20,0.121819,0.152938,0.6148,1.915,69.5598,2086.8,208.68,120,0.991624,0.977607,0.978209,0.997558,0.993089,0.989371
111,1,19,18,3.75e+20,0.121819,0.195537,0.5484,1.587,86.7955,2603.86,260.387,150,0.995948,0.981428,0.96406,1.00088,0.995617,0.963908
112,1,20,1,3.75e+20,0.180777,0.003,32.7582,46.811,12.4324,372.971,37.2972,18,0.185109,0.169889,0.274659,0.291449,0.280227,0.45549
113,1,20,2,3.75e+20,0.180777,0.0038356,23.0567,48.476,11.3192,339.577,33.9577,18,0.193689,0.176674,0.27308,0.281992,0.267258,0.38783
114,1,20,3,3.75e+20,0.180777,0.00490394,15.416,49.81,10.1139,303.418,30.3418,18,0.196473,0.177427,0.26246,0.286316,0.269225,0.399165
115,1,20,4,3.75e+20,0.180777,0.00626986,10.5945,50.223,9.25846,277.754,27.7754,18,0.191343,0.169643,0.235476,0.30447,0.282958,0.309063
116,1,20,5,3.75e+20,0.180777,0.00801622,7.7855,49.698,8.88138,266.442,27,18,0.193754,0.171217,0.228354,0.335995,0.307202,0.395082
117,1,20,6,3.75e+20,0.180777,0.010249,5.7663,48.067,8.92073,267.622,27,18,0.204626,0.181195,0.235478,0.361384,0.329621,0.4122
118,1,20,7,3.75e+20,0.180777,0.0131037,4.4194,45.234,9.41988,282.596,28.2597,18,0.23453,0.210803,0.269104,0.377966,0.354931,0.441673
119,1,20,8,3.75e+20,0.180777,0.0167535,3.4658,41.022,10.401,312.031,31.2031,18,0.29059,0.267855,0.332647,0.415192,0.396547,0.519391
120,1,20,9,3.75e+20,0.180777,0.02142,2.744,35.178,11.9887,359.66,35.966,24,0.347511,0.325633,0.424085,0.49159,0.478159,0.625573
121,1,20,10,3.75e+20,0.180777,0.0273861,2.2054,28.225,14.2535,427.605,42.7605,24,0.438571,0.416638,0.523867,0.577593,0.551419,0.643708
122,1,20,11,3.75e+20,0.180777,0.0350141,1.7884,20.97,17.3907,521.722,52.1722,30,0.546152,0.522816,0.654003,0.679738,0.661651,0.785571
123,1,20,12,3.75e+20,0.180777,0.0447667,1.466,14.651,21.5635,646.905,64.6905,36,0.667927,0.643142,0.766291,0.806459,0.79167,0.781693
124,1,20,13,3.75e+20,0.180777,0.0572357,1.2666,9.808,27.2241,816.722,81.6722,48,0.784877,0.759942,0.864591,0.951138,0.946413,0.909551
125,1,20,14,3.75e+20,0.180777,0.0731778,1.112,6.651,34.1875,1025.62,102.562,60,0.86855,0.844471,0.922206,1.08046,1.09613,0.932038
126,1,20,15,3.75e+20,0.180777,0.0935603,0.9759,4.544,43.2553,1297.66,129.766,72,0.928878,0.907519,0.957606,1.01594,1.02257,0.975789
127,1,20,16,3.75e+20,0.180777,0.11962,0.8564,3.189,55.0355,1651.07,165.106,96,0.965734,0.947996,0.975026,1.00036,0.997818,0.964804
128,1,20,17,3.75e+20,0.180777,0.152938,0.7512,2.335,70.4031,2112.09,211.209,120,0.984943,0.970314,0.979654,0.998453,0.998379,0.990258
129,1,20,18,3.75e+20,0.180777,0.195537,0.6651,1.838,88.7626,2662.88,266.288,150,0.993493,0.980459,0.973938,1.004,1.00523,0.969516
130,1,20,19,3.75e+20,0.180777,0.25,0.5906,1.53,111.556,3346.67,334.667,192,0.99696,0.982788,0.956922,0.99732,0.983387,0.947626
131,1,21,1,3.75e+20,0.26827,0.003,58.9469,51.015,20.2215,606.645,60.6645,18,0.201935,0.189618,0.359484,0.280661,0.269548,0.476772
132,1,21,2,3.75e+20,0.26827,0.0038356,36.7247,54.933,18.368,551.039,55.1039,18,0.219795,0.206766,0.361931,0.300587,0.288486,0.490844
133,1,21,3,3.75e+20,0.26827,0.00490394,25.0979,57.78,16.5618,496.854,49.6853,18,0.225048,0.211882,0.350989,0.308225,0.29562,0.487688
134,1,21,4,3.75e+20,0.26827,0.00626986,18.7222,59.468,15.1907,455.721,45.5721,18,0.226809,0.213569,0.334868,0.312638,0.298684,0.48228
135,1,21,5,3.75e+20,0.26827,0.00801622,12.4607,60.634,13.5789,407.368,40.7368,18,0.226581,0.21294,0.321576,0.316382,0.299263,0.444762
136,1,21,6,3.75e+20,0.26827,0.010249,8.747,59.956,12.6764,380.292,38.0292,18,0.233949,0.219662,0.310456,0.339095,0.323764,0.465094
137,1,21,7,3.75e+20,0.26827,0.0131037,6.4839,57.494,12.4509,373.528,37.3528,18,0.248122,0.233198,0.314633,0.373062,0.363661,0.539655
138,1,21,8,3.75e+20,0.26827,0.0167535,4.8482,52.688,12.892,386.76,38.676,24,0.277155,0.26171,0.385948,0.387221,0.349301,0.218042
139,1,21,9,3.75e+20,0.26827,0.02142,3.7768,46.115,13.986,419.578,41.9579,24,0.322666,0.306591,0.432993,0.426938,0.408487,0.56606
140,1,21,10,3.75e+20,0.26827,0.0273861,2.985,37.815,15.8483,475.448,47.5448,24,0.385191,0.367899,0.488702,0.498324,0.482151,0.607675
141,1,21,11,3.75e+20,0.26827,0.0350141,2.3826,28.699,18.6664,559.992,55.9992,30,0.480026,0.460859,0.599487,0.607186,0.592556,0.73727
142,1,21,12,3.75e+20,0.26827,0.0447667,1.917,20.201,22.7025,681.075,68.1075,36,0.597347,0.576098,0.708298,0.728511,0.715125,0.793957
143,1,21,13,3.75e+20,0.26827,0.0572357,1.5846,13.86,27.8622,835.865,83.5866,48,0.71451,0.691978,0.808066,0.763487,0.746625,0.752805
144,1,21,14,3.75e+20,0.26827,0.0731778,1.3775,9.183,35.0337,1051.01,105.101,60,0.816831,0.79386,0.881535,0.891482,0.880564,0.800043
145,1,21,15,3.75e+20,0.26827,0.0935603,1.2051,6.174,44.0327,1320.98,132.098,72,0.893194,0.871675,0.930457,1.30782,1.37055,0.839476
146,1,21,16,3.75e+20,0.26827,0.11962,1.0563,4.23,55.6176,1668.53,166.853,96,0.943622,0.924738,0.959915,1.01217,1.01825,0.976279
147,1,21,17,3.75e+20,0.26827,0.152938,0.9253,2.985,70.7627,2122.88,212.288,120,0.973469,0.957825,0.974469,0.994287,0.989864,0.966486
148,1,21,18,3.75e+20,0.26827,0.195537,0.8164,2.24,89.314,2679.42,267.942,150,0.987909,0.974586,0.976949,1.00229,1.00295,0.976077
149,1,21,19,3.75e+20,0.26827,0.25,0.7198,1.768,113.282,3398.47,339.847,192,0.994828,0.982349,0.969017,0.999353,0.993299,0.976815
150,1,22,2,3.75e+20,0.398107,0.0038356,57.7622,58.14,28.9821,869.462,86.9462,18,0.23389,0.221837,0.412919,0.513984,0.506891,0.577253
151,1,22,3,3.75e+20,0.398107,0.00490394,46.2623,60.423,27.721,831.629,83.1629,18,0.238431,0.226428,0.41135,0.469515,0.461702,0.563812
152,1,22,4,3.75e+20,0.398107,0.00626986,30.3331,64.269,24.8727,746.18,74.618,24,0.241988,0.23031,0.461543,0.409565,0.400994,0.60721
153,1,22,5,3.75e+20,0.398107,0.00801622,21.3056,66.57,22.3782,671.345,67.1345,24,0.243583,0.232186,0.443155,0.371176,0.362111,0.590499
154,1,22,6,3.75e+20,0.398107,0.010249,14.1331,67.609,19.8097,594.292,59.4292,24,0.248046,0.236779,0.423976,0.349442,0.339829,0.545074
155,1,22,7,3.75e+20,0.398107,0.0131037,9.9556,66.396,18.2213,546.64,54.6639,24,0.260996,0.249607,0.413088,0.355711,0.345503,0.510952
156,1,22,8,3.75e+20,0.398107,0.0167535,7.1951,62.621,17.5063,525.189,52.5188,24,0.282473,0.270638,0.417198,0.379515,0.368657,0.551555
157,1,22,9,3.75e+20,0.398107,0.02142,5.3996,56.308,17.7177,531.531,53.1531,24,0.313667,0.301024,0.437186,0.412338,0.401062,0.457285
158,1,22,10,3.75e+20,0.398107,0.0273861,4.1498,47.653,18.8697,566.09,56.609,30,0.360005,0.346063,0.507036,0.465136,0.453747,0.633174
159,1,22,11,3.75e+20,0.398107,0.0350141,3.2503,37.598,21.0662,631.985,63.1985,30,0.432019,0.416324,0.560049,0.540759,0.528721,0.681508
160,1,22,12,3.75e+20,0.398107,0.0447667,2.5709,27.423,24.5832,737.497,73.7497,36,0.531348,0.513432,0.655015,0.575735,0.561645,0.57572
161,1,22,13,3.75e+20,0.398107,0.0572357,2.0796,19.157,29.4032,882.095,88.2095,48,0.64487,0.625084,0.752511,0.733198,0.72137,0.839215
162,1,22,14,3.75e+20,0.398107,0.0731778,1.7299,12.901,36.0604,1081.81,108.181,60,0.753104,0.731965,0.832402,0.913768,0.90996,0.797753
163,1,22,15,3.75e+20,0.398107,0.0935603,1.4986,8.495,45.2301,1356.9,135.69,72,0.847855,0.82694,0.896279,1.05237,1.06329,0.746061
164,1,22,16,3.75e+20,0.398107,0.11962,1.3054,5.681,56.9312,1707.94,170.794,96,0.9135,0.894028,0.938496,1.14194,1.17381,0.96778
165,1,22,17,3.75e+20,0.398107,0.152938,1.14,3.894,72.0436,2161.31,216.131,120,0.955871,0.939037,0.963397,1.00677,1.00772,0.962526
166,1,22,18,3.75e+20,0.398107,0.195537,1.0013,2.801,90.9082,2727.24,272.724,156,0.978959,0.964796,0.97324,0.993744,0.990523,0.97675
167,1,22,19,3.75e+20,0.398107,0.25,0.8765,2.096,116.083,3482.49,348.249,198,0.990959,0.978692,0.973095,0.996126,0.989317,0.96742
168,1,23,4,3.75e+20,0.590784,0.00626986,55.7003,65.247,41.0658,1231.98,123.198,24,0.249654,0.238367,0.501016,1.20263,1.20632,0.904564
169,1,23,5,3.75e+20,0.590784,0.00801622,38.1896,68.805,37.5841,1127.52,112.752,24,0.25328,0.242438,0.489939,-0.271041,-0.288801,0.81697
170,1,23,6,3.75e+20,0.590784,0.010249,24.8162,71.197,33.1382,994.147,99.4147,24,0.259711,0.249267,0.478082,0.308368,0.299477,0.515139
171,1,23,7,3.75e+20,0.590784,0.0131037,17.3865,71.386,29.653,889.59,88.959,24,0.268193,0.257875,0.469218,0.307384,0.298558,0.462272
172,1,23,8,3.75e+20,0.590784,0.0167535,11.4182,68.808,26.3685,791.055,79.1055,24,0.286211,0.275735,0.463198,-2.56685,-2.61797,0.541449
173,1,23,9,3.75e+20,0.590784,0.02142,8.1522,63.674,24.8015,744.045,74.4045,30,0.311422,0.30045,0.50449,0.342266,0.332967,0.517785
174,1,23,10,3.75e+20,0.590784,0.0273861,5.9731,55.687,24.5615,736.844,73.6844,30,0.351273,0.339393,0.520118,0.389016,0.379364,0.44035
175,1,23,11,3.75e+20,0.590784,0.0350141,4.5716,46.153,25.6302,768.905,76.8905,36,0.403995,0.390749,0.571331,0.454529,0.44442,0.675588
176,1,23,12,3.75e+20,0.590784,0.0447667,3.539,35.446,28.1803,845.41,84.5409,42,0.479664,0.46447,0.63585,0.581225,0.5716,0.719872
177,1,23,13,3.75e+20,0.590784,0.0572357,2.7961,25.586,32.3528,970.584,97.0584,48,0.580555,0.563339,0.708632,0.779017,0.773528,0.742
178,1,23,14,3.75e+20,0.590784,0.0731778,2.2502,17.689,38.3515,1150.54,115.054,60,0.692029,0.673321,0.786206,2.66795,2.77192,0.771077
179,1,23,15,3.75e+20,0.590784,0.0935603,1.8844,11.742,47.0857,1412.57,141.257,78,0.794216,0.774643,0.857351,0.80496,0.790461,0.866722
180,1,23,16,3.75e+20,0.590784,0.11962,1.6329,7.814,58.5147,1755.44,175.544,96,0.871666,0.85214,0.909987,0.90112,0.888593,0.952421
181,1,23,17,3.75e+20,0.590784,0.152938,1.4166,5.225,73.6308,2208.92,220.893,120,0.929899,0.912215,0.945774,1.04025,1.05153,0.969466
182,1,23,18,3.75e+20,0.590784,0.195537,1.2391,3.644,92.3977,2771.93,277.193,156,0.963811,0.948404,0.96488,1.00321,1.00593,0.970974
183,1,23,19,3.75e+20,0.590784,0.25,1.0871,2.648,116.329,3489.86,348.986,198,0.982967,0.969927,0.972443,0.996234,0.992343,0.97018
184,1,24,5,3.75e+20,0.876712,0.00801622,55.5161,71.029,58.2026,1746.08,174.608,24,0.260128,0.249702,0.50051,1.74002,1.75079,1.09464
185,1,24,6,3.75e+20,0.876712,0.010249,39.9781,73.121,53.7713,1613.14,161.314,24,0.265306,0.25521,0.490941,-3.82558,-3.89106,0.990574
186,1,24,7,3.75e+20,0.876712,0.0131037,28.1656,73.694,48.5648,1456.94,145.695,24,0.275335,0.265436,0.484227,0.532526,0.526784,0.517626
187,1,24,8,3.75e+20,0.876712,0.0167535,20.0247,72.438,43.5859,1307.58,130.758,24,0.289261,0.279364,0.480955,0.58117,0.576244,0.460252
188,1,24,9,3.75e+20,0.876712,0.02142,13.2122,68.163,38.4175,1152.52,115.252,30,0.314086,0.303905,0.53729,0.589747,0.584999,0.480766
189,1,24,10,3.75e+20,0.876712,0.0273861,9.193,61.425,35.3515,1060.54,106.054,30,0.347107,0.336309,0.542263,0.614074,0.609465,0.707174
190,1,24,11,3.75e+20,0.876712,0.0350141,6.6723,52.637,34.2761,1028.28,102.828,36,0.392518,0.380736,0.581946,0.688704,0.684869,0.755804
191,1,24,12,3.75e+20,0.876712,0.0447667,5.0002,42.494,35.1247,1053.74,105.374,42,0.45467,0.441467,0.629004,1.50154,1.5163,0.593901
192,1,24,13,3.75e+20,0.876712,0.0572357,3.8479,32.24,37.961,1138.83,113.883,48,0.536567,0.521624,0.683785,0.511891,0.499774,0.532637
193,1,24,14,3.75e+20,0.876712,0.0731778,3.0435,23.345,42.8168,1284.51,128.451,60,0.632027,0.615365,0.750532,0.6498,0.638212,0.845222
194,1,24,15,3.75e+20,0.876712,0.0935603,2.4385,16.129,50.2027,1506.08,150.608,78,0.732206,0.714208,0.817051,0.787139,0.776976,0.885465
195,1,24,16,3.75e+20,0.876712,0.11962,2.0632,10.699,61.4117,1842.35,184.235,96,0.823748,0.805091,0.877744,0.910556,0.904074,0.92398
196,1,24,17,3.75e+20,0.876712,0.152938,1.7825,7.163,75.8802,2276.41,227.641,120,0.892564,0.874371,0.921862,0.96373,0.958157,1.01464
197,1,24,18,3.75e+20,0.876712,0.195537,1.5416,4.821,95.1512,2854.54,285.454,156,0.942576,0.926347,0.951291,1.01181,1.01405,0.952738
198,1,24,19,3.75e+20,0.876712,0.25,1.3453,3.39,119.139,3574.18,357.418,198,0.970154,0.955781,0.966707,0.99457,0.991522,0.962948
199,1,25,7,3.75e+20,1.30103,0.0131037,46.3084,74.967,78.7338,2362.01,236.201,24,0.279071,0.269391,0.493231,0.456352,0.449131,1.29401
200,1,25,8,3.75e+20,1.30103,0.0167535,33.3801,74.056,71.9163,2157.49,215.749,24,0.293192,0.283565,0.48903,0.777437,0.774664,1.21865
201,1,25,9,3.75e+20,1.30103,0.02142,22.1623,70.486,63.2126,1896.38,189.638,30,0.316671,0.306864,0.545572,1.27946,1.28393,1.21246
202,1,25,10,3.75e+20,1.30103,0.0273861,15.3003,65.036,56.187,1685.61,168.561,30,0.346204,0.336,0.546803,0.354129,0.345053,0.861456
203,1,25,11,3.75e+20,1.30103,0.0350141,10.4767,57.169,50.7733,1523.2,152.32,36,0.388252,0.377341,0.590376,0.397699,0.388525,0.846271
204,1,25,12,3.75e+20,1.30103,0.0447667,7.4966,48.097,48.2006,1446.02,144.602,42,0.440631,0.428704,0.634637,0.456863,0.447608,0.673836
205,1,25,13,3.75e+20,1.30103,0.0572357,5.5532,38.408,48.35,1450.5,145.05,54,0.506957,0.493688,0.686219,0.55736,0.548483,0.681125
206,1,25,14,3.75e+20,1.30103,0.0731778,4.2244,28.947,51.2893,1538.68,153.868,60,0.587143,0.572224,0.731948,0.683576,0.675796,0.755339
207,1,25,15,3.75e+20,1.30103,0.0935603,3.3143,20.939,57.0165,1710.5,171.05,78,0.677176,0.660763,0.788757,0.878354,0.875813,0.705942
208,1,25,16,3.75e+20,1.30103,0.11962,2.6588,14.527,66.1534,1984.6,198.46,96,0.767756,0.750241,0.844323,1.30786,1.33391,0.85298
209,1,25,17,3.75e+20,1.30103,0.152938,2.2656,9.704,80.3827,2411.48,241.148,120,0.850522,0.83281,0.895503,1.34241,1.38334,0.972941
210,1,25,18,3.75e+20,1.30103,0.195537,1.9413,6.473,99.3117,2979.35,297.935,156,0.91151,0.894492,0.932756,1.09805,1.11478,0.950964
211,1,25,19,3.75e+20,1.30103,0.25,1.683,4.463,122.935,3688.06,368.806,198,0.951441,0.936102,0.955847,0.998956,0.998341,0.951079
212,1,26,8,3.75e+20,1.9307,0.0167535,51.6283,74.733,113.726,3411.77,341.177,24,0.29723,0.287743,0.494377,-5.38415,-5.46981,1.22937
213,1,26,9,3.75e+20,1.9307,0.02142,38.7327,72.279,105.448,3163.45,316.345,30,0.315689,0.306117,0.552153,0.910522,0.909329,1.28142
214,1,26,10,3.75e+20,1.9307,0.0273861,25.1869,66.386,92.3663,2770.99,277.099,30,0.349813,0.339872,0.551907,0.443958,0.435596,1.0863
215,1,26,11,3.75e+20,1.9307,0.0350141,18.388,60.771,83.3549,2500.65,250.065,36,0.380722,0.370346,0.591587,0.527888,0.520233,1.12356
216,1,26,12,3.75e+20,1.9307,0.0447667,11.7851,51.192,73.0547,2191.64,219.164,42,0.435647,0.424357,0.632898,0.740594,0.736117,0.998964
217,1,26,13,3.75e+20,1.9307,0.0572357,8.4361,42.709,68.2765,2048.29,204.829,54,0.490042,0.477738,0.688379,1.13302,1.13745,0.950301
218,1,26,14,3.75e+20,1.9307,0.0731778,6.1228,33.65,67.1069,2013.21,201.321,66,0.559925,0.546329,0.733143,0.436732,0.421444,1.04049
219,1,26,15,3.75e+20,1.9307,0.0935603,4.6749,25.726,69.685,2090.55,209.055,78,0.635512,0.620598,0.775274,0.539256,0.522787,0.80447
220,1,26,16,3.75e+20,1.9307,0.11962,3.6123,18.538,76.4037,2292.11,229.211,96,0.720673,0.704483,0.822582,0.673139,0.656392,0.800491
221,1,26,17,3.75e+20,1.9307,0.152938,2.9439,12.97,87.9458,2638.37,263.837,126,0.802028,0.785098,0.868808,0.788633,0.771728,0.973574
222,1,26,18,3.75e+20,1.9307,0.195537,2.494,8.748,105.793,3173.79,317.379,156,0.872288,0.855195,0.910577,0.888318,0.872965,1.07568
223,1,26,19,3.75e+20,1.9307,0.25,2.1359,5.958,128.985,3869.56,386.956,198,0.924424,0.908248,0.940515,1.02474,1.0296,0.944926
224,1,27,9,3.75e+20,2.86512,0.02142,58.6384,72.403,164.428,4932.85,493.285,30,0.31735,0.307816,0.554105,0.793524,0.790626,1.06191
225,1,27,10,3.75e+20,2.86512,0.0273861,46.7805,69.257,155.681,4670.43,467.043,30,0.337219,0.327521,0.553723,1.08617,1.0874,0.988541
226,1,27,11,3.75e+20,2.86512,0.0350141,30.6773,61.892,137.775,4133.26,413.327,36,0.380194,0.37,0.593914,0.538215,0.530642,1.12929
227,1,27,12,3.75e+20,2.86512,0.0447667,20.7239,54.103,121.283,3638.5,363.85,42,0.426267,0.415422,0.632683,0.737613,0.732715,1.11376
228,1,27,13,3.75e+20,2.86512,0.0572357,13.6571,45.256,106.363,3190.89,319.089,54,0.482314,0.470544,0.686219,0.408307,0.394845,0.75859
229,1,27,14,3.75e+20,2.86512,0.0731778,9.5761,37.249,97.4822,2924.47,292.447,66,0.540779,0.528005,0.730012,0.484918,0.471047,1.04441
230,1,27,15,3.75e+20,2.86512,0.0935603,6.8167,29.161,93.7623,2812.87,281.287,78,0.611973,0.598042,0.770352,0.593238,0.57903,1.00062
231,1,27,16,3.75e+20,2.86512,0.11962,5.1412,22.341,95.5943,2867.83,286.783,96,0.683902,0.668876,0.810476,0.709505,0.696211,0.962482
232,1,27,17,3.75e+20,2.86512,0.152938,3.9621,16.355,102.832,3084.96,308.496,126,0.758018,0.741955,0.851825,0.84677,0.837124,0.952213
233,1,27,18,3.75e+20,2.86512,0.195537,3.267,11.447,118.018,3540.54,354.054,156,0.831845,0.815304,0.890434,0.936443,0.930884,1.02757
234,1,27,19,3.75e+20,2.86512,0.25,2.7528,7.84,140.141,4204.22,420.422,198,0.891478,0.874921,0.923803,1.1241,1.14215,0.933343
235,1,28,11,3.75e+20,4.25179,0.0350141,54.2002,64.311,226.279,6788.36,525.3,36,0.366146,0.356159,0.592629,1.98945,2.00501,0.904371
236,1,28,12,3.75e+20,4.25179,0.0447667,35.9656,55.86,202.461,6073.83,525.3,42,0.416473,0.405823,0.631869,0.647892,0.641488,1.23899
237,1,28,13,3.75e+20,4.25179,0.0572357,23.489,47.06,176.787,5303.6,525.3,54,0.473333,0.461833,0.684395,0.942813,0.941526,1.31483
238,1,28,14,3.75e+20,4.25179,0.0731778,16.2403,39.721,156.728,4701.83,470.183,66,0.527523,0.515224,0.725264,0.533536,0.521448,1.15511
239,1,28,15,3.75e+20,4.25179,0.0935603,10.8744,31.915,140.043,4201.3,420.13,78,0.592933,0.579631,0.762046,0.68433,0.674081,0.968879
240,1,28,16,3.75e+20,4.25179,0.11962,7.7725,25.358,132.22,3966.58,396.659,96,0.658274,0.644065,0.802582,0.860857,0.855167,1.02017
241,1,28,17,3.75e+20,4.25179,0.152938,5.7058,19.334,131.977,3959.3,395.93,126,0.726036,0.710839,0.844127,1.05602,1.05915,1.05198
242,1,28,18,3.75e+20,4.25179,0.195537,4.4063,14.239,140.354,4210.63,421.063,156,0.793834,0.777905,0.877615,1.16361,1.17596,1.054
243,1,28,19,3.75e+20,4.25179,0.25,3.6342,9.99,160.014,4800.41,480.041,198,0.8598,0.843694,0.909476,1.26278,1.29188,1.04792
244,1,29,12,3.75e+20,6.30957,0.0447667,53.9674,54.97,316.361,9490.83,525.3,42,0.423699,0.413047,0.631801,0.662397,0.65623,1.04895
245,1,29,13,3.75e+20,6.30957,0.0572357,42.9154,49.876,298.026,8940.78,525.3,48,0.455633,0.444507,0.660544,0.792168,0.787989,1.13392
246,1,29,14,3.75e+20,6.30957,0.0731778,28.288,41.323,262.692,7880.76,525.3,60,0.512929,0.500832,0.707365,1.18374,1.18834,1.13017
247,1,29,15,3.75e+20,6.30957,0.0935603,19.0523,34.14,230.683,6920.48,525.3,78,0.574544,0.561649,0.755629,0.660332,0.650108,1.51313
248,1,29,16,3.75e+20,6.30957,0.11962,12.4671,27.133,202.723,6081.69,525.3,96,0.644478,0.630756,0.794236,0.826671,0.82002,0.939625
249,1,29,17,3.75e+20,6.30957,0.152938,8.7069,21.467,187.634,5629.01,525.3,126,0.706936,0.69243,0.836617,1.00694,1.00721,1.06658
250,1,29,18,3.75e+20,6.30957,0.195537,6.2829,16.422,183.741,5512.24,525.3,156,0.768669,0.753399,0.869638,1.1727,1.18383,1.279
251,1,29,19,3.75e+20,6.30957,0.25,4.9801,12.146,195.637,5869.1,525.3,198,0.828146,0.812407,0.899816,1.34011,1.37067,1.03312
252,1,30,14,3.75e+20,9.36329,0.0731778,49.0327,43.088,431.913,12957.4,525.3,60,0.500172,0.488319,0.704171,1.06686,1.06828,1.12517
253,1,30,15,3.75e+20,9.36329,0.0935603,31.8293,34.752,381.332,11439.9,525.3,78,0.573344,0.560706,0.75332,4.3607,4.46047,1.10747
254,1,30,16,3.75e+20,9.36329,0.11962,21.4455,28.442,335.391,10061.7,525.3,96,0.630634,0.617154,0.788832,0.781244,0.773458,1.06765
255,1,30,17,3.75e+20,9.36329,0.152938,14.0373,22.607,293.246,8797.39,525.3,126,0.697188,0.68312,0.829773,0.923278,0.919894,1.08708
256,1,30,18,3.75e+20,9.36329,0.195537,9.8627,18.145,268.477,8054.31,525.3,156,0.751071,0.736458,0.860252,1.23898,1.25313,1.13113
257,1,30,19,3.75e+20,9.36329,0.25,7.2018,13.949,261.534,7846.02,525.3,198,0.807624,0.792635,0.891111,1.32011,1.34512,0.992148
258,1,31,15,3.75e+20,13.895,0.0935603,58.7098,37.729,631.101,18933,525.3,72,0.551439,0.532615,0.721099,1.05973,1.05467,1.11704
259,1,31,16,3.75e+20,13.895,0.11962,38.4831,30.08,564.821,16944.6,525.3,90,0.621918,0.603339,0.764428,3.08292,3.14873,1.3688
260,1,31,17,3.75e+20,13.895,0.152938,24.6138,23.773,490.967,14729,525.3,120,0.690381,0.676792,0.82034,1.55393,1.57854,0.9437
261,1,31,18,3.75e+20,13.895,0.195537,17.0766,19.543,435.835,13075,525.3,150,0.735987,0.721743,0.849989,1.65863,1.69419,0.997442
262,1,31,19,3.75e+20,13.895,0.25,11.3314,15.357,387.832,11635,525.3,198,0.792769,0.778305,0.882313,1.18167,1.19406,0.978645
263,1,32,17,3.75e+20,20.6199,0.152938,40.6035,24.094,802.373,24071.2,525.3,120,0.685202,0.654273,0.778076,1.12579,1.11407,0.966687
264,1,32,18,3.75e+20,20.6199,0.195537,27.2375,19.415,710.23,21306.9,525.3,156,0.739819,0.705083,0.801742,1.10526,1.09069,0.931395
265,1,32,19,3.75e+20,20.6199,0.25,19.7193,16.328,639.375,19181.2,525.3,192,0.783891,0.747021,0.818136,1.06403,1.0455,0.927212
266,1,33,19,3.75e+20,30.5995,0.25,34.7237,17.081,1073.13,32193.8,525.3,186,0.769498,0.719452,0.783024,1.02366,0.990269,0.876893
267,2,8,1,7.5e+20,0.00158489,0.003,0.5547,1.278,1.32992,39.8976,23.9385,18,0.623717,-0.23283,-0.821932,0.581777,-0.323838,-0.940531
268,2,9,1,7.5e+20,0.00235195,0.003,0.7013,1.412,1.35481,40.6444,24.3866,18,0.533428,-0.150488,-0.615642,0.491207,-0.226215,-0.714069
269,2,9,2,7.5e+20,0.00235195,0.0038356,0.5904,1.41,1.71131,51.3394,27,18,0.656528,-0.12722,-0.675499,0.610528,-0.233131,-0.820977
270,2,10,1,7.5e+20,0.00349025,0.003,0.8832,1.611,1.3985,41.9552,25.1731,18,0.447625,-0.0977189,-0.460681,0.405476,-0.163973,-0.548715
271,2,10,2,7.5e+20,0.00349025,0.0038356,0.7431,1.607,1.75627,52.6884,27,18,0.570305,-0.0650407,-0.44034,0.523542,-0.153152,-0.560065
272,2,10,3,7.5e+20,0.00349025,0.00490394,0.6201,1.601,2.24358,67.3072,27,18,0.696681,0.00918015,-0.294992,0.646031,-0.113772,-0.45545
273,2,10,4,7.5e+20,0.00349025,0.00626986,0.528,1.591,2.80796,84.239,27,18,0.794947,0.0856434,-0.179423,0.73714,-0.107425,-0.364535
274,2,11,1,7.5e+20,0.00517947,0.003,1.1409,1.906,1.41369,42.4104,25.4462,18,0.354786,-0.0572373,-0.311919,0.320882,-0.102562,-0.379982
275,2,11,2,7.5e+20,0.00517947,0.0038356,0.955,1.901,1.77054,53.1165,27,18,0.47018,-0.0313724,-0.28112,0.425535,-0.102177,-0.379982
276,2,11,3,7.5e+20,0.00517947,0.00490394,0.7966,1.891,2.24335,67.3003,27,18,0.5979,0.0192748,-0.17725,0.548071,-0.0767992,-0.299176
277,2,11,4,7.5e+20,0.00517947,0.00626986,0.6679,1.875,2.8435,85.3049,27,18,0.717979,0.0815399,-0.0781028,0.658117,-0.0754991,-0.253216
278,2,11,5,7.5e+20,0.00517947,0.00801622,0.5692,1.853,3.55265,106.579,27,18,0.714564,0.368081,0.428458,0.954182,0.882182,0.610731
279,2,12,1,7.5e+20,0.00768625,0.003,1.4821,2.345,1.44715,43.4151,26.049,18,0.276397,-0.0303304,-0.206778,0.243755,-0.0712873,-0.273301
280,2,12,2,7.5e+20,0.00768625,0.0038356,1.2287,2.336,1.80935,54.2805,27,18,0.378763,-0.00894655,-0.164395,0.342591,-0.0597421,-0.247552
281,2,12,3,7.5e+20,0.00768625,0.00490394,1.0159,2.321,2.29173,68.7525,27,18,0.504253,0.0282947,-0.0891878,0.454589,-0.0537857,-0.19649
282,2,12,4,7.5e+20,0.00768625,0.00626986,0.8513,2.298,2.87969,86.3902,27,18,0.626708,0.0704794,-0.0188616,0.578625,-0.0269688,-0.159368
283,2,12,5,7.5e+20,0.00768625,0.00801622,0.7162,2.262,3.62881,108.864,27,18,0.621643,0.315071,0.398823,0.902093,0.814641,0.879803
284,2,12,6,7.5e+20,0.00768625,0.010249,0.603,2.206,4.61081,138.324,27,18,0.67737,0.42121,0.537049,1.00998,1.0242,-1.0326
285,2,12,7,7.5e+20,0.00768625,0.0131037,0.5295,2.123,5.86335,175.9,27,18,0.73711,0.473339,0.600241,0.971829,0.961244,1.16998
286,2,13,1,7.5e+20,0.0114062,0.003,1.9292,2.995,1.52327,45.698,27,18,0.215606,-0.0126637,-0.128671,0.187845,-0.0451094,-0.183933
287,2,13,2,7.5e+20,0.0114062,0.0038356,1.5964,2.981,1.86854,56.0565,27,18,0.300298,0.00824279,-0.0797831,0.263241,-0.0380756,-0.149341
288,2,13,3,7.5e+20,0.0114062,0.00490394,1.3167,2.959,2.33369,70.0109,27,18,0.407207,0.0298104,-0.0339618,0.367556,-0.0265981,-0.120828
289,2,13,4,7.5e+20,0.0114062,0.00626986,1.0953,2.924,2.92031,87.6093,27,18,0.528137,0.0608074,0.0176299,0.481613,-0.0197174,-0.100228
290,2,13,5,7.5e+20,0.0114062,0.00801622,0.9048,2.866,3.72619,111.786,27,18,0.521886,0.258789,0.350022,0.831335,0.734957,0.747045
291,2,13,6,7.5e+20,0.0114062,0.010249,0.756,2.779,4.73531,142.059,27,18,0.587339,0.365252,0.482237,0.919065,0.887499,0.879939
292,2,13,7,7.5e+20,0.0114062,0.0131037,0.6405,2.65,6.01946,180.584,27,18,0.65489,0.419922,0.548041,0.927831,0.893606,0.927204
293,2,13,8,7.5e+20,0.0114062,0.0167535,0.5743,2.494,7.43096,222.929,27,18,0.740636,0.560173,0.672693,0.906928,0.882424,0.909646
294,2,14,1,7.5e+20,0.0169267,0.003,2.5621,3.955,1.64512,49.3539,27,18,0.168457,0.00409835,-0.0509277,0.142788,-0.0244295,-0.0997113
295,2,14,2,7.5e+20,0.0169267,0.0038356,2.0993,3.936,1.97265,59.18,27,18,0.233757,0.0154182,-0.0258043,0.202953,-0.020462,-0.0857451
296,2,14,3,7.5e+20,0.0169267,0.00490394,1.7221,3.903,2.41508,72.4528,27,18,0.324192,0.0331878,0.00617664,0.285406,-0.0155618,-0.0649964
297,2,14,4,7.5e+20,0.0169267,0.00626986,1.4093,3.847,3.01985,90.5952,27,18,0.471519,0.195682,0.239297,0.614668,0.414448,0.310456
298,2,14,5,7.5e+20,0.0169267,0.00801622,1.1688,3.767,3.77462,113.239,27,18,0.423542,0.208717,0.29687,0.746081,0.651217,0.653229
299,2,14,6,7.5e+20,0.0169267,0.010249,0.9756,3.642,4.73819,142.146,27,18,0.489182,0.303375,0.413348,0.848756,0.804772,1.2305
300,2,14,7,7.5e+20,0.0169267,0.0131037,0.8175,3.456,5.98538,179.561,27,18,0.545861,0.33447,0.453632,0.891033,0.852743,0.961022
301,2,14,8,7.5e+20,0.0169267,0.0167535,0.6986,3.197,7.56492,226.947,27,18,0.663077,0.501844,0.609264,1.00782,1.04207,1.13964
302,2,14,9,7.5e+20,0.0169267,0.02142,0.6129,2.835,9.72315,291.695,29.1695,18,0.75914,0.616788,0.709519,0.932764,0.903675,0.978778
303,2,14,10,7.5e+20,0.0169267,0.0273861,0.546,2.46,12.1646,364.938,36.4938,24,0.838232,0.722513,0.8614,0.946238,0.94027,0.986407
304,2,15,1,7.5e+20,0.0251189,0.003,3.4845,5.372,1.86823,56.0465,27,18,0.136953,0.0161558,0.00101556,0.110696,-0.0119585,-0.0457286
305,2,15,2,7.5e+20,0.0251189,0.0038356,2.7978,5.342,2.16885,65.0654,27,18,0.186907,0.0220552,0.0122996,0.15785,-0.0102744,-0.0415671
306,2,15,3,7.5e+20,0.0251189,0.00490394,2.2713,5.291,2.58035,77.41,27,18,0.25642,0.0317111,0.0292702,0.223375,-0.0071328,-0.033893
307,2,15,4,7.5e+20,0.0251189,0.00626986,1.8539,5.215,3.13781,94.1337,27,18,0.388809,0.221626,0.30011,0.59504,0.486577,0.532231
308,2,15,5,7.5e+20,0.0251189,0.00801622,1.5177,5.091,3.88835,116.65,27,18,0.336832,0.16654,0.247195,0.633759,0.541082,0.651321
309,2,15,6,7.5e+20,0.0251189,0.010249,1.2533,4.901,4.85758,145.727,27,18,0.397261,0.246818,0.346359,0.758443,0.710936,0.84567
310,2,15,7,7.5e+20,0.0251189,0.0131037,1.0431,4.624,6.09885,182.966,27,18,0.468204,0.306092,0.417911,0.735638,0.673172,0.884739
311,2,15,8,7.5e+20,0.0251189,0.0167535,0.8692,4.219,7.74992,232.498,27,18,0.57945,0.439401,0.538222,0.909727,0.908416,1.21545
312,2,15,9,7.5e+20,0.0251189,0.02142,0.7487,3.699,9.84346,295.303,29.5304,24,0.687303,0.561235,0.706232,0.898288,0.85405,0.794094
313,2,15,10,7.5e+20,0.0251189,0.0273861,0.6619,3.113,12.4461,373.384,37.3383,24,0.785647,0.679932,0.816444,0.922442,0.908171,0.959062
314,2,15,11,7.5e+20,0.0251189,0.0350141,0.5885,2.551,15.6074,468.222,46.8223,30,0.870637,0.785916,0.927197,0.973572,0.985364,1.18345
315,2,15,12,7.5e+20,0.0251189,0.0447667,0.5148,2.009,20.239,607.171,60.7171,36,0.93707,0.873752,0.97105,0.974149,0.968671,0.983964
316,2,16,1,7.5e+20,0.0372759,0.003,4.8175,7.446,2.29962,68.988,27,18,0.115551,0.0192686,0.0270699,0.0933864,-0.00386672,-0.0167172
317,2,16,2,7.5e+20,0.0372759,0.0038356,3.8173,7.401,2.52635,75.79,27,18,0.154475,0.0255273,0.0353222,0.12702,-0.00362514,-0.0158092
318,2,16,3,7.5e+20,0.0372759,0.00490394,3.0559,7.33,2.87665,86.2996,27,18,0.207556,0.0327778,0.0463517,2.82667,3.19422,0.12329
319,2,16,4,7.5e+20,0.0372759,0.00626986,2.4678,7.216,3.378,101.34,27,18,0.270751,0.148147,0.220915,0.540701,0.465403,0.54002
320,2,16,5,7.5e+20,0.0372759,0.00801622,1.9977,7.033,4.086,122.58,27,18,0.260551,0.12642,0.19797,0.557892,0.480276,0.498893
321,2,16,6,7.5e+20,0.0372759,0.010249,1.6358,6.757,5.01569,150.471,27,18,0.319275,0.20129,0.288664,0.637132,0.586211,0.768954
322,2,16,7,7.5e+20,0.0372759,0.0131037,1.347,6.342,6.24569,187.371,27,18,0.386475,0.258871,0.359165,0.64705,0.590178,0.748305
323,2,16,8,7.5e+20,0.0372759,0.0167535,1.118,5.758,7.83823,235.147,27,18,0.489444,0.372489,0.462101,0.833616,0.820226,1.04353
324,2,16,9,7.5e+20,0.0372759,0.02142,0.9345,4.997,9.89815,296.944,29.6945,24,0.604382,0.495355,0.633818,0.838594,0.79425,0.836699
325,2,16,10,7.5e+20,0.0372759,0.0273861,0.8129,4.126,12.5093,375.28,37.528,24,0.715783,0.620999,0.755138,1.02074,1.03826,0.897152
326,2,16,11,7.5e+20,0.0372759,0.0350141,0.7171,3.254,15.8538,475.616,47.5615,30,0.822596,0.743075,0.887111,0.946029,0.941236,1.03676
327,2,16,12,7.5e+20,0.0372759,0.0447667,0.6252,2.455,20.6109,618.326,61.8327,36,0.908863,0.845479,0.949061,0.967194,0.965275,0.996154
328,2,16,13,7.5e+20,0.0372759,0.0572357,0.5617,1.996,25.3575,760.724,76.0724,42,0.949484,0.897898,0.971347,1.00489,1.01468,1.20471
329,2,17,1,7.5e+20,0.0553168,0.003,7.103,10.435,3.08619,92.5852,27,18,0.146205,0.0763302,0.117391,0.226408,0.165178,0.198752
330,2,17,2,7.5e+20,0.0553168,0.0038356,5.4218,10.376,3.18223,95.4671,27,18,0.186951,0.106829,0.162053,0.333785,0.270755,0.309741
331,2,17,3,7.5e+20,0.0553168,0.00490394,4.2135,10.273,3.42823,102.846,27,18,0.19916,0.112386,0.174728,0.414178,0.353476,0.435744
332,2,17,4,7.5e+20,0.0553168,0.00626986,3.3373,10.106,3.84012,115.204,27,18,0.198009,0.104903,0.166344,0.404969,0.338717,0.475639
333,2,17,5,7.5e+20,0.0553168,0.00801622,2.6818,9.85,4.44481,133.344,27,18,0.254381,0.168723,0.245237,0.495004,0.44246,0.523609
334,2,17,6,7.5e+20,0.0553168,0.010249,2.1669,9.447,5.30796,159.239,27,18,0.247832,0.154949,0.230923,0.581724,0.541531,0.788041
335,2,17,7,7.5e+20,0.0553168,0.0131037,1.7647,8.842,6.48288,194.487,27,18,0.318047,0.219583,0.307084,0.56735,0.522089,0.65852
336,2,17,8,7.5e+20,0.0553168,0.0167535,1.4456,7.974,8.0625,241.875,27,18,0.406208,0.31104,0.389778,0.745616,0.730472,1.06578
337,2,17,9,7.5e+20,0.0553168,0.02142,1.1994,6.868,10.0785,302.355,30.2355,24,0.524125,0.434321,0.566114,0.763523,0.720389,0.816101
338,2,17,10,7.5e+20,0.0553168,0.0273861,1.0005,5.564,12.7295,381.884,38.1884,24,0.642738,0.561256,0.692142,0.875855,0.866043,1.46529
339,2,17,11,7.5e+20,0.0553168,0.0350141,0.8735,4.243,16.232,486.96,48.696,30,0.76738,0.694922,0.836413,0.910317,0.891036,0.961348
340,2,17,12,7.5e+20,0.0553168,0.0447667,0.7685,3.167,20.6357,619.069,61.907,36,0.864684,0.801668,0.913446,0.952731,0.947152,0.907278
341,2,17,13,7.5e+20,0.0553168,0.0572357,0.6822,2.43,25.8695,776.085,77.6085,42,0.925313,0.872477,0.952453,0.997556,1.00459,1.00433
342,2,17,14,7.5e+20,0.0553168,0.0731778,0.602,1.903,32.8965,986.895,98.6895,54,0.961809,0.918763,0.96938,0.995256,0.995258,1.00088
343,2,17,15,7.5e+20,0.0553168,0.0935603,0.5321,1.565,41.8041,1254.12,125.412,72,0.980774,0.945894,0.959958,0.991594,0.977953,0.934648
344,2,18,1,7.5e+20,0.0820891,0.003,11.0574,14.551,4.59015,137.705,27,18,0.139686,0.0896716,0.14419,0.273287,0.237747,0.293613
345,2,18,2,7.5e+20,0.0820891,0.0038356,8.1321,14.517,4.42435,132.73,27,18,0.157687,0.101178,0.159623,0.313974,0.271933,0.322157
346,2,18,3,7.5e+20,0.0820891,0.00490394,6.0515,14.396,4.44973,133.492,27,18,0.176957,0.115819,0.17901,0.369932,0.327696,0.389995
347,2,18,4,7.5e+20,0.0820891,0.00626986,4.6825,14.179,4.6785,140.354,27,18,0.188738,0.12577,0.191629,0.425358,0.390269,0.329492
348,2,18,5,7.5e+20,0.0820891,0.00801622,3.6636,13.812,5.14608,154.383,27,18,0.194201,0.128432,0.193669,0.425599,0.388744,0.498907
349,2,18,6,7.5e+20,0.0820891,0.010249,2.9177,13.245,5.87627,176.288,27,18,0.197742,0.12392,0.189874,0.480922,0.444032,0.59081
350,2,18,7,7.5e+20,0.0820891,0.0131037,2.337,12.369,6.96131,208.84,27,18,0.302409,0.234043,0.316265,0.541679,0.512228,0.833609
351,2,18,8,7.5e+20,0.0820891,0.0167535,1.8943,11.129,8.4495,253.485,27,18,0.332032,0.255468,0.324119,0.65159,0.637479,0.963712
352,2,18,9,7.5e+20,0.0820891,0.02142,1.5531,9.523,10.4206,312.618,31.2617,24,0.448863,0.376317,0.496085,0.690711,0.652966,0.760922
353,2,18,10,7.5e+20,0.0820891,0.0273861,1.2813,7.625,13.0534,391.602,39.1603,24,0.568765,0.501102,0.625987,0.798655,0.784798,0.956992
354,2,18,11,7.5e+20,0.0820891,0.0350141,1.0825,5.828,16.286,488.58,48.858,30,0.691592,0.627092,0.770843,0.868594,0.843701,0.893537
355,2,18,12,7.5e+20,0.0820891,0.0447667,0.9491,4.234,20.6657,619.97,61.997,36,0.806783,0.746663,0.864902,0.986744,0.993407,0.522509
356,2,18,13,7.5e+20,0.0820891,0.0572357,0.8352,3.09,26.1863,785.588,78.5588,42,0.889303,0.835952,0.922862,0.980277,0.982746,1.04428
357,2,18,14,7.5e+20,0.0820891,0.0731778,0.7346,2.313,33.3518,1000.55,100.055,54,0.941623,0.896636,0.956284,0.99841,1.00573,1.03436
358,2,18,15,7.5e+20,0.0820891,0.0935603,0.6438,1.801,42.8935,1286.8,128.68,72,0.971994,0.936443,0.962097,1.00155,1.00853,1.01057
359,2,18,16,7.5e+20,0.0820891,0.11962,0.5765,1.525,53.084,1592.52,159.252,90,0.984277,0.953682,0.952303,1.00214,1.01092,0.958237
360,2,19,1,7.5e+20,0.121819,0.003,19.3425,19.517,7.514,225.421,27,18,0.156107,0.116658,0.183892,0.29328,0.27215,0.507321
361,2,19,2,7.5e+20,0.121819,0.0038356,13.0717,19.742,6.80473,204.142,27,18,0.162728,0.1189,0.186654,0.303135,0.27539,0.508466
362,2,19,3,7.5e+20,0.121819,0.00490394,9.3252,19.752,6.39008,191.703,27,18,0.156938,0.109185,0.171751,0.312834,0.284,0.393133
363,2,19,4,7.5e+20,0.121819,0.00626986,6.7982,19.542,6.26423,187.927,27,18,0.164978,0.115118,0.178402,0.33448,0.305452,0.42154
364,2,19,5,7.5e+20,0.121819,0.00801622,5.1858,19.102,6.44342,193.302,27,18,0.177997,0.126448,0.19085,0.366041,0.338148,0.316489
365,2,19,6,7.5e+20,0.121819,0.010249,4.0287,18.35,6.94181,208.254,27,18,0.232916,0.182538,0.256598,0.409728,0.383776,0.621429
366,2,19,7,7.5e+20,0.121819,0.0131037,3.1818,17.19,7.80342,234.102,27,18,0.253031,0.199891,0.264962,0.496029,0.48053,0.736242
367,2,19,8,7.5e+20,0.121819,0.0167535,2.5336,15.475,9.13146,273.944,27.3944,18,0.294797,0.236545,0.30477,0.519375,0.451693,0.460609
368,2,19,9,7.5e+20,0.121819,0.02142,2.0458,13.223,10.9851,329.552,32.9552,24,0.387851,0.332664,0.452986,0.594585,0.562956,0.655376
369,2,19,10,7.5e+20,0.121819,0.0273861,1.673,10.605,13.4672,404.017,40.4017,24,0.493687,0.438828,0.561001,0.708221,0.670612,0.791114
370,2,19,11,7.5e+20,0.121819,0.0350141,1.3801,7.947,16.7717,503.152,50.3152,30,0.619785,0.564554,0.703663,0.804478,0.771002,0.829685
371,2,19,12,7.5e+20,0.121819,0.0447667,1.1693,5.693,21.0785,632.354,63.2354,36,0.743462,0.688546,0.807669,0.928887,0.924986,1.15815
372,2,19,13,7.5e+20,0.121819,0.0572357,1.0238,4.021,26.7183,801.549,80.1549,42,0.84349,0.791464,0.883675,0.979343,0.986399,1.03941
373,2,19,14,7.5e+20,0.121819,0.0731778,0.8959,2.883,34.1098,1023.29,102.329,60,0.913752,0.867575,0.934213,0.999419,1.0096,1.03582
374,2,19,15,7.5e+20,0.121819,0.0935603,0.793,2.203,42.8258,1284.77,128.477,72,0.954432,0.916095,0.953494,0.997752,1.00296,1.01027
375,2,19,16,7.5e+20,0.121819,0.11962,0.7015,1.758,54.0218,1620.65,162.065,90,0.976764,0.945651,0.956952,0.99701,0.999503,1.01006
376,2,19,17,7.5e+20,0.121819,0.152938,0.6148,1.457,69.5598,2086.8,208.68,120,0.987741,0.960316,0.940185,0.995693,0.991528,1.00529
377,2,19,18,7.5e+20,0.121819,0.195537,0.5484,1.294,86.7955,2603.86,260.387,150,0.991649,0.961871,0.909494,0.998409,0.998682,0.912015
378,2,20,1,7.5e+20,0.180777,0.003,32.7799,23.901,12.4372,373.116,37.3116,18,0.188169,0.158932,0.265006,0.314203,0.293322,0.508044
379,2,20,2,7.5e+20,0.180777,0.0038356,23.0289,24.736,11.3193,339.579,33.9579,18,0.19609,0.164043,0.262443,0.314651,0.292106,0.432109
380,2,20,3,7.5e+20,0.180777,0.00490394,15.4346,25.398,10.1225,303.674,30.3674,18,0.198279,0.163351,0.250905,0.329262,0.300086,0.42113
381,2,20,4,7.5e+20,0.180777,0.00626986,10.62,25.603,9.26977,278.093,27.8093,18,0.192428,0.154037,0.224732,0.353803,0.318864,0.398064
382,2,20,5,7.5e+20,0.180777,0.00801622,7.7917,25.337,8.89131,266.739,27,18,0.193462,0.153819,0.217689,0.383017,0.354061,0.48757
383,2,20,6,7.5e+20,0.180777,0.010249,5.7756,24.52,8.93281,267.984,27,18,0.203272,0.162185,0.22383,0.413321,0.386202,0.524523
384,2,20,7,7.5e+20,0.180777,0.0131037,4.4314,23.104,9.43296,282.989,28.2989,18,0.23087,0.188852,0.253884,0.42552,0.394281,0.394756
385,2,20,8,7.5e+20,0.180777,0.0167535,3.4769,20.992,10.4182,312.547,31.2547,18,0.283777,0.242343,0.31214,0.457221,0.428011,0.552633
386,2,20,9,7.5e+20,0.180777,0.02142,2.7556,18.062,12.0132,360.395,36.0396,24,0.338198,0.296322,0.407152,0.611989,0.58941,0.785943
387,2,20,10,7.5e+20,0.180777,0.0273861,2.2197,14.588,14.282,428.46,42.846,24,0.432838,0.389874,0.500454,0.63807,0.604271,0.703046
388,2,20,11,7.5e+20,0.180777,0.0350141,1.8062,10.969,17.4211,522.633,52.2633,30,0.54572,0.499849,0.63357,0.731303,0.705077,0.811696
389,2,20,12,7.5e+20,0.180777,0.0447667,1.4867,7.812,21.6063,648.19,64.819,36,0.670433,0.622017,0.744979,0.871452,0.861426,0.926155
390,2,20,13,7.5e+20,0.180777,0.0572357,1.2666,5.404,27.2241,816.722,81.6722,48,0.784366,0.735292,0.843902,0.970414,0.956725,0.929926
391,2,20,14,7.5e+20,0.180777,0.0731778,1.112,3.825,34.1875,1025.62,102.562,60,0.869256,0.822741,0.900402,1.01978,1.03244,0.999629
392,2,20,15,7.5e+20,0.180777,0.0935603,0.9759,2.772,43.2553,1297.66,129.766,72,0.928706,0.888156,0.935586,1.00427,1.00502,0.964871
393,2,20,16,7.5e+20,0.180777,0.11962,0.8564,2.095,55.0355,1651.07,165.106,96,0.963468,0.92967,0.949876,1.0024,1.01299,0.985497
394,2,20,17,7.5e+20,0.180777,0.152938,0.7512,1.668,70.4031,2112.09,211.209,120,0.981728,0.953903,0.949883,0.991837,0.98585,0.971551
395,2,20,18,7.5e+20,0.180777,0.195537,0.6651,1.419,88.7626,2662.88,266.288,150,0.989283,0.963112,0.934495,0.99309,0.981008,0.992295
396,2,20,19,7.5e+20,0.180777,0.25,0.5906,1.265,111.556,3346.67,334.667,192,0.992432,0.962319,0.896988,0.996518,0.988801,0.904701
397,2,21,1,7.5e+20,0.26827,0.003,58.9766,26.002,20.2268,606.803,60.6803,18,0.209526,0.185301,0.34607,0.326375,0.307604,0.538621
398,2,21,2,7.5e+20,0.26827,0.0038356,36.7731,27.955,18.3803,551.41,55.141,18,0.226508,0.200918,0.348149,0.342245,0.320821,0.520104
399,2,21,3,7.5e+20,0.26827,0.00490394,25.1624,29.371,16.5827,497.479,49.748,18,0.229964,0.204129,0.336904,0.34833,0.323303,0.512972
400,2,21,4,7.5e+20,0.26827,0.00626986,18.7403,30.218,15.2053,456.158,45.6158,18,0.229324,0.20339,0.320756,0.358981,0.333027,0.477972
401,2,21,5,7.5e+20,0.26827,0.00801622,12.4784,30.796,13.5967,407.902,40.7902,18,0.228604,0.202235,0.307923,0.363593,0.335088,0.490112
402,2,21,6,7.5e+20,0.26827,0.010249,8.7541,30.45,12.6948,380.845,38.0844,18,0.232497,0.205215,0.295809,0.387641,0.374457,0.560343
403,2,21,7,7.5e+20,0.26827,0.0131037,6.4956,29.214,12.4735,374.204,37.4204,18,0.245234,0.216737,0.299419,0.422782,0.410243,0.594838
404,2,21,8,7.5e+20,0.26827,0.0167535,4.8633,26.811,12.9172,387.517,38.7517,24,0.274646,0.245095,0.371345,0.447404,0.434817,0.602747
405,2,21,9,7.5e+20,0.26827,0.02142,3.7886,23.508,14.0209,420.627,42.0627,24,0.322653,0.291521,0.415121,0.488565,0.456898,0.549762
406,2,21,10,7.5e+20,0.26827,0.0273861,2.9996,19.361,15.8894,476.682,47.6682,24,0.386316,0.352436,0.467815,0.559534,0.532806,0.65788
407,2,21,11,7.5e+20,0.26827,0.0350141,2.402,14.828,18.7033,561.099,56.1099,30,0.480669,0.442914,0.578749,0.793872,0.777606,0.835114
408,2,21,12,7.5e+20,0.26827,0.0447667,1.9401,10.595,22.7359,682.076,68.2077,36,0.598506,0.556613,0.685883,0.813718,0.807772,0.947365
409,2,21,13,7.5e+20,0.26827,0.0572357,1.6025,7.426,27.8969,836.907,83.6908,48,0.713061,0.668344,0.787687,1.07008,1.07186,0.856031
410,2,21,14,7.5e+20,0.26827,0.0731778,1.3775,5.091,35.0337,1051.01,105.101,60,0.818074,0.773405,0.860013,1.92712,2.16363,0.978692
411,2,21,15,7.5e+20,0.26827,0.0935603,1.2051,3.587,44.0327,1320.98,132.098,72,0.892986,0.851406,0.908948,1.03768,1.05558,0.965153
412,2,21,16,7.5e+20,0.26827,0.11962,1.0563,2.615,55.6176,1668.53,166.853,96,0.941698,0.90525,0.936857,0.996039,0.991401,0.943148
413,2,21,17,7.5e+20,0.26827,0.152938,0.9253,1.993,70.7627,2122.88,212.288,120,0.970449,0.94029,0.949175,0.993214,0.993641,0.983799
414,2,21,18,7.5e+20,0.26827,0.195537,0.8164,1.62,89.314,2679.42,267.942,150,0.983913,0.957568,0.946409,0.99781,0.999712,0.959199
415,2,21,19,7.5e+20,0.26827,0.25,0.7198,1.384,113.282,3398.47,339.847,192,0.990406,0.96475,0.926462,0.987631,0.958555,0.957803
416,2,22,2,7.5e+20,0.398107,0.0038356,57.7854,29.56,28.9942,869.825,86.9825,18,0.241162,0.217408,0.400783,0.491646,0.473867,0.598397
417,2,22,3,7.5e+20,0.398107,0.00490394,46.3358,30.694,27.7431,832.293,83.2293,18,0.245299,0.221625,0.398162,0.478655,0.460135,0.590212
418,2,22,4,7.5e+20,0.398107,0.00626986,30.4094,32.607,24.9072,747.216,74.7216,24,0.248488,0.22545,0.445276,0.449364,0.429521,0.643023
419,2,22,5,7.5e+20,0.398107,0.00801622,21.3593,33.754,22.4156,672.469,67.2468,24,0.249808,0.227336,0.427694,0.418472,0.404367,0.62277
420,2,22,6,7.5e+20,0.398107,0.010249,14.1525,34.266,19.8421,595.262,59.5262,24,0.253361,0.23117,0.408565,0.411315,0.396283,0.658081
421,2,22,7,7.5e+20,0.398107,0.0131037,10.0005,33.659,18.2675,548.024,54.8024,24,0.263268,0.240832,0.397883,0.405757,0.388523,0.535719
422,2,22,8,7.5e+20,0.398107,0.0167535,7.2088,31.748,17.5478,526.434,52.6434,24,0.282951,0.259624,0.400095,0.42961,0.410218,0.585304
423,2,22,9,7.5e+20,0.398107,0.02142,5.419,28.595,17.7647,532.94,53.2941,24,0.313975,0.289051,0.417111,0.47201,0.45148,0.594482
424,2,22,10,7.5e+20,0.398107,0.0273861,4.1644,24.246,18.9308,567.926,56.7925,30,0.36228,0.334786,0.489633,0.564643,0.548879,0.706714
425,2,22,11,7.5e+20,0.398107,0.0350141,3.2682,19.23,21.1383,634.149,63.4149,30,0.434796,0.40381,0.539226,0.628432,0.615393,0.804856
426,2,22,12,7.5e+20,0.398107,0.0447667,2.5982,14.21,24.625,738.752,73.8751,36,0.532632,0.497311,0.632216,0.570331,0.527288,0.718846
427,2,22,13,7.5e+20,0.398107,0.0572357,2.1082,10.077,29.4557,883.671,88.3671,48,0.643036,0.60369,0.7318,0.769487,0.73764,0.839988
428,2,22,14,7.5e+20,0.398107,0.0731778,1.7308,6.95,36.0632,1081.9,108.189,60,0.754131,0.712692,0.811059,0.901441,0.89097,0.810988
429,2,22,15,7.5e+20,0.398107,0.0935603,1.4986,4.747,45.2301,1356.9,135.69,72,0.847312,0.806401,0.874893,0.978316,0.973782,1.01866
430,2,22,16,7.5e+20,0.398107,0.11962,1.3054,3.341,56.9312,1707.94,170.794,96,0.91165,0.873631,0.916265,1.02484,1.03818,0.963614
431,2,22,17,7.5e+20,0.398107,0.152938,1.14,2.447,72.0436,2161.31,216.131,120,0.953574,0.921157,0.940318,0.994672,0.998679,0.988293
432,2,22,18,7.5e+20,0.398107,0.195537,1.0013,1.901,90.9082,2727.24,272.724,156,0.975469,0.947902,0.946555,0.995933,0.996617,0.959027
433,2,22,19,7.5e+20,0.398107,0.25,0.8765,1.548,116.083,3482.49,348.249,198,0.986713,0.962085,0.93945,0.991727,0.980707,0.956506
434,2,23,4,7.5e+20,0.590784,0.00626986,55.8098,33.097,41.1059,1233.18,123.318,24,0.257114,0.234868,0.490547,0.856605,0.853119,0.805424
435,2,23,5,7.5e+20,0.590784,0.00801622,38.28,34.868,37.6388,1129.16,112.917,24,0.259974,0.238583,0.478136,0.982616,0.983117,0.801898
436,2,23,6,7.5e+20,0.590784,0.010249,24.867,36.056,33.1979,995.938,99.5938,24,0.265236,0.244598,0.463357,1.12952,1.13374,0.767806
437,2,23,7,7.5e+20,0.590784,0.0131037,17.4335,36.139,29.7226,891.678,89.1678,24,0.273073,0.252659,0.45247,0.963229,0.959308,0.721245
438,2,23,8,7.5e+20,0.590784,0.0167535,11.3783,34.801,26.4017,792.05,79.205,24,0.290791,0.270039,0.444282,0.873145,0.862983,0.672958
439,2,23,9,7.5e+20,0.590784,0.02142,8.1679,32.242,24.8756,746.269,74.6268,30,0.315445,0.293726,0.485932,0.760764,0.746636,0.552116
440,2,23,10,7.5e+20,0.590784,0.0273861,5.9971,28.255,24.648,739.44,73.944,30,0.353943,0.330393,0.49949,-0.317841,-0.376363,0.547257
441,2,23,11,7.5e+20,0.590784,0.0350141,4.6005,23.514,25.7208,771.624,77.1623,36,0.406185,0.379922,0.551694,0.505487,0.472927,0.632873
442,2,23,12,7.5e+20,0.590784,0.0447667,3.5605,18.131,28.3083,849.251,84.925,42,0.483294,0.453205,0.617824,0.624349,0.594759,0.70066
443,2,23,13,7.5e+20,0.590784,0.0572357,2.8199,13.215,32.5173,975.519,97.5519,48,0.584728,0.550758,0.689213,0.78435,0.765871,0.577063
444,2,23,14,7.5e+20,0.590784,0.0731778,2.278,9.289,38.5565,1156.69,115.669,60,0.691927,0.654724,0.766629,1.05627,1.06749,0.880139
445,2,23,15,7.5e+20,0.590784,0.0935603,1.8844,6.371,47.0857,1412.57,141.257,78,0.791308,0.752366,0.83532,1.70342,1.84013,0.732829
446,2,23,16,7.5e+20,0.590784,0.11962,1.6329,4.407,58.5147,1755.44,175.544,96,0.870321,0.832049,0.88795,1.65732,1.85652,0.992371
447,2,23,17,7.5e+20,0.590784,0.152938,1.4166,3.113,73.6308,2208.92,220.893,120,0.926978,0.892145,0.923455,1.00743,1.01014,0.938544
448,2,23,18,7.5e+20,0.590784,0.195537,1.2391,2.322,92.3977,2771.93,277.193,156,0.960822,0.930867,0.940897,0.992052,0.99105,0.960897
449,2,23,19,7.5e+20,0.590784,0.25,1.0871,1.824,116.329,3489.86,348.986,198,0.979174,0.953569,0.944794,0.988286,0.977907,0.947469
450,2,24,5,7.5e+20,0.876712,0.00801622,55.5803,35.981,58.2683,1748.05,174.805,24,0.267244,0.246685,0.493231,1.03467,1.03598,0.902772
451,2,24,6,7.5e+20,0.876712,0.010249,39.8034,37.027,53.771,1613.13,161.313,24,0.272137,0.252226,0.4834,1.52804,1.54312,0.970057
452,2,24,7,7.5e+20,0.876712,0.0131037,28.4243,37.291,48.7754,1463.26,146.326,24,0.281069,0.26151,0.476082,1.31674,1.32597,1.08499
453,2,24,8,7.5e+20,0.876712,0.0167535,20.0722,36.644,43.7025,1311.07,131.108,24,0.294548,0.274974,0.471223,0.512509,0.499883,0.603674
454,2,24,9,7.5e+20,0.876712,0.02142,13.2569,34.49,38.5517,1156.55,115.655,30,0.318522,0.298357,0.520964,0.543212,0.531227,0.643791
455,2,24,10,7.5e+20,0.876712,0.0273861,9.2574,31.143,35.513,1065.39,106.539,30,0.350399,0.328994,0.522519,0.586553,0.575453,0.484241
456,2,24,11,7.5e+20,0.876712,0.0350141,6.7002,26.699,34.432,1032.96,103.296,36,0.397066,0.373729,0.560217,0.666271,0.655358,0.75722
457,2,24,12,7.5e+20,0.876712,0.0447667,5.0368,21.666,35.2921,1058.76,105.876,42,0.458588,0.432466,0.607648,0.881251,0.880097,0.625166
458,2,24,13,7.5e+20,0.876712,0.0572357,3.8825,16.55,38.1502,1144.5,114.45,48,0.540125,0.510603,0.662999,0.556188,0.531669,0.830191
459,2,24,14,7.5e+20,0.876712,0.0731778,3.0733,12.087,43.0858,1292.57,129.257,60,0.632918,0.599789,0.731528,0.683528,0.658783,0.904332
460,2,24,15,7.5e+20,0.876712,0.0935603,2.476,8.526,50.4711,1514.13,151.413,78,0.730031,0.694098,0.796208,0.807612,0.785968,0.878053
461,2,24,16,7.5e+20,0.876712,0.11962,2.0632,5.85,61.4117,1842.35,184.235,96,0.821082,0.784046,0.855446,0.908871,0.893038,0.923295
462,2,24,17,7.5e+20,0.876712,0.152938,1.7825,4.081,75.8802,2276.41,227.641,120,0.890318,0.854515,0.899607,1.07973,1.10764,0.94734
463,2,24,18,7.5e+20,0.876712,0.195537,1.5416,2.911,95.1512,2854.54,285.454,156,0.938322,0.905768,0.92847,0.993798,0.995079,0.953887
464,2,24,19,7.5e+20,0.876712,0.25,1.3453,2.195,119.139,3574.18,357.418,198,0.966548,0.938243,0.942303,0.988503,0.98224,0.95406
465,2,25,7,7.5e+20,1.30103,0.0131037,46.6656,37.922,79.0023,2370.07,237.007,24,0.285746,0.266641,0.486738,1.59207,1.60812,1.03967
466,2,25,8,7.5e+20,1.30103,0.0167535,33.1698,37.426,71.9163,2157.49,215.749,24,0.299837,0.280822,0.482092,1.992,2.01943,1.28594
467,2,25,9,7.5e+20,1.30103,0.02142,22.2104,35.639,63.4132,1902.4,190.24,30,0.322506,0.303118,0.536857,0.819544,0.815013,1.1504
468,2,25,10,7.5e+20,1.30103,0.0273861,15.4234,32.94,56.5004,1695.01,169.501,30,0.35125,0.331079,0.537166,1.48347,1.49936,1.12946
469,2,25,11,7.5e+20,1.30103,0.0350141,10.6281,29.073,51.1423,1534.27,153.427,36,0.391348,0.369774,0.575606,0.421142,0.402194,0.809852
470,2,25,12,7.5e+20,1.30103,0.0447667,7.5288,24.397,48.4759,1454.28,145.428,42,0.444625,0.420967,0.614596,0.485274,0.465532,0.891717
471,2,25,13,7.5e+20,1.30103,0.0572357,5.599,19.601,48.6543,1459.63,145.963,54,0.508924,0.482562,0.665377,0.581388,0.561882,0.844621
472,2,25,14,7.5e+20,1.30103,0.0731778,4.2616,14.864,51.6512,1549.54,154.954,60,0.589557,0.559957,0.711399,0.70067,0.682325,0.726916
473,2,25,15,7.5e+20,1.30103,0.0935603,3.3549,10.892,57.4311,1722.93,172.293,78,0.677167,0.6445,0.769319,0.836654,0.82409,0.917931
474,2,25,16,7.5e+20,1.30103,0.11962,2.6937,7.744,66.4239,1992.72,199.272,96,0.766001,0.731213,0.822824,0.963053,0.961391,0.975284
475,2,25,17,7.5e+20,1.30103,0.152938,2.2656,5.352,80.3827,2411.48,241.148,120,0.847361,0.812136,0.873066,3.93235,4.61443,0.951886
476,2,25,18,7.5e+20,1.30103,0.195537,1.9413,3.736,99.3117,2979.35,297.935,156,0.907534,0.873522,0.910099,1.01915,1.03008,0.938429
477,2,25,19,7.5e+20,1.30103,0.25,1.683,2.731,122.935,3688.06,368.806,198,0.947299,0.91659,0.93277,0.991671,0.989558,0.945888
478,2,26,8,7.5e+20,1.9307,0.0167535,51.7814,37.788,114.023,3420.7,342.07,24,0.306614,0.287961,0.489774,1.67382,1.69217,1.08105
479,2,26,9,7.5e+20,1.9307,0.02142,39.1011,36.579,105.978,3179.34,317.934,30,0.322752,0.303886,0.544703,2.60914,2.65426,1.28575
480,2,26,10,7.5e+20,1.9307,0.0273861,25.191,33.543,92.6575,2779.73,277.973,30,0.35668,0.337042,0.543873,1.15779,1.16259,0.981996
481,2,26,11,7.5e+20,1.9307,0.0350141,18.4955,30.763,83.8259,2514.78,251.478,36,0.386655,0.366152,0.581898,0.493466,0.476899,0.930205
482,2,26,12,7.5e+20,1.9307,0.0447667,11.9459,26.041,73.6756,2210.27,221.027,42,0.439458,0.417143,0.620808,0.612499,0.597784,0.997831
483,2,26,13,7.5e+20,1.9307,0.0572357,8.4718,21.67,68.7558,2062.67,206.267,54,0.494558,0.470147,0.671977,0.749986,0.739419,0.977441
484,2,26,14,7.5e+20,1.9307,0.0731778,6.1763,17.192,67.6555,2029.67,202.966,66,0.562071,0.535033,0.712941,0.985582,0.986462,1.00043
485,2,26,15,7.5e+20,1.9307,0.0935603,4.7132,13.212,70.3417,2110.25,211.025,78,0.636644,0.606869,0.755448,2.40104,2.51867,0.889577
486,2,26,16,7.5e+20,1.9307,0.11962,3.6807,9.746,76.932,2307.96,230.796,96,0.718876,0.686671,0.802009,0.694381,0.661083,0.995493
487,2,26,17,7.5e+20,1.9307,0.152938,2.9439,6.985,87.9458,2638.37,263.837,126,0.797448,0.763499,0.846271,0.802768,0.771265,1.12477
488,2,26,18,7.5e+20,1.9307,0.195537,2.494,4.874,105.793,3173.79,317.379,156,0.868725,0.83466,0.887815,1.09733,1.12551,0.94382
489,2,26,19,7.5e+20,1.9307,0.25,2.1359,3.479,128.985,3869.56,386.956,198,0.919743,0.887136,0.917715,1.00166,1.00443,0.924003
490,2,27,9,7.5e+20,2.86512,0.02142,58.8051,36.602,164.926,4947.78,494.778,30,0.330609,0.311968,0.551025,2.27106,2.30664,1.12807
491,2,27,10,7.5e+20,2.86512,0.0273861,47.3073,35.077,156.57,4697.1,469.71,30,0.347938,0.328942,0.549021,2.83815,2.8919,1.31679
492,2,27,11,7.5e+20,2.86512,0.0350141,30.3178,31.153,137.777,4133.32,413.332,36,0.391819,0.371749,0.58605,1.2515,1.25999,1.09158
493,2,27,12,7.5e+20,2.86512,0.0447667,20.8318,27.394,122.059,3661.78,366.178,42,0.434203,0.412836,0.622228,0.639901,0.62656,1.19032
494,2,27,13,7.5e+20,2.86512,0.0572357,13.7566,22.968,107.23,3216.89,321.689,54,0.488627,0.465389,0.673123,0.849953,0.843451,0.972925
495,2,27,14,7.5e+20,2.86512,0.0731778,9.7896,19.123,98.6451,2959.35,295.935,66,0.543267,0.51808,0.71374,1.47765,1.50408,1.05794
496,2,27,15,7.5e+20,2.86512,0.0935603,7.0114,15.152,94.7805,2843.42,284.342,78,0.610209,0.582655,0.750837,0.601334,0.57362,1.07694
497,2,27,16,7.5e+20,2.86512,0.11962,5.222,11.583,96.6075,2898.23,289.823,96,0.683748,0.653826,0.790064,0.706854,0.679595,1.03798
498,2,27,17,7.5e+20,2.86512,0.152938,4.0481,8.642,103.807,3114.2,311.42,126,0.756413,0.724465,0.831193,0.808781,0.783359,1.02675
499,2,27,18,7.5e+20,2.86512,0.195537,3.267,6.223,118.018,3540.54,354.054,156,0.827302,0.794121,0.867959,5.76175,6.6816,1.06853
500,2,27,19,7.5e+20,2.86512,0.25,2.7528,4.42,140.141,4204.22,420.422,198,0.887415,0.854294,0.901033,1.03192,1.04284,0.917135
501,2,28,11,7.5e+20,4.25179,0.0350141,54.9438,32.621,227.79,6833.71,525.3,36,0.379604,0.360161,0.589058,0.943794,0.942323,1.00764
502,2,28,12,7.5e+20,4.25179,0.0447667,36.518,28.383,204.29,6128.69,525.3,42,0.429399,0.408683,0.625296,1.53147,1.55112,1.19745
503,2,28,13,7.5e+20,4.25179,0.0572357,23.7852,23.919,178.54,5356.2,525.3,54,0.484342,0.461893,0.673109,0.765089,0.755109,1.23193
504,2,28,14,7.5e+20,4.25179,0.0731778,16.4939,20.256,158.618,4758.53,475.853,60,0.533904,0.509718,0.697583,0.965176,0.963657,1.21029
505,2,28,15,7.5e+20,4.25179,0.0935603,11.1954,16.471,142.295,4268.85,426.885,78,0.593778,0.56751,0.745126,1.64459,1.6867,1.13357
506,2,28,16,7.5e+20,4.25179,0.11962,7.8414,12.989,133.89,4016.69,401.669,96,0.661529,0.633265,0.784294,0.755073,0.735115,1.04279
507,2,28,17,7.5e+20,4.25179,0.152938,5.8016,10.052,133.802,4014.05,401.405,126,0.727048,0.696836,0.824141,0.859694,0.844834,1.04173
508,2,28,18,7.5e+20,4.25179,0.195537,4.4589,7.595,141.221,4236.64,423.664,156,0.79091,0.759122,0.85606,3.02195,3.33107,0.964877
509,2,28,19,7.5e+20,4.25179,0.25,3.6342,5.495,160.014,4800.41,480.041,198,0.85466,0.822201,0.886971,1.05329,1.06631,0.921742
510,2,29,12,7.5e+20,6.30957,0.0447667,54.3239,27.847,318.327,9549.82,525.3,42,0.440816,0.42019,0.628007,1.32615,1.33873,0.930962
511,2,29,13,7.5e+20,6.30957,0.0572357,43.2618,25.295,300.284,9008.52,525.3,48,0.47221,0.450677,0.654038,1.92401,1.96247,0.846477
512,2,29,14,7.5e+20,6.30957,0.0731778,28.7264,21.056,265.795,7973.86,525.3,60,0.528681,0.505347,0.697636,0.860804,0.854407,0.993341
513,2,29,15,7.5e+20,6.30957,0.0935603,19.2831,17.405,233.573,7007.2,525.3,78,0.585685,0.560564,0.742194,1.03227,1.03483,1.0071
514,2,29,16,7.5e+20,6.30957,0.11962,12.6719,13.921,205.848,6175.44,525.3,96,0.647642,0.620452,0.778003,1.28604,1.30885,1.15631
515,2,29,17,7.5e+20,6.30957,0.152938,8.9508,11.172,191.038,5731.15,525.3,126,0.705703,0.676796,0.817446,1.40436,1.44494,1.20222
516,2,29,18,7.5e+20,6.30957,0.195537,6.5206,8.721,186.862,5605.86,525.3,156,0.765932,0.735627,0.848779,1.46295,1.52401,1.09961
517,2,29,19,7.5e+20,6.30957,0.25,4.9801,6.573,195.637,5869.1,525.3,198,0.824893,0.793553,0.877947,1.09434,1.11263,0.938038
518,2,30,14,7.5e+20,9.36329,0.0731778,47.8048,21.523,431.914,12957.4,525.3,60,0.527217,0.50442,0.698995,9.45855,9.87046,1.71635
519,2,30,15,7.5e+20,9.36329,0.0935603,32.831,17.88,388.229,11646.9,525.3,78,0.581325,0.556769,0.742018,0.964701,0.96245,1.05532
520,2,30,16,7.5e+20,9.36329,0.11962,22.0893,14.664,342.191,10265.7,525.3,96,0.635789,0.609393,0.774654,1.12673,1.13704,1.02065
521,2,30,17,7.5e+20,9.36329,0.152938,14.2457,11.621,298.421,8952.63,525.3,126,0.702351,0.674602,0.814267,13.8475,15.0622,1.10552
522,2,30,18,7.5e+20,9.36329,0.195537,10.1049,9.446,274.216,8226.47,525.3,156,0.752534,0.723537,0.842628,1.31632,1.3553,0.966783
523,2,30,19,7.5e+20,9.36329,0.25,7.3756,7.531,263.55,7906.5,525.3,198,0.801902,0.771924,0.870436,1.10783,1.12612,0.915186
524,2,31,15,7.5e+20,13.895,0.0935603,56.7753,18.761,631.102,18933,525.3,72,0.575755,0.545909,0.716766,3.486,3.6195,1.10743
525,2,31,16,7.5e+20,13.895,0.11962,37.1911,14.994,564.828,16944.8,525.3,96,0.63574,0.604728,0.763362,1.52246,1.55544,1.1311
526,2,31,17,7.5e+20,13.895,0.152938,25.1732,12.249,500.802,15024.1,525.3,120,0.692187,0.665192,0.8076,-2.33521,-2.63167,0.990054
527,2,31,18,7.5e+20,13.895,0.195537,17.5662,10.147,446.475,13394.3,525.3,150,0.737168,0.70887,0.835263,1.94357,2.04753,0.960557
528,2,31,19,7.5e+20,13.895,0.25,11.5265,7.99,397.001,11910,525.3,198,0.797149,0.768663,0.866393,1.04427,1.05077,0.953271
529,2,32,17,7.5e+20,20.6199,0.152938,40.7941,12.299,813.478,24404.3,525.3,126,0.693359,0.650201,0.772002,1.15656,1.15529,0.930026
530,2,32,18,7.5e+20,20.6199,0.195537,29.1647,10.29,736.84,22105.2,525.3,156,0.737828,0.690669,0.789367,1.07571,1.06609,0.895373
531,2,32,19,7.5e+20,20.6199,0.25,20.1737,8.491,655.885,19676.6,525.3,192,0.796024,0.746826,0.805189,0.993482,0.971909,0.886073
532,2,33,19,7.5e+20,30.5995,0.25,32.9026,8.518,1074.96,32248.9,525.3,198,0.802332,0.740526,0.773531,0.972456,0.934594,0.818172
533,3,8,1,1.5e+21,0.00158489,0.003,0.5618,1.139,1.32912,39.8731,23.9238,18,0.710613,-0.64729,-1.52181,0.662677,-0.785996,-1.70987
534,3,9,1,1.5e+21,0.00235195,0.003,0.7072,1.206,1.35565,40.6697,24.4018,18,0.643393,-0.434103,-1.22378,0.604096,-0.520955,-1.38001
535,3,9,2,1.5e+21,0.00235195,0.0038356,0.5968,1.205,1.71781,51.534,27,18,0.746706,-0.422692,-1.35779,0.699071,-0.554831,-1.56615
536,3,10,1,1.5e+21,0.00349025,0.003,0.8873,1.306,1.40215,42.0645,25.2387,18,0.571923,-0.29648,-0.978756,0.538294,-0.354165,-1.11421
537,3,10,2,1.5e+21,0.00349025,0.0038356,0.7486,1.304,1.76254,52.8763,27,18,0.684008,-0.255743,-0.965837,0.64439,-0.33817,-1.14526
538,3,10,3,1.5e+21,0.00349025,0.00490394,0.6262,1.3,2.26088,67.827,27,18,0.786208,-0.148216,-0.738388,0.736976,-0.285295,-0.904717
539,3,10,4,1.5e+21,0.00349025,0.00626986,0.542,1.295,2.78873,83.6624,27,18,0.851353,-0.0642366,-0.600297,0.810602,-0.206318,-0.722688
540,3,11,1,1.5e+21,0.00517947,0.003,1.1447,1.453,1.41577,42.4733,25.484,18,0.480952,-0.189342,-0.703675,0.447173,-0.240639,-0.805866
541,3,11,2,1.5e+21,0.00517947,0.0038356,0.9617,1.451,1.77092,53.1274,27,18,0.598574,-0.157009,-0.67398,0.558745,-0.224062,-0.802647
542,3,11,3,1.5e+21,0.00517947,0.00490394,0.806,1.446,2.24081,67.224,27,18,0.711514,-0.0858165,-0.511406,0.664011,-0.187739,-0.646621
543,3,11,4,1.5e+21,0.00517947,0.00626986,0.6804,1.438,2.83473,85.0417,27,18,0.803062,-0.0144333,-0.384674,0.757366,-0.151593,-0.532795
544,3,11,5,1.5e+21,0.00517947,0.00801622,0.5813,1.426,3.56242,106.872,27,18,0.785255,0.310079,0.283894,1.17255,1.58458,11.2231
545,3,12,1,1.5e+21,0.00768625,0.003,1.4863,1.673,1.44785,43.4359,26.0615,18,0.393567,-0.120392,-0.503465,0.366501,-0.156236,-0.595935
546,3,12,2,1.5e+21,0.00768625,0.0038356,1.2341,1.668,1.81088,54.3262,27,18,0.511905,-0.088956,-0.439993,0.47994,-0.133397,-0.543775
547,3,12,3,1.5e+21,0.00768625,0.00490394,1.0253,1.661,2.28854,68.656,27,18,0.63485,-0.0393869,-0.324704,0.596359,-0.102268,-0.434309
548,3,12,4,1.5e+21,0.00768625,0.00626986,0.8598,1.649,2.88835,86.6503,27,18,0.740922,0.0113395,-0.230598,0.706157,-0.0613967,-0.367143
549,3,12,5,1.5e+21,0.00768625,0.00801622,0.7272,1.631,3.64165,109.25,27,18,0.711701,0.278016,0.307569,1.09488,1.25905,1.79606
550,3,12,6,1.5e+21,0.00768625,0.010249,0.6141,1.602,4.65781,139.734,27,18,0.748952,0.383574,0.473037,1.04313,1.1725,2.13365
551,3,12,7,1.5e+21,0.00768625,0.0131037,0.5295,1.561,5.86335,175.9,27,18,0.799179,0.437346,0.544588,0.976393,1.00006,0.838622
552,3,13,1,1.5e+21,0.0114062,0.003,1.9337,1.997,1.52338,45.7016,27,18,0.319664,-0.0722508,-0.343805,0.295795,-0.100745,-0.416527
553,3,13,2,1.5e+21,0.0114062,0.0038356,1.6018,1.99,1.86935,56.0808,27,18,0.4259,-0.0425354,-0.264665,0.390918,-0.0869269,-0.34406
554,3,13,3,1.5e+21,0.0114062,0.00490394,1.3243,1.979,2.334,70.0206,27,18,0.545552,-0.0128131,-0.193453,0.505975,-0.0710989,-0.283974
555,3,13,4,1.5e+21,0.0114062,0.00626986,1.1039,1.962,2.92438,87.731,27,18,0.661614,0.023598,-0.125305,0.62405,-0.0445432,-0.207318
556,3,13,5,1.5e+21,0.0114062,0.00801622,0.9197,1.934,3.71285,111.385,27,18,0.62343,0.234631,0.292615,1.03683,1.08733,1.2636
557,3,13,6,1.5e+21,0.0114062,0.010249,0.7734,1.89,4.71588,141.477,27,18,0.666421,0.333189,0.436893,0.984881,1.01213,0.89494
558,3,13,7,1.5e+21,0.0114062,0.0131037,0.6584,1.828,5.96373,178.912,27,18,0.72708,0.381588,0.500456,0.954375,0.945409,0.842682
559,3,13,8,1.5e+21,0.0114062,0.0167535,0.5743,1.747,7.43096,222.929,27,18,0.783225,0.514349,0.629103,0.99129,1.06014,0.92528
560,3,14,1,1.5e+21,0.0169267,0.003,2.565,2.478,1.64623,49.3867,27,18,0.257671,-0.0291762,-0.178332,0.234164,-0.054968,-0.23102
561,3,14,2,1.5e+21,0.0169267,0.0038356,2.1045,2.468,1.97338,59.202,27,18,0.347149,-0.014049,-0.140571,0.316333,-0.0491181,-0.19952
562,3,14,3,1.5e+21,0.0169267,0.00490394,1.7288,2.451,2.41635,72.4902,27,18,0.457306,0.00647714,-0.097025,0.423733,-0.0356206,-0.164483
563,3,14,4,1.5e+21,0.0169267,0.00626986,1.4195,2.424,3.01815,90.5452,27,18,0.574107,0.149246,0.136136,1.12445,1.25216,0.740979
564,3,14,5,1.5e+21,0.0169267,0.00801622,1.1813,2.383,3.77188,113.157,27,18,0.527344,0.194834,0.264859,0.954314,0.929991,0.924863
565,3,14,6,1.5e+21,0.0169267,0.010249,0.9884,2.32,4.74904,142.471,27,18,0.572932,0.28198,0.387663,0.918212,0.890742,-0.920409
566,3,14,7,1.5e+21,0.0169267,0.0131037,0.8341,2.227,5.99408,179.823,27,18,0.636217,0.321897,0.441165,0.905564,0.860011,0.968676
567,3,14,8,1.5e+21,0.0169267,0.0167535,0.7102,2.098,7.57435,227.23,27,18,0.712537,0.463244,0.578535,0.951258,0.973241,1.07776
568,3,14,9,1.5e+21,0.0169267,0.02142,0.6129,1.917,9.72315,291.695,29.1695,18,0.790048,0.570147,0.670633,0.924429,0.905046,1.02979
569,3,14,10,1.5e+21,0.0169267,0.0273861,0.546,1.73,12.1646,364.938,36.4938,24,0.852651,0.668897,0.811662,0.919359,0.904636,0.894066
570,3,15,1,1.5e+21,0.0251189,0.003,3.4876,3.186,1.86931,56.0789,27,18,0.212325,-0.000999367,-0.0661449,0.189167,-0.0248169,-0.109227
571,3,15,2,1.5e+21,0.0251189,0.0038356,2.8018,3.171,2.17065,65.1195,27,18,0.285983,0.00615663,-0.0522627,0.259727,-0.0213475,-0.0992716
572,3,15,3,1.5e+21,0.0251189,0.00490394,2.2767,3.146,2.58312,77.494,27,18,0.379044,0.0171654,-0.0312194,0.348781,-0.0178105,-0.0866551
573,3,15,4,1.5e+21,0.0251189,0.00626986,1.8613,3.108,3.14165,94.2491,27,18,0.462573,0.185388,0.24086,0.737754,0.608373,0.76762
574,3,15,5,1.5e+21,0.0251189,0.00801622,1.5268,3.045,3.89588,116.876,27,18,0.433865,0.156806,0.228868,0.84996,0.781787,0.737495
575,3,15,6,1.5e+21,0.0251189,0.010249,1.2645,2.949,4.87196,146.159,27,18,0.477899,0.232158,0.333312,0.848436,0.796511,0.585085
576,3,15,7,1.5e+21,0.0251189,0.0131037,1.0613,2.813,6.0915,182.745,27,18,0.545918,0.286345,0.402624,0.805641,0.717258,0.243355
577,3,15,8,1.5e+21,0.0251189,0.0167535,0.8844,2.602,7.81569,234.471,27,18,0.633306,0.408783,0.519245,0.905569,0.892516,1.11919
578,3,15,9,1.5e+21,0.0251189,0.02142,0.7535,2.345,9.87708,296.312,29.6312,24,0.72345,0.521784,0.674347,0.895137,0.86343,0.945955
579,3,15,10,1.5e+21,0.0251189,0.0273861,0.6619,2.056,12.4461,373.384,37.3383,24,0.805352,0.633039,0.777183,0.986513,1.0326,1.17673
580,3,15,11,1.5e+21,0.0251189,0.0350141,0.5885,1.775,15.6074,468.222,46.8223,30,0.876656,0.738031,0.878683,0.954413,0.967363,1.11309
581,3,15,12,1.5e+21,0.0251189,0.0447667,0.5148,1.505,20.239,607.171,60.7171,36,0.931032,0.827158,0.914016,0.952207,0.920949,0.87449
582,3,16,1,1.5e+21,0.0372759,0.003,4.8218,4.223,2.30085,69.025,27,18,0.183797,0.0129982,-0.000965781,0.162331,-0.00834771,-0.0367121
583,3,16,2,1.5e+21,0.0372759,0.0038356,3.8211,4.201,2.5285,75.8554,27,18,0.241217,0.018439,0.00462625,0.215874,-0.00825795,-0.0400422
584,3,16,3,1.5e+21,0.0372759,0.00490394,3.0611,4.165,2.87981,86.3947,27,18,0.31608,0.0253656,0.0138912,0.291291,-0.00122887,-0.0410723
585,3,16,4,1.5e+21,0.0372759,0.00626986,2.4753,4.107,3.38188,101.457,27,18,0.344456,0.13649,0.201303,0.710377,0.622221,0.545749
586,3,16,5,1.5e+21,0.0372759,0.00801622,2.0079,4.016,4.09031,122.709,27,18,0.34905,0.125012,0.194279,0.730932,0.642893,0.569846
587,3,16,6,1.5e+21,0.0372759,0.010249,1.6473,3.877,5.02546,150.764,27,18,0.389714,0.189931,0.282317,0.746564,0.678978,0.767381
588,3,16,7,1.5e+21,0.0372759,0.0131037,1.3622,3.669,6.25719,187.716,27,18,0.456489,0.244699,0.352289,0.71498,0.623488,-0.614425
589,3,16,8,1.5e+21,0.0372759,0.0167535,1.1342,3.373,7.876,236.28,27,18,0.540566,0.346822,0.450172,0.864549,0.84611,1.02741
590,3,16,9,1.5e+21,0.0372759,0.02142,0.9589,3.001,9.8885,296.655,29.6655,24,0.639654,0.459379,0.6098,0.844539,0.807574,0.896256
591,3,16,10,1.5e+21,0.0372759,0.0273861,0.8157,2.563,12.509,375.269,37.5269,24,0.739372,0.580077,0.725223,0.94161,0.952077,1.3773
592,3,16,11,1.5e+21,0.0372759,0.0350141,0.7171,2.127,15.8538,475.616,47.5615,30,0.834103,0.701304,0.848346,0.940148,0.928586,1.03626
593,3,16,12,1.5e+21,0.0372759,0.0447667,0.6252,1.728,20.6109,618.326,61.8327,36,0.908209,0.804707,0.901831,0.941044,0.909811,0.818789
594,3,16,13,1.5e+21,0.0372759,0.0572357,0.5617,1.498,25.3575,760.724,76.0724,42,0.94111,0.856469,0.917644,0.982703,0.995643,1.05404
595,3,17,1,1.5e+21,0.0553168,0.003,7.1067,5.717,3.08808,92.6426,27,18,0.191824,0.0660618,0.101104,0.313768,0.209943,0.264863
596,3,17,2,1.5e+21,0.0553168,0.0038356,5.4279,5.687,3.18481,95.5444,27,18,0.235489,0.0927905,0.141622,0.422309,0.317656,0.353916
597,3,17,3,1.5e+21,0.0553168,0.00490394,4.2185,5.636,3.43231,102.97,27,18,0.254893,0.102092,0.160471,0.535195,0.44302,0.492889
598,3,17,4,1.5e+21,0.0553168,0.00626986,3.3447,5.553,3.84538,115.362,27,18,0.263017,0.100987,0.161855,0.532366,0.432902,0.466131
599,3,17,5,1.5e+21,0.0553168,0.00801622,2.6922,5.424,4.4505,133.515,27,18,0.303815,0.153767,0.23391,0.596766,0.51388,0.573882
600,3,17,6,1.5e+21,0.0553168,0.010249,2.1788,5.222,5.31712,159.513,27,18,0.30989,0.149018,0.231145,0.685784,0.62348,0.736365
601,3,17,7,1.5e+21,0.0553168,0.0131037,1.7789,4.918,6.49735,194.921,27,18,0.37562,0.206987,0.303415,0.633786,0.550509,0.484814
602,3,17,8,1.5e+21,0.0553168,0.0167535,1.4654,4.486,8.06962,242.089,27,18,0.451591,0.290359,0.383755,0.795509,0.766895,0.939116
603,3,17,9,1.5e+21,0.0553168,0.02142,1.222,3.931,10.0956,302.867,30.2867,24,0.556647,0.403616,0.548878,0.800848,0.769138,0.923889
604,3,17,10,1.5e+21,0.0553168,0.0273861,1.0253,3.272,12.7804,383.411,38.3412,24,0.669282,0.528263,0.670738,0.904491,0.903575,1.20017
605,3,17,11,1.5e+21,0.0553168,0.0350141,0.8735,2.622,16.232,486.96,48.696,30,0.782911,0.658961,0.805823,0.914337,0.897856,0.951924
606,3,17,12,1.5e+21,0.0553168,0.0447667,0.7685,2.083,20.6357,619.069,61.907,36,0.870662,0.766386,0.874941,1.00355,1.04794,1.13776
607,3,17,13,1.5e+21,0.0553168,0.0572357,0.6822,1.715,25.8695,776.085,77.6085,42,0.921872,0.835961,0.907504,0.972859,0.972747,1.08092
608,3,17,14,1.5e+21,0.0553168,0.0731778,0.602,1.451,32.8965,986.895,98.6895,54,0.951467,0.881659,0.914912,0.973647,0.982055,1.06284
609,3,17,15,1.5e+21,0.0553168,0.0935603,0.5321,1.283,41.8041,1254.12,125.412,72,0.965675,0.9052,0.886473,1.01692,1.21153,1.19469
610,3,18,1,1.5e+21,0.0820891,0.003,11.0734,7.775,4.59385,137.815,27,18,0.173865,0.0835414,0.140961,0.334405,0.268275,0.300646
611,3,18,2,1.5e+21,0.0820891,0.0038356,8.1369,7.758,4.42831,132.849,27,18,0.195339,0.0937386,0.155008,0.387289,0.312953,0.388192
612,3,18,3,1.5e+21,0.0820891,0.00490394,6.0595,7.696,4.45504,133.651,27,18,0.216462,0.107164,0.173729,0.4471,0.373357,0.453586
613,3,18,4,1.5e+21,0.0820891,0.00626986,4.6892,7.588,4.68604,140.581,27,18,0.229666,0.117715,0.188377,0.505416,0.442247,0.488219
614,3,18,5,1.5e+21,0.0820891,0.00801622,3.6766,7.405,5.15323,154.597,27,18,0.237924,0.121342,0.192873,0.516205,0.451336,0.59421
615,3,18,6,1.5e+21,0.0820891,0.010249,2.9318,7.12,5.88538,176.562,27,18,0.25226,0.122946,0.196016,0.569149,0.504562,0.609963
616,3,18,7,1.5e+21,0.0820891,0.0131037,2.3547,6.683,6.96946,209.084,27,18,0.333823,0.213973,0.305503,0.615514,0.563097,0.745549
617,3,18,8,1.5e+21,0.0820891,0.0167535,1.9099,6.054,8.48085,254.426,27,18,0.37268,0.240717,0.323549,0.706873,0.674901,0.93851
618,3,18,9,1.5e+21,0.0820891,0.02142,1.5781,5.263,10.4241,312.722,31.2722,24,0.476003,0.349721,0.485033,0.725676,0.689216,0.795041
619,3,18,10,1.5e+21,0.0820891,0.0273861,1.3118,4.323,13.0326,390.977,39.0977,24,0.590295,0.469981,0.607594,0.845219,0.829118,1.06355
620,3,18,11,1.5e+21,0.0820891,0.0350141,1.1064,3.405,16.339,490.171,49.0171,30,0.711544,0.598196,0.748307,0.888714,0.873595,0.926369
621,3,18,12,1.5e+21,0.0820891,0.0447667,0.9491,2.617,20.6657,619.97,61.997,36,0.818695,0.71675,0.834199,0.972686,0.989001,1.20197
622,3,18,13,1.5e+21,0.0820891,0.0572357,0.8352,2.045,26.1863,785.588,78.5588,42,0.89166,0.803982,0.885015,0.966593,0.965946,0.89448
623,3,18,14,1.5e+21,0.0820891,0.0731778,0.7346,1.656,33.3518,1000.55,100.055,54,0.936005,0.864436,0.910762,0.964926,0.961199,0.953008
624,3,18,15,1.5e+21,0.0820891,0.0935603,0.6438,1.401,42.8935,1286.8,128.68,72,0.9589,0.899379,0.904165,0.988465,1.01139,1.07759
625,3,18,16,1.5e+21,0.0820891,0.11962,0.5765,1.263,53.084,1592.52,159.252,90,0.968566,0.915389,0.876591,0.981434,0.964274,0.856657
626,3,19,1,1.5e+21,0.121819,0.003,19.3539,10.257,7.51877,225.563,27,18,0.180389,0.10958,0.182691,0.34481,0.301087,0.49215
627,3,19,2,1.5e+21,0.121819,0.0038356,13.0845,10.369,6.81146,204.344,27,18,0.190711,0.112029,0.185291,0.370381,0.318662,0.510075
628,3,19,3,1.5e+21,0.121819,0.00490394,9.345,10.373,6.39915,191.975,27,18,0.189719,0.104174,0.172885,0.358114,0.299476,0.31155
629,3,19,4,1.5e+21,0.121819,0.00626986,6.8083,10.267,6.27469,188.241,27,18,0.199191,0.110101,0.179824,0.384094,0.325368,0.333882
630,3,19,5,1.5e+21,0.121819,0.00801622,5.2005,10.047,6.45577,193.673,27,18,0.211825,0.119957,0.191463,0.407662,0.349259,0.363855
631,3,19,6,1.5e+21,0.121819,0.010249,4.0464,9.671,6.95523,208.656,27,18,0.257146,0.16803,0.249689,0.482561,0.435195,0.68066
632,3,19,7,1.5e+21,0.121819,0.0131037,3.2004,9.089,7.81973,234.592,27,18,0.277072,0.183412,0.25942,0.574454,0.541342,0.931524
633,3,19,8,1.5e+21,0.121819,0.0167535,2.5502,8.223,9.16315,274.895,27.4895,18,0.323502,0.222109,0.300504,0.595648,0.563204,0.730405
634,3,19,9,1.5e+21,0.121819,0.02142,2.0715,7.109,11,329.999,32.9999,24,0.408977,0.310377,0.445168,0.741676,0.722564,0.97584
635,3,19,10,1.5e+21,0.121819,0.0273861,1.7034,5.806,13.4731,404.193,40.4193,24,0.514051,0.414689,0.546198,0.766129,0.74489,0.919868
636,3,19,11,1.5e+21,0.121819,0.0350141,1.4082,4.449,16.8656,505.968,50.5968,30,0.641402,0.542296,0.68781,0.841312,0.817417,0.838859
637,3,19,12,1.5e+21,0.121819,0.0447667,1.1888,3.353,21.0608,631.824,63.1824,36,0.758011,0.662316,0.783092,0.94616,0.943444,1.16104
638,3,19,13,1.5e+21,0.121819,0.0572357,1.0238,2.51,26.7183,801.549,80.1549,42,0.85133,0.764022,0.85202,0.966196,0.970708,0.984812
639,3,19,14,1.5e+21,0.121819,0.0731778,0.8959,1.942,34.1098,1023.29,102.329,60,0.913654,0.839931,0.893425,1.01322,1.05455,1.14205
640,3,19,15,1.5e+21,0.121819,0.0935603,0.793,1.601,42.8258,1284.77,128.477,72,0.945653,0.88396,0.905784,0.988028,0.995447,1.07063
641,3,19,16,1.5e+21,0.121819,0.11962,0.7015,1.379,54.0218,1620.65,162.065,90,0.96284,0.910974,0.897778,0.97804,0.961489,0.90703
642,3,19,17,1.5e+21,0.121819,0.152938,0.6148,1.229,69.5598,2086.8,208.68,120,0.970893,0.919814,0.854641,0.971609,0.91124,0.68413
643,3,19,18,1.5e+21,0.121819,0.195537,0.5484,1.147,86.7955,2603.86,260.387,150,0.973955,0.912574,0.781532,0.969666,0.850625,0.460198
644,3,20,1,1.5e+21,0.180777,0.003,32.823,12.446,12.4467,373.402,37.3402,18,0.205914,0.151112,0.261226,0.364379,0.331001,0.53558
645,3,20,2,1.5e+21,0.180777,0.0038356,22.9734,12.867,11.3194,339.581,33.9582,18,0.214432,0.155213,0.258474,0.402621,0.368964,0.703509
646,3,20,3,1.5e+21,0.180777,0.00490394,15.4713,13.192,10.1394,304.181,30.4182,18,0.217544,0.154248,0.24736,0.562637,0.541169,0.567475
647,3,20,4,1.5e+21,0.180777,0.00626986,10.6699,13.293,9.292,278.761,27.876,18,0.213236,0.145483,0.223893,0.407207,0.374278,0.528682
648,3,20,5,1.5e+21,0.180777,0.00801622,7.8038,13.158,8.91092,267.327,27,18,0.214352,0.144449,0.216594,0.4428,0.412863,0.605198
649,3,20,6,1.5e+21,0.180777,0.010249,5.7939,12.747,8.95669,268.7,27,18,0.225003,0.15286,0.223323,0.472041,0.443958,0.63462
650,3,20,7,1.5e+21,0.180777,0.0131037,4.4546,12.038,9.45892,283.768,28.3768,18,0.251164,0.177183,0.250922,0.490444,0.46212,0.612235
651,3,20,8,1.5e+21,0.180777,0.0167535,3.496,10.973,10.4558,313.676,31.3675,18,0.299684,0.225676,0.304408,0.646687,0.629858,0.823002
652,3,20,9,1.5e+21,0.180777,0.02142,2.7773,9.503,12.0622,361.866,36.1866,24,0.355698,0.278839,0.40487,0.654126,0.636169,0.945144
653,3,20,10,1.5e+21,0.180777,0.0273861,2.2459,7.767,14.3418,430.255,43.0254,24,0.449148,0.369364,0.489829,0.704567,0.681991,0.845853
654,3,20,11,1.5e+21,0.180777,0.0350141,1.8382,5.968,17.4827,524.482,52.4482,30,0.563332,0.478718,0.619823,0.928974,0.935424,0.961365
655,3,20,12,1.5e+21,0.180777,0.0447667,1.5207,4.381,21.7278,651.836,65.1835,36,0.689288,0.602452,0.727754,0.90285,0.893902,0.990533
656,3,20,13,1.5e+21,0.180777,0.0572357,1.2747,3.193,27.2928,818.784,81.8784,48,0.797441,0.712846,0.818048,0.955438,0.956057,0.92814
657,3,20,14,1.5e+21,0.180777,0.0731778,1.112,2.413,34.1875,1025.62,102.562,60,0.87554,0.799396,0.866318,1.0053,1.02649,1.23574
658,3,20,15,1.5e+21,0.180777,0.0935603,0.9759,1.886,43.2553,1297.66,129.766,72,0.925118,0.859942,0.895111,0.99694,1.01674,1.05721
659,3,20,16,1.5e+21,0.180777,0.11962,0.8564,1.547,55.0355,1651.07,165.106,96,0.953336,0.899878,0.898799,0.98718,0.998055,0.978564
660,3,20,17,1.5e+21,0.180777,0.152938,0.7512,1.334,70.4031,2112.09,211.209,120,0.96648,0.918458,0.885031,0.98407,0.99088,0.869239
661,3,20,18,1.5e+21,0.180777,0.195537,0.6651,1.21,88.7626,2662.88,266.288,150,0.971951,0.921249,0.844986,0.983035,0.985252,0.683204
662,3,20,19,1.5e+21,0.180777,0.25,0.5906,1.132,111.556,3346.67,334.667,192,0.974429,0.908904,0.753751,0.983482,0.992175,0.361911
663,3,21,1,1.5e+21,0.26827,0.003,59.0125,13.497,20.236,607.081,60.7081,18,0.227054,0.180751,0.33595,0.376915,0.344307,0.58117
664,3,21,2,1.5e+21,0.26827,0.0038356,36.8688,14.466,18.4048,552.143,55.2143,18,0.243427,0.194579,0.338143,0.412575,0.380155,0.64458
665,3,21,3,1.5e+21,0.26827,0.00490394,25.2892,15.168,16.6237,498.71,49.871,18,0.246452,0.197209,0.328224,0.40278,0.370988,0.568694
666,3,21,4,1.5e+21,0.26827,0.00626986,18.7762,15.594,15.2341,457.022,45.7022,18,0.244839,0.195514,0.314038,0.415932,0.385793,0.572416
667,3,21,5,1.5e+21,0.26827,0.00801622,12.5132,15.878,13.6319,408.957,40.8958,18,0.243991,0.194262,0.302122,0.425519,0.398929,0.565645
668,3,21,6,1.5e+21,0.26827,0.010249,8.7682,15.697,12.7313,381.939,38.1939,18,0.246852,0.19582,0.291622,0.457577,0.434826,0.634699
669,3,21,7,1.5e+21,0.26827,0.0131037,6.5184,15.075,12.518,375.54,37.554,18,0.258993,0.205969,0.29462,0.491255,0.470692,0.670772
670,3,21,8,1.5e+21,0.26827,0.0167535,4.8926,13.873,12.9671,389.013,38.9013,24,0.289055,0.23389,0.367737,0.518633,0.498107,0.583871
671,3,21,9,1.5e+21,0.26827,0.02142,3.8113,12.205,14.0897,422.692,42.2692,24,0.337398,0.279051,0.407621,0.566536,0.545056,0.714638
672,3,21,10,1.5e+21,0.26827,0.0273861,3.027,10.133,15.9713,479.139,47.9138,24,0.404133,0.340605,0.457271,0.631137,0.607053,0.476359
673,3,21,11,1.5e+21,0.26827,0.0350141,2.4369,7.887,18.7837,563.512,56.3512,30,0.499314,0.429149,0.567505,0.776494,0.760295,1.15755
674,3,21,12,1.5e+21,0.26827,0.0447667,1.983,5.797,22.7885,683.654,68.3654,36,0.616149,0.539748,0.668569,0.87373,0.865403,0.928312
675,3,21,13,1.5e+21,0.26827,0.0572357,1.6443,4.193,28.0497,841.49,84.149,48,0.730503,0.651475,0.76741,0.961768,0.964802,0.891011
676,3,21,14,1.5e+21,0.26827,0.0731778,1.3789,3.045,35.0434,1051.3,105.13,60,0.829031,0.753602,0.83141,1.03169,1.06368,1.18156
677,3,21,15,1.5e+21,0.26827,0.0935603,1.2051,2.294,44.0327,1320.98,132.098,72,0.894888,0.826819,0.874073,0.996922,1.01437,1.02708
678,3,21,16,1.5e+21,0.26827,0.11962,1.0563,1.807,55.6176,1668.53,166.853,96,0.936616,0.879464,0.893921,0.985143,0.994297,1.00381
679,3,21,17,1.5e+21,0.26827,0.152938,0.9253,1.496,70.7627,2122.88,212.288,120,0.958028,0.90864,0.896973,0.979258,0.97634,0.964771
680,3,21,18,1.5e+21,0.26827,0.195537,0.8164,1.31,89.314,2679.42,267.942,150,0.968028,0.92163,0.879307,0.97787,0.963147,0.859951
681,3,21,19,1.5e+21,0.26827,0.25,0.7198,1.192,113.282,3398.47,339.847,192,0.972751,0.921111,0.829254,0.978259,0.955365,0.704392
682,3,22,2,1.5e+21,0.398107,0.0038356,57.8315,15.271,29.0182,870.545,87.0546,18,0.258724,0.213332,0.390835,0.517474,0.490769,0.697104
683,3,22,3,1.5e+21,0.398107,0.00490394,46.4806,15.829,27.7868,833.603,83.3603,18,0.262899,0.217669,0.388232,0.488389,0.459992,0.626384
684,3,22,4,1.5e+21,0.398107,0.00626986,30.5593,16.777,24.9752,749.255,74.9255,24,0.26548,0.221428,0.43449,0.484548,0.457032,0.697517
685,3,22,5,1.5e+21,0.398107,0.00801622,21.4647,17.346,22.4894,674.682,67.4683,24,0.26595,0.222952,0.41815,0.478345,0.452068,0.676185
686,3,22,6,1.5e+21,0.398107,0.010249,14.1908,17.595,19.9061,597.182,59.7182,24,0.269055,0.226632,0.400762,0.481273,0.457829,0.604641
687,3,22,7,1.5e+21,0.398107,0.0131037,10.0874,17.291,18.3579,550.738,55.0738,24,0.27771,0.234849,0.391785,0.506906,0.485658,0.754124
688,3,22,8,1.5e+21,0.398107,0.0167535,7.3701,16.389,17.6449,529.348,52.9348,24,0.295563,0.251196,0.393251,0.547708,0.528476,0.964312
689,3,22,9,1.5e+21,0.398107,0.02142,5.4576,14.74,17.8566,535.698,53.5697,24,0.328574,0.281166,0.408967,0.586104,0.567485,0.928498
690,3,22,10,1.5e+21,0.398107,0.0273861,4.1923,12.544,19.051,571.531,57.1531,30,0.379712,0.327654,0.485202,0.64737,0.62994,0.89145
691,3,22,11,1.5e+21,0.398107,0.0350141,3.3016,10.046,21.2808,638.425,63.8425,30,0.45298,0.394589,0.530093,0.724378,0.706503,0.839905
692,3,22,12,1.5e+21,0.398107,0.0447667,2.6463,7.592,24.7257,741.769,74.177,36,0.549514,0.483963,0.616976,0.883708,0.879189,0.860834
693,3,22,13,1.5e+21,0.398107,0.0572357,2.1565,5.521,29.6014,888.042,88.8043,48,0.662517,0.591698,0.714426,1.40765,1.51296,1.04944
694,3,22,14,1.5e+21,0.398107,0.0731778,1.7805,3.955,36.2942,1088.82,108.882,60,0.770143,0.698162,0.788661,1.38345,1.52766,1.07385
695,3,22,15,1.5e+21,0.398107,0.0935603,1.4986,2.874,45.2301,1356.9,135.69,72,0.853711,0.784689,0.844457,1.02493,1.05607,1.02416
696,3,22,16,1.5e+21,0.398107,0.11962,1.3054,2.17,56.9312,1707.94,170.794,96,0.911559,0.850575,0.878957,0.992675,1.00953,0.989269
697,3,22,17,1.5e+21,0.398107,0.152938,1.14,1.723,72.0436,2161.31,216.131,120,0.944799,0.892456,0.896078,0.987467,1.00064,0.937025
698,3,22,18,1.5e+21,0.398107,0.195537,1.0013,1.45,90.9082,2727.24,272.724,156,0.961344,0.91446,0.890843,0.984136,0.992069,0.891766
699,3,22,19,1.5e+21,0.398107,0.25,0.8765,1.274,116.083,3482.49,348.249,198,0.96991,0.92418,0.864951,0.970784,0.926224,0.806909
700,3,23,4,1.5e+21,0.590784,0.00626986,56.0253,17.023,41.1848,1235.54,123.554,24,0.274337,0.23182,0.481617,0.649954,0.63052,0.786174
701,3,23,5,1.5e+21,0.590784,0.00801622,38.4577,17.9,37.7466,1132.4,113.24,24,0.276442,0.235511,0.468795,0.674727,0.657669,0.783405
702,3,23,6,1.5e+21,0.590784,0.010249,24.9669,18.485,33.3158,999.473,99.9473,24,0.28066,0.241114,0.452975,0.722428,0.709245,0.783632
703,3,23,7,1.5e+21,0.590784,0.0131037,17.5257,18.516,29.8597,895.791,89.5791,24,0.288375,0.249262,0.441295,0.747387,0.736372,0.802998
704,3,23,8,1.5e+21,0.590784,0.0167535,11.5103,17.849,26.5822,797.467,79.7467,24,0.305894,0.266187,0.432512,0.704447,0.691469,0.725716
705,3,23,9,1.5e+21,0.590784,0.02142,8.1986,16.528,25.0217,750.651,75.0651,30,0.331221,0.289662,0.476593,0.72475,0.713384,0.738575
706,3,23,10,1.5e+21,0.590784,0.0273861,6.043,14.541,24.8177,744.531,74.4532,30,0.369715,0.324769,0.489152,0.809305,0.802953,0.726981
707,3,23,11,1.5e+21,0.590784,0.0350141,4.6476,12.178,25.91,777.301,77.7301,36,0.423077,0.373246,0.542084,0.280374,0.224209,0.541325
708,3,23,12,1.5e+21,0.590784,0.0447667,3.6003,9.475,28.5593,856.778,85.6778,42,0.505256,0.449098,0.607682,0.72028,0.696444,1.03761
709,3,23,13,1.5e+21,0.590784,0.0572357,2.8803,7.093,32.6963,980.888,98.0888,48,0.602611,0.540287,0.673707,0.830365,0.812076,0.942134
710,3,23,14,1.5e+21,0.590784,0.0731778,2.3325,5.11,38.8655,1165.97,116.597,60,0.708174,0.641361,0.746973,0.93379,0.92622,1.01276
711,3,23,15,1.5e+21,0.590784,0.0935603,1.9177,3.656,47.4561,1423.68,142.368,78,0.803644,0.736083,0.809775,1.40208,1.56382,0.998137
712,3,23,16,1.5e+21,0.590784,0.11962,1.6329,2.704,58.5147,1755.44,175.544,96,0.875154,0.811801,0.855202,1.0087,1.03349,0.984942
713,3,23,17,1.5e+21,0.590784,0.152938,1.4166,2.056,73.6308,2208.92,220.893,120,0.923092,0.86653,0.884905,0.987012,0.998484,0.978373
714,3,23,18,1.5e+21,0.590784,0.195537,1.2391,1.661,92.3977,2771.93,277.193,156,0.949863,0.900272,0.894208,0.97382,0.965228,0.903706
715,3,23,19,1.5e+21,0.590784,0.25,1.0871,1.412,116.329,3489.86,348.986,198,0.963882,0.918672,0.886572,0.974697,0.959593,0.892198
716,3,24,5,1.5e+21,0.876712,0.00801622,55.707,18.457,58.3984,1751.95,175.195,24,0.283551,0.244217,0.487279,0.75278,0.740112,0.833609
717,3,24,6,1.5e+21,0.876712,0.010249,39.7985,18.971,53.8939,1616.82,161.682,24,0.287879,0.249753,0.477322,0.848918,0.842036,0.850252
718,3,24,7,1.5e+21,0.876712,0.0131037,28.9194,19.09,49.1787,1475.36,147.536,24,0.295835,0.258334,0.469984,1.03897,1.04276,0.874977
719,3,24,8,1.5e+21,0.876712,0.0167535,20.1653,18.748,43.9324,1317.97,131.797,24,0.309626,0.272114,0.464351,1.6074,1.64338,0.945983
720,3,24,9,1.5e+21,0.876712,0.02142,13.3438,17.656,38.8154,1164.46,116.446,30,0.33383,0.295226,0.509577,-4.30952,-4.62309,0.901412
721,3,24,10,1.5e+21,0.876712,0.0273861,9.3805,16.001,35.8278,1074.83,107.484,30,0.366585,0.325817,0.509467,0.579499,0.555457,0.748057
722,3,24,11,1.5e+21,0.876712,0.0350141,6.7551,13.734,34.737,1042.11,104.211,36,0.41446,0.370073,0.546429,0.666653,0.64549,0.941197
723,3,24,12,1.5e+21,0.876712,0.0447667,5.1078,11.257,35.6158,1068.48,106.848,42,0.47657,0.427403,0.593662,0.764887,0.747628,0.741918
724,3,24,13,1.5e+21,0.876712,0.0572357,3.9586,8.737,38.4684,1154.05,115.405,48,0.556276,0.50125,0.646965,0.964844,0.966308,0.866355
725,3,24,14,1.5e+21,0.876712,0.0731778,3.1472,6.52,43.423,1302.69,130.269,60,0.648373,0.587813,0.713369,1.33912,1.40868,0.63023
726,3,24,15,1.5e+21,0.876712,0.0935603,2.5383,4.714,51.0439,1531.32,153.132,78,0.744927,0.680798,0.774308,1.22582,1.29617,1.00944
727,3,24,16,1.5e+21,0.876712,0.11962,2.092,3.428,61.4923,1844.77,184.477,96,0.829414,0.766148,0.826121,1.09107,1.1375,0.94833
728,3,24,17,1.5e+21,0.876712,0.152938,1.7825,2.541,75.8802,2276.41,227.641,120,0.890995,0.831285,0.865257,0.995045,1.01051,0.944308
729,3,24,18,1.5e+21,0.876712,0.195537,1.5416,1.955,95.1512,2854.54,285.454,156,0.931919,0.878693,0.887682,0.970418,0.962143,0.913655
730,3,24,19,1.5e+21,0.876712,0.25,1.3453,1.598,119.139,3574.18,357.418,198,0.954188,0.906619,0.893748,0.972087,0.958704,0.885181
731,3,25,7,1.5e+21,1.30103,0.0131037,47.3527,19.402,79.5187,2385.56,238.556,24,0.300629,0.264,0.482332,0.940892,0.938895,0.89104
732,3,25,8,1.5e+21,1.30103,0.0167535,32.8575,19.115,71.9835,2159.5,215.95,24,0.315637,0.279186,0.477397,1.29082,1.3077,0.955142
733,3,25,9,1.5e+21,1.30103,0.02142,22.4695,18.241,63.9594,1918.78,191.878,30,0.337208,0.300083,0.530383,2.40723,2.48978,1.10617
734,3,25,10,1.5e+21,1.30103,0.0273861,15.6582,16.892,57.1069,1713.21,171.321,30,0.366224,0.327694,0.53012,0.745698,0.732068,0.911092
735,3,25,11,1.5e+21,1.30103,0.0350141,10.7364,14.919,51.6646,1549.94,154.994,36,0.407655,0.366549,0.565191,1.01019,1.01342,0.73879
736,3,25,12,1.5e+21,1.30103,0.0447667,7.5905,12.551,49.0136,1470.41,147.041,42,0.461943,0.417008,0.599704,2.14526,2.24719,1.05653
737,3,25,13,1.5e+21,1.30103,0.0572357,5.6845,10.199,49.2448,1477.35,147.735,54,0.525956,0.47639,0.649229,0.624896,0.587859,0.775459
738,3,25,14,1.5e+21,1.30103,0.0731778,4.3583,7.883,52.2343,1567.03,156.703,60,0.604799,0.549925,0.692636,0.732079,0.697674,0.948072
739,3,25,15,1.5e+21,1.30103,0.0935603,3.452,5.926,57.9915,1739.74,173.974,78,0.690238,0.630822,0.748514,0.832502,0.806465,1.01315
740,3,25,16,1.5e+21,1.30103,0.11962,2.7723,4.326,67.2971,2018.91,201.891,96,0.779118,0.717785,0.798894,1.18432,1.24796,1.05263
741,3,25,17,1.5e+21,1.30103,0.152938,2.2732,3.172,80.5022,2415.07,241.507,120,0.851806,0.791333,0.842016,1.02486,1.0512,0.937888
742,3,25,18,1.5e+21,1.30103,0.195537,1.9413,2.368,99.3117,2979.35,297.935,156,0.905554,0.848987,0.873642,0.979216,0.981038,0.905006
743,3,25,19,1.5e+21,1.30103,0.25,1.683,1.866,122.935,3688.06,368.806,198,0.938755,0.887961,0.890559,0.965613,0.949308,0.886692
744,3,26,8,1.5e+21,1.9307,0.0167535,52.0807,19.317,114.608,3438.25,343.825,24,0.319587,0.283737,0.484108,1.09265,1.09901,0.94201
745,3,26,9,1.5e+21,1.9307,0.02142,39.8054,18.729,106.994,3209.82,320.982,30,0.336444,0.300295,0.539279,1.4327,1.45835,0.999714
746,3,26,10,1.5e+21,1.9307,0.0273861,26.0662,17.265,94.2424,2827.27,282.727,30,0.36993,0.332493,0.538233,2.86035,2.97589,1.19136
747,3,26,11,1.5e+21,1.9307,0.0350141,18.7026,15.762,84.7446,2542.34,254.234,36,0.402129,0.36299,0.574585,0.938481,0.936037,1.11282
748,3,26,12,1.5e+21,1.9307,0.0447667,12.2453,13.46,74.8628,2245.88,224.588,42,0.454161,0.411871,0.610996,1.73721,1.79826,0.891625
749,3,26,13,1.5e+21,1.9307,0.0572357,8.6799,11.269,69.8408,2095.22,209.522,54,0.509676,0.463699,0.657217,0.671631,0.642832,1.15216
750,3,26,14,1.5e+21,1.9307,0.0731778,6.2782,8.971,68.7133,2061.4,206.14,66,0.579189,0.528585,0.694817,0.790378,0.76854,1.11988
751,3,26,15,1.5e+21,1.9307,0.0935603,4.798,6.986,71.5442,2146.33,214.632,78,0.653335,0.598273,0.735623,0.879944,0.865119,1.07247
752,3,26,16,1.5e+21,1.9307,0.11962,3.7807,5.306,78.1688,2345.06,234.506,96,0.732362,0.674131,0.779935,0.93523,0.925221,0.930344
753,3,26,17,1.5e+21,1.9307,0.152938,3.0332,3.944,89.2996,2678.99,267.899,126,0.808688,0.74943,0.819977,1.13339,1.18985,0.932288
754,3,26,18,1.5e+21,1.9307,0.195537,2.494,2.937,105.793,3173.79,317.379,156,0.870687,0.812636,0.854636,0.98864,0.995251,0.895193
755,3,26,19,1.5e+21,1.9307,0.25,2.1359,2.239,128.985,3869.56,386.956,198,0.915785,0.86162,0.879867,0.967065,0.957513,0.883926
756,3,27,9,1.5e+21,2.86512,0.02142,59.1304,18.704,165.905,4977.14,497.714,30,0.342804,0.306938,0.543102,1.32897,1.34881,0.991011
757,3,27,10,1.5e+21,2.86512,0.0273861,48.3071,17.985,158.263,4747.89,474.789,30,0.359699,0.32326,0.542375,1.66556,1.70596,1.04364
758,3,27,11,1.5e+21,2.86512,0.0350141,30.2511,15.89,138.694,4160.83,416.083,36,0.407719,0.369268,0.579443,3.19177,3.34014,1.26397
759,3,27,12,1.5e+21,2.86512,0.0447667,21.0395,14.044,123.574,3707.22,370.722,42,0.45087,0.410211,0.614295,1.09543,1.1046,1.01715
760,3,27,13,1.5e+21,2.86512,0.0572357,13.9455,11.829,108.91,3267.31,326.731,54,0.506204,0.462266,0.661929,2.18899,2.30124,1.17756
761,3,27,14,1.5e+21,2.86512,0.0731778,9.8003,9.823,100.123,3003.68,300.368,66,0.563177,0.515647,0.699507,0.822745,0.805833,1.11607
762,3,27,15,1.5e+21,2.86512,0.0935603,7.1266,7.922,96.6301,2898.9,289.89,78,0.626423,0.574914,0.732619,0.928531,0.922643,1.11008
763,3,27,16,1.5e+21,2.86512,0.11962,5.3695,6.206,98.5341,2956.02,295.602,96,0.696906,0.641928,0.767711,0.973083,0.973618,1.04795
764,3,27,17,1.5e+21,2.86512,0.152938,4.1732,4.746,105.929,3177.88,317.788,126,0.768505,0.711164,0.807207,1.24098,1.31304,0.959725
765,3,27,18,1.5e+21,2.86512,0.195537,3.3231,3.576,119.386,3581.58,358.158,156,0.834873,0.777317,0.838933,1.01781,1.03391,0.894272
766,3,27,19,1.5e+21,2.86512,0.25,2.7528,2.71,140.141,4204.22,420.422,198,0.887224,0.831142,0.866432,0.979381,0.980138,0.876884
767,3,28,11,1.5e+21,4.25179,0.0350141,56.3408,16.772,230.642,6919.27,525.3,36,0.394536,0.357559,0.582089,1.74012,1.78874,1.06598
768,3,28,12,1.5e+21,4.25179,0.0447667,37.5514,14.64,207.739,6232.16,525.3,42,0.443399,0.404078,0.616462,3.61228,3.80552,1.1982
769,3,28,13,1.5e+21,4.25179,0.0572357,24.3188,12.346,181.836,5455.08,525.3,54,0.50042,0.457995,0.663673,1.23618,1.25922,1.51775
770,3,28,14,1.5e+21,4.25179,0.0731778,16.9604,10.522,162.197,4865.9,486.59,60,0.550539,0.505159,0.686352,1.73991,1.82028,0.963377
771,3,28,15,1.5e+21,4.25179,0.0935603,11.3428,8.546,145.227,4356.82,435.682,78,0.612296,0.563166,0.7298,0.897704,0.887236,0.94721
772,3,28,16,1.5e+21,4.25179,0.11962,7.9685,6.818,137.088,4112.65,411.265,102,0.677881,0.625401,0.770489,0.975968,0.975905,1.00114
773,3,28,17,1.5e+21,4.25179,0.152938,5.9768,5.419,137.237,4117.12,411.712,126,0.740985,0.686159,0.800879,1.24417,1.30517,0.944865
774,3,28,18,1.5e+21,4.25179,0.195537,4.6443,4.243,144.581,4337.44,433.744,156,0.801502,0.745442,0.829762,1.11085,1.15258,0.902962
775,3,28,19,1.5e+21,4.25179,0.25,3.6631,3.245,160.481,4814.44,481.444,198,0.857777,0.801942,0.855082,0.974889,0.973637,0.880399
776,3,29,12,1.5e+21,6.30957,0.0447667,55.0066,14.289,322.142,9664.25,525.3,42,0.461364,0.422496,0.621114,1.5085,1.54922,1.05934
777,3,29,13,1.5e+21,6.30957,0.0572357,41.6222,12.712,300.282,9008.46,525.3,54,0.49991,0.459021,0.665626,1.62472,1.68086,1.07281
778,3,29,14,1.5e+21,6.30957,0.0731778,27.5354,10.579,265.799,7973.96,525.3,66,0.556023,0.511776,0.701112,2.16382,2.2888,1.13933
779,3,29,15,1.5e+21,6.30957,0.0935603,19.7029,9.043,239.062,7171.85,525.3,78,0.601819,0.554715,0.729415,1.76599,1.86523,1.01064
780,3,29,16,1.5e+21,6.30957,0.11962,13.0436,7.32,211.757,6352.72,525.3,96,0.664322,0.614119,0.762045,1.60761,1.70862,1.00846
781,3,29,17,1.5e+21,6.30957,0.152938,9.1351,5.912,196.622,5898.67,525.3,126,0.724562,0.67211,0.797441,1.45947,1.55898,0.946504
782,3,29,18,1.5e+21,6.30957,0.195537,6.7196,4.73,192.881,5786.44,525.3,156,0.780507,0.726373,0.825283,1.4231,1.54452,0.919004
783,3,29,19,1.5e+21,6.30957,0.25,5.141,3.742,199.784,5993.51,525.3,198,0.832902,0.778485,0.850064,0.99113,0.99747,0.895773
784,3,30,14,1.5e+21,9.36329,0.0731778,45.4424,10.753,431.909,12957.3,525.3,66,0.560326,0.517453,0.704319,1.27725,1.30757,1.00603
785,3,30,15,1.5e+21,9.36329,0.0935603,34.6088,9.424,400.659,12019.8,525.3,72,0.59758,0.552314,0.719264,1.30422,1.34242,1.00715
786,3,30,16,1.5e+21,9.36329,0.11962,22.9013,7.71,353.017,10590.5,525.3,96,0.655071,0.60673,0.760758,1.31036,1.36194,0.979999
787,3,30,17,1.5e+21,9.36329,0.152938,15.0971,6.245,310.971,9329.12,525.3,126,0.714497,0.663903,0.796541,1.1835,1.22499,0.948718
788,3,30,18,1.5e+21,9.36329,0.195537,10.6025,5.123,285.254,8557.62,525.3,156,0.764619,0.712342,0.822281,1.13129,1.17112,0.9211
789,3,30,19,1.5e+21,9.36329,0.25,7.5941,4.116,273.892,8216.77,525.3,198,0.816461,0.763907,0.847904,0.977245,0.979984,0.908894
790,3,31,15,1.5e+21,13.895,0.0935603,53.1054,9.298,631.099,18933,525.3,78,0.605406,0.555072,0.719932,1.04099,1.04403,0.917593
791,3,31,16,1.5e+21,13.895,0.11962,37.0009,7.719,575.036,17251.1,525.3,96,0.659458,0.607028,0.752446,1.49636,1.56956,0.940311
792,3,31,17,1.5e+21,13.895,0.152938,25.6502,6.427,515.828,15474.8,525.3,120,0.710421,0.660668,0.792191,1.06019,1.07577,0.927956
793,3,31,18,1.5e+21,13.895,0.195537,18.4015,5.448,465.826,13974.8,525.3,150,0.755154,0.70485,0.817846,1.01869,1.02783,0.912066
794,3,31,19,1.5e+21,13.895,0.25,12.1715,4.387,416.417,12492.5,525.3,198,0.80621,0.755194,0.845709,0.968367,0.964673,0.886953
795,3,32,17,1.5e+21,20.6199,0.152938,45.3446,6.756,855.915,25677.4,525.3,114,0.695254,0.632442,0.754883,2.92775,3.25362,0.894991
796,3,32,18,1.5e+21,20.6199,0.195537,30.6989,5.532,769.407,23082.2,525.3,150,0.749797,0.682204,0.777083,1.50918,1.60935,0.856148
797,3,32,19,1.5e+21,20.6199,0.25,20.9404,4.585,686.045,20581.3,525.3,192,0.798198,0.726714,0.790939,0.962384,0.93608,0.77987
798,3,33,19,1.5e+21,30.5995,0.25,36.8295,4.776,1146.64,34399.2,525.3,186,0.784532,0.702885,0.766818,1.0068,0.986422,0.762941
799,4,8,1,3e+21,0.00158489,0.003,0.5733,1.069,1.33038,39.9111,23.9467,18,0.715077,-1.56934,-2.44359,0.651694,-1.8329,-2.71677
800,4,9,1,3e+21,0.00235195,0.003,0.7175,1.103,1.3585,40.7551,24.4531,18,0.677338,-1.06407,-2.10947,0.618284,-1.24864,-2.37535
801,4,9,2,3e+21,0.00235195,0.0038356,0.6073,1.102,1.73185,51.9557,27,18,0.757818,-1.02888,-2.2571,0.691442,-1.28956,-2.64656
802,4,9,3,3e+21,0.00235195,0.00490394,0.5175,1.101,2.21227,66.3685,27,18,0.821698,-0.714888,-1.71012,0.761656,-0.943806,-2.10534
803,4,10,1,3e+21,0.00349025,0.003,0.9008,1.153,1.39615,41.8841,25.1305,18,0.630247,-0.727583,-1.77527,0.573776,-0.866574,-2.00461
804,4,10,2,3e+21,0.00349025,0.0038356,0.7582,1.152,1.77531,53.2588,27,18,0.723378,-0.64721,-1.73552,0.66008,-0.830022,-2.05178
805,4,10,3,3e+21,0.00349025,0.00490394,0.6454,1.15,2.24623,67.3872,27,18,0.796001,-0.444981,-1.32092,0.743452,-0.567396,-1.67813
806,4,10,4,3e+21,0.00349025,0.00626986,0.562,1.148,2.77773,83.3325,27,18,0.843044,-0.310028,-1.07456,0.7916,-0.474428,-1.28363
807,4,11,1,3e+21,0.00517947,0.003,1.1553,1.226,1.41462,42.4384,25.4631,18,0.564973,-0.479332,-1.37498,0.517081,-0.565925,-1.55818
808,4,11,2,3e+21,0.00517947,0.0038356,0.9735,1.225,1.77277,53.1825,27,18,0.666482,-0.417748,-1.31253,0.616258,-0.513799,-1.578
809,4,11,3,3e+21,0.00517947,0.00490394,0.8218,1.223,2.24031,67.2092,27,18,0.753814,-0.281348,-0.993814,0.699525,-0.392954,-1.26378
810,4,11,4,3e+21,0.00517947,0.00626986,0.6996,1.219,2.83123,84.9367,27,18,0.818115,-0.176208,-0.780858,0.776352,-0.217166,-0.963761
811,4,11,5,3e+21,0.00517947,0.00801622,0.5989,1.213,3.59531,107.86,27,18,0.807057,0.224521,0.0791532,0.736099,-0.0214438,-0.149517
812,4,11,6,3e+21,0.00517947,0.010249,0.5116,1.203,4.64615,139.384,27,18,0.827077,0.348774,0.338918,11.5571,59.4417,2.0853
813,4,12,1,3e+21,0.00768625,0.003,1.4941,1.336,1.44935,43.4803,26.0882,18,0.493251,-0.319359,-1.0579,0.450095,-0.386198,-1.21503
814,4,12,2,3e+21,0.00768625,0.0038356,1.2442,1.334,1.81423,54.4271,27,18,0.604749,-0.254971,-0.920156,0.559573,-0.32223,-1.13603
815,4,12,3,3e+21,0.00768625,0.00490394,1.0424,1.33,2.28262,68.4788,27,18,0.70472,-0.166162,-0.695569,0.65828,-0.230646,-0.907873
816,4,12,4,3e+21,0.00768625,0.00626986,0.8741,1.324,2.9075,87.2248,27,18,0.785257,-0.0909992,-0.532423,0.734461,-0.197221,-0.650989
817,4,12,5,3e+21,0.00768625,0.00801622,0.7444,1.315,3.67354,110.207,27,18,0.759929,0.217888,0.162124,0.690652,0.0378637,-0.0516457
818,4,12,6,3e+21,0.00768625,0.010249,0.6317,1.3,4.73577,142.073,27,18,0.784034,0.326653,0.371112,1.9366,5.13907,7.45501
819,4,12,7,3e+21,0.00768625,0.0131037,0.5578,1.282,5.80681,174.204,27,18,0.816948,0.3749,0.445207,1.04221,1.6288,16.2141
820,4,13,1,3e+21,0.0114062,0.003,1.9422,1.499,1.52373,45.7116,27,18,0.424213,-0.203224,-0.765863,0.390529,-0.245674,-0.898801
821,4,13,2,3e+21,0.0114062,0.0038356,1.6118,1.495,1.87119,56.1353,27,18,0.534,-0.14612,-0.602791,0.492479,-0.19656,-0.750986
822,4,13,3,3e+21,0.0114062,0.00490394,1.338,1.49,2.33562,70.0688,27,18,0.642775,-0.0924205,-0.458949,0.589815,-0.17172,-0.612815
823,4,13,4,3e+21,0.0114062,0.00626986,1.1189,1.481,2.93412,88.0229,27,18,0.734683,-0.0425923,-0.348628,0.696152,-0.0835577,-0.455093
824,4,13,5,3e+21,0.0114062,0.00801622,0.9433,1.467,3.70146,111.043,27,18,0.696058,0.195962,0.194457,0.616463,0.0182185,0.00792736
825,4,13,6,3e+21,0.0114062,0.010249,0.8019,1.446,4.68508,140.552,27,18,0.721676,0.288475,0.359993,1.54108,2.87159,1.87757
826,4,13,7,3e+21,0.0114062,0.0131037,0.6893,1.415,5.91785,177.536,27,18,0.769009,0.337707,0.433153,1.00043,1.2923,1.54739
827,4,13,8,3e+21,0.0114062,0.0167535,0.5964,1.372,7.50142,225.043,27,18,0.801875,0.449878,0.555559,0.93758,1.14437,-1.08349
828,4,13,9,3e+21,0.0114062,0.02142,0.5144,1.31,9.68735,290.62,29.062,18,0.842525,0.536834,0.630716,0.879684,0.861191,0.384907
829,4,14,1,3e+21,0.0169267,0.003,2.5723,1.739,1.64754,49.4263,27,18,0.360104,-0.101589,-0.435354,0.32968,-0.132775,-0.527783
830,4,14,2,3e+21,0.0169267,0.0038356,2.1146,1.734,1.97496,59.2485,27,18,0.461927,-0.0740472,-0.356835,0.419712,-0.12114,-0.456735
831,4,14,3,3e+21,0.0169267,0.00490394,1.7414,1.726,2.41915,72.575,27,18,0.571838,-0.042864,-0.276837,0.534958,-0.0733364,-0.370868
832,4,14,4,3e+21,0.0169267,0.00626986,1.4377,1.712,3.01704,90.5116,27,18,0.656257,0.0879793,-0.0216898,0.590057,-0.0386417,-0.184647
833,4,14,5,3e+21,0.0169267,0.00801622,1.2026,1.692,3.77227,113.168,27,18,0.620096,0.169896,0.201686,0.545379,0.0349276,0.0187938
834,4,14,6,3e+21,0.0169267,0.010249,1.0093,1.659,4.77762,143.329,27,18,0.649,0.252137,0.339799,1.25574,1.76785,3.2564
835,4,14,7,3e+21,0.0169267,0.0131037,0.8589,1.612,6.03454,181.036,27,18,0.70457,0.304148,0.413136,0.917248,0.958528,2.28282
836,4,14,8,3e+21,0.0169267,0.0167535,0.7371,1.546,7.64562,229.368,27,18,0.749051,0.411687,0.523912,0.905552,0.973969,1.22046
837,4,14,9,3e+21,0.0169267,0.02142,0.6298,1.451,9.91142,297.343,29.7343,24,0.805174,0.511194,0.655035,0.867493,0.844282,0.899622
838,4,14,10,3e+21,0.0169267,0.0273861,0.5605,1.366,12.1335,364.006,36.4006,24,0.843627,0.587381,0.725432,0.92992,1.13584,0.904756
839,4,15,1,3e+21,0.0251189,0.003,3.4935,2.093,1.87142,56.1428,27,18,0.308709,-0.0366046,-0.201725,0.280726,-0.0618697,-0.26641
840,4,15,2,3e+21,0.0251189,0.0038356,2.8095,2.085,2.17419,65.2261,27,18,0.399886,-0.0257034,-0.176207,0.36753,-0.052991,-0.245466
841,4,15,3,3e+21,0.0251189,0.00490394,2.2869,2.073,2.58869,77.6608,27,18,0.502232,-0.0103321,-0.1419,0.464362,-0.046352,-0.215928
842,4,15,4,3e+21,0.0251189,0.00626986,1.8751,2.053,3.14954,94.4862,27,18,0.544755,0.143073,0.151391,0.464441,0.021219,0.0135842
843,4,15,5,3e+21,0.0251189,0.00801622,1.5471,2.022,3.90023,117.006,27,18,0.537316,0.145087,0.19559,0.457661,0.0171997,0.0397914
844,4,15,6,3e+21,0.0251189,0.010249,1.288,1.974,4.88223,146.467,27,18,0.565512,0.213526,0.305748,1.15745,1.41205,4.99892
845,4,15,7,3e+21,0.0251189,0.0131037,1.0899,1.906,6.09919,182.975,27,18,0.624376,0.263674,0.374775,0.853747,0.807194,1.20567
846,4,15,8,3e+21,0.0251189,0.0167535,0.9223,1.805,7.75573,232.672,27,18,0.681015,0.365672,0.478536,0.883357,0.910391,1.41237
847,4,15,9,3e+21,0.0251189,0.02142,0.7926,1.677,9.80546,294.163,29.4164,18,0.746532,0.461184,0.565162,0.845367,0.796493,0.773913
848,4,15,10,3e+21,0.0251189,0.0273861,0.6883,1.532,12.369,371.07,37.107,24,0.806215,0.558065,0.70348,0.907333,0.997609,0.98601
849,4,15,11,3e+21,0.0251189,0.0350141,0.5997,1.384,15.7126,471.378,47.1378,30,0.86029,0.662177,0.792761,0.891606,0.921243,0.974632
850,4,15,12,3e+21,0.0251189,0.0447667,0.5232,1.255,20.1108,603.323,60.3323,36,0.896647,0.74197,0.813187,0.891152,0.875779,0.8505
851,4,16,1,3e+21,0.0372759,0.003,4.8302,2.611,2.30327,69.098,27,18,0.276951,-0.000474381,-0.0587527,0.253858,-0.0168958,-0.102519
852,4,16,2,3e+21,0.0372759,0.0038356,3.8287,2.6,2.53281,75.984,27,18,0.350538,0.00372768,-0.057372,0.319989,-0.0228191,-0.106783
853,4,16,3,3e+21,0.0372759,0.00490394,3.0712,2.582,2.88608,86.5819,27,18,0.438818,0.0111758,-0.0474516,0.404645,-0.0223544,-0.106936
854,4,16,4,3e+21,0.0372759,0.00626986,2.4895,2.554,3.38965,101.69,27,18,0.436063,0.118266,0.160535,0.358158,0.0140131,0.032203
855,4,16,5,3e+21,0.0372759,0.00801622,2.0266,2.508,4.09965,122.989,27,18,0.453968,0.119406,0.177745,0.382567,0.019387,0.0494428
856,4,16,6,3e+21,0.0372759,0.010249,1.6697,2.438,5.04019,151.206,27,18,0.479567,0.179173,0.269255,0.996477,1.0662,1.72516
857,4,16,7,3e+21,0.0372759,0.0131037,1.3876,2.332,6.28669,188.601,27,18,0.540624,0.228584,0.33614,1.86948,2.61764,1.07477
858,4,16,8,3e+21,0.0372759,0.0167535,1.1675,2.186,7.88962,236.688,27,18,0.601096,0.315514,0.424014,0.836891,0.809039,-0.00229055
859,4,16,9,3e+21,0.0372759,0.02142,0.9936,1.997,9.93746,298.124,29.8124,24,0.678958,0.415834,0.569061,1.0328,1.17937,0.884391
860,4,16,10,3e+21,0.0372759,0.0273861,0.8527,1.777,12.5839,377.518,37.7518,24,0.757158,0.524151,0.670903,0.887105,0.920004,0.994506
861,4,16,11,3e+21,0.0372759,0.0350141,0.7376,1.557,15.9825,479.476,47.9476,30,0.828976,0.636305,0.777539,0.878137,0.868204,0.799408
862,4,16,12,3e+21,0.0372759,0.0447667,0.6374,1.364,20.6053,618.158,61.8158,36,0.881138,0.730101,0.816946,0.947486,1.09419,0.867015
863,4,16,13,3e+21,0.0372759,0.0572357,0.5684,1.249,25.3636,760.908,76.0907,42,0.904492,0.779487,0.820716,0.919126,0.974269,0.90724
864,4,17,1,3e+21,0.0553168,0.003,7.114,3.358,3.09185,92.7558,27,18,0.263539,0.0542189,0.0742846,0.220186,0.00908062,0.0126141
865,4,17,2,3e+21,0.0553168,0.0038356,5.4398,3.343,3.18988,95.6965,27,18,0.310242,0.0768318,0.108493,0.251697,0.00955444,0.0182712
866,4,17,3,3e+21,0.0553168,0.00490394,4.2284,3.317,3.44038,103.211,27,18,0.33681,0.0913815,0.136483,0.272148,0.0136564,0.0292599
867,4,17,4,3e+21,0.0553168,0.00626986,3.3645,3.276,3.85192,115.558,27,18,0.352286,0.0949974,0.148263,0.287146,0.0151327,0.0387202
868,4,17,5,3e+21,0.0553168,0.00801622,2.7112,3.211,4.46265,133.88,27,18,0.379895,0.141292,0.219127,0.897273,0.885132,1.58757
869,4,17,6,3e+21,0.0553168,0.010249,2.2022,3.109,5.33204,159.961,27,18,0.39799,0.147077,0.231446,0.888347,0.885941,1.09418
870,4,17,7,3e+21,0.0553168,0.0131037,1.8063,2.957,6.51973,195.592,27,18,0.45571,0.194224,0.293942,1.0885,1.18788,0.865848
871,4,17,8,3e+21,0.0553168,0.0167535,1.4979,2.74,8.09835,242.95,27,18,0.516372,0.268711,0.369571,0.792045,0.751108,0.796402
872,4,17,9,3e+21,0.0553168,0.02142,1.2568,2.458,10.161,304.829,30.4829,24,0.602762,0.36857,0.519959,0.929395,0.966654,1.04362
873,4,17,10,3e+21,0.0553168,0.0273861,1.072,2.143,12.7311,381.933,38.1933,24,0.692589,0.477353,0.625487,0.869917,0.87572,0.925323
874,4,17,11,3e+21,0.0553168,0.0350141,0.9154,1.812,16.232,486.962,48.6961,30,0.786071,0.600828,0.747213,0.859647,0.824089,0.705072
875,4,17,12,3e+21,0.0553168,0.0447667,0.7948,1.549,20.4849,614.547,61.4547,36,0.852264,0.69962,0.803668,0.927681,0.967021,0.992937
876,4,17,13,3e+21,0.0553168,0.0572357,0.6952,1.358,25.8428,775.284,77.5284,42,0.891015,0.766509,0.825998,0.910296,0.897567,0.761612
877,4,17,14,3e+21,0.0553168,0.0731778,0.607,1.224,33.032,990.96,99.096,54,0.91263,0.811859,0.816338,0.906236,0.906011,0.86682
878,4,17,15,3e+21,0.0553168,0.0935603,0.5355,1.142,41.73,1251.9,125.19,72,0.921606,0.826531,0.751795,0.968398,1.40943,0.433196
879,4,18,1,3e+21,0.0820891,0.003,11.1048,4.387,4.60104,138.031,27,18,0.232047,0.0784971,0.136087,0.508154,0.426391,0.61495
880,4,18,2,3e+21,0.0820891,0.0038356,8.1462,4.378,4.43608,133.082,27,18,0.258251,0.0873037,0.147833,0.642665,0.571971,1.22694
881,4,18,3,3e+21,0.0820891,0.00490394,6.0754,4.347,4.46546,133.964,27,18,0.282206,0.10075,0.167022,0.698996,0.636486,1.02335
882,4,18,4,3e+21,0.0820891,0.00626986,4.702,4.292,4.70081,141.025,27,18,0.296644,0.111483,0.183175,0.718205,0.668955,0.858128
883,4,18,5,3e+21,0.0820891,0.00801622,3.7013,4.201,5.16738,155.021,27,18,0.308643,0.116955,0.191619,0.730813,0.68227,0.718216
884,4,18,6,3e+21,0.0820891,0.010249,2.9579,4.058,5.90427,177.128,27,18,0.332299,0.123071,0.201231,0.740221,0.686097,1.29172
885,4,18,7,3e+21,0.0820891,0.0131037,2.3866,3.84,6.98838,209.651,27,18,0.391617,0.198205,0.294599,0.696299,0.627348,0.351993
886,4,18,8,3e+21,0.0820891,0.0167535,1.9448,3.523,8.50996,255.298,27,18,0.437877,0.230338,0.322168,0.73495,0.684704,0.649514
887,4,18,9,3e+21,0.0820891,0.02142,1.6183,3.128,10.4572,313.717,31.3717,24,0.522118,0.321863,0.466334,0.864464,0.857371,1.08257
888,4,18,10,3e+21,0.0820891,0.0273861,1.357,2.659,13.068,392.04,39.204,24,0.622386,0.431838,0.57545,0.830913,0.81143,0.898536
889,4,18,11,3e+21,0.0820891,0.0350141,1.148,2.183,16.5277,495.829,49.583,30,0.730001,0.555739,0.704813,0.987479,1.07969,1.18351
890,4,18,12,3e+21,0.0820891,0.0447667,0.9895,1.805,20.7482,622.445,62.2445,36,0.814598,0.663132,0.776293,0.929756,0.965354,0.935793
891,4,18,13,3e+21,0.0820891,0.0572357,0.8558,1.518,26.3276,789.829,78.9828,42,0.870735,0.744968,0.816263,0.916086,0.927399,0.86919
892,4,18,14,3e+21,0.0820891,0.0731778,0.7444,1.325,33.5339,1006.02,100.602,54,0.90261,0.802128,0.828691,0.969793,1.12905,0.781504
893,4,18,15,3e+21,0.0820891,0.0935603,0.651,1.202,42.7268,1281.8,128.18,72,0.917408,0.82979,0.798964,0.93714,1.05043,1.0713
894,4,18,16,3e+21,0.0820891,0.11962,0.5792,1.131,53.1228,1593.69,159.369,90,0.923914,0.839215,0.736253,0.923018,1.00109,1.081
895,4,18,17,3e+21,0.0820891,0.152938,0.5006,1.076,70.0638,2101.91,210.191,120,0.926916,0.804056,0.532362,0.917738,1.00555,1.35645
896,4,19,1,3e+21,0.121819,0.003,19.3764,5.627,7.52808,225.842,27,18,0.225618,0.104048,0.181164,0.402463,0.326633,0.540261
897,4,19,2,3e+21,0.121819,0.0038356,13.1096,5.682,6.82469,204.74,27,18,0.24126,0.107209,0.184656,0.466033,0.384792,0.459095
898,4,19,3,3e+21,0.121819,0.00490394,9.3835,5.684,6.41696,192.509,27,18,0.246885,0.102221,0.175785,0.672258,0.624875,0.71232
899,4,19,4,3e+21,0.121819,0.00626986,6.828,5.63,6.29519,188.856,27,18,0.258176,0.10833,0.183184,0.778948,0.751431,0.633596
900,4,19,5,3e+21,0.121819,0.00801622,5.2288,5.519,6.47992,194.398,27,18,0.271175,0.117211,0.194217,0.758263,0.726049,0.788211
901,4,19,6,3e+21,0.121819,0.010249,4.08,5.331,6.98169,209.451,27,18,0.304752,0.155634,0.242315,0.574718,0.501662,0.533512
902,4,19,7,3e+21,0.121819,0.0131037,3.2317,5.037,7.857,235.71,27,18,0.329016,0.174177,0.258139,0.623572,0.566584,-0.572226
903,4,19,8,3e+21,0.121819,0.0167535,2.5863,4.602,9.20838,276.251,27.6252,18,0.376431,0.211287,0.2968,1.26065,1.37172,-0.203021
904,4,19,9,3e+21,0.121819,0.02142,2.1172,4.051,11.0316,330.949,33.0948,24,0.451707,0.289247,0.433259,0.78083,0.752207,0.963361
905,4,19,10,3e+21,0.121819,0.0273861,1.7515,3.397,13.5253,405.758,40.5758,24,0.548826,0.386202,0.523595,0.787077,0.760421,0.897516
906,4,19,11,3e+21,0.121819,0.0350141,1.4649,2.73,16.8645,505.936,50.5936,30,0.660927,0.502177,0.652076,0.921553,0.939735,1.04025
907,4,19,12,3e+21,0.121819,0.0447667,1.2429,2.17,21.169,635.071,63.5071,36,0.764165,0.617084,0.736228,0.914978,0.931437,1.03305
908,4,19,13,3e+21,0.121819,0.0572357,1.0689,1.763,26.6058,798.175,79.8174,42,0.838018,0.709729,0.792232,0.90525,0.903006,0.777456
909,4,19,14,3e+21,0.121819,0.0731778,0.9217,1.478,33.88,1016.4,101.64,60,0.885959,0.782051,0.819369,0.956854,1.03941,0.987422
910,4,19,15,3e+21,0.121819,0.0935603,0.8056,1.302,42.7529,1282.59,128.259,72,0.908619,0.821234,0.819735,0.932016,0.988041,0.997386
911,4,19,16,3e+21,0.121819,0.11962,0.7071,1.189,54.054,1621.62,162.162,90,0.920286,0.843935,0.790097,0.91603,0.926762,0.925146
912,4,19,17,3e+21,0.121819,0.152938,0.6167,1.114,69.6955,2090.87,209.087,120,0.925058,0.837275,0.690623,0.910134,0.874077,1.0051
913,4,19,18,3e+21,0.121819,0.195537,0.5494,1.073,86.7747,2603.24,260.324,150,0.926934,0.799465,0.497821,0.992762,2.98588,1.33944
914,4,20,1,3e+21,0.180777,0.003,32.9073,6.719,12.4655,373.964,37.3964,18,0.241851,0.144794,0.258598,0.419811,0.359493,0.508199
915,4,20,2,3e+21,0.180777,0.0038356,22.8634,6.932,11.3195,339.585,33.9585,18,0.252226,0.148484,0.256013,0.4713,0.410632,0.662955
916,4,20,3,3e+21,0.180777,0.00490394,15.543,7.089,10.1725,305.174,30.5174,18,0.256497,0.147383,0.24561,0.514818,0.459909,0.772779
917,4,20,4,3e+21,0.180777,0.00626986,10.7659,7.139,9.33531,280.059,28.0059,18,0.25492,0.140226,0.226005,0.659624,0.627769,0.349908
918,4,20,5,3e+21,0.180777,0.00801622,7.8273,7.068,8.94938,268.482,27,18,0.258118,0.140029,0.219257,0.499368,0.443056,0.499211
919,4,20,6,3e+21,0.180777,0.010249,5.8304,6.861,9.00308,270.093,27.0092,18,0.269685,0.148389,0.226253,0.520815,0.466147,0.526231
920,4,20,7,3e+21,0.180777,0.0131037,4.4982,6.506,9.50988,285.297,28.5297,18,0.296363,0.173027,0.255718,0.707391,0.681837,0.846819
921,4,20,8,3e+21,0.180777,0.0167535,3.5313,5.964,10.5295,315.883,31.5884,18,0.337688,0.21209,0.29863,0.685273,0.651914,0.868507
922,4,20,9,3e+21,0.180777,0.02142,2.8162,5.223,12.1594,364.782,36.4782,24,0.396325,0.266214,0.403927,0.708625,0.679812,0.855828
923,4,20,10,3e+21,0.180777,0.0273861,2.2903,4.354,14.4673,434.018,43.4018,24,0.484432,0.349365,0.475937,0.738807,0.705392,0.775977
924,4,20,11,3e+21,0.180777,0.0350141,1.889,3.458,17.6388,529.163,52.9163,30,0.592982,0.453544,0.598979,0.883819,0.8869,1.04068
925,4,20,12,3e+21,0.180777,0.0447667,1.5842,2.69,21.7917,653.752,65.3752,36,0.70338,0.565769,0.689995,0.891933,0.886105,0.91784
926,4,20,13,3e+21,0.180777,0.0572357,1.343,2.104,27.2706,818.119,81.8118,48,0.795358,0.667853,0.766425,1.00839,1.10789,1.05555
927,4,20,14,3e+21,0.180777,0.0731778,1.1472,1.694,34.5462,1036.39,103.639,60,0.861067,0.753475,0.805126,0.951775,1.00417,1.02946
928,4,20,15,3e+21,0.180777,0.0935603,0.9961,1.44,43.4341,1303.02,130.302,72,0.89509,0.803832,0.822514,0.925722,0.952806,0.90848
929,4,20,16,3e+21,0.180777,0.11962,0.8659,1.272,55.2491,1657.47,165.747,96,0.914506,0.840154,0.807247,0.988602,1.30616,1.00905
930,4,20,17,3e+21,0.180777,0.152938,0.7552,1.166,70.6171,2118.51,211.851,120,0.922383,0.847958,0.766349,0.933622,1.04966,0.996499
931,4,20,18,3e+21,0.180777,0.195537,0.6677,1.105,88.6855,2660.56,266.057,150,0.925806,0.834079,0.669136,0.92282,0.813318,0.0852633
932,4,20,19,3e+21,0.180777,0.25,0.5912,1.066,111.591,3347.74,334.774,192,0.927413,0.779777,0.41394,0.919074,0.565886,-0.882723
933,4,21,1,3e+21,0.26827,0.003,58.7368,7.25,20.2362,607.086,60.7086,18,0.258469,0.174958,0.324485,0.433414,0.376875,0.601394
934,4,21,2,3e+21,0.26827,0.0038356,37.0555,7.722,18.4524,553.572,55.3573,18,0.276006,0.188498,0.329008,0.47802,0.422546,0.658145
935,4,21,3,3e+21,0.26827,0.00490394,25.5341,8.066,16.703,501.088,50.1089,18,0.278848,0.19072,0.321195,0.50817,0.458102,0.752549
936,4,21,4,3e+21,0.26827,0.00626986,18.8462,8.282,15.2906,458.719,45.8718,18,0.277066,0.188978,0.309525,0.570055,0.53044,0.773589
937,4,21,5,3e+21,0.26827,0.00801622,12.5807,8.419,13.7007,411.022,41.1022,18,0.276011,0.187652,0.298526,0.493147,0.445289,0.590603
938,4,21,6,3e+21,0.26827,0.010249,8.9772,8.335,12.8369,385.106,38.5107,18,0.279286,0.189392,0.291331,0.523096,0.480302,0.620341
939,4,21,7,3e+21,0.26827,0.0131037,6.562,8.006,12.6048,378.144,37.8144,18,0.292404,0.199462,0.29418,0.565519,0.529402,0.69053
940,4,21,8,3e+21,0.26827,0.0167535,4.9513,7.407,13.0619,391.857,39.1857,24,0.322039,0.225422,0.366313,0.592631,0.554785,0.726395
941,4,21,9,3e+21,0.26827,0.02142,3.853,6.554,14.2232,426.697,42.6697,24,0.369708,0.267495,0.401458,0.632562,0.594094,0.693578
942,4,21,10,3e+21,0.26827,0.0273861,3.0755,5.52,16.1324,483.973,48.3973,24,0.437752,0.327756,0.446591,0.786033,0.768849,1.07459
943,4,21,11,3e+21,0.26827,0.0350141,2.4961,4.412,18.9509,568.527,56.8527,30,0.529548,0.410628,0.549892,0.822276,0.805384,0.99271
944,4,21,12,3e+21,0.26827,0.0447667,2.0488,3.38,22.9692,689.074,68.9075,36,0.639211,0.514592,0.640553,0.874746,0.865654,0.837813
945,4,21,13,3e+21,0.26827,0.0572357,1.7177,2.594,28.179,845.371,84.5371,48,0.740759,0.618139,0.726223,0.983256,1.02742,1.03874
946,4,21,14,3e+21,0.26827,0.0731778,1.452,2.019,35.2226,1056.68,105.668,60,0.823298,0.712658,0.778515,0.951841,0.991359,1.00401
947,4,21,15,3e+21,0.26827,0.0935603,1.2442,1.643,44.2538,1327.61,132.761,72,0.873972,0.778088,0.811133,0.922439,0.939686,0.841786
948,4,21,16,3e+21,0.26827,0.11962,1.0786,1.404,55.624,1668.72,166.872,96,0.903203,0.824294,0.816818,0.971363,1.08139,0.927162
949,4,21,17,3e+21,0.26827,0.152938,0.9373,1.249,70.6518,2119.56,211.956,120,0.917246,0.846817,0.802657,0.947456,1.02815,0.787295
950,4,21,18,3e+21,0.26827,0.195537,0.8216,1.155,89.3272,2679.81,267.981,150,0.923474,0.84913,0.755983,0.936196,0.992692,0.600997
951,4,21,19,3e+21,0.26827,0.25,0.7217,1.096,113.349,3400.46,340.046,192,0.926292,0.82887,0.633535,0.933387,0.993185,0.00189231
952,4,22,2,3e+21,0.398107,0.0038356,57.9221,8.126,29.0655,871.964,87.1964,18,0.289756,0.208225,0.377515,0.541676,0.49378,0.699285
953,4,22,3,3e+21,0.398107,0.00490394,46.7623,8.397,27.8718,836.153,83.6153,18,0.293775,0.212569,0.375505,0.559086,0.513158,0.717697
954,4,22,4,3e+21,0.398107,0.00626986,30.8492,8.863,25.1068,753.204,75.3204,24,0.295865,0.216716,0.422218,0.595373,0.557307,0.943391
955,4,22,5,3e+21,0.398107,0.00801622,21.6685,9.143,22.6327,678.98,67.898,24,0.295756,0.218449,0.408416,0.545817,0.502534,0.688481
956,4,22,6,3e+21,0.398107,0.010249,14.2651,9.261,20.0313,600.938,60.0938,24,0.298483,0.222267,0.394007,0.559299,0.520375,0.702426
957,4,22,7,3e+21,0.398107,0.0131037,10.2513,9.108,18.5322,555.965,55.5965,24,0.306774,0.229996,0.387684,0.579743,0.54376,0.75198
958,4,22,8,3e+21,0.398107,0.0167535,7.4216,8.636,17.8027,534.081,53.4081,24,0.324909,0.245547,0.389007,0.628399,0.597815,0.863205
959,4,22,9,3e+21,0.398107,0.02142,5.5292,7.814,18.0346,541.038,54.1038,24,0.358428,0.27422,0.40298,0.672993,0.645355,0.818221
960,4,22,10,3e+21,0.398107,0.0273861,4.2435,6.696,19.2827,578.481,57.8481,30,0.412244,0.320784,0.480076,0.729258,0.704102,0.950083
961,4,22,11,3e+21,0.398107,0.0350141,3.3699,5.471,21.5214,645.641,64.5642,30,0.484593,0.384036,0.517105,0.79354,0.773667,0.830448
962,4,22,12,3e+21,0.398107,0.0447667,2.7234,4.267,24.9696,749.088,74.9087,36,0.576908,0.467153,0.595115,0.996168,1.02445,1.02689
963,4,22,13,3e+21,0.398107,0.0572357,2.2338,3.237,29.9136,897.407,89.7407,48,0.682284,0.568849,0.68339,0.993068,1.03245,1.14194
964,4,22,14,3e+21,0.398107,0.0731778,1.8603,2.462,36.6612,1099.84,109.984,60,0.775345,0.665301,0.745833,0.974761,1.00909,0.913058
965,4,22,15,3e+21,0.398107,0.0935603,1.5734,1.932,45.5242,1365.73,136.573,72,0.842688,0.742702,0.789912,1.01764,1.11701,1.14048
966,4,22,16,3e+21,0.398107,0.11962,1.3471,1.586,57.0155,1710.47,171.047,96,0.886245,0.802069,0.812274,0.963139,1.02696,1.08524
967,4,22,17,3e+21,0.398107,0.152938,1.1616,1.362,72.0628,2161.88,216.188,120,0.908583,0.835395,0.816616,0.943032,0.987886,0.965239
968,4,22,18,3e+21,0.398107,0.195537,1.0103,1.224,91.1824,2735.47,273.547,156,0.91938,0.850094,0.790697,0.933139,0.958027,0.811624
969,4,22,19,3e+21,0.398107,0.25,0.8802,1.136,116.331,3489.93,348.993,198,0.924599,0.847279,0.725709,0.928749,0.933269,0.564478
970,4,23,4,3e+21,0.590784,0.00626986,56.4433,8.986,41.338,1240.14,124.014,24,0.303976,0.227535,0.466308,0.661797,0.630929,0.988209
971,4,23,5,3e+21,0.590784,0.00801622,38.3917,9.428,37.8512,1135.53,113.553,24,0.305305,0.231699,0.454428,0.637111,0.6044,0.781834
972,4,23,6,3e+21,0.590784,0.010249,25.1602,9.701,33.5453,1006.36,100.636,24,0.30916,0.237953,0.440354,0.672987,0.645289,0.796252
973,4,23,7,3e+21,0.590784,0.0131037,17.703,9.707,30.1258,903.776,90.3775,24,0.316886,0.24651,0.430159,0.698999,0.674396,0.822317
974,4,23,8,3e+21,0.590784,0.0167535,11.7564,9.374,26.9269,807.808,80.7808,24,0.33406,0.262851,0.421992,0.728685,0.708358,0.88229
975,4,23,9,3e+21,0.590784,0.02142,8.3955,8.718,25.3509,760.528,76.0528,30,0.359335,0.285219,0.467024,0.791969,0.779313,1.04707
976,4,23,10,3e+21,0.590784,0.0273861,6.1306,7.689,25.1437,754.311,75.4312,30,0.400024,0.320349,0.478408,0.868366,0.865245,1.04693
977,4,23,11,3e+21,0.590784,0.0350141,4.7107,6.489,26.3078,789.235,78.9234,36,0.456123,0.369044,0.53014,0.948174,0.958715,1.11433
978,4,23,12,3e+21,0.590784,0.0447667,3.7089,5.209,28.8824,866.471,86.6472,42,0.533746,0.438372,0.588612,1.1313,1.18631,1.0883
979,4,23,13,3e+21,0.590784,0.0572357,2.9785,4.018,33.085,992.551,99.2551,48,0.626289,0.523692,0.647101,1.32487,1.46107,1.00021
980,4,23,14,3e+21,0.590784,0.0731778,2.4339,3.044,39.2415,1177.24,117.724,60,0.720474,0.614848,0.710381,1.06989,1.14393,0.882455
981,4,23,15,3e+21,0.590784,0.0935603,2.0198,2.326,47.8061,1434.18,143.418,78,0.80212,0.700924,0.761391,1.01463,1.08521,1.25851
982,4,23,16,3e+21,0.590784,0.11962,1.7098,1.849,58.8664,1765.99,176.599,96,0.8595,0.769506,0.797209,0.964259,1.0122,1.047
983,4,23,17,3e+21,0.590784,0.152938,1.4595,1.531,73.6386,2209.16,220.916,120,0.893626,0.814582,0.815744,0.95506,1.01271,0.935569
984,4,23,18,3e+21,0.590784,0.195537,1.2578,1.328,92.7806,2783.42,278.342,156,0.912097,0.842246,0.809997,0.927992,0.929389,0.874865
985,4,23,19,3e+21,0.590784,0.25,1.097,1.206,116.471,3494.13,349.413,198,0.920719,0.851781,0.779841,0.923393,0.897675,0.736598
986,4,24,5,3e+21,0.876712,0.00801622,55.9539,9.696,58.6531,1759.59,175.959,24,0.311623,0.240764,0.474101,0.687377,0.659111,0.841532
987,4,24,6,3e+21,0.876712,0.010249,40.7047,9.934,54.4588,1633.76,163.376,24,0.315898,0.247172,0.466293,0.741491,0.720079,0.854545
988,4,24,7,3e+21,0.876712,0.0131037,29.8326,9.992,49.924,1497.72,149.772,24,0.32334,0.255797,0.459827,0.790565,0.774629,0.868811
989,4,24,8,3e+21,0.876712,0.0167535,20.3382,9.803,44.3753,1331.26,133.126,24,0.338246,0.270861,0.45434,0.867183,0.86038,0.916185
990,4,24,9,3e+21,0.876712,0.02142,13.5065,9.242,39.3232,1179.7,117.97,30,0.362958,0.293864,0.49628,1.14326,1.1712,0.983154
991,4,24,10,3e+21,0.876712,0.0273861,9.521,8.405,36.3725,1091.18,109.118,30,0.396412,0.323911,0.495622,1.25843,1.30546,0.915391
992,4,24,11,3e+21,0.876712,0.0350141,6.9865,7.333,35.3251,1059.75,105.975,36,0.442421,0.364742,0.529842,1.91045,2.0688,0.881282
993,4,24,12,3e+21,0.876712,0.0447667,5.2376,6.055,36.2296,1086.89,108.689,42,0.506241,0.421365,0.574508,-0.756759,-1.08712,0.912759
994,4,24,13,3e+21,0.876712,0.0572357,4.0956,4.832,39.0611,1171.83,117.183,48,0.582006,0.489631,0.62194,1.0204,1.04914,1.00059
995,4,24,14,3e+21,0.876712,0.0731778,3.2638,3.72,44.1399,1324.2,132.42,60,0.668957,0.570674,0.682308,1.95316,2.33903,1.15695
996,4,24,15,3e+21,0.876712,0.0935603,2.658,2.84,51.7374,1552.12,155.212,78,0.753531,0.65407,0.733721,1.06954,1.15329,1.2166
997,4,24,16,3e+21,0.876712,0.11962,2.2067,2.203,62.269,1868.07,186.807,96,0.824048,0.730714,0.77616,0.980848,1.03186,1.05209
998,4,24,17,3e+21,0.876712,0.152938,1.8568,1.764,76.5754,2297.26,229.726,120,0.871571,0.787319,0.805677,0.949679,0.984459,0.94842
999,4,24,18,3e+21,0.876712,0.195537,1.5848,1.48,95.1875,2855.62,285.562,156,0.899503,0.824427,0.814856,0.938412,0.966097,0.87409
1000,4,24,19,3e+21,0.876712,0.25,1.3649,1.298,119.427,3582.82,358.282,198,0.915183,0.847984,0.805897,0.932476,0.955765,0.841548
1001,4,25,7,3e+21,1.30103,0.0131037,48.6304,10.144,80.4789,2414.37,241.437,24,0.327697,0.261666,0.472386,0.786118,0.771752,0.871283
1002,4,25,8,3e+21,1.30103,0.0167535,33.782,9.999,73.099,2192.97,219.297,24,0.342979,0.277487,0.468532,0.852969,0.845125,0.889095
1003,4,25,9,3e+21,1.30103,0.02142,22.9559,9.544,64.9987,1949.96,194.996,30,0.365867,0.299468,0.518636,0.983699,0.989572,0.939846
1004,4,25,10,3e+21,1.30103,0.0273861,16.0912,8.87,58.2519,1747.56,174.756,30,0.394564,0.326005,0.518316,1.14093,1.16726,0.974553
1005,4,25,11,3e+21,1.30103,0.0350141,10.995,7.864,52.7223,1581.67,158.167,36,0.437546,0.365089,0.55,1.54974,1.63984,1.04104
1006,4,25,12,3e+21,1.30103,0.0447667,7.8406,6.705,50.1003,1503.01,150.301,42,0.490837,0.412866,0.57962,3.04294,3.41426,1.1459
1007,4,25,13,3e+21,1.30103,0.0572357,5.8411,5.506,50.3546,1510.64,151.064,54,0.555739,0.471315,0.625002,1.28635,1.36596,1.20365
1008,4,25,14,3e+21,1.30103,0.0731778,4.5309,4.395,53.3105,1599.31,159.931,60,0.628167,0.537337,0.662489,0.350711,0.179246,1.15787
1009,4,25,15,3e+21,1.30103,0.0935603,3.5782,3.398,59.3907,1781.72,178.172,78,0.70913,0.614184,0.713906,1.25345,1.39691,1.0483
1010,4,25,16,3e+21,1.30103,0.11962,2.9132,2.638,68.5516,2056.55,205.655,96,0.782506,0.688446,0.755053,1.00408,1.05739,0.997173
1011,4,25,17,3e+21,1.30103,0.152938,2.4091,2.074,81.759,2452.77,245.277,120,0.841561,0.753434,0.789316,0.958322,0.992437,0.936251
1012,4,25,18,3e+21,1.30103,0.195537,2.0205,1.683,99.9215,2997.64,299.764,156,0.88129,0.801304,0.810415,0.940596,0.965149,0.886188
1013,4,25,19,3e+21,1.30103,0.25,1.7255,1.434,123.151,3694.52,369.452,198,0.904399,0.832869,0.815271,0.937865,0.96775,0.823517
1014,4,26,8,3e+21,1.9307,0.0167535,52.6533,10.085,115.739,3472.18,347.218,24,0.347796,0.283366,0.4755,0.870182,0.864708,0.893874
1015,4,26,9,3e+21,1.9307,0.02142,41.1017,9.806,108.875,3266.24,326.624,30,0.363034,0.298222,0.527254,0.944096,0.946753,0.93021
1016,4,26,10,3e+21,1.9307,0.0273861,27.5931,9.112,97.0307,2910.92,291.092,30,0.39447,0.327871,0.526869,1.07458,1.09355,0.955837
1017,4,26,11,3e+21,1.9307,0.0350141,19.0879,8.268,86.495,2594.85,259.485,36,0.431921,0.362628,0.561164,1.22735,1.26978,0.98874
1018,4,26,12,3e+21,1.9307,0.0447667,12.6395,7.132,76.8496,2305.49,230.549,42,0.484035,0.410283,0.594168,1.55113,1.6544,1.02414
1019,4,26,13,3e+21,1.9307,0.0572357,8.9935,6.044,71.8071,2154.21,215.421,54,0.538968,0.460142,0.634356,2.08335,2.3144,1.05179
1020,4,26,14,3e+21,1.9307,0.0731778,6.5829,4.939,70.6248,2118.75,211.875,66,0.603655,0.519071,0.665587,2.58372,3.00837,1.05699
1021,4,26,15,3e+21,1.9307,0.0935603,5.0094,3.933,73.4985,2204.96,220.496,78,0.67455,0.58505,0.701437,1.37745,1.537,0.996537
1022,4,26,16,3e+21,1.9307,0.11962,3.9526,3.097,80.3406,2410.22,241.022,96,0.744834,0.653177,0.741279,1.05202,1.1169,0.952411
1023,4,26,17,3e+21,1.9307,0.152938,3.2072,2.447,91.3406,2740.22,274.022,120,0.807177,0.717669,0.773642,0.96456,0.994895,0.934562
1024,4,26,18,3e+21,1.9307,0.195537,2.6368,1.952,107.9,3237.01,323.701,156,0.856702,0.77306,0.799265,0.943526,0.964621,0.878375
1025,4,26,19,3e+21,1.9307,0.25,2.2124,1.615,130.24,3907.2,390.72,198,0.888859,0.812426,0.814716,0.93511,0.952932,0.83636
1026,4,27,9,3e+21,2.86512,0.02142,59.7507,9.759,167.796,5033.87,503.387,30,0.372198,0.307986,0.531935,0.941242,0.943664,0.933431
1027,4,27,10,3e+21,2.86512,0.0273861,50.1243,9.438,161.361,4840.83,484.083,30,0.386947,0.321985,0.531665,0.981433,0.988677,0.94292
1028,4,27,11,3e+21,2.86512,0.0350141,31.9152,8.412,142.93,4287.91,428.791,36,0.43328,0.365416,0.566139,1.14405,1.17419,0.971471
1029,4,27,12,3e+21,2.86512,0.0447667,21.9102,7.438,127.348,3820.45,382.045,42,0.478181,0.406929,0.59805,1.28481,1.34147,0.991117
1030,4,27,13,3e+21,2.86512,0.0572357,14.2878,6.27,112.08,3362.39,336.239,54,0.536731,0.460735,0.641013,1.47261,1.57767,0.998585
1031,4,27,14,3e+21,2.86512,0.0731778,10.3078,5.337,103.835,3115.04,311.504,66,0.588702,0.508323,0.672877,1.66934,1.843,0.99485
1032,4,27,15,3e+21,2.86512,0.0935603,7.4607,4.376,100.103,3003.1,300.31,78,0.649894,0.564762,0.700909,2.27626,2.68146,0.983897
1033,4,27,16,3e+21,2.86512,0.11962,5.6236,3.526,102.036,3061.08,306.108,96,0.714494,0.626302,0.730713,1.13878,1.22601,0.938476
1034,4,27,17,3e+21,2.86512,0.152938,4.3903,2.814,109.582,3287.45,328.745,126,0.776428,0.68787,0.764802,0.990375,1.02846,0.89344
1035,4,27,18,3e+21,2.86512,0.195537,3.532,2.258,122.91,3687.31,368.731,156,0.829485,0.74423,0.789281,0.938198,0.950278,0.864383
1036,4,27,19,3e+21,2.86512,0.25,2.8988,1.84,143.062,4291.86,429.186,198,0.869357,0.789522,0.808661,0.932182,0.942905,0.844761
1037,4,28,11,3e+21,4.25179,0.0350141,58.8381,8.843,235.787,7073.6,525.3,36,0.419632,0.354006,0.569282,1.0401,1.05372,0.957661
1038,4,28,12,3e+21,4.25179,0.0447667,37.6741,7.641,211.377,6341.31,525.3,42,0.474948,0.405543,0.601547,1.13541,1.16554,0.971084
1039,4,28,13,3e+21,4.25179,0.0572357,25.2349,6.559,187.832,5634.96,525.3,54,0.528222,0.454641,0.643376,1.23216,1.28882,0.984646
1040,4,28,14,3e+21,4.25179,0.0731778,17.7541,5.654,168.671,5060.12,506.012,60,0.576222,0.498487,0.663164,1.39156,1.49328,0.980524
1041,4,28,15,3e+21,4.25179,0.0935603,11.9048,4.665,151.561,4546.83,454.683,78,0.63593,0.553516,0.701104,-7.91975,-10.3524,0.96521
1042,4,28,16,3e+21,4.25179,0.11962,8.4594,3.834,143.347,4300.42,430.042,96,0.695484,0.609971,0.73045,-7.82973,-10.9547,0.931966
1043,4,28,17,3e+21,4.25179,0.152938,6.2695,3.115,143.415,4302.45,430.245,126,0.754655,0.668242,0.760643,1.0055,1.0455,0.908539
1044,4,28,18,3e+21,4.25179,0.195537,4.8821,2.543,151.132,4533.95,453.395,156,0.806209,0.721296,0.783998,0.948356,0.965559,0.875165
1045,4,28,19,3e+21,4.25179,0.25,3.8984,2.079,166.91,5007.3,500.73,198,0.849145,0.767934,0.803957,0.935493,0.947726,0.845073
1046,4,29,12,3e+21,6.30957,0.0447667,56.2625,7.518,329.339,9880.18,525.3,42,0.483071,0.413812,0.603412,1.0819,1.1054,0.966664
1047,4,29,13,3e+21,6.30957,0.0572357,41.0592,6.609,305.36,9160.79,525.3,54,0.528161,0.455599,0.646372,1.1466,1.18535,0.967413
1048,4,29,14,3e+21,6.30957,0.0731778,30.0757,5.785,279.91,8397.31,525.3,60,0.571849,0.495818,0.666223,1.21906,1.27957,0.96561
1049,4,29,15,3e+21,6.30957,0.0935603,20.4293,4.874,249.134,7474.02,525.3,78,0.625318,0.545081,0.702899,1.91008,2.16431,0.957527
1050,4,29,16,3e+21,6.30957,0.11962,13.6644,4.029,222.424,6672.73,525.3,96,0.684322,0.601051,0.731176,3.57041,4.45188,0.934521
1051,4,29,17,3e+21,6.30957,0.152938,9.6319,3.344,207.305,6219.16,525.3,126,0.739031,0.654764,0.760715,1.06061,1.12276,0.904118
1052,4,29,18,3e+21,6.30957,0.195537,7.1703,2.787,203.454,6103.6,525.3,156,0.78768,0.704521,0.78342,0.958666,0.98195,0.885209
1053,4,29,19,3e+21,6.30957,0.25,5.5145,2.316,210.053,6301.59,525.3,198,0.83081,0.751049,0.80406,0.925069,0.931402,0.868071
1054,4,30,14,3e+21,9.36329,0.0731778,48.9667,5.853,450.847,13525.4,525.3,60,0.563902,0.487446,0.663568,1.15781,1.20586,0.955372
1055,4,30,15,3e+21,9.36329,0.0935603,34.2248,4.959,411.222,12336.7,525.3,78,0.617028,0.536686,0.703484,-2.62851,-3.53296,0.949808
1056,4,30,16,3e+21,9.36329,0.11962,23.3834,4.168,368.18,11045.4,525.3,96,0.672709,0.589861,0.732476,1.01322,1.04035,0.873598
1057,4,30,17,3e+21,9.36329,0.152938,16.6156,3.563,333.431,10002.9,525.3,120,0.723196,0.640495,0.758308,1.10157,1.16969,0.880336
1058,4,30,18,3e+21,9.36329,0.195537,11.4173,2.969,304.676,9140.27,525.3,156,0.776544,0.696124,0.784115,0.945532,0.953442,0.853297
1059,4,30,19,3e+21,9.36329,0.25,8.2037,2.483,292.323,8769.69,525.3,198,0.818583,0.740379,0.805578,0.920486,0.913252,0.839623
1060,4,31,15,3e+21,13.895,0.0935603,52.9456,4.914,649.605,19488.2,525.3,78,0.613626,0.5282,0.692777,0.98342,0.996342,0.932092
1061,4,31,16,3e+21,13.895,0.11962,42.0588,4.392,615.823,18474.7,525.3,90,0.650576,0.563332,0.713363,0.980391,0.994685,0.912089
1062,4,31,17,3e+21,13.895,0.152938,28.6199,3.671,555.504,16665.1,525.3,120,0.710817,0.624147,0.75078,0.943641,0.949046,0.875633
1063,4,31,18,3e+21,13.895,0.195537,19.6767,3.106,498.901,14967,525.3,150,0.763116,0.681706,0.782379,0.935321,0.941399,0.853376
1064,4,31,19,3e+21,13.895,0.25,13.2705,2.604,450.431,13512.9,525.3,198,0.808623,0.730405,0.806165,0.917011,0.912416,0.842863
1065,4,32,17,3e+21,20.6199,0.152938,47.9069,3.755,902.681,27080.4,525.3,114,0.700012,0.605898,0.72989,0.863113,0.83512,0.829833
1066,4,32,18,3e+21,20.6199,0.195537,34.2413,3.208,831.944,24958.3,525.3,144,0.753201,0.659696,0.750207,0.914204,0.902427,0.734048
1067,4,32,19,3e+21,20.6199,0.25,22.1311,2.658,738.182,22145.5,525.3,198,0.802621,0.707081,0.765567,0.899259,0.874092,0.817488
1068,4,33,19,3e+21,30.5995,0.25,38.363,2.737,1224.53,36735.9,525.3,192,0.78638,0.678709,0.748731,0.863491,0.802243,0.791082
1070,5,9,1,6e+21,0.00235195,0.003,0.7336,1.052,1.36665,40.9994,24.5996,18,0.621428,-2.47,-3.21613,0.550657,-2.805,-3.50685
1071,5,9,2,6e+21,0.00235195,0.0038356,0.6229,1.051,1.76073,52.8216,27,18,0.68374,-2.29294,-3.25242,0.595976,-2.92104,-3.8009
1072,5,9,3,6e+21,0.00235195,0.00490394,0.5468,1.051,2.17773,65.3322,27,18,0.729555,-1.63888,-2.4194,0.649405,-2.21549,-3.09603
1073,5,10,1,6e+21,0.00349025,0.003,0.9229,1.076,1.38865,41.6595,24.9957,18,0.598577,-1.65965,-2.82297,0.538655,-1.82326,-3.0464
1074,5,10,2,6e+21,0.00349025,0.0038356,0.7855,1.076,1.75858,52.757,27,18,0.664947,-1.51912,-2.78576,0.584954,-1.88265,-3.23561
1075,5,10,3,6e+21,0.00349025,0.00490394,0.6758,1.075,2.21919,66.5761,27,18,0.721278,-1.04329,-2.01753,0.640055,-1.46612,-2.5835
1076,5,10,4,6e+21,0.00349025,0.00626986,0.5872,1.074,2.79292,83.7876,27,18,0.762876,-0.667195,-1.43609,0.695605,-0.917451,-1.9566
1077,5,10,5,6e+21,0.00349025,0.00801622,0.5009,1.071,3.67135,110.141,27,18,0.77347,0.107633,-0.219527,0.701805,-0.229442,-0.516979
1078,5,11,1,6e+21,0.00517947,0.003,1.1746,1.113,1.41204,42.3614,25.4168,18,0.565621,-1.11309,-2.38615,0.506134,-1.25233,-2.60488
1079,5,11,2,6e+21,0.00517947,0.0038356,0.9928,1.113,1.77908,53.3724,27,18,0.641027,-0.979131,-2.23879,0.561523,-1.24994,-2.62494
1080,5,11,3,6e+21,0.00517947,0.00490394,0.8454,1.111,2.24854,67.4561,27,18,0.705838,-0.665667,-1.62175,0.62715,-0.953131,-2.09315
1081,5,11,4,6e+21,0.00517947,0.00626986,0.7258,1.109,2.84681,85.4045,27,18,0.753696,-0.415939,-1.15454,0.690408,-0.54176,-1.51163
1082,5,11,5,6e+21,0.00517947,0.00801622,0.6215,1.106,3.67342,110.202,27,18,0.755568,0.128837,-0.103013,0.695787,-0.0223155,-0.400423
1083,5,11,6,6e+21,0.00517947,0.010249,0.5492,1.102,4.54846,136.454,27,18,0.768763,0.249071,0.193758,0.660472,-0.00151677,-0.21243
1084,5,12,1,6e+21,0.00768625,0.003,1.5082,1.168,1.45258,43.5773,26.1464,18,0.524643,-0.771957,-2.03319,0.474366,-0.855363,-2.24404
1085,5,12,2,6e+21,0.00768625,0.0038356,1.2614,1.167,1.82173,54.6519,27,18,0.609902,-0.612309,-1.68475,0.543343,-0.765598,-2.03587
1086,5,12,3,6e+21,0.00768625,0.00490394,1.0691,1.165,2.27958,68.3877,27,18,0.682088,-0.420242,-1.24349,0.60706,-0.608826,-1.57846
1087,5,12,4,6e+21,0.00768625,0.00626986,0.902,1.162,2.91681,87.5043,27,18,0.739992,-0.25175,-0.879718,0.680445,-0.35005,-1.24315
1088,5,12,5,6e+21,0.00768625,0.00801622,0.7756,1.157,3.68577,110.573,27,18,0.729966,0.138158,-0.00460443,0.662851,-0.0285928,-0.168932
1089,5,12,6,6e+21,0.00768625,0.010249,0.6742,1.151,4.63981,139.194,27,18,0.745631,0.244164,0.251156,0.636824,0.0235638,-0.0578312
1090,5,12,7,6e+21,0.00768625,0.0131037,0.59,1.141,5.84512,175.353,27,18,0.769752,0.293659,0.353318,0.685349,0.109935,-0.025209
1091,5,12,8,6e+21,0.00768625,0.0167535,0.5098,1.124,7.607,228.21,27,18,0.784573,0.37642,0.470408,0.658173,0.0774771,0.099133
1092,5,13,1,6e+21,0.0114062,0.003,1.9579,1.249,1.52469,45.7402,27,18,0.478498,-0.493843,-1.53739,0.431781,-0.556968,-1.71013
1093,5,13,2,6e+21,0.0114062,0.0038356,1.6297,1.248,1.87538,56.2611,27,18,0.568417,-0.369364,-1.18599,0.511577,-0.454081,-1.44199
1094,5,13,3,6e+21,0.0114062,0.00490394,1.3611,1.245,2.34135,70.2404,27,18,0.651581,-0.250978,-0.883971,0.589504,-0.337376,-1.13983
1095,5,13,4,6e+21,0.0114062,0.00626986,1.1429,1.24,2.95681,88.7045,27,18,0.71681,-0.149166,-0.640558,0.64696,-0.333076,-0.916106
1096,5,13,5,6e+21,0.0114062,0.00801622,0.9769,1.234,3.70662,111.199,27,18,0.694096,0.137871,0.0654592,0.63354,0.0245488,-0.130601
1097,5,13,6,6e+21,0.0114062,0.010249,0.8384,1.223,4.69185,140.755,27,18,0.711,0.225606,0.269202,0.606227,0.0567788,-0.00351111
1098,5,13,7,6e+21,0.0114062,0.0131037,0.7256,1.207,5.94915,178.475,27,18,0.74343,0.271416,0.354222,0.646537,0.0234615,0.0639968
1099,5,13,8,6e+21,0.0114062,0.0167535,0.6249,1.183,7.70996,231.299,27,18,0.761953,0.355881,0.458989,4.36285,24.8435,0.805697
1100,5,13,9,6e+21,0.0114062,0.02142,0.557,1.158,9.49285,284.786,28.4785,18,0.782128,0.404073,0.499829,0.938183,2.23425,9.86257
1101,5,14,1,6e+21,0.0169267,0.003,2.5878,1.37,1.64908,49.4721,27,18,0.431275,-0.2625,-0.933812,0.380476,-0.328349,-1.08146
1102,5,14,2,6e+21,0.0169267,0.0038356,2.1328,1.367,1.97831,59.3495,27,18,0.521822,-0.205186,-0.756356,0.466636,-0.27021,-0.941521
1103,5,14,3,6e+21,0.0169267,0.00490394,1.7634,1.363,2.42573,72.7715,27,18,0.610713,-0.141211,-0.586556,0.546278,-0.231814,-0.774647
1104,5,14,4,6e+21,0.0169267,0.00626986,1.4675,1.356,3.02042,90.6132,27,18,0.664824,0.00909858,-0.238992,0.59658,-0.11147,-0.404822
1105,5,14,5,6e+21,0.0169267,0.00801622,1.2354,1.346,3.78542,113.563,27,18,0.648262,0.129352,0.108874,0.578085,-0.00880802,-0.0789088
1106,5,14,6,6e+21,0.0169267,0.010249,1.0509,1.33,4.76685,143.006,27,18,0.66532,0.204011,0.269453,0.549402,0.00548185,0.0286971
1107,5,14,7,6e+21,0.0169267,0.0131037,0.8943,1.305,6.11127,183.338,27,18,0.70402,0.254019,0.351946,0.605793,0.0444714,0.0611099
1108,5,14,8,6e+21,0.0169267,0.0167535,0.7771,1.272,7.69935,230.981,27,18,0.727706,0.327529,0.434377,1.23046,3.06102,1.94809
1109,5,14,9,6e+21,0.0169267,0.02142,0.6808,1.23,9.68373,290.512,29.0512,18,0.757114,0.392313,0.493706,0.804788,1.03691,6.51262
1110,5,14,10,6e+21,0.0169267,0.0273861,0.5972,1.181,12.2682,368.045,36.8045,24,0.784297,0.462632,0.594102,1.37401,5.45879,0.743187
1111,5,14,11,6e+21,0.0169267,0.0350141,0.5224,1.129,15.7392,472.175,47.2175,30,0.808951,0.547771,0.650308,0.806168,1.34128,4.3989
1112,5,15,1,6e+21,0.0251189,0.003,3.5049,1.547,1.87558,56.2668,27,18,0.390671,-0.115576,-0.47223,0.351646,-0.146567,-0.580421
1113,5,15,2,6e+21,0.0251189,0.0038356,2.824,1.543,2.18112,65.4333,27,18,0.47949,-0.0942304,-0.415572,0.425702,-0.148875,-0.536347
1114,5,15,3,6e+21,0.0251189,0.00490394,2.3056,1.536,2.59962,77.9884,27,18,0.567468,-0.0654143,-0.340221,0.518295,-0.0997198,-0.471717
1115,5,15,4,6e+21,0.0251189,0.00626986,1.8993,1.526,3.16573,94.9725,27,18,0.584746,0.0850657,0.0140421,0.519472,-0.00128548,-0.0843964
1116,5,15,5,6e+21,0.0251189,0.00801622,1.5844,1.511,3.90223,117.067,27,18,0.591653,0.11854,0.133198,0.525317,0.0119131,0.00110709
1117,5,15,6,6e+21,0.0251189,0.010249,1.3312,1.487,4.87935,146.38,27,18,0.607571,0.180239,0.256447,0.494713,0.0139863,0.0638008
1118,5,15,7,6e+21,0.0251189,0.0131037,1.1295,1.452,6.15077,184.523,27,18,0.651411,0.224046,0.325489,0.544187,0.0220649,0.0895953
1119,5,15,8,6e+21,0.0251189,0.0167535,0.9717,1.403,7.74154,232.246,27,18,0.681443,0.295728,0.403175,0.994328,1.6227,8.22676
1120,5,15,9,6e+21,0.0251189,0.02142,0.8408,1.339,9.81058,294.317,29.4317,18,0.72209,0.368422,0.470116,0.7744,0.810704,2.14602
1121,5,15,10,6e+21,0.0251189,0.0273861,0.732,1.264,12.4665,373.995,37.3995,24,0.761159,0.449507,0.588334,0.812811,1.15796,1.60339
1122,5,15,11,6e+21,0.0251189,0.0350141,0.6342,1.184,16.1512,484.537,48.4537,30,0.796081,0.540616,0.659719,0.778193,0.886927,1.67817
1123,5,15,12,6e+21,0.0251189,0.0447667,0.5679,1.131,19.837,595.111,59.5111,36,0.814793,0.603863,0.671042,0.773875,0.814574,1.14079
1124,5,16,1,6e+21,0.0372759,0.003,4.8463,1.806,2.308,69.2395,27,18,0.36724,-0.0311043,-0.178807,0.329412,-0.0569791,-0.244246
1125,5,16,2,6e+21,0.0372759,0.0038356,3.8431,1.8,2.54112,76.233,27,18,0.442363,-0.027141,-0.17916,0.398891,-0.0588382,-0.24736
1126,5,16,3,6e+21,0.0372759,0.00490394,3.0929,1.791,2.89627,86.8882,27,18,0.522663,-0.017571,-0.164071,0.479967,-0.0428971,-0.250375
1127,5,16,4,6e+21,0.0372759,0.00626986,2.5151,1.776,3.40512,102.153,27,18,0.505427,0.0888783,0.0876246,0.445069,0.0145727,-0.0115521
1128,5,16,5,6e+21,0.0372759,0.00801622,2.0611,1.753,4.11519,123.456,27,18,0.529298,0.105712,0.143144,0.465247,0.013314,0.0259856
1129,5,16,6,6e+21,0.0372759,0.010249,1.7146,1.719,5.04496,151.349,27,18,0.542037,0.156982,0.237318,0.443403,0.0307197,0.0462071
1130,5,16,7,6e+21,0.0372759,0.0131037,1.4348,1.666,6.30554,189.166,27,18,0.589046,0.198554,0.299407,7.71288,18.4868,0.750398
1131,5,16,8,6e+21,0.0372759,0.0167535,1.2205,1.593,7.89485,236.845,27,18,0.625096,0.263165,0.368092,0.881716,1.11337,1.19538
1132,5,16,9,6e+21,0.0372759,0.02142,1.0467,1.498,9.96596,298.979,29.8979,24,0.676081,0.339704,0.483514,1.05608,1.6488,0.946065
1133,5,16,10,6e+21,0.0372759,0.0273861,0.9,1.383,12.7482,382.445,38.2445,24,0.729522,0.430744,0.572119,0.783132,0.92266,1.2407
1134,5,16,11,6e+21,0.0372759,0.0350141,0.7877,1.277,16.0448,481.346,48.1345,30,0.773091,0.518786,0.655659,0.764167,0.786709,0.988101
1135,5,16,12,6e+21,0.0372759,0.0447667,0.6928,1.189,20.2137,606.412,60.6412,36,0.80391,0.596937,0.685748,0.874289,1.45125,0.783411
1136,5,16,13,6e+21,0.0372759,0.0572357,0.6069,1.12,25.8334,775.003,77.5003,42,0.822091,0.655156,0.683623,0.830792,1.19562,0.358281
1137,5,16,14,6e+21,0.0372759,0.0731778,0.5366,1.077,32.6217,978.651,97.8651,54,0.830234,0.690795,0.624702,0.83071,1.40021,0.305003
1138,5,17,1,6e+21,0.0553168,0.003,7.1281,2.179,3.09919,92.9754,27,18,0.343634,0.0361627,0.0229269,0.300187,-0.00300691,-0.0283713
1139,5,17,2,6e+21,0.0553168,0.0038356,5.4626,2.172,3.19969,95.991,27,18,0.387701,0.054401,0.0501039,0.340319,0.00844753,-0.0189437
1140,5,17,3,6e+21,0.0553168,0.00490394,4.2471,2.158,3.45592,103.678,27,18,0.415805,0.0720076,0.0875166,0.362743,0.0141492,0.00617717
1141,5,17,4,6e+21,0.0553168,0.00626986,3.4008,2.138,3.86504,115.951,27,18,0.435675,0.0839653,0.118882,0.377123,0.0143463,0.0307654
1142,5,17,5,6e+21,0.0553168,0.00801622,2.7448,2.105,4.48727,134.619,27,18,0.450801,0.122266,0.189531,0.378848,0.0247216,0.0621636
1143,5,17,6,6e+21,0.0553168,0.010249,2.2423,2.053,5.364,160.92,27,18,0.474462,0.13567,0.216382,0.377298,0.0160064,0.0522913
1144,5,17,7,6e+21,0.0553168,0.0131037,1.8536,1.977,6.55754,196.726,27,18,0.519842,0.174002,0.270571,3.3015,5.98544,2.10811
1145,5,17,8,6e+21,0.0553168,0.0167535,1.5502,1.867,8.15077,244.523,27,18,0.560618,0.232054,0.331758,0.81906,0.895481,1.19354
1146,5,17,9,6e+21,0.0553168,0.02142,1.316,1.728,10.1933,305.8,30.5799,24,0.619201,0.308876,0.454593,0.913709,1.11932,1.03116
1147,5,17,10,6e+21,0.0553168,0.0273861,1.1279,1.566,12.8484,385.451,38.5452,24,0.682884,0.398781,0.540908,0.77481,0.830828,1.05261
1148,5,17,11,6e+21,0.0553168,0.0350141,0.9777,1.409,16.1921,485.763,48.5763,30,0.742063,0.493464,0.636966,1.00613,1.62232,0.69006
1149,5,17,12,6e+21,0.0553168,0.0447667,0.8506,1.274,20.5568,616.704,61.6704,36,0.787137,0.582104,0.682926,0.826986,1.02742,0.974594
1150,5,17,13,6e+21,0.0553168,0.0572357,0.7428,1.175,26.2038,786.114,78.6114,42,0.813834,0.648704,0.699342,0.806969,0.89441,0.847236
1151,5,17,14,6e+21,0.0553168,0.0731778,0.6513,1.11,33.4137,1002.41,100.241,54,0.826818,0.693922,0.676805,0.802466,0.814282,0.840077
1152,5,17,15,6e+21,0.0553168,0.0935603,0.5803,1.072,41.5643,1246.93,124.693,72,0.832459,0.708607,0.579594,0.816921,0.921651,-0.289941
1154,5,18,1,6e+21,0.0820891,0.003,11.1649,2.693,4.61492,138.448,27,18,0.30358,0.0703366,0.121901,0.235856,0.00662882,0.0264745
1155,5,18,2,6e+21,0.0820891,0.0038356,8.1641,2.688,4.45119,133.535,27,18,0.332809,0.0780295,0.131142,0.278666,0.0163392,0.0406189
1156,5,18,3,6e+21,0.0820891,0.00490394,6.1057,2.673,4.48558,134.567,27,18,0.356186,0.0896301,0.14849,0.296967,0.0197941,0.0479396
1157,5,18,4,6e+21,0.0820891,0.00626986,4.7264,2.645,4.72935,141.88,27,18,0.370742,0.100795,0.167073,0.287068,0.015352,0.0416926
1158,5,18,5,6e+21,0.0820891,0.00801622,3.7427,2.599,5.19769,155.93,27,18,0.385338,0.109828,0.182625,0.294777,0.00950001,0.0414433
1159,5,18,6,6e+21,0.0820891,0.010249,3.0003,2.526,5.94715,178.415,27,18,0.413844,0.118505,0.197583,0.32356,0.0120654,0.0522913
1160,5,18,7,6e+21,0.0820891,0.0131037,2.4395,2.417,7.03215,210.964,27,18,0.449208,0.174794,0.269168,0.88507,0.948043,1.09634
1161,5,18,8,6e+21,0.0820891,0.0167535,2.0069,2.26,8.54769,256.431,27,18,0.492442,0.205966,0.298925,0.737535,0.721065,1.46421
1162,5,18,9,6e+21,0.0820891,0.02142,1.6802,2.059,10.533,315.989,31.5989,24,0.554366,0.277209,0.419088,0.849797,0.921874,1.07322
1163,5,18,10,6e+21,0.0820891,0.0273861,1.4205,1.822,13.1825,395.475,39.5475,24,0.629122,0.367105,0.50604,0.749897,0.749588,0.676465
1164,5,18,11,6e+21,0.0820891,0.0350141,1.2206,1.595,16.5,495,49.5,30,0.702439,0.464384,0.609132,0.873014,1.06339,0.878666
1165,5,18,12,6e+21,0.0820891,0.0447667,1.0558,1.401,20.8149,624.446,62.4447,36,0.761978,0.557794,0.667017,0.814246,0.877349,0.803456
1166,5,18,13,6e+21,0.0820891,0.0572357,0.9155,1.256,26.5328,795.985,79.5985,42,0.800564,0.634158,0.698045,0.79551,0.813506,0.722304
1167,5,18,14,6e+21,0.0820891,0.0731778,0.8039,1.164,33.444,1003.32,100.332,54,0.820639,0.689081,0.703577,1.24668,4.65473,0.986743
1168,5,18,15,6e+21,0.0820891,0.0935603,0.7076,1.103,42.281,1268.43,126.843,72,0.829443,0.713506,0.654859,0.851045,1.42277,0.85891
1169,5,18,16,6e+21,0.0820891,0.11962,0.6178,1.062,54.5825,1637.47,163.748,96,0.834374,0.718645,0.501089,0.807814,0.896932,1.0311
1171,5,19,1,6e+21,0.121819,0.003,19.42,3.312,7.54619,226.386,27,18,0.285156,0.095647,0.172524,0.504338,0.418243,0.716671
1172,5,19,2,6e+21,0.121819,0.0038356,13.1579,3.339,6.85027,205.509,27,18,0.305289,0.0996147,0.176986,0.664482,0.612981,0.837695
1173,5,19,3,6e+21,0.121819,0.00490394,9.3042,3.339,6.438,193.14,27,18,0.317291,0.0977636,0.172463,1.39557,1.63652,0.801398
1174,5,19,4,6e+21,0.121819,0.00626986,6.9929,3.314,6.33223,189.966,27,18,0.328266,0.103568,0.179852,1.67364,2.04466,1.21746
1175,5,19,5,6e+21,0.121819,0.00801622,5.2814,3.256,6.52638,195.791,27,18,0.341673,0.111631,0.190357,1.58181,1.93247,0.92743
1176,5,19,6,6e+21,0.121819,0.010249,4.1341,3.16,7.03769,211.131,27,18,0.36354,0.141311,0.228089,0.743047,0.71921,1.43056
1177,5,19,7,6e+21,0.121819,0.0131037,3.2834,3.01,7.93446,238.034,27,18,0.388355,0.159516,0.24582,0.680942,0.644657,2.28971
1178,5,19,8,6e+21,0.121819,0.0167535,2.6585,2.797,9.26488,277.946,27.7947,18,0.430578,0.19162,0.278669,0.983471,1.10258,1.33981
1179,5,19,9,6e+21,0.121819,0.02142,2.1872,2.517,11.1234,333.701,33.3702,24,0.491382,0.25657,0.398318,0.77882,0.778605,0.903174
1180,5,19,10,6e+21,0.121819,0.0273861,1.8238,2.189,13.6496,409.488,40.9488,24,0.569023,0.33734,0.471284,1.20784,1.5927,-0.931702
1181,5,19,11,6e+21,0.121819,0.0350141,1.5377,1.855,17.0409,511.228,51.1228,30,0.654506,0.432338,0.575982,0.845963,0.932964,0.947689
1182,5,19,12,6e+21,0.121819,0.0447667,1.3188,1.581,21.3041,639.123,63.9122,36,0.728358,0.52845,0.641491,0.813252,0.862884,0.867773
1183,5,19,13,6e+21,0.121819,0.0572357,1.1372,1.375,26.9348,808.043,80.8043,42,0.780922,0.612518,0.684089,1.01867,1.64964,0.691247
1184,5,19,14,6e+21,0.121819,0.0731778,0.9917,1.239,33.9331,1017.99,101.799,60,0.810207,0.675279,0.698775,0.844009,1.07164,0.965988
1185,5,19,15,6e+21,0.121819,0.0935603,0.865,1.149,43.1957,1295.87,129.587,72,0.825093,0.712982,0.692989,0.822618,0.945555,0.8306
1186,5,19,16,6e+21,0.121819,0.11962,0.756,1.091,55.2652,1657.96,165.796,96,0.831725,0.732295,0.626633,0.809085,0.878489,0.836312
1187,5,19,17,6e+21,0.121819,0.152938,0.6698,1.058,69.3199,2079.6,207.96,120,0.834868,0.709022,0.445367,0.851936,2.13054,-1.15589
1190,5,20,1,6e+21,0.180777,0.003,33.0695,3.855,12.5015,375.046,37.5046,18,0.288776,0.132524,0.243899,0.458513,0.371399,0.456364
1191,5,20,2,6e+21,0.180777,0.0038356,22.6467,3.965,11.3196,339.589,33.9588,18,0.301731,0.136668,0.242924,0.524878,0.444264,0.609682
1192,5,20,3,6e+21,0.180777,0.00490394,15.6797,4.038,10.236,307.08,30.708,18,0.307429,0.136135,0.234887,0.592952,0.531446,0.699468
1193,5,20,4,6e+21,0.180777,0.00626986,10.9447,4.062,9.41738,282.521,28.2522,18,0.30914,0.131285,0.219246,0.70529,0.681018,0.892271
1194,5,20,5,6e+21,0.180777,0.00801622,7.8721,4.023,9.0235,270.705,27.0705,18,0.314528,0.133101,0.215858,0.838238,0.857251,0.905232
1195,5,20,6,6e+21,0.180777,0.010249,5.898,3.918,9.09173,272.752,27.2752,18,0.326733,0.142297,0.22408,0.867017,0.898838,1.02097
1196,5,20,7,6e+21,0.180777,0.0131037,4.5819,3.741,9.60377,288.113,28.8113,18,0.350097,0.164669,0.25245,0.763302,0.760122,0.995948
1197,5,20,8,6e+21,0.180777,0.0167535,3.5928,3.46,10.6697,320.092,32.0092,18,0.385869,0.195873,0.286174,0.735556,0.71891,0.928655
1198,5,20,9,6e+21,0.180777,0.02142,2.9053,3.101,12.2653,367.96,36.796,24,0.437022,0.240959,0.379964,0.692915,0.666688,0.672367
1199,5,20,10,6e+21,0.180777,0.0273861,2.3791,2.666,14.595,437.851,43.7851,24,0.51091,0.310409,0.43646,0.89188,0.973409,1.02623
1200,5,20,11,6e+21,0.180777,0.0350141,1.9762,2.217,17.8148,534.445,53.4444,30,0.600079,0.398974,0.539021,0.828103,0.867397,0.859883
1201,5,20,12,6e+21,0.180777,0.0447667,1.6705,1.836,22.0149,660.446,66.0447,36,0.685639,0.494745,0.610151,0.791519,0.783351,0.598415
1202,5,20,13,6e+21,0.180777,0.0572357,1.4268,1.546,27.5453,826.359,82.6359,48,0.751928,0.582539,0.66683,0.896891,1.07838,0.844379
1203,5,20,14,6e+21,0.180777,0.0731778,1.2336,1.35,34.5458,1036.38,103.638,60,0.794319,0.654092,0.691175,0.845449,0.947939,0.604629
1204,5,20,15,6e+21,0.180777,0.0935603,1.0741,1.221,43.4966,1304.9,130.49,72,0.817086,0.701531,0.702829,0.812104,0.844157,0.720717
1205,5,20,16,6e+21,0.180777,0.11962,0.9366,1.136,55.2638,1657.91,165.791,96,0.828353,0.731378,0.67487,0.812958,0.867571,0.570828
1206,5,20,17,6e+21,0.180777,0.152938,0.8229,1.085,69.8719,2096.16,209.616,120,0.833313,0.735778,0.608591,0.810227,0.642972,0.260689
1207,5,20,18,6e+21,0.180777,0.195537,0.7236,1.053,88.7133,2661.4,266.14,150,0.834873,0.693003,0.386473,0.833457,1.56766,1.51581
1209,5,21,1,6e+21,0.26827,0.003,58.19,4.127,20.2361,607.084,60.7083,18,0.297763,0.160445,0.29718,0.495453,0.418464,0.593245
1210,5,21,2,6e+21,0.26827,0.0038356,37.4109,4.35,18.5432,556.297,55.6297,18,0.315466,0.173008,0.303901,0.542718,0.475664,0.667338
1211,5,21,3,6e+21,0.26827,0.00490394,25.9921,4.517,16.8516,505.548,50.5548,18,0.318927,0.17594,0.299685,0.576518,0.520009,0.798411
1212,5,21,4,6e+21,0.26827,0.00626986,18.9799,4.626,15.3995,461.986,46.1986,18,0.31814,0.175643,0.292882,0.620751,0.578177,0.985326
1213,5,21,5,6e+21,0.26827,0.00801622,12.7084,4.69,13.8327,414.979,41.498,18,0.317711,0.175558,0.284979,0.683035,0.66063,0.902471
1214,5,21,6,6e+21,0.26827,0.010249,9.0871,4.644,12.9834,389.502,38.9503,18,0.321674,0.177925,0.280376,0.839028,0.861097,0.987409
1215,5,21,7,6e+21,0.26827,0.0131037,6.6442,4.473,12.7697,383.092,38.3092,18,0.335716,0.188567,0.284981,1.00155,1.07212,0.890673
1216,5,21,8,6e+21,0.26827,0.0167535,5.0566,4.175,13.2409,397.227,39.7227,24,0.362895,0.210673,0.352199,0.884249,0.92367,0.395959
1217,5,21,9,6e+21,0.26827,0.02142,3.9646,3.753,14.4066,432.198,43.2197,24,0.405872,0.24637,0.3797,0.80954,0.826256,0.964696
1218,5,21,10,6e+21,0.26827,0.0273861,3.1878,3.242,16.3195,489.586,48.9586,24,0.467887,0.300087,0.416214,0.79592,0.808313,0.984386
1219,5,21,11,6e+21,0.26827,0.0350141,2.5916,2.677,19.2518,577.553,57.7553,30,0.549461,0.37334,0.505733,0.795184,0.801201,0.809539
1220,5,21,12,6e+21,0.26827,0.0447667,2.1594,2.185,23.1614,694.842,69.4842,36,0.634933,0.457497,0.574141,0.99591,1.1737,0.945129
1221,5,21,13,6e+21,0.26827,0.0572357,1.8182,1.788,28.5097,855.292,85.5292,48,0.714656,0.549173,0.641954,0.880979,0.99037,0.864521
1222,5,21,14,6e+21,0.26827,0.0731778,1.548,1.504,35.6033,1068.1,106.81,60,0.771399,0.626755,0.677539,0.838228,0.899775,0.726279
1223,5,21,15,6e+21,0.26827,0.0935603,1.3362,1.32,44.5548,1336.64,133.664,72,0.804584,0.682963,0.69862,1.08555,2.06807,0.698805
1224,5,21,16,6e+21,0.26827,0.11962,1.1573,1.198,56.3916,1691.75,169.175,96,0.822313,0.722151,0.690094,0.861967,1.11302,0.634257
1225,5,21,17,6e+21,0.26827,0.152938,1.0102,1.123,71.3163,2139.49,213.949,120,0.830586,0.737838,0.668635,0.83349,1.01175,0.846935
1226,5,21,18,6e+21,0.26827,0.195537,0.8817,1.075,91.0659,2731.98,273.198,156,0.834213,0.73175,0.563283,0.826827,1.06898,0.964763
1228,5,22,2,6e+21,0.398107,0.0038356,58.097,4.554,29.1571,874.712,87.4712,18,0.326353,0.193141,0.345662,0.595084,0.537046,0.735772
1229,5,22,3,6e+21,0.398107,0.00490394,47.2962,4.682,28.0331,840.994,84.0993,18,0.329934,0.197333,0.344757,0.608704,0.553531,0.746284
1230,5,22,4,6e+21,0.398107,0.00626986,31.3921,4.907,25.3543,760.63,76.063,24,0.331702,0.202414,0.390701,0.644777,0.603488,1.02915
1231,5,22,5,6e+21,0.398107,0.00801622,22.0496,5.043,22.9033,687.098,68.7098,24,0.33159,0.205438,0.382102,0.690295,0.659509,0.994198
1232,5,22,6,6e+21,0.398107,0.010249,14.5094,5.096,20.3099,609.297,60.9297,24,0.334119,0.209943,0.372756,0.620794,0.576027,0.736272
1233,5,22,7,6e+21,0.398107,0.0131037,10.2225,5.003,18.7491,562.473,56.2472,24,0.342864,0.217969,0.368602,0.650821,0.615086,0.821157
1234,5,22,8,6e+21,0.398107,0.0167535,7.5164,4.763,18.1017,543.052,54.3052,24,0.360977,0.232808,0.3714,0.682465,0.656717,0.811875
1235,5,22,9,6e+21,0.398107,0.02142,5.66,4.356,18.3663,550.989,55.0988,24,0.393282,0.259059,0.383455,0.710333,0.689793,0.829628
1236,5,22,10,6e+21,0.398107,0.0273861,4.3876,3.81,19.6165,588.494,58.8494,30,0.442585,0.299607,0.452008,0.73702,0.716434,0.664483
1237,5,22,11,6e+21,0.398107,0.0350141,3.5035,3.205,21.8844,656.532,65.6532,30,0.508336,0.355608,0.479388,0.99674,1.09263,0.936977
1238,5,22,12,6e+21,0.398107,0.0447667,2.836,2.596,25.4842,764.527,76.4527,36,0.590094,0.429939,0.542134,0.913215,0.986558,0.990016
1239,5,22,13,6e+21,0.398107,0.0572357,2.3514,2.098,30.4346,913.039,91.3038,48,0.672981,0.515655,0.613837,0.876168,0.937706,0.815356
1240,5,22,14,6e+21,0.398107,0.0731778,1.9746,1.719,37.228,1116.84,111.684,60,0.740539,0.594817,0.6585,0.826994,0.85957,0.65147
1241,5,22,15,6e+21,0.398107,0.0935603,1.6849,1.462,46.0081,1380.24,138.024,72,0.78522,0.657843,0.687693,0.900753,1.08585,0.919436
1242,5,22,16,6e+21,0.398107,0.11962,1.4488,1.29,57.5706,1727.12,172.712,96,0.812253,0.704806,0.694793,0.847093,0.961169,0.853236
1243,5,22,17,6e+21,0.398107,0.152938,1.255,1.18,72.516,2175.48,217.548,120,0.825407,0.73036,0.686705,0.821456,0.856105,0.758784
1244,5,22,18,6e+21,0.398107,0.195537,1.0974,1.113,91.1026,2733.08,273.308,150,0.831874,0.740162,0.654639,0.812958,0.785845,0.746824
1245,5,22,19,6e+21,0.398107,0.25,0.9602,1.07,115.418,3462.53,346.253,192,0.834699,0.727812,0.542387,0.813028,0.744887,0.846402
1246,5,23,4,6e+21,0.590784,0.00626986,57.2305,4.97,41.6273,1248.82,124.882,24,0.338521,0.213453,0.428529,0.668023,0.627542,0.927783
1247,5,23,5,6e+21,0.590784,0.00801622,37.4728,5.201,37.8511,1135.53,113.553,24,0.33925,0.219092,0.41885,0.725353,0.700906,1.08129
1248,5,23,6,6e+21,0.590784,0.010249,25.5228,5.312,33.9814,1019.44,101.944,24,0.342374,0.225761,0.409225,0.683294,0.652288,0.78956
1249,5,23,7,6e+21,0.590784,0.0131037,18.0313,5.305,30.6283,918.85,91.885,24,0.350053,0.235116,0.402058,0.714705,0.690162,0.827043
1250,5,23,8,6e+21,0.590784,0.0167535,11.7934,5.115,27.3519,820.556,82.0557,24,0.368248,0.252465,0.396516,0.755583,0.743521,0.895786
1251,5,23,9,6e+21,0.590784,0.02142,8.5013,4.777,25.8822,776.466,77.6466,30,0.393397,0.273904,0.440704,0.801771,0.799818,0.658656
1252,5,23,10,6e+21,0.590784,0.0273861,6.2865,4.27,25.7484,772.453,77.2453,30,0.43243,0.306255,0.449515,0.838345,0.847044,0.986886
1253,5,23,11,6e+21,0.590784,0.0350141,4.857,3.675,26.9744,809.233,80.9233,36,0.48555,0.35088,0.49471,0.880289,0.907381,0.968051
1254,5,23,12,6e+21,0.590784,0.0447667,3.8426,3.042,29.6549,889.647,88.9647,42,0.555202,0.412634,0.542839,0.890501,0.932519,0.82508
1255,5,23,13,6e+21,0.590784,0.0572357,3.1205,2.472,33.8798,1016.39,101.639,48,0.630687,0.484135,0.587658,0.865699,0.907111,0.737646
1256,5,23,14,6e+21,0.590784,0.0731778,2.5671,1.995,40.1742,1205.23,120.523,60,0.703696,0.560593,0.636003,0.963303,1.11294,1.01343
1257,5,23,15,6e+21,0.590784,0.0935603,2.1623,1.658,48.4246,1452.74,145.274,72,0.758617,0.627258,0.671426,0.885403,0.993723,0.892982
1258,5,23,16,6e+21,0.590784,0.11962,1.8354,1.419,59.704,1791.12,179.112,96,0.7963,0.682073,0.691628,0.841063,0.90562,0.754001
1259,5,23,17,6e+21,0.590784,0.152938,1.5747,1.263,74.4191,2232.57,223.257,120,0.816751,0.715596,0.695332,1.0812,2.23877,0.766457
1260,5,23,18,6e+21,0.590784,0.195537,1.3625,1.164,93.3762,2801.29,280.129,156,0.827599,0.734844,0.672761,0.861532,1.22351,0.952564
1261,5,23,19,6e+21,0.590784,0.25,1.1865,1.102,117.617,3528.52,352.852,192,0.833006,0.739543,0.626717,0.837247,1.18057,0.960202
1262,5,24,5,6e+21,0.876712,0.00801622,56.4227,5.317,59.1413,1774.24,177.424,24,0.34542,0.229424,0.440024,0.691433,0.659852,0.840463
1263,5,24,6,6e+21,0.876712,0.010249,42.3224,5.42,55.4675,1664.02,166.402,24,0.348459,0.235619,0.434838,0.711673,0.68515,0.855399
1264,5,24,7,6e+21,0.876712,0.0131037,31.4198,5.447,51.2241,1536.72,153.672,24,0.354461,0.243647,0.429823,0.741078,0.721194,0.87121
1265,5,24,8,6e+21,0.876712,0.0167535,20.658,5.335,45.2133,1356.4,135.64,24,0.370282,0.260348,0.425598,0.794138,0.785592,0.913334
1266,5,24,9,6e+21,0.876712,0.02142,13.8001,5.041,40.2732,1208.2,120.82,30,0.395447,0.283762,0.463818,0.857095,0.864893,1.07524
1267,5,24,10,6e+21,0.876712,0.0273861,9.7544,4.613,37.374,1121.22,112.122,30,0.428166,0.312334,0.46323,0.927555,0.958863,1.21046
1268,5,24,11,6e+21,0.876712,0.0350141,7.1644,4.068,36.3953,1091.86,109.186,36,0.47321,0.351367,0.493132,0.993016,1.05134,1.12617
1269,5,24,12,6e+21,0.876712,0.0447667,5.4611,3.463,37.3373,1120.12,112.012,42,0.52941,0.400467,0.530244,1.00997,1.08964,1.16337
1270,5,24,13,6e+21,0.876712,0.0572357,4.2569,2.843,40.3782,1211.35,121.135,48,0.597529,0.462166,0.568133,0.982013,1.07401,1.06496
1271,5,24,14,6e+21,0.876712,0.0731778,3.4493,2.327,45.3439,1360.32,136.032,60,0.664405,0.526949,0.614579,0.944493,1.04495,0.986424
1272,5,24,15,6e+21,0.876712,0.0935603,2.8199,1.894,53.1551,1594.65,159.465,78,0.728277,0.596467,0.652807,0.886915,0.971508,0.84886
1273,5,24,16,6e+21,0.876712,0.11962,2.3614,1.589,63.6544,1909.63,190.963,96,0.77457,0.654535,0.681834,1.28699,2.13971,0.920613
1274,5,24,17,6e+21,0.876712,0.152938,1.9987,1.375,77.9622,2338.87,233.887,120,0.804082,0.69707,0.697316,0.899581,1.15065,1.17327
1275,5,24,18,6e+21,0.876712,0.195537,1.7163,1.238,96.2608,2887.82,288.782,156,0.821031,0.725161,0.691585,0.860897,1.09799,1.079
1276,5,24,19,6e+21,0.876712,0.25,1.4802,1.148,120.572,3617.16,361.716,198,0.829265,0.736371,0.658119,0.843952,1.11115,1.00117
1277,5,25,7,6e+21,1.30103,0.0131037,50.8758,5.52,82.1683,2465.05,246.505,24,0.35987,0.251691,0.443239,0.768048,0.754763,0.924322
1278,5,25,8,6e+21,1.30103,0.0167535,35.4053,5.444,75.079,2252.37,225.237,24,0.373815,0.266901,0.440358,0.805917,0.80105,0.945719
1279,5,25,9,6e+21,1.30103,0.02142,23.8205,5.202,66.8958,2006.88,200.688,30,0.396645,0.289054,0.484852,0.867871,0.877351,1.05549
1280,5,25,10,6e+21,1.30103,0.0273861,16.8211,4.861,60.296,1808.88,180.888,30,0.424006,0.314034,0.485298,0.97802,1.01704,1.16433
1281,5,25,11,6e+21,1.30103,0.0350141,11.4548,4.346,54.6624,1639.87,163.987,36,0.465947,0.35156,0.512255,0.912058,0.937326,0.910119
1282,5,25,12,6e+21,1.30103,0.0447667,8.1714,3.763,52.0232,1560.7,156.07,42,0.516341,0.39626,0.535799,0.942891,0.984284,0.928876
1283,5,25,13,6e+21,1.30103,0.0572357,6.1039,3.171,52.3386,1570.16,157.016,54,0.574895,0.449087,0.571095,0.945814,1.00014,0.915924
1284,5,25,14,6e+21,1.30103,0.0731778,4.7453,2.625,55.4625,1663.87,166.387,60,0.636749,0.506941,0.599847,0.914417,0.967609,0.887066
1285,5,25,15,6e+21,1.30103,0.0935603,3.8036,2.162,61.4392,1843.18,184.318,78,0.696591,0.56702,0.640183,1.01871,1.19025,1.07789
1286,5,25,16,6e+21,1.30103,0.11962,3.111,1.794,70.7499,2122.5,212.25,96,0.748791,0.625814,0.669726,0.933425,1.09448,1.185
1287,5,25,17,6e+21,1.30103,0.152938,2.5866,1.522,84.0625,2521.87,252.187,120,0.786667,0.674318,0.691168,0.886452,1.03915,1.08707
1288,5,25,18,6e+21,1.30103,0.195537,2.1914,1.338,101.591,3047.74,304.774,156,0.810162,0.708686,0.698596,0.855677,0.999257,1.06461
1289,5,25,19,6e+21,1.30103,0.25,1.8683,1.213,125.422,3762.65,376.265,198,0.824286,0.732247,0.688533,0.837304,0.980443,1.03502
1290,5,26,8,6e+21,1.9307,0.0167535,53.7047,5.474,117.858,3535.73,353.572,24,0.381002,0.276109,0.448924,0.794633,0.787246,0.907592
1291,5,26,9,6e+21,1.9307,0.02142,43.3416,5.346,112.164,3364.91,336.491,30,0.394059,0.289052,0.49467,0.818981,0.81703,0.943227
1292,5,26,10,6e+21,1.9307,0.0273861,27.9492,4.946,99.4695,2984.08,298.408,30,0.428178,0.321138,0.494785,0.878972,0.892112,0.954532
1293,5,26,11,6e+21,1.9307,0.0350141,19.7428,4.53,89.6661,2689.98,268.998,36,0.463032,0.353319,0.524295,0.919426,0.945693,0.982678
1294,5,26,12,6e+21,1.9307,0.0447667,13.2073,3.964,80.26,2407.8,240.78,42,0.511203,0.396921,0.550977,0.952884,0.995568,1.01326
1295,5,26,13,6e+21,1.9307,0.0572357,9.2888,3.398,75.0789,2252.37,225.237,54,0.563842,0.444748,0.582654,0.970553,1.03095,1.06105
1296,5,26,14,6e+21,1.9307,0.0731778,7.0044,2.902,74.0454,2221.36,222.136,60,0.61508,0.492214,0.600708,0.968173,1.04313,1.08556
1297,5,26,15,6e+21,1.9307,0.0935603,5.3499,2.415,76.8635,2305.91,230.591,78,0.671791,0.547074,0.631056,0.945754,1.0311,1.14825
1298,5,26,16,6e+21,1.9307,0.11962,4.2246,2.007,83.8432,2515.3,251.53,96,0.724138,0.601592,0.66181,0.919087,1.012,1.06237
1299,5,26,17,6e+21,1.9307,0.152938,3.4513,1.699,94.7883,2843.65,284.365,120,0.765674,0.64992,0.683271,0.890114,0.983613,0.926645
1300,5,26,18,6e+21,1.9307,0.195537,2.8486,1.461,111.412,3342.37,334.237,156,0.796469,0.689933,0.696397,0.866138,0.996199,0.989893
1301,5,26,19,6e+21,1.9307,0.25,2.4013,1.301,133.531,4005.92,400.592,192,0.815772,0.718774,0.703316,0.845777,0.979443,1.01784
1302,5,27,10,6e+21,2.86512,0.0273861,46.4146,5.018,161.638,4849.14,484.914,30,0.430511,0.325606,0.501414,0.863683,0.872916,0.942458
1303,5,27,11,6e+21,2.86512,0.0350141,34.6186,4.662,149.969,4499.07,449.907,36,0.46148,0.354824,0.531062,0.89493,0.913704,0.953632
1304,5,27,12,6e+21,2.86512,0.0447667,22.31,4.075,132.114,3963.41,396.341,42,0.512002,0.401608,0.557605,0.935652,0.971174,0.96234
1305,5,27,13,6e+21,2.86512,0.0572357,15.6719,3.584,119.426,3582.77,358.277,54,0.557336,0.443687,0.59026,0.932007,0.973074,0.96885
1306,5,27,14,6e+21,2.86512,0.0731778,10.9594,3.074,109.993,3299.8,329.98,60,0.607871,0.490892,0.607793,0.939166,0.994169,0.964191
1307,5,27,15,6e+21,2.86512,0.0935603,7.9124,2.598,106.104,3183.12,318.312,78,0.658282,0.538608,0.635485,0.92689,0.990274,0.963922
1308,5,27,16,6e+21,2.86512,0.11962,6.0177,2.198,107.991,3239.73,323.973,96,0.705169,0.585414,0.657123,0.913144,0.986447,0.931941
1309,5,27,17,6e+21,2.86512,0.152938,4.7289,1.864,115.435,3463.05,346.305,120,0.747474,0.631509,0.678265,0.88848,0.960864,0.895972
1310,5,27,18,6e+21,2.86512,0.195537,3.8169,1.601,128.781,3863.44,386.344,156,0.780904,0.671035,0.694455,0.866878,0.934783,0.808015
1311,5,27,19,6e+21,2.86512,0.25,3.1545,1.406,148.453,4453.58,445.358,192,0.804482,0.702602,0.703244,0.851765,0.912898,0.724547
1312,5,28,11,6e+21,4.25179,0.0350141,52.9512,4.637,236.184,7085.53,525.3,36,0.472426,0.368243,0.538795,0.886029,0.899068,0.944556
1313,5,28,12,6e+21,4.25179,0.0447667,38.1226,4.17,218.553,6556.57,525.3,42,0.513017,0.406193,0.564442,0.907957,0.935819,0.96043
1314,5,28,13,6e+21,4.25179,0.0572357,25.9869,3.638,196.662,5899.85,525.3,54,0.561767,0.451805,0.596614,0.922307,0.960442,0.956334
1315,5,28,14,6e+21,4.25179,0.0731778,18.9721,3.225,179.659,5389.77,525.3,60,0.601489,0.488995,0.611689,0.914689,0.955512,0.942924
1316,5,28,15,6e+21,4.25179,0.0935603,12.7884,2.737,162.426,4872.78,487.278,78,0.650292,0.534658,0.638478,0.918855,0.973279,0.875641
1317,5,28,16,6e+21,4.25179,0.11962,9.1437,2.338,153.88,4616.39,461.639,96,0.69343,0.576371,0.659011,0.901804,0.959465,0.879814
1318,5,28,17,6e+21,4.25179,0.152938,6.8245,2.002,153.468,4604.05,460.405,120,0.733867,0.618826,0.678902,0.883729,0.942629,0.86755
1319,5,28,18,6e+21,4.25179,0.195537,5.3461,1.736,160.557,4816.72,481.672,156,0.766856,0.656677,0.692768,0.864917,0.918244,0.806391
1320,5,28,19,6e+21,4.25179,0.25,4.2528,1.513,176.289,5288.68,525.3,192,0.793507,0.68926,0.706117,0.836688,0.856181,0.756753
1321,5,29,12,6e+21,6.30957,0.0447667,58.4166,4.147,342.271,10268.1,525.3,42,0.523474,0.41935,0.57196,0.883313,0.899084,0.933765
1322,5,29,13,6e+21,6.30957,0.0572357,47.4861,3.833,327.856,9835.67,525.3,48,0.552346,0.446873,0.590763,0.894,0.91541,0.92818
1323,5,29,14,6e+21,6.30957,0.0731778,31.3499,3.258,295.695,8870.83,525.3,60,0.605878,0.49745,0.618321,0.90694,0.93932,0.850804
1324,5,29,15,6e+21,6.30957,0.0935603,22.2159,2.846,268.703,8061.1,525.3,78,0.645968,0.535276,0.645277,0.907618,0.947323,0.84237
1325,5,29,16,6e+21,6.30957,0.11962,14.9689,2.43,241.855,7255.65,525.3,96,0.687171,0.57352,0.665337,0.895156,0.950717,0.856876
1326,5,29,17,6e+21,6.30957,0.152938,10.5865,2.1,225.751,6772.54,525.3,120,0.724333,0.611016,0.682988,0.886042,0.949058,0.830891
1327,5,29,18,6e+21,6.30957,0.195537,7.8887,1.837,220.779,6623.36,525.3,156,0.757398,0.649364,0.699913,0.866055,0.923487,0.81358
1328,5,29,19,6e+21,6.30957,0.25,6.0427,1.614,226.545,6796.34,525.3,192,0.783576,0.680536,0.713989,0.837793,0.869827,0.798734
1329,5,30,14,6e+21,9.36329,0.0731778,57.1242,3.458,485.39,14561.7,525.3,60,0.585307,0.477122,0.619278,0.882745,0.90364,0.726137
1330,5,30,15,6e+21,9.36329,0.0935603,37.124,2.888,441.778,13253.3,525.3,78,0.64395,0.534488,0.649132,0.880128,0.906406,0.828515
1331,5,30,16,6e+21,9.36329,0.11962,25.9216,2.505,402.305,12069.2,525.3,96,0.68167,0.56989,0.668806,0.879424,0.91202,0.819795
1332,5,30,17,6e+21,9.36329,0.152938,18.5846,2.208,367.862,11035.9,525.3,120,0.7153,0.604542,0.687365,0.873366,0.9088,0.782297
1333,5,30,18,6e+21,9.36329,0.195537,12.6728,1.913,336.512,10095.3,525.3,150,0.750099,0.642844,0.704437,0.857612,0.886096,0.765899
1334,5,30,19,6e+21,9.36329,0.25,9.1645,1.689,322.069,9662.07,525.3,192,0.776223,0.67385,0.718873,0.844086,0.89021,0.808842
1335,5,31,15,6e+21,13.895,0.0935603,56.625,2.854,692.741,20782.2,525.3,78,0.635992,0.521379,0.653572,0.836483,0.841018,0.893457
1336,5,31,16,6e+21,13.895,0.11962,43.8326,2.559,658.392,19751.8,525.3,96,0.670023,0.55571,0.675188,0.844973,0.856609,0.846843
1337,5,31,17,6e+21,13.895,0.152938,30.0061,2.207,601.787,18053.6,525.3,120,0.712271,0.599861,0.694681,0.849346,0.868192,0.81477
1338,5,31,18,6e+21,13.895,0.195537,21.7579,1.968,553.611,16608.3,525.3,150,0.743353,0.635435,0.709649,0.837213,0.847124,0.783394
1339,5,31,19,6e+21,13.895,0.25,14.9451,1.737,504.936,15148.1,525.3,192,0.771031,0.666775,0.723204,0.832086,0.837546,0.738608
1340,5,32,17,6e+21,20.6199,0.152938,53.978,2.318,986.392,29591.8,525.3,114,0.686528,0.56235,0.687187,0.803029,0.78315,0.811087
1341,5,32,18,6e+21,20.6199,0.195537,38.563,2.034,922.299,27669,525.3,144,0.726232,0.606504,0.706016,0.826527,0.825133,0.794414
1342,5,32,19,6e+21,20.6199,0.25,25.8351,1.777,838.198,25145.9,525.3,186,0.762469,0.649739,0.72029,0.812813,0.792198,0.75526
1343,5,33,19,6e+21,30.5995,0.25,43.3216,1.801,1368.22,41046.5,525.3,186,0.751374,0.623316,0.713248,0.838676,0.85012,0.758052
1354,6,11,1,1.2e+22,0.00517947,0.003,1.2038,1.057,1.41181,42.3543,25.4126,18,0.486737,-2.53297,-3.62365,0.426503,-2.68868,-3.74481
1355,6,11,2,1.2e+22,0.00517947,0.0038356,1.0222,1.056,1.79108,53.7322,27,18,0.538421,-2.26117,-3.42033,0.468496,-2.542,-3.77584
1356,6,11,3,1.2e+22,0.00517947,0.00490394,0.8761,1.056,2.27654,68.2962,27,18,0.586008,-1.57455,-2.48573,0.50207,-2.11641,-3.06669
1357,6,11,4,1.2e+22,0.00517947,0.00626986,0.7569,1.055,2.89881,86.9641,27,18,0.622065,-0.988832,-1.67902,0.535032,-1.74285,-2.23812
1358,6,11,5,1.2e+22,0.00517947,0.00801622,0.6638,1.053,3.64054,109.216,27,18,0.632316,0.0146974,-0.321958,0.557753,-0.293132,-0.95391
1359,6,11,6,1.2e+22,0.00517947,0.010249,0.5858,1.051,4.56269,136.881,27,18,0.645908,0.220028,0.188814,0.52792,-0.108218,-0.724775
1361,6,12,1,1.2e+22,0.00768625,0.003,1.5314,1.084,1.45954,43.7863,26.2718,18,0.473454,-1.78082,-3.38107,0.426196,-1.83564,-3.51808
1362,6,12,2,1.2e+22,0.00768625,0.0038356,1.2939,1.084,1.82638,54.7921,27,18,0.529197,-1.43742,-2.80263,0.463252,-1.61876,-3.11587
1363,6,12,3,1.2e+22,0.00768625,0.00490394,1.1059,1.083,2.28815,68.645,27,18,0.578452,-1.03666,-2.10168,0.494972,-1.41137,-2.5756
1364,6,12,4,1.2e+22,0.00768625,0.00626986,0.9496,1.081,2.89431,86.8298,27,18,0.61685,-0.678457,-1.47492,0.536124,-1.08237,-1.90944
1365,6,12,5,1.2e+22,0.00768625,0.00801622,0.8228,1.079,3.66231,109.87,27,18,0.623325,0.0379146,-0.222973,0.552461,-0.130788,-0.612559
1366,6,12,6,1.2e+22,0.00768625,0.010249,0.7176,1.075,4.64119,139.236,27,18,0.63738,0.192985,0.193136,0.517004,-0.131611,-0.392619
1367,6,12,7,1.2e+22,0.00768625,0.0131037,0.6219,1.07,6.00823,180.247,27,18,0.655117,0.265397,0.399438,0.551795,-0.0379948,-0.111315
1368,6,12,8,1.2e+22,0.00768625,0.0167535,0.555,1.063,7.42665,222.8,27,18,0.66373,0.311421,0.477921,0.522376,-0.00603584,-0.043982
1369,6,13,1,1.2e+22,0.0114062,0.003,1.9845,1.125,1.52735,45.82,27,18,0.454023,-1.14277,-2.74577,0.401205,-1.21642,-2.85966
1370,6,13,2,1.2e+22,0.0114062,0.0038356,1.6587,1.124,1.88485,56.5459,27,18,0.515362,-0.88342,-2.14322,0.44998,-1.01687,-2.40038
1371,6,13,3,1.2e+22,0.0114062,0.00490394,1.3957,1.122,2.35727,70.7186,27,18,0.570322,-0.639533,-1.61731,0.489082,-0.89775,-1.99077
1372,6,13,4,1.2e+22,0.0114062,0.00626986,1.1912,1.12,2.94969,88.4904,27,18,0.611383,-0.427419,-1.16961,0.541354,-0.575339,-1.56963
1373,6,13,5,1.2e+22,0.0114062,0.00801622,1.0191,1.117,3.74569,112.371,27,18,0.609337,0.0565173,-0.12316,0.542097,-0.0668156,-0.458714
1374,6,13,6,1.2e+22,0.0114062,0.010249,0.8796,1.111,4.76746,143.024,27,18,0.623704,0.173811,0.201855,0.514855,-0.0016431,-0.218821
1375,6,13,7,1.2e+22,0.0114062,0.0131037,0.7669,1.103,6.04385,181.316,27,18,0.6428,0.225798,0.339075,0.545079,0.0252228,-0.0881193
1376,6,13,8,1.2e+22,0.0114062,0.0167535,0.6762,1.092,7.58088,227.426,27,18,0.65285,0.2724,0.407923,0.511177,-0.0409152,-0.0488424
1377,6,13,9,1.2e+22,0.0114062,0.02142,0.5958,1.078,9.58727,287.618,28.7618,18,0.666152,0.314538,0.457784,0.550824,0.0199198,0.126152
1378,6,13,10,1.2e+22,0.0114062,0.0273861,0.5222,1.061,12.3115,369.347,36.9346,24,0.678553,0.398836,0.62216,0.533692,0.0263072,0.0971874
1379,6,14,1,1.2e+22,0.0169267,0.003,2.6151,1.185,1.65235,49.57,27,18,0.433195,-0.623875,-1.80901,0.377437,-0.699546,-1.94554
1380,6,14,2,1.2e+22,0.0169267,0.0038356,2.1637,1.183,1.98562,59.5682,27,18,0.496954,-0.509947,-1.49276,0.435108,-0.596578,-1.69284
1381,6,14,3,1.2e+22,0.0169267,0.00490394,1.7997,1.181,2.43865,73.1602,27,18,0.555379,-0.384836,-1.17255,0.490947,-0.46934,-1.44959
1382,6,14,4,1.2e+22,0.0169267,0.00626986,1.5111,1.178,3.03738,91.1211,27,18,0.586589,-0.125139,-0.581196,0.511463,-0.279181,-0.814815
1383,6,14,5,1.2e+22,0.0169267,0.00801622,1.2811,1.173,3.82092,114.628,27,18,0.589537,0.0721081,-0.0336182,0.523021,-0.0401849,-0.24818
1384,6,14,6,1.2e+22,0.0169267,0.010249,1.1048,1.165,4.78112,143.434,27,18,0.601282,0.153331,0.191954,0.497988,0.0190033,-0.139917
1385,6,14,7,1.2e+22,0.0169267,0.0131037,0.9558,1.153,6.04885,181.466,27,18,0.624525,0.197416,0.29994,0.532294,0.0675466,0.00281217
1386,6,14,8,1.2e+22,0.0169267,0.0167535,0.8329,1.136,7.66219,229.865,27,18,0.637005,0.246068,0.364575,0.509775,0.0840404,-0.0326915
1387,6,14,9,1.2e+22,0.0169267,0.02142,0.7287,1.115,9.73662,292.098,29.2098,24,0.654209,0.291745,0.440288,0.53975,0.0320215,-0.0242564
1388,6,14,10,1.2e+22,0.0169267,0.0273861,0.6327,1.087,12.6458,379.374,37.9373,24,0.670282,0.359776,0.534783,0.522096,-0.03034,-0.0542544
1389,6,14,11,1.2e+22,0.0169267,0.0350141,0.5679,1.066,15.5155,465.465,46.5465,30,0.680673,0.434269,0.63881,0.559925,0.000179412,0.186865
1390,6,15,1,1.2e+22,0.0251189,0.003,3.5258,1.273,1.88335,56.5004,27,18,0.415943,-0.294144,-1.00473,0.362271,-0.353237,-1.13423
1391,6,15,2,1.2e+22,0.0251189,0.0038356,2.8605,1.271,2.18746,65.6234,27,18,0.479553,-0.261293,-0.906643,0.420833,-0.319372,-1.07641
1392,6,15,3,1.2e+22,0.0251189,0.00490394,2.3493,1.268,2.60727,78.218,27,18,0.538151,-0.211604,-0.765246,0.466828,-0.32425,-0.946342
1393,6,15,4,1.2e+22,0.0251189,0.00626986,1.9447,1.263,3.18477,95.5426,27,18,0.548567,-0.00366104,-0.22523,0.479227,-0.0999106,-0.37565
1394,6,15,5,1.2e+22,0.0251189,0.00801622,1.6374,1.255,3.924,117.72,27,18,0.561794,0.0773039,0.0261751,0.496831,-0.0120306,-0.156309
1395,6,15,6,1.2e+22,0.0251189,0.010249,1.387,1.243,4.91646,147.494,27,18,0.572673,0.141152,0.195122,0.468406,-0.0028484,-0.0548919
1396,6,15,7,1.2e+22,0.0251189,0.0131037,1.192,1.226,6.16469,184.941,27,18,0.598059,0.177012,0.273192,0.508659,0.0586415,0.0412386
1397,6,15,8,1.2e+22,0.0251189,0.0167535,1.0288,1.201,7.81346,234.403,27,18,0.614459,0.22355,0.330569,0.486623,0.0410243,0.0600284
1398,6,15,9,1.2e+22,0.0251189,0.02142,0.8904,1.167,10.0037,300.11,30.011,24,0.637923,0.276228,0.418095,0.520163,0.036482,0.180639
1399,6,15,10,1.2e+22,0.0251189,0.0273861,0.7838,1.131,12.5617,376.852,37.6852,24,0.657658,0.335073,0.491866,0.511105,0.0434116,0.178333
1400,6,15,11,1.2e+22,0.0251189,0.0350141,0.6917,1.095,15.8108,474.323,47.4323,30,0.673679,0.405987,0.584978,0.55084,0.0156779,0.154092
1401,6,15,12,1.2e+22,0.0251189,0.0447667,0.6071,1.063,20.2096,606.287,60.6287,36,0.685425,0.501528,0.674796,0.590207,0.0417545,0.0699099
1403,6,16,1,1.2e+22,0.0372759,0.003,4.876,1.403,2.31685,69.5059,27,18,0.408362,-0.10901,-0.447517,0.355929,-0.15193,-0.531781
1404,6,16,2,1.2e+22,0.0372759,0.0038356,3.875,1.4,2.55469,76.6403,27,18,0.465127,-0.108658,-0.45419,0.416622,-0.128285,-0.556161
1405,6,16,3,1.2e+22,0.0372759,0.00490394,3.1417,1.395,2.90842,87.2523,27,18,0.519265,-0.0974792,-0.432849,0.457855,-0.150802,-0.526533
1406,6,16,4,1.2e+22,0.0372759,0.00626986,2.5578,1.388,3.43492,103.048,27,18,0.506529,0.0410078,-0.0474114,0.450356,-0.0103295,-0.180882
1407,6,16,5,1.2e+22,0.0372759,0.00801622,2.1236,1.377,4.13088,123.926,27,18,0.527792,0.0789219,0.0714069,0.463076,-0.00992711,-0.0746406
1408,6,16,6,1.2e+22,0.0372759,0.010249,1.7772,1.359,5.08042,152.413,27,18,0.535573,0.129064,0.192807,0.441162,0.0246909,0.00466254
1409,6,16,7,1.2e+22,0.0372759,0.0131037,1.5032,1.332,6.33935,190.181,27,18,0.564672,0.161974,0.254734,0.474617,0.047646,0.072913
1410,6,16,8,1.2e+22,0.0372759,0.0167535,1.2847,1.295,7.98292,239.487,27,18,0.584466,0.204852,0.305281,0.453723,0.0200736,0.0785452
1411,6,16,9,1.2e+22,0.0372759,0.02142,1.1142,1.248,10.0122,300.367,30.0367,24,0.611318,0.254087,0.389598,0.496187,0.0467601,0.0252618
1412,6,16,10,1.2e+22,0.0372759,0.0273861,0.9702,1.193,12.6526,379.577,37.9577,24,0.638712,0.315068,0.458281,5.56819,34.8629,0.841175
1413,6,16,11,1.2e+22,0.0372759,0.0350141,0.8477,1.139,16.0648,481.943,48.1943,30,0.663081,0.389025,0.549866,1.39807,8.62918,5.87346
1414,6,16,12,1.2e+22,0.0372759,0.0447667,0.7422,1.092,20.488,614.64,61.464,36,0.680445,0.467712,0.612599,0.583569,0.181167,0.111211
1415,6,16,13,1.2e+22,0.0372759,0.0572357,0.652,1.059,26.1258,783.773,78.3773,42,0.69021,0.565772,0.691765,0.607793,-0.0902903,-0.16127
1418,6,17,1,1.2e+22,0.0553168,0.003,7.1543,1.589,3.113,93.3895,27,18,0.392138,0.00272979,-0.0867125,0.350254,-0.020459,-0.144461
1419,6,17,2,1.2e+22,0.0553168,0.0038356,5.5042,1.586,3.21812,96.5433,27,18,0.425054,0.0154527,-0.0683753,0.376309,-0.0164316,-0.11211
1420,6,17,3,1.2e+22,0.0553168,0.00490394,4.3031,1.579,3.47742,104.323,27,18,0.447646,0.038642,-0.0107247,0.394279,-0.00815258,-0.0965233
1421,6,17,4,1.2e+22,0.0553168,0.00626986,3.4623,1.568,3.89088,116.727,27,18,0.465421,0.0605857,0.0513009,0.405253,-0.00844595,-0.0528485
1422,6,17,5,1.2e+22,0.0553168,0.00801622,2.7999,1.551,4.53473,136.042,27,18,0.472901,0.0984933,0.142257,0.378593,0.00367699,-0.0103782
1423,6,17,6,1.2e+22,0.0553168,0.010249,2.3032,1.525,5.43004,162.901,27,18,0.494485,0.117629,0.187588,0.405507,0.0215028,0.0255787
1424,6,17,7,1.2e+22,0.0553168,0.0131037,1.9195,1.486,6.64965,199.489,27,18,0.523917,0.147575,0.236961,0.432112,0.0198122,0.0655719
1425,6,17,8,1.2e+22,0.0553168,0.0167535,1.6312,1.433,8.19327,245.798,27,18,0.545549,0.186376,0.280111,0.425548,0.0401457,0.0559607
1426,6,17,9,1.2e+22,0.0553168,0.02142,1.392,1.362,10.2871,308.613,30.8612,24,0.578593,0.238139,0.372627,3.07007,10.1143,2.92612
1427,6,17,10,1.2e+22,0.0553168,0.0273861,1.2053,1.283,12.889,386.67,38.667,24,0.613705,0.299653,0.434508,0.868656,1.99305,6.543
1428,6,17,11,1.2e+22,0.0553168,0.0350141,1.0477,1.203,16.2893,488.678,48.8678,30,0.646581,0.371275,0.515405,0.688164,1.17831,4.20915
1429,6,17,12,1.2e+22,0.0553168,0.0447667,0.9123,1.135,20.7683,623.05,62.3049,36,0.671208,0.447904,0.575201,0.676418,1.26271,1.32665
1430,6,17,13,1.2e+22,0.0553168,0.0572357,0.8034,1.088,26.1594,784.783,78.4783,42,0.68546,0.524103,0.628917,0.590264,-0.0110403,-0.00366095
1431,6,17,14,1.2e+22,0.0553168,0.0731778,0.7083,1.056,33.0735,992.204,99.2204,54,0.691513,0.604289,0.713229,0.624903,0.261328,1.00175
1434,6,18,1,1.2e+22,0.0820891,0.003,11.2755,1.846,4.64077,139.224,27,18,0.358865,0.057068,0.0898748,0.295098,0.0103584,0.00747359
1435,6,18,2,1.2e+22,0.0820891,0.0038356,8.1975,1.843,4.47965,134.389,27,18,0.384388,0.0631067,0.0945458,0.337562,0.0205185,0.0212583
1436,6,18,3,1.2e+22,0.0820891,0.00490394,6.1609,1.835,4.52315,135.694,27,18,0.402831,0.0734886,0.111502,0.324895,0.00729636,0.00718783
1437,6,18,4,1.2e+22,0.0820891,0.00626986,4.7744,1.821,4.78085,143.425,27,18,0.414944,0.0858099,0.135888,0.334888,0.0145828,0.0189892
1438,6,18,5,1.2e+22,0.0820891,0.00801622,3.8021,1.797,5.26238,157.871,27,18,0.428196,0.0974312,0.159915,0.34956,0.0248152,0.0345554
1439,6,18,6,1.2e+22,0.0820891,0.010249,3.0686,1.76,6.02838,180.852,27,18,0.451671,0.111809,0.187368,0.370765,0.0275802,0.044296
1440,6,18,7,1.2e+22,0.0820891,0.0131037,2.5195,1.705,7.1225,213.674,27,18,0.469769,0.147793,0.234763,0.377604,0.030093,0.0646014
1441,6,18,8,1.2e+22,0.0820891,0.0167535,2.1003,1.628,8.617,258.51,27,18,0.500906,0.173024,0.261138,0.383844,0.0331137,0.0340831
1442,6,18,9,1.2e+22,0.0820891,0.02142,1.7735,1.527,10.6115,318.344,31.8344,24,0.538708,0.222946,0.357776,1.02102,1.80925,5.0682
1443,6,18,10,1.2e+22,0.0820891,0.0273861,1.5113,1.409,13.2674,398.023,39.8023,24,0.582667,0.284868,0.41544,0.65865,0.837495,2.94636
1444,6,18,11,1.2e+22,0.0820891,0.0350141,1.3027,1.294,16.6658,499.973,49.9973,30,0.625136,0.356013,0.494476,1.03667,2.63817,1.3157
1445,6,18,12,1.2e+22,0.0820891,0.0447667,1.1313,1.198,21.025,630.75,63.075,36,0.657755,0.427889,0.541888,0.763306,1.58437,1.06758
1446,6,18,13,1.2e+22,0.0820891,0.0572357,0.9894,1.129,26.5265,795.796,79.5796,42,0.678375,0.500714,0.58497,0.754991,1.99331,1.79869
1447,6,18,14,1.2e+22,0.0820891,0.0731778,0.865,1.081,33.7839,1013.52,101.352,54,0.689503,0.570481,0.647175,0.607508,-0.0312179,-0.069378
1452,6,19,1,1.2e+22,0.121819,0.003,19.5015,2.155,7.58027,227.408,27,18,0.337838,0.0836349,0.154088,0.255174,0.0111541,0.0450023
1453,6,19,2,1.2e+22,0.121819,0.0038356,13.2477,2.168,6.89835,206.951,27,18,0.357568,0.0883367,0.159055,0.288822,0.0171265,0.0348948
1454,6,19,3,1.2e+22,0.121819,0.00490394,9.5057,2.167,6.50769,195.231,27,18,0.37055,0.0885624,0.157545,0.30188,0.0199383,0.0338896
1455,6,19,4,1.2e+22,0.121819,0.00626986,7.0613,2.154,6.40473,192.142,27,18,0.380186,0.0945021,0.165673,0.304864,0.0153658,0.0465525
1456,6,19,5,1.2e+22,0.121819,0.00801622,5.3779,2.124,6.61085,198.325,27,18,0.391282,0.102382,0.177018,0.311681,0.0153628,0.0475035
1457,6,19,6,1.2e+22,0.121819,0.010249,4.2071,2.074,7.15412,214.623,27,18,0.403034,0.12461,0.205934,0.315705,0.0221689,0.045664
1458,6,19,7,1.2e+22,0.121819,0.0131037,3.3772,1.998,8.05958,241.787,27,18,0.423452,0.139815,0.222859,4.9148,9.17934,0.355627
1459,6,19,8,1.2e+22,0.121819,0.0167535,2.7599,1.891,9.4035,282.105,28.2105,18,0.455067,0.166443,0.251419,1.53288,2.57721,1.06755
1460,6,19,9,1.2e+22,0.121819,0.02142,2.2864,1.749,11.306,339.18,33.918,24,0.496346,0.215314,0.346699,0.752633,0.929179,1.1953
1461,6,19,10,1.2e+22,0.121819,0.0273861,1.9194,1.584,13.8972,416.914,41.6915,24,0.546655,0.274834,0.39842,1.06819,1.90392,1.20189
1462,6,19,11,1.2e+22,0.121819,0.0350141,1.6428,1.426,17.1549,514.648,51.4648,30,0.596105,0.339097,0.474524,0.740401,1.0536,1.09866
1463,6,19,12,1.2e+22,0.121819,0.0447667,1.4104,1.286,21.56,646.801,64.6801,36,0.639344,0.410509,0.51808,0.666953,0.848587,0.935749
1464,6,19,13,1.2e+22,0.121819,0.0572357,1.2273,1.188,26.9945,809.836,80.9836,42,0.668373,0.481785,0.553752,0.656298,0.810164,0.813103
1465,6,19,14,1.2e+22,0.121819,0.0731778,1.0719,1.12,34.0183,1020.55,102.055,54,0.684483,0.542718,0.594915,0.744146,1.98454,3.29291
1466,6,19,15,1.2e+22,0.121819,0.0935603,0.9368,1.075,43.2234,1296.7,129.67,72,0.691603,0.598634,0.644295,0.616881,-0.0447315,-0.109524
1471,6,20,1,1.2e+22,0.180777,0.003,33.3696,2.424,12.5684,377.053,37.7053,18,0.332169,0.114637,0.216464,0.727737,0.777719,1.21774
1472,6,20,2,1.2e+22,0.180777,0.0038356,22.2264,2.481,11.3194,339.581,33.9582,18,0.346168,0.119846,0.218292,0.55044,0.485815,0.920023
1473,6,20,3,1.2e+22,0.180777,0.00490394,15.9287,2.513,10.3533,310.6,31.0599,18,0.351659,0.120326,0.21305,0.663355,0.674932,0.901315
1474,6,20,4,1.2e+22,0.180777,0.00626986,11.1569,2.524,9.54985,286.495,28.6495,18,0.355243,0.120034,0.206,0.80407,0.908384,1.06654
1475,6,20,5,1.2e+22,0.180777,0.00801622,7.9536,2.502,9.161,274.83,27.483,18,0.360487,0.122238,0.204302,1.04648,1.32039,2.63578
1476,6,20,6,1.2e+22,0.180777,0.010249,6.0181,2.448,9.25315,277.595,27.7595,18,0.370445,0.13016,0.211233,1.08701,1.4062,2.69998
1477,6,20,7,1.2e+22,0.180777,0.0131037,4.6904,2.356,9.79654,293.896,29.3896,18,0.388493,0.149349,0.235047,0.859287,1.0274,0.987187
1478,6,20,8,1.2e+22,0.180777,0.0167535,3.7352,2.219,10.8468,325.405,32.5404,18,0.415596,0.17364,0.261646,0.714136,0.780121,1.04728
1479,6,20,9,1.2e+22,0.180777,0.02142,3.0297,2.036,12.4985,374.956,37.4956,24,0.45524,0.210583,0.342166,1.28232,1.95324,1.86358
1480,6,20,10,1.2e+22,0.180777,0.0273861,2.5043,1.821,14.8439,445.316,44.5317,24,0.506102,0.260675,0.378936,0.810676,1.06486,2.45341
1481,6,20,11,1.2e+22,0.180777,0.0350141,2.1042,1.604,18.0142,540.425,54.0425,30,0.563582,0.32557,0.455914,0.689662,0.813093,1.79061
1482,6,20,12,1.2e+22,0.180777,0.0447667,1.7888,1.415,22.2363,667.089,66.7089,36,0.614944,0.394709,0.502676,0.650005,0.705587,0.756126
1483,6,20,13,1.2e+22,0.180777,0.0572357,1.5323,1.27,27.8513,835.541,83.554,48,0.654292,0.465415,0.541572,0.770705,1.30335,0.764703
1484,6,20,14,1.2e+22,0.180777,0.0731778,1.33,1.173,34.8363,1045.09,104.509,60,0.676835,0.523186,0.56123,0.730269,1.30813,1.55101
1485,6,20,15,1.2e+22,0.180777,0.0935603,1.1554,1.108,44.1167,1323.5,132.35,72,0.688737,0.57218,0.586946,1.06462,6.64827,2.57607
1486,6,20,16,1.2e+22,0.180777,0.11962,1.0108,1.067,55.7902,1673.71,167.371,90,0.693773,0.622633,0.64976,0.629772,-0.0702771,-0.174886
1490,6,21,1,1.2e+22,0.26827,0.003,57.1451,2.565,20.2361,607.082,60.7082,18,0.335455,0.139295,0.257364,0.658305,0.652655,0.990056
1491,6,21,2,1.2e+22,0.26827,0.0038356,38.0572,2.665,18.7088,561.263,56.1263,18,0.350191,0.149844,0.264877,1.09868,1.33477,0.676929
1492,6,21,3,1.2e+22,0.26827,0.00490394,26.8015,2.744,17.1154,513.463,51.3463,18,0.354061,0.154138,0.26535,0.587178,0.550912,0.672246
1493,6,21,4,1.2e+22,0.26827,0.00626986,19.2237,2.8,15.6017,468.05,46.805,18,0.354074,0.156086,0.263736,0.621661,0.606732,0.513203
1494,6,21,5,1.2e+22,0.26827,0.00801622,12.9373,2.828,14.0753,422.258,42.2258,18,0.354054,0.157631,0.260008,0.691665,0.721076,1.12302
1495,6,21,6,1.2e+22,0.26827,0.010249,9.2007,2.799,13.2372,397.115,39.7115,18,0.35822,0.161143,0.258272,0.772656,0.856973,1.2068
1496,6,21,7,1.2e+22,0.26827,0.0131037,6.7874,2.71,13.0687,392.06,39.206,24,0.371059,0.171826,0.311868,0.824623,0.949848,0.897402
1497,6,21,8,1.2e+22,0.26827,0.0167535,5.2369,2.563,13.5575,406.724,40.6724,24,0.393283,0.190433,0.325578,0.792463,0.908077,1.25948
1498,6,21,9,1.2e+22,0.26827,0.02142,4.142,2.354,14.7337,442.01,44.201,24,0.426653,0.217642,0.343887,0.736004,0.825457,0.161218
1499,6,21,10,1.2e+22,0.26827,0.0273861,3.3307,2.092,16.7488,502.466,50.2465,24,0.475526,0.261951,0.367336,0.70586,0.783523,0.795818
1500,6,21,11,1.2e+22,0.26827,0.0350141,2.7486,1.825,19.6131,588.393,58.8393,30,0.53131,0.316737,0.436059,0.665612,0.701906,0.784773
1501,6,21,12,1.2e+22,0.26827,0.0447667,2.2945,1.578,23.6707,710.119,71.012,36,0.588595,0.381639,0.484762,0.815383,1.14426,1.27059
1502,6,21,13,1.2e+22,0.26827,0.0572357,1.9436,1.385,29.0717,872.15,87.215,48,0.635717,0.450786,0.53156,0.733096,1.00098,0.879285
1503,6,21,14,1.2e+22,0.26827,0.0731778,1.6694,1.25,35.9872,1079.62,107.962,60,0.665589,0.506058,0.549723,0.677822,0.827758,0.892702
1504,6,21,15,1.2e+22,0.26827,0.0935603,1.4429,1.158,45.023,1350.69,135.069,72,0.682877,0.55164,0.560717,0.672664,0.811207,0.64364
1505,6,21,16,1.2e+22,0.26827,0.11962,1.2539,1.099,56.7037,1701.11,170.111,96,0.691918,0.590277,0.57327,0.711183,1.63691,3.63781
1506,6,21,17,1.2e+22,0.26827,0.152938,1.0983,1.062,71.2654,2137.96,213.796,114,0.695518,0.628094,0.627561,0.644009,0.495543,1.12685
1509,6,22,2,1.2e+22,0.398107,0.0038356,58.4231,2.768,29.3292,879.875,87.9875,18,0.357202,0.168021,0.296762,0.60103,0.559854,0.723593
1510,6,22,3,1.2e+22,0.398107,0.00490394,48.2603,2.826,28.3254,849.762,84.9763,18,0.360179,0.172251,0.297687,0.615143,0.580655,0.75086
1511,6,22,4,1.2e+22,0.398107,0.00626986,32.3535,2.932,25.7959,773.876,77.3877,24,0.361487,0.178602,0.341773,0.651695,0.64262,0.845448
1512,6,22,5,1.2e+22,0.398107,0.00801622,22.7226,2.997,23.3895,701.686,70.1686,24,0.361209,0.183049,0.338909,0.685361,0.694269,0.875272
1513,6,22,6,1.2e+22,0.398107,0.010249,15.1528,3.018,20.8907,626.72,62.672,24,0.363312,0.188851,0.33592,0.753686,0.804592,0.93769
1514,6,22,7,1.2e+22,0.398107,0.0131037,10.7447,2.97,19.335,580.05,58.005,24,0.371197,0.197331,0.33565,0.828236,0.922528,0.946578
1515,6,22,8,1.2e+22,0.398107,0.0167535,7.8116,2.843,18.65,559.502,55.9501,24,0.387912,0.211832,0.33942,0.949221,1.11324,0.934669
1516,6,22,9,1.2e+22,0.398107,0.02142,5.8791,2.634,18.9487,568.46,56.8461,24,0.415669,0.234775,0.348074,0.961255,1.1595,0.85264
1517,6,22,10,1.2e+22,0.398107,0.0273861,4.6254,2.375,20.1805,605.414,60.5414,30,0.454037,0.267199,0.405033,0.875049,1.04595,0.885375
1518,6,22,11,1.2e+22,0.398107,0.0350141,3.6925,2.07,22.5482,676.446,67.6446,30,0.50478,0.312732,0.420083,0.804181,0.959105,0.915458
1519,6,22,12,1.2e+22,0.398107,0.0447667,3.0246,1.782,26.0951,782.854,78.2853,36,0.560854,0.370464,0.464307,0.759199,0.916125,0.816372
1520,6,22,13,1.2e+22,0.398107,0.0572357,2.5188,1.538,31.1062,933.186,93.3187,48,0.612556,0.433646,0.51586,0.70654,0.821419,0.64822
1521,6,22,14,1.2e+22,0.398107,0.0731778,2.1333,1.357,37.7455,1132.37,113.237,60,0.649549,0.488667,0.541915,0.670902,0.709163,0.592337
1522,6,22,15,1.2e+22,0.398107,0.0935603,1.8222,1.229,46.6233,1398.7,139.87,72,0.674487,0.538045,0.558012,0.77924,1.42697,1.3015
1523,6,22,16,1.2e+22,0.398107,0.11962,1.5694,1.144,58.1985,1745.95,174.595,96,0.686836,0.569132,0.552973,0.740054,1.55576,1.02351
1524,6,22,17,1.2e+22,0.398107,0.152938,1.3619,1.09,73.0272,2190.82,219.082,120,0.692921,0.590944,0.547111,0.627893,0.181287,1.58038
1525,6,22,18,1.2e+22,0.398107,0.195537,1.188,1.056,91.9922,2759.77,275.977,144,0.696646,0.626809,0.583393,0.644493,-0.126597,-0.28999
1527,6,23,4,1.2e+22,0.590784,0.00626986,58.6362,2.964,42.1467,1264.4,126.44,24,0.366292,0.188111,0.369041,0.670626,0.662238,0.625403
1528,6,23,5,1.2e+22,0.590784,0.00801622,35.7455,3.086,37.8507,1135.52,113.552,24,0.366543,0.196724,0.364012,0.710519,0.720701,1.11247
1529,6,23,6,1.2e+22,0.590784,0.010249,25.629,3.122,34.5678,1037.03,103.703,24,0.369457,0.204258,0.360576,0.775028,0.823106,0.673238
1530,6,23,7,1.2e+22,0.590784,0.0131037,18.5877,3.11,31.5235,945.704,94.5705,24,0.375752,0.213549,0.357742,1.17174,1.40669,0.505073
1531,6,23,8,1.2e+22,0.590784,0.0167535,12.4943,3.014,28.45,853.501,85.3501,24,0.391194,0.22983,0.356269,0.700963,0.719841,0.793534
1532,6,23,9,1.2e+22,0.590784,0.02142,9.0135,2.845,26.9285,807.855,80.7855,30,0.41305,0.249575,0.395407,0.730366,0.764838,0.736179
1533,6,23,10,1.2e+22,0.590784,0.0273861,6.6608,2.592,26.7593,802.78,80.278,30,0.446148,0.278188,0.402218,0.74177,0.799501,0.802322
1534,6,23,11,1.2e+22,0.590784,0.0350141,5.1473,2.297,28.0048,840.144,84.0144,36,0.488902,0.316582,0.438278,0.733252,0.798706,0.674565
1535,6,23,12,1.2e+22,0.590784,0.0447667,4.1152,1.997,30.6239,918.717,91.8718,42,0.538186,0.364017,0.472214,0.715614,0.770412,0.590195
1536,6,23,13,1.2e+22,0.590784,0.0572357,3.3336,1.712,35.0264,1050.79,105.079,48,0.589468,0.419213,0.499453,0.926856,1.32219,0.83845
1537,6,23,14,1.2e+22,0.590784,0.0731778,2.771,1.488,41.1585,1234.76,123.476,60,0.631398,0.471986,0.529527,0.803774,1.13458,0.819512
1538,6,23,15,1.2e+22,0.590784,0.0935603,2.3301,1.32,49.6845,1490.54,149.053,72,0.66223,0.521565,0.551246,0.728251,0.964615,0.770264
1539,6,23,16,1.2e+22,0.590784,0.11962,1.9857,1.205,60.9059,1827.18,182.718,96,0.680425,0.558299,0.559102,0.687474,0.820783,0.595733
1540,6,23,17,1.2e+22,0.590784,0.152938,1.7117,1.131,75.2702,2258.11,225.81,120,0.690227,0.57952,0.553812,0.673996,0.801688,0.558059
1541,6,23,18,1.2e+22,0.590784,0.195537,1.4801,1.081,94.3043,2829.13,282.913,150,0.694527,0.589737,0.520817,0.630042,-0.0267142,0.388557
1542,6,23,19,1.2e+22,0.590784,0.25,1.2848,1.05,119.122,3573.66,357.366,180,0.697437,0.619141,0.524058,0.646335,-0.185805,-0.414448
1543,6,24,5,1.2e+22,0.876712,0.00801622,57.2709,3.131,60.0406,1801.22,180.122,24,0.371263,0.205591,0.382964,0.761648,0.798815,0.879223
1544,6,24,6,1.2e+22,0.876712,0.010249,44.9881,3.17,57.1347,1714.04,171.404,24,0.373233,0.211685,0.381411,0.681785,0.681701,0.277306
1545,6,24,7,1.2e+22,0.876712,0.0131037,29.9964,3.174,51.5609,1546.83,154.683,24,0.381087,0.224253,0.378864,0.710701,0.723762,0.507841
1546,6,24,8,1.2e+22,0.876712,0.0167535,21.3194,3.111,46.7894,1403.68,140.368,24,0.39377,0.239085,0.37909,0.738588,0.76532,0.88576
1547,6,24,9,1.2e+22,0.876712,0.02142,14.2896,2.952,41.9512,1258.54,125.854,30,0.416557,0.261985,0.412577,0.778381,0.831167,0.939315
1548,6,24,10,1.2e+22,0.876712,0.0273861,10.2423,2.739,39.1847,1175.54,117.554,30,0.444732,0.288241,0.413183,0.799677,0.876304,1.09961
1549,6,24,11,1.2e+22,0.876712,0.0350141,7.5754,2.471,38.2312,1146.94,114.694,36,0.480898,0.321724,0.435755,0.829393,0.93957,0.965564
1550,6,24,12,1.2e+22,0.876712,0.0447667,5.8061,2.179,39.1897,1175.69,117.569,42,0.523722,0.362398,0.462816,0.815978,0.943457,0.907281
1551,6,24,13,1.2e+22,0.876712,0.0572357,4.6025,1.896,42.0548,1261.65,126.165,48,0.568334,0.407284,0.486545,0.789673,0.930431,0.835364
1552,6,24,14,1.2e+22,0.876712,0.0731778,3.7096,1.638,47.2164,1416.49,141.649,60,0.611847,0.45586,0.516649,0.750413,0.891072,0.69221
1553,6,24,15,1.2e+22,0.876712,0.0935603,3.0556,1.435,54.8793,1646.38,164.638,78,0.647247,0.503705,0.538721,0.703741,0.805013,0.60718
1554,6,24,16,1.2e+22,0.876712,0.11962,2.558,1.286,65.5375,1966.13,196.612,96,0.671,0.542484,0.554369,0.668347,0.692938,0.518446
1555,6,24,17,1.2e+22,0.876712,0.152938,2.1793,1.186,79.3495,2380.48,238.048,120,0.684945,0.570564,0.562983,0.80806,1.77558,0.66557
1556,6,24,18,1.2e+22,0.876712,0.195537,1.865,1.117,98.0406,2941.22,294.122,150,0.692232,0.586235,0.552855,0.670056,0.782967,0.426811
1557,6,24,19,1.2e+22,0.876712,0.25,1.6116,1.073,121.958,3658.74,365.874,186,0.696133,0.591244,0.510663,0.633355,-0.0208564,0.127618
1558,6,25,7,1.2e+22,1.30103,0.0131037,54.4965,3.215,84.908,2547.24,254.724,24,0.383028,0.228309,0.391771,0.733568,0.749701,0.870177
1559,6,25,8,1.2e+22,1.30103,0.0167535,38.0152,3.174,78.3286,2349.86,234.986,24,0.394655,0.243081,0.39097,0.761873,0.800152,0.932977
1560,6,25,9,1.2e+22,1.30103,0.02142,25.1402,3.038,70.0582,2101.75,210.175,30,0.415841,0.265499,0.428162,0.793046,0.849608,0.875087
1561,6,25,10,1.2e+22,1.30103,0.0273861,17.9341,2.865,63.6981,1910.94,191.094,30,0.439582,0.288908,0.430336,0.824677,0.904088,0.936127
1562,6,25,11,1.2e+22,1.30103,0.0350141,11.9969,2.588,57.7812,1733.44,173.344,36,0.477219,0.325259,0.452065,0.871325,0.994291,1.10773
1563,6,25,12,1.2e+22,1.30103,0.0447667,8.7391,2.315,55.2804,1658.41,165.841,42,0.515346,0.362154,0.469277,0.928647,1.12233,1.02494
1564,6,25,13,1.2e+22,1.30103,0.0572357,6.6115,2.039,55.4872,1664.62,166.462,48,0.556213,0.403244,0.485061,0.953215,1.22785,0.986919
1565,6,25,14,1.2e+22,1.30103,0.0731778,5.1455,1.778,58.5146,1755.44,175.544,60,0.596618,0.446287,0.508447,0.879073,1.1696,1.00931
1566,6,25,15,1.2e+22,1.30103,0.0935603,4.1413,1.56,64.3461,1930.38,193.038,78,0.631507,0.487508,0.53288,0.809699,1.09397,0.967944
1567,6,25,16,1.2e+22,1.30103,0.11962,3.3876,1.383,73.6449,2209.35,220.935,96,0.658863,0.525202,0.546009,0.764854,1.06415,1.02651
1568,6,25,17,1.2e+22,1.30103,0.152938,2.8196,1.253,86.8838,2606.52,260.652,120,0.677773,0.55708,0.556188,0.723048,1.01363,0.957423
1569,6,25,18,1.2e+22,1.30103,0.195537,2.3899,1.165,104.316,3129.48,312.948,150,0.688579,0.578504,0.560349,0.698083,0.995892,0.916997
1570,6,25,19,1.2e+22,1.30103,0.25,2.037,1.104,128.039,3841.17,384.117,186,0.694872,0.591363,0.549079,0.693743,1.20062,1.24304
1571,6,26,8,1.2e+22,1.9307,0.0167535,55.4993,3.178,121.605,3648.15,364.815,24,0.401869,0.252656,0.397855,0.779223,0.817228,0.971491
1572,6,26,9,1.2e+22,1.9307,0.02142,40.5918,3.063,113.669,3410.08,341.008,30,0.420661,0.272944,0.436278,0.811585,0.867971,0.831575
1573,6,26,10,1.2e+22,1.9307,0.0273861,30.7689,2.923,105.94,3178.2,317.82,30,0.440664,0.293088,0.438171,0.848304,0.938119,0.998114
1574,6,26,11,1.2e+22,1.9307,0.0350141,20.754,2.677,95.0303,2850.91,285.091,36,0.474039,0.325988,0.461544,0.801514,0.877304,0.857823
1575,6,26,12,1.2e+22,1.9307,0.0447667,14.0474,2.396,85.9089,2577.27,257.727,42,0.513327,0.3651,0.481895,0.809427,0.907312,0.876502
1576,6,26,13,1.2e+22,1.9307,0.0572357,10.2722,2.148,81.0453,2431.36,243.136,48,0.548423,0.400507,0.495245,0.806694,0.923388,0.908757
1577,6,26,14,1.2e+22,1.9307,0.0731778,7.5543,1.889,79.6008,2388.02,238.802,60,0.586829,0.441169,0.513969,0.798224,0.941456,0.935428
1578,6,26,15,1.2e+22,1.9307,0.0935603,5.8297,1.667,82.1782,2465.35,246.535,78,0.620021,0.478839,0.529001,0.769963,0.918435,0.787849
1579,6,26,16,1.2e+22,1.9307,0.11962,4.6521,1.483,88.6103,2658.31,265.831,96,0.647673,0.513347,0.544348,0.739641,0.883037,0.671982
1580,6,26,17,1.2e+22,1.9307,0.152938,3.7711,1.333,99.7396,2992.19,299.219,120,0.669181,0.543613,0.553277,0.699179,0.782081,0.613015
1581,6,26,18,1.2e+22,1.9307,0.195537,3.1253,1.223,115.794,3473.81,347.381,150,0.682963,0.566569,0.554371,0.680277,0.798854,0.865455
1582,6,26,19,1.2e+22,1.9307,0.25,2.6287,1.146,137.853,4135.58,413.558,186,0.691957,0.584069,0.556424,0.669864,0.786519,1.04618
1583,6,27,10,1.2e+22,2.86512,0.0273861,49.8518,2.947,170.117,5103.5,510.35,30,0.444118,0.298606,0.443946,0.794372,0.845686,0.865022
1584,6,27,11,1.2e+22,2.86512,0.0350141,35.713,2.733,157.703,4731.08,473.108,36,0.474046,0.328636,0.466748,0.814167,0.884044,0.579593
1585,6,27,12,1.2e+22,2.86512,0.0447667,24.4192,2.468,142.727,4281.81,428.181,42,0.511275,0.366319,0.486708,0.831748,0.940026,0.968552
1586,6,27,13,1.2e+22,2.86512,0.0572357,17.5712,2.236,130.721,3921.63,392.163,48,0.544512,0.400916,0.501666,0.834733,0.967274,1.00495
1587,6,27,14,1.2e+22,2.86512,0.0731778,11.841,1.959,119.769,3593.08,359.308,60,0.583598,0.441913,0.519461,0.833337,1.00449,1.09674
1588,6,27,15,1.2e+22,2.86512,0.0935603,8.7451,1.748,115.674,3470.23,347.023,78,0.613593,0.475105,0.53323,0.823476,1.03131,1.22855
1589,6,27,16,1.2e+22,2.86512,0.11962,6.6616,1.562,116.896,3506.88,350.688,96,0.640573,0.508148,0.545404,0.805901,1.05496,1.09064
1590,6,27,17,1.2e+22,2.86512,0.152938,5.2331,1.408,123.698,3710.95,371.095,120,0.661462,0.535213,0.552378,0.780712,1.06445,0.968094
1591,6,27,18,1.2e+22,2.86512,0.195537,4.2106,1.285,136.602,4098.07,409.807,150,0.677435,0.557723,0.557317,0.747315,1.04074,0.886479
1592,6,27,19,1.2e+22,2.86512,0.25,3.4806,1.195,155.571,4667.13,466.713,186,0.68773,0.57417,0.552658,0.729424,1.07508,1.00148
1593,6,28,11,1.2e+22,4.25179,0.0350141,53.9839,2.711,247.511,7425.34,525.3,36,0.484665,0.34319,0.47648,0.806784,0.878302,0.908167
1594,6,28,12,1.2e+22,4.25179,0.0447667,41.7503,2.519,234.866,7045.98,525.3,42,0.511322,0.37025,0.49379,0.816718,0.903835,0.772459
1595,6,28,13,1.2e+22,4.25179,0.0572357,28.9967,2.256,215.083,6452.5,525.3,48,0.548602,0.408819,0.508016,0.820537,0.929336,0.85984
1596,6,28,14,1.2e+22,4.25179,0.0731778,20.5891,2.028,196.69,5900.71,525.3,60,0.580836,0.443314,0.525574,0.812423,0.936499,0.893446
1597,6,28,15,1.2e+22,4.25179,0.0935603,14.0404,1.797,179.44,5383.22,525.3,78,0.613829,0.480007,0.539879,0.795897,0.957492,0.934226
1598,6,28,16,1.2e+22,4.25179,0.11962,10.4028,1.628,170.684,5120.52,512.052,96,0.636439,0.506031,0.547066,0.780329,0.959981,0.915012
1599,6,28,17,1.2e+22,4.25179,0.152938,7.7545,1.472,168.498,5054.94,505.494,120,0.656923,0.531821,0.555073,0.749341,0.922454,0.905544
1600,6,28,18,1.2e+22,4.25179,0.195537,5.9441,1.342,174.632,5238.96,523.896,150,0.672913,0.553191,0.561631,0.728003,0.906163,0.865939
1601,6,28,19,1.2e+22,4.25179,0.25,4.7348,1.242,188.976,5669.27,525.3,186,0.684572,0.571243,0.564341,0.708867,0.898322,0.81878
1602,6,29,13,1.2e+22,6.30957,0.0572357,47.2188,2.274,346.89,10406.7,525.3,48,0.55387,0.419231,0.517556,0.801032,0.897287,0.914904
1603,6,29,14,1.2e+22,6.30957,0.0731778,34.8248,2.06,324.83,9744.91,525.3,60,0.584267,0.452825,0.533262,0.798613,0.912609,0.860731
1604,6,29,15,1.2e+22,6.30957,0.0935603,24.3373,1.844,297.432,8922.97,525.3,78,0.614227,0.487029,0.550476,0.789106,0.922662,0.851804
1605,6,29,16,1.2e+22,6.30957,0.11962,17.6824,1.678,274.727,8241.81,525.3,90,0.635685,0.512023,0.558708,0.770979,0.910233,0.845922
1606,6,29,17,1.2e+22,6.30957,0.152938,12.1415,1.508,254.334,7630.03,525.3,120,0.65687,0.537532,0.568454,0.748836,0.892683,0.778199
1607,6,29,18,1.2e+22,6.30957,0.195537,9.0439,1.388,246.595,7397.85,525.3,144,0.670238,0.554529,0.573441,0.733807,0.881098,0.724625
1608,6,29,19,1.2e+22,6.30957,0.25,6.7997,1.282,249.84,7495.21,525.3,186,0.682152,0.57239,0.580985,0.715895,0.859243,0.667885
1609,6,30,14,1.2e+22,9.36329,0.0731778,53.421,2.043,512.27,15368.1,525.3,60,0.587982,0.455937,0.544407,0.779989,0.876799,0.883008
1610,6,30,15,1.2e+22,9.36329,0.0935603,42.4122,1.892,490.856,14725.7,525.3,72,0.610576,0.483073,0.554062,0.772733,0.879446,0.86043
1611,6,30,16,1.2e+22,9.36329,0.11962,29.4353,1.693,452.78,13583.4,525.3,90,0.6377,0.516216,0.566208,0.756303,0.873711,0.814645
1612,6,30,17,1.2e+22,9.36329,0.152938,20.802,1.542,416.26,12487.8,525.3,114,0.6562,0.539284,0.575769,0.74264,0.870435,0.805196
1613,6,30,18,1.2e+22,9.36329,0.195537,14.2852,1.407,382.817,11484.5,525.3,150,0.672172,0.561373,0.58587,0.725797,0.857932,0.734842
1614,6,30,19,1.2e+22,9.36329,0.25,10.6764,1.317,366.008,10980.2,525.3,180,0.681051,0.57323,0.589831,0.709963,0.828255,0.687226
1615,6,31,16,1.2e+22,13.895,0.11962,47.785,1.703,728.869,21866.1,525.3,90,0.634595,0.519565,0.606452,0.733831,0.823663,0.785791
1616,6,31,17,1.2e+22,13.895,0.152938,35.7143,1.567,688.845,20665.4,525.3,114,0.654222,0.548834,0.622048,0.725014,0.822713,0.814984
1617,6,31,18,1.2e+22,13.895,0.195537,24.9489,1.435,635.212,19056.4,525.3,144,0.671467,0.576563,0.635962,0.716363,0.828209,0.794162
1618,6,31,19,1.2e+22,13.895,0.25,18.2418,1.344,590.624,17718.7,525.3,174,0.68101,0.589638,0.642709,0.692571,0.763816,0.75906
1619,6,32,17,1.2e+22,20.6199,0.152938,54.0886,1.55,1083.07,32492.2,525.3,120,0.65184,0.537344,0.639485,0.699629,0.750682,0.812537
1620,6,32,18,1.2e+22,20.6199,0.195537,39.823,1.432,1028.51,30855.3,525.3,144,0.67017,0.571755,0.657322,0.701301,0.774508,0.808535
1621,6,32,19,1.2e+22,20.6199,0.25,31.7271,1.363,982.103,29463.1,525.3,174,0.679404,0.591009,0.675575,0.697612,0.776455,0.703449
1622,6,33,19,1.2e+22,30.5995,0.25,51.0822,1.366,1570.62,47118.6,525.3,174,0.672594,0.557168,0.676536,0.688704,0.735231,0.805128
1648,7,13,1,2.4e+22,0.0114062,0.003,2.0248,1.062,1.53388,46.0166,27,18,0.393909,-2.42675,-4.06134,0.352093,-2.3982,-4.03417
1649,7,13,2,2.4e+22,0.0114062,0.0038356,1.7113,1.062,1.88769,56.6307,27,18,0.42962,-1.94705,-3.23211,0.371442,-2.06636,-3.35836
1650,7,13,3,2.4e+22,0.0114062,0.00490394,1.4537,1.061,2.36058,70.817,27,18,0.46406,-1.50103,-2.53357,0.397735,-1.7233,-2.8446
1651,7,13,4,2.4e+22,0.0114062,0.00626986,1.2478,1.06,2.96788,89.0368,27,18,0.491214,-1.05011,-1.83866,0.418175,-1.41401,-2.32616
1652,7,13,5,2.4e+22,0.0114062,0.00801622,1.0829,1.058,3.72869,111.861,27,18,0.497164,-0.0944244,-0.446362,0.42592,-0.297364,-0.937268
1653,7,13,6,2.4e+22,0.0114062,0.010249,0.9415,1.056,4.733,141.99,27,18,0.510169,0.135832,0.118428,0.399305,-0.225572,-0.630623
1654,7,13,7,2.4e+22,0.0114062,0.0131037,0.825,1.052,5.98754,179.626,27,18,0.524154,0.255675,0.440979,0.414347,-0.247593,-0.366755
1658,7,14,1,2.4e+22,0.0169267,0.003,2.6586,1.092,1.65904,49.7715,27,18,0.3915,-1.34137,-2.92812,0.340986,-1.3877,-2.94269
1659,7,14,2,2.4e+22,0.0169267,0.0038356,2.2124,1.092,1.99819,59.9459,27,18,0.42992,-1.13617,-2.45165,0.370139,-1.26351,-2.63704
1660,7,14,3,2.4e+22,0.0169267,0.00490394,1.8566,1.091,2.45527,73.6586,27,18,0.464907,-0.91363,-1.99639,0.39235,-1.16768,-2.29023
1661,7,14,4,2.4e+22,0.0169267,0.00626986,1.5764,1.089,3.05104,91.5317,27,18,0.484082,-0.404969,-1.11469,0.415227,-0.579918,-1.5134
1662,7,14,5,2.4e+22,0.0169267,0.00801622,1.3517,1.086,3.82269,114.681,27,18,0.4933,-0.031694,-0.288926,0.417839,-0.258455,-0.667589
1663,7,14,6,2.4e+22,0.0169267,0.010249,1.167,1.082,4.82669,144.801,27,18,0.503998,0.112057,0.10662,0.400945,-0.0804827,-0.411354
1664,7,14,7,2.4e+22,0.0169267,0.0131037,1.014,1.076,6.11896,183.568,27,18,0.518768,0.186522,0.319352,0.419338,-0.0342972,-0.192056
1665,7,14,8,2.4e+22,0.0169267,0.0167535,0.8832,1.067,7.80985,234.295,27,18,0.527673,0.232709,0.400417,0.393705,-0.0975152,-0.174032
1666,7,14,9,2.4e+22,0.0169267,0.02142,0.7782,1.057,9.84069,295.221,29.5221,24,0.537464,0.291996,0.536847,0.422576,0.0565054,-0.225223
1669,7,15,1,2.4e+22,0.0251189,0.003,3.5608,1.137,1.89715,56.9147,27,18,0.393266,-0.654318,-1.80369,0.339524,-0.713056,-1.88237
1670,7,15,2,2.4e+22,0.0251189,0.0038356,2.9187,1.136,2.19938,65.9811,27,18,0.430697,-0.601678,-1.63708,0.365614,-0.721599,-1.79627
1671,7,15,3,2.4e+22,0.0251189,0.00490394,2.4149,1.134,2.62338,78.7017,27,18,0.464547,-0.523954,-1.43371,0.402651,-0.584051,-1.58513
1672,7,15,4,2.4e+22,0.0251189,0.00626986,2.0179,1.132,3.20296,96.0884,27,18,0.472399,-0.158328,-0.601008,0.403733,-0.287304,-0.87123
1673,7,15,5,2.4e+22,0.0251189,0.00801622,1.7141,1.128,3.94577,118.374,27,18,0.485135,0.00627046,-0.163853,0.418111,-0.102998,-0.399974
1674,7,15,6,2.4e+22,0.0251189,0.010249,1.4652,1.122,4.93654,148.096,27,18,0.493927,0.103156,0.113432,0.398608,-0.0116099,-0.251035
1675,7,15,7,2.4e+22,0.0251189,0.0131037,1.2625,1.113,6.22542,186.763,27,18,0.509008,0.149382,0.245799,0.412476,-0.0272741,-0.0441377
1676,7,15,8,2.4e+22,0.0251189,0.0167535,1.1015,1.1,7.81077,234.324,27,18,0.51861,0.187864,0.314879,0.397716,0.0411202,-0.0318081
1677,7,15,9,2.4e+22,0.0251189,0.02142,0.9621,1.084,9.88988,296.696,29.6697,24,0.530641,0.231466,0.400366,0.418676,0.0138164,-0.0881542
1678,7,15,10,2.4e+22,0.0251189,0.0273861,0.8433,1.066,12.5503,376.509,37.6509,24,0.540411,0.308693,0.568265,0.397829,-0.0620824,-0.123214
1682,7,16,1,2.4e+22,0.0372759,0.003,4.9285,1.201,2.33227,69.9678,27,18,0.400863,-0.266438,-0.907778,0.354444,-0.288338,-1.02805
1683,7,16,2,2.4e+22,0.0372759,0.0038356,3.9429,1.2,2.57327,77.1978,27,18,0.433893,-0.279844,-0.938707,0.372454,-0.350032,-1.04614
1684,7,16,3,2.4e+22,0.0372759,0.00490394,3.2161,1.198,2.93235,87.9707,27,18,0.46415,-0.261753,-0.878531,0.403881,-0.31486,-1.02667
1685,7,16,4,2.4e+22,0.0372759,0.00626986,2.6418,1.194,3.46146,103.844,27,18,0.458257,-0.040788,-0.275479,0.396309,-0.105335,-0.423847
1686,7,16,5,2.4e+22,0.0372759,0.00801622,2.2069,1.188,4.173,125.19,27,18,0.473801,0.0334587,-0.0569273,0.41267,-0.0243978,-0.211007
1687,7,16,6,2.4e+22,0.0372759,0.010249,1.8619,1.179,5.13596,154.079,27,18,0.479925,0.099074,0.129779,0.38864,-0.00332142,-0.132561
1688,7,16,7,2.4e+22,0.0372759,0.0131037,1.5914,1.166,6.38138,191.441,27,18,0.496175,0.13511,0.219663,0.408934,0.0360902,-0.0326052
1689,7,16,8,2.4e+22,0.0372759,0.0167535,1.3705,1.147,8.01062,240.318,27,18,0.50662,0.165206,0.26969,0.39263,0.055323,0.00203835
1690,7,16,9,2.4e+22,0.0372759,0.02142,1.1909,1.124,10.0771,302.313,30.2313,24,0.519934,0.202925,0.350859,0.409084,0.0160653,0.143494
1691,7,16,10,2.4e+22,0.0372759,0.0273861,1.0386,1.096,12.7532,382.597,38.2597,24,0.533018,0.259378,0.4344,0.400111,0.0156993,0.0975508
1692,7,16,11,2.4e+22,0.0372759,0.0350141,0.9065,1.068,16.268,488.04,48.804,30,0.545309,0.356352,0.639046,0.424443,-0.0427403,-0.0523195
1697,7,17,1,2.4e+22,0.0553168,0.003,7.2001,1.295,3.1375,94.1252,27,18,0.399164,-0.0548444,-0.272485,0.349418,-0.0836979,-0.340619
1698,7,17,2,2.4e+22,0.0553168,0.0038356,5.5763,1.293,3.25031,97.5093,27,18,0.41805,-0.0469255,-0.260599,0.364145,-0.0890041,-0.353677
1699,7,17,3,2.4e+22,0.0553168,0.00490394,4.3941,1.289,3.51519,105.456,27,18,0.431346,-0.0160035,-0.175265,0.376852,-0.0595157,-0.278134
1700,7,17,4,2.4e+22,0.0553168,0.00626986,3.5413,1.284,3.94869,118.46,27,18,0.443821,0.0210562,-0.0672079,0.382921,-0.0498222,-0.204701
1701,7,17,5,2.4e+22,0.0553168,0.00801622,2.9012,1.275,4.58835,137.65,27,18,0.447565,0.0684455,0.0671172,0.361258,-0.00761913,-0.106048
1702,7,17,6,2.4e+22,0.0553168,0.010249,2.4118,1.262,5.48073,164.422,27,18,0.461634,0.0956001,0.142812,0.372426,0.000270652,-0.0183679
1703,7,17,7,2.4e+22,0.0553168,0.0131037,2.0272,1.242,6.702,201.06,27,18,0.478401,0.123831,0.20307,0.388242,-0.00315824,0.0251131
1704,7,17,8,2.4e+22,0.0553168,0.0167535,1.733,1.216,8.258,247.74,27,18,0.489615,0.152139,0.241971,0.38203,0.0579249,0.00186609
1705,7,17,9,2.4e+22,0.0553168,0.02142,1.4884,1.18,10.3404,310.212,31.0212,24,0.505443,0.18679,0.317912,0.404364,0.0601495,-0.000772874
1706,7,17,10,2.4e+22,0.0553168,0.0273861,1.2871,1.14,13.0467,391.402,39.1402,24,0.523266,0.237655,0.381896,0.396167,0.0172299,-0.0283307
1707,7,17,11,2.4e+22,0.0553168,0.0350141,1.1241,1.101,16.4085,492.255,49.2255,30,0.538538,0.304104,0.49316,0.417502,-0.0069066,0.0439272
1708,7,17,12,2.4e+22,0.0553168,0.0447667,0.9847,1.068,20.7274,621.823,62.1823,36,0.54947,0.404942,0.655648,0.448596,0.0542998,0.254339
1713,7,18,1,2.4e+22,0.0820891,0.003,11.4642,1.423,4.68573,140.572,27,18,0.383918,0.0390573,0.0370463,0.32143,0.00422113,-0.0579455
1714,7,18,2,2.4e+22,0.0820891,0.0038356,8.388,1.421,4.53288,135.986,27,18,0.399665,0.0419436,0.0332217,0.327916,-0.00864249,-0.0700457
1715,7,18,3,2.4e+22,0.0820891,0.00490394,6.2554,1.417,4.58862,137.659,27,18,0.410552,0.0516873,0.0511726,0.339764,0.0125296,-0.0620381
1716,7,18,4,2.4e+22,0.0820891,0.00626986,4.8964,1.409,4.85508,145.653,27,18,0.417602,0.0659247,0.0845171,0.338316,-0.00230804,-0.0481008
1717,7,18,5,2.4e+22,0.0820891,0.00801622,3.9112,1.397,5.35919,160.776,27,18,0.426626,0.0804606,0.120529,0.342676,-0.00988836,-0.0372675
1718,7,18,6,2.4e+22,0.0820891,0.010249,3.2003,1.379,6.11615,183.485,27,18,0.439498,0.0977522,0.160042,0.355253,0.00381436,0.0219384
1719,7,18,7,2.4e+22,0.0820891,0.0131037,2.6426,1.351,7.23485,217.046,27,18,0.448907,0.124296,0.201408,0.338851,0.012507,0.038279
1720,7,18,8,2.4e+22,0.0820891,0.0167535,2.2206,1.312,8.73823,262.147,27,18,0.467464,0.144124,0.22449,0.3624,0.0223367,0.0537277
1721,7,18,9,2.4e+22,0.0820891,0.02142,1.883,1.261,10.7768,323.303,32.3303,24,0.487611,0.181102,0.311576,0.380905,0.0199266,0.110643
1722,7,18,10,2.4e+22,0.0820891,0.0273861,1.6191,1.204,13.3713,401.14,40.114,24,0.509023,0.224546,0.3547,0.387246,0.048253,-0.0727473
1723,7,18,11,2.4e+22,0.0820891,0.0350141,1.3966,1.146,16.8347,505.041,50.5041,30,0.529457,0.279877,0.430344,0.416642,0.0335032,-0.042861
1724,7,18,12,2.4e+22,0.0820891,0.0447667,1.2192,1.099,21.0925,632.774,63.2774,36,0.543926,0.347535,0.497555,0.44467,0.0947379,0.177083
1725,7,18,13,2.4e+22,0.0820891,0.0572357,1.0666,1.064,26.6054,798.163,79.8163,42,0.55311,0.456747,0.663696,0.462908,-0.125844,-0.321706
1731,7,19,1,2.4e+22,0.121819,0.003,19.6447,1.576,7.64073,229.221,27,18,0.371288,0.071594,0.130417,0.292152,0.00793287,0.0396974
1732,7,19,2,2.4e+22,0.121819,0.0038356,13.4028,1.582,6.98312,209.494,27,18,0.384837,0.0763381,0.133985,0.316032,0.00649394,0.0337833
1733,7,19,3,2.4e+22,0.121819,0.00490394,9.6966,1.582,6.61573,198.472,27,18,0.393864,0.0774144,0.133417,0.324437,0.0100012,0.0436577
1734,7,19,4,2.4e+22,0.121819,0.00626986,7.1765,1.574,6.53073,195.922,27,18,0.399312,0.0832243,0.142214,0.324487,0.00664686,0.0343988
1735,7,19,5,2.4e+22,0.121819,0.00801622,5.5342,1.559,6.75412,202.623,27,18,0.404306,0.0935551,0.158735,0.32639,0.0104843,0.049995
1736,7,19,6,2.4e+22,0.121819,0.010249,4.3598,1.533,7.31708,219.513,27,18,0.410348,0.10844,0.180328,0.30701,0.0109053,0.0460595
1737,7,19,7,2.4e+22,0.121819,0.0131037,3.5312,1.495,8.23531,247.06,27,18,0.423944,0.121548,0.198579,0.319383,0.0150975,0.0591723
1738,7,19,8,2.4e+22,0.121819,0.0167535,2.908,1.441,9.59596,287.878,28.7879,18,0.442307,0.145892,0.226192,0.340819,0.0218369,0.0309126
1739,7,19,9,2.4e+22,0.121819,0.02142,2.4321,1.371,11.4837,344.51,34.451,24,0.464911,0.178312,0.300108,0.33009,-0.0100501,-0.0554108
1740,7,19,10,2.4e+22,0.121819,0.0273861,2.0557,1.29,14.0569,421.708,42.1708,24,0.491995,0.222122,0.340742,0.369185,0.0224622,0.00216809
1741,7,19,11,2.4e+22,0.121819,0.0350141,1.765,1.211,17.3237,519.71,51.971,30,0.516505,0.269065,0.40626,0.398739,0.0156348,0.06524
1742,7,19,12,2.4e+22,0.121819,0.0447667,1.5192,1.142,21.7212,651.636,65.1636,36,0.536902,0.326358,0.447306,0.434265,0.0329215,0.0765427
1743,7,19,13,2.4e+22,0.121819,0.0572357,1.3211,1.093,27.239,817.17,81.717,42,0.549959,0.396594,0.503957,0.459856,0.0565551,0.237507
1744,7,19,14,2.4e+22,0.121819,0.0731778,1.1495,1.059,34.5342,1036.02,103.602,54,0.556603,0.508031,0.702634,0.473169,-0.19124,-0.49963
1750,7,20,1,2.4e+22,0.180777,0.003,33.8852,1.709,12.6839,380.517,38.0517,18,0.365192,0.0983196,0.188407,0.774669,1.07165,3.34457
1751,7,20,2,2.4e+22,0.180777,0.0038356,22.4851,1.737,11.4589,343.767,34.3767,18,0.375861,0.104166,0.192282,1.72656,3.22241,2.03733
1752,7,20,3,2.4e+22,0.180777,0.00490394,16.3448,1.751,10.5546,316.638,31.6638,18,0.379229,0.106044,0.190891,4.75367,10.1445,0.408737
1753,7,20,4,2.4e+22,0.180777,0.00626986,11.3983,1.755,9.75992,292.798,29.2798,18,0.381058,0.108244,0.189612,0.292009,0.0101188,0.0353234
1754,7,20,5,2.4e+22,0.180777,0.00801622,8.2205,1.744,9.40377,282.113,28.2113,18,0.383753,0.110069,0.187658,0.292608,0.0176463,0.0655429
1755,7,20,6,2.4e+22,0.180777,0.010249,6.21,1.715,9.52392,285.717,28.5718,18,0.389886,0.11825,0.195522,0.299169,0.0198631,0.0104319
1756,7,20,7,2.4e+22,0.180777,0.0131037,4.865,1.667,10.1053,303.161,30.316,18,0.401293,0.133994,0.215665,0.302657,0.0190936,0.0627726
1757,7,20,8,2.4e+22,0.180777,0.0167535,3.9044,1.597,11.1924,335.772,33.5772,18,0.418911,0.154243,0.236779,5.0688,12.8671,0.401009
1758,7,20,9,2.4e+22,0.180777,0.02142,3.2148,1.509,12.8054,384.163,38.4163,24,0.442681,0.181804,0.304764,1.8626,4.71104,2.00337
1759,7,20,10,2.4e+22,0.180777,0.0273861,2.6722,1.403,15.1679,455.036,45.5037,24,0.471857,0.218861,0.329398,1.03608,2.53545,1.51912
1760,7,20,11,2.4e+22,0.180777,0.0350141,2.2542,1.296,18.3636,550.907,55.0907,30,0.502775,0.266736,0.390911,0.71924,1.60581,0.999456
1761,7,20,12,2.4e+22,0.180777,0.0447667,1.9163,1.202,22.6986,680.957,68.0957,36,0.528603,0.322474,0.431437,0.909146,3.36174,1.37506
1762,7,20,13,2.4e+22,0.180777,0.0572357,1.6546,1.134,28.1033,843.098,84.3098,48,0.545295,0.375787,0.470435,0.451638,0.104104,0.232753
1763,7,20,14,2.4e+22,0.180777,0.0731778,1.4336,1.086,35.2137,1056.41,105.641,54,0.553829,0.426491,0.500609,0.473673,0.153407,0.59552
1764,7,20,15,2.4e+22,0.180777,0.0935603,1.2492,1.054,44.3012,1329.04,132.904,72,0.5584,0.530436,0.678889,0.491749,0.378196,0.765782
1769,7,21,1,2.4e+22,0.26827,0.003,55.2385,1.784,20.2361,607.083,60.7083,18,0.367326,0.118526,0.219221,0.601171,0.66427,1.1858
1770,7,21,2,2.4e+22,0.26827,0.0038356,39.1393,1.825,18.987,569.61,56.961,18,0.376675,0.127593,0.227621,0.667217,0.807101,0.482407
1771,7,21,3,2.4e+22,0.26827,0.00490394,28.1023,1.86,17.5427,526.282,52.6282,18,0.379092,0.132628,0.230833,0.802602,1.11498,1.60912
1772,7,21,4,2.4e+22,0.26827,0.00626986,19.6227,1.888,15.9492,478.477,47.8477,18,0.378328,0.136312,0.233005,1.365,2.30848,0.901417
1773,7,21,5,2.4e+22,0.26827,0.00801622,13.3112,1.899,14.4891,434.673,43.4673,18,0.377599,0.139594,0.233537,0.591473,0.68364,2.82076
1774,7,21,6,2.4e+22,0.26827,0.010249,9.6556,1.883,13.7129,411.388,41.1388,18,0.379972,0.144514,0.235079,0.655451,0.84015,1.88174
1775,7,21,7,2.4e+22,0.26827,0.0131037,7.1346,1.837,13.5518,406.553,40.6553,24,0.3885,0.154224,0.284834,0.722046,1.00878,0.849237
1776,7,21,8,2.4e+22,0.26827,0.0167535,5.5096,1.762,14.0668,422.004,42.2004,24,0.403575,0.169678,0.295593,0.660765,0.900134,1.02487
1777,7,21,9,2.4e+22,0.26827,0.02142,4.3638,1.656,15.3,458.999,45.8999,24,0.425965,0.191983,0.30851,0.613034,0.814446,1.52751
1778,7,21,10,2.4e+22,0.26827,0.0273861,3.5519,1.531,17.286,518.581,51.8581,24,0.455262,0.224421,0.321399,0.574405,0.754932,2.59755
1779,7,21,11,2.4e+22,0.26827,0.0350141,2.9482,1.402,20.145,604.351,60.4351,30,0.486729,0.26491,0.374585,1.29369,3.42774,1.97751
1780,7,21,12,2.4e+22,0.26827,0.0447667,2.4753,1.284,24.1466,724.397,72.4397,36,0.516419,0.315123,0.411331,0.897133,2.48963,1.93893
1781,7,21,13,2.4e+22,0.26827,0.0572357,2.1054,1.191,29.4493,883.48,88.348,48,0.53886,0.36821,0.456573,1.63038,8.76458,1.55352
1782,7,21,14,2.4e+22,0.26827,0.0731778,1.8067,1.124,36.4109,1092.33,109.233,60,0.551198,0.412362,0.478946,0.467636,0.134081,0.0123714
1783,7,21,15,2.4e+22,0.26827,0.0935603,1.5597,1.078,45.5147,1365.44,136.544,72,0.557556,0.456341,0.506713,0.479672,-0.0817969,-0.267905
1788,7,22,2,2.4e+22,0.398107,0.0038356,58.9916,1.877,29.633,888.991,88.8991,18,0.381234,0.142135,0.250659,0.711457,0.875121,0.895927
1789,7,22,3,2.4e+22,0.398107,0.00490394,49.8561,1.901,28.8122,864.365,86.4366,18,0.382914,0.146177,0.253031,0.772438,1.00925,0.857855
1790,7,22,4,2.4e+22,0.398107,0.00626986,33.9003,1.949,26.5158,795.474,79.5474,18,0.382955,0.153348,0.255061,0.560927,0.571312,0.726533
1791,7,22,5,2.4e+22,0.398107,0.00801622,22.2346,1.981,23.7508,712.525,71.2525,24,0.381577,0.160249,0.296269,0.595021,0.654447,0.701531
1792,7,22,6,2.4e+22,0.398107,0.010249,16.1061,1.984,21.8152,654.455,65.4455,24,0.382541,0.166417,0.29871,0.623538,0.716906,0.864439
1793,7,22,7,2.4e+22,0.398107,0.0131037,11.1798,1.955,20.1727,605.182,60.5182,24,0.388032,0.175411,0.30003,0.64503,0.785891,1.1195
1794,7,22,8,2.4e+22,0.398107,0.0167535,8.1891,1.889,19.5352,586.057,58.6057,24,0.39997,0.188964,0.30418,0.691115,0.894837,1.11544
1795,7,22,9,2.4e+22,0.398107,0.02142,6.1994,1.784,19.873,596.189,59.6189,24,0.419265,0.208871,0.311403,0.698057,0.954129,1.43255
1796,7,22,10,2.4e+22,0.398107,0.0273861,4.885,1.655,21.1753,635.258,63.5258,30,0.444552,0.234969,0.359057,0.659595,0.915703,0.857724
1797,7,22,11,2.4e+22,0.398107,0.0350141,3.949,1.513,23.5071,705.212,70.5212,30,0.474724,0.270076,0.36465,0.62012,0.857985,1.0943
1798,7,22,12,2.4e+22,0.398107,0.0447667,3.2606,1.379,26.9862,809.585,80.9585,36,0.50464,0.312379,0.393951,0.616911,0.934264,0.9452
1799,7,22,13,2.4e+22,0.398107,0.0572357,2.726,1.263,31.9378,958.135,95.8135,48,0.529844,0.359478,0.436348,0.591582,0.981242,1.2807
1800,7,22,14,2.4e+22,0.398107,0.0731778,2.3015,1.173,38.7547,1162.64,116.264,60,0.546914,0.403155,0.461688,0.671605,1.83113,2.47999
1801,7,22,15,2.4e+22,0.398107,0.0935603,1.9692,1.112,47.58,1427.4,142.74,72,0.556044,0.443649,0.487869,0.47729,0.146617,0.209781
1802,7,22,16,2.4e+22,0.398107,0.11962,1.7019,1.072,58.846,1765.38,176.538,90,0.560109,0.475774,0.514084,0.490072,0.0965987,0.476793
1806,7,23,4,2.4e+22,0.590784,0.00626986,54.9849,1.979,42.2926,1268.78,126.878,24,0.386188,0.161019,0.310878,0.597586,0.642833,0.843942
1807,7,23,5,2.4e+22,0.590784,0.00801622,38.561,2.017,39.3708,1181.12,118.112,24,0.385389,0.168769,0.312113,0.617253,0.680917,0.847254
1808,7,23,6,2.4e+22,0.590784,0.010249,27.3462,2.033,36.1433,1084.3,108.43,24,0.386483,0.177246,0.312438,0.647731,0.743585,0.664665
1809,7,23,7,2.4e+22,0.590784,0.0131037,19.4332,2.021,32.9852,989.556,98.9556,24,0.391111,0.187996,0.314371,0.678634,0.815686,0.985327
1810,7,23,8,2.4e+22,0.590784,0.0167535,13.2043,1.968,30.0297,900.891,90.0891,24,0.401957,0.203442,0.315484,0.721526,0.924202,0.947416
1811,7,23,9,2.4e+22,0.590784,0.02142,9.5723,1.881,28.5283,855.849,85.5849,30,0.41754,0.221397,0.348689,0.752027,1.01181,0.837232
1812,7,23,10,2.4e+22,0.590784,0.0273861,7.1413,1.759,28.3549,850.647,85.0647,30,0.440218,0.246763,0.354494,0.814744,1.21918,0.91348
1813,7,23,11,2.4e+22,0.590784,0.0350141,5.5497,1.619,29.5639,886.918,88.6918,36,0.466978,0.277821,0.382859,0.773912,1.20962,0.81171
1814,7,23,12,2.4e+22,0.590784,0.0447667,4.4301,1.474,32.2214,966.643,96.6643,42,0.495472,0.314078,0.405527,0.712095,1.16134,0.982146
1815,7,23,13,2.4e+22,0.590784,0.0572357,3.6087,1.341,36.5457,1096.37,109.637,48,0.521218,0.35314,0.419921,0.683487,1.24824,1.45447
1816,7,23,14,2.4e+22,0.590784,0.0731778,3.0111,1.237,42.5473,1276.42,127.642,60,0.540092,0.389978,0.436688,0.683355,1.49664,1.35566
1817,7,23,15,2.4e+22,0.590784,0.0935603,2.5333,1.157,50.9917,1529.75,152.975,72,0.553485,0.431055,0.464771,0.571251,1.03373,1.27105
1818,7,23,16,2.4e+22,0.590784,0.11962,2.1635,1.102,61.9224,1857.67,185.767,90,0.559847,0.462469,0.495346,0.488964,0.16442,-0.148214
1819,7,23,17,2.4e+22,0.590784,0.152938,1.8561,1.064,76.566,2296.98,229.698,108,0.562149,0.489888,0.530804,0.503738,0.309148,-0.188536
1822,7,24,5,2.4e+22,0.876712,0.00801622,58.6746,2.042,61.5763,1847.29,184.729,24,0.388594,0.175274,0.323274,0.665325,0.763572,1.13779
1823,7,24,6,2.4e+22,0.876712,0.010249,48.9036,2.054,59.6079,1788.24,178.824,24,0.388956,0.179953,0.323949,0.677709,0.787699,1.11007
1824,7,24,7,2.4e+22,0.876712,0.0131037,33.1417,2.053,54.6757,1640.27,164.027,24,0.393526,0.192442,0.325613,0.706584,0.860857,1.14753
1825,7,24,8,2.4e+22,0.876712,0.0167535,22.4866,2.012,49.4429,1483.29,148.329,24,0.40394,0.209232,0.329499,0.862186,1.18063,0.930152
1826,7,24,9,2.4e+22,0.876712,0.02142,15.9556,1.941,45.2782,1358.35,135.835,30,0.418337,0.228424,0.36089,0.628105,0.716174,0.702859
1827,7,24,10,2.4e+22,0.876712,0.0273861,11.1685,1.827,42.136,1264.08,126.408,30,0.43934,0.253669,0.362209,0.62861,0.747297,0.77867
1828,7,24,11,2.4e+22,0.876712,0.0350141,8.2154,1.695,41.0341,1231.02,123.102,36,0.463882,0.283189,0.380114,0.633627,0.784505,0.668375
1829,7,24,12,2.4e+22,0.876712,0.0447667,6.2638,1.552,41.9423,1258.27,125.827,42,0.490226,0.317065,0.399738,0.623526,0.801976,0.635098
1830,7,24,13,2.4e+22,0.876712,0.0572357,4.9762,1.42,44.7673,1343.02,134.302,48,0.513887,0.35033,0.413927,0.59289,0.789573,0.752982
1831,7,24,14,2.4e+22,0.876712,0.0731778,4.0471,1.305,49.6637,1489.91,148.991,60,0.533993,0.382892,0.429578,0.567532,0.755608,0.882775
1832,7,24,15,2.4e+22,0.876712,0.0935603,3.3315,1.209,57.2294,1716.88,171.688,72,0.548934,0.415853,0.438872,0.564154,0.859311,1.18743
1833,7,24,16,2.4e+22,0.876712,0.11962,2.7942,1.139,67.5892,2027.68,202.768,90,0.55803,0.445889,0.459182,0.608372,1.53433,1.18919
1834,7,24,17,2.4e+22,0.876712,0.152938,2.3721,1.091,81.4553,2443.66,244.366,108,0.562465,0.470721,0.487702,0.490792,0.18456,0.675004
1835,7,24,18,2.4e+22,0.876712,0.195537,2.0274,1.057,100.011,3000.34,300.034,132,0.564204,0.504719,0.55344,0.504432,0.380692,1.51632
1837,7,25,7,2.4e+22,1.30103,0.0131037,57.6196,2.073,88.3898,2651.7,265.17,24,0.394806,0.19261,0.330704,0.647109,0.728337,0.819579
1838,7,25,8,2.4e+22,1.30103,0.0167535,37.6234,2.035,81.2325,2436.98,243.698,24,0.405806,0.211258,0.33395,0.663878,0.766246,0.829551
1839,7,25,9,2.4e+22,1.30103,0.02142,26.8125,1.97,74.7743,2243.23,224.323,30,0.419884,0.230205,0.366302,0.675361,0.799337,0.895561
1840,7,25,10,2.4e+22,1.30103,0.0273861,19.3912,1.881,68.7776,2063.33,206.333,30,0.437046,0.252311,0.371349,0.675608,0.831053,0.958787
1841,7,25,11,2.4e+22,1.30103,0.0350141,13.258,1.749,63.0239,1890.72,189.072,36,0.461886,0.283585,0.390749,0.678891,0.868756,0.915937
1842,7,25,12,2.4e+22,1.30103,0.0447667,9.7661,1.623,60.2668,1808,180.801,42,0.484509,0.312456,0.402588,0.681711,0.917382,0.885205
1843,7,25,13,2.4e+22,1.30103,0.0572357,7.3395,1.491,60.0555,1801.67,180.167,48,0.508401,0.346189,0.414709,0.680378,1.01759,0.917645
1844,7,25,14,2.4e+22,1.30103,0.0731778,5.6666,1.366,62.8051,1884.15,188.415,60,0.529065,0.378826,0.427105,0.648297,1.01655,0.808068
1845,7,25,15,2.4e+22,1.30103,0.0935603,4.5549,1.265,68.3491,2050.47,205.047,72,0.544683,0.40732,0.435722,0.618327,1.02486,0.614763
1846,7,25,16,2.4e+22,1.30103,0.11962,3.7232,1.184,77.3057,2319.17,231.917,90,0.555624,0.432999,0.441082,0.620302,1.26984,0.59942
1847,7,25,17,2.4e+22,1.30103,0.152938,3.0901,1.122,90.3061,2709.18,270.918,114,0.561801,0.452933,0.442306,0.531391,0.640442,0.312975
1848,7,25,18,2.4e+22,1.30103,0.195537,2.6095,1.08,107.65,3229.49,322.949,132,0.564617,0.474551,0.475473,0.49447,-0.0772391,-0.252818
1849,7,25,19,2.4e+22,1.30103,0.25,2.2276,1.052,130.531,3915.93,391.593,150,0.566372,0.518835,0.5804,0.504455,-0.294645,-0.90752
1850,7,26,8,2.4e+22,1.9307,0.0167535,58.2099,2.043,127.615,3828.44,382.844,24,0.408752,0.213556,0.336099,0.688597,0.814141,0.921415
1851,7,26,9,2.4e+22,1.9307,0.02142,48.0263,2.006,123.412,3702.37,370.237,30,0.416939,0.224601,0.367173,0.690864,0.824747,0.88586
1852,7,26,10,2.4e+22,1.9307,0.0273861,32.9197,1.906,113.819,3414.56,341.456,30,0.437359,0.250605,0.371741,0.706805,0.876718,1.02614
1853,7,26,11,2.4e+22,1.9307,0.0350141,22.2703,1.778,103.332,3099.95,309.995,36,0.461761,0.281413,0.392584,0.725406,0.95174,1.23157
1854,7,26,12,2.4e+22,1.9307,0.0447667,16.1883,1.664,95.6489,2869.47,286.947,42,0.483111,0.309797,0.408883,0.742697,1.0639,1.22711
1855,7,26,13,2.4e+22,1.9307,0.0572357,11.5201,1.535,89.6546,2689.64,268.964,48,0.506177,0.34188,0.418246,0.767041,1.22149,0.94693
1856,7,26,14,2.4e+22,1.9307,0.0731778,8.4465,1.413,87.4714,2624.14,262.414,60,0.526269,0.372955,0.427541,0.601092,0.765454,0.571372
1857,7,26,15,2.4e+22,1.9307,0.0935603,6.5143,1.312,89.3213,2679.64,267.964,72,0.541857,0.401671,0.437668,0.579062,0.729896,0.501742
1858,7,26,16,2.4e+22,1.9307,0.11962,5.129,1.225,95.438,2863.14,286.314,90,0.553811,0.427523,0.44232,0.55981,0.757574,0.671947
1859,7,26,17,2.4e+22,1.9307,0.152938,4.1672,1.158,105.785,3173.56,317.356,108,0.560934,0.443997,0.437457,0.546884,0.754247,0.722059
1860,7,26,18,2.4e+22,1.9307,0.195537,3.4478,1.108,121.142,3634.25,363.425,132,0.565018,0.4562,0.432956,0.603467,1.72725,0.435621
1861,7,26,19,2.4e+22,1.9307,0.25,2.8855,1.071,142.882,4286.45,428.645,156,0.567122,0.472715,0.451233,0.511071,0.290808,-0.262058
1862,7,27,10,2.4e+22,2.86512,0.0273861,58.9453,1.951,184.729,5541.88,525.3,30,0.431905,0.241759,0.371318,0.806402,1.07474,1.06222
1863,7,27,11,2.4e+22,2.86512,0.0350141,37.8602,1.802,170.326,5109.77,510.977,36,0.460846,0.276736,0.389994,0.682788,0.844883,0.815397
1864,7,27,12,2.4e+22,2.86512,0.0447667,27.4842,1.687,158.284,4748.53,474.853,42,0.482687,0.304709,0.405269,0.67904,0.867029,0.840514
1865,7,27,13,2.4e+22,2.86512,0.0572357,19.6648,1.57,145.937,4378.11,437.811,48,0.504417,0.335534,0.418652,0.668179,0.879545,0.862347
1866,7,27,14,2.4e+22,2.86512,0.0731778,13.5324,1.444,134.622,4038.66,403.866,60,0.526152,0.369068,0.430801,0.651409,0.928207,0.997837
1867,7,27,15,2.4e+22,2.86512,0.0935603,9.9578,1.346,129.157,3874.7,387.47,72,0.541092,0.394928,0.434463,0.636098,0.952754,0.857469
1868,7,27,16,2.4e+22,2.86512,0.11962,7.5053,1.26,128.995,3869.84,386.984,90,0.553296,0.421106,0.441598,0.608055,0.927697,0.662008
1869,7,27,17,2.4e+22,2.86512,0.152938,5.8472,1.189,134.668,4040.05,404.005,108,0.561045,0.441851,0.445267,0.591645,0.950366,0.523949
1870,7,27,18,2.4e+22,2.86512,0.195537,4.6941,1.134,146.319,4389.58,438.958,132,0.565763,0.453208,0.437336,0.588854,1.21186,0.671552
1871,7,27,19,2.4e+22,2.86512,0.25,3.8314,1.092,165.186,4955.59,495.559,162,0.568153,0.456958,0.416287,0.533099,0.781507,0.922116
1872,7,28,11,2.4e+22,4.25179,0.0350141,58.344,1.799,267.355,8020.66,525.3,36,0.465011,0.282109,0.398705,0.703247,0.882032,0.943785
1873,7,28,12,2.4e+22,4.25179,0.0447667,48.7317,1.729,259.883,7796.5,525.3,42,0.479011,0.300141,0.413153,0.700793,0.895801,0.932446
1874,7,28,13,2.4e+22,4.25179,0.0572357,33.9044,1.594,242.072,7262.17,525.3,48,0.503905,0.33288,0.423532,0.693761,0.952174,1.03203
1875,7,28,14,2.4e+22,4.25179,0.0731778,22.8047,1.463,220.947,6628.41,525.3,60,0.526577,0.365982,0.435902,0.683141,0.995842,1.15493
1876,7,28,15,2.4e+22,4.25179,0.0935603,16.8327,1.376,206.106,6183.18,525.3,72,0.541036,0.390975,0.442581,0.666905,1.0129,1.18694
1877,7,28,16,2.4e+22,4.25179,0.11962,11.8678,1.285,193.394,5801.83,525.3,90,0.553829,0.415794,0.442168,0.659701,1.14253,1.14791
1878,7,28,17,2.4e+22,4.25179,0.152938,8.7397,1.214,188.88,5666.39,525.3,108,0.562047,0.435887,0.440082,0.704818,1.65503,0.803033
1879,7,28,18,2.4e+22,4.25179,0.195537,6.7137,1.157,192.701,5781.02,525.3,132,0.567345,0.454379,0.449007,0.552373,0.723079,0.520222
1880,7,28,19,2.4e+22,4.25179,0.25,5.3285,1.113,204.795,6143.85,525.3,162,0.569853,0.463061,0.445186,0.543723,0.735083,0.516276
1881,7,29,13,2.4e+22,6.30957,0.0572357,55.2633,1.608,386.076,11582.3,525.3,48,0.503705,0.328818,0.427662,0.678929,0.883069,0.882041
1882,7,29,14,2.4e+22,6.30957,0.0731778,39.7631,1.489,365.318,10959.6,525.3,60,0.525443,0.360402,0.442437,0.662647,0.888606,0.866045
1883,7,29,15,2.4e+22,6.30957,0.0935603,28.1593,1.386,339.829,10194.9,525.3,72,0.543055,0.390213,0.451989,0.649289,0.907509,0.85538
1884,7,29,16,2.4e+22,6.30957,0.11962,20.2509,1.305,315.235,9457.06,525.3,90,0.555597,0.416317,0.459535,0.630385,0.956592,0.998506
1885,7,29,17,2.4e+22,6.30957,0.152938,13.9883,1.228,292.054,8761.62,525.3,108,0.565389,0.442145,0.46206,0.608326,0.956111,1.04786
1886,7,29,18,2.4e+22,6.30957,0.195537,10.2306,1.173,280.291,8408.74,525.3,132,0.569892,0.457026,0.460025,0.593537,0.980898,0.95126
1887,7,29,19,2.4e+22,6.30957,0.25,7.8355,1.13,279.52,8385.61,525.3,162,0.572342,0.469197,0.46805,0.583683,1.05207,0.632406
1888,7,30,14,2.4e+22,9.36329,0.0731778,59.3824,1.474,569.397,17081.9,525.3,60,0.529833,0.372125,0.476465,0.665657,0.912674,0.959292
1889,7,30,15,2.4e+22,9.36329,0.0935603,47.7432,1.404,552.217,16566.5,525.3,72,0.542655,0.392613,0.484015,0.645386,0.8848,0.837857
1890,7,30,16,2.4e+22,9.36329,0.11962,33.1725,1.308,516.669,15500.1,525.3,90,0.558793,0.416026,0.467787,0.625792,0.859771,0.716579
1891,7,30,17,2.4e+22,9.36329,0.152938,24.1014,1.242,482.174,14465.2,525.3,108,0.567974,0.438981,0.470367,0.604567,0.825661,0.676782
1892,7,30,18,2.4e+22,9.36329,0.195537,17.7626,1.191,450.894,13526.8,525.3,132,0.572872,0.455792,0.472915,0.589026,0.900698,0.962539
1893,7,30,19,2.4e+22,9.36329,0.25,12.4347,1.142,422.668,12680,525.3,162,0.575707,0.467792,0.473966,0.573075,0.902189,1.00235
1894,7,31,16,2.4e+22,13.895,0.11962,52.2921,1.307,821.27,24638.1,525.3,90,0.560194,0.441312,0.569856,0.624256,0.880843,0.887616
1895,7,31,17,2.4e+22,13.895,0.152938,43.0056,1.263,797.298,23918.9,525.3,102,0.5679,0.4683,0.5923,0.621619,0.920342,0.792014
1896,7,31,18,2.4e+22,13.895,0.195537,29.6763,1.196,743.072,22292.1,525.3,132,0.576216,0.508206,0.647579,0.584795,0.884311,0.984558
1897,7,31,19,2.4e+22,13.895,0.25,21.03,1.15,689.712,20691.4,525.3,156,0.579993,0.540547,0.693698,0.572152,0.90179,1.07996
1898,7,32,18,2.4e+22,20.6199,0.195537,48.0505,1.199,1194.42,35832.6,525.3,132,0.578018,0.503695,0.684711,0.594131,0.84334,0.774463
1899,7,32,19,2.4e+22,20.6199,0.25,36.5802,1.159,1142.01,34260.3,525.3,156,0.582259,0.540312,0.754231,0.568247,0.706002,0.688323
1947,8,15,1,4.8e+22,0.0251189,0.003,3.6169,1.068,1.917,57.5097,27,18,0.3651,-1.32436,-2.70147,0.317579,-1.35529,-2.69799
1948,8,15,2,4.8e+22,0.0251189,0.0038356,2.9926,1.068,2.22262,66.678,27,18,0.385718,-1.24549,-2.44127,0.335206,-1.30997,-2.66013
1949,8,15,3,4.8e+22,0.0251189,0.00490394,2.4957,1.067,2.654,79.6202,27,18,0.404924,-1.12084,-2.14923,0.340325,-1.33623,-2.37588
1950,8,15,4,4.8e+22,0.0251189,0.00626986,2.1095,1.066,3.22704,96.8111,27,18,0.411693,-0.425466,-1.10477,0.345234,-0.613962,-1.42889
1951,8,15,5,4.8e+22,0.0251189,0.00801622,1.7996,1.064,3.98635,119.59,27,18,0.421072,-0.134859,-0.480965,0.347682,-0.438636,-0.977632
1952,8,15,6,4.8e+22,0.0251189,0.010249,1.546,1.061,4.98669,149.601,27,18,0.428612,0.0517234,-0.0211818,0.329667,-0.264768,-0.668717
1953,8,15,7,4.8e+22,0.0251189,0.0131037,1.3424,1.056,6.24312,187.293,27,18,0.437428,0.139704,0.21168,0.340184,-0.24672,-0.494701
1960,8,16,1,4.8e+22,0.0372759,0.003,5.0078,1.101,2.35623,70.6869,27,18,0.382057,-0.56571,-1.54433,0.329641,-0.617404,-1.64958
1961,8,16,2,4.8e+22,0.0372759,0.0038356,4.0419,1.1,2.60162,78.0488,27,18,0.398661,-0.600942,-1.56614,0.337614,-0.700764,-1.67932
1962,8,16,3,4.8e+22,0.0372759,0.00490394,3.3016,1.099,2.9805,89.4154,27,18,0.414631,-0.569931,-1.43814,0.358235,-0.621095,-1.71119
1963,8,16,4,4.8e+22,0.0372759,0.00626986,2.7441,1.097,3.50927,105.278,27,18,0.41245,-0.181723,-0.618585,0.347604,-0.324782,-0.934872
1964,8,16,5,4.8e+22,0.0372759,0.00801622,2.3018,1.094,4.24569,127.371,27,18,0.421354,-0.0490553,-0.26319,0.359576,-0.117619,-0.522539
1965,8,16,6,4.8e+22,0.0372759,0.010249,1.9583,1.089,5.20892,156.268,27,18,0.427044,0.0594716,0.0296314,0.338315,-0.0929006,-0.430058
1966,8,16,7,4.8e+22,0.0372759,0.0131037,1.6856,1.083,6.44377,193.313,27,18,0.43598,0.115794,0.173388,0.344061,-0.110383,-0.241044
1967,8,16,8,4.8e+22,0.0372759,0.0167535,1.4575,1.073,8.06588,241.976,27,18,0.441884,0.155023,0.264924,0.329212,-0.0576054,-0.0745954
1968,8,16,9,4.8e+22,0.0372759,0.02142,1.2651,1.061,10.1841,305.523,30.5522,24,0.447814,0.195172,0.379063,0.340261,-0.102511,-0.152932
1975,8,17,1,4.8e+22,0.0553168,0.003,7.394,1.147,3.17265,95.1793,27,18,0.393376,-0.14805,-0.554019,0.337236,-0.199708,-0.627259
1976,8,17,2,4.8e+22,0.0553168,0.0038356,5.6845,1.146,3.30008,99.0028,27,18,0.401573,-0.14676,-0.546479,0.345777,-0.198918,-0.689608
1977,8,17,3,4.8e+22,0.0553168,0.00490394,4.5278,1.144,3.57127,107.138,27,18,0.407271,-0.106743,-0.428157,0.353516,-0.144361,-0.643172
1978,8,17,4,4.8e+22,0.0553168,0.00626986,3.6616,1.142,4.02415,120.725,27,18,0.413474,-0.0497893,-0.262861,0.356458,-0.09066,-0.436876
1979,8,17,5,4.8e+22,0.0553168,0.00801622,3.0251,1.137,4.67323,140.197,27,18,0.415138,0.0237443,-0.0537365,0.333924,-0.0513585,-0.347317
1980,8,17,6,4.8e+22,0.0553168,0.010249,2.53,1.13,5.58219,167.466,27,18,0.423138,0.0653382,0.0670432,0.343435,-0.00920331,-0.240109
1981,8,17,7,4.8e+22,0.0553168,0.0131037,2.1499,1.121,6.77146,203.144,27,18,0.43062,0.105864,0.164811,0.343301,-0.0389674,-0.0424313
1982,8,17,8,4.8e+22,0.0553168,0.0167535,1.8386,1.107,8.36558,250.967,27,18,0.437597,0.132644,0.215987,0.328331,-0.0512528,-0.139883
1983,8,17,9,4.8e+22,0.0553168,0.02142,1.586,1.09,10.4279,312.838,31.2838,24,0.445271,0.166892,0.302696,0.343775,-0.000129624,0.126167
1984,8,17,10,4.8e+22,0.0553168,0.0273861,1.3752,1.07,13.1055,393.165,39.3165,24,0.452865,0.223572,0.415284,0.330854,-0.00487586,0.0532077
1985,8,17,11,4.8e+22,0.0553168,0.0350141,1.2011,1.05,16.4758,494.273,49.4273,30,0.458429,0.345327,0.668615,0.344571,-0.134295,-0.225001
1991,8,18,1,4.8e+22,0.0820891,0.003,11.403,1.211,4.73365,142.01,27,18,0.39661,0.0125519,-0.0491088,0.326156,-0.0483907,-0.182003
1992,8,18,2,4.8e+22,0.0820891,0.0038356,8.4759,1.21,4.61138,138.342,27,18,0.402091,0.0108891,-0.0634855,0.333006,-0.0280376,-0.215794
1993,8,18,3,4.8e+22,0.0820891,0.00490394,6.508,1.208,4.67715,140.315,27,18,0.405152,0.0189332,-0.0459711,0.329938,-0.0425114,-0.194666
1994,8,18,4,4.8e+22,0.0820891,0.00626986,5.0719,1.204,4.96492,148.948,27,18,0.407356,0.0371287,0.00193494,0.326971,-0.0500826,-0.163825
1995,8,18,5,4.8e+22,0.0820891,0.00801622,4.0949,1.198,5.47031,164.109,27,18,0.411381,0.0567843,0.0557922,0.329436,-0.0454329,-0.145403
1996,8,18,6,4.8e+22,0.0820891,0.010249,3.3397,1.188,6.28054,188.417,27,18,0.416946,0.0784288,0.113711,0.339911,0.00657863,-0.0586968
1997,8,18,7,4.8e+22,0.0820891,0.0131037,2.7863,1.174,7.39219,221.766,27,18,0.421187,0.10424,0.166415,0.321917,0.0106223,-0.0286734
1998,8,18,8,4.8e+22,0.0820891,0.0167535,2.3522,1.154,8.90908,267.272,27,18,0.430275,0.121891,0.192429,0.331286,0.0232747,0.088399
1999,8,18,9,4.8e+22,0.0820891,0.02142,2.0056,1.129,10.9269,327.806,32.7807,24,0.439733,0.157729,0.279579,0.343598,0.0117058,0.0974576
2000,8,18,10,4.8e+22,0.0820891,0.0273861,1.7302,1.101,13.4956,404.868,40.4867,24,0.448947,0.196164,0.333332,0.331909,-0.0155885,-0.0376949
2001,8,18,11,4.8e+22,0.0820891,0.0350141,1.4955,1.073,16.9191,507.573,50.7572,30,0.456787,0.252831,0.46299,0.35092,-0.0335327,-0.0431625
2009,8,19,1,4.8e+22,0.121819,0.003,19.8656,1.287,7.73542,232.063,27,18,0.395869,0.0608761,0.102235,0.319686,0.0134777,0.0545738
2010,8,19,2,4.8e+22,0.121819,0.0038356,13.6354,1.29,7.11527,213.458,27,18,0.401074,0.063833,0.100312,0.340622,0.0279149,0.00404552
2011,8,19,3,4.8e+22,0.121819,0.00490394,9.99,1.289,6.78223,203.466,27,18,0.402895,0.0655655,0.0995234,0.332431,-0.00749499,-0.019118
2012,8,19,4,4.8e+22,0.121819,0.00626986,7.4679,1.285,6.71692,201.507,27,18,0.403813,0.0695133,0.106824,0.33965,0.0357265,-0.0215803
2013,8,19,5,4.8e+22,0.121819,0.00801622,5.7535,1.277,6.96446,208.933,27,18,0.403347,0.0810599,0.127855,0.329379,0.00359656,0.029081
2014,8,19,6,4.8e+22,0.121819,0.010249,4.595,1.264,7.52358,225.708,27,18,0.40597,0.0934392,0.150812,0.315547,0.0250711,-0.0192498
2015,8,19,7,4.8e+22,0.121819,0.0131037,3.7261,1.245,8.47138,254.141,27,18,0.412251,0.104528,0.170695,0.316767,0.0167185,0.0629461
2016,8,19,8,4.8e+22,0.121819,0.0167535,3.0751,1.217,9.86827,296.048,29.6048,18,0.420778,0.126666,0.199049,0.324917,0.00999583,0.040662
2017,8,19,9,4.8e+22,0.121819,0.02142,2.5825,1.182,11.7705,353.114,35.3114,24,0.432108,0.154496,0.271096,0.31296,-0.0303034,-0.129829
2018,8,19,10,4.8e+22,0.121819,0.0273861,2.2019,1.143,14.247,427.411,42.7411,24,0.443993,0.190324,0.306433,0.335787,0.0184746,0.0867568
2019,8,19,11,4.8e+22,0.121819,0.0350141,1.8834,1.104,17.6179,528.538,52.8538,30,0.454778,0.237466,0.393729,0.352663,-0.00797718,0.019342
2020,8,19,12,4.8e+22,0.121819,0.0447667,1.6288,1.071,21.8854,656.563,65.6563,36,0.462357,0.297906,0.477274,0.373874,0.213641,0.0233367
2028,8,20,1,4.8e+22,0.180777,0.003,34.6545,1.352,12.8575,385.723,38.5724,18,0.395763,0.0863954,0.163032,0.314746,0.00142013,0.00436515
2029,8,20,2,4.8e+22,0.180777,0.0038356,23.1349,1.365,11.7085,351.255,35.1255,18,0.400089,0.0914641,0.166959,0.317653,0.0215372,-0.0308318
2030,8,20,3,4.8e+22,0.180777,0.00490394,16.9335,1.371,10.8554,325.663,32.5663,18,0.400158,0.0943963,0.167952,0.328962,0.0209072,-0.00573099
2031,8,20,4,4.8e+22,0.180777,0.00626986,11.7652,1.373,10.0818,302.454,30.2454,18,0.398151,0.0968287,0.168199,0.320014,0.0225329,0.0908764
2032,8,20,5,4.8e+22,0.180777,0.00801622,8.6722,1.367,9.76658,292.998,29.2997,18,0.396743,0.100319,0.171153,0.318772,0.0231379,-0.00312168
2033,8,20,6,4.8e+22,0.180777,0.010249,6.5828,1.352,9.89123,296.737,29.6737,18,0.398399,0.107931,0.178752,0.312799,0.0231509,0.0869085
2034,8,20,7,4.8e+22,0.180777,0.0131037,5.1541,1.327,10.49,314.7,31.47,18,0.403234,0.118938,0.192432,0.314739,0.0219889,0.0837903
2035,8,20,8,4.8e+22,0.180777,0.0167535,4.161,1.293,11.5724,347.172,34.7172,18,0.411481,0.135553,0.212378,0.29851,-0.0188855,-0.0462027
2036,8,20,9,4.8e+22,0.180777,0.02142,3.4212,1.248,13.2319,396.957,39.6957,24,0.423498,0.158112,0.271536,0.310643,-0.0278888,-0.11208
2037,8,20,10,4.8e+22,0.180777,0.0273861,2.851,1.196,15.6068,468.206,46.8205,24,0.43783,0.190609,0.292592,0.334586,0.0193065,0.0677092
2038,8,20,11,4.8e+22,0.180777,0.0350141,2.4169,1.145,18.7354,562.061,56.2062,30,0.451122,0.229773,0.351446,0.350571,0.00631497,0.0308289
2039,8,20,12,4.8e+22,0.180777,0.0447667,2.0604,1.1,22.9809,689.427,68.9428,36,0.461574,0.283316,0.416962,0.368863,-0.0200561,-0.0507323
2040,8,20,13,4.8e+22,0.180777,0.0572357,1.7774,1.067,28.3727,851.182,85.1182,42,0.466999,0.34075,0.488714,0.387972,0.224892,0.0614569
2047,8,21,1,4.8e+22,0.26827,0.003,52.0972,1.393,20.2362,607.084,60.7085,18,0.4008,0.104214,0.189749,0.549607,0.723958,2.60259
2048,8,21,2,4.8e+22,0.26827,0.0038356,40.7043,1.406,19.3923,581.769,58.1769,18,0.403677,0.109756,0.195164,0.585262,0.861875,0.867386
2049,8,21,3,4.8e+22,0.26827,0.00490394,27.691,1.425,17.8122,534.364,53.4365,18,0.402985,0.115747,0.200147,0.781517,1.55513,5.09036
2050,8,21,4,4.8e+22,0.26827,0.00626986,20.2045,1.436,16.4786,494.358,49.4358,18,0.400552,0.120597,0.206123,1.19667,2.96531,1.22929
2051,8,21,5,4.8e+22,0.26827,0.00801622,13.8252,1.439,15.1029,453.088,45.3088,18,0.397188,0.124964,0.209931,1.85702,5.23467,1.33521
2052,8,21,6,4.8e+22,0.26827,0.010249,10.1086,1.429,14.376,431.28,43.128,18,0.396237,0.129634,0.211693,3.66757,11.5812,0.375525
2053,8,21,7,4.8e+22,0.26827,0.0131037,7.5496,1.405,14.242,427.26,42.726,24,0.399507,0.138725,0.256151,0.302367,0.0199461,0.0863821
2054,8,21,8,4.8e+22,0.26827,0.0167535,5.8546,1.368,14.7679,443.037,44.3038,24,0.406659,0.151395,0.26632,0.309412,0.0191145,-0.0456548
2055,8,21,9,4.8e+22,0.26827,0.02142,4.6786,1.317,15.9683,479.048,47.9048,24,0.417783,0.170213,0.277561,0.314805,0.0179123,0.0667601
2056,8,21,10,4.8e+22,0.26827,0.0273861,3.8028,1.256,17.9807,539.42,53.942,24,0.431902,0.194771,0.284306,0.329921,0.0159141,0.0507408
2057,8,21,11,4.8e+22,0.26827,0.0350141,3.1645,1.195,20.813,624.389,62.4389,30,0.446884,0.2287,0.327599,0.344517,0.0117833,0.0421996
2058,8,21,12,4.8e+22,0.26827,0.0447667,2.6615,1.139,24.7645,742.934,74.2935,36,0.459479,0.273747,0.372949,0.370677,0.0968408,0.0898888
2059,8,21,13,4.8e+22,0.26827,0.0572357,2.2618,1.094,30.0607,901.822,90.1822,42,0.467097,0.320894,0.41962,0.38647,0.150536,0.204989
2060,8,21,14,4.8e+22,0.26827,0.0731778,1.9337,1.061,37.1594,1114.78,111.478,54,0.470809,0.3844,0.545158,0.399447,0.255862,0.0755163
2066,8,22,2,4.8e+22,0.398107,0.0038356,59.8615,1.433,30.1078,903.233,90.3233,18,0.408629,0.121818,0.211996,0.564518,0.755037,1.03197
2067,8,22,3,4.8e+22,0.398107,0.00490394,46.4007,1.449,28.944,868.318,86.8319,18,0.408616,0.127828,0.217445,0.58135,0.810862,1.28784
2068,8,22,4,4.8e+22,0.398107,0.00626986,32.985,1.466,26.9965,809.897,80.9896,18,0.405799,0.13379,0.220782,0.618667,0.956388,1.27231
2069,8,22,5,4.8e+22,0.398107,0.00801622,23.7047,1.476,24.9386,748.159,74.8158,24,0.40287,0.1399,0.257976,0.763225,1.43897,1.46698
2070,8,22,6,4.8e+22,0.398107,0.010249,17.2976,1.475,23.0907,692.721,69.2722,24,0.401268,0.146526,0.263815,1.08463,2.49425,0.878386
2071,8,22,7,4.8e+22,0.398107,0.0131037,11.778,1.457,21.376,641.28,64.128,24,0.402607,0.156253,0.267672,0.508333,0.666716,0.851714
2072,8,22,8,4.8e+22,0.398107,0.0167535,8.7589,1.424,20.7715,623.146,62.3146,24,0.407667,0.167628,0.27084,0.555994,0.870911,3.35157
2073,8,22,9,4.8e+22,0.398107,0.02142,6.7006,1.375,21.0649,631.947,63.1947,24,0.417295,0.184989,0.279061,0.570023,0.980066,1.96398
2074,8,22,10,4.8e+22,0.398107,0.0273861,5.2864,1.313,22.3106,669.318,66.9318,30,0.430044,0.207689,0.320102,0.561057,1.0606,1.51
2075,8,22,11,4.8e+22,0.398107,0.0350141,4.2469,1.245,24.6743,740.229,74.0228,30,0.444388,0.235459,0.319968,0.572131,1.27582,2.05136
2076,8,22,12,4.8e+22,0.398107,0.0447667,3.5181,1.182,28.0604,841.813,84.1813,36,0.45684,0.267753,0.341792,2.66874,17.5916,0.136644
2077,8,22,13,4.8e+22,0.398107,0.0572357,2.9439,1.128,32.913,987.389,98.7389,48,0.466613,0.306762,0.378423,0.381218,-0.00995882,-0.0462739
2078,8,22,14,4.8e+22,0.398107,0.0731778,2.4882,1.085,39.5534,1186.6,118.66,54,0.472253,0.352772,0.436752,0.400036,0.170719,-0.20178
2079,8,22,15,4.8e+22,0.398107,0.0935603,2.1273,1.056,48.2296,1446.89,144.689,60,0.473781,0.41876,0.568319,0.405677,0.29701,1.12075
2084,8,23,4,4.8e+22,0.590784,0.00626986,52.1572,1.483,42.9473,1288.42,128.842,18,0.410703,0.141059,0.231456,0.679563,1.10241,0.794842
2085,8,23,5,4.8e+22,0.590784,0.00801622,42.2484,1.492,41.3729,1241.19,124.119,24,0.408899,0.145428,0.265055,0.720656,1.22855,0.747952
2086,8,23,6,4.8e+22,0.590784,0.010249,27.7479,1.497,37.719,1131.57,113.157,24,0.406687,0.155383,0.269408,0.525066,0.643838,0.581567
2087,8,23,7,4.8e+22,0.590784,0.0131037,20.5001,1.488,35.0374,1051.12,105.112,24,0.407941,0.165718,0.276791,0.523041,0.647971,0.61797
2088,8,23,8,4.8e+22,0.590784,0.0167535,14.0639,1.458,32.1949,965.846,96.5847,24,0.412701,0.180347,0.281384,0.541074,0.734563,1.13299
2089,8,23,9,4.8e+22,0.590784,0.02142,10.215,1.414,30.6822,920.467,92.0467,24,0.420412,0.196091,0.282541,0.554828,0.837455,1.0837
2090,8,23,10,4.8e+22,0.590784,0.0273861,7.8042,1.359,30.4453,913.358,91.3358,30,0.430953,0.21666,0.313021,0.57289,0.996379,1.06838
2091,8,23,11,4.8e+22,0.590784,0.0350141,6.01,1.291,31.574,947.22,94.722,36,0.444017,0.243411,0.336214,0.5803,1.14865,1.13856
2092,8,23,12,4.8e+22,0.590784,0.0447667,4.7842,1.223,34.1754,1025.26,102.526,42,0.456811,0.273367,0.355264,0.591067,1.43993,1.0759
2093,8,23,13,4.8e+22,0.590784,0.0572357,3.9158,1.163,38.2835,1148.51,114.851,48,0.466361,0.300896,0.358023,0.478059,0.883405,0.746437
2094,8,23,14,4.8e+22,0.590784,0.0731778,3.2641,1.115,44.1423,1324.27,132.427,54,0.472614,0.329579,0.362369,0.387594,-0.0271174,-0.0911435
2095,8,23,15,4.8e+22,0.590784,0.0935603,2.7448,1.077,52.3724,1571.17,157.117,66,0.476274,0.377221,0.44047,0.408184,0.198819,0.054669
2100,8,24,6,4.8e+22,0.876712,0.010249,45.3228,1.509,61.0014,1830.04,183.004,24,0.412546,0.161488,0.277773,0.552755,0.709126,0.910309
2101,8,24,7,4.8e+22,0.876712,0.0131037,34.3409,1.502,57.7048,1731.14,173.114,24,0.413413,0.170089,0.280096,0.56157,0.739947,0.865998
2102,8,24,8,4.8e+22,0.876712,0.0167535,24.3584,1.48,53.2999,1599,159.9,24,0.417587,0.184118,0.285593,0.575526,0.796184,0.89483
2103,8,24,9,4.8e+22,0.876712,0.02142,17.8028,1.446,49.4927,1484.78,148.478,30,0.424077,0.20018,0.31486,0.575609,0.850136,0.855083
2104,8,24,10,4.8e+22,0.876712,0.0273861,12.3469,1.389,46.0494,1381.48,138.148,30,0.434542,0.222405,0.317697,0.578113,0.931055,0.795762
2105,8,24,11,4.8e+22,0.876712,0.0350141,9.1559,1.328,44.6765,1340.29,134.029,36,0.44555,0.245467,0.330359,0.62214,1.20987,1.08201
2106,8,24,12,4.8e+22,0.876712,0.0447667,6.9891,1.263,45.1836,1355.51,135.551,42,0.45746,0.274585,0.349686,0.476027,0.604746,0.548203
2107,8,24,13,4.8e+22,0.876712,0.0572357,5.469,1.199,47.7885,1433.65,143.365,48,0.467173,0.30277,0.359799,0.45985,0.623112,0.812342
2108,8,24,14,4.8e+22,0.876712,0.0731778,4.4106,1.144,52.5524,1576.57,157.657,54,0.474166,0.32636,0.358334,0.466024,0.788445,0.591649
2109,8,24,15,4.8e+22,0.876712,0.0935603,3.6257,1.1,59.8342,1795.03,179.502,66,0.47825,0.351367,0.364211,0.397995,-0.0416953,-0.142655
2110,8,24,16,4.8e+22,0.876712,0.11962,3.0361,1.068,69.8859,2096.58,209.658,78,0.479299,0.376117,0.378032,0.408025,-0.127716,-0.423285
2114,8,25,7,4.8e+22,1.30103,0.0131037,53.1124,1.508,91.2432,2737.3,273.73,24,0.419005,0.175209,0.286452,0.598659,0.823538,1.16332
2115,8,25,8,4.8e+22,1.30103,0.0167535,42.5548,1.494,87.8956,2636.87,263.687,24,0.422057,0.184666,0.288857,0.596867,0.827767,1.06311
2116,8,25,9,4.8e+22,1.30103,0.02142,29.9082,1.458,81.709,2451.27,245.127,30,0.42927,0.202203,0.314055,0.61977,0.961646,1.20595
2117,8,25,10,4.8e+22,1.30103,0.0273861,20.9621,1.408,75.2495,2257.49,225.748,30,0.439317,0.224783,0.322111,0.800273,1.66882,0.775745
2118,8,25,11,4.8e+22,1.30103,0.0350141,14.564,1.346,69.5504,2086.51,208.651,36,0.450807,0.250936,0.338193,0.520136,0.720212,0.618799
2119,8,25,12,4.8e+22,1.30103,0.0447667,10.6876,1.285,66.4017,1992.05,199.205,42,0.460906,0.274627,0.343165,0.515306,0.748987,0.555821
2120,8,25,13,4.8e+22,1.30103,0.0572357,7.9847,1.224,65.7944,1973.83,197.383,48,0.47016,0.301438,0.351712,0.507585,0.852573,0.800519
2121,8,25,14,4.8e+22,1.30103,0.0731778,6.2137,1.17,68.0382,2041.15,204.115,54,0.477123,0.328602,0.366099,0.489524,0.85288,0.516695
2122,8,25,15,4.8e+22,1.30103,0.0935603,4.9765,1.124,73.1815,2195.44,219.544,66,0.480914,0.349932,0.369164,0.515749,1.35281,0.269966
2123,8,25,16,4.8e+22,1.30103,0.11962,4.0774,1.088,81.4616,2443.85,244.385,78,0.482528,0.359523,0.343377,0.557544,2.77764,0.716009
2124,8,25,17,4.8e+22,1.30103,0.152938,3.371,1.059,94.0123,2820.37,282.037,84,0.482612,0.373778,0.33661,0.420609,0.316859,1.11309
2127,8,26,9,4.8e+22,1.9307,0.02142,48.4371,1.465,131.317,3939.52,393.952,30,0.435122,0.205985,0.318719,0.582924,0.800639,0.881158
2128,8,26,10,4.8e+22,1.9307,0.0273861,36.38,1.424,124.695,3740.84,374.084,30,0.443399,0.222694,0.320815,0.565434,0.764396,0.73326
2129,8,26,11,4.8e+22,1.9307,0.0350141,25.334,1.364,115.313,3459.39,345.939,36,0.45491,0.247352,0.334554,0.567203,0.856629,0.94889
2130,8,26,12,4.8e+22,1.9307,0.0447667,18.5465,1.309,107.462,3223.85,322.385,42,0.464725,0.271612,0.34746,0.554715,0.863109,0.881891
2131,8,26,13,4.8e+22,1.9307,0.0572357,12.8959,1.245,100.18,3005.4,300.54,48,0.47442,0.298838,0.351361,0.533517,0.909419,0.808207
2132,8,26,14,4.8e+22,1.9307,0.0731778,9.4902,1.191,97.0275,2910.82,291.082,54,0.480427,0.319878,0.34842,0.541357,1.10005,0.712678
2133,8,26,15,4.8e+22,1.9307,0.0935603,7.2058,1.143,97.9454,2938.36,293.836,66,0.484942,0.345295,0.358368,0.462535,0.559515,0.492075
2134,8,26,16,4.8e+22,1.9307,0.11962,5.6886,1.106,102.978,3089.34,308.934,78,0.486617,0.363822,0.359849,0.463511,0.820556,0.388202
2135,8,26,17,4.8e+22,1.9307,0.152938,4.6027,1.075,112.376,3371.28,337.128,90,0.486536,0.368375,0.328418,0.434491,0.380308,0.276488
2136,8,26,18,4.8e+22,1.9307,0.195537,3.7673,1.051,127.421,3822.62,382.262,96,0.485414,0.360814,0.204659,0.422467,-0.27185,-1.40177
2138,8,27,10,4.8e+22,2.86512,0.0273861,54.5931,1.418,195.653,5869.58,525.3,30,0.451966,0.23502,0.331111,0.599386,0.893733,1.08606
2139,8,27,11,4.8e+22,2.86512,0.0350141,41.2825,1.369,187.28,5618.4,525.3,36,0.461696,0.253218,0.339414,0.594865,0.922028,1.12505
2140,8,27,12,4.8e+22,2.86512,0.0447667,30.2209,1.313,176.152,5284.57,525.3,42,0.471383,0.273258,0.342893,0.57781,0.960461,1.31104
2141,8,27,13,4.8e+22,2.86512,0.0572357,22.2855,1.261,164.737,4942.12,494.212,48,0.479587,0.295228,0.350338,0.578721,1.05925,1.14285
2142,8,27,14,4.8e+22,2.86512,0.0731778,15.7045,1.206,152.917,4587.5,458.751,54,0.486182,0.318711,0.356504,0.593144,1.31744,0.949092
2143,8,27,15,4.8e+22,2.86512,0.0935603,11.349,1.159,145.273,4358.19,435.819,66,0.49002,0.33697,0.342972,0.486635,0.755974,0.572146
2144,8,27,16,4.8e+22,2.86512,0.11962,8.4528,1.12,143.162,4294.86,429.486,78,0.491393,0.351157,0.326514,0.481128,0.820025,0.501754
2145,8,27,17,4.8e+22,2.86512,0.152938,6.5576,1.088,147.011,4410.32,441.032,90,0.491811,0.370841,0.341249,0.483595,1.09856,0.373236
2146,8,27,18,4.8e+22,2.86512,0.195537,5.1969,1.063,157.398,4721.93,472.193,102,0.490221,0.371398,0.29039,0.465512,1.4496,0.230248
2148,8,28,12,4.8e+22,4.25179,0.0447667,52.8983,1.332,285.932,8577.95,525.3,36,0.476381,0.283852,0.360896,0.625986,1.07014,1.32669
2149,8,28,13,4.8e+22,4.25179,0.0572357,37.2404,1.267,270.258,8107.75,525.3,48,0.486515,0.307556,0.372607,0.637299,1.32226,1.0248
2150,8,28,14,4.8e+22,4.25179,0.0731778,25.8868,1.21,250.953,7528.59,525.3,54,0.493241,0.328219,0.374178,0.53704,0.882431,0.889281
2151,8,28,15,4.8e+22,4.25179,0.0935603,19.4578,1.171,235.833,7074.99,525.3,66,0.496613,0.343724,0.376633,0.524703,0.985614,1.17486
2152,8,28,16,4.8e+22,4.25179,0.11962,13.523,1.129,219.894,6596.81,525.3,78,0.498288,0.359337,0.361907,0.511201,1.04031,1.11405
2153,8,28,17,4.8e+22,4.25179,0.152938,9.9578,1.098,212.391,6371.74,525.3,90,0.497501,0.36486,0.332889,0.498136,1.10472,0.499605
2154,8,28,18,4.8e+22,4.25179,0.195537,7.5675,1.072,213.203,6396.08,525.3,102,0.496103,0.379524,0.342343,0.456989,0.789901,0.877623
2155,8,28,19,4.8e+22,4.25179,0.25,5.9331,1.053,222.92,6687.61,525.3,108,0.493839,0.374044,0.259572,0.494102,3.22651,1.7813
2156,8,29,13,4.8e+22,6.30957,0.0572357,56.6984,1.263,424.339,12730.2,525.3,48,0.49435,0.319966,0.383722,0.576888,0.949915,1.11068
2157,8,29,14,4.8e+22,6.30957,0.0731778,46.0533,1.226,412.719,12381.6,525.3,54,0.499238,0.333679,0.385933,0.567535,0.972684,1.14605
2158,8,29,15,4.8e+22,6.30957,0.0935603,33.0034,1.178,389.423,11682.7,525.3,66,0.503819,0.352111,0.389738,0.540834,1.01353,1.26876
2159,8,29,16,4.8e+22,6.30957,0.11962,22.7276,1.135,360.249,10807.5,525.3,78,0.50581,0.370611,0.395388,0.530898,1.1234,1.55848
2160,8,29,17,4.8e+22,6.30957,0.152938,16.9447,1.107,338.728,10161.9,525.3,90,0.505362,0.379576,0.392375,0.522945,1.25308,1.3923
2161,8,29,18,4.8e+22,6.30957,0.195537,11.7851,1.078,319.096,9572.89,525.3,102,0.50294,0.383757,0.369176,0.468443,0.807561,0.731564
2162,8,29,19,4.8e+22,6.30957,0.25,8.9866,1.06,313.427,9402.81,525.3,114,0.499968,0.382348,0.321722,0.467399,1.02091,0.780433
2163,8,30,15,4.8e+22,9.36329,0.0935603,58.401,1.194,627.621,18828.6,525.3,60,0.509209,0.397232,0.527919,0.554745,0.986618,1.16943
2164,8,30,16,4.8e+22,9.36329,0.11962,39.3823,1.142,594.098,17822.9,525.3,78,0.513066,0.429985,0.577897,0.534184,1.14606,1.68993
2165,8,30,17,4.8e+22,9.36329,0.152938,27.6975,1.108,555.502,16665.1,525.3,90,0.512754,0.441373,0.573162,0.508938,1.05781,1.42212
2166,8,30,18,4.8e+22,9.36329,0.195537,20.4366,1.085,520.899,15627,525.3,102,0.511532,0.408088,0.444788,0.498124,0.98155,1.46798
2167,8,30,19,4.8e+22,9.36329,0.25,14.1843,1.063,485.293,14558.8,525.3,114,0.508021,0.394478,0.382176,0.488558,1.09281,1.76643
2168,8,31,16,4.8e+22,13.895,0.11962,59.2314,1.138,928.202,27846,525.3,78,0.519586,0.480012,0.720486,0.528567,0.953389,1.22106
2169,8,31,17,4.8e+22,13.895,0.152938,46.9778,1.114,902.681,27080.4,525.3,90,0.520424,0.521535,0.829958,0.520419,1.17189,1.90142
2170,8,31,18,4.8e+22,13.895,0.195537,33.9618,1.087,855.708,25671.2,525.3,102,0.519229,0.59146,1.0271,0.495954,1.05494,1.54947
2171,8,31,19,4.8e+22,13.895,0.25,24.5951,1.067,802.029,24060.9,525.3,114,0.516526,0.694827,1.46633,0.487715,1.16847,2.203
2172,8,32,18,4.8e+22,20.6199,0.195537,52.8767,1.086,1356.03,40681,525.3,108,0.525466,0.613069,1.22091,0.50387,1.17231,2.56752
2173,8,32,19,4.8e+22,20.6199,0.25,41.5336,1.07,1311.6,39347.9,525.3,114,0.524245,0.719616,1.56351,0.499372,1.38471,3.11862
2233,9,16,1,9.6e+22,0.0372759,0.003,5.1023,1.05,2.38504,71.551,27,18,0.364341,-1.18145,-2.35515,0.315993,-1.22383,-2.49524
2248,9,17,1,9.6e+22,0.0553168,0.003,7.4769,1.074,3.219,96.5703,27,18,0.384234,-0.349425,-1.03476,0.335268,-0.353441,-1.16471
2249,9,17,2,9.6e+22,0.0553168,0.0038356,5.8117,1.073,3.36042,100.812,27,18,0.385244,-0.359034,-1.02686,0.325579,-0.498923,-1.26432
2250,9,17,3,9.6e+22,0.0553168,0.00490394,4.664,1.072,3.64304,109.291,27,18,0.385955,-0.296239,-0.864526,0.331692,-0.330019,-1.08461
2251,9,17,4,9.6e+22,0.0553168,0.00626986,3.7933,1.071,4.10819,123.246,27,18,0.387827,-0.201243,-0.629957,0.322445,-0.40479,-0.926444
2252,9,17,5,9.6e+22,0.0553168,0.00801622,3.1548,1.068,4.76027,142.808,27,18,0.387544,-0.0716349,-0.297914,0.307692,-0.201488,-0.691051
2253,9,17,6,9.6e+22,0.0553168,0.010249,2.653,1.065,5.66458,169.938,27,18,0.39109,-0.000368015,-0.101096,0.306427,-0.232533,-0.524375
2254,9,17,7,9.6e+22,0.0553168,0.0131037,2.2549,1.06,6.87335,206.2,27,18,0.393482,0.0636449,0.0609176,0.318729,0.028346,-0.326999
2255,9,17,8,9.6e+22,0.0553168,0.0167535,1.9259,1.053,8.50631,255.19,27,18,0.397253,0.115461,0.169099,0.298406,-0.0706336,-0.0282818
2264,9,18,1,9.6e+22,0.0820891,0.003,11.7358,1.105,4.81646,144.494,27,18,0.398457,-0.045722,-0.227429,0.329031,-0.113774,-0.42773
2265,9,18,2,9.6e+22,0.0820891,0.0038356,8.7106,1.105,4.70919,141.276,27,18,0.397371,-0.0565143,-0.262318,0.331454,-0.0740373,-0.472439
2266,9,18,3,9.6e+22,0.0820891,0.00490394,6.6679,1.104,4.79715,143.915,27,18,0.395182,-0.0497679,-0.24118,0.323651,-0.104062,-0.482704
2267,9,18,4,9.6e+22,0.0820891,0.00626986,5.2657,1.102,5.09354,152.807,27,18,0.393487,-0.0262671,-0.172042,0.319777,-0.0929982,-0.427077
2268,9,18,5,9.6e+22,0.0820891,0.00801622,4.2373,1.098,5.63585,169.075,27,18,0.393742,0.00757893,-0.0834543,0.322507,-0.0339869,-0.376002
2269,9,18,6,9.6e+22,0.0820891,0.010249,3.5088,1.094,6.41238,192.371,27,18,0.394532,0.0401691,0.00762793,0.321684,-0.0226144,-0.299491
2270,9,18,7,9.6e+22,0.0820891,0.0131037,2.9337,1.086,7.52631,225.789,27,18,0.394881,0.0706419,0.0897192,0.300113,-0.0340213,-0.0284823
2271,9,18,8,9.6e+22,0.0820891,0.0167535,2.4797,1.077,9.04304,271.291,27.1291,18,0.398015,0.093714,0.13613,0.30934,0.00500791,-0.146567
2272,9,18,9,9.6e+22,0.0820891,0.02142,2.119,1.064,11.0333,330.999,33.0999,24,0.401835,0.136935,0.228254,0.309934,-0.038525,0.0463478
2273,9,18,10,9.6e+22,0.0820891,0.0273861,1.8226,1.05,13.6478,409.435,40.9434,24,0.404571,0.19121,0.357878,0.302273,-0.0502665,-0.447418
2282,9,19,1,9.6e+22,0.121819,0.003,20.1248,1.143,7.84888,235.467,27,18,0.408645,0.0402215,0.04128,0.333492,-0.00703481,-0.0161722
2283,9,19,2,9.6e+22,0.121819,0.0038356,13.9093,1.144,7.27673,218.302,27,18,0.406999,0.0392716,0.0278292,0.332629,0.00667621,-0.189279
2284,9,19,3,9.6e+22,0.121819,0.00490394,10.3739,1.144,6.98546,209.564,27,18,0.4039,0.0404159,0.024099,0.341695,0.00837903,-0.122483
2285,9,19,4,9.6e+22,0.121819,0.00626986,7.7788,1.142,6.93808,208.143,27,18,0.399784,0.043071,0.032252,0.335107,0.00957065,-0.111623
2286,9,19,5,9.6e+22,0.121819,0.00801622,5.9901,1.137,7.20731,216.219,27,18,0.396764,0.0548292,0.0597955,0.309748,-0.00719081,0.0126842
2287,9,19,6,9.6e+22,0.121819,0.010249,4.7671,1.13,7.80815,234.244,27,18,0.39564,0.0692747,0.0915527,0.303183,-0.0653595,-0.21793
2288,9,19,7,9.6e+22,0.121819,0.0131037,3.9008,1.12,8.75077,262.523,27,18,0.39684,0.0833058,0.123199,0.31368,0.0228582,-0.164533
2289,9,19,8,9.6e+22,0.121819,0.0167535,3.2535,1.107,10.0858,302.574,30.2574,18,0.398466,0.0983648,0.152697,0.313032,0.0259592,0.0990622
2290,9,19,9,9.6e+22,0.121819,0.02142,2.7349,1.09,11.9701,359.103,35.9103,24,0.402432,0.124723,0.210269,0.303956,0.0374966,-0.393396
2291,9,19,10,9.6e+22,0.121819,0.0273861,2.3181,1.07,14.5347,436.039,43.604,24,0.406345,0.157968,0.250406,0.302526,-0.201088,-0.672853
2292,9,19,11,9.6e+22,0.121819,0.0350141,1.9889,1.051,17.8327,534.98,53.498,30,0.409599,0.225286,0.435565,0.314749,-0.108755,-0.203948
2301,9,20,1,9.6e+22,0.180777,0.003,33.1301,1.176,12.8778,386.334,38.6334,18,0.416066,0.0675805,0.112032,0.341901,0.0387257,0.153286
2302,9,20,2,9.6e+22,0.180777,0.0038356,23.8814,1.18,12.0032,360.095,36.0095,18,0.414627,0.071116,0.114611,0.335855,0.033835,0.134606
2303,9,20,3,9.6e+22,0.180777,0.00490394,17.5884,1.183,11.2098,336.293,33.6293,18,0.411258,0.0749406,0.119035,0.339722,-0.0160043,-0.0600356
2304,9,20,4,9.6e+22,0.180777,0.00626986,12.2208,1.184,10.4712,314.136,31.4136,18,0.405581,0.0776377,0.123067,0.327624,-0.0438244,-0.164804
2305,9,20,5,9.6e+22,0.180777,0.00801622,9.1162,1.18,10.1858,305.574,30.5574,18,0.401171,0.0815118,0.130027,0.322627,-0.0195788,-0.0745295
2306,9,20,6,9.6e+22,0.180777,0.010249,6.9691,1.173,10.3107,309.32,30.932,18,0.39848,0.0884188,0.138476,0.326137,0.0305332,-0.123311
2307,9,20,7,9.6e+22,0.180777,0.0131037,5.4493,1.16,10.9117,327.349,32.735,18,0.398126,0.0987119,0.152958,0.315508,-0.0185121,-0.0585238
2308,9,20,8,9.6e+22,0.180777,0.0167535,4.3919,1.143,12.0062,360.187,36.0187,18,0.399744,0.110475,0.169554,0.299783,-0.0613553,-0.182743
2309,9,20,9,9.6e+22,0.180777,0.02142,3.6089,1.121,13.6772,410.315,41.0315,24,0.403264,0.128805,0.216678,0.310171,0.0282569,0.126396
2310,9,20,10,9.6e+22,0.180777,0.0273861,3.0249,1.096,15.9648,478.946,47.8945,24,0.407588,0.151906,0.229354,0.320099,0.0122552,-0.394647
2311,9,20,11,9.6e+22,0.180777,0.0350141,2.552,1.071,19.1581,574.742,57.4742,30,0.41184,0.190882,0.295521,0.319411,-0.0300534,-0.0598889
2320,9,21,1,9.6e+22,0.26827,0.003,51.8868,1.195,20.4546,613.638,61.3638,18,0.422945,0.0796062,0.131409,0.351688,-0.0458424,-0.176978
2321,9,21,2,9.6e+22,0.26827,0.0038356,42.4377,1.2,19.8459,595.378,59.5378,18,0.422505,0.0826576,0.134454,0.356386,0.0234413,0.0840463
2322,9,21,3,9.6e+22,0.26827,0.00490394,28.974,1.208,18.4213,552.641,55.264,18,0.418692,0.0890408,0.143069,0.353105,0.0241191,0.0572912
2323,9,21,4,9.6e+22,0.26827,0.00626986,20.8447,1.213,17.1082,513.247,51.3247,18,0.413771,0.0958034,0.155272,0.336808,-0.0178368,-0.0588124
2324,9,21,5,9.6e+22,0.26827,0.00801622,14.4272,1.213,15.8288,474.863,47.4863,18,0.408008,0.102122,0.16569,0.324299,-0.0487409,-0.152548
2325,9,21,6,9.6e+22,0.26827,0.010249,10.5931,1.208,15.1333,454,45.4,18,0.40367,0.106399,0.168898,0.322394,0.0243641,0.0864217
2326,9,21,7,9.6e+22,0.26827,0.0131037,7.9654,1.196,15.0085,450.256,45.0256,24,0.401865,0.114009,0.196985,0.319024,0.0231865,0.11854
2327,9,21,8,9.6e+22,0.26827,0.0167535,6.1914,1.177,15.5248,465.744,46.5743,24,0.40295,0.126381,0.211873,0.311191,-0.0448654,-0.178447
2328,9,21,9,9.6e+22,0.26827,0.02142,4.9545,1.153,16.7069,501.207,50.1207,24,0.405918,0.141396,0.227259,0.312807,-0.0799464,-0.282093
2329,9,21,10,9.6e+22,0.26827,0.0273861,4.0577,1.124,18.6081,558.244,55.8243,24,0.409801,0.15689,0.228048,0.32265,0.00630936,0.0361474
2330,9,21,11,9.6e+22,0.26827,0.0350141,3.3536,1.094,21.4907,644.719,64.472,30,0.413723,0.177616,0.242129,0.331992,-0.0139336,-0.0219217
2331,9,21,12,9.6e+22,0.26827,0.0447667,2.8174,1.067,25.4195,762.586,76.2585,36,0.417262,0.219118,0.306179,0.339022,-0.0717322,-0.188633
2339,9,22,3,9.6e+22,0.398107,0.00490394,47.0405,1.22,29.6713,890.141,89.014,18,0.426048,0.0956211,0.147569,0.494202,0.787101,0.632755
2340,9,22,4,9.6e+22,0.398107,0.00626986,35.8169,1.226,28.2872,848.617,84.8617,18,0.421977,0.0998649,0.153052,0.506569,0.878587,0.843756
2341,9,22,5,9.6e+22,0.398107,0.00801622,25.1688,1.23,26.2453,787.361,78.736,18,0.41667,0.107431,0.163881,0.6422,1.73557,1.74996
2342,9,22,6,9.6e+22,0.398107,0.010249,18.4538,1.229,24.4832,734.495,73.4495,18,0.412515,0.115471,0.176297,0.828693,2.90868,1.3998
2343,9,22,7,9.6e+22,0.398107,0.0131037,12.8385,1.22,22.8355,685.065,68.5065,24,0.409327,0.125321,0.208793,1.64257,8.11602,1.1802
2344,9,22,8,9.6e+22,0.398107,0.0167535,9.4096,1.203,22.1177,663.531,66.3531,24,0.408339,0.134154,0.21057,0.325575,-0.0505454,-0.191063
2345,9,22,9,9.6e+22,0.398107,0.02142,7.182,1.179,22.3322,669.965,66.9965,24,0.410193,0.149931,0.22294,0.333075,0.0137374,0.0504462
2346,9,22,10,9.6e+22,0.398107,0.0273861,5.6625,1.15,23.4904,704.711,70.4712,30,0.413731,0.167361,0.250711,0.327534,-0.0656882,-0.281505
2347,9,22,11,9.6e+22,0.398107,0.0350141,4.5788,1.119,25.6523,769.57,76.957,30,0.417317,0.185148,0.253111,0.343025,0.0647835,-0.153129
2348,9,22,12,9.6e+22,0.398107,0.0447667,3.752,1.088,29.0806,872.417,87.2417,36,0.420232,0.202939,0.249768,0.347058,-0.0131391,-0.0324483
2349,9,22,13,9.6e+22,0.398107,0.0572357,3.1284,1.062,33.9035,1017.1,101.71,36,0.42162,0.221123,0.244562,0.348411,-0.121973,-0.352404
2356,9,23,4,9.6e+22,0.590784,0.00626986,54.2055,1.234,44.492,1334.76,133.476,18,0.428354,0.105219,0.153124,0.499843,0.745377,0.945617
2357,9,23,5,9.6e+22,0.590784,0.00801622,40.6576,1.238,42.5718,1277.15,127.715,18,0.424121,0.111122,0.15977,0.504049,0.83617,1.26914
2358,9,23,6,9.6e+22,0.590784,0.010249,30.7669,1.239,40.3281,1209.84,120.984,24,0.420626,0.117931,0.177543,0.522918,0.945292,0.68879
2359,9,23,7,9.6e+22,0.590784,0.0131037,22.113,1.233,37.5129,1125.39,112.539,24,0.417793,0.128301,0.197698,0.608761,1.53063,1.92624
2360,9,23,8,9.6e+22,0.590784,0.0167535,15.5878,1.219,34.8234,1044.7,104.47,24,0.416687,0.141745,0.215312,1.07966,4.6289,0.67464
2361,9,23,9,9.6e+22,0.590784,0.02142,11.2436,1.197,33.0817,992.449,99.245,24,0.416909,0.153361,0.217577,0.448575,0.753689,1.9861
2362,9,23,10,9.6e+22,0.590784,0.0273861,8.4284,1.17,32.6195,978.585,97.8585,30,0.419082,0.168713,0.234043,0.590834,2.03834,3.09071
2363,9,23,11,9.6e+22,0.590784,0.0350141,6.529,1.139,33.5049,1005.15,100.515,30,0.422325,0.191018,0.253612,2.56058,22.8031,0.219451
2364,9,23,12,9.6e+22,0.590784,0.0447667,5.1683,1.107,35.9023,1077.07,107.707,36,0.424927,0.211075,0.266449,0.354809,0.014866,0.0627845
2365,9,23,13,9.6e+22,0.590784,0.0572357,4.2006,1.079,39.8922,1196.76,119.676,42,0.426226,0.217848,0.22712,0.360079,0.194708,0.366319
2366,9,23,14,9.6e+22,0.590784,0.0731778,3.489,1.056,45.6097,1368.29,136.829,42,0.42621,0.219368,0.182827,0.36359,0.329053,0.61774
2372,9,24,6,9.6e+22,0.876712,0.010249,52.2973,1.244,65.1065,1953.2,195.32,24,0.428903,0.120342,0.172067,0.555644,1.074,1.07051
2373,9,24,7,9.6e+22,0.876712,0.0131037,37.9839,1.24,61.8736,1856.21,185.621,24,0.426192,0.129048,0.181154,0.557097,1.12621,1.15123
2374,9,24,8,9.6e+22,0.876712,0.0167535,25.5331,1.226,57.0618,1711.85,171.185,24,0.42496,0.142312,0.194636,0.470057,0.683069,0.637273
2375,9,24,9,9.6e+22,0.876712,0.02142,19.363,1.21,53.7107,1611.32,161.132,24,0.425369,0.155997,0.211197,0.460309,0.713584,0.731512
2376,9,24,10,9.6e+22,0.876712,0.0273861,13.4542,1.182,50.0653,1501.96,150.196,30,0.427014,0.173293,0.226708,0.468252,0.823882,0.61264
2377,9,24,11,9.6e+22,0.876712,0.0350141,9.9726,1.154,48.3766,1451.3,145.13,30,0.428638,0.186748,0.224862,0.503615,1.34186,1.63486
2378,9,24,12,9.6e+22,0.876712,0.0447667,7.5377,1.123,48.5518,1456.56,145.656,36,0.430904,0.20853,0.240626,0.422343,0.802707,0.65979
2379,9,24,13,9.6e+22,0.876712,0.0572357,5.9017,1.094,50.7999,1524,152.4,42,0.432133,0.227786,0.246328,1.31762,16.4707,0.565825
2380,9,24,14,9.6e+22,0.876712,0.0731778,4.7341,1.069,55.3055,1659.17,165.917,42,0.431793,0.232984,0.215624,0.368739,0.159923,0.53715
2386,9,25,7,9.6e+22,1.30103,0.0131037,56.4658,1.242,96.7491,2902.47,290.247,24,0.433611,0.135237,0.190129,0.496662,0.75208,1.01379
2387,9,25,8,9.6e+22,1.30103,0.0167535,45.5583,1.234,93.9802,2819.41,281.941,24,0.433407,0.143322,0.196709,0.497614,0.772173,0.969563
2388,9,25,9,9.6e+22,1.30103,0.02142,32.6552,1.216,88.604,2658.12,265.812,24,0.434084,0.156012,0.203281,0.487056,0.739031,0.790732
2389,9,25,10,9.6e+22,1.30103,0.0273861,22.5309,1.19,81.9405,2458.21,245.821,30,0.435993,0.174446,0.213041,0.49077,0.908408,0.968046
2390,9,25,11,9.6e+22,1.30103,0.0350141,16.8051,1.165,77.0315,2310.95,231.095,30,0.437637,0.190813,0.225631,0.483151,1.02858,1.03107
2391,9,25,12,9.6e+22,1.30103,0.0447667,11.975,1.135,72.7909,2183.73,218.373,36,0.438754,0.20518,0.210945,0.509014,1.47595,1.3275
2392,9,25,13,9.6e+22,1.30103,0.0572357,8.9279,1.107,71.328,2139.84,213.984,42,0.43923,0.218084,0.183055,0.428744,0.87534,1.7234
2393,9,25,14,9.6e+22,1.30103,0.0731778,6.7812,1.08,72.9089,2187.27,218.727,48,0.438801,0.238757,0.179981,0.413763,0.804158,0.847592
2394,9,25,15,9.6e+22,1.30103,0.0935603,5.4041,1.059,77.438,2323.14,232.314,48,0.437358,0.237554,0.10959,0.367491,-0.166558,-0.724256
2399,9,26,9,9.6e+22,1.9307,0.02142,57.8302,1.225,142.968,4289.05,428.905,24,0.441581,0.154874,0.205949,0.517781,0.909973,1.45514
2400,9,26,10,9.6e+22,1.9307,0.0273861,38.889,1.197,135.106,4053.19,405.319,30,0.444425,0.173106,0.205881,0.516163,0.977659,1.42808
2401,9,26,11,9.6e+22,1.9307,0.0350141,28.3787,1.171,127.179,3815.38,381.538,30,0.44667,0.18805,0.211513,0.518794,1.20007,1.26602
2402,9,26,12,9.6e+22,1.9307,0.0447667,20.3228,1.143,118.468,3554.04,355.404,36,0.448258,0.207405,0.214666,0.457331,0.765593,0.851088
2403,9,26,13,9.6e+22,1.9307,0.0572357,14.1025,1.113,110.344,3310.33,331.033,42,0.448603,0.224518,0.193561,0.43824,0.813686,0.844094
2404,9,26,14,9.6e+22,1.9307,0.0731778,10.5224,1.089,106.345,3190.34,319.034,48,0.447221,0.225759,0.11074,0.44215,1.07175,1.02829
2405,9,26,15,9.6e+22,1.9307,0.0935603,7.9102,1.067,106.06,3181.8,318.18,48,0.445182,0.229894,0.0910319,0.407532,0.831004,1.74393
2410,9,27,10,9.6e+22,2.86512,0.0273861,58.9532,1.195,211.432,6342.95,525.3,30,0.452677,0.185392,0.240296,0.499963,0.801693,0.909049
2411,9,27,11,9.6e+22,2.86512,0.0350141,48.6832,1.178,206.662,6199.86,525.3,30,0.454768,0.194899,0.238643,0.497106,0.914229,1.22136
2412,9,27,12,9.6e+22,2.86512,0.0447667,33.4691,1.145,194.315,5829.44,525.3,36,0.457782,0.21299,0.222576,0.47521,0.829945,0.948477
2413,9,27,13,9.6e+22,2.86512,0.0572357,24.3775,1.119,182.213,5466.38,525.3,42,0.458583,0.223528,0.184763,0.467944,1.00876,1.39759
2414,9,27,14,9.6e+22,2.86512,0.0731778,18.0313,1.097,171.044,5131.31,513.131,48,0.457487,0.22882,0.128748,0.463764,1.11328,1.40457
2415,9,27,15,9.6e+22,2.86512,0.0935603,12.6496,1.074,160.733,4821.99,482.199,54,0.454679,0.225077,-0.0217562,0.454864,1.63247,1.39289
2416,9,27,16,9.6e+22,2.86512,0.11962,9.3942,1.056,156.648,4699.44,469.944,54,0.450965,0.190186,-0.314976,0.421425,1.13713,2.16957
2420,9,28,12,9.6e+22,4.25179,0.0447667,52.5128,1.145,308.519,9255.57,525.3,36,0.466708,0.234817,0.282903,0.501163,1.00466,1.44632
2421,9,28,13,9.6e+22,4.25179,0.0572357,43.0974,1.127,300.285,9008.56,525.3,42,0.467906,0.24638,0.27005,0.497605,1.06974,1.74723
2422,9,28,14,9.6e+22,4.25179,0.0731778,30.7237,1.101,282.873,8486.18,525.3,48,0.467743,0.259274,0.240072,0.476812,1.19136,2.15619
2423,9,28,15,9.6e+22,4.25179,0.0935603,21.4975,1.078,262.75,7882.5,525.3,54,0.465439,0.267902,0.188675,0.48956,1.86488,1.68316
2424,9,28,16,9.6e+22,4.25179,0.11962,15.3167,1.06,245.598,7367.95,525.3,54,0.461629,0.256233,0.0819487,0.424866,0.881745,1.29249
2428,9,29,14,9.6e+22,6.30957,0.0731778,49.5587,1.102,453.333,13600,525.3,48,0.476662,0.26915,0.290421,0.508209,1.46172,2.36956
2429,9,29,15,9.6e+22,6.30957,0.0935603,37.6708,1.083,435.002,13050.1,525.3,48,0.475593,0.28098,0.284066,0.539115,2.50143,0.900415
2430,9,29,16,9.6e+22,6.30957,0.11962,25.4776,1.062,403.454,12103.6,525.3,54,0.471928,0.291628,0.237099,0.450064,1.33682,3.17901
2434,9,30,15,9.6e+22,9.36329,0.0935603,55.6215,1.079,680.564,20416.9,525.3,54,0.483954,0.461778,1.04779,0.480287,1.4064,3.21557
2435,9,30,16,9.6e+22,9.36329,0.11962,44.2021,1.066,661.091,19832.7,525.3,54,0.482346,0.530432,1.20125,0.473824,1.6306,3.90676
2436,9,30,17,9.6e+22,9.36329,0.152938,32.0815,1.051,626.171,18785.1,525.3,60,0.47856,0.680525,3.87248,0.454026,2.36579,16.8383
2439,9,31,17,9.6e+22,13.895,0.152938,56.6804,1.056,1010.46,30313.9,525.3,60,0.488848,0.767652,3.33139,0.46715,1.77962,7.15956
