! harvest_calib3.py -- the correction factor against the three quantities the reconstruction reports
!
! 332 nodes measured, 0 not measured, 2906104 pixels
! 2906104 pixels in the histogram; pixels outside the range of each axis (below, above):
!   x from   20.0000 to   24.5000: 0 below, 0 above
!   y from    3.0000 to   50.0000: 0 below, 0 above
!   z from   -1.0000 to    1.0000: 0 below, 0 above
!   f from    0.5000 to    8.0428: 0 below, 0 above
! x = log10 of the surface density of the finest image, cm^-2
! y = the temperature fitted at that resolution, K
! z = log10 of the ratio of the finest to the coarsest surface density
! f = the factor that restores the true surface density; f16 and f84 bracket its spread in the cell
!
!        x         y         z     pixels       f16         f       f84
    20.425     39.50    0.1500         20    0.9779    0.9779    0.9779
    20.425     39.70    0.1500         28    0.9912    0.9912    0.9912
    20.475     39.10    0.0750         32    0.9647    0.9647    0.9647
    20.475     39.30    0.1500         52    0.9779    0.9779    0.9912
    20.475     39.50    0.1500         64    0.9912    0.9912    0.9912
    20.525     38.50    0.0750         36    0.9263    0.9389    0.9517
    20.525     38.70    0.0750         44    0.9517    0.9517    0.9647
    20.525     38.90    0.0750         64    0.9647    0.9647    0.9912
    20.525     39.10    0.1500         24    0.9912    0.9912    0.9912
    20.525     39.30    0.1500         24    0.9912    0.9912    0.9912
    20.575     37.70   -0.0350         24    0.9015    0.9015    0.9138
    20.575     37.70    0.0750         24    0.9015    0.9015    1.0185
    20.575     37.90   -0.0350         24    0.9138    0.9138    0.9263
    20.575     38.10   -0.1500         84    0.9389    0.9389    0.9517
    20.575     38.10   -0.0750         28    0.9263    0.9389    0.9389
    20.575     38.10   -0.0350         28    0.9389    0.9389    0.9389
    20.575     38.10   -0.0100         28    0.9263    0.9263    0.9389
    20.575     38.10    0.0750         28    0.9138    0.9779    0.9779
    20.575     38.30   -0.6000         76    0.9517    0.9517    0.9647
    20.575     38.30   -0.1500        340    0.9517    0.9517    0.9647
    20.575     38.30   -0.0750        340    0.9517    0.9647    0.9647
    20.575     38.30   -0.0350        128    0.9389    0.9517    0.9517
    20.575     38.30   -0.0100         20    0.9389    0.9517    0.9517
    20.575     38.30    0.0100         24    0.9517    0.9517    0.9517
    20.575     38.50   -0.6000         48    0.9647    0.9647    0.9647
    20.575     38.50   -0.1500        344    0.9647    0.9647    0.9779
    20.575     38.50   -0.0750        712    0.9647    0.9647    0.9779
    20.575     38.50   -0.0350        604    0.9647    0.9779    0.9779
    20.575     38.50    0.0100         32    0.9647    0.9647    0.9647
    20.575     38.70   -0.6000         40    0.9779    0.9779    0.9912
    20.575     38.70   -0.1500        552    0.9779    0.9779    0.9912
    20.575     38.70   -0.0750        796    0.9779    0.9779    0.9912
    20.575     38.70   -0.0350       1004    0.9779    0.9779    0.9912
    20.575     38.70   -0.0100        792    0.9912    0.9912    0.9912
    20.575     38.70    0.0750         20    1.0048    1.0048    1.0048
    20.575     38.90   -0.6000         20    0.9912    0.9912    0.9912
    20.575     38.90   -0.1500        520    0.9912    0.9912    0.9912
    20.575     38.90   -0.0750       1144    0.9912    0.9912    1.0048
    20.575     38.90   -0.0350       2988    0.9912    0.9912    1.0048
    20.575     38.90   -0.0100       2912    0.9912    0.9912    0.9912
    20.575     38.90    0.0100      13360    1.0048    1.0048    1.0048
    20.575     39.10   -0.1500        116    1.0048    1.0048    1.0048
    20.575     39.10   -0.0750        520    1.0048    1.0048    1.0048
    20.575     39.10   -0.0350       1168    1.0048    1.0048    1.0048
    20.575     39.10   -0.0100      20528    1.0048    1.0048    1.0048
    20.575     39.10    0.0100      11104    1.0048    1.0048    1.0048
    20.625     36.50   -0.1500         28    0.8425    0.8425    0.8425
    20.625     36.50   -0.0350         32    0.8311    0.8311    0.8656
    20.625     36.70   -0.1500         36    0.8425    0.8540    0.8540
    20.625     36.90   -0.1500         40    0.8656    0.8656    0.8774
    20.625     36.90   -0.0750         24    0.8656    0.8656    0.8656
    20.625     36.90   -0.0350         36    0.8540    0.8656    0.8774
    20.625     37.10   -0.6000         48    0.8894    0.8894    0.9015
    20.625     37.10   -0.1500        112    0.8774    0.8894    0.9015
    20.625     37.10   -0.0350         40    0.8656    0.8774    0.9015
    20.625     37.30   -0.6000         40    0.9015    0.9015    0.9015
    20.625     37.30   -0.1500        156    0.8894    0.9015    0.9138
    20.625     37.30   -0.0750         48    0.8894    0.8894    0.9138
    20.625     37.30   -0.0350         20    0.8774    0.8894    0.8894
    20.625     37.50   -0.6000         52    0.9015    0.9138    0.9138
    20.625     37.50   -0.1500        236    0.9015    0.9138    0.9263
    20.625     37.50   -0.0750        100    0.9015    0.9138    0.9263
    20.625     37.50   -0.0350         80    0.9015    0.9015    0.9138
    20.625     37.70   -0.6000         36    0.9263    0.9263    0.9263
    20.625     37.70   -0.1500        224    0.9138    0.9263    0.9263
    20.625     37.70   -0.0750        488    0.9263    0.9389    0.9389
    20.625     37.70   -0.0350         28    0.9138    0.9138    0.9138
    20.625     37.90   -0.6000         40    0.9263    0.9263    0.9389
    20.625     37.90   -0.1500        228    0.9263    0.9389    0.9389
    20.625     37.90   -0.0750        576    0.9389    0.9517    0.9517
    20.625     37.90   -0.0350         32    0.9263    0.9263    0.9263
    20.625     38.10   -0.6000         32    0.9389    0.9389    0.9389
    20.625     38.10   -0.1500        180    0.9389    0.9517    0.9517
    20.625     38.10   -0.0750        580    0.9517    0.9517    0.9517
    20.625     38.10   -0.0350        340    0.9779    0.9779    0.9779
    20.625     38.30   -0.0750        292    0.9517    0.9517    0.9647
    20.625     38.30   -0.0350       1052    0.9647    0.9647    0.9647
    20.625     38.50   -0.0350        112    0.9647    0.9647    0.9647
    20.625     38.70   -0.0100      16532    1.0048    1.0048    1.0048
    20.625     38.70    0.0100       4524    1.0048    1.0048    1.0048
    20.625     38.90   -0.0100      20024    1.0048    1.0048    1.0048
    20.625     38.90    0.0100      77124    1.0048    1.0048    1.0048
    20.675     35.10   -0.1500         36    0.7559    0.7662    0.7767
    20.675     35.10   -0.0350         20    0.7662    0.7662    0.7662
    20.675     35.30   -0.1500         24    0.7662    0.7767    0.7767
    20.675     35.50   -0.1500         24    0.7767    0.7873    0.7873
    20.675     35.50    0.0350         20    0.9263    0.9389    0.9389
    20.675     35.70   -0.0750         20    0.7980    0.8089    0.8089
    20.675     35.90   -0.6000         36    0.8311    0.8311    0.8540
    20.675     35.90   -0.1500         24    0.8089    0.8089    0.8311
    20.675     36.10   -0.6000         36    0.8311    0.8425    0.8540
    20.675     36.10   -0.1500         44    0.8199    0.8199    0.8774
    20.675     36.30   -0.1500         88    0.8311    0.8656    0.8774
    20.675     36.30   -0.0750         20    0.8311    0.8311    0.8425
    20.675     36.50   -0.6000         56    0.8540    0.8656    0.8656
    20.675     36.50   -0.1500        192    0.8656    0.8774    0.8894
    20.675     36.50   -0.0750         20    0.8311    0.8540    0.8540
    20.675     36.70   -0.1500        108    0.8774    0.8894    0.8894
    20.675     36.70   -0.0350         20    0.8894    0.8894    0.9015
    20.675     36.90   -0.1500        124    0.8894    0.8894    0.9015
    20.675     36.90   -0.0750         24    0.9015    0.9015    0.9015
    20.675     36.90   -0.0350         20    0.8894    0.8894    0.8894
    20.675     37.10   -0.1500         48    0.8894    0.9015    0.9015
    20.675     37.10   -0.0750         28    0.9015    0.9015    0.9015
    20.675     37.30   -0.0750        216    0.9263    0.9389    0.9389
    20.675     37.50   -0.0750        392    0.9263    0.9517    0.9517
    20.675     37.50   -0.0350        236    0.9389    0.9517    0.9647
    20.675     37.70   -0.0750        296    0.9389    0.9517    0.9517
    20.675     38.10   -0.0350        412    0.9779    0.9912    0.9912
    20.675     38.10   -0.0100        288    1.0048    1.0048    1.0048
    20.675     38.30   -0.0350        112    0.9779    0.9779    0.9779
    20.675     38.30   -0.0100        264    0.9912    0.9912    1.0048
    20.675     38.30    0.0100        784    1.0048    1.0048    1.0048
    20.675     38.50   -0.0100       9792    1.0048    1.0048    1.0048
    20.675     38.50    0.0100      23876    1.0048    1.0048    1.0048
    20.675     38.70   -0.0100      10224    1.0048    1.0048    1.0048
    20.675     38.70    0.0100      48392    1.0048    1.0048    1.0048
    20.725     34.30   -0.6000         20    0.7559    0.7559    0.7662
    20.725     34.30   -0.1500         20    0.7160    0.7160    0.7258
    20.725     34.50   -0.1500         28    0.7258    0.7258    0.7258
    20.725     34.50   -0.0750         24    0.7457    0.7559    0.7662
    20.725     34.70   -0.6000         24    0.7767    0.7873    0.7873
    20.725     34.90   -0.6000         28    0.7980    0.8089    0.8199
    20.725     34.90   -0.1500         32    0.7457    0.7457    0.7457
    20.725     34.90   -0.0750         20    0.7873    0.7873    0.7873
    20.725     35.10   -0.1500         32    0.7662    0.8089    0.8089
    20.725     35.30   -0.1500         24    0.8089    0.8199    0.8199
    20.725     35.70   -0.1500         40    0.8199    0.8656    0.8656
    20.725     35.90   -0.1500        116    0.8656    0.8774    0.8894
    20.725     36.10   -0.1500         92    0.8656    0.8774    0.8894
    20.725     36.30   -0.1500         76    0.8894    0.8894    0.8894
    20.725     36.50   -0.0350         40    0.9015    0.9138    0.9263
    20.725     37.10   -0.0750        148    0.9517    0.9517    0.9517
    20.725     37.10   -0.0350         64    0.9517    0.9647    0.9647
    20.725     37.10    0.1500         28    0.9912    0.9912    0.9912
    20.725     37.30   -0.0750        144    0.9389    0.9647    0.9779
    20.725     37.30    0.1500         20    0.9912    0.9912    0.9912
    20.725     37.50   -0.0750         48    0.9647    0.9647    0.9647
    20.725     37.50   -0.0350        536    0.9647    0.9779    0.9912
    20.725     37.70    0.0100         32    1.0048    1.0048    1.0048
    20.725     37.90   -0.0100        536    1.0048    1.0048    1.0048
    20.725     37.90    0.0100        140    1.0048    1.0048    1.0048
    20.725     38.10   -0.0100       5152    1.0048    1.0048    1.0048
    20.725     38.10    0.0100      15700    1.0048    1.0048    1.0048
    20.725     38.30   -0.0100      16328    1.0048    1.0048    1.0048
    20.725     38.30    0.0100      13625    1.0048    1.0048    1.0048
    20.725     38.50   -0.0100        268    1.0048    1.0048    1.0048
    20.725     38.50    0.0100      14472    1.0048    1.0048    1.0048
    20.775     32.50   -0.1500         24    0.6338    0.6338    0.6512
    20.775     33.30   -0.1500         28    0.6783    0.6783    0.6969
    20.775     33.50   -0.1500         28    0.6783    0.6783    0.7064
    20.775     34.10   -0.6000         28    0.7662    0.7873    0.7980
    20.775     34.30   -0.6000         20    0.7767    0.7767    0.7980
    20.775     34.30   -0.1500         20    0.7980    0.7980    0.7980
    20.775     35.10   -0.1500         44    0.8656    0.8656    0.8656
    20.775     35.30   -0.1500         44    0.8656    0.8656    0.8774
    20.775     35.50   -0.1500         72    0.8656    0.8894    0.9015
    20.775     35.50   -0.0750         40    0.8894    0.8894    0.8894
    20.775     35.70   -0.1500        128    0.8774    0.8894    0.8894
    20.775     35.90    0.0350         20    0.9647    0.9647    0.9779
    20.775     36.30   -0.0100         20    0.9389    0.9517    0.9517
    20.775     36.70    0.0750         44    0.9779    0.9912    0.9912
    20.775     36.70    0.1500         24    0.9912    0.9912    1.0048
    20.775     36.90    0.1500         60    0.9912    1.0048    1.0048
    20.775     37.10   -0.0350        312    0.9779    0.9912    0.9912
    20.775     37.10    0.1500         56    0.9912    0.9912    1.0048
    20.775     37.30   -0.0350        220    0.9912    1.0048    1.0048
    20.775     37.30   -0.0100        168    1.0048    1.0048    1.0048
    20.775     37.30    0.0100         24    1.0048    1.0048    1.0048
    20.775     37.50   -0.0350        124    0.9912    0.9912    1.0048
    20.775     37.50   -0.0100         72    0.9912    0.9912    1.0048
    20.775     37.50    0.0100        396    1.0048    1.0048    1.0048
    20.775     37.70   -0.0100       6860    1.0048    1.0048    1.0048
    20.775     37.70    0.0100       3768    1.0048    1.0048    1.0048
    20.775     37.70    0.0350        168    1.0048    1.0048    1.0048
    20.775     37.90   -0.0100       2552    1.0048    1.0048    1.0048
    20.775     37.90    0.0100      15016    1.0048    1.0048    1.0048
    20.775     38.10   -0.0100       8744    1.0048    1.0048    1.0048
    20.825     32.10   -0.1500         44    0.6253    0.6338    0.6691
    20.825     34.90   -0.1500         56    0.8774    0.8774    0.8894
    20.825     35.10   -0.1500         28    0.9138    0.9138    0.9138
    20.825     35.30   -0.1500         88    0.9015    0.9138    0.9138
    20.825     35.30   -0.0750         44    0.9138    0.9138    0.9138
    20.825     35.50   -0.0750         32    0.9015    0.9015    0.9015
    20.825     35.70    0.0750         20    0.9517    0.9517    1.0185
    20.825     35.90    0.0750         28    0.9517    0.9517    0.9912
    20.825     36.10    0.0750         56    0.9647    0.9912    1.0048
    20.825     36.30    0.0100         28    0.9647    0.9779    0.9912
    20.825     36.30    0.0750         76    0.9779    0.9912    1.0048
    20.825     36.50    0.0750         52    0.9779    0.9912    0.9912
    20.825     36.70    0.1500         28    1.0048    1.0048    1.0048
    20.825     36.90   -0.0350         56    1.0185    1.0185    1.0185
    20.825     36.90   -0.0100        176    1.0048    1.0048    1.0048
    20.825     36.90    0.0100        148    1.0048    1.0048    1.0185
    20.825     37.10   -0.0350        180    1.0048    1.0048    1.0048
    20.825     37.10   -0.0100        568    1.0048    1.0048    1.0048
    20.825     37.10    0.0100        408    1.0048    1.0048    1.0048
    20.825     37.10    0.0350         36    1.0048    1.0048    1.0048
    20.825     37.30   -0.0100       6280    1.0048    1.0048    1.0048
    20.825     37.30    0.0100       3556    1.0048    1.0048    1.0048
    20.825     37.30    0.0350        140    1.0048    1.0048    1.0048
    20.825     37.50   -0.0100        664    1.0048    1.0048    1.0048
    20.825     37.50    0.0100       9828    1.0048    1.0048    1.0048
    20.825     37.50    0.0350        304    1.0048    1.0048    1.0048
    20.825     37.70   -0.0100       4164    1.0048    1.0048    1.0048
    20.825     37.70    0.0350         24    1.0048    1.0048    1.0048
    20.875     34.70   -0.1500         76    0.8894    0.9015    0.9138
    20.875     34.70    0.0750         20    0.9779    0.9912    0.9912
    20.875     34.90   -0.1500         56    0.9263    0.9389    0.9389
    20.875     34.90   -0.0750         24    0.9389    0.9389    0.9389
    20.875     34.90   -0.0350         40    0.9263    0.9389    0.9389
    20.875     35.10   -0.1500        144    0.9138    0.9517    0.9647
    20.875     35.10   -0.0750        344    0.9517    0.9647    0.9647
    20.875     35.10   -0.0350        152    0.9389    0.9647    0.9647
    20.875     35.10   -0.0100         48    0.9263    0.9517    0.9517
    20.875     35.10    0.0100         24    0.9389    0.9389    0.9517
    20.875     35.10    0.0750         20    0.9517    0.9517    1.0899
    20.875     35.30   -0.1500        132    0.9647    0.9647    0.9779
    20.875     35.30   -0.0750        528    0.9647    0.9647    0.9779
    20.875     35.30   -0.0350       1032    0.9779    0.9779    0.9779
    20.875     35.30   -0.0100        328    0.9517    0.9912    0.9912
    20.875     35.30    0.0100         52    0.9517    0.9779    0.9779
    20.875     35.50   -0.1500        140    0.9779    0.9779    0.9912
    20.875     35.50   -0.0750        744    0.9779    0.9912    0.9912
    20.875     35.50   -0.0350       1488    0.9779    0.9912    0.9912
    20.875     35.50   -0.0100       1492    0.9912    0.9912    0.9912
    20.875     35.50    0.0100         60    0.9647    0.9779    0.9779
    20.875     35.50    0.0750         44    0.9517    1.0185    1.0324
    20.875     35.70   -0.1500         44    0.9912    0.9912    0.9912
    20.875     35.70   -0.0750        996    0.9912    0.9912    1.0048
    20.875     35.70   -0.0350       3216    0.9912    1.0048    1.0048
    20.875     35.70   -0.0100      34732    1.0048    1.0048    1.0048
    20.875     35.70    0.0100      91352    1.0048    1.0048    1.0048
    20.875     35.70    0.0750         20    0.9517    1.0324    1.0464
    20.875     35.90   -0.0100       6516    1.0048    1.0048    1.0048
    20.875     35.90    0.0100        104    0.9779    0.9912    0.9912
    20.875     35.90    0.0750         24    1.0048    1.0048    1.0185
    20.875     36.10    0.0100         40    0.9912    0.9912    1.0048
    20.875     36.50   -0.0100         72    1.0185    1.0185    1.0185
    20.875     36.50    0.0100        360    1.0048    1.0048    1.0185
    20.875     36.70   -0.0100       1420    1.0048    1.0048    1.0048
    20.875     36.70    0.0100        900    1.0048    1.0048    1.0185
    20.875     36.70    0.0350         68    1.0048    1.0048    1.0048
    20.875     36.90   -0.0100       1400    1.0048    1.0048    1.0048
    20.875     36.90    0.0100       7504    1.0048    1.0048    1.0048
    20.875     36.90    0.0350         44    1.0048    1.0048    1.0048
    20.875     37.10   -0.0100       2984    1.0048    1.0048    1.0048
    20.875     37.10    0.0100       3164    1.0048    1.0048    1.0048
    20.875     37.30   -0.0100       1248    1.0048    1.0048    1.0048
    20.875     37.30    0.0100         24    1.0048    1.0048    1.0048
    20.925     29.90   -0.1500         20    0.5843    0.5843    0.6004
    20.925     32.30   -0.6000         20    0.7662    0.7873    0.7873
    20.925     33.70   -0.0750         48    0.8540    0.8540    0.8540
    20.925     33.90   -0.1500         36    0.8774    0.8894    0.8894
    20.925     33.90   -0.0750         40    0.8540    0.8656    0.8894
    20.925     33.90   -0.0100         32    0.8540    0.8656    0.8656
    20.925     34.10   -0.1500         52    0.8894    0.8894    0.9015
    20.925     34.10   -0.0750         72    0.8774    0.9015    0.9138
    20.925     34.10   -0.0350         36    0.8894    0.8894    0.8894
    20.925     34.10   -0.0100         24    0.8656    0.8656    0.8774
    20.925     34.10    0.0100         20    0.9138    0.9138    0.9647
    20.925     34.30   -0.1500         80    0.9015    0.9015    0.9138
    20.925     34.30   -0.0750        244    0.8894    0.9263    0.9389
    20.925     34.30   -0.0350         28    0.8894    0.9015    0.9015
    20.925     34.30   -0.0100         28    0.8894    0.8894    0.9138
    20.925     34.30    0.0100         20    0.9389    0.9389    0.9517
    20.925     34.50   -0.1500         64    0.9138    0.9138    0.9389
    20.925     34.50   -0.0750        304    0.9138    0.9263    0.9389
    20.925     34.50   -0.0350         68    0.9138    0.9138    0.9517
    20.925     34.50   -0.0100         68    0.8894    0.9138    0.9389
    20.925     34.70   -0.1500         84    0.9263    0.9263    0.9517
    20.925     34.70   -0.0750        336    0.9263    0.9389    0.9517
    20.925     34.70   -0.0350        176    0.9517    0.9647    0.9779
    20.925     34.70   -0.0100         72    0.9015    0.9263    0.9389
    20.925     34.90   -0.1500        104    0.9389    0.9389    0.9517
    20.925     34.90   -0.0750        308    0.9389    0.9517    0.9517
    20.925     34.90   -0.0350       1084    0.9647    0.9779    0.9779
    20.925     34.90   -0.0100         88    0.9389    0.9517    0.9779
    20.925     35.10   -0.0750         96    0.9517    0.9647    0.9647
    20.925     35.10   -0.0350       1136    0.9647    0.9779    0.9779
    20.925     35.10   -0.0100        208    1.0048    1.0048    1.0048
    20.925     35.30   -0.0350        108    0.9779    0.9779    0.9779
    20.925     35.30   -0.0100      18660    1.0048    1.0048    1.0048
    20.925     35.30    0.0100      20008    1.0048    1.0048    1.0048
    20.925     35.50   -0.0100      20680    1.0048    1.0048    1.0048
    20.925     35.50    0.0100      76112    1.0048    1.0048    1.0048
    20.925     35.70   -0.0100      23700    1.0048    1.0048    1.0048
    20.925     35.70    0.0100       9132    1.0048    1.0048    1.0048
    20.925     35.70    0.0750         24    1.0185    1.0185    1.0185
    20.925     36.10   -0.0100        680    1.0048    1.0048    1.0048
    20.925     36.10    0.0100        332    1.0048    1.0048    1.0048
    20.925     36.10    0.0350        116    1.0185    1.0185    1.0185
    20.925     36.10    0.0750         32    1.0185    1.0185    1.0185
    20.925     36.30   -0.0100        860    1.0048    1.0048    1.0048
    20.925     36.30    0.0100       3696    1.0048    1.0048    1.0048
    20.925     36.30    0.0350         40    1.0048    1.0048    1.0048
    20.925     36.50   -0.0100       2644    1.0048    1.0048    1.0048
    20.925     36.50    0.0100       2244    1.0048    1.0048    1.0048
    20.925     36.50    0.0350         40    1.0048    1.0048    1.0048
    20.925     36.70   -0.0100       3648    1.0048    1.0048    1.0048
    20.925     36.70    0.0100        248    1.0048    1.0048    1.0048
    20.975     32.50   -0.0750         48    0.7767    0.7767    0.7873
    20.975     32.70   -0.0750         32    0.7873    0.7873    0.7980
    20.975     32.90   -0.1500         24    0.8311    0.8311    0.8425
    20.975     32.90   -0.0350         24    0.8540    0.8540    0.8894
    20.975     33.10   -0.1500         44    0.8311    0.8425    0.8656
    20.975     33.10   -0.0750         56    0.8089    0.8199    0.8656
    20.975     33.30   -0.1500         40    0.8425    0.8540    0.8540
    20.975     33.30   -0.0750         60    0.8199    0.8311    0.8774
    20.975     33.30   -0.0350         32    0.8425    0.8425    0.8540
    20.975     33.50   -0.1500         36    0.8656    0.8774    0.8774
    20.975     33.50   -0.0750         48    0.8311    0.8425    0.9138
    20.975     33.50   -0.0350         20    0.8425    0.8425    0.8656
    20.975     33.70   -0.0750        140    0.8774    0.9138    0.9263
    20.975     33.70    0.0100         20    0.9389    0.9389    0.9389
    20.975     33.90   -0.0750        204    0.9138    0.9263    0.9389
    20.975     34.10   -0.0750        200    0.9263    0.9389    0.9389
    20.975     34.10    0.0350         20    0.9779    0.9912    0.9912
    20.975     34.30   -0.0750        124    0.9389    0.9517    0.9647
    20.975     34.30   -0.0100         52    0.9647    0.9647    0.9647
    20.975     34.50   -0.1500         28    0.9517    0.9517    0.9647
    20.975     34.50   -0.0750         40    0.9779    0.9779    0.9779
    20.975     34.50   -0.0350        116    0.9912    0.9912    1.0048
    20.975     34.50   -0.0100        132    0.9912    0.9912    1.0048
    20.975     34.70   -0.0750         44    0.9647    0.9647    0.9647
    20.975     34.70   -0.0350        444    0.9779    0.9912    1.0048
    20.975     34.70   -0.0100        512    1.0048    1.0048    1.0185
    20.975     34.70    0.0100        364    1.0048    1.0048    1.0048
    20.975     34.90   -0.0350        152    0.9912    0.9912    0.9912
    20.975     34.90   -0.0100      11224    1.0048    1.0048    1.0048
    20.975     34.90    0.0100       9468    1.0048    1.0048    1.0048
    20.975     35.10   -0.0100      16440    1.0048    1.0048    1.0048
    20.975     35.10    0.0100      15036    1.0048    1.0048    1.0048
    20.975     35.30    0.0100      20205    1.0048    1.0048    1.0048
    20.975     35.50   -0.0100        384    1.0185    1.0185    1.0185
    20.975     35.50    0.0100         92    1.0048    1.0048    1.0185
    20.975     35.50    0.0350         64    1.0185    1.0185    1.0185
    20.975     35.70   -0.0100       1336    1.0048    1.0048    1.0185
    20.975     35.70    0.0100       1125    1.0048    1.0185    1.0185
    20.975     35.70    0.0350        216    1.0185    1.0185    1.0185
    20.975     35.90   -0.0100       3444    1.0048    1.0048    1.0048
    20.975     35.90    0.0100        748    1.0048    1.0048    1.0048
    20.975     35.90    0.0350        180    1.0185    1.0185    1.0185
    20.975     35.90    0.0750         20    1.0185    1.0185    1.0185
    20.975     36.10   -0.0100       3144    1.0048    1.0048    1.0048
    20.975     36.10    0.0100        956    1.0048    1.0048    1.0048
    20.975     36.10    0.0350         40    1.0185    1.0185    1.0185
    20.975     36.10    0.0750         36    1.0185    1.0185    1.0185
    20.975     36.30    0.0100       1012    1.0048    1.0048    1.0048
    21.025     30.90   -0.1500         24    0.8089    0.8089    0.8199
    21.025     31.50   -0.0750         20    0.7258    0.7559    0.7662
    21.025     31.50    0.0350         20    0.9389    0.9517    0.9517
    21.025     31.70   -0.0750         48    0.7357    0.7357    0.7662
    21.025     31.70    0.0750         20    1.0324    1.0464    1.0464
    21.025     31.90   -0.1500         24    0.7873    0.7873    0.8199
    21.025     31.90   -0.0750         28    0.7457    0.7457    0.7559
    21.025     32.30   -0.1500         40    0.8089    0.8199    0.8540
    21.025     32.30   -0.0750         24    0.7559    0.7662    0.7873
    21.025     32.70   -0.1500         36    0.8311    0.8425    0.8540
    21.025     32.70   -0.0750         20    0.8774    0.8774    0.8774
    21.025     32.70   -0.0100         24    0.9263    0.9517    0.9517
    21.025     32.90   -0.1500         24    0.8540    0.8656    0.8656
    21.025     32.90   -0.0750         24    0.8656    0.8774    0.8774
    21.025     33.10   -0.0750         52    0.9263    0.9263    0.9389
    21.025     33.30   -0.0750         76    0.9263    0.9517    0.9517
    21.025     33.50   -0.0750        160    0.9138    0.9517    0.9517
    21.025     33.50   -0.0350         72    0.9517    0.9517    0.9517
    21.025     33.70   -0.0750         96    0.9389    0.9389    0.9517
    21.025     33.70    0.1500         20    1.0048    1.0048    1.0048
    21.025     33.90    0.1500         28    1.0048    1.0048    1.0048
    21.025     34.10   -0.0750         76    0.9779    0.9779    1.0048
    21.025     34.10   -0.0100         28    1.0185    1.0185    1.0185
    21.025     34.10    0.0100        152    1.0048    1.0185    1.0185
    21.025     34.30   -0.0750         48    0.9912    0.9912    1.0048
    21.025     34.30   -0.0100        544    1.0048    1.0185    1.0185
    21.025     34.30    0.0100       3304    1.0048    1.0048    1.0185
    21.025     34.30    0.0350         52    1.0185    1.0185    1.0185
    21.025     34.50   -0.0100       5512    1.0048    1.0048    1.0048
    21.025     34.50    0.0100       5680    1.0048    1.0048    1.0048
    21.025     34.70   -0.0100       6676    1.0048    1.0048    1.0048
    21.025     34.70    0.0100      11252    1.0048    1.0048    1.0048
    21.025     34.90   -0.0100       1100    1.0048    1.0048    1.0048
    21.025     34.90    0.0100       1844    1.0048    1.0048    1.0048
    21.025     34.90    0.0350         96    1.0185    1.0185    1.0185
    21.025     35.10   -0.0100       1848    1.0048    1.0048    1.0048
    21.025     35.10    0.0100        312    1.0185    1.0185    1.0185
    21.025     35.10    0.0350        228    1.0185    1.0185    1.0185
    21.025     35.30   -0.0100       2652    1.0048    1.0185    1.0185
    21.025     35.30    0.0100        340    1.0185    1.0185    1.0185
    21.025     35.30    0.0350        196    1.0185    1.0185    1.0185
    21.025     35.50   -0.0100        568    1.0185    1.0185    1.0185
    21.025     35.50    0.0100       2504    1.0185    1.0185    1.0185
    21.025     35.50    0.0350        168    1.0185    1.0185    1.0185
    21.025     35.70    0.0100        704    1.0185    1.0185    1.0185
    21.075     30.30   -0.0750         28    0.6875    0.6969    0.7064
    21.075     30.70   -0.1500         28    0.7662    0.8199    0.8199
    21.075     30.90   -0.0750         32    0.7064    0.7160    0.7559
    21.075     31.10    0.0350         28    0.9517    0.9647    1.1351
    21.075     31.50   -0.1500         44    0.7767    0.8199    0.8199
    21.075     31.70   -0.1500         28    0.8199    0.8540    0.8540
    21.075     32.10   -0.0350         20    0.9138    0.9138    0.9138
    21.075     32.30   -0.0350         24    0.8894    0.9015    0.9015
    21.075     32.90   -0.0750         84    0.9389    0.9517    0.9779
    21.075     32.90    0.0750         28    1.0048    1.0185    1.0185
    21.075     33.10   -0.0750        116    0.9389    0.9647    0.9779
    21.075     33.10    0.0750         36    1.0048    1.0048    1.0185
    21.075     33.30   -0.0750         40    0.9647    0.9647    0.9647
    21.075     33.30   -0.0350         76    0.9647    0.9779    0.9779
    21.075     33.30    0.0750         40    1.0048    1.0048    1.0048
    21.075     33.30    0.1500         60    1.0185    1.0185    1.0185
    21.075     33.50   -0.0750         20    0.9779    0.9779    0.9779
    21.075     33.50    0.1500         44    1.0048    1.0048    1.0185
    21.075     33.70   -0.0350         40    1.0048    1.0048    1.0185
    21.075     33.70   -0.0100        696    1.0048    1.0185    1.0185
    21.075     33.70    0.0100        428    1.0185    1.0185    1.0185
    21.075     33.70    0.0350         68    1.0185    1.0185    1.0185
    21.075     33.70    0.1500         36    1.0048    1.0048    1.0048
    21.075     33.90   -0.0350         64    0.9912    1.0048    1.0048
    21.075     33.90   -0.0100       2064    1.0048    1.0185    1.0185
    21.075     33.90    0.0100       5484    1.0185    1.0185    1.0185
    21.075     33.90    0.0350        104    1.0185    1.0185    1.0185
    21.075     34.10   -0.0750         44    1.0048    1.0048    1.0048
    21.075     34.10   -0.0100       4288    1.0048    1.0048    1.0185
    21.075     34.10    0.0100       3204    1.0048    1.0185    1.0185
    21.075     34.10    0.0350         88    1.0048    1.0185    1.0185
    21.075     34.30   -0.0100       5132    1.0048    1.0048    1.0048
    21.075     34.30    0.0100       3656    1.0048    1.0048    1.0048
    21.075     34.30    0.0350         28    1.0185    1.0185    1.0185
    21.075     34.50   -0.0100        932    1.0185    1.0185    1.0185
    21.075     34.50    0.0100       1304    1.0185    1.0185    1.0185
    21.075     34.50    0.0350         21    1.0185    1.0185    1.0185
    21.075     34.50    0.1500         20    1.0324    1.0324    1.0324
    21.075     34.70   -0.0100        700    1.0185    1.0185    1.0185
    21.075     34.70    0.0100       1552    1.0185    1.0185    1.0185
    21.075     34.70    0.0350        220    1.0185    1.0185    1.0185
    21.075     34.90   -0.0100       1264    1.0185    1.0185    1.0185
    21.075     34.90    0.0100        528    1.0185    1.0185    1.0185
    21.075     34.90    0.0350        160    1.0185    1.0185    1.0185
    21.075     35.10   -0.0100        400    1.0048    1.0048    1.0048
    21.125     30.10   -0.0750         32    0.6969    0.7064    0.7662
    21.125     31.10   -0.1500         28    0.8311    0.8425    0.8540
    21.125     31.90    0.0100         80    1.0048    1.0048    1.0185
    21.125     31.90    0.0750         36    0.9912    0.9912    1.0324
    21.125     32.10    0.0750         60    0.9912    1.0185    1.0185
    21.125     32.30    0.0750         56    1.0048    1.0185    1.0185
    21.125     32.50   -0.0750         20    0.9779    0.9779    0.9912
    21.125     32.50   -0.0350         68    0.9912    0.9912    0.9912
    21.125     32.50    0.0750         36    1.0048    1.0185    1.0185
    21.125     32.70   -0.0750        120    0.9647    0.9779    0.9912
    21.125     32.70   -0.0350         20    0.9779    0.9912    1.0048
    21.125     32.70    0.0100         24    1.0185    1.0185    1.0185
    21.125     32.70    0.0750         52    1.0048    1.0048    1.0185
    21.125     32.70    0.1500         20    1.0185    1.0185    1.0464
    21.125     32.90   -0.0750         68    0.9912    0.9912    0.9912
    21.125     32.90   -0.0100         28    1.0048    1.0185    1.0185
    21.125     32.90    0.1500         20    1.0185    1.0464    1.0464
    21.125     33.10   -0.0100        412    1.0185    1.0185    1.0185
    21.125     33.10    0.0100        256    1.0185    1.0185    1.0185
    21.125     33.10    0.0350         28    1.0185    1.0185    1.0185
    21.125     33.10    0.0750         20    1.0324    1.0324    1.0324
    21.125     33.30   -0.0100       2020    1.0185    1.0185    1.0185
    21.125     33.30    0.0100       2528    1.0185    1.0185    1.0185
    21.125     33.30    0.0350        104    1.0185    1.0185    1.0185
    21.125     33.50   -0.0350         32    1.0048    1.0185    1.0324
    21.125     33.50   -0.0100       2084    1.0185    1.0185    1.0185
    21.125     33.50    0.0100       2721    1.0185    1.0185    1.0185
    21.125     33.50    0.0350        108    1.0185    1.0185    1.0185
    21.125     33.50    0.0750         24    1.0185    1.0185    1.0185
    21.125     33.50    0.1500         20    1.0324    1.0324    1.0324
    21.125     33.70   -0.0350         48    1.0048    1.0185    1.0185
    21.125     33.70   -0.0100       4916    1.0048    1.0048    1.0185
    21.125     33.70    0.0100       1312    1.0185    1.0185    1.0185
    21.125     33.70    0.0350         76    1.0185    1.0185    1.0185
    21.125     33.90   -0.0100       1908    1.0185    1.0185    1.0185
    21.125     33.90    0.0100        520    1.0185    1.0185    1.0185
    21.125     33.90    0.0350         32    1.0048    1.0048    1.0185
    21.125     34.10   -0.0100       1568    1.0185    1.0185    1.0185
    21.125     34.10    0.0100        444    1.0185    1.0185    1.0185
    21.125     34.30   -0.0100       1240    1.0185    1.0185    1.0185
    21.125     34.30    0.0100        276    1.0185    1.0185    1.0185
    21.125     34.50   -0.0100        260    1.0185    1.0185    1.0185
    21.175     30.10   -0.0750         20    0.8894    0.8894    0.9015
    21.175     30.30   -0.0750         28    0.8656    0.8656    0.8656
    21.175     30.70   -0.0750         76    0.9647    0.9647    0.9647
    21.175     30.70   -0.0350        352    0.9517    0.9647    0.9779
    21.175     30.70   -0.0100         44    0.9389    0.9517    0.9517
    21.175     30.70    0.0100         56    0.9389    0.9647    0.9912
    21.175     30.90   -0.0750        228    0.9779    0.9779    0.9912
    21.175     30.90   -0.0350        640    0.9779    0.9779    0.9912
    21.175     30.90   -0.0100       1196    0.9912    1.0048    1.0048
    21.175     30.90    0.0100         36    0.9389    0.9517    0.9779
    21.175     30.90    0.0750         20    1.0607    1.0752    1.1983
    21.175     31.10   -0.0750        272    0.9912    0.9912    1.0048
    21.175     31.10   -0.0350       1168    0.9912    0.9912    1.0048
    21.175     31.10   -0.0100       5044    1.0048    1.0048    1.0185
    21.175     31.10    0.0100       4752    1.0185    1.0185    1.0185
    21.175     31.10    0.0750         20    1.0464    1.0464    1.1663
    21.175     31.30   -0.0750         56    1.0048    1.0048    1.0048
    21.175     31.30   -0.0350       1976    1.0048    1.0048    1.0185
    21.175     31.30   -0.0100      17844    1.0185    1.0185    1.0185
    21.175     31.30    0.0100       1380    1.0185    1.0185    1.0185
    21.175     31.30    0.0750         33    1.0185    1.0899    1.1047
    21.175     31.50   -0.0100        140    0.9912    0.9912    1.0048
    21.175     31.50    0.0100        100    0.9912    0.9912    1.0048
    21.175     31.50    0.0750         32    1.0048    1.0607    1.0607
    21.175     31.70   -0.0100         52    0.9779    0.9912    0.9912
    21.175     31.70    0.0100        116    1.0048    1.0048    1.0048
    21.175     31.70    0.0750         64    1.0048    1.0185    1.0324
    21.175     31.90    0.0100         44    1.0048    1.0048    1.0048
    21.175     32.10   -0.0750         44    0.9912    0.9912    0.9912
    21.175     32.10   -0.0350         48    0.9779    1.0185    1.0324
    21.175     32.30   -0.0350        132    1.0048    1.0185    1.0185
    21.175     32.50   -0.0350         48    0.9912    1.0048    1.0185
    21.175     32.50   -0.0100        432    1.0185    1.0185    1.0185
    21.175     32.50    0.0100        320    1.0185    1.0185    1.0185
    21.175     32.50    0.1500         28    1.0324    1.0324    1.0607
    21.175     32.70   -0.0100       1008    1.0185    1.0185    1.0185
    21.175     32.70    0.0100       2481    1.0185    1.0185    1.0185
    21.175     32.70    0.0750         20    1.0324    1.0324    1.0324
    21.175     32.90   -0.0100       2108    1.0185    1.0185    1.0185
    21.175     32.90    0.0100       1708    1.0185    1.0185    1.0185
    21.175     32.90    0.0350        104    1.0185    1.0185    1.0185
    21.175     32.90    0.0750         56    1.0185    1.0185    1.0324
    21.175     33.10   -0.0350         28    1.0185    1.0185    1.0185
    21.175     33.10   -0.0100       3748    1.0185    1.0185    1.0185
    21.175     33.10    0.0100        824    1.0185    1.0185    1.0185
    21.175     33.10    0.0350         72    1.0185    1.0185    1.0185
    21.175     33.10    0.0750         28    1.0185    1.0185    1.0185
    21.175     33.30   -0.0100       1676    1.0185    1.0185    1.0185
    21.175     33.30    0.0100        432    1.0185    1.0185    1.0185
    21.175     33.30    0.0750         32    1.0185    1.0185    1.0185
    21.175     33.50   -0.0100        760    1.0185    1.0185    1.0185
    21.175     33.50    0.0100        988    1.0185    1.0185    1.0185
    21.175     33.70    0.0100        724    1.0185    1.0185    1.0185
    21.225     25.90    0.0750         20    1.0464    1.0464    1.0752
    21.225     29.70   -0.0750         32    0.8425    0.8540    0.9015
    21.225     29.70   -0.0350         84    0.8656    0.8774    0.9517
    21.225     29.70    0.0100         24    0.9138    0.9138    0.9389
    21.225     29.90   -0.1500         28    0.9015    0.9015    0.9015
    21.225     29.90   -0.0750         92    0.8894    0.9015    0.9263
    21.225     29.90   -0.0350         76    0.8774    0.8894    0.9389
    21.225     29.90   -0.0100         40    0.9138    0.9263    0.9263
    21.225     29.90    0.0100         24    0.9138    0.9263    0.9517
    21.225     30.10   -0.0750         84    0.9015    0.9138    0.9389
    21.225     30.10   -0.0350        208    0.9015    0.9647    0.9779
    21.225     30.10   -0.0100         24    0.9138    0.9263    0.9263
    21.225     30.10    0.0100         28    0.9138    0.9138    0.9263
    21.225     30.10    0.0350         24    1.0185    1.0324    1.1198
    21.225     30.30   -0.0750        116    0.9263    0.9389    0.9779
    21.225     30.30   -0.0350        420    0.9138    0.9647    0.9779
    21.225     30.30   -0.0100         68    0.9138    0.9263    0.9389
    21.225     30.30    0.0100         40    0.9138    0.9263    1.0048
    21.225     30.30    0.0750         20    1.1663    1.2480    1.2823
    21.225     30.50   -0.0750        188    0.9389    0.9517    0.9779
    21.225     30.50   -0.0350        440    0.9517    0.9647    0.9779
    21.225     30.50   -0.0100        428    1.0185    1.0185    1.0185
    21.225     30.50    0.0100        968    1.0185    1.0185    1.0185
    21.225     30.50    0.0350         28    1.0185    1.0607    1.1198
    21.225     30.70   -0.0750         68    0.9647    0.9779    0.9779
    21.225     30.70   -0.0350        184    0.9647    0.9779    0.9779
    21.225     30.70   -0.0100       4436    1.0185    1.0185    1.0185
    21.225     30.70    0.0100       3172    1.0185    1.0185    1.0185
    21.225     30.70    0.0750         24    1.1047    1.1506    1.2823
    21.225     30.90   -0.0100       4408    1.0048    1.0185    1.0185
    21.225     30.90    0.0100       3484    1.0185    1.0185    1.0185
    21.225     31.10   -0.0100        284    1.0185    1.0185    1.0185
    21.225     31.10    0.0100       4565    1.0185    1.0185    1.0185
    21.225     31.30   -0.0350         20    1.0048    1.0048    1.0048
    21.225     31.70   -0.0350         48    0.9647    1.0048    1.0324
    21.225     31.70   -0.0100         32    1.0185    1.0324    1.0324
    21.225     31.90   -0.0350         56    1.0324    1.0324    1.0324
    21.225     31.90   -0.0100        596    1.0185    1.0185    1.0324
    21.225     31.90    0.0100        908    1.0185    1.0324    1.0324
    21.225     31.90    0.0350         32    1.0324    1.0324    1.0324
    21.225     31.90    0.1500         21    1.0324    1.0324    1.0324
    21.225     32.10   -0.0350         52    1.0185    1.0185    1.0324
    21.225     32.10   -0.0100       1080    1.0185    1.0185    1.0185
    21.225     32.10    0.0100       1616    1.0185    1.0324    1.0324
    21.225     32.10    0.0350         40    1.0324    1.0324    1.0324
    21.225     32.10    0.0750         24    1.0324    1.0324    1.0324
    21.225     32.30   -0.0100       2576    1.0185    1.0185    1.0324
    21.225     32.30    0.0100        988    1.0185    1.0185    1.0324
    21.225     32.30    0.0350         56    1.0048    1.0048    1.0324
    21.225     32.50   -0.0100       2296    1.0185    1.0185    1.0185
    21.225     32.50    0.0100       1328    1.0185    1.0324    1.0324
    21.225     32.50    0.0750         44    1.0324    1.0324    1.0324
    21.225     32.70   -0.0100        892    1.0185    1.0185    1.0324
    21.225     32.70    0.0100        556    1.0185    1.0324    1.0324
    21.225     32.70    0.0750         24    1.0185    1.0324    1.0324
    21.225     32.90   -0.0100        784    1.0185    1.0185    1.0324
    21.225     32.90    0.0100        168    1.0185    1.0185    1.0185
    21.225     33.10   -0.0100        212    1.0185    1.0185    1.0185
    21.275     26.70    0.0750         20    1.0324    1.0607    1.0607
    21.275     28.70   -0.0350         20    0.8089    0.8089    0.8540
    21.275     28.90   -0.0350         32    0.8199    0.8199    0.8540
    21.275     29.10   -0.0750         80    0.8540    0.8894    0.8894
    21.275     29.10   -0.0350         32    0.8199    0.8311    0.8540
    21.275     29.10    0.0350         24    0.9912    0.9912    1.1506
    21.275     29.30   -0.0750         64    0.8656    0.8894    0.9015
    21.275     29.30   -0.0350         80    0.8425    0.8425    0.8540
    21.275     29.30   -0.0100         32    0.9647    0.9647    0.9912
    21.275     29.30    0.0100         24    0.9517    0.9647    0.9912
    21.275     29.30    0.0350         20    0.9779    0.9779    1.0899
    21.275     29.50   -0.0750         48    0.8774    0.9015    0.9138
    21.275     29.50   -0.0350         68    0.8425    0.8540    0.9517
    21.275     29.50   -0.0100         24    0.9517    0.9647    0.9779
    21.275     29.50    0.0100         44    0.9263    0.9389    0.9647
    21.275     29.70   -0.0750         44    0.8656    0.9138    0.9263
    21.275     29.70   -0.0350        164    0.9389    0.9912    1.0048
    21.275     29.70   -0.0100         24    0.9263    1.0185    1.0185
    21.275     29.90   -0.0350        212    0.9779    0.9912    1.0048
    21.275     29.90   -0.0100        220    1.0048    1.0324    1.0324
    21.275     29.90    0.0100        144    1.0324    1.0324    1.0324
    21.275     30.10   -0.0750         40    0.9779    0.9912    0.9912
    21.275     30.10   -0.0350        180    0.9647    0.9912    0.9912
    21.275     30.10   -0.0100       2492    1.0185    1.0324    1.0324
    21.275     30.10    0.0100       1820    1.0185    1.0324    1.0324
    21.275     30.10    0.0350        152    1.0324    1.0324    1.0324
    21.275     30.30   -0.0100       2792    1.0185    1.0185    1.0324
    21.275     30.30    0.0100       2572    1.0185    1.0185    1.0324
    21.275     30.30    0.0350         24    1.0324    1.0324    1.0324
    21.275     30.50   -0.0100       1508    1.0185    1.0185    1.0185
    21.275     30.50    0.0100       3280    1.0185    1.0185    1.0185
    21.275     30.70    0.0750         20    1.0464    1.0464    1.0464
    21.275     30.90   -0.0100         20    0.9517    0.9517    0.9517
    21.275     30.90    0.0100        164    1.0464    1.0464    1.0464
    21.275     31.10   -0.0100        272    1.0324    1.0324    1.0324
    21.275     31.10    0.0100        572    1.0324    1.0324    1.0464
    21.275     31.30   -0.0350         32    1.0324    1.0324    1.0324
    21.275     31.30   -0.0100        920    1.0324    1.0324    1.0324
    21.275     31.30    0.0100        824    1.0324    1.0324    1.0324
    21.275     31.30    0.0350         36    1.0324    1.0324    1.0464
    21.275     31.30    0.0750         20    1.0464    1.0464    1.0464
    21.275     31.50   -0.0350         32    1.0324    1.0324    1.0324
    21.275     31.50   -0.0100       1740    1.0324    1.0324    1.0324
    21.275     31.50    0.0100       1016    1.0324    1.0324    1.0324
    21.275     31.50    0.0350         36    1.0185    1.0324    1.0324
    21.275     31.50    0.0750         36    1.0464    1.0464    1.0464
    21.275     31.70   -0.0350         48    1.0324    1.0324    1.0324
    21.275     31.70   -0.0100       2260    1.0185    1.0324    1.0324
    21.275     31.70    0.0100       1036    1.0324    1.0324    1.0324
    21.275     31.70    0.0350         48    1.0185    1.0324    1.0324
    21.275     31.70    0.0750         40    1.0464    1.0464    1.0464
    21.275     31.90   -0.0350         52    1.0324    1.0324    1.0324
    21.275     31.90   -0.0100       1204    1.0324    1.0324    1.0324
    21.275     31.90    0.0100        908    1.0324    1.0324    1.0324
    21.275     31.90    0.0350         52    1.0185    1.0185    1.0185
    21.275     31.90    0.0750         28    1.0324    1.0324    1.0324
    21.275     32.10   -0.0100        720    1.0324    1.0324    1.0324
    21.275     32.10    0.0100        128    1.0324    1.0324    1.0324
    21.275     32.10    0.0350         24    1.0048    1.0185    1.0185
    21.275     32.10    0.0750         20    1.0324    1.0324    1.0324
    21.275     32.30   -0.0100        416    1.0324    1.0324    1.0324
    21.325     27.30    0.0750         28    1.0324    1.0752    1.1822
    21.325     28.10   -0.0750         24    0.8425    0.8540    0.8540
    21.325     28.10   -0.0100         40    0.7980    0.8199    0.8774
    21.325     28.30   -0.0350         28    0.8089    0.8089    0.9138
    21.325     28.50   -0.0750         40    0.8425    0.9015    0.9138
    21.325     28.50   -0.0350         44    0.7980    0.8089    0.8540
    21.325     28.70   -0.0750         40    0.8425    0.9015    0.9015
    21.325     28.90   -0.0750         32    0.9015    0.9015    0.9015
    21.325     28.90    0.0100         20    1.0185    1.0185    1.0185
    21.325     28.90    0.0350         28    1.0048    1.0464    1.0464
    21.325     29.10   -0.0350         28    1.0185    1.0185    1.0185
    21.325     29.10   -0.0100         48    0.9912    0.9912    1.0185
    21.325     29.30   -0.0350        108    1.0185    1.0185    1.0324
    21.325     29.30   -0.0100        124    1.0324    1.0324    1.0324
    21.325     29.30    0.0100        140    1.0324    1.0324    1.0464
    21.325     29.50   -0.0350        188    1.0048    1.0185    1.0185
    21.325     29.50   -0.0100       1332    1.0324    1.0324    1.0324
    21.325     29.50    0.0100       1137    1.0324    1.0324    1.0324
    21.325     29.50    0.0750         28    1.0464    1.0464    1.0464
    21.325     29.50    0.1500         44    1.0464    1.0464    1.0752
    21.325     29.70   -0.0350         64    1.0048    1.0185    1.0185
    21.325     29.70   -0.0100       1884    1.0324    1.0324    1.0324
    21.325     29.70    0.0100       1208    1.0324    1.0324    1.0324
    21.325     29.70    0.0750         20    1.0464    1.0464    1.0607
    21.325     29.70    0.1500         32    1.0324    1.0464    1.0464
    21.325     29.90   -0.0100       2048    1.0324    1.0324    1.0324
    21.325     29.90    0.0100       1021    1.0324    1.0324    1.0324
    21.325     29.90    0.0350         44    1.0324    1.0324    1.0324
    21.325     29.90    0.1500         40    1.0185    1.0324    1.0324
    21.325     30.10   -0.0100        204    1.0324    1.0324    1.0324
    21.325     30.10    0.0100        324    1.0324    1.0324    1.0464
    21.325     30.30   -0.0100         52    1.0324    1.0324    1.0464
    21.325     30.30    0.0100        365    1.0464    1.0464    1.0464
    21.325     30.30    0.0350         24    1.0607    1.0607    1.0607
    21.325     30.30    0.0750         24    1.0464    1.0464    1.0464
    21.325     30.50   -0.0100        384    1.0324    1.0324    1.0464
    21.325     30.50    0.0100        848    1.0324    1.0464    1.0464
    21.325     30.50    0.0350         44    1.0324    1.0464    1.0464
    21.325     30.50    0.0750         76    1.0464    1.0464    1.0607
    21.325     30.70   -0.0350         28    1.0324    1.0324    1.0324
    21.325     30.70   -0.0100       1324    1.0324    1.0324    1.0464
    21.325     30.70    0.0100        900    1.0324    1.0324    1.0464
    21.325     30.70    0.0350         32    1.0324    1.0324    1.0464
    21.325     30.70    0.0750         84    1.0464    1.0464    1.0464
    21.325     30.90   -0.0350         40    1.0324    1.0324    1.0324
    21.325     30.90   -0.0100       1736    1.0324    1.0324    1.0464
    21.325     30.90    0.0100        812    1.0324    1.0324    1.0464
    21.325     30.90    0.0750         52    1.0464    1.0464    1.0464
    21.325     31.10   -0.0350         32    1.0324    1.0324    1.0324
    21.325     31.10   -0.0100       1016    1.0324    1.0324    1.0464
    21.325     31.10    0.0100       1068    1.0324    1.0324    1.0324
    21.325     31.10    0.0350         36    1.0185    1.0185    1.0185
    21.325     31.10    0.0750         60    1.0464    1.0464    1.0464
    21.325     31.30   -0.0100        632    1.0324    1.0464    1.0464
    21.325     31.30    0.0100        492    1.0324    1.0324    1.0324
    21.325     31.30    0.0350         44    1.0185    1.0185    1.0185
    21.325     31.50   -0.0100        364    1.0464    1.0464    1.0464
    21.325     31.50    0.0350         32    1.0185    1.0185    1.0185
    21.375     27.30    0.0100         36    0.8540    0.8656    0.9779
    21.375     27.70   -0.0750         20    0.8540    0.8540    0.8540
    21.375     27.70   -0.0100         32    0.8311    0.8311    0.9263
    21.375     27.90   -0.0750         24    0.8540    0.9138    0.9263
    21.375     28.10    0.0750         36    1.0464    1.0607    1.0607
    21.375     28.30   -0.0350         20    0.9263    0.9263    0.9263
    21.375     28.30    0.0750         44    1.0464    1.0607    1.1351
    21.375     28.50   -0.0350         24    0.8894    0.9138    1.0185
    21.375     28.50    0.0350         32    1.0607    1.0607    1.0607
    21.375     28.50    0.0750         52    1.0464    1.0464    1.0607
    21.375     28.50    0.1500         20    1.0607    1.0607    1.2998
    21.375     28.70   -0.0350         48    0.9138    1.0185    1.0185
    21.375     28.70   -0.0100        164    1.0464    1.0464    1.0464
    21.375     28.70    0.0100        328    1.0464    1.0464    1.0464
    21.375     28.70    0.0350         32    1.0048    1.0185    1.0464
    21.375     28.70    0.0750         44    1.0464    1.0607    1.0607
    21.375     28.90   -0.0100       1068    1.0324    1.0464    1.0464
    21.375     28.90    0.0100        944    1.0464    1.0464    1.0464
    21.375     28.90    0.0350         64    1.0464    1.0464    1.0464
    21.375     28.90    0.0750         21    1.0464    1.0464    1.0607
    21.375     29.10   -0.0100       1224    1.0324    1.0324    1.0324
    21.375     29.10    0.0100       1044    1.0324    1.0324    1.0324
    21.375     29.10    0.0350         24    1.0464    1.0464    1.0752
    21.375     29.10    0.0750         60    1.0464    1.0464    1.0464
    21.375     29.10    0.1500         49    1.0464    1.0607    1.0607
    21.375     29.30   -0.0350         20    1.0324    1.0324    1.0324
    21.375     29.30   -0.0100       1188    1.0324    1.0324    1.0324
    21.375     29.30    0.0100        920    1.0324    1.0324    1.0324
    21.375     29.30    0.0350         48    0.9263    1.0752    1.0752
    21.375     29.30    0.0750         40    1.0464    1.0464    1.0464
    21.375     29.30    0.1500         48    1.0464    1.0752    1.1047
    21.375     29.50   -0.0100        148    1.0324    1.0324    1.0324
    21.375     29.50    0.0100        293    1.0464    1.0607    1.0607
    21.375     29.50    0.0350         88    1.0607    1.0607    1.0607
    21.375     29.70   -0.0350         52    1.0464    1.0464    1.0464
    21.375     29.70   -0.0100        228    1.0464    1.0464    1.0464
    21.375     29.70    0.0100        704    1.0464    1.0464    1.0607
    21.375     29.70    0.0350         72    1.0607    1.0607    1.0607
    21.375     29.70    0.1500         20    1.0899    1.0899    1.1047
    21.375     29.90   -0.0350         24    1.0464    1.0464    1.0464
    21.375     29.90   -0.0100        860    1.0464    1.0464    1.0464
    21.375     29.90    0.0100        716    1.0464    1.0464    1.0464
    21.375     29.90    0.0350        136    1.0464    1.0607    1.0607
    21.375     30.10   -0.0350         28    1.0464    1.0464    1.0464
    21.375     30.10   -0.0100        980    1.0464    1.0464    1.0464
    21.375     30.10    0.0100        984    1.0464    1.0464    1.0607
    21.375     30.10    0.0350        132    1.0464    1.0464    1.0607
    21.375     30.30   -0.0350         24    1.0464    1.0464    1.0464
    21.375     30.30   -0.0100        896    1.0464    1.0464    1.0607
    21.375     30.30    0.0100        904    1.0464    1.0464    1.0464
    21.375     30.30    0.0350         84    1.0324    1.0464    1.0464
    21.375     30.50   -0.0100       1052    1.0464    1.0464    1.0464
    21.375     30.50    0.0100         56    1.0324    1.0464    1.0464
    21.375     30.50    0.0350         68    1.0324    1.0324    1.0324
    21.375     30.70   -0.0100        328    1.0464    1.0464    1.0464
    21.375     30.90    0.0350         32    1.0324    1.0324    1.0324
    21.425     26.30    0.0350         20    1.0464    1.0464    1.0752
    21.425     26.50   -0.0100        804    1.0607    1.0607    1.0607
    21.425     26.70   -0.0100      95172    1.0607    1.0607    1.0607
    21.425     26.70    0.0100     117172    1.0607    1.0607    1.0607
    21.425     26.90   -0.0100         96    1.0324    1.0464    1.0464
    21.425     26.90    0.0100        196    1.0324    1.0464    1.0464
    21.425     26.90    0.0750         40    1.0752    1.0899    1.1047
    21.425     27.10    0.0100        184    1.0464    1.0464    1.0464
    21.425     27.10    0.0750         44    1.0607    1.0899    1.2312
    21.425     27.10    0.1500         24    1.2650    1.2650    2.0605
    21.425     27.30    0.0100         92    1.0464    1.0464    1.0464
    21.425     27.30    0.0750         32    1.0752    1.0752    1.0752
    21.425     27.50   -0.0350         24    0.9263    0.9389    1.0048
    21.425     27.50    0.0750         36    1.0464    1.0607    1.0752
    21.425     27.70   -0.0350         20    0.9779    0.9912    0.9912
    21.425     27.70    0.0750         52    1.0464    1.0607    1.0607
    21.425     27.90   -0.0100         24    0.9263    1.0185    1.0185
    21.425     27.90    0.0750         56    1.0607    1.0607    1.0899
    21.425     28.10   -0.0100        284    1.0464    1.0464    1.0464
    21.425     28.10    0.0100        612    1.0464    1.0607    1.0607
    21.425     28.10    0.0350         76    1.0607    1.0607    1.0607
    21.425     28.10    0.0750         40    1.0324    1.0464    1.0607
    21.425     28.30   -0.0100        700    1.0464    1.0464    1.0464
    21.425     28.30    0.0100        908    1.0464    1.0464    1.0464
    21.425     28.30    0.0350         76    1.0607    1.0607    1.0607
    21.425     28.50   -0.0100        836    1.0464    1.0464    1.0464
    21.425     28.50    0.0100        968    1.0464    1.0464    1.0464
    21.425     28.50    0.0350        141    1.0607    1.0752    1.0752
    21.425     28.70   -0.0100        724    1.0464    1.0464    1.0464
    21.425     28.70    0.0100        904    1.0464    1.0464    1.0607
    21.425     28.70    0.0350        120    1.0464    1.0752    1.0752
    21.425     28.90   -0.0350         48    1.0464    1.0464    1.0464
    21.425     28.90   -0.0100        196    1.0607    1.0607    1.0607
    21.425     28.90    0.0100        444    1.0607    1.0607    1.0607
    21.425     28.90    0.0350        108    1.0752    1.0752    1.0752
    21.425     29.10   -0.0350         44    1.0464    1.0464    1.0464
    21.425     29.10   -0.0100        348    1.0607    1.0607    1.0607
    21.425     29.10    0.0100        668    1.0607    1.0607    1.0607
    21.425     29.10    0.0350         92    1.0607    1.0752    1.0752
    21.425     29.10    0.1500         32    1.1047    1.1047    1.1047
    21.425     29.30   -0.0350         56    1.0464    1.0464    1.0464
    21.425     29.30   -0.0100        372    1.0607    1.0607    1.0607
    21.425     29.30    0.0100       1124    1.0607    1.0607    1.0752
    21.425     29.30    0.0350        136    1.0607    1.0607    1.0607
    21.425     29.50   -0.0350         68    1.0464    1.0464    1.0464
    21.425     29.50   -0.0100        732    1.0464    1.0607    1.0607
    21.425     29.50    0.0100        720    1.0464    1.0607    1.0607
    21.425     29.50    0.0350         64    1.0607    1.0607    1.0607
    21.425     29.70   -0.0100        640    1.0464    1.0464    1.0607
    21.425     29.70    0.0100        288    1.0607    1.0607    1.0607
    21.425     29.70    0.0350         76    1.0464    1.0464    1.0464
    21.425     29.90   -0.0100         84    1.0464    1.0464    1.0464
    21.425     29.90    0.0100        324    1.0607    1.0607    1.0607
    21.425     29.90    0.0350         40    1.0464    1.0464    1.0464
    21.475     25.90   -0.0750         44    0.9779    0.9779    0.9912
    21.475     25.90   -0.0350        252    0.9647    0.9912    1.0048
    21.475     25.90   -0.0100        204    1.0185    1.0464    1.0464
    21.475     25.90    0.0100         76    1.0048    1.0048    1.0324
    21.475     26.10   -0.0350        700    1.0048    1.0324    1.0464
    21.475     26.10   -0.0100       8412    1.0752    1.0752    1.0752
    21.475     26.10    0.0100       3392    1.0752    1.0752    1.0752
    21.475     26.10    0.0350         25    1.1198    1.1663    1.1822
    21.475     26.30   -0.0350       1132    1.0185    1.0324    1.0464
    21.475     26.30   -0.0100      19024    1.0752    1.0752    1.0752
    21.475     26.30    0.0100      24024    1.0752    1.0752    1.0752
    21.475     26.30    0.0350         36    0.9912    1.1047    1.1351
    21.475     26.30    0.1500         20    1.3537    1.3537    2.4574
    21.475     26.50   -0.0350        904    1.0324    1.0464    1.0607
    21.475     26.50   -0.0100      59000    1.0607    1.0607    1.0607
    21.475     26.50    0.0100      82381    1.0607    1.0607    1.0607
    21.475     26.50    0.0350         24    1.0464    1.0752    1.1047
    21.475     26.50    0.0750         29    1.1663    1.1822    1.2147
    21.475     26.50    0.1500         20    1.3722    1.6365    2.0054
    21.475     26.70   -0.0100      51028    1.0607    1.0607    1.0607
    21.475     26.70    0.0100     109616    1.0607    1.0607    1.0607
    21.475     26.70    0.0750         24    1.1047    1.1351    1.1663
    21.475     27.30   -0.0100         40    1.0185    1.0324    1.0607
    21.475     27.30    0.0100         48    0.9389    1.0752    1.0752
    21.475     27.30    0.0350         32    1.0752    1.0752    1.0752
    21.475     27.50   -0.0100        388    1.0607    1.0607    1.0607
    21.475     27.50    0.0100        725    1.0607    1.0607    1.0752
    21.475     27.50    0.0350        116    1.0752    1.0752    1.0752
    21.475     27.50    0.1500         28    1.0607    1.1506    1.1983
    21.475     27.70   -0.0100        480    1.0607    1.0607    1.0607
    21.475     27.70    0.0100        924    1.0607    1.0607    1.0607
    21.475     27.70    0.0350        152    1.0607    1.0607    1.0752
    21.475     27.70    0.0750         36    1.0464    1.0899    1.0899
    21.475     27.90   -0.0100        556    1.0607    1.0607    1.0607
    21.475     27.90    0.0100       1128    1.0607    1.0607    1.0899
    21.475     27.90    0.0350        109    1.0607    1.0607    1.0899
    21.475     27.90    0.0750         20    1.0324    1.1047    1.1047
    21.475     27.90    0.1500         32    1.1351    1.1351    1.1351
    21.475     28.10   -0.0350         48    1.0607    1.0607    1.0607
    21.475     28.10   -0.0100        500    1.0464    1.0607    1.0752
    21.475     28.10    0.0100        704    1.0607    1.0752    1.0899
    21.475     28.10    0.0350         88    0.9389    1.0752    1.0899
    21.475     28.30   -0.0350         36    1.0607    1.0607    1.0607
    21.475     28.30   -0.0100        296    1.0752    1.0752    1.0752
    21.475     28.30    0.0100        644    1.0752    1.0752    1.0752
    21.475     28.30    0.0350        136    1.0752    1.0752    1.0899
    21.475     28.50   -0.0350         60    1.0607    1.0607    1.0607
    21.475     28.50   -0.0100        308    1.0752    1.0752    1.0752
    21.475     28.50    0.0100        944    1.0752    1.0752    1.0899
    21.475     28.50    0.0350         96    1.0752    1.0752    1.0752
    21.475     28.70   -0.0350         40    1.0464    1.0607    1.0607
    21.475     28.70   -0.0100        352    1.0607    1.0607    1.0752
    21.475     28.70    0.0100        804    1.0752    1.0752    1.0752
    21.475     28.70    0.0350         84    1.0607    1.0752    1.0752
    21.475     28.90   -0.0100        164    1.0607    1.0607    1.0752
    21.475     28.90    0.0100        572    1.0607    1.0607    1.0752
    21.475     28.90    0.0350         72    1.0607    1.0607    1.0752
    21.475     29.10   -0.0100         20    1.0607    1.0607    1.0607
    21.475     29.10    0.0100        396    1.0607    1.0752    1.0752
    21.475     29.10    0.0350         44    1.0607    1.0607    1.0752
    21.525     25.10   -0.0350         24    0.9517    0.9517    1.0048
    21.525     25.10   -0.0100         40    0.9138    0.9263    0.9647
    21.525     25.30   -0.0350         72    0.9517    0.9912    1.0048
    21.525     25.30   -0.0100         88    0.9263    0.9263    0.9517
    21.525     25.30    0.0350         24    1.1198    1.1351    1.2650
    21.525     25.50   -0.0750         40    0.9517    0.9517    0.9647
    21.525     25.50   -0.0350        124    0.9912    0.9912    1.0752
    21.525     25.50   -0.0100       1332    1.0899    1.0899    1.0899
    21.525     25.50    0.0100       1320    1.0899    1.0899    1.0899
    21.525     25.50    0.0350         68    1.0899    1.0899    1.1351
    21.525     25.50    0.0750         32    1.1351    1.1983    1.3909
    21.525     25.70   -0.0750         24    0.9647    0.9647    0.9779
    21.525     25.70   -0.0350        168    0.9517    0.9912    1.0607
    21.525     25.70   -0.0100       5796    1.0752    1.0752    1.0899
    21.525     25.70    0.0100       4565    1.0752    1.0752    1.0752
    21.525     25.70    0.0350         96    1.0899    1.0899    1.1506
    21.525     25.70    0.0750         25    1.1047    1.2823    1.3175
    21.525     25.70    0.6000         24    1.3537    1.3909    2.3277
    21.525     25.90   -0.0350         76    1.0464    1.0607    1.0607
    21.525     25.90   -0.0100       8484    1.0752    1.0752    1.0752
    21.525     25.90    0.0100       7009    1.0752    1.0752    1.0752
    21.525     25.90    0.0350         48    1.0048    1.0899    1.1351
    21.525     26.10   -0.0100       6152    1.0752    1.0752    1.0752
    21.525     26.10    0.0100       5980    1.0752    1.0752    1.0752
    21.525     26.10    0.0750         20    1.2147    1.2480    1.2480
    21.525     26.50    0.0350         28    1.1047    1.1047    1.1047
    21.525     26.70   -0.0100        120    1.0752    1.0899    1.0899
    21.525     26.70    0.0100        276    1.0899    1.0899    1.0899
    21.525     26.70    0.0350        136    1.0899    1.0899    1.1047
    21.525     26.70    0.1500         32    1.1351    1.1351    1.2480
    21.525     26.90   -0.0100        308    1.0752    1.0752    1.0752
    21.525     26.90    0.0100        540    1.0752    1.0899    1.1047
    21.525     26.90    0.0350        136    1.0899    1.0899    1.0899
    21.525     26.90    0.0750         24    0.9647    0.9647    1.1351
    21.525     27.10   -0.0100        396    1.0752    1.0752    1.0752
    21.525     27.10    0.0100        720    1.0752    1.0752    1.1047
    21.525     27.10    0.0350        144    1.0752    1.0752    1.0899
    21.525     27.10    0.0750         40    0.9517    1.1198    1.1198
    21.525     27.10    0.1500         24    1.0899    1.1506    1.1663
    21.525     27.30   -0.0100        396    1.0607    1.0752    1.0752
    21.525     27.30    0.0100        820    1.0752    1.1047    1.1047
    21.525     27.30    0.0350        184    1.0752    1.0752    1.1047
    21.525     27.30    0.0750         32    1.1047    1.1047    1.1198
    21.525     27.50   -0.0100        280    1.0607    1.0899    1.0899
    21.525     27.50    0.0100        720    1.0899    1.1047    1.1047
    21.525     27.50    0.0350         84    0.9647    1.1047    1.1047
    21.525     27.70   -0.0350         20    1.0607    1.0607    1.0607
    21.525     27.70   -0.0100        220    1.0899    1.0899    1.0899
    21.525     27.70    0.0100        864    1.0899    1.0899    1.1047
    21.525     27.70    0.0350         92    1.0899    1.0899    1.1047
    21.525     27.90   -0.0350         40    1.0607    1.0607    1.0607
    21.525     27.90   -0.0100        224    1.0752    1.0899    1.0899
    21.525     27.90    0.0100        620    1.0899    1.0899    1.1047
    21.525     27.90    0.0350         68    1.0899    1.0899    1.0899
    21.525     28.10   -0.0100        168    1.0752    1.0752    1.0899
    21.525     28.10    0.0100        512    1.0899    1.0899    1.0899
    21.525     28.10    0.0350         72    1.0752    1.0899    1.0899
    21.525     28.30    0.0100        276    1.0899    1.0899    1.0899
    21.575     24.50    0.0100         32    0.9647    0.9912    1.0607
    21.575     24.70   -0.0100         28    1.0607    1.0607    1.0607
    21.575     24.70    0.0100         68    0.9389    0.9517    1.0324
    21.575     24.70    0.0750         24    1.3175    1.3537    1.7277
    21.575     24.90   -0.0350         84    0.9517    0.9912    1.0185
    21.575     24.90   -0.0100        440    1.0752    1.1047    1.1047
    21.575     24.90    0.0100        960    1.1047    1.1047    1.1047
    21.575     24.90    0.0350         76    1.1047    1.1047    1.1351
    21.575     24.90    0.0750         24    1.1822    1.3722    1.5087
    21.575     25.10   -0.0350         52    0.9912    1.0048    1.0048
    21.575     25.10   -0.0100       2220    1.0899    1.0899    1.1047
    21.575     25.10    0.0100       2744    1.0899    1.0899    1.1047
    21.575     25.10    0.0350         24    1.1198    1.1506    1.1663
    21.575     25.30   -0.0100       3296    1.0899    1.0899    1.0899
    21.575     25.30    0.0100       3028    1.0899    1.0899    1.0899
    21.575     25.50   -0.0100       3852    1.0752    1.0899    1.0899
    21.575     25.50    0.0100       1220    1.0899    1.0899    1.0899
    21.575     25.50    0.0350         28    1.0899    1.0899    1.0899
    21.575     25.70   -0.0100         20    1.0464    1.0464    1.0607
    21.575     25.90    0.0100        173    1.1047    1.1198    1.1506
    21.575     25.90    0.0750         24    0.9517    1.1506    1.1663
    21.575     25.90    0.1500         40    1.1198    1.1198    1.1663
    21.575     26.10   -0.0100        188    1.0752    1.1047    1.1047
    21.575     26.10    0.0100        492    1.1047    1.1047    1.1351
    21.575     26.10    0.0350        100    1.0048    1.1047    1.1047
    21.575     26.10    0.0750         28    0.9517    0.9912    0.9912
    21.575     26.10    0.1500         40    1.1198    1.1198    1.1663
    21.575     26.30   -0.0100        252    1.0899    1.0899    1.1047
    21.575     26.30    0.0100        664    1.1047    1.1047    1.1351
    21.575     26.30    0.0350        125    1.1047    1.1047    1.1351
    21.575     26.30    0.0750         20    0.9263    0.9389    0.9912
    21.575     26.50   -0.0100        304    1.0899    1.0899    1.0899
    21.575     26.50    0.0100        776    1.0899    1.1198    1.1351
    21.575     26.50    0.0350        216    1.0899    1.1047    1.1351
    21.575     26.50    0.0750         20    0.9779    0.9912    0.9912
    21.575     26.50    0.1500         36    1.1198    1.1198    1.1663
    21.575     26.70   -0.0100        300    1.0752    1.0899    1.0899
    21.575     26.70    0.0100        856    1.1198    1.1198    1.1198
    21.575     26.70    0.0350        112    1.0899    1.1198    1.1198
    21.575     26.70    0.0750         20    1.1351    1.1351    1.1506
    21.575     26.90   -0.0100        108    1.0752    1.1047    1.1047
    21.575     26.90    0.0100        784    1.1047    1.1198    1.1351
    21.575     26.90    0.0350         92    1.1198    1.1198    1.1198
    21.575     27.10   -0.0100        160    1.0752    1.1047    1.1047
    21.575     27.10    0.0100        660    1.1047    1.1198    1.1198
    21.575     27.10    0.0350         52    1.1047    1.1047    1.1047
    21.575     27.30   -0.0100         68    1.0899    1.1047    1.1047
    21.575     27.30    0.0100        496    1.1047    1.1047    1.1198
    21.575     27.30    0.0350         52    1.1047    1.1047    1.1047
    21.575     27.50    0.0100        200    1.1047    1.1047    1.1047
    21.625     24.10    0.0100         20    1.1351    1.1351    1.1351
    21.625     24.10    0.0350         52    1.0752    1.0899    1.1047
    21.625     24.30   -0.0350         32    0.9912    0.9912    1.0185
    21.625     24.30   -0.0100        244    1.1198    1.1198    1.1198
    21.625     24.30    0.0100        496    1.1198    1.1198    1.1198
    21.625     24.30    0.0350         44    1.0185    1.0464    1.1047
    21.625     24.30    0.0750         64    1.1663    1.1822    1.1822
    21.625     24.30    0.1500         20    1.2650    1.2823    2.0327
    21.625     24.50   -0.0350         32    0.9779    1.0048    1.0185
    21.625     24.50   -0.0100       1708    1.1198    1.1198    1.1198
    21.625     24.50    0.0100       1141    1.1198    1.1198    1.1198
    21.625     24.50    0.0350         36    1.1198    1.1198    1.1663
    21.625     24.50    0.0750         76    1.1663    1.1663    1.1822
    21.625     24.70   -0.0100       2068    1.1047    1.1047    1.1198
    21.625     24.70    0.0100       1584    1.1047    1.1047    1.1047
    21.625     24.70    0.0350        152    1.1198    1.1198    1.1351
    21.625     24.70    0.0750         56    1.1506    1.1663    1.2147
    21.625     24.90   -0.0100       2128    1.1047    1.1047    1.1047
    21.625     24.90    0.0100        848    1.1047    1.1047    1.1047
    21.625     24.90    0.0350         44    1.1047    1.1047    1.1198
    21.625     24.90    0.0750         20    1.1506    1.1506    1.1663
    21.625     25.10    0.0100        208    1.1047    1.1047    1.1047
    21.625     25.10    0.0350         28    1.0324    1.0464    1.1047
    21.625     25.10    0.0750         44    1.1506    1.1506    1.1663
    21.625     25.10    0.1500         24    1.0607    1.1663    1.4291
    21.625     25.30    0.0100        316    1.1351    1.1351    1.1506
    21.625     25.30    0.0350        108    1.0324    1.1506    1.1663
    21.625     25.30    0.0750         48    1.0607    1.1351    1.2147
    21.625     25.30    0.1500         36    1.1506    1.1506    1.4099
    21.625     25.50   -0.0100         84    1.0899    1.1198    1.1198
    21.625     25.50    0.0100        388    1.1198    1.1351    1.1351
    21.625     25.50    0.0350        132    1.1351    1.1351    1.1663
    21.625     25.50    0.0750         36    1.0324    1.1822    1.1822
    21.625     25.50    0.1500         24    0.9779    1.1506    1.1506
    21.625     25.70   -0.0100        104    1.0899    1.1047    1.1198
    21.625     25.70    0.0100        557    1.1198    1.1198    1.1506
    21.625     25.70    0.0350        180    1.1198    1.1506    1.1663
    21.625     25.70    0.0750         32    1.0324    1.0324    1.0324
    21.625     25.70    0.1500         57    1.1351    1.1506    1.1663
    21.625     25.90   -0.0100        220    1.0899    1.1047    1.1047
    21.625     25.90    0.0100        776    1.1198    1.1351    1.1506
    21.625     25.90    0.0350        156    1.1198    1.1506    1.1506
    21.625     26.10   -0.0100        168    1.0899    1.1047    1.1351
    21.625     26.10    0.0100        644    1.1351    1.1506    1.1506
    21.625     26.10    0.0350         72    1.1351    1.1506    1.1506
    21.625     26.10    0.0750         24    1.0048    1.0048    1.0185
    21.625     26.30   -0.0100         68    1.0899    1.1198    1.1351
    21.625     26.30    0.0100        548    1.1198    1.1351    1.1506
    21.625     26.30    0.0350         40    1.1351    1.1351    1.1351
    21.625     26.30    0.1500         28    1.1351    1.1663    1.1663
    21.625     26.50   -0.0100         84    1.1198    1.1198    1.1198
    21.625     26.50    0.0100        428    1.1198    1.1351    1.1506
    21.625     26.70   -0.0100         40    1.1198    1.1198    1.1198
    21.625     26.70    0.0100        136    1.1351    1.1351    1.1351
    21.675     22.50   -0.0100       3677    1.1983    1.1983    1.1983
    21.675     22.50    0.0100       1172    1.1983    1.1983    1.1983
    21.675     22.70   -0.0100       9048    1.1983    1.1983    1.1983
    21.675     22.70    0.0100         40    1.1663    1.1822    1.1822
    21.675     22.90   -0.0100      21000    1.1983    1.2147    1.2147
    21.675     22.90    0.0100       4680    1.2147    1.2147    1.2147
    21.675     22.90    0.0750         25    1.2312    1.2480    1.2650
    21.675     23.10    0.0100        280    1.1663    1.1663    1.1663
    21.675     23.10    0.0350         24    1.1983    1.1983    1.2147
    21.675     23.10    0.0750         32    1.2147    1.2312    1.2312
    21.675     23.30    0.0100         56    1.1663    1.1663    1.1663
    21.675     23.30    0.0350         20    1.1822    1.1822    1.1822
    21.675     23.30    0.0750         52    1.2147    1.2147    1.3355
    21.675     23.50    0.0350         20    1.1822    1.1822    1.1822
    21.675     23.50    0.0750         72    1.1983    1.2147    1.3175
    21.675     23.70   -0.0100        132    1.1351    1.1506    1.1506
    21.675     23.70    0.0100        368    1.1506    1.1506    1.1506
    21.675     23.70    0.0350         56    1.1822    1.1822    1.1983
    21.675     23.70    0.0750         68    1.1983    1.1983    1.2147
    21.675     23.90   -0.0100        564    1.1198    1.1351    1.1506
    21.675     23.90    0.0100       1249    1.1351    1.1506    1.1506
    21.675     23.90    0.0750         76    1.1822    1.1983    1.1983
    21.675     24.10   -0.0100        596    1.1198    1.1351    1.1351
    21.675     24.10    0.0100       1528    1.1351    1.1351    1.1351
    21.675     24.10    0.0750         72    1.1663    1.1822    1.1822
    21.675     24.10    0.1500         20    1.2998    1.7751    1.7994
    21.675     24.30   -0.0100        492    1.1198    1.1198    1.1198
    21.675     24.30    0.0100       1168    1.1198    1.1351    1.1351
    21.675     24.50   -0.0100         68    1.1198    1.1198    1.1198
    21.675     24.50    0.0350         72    1.1822    1.1822    1.2147
    21.675     24.50    0.0750         32    1.0607    1.0899    1.1663
    21.675     24.70   -0.0100         36    1.1198    1.1506    1.1506
    21.675     24.70    0.0100        121    1.1663    1.1663    1.1822
    21.675     24.70    0.0350        160    1.1663    1.1983    1.2147
    21.675     24.70    0.1500         24    1.0607    1.0899    1.4884
    21.675     24.90   -0.0100         76    1.1047    1.1506    1.1506
    21.675     24.90    0.0100        412    1.1506    1.1663    1.1822
    21.675     24.90    0.0350        192    1.1663    1.1663    1.1983
    21.675     24.90    0.0750         36    1.0607    1.1047    1.2312
    21.675     25.10   -0.0100         80    1.1047    1.1351    1.1351
    21.675     25.10    0.0100        676    1.1351    1.1506    1.1983
    21.675     25.10    0.0350        180    1.1506    1.1822    1.1822
    21.675     25.10    0.0750         28    1.0899    1.2147    1.2147
    21.675     25.10    0.1500         40    1.0048    1.2650    1.2650
    21.675     25.30   -0.0100        124    1.1198    1.1351    1.1663
    21.675     25.30    0.0100        556    1.1351    1.1822    1.1983
    21.675     25.30    0.0350         88    1.1663    1.1822    1.1822
    21.675     25.50   -0.0100         88    1.1047    1.1506    1.1663
    21.675     25.50    0.0100        428    1.1663    1.1822    1.1822
    21.675     25.50    0.0350         40    1.1663    1.1663    1.1663
    21.675     25.50    0.1500         20    1.2312    1.2480    1.2480
    21.675     25.70   -0.0100         60    1.1506    1.1506    1.1506
    21.675     25.70    0.0100        444    1.1506    1.1663    1.1663
    21.675     25.70    0.1500         24    1.1983    1.1983    1.2312
    21.675     25.90   -0.0100         24    1.1351    1.1351    1.1506
    21.675     25.90    0.0100        160    1.1663    1.1663    1.1663
    21.725     22.10   -0.0350         28    1.1198    1.1198    1.1198
    21.725     22.10   -0.0100        468    1.1506    1.2312    1.2312
    21.725     22.10    0.0100        873    1.2147    1.2147    1.2312
    21.725     22.10    0.0350         22    1.2312    1.2998    1.4291
    21.725     22.30   -0.0350        116    1.1351    1.1506    1.1506
    21.725     22.30   -0.0100       6676    1.2147    1.2147    1.2312
    21.725     22.30    0.0100       3914    1.1983    1.2147    1.2147
    21.725     22.30    0.0350         52    1.2480    1.2823    1.3175
    21.725     22.50   -0.0350        224    1.1506    1.1663    1.1663
    21.725     22.50   -0.0100      15332    1.1983    1.2147    1.2312
    21.725     22.50    0.0100      10630    1.1983    1.1983    1.2147
    21.725     22.70   -0.0350        124    1.1663    1.1822    1.1822
    21.725     22.70   -0.0100      18440    1.1983    1.2147    1.2147
    21.725     22.70    0.0100       3848    1.2147    1.2147    1.2147
    21.725     22.90   -0.0100       6932    1.2147    1.2147    1.2147
    21.725     22.90    0.0100       4440    1.2147    1.2147    1.2147
    21.725     22.90    0.0350         36    1.1047    1.1822    1.2650
    21.725     22.90    0.1500         24    1.4486    1.4884    1.5087
    21.725     23.10   -0.0100         28    1.1506    1.1506    1.1506
    21.725     23.10    0.0100        408    1.1822    1.1822    1.1983
    21.725     23.10    0.0350         44    1.0899    1.1047    1.2480
    21.725     23.30   -0.0100        116    1.1351    1.1663    1.1663
    21.725     23.30    0.0100       1156    1.1663    1.1822    1.1822
    21.725     23.30    0.0350         36    1.0752    1.2312    1.2480
    21.725     23.50   -0.0100        264    1.1351    1.1506    1.1663
    21.725     23.50    0.0100       1092    1.1663    1.1663    1.1663
    21.725     23.70   -0.0100        284    1.1506    1.1506    1.1506
    21.725     23.70    0.0100        812    1.1506    1.1506    1.1663
    21.725     23.70    0.0350         80    1.2312    1.2480    1.2650
    21.725     23.90    0.0100         64    1.1506    1.1506    1.2147
    21.725     23.90    0.0350        164    1.2312    1.2312    1.2650
    21.725     23.90    0.0750         44    1.1506    1.2480    1.2998
    21.725     23.90    0.6000         20    1.5502    1.5713    1.5928
    21.725     24.10    0.0100        184    1.1822    1.1983    1.1983
    21.725     24.10    0.0350        144    1.2147    1.2312    1.2480
    21.725     24.10    0.0750         44    1.1047    1.1198    1.2823
    21.725     24.10    0.1500         52    1.1983    1.3175    1.3355
    21.725     24.30   -0.0100         24    1.1198    1.1198    1.1822
    21.725     24.30    0.0100        232    1.1822    1.1983    1.2147
    21.725     24.30    0.0350        164    1.1983    1.2147    1.2312
    21.725     24.30    0.1500         44    1.1351    1.2147    1.3175
    21.725     24.50   -0.0100         80    1.1198    1.1663    1.1663
    21.725     24.50    0.0100        256    1.1663    1.1822    1.2147
    21.725     24.50    0.0350        116    1.1983    1.2147    1.2147
    21.725     24.50    0.0750         36    1.1983    1.2650    1.2650
    21.725     24.50    0.1500         52    1.1198    1.2147    1.2998
    21.725     24.70    0.0100        252    1.1663    1.1983    1.1983
    21.725     24.70    0.0350         32    1.1983    1.1983    1.1983
    21.725     24.70    0.1500         40    1.1047    1.1822    1.2998
    21.725     24.90    0.0100        358    1.1822    1.1983    1.2312
    21.725     24.90    0.0350         28    1.1822    1.1822    1.1983
    21.725     24.90    0.1500         20    1.2823    1.2823    1.2823
    21.725     25.10   -0.0100         44    1.1663    1.1663    1.1822
    21.725     25.10    0.0100        144    1.1983    1.1983    1.1983
    21.775     21.50    0.0100         28    1.1506    1.1506    1.2480
    21.775     21.70   -0.0100        408    1.2147    1.2480    1.2480
    21.775     21.70    0.0100       1789    1.2312    1.2480    1.2480
    21.775     21.70    0.0350         64    1.2823    1.2823    1.3355
    21.775     21.70    0.0750         20    1.3537    1.5502    1.6589
    21.775     21.90   -0.0350         60    1.1198    1.1198    1.1506
    21.775     21.90   -0.0100       1932    1.2312    1.2480    1.2480
    21.775     21.90    0.0100       3448    1.2312    1.2312    1.2480
    21.775     21.90    0.0350         60    1.2650    1.3175    1.3537
    21.775     22.10   -0.0350         68    1.1198    1.1506    1.1506
    21.775     22.10   -0.0100       4564    1.2312    1.2312    1.2312
    21.775     22.10    0.0100       1340    1.2147    1.2312    1.2312
    21.775     22.10    0.0350         37    1.2480    1.3537    1.4099
    21.775     22.30   -0.0100       1592    1.2312    1.2312    1.2312
    21.775     22.50    0.0100        124    1.2147    1.2312    1.2480
    21.775     22.50    0.0350         28    1.1663    1.1822    1.2480
    21.775     22.50    0.1500         36    1.5087    1.6589    1.7044
    21.775     22.70   -0.0100        116    1.1663    1.1983    1.2147
    21.775     22.70    0.0100        576    1.2147    1.2312    1.2480
    21.775     22.70    0.0350         40    1.1198    1.1351    1.1983
    21.775     22.70    0.0750         32    1.2823    1.2998    1.2998
    21.775     22.90   -0.0100         96    1.1506    1.1822    1.1983
    21.775     22.90    0.0100        588    1.1983    1.2147    1.2312
    21.775     22.90    0.0350         20    1.1047    1.1198    1.1198
    21.775     22.90    0.6000         24    1.9518    1.9784    2.0886
    21.775     23.10   -0.0100        100    1.1506    1.1822    1.1822
    21.775     23.10    0.0100        689    1.1822    1.1983    1.1983
    21.775     23.10    0.0350         21    1.2823    1.2823    1.2823
    21.775     23.10    0.6000         20    1.9784    2.0327    2.0886
    21.775     23.30    0.0100         56    1.2480    1.2480    1.2650
    21.775     23.30    0.0350         56    1.2650    1.2650    1.2823
    21.775     23.30    0.1500         52    1.3355    1.3537    1.3722
    21.775     23.50    0.0100        116    1.1663    1.2312    1.2480
    21.775     23.50    0.0350        204    1.2312    1.2650    1.2650
    21.775     23.50    0.0750         36    1.2147    1.2312    1.2998
    21.775     23.50    0.1500         60    1.2650    1.3722    1.3722
    21.775     23.50    0.6000         24    1.6145    1.6145    1.9784
    21.775     23.70    0.0100        180    1.2147    1.2312    1.2650
    21.775     23.70    0.0350        169    1.2147    1.2480    1.2650
    21.775     23.70    0.1500         68    1.2480    1.3175    1.3537
    21.775     23.90    0.0100        220    1.1983    1.2312    1.2480
    21.775     23.90    0.0350         96    1.1822    1.2480    1.2480
    21.775     23.90    0.1500         60    1.2147    1.2823    1.3355
    21.775     24.10    0.0100        168    1.1983    1.2312    1.2480
    21.775     24.10    0.0350         44    1.1663    1.1663    1.2312
    21.775     24.30    0.0100         60    1.2147    1.2147    1.2312
    21.825     21.10   -0.0100         32    1.2147    1.2147    1.2823
    21.825     21.10    0.0100        192    1.2823    1.2823    1.2823
    21.825     21.10    0.0350         33    1.3175    1.3355    1.3722
    21.825     21.30   -0.0100        576    1.2650    1.2823    1.2823
    21.825     21.30    0.0100       1024    1.2650    1.2650    1.2823
    21.825     21.30    0.0350         96    1.2823    1.2998    1.2998
    21.825     21.50   -0.0100        920    1.2480    1.2650    1.2650
    21.825     21.50    0.0100       1533    1.2480    1.2650    1.2650
    21.825     21.50    0.0350         96    1.1822    1.2823    1.2998
    21.825     21.50    0.0750         38    1.3909    1.4884    1.7277
    21.825     21.70   -0.0100        848    1.2480    1.2650    1.2650
    21.825     21.70    0.0100        444    1.2480    1.2480    1.2480
    21.825     21.90   -0.0100         72    1.2480    1.2650    1.2650
    21.825     21.90    0.0350         49    1.2823    1.2998    1.2998
    21.825     21.90    0.0750         52    1.3537    1.3722    1.3909
    21.825     22.10    0.0100        228    1.2480    1.2480    1.2650
    21.825     22.10    0.0350         80    1.2650    1.2823    1.2823
    21.825     22.10    0.0750         80    1.2312    1.3355    1.3722
    21.825     22.30    0.0100        336    1.2312    1.2312    1.2480
    21.825     22.30    0.0750        108    1.1983    1.3175    1.3722
    21.825     22.30    0.1500         20    1.3537    1.3537    1.3537
    21.825     22.50   -0.0100         52    1.1663    1.2147    1.2147
    21.825     22.50    0.0100        305    1.2312    1.2480    1.2480
    21.825     22.50    0.1500         34    1.3537    1.4099    1.4291
    21.825     22.70    0.0350         96    1.2823    1.2998    1.3175
    21.825     22.70    0.1500         76    1.3355    1.4099    1.4291
    21.825     22.90    0.0100         76    1.2650    1.2823    1.2823
    21.825     22.90    0.0350        136    1.2823    1.2998    1.3175
    21.825     22.90    0.1500         84    1.3175    1.3722    1.4099
    21.825     23.10    0.0100         96    1.2480    1.2650    1.2823
    21.825     23.10    0.0350        188    1.2650    1.2823    1.2998
    21.825     23.10    0.1500         72    1.3537    1.3722    1.4099
    21.825     23.30    0.0100         48    1.2312    1.2480    1.2650
    21.825     23.30    0.0350        232    1.2312    1.2823    1.2823
    21.825     23.30    0.1500         24    1.3909    1.3909    1.4099
    21.825     23.50    0.0350        100    1.2147    1.2650    1.2823
    21.825     23.50    0.1500         32    1.2998    1.2998    1.3537
    21.825     23.70    0.0350         32    1.1983    1.2480    1.2480
    21.875     20.50    0.0750         36    1.4291    1.4291    1.4291
    21.875     20.70    0.0100        248    1.2998    1.3175    1.3175
    21.875     20.70    0.0350         48    1.3722    1.3722    1.4099
    21.875     20.70    0.0750         36    1.4291    1.4291    1.5928
    21.875     20.90   -0.0100        180    1.2650    1.2998    1.3175
    21.875     20.90    0.0100        480    1.2998    1.2998    1.3175
    21.875     20.90    0.0350         88    1.2312    1.3537    1.4099
    21.875     20.90    0.0750         92    1.4291    1.4291    1.4684
    21.875     21.10   -0.0100        260    1.2650    1.2823    1.2998
    21.875     21.10    0.0100        901    1.2823    1.2823    1.2998
    21.875     21.10    0.0350         36    1.3355    1.4099    1.4099
    21.875     21.10    0.0750         60    1.4099    1.4099    1.4291
    21.875     21.30   -0.0100        168    1.2823    1.2823    1.2823
    21.875     21.30    0.0350         24    1.3909    1.4099    1.4099
    21.875     21.30    0.0750         52    1.4099    1.4099    1.4099
    21.875     21.50    0.0100         92    1.2998    1.3175    1.3175
    21.875     21.50    0.0350         48    1.2312    1.2998    1.3909
    21.875     21.50    0.0750         84    1.3722    1.3909    1.4099
    21.875     21.70    0.0100        128    1.2823    1.2998    1.2998
    21.875     21.70    0.0350         36    1.2823    1.2823    1.2823
    21.875     21.70    0.0750        120    1.3355    1.3909    1.3909
    21.875     21.70    0.6000         24    1.6589    1.8996    2.2049
    21.875     21.90    0.0100        180    1.2480    1.2650    1.2823
    21.875     21.90    0.0750         36    1.3722    1.3722    1.3722
    21.875     21.90    0.6000         20    1.9784    2.1460    2.3277
    21.875     22.10    0.0350         77    1.3537    1.3722    1.3722
    21.875     22.10    0.0750         36    1.3722    1.3722    1.3722
    21.875     22.30    0.0350        125    1.3355    1.3355    1.3537
    21.875     22.30    0.0750         40    1.3355    1.3537    1.3722
    21.875     22.30    0.1500         44    1.4291    1.4291    1.5087
    21.875     22.50    0.0350        221    1.2998    1.3175    1.3355
    21.875     22.50    0.0750         40    1.2998    1.3175    1.3537
    21.875     22.50    0.1500         40    1.4486    1.4684    1.6145
    21.875     22.50    0.6000         24    1.4884    1.6145    2.2049
    21.875     22.70    0.0350        216    1.2998    1.3175    1.3355
    21.875     22.70    0.0750         48    1.2823    1.2998    1.3355
    21.875     22.70    0.1500         20    1.4291    1.4486    1.4684
    21.875     22.90    0.0350         64    1.2823    1.2998    1.3175
    21.875     23.10    0.0350         28    1.2823    1.2823    1.2823
    21.925     19.70   -0.0100        640    1.3909    1.3909    1.3909
    21.925     19.70    0.0100       2487    1.3909    1.3909    1.4099
    21.925     19.90   -0.0100      15454    1.3909    1.4099    1.4099
    21.925     19.90    0.0100      10065    1.3909    1.4099    1.4291
    21.925     20.10   -0.0100      19772    1.4291    1.4291    1.4291
    21.925     20.10    0.0100        396    1.3722    1.3722    1.3909
    21.925     20.10    0.0350         58    1.4291    1.4486    1.5087
    21.925     20.30   -0.0100      15852    1.4291    1.4486    1.4486
    21.925     20.30    0.0100        589    1.3537    1.3537    1.3909
    21.925     20.30    0.0350         84    1.3909    1.4291    1.4486
    21.925     20.30    0.0750         44    1.4099    1.4099    1.4291
    21.925     20.30    0.1500         20    1.5928    1.6145    1.8488
    21.925     20.50   -0.0100      22652    1.4486    1.4486    1.4684
    21.925     20.50    0.0100       5016    1.4486    1.4486    1.4486
    21.925     20.50    0.0350        140    1.3175    1.3722    1.4099
    21.925     20.50    0.0750         20    1.5293    1.5928    1.6365
    21.925     20.70   -0.0100      29880    1.4486    1.4486    1.4486
    21.925     20.70    0.0100      10736    1.4486    1.4486    1.4486
    21.925     20.70    0.0350         40    1.2650    1.2650    1.4099
    21.925     21.10    0.0350        153    1.3355    1.3537    1.3537
    21.925     21.30    0.0350        164    1.3175    1.3355    1.3355
    21.925     21.50    0.0100         20    1.2998    1.2998    1.2998
    21.925     21.50    0.0350         24    1.2480    1.3175    1.3175
    21.925     21.70    0.0750         68    1.3909    1.3909    1.4099
    21.925     21.90    0.0350         32    1.3722    1.3722    1.3909
    21.925     21.90    0.0750         56    1.3355    1.3909    1.3909
    21.925     21.90    0.1500         36    1.4884    1.5502    1.6365
    21.925     22.10    0.0750         88    1.3722    1.3722    1.3909
    21.925     22.10    0.6000         33    1.5293    1.5713    1.6815
    21.925     22.30    0.0750         40    1.3537    1.3537    1.3722
    21.925     22.50    0.0350         28    1.3355    1.3355    1.3355
    21.975     19.30    0.0100         24    1.4486    1.4486    1.4486
    21.975     19.30    0.0350         21    1.4486    1.5087    1.5713
    21.975     19.50   -0.0100         52    1.3722    1.4099    1.4291
    21.975     19.50    0.0100       1537    1.4291    1.4486    1.4486
    21.975     19.50    0.0350         64    1.4684    1.4884    1.6145
    21.975     19.70   -0.0100        880    1.3722    1.4486    1.4684
    21.975     19.70    0.0100       6079    1.4291    1.4291    1.4486
    21.975     19.70    0.0350         42    1.4884    1.5293    1.6815
    21.975     19.90   -0.0100       3856    1.4486    1.4486    1.4684
    21.975     19.90    0.0100       1836    1.4291    1.4486    1.4486
    21.975     19.90    0.0350        128    1.3355    1.3909    1.4486
    21.975     19.90    0.0750         68    1.3909    1.4486    1.4884
    21.975     20.10   -0.0100       2328    1.4486    1.4684    1.4684
    21.975     20.10    0.0100        276    1.3537    1.3722    1.3722
    21.975     20.10    0.0750         64    1.3909    1.4291    1.4486
    21.975     20.10    0.1500         28    1.6589    1.7994    1.8740
    21.975     20.30   -0.0100        912    1.4684    1.4684    1.4684
    21.975     20.30    0.0100        104    1.2998    1.3537    1.3537
    21.975     20.50    0.0750         36    1.4099    1.4486    1.4486
    21.975     20.70    0.0350         56    1.3909    1.4099    1.4099
    21.975     20.70    0.1500         24    1.5087    1.5502    1.7044
    21.975     20.90    0.0350         60    1.3537    1.3722    1.3909
    21.975     20.90    0.1500         24    1.4486    1.4884    1.6145
    21.975     21.10    0.0750         36    1.4291    1.4684    1.4684
    21.975     21.10    0.6000         20    1.6589    1.6815    1.8488
    21.975     21.30    0.0750         76    1.4291    1.4486    1.4684
    21.975     21.30    0.6000         24    1.6145    1.6365    1.8239
    21.975     21.50    0.0750         76    1.4099    1.4291    1.4291
    21.975     21.50    0.1500         24    1.4684    1.5928    1.6145
    21.975     21.50    0.6000         56    1.6145    1.6589    1.7994
    21.975     21.70    0.0750         64    1.3909    1.4099    1.4291
    21.975     21.90    0.0750         40    1.3909    1.3909    1.4099
    22.025     19.10    0.0100        292    1.4684    1.4684    1.4684
    22.025     19.10    0.0350         56    1.4884    1.4884    1.5502
    22.025     19.30   -0.0100        116    1.3909    1.4684    1.4684
    22.025     19.30    0.0100        684    1.4486    1.4684    1.4884
    22.025     19.30    0.0350         85    1.4486    1.4486    1.4884
    22.025     19.50   -0.0100        344    1.4486    1.4486    1.4884
    22.025     19.50    0.0100       1117    1.4486    1.4684    1.4884
    22.025     19.50    0.0350        124    1.4099    1.4291    1.4684
    22.025     19.50    0.0750         49    1.5087    1.5502    1.6589
    22.025     19.70   -0.0100        496    1.4486    1.4684    1.4884
    22.025     19.70    0.0100         56    1.4291    1.4291    1.4684
    22.025     19.70    0.0350        141    1.3722    1.4099    1.4291
    22.025     19.90   -0.0100        104    1.4884    1.4884    1.4884
    22.025     19.90    0.0100         44    1.3909    1.4291    1.4291
    22.025     20.10    0.0750         48    1.4884    1.4884    1.5087
    22.025     20.10    0.1500         20    1.6589    1.7044    1.8996
    22.025     20.30    0.0750         64    1.4486    1.4684    1.4684
    22.025     20.30    0.1500         24    1.6589    1.6815    1.8488
    22.025     20.50    0.0750         21    1.4486    1.5293    1.5713
    22.025     20.70    0.0750         32    1.5087    1.5293    1.5293
    22.025     20.70    0.1500         29    1.4486    1.4684    1.4884
    22.025     20.70    0.6000         20    1.6589    1.7044    2.0054
    22.025     20.90    0.0750         36    1.4884    1.5087    1.5293
    22.025     20.90    0.1500         48    1.4684    1.5087    1.5293
    22.025     20.90    0.6000         28    1.6589    1.6815    1.7513
    22.025     21.10    0.0750         48    1.4291    1.4884    1.4884
    22.025     21.10    0.1500         32    1.4486    1.4684    1.4884
    22.025     21.30    0.0750         32    1.4291    1.4291    1.4486
    22.075     18.70    0.0100         20    1.4884    1.4884    1.4884
    22.075     18.70    0.0350         56    1.5087    1.5087    1.5087
    22.075     18.70    0.0750         28    1.6365    1.6589    1.7751
    22.075     18.90    0.0100        341    1.4684    1.4884    1.5087
    22.075     18.90    0.0350        108    1.4684    1.4884    1.5087
    22.075     18.90    0.0750         44    1.5713    1.6145    1.8488
    22.075     19.10    0.0100        448    1.4684    1.4884    1.5087
    22.075     19.10    0.0350         36    1.4486    1.5293    1.5713
    22.075     19.10    0.0750         92    1.4884    1.5087    1.7277
    22.075     19.10    0.1500         28    1.6365    1.6815    1.7044
    22.075     19.30    0.0100        184    1.4486    1.4884    1.5087
    22.075     19.30    0.0350        104    1.4684    1.4684    1.4884
    22.075     19.30    0.0750         52    1.4684    1.6145    1.6145
    22.075     19.30    0.1500         24    1.5928    1.5928    1.8239
    22.075     19.50    0.0100         24    1.4884    1.4884    1.4884
    22.075     19.50    0.0350         20    1.4486    1.4684    1.6365
    22.075     19.50    0.0750         44    1.5928    1.6365    1.6365
    22.075     19.70    0.0350         20    1.6365    1.6365    1.6365
    22.075     19.70    0.0750         46    1.5502    1.5928    1.6365
    22.075     19.70    0.6000         20    1.7513    1.8239    2.0605
    22.075     19.90    0.0350         36    1.6145    1.6145    1.6145
    22.075     19.90    0.0750         96    1.5293    1.5502    1.6145
    22.075     20.10    0.0750         60    1.5087    1.5713    1.6145
    22.075     20.30    0.6000         22    1.6815    1.7513    1.8488
    22.075     20.50    0.0750         28    1.5502    1.5713    1.5713
    22.075     20.50    0.1500         29    1.5502    1.5713    1.5713
    22.075     20.50    0.6000         25    1.6815    1.8239    2.0054
    22.075     20.70    0.1500         49    1.4684    1.5087    1.5713
    22.075     20.70    0.6000         25    1.7513    1.7751    1.9518
    22.075     20.90    0.1500         24    1.4486    1.4884    1.5087
    22.125     18.30    0.0750         20    1.5713    1.5928    1.6145
    22.125     18.50    0.0350        109    1.5087    1.5293    1.5293
    22.125     18.50    0.0750         57    1.5928    1.5928    1.5928
    22.125     18.70    0.0100         53    1.4884    1.5087    1.5293
    22.125     18.70    0.0350        136    1.5087    1.5502    1.5713
    22.125     18.70    0.0750        100    1.5713    1.5928    1.6145
    22.125     18.70    0.1500         28    1.7277    1.8239    1.8996
    22.125     18.90    0.0100        120    1.5293    1.5293    1.5293
    22.125     18.90    0.0350         44    1.5087    1.6145    1.6145
    22.125     18.90    0.0750        105    1.5293    1.5502    1.6145
    22.125     18.90    0.1500         29    1.7044    1.9784    2.0886
    22.125     19.10    0.0350         32    1.6145    1.6145    1.6145
    22.125     19.10    0.0750         48    1.5928    1.6145    1.6365
    22.125     19.30    0.0350         24    1.6145    1.6365    1.6365
    22.125     19.50    0.0350         20    1.6365    1.6365    1.6365
    22.125     20.10    0.1500         20    1.5713    1.6145    1.6815
    22.175     17.70   -0.0100       2950    1.4884    1.4884    1.4884
    22.175     17.70    0.0100         84    1.4884    1.5087    1.5087
    22.175     17.90   -0.0100       6544    1.5293    1.5293    1.5293
    22.175     17.90    0.0100       3029    1.5293    1.5293    1.5293
    22.175     17.90    0.0750         21    1.5502    1.5502    1.5502
    22.175     18.10   -0.0100       7176    1.5502    1.5502    1.5502
    22.175     18.10    0.0100       2996    1.5502    1.5502    1.5502
    22.175     18.10    0.0350         29    1.5713    1.5713    1.6365
    22.175     18.10    0.0750         85    1.5502    1.5928    1.6589
    22.175     18.30   -0.0100       6452    1.5713    1.5713    1.5928
    22.175     18.30    0.0100       1876    1.5928    1.5928    1.5928
    22.175     18.30    0.0350        100    1.5502    1.5928    1.6145
    22.175     18.30    0.0750        104    1.5928    1.6145    1.6589
    22.175     18.50   -0.0100      24376    1.5928    1.5928    1.5928
    22.175     18.50    0.0100       5228    1.5928    1.5928    1.5928
    22.175     18.50    0.0350         96    1.5713    1.5928    1.6145
    22.175     18.50    0.1500         37    1.6589    1.7513    1.8996
    22.175     18.70   -0.0100      32228    1.6145    1.6145    1.6145
    22.175     18.70    0.0100       6216    1.6145    1.6145    1.6145
    22.175     18.70    0.0350         28    1.5713    1.5928    1.5928
    22.175     18.90   -0.0100       6628    1.6145    1.6145    1.6365
    22.175     18.90    0.0100       1728    1.6145    1.6145    1.6145
    22.175     19.10   -0.0100      45108    1.6145    1.6145    1.6145
    22.175     19.10    0.0100       9344    1.6145    1.6365    1.6365
    22.225     17.50    0.0100        874    1.4884    1.4884    1.4884
    22.225     17.70   -0.0100       3312    1.4884    1.4884    1.5087
    22.225     17.70    0.0100       5638    1.4884    1.4884    1.5087
    22.225     17.70    0.0350         33    1.5713    1.6145    1.6589
    22.225     17.90   -0.0100        340    1.5087    1.5087    1.5502
    22.225     17.90    0.0100       2802    1.5502    1.5502    1.5713
    22.225     17.90    0.0350         33    1.5713    1.6589    1.7277
    22.225     17.90    0.1500         32    1.7044    1.7513    1.8740
    22.225     18.10   -0.0100        668    1.5502    1.5713    1.5713
    22.225     18.10    0.0100       1821    1.5713    1.5928    1.5928
    22.225     18.10    0.0350         21    1.5928    1.6365    1.8239
    22.225     18.10    0.0750         22    1.6589    1.6589    1.6815
    22.225     18.30   -0.0100        548    1.5928    1.5928    1.5928
    22.225     18.30    0.0100       1916    1.5928    1.5928    1.6145
    22.225     18.30    0.0350         36    1.6815    1.7044    1.7277
    22.225     18.50   -0.0100        992    1.6145    1.6145    1.6145
    22.225     18.50    0.0100        268    1.5713    1.6145    1.6145
    22.225     18.70   -0.0100        492    1.6145    1.6145    1.6145
    22.225     18.70    0.0100         28    1.5713    1.5928    1.5928
    22.275     17.50    0.0100         28    1.5713    1.5928    1.5928
    22.275     17.50    0.0350        109    1.5928    1.5928    1.6365
    22.275     17.70    0.0100        289    1.5713    1.5713    1.6145
    22.275     17.70    0.0350         56    1.5928    1.6145    1.6589
    22.275     17.90    0.0100        197    1.5928    1.5928    1.6365
    22.275     17.90    0.0350         56    1.6145    1.6145    1.7044
    22.275     18.10    0.0100        380    1.5928    1.6145    1.6365
    22.275     18.10    0.0350         24    1.6589    1.6589    1.7044
    22.275     18.10    0.0750         20    1.8488    1.8996    2.0054
    22.275     18.30    0.0100        148    1.5928    1.6365    1.6365
    22.325     17.30    0.0750         21    1.6815    1.7044    1.8740
    22.325     17.50    0.0350        100    1.6365    1.6589    1.6589
    22.325     17.50    0.0750         21    1.7513    1.7751    1.8488
    22.325     17.70    0.0350        105    1.6365    1.6815    1.7044
    22.325     17.90    0.0350         92    1.6589    1.6815    1.7044
    22.325     17.90    0.0750         40    1.7277    1.7751    1.8740
    22.325     18.10    0.0750         56    1.7277    1.7277    1.7751
    22.325     18.30    0.0350         32    1.7751    1.7751    1.7751
    22.325     18.30    0.0750         32    1.7044    1.7044    1.7751
    22.325     18.70    0.0750         20    1.7513    1.7513    1.7513
    22.375     17.10    0.0750         33    1.6815    1.6815    1.7513
    22.375     17.30    0.0750         81    1.7044    1.7277    1.8488
    22.375     17.50    0.0350         32    1.7277    1.7277    1.7277
    22.375     17.50    0.0750         72    1.7277    1.7277    1.7751
    22.375     17.70    0.0750         49    1.7277    1.7513    1.7513
    22.375     17.90    0.0350         32    1.7513    1.7513    1.7513
    22.375     18.10    0.0350         24    1.7513    1.7513    1.7751
    22.425     16.70    0.0750         32    1.6365    1.6365    1.6365
    22.425     16.90    0.0350         24    1.6589    1.6589    1.6589
    22.425     16.90    0.0750         48    1.6589    1.6589    1.6589
    22.425     17.10    0.0100         20    1.6365    1.6365    1.6365
    22.425     17.10    0.0350         32    1.6815    1.6815    1.6815
    22.425     17.10    0.0750         32    1.6815    1.6815    1.7044
    22.425     17.30    0.0100         72    1.6365    1.6365    1.6365
    22.425     17.30    0.0350         36    1.6815    1.7044    1.7044
    22.475     15.90   -0.0100        333    1.4884    1.4884    1.4884
    22.475     16.10   -0.0100       4214    1.5087    1.5087    1.5087
    22.475     16.10    0.0100       1600    1.5087    1.5293    1.5293
    22.475     16.30   -0.0100       6334    1.5502    1.5502    1.5502
    22.475     16.30    0.0100       3822    1.5293    1.5502    1.5502
    22.475     16.30    0.0750         24    1.5502    1.5713    1.5928
    22.475     16.50   -0.0100       2260    1.5928    1.5928    1.5928
    22.475     16.50    0.0100       1517    1.5713    1.5928    1.5928
    22.475     16.50    0.0750         37    1.5928    1.6145    1.6145
    22.475     16.70   -0.0100       6948    1.6145    1.6145    1.6145
    22.475     16.70    0.0100       6149    1.6145    1.6145    1.6145
    22.475     16.70    0.0350         30    1.6365    1.6365    1.6589
    22.475     16.90   -0.0100       9992    1.6365    1.6365    1.6365
    22.475     16.90    0.0100      11569    1.6365    1.6365    1.6365
    22.475     16.90    0.0350         24    1.6365    1.6589    1.7513
    22.475     17.10   -0.0100      28424    1.6365    1.6365    1.6365
    22.475     17.10    0.0100       2932    1.6589    1.6589    1.6589
    22.475     17.30   -0.0100      48408    1.6589    1.6589    1.6589
    22.475     17.30    0.0100       9732    1.6589    1.6589    1.6589
    22.475     17.50   -0.0100      58416    1.6589    1.6589    1.6589
    22.475     17.50    0.0100       7788    1.6589    1.6589    1.6589
    22.525     15.90   -0.0100        552    1.4884    1.4884    1.4884
    22.525     15.90    0.0100       1646    1.4684    1.4884    1.4884
    22.525     16.10   -0.0100         48    1.5087    1.5087    1.5087
    22.525     16.10    0.0100       2395    1.5087    1.5087    1.5087
    22.525     16.30    0.0100         82    1.5713    1.6145    1.6365
    22.525     16.30    0.0350         30    1.6365    1.6589    1.7751
    22.525     16.50    0.0100        253    1.6145    1.6145    1.6365
    22.525     16.50    0.0350         73    1.6589    1.6815    1.7277
    22.525     16.70    0.0100        277    1.6365    1.6365    1.6589
    22.525     16.70    0.0350         92    1.6815    1.7044    1.7513
    22.525     16.90    0.0100        361    1.6365    1.6589    1.6815
    22.525     16.90    0.0350         58    1.7277    1.7751    1.8239
    22.525     17.10    0.0100        232    1.6365    1.6589    1.6589
    22.575     16.30    0.0350         21    1.7044    1.7044    1.7277
    22.575     16.70    0.0350         36    1.7277    1.7513    1.7751
    22.575     17.10    0.0750         20    1.7994    1.7994    1.7994
    22.625     16.30    0.0750         24    1.7751    1.7751    1.7994
    22.625     16.50    0.0750         44    1.7751    1.7751    1.7994
    22.625     16.70    0.0350         40    1.7751    1.7751    1.7994
    22.625     16.70    0.0750         40    1.7751    1.8239    1.8239
    22.625     16.90    0.0750         28    1.7751    1.8239    1.8239
    22.675     15.70    0.0750         24    1.7044    1.7044    1.7044
    22.675     15.90    0.0750         48    1.7277    1.7277    1.7513
    22.675     16.10    0.0350         40    1.7277    1.7277    1.7277
    22.675     16.10    0.0750         40    1.7513    1.7513    1.7751
    22.675     16.30    0.0350         36    1.7513    1.7513    1.7513
    22.675     16.30    0.0750         24    1.7751    1.7751    1.7994
    22.675     16.50    0.0350         32    1.7751    1.7751    1.7751
    22.725     15.30    0.0750         40    1.6145    1.6365    1.6365
    22.725     15.50    0.0350         24    1.6365    1.6365    1.6589
    22.725     15.50    0.0750         52    1.6589    1.6589    1.6815
    22.725     15.70    0.0350         40    1.6589    1.6589    1.6815
    22.725     15.70    0.0750         28    1.7044    1.7044    1.7044
    22.725     15.90    0.0350         36    1.6815    1.6815    1.7044
    22.775     14.70   -0.0100        853    1.4884    1.5087    1.5087
    22.775     14.90   -0.0100       4139    1.5087    1.5087    1.5293
    22.775     14.90    0.0100       2182    1.5293    1.5293    1.5502
    22.775     14.90    0.0750         21    1.5502    1.5713    1.5713
    22.775     15.10   -0.0100       5977    1.5502    1.5502    1.5713
    22.775     15.10    0.0100       5504    1.5502    1.5713    1.5713
    22.775     15.10    0.0750         33    1.5928    1.5928    1.6145
    22.775     15.30   -0.0100       8464    1.5928    1.5928    1.5928
    22.775     15.30    0.0100       5268    1.5928    1.5928    1.5928
    22.775     15.30    0.0350         29    1.6145    1.6145    1.6145
    22.775     15.30    0.0750         20    1.6145    1.6145    1.6365
    22.775     15.50   -0.0100      42452    1.6145    1.6145    1.6145
    22.775     15.50    0.0100      15363    1.6145    1.6145    1.6145
    22.775     15.70   -0.0100      62460    1.6145    1.6145    1.6145
    22.775     15.70    0.0100      13100    1.6145    1.6145    1.6145
    22.825     14.70   -0.0100       1161    1.4684    1.4884    1.5087
    22.825     14.70    0.0100       3918    1.4684    1.5087    1.5087
    22.825     14.90    0.0100        576    1.5087    1.5087    1.5087
    22.825     15.30    0.0100         93    1.6145    1.6365    1.6589
    22.825     15.30    0.0350         31    1.6815    1.7044    1.7044
    22.825     15.50    0.0100        140    1.6365    1.6365    1.6589
    22.925     15.10    0.0750         56    1.7751    1.7751    1.7751
    22.925     15.30    0.0750         56    1.7751    1.7751    1.7751
    22.925     15.50    0.0750         20    1.7751    1.7751    1.7751
    22.975     14.50    0.0750         48    1.7044    1.7044    1.7277
    22.975     14.70    0.0350         28    1.6815    1.7044    1.7044
    22.975     14.70    0.0750         52    1.7277    1.7513    1.7513
    22.975     14.90    0.0350         36    1.7044    1.7044    1.7277
    22.975     14.90    0.0750         36    1.7513    1.7513    1.7513
    22.975     15.10    0.0350         44    1.7277    1.7277    1.7277
    23.025     14.10    0.0750         56    1.6145    1.6365    1.6365
    23.025     14.30    0.0350         40    1.6145    1.6145    1.6365
    23.025     14.30    0.0750         48    1.6589    1.6589    1.6815
    23.025     14.50    0.0350         56    1.6365    1.6589    1.6589
    23.075     13.70   -0.0100       6067    1.4884    1.5087    1.5293
    23.075     13.70    0.0100        760    1.5087    1.5087    1.5293
    23.075     13.70    0.0750         21    1.5293    1.5502    1.5502
    23.075     13.90   -0.0100      10236    1.5293    1.5502    1.5502
    23.075     13.90    0.0100       9291    1.5293    1.5502    1.5502
    23.075     13.90    0.0350         21    1.5502    1.5502    1.5502
    23.075     13.90    0.0750         57    1.5713    1.5713    1.5928
    23.075     14.10   -0.0100      77552    1.5502    1.5502    1.5502
    23.075     14.10    0.0100      28432    1.5502    1.5502    1.5502
    23.075     14.10    0.0350         48    1.5713    1.5928    1.5928
    23.075     14.30   -0.0100      41788    1.5502    1.5502    1.5502
    23.075     14.30    0.0100       1152    1.5293    1.5293    1.5502
    23.125     13.50   -0.0100       2146    1.4684    1.4684    1.4684
    23.125     13.50    0.0100       3926    1.4486    1.4684    1.4684
    23.125     13.70   -0.0100       2277    1.4884    1.4884    1.4884
    23.125     13.70    0.0100       5267    1.4884    1.5087    1.5087
    23.125     13.90    0.0100        168    1.5293    1.5502    1.5713
    23.125     14.10    0.0100        268    1.5502    1.5502    1.5713
